[
	{
		"date": 1,
		"totalTime": {
			"usage": 264,
			"details": [
				{"appName": "Chrome", "usage": 69},
				{"appName": "카카오톡", "usage": 58},
				{"appName": "YouTube", "usage": 40},
				{"appName": "Samsung Experience 홈", "usage": 29},
				{"appName": "카톡 프리뷰", "usage": 11},
				{"appName": "Polar Beat", "usage": 9},
				{"appName": "전화", "usage": 7},
				{"appName": "메시지", "usage": 6},
				{"appName": "Gmail", "usage": 3},
				{"appName": "직방", "usage": 2},
				{"appName": "시계", "usage": 2},
				{"appName": "Paco", "usage": 2},
				{"appName": "Dropsync", "usage": 2},
				{"appName": "Logger", "usage": 2},
				{"appName": "원터치개인", "usage": 1},
				{"appName": "SNOW", "usage": 1},
				{"appName": "다방", "usage": 1},
				{"appName": "카메라", "usage": 1},
				{"appName": "설정", "usage": 1},
				{"appName": "Samsung Music", "usage": 0},
				{"appName": "디바이스 케어", "usage": 0},
				{"appName": "접근성", "usage": 0},
				{"appName": "한컴오피스 viewer", "usage": 0},
				{"appName": "연락처", "usage": 0},
				{"appName": "음성 녹음", "usage": 0},
				{"appName": "캘린더", "usage": 0},
				{"appName": "Google Play 서비스", "usage": 0},
				{"appName": "에브리타임", "usage": 0},
				{"appName": "패키지 설치 프로그램", "usage": 0},
				{"appName": "Messenger", "usage": 0},
				{"appName": "빅스비 보이스", "usage": 0}
			]
		},
		"pickups": {"usage": 175},
		"downTime": {
			"usages": [
				{"hour": 0, "usage": 22},
				{"hour": 1, "usage": 9},
				{"hour": 2, "usage": 30},
				{"hour": 3, "usage": 31},
				{"hour": 4, "usage": 0},
				{"hour": 5, "usage": 3},
				{"hour": 6, "usage": 8},
				{"hour": 7, "usage": 11},
				{"hour": 8, "usage": 1},
				{"hour": 9, "usage": 9},
				{"hour": 10, "usage": 30},
				{"hour": 11, "usage": 37},
				{"hour": 12, "usage": 9},
				{"hour": 13, "usage": 7},
				{"hour": 14, "usage": 7},
				{"hour": 15, "usage": 1},
				{"hour": 16, "usage": 30},
				{"hour": 17, "usage": 10},
				{"hour": 19, "usage": 0},
				{"hour": 23, "usage": 1}
			],
			"details": [
				{"appName": "카톡 프리뷰", "usage": [0, 1, 2, 3, 4, 5, 6, 7, 8, 9, 10, 11, 12, 13, 14, 15, 16, 17, 19]},
				{"appName": "Samsung Experience 홈", "usage": [0, 1, 2, 3, 4, 5, 6, 7, 9, 10, 11, 12, 13, 14, 15, 16, 17, 19, 23]},
				{"appName": "카카오톡", "usage": [0, 1, 2, 3, 5, 6, 7, 8, 9, 10, 11, 12, 13, 14, 15, 16]},
				{"appName": "Chrome", "usage": [0, 1, 2, 3, 5, 6, 7, 9, 10, 11, 14, 15, 17]},
				{"appName": "Paco", "usage": [1, 2, 3, 6, 8, 9, 10, 11, 12]},
				{"appName": "Samsung Music", "usage": [1, 2, 9, 12, 14, 15, 16]},
				{"appName": "Polar Beat", "usage": [1, 2, 3, 6, 10, 11, 13]},
				{"appName": "직방", "usage": [1, 3, 7, 10, 12, 17]},
				{"appName": "접근성", "usage": [1, 2, 4, 10, 13]},
				{"appName": "설정", "usage": [1, 4, 10, 11, 13]},
				{"appName": "다방", "usage": [1, 3, 10, 12, 17]},
				{"appName": "Logger", "usage": [1, 2, 4, 10, 13]},
				{"appName": "원터치개인", "usage": [2, 3, 9, 14]},
				{"appName": "시계", "usage": [0, 13, 16, 23]},
				{"appName": "메시지", "usage": [7, 11, 19, 23]},
				{"appName": "Gmail", "usage": [0, 2, 3, 6]},
				{"appName": "패키지 설치 프로그램", "usage": [1, 2, 10]},
				{"appName": "카메라", "usage": [0, 3, 14]},
				{"appName": "음성 녹음", "usage": [2, 5, 6]},
				{"appName": "YouTube", "usage": [11, 16, 17]},
				{"appName": "한컴오피스 viewer", "usage": [2, 10]},
				{"appName": "전화", "usage": [11, 12]},
				{"appName": "SNOW", "usage": [3, 5]},
				{"appName": "캘린더", "usage": [9]},
				{"appName": "연락처", "usage": [11]},
				{"appName": "에브리타임", "usage": [3]},
				{"appName": "빅스비 보이스", "usage": [2]},
				{"appName": "디바이스 케어", "usage": [10]},
				{"appName": "Messenger", "usage": [3]},
				{"appName": "Google Play 서비스", "usage": [9]},
				{"appName": "Dropsync", "usage": [13]}
			]
		},
		"maxTime": {
			"usage": 38,
			"details": [
				{"appName": "YouTube", "usage": 14},
				{"appName": "Chrome", "usage": 10},
				{"appName": "카카오톡", "usage": 7},
				{"appName": "Samsung Experience 홈", "usage": 6},
				{"appName": "메시지", "usage": 4},
				{"appName": "전화", "usage": 4},
				{"appName": "Gmail", "usage": 2},
				{"appName": "Polar Beat", "usage": 2},
				{"appName": "Dropsync", "usage": 1},
				{"appName": "Logger", "usage": 0},
				{"appName": "카톡 프리뷰", "usage": 0},
				{"appName": "직방", "usage": 0},
				{"appName": "Paco", "usage": 0},
				{"appName": "카메라", "usage": 0},
				{"appName": "설정", "usage": 0},
				{"appName": "SNOW", "usage": 0},
				{"appName": "원터치개인", "usage": 0},
				{"appName": "다방", "usage": 0},
				{"appName": "시계", "usage": 0},
				{"appName": "디바이스 케어", "usage": 0},
				{"appName": "Samsung Music", "usage": 0},
				{"appName": "연락처", "usage": 0},
				{"appName": "한컴오피스 viewer", "usage": 0},
				{"appName": "음성 녹음", "usage": 0},
				{"appName": "캘린더", "usage": 0},
				{"appName": "접근성", "usage": 0},
				{"appName": "Google Play 서비스", "usage": 0},
				{"appName": "Messenger", "usage": 0},
				{"appName": "에브리타임", "usage": 0},
				{"appName": "패키지 설치 프로그램", "usage": 0},
				{"appName": "빅스비 보이스", "usage": 0}
			]
		},
		"avgTime": {
			"usage": 1,
			"details": [
				{"appName": "YouTube", "usage": 5},
				{"appName": "전화", "usage": 1},
				{"appName": "Chrome", "usage": 1},
				{"appName": "Dropsync", "usage": 0},
				{"appName": "Gmail", "usage": 0},
				{"appName": "직방", "usage": 0},
				{"appName": "메시지", "usage": 0},
				{"appName": "SNOW", "usage": 0},
				{"appName": "Polar Beat", "usage": 0},
				{"appName": "카메라", "usage": 0},
				{"appName": "Samsung Experience 홈", "usage": 0},
				{"appName": "Paco", "usage": 0},
				{"appName": "카카오톡", "usage": 0},
				{"appName": "Logger", "usage": 0},
				{"appName": "Samsung Music", "usage": 0},
				{"appName": "연락처", "usage": 0},
				{"appName": "디바이스 케어", "usage": 0},
				{"appName": "다방", "usage": 0},
				{"appName": "설정", "usage": 0},
				{"appName": "원터치개인", "usage": 0},
				{"appName": "시계", "usage": 0},
				{"appName": "한컴오피스 viewer", "usage": 0},
				{"appName": "캘린더", "usage": 0},
				{"appName": "카톡 프리뷰", "usage": 0},
				{"appName": "음성 녹음", "usage": 0},
				{"appName": "Google Play 서비스", "usage": 0},
				{"appName": "Messenger", "usage": 0},
				{"appName": "접근성", "usage": 0},
				{"appName": "에브리타임", "usage": 0},
				{"appName": "패키지 설치 프로그램", "usage": 0},
				{"appName": "빅스비 보이스", "usage": 0}
			]
		},
		"lastPickup": {"time": 0}
	},
	{
		"date": 2,
		"totalTime": {
			"usage": 223,
			"details": [
				{"appName": "YouTube", "usage": 72},
				{"appName": "Chrome", "usage": 71},
				{"appName": "카카오톡", "usage": 29},
				{"appName": "메시지", "usage": 8},
				{"appName": "시계", "usage": 7},
				{"appName": "Samsung Experience 홈", "usage": 6},
				{"appName": "카톡 프리뷰", "usage": 6},
				{"appName": "직방", "usage": 3},
				{"appName": "다방", "usage": 3},
				{"appName": "Paco", "usage": 2},
				{"appName": "설정", "usage": 1},
				{"appName": "원터치개인", "usage": 1},
				{"appName": "Samsung Music", "usage": 1},
				{"appName": "Polar Beat", "usage": 0},
				{"appName": "Gmail", "usage": 0},
				{"appName": "카메라", "usage": 0},
				{"appName": "갤러리", "usage": 0},
				{"appName": "Adobe Acrobat", "usage": 0},
				{"appName": "Logger", "usage": 0},
				{"appName": "안드로이드 시스템", "usage": 0},
				{"appName": "Google", "usage": 0},
				{"appName": "SNOW", "usage": 0},
				{"appName": "접근성", "usage": 0},
				{"appName": "전화", "usage": 0},
				{"appName": "Puffin", "usage": 0},
				{"appName": "시스템 UI", "usage": 0},
				{"appName": "Google Play 서비스", "usage": 0},
				{"appName": "패키지 설치 프로그램", "usage": 0},
				{"appName": "빅스비 보이스", "usage": 0}
			]
		},
		"pickups": {"usage": 120},
		"downTime": {
			"usages": [
				{"hour": 0, "usage": 17},
				{"hour": 1, "usage": 4},
				{"hour": 2, "usage": 12},
				{"hour": 3, "usage": 0},
				{"hour": 4, "usage": 15},
				{"hour": 5, "usage": 0},
				{"hour": 6, "usage": 4},
				{"hour": 7, "usage": 4},
				{"hour": 8, "usage": 16},
				{"hour": 9, "usage": 45},
				{"hour": 10, "usage": 32},
				{"hour": 11, "usage": 2},
				{"hour": 12, "usage": 0},
				{"hour": 13, "usage": 0},
				{"hour": 14, "usage": 1},
				{"hour": 15, "usage": 31},
				{"hour": 16, "usage": 30},
				{"hour": 22, "usage": 0},
				{"hour": 23, "usage": 1}
			],
			"details": [
				{"appName": "카톡 프리뷰", "usage": [1, 2, 3, 4, 5, 6, 7, 8, 9, 10, 11, 12, 13, 14, 15, 16, 22, 23]},
				{"appName": "카카오톡", "usage": [0, 1, 2, 3, 4, 6, 7, 8, 9, 10, 11, 12, 14, 15, 16]},
				{"appName": "Samsung Experience 홈", "usage": [0, 1, 2, 3, 4, 5, 6, 7, 8, 9, 10, 11, 15, 16, 23]},
				{"appName": "Chrome", "usage": [0, 1, 2, 4, 6, 8, 9, 10, 11, 16]},
				{"appName": "Paco", "usage": [4, 5, 6, 7, 8, 9, 10, 11]},
				{"appName": "Samsung Music", "usage": [1, 6, 9, 10, 11, 15, 16]},
				{"appName": "시계", "usage": [0, 1, 4, 16, 22, 23]},
				{"appName": "패키지 설치 프로그램", "usage": [1, 4, 7, 9, 15]},
				{"appName": "직방", "usage": [2, 6, 7, 8, 16]},
				{"appName": "원터치개인", "usage": [3, 4, 8, 11, 16]},
				{"appName": "설정", "usage": [1, 8, 15, 16]},
				{"appName": "YouTube", "usage": [8, 9, 10, 15]},
				{"appName": "Gmail", "usage": [0, 2, 8, 10]},
				{"appName": "안드로이드 시스템", "usage": [10, 14, 16]},
				{"appName": "메시지", "usage": [2, 4, 16]},
				{"appName": "Polar Beat", "usage": [4, 9, 15]},
				{"appName": "Logger", "usage": [1, 9, 15]},
				{"appName": "카메라", "usage": [0, 14]},
				{"appName": "접근성", "usage": [1, 15]},
				{"appName": "빅스비 보이스", "usage": [0, 9]},
				{"appName": "다방", "usage": [7, 16]},
				{"appName": "전화", "usage": [16]},
				{"appName": "시스템 UI", "usage": [9]},
				{"appName": "갤러리", "usage": [5]},
				{"appName": "SNOW", "usage": [14]},
				{"appName": "Puffin", "usage": [10]},
				{"appName": "Google Play 서비스", "usage": [4]},
				{"appName": "Google", "usage": [0]},
				{"appName": "Adobe Acrobat", "usage": [10]}
			]
		},
		"maxTime": {
			"usage": 44,
			"details": [
				{"appName": "YouTube", "usage": 27},
				{"appName": "Chrome", "usage": 19},
				{"appName": "메시지", "usage": 5},
				{"appName": "시계", "usage": 4},
				{"appName": "카카오톡", "usage": 3},
				{"appName": "직방", "usage": 2},
				{"appName": "다방", "usage": 1},
				{"appName": "설정", "usage": 0},
				{"appName": "Samsung Experience 홈", "usage": 0},
				{"appName": "Paco", "usage": 0},
				{"appName": "카톡 프리뷰", "usage": 0},
				{"appName": "Polar Beat", "usage": 0},
				{"appName": "Gmail", "usage": 0},
				{"appName": "갤러리", "usage": 0},
				{"appName": "원터치개인", "usage": 0},
				{"appName": "Adobe Acrobat", "usage": 0},
				{"appName": "Samsung Music", "usage": 0},
				{"appName": "Google", "usage": 0},
				{"appName": "카메라", "usage": 0},
				{"appName": "SNOW", "usage": 0},
				{"appName": "전화", "usage": 0},
				{"appName": "Puffin", "usage": 0},
				{"appName": "안드로이드 시스템", "usage": 0},
				{"appName": "시스템 UI", "usage": 0},
				{"appName": "Logger", "usage": 0},
				{"appName": "접근성", "usage": 0},
				{"appName": "Google Play 서비스", "usage": 0},
				{"appName": "빅스비 보이스", "usage": 0},
				{"appName": "패키지 설치 프로그램", "usage": 0}
			]
		},
		"avgTime": {
			"usage": 1,
			"details": [
				{"appName": "YouTube", "usage": 4},
				{"appName": "Chrome", "usage": 1},
				{"appName": "직방", "usage": 0},
				{"appName": "메시지", "usage": 0},
				{"appName": "갤러리", "usage": 0},
				{"appName": "시계", "usage": 0},
				{"appName": "다방", "usage": 0},
				{"appName": "Gmail", "usage": 0},
				{"appName": "Paco", "usage": 0},
				{"appName": "설정", "usage": 0},
				{"appName": "Adobe Acrobat", "usage": 0},
				{"appName": "Samsung Music", "usage": 0},
				{"appName": "Polar Beat", "usage": 0},
				{"appName": "SNOW", "usage": 0},
				{"appName": "카카오톡", "usage": 0},
				{"appName": "Google", "usage": 0},
				{"appName": "Samsung Experience 홈", "usage": 0},
				{"appName": "Puffin", "usage": 0},
				{"appName": "시스템 UI", "usage": 0},
				{"appName": "안드로이드 시스템", "usage": 0},
				{"appName": "원터치개인", "usage": 0},
				{"appName": "카메라", "usage": 0},
				{"appName": "카톡 프리뷰", "usage": 0},
				{"appName": "전화", "usage": 0},
				{"appName": "Google Play 서비스", "usage": 0},
				{"appName": "Logger", "usage": 0},
				{"appName": "접근성", "usage": 0},
				{"appName": "패키지 설치 프로그램", "usage": 0},
				{"appName": "빅스비 보이스", "usage": 0}
			]
		},
		"lastPickup": {"time": 0}
	},
	{
		"date": 3,
		"totalTime": {
			"usage": 344,
			"details": [
				{"appName": "YouTube", "usage": 128},
				{"appName": "Chrome", "usage": 72},
				{"appName": "전화", "usage": 48},
				{"appName": "카카오톡", "usage": 38},
				{"appName": "카톡 프리뷰", "usage": 12},
				{"appName": "Samsung Experience 홈", "usage": 8},
				{"appName": "직방", "usage": 7},
				{"appName": "원터치개인", "usage": 5},
				{"appName": "메시지", "usage": 3},
				{"appName": "시계", "usage": 2},
				{"appName": "Polar Beat", "usage": 2},
				{"appName": "다방", "usage": 2},
				{"appName": "Paco", "usage": 1},
				{"appName": "카메라", "usage": 1},
				{"appName": "설정", "usage": 0},
				{"appName": "Samsung Music", "usage": 0},
				{"appName": "Logger", "usage": 0},
				{"appName": "컬러노트", "usage": 0},
				{"appName": "Gmail", "usage": 0},
				{"appName": "갤러리", "usage": 0},
				{"appName": "음성 녹음", "usage": 0},
				{"appName": "SNOW", "usage": 0},
				{"appName": "접근성", "usage": 0},
				{"appName": "패키지 설치 프로그램", "usage": 0},
				{"appName": "Puffin", "usage": 0},
				{"appName": "원스토어", "usage": 0},
				{"appName": "원스토어 서비스", "usage": 0},
				{"appName": "빅스비 보이스", "usage": 0}
			]
		},
		"pickups": {"usage": 166},
		"downTime": {
			"usages": [
				{"hour": 0, "usage": 1},
				{"hour": 1, "usage": 6},
				{"hour": 2, "usage": 15},
				{"hour": 3, "usage": 32},
				{"hour": 4, "usage": 0},
				{"hour": 5, "usage": 30},
				{"hour": 6, "usage": 12},
				{"hour": 7, "usage": 8},
				{"hour": 8, "usage": 10},
				{"hour": 9, "usage": 4},
				{"hour": 10, "usage": 19},
				{"hour": 11, "usage": 2},
				{"hour": 12, "usage": 31},
				{"hour": 13, "usage": 55},
				{"hour": 14, "usage": 25},
				{"hour": 15, "usage": 27},
				{"hour": 16, "usage": 41},
				{"hour": 17, "usage": 19}
			],
			"details": [
				{"appName": "카톡 프리뷰", "usage": [0, 1, 2, 3, 4, 5, 6, 7, 8, 9, 10, 11, 12, 13, 14, 15, 16, 17]},
				{"appName": "카카오톡", "usage": [0, 1, 2, 3, 4, 5, 6, 7, 9, 10, 11, 12, 13, 14, 15, 16]},
				{"appName": "Samsung Experience 홈", "usage": [0, 1, 2, 3, 4, 5, 6, 7, 8, 10, 12, 13, 14, 15, 16, 17]},
				{"appName": "Chrome", "usage": [1, 2, 3, 5, 10, 12, 13, 14, 15, 16, 17]},
				{"appName": "패키지 설치 프로그램", "usage": [3, 5, 6, 7, 10, 13, 14, 15]},
				{"appName": "YouTube", "usage": [2, 3, 12, 13, 14, 15, 16, 17]},
				{"appName": "Paco", "usage": [3, 5, 6, 7, 8, 10, 11, 13]},
				{"appName": "전화", "usage": [1, 2, 5, 6, 7, 8, 9]},
				{"appName": "설정", "usage": [3, 5, 6, 7, 12, 13, 15]},
				{"appName": "Samsung Music", "usage": [2, 3, 5, 10, 12, 17]},
				{"appName": "직방", "usage": [2, 7, 13, 16, 17]},
				{"appName": "원터치개인", "usage": [1, 2, 10, 15, 16]},
				{"appName": "Polar Beat", "usage": [3, 6, 7, 12, 14]},
				{"appName": "Logger", "usage": [3, 6, 7, 10, 14]},
				{"appName": "메시지", "usage": [0, 1, 2, 7]},
				{"appName": "다방", "usage": [2, 7, 13, 17]},
				{"appName": "카메라", "usage": [2, 12, 15]},
				{"appName": "접근성", "usage": [3, 6, 7]},
				{"appName": "음성 녹음", "usage": [1, 2, 4]},
				{"appName": "시계", "usage": [0, 7]},
				{"appName": "빅스비 보이스", "usage": [12, 14]},
				{"appName": "컬러노트", "usage": [14]},
				{"appName": "원스토어 서비스", "usage": [2]},
				{"appName": "원스토어", "usage": [2]},
				{"appName": "갤러리", "usage": [12]},
				{"appName": "SNOW", "usage": [2]},
				{"appName": "Puffin", "usage": [13]},
				{"appName": "Gmail", "usage": [4]}
			]
		},
		"maxTime": {
			"usage": 44,
			"details": [
				{"appName": "YouTube", "usage": 20},
				{"appName": "전화", "usage": 17},
				{"appName": "Chrome", "usage": 11},
				{"appName": "직방", "usage": 5},
				{"appName": "원터치개인", "usage": 2},
				{"appName": "카카오톡", "usage": 2},
				{"appName": "메시지", "usage": 1},
				{"appName": "카톡 프리뷰", "usage": 1},
				{"appName": "Polar Beat", "usage": 1},
				{"appName": "시계", "usage": 0},
				{"appName": "카메라", "usage": 0},
				{"appName": "컬러노트", "usage": 0},
				{"appName": "Samsung Experience 홈", "usage": 0},
				{"appName": "설정", "usage": 0},
				{"appName": "다방", "usage": 0},
				{"appName": "Logger", "usage": 0},
				{"appName": "Gmail", "usage": 0},
				{"appName": "Paco", "usage": 0},
				{"appName": "갤러리", "usage": 0},
				{"appName": "Samsung Music", "usage": 0},
				{"appName": "SNOW", "usage": 0},
				{"appName": "음성 녹음", "usage": 0},
				{"appName": "Puffin", "usage": 0},
				{"appName": "접근성", "usage": 0},
				{"appName": "원스토어", "usage": 0},
				{"appName": "원스토어 서비스", "usage": 0},
				{"appName": "패키지 설치 프로그램", "usage": 0},
				{"appName": "빅스비 보이스", "usage": 0}
			]
		},
		"avgTime": {
			"usage": 2,
			"details": [
				{"appName": "YouTube", "usage": 4},
				{"appName": "Chrome", "usage": 1},
				{"appName": "직방", "usage": 1},
				{"appName": "전화", "usage": 1},
				{"appName": "컬러노트", "usage": 0},
				{"appName": "Gmail", "usage": 0},
				{"appName": "카메라", "usage": 0},
				{"appName": "갤러리", "usage": 0},
				{"appName": "시계", "usage": 0},
				{"appName": "Polar Beat", "usage": 0},
				{"appName": "원터치개인", "usage": 0},
				{"appName": "SNOW", "usage": 0},
				{"appName": "메시지", "usage": 0},
				{"appName": "카카오톡", "usage": 0},
				{"appName": "다방", "usage": 0},
				{"appName": "음성 녹음", "usage": 0},
				{"appName": "Samsung Music", "usage": 0},
				{"appName": "설정", "usage": 0},
				{"appName": "Paco", "usage": 0},
				{"appName": "Samsung Experience 홈", "usage": 0},
				{"appName": "Logger", "usage": 0},
				{"appName": "카톡 프리뷰", "usage": 0},
				{"appName": "Puffin", "usage": 0},
				{"appName": "접근성", "usage": 0},
				{"appName": "원스토어", "usage": 0},
				{"appName": "원스토어 서비스", "usage": 0},
				{"appName": "패키지 설치 프로그램", "usage": 0},
				{"appName": "빅스비 보이스", "usage": 0}
			]
		},
		"lastPickup": {"time": 43}
	},
	{
		"date": 4,
		"totalTime": {
			"usage": 158,
			"details": [
				{"appName": "YouTube", "usage": 43},
				{"appName": "카카오톡", "usage": 28},
				{"appName": "카톡 프리뷰", "usage": 14},
				{"appName": "Chrome", "usage": 13},
				{"appName": "컬러노트", "usage": 6},
				{"appName": "Samsung Experience 홈", "usage": 4},
				{"appName": "직방", "usage": 2},
				{"appName": "다방", "usage": 1},
				{"appName": "설정", "usage": 1},
				{"appName": "Gmail", "usage": 1},
				{"appName": "전화", "usage": 1},
				{"appName": "Paco", "usage": 1},
				{"appName": "Samsung Music", "usage": 1},
				{"appName": "원터치개인", "usage": 1},
				{"appName": "메시지", "usage": 0},
				{"appName": "갤러리", "usage": 0},
				{"appName": "Adobe Acrobat", "usage": 0},
				{"appName": "Logger", "usage": 0},
				{"appName": "시계", "usage": 0},
				{"appName": "Polar Beat", "usage": 0},
				{"appName": "ABC Logger", "usage": 0},
				{"appName": "접근성", "usage": 0},
				{"appName": "안드로이드 시스템", "usage": 0},
				{"appName": "Google Play 스토어", "usage": 0},
				{"appName": "패키지 설치 프로그램", "usage": 0},
				{"appName": "Dropsync", "usage": 0},
				{"appName": "음성 녹음", "usage": 0},
				{"appName": "빅스비 보이스", "usage": 0}
			]
		},
		"pickups": {"usage": 193},
		"downTime": {
			"usages": [
				{"hour": 3, "usage": 12},
				{"hour": 4, "usage": 14},
				{"hour": 5, "usage": 5},
				{"hour": 6, "usage": 3},
				{"hour": 7, "usage": 3},
				{"hour": 8, "usage": 19},
				{"hour": 9, "usage": 0},
				{"hour": 10, "usage": 24},
				{"hour": 11, "usage": 12},
				{"hour": 12, "usage": 0},
				{"hour": 13, "usage": 2},
				{"hour": 14, "usage": 19},
				{"hour": 15, "usage": 4},
				{"hour": 16, "usage": 2},
				{"hour": 17, "usage": 0},
				{"hour": 18, "usage": 3},
				{"hour": 19, "usage": 27}
			],
			"details": [
				{"appName": "카톡 프리뷰", "usage": [3, 4, 5, 6, 7, 8, 9, 10, 11, 12, 13, 14, 15, 16, 17, 18, 19]},
				{"appName": "카카오톡", "usage": [3, 4, 5, 6, 7, 8, 10, 11, 12, 13, 14, 15, 16, 17]},
				{"appName": "Samsung Experience 홈", "usage": [3, 4, 5, 7, 8, 10, 11, 12, 13, 14, 15, 16, 18, 19]},
				{"appName": "Chrome", "usage": [3, 8, 10, 11, 13, 14, 18, 19]},
				{"appName": "YouTube", "usage": [3, 4, 8, 10, 14, 18, 19]},
				{"appName": "원터치개인", "usage": [5, 7, 9, 10, 11, 14]},
				{"appName": "Paco", "usage": [5, 6, 8, 10, 11, 12]},
				{"appName": "패키지 설치 프로그램", "usage": [8, 11, 14, 15]},
				{"appName": "설정", "usage": [8, 11, 14, 19]},
				{"appName": "Samsung Music", "usage": [3, 14, 18, 19]},
				{"appName": "Polar Beat", "usage": [8, 11, 14, 16]},
				{"appName": "컬러노트", "usage": [14, 15, 19]},
				{"appName": "직방", "usage": [3, 8, 14]},
				{"appName": "Logger", "usage": [8, 11, 14]},
				{"appName": "접근성", "usage": [8, 11]},
				{"appName": "전화", "usage": [10, 11]},
				{"appName": "메시지", "usage": [8, 14]},
				{"appName": "다방", "usage": [3, 8]},
				{"appName": "갤러리", "usage": [14, 16]},
				{"appName": "음성 녹음", "usage": [14]},
				{"appName": "안드로이드 시스템", "usage": [8]},
				{"appName": "시계", "usage": [8]},
				{"appName": "빅스비 보이스", "usage": [11]},
				{"appName": "Google Play 스토어", "usage": [5]},
				{"appName": "Gmail", "usage": [6]},
				{"appName": "Dropsync", "usage": [11]},
				{"appName": "Adobe Acrobat", "usage": [8]},
				{"appName": "ABC Logger", "usage": [11]}
			]
		},
		"maxTime": {
			"usage": 25,
			"details": [
				{"appName": "YouTube", "usage": 16},
				{"appName": "컬러노트", "usage": 4},
				{"appName": "Chrome", "usage": 2},
				{"appName": "카톡 프리뷰", "usage": 2},
				{"appName": "카카오톡", "usage": 1},
				{"appName": "직방", "usage": 1},
				{"appName": "전화", "usage": 1},
				{"appName": "Gmail", "usage": 0},
				{"appName": "설정", "usage": 0},
				{"appName": "다방", "usage": 0},
				{"appName": "Paco", "usage": 0},
				{"appName": "갤러리", "usage": 0},
				{"appName": "Samsung Experience 홈", "usage": 0},
				{"appName": "Samsung Music", "usage": 0},
				{"appName": "Adobe Acrobat", "usage": 0},
				{"appName": "시계", "usage": 0},
				{"appName": "메시지", "usage": 0},
				{"appName": "원터치개인", "usage": 0},
				{"appName": "Logger", "usage": 0},
				{"appName": "ABC Logger", "usage": 0},
				{"appName": "Polar Beat", "usage": 0},
				{"appName": "안드로이드 시스템", "usage": 0},
				{"appName": "Google Play 스토어", "usage": 0},
				{"appName": "Dropsync", "usage": 0},
				{"appName": "접근성", "usage": 0},
				{"appName": "음성 녹음", "usage": 0},
				{"appName": "패키지 설치 프로그램", "usage": 0},
				{"appName": "빅스비 보이스", "usage": 0}
			]
		},
		"avgTime": {
			"usage": 0,
			"details": [
				{"appName": "YouTube", "usage": 1},
				{"appName": "컬러노트", "usage": 1},
				{"appName": "직방", "usage": 0},
				{"appName": "Gmail", "usage": 0},
				{"appName": "Chrome", "usage": 0},
				{"appName": "시계", "usage": 0},
				{"appName": "전화", "usage": 0},
				{"appName": "Adobe Acrobat", "usage": 0},
				{"appName": "갤러리", "usage": 0},
				{"appName": "설정", "usage": 0},
				{"appName": "다방", "usage": 0},
				{"appName": "Samsung Music", "usage": 0},
				{"appName": "Paco", "usage": 0},
				{"appName": "메시지", "usage": 0},
				{"appName": "ABC Logger", "usage": 0},
				{"appName": "카카오톡", "usage": 0},
				{"appName": "Samsung Experience 홈", "usage": 0},
				{"appName": "안드로이드 시스템", "usage": 0},
				{"appName": "카톡 프리뷰", "usage": 0},
				{"appName": "원터치개인", "usage": 0},
				{"appName": "Logger", "usage": 0},
				{"appName": "Dropsync", "usage": 0},
				{"appName": "Polar Beat", "usage": 0},
				{"appName": "Google Play 스토어", "usage": 0},
				{"appName": "음성 녹음", "usage": 0},
				{"appName": "접근성", "usage": 0},
				{"appName": "패키지 설치 프로그램", "usage": 0},
				{"appName": "빅스비 보이스", "usage": 0}
			]
		},
		"lastPickup": {"time": 25}
	},
	{
		"date": 5,
		"totalTime": {
			"usage": 444,
			"details": [
				{"appName": "YouTube", "usage": 302},
				{"appName": "Chrome", "usage": 77},
				{"appName": "Samsung Experience 홈", "usage": 12},
				{"appName": "전화", "usage": 12},
				{"appName": "카카오톡", "usage": 12},
				{"appName": "카톡 프리뷰", "usage": 8},
				{"appName": "갤러리", "usage": 3},
				{"appName": "시계", "usage": 2},
				{"appName": "원터치개인", "usage": 1},
				{"appName": "Paco", "usage": 1},
				{"appName": "컬러노트", "usage": 1},
				{"appName": "다방", "usage": 1},
				{"appName": "직방", "usage": 0},
				{"appName": "Polar Beat", "usage": 0},
				{"appName": "메시지", "usage": 0},
				{"appName": "Gmail", "usage": 0},
				{"appName": "Samsung Music", "usage": 0},
				{"appName": "날씨", "usage": 0},
				{"appName": "SNOW", "usage": 0},
				{"appName": "설정", "usage": 0},
				{"appName": "Logger", "usage": 0},
				{"appName": "접근성", "usage": 0},
				{"appName": "패키지 설치 프로그램", "usage": 0},
				{"appName": "음성 녹음", "usage": 0},
				{"appName": "Puffin", "usage": 0}
			]
		},
		"pickups": {"usage": 101},
		"downTime": {
			"usages": [
				{"hour": 3, "usage": 49},
				{"hour": 4, "usage": 29},
				{"hour": 5, "usage": 0},
				{"hour": 6, "usage": 1},
				{"hour": 7, "usage": 56},
				{"hour": 8, "usage": 50},
				{"hour": 9, "usage": 56},
				{"hour": 10, "usage": 7},
				{"hour": 11, "usage": 2},
				{"hour": 12, "usage": 12},
				{"hour": 13, "usage": 41},
				{"hour": 14, "usage": 38},
				{"hour": 15, "usage": 56},
				{"hour": 16, "usage": 27},
				{"hour": 18, "usage": 0},
				{"hour": 20, "usage": 0},
				{"hour": 22, "usage": 3},
				{"hour": 23, "usage": 9}
			],
			"details": [
				{"appName": "카톡 프리뷰", "usage": [3, 4, 5, 6, 7, 8, 9, 10, 11, 12, 13, 14, 15, 16, 18, 20, 22, 23]},
				{"appName": "Samsung Experience 홈", "usage": [3, 4, 5, 6, 7, 8, 9, 10, 11, 12, 13, 14, 15, 16, 22, 23]},
				{"appName": "카카오톡", "usage": [4, 5, 7, 8, 9, 10, 11, 12, 13, 14, 15, 16, 23]},
				{"appName": "Chrome", "usage": [3, 4, 5, 6, 7, 8, 10, 11, 12, 14, 15, 16]},
				{"appName": "YouTube", "usage": [3, 7, 8, 9, 10, 13, 14, 15, 16, 23]},
				{"appName": "Paco", "usage": [4, 5, 6, 7, 8, 9, 10, 11, 12]},
				{"appName": "원터치개인", "usage": [4, 7, 10, 13, 16]},
				{"appName": "패키지 설치 프로그램", "usage": [9, 14, 15, 22]},
				{"appName": "Polar Beat", "usage": [7, 8, 9, 14]},
				{"appName": "전화", "usage": [10, 12, 13]},
				{"appName": "Samsung Music", "usage": [8, 9, 23]},
				{"appName": "직방", "usage": [7, 16]},
				{"appName": "접근성", "usage": [9, 14]},
				{"appName": "시계", "usage": [16, 22]},
				{"appName": "설정", "usage": [9, 14]},
				{"appName": "메시지", "usage": [7, 12]},
				{"appName": "다방", "usage": [7, 16]},
				{"appName": "갤러리", "usage": [13, 15]},
				{"appName": "Logger", "usage": [9, 14]},
				{"appName": "컬러노트", "usage": [14]},
				{"appName": "음성 녹음", "usage": [7]},
				{"appName": "날씨", "usage": [8]},
				{"appName": "SNOW", "usage": [13]},
				{"appName": "Puffin", "usage": [3]},
				{"appName": "Gmail", "usage": [15]}
			]
		},
		"maxTime": {
			"usage": 79,
			"details": [
				{"appName": "YouTube", "usage": 49},
				{"appName": "Chrome", "usage": 21},
				{"appName": "전화", "usage": 9},
				{"appName": "Samsung Experience 홈", "usage": 6},
				{"appName": "카톡 프리뷰", "usage": 2},
				{"appName": "카카오톡", "usage": 1},
				{"appName": "원터치개인", "usage": 1},
				{"appName": "갤러리", "usage": 1},
				{"appName": "컬러노트", "usage": 1},
				{"appName": "다방", "usage": 0},
				{"appName": "직방", "usage": 0},
				{"appName": "Polar Beat", "usage": 0},
				{"appName": "Paco", "usage": 0},
				{"appName": "Gmail", "usage": 0},
				{"appName": "시계", "usage": 0},
				{"appName": "날씨", "usage": 0},
				{"appName": "메시지", "usage": 0},
				{"appName": "SNOW", "usage": 0},
				{"appName": "Samsung Music", "usage": 0},
				{"appName": "설정", "usage": 0},
				{"appName": "접근성", "usage": 0},
				{"appName": "Logger", "usage": 0},
				{"appName": "음성 녹음", "usage": 0},
				{"appName": "Puffin", "usage": 0},
				{"appName": "패키지 설치 프로그램", "usage": 0}
			]
		},
		"avgTime": {
			"usage": 4,
			"details": [
				{"appName": "YouTube", "usage": 9},
				{"appName": "Chrome", "usage": 3},
				{"appName": "전화", "usage": 1},
				{"appName": "갤러리", "usage": 0},
				{"appName": "컬러노트", "usage": 0},
				{"appName": "직방", "usage": 0},
				{"appName": "Gmail", "usage": 0},
				{"appName": "날씨", "usage": 0},
				{"appName": "SNOW", "usage": 0},
				{"appName": "다방", "usage": 0},
				{"appName": "원터치개인", "usage": 0},
				{"appName": "Samsung Experience 홈", "usage": 0},
				{"appName": "시계", "usage": 0},
				{"appName": "카카오톡", "usage": 0},
				{"appName": "Paco", "usage": 0},
				{"appName": "메시지", "usage": 0},
				{"appName": "Samsung Music", "usage": 0},
				{"appName": "카톡 프리뷰", "usage": 0},
				{"appName": "Polar Beat", "usage": 0},
				{"appName": "설정", "usage": 0},
				{"appName": "음성 녹음", "usage": 0},
				{"appName": "Puffin", "usage": 0},
				{"appName": "접근성", "usage": 0},
				{"appName": "Logger", "usage": 0},
				{"appName": "패키지 설치 프로그램", "usage": 0}
			]
		},
		"lastPickup": {"time": 0}
	},
	{
		"date": 6,
		"totalTime": {
			"usage": 200,
			"details": [
				{"appName": "YouTube", "usage": 115},
				{"appName": "Chrome", "usage": 28},
				{"appName": "카카오톡", "usage": 18},
				{"appName": "카톡 프리뷰", "usage": 8},
				{"appName": "Samsung Experience 홈", "usage": 6},
				{"appName": "전화", "usage": 3},
				{"appName": "메시지", "usage": 2},
				{"appName": "시계", "usage": 2},
				{"appName": "직방", "usage": 1},
				{"appName": "Samsung Music", "usage": 1},
				{"appName": "Paco", "usage": 1},
				{"appName": "카메라", "usage": 1},
				{"appName": "다방", "usage": 0},
				{"appName": "Polar Beat", "usage": 0},
				{"appName": "연락처", "usage": 0},
				{"appName": "날씨", "usage": 0},
				{"appName": "갤러리", "usage": 0},
				{"appName": "설정", "usage": 0},
				{"appName": "Logger", "usage": 0},
				{"appName": "접근성", "usage": 0},
				{"appName": "컬러노트", "usage": 0},
				{"appName": "원터치개인", "usage": 0},
				{"appName": "음성 녹음", "usage": 0},
				{"appName": "안드로이드 시스템", "usage": 0},
				{"appName": "Google Play 서비스", "usage": 0},
				{"appName": "패키지 설치 프로그램", "usage": 0}
			]
		},
		"pickups": {"usage": 148},
		"downTime": {
			"usages": [
				{"hour": 0, "usage": 0},
				{"hour": 1, "usage": 4},
				{"hour": 2, "usage": 14},
				{"hour": 4, "usage": 3},
				{"hour": 5, "usage": 7},
				{"hour": 6, "usage": 3},
				{"hour": 7, "usage": 6},
				{"hour": 8, "usage": 11},
				{"hour": 9, "usage": 3},
				{"hour": 10, "usage": 0},
				{"hour": 11, "usage": 22},
				{"hour": 12, "usage": 37},
				{"hour": 13, "usage": 1},
				{"hour": 14, "usage": 5},
				{"hour": 15, "usage": 42},
				{"hour": 16, "usage": 37},
				{"hour": 23, "usage": 0}
			],
			"details": [
				{"appName": "카톡 프리뷰", "usage": [0, 1, 2, 4, 5, 6, 7, 8, 9, 10, 11, 12, 13, 14, 15, 16, 23]},
				{"appName": "Samsung Experience 홈", "usage": [1, 2, 4, 5, 6, 7, 8, 9, 11, 12, 13, 14, 15, 16, 23]},
				{"appName": "카카오톡", "usage": [1, 2, 4, 5, 6, 7, 8, 9, 11, 12, 13, 14, 15, 16]},
				{"appName": "Chrome", "usage": [1, 2, 4, 5, 6, 7, 8, 9, 11, 15, 16]},
				{"appName": "시계", "usage": [1, 2, 4, 7, 8, 11, 14, 16, 23]},
				{"appName": "Samsung Music", "usage": [2, 5, 7, 8, 11, 12, 14, 15]},
				{"appName": "패키지 설치 프로그램", "usage": [1, 2, 4, 8, 11, 12, 14]},
				{"appName": "YouTube", "usage": [2, 5, 11, 12, 14, 15, 16]},
				{"appName": "Paco", "usage": [2, 6, 7, 8, 9, 11, 12]},
				{"appName": "Polar Beat", "usage": [1, 2, 4, 6, 11, 14]},
				{"appName": "전화", "usage": [1, 5, 8, 9, 11]},
				{"appName": "설정", "usage": [1, 2, 4, 14, 16]},
				{"appName": "Logger", "usage": [1, 2, 4, 14]},
				{"appName": "카메라", "usage": [1, 13, 14]},
				{"appName": "접근성", "usage": [1, 2, 4]},
				{"appName": "날씨", "usage": [6, 9, 11]},
				{"appName": "원터치개인", "usage": [7, 9]},
				{"appName": "안드로이드 시스템", "usage": [13, 23]},
				{"appName": "갤러리", "usage": [1, 16]},
				{"appName": "컬러노트", "usage": [15]},
				{"appName": "직방", "usage": [16]},
				{"appName": "음성 녹음", "usage": [5]},
				{"appName": "연락처", "usage": [11]},
				{"appName": "메시지", "usage": [7]},
				{"appName": "다방", "usage": [16]},
				{"appName": "Google Play 서비스", "usage": [7]}
			]
		},
		"maxTime": {
			"usage": 49,
			"details": [
				{"appName": "YouTube", "usage": 40},
				{"appName": "Chrome", "usage": 15},
				{"appName": "메시지", "usage": 1},
				{"appName": "카카오톡", "usage": 1},
				{"appName": "전화", "usage": 1},
				{"appName": "Samsung Experience 홈", "usage": 0},
				{"appName": "직방", "usage": 0},
				{"appName": "연락처", "usage": 0},
				{"appName": "카메라", "usage": 0},
				{"appName": "다방", "usage": 0},
				{"appName": "시계", "usage": 0},
				{"appName": "카톡 프리뷰", "usage": 0},
				{"appName": "갤러리", "usage": 0},
				{"appName": "날씨", "usage": 0},
				{"appName": "Polar Beat", "usage": 0},
				{"appName": "Samsung Music", "usage": 0},
				{"appName": "설정", "usage": 0},
				{"appName": "Paco", "usage": 0},
				{"appName": "컬러노트", "usage": 0},
				{"appName": "음성 녹음", "usage": 0},
				{"appName": "Logger", "usage": 0},
				{"appName": "접근성", "usage": 0},
				{"appName": "안드로이드 시스템", "usage": 0},
				{"appName": "원터치개인", "usage": 0},
				{"appName": "Google Play 서비스", "usage": 0},
				{"appName": "패키지 설치 프로그램", "usage": 0}
			]
		},
		"avgTime": {
			"usage": 1,
			"details": [
				{"appName": "YouTube", "usage": 8},
				{"appName": "Chrome", "usage": 1},
				{"appName": "직방", "usage": 0},
				{"appName": "연락처", "usage": 0},
				{"appName": "메시지", "usage": 0},
				{"appName": "갤러리", "usage": 0},
				{"appName": "카메라", "usage": 0},
				{"appName": "날씨", "usage": 0},
				{"appName": "전화", "usage": 0},
				{"appName": "다방", "usage": 0},
				{"appName": "카카오톡", "usage": 0},
				{"appName": "시계", "usage": 0},
				{"appName": "Samsung Music", "usage": 0},
				{"appName": "Paco", "usage": 0},
				{"appName": "Samsung Experience 홈", "usage": 0},
				{"appName": "컬러노트", "usage": 0},
				{"appName": "음성 녹음", "usage": 0},
				{"appName": "설정", "usage": 0},
				{"appName": "카톡 프리뷰", "usage": 0},
				{"appName": "Polar Beat", "usage": 0},
				{"appName": "Google Play 서비스", "usage": 0},
				{"appName": "접근성", "usage": 0},
				{"appName": "원터치개인", "usage": 0},
				{"appName": "Logger", "usage": 0},
				{"appName": "안드로이드 시스템", "usage": 0},
				{"appName": "패키지 설치 프로그램", "usage": 0}
			]
		},
		"lastPickup": {"time": 0}
	},
	{
		"date": 7,
		"totalTime": {
			"usage": 877,
			"details": [
				{"appName": "카카오톡", "usage": 63},
				{"appName": "Chrome", "usage": 60},
				{"appName": "YouTube", "usage": 35},
				{"appName": "카톡 프리뷰", "usage": 12},
				{"appName": "시계", "usage": 12},
				{"appName": "전화", "usage": 8},
				{"appName": "메시지", "usage": 4},
				{"appName": "Samsung Experience 홈", "usage": 3},
				{"appName": "Gmail", "usage": 1},
				{"appName": "Paco", "usage": 1},
				{"appName": "원터치개인", "usage": 0},
				{"appName": "Adobe Acrobat", "usage": 0},
				{"appName": "카메라", "usage": 0},
				{"appName": "Samsung Music", "usage": 0},
				{"appName": "갤러리", "usage": 0},
				{"appName": "Polar Beat", "usage": 0},
				{"appName": "Logger", "usage": 0},
				{"appName": "안드로이드 시스템", "usage": 0},
				{"appName": "접근성", "usage": 0},
				{"appName": "Google Play 서비스", "usage": 0},
				{"appName": "설정", "usage": 0},
				{"appName": "패키지 설치 프로그램", "usage": 0},
				{"appName": "빅스비 보이스", "usage": 0}
			]
		},
		"pickups": {"usage": 154},
		"downTime": {
			"usages": [
				{"hour": 0, "usage": 18},
				{"hour": 1, "usage": 22},
				{"hour": 2, "usage": 21},
				{"hour": 3, "usage": 12},
				{"hour": 4, "usage": 29},
				{"hour": 5, "usage": 16},
				{"hour": 6, "usage": 2},
				{"hour": 7, "usage": 4},
				{"hour": 8, "usage": 2},
				{"hour": 9, "usage": 14},
				{"hour": 10, "usage": 28},
				{"hour": 11, "usage": 19},
				{"hour": 12, "usage": 24}
			],
			"details": [
				{"appName": "카톡 프리뷰", "usage": [0, 1, 2, 3, 4, 5, 6, 7, 8, 9, 10, 11, 12]},
				{"appName": "카카오톡", "usage": [0, 1, 2, 3, 4, 5, 6, 7, 8, 9, 10, 11, 12]},
				{"appName": "Samsung Experience 홈", "usage": [0, 1, 2, 3, 5, 6, 7, 8, 9, 10, 11, 12]},
				{"appName": "Chrome", "usage": [0, 2, 3, 5, 7, 8, 9, 10, 11]},
				{"appName": "Paco", "usage": [2, 3, 5, 6, 7, 9, 10, 12]},
				{"appName": "원터치개인", "usage": [1, 2, 6, 8, 9, 10, 11]},
				{"appName": "시계", "usage": [0, 1, 3, 7, 9, 10, 12]},
				{"appName": "전화", "usage": [0, 1, 2, 6, 12]},
				{"appName": "메시지", "usage": [2, 8, 9, 10, 11]},
				{"appName": "Gmail", "usage": [0, 1, 8, 9, 11]},
				{"appName": "YouTube", "usage": [1, 10, 11, 12]},
				{"appName": "패키지 설치 프로그램", "usage": [2, 10, 11]},
				{"appName": "Polar Beat", "usage": [2, 11]},
				{"appName": "Logger", "usage": [2, 11]},
				{"appName": "카메라", "usage": [2]},
				{"appName": "접근성", "usage": [2]},
				{"appName": "안드로이드 시스템", "usage": [0]},
				{"appName": "설정", "usage": [2]},
				{"appName": "빅스비 보이스", "usage": [11]},
				{"appName": "갤러리", "usage": [9]},
				{"appName": "Samsung Music", "usage": [1]},
				{"appName": "Google Play 서비스", "usage": [11]},
				{"appName": "Adobe Acrobat", "usage": [0]}
			]
		},
		"maxTime": {
			"usage": 659,
			"details": [
				{"appName": "카카오톡", "usage": 29},
				{"appName": "YouTube", "usage": 14},
				{"appName": "Chrome", "usage": 13},
				{"appName": "시계", "usage": 10},
				{"appName": "전화", "usage": 5},
				{"appName": "카톡 프리뷰", "usage": 3},
				{"appName": "메시지", "usage": 1},
				{"appName": "Gmail", "usage": 0},
				{"appName": "Adobe Acrobat", "usage": 0},
				{"appName": "카메라", "usage": 0},
				{"appName": "Paco", "usage": 0},
				{"appName": "원터치개인", "usage": 0},
				{"appName": "갤러리", "usage": 0},
				{"appName": "Samsung Experience 홈", "usage": 0},
				{"appName": "Samsung Music", "usage": 0},
				{"appName": "Polar Beat", "usage": 0},
				{"appName": "Logger", "usage": 0},
				{"appName": "안드로이드 시스템", "usage": 0},
				{"appName": "접근성", "usage": 0},
				{"appName": "Google Play 서비스", "usage": 0},
				{"appName": "설정", "usage": 0},
				{"appName": "패키지 설치 프로그램", "usage": 0},
				{"appName": "빅스비 보이스", "usage": 0}
			]
		},
		"avgTime": {
			"usage": 5,
			"details": [
				{"appName": "YouTube", "usage": 3},
				{"appName": "Chrome", "usage": 1},
				{"appName": "전화", "usage": 0},
				{"appName": "시계", "usage": 0},
				{"appName": "카메라", "usage": 0},
				{"appName": "메시지", "usage": 0},
				{"appName": "Gmail", "usage": 0},
				{"appName": "갤러리", "usage": 0},
				{"appName": "카카오톡", "usage": 0},
				{"appName": "Adobe Acrobat", "usage": 0},
				{"appName": "Samsung Music", "usage": 0},
				{"appName": "Paco", "usage": 0},
				{"appName": "카톡 프리뷰", "usage": 0},
				{"appName": "Samsung Experience 홈", "usage": 0},
				{"appName": "원터치개인", "usage": 0},
				{"appName": "안드로이드 시스템", "usage": 0},
				{"appName": "Google Play 서비스", "usage": 0},
				{"appName": "Polar Beat", "usage": 0},
				{"appName": "Logger", "usage": 0},
				{"appName": "설정", "usage": 0},
				{"appName": "접근성", "usage": 0},
				{"appName": "패키지 설치 프로그램", "usage": 0},
				{"appName": "빅스비 보이스", "usage": 0}
			]
		},
		"lastPickup": {"time": 659}
	}
]
