[
	{
		"date": 1,
		"totalTime": {
			"usage": 396,
			"details": [
				{"appName": "Chrome", "usage": 139},
				{"appName": "YouTube", "usage": 58},
				{"appName": "카카오톡", "usage": 52},
				{"appName": "통화 화면", "usage": 27},
				{"appName": "Paco", "usage": 15},
				{"appName": "기본홈", "usage": 13},
				{"appName": "네이버 지도", "usage": 11},
				{"appName": "Polar Beat", "usage": 9},
				{"appName": "프레젠테이션", "usage": 9},
				{"appName": "드라이브", "usage": 5},
				{"appName": "Wi-Fi", "usage": 3},
				{"appName": "주소록", "usage": 2},
				{"appName": "Dropsync", "usage": 2},
				{"appName": "Logger", "usage": 2},
				{"appName": "Q메모+", "usage": 2},
				{"appName": "Microsoft Band", "usage": 2},
				{"appName": "알람/시계", "usage": 1},
				{"appName": "원터치개인", "usage": 1},
				{"appName": "ABC Logger", "usage": 1},
				{"appName": "통화 서비스", "usage": 1},
				{"appName": "시스템 UI", "usage": 1},
				{"appName": "설정", "usage": 0},
				{"appName": "접근성", "usage": 0},
				{"appName": "카메라", "usage": 0},
				{"appName": "계산기", "usage": 0},
				{"appName": "네트워크", "usage": 0},
				{"appName": "메시지", "usage": 0},
				{"appName": "Pinterest", "usage": 0},
				{"appName": "메이비베이비", "usage": 0},
				{"appName": "패키지 설치 프로그램", "usage": 0},
				{"appName": "갤러리", "usage": 0},
				{"appName": "카카오 T", "usage": 0},
				{"appName": "Google", "usage": 0},
				{"appName": "Shutdown Monitor", "usage": 0},
				{"appName": "Android 시스템", "usage": 0},
				{"appName": "통화 관리", "usage": 0}
			]
		},
		"pickups": {"usage": 142},
		"downTime": {
			"usages": [
				{"hour": 0, "usage": 17},
				{"hour": 1, "usage": 28},
				{"hour": 2, "usage": 17},
				{"hour": 3, "usage": 0},
				{"hour": 4, "usage": 7},
				{"hour": 5, "usage": 2},
				{"hour": 6, "usage": 6},
				{"hour": 7, "usage": 0},
				{"hour": 8, "usage": 23},
				{"hour": 9, "usage": 12},
				{"hour": 10, "usage": 33},
				{"hour": 11, "usage": 10},
				{"hour": 12, "usage": 9},
				{"hour": 13, "usage": 10},
				{"hour": 14, "usage": 34},
				{"hour": 15, "usage": 55},
				{"hour": 16, "usage": 58},
				{"hour": 17, "usage": 40},
				{"hour": 23, "usage": 5}
			],
			"details": [
				{"appName": "기본홈", "usage": [0, 1, 2, 3, 4, 5, 6, 7, 8, 9, 10, 11, 12, 13, 14, 15, 23]},
				{"appName": "카카오톡", "usage": [1, 2, 3, 4, 5, 8, 9, 10, 13, 14, 15, 23]},
				{"appName": "Paco", "usage": [0, 1, 2, 4, 5, 6, 7, 8, 9, 11, 12, 13]},
				{"appName": "시스템 UI", "usage": [0, 2, 6, 8, 9, 10, 11, 13, 14, 23]},
				{"appName": "Chrome", "usage": [1, 9, 10, 11, 12, 13, 15, 16, 17, 23]},
				{"appName": "통화 화면", "usage": [1, 2, 8, 9, 10, 12, 13]},
				{"appName": "주소록", "usage": [1, 2, 10, 11, 12, 13]},
				{"appName": "Polar Beat", "usage": [0, 2, 4, 5, 13, 14]},
				{"appName": "통화 관리", "usage": [1, 2, 9, 10, 13]},
				{"appName": "카메라", "usage": [8, 11, 12, 13]},
				{"appName": "설정", "usage": [0, 11, 12, 14]},
				{"appName": "Dropsync", "usage": [1, 2, 4, 14]},
				{"appName": "패키지 설치 프로그램", "usage": [0, 8, 14]},
				{"appName": "알람/시계", "usage": [12, 14, 23]},
				{"appName": "네이버 지도", "usage": [1, 2, 10]},
				{"appName": "YouTube", "usage": [0, 14, 15]},
				{"appName": "Microsoft Band", "usage": [0, 13, 14]},
				{"appName": "프레젠테이션", "usage": [9, 14]},
				{"appName": "접근성", "usage": [0, 14]},
				{"appName": "계산기", "usage": [1, 2]},
				{"appName": "Wi-Fi", "usage": [11, 14]},
				{"appName": "Q메모+", "usage": [2, 13]},
				{"appName": "Logger", "usage": [0, 14]},
				{"appName": "ABC Logger", "usage": [0, 14]},
				{"appName": "통화 서비스", "usage": [12]},
				{"appName": "카카오 T", "usage": [10]},
				{"appName": "원터치개인", "usage": [12]},
				{"appName": "메이비베이비", "usage": [9]},
				{"appName": "메시지", "usage": [2]},
				{"appName": "드라이브", "usage": [6]},
				{"appName": "네트워크", "usage": [14]},
				{"appName": "갤러리", "usage": [1]},
				{"appName": "Shutdown Monitor", "usage": [14]},
				{"appName": "Pinterest", "usage": [14]},
				{"appName": "Google", "usage": [14]},
				{"appName": "Android 시스템", "usage": [8]}
			]
		},
		"maxTime": {
			"usage": 87,
			"details": [
				{"appName": "Chrome", "usage": 87},
				{"appName": "YouTube", "usage": 28},
				{"appName": "통화 화면", "usage": 7},
				{"appName": "카카오톡", "usage": 7},
				{"appName": "Paco", "usage": 5},
				{"appName": "드라이브", "usage": 5},
				{"appName": "Polar Beat", "usage": 2},
				{"appName": "프레젠테이션", "usage": 2},
				{"appName": "기본홈", "usage": 1},
				{"appName": "Wi-Fi", "usage": 1},
				{"appName": "네이버 지도", "usage": 1},
				{"appName": "Microsoft Band", "usage": 1},
				{"appName": "Dropsync", "usage": 1},
				{"appName": "Logger", "usage": 1},
				{"appName": "알람/시계", "usage": 1},
				{"appName": "Q메모+", "usage": 1},
				{"appName": "주소록", "usage": 0},
				{"appName": "원터치개인", "usage": 0},
				{"appName": "ABC Logger", "usage": 0},
				{"appName": "네트워크", "usage": 0},
				{"appName": "접근성", "usage": 0},
				{"appName": "통화 서비스", "usage": 0},
				{"appName": "설정", "usage": 0},
				{"appName": "카메라", "usage": 0},
				{"appName": "계산기", "usage": 0},
				{"appName": "메이비베이비", "usage": 0},
				{"appName": "Pinterest", "usage": 0},
				{"appName": "갤러리", "usage": 0},
				{"appName": "메시지", "usage": 0},
				{"appName": "시스템 UI", "usage": 0},
				{"appName": "Google", "usage": 0},
				{"appName": "Shutdown Monitor", "usage": 0},
				{"appName": "카카오 T", "usage": 0},
				{"appName": "패키지 설치 프로그램", "usage": 0},
				{"appName": "Android 시스템", "usage": 0},
				{"appName": "통화 관리", "usage": 0}
			]
		},
		"avgTime": {
			"usage": 2,
			"details": [
				{"appName": "Chrome", "usage": 7},
				{"appName": "YouTube", "usage": 6},
				{"appName": "드라이브", "usage": 1},
				{"appName": "통화 화면", "usage": 0},
				{"appName": "Wi-Fi", "usage": 0},
				{"appName": "프레젠테이션", "usage": 0},
				{"appName": "Q메모+", "usage": 0},
				{"appName": "네트워크", "usage": 0},
				{"appName": "네이버 지도", "usage": 0},
				{"appName": "Dropsync", "usage": 0},
				{"appName": "Microsoft Band", "usage": 0},
				{"appName": "카카오톡", "usage": 0},
				{"appName": "Paco", "usage": 0},
				{"appName": "접근성", "usage": 0},
				{"appName": "알람/시계", "usage": 0},
				{"appName": "Logger", "usage": 0},
				{"appName": "카메라", "usage": 0},
				{"appName": "Polar Beat", "usage": 0},
				{"appName": "갤러리", "usage": 0},
				{"appName": "계산기", "usage": 0},
				{"appName": "주소록", "usage": 0},
				{"appName": "ABC Logger", "usage": 0},
				{"appName": "메이비베이비", "usage": 0},
				{"appName": "기본홈", "usage": 0},
				{"appName": "통화 서비스", "usage": 0},
				{"appName": "원터치개인", "usage": 0},
				{"appName": "설정", "usage": 0},
				{"appName": "Google", "usage": 0},
				{"appName": "Pinterest", "usage": 0},
				{"appName": "메시지", "usage": 0},
				{"appName": "Shutdown Monitor", "usage": 0},
				{"appName": "Android 시스템", "usage": 0},
				{"appName": "시스템 UI", "usage": 0},
				{"appName": "카카오 T", "usage": 0},
				{"appName": "패키지 설치 프로그램", "usage": 0},
				{"appName": "통화 관리", "usage": 0}
			]
		},
		"lastPickup": {"time": 19}
	},
	{
		"date": 2,
		"totalTime": {
			"usage": 532,
			"details": [
				{"appName": "YouTube", "usage": 200},
				{"appName": "Netflix", "usage": 136},
				{"appName": "Chrome", "usage": 93},
				{"appName": "카카오톡", "usage": 32},
				{"appName": "통화 화면", "usage": 13},
				{"appName": "기본홈", "usage": 8},
				{"appName": "Paco", "usage": 7},
				{"appName": "Melon", "usage": 3},
				{"appName": "W Concept", "usage": 3},
				{"appName": "주소록", "usage": 3},
				{"appName": "네이버 지도", "usage": 2},
				{"appName": "메이비베이비", "usage": 2},
				{"appName": "Polar Beat", "usage": 1},
				{"appName": "Instagram", "usage": 1},
				{"appName": "접근성", "usage": 1},
				{"appName": "Dropsync", "usage": 1},
				{"appName": "시스템 UI", "usage": 1},
				{"appName": "삼성카드", "usage": 1},
				{"appName": "Q메모+", "usage": 0},
				{"appName": "카카오 T", "usage": 0},
				{"appName": "갤러리", "usage": 0},
				{"appName": "ISP/페이북", "usage": 0},
				{"appName": "포토", "usage": 0},
				{"appName": "날씨", "usage": 0},
				{"appName": "카메라", "usage": 0},
				{"appName": "알람/시계", "usage": 0},
				{"appName": "Logger", "usage": 0},
				{"appName": "ABC Logger", "usage": 0},
				{"appName": "Bluetooth", "usage": 0},
				{"appName": "Wi-Fi", "usage": 0},
				{"appName": "Android 시스템", "usage": 0},
				{"appName": "메시지", "usage": 0},
				{"appName": "패키지 설치 프로그램", "usage": 0},
				{"appName": "설정", "usage": 0},
				{"appName": "파일", "usage": 0},
				{"appName": "통화 관리", "usage": 0}
			]
		},
		"pickups": {"usage": 178},
		"downTime": {
			"usages": [
				{"hour": 0, "usage": 47},
				{"hour": 1, "usage": 37},
				{"hour": 2, "usage": 4},
				{"hour": 3, "usage": 0},
				{"hour": 4, "usage": 3},
				{"hour": 5, "usage": 5},
				{"hour": 6, "usage": 2},
				{"hour": 7, "usage": 10},
				{"hour": 8, "usage": 5},
				{"hour": 9, "usage": 8},
				{"hour": 10, "usage": 10},
				{"hour": 11, "usage": 42},
				{"hour": 12, "usage": 18},
				{"hour": 13, "usage": 31},
				{"hour": 14, "usage": 55},
				{"hour": 15, "usage": 60},
				{"hour": 16, "usage": 60},
				{"hour": 17, "usage": 58},
				{"hour": 18, "usage": 44},
				{"hour": 23, "usage": 10}
			],
			"details": [
				{"appName": "기본홈", "usage": [0, 1, 2, 3, 4, 5, 6, 7, 8, 9, 10, 11, 12, 13, 14, 15, 16, 17, 18, 23]},
				{"appName": "카카오톡", "usage": [1, 2, 6, 7, 8, 9, 10, 11, 12, 13, 14, 15, 16, 17, 18]},
				{"appName": "Chrome", "usage": [0, 1, 2, 4, 5, 6, 7, 8, 10, 12, 13, 14, 17, 23]},
				{"appName": "시스템 UI", "usage": [1, 7, 8, 10, 11, 12, 13, 14, 15, 17, 18]},
				{"appName": "주소록", "usage": [1, 2, 3, 4, 6, 9, 10, 11]},
				{"appName": "YouTube", "usage": [0, 11, 14, 15, 16, 17, 18, 23]},
				{"appName": "Paco", "usage": [1, 2, 6, 7, 10, 11, 12, 13]},
				{"appName": "통화 화면", "usage": [1, 6, 7, 9, 10, 11, 14]},
				{"appName": "패키지 설치 프로그램", "usage": [0, 4, 11, 14]},
				{"appName": "Dropsync", "usage": [0, 1, 10, 11]},
				{"appName": "통화 관리", "usage": [1, 9, 11]},
				{"appName": "접근성", "usage": [0, 11, 13]},
				{"appName": "네이버 지도", "usage": [1, 7, 9]},
				{"appName": "Netflix", "usage": [14, 15, 16]},
				{"appName": "Android 시스템", "usage": [12, 13, 14]},
				{"appName": "카메라", "usage": [8, 14]},
				{"appName": "삼성카드", "usage": [1, 4]},
				{"appName": "메이비베이비", "usage": [1, 10]},
				{"appName": "갤러리", "usage": [14, 16]},
				{"appName": "Q메모+", "usage": [8, 14]},
				{"appName": "Polar Beat", "usage": [0, 13]},
				{"appName": "Melon", "usage": [1, 2]},
				{"appName": "Logger", "usage": [0, 11]},
				{"appName": "포토", "usage": [14]},
				{"appName": "파일", "usage": [14]},
				{"appName": "카카오 T", "usage": [9]},
				{"appName": "알람/시계", "usage": [23]},
				{"appName": "설정", "usage": [11]},
				{"appName": "메시지", "usage": [11]},
				{"appName": "날씨", "usage": [0]},
				{"appName": "Wi-Fi", "usage": [1]},
				{"appName": "W Concept", "usage": [1]},
				{"appName": "Instagram", "usage": [1]},
				{"appName": "ISP/페이북", "usage": [14]},
				{"appName": "Bluetooth", "usage": [0]},
				{"appName": "ABC Logger", "usage": [11]}
			]
		},
		"maxTime": {
			"usage": 219,
			"details": [
				{"appName": "Netflix", "usage": 70},
				{"appName": "YouTube", "usage": 49},
				{"appName": "Chrome", "usage": 20},
				{"appName": "통화 화면", "usage": 4},
				{"appName": "W Concept", "usage": 3},
				{"appName": "Melon", "usage": 2},
				{"appName": "카카오톡", "usage": 2},
				{"appName": "Instagram", "usage": 1},
				{"appName": "메이비베이비", "usage": 1},
				{"appName": "Polar Beat", "usage": 1},
				{"appName": "네이버 지도", "usage": 1},
				{"appName": "Paco", "usage": 1},
				{"appName": "Dropsync", "usage": 1},
				{"appName": "접근성", "usage": 0},
				{"appName": "주소록", "usage": 0},
				{"appName": "Q메모+", "usage": 0},
				{"appName": "기본홈", "usage": 0},
				{"appName": "삼성카드", "usage": 0},
				{"appName": "카카오 T", "usage": 0},
				{"appName": "날씨", "usage": 0},
				{"appName": "갤러리", "usage": 0},
				{"appName": "시스템 UI", "usage": 0},
				{"appName": "Wi-Fi", "usage": 0},
				{"appName": "포토", "usage": 0},
				{"appName": "알람/시계", "usage": 0},
				{"appName": "Bluetooth", "usage": 0},
				{"appName": "Logger", "usage": 0},
				{"appName": "카메라", "usage": 0},
				{"appName": "ISP/페이북", "usage": 0},
				{"appName": "ABC Logger", "usage": 0},
				{"appName": "메시지", "usage": 0},
				{"appName": "설정", "usage": 0},
				{"appName": "패키지 설치 프로그램", "usage": 0},
				{"appName": "파일", "usage": 0},
				{"appName": "Android 시스템", "usage": 0},
				{"appName": "통화 관리", "usage": 0}
			]
		},
		"avgTime": {
			"usage": 2,
			"details": [
				{"appName": "Netflix", "usage": 17},
				{"appName": "YouTube", "usage": 8},
				{"appName": "Instagram", "usage": 1},
				{"appName": "Chrome", "usage": 1},
				{"appName": "W Concept", "usage": 0},
				{"appName": "통화 화면", "usage": 0},
				{"appName": "메이비베이비", "usage": 0},
				{"appName": "Q메모+", "usage": 0},
				{"appName": "날씨", "usage": 0},
				{"appName": "Dropsync", "usage": 0},
				{"appName": "접근성", "usage": 0},
				{"appName": "Wi-Fi", "usage": 0},
				{"appName": "Polar Beat", "usage": 0},
				{"appName": "네이버 지도", "usage": 0},
				{"appName": "Paco", "usage": 0},
				{"appName": "카카오톡", "usage": 0},
				{"appName": "삼성카드", "usage": 0},
				{"appName": "갤러리", "usage": 0},
				{"appName": "Melon", "usage": 0},
				{"appName": "주소록", "usage": 0},
				{"appName": "카메라", "usage": 0},
				{"appName": "설정", "usage": 0},
				{"appName": "알람/시계", "usage": 0},
				{"appName": "기본홈", "usage": 0},
				{"appName": "카카오 T", "usage": 0},
				{"appName": "포토", "usage": 0},
				{"appName": "메시지", "usage": 0},
				{"appName": "Bluetooth", "usage": 0},
				{"appName": "Logger", "usage": 0},
				{"appName": "ABC Logger", "usage": 0},
				{"appName": "ISP/페이북", "usage": 0},
				{"appName": "파일", "usage": 0},
				{"appName": "시스템 UI", "usage": 0},
				{"appName": "Android 시스템", "usage": 0},
				{"appName": "패키지 설치 프로그램", "usage": 0},
				{"appName": "통화 관리", "usage": 0}
			]
		},
		"lastPickup": {"time": 12}
	},
	{
		"date": 3,
		"totalTime": {
			"usage": 427,
			"details": [
				{"appName": "YouTube", "usage": 213},
				{"appName": "Chrome", "usage": 126},
				{"appName": "네이버 지도", "usage": 13},
				{"appName": "카카오톡", "usage": 13},
				{"appName": "기본홈", "usage": 12},
				{"appName": "Paco", "usage": 8},
				{"appName": "카카오 T", "usage": 7},
				{"appName": "날씨", "usage": 5},
				{"appName": "Polar Beat", "usage": 4},
				{"appName": "카카오스토리", "usage": 2},
				{"appName": "Melon", "usage": 2},
				{"appName": "手机淘宝", "usage": 1},
				{"appName": "메시지", "usage": 1},
				{"appName": "원터치개인", "usage": 0},
				{"appName": "시스템 UI", "usage": 0},
				{"appName": "갤러리", "usage": 0},
				{"appName": "카메라", "usage": 0},
				{"appName": "Instagram", "usage": 0},
				{"appName": "통화 화면", "usage": 0},
				{"appName": "접근성", "usage": 0},
				{"appName": "Dropsync", "usage": 0},
				{"appName": "메이비베이비", "usage": 0},
				{"appName": "Logger", "usage": 0},
				{"appName": "패키지 설치 프로그램", "usage": 0},
				{"appName": "Bluetooth", "usage": 0},
				{"appName": "Always-on display", "usage": 0}
			]
		},
		"pickups": {"usage": 123},
		"downTime": {
			"usages": [
				{"hour": 0, "usage": 48},
				{"hour": 1, "usage": 6},
				{"hour": 2, "usage": 0},
				{"hour": 3, "usage": 1},
				{"hour": 4, "usage": 1},
				{"hour": 5, "usage": 12},
				{"hour": 6, "usage": 4},
				{"hour": 7, "usage": 36},
				{"hour": 8, "usage": 45},
				{"hour": 9, "usage": 10},
				{"hour": 10, "usage": 1},
				{"hour": 11, "usage": 0},
				{"hour": 12, "usage": 16},
				{"hour": 13, "usage": 35},
				{"hour": 14, "usage": 6},
				{"hour": 15, "usage": 57},
				{"hour": 16, "usage": 60},
				{"hour": 17, "usage": 60},
				{"hour": 18, "usage": 19}
			],
			"details": [
				{"appName": "기본홈", "usage": [0, 1, 2, 3, 4, 5, 6, 7, 8, 9, 10, 11, 12, 13, 14, 15, 16, 23]},
				{"appName": "카카오톡", "usage": [0, 2, 3, 5, 6, 7, 8, 9, 10, 11, 12, 13, 14, 15, 23]},
				{"appName": "시스템 UI", "usage": [0, 1, 6, 8, 9, 12, 13, 15, 16]},
				{"appName": "Paco", "usage": [1, 2, 3, 4, 5, 6, 8, 9, 12]},
				{"appName": "Chrome", "usage": [0, 4, 5, 6, 7, 8, 12, 15, 16]},
				{"appName": "YouTube", "usage": [0, 13, 14, 15, 16, 17, 18, 23]},
				{"appName": "Polar Beat", "usage": [0, 1, 5, 6, 12]},
				{"appName": "네이버 지도", "usage": [0, 1, 8, 9]},
				{"appName": "카메라", "usage": [1, 8, 9]},
				{"appName": "접근성", "usage": [0, 12, 13]},
				{"appName": "메시지", "usage": [11, 12, 16]},
				{"appName": "패키지 설치 프로그램", "usage": [0, 12]},
				{"appName": "카카오 T", "usage": [9, 12]},
				{"appName": "Melon", "usage": [1, 4]},
				{"appName": "Logger", "usage": [0, 12]},
				{"appName": "Dropsync", "usage": [0, 12]},
				{"appName": "통화 화면", "usage": [12]},
				{"appName": "카카오스토리", "usage": [12]},
				{"appName": "원터치개인", "usage": [9]},
				{"appName": "메이비베이비", "usage": [0]},
				{"appName": "날씨", "usage": [0]},
				{"appName": "갤러리", "usage": [8]},
				{"appName": "手机淘宝", "usage": [8]},
				{"appName": "Instagram", "usage": [12]},
				{"appName": "Bluetooth", "usage": [0]},
				{"appName": "Always-on display", "usage": [6]}
			]
		},
		"maxTime": {
			"usage": 168,
			"details": [
				{"appName": "YouTube", "usage": 82},
				{"appName": "Chrome", "usage": 38},
				{"appName": "날씨", "usage": 5},
				{"appName": "기본홈", "usage": 5},
				{"appName": "네이버 지도", "usage": 2},
				{"appName": "Paco", "usage": 2},
				{"appName": "카카오톡", "usage": 2},
				{"appName": "Polar Beat", "usage": 1},
				{"appName": "카카오 T", "usage": 1},
				{"appName": "카카오스토리", "usage": 1},
				{"appName": "手机淘宝", "usage": 0},
				{"appName": "Melon", "usage": 0},
				{"appName": "갤러리", "usage": 0},
				{"appName": "통화 화면", "usage": 0},
				{"appName": "원터치개인", "usage": 0},
				{"appName": "메시지", "usage": 0},
				{"appName": "Instagram", "usage": 0},
				{"appName": "카메라", "usage": 0},
				{"appName": "메이비베이비", "usage": 0},
				{"appName": "Dropsync", "usage": 0},
				{"appName": "접근성", "usage": 0},
				{"appName": "시스템 UI", "usage": 0},
				{"appName": "Logger", "usage": 0},
				{"appName": "Bluetooth", "usage": 0},
				{"appName": "패키지 설치 프로그램", "usage": 0},
				{"appName": "Always-on display", "usage": 0}
			]
		},
		"avgTime": {
			"usage": 3,
			"details": [
				{"appName": "YouTube", "usage": 11},
				{"appName": "Chrome", "usage": 3},
				{"appName": "날씨", "usage": 2},
				{"appName": "네이버 지도", "usage": 0},
				{"appName": "통화 화면", "usage": 0},
				{"appName": "Instagram", "usage": 0},
				{"appName": "Polar Beat", "usage": 0},
				{"appName": "갤러리", "usage": 0},
				{"appName": "카카오 T", "usage": 0},
				{"appName": "카카오스토리", "usage": 0},
				{"appName": "카메라", "usage": 0},
				{"appName": "Paco", "usage": 0},
				{"appName": "Melon", "usage": 0},
				{"appName": "手机淘宝", "usage": 0},
				{"appName": "기본홈", "usage": 0},
				{"appName": "Dropsync", "usage": 0},
				{"appName": "카카오톡", "usage": 0},
				{"appName": "접근성", "usage": 0},
				{"appName": "메시지", "usage": 0},
				{"appName": "원터치개인", "usage": 0},
				{"appName": "메이비베이비", "usage": 0},
				{"appName": "시스템 UI", "usage": 0},
				{"appName": "Logger", "usage": 0},
				{"appName": "Bluetooth", "usage": 0},
				{"appName": "패키지 설치 프로그램", "usage": 0},
				{"appName": "Always-on display", "usage": 0}
			]
		},
		"lastPickup": {"time": 2}
	},
	{
		"date": 4,
		"totalTime": {
			"usage": 686,
			"details": [
				{"appName": "Chrome", "usage": 331},
				{"appName": "YouTube", "usage": 191},
				{"appName": "카카오톡", "usage": 34},
				{"appName": "네이버 카페", "usage": 28},
				{"appName": "야놀자", "usage": 20},
				{"appName": "네이버 지도", "usage": 11},
				{"appName": "Instagram", "usage": 9},
				{"appName": "기본홈", "usage": 9},
				{"appName": "통화 화면", "usage": 8},
				{"appName": "Paco", "usage": 5},
				{"appName": "디코드", "usage": 5},
				{"appName": "Melon", "usage": 4},
				{"appName": "W Concept", "usage": 3},
				{"appName": "카메라", "usage": 3},
				{"appName": "메이비베이비", "usage": 3},
				{"appName": "Polar Beat", "usage": 2},
				{"appName": "시스템 UI", "usage": 1},
				{"appName": "갤러리", "usage": 1},
				{"appName": "접근성", "usage": 1},
				{"appName": "메시지", "usage": 0},
				{"appName": "카카오 T", "usage": 0},
				{"appName": "Google Play 스토어", "usage": 0},
				{"appName": "Logger", "usage": 0},
				{"appName": "마이 케이티", "usage": 0},
				{"appName": "시외버스 모바일", "usage": 0},
				{"appName": "Bluetooth", "usage": 0},
				{"appName": "Android 시스템", "usage": 0},
				{"appName": "패키지 설치 프로그램", "usage": 0},
				{"appName": "통화 관리", "usage": 0}
			]
		},
		"pickups": {"usage": 131},
		"downTime": {
			"usages": [
				{"hour": 0, "usage": 60},
				{"hour": 1, "usage": 12},
				{"hour": 2, "usage": 45},
				{"hour": 3, "usage": 55},
				{"hour": 4, "usage": 41},
				{"hour": 5, "usage": 17},
				{"hour": 6, "usage": 8},
				{"hour": 7, "usage": 22},
				{"hour": 8, "usage": 1},
				{"hour": 9, "usage": 3},
				{"hour": 10, "usage": 12},
				{"hour": 11, "usage": 44},
				{"hour": 12, "usage": 43},
				{"hour": 13, "usage": 49},
				{"hour": 14, "usage": 59},
				{"hour": 15, "usage": 58},
				{"hour": 16, "usage": 57},
				{"hour": 17, "usage": 58},
				{"hour": 18, "usage": 8},
				{"hour": 23, "usage": 0}
			],
			"details": [
				{"appName": "기본홈", "usage": [0, 1, 2, 3, 4, 5, 6, 7, 8, 9, 10, 11, 13, 14, 15, 16, 23]},
				{"appName": "Chrome", "usage": [0, 1, 2, 5, 6, 7, 8, 10, 11, 12, 13, 14, 16, 17, 18, 23]},
				{"appName": "시스템 UI", "usage": [0, 1, 2, 3, 4, 5, 6, 9, 10, 11, 12, 13, 14, 16, 23]},
				{"appName": "카카오톡", "usage": [0, 1, 2, 3, 4, 5, 6, 9, 11, 13, 14, 15, 16]},
				{"appName": "Paco", "usage": [2, 3, 4, 6, 8, 9, 10, 11, 12, 13]},
				{"appName": "Polar Beat", "usage": [1, 3, 4, 5, 6, 8, 9, 11, 13]},
				{"appName": "YouTube", "usage": [0, 3, 4, 13, 14, 15, 16]},
				{"appName": "접근성", "usage": [1, 3, 4, 6, 8, 13]},
				{"appName": "네이버 지도", "usage": [2, 4, 5, 9, 10, 11]},
				{"appName": "패키지 설치 프로그램", "usage": [0, 3, 6, 8, 13]},
				{"appName": "Logger", "usage": [3, 6, 8, 13]},
				{"appName": "야놀자", "usage": [2, 3, 5]},
				{"appName": "Melon", "usage": [4, 8, 10]},
				{"appName": "Instagram", "usage": [0, 6, 7]},
				{"appName": "Bluetooth", "usage": [1, 3, 8]},
				{"appName": "통화 화면", "usage": [4, 11]},
				{"appName": "통화 관리", "usage": [4, 11]},
				{"appName": "카메라", "usage": [10, 14]},
				{"appName": "메시지", "usage": [0, 14]},
				{"appName": "디코드", "usage": [0, 1]},
				{"appName": "네이버 카페", "usage": [2, 23]},
				{"appName": "갤러리", "usage": [10, 15]},
				{"appName": "Android 시스템", "usage": [1, 14]},
				{"appName": "카카오 T", "usage": [5]},
				{"appName": "시외버스 모바일", "usage": [10]},
				{"appName": "메이비베이비", "usage": [0]},
				{"appName": "마이 케이티", "usage": [10]},
				{"appName": "W Concept", "usage": [16]},
				{"appName": "Google Play 스토어", "usage": [0]}
			]
		},
		"maxTime": {
			"usage": 93,
			"details": [
				{"appName": "Chrome", "usage": 54},
				{"appName": "YouTube", "usage": 49},
				{"appName": "통화 화면", "usage": 7},
				{"appName": "Instagram", "usage": 4},
				{"appName": "W Concept", "usage": 3},
				{"appName": "네이버 카페", "usage": 3},
				{"appName": "카카오톡", "usage": 2},
				{"appName": "메이비베이비", "usage": 2},
				{"appName": "카메라", "usage": 2},
				{"appName": "Melon", "usage": 1},
				{"appName": "네이버 지도", "usage": 1},
				{"appName": "디코드", "usage": 0},
				{"appName": "야놀자", "usage": 0},
				{"appName": "기본홈", "usage": 0},
				{"appName": "갤러리", "usage": 0},
				{"appName": "메시지", "usage": 0},
				{"appName": "Paco", "usage": 0},
				{"appName": "Polar Beat", "usage": 0},
				{"appName": "마이 케이티", "usage": 0},
				{"appName": "Google Play 스토어", "usage": 0},
				{"appName": "카카오 T", "usage": 0},
				{"appName": "접근성", "usage": 0},
				{"appName": "Logger", "usage": 0},
				{"appName": "시스템 UI", "usage": 0},
				{"appName": "시외버스 모바일", "usage": 0},
				{"appName": "Bluetooth", "usage": 0},
				{"appName": "Android 시스템", "usage": 0},
				{"appName": "패키지 설치 프로그램", "usage": 0},
				{"appName": "통화 관리", "usage": 0}
			]
		},
		"avgTime": {
			"usage": 5,
			"details": [
				{"appName": "YouTube", "usage": 7},
				{"appName": "Chrome", "usage": 7},
				{"appName": "Instagram", "usage": 3},
				{"appName": "통화 화면", "usage": 2},
				{"appName": "W Concept", "usage": 1},
				{"appName": "카메라", "usage": 0},
				{"appName": "메이비베이비", "usage": 0},
				{"appName": "네이버 지도", "usage": 0},
				{"appName": "네이버 카페", "usage": 0},
				{"appName": "마이 케이티", "usage": 0},
				{"appName": "카카오톡", "usage": 0},
				{"appName": "갤러리", "usage": 0},
				{"appName": "디코드", "usage": 0},
				{"appName": "메시지", "usage": 0},
				{"appName": "야놀자", "usage": 0},
				{"appName": "Melon", "usage": 0},
				{"appName": "Paco", "usage": 0},
				{"appName": "Google Play 스토어", "usage": 0},
				{"appName": "접근성", "usage": 0},
				{"appName": "Polar Beat", "usage": 0},
				{"appName": "시외버스 모바일", "usage": 0},
				{"appName": "기본홈", "usage": 0},
				{"appName": "Logger", "usage": 0},
				{"appName": "카카오 T", "usage": 0},
				{"appName": "Android 시스템", "usage": 0},
				{"appName": "시스템 UI", "usage": 0},
				{"appName": "Bluetooth", "usage": 0},
				{"appName": "패키지 설치 프로그램", "usage": 0},
				{"appName": "통화 관리", "usage": 0}
			]
		},
		"lastPickup": {"time": 24}
	},
	{
		"date": 5,
		"totalTime": {
			"usage": 658,
			"details": [
				{"appName": "YouTube", "usage": 257},
				{"appName": "Chrome", "usage": 240},
				{"appName": "카카오톡", "usage": 56},
				{"appName": "네이버 카페", "usage": 25},
				{"appName": "네이버 지도", "usage": 25},
				{"appName": "Melon", "usage": 9},
				{"appName": "기본홈", "usage": 6},
				{"appName": "Paco", "usage": 5},
				{"appName": "통화 화면", "usage": 3},
				{"appName": "Logger", "usage": 3},
				{"appName": "카카오 T", "usage": 2},
				{"appName": "시스템 UI", "usage": 2},
				{"appName": "메이비베이비", "usage": 2},
				{"appName": "Polar Beat", "usage": 1},
				{"appName": "동영상", "usage": 1},
				{"appName": "원터치개인", "usage": 1},
				{"appName": "주소록", "usage": 0},
				{"appName": "한컴오피스 viewer", "usage": 0},
				{"appName": "카메라", "usage": 0},
				{"appName": "갤러리", "usage": 0},
				{"appName": "접근성", "usage": 0},
				{"appName": "계산기", "usage": 0},
				{"appName": "삼성카드", "usage": 0},
				{"appName": "알람/시계", "usage": 0},
				{"appName": "Q메모+", "usage": 0},
				{"appName": "Android 시스템", "usage": 0},
				{"appName": "날씨", "usage": 0},
				{"appName": "Dropsync", "usage": 0},
				{"appName": "Bluetooth", "usage": 0},
				{"appName": "Papago", "usage": 0},
				{"appName": "패키지 설치 프로그램", "usage": 0},
				{"appName": "통화 관리", "usage": 0}
			]
		},
		"pickups": {"usage": 200},
		"downTime": {
			"usages": [
				{"hour": 0, "usage": 60},
				{"hour": 1, "usage": 4},
				{"hour": 2, "usage": 41},
				{"hour": 3, "usage": 58},
				{"hour": 4, "usage": 56},
				{"hour": 5, "usage": 58},
				{"hour": 6, "usage": 34},
				{"hour": 7, "usage": 20},
				{"hour": 8, "usage": 13},
				{"hour": 9, "usage": 0},
				{"hour": 10, "usage": 39},
				{"hour": 11, "usage": 29},
				{"hour": 12, "usage": 55},
				{"hour": 13, "usage": 59},
				{"hour": 14, "usage": 51},
				{"hour": 15, "usage": 0},
				{"hour": 16, "usage": 1},
				{"hour": 20, "usage": 27},
				{"hour": 22, "usage": 0},
				{"hour": 23, "usage": 42}
			],
			"details": [
				{"appName": "Chrome", "usage": [0, 1, 2, 3, 4, 5, 6, 7, 8, 9, 10, 11, 12, 13, 20, 22, 23]},
				{"appName": "기본홈", "usage": [2, 3, 4, 5, 6, 7, 8, 9, 10, 11, 12, 13, 14, 16, 20, 23]},
				{"appName": "카카오톡", "usage": [3, 4, 6, 7, 8, 9, 10, 11, 13, 14, 16, 20]},
				{"appName": "시스템 UI", "usage": [0, 2, 3, 4, 5, 6, 7, 10, 11, 12, 13, 14]},
				{"appName": "Paco", "usage": [2, 3, 4, 5, 7, 10, 11, 12]},
				{"appName": "YouTube", "usage": [3, 4, 5, 6, 13, 14, 23]},
				{"appName": "네이버 카페", "usage": [0, 2, 6, 11, 12]},
				{"appName": "네이버 지도", "usage": [6, 7, 10, 11, 23]},
				{"appName": "Polar Beat", "usage": [2, 4, 5, 10, 13]},
				{"appName": "통화 화면", "usage": [6, 7, 10, 11]},
				{"appName": "통화 관리", "usage": [6, 7, 11]},
				{"appName": "주소록", "usage": [6, 7, 11]},
				{"appName": "접근성", "usage": [2, 5, 13]},
				{"appName": "Melon", "usage": [6, 10, 11]},
				{"appName": "한컴오피스 viewer", "usage": [9, 10]},
				{"appName": "패키지 설치 프로그램", "usage": [5, 13]},
				{"appName": "알람/시계", "usage": [20, 22]},
				{"appName": "메이비베이비", "usage": [2, 8]},
				{"appName": "갤러리", "usage": [10, 16]},
				{"appName": "Papago", "usage": [4, 8]},
				{"appName": "Logger", "usage": [5, 13]},
				{"appName": "Android 시스템", "usage": [9, 12]},
				{"appName": "카카오 T", "usage": [10]},
				{"appName": "카메라", "usage": [6]},
				{"appName": "원터치개인", "usage": [7]},
				{"appName": "삼성카드", "usage": [10]},
				{"appName": "동영상", "usage": [10]},
				{"appName": "날씨", "usage": [6]},
				{"appName": "계산기", "usage": [7]},
				{"appName": "Q메모+", "usage": [7]},
				{"appName": "Dropsync", "usage": [4]},
				{"appName": "Bluetooth", "usage": [2]}
			]
		},
		"maxTime": {
			"usage": 103,
			"details": [
				{"appName": "YouTube", "usage": 36},
				{"appName": "Chrome", "usage": 32},
				{"appName": "카카오톡", "usage": 7},
				{"appName": "Melon", "usage": 4},
				{"appName": "네이버 지도", "usage": 2},
				{"appName": "네이버 카페", "usage": 1},
				{"appName": "메이비베이비", "usage": 1},
				{"appName": "기본홈", "usage": 1},
				{"appName": "Logger", "usage": 1},
				{"appName": "카카오 T", "usage": 0},
				{"appName": "통화 화면", "usage": 0},
				{"appName": "원터치개인", "usage": 0},
				{"appName": "시스템 UI", "usage": 0},
				{"appName": "Paco", "usage": 0},
				{"appName": "한컴오피스 viewer", "usage": 0},
				{"appName": "Polar Beat", "usage": 0},
				{"appName": "갤러리", "usage": 0},
				{"appName": "카메라", "usage": 0},
				{"appName": "주소록", "usage": 0},
				{"appName": "계산기", "usage": 0},
				{"appName": "동영상", "usage": 0},
				{"appName": "삼성카드", "usage": 0},
				{"appName": "알람/시계", "usage": 0},
				{"appName": "Q메모+", "usage": 0},
				{"appName": "접근성", "usage": 0},
				{"appName": "날씨", "usage": 0},
				{"appName": "Dropsync", "usage": 0},
				{"appName": "Android 시스템", "usage": 0},
				{"appName": "Bluetooth", "usage": 0},
				{"appName": "Papago", "usage": 0},
				{"appName": "패키지 설치 프로그램", "usage": 0},
				{"appName": "통화 관리", "usage": 0}
			]
		},
		"avgTime": {
			"usage": 3,
			"details": [
				{"appName": "YouTube", "usage": 8},
				{"appName": "Chrome", "usage": 4},
				{"appName": "네이버 지도", "usage": 0},
				{"appName": "Logger", "usage": 0},
				{"appName": "네이버 카페", "usage": 0},
				{"appName": "통화 화면", "usage": 0},
				{"appName": "메이비베이비", "usage": 0},
				{"appName": "한컴오피스 viewer", "usage": 0},
				{"appName": "계산기", "usage": 0},
				{"appName": "카메라", "usage": 0},
				{"appName": "갤러리", "usage": 0},
				{"appName": "Melon", "usage": 0},
				{"appName": "카카오톡", "usage": 0},
				{"appName": "카카오 T", "usage": 0},
				{"appName": "원터치개인", "usage": 0},
				{"appName": "Paco", "usage": 0},
				{"appName": "동영상", "usage": 0},
				{"appName": "Polar Beat", "usage": 0},
				{"appName": "날씨", "usage": 0},
				{"appName": "삼성카드", "usage": 0},
				{"appName": "접근성", "usage": 0},
				{"appName": "Dropsync", "usage": 0},
				{"appName": "Q메모+", "usage": 0},
				{"appName": "기본홈", "usage": 0},
				{"appName": "주소록", "usage": 0},
				{"appName": "Android 시스템", "usage": 0},
				{"appName": "알람/시계", "usage": 0},
				{"appName": "시스템 UI", "usage": 0},
				{"appName": "Bluetooth", "usage": 0},
				{"appName": "Papago", "usage": 0},
				{"appName": "패키지 설치 프로그램", "usage": 0},
				{"appName": "통화 관리", "usage": 0}
			]
		},
		"lastPickup": {"time": 0}
	},
	{
		"date": 6,
		"totalTime": {
			"usage": 125,
			"details": [
				{"appName": "Chrome", "usage": 39},
				{"appName": "카카오톡", "usage": 17},
				{"appName": "YouTube", "usage": 14},
				{"appName": "기본홈", "usage": 11},
				{"appName": "Paco", "usage": 8},
				{"appName": "Instagram", "usage": 6},
				{"appName": "카카오 T", "usage": 4},
				{"appName": "네트워크", "usage": 3},
				{"appName": "메시지", "usage": 2},
				{"appName": "카메라", "usage": 2},
				{"appName": "갤러리", "usage": 2},
				{"appName": "통화 화면", "usage": 1},
				{"appName": "캘린더", "usage": 1},
				{"appName": "한컴오피스 viewer", "usage": 0},
				{"appName": "Polar Beat", "usage": 0},
				{"appName": "동영상", "usage": 0},
				{"appName": "네이버 지도", "usage": 0},
				{"appName": "알람/시계", "usage": 0},
				{"appName": "Q메모+", "usage": 0},
				{"appName": "W Concept", "usage": 0},
				{"appName": "시스템 UI", "usage": 0},
				{"appName": "주소록", "usage": 0},
				{"appName": "접근성", "usage": 0},
				{"appName": "ABC Logger", "usage": 0},
				{"appName": "Dropsync", "usage": 0},
				{"appName": "Android 시스템", "usage": 0},
				{"appName": "Shutdown Monitor", "usage": 0},
				{"appName": "Google Play 서비스", "usage": 0},
				{"appName": "Bluetooth", "usage": 0},
				{"appName": "설정", "usage": 0},
				{"appName": "통화 관리", "usage": 0}
			]
		},
		"pickups": {"usage": 200},
		"downTime": {
			"usages": [
				{"hour": 0, "usage": 9},
				{"hour": 1, "usage": 9},
				{"hour": 2, "usage": 1},
				{"hour": 3, "usage": 4},
				{"hour": 4, "usage": 11},
				{"hour": 5, "usage": 8},
				{"hour": 6, "usage": 5},
				{"hour": 7, "usage": 1},
				{"hour": 8, "usage": 2},
				{"hour": 9, "usage": 3},
				{"hour": 10, "usage": 0},
				{"hour": 11, "usage": 1},
				{"hour": 12, "usage": 10},
				{"hour": 13, "usage": 14},
				{"hour": 14, "usage": 3},
				{"hour": 15, "usage": 4},
				{"hour": 16, "usage": 9},
				{"hour": 17, "usage": 22},
				{"hour": 23, "usage": 0}
			],
			"details": [
				{"appName": "기본홈", "usage": [0, 1, 2, 3, 4, 5, 6, 7, 8, 9, 10, 11, 12, 13, 14, 15, 16, 17]},
				{"appName": "카카오톡", "usage": [0, 1, 2, 3, 4, 5, 6, 7, 8, 9, 12, 13, 14, 15, 16, 17]},
				{"appName": "Paco", "usage": [1, 3, 5, 6, 7, 8, 9, 10, 11, 12, 13]},
				{"appName": "시스템 UI", "usage": [0, 4, 6, 7, 10, 16]},
				{"appName": "갤러리", "usage": [1, 3, 4, 13, 15, 17]},
				{"appName": "Chrome", "usage": [0, 1, 4, 9, 13, 17]},
				{"appName": "카메라", "usage": [11, 12, 13, 14]},
				{"appName": "통화 화면", "usage": [3, 15, 16]},
				{"appName": "캘린더", "usage": [15, 16]},
				{"appName": "알람/시계", "usage": [17, 23]},
				{"appName": "메시지", "usage": [0, 6]},
				{"appName": "동영상", "usage": [3, 6]},
				{"appName": "Polar Beat", "usage": [0, 9]},
				{"appName": "Instagram", "usage": [4, 5]},
				{"appName": "한컴오피스 viewer", "usage": [13]},
				{"appName": "통화 관리", "usage": [16]},
				{"appName": "카카오 T", "usage": [16]},
				{"appName": "주소록", "usage": [16]},
				{"appName": "접근성", "usage": [0]},
				{"appName": "설정", "usage": [13]},
				{"appName": "네트워크", "usage": [13]},
				{"appName": "네이버 지도", "usage": [16]},
				{"appName": "YouTube", "usage": [17]},
				{"appName": "W Concept", "usage": [9]},
				{"appName": "Shutdown Monitor", "usage": [13]},
				{"appName": "Q메모+", "usage": [5]},
				{"appName": "Google Play 서비스", "usage": [0]},
				{"appName": "Dropsync", "usage": [6]},
				{"appName": "Bluetooth", "usage": [0]},
				{"appName": "Android 시스템", "usage": [13]},
				{"appName": "ABC Logger", "usage": [6]}
			]
		},
		"maxTime": {
			"usage": 20,
			"details": [
				{"appName": "Chrome", "usage": 18},
				{"appName": "YouTube", "usage": 12},
				{"appName": "Paco", "usage": 4},
				{"appName": "네트워크", "usage": 3},
				{"appName": "기본홈", "usage": 2},
				{"appName": "Instagram", "usage": 2},
				{"appName": "카카오 T", "usage": 1},
				{"appName": "카메라", "usage": 1},
				{"appName": "카카오톡", "usage": 1},
				{"appName": "통화 화면", "usage": 0},
				{"appName": "갤러리", "usage": 0},
				{"appName": "메시지", "usage": 0},
				{"appName": "Polar Beat", "usage": 0},
				{"appName": "한컴오피스 viewer", "usage": 0},
				{"appName": "캘린더", "usage": 0},
				{"appName": "네이버 지도", "usage": 0},
				{"appName": "동영상", "usage": 0},
				{"appName": "알람/시계", "usage": 0},
				{"appName": "Q메모+", "usage": 0},
				{"appName": "W Concept", "usage": 0},
				{"appName": "접근성", "usage": 0},
				{"appName": "ABC Logger", "usage": 0},
				{"appName": "Dropsync", "usage": 0},
				{"appName": "주소록", "usage": 0},
				{"appName": "Android 시스템", "usage": 0},
				{"appName": "Shutdown Monitor", "usage": 0},
				{"appName": "시스템 UI", "usage": 0},
				{"appName": "Google Play 서비스", "usage": 0},
				{"appName": "Bluetooth", "usage": 0},
				{"appName": "설정", "usage": 0},
				{"appName": "통화 관리", "usage": 0}
			]
		},
		"avgTime": {
			"usage": 0,
			"details": [
				{"appName": "YouTube", "usage": 2},
				{"appName": "네트워크", "usage": 1},
				{"appName": "Chrome", "usage": 1},
				{"appName": "Instagram", "usage": 1},
				{"appName": "카메라", "usage": 0},
				{"appName": "통화 화면", "usage": 0},
				{"appName": "메시지", "usage": 0},
				{"appName": "캘린더", "usage": 0},
				{"appName": "갤러리", "usage": 0},
				{"appName": "동영상", "usage": 0},
				{"appName": "카카오 T", "usage": 0},
				{"appName": "한컴오피스 viewer", "usage": 0},
				{"appName": "네이버 지도", "usage": 0},
				{"appName": "Paco", "usage": 0},
				{"appName": "Polar Beat", "usage": 0},
				{"appName": "접근성", "usage": 0},
				{"appName": "기본홈", "usage": 0},
				{"appName": "Dropsync", "usage": 0},
				{"appName": "Q메모+", "usage": 0},
				{"appName": "W Concept", "usage": 0},
				{"appName": "Android 시스템", "usage": 0},
				{"appName": "카카오톡", "usage": 0},
				{"appName": "알람/시계", "usage": 0},
				{"appName": "ABC Logger", "usage": 0},
				{"appName": "주소록", "usage": 0},
				{"appName": "Google Play 서비스", "usage": 0},
				{"appName": "Bluetooth", "usage": 0},
				{"appName": "Shutdown Monitor", "usage": 0},
				{"appName": "시스템 UI", "usage": 0},
				{"appName": "설정", "usage": 0},
				{"appName": "통화 관리", "usage": 0}
			]
		},
		"lastPickup": {"time": 0}
	},
	{
		"date": 7,
		"totalTime": {
			"usage": 223,
			"details": [
				{"appName": "YouTube", "usage": 65},
				{"appName": "Chrome", "usage": 49},
				{"appName": "카카오톡", "usage": 35},
				{"appName": "W Concept", "usage": 15},
				{"appName": "기본홈", "usage": 9},
				{"appName": "Pinterest", "usage": 8},
				{"appName": "고음질 녹음", "usage": 5},
				{"appName": "통화 화면", "usage": 5},
				{"appName": "Paco", "usage": 4},
				{"appName": "Instagram", "usage": 2},
				{"appName": "카메라", "usage": 1},
				{"appName": "알람/시계", "usage": 1},
				{"appName": "디코드", "usage": 0},
				{"appName": "메시지", "usage": 0},
				{"appName": "Q메모+", "usage": 0},
				{"appName": "갤러리", "usage": 0},
				{"appName": "Polar Beat", "usage": 0},
				{"appName": "시스템 UI", "usage": 0},
				{"appName": "동영상", "usage": 0},
				{"appName": "주소록", "usage": 0},
				{"appName": "접근성", "usage": 0},
				{"appName": "메이비베이비", "usage": 0},
				{"appName": "Android 시스템", "usage": 0},
				{"appName": "Logger", "usage": 0},
				{"appName": "Google Play 서비스", "usage": 0},
				{"appName": "패키지 설치 프로그램", "usage": 0},
				{"appName": "Bluetooth", "usage": 0},
				{"appName": "통화 관리", "usage": 0}
			]
		},
		"pickups": {"usage": 184},
		"downTime": {
			"usages": [
				{"hour": 0, "usage": 29},
				{"hour": 1, "usage": 13},
				{"hour": 2, "usage": 9},
				{"hour": 3, "usage": 2},
				{"hour": 4, "usage": 3},
				{"hour": 5, "usage": 8},
				{"hour": 6, "usage": 16},
				{"hour": 7, "usage": 16},
				{"hour": 8, "usage": 7},
				{"hour": 9, "usage": 4},
				{"hour": 10, "usage": 3},
				{"hour": 11, "usage": 6},
				{"hour": 12, "usage": 6},
				{"hour": 13, "usage": 4},
				{"hour": 15, "usage": 23},
				{"hour": 16, "usage": 17},
				{"hour": 19, "usage": 29},
				{"hour": 23, "usage": 3}
			],
			"details": [
				{"appName": "기본홈", "usage": [0, 1, 2, 3, 4, 5, 6, 7, 8, 9, 10, 11, 12, 13, 15, 16, 19, 23]},
				{"appName": "카카오톡", "usage": [1, 2, 3, 4, 5, 6, 7, 8, 9, 10, 11, 12, 15, 19, 23]},
				{"appName": "Paco", "usage": [2, 3, 5, 6, 7, 8, 10, 11, 12, 13, 15]},
				{"appName": "Chrome", "usage": [4, 5, 6, 7, 8, 9, 10, 15, 19]},
				{"appName": "시스템 UI", "usage": [2, 4, 6, 7, 15, 19]},
				{"appName": "Instagram", "usage": [2, 6, 7, 8, 9]},
				{"appName": "통화 화면", "usage": [2, 13, 15, 16]},
				{"appName": "알람/시계", "usage": [0, 19, 21, 23]},
				{"appName": "메시지", "usage": [8, 9, 11, 15]},
				{"appName": "갤러리", "usage": [4, 5, 6, 12]},
				{"appName": "YouTube", "usage": [0, 1, 16, 19]},
				{"appName": "패키지 설치 프로그램", "usage": [1, 5, 15]},
				{"appName": "통화 관리", "usage": [2, 13, 15]},
				{"appName": "카메라", "usage": [9, 12, 13]},
				{"appName": "주소록", "usage": [2, 13, 15]},
				{"appName": "접근성", "usage": [1, 15]},
				{"appName": "Polar Beat", "usage": [1, 15]},
				{"appName": "Pinterest", "usage": [7, 16]},
				{"appName": "Logger", "usage": [1, 15]},
				{"appName": "Bluetooth", "usage": [1, 15]},
				{"appName": "Android 시스템", "usage": [4, 7]},
				{"appName": "메이비베이비", "usage": [9]},
				{"appName": "디코드", "usage": [4]},
				{"appName": "동영상", "usage": [4]},
				{"appName": "고음질 녹음", "usage": [5]},
				{"appName": "W Concept", "usage": [19]},
				{"appName": "Q메모+", "usage": [8]},
				{"appName": "Google Play 서비스", "usage": [15]}
			]
		},
		"maxTime": {
			"usage": 29,
			"details": [
				{"appName": "YouTube", "usage": 19},
				{"appName": "Chrome", "usage": 10},
				{"appName": "Pinterest", "usage": 6},
				{"appName": "고음질 녹음", "usage": 5},
				{"appName": "W Concept", "usage": 4},
				{"appName": "카카오톡", "usage": 4},
				{"appName": "기본홈", "usage": 3},
				{"appName": "통화 화면", "usage": 2},
				{"appName": "Instagram", "usage": 1},
				{"appName": "알람/시계", "usage": 0},
				{"appName": "메시지", "usage": 0},
				{"appName": "카메라", "usage": 0},
				{"appName": "디코드", "usage": 0},
				{"appName": "Paco", "usage": 0},
				{"appName": "Polar Beat", "usage": 0},
				{"appName": "동영상", "usage": 0},
				{"appName": "접근성", "usage": 0},
				{"appName": "갤러리", "usage": 0},
				{"appName": "메이비베이비", "usage": 0},
				{"appName": "Q메모+", "usage": 0},
				{"appName": "주소록", "usage": 0},
				{"appName": "시스템 UI", "usage": 0},
				{"appName": "Google Play 서비스", "usage": 0},
				{"appName": "Android 시스템", "usage": 0},
				{"appName": "Bluetooth", "usage": 0},
				{"appName": "패키지 설치 프로그램", "usage": 0},
				{"appName": "Logger", "usage": 0},
				{"appName": "통화 관리", "usage": 0}
			]
		},
		"avgTime": {
			"usage": 1,
			"details": [
				{"appName": "YouTube", "usage": 3},
				{"appName": "W Concept", "usage": 2},
				{"appName": "Chrome", "usage": 1},
				{"appName": "Pinterest", "usage": 1},
				{"appName": "고음질 녹음", "usage": 0},
				{"appName": "통화 화면", "usage": 0},
				{"appName": "Instagram", "usage": 0},
				{"appName": "카메라", "usage": 0},
				{"appName": "디코드", "usage": 0},
				{"appName": "동영상", "usage": 0},
				{"appName": "접근성", "usage": 0},
				{"appName": "카카오톡", "usage": 0},
				{"appName": "메시지", "usage": 0},
				{"appName": "기본홈", "usage": 0},
				{"appName": "메이비베이비", "usage": 0},
				{"appName": "갤러리", "usage": 0},
				{"appName": "Paco", "usage": 0},
				{"appName": "Polar Beat", "usage": 0},
				{"appName": "알람/시계", "usage": 0},
				{"appName": "Google Play 서비스", "usage": 0},
				{"appName": "Q메모+", "usage": 0},
				{"appName": "Android 시스템", "usage": 0},
				{"appName": "주소록", "usage": 0},
				{"appName": "시스템 UI", "usage": 0},
				{"appName": "Bluetooth", "usage": 0},
				{"appName": "Logger", "usage": 0},
				{"appName": "패키지 설치 프로그램", "usage": 0},
				{"appName": "통화 관리", "usage": 0}
			]
		},
		"lastPickup": {"time": 17}
	}
]
