[
	{
		"date": 1,
		"totalTime": {
			"usage": 201,
			"details": [
				{"appName": "삼성 인터넷", "usage": 97},
				{"appName": "YouTube", "usage": 33},
				{"appName": "카카오톡", "usage": 14},
				{"appName": "토스", "usage": 9},
				{"appName": "m.Stock", "usage": 9},
				{"appName": "Samsung Experience 홈", "usage": 7},
				{"appName": "Paco", "usage": 5},
				{"appName": "메시지", "usage": 3},
				{"appName": "Google PDF 뷰어", "usage": 2},
				{"appName": "갤러리", "usage": 1},
				{"appName": "연락처", "usage": 1},
				{"appName": "캘린더", "usage": 1},
				{"appName": "Polar Beat", "usage": 1},
				{"appName": "설정", "usage": 1},
				{"appName": "시스템 UI", "usage": 1},
				{"appName": "Gmail", "usage": 1},
				{"appName": "올원페이 (NH앱카드)", "usage": 1},
				{"appName": "날씨", "usage": 0},
				{"appName": "Logger", "usage": 0},
				{"appName": "KAIST 전자식복무관리시스템", "usage": 0},
				{"appName": "시계", "usage": 0},
				{"appName": "ABC Logger", "usage": 0},
				{"appName": "디바이스 관리", "usage": 0},
				{"appName": "Google Play 서비스", "usage": 0},
				{"appName": "패키지 설치 프로그램", "usage": 0}
			]
		},
		"pickups": {"usage": 63},
		"downTime": {
			"usages": [
				{"hour": 0, "usage": 29},
				{"hour": 1, "usage": 16},
				{"hour": 2, "usage": 6},
				{"hour": 3, "usage": 1},
				{"hour": 5, "usage": 0},
				{"hour": 6, "usage": 1},
				{"hour": 7, "usage": 0},
				{"hour": 8, "usage": 0},
				{"hour": 10, "usage": 18},
				{"hour": 11, "usage": 7},
				{"hour": 12, "usage": 41},
				{"hour": 13, "usage": 0},
				{"hour": 14, "usage": 4},
				{"hour": 15, "usage": 57},
				{"hour": 16, "usage": 13},
				{"hour": 20, "usage": 0}
			],
			"details": [
				{"appName": "Samsung Experience 홈", "usage": [0, 1, 2, 3, 5, 6, 7, 8, 10, 11, 12, 13, 14, 15, 16]},
				{"appName": "카카오톡", "usage": [0, 1, 2, 3, 6, 10, 11, 12, 13, 14]},
				{"appName": "캘린더", "usage": [1, 2, 3, 5, 6, 7, 10, 11, 12]},
				{"appName": "삼성 인터넷", "usage": [0, 1, 10, 11, 12, 13, 14, 15, 16]},
				{"appName": "Paco", "usage": [1, 2, 3, 6, 7, 8, 10, 11, 12]},
				{"appName": "시스템 UI", "usage": [0, 1, 2, 6, 11, 12, 15]},
				{"appName": "Gmail", "usage": [0, 1, 7, 8, 10, 11]},
				{"appName": "갤러리", "usage": [0, 1, 11, 12]},
				{"appName": "시계", "usage": [0, 15, 16]},
				{"appName": "메시지", "usage": [2, 10, 15]},
				{"appName": "YouTube", "usage": [10, 14, 15]},
				{"appName": "토스", "usage": [11, 15]},
				{"appName": "올원페이 (NH앱카드)", "usage": [1, 2]},
				{"appName": "설정", "usage": [1, 12]},
				{"appName": "m.Stock", "usage": [0, 15]},
				{"appName": "Polar Beat", "usage": [1, 12]},
				{"appName": "KAIST 전자식복무관리시스템", "usage": [1, 10]},
				{"appName": "Google PDF 뷰어", "usage": [0, 12]},
				{"appName": "패키지 설치 프로그램", "usage": [1]},
				{"appName": "연락처", "usage": [2]},
				{"appName": "디바이스 관리", "usage": [10]},
				{"appName": "날씨", "usage": [1]},
				{"appName": "Logger", "usage": [1]},
				{"appName": "Google Play 서비스", "usage": [12]},
				{"appName": "ABC Logger", "usage": [3]}
			]
		},
		"maxTime": {
			"usage": 35,
			"details": [
				{"appName": "YouTube", "usage": 28},
				{"appName": "삼성 인터넷", "usage": 15},
				{"appName": "m.Stock", "usage": 4},
				{"appName": "카카오톡", "usage": 3},
				{"appName": "Google PDF 뷰어", "usage": 1},
				{"appName": "메시지", "usage": 0},
				{"appName": "토스", "usage": 0},
				{"appName": "연락처", "usage": 0},
				{"appName": "Paco", "usage": 0},
				{"appName": "Polar Beat", "usage": 0},
				{"appName": "Samsung Experience 홈", "usage": 0},
				{"appName": "설정", "usage": 0},
				{"appName": "캘린더", "usage": 0},
				{"appName": "올원페이 (NH앱카드)", "usage": 0},
				{"appName": "Gmail", "usage": 0},
				{"appName": "날씨", "usage": 0},
				{"appName": "시스템 UI", "usage": 0},
				{"appName": "갤러리", "usage": 0},
				{"appName": "Logger", "usage": 0},
				{"appName": "KAIST 전자식복무관리시스템", "usage": 0},
				{"appName": "ABC Logger", "usage": 0},
				{"appName": "시계", "usage": 0},
				{"appName": "디바이스 관리", "usage": 0},
				{"appName": "Google Play 서비스", "usage": 0},
				{"appName": "패키지 설치 프로그램", "usage": 0}
			]
		},
		"avgTime": {
			"usage": 3,
			"details": [
				{"appName": "YouTube", "usage": 8},
				{"appName": "m.Stock", "usage": 1},
				{"appName": "삼성 인터넷", "usage": 1},
				{"appName": "Google PDF 뷰어", "usage": 0},
				{"appName": "연락처", "usage": 0},
				{"appName": "날씨", "usage": 0},
				{"appName": "메시지", "usage": 0},
				{"appName": "KAIST 전자식복무관리시스템", "usage": 0},
				{"appName": "갤러리", "usage": 0},
				{"appName": "Polar Beat", "usage": 0},
				{"appName": "Gmail", "usage": 0},
				{"appName": "Paco", "usage": 0},
				{"appName": "카카오톡", "usage": 0},
				{"appName": "Logger", "usage": 0},
				{"appName": "캘린더", "usage": 0},
				{"appName": "디바이스 관리", "usage": 0},
				{"appName": "설정", "usage": 0},
				{"appName": "ABC Logger", "usage": 0},
				{"appName": "Samsung Experience 홈", "usage": 0},
				{"appName": "토스", "usage": 0},
				{"appName": "Google Play 서비스", "usage": 0},
				{"appName": "올원페이 (NH앱카드)", "usage": 0},
				{"appName": "시계", "usage": 0},
				{"appName": "시스템 UI", "usage": 0},
				{"appName": "패키지 설치 프로그램", "usage": 0}
			]
		},
		"lastPickup": {"time": 0}
	},
	{
		"date": 2,
		"totalTime": {
			"usage": 133,
			"details": [
				{"appName": "삼성 인터넷", "usage": 71},
				{"appName": "카카오톡", "usage": 12},
				{"appName": "Samsung Experience 홈", "usage": 8},
				{"appName": "Paco", "usage": 4},
				{"appName": "토스", "usage": 4},
				{"appName": "Gmail", "usage": 4},
				{"appName": "메시지", "usage": 4},
				{"appName": "RealCalc", "usage": 3},
				{"appName": "카카오맵", "usage": 2},
				{"appName": "캘린더", "usage": 2},
				{"appName": "YouTube", "usage": 2},
				{"appName": "설정", "usage": 1},
				{"appName": "Polar Beat", "usage": 1},
				{"appName": "갤러리", "usage": 1},
				{"appName": "전화", "usage": 0},
				{"appName": "Dropsync", "usage": 0},
				{"appName": "날씨", "usage": 0},
				{"appName": "시스템 UI", "usage": 0},
				{"appName": "KAIST 전자식복무관리시스템", "usage": 0},
				{"appName": "시계", "usage": 0},
				{"appName": "파인더", "usage": 0},
				{"appName": "리마인더", "usage": 0},
				{"appName": "Logger", "usage": 0},
				{"appName": "디바이스 관리", "usage": 0},
				{"appName": "연락처", "usage": 0},
				{"appName": "패키지 설치 프로그램", "usage": 0}
			]
		},
		"pickups": {"usage": 101},
		"downTime": {
			"usages": [
				{"hour": 0, "usage": 38},
				{"hour": 1, "usage": 11},
				{"hour": 2, "usage": 0},
				{"hour": 3, "usage": 1},
				{"hour": 4, "usage": 1},
				{"hour": 5, "usage": 6},
				{"hour": 6, "usage": 15},
				{"hour": 7, "usage": 0},
				{"hour": 8, "usage": 11},
				{"hour": 9, "usage": 3},
				{"hour": 10, "usage": 6},
				{"hour": 11, "usage": 3},
				{"hour": 12, "usage": 4},
				{"hour": 13, "usage": 22},
				{"hour": 14, "usage": 1},
				{"hour": 16, "usage": 0},
				{"hour": 20, "usage": 0},
				{"hour": 23, "usage": 0}
			],
			"details": [
				{"appName": "Samsung Experience 홈", "usage": [0, 1, 2, 3, 4, 5, 6, 8, 9, 10, 11, 12, 13, 14, 16, 23]},
				{"appName": "Paco", "usage": [1, 2, 3, 4, 5, 6, 7, 8, 9, 11, 12, 13]},
				{"appName": "삼성 인터넷", "usage": [0, 1, 3, 6, 7, 8, 9, 10, 11, 12, 13]},
				{"appName": "카카오톡", "usage": [1, 2, 5, 8, 10, 12, 13, 14, 16]},
				{"appName": "시스템 UI", "usage": [0, 1, 6, 8, 9, 10, 12, 13]},
				{"appName": "Gmail", "usage": [0, 1, 4, 5, 6, 8, 9, 13]},
				{"appName": "토스", "usage": [0, 5, 6, 8, 9]},
				{"appName": "캘린더", "usage": [1, 4, 5, 6, 13]},
				{"appName": "설정", "usage": [0, 1, 8, 13, 14]},
				{"appName": "카카오맵", "usage": [8, 9, 10, 13]},
				{"appName": "메시지", "usage": [0, 8, 12, 13]},
				{"appName": "패키지 설치 프로그램", "usage": [1, 11, 13]},
				{"appName": "갤러리", "usage": [0, 1, 13]},
				{"appName": "YouTube", "usage": [11, 12, 13]},
				{"appName": "전화", "usage": [0, 4]},
				{"appName": "시계", "usage": [0, 16]},
				{"appName": "Polar Beat", "usage": [1, 13]},
				{"appName": "Logger", "usage": [1, 13]},
				{"appName": "KAIST 전자식복무관리시스템", "usage": [1, 10]},
				{"appName": "파인더", "usage": [13]},
				{"appName": "연락처", "usage": [0]},
				{"appName": "리마인더", "usage": [0]},
				{"appName": "디바이스 관리", "usage": [12]},
				{"appName": "날씨", "usage": [1]},
				{"appName": "RealCalc", "usage": [13]},
				{"appName": "Dropsync", "usage": [8]}
			]
		},
		"maxTime": {
			"usage": 34,
			"details": [
				{"appName": "삼성 인터넷", "usage": 15},
				{"appName": "RealCalc", "usage": 2},
				{"appName": "카카오맵", "usage": 1},
				{"appName": "Gmail", "usage": 1},
				{"appName": "메시지", "usage": 1},
				{"appName": "카카오톡", "usage": 1},
				{"appName": "Polar Beat", "usage": 0},
				{"appName": "YouTube", "usage": 0},
				{"appName": "Samsung Experience 홈", "usage": 0},
				{"appName": "캘린더", "usage": 0},
				{"appName": "설정", "usage": 0},
				{"appName": "토스", "usage": 0},
				{"appName": "갤러리", "usage": 0},
				{"appName": "날씨", "usage": 0},
				{"appName": "Paco", "usage": 0},
				{"appName": "전화", "usage": 0},
				{"appName": "파인더", "usage": 0},
				{"appName": "리마인더", "usage": 0},
				{"appName": "Dropsync", "usage": 0},
				{"appName": "시스템 UI", "usage": 0},
				{"appName": "KAIST 전자식복무관리시스템", "usage": 0},
				{"appName": "시계", "usage": 0},
				{"appName": "연락처", "usage": 0},
				{"appName": "Logger", "usage": 0},
				{"appName": "디바이스 관리", "usage": 0},
				{"appName": "패키지 설치 프로그램", "usage": 0}
			]
		},
		"avgTime": {
			"usage": 1,
			"details": [
				{"appName": "삼성 인터넷", "usage": 1},
				{"appName": "RealCalc", "usage": 0},
				{"appName": "YouTube", "usage": 0},
				{"appName": "메시지", "usage": 0},
				{"appName": "Gmail", "usage": 0},
				{"appName": "Polar Beat", "usage": 0},
				{"appName": "날씨", "usage": 0},
				{"appName": "파인더", "usage": 0},
				{"appName": "갤러리", "usage": 0},
				{"appName": "카카오맵", "usage": 0},
				{"appName": "리마인더", "usage": 0},
				{"appName": "KAIST 전자식복무관리시스템", "usage": 0},
				{"appName": "캘린더", "usage": 0},
				{"appName": "토스", "usage": 0},
				{"appName": "카카오톡", "usage": 0},
				{"appName": "전화", "usage": 0},
				{"appName": "Dropsync", "usage": 0},
				{"appName": "설정", "usage": 0},
				{"appName": "Paco", "usage": 0},
				{"appName": "Samsung Experience 홈", "usage": 0},
				{"appName": "연락처", "usage": 0},
				{"appName": "디바이스 관리", "usage": 0},
				{"appName": "시스템 UI", "usage": 0},
				{"appName": "Logger", "usage": 0},
				{"appName": "시계", "usage": 0},
				{"appName": "패키지 설치 프로그램", "usage": 0}
			]
		},
		"lastPickup": {"time": 0}
	},
	{
		"date": 3,
		"totalTime": {
			"usage": 228,
			"details": [
				{"appName": "", "usage": 369},
				{"appName": "삼성 인터넷", "usage": 130},
				{"appName": "캘린더", "usage": 21},
				{"appName": "카카오톡", "usage": 14},
				{"appName": "Samsung Experience 홈", "usage": 12},
				{"appName": "Google PDF 뷰어", "usage": 8},
				{"appName": "Gmail", "usage": 6},
				{"appName": "카카오맵", "usage": 4},
				{"appName": "Paco", "usage": 4},
				{"appName": "코레일톡", "usage": 3},
				{"appName": "설정", "usage": 2},
				{"appName": "Polar Beat", "usage": 2},
				{"appName": "시외버스 모바일", "usage": 2},
				{"appName": "메시지", "usage": 2},
				{"appName": "전화", "usage": 1},
				{"appName": "쏘카", "usage": 1},
				{"appName": "지하철종결자", "usage": 1},
				{"appName": "연락처", "usage": 0},
				{"appName": "시스템 UI", "usage": 0},
				{"appName": "Samsung Pay", "usage": 0},
				{"appName": "날씨", "usage": 0},
				{"appName": "KAIST 전자식복무관리시스템", "usage": 0},
				{"appName": "Logger", "usage": 0},
				{"appName": "Google Play 스토어", "usage": 0},
				{"appName": "패키지 설치 프로그램", "usage": 0},
				{"appName": "안드로이드 시스템", "usage": 0},
				{"appName": "리마인더", "usage": 0},
				{"appName": "ABC Logger", "usage": 0},
				{"appName": "Samsung Pass 자동 완성", "usage": 0},
				{"appName": "시계", "usage": 0}
			]
		},
		"pickups": {"usage": 130},
		"downTime": {
			"usages": [
				{"hour": 0, "usage": 45},
				{"hour": 1, "usage": 2},
				{"hour": 2, "usage": 12},
				{"hour": 3, "usage": 3},
				{"hour": 4, "usage": 1},
				{"hour": 5, "usage": 31},
				{"hour": 6, "usage": 13},
				{"hour": 7, "usage": 1},
				{"hour": 8, "usage": 5},
				{"hour": 9, "usage": 7},
				{"hour": 10, "usage": 3},
				{"hour": 11, "usage": 6},
				{"hour": 12, "usage": 16},
				{"hour": 13, "usage": 8},
				{"hour": 14, "usage": 48},
				{"hour": 15, "usage": 0},
				{"hour": 16, "usage": 20},
				{"hour": 19, "usage": 0}
			],
			"details": [
				{"appName": "Samsung Experience 홈", "usage": [0, 1, 2, 3, 4, 5, 6, 7, 8, 9, 10, 11, 12, 13, 14, 15, 16]},
				{"appName": "캘린더", "usage": [0, 1, 2, 5, 6, 8, 9, 10, 11, 12, 13, 14, 15, 16]},
				{"appName": "카카오톡", "usage": [0, 1, 2, 3, 4, 6, 7, 8, 9, 10, 13, 14, 15, 16]},
				{"appName": "삼성 인터넷", "usage": [0, 1, 2, 3, 5, 6, 11, 12, 13, 14, 15, 16]},
				{"appName": "Paco", "usage": [1, 2, 3, 5, 6, 7, 8, 9, 11, 12, 16]},
				{"appName": "시스템 UI", "usage": [0, 2, 3, 4, 5, 6, 7, 16]},
				{"appName": "Gmail", "usage": [0, 2, 6, 8, 10, 11, 14, 16]},
				{"appName": "패키지 설치 프로그램", "usage": [0, 4, 5, 6, 8, 9, 14]},
				{"appName": "설정", "usage": [0, 3, 4, 7, 8, 9, 13]},
				{"appName": "Polar Beat", "usage": [0, 3, 4, 6, 11, 12, 13]},
				{"appName": "", "usage": [0, 1, 2, 3, 4, 5, 6]},
				{"appName": "카카오맵", "usage": [3, 5, 6, 10, 11]},
				{"appName": "전화", "usage": [0, 2, 9, 10, 12]},
				{"appName": "연락처", "usage": [2, 9, 10, 12]},
				{"appName": "메시지", "usage": [6, 8, 12, 14]},
				{"appName": "Logger", "usage": [0, 4, 6, 8]},
				{"appName": "Samsung Pay", "usage": [6, 11, 12]},
				{"appName": "코레일톡", "usage": [5, 9]},
				{"appName": "KAIST 전자식복무관리시스템", "usage": [0, 9]},
				{"appName": "지하철종결자", "usage": [5]},
				{"appName": "안드로이드 시스템", "usage": [14]},
				{"appName": "쏘카", "usage": [6]},
				{"appName": "시외버스 모바일", "usage": [5]},
				{"appName": "시계", "usage": [23]},
				{"appName": "리마인더", "usage": [5]},
				{"appName": "날씨", "usage": [0]},
				{"appName": "Samsung Pass 자동 완성", "usage": [6]},
				{"appName": "Google Play 스토어", "usage": [5]},
				{"appName": "Google PDF 뷰어", "usage": [14]},
				{"appName": "ABC Logger", "usage": [9]}
			]
		},
		"maxTime": {
			"usage": 46,
			"details": [
				{"appName": "", "usage": 367},
				{"appName": "삼성 인터넷", "usage": 24},
				{"appName": "Google PDF 뷰어", "usage": 4},
				{"appName": "캘린더", "usage": 4},
				{"appName": "Gmail", "usage": 2},
				{"appName": "메시지", "usage": 1},
				{"appName": "카카오톡", "usage": 1},
				{"appName": "카카오맵", "usage": 0},
				{"appName": "시외버스 모바일", "usage": 0},
				{"appName": "Polar Beat", "usage": 0},
				{"appName": "쏘카", "usage": 0},
				{"appName": "Samsung Pay", "usage": 0},
				{"appName": "Samsung Experience 홈", "usage": 0},
				{"appName": "설정", "usage": 0},
				{"appName": "Paco", "usage": 0},
				{"appName": "날씨", "usage": 0},
				{"appName": "코레일톡", "usage": 0},
				{"appName": "전화", "usage": 0},
				{"appName": "지하철종결자", "usage": 0},
				{"appName": "시스템 UI", "usage": 0},
				{"appName": "KAIST 전자식복무관리시스템", "usage": 0},
				{"appName": "연락처", "usage": 0},
				{"appName": "Google Play 스토어", "usage": 0},
				{"appName": "Logger", "usage": 0},
				{"appName": "안드로이드 시스템", "usage": 0},
				{"appName": "패키지 설치 프로그램", "usage": 0},
				{"appName": "리마인더", "usage": 0},
				{"appName": "Samsung Pass 자동 완성", "usage": 0},
				{"appName": "ABC Logger", "usage": 0},
				{"appName": "시계", "usage": 0}
			]
		},
		"avgTime": {
			"usage": 1,
			"details": [
				{"appName": "", "usage": 73},
				{"appName": "Google PDF 뷰어", "usage": 4},
				{"appName": "삼성 인터넷", "usage": 1},
				{"appName": "Gmail", "usage": 0},
				{"appName": "카카오맵", "usage": 0},
				{"appName": "날씨", "usage": 0},
				{"appName": "캘린더", "usage": 0},
				{"appName": "Polar Beat", "usage": 0},
				{"appName": "메시지", "usage": 0},
				{"appName": "Samsung Pay", "usage": 0},
				{"appName": "쏘카", "usage": 0},
				{"appName": "시외버스 모바일", "usage": 0},
				{"appName": "코레일톡", "usage": 0},
				{"appName": "KAIST 전자식복무관리시스템", "usage": 0},
				{"appName": "카카오톡", "usage": 0},
				{"appName": "지하철종결자", "usage": 0},
				{"appName": "전화", "usage": 0},
				{"appName": "Samsung Experience 홈", "usage": 0},
				{"appName": "Paco", "usage": 0},
				{"appName": "설정", "usage": 0},
				{"appName": "안드로이드 시스템", "usage": 0},
				{"appName": "연락처", "usage": 0},
				{"appName": "Logger", "usage": 0},
				{"appName": "시스템 UI", "usage": 0},
				{"appName": "Google Play 스토어", "usage": 0},
				{"appName": "리마인더", "usage": 0},
				{"appName": "Samsung Pass 자동 완성", "usage": 0},
				{"appName": "ABC Logger", "usage": 0},
				{"appName": "패키지 설치 프로그램", "usage": 0},
				{"appName": "시계", "usage": 0}
			]
		},
		"lastPickup": {"time": 0}
	},
	{
		"date": 4,
		"totalTime": {
			"usage": 284,
			"details": [
				{"appName": "삼성 인터넷", "usage": 168},
				{"appName": "YouTube", "usage": 57},
				{"appName": "카카오톡", "usage": 30},
				{"appName": "Samsung Experience 홈", "usage": 6},
				{"appName": "Paco", "usage": 4},
				{"appName": "토스", "usage": 2},
				{"appName": "전화", "usage": 1},
				{"appName": "캘린더", "usage": 1},
				{"appName": "설정", "usage": 1},
				{"appName": "갤러리", "usage": 1},
				{"appName": "카카오맵", "usage": 1},
				{"appName": "메시지", "usage": 1},
				{"appName": "Samsung Pay", "usage": 0},
				{"appName": "Polar Beat", "usage": 0},
				{"appName": "Gmail", "usage": 0},
				{"appName": "고속버스 모바일", "usage": 0},
				{"appName": "시스템 UI", "usage": 0},
				{"appName": "시계", "usage": 0},
				{"appName": "Logger", "usage": 0},
				{"appName": "날씨", "usage": 0},
				{"appName": "ABC Logger", "usage": 0},
				{"appName": "패키지 설치 프로그램", "usage": 0}
			]
		},
		"pickups": {"usage": 119},
		"downTime": {
			"usages": [
				{"hour": 0, "usage": 0},
				{"hour": 1, "usage": 0},
				{"hour": 2, "usage": 18},
				{"hour": 3, "usage": 22},
				{"hour": 4, "usage": 4},
				{"hour": 5, "usage": 12},
				{"hour": 6, "usage": 9},
				{"hour": 7, "usage": 12},
				{"hour": 8, "usage": 24},
				{"hour": 9, "usage": 9},
				{"hour": 10, "usage": 30},
				{"hour": 11, "usage": 30},
				{"hour": 12, "usage": 14},
				{"hour": 13, "usage": 19},
				{"hour": 14, "usage": 2},
				{"hour": 15, "usage": 1},
				{"hour": 16, "usage": 0},
				{"hour": 17, "usage": 41},
				{"hour": 18, "usage": 27},
				{"hour": 22, "usage": 0}
			],
			"details": [
				{"appName": "Samsung Experience 홈", "usage": [0, 2, 3, 5, 6, 7, 8, 9, 10, 11, 12, 13, 14, 15, 16, 17, 18]},
				{"appName": "카카오톡", "usage": [2, 3, 5, 7, 8, 9, 10, 11, 12, 13, 14, 15, 16, 17]},
				{"appName": "삼성 인터넷", "usage": [0, 2, 3, 4, 5, 6, 7, 8, 9, 11, 12, 13, 17, 18]},
				{"appName": "Paco", "usage": [2, 3, 5, 6, 7, 8, 9, 10, 11, 12]},
				{"appName": "시스템 UI", "usage": [2, 3, 7, 8, 10, 11, 12, 13, 15]},
				{"appName": "설정", "usage": [2, 3, 6, 7, 11]},
				{"appName": "캘린더", "usage": [6, 8, 12, 14]},
				{"appName": "전화", "usage": [2, 3, 11]},
				{"appName": "메시지", "usage": [2, 6, 7]},
				{"appName": "YouTube", "usage": [9, 10, 18]},
				{"appName": "Polar Beat", "usage": [3, 7, 11]},
				{"appName": "토스", "usage": [8, 13]},
				{"appName": "카카오맵", "usage": [8, 11]},
				{"appName": "시계", "usage": [0, 18]},
				{"appName": "갤러리", "usage": [6, 7]},
				{"appName": "Samsung Pay", "usage": [7, 12]},
				{"appName": "패키지 설치 프로그램", "usage": [3]},
				{"appName": "날씨", "usage": [6]},
				{"appName": "고속버스 모바일", "usage": [14]},
				{"appName": "Logger", "usage": [3]},
				{"appName": "Gmail", "usage": [2]},
				{"appName": "ABC Logger", "usage": [6]}
			]
		},
		"maxTime": {
			"usage": 68,
			"details": [
				{"appName": "삼성 인터넷", "usage": 42},
				{"appName": "YouTube", "usage": 23},
				{"appName": "전화", "usage": 1},
				{"appName": "카카오톡", "usage": 1},
				{"appName": "갤러리", "usage": 1},
				{"appName": "캘린더", "usage": 0},
				{"appName": "Samsung Pay", "usage": 0},
				{"appName": "Samsung Experience 홈", "usage": 0},
				{"appName": "토스", "usage": 0},
				{"appName": "카카오맵", "usage": 0},
				{"appName": "Paco", "usage": 0},
				{"appName": "메시지", "usage": 0},
				{"appName": "Polar Beat", "usage": 0},
				{"appName": "고속버스 모바일", "usage": 0},
				{"appName": "Gmail", "usage": 0},
				{"appName": "설정", "usage": 0},
				{"appName": "시계", "usage": 0},
				{"appName": "날씨", "usage": 0},
				{"appName": "시스템 UI", "usage": 0},
				{"appName": "Logger", "usage": 0},
				{"appName": "ABC Logger", "usage": 0},
				{"appName": "패키지 설치 프로그램", "usage": 0}
			]
		},
		"avgTime": {
			"usage": 2,
			"details": [
				{"appName": "YouTube", "usage": 3},
				{"appName": "삼성 인터넷", "usage": 1},
				{"appName": "갤러리", "usage": 0},
				{"appName": "전화", "usage": 0},
				{"appName": "캘린더", "usage": 0},
				{"appName": "메시지", "usage": 0},
				{"appName": "Samsung Pay", "usage": 0},
				{"appName": "Gmail", "usage": 0},
				{"appName": "카카오맵", "usage": 0},
				{"appName": "고속버스 모바일", "usage": 0},
				{"appName": "날씨", "usage": 0},
				{"appName": "토스", "usage": 0},
				{"appName": "시계", "usage": 0},
				{"appName": "카카오톡", "usage": 0},
				{"appName": "Polar Beat", "usage": 0},
				{"appName": "Paco", "usage": 0},
				{"appName": "Samsung Experience 홈", "usage": 0},
				{"appName": "설정", "usage": 0},
				{"appName": "Logger", "usage": 0},
				{"appName": "시스템 UI", "usage": 0},
				{"appName": "ABC Logger", "usage": 0},
				{"appName": "패키지 설치 프로그램", "usage": 0}
			]
		},
		"lastPickup": {"time": 0}
	},
	{
		"date": 5,
		"totalTime": {
			"usage": 179,
			"details": [
				{"appName": "삼성 인터넷", "usage": 67},
				{"appName": "YouTube", "usage": 57},
				{"appName": "카카오톡", "usage": 26},
				{"appName": "Samsung Experience 홈", "usage": 5},
				{"appName": "카카오맵", "usage": 4},
				{"appName": "캘린더", "usage": 3},
				{"appName": "Paco", "usage": 2},
				{"appName": "설정", "usage": 2},
				{"appName": "Polar Beat", "usage": 2},
				{"appName": "날씨", "usage": 1},
				{"appName": "전화", "usage": 1},
				{"appName": "올원페이 (NH앱카드)", "usage": 0},
				{"appName": "알파카", "usage": 0},
				{"appName": "Samsung Pay", "usage": 0},
				{"appName": "시스템 UI", "usage": 0},
				{"appName": "메시지", "usage": 0},
				{"appName": "시계", "usage": 0},
				{"appName": "연락처", "usage": 0},
				{"appName": "Logger", "usage": 0},
				{"appName": "패키지 설치 프로그램", "usage": 0},
				{"appName": "AhnLab V3 Mobile Plus 2.0", "usage": 0}
			]
		},
		"pickups": {"usage": 104},
		"downTime": {
			"usages": [
				{"hour": 1, "usage": 0},
				{"hour": 2, "usage": 48},
				{"hour": 3, "usage": 28},
				{"hour": 4, "usage": 4},
				{"hour": 5, "usage": 14},
				{"hour": 6, "usage": 2},
				{"hour": 7, "usage": 41},
				{"hour": 8, "usage": 17},
				{"hour": 9, "usage": 7},
				{"hour": 10, "usage": 0},
				{"hour": 11, "usage": 1},
				{"hour": 12, "usage": 1},
				{"hour": 13, "usage": 3},
				{"hour": 14, "usage": 2},
				{"hour": 15, "usage": 2},
				{"hour": 16, "usage": 2},
				{"hour": 17, "usage": 0},
				{"hour": 21, "usage": 0}
			],
			"details": [
				{"appName": "Samsung Experience 홈", "usage": [2, 3, 4, 5, 6, 7, 8, 9, 10, 11, 12, 13, 14, 15, 16, 17]},
				{"appName": "삼성 인터넷", "usage": [2, 3, 4, 5, 6, 7, 8, 9, 11, 12, 13, 14, 15, 16]},
				{"appName": "카카오톡", "usage": [2, 3, 4, 5, 7, 8, 9, 10, 11, 12, 14, 15, 16]},
				{"appName": "Paco", "usage": [3, 4, 5, 6, 7, 8, 9, 10, 11, 12]},
				{"appName": "설정", "usage": [3, 4, 5, 6, 7, 9, 15, 16, 17]},
				{"appName": "Polar Beat", "usage": [3, 4, 5, 6, 7, 13, 17]},
				{"appName": "시스템 UI", "usage": [2, 3, 7, 8, 11]},
				{"appName": "날씨", "usage": [3, 5, 7, 16]},
				{"appName": "YouTube", "usage": [2, 3, 5, 7]},
				{"appName": "캘린더", "usage": [9, 10, 15]},
				{"appName": "패키지 설치 프로그램", "usage": [7, 8]},
				{"appName": "올원페이 (NH앱카드)", "usage": [7, 8]},
				{"appName": "Samsung Pay", "usage": [3, 8]},
				{"appName": "AhnLab V3 Mobile Plus 2.0", "usage": [7, 8]},
				{"appName": "카카오맵", "usage": [3]},
				{"appName": "전화", "usage": [5]},
				{"appName": "연락처", "usage": [5]},
				{"appName": "알파카", "usage": [3]},
				{"appName": "시계", "usage": [15]},
				{"appName": "메시지", "usage": [8]},
				{"appName": "Logger", "usage": [7]}
			]
		},
		"maxTime": {
			"usage": 35,
			"details": [
				{"appName": "YouTube", "usage": 29},
				{"appName": "삼성 인터넷", "usage": 12},
				{"appName": "카카오톡", "usage": 5},
				{"appName": "카카오맵", "usage": 1},
				{"appName": "캘린더", "usage": 0},
				{"appName": "전화", "usage": 0},
				{"appName": "Polar Beat", "usage": 0},
				{"appName": "알파카", "usage": 0},
				{"appName": "날씨", "usage": 0},
				{"appName": "설정", "usage": 0},
				{"appName": "Samsung Pay", "usage": 0},
				{"appName": "Samsung Experience 홈", "usage": 0},
				{"appName": "Paco", "usage": 0},
				{"appName": "시스템 UI", "usage": 0},
				{"appName": "메시지", "usage": 0},
				{"appName": "올원페이 (NH앱카드)", "usage": 0},
				{"appName": "연락처", "usage": 0},
				{"appName": "시계", "usage": 0},
				{"appName": "Logger", "usage": 0},
				{"appName": "패키지 설치 프로그램", "usage": 0},
				{"appName": "AhnLab V3 Mobile Plus 2.0", "usage": 0}
			]
		},
		"avgTime": {
			"usage": 1,
			"details": [
				{"appName": "YouTube", "usage": 5},
				{"appName": "삼성 인터넷", "usage": 1},
				{"appName": "알파카", "usage": 0},
				{"appName": "캘린더", "usage": 0},
				{"appName": "카카오맵", "usage": 0},
				{"appName": "날씨", "usage": 0},
				{"appName": "전화", "usage": 0},
				{"appName": "Samsung Pay", "usage": 0},
				{"appName": "Polar Beat", "usage": 0},
				{"appName": "카카오톡", "usage": 0},
				{"appName": "메시지", "usage": 0},
				{"appName": "연락처", "usage": 0},
				{"appName": "설정", "usage": 0},
				{"appName": "Paco", "usage": 0},
				{"appName": "시스템 UI", "usage": 0},
				{"appName": "Samsung Experience 홈", "usage": 0},
				{"appName": "시계", "usage": 0},
				{"appName": "Logger", "usage": 0},
				{"appName": "올원페이 (NH앱카드)", "usage": 0},
				{"appName": "패키지 설치 프로그램", "usage": 0},
				{"appName": "AhnLab V3 Mobile Plus 2.0", "usage": 0}
			]
		},
		"lastPickup": {"time": 0}
	},
	{
		"date": 6,
		"totalTime": {
			"usage": 171,
			"details": [
				{"appName": "삼성 인터넷", "usage": 56},
				{"appName": "YouTube", "usage": 40},
				{"appName": "카카오톡", "usage": 18},
				{"appName": "Samsung Experience 홈", "usage": 9},
				{"appName": "NH뱅킹", "usage": 7},
				{"appName": "캘린더", "usage": 6},
				{"appName": "토스", "usage": 5},
				{"appName": "Paco", "usage": 4},
				{"appName": "설정", "usage": 4},
				{"appName": "Gmail", "usage": 3},
				{"appName": "카카오맵", "usage": 3},
				{"appName": "Dropsync", "usage": 1},
				{"appName": "", "usage": 1},
				{"appName": "메시지", "usage": 0},
				{"appName": "Google Play 스토어", "usage": 0},
				{"appName": "CaptivePortalLogin", "usage": 0},
				{"appName": "갤러리", "usage": 0},
				{"appName": "Polar Beat", "usage": 0},
				{"appName": "전화", "usage": 0},
				{"appName": "날씨", "usage": 0},
				{"appName": "시스템 UI", "usage": 0},
				{"appName": "시계", "usage": 0},
				{"appName": "KAIST 전자식복무관리시스템", "usage": 0},
				{"appName": "패키지 설치 프로그램", "usage": 0},
				{"appName": "Google PDF 뷰어", "usage": 0},
				{"appName": "The Day Before", "usage": 0},
				{"appName": "Evernote", "usage": 0},
				{"appName": "ABC Logger", "usage": 0},
				{"appName": "Google Play 서비스", "usage": 0},
				{"appName": "Samsung Pass 자동 완성", "usage": 0}
			]
		},
		"pickups": {"usage": 81},
		"downTime": {
			"usages": [
				{"hour": 0, "usage": 0},
				{"hour": 1, "usage": 26},
				{"hour": 2, "usage": 4},
				{"hour": 3, "usage": 0},
				{"hour": 4, "usage": 0},
				{"hour": 5, "usage": 2},
				{"hour": 6, "usage": 6},
				{"hour": 7, "usage": 2},
				{"hour": 8, "usage": 5},
				{"hour": 9, "usage": 8},
				{"hour": 10, "usage": 3},
				{"hour": 11, "usage": 19},
				{"hour": 12, "usage": 22},
				{"hour": 13, "usage": 3},
				{"hour": 14, "usage": 10},
				{"hour": 15, "usage": 25},
				{"hour": 16, "usage": 29},
				{"hour": 20, "usage": 0}
			],
			"details": [
				{"appName": "Samsung Experience 홈", "usage": [1, 2, 5, 6, 7, 8, 9, 10, 11, 12, 13, 14, 15, 16]},
				{"appName": "캘린더", "usage": [1, 2, 3, 4, 5, 6, 7, 8, 9, 10, 11, 15]},
				{"appName": "Paco", "usage": [1, 2, 3, 4, 5, 6, 7, 8, 9, 10, 11, 12]},
				{"appName": "삼성 인터넷", "usage": [1, 2, 8, 9, 10, 11, 12, 13, 14, 15, 16]},
				{"appName": "카카오톡", "usage": [1, 3, 8, 9, 10, 12, 13, 14, 15, 16]},
				{"appName": "시스템 UI", "usage": [1, 8, 10, 12, 14, 15, 16]},
				{"appName": "설정", "usage": [1, 6, 8, 9, 11, 12]},
				{"appName": "Gmail", "usage": [1, 2, 6, 8, 10, 11]},
				{"appName": "시계", "usage": [0, 1, 15, 16]},
				{"appName": "YouTube", "usage": [9, 11, 12, 16]},
				{"appName": "전화", "usage": [5, 14, 15]},
				{"appName": "메시지", "usage": [1, 2, 6]},
				{"appName": "Polar Beat", "usage": [1, 11, 12]},
				{"appName": "패키지 설치 프로그램", "usage": [14, 16]},
				{"appName": "토스", "usage": [7, 15]},
				{"appName": "카카오맵", "usage": [11, 15]},
				{"appName": "날씨", "usage": [1, 15]},
				{"appName": "NH뱅킹", "usage": [14, 15]},
				{"appName": "KAIST 전자식복무관리시스템", "usage": [1, 10]},
				{"appName": "Google Play 스토어", "usage": [13, 14]},
				{"appName": "", "usage": [15, 16]},
				{"appName": "갤러리", "usage": [7]},
				{"appName": "The Day Before", "usage": [10]},
				{"appName": "Samsung Pass 자동 완성", "usage": [6]},
				{"appName": "Google Play 서비스", "usage": [1]},
				{"appName": "Google PDF 뷰어", "usage": [10]},
				{"appName": "Evernote", "usage": [14]},
				{"appName": "Dropsync", "usage": [6]},
				{"appName": "CaptivePortalLogin", "usage": [6]},
				{"appName": "ABC Logger", "usage": [6]}
			]
		},
		"maxTime": {
			"usage": 36,
			"details": [
				{"appName": "YouTube", "usage": 22},
				{"appName": "삼성 인터넷", "usage": 13},
				{"appName": "카카오맵", "usage": 3},
				{"appName": "카카오톡", "usage": 1},
				{"appName": "NH뱅킹", "usage": 1},
				{"appName": "설정", "usage": 1},
				{"appName": "갤러리", "usage": 0},
				{"appName": "Google Play 스토어", "usage": 0},
				{"appName": "Gmail", "usage": 0},
				{"appName": "캘린더", "usage": 0},
				{"appName": "Samsung Experience 홈", "usage": 0},
				{"appName": "메시지", "usage": 0},
				{"appName": "", "usage": 0},
				{"appName": "Dropsync", "usage": 0},
				{"appName": "토스", "usage": 0},
				{"appName": "Paco", "usage": 0},
				{"appName": "날씨", "usage": 0},
				{"appName": "CaptivePortalLogin", "usage": 0},
				{"appName": "Polar Beat", "usage": 0},
				{"appName": "전화", "usage": 0},
				{"appName": "KAIST 전자식복무관리시스템", "usage": 0},
				{"appName": "패키지 설치 프로그램", "usage": 0},
				{"appName": "Google PDF 뷰어", "usage": 0},
				{"appName": "시스템 UI", "usage": 0},
				{"appName": "Google Play 서비스", "usage": 0},
				{"appName": "ABC Logger", "usage": 0},
				{"appName": "시계", "usage": 0},
				{"appName": "The Day Before", "usage": 0},
				{"appName": "Evernote", "usage": 0},
				{"appName": "Samsung Pass 자동 완성", "usage": 0}
			]
		},
		"avgTime": {
			"usage": 2,
			"details": [
				{"appName": "YouTube", "usage": 4},
				{"appName": "삼성 인터넷", "usage": 1},
				{"appName": "갤러리", "usage": 0},
				{"appName": "카카오맵", "usage": 0},
				{"appName": "NH뱅킹", "usage": 0},
				{"appName": "", "usage": 0},
				{"appName": "Dropsync", "usage": 0},
				{"appName": "Gmail", "usage": 0},
				{"appName": "CaptivePortalLogin", "usage": 0},
				{"appName": "날씨", "usage": 0},
				{"appName": "KAIST 전자식복무관리시스템", "usage": 0},
				{"appName": "메시지", "usage": 0},
				{"appName": "Google Play 스토어", "usage": 0},
				{"appName": "전화", "usage": 0},
				{"appName": "캘린더", "usage": 0},
				{"appName": "Google PDF 뷰어", "usage": 0},
				{"appName": "설정", "usage": 0},
				{"appName": "Polar Beat", "usage": 0},
				{"appName": "카카오톡", "usage": 0},
				{"appName": "토스", "usage": 0},
				{"appName": "패키지 설치 프로그램", "usage": 0},
				{"appName": "Google Play 서비스", "usage": 0},
				{"appName": "Samsung Experience 홈", "usage": 0},
				{"appName": "Paco", "usage": 0},
				{"appName": "ABC Logger", "usage": 0},
				{"appName": "The Day Before", "usage": 0},
				{"appName": "시스템 UI", "usage": 0},
				{"appName": "시계", "usage": 0},
				{"appName": "Samsung Pass 자동 완성", "usage": 0},
				{"appName": "Evernote", "usage": 0}
			]
		},
		"lastPickup": {"time": 0}
	},
	{
		"date": 7,
		"totalTime": {
			"usage": 280,
			"details": [
				{"appName": "삼성 인터넷", "usage": 127},
				{"appName": "YouTube", "usage": 68},
				{"appName": "카카오톡", "usage": 10},
				{"appName": "카카오맵", "usage": 8},
				{"appName": "Samsung Experience 홈", "usage": 7},
				{"appName": "토스", "usage": 5},
				{"appName": "리마인더", "usage": 3},
				{"appName": "Paco", "usage": 3},
				{"appName": "Google Play 스토어", "usage": 2},
				{"appName": "카메라", "usage": 2},
				{"appName": "Dropsync", "usage": 2},
				{"appName": "설정", "usage": 1},
				{"appName": "시스템 UI", "usage": 1},
				{"appName": "", "usage": 1},
				{"appName": "날씨", "usage": 1},
				{"appName": "메시지", "usage": 1},
				{"appName": "캘린더", "usage": 1},
				{"appName": "올원페이 (NH앱카드)", "usage": 1},
				{"appName": "전화", "usage": 1},
				{"appName": "Samsung Pay", "usage": 0},
				{"appName": "시계", "usage": 0},
				{"appName": "Polar Beat", "usage": 0},
				{"appName": "갤러리", "usage": 0},
				{"appName": "포토 에디터", "usage": 0},
				{"appName": "Gmail", "usage": 0},
				{"appName": "디바이스 관리", "usage": 0},
				{"appName": "연락처", "usage": 0},
				{"appName": "Google Play 서비스", "usage": 0},
				{"appName": "패키지 설치 프로그램", "usage": 0}
			]
		},
		"pickups": {"usage": 118},
		"downTime": {
			"usages": [
				{"hour": 0, "usage": 33},
				{"hour": 1, "usage": 24},
				{"hour": 2, "usage": 27},
				{"hour": 3, "usage": 6},
				{"hour": 4, "usage": 2},
				{"hour": 5, "usage": 0},
				{"hour": 6, "usage": 0},
				{"hour": 7, "usage": 4},
				{"hour": 8, "usage": 12},
				{"hour": 9, "usage": 14},
				{"hour": 10, "usage": 26},
				{"hour": 11, "usage": 14},
				{"hour": 12, "usage": 27},
				{"hour": 13, "usage": 25},
				{"hour": 14, "usage": 3},
				{"hour": 15, "usage": 34},
				{"hour": 16, "usage": 10},
				{"hour": 17, "usage": 8},
				{"hour": 21, "usage": 0}
			],
			"details": [
				{"appName": "Samsung Experience 홈", "usage": [0, 1, 2, 3, 4, 5, 6, 7, 8, 9, 10, 11, 12, 13, 14, 15, 16, 17]},
				{"appName": "삼성 인터넷", "usage": [0, 1, 2, 3, 4, 7, 8, 9, 10, 11, 13, 15, 16, 17]},
				{"appName": "카카오톡", "usage": [0, 1, 2, 3, 8, 10, 11, 12, 13, 14, 15, 16, 17]},
				{"appName": "Paco", "usage": [1, 2, 3, 4, 5, 6, 7, 8, 9, 10, 12]},
				{"appName": "시스템 UI", "usage": [0, 1, 9, 10, 11, 12, 13, 14, 15, 17]},
				{"appName": "카카오맵", "usage": [0, 1, 2, 3, 9, 10, 13, 15]},
				{"appName": "설정", "usage": [0, 8, 9, 12, 16, 17]},
				{"appName": "메시지", "usage": [1, 8, 9, 11, 12, 13]},
				{"appName": "YouTube", "usage": [1, 11, 12, 13, 14, 15]},
				{"appName": "토스", "usage": [0, 3, 4, 11]},
				{"appName": "캘린더", "usage": [8, 10, 14, 17]},
				{"appName": "Polar Beat", "usage": [0, 8, 9, 12]},
				{"appName": "시계", "usage": [0, 14, 17]},
				{"appName": "Google Play 스토어", "usage": [0, 1, 17]},
				{"appName": "Gmail", "usage": [3, 10, 15]},
				{"appName": "전화", "usage": [2, 13]},
				{"appName": "리마인더", "usage": [1, 8]},
				{"appName": "날씨", "usage": [0, 16]},
				{"appName": "Samsung Pay", "usage": [0, 15]},
				{"appName": "Google Play 서비스", "usage": [10, 13]},
				{"appName": "", "usage": [0, 1]},
				{"appName": "포토 에디터", "usage": [10]},
				{"appName": "패키지 설치 프로그램", "usage": [0]},
				{"appName": "카메라", "usage": [10]},
				{"appName": "올원페이 (NH앱카드)", "usage": [0]},
				{"appName": "연락처", "usage": [13]},
				{"appName": "디바이스 관리", "usage": [0]},
				{"appName": "갤러리", "usage": [10]},
				{"appName": "Dropsync", "usage": [17]}
			]
		},
		"maxTime": {
			"usage": 30,
			"details": [
				{"appName": "삼성 인터넷", "usage": 17},
				{"appName": "YouTube", "usage": 12},
				{"appName": "리마인더", "usage": 2},
				{"appName": "카카오톡", "usage": 2},
				{"appName": "카메라", "usage": 1},
				{"appName": "카카오맵", "usage": 1},
				{"appName": "Dropsync", "usage": 0},
				{"appName": "토스", "usage": 0},
				{"appName": "Samsung Pay", "usage": 0},
				{"appName": "Google Play 스토어", "usage": 0},
				{"appName": "설정", "usage": 0},
				{"appName": "Paco", "usage": 0},
				{"appName": "Samsung Experience 홈", "usage": 0},
				{"appName": "날씨", "usage": 0},
				{"appName": "메시지", "usage": 0},
				{"appName": "올원페이 (NH앱카드)", "usage": 0},
				{"appName": "전화", "usage": 0},
				{"appName": "", "usage": 0},
				{"appName": "시스템 UI", "usage": 0},
				{"appName": "캘린더", "usage": 0},
				{"appName": "갤러리", "usage": 0},
				{"appName": "시계", "usage": 0},
				{"appName": "Gmail", "usage": 0},
				{"appName": "디바이스 관리", "usage": 0},
				{"appName": "포토 에디터", "usage": 0},
				{"appName": "Polar Beat", "usage": 0},
				{"appName": "연락처", "usage": 0},
				{"appName": "Google Play 서비스", "usage": 0},
				{"appName": "패키지 설치 프로그램", "usage": 0}
			]
		},
		"avgTime": {
			"usage": 2,
			"details": [
				{"appName": "YouTube", "usage": 2},
				{"appName": "삼성 인터넷", "usage": 1},
				{"appName": "리마인더", "usage": 1},
				{"appName": "카메라", "usage": 0},
				{"appName": "Dropsync", "usage": 0},
				{"appName": "카카오맵", "usage": 0},
				{"appName": "Gmail", "usage": 0},
				{"appName": "날씨", "usage": 0},
				{"appName": "Google Play 스토어", "usage": 0},
				{"appName": "Samsung Pay", "usage": 0},
				{"appName": "디바이스 관리", "usage": 0},
				{"appName": "토스", "usage": 0},
				{"appName": "", "usage": 0},
				{"appName": "전화", "usage": 0},
				{"appName": "포토 에디터", "usage": 0},
				{"appName": "메시지", "usage": 0},
				{"appName": "카카오톡", "usage": 0},
				{"appName": "캘린더", "usage": 0},
				{"appName": "설정", "usage": 0},
				{"appName": "갤러리", "usage": 0},
				{"appName": "시스템 UI", "usage": 0},
				{"appName": "Paco", "usage": 0},
				{"appName": "Samsung Experience 홈", "usage": 0},
				{"appName": "Polar Beat", "usage": 0},
				{"appName": "시계", "usage": 0},
				{"appName": "올원페이 (NH앱카드)", "usage": 0},
				{"appName": "연락처", "usage": 0},
				{"appName": "Google Play 서비스", "usage": 0},
				{"appName": "패키지 설치 프로그램", "usage": 0}
			]
		},
		"lastPickup": {"time": 0}
	}
]
