[
	{
		"date": 1,
		"totalTime": {
			"usage": 385,
			"details": [
				{"appName": "Chrome", "usage": 177},
				{"appName": "카카오톡", "usage": 26},
				{"appName": "전화", "usage": 26},
				{"appName": "시계", "usage": 22},
				{"appName": "Samsung Experience 홈", "usage": 21},
				{"appName": "캘린더", "usage": 16},
				{"appName": "메시지", "usage": 14},
				{"appName": "YouTube", "usage": 13},
				{"appName": "Samsung Health", "usage": 8},
				{"appName": "Polar Beat", "usage": 8},
				{"appName": "똑똑가계부", "usage": 7},
				{"appName": "Paco", "usage": 7},
				{"appName": "설정", "usage": 6},
				{"appName": "갤러리", "usage": 4},
				{"appName": "드라이브", "usage": 4},
				{"appName": "토스", "usage": 3},
				{"appName": "메모장", "usage": 3},
				{"appName": "Instagram", "usage": 2},
				{"appName": "시스템 UI", "usage": 1},
				{"appName": "The Day Before", "usage": 1},
				{"appName": "카메라", "usage": 1},
				{"appName": "Microsoft Band", "usage": 1},
				{"appName": "똑똑계산기", "usage": 0},
				{"appName": "미세미세", "usage": 0},
				{"appName": "포토 에디터", "usage": 0},
				{"appName": "연락처", "usage": 0},
				{"appName": "Google Play 서비스", "usage": 0},
				{"appName": "삼성 키보드", "usage": 0},
				{"appName": "우리카드", "usage": 0}
			]
		},
		"pickups": {"usage": 148},
		"downTime": {
			"usages": [
				{"hour": 0, "usage": 44},
				{"hour": 1, "usage": 17},
				{"hour": 2, "usage": 14},
				{"hour": 3, "usage": 11},
				{"hour": 4, "usage": 1},
				{"hour": 5, "usage": 3},
				{"hour": 6, "usage": 18},
				{"hour": 7, "usage": 13},
				{"hour": 8, "usage": 38},
				{"hour": 9, "usage": 32},
				{"hour": 10, "usage": 24},
				{"hour": 11, "usage": 31},
				{"hour": 12, "usage": 25},
				{"hour": 13, "usage": 13},
				{"hour": 14, "usage": 20},
				{"hour": 15, "usage": 45},
				{"hour": 16, "usage": 15},
				{"hour": 17, "usage": 0},
				{"hour": 22, "usage": 10},
				{"hour": 23, "usage": 2}
			],
			"details": [
				{"appName": "Samsung Experience 홈", "usage": [0, 1, 2, 3, 4, 5, 6, 7, 8, 9, 10, 11, 12, 13, 14, 15, 16, 22, 23]},
				{"appName": "카카오톡", "usage": [0, 2, 3, 4, 7, 8, 9, 10, 11, 12, 13, 14, 15, 16, 17, 22, 23]},
				{"appName": "Chrome", "usage": [0, 1, 2, 5, 7, 8, 9, 10, 11, 12, 13, 14, 15, 16]},
				{"appName": "시스템 UI", "usage": [0, 2, 3, 5, 6, 7, 8, 9, 10, 12, 13, 14, 16]},
				{"appName": "Polar Beat", "usage": [2, 3, 4, 6, 7, 8, 9, 10, 12, 13, 14, 23]},
				{"appName": "메시지", "usage": [1, 2, 3, 4, 5, 6, 8, 9, 10, 11, 12]},
				{"appName": "설정", "usage": [2, 3, 7, 10, 11, 12, 13, 14, 16, 23]},
				{"appName": "캘린더", "usage": [0, 2, 3, 8, 9, 11, 13, 22, 23]},
				{"appName": "Samsung Health", "usage": [1, 2, 3, 5, 8, 12, 13, 14]},
				{"appName": "Paco", "usage": [1, 2, 3, 6, 8, 9, 11, 12]},
				{"appName": "시계", "usage": [0, 9, 10, 13, 16, 23]},
				{"appName": "전화", "usage": [1, 2, 7, 8, 15]},
				{"appName": "똑똑계산기", "usage": [5, 6, 13, 23]},
				{"appName": "토스", "usage": [3, 8, 13]},
				{"appName": "카메라", "usage": [3, 13, 16]},
				{"appName": "메모장", "usage": [0, 9, 10]},
				{"appName": "갤러리", "usage": [2, 10, 14]},
				{"appName": "YouTube", "usage": [14, 15, 16]},
				{"appName": "Microsoft Band", "usage": [8, 9, 23]},
				{"appName": "연락처", "usage": [8, 15]},
				{"appName": "Google Play 서비스", "usage": [16, 23]},
				{"appName": "포토 에디터", "usage": [2]},
				{"appName": "우리카드", "usage": [14]},
				{"appName": "삼성 키보드", "usage": [3]},
				{"appName": "미세미세", "usage": [1]},
				{"appName": "똑똑가계부", "usage": [6]},
				{"appName": "드라이브", "usage": [2]},
				{"appName": "The Day Before", "usage": [5]},
				{"appName": "Instagram", "usage": [15]}
			]
		},
		"maxTime": {
			"usage": 44,
			"details": [
				{"appName": "Chrome", "usage": 21},
				{"appName": "전화", "usage": 14},
				{"appName": "Samsung Experience 홈", "usage": 10},
				{"appName": "캘린더", "usage": 9},
				{"appName": "시계", "usage": 7},
				{"appName": "YouTube", "usage": 6},
				{"appName": "똑똑가계부", "usage": 3},
				{"appName": "설정", "usage": 2},
				{"appName": "드라이브", "usage": 2},
				{"appName": "Instagram", "usage": 2},
				{"appName": "토스", "usage": 1},
				{"appName": "메시지", "usage": 1},
				{"appName": "Paco", "usage": 1},
				{"appName": "Polar Beat", "usage": 1},
				{"appName": "갤러리", "usage": 1},
				{"appName": "Samsung Health", "usage": 1},
				{"appName": "카카오톡", "usage": 0},
				{"appName": "카메라", "usage": 0},
				{"appName": "The Day Before", "usage": 0},
				{"appName": "Microsoft Band", "usage": 0},
				{"appName": "메모장", "usage": 0},
				{"appName": "똑똑계산기", "usage": 0},
				{"appName": "포토 에디터", "usage": 0},
				{"appName": "미세미세", "usage": 0},
				{"appName": "시스템 UI", "usage": 0},
				{"appName": "연락처", "usage": 0},
				{"appName": "Google Play 서비스", "usage": 0},
				{"appName": "삼성 키보드", "usage": 0},
				{"appName": "우리카드", "usage": 0}
			]
		},
		"avgTime": {
			"usage": 2,
			"details": [
				{"appName": "YouTube", "usage": 2},
				{"appName": "Chrome", "usage": 1},
				{"appName": "전화", "usage": 1},
				{"appName": "Instagram", "usage": 1},
				{"appName": "드라이브", "usage": 1},
				{"appName": "시계", "usage": 0},
				{"appName": "갤러리", "usage": 0},
				{"appName": "똑똑가계부", "usage": 0},
				{"appName": "캘린더", "usage": 0},
				{"appName": "카메라", "usage": 0},
				{"appName": "메시지", "usage": 0},
				{"appName": "Paco", "usage": 0},
				{"appName": "토스", "usage": 0},
				{"appName": "The Day Before", "usage": 0},
				{"appName": "포토 에디터", "usage": 0},
				{"appName": "Polar Beat", "usage": 0},
				{"appName": "똑똑계산기", "usage": 0},
				{"appName": "Microsoft Band", "usage": 0},
				{"appName": "설정", "usage": 0},
				{"appName": "미세미세", "usage": 0},
				{"appName": "Samsung Health", "usage": 0},
				{"appName": "메모장", "usage": 0},
				{"appName": "카카오톡", "usage": 0},
				{"appName": "연락처", "usage": 0},
				{"appName": "Samsung Experience 홈", "usage": 0},
				{"appName": "Google Play 서비스", "usage": 0},
				{"appName": "시스템 UI", "usage": 0},
				{"appName": "삼성 키보드", "usage": 0},
				{"appName": "우리카드", "usage": 0}
			]
		},
		"lastPickup": {"time": 0}
	},
	{
		"date": 2,
		"totalTime": {
			"usage": 307,
			"details": [
				{"appName": "Chrome", "usage": 72},
				{"appName": "전화", "usage": 51},
				{"appName": "카카오톡", "usage": 42},
				{"appName": "콴다 선생님", "usage": 31},
				{"appName": "캐시워크", "usage": 20},
				{"appName": "시계", "usage": 17},
				{"appName": "Samsung Experience 홈", "usage": 12},
				{"appName": "토스", "usage": 10},
				{"appName": "Samsung Health", "usage": 10},
				{"appName": "Paco", "usage": 4},
				{"appName": "캘린더", "usage": 3},
				{"appName": "YouTube", "usage": 3},
				{"appName": "메모장", "usage": 3},
				{"appName": "Polar Beat", "usage": 3},
				{"appName": "메시지", "usage": 2},
				{"appName": "Google Play 스토어", "usage": 2},
				{"appName": "배달의민족", "usage": 2},
				{"appName": "똑똑가계부", "usage": 1},
				{"appName": "설정", "usage": 1},
				{"appName": "시스템 UI", "usage": 1},
				{"appName": "드라이브", "usage": 1},
				{"appName": "Samsung Pay", "usage": 0},
				{"appName": "MX 플레이어", "usage": 0},
				{"appName": "Microsoft Band", "usage": 0},
				{"appName": "연락처", "usage": 0},
				{"appName": "갤러리", "usage": 0},
				{"appName": "", "usage": 0},
				{"appName": "하나1Q페이", "usage": 0},
				{"appName": "카메라", "usage": 0},
				{"appName": "똑똑계산기", "usage": 0},
				{"appName": "Google Play 서비스", "usage": 0},
				{"appName": "패키지 설치 프로그램", "usage": 0},
				{"appName": "삼성 키보드", "usage": 0}
			]
		},
		"pickups": {"usage": 159},
		"downTime": {
			"usages": [
				{"hour": 0, "usage": 14},
				{"hour": 1, "usage": 26},
				{"hour": 2, "usage": 21},
				{"hour": 3, "usage": 13},
				{"hour": 4, "usage": 32},
				{"hour": 5, "usage": 12},
				{"hour": 6, "usage": 1},
				{"hour": 7, "usage": 47},
				{"hour": 8, "usage": 3},
				{"hour": 9, "usage": 24},
				{"hour": 10, "usage": 21},
				{"hour": 11, "usage": 29},
				{"hour": 12, "usage": 2},
				{"hour": 13, "usage": 15},
				{"hour": 14, "usage": 14},
				{"hour": 15, "usage": 0},
				{"hour": 16, "usage": 4},
				{"hour": 22, "usage": 2},
				{"hour": 23, "usage": 17}
			],
			"details": [
				{"appName": "Samsung Experience 홈", "usage": [0, 1, 2, 3, 4, 5, 6, 8, 9, 10, 11, 12, 13, 14, 15, 16, 23]},
				{"appName": "카카오톡", "usage": [0, 1, 2, 3, 4, 5, 6, 8, 9, 10, 11, 12, 13, 14, 16]},
				{"appName": "캐시워크", "usage": [4, 5, 6, 8, 9, 10, 11, 12, 13, 14, 15, 16, 22, 23]},
				{"appName": "Chrome", "usage": [0, 1, 2, 3, 9, 10, 11, 12, 13, 14, 16, 23]},
				{"appName": "시스템 UI", "usage": [0, 1, 2, 3, 4, 9, 10, 11, 13, 14, 23]},
				{"appName": "캘린더", "usage": [0, 2, 3, 4, 5, 8, 9, 10, 22]},
				{"appName": "메시지", "usage": [0, 1, 2, 3, 4, 6, 8, 15, 16]},
				{"appName": "Polar Beat", "usage": [1, 2, 3, 10, 11, 13, 14, 15, 16]},
				{"appName": "설정", "usage": [2, 3, 9, 10, 11, 16]},
				{"appName": "Paco", "usage": [1, 4, 5, 9, 10, 11]},
				{"appName": "연락처", "usage": [1, 8, 12, 13, 14]},
				{"appName": "시계", "usage": [10, 11, 16, 22, 23]},
				{"appName": "Samsung Health", "usage": [0, 2, 3, 10, 14]},
				{"appName": "전화", "usage": [7, 8, 12, 13]},
				{"appName": "콴다 선생님", "usage": [4, 9, 10]},
				{"appName": "똑똑가계부", "usage": [2, 4, 16]},
				{"appName": "Google Play 스토어", "usage": [3, 4, 23]},
				{"appName": "토스", "usage": [1, 5]},
				{"appName": "메모장", "usage": [10, 11]},
				{"appName": "똑똑계산기", "usage": [4, 13]},
				{"appName": "Google Play 서비스", "usage": [3, 16]},
				{"appName": "하나1Q페이", "usage": [13]},
				{"appName": "패키지 설치 프로그램", "usage": [3]},
				{"appName": "카메라", "usage": [23]},
				{"appName": "삼성 키보드", "usage": [13]},
				{"appName": "배달의민족", "usage": [1]},
				{"appName": "드라이브", "usage": [3]},
				{"appName": "갤러리", "usage": [10]},
				{"appName": "YouTube", "usage": [11]},
				{"appName": "Samsung Pay", "usage": [1]},
				{"appName": "Microsoft Band", "usage": [10]},
				{"appName": "MX 플레이어", "usage": [11]},
				{"appName": "", "usage": [3]}
			]
		},
		"maxTime": {
			"usage": 26,
			"details": [
				{"appName": "전화", "usage": 26},
				{"appName": "캐시워크", "usage": 10},
				{"appName": "카카오톡", "usage": 10},
				{"appName": "토스", "usage": 9},
				{"appName": "시계", "usage": 9},
				{"appName": "Chrome", "usage": 5},
				{"appName": "콴다 선생님", "usage": 3},
				{"appName": "Samsung Experience 홈", "usage": 2},
				{"appName": "배달의민족", "usage": 1},
				{"appName": "YouTube", "usage": 1},
				{"appName": "Samsung Health", "usage": 0},
				{"appName": "Polar Beat", "usage": 0},
				{"appName": "똑똑가계부", "usage": 0},
				{"appName": "Google Play 스토어", "usage": 0},
				{"appName": "MX 플레이어", "usage": 0},
				{"appName": "드라이브", "usage": 0},
				{"appName": "Samsung Pay", "usage": 0},
				{"appName": "Paco", "usage": 0},
				{"appName": "설정", "usage": 0},
				{"appName": "Microsoft Band", "usage": 0},
				{"appName": "갤러리", "usage": 0},
				{"appName": "하나1Q페이", "usage": 0},
				{"appName": "메시지", "usage": 0},
				{"appName": "메모장", "usage": 0},
				{"appName": "캘린더", "usage": 0},
				{"appName": "카메라", "usage": 0},
				{"appName": "", "usage": 0},
				{"appName": "시스템 UI", "usage": 0},
				{"appName": "똑똑계산기", "usage": 0},
				{"appName": "연락처", "usage": 0},
				{"appName": "패키지 설치 프로그램", "usage": 0},
				{"appName": "Google Play 서비스", "usage": 0},
				{"appName": "삼성 키보드", "usage": 0}
			]
		},
		"avgTime": {
			"usage": 1,
			"details": [
				{"appName": "전화", "usage": 5},
				{"appName": "토스", "usage": 1},
				{"appName": "Chrome", "usage": 0},
				{"appName": "YouTube", "usage": 0},
				{"appName": "배달의민족", "usage": 0},
				{"appName": "콴다 선생님", "usage": 0},
				{"appName": "똑똑가계부", "usage": 0},
				{"appName": "시계", "usage": 0},
				{"appName": "하나1Q페이", "usage": 0},
				{"appName": "Samsung Pay", "usage": 0},
				{"appName": "MX 플레이어", "usage": 0},
				{"appName": "Microsoft Band", "usage": 0},
				{"appName": "갤러리", "usage": 0},
				{"appName": "카메라", "usage": 0},
				{"appName": "드라이브", "usage": 0},
				{"appName": "Google Play 스토어", "usage": 0},
				{"appName": "Paco", "usage": 0},
				{"appName": "카카오톡", "usage": 0},
				{"appName": "메시지", "usage": 0},
				{"appName": "캐시워크", "usage": 0},
				{"appName": "Samsung Health", "usage": 0},
				{"appName": "설정", "usage": 0},
				{"appName": "메모장", "usage": 0},
				{"appName": "Polar Beat", "usage": 0},
				{"appName": "똑똑계산기", "usage": 0},
				{"appName": "캘린더", "usage": 0},
				{"appName": "연락처", "usage": 0},
				{"appName": "", "usage": 0},
				{"appName": "Samsung Experience 홈", "usage": 0},
				{"appName": "패키지 설치 프로그램", "usage": 0},
				{"appName": "Google Play 서비스", "usage": 0},
				{"appName": "삼성 키보드", "usage": 0},
				{"appName": "시스템 UI", "usage": 0}
			]
		},
		"lastPickup": {"time": 0}
	},
	{
		"date": 3,
		"totalTime": {
			"usage": 404,
			"details": [
				{"appName": "YouTube", "usage": 142},
				{"appName": "Chrome", "usage": 108},
				{"appName": "카카오톡", "usage": 38},
				{"appName": "캐시워크", "usage": 29},
				{"appName": "시계", "usage": 21},
				{"appName": "콴다 선생님", "usage": 18},
				{"appName": "Samsung Experience 홈", "usage": 6},
				{"appName": "전화", "usage": 4},
				{"appName": "Paco", "usage": 4},
				{"appName": "Polar Beat", "usage": 4},
				{"appName": "메모장", "usage": 3},
				{"appName": "Samsung Health", "usage": 3},
				{"appName": "토스", "usage": 2},
				{"appName": "똑똑가계부", "usage": 2},
				{"appName": "드라이브", "usage": 2},
				{"appName": "캘린더", "usage": 2},
				{"appName": "설정", "usage": 1},
				{"appName": "갤러리", "usage": 1},
				{"appName": "메시지", "usage": 1},
				{"appName": "카카오맵", "usage": 1},
				{"appName": "시스템 UI", "usage": 1},
				{"appName": "연락처", "usage": 0},
				{"appName": "Samsung Pay", "usage": 0},
				{"appName": "카메라", "usage": 0},
				{"appName": "Google Play 서비스", "usage": 0},
				{"appName": "CaptivePortalLogin", "usage": 0},
				{"appName": "우리카드", "usage": 0}
			]
		},
		"pickups": {"usage": 111},
		"downTime": {
			"usages": [
				{"hour": 0, "usage": 22},
				{"hour": 1, "usage": 1},
				{"hour": 2, "usage": 10},
				{"hour": 3, "usage": 17},
				{"hour": 4, "usage": 24},
				{"hour": 5, "usage": 60},
				{"hour": 6, "usage": 60},
				{"hour": 7, "usage": 40},
				{"hour": 8, "usage": 31},
				{"hour": 9, "usage": 19},
				{"hour": 10, "usage": 29},
				{"hour": 11, "usage": 18},
				{"hour": 12, "usage": 5},
				{"hour": 13, "usage": 1},
				{"hour": 14, "usage": 6},
				{"hour": 15, "usage": 10},
				{"hour": 16, "usage": 29},
				{"hour": 17, "usage": 0},
				{"hour": 20, "usage": 10},
				{"hour": 21, "usage": 5},
				{"hour": 22, "usage": 0}
			],
			"details": [
				{"appName": "캐시워크", "usage": [0, 1, 2, 3, 4, 7, 8, 9, 10, 11, 12, 13, 14, 15, 16, 17, 20, 21, 22]},
				{"appName": "Samsung Experience 홈", "usage": [0, 1, 2, 3, 4, 5, 6, 7, 8, 9, 10, 11, 12, 13, 14, 15, 16]},
				{"appName": "카카오톡", "usage": [0, 2, 3, 4, 5, 6, 7, 8, 9, 10, 11, 12, 13, 14, 15, 16]},
				{"appName": "Chrome", "usage": [2, 3, 4, 5, 6, 7, 8, 9, 10, 11, 12, 14, 15, 16]},
				{"appName": "시스템 UI", "usage": [0, 2, 3, 4, 5, 6, 7, 8, 11, 12, 14, 15]},
				{"appName": "시계", "usage": [0, 3, 9, 10, 15, 16, 17, 21]},
				{"appName": "Paco", "usage": [1, 2, 4, 7, 8, 9, 10, 11]},
				{"appName": "캘린더", "usage": [1, 4, 6, 8, 9, 13, 22]},
				{"appName": "전화", "usage": [2, 7, 8, 10, 11]},
				{"appName": "설정", "usage": [0, 9, 10, 14, 16]},
				{"appName": "Polar Beat", "usage": [0, 8, 9, 10, 16]},
				{"appName": "똑똑가계부", "usage": [2, 12, 14, 15]},
				{"appName": "YouTube", "usage": [4, 5, 6, 7]},
				{"appName": "메시지", "usage": [2, 4, 10]},
				{"appName": "Samsung Health", "usage": [3, 4, 8]},
				{"appName": "콴다 선생님", "usage": [0, 7]},
				{"appName": "카카오맵", "usage": [10, 11]},
				{"appName": "카메라", "usage": [5, 7]},
				{"appName": "연락처", "usage": [7, 10]},
				{"appName": "메모장", "usage": [9, 10]},
				{"appName": "갤러리", "usage": [3, 9]},
				{"appName": "토스", "usage": [2]},
				{"appName": "우리카드", "usage": [15]},
				{"appName": "드라이브", "usage": [3]},
				{"appName": "Samsung Pay", "usage": [15]},
				{"appName": "Google Play 서비스", "usage": [16]},
				{"appName": "CaptivePortalLogin", "usage": [7]}
			]
		},
		"maxTime": {
			"usage": 170,
			"details": [
				{"appName": "YouTube", "usage": 53},
				{"appName": "Chrome", "usage": 24},
				{"appName": "캐시워크", "usage": 10},
				{"appName": "콴다 선생님", "usage": 6},
				{"appName": "시계", "usage": 5},
				{"appName": "드라이브", "usage": 1},
				{"appName": "카카오톡", "usage": 1},
				{"appName": "갤러리", "usage": 1},
				{"appName": "토스", "usage": 1},
				{"appName": "전화", "usage": 1},
				{"appName": "카카오맵", "usage": 0},
				{"appName": "메시지", "usage": 0},
				{"appName": "Polar Beat", "usage": 0},
				{"appName": "Paco", "usage": 0},
				{"appName": "메모장", "usage": 0},
				{"appName": "연락처", "usage": 0},
				{"appName": "캘린더", "usage": 0},
				{"appName": "Samsung Health", "usage": 0},
				{"appName": "똑똑가계부", "usage": 0},
				{"appName": "Samsung Pay", "usage": 0},
				{"appName": "카메라", "usage": 0},
				{"appName": "Samsung Experience 홈", "usage": 0},
				{"appName": "설정", "usage": 0},
				{"appName": "시스템 UI", "usage": 0},
				{"appName": "CaptivePortalLogin", "usage": 0},
				{"appName": "Google Play 서비스", "usage": 0},
				{"appName": "우리카드", "usage": 0}
			]
		},
		"avgTime": {
			"usage": 3,
			"details": [
				{"appName": "YouTube", "usage": 12},
				{"appName": "Chrome", "usage": 1},
				{"appName": "드라이브", "usage": 0},
				{"appName": "전화", "usage": 0},
				{"appName": "갤러리", "usage": 0},
				{"appName": "시계", "usage": 0},
				{"appName": "카카오맵", "usage": 0},
				{"appName": "콴다 선생님", "usage": 0},
				{"appName": "메시지", "usage": 0},
				{"appName": "똑똑가계부", "usage": 0},
				{"appName": "Paco", "usage": 0},
				{"appName": "카메라", "usage": 0},
				{"appName": "Samsung Pay", "usage": 0},
				{"appName": "연락처", "usage": 0},
				{"appName": "토스", "usage": 0},
				{"appName": "캐시워크", "usage": 0},
				{"appName": "캘린더", "usage": 0},
				{"appName": "메모장", "usage": 0},
				{"appName": "카카오톡", "usage": 0},
				{"appName": "Polar Beat", "usage": 0},
				{"appName": "Samsung Health", "usage": 0},
				{"appName": "설정", "usage": 0},
				{"appName": "Samsung Experience 홈", "usage": 0},
				{"appName": "시스템 UI", "usage": 0},
				{"appName": "CaptivePortalLogin", "usage": 0},
				{"appName": "Google Play 서비스", "usage": 0},
				{"appName": "우리카드", "usage": 0}
			]
		},
		"lastPickup": {"time": 0}
	},
	{
		"date": 4,
		"totalTime": {
			"usage": 172,
			"details": [
				{"appName": "Chrome", "usage": 77},
				{"appName": "카카오톡", "usage": 27},
				{"appName": "Samsung Health", "usage": 11},
				{"appName": "Samsung Pay", "usage": 10},
				{"appName": "Samsung Experience 홈", "usage": 8},
				{"appName": "전화", "usage": 8},
				{"appName": "카카오맵", "usage": 7},
				{"appName": "Paco", "usage": 5},
				{"appName": "똑똑가계부", "usage": 2},
				{"appName": "설정", "usage": 2},
				{"appName": "시계", "usage": 2},
				{"appName": "Polar Beat", "usage": 1},
				{"appName": "메시지", "usage": 1},
				{"appName": "캘린더", "usage": 1},
				{"appName": "똑똑계산기", "usage": 1},
				{"appName": "시스템 UI", "usage": 0},
				{"appName": "갤러리", "usage": 0},
				{"appName": "콴다 선생님", "usage": 0},
				{"appName": "캐시워크", "usage": 0},
				{"appName": "카메라", "usage": 0},
				{"appName": "연락처", "usage": 0},
				{"appName": "Google Play 서비스", "usage": 0},
				{"appName": "하나1Q페이", "usage": 0},
				{"appName": "토스", "usage": 0},
				{"appName": "Galaxy Themes", "usage": 0}
			]
		},
		"pickups": {"usage": 81},
		"downTime": {
			"usages": [
				{"hour": 0, "usage": 26},
				{"hour": 1, "usage": 0},
				{"hour": 2, "usage": 0},
				{"hour": 3, "usage": 4},
				{"hour": 4, "usage": 17},
				{"hour": 5, "usage": 2},
				{"hour": 6, "usage": 2},
				{"hour": 7, "usage": 5},
				{"hour": 8, "usage": 33},
				{"hour": 9, "usage": 18},
				{"hour": 10, "usage": 1},
				{"hour": 11, "usage": 0},
				{"hour": 12, "usage": 16},
				{"hour": 13, "usage": 20},
				{"hour": 14, "usage": 3},
				{"hour": 15, "usage": 4},
				{"hour": 16, "usage": 15},
				{"hour": 17, "usage": 0},
				{"hour": 21, "usage": 0}
			],
			"details": [
				{"appName": "Samsung Experience 홈", "usage": [0, 1, 2, 3, 4, 6, 7, 8, 9, 10, 11, 12, 13, 14, 15, 16, 21]},
				{"appName": "카카오톡", "usage": [0, 3, 4, 6, 7, 8, 9, 12, 13, 15]},
				{"appName": "Chrome", "usage": [0, 4, 5, 6, 8, 11, 13, 14, 15, 16]},
				{"appName": "시스템 UI", "usage": [3, 7, 8, 9, 11, 12, 13, 15]},
				{"appName": "Paco", "usage": [2, 6, 8, 9, 10, 12, 13, 15]},
				{"appName": "설정", "usage": [0, 8, 9, 10, 12, 13]},
				{"appName": "메시지", "usage": [3, 9, 13, 14, 15, 16]},
				{"appName": "캘린더", "usage": [1, 2, 13, 16, 22]},
				{"appName": "시계", "usage": [0, 16, 17, 21]},
				{"appName": "Samsung Health", "usage": [3, 7, 12, 13]},
				{"appName": "Polar Beat", "usage": [0, 4, 13, 15]},
				{"appName": "카카오맵", "usage": [8, 13, 14]},
				{"appName": "똑똑가계부", "usage": [8, 12, 13]},
				{"appName": "전화", "usage": [7, 8]},
				{"appName": "연락처", "usage": [8, 13]},
				{"appName": "똑똑계산기", "usage": [0, 16]},
				{"appName": "갤러리", "usage": [7, 8]},
				{"appName": "Samsung Pay", "usage": [9, 12]},
				{"appName": "하나1Q페이", "usage": [9]},
				{"appName": "토스", "usage": [9]},
				{"appName": "콴다 선생님", "usage": [14]},
				{"appName": "캐시워크", "usage": [0]},
				{"appName": "카메라", "usage": [7]},
				{"appName": "Google Play 서비스", "usage": [0]},
				{"appName": "Galaxy Themes", "usage": [12]}
			]
		},
		"maxTime": {
			"usage": 31,
			"details": [
				{"appName": "Chrome", "usage": 15},
				{"appName": "카카오톡", "usage": 9},
				{"appName": "Samsung Pay", "usage": 6},
				{"appName": "전화", "usage": 3},
				{"appName": "카카오맵", "usage": 2},
				{"appName": "Samsung Experience 홈", "usage": 1},
				{"appName": "똑똑계산기", "usage": 0},
				{"appName": "똑똑가계부", "usage": 0},
				{"appName": "Paco", "usage": 0},
				{"appName": "Samsung Health", "usage": 0},
				{"appName": "캘린더", "usage": 0},
				{"appName": "갤러리", "usage": 0},
				{"appName": "설정", "usage": 0},
				{"appName": "메시지", "usage": 0},
				{"appName": "시계", "usage": 0},
				{"appName": "Polar Beat", "usage": 0},
				{"appName": "캐시워크", "usage": 0},
				{"appName": "카메라", "usage": 0},
				{"appName": "시스템 UI", "usage": 0},
				{"appName": "연락처", "usage": 0},
				{"appName": "Google Play 서비스", "usage": 0},
				{"appName": "콴다 선생님", "usage": 0},
				{"appName": "하나1Q페이", "usage": 0},
				{"appName": "토스", "usage": 0},
				{"appName": "Galaxy Themes", "usage": 0}
			]
		},
		"avgTime": {
			"usage": 2,
			"details": [
				{"appName": "Chrome", "usage": 1},
				{"appName": "전화", "usage": 1},
				{"appName": "Samsung Pay", "usage": 0},
				{"appName": "똑똑가계부", "usage": 0},
				{"appName": "카카오맵", "usage": 0},
				{"appName": "똑똑계산기", "usage": 0},
				{"appName": "카메라", "usage": 0},
				{"appName": "갤러리", "usage": 0},
				{"appName": "메시지", "usage": 0},
				{"appName": "캐시워크", "usage": 0},
				{"appName": "Paco", "usage": 0},
				{"appName": "카카오톡", "usage": 0},
				{"appName": "시계", "usage": 0},
				{"appName": "Google Play 서비스", "usage": 0},
				{"appName": "캘린더", "usage": 0},
				{"appName": "Samsung Health", "usage": 0},
				{"appName": "Polar Beat", "usage": 0},
				{"appName": "설정", "usage": 0},
				{"appName": "연락처", "usage": 0},
				{"appName": "Samsung Experience 홈", "usage": 0},
				{"appName": "콴다 선생님", "usage": 0},
				{"appName": "하나1Q페이", "usage": 0},
				{"appName": "시스템 UI", "usage": 0},
				{"appName": "Galaxy Themes", "usage": 0},
				{"appName": "토스", "usage": 0}
			]
		},
		"lastPickup": {"time": 0}
	},
	{
		"date": 5,
		"totalTime": {
			"usage": 219,
			"details": [
				{"appName": "Chrome", "usage": 120},
				{"appName": "Samsung Experience 홈", "usage": 42},
				{"appName": "카카오톡", "usage": 10},
				{"appName": "시계", "usage": 8},
				{"appName": "시스템 UI", "usage": 6},
				{"appName": "배달의민족", "usage": 4},
				{"appName": "Paco", "usage": 3},
				{"appName": "전화", "usage": 3},
				{"appName": "Samsung Pay", "usage": 2},
				{"appName": "YouTube", "usage": 2},
				{"appName": "캘린더", "usage": 2},
				{"appName": "Samsung Health", "usage": 2},
				{"appName": "설정", "usage": 2},
				{"appName": "Polar Beat", "usage": 1},
				{"appName": "메시지", "usage": 1},
				{"appName": "카카오맵", "usage": 1},
				{"appName": "Instagram", "usage": 0},
				{"appName": "Microsoft Band", "usage": 0},
				{"appName": "갤러리", "usage": 0},
				{"appName": "연락처", "usage": 0},
				{"appName": "안드로이드 시스템", "usage": 0},
				{"appName": "콴다 선생님", "usage": 0},
				{"appName": "카카오 T", "usage": 0},
				{"appName": "하나1Q페이", "usage": 0},
				{"appName": "카메라", "usage": 0},
				{"appName": "디바이스 관리", "usage": 0},
				{"appName": "Google", "usage": 0}
			]
		},
		"pickups": {"usage": 89},
		"downTime": {
			"usages": [
				{"hour": 0, "usage": 9},
				{"hour": 1, "usage": 0},
				{"hour": 2, "usage": 33},
				{"hour": 3, "usage": 0},
				{"hour": 4, "usage": 1},
				{"hour": 5, "usage": 7},
				{"hour": 6, "usage": 8},
				{"hour": 7, "usage": 20},
				{"hour": 8, "usage": 6},
				{"hour": 11, "usage": 25},
				{"hour": 12, "usage": 27},
				{"hour": 13, "usage": 9},
				{"hour": 14, "usage": 4},
				{"hour": 15, "usage": 8},
				{"hour": 16, "usage": 20},
				{"hour": 17, "usage": 13},
				{"hour": 22, "usage": 0},
				{"hour": 23, "usage": 20}
			],
			"details": [
				{"appName": "Samsung Experience 홈", "usage": [0, 1, 2, 3, 4, 5, 6, 7, 8, 11, 12, 13, 14, 15, 16, 17, 22, 23]},
				{"appName": "Chrome", "usage": [0, 1, 2, 5, 6, 7, 8, 11, 12, 13, 14, 15, 16, 17, 23]},
				{"appName": "캘린더", "usage": [2, 3, 8, 11, 13, 14, 15, 22]},
				{"appName": "Paco", "usage": [5, 6, 7, 8, 11, 12, 15]},
				{"appName": "시스템 UI", "usage": [2, 6, 11, 12, 15, 17]},
				{"appName": "시계", "usage": [0, 2, 6, 17, 22, 23]},
				{"appName": "카카오톡", "usage": [11, 12, 13, 14, 15]},
				{"appName": "메시지", "usage": [0, 1, 2, 11, 15]},
				{"appName": "Polar Beat", "usage": [0, 11, 12, 13, 16]},
				{"appName": "설정", "usage": [0, 11, 12, 16]},
				{"appName": "전화", "usage": [1, 11, 12]},
				{"appName": "Samsung Pay", "usage": [3, 12, 13]},
				{"appName": "Samsung Health", "usage": [0, 4, 8]},
				{"appName": "연락처", "usage": [1, 12]},
				{"appName": "하나1Q페이", "usage": [5]},
				{"appName": "콴다 선생님", "usage": [2]},
				{"appName": "카카오맵", "usage": [11]},
				{"appName": "카카오 T", "usage": [13]},
				{"appName": "카메라", "usage": [15]},
				{"appName": "안드로이드 시스템", "usage": [23]},
				{"appName": "배달의민족", "usage": [6]},
				{"appName": "디바이스 관리", "usage": [12]},
				{"appName": "갤러리", "usage": [15]},
				{"appName": "YouTube", "usage": [5]},
				{"appName": "Microsoft Band", "usage": [11]},
				{"appName": "Instagram", "usage": [11]},
				{"appName": "Google", "usage": [0]}
			]
		},
		"maxTime": {
			"usage": 13,
			"details": [
				{"appName": "Samsung Experience 홈", "usage": 10},
				{"appName": "Chrome", "usage": 10},
				{"appName": "시스템 UI", "usage": 5},
				{"appName": "시계", "usage": 5},
				{"appName": "카카오톡", "usage": 2},
				{"appName": "YouTube", "usage": 2},
				{"appName": "전화", "usage": 1},
				{"appName": "Samsung Pay", "usage": 1},
				{"appName": "Instagram", "usage": 0},
				{"appName": "배달의민족", "usage": 0},
				{"appName": "Polar Beat", "usage": 0},
				{"appName": "메시지", "usage": 0},
				{"appName": "캘린더", "usage": 0},
				{"appName": "설정", "usage": 0},
				{"appName": "Paco", "usage": 0},
				{"appName": "Microsoft Band", "usage": 0},
				{"appName": "Samsung Health", "usage": 0},
				{"appName": "카카오맵", "usage": 0},
				{"appName": "갤러리", "usage": 0},
				{"appName": "안드로이드 시스템", "usage": 0},
				{"appName": "연락처", "usage": 0},
				{"appName": "콴다 선생님", "usage": 0},
				{"appName": "카카오 T", "usage": 0},
				{"appName": "하나1Q페이", "usage": 0},
				{"appName": "카메라", "usage": 0},
				{"appName": "디바이스 관리", "usage": 0},
				{"appName": "Google", "usage": 0}
			]
		},
		"avgTime": {
			"usage": 2,
			"details": [
				{"appName": "Chrome", "usage": 1},
				{"appName": "YouTube", "usage": 1},
				{"appName": "Instagram", "usage": 0},
				{"appName": "전화", "usage": 0},
				{"appName": "갤러리", "usage": 0},
				{"appName": "시스템 UI", "usage": 0},
				{"appName": "Microsoft Band", "usage": 0},
				{"appName": "Samsung Experience 홈", "usage": 0},
				{"appName": "시계", "usage": 0},
				{"appName": "Samsung Pay", "usage": 0},
				{"appName": "메시지", "usage": 0},
				{"appName": "카카오맵", "usage": 0},
				{"appName": "배달의민족", "usage": 0},
				{"appName": "Paco", "usage": 0},
				{"appName": "안드로이드 시스템", "usage": 0},
				{"appName": "카카오톡", "usage": 0},
				{"appName": "Samsung Health", "usage": 0},
				{"appName": "설정", "usage": 0},
				{"appName": "Polar Beat", "usage": 0},
				{"appName": "캘린더", "usage": 0},
				{"appName": "연락처", "usage": 0},
				{"appName": "콴다 선생님", "usage": 0},
				{"appName": "카메라", "usage": 0},
				{"appName": "디바이스 관리", "usage": 0},
				{"appName": "카카오 T", "usage": 0},
				{"appName": "하나1Q페이", "usage": 0},
				{"appName": "Google", "usage": 0}
			]
		},
		"lastPickup": {"time": 10}
	},
	{
		"date": 6,
		"totalTime": {
			"usage": 317,
			"details": [
				{"appName": "Chrome", "usage": 85},
				{"appName": "전화", "usage": 56},
				{"appName": "카카오톡", "usage": 31},
				{"appName": "Samsung Experience 홈", "usage": 28},
				{"appName": "카메라", "usage": 13},
				{"appName": "시스템 UI", "usage": 11},
				{"appName": "똑똑가계부", "usage": 11},
				{"appName": "메시지", "usage": 10},
				{"appName": "Instagram", "usage": 10},
				{"appName": "Paco", "usage": 8},
				{"appName": "카카오맵", "usage": 6},
				{"appName": "시계", "usage": 5},
				{"appName": "원터치개인", "usage": 5},
				{"appName": "캘린더", "usage": 4},
				{"appName": "갤러리", "usage": 3},
				{"appName": "설정", "usage": 3},
				{"appName": "Samsung Pay", "usage": 3},
				{"appName": "Samsung Health", "usage": 2},
				{"appName": "Polar Beat", "usage": 2},
				{"appName": "토스", "usage": 2},
				{"appName": "연락처", "usage": 2},
				{"appName": "Briefing", "usage": 2},
				{"appName": "메모장", "usage": 1},
				{"appName": "Microsoft Band", "usage": 0},
				{"appName": "똑똑계산기", "usage": 0},
				{"appName": "Google Play 스토어", "usage": 0},
				{"appName": "CaptivePortalLogin", "usage": 0},
				{"appName": "Dropsync", "usage": 0},
				{"appName": "Google Play 서비스", "usage": 0},
				{"appName": "하나1Q페이", "usage": 0},
				{"appName": "AhnLab V3 Mobile Plus 2.0", "usage": 0},
				{"appName": "우리카드", "usage": 0}
			]
		},
		"pickups": {"usage": 158},
		"downTime": {
			"usages": [
				{"hour": 0, "usage": 39},
				{"hour": 1, "usage": 20},
				{"hour": 2, "usage": 41},
				{"hour": 3, "usage": 3},
				{"hour": 4, "usage": 15},
				{"hour": 5, "usage": 5},
				{"hour": 6, "usage": 4},
				{"hour": 7, "usage": 2},
				{"hour": 8, "usage": 0},
				{"hour": 9, "usage": 0},
				{"hour": 10, "usage": 37},
				{"hour": 11, "usage": 38},
				{"hour": 12, "usage": 11},
				{"hour": 13, "usage": 15},
				{"hour": 14, "usage": 18},
				{"hour": 15, "usage": 21},
				{"hour": 16, "usage": 17},
				{"hour": 18, "usage": 0},
				{"hour": 22, "usage": 0},
				{"hour": 23, "usage": 21}
			],
			"details": [
				{"appName": "Samsung Experience 홈", "usage": [0, 1, 2, 3, 4, 5, 6, 7, 8, 9, 10, 11, 12, 13, 14, 15, 16, 18, 23]},
				{"appName": "카카오톡", "usage": [0, 1, 2, 3, 4, 5, 7, 10, 11, 12, 13, 14, 15, 23]},
				{"appName": "캘린더", "usage": [1, 2, 4, 6, 8, 9, 10, 11, 13, 16, 22, 23]},
				{"appName": "Chrome", "usage": [0, 1, 2, 3, 4, 10, 11, 12, 13, 14, 15, 23]},
				{"appName": "Paco", "usage": [1, 2, 3, 4, 5, 6, 7, 9, 10, 11, 12]},
				{"appName": "시스템 UI", "usage": [0, 1, 2, 5, 6, 9, 11, 14, 16, 23]},
				{"appName": "시계", "usage": [2, 3, 10, 11, 12, 16, 23]},
				{"appName": "전화", "usage": [4, 7, 10, 11, 12, 13]},
				{"appName": "메시지", "usage": [1, 2, 4, 5, 11, 13]},
				{"appName": "연락처", "usage": [4, 7, 11, 12, 13]},
				{"appName": "설정", "usage": [1, 13, 14, 15, 23]},
				{"appName": "카카오맵", "usage": [11, 12, 13, 15]},
				{"appName": "카메라", "usage": [5, 15, 16, 23]},
				{"appName": "Polar Beat", "usage": [1, 2, 14, 23]},
				{"appName": "Briefing", "usage": [8, 14, 16, 23]},
				{"appName": "똑똑가계부", "usage": [0, 1, 2]},
				{"appName": "갤러리", "usage": [5, 15, 16]},
				{"appName": "Samsung Health", "usage": [0, 5, 23]},
				{"appName": "토스", "usage": [0, 1]},
				{"appName": "메모장", "usage": [10, 11]},
				{"appName": "Samsung Pay", "usage": [2, 13]},
				{"appName": "하나1Q페이", "usage": [0]},
				{"appName": "원터치개인", "usage": [0]},
				{"appName": "우리카드", "usage": [14]},
				{"appName": "똑똑계산기", "usage": [2]},
				{"appName": "Microsoft Band", "usage": [2]},
				{"appName": "Instagram", "usage": [14]},
				{"appName": "Google Play 스토어", "usage": [0]},
				{"appName": "Google Play 서비스", "usage": [1]},
				{"appName": "Dropsync", "usage": [2]},
				{"appName": "CaptivePortalLogin", "usage": [13]},
				{"appName": "AhnLab V3 Mobile Plus 2.0", "usage": [0]}
			]
		},
		"maxTime": {
			"usage": 51,
			"details": [
				{"appName": "전화", "usage": 44},
				{"appName": "Chrome", "usage": 12},
				{"appName": "Samsung Experience 홈", "usage": 10},
				{"appName": "Instagram", "usage": 10},
				{"appName": "시스템 UI", "usage": 10},
				{"appName": "카카오톡", "usage": 4},
				{"appName": "메시지", "usage": 2},
				{"appName": "카메라", "usage": 2},
				{"appName": "원터치개인", "usage": 2},
				{"appName": "똑똑가계부", "usage": 1},
				{"appName": "Paco", "usage": 1},
				{"appName": "Samsung Pay", "usage": 1},
				{"appName": "Briefing", "usage": 1},
				{"appName": "카카오맵", "usage": 1},
				{"appName": "Polar Beat", "usage": 1},
				{"appName": "시계", "usage": 1},
				{"appName": "갤러리", "usage": 0},
				{"appName": "Microsoft Band", "usage": 0},
				{"appName": "설정", "usage": 0},
				{"appName": "연락처", "usage": 0},
				{"appName": "토스", "usage": 0},
				{"appName": "메모장", "usage": 0},
				{"appName": "Samsung Health", "usage": 0},
				{"appName": "캘린더", "usage": 0},
				{"appName": "똑똑계산기", "usage": 0},
				{"appName": "Google Play 스토어", "usage": 0},
				{"appName": "Dropsync", "usage": 0},
				{"appName": "CaptivePortalLogin", "usage": 0},
				{"appName": "Google Play 서비스", "usage": 0},
				{"appName": "하나1Q페이", "usage": 0},
				{"appName": "우리카드", "usage": 0},
				{"appName": "AhnLab V3 Mobile Plus 2.0", "usage": 0}
			]
		},
		"avgTime": {
			"usage": 2,
			"details": [
				{"appName": "Instagram", "usage": 10},
				{"appName": "전화", "usage": 2},
				{"appName": "Chrome", "usage": 1},
				{"appName": "카메라", "usage": 0},
				{"appName": "Briefing", "usage": 0},
				{"appName": "똑똑가계부", "usage": 0},
				{"appName": "Samsung Pay", "usage": 0},
				{"appName": "메시지", "usage": 0},
				{"appName": "카카오맵", "usage": 0},
				{"appName": "Paco", "usage": 0},
				{"appName": "원터치개인", "usage": 0},
				{"appName": "갤러리", "usage": 0},
				{"appName": "Microsoft Band", "usage": 0},
				{"appName": "시스템 UI", "usage": 0},
				{"appName": "카카오톡", "usage": 0},
				{"appName": "Polar Beat", "usage": 0},
				{"appName": "설정", "usage": 0},
				{"appName": "연락처", "usage": 0},
				{"appName": "Google Play 스토어", "usage": 0},
				{"appName": "시계", "usage": 0},
				{"appName": "토스", "usage": 0},
				{"appName": "Dropsync", "usage": 0},
				{"appName": "Samsung Experience 홈", "usage": 0},
				{"appName": "메모장", "usage": 0},
				{"appName": "똑똑계산기", "usage": 0},
				{"appName": "캘린더", "usage": 0},
				{"appName": "Samsung Health", "usage": 0},
				{"appName": "CaptivePortalLogin", "usage": 0},
				{"appName": "Google Play 서비스", "usage": 0},
				{"appName": "하나1Q페이", "usage": 0},
				{"appName": "우리카드", "usage": 0},
				{"appName": "AhnLab V3 Mobile Plus 2.0", "usage": 0}
			]
		},
		"lastPickup": {"time": 0}
	},
	{
		"date": 7,
		"totalTime": {
			"usage": 948,
			"details": [
				{"appName": "Chrome", "usage": 693},
				{"appName": "전화", "usage": 76},
				{"appName": "카카오톡", "usage": 39},
				{"appName": "메시지", "usage": 28},
				{"appName": "콴다 선생님", "usage": 16},
				{"appName": "원터치개인", "usage": 13},
				{"appName": "캘린더", "usage": 13},
				{"appName": "KEB 하나은행", "usage": 13},
				{"appName": "Samsung Experience 홈", "usage": 12},
				{"appName": "시계", "usage": 7},
				{"appName": "Samsung Health", "usage": 5},
				{"appName": "토스", "usage": 4},
				{"appName": "똑똑가계부", "usage": 4},
				{"appName": "갤러리", "usage": 4},
				{"appName": "Paco", "usage": 2},
				{"appName": "카카오맵", "usage": 2},
				{"appName": "우리카드", "usage": 2},
				{"appName": "Polar Beat", "usage": 1},
				{"appName": "Samsung Pay", "usage": 1},
				{"appName": "시스템 UI", "usage": 1},
				{"appName": "똑똑계산기", "usage": 0},
				{"appName": "설정", "usage": 0},
				{"appName": "연락처", "usage": 0},
				{"appName": "메모장", "usage": 0},
				{"appName": "Google Play 서비스", "usage": 0},
				{"appName": "내 파일", "usage": 0},
				{"appName": "Google Play 스토어", "usage": 0}
			]
		},
		"pickups": {"usage": 106},
		"downTime": {
			"usages": [
				{"hour": 0, "usage": 32},
				{"hour": 1, "usage": 9},
				{"hour": 2, "usage": 10},
				{"hour": 3, "usage": 22},
				{"hour": 4, "usage": 11},
				{"hour": 5, "usage": 0},
				{"hour": 6, "usage": 1},
				{"hour": 7, "usage": 31},
				{"hour": 8, "usage": 4},
				{"hour": 9, "usage": 43},
				{"hour": 10, "usage": 29},
				{"hour": 11, "usage": 48},
				{"hour": 12, "usage": 45},
				{"hour": 13, "usage": 6}
			],
			"details": [
				{"appName": "Samsung Experience 홈", "usage": [0, 1, 2, 3, 4, 5, 6, 7, 8, 9, 10, 11, 12, 13]},
				{"appName": "메시지", "usage": [0, 1, 2, 3, 4, 5, 7, 8, 9, 10, 12, 13]},
				{"appName": "카카오톡", "usage": [0, 1, 2, 6, 7, 8, 9, 10, 11, 12]},
				{"appName": "Chrome", "usage": [0, 1, 2, 7, 9, 10, 11, 12, 13]},
				{"appName": "캘린더", "usage": [0, 2, 6, 7, 8, 9, 10, 12]},
				{"appName": "Paco", "usage": [1, 2, 3, 5, 7, 9, 10, 12]},
				{"appName": "시스템 UI", "usage": [0, 3, 4, 7, 9, 10, 12]},
				{"appName": "전화", "usage": [2, 7, 9, 10, 11, 12]},
				{"appName": "Samsung Health", "usage": [0, 1, 5, 6, 12]},
				{"appName": "갤러리", "usage": [0, 7, 9, 10]},
				{"appName": "토스", "usage": [0, 6, 7]},
				{"appName": "카카오맵", "usage": [1, 2, 8]},
				{"appName": "연락처", "usage": [2, 7, 10]},
				{"appName": "똑똑가계부", "usage": [3, 7, 9]},
				{"appName": "Polar Beat", "usage": [2, 10, 12]},
				{"appName": "원터치개인", "usage": [0, 3]},
				{"appName": "우리카드", "usage": [0, 3]},
				{"appName": "설정", "usage": [9, 12]},
				{"appName": "내 파일", "usage": [8, 12]},
				{"appName": "Samsung Pay", "usage": [1, 10]},
				{"appName": "KEB 하나은행", "usage": [3, 4]},
				{"appName": "Google Play 서비스", "usage": [9, 13]},
				{"appName": "콴다 선생님", "usage": [10]},
				{"appName": "시계", "usage": [11]},
				{"appName": "메모장", "usage": [11]},
				{"appName": "똑똑계산기", "usage": [7]},
				{"appName": "Google Play 스토어", "usage": [5]}
			]
		},
		"maxTime": {
			"usage": 649,
			"details": [
				{"appName": "Chrome", "usage": 655},
				{"appName": "전화", "usage": 69},
				{"appName": "메시지", "usage": 12},
				{"appName": "원터치개인", "usage": 9},
				{"appName": "콴다 선생님", "usage": 7},
				{"appName": "시계", "usage": 6},
				{"appName": "카카오톡", "usage": 6},
				{"appName": "KEB 하나은행", "usage": 6},
				{"appName": "Samsung Experience 홈", "usage": 3},
				{"appName": "캘린더", "usage": 2},
				{"appName": "Samsung Health", "usage": 2},
				{"appName": "카카오맵", "usage": 2},
				{"appName": "갤러리", "usage": 1},
				{"appName": "똑똑가계부", "usage": 1},
				{"appName": "Samsung Pay", "usage": 0},
				{"appName": "Polar Beat", "usage": 0},
				{"appName": "토스", "usage": 0},
				{"appName": "우리카드", "usage": 0},
				{"appName": "똑똑계산기", "usage": 0},
				{"appName": "설정", "usage": 0},
				{"appName": "Paco", "usage": 0},
				{"appName": "시스템 UI", "usage": 0},
				{"appName": "메모장", "usage": 0},
				{"appName": "연락처", "usage": 0},
				{"appName": "내 파일", "usage": 0},
				{"appName": "Google Play 서비스", "usage": 0},
				{"appName": "Google Play 스토어", "usage": 0}
			]
		},
		"avgTime": {
			"usage": 8,
			"details": [
				{"appName": "Chrome", "usage": 17},
				{"appName": "전화", "usage": 9},
				{"appName": "시계", "usage": 3},
				{"appName": "KEB 하나은행", "usage": 0},
				{"appName": "갤러리", "usage": 0},
				{"appName": "원터치개인", "usage": 0},
				{"appName": "콴다 선생님", "usage": 0},
				{"appName": "메시지", "usage": 0},
				{"appName": "카카오맵", "usage": 0},
				{"appName": "똑똑계산기", "usage": 0},
				{"appName": "똑똑가계부", "usage": 0},
				{"appName": "Samsung Pay", "usage": 0},
				{"appName": "우리카드", "usage": 0},
				{"appName": "카카오톡", "usage": 0},
				{"appName": "캘린더", "usage": 0},
				{"appName": "Paco", "usage": 0},
				{"appName": "Polar Beat", "usage": 0},
				{"appName": "설정", "usage": 0},
				{"appName": "메모장", "usage": 0},
				{"appName": "토스", "usage": 0},
				{"appName": "Samsung Health", "usage": 0},
				{"appName": "Google Play 서비스", "usage": 0},
				{"appName": "연락처", "usage": 0},
				{"appName": "Samsung Experience 홈", "usage": 0},
				{"appName": "내 파일", "usage": 0},
				{"appName": "시스템 UI", "usage": 0},
				{"appName": "Google Play 스토어", "usage": 0}
			]
		},
		"lastPickup": {"time": 649}
	}
]
