[
	{
		"date": 1,
		"totalTime": {
			"usage": 429,
			"details": [
				{"appName": "YouTube", "usage": 446},
				{"appName": "Pokémon GO", "usage": 73},
				{"appName": "삼성 인터넷", "usage": 51},
				{"appName": "카카오톡", "usage": 38},
				{"appName": "Facebook", "usage": 22},
				{"appName": "시계", "usage": 20},
				{"appName": "캐시워크", "usage": 13},
				{"appName": "Samsung Experience 홈", "usage": 13},
				{"appName": "Polar Beat", "usage": 9},
				{"appName": "전화", "usage": 6},
				{"appName": "시스템 UI", "usage": 5},
				{"appName": "Paco", "usage": 5},
				{"appName": "텍뷰", "usage": 4},
				{"appName": "설정", "usage": 2},
				{"appName": "YouTube Music", "usage": 2},
				{"appName": "LoL 프렌즈", "usage": 1},
				{"appName": "KAIST Library", "usage": 1},
				{"appName": "Microsoft Band", "usage": 1},
				{"appName": "캘린더", "usage": 1},
				{"appName": "피트니스", "usage": 1},
				{"appName": "편한가계부", "usage": 1},
				{"appName": "게임런처", "usage": 1},
				{"appName": "Logger", "usage": 0},
				{"appName": "IV Go", "usage": 0},
				{"appName": "KLMS", "usage": 0},
				{"appName": "계산기", "usage": 0},
				{"appName": "연락처", "usage": 0},
				{"appName": "메시지", "usage": 0},
				{"appName": "Lapse", "usage": 0},
				{"appName": "에브리타임", "usage": 0},
				{"appName": "패키지 설치 프로그램", "usage": 0},
				{"appName": "안드로이드 시스템", "usage": 0},
				{"appName": "ABC Logger", "usage": 0},
				{"appName": "OP.GG", "usage": 0},
				{"appName": "소프트웨어 업데이트", "usage": 0},
				{"appName": "삼성 음성 입력", "usage": 0},
				{"appName": "원스토어", "usage": 0}
			]
		},
		"pickups": {"usage": 114},
		"downTime": {
			"usages": [
				{"hour": 0, "usage": 8},
				{"hour": 1, "usage": 13},
				{"hour": 2, "usage": 51},
				{"hour": 3, "usage": 45},
				{"hour": 4, "usage": 27},
				{"hour": 5, "usage": 26},
				{"hour": 6, "usage": 3},
				{"hour": 8, "usage": 5},
				{"hour": 9, "usage": 16},
				{"hour": 10, "usage": 45},
				{"hour": 11, "usage": 40},
				{"hour": 12, "usage": 24},
				{"hour": 13, "usage": 30},
				{"hour": 14, "usage": 3},
				{"hour": 15, "usage": 0},
				{"hour": 16, "usage": 51},
				{"hour": 17, "usage": 23},
				{"hour": 22, "usage": 3},
				{"hour": 23, "usage": 8}
			],
			"details": [
				{"appName": "캐시워크", "usage": [0, 1, 2, 3, 4, 5, 6, 8, 9, 10, 11, 12, 13, 14, 15, 16, 22, 23]},
				{"appName": "시스템 UI", "usage": [0, 1, 2, 3, 4, 5, 6, 8, 9, 10, 11, 12, 13, 14, 16, 22, 23]},
				{"appName": "Samsung Experience 홈", "usage": [0, 1, 2, 3, 4, 5, 6, 8, 9, 10, 11, 12, 13, 14, 16, 22, 23]},
				{"appName": "카카오톡", "usage": [0, 1, 2, 3, 4, 5, 6, 8, 9, 10, 11, 12, 13, 14, 16, 22]},
				{"appName": "YouTube", "usage": [1, 2, 3, 4, 10, 11, 14, 16, 17, 18, 19, 20, 21, 22]},
				{"appName": "게임런처", "usage": [3, 5, 8, 9, 10, 11, 12, 13, 14, 16]},
				{"appName": "Pokémon GO", "usage": [3, 5, 8, 9, 10, 11, 12, 13, 14, 16]},
				{"appName": "Paco", "usage": [2, 3, 4, 5, 8, 9, 10, 11, 12]},
				{"appName": "삼성 인터넷", "usage": [1, 2, 4, 5, 12, 13, 16]},
				{"appName": "Polar Beat", "usage": [2, 3, 5, 8, 9, 12, 16]},
				{"appName": "Facebook", "usage": [5, 6, 9, 10, 12, 16]},
				{"appName": "YouTube Music", "usage": [3, 11, 12, 13, 14]},
				{"appName": "패키지 설치 프로그램", "usage": [2, 5, 12, 13]},
				{"appName": "시계", "usage": [0, 1, 22, 23]},
				{"appName": "Microsoft Band", "usage": [2, 5, 8, 12]},
				{"appName": "편한가계부", "usage": [3, 12, 16]},
				{"appName": "캘린더", "usage": [10, 11, 12]},
				{"appName": "설정", "usage": [2, 12, 16]},
				{"appName": "Logger", "usage": [2, 12, 16]},
				{"appName": "전화", "usage": [10, 16]},
				{"appName": "소프트웨어 업데이트", "usage": [15, 16]},
				{"appName": "LoL 프렌즈", "usage": [6, 9]},
				{"appName": "KLMS", "usage": [4, 5]},
				{"appName": "피트니스", "usage": [9]},
				{"appName": "텍뷰", "usage": [5]},
				{"appName": "원스토어", "usage": [8]},
				{"appName": "연락처", "usage": [10]},
				{"appName": "에브리타임", "usage": [10]},
				{"appName": "안드로이드 시스템", "usage": [1]},
				{"appName": "삼성 음성 입력", "usage": [13]},
				{"appName": "메시지", "usage": [16]},
				{"appName": "계산기", "usage": [12]},
				{"appName": "OP.GG", "usage": [10]},
				{"appName": "Lapse", "usage": [9]},
				{"appName": "KAIST Library", "usage": [5]},
				{"appName": "IV Go", "usage": [10]},
				{"appName": "ABC Logger", "usage": [12]}
			]
		},
		"maxTime": {
			"usage": 53,
			"details": [
				{"appName": "YouTube", "usage": 340},
				{"appName": "삼성 인터넷", "usage": 16},
				{"appName": "Pokémon GO", "usage": 6},
				{"appName": "시계", "usage": 4},
				{"appName": "카카오톡", "usage": 4},
				{"appName": "전화", "usage": 4},
				{"appName": "Facebook", "usage": 4},
				{"appName": "캐시워크", "usage": 2},
				{"appName": "Samsung Experience 홈", "usage": 1},
				{"appName": "텍뷰", "usage": 1},
				{"appName": "설정", "usage": 1},
				{"appName": "Polar Beat", "usage": 1},
				{"appName": "KAIST Library", "usage": 1},
				{"appName": "LoL 프렌즈", "usage": 1},
				{"appName": "Paco", "usage": 0},
				{"appName": "YouTube Music", "usage": 0},
				{"appName": "피트니스", "usage": 0},
				{"appName": "캘린더", "usage": 0},
				{"appName": "시스템 UI", "usage": 0},
				{"appName": "Logger", "usage": 0},
				{"appName": "Microsoft Band", "usage": 0},
				{"appName": "편한가계부", "usage": 0},
				{"appName": "계산기", "usage": 0},
				{"appName": "메시지", "usage": 0},
				{"appName": "연락처", "usage": 0},
				{"appName": "Lapse", "usage": 0},
				{"appName": "KLMS", "usage": 0},
				{"appName": "IV Go", "usage": 0},
				{"appName": "에브리타임", "usage": 0},
				{"appName": "게임런처", "usage": 0},
				{"appName": "안드로이드 시스템", "usage": 0},
				{"appName": "패키지 설치 프로그램", "usage": 0},
				{"appName": "ABC Logger", "usage": 0},
				{"appName": "OP.GG", "usage": 0},
				{"appName": "소프트웨어 업데이트", "usage": 0},
				{"appName": "삼성 음성 입력", "usage": 0},
				{"appName": "원스토어", "usage": 0}
			]
		},
		"avgTime": {
			"usage": 3,
			"details": [
				{"appName": "YouTube", "usage": 9},
				{"appName": "텍뷰", "usage": 1},
				{"appName": "Pokémon GO", "usage": 1},
				{"appName": "전화", "usage": 1},
				{"appName": "삼성 인터넷", "usage": 1},
				{"appName": "LoL 프렌즈", "usage": 0},
				{"appName": "피트니스", "usage": 0},
				{"appName": "Facebook", "usage": 0},
				{"appName": "시계", "usage": 0},
				{"appName": "계산기", "usage": 0},
				{"appName": "메시지", "usage": 0},
				{"appName": "설정", "usage": 0},
				{"appName": "KAIST Library", "usage": 0},
				{"appName": "캘린더", "usage": 0},
				{"appName": "Paco", "usage": 0},
				{"appName": "Microsoft Band", "usage": 0},
				{"appName": "Polar Beat", "usage": 0},
				{"appName": "편한가계부", "usage": 0},
				{"appName": "Lapse", "usage": 0},
				{"appName": "YouTube Music", "usage": 0},
				{"appName": "KLMS", "usage": 0},
				{"appName": "연락처", "usage": 0},
				{"appName": "Logger", "usage": 0},
				{"appName": "카카오톡", "usage": 0},
				{"appName": "Samsung Experience 홈", "usage": 0},
				{"appName": "에브리타임", "usage": 0},
				{"appName": "캐시워크", "usage": 0},
				{"appName": "IV Go", "usage": 0},
				{"appName": "시스템 UI", "usage": 0},
				{"appName": "게임런처", "usage": 0},
				{"appName": "안드로이드 시스템", "usage": 0},
				{"appName": "OP.GG", "usage": 0},
				{"appName": "ABC Logger", "usage": 0},
				{"appName": "패키지 설치 프로그램", "usage": 0},
				{"appName": "소프트웨어 업데이트", "usage": 0},
				{"appName": "삼성 음성 입력", "usage": 0},
				{"appName": "원스토어", "usage": 0}
			]
		},
		"lastPickup": {"time": 0}
	},
	{
		"date": 2,
		"totalTime": {
			"usage": 232,
			"details": [
				{"appName": "YouTube", "usage": 69},
				{"appName": "삼성 인터넷", "usage": 44},
				{"appName": "캐시워크", "usage": 30},
				{"appName": "Pokémon GO", "usage": 25},
				{"appName": "카카오톡", "usage": 14},
				{"appName": "Facebook", "usage": 12},
				{"appName": "Samsung Experience 홈", "usage": 9},
				{"appName": "Paco", "usage": 4},
				{"appName": "Logger", "usage": 2},
				{"appName": "시스템 UI", "usage": 2},
				{"appName": "지도", "usage": 1},
				{"appName": "캘린더", "usage": 1},
				{"appName": "Polar Beat", "usage": 1},
				{"appName": "설정", "usage": 1},
				{"appName": "T멤버십", "usage": 0},
				{"appName": "카카오뱅크", "usage": 0},
				{"appName": "한컴오피스 viewer", "usage": 0},
				{"appName": "안드로이드 시스템", "usage": 0},
				{"appName": "갤러리", "usage": 0},
				{"appName": "드라이브", "usage": 0},
				{"appName": "시계", "usage": 0},
				{"appName": "내 파일", "usage": 0},
				{"appName": "게임런처", "usage": 0},
				{"appName": "LoL 프렌즈", "usage": 0},
				{"appName": "롯데리아", "usage": 0},
				{"appName": "Word", "usage": 0},
				{"appName": "YouTube Music", "usage": 0},
				{"appName": "Microsoft Band", "usage": 0},
				{"appName": "패키지 설치 프로그램", "usage": 0},
				{"appName": "Google Play 스토어", "usage": 0},
				{"appName": "연락처", "usage": 0},
				{"appName": "Atomas", "usage": 0},
				{"appName": "카메라", "usage": 0},
				{"appName": "전화", "usage": 0},
				{"appName": "Workspace", "usage": 0},
				{"appName": "지퍼7", "usage": 0},
				{"appName": "편한가계부", "usage": 0},
				{"appName": "이동거리", "usage": 0},
				{"appName": "소프트웨어 업데이트", "usage": 0}
			]
		},
		"pickups": {"usage": 84},
		"downTime": {
			"usages": [
				{"hour": 0, "usage": 24},
				{"hour": 1, "usage": 24},
				{"hour": 2, "usage": 33},
				{"hour": 3, "usage": 39},
				{"hour": 5, "usage": 6},
				{"hour": 6, "usage": 13},
				{"hour": 7, "usage": 4},
				{"hour": 8, "usage": 1},
				{"hour": 9, "usage": 39},
				{"hour": 10, "usage": 28},
				{"hour": 11, "usage": 7},
				{"hour": 12, "usage": 3},
				{"hour": 13, "usage": 2},
				{"hour": 15, "usage": 2},
				{"hour": 16, "usage": 0},
				{"hour": 21, "usage": 0}
			],
			"details": [
				{"appName": "캐시워크", "usage": [0, 1, 2, 3, 5, 6, 7, 8, 9, 10, 11, 12, 13, 15, 16, 21]},
				{"appName": "Samsung Experience 홈", "usage": [0, 1, 2, 3, 5, 6, 7, 8, 9, 10, 11, 12, 13]},
				{"appName": "카카오톡", "usage": [0, 1, 2, 3, 5, 6, 7, 9, 10, 11, 12, 13]},
				{"appName": "시스템 UI", "usage": [0, 1, 2, 3, 5, 6, 7, 9, 10, 11, 12, 13]},
				{"appName": "Paco", "usage": [1, 2, 3, 5, 6, 8, 9, 10, 11, 12]},
				{"appName": "Facebook", "usage": [0, 2, 3, 5, 6, 9, 10, 12]},
				{"appName": "삼성 인터넷", "usage": [1, 2, 6, 7, 9, 10, 11]},
				{"appName": "게임런처", "usage": [0, 1, 2, 3, 5, 9, 11]},
				{"appName": "안드로이드 시스템", "usage": [0, 3, 6, 9, 10, 11]},
				{"appName": "Pokémon GO", "usage": [0, 2, 3, 5, 9, 11]},
				{"appName": "설정", "usage": [1, 3, 9, 10, 13]},
				{"appName": "YouTube", "usage": [0, 1, 3, 9, 10]},
				{"appName": "패키지 설치 프로그램", "usage": [1, 2, 9]},
				{"appName": "Polar Beat", "usage": [1, 9, 13]},
				{"appName": "한컴오피스 viewer", "usage": [9, 10]},
				{"appName": "캘린더", "usage": [7, 9]},
				{"appName": "내 파일", "usage": [0, 10]},
				{"appName": "T멤버십", "usage": [2, 3]},
				{"appName": "Logger", "usage": [1, 13]},
				{"appName": "Google Play 스토어", "usage": [10, 11]},
				{"appName": "편한가계부", "usage": [3]},
				{"appName": "카카오뱅크", "usage": [13]},
				{"appName": "카메라", "usage": [13]},
				{"appName": "지퍼7", "usage": [0]},
				{"appName": "지도", "usage": [11]},
				{"appName": "전화", "usage": [10]},
				{"appName": "이동거리", "usage": [0]},
				{"appName": "연락처", "usage": [10]},
				{"appName": "시계", "usage": [0]},
				{"appName": "소프트웨어 업데이트", "usage": [16]},
				{"appName": "롯데리아", "usage": [2]},
				{"appName": "드라이브", "usage": [0]},
				{"appName": "갤러리", "usage": [9]},
				{"appName": "YouTube Music", "usage": [10]},
				{"appName": "Workspace", "usage": [0]},
				{"appName": "Word", "usage": [10]},
				{"appName": "Microsoft Band", "usage": [1]},
				{"appName": "LoL 프렌즈", "usage": [6]},
				{"appName": "Atomas", "usage": [1]}
			]
		},
		"maxTime": {
			"usage": 32,
			"details": [
				{"appName": "YouTube", "usage": 16},
				{"appName": "삼성 인터넷", "usage": 10},
				{"appName": "캐시워크", "usage": 4},
				{"appName": "Pokémon GO", "usage": 3},
				{"appName": "Facebook", "usage": 2},
				{"appName": "Logger", "usage": 2},
				{"appName": "Samsung Experience 홈", "usage": 1},
				{"appName": "카카오톡", "usage": 1},
				{"appName": "캘린더", "usage": 0},
				{"appName": "T멤버십", "usage": 0},
				{"appName": "갤러리", "usage": 0},
				{"appName": "드라이브", "usage": 0},
				{"appName": "카카오뱅크", "usage": 0},
				{"appName": "Paco", "usage": 0},
				{"appName": "지도", "usage": 0},
				{"appName": "한컴오피스 viewer", "usage": 0},
				{"appName": "안드로이드 시스템", "usage": 0},
				{"appName": "롯데리아", "usage": 0},
				{"appName": "Polar Beat", "usage": 0},
				{"appName": "내 파일", "usage": 0},
				{"appName": "Word", "usage": 0},
				{"appName": "LoL 프렌즈", "usage": 0},
				{"appName": "YouTube Music", "usage": 0},
				{"appName": "설정", "usage": 0},
				{"appName": "Microsoft Band", "usage": 0},
				{"appName": "시계", "usage": 0},
				{"appName": "연락처", "usage": 0},
				{"appName": "Atomas", "usage": 0},
				{"appName": "시스템 UI", "usage": 0},
				{"appName": "전화", "usage": 0},
				{"appName": "카메라", "usage": 0},
				{"appName": "Workspace", "usage": 0},
				{"appName": "게임런처", "usage": 0},
				{"appName": "패키지 설치 프로그램", "usage": 0},
				{"appName": "Google Play 스토어", "usage": 0},
				{"appName": "지퍼7", "usage": 0},
				{"appName": "편한가계부", "usage": 0},
				{"appName": "이동거리", "usage": 0},
				{"appName": "소프트웨어 업데이트", "usage": 0}
			]
		},
		"avgTime": {
			"usage": 2,
			"details": [
				{"appName": "YouTube", "usage": 3},
				{"appName": "Pokémon GO", "usage": 0},
				{"appName": "삼성 인터넷", "usage": 0},
				{"appName": "갤러리", "usage": 0},
				{"appName": "드라이브", "usage": 0},
				{"appName": "Facebook", "usage": 0},
				{"appName": "Logger", "usage": 0},
				{"appName": "롯데리아", "usage": 0},
				{"appName": "T멤버십", "usage": 0},
				{"appName": "Word", "usage": 0},
				{"appName": "지도", "usage": 0},
				{"appName": "캘린더", "usage": 0},
				{"appName": "LoL 프렌즈", "usage": 0},
				{"appName": "Paco", "usage": 0},
				{"appName": "캐시워크", "usage": 0},
				{"appName": "연락처", "usage": 0},
				{"appName": "Atomas", "usage": 0},
				{"appName": "전화", "usage": 0},
				{"appName": "내 파일", "usage": 0},
				{"appName": "Microsoft Band", "usage": 0},
				{"appName": "한컴오피스 viewer", "usage": 0},
				{"appName": "Samsung Experience 홈", "usage": 0},
				{"appName": "Workspace", "usage": 0},
				{"appName": "카카오뱅크", "usage": 0},
				{"appName": "Polar Beat", "usage": 0},
				{"appName": "YouTube Music", "usage": 0},
				{"appName": "설정", "usage": 0},
				{"appName": "카메라", "usage": 0},
				{"appName": "카카오톡", "usage": 0},
				{"appName": "시계", "usage": 0},
				{"appName": "안드로이드 시스템", "usage": 0},
				{"appName": "지퍼7", "usage": 0},
				{"appName": "편한가계부", "usage": 0},
				{"appName": "패키지 설치 프로그램", "usage": 0},
				{"appName": "게임런처", "usage": 0},
				{"appName": "시스템 UI", "usage": 0},
				{"appName": "Google Play 스토어", "usage": 0},
				{"appName": "이동거리", "usage": 0},
				{"appName": "소프트웨어 업데이트", "usage": 0}
			]
		},
		"lastPickup": {"time": 0}
	},
	{
		"date": 3,
		"totalTime": {
			"usage": 668,
			"details": [
				{"appName": "YouTube", "usage": 429},
				{"appName": "Pokémon GO", "usage": 61},
				{"appName": "삼성 인터넷", "usage": 34},
				{"appName": "카카오톡", "usage": 29},
				{"appName": "Facebook", "usage": 20},
				{"appName": "텍뷰", "usage": 13},
				{"appName": "캐시워크", "usage": 12},
				{"appName": "Samsung Experience 홈", "usage": 10},
				{"appName": "시계", "usage": 6},
				{"appName": "갤러리", "usage": 6},
				{"appName": "드라이브", "usage": 4},
				{"appName": "시스템 UI", "usage": 3},
				{"appName": "Paco", "usage": 3},
				{"appName": "설정", "usage": 2},
				{"appName": "YouTube Music", "usage": 1},
				{"appName": "전화", "usage": 1},
				{"appName": "Messenger", "usage": 1},
				{"appName": "야놀자", "usage": 0},
				{"appName": "Samsung Health", "usage": 0},
				{"appName": "밥대생", "usage": 0},
				{"appName": "IV Go", "usage": 0},
				{"appName": "게임런처", "usage": 0},
				{"appName": "Polar Beat", "usage": 0},
				{"appName": "LoL 프렌즈", "usage": 0},
				{"appName": "Google Play 스토어", "usage": 0},
				{"appName": "카카오 T", "usage": 0},
				{"appName": "연락처", "usage": 0},
				{"appName": "Logger", "usage": 0},
				{"appName": "편한가계부", "usage": 0},
				{"appName": "Microsoft Band", "usage": 0},
				{"appName": "Samsung Notes", "usage": 0},
				{"appName": "디바이스 관리", "usage": 0},
				{"appName": "카메라", "usage": 0},
				{"appName": "소프트웨어 업데이트", "usage": 0},
				{"appName": "안드로이드 시스템", "usage": 0},
				{"appName": "ABC Logger", "usage": 0},
				{"appName": "패키지 설치 프로그램", "usage": 0},
				{"appName": "파인더", "usage": 0},
				{"appName": "Google", "usage": 0}
			]
		},
		"pickups": {"usage": 84},
		"downTime": {
			"usages": [
				{"hour": 0, "usage": 0},
				{"hour": 1, "usage": 0},
				{"hour": 2, "usage": 9},
				{"hour": 3, "usage": 8},
				{"hour": 4, "usage": 44},
				{"hour": 5, "usage": 40},
				{"hour": 6, "usage": 24},
				{"hour": 7, "usage": 48},
				{"hour": 8, "usage": 60},
				{"hour": 9, "usage": 37},
				{"hour": 10, "usage": 10},
				{"hour": 11, "usage": 60},
				{"hour": 12, "usage": 45},
				{"hour": 13, "usage": 6},
				{"hour": 14, "usage": 37},
				{"hour": 15, "usage": 60},
				{"hour": 16, "usage": 48},
				{"hour": 17, "usage": 59},
				{"hour": 18, "usage": 40},
				{"hour": 20, "usage": 2},
				{"hour": 22, "usage": 8},
				{"hour": 23, "usage": 6}
			],
			"details": [
				{"appName": "캐시워크", "usage": [0, 1, 2, 3, 4, 5, 6, 7, 9, 10, 12, 13, 14, 16, 17, 18, 20, 22, 23]},
				{"appName": "시스템 UI", "usage": [2, 3, 4, 5, 6, 7, 8, 10, 11, 12, 13, 14, 15, 16, 17, 18, 22, 23]},
				{"appName": "Samsung Experience 홈", "usage": [2, 3, 4, 5, 6, 7, 8, 10, 11, 12, 13, 14, 15, 16, 17, 18, 22, 23]},
				{"appName": "카카오톡", "usage": [2, 3, 4, 5, 6, 8, 10, 11, 12, 13, 14, 15, 16, 17, 18, 23]},
				{"appName": "YouTube", "usage": [4, 5, 6, 7, 8, 9, 10, 11, 12, 14, 15, 16, 17, 18, 22]},
				{"appName": "삼성 인터넷", "usage": [2, 3, 5, 6, 11, 12, 16, 17]},
				{"appName": "Paco", "usage": [5, 6, 10, 11, 12, 13, 16, 17]},
				{"appName": "게임런처", "usage": [5, 6, 10, 12, 16, 17]},
				{"appName": "Pokémon GO", "usage": [5, 6, 10, 12, 16, 17]},
				{"appName": "텍뷰", "usage": [3, 4, 5, 12, 13]},
				{"appName": "시계", "usage": [3, 6, 17, 22, 23]},
				{"appName": "Facebook", "usage": [3, 4, 14, 17, 23]},
				{"appName": "패키지 설치 프로그램", "usage": [3, 4, 12, 16]},
				{"appName": "전화", "usage": [5, 11, 15, 16]},
				{"appName": "안드로이드 시스템", "usage": [12, 13, 15, 17]},
				{"appName": "설정", "usage": [4, 12, 16, 17]},
				{"appName": "YouTube Music", "usage": [4, 5, 12, 13]},
				{"appName": "연락처", "usage": [5, 15, 16]},
				{"appName": "Polar Beat", "usage": [4, 13, 17]},
				{"appName": "소프트웨어 업데이트", "usage": [2, 5]},
				{"appName": "Logger", "usage": [4, 16]},
				{"appName": "IV Go", "usage": [5, 6]},
				{"appName": "편한가계부", "usage": [6]},
				{"appName": "파인더", "usage": [7]},
				{"appName": "카카오 T", "usage": [3]},
				{"appName": "카메라", "usage": [12]},
				{"appName": "야놀자", "usage": [2]},
				{"appName": "밥대생", "usage": [15]},
				{"appName": "디바이스 관리", "usage": [16]},
				{"appName": "드라이브", "usage": [12]},
				{"appName": "갤러리", "usage": [12]},
				{"appName": "Samsung Notes", "usage": [12]},
				{"appName": "Samsung Health", "usage": [13]},
				{"appName": "Microsoft Band", "usage": [16]},
				{"appName": "Messenger", "usage": [23]},
				{"appName": "LoL 프렌즈", "usage": [11]},
				{"appName": "Google Play 스토어", "usage": [23]},
				{"appName": "Google", "usage": [5]},
				{"appName": "ABC Logger", "usage": [17]}
			]
		},
		"maxTime": {
			"usage": 111,
			"details": [
				{"appName": "YouTube", "usage": 41},
				{"appName": "Pokémon GO", "usage": 10},
				{"appName": "삼성 인터넷", "usage": 7},
				{"appName": "Facebook", "usage": 6},
				{"appName": "텍뷰", "usage": 4},
				{"appName": "드라이브", "usage": 4},
				{"appName": "갤러리", "usage": 3},
				{"appName": "캐시워크", "usage": 2},
				{"appName": "카카오톡", "usage": 1},
				{"appName": "시계", "usage": 1},
				{"appName": "Samsung Experience 홈", "usage": 1},
				{"appName": "Paco", "usage": 0},
				{"appName": "설정", "usage": 0},
				{"appName": "Samsung Health", "usage": 0},
				{"appName": "YouTube Music", "usage": 0},
				{"appName": "LoL 프렌즈", "usage": 0},
				{"appName": "전화", "usage": 0},
				{"appName": "Messenger", "usage": 0},
				{"appName": "Microsoft Band", "usage": 0},
				{"appName": "Google Play 스토어", "usage": 0},
				{"appName": "편한가계부", "usage": 0},
				{"appName": "Samsung Notes", "usage": 0},
				{"appName": "Logger", "usage": 0},
				{"appName": "밥대생", "usage": 0},
				{"appName": "카메라", "usage": 0},
				{"appName": "소프트웨어 업데이트", "usage": 0},
				{"appName": "야놀자", "usage": 0},
				{"appName": "카카오 T", "usage": 0},
				{"appName": "IV Go", "usage": 0},
				{"appName": "시스템 UI", "usage": 0},
				{"appName": "디바이스 관리", "usage": 0},
				{"appName": "연락처", "usage": 0},
				{"appName": "ABC Logger", "usage": 0},
				{"appName": "게임런처", "usage": 0},
				{"appName": "Polar Beat", "usage": 0},
				{"appName": "파인더", "usage": 0},
				{"appName": "안드로이드 시스템", "usage": 0},
				{"appName": "패키지 설치 프로그램", "usage": 0},
				{"appName": "Google", "usage": 0}
			]
		},
		"avgTime": {
			"usage": 7,
			"details": [
				{"appName": "YouTube", "usage": 7},
				{"appName": "Pokémon GO", "usage": 2},
				{"appName": "드라이브", "usage": 2},
				{"appName": "갤러리", "usage": 1},
				{"appName": "삼성 인터넷", "usage": 1},
				{"appName": "텍뷰", "usage": 0},
				{"appName": "Facebook", "usage": 0},
				{"appName": "LoL 프렌즈", "usage": 0},
				{"appName": "Samsung Health", "usage": 0},
				{"appName": "전화", "usage": 0},
				{"appName": "카메라", "usage": 0},
				{"appName": "설정", "usage": 0},
				{"appName": "YouTube Music", "usage": 0},
				{"appName": "Microsoft Band", "usage": 0},
				{"appName": "시계", "usage": 0},
				{"appName": "Paco", "usage": 0},
				{"appName": "디바이스 관리", "usage": 0},
				{"appName": "Google Play 스토어", "usage": 0},
				{"appName": "Samsung Notes", "usage": 0},
				{"appName": "야놀자", "usage": 0},
				{"appName": "소프트웨어 업데이트", "usage": 0},
				{"appName": "Logger", "usage": 0},
				{"appName": "편한가계부", "usage": 0},
				{"appName": "Messenger", "usage": 0},
				{"appName": "연락처", "usage": 0},
				{"appName": "ABC Logger", "usage": 0},
				{"appName": "Samsung Experience 홈", "usage": 0},
				{"appName": "캐시워크", "usage": 0},
				{"appName": "카카오톡", "usage": 0},
				{"appName": "파인더", "usage": 0},
				{"appName": "밥대생", "usage": 0},
				{"appName": "IV Go", "usage": 0},
				{"appName": "Polar Beat", "usage": 0},
				{"appName": "안드로이드 시스템", "usage": 0},
				{"appName": "카카오 T", "usage": 0},
				{"appName": "Google", "usage": 0},
				{"appName": "게임런처", "usage": 0},
				{"appName": "시스템 UI", "usage": 0},
				{"appName": "패키지 설치 프로그램", "usage": 0}
			]
		},
		"lastPickup": {"time": 10}
	},
	{
		"date": 4,
		"totalTime": {
			"usage": 589,
			"details": [
				{"appName": "YouTube", "usage": 291},
				{"appName": "삼성 인터넷", "usage": 80},
				{"appName": "Pokémon GO", "usage": 66},
				{"appName": "카카오톡", "usage": 45},
				{"appName": "Facebook", "usage": 11},
				{"appName": "Samsung Experience 홈", "usage": 7},
				{"appName": "캐시워크", "usage": 5},
				{"appName": "카카오 T", "usage": 5},
				{"appName": "설정", "usage": 3},
				{"appName": "LoL 프렌즈", "usage": 3},
				{"appName": "갤러리", "usage": 3},
				{"appName": "시스템 UI", "usage": 2},
				{"appName": "전화", "usage": 1},
				{"appName": "Paco", "usage": 1},
				{"appName": "YouTube Music", "usage": 1},
				{"appName": "IV Go", "usage": 1},
				{"appName": "게임런처", "usage": 1},
				{"appName": "편한가계부", "usage": 1},
				{"appName": "롯데시네마", "usage": 0},
				{"appName": "지도", "usage": 0},
				{"appName": "Polar Beat", "usage": 0},
				{"appName": "드라이브", "usage": 0},
				{"appName": "KAIST Library", "usage": 0},
				{"appName": "ABC Logger", "usage": 0},
				{"appName": "지퍼7", "usage": 0},
				{"appName": "Logger", "usage": 0},
				{"appName": "카메라", "usage": 0},
				{"appName": "메시지", "usage": 0},
				{"appName": "캘린더", "usage": 0},
				{"appName": "Workspace", "usage": 0},
				{"appName": "안드로이드 시스템", "usage": 0},
				{"appName": "소프트웨어 업데이트", "usage": 0},
				{"appName": "패키지 설치 프로그램", "usage": 0},
				{"appName": "이동거리", "usage": 0}
			]
		},
		"pickups": {"usage": 109},
		"downTime": {
			"usages": [
				{"hour": 0, "usage": 55},
				{"hour": 1, "usage": 26},
				{"hour": 2, "usage": 2},
				{"hour": 3, "usage": 17},
				{"hour": 6, "usage": 3},
				{"hour": 7, "usage": 22},
				{"hour": 8, "usage": 55},
				{"hour": 9, "usage": 57},
				{"hour": 10, "usage": 2},
				{"hour": 11, "usage": 2},
				{"hour": 12, "usage": 25},
				{"hour": 13, "usage": 32},
				{"hour": 14, "usage": 16},
				{"hour": 15, "usage": 51},
				{"hour": 16, "usage": 52},
				{"hour": 17, "usage": 55},
				{"hour": 18, "usage": 60},
				{"hour": 19, "usage": 48},
				{"hour": 22, "usage": 0}
			],
			"details": [
				{"appName": "캐시워크", "usage": [0, 1, 2, 3, 6, 7, 8, 9, 10, 11, 12, 13, 14, 15, 16, 17, 19, 22]},
				{"appName": "시스템 UI", "usage": [0, 1, 2, 3, 6, 7, 8, 9, 12, 13, 14, 15, 16, 17]},
				{"appName": "Samsung Experience 홈", "usage": [0, 1, 2, 3, 6, 7, 8, 9, 12, 13, 14, 15, 16, 17]},
				{"appName": "카카오톡", "usage": [0, 1, 2, 3, 6, 7, 8, 12, 13, 14, 15, 17]},
				{"appName": "YouTube", "usage": [7, 9, 10, 13, 14, 15, 16, 17, 18, 19]},
				{"appName": "삼성 인터넷", "usage": [0, 1, 2, 3, 7, 8, 9, 12, 14]},
				{"appName": "Pokémon GO", "usage": [3, 7, 9, 12, 13, 16, 17]},
				{"appName": "Paco", "usage": [0, 1, 3, 7, 8, 12, 17]},
				{"appName": "게임런처", "usage": [3, 7, 9, 12, 16, 17]},
				{"appName": "설정", "usage": [0, 9, 12, 16, 17]},
				{"appName": "패키지 설치 프로그램", "usage": [0, 3, 9, 17]},
				{"appName": "전화", "usage": [3, 9, 12, 13]},
				{"appName": "안드로이드 시스템", "usage": [3, 7, 12]},
				{"appName": "갤러리", "usage": [7, 9, 14]},
				{"appName": "YouTube Music", "usage": [9, 12, 13]},
				{"appName": "Polar Beat", "usage": [0, 9, 17]},
				{"appName": "Logger", "usage": [0, 9, 17]},
				{"appName": "LoL 프렌즈", "usage": [9, 12, 13]},
				{"appName": "편한가계부", "usage": [0, 12]},
				{"appName": "카카오 T", "usage": [1, 3]},
				{"appName": "소프트웨어 업데이트", "usage": [5, 6]},
				{"appName": "KAIST Library", "usage": [14, 15]},
				{"appName": "IV Go", "usage": [16, 17]},
				{"appName": "Facebook", "usage": [12, 13]},
				{"appName": "캘린더", "usage": [22]},
				{"appName": "카메라", "usage": [3]},
				{"appName": "지퍼7", "usage": [9]},
				{"appName": "지도", "usage": [3]},
				{"appName": "이동거리", "usage": [9]},
				{"appName": "메시지", "usage": [9]},
				{"appName": "롯데시네마", "usage": [3]},
				{"appName": "드라이브", "usage": [12]},
				{"appName": "Workspace", "usage": [9]},
				{"appName": "ABC Logger", "usage": [9]}
			]
		},
		"maxTime": {
			"usage": 154,
			"details": [
				{"appName": "YouTube", "usage": 143},
				{"appName": "삼성 인터넷", "usage": 38},
				{"appName": "카카오톡", "usage": 19},
				{"appName": "Pokémon GO", "usage": 12},
				{"appName": "Facebook", "usage": 2},
				{"appName": "카카오 T", "usage": 2},
				{"appName": "LoL 프렌즈", "usage": 2},
				{"appName": "설정", "usage": 2},
				{"appName": "갤러리", "usage": 2},
				{"appName": "캐시워크", "usage": 2},
				{"appName": "Samsung Experience 홈", "usage": 1},
				{"appName": "롯데시네마", "usage": 0},
				{"appName": "전화", "usage": 0},
				{"appName": "YouTube Music", "usage": 0},
				{"appName": "게임런처", "usage": 0},
				{"appName": "지도", "usage": 0},
				{"appName": "편한가계부", "usage": 0},
				{"appName": "KAIST Library", "usage": 0},
				{"appName": "ABC Logger", "usage": 0},
				{"appName": "Paco", "usage": 0},
				{"appName": "드라이브", "usage": 0},
				{"appName": "IV Go", "usage": 0},
				{"appName": "Polar Beat", "usage": 0},
				{"appName": "카메라", "usage": 0},
				{"appName": "지퍼7", "usage": 0},
				{"appName": "메시지", "usage": 0},
				{"appName": "캘린더", "usage": 0},
				{"appName": "Workspace", "usage": 0},
				{"appName": "Logger", "usage": 0},
				{"appName": "안드로이드 시스템", "usage": 0},
				{"appName": "시스템 UI", "usage": 0},
				{"appName": "소프트웨어 업데이트", "usage": 0},
				{"appName": "패키지 설치 프로그램", "usage": 0},
				{"appName": "이동거리", "usage": 0}
			]
		},
		"avgTime": {
			"usage": 5,
			"details": [
				{"appName": "YouTube", "usage": 11},
				{"appName": "Pokémon GO", "usage": 1},
				{"appName": "삼성 인터넷", "usage": 1},
				{"appName": "LoL 프렌즈", "usage": 1},
				{"appName": "Facebook", "usage": 0},
				{"appName": "갤러리", "usage": 0},
				{"appName": "롯데시네마", "usage": 0},
				{"appName": "설정", "usage": 0},
				{"appName": "지도", "usage": 0},
				{"appName": "전화", "usage": 0},
				{"appName": "ABC Logger", "usage": 0},
				{"appName": "카카오 T", "usage": 0},
				{"appName": "드라이브", "usage": 0},
				{"appName": "메시지", "usage": 0},
				{"appName": "YouTube Music", "usage": 0},
				{"appName": "KAIST Library", "usage": 0},
				{"appName": "Workspace", "usage": 0},
				{"appName": "Paco", "usage": 0},
				{"appName": "카카오톡", "usage": 0},
				{"appName": "카메라", "usage": 0},
				{"appName": "편한가계부", "usage": 0},
				{"appName": "지퍼7", "usage": 0},
				{"appName": "IV Go", "usage": 0},
				{"appName": "Samsung Experience 홈", "usage": 0},
				{"appName": "캘린더", "usage": 0},
				{"appName": "Polar Beat", "usage": 0},
				{"appName": "게임런처", "usage": 0},
				{"appName": "Logger", "usage": 0},
				{"appName": "안드로이드 시스템", "usage": 0},
				{"appName": "캐시워크", "usage": 0},
				{"appName": "소프트웨어 업데이트", "usage": 0},
				{"appName": "시스템 UI", "usage": 0},
				{"appName": "패키지 설치 프로그램", "usage": 0},
				{"appName": "이동거리", "usage": 0}
			]
		},
		"lastPickup": {"time": 0}
	},
	{
		"date": 5,
		"totalTime": {
			"usage": 434,
			"details": [
				{"appName": "YouTube", "usage": 151},
				{"appName": "삼성 인터넷", "usage": 125},
				{"appName": "카카오톡", "usage": 36},
				{"appName": "Facebook", "usage": 33},
				{"appName": "캐시워크", "usage": 22},
				{"appName": "Pokémon GO", "usage": 13},
				{"appName": "Samsung Experience 홈", "usage": 9},
				{"appName": "YouTube Music", "usage": 7},
				{"appName": "텍뷰", "usage": 6},
				{"appName": "시계", "usage": 5},
				{"appName": "Polar Beat", "usage": 3},
				{"appName": "시스템 UI", "usage": 3},
				{"appName": "Paco", "usage": 3},
				{"appName": "전화", "usage": 2},
				{"appName": "캘린더", "usage": 1},
				{"appName": "편한가계부", "usage": 1},
				{"appName": "Samsung Notes", "usage": 1},
				{"appName": "LoL 프렌즈", "usage": 0},
				{"appName": "KLMS", "usage": 0},
				{"appName": "계산기", "usage": 0},
				{"appName": "설정", "usage": 0},
				{"appName": "갤러리", "usage": 0},
				{"appName": "카카오뱅크", "usage": 0},
				{"appName": "게임런처", "usage": 0},
				{"appName": "Logger", "usage": 0},
				{"appName": "연락처", "usage": 0},
				{"appName": "안드로이드 시스템", "usage": 0},
				{"appName": "패키지 설치 프로그램", "usage": 0},
				{"appName": "소프트웨어 업데이트", "usage": 0},
				{"appName": "Google Play 스토어", "usage": 0},
				{"appName": "삼성 음성 입력", "usage": 0}
			]
		},
		"pickups": {"usage": 142},
		"downTime": {
			"usages": [
				{"hour": 1, "usage": 2},
				{"hour": 2, "usage": 14},
				{"hour": 3, "usage": 55},
				{"hour": 4, "usage": 51},
				{"hour": 5, "usage": 51},
				{"hour": 6, "usage": 26},
				{"hour": 7, "usage": 23},
				{"hour": 8, "usage": 0},
				{"hour": 9, "usage": 5},
				{"hour": 10, "usage": 1},
				{"hour": 11, "usage": 46},
				{"hour": 12, "usage": 6},
				{"hour": 13, "usage": 9},
				{"hour": 14, "usage": 33},
				{"hour": 15, "usage": 13},
				{"hour": 16, "usage": 1},
				{"hour": 17, "usage": 9},
				{"hour": 18, "usage": 9},
				{"hour": 19, "usage": 44},
				{"hour": 20, "usage": 5},
				{"hour": 21, "usage": 13},
				{"hour": 22, "usage": 2},
				{"hour": 23, "usage": 2}
			],
			"details": [
				{"appName": "캐시워크", "usage": [1, 2, 3, 4, 5, 6, 7, 8, 9, 10, 11, 12, 13, 14, 15, 16, 17, 18, 19, 20, 21, 22, 23]},
				{"appName": "시스템 UI", "usage": [2, 3, 4, 5, 6, 7, 8, 9, 10, 11, 12, 13, 14, 15, 16, 17, 18, 19, 21, 22, 23]},
				{"appName": "Samsung Experience 홈", "usage": [2, 3, 4, 5, 6, 7, 8, 9, 10, 11, 12, 13, 14, 15, 16, 17, 18, 19, 21, 22, 23]},
				{"appName": "카카오톡", "usage": [2, 3, 4, 5, 6, 7, 8, 9, 11, 12, 13, 14, 15, 16, 17, 18, 21, 22, 23]},
				{"appName": "YouTube Music", "usage": [6, 7, 12, 14, 15, 16, 17, 18, 19, 22]},
				{"appName": "Paco", "usage": [3, 4, 5, 6, 7, 9, 10, 12, 22, 23]},
				{"appName": "삼성 인터넷", "usage": [3, 4, 5, 6, 7, 8, 13, 14, 15]},
				{"appName": "YouTube", "usage": [2, 3, 7, 11, 12, 14, 15, 19, 21]},
				{"appName": "Facebook", "usage": [6, 13, 14, 15, 17, 18, 19]},
				{"appName": "편한가계부", "usage": [6, 12, 13, 14, 16]},
				{"appName": "패키지 설치 프로그램", "usage": [3, 4, 5, 12, 22]},
				{"appName": "시계", "usage": [17, 19, 20, 21, 22]},
				{"appName": "설정", "usage": [3, 4, 5, 12, 22]},
				{"appName": "Polar Beat", "usage": [5, 9, 10, 12, 22]},
				{"appName": "Logger", "usage": [3, 4, 5, 12, 22]},
				{"appName": "캘린더", "usage": [6, 7, 22, 23]},
				{"appName": "안드로이드 시스템", "usage": [4, 12, 16, 17]},
				{"appName": "텍뷰", "usage": [7, 14, 15]},
				{"appName": "전화", "usage": [1, 12, 14]},
				{"appName": "게임런처", "usage": [3, 5, 19]},
				{"appName": "Pokémon GO", "usage": [3, 5, 19]},
				{"appName": "LoL 프렌즈", "usage": [3, 15]},
				{"appName": "카카오뱅크", "usage": [16]},
				{"appName": "연락처", "usage": [14]},
				{"appName": "소프트웨어 업데이트", "usage": [6]},
				{"appName": "삼성 음성 입력", "usage": [5]},
				{"appName": "계산기", "usage": [23]},
				{"appName": "갤러리", "usage": [4]},
				{"appName": "Samsung Notes", "usage": [15]},
				{"appName": "KLMS", "usage": [2]},
				{"appName": "Google Play 스토어", "usage": [2]}
			]
		},
		"maxTime": {
			"usage": 67,
			"details": [
				{"appName": "YouTube", "usage": 38},
				{"appName": "삼성 인터넷", "usage": 22},
				{"appName": "Facebook", "usage": 6},
				{"appName": "Pokémon GO", "usage": 5},
				{"appName": "캐시워크", "usage": 2},
				{"appName": "Samsung Experience 홈", "usage": 2},
				{"appName": "카카오톡", "usage": 1},
				{"appName": "텍뷰", "usage": 1},
				{"appName": "Polar Beat", "usage": 1},
				{"appName": "시계", "usage": 1},
				{"appName": "Samsung Notes", "usage": 0},
				{"appName": "전화", "usage": 0},
				{"appName": "YouTube Music", "usage": 0},
				{"appName": "Paco", "usage": 0},
				{"appName": "계산기", "usage": 0},
				{"appName": "LoL 프렌즈", "usage": 0},
				{"appName": "갤러리", "usage": 0},
				{"appName": "캘린더", "usage": 0},
				{"appName": "편한가계부", "usage": 0},
				{"appName": "카카오뱅크", "usage": 0},
				{"appName": "KLMS", "usage": 0},
				{"appName": "연락처", "usage": 0},
				{"appName": "설정", "usage": 0},
				{"appName": "시스템 UI", "usage": 0},
				{"appName": "Logger", "usage": 0},
				{"appName": "게임런처", "usage": 0},
				{"appName": "안드로이드 시스템", "usage": 0},
				{"appName": "소프트웨어 업데이트", "usage": 0},
				{"appName": "Google Play 스토어", "usage": 0},
				{"appName": "패키지 설치 프로그램", "usage": 0},
				{"appName": "삼성 음성 입력", "usage": 0}
			]
		},
		"avgTime": {
			"usage": 3,
			"details": [
				{"appName": "YouTube", "usage": 6},
				{"appName": "삼성 인터넷", "usage": 2},
				{"appName": "Pokémon GO", "usage": 2},
				{"appName": "Facebook", "usage": 0},
				{"appName": "Samsung Notes", "usage": 0},
				{"appName": "전화", "usage": 0},
				{"appName": "텍뷰", "usage": 0},
				{"appName": "갤러리", "usage": 0},
				{"appName": "계산기", "usage": 0},
				{"appName": "LoL 프렌즈", "usage": 0},
				{"appName": "Polar Beat", "usage": 0},
				{"appName": "시계", "usage": 0},
				{"appName": "YouTube Music", "usage": 0},
				{"appName": "캘린더", "usage": 0},
				{"appName": "Paco", "usage": 0},
				{"appName": "캐시워크", "usage": 0},
				{"appName": "편한가계부", "usage": 0},
				{"appName": "KLMS", "usage": 0},
				{"appName": "Samsung Experience 홈", "usage": 0},
				{"appName": "설정", "usage": 0},
				{"appName": "카카오톡", "usage": 0},
				{"appName": "연락처", "usage": 0},
				{"appName": "카카오뱅크", "usage": 0},
				{"appName": "Google Play 스토어", "usage": 0},
				{"appName": "안드로이드 시스템", "usage": 0},
				{"appName": "시스템 UI", "usage": 0},
				{"appName": "Logger", "usage": 0},
				{"appName": "게임런처", "usage": 0},
				{"appName": "소프트웨어 업데이트", "usage": 0},
				{"appName": "패키지 설치 프로그램", "usage": 0},
				{"appName": "삼성 음성 입력", "usage": 0}
			]
		},
		"lastPickup": {"time": 0}
	},
	{
		"date": 6,
		"totalTime": {
			"usage": 501,
			"details": [
				{"appName": "YouTube", "usage": 148},
				{"appName": "Pokémon GO", "usage": 67},
				{"appName": "캐시워크", "usage": 53},
				{"appName": "드라이브", "usage": 40},
				{"appName": "삼성 인터넷", "usage": 40},
				{"appName": "카카오톡", "usage": 37},
				{"appName": "Facebook", "usage": 29},
				{"appName": "Hentoid", "usage": 17},
				{"appName": "시계", "usage": 12},
				{"appName": "전화", "usage": 8},
				{"appName": "Samsung Experience 홈", "usage": 7},
				{"appName": "메시지", "usage": 7},
				{"appName": "지퍼7", "usage": 5},
				{"appName": "Paco", "usage": 4},
				{"appName": "시스템 UI", "usage": 3},
				{"appName": "캘린더", "usage": 2},
				{"appName": "계산기", "usage": 1},
				{"appName": "한컴오피스 viewer", "usage": 1},
				{"appName": "내 파일", "usage": 1},
				{"appName": "YouTube Music", "usage": 1},
				{"appName": "설정", "usage": 1},
				{"appName": "KLMS", "usage": 0},
				{"appName": "Polar Beat", "usage": 0},
				{"appName": "편한가계부", "usage": 0},
				{"appName": "게임런처", "usage": 0},
				{"appName": "갤러리", "usage": 0},
				{"appName": "LoL 프렌즈", "usage": 0},
				{"appName": "카메라", "usage": 0},
				{"appName": "토스", "usage": 0},
				{"appName": "연락처", "usage": 0},
				{"appName": "안드로이드 시스템", "usage": 0},
				{"appName": "카카오뱅크", "usage": 0},
				{"appName": "에브리타임", "usage": 0},
				{"appName": "텍뷰", "usage": 0},
				{"appName": "패키지 설치 프로그램", "usage": 0},
				{"appName": "Logger", "usage": 0},
				{"appName": "소프트웨어 업데이트", "usage": 0},
				{"appName": "Netflix", "usage": 0},
				{"appName": "Google Play 서비스", "usage": 0},
				{"appName": "지도", "usage": 0},
				{"appName": "Instagram", "usage": 0},
				{"appName": "SODA", "usage": 0},
				{"appName": "원스토어", "usage": 0}
			]
		},
		"pickups": {"usage": 111},
		"downTime": {
			"usages": [
				{"hour": 0, "usage": 3},
				{"hour": 1, "usage": 20},
				{"hour": 2, "usage": 16},
				{"hour": 3, "usage": 43},
				{"hour": 4, "usage": 33},
				{"hour": 5, "usage": 21},
				{"hour": 6, "usage": 30},
				{"hour": 7, "usage": 60},
				{"hour": 8, "usage": 44},
				{"hour": 9, "usage": 19},
				{"hour": 10, "usage": 0},
				{"hour": 11, "usage": 0},
				{"hour": 12, "usage": 2},
				{"hour": 13, "usage": 15},
				{"hour": 14, "usage": 2},
				{"hour": 15, "usage": 28},
				{"hour": 16, "usage": 51},
				{"hour": 17, "usage": 26},
				{"hour": 18, "usage": 46},
				{"hour": 22, "usage": 2},
				{"hour": 23, "usage": 29}
			],
			"details": [
				{"appName": "캐시워크", "usage": [0, 1, 2, 3, 4, 5, 6, 8, 9, 10, 11, 12, 13, 14, 15, 16, 17, 18, 22, 23]},
				{"appName": "Samsung Experience 홈", "usage": [0, 1, 2, 3, 4, 5, 6, 7, 8, 9, 10, 11, 12, 13, 14, 15, 16, 22, 23]},
				{"appName": "카카오톡", "usage": [0, 1, 2, 3, 4, 5, 6, 7, 8, 9, 11, 12, 13, 14, 15, 16, 22, 23]},
				{"appName": "시스템 UI", "usage": [1, 2, 3, 4, 5, 6, 7, 8, 9, 12, 13, 15, 16, 22, 23]},
				{"appName": "Paco", "usage": [1, 2, 3, 4, 5, 6, 7, 8, 11, 12, 13]},
				{"appName": "게임런처", "usage": [1, 4, 5, 6, 7, 8, 15, 23]},
				{"appName": "YouTube", "usage": [6, 7, 8, 9, 15, 16, 17, 22]},
				{"appName": "Pokémon GO", "usage": [1, 4, 5, 6, 7, 8, 15, 23]},
				{"appName": "Facebook", "usage": [1, 2, 3, 4, 6, 14, 15, 23]},
				{"appName": "삼성 인터넷", "usage": [0, 1, 2, 3, 4, 5, 6]},
				{"appName": "패키지 설치 프로그램", "usage": [1, 2, 6, 9, 16, 23]},
				{"appName": "전화", "usage": [2, 6, 7, 14, 15, 16]},
				{"appName": "Polar Beat", "usage": [2, 9, 13, 14, 16, 23]},
				{"appName": "설정", "usage": [5, 6, 9, 16, 23]},
				{"appName": "메시지", "usage": [1, 3, 5, 6, 13]},
				{"appName": "Logger", "usage": [6, 9, 16, 23]},
				{"appName": "편한가계부", "usage": [3, 8, 16]},
				{"appName": "안드로이드 시스템", "usage": [2, 3, 6]},
				{"appName": "시계", "usage": [0, 22, 23]},
				{"appName": "드라이브", "usage": [2, 3, 4]},
				{"appName": "캘린더", "usage": [6, 22]},
				{"appName": "연락처", "usage": [7, 15]},
				{"appName": "갤러리", "usage": [6, 7]},
				{"appName": "LoL 프렌즈", "usage": [1, 5]},
				{"appName": "KLMS", "usage": [2, 3]},
				{"appName": "Hentoid", "usage": [7, 8]},
				{"appName": "한컴오피스 viewer", "usage": [3]},
				{"appName": "토스", "usage": [2]},
				{"appName": "텍뷰", "usage": [6]},
				{"appName": "카카오뱅크", "usage": [3]},
				{"appName": "카메라", "usage": [6]},
				{"appName": "지퍼7", "usage": [7]},
				{"appName": "지도", "usage": [1]},
				{"appName": "원스토어", "usage": [17]},
				{"appName": "에브리타임", "usage": [7]},
				{"appName": "소프트웨어 업데이트", "usage": [6]},
				{"appName": "내 파일", "usage": [6]},
				{"appName": "계산기", "usage": [13]},
				{"appName": "YouTube Music", "usage": [15]},
				{"appName": "SODA", "usage": [1]},
				{"appName": "Netflix", "usage": [15]},
				{"appName": "Instagram", "usage": [2]},
				{"appName": "Google Play 서비스", "usage": [1]}
			]
		},
		"maxTime": {
			"usage": 84,
			"details": [
				{"appName": "캐시워크", "usage": 40},
				{"appName": "YouTube", "usage": 36},
				{"appName": "Pokémon GO", "usage": 15},
				{"appName": "삼성 인터넷", "usage": 10},
				{"appName": "드라이브", "usage": 10},
				{"appName": "Facebook", "usage": 7},
				{"appName": "시계", "usage": 4},
				{"appName": "카카오톡", "usage": 3},
				{"appName": "메시지", "usage": 3},
				{"appName": "Hentoid", "usage": 3},
				{"appName": "전화", "usage": 2},
				{"appName": "지퍼7", "usage": 2},
				{"appName": "계산기", "usage": 1},
				{"appName": "내 파일", "usage": 1},
				{"appName": "한컴오피스 viewer", "usage": 1},
				{"appName": "YouTube Music", "usage": 1},
				{"appName": "Paco", "usage": 1},
				{"appName": "캘린더", "usage": 1},
				{"appName": "Samsung Experience 홈", "usage": 0},
				{"appName": "설정", "usage": 0},
				{"appName": "편한가계부", "usage": 0},
				{"appName": "LoL 프렌즈", "usage": 0},
				{"appName": "KLMS", "usage": 0},
				{"appName": "갤러리", "usage": 0},
				{"appName": "Polar Beat", "usage": 0},
				{"appName": "텍뷰", "usage": 0},
				{"appName": "토스", "usage": 0},
				{"appName": "카메라", "usage": 0},
				{"appName": "에브리타임", "usage": 0},
				{"appName": "연락처", "usage": 0},
				{"appName": "게임런처", "usage": 0},
				{"appName": "시스템 UI", "usage": 0},
				{"appName": "패키지 설치 프로그램", "usage": 0},
				{"appName": "카카오뱅크", "usage": 0},
				{"appName": "소프트웨어 업데이트", "usage": 0},
				{"appName": "안드로이드 시스템", "usage": 0},
				{"appName": "Logger", "usage": 0},
				{"appName": "Netflix", "usage": 0},
				{"appName": "Google Play 서비스", "usage": 0},
				{"appName": "지도", "usage": 0},
				{"appName": "SODA", "usage": 0},
				{"appName": "Instagram", "usage": 0},
				{"appName": "원스토어", "usage": 0}
			]
		},
		"avgTime": {
			"usage": 4,
			"details": [
				{"appName": "YouTube", "usage": 4},
				{"appName": "Pokémon GO", "usage": 2},
				{"appName": "드라이브", "usage": 2},
				{"appName": "계산기", "usage": 1},
				{"appName": "내 파일", "usage": 1},
				{"appName": "삼성 인터넷", "usage": 1},
				{"appName": "시계", "usage": 1},
				{"appName": "메시지", "usage": 0},
				{"appName": "Facebook", "usage": 0},
				{"appName": "전화", "usage": 0},
				{"appName": "YouTube Music", "usage": 0},
				{"appName": "캘린더", "usage": 0},
				{"appName": "지퍼7", "usage": 0},
				{"appName": "Hentoid", "usage": 0},
				{"appName": "캐시워크", "usage": 0},
				{"appName": "한컴오피스 viewer", "usage": 0},
				{"appName": "LoL 프렌즈", "usage": 0},
				{"appName": "텍뷰", "usage": 0},
				{"appName": "Paco", "usage": 0},
				{"appName": "설정", "usage": 0},
				{"appName": "카메라", "usage": 0},
				{"appName": "편한가계부", "usage": 0},
				{"appName": "연락처", "usage": 0},
				{"appName": "카카오톡", "usage": 0},
				{"appName": "토스", "usage": 0},
				{"appName": "KLMS", "usage": 0},
				{"appName": "에브리타임", "usage": 0},
				{"appName": "갤러리", "usage": 0},
				{"appName": "소프트웨어 업데이트", "usage": 0},
				{"appName": "Polar Beat", "usage": 0},
				{"appName": "Netflix", "usage": 0},
				{"appName": "Samsung Experience 홈", "usage": 0},
				{"appName": "Google Play 서비스", "usage": 0},
				{"appName": "안드로이드 시스템", "usage": 0},
				{"appName": "지도", "usage": 0},
				{"appName": "카카오뱅크", "usage": 0},
				{"appName": "게임런처", "usage": 0},
				{"appName": "시스템 UI", "usage": 0},
				{"appName": "패키지 설치 프로그램", "usage": 0},
				{"appName": "Logger", "usage": 0},
				{"appName": "Instagram", "usage": 0},
				{"appName": "SODA", "usage": 0},
				{"appName": "원스토어", "usage": 0}
			]
		},
		"lastPickup": {"time": 1}
	},
	{
		"date": 7,
		"totalTime": {
			"usage": 1001,
			"details": [
				{"appName": "메시지", "usage": 601},
				{"appName": "YouTube", "usage": 254},
				{"appName": "Pokémon GO", "usage": 49},
				{"appName": "삼성 인터넷", "usage": 27},
				{"appName": "Facebook", "usage": 22},
				{"appName": "카카오톡", "usage": 18},
				{"appName": "Samsung Experience 홈", "usage": 5},
				{"appName": "토스", "usage": 5},
				{"appName": "Paco", "usage": 3},
				{"appName": "전화", "usage": 3},
				{"appName": "시스템 UI", "usage": 2},
				{"appName": "캐시워크", "usage": 2},
				{"appName": "원터치개인", "usage": 1},
				{"appName": "캘린더", "usage": 1},
				{"appName": "LoL 프렌즈", "usage": 1},
				{"appName": "Polar Beat", "usage": 0},
				{"appName": "텍뷰", "usage": 0},
				{"appName": "계산기", "usage": 0},
				{"appName": "T멤버십", "usage": 0},
				{"appName": "게임런처", "usage": 0},
				{"appName": "연락처", "usage": 0},
				{"appName": "YouTube Music", "usage": 0},
				{"appName": "설정", "usage": 0},
				{"appName": "편한가계부", "usage": 0},
				{"appName": "패키지 설치 프로그램", "usage": 0},
				{"appName": "Logger", "usage": 0},
				{"appName": "소프트웨어 업데이트", "usage": 0}
			]
		},
		"pickups": {"usage": 66},
		"downTime": {
			"usages": [
				{"hour": 0, "usage": 3},
				{"hour": 1, "usage": 4},
				{"hour": 2, "usage": 43},
				{"hour": 3, "usage": 44},
				{"hour": 5, "usage": 4},
				{"hour": 6, "usage": 6},
				{"hour": 7, "usage": 48},
				{"hour": 8, "usage": 60},
				{"hour": 9, "usage": 50},
				{"hour": 10, "usage": 54},
				{"hour": 11, "usage": 60},
				{"hour": 12, "usage": 3},
				{"hour": 13, "usage": 18},
				{"hour": 14, "usage": 4}
			],
			"details": [
				{"appName": "시스템 UI", "usage": [0, 1, 2, 3, 5, 6, 7, 8, 9, 10, 11, 13]},
				{"appName": "Samsung Experience 홈", "usage": [0, 1, 2, 3, 5, 6, 7, 8, 9, 10, 11, 13]},
				{"appName": "캐시워크", "usage": [0, 1, 2, 3, 5, 6, 7, 9, 10, 12, 13]},
				{"appName": "Paco", "usage": [0, 1, 2, 3, 5, 7, 8, 9, 10, 13]},
				{"appName": "카카오톡", "usage": [1, 2, 3, 6, 7, 9, 10, 11, 13]},
				{"appName": "YouTube", "usage": [3, 7, 8, 9, 10, 11, 12, 13]},
				{"appName": "Pokémon GO", "usage": [0, 1, 2, 3, 7, 11]},
				{"appName": "게임런처", "usage": [1, 2, 3, 7, 11]},
				{"appName": "패키지 설치 프로그램", "usage": [5, 7, 9, 11]},
				{"appName": "삼성 인터넷", "usage": [2, 3, 5, 7]},
				{"appName": "Facebook", "usage": [0, 2, 3, 11]},
				{"appName": "토스", "usage": [5, 6, 7]},
				{"appName": "캘린더", "usage": [0, 2, 7]},
				{"appName": "편한가계부", "usage": [2, 5]},
				{"appName": "전화", "usage": [11, 13]},
				{"appName": "연락처", "usage": [2, 13]},
				{"appName": "설정", "usage": [9, 11]},
				{"appName": "메시지", "usage": [5, 8]},
				{"appName": "Logger", "usage": [9, 11]},
				{"appName": "LoL 프렌즈", "usage": [3, 7]},
				{"appName": "텍뷰", "usage": [3]},
				{"appName": "원터치개인", "usage": [5]},
				{"appName": "소프트웨어 업데이트", "usage": [6]},
				{"appName": "계산기", "usage": [2]},
				{"appName": "YouTube Music", "usage": [3]},
				{"appName": "T멤버십", "usage": [6]},
				{"appName": "Polar Beat", "usage": [10]}
			]
		},
		"maxTime": {
			"usage": 594,
			"details": [
				{"appName": "메시지", "usage": 600},
				{"appName": "YouTube", "usage": 47},
				{"appName": "삼성 인터넷", "usage": 22},
				{"appName": "Pokémon GO", "usage": 9},
				{"appName": "Facebook", "usage": 5},
				{"appName": "카카오톡", "usage": 2},
				{"appName": "Paco", "usage": 1},
				{"appName": "전화", "usage": 1},
				{"appName": "원터치개인", "usage": 1},
				{"appName": "토스", "usage": 1},
				{"appName": "캘린더", "usage": 0},
				{"appName": "LoL 프렌즈", "usage": 0},
				{"appName": "텍뷰", "usage": 0},
				{"appName": "계산기", "usage": 0},
				{"appName": "Samsung Experience 홈", "usage": 0},
				{"appName": "Polar Beat", "usage": 0},
				{"appName": "T멤버십", "usage": 0},
				{"appName": "시스템 UI", "usage": 0},
				{"appName": "YouTube Music", "usage": 0},
				{"appName": "캐시워크", "usage": 0},
				{"appName": "연락처", "usage": 0},
				{"appName": "편한가계부", "usage": 0},
				{"appName": "설정", "usage": 0},
				{"appName": "게임런처", "usage": 0},
				{"appName": "패키지 설치 프로그램", "usage": 0},
				{"appName": "소프트웨어 업데이트", "usage": 0},
				{"appName": "Logger", "usage": 0}
			]
		},
		"avgTime": {
			"usage": 15,
			"details": [
				{"appName": "메시지", "usage": 120},
				{"appName": "YouTube", "usage": 8},
				{"appName": "Pokémon GO", "usage": 2},
				{"appName": "삼성 인터넷", "usage": 2},
				{"appName": "Facebook", "usage": 0},
				{"appName": "계산기", "usage": 0},
				{"appName": "전화", "usage": 0},
				{"appName": "LoL 프렌즈", "usage": 0},
				{"appName": "T멤버십", "usage": 0},
				{"appName": "텍뷰", "usage": 0},
				{"appName": "원터치개인", "usage": 0},
				{"appName": "캘린더", "usage": 0},
				{"appName": "YouTube Music", "usage": 0},
				{"appName": "Paco", "usage": 0},
				{"appName": "토스", "usage": 0},
				{"appName": "Polar Beat", "usage": 0},
				{"appName": "연락처", "usage": 0},
				{"appName": "카카오톡", "usage": 0},
				{"appName": "설정", "usage": 0},
				{"appName": "Samsung Experience 홈", "usage": 0},
				{"appName": "편한가계부", "usage": 0},
				{"appName": "시스템 UI", "usage": 0},
				{"appName": "캐시워크", "usage": 0},
				{"appName": "게임런처", "usage": 0},
				{"appName": "패키지 설치 프로그램", "usage": 0},
				{"appName": "소프트웨어 업데이트", "usage": 0},
				{"appName": "Logger", "usage": 0}
			]
		},
		"lastPickup": {"time": 594}
	}
]
