[
	{
		"date": 1,
		"totalTime": {
			"usage": 216,
			"details": [
				{"appName": "삼성 인터넷", "usage": 102},
				{"appName": "페이트/그랜드오더", "usage": 45},
				{"appName": "네이버 카페", "usage": 12},
				{"appName": "YouTube", "usage": 10},
				{"appName": "드라이브", "usage": 7},
				{"appName": "Polar Beat", "usage": 6},
				{"appName": "TouchWiz 홈", "usage": 3},
				{"appName": "Paco", "usage": 3},
				{"appName": "카카오톡", "usage": 2},
				{"appName": "시계", "usage": 1},
				{"appName": "Microsoft Band", "usage": 1},
				{"appName": "Logger", "usage": 0},
				{"appName": "설정", "usage": 0},
				{"appName": "메시지", "usage": 0},
				{"appName": "시스템 UI", "usage": 0},
				{"appName": "Discord", "usage": 0},
				{"appName": "전화", "usage": 0},
				{"appName": "갤러리", "usage": 0},
				{"appName": "신한 쏠(SOL)", "usage": 0},
				{"appName": "ABC Logger", "usage": 0},
				{"appName": "네이버 앱스토어", "usage": 0},
				{"appName": "연락처", "usage": 0},
				{"appName": "삼성 키보드", "usage": 0},
				{"appName": "패키지 설치 프로그램", "usage": 0}
			]
		},
		"pickups": {"usage": 130},
		"downTime": {
			"usages": [
				{"hour": 0, "usage": 1},
				{"hour": 1, "usage": 16},
				{"hour": 2, "usage": 0},
				{"hour": 3, "usage": 1},
				{"hour": 4, "usage": 6},
				{"hour": 5, "usage": 48},
				{"hour": 6, "usage": 4},
				{"hour": 8, "usage": 1},
				{"hour": 9, "usage": 1},
				{"hour": 10, "usage": 1},
				{"hour": 11, "usage": 26},
				{"hour": 12, "usage": 3},
				{"hour": 13, "usage": 6},
				{"hour": 14, "usage": 0},
				{"hour": 15, "usage": 6},
				{"hour": 16, "usage": 3},
				{"hour": 17, "usage": 5},
				{"hour": 19, "usage": 52},
				{"hour": 20, "usage": 3},
				{"hour": 22, "usage": 0},
				{"hour": 23, "usage": 20}
			],
			"details": [
				{"appName": "TouchWiz 홈", "usage": [0, 1, 2, 3, 4, 5, 6, 8, 9, 10, 11, 12, 13, 16, 17, 19, 20, 22, 23]},
				{"appName": "카카오톡", "usage": [1, 2, 4, 5, 6, 8, 9, 10, 11, 12, 13, 23]},
				{"appName": "삼성 인터넷", "usage": [1, 5, 6, 8, 11, 13, 15, 16, 17, 19, 23]},
				{"appName": "Paco", "usage": [0, 1, 3, 4, 5, 6, 8, 9, 10, 11, 13]},
				{"appName": "페이트/그랜드오더", "usage": [5, 11, 16, 17, 19, 20, 23]},
				{"appName": "Polar Beat", "usage": [1, 2, 4, 5, 9, 13, 23]},
				{"appName": "시계", "usage": [0, 1, 4, 20, 22, 23]},
				{"appName": "네이버 카페", "usage": [5, 11, 12, 13, 23]},
				{"appName": "설정", "usage": [1, 11, 13, 23]},
				{"appName": "Logger", "usage": [1, 13, 23]},
				{"appName": "패키지 설치 프로그램", "usage": [1, 13]},
				{"appName": "연락처", "usage": [4, 5]},
				{"appName": "시스템 UI", "usage": [1, 5]},
				{"appName": "메시지", "usage": [6, 9]},
				{"appName": "드라이브", "usage": [1, 5]},
				{"appName": "Discord", "usage": [5, 23]},
				{"appName": "전화", "usage": [3]},
				{"appName": "신한 쏠(SOL)", "usage": [9]},
				{"appName": "삼성 키보드", "usage": [1]},
				{"appName": "네이버 앱스토어", "usage": [23]},
				{"appName": "갤러리", "usage": [6]},
				{"appName": "YouTube", "usage": [11]},
				{"appName": "Microsoft Band", "usage": [1]},
				{"appName": "ABC Logger", "usage": [1]}
			]
		},
		"maxTime": {
			"usage": 47,
			"details": [
				{"appName": "페이트/그랜드오더", "usage": 28},
				{"appName": "삼성 인터넷", "usage": 19},
				{"appName": "YouTube", "usage": 10},
				{"appName": "네이버 카페", "usage": 4},
				{"appName": "드라이브", "usage": 2},
				{"appName": "Polar Beat", "usage": 0},
				{"appName": "Microsoft Band", "usage": 0},
				{"appName": "카카오톡", "usage": 0},
				{"appName": "전화", "usage": 0},
				{"appName": "Paco", "usage": 0},
				{"appName": "갤러리", "usage": 0},
				{"appName": "Logger", "usage": 0},
				{"appName": "메시지", "usage": 0},
				{"appName": "TouchWiz 홈", "usage": 0},
				{"appName": "Discord", "usage": 0},
				{"appName": "설정", "usage": 0},
				{"appName": "신한 쏠(SOL)", "usage": 0},
				{"appName": "시계", "usage": 0},
				{"appName": "ABC Logger", "usage": 0},
				{"appName": "네이버 앱스토어", "usage": 0},
				{"appName": "시스템 UI", "usage": 0},
				{"appName": "삼성 키보드", "usage": 0},
				{"appName": "연락처", "usage": 0},
				{"appName": "패키지 설치 프로그램", "usage": 0}
			]
		},
		"avgTime": {
			"usage": 1,
			"details": [
				{"appName": "YouTube", "usage": 10},
				{"appName": "페이트/그랜드오더", "usage": 5},
				{"appName": "삼성 인터넷", "usage": 2},
				{"appName": "드라이브", "usage": 0},
				{"appName": "Microsoft Band", "usage": 0},
				{"appName": "갤러리", "usage": 0},
				{"appName": "네이버 카페", "usage": 0},
				{"appName": "전화", "usage": 0},
				{"appName": "메시지", "usage": 0},
				{"appName": "Polar Beat", "usage": 0},
				{"appName": "Logger", "usage": 0},
				{"appName": "Discord", "usage": 0},
				{"appName": "Paco", "usage": 0},
				{"appName": "설정", "usage": 0},
				{"appName": "ABC Logger", "usage": 0},
				{"appName": "네이버 앱스토어", "usage": 0},
				{"appName": "신한 쏠(SOL)", "usage": 0},
				{"appName": "삼성 키보드", "usage": 0},
				{"appName": "연락처", "usage": 0},
				{"appName": "TouchWiz 홈", "usage": 0},
				{"appName": "카카오톡", "usage": 0},
				{"appName": "시계", "usage": 0},
				{"appName": "시스템 UI", "usage": 0},
				{"appName": "패키지 설치 프로그램", "usage": 0}
			]
		},
		"lastPickup": {"time": 2}
	},
	{
		"date": 2,
		"totalTime": {
			"usage": 222,
			"details": [
				{"appName": "삼성 인터넷", "usage": 142},
				{"appName": "페이트/그랜드오더", "usage": 21},
				{"appName": "YouTube", "usage": 13},
				{"appName": "네이버 카페", "usage": 11},
				{"appName": "카카오톡", "usage": 10},
				{"appName": "TouchWiz 홈", "usage": 3},
				{"appName": "Paco", "usage": 2},
				{"appName": "Polar Beat", "usage": 1},
				{"appName": "설정", "usage": 1},
				{"appName": "메시지", "usage": 0},
				{"appName": "Google Play 스토어", "usage": 0},
				{"appName": "Polaris Office", "usage": 0},
				{"appName": "시계", "usage": 0},
				{"appName": "Microsoft Band", "usage": 0},
				{"appName": "ABC Logger", "usage": 0},
				{"appName": "시스템 UI", "usage": 0},
				{"appName": "Google Play 서비스", "usage": 0}
			]
		},
		"pickups": {"usage": 144},
		"downTime": {
			"usages": [
				{"hour": 0, "usage": 18},
				{"hour": 1, "usage": 14},
				{"hour": 2, "usage": 34},
				{"hour": 3, "usage": 1},
				{"hour": 4, "usage": 2},
				{"hour": 5, "usage": 41},
				{"hour": 6, "usage": 43},
				{"hour": 7, "usage": 5},
				{"hour": 8, "usage": 5},
				{"hour": 9, "usage": 6},
				{"hour": 10, "usage": 3},
				{"hour": 11, "usage": 4},
				{"hour": 13, "usage": 0},
				{"hour": 14, "usage": 2},
				{"hour": 15, "usage": 10},
				{"hour": 16, "usage": 0},
				{"hour": 17, "usage": 0},
				{"hour": 18, "usage": 23},
				{"hour": 23, "usage": 0}
			],
			"details": [
				{"appName": "TouchWiz 홈", "usage": [0, 1, 2, 3, 4, 5, 6, 7, 8, 9, 10, 11, 13, 14, 15, 16, 17, 18, 23]},
				{"appName": "삼성 인터넷", "usage": [0, 1, 2, 3, 4, 5, 6, 7, 8, 9, 10, 11, 13, 14, 15, 16, 18]},
				{"appName": "카카오톡", "usage": [1, 2, 4, 5, 6, 7, 8, 9, 10, 14, 15, 16, 17, 18, 23]},
				{"appName": "Polar Beat", "usage": [1, 2, 5, 6, 7, 9, 18]},
				{"appName": "Paco", "usage": [1, 3, 4, 5, 6, 10, 13]},
				{"appName": "메시지", "usage": [4, 5, 7, 13, 14, 15]},
				{"appName": "페이트/그랜드오더", "usage": [4, 5, 7, 10, 18]},
				{"appName": "설정", "usage": [0, 8, 9, 11, 15]},
				{"appName": "YouTube", "usage": [0, 4, 8, 9]},
				{"appName": "시계", "usage": [0, 18, 23]},
				{"appName": "시스템 UI", "usage": [6, 18]},
				{"appName": "네이버 카페", "usage": [6, 15]},
				{"appName": "Google Play 스토어", "usage": [14, 15]},
				{"appName": "Polaris Office", "usage": [15]},
				{"appName": "Microsoft Band", "usage": [3]},
				{"appName": "Google Play 서비스", "usage": [6]},
				{"appName": "ABC Logger", "usage": [3]}
			]
		},
		"maxTime": {
			"usage": 26,
			"details": [
				{"appName": "페이트/그랜드오더", "usage": 12},
				{"appName": "삼성 인터넷", "usage": 12},
				{"appName": "YouTube", "usage": 8},
				{"appName": "네이버 카페", "usage": 1},
				{"appName": "카카오톡", "usage": 0},
				{"appName": "Google Play 스토어", "usage": 0},
				{"appName": "Polar Beat", "usage": 0},
				{"appName": "Polaris Office", "usage": 0},
				{"appName": "Microsoft Band", "usage": 0},
				{"appName": "설정", "usage": 0},
				{"appName": "Paco", "usage": 0},
				{"appName": "TouchWiz 홈", "usage": 0},
				{"appName": "시계", "usage": 0},
				{"appName": "ABC Logger", "usage": 0},
				{"appName": "메시지", "usage": 0},
				{"appName": "시스템 UI", "usage": 0},
				{"appName": "Google Play 서비스", "usage": 0}
			]
		},
		"avgTime": {
			"usage": 1,
			"details": [
				{"appName": "페이트/그랜드오더", "usage": 3},
				{"appName": "YouTube", "usage": 1},
				{"appName": "삼성 인터넷", "usage": 1},
				{"appName": "Google Play 스토어", "usage": 0},
				{"appName": "네이버 카페", "usage": 0},
				{"appName": "Polar Beat", "usage": 0},
				{"appName": "Polaris Office", "usage": 0},
				{"appName": "설정", "usage": 0},
				{"appName": "Paco", "usage": 0},
				{"appName": "시계", "usage": 0},
				{"appName": "카카오톡", "usage": 0},
				{"appName": "ABC Logger", "usage": 0},
				{"appName": "메시지", "usage": 0},
				{"appName": "TouchWiz 홈", "usage": 0},
				{"appName": "Google Play 서비스", "usage": 0},
				{"appName": "Microsoft Band", "usage": 0},
				{"appName": "시스템 UI", "usage": 0}
			]
		},
		"lastPickup": {"time": 0}
	},
	{
		"date": 3,
		"totalTime": {
			"usage": 574,
			"details": [
				{"appName": "삼성 인터넷", "usage": 256},
				{"appName": "페이트/그랜드오더", "usage": 127},
				{"appName": "네이버 카페", "usage": 62},
				{"appName": "네이버 웹툰", "usage": 39},
				{"appName": "카카오톡", "usage": 21},
				{"appName": "음성 녹음", "usage": 11},
				{"appName": "Word", "usage": 11},
				{"appName": "TouchWiz 홈", "usage": 8},
				{"appName": "Polar Beat", "usage": 5},
				{"appName": "Paco", "usage": 5},
				{"appName": "설정", "usage": 2},
				{"appName": "지도", "usage": 1},
				{"appName": "Google Play 스토어", "usage": 1},
				{"appName": "메시지", "usage": 0},
				{"appName": "시계", "usage": 0},
				{"appName": "시스템 UI", "usage": 0},
				{"appName": "Discord", "usage": 0},
				{"appName": "지하철종결자", "usage": 0},
				{"appName": "Dropsync", "usage": 0},
				{"appName": "파일노리", "usage": 0},
				{"appName": "MTP 애플리케이션", "usage": 0},
				{"appName": "연락처", "usage": 0},
				{"appName": "Twitch", "usage": 0},
				{"appName": "S보이스", "usage": 0},
				{"appName": "안드로이드 시스템", "usage": 0},
				{"appName": "삼성 키보드", "usage": 0},
				{"appName": "CaptivePortalLogin", "usage": 0}
			]
		},
		"pickups": {"usage": 187},
		"downTime": {
			"usages": [
				{"hour": 0, "usage": 8},
				{"hour": 1, "usage": 31},
				{"hour": 2, "usage": 18},
				{"hour": 3, "usage": 37},
				{"hour": 4, "usage": 43},
				{"hour": 5, "usage": 35},
				{"hour": 6, "usage": 43},
				{"hour": 7, "usage": 44},
				{"hour": 8, "usage": 37},
				{"hour": 9, "usage": 30},
				{"hour": 10, "usage": 28},
				{"hour": 11, "usage": 49},
				{"hour": 12, "usage": 38},
				{"hour": 13, "usage": 27},
				{"hour": 14, "usage": 28},
				{"hour": 15, "usage": 31},
				{"hour": 16, "usage": 31},
				{"hour": 17, "usage": 10},
				{"hour": 23, "usage": 0}
			],
			"details": [
				{"appName": "삼성 인터넷", "usage": [0, 1, 2, 3, 4, 5, 6, 7, 8, 9, 10, 11, 12, 13, 14, 15, 16, 17]},
				{"appName": "TouchWiz 홈", "usage": [0, 1, 2, 3, 4, 5, 6, 7, 8, 9, 10, 11, 12, 13, 14, 15, 16, 17]},
				{"appName": "카카오톡", "usage": [0, 1, 2, 3, 4, 5, 6, 7, 8, 9, 10, 11, 12, 13, 14, 15]},
				{"appName": "페이트/그랜드오더", "usage": [0, 3, 4, 7, 8, 10, 11, 12, 13, 15, 16, 17]},
				{"appName": "Paco", "usage": [1, 2, 3, 4, 5, 6, 7, 8, 9, 10, 11, 12]},
				{"appName": "설정", "usage": [0, 3, 4, 5, 6, 7, 9, 10, 11, 12, 13]},
				{"appName": "네이버 카페", "usage": [1, 2, 3, 4, 8, 9, 12, 16, 17]},
				{"appName": "시스템 UI", "usage": [0, 1, 3, 6, 8, 10, 12, 13]},
				{"appName": "Polar Beat", "usage": [0, 1, 2, 4, 5, 6, 15]},
				{"appName": "메시지", "usage": [0, 1, 3, 4, 9, 10]},
				{"appName": "네이버 웹툰", "usage": [12, 13, 14, 17]},
				{"appName": "음성 녹음", "usage": [1, 2, 3]},
				{"appName": "시계", "usage": [0, 17, 23]},
				{"appName": "안드로이드 시스템", "usage": [1, 10]},
				{"appName": "삼성 키보드", "usage": [1, 10]},
				{"appName": "MTP 애플리케이션", "usage": [4, 5]},
				{"appName": "Google Play 스토어", "usage": [0, 3]},
				{"appName": "Discord", "usage": [5, 16]},
				{"appName": "파일노리", "usage": [8]},
				{"appName": "지하철종결자", "usage": [6]},
				{"appName": "지도", "usage": [6]},
				{"appName": "연락처", "usage": [11]},
				{"appName": "Word", "usage": [1]},
				{"appName": "Twitch", "usage": [10]},
				{"appName": "S보이스", "usage": [1]},
				{"appName": "Dropsync", "usage": [6]},
				{"appName": "CaptivePortalLogin", "usage": [1]}
			]
		},
		"maxTime": {
			"usage": 43,
			"details": [
				{"appName": "페이트/그랜드오더", "usage": 27},
				{"appName": "삼성 인터넷", "usage": 15},
				{"appName": "네이버 카페", "usage": 6},
				{"appName": "네이버 웹툰", "usage": 5},
				{"appName": "음성 녹음", "usage": 5},
				{"appName": "Word", "usage": 4},
				{"appName": "Polar Beat", "usage": 2},
				{"appName": "지도", "usage": 1},
				{"appName": "Paco", "usage": 0},
				{"appName": "카카오톡", "usage": 0},
				{"appName": "TouchWiz 홈", "usage": 0},
				{"appName": "Google Play 스토어", "usage": 0},
				{"appName": "설정", "usage": 0},
				{"appName": "Dropsync", "usage": 0},
				{"appName": "Discord", "usage": 0},
				{"appName": "연락처", "usage": 0},
				{"appName": "메시지", "usage": 0},
				{"appName": "지하철종결자", "usage": 0},
				{"appName": "Twitch", "usage": 0},
				{"appName": "시계", "usage": 0},
				{"appName": "MTP 애플리케이션", "usage": 0},
				{"appName": "파일노리", "usage": 0},
				{"appName": "시스템 UI", "usage": 0},
				{"appName": "안드로이드 시스템", "usage": 0},
				{"appName": "S보이스", "usage": 0},
				{"appName": "삼성 키보드", "usage": 0},
				{"appName": "CaptivePortalLogin", "usage": 0}
			]
		},
		"avgTime": {
			"usage": 3,
			"details": [
				{"appName": "Word", "usage": 3},
				{"appName": "페이트/그랜드오더", "usage": 2},
				{"appName": "삼성 인터넷", "usage": 2},
				{"appName": "음성 녹음", "usage": 1},
				{"appName": "지도", "usage": 0},
				{"appName": "네이버 카페", "usage": 0},
				{"appName": "네이버 웹툰", "usage": 0},
				{"appName": "Polar Beat", "usage": 0},
				{"appName": "Dropsync", "usage": 0},
				{"appName": "연락처", "usage": 0},
				{"appName": "Google Play 스토어", "usage": 0},
				{"appName": "Paco", "usage": 0},
				{"appName": "지하철종결자", "usage": 0},
				{"appName": "Twitch", "usage": 0},
				{"appName": "메시지", "usage": 0},
				{"appName": "설정", "usage": 0},
				{"appName": "MTP 애플리케이션", "usage": 0},
				{"appName": "카카오톡", "usage": 0},
				{"appName": "Discord", "usage": 0},
				{"appName": "파일노리", "usage": 0},
				{"appName": "TouchWiz 홈", "usage": 0},
				{"appName": "안드로이드 시스템", "usage": 0},
				{"appName": "시계", "usage": 0},
				{"appName": "시스템 UI", "usage": 0},
				{"appName": "삼성 키보드", "usage": 0},
				{"appName": "S보이스", "usage": 0},
				{"appName": "CaptivePortalLogin", "usage": 0}
			]
		},
		"lastPickup": {"time": 0}
	},
	{
		"date": 4,
		"totalTime": {
			"usage": 366,
			"details": [
				{"appName": "삼성 인터넷", "usage": 185},
				{"appName": "페이트/그랜드오더", "usage": 89},
				{"appName": "네이버 카페", "usage": 36},
				{"appName": "YouTube", "usage": 23},
				{"appName": "카카오톡", "usage": 9},
				{"appName": "TouchWiz 홈", "usage": 4},
				{"appName": "Paco", "usage": 2},
				{"appName": "코레일톡", "usage": 2},
				{"appName": "설정", "usage": 1},
				{"appName": "음성 녹음", "usage": 1},
				{"appName": "Twitch", "usage": 0},
				{"appName": "Polar Beat", "usage": 0},
				{"appName": "문서", "usage": 0},
				{"appName": "시스템 UI", "usage": 0},
				{"appName": "메시지", "usage": 0},
				{"appName": "WoW BfA Talent Calculator", "usage": 0},
				{"appName": "안드로이드 시스템", "usage": 0},
				{"appName": "Logger", "usage": 0},
				{"appName": "S보이스", "usage": 0},
				{"appName": "패키지 설치 프로그램", "usage": 0}
			]
		},
		"pickups": {"usage": 106},
		"downTime": {
			"usages": [
				{"hour": 0, "usage": 28},
				{"hour": 1, "usage": 34},
				{"hour": 2, "usage": 19},
				{"hour": 3, "usage": 3},
				{"hour": 4, "usage": 10},
				{"hour": 5, "usage": 26},
				{"hour": 6, "usage": 53},
				{"hour": 7, "usage": 34},
				{"hour": 8, "usage": 55},
				{"hour": 9, "usage": 23},
				{"hour": 10, "usage": 3},
				{"hour": 11, "usage": 3},
				{"hour": 12, "usage": 5},
				{"hour": 13, "usage": 23},
				{"hour": 14, "usage": 7},
				{"hour": 15, "usage": 9},
				{"hour": 16, "usage": 24}
			],
			"details": [
				{"appName": "TouchWiz 홈", "usage": [0, 1, 2, 3, 4, 5, 6, 7, 8, 9, 10, 11, 12, 13, 14, 15, 16]},
				{"appName": "삼성 인터넷", "usage": [0, 2, 3, 4, 5, 6, 7, 8, 9, 10, 11, 12, 13, 14, 15]},
				{"appName": "카카오톡", "usage": [0, 1, 2, 4, 6, 7, 8, 9, 10, 11, 12, 13, 14, 15]},
				{"appName": "페이트/그랜드오더", "usage": [0, 1, 3, 4, 5, 6, 8, 9, 15, 16]},
				{"appName": "Paco", "usage": [1, 2, 3, 4, 5, 6, 7, 8, 9, 14]},
				{"appName": "설정", "usage": [0, 1, 5, 6, 9, 11, 13, 14, 15]},
				{"appName": "네이버 카페", "usage": [0, 2, 3, 5, 6, 13, 15]},
				{"appName": "시스템 UI", "usage": [1, 3, 6, 7, 9]},
				{"appName": "코레일톡", "usage": [2, 6, 7]},
				{"appName": "음성 녹음", "usage": [9, 10, 11]},
				{"appName": "메시지", "usage": [6, 9, 14]},
				{"appName": "Polar Beat", "usage": [1, 3, 15]},
				{"appName": "안드로이드 시스템", "usage": [9, 13]},
				{"appName": "YouTube", "usage": [6, 13]},
				{"appName": "패키지 설치 프로그램", "usage": [1]},
				{"appName": "문서", "usage": [9]},
				{"appName": "WoW BfA Talent Calculator", "usage": [6]},
				{"appName": "Twitch", "usage": [13]},
				{"appName": "S보이스", "usage": [9]},
				{"appName": "Logger", "usage": [1]}
			]
		},
		"maxTime": {
			"usage": 41,
			"details": [
				{"appName": "페이트/그랜드오더", "usage": 28},
				{"appName": "삼성 인터넷", "usage": 23},
				{"appName": "YouTube", "usage": 12},
				{"appName": "네이버 카페", "usage": 7},
				{"appName": "카카오톡", "usage": 4},
				{"appName": "Twitch", "usage": 0},
				{"appName": "음성 녹음", "usage": 0},
				{"appName": "코레일톡", "usage": 0},
				{"appName": "문서", "usage": 0},
				{"appName": "Polar Beat", "usage": 0},
				{"appName": "설정", "usage": 0},
				{"appName": "TouchWiz 홈", "usage": 0},
				{"appName": "WoW BfA Talent Calculator", "usage": 0},
				{"appName": "Paco", "usage": 0},
				{"appName": "메시지", "usage": 0},
				{"appName": "시스템 UI", "usage": 0},
				{"appName": "Logger", "usage": 0},
				{"appName": "안드로이드 시스템", "usage": 0},
				{"appName": "S보이스", "usage": 0},
				{"appName": "패키지 설치 프로그램", "usage": 0}
			]
		},
		"avgTime": {
			"usage": 3,
			"details": [
				{"appName": "YouTube", "usage": 7},
				{"appName": "페이트/그랜드오더", "usage": 5},
				{"appName": "삼성 인터넷", "usage": 2},
				{"appName": "문서", "usage": 0},
				{"appName": "네이버 카페", "usage": 0},
				{"appName": "Twitch", "usage": 0},
				{"appName": "음성 녹음", "usage": 0},
				{"appName": "WoW BfA Talent Calculator", "usage": 0},
				{"appName": "설정", "usage": 0},
				{"appName": "Polar Beat", "usage": 0},
				{"appName": "카카오톡", "usage": 0},
				{"appName": "코레일톡", "usage": 0},
				{"appName": "메시지", "usage": 0},
				{"appName": "Paco", "usage": 0},
				{"appName": "TouchWiz 홈", "usage": 0},
				{"appName": "안드로이드 시스템", "usage": 0},
				{"appName": "시스템 UI", "usage": 0},
				{"appName": "Logger", "usage": 0},
				{"appName": "S보이스", "usage": 0},
				{"appName": "패키지 설치 프로그램", "usage": 0}
			]
		},
		"lastPickup": {"time": 33}
	},
	{
		"date": 5,
		"totalTime": {
			"usage": 203,
			"details": [
				{"appName": "페이트/그랜드오더", "usage": 109},
				{"appName": "삼성 인터넷", "usage": 52},
				{"appName": "Twitch", "usage": 10},
				{"appName": "네이버 카페", "usage": 7},
				{"appName": "카카오톡", "usage": 5},
				{"appName": "TouchWiz 홈", "usage": 5},
				{"appName": "설정", "usage": 3},
				{"appName": "Paco", "usage": 2},
				{"appName": "Polar Beat", "usage": 0},
				{"appName": "Discord", "usage": 0},
				{"appName": "시스템 UI", "usage": 0},
				{"appName": "메시지", "usage": 0},
				{"appName": "네이버 웹툰", "usage": 0},
				{"appName": "Google Play 서비스", "usage": 0},
				{"appName": "Logger", "usage": 0},
				{"appName": "패키지 설치 프로그램", "usage": 0}
			]
		},
		"pickups": {"usage": 87},
		"downTime": {
			"usages": [
				{"hour": 1, "usage": 27},
				{"hour": 2, "usage": 35},
				{"hour": 3, "usage": 16},
				{"hour": 4, "usage": 17},
				{"hour": 5, "usage": 5},
				{"hour": 6, "usage": 4},
				{"hour": 7, "usage": 1},
				{"hour": 8, "usage": 10},
				{"hour": 9, "usage": 1},
				{"hour": 10, "usage": 2},
				{"hour": 11, "usage": 20},
				{"hour": 12, "usage": 4},
				{"hour": 13, "usage": 1},
				{"hour": 14, "usage": 4},
				{"hour": 15, "usage": 35},
				{"hour": 16, "usage": 3},
				{"hour": 19, "usage": 12},
				{"hour": 23, "usage": 0}
			],
			"details": [
				{"appName": "삼성 인터넷", "usage": [1, 2, 3, 4, 5, 6, 7, 8, 9, 10, 11, 13, 14, 15]},
				{"appName": "TouchWiz 홈", "usage": [1, 2, 3, 4, 5, 6, 8, 9, 11, 12, 13, 15, 16, 19]},
				{"appName": "페이트/그랜드오더", "usage": [1, 2, 3, 4, 5, 11, 12, 13, 15, 16, 19]},
				{"appName": "카카오톡", "usage": [1, 2, 5, 6, 8, 9, 11, 12, 13, 15]},
				{"appName": "Paco", "usage": [1, 2, 3, 4, 6, 7, 8, 11, 12, 15]},
				{"appName": "설정", "usage": [1, 4, 8, 9, 11, 15]},
				{"appName": "시스템 UI", "usage": [1, 2, 3, 11, 15]},
				{"appName": "네이버 카페", "usage": [2, 4, 8]},
				{"appName": "Polar Beat", "usage": [1, 2, 13]},
				{"appName": "메시지", "usage": [3, 8]},
				{"appName": "Discord", "usage": [1, 6]},
				{"appName": "패키지 설치 프로그램", "usage": [1]},
				{"appName": "네이버 웹툰", "usage": [13]},
				{"appName": "Twitch", "usage": [11]},
				{"appName": "Logger", "usage": [1]},
				{"appName": "Google Play 서비스", "usage": [19]}
			]
		},
		"maxTime": {
			"usage": 56,
			"details": [
				{"appName": "페이트/그랜드오더", "usage": 15},
				{"appName": "Twitch", "usage": 10},
				{"appName": "삼성 인터넷", "usage": 7},
				{"appName": "네이버 카페", "usage": 4},
				{"appName": "카카오톡", "usage": 3},
				{"appName": "TouchWiz 홈", "usage": 0},
				{"appName": "설정", "usage": 0},
				{"appName": "Paco", "usage": 0},
				{"appName": "Polar Beat", "usage": 0},
				{"appName": "Discord", "usage": 0},
				{"appName": "네이버 웹툰", "usage": 0},
				{"appName": "메시지", "usage": 0},
				{"appName": "Google Play 서비스", "usage": 0},
				{"appName": "시스템 UI", "usage": 0},
				{"appName": "Logger", "usage": 0},
				{"appName": "패키지 설치 프로그램", "usage": 0}
			]
		},
		"avgTime": {
			"usage": 2,
			"details": [
				{"appName": "Twitch", "usage": 5},
				{"appName": "페이트/그랜드오더", "usage": 4},
				{"appName": "삼성 인터넷", "usage": 1},
				{"appName": "네이버 카페", "usage": 0},
				{"appName": "설정", "usage": 0},
				{"appName": "Paco", "usage": 0},
				{"appName": "카카오톡", "usage": 0},
				{"appName": "Polar Beat", "usage": 0},
				{"appName": "메시지", "usage": 0},
				{"appName": "Discord", "usage": 0},
				{"appName": "TouchWiz 홈", "usage": 0},
				{"appName": "네이버 웹툰", "usage": 0},
				{"appName": "Google Play 서비스", "usage": 0},
				{"appName": "시스템 UI", "usage": 0},
				{"appName": "Logger", "usage": 0},
				{"appName": "패키지 설치 프로그램", "usage": 0}
			]
		},
		"lastPickup": {"time": 0}
	},
	{
		"date": 6,
		"totalTime": {
			"usage": 315,
			"details": [
				{"appName": "삼성 인터넷", "usage": 148},
				{"appName": "페이트/그랜드오더", "usage": 92},
				{"appName": "Twitch", "usage": 17},
				{"appName": "네이버 카페", "usage": 13},
				{"appName": "카카오톡", "usage": 9},
				{"appName": "Polar Beat", "usage": 6},
				{"appName": "TouchWiz 홈", "usage": 4},
				{"appName": "설정", "usage": 4},
				{"appName": "Paco", "usage": 3},
				{"appName": "알파카", "usage": 2},
				{"appName": "Word", "usage": 1},
				{"appName": "신한 쏠(SOL)", "usage": 1},
				{"appName": "Polaris Office", "usage": 0},
				{"appName": "Google Play 스토어", "usage": 0},
				{"appName": "메시지", "usage": 0},
				{"appName": "WoW BfA Talent Calculator", "usage": 0},
				{"appName": "시계", "usage": 0},
				{"appName": "Logger", "usage": 0},
				{"appName": "시스템 UI", "usage": 0},
				{"appName": "패키지 설치 프로그램", "usage": 0},
				{"appName": "안드로이드 시스템", "usage": 0}
			]
		},
		"pickups": {"usage": 122},
		"downTime": {
			"usages": [
				{"hour": 0, "usage": 0},
				{"hour": 1, "usage": 33},
				{"hour": 2, "usage": 9},
				{"hour": 3, "usage": 16},
				{"hour": 4, "usage": 3},
				{"hour": 5, "usage": 27},
				{"hour": 6, "usage": 47},
				{"hour": 7, "usage": 8},
				{"hour": 9, "usage": 5},
				{"hour": 10, "usage": 0},
				{"hour": 11, "usage": 12},
				{"hour": 12, "usage": 36},
				{"hour": 14, "usage": 10},
				{"hour": 16, "usage": 22},
				{"hour": 17, "usage": 38},
				{"hour": 18, "usage": 22},
				{"hour": 19, "usage": 3},
				{"hour": 22, "usage": 0},
				{"hour": 23, "usage": 17}
			],
			"details": [
				{"appName": "삼성 인터넷", "usage": [1, 3, 4, 5, 6, 7, 9, 10, 11, 12, 14, 16, 17, 18, 19, 23]},
				{"appName": "TouchWiz 홈", "usage": [1, 2, 3, 4, 5, 6, 9, 11, 12, 14, 16, 17, 18, 19, 22, 23]},
				{"appName": "카카오톡", "usage": [1, 2, 5, 6, 9, 11, 12, 14, 16]},
				{"appName": "페이트/그랜드오더", "usage": [1, 2, 3, 11, 16, 17, 19, 23]},
				{"appName": "설정", "usage": [2, 4, 5, 12, 14, 17, 19, 23]},
				{"appName": "Paco", "usage": [2, 5, 6, 9, 11, 14]},
				{"appName": "메시지", "usage": [1, 6, 12, 14]},
				{"appName": "Polar Beat", "usage": [2, 3, 14, 23]},
				{"appName": "시스템 UI", "usage": [11, 17, 19]},
				{"appName": "시계", "usage": [16, 22, 23]},
				{"appName": "네이버 카페", "usage": [2, 17, 23]},
				{"appName": "패키지 설치 프로그램", "usage": [2, 6]},
				{"appName": "알파카", "usage": [6]},
				{"appName": "안드로이드 시스템", "usage": [6]},
				{"appName": "신한 쏠(SOL)", "usage": [12]},
				{"appName": "Word", "usage": [6]},
				{"appName": "WoW BfA Talent Calculator", "usage": [6]},
				{"appName": "Twitch", "usage": [12]},
				{"appName": "Polaris Office", "usage": [5]},
				{"appName": "Logger", "usage": [2]},
				{"appName": "Google Play 스토어", "usage": [6]}
			]
		},
		"maxTime": {
			"usage": 33,
			"details": [
				{"appName": "삼성 인터넷", "usage": 18},
				{"appName": "Twitch", "usage": 17},
				{"appName": "페이트/그랜드오더", "usage": 16},
				{"appName": "Polar Beat", "usage": 5},
				{"appName": "알파카", "usage": 1},
				{"appName": "네이버 카페", "usage": 1},
				{"appName": "Word", "usage": 1},
				{"appName": "카카오톡", "usage": 1},
				{"appName": "Polaris Office", "usage": 0},
				{"appName": "설정", "usage": 0},
				{"appName": "신한 쏠(SOL)", "usage": 0},
				{"appName": "Paco", "usage": 0},
				{"appName": "TouchWiz 홈", "usage": 0},
				{"appName": "WoW BfA Talent Calculator", "usage": 0},
				{"appName": "Google Play 스토어", "usage": 0},
				{"appName": "메시지", "usage": 0},
				{"appName": "시계", "usage": 0},
				{"appName": "Logger", "usage": 0},
				{"appName": "시스템 UI", "usage": 0},
				{"appName": "안드로이드 시스템", "usage": 0},
				{"appName": "패키지 설치 프로그램", "usage": 0}
			]
		},
		"avgTime": {
			"usage": 2,
			"details": [
				{"appName": "Twitch", "usage": 8},
				{"appName": "페이트/그랜드오더", "usage": 4},
				{"appName": "삼성 인터넷", "usage": 1},
				{"appName": "Word", "usage": 1},
				{"appName": "알파카", "usage": 0},
				{"appName": "Polar Beat", "usage": 0},
				{"appName": "Polaris Office", "usage": 0},
				{"appName": "WoW BfA Talent Calculator", "usage": 0},
				{"appName": "네이버 카페", "usage": 0},
				{"appName": "신한 쏠(SOL)", "usage": 0},
				{"appName": "설정", "usage": 0},
				{"appName": "Paco", "usage": 0},
				{"appName": "메시지", "usage": 0},
				{"appName": "Google Play 스토어", "usage": 0},
				{"appName": "카카오톡", "usage": 0},
				{"appName": "TouchWiz 홈", "usage": 0},
				{"appName": "시계", "usage": 0},
				{"appName": "Logger", "usage": 0},
				{"appName": "안드로이드 시스템", "usage": 0},
				{"appName": "시스템 UI", "usage": 0},
				{"appName": "패키지 설치 프로그램", "usage": 0}
			]
		},
		"lastPickup": {"time": 0}
	},
	{
		"date": 7,
		"totalTime": {
			"usage": 878,
			"details": [
				{"appName": "카카오톡", "usage": 665},
				{"appName": "삼성 인터넷", "usage": 153},
				{"appName": "Twitch", "usage": 31},
				{"appName": "연락처", "usage": 10},
				{"appName": "요금안내서 Bill Letter", "usage": 5},
				{"appName": "YouTube", "usage": 3},
				{"appName": "Polar Beat", "usage": 3},
				{"appName": "Discord", "usage": 3},
				{"appName": "TouchWiz 홈", "usage": 2},
				{"appName": "설정", "usage": 1},
				{"appName": "Paco", "usage": 1},
				{"appName": "메시지", "usage": 1},
				{"appName": "신한 쏠(SOL)", "usage": 0},
				{"appName": "시스템 UI", "usage": 0},
				{"appName": "전화", "usage": 0},
				{"appName": "Google Play 서비스", "usage": 0}
			]
		},
		"pickups": {"usage": 89},
		"downTime": {
			"usages": [
				{"hour": 1, "usage": 48},
				{"hour": 2, "usage": 18},
				{"hour": 3, "usage": 3},
				{"hour": 4, "usage": 5},
				{"hour": 5, "usage": 39},
				{"hour": 6, "usage": 25},
				{"hour": 7, "usage": 3},
				{"hour": 8, "usage": 1},
				{"hour": 9, "usage": 6},
				{"hour": 10, "usage": 8},
				{"hour": 11, "usage": 47},
				{"hour": 12, "usage": 10}
			],
			"details": [
				{"appName": "삼성 인터넷", "usage": [1, 2, 3, 5, 6, 7, 8, 9, 10, 11, 12]},
				{"appName": "TouchWiz 홈", "usage": [1, 2, 3, 4, 5, 6, 8, 9, 10, 11, 12]},
				{"appName": "카카오톡", "usage": [1, 2, 3, 4, 5, 8, 9, 10, 12]},
				{"appName": "메시지", "usage": [1, 3, 6, 8, 9, 10, 11]},
				{"appName": "설정", "usage": [1, 5, 6, 11, 12]},
				{"appName": "Paco", "usage": [1, 2, 4, 6, 12]},
				{"appName": "Discord", "usage": [6, 8, 11, 12]},
				{"appName": "시스템 UI", "usage": [5, 11]},
				{"appName": "Polar Beat", "usage": [5, 12]},
				{"appName": "Google Play 서비스", "usage": [10, 12]},
				{"appName": "전화", "usage": [10]},
				{"appName": "요금안내서 Bill Letter", "usage": [4]},
				{"appName": "연락처", "usage": [10]},
				{"appName": "신한 쏠(SOL)", "usage": [6]},
				{"appName": "YouTube", "usage": [11]},
				{"appName": "Twitch", "usage": [11]}
			]
		},
		"maxTime": {
			"usage": 659,
			"details": [
				{"appName": "카카오톡", "usage": 662},
				{"appName": "Twitch", "usage": 17},
				{"appName": "삼성 인터넷", "usage": 13},
				{"appName": "연락처", "usage": 10},
				{"appName": "요금안내서 Bill Letter", "usage": 5},
				{"appName": "YouTube", "usage": 3},
				{"appName": "Polar Beat", "usage": 2},
				{"appName": "Discord", "usage": 1},
				{"appName": "메시지", "usage": 0},
				{"appName": "신한 쏠(SOL)", "usage": 0},
				{"appName": "설정", "usage": 0},
				{"appName": "Paco", "usage": 0},
				{"appName": "전화", "usage": 0},
				{"appName": "TouchWiz 홈", "usage": 0},
				{"appName": "시스템 UI", "usage": 0},
				{"appName": "Google Play 서비스", "usage": 0}
			]
		},
		"avgTime": {
			"usage": 9,
			"details": [
				{"appName": "카카오톡", "usage": 10},
				{"appName": "Twitch", "usage": 7},
				{"appName": "연락처", "usage": 5},
				{"appName": "삼성 인터넷", "usage": 2},
				{"appName": "YouTube", "usage": 1},
				{"appName": "요금안내서 Bill Letter", "usage": 1},
				{"appName": "Polar Beat", "usage": 0},
				{"appName": "Discord", "usage": 0},
				{"appName": "신한 쏠(SOL)", "usage": 0},
				{"appName": "메시지", "usage": 0},
				{"appName": "설정", "usage": 0},
				{"appName": "Paco", "usage": 0},
				{"appName": "전화", "usage": 0},
				{"appName": "시스템 UI", "usage": 0},
				{"appName": "TouchWiz 홈", "usage": 0},
				{"appName": "Google Play 서비스", "usage": 0}
			]
		},
		"lastPickup": {"time": 659}
	}
]
