[
	{
		"date": 1,
		"totalTime": {
			"usage": 173,
			"details": [
				{"appName": "YouTube", "usage": 35},
				{"appName": "삼성 인터넷", "usage": 28},
				{"appName": "Facebook", "usage": 19},
				{"appName": "카카오톡", "usage": 18},
				{"appName": "네이버 웹툰", "usage": 14},
				{"appName": "Samsung Experience 홈", "usage": 13},
				{"appName": "Paco", "usage": 9},
				{"appName": "Polar Beat", "usage": 8},
				{"appName": "전화", "usage": 5},
				{"appName": "갤러리", "usage": 2},
				{"appName": "설정", "usage": 2},
				{"appName": "KLMS", "usage": 1},
				{"appName": "Samsung Pay", "usage": 1},
				{"appName": "카메라", "usage": 0},
				{"appName": "접근성", "usage": 0},
				{"appName": "Microsoft Health", "usage": 0},
				{"appName": "Dropsync", "usage": 0},
				{"appName": "시계", "usage": 0},
				{"appName": "Logger", "usage": 0},
				{"appName": "원터치알림", "usage": 0},
				{"appName": "메시지", "usage": 0},
				{"appName": "리마인더", "usage": 0},
				{"appName": "LoL 프렌즈", "usage": 0},
				{"appName": "KAIST Library", "usage": 0},
				{"appName": "날씨", "usage": 0},
				{"appName": "ABC Logger", "usage": 0},
				{"appName": "빅스비 보이스", "usage": 0},
				{"appName": "위비톡", "usage": 0},
				{"appName": "패키지 설치 프로그램", "usage": 0},
				{"appName": "컴프야2019", "usage": 0},
				{"appName": "U+ 고객센터", "usage": 0}
			]
		},
		"pickups": {"usage": 191},
		"downTime": {
			"usages": [
				{"hour": 0, "usage": 0},
				{"hour": 1, "usage": 17},
				{"hour": 2, "usage": 10},
				{"hour": 3, "usage": 10},
				{"hour": 4, "usage": 29},
				{"hour": 5, "usage": 5},
				{"hour": 6, "usage": 4},
				{"hour": 7, "usage": 5},
				{"hour": 8, "usage": 6},
				{"hour": 9, "usage": 5},
				{"hour": 10, "usage": 7},
				{"hour": 11, "usage": 0},
				{"hour": 12, "usage": 33},
				{"hour": 13, "usage": 5},
				{"hour": 14, "usage": 21},
				{"hour": 15, "usage": 1},
				{"hour": 16, "usage": 4},
				{"hour": 19, "usage": 0},
				{"hour": 23, "usage": 0}
			],
			"details": [
				{"appName": "Samsung Experience 홈", "usage": [0, 1, 2, 3, 4, 5, 6, 7, 8, 9, 10, 11, 12, 13, 14, 15, 16, 19, 23]},
				{"appName": "카카오톡", "usage": [1, 2, 3, 4, 5, 6, 7, 8, 9, 10, 11, 12, 13, 14, 16, 19]},
				{"appName": "Paco", "usage": [1, 3, 4, 5, 6, 8, 9, 10, 12, 13, 14, 15]},
				{"appName": "Polar Beat", "usage": [0, 2, 3, 4, 5, 6, 7, 8, 12, 15, 16]},
				{"appName": "설정", "usage": [4, 5, 8, 13, 14, 16]},
				{"appName": "삼성 인터넷", "usage": [2, 3, 4, 5, 8, 14]},
				{"appName": "Facebook", "usage": [4, 9, 10, 12, 14, 16]},
				{"appName": "접근성", "usage": [4, 5, 13, 14, 16]},
				{"appName": "전화", "usage": [2, 6, 8, 13, 14]},
				{"appName": "원터치알림", "usage": [3, 4, 5, 9, 12]},
				{"appName": "Logger", "usage": [5, 13, 14, 16]},
				{"appName": "컴프야2019", "usage": [5, 9, 23]},
				{"appName": "카메라", "usage": [2, 10, 14]},
				{"appName": "YouTube", "usage": [12, 13, 14]},
				{"appName": "패키지 설치 프로그램", "usage": [5, 13]},
				{"appName": "시계", "usage": [19, 23]},
				{"appName": "리마인더", "usage": [6, 7]},
				{"appName": "갤러리", "usage": [4, 16]},
				{"appName": "KLMS", "usage": [1, 2]},
				{"appName": "위비톡", "usage": [0]},
				{"appName": "빅스비 보이스", "usage": [15]},
				{"appName": "메시지", "usage": [6]},
				{"appName": "네이버 웹툰", "usage": [1]},
				{"appName": "날씨", "usage": [14]},
				{"appName": "U+ 고객센터", "usage": [16]},
				{"appName": "Samsung Pay", "usage": [12]},
				{"appName": "Microsoft Health", "usage": [2]},
				{"appName": "LoL 프렌즈", "usage": [14]},
				{"appName": "KAIST Library", "usage": [7]},
				{"appName": "Dropsync", "usage": [3]},
				{"appName": "ABC Logger", "usage": [6]}
			]
		},
		"maxTime": {
			"usage": 31,
			"details": [
				{"appName": "YouTube", "usage": 26},
				{"appName": "삼성 인터넷", "usage": 17},
				{"appName": "네이버 웹툰", "usage": 6},
				{"appName": "갤러리", "usage": 1},
				{"appName": "Facebook", "usage": 1},
				{"appName": "전화", "usage": 1},
				{"appName": "Polar Beat", "usage": 1},
				{"appName": "카카오톡", "usage": 1},
				{"appName": "Samsung Pay", "usage": 1},
				{"appName": "Paco", "usage": 1},
				{"appName": "KLMS", "usage": 0},
				{"appName": "설정", "usage": 0},
				{"appName": "Samsung Experience 홈", "usage": 0},
				{"appName": "Microsoft Health", "usage": 0},
				{"appName": "Dropsync", "usage": 0},
				{"appName": "카메라", "usage": 0},
				{"appName": "시계", "usage": 0},
				{"appName": "메시지", "usage": 0},
				{"appName": "LoL 프렌즈", "usage": 0},
				{"appName": "날씨", "usage": 0},
				{"appName": "KAIST Library", "usage": 0},
				{"appName": "리마인더", "usage": 0},
				{"appName": "접근성", "usage": 0},
				{"appName": "원터치알림", "usage": 0},
				{"appName": "Logger", "usage": 0},
				{"appName": "ABC Logger", "usage": 0},
				{"appName": "빅스비 보이스", "usage": 0},
				{"appName": "위비톡", "usage": 0},
				{"appName": "패키지 설치 프로그램", "usage": 0},
				{"appName": "컴프야2019", "usage": 0},
				{"appName": "U+ 고객센터", "usage": 0}
			]
		},
		"avgTime": {
			"usage": 0,
			"details": [
				{"appName": "YouTube", "usage": 7},
				{"appName": "삼성 인터넷", "usage": 2},
				{"appName": "네이버 웹툰", "usage": 0},
				{"appName": "Samsung Pay", "usage": 0},
				{"appName": "갤러리", "usage": 0},
				{"appName": "Facebook", "usage": 0},
				{"appName": "전화", "usage": 0},
				{"appName": "Polar Beat", "usage": 0},
				{"appName": "Dropsync", "usage": 0},
				{"appName": "Paco", "usage": 0},
				{"appName": "메시지", "usage": 0},
				{"appName": "Microsoft Health", "usage": 0},
				{"appName": "KLMS", "usage": 0},
				{"appName": "LoL 프렌즈", "usage": 0},
				{"appName": "날씨", "usage": 0},
				{"appName": "설정", "usage": 0},
				{"appName": "카메라", "usage": 0},
				{"appName": "Samsung Experience 홈", "usage": 0},
				{"appName": "KAIST Library", "usage": 0},
				{"appName": "시계", "usage": 0},
				{"appName": "카카오톡", "usage": 0},
				{"appName": "빅스비 보이스", "usage": 0},
				{"appName": "리마인더", "usage": 0},
				{"appName": "접근성", "usage": 0},
				{"appName": "ABC Logger", "usage": 0},
				{"appName": "Logger", "usage": 0},
				{"appName": "원터치알림", "usage": 0},
				{"appName": "위비톡", "usage": 0},
				{"appName": "패키지 설치 프로그램", "usage": 0},
				{"appName": "컴프야2019", "usage": 0},
				{"appName": "U+ 고객센터", "usage": 0}
			]
		},
		"lastPickup": {"time": 0}
	},
	{
		"date": 2,
		"totalTime": {
			"usage": 212,
			"details": [
				{"appName": "YouTube", "usage": 54},
				{"appName": "Facebook", "usage": 35},
				{"appName": "삼성 인터넷", "usage": 26},
				{"appName": "드라이브", "usage": 17},
				{"appName": "카카오톡", "usage": 14},
				{"appName": "Samsung Experience 홈", "usage": 11},
				{"appName": "위비톡", "usage": 10},
				{"appName": "전화", "usage": 5},
				{"appName": "Polar Beat", "usage": 5},
				{"appName": "Paco", "usage": 4},
				{"appName": "네이버 웹툰", "usage": 4},
				{"appName": "시계", "usage": 2},
				{"appName": "갤러리", "usage": 2},
				{"appName": "카메라", "usage": 1},
				{"appName": "Samsung Pay", "usage": 1},
				{"appName": "설정", "usage": 1},
				{"appName": "Google Play 서비스", "usage": 0},
				{"appName": "날씨", "usage": 0},
				{"appName": "원터치알림", "usage": 0},
				{"appName": "메시지", "usage": 0},
				{"appName": "캘린더", "usage": 0},
				{"appName": "Logger", "usage": 0},
				{"appName": "후후-유플러스", "usage": 0},
				{"appName": "접근성", "usage": 0},
				{"appName": "패키지 설치 프로그램", "usage": 0},
				{"appName": "컴프야2019", "usage": 0}
			]
		},
		"pickups": {"usage": 234},
		"downTime": {
			"usages": [
				{"hour": 0, "usage": 10},
				{"hour": 1, "usage": 4},
				{"hour": 2, "usage": 3},
				{"hour": 3, "usage": 34},
				{"hour": 4, "usage": 17},
				{"hour": 5, "usage": 18},
				{"hour": 6, "usage": 13},
				{"hour": 7, "usage": 1},
				{"hour": 8, "usage": 37},
				{"hour": 9, "usage": 4},
				{"hour": 10, "usage": 23},
				{"hour": 11, "usage": 8},
				{"hour": 12, "usage": 4},
				{"hour": 13, "usage": 2},
				{"hour": 14, "usage": 11},
				{"hour": 15, "usage": 9},
				{"hour": 16, "usage": 6},
				{"hour": 17, "usage": 0},
				{"hour": 18, "usage": 0},
				{"hour": 19, "usage": 0}
			],
			"details": [
				{"appName": "Samsung Experience 홈", "usage": [0, 1, 2, 3, 4, 5, 6, 7, 8, 9, 10, 11, 12, 13, 14, 15, 16, 18]},
				{"appName": "카카오톡", "usage": [1, 2, 3, 4, 5, 6, 7, 8, 9, 10, 12, 14, 15]},
				{"appName": "Facebook", "usage": [3, 4, 6, 11, 12, 13, 14, 15, 16]},
				{"appName": "Paco", "usage": [4, 5, 6, 8, 9, 10, 12, 14]},
				{"appName": "전화", "usage": [1, 3, 5, 7, 8, 12, 16]},
				{"appName": "삼성 인터넷", "usage": [2, 3, 4, 5, 6, 12, 14]},
				{"appName": "Polar Beat", "usage": [4, 5, 6, 8, 10, 14, 15]},
				{"appName": "카메라", "usage": [1, 4, 6, 8, 9, 16]},
				{"appName": "원터치알림", "usage": [3, 5, 8, 15, 18]},
				{"appName": "설정", "usage": [3, 4, 8, 13, 16]},
				{"appName": "접근성", "usage": [4, 8, 13]},
				{"appName": "YouTube", "usage": [8, 10, 11]},
				{"appName": "Logger", "usage": [4, 8, 13]},
				{"appName": "패키지 설치 프로그램", "usage": [4, 8]},
				{"appName": "컴프야2019", "usage": [3, 9]},
				{"appName": "시계", "usage": [14, 15]},
				{"appName": "메시지", "usage": [2, 6]},
				{"appName": "드라이브", "usage": [4, 5]},
				{"appName": "날씨", "usage": [1, 8]},
				{"appName": "갤러리", "usage": [3, 6]},
				{"appName": "Samsung Pay", "usage": [3, 16]},
				{"appName": "후후-유플러스", "usage": [2]},
				{"appName": "캘린더", "usage": [3]},
				{"appName": "위비톡", "usage": [0]},
				{"appName": "네이버 웹툰", "usage": [16]},
				{"appName": "Google Play 서비스", "usage": [4]}
			]
		},
		"maxTime": {
			"usage": 29,
			"details": [
				{"appName": "YouTube", "usage": 24},
				{"appName": "삼성 인터넷", "usage": 14},
				{"appName": "위비톡", "usage": 10},
				{"appName": "Facebook", "usage": 6},
				{"appName": "드라이브", "usage": 5},
				{"appName": "네이버 웹툰", "usage": 3},
				{"appName": "시계", "usage": 2},
				{"appName": "Samsung Experience 홈", "usage": 2},
				{"appName": "갤러리", "usage": 1},
				{"appName": "Samsung Pay", "usage": 1},
				{"appName": "전화", "usage": 1},
				{"appName": "Polar Beat", "usage": 0},
				{"appName": "카카오톡", "usage": 0},
				{"appName": "Paco", "usage": 0},
				{"appName": "날씨", "usage": 0},
				{"appName": "카메라", "usage": 0},
				{"appName": "설정", "usage": 0},
				{"appName": "Google Play 서비스", "usage": 0},
				{"appName": "메시지", "usage": 0},
				{"appName": "캘린더", "usage": 0},
				{"appName": "원터치알림", "usage": 0},
				{"appName": "후후-유플러스", "usage": 0},
				{"appName": "Logger", "usage": 0},
				{"appName": "접근성", "usage": 0},
				{"appName": "패키지 설치 프로그램", "usage": 0},
				{"appName": "컴프야2019", "usage": 0}
			]
		},
		"avgTime": {
			"usage": 0,
			"details": [
				{"appName": "YouTube", "usage": 6},
				{"appName": "위비톡", "usage": 5},
				{"appName": "시계", "usage": 2},
				{"appName": "삼성 인터넷", "usage": 1},
				{"appName": "Facebook", "usage": 0},
				{"appName": "갤러리", "usage": 0},
				{"appName": "드라이브", "usage": 0},
				{"appName": "네이버 웹툰", "usage": 0},
				{"appName": "Samsung Pay", "usage": 0},
				{"appName": "전화", "usage": 0},
				{"appName": "날씨", "usage": 0},
				{"appName": "Polar Beat", "usage": 0},
				{"appName": "메시지", "usage": 0},
				{"appName": "카메라", "usage": 0},
				{"appName": "캘린더", "usage": 0},
				{"appName": "Paco", "usage": 0},
				{"appName": "Samsung Experience 홈", "usage": 0},
				{"appName": "카카오톡", "usage": 0},
				{"appName": "설정", "usage": 0},
				{"appName": "Google Play 서비스", "usage": 0},
				{"appName": "원터치알림", "usage": 0},
				{"appName": "후후-유플러스", "usage": 0},
				{"appName": "Logger", "usage": 0},
				{"appName": "접근성", "usage": 0},
				{"appName": "패키지 설치 프로그램", "usage": 0},
				{"appName": "컴프야2019", "usage": 0}
			]
		},
		"lastPickup": {"time": 0}
	},
	{
		"date": 3,
		"totalTime": {
			"usage": 389,
			"details": [
				{"appName": "YouTube", "usage": 104},
				{"appName": "Facebook", "usage": 98},
				{"appName": "Chrome", "usage": 58},
				{"appName": "네이버 웹툰", "usage": 24},
				{"appName": "카카오톡", "usage": 20},
				{"appName": "삼성 인터넷", "usage": 17},
				{"appName": "AfreecaTV", "usage": 17},
				{"appName": "Samsung Experience 홈", "usage": 8},
				{"appName": "전화", "usage": 8},
				{"appName": "밥대생", "usage": 5},
				{"appName": "Paco", "usage": 5},
				{"appName": "지니 뮤직", "usage": 3},
				{"appName": "시계", "usage": 1},
				{"appName": "Polar Beat", "usage": 1},
				{"appName": "LoL 프렌즈", "usage": 0},
				{"appName": "Samsung Pay", "usage": 0},
				{"appName": "카메라", "usage": 0},
				{"appName": "설정", "usage": 0},
				{"appName": "Logger", "usage": 0},
				{"appName": "원터치알림", "usage": 0},
				{"appName": "KAIST Library", "usage": 0},
				{"appName": "메시지", "usage": 0},
				{"appName": "날씨", "usage": 0},
				{"appName": "접근성", "usage": 0},
				{"appName": "Google Play 스토어", "usage": 0},
				{"appName": "Google", "usage": 0},
				{"appName": "패키지 설치 프로그램", "usage": 0},
				{"appName": "U+ 고객센터", "usage": 0}
			]
		},
		"pickups": {"usage": 142},
		"downTime": {
			"usages": [
				{"hour": 4, "usage": 51},
				{"hour": 5, "usage": 13},
				{"hour": 6, "usage": 43},
				{"hour": 7, "usage": 18},
				{"hour": 8, "usage": 11},
				{"hour": 9, "usage": 36},
				{"hour": 10, "usage": 6},
				{"hour": 11, "usage": 56},
				{"hour": 12, "usage": 10},
				{"hour": 13, "usage": 1},
				{"hour": 14, "usage": 26},
				{"hour": 15, "usage": 28},
				{"hour": 16, "usage": 1},
				{"hour": 17, "usage": 7},
				{"hour": 18, "usage": 39},
				{"hour": 19, "usage": 35}
			],
			"details": [
				{"appName": "Samsung Experience 홈", "usage": [3, 4, 5, 6, 7, 8, 9, 10, 11, 12, 14, 15, 16, 17, 18, 19]},
				{"appName": "Facebook", "usage": [4, 5, 6, 7, 8, 9, 11, 12, 14, 15, 17, 18]},
				{"appName": "카카오톡", "usage": [4, 5, 6, 7, 8, 9, 10, 11, 15, 16, 17]},
				{"appName": "Paco", "usage": [4, 5, 6, 7, 8, 9, 10, 11, 12, 15]},
				{"appName": "삼성 인터넷", "usage": [4, 5, 8, 10, 11, 17, 18]},
				{"appName": "지니 뮤직", "usage": [5, 8, 12, 13, 14, 15]},
				{"appName": "Polar Beat", "usage": [5, 9, 10, 12, 16]},
				{"appName": "전화", "usage": [4, 6, 8, 9]},
				{"appName": "YouTube", "usage": [6, 7, 9, 11]},
				{"appName": "카메라", "usage": [9, 17, 18]},
				{"appName": "원터치알림", "usage": [5, 7, 17]},
				{"appName": "설정", "usage": [5, 9, 11]},
				{"appName": "네이버 웹툰", "usage": [4, 5, 9]},
				{"appName": "Chrome", "usage": [5, 18, 19]},
				{"appName": "패키지 설치 프로그램", "usage": [5, 8]},
				{"appName": "시계", "usage": [17, 19]},
				{"appName": "Samsung Pay", "usage": [5, 17]},
				{"appName": "Logger", "usage": [5, 8]},
				{"appName": "AfreecaTV", "usage": [10, 18]},
				{"appName": "접근성", "usage": [5]},
				{"appName": "밥대생", "usage": [9]},
				{"appName": "메시지", "usage": [9]},
				{"appName": "날씨", "usage": [5]},
				{"appName": "U+ 고객센터", "usage": [3]},
				{"appName": "LoL 프렌즈", "usage": [17]},
				{"appName": "KAIST Library", "usage": [16]},
				{"appName": "Google Play 스토어", "usage": [5]},
				{"appName": "Google", "usage": [8]}
			]
		},
		"maxTime": {
			"usage": 74,
			"details": [
				{"appName": "Chrome", "usage": 50},
				{"appName": "Facebook", "usage": 46},
				{"appName": "YouTube", "usage": 26},
				{"appName": "AfreecaTV", "usage": 16},
				{"appName": "네이버 웹툰", "usage": 10},
				{"appName": "전화", "usage": 6},
				{"appName": "삼성 인터넷", "usage": 5},
				{"appName": "카카오톡", "usage": 3},
				{"appName": "밥대생", "usage": 1},
				{"appName": "시계", "usage": 1},
				{"appName": "Polar Beat", "usage": 0},
				{"appName": "Paco", "usage": 0},
				{"appName": "LoL 프렌즈", "usage": 0},
				{"appName": "지니 뮤직", "usage": 0},
				{"appName": "설정", "usage": 0},
				{"appName": "Samsung Experience 홈", "usage": 0},
				{"appName": "Samsung Pay", "usage": 0},
				{"appName": "카메라", "usage": 0},
				{"appName": "Logger", "usage": 0},
				{"appName": "원터치알림", "usage": 0},
				{"appName": "KAIST Library", "usage": 0},
				{"appName": "메시지", "usage": 0},
				{"appName": "날씨", "usage": 0},
				{"appName": "접근성", "usage": 0},
				{"appName": "Google", "usage": 0},
				{"appName": "Google Play 스토어", "usage": 0},
				{"appName": "패키지 설치 프로그램", "usage": 0},
				{"appName": "U+ 고객센터", "usage": 0}
			]
		},
		"avgTime": {
			"usage": 2,
			"details": [
				{"appName": "Chrome", "usage": 19},
				{"appName": "YouTube", "usage": 7},
				{"appName": "AfreecaTV", "usage": 2},
				{"appName": "Facebook", "usage": 1},
				{"appName": "전화", "usage": 0},
				{"appName": "삼성 인터넷", "usage": 0},
				{"appName": "네이버 웹툰", "usage": 0},
				{"appName": "시계", "usage": 0},
				{"appName": "밥대생", "usage": 0},
				{"appName": "카메라", "usage": 0},
				{"appName": "메시지", "usage": 0},
				{"appName": "날씨", "usage": 0},
				{"appName": "LoL 프렌즈", "usage": 0},
				{"appName": "Samsung Pay", "usage": 0},
				{"appName": "KAIST Library", "usage": 0},
				{"appName": "Polar Beat", "usage": 0},
				{"appName": "Paco", "usage": 0},
				{"appName": "카카오톡", "usage": 0},
				{"appName": "Logger", "usage": 0},
				{"appName": "설정", "usage": 0},
				{"appName": "원터치알림", "usage": 0},
				{"appName": "Samsung Experience 홈", "usage": 0},
				{"appName": "지니 뮤직", "usage": 0},
				{"appName": "Google", "usage": 0},
				{"appName": "접근성", "usage": 0},
				{"appName": "Google Play 스토어", "usage": 0},
				{"appName": "패키지 설치 프로그램", "usage": 0},
				{"appName": "U+ 고객센터", "usage": 0}
			]
		},
		"lastPickup": {"time": 0}
	},
	{
		"date": 4,
		"totalTime": {
			"usage": 282,
			"details": [
				{"appName": "YouTube", "usage": 151},
				{"appName": "삼성 인터넷", "usage": 31},
				{"appName": "Chrome", "usage": 27},
				{"appName": "AfreecaTV", "usage": 16},
				{"appName": "네이버 웹툰", "usage": 11},
				{"appName": "지니 뮤직", "usage": 6},
				{"appName": "Samsung Experience 홈", "usage": 6},
				{"appName": "Facebook", "usage": 5},
				{"appName": "카카오톡", "usage": 5},
				{"appName": "Paco", "usage": 3},
				{"appName": "Polar Beat", "usage": 2},
				{"appName": "InBody", "usage": 2},
				{"appName": "원터치알림", "usage": 1},
				{"appName": "날씨", "usage": 0},
				{"appName": "카메라", "usage": 0},
				{"appName": "설정", "usage": 0},
				{"appName": "시계", "usage": 0},
				{"appName": "전화", "usage": 0},
				{"appName": "CJ ONE", "usage": 0},
				{"appName": "Logger", "usage": 0},
				{"appName": "접근성", "usage": 0},
				{"appName": "패키지 설치 프로그램", "usage": 0},
				{"appName": "Samsung Members", "usage": 0},
				{"appName": "Google Play 스토어", "usage": 0},
				{"appName": "컴프야2019", "usage": 0}
			]
		},
		"pickups": {"usage": 103},
		"downTime": {
			"usages": [
				{"hour": 0, "usage": 0},
				{"hour": 1, "usage": 12},
				{"hour": 2, "usage": 48},
				{"hour": 3, "usage": 21},
				{"hour": 4, "usage": 17},
				{"hour": 5, "usage": 19},
				{"hour": 6, "usage": 5},
				{"hour": 7, "usage": 1},
				{"hour": 8, "usage": 20},
				{"hour": 9, "usage": 42},
				{"hour": 10, "usage": 0},
				{"hour": 11, "usage": 1},
				{"hour": 12, "usage": 1},
				{"hour": 13, "usage": 2},
				{"hour": 15, "usage": 45},
				{"hour": 16, "usage": 2},
				{"hour": 17, "usage": 40},
				{"hour": 23, "usage": 0}
			],
			"details": [
				{"appName": "Samsung Experience 홈", "usage": [1, 2, 3, 4, 5, 6, 7, 8, 9, 10, 11, 12, 13, 15, 16, 17, 23]},
				{"appName": "Paco", "usage": [3, 4, 5, 6, 7, 8, 9, 11, 12, 13, 15]},
				{"appName": "카카오톡", "usage": [3, 4, 5, 6, 9, 11, 13, 15]},
				{"appName": "삼성 인터넷", "usage": [3, 4, 5, 6, 9, 12, 16]},
				{"appName": "Polar Beat", "usage": [3, 4, 5, 10, 11, 15]},
				{"appName": "YouTube", "usage": [2, 8, 9, 15, 17]},
				{"appName": "Facebook", "usage": [1, 2, 4, 15]},
				{"appName": "카메라", "usage": [2, 3, 5]},
				{"appName": "설정", "usage": [2, 3, 12]},
				{"appName": "Chrome", "usage": [3, 9, 17]},
				{"appName": "AfreecaTV", "usage": [15, 16, 17]},
				{"appName": "패키지 설치 프로그램", "usage": [3, 12]},
				{"appName": "컴프야2019", "usage": [3, 11]},
				{"appName": "지니 뮤직", "usage": [3, 5]},
				{"appName": "접근성", "usage": [3, 12]},
				{"appName": "전화", "usage": [3, 15]},
				{"appName": "시계", "usage": [2, 23]},
				{"appName": "날씨", "usage": [5, 12]},
				{"appName": "Logger", "usage": [3, 12]},
				{"appName": "원터치알림", "usage": [13]},
				{"appName": "네이버 웹툰", "usage": [1]},
				{"appName": "Samsung Members", "usage": [15]},
				{"appName": "InBody", "usage": [3]},
				{"appName": "Google Play 스토어", "usage": [9]},
				{"appName": "CJ ONE", "usage": [5]}
			]
		},
		"maxTime": {
			"usage": 45,
			"details": [
				{"appName": "YouTube", "usage": 39},
				{"appName": "삼성 인터넷", "usage": 18},
				{"appName": "Chrome", "usage": 14},
				{"appName": "AfreecaTV", "usage": 4},
				{"appName": "네이버 웹툰", "usage": 3},
				{"appName": "Facebook", "usage": 2},
				{"appName": "지니 뮤직", "usage": 1},
				{"appName": "InBody", "usage": 1},
				{"appName": "원터치알림", "usage": 1},
				{"appName": "Polar Beat", "usage": 0},
				{"appName": "카카오톡", "usage": 0},
				{"appName": "날씨", "usage": 0},
				{"appName": "Samsung Experience 홈", "usage": 0},
				{"appName": "Paco", "usage": 0},
				{"appName": "설정", "usage": 0},
				{"appName": "시계", "usage": 0},
				{"appName": "전화", "usage": 0},
				{"appName": "카메라", "usage": 0},
				{"appName": "CJ ONE", "usage": 0},
				{"appName": "패키지 설치 프로그램", "usage": 0},
				{"appName": "접근성", "usage": 0},
				{"appName": "Logger", "usage": 0},
				{"appName": "Samsung Members", "usage": 0},
				{"appName": "Google Play 스토어", "usage": 0},
				{"appName": "컴프야2019", "usage": 0}
			]
		},
		"avgTime": {
			"usage": 2,
			"details": [
				{"appName": "YouTube", "usage": 7},
				{"appName": "Chrome", "usage": 6},
				{"appName": "삼성 인터넷", "usage": 1},
				{"appName": "Facebook", "usage": 1},
				{"appName": "AfreecaTV", "usage": 1},
				{"appName": "네이버 웹툰", "usage": 0},
				{"appName": "날씨", "usage": 0},
				{"appName": "Polar Beat", "usage": 0},
				{"appName": "원터치알림", "usage": 0},
				{"appName": "InBody", "usage": 0},
				{"appName": "지니 뮤직", "usage": 0},
				{"appName": "카메라", "usage": 0},
				{"appName": "CJ ONE", "usage": 0},
				{"appName": "전화", "usage": 0},
				{"appName": "Paco", "usage": 0},
				{"appName": "시계", "usage": 0},
				{"appName": "설정", "usage": 0},
				{"appName": "Samsung Experience 홈", "usage": 0},
				{"appName": "카카오톡", "usage": 0},
				{"appName": "접근성", "usage": 0},
				{"appName": "패키지 설치 프로그램", "usage": 0},
				{"appName": "Google Play 스토어", "usage": 0},
				{"appName": "Logger", "usage": 0},
				{"appName": "Samsung Members", "usage": 0},
				{"appName": "컴프야2019", "usage": 0}
			]
		},
		"lastPickup": {"time": 0}
	},
	{
		"date": 5,
		"totalTime": {
			"usage": 552,
			"details": [
				{"appName": "YouTube", "usage": 200},
				{"appName": "Chrome", "usage": 109},
				{"appName": "AfreecaTV", "usage": 83},
				{"appName": "Twitch", "usage": 37},
				{"appName": "Facebook", "usage": 31},
				{"appName": "삼성 인터넷", "usage": 31},
				{"appName": "네이버 웹툰", "usage": 16},
				{"appName": "Samsung Experience 홈", "usage": 15},
				{"appName": "카카오톡", "usage": 9},
				{"appName": "Paco", "usage": 5},
				{"appName": "지니 뮤직", "usage": 1},
				{"appName": "전화", "usage": 1},
				{"appName": "Polar Beat", "usage": 1},
				{"appName": "시계", "usage": 0},
				{"appName": "날씨", "usage": 0},
				{"appName": "Intra", "usage": 0},
				{"appName": "카카오 T", "usage": 0},
				{"appName": "Google Play 스토어", "usage": 0},
				{"appName": "설정", "usage": 0},
				{"appName": "메시지", "usage": 0},
				{"appName": "Logger", "usage": 0},
				{"appName": "LoL 프렌즈", "usage": 0},
				{"appName": "접근성", "usage": 0},
				{"appName": "VpnDialogs", "usage": 0},
				{"appName": "시스템 UI", "usage": 0},
				{"appName": "카메라", "usage": 0},
				{"appName": "빅스비 보이스", "usage": 0},
				{"appName": "Samsung Notes", "usage": 0},
				{"appName": "원터치알림", "usage": 0},
				{"appName": "네이버 지도", "usage": 0},
				{"appName": "패키지 설치 프로그램", "usage": 0},
				{"appName": "컴프야2019", "usage": 0}
			]
		},
		"pickups": {"usage": 72},
		"downTime": {
			"usages": [
				{"hour": 0, "usage": 2},
				{"hour": 1, "usage": 57},
				{"hour": 2, "usage": 56},
				{"hour": 3, "usage": 38},
				{"hour": 4, "usage": 46},
				{"hour": 5, "usage": 31},
				{"hour": 6, "usage": 0},
				{"hour": 7, "usage": 40},
				{"hour": 8, "usage": 10},
				{"hour": 9, "usage": 8},
				{"hour": 10, "usage": 58},
				{"hour": 11, "usage": 44},
				{"hour": 12, "usage": 4},
				{"hour": 13, "usage": 33},
				{"hour": 14, "usage": 32},
				{"hour": 15, "usage": 55},
				{"hour": 16, "usage": 26},
				{"hour": 23, "usage": 6}
			],
			"details": [
				{"appName": "Samsung Experience 홈", "usage": [0, 1, 2, 3, 4, 5, 6, 7, 8, 9, 10, 11, 12, 13, 14, 15, 16, 23]},
				{"appName": "카카오톡", "usage": [0, 1, 2, 3, 5, 6, 10, 11, 14, 15, 23]},
				{"appName": "삼성 인터넷", "usage": [0, 1, 2, 4, 5, 7, 9, 10, 14, 23]},
				{"appName": "YouTube", "usage": [1, 3, 4, 5, 7, 11, 13, 14, 16]},
				{"appName": "Paco", "usage": [3, 4, 5, 7, 8, 9, 12, 14]},
				{"appName": "Facebook", "usage": [2, 5, 8, 11, 14, 15, 16, 23]},
				{"appName": "Polar Beat", "usage": [3, 9, 12, 13, 14, 23]},
				{"appName": "AfreecaTV", "usage": [1, 7, 11, 13, 14, 15]},
				{"appName": "패키지 설치 프로그램", "usage": [3, 11, 12, 15, 23]},
				{"appName": "접근성", "usage": [3, 11, 12, 15, 23]},
				{"appName": "설정", "usage": [3, 11, 12, 15, 23]},
				{"appName": "Logger", "usage": [3, 11, 12, 15, 23]},
				{"appName": "Chrome", "usage": [1, 2, 4, 10, 11]},
				{"appName": "지니 뮤직", "usage": [2, 3, 12]},
				{"appName": "메시지", "usage": [0, 2, 3]},
				{"appName": "네이버 웹툰", "usage": [0, 14, 15]},
				{"appName": "날씨", "usage": [12, 13, 23]},
				{"appName": "Intra", "usage": [2, 10, 11]},
				{"appName": "전화", "usage": [11, 12]},
				{"appName": "시계", "usage": [15, 23]},
				{"appName": "LoL 프렌즈", "usage": [8, 14]},
				{"appName": "컴프야2019", "usage": [23]},
				{"appName": "카카오 T", "usage": [12]},
				{"appName": "카메라", "usage": [12]},
				{"appName": "원터치알림", "usage": [13]},
				{"appName": "시스템 UI", "usage": [2]},
				{"appName": "빅스비 보이스", "usage": [2]},
				{"appName": "네이버 지도", "usage": [8]},
				{"appName": "VpnDialogs", "usage": [2]},
				{"appName": "Twitch", "usage": [11]},
				{"appName": "Samsung Notes", "usage": [1]},
				{"appName": "Google Play 스토어", "usage": [2]}
			]
		},
		"maxTime": {
			"usage": 65,
			"details": [
				{"appName": "AfreecaTV", "usage": 45},
				{"appName": "Chrome", "usage": 44},
				{"appName": "YouTube", "usage": 42},
				{"appName": "Twitch", "usage": 37},
				{"appName": "삼성 인터넷", "usage": 23},
				{"appName": "네이버 웹툰", "usage": 5},
				{"appName": "Samsung Experience 홈", "usage": 3},
				{"appName": "Facebook", "usage": 3},
				{"appName": "카카오톡", "usage": 1},
				{"appName": "전화", "usage": 0},
				{"appName": "Paco", "usage": 0},
				{"appName": "지니 뮤직", "usage": 0},
				{"appName": "날씨", "usage": 0},
				{"appName": "Polar Beat", "usage": 0},
				{"appName": "메시지", "usage": 0},
				{"appName": "Intra", "usage": 0},
				{"appName": "시계", "usage": 0},
				{"appName": "Google Play 스토어", "usage": 0},
				{"appName": "카카오 T", "usage": 0},
				{"appName": "LoL 프렌즈", "usage": 0},
				{"appName": "VpnDialogs", "usage": 0},
				{"appName": "설정", "usage": 0},
				{"appName": "Logger", "usage": 0},
				{"appName": "카메라", "usage": 0},
				{"appName": "빅스비 보이스", "usage": 0},
				{"appName": "Samsung Notes", "usage": 0},
				{"appName": "접근성", "usage": 0},
				{"appName": "시스템 UI", "usage": 0},
				{"appName": "원터치알림", "usage": 0},
				{"appName": "네이버 지도", "usage": 0},
				{"appName": "패키지 설치 프로그램", "usage": 0},
				{"appName": "컴프야2019", "usage": 0}
			]
		},
		"avgTime": {
			"usage": 7,
			"details": [
				{"appName": "Twitch", "usage": 18},
				{"appName": "Chrome", "usage": 13},
				{"appName": "YouTube", "usage": 8},
				{"appName": "AfreecaTV", "usage": 2},
				{"appName": "삼성 인터넷", "usage": 2},
				{"appName": "Facebook", "usage": 0},
				{"appName": "네이버 웹툰", "usage": 0},
				{"appName": "전화", "usage": 0},
				{"appName": "날씨", "usage": 0},
				{"appName": "메시지", "usage": 0},
				{"appName": "Intra", "usage": 0},
				{"appName": "Polar Beat", "usage": 0},
				{"appName": "Paco", "usage": 0},
				{"appName": "Samsung Experience 홈", "usage": 0},
				{"appName": "LoL 프렌즈", "usage": 0},
				{"appName": "VpnDialogs", "usage": 0},
				{"appName": "카카오톡", "usage": 0},
				{"appName": "시계", "usage": 0},
				{"appName": "카메라", "usage": 0},
				{"appName": "지니 뮤직", "usage": 0},
				{"appName": "Google Play 스토어", "usage": 0},
				{"appName": "빅스비 보이스", "usage": 0},
				{"appName": "Samsung Notes", "usage": 0},
				{"appName": "카카오 T", "usage": 0},
				{"appName": "설정", "usage": 0},
				{"appName": "시스템 UI", "usage": 0},
				{"appName": "접근성", "usage": 0},
				{"appName": "원터치알림", "usage": 0},
				{"appName": "Logger", "usage": 0},
				{"appName": "네이버 지도", "usage": 0},
				{"appName": "패키지 설치 프로그램", "usage": 0},
				{"appName": "컴프야2019", "usage": 0}
			]
		},
		"lastPickup": {"time": 0}
	},
	{
		"date": 6,
		"totalTime": {
			"usage": 431,
			"details": [
				{"appName": "YouTube", "usage": 178},
				{"appName": "Facebook", "usage": 123},
				{"appName": "삼성 인터넷", "usage": 24},
				{"appName": "위비톡", "usage": 13},
				{"appName": "Samsung Experience 홈", "usage": 13},
				{"appName": "카카오톡", "usage": 13},
				{"appName": "ABC Logger", "usage": 10},
				{"appName": "AfreecaTV", "usage": 9},
				{"appName": "전화", "usage": 5},
				{"appName": "네이버 웹툰", "usage": 4},
				{"appName": "KLMS", "usage": 4},
				{"appName": "Paco", "usage": 4},
				{"appName": "시계", "usage": 4},
				{"appName": "Messenger", "usage": 2},
				{"appName": "카메라", "usage": 2},
				{"appName": "Polar Beat", "usage": 1},
				{"appName": "Polaris Office", "usage": 1},
				{"appName": "메시지", "usage": 1},
				{"appName": "날씨", "usage": 0},
				{"appName": "갤러리", "usage": 0},
				{"appName": "계산기", "usage": 0},
				{"appName": "LoL 프렌즈", "usage": 0},
				{"appName": "토스", "usage": 0},
				{"appName": "설정", "usage": 0},
				{"appName": "Samsung Notes", "usage": 0},
				{"appName": "Samsung Pay", "usage": 0},
				{"appName": "Logger", "usage": 0},
				{"appName": "원터치알림", "usage": 0},
				{"appName": "접근성", "usage": 0},
				{"appName": "Google Play 서비스", "usage": 0},
				{"appName": "패키지 설치 프로그램", "usage": 0},
				{"appName": "후후-유플러스", "usage": 0},
				{"appName": "컴프야2019", "usage": 0},
				{"appName": "U+ 고객센터", "usage": 0}
			]
		},
		"pickups": {"usage": 185},
		"downTime": {
			"usages": [
				{"hour": 0, "usage": 7},
				{"hour": 1, "usage": 15},
				{"hour": 2, "usage": 28},
				{"hour": 3, "usage": 4},
				{"hour": 4, "usage": 28},
				{"hour": 5, "usage": 12},
				{"hour": 6, "usage": 20},
				{"hour": 7, "usage": 60},
				{"hour": 8, "usage": 50},
				{"hour": 9, "usage": 12},
				{"hour": 10, "usage": 23},
				{"hour": 11, "usage": 54},
				{"hour": 12, "usage": 52},
				{"hour": 13, "usage": 6},
				{"hour": 14, "usage": 0},
				{"hour": 15, "usage": 1},
				{"hour": 16, "usage": 13},
				{"hour": 17, "usage": 31},
				{"hour": 23, "usage": 2}
			],
			"details": [
				{"appName": "Samsung Experience 홈", "usage": [0, 1, 2, 3, 4, 5, 6, 7, 8, 9, 10, 11, 12, 13, 14, 15, 16, 17, 19, 23]},
				{"appName": "카카오톡", "usage": [0, 1, 2, 3, 5, 6, 8, 9, 10, 11, 13, 15, 16, 23]},
				{"appName": "Facebook", "usage": [1, 2, 3, 5, 6, 8, 9, 10, 11, 16, 17, 23]},
				{"appName": "삼성 인터넷", "usage": [0, 1, 2, 8, 9, 10, 13, 16, 17]},
				{"appName": "Paco", "usage": [1, 2, 4, 6, 7, 8, 9, 10, 12]},
				{"appName": "설정", "usage": [4, 9, 10, 15, 17, 23]},
				{"appName": "YouTube", "usage": [4, 6, 7, 8, 11, 12]},
				{"appName": "Polar Beat", "usage": [4, 6, 12, 13, 15, 23]},
				{"appName": "시계", "usage": [4, 5, 16, 17, 23]},
				{"appName": "카메라", "usage": [2, 8, 11, 23]},
				{"appName": "전화", "usage": [2, 8, 9, 14]},
				{"appName": "KLMS", "usage": [0, 2, 9, 10]},
				{"appName": "패키지 설치 프로그램", "usage": [4, 15, 23]},
				{"appName": "접근성", "usage": [4, 15, 23]},
				{"appName": "원터치알림", "usage": [5, 9, 12]},
				{"appName": "메시지", "usage": [1, 5, 6]},
				{"appName": "날씨", "usage": [5, 10, 11]},
				{"appName": "Logger", "usage": [4, 15, 23]},
				{"appName": "컴프야2019", "usage": [9, 23]},
				{"appName": "위비톡", "usage": [0, 4]},
				{"appName": "네이버 웹툰", "usage": [10, 17]},
				{"appName": "Polaris Office", "usage": [0, 2]},
				{"appName": "LoL 프렌즈", "usage": [11, 13]},
				{"appName": "AfreecaTV", "usage": [10, 11]},
				{"appName": "후후-유플러스", "usage": [6]},
				{"appName": "토스", "usage": [5]},
				{"appName": "계산기", "usage": [3]},
				{"appName": "갤러리", "usage": [8]},
				{"appName": "U+ 고객센터", "usage": [19]},
				{"appName": "Samsung Pay", "usage": [9]},
				{"appName": "Samsung Notes", "usage": [1]},
				{"appName": "Messenger", "usage": [2]},
				{"appName": "Google Play 서비스", "usage": [1]},
				{"appName": "ABC Logger", "usage": [6]}
			]
		},
		"maxTime": {
			"usage": 71,
			"details": [
				{"appName": "YouTube", "usage": 48},
				{"appName": "Facebook", "usage": 12},
				{"appName": "ABC Logger", "usage": 10},
				{"appName": "위비톡", "usage": 10},
				{"appName": "AfreecaTV", "usage": 9},
				{"appName": "삼성 인터넷", "usage": 4},
				{"appName": "네이버 웹툰", "usage": 3},
				{"appName": "전화", "usage": 1},
				{"appName": "카메라", "usage": 1},
				{"appName": "시계", "usage": 1},
				{"appName": "Polar Beat", "usage": 1},
				{"appName": "KLMS", "usage": 1},
				{"appName": "Messenger", "usage": 1},
				{"appName": "Samsung Experience 홈", "usage": 1},
				{"appName": "Polaris Office", "usage": 0},
				{"appName": "카카오톡", "usage": 0},
				{"appName": "Paco", "usage": 0},
				{"appName": "메시지", "usage": 0},
				{"appName": "토스", "usage": 0},
				{"appName": "계산기", "usage": 0},
				{"appName": "갤러리", "usage": 0},
				{"appName": "Samsung Notes", "usage": 0},
				{"appName": "LoL 프렌즈", "usage": 0},
				{"appName": "날씨", "usage": 0},
				{"appName": "Samsung Pay", "usage": 0},
				{"appName": "설정", "usage": 0},
				{"appName": "Google Play 서비스", "usage": 0},
				{"appName": "원터치알림", "usage": 0},
				{"appName": "Logger", "usage": 0},
				{"appName": "접근성", "usage": 0},
				{"appName": "후후-유플러스", "usage": 0},
				{"appName": "패키지 설치 프로그램", "usage": 0},
				{"appName": "U+ 고객센터", "usage": 0},
				{"appName": "컴프야2019", "usage": 0}
			]
		},
		"avgTime": {
			"usage": 2,
			"details": [
				{"appName": "YouTube", "usage": 13},
				{"appName": "위비톡", "usage": 3},
				{"appName": "AfreecaTV", "usage": 2},
				{"appName": "ABC Logger", "usage": 2},
				{"appName": "Facebook", "usage": 1},
				{"appName": "삼성 인터넷", "usage": 1},
				{"appName": "Messenger", "usage": 0},
				{"appName": "네이버 웹툰", "usage": 0},
				{"appName": "전화", "usage": 0},
				{"appName": "카메라", "usage": 0},
				{"appName": "Polaris Office", "usage": 0},
				{"appName": "시계", "usage": 0},
				{"appName": "계산기", "usage": 0},
				{"appName": "메시지", "usage": 0},
				{"appName": "Samsung Notes", "usage": 0},
				{"appName": "Polar Beat", "usage": 0},
				{"appName": "갤러리", "usage": 0},
				{"appName": "LoL 프렌즈", "usage": 0},
				{"appName": "토스", "usage": 0},
				{"appName": "KLMS", "usage": 0},
				{"appName": "Paco", "usage": 0},
				{"appName": "날씨", "usage": 0},
				{"appName": "Samsung Experience 홈", "usage": 0},
				{"appName": "Samsung Pay", "usage": 0},
				{"appName": "카카오톡", "usage": 0},
				{"appName": "Google Play 서비스", "usage": 0},
				{"appName": "설정", "usage": 0},
				{"appName": "접근성", "usage": 0},
				{"appName": "원터치알림", "usage": 0},
				{"appName": "Logger", "usage": 0},
				{"appName": "후후-유플러스", "usage": 0},
				{"appName": "패키지 설치 프로그램", "usage": 0},
				{"appName": "U+ 고객센터", "usage": 0},
				{"appName": "컴프야2019", "usage": 0}
			]
		},
		"lastPickup": {"time": 3}
	},
	{
		"date": 7,
		"totalTime": {
			"usage": 767,
			"details": [
				{"appName": "Facebook", "usage": 39},
				{"appName": "YouTube", "usage": 21},
				{"appName": "카카오톡", "usage": 19},
				{"appName": "Dropsync", "usage": 18},
				{"appName": "전화", "usage": 13},
				{"appName": "Samsung Experience 홈", "usage": 13},
				{"appName": "메시지", "usage": 7},
				{"appName": "Paco", "usage": 3},
				{"appName": "삼성 인터넷", "usage": 2},
				{"appName": "Polar Beat", "usage": 0},
				{"appName": "카메라", "usage": 0},
				{"appName": "Samsung Pay", "usage": 0},
				{"appName": "시계", "usage": 0},
				{"appName": "날씨", "usage": 0},
				{"appName": "원터치알림", "usage": 0},
				{"appName": "Logger", "usage": 0},
				{"appName": "설정", "usage": 0},
				{"appName": "ABC Logger", "usage": 0},
				{"appName": "접근성", "usage": 0},
				{"appName": "Google Play 서비스", "usage": 0},
				{"appName": "위비톡", "usage": 0},
				{"appName": "패키지 설치 프로그램", "usage": 0},
				{"appName": "컴프야2019", "usage": 0}
			]
		},
		"pickups": {"usage": 158},
		"downTime": {
			"usages": [
				{"hour": 0, "usage": 7},
				{"hour": 1, "usage": 15},
				{"hour": 2, "usage": 27},
				{"hour": 3, "usage": 10},
				{"hour": 4, "usage": 0},
				{"hour": 5, "usage": 0},
				{"hour": 6, "usage": 24},
				{"hour": 7, "usage": 19},
				{"hour": 8, "usage": 18},
				{"hour": 9, "usage": 5},
				{"hour": 10, "usage": 2},
				{"hour": 11, "usage": 12},
				{"hour": 12, "usage": 12},
				{"hour": 13, "usage": 12},
				{"hour": 14, "usage": 1}
			],
			"details": [
				{"appName": "Samsung Experience 홈", "usage": [0, 1, 2, 3, 4, 5, 6, 7, 8, 9, 10, 11, 12, 13]},
				{"appName": "카카오톡", "usage": [0, 1, 2, 3, 4, 5, 6, 8, 9, 10, 11, 12, 13]},
				{"appName": "Paco", "usage": [1, 2, 3, 5, 6, 8, 9, 10, 11, 12]},
				{"appName": "메시지", "usage": [2, 5, 8, 9, 10, 11, 12, 13]},
				{"appName": "Facebook", "usage": [0, 1, 3, 8, 9, 11, 12, 13]},
				{"appName": "삼성 인터넷", "usage": [0, 1, 8, 12, 13]},
				{"appName": "Polar Beat", "usage": [6, 8, 10, 12]},
				{"appName": "Dropsync", "usage": [2, 3, 6, 8]},
				{"appName": "패키지 설치 프로그램", "usage": [6, 8, 12]},
				{"appName": "전화", "usage": [7, 8, 12]},
				{"appName": "원터치알림", "usage": [2, 10, 13]},
				{"appName": "시계", "usage": [6, 7, 8]},
				{"appName": "Logger", "usage": [6, 8, 12]},
				{"appName": "컴프야2019", "usage": [7, 9]},
				{"appName": "접근성", "usage": [6, 8]},
				{"appName": "설정", "usage": [6, 8]},
				{"appName": "Samsung Pay", "usage": [2, 13]},
				{"appName": "카메라", "usage": [0]},
				{"appName": "위비톡", "usage": [0]},
				{"appName": "날씨", "usage": [12]},
				{"appName": "YouTube", "usage": [6]},
				{"appName": "Google Play 서비스", "usage": [12]},
				{"appName": "ABC Logger", "usage": [2]}
			]
		},
		"maxTime": {
			"usage": 597,
			"details": [
				{"appName": "YouTube", "usage": 14},
				{"appName": "Facebook", "usage": 8},
				{"appName": "Dropsync", "usage": 8},
				{"appName": "전화", "usage": 3},
				{"appName": "Samsung Experience 홈", "usage": 1},
				{"appName": "메시지", "usage": 1},
				{"appName": "카카오톡", "usage": 1},
				{"appName": "삼성 인터넷", "usage": 1},
				{"appName": "카메라", "usage": 0},
				{"appName": "Paco", "usage": 0},
				{"appName": "Samsung Pay", "usage": 0},
				{"appName": "Polar Beat", "usage": 0},
				{"appName": "날씨", "usage": 0},
				{"appName": "원터치알림", "usage": 0},
				{"appName": "시계", "usage": 0},
				{"appName": "ABC Logger", "usage": 0},
				{"appName": "Logger", "usage": 0},
				{"appName": "설정", "usage": 0},
				{"appName": "Google Play 서비스", "usage": 0},
				{"appName": "접근성", "usage": 0},
				{"appName": "위비톡", "usage": 0},
				{"appName": "패키지 설치 프로그램", "usage": 0},
				{"appName": "컴프야2019", "usage": 0}
			]
		},
		"avgTime": {
			"usage": 4,
			"details": [
				{"appName": "YouTube", "usage": 5},
				{"appName": "Dropsync", "usage": 0},
				{"appName": "Facebook", "usage": 0},
				{"appName": "전화", "usage": 0},
				{"appName": "카메라", "usage": 0},
				{"appName": "삼성 인터넷", "usage": 0},
				{"appName": "메시지", "usage": 0},
				{"appName": "날씨", "usage": 0},
				{"appName": "Samsung Pay", "usage": 0},
				{"appName": "Polar Beat", "usage": 0},
				{"appName": "ABC Logger", "usage": 0},
				{"appName": "Samsung Experience 홈", "usage": 0},
				{"appName": "Paco", "usage": 0},
				{"appName": "시계", "usage": 0},
				{"appName": "카카오톡", "usage": 0},
				{"appName": "원터치알림", "usage": 0},
				{"appName": "Google Play 서비스", "usage": 0},
				{"appName": "설정", "usage": 0},
				{"appName": "Logger", "usage": 0},
				{"appName": "접근성", "usage": 0},
				{"appName": "위비톡", "usage": 0},
				{"appName": "패키지 설치 프로그램", "usage": 0},
				{"appName": "컴프야2019", "usage": 0}
			]
		},
		"lastPickup": {"time": 597}
	}
]
