[
	{
		"date": 1,
		"totalTime": {
			"usage": 685,
			"details": [
				{"appName": "카카오톡", "usage": 191},
				{"appName": "YouTube", "usage": 130},
				{"appName": "오늘의집", "usage": 87},
				{"appName": "Paco", "usage": 62},
				{"appName": "쿠팡", "usage": 42},
				{"appName": "Chrome", "usage": 35},
				{"appName": "네이버TV", "usage": 25},
				{"appName": "후후", "usage": 22},
				{"appName": "Pinterest", "usage": 15},
				{"appName": "기본홈", "usage": 14},
				{"appName": "직방", "usage": 13},
				{"appName": "캘린더", "usage": 9},
				{"appName": "네이버 웹툰", "usage": 4},
				{"appName": "Polar Beat", "usage": 3},
				{"appName": "네이버 지도", "usage": 3},
				{"appName": "프레젠테이션", "usage": 3},
				{"appName": "동영상", "usage": 1},
				{"appName": "갤러리", "usage": 1},
				{"appName": "카메라", "usage": 1},
				{"appName": "알람/시계", "usage": 0},
				{"appName": "원터치알림", "usage": 0},
				{"appName": "Google Play 스토어", "usage": 0},
				{"appName": "시스템 UI", "usage": 0},
				{"appName": "메시지", "usage": 0},
				{"appName": "날씨", "usage": 0},
				{"appName": "LG 페이", "usage": 0},
				{"appName": "The Day Before", "usage": 0},
				{"appName": "Logger", "usage": 0},
				{"appName": "ABC Logger", "usage": 0},
				{"appName": "Bluetooth", "usage": 0},
				{"appName": "주소록", "usage": 0},
				{"appName": "접근성", "usage": 0},
				{"appName": "Dropsync", "usage": 0},
				{"appName": "패키지 설치 프로그램", "usage": 0},
				{"appName": "Always-on display", "usage": 0},
				{"appName": "통화 관리", "usage": 0}
			]
		},
		"pickups": {"usage": 99},
		"downTime": {
			"usages": [
				{"hour": 0, "usage": 9},
				{"hour": 1, "usage": 31},
				{"hour": 2, "usage": 18},
				{"hour": 3, "usage": 16},
				{"hour": 4, "usage": 7},
				{"hour": 5, "usage": 54},
				{"hour": 6, "usage": 52},
				{"hour": 7, "usage": 9},
				{"hour": 8, "usage": 6},
				{"hour": 9, "usage": 12},
				{"hour": 10, "usage": 10},
				{"hour": 11, "usage": 2},
				{"hour": 12, "usage": 26},
				{"hour": 13, "usage": 60},
				{"hour": 14, "usage": 60},
				{"hour": 15, "usage": 45},
				{"hour": 16, "usage": 39},
				{"hour": 17, "usage": 23},
				{"hour": 18, "usage": 58},
				{"hour": 19, "usage": 51},
				{"hour": 20, "usage": 54},
				{"hour": 21, "usage": 30},
				{"hour": 23, "usage": 1}
			],
			"details": [
				{"appName": "카카오톡", "usage": [0, 1, 2, 4, 5, 6, 7, 8, 9, 10, 11, 12, 13, 14, 15, 16, 17, 19, 20, 21]},
				{"appName": "기본홈", "usage": [0, 1, 2, 3, 4, 5, 7, 8, 9, 10, 12, 13, 14, 15, 16, 17, 18, 19, 20, 21]},
				{"appName": "시스템 UI", "usage": [0, 1, 2, 4, 5, 12, 13, 15, 16, 18, 19, 20, 21]},
				{"appName": "Paco", "usage": [2, 4, 5, 7, 8, 9, 12, 13, 14, 15, 16]},
				{"appName": "후후", "usage": [3, 5, 6, 12, 13, 14, 19]},
				{"appName": "오늘의집", "usage": [2, 3, 17, 18, 19, 20, 21]},
				{"appName": "YouTube", "usage": [1, 5, 6, 8, 19]},
				{"appName": "Chrome", "usage": [1, 18, 19, 20, 21]},
				{"appName": "패키지 설치 프로그램", "usage": [1, 8, 16, 19]},
				{"appName": "캘린더", "usage": [0, 1, 2, 15]},
				{"appName": "Polar Beat", "usage": [1, 5, 9, 16]},
				{"appName": "Logger", "usage": [1, 8, 16, 19]},
				{"appName": "카메라", "usage": [4, 10]},
				{"appName": "접근성", "usage": [1, 8]},
				{"appName": "원터치알림", "usage": [0, 10]},
				{"appName": "메시지", "usage": [1, 13]},
				{"appName": "네이버TV", "usage": [19, 21]},
				{"appName": "네이버 지도", "usage": [9, 10]},
				{"appName": "갤러리", "usage": [2, 10]},
				{"appName": "Pinterest", "usage": [21, 23]},
				{"appName": "LG 페이", "usage": [10, 19]},
				{"appName": "Always-on display", "usage": [9, 10]},
				{"appName": "프레젠테이션", "usage": [1]},
				{"appName": "통화 관리", "usage": [5]},
				{"appName": "쿠팡", "usage": [18]},
				{"appName": "직방", "usage": [20]},
				{"appName": "주소록", "usage": [5]},
				{"appName": "알람/시계", "usage": [23]},
				{"appName": "동영상", "usage": [2]},
				{"appName": "네이버 웹툰", "usage": [0]},
				{"appName": "날씨", "usage": [0]},
				{"appName": "The Day Before", "usage": [16]},
				{"appName": "Google Play 스토어", "usage": [2]},
				{"appName": "Dropsync", "usage": [12]},
				{"appName": "Bluetooth", "usage": [1]},
				{"appName": "ABC Logger", "usage": [19]}
			]
		},
		"maxTime": {
			"usage": 149,
			"details": [
				{"appName": "YouTube", "usage": 41},
				{"appName": "Paco", "usage": 37},
				{"appName": "카카오톡", "usage": 29},
				{"appName": "오늘의집", "usage": 20},
				{"appName": "Pinterest", "usage": 15},
				{"appName": "네이버TV", "usage": 13},
				{"appName": "Chrome", "usage": 11},
				{"appName": "직방", "usage": 11},
				{"appName": "후후", "usage": 8},
				{"appName": "네이버 웹툰", "usage": 4},
				{"appName": "캘린더", "usage": 3},
				{"appName": "기본홈", "usage": 2},
				{"appName": "동영상", "usage": 1},
				{"appName": "쿠팡", "usage": 1},
				{"appName": "프레젠테이션", "usage": 1},
				{"appName": "네이버 지도", "usage": 1},
				{"appName": "Polar Beat", "usage": 0},
				{"appName": "갤러리", "usage": 0},
				{"appName": "알람/시계", "usage": 0},
				{"appName": "카메라", "usage": 0},
				{"appName": "원터치알림", "usage": 0},
				{"appName": "Google Play 스토어", "usage": 0},
				{"appName": "날씨", "usage": 0},
				{"appName": "LG 페이", "usage": 0},
				{"appName": "The Day Before", "usage": 0},
				{"appName": "ABC Logger", "usage": 0},
				{"appName": "Bluetooth", "usage": 0},
				{"appName": "메시지", "usage": 0},
				{"appName": "Dropsync", "usage": 0},
				{"appName": "접근성", "usage": 0},
				{"appName": "시스템 UI", "usage": 0},
				{"appName": "Logger", "usage": 0},
				{"appName": "주소록", "usage": 0},
				{"appName": "패키지 설치 프로그램", "usage": 0},
				{"appName": "Always-on display", "usage": 0},
				{"appName": "통화 관리", "usage": 0}
			]
		},
		"avgTime": {
			"usage": 6,
			"details": [
				{"appName": "YouTube", "usage": 10},
				{"appName": "직방", "usage": 6},
				{"appName": "네이버TV", "usage": 6},
				{"appName": "Chrome", "usage": 3},
				{"appName": "후후", "usage": 2},
				{"appName": "동영상", "usage": 1},
				{"appName": "Pinterest", "usage": 1},
				{"appName": "Paco", "usage": 1},
				{"appName": "캘린더", "usage": 1},
				{"appName": "네이버 웹툰", "usage": 0},
				{"appName": "카카오톡", "usage": 0},
				{"appName": "프레젠테이션", "usage": 0},
				{"appName": "오늘의집", "usage": 0},
				{"appName": "갤러리", "usage": 0},
				{"appName": "날씨", "usage": 0},
				{"appName": "네이버 지도", "usage": 0},
				{"appName": "카메라", "usage": 0},
				{"appName": "Bluetooth", "usage": 0},
				{"appName": "Polar Beat", "usage": 0},
				{"appName": "쿠팡", "usage": 0},
				{"appName": "Dropsync", "usage": 0},
				{"appName": "기본홈", "usage": 0},
				{"appName": "원터치알림", "usage": 0},
				{"appName": "LG 페이", "usage": 0},
				{"appName": "The Day Before", "usage": 0},
				{"appName": "ABC Logger", "usage": 0},
				{"appName": "메시지", "usage": 0},
				{"appName": "알람/시계", "usage": 0},
				{"appName": "Google Play 스토어", "usage": 0},
				{"appName": "접근성", "usage": 0},
				{"appName": "시스템 UI", "usage": 0},
				{"appName": "주소록", "usage": 0},
				{"appName": "Logger", "usage": 0},
				{"appName": "패키지 설치 프로그램", "usage": 0},
				{"appName": "Always-on display", "usage": 0},
				{"appName": "통화 관리", "usage": 0}
			]
		},
		"lastPickup": {"time": 0}
	},
	{
		"date": 2,
		"totalTime": {
			"usage": 403,
			"details": [
				{"appName": "YouTube", "usage": 129},
				{"appName": "카카오톡", "usage": 77},
				{"appName": "네이버 웹툰", "usage": 38},
				{"appName": "쿠팡", "usage": 21},
				{"appName": "기본홈", "usage": 21},
				{"appName": "오늘의집", "usage": 19},
				{"appName": "Polar Beat", "usage": 14},
				{"appName": "후후", "usage": 10},
				{"appName": "Chrome", "usage": 8},
				{"appName": "Paco", "usage": 6},
				{"appName": "토스", "usage": 6},
				{"appName": "Google", "usage": 6},
				{"appName": "네이버TV", "usage": 5},
				{"appName": "해먹남녀", "usage": 4},
				{"appName": "메시지", "usage": 3},
				{"appName": "만개의 레시피", "usage": 3},
				{"appName": "LG 페이", "usage": 2},
				{"appName": "카메라", "usage": 2},
				{"appName": "알람/시계", "usage": 1},
				{"appName": "Gmail", "usage": 1},
				{"appName": "날씨", "usage": 1},
				{"appName": "Google Play 스토어", "usage": 1},
				{"appName": "ABC Logger", "usage": 0},
				{"appName": "시스템 UI", "usage": 0},
				{"appName": "Bluetooth", "usage": 0},
				{"appName": "번호안내 서비스", "usage": 0},
				{"appName": "Google Play 서비스", "usage": 0},
				{"appName": "네이버 지도", "usage": 0},
				{"appName": "U+Box (클라우드)", "usage": 0},
				{"appName": "캘린더", "usage": 0},
				{"appName": "NAVER", "usage": 0},
				{"appName": "주소록", "usage": 0},
				{"appName": "직방", "usage": 0},
				{"appName": "접근성", "usage": 0},
				{"appName": "원터치알림", "usage": 0},
				{"appName": "Android 시스템", "usage": 0},
				{"appName": "Pinterest", "usage": 0},
				{"appName": "Logger", "usage": 0},
				{"appName": "Dropsync", "usage": 0},
				{"appName": "패키지 설치 프로그램", "usage": 0},
				{"appName": "벽돌깨기 퍼즐", "usage": 0},
				{"appName": "통화 관리", "usage": 0}
			]
		},
		"pickups": {"usage": 91},
		"downTime": {
			"usages": [
				{"hour": 0, "usage": 1},
				{"hour": 1, "usage": 7},
				{"hour": 3, "usage": 23},
				{"hour": 4, "usage": 12},
				{"hour": 5, "usage": 15},
				{"hour": 6, "usage": 23},
				{"hour": 7, "usage": 11},
				{"hour": 8, "usage": 28},
				{"hour": 9, "usage": 25},
				{"hour": 10, "usage": 7},
				{"hour": 11, "usage": 22},
				{"hour": 12, "usage": 60},
				{"hour": 13, "usage": 60},
				{"hour": 14, "usage": 54},
				{"hour": 15, "usage": 29},
				{"hour": 16, "usage": 10},
				{"hour": 17, "usage": 0},
				{"hour": 18, "usage": 4},
				{"hour": 19, "usage": 0},
				{"hour": 23, "usage": 2}
			],
			"details": [
				{"appName": "기본홈", "usage": [1, 3, 4, 5, 6, 7, 8, 9, 10, 11, 12, 13, 14, 15, 16, 17, 18, 19, 23]},
				{"appName": "카카오톡", "usage": [1, 3, 5, 6, 7, 8, 9, 10, 11, 13, 14, 15, 16, 19, 23]},
				{"appName": "Paco", "usage": [3, 5, 6, 7, 8, 9, 10, 11, 12, 14]},
				{"appName": "시스템 UI", "usage": [3, 4, 6, 7, 8, 9, 13, 14, 15]},
				{"appName": "Chrome", "usage": [3, 4, 6, 7, 8, 10, 12, 14]},
				{"appName": "네이버 웹툰", "usage": [1, 3, 10, 11, 13, 14]},
				{"appName": "후후", "usage": [3, 8, 9, 16, 18]},
				{"appName": "쿠팡", "usage": [4, 6, 7, 8, 9]},
				{"appName": "YouTube", "usage": [11, 12, 13, 14]},
				{"appName": "Polar Beat", "usage": [3, 4, 6, 15]},
				{"appName": "LG 페이", "usage": [1, 6, 9, 10]},
				{"appName": "접근성", "usage": [3, 14, 15]},
				{"appName": "오늘의집", "usage": [4, 5, 6]},
				{"appName": "알람/시계", "usage": [0, 1, 23]},
				{"appName": "ABC Logger", "usage": [8, 14, 15]},
				{"appName": "해먹남녀", "usage": [8, 9]},
				{"appName": "패키지 설치 프로그램", "usage": [3, 4]},
				{"appName": "통화 관리", "usage": [3, 9]},
				{"appName": "카메라", "usage": [10, 11]},
				{"appName": "원터치알림", "usage": [9, 10]},
				{"appName": "만개의 레시피", "usage": [8, 9]},
				{"appName": "네이버TV", "usage": [16, 17]},
				{"appName": "Pinterest", "usage": [0, 1]},
				{"appName": "Logger", "usage": [3, 15]},
				{"appName": "Google Play 서비스", "usage": [4, 8]},
				{"appName": "Gmail", "usage": [11, 12]},
				{"appName": "Bluetooth", "usage": [3, 14]},
				{"appName": "Android 시스템", "usage": [7, 8]},
				{"appName": "토스", "usage": [3]},
				{"appName": "캘린더", "usage": [8]},
				{"appName": "직방", "usage": [5]},
				{"appName": "주소록", "usage": [9]},
				{"appName": "벽돌깨기 퍼즐", "usage": [13]},
				{"appName": "번호안내 서비스", "usage": [9]},
				{"appName": "메시지", "usage": [8]},
				{"appName": "네이버 지도", "usage": [3]},
				{"appName": "날씨", "usage": [3]},
				{"appName": "U+Box (클라우드)", "usage": [4]},
				{"appName": "NAVER", "usage": [8]},
				{"appName": "Google Play 스토어", "usage": [8]},
				{"appName": "Google", "usage": [6]},
				{"appName": "Dropsync", "usage": [14]}
			]
		},
		"maxTime": {
			"usage": 187,
			"details": [
				{"appName": "YouTube", "usage": 44},
				{"appName": "Polar Beat", "usage": 11},
				{"appName": "네이버 웹툰", "usage": 8},
				{"appName": "카카오톡", "usage": 5},
				{"appName": "기본홈", "usage": 5},
				{"appName": "쿠팡", "usage": 5},
				{"appName": "후후", "usage": 4},
				{"appName": "Google", "usage": 3},
				{"appName": "네이버TV", "usage": 3},
				{"appName": "Chrome", "usage": 2},
				{"appName": "카메라", "usage": 2},
				{"appName": "토스", "usage": 1},
				{"appName": "해먹남녀", "usage": 1},
				{"appName": "날씨", "usage": 1},
				{"appName": "오늘의집", "usage": 1},
				{"appName": "Paco", "usage": 1},
				{"appName": "만개의 레시피", "usage": 1},
				{"appName": "메시지", "usage": 0},
				{"appName": "Gmail", "usage": 0},
				{"appName": "LG 페이", "usage": 0},
				{"appName": "알람/시계", "usage": 0},
				{"appName": "Bluetooth", "usage": 0},
				{"appName": "번호안내 서비스", "usage": 0},
				{"appName": "Google Play 스토어", "usage": 0},
				{"appName": "ABC Logger", "usage": 0},
				{"appName": "네이버 지도", "usage": 0},
				{"appName": "U+Box (클라우드)", "usage": 0},
				{"appName": "직방", "usage": 0},
				{"appName": "주소록", "usage": 0},
				{"appName": "시스템 UI", "usage": 0},
				{"appName": "Pinterest", "usage": 0},
				{"appName": "Google Play 서비스", "usage": 0},
				{"appName": "NAVER", "usage": 0},
				{"appName": "캘린더", "usage": 0},
				{"appName": "Android 시스템", "usage": 0},
				{"appName": "접근성", "usage": 0},
				{"appName": "Dropsync", "usage": 0},
				{"appName": "원터치알림", "usage": 0},
				{"appName": "Logger", "usage": 0},
				{"appName": "패키지 설치 프로그램", "usage": 0},
				{"appName": "벽돌깨기 퍼즐", "usage": 0},
				{"appName": "통화 관리", "usage": 0}
			]
		},
		"avgTime": {
			"usage": 4,
			"details": [
				{"appName": "YouTube", "usage": 16},
				{"appName": "Polar Beat", "usage": 1},
				{"appName": "Google", "usage": 1},
				{"appName": "날씨", "usage": 1},
				{"appName": "네이버TV", "usage": 0},
				{"appName": "후후", "usage": 0},
				{"appName": "네이버 웹툰", "usage": 0},
				{"appName": "Bluetooth", "usage": 0},
				{"appName": "쿠팡", "usage": 0},
				{"appName": "Gmail", "usage": 0},
				{"appName": "카메라", "usage": 0},
				{"appName": "메시지", "usage": 0},
				{"appName": "LG 페이", "usage": 0},
				{"appName": "해먹남녀", "usage": 0},
				{"appName": "Chrome", "usage": 0},
				{"appName": "오늘의집", "usage": 0},
				{"appName": "토스", "usage": 0},
				{"appName": "기본홈", "usage": 0},
				{"appName": "직방", "usage": 0},
				{"appName": "만개의 레시피", "usage": 0},
				{"appName": "카카오톡", "usage": 0},
				{"appName": "번호안내 서비스", "usage": 0},
				{"appName": "Paco", "usage": 0},
				{"appName": "네이버 지도", "usage": 0},
				{"appName": "U+Box (클라우드)", "usage": 0},
				{"appName": "주소록", "usage": 0},
				{"appName": "ABC Logger", "usage": 0},
				{"appName": "Dropsync", "usage": 0},
				{"appName": "Google Play 스토어", "usage": 0},
				{"appName": "NAVER", "usage": 0},
				{"appName": "Android 시스템", "usage": 0},
				{"appName": "접근성", "usage": 0},
				{"appName": "알람/시계", "usage": 0},
				{"appName": "캘린더", "usage": 0},
				{"appName": "원터치알림", "usage": 0},
				{"appName": "Google Play 서비스", "usage": 0},
				{"appName": "시스템 UI", "usage": 0},
				{"appName": "Logger", "usage": 0},
				{"appName": "벽돌깨기 퍼즐", "usage": 0},
				{"appName": "패키지 설치 프로그램", "usage": 0},
				{"appName": "Pinterest", "usage": 0},
				{"appName": "통화 관리", "usage": 0}
			]
		},
		"lastPickup": {"time": 0}
	},
	{
		"date": 3,
		"totalTime": {
			"usage": 342,
			"details": [
				{"appName": "카카오톡", "usage": 63},
				{"appName": "기본홈", "usage": 41},
				{"appName": "오늘의집", "usage": 36},
				{"appName": "YouTube", "usage": 31},
				{"appName": "벽돌깨기 퍼즐", "usage": 28},
				{"appName": "Pinterest", "usage": 16},
				{"appName": "Netflix", "usage": 15},
				{"appName": "후후", "usage": 13},
				{"appName": "Paco", "usage": 11},
				{"appName": "Polar Beat", "usage": 10},
				{"appName": "뱅크샐러드", "usage": 9},
				{"appName": "Chrome", "usage": 9},
				{"appName": "네이버 웹툰", "usage": 6},
				{"appName": "Amazon Kindle", "usage": 6},
				{"appName": "ABC Logger", "usage": 5},
				{"appName": "캘린더", "usage": 5},
				{"appName": "카메라", "usage": 3},
				{"appName": "알람/시계", "usage": 3},
				{"appName": "Gmail", "usage": 3},
				{"appName": "Google", "usage": 2},
				{"appName": "LG 페이", "usage": 2},
				{"appName": "Messenger", "usage": 1},
				{"appName": "시스템 UI", "usage": 0},
				{"appName": "U+멤버스", "usage": 0},
				{"appName": "해먹남녀", "usage": 0},
				{"appName": "BAND", "usage": 0},
				{"appName": "번호안내 서비스", "usage": 0},
				{"appName": "접근성", "usage": 0},
				{"appName": "", "usage": 0},
				{"appName": "보이스 케어", "usage": 0},
				{"appName": "패키지 설치 프로그램", "usage": 0},
				{"appName": "Bluetooth", "usage": 0},
				{"appName": "날씨", "usage": 0},
				{"appName": "원터치알림", "usage": 0},
				{"appName": "설정", "usage": 0},
				{"appName": "주소록", "usage": 0},
				{"appName": "쿠팡", "usage": 0},
				{"appName": "카카오페이지", "usage": 0},
				{"appName": "Dropsync", "usage": 0},
				{"appName": "Logger", "usage": 0},
				{"appName": "통화 관리", "usage": 0}
			]
		},
		"pickups": {"usage": 120},
		"downTime": {
			"usages": [
				{"hour": 0, "usage": 15},
				{"hour": 1, "usage": 18},
				{"hour": 2, "usage": 34},
				{"hour": 3, "usage": 3},
				{"hour": 4, "usage": 19},
				{"hour": 5, "usage": 2},
				{"hour": 6, "usage": 32},
				{"hour": 7, "usage": 46},
				{"hour": 8, "usage": 7},
				{"hour": 9, "usage": 30},
				{"hour": 10, "usage": 14},
				{"hour": 11, "usage": 21},
				{"hour": 12, "usage": 16},
				{"hour": 13, "usage": 6},
				{"hour": 15, "usage": 32},
				{"hour": 16, "usage": 16},
				{"hour": 17, "usage": 22},
				{"hour": 23, "usage": 0}
			],
			"details": [
				{"appName": "카카오톡", "usage": [1, 4, 5, 6, 7, 8, 9, 10, 11, 12, 13, 15, 17, 23]},
				{"appName": "기본홈", "usage": [1, 2, 5, 6, 7, 8, 9, 10, 11, 12, 13, 15, 16, 17]},
				{"appName": "Paco", "usage": [5, 6, 8, 9, 11, 12, 13, 15, 16]},
				{"appName": "오늘의집", "usage": [2, 3, 4, 7]},
				{"appName": "시스템 UI", "usage": [1, 2, 6, 10]},
				{"appName": "LG 페이", "usage": [7, 8, 9, 10]},
				{"appName": "후후", "usage": [4, 9, 12]},
				{"appName": "패키지 설치 프로그램", "usage": [1, 6, 9]},
				{"appName": "원터치알림", "usage": [8, 9, 10]},
				{"appName": "벽돌깨기 퍼즐", "usage": [2, 16, 17]},
				{"appName": "뱅크샐러드", "usage": [0, 1, 6]},
				{"appName": "Polar Beat", "usage": [1, 15, 16]},
				{"appName": "Chrome", "usage": [1, 6, 7]},
				{"appName": "쿠팡", "usage": [2, 7]},
				{"appName": "카메라", "usage": [8, 12]},
				{"appName": "접근성", "usage": [1, 9]},
				{"appName": "알람/시계", "usage": [0, 23]},
				{"appName": "YouTube", "usage": [10, 15]},
				{"appName": "U+멤버스", "usage": [9, 10]},
				{"appName": "Pinterest", "usage": [7, 8]},
				{"appName": "Logger", "usage": [1, 9]},
				{"appName": "Bluetooth", "usage": [1, 16]},
				{"appName": "ABC Logger", "usage": [9, 16]},
				{"appName": "해먹남녀", "usage": [9]},
				{"appName": "통화 관리", "usage": [9]},
				{"appName": "캘린더", "usage": [11]},
				{"appName": "카카오페이지", "usage": [7]},
				{"appName": "주소록", "usage": [9]},
				{"appName": "설정", "usage": [6]},
				{"appName": "보이스 케어", "usage": [0]},
				{"appName": "번호안내 서비스", "usage": [9]},
				{"appName": "네이버 웹툰", "usage": [15]},
				{"appName": "날씨", "usage": [12]},
				{"appName": "Netflix", "usage": [9]},
				{"appName": "Messenger", "usage": [7]},
				{"appName": "Google", "usage": [7]},
				{"appName": "Gmail", "usage": [0]},
				{"appName": "Dropsync", "usage": [12]},
				{"appName": "BAND", "usage": [5]},
				{"appName": "Amazon Kindle", "usage": [12]},
				{"appName": "", "usage": [6]}
			]
		},
		"maxTime": {
			"usage": 32,
			"details": [
				{"appName": "YouTube", "usage": 20},
				{"appName": "벽돌깨기 퍼즐", "usage": 16},
				{"appName": "Pinterest", "usage": 16},
				{"appName": "Netflix", "usage": 15},
				{"appName": "오늘의집", "usage": 13},
				{"appName": "후후", "usage": 12},
				{"appName": "기본홈", "usage": 8},
				{"appName": "뱅크샐러드", "usage": 6},
				{"appName": "Amazon Kindle", "usage": 5},
				{"appName": "카카오톡", "usage": 5},
				{"appName": "ABC Logger", "usage": 5},
				{"appName": "Paco", "usage": 5},
				{"appName": "캘린더", "usage": 4},
				{"appName": "Polar Beat", "usage": 3},
				{"appName": "Gmail", "usage": 3},
				{"appName": "네이버 웹툰", "usage": 3},
				{"appName": "카메라", "usage": 2},
				{"appName": "Chrome", "usage": 1},
				{"appName": "Messenger", "usage": 1},
				{"appName": "Google", "usage": 1},
				{"appName": "알람/시계", "usage": 0},
				{"appName": "시스템 UI", "usage": 0},
				{"appName": "해먹남녀", "usage": 0},
				{"appName": "LG 페이", "usage": 0},
				{"appName": "번호안내 서비스", "usage": 0},
				{"appName": "접근성", "usage": 0},
				{"appName": "", "usage": 0},
				{"appName": "보이스 케어", "usage": 0},
				{"appName": "BAND", "usage": 0},
				{"appName": "U+멤버스", "usage": 0},
				{"appName": "날씨", "usage": 0},
				{"appName": "원터치알림", "usage": 0},
				{"appName": "Bluetooth", "usage": 0},
				{"appName": "Dropsync", "usage": 0},
				{"appName": "주소록", "usage": 0},
				{"appName": "패키지 설치 프로그램", "usage": 0},
				{"appName": "쿠팡", "usage": 0},
				{"appName": "설정", "usage": 0},
				{"appName": "카카오페이지", "usage": 0},
				{"appName": "Logger", "usage": 0},
				{"appName": "통화 관리", "usage": 0}
			]
		},
		"avgTime": {
			"usage": 2,
			"details": [
				{"appName": "YouTube", "usage": 10},
				{"appName": "Pinterest", "usage": 5},
				{"appName": "Gmail", "usage": 3},
				{"appName": "벽돌깨기 퍼즐", "usage": 3},
				{"appName": "Amazon Kindle", "usage": 3},
				{"appName": "Netflix", "usage": 2},
				{"appName": "후후", "usage": 1},
				{"appName": "Messenger", "usage": 1},
				{"appName": "ABC Logger", "usage": 1},
				{"appName": "캘린더", "usage": 1},
				{"appName": "오늘의집", "usage": 0},
				{"appName": "Chrome", "usage": 0},
				{"appName": "Polar Beat", "usage": 0},
				{"appName": "Google", "usage": 0},
				{"appName": "카메라", "usage": 0},
				{"appName": "네이버 웹툰", "usage": 0},
				{"appName": "뱅크샐러드", "usage": 0},
				{"appName": "해먹남녀", "usage": 0},
				{"appName": "기본홈", "usage": 0},
				{"appName": "LG 페이", "usage": 0},
				{"appName": "Paco", "usage": 0},
				{"appName": "카카오톡", "usage": 0},
				{"appName": "날씨", "usage": 0},
				{"appName": "접근성", "usage": 0},
				{"appName": "BAND", "usage": 0},
				{"appName": "", "usage": 0},
				{"appName": "Dropsync", "usage": 0},
				{"appName": "번호안내 서비스", "usage": 0},
				{"appName": "U+멤버스", "usage": 0},
				{"appName": "보이스 케어", "usage": 0},
				{"appName": "시스템 UI", "usage": 0},
				{"appName": "알람/시계", "usage": 0},
				{"appName": "주소록", "usage": 0},
				{"appName": "원터치알림", "usage": 0},
				{"appName": "Bluetooth", "usage": 0},
				{"appName": "쿠팡", "usage": 0},
				{"appName": "카카오페이지", "usage": 0},
				{"appName": "패키지 설치 프로그램", "usage": 0},
				{"appName": "설정", "usage": 0},
				{"appName": "Logger", "usage": 0},
				{"appName": "통화 관리", "usage": 0}
			]
		},
		"lastPickup": {"time": 0}
	},
	{
		"date": 4,
		"totalTime": {
			"usage": 486,
			"details": [
				{"appName": "카카오톡", "usage": 129},
				{"appName": "쿠팡", "usage": 87},
				{"appName": "YouTube", "usage": 44},
				{"appName": "벽돌깨기 퍼즐", "usage": 37},
				{"appName": "Polar Beat", "usage": 31},
				{"appName": "기본홈", "usage": 31},
				{"appName": "오늘의집", "usage": 23},
				{"appName": "Paco", "usage": 17},
				{"appName": "카메라", "usage": 13},
				{"appName": "Pinterest", "usage": 12},
				{"appName": "헬로마켓", "usage": 10},
				{"appName": "Chrome", "usage": 9},
				{"appName": "CNCITY에너지", "usage": 6},
				{"appName": "후후", "usage": 3},
				{"appName": "Google Play 게임", "usage": 3},
				{"appName": "Bluetooth", "usage": 3},
				{"appName": "NAVER", "usage": 1},
				{"appName": "동영상", "usage": 1},
				{"appName": "토스", "usage": 1},
				{"appName": "알람/시계", "usage": 1},
				{"appName": "갤러리", "usage": 1},
				{"appName": "Google Play 스토어", "usage": 1},
				{"appName": "The Day Before", "usage": 0},
				{"appName": "시스템 UI", "usage": 0},
				{"appName": "오목", "usage": 0},
				{"appName": "캘린더", "usage": 0},
				{"appName": "Q메모+", "usage": 0},
				{"appName": "LG 페이", "usage": 0},
				{"appName": "네이버 웹툰", "usage": 0},
				{"appName": "Shutdown Monitor", "usage": 0},
				{"appName": "ABC Logger", "usage": 0},
				{"appName": "원터치알림", "usage": 0},
				{"appName": "Dropsync", "usage": 0},
				{"appName": "Logger", "usage": 0},
				{"appName": "주소록", "usage": 0},
				{"appName": "메시지", "usage": 0},
				{"appName": "설정", "usage": 0},
				{"appName": "네트워크", "usage": 0},
				{"appName": "Google Play 서비스", "usage": 0},
				{"appName": "접근성", "usage": 0},
				{"appName": "Wi-Fi", "usage": 0},
				{"appName": "Android 시스템", "usage": 0},
				{"appName": "패키지 설치 프로그램", "usage": 0},
				{"appName": "통화 관리", "usage": 0}
			]
		},
		"pickups": {"usage": 106},
		"downTime": {
			"usages": [
				{"hour": 1, "usage": 41},
				{"hour": 2, "usage": 35},
				{"hour": 3, "usage": 36},
				{"hour": 4, "usage": 13},
				{"hour": 5, "usage": 15},
				{"hour": 6, "usage": 41},
				{"hour": 7, "usage": 16},
				{"hour": 8, "usage": 41},
				{"hour": 9, "usage": 27},
				{"hour": 10, "usage": 42},
				{"hour": 11, "usage": 9},
				{"hour": 12, "usage": 21},
				{"hour": 13, "usage": 9},
				{"hour": 14, "usage": 1},
				{"hour": 15, "usage": 19},
				{"hour": 16, "usage": 3},
				{"hour": 17, "usage": 42},
				{"hour": 18, "usage": 5},
				{"hour": 19, "usage": 45},
				{"hour": 20, "usage": 15},
				{"hour": 23, "usage": 0}
			],
			"details": [
				{"appName": "기본홈", "usage": [1, 2, 3, 4, 5, 6, 7, 8, 9, 10, 11, 12, 13, 14, 15, 16, 17, 18, 19]},
				{"appName": "카카오톡", "usage": [1, 2, 3, 4, 5, 6, 9, 10, 11, 12, 14, 15, 16, 17, 18]},
				{"appName": "Paco", "usage": [4, 5, 6, 7, 9, 11, 12, 13, 14, 16, 17]},
				{"appName": "시스템 UI", "usage": [1, 2, 3, 5, 9, 10, 12, 18]},
				{"appName": "쿠팡", "usage": [1, 2, 10, 12, 19, 20, 23]},
				{"appName": "Polar Beat", "usage": [5, 7, 14, 15, 16, 17]},
				{"appName": "카메라", "usage": [3, 4, 14, 15, 19]},
				{"appName": "오늘의집", "usage": [1, 2, 7, 9, 10]},
				{"appName": "후후", "usage": [1, 3, 8, 9]},
				{"appName": "Dropsync", "usage": [5, 6, 13, 18]},
				{"appName": "Chrome", "usage": [1, 2, 9, 10]},
				{"appName": "원터치알림", "usage": [3, 9, 16]},
				{"appName": "벽돌깨기 퍼즐", "usage": [8, 9, 18]},
				{"appName": "YouTube", "usage": [1, 6, 7]},
				{"appName": "The Day Before", "usage": [2, 3, 10]},
				{"appName": "Google Play 스토어", "usage": [2, 10, 12]},
				{"appName": "ABC Logger", "usage": [5, 11, 12]},
				{"appName": "헬로마켓", "usage": [7, 8]},
				{"appName": "패키지 설치 프로그램", "usage": [2, 5]},
				{"appName": "통화 관리", "usage": [3, 9]},
				{"appName": "알람/시계", "usage": [6, 23]},
				{"appName": "설정", "usage": [3, 11]},
				{"appName": "갤러리", "usage": [2, 9]},
				{"appName": "Pinterest", "usage": [6, 12]},
				{"appName": "NAVER", "usage": [9, 10]},
				{"appName": "Logger", "usage": [5, 6]},
				{"appName": "LG 페이", "usage": [6, 9]},
				{"appName": "CNCITY에너지", "usage": [2, 12]},
				{"appName": "토스", "usage": [3]},
				{"appName": "캘린더", "usage": [10]},
				{"appName": "주소록", "usage": [9]},
				{"appName": "접근성", "usage": [5]},
				{"appName": "오목", "usage": [9]},
				{"appName": "메시지", "usage": [2]},
				{"appName": "동영상", "usage": [9]},
				{"appName": "네트워크", "usage": [3]},
				{"appName": "네이버 웹툰", "usage": [8]},
				{"appName": "Wi-Fi", "usage": [4]},
				{"appName": "Shutdown Monitor", "usage": [3]},
				{"appName": "Q메모+", "usage": [4]},
				{"appName": "Google Play 서비스", "usage": [12]},
				{"appName": "Google Play 게임", "usage": [13]},
				{"appName": "Bluetooth", "usage": [2]},
				{"appName": "Android 시스템", "usage": [2]}
			]
		},
		"maxTime": {
			"usage": 66,
			"details": [
				{"appName": "쿠팡", "usage": 39},
				{"appName": "Polar Beat", "usage": 25},
				{"appName": "YouTube", "usage": 21},
				{"appName": "카카오톡", "usage": 16},
				{"appName": "벽돌깨기 퍼즐", "usage": 10},
				{"appName": "Paco", "usage": 8},
				{"appName": "Pinterest", "usage": 6},
				{"appName": "카메라", "usage": 5},
				{"appName": "기본홈", "usage": 5},
				{"appName": "CNCITY에너지", "usage": 4},
				{"appName": "Bluetooth", "usage": 3},
				{"appName": "Google Play 게임", "usage": 3},
				{"appName": "Chrome", "usage": 2},
				{"appName": "오늘의집", "usage": 2},
				{"appName": "후후", "usage": 1},
				{"appName": "동영상", "usage": 1},
				{"appName": "헬로마켓", "usage": 1},
				{"appName": "NAVER", "usage": 0},
				{"appName": "알람/시계", "usage": 0},
				{"appName": "갤러리", "usage": 0},
				{"appName": "캘린더", "usage": 0},
				{"appName": "Q메모+", "usage": 0},
				{"appName": "Google Play 스토어", "usage": 0},
				{"appName": "LG 페이", "usage": 0},
				{"appName": "The Day Before", "usage": 0},
				{"appName": "Shutdown Monitor", "usage": 0},
				{"appName": "네이버 웹툰", "usage": 0},
				{"appName": "오목", "usage": 0},
				{"appName": "시스템 UI", "usage": 0},
				{"appName": "토스", "usage": 0},
				{"appName": "원터치알림", "usage": 0},
				{"appName": "Logger", "usage": 0},
				{"appName": "Dropsync", "usage": 0},
				{"appName": "ABC Logger", "usage": 0},
				{"appName": "메시지", "usage": 0},
				{"appName": "주소록", "usage": 0},
				{"appName": "네트워크", "usage": 0},
				{"appName": "설정", "usage": 0},
				{"appName": "접근성", "usage": 0},
				{"appName": "Wi-Fi", "usage": 0},
				{"appName": "Google Play 서비스", "usage": 0},
				{"appName": "Android 시스템", "usage": 0},
				{"appName": "패키지 설치 프로그램", "usage": 0},
				{"appName": "통화 관리", "usage": 0}
			]
		},
		"avgTime": {
			"usage": 4,
			"details": [
				{"appName": "YouTube", "usage": 8},
				{"appName": "Pinterest", "usage": 2},
				{"appName": "Polar Beat", "usage": 1},
				{"appName": "Bluetooth", "usage": 1},
				{"appName": "벽돌깨기 퍼즐", "usage": 1},
				{"appName": "동영상", "usage": 1},
				{"appName": "Chrome", "usage": 0},
				{"appName": "Google Play 게임", "usage": 0},
				{"appName": "카메라", "usage": 0},
				{"appName": "CNCITY에너지", "usage": 0},
				{"appName": "후후", "usage": 0},
				{"appName": "쿠팡", "usage": 0},
				{"appName": "카카오톡", "usage": 0},
				{"appName": "Shutdown Monitor", "usage": 0},
				{"appName": "NAVER", "usage": 0},
				{"appName": "오늘의집", "usage": 0},
				{"appName": "갤러리", "usage": 0},
				{"appName": "Paco", "usage": 0},
				{"appName": "기본홈", "usage": 0},
				{"appName": "LG 페이", "usage": 0},
				{"appName": "헬로마켓", "usage": 0},
				{"appName": "캘린더", "usage": 0},
				{"appName": "Q메모+", "usage": 0},
				{"appName": "오목", "usage": 0},
				{"appName": "알람/시계", "usage": 0},
				{"appName": "네이버 웹툰", "usage": 0},
				{"appName": "The Day Before", "usage": 0},
				{"appName": "토스", "usage": 0},
				{"appName": "메시지", "usage": 0},
				{"appName": "Google Play 스토어", "usage": 0},
				{"appName": "Dropsync", "usage": 0},
				{"appName": "Logger", "usage": 0},
				{"appName": "원터치알림", "usage": 0},
				{"appName": "접근성", "usage": 0},
				{"appName": "ABC Logger", "usage": 0},
				{"appName": "Wi-Fi", "usage": 0},
				{"appName": "시스템 UI", "usage": 0},
				{"appName": "Android 시스템", "usage": 0},
				{"appName": "설정", "usage": 0},
				{"appName": "네트워크", "usage": 0},
				{"appName": "주소록", "usage": 0},
				{"appName": "Google Play 서비스", "usage": 0},
				{"appName": "패키지 설치 프로그램", "usage": 0},
				{"appName": "통화 관리", "usage": 0}
			]
		},
		"lastPickup": {"time": 0}
	},
	{
		"date": 5,
		"totalTime": {
			"usage": 544,
			"details": [
				{"appName": "Netflix", "usage": 160},
				{"appName": "벽돌깨기 퍼즐", "usage": 160},
				{"appName": "YouTube", "usage": 57},
				{"appName": "카카오톡", "usage": 40},
				{"appName": "기본홈", "usage": 37},
				{"appName": "쿠팡", "usage": 29},
				{"appName": "오늘의집", "usage": 15},
				{"appName": "네이버TV", "usage": 8},
				{"appName": "갤러리", "usage": 7},
				{"appName": "헬로마켓", "usage": 7},
				{"appName": "Paco", "usage": 6},
				{"appName": "후후", "usage": 4},
				{"appName": "SmartThinQ", "usage": 3},
				{"appName": "메시지", "usage": 3},
				{"appName": "Google Play 게임", "usage": 3},
				{"appName": "카메라", "usage": 2},
				{"appName": "Chrome", "usage": 2},
				{"appName": "원터치알림", "usage": 1},
				{"appName": "시스템 UI", "usage": 1},
				{"appName": "알람/시계", "usage": 1},
				{"appName": "Polar Beat", "usage": 1},
				{"appName": "캘린더", "usage": 0},
				{"appName": "Google Play 스토어", "usage": 0},
				{"appName": "Hue", "usage": 0},
				{"appName": "Bluetooth", "usage": 0},
				{"appName": "Android 시스템", "usage": 0},
				{"appName": "Google Play 서비스", "usage": 0},
				{"appName": "패키지 설치 프로그램", "usage": 0},
				{"appName": "LG 페이", "usage": 0},
				{"appName": "LG 키보드", "usage": 0},
				{"appName": "NAVER", "usage": 0},
				{"appName": "ISP/페이북", "usage": 0}
			]
		},
		"pickups": {"usage": 66},
		"downTime": {
			"usages": [
				{"hour": 3, "usage": 58},
				{"hour": 4, "usage": 23},
				{"hour": 5, "usage": 35},
				{"hour": 6, "usage": 48},
				{"hour": 7, "usage": 60},
				{"hour": 8, "usage": 46},
				{"hour": 9, "usage": 4},
				{"hour": 10, "usage": 13},
				{"hour": 11, "usage": 14},
				{"hour": 12, "usage": 1},
				{"hour": 13, "usage": 5},
				{"hour": 14, "usage": 13},
				{"hour": 15, "usage": 7},
				{"hour": 16, "usage": 10},
				{"hour": 17, "usage": 26},
				{"hour": 18, "usage": 7},
				{"hour": 19, "usage": 15},
				{"hour": 20, "usage": 54},
				{"hour": 21, "usage": 60},
				{"hour": 22, "usage": 24},
				{"hour": 23, "usage": 12}
			],
			"details": [
				{"appName": "기본홈", "usage": [3, 4, 5, 6, 8, 9, 10, 11, 12, 13, 14, 15, 16, 17, 18, 20, 22, 23]},
				{"appName": "카카오톡", "usage": [3, 4, 5, 6, 9, 10, 11, 13, 14, 16, 17, 18]},
				{"appName": "Paco", "usage": [5, 6, 8, 10, 11, 12, 13, 14, 15, 16]},
				{"appName": "시스템 UI", "usage": [3, 5, 6, 11, 14, 16, 17, 20]},
				{"appName": "원터치알림", "usage": [6, 9, 10, 16, 17]},
				{"appName": "Netflix", "usage": [18, 19, 20, 21, 22]},
				{"appName": "쿠팡", "usage": [3, 5, 6, 17]},
				{"appName": "벽돌깨기 퍼즐", "usage": [6, 7, 8, 9]},
				{"appName": "갤러리", "usage": [11, 14, 15, 17]},
				{"appName": "오늘의집", "usage": [4, 5, 6]},
				{"appName": "Polar Beat", "usage": [4, 15, 16]},
				{"appName": "후후", "usage": [3, 8]},
				{"appName": "헬로마켓", "usage": [6, 17]},
				{"appName": "캘린더", "usage": [14, 16]},
				{"appName": "카메라", "usage": [8, 17]},
				{"appName": "알람/시계", "usage": [20, 23]},
				{"appName": "YouTube", "usage": [3, 4]},
				{"appName": "Google Play 스토어", "usage": [6, 11]},
				{"appName": "Chrome", "usage": [4, 5]},
				{"appName": "Bluetooth", "usage": [4, 16]},
				{"appName": "패키지 설치 프로그램", "usage": [11]},
				{"appName": "메시지", "usage": [14]},
				{"appName": "네이버TV", "usage": [14]},
				{"appName": "SmartThinQ", "usage": [11]},
				{"appName": "NAVER", "usage": [5]},
				{"appName": "LG 페이", "usage": [11]},
				{"appName": "LG 키보드", "usage": [3]},
				{"appName": "ISP/페이북", "usage": [5]},
				{"appName": "Hue", "usage": [18]},
				{"appName": "Google Play 서비스", "usage": [11]},
				{"appName": "Google Play 게임", "usage": [6]},
				{"appName": "Android 시스템", "usage": [5]}
			]
		},
		"maxTime": {
			"usage": 137,
			"details": [
				{"appName": "Netflix", "usage": 87},
				{"appName": "벽돌깨기 퍼즐", "usage": 36},
				{"appName": "YouTube", "usage": 23},
				{"appName": "카카오톡", "usage": 11},
				{"appName": "갤러리", "usage": 6},
				{"appName": "네이버TV", "usage": 5},
				{"appName": "기본홈", "usage": 5},
				{"appName": "SmartThinQ", "usage": 2},
				{"appName": "Google Play 게임", "usage": 2},
				{"appName": "오늘의집", "usage": 2},
				{"appName": "쿠팡", "usage": 2},
				{"appName": "메시지", "usage": 2},
				{"appName": "카메라", "usage": 2},
				{"appName": "Chrome", "usage": 2},
				{"appName": "후후", "usage": 2},
				{"appName": "헬로마켓", "usage": 1},
				{"appName": "Paco", "usage": 1},
				{"appName": "캘린더", "usage": 0},
				{"appName": "Polar Beat", "usage": 0},
				{"appName": "원터치알림", "usage": 0},
				{"appName": "시스템 UI", "usage": 0},
				{"appName": "알람/시계", "usage": 0},
				{"appName": "Google Play 스토어", "usage": 0},
				{"appName": "Hue", "usage": 0},
				{"appName": "Android 시스템", "usage": 0},
				{"appName": "Bluetooth", "usage": 0},
				{"appName": "Google Play 서비스", "usage": 0},
				{"appName": "패키지 설치 프로그램", "usage": 0},
				{"appName": "LG 페이", "usage": 0},
				{"appName": "LG 키보드", "usage": 0},
				{"appName": "NAVER", "usage": 0},
				{"appName": "ISP/페이북", "usage": 0}
			]
		},
		"avgTime": {
			"usage": 8,
			"details": [
				{"appName": "YouTube", "usage": 11},
				{"appName": "Netflix", "usage": 9},
				{"appName": "벽돌깨기 퍼즐", "usage": 5},
				{"appName": "네이버TV", "usage": 2},
				{"appName": "갤러리", "usage": 1},
				{"appName": "후후", "usage": 1},
				{"appName": "Chrome", "usage": 1},
				{"appName": "메시지", "usage": 0},
				{"appName": "Google Play 게임", "usage": 0},
				{"appName": "카메라", "usage": 0},
				{"appName": "기본홈", "usage": 0},
				{"appName": "SmartThinQ", "usage": 0},
				{"appName": "카카오톡", "usage": 0},
				{"appName": "오늘의집", "usage": 0},
				{"appName": "캘린더", "usage": 0},
				{"appName": "Android 시스템", "usage": 0},
				{"appName": "쿠팡", "usage": 0},
				{"appName": "헬로마켓", "usage": 0},
				{"appName": "원터치알림", "usage": 0},
				{"appName": "Paco", "usage": 0},
				{"appName": "Polar Beat", "usage": 0},
				{"appName": "Hue", "usage": 0},
				{"appName": "Google Play 스토어", "usage": 0},
				{"appName": "시스템 UI", "usage": 0},
				{"appName": "알람/시계", "usage": 0},
				{"appName": "Bluetooth", "usage": 0},
				{"appName": "패키지 설치 프로그램", "usage": 0},
				{"appName": "Google Play 서비스", "usage": 0},
				{"appName": "LG 키보드", "usage": 0},
				{"appName": "LG 페이", "usage": 0},
				{"appName": "NAVER", "usage": 0},
				{"appName": "ISP/페이북", "usage": 0}
			]
		},
		"lastPickup": {"time": 0}
	},
	{
		"date": 6,
		"totalTime": {
			"usage": 375,
			"details": [
				{"appName": "YouTube", "usage": 165},
				{"appName": "카카오톡", "usage": 81},
				{"appName": "벽돌깨기 퍼즐", "usage": 45},
				{"appName": "오늘의집", "usage": 25},
				{"appName": "기본홈", "usage": 22},
				{"appName": "시스템 UI", "usage": 8},
				{"appName": "NAVER", "usage": 4},
				{"appName": "Paco", "usage": 4},
				{"appName": "알람/시계", "usage": 3},
				{"appName": "The Day Before", "usage": 2},
				{"appName": "Polar Beat", "usage": 2},
				{"appName": "Chrome", "usage": 1},
				{"appName": "후후", "usage": 1},
				{"appName": "카메라", "usage": 0},
				{"appName": "메시지", "usage": 0},
				{"appName": "쿠팡", "usage": 0},
				{"appName": "LG 페이", "usage": 0},
				{"appName": "네이버 웹툰", "usage": 0},
				{"appName": "주소록", "usage": 0},
				{"appName": "캘린더", "usage": 0},
				{"appName": "BAND", "usage": 0},
				{"appName": "Bluetooth", "usage": 0},
				{"appName": "원터치알림", "usage": 0},
				{"appName": "G마켓", "usage": 0},
				{"appName": "Messenger", "usage": 0},
				{"appName": "U+ 고객센터", "usage": 0}
			]
		},
		"pickups": {"usage": 58},
		"downTime": {
			"usages": [
				{"hour": 0, "usage": 35},
				{"hour": 1, "usage": 24},
				{"hour": 2, "usage": 14},
				{"hour": 3, "usage": 60},
				{"hour": 4, "usage": 0},
				{"hour": 7, "usage": 18},
				{"hour": 8, "usage": 32},
				{"hour": 10, "usage": 14},
				{"hour": 13, "usage": 48},
				{"hour": 14, "usage": 47},
				{"hour": 16, "usage": 2},
				{"hour": 17, "usage": 43},
				{"hour": 18, "usage": 14},
				{"hour": 23, "usage": 17}
			],
			"details": [
				{"appName": "기본홈", "usage": [0, 1, 2, 3, 4, 7, 8, 10, 13, 14, 16, 17, 18, 23]},
				{"appName": "카카오톡", "usage": [0, 1, 2, 3, 4, 7, 8, 10, 13, 16, 17, 23]},
				{"appName": "시스템 UI", "usage": [0, 1, 8, 10, 14, 17, 18, 23]},
				{"appName": "Paco", "usage": [1, 2, 3, 7, 8, 10, 13, 14]},
				{"appName": "YouTube", "usage": [0, 3, 8, 13, 14]},
				{"appName": "Polar Beat", "usage": [0, 2, 3, 10, 14]},
				{"appName": "오늘의집", "usage": [0, 1, 8]},
				{"appName": "Bluetooth", "usage": [0, 3, 14]},
				{"appName": "후후", "usage": [0, 13]},
				{"appName": "카메라", "usage": [1, 8]},
				{"appName": "알람/시계", "usage": [7, 23]},
				{"appName": "벽돌깨기 퍼즐", "usage": [17, 18]},
				{"appName": "NAVER", "usage": [0, 7]},
				{"appName": "LG 페이", "usage": [8, 17]},
				{"appName": "Chrome", "usage": [3, 18]},
				{"appName": "쿠팡", "usage": [1]},
				{"appName": "캘린더", "usage": [16]},
				{"appName": "주소록", "usage": [8]},
				{"appName": "원터치알림", "usage": [8]},
				{"appName": "메시지", "usage": [3]},
				{"appName": "네이버 웹툰", "usage": [17]},
				{"appName": "U+ 고객센터", "usage": [8]},
				{"appName": "The Day Before", "usage": [7]},
				{"appName": "Messenger", "usage": [3]},
				{"appName": "G마켓", "usage": [0]},
				{"appName": "BAND", "usage": [0]}
			]
		},
		"maxTime": {
			"usage": 96,
			"details": [
				{"appName": "YouTube", "usage": 87},
				{"appName": "벽돌깨기 퍼즐", "usage": 16},
				{"appName": "시스템 UI", "usage": 8},
				{"appName": "카카오톡", "usage": 6},
				{"appName": "기본홈", "usage": 4},
				{"appName": "오늘의집", "usage": 2},
				{"appName": "NAVER", "usage": 1},
				{"appName": "Chrome", "usage": 1},
				{"appName": "The Day Before", "usage": 1},
				{"appName": "후후", "usage": 1},
				{"appName": "알람/시계", "usage": 1},
				{"appName": "Polar Beat", "usage": 0},
				{"appName": "카메라", "usage": 0},
				{"appName": "LG 페이", "usage": 0},
				{"appName": "Paco", "usage": 0},
				{"appName": "네이버 웹툰", "usage": 0},
				{"appName": "주소록", "usage": 0},
				{"appName": "쿠팡", "usage": 0},
				{"appName": "캘린더", "usage": 0},
				{"appName": "메시지", "usage": 0},
				{"appName": "BAND", "usage": 0},
				{"appName": "Bluetooth", "usage": 0},
				{"appName": "원터치알림", "usage": 0},
				{"appName": "G마켓", "usage": 0},
				{"appName": "Messenger", "usage": 0},
				{"appName": "U+ 고객센터", "usage": 0}
			]
		},
		"avgTime": {
			"usage": 6,
			"details": [
				{"appName": "YouTube", "usage": 15},
				{"appName": "벽돌깨기 퍼즐", "usage": 4},
				{"appName": "시스템 UI", "usage": 0},
				{"appName": "Chrome", "usage": 0},
				{"appName": "The Day Before", "usage": 0},
				{"appName": "후후", "usage": 0},
				{"appName": "NAVER", "usage": 0},
				{"appName": "기본홈", "usage": 0},
				{"appName": "카카오톡", "usage": 0},
				{"appName": "주소록", "usage": 0},
				{"appName": "오늘의집", "usage": 0},
				{"appName": "알람/시계", "usage": 0},
				{"appName": "네이버 웹툰", "usage": 0},
				{"appName": "카메라", "usage": 0},
				{"appName": "LG 페이", "usage": 0},
				{"appName": "Paco", "usage": 0},
				{"appName": "Polar Beat", "usage": 0},
				{"appName": "캘린더", "usage": 0},
				{"appName": "쿠팡", "usage": 0},
				{"appName": "BAND", "usage": 0},
				{"appName": "메시지", "usage": 0},
				{"appName": "원터치알림", "usage": 0},
				{"appName": "Bluetooth", "usage": 0},
				{"appName": "G마켓", "usage": 0},
				{"appName": "Messenger", "usage": 0},
				{"appName": "U+ 고객센터", "usage": 0}
			]
		},
		"lastPickup": {"time": 0}
	},
	{
		"date": 7,
		"totalTime": {
			"usage": 909,
			"details": [
				{"appName": "카카오톡", "usage": 57},
				{"appName": "Pinterest", "usage": 52},
				{"appName": "Netflix", "usage": 45},
				{"appName": "벽돌깨기 퍼즐", "usage": 31},
				{"appName": "토스", "usage": 24},
				{"appName": "오목", "usage": 15},
				{"appName": "메시지", "usage": 11},
				{"appName": "기본홈", "usage": 10},
				{"appName": "Paco", "usage": 7},
				{"appName": "Q메모+", "usage": 5},
				{"appName": "후후", "usage": 4},
				{"appName": "카메라", "usage": 3},
				{"appName": "Gmail", "usage": 1},
				{"appName": "NAVER", "usage": 1},
				{"appName": "Polar Beat", "usage": 1},
				{"appName": "Chrome", "usage": 0},
				{"appName": "알람/시계", "usage": 0},
				{"appName": "시스템 UI", "usage": 0},
				{"appName": "캘린더", "usage": 0},
				{"appName": "앱 업데이트", "usage": 0},
				{"appName": "업데이트 센터", "usage": 0},
				{"appName": "Dropsync", "usage": 0},
				{"appName": "Google Play 서비스", "usage": 0},
				{"appName": "Bluetooth", "usage": 0},
				{"appName": "원터치알림", "usage": 0},
				{"appName": "설정", "usage": 0}
			]
		},
		"pickups": {"usage": 65},
		"downTime": {
			"usages": [
				{"hour": 0, "usage": 2},
				{"hour": 1, "usage": 25},
				{"hour": 2, "usage": 31},
				{"hour": 3, "usage": 22},
				{"hour": 4, "usage": 10},
				{"hour": 5, "usage": 9},
				{"hour": 6, "usage": 40},
				{"hour": 7, "usage": 21},
				{"hour": 8, "usage": 41},
				{"hour": 9, "usage": 10},
				{"hour": 10, "usage": 13},
				{"hour": 11, "usage": 42},
				{"hour": 12, "usage": 8},
				{"hour": 13, "usage": 2}
			],
			"details": [
				{"appName": "기본홈", "usage": [0, 1, 2, 3, 4, 5, 6, 7, 8, 9, 10, 11, 12, 13]},
				{"appName": "카카오톡", "usage": [0, 1, 2, 3, 4, 5, 8, 9, 10, 12]},
				{"appName": "Paco", "usage": [3, 5, 6, 7, 9, 10, 12]},
				{"appName": "시스템 UI", "usage": [1, 3, 8, 9, 10]},
				{"appName": "메시지", "usage": [1, 3, 8, 11, 12]},
				{"appName": "Pinterest", "usage": [6, 7, 9, 11, 12]},
				{"appName": "후후", "usage": [1, 2, 7, 8]},
				{"appName": "토스", "usage": [1, 9, 11, 12]},
				{"appName": "카메라", "usage": [1, 2, 3, 9]},
				{"appName": "오목", "usage": [3, 4, 6, 10]},
				{"appName": "Polar Beat", "usage": [2, 11, 12]},
				{"appName": "Chrome", "usage": [3, 6, 9]},
				{"appName": "캘린더", "usage": [6, 10]},
				{"appName": "알람/시계", "usage": [0, 10]},
				{"appName": "벽돌깨기 퍼즐", "usage": [5, 6]},
				{"appName": "Q메모+", "usage": [4, 5]},
				{"appName": "Netflix", "usage": [7, 8]},
				{"appName": "원터치알림", "usage": [1]},
				{"appName": "업데이트 센터", "usage": [8]},
				{"appName": "앱 업데이트", "usage": [8]},
				{"appName": "설정", "usage": [6]},
				{"appName": "NAVER", "usage": [6]},
				{"appName": "Google Play 서비스", "usage": [3]},
				{"appName": "Gmail", "usage": [7]},
				{"appName": "Dropsync", "usage": [8]},
				{"appName": "Bluetooth", "usage": [2]}
			]
		},
		"maxTime": {
			"usage": 627,
			"details": [
				{"appName": "Pinterest", "usage": 29},
				{"appName": "Netflix", "usage": 24},
				{"appName": "벽돌깨기 퍼즐", "usage": 15},
				{"appName": "오목", "usage": 7},
				{"appName": "카카오톡", "usage": 5},
				{"appName": "Q메모+", "usage": 5},
				{"appName": "메시지", "usage": 5},
				{"appName": "토스", "usage": 5},
				{"appName": "Paco", "usage": 4},
				{"appName": "기본홈", "usage": 2},
				{"appName": "카메라", "usage": 2},
				{"appName": "Gmail", "usage": 1},
				{"appName": "후후", "usage": 1},
				{"appName": "NAVER", "usage": 1},
				{"appName": "Polar Beat", "usage": 0},
				{"appName": "Chrome", "usage": 0},
				{"appName": "캘린더", "usage": 0},
				{"appName": "알람/시계", "usage": 0},
				{"appName": "앱 업데이트", "usage": 0},
				{"appName": "시스템 UI", "usage": 0},
				{"appName": "Dropsync", "usage": 0},
				{"appName": "Google Play 서비스", "usage": 0},
				{"appName": "Bluetooth", "usage": 0},
				{"appName": "업데이트 센터", "usage": 0},
				{"appName": "원터치알림", "usage": 0},
				{"appName": "설정", "usage": 0}
			]
		},
		"avgTime": {
			"usage": 13,
			"details": [
				{"appName": "오목", "usage": 5},
				{"appName": "Pinterest", "usage": 4},
				{"appName": "Netflix", "usage": 4},
				{"appName": "벽돌깨기 퍼즐", "usage": 2},
				{"appName": "Q메모+", "usage": 1},
				{"appName": "Gmail", "usage": 0},
				{"appName": "메시지", "usage": 0},
				{"appName": "NAVER", "usage": 0},
				{"appName": "후후", "usage": 0},
				{"appName": "카카오톡", "usage": 0},
				{"appName": "카메라", "usage": 0},
				{"appName": "토스", "usage": 0},
				{"appName": "Paco", "usage": 0},
				{"appName": "기본홈", "usage": 0},
				{"appName": "Polar Beat", "usage": 0},
				{"appName": "앱 업데이트", "usage": 0},
				{"appName": "Chrome", "usage": 0},
				{"appName": "Dropsync", "usage": 0},
				{"appName": "캘린더", "usage": 0},
				{"appName": "Google Play 서비스", "usage": 0},
				{"appName": "시스템 UI", "usage": 0},
				{"appName": "Bluetooth", "usage": 0},
				{"appName": "원터치알림", "usage": 0},
				{"appName": "업데이트 센터", "usage": 0},
				{"appName": "알람/시계", "usage": 0},
				{"appName": "설정", "usage": 0}
			]
		},
		"lastPickup": {"time": 627}
	}
]
