[
	{
		"date": 1,
		"totalTime": {
			"usage": 579,
			"details": [
				{"appName": "디즈니팝", "usage": 168},
				{"appName": "알람몬", "usage": 98},
				{"appName": "기본홈", "usage": 66},
				{"appName": "Chrome", "usage": 63},
				{"appName": "카카오페이지", "usage": 51},
				{"appName": "카카오톡", "usage": 45},
				{"appName": "Paco", "usage": 23},
				{"appName": "쏠캘린더", "usage": 11},
				{"appName": "갤러리", "usage": 10},
				{"appName": "카카오뱅크", "usage": 9},
				{"appName": "T전화", "usage": 5},
				{"appName": "Polar Beat", "usage": 3},
				{"appName": "시스템 UI", "usage": 2},
				{"appName": "텔레그램", "usage": 2},
				{"appName": "주소록", "usage": 2},
				{"appName": "다음카페", "usage": 1},
				{"appName": "드라이브", "usage": 1},
				{"appName": "접근성", "usage": 1},
				{"appName": "Gmail", "usage": 1},
				{"appName": "카메라", "usage": 1},
				{"appName": "Logger", "usage": 0},
				{"appName": "Microsoft Band", "usage": 0},
				{"appName": "Android 시스템", "usage": 0},
				{"appName": "Bluetooth", "usage": 0},
				{"appName": "메시지", "usage": 0},
				{"appName": "패키지 설치 프로그램", "usage": 0},
				{"appName": "통화 관리", "usage": 0},
				{"appName": "스터디헬퍼", "usage": 0},
				{"appName": "하나카드", "usage": 0}
			]
		},
		"pickups": {"usage": 63},
		"downTime": {
			"usages": [
				{"hour": 0, "usage": 39},
				{"hour": 1, "usage": 59},
				{"hour": 2, "usage": 40},
				{"hour": 3, "usage": 58},
				{"hour": 4, "usage": 38},
				{"hour": 5, "usage": 32},
				{"hour": 6, "usage": 54},
				{"hour": 7, "usage": 33},
				{"hour": 8, "usage": 22},
				{"hour": 9, "usage": 0},
				{"hour": 10, "usage": 8},
				{"hour": 11, "usage": 1},
				{"hour": 12, "usage": 12},
				{"hour": 13, "usage": 56},
				{"hour": 14, "usage": 45},
				{"hour": 15, "usage": 60},
				{"hour": 16, "usage": 14},
				{"hour": 18, "usage": 0}
			],
			"details": [
				{"appName": "기본홈", "usage": [1, 2, 3, 4, 5, 6, 7, 8, 9, 10, 11, 12, 13, 14, 15, 16]},
				{"appName": "카카오톡", "usage": [1, 2, 3, 4, 5, 6, 7, 8, 9, 10, 12, 13, 14]},
				{"appName": "Paco", "usage": [2, 4, 5, 6, 7, 8, 9, 10, 11, 12, 13, 14, 16]},
				{"appName": "시스템 UI", "usage": [1, 3, 4, 5, 6, 7, 8, 9, 10, 12, 13, 14]},
				{"appName": "디즈니팝", "usage": [1, 2, 3, 4, 5, 6, 8, 10, 13, 14, 15]},
				{"appName": "카카오페이지", "usage": [2, 3, 4, 5, 6, 7, 8, 13]},
				{"appName": "접근성", "usage": [1, 3, 7, 13, 14]},
				{"appName": "알람몬", "usage": [0, 1, 2, 3, 4]},
				{"appName": "쏠캘린더", "usage": [2, 3, 5, 6, 8]},
				{"appName": "Polar Beat", "usage": [2, 3, 7, 13, 14]},
				{"appName": "Logger", "usage": [1, 3, 7, 13, 14]},
				{"appName": "Chrome", "usage": [2, 6, 7, 13, 14]},
				{"appName": "패키지 설치 프로그램", "usage": [1, 3, 7, 13]},
				{"appName": "텔레그램", "usage": [7, 8, 11, 12]},
				{"appName": "Gmail", "usage": [5, 6, 10]},
				{"appName": "Android 시스템", "usage": [4, 5, 10]},
				{"appName": "카카오뱅크", "usage": [12, 13]},
				{"appName": "카메라", "usage": [5, 9]},
				{"appName": "드라이브", "usage": [5, 10]},
				{"appName": "갤러리", "usage": [4, 5]},
				{"appName": "T전화", "usage": [1, 7]},
				{"appName": "하나카드", "usage": [10]},
				{"appName": "통화 관리", "usage": [7]},
				{"appName": "주소록", "usage": [7]},
				{"appName": "스터디헬퍼", "usage": [8]},
				{"appName": "메시지", "usage": [7]},
				{"appName": "다음카페", "usage": [6]},
				{"appName": "Microsoft Band", "usage": [14]},
				{"appName": "Bluetooth", "usage": [14]}
			]
		},
		"maxTime": {
			"usage": 97,
			"details": [
				{"appName": "알람몬", "usage": 96},
				{"appName": "기본홈", "usage": 58},
				{"appName": "디즈니팝", "usage": 27},
				{"appName": "Chrome", "usage": 25},
				{"appName": "갤러리", "usage": 9},
				{"appName": "카카오페이지", "usage": 6},
				{"appName": "Paco", "usage": 4},
				{"appName": "카카오톡", "usage": 4},
				{"appName": "카카오뱅크", "usage": 4},
				{"appName": "쏠캘린더", "usage": 4},
				{"appName": "T전화", "usage": 3},
				{"appName": "Polar Beat", "usage": 2},
				{"appName": "주소록", "usage": 1},
				{"appName": "시스템 UI", "usage": 1},
				{"appName": "다음카페", "usage": 1},
				{"appName": "접근성", "usage": 1},
				{"appName": "드라이브", "usage": 1},
				{"appName": "텔레그램", "usage": 0},
				{"appName": "카메라", "usage": 0},
				{"appName": "Gmail", "usage": 0},
				{"appName": "Logger", "usage": 0},
				{"appName": "Bluetooth", "usage": 0},
				{"appName": "Microsoft Band", "usage": 0},
				{"appName": "Android 시스템", "usage": 0},
				{"appName": "메시지", "usage": 0},
				{"appName": "패키지 설치 프로그램", "usage": 0},
				{"appName": "통화 관리", "usage": 0},
				{"appName": "스터디헬퍼", "usage": 0},
				{"appName": "하나카드", "usage": 0}
			]
		},
		"avgTime": {
			"usage": 9,
			"details": [
				{"appName": "Chrome", "usage": 4},
				{"appName": "알람몬", "usage": 3},
				{"appName": "갤러리", "usage": 3},
				{"appName": "디즈니팝", "usage": 3},
				{"appName": "T전화", "usage": 1},
				{"appName": "기본홈", "usage": 0},
				{"appName": "드라이브", "usage": 0},
				{"appName": "카메라", "usage": 0},
				{"appName": "다음카페", "usage": 0},
				{"appName": "Gmail", "usage": 0},
				{"appName": "쏠캘린더", "usage": 0},
				{"appName": "Paco", "usage": 0},
				{"appName": "텔레그램", "usage": 0},
				{"appName": "Polar Beat", "usage": 0},
				{"appName": "카카오뱅크", "usage": 0},
				{"appName": "접근성", "usage": 0},
				{"appName": "카카오톡", "usage": 0},
				{"appName": "카카오페이지", "usage": 0},
				{"appName": "주소록", "usage": 0},
				{"appName": "Bluetooth", "usage": 0},
				{"appName": "Microsoft Band", "usage": 0},
				{"appName": "시스템 UI", "usage": 0},
				{"appName": "Android 시스템", "usage": 0},
				{"appName": "Logger", "usage": 0},
				{"appName": "메시지", "usage": 0},
				{"appName": "패키지 설치 프로그램", "usage": 0},
				{"appName": "통화 관리", "usage": 0},
				{"appName": "스터디헬퍼", "usage": 0},
				{"appName": "하나카드", "usage": 0}
			]
		},
		"lastPickup": {"time": 0}
	},
	{
		"date": 2,
		"totalTime": {
			"usage": 755,
			"details": [
				{"appName": "Chrome", "usage": 332},
				{"appName": "디즈니팝", "usage": 128},
				{"appName": "카카오페이지", "usage": 88},
				{"appName": "카카오톡", "usage": 78},
				{"appName": "기본홈", "usage": 16},
				{"appName": "VIBE", "usage": 13},
				{"appName": "Paco", "usage": 11},
				{"appName": "메시지", "usage": 7},
				{"appName": "카카오맵", "usage": 7},
				{"appName": "카카오뱅크", "usage": 7},
				{"appName": "ABC Logger", "usage": 7},
				{"appName": "Google Play 스토어", "usage": 6},
				{"appName": "토스", "usage": 6},
				{"appName": "Gmail", "usage": 6},
				{"appName": "쏠캘린더", "usage": 5},
				{"appName": "스타벅스", "usage": 4},
				{"appName": "갤러리", "usage": 4},
				{"appName": "시스템 UI", "usage": 3},
				{"appName": "TimeTree", "usage": 2},
				{"appName": "Polar Beat", "usage": 1},
				{"appName": "ES 파일 탐색기", "usage": 1},
				{"appName": "알람몬", "usage": 1},
				{"appName": "카메라", "usage": 1},
				{"appName": "Wi-Fi", "usage": 1},
				{"appName": "Microsoft Band", "usage": 0},
				{"appName": "스터디헬퍼", "usage": 0},
				{"appName": "T전화", "usage": 0},
				{"appName": "Logger", "usage": 0},
				{"appName": "Dropsync", "usage": 0},
				{"appName": "CaptivePortalLogin", "usage": 0},
				{"appName": "Android 시스템", "usage": 0},
				{"appName": "설정", "usage": 0},
				{"appName": "접근성", "usage": 0},
				{"appName": "롯데면세점", "usage": 0},
				{"appName": "패키지 설치 프로그램", "usage": 0},
				{"appName": "Bluetooth", "usage": 0},
				{"appName": "하나1Q페이", "usage": 0},
				{"appName": "Google Play 서비스", "usage": 0},
				{"appName": "주소록", "usage": 0},
				{"appName": "Always-on display", "usage": 0}
			]
		},
		"pickups": {"usage": 85},
		"downTime": {
			"usages": [
				{"hour": 0, "usage": 11},
				{"hour": 1, "usage": 52},
				{"hour": 2, "usage": 40},
				{"hour": 3, "usage": 40},
				{"hour": 4, "usage": 49},
				{"hour": 5, "usage": 27},
				{"hour": 6, "usage": 47},
				{"hour": 7, "usage": 26},
				{"hour": 8, "usage": 18},
				{"hour": 9, "usage": 21},
				{"hour": 10, "usage": 38},
				{"hour": 11, "usage": 53},
				{"hour": 12, "usage": 59},
				{"hour": 13, "usage": 60},
				{"hour": 14, "usage": 48},
				{"hour": 15, "usage": 20},
				{"hour": 16, "usage": 49},
				{"hour": 17, "usage": 36},
				{"hour": 22, "usage": 7},
				{"hour": 23, "usage": 43}
			],
			"details": [
				{"appName": "기본홈", "usage": [1, 2, 3, 4, 5, 6, 7, 8, 9, 10, 11, 12, 14, 16, 17, 22, 23]},
				{"appName": "Chrome", "usage": [1, 2, 3, 4, 6, 7, 8, 9, 10, 11, 12, 13, 14, 16, 17, 22, 23]},
				{"appName": "카카오톡", "usage": [0, 1, 2, 3, 4, 5, 6, 8, 9, 10, 11, 12, 13, 14, 15, 16]},
				{"appName": "시스템 UI", "usage": [1, 2, 4, 6, 8, 9, 10, 11, 12, 13, 14, 16, 17, 23]},
				{"appName": "Paco", "usage": [1, 2, 3, 4, 5, 6, 8, 9, 10, 11, 12, 14]},
				{"appName": "디즈니팝", "usage": [2, 3, 4, 5, 6, 10, 16, 17, 23]},
				{"appName": "쏠캘린더", "usage": [0, 5, 8, 9, 10, 11, 16, 17]},
				{"appName": "카카오페이지", "usage": [4, 5, 6, 7, 11, 12, 13]},
				{"appName": "메시지", "usage": [2, 5, 8, 10, 11, 17]},
				{"appName": "Polar Beat", "usage": [1, 8, 10, 12, 16]},
				{"appName": "알람몬", "usage": [0, 1, 17, 23]},
				{"appName": "Wi-Fi", "usage": [7, 10, 12, 13]},
				{"appName": "VIBE", "usage": [4, 6, 7, 12]},
				{"appName": "패키지 설치 프로그램", "usage": [2, 7, 10]},
				{"appName": "카카오뱅크", "usage": [2, 4, 6]},
				{"appName": "Logger", "usage": [1, 2, 12]},
				{"appName": "Google Play 스토어", "usage": [4, 7, 10]},
				{"appName": "Gmail", "usage": [14, 17, 22]},
				{"appName": "ABC Logger", "usage": [1, 8, 17]},
				{"appName": "토스", "usage": [5, 8]},
				{"appName": "접근성", "usage": [2, 9]},
				{"appName": "스타벅스", "usage": [10, 11]},
				{"appName": "갤러리", "usage": [10, 11]},
				{"appName": "TimeTree", "usage": [7, 8]},
				{"appName": "Dropsync", "usage": [1, 6]},
				{"appName": "하나1Q페이", "usage": [14]},
				{"appName": "카카오맵", "usage": [9]},
				{"appName": "카메라", "usage": [9]},
				{"appName": "주소록", "usage": [2]},
				{"appName": "스터디헬퍼", "usage": [8]},
				{"appName": "설정", "usage": [6]},
				{"appName": "롯데면세점", "usage": [6]},
				{"appName": "T전화", "usage": [2]},
				{"appName": "Microsoft Band", "usage": [1]},
				{"appName": "Google Play 서비스", "usage": [10]},
				{"appName": "ES 파일 탐색기", "usage": [12]},
				{"appName": "CaptivePortalLogin", "usage": [10]},
				{"appName": "Bluetooth", "usage": [4]},
				{"appName": "Android 시스템", "usage": [11]},
				{"appName": "Always-on display", "usage": [9]}
			]
		},
		"maxTime": {
			"usage": 85,
			"details": [
				{"appName": "Chrome", "usage": 47},
				{"appName": "디즈니팝", "usage": 29},
				{"appName": "카카오페이지", "usage": 12},
				{"appName": "카카오톡", "usage": 8},
				{"appName": "기본홈", "usage": 6},
				{"appName": "카카오맵", "usage": 5},
				{"appName": "VIBE", "usage": 5},
				{"appName": "Gmail", "usage": 4},
				{"appName": "토스", "usage": 4},
				{"appName": "ABC Logger", "usage": 4},
				{"appName": "Google Play 스토어", "usage": 2},
				{"appName": "스타벅스", "usage": 2},
				{"appName": "갤러리", "usage": 2},
				{"appName": "카카오뱅크", "usage": 1},
				{"appName": "메시지", "usage": 1},
				{"appName": "ES 파일 탐색기", "usage": 1},
				{"appName": "카메라", "usage": 1},
				{"appName": "Paco", "usage": 0},
				{"appName": "TimeTree", "usage": 0},
				{"appName": "쏠캘린더", "usage": 0},
				{"appName": "Polar Beat", "usage": 0},
				{"appName": "Microsoft Band", "usage": 0},
				{"appName": "T전화", "usage": 0},
				{"appName": "시스템 UI", "usage": 0},
				{"appName": "알람몬", "usage": 0},
				{"appName": "Wi-Fi", "usage": 0},
				{"appName": "Logger", "usage": 0},
				{"appName": "스터디헬퍼", "usage": 0},
				{"appName": "CaptivePortalLogin", "usage": 0},
				{"appName": "Dropsync", "usage": 0},
				{"appName": "설정", "usage": 0},
				{"appName": "Android 시스템", "usage": 0},
				{"appName": "접근성", "usage": 0},
				{"appName": "롯데면세점", "usage": 0},
				{"appName": "Bluetooth", "usage": 0},
				{"appName": "하나1Q페이", "usage": 0},
				{"appName": "패키지 설치 프로그램", "usage": 0},
				{"appName": "Google Play 서비스", "usage": 0},
				{"appName": "주소록", "usage": 0},
				{"appName": "Always-on display", "usage": 0}
			]
		},
		"avgTime": {
			"usage": 8,
			"details": [
				{"appName": "Chrome", "usage": 5},
				{"appName": "디즈니팝", "usage": 2},
				{"appName": "토스", "usage": 1},
				{"appName": "Gmail", "usage": 1},
				{"appName": "VIBE", "usage": 0},
				{"appName": "카카오맵", "usage": 0},
				{"appName": "카카오페이지", "usage": 0},
				{"appName": "ABC Logger", "usage": 0},
				{"appName": "T전화", "usage": 0},
				{"appName": "카메라", "usage": 0},
				{"appName": "카카오톡", "usage": 0},
				{"appName": "Google Play 스토어", "usage": 0},
				{"appName": "ES 파일 탐색기", "usage": 0},
				{"appName": "갤러리", "usage": 0},
				{"appName": "CaptivePortalLogin", "usage": 0},
				{"appName": "Paco", "usage": 0},
				{"appName": "스타벅스", "usage": 0},
				{"appName": "TimeTree", "usage": 0},
				{"appName": "쏠캘린더", "usage": 0},
				{"appName": "카카오뱅크", "usage": 0},
				{"appName": "기본홈", "usage": 0},
				{"appName": "Microsoft Band", "usage": 0},
				{"appName": "Wi-Fi", "usage": 0},
				{"appName": "메시지", "usage": 0},
				{"appName": "Polar Beat", "usage": 0},
				{"appName": "Dropsync", "usage": 0},
				{"appName": "Logger", "usage": 0},
				{"appName": "스터디헬퍼", "usage": 0},
				{"appName": "알람몬", "usage": 0},
				{"appName": "Bluetooth", "usage": 0},
				{"appName": "접근성", "usage": 0},
				{"appName": "설정", "usage": 0},
				{"appName": "하나1Q페이", "usage": 0},
				{"appName": "Android 시스템", "usage": 0},
				{"appName": "시스템 UI", "usage": 0},
				{"appName": "롯데면세점", "usage": 0},
				{"appName": "패키지 설치 프로그램", "usage": 0},
				{"appName": "Google Play 서비스", "usage": 0},
				{"appName": "주소록", "usage": 0},
				{"appName": "Always-on display", "usage": 0}
			]
		},
		"lastPickup": {"time": 0}
	},
	{
		"date": 3,
		"totalTime": {
			"usage": 623,
			"details": [
				{"appName": "11번가", "usage": 193},
				{"appName": "카카오톡", "usage": 127},
				{"appName": "Chrome", "usage": 108},
				{"appName": "카카오페이지", "usage": 76},
				{"appName": "디즈니팝", "usage": 27},
				{"appName": "알람/시계", "usage": 26},
				{"appName": "쏠캘린더", "usage": 9},
				{"appName": "Paco", "usage": 8},
				{"appName": "토스", "usage": 7},
				{"appName": "메시지", "usage": 7},
				{"appName": "기본홈", "usage": 5},
				{"appName": "원격 데스크톱", "usage": 3},
				{"appName": "계산기", "usage": 3},
				{"appName": "갤러리", "usage": 2},
				{"appName": "시스템 UI", "usage": 2},
				{"appName": "스터디헬퍼", "usage": 1},
				{"appName": "Polar Beat", "usage": 1},
				{"appName": "Gmail", "usage": 1},
				{"appName": "ES 파일 탐색기", "usage": 1},
				{"appName": "카메라", "usage": 1},
				{"appName": "하나1Q페이", "usage": 0},
				{"appName": "트위터", "usage": 0},
				{"appName": "접근성", "usage": 0},
				{"appName": "Google Play 스토어", "usage": 0},
				{"appName": "뱅크샐러드", "usage": 0},
				{"appName": "패키지 설치 프로그램", "usage": 0},
				{"appName": "Google Play 서비스", "usage": 0},
				{"appName": "Logger", "usage": 0},
				{"appName": "하나카드", "usage": 0},
				{"appName": "U+ 고객센터", "usage": 0}
			]
		},
		"pickups": {"usage": 73},
		"downTime": {
			"usages": [
				{"hour": 0, "usage": 12},
				{"hour": 1, "usage": 24},
				{"hour": 2, "usage": 60},
				{"hour": 3, "usage": 31},
				{"hour": 4, "usage": 40},
				{"hour": 5, "usage": 39},
				{"hour": 6, "usage": 5},
				{"hour": 7, "usage": 22},
				{"hour": 8, "usage": 5},
				{"hour": 9, "usage": 55},
				{"hour": 10, "usage": 5},
				{"hour": 11, "usage": 2},
				{"hour": 12, "usage": 24},
				{"hour": 13, "usage": 54},
				{"hour": 14, "usage": 60},
				{"hour": 15, "usage": 58},
				{"hour": 16, "usage": 60},
				{"hour": 17, "usage": 60},
				{"hour": 18, "usage": 0}
			],
			"details": [
				{"appName": "기본홈", "usage": [0, 1, 2, 3, 4, 5, 6, 7, 8, 9, 10, 11, 12, 14, 15, 16, 17]},
				{"appName": "카카오톡", "usage": [0, 1, 2, 3, 4, 5, 6, 7, 8, 9, 10, 11, 12, 15, 16, 17]},
				{"appName": "시스템 UI", "usage": [0, 1, 2, 4, 5, 6, 7, 9, 12, 13, 14, 15, 16, 17]},
				{"appName": "Chrome", "usage": [0, 1, 2, 4, 5, 7, 8, 12, 13, 14, 15, 16]},
				{"appName": "Paco", "usage": [1, 3, 4, 5, 7, 8, 9, 10, 12, 14, 15]},
				{"appName": "11번가", "usage": [5, 6, 9, 10, 13, 14, 15, 16, 17, 18]},
				{"appName": "쏠캘린더", "usage": [1, 3, 4, 5, 7, 9, 15, 16]},
				{"appName": "카카오페이지", "usage": [4, 6, 7, 9, 12, 13, 14]},
				{"appName": "Google Play 서비스", "usage": [5, 14, 15, 16, 17]},
				{"appName": "패키지 설치 프로그램", "usage": [0, 4, 15, 17]},
				{"appName": "갤러리", "usage": [4, 5, 16, 17]},
				{"appName": "토스", "usage": [1, 4, 5]},
				{"appName": "알람/시계", "usage": [1, 2, 3]},
				{"appName": "스터디헬퍼", "usage": [8, 12, 14]},
				{"appName": "메시지", "usage": [4, 11, 12]},
				{"appName": "디즈니팝", "usage": [4, 9, 16]},
				{"appName": "Polar Beat", "usage": [0, 14, 15]},
				{"appName": "Gmail", "usage": [1, 2, 8]},
				{"appName": "하나1Q페이", "usage": [14, 15]},
				{"appName": "접근성", "usage": [0, 4]},
				{"appName": "원격 데스크톱", "usage": [0, 7]},
				{"appName": "Logger", "usage": [0, 4]},
				{"appName": "ES 파일 탐색기", "usage": [4, 5]},
				{"appName": "하나카드", "usage": [6]},
				{"appName": "트위터", "usage": [1]},
				{"appName": "카메라", "usage": [10]},
				{"appName": "뱅크샐러드", "usage": [7]},
				{"appName": "계산기", "usage": [3]},
				{"appName": "U+ 고객센터", "usage": [10]},
				{"appName": "Google Play 스토어", "usage": [4]}
			]
		},
		"maxTime": {
			"usage": 171,
			"details": [
				{"appName": "디즈니팝", "usage": 25},
				{"appName": "11번가", "usage": 22},
				{"appName": "Chrome", "usage": 21},
				{"appName": "카카오톡", "usage": 14},
				{"appName": "알람/시계", "usage": 7},
				{"appName": "토스", "usage": 5},
				{"appName": "쏠캘린더", "usage": 5},
				{"appName": "메시지", "usage": 4},
				{"appName": "카카오페이지", "usage": 4},
				{"appName": "계산기", "usage": 2},
				{"appName": "원격 데스크톱", "usage": 1},
				{"appName": "갤러리", "usage": 1},
				{"appName": "기본홈", "usage": 1},
				{"appName": "스터디헬퍼", "usage": 1},
				{"appName": "카메라", "usage": 1},
				{"appName": "Paco", "usage": 1},
				{"appName": "Polar Beat", "usage": 0},
				{"appName": "ES 파일 탐색기", "usage": 0},
				{"appName": "Gmail", "usage": 0},
				{"appName": "하나1Q페이", "usage": 0},
				{"appName": "트위터", "usage": 0},
				{"appName": "접근성", "usage": 0},
				{"appName": "Google Play 스토어", "usage": 0},
				{"appName": "뱅크샐러드", "usage": 0},
				{"appName": "시스템 UI", "usage": 0},
				{"appName": "패키지 설치 프로그램", "usage": 0},
				{"appName": "Logger", "usage": 0},
				{"appName": "Google Play 서비스", "usage": 0},
				{"appName": "하나카드", "usage": 0},
				{"appName": "U+ 고객센터", "usage": 0}
			]
		},
		"avgTime": {
			"usage": 8,
			"details": [
				{"appName": "Chrome", "usage": 3},
				{"appName": "11번가", "usage": 2},
				{"appName": "디즈니팝", "usage": 2},
				{"appName": "알람/시계", "usage": 2},
				{"appName": "계산기", "usage": 1},
				{"appName": "카메라", "usage": 1},
				{"appName": "갤러리", "usage": 0},
				{"appName": "원격 데스크톱", "usage": 0},
				{"appName": "토스", "usage": 0},
				{"appName": "카카오톡", "usage": 0},
				{"appName": "메시지", "usage": 0},
				{"appName": "카카오페이지", "usage": 0},
				{"appName": "쏠캘린더", "usage": 0},
				{"appName": "ES 파일 탐색기", "usage": 0},
				{"appName": "Gmail", "usage": 0},
				{"appName": "Polar Beat", "usage": 0},
				{"appName": "스터디헬퍼", "usage": 0},
				{"appName": "트위터", "usage": 0},
				{"appName": "하나1Q페이", "usage": 0},
				{"appName": "Paco", "usage": 0},
				{"appName": "접근성", "usage": 0},
				{"appName": "뱅크샐러드", "usage": 0},
				{"appName": "기본홈", "usage": 0},
				{"appName": "Google Play 스토어", "usage": 0},
				{"appName": "시스템 UI", "usage": 0},
				{"appName": "패키지 설치 프로그램", "usage": 0},
				{"appName": "Logger", "usage": 0},
				{"appName": "Google Play 서비스", "usage": 0},
				{"appName": "하나카드", "usage": 0},
				{"appName": "U+ 고객센터", "usage": 0}
			]
		},
		"lastPickup": {"time": 171}
	},
	{
		"date": 4,
		"totalTime": {
			"usage": 989,
			"details": [
				{"appName": "카카오페이지", "usage": 268},
				{"appName": "삼성 인터넷", "usage": 206},
				{"appName": "Chrome", "usage": 201},
				{"appName": "디즈니팝", "usage": 118},
				{"appName": "11번가", "usage": 85},
				{"appName": "카카오톡", "usage": 34},
				{"appName": "VIBE", "usage": 25},
				{"appName": "롯데면세점", "usage": 21},
				{"appName": "Frip", "usage": 7},
				{"appName": "Paco", "usage": 5},
				{"appName": "시스템 UI", "usage": 3},
				{"appName": "기본홈", "usage": 2},
				{"appName": "카메라", "usage": 2},
				{"appName": "Google Play 스토어", "usage": 1},
				{"appName": "Polar Beat", "usage": 0},
				{"appName": "Gmail", "usage": 0},
				{"appName": "ABC Logger", "usage": 0},
				{"appName": "하나1Q페이", "usage": 0},
				{"appName": "접근성", "usage": 0},
				{"appName": "Logger", "usage": 0},
				{"appName": "계산기", "usage": 0},
				{"appName": "Google Play 서비스", "usage": 0},
				{"appName": "Dropsync", "usage": 0},
				{"appName": "패키지 설치 프로그램", "usage": 0},
				{"appName": "스터디헬퍼", "usage": 0}
			]
		},
		"pickups": {"usage": 5},
		"downTime": {
			"usages": [
				{"hour": 2, "usage": 1},
				{"hour": 3, "usage": 60},
				{"hour": 4, "usage": 60},
				{"hour": 5, "usage": 60},
				{"hour": 6, "usage": 59},
				{"hour": 7, "usage": 48},
				{"hour": 8, "usage": 59},
				{"hour": 9, "usage": 60},
				{"hour": 10, "usage": 60},
				{"hour": 11, "usage": 60},
				{"hour": 12, "usage": 60},
				{"hour": 13, "usage": 60},
				{"hour": 14, "usage": 60},
				{"hour": 15, "usage": 60},
				{"hour": 16, "usage": 60},
				{"hour": 17, "usage": 60},
				{"hour": 18, "usage": 60},
				{"hour": 19, "usage": 40}
			],
			"details": [
				{"appName": "시스템 UI", "usage": [2, 3, 4, 5, 6, 7, 8, 9, 10, 11, 12, 13, 14, 15, 16, 17, 18]},
				{"appName": "카카오톡", "usage": [2, 3, 4, 5, 6, 7, 8, 9, 10, 11, 13, 14, 15, 16, 17, 18]},
				{"appName": "기본홈", "usage": [2, 3, 4, 5, 6, 7, 8, 9, 10, 11, 12, 14, 15, 16, 17, 18]},
				{"appName": "Chrome", "usage": [3, 4, 5, 6, 8, 9, 11, 12, 14, 16, 17, 18]},
				{"appName": "카카오페이지", "usage": [4, 5, 6, 7, 9, 10, 11, 14, 15, 16, 18]},
				{"appName": "Paco", "usage": [3, 4, 5, 6, 7, 8, 9, 10, 12, 14, 16]},
				{"appName": "11번가", "usage": [0, 2, 3, 4, 5, 6, 7, 8, 10, 14, 15]},
				{"appName": "VIBE", "usage": [2, 3, 6, 7, 8, 9, 12, 15]},
				{"appName": "삼성 인터넷", "usage": [12, 13, 14, 18, 19]},
				{"appName": "디즈니팝", "usage": [4, 7, 9, 11, 17]},
				{"appName": "하나1Q페이", "usage": [0, 5, 6, 14]},
				{"appName": "패키지 설치 프로그램", "usage": [4, 8, 10]},
				{"appName": "접근성", "usage": [2, 4, 16]},
				{"appName": "Polar Beat", "usage": [2, 4, 16]},
				{"appName": "Google Play 스토어", "usage": [7, 8, 16]},
				{"appName": "롯데면세점", "usage": [8, 17]},
				{"appName": "Google Play 서비스", "usage": [8, 16]},
				{"appName": "카메라", "usage": [8]},
				{"appName": "스터디헬퍼", "usage": [8]},
				{"appName": "계산기", "usage": [10]},
				{"appName": "Logger", "usage": [4]},
				{"appName": "Gmail", "usage": [8]},
				{"appName": "Frip", "usage": [8]},
				{"appName": "Dropsync", "usage": [16]},
				{"appName": "ABC Logger", "usage": [16]}
			]
		},
		"maxTime": {
			"usage": 670,
			"details": [
				{"appName": "삼성 인터넷", "usage": 79},
				{"appName": "디즈니팝", "usage": 33},
				{"appName": "Chrome", "usage": 23},
				{"appName": "11번가", "usage": 22},
				{"appName": "VIBE", "usage": 7},
				{"appName": "카카오페이지", "usage": 6},
				{"appName": "카카오톡", "usage": 5},
				{"appName": "롯데면세점", "usage": 4},
				{"appName": "카메라", "usage": 2},
				{"appName": "Frip", "usage": 1},
				{"appName": "Gmail", "usage": 0},
				{"appName": "기본홈", "usage": 0},
				{"appName": "ABC Logger", "usage": 0},
				{"appName": "Paco", "usage": 0},
				{"appName": "Google Play 스토어", "usage": 0},
				{"appName": "접근성", "usage": 0},
				{"appName": "Polar Beat", "usage": 0},
				{"appName": "하나1Q페이", "usage": 0},
				{"appName": "Logger", "usage": 0},
				{"appName": "시스템 UI", "usage": 0},
				{"appName": "계산기", "usage": 0},
				{"appName": "Dropsync", "usage": 0},
				{"appName": "Google Play 서비스", "usage": 0},
				{"appName": "스터디헬퍼", "usage": 0},
				{"appName": "패키지 설치 프로그램", "usage": 0}
			]
		},
		"avgTime": {
			"usage": 197,
			"details": [
				{"appName": "삼성 인터넷", "usage": 29},
				{"appName": "Chrome", "usage": 4},
				{"appName": "디즈니팝", "usage": 3},
				{"appName": "11번가", "usage": 2},
				{"appName": "카메라", "usage": 1},
				{"appName": "Gmail", "usage": 0},
				{"appName": "카카오페이지", "usage": 0},
				{"appName": "VIBE", "usage": 0},
				{"appName": "롯데면세점", "usage": 0},
				{"appName": "카카오톡", "usage": 0},
				{"appName": "Frip", "usage": 0},
				{"appName": "ABC Logger", "usage": 0},
				{"appName": "접근성", "usage": 0},
				{"appName": "계산기", "usage": 0},
				{"appName": "Paco", "usage": 0},
				{"appName": "Dropsync", "usage": 0},
				{"appName": "Polar Beat", "usage": 0},
				{"appName": "Logger", "usage": 0},
				{"appName": "Google Play 스토어", "usage": 0},
				{"appName": "기본홈", "usage": 0},
				{"appName": "하나1Q페이", "usage": 0},
				{"appName": "시스템 UI", "usage": 0},
				{"appName": "스터디헬퍼", "usage": 0},
				{"appName": "Google Play 서비스", "usage": 0},
				{"appName": "패키지 설치 프로그램", "usage": 0}
			]
		},
		"lastPickup": {"time": 670}
	},
	{
		"date": 5,
		"totalTime": {
			"usage": 890,
			"details": [
				{"appName": "삼성 인터넷", "usage": 260},
				{"appName": "Chrome", "usage": 190},
				{"appName": "카카오페이지", "usage": 180},
				{"appName": "카카오톡", "usage": 98},
				{"appName": "디즈니팝", "usage": 72},
				{"appName": "트위터", "usage": 15},
				{"appName": "뱅크샐러드", "usage": 11},
				{"appName": "기본홈", "usage": 11},
				{"appName": "Paco", "usage": 10},
				{"appName": "카카오뱅크", "usage": 8},
				{"appName": "Polar Beat", "usage": 7},
				{"appName": "VIBE", "usage": 6},
				{"appName": "11번가", "usage": 3},
				{"appName": "시스템 UI", "usage": 2},
				{"appName": "접근성", "usage": 2},
				{"appName": "다음카페", "usage": 2},
				{"appName": "쏠캘린더", "usage": 1},
				{"appName": "Gmail", "usage": 1},
				{"appName": "Instagram", "usage": 0},
				{"appName": "알람몬", "usage": 0},
				{"appName": "하나1Q페이", "usage": 0},
				{"appName": "ABC Logger", "usage": 0},
				{"appName": "Google", "usage": 0},
				{"appName": "패키지 설치 프로그램", "usage": 0},
				{"appName": "스터디헬퍼", "usage": 0},
				{"appName": "LG 키보드", "usage": 0},
				{"appName": "Logger", "usage": 0},
				{"appName": "카메라", "usage": 0}
			]
		},
		"pickups": {"usage": 16},
		"downTime": {
			"usages": [
				{"hour": 5, "usage": 44},
				{"hour": 6, "usage": 60},
				{"hour": 7, "usage": 60},
				{"hour": 8, "usage": 60},
				{"hour": 9, "usage": 56},
				{"hour": 10, "usage": 35},
				{"hour": 11, "usage": 60},
				{"hour": 12, "usage": 28},
				{"hour": 13, "usage": 47},
				{"hour": 14, "usage": 59},
				{"hour": 15, "usage": 55},
				{"hour": 16, "usage": 60},
				{"hour": 17, "usage": 60},
				{"hour": 18, "usage": 60},
				{"hour": 19, "usage": 60},
				{"hour": 20, "usage": 60},
				{"hour": 21, "usage": 23},
				{"hour": 23, "usage": 0}
			],
			"details": [
				{"appName": "기본홈", "usage": [5, 6, 7, 8, 9, 10, 11, 12, 13, 14, 15, 16, 17]},
				{"appName": "시스템 UI", "usage": [6, 7, 8, 9, 10, 11, 12, 13, 14, 15, 16, 17]},
				{"appName": "카카오페이지", "usage": [5, 6, 8, 9, 10, 11, 13, 14, 15, 16, 17]},
				{"appName": "Chrome", "usage": [5, 6, 7, 8, 9, 11, 12, 14, 15, 16, 17]},
				{"appName": "삼성 인터넷", "usage": [5, 6, 7, 8, 9, 17, 18, 19, 20, 21]},
				{"appName": "Paco", "usage": [6, 7, 8, 9, 10, 11, 12, 13, 14, 16]},
				{"appName": "카카오톡", "usage": [5, 7, 8, 10, 11, 13, 14, 15, 16]},
				{"appName": "디즈니팝", "usage": [5, 6, 8, 9, 12]},
				{"appName": "트위터", "usage": [7, 9, 11, 12]},
				{"appName": "접근성", "usage": [6, 13, 14, 17]},
				{"appName": "카카오뱅크", "usage": [7, 11, 12]},
				{"appName": "하나1Q페이", "usage": [9, 10]},
				{"appName": "알람몬", "usage": [14, 23]},
				{"appName": "VIBE", "usage": [9, 14]},
				{"appName": "Polar Beat", "usage": [6, 17]},
				{"appName": "LG 키보드", "usage": [7, 15]},
				{"appName": "Gmail", "usage": [5, 6]},
				{"appName": "ABC Logger", "usage": [12, 14]},
				{"appName": "11번가", "usage": [12, 13]},
				{"appName": "패키지 설치 프로그램", "usage": [13]},
				{"appName": "카메라", "usage": [16]},
				{"appName": "쏠캘린더", "usage": [13]},
				{"appName": "스터디헬퍼", "usage": [8]},
				{"appName": "뱅크샐러드", "usage": [7]},
				{"appName": "다음카페", "usage": [14]},
				{"appName": "Logger", "usage": [13]},
				{"appName": "Instagram", "usage": [15]},
				{"appName": "Google", "usage": [16]}
			]
		},
		"maxTime": {
			"usage": 356,
			"details": [
				{"appName": "삼성 인터넷", "usage": 204},
				{"appName": "디즈니팝", "usage": 29},
				{"appName": "Chrome", "usage": 23},
				{"appName": "카카오톡", "usage": 15},
				{"appName": "카카오페이지", "usage": 8},
				{"appName": "Polar Beat", "usage": 6},
				{"appName": "VIBE", "usage": 5},
				{"appName": "카카오뱅크", "usage": 4},
				{"appName": "뱅크샐러드", "usage": 3},
				{"appName": "Paco", "usage": 2},
				{"appName": "기본홈", "usage": 2},
				{"appName": "11번가", "usage": 1},
				{"appName": "트위터", "usage": 1},
				{"appName": "다음카페", "usage": 1},
				{"appName": "접근성", "usage": 1},
				{"appName": "Gmail", "usage": 0},
				{"appName": "쏠캘린더", "usage": 0},
				{"appName": "Instagram", "usage": 0},
				{"appName": "알람몬", "usage": 0},
				{"appName": "하나1Q페이", "usage": 0},
				{"appName": "ABC Logger", "usage": 0},
				{"appName": "시스템 UI", "usage": 0},
				{"appName": "Google", "usage": 0},
				{"appName": "스터디헬퍼", "usage": 0},
				{"appName": "패키지 설치 프로그램", "usage": 0},
				{"appName": "LG 키보드", "usage": 0},
				{"appName": "Logger", "usage": 0},
				{"appName": "카메라", "usage": 0}
			]
		},
		"avgTime": {
			"usage": 55,
			"details": [
				{"appName": "삼성 인터넷", "usage": 32},
				{"appName": "Chrome", "usage": 3},
				{"appName": "디즈니팝", "usage": 3},
				{"appName": "Polar Beat", "usage": 1},
				{"appName": "VIBE", "usage": 0},
				{"appName": "카카오톡", "usage": 0},
				{"appName": "다음카페", "usage": 0},
				{"appName": "카카오페이지", "usage": 0},
				{"appName": "접근성", "usage": 0},
				{"appName": "11번가", "usage": 0},
				{"appName": "Gmail", "usage": 0},
				{"appName": "Instagram", "usage": 0},
				{"appName": "트위터", "usage": 0},
				{"appName": "카카오뱅크", "usage": 0},
				{"appName": "하나1Q페이", "usage": 0},
				{"appName": "기본홈", "usage": 0},
				{"appName": "쏠캘린더", "usage": 0},
				{"appName": "Paco", "usage": 0},
				{"appName": "뱅크샐러드", "usage": 0},
				{"appName": "ABC Logger", "usage": 0},
				{"appName": "Google", "usage": 0},
				{"appName": "스터디헬퍼", "usage": 0},
				{"appName": "알람몬", "usage": 0},
				{"appName": "시스템 UI", "usage": 0},
				{"appName": "패키지 설치 프로그램", "usage": 0},
				{"appName": "LG 키보드", "usage": 0},
				{"appName": "카메라", "usage": 0},
				{"appName": "Logger", "usage": 0}
			]
		},
		"lastPickup": {"time": 0}
	},
	{
		"date": 6,
		"totalTime": {
			"usage": 758,
			"details": [
				{"appName": "카카오페이지", "usage": 175},
				{"appName": "Chrome", "usage": 140},
				{"appName": "디즈니팝", "usage": 105},
				{"appName": "YouTube", "usage": 89},
				{"appName": "카카오톡", "usage": 51},
				{"appName": "알람몬", "usage": 32},
				{"appName": "메시지", "usage": 18},
				{"appName": "Paco", "usage": 18},
				{"appName": "T전화", "usage": 17},
				{"appName": "Gmail", "usage": 16},
				{"appName": "당근마켓", "usage": 15},
				{"appName": "삼성 인터넷", "usage": 12},
				{"appName": "롯데면세점", "usage": 10},
				{"appName": "ABC Logger", "usage": 7},
				{"appName": "원격 데스크톱", "usage": 7},
				{"appName": "Melon", "usage": 7},
				{"appName": "쏠캘린더", "usage": 5},
				{"appName": "Polar Beat", "usage": 5},
				{"appName": "접근성", "usage": 4},
				{"appName": "기본홈", "usage": 3},
				{"appName": "시스템 UI", "usage": 2},
				{"appName": "드라이브", "usage": 1},
				{"appName": "카카오뱅크", "usage": 1},
				{"appName": "스터디헬퍼", "usage": 0},
				{"appName": "Bluetooth", "usage": 0},
				{"appName": "Google Play 스토어", "usage": 0},
				{"appName": "VIBE", "usage": 0},
				{"appName": "하나1Q페이", "usage": 0},
				{"appName": "패키지 설치 프로그램", "usage": 0},
				{"appName": "Google Play 서비스", "usage": 0},
				{"appName": "Android 시스템", "usage": 0},
				{"appName": "주소록", "usage": 0},
				{"appName": "갤러리", "usage": 0},
				{"appName": "통화 관리", "usage": 0},
				{"appName": "하나카드", "usage": 0}
			]
		},
		"pickups": {"usage": 45},
		"downTime": {
			"usages": [
				{"hour": 0, "usage": 15},
				{"hour": 1, "usage": 23},
				{"hour": 2, "usage": 13},
				{"hour": 3, "usage": 60},
				{"hour": 4, "usage": 32},
				{"hour": 5, "usage": 58},
				{"hour": 6, "usage": 45},
				{"hour": 7, "usage": 28},
				{"hour": 8, "usage": 30},
				{"hour": 9, "usage": 45},
				{"hour": 10, "usage": 53},
				{"hour": 11, "usage": 60},
				{"hour": 12, "usage": 60},
				{"hour": 13, "usage": 60},
				{"hour": 14, "usage": 60},
				{"hour": 15, "usage": 44},
				{"hour": 16, "usage": 16},
				{"hour": 17, "usage": 46},
				{"hour": 22, "usage": 4},
				{"hour": 23, "usage": 0}
			],
			"details": [
				{"appName": "카카오페이지", "usage": [1, 2, 3, 4, 5, 7, 8, 9, 10, 11, 12, 13, 14, 16, 17, 21, 22]},
				{"appName": "시스템 UI", "usage": [2, 3, 4, 5, 6, 7, 8, 9, 10, 11, 12, 13, 14, 17]},
				{"appName": "기본홈", "usage": [2, 3, 4, 5, 6, 8, 9, 10, 12, 13, 14, 15, 16]},
				{"appName": "카카오톡", "usage": [1, 3, 4, 5, 8, 9, 12, 13, 14, 15, 16]},
				{"appName": "Paco", "usage": [3, 4, 5, 6, 7, 9, 10, 12, 13, 14, 15]},
				{"appName": "Chrome", "usage": [2, 4, 5, 6, 8, 9, 12, 13, 14, 15]},
				{"appName": "디즈니팝", "usage": [3, 6, 7, 8, 9, 16, 17]},
				{"appName": "Gmail", "usage": [2, 3, 4, 7, 8, 9]},
				{"appName": "쏠캘린더", "usage": [2, 3, 4, 9, 21]},
				{"appName": "알람몬", "usage": [0, 1, 2, 23]},
				{"appName": "메시지", "usage": [2, 4, 5, 6]},
				{"appName": "하나1Q페이", "usage": [8, 9, 14]},
				{"appName": "YouTube", "usage": [10, 11, 12]},
				{"appName": "T전화", "usage": [3, 14, 15]},
				{"appName": "Polar Beat", "usage": [2, 15, 16]},
				{"appName": "주소록", "usage": [5, 6]},
				{"appName": "접근성", "usage": [2, 15]},
				{"appName": "삼성 인터넷", "usage": [1, 13]},
				{"appName": "롯데면세점", "usage": [5, 6]},
				{"appName": "Google Play 스토어", "usage": [12, 13]},
				{"appName": "ABC Logger", "usage": [2, 3]},
				{"appName": "하나카드", "usage": [8]},
				{"appName": "패키지 설치 프로그램", "usage": [12]},
				{"appName": "통화 관리", "usage": [14]},
				{"appName": "카카오뱅크", "usage": [5]},
				{"appName": "원격 데스크톱", "usage": [5]},
				{"appName": "스터디헬퍼", "usage": [8]},
				{"appName": "드라이브", "usage": [2]},
				{"appName": "당근마켓", "usage": [12]},
				{"appName": "갤러리", "usage": [4]},
				{"appName": "VIBE", "usage": [10]},
				{"appName": "Melon", "usage": [12]},
				{"appName": "Google Play 서비스", "usage": [13]},
				{"appName": "Bluetooth", "usage": [10]},
				{"appName": "Android 시스템", "usage": [2]}
			]
		},
		"maxTime": {
			"usage": 314,
			"details": [
				{"appName": "YouTube", "usage": 52},
				{"appName": "알람몬", "usage": 30},
				{"appName": "Chrome", "usage": 24},
				{"appName": "디즈니팝", "usage": 20},
				{"appName": "삼성 인터넷", "usage": 12},
				{"appName": "카카오페이지", "usage": 10},
				{"appName": "T전화", "usage": 9},
				{"appName": "ABC Logger", "usage": 7},
				{"appName": "롯데면세점", "usage": 5},
				{"appName": "원격 데스크톱", "usage": 5},
				{"appName": "Gmail", "usage": 5},
				{"appName": "메시지", "usage": 5},
				{"appName": "쏠캘린더", "usage": 5},
				{"appName": "카카오톡", "usage": 5},
				{"appName": "Paco", "usage": 5},
				{"appName": "Polar Beat", "usage": 4},
				{"appName": "Melon", "usage": 4},
				{"appName": "접근성", "usage": 4},
				{"appName": "드라이브", "usage": 1},
				{"appName": "시스템 UI", "usage": 1},
				{"appName": "당근마켓", "usage": 1},
				{"appName": "카카오뱅크", "usage": 1},
				{"appName": "스터디헬퍼", "usage": 0},
				{"appName": "Bluetooth", "usage": 0},
				{"appName": "기본홈", "usage": 0},
				{"appName": "하나1Q페이", "usage": 0},
				{"appName": "Google Play 스토어", "usage": 0},
				{"appName": "Google Play 서비스", "usage": 0},
				{"appName": "VIBE", "usage": 0},
				{"appName": "패키지 설치 프로그램", "usage": 0},
				{"appName": "Android 시스템", "usage": 0},
				{"appName": "갤러리", "usage": 0},
				{"appName": "주소록", "usage": 0},
				{"appName": "통화 관리", "usage": 0},
				{"appName": "하나카드", "usage": 0}
			]
		},
		"avgTime": {
			"usage": 16,
			"details": [
				{"appName": "YouTube", "usage": 22},
				{"appName": "T전화", "usage": 8},
				{"appName": "삼성 인터넷", "usage": 6},
				{"appName": "Chrome", "usage": 4},
				{"appName": "ABC Logger", "usage": 3},
				{"appName": "디즈니팝", "usage": 3},
				{"appName": "드라이브", "usage": 1},
				{"appName": "원격 데스크톱", "usage": 1},
				{"appName": "접근성", "usage": 1},
				{"appName": "Gmail", "usage": 1},
				{"appName": "스터디헬퍼", "usage": 0},
				{"appName": "알람몬", "usage": 0},
				{"appName": "Melon", "usage": 0},
				{"appName": "Polar Beat", "usage": 0},
				{"appName": "롯데면세점", "usage": 0},
				{"appName": "카카오페이지", "usage": 0},
				{"appName": "쏠캘린더", "usage": 0},
				{"appName": "메시지", "usage": 0},
				{"appName": "Bluetooth", "usage": 0},
				{"appName": "카카오톡", "usage": 0},
				{"appName": "Paco", "usage": 0},
				{"appName": "카카오뱅크", "usage": 0},
				{"appName": "당근마켓", "usage": 0},
				{"appName": "Google Play 서비스", "usage": 0},
				{"appName": "시스템 UI", "usage": 0},
				{"appName": "기본홈", "usage": 0},
				{"appName": "하나1Q페이", "usage": 0},
				{"appName": "VIBE", "usage": 0},
				{"appName": "Google Play 스토어", "usage": 0},
				{"appName": "패키지 설치 프로그램", "usage": 0},
				{"appName": "Android 시스템", "usage": 0},
				{"appName": "갤러리", "usage": 0},
				{"appName": "주소록", "usage": 0},
				{"appName": "통화 관리", "usage": 0},
				{"appName": "하나카드", "usage": 0}
			]
		},
		"lastPickup": {"time": 0}
	},
	{
		"date": 7,
		"totalTime": {
			"usage": 1060,
			"details": [
				{"appName": "디즈니팝", "usage": 82},
				{"appName": "카카오톡", "usage": 67},
				{"appName": "카카오페이지", "usage": 44},
				{"appName": "Chrome", "usage": 43},
				{"appName": "메시지", "usage": 40},
				{"appName": "카카오뱅크", "usage": 20},
				{"appName": "기본홈", "usage": 16},
				{"appName": "Melon", "usage": 15},
				{"appName": "Gmail", "usage": 13},
				{"appName": "Paco", "usage": 13},
				{"appName": "뱅크샐러드", "usage": 10},
				{"appName": "텔레그램", "usage": 5},
				{"appName": "당근마켓", "usage": 5},
				{"appName": "다음카페", "usage": 3},
				{"appName": "쏠캘린더", "usage": 2},
				{"appName": "시스템 UI", "usage": 1},
				{"appName": "Lysn", "usage": 1},
				{"appName": "Polar Beat", "usage": 1},
				{"appName": "갤러리", "usage": 1},
				{"appName": "Instagram", "usage": 1},
				{"appName": "삼성 인터넷", "usage": 1},
				{"appName": "토스", "usage": 1},
				{"appName": "카메라", "usage": 0},
				{"appName": "접근성", "usage": 0},
				{"appName": "ABC Logger", "usage": 0},
				{"appName": "VIBE", "usage": 0},
				{"appName": "알람몬", "usage": 0},
				{"appName": "트위터", "usage": 0},
				{"appName": "포토", "usage": 0},
				{"appName": "Android 시스템", "usage": 0},
				{"appName": "네트워크", "usage": 0},
				{"appName": "스터디헬퍼", "usage": 0},
				{"appName": "잠금화면 설정", "usage": 0},
				{"appName": "Logger", "usage": 0},
				{"appName": "주소록", "usage": 0},
				{"appName": "설정", "usage": 0},
				{"appName": "패키지 설치 프로그램", "usage": 0},
				{"appName": "Shutdown Monitor", "usage": 0},
				{"appName": "하나1Q페이", "usage": 0}
			]
		},
		"pickups": {"usage": 89},
		"downTime": {
			"usages": [
				{"hour": 1, "usage": 32},
				{"hour": 2, "usage": 47},
				{"hour": 3, "usage": 48},
				{"hour": 4, "usage": 12},
				{"hour": 5, "usage": 17},
				{"hour": 6, "usage": 42},
				{"hour": 7, "usage": 53},
				{"hour": 8, "usage": 20},
				{"hour": 9, "usage": 8},
				{"hour": 10, "usage": 35},
				{"hour": 11, "usage": 38},
				{"hour": 12, "usage": 45},
				{"hour": 13, "usage": 1}
			],
			"details": [
				{"appName": "카카오톡", "usage": [1, 2, 3, 4, 5, 6, 7, 8, 9, 10, 11, 12, 13]},
				{"appName": "기본홈", "usage": [1, 2, 3, 4, 5, 6, 7, 8, 9, 10, 11, 12]},
				{"appName": "시스템 UI", "usage": [1, 2, 3, 4, 6, 7, 8, 11, 12]},
				{"appName": "Paco", "usage": [1, 2, 3, 6, 7, 8, 9, 10, 12]},
				{"appName": "카카오페이지", "usage": [1, 2, 6, 7, 8, 10, 11, 12]},
				{"appName": "카카오뱅크", "usage": [1, 2, 4, 5, 7, 8]},
				{"appName": "메시지", "usage": [2, 5, 6, 8, 11]},
				{"appName": "디즈니팝", "usage": [2, 6, 7, 10]},
				{"appName": "Polar Beat", "usage": [1, 4, 5, 7]},
				{"appName": "Chrome", "usage": [1, 2, 3, 7]},
				{"appName": "접근성", "usage": [1, 3, 5]},
				{"appName": "쏠캘린더", "usage": [3, 7, 8]},
				{"appName": "뱅크샐러드", "usage": [7, 8, 9]},
				{"appName": "갤러리", "usage": [3, 5, 12]},
				{"appName": "Gmail", "usage": [1, 2, 7]},
				{"appName": "Android 시스템", "usage": [5, 7, 12]},
				{"appName": "주소록", "usage": [6, 11]},
				{"appName": "설정", "usage": [2, 4]},
				{"appName": "Melon", "usage": [3, 4]},
				{"appName": "하나1Q페이", "usage": [8]},
				{"appName": "포토", "usage": [5]},
				{"appName": "패키지 설치 프로그램", "usage": [5]},
				{"appName": "트위터", "usage": [11]},
				{"appName": "토스", "usage": [7]},
				{"appName": "텔레그램", "usage": [6]},
				{"appName": "카메라", "usage": [12]},
				{"appName": "잠금화면 설정", "usage": [2]},
				{"appName": "알람몬", "usage": [1]},
				{"appName": "스터디헬퍼", "usage": [8]},
				{"appName": "삼성 인터넷", "usage": [5]},
				{"appName": "당근마켓", "usage": [1]},
				{"appName": "다음카페", "usage": [1]},
				{"appName": "네트워크", "usage": [4]},
				{"appName": "VIBE", "usage": [3]},
				{"appName": "Shutdown Monitor", "usage": [4]},
				{"appName": "Lysn", "usage": [7]},
				{"appName": "Logger", "usage": [5]},
				{"appName": "Instagram", "usage": [3]},
				{"appName": "ABC Logger", "usage": [3]}
			]
		},
		"maxTime": {
			"usage": 656,
			"details": [
				{"appName": "디즈니팝", "usage": 27},
				{"appName": "Chrome", "usage": 22},
				{"appName": "메시지", "usage": 11},
				{"appName": "Melon", "usage": 8},
				{"appName": "카카오톡", "usage": 7},
				{"appName": "Paco", "usage": 6},
				{"appName": "카카오페이지", "usage": 5},
				{"appName": "텔레그램", "usage": 5},
				{"appName": "Gmail", "usage": 5},
				{"appName": "기본홈", "usage": 5},
				{"appName": "카카오뱅크", "usage": 4},
				{"appName": "당근마켓", "usage": 4},
				{"appName": "쏠캘린더", "usage": 1},
				{"appName": "삼성 인터넷", "usage": 1},
				{"appName": "Lysn", "usage": 1},
				{"appName": "다음카페", "usage": 0},
				{"appName": "Instagram", "usage": 0},
				{"appName": "뱅크샐러드", "usage": 0},
				{"appName": "Polar Beat", "usage": 0},
				{"appName": "갤러리", "usage": 0},
				{"appName": "시스템 UI", "usage": 0},
				{"appName": "카메라", "usage": 0},
				{"appName": "ABC Logger", "usage": 0},
				{"appName": "토스", "usage": 0},
				{"appName": "알람몬", "usage": 0},
				{"appName": "접근성", "usage": 0},
				{"appName": "트위터", "usage": 0},
				{"appName": "포토", "usage": 0},
				{"appName": "VIBE", "usage": 0},
				{"appName": "네트워크", "usage": 0},
				{"appName": "스터디헬퍼", "usage": 0},
				{"appName": "Android 시스템", "usage": 0},
				{"appName": "잠금화면 설정", "usage": 0},
				{"appName": "Logger", "usage": 0},
				{"appName": "주소록", "usage": 0},
				{"appName": "설정", "usage": 0},
				{"appName": "패키지 설치 프로그램", "usage": 0},
				{"appName": "Shutdown Monitor", "usage": 0},
				{"appName": "하나1Q페이", "usage": 0}
			]
		},
		"avgTime": {
			"usage": 11,
			"details": [
				{"appName": "디즈니팝", "usage": 3},
				{"appName": "텔레그램", "usage": 2},
				{"appName": "메시지", "usage": 1},
				{"appName": "Chrome", "usage": 1},
				{"appName": "삼성 인터넷", "usage": 1},
				{"appName": "Gmail", "usage": 0},
				{"appName": "당근마켓", "usage": 0},
				{"appName": "Melon", "usage": 0},
				{"appName": "갤러리", "usage": 0},
				{"appName": "카카오페이지", "usage": 0},
				{"appName": "Paco", "usage": 0},
				{"appName": "쏠캘린더", "usage": 0},
				{"appName": "카메라", "usage": 0},
				{"appName": "카카오톡", "usage": 0},
				{"appName": "Instagram", "usage": 0},
				{"appName": "기본홈", "usage": 0},
				{"appName": "Lysn", "usage": 0},
				{"appName": "카카오뱅크", "usage": 0},
				{"appName": "알람몬", "usage": 0},
				{"appName": "ABC Logger", "usage": 0},
				{"appName": "Polar Beat", "usage": 0},
				{"appName": "다음카페", "usage": 0},
				{"appName": "뱅크샐러드", "usage": 0},
				{"appName": "접근성", "usage": 0},
				{"appName": "토스", "usage": 0},
				{"appName": "포토", "usage": 0},
				{"appName": "VIBE", "usage": 0},
				{"appName": "잠금화면 설정", "usage": 0},
				{"appName": "트위터", "usage": 0},
				{"appName": "시스템 UI", "usage": 0},
				{"appName": "Android 시스템", "usage": 0},
				{"appName": "네트워크", "usage": 0},
				{"appName": "스터디헬퍼", "usage": 0},
				{"appName": "Logger", "usage": 0},
				{"appName": "주소록", "usage": 0},
				{"appName": "패키지 설치 프로그램", "usage": 0},
				{"appName": "설정", "usage": 0},
				{"appName": "Shutdown Monitor", "usage": 0},
				{"appName": "하나1Q페이", "usage": 0}
			]
		},
		"lastPickup": {"time": 656}
	}
]
