[
	{
		"date": 1,
		"totalTime": {
			"usage": 0,
			"details": [
			]
		},
		"pickups": {"usage": 0},
		"downTime": {
			"usages": [
			],
			"details": [
			]
		},
		"maxTime": {
			"usage": 0,
			"details": [
			]
		},
		"avgTime": {
			"usage": 0,
			"details": [
			]
		},
		"lastPickup": {"time": 0}
	},
	{
		"date": 2,
		"totalTime": {
			"usage": 0,
			"details": [
			]
		},
		"pickups": {"usage": 0},
		"downTime": {
			"usages": [
			],
			"details": [
			]
		},
		"maxTime": {
			"usage": 0,
			"details": [
			]
		},
		"avgTime": {
			"usage": 0,
			"details": [
			]
		},
		"lastPickup": {"time": 0}
	},
	{
		"date": 3,
		"totalTime": {
			"usage": 27,
			"details": [
				{"appName": "Microsoft Band", "usage": 7},
				{"appName": "삼성 인터넷", "usage": 4},
				{"appName": "드라이브", "usage": 4},
				{"appName": "Suunto", "usage": 3},
				{"appName": "Dropsync", "usage": 1},
				{"appName": "YouTube", "usage": 1},
				{"appName": "시스템 UI", "usage": 1},
				{"appName": "설정", "usage": 1},
				{"appName": "Samsung Experience 홈", "usage": 1},
				{"appName": "카카오톡", "usage": 0},
				{"appName": "디바이스 관리", "usage": 0},
				{"appName": "메시지", "usage": 0},
				{"appName": "파일", "usage": 0},
				{"appName": "좋은 카메라", "usage": 0}
			]
		},
		"pickups": {"usage": 2},
		"downTime": {
			"usages": [
				{"hour": 23, "usage": 27}
			],
			"details": [
				{"appName": "카카오톡", "usage": [21, 22, 23]},
				{"appName": "좋은 카메라", "usage": [21, 22, 23]},
				{"appName": "파일", "usage": [23]},
				{"appName": "시스템 UI", "usage": [23]},
				{"appName": "설정", "usage": [23]},
				{"appName": "삼성 인터넷", "usage": [23]},
				{"appName": "메시지", "usage": [23]},
				{"appName": "디바이스 관리", "usage": [23]},
				{"appName": "드라이브", "usage": [23]},
				{"appName": "YouTube", "usage": [23]},
				{"appName": "Suunto", "usage": [23]},
				{"appName": "Samsung Experience 홈", "usage": [23]},
				{"appName": "Microsoft Band", "usage": [23]},
				{"appName": "Dropsync", "usage": [23]}
			]
		},
		"maxTime": {
			"usage": 27,
			"details": [
				{"appName": "Microsoft Band", "usage": 2},
				{"appName": "Suunto", "usage": 1},
				{"appName": "드라이브", "usage": 1},
				{"appName": "삼성 인터넷", "usage": 1},
				{"appName": "YouTube", "usage": 1},
				{"appName": "설정", "usage": 0},
				{"appName": "디바이스 관리", "usage": 0},
				{"appName": "카카오톡", "usage": 0},
				{"appName": "메시지", "usage": 0},
				{"appName": "Dropsync", "usage": 0},
				{"appName": "시스템 UI", "usage": 0},
				{"appName": "Samsung Experience 홈", "usage": 0},
				{"appName": "파일", "usage": 0},
				{"appName": "좋은 카메라", "usage": 0}
			]
		},
		"avgTime": {
			"usage": 13,
			"details": [
				{"appName": "디바이스 관리", "usage": 0},
				{"appName": "YouTube", "usage": 0},
				{"appName": "Microsoft Band", "usage": 0},
				{"appName": "삼성 인터넷", "usage": 0},
				{"appName": "설정", "usage": 0},
				{"appName": "Suunto", "usage": 0},
				{"appName": "드라이브", "usage": 0},
				{"appName": "메시지", "usage": 0},
				{"appName": "파일", "usage": 0},
				{"appName": "Dropsync", "usage": 0},
				{"appName": "Samsung Experience 홈", "usage": 0},
				{"appName": "카카오톡", "usage": 0},
				{"appName": "시스템 UI", "usage": 0},
				{"appName": "좋은 카메라", "usage": 0}
			]
		},
		"lastPickup": {"time": 27}
	},
	{
		"date": 4,
		"totalTime": {
			"usage": 482,
			"details": [
				{"appName": "Wahoo", "usage": 130},
				{"appName": "oksusu", "usage": 118},
				{"appName": "Samsung Experience 홈", "usage": 61},
				{"appName": "YouTube", "usage": 58},
				{"appName": "카카오톡", "usage": 44},
				{"appName": "삼성 인터넷", "usage": 15},
				{"appName": "Suunto", "usage": 13},
				{"appName": "Paco", "usage": 6},
				{"appName": "시스템 UI", "usage": 5},
				{"appName": "Google Play 스토어", "usage": 5},
				{"appName": "Samsung Pay", "usage": 3},
				{"appName": "Polar Beat", "usage": 3},
				{"appName": "우리카드", "usage": 2},
				{"appName": "카메라", "usage": 2},
				{"appName": "CaptivePortalLogin", "usage": 1},
				{"appName": "지도", "usage": 1},
				{"appName": "설정", "usage": 1},
				{"appName": "똑똑가계부", "usage": 1},
				{"appName": "VIBE", "usage": 0},
				{"appName": "전화", "usage": 0},
				{"appName": "게임런처", "usage": 0},
				{"appName": "캘린더", "usage": 0},
				{"appName": "연락처", "usage": 0},
				{"appName": "메시지", "usage": 0},
				{"appName": "패키지 설치 프로그램", "usage": 0},
				{"appName": "네이버 뮤직", "usage": 0},
				{"appName": "좋은 카메라", "usage": 0}
			]
		},
		"pickups": {"usage": 51},
		"downTime": {
			"usages": [
				{"hour": 0, "usage": 56},
				{"hour": 1, "usage": 43},
				{"hour": 2, "usage": 6},
				{"hour": 3, "usage": 42},
				{"hour": 4, "usage": 11},
				{"hour": 5, "usage": 31},
				{"hour": 6, "usage": 25},
				{"hour": 7, "usage": 32},
				{"hour": 9, "usage": 5},
				{"hour": 10, "usage": 43},
				{"hour": 11, "usage": 14},
				{"hour": 12, "usage": 17},
				{"hour": 13, "usage": 23},
				{"hour": 14, "usage": 29},
				{"hour": 15, "usage": 60},
				{"hour": 16, "usage": 37},
				{"hour": 23, "usage": 0}
			],
			"details": [
				{"appName": "좋은 카메라", "usage": [0, 1, 2, 3, 4, 5, 6, 7, 8, 9, 10, 11, 12, 13, 14, 15, 16, 17, 18, 19, 20, 21, 22, 23]},
				{"appName": "Samsung Experience 홈", "usage": [0, 1, 2, 3, 4, 5, 6, 7, 9, 10, 11, 12, 13, 14, 15]},
				{"appName": "시스템 UI", "usage": [0, 1, 3, 4, 5, 6, 7, 9, 10, 12, 13, 14, 15]},
				{"appName": "Paco", "usage": [1, 2, 3, 4, 5, 6, 7, 9, 10, 11, 12, 15]},
				{"appName": "카카오톡", "usage": [2, 5, 6, 7, 9, 10, 11, 12, 13, 14, 15]},
				{"appName": "oksusu", "usage": [14, 15, 16, 17, 18, 19, 20, 21, 22, 23]},
				{"appName": "YouTube", "usage": [6, 7, 8, 9, 10, 13, 14]},
				{"appName": "Wahoo", "usage": [0, 1, 3, 4, 5, 6, 11]},
				{"appName": "Polar Beat", "usage": [0, 3, 5, 6, 7, 13, 15]},
				{"appName": "설정", "usage": [1, 6, 7, 10, 13]},
				{"appName": "삼성 인터넷", "usage": [5, 6, 7, 11, 13]},
				{"appName": "Suunto", "usage": [1, 5, 6, 10, 11]},
				{"appName": "똑똑가계부", "usage": [1, 3, 5, 11]},
				{"appName": "전화", "usage": [6, 9, 10]},
				{"appName": "Samsung Pay", "usage": [1, 3, 5]},
				{"appName": "Google Play 스토어", "usage": [11, 13, 14]},
				{"appName": "카메라", "usage": [2, 3]},
				{"appName": "우리카드", "usage": [1, 5]},
				{"appName": "CaptivePortalLogin", "usage": [5, 11]},
				{"appName": "패키지 설치 프로그램", "usage": [14]},
				{"appName": "캘린더", "usage": [12]},
				{"appName": "지도", "usage": [5]},
				{"appName": "연락처", "usage": [9]},
				{"appName": "메시지", "usage": [12]},
				{"appName": "네이버 뮤직", "usage": [13]},
				{"appName": "게임런처", "usage": [11]},
				{"appName": "VIBE", "usage": [13]}
			]
		},
		"maxTime": {
			"usage": 126,
			"details": [
				{"appName": "oksusu", "usage": 52},
				{"appName": "Wahoo", "usage": 34},
				{"appName": "삼성 인터넷", "usage": 9},
				{"appName": "YouTube", "usage": 8},
				{"appName": "카카오톡", "usage": 7},
				{"appName": "Samsung Experience 홈", "usage": 6},
				{"appName": "Google Play 스토어", "usage": 5},
				{"appName": "시스템 UI", "usage": 4},
				{"appName": "카메라", "usage": 2},
				{"appName": "CaptivePortalLogin", "usage": 1},
				{"appName": "Suunto", "usage": 1},
				{"appName": "우리카드", "usage": 1},
				{"appName": "지도", "usage": 1},
				{"appName": "Polar Beat", "usage": 0},
				{"appName": "Paco", "usage": 0},
				{"appName": "Samsung Pay", "usage": 0},
				{"appName": "VIBE", "usage": 0},
				{"appName": "전화", "usage": 0},
				{"appName": "똑똑가계부", "usage": 0},
				{"appName": "설정", "usage": 0},
				{"appName": "캘린더", "usage": 0},
				{"appName": "게임런처", "usage": 0},
				{"appName": "메시지", "usage": 0},
				{"appName": "연락처", "usage": 0},
				{"appName": "패키지 설치 프로그램", "usage": 0},
				{"appName": "네이버 뮤직", "usage": 0},
				{"appName": "좋은 카메라", "usage": 0}
			]
		},
		"avgTime": {
			"usage": 9,
			"details": [
				{"appName": "Wahoo", "usage": 4},
				{"appName": "oksusu", "usage": 4},
				{"appName": "YouTube", "usage": 2},
				{"appName": "삼성 인터넷", "usage": 1},
				{"appName": "카메라", "usage": 1},
				{"appName": "지도", "usage": 0},
				{"appName": "우리카드", "usage": 0},
				{"appName": "CaptivePortalLogin", "usage": 0},
				{"appName": "Samsung Experience 홈", "usage": 0},
				{"appName": "Google Play 스토어", "usage": 0},
				{"appName": "카카오톡", "usage": 0},
				{"appName": "Samsung Pay", "usage": 0},
				{"appName": "VIBE", "usage": 0},
				{"appName": "Suunto", "usage": 0},
				{"appName": "전화", "usage": 0},
				{"appName": "똑똑가계부", "usage": 0},
				{"appName": "시스템 UI", "usage": 0},
				{"appName": "Polar Beat", "usage": 0},
				{"appName": "Paco", "usage": 0},
				{"appName": "메시지", "usage": 0},
				{"appName": "캘린더", "usage": 0},
				{"appName": "연락처", "usage": 0},
				{"appName": "게임런처", "usage": 0},
				{"appName": "설정", "usage": 0},
				{"appName": "패키지 설치 프로그램", "usage": 0},
				{"appName": "네이버 뮤직", "usage": 0},
				{"appName": "좋은 카메라", "usage": 0}
			]
		},
		"lastPickup": {"time": 0}
	},
	{
		"date": 5,
		"totalTime": {
			"usage": 376,
			"details": [
				{"appName": "oksusu", "usage": 175},
				{"appName": "YouTube", "usage": 65},
				{"appName": "카카오톡", "usage": 41},
				{"appName": "Samsung Experience 홈", "usage": 22},
				{"appName": "카카오페이지", "usage": 16},
				{"appName": "우리카드", "usage": 14},
				{"appName": "연락처", "usage": 10},
				{"appName": "밥대생", "usage": 6},
				{"appName": "삼성 인터넷", "usage": 3},
				{"appName": "Samsung Pay", "usage": 3},
				{"appName": "전화", "usage": 3},
				{"appName": "Paco", "usage": 3},
				{"appName": "설정", "usage": 2},
				{"appName": "똑똑가계부", "usage": 1},
				{"appName": "Polar Beat", "usage": 1},
				{"appName": "VIBE", "usage": 0},
				{"appName": "시스템 UI", "usage": 0},
				{"appName": "KLMS", "usage": 0},
				{"appName": "시계", "usage": 0},
				{"appName": "KAIST Library", "usage": 0},
				{"appName": "Google Play 서비스", "usage": 0},
				{"appName": "CaptivePortalLogin", "usage": 0},
				{"appName": "Suunto", "usage": 0},
				{"appName": "스마트 스캔", "usage": 0},
				{"appName": "좋은 카메라", "usage": 0},
				{"appName": "KAIST Portal", "usage": 0}
			]
		},
		"pickups": {"usage": 54},
		"downTime": {
			"usages": [
				{"hour": 1, "usage": 22},
				{"hour": 2, "usage": 14},
				{"hour": 3, "usage": 50},
				{"hour": 4, "usage": 23},
				{"hour": 5, "usage": 0},
				{"hour": 6, "usage": 0},
				{"hour": 7, "usage": 0},
				{"hour": 8, "usage": 8},
				{"hour": 9, "usage": 20},
				{"hour": 10, "usage": 12},
				{"hour": 11, "usage": 60},
				{"hour": 12, "usage": 60},
				{"hour": 13, "usage": 46},
				{"hour": 14, "usage": 1},
				{"hour": 15, "usage": 22},
				{"hour": 22, "usage": 7},
				{"hour": 23, "usage": 24}
			],
			"details": [
				{"appName": "좋은 카메라", "usage": [0, 1, 2, 3, 4, 5, 6, 7, 8, 9, 10, 11, 12, 13, 14, 15, 16]},
				{"appName": "Samsung Experience 홈", "usage": [1, 2, 3, 4, 5, 6, 7, 8, 9, 10, 11, 13, 14, 15, 22, 23]},
				{"appName": "카카오톡", "usage": [1, 2, 3, 4, 5, 7, 8, 9, 10, 11, 13, 14, 15, 22, 23]},
				{"appName": "스마트 스캔", "usage": [3, 4, 5, 6, 7, 8, 9, 10, 13, 14, 15, 16, 22, 23]},
				{"appName": "시스템 UI", "usage": [1, 2, 3, 4, 5, 8, 10, 11, 14, 15, 22, 23]},
				{"appName": "oksusu", "usage": [0, 1, 8, 10, 11, 12, 13, 14, 15]},
				{"appName": "Paco", "usage": [2, 3, 4, 5, 6, 8, 9, 10, 11]},
				{"appName": "Polar Beat", "usage": [2, 7, 8, 10, 13, 15, 22, 23]},
				{"appName": "설정", "usage": [2, 7, 8, 13, 15, 23]},
				{"appName": "YouTube", "usage": [1, 2, 3, 15, 22, 23]},
				{"appName": "삼성 인터넷", "usage": [3, 4, 9, 14, 15]},
				{"appName": "밥대생", "usage": [1, 2, 9, 22, 23]},
				{"appName": "VIBE", "usage": [3, 4, 5, 8, 9]},
				{"appName": "똑똑가계부", "usage": [8, 9, 15, 22]},
				{"appName": "우리카드", "usage": [3, 9, 15]},
				{"appName": "Samsung Pay", "usage": [3, 9, 15]},
				{"appName": "전화", "usage": [2, 3]},
				{"appName": "연락처", "usage": [2, 3]},
				{"appName": "시계", "usage": [22, 23]},
				{"appName": "카카오페이지", "usage": [4]},
				{"appName": "Suunto", "usage": [8]},
				{"appName": "KLMS", "usage": [2]},
				{"appName": "KAIST Library", "usage": [22]},
				{"appName": "KAIST Portal", "usage": [2]},
				{"appName": "Google Play 서비스", "usage": [22]},
				{"appName": "CaptivePortalLogin", "usage": [14]}
			]
		},
		"maxTime": {
			"usage": 164,
			"details": [
				{"appName": "oksusu", "usage": 51},
				{"appName": "YouTube", "usage": 17},
				{"appName": "연락처", "usage": 10},
				{"appName": "우리카드", "usage": 8},
				{"appName": "카카오페이지", "usage": 6},
				{"appName": "밥대생", "usage": 5},
				{"appName": "카카오톡", "usage": 5},
				{"appName": "Samsung Experience 홈", "usage": 5},
				{"appName": "Samsung Pay", "usage": 2},
				{"appName": "삼성 인터넷", "usage": 1},
				{"appName": "설정", "usage": 1},
				{"appName": "전화", "usage": 1},
				{"appName": "Paco", "usage": 0},
				{"appName": "VIBE", "usage": 0},
				{"appName": "똑똑가계부", "usage": 0},
				{"appName": "Polar Beat", "usage": 0},
				{"appName": "시계", "usage": 0},
				{"appName": "KLMS", "usage": 0},
				{"appName": "KAIST Library", "usage": 0},
				{"appName": "시스템 UI", "usage": 0},
				{"appName": "CaptivePortalLogin", "usage": 0},
				{"appName": "Google Play 서비스", "usage": 0},
				{"appName": "Suunto", "usage": 0},
				{"appName": "KAIST Portal", "usage": 0},
				{"appName": "좋은 카메라", "usage": 0},
				{"appName": "스마트 스캔", "usage": 0}
			]
		},
		"avgTime": {
			"usage": 6,
			"details": [
				{"appName": "oksusu", "usage": 7},
				{"appName": "연락처", "usage": 3},
				{"appName": "우리카드", "usage": 2},
				{"appName": "YouTube", "usage": 2},
				{"appName": "Samsung Pay", "usage": 0},
				{"appName": "카카오페이지", "usage": 0},
				{"appName": "밥대생", "usage": 0},
				{"appName": "전화", "usage": 0},
				{"appName": "삼성 인터넷", "usage": 0},
				{"appName": "Samsung Experience 홈", "usage": 0},
				{"appName": "카카오톡", "usage": 0},
				{"appName": "똑똑가계부", "usage": 0},
				{"appName": "설정", "usage": 0},
				{"appName": "Paco", "usage": 0},
				{"appName": "CaptivePortalLogin", "usage": 0},
				{"appName": "KAIST Library", "usage": 0},
				{"appName": "시계", "usage": 0},
				{"appName": "Polar Beat", "usage": 0},
				{"appName": "VIBE", "usage": 0},
				{"appName": "KLMS", "usage": 0},
				{"appName": "Google Play 서비스", "usage": 0},
				{"appName": "Suunto", "usage": 0},
				{"appName": "시스템 UI", "usage": 0},
				{"appName": "KAIST Portal", "usage": 0},
				{"appName": "좋은 카메라", "usage": 0},
				{"appName": "스마트 스캔", "usage": 0}
			]
		},
		"lastPickup": {"time": 0}
	},
	{
		"date": 6,
		"totalTime": {
			"usage": 423,
			"details": [
				{"appName": "oksusu", "usage": 190},
				{"appName": "Samsung Experience 홈", "usage": 55},
				{"appName": "카카오톡", "usage": 44},
				{"appName": "YouTube", "usage": 41},
				{"appName": "Polar Beat", "usage": 31},
				{"appName": "삼성 인터넷", "usage": 22},
				{"appName": "카카오페이지", "usage": 15},
				{"appName": "우리카드", "usage": 5},
				{"appName": "Paco", "usage": 3},
				{"appName": "캘린더", "usage": 1},
				{"appName": "시스템 UI", "usage": 1},
				{"appName": "전화", "usage": 1},
				{"appName": "설정", "usage": 1},
				{"appName": "시계", "usage": 1},
				{"appName": "똑똑가계부", "usage": 1},
				{"appName": "Samsung Pay", "usage": 0},
				{"appName": "원터치개인 삼성페이", "usage": 0},
				{"appName": "메시지", "usage": 0},
				{"appName": "디바이스 관리", "usage": 0},
				{"appName": "날씨", "usage": 0},
				{"appName": "밥대생", "usage": 0},
				{"appName": "연락처", "usage": 0},
				{"appName": "Gmail", "usage": 0},
				{"appName": "CaptivePortalLogin", "usage": 0},
				{"appName": "Google Play 서비스", "usage": 0},
				{"appName": "스마트 스캔", "usage": 0},
				{"appName": "롯데홈쇼핑", "usage": 0}
			]
		},
		"pickups": {"usage": 39},
		"downTime": {
			"usages": [
				{"hour": 0, "usage": 1},
				{"hour": 1, "usage": 1},
				{"hour": 2, "usage": 7},
				{"hour": 3, "usage": 25},
				{"hour": 4, "usage": 12},
				{"hour": 5, "usage": 23},
				{"hour": 6, "usage": 28},
				{"hour": 7, "usage": 42},
				{"hour": 8, "usage": 11},
				{"hour": 9, "usage": 12},
				{"hour": 10, "usage": 4},
				{"hour": 11, "usage": 60},
				{"hour": 12, "usage": 59},
				{"hour": 13, "usage": 57},
				{"hour": 14, "usage": 55},
				{"hour": 15, "usage": 1},
				{"hour": 20, "usage": 0},
				{"hour": 22, "usage": 0},
				{"hour": 23, "usage": 17}
			],
			"details": [
				{"appName": "스마트 스캔", "usage": [0, 1, 2, 3, 4, 5, 6, 7, 8, 9, 10, 12, 13, 14, 15, 17, 20, 22, 23]},
				{"appName": "Samsung Experience 홈", "usage": [0, 1, 2, 3, 4, 5, 6, 7, 8, 9, 10, 11, 12, 13, 14, 15, 23]},
				{"appName": "카카오톡", "usage": [0, 1, 2, 3, 5, 6, 7, 8, 9, 10, 11, 12, 13, 23]},
				{"appName": "Paco", "usage": [2, 3, 4, 5, 6, 7, 8, 9, 10, 11, 12]},
				{"appName": "시스템 UI", "usage": [5, 6, 11, 12, 13, 14, 23]},
				{"appName": "삼성 인터넷", "usage": [0, 1, 6, 7, 8, 9, 23]},
				{"appName": "oksusu", "usage": [10, 11, 12, 13, 14, 15]},
				{"appName": "YouTube", "usage": [0, 5, 6, 7, 12, 23]},
				{"appName": "우리카드", "usage": [8, 9, 12, 13, 17]},
				{"appName": "설정", "usage": [1, 5, 6, 13, 23]},
				{"appName": "시계", "usage": [15, 20, 22, 23]},
				{"appName": "똑똑가계부", "usage": [4, 8, 9, 13]},
				{"appName": "Samsung Pay", "usage": [8, 9, 12, 13]},
				{"appName": "Polar Beat", "usage": [6, 7, 13, 23]},
				{"appName": "메시지", "usage": [1, 5, 23]},
				{"appName": "캘린더", "usage": [14, 23]},
				{"appName": "카카오페이지", "usage": [6, 13]},
				{"appName": "전화", "usage": [5, 13]},
				{"appName": "연락처", "usage": [12, 13]},
				{"appName": "원터치개인 삼성페이", "usage": [12]},
				{"appName": "밥대생", "usage": [8]},
				{"appName": "롯데홈쇼핑", "usage": [10]},
				{"appName": "디바이스 관리", "usage": [23]},
				{"appName": "날씨", "usage": [8]},
				{"appName": "Google Play 서비스", "usage": [23]},
				{"appName": "Gmail", "usage": [0]},
				{"appName": "CaptivePortalLogin", "usage": [3]}
			]
		},
		"maxTime": {
			"usage": 123,
			"details": [
				{"appName": "oksusu", "usage": 71},
				{"appName": "Polar Beat", "usage": 31},
				{"appName": "YouTube", "usage": 19},
				{"appName": "Samsung Experience 홈", "usage": 11},
				{"appName": "카카오톡", "usage": 9},
				{"appName": "카카오페이지", "usage": 7},
				{"appName": "삼성 인터넷", "usage": 6},
				{"appName": "우리카드", "usage": 2},
				{"appName": "전화", "usage": 1},
				{"appName": "시스템 UI", "usage": 0},
				{"appName": "캘린더", "usage": 0},
				{"appName": "Samsung Pay", "usage": 0},
				{"appName": "Paco", "usage": 0},
				{"appName": "설정", "usage": 0},
				{"appName": "디바이스 관리", "usage": 0},
				{"appName": "날씨", "usage": 0},
				{"appName": "시계", "usage": 0},
				{"appName": "똑똑가계부", "usage": 0},
				{"appName": "메시지", "usage": 0},
				{"appName": "원터치개인 삼성페이", "usage": 0},
				{"appName": "밥대생", "usage": 0},
				{"appName": "Gmail", "usage": 0},
				{"appName": "연락처", "usage": 0},
				{"appName": "CaptivePortalLogin", "usage": 0},
				{"appName": "Google Play 서비스", "usage": 0},
				{"appName": "스마트 스캔", "usage": 0},
				{"appName": "롯데홈쇼핑", "usage": 0}
			]
		},
		"avgTime": {
			"usage": 10,
			"details": [
				{"appName": "oksusu", "usage": 6},
				{"appName": "Polar Beat", "usage": 2},
				{"appName": "YouTube", "usage": 2},
				{"appName": "삼성 인터넷", "usage": 0},
				{"appName": "Samsung Experience 홈", "usage": 0},
				{"appName": "전화", "usage": 0},
				{"appName": "카카오페이지", "usage": 0},
				{"appName": "카카오톡", "usage": 0},
				{"appName": "날씨", "usage": 0},
				{"appName": "우리카드", "usage": 0},
				{"appName": "디바이스 관리", "usage": 0},
				{"appName": "똑똑가계부", "usage": 0},
				{"appName": "Samsung Pay", "usage": 0},
				{"appName": "캘린더", "usage": 0},
				{"appName": "메시지", "usage": 0},
				{"appName": "Gmail", "usage": 0},
				{"appName": "Paco", "usage": 0},
				{"appName": "설정", "usage": 0},
				{"appName": "시스템 UI", "usage": 0},
				{"appName": "시계", "usage": 0},
				{"appName": "밥대생", "usage": 0},
				{"appName": "CaptivePortalLogin", "usage": 0},
				{"appName": "원터치개인 삼성페이", "usage": 0},
				{"appName": "연락처", "usage": 0},
				{"appName": "Google Play 서비스", "usage": 0},
				{"appName": "스마트 스캔", "usage": 0},
				{"appName": "롯데홈쇼핑", "usage": 0}
			]
		},
		"lastPickup": {"time": 0}
	},
	{
		"date": 7,
		"totalTime": {
			"usage": 248,
			"details": [
				{"appName": "Samsung Experience 홈", "usage": 43},
				{"appName": "카카오톡", "usage": 40},
				{"appName": "YouTube", "usage": 18},
				{"appName": "우리카드", "usage": 18},
				{"appName": "삼성 인터넷", "usage": 5},
				{"appName": "Paco", "usage": 3},
				{"appName": "VIBE", "usage": 1},
				{"appName": "설정", "usage": 0},
				{"appName": "좋은 카메라", "usage": 0},
				{"appName": "Samsung Pay", "usage": 0},
				{"appName": "전화", "usage": 0},
				{"appName": "똑똑가계부", "usage": 0},
				{"appName": "Polar Beat", "usage": 0},
				{"appName": "메시지", "usage": 0},
				{"appName": "디바이스 관리", "usage": 0},
				{"appName": "스마트 스캔", "usage": 0},
				{"appName": "패키지 설치 프로그램", "usage": 0},
				{"appName": "시스템 UI", "usage": 0}
			]
		},
		"pickups": {"usage": 33},
		"downTime": {
			"usages": [
				{"hour": 0, "usage": 0},
				{"hour": 1, "usage": 4},
				{"hour": 2, "usage": 21},
				{"hour": 3, "usage": 2},
				{"hour": 4, "usage": 8},
				{"hour": 5, "usage": 8},
				{"hour": 6, "usage": 6},
				{"hour": 7, "usage": 18},
				{"hour": 8, "usage": 23},
				{"hour": 9, "usage": 40},
				{"hour": 10, "usage": 0},
				{"hour": 11, "usage": 33},
				{"hour": 12, "usage": 59},
				{"hour": 13, "usage": 20}
			],
			"details": [
				{"appName": "카카오톡", "usage": [1, 2, 3, 4, 5, 6, 7, 8, 9, 10, 11, 12]},
				{"appName": "스마트 스캔", "usage": [0, 1, 2, 3, 4, 5, 6, 7, 9, 10, 11]},
				{"appName": "Samsung Experience 홈", "usage": [1, 2, 3, 4, 5, 6, 7, 8, 9, 12]},
				{"appName": "Paco", "usage": [1, 2, 3, 4, 5, 6, 8, 9, 12]},
				{"appName": "좋은 카메라", "usage": [4, 5, 6, 7, 8, 9, 10, 11]},
				{"appName": "우리카드", "usage": [1, 2, 7, 8, 9]},
				{"appName": "설정", "usage": [2, 3, 7, 8]},
				{"appName": "삼성 인터넷", "usage": [0, 1, 4, 8]},
				{"appName": "Samsung Pay", "usage": [1, 2, 9]},
				{"appName": "YouTube", "usage": [2, 5]},
				{"appName": "패키지 설치 프로그램", "usage": [4]},
				{"appName": "전화", "usage": [11]},
				{"appName": "시스템 UI", "usage": [6]},
				{"appName": "메시지", "usage": [8]},
				{"appName": "똑똑가계부", "usage": [2]},
				{"appName": "디바이스 관리", "usage": [2]},
				{"appName": "VIBE", "usage": [8]},
				{"appName": "Polar Beat", "usage": [12]}
			]
		},
		"maxTime": {
			"usage": 80,
			"details": [
				{"appName": "YouTube", "usage": 17},
				{"appName": "Samsung Experience 홈", "usage": 15},
				{"appName": "우리카드", "usage": 13},
				{"appName": "카카오톡", "usage": 13},
				{"appName": "삼성 인터넷", "usage": 1},
				{"appName": "VIBE", "usage": 1},
				{"appName": "Paco", "usage": 0},
				{"appName": "전화", "usage": 0},
				{"appName": "Samsung Pay", "usage": 0},
				{"appName": "똑똑가계부", "usage": 0},
				{"appName": "설정", "usage": 0},
				{"appName": "좋은 카메라", "usage": 0},
				{"appName": "Polar Beat", "usage": 0},
				{"appName": "메시지", "usage": 0},
				{"appName": "디바이스 관리", "usage": 0},
				{"appName": "패키지 설치 프로그램", "usage": 0},
				{"appName": "스마트 스캔", "usage": 0},
				{"appName": "시스템 UI", "usage": 0}
			]
		},
		"avgTime": {
			"usage": 7,
			"details": [
				{"appName": "YouTube", "usage": 3},
				{"appName": "우리카드", "usage": 1},
				{"appName": "Samsung Experience 홈", "usage": 0},
				{"appName": "VIBE", "usage": 0},
				{"appName": "삼성 인터넷", "usage": 0},
				{"appName": "똑똑가계부", "usage": 0},
				{"appName": "카카오톡", "usage": 0},
				{"appName": "전화", "usage": 0},
				{"appName": "Samsung Pay", "usage": 0},
				{"appName": "Paco", "usage": 0},
				{"appName": "Polar Beat", "usage": 0},
				{"appName": "설정", "usage": 0},
				{"appName": "좋은 카메라", "usage": 0},
				{"appName": "디바이스 관리", "usage": 0},
				{"appName": "메시지", "usage": 0},
				{"appName": "패키지 설치 프로그램", "usage": 0},
				{"appName": "스마트 스캔", "usage": 0},
				{"appName": "시스템 UI", "usage": 0}
			]
		},
		"lastPickup": {"time": 80}
	}
]
