[
	{
		"date": 1,
		"totalTime": {
			"usage": 118,
			"details": [
				{"appName": "Polar Beat", "usage": 16},
				{"appName": "카카오톡", "usage": 14},
				{"appName": "Paco", "usage": 13},
				{"appName": "삼성 인터넷", "usage": 10},
				{"appName": "Samsung Experience 홈", "usage": 10},
				{"appName": "YouTube", "usage": 8},
				{"appName": "드라이브", "usage": 8},
				{"appName": "벅스", "usage": 4},
				{"appName": "Instagram", "usage": 3},
				{"appName": "시계", "usage": 2},
				{"appName": "Facebook", "usage": 2},
				{"appName": "설정", "usage": 2},
				{"appName": "M-able", "usage": 1},
				{"appName": "캘린더", "usage": 1},
				{"appName": "Dropsync", "usage": 1},
				{"appName": "Gmail", "usage": 1},
				{"appName": "갤러리", "usage": 0},
				{"appName": "메시지", "usage": 0},
				{"appName": "카메라", "usage": 0},
				{"appName": "내 파일", "usage": 0},
				{"appName": "ABC Logger", "usage": 0},
				{"appName": "Logger", "usage": 0},
				{"appName": "T map", "usage": 0},
				{"appName": "접근성", "usage": 0},
				{"appName": "Evernote", "usage": 0},
				{"appName": "패키지 설치 프로그램", "usage": 0},
				{"appName": "우리카드", "usage": 0}
			]
		},
		"pickups": {"usage": 163},
		"downTime": {
			"usages": [
				{"hour": 0, "usage": 17},
				{"hour": 1, "usage": 16},
				{"hour": 2, "usage": 9},
				{"hour": 3, "usage": 9},
				{"hour": 4, "usage": 5},
				{"hour": 5, "usage": 5},
				{"hour": 6, "usage": 4},
				{"hour": 7, "usage": 1},
				{"hour": 8, "usage": 0},
				{"hour": 9, "usage": 7},
				{"hour": 10, "usage": 3},
				{"hour": 11, "usage": 0},
				{"hour": 12, "usage": 9},
				{"hour": 13, "usage": 14},
				{"hour": 14, "usage": 5},
				{"hour": 15, "usage": 0},
				{"hour": 16, "usage": 0},
				{"hour": 17, "usage": 4},
				{"hour": 22, "usage": 0},
				{"hour": 23, "usage": 0}
			],
			"details": [
				{"appName": "Samsung Experience 홈", "usage": [0, 1, 2, 3, 4, 5, 6, 7, 8, 9, 10, 12, 13, 14, 17, 23]},
				{"appName": "카카오톡", "usage": [0, 1, 2, 3, 4, 5, 7, 8, 10, 12, 13, 14]},
				{"appName": "Polar Beat", "usage": [0, 1, 2, 3, 5, 6, 9, 12, 13, 14]},
				{"appName": "Paco", "usage": [1, 2, 3, 5, 6, 8, 9, 10, 11, 12]},
				{"appName": "삼성 인터넷", "usage": [2, 3, 4, 12, 17, 23]},
				{"appName": "벅스", "usage": [0, 1, 12, 13, 14]},
				{"appName": "시계", "usage": [0, 14, 17, 23]},
				{"appName": "접근성", "usage": [0, 1, 13]},
				{"appName": "설정", "usage": [0, 1, 13]},
				{"appName": "드라이브", "usage": [0, 1, 13]},
				{"appName": "Logger", "usage": [0, 1, 13]},
				{"appName": "패키지 설치 프로그램", "usage": [0, 13]},
				{"appName": "M-able", "usage": [6, 9]},
				{"appName": "캘린더", "usage": [6]},
				{"appName": "카메라", "usage": [6]},
				{"appName": "우리카드", "usage": [5]},
				{"appName": "메시지", "usage": [0]},
				{"appName": "내 파일", "usage": [13]},
				{"appName": "갤러리", "usage": [6]},
				{"appName": "YouTube", "usage": [0]},
				{"appName": "T map", "usage": [1]},
				{"appName": "Instagram", "usage": [14]},
				{"appName": "Gmail", "usage": [13]},
				{"appName": "Facebook", "usage": [12]},
				{"appName": "Evernote", "usage": [0]},
				{"appName": "Dropsync", "usage": [13]},
				{"appName": "ABC Logger", "usage": [1]}
			]
		},
		"maxTime": {
			"usage": 13,
			"details": [
				{"appName": "YouTube", "usage": 8},
				{"appName": "Instagram", "usage": 3},
				{"appName": "삼성 인터넷", "usage": 3},
				{"appName": "Polar Beat", "usage": 2},
				{"appName": "드라이브", "usage": 1},
				{"appName": "벅스", "usage": 1},
				{"appName": "Facebook", "usage": 1},
				{"appName": "Gmail", "usage": 1},
				{"appName": "Paco", "usage": 1},
				{"appName": "설정", "usage": 1},
				{"appName": "Samsung Experience 홈", "usage": 1},
				{"appName": "Dropsync", "usage": 0},
				{"appName": "카카오톡", "usage": 0},
				{"appName": "캘린더", "usage": 0},
				{"appName": "갤러리", "usage": 0},
				{"appName": "시계", "usage": 0},
				{"appName": "M-able", "usage": 0},
				{"appName": "내 파일", "usage": 0},
				{"appName": "메시지", "usage": 0},
				{"appName": "카메라", "usage": 0},
				{"appName": "ABC Logger", "usage": 0},
				{"appName": "Logger", "usage": 0},
				{"appName": "T map", "usage": 0},
				{"appName": "접근성", "usage": 0},
				{"appName": "Evernote", "usage": 0},
				{"appName": "패키지 설치 프로그램", "usage": 0},
				{"appName": "우리카드", "usage": 0}
			]
		},
		"avgTime": {
			"usage": 0,
			"details": [
				{"appName": "YouTube", "usage": 8},
				{"appName": "Instagram", "usage": 1},
				{"appName": "Gmail", "usage": 1},
				{"appName": "삼성 인터넷", "usage": 0},
				{"appName": "내 파일", "usage": 0},
				{"appName": "드라이브", "usage": 0},
				{"appName": "갤러리", "usage": 0},
				{"appName": "캘린더", "usage": 0},
				{"appName": "Facebook", "usage": 0},
				{"appName": "Dropsync", "usage": 0},
				{"appName": "카메라", "usage": 0},
				{"appName": "M-able", "usage": 0},
				{"appName": "메시지", "usage": 0},
				{"appName": "Polar Beat", "usage": 0},
				{"appName": "벅스", "usage": 0},
				{"appName": "Paco", "usage": 0},
				{"appName": "ABC Logger", "usage": 0},
				{"appName": "설정", "usage": 0},
				{"appName": "카카오톡", "usage": 0},
				{"appName": "시계", "usage": 0},
				{"appName": "Samsung Experience 홈", "usage": 0},
				{"appName": "Logger", "usage": 0},
				{"appName": "T map", "usage": 0},
				{"appName": "접근성", "usage": 0},
				{"appName": "Evernote", "usage": 0},
				{"appName": "패키지 설치 프로그램", "usage": 0},
				{"appName": "우리카드", "usage": 0}
			]
		},
		"lastPickup": {"time": 0}
	},
	{
		"date": 2,
		"totalTime": {
			"usage": 202,
			"details": [
				{"appName": "Facebook", "usage": 47},
				{"appName": "카카오톡", "usage": 42},
				{"appName": "삼성 인터넷", "usage": 13},
				{"appName": "벅스", "usage": 9},
				{"appName": "Samsung Experience 홈", "usage": 7},
				{"appName": "Paco", "usage": 6},
				{"appName": "Polar Beat", "usage": 3},
				{"appName": "Instagram", "usage": 2},
				{"appName": "시계", "usage": 2},
				{"appName": "M-able", "usage": 2},
				{"appName": "드라이브", "usage": 1},
				{"appName": "설정", "usage": 1},
				{"appName": "전화", "usage": 0},
				{"appName": "접근성", "usage": 0},
				{"appName": "Gmail", "usage": 0},
				{"appName": "갤러리", "usage": 0},
				{"appName": "카메라", "usage": 0},
				{"appName": "Logger", "usage": 0},
				{"appName": "후후", "usage": 0},
				{"appName": "디바이스 케어", "usage": 0},
				{"appName": "캘린더", "usage": 0},
				{"appName": "패키지 설치 프로그램", "usage": 0},
				{"appName": "유니콘", "usage": 0},
				{"appName": "빅스비 보이스", "usage": 0},
				{"appName": "원터치알림", "usage": 0}
			]
		},
		"pickups": {"usage": 186},
		"downTime": {
			"usages": [
				{"hour": 0, "usage": 2},
				{"hour": 1, "usage": 24},
				{"hour": 2, "usage": 32},
				{"hour": 3, "usage": 3},
				{"hour": 4, "usage": 9},
				{"hour": 5, "usage": 0},
				{"hour": 6, "usage": 8},
				{"hour": 7, "usage": 3},
				{"hour": 8, "usage": 8},
				{"hour": 9, "usage": 21},
				{"hour": 10, "usage": 3},
				{"hour": 11, "usage": 10},
				{"hour": 12, "usage": 13},
				{"hour": 13, "usage": 14},
				{"hour": 14, "usage": 6},
				{"hour": 15, "usage": 12},
				{"hour": 16, "usage": 11},
				{"hour": 17, "usage": 12},
				{"hour": 23, "usage": 2}
			],
			"details": [
				{"appName": "Samsung Experience 홈", "usage": [0, 1, 2, 3, 4, 5, 6, 7, 8, 9, 10, 11, 12, 13, 14, 15, 16, 17, 23]},
				{"appName": "카카오톡", "usage": [0, 1, 2, 3, 4, 6, 7, 8, 9, 10, 11, 12, 13, 14, 15, 16, 17, 23]},
				{"appName": "Polar Beat", "usage": [1, 2, 3, 4, 6, 9, 10, 12, 13]},
				{"appName": "Paco", "usage": [1, 2, 3, 4, 5, 6, 8, 9, 11]},
				{"appName": "Facebook", "usage": [4, 8, 9, 10, 13, 14, 15, 16]},
				{"appName": "시계", "usage": [0, 10, 11, 17, 18, 23]},
				{"appName": "벅스", "usage": [0, 1, 11, 12, 14, 15]},
				{"appName": "삼성 인터넷", "usage": [13, 15, 16, 17]},
				{"appName": "설정", "usage": [1, 4, 13]},
				{"appName": "Instagram", "usage": [11, 12, 13]},
				{"appName": "패키지 설치 프로그램", "usage": [1, 13]},
				{"appName": "카메라", "usage": [2, 11]},
				{"appName": "접근성", "usage": [1, 13]},
				{"appName": "빅스비 보이스", "usage": [1, 16]},
				{"appName": "드라이브", "usage": [1, 11]},
				{"appName": "M-able", "usage": [8, 14]},
				{"appName": "Logger", "usage": [1, 13]},
				{"appName": "후후", "usage": [6]},
				{"appName": "캘린더", "usage": [4]},
				{"appName": "전화", "usage": [1]},
				{"appName": "유니콘", "usage": [18]},
				{"appName": "원터치알림", "usage": [23]},
				{"appName": "디바이스 케어", "usage": [4]},
				{"appName": "갤러리", "usage": [3]},
				{"appName": "Gmail", "usage": [1]}
			]
		},
		"maxTime": {
			"usage": 46,
			"details": [
				{"appName": "Facebook", "usage": 18},
				{"appName": "삼성 인터넷", "usage": 9},
				{"appName": "카카오톡", "usage": 2},
				{"appName": "Instagram", "usage": 1},
				{"appName": "벅스", "usage": 1},
				{"appName": "드라이브", "usage": 0},
				{"appName": "Samsung Experience 홈", "usage": 0},
				{"appName": "Polar Beat", "usage": 0},
				{"appName": "전화", "usage": 0},
				{"appName": "접근성", "usage": 0},
				{"appName": "M-able", "usage": 0},
				{"appName": "설정", "usage": 0},
				{"appName": "Paco", "usage": 0},
				{"appName": "Gmail", "usage": 0},
				{"appName": "시계", "usage": 0},
				{"appName": "갤러리", "usage": 0},
				{"appName": "Logger", "usage": 0},
				{"appName": "카메라", "usage": 0},
				{"appName": "디바이스 케어", "usage": 0},
				{"appName": "후후", "usage": 0},
				{"appName": "캘린더", "usage": 0},
				{"appName": "패키지 설치 프로그램", "usage": 0},
				{"appName": "유니콘", "usage": 0},
				{"appName": "원터치알림", "usage": 0},
				{"appName": "빅스비 보이스", "usage": 0}
			]
		},
		"avgTime": {
			"usage": 1,
			"details": [
				{"appName": "삼성 인터넷", "usage": 1},
				{"appName": "Facebook", "usage": 1},
				{"appName": "드라이브", "usage": 0},
				{"appName": "Instagram", "usage": 0},
				{"appName": "M-able", "usage": 0},
				{"appName": "전화", "usage": 0},
				{"appName": "접근성", "usage": 0},
				{"appName": "Gmail", "usage": 0},
				{"appName": "Polar Beat", "usage": 0},
				{"appName": "벅스", "usage": 0},
				{"appName": "갤러리", "usage": 0},
				{"appName": "카카오톡", "usage": 0},
				{"appName": "Paco", "usage": 0},
				{"appName": "카메라", "usage": 0},
				{"appName": "설정", "usage": 0},
				{"appName": "Samsung Experience 홈", "usage": 0},
				{"appName": "후후", "usage": 0},
				{"appName": "시계", "usage": 0},
				{"appName": "Logger", "usage": 0},
				{"appName": "디바이스 케어", "usage": 0},
				{"appName": "캘린더", "usage": 0},
				{"appName": "패키지 설치 프로그램", "usage": 0},
				{"appName": "유니콘", "usage": 0},
				{"appName": "원터치알림", "usage": 0},
				{"appName": "빅스비 보이스", "usage": 0}
			]
		},
		"lastPickup": {"time": 0}
	},
	{
		"date": 3,
		"totalTime": {
			"usage": 255,
			"details": [
				{"appName": "카카오톡", "usage": 59},
				{"appName": "YouTube", "usage": 46},
				{"appName": "벅스", "usage": 28},
				{"appName": "Facebook", "usage": 23},
				{"appName": "삼성 인터넷", "usage": 13},
				{"appName": "전화", "usage": 11},
				{"appName": "원터치알림", "usage": 10},
				{"appName": "Samsung Experience 홈", "usage": 8},
				{"appName": "시계", "usage": 6},
				{"appName": "한컴오피스 viewer", "usage": 6},
				{"appName": "M-able", "usage": 6},
				{"appName": "Paco", "usage": 5},
				{"appName": "카카오 T", "usage": 3},
				{"appName": "뱅크샐러드", "usage": 3},
				{"appName": "롯데시네마", "usage": 2},
				{"appName": "Instagram", "usage": 1},
				{"appName": "설정", "usage": 1},
				{"appName": "카카오맵", "usage": 1},
				{"appName": "Polar Beat", "usage": 1},
				{"appName": "Gmail", "usage": 1},
				{"appName": "드라이브", "usage": 0},
				{"appName": "Word", "usage": 0},
				{"appName": "Google Play 스토어", "usage": 0},
				{"appName": "접근성", "usage": 0},
				{"appName": "캘린더", "usage": 0},
				{"appName": "One UI 홈", "usage": 0},
				{"appName": "메시지", "usage": 0},
				{"appName": "연락처", "usage": 0},
				{"appName": "Logger", "usage": 0},
				{"appName": "내 파일", "usage": 0},
				{"appName": "후후", "usage": 0},
				{"appName": "brunch", "usage": 0},
				{"appName": "Samsung Pay", "usage": 0},
				{"appName": "패키지 설치 프로그램", "usage": 0},
				{"appName": "유니콘", "usage": 0},
				{"appName": "우리카드", "usage": 0},
				{"appName": "빅스비 보이스", "usage": 0}
			]
		},
		"pickups": {"usage": 259},
		"downTime": {
			"usages": [
				{"hour": 0, "usage": 14},
				{"hour": 1, "usage": 6},
				{"hour": 2, "usage": 6},
				{"hour": 3, "usage": 12},
				{"hour": 4, "usage": 5},
				{"hour": 5, "usage": 16},
				{"hour": 6, "usage": 5},
				{"hour": 7, "usage": 20},
				{"hour": 8, "usage": 22},
				{"hour": 9, "usage": 23},
				{"hour": 10, "usage": 8},
				{"hour": 11, "usage": 21},
				{"hour": 12, "usage": 0},
				{"hour": 13, "usage": 9},
				{"hour": 15, "usage": 2},
				{"hour": 17, "usage": 1},
				{"hour": 18, "usage": 51},
				{"hour": 19, "usage": 6},
				{"hour": 20, "usage": 0},
				{"hour": 21, "usage": 2},
				{"hour": 22, "usage": 2},
				{"hour": 23, "usage": 13}
			],
			"details": [
				{"appName": "카카오톡", "usage": [0, 1, 2, 3, 4, 5, 6, 7, 8, 9, 10, 11, 12, 13, 17, 18]},
				{"appName": "Samsung Experience 홈", "usage": [0, 1, 2, 3, 4, 5, 6, 7, 8, 9, 10, 11, 12, 13]},
				{"appName": "시계", "usage": [0, 13, 14, 15, 16, 17, 18, 19, 20, 21, 22, 23]},
				{"appName": "Paco", "usage": [2, 3, 4, 6, 7, 8, 9, 11, 12, 13]},
				{"appName": "벅스", "usage": [0, 1, 11, 18, 19, 20, 21, 22, 23]},
				{"appName": "Facebook", "usage": [6, 7, 9, 11, 13, 23]},
				{"appName": "전화", "usage": [1, 4, 5, 6, 11]},
				{"appName": "설정", "usage": [2, 4, 7, 11, 13]},
				{"appName": "삼성 인터넷", "usage": [3, 8, 9, 10, 23]},
				{"appName": "M-able", "usage": [1, 2, 3, 5, 8]},
				{"appName": "한컴오피스 viewer", "usage": [7, 11, 23]},
				{"appName": "Word", "usage": [7, 17, 18]},
				{"appName": "Polar Beat", "usage": [2, 5, 13]},
				{"appName": "One UI 홈", "usage": [17, 18, 23]},
				{"appName": "캘린더", "usage": [9, 10]},
				{"appName": "접근성", "usage": [2, 13]},
				{"appName": "원터치알림", "usage": [0, 7]},
				{"appName": "연락처", "usage": [1, 4]},
				{"appName": "Instagram", "usage": [7, 8]},
				{"appName": "Gmail", "usage": [2, 7]},
				{"appName": "후후", "usage": [5]},
				{"appName": "패키지 설치 프로그램", "usage": [2]},
				{"appName": "카카오맵", "usage": [11]},
				{"appName": "카카오 T", "usage": [13]},
				{"appName": "유니콘", "usage": [16]},
				{"appName": "우리카드", "usage": [12]},
				{"appName": "빅스비 보이스", "usage": [4]},
				{"appName": "뱅크샐러드", "usage": [8]},
				{"appName": "메시지", "usage": [5]},
				{"appName": "롯데시네마", "usage": [5]},
				{"appName": "드라이브", "usage": [8]},
				{"appName": "내 파일", "usage": [7]},
				{"appName": "brunch", "usage": [8]},
				{"appName": "YouTube", "usage": [18]},
				{"appName": "Samsung Pay", "usage": [7]},
				{"appName": "Logger", "usage": [2]},
				{"appName": "Google Play 스토어", "usage": [13]}
			]
		},
		"maxTime": {
			"usage": 49,
			"details": [
				{"appName": "YouTube", "usage": 44},
				{"appName": "원터치알림", "usage": 10},
				{"appName": "전화", "usage": 7},
				{"appName": "벅스", "usage": 6},
				{"appName": "삼성 인터넷", "usage": 6},
				{"appName": "Facebook", "usage": 3},
				{"appName": "롯데시네마", "usage": 2},
				{"appName": "뱅크샐러드", "usage": 2},
				{"appName": "M-able", "usage": 2},
				{"appName": "한컴오피스 viewer", "usage": 2},
				{"appName": "카카오톡", "usage": 1},
				{"appName": "Samsung Experience 홈", "usage": 1},
				{"appName": "시계", "usage": 1},
				{"appName": "카카오맵", "usage": 1},
				{"appName": "드라이브", "usage": 0},
				{"appName": "Instagram", "usage": 0},
				{"appName": "설정", "usage": 0},
				{"appName": "Word", "usage": 0},
				{"appName": "카카오 T", "usage": 0},
				{"appName": "접근성", "usage": 0},
				{"appName": "Polar Beat", "usage": 0},
				{"appName": "Gmail", "usage": 0},
				{"appName": "Paco", "usage": 0},
				{"appName": "캘린더", "usage": 0},
				{"appName": "Google Play 스토어", "usage": 0},
				{"appName": "메시지", "usage": 0},
				{"appName": "내 파일", "usage": 0},
				{"appName": "연락처", "usage": 0},
				{"appName": "One UI 홈", "usage": 0},
				{"appName": "Logger", "usage": 0},
				{"appName": "Samsung Pay", "usage": 0},
				{"appName": "brunch", "usage": 0},
				{"appName": "후후", "usage": 0},
				{"appName": "패키지 설치 프로그램", "usage": 0},
				{"appName": "유니콘", "usage": 0},
				{"appName": "우리카드", "usage": 0},
				{"appName": "빅스비 보이스", "usage": 0}
			]
		},
		"avgTime": {
			"usage": 0,
			"details": [
				{"appName": "YouTube", "usage": 15},
				{"appName": "원터치알림", "usage": 3},
				{"appName": "롯데시네마", "usage": 1},
				{"appName": "드라이브", "usage": 0},
				{"appName": "삼성 인터넷", "usage": 0},
				{"appName": "Facebook", "usage": 0},
				{"appName": "전화", "usage": 0},
				{"appName": "뱅크샐러드", "usage": 0},
				{"appName": "벅스", "usage": 0},
				{"appName": "한컴오피스 viewer", "usage": 0},
				{"appName": "카카오맵", "usage": 0},
				{"appName": "M-able", "usage": 0},
				{"appName": "캘린더", "usage": 0},
				{"appName": "Instagram", "usage": 0},
				{"appName": "메시지", "usage": 0},
				{"appName": "Word", "usage": 0},
				{"appName": "Gmail", "usage": 0},
				{"appName": "내 파일", "usage": 0},
				{"appName": "접근성", "usage": 0},
				{"appName": "카카오톡", "usage": 0},
				{"appName": "카카오 T", "usage": 0},
				{"appName": "연락처", "usage": 0},
				{"appName": "시계", "usage": 0},
				{"appName": "Polar Beat", "usage": 0},
				{"appName": "Google Play 스토어", "usage": 0},
				{"appName": "Paco", "usage": 0},
				{"appName": "Samsung Experience 홈", "usage": 0},
				{"appName": "설정", "usage": 0},
				{"appName": "Logger", "usage": 0},
				{"appName": "One UI 홈", "usage": 0},
				{"appName": "Samsung Pay", "usage": 0},
				{"appName": "brunch", "usage": 0},
				{"appName": "후후", "usage": 0},
				{"appName": "패키지 설치 프로그램", "usage": 0},
				{"appName": "유니콘", "usage": 0},
				{"appName": "우리카드", "usage": 0},
				{"appName": "빅스비 보이스", "usage": 0}
			]
		},
		"lastPickup": {"time": 0}
	},
	{
		"date": 4,
		"totalTime": {
			"usage": 202,
			"details": [
				{"appName": "YouTube", "usage": 51},
				{"appName": "T map", "usage": 50},
				{"appName": "카카오톡", "usage": 29},
				{"appName": "Facebook", "usage": 14},
				{"appName": "삼성 인터넷", "usage": 9},
				{"appName": "Paco", "usage": 6},
				{"appName": "시계", "usage": 6},
				{"appName": "One UI 홈", "usage": 6},
				{"appName": "국제검진센터", "usage": 4},
				{"appName": "벅스", "usage": 2},
				{"appName": "Polar Beat", "usage": 1},
				{"appName": "Instagram", "usage": 1},
				{"appName": "전화", "usage": 1},
				{"appName": "Google Play 스토어", "usage": 0},
				{"appName": "디바이스 케어", "usage": 0},
				{"appName": "실행 프로그램", "usage": 0},
				{"appName": "설정", "usage": 0},
				{"appName": "Samsung Pay", "usage": 0},
				{"appName": "메시지", "usage": 0},
				{"appName": "EmergencyManagerService", "usage": 0},
				{"appName": "후후", "usage": 0},
				{"appName": "접근성", "usage": 0},
				{"appName": "패키지 설치 프로그램", "usage": 0},
				{"appName": "한컴오피스 viewer", "usage": 0},
				{"appName": "Logger", "usage": 0},
				{"appName": "The Day Before", "usage": 0},
				{"appName": "빅스비 보이스", "usage": 0}
			]
		},
		"pickups": {"usage": 154},
		"downTime": {
			"usages": [
				{"hour": 0, "usage": 3},
				{"hour": 1, "usage": 0},
				{"hour": 2, "usage": 8},
				{"hour": 3, "usage": 33},
				{"hour": 4, "usage": 8},
				{"hour": 5, "usage": 7},
				{"hour": 6, "usage": 21},
				{"hour": 7, "usage": 5},
				{"hour": 8, "usage": 5},
				{"hour": 9, "usage": 7},
				{"hour": 10, "usage": 8},
				{"hour": 11, "usage": 36},
				{"hour": 12, "usage": 33},
				{"hour": 13, "usage": 19},
				{"hour": 14, "usage": 2},
				{"hour": 15, "usage": 0}
			],
			"details": [
				{"appName": "One UI 홈", "usage": [0, 1, 2, 3, 4, 5, 6, 7, 8, 9, 10, 11, 12, 13, 14, 15]},
				{"appName": "카카오톡", "usage": [0, 1, 2, 3, 4, 5, 6, 7, 8, 9, 10, 11, 12, 13, 14]},
				{"appName": "Paco", "usage": [1, 2, 3, 5, 6, 7, 8, 9, 11, 12]},
				{"appName": "삼성 인터넷", "usage": [3, 5, 9, 10, 11, 12, 14, 15]},
				{"appName": "벅스", "usage": [3, 4, 6, 8, 11, 12]},
				{"appName": "Polar Beat", "usage": [0, 5, 10, 12, 13]},
				{"appName": "시계", "usage": [2, 3, 15, 23]},
				{"appName": "T map", "usage": [3, 4, 6, 11]},
				{"appName": "Facebook", "usage": [3, 11, 12, 13]},
				{"appName": "패키지 설치 프로그램", "usage": [0, 4]},
				{"appName": "접근성", "usage": [0, 13]},
				{"appName": "전화", "usage": [4, 6]},
				{"appName": "설정", "usage": [0, 13]},
				{"appName": "디바이스 케어", "usage": [9, 10]},
				{"appName": "국제검진센터", "usage": [4, 5]},
				{"appName": "YouTube", "usage": [11, 12]},
				{"appName": "Samsung Pay", "usage": [0, 2]},
				{"appName": "후후", "usage": [3]},
				{"appName": "한컴오피스 viewer", "usage": [0]},
				{"appName": "실행 프로그램", "usage": [9]},
				{"appName": "빅스비 보이스", "usage": [3]},
				{"appName": "메시지", "usage": [3]},
				{"appName": "The Day Before", "usage": [9]},
				{"appName": "Logger", "usage": [0]},
				{"appName": "Instagram", "usage": [11]},
				{"appName": "Google Play 스토어", "usage": [4]},
				{"appName": "EmergencyManagerService", "usage": [9]}
			]
		},
		"maxTime": {
			"usage": 37,
			"details": [
				{"appName": "T map", "usage": 26},
				{"appName": "YouTube", "usage": 18},
				{"appName": "Facebook", "usage": 8},
				{"appName": "시계", "usage": 5},
				{"appName": "삼성 인터넷", "usage": 3},
				{"appName": "국제검진센터", "usage": 2},
				{"appName": "카카오톡", "usage": 2},
				{"appName": "One UI 홈", "usage": 1},
				{"appName": "벅스", "usage": 0},
				{"appName": "전화", "usage": 0},
				{"appName": "Instagram", "usage": 0},
				{"appName": "Paco", "usage": 0},
				{"appName": "Polar Beat", "usage": 0},
				{"appName": "Google Play 스토어", "usage": 0},
				{"appName": "디바이스 케어", "usage": 0},
				{"appName": "실행 프로그램", "usage": 0},
				{"appName": "Samsung Pay", "usage": 0},
				{"appName": "메시지", "usage": 0},
				{"appName": "설정", "usage": 0},
				{"appName": "패키지 설치 프로그램", "usage": 0},
				{"appName": "EmergencyManagerService", "usage": 0},
				{"appName": "후후", "usage": 0},
				{"appName": "한컴오피스 viewer", "usage": 0},
				{"appName": "접근성", "usage": 0},
				{"appName": "Logger", "usage": 0},
				{"appName": "The Day Before", "usage": 0},
				{"appName": "빅스비 보이스", "usage": 0}
			]
		},
		"avgTime": {
			"usage": 1,
			"details": [
				{"appName": "YouTube", "usage": 10},
				{"appName": "국제검진센터", "usage": 0},
				{"appName": "Facebook", "usage": 0},
				{"appName": "삼성 인터넷", "usage": 0},
				{"appName": "시계", "usage": 0},
				{"appName": "T map", "usage": 0},
				{"appName": "Instagram", "usage": 0},
				{"appName": "전화", "usage": 0},
				{"appName": "실행 프로그램", "usage": 0},
				{"appName": "메시지", "usage": 0},
				{"appName": "디바이스 케어", "usage": 0},
				{"appName": "Polar Beat", "usage": 0},
				{"appName": "카카오톡", "usage": 0},
				{"appName": "벅스", "usage": 0},
				{"appName": "Samsung Pay", "usage": 0},
				{"appName": "Paco", "usage": 0},
				{"appName": "Google Play 스토어", "usage": 0},
				{"appName": "One UI 홈", "usage": 0},
				{"appName": "한컴오피스 viewer", "usage": 0},
				{"appName": "EmergencyManagerService", "usage": 0},
				{"appName": "패키지 설치 프로그램", "usage": 0},
				{"appName": "설정", "usage": 0},
				{"appName": "접근성", "usage": 0},
				{"appName": "후후", "usage": 0},
				{"appName": "Logger", "usage": 0},
				{"appName": "The Day Before", "usage": 0},
				{"appName": "빅스비 보이스", "usage": 0}
			]
		},
		"lastPickup": {"time": 0}
	},
	{
		"date": 5,
		"totalTime": {
			"usage": 186,
			"details": [
				{"appName": "카카오톡", "usage": 45},
				{"appName": "YouTube", "usage": 45},
				{"appName": "Facebook", "usage": 43},
				{"appName": "T map", "usage": 14},
				{"appName": "벅스", "usage": 10},
				{"appName": "삼성 인터넷", "usage": 6},
				{"appName": "One UI 홈", "usage": 5},
				{"appName": "Paco", "usage": 5},
				{"appName": "시계", "usage": 2},
				{"appName": "계산기", "usage": 0},
				{"appName": "캘린더", "usage": 0},
				{"appName": "Polar Beat", "usage": 0},
				{"appName": "설정", "usage": 0},
				{"appName": "메시지", "usage": 0},
				{"appName": "접근성", "usage": 0},
				{"appName": "Logger", "usage": 0},
				{"appName": "패키지 설치 프로그램", "usage": 0},
				{"appName": "빅스비 보이스", "usage": 0}
			]
		},
		"pickups": {"usage": 98},
		"downTime": {
			"usages": [
				{"hour": 0, "usage": 1},
				{"hour": 1, "usage": 10},
				{"hour": 2, "usage": 42},
				{"hour": 3, "usage": 5},
				{"hour": 4, "usage": 5},
				{"hour": 5, "usage": 0},
				{"hour": 6, "usage": 38},
				{"hour": 7, "usage": 3},
				{"hour": 8, "usage": 2},
				{"hour": 9, "usage": 1},
				{"hour": 10, "usage": 6},
				{"hour": 11, "usage": 11},
				{"hour": 12, "usage": 1},
				{"hour": 13, "usage": 4},
				{"hour": 14, "usage": 2},
				{"hour": 15, "usage": 0},
				{"hour": 16, "usage": 0},
				{"hour": 17, "usage": 27},
				{"hour": 18, "usage": 19},
				{"hour": 23, "usage": 0}
			],
			"details": [
				{"appName": "One UI 홈", "usage": [1, 2, 3, 4, 6, 7, 8, 9, 10, 11, 12, 13, 14, 15, 16, 17, 18]},
				{"appName": "Paco", "usage": [2, 3, 4, 6, 7, 8, 9, 10, 11, 12, 13]},
				{"appName": "카카오톡", "usage": [1, 2, 4, 6, 7, 8, 10, 13, 14]},
				{"appName": "삼성 인터넷", "usage": [1, 2, 4, 11, 12, 14, 15, 18]},
				{"appName": "벅스", "usage": [2, 3, 6, 7, 12, 13, 14, 17]},
				{"appName": "Facebook", "usage": [1, 2, 3, 4, 6, 7, 8, 10]},
				{"appName": "시계", "usage": [0, 1, 4, 6, 18]},
				{"appName": "YouTube", "usage": [2, 10, 11, 17, 18]},
				{"appName": "T map", "usage": [10, 12, 17]},
				{"appName": "Polar Beat", "usage": [1, 2, 13]},
				{"appName": "접근성", "usage": [2, 13]},
				{"appName": "설정", "usage": [2, 13]},
				{"appName": "계산기", "usage": [8, 9]},
				{"appName": "패키지 설치 프로그램", "usage": [2]},
				{"appName": "캘린더", "usage": [10]},
				{"appName": "빅스비 보이스", "usage": [2]},
				{"appName": "메시지", "usage": [7]},
				{"appName": "Logger", "usage": [2]}
			]
		},
		"maxTime": {
			"usage": 36,
			"details": [
				{"appName": "Facebook", "usage": 36},
				{"appName": "YouTube", "usage": 23},
				{"appName": "T map", "usage": 10},
				{"appName": "삼성 인터넷", "usage": 1},
				{"appName": "카카오톡", "usage": 1},
				{"appName": "벅스", "usage": 1},
				{"appName": "One UI 홈", "usage": 0},
				{"appName": "계산기", "usage": 0},
				{"appName": "시계", "usage": 0},
				{"appName": "Paco", "usage": 0},
				{"appName": "캘린더", "usage": 0},
				{"appName": "Polar Beat", "usage": 0},
				{"appName": "설정", "usage": 0},
				{"appName": "메시지", "usage": 0},
				{"appName": "접근성", "usage": 0},
				{"appName": "Logger", "usage": 0},
				{"appName": "패키지 설치 프로그램", "usage": 0},
				{"appName": "빅스비 보이스", "usage": 0}
			]
		},
		"avgTime": {
			"usage": 1,
			"details": [
				{"appName": "YouTube", "usage": 4},
				{"appName": "Facebook", "usage": 2},
				{"appName": "T map", "usage": 0},
				{"appName": "삼성 인터넷", "usage": 0},
				{"appName": "계산기", "usage": 0},
				{"appName": "캘린더", "usage": 0},
				{"appName": "벅스", "usage": 0},
				{"appName": "카카오톡", "usage": 0},
				{"appName": "Paco", "usage": 0},
				{"appName": "One UI 홈", "usage": 0},
				{"appName": "시계", "usage": 0},
				{"appName": "메시지", "usage": 0},
				{"appName": "Polar Beat", "usage": 0},
				{"appName": "설정", "usage": 0},
				{"appName": "접근성", "usage": 0},
				{"appName": "Logger", "usage": 0},
				{"appName": "패키지 설치 프로그램", "usage": 0},
				{"appName": "빅스비 보이스", "usage": 0}
			]
		},
		"lastPickup": {"time": 0}
	},
	{
		"date": 6,
		"totalTime": {
			"usage": 195,
			"details": [
				{"appName": "카카오톡", "usage": 80},
				{"appName": "YouTube", "usage": 50},
				{"appName": "삼성 인터넷", "usage": 12},
				{"appName": "전화", "usage": 11},
				{"appName": "Paco", "usage": 6},
				{"appName": "One UI 홈", "usage": 5},
				{"appName": "시계", "usage": 2},
				{"appName": "카메라", "usage": 2},
				{"appName": "Gmail", "usage": 1},
				{"appName": "벅스", "usage": 1},
				{"appName": "국제검진센터", "usage": 1},
				{"appName": "드라이브", "usage": 0},
				{"appName": "M-able", "usage": 0},
				{"appName": "Facebook", "usage": 0},
				{"appName": "계산기", "usage": 0},
				{"appName": "Polar Beat", "usage": 0},
				{"appName": "설정", "usage": 0},
				{"appName": "한컴오피스 viewer", "usage": 0},
				{"appName": "Google Play 스토어", "usage": 0},
				{"appName": "갤러리", "usage": 0},
				{"appName": "캘린더", "usage": 0},
				{"appName": "접근성", "usage": 0},
				{"appName": "메시지", "usage": 0},
				{"appName": "Samsung Pay", "usage": 0},
				{"appName": "안드로이드 시스템", "usage": 0},
				{"appName": "Google Play 서비스", "usage": 0},
				{"appName": "Logger", "usage": 0},
				{"appName": "패키지 설치 프로그램", "usage": 0},
				{"appName": "우리카드", "usage": 0},
				{"appName": "빅스비 보이스", "usage": 0}
			]
		},
		"pickups": {"usage": 226},
		"downTime": {
			"usages": [
				{"hour": 0, "usage": 3},
				{"hour": 1, "usage": 34},
				{"hour": 2, "usage": 8},
				{"hour": 3, "usage": 3},
				{"hour": 4, "usage": 2},
				{"hour": 5, "usage": 3},
				{"hour": 6, "usage": 3},
				{"hour": 7, "usage": 11},
				{"hour": 8, "usage": 2},
				{"hour": 9, "usage": 0},
				{"hour": 10, "usage": 3},
				{"hour": 11, "usage": 17},
				{"hour": 12, "usage": 31},
				{"hour": 13, "usage": 20},
				{"hour": 14, "usage": 6},
				{"hour": 15, "usage": 31},
				{"hour": 16, "usage": 3},
				{"hour": 17, "usage": 7}
			],
			"details": [
				{"appName": "One UI 홈", "usage": [1, 2, 3, 4, 5, 6, 7, 8, 9, 10, 11, 12, 13, 14, 15, 16, 17]},
				{"appName": "카카오톡", "usage": [0, 1, 2, 3, 7, 8, 10, 11, 12, 13, 14, 15, 16]},
				{"appName": "Paco", "usage": [1, 2, 3, 4, 5, 6, 7, 8, 9, 10, 11, 12, 13]},
				{"appName": "삼성 인터넷", "usage": [2, 3, 4, 5, 6, 12, 16, 17]},
				{"appName": "시계", "usage": [0, 1, 15, 16, 17, 23]},
				{"appName": "YouTube", "usage": [1, 2, 7, 15, 17]},
				{"appName": "Gmail", "usage": [1, 5, 6, 8, 14]},
				{"appName": "벅스", "usage": [1, 14, 15]},
				{"appName": "Polar Beat", "usage": [1, 8, 14]},
				{"appName": "패키지 설치 프로그램", "usage": [1, 11]},
				{"appName": "카메라", "usage": [6, 11]},
				{"appName": "접근성", "usage": [1, 14]},
				{"appName": "전화", "usage": [10, 11]},
				{"appName": "설정", "usage": [1, 14]},
				{"appName": "빅스비 보이스", "usage": [6, 15]},
				{"appName": "계산기", "usage": [3, 4]},
				{"appName": "M-able", "usage": [6, 7]},
				{"appName": "한컴오피스 viewer", "usage": [5]},
				{"appName": "캘린더", "usage": [1]},
				{"appName": "우리카드", "usage": [3]},
				{"appName": "안드로이드 시스템", "usage": [5]},
				{"appName": "메시지", "usage": [2]},
				{"appName": "드라이브", "usage": [6]},
				{"appName": "국제검진센터", "usage": [11]},
				{"appName": "갤러리", "usage": [6]},
				{"appName": "Samsung Pay", "usage": [5]},
				{"appName": "Logger", "usage": [1]},
				{"appName": "Google Play 스토어", "usage": [7]},
				{"appName": "Google Play 서비스", "usage": [2]},
				{"appName": "Facebook", "usage": [1]}
			]
		},
		"maxTime": {
			"usage": 19,
			"details": [
				{"appName": "YouTube", "usage": 19},
				{"appName": "전화", "usage": 7},
				{"appName": "카카오톡", "usage": 2},
				{"appName": "삼성 인터넷", "usage": 2},
				{"appName": "카메라", "usage": 1},
				{"appName": "Paco", "usage": 1},
				{"appName": "국제검진센터", "usage": 1},
				{"appName": "드라이브", "usage": 0},
				{"appName": "Gmail", "usage": 0},
				{"appName": "시계", "usage": 0},
				{"appName": "계산기", "usage": 0},
				{"appName": "One UI 홈", "usage": 0},
				{"appName": "한컴오피스 viewer", "usage": 0},
				{"appName": "M-able", "usage": 0},
				{"appName": "갤러리", "usage": 0},
				{"appName": "Facebook", "usage": 0},
				{"appName": "벅스", "usage": 0},
				{"appName": "Google Play 스토어", "usage": 0},
				{"appName": "캘린더", "usage": 0},
				{"appName": "Polar Beat", "usage": 0},
				{"appName": "메시지", "usage": 0},
				{"appName": "Samsung Pay", "usage": 0},
				{"appName": "접근성", "usage": 0},
				{"appName": "설정", "usage": 0},
				{"appName": "안드로이드 시스템", "usage": 0},
				{"appName": "Google Play 서비스", "usage": 0},
				{"appName": "Logger", "usage": 0},
				{"appName": "패키지 설치 프로그램", "usage": 0},
				{"appName": "우리카드", "usage": 0},
				{"appName": "빅스비 보이스", "usage": 0}
			]
		},
		"avgTime": {
			"usage": 0,
			"details": [
				{"appName": "YouTube", "usage": 2},
				{"appName": "전화", "usage": 0},
				{"appName": "삼성 인터넷", "usage": 0},
				{"appName": "드라이브", "usage": 0},
				{"appName": "카메라", "usage": 0},
				{"appName": "국제검진센터", "usage": 0},
				{"appName": "갤러리", "usage": 0},
				{"appName": "계산기", "usage": 0},
				{"appName": "카카오톡", "usage": 0},
				{"appName": "한컴오피스 viewer", "usage": 0},
				{"appName": "Gmail", "usage": 0},
				{"appName": "M-able", "usage": 0},
				{"appName": "Paco", "usage": 0},
				{"appName": "메시지", "usage": 0},
				{"appName": "캘린더", "usage": 0},
				{"appName": "Facebook", "usage": 0},
				{"appName": "One UI 홈", "usage": 0},
				{"appName": "시계", "usage": 0},
				{"appName": "안드로이드 시스템", "usage": 0},
				{"appName": "Samsung Pay", "usage": 0},
				{"appName": "Google Play 스토어", "usage": 0},
				{"appName": "벅스", "usage": 0},
				{"appName": "접근성", "usage": 0},
				{"appName": "Polar Beat", "usage": 0},
				{"appName": "설정", "usage": 0},
				{"appName": "Google Play 서비스", "usage": 0},
				{"appName": "Logger", "usage": 0},
				{"appName": "패키지 설치 프로그램", "usage": 0},
				{"appName": "우리카드", "usage": 0},
				{"appName": "빅스비 보이스", "usage": 0}
			]
		},
		"lastPickup": {"time": 0}
	},
	{
		"date": 7,
		"totalTime": {
			"usage": 831,
			"details": [
				{"appName": "YouTube", "usage": 117},
				{"appName": "카카오톡", "usage": 45},
				{"appName": "삼성 인터넷", "usage": 12},
				{"appName": "One UI 홈", "usage": 6},
				{"appName": "뱅크샐러드", "usage": 5},
				{"appName": "Paco", "usage": 4},
				{"appName": "Facebook", "usage": 4},
				{"appName": "벅스", "usage": 2},
				{"appName": "시계", "usage": 1},
				{"appName": "캘린더", "usage": 1},
				{"appName": "전화", "usage": 1},
				{"appName": "메시지", "usage": 0},
				{"appName": "Polar Beat", "usage": 0},
				{"appName": "Gmail", "usage": 0},
				{"appName": "M-able", "usage": 0},
				{"appName": "Samsung Pay", "usage": 0},
				{"appName": "설정", "usage": 0},
				{"appName": "카메라", "usage": 0},
				{"appName": "후후", "usage": 0},
				{"appName": "접근성", "usage": 0},
				{"appName": "Dropsync", "usage": 0},
				{"appName": "Logger", "usage": 0},
				{"appName": "날씨", "usage": 0},
				{"appName": "패키지 설치 프로그램", "usage": 0},
				{"appName": "빅스비 보이스", "usage": 0}
			]
		},
		"pickups": {"usage": 176},
		"downTime": {
			"usages": [
				{"hour": 0, "usage": 4},
				{"hour": 1, "usage": 9},
				{"hour": 2, "usage": 17},
				{"hour": 3, "usage": 10},
				{"hour": 4, "usage": 10},
				{"hour": 5, "usage": 5},
				{"hour": 6, "usage": 9},
				{"hour": 7, "usage": 1},
				{"hour": 8, "usage": 45},
				{"hour": 9, "usage": 8},
				{"hour": 10, "usage": 23},
				{"hour": 11, "usage": 54},
				{"hour": 12, "usage": 19},
				{"hour": 13, "usage": 6}
			],
			"details": [
				{"appName": "카카오톡", "usage": [0, 1, 2, 3, 4, 5, 6, 7, 8, 9, 10, 11]},
				{"appName": "One UI 홈", "usage": [0, 1, 2, 3, 5, 6, 8, 9, 10, 11, 12]},
				{"appName": "Paco", "usage": [2, 3, 4, 5, 6, 9, 10, 11, 12]},
				{"appName": "시계", "usage": [0, 1, 3, 4, 6, 7]},
				{"appName": "YouTube", "usage": [8, 9, 10, 11, 12]},
				{"appName": "삼성 인터넷", "usage": [1, 5, 10, 11]},
				{"appName": "메시지", "usage": [8, 9, 10, 11]},
				{"appName": "캘린더", "usage": [8, 9, 12]},
				{"appName": "벅스", "usage": [0, 1, 10]},
				{"appName": "접근성", "usage": [2, 12]},
				{"appName": "설정", "usage": [2, 12]},
				{"appName": "Samsung Pay", "usage": [2, 3]},
				{"appName": "Polar Beat", "usage": [2, 12]},
				{"appName": "Facebook", "usage": [1, 2]},
				{"appName": "후후", "usage": [10]},
				{"appName": "패키지 설치 프로그램", "usage": [2]},
				{"appName": "카메라", "usage": [5]},
				{"appName": "전화", "usage": [4]},
				{"appName": "빅스비 보이스", "usage": [2]},
				{"appName": "뱅크샐러드", "usage": [9]},
				{"appName": "날씨", "usage": [1]},
				{"appName": "M-able", "usage": [1]},
				{"appName": "Logger", "usage": [2]},
				{"appName": "Gmail", "usage": [8]},
				{"appName": "Dropsync", "usage": [12]}
			]
		},
		"maxTime": {
			"usage": 602,
			"details": [
				{"appName": "YouTube", "usage": 28},
				{"appName": "삼성 인터넷", "usage": 6},
				{"appName": "Facebook", "usage": 2},
				{"appName": "카카오톡", "usage": 2},
				{"appName": "뱅크샐러드", "usage": 1},
				{"appName": "캘린더", "usage": 1},
				{"appName": "벅스", "usage": 1},
				{"appName": "One UI 홈", "usage": 1},
				{"appName": "Polar Beat", "usage": 0},
				{"appName": "Gmail", "usage": 0},
				{"appName": "전화", "usage": 0},
				{"appName": "M-able", "usage": 0},
				{"appName": "Paco", "usage": 0},
				{"appName": "메시지", "usage": 0},
				{"appName": "시계", "usage": 0},
				{"appName": "카메라", "usage": 0},
				{"appName": "Samsung Pay", "usage": 0},
				{"appName": "후후", "usage": 0},
				{"appName": "설정", "usage": 0},
				{"appName": "Dropsync", "usage": 0},
				{"appName": "접근성", "usage": 0},
				{"appName": "Logger", "usage": 0},
				{"appName": "날씨", "usage": 0},
				{"appName": "패키지 설치 프로그램", "usage": 0},
				{"appName": "빅스비 보이스", "usage": 0}
			]
		},
		"avgTime": {
			"usage": 4,
			"details": [
				{"appName": "YouTube", "usage": 6},
				{"appName": "삼성 인터넷", "usage": 1},
				{"appName": "M-able", "usage": 0},
				{"appName": "Facebook", "usage": 0},
				{"appName": "Gmail", "usage": 0},
				{"appName": "카메라", "usage": 0},
				{"appName": "뱅크샐러드", "usage": 0},
				{"appName": "전화", "usage": 0},
				{"appName": "캘린더", "usage": 0},
				{"appName": "벅스", "usage": 0},
				{"appName": "Samsung Pay", "usage": 0},
				{"appName": "메시지", "usage": 0},
				{"appName": "One UI 홈", "usage": 0},
				{"appName": "Polar Beat", "usage": 0},
				{"appName": "카카오톡", "usage": 0},
				{"appName": "Paco", "usage": 0},
				{"appName": "시계", "usage": 0},
				{"appName": "Dropsync", "usage": 0},
				{"appName": "후후", "usage": 0},
				{"appName": "접근성", "usage": 0},
				{"appName": "설정", "usage": 0},
				{"appName": "Logger", "usage": 0},
				{"appName": "날씨", "usage": 0},
				{"appName": "패키지 설치 프로그램", "usage": 0},
				{"appName": "빅스비 보이스", "usage": 0}
			]
		},
		"lastPickup": {"time": 602}
	}
]
