[
	{
		"date": 1,
		"totalTime": {
			"usage": 347,
			"details": [
				{"appName": "Chrome", "usage": 188},
				{"appName": "ミリシタ", "usage": 44},
				{"appName": "YouTube", "usage": 35},
				{"appName": "Samsung Experience 홈", "usage": 17},
				{"appName": "시계", "usage": 10},
				{"appName": "카카오톡", "usage": 8},
				{"appName": "Polar Beat", "usage": 6},
				{"appName": "Microsoft Health", "usage": 5},
				{"appName": "Instagram", "usage": 5},
				{"appName": "Paco", "usage": 4},
				{"appName": "Samsung Music", "usage": 2},
				{"appName": "메시지", "usage": 2},
				{"appName": "설정", "usage": 1},
				{"appName": "LINE", "usage": 1},
				{"appName": "캘린더", "usage": 1},
				{"appName": "갤러리", "usage": 1},
				{"appName": "KAIST Portal", "usage": 1},
				{"appName": "이메일", "usage": 0},
				{"appName": "Google Play 스토어", "usage": 0},
				{"appName": "카메라", "usage": 0},
				{"appName": "모바일교보문고", "usage": 0},
				{"appName": "카카오버스", "usage": 0},
				{"appName": "번역", "usage": 0},
				{"appName": "메가박스", "usage": 0},
				{"appName": "코레일톡", "usage": 0},
				{"appName": "KAIST Library", "usage": 0},
				{"appName": "Samsung Pay", "usage": 0},
				{"appName": "편한가계부", "usage": 0},
				{"appName": "패키지 설치 프로그램", "usage": 0},
				{"appName": "", "usage": 0},
				{"appName": "접근성", "usage": 0},
				{"appName": "Logger", "usage": 0},
				{"appName": "1.1.1.1", "usage": 0},
				{"appName": "삼성 캡처", "usage": 0},
				{"appName": "Google", "usage": 0},
				{"appName": "하나1Q페이", "usage": 0}
			]
		},
		"pickups": {"usage": 99},
		"downTime": {
			"usages": [
				{"hour": 0, "usage": 25},
				{"hour": 1, "usage": 1},
				{"hour": 2, "usage": 0},
				{"hour": 3, "usage": 25},
				{"hour": 4, "usage": 2},
				{"hour": 5, "usage": 14},
				{"hour": 6, "usage": 31},
				{"hour": 7, "usage": 10},
				{"hour": 8, "usage": 21},
				{"hour": 9, "usage": 4},
				{"hour": 10, "usage": 5},
				{"hour": 11, "usage": 5},
				{"hour": 12, "usage": 45},
				{"hour": 13, "usage": 40},
				{"hour": 14, "usage": 49},
				{"hour": 15, "usage": 27},
				{"hour": 16, "usage": 30},
				{"hour": 23, "usage": 5}
			],
			"details": [
				{"appName": "Chrome", "usage": [0, 1, 3, 4, 5, 6, 7, 8, 9, 10, 11, 12, 13, 14, 15, 16, 23]},
				{"appName": "Samsung Experience 홈", "usage": [0, 1, 3, 4, 5, 6, 7, 8, 9, 10, 11, 12, 13, 14, 15, 23]},
				{"appName": "카카오톡", "usage": [0, 3, 4, 5, 6, 8, 10, 11, 12, 13, 23]},
				{"appName": "Paco", "usage": [3, 4, 5, 6, 7, 8, 9, 11, 12]},
				{"appName": "Instagram", "usage": [0, 7, 10, 12, 13, 14, 15, 23]},
				{"appName": "Polar Beat", "usage": [3, 5, 6, 7, 8, 12, 13]},
				{"appName": "설정", "usage": [0, 3, 6, 7, 12, 13]},
				{"appName": "이메일", "usage": [3, 6, 8, 15, 23]},
				{"appName": "LINE", "usage": [0, 6, 12, 13, 15]},
				{"appName": "패키지 설치 프로그램", "usage": [3, 6, 7, 13]},
				{"appName": "접근성", "usage": [3, 6, 7, 13]},
				{"appName": "메시지", "usage": [2, 3, 4, 5]},
				{"appName": "ミリシタ", "usage": [3, 6, 14, 15]},
				{"appName": "Logger", "usage": [3, 6, 7, 13]},
				{"appName": "하나1Q페이", "usage": [3, 6, 13]},
				{"appName": "편한가계부", "usage": [5, 8, 13]},
				{"appName": "캘린더", "usage": [0, 5, 12]},
				{"appName": "카카오버스", "usage": [7, 8, 15]},
				{"appName": "번역", "usage": [0, 5, 13]},
				{"appName": "YouTube", "usage": [7, 13, 14]},
				{"appName": "Samsung Music", "usage": [12, 13, 14]},
				{"appName": "1.1.1.1", "usage": [6, 13, 15]},
				{"appName": "카메라", "usage": [7, 14]},
				{"appName": "시계", "usage": [0, 23]},
				{"appName": "갤러리", "usage": [3, 14]},
				{"appName": "Microsoft Health", "usage": [6, 12]},
				{"appName": "KAIST Portal", "usage": [10, 15]},
				{"appName": "Google Play 스토어", "usage": [11, 13]},
				{"appName": "코레일톡", "usage": [13]},
				{"appName": "삼성 캡처", "usage": [12]},
				{"appName": "모바일교보문고", "usage": [15]},
				{"appName": "메가박스", "usage": [12]},
				{"appName": "Samsung Pay", "usage": [6]},
				{"appName": "KAIST Library", "usage": [11]},
				{"appName": "Google", "usage": [10]},
				{"appName": "", "usage": [13]}
			]
		},
		"maxTime": {
			"usage": 56,
			"details": [
				{"appName": "YouTube", "usage": 34},
				{"appName": "Chrome", "usage": 19},
				{"appName": "ミリシタ", "usage": 16},
				{"appName": "시계", "usage": 10},
				{"appName": "Polar Beat", "usage": 2},
				{"appName": "Samsung Experience 홈", "usage": 2},
				{"appName": "Microsoft Health", "usage": 1},
				{"appName": "메시지", "usage": 0},
				{"appName": "Samsung Music", "usage": 0},
				{"appName": "LINE", "usage": 0},
				{"appName": "Instagram", "usage": 0},
				{"appName": "갤러리", "usage": 0},
				{"appName": "카카오톡", "usage": 0},
				{"appName": "모바일교보문고", "usage": 0},
				{"appName": "이메일", "usage": 0},
				{"appName": "Google Play 스토어", "usage": 0},
				{"appName": "캘린더", "usage": 0},
				{"appName": "KAIST Portal", "usage": 0},
				{"appName": "KAIST Library", "usage": 0},
				{"appName": "Paco", "usage": 0},
				{"appName": "카메라", "usage": 0},
				{"appName": "Samsung Pay", "usage": 0},
				{"appName": "", "usage": 0},
				{"appName": "패키지 설치 프로그램", "usage": 0},
				{"appName": "설정", "usage": 0},
				{"appName": "코레일톡", "usage": 0},
				{"appName": "번역", "usage": 0},
				{"appName": "메가박스", "usage": 0},
				{"appName": "카카오버스", "usage": 0},
				{"appName": "접근성", "usage": 0},
				{"appName": "편한가계부", "usage": 0},
				{"appName": "Logger", "usage": 0},
				{"appName": "1.1.1.1", "usage": 0},
				{"appName": "삼성 캡처", "usage": 0},
				{"appName": "Google", "usage": 0},
				{"appName": "하나1Q페이", "usage": 0}
			]
		},
		"avgTime": {
			"usage": 3,
			"details": [
				{"appName": "YouTube", "usage": 8},
				{"appName": "ミリシタ", "usage": 5},
				{"appName": "Chrome", "usage": 1},
				{"appName": "시계", "usage": 1},
				{"appName": "Microsoft Health", "usage": 0},
				{"appName": "모바일교보문고", "usage": 0},
				{"appName": "메시지", "usage": 0},
				{"appName": "갤러리", "usage": 0},
				{"appName": "카메라", "usage": 0},
				{"appName": "이메일", "usage": 0},
				{"appName": "KAIST Library", "usage": 0},
				{"appName": "Samsung Pay", "usage": 0},
				{"appName": "Polar Beat", "usage": 0},
				{"appName": "Samsung Music", "usage": 0},
				{"appName": "KAIST Portal", "usage": 0},
				{"appName": "Instagram", "usage": 0},
				{"appName": "캘린더", "usage": 0},
				{"appName": "Google Play 스토어", "usage": 0},
				{"appName": "Samsung Experience 홈", "usage": 0},
				{"appName": "LINE", "usage": 0},
				{"appName": "", "usage": 0},
				{"appName": "Paco", "usage": 0},
				{"appName": "메가박스", "usage": 0},
				{"appName": "코레일톡", "usage": 0},
				{"appName": "번역", "usage": 0},
				{"appName": "카카오톡", "usage": 0},
				{"appName": "카카오버스", "usage": 0},
				{"appName": "패키지 설치 프로그램", "usage": 0},
				{"appName": "설정", "usage": 0},
				{"appName": "접근성", "usage": 0},
				{"appName": "1.1.1.1", "usage": 0},
				{"appName": "삼성 캡처", "usage": 0},
				{"appName": "Logger", "usage": 0},
				{"appName": "편한가계부", "usage": 0},
				{"appName": "Google", "usage": 0},
				{"appName": "하나1Q페이", "usage": 0}
			]
		},
		"lastPickup": {"time": 4}
	},
	{
		"date": 2,
		"totalTime": {
			"usage": 374,
			"details": [
				{"appName": "Chrome", "usage": 176},
				{"appName": "ミリシタ", "usage": 80},
				{"appName": "YouTube", "usage": 35},
				{"appName": "Instagram", "usage": 14},
				{"appName": "Samsung Experience 홈", "usage": 12},
				{"appName": "카카오톡", "usage": 11},
				{"appName": "스타벅스", "usage": 7},
				{"appName": "Paco", "usage": 4},
				{"appName": "포토 에디터", "usage": 4},
				{"appName": "LINE", "usage": 3},
				{"appName": "이메일", "usage": 2},
				{"appName": "Adobe Acrobat", "usage": 1},
				{"appName": "편한가계부", "usage": 1},
				{"appName": "KAIST Portal", "usage": 1},
				{"appName": "카카오맵", "usage": 1},
				{"appName": "통화", "usage": 1},
				{"appName": "Yoga VPN", "usage": 1},
				{"appName": "Samsung Pay", "usage": 1},
				{"appName": "설정", "usage": 1},
				{"appName": "메가박스", "usage": 0},
				{"appName": "KT 멤버십", "usage": 0},
				{"appName": "코레일톡", "usage": 0},
				{"appName": "Polar Beat", "usage": 0},
				{"appName": "카카오지하철", "usage": 0},
				{"appName": "캘린더", "usage": 0},
				{"appName": "날씨", "usage": 0},
				{"appName": "갤러리", "usage": 0},
				{"appName": "1.1.1.1", "usage": 0},
				{"appName": "한컴오피스", "usage": 0},
				{"appName": "모바일교보문고", "usage": 0},
				{"appName": "전화", "usage": 0},
				{"appName": "안드로이드 시스템", "usage": 0},
				{"appName": "접근성", "usage": 0},
				{"appName": "Logger", "usage": 0},
				{"appName": "파일", "usage": 0},
				{"appName": "Google", "usage": 0},
				{"appName": "빅스비 비전", "usage": 0},
				{"appName": "Google Play 서비스", "usage": 0},
				{"appName": "인쇄 스풀러", "usage": 0},
				{"appName": "VpnDialogs", "usage": 0},
				{"appName": "패키지 설치 프로그램", "usage": 0},
				{"appName": "하나1Q페이", "usage": 0}
			]
		},
		"pickups": {"usage": 69},
		"downTime": {
			"usages": [
				{"hour": 1, "usage": 10},
				{"hour": 2, "usage": 16},
				{"hour": 3, "usage": 30},
				{"hour": 4, "usage": 29},
				{"hour": 5, "usage": 18},
				{"hour": 6, "usage": 12},
				{"hour": 7, "usage": 34},
				{"hour": 8, "usage": 59},
				{"hour": 9, "usage": 11},
				{"hour": 10, "usage": 5},
				{"hour": 11, "usage": 51},
				{"hour": 12, "usage": 14},
				{"hour": 13, "usage": 8},
				{"hour": 14, "usage": 1},
				{"hour": 15, "usage": 0},
				{"hour": 16, "usage": 59},
				{"hour": 17, "usage": 8},
				{"hour": 22, "usage": 0}
			],
			"details": [
				{"appName": "Samsung Experience 홈", "usage": [1, 2, 3, 4, 5, 6, 7, 8, 9, 10, 11, 12, 13, 14, 15, 16, 17]},
				{"appName": "Chrome", "usage": [1, 2, 3, 4, 5, 6, 7, 8, 9, 10, 11, 12, 13, 14, 15, 16]},
				{"appName": "Instagram", "usage": [2, 3, 4, 5, 6, 7, 8, 11, 12, 13, 14, 17]},
				{"appName": "카카오톡", "usage": [1, 3, 4, 5, 6, 8, 11, 12, 14, 16]},
				{"appName": "Paco", "usage": [3, 4, 5, 6, 7, 9, 10, 12, 13]},
				{"appName": "설정", "usage": [3, 7, 11, 12, 13]},
				{"appName": "KAIST Portal", "usage": [7, 8, 12, 14, 15]},
				{"appName": "ミリシタ", "usage": [2, 3, 4, 16]},
				{"appName": "LINE", "usage": [6, 7, 8, 14]},
				{"appName": "1.1.1.1", "usage": [2, 8, 11, 16]},
				{"appName": "패키지 설치 프로그램", "usage": [3, 11, 13]},
				{"appName": "코레일톡", "usage": [6, 10, 11]},
				{"appName": "캘린더", "usage": [6, 7, 22]},
				{"appName": "접근성", "usage": [3, 11, 13]},
				{"appName": "스타벅스", "usage": [3, 4, 5]},
				{"appName": "YouTube", "usage": [8, 16, 17]},
				{"appName": "Polar Beat", "usage": [3, 13, 14]},
				{"appName": "Logger", "usage": [3, 11, 13]},
				{"appName": "통화", "usage": [6, 13]},
				{"appName": "카카오맵", "usage": [10, 11]},
				{"appName": "이메일", "usage": [8, 11]},
				{"appName": "안드로이드 시스템", "usage": [7, 11]},
				{"appName": "메가박스", "usage": [7, 13]},
				{"appName": "날씨", "usage": [6, 11]},
				{"appName": "Google", "usage": [3, 12]},
				{"appName": "한컴오피스", "usage": [11]},
				{"appName": "하나1Q페이", "usage": [5]},
				{"appName": "포토 에디터", "usage": [8]},
				{"appName": "편한가계부", "usage": [5]},
				{"appName": "파일", "usage": [7]},
				{"appName": "카카오지하철", "usage": [6]},
				{"appName": "전화", "usage": [6]},
				{"appName": "인쇄 스풀러", "usage": [12]},
				{"appName": "빅스비 비전", "usage": [8]},
				{"appName": "모바일교보문고", "usage": [7]},
				{"appName": "갤러리", "usage": [8]},
				{"appName": "Yoga VPN", "usage": [11]},
				{"appName": "VpnDialogs", "usage": [11]},
				{"appName": "Samsung Pay", "usage": [6]},
				{"appName": "KT 멤버십", "usage": [5]},
				{"appName": "Google Play 서비스", "usage": [7]},
				{"appName": "Adobe Acrobat", "usage": [11]}
			]
		},
		"maxTime": {
			"usage": 59,
			"details": [
				{"appName": "ミリシタ", "usage": 27},
				{"appName": "YouTube", "usage": 25},
				{"appName": "Chrome", "usage": 13},
				{"appName": "Instagram", "usage": 4},
				{"appName": "카카오톡", "usage": 2},
				{"appName": "포토 에디터", "usage": 2},
				{"appName": "Samsung Experience 홈", "usage": 2},
				{"appName": "스타벅스", "usage": 1},
				{"appName": "이메일", "usage": 1},
				{"appName": "카카오맵", "usage": 1},
				{"appName": "LINE", "usage": 1},
				{"appName": "KAIST Portal", "usage": 0},
				{"appName": "Adobe Acrobat", "usage": 0},
				{"appName": "통화", "usage": 0},
				{"appName": "카카오지하철", "usage": 0},
				{"appName": "Paco", "usage": 0},
				{"appName": "KT 멤버십", "usage": 0},
				{"appName": "갤러리", "usage": 0},
				{"appName": "코레일톡", "usage": 0},
				{"appName": "Yoga VPN", "usage": 0},
				{"appName": "편한가계부", "usage": 0},
				{"appName": "설정", "usage": 0},
				{"appName": "Samsung Pay", "usage": 0},
				{"appName": "한컴오피스", "usage": 0},
				{"appName": "모바일교보문고", "usage": 0},
				{"appName": "캘린더", "usage": 0},
				{"appName": "Polar Beat", "usage": 0},
				{"appName": "메가박스", "usage": 0},
				{"appName": "날씨", "usage": 0},
				{"appName": "전화", "usage": 0},
				{"appName": "1.1.1.1", "usage": 0},
				{"appName": "Logger", "usage": 0},
				{"appName": "파일", "usage": 0},
				{"appName": "안드로이드 시스템", "usage": 0},
				{"appName": "Google Play 서비스", "usage": 0},
				{"appName": "인쇄 스풀러", "usage": 0},
				{"appName": "접근성", "usage": 0},
				{"appName": "빅스비 비전", "usage": 0},
				{"appName": "VpnDialogs", "usage": 0},
				{"appName": "Google", "usage": 0},
				{"appName": "패키지 설치 프로그램", "usage": 0},
				{"appName": "하나1Q페이", "usage": 0}
			]
		},
		"avgTime": {
			"usage": 5,
			"details": [
				{"appName": "ミリシタ", "usage": 10},
				{"appName": "YouTube", "usage": 8},
				{"appName": "Chrome", "usage": 2},
				{"appName": "포토 에디터", "usage": 1},
				{"appName": "이메일", "usage": 0},
				{"appName": "카카오맵", "usage": 0},
				{"appName": "통화", "usage": 0},
				{"appName": "Adobe Acrobat", "usage": 0},
				{"appName": "카카오지하철", "usage": 0},
				{"appName": "Instagram", "usage": 0},
				{"appName": "스타벅스", "usage": 0},
				{"appName": "KT 멤버십", "usage": 0},
				{"appName": "카카오톡", "usage": 0},
				{"appName": "한컴오피스", "usage": 0},
				{"appName": "KAIST Portal", "usage": 0},
				{"appName": "모바일교보문고", "usage": 0},
				{"appName": "캘린더", "usage": 0},
				{"appName": "갤러리", "usage": 0},
				{"appName": "Samsung Pay", "usage": 0},
				{"appName": "Yoga VPN", "usage": 0},
				{"appName": "날씨", "usage": 0},
				{"appName": "Paco", "usage": 0},
				{"appName": "코레일톡", "usage": 0},
				{"appName": "Polar Beat", "usage": 0},
				{"appName": "LINE", "usage": 0},
				{"appName": "메가박스", "usage": 0},
				{"appName": "Samsung Experience 홈", "usage": 0},
				{"appName": "1.1.1.1", "usage": 0},
				{"appName": "설정", "usage": 0},
				{"appName": "전화", "usage": 0},
				{"appName": "편한가계부", "usage": 0},
				{"appName": "파일", "usage": 0},
				{"appName": "Google Play 서비스", "usage": 0},
				{"appName": "인쇄 스풀러", "usage": 0},
				{"appName": "안드로이드 시스템", "usage": 0},
				{"appName": "VpnDialogs", "usage": 0},
				{"appName": "Google", "usage": 0},
				{"appName": "접근성", "usage": 0},
				{"appName": "빅스비 비전", "usage": 0},
				{"appName": "Logger", "usage": 0},
				{"appName": "패키지 설치 프로그램", "usage": 0},
				{"appName": "하나1Q페이", "usage": 0}
			]
		},
		"lastPickup": {"time": 0}
	},
	{
		"date": 3,
		"totalTime": {
			"usage": 310,
			"details": [
				{"appName": "Chrome", "usage": 246},
				{"appName": "카카오톡", "usage": 99},
				{"appName": "ミリシタ", "usage": 45},
				{"appName": "YouTube", "usage": 25},
				{"appName": "Samsung Experience 홈", "usage": 10},
				{"appName": "Paco", "usage": 5},
				{"appName": "Instagram", "usage": 4},
				{"appName": "LINE", "usage": 4},
				{"appName": "스타벅스", "usage": 3},
				{"appName": "지도", "usage": 3},
				{"appName": "ABC Logger", "usage": 2},
				{"appName": "카카오지하철", "usage": 1},
				{"appName": "KAIST Portal", "usage": 1},
				{"appName": "KT 멤버십", "usage": 1},
				{"appName": "시계", "usage": 0},
				{"appName": "Dropsync", "usage": 0},
				{"appName": "메시지", "usage": 0},
				{"appName": "KLMS", "usage": 0},
				{"appName": "설정", "usage": 0},
				{"appName": "메가박스", "usage": 0},
				{"appName": "카카오맵", "usage": 0},
				{"appName": "Microsoft Health", "usage": 0},
				{"appName": "편한가계부", "usage": 0},
				{"appName": "Polar Beat", "usage": 0},
				{"appName": "Samsung Health", "usage": 0},
				{"appName": "모바일교보문고", "usage": 0},
				{"appName": "이메일", "usage": 0},
				{"appName": "통화", "usage": 0},
				{"appName": "카메라", "usage": 0},
				{"appName": "Word", "usage": 0},
				{"appName": "원터치알림", "usage": 0},
				{"appName": "접근성", "usage": 0},
				{"appName": "캘린더", "usage": 0},
				{"appName": "Logger", "usage": 0},
				{"appName": "안드로이드 시스템", "usage": 0},
				{"appName": "파일", "usage": 0},
				{"appName": "Samsung Pay", "usage": 0},
				{"appName": "Google Play 스토어", "usage": 0},
				{"appName": "1.1.1.1", "usage": 0},
				{"appName": "패키지 설치 프로그램", "usage": 0},
				{"appName": "하나1Q페이", "usage": 0}
			]
		},
		"pickups": {"usage": 90},
		"downTime": {
			"usages": [
				{"hour": 0, "usage": 21},
				{"hour": 1, "usage": 37},
				{"hour": 2, "usage": 18},
				{"hour": 3, "usage": 28},
				{"hour": 4, "usage": 46},
				{"hour": 5, "usage": 0},
				{"hour": 6, "usage": 40},
				{"hour": 7, "usage": 23},
				{"hour": 8, "usage": 0},
				{"hour": 9, "usage": 2},
				{"hour": 10, "usage": 0},
				{"hour": 11, "usage": 31},
				{"hour": 12, "usage": 15},
				{"hour": 13, "usage": 7},
				{"hour": 14, "usage": 2},
				{"hour": 15, "usage": 0},
				{"hour": 16, "usage": 18},
				{"hour": 17, "usage": 11},
				{"hour": 22, "usage": 0},
				{"hour": 23, "usage": 2}
			],
			"details": [
				{"appName": "Samsung Experience 홈", "usage": [0, 1, 2, 3, 4, 6, 7, 8, 9, 10, 11, 12, 13, 14, 16, 17, 23]},
				{"appName": "Chrome", "usage": [0, 1, 2, 3, 4, 5, 6, 7, 9, 10, 11, 12, 13, 16, 17, 23]},
				{"appName": "카카오톡", "usage": [3, 4, 6, 7, 12, 13, 14, 15, 16, 17, 23]},
				{"appName": "Paco", "usage": [1, 2, 3, 4, 6, 7, 8, 9, 10, 11, 13]},
				{"appName": "Instagram", "usage": [0, 1, 3, 4, 6, 7, 12, 13, 16]},
				{"appName": "LINE", "usage": [3, 4, 6, 7, 9, 11, 13, 16]},
				{"appName": "설정", "usage": [1, 3, 4, 6, 13, 16]},
				{"appName": "ミリシタ", "usage": [1, 4, 6, 7, 11]},
				{"appName": "접근성", "usage": [1, 4, 6, 13]},
				{"appName": "YouTube", "usage": [0, 1, 3, 7]},
				{"appName": "시계", "usage": [17, 22, 23]},
				{"appName": "Polar Beat", "usage": [1, 4, 6]},
				{"appName": "KAIST Portal", "usage": [3, 4, 6]},
				{"appName": "패키지 설치 프로그램", "usage": [1, 13]},
				{"appName": "카카오맵", "usage": [4, 7]},
				{"appName": "이메일", "usage": [10, 13]},
				{"appName": "원터치알림", "usage": [2, 13]},
				{"appName": "안드로이드 시스템", "usage": [7, 17]},
				{"appName": "스타벅스", "usage": [4, 6]},
				{"appName": "메가박스", "usage": [3, 6]},
				{"appName": "Logger", "usage": [1, 13]},
				{"appName": "Dropsync", "usage": [6, 13]},
				{"appName": "하나1Q페이", "usage": [7]},
				{"appName": "편한가계부", "usage": [2]},
				{"appName": "파일", "usage": [7]},
				{"appName": "통화", "usage": [3]},
				{"appName": "캘린더", "usage": [4]},
				{"appName": "카카오지하철", "usage": [6]},
				{"appName": "카메라", "usage": [7]},
				{"appName": "지도", "usage": [3]},
				{"appName": "모바일교보문고", "usage": [4]},
				{"appName": "메시지", "usage": [13]},
				{"appName": "Word", "usage": [17]},
				{"appName": "Samsung Pay", "usage": [23]},
				{"appName": "Samsung Health", "usage": [4]},
				{"appName": "Microsoft Health", "usage": [13]},
				{"appName": "KT 멤버십", "usage": [7]},
				{"appName": "KLMS", "usage": [4]},
				{"appName": "Google Play 스토어", "usage": [0]},
				{"appName": "ABC Logger", "usage": [13]},
				{"appName": "1.1.1.1", "usage": [1]}
			]
		},
		"maxTime": {
			"usage": 56,
			"details": [
				{"appName": "카카오톡", "usage": 87},
				{"appName": "Chrome", "usage": 75},
				{"appName": "YouTube", "usage": 19},
				{"appName": "ミリシタ", "usage": 15},
				{"appName": "지도", "usage": 2},
				{"appName": "스타벅스", "usage": 1},
				{"appName": "Instagram", "usage": 0},
				{"appName": "KAIST Portal", "usage": 0},
				{"appName": "카카오지하철", "usage": 0},
				{"appName": "LINE", "usage": 0},
				{"appName": "메시지", "usage": 0},
				{"appName": "Samsung Experience 홈", "usage": 0},
				{"appName": "Microsoft Health", "usage": 0},
				{"appName": "Paco", "usage": 0},
				{"appName": "ABC Logger", "usage": 0},
				{"appName": "KT 멤버십", "usage": 0},
				{"appName": "모바일교보문고", "usage": 0},
				{"appName": "Dropsync", "usage": 0},
				{"appName": "시계", "usage": 0},
				{"appName": "통화", "usage": 0},
				{"appName": "Samsung Health", "usage": 0},
				{"appName": "카메라", "usage": 0},
				{"appName": "카카오맵", "usage": 0},
				{"appName": "편한가계부", "usage": 0},
				{"appName": "Word", "usage": 0},
				{"appName": "이메일", "usage": 0},
				{"appName": "KLMS", "usage": 0},
				{"appName": "메가박스", "usage": 0},
				{"appName": "캘린더", "usage": 0},
				{"appName": "Polar Beat", "usage": 0},
				{"appName": "설정", "usage": 0},
				{"appName": "원터치알림", "usage": 0},
				{"appName": "파일", "usage": 0},
				{"appName": "Samsung Pay", "usage": 0},
				{"appName": "접근성", "usage": 0},
				{"appName": "Google Play 스토어", "usage": 0},
				{"appName": "1.1.1.1", "usage": 0},
				{"appName": "안드로이드 시스템", "usage": 0},
				{"appName": "Logger", "usage": 0},
				{"appName": "패키지 설치 프로그램", "usage": 0},
				{"appName": "하나1Q페이", "usage": 0}
			]
		},
		"avgTime": {
			"usage": 3,
			"details": [
				{"appName": "YouTube", "usage": 5},
				{"appName": "ミリシタ", "usage": 4},
				{"appName": "Chrome", "usage": 2},
				{"appName": "카카오톡", "usage": 1},
				{"appName": "지도", "usage": 0},
				{"appName": "스타벅스", "usage": 0},
				{"appName": "카카오지하철", "usage": 0},
				{"appName": "메시지", "usage": 0},
				{"appName": "Microsoft Health", "usage": 0},
				{"appName": "KAIST Portal", "usage": 0},
				{"appName": "통화", "usage": 0},
				{"appName": "카메라", "usage": 0},
				{"appName": "Word", "usage": 0},
				{"appName": "모바일교보문고", "usage": 0},
				{"appName": "Dropsync", "usage": 0},
				{"appName": "Instagram", "usage": 0},
				{"appName": "ABC Logger", "usage": 0},
				{"appName": "캘린더", "usage": 0},
				{"appName": "이메일", "usage": 0},
				{"appName": "카카오맵", "usage": 0},
				{"appName": "Samsung Health", "usage": 0},
				{"appName": "KT 멤버십", "usage": 0},
				{"appName": "메가박스", "usage": 0},
				{"appName": "Paco", "usage": 0},
				{"appName": "LINE", "usage": 0},
				{"appName": "KLMS", "usage": 0},
				{"appName": "시계", "usage": 0},
				{"appName": "파일", "usage": 0},
				{"appName": "편한가계부", "usage": 0},
				{"appName": "Samsung Experience 홈", "usage": 0},
				{"appName": "원터치알림", "usage": 0},
				{"appName": "Samsung Pay", "usage": 0},
				{"appName": "설정", "usage": 0},
				{"appName": "Polar Beat", "usage": 0},
				{"appName": "Google Play 스토어", "usage": 0},
				{"appName": "1.1.1.1", "usage": 0},
				{"appName": "안드로이드 시스템", "usage": 0},
				{"appName": "접근성", "usage": 0},
				{"appName": "Logger", "usage": 0},
				{"appName": "패키지 설치 프로그램", "usage": 0},
				{"appName": "하나1Q페이", "usage": 0}
			]
		},
		"lastPickup": {"time": 0}
	},
	{
		"date": 4,
		"totalTime": {
			"usage": 279,
			"details": [
				{"appName": "Chrome", "usage": 154},
				{"appName": "ミリシタ", "usage": 49},
				{"appName": "Samsung Experience 홈", "usage": 20},
				{"appName": "YouTube", "usage": 19},
				{"appName": "Paco", "usage": 6},
				{"appName": "Instagram", "usage": 3},
				{"appName": "티몬", "usage": 3},
				{"appName": "카카오톡", "usage": 1},
				{"appName": "코레일톡", "usage": 1},
				{"appName": "Polar Beat", "usage": 1},
				{"appName": "메시지", "usage": 1},
				{"appName": "카카오지하철", "usage": 0},
				{"appName": "통화", "usage": 0},
				{"appName": "설정", "usage": 0},
				{"appName": "편한가계부", "usage": 0},
				{"appName": "카카오맵", "usage": 0},
				{"appName": "시계", "usage": 0},
				{"appName": "전화", "usage": 0},
				{"appName": "Samsung Music", "usage": 0},
				{"appName": "Steam", "usage": 0},
				{"appName": "하나1Q페이", "usage": 0},
				{"appName": "NUGU", "usage": 0},
				{"appName": "모바일교보문고", "usage": 0},
				{"appName": "번역", "usage": 0},
				{"appName": "원터치알림", "usage": 0},
				{"appName": "계산기", "usage": 0},
				{"appName": "LINE", "usage": 0},
				{"appName": "Samsung Pay", "usage": 0},
				{"appName": "Logger", "usage": 0},
				{"appName": "접근성", "usage": 0},
				{"appName": "1.1.1.1", "usage": 0},
				{"appName": "삼성 키보드", "usage": 0},
				{"appName": "갤러리", "usage": 0},
				{"appName": "패키지 설치 프로그램", "usage": 0}
			]
		},
		"pickups": {"usage": 112},
		"downTime": {
			"usages": [
				{"hour": 0, "usage": 15},
				{"hour": 1, "usage": 1},
				{"hour": 2, "usage": 13},
				{"hour": 3, "usage": 18},
				{"hour": 4, "usage": 23},
				{"hour": 5, "usage": 3},
				{"hour": 6, "usage": 4},
				{"hour": 7, "usage": 6},
				{"hour": 8, "usage": 2},
				{"hour": 9, "usage": 10},
				{"hour": 10, "usage": 19},
				{"hour": 11, "usage": 50},
				{"hour": 12, "usage": 31},
				{"hour": 13, "usage": 0},
				{"hour": 14, "usage": 3},
				{"hour": 15, "usage": 19},
				{"hour": 16, "usage": 29},
				{"hour": 17, "usage": 0},
				{"hour": 22, "usage": 5},
				{"hour": 23, "usage": 19}
			],
			"details": [
				{"appName": "Samsung Experience 홈", "usage": [0, 1, 2, 3, 4, 5, 6, 7, 8, 9, 10, 11, 12, 14, 15, 16, 22, 23]},
				{"appName": "Chrome", "usage": [0, 2, 3, 4, 5, 6, 7, 9, 10, 11, 12, 15, 16, 22, 23]},
				{"appName": "ミリシタ", "usage": [0, 10, 11, 12, 14, 15, 16, 23]},
				{"appName": "Paco", "usage": [0, 1, 2, 3, 4, 5, 7, 9]},
				{"appName": "Instagram", "usage": [0, 1, 2, 3, 11, 15, 23]},
				{"appName": "카카오톡", "usage": [0, 2, 3, 4, 6, 11]},
				{"appName": "설정", "usage": [0, 5, 6, 9, 23]},
				{"appName": "코레일톡", "usage": [1, 3, 4, 5]},
				{"appName": "시계", "usage": [3, 4, 15, 22]},
				{"appName": "Polar Beat", "usage": [0, 9, 10, 23]},
				{"appName": "편한가계부", "usage": [1, 2, 5]},
				{"appName": "패키지 설치 프로그램", "usage": [0, 22, 23]},
				{"appName": "원터치알림", "usage": [9, 10, 23]},
				{"appName": "하나1Q페이", "usage": [5, 15]},
				{"appName": "카카오지하철", "usage": [1, 2]},
				{"appName": "접근성", "usage": [0, 23]},
				{"appName": "전화", "usage": [5, 9]},
				{"appName": "번역", "usage": [2, 3]},
				{"appName": "Logger", "usage": [0, 23]},
				{"appName": "티몬", "usage": [15]},
				{"appName": "통화", "usage": [9]},
				{"appName": "카카오맵", "usage": [4]},
				{"appName": "삼성 키보드", "usage": [4]},
				{"appName": "모바일교보문고", "usage": [16]},
				{"appName": "메시지", "usage": [0]},
				{"appName": "계산기", "usage": [23]},
				{"appName": "갤러리", "usage": [3]},
				{"appName": "YouTube", "usage": [16]},
				{"appName": "Steam", "usage": [10]},
				{"appName": "Samsung Pay", "usage": [9]},
				{"appName": "Samsung Music", "usage": [3]},
				{"appName": "NUGU", "usage": [22]},
				{"appName": "LINE", "usage": [3]},
				{"appName": "1.1.1.1", "usage": [3]}
			]
		},
		"maxTime": {
			"usage": 38,
			"details": [
				{"appName": "YouTube", "usage": 19},
				{"appName": "Chrome", "usage": 13},
				{"appName": "ミリシタ", "usage": 12},
				{"appName": "Samsung Experience 홈", "usage": 3},
				{"appName": "Paco", "usage": 2},
				{"appName": "카카오톡", "usage": 1},
				{"appName": "티몬", "usage": 1},
				{"appName": "Polar Beat", "usage": 1},
				{"appName": "Instagram", "usage": 0},
				{"appName": "통화", "usage": 0},
				{"appName": "카카오맵", "usage": 0},
				{"appName": "메시지", "usage": 0},
				{"appName": "설정", "usage": 0},
				{"appName": "Samsung Music", "usage": 0},
				{"appName": "Steam", "usage": 0},
				{"appName": "카카오지하철", "usage": 0},
				{"appName": "모바일교보문고", "usage": 0},
				{"appName": "코레일톡", "usage": 0},
				{"appName": "NUGU", "usage": 0},
				{"appName": "계산기", "usage": 0},
				{"appName": "전화", "usage": 0},
				{"appName": "편한가계부", "usage": 0},
				{"appName": "번역", "usage": 0},
				{"appName": "시계", "usage": 0},
				{"appName": "하나1Q페이", "usage": 0},
				{"appName": "원터치알림", "usage": 0},
				{"appName": "Samsung Pay", "usage": 0},
				{"appName": "LINE", "usage": 0},
				{"appName": "1.1.1.1", "usage": 0},
				{"appName": "접근성", "usage": 0},
				{"appName": "Logger", "usage": 0},
				{"appName": "삼성 키보드", "usage": 0},
				{"appName": "갤러리", "usage": 0},
				{"appName": "패키지 설치 프로그램", "usage": 0}
			]
		},
		"avgTime": {
			"usage": 2,
			"details": [
				{"appName": "YouTube", "usage": 9},
				{"appName": "ミリシタ", "usage": 5},
				{"appName": "Chrome", "usage": 2},
				{"appName": "Steam", "usage": 0},
				{"appName": "티몬", "usage": 0},
				{"appName": "카카오맵", "usage": 0},
				{"appName": "통화", "usage": 0},
				{"appName": "계산기", "usage": 0},
				{"appName": "메시지", "usage": 0},
				{"appName": "Samsung Experience 홈", "usage": 0},
				{"appName": "Instagram", "usage": 0},
				{"appName": "모바일교보문고", "usage": 0},
				{"appName": "카카오지하철", "usage": 0},
				{"appName": "Samsung Music", "usage": 0},
				{"appName": "카카오톡", "usage": 0},
				{"appName": "Paco", "usage": 0},
				{"appName": "Polar Beat", "usage": 0},
				{"appName": "설정", "usage": 0},
				{"appName": "번역", "usage": 0},
				{"appName": "NUGU", "usage": 0},
				{"appName": "전화", "usage": 0},
				{"appName": "시계", "usage": 0},
				{"appName": "코레일톡", "usage": 0},
				{"appName": "원터치알림", "usage": 0},
				{"appName": "편한가계부", "usage": 0},
				{"appName": "1.1.1.1", "usage": 0},
				{"appName": "접근성", "usage": 0},
				{"appName": "LINE", "usage": 0},
				{"appName": "Samsung Pay", "usage": 0},
				{"appName": "하나1Q페이", "usage": 0},
				{"appName": "삼성 키보드", "usage": 0},
				{"appName": "갤러리", "usage": 0},
				{"appName": "Logger", "usage": 0},
				{"appName": "패키지 설치 프로그램", "usage": 0}
			]
		},
		"lastPickup": {"time": 0}
	},
	{
		"date": 5,
		"totalTime": {
			"usage": 375,
			"details": [
				{"appName": "Chrome", "usage": 182},
				{"appName": "ミリシタ", "usage": 85},
				{"appName": "갤러리", "usage": 51},
				{"appName": "Samsung Experience 홈", "usage": 13},
				{"appName": "Paco", "usage": 6},
				{"appName": "ABC Logger", "usage": 3},
				{"appName": "Adobe Acrobat", "usage": 3},
				{"appName": "Galaxy Store", "usage": 2},
				{"appName": "KLMS", "usage": 2},
				{"appName": "카카오톡", "usage": 2},
				{"appName": "LINE", "usage": 1},
				{"appName": "Dropbox", "usage": 1},
				{"appName": "메가박스", "usage": 0},
				{"appName": "Google Play 스토어", "usage": 0},
				{"appName": "메시지", "usage": 0},
				{"appName": "Microsoft Health", "usage": 0},
				{"appName": "One UI 홈", "usage": 0},
				{"appName": "이메일", "usage": 0},
				{"appName": "시계", "usage": 0},
				{"appName": "내 파일", "usage": 0},
				{"appName": "캘린더", "usage": 0},
				{"appName": "Instagram", "usage": 0},
				{"appName": "편한가계부", "usage": 0},
				{"appName": "원터치알림", "usage": 0},
				{"appName": "설정", "usage": 0},
				{"appName": "삼성 캡처", "usage": 0},
				{"appName": "Polar Beat", "usage": 0},
				{"appName": "KAIST Portal", "usage": 0},
				{"appName": "안드로이드 시스템", "usage": 0},
				{"appName": "Google", "usage": 0},
				{"appName": "번역", "usage": 0},
				{"appName": "드라이브", "usage": 0},
				{"appName": "빅스비 보이스", "usage": 0},
				{"appName": "파일", "usage": 0}
			]
		},
		"pickups": {"usage": 90},
		"downTime": {
			"usages": [
				{"hour": 0, "usage": 59},
				{"hour": 1, "usage": 24},
				{"hour": 2, "usage": 2},
				{"hour": 3, "usage": 19},
				{"hour": 4, "usage": 59},
				{"hour": 5, "usage": 33},
				{"hour": 6, "usage": 25},
				{"hour": 7, "usage": 0},
				{"hour": 8, "usage": 11},
				{"hour": 9, "usage": 0},
				{"hour": 10, "usage": 15},
				{"hour": 11, "usage": 7},
				{"hour": 12, "usage": 25},
				{"hour": 13, "usage": 9},
				{"hour": 14, "usage": 2},
				{"hour": 15, "usage": 19},
				{"hour": 16, "usage": 21},
				{"hour": 17, "usage": 6},
				{"hour": 22, "usage": 20},
				{"hour": 23, "usage": 9}
			],
			"details": [
				{"appName": "Samsung Experience 홈", "usage": [0, 1, 2, 3, 4, 5, 6, 7, 8, 10, 11, 12, 13, 14, 15, 16, 17]},
				{"appName": "Chrome", "usage": [0, 1, 2, 3, 4, 5, 6, 8, 9, 10, 11, 12, 13, 14, 15, 22, 23]},
				{"appName": "Paco", "usage": [0, 1, 3, 4, 5, 6, 7, 8, 10, 11, 12, 13]},
				{"appName": "ミリシタ", "usage": [5, 6, 10, 12, 15, 16, 17, 18, 22]},
				{"appName": "LINE", "usage": [1, 2, 3, 4, 15, 22]},
				{"appName": "카카오톡", "usage": [1, 3, 4, 10]},
				{"appName": "설정", "usage": [3, 6, 11, 13]},
				{"appName": "메시지", "usage": [1, 3, 6, 7]},
				{"appName": "갤러리", "usage": [0, 1, 4, 5]},
				{"appName": "캘린더", "usage": [1, 3, 4]},
				{"appName": "원터치알림", "usage": [3, 8, 23]},
				{"appName": "ABC Logger", "usage": [3, 13, 14]},
				{"appName": "편한가계부", "usage": [0, 3]},
				{"appName": "안드로이드 시스템", "usage": [0, 4]},
				{"appName": "시계", "usage": [16, 22]},
				{"appName": "내 파일", "usage": [0, 4]},
				{"appName": "Polar Beat", "usage": [4, 13]},
				{"appName": "One UI 홈", "usage": [22, 23]},
				{"appName": "KLMS", "usage": [1, 14]},
				{"appName": "KAIST Portal", "usage": [0, 2]},
				{"appName": "Instagram", "usage": [2, 3]},
				{"appName": "Google", "usage": [10, 15]},
				{"appName": "Dropbox", "usage": [0, 4]},
				{"appName": "Adobe Acrobat", "usage": [0, 4]},
				{"appName": "파일", "usage": [4]},
				{"appName": "이메일", "usage": [4]},
				{"appName": "삼성 캡처", "usage": [4]},
				{"appName": "빅스비 보이스", "usage": [10]},
				{"appName": "번역", "usage": [4]},
				{"appName": "메가박스", "usage": [3]},
				{"appName": "드라이브", "usage": [0]},
				{"appName": "Microsoft Health", "usage": [4]},
				{"appName": "Google Play 스토어", "usage": [6]},
				{"appName": "Galaxy Store", "usage": [10]}
			]
		},
		"maxTime": {
			"usage": 72,
			"details": [
				{"appName": "ミリシタ", "usage": 27},
				{"appName": "Chrome", "usage": 17},
				{"appName": "갤러리", "usage": 14},
				{"appName": "ABC Logger", "usage": 2},
				{"appName": "Galaxy Store", "usage": 2},
				{"appName": "Samsung Experience 홈", "usage": 2},
				{"appName": "Paco", "usage": 2},
				{"appName": "LINE", "usage": 1},
				{"appName": "Adobe Acrobat", "usage": 0},
				{"appName": "KLMS", "usage": 0},
				{"appName": "카카오톡", "usage": 0},
				{"appName": "Google Play 스토어", "usage": 0},
				{"appName": "메가박스", "usage": 0},
				{"appName": "Microsoft Health", "usage": 0},
				{"appName": "Dropbox", "usage": 0},
				{"appName": "이메일", "usage": 0},
				{"appName": "Instagram", "usage": 0},
				{"appName": "삼성 캡처", "usage": 0},
				{"appName": "원터치알림", "usage": 0},
				{"appName": "내 파일", "usage": 0},
				{"appName": "메시지", "usage": 0},
				{"appName": "캘린더", "usage": 0},
				{"appName": "Google", "usage": 0},
				{"appName": "One UI 홈", "usage": 0},
				{"appName": "Polar Beat", "usage": 0},
				{"appName": "번역", "usage": 0},
				{"appName": "KAIST Portal", "usage": 0},
				{"appName": "편한가계부", "usage": 0},
				{"appName": "시계", "usage": 0},
				{"appName": "빅스비 보이스", "usage": 0},
				{"appName": "설정", "usage": 0},
				{"appName": "드라이브", "usage": 0},
				{"appName": "파일", "usage": 0},
				{"appName": "안드로이드 시스템", "usage": 0}
			]
		},
		"avgTime": {
			"usage": 4,
			"details": [
				{"appName": "갤러리", "usage": 5},
				{"appName": "ミリシタ", "usage": 4},
				{"appName": "Chrome", "usage": 2},
				{"appName": "Galaxy Store", "usage": 0},
				{"appName": "ABC Logger", "usage": 0},
				{"appName": "Adobe Acrobat", "usage": 0},
				{"appName": "Microsoft Health", "usage": 0},
				{"appName": "메가박스", "usage": 0},
				{"appName": "삼성 캡처", "usage": 0},
				{"appName": "이메일", "usage": 0},
				{"appName": "KLMS", "usage": 0},
				{"appName": "메시지", "usage": 0},
				{"appName": "Google Play 스토어", "usage": 0},
				{"appName": "Dropbox", "usage": 0},
				{"appName": "Paco", "usage": 0},
				{"appName": "Samsung Experience 홈", "usage": 0},
				{"appName": "번역", "usage": 0},
				{"appName": "LINE", "usage": 0},
				{"appName": "캘린더", "usage": 0},
				{"appName": "Instagram", "usage": 0},
				{"appName": "Google", "usage": 0},
				{"appName": "카카오톡", "usage": 0},
				{"appName": "내 파일", "usage": 0},
				{"appName": "빅스비 보이스", "usage": 0},
				{"appName": "원터치알림", "usage": 0},
				{"appName": "One UI 홈", "usage": 0},
				{"appName": "KAIST Portal", "usage": 0},
				{"appName": "파일", "usage": 0},
				{"appName": "Polar Beat", "usage": 0},
				{"appName": "설정", "usage": 0},
				{"appName": "드라이브", "usage": 0},
				{"appName": "시계", "usage": 0},
				{"appName": "편한가계부", "usage": 0},
				{"appName": "안드로이드 시스템", "usage": 0}
			]
		},
		"lastPickup": {"time": 0}
	},
	{
		"date": 6,
		"totalTime": {
			"usage": 284,
			"details": [
				{"appName": "Chrome", "usage": 154},
				{"appName": "ミリシタ", "usage": 47},
				{"appName": "One UI 홈", "usage": 11},
				{"appName": "Google Play 스토어", "usage": 8},
				{"appName": "Instagram", "usage": 5},
				{"appName": "Paco", "usage": 5},
				{"appName": "Adobe Acrobat", "usage": 5},
				{"appName": "카카오톡", "usage": 4},
				{"appName": "몰테일", "usage": 4},
				{"appName": "전화", "usage": 3},
				{"appName": "YouTube", "usage": 2},
				{"appName": "KLMS", "usage": 2},
				{"appName": "KAIST Portal", "usage": 2},
				{"appName": "시계", "usage": 1},
				{"appName": "Polar Beat", "usage": 1},
				{"appName": "통화", "usage": 1},
				{"appName": "이메일", "usage": 1},
				{"appName": "편한가계부", "usage": 1},
				{"appName": "Microsoft Health", "usage": 1},
				{"appName": "Samsung Health", "usage": 1},
				{"appName": "Samsung Music", "usage": 1},
				{"appName": "메시지", "usage": 0},
				{"appName": "카메라", "usage": 0},
				{"appName": "설정", "usage": 0},
				{"appName": "Amazon Shopping", "usage": 0},
				{"appName": "모바일교보문고", "usage": 0},
				{"appName": "Word", "usage": 0},
				{"appName": "LINE", "usage": 0},
				{"appName": "캘린더", "usage": 0},
				{"appName": "안드로이드 시스템", "usage": 0},
				{"appName": "하나1Q페이", "usage": 0},
				{"appName": "접근성", "usage": 0},
				{"appName": "후후", "usage": 0},
				{"appName": "갤러리", "usage": 0},
				{"appName": "Logger", "usage": 0},
				{"appName": "패키지 설치 프로그램", "usage": 0},
				{"appName": "빅스비 보이스", "usage": 0},
				{"appName": "Google", "usage": 0},
				{"appName": "원터치알림", "usage": 0},
				{"appName": "Dropsync", "usage": 0},
				{"appName": "Google Play 서비스", "usage": 0},
				{"appName": "보안 폴더", "usage": 0}
			]
		},
		"pickups": {"usage": 106},
		"downTime": {
			"usages": [
				{"hour": 0, "usage": 6},
				{"hour": 1, "usage": 2},
				{"hour": 2, "usage": 15},
				{"hour": 3, "usage": 24},
				{"hour": 4, "usage": 9},
				{"hour": 5, "usage": 12},
				{"hour": 6, "usage": 1},
				{"hour": 7, "usage": 2},
				{"hour": 8, "usage": 22},
				{"hour": 9, "usage": 35},
				{"hour": 10, "usage": 23},
				{"hour": 11, "usage": 9},
				{"hour": 12, "usage": 12},
				{"hour": 13, "usage": 1},
				{"hour": 14, "usage": 14},
				{"hour": 15, "usage": 42},
				{"hour": 16, "usage": 18},
				{"hour": 22, "usage": 0},
				{"hour": 23, "usage": 28}
			],
			"details": [
				{"appName": "One UI 홈", "usage": [0, 1, 2, 3, 4, 5, 7, 8, 9, 10, 11, 12, 13, 14, 15, 16, 23]},
				{"appName": "Chrome", "usage": [0, 1, 2, 3, 4, 5, 7, 8, 9, 10, 11, 12, 13, 15, 16, 23]},
				{"appName": "Paco", "usage": [1, 2, 3, 4, 5, 7, 8, 9, 10, 11, 12]},
				{"appName": "카카오톡", "usage": [4, 6, 7, 8, 9, 12, 13, 14, 15]},
				{"appName": "Polar Beat", "usage": [0, 1, 2, 3, 4, 8, 9, 12, 23]},
				{"appName": "Instagram", "usage": [0, 3, 7, 8, 9, 12, 15, 23]},
				{"appName": "설정", "usage": [0, 3, 8, 9, 10, 12, 23]},
				{"appName": "패키지 설치 프로그램", "usage": [0, 9, 10, 12, 23]},
				{"appName": "접근성", "usage": [0, 8, 9, 12, 23]},
				{"appName": "원터치알림", "usage": [2, 6, 7, 8, 13]},
				{"appName": "통화", "usage": [2, 4, 5, 8]},
				{"appName": "ミリシタ", "usage": [3, 14, 15, 16]},
				{"appName": "Logger", "usage": [0, 9, 12, 23]},
				{"appName": "LINE", "usage": [0, 9, 12, 15]},
				{"appName": "캘린더", "usage": [8, 9, 12]},
				{"appName": "카메라", "usage": [6, 7, 13]},
				{"appName": "전화", "usage": [5, 6, 8]},
				{"appName": "이메일", "usage": [0, 2, 23]},
				{"appName": "메시지", "usage": [1, 4, 12]},
				{"appName": "Microsoft Health", "usage": [1, 2, 8]},
				{"appName": "KAIST Portal", "usage": [8, 9, 23]},
				{"appName": "편한가계부", "usage": [9, 10]},
				{"appName": "시계", "usage": [16, 23]},
				{"appName": "몰테일", "usage": [10, 23]},
				{"appName": "Samsung Health", "usage": [8, 13]},
				{"appName": "KLMS", "usage": [4, 12]},
				{"appName": "Google Play 스토어", "usage": [9, 10]},
				{"appName": "Google", "usage": [8, 10]},
				{"appName": "후후", "usage": [2]},
				{"appName": "하나1Q페이", "usage": [10]},
				{"appName": "안드로이드 시스템", "usage": [4]},
				{"appName": "빅스비 보이스", "usage": [8]},
				{"appName": "보안 폴더", "usage": [10]},
				{"appName": "모바일교보문고", "usage": [10]},
				{"appName": "갤러리", "usage": [8]},
				{"appName": "YouTube", "usage": [5]},
				{"appName": "Word", "usage": [4]},
				{"appName": "Samsung Music", "usage": [15]},
				{"appName": "Google Play 서비스", "usage": [3]},
				{"appName": "Dropsync", "usage": [5]},
				{"appName": "Amazon Shopping", "usage": [10]},
				{"appName": "Adobe Acrobat", "usage": [4]}
			]
		},
		"maxTime": {
			"usage": 45,
			"details": [
				{"appName": "ミリシタ", "usage": 26},
				{"appName": "Chrome", "usage": 10},
				{"appName": "YouTube", "usage": 2},
				{"appName": "Adobe Acrobat", "usage": 2},
				{"appName": "Google Play 스토어", "usage": 2},
				{"appName": "전화", "usage": 1},
				{"appName": "One UI 홈", "usage": 1},
				{"appName": "시계", "usage": 1},
				{"appName": "Instagram", "usage": 1},
				{"appName": "Samsung Music", "usage": 1},
				{"appName": "KLMS", "usage": 0},
				{"appName": "Paco", "usage": 0},
				{"appName": "이메일", "usage": 0},
				{"appName": "Microsoft Health", "usage": 0},
				{"appName": "통화", "usage": 0},
				{"appName": "몰테일", "usage": 0},
				{"appName": "KAIST Portal", "usage": 0},
				{"appName": "카카오톡", "usage": 0},
				{"appName": "Amazon Shopping", "usage": 0},
				{"appName": "메시지", "usage": 0},
				{"appName": "카메라", "usage": 0},
				{"appName": "Word", "usage": 0},
				{"appName": "모바일교보문고", "usage": 0},
				{"appName": "Polar Beat", "usage": 0},
				{"appName": "Samsung Health", "usage": 0},
				{"appName": "하나1Q페이", "usage": 0},
				{"appName": "편한가계부", "usage": 0},
				{"appName": "갤러리", "usage": 0},
				{"appName": "LINE", "usage": 0},
				{"appName": "안드로이드 시스템", "usage": 0},
				{"appName": "캘린더", "usage": 0},
				{"appName": "후후", "usage": 0},
				{"appName": "설정", "usage": 0},
				{"appName": "접근성", "usage": 0},
				{"appName": "빅스비 보이스", "usage": 0},
				{"appName": "Dropsync", "usage": 0},
				{"appName": "원터치알림", "usage": 0},
				{"appName": "Google", "usage": 0},
				{"appName": "Google Play 서비스", "usage": 0},
				{"appName": "Logger", "usage": 0},
				{"appName": "패키지 설치 프로그램", "usage": 0},
				{"appName": "보안 폴더", "usage": 0}
			]
		},
		"avgTime": {
			"usage": 2,
			"details": [
				{"appName": "ミリシタ", "usage": 15},
				{"appName": "YouTube", "usage": 1},
				{"appName": "Chrome", "usage": 1},
				{"appName": "Adobe Acrobat", "usage": 0},
				{"appName": "전화", "usage": 0},
				{"appName": "Samsung Music", "usage": 0},
				{"appName": "Word", "usage": 0},
				{"appName": "카메라", "usage": 0},
				{"appName": "메시지", "usage": 0},
				{"appName": "이메일", "usage": 0},
				{"appName": "Google Play 스토어", "usage": 0},
				{"appName": "통화", "usage": 0},
				{"appName": "Instagram", "usage": 0},
				{"appName": "KAIST Portal", "usage": 0},
				{"appName": "Amazon Shopping", "usage": 0},
				{"appName": "시계", "usage": 0},
				{"appName": "하나1Q페이", "usage": 0},
				{"appName": "KLMS", "usage": 0},
				{"appName": "모바일교보문고", "usage": 0},
				{"appName": "몰테일", "usage": 0},
				{"appName": "Microsoft Health", "usage": 0},
				{"appName": "갤러리", "usage": 0},
				{"appName": "Paco", "usage": 0},
				{"appName": "카카오톡", "usage": 0},
				{"appName": "Samsung Health", "usage": 0},
				{"appName": "캘린더", "usage": 0},
				{"appName": "One UI 홈", "usage": 0},
				{"appName": "안드로이드 시스템", "usage": 0},
				{"appName": "Polar Beat", "usage": 0},
				{"appName": "편한가계부", "usage": 0},
				{"appName": "LINE", "usage": 0},
				{"appName": "후후", "usage": 0},
				{"appName": "설정", "usage": 0},
				{"appName": "Google Play 서비스", "usage": 0},
				{"appName": "접근성", "usage": 0},
				{"appName": "Google", "usage": 0},
				{"appName": "Dropsync", "usage": 0},
				{"appName": "빅스비 보이스", "usage": 0},
				{"appName": "Logger", "usage": 0},
				{"appName": "패키지 설치 프로그램", "usage": 0},
				{"appName": "원터치알림", "usage": 0},
				{"appName": "보안 폴더", "usage": 0}
			]
		},
		"lastPickup": {"time": 1}
	},
	{
		"date": 7,
		"totalTime": {
			"usage": 377,
			"details": [
				{"appName": "Chrome", "usage": 181},
				{"appName": "ミリシタ", "usage": 70},
				{"appName": "캘린더", "usage": 16},
				{"appName": "카카오톡", "usage": 15},
				{"appName": "One UI 홈", "usage": 12},
				{"appName": "Instagram", "usage": 9},
				{"appName": "코레일톡", "usage": 6},
				{"appName": "Dropsync", "usage": 6},
				{"appName": "Paco", "usage": 6},
				{"appName": "편한가계부", "usage": 5},
				{"appName": "지도", "usage": 4},
				{"appName": "카메라", "usage": 3},
				{"appName": "이메일", "usage": 3},
				{"appName": "Microsoft Health", "usage": 2},
				{"appName": "내 파일", "usage": 1},
				{"appName": "Dropbox", "usage": 1},
				{"appName": "원터치알림", "usage": 1},
				{"appName": "시계", "usage": 1},
				{"appName": "KAIST Portal", "usage": 1},
				{"appName": "Samsung Health", "usage": 1},
				{"appName": "LINE", "usage": 1},
				{"appName": "KLMS", "usage": 1},
				{"appName": "비디오 에디터", "usage": 0},
				{"appName": "하나1Q페이", "usage": 0},
				{"appName": "Steam", "usage": 0},
				{"appName": "메시지", "usage": 0},
				{"appName": "Samsung Music", "usage": 0},
				{"appName": "몰테일", "usage": 0},
				{"appName": "PAYCO", "usage": 0},
				{"appName": "Samsung Pay", "usage": 0},
				{"appName": "계산기", "usage": 0},
				{"appName": "통화", "usage": 0},
				{"appName": "Polar Beat", "usage": 0},
				{"appName": "메가박스", "usage": 0},
				{"appName": "ABC Logger", "usage": 0},
				{"appName": "안드로이드 시스템", "usage": 0},
				{"appName": "설정", "usage": 0},
				{"appName": "파일", "usage": 0},
				{"appName": "갤러리", "usage": 0},
				{"appName": "삼성 캡처", "usage": 0},
				{"appName": "1.1.1.1", "usage": 0},
				{"appName": "패키지 설치 프로그램", "usage": 0},
				{"appName": "Google Play 서비스", "usage": 0},
				{"appName": "접근성", "usage": 0},
				{"appName": "Logger", "usage": 0},
				{"appName": "원스토어", "usage": 0}
			]
		},
		"pickups": {"usage": 117},
		"downTime": {
			"usages": [
				{"hour": 0, "usage": 6},
				{"hour": 1, "usage": 8},
				{"hour": 2, "usage": 1},
				{"hour": 3, "usage": 13},
				{"hour": 4, "usage": 18},
				{"hour": 5, "usage": 29},
				{"hour": 6, "usage": 9},
				{"hour": 7, "usage": 29},
				{"hour": 8, "usage": 12},
				{"hour": 9, "usage": 24},
				{"hour": 10, "usage": 44},
				{"hour": 11, "usage": 12},
				{"hour": 12, "usage": 3},
				{"hour": 13, "usage": 27},
				{"hour": 14, "usage": 42},
				{"hour": 15, "usage": 34},
				{"hour": 16, "usage": 16},
				{"hour": 17, "usage": 4},
				{"hour": 18, "usage": 13},
				{"hour": 22, "usage": 0},
				{"hour": 23, "usage": 7}
			],
			"details": [
				{"appName": "One UI 홈", "usage": [0, 1, 2, 3, 4, 5, 6, 7, 8, 9, 10, 11, 12, 13, 14, 16, 17, 18, 23]},
				{"appName": "Chrome", "usage": [0, 1, 2, 3, 4, 5, 6, 7, 8, 9, 10, 11, 12, 13, 14, 16, 17, 18, 23]},
				{"appName": "카카오톡", "usage": [3, 5, 8, 9, 11, 13, 14, 16, 17, 18, 23]},
				{"appName": "Paco", "usage": [0, 1, 2, 3, 4, 5, 6, 8, 9, 10]},
				{"appName": "Instagram", "usage": [0, 1, 8, 10, 11, 16, 23]},
				{"appName": "ミリシタ", "usage": [3, 4, 7, 14, 15, 16]},
				{"appName": "편한가계부", "usage": [0, 1, 5, 8, 10]},
				{"appName": "이메일", "usage": [0, 5, 8, 9, 10]},
				{"appName": "LINE", "usage": [0, 8, 9, 11, 14]},
				{"appName": "코레일톡", "usage": [1, 2, 4, 5]},
				{"appName": "캘린더", "usage": [0, 3, 5, 10]},
				{"appName": "안드로이드 시스템", "usage": [5, 8, 9, 10]},
				{"appName": "시계", "usage": [7, 18, 22, 23]},
				{"appName": "메시지", "usage": [0, 5, 17]},
				{"appName": "갤러리", "usage": [8, 10, 13]},
				{"appName": "Samsung Pay", "usage": [5, 8, 9]},
				{"appName": "Samsung Health", "usage": [7, 8, 13]},
				{"appName": "패키지 설치 프로그램", "usage": [5, 10]},
				{"appName": "파일", "usage": [5, 8]},
				{"appName": "지도", "usage": [5, 10]},
				{"appName": "Samsung Music", "usage": [7, 13]},
				{"appName": "Polar Beat", "usage": [0, 10]},
				{"appName": "KAIST Portal", "usage": [0, 10]},
				{"appName": "Dropbox", "usage": [8, 10]},
				{"appName": "ABC Logger", "usage": [10, 18]},
				{"appName": "1.1.1.1", "usage": [1, 8]},
				{"appName": "하나1Q페이", "usage": [10]},
				{"appName": "통화", "usage": [0]},
				{"appName": "카메라", "usage": [13]},
				{"appName": "접근성", "usage": [10]},
				{"appName": "원터치알림", "usage": [5]},
				{"appName": "원스토어", "usage": [3]},
				{"appName": "설정", "usage": [10]},
				{"appName": "삼성 캡처", "usage": [5]},
				{"appName": "비디오 에디터", "usage": [13]},
				{"appName": "몰테일", "usage": [10]},
				{"appName": "메가박스", "usage": [9]},
				{"appName": "내 파일", "usage": [10]},
				{"appName": "계산기", "usage": [10]},
				{"appName": "Steam", "usage": [13]},
				{"appName": "PAYCO", "usage": [5]},
				{"appName": "Microsoft Health", "usage": [10]},
				{"appName": "Logger", "usage": [10]},
				{"appName": "KLMS", "usage": [12]},
				{"appName": "Google Play 서비스", "usage": [10]},
				{"appName": "Dropsync", "usage": [10]}
			]
		},
		"maxTime": {
			"usage": 26,
			"details": [
				{"appName": "ミリシタ", "usage": 24},
				{"appName": "Chrome", "usage": 12},
				{"appName": "Dropsync", "usage": 5},
				{"appName": "카메라", "usage": 3},
				{"appName": "코레일톡", "usage": 2},
				{"appName": "편한가계부", "usage": 2},
				{"appName": "Instagram", "usage": 2},
				{"appName": "카카오톡", "usage": 2},
				{"appName": "지도", "usage": 2},
				{"appName": "캘린더", "usage": 1},
				{"appName": "Microsoft Health", "usage": 1},
				{"appName": "KAIST Portal", "usage": 1},
				{"appName": "One UI 홈", "usage": 1},
				{"appName": "원터치알림", "usage": 0},
				{"appName": "Dropbox", "usage": 0},
				{"appName": "KLMS", "usage": 0},
				{"appName": "비디오 에디터", "usage": 0},
				{"appName": "내 파일", "usage": 0},
				{"appName": "Steam", "usage": 0},
				{"appName": "이메일", "usage": 0},
				{"appName": "Paco", "usage": 0},
				{"appName": "계산기", "usage": 0},
				{"appName": "통화", "usage": 0},
				{"appName": "Samsung Music", "usage": 0},
				{"appName": "메가박스", "usage": 0},
				{"appName": "LINE", "usage": 0},
				{"appName": "메시지", "usage": 0},
				{"appName": "PAYCO", "usage": 0},
				{"appName": "Samsung Pay", "usage": 0},
				{"appName": "Samsung Health", "usage": 0},
				{"appName": "하나1Q페이", "usage": 0},
				{"appName": "Polar Beat", "usage": 0},
				{"appName": "ABC Logger", "usage": 0},
				{"appName": "몰테일", "usage": 0},
				{"appName": "시계", "usage": 0},
				{"appName": "파일", "usage": 0},
				{"appName": "안드로이드 시스템", "usage": 0},
				{"appName": "삼성 캡처", "usage": 0},
				{"appName": "갤러리", "usage": 0},
				{"appName": "설정", "usage": 0},
				{"appName": "1.1.1.1", "usage": 0},
				{"appName": "Google Play 서비스", "usage": 0},
				{"appName": "접근성", "usage": 0},
				{"appName": "패키지 설치 프로그램", "usage": 0},
				{"appName": "Logger", "usage": 0},
				{"appName": "원스토어", "usage": 0}
			]
		},
		"avgTime": {
			"usage": 3,
			"details": [
				{"appName": "ミリシタ", "usage": 7},
				{"appName": "카메라", "usage": 1},
				{"appName": "Chrome", "usage": 1},
				{"appName": "Dropsync", "usage": 1},
				{"appName": "비디오 에디터", "usage": 0},
				{"appName": "Steam", "usage": 0},
				{"appName": "원터치알림", "usage": 0},
				{"appName": "지도", "usage": 0},
				{"appName": "내 파일", "usage": 0},
				{"appName": "계산기", "usage": 0},
				{"appName": "KAIST Portal", "usage": 0},
				{"appName": "Microsoft Health", "usage": 0},
				{"appName": "Instagram", "usage": 0},
				{"appName": "통화", "usage": 0},
				{"appName": "이메일", "usage": 0},
				{"appName": "코레일톡", "usage": 0},
				{"appName": "메가박스", "usage": 0},
				{"appName": "캘린더", "usage": 0},
				{"appName": "Dropbox", "usage": 0},
				{"appName": "KLMS", "usage": 0},
				{"appName": "하나1Q페이", "usage": 0},
				{"appName": "편한가계부", "usage": 0},
				{"appName": "카카오톡", "usage": 0},
				{"appName": "Samsung Music", "usage": 0},
				{"appName": "메시지", "usage": 0},
				{"appName": "Paco", "usage": 0},
				{"appName": "삼성 캡처", "usage": 0},
				{"appName": "Polar Beat", "usage": 0},
				{"appName": "몰테일", "usage": 0},
				{"appName": "파일", "usage": 0},
				{"appName": "Samsung Health", "usage": 0},
				{"appName": "Samsung Pay", "usage": 0},
				{"appName": "One UI 홈", "usage": 0},
				{"appName": "ABC Logger", "usage": 0},
				{"appName": "PAYCO", "usage": 0},
				{"appName": "갤러리", "usage": 0},
				{"appName": "1.1.1.1", "usage": 0},
				{"appName": "안드로이드 시스템", "usage": 0},
				{"appName": "설정", "usage": 0},
				{"appName": "시계", "usage": 0},
				{"appName": "LINE", "usage": 0},
				{"appName": "Google Play 서비스", "usage": 0},
				{"appName": "접근성", "usage": 0},
				{"appName": "패키지 설치 프로그램", "usage": 0},
				{"appName": "Logger", "usage": 0},
				{"appName": "원스토어", "usage": 0}
			]
		},
		"lastPickup": {"time": 17}
	}
]
