[
	{
		"date": 1,
		"totalTime": {
			"usage": 279,
			"details": [
				{"appName": "Samsung Experience 홈", "usage": 8914},
				{"appName": "YouTube", "usage": 102},
				{"appName": "Facebook", "usage": 25},
				{"appName": "네이버 웹툰", "usage": 24},
				{"appName": "카카오톡", "usage": 23},
				{"appName": "T전화", "usage": 17},
				{"appName": "Cookie Run: OvenBreak", "usage": 9},
				{"appName": "Netflix", "usage": 8},
				{"appName": "Samsung Pay", "usage": 5},
				{"appName": "삼성 인터넷", "usage": 4},
				{"appName": "Polar Beat", "usage": 4},
				{"appName": "다음웹툰", "usage": 4},
				{"appName": "설정", "usage": 2},
				{"appName": "", "usage": 2},
				{"appName": "카메라", "usage": 2},
				{"appName": "Between", "usage": 1},
				{"appName": "토스", "usage": 1},
				{"appName": "Instagram", "usage": 1},
				{"appName": "Paco", "usage": 1},
				{"appName": "메시지", "usage": 1},
				{"appName": "네이버 지도", "usage": 1},
				{"appName": "HwModuleTest", "usage": 1},
				{"appName": "ABC Logger", "usage": 0},
				{"appName": "시계", "usage": 0},
				{"appName": "FLO", "usage": 0},
				{"appName": "카이스트 버스", "usage": 0},
				{"appName": "날씨", "usage": 0},
				{"appName": "게임런처", "usage": 0},
				{"appName": "Foodie", "usage": 0},
				{"appName": "캘린더", "usage": 0},
				{"appName": "KAIST Portal", "usage": 0},
				{"appName": "뱅크샐러드", "usage": 0},
				{"appName": "Dropsync", "usage": 0},
				{"appName": "시스템 UI", "usage": 0},
				{"appName": "Logger", "usage": 0},
				{"appName": "안드로이드 시스템", "usage": 0},
				{"appName": "내 파일", "usage": 0},
				{"appName": "전화", "usage": 0},
				{"appName": "Messenger", "usage": 0},
				{"appName": "접근성", "usage": 0},
				{"appName": "MTP 애플리케이션", "usage": 0},
				{"appName": "패키지 설치 프로그램", "usage": 0},
				{"appName": "Google Play 서비스", "usage": 0},
				{"appName": "NFC", "usage": 0}
			]
		},
		"pickups": {"usage": 236},
		"downTime": {
			"usages": [
				{"hour": 0, "usage": 0},
				{"hour": 2, "usage": 3},
				{"hour": 3, "usage": 35},
				{"hour": 4, "usage": 7},
				{"hour": 5, "usage": 11},
				{"hour": 6, "usage": 10},
				{"hour": 7, "usage": 15},
				{"hour": 8, "usage": 11},
				{"hour": 9, "usage": 3},
				{"hour": 10, "usage": 32},
				{"hour": 11, "usage": 12},
				{"hour": 12, "usage": 5},
				{"hour": 13, "usage": 3},
				{"hour": 14, "usage": 14},
				{"hour": 15, "usage": 26},
				{"hour": 16, "usage": 18},
				{"hour": 17, "usage": 0},
				{"hour": 19, "usage": 8},
				{"hour": 20, "usage": 56},
				{"hour": 21, "usage": 2}
			],
			"details": [
				{"appName": "카카오톡", "usage": [2, 3, 4, 5, 6, 7, 8, 9, 10, 11, 12, 13, 14, 15, 16, 19, 20]},
				{"appName": "T전화", "usage": [3, 5, 6, 7, 9, 10, 11, 12, 13, 14, 15, 20]},
				{"appName": "Facebook", "usage": [3, 4, 6, 7, 8, 9, 10, 12, 15, 16]},
				{"appName": "YouTube", "usage": [2, 3, 10, 11, 19, 20, 21]},
				{"appName": "Samsung Experience 홈", "usage": [3, 4, 5, 6, 7, 8, 9]},
				{"appName": "Paco", "usage": [7, 8, 10, 11, 16]},
				{"appName": "설정", "usage": [6, 7, 8, 10]},
				{"appName": "삼성 인터넷", "usage": [14, 17, 19, 20]},
				{"appName": "네이버 웹툰", "usage": [11, 12, 14, 15]},
				{"appName": "게임런처", "usage": [3, 4, 6, 16]},
				{"appName": "Samsung Pay", "usage": [8, 9, 13, 17]},
				{"appName": "Polar Beat", "usage": [7, 8, 9, 14]},
				{"appName": "Cookie Run: OvenBreak", "usage": [4, 5, 16, 17]},
				{"appName": "Between", "usage": [3, 4, 10, 11]},
				{"appName": "토스", "usage": [5, 11, 12]},
				{"appName": "시계", "usage": [2, 3, 20]},
				{"appName": "다음웹툰", "usage": [12, 15, 16]},
				{"appName": "패키지 설치 프로그램", "usage": [7, 8]},
				{"appName": "카메라", "usage": [2, 13]},
				{"appName": "접근성", "usage": [7, 8]},
				{"appName": "시스템 UI", "usage": [6, 10]},
				{"appName": "Logger", "usage": [7, 8]},
				{"appName": "KAIST Portal", "usage": [13, 14]},
				{"appName": "FLO", "usage": [19, 20]},
				{"appName": "캘린더", "usage": [19]},
				{"appName": "카이스트 버스", "usage": [5]},
				{"appName": "전화", "usage": [6]},
				{"appName": "안드로이드 시스템", "usage": [7]},
				{"appName": "뱅크샐러드", "usage": [4]},
				{"appName": "메시지", "usage": [7]},
				{"appName": "네이버 지도", "usage": [5]},
				{"appName": "내 파일", "usage": [8]},
				{"appName": "날씨", "usage": [4]},
				{"appName": "Netflix", "usage": [10]},
				{"appName": "NFC", "usage": [7]},
				{"appName": "Messenger", "usage": [10]},
				{"appName": "MTP 애플리케이션", "usage": [6]},
				{"appName": "Instagram", "usage": [16]},
				{"appName": "HwModuleTest", "usage": [6]},
				{"appName": "Google Play 서비스", "usage": [7]},
				{"appName": "Foodie", "usage": [7]},
				{"appName": "Dropsync", "usage": [7]},
				{"appName": "ABC Logger", "usage": [7]},
				{"appName": "", "usage": [6]}
			]
		},
		"maxTime": {
			"usage": 29,
			"details": [
				{"appName": "Samsung Experience 홈", "usage": 8911},
				{"appName": "YouTube", "usage": 22},
				{"appName": "Netflix", "usage": 7},
				{"appName": "Samsung Pay", "usage": 5},
				{"appName": "Facebook", "usage": 3},
				{"appName": "Cookie Run: OvenBreak", "usage": 3},
				{"appName": "T전화", "usage": 2},
				{"appName": "카메라", "usage": 2},
				{"appName": "삼성 인터넷", "usage": 1},
				{"appName": "다음웹툰", "usage": 1},
				{"appName": "네이버 웹툰", "usage": 1},
				{"appName": "", "usage": 1},
				{"appName": "HwModuleTest", "usage": 1},
				{"appName": "네이버 지도", "usage": 1},
				{"appName": "Between", "usage": 0},
				{"appName": "ABC Logger", "usage": 0},
				{"appName": "설정", "usage": 0},
				{"appName": "카카오톡", "usage": 0},
				{"appName": "Instagram", "usage": 0},
				{"appName": "Polar Beat", "usage": 0},
				{"appName": "날씨", "usage": 0},
				{"appName": "카이스트 버스", "usage": 0},
				{"appName": "메시지", "usage": 0},
				{"appName": "Foodie", "usage": 0},
				{"appName": "캘린더", "usage": 0},
				{"appName": "게임런처", "usage": 0},
				{"appName": "Paco", "usage": 0},
				{"appName": "KAIST Portal", "usage": 0},
				{"appName": "시계", "usage": 0},
				{"appName": "FLO", "usage": 0},
				{"appName": "토스", "usage": 0},
				{"appName": "Dropsync", "usage": 0},
				{"appName": "뱅크샐러드", "usage": 0},
				{"appName": "시스템 UI", "usage": 0},
				{"appName": "내 파일", "usage": 0},
				{"appName": "전화", "usage": 0},
				{"appName": "MTP 애플리케이션", "usage": 0},
				{"appName": "Messenger", "usage": 0},
				{"appName": "Logger", "usage": 0},
				{"appName": "안드로이드 시스템", "usage": 0},
				{"appName": "Google Play 서비스", "usage": 0},
				{"appName": "패키지 설치 프로그램", "usage": 0},
				{"appName": "접근성", "usage": 0},
				{"appName": "NFC", "usage": 0}
			]
		},
		"avgTime": {
			"usage": 1,
			"details": [
				{"appName": "Samsung Experience 홈", "usage": 193},
				{"appName": "YouTube", "usage": 3},
				{"appName": "Cookie Run: OvenBreak", "usage": 1},
				{"appName": "Netflix", "usage": 1},
				{"appName": "Samsung Pay", "usage": 1},
				{"appName": "카메라", "usage": 0},
				{"appName": "날씨", "usage": 0},
				{"appName": "Facebook", "usage": 0},
				{"appName": "ABC Logger", "usage": 0},
				{"appName": "Foodie", "usage": 0},
				{"appName": "삼성 인터넷", "usage": 0},
				{"appName": "캘린더", "usage": 0},
				{"appName": "", "usage": 0},
				{"appName": "HwModuleTest", "usage": 0},
				{"appName": "Instagram", "usage": 0},
				{"appName": "네이버 지도", "usage": 0},
				{"appName": "다음웹툰", "usage": 0},
				{"appName": "T전화", "usage": 0},
				{"appName": "카이스트 버스", "usage": 0},
				{"appName": "네이버 웹툰", "usage": 0},
				{"appName": "KAIST Portal", "usage": 0},
				{"appName": "Between", "usage": 0},
				{"appName": "메시지", "usage": 0},
				{"appName": "Dropsync", "usage": 0},
				{"appName": "설정", "usage": 0},
				{"appName": "Polar Beat", "usage": 0},
				{"appName": "시계", "usage": 0},
				{"appName": "토스", "usage": 0},
				{"appName": "Paco", "usage": 0},
				{"appName": "FLO", "usage": 0},
				{"appName": "카카오톡", "usage": 0},
				{"appName": "게임런처", "usage": 0},
				{"appName": "뱅크샐러드", "usage": 0},
				{"appName": "MTP 애플리케이션", "usage": 0},
				{"appName": "시스템 UI", "usage": 0},
				{"appName": "안드로이드 시스템", "usage": 0},
				{"appName": "내 파일", "usage": 0},
				{"appName": "Google Play 서비스", "usage": 0},
				{"appName": "전화", "usage": 0},
				{"appName": "Messenger", "usage": 0},
				{"appName": "Logger", "usage": 0},
				{"appName": "접근성", "usage": 0},
				{"appName": "패키지 설치 프로그램", "usage": 0},
				{"appName": "NFC", "usage": 0}
			]
		},
		"lastPickup": {"time": 12}
	},
	{
		"date": 2,
		"totalTime": {
			"usage": 518,
			"details": [
				{"appName": "YouTube", "usage": 155},
				{"appName": "카카오톡", "usage": 129},
				{"appName": "Facebook", "usage": 80},
				{"appName": "삼성 인터넷", "usage": 24},
				{"appName": "Samsung Experience 홈", "usage": 23},
				{"appName": "Cookie Run: OvenBreak", "usage": 18},
				{"appName": "Brawl Stars", "usage": 13},
				{"appName": "One UI 홈", "usage": 9},
				{"appName": "네이버 웹툰", "usage": 9},
				{"appName": "Excel", "usage": 6},
				{"appName": "시계", "usage": 5},
				{"appName": "Galaxy Store", "usage": 5},
				{"appName": "T전화", "usage": 4},
				{"appName": "Paco", "usage": 3},
				{"appName": "메시지", "usage": 2},
				{"appName": "FIFA Online 4 M", "usage": 2},
				{"appName": "카메라", "usage": 1},
				{"appName": "네이버 지도", "usage": 1},
				{"appName": "FLO", "usage": 1},
				{"appName": "시리즈", "usage": 0},
				{"appName": "게임런처", "usage": 0},
				{"appName": "Google Play 스토어", "usage": 0},
				{"appName": "Instagram", "usage": 0},
				{"appName": "갤러리", "usage": 0},
				{"appName": "다음웹툰", "usage": 0},
				{"appName": "빅스비 보이스", "usage": 0},
				{"appName": "설정", "usage": 0},
				{"appName": "비디오 플레이어", "usage": 0},
				{"appName": "토스", "usage": 0},
				{"appName": "Dropsync", "usage": 0},
				{"appName": "Between", "usage": 0},
				{"appName": "KLMS", "usage": 0},
				{"appName": "Foodie", "usage": 0},
				{"appName": "Polar Beat", "usage": 0},
				{"appName": "날씨", "usage": 0},
				{"appName": "안드로이드 시스템", "usage": 0},
				{"appName": "SNOW", "usage": 0},
				{"appName": "ABC Logger", "usage": 0},
				{"appName": "접근성", "usage": 0},
				{"appName": "Logger", "usage": 0},
				{"appName": "삼성 캡처", "usage": 0},
				{"appName": "Google Play 서비스", "usage": 0},
				{"appName": "Microsoft Health", "usage": 0},
				{"appName": "패키지 설치 프로그램", "usage": 0},
				{"appName": "NFC", "usage": 0}
			]
		},
		"pickups": {"usage": 242},
		"downTime": {
			"usages": [
				{"hour": 0, "usage": 0},
				{"hour": 1, "usage": 5},
				{"hour": 2, "usage": 13},
				{"hour": 3, "usage": 12},
				{"hour": 4, "usage": 53},
				{"hour": 5, "usage": 39},
				{"hour": 6, "usage": 59},
				{"hour": 7, "usage": 56},
				{"hour": 9, "usage": 24},
				{"hour": 10, "usage": 47},
				{"hour": 11, "usage": 10},
				{"hour": 12, "usage": 0},
				{"hour": 13, "usage": 7},
				{"hour": 14, "usage": 10},
				{"hour": 15, "usage": 31},
				{"hour": 16, "usage": 42},
				{"hour": 20, "usage": 10},
				{"hour": 21, "usage": 21},
				{"hour": 22, "usage": 41},
				{"hour": 23, "usage": 30}
			],
			"details": [
				{"appName": "카카오톡", "usage": [2, 3, 4, 5, 6, 7, 9, 10, 11, 12, 13, 14, 15, 16, 21, 22, 23]},
				{"appName": "Samsung Experience 홈", "usage": [1, 2, 3, 4, 5, 6, 7, 9, 10, 11, 12, 13, 14, 15, 16]},
				{"appName": "Facebook", "usage": [2, 3, 4, 5, 6, 9, 10, 11, 13, 14, 15, 16, 21, 22, 23]},
				{"appName": "삼성 인터넷", "usage": [5, 7, 10, 13, 16, 18, 20, 21, 22]},
				{"appName": "Paco", "usage": [3, 4, 5, 6, 7, 9, 10, 16]},
				{"appName": "YouTube", "usage": [6, 7, 9, 10, 16, 21, 22]},
				{"appName": "시계", "usage": [1, 2, 16, 20, 21]},
				{"appName": "설정", "usage": [3, 9, 10, 11, 15]},
				{"appName": "빅스비 보이스", "usage": [2, 5, 10, 15, 21]},
				{"appName": "네이버 웹툰", "usage": [5, 7, 15, 21, 23]},
				{"appName": "T전화", "usage": [2, 3, 6, 15, 21]},
				{"appName": "카메라", "usage": [2, 14, 15, 23]},
				{"appName": "One UI 홈", "usage": [20, 21, 22, 23]},
				{"appName": "Excel", "usage": [9, 10, 21, 23]},
				{"appName": "게임런처", "usage": [4, 5, 23]},
				{"appName": "갤러리", "usage": [7, 16, 23]},
				{"appName": "Galaxy Store", "usage": [20, 21, 23]},
				{"appName": "FLO", "usage": [15, 21, 22]},
				{"appName": "Dropsync", "usage": [3, 4, 5]},
				{"appName": "패키지 설치 프로그램", "usage": [3, 10]},
				{"appName": "접근성", "usage": [3, 10]},
				{"appName": "안드로이드 시스템", "usage": [9, 16]},
				{"appName": "삼성 캡처", "usage": [7, 16]},
				{"appName": "비디오 플레이어", "usage": [4, 5]},
				{"appName": "메시지", "usage": [4, 23]},
				{"appName": "다음웹툰", "usage": [4, 5]},
				{"appName": "네이버 지도", "usage": [22, 23]},
				{"appName": "Logger", "usage": [3, 10]},
				{"appName": "FIFA Online 4 M", "usage": [5, 23]},
				{"appName": "Cookie Run: OvenBreak", "usage": [4, 23]},
				{"appName": "Brawl Stars", "usage": [5, 23]},
				{"appName": "토스", "usage": [3]},
				{"appName": "시리즈", "usage": [5]},
				{"appName": "날씨", "usage": [15]},
				{"appName": "SNOW", "usage": [16]},
				{"appName": "Polar Beat", "usage": [3]},
				{"appName": "NFC", "usage": [3]},
				{"appName": "Microsoft Health", "usage": [3]},
				{"appName": "KLMS", "usage": [3]},
				{"appName": "Instagram", "usage": [5]},
				{"appName": "Google Play 스토어", "usage": [5]},
				{"appName": "Google Play 서비스", "usage": [3]},
				{"appName": "Foodie", "usage": [15]},
				{"appName": "Between", "usage": [4]},
				{"appName": "ABC Logger", "usage": [4]}
			]
		},
		"maxTime": {
			"usage": 114,
			"details": [
				{"appName": "YouTube", "usage": 20},
				{"appName": "Facebook", "usage": 11},
				{"appName": "Brawl Stars", "usage": 7},
				{"appName": "Cookie Run: OvenBreak", "usage": 6},
				{"appName": "삼성 인터넷", "usage": 5},
				{"appName": "Samsung Experience 홈", "usage": 5},
				{"appName": "Galaxy Store", "usage": 4},
				{"appName": "One UI 홈", "usage": 4},
				{"appName": "카카오톡", "usage": 2},
				{"appName": "Excel", "usage": 2},
				{"appName": "카메라", "usage": 1},
				{"appName": "메시지", "usage": 1},
				{"appName": "네이버 웹툰", "usage": 1},
				{"appName": "FIFA Online 4 M", "usage": 1},
				{"appName": "네이버 지도", "usage": 0},
				{"appName": "시계", "usage": 0},
				{"appName": "Google Play 스토어", "usage": 0},
				{"appName": "T전화", "usage": 0},
				{"appName": "Instagram", "usage": 0},
				{"appName": "Paco", "usage": 0},
				{"appName": "비디오 플레이어", "usage": 0},
				{"appName": "다음웹툰", "usage": 0},
				{"appName": "FLO", "usage": 0},
				{"appName": "갤러리", "usage": 0},
				{"appName": "시리즈", "usage": 0},
				{"appName": "설정", "usage": 0},
				{"appName": "빅스비 보이스", "usage": 0},
				{"appName": "Foodie", "usage": 0},
				{"appName": "게임런처", "usage": 0},
				{"appName": "Between", "usage": 0},
				{"appName": "토스", "usage": 0},
				{"appName": "Dropsync", "usage": 0},
				{"appName": "날씨", "usage": 0},
				{"appName": "Polar Beat", "usage": 0},
				{"appName": "KLMS", "usage": 0},
				{"appName": "SNOW", "usage": 0},
				{"appName": "Google Play 서비스", "usage": 0},
				{"appName": "ABC Logger", "usage": 0},
				{"appName": "안드로이드 시스템", "usage": 0},
				{"appName": "접근성", "usage": 0},
				{"appName": "Logger", "usage": 0},
				{"appName": "삼성 캡처", "usage": 0},
				{"appName": "Microsoft Health", "usage": 0},
				{"appName": "패키지 설치 프로그램", "usage": 0},
				{"appName": "NFC", "usage": 0}
			]
		},
		"avgTime": {
			"usage": 2,
			"details": [
				{"appName": "Brawl Stars", "usage": 3},
				{"appName": "YouTube", "usage": 3},
				{"appName": "Cookie Run: OvenBreak", "usage": 2},
				{"appName": "FIFA Online 4 M", "usage": 1},
				{"appName": "삼성 인터넷", "usage": 0},
				{"appName": "Facebook", "usage": 0},
				{"appName": "Galaxy Store", "usage": 0},
				{"appName": "Google Play 스토어", "usage": 0},
				{"appName": "Excel", "usage": 0},
				{"appName": "Instagram", "usage": 0},
				{"appName": "카메라", "usage": 0},
				{"appName": "메시지", "usage": 0},
				{"appName": "네이버 지도", "usage": 0},
				{"appName": "T전화", "usage": 0},
				{"appName": "네이버 웹툰", "usage": 0},
				{"appName": "Foodie", "usage": 0},
				{"appName": "Paco", "usage": 0},
				{"appName": "갤러리", "usage": 0},
				{"appName": "비디오 플레이어", "usage": 0},
				{"appName": "One UI 홈", "usage": 0},
				{"appName": "날씨", "usage": 0},
				{"appName": "다음웹툰", "usage": 0},
				{"appName": "카카오톡", "usage": 0},
				{"appName": "Samsung Experience 홈", "usage": 0},
				{"appName": "시계", "usage": 0},
				{"appName": "토스", "usage": 0},
				{"appName": "빅스비 보이스", "usage": 0},
				{"appName": "Between", "usage": 0},
				{"appName": "Google Play 서비스", "usage": 0},
				{"appName": "KLMS", "usage": 0},
				{"appName": "시리즈", "usage": 0},
				{"appName": "Dropsync", "usage": 0},
				{"appName": "설정", "usage": 0},
				{"appName": "게임런처", "usage": 0},
				{"appName": "FLO", "usage": 0},
				{"appName": "SNOW", "usage": 0},
				{"appName": "Polar Beat", "usage": 0},
				{"appName": "안드로이드 시스템", "usage": 0},
				{"appName": "접근성", "usage": 0},
				{"appName": "Microsoft Health", "usage": 0},
				{"appName": "ABC Logger", "usage": 0},
				{"appName": "삼성 캡처", "usage": 0},
				{"appName": "Logger", "usage": 0},
				{"appName": "패키지 설치 프로그램", "usage": 0},
				{"appName": "NFC", "usage": 0}
			]
		},
		"lastPickup": {"time": 0}
	},
	{
		"date": 3,
		"totalTime": {
			"usage": 342,
			"details": [
				{"appName": "YouTube", "usage": 139},
				{"appName": "AfreecaTV", "usage": 54},
				{"appName": "Facebook", "usage": 36},
				{"appName": "카카오톡", "usage": 36},
				{"appName": "삼성 인터넷", "usage": 27},
				{"appName": "One UI 홈", "usage": 11},
				{"appName": "T전화", "usage": 8},
				{"appName": "Brawl Stars", "usage": 5},
				{"appName": "네이버 웹툰", "usage": 3},
				{"appName": "Cookie Run: OvenBreak", "usage": 2},
				{"appName": "Paco", "usage": 2},
				{"appName": "메시지", "usage": 1},
				{"appName": "토스", "usage": 1},
				{"appName": "게임런처", "usage": 1},
				{"appName": "FLO", "usage": 0},
				{"appName": "Samsung Notes", "usage": 0},
				{"appName": "카메라", "usage": 0},
				{"appName": "KLMS", "usage": 0},
				{"appName": "코레일톡", "usage": 0},
				{"appName": "Polar Beat", "usage": 0},
				{"appName": "한컴오피스 viewer", "usage": 0},
				{"appName": "빅스비 보이스", "usage": 0},
				{"appName": "비디오 플레이어", "usage": 0},
				{"appName": "Dropsync", "usage": 0},
				{"appName": "Samsung Pay", "usage": 0},
				{"appName": "Google", "usage": 0},
				{"appName": "삼성 캡처", "usage": 0}
			]
		},
		"pickups": {"usage": 133},
		"downTime": {
			"usages": [
				{"hour": 0, "usage": 6},
				{"hour": 1, "usage": 11},
				{"hour": 2, "usage": 9},
				{"hour": 3, "usage": 4},
				{"hour": 4, "usage": 13},
				{"hour": 5, "usage": 8},
				{"hour": 6, "usage": 13},
				{"hour": 7, "usage": 47},
				{"hour": 8, "usage": 27},
				{"hour": 9, "usage": 38},
				{"hour": 10, "usage": 35},
				{"hour": 11, "usage": 0},
				{"hour": 15, "usage": 2},
				{"hour": 16, "usage": 58},
				{"hour": 17, "usage": 59},
				{"hour": 18, "usage": 6}
			],
			"details": [
				{"appName": "One UI 홈", "usage": [0, 1, 2, 3, 4, 5, 6, 7, 8, 9, 10, 15, 16, 18]},
				{"appName": "카카오톡", "usage": [0, 1, 2, 3, 4, 5, 6, 7, 8, 9, 10, 15, 16]},
				{"appName": "Facebook", "usage": [0, 1, 2, 3, 4, 5, 6, 8, 9, 10]},
				{"appName": "삼성 인터넷", "usage": [2, 5, 7, 8, 9, 10, 16]},
				{"appName": "Paco", "usage": [1, 2, 3, 6, 7, 8, 9]},
				{"appName": "AfreecaTV", "usage": [7, 8, 9, 10, 15, 16]},
				{"appName": "게임런처", "usage": [0, 1, 4, 5, 10]},
				{"appName": "YouTube", "usage": [6, 9, 16, 17, 18]},
				{"appName": "T전화", "usage": [4, 7, 8, 9]},
				{"appName": "메시지", "usage": [7, 8]},
				{"appName": "Polar Beat", "usage": [2, 3]},
				{"appName": "Cookie Run: OvenBreak", "usage": [1, 5]},
				{"appName": "한컴오피스 viewer", "usage": [7]},
				{"appName": "토스", "usage": [4]},
				{"appName": "코레일톡", "usage": [6]},
				{"appName": "카메라", "usage": [1]},
				{"appName": "삼성 캡처", "usage": [5]},
				{"appName": "빅스비 보이스", "usage": [7]},
				{"appName": "비디오 플레이어", "usage": [5]},
				{"appName": "네이버 웹툰", "usage": [16]},
				{"appName": "Samsung Pay", "usage": [0]},
				{"appName": "Samsung Notes", "usage": [4]},
				{"appName": "KLMS", "usage": [7]},
				{"appName": "Google", "usage": [0]},
				{"appName": "FLO", "usage": [8]},
				{"appName": "Dropsync", "usage": [16]},
				{"appName": "Brawl Stars", "usage": [10]}
			]
		},
		"maxTime": {
			"usage": 94,
			"details": [
				{"appName": "YouTube", "usage": 57},
				{"appName": "AfreecaTV", "usage": 19},
				{"appName": "삼성 인터넷", "usage": 8},
				{"appName": "Brawl Stars", "usage": 5},
				{"appName": "T전화", "usage": 4},
				{"appName": "카카오톡", "usage": 4},
				{"appName": "Facebook", "usage": 4},
				{"appName": "네이버 웹툰", "usage": 1},
				{"appName": "Cookie Run: OvenBreak", "usage": 1},
				{"appName": "메시지", "usage": 0},
				{"appName": "게임런처", "usage": 0},
				{"appName": "토스", "usage": 0},
				{"appName": "One UI 홈", "usage": 0},
				{"appName": "카메라", "usage": 0},
				{"appName": "Samsung Notes", "usage": 0},
				{"appName": "Paco", "usage": 0},
				{"appName": "FLO", "usage": 0},
				{"appName": "코레일톡", "usage": 0},
				{"appName": "KLMS", "usage": 0},
				{"appName": "Polar Beat", "usage": 0},
				{"appName": "한컴오피스 viewer", "usage": 0},
				{"appName": "비디오 플레이어", "usage": 0},
				{"appName": "빅스비 보이스", "usage": 0},
				{"appName": "Dropsync", "usage": 0},
				{"appName": "Samsung Pay", "usage": 0},
				{"appName": "Google", "usage": 0},
				{"appName": "삼성 캡처", "usage": 0}
			]
		},
		"avgTime": {
			"usage": 2,
			"details": [
				{"appName": "YouTube", "usage": 7},
				{"appName": "Brawl Stars", "usage": 5},
				{"appName": "AfreecaTV", "usage": 1},
				{"appName": "삼성 인터넷", "usage": 1},
				{"appName": "Cookie Run: OvenBreak", "usage": 0},
				{"appName": "Facebook", "usage": 0},
				{"appName": "카메라", "usage": 0},
				{"appName": "네이버 웹툰", "usage": 0},
				{"appName": "T전화", "usage": 0},
				{"appName": "메시지", "usage": 0},
				{"appName": "Samsung Notes", "usage": 0},
				{"appName": "Paco", "usage": 0},
				{"appName": "코레일톡", "usage": 0},
				{"appName": "게임런처", "usage": 0},
				{"appName": "카카오톡", "usage": 0},
				{"appName": "KLMS", "usage": 0},
				{"appName": "토스", "usage": 0},
				{"appName": "One UI 홈", "usage": 0},
				{"appName": "FLO", "usage": 0},
				{"appName": "Polar Beat", "usage": 0},
				{"appName": "한컴오피스 viewer", "usage": 0},
				{"appName": "Dropsync", "usage": 0},
				{"appName": "비디오 플레이어", "usage": 0},
				{"appName": "빅스비 보이스", "usage": 0},
				{"appName": "Samsung Pay", "usage": 0},
				{"appName": "Google", "usage": 0},
				{"appName": "삼성 캡처", "usage": 0}
			]
		},
		"lastPickup": {"time": 29}
	},
	{
		"date": 4,
		"totalTime": {
			"usage": 544,
			"details": [
				{"appName": "YouTube", "usage": 142},
				{"appName": "Netflix", "usage": 98},
				{"appName": "Facebook", "usage": 68},
				{"appName": "카카오톡", "usage": 58},
				{"appName": "갤러리", "usage": 40},
				{"appName": "삼성 인터넷", "usage": 24},
				{"appName": "음성 녹음", "usage": 24},
				{"appName": "One UI 홈", "usage": 19},
				{"appName": "네이버 웹툰", "usage": 15},
				{"appName": "T전화", "usage": 15},
				{"appName": "카메라", "usage": 6},
				{"appName": "Brawl Stars", "usage": 3},
				{"appName": "뱅크샐러드", "usage": 2},
				{"appName": "Paco", "usage": 1},
				{"appName": "토스", "usage": 1},
				{"appName": "FLO", "usage": 1},
				{"appName": "설정", "usage": 1},
				{"appName": "한컴오피스 viewer", "usage": 0},
				{"appName": "Instagram", "usage": 0},
				{"appName": "CLASSUM", "usage": 0},
				{"appName": "Dropsync", "usage": 0},
				{"appName": "날씨", "usage": 0},
				{"appName": "시계", "usage": 0},
				{"appName": "Foodie", "usage": 0},
				{"appName": "내 파일", "usage": 0},
				{"appName": "Word", "usage": 0},
				{"appName": "Polar Beat", "usage": 0},
				{"appName": "빅스비 비전", "usage": 0},
				{"appName": "KLMS", "usage": 0},
				{"appName": "Samsung Notes", "usage": 0},
				{"appName": "시스템 UI", "usage": 0},
				{"appName": "접근성", "usage": 0},
				{"appName": "게임런처", "usage": 0},
				{"appName": "Logger", "usage": 0},
				{"appName": "캘린더", "usage": 0},
				{"appName": "삼성 캡처", "usage": 0},
				{"appName": "빅스비 보이스", "usage": 0},
				{"appName": "패키지 설치 프로그램", "usage": 0},
				{"appName": "NFC", "usage": 0}
			]
		},
		"pickups": {"usage": 160},
		"downTime": {
			"usages": [
				{"hour": 0, "usage": 1},
				{"hour": 1, "usage": 17},
				{"hour": 2, "usage": 14},
				{"hour": 3, "usage": 41},
				{"hour": 4, "usage": 45},
				{"hour": 5, "usage": 56},
				{"hour": 6, "usage": 20},
				{"hour": 7, "usage": 35},
				{"hour": 8, "usage": 57},
				{"hour": 9, "usage": 9},
				{"hour": 10, "usage": 36},
				{"hour": 11, "usage": 15},
				{"hour": 12, "usage": 12},
				{"hour": 13, "usage": 4},
				{"hour": 14, "usage": 27},
				{"hour": 15, "usage": 43},
				{"hour": 16, "usage": 29},
				{"hour": 17, "usage": 49},
				{"hour": 18, "usage": 26}
			],
			"details": [
				{"appName": "One UI 홈", "usage": [0, 1, 2, 3, 4, 5, 6, 7, 8, 9, 10, 11, 12, 13, 14, 15, 16, 17, 18]},
				{"appName": "카카오톡", "usage": [0, 1, 2, 3, 4, 5, 6, 7, 8, 9, 10, 11, 12, 13, 14, 15, 16, 17]},
				{"appName": "Facebook", "usage": [1, 2, 3, 4, 5, 6, 8, 11, 12, 14, 15, 16]},
				{"appName": "삼성 인터넷", "usage": [1, 2, 3, 4, 5, 6, 7, 13, 14]},
				{"appName": "갤러리", "usage": [3, 4, 6, 8, 10, 11, 12, 13, 16]},
				{"appName": "설정", "usage": [3, 5, 6, 8, 10, 11, 13, 16]},
				{"appName": "YouTube", "usage": [4, 5, 7, 8, 16, 17, 18]},
				{"appName": "Netflix", "usage": [2, 8, 9, 10, 14, 15, 16]},
				{"appName": "T전화", "usage": [1, 3, 5, 8, 9, 16]},
				{"appName": "Paco", "usage": [3, 4, 5, 6, 7, 10]},
				{"appName": "Polar Beat", "usage": [3, 4, 11, 13, 15]},
				{"appName": "카메라", "usage": [3, 4, 6, 11]},
				{"appName": "시스템 UI", "usage": [8, 9, 10, 14]},
				{"appName": "패키지 설치 프로그램", "usage": [3, 5, 8]},
				{"appName": "접근성", "usage": [3, 5, 8]},
				{"appName": "네이버 웹툰", "usage": [3, 14, 15]},
				{"appName": "Logger", "usage": [3, 5, 8]},
				{"appName": "토스", "usage": [9, 15]},
				{"appName": "게임런처", "usage": [8, 16]},
				{"appName": "Samsung Notes", "usage": [6, 13]},
				{"appName": "NFC", "usage": [14, 16]},
				{"appName": "KLMS", "usage": [3, 5]},
				{"appName": "Instagram", "usage": [4, 5]},
				{"appName": "Dropsync", "usage": [3, 17]},
				{"appName": "CLASSUM", "usage": [15, 16]},
				{"appName": "한컴오피스 viewer", "usage": [3]},
				{"appName": "캘린더", "usage": [3]},
				{"appName": "음성 녹음", "usage": [5]},
				{"appName": "시계", "usage": [18]},
				{"appName": "삼성 캡처", "usage": [3]},
				{"appName": "빅스비 비전", "usage": [3]},
				{"appName": "빅스비 보이스", "usage": [8]},
				{"appName": "뱅크샐러드", "usage": [6]},
				{"appName": "내 파일", "usage": [6]},
				{"appName": "날씨", "usage": [13]},
				{"appName": "Word", "usage": [6]},
				{"appName": "Foodie", "usage": [10]},
				{"appName": "FLO", "usage": [14]},
				{"appName": "Brawl Stars", "usage": [16]}
			]
		},
		"maxTime": {
			"usage": 61,
			"details": [
				{"appName": "YouTube", "usage": 30},
				{"appName": "Netflix", "usage": 28},
				{"appName": "음성 녹음", "usage": 12},
				{"appName": "Facebook", "usage": 12},
				{"appName": "갤러리", "usage": 7},
				{"appName": "삼성 인터넷", "usage": 6},
				{"appName": "T전화", "usage": 3},
				{"appName": "카카오톡", "usage": 3},
				{"appName": "Brawl Stars", "usage": 3},
				{"appName": "네이버 웹툰", "usage": 2},
				{"appName": "One UI 홈", "usage": 2},
				{"appName": "뱅크샐러드", "usage": 1},
				{"appName": "토스", "usage": 1},
				{"appName": "FLO", "usage": 0},
				{"appName": "카메라", "usage": 0},
				{"appName": "CLASSUM", "usage": 0},
				{"appName": "Dropsync", "usage": 0},
				{"appName": "한컴오피스 viewer", "usage": 0},
				{"appName": "Instagram", "usage": 0},
				{"appName": "시계", "usage": 0},
				{"appName": "Foodie", "usage": 0},
				{"appName": "날씨", "usage": 0},
				{"appName": "Word", "usage": 0},
				{"appName": "내 파일", "usage": 0},
				{"appName": "Paco", "usage": 0},
				{"appName": "설정", "usage": 0},
				{"appName": "Polar Beat", "usage": 0},
				{"appName": "빅스비 비전", "usage": 0},
				{"appName": "Samsung Notes", "usage": 0},
				{"appName": "접근성", "usage": 0},
				{"appName": "KLMS", "usage": 0},
				{"appName": "캘린더", "usage": 0},
				{"appName": "시스템 UI", "usage": 0},
				{"appName": "게임런처", "usage": 0},
				{"appName": "Logger", "usage": 0},
				{"appName": "빅스비 보이스", "usage": 0},
				{"appName": "삼성 캡처", "usage": 0},
				{"appName": "패키지 설치 프로그램", "usage": 0},
				{"appName": "NFC", "usage": 0}
			]
		},
		"avgTime": {
			"usage": 3,
			"details": [
				{"appName": "음성 녹음", "usage": 6},
				{"appName": "YouTube", "usage": 5},
				{"appName": "Brawl Stars", "usage": 3},
				{"appName": "Netflix", "usage": 2},
				{"appName": "갤러리", "usage": 1},
				{"appName": "Facebook", "usage": 0},
				{"appName": "삼성 인터넷", "usage": 0},
				{"appName": "T전화", "usage": 0},
				{"appName": "뱅크샐러드", "usage": 0},
				{"appName": "시계", "usage": 0},
				{"appName": "Foodie", "usage": 0},
				{"appName": "Word", "usage": 0},
				{"appName": "Instagram", "usage": 0},
				{"appName": "CLASSUM", "usage": 0},
				{"appName": "Dropsync", "usage": 0},
				{"appName": "카메라", "usage": 0},
				{"appName": "날씨", "usage": 0},
				{"appName": "내 파일", "usage": 0},
				{"appName": "네이버 웹툰", "usage": 0},
				{"appName": "한컴오피스 viewer", "usage": 0},
				{"appName": "토스", "usage": 0},
				{"appName": "Paco", "usage": 0},
				{"appName": "카카오톡", "usage": 0},
				{"appName": "One UI 홈", "usage": 0},
				{"appName": "FLO", "usage": 0},
				{"appName": "설정", "usage": 0},
				{"appName": "Samsung Notes", "usage": 0},
				{"appName": "KLMS", "usage": 0},
				{"appName": "접근성", "usage": 0},
				{"appName": "캘린더", "usage": 0},
				{"appName": "빅스비 비전", "usage": 0},
				{"appName": "Polar Beat", "usage": 0},
				{"appName": "게임런처", "usage": 0},
				{"appName": "Logger", "usage": 0},
				{"appName": "시스템 UI", "usage": 0},
				{"appName": "삼성 캡처", "usage": 0},
				{"appName": "빅스비 보이스", "usage": 0},
				{"appName": "패키지 설치 프로그램", "usage": 0},
				{"appName": "NFC", "usage": 0}
			]
		},
		"lastPickup": {"time": 53}
	},
	{
		"date": 5,
		"totalTime": {
			"usage": 439,
			"details": [
				{"appName": "카카오톡", "usage": 86},
				{"appName": "YouTube", "usage": 70},
				{"appName": "Cookie Run: OvenBreak", "usage": 60},
				{"appName": "Facebook", "usage": 58},
				{"appName": "Netflix", "usage": 47},
				{"appName": "One UI 홈", "usage": 18},
				{"appName": "삼성 인터넷", "usage": 13},
				{"appName": "네이버 웹툰", "usage": 9},
				{"appName": "갤러리", "usage": 5},
				{"appName": "다음웹툰", "usage": 5},
				{"appName": "Brawl Stars", "usage": 4},
				{"appName": "FIFA Online 4 M", "usage": 3},
				{"appName": "Paco", "usage": 3},
				{"appName": "Foodie", "usage": 2},
				{"appName": "시리즈", "usage": 2},
				{"appName": "카메라", "usage": 2},
				{"appName": "Instagram", "usage": 2},
				{"appName": "CLASSUM", "usage": 2},
				{"appName": "쿠팡", "usage": 2},
				{"appName": "T전화", "usage": 2},
				{"appName": "시계", "usage": 1},
				{"appName": "KLMS", "usage": 1},
				{"appName": "FLO", "usage": 1},
				{"appName": "QR 코드 스캐너", "usage": 0},
				{"appName": "날씨", "usage": 0},
				{"appName": "Samsung Notes", "usage": 0},
				{"appName": "Google Play 스토어", "usage": 0},
				{"appName": "토스", "usage": 0},
				{"appName": "게임런처", "usage": 0},
				{"appName": "메시지", "usage": 0},
				{"appName": "설정", "usage": 0},
				{"appName": "Polar Beat", "usage": 0},
				{"appName": "시스템 UI", "usage": 0},
				{"appName": "SNOW", "usage": 0},
				{"appName": "캘린더", "usage": 0},
				{"appName": "T 안심", "usage": 0},
				{"appName": "KAIST Portal", "usage": 0},
				{"appName": "Logger", "usage": 0},
				{"appName": "접근성", "usage": 0},
				{"appName": "빅스비 보이스", "usage": 0},
				{"appName": "패키지 설치 프로그램", "usage": 0},
				{"appName": "삼성 키보드", "usage": 0},
				{"appName": "NFC", "usage": 0}
			]
		},
		"pickups": {"usage": 191},
		"downTime": {
			"usages": [
				{"hour": 0, "usage": 3},
				{"hour": 1, "usage": 16},
				{"hour": 2, "usage": 38},
				{"hour": 3, "usage": 5},
				{"hour": 4, "usage": 52},
				{"hour": 5, "usage": 42},
				{"hour": 6, "usage": 42},
				{"hour": 7, "usage": 29},
				{"hour": 8, "usage": 7},
				{"hour": 9, "usage": 10},
				{"hour": 10, "usage": 27},
				{"hour": 11, "usage": 27},
				{"hour": 12, "usage": 28},
				{"hour": 13, "usage": 15},
				{"hour": 14, "usage": 30},
				{"hour": 15, "usage": 3},
				{"hour": 16, "usage": 0},
				{"hour": 17, "usage": 44},
				{"hour": 18, "usage": 11},
				{"hour": 23, "usage": 0}
			],
			"details": [
				{"appName": "One UI 홈", "usage": [1, 2, 3, 4, 5, 6, 7, 8, 9, 10, 11, 12, 13, 14, 15, 16, 17, 18, 19, 23]},
				{"appName": "카카오톡", "usage": [1, 2, 3, 4, 5, 6, 7, 8, 9, 10, 11, 12, 13, 14, 15, 17]},
				{"appName": "Facebook", "usage": [1, 2, 4, 5, 6, 7, 8, 10, 11, 13, 14, 17]},
				{"appName": "Paco", "usage": [1, 2, 3, 4, 5, 6, 7, 8, 9, 10, 11]},
				{"appName": "YouTube", "usage": [6, 11, 12, 13, 17, 18]},
				{"appName": "패키지 설치 프로그램", "usage": [1, 3, 11, 13, 17]},
				{"appName": "시계", "usage": [0, 1, 11, 12, 17]},
				{"appName": "설정", "usage": [1, 11, 13, 14, 17]},
				{"appName": "접근성", "usage": [1, 11, 13, 17]},
				{"appName": "삼성 인터넷", "usage": [2, 3, 9, 11]},
				{"appName": "게임런처", "usage": [2, 4, 5, 7]},
				{"appName": "T전화", "usage": [1, 2, 12, 14]},
				{"appName": "Logger", "usage": [1, 11, 13, 17]},
				{"appName": "FLO", "usage": [11, 12, 14, 16]},
				{"appName": "네이버 웹툰", "usage": [2, 14, 17]},
				{"appName": "Instagram", "usage": [2, 6, 17]},
				{"appName": "카메라", "usage": [0, 14]},
				{"appName": "다음웹툰", "usage": [2, 17]},
				{"appName": "날씨", "usage": [1, 13]},
				{"appName": "T 안심", "usage": [19, 23]},
				{"appName": "Netflix", "usage": [5, 6]},
				{"appName": "NFC", "usage": [3, 4]},
				{"appName": "KLMS", "usage": [1, 4]},
				{"appName": "Foodie", "usage": [10, 13]},
				{"appName": "Cookie Run: OvenBreak", "usage": [4, 7]},
				{"appName": "Brawl Stars", "usage": [2, 5]},
				{"appName": "토스", "usage": [1]},
				{"appName": "쿠팡", "usage": [2]},
				{"appName": "캘린더", "usage": [9]},
				{"appName": "시스템 UI", "usage": [5]},
				{"appName": "시리즈", "usage": [2]},
				{"appName": "삼성 키보드", "usage": [1]},
				{"appName": "빅스비 보이스", "usage": [12]},
				{"appName": "메시지", "usage": [17]},
				{"appName": "갤러리", "usage": [6]},
				{"appName": "Samsung Notes", "usage": [9]},
				{"appName": "SNOW", "usage": [4]},
				{"appName": "QR 코드 스캐너", "usage": [3]},
				{"appName": "Polar Beat", "usage": [1]},
				{"appName": "KAIST Portal", "usage": [11]},
				{"appName": "Google Play 스토어", "usage": [3]},
				{"appName": "FIFA Online 4 M", "usage": [2]},
				{"appName": "CLASSUM", "usage": [17]}
			]
		},
		"maxTime": {
			"usage": 61,
			"details": [
				{"appName": "Netflix", "usage": 36},
				{"appName": "Cookie Run: OvenBreak", "usage": 34},
				{"appName": "YouTube", "usage": 16},
				{"appName": "갤러리", "usage": 5},
				{"appName": "Facebook", "usage": 5},
				{"appName": "삼성 인터넷", "usage": 3},
				{"appName": "Brawl Stars", "usage": 3},
				{"appName": "FIFA Online 4 M", "usage": 3},
				{"appName": "카카오톡", "usage": 2},
				{"appName": "CLASSUM", "usage": 2},
				{"appName": "카메라", "usage": 2},
				{"appName": "Foodie", "usage": 2},
				{"appName": "네이버 웹툰", "usage": 2},
				{"appName": "시리즈", "usage": 1},
				{"appName": "다음웹툰", "usage": 1},
				{"appName": "Instagram", "usage": 1},
				{"appName": "쿠팡", "usage": 1},
				{"appName": "T전화", "usage": 0},
				{"appName": "Samsung Notes", "usage": 0},
				{"appName": "One UI 홈", "usage": 0},
				{"appName": "시계", "usage": 0},
				{"appName": "Google Play 스토어", "usage": 0},
				{"appName": "메시지", "usage": 0},
				{"appName": "FLO", "usage": 0},
				{"appName": "KLMS", "usage": 0},
				{"appName": "QR 코드 스캐너", "usage": 0},
				{"appName": "날씨", "usage": 0},
				{"appName": "Paco", "usage": 0},
				{"appName": "토스", "usage": 0},
				{"appName": "게임런처", "usage": 0},
				{"appName": "SNOW", "usage": 0},
				{"appName": "캘린더", "usage": 0},
				{"appName": "T 안심", "usage": 0},
				{"appName": "Polar Beat", "usage": 0},
				{"appName": "KAIST Portal", "usage": 0},
				{"appName": "설정", "usage": 0},
				{"appName": "빅스비 보이스", "usage": 0},
				{"appName": "시스템 UI", "usage": 0},
				{"appName": "Logger", "usage": 0},
				{"appName": "접근성", "usage": 0},
				{"appName": "패키지 설치 프로그램", "usage": 0},
				{"appName": "삼성 키보드", "usage": 0},
				{"appName": "NFC", "usage": 0}
			]
		},
		"avgTime": {
			"usage": 2,
			"details": [
				{"appName": "Cookie Run: OvenBreak", "usage": 30},
				{"appName": "Netflix", "usage": 5},
				{"appName": "FIFA Online 4 M", "usage": 3},
				{"appName": "YouTube", "usage": 3},
				{"appName": "갤러리", "usage": 2},
				{"appName": "Brawl Stars", "usage": 1},
				{"appName": "카메라", "usage": 1},
				{"appName": "CLASSUM", "usage": 1},
				{"appName": "Facebook", "usage": 0},
				{"appName": "Foodie", "usage": 0},
				{"appName": "삼성 인터넷", "usage": 0},
				{"appName": "시리즈", "usage": 0},
				{"appName": "Instagram", "usage": 0},
				{"appName": "Samsung Notes", "usage": 0},
				{"appName": "다음웹툰", "usage": 0},
				{"appName": "쿠팡", "usage": 0},
				{"appName": "메시지", "usage": 0},
				{"appName": "T전화", "usage": 0},
				{"appName": "날씨", "usage": 0},
				{"appName": "SNOW", "usage": 0},
				{"appName": "캘린더", "usage": 0},
				{"appName": "네이버 웹툰", "usage": 0},
				{"appName": "Paco", "usage": 0},
				{"appName": "QR 코드 스캐너", "usage": 0},
				{"appName": "카카오톡", "usage": 0},
				{"appName": "토스", "usage": 0},
				{"appName": "KLMS", "usage": 0},
				{"appName": "One UI 홈", "usage": 0},
				{"appName": "시계", "usage": 0},
				{"appName": "T 안심", "usage": 0},
				{"appName": "KAIST Portal", "usage": 0},
				{"appName": "Google Play 스토어", "usage": 0},
				{"appName": "빅스비 보이스", "usage": 0},
				{"appName": "Polar Beat", "usage": 0},
				{"appName": "FLO", "usage": 0},
				{"appName": "게임런처", "usage": 0},
				{"appName": "설정", "usage": 0},
				{"appName": "시스템 UI", "usage": 0},
				{"appName": "접근성", "usage": 0},
				{"appName": "삼성 키보드", "usage": 0},
				{"appName": "Logger", "usage": 0},
				{"appName": "패키지 설치 프로그램", "usage": 0},
				{"appName": "NFC", "usage": 0}
			]
		},
		"lastPickup": {"time": 0}
	},
	{
		"date": 6,
		"totalTime": {
			"usage": 564,
			"details": [
				{"appName": "YouTube", "usage": 154},
				{"appName": "Cookie Run: OvenBreak", "usage": 109},
				{"appName": "삼성 인터넷", "usage": 79},
				{"appName": "비디오 플레이어", "usage": 50},
				{"appName": "카카오톡", "usage": 45},
				{"appName": "Facebook", "usage": 29},
				{"appName": "One UI 홈", "usage": 21},
				{"appName": "네이버 웹툰", "usage": 11},
				{"appName": "T전화", "usage": 9},
				{"appName": "코레일톡", "usage": 5},
				{"appName": "FIFA Online 4 M", "usage": 5},
				{"appName": "Brawl Stars", "usage": 4},
				{"appName": "KLMS", "usage": 4},
				{"appName": "FLO", "usage": 4},
				{"appName": "다음웹툰", "usage": 3},
				{"appName": "야놀자", "usage": 2},
				{"appName": "캘린더", "usage": 2},
				{"appName": "Paco", "usage": 2},
				{"appName": "설정", "usage": 1},
				{"appName": "Instagram", "usage": 1},
				{"appName": "시계", "usage": 1},
				{"appName": "토스", "usage": 0},
				{"appName": "네이버 지도", "usage": 0},
				{"appName": "KAIST Portal", "usage": 0},
				{"appName": "Polar Beat", "usage": 0},
				{"appName": "Logger", "usage": 0},
				{"appName": "게임런처", "usage": 0},
				{"appName": "메시지", "usage": 0},
				{"appName": "Foodie", "usage": 0},
				{"appName": "카카오맵", "usage": 0},
				{"appName": "Google Play 스토어", "usage": 0},
				{"appName": "날씨", "usage": 0},
				{"appName": "PASS", "usage": 0},
				{"appName": "접근성", "usage": 0},
				{"appName": "Dropsync", "usage": 0},
				{"appName": "ABC Logger", "usage": 0},
				{"appName": "빅스비 보이스", "usage": 0},
				{"appName": "T 안심", "usage": 0},
				{"appName": "패키지 설치 프로그램", "usage": 0}
			]
		},
		"pickups": {"usage": 133},
		"downTime": {
			"usages": [
				{"hour": 0, "usage": 0},
				{"hour": 1, "usage": 14},
				{"hour": 2, "usage": 19},
				{"hour": 3, "usage": 50},
				{"hour": 4, "usage": 23},
				{"hour": 5, "usage": 47},
				{"hour": 6, "usage": 52},
				{"hour": 7, "usage": 20},
				{"hour": 8, "usage": 12},
				{"hour": 9, "usage": 4},
				{"hour": 10, "usage": 22},
				{"hour": 11, "usage": 58},
				{"hour": 12, "usage": 59},
				{"hour": 13, "usage": 24},
				{"hour": 14, "usage": 55},
				{"hour": 15, "usage": 15},
				{"hour": 16, "usage": 11},
				{"hour": 17, "usage": 55},
				{"hour": 18, "usage": 14},
				{"hour": 23, "usage": 0}
			],
			"details": [
				{"appName": "One UI 홈", "usage": [1, 2, 3, 4, 5, 6, 7, 8, 9, 10, 11, 12, 13, 14, 15, 16, 17, 18]},
				{"appName": "카카오톡", "usage": [1, 2, 3, 4, 5, 6, 7, 8, 10, 11, 12, 13, 14, 15, 16, 17, 18]},
				{"appName": "Facebook", "usage": [1, 2, 3, 5, 6, 7, 8, 9, 10, 12, 15, 16, 17]},
				{"appName": "삼성 인터넷", "usage": [2, 3, 4, 5, 6, 7, 8, 9, 10, 12, 13, 14]},
				{"appName": "YouTube", "usage": [2, 3, 5, 11, 12, 14, 15, 16, 17, 18]},
				{"appName": "Paco", "usage": [1, 2, 3, 5, 6, 8, 11, 13]},
				{"appName": "설정", "usage": [1, 3, 5, 8, 10, 14, 17]},
				{"appName": "게임런처", "usage": [3, 6, 7, 9, 12, 14]},
				{"appName": "패키지 설치 프로그램", "usage": [1, 3, 8, 14, 17]},
				{"appName": "접근성", "usage": [1, 3, 8, 14, 17]},
				{"appName": "시계", "usage": [0, 1, 4, 5, 18]},
				{"appName": "Logger", "usage": [1, 3, 8, 14, 17]},
				{"appName": "Cookie Run: OvenBreak", "usage": [3, 6, 12, 13, 14]},
				{"appName": "비디오 플레이어", "usage": [10, 11, 12, 14]},
				{"appName": "T전화", "usage": [1, 4, 6, 12]},
				{"appName": "Polar Beat", "usage": [1, 14, 17, 18]},
				{"appName": "KLMS", "usage": [1, 5, 10, 12]},
				{"appName": "FLO", "usage": [2, 5, 8, 9]},
				{"appName": "캘린더", "usage": [7, 8, 15]},
				{"appName": "메시지", "usage": [5, 6, 17]},
				{"appName": "KAIST Portal", "usage": [4, 5, 6]},
				{"appName": "토스", "usage": [2, 8]},
				{"appName": "야놀자", "usage": [8, 10]},
				{"appName": "빅스비 보이스", "usage": [6, 10]},
				{"appName": "네이버 지도", "usage": [8, 12]},
				{"appName": "날씨", "usage": [1, 12]},
				{"appName": "T 안심", "usage": [0, 1]},
				{"appName": "Brawl Stars", "usage": [6, 9]},
				{"appName": "코레일톡", "usage": [14]},
				{"appName": "카카오맵", "usage": [8]},
				{"appName": "다음웹툰", "usage": [18]},
				{"appName": "네이버 웹툰", "usage": [14]},
				{"appName": "PASS", "usage": [14]},
				{"appName": "Instagram", "usage": [6]},
				{"appName": "Google Play 스토어", "usage": [2]},
				{"appName": "Foodie", "usage": [16]},
				{"appName": "FIFA Online 4 M", "usage": [7]},
				{"appName": "Dropsync", "usage": [17]},
				{"appName": "ABC Logger", "usage": [1]}
			]
		},
		"maxTime": {
			"usage": 49,
			"details": [
				{"appName": "Cookie Run: OvenBreak", "usage": 29},
				{"appName": "YouTube", "usage": 28},
				{"appName": "비디오 플레이어", "usage": 21},
				{"appName": "삼성 인터넷", "usage": 17},
				{"appName": "FIFA Online 4 M", "usage": 5},
				{"appName": "Brawl Stars", "usage": 4},
				{"appName": "T전화", "usage": 4},
				{"appName": "Facebook", "usage": 3},
				{"appName": "다음웹툰", "usage": 3},
				{"appName": "FLO", "usage": 2},
				{"appName": "카카오톡", "usage": 2},
				{"appName": "One UI 홈", "usage": 1},
				{"appName": "네이버 웹툰", "usage": 1},
				{"appName": "코레일톡", "usage": 1},
				{"appName": "설정", "usage": 1},
				{"appName": "Instagram", "usage": 0},
				{"appName": "KLMS", "usage": 0},
				{"appName": "캘린더", "usage": 0},
				{"appName": "토스", "usage": 0},
				{"appName": "야놀자", "usage": 0},
				{"appName": "네이버 지도", "usage": 0},
				{"appName": "Foodie", "usage": 0},
				{"appName": "메시지", "usage": 0},
				{"appName": "Logger", "usage": 0},
				{"appName": "Paco", "usage": 0},
				{"appName": "카카오맵", "usage": 0},
				{"appName": "시계", "usage": 0},
				{"appName": "KAIST Portal", "usage": 0},
				{"appName": "Google Play 스토어", "usage": 0},
				{"appName": "날씨", "usage": 0},
				{"appName": "Polar Beat", "usage": 0},
				{"appName": "PASS", "usage": 0},
				{"appName": "게임런처", "usage": 0},
				{"appName": "ABC Logger", "usage": 0},
				{"appName": "Dropsync", "usage": 0},
				{"appName": "접근성", "usage": 0},
				{"appName": "빅스비 보이스", "usage": 0},
				{"appName": "T 안심", "usage": 0},
				{"appName": "패키지 설치 프로그램", "usage": 0}
			]
		},
		"avgTime": {
			"usage": 4,
			"details": [
				{"appName": "YouTube", "usage": 5},
				{"appName": "FIFA Online 4 M", "usage": 5},
				{"appName": "Cookie Run: OvenBreak", "usage": 4},
				{"appName": "비디오 플레이어", "usage": 4},
				{"appName": "Brawl Stars", "usage": 2},
				{"appName": "삼성 인터넷", "usage": 1},
				{"appName": "다음웹툰", "usage": 0},
				{"appName": "Instagram", "usage": 0},
				{"appName": "Facebook", "usage": 0},
				{"appName": "T전화", "usage": 0},
				{"appName": "Foodie", "usage": 0},
				{"appName": "네이버 웹툰", "usage": 0},
				{"appName": "카카오맵", "usage": 0},
				{"appName": "FLO", "usage": 0},
				{"appName": "Google Play 스토어", "usage": 0},
				{"appName": "캘린더", "usage": 0},
				{"appName": "KLMS", "usage": 0},
				{"appName": "설정", "usage": 0},
				{"appName": "네이버 지도", "usage": 0},
				{"appName": "코레일톡", "usage": 0},
				{"appName": "야놀자", "usage": 0},
				{"appName": "토스", "usage": 0},
				{"appName": "Paco", "usage": 0},
				{"appName": "날씨", "usage": 0},
				{"appName": "One UI 홈", "usage": 0},
				{"appName": "메시지", "usage": 0},
				{"appName": "KAIST Portal", "usage": 0},
				{"appName": "카카오톡", "usage": 0},
				{"appName": "시계", "usage": 0},
				{"appName": "PASS", "usage": 0},
				{"appName": "Logger", "usage": 0},
				{"appName": "Polar Beat", "usage": 0},
				{"appName": "ABC Logger", "usage": 0},
				{"appName": "빅스비 보이스", "usage": 0},
				{"appName": "게임런처", "usage": 0},
				{"appName": "접근성", "usage": 0},
				{"appName": "Dropsync", "usage": 0},
				{"appName": "T 안심", "usage": 0},
				{"appName": "패키지 설치 프로그램", "usage": 0}
			]
		},
		"lastPickup": {"time": 0}
	},
	{
		"date": 7,
		"totalTime": {
			"usage": 502,
			"details": [
				{"appName": "YouTube", "usage": 168},
				{"appName": "다음웹툰", "usage": 88},
				{"appName": "카카오톡", "usage": 57},
				{"appName": "Facebook", "usage": 38},
				{"appName": "Cookie Run: OvenBreak", "usage": 33},
				{"appName": "네이버 웹툰", "usage": 32},
				{"appName": "삼성 인터넷", "usage": 18},
				{"appName": "One UI 홈", "usage": 13},
				{"appName": "브롤스타즈", "usage": 10},
				{"appName": "메시지", "usage": 9},
				{"appName": "캘린더", "usage": 3},
				{"appName": "시계", "usage": 3},
				{"appName": "Paco", "usage": 2},
				{"appName": "T전화", "usage": 2},
				{"appName": "FIFA Online 4 M", "usage": 2},
				{"appName": "Instagram", "usage": 1},
				{"appName": "Foodie", "usage": 1},
				{"appName": "T멤버십", "usage": 0},
				{"appName": "FLO", "usage": 0},
				{"appName": "Polar Beat", "usage": 0},
				{"appName": "한컴오피스 viewer", "usage": 0},
				{"appName": "설정", "usage": 0},
				{"appName": "게임런처", "usage": 0},
				{"appName": "뱅크샐러드", "usage": 0},
				{"appName": "카메라", "usage": 0},
				{"appName": "Logger", "usage": 0},
				{"appName": "안드로이드 시스템", "usage": 0},
				{"appName": "Gmail", "usage": 0},
				{"appName": "빅스비 보이스", "usage": 0},
				{"appName": "접근성", "usage": 0},
				{"appName": "Between", "usage": 0},
				{"appName": "T 안심", "usage": 0},
				{"appName": "패키지 설치 프로그램", "usage": 0},
				{"appName": "NFC", "usage": 0}
			]
		},
		"pickups": {"usage": 212},
		"downTime": {
			"usages": [
				{"hour": 0, "usage": 1},
				{"hour": 1, "usage": 12},
				{"hour": 2, "usage": 32},
				{"hour": 3, "usage": 4},
				{"hour": 4, "usage": 26},
				{"hour": 5, "usage": 55},
				{"hour": 6, "usage": 46},
				{"hour": 7, "usage": 29},
				{"hour": 8, "usage": 20},
				{"hour": 9, "usage": 23},
				{"hour": 10, "usage": 24},
				{"hour": 11, "usage": 20},
				{"hour": 12, "usage": 11},
				{"hour": 13, "usage": 26},
				{"hour": 14, "usage": 28},
				{"hour": 15, "usage": 28},
				{"hour": 16, "usage": 28},
				{"hour": 17, "usage": 56},
				{"hour": 18, "usage": 26},
				{"hour": 23, "usage": 0}
			],
			"details": [
				{"appName": "One UI 홈", "usage": [0, 1, 2, 3, 4, 5, 6, 7, 8, 9, 10, 11, 12, 13, 14, 15, 16, 17, 18]},
				{"appName": "카카오톡", "usage": [1, 2, 3, 4, 5, 6, 7, 8, 9, 10, 11, 12, 13, 14, 15, 16, 17, 18]},
				{"appName": "다음웹툰", "usage": [1, 4, 5, 6, 10, 11, 12, 13, 14, 15]},
				{"appName": "Facebook", "usage": [1, 2, 4, 6, 7, 9, 10, 13, 15, 16]},
				{"appName": "Paco", "usage": [1, 2, 3, 4, 6, 9, 10, 11, 12]},
				{"appName": "삼성 인터넷", "usage": [3, 6, 9, 10, 13, 15, 16, 18]},
				{"appName": "YouTube", "usage": [5, 6, 7, 8, 15, 16, 17, 18]},
				{"appName": "시계", "usage": [0, 1, 8, 15, 18, 19, 23]},
				{"appName": "메시지", "usage": [2, 8, 11, 12, 15]},
				{"appName": "게임런처", "usage": [1, 2, 4, 5, 7]},
				{"appName": "Cookie Run: OvenBreak", "usage": [1, 2, 4, 7, 8]},
				{"appName": "카메라", "usage": [1, 5, 8, 11]},
				{"appName": "T전화", "usage": [1, 2, 6, 7]},
				{"appName": "패키지 설치 프로그램", "usage": [1, 10, 16]},
				{"appName": "캘린더", "usage": [11, 13, 15]},
				{"appName": "접근성", "usage": [1, 10, 16]},
				{"appName": "설정", "usage": [1, 10, 16]},
				{"appName": "네이버 웹툰", "usage": [2, 14, 15]},
				{"appName": "Logger", "usage": [1, 10, 16]},
				{"appName": "빅스비 보이스", "usage": [12, 16]},
				{"appName": "T 안심", "usage": [19, 23]},
				{"appName": "Polar Beat", "usage": [2, 16]},
				{"appName": "한컴오피스 viewer", "usage": [11]},
				{"appName": "안드로이드 시스템", "usage": [11]},
				{"appName": "브롤스타즈", "usage": [2]},
				{"appName": "뱅크샐러드", "usage": [14]},
				{"appName": "T멤버십", "usage": [13]},
				{"appName": "NFC", "usage": [16]},
				{"appName": "Instagram", "usage": [2]},
				{"appName": "Gmail", "usage": [11]},
				{"appName": "Foodie", "usage": [16]},
				{"appName": "FLO", "usage": [13]},
				{"appName": "FIFA Online 4 M", "usage": [5]},
				{"appName": "Between", "usage": [6]}
			]
		},
		"maxTime": {
			"usage": 58,
			"details": [
				{"appName": "YouTube", "usage": 22},
				{"appName": "다음웹툰", "usage": 14},
				{"appName": "Cookie Run: OvenBreak", "usage": 12},
				{"appName": "브롤스타즈", "usage": 10},
				{"appName": "네이버 웹툰", "usage": 8},
				{"appName": "Facebook", "usage": 3},
				{"appName": "카카오톡", "usage": 3},
				{"appName": "메시지", "usage": 3},
				{"appName": "삼성 인터넷", "usage": 3},
				{"appName": "FIFA Online 4 M", "usage": 2},
				{"appName": "T전화", "usage": 0},
				{"appName": "시계", "usage": 0},
				{"appName": "캘린더", "usage": 0},
				{"appName": "Instagram", "usage": 0},
				{"appName": "One UI 홈", "usage": 0},
				{"appName": "Foodie", "usage": 0},
				{"appName": "FLO", "usage": 0},
				{"appName": "Polar Beat", "usage": 0},
				{"appName": "T멤버십", "usage": 0},
				{"appName": "Paco", "usage": 0},
				{"appName": "안드로이드 시스템", "usage": 0},
				{"appName": "뱅크샐러드", "usage": 0},
				{"appName": "한컴오피스 viewer", "usage": 0},
				{"appName": "Gmail", "usage": 0},
				{"appName": "카메라", "usage": 0},
				{"appName": "게임런처", "usage": 0},
				{"appName": "설정", "usage": 0},
				{"appName": "Logger", "usage": 0},
				{"appName": "T 안심", "usage": 0},
				{"appName": "빅스비 보이스", "usage": 0},
				{"appName": "Between", "usage": 0},
				{"appName": "접근성", "usage": 0},
				{"appName": "패키지 설치 프로그램", "usage": 0},
				{"appName": "NFC", "usage": 0}
			]
		},
		"avgTime": {
			"usage": 2,
			"details": [
				{"appName": "브롤스타즈", "usage": 10},
				{"appName": "YouTube", "usage": 5},
				{"appName": "Cookie Run: OvenBreak", "usage": 3},
				{"appName": "FIFA Online 4 M", "usage": 2},
				{"appName": "메시지", "usage": 0},
				{"appName": "다음웹툰", "usage": 0},
				{"appName": "네이버 웹툰", "usage": 0},
				{"appName": "삼성 인터넷", "usage": 0},
				{"appName": "Instagram", "usage": 0},
				{"appName": "Facebook", "usage": 0},
				{"appName": "Foodie", "usage": 0},
				{"appName": "캘린더", "usage": 0},
				{"appName": "T전화", "usage": 0},
				{"appName": "T멤버십", "usage": 0},
				{"appName": "안드로이드 시스템", "usage": 0},
				{"appName": "Gmail", "usage": 0},
				{"appName": "Paco", "usage": 0},
				{"appName": "시계", "usage": 0},
				{"appName": "FLO", "usage": 0},
				{"appName": "Polar Beat", "usage": 0},
				{"appName": "카카오톡", "usage": 0},
				{"appName": "한컴오피스 viewer", "usage": 0},
				{"appName": "뱅크샐러드", "usage": 0},
				{"appName": "One UI 홈", "usage": 0},
				{"appName": "카메라", "usage": 0},
				{"appName": "설정", "usage": 0},
				{"appName": "빅스비 보이스", "usage": 0},
				{"appName": "접근성", "usage": 0},
				{"appName": "게임런처", "usage": 0},
				{"appName": "Logger", "usage": 0},
				{"appName": "T 안심", "usage": 0},
				{"appName": "Between", "usage": 0},
				{"appName": "패키지 설치 프로그램", "usage": 0},
				{"appName": "NFC", "usage": 0}
			]
		},
		"lastPickup": {"time": 0}
	}
]
