[
	{
		"date": 1,
		"totalTime": {
			"usage": 579,
			"details": [
				{"appName": "카카오톡", "usage": 108},
				{"appName": "삼성 인터넷", "usage": 31},
				{"appName": "성경일독Q", "usage": 28},
				{"appName": "네이버 카페", "usage": 17},
				{"appName": "One UI 홈", "usage": 15},
				{"appName": "카카오페이지", "usage": 15},
				{"appName": "Polar Beat", "usage": 5},
				{"appName": "YouTube", "usage": 4},
				{"appName": "네이버 블로그", "usage": 4},
				{"appName": "Google Play 스토어", "usage": 3},
				{"appName": "Paco", "usage": 3},
				{"appName": "통화", "usage": 2},
				{"appName": "KLMS", "usage": 2},
				{"appName": "시계", "usage": 1},
				{"appName": "Microsoft Health", "usage": 1},
				{"appName": "Samsung Music", "usage": 1},
				{"appName": "CLASSUM", "usage": 1},
				{"appName": "드라이브", "usage": 0},
				{"appName": "성경", "usage": 0},
				{"appName": "네이버 메일", "usage": 0},
				{"appName": "카메라", "usage": 0},
				{"appName": "Soundcamp", "usage": 0},
				{"appName": "설정", "usage": 0},
				{"appName": "KAIST Portal", "usage": 0},
				{"appName": "네이버 웹툰", "usage": 0},
				{"appName": "Instagram", "usage": 0},
				{"appName": "전화", "usage": 0},
				{"appName": "Logger", "usage": 0},
				{"appName": "Google Play 서비스", "usage": 0},
				{"appName": "쏠캘린더", "usage": 0},
				{"appName": "접근성", "usage": 0},
				{"appName": "삼성 캡처", "usage": 0},
				{"appName": "WeChat", "usage": 0},
				{"appName": "패키지 설치 프로그램", "usage": 0},
				{"appName": "Google", "usage": 0},
				{"appName": "갤러리", "usage": 0},
				{"appName": "Facebook", "usage": 0},
				{"appName": "좋은 카메라", "usage": 0},
				{"appName": "넌얼마나쓰니", "usage": 0},
				{"appName": "티몬", "usage": 0}
			]
		},
		"pickups": {"usage": 133},
		"downTime": {
			"usages": [
				{"hour": 0, "usage": 27},
				{"hour": 1, "usage": 28},
				{"hour": 2, "usage": 10},
				{"hour": 3, "usage": 11},
				{"hour": 4, "usage": 36},
				{"hour": 5, "usage": 23},
				{"hour": 6, "usage": 16},
				{"hour": 8, "usage": 2},
				{"hour": 9, "usage": 13},
				{"hour": 10, "usage": 13},
				{"hour": 11, "usage": 45},
				{"hour": 12, "usage": 60},
				{"hour": 13, "usage": 60},
				{"hour": 14, "usage": 60},
				{"hour": 15, "usage": 60},
				{"hour": 16, "usage": 53},
				{"hour": 17, "usage": 15},
				{"hour": 18, "usage": 14},
				{"hour": 19, "usage": 25}
			],
			"details": [
				{"appName": "좋은 카메라", "usage": [0, 1, 2, 3, 4, 5, 6, 7, 8, 9, 10, 12, 17, 18, 19, 20, 21, 22, 23]},
				{"appName": "One UI 홈", "usage": [0, 1, 2, 3, 4, 5, 6, 9, 10, 16, 17, 18, 19, 20, 21, 22, 23]},
				{"appName": "성경일독Q", "usage": [0, 1, 2, 3, 4, 5, 8, 9, 10, 11, 12, 16, 17, 18, 19, 20]},
				{"appName": "카카오톡", "usage": [0, 1, 2, 3, 4, 5, 6, 8, 9, 10, 11, 17, 18, 19]},
				{"appName": "넌얼마나쓰니", "usage": [1, 2, 4, 5, 9, 17, 18, 20, 21, 22, 23]},
				{"appName": "삼성 인터넷", "usage": [0, 1, 3, 4, 5, 6, 9, 10, 16, 17]},
				{"appName": "네이버 카페", "usage": [0, 1, 2, 3, 4, 9, 17, 18]},
				{"appName": "Paco", "usage": [1, 2, 3, 4, 5, 10, 16]},
				{"appName": "Polar Beat", "usage": [1, 2, 3, 4, 5]},
				{"appName": "Google Play 스토어", "usage": [1, 9, 16, 17, 23]},
				{"appName": "카메라", "usage": [0, 1, 2, 17]},
				{"appName": "네이버 블로그", "usage": [1, 5, 18, 19]},
				{"appName": "티몬", "usage": [1, 17, 23]},
				{"appName": "카카오페이지", "usage": [9, 16, 17]},
				{"appName": "Soundcamp", "usage": [3, 4, 6]},
				{"appName": "Samsung Music", "usage": [6, 7, 8]},
				{"appName": "Microsoft Health", "usage": [1, 4, 16]},
				{"appName": "패키지 설치 프로그램", "usage": [1, 16]},
				{"appName": "접근성", "usage": [1, 16]},
				{"appName": "설정", "usage": [1, 16]},
				{"appName": "YouTube", "usage": [6, 10]},
				{"appName": "Logger", "usage": [1, 16]},
				{"appName": "KLMS", "usage": [1, 17]},
				{"appName": "CLASSUM", "usage": [2, 10]},
				{"appName": "통화", "usage": [9]},
				{"appName": "전화", "usage": [9]},
				{"appName": "쏠캘린더", "usage": [16]},
				{"appName": "시계", "usage": [0]},
				{"appName": "성경", "usage": [5]},
				{"appName": "삼성 캡처", "usage": [10]},
				{"appName": "드라이브", "usage": [1]},
				{"appName": "네이버 웹툰", "usage": [3]},
				{"appName": "네이버 메일", "usage": [1]},
				{"appName": "갤러리", "usage": [0]},
				{"appName": "WeChat", "usage": [2]},
				{"appName": "KAIST Portal", "usage": [1]},
				{"appName": "Instagram", "usage": [16]},
				{"appName": "Google Play 서비스", "usage": [16]},
				{"appName": "Google", "usage": [16]},
				{"appName": "Facebook", "usage": [1]}
			]
		},
		"maxTime": {
			"usage": 324,
			"details": [
				{"appName": "카카오톡", "usage": 24},
				{"appName": "성경일독Q", "usage": 10},
				{"appName": "삼성 인터넷", "usage": 9},
				{"appName": "YouTube", "usage": 4},
				{"appName": "Google Play 스토어", "usage": 3},
				{"appName": "카카오페이지", "usage": 3},
				{"appName": "One UI 홈", "usage": 3},
				{"appName": "네이버 카페", "usage": 2},
				{"appName": "KLMS", "usage": 2},
				{"appName": "네이버 블로그", "usage": 1},
				{"appName": "통화", "usage": 1},
				{"appName": "Polar Beat", "usage": 1},
				{"appName": "시계", "usage": 0},
				{"appName": "CLASSUM", "usage": 0},
				{"appName": "드라이브", "usage": 0},
				{"appName": "네이버 메일", "usage": 0},
				{"appName": "Microsoft Health", "usage": 0},
				{"appName": "Paco", "usage": 0},
				{"appName": "카메라", "usage": 0},
				{"appName": "성경", "usage": 0},
				{"appName": "Samsung Music", "usage": 0},
				{"appName": "Soundcamp", "usage": 0},
				{"appName": "KAIST Portal", "usage": 0},
				{"appName": "네이버 웹툰", "usage": 0},
				{"appName": "전화", "usage": 0},
				{"appName": "Instagram", "usage": 0},
				{"appName": "쏠캘린더", "usage": 0},
				{"appName": "설정", "usage": 0},
				{"appName": "Logger", "usage": 0},
				{"appName": "Google Play 서비스", "usage": 0},
				{"appName": "삼성 캡처", "usage": 0},
				{"appName": "접근성", "usage": 0},
				{"appName": "갤러리", "usage": 0},
				{"appName": "Google", "usage": 0},
				{"appName": "Facebook", "usage": 0},
				{"appName": "패키지 설치 프로그램", "usage": 0},
				{"appName": "WeChat", "usage": 0},
				{"appName": "좋은 카메라", "usage": 0},
				{"appName": "넌얼마나쓰니", "usage": 0},
				{"appName": "티몬", "usage": 0}
			]
		},
		"avgTime": {
			"usage": 4,
			"details": [
				{"appName": "YouTube", "usage": 1},
				{"appName": "삼성 인터넷", "usage": 0},
				{"appName": "KLMS", "usage": 0},
				{"appName": "통화", "usage": 0},
				{"appName": "Polar Beat", "usage": 0},
				{"appName": "CLASSUM", "usage": 0},
				{"appName": "네이버 메일", "usage": 0},
				{"appName": "카카오페이지", "usage": 0},
				{"appName": "드라이브", "usage": 0},
				{"appName": "네이버 카페", "usage": 0},
				{"appName": "Google Play 스토어", "usage": 0},
				{"appName": "성경일독Q", "usage": 0},
				{"appName": "네이버 블로그", "usage": 0},
				{"appName": "시계", "usage": 0},
				{"appName": "Microsoft Health", "usage": 0},
				{"appName": "카카오톡", "usage": 0},
				{"appName": "Paco", "usage": 0},
				{"appName": "성경", "usage": 0},
				{"appName": "Samsung Music", "usage": 0},
				{"appName": "전화", "usage": 0},
				{"appName": "카메라", "usage": 0},
				{"appName": "Soundcamp", "usage": 0},
				{"appName": "네이버 웹툰", "usage": 0},
				{"appName": "KAIST Portal", "usage": 0},
				{"appName": "One UI 홈", "usage": 0},
				{"appName": "Instagram", "usage": 0},
				{"appName": "쏠캘린더", "usage": 0},
				{"appName": "삼성 캡처", "usage": 0},
				{"appName": "설정", "usage": 0},
				{"appName": "Google Play 서비스", "usage": 0},
				{"appName": "갤러리", "usage": 0},
				{"appName": "Logger", "usage": 0},
				{"appName": "Facebook", "usage": 0},
				{"appName": "접근성", "usage": 0},
				{"appName": "Google", "usage": 0},
				{"appName": "WeChat", "usage": 0},
				{"appName": "패키지 설치 프로그램", "usage": 0},
				{"appName": "좋은 카메라", "usage": 0},
				{"appName": "넌얼마나쓰니", "usage": 0},
				{"appName": "티몬", "usage": 0}
			]
		},
		"lastPickup": {"time": 39}
	},
	{
		"date": 2,
		"totalTime": {
			"usage": 201,
			"details": [
				{"appName": "삼성 인터넷", "usage": 62},
				{"appName": "카카오톡", "usage": 59},
				{"appName": "성경일독Q", "usage": 15},
				{"appName": "One UI 홈", "usage": 14},
				{"appName": "네이버 웹툰", "usage": 11},
				{"appName": "통화", "usage": 10},
				{"appName": "네이버 카페", "usage": 6},
				{"appName": "Paco", "usage": 3},
				{"appName": "카메라", "usage": 3},
				{"appName": "갤러리", "usage": 2},
				{"appName": "CLASSUM", "usage": 1},
				{"appName": "Polar Beat", "usage": 1},
				{"appName": "Microsoft Health", "usage": 0},
				{"appName": "MobileCX", "usage": 0},
				{"appName": "성경", "usage": 0},
				{"appName": "쏠캘린더", "usage": 0},
				{"appName": "Facebook", "usage": 0},
				{"appName": "메시지", "usage": 0},
				{"appName": "ABC Logger", "usage": 0},
				{"appName": "설정", "usage": 0},
				{"appName": "KLMS", "usage": 0},
				{"appName": "Instagram", "usage": 0},
				{"appName": "궁극의 질문", "usage": 0},
				{"appName": "Logger", "usage": 0},
				{"appName": "연락처", "usage": 0},
				{"appName": "좋은 카메라", "usage": 0},
				{"appName": "접근성", "usage": 0},
				{"appName": "안드로이드 시스템", "usage": 0},
				{"appName": "전화", "usage": 0},
				{"appName": "Soundcamp", "usage": 0},
				{"appName": "패키지 설치 프로그램", "usage": 0},
				{"appName": "Dropsync", "usage": 0},
				{"appName": "넌얼마나쓰니", "usage": 0},
				{"appName": "Google Play 스토어", "usage": 0},
				{"appName": "티몬", "usage": 0},
				{"appName": "원스토어", "usage": 0}
			]
		},
		"pickups": {"usage": 154},
		"downTime": {
			"usages": [
				{"hour": 0, "usage": 0},
				{"hour": 2, "usage": 7},
				{"hour": 3, "usage": 16},
				{"hour": 4, "usage": 3},
				{"hour": 5, "usage": 2},
				{"hour": 6, "usage": 3},
				{"hour": 7, "usage": 9},
				{"hour": 8, "usage": 22},
				{"hour": 9, "usage": 25},
				{"hour": 10, "usage": 4},
				{"hour": 11, "usage": 1},
				{"hour": 12, "usage": 15},
				{"hour": 13, "usage": 13},
				{"hour": 14, "usage": 21},
				{"hour": 17, "usage": 38},
				{"hour": 18, "usage": 16},
				{"hour": 23, "usage": 0}
			],
			"details": [
				{"appName": "좋은 카메라", "usage": [0, 1, 2, 3, 4, 5, 6, 7, 8, 9, 10, 11, 12, 13, 14, 15, 16, 17, 18, 19, 20, 21, 22, 23]},
				{"appName": "One UI 홈", "usage": [0, 1, 2, 3, 4, 5, 6, 7, 8, 9, 10, 11, 12, 13, 14, 15, 16, 17, 18, 19, 20, 21, 22, 23]},
				{"appName": "넌얼마나쓰니", "usage": [0, 1, 2, 4, 5, 6, 7, 8, 9, 10, 11, 12, 13, 14, 15, 16, 18, 19, 20, 21, 23]},
				{"appName": "성경일독Q", "usage": [0, 1, 2, 3, 4, 5, 6, 7, 8, 9, 10, 11, 12, 13, 14, 17, 18, 23]},
				{"appName": "카카오톡", "usage": [2, 3, 4, 5, 6, 7, 8, 9, 10, 11, 12, 13, 14, 17, 18]},
				{"appName": "Paco", "usage": [3, 4, 5, 6, 7, 8, 9, 12, 13]},
				{"appName": "삼성 인터넷", "usage": [3, 6, 8, 9, 14, 17, 18]},
				{"appName": "CLASSUM", "usage": [3, 4, 7, 12, 14]},
				{"appName": "통화", "usage": [7, 8, 11, 12]},
				{"appName": "Polar Beat", "usage": [3, 6, 7, 9]},
				{"appName": "카메라", "usage": [3, 8, 9]},
				{"appName": "네이버 카페", "usage": [8, 9, 14]},
				{"appName": "ABC Logger", "usage": [3, 4, 9]},
				{"appName": "패키지 설치 프로그램", "usage": [3, 9]},
				{"appName": "티몬", "usage": [4, 10]},
				{"appName": "접근성", "usage": [3, 9]},
				{"appName": "전화", "usage": [8, 12]},
				{"appName": "성경", "usage": [2, 5]},
				{"appName": "설정", "usage": [3, 9]},
				{"appName": "네이버 웹툰", "usage": [7, 14]},
				{"appName": "갤러리", "usage": [9, 12]},
				{"appName": "MobileCX", "usage": [11, 12]},
				{"appName": "Microsoft Health", "usage": [3, 9]},
				{"appName": "Logger", "usage": [3, 9]},
				{"appName": "Google Play 스토어", "usage": [4, 10]},
				{"appName": "원스토어", "usage": [14]},
				{"appName": "연락처", "usage": [7]},
				{"appName": "안드로이드 시스템", "usage": [9]},
				{"appName": "쏠캘린더", "usage": [13]},
				{"appName": "메시지", "usage": [4]},
				{"appName": "궁극의 질문", "usage": [4]},
				{"appName": "Soundcamp", "usage": [9]},
				{"appName": "KLMS", "usage": [14]},
				{"appName": "Instagram", "usage": [7]},
				{"appName": "Facebook", "usage": [3]},
				{"appName": "Dropsync", "usage": [9]}
			]
		},
		"maxTime": {
			"usage": 54,
			"details": [
				{"appName": "삼성 인터넷", "usage": 43},
				{"appName": "카카오톡", "usage": 7},
				{"appName": "성경일독Q", "usage": 5},
				{"appName": "통화", "usage": 4},
				{"appName": "One UI 홈", "usage": 4},
				{"appName": "네이버 웹툰", "usage": 2},
				{"appName": "갤러리", "usage": 0},
				{"appName": "카메라", "usage": 0},
				{"appName": "네이버 카페", "usage": 0},
				{"appName": "MobileCX", "usage": 0},
				{"appName": "CLASSUM", "usage": 0},
				{"appName": "Polar Beat", "usage": 0},
				{"appName": "Microsoft Health", "usage": 0},
				{"appName": "쏠캘린더", "usage": 0},
				{"appName": "메시지", "usage": 0},
				{"appName": "Facebook", "usage": 0},
				{"appName": "Paco", "usage": 0},
				{"appName": "성경", "usage": 0},
				{"appName": "Instagram", "usage": 0},
				{"appName": "궁극의 질문", "usage": 0},
				{"appName": "ABC Logger", "usage": 0},
				{"appName": "좋은 카메라", "usage": 0},
				{"appName": "안드로이드 시스템", "usage": 0},
				{"appName": "연락처", "usage": 0},
				{"appName": "KLMS", "usage": 0},
				{"appName": "Logger", "usage": 0},
				{"appName": "설정", "usage": 0},
				{"appName": "전화", "usage": 0},
				{"appName": "Soundcamp", "usage": 0},
				{"appName": "접근성", "usage": 0},
				{"appName": "Dropsync", "usage": 0},
				{"appName": "패키지 설치 프로그램", "usage": 0},
				{"appName": "넌얼마나쓰니", "usage": 0},
				{"appName": "원스토어", "usage": 0},
				{"appName": "Google Play 스토어", "usage": 0},
				{"appName": "티몬", "usage": 0}
			]
		},
		"avgTime": {
			"usage": 1,
			"details": [
				{"appName": "삼성 인터넷", "usage": 6},
				{"appName": "통화", "usage": 0},
				{"appName": "갤러리", "usage": 0},
				{"appName": "CLASSUM", "usage": 0},
				{"appName": "카메라", "usage": 0},
				{"appName": "네이버 웹툰", "usage": 0},
				{"appName": "Microsoft Health", "usage": 0},
				{"appName": "메시지", "usage": 0},
				{"appName": "쏠캘린더", "usage": 0},
				{"appName": "Instagram", "usage": 0},
				{"appName": "궁극의 질문", "usage": 0},
				{"appName": "네이버 카페", "usage": 0},
				{"appName": "Facebook", "usage": 0},
				{"appName": "MobileCX", "usage": 0},
				{"appName": "카카오톡", "usage": 0},
				{"appName": "Polar Beat", "usage": 0},
				{"appName": "성경", "usage": 0},
				{"appName": "안드로이드 시스템", "usage": 0},
				{"appName": "Paco", "usage": 0},
				{"appName": "연락처", "usage": 0},
				{"appName": "성경일독Q", "usage": 0},
				{"appName": "KLMS", "usage": 0},
				{"appName": "One UI 홈", "usage": 0},
				{"appName": "ABC Logger", "usage": 0},
				{"appName": "설정", "usage": 0},
				{"appName": "Logger", "usage": 0},
				{"appName": "Soundcamp", "usage": 0},
				{"appName": "Dropsync", "usage": 0},
				{"appName": "전화", "usage": 0},
				{"appName": "접근성", "usage": 0},
				{"appName": "패키지 설치 프로그램", "usage": 0},
				{"appName": "좋은 카메라", "usage": 0},
				{"appName": "넌얼마나쓰니", "usage": 0},
				{"appName": "원스토어", "usage": 0},
				{"appName": "Google Play 스토어", "usage": 0},
				{"appName": "티몬", "usage": 0}
			]
		},
		"lastPickup": {"time": 0}
	},
	{
		"date": 3,
		"totalTime": {
			"usage": 187,
			"details": [
				{"appName": "삼성 인터넷", "usage": 91},
				{"appName": "카카오톡", "usage": 34},
				{"appName": "통화", "usage": 10},
				{"appName": "네이버 웹툰", "usage": 9},
				{"appName": "One UI 홈", "usage": 7},
				{"appName": "성경일독Q", "usage": 4},
				{"appName": "네이버 블로그", "usage": 4},
				{"appName": "카카오페이지", "usage": 3},
				{"appName": "Paco", "usage": 2},
				{"appName": "포토", "usage": 2},
				{"appName": "YouTube", "usage": 1},
				{"appName": "Google Play 서비스", "usage": 1},
				{"appName": "CLASSUM", "usage": 1},
				{"appName": "토스", "usage": 1},
				{"appName": "Instagram", "usage": 1},
				{"appName": "메시지", "usage": 0},
				{"appName": "Logger", "usage": 0},
				{"appName": "시계", "usage": 0},
				{"appName": "성경", "usage": 0},
				{"appName": "Gmail", "usage": 0},
				{"appName": "카메라", "usage": 0},
				{"appName": "설정", "usage": 0},
				{"appName": "Polar Beat", "usage": 0},
				{"appName": "안드로이드 시스템", "usage": 0},
				{"appName": "쏠캘린더", "usage": 0},
				{"appName": "Settings Suggestions", "usage": 0},
				{"appName": "갤러리", "usage": 0},
				{"appName": "접근성", "usage": 0},
				{"appName": "캘린더", "usage": 0},
				{"appName": "삼성 캡처", "usage": 0},
				{"appName": "ABC Logger", "usage": 0},
				{"appName": "Microsoft Health", "usage": 0},
				{"appName": "좋은 카메라", "usage": 0},
				{"appName": "넌얼마나쓰니", "usage": 0},
				{"appName": "패키지 설치 프로그램", "usage": 0},
				{"appName": "전화", "usage": 0},
				{"appName": "티몬", "usage": 0},
				{"appName": "Google Play 스토어", "usage": 0}
			]
		},
		"pickups": {"usage": 102},
		"downTime": {
			"usages": [
				{"hour": 0, "usage": 0},
				{"hour": 1, "usage": 0},
				{"hour": 2, "usage": 0},
				{"hour": 3, "usage": 10},
				{"hour": 4, "usage": 19},
				{"hour": 5, "usage": 8},
				{"hour": 6, "usage": 5},
				{"hour": 7, "usage": 0},
				{"hour": 8, "usage": 9},
				{"hour": 9, "usage": 6},
				{"hour": 10, "usage": 8},
				{"hour": 11, "usage": 6},
				{"hour": 12, "usage": 7},
				{"hour": 13, "usage": 8},
				{"hour": 14, "usage": 13},
				{"hour": 15, "usage": 8},
				{"hour": 16, "usage": 2},
				{"hour": 17, "usage": 8},
				{"hour": 18, "usage": 40},
				{"hour": 19, "usage": 21},
				{"hour": 23, "usage": 0}
			],
			"details": [
				{"appName": "One UI 홈", "usage": [0, 1, 2, 3, 4, 5, 6, 7, 8, 9, 10, 11, 12, 13, 14, 15, 16, 17, 18, 19, 20, 21, 22, 23]},
				{"appName": "좋은 카메라", "usage": [0, 1, 2, 3, 4, 5, 6, 7, 8, 9, 10, 13, 14, 15, 16, 17, 18, 19, 20, 21, 22, 23]},
				{"appName": "성경일독Q", "usage": [0, 1, 2, 3, 4, 5, 6, 7, 8, 9, 10, 11, 12, 13, 14, 15, 16, 17, 18, 19, 23]},
				{"appName": "넌얼마나쓰니", "usage": [0, 1, 2, 4, 5, 6, 7, 9, 10, 11, 12, 13, 14, 15, 16, 17, 19, 20, 21, 23]},
				{"appName": "카카오톡", "usage": [3, 4, 5, 6, 7, 8, 9, 10, 11, 12, 13, 16, 17, 18, 19]},
				{"appName": "삼성 인터넷", "usage": [4, 8, 10, 11, 13, 14, 15, 16, 17, 18, 19]},
				{"appName": "Paco", "usage": [4, 5, 6, 8, 11, 12, 13, 14]},
				{"appName": "통화", "usage": [3, 4, 9, 12, 13]},
				{"appName": "설정", "usage": [4, 5, 11, 12, 14]},
				{"appName": "네이버 웹툰", "usage": [5, 12, 13, 14]},
				{"appName": "카카오페이지", "usage": [5, 8, 16]},
				{"appName": "네이버 블로그", "usage": [3, 4, 6]},
				{"appName": "Polar Beat", "usage": [5, 14, 18]},
				{"appName": "CLASSUM", "usage": [6, 8, 15]},
				{"appName": "패키지 설치 프로그램", "usage": [5, 12]},
				{"appName": "토스", "usage": [11, 12]},
				{"appName": "카메라", "usage": [4, 14]},
				{"appName": "안드로이드 시스템", "usage": [4, 18]},
				{"appName": "삼성 캡처", "usage": [4, 8]},
				{"appName": "메시지", "usage": [9, 12]},
				{"appName": "Logger", "usage": [5, 12]},
				{"appName": "Gmail", "usage": [4, 14]},
				{"appName": "포토", "usage": [14]},
				{"appName": "티몬", "usage": [10]},
				{"appName": "캘린더", "usage": [3]},
				{"appName": "접근성", "usage": [5]},
				{"appName": "전화", "usage": [4]},
				{"appName": "쏠캘린더", "usage": [3]},
				{"appName": "시계", "usage": [19]},
				{"appName": "성경", "usage": [6]},
				{"appName": "갤러리", "usage": [4]},
				{"appName": "YouTube", "usage": [8]},
				{"appName": "Settings Suggestions", "usage": [14]},
				{"appName": "Microsoft Health", "usage": [5]},
				{"appName": "Instagram", "usage": [6]},
				{"appName": "Google Play 스토어", "usage": [10]},
				{"appName": "Google Play 서비스", "usage": [14]},
				{"appName": "ABC Logger", "usage": [5]}
			]
		},
		"maxTime": {
			"usage": 52,
			"details": [
				{"appName": "삼성 인터넷", "usage": 17},
				{"appName": "통화", "usage": 4},
				{"appName": "네이버 웹툰", "usage": 2},
				{"appName": "카카오페이지", "usage": 2},
				{"appName": "네이버 블로그", "usage": 1},
				{"appName": "YouTube", "usage": 1},
				{"appName": "카카오톡", "usage": 1},
				{"appName": "Instagram", "usage": 1},
				{"appName": "성경일독Q", "usage": 0},
				{"appName": "One UI 홈", "usage": 0},
				{"appName": "포토", "usage": 0},
				{"appName": "메시지", "usage": 0},
				{"appName": "Google Play 서비스", "usage": 0},
				{"appName": "토스", "usage": 0},
				{"appName": "Paco", "usage": 0},
				{"appName": "CLASSUM", "usage": 0},
				{"appName": "Logger", "usage": 0},
				{"appName": "Gmail", "usage": 0},
				{"appName": "카메라", "usage": 0},
				{"appName": "성경", "usage": 0},
				{"appName": "Polar Beat", "usage": 0},
				{"appName": "시계", "usage": 0},
				{"appName": "설정", "usage": 0},
				{"appName": "안드로이드 시스템", "usage": 0},
				{"appName": "쏠캘린더", "usage": 0},
				{"appName": "갤러리", "usage": 0},
				{"appName": "접근성", "usage": 0},
				{"appName": "Settings Suggestions", "usage": 0},
				{"appName": "캘린더", "usage": 0},
				{"appName": "ABC Logger", "usage": 0},
				{"appName": "삼성 캡처", "usage": 0},
				{"appName": "Microsoft Health", "usage": 0},
				{"appName": "패키지 설치 프로그램", "usage": 0},
				{"appName": "전화", "usage": 0},
				{"appName": "좋은 카메라", "usage": 0},
				{"appName": "넌얼마나쓰니", "usage": 0},
				{"appName": "티몬", "usage": 0},
				{"appName": "Google Play 스토어", "usage": 0}
			]
		},
		"avgTime": {
			"usage": 1,
			"details": [
				{"appName": "삼성 인터넷", "usage": 2},
				{"appName": "통화", "usage": 1},
				{"appName": "YouTube", "usage": 0},
				{"appName": "네이버 블로그", "usage": 0},
				{"appName": "CLASSUM", "usage": 0},
				{"appName": "Instagram", "usage": 0},
				{"appName": "Gmail", "usage": 0},
				{"appName": "카카오페이지", "usage": 0},
				{"appName": "메시지", "usage": 0},
				{"appName": "네이버 웹툰", "usage": 0},
				{"appName": "포토", "usage": 0},
				{"appName": "카메라", "usage": 0},
				{"appName": "Google Play 서비스", "usage": 0},
				{"appName": "안드로이드 시스템", "usage": 0},
				{"appName": "토스", "usage": 0},
				{"appName": "성경", "usage": 0},
				{"appName": "Logger", "usage": 0},
				{"appName": "카카오톡", "usage": 0},
				{"appName": "Paco", "usage": 0},
				{"appName": "시계", "usage": 0},
				{"appName": "갤러리", "usage": 0},
				{"appName": "쏠캘린더", "usage": 0},
				{"appName": "접근성", "usage": 0},
				{"appName": "Polar Beat", "usage": 0},
				{"appName": "Settings Suggestions", "usage": 0},
				{"appName": "One UI 홈", "usage": 0},
				{"appName": "성경일독Q", "usage": 0},
				{"appName": "설정", "usage": 0},
				{"appName": "Microsoft Health", "usage": 0},
				{"appName": "캘린더", "usage": 0},
				{"appName": "삼성 캡처", "usage": 0},
				{"appName": "ABC Logger", "usage": 0},
				{"appName": "패키지 설치 프로그램", "usage": 0},
				{"appName": "전화", "usage": 0},
				{"appName": "좋은 카메라", "usage": 0},
				{"appName": "넌얼마나쓰니", "usage": 0},
				{"appName": "티몬", "usage": 0},
				{"appName": "Google Play 스토어", "usage": 0}
			]
		},
		"lastPickup": {"time": 0}
	},
	{
		"date": 4,
		"totalTime": {
			"usage": 324,
			"details": [
				{"appName": "카카오톡", "usage": 93},
				{"appName": "성경일독Q", "usage": 62},
				{"appName": "삼성 인터넷", "usage": 33},
				{"appName": "성경", "usage": 21},
				{"appName": "네이버 카페", "usage": 14},
				{"appName": "네이버 웹툰", "usage": 12},
				{"appName": "그래핑 계산기 Mathlab", "usage": 11},
				{"appName": "One UI 홈", "usage": 8},
				{"appName": "카카오페이지", "usage": 4},
				{"appName": "YouTube", "usage": 4},
				{"appName": "Instagram", "usage": 3},
				{"appName": "네이버 블로그", "usage": 3},
				{"appName": "시계", "usage": 3},
				{"appName": "Paco", "usage": 2},
				{"appName": "토스", "usage": 2},
				{"appName": "Polar Beat", "usage": 1},
				{"appName": "음성 녹음", "usage": 1},
				{"appName": "CLASSUM", "usage": 0},
				{"appName": "카메라", "usage": 0},
				{"appName": "갤러리", "usage": 0},
				{"appName": "Y데이터박스", "usage": 0},
				{"appName": "설정", "usage": 0},
				{"appName": "네이버 메일", "usage": 0},
				{"appName": "접근성", "usage": 0},
				{"appName": "Logger", "usage": 0},
				{"appName": "삼성 키보드", "usage": 0},
				{"appName": "빅스비 보이스", "usage": 0},
				{"appName": "좋은 카메라", "usage": 0},
				{"appName": "안드로이드 시스템", "usage": 0},
				{"appName": "패키지 설치 프로그램", "usage": 0},
				{"appName": "넌얼마나쓰니", "usage": 0},
				{"appName": "쏠캘린더", "usage": 0},
				{"appName": "티몬", "usage": 0},
				{"appName": "Google Play 스토어", "usage": 0}
			]
		},
		"pickups": {"usage": 160},
		"downTime": {
			"usages": [
				{"hour": 1, "usage": 32},
				{"hour": 2, "usage": 13},
				{"hour": 3, "usage": 16},
				{"hour": 4, "usage": 8},
				{"hour": 5, "usage": 8},
				{"hour": 6, "usage": 7},
				{"hour": 7, "usage": 38},
				{"hour": 8, "usage": 12},
				{"hour": 9, "usage": 17},
				{"hour": 10, "usage": 4},
				{"hour": 11, "usage": 17},
				{"hour": 12, "usage": 18},
				{"hour": 13, "usage": 15},
				{"hour": 14, "usage": 17},
				{"hour": 15, "usage": 3},
				{"hour": 16, "usage": 11},
				{"hour": 17, "usage": 25},
				{"hour": 18, "usage": 52},
				{"hour": 19, "usage": 3}
			],
			"details": [
				{"appName": "좋은 카메라", "usage": [0, 1, 2, 3, 4, 5, 6, 7, 8, 9, 10, 11, 12, 13, 14, 15, 16, 17, 18, 19, 20, 21, 22, 23]},
				{"appName": "One UI 홈", "usage": [0, 1, 2, 3, 4, 5, 6, 7, 8, 9, 10, 11, 12, 13, 14, 15, 16, 17, 18, 19, 20, 21, 22, 23]},
				{"appName": "카카오톡", "usage": [1, 2, 3, 4, 5, 6, 7, 8, 9, 10, 11, 12, 13, 14, 15, 16, 17, 18, 19]},
				{"appName": "성경일독Q", "usage": [1, 2, 3, 4, 5, 6, 7, 8, 9, 10, 11, 12, 13, 14, 15, 16, 17, 18, 19]},
				{"appName": "넌얼마나쓰니", "usage": [0, 1, 2, 3, 4, 6, 7, 9, 10, 11, 12, 14, 15, 16, 17, 19, 20, 22]},
				{"appName": "삼성 인터넷", "usage": [2, 5, 6, 8, 9, 11, 12, 13, 15]},
				{"appName": "시계", "usage": [1, 2, 14, 15, 16, 17, 19]},
				{"appName": "Paco", "usage": [2, 3, 4, 5, 6, 8, 12]},
				{"appName": "Polar Beat", "usage": [2, 7, 8, 12, 14, 16]},
				{"appName": "네이버 카페", "usage": [2, 6, 8, 14, 18]},
				{"appName": "네이버 블로그", "usage": [2, 8, 9, 10, 14]},
				{"appName": "카메라", "usage": [3, 7, 16, 18]},
				{"appName": "성경", "usage": [5, 6, 17, 18]},
				{"appName": "설정", "usage": [2, 7, 8, 14]},
				{"appName": "네이버 웹툰", "usage": [11, 12, 14]},
				{"appName": "YouTube", "usage": [8, 9, 11]},
				{"appName": "CLASSUM", "usage": [5, 6, 10]},
				{"appName": "패키지 설치 프로그램", "usage": [2, 8]},
				{"appName": "토스", "usage": [4, 16]},
				{"appName": "카카오페이지", "usage": [9, 18]},
				{"appName": "접근성", "usage": [2, 8]},
				{"appName": "빅스비 보이스", "usage": [11, 13]},
				{"appName": "그래핑 계산기 Mathlab", "usage": [12, 13]},
				{"appName": "Logger", "usage": [2, 8]},
				{"appName": "Instagram", "usage": [8, 9]},
				{"appName": "티몬", "usage": [10]},
				{"appName": "음성 녹음", "usage": [14]},
				{"appName": "안드로이드 시스템", "usage": [7]},
				{"appName": "쏠캘린더", "usage": [7]},
				{"appName": "삼성 키보드", "usage": [17]},
				{"appName": "네이버 메일", "usage": [6]},
				{"appName": "갤러리", "usage": [12]},
				{"appName": "Y데이터박스", "usage": [5]},
				{"appName": "Google Play 스토어", "usage": [10]}
			]
		},
		"maxTime": {
			"usage": 51,
			"details": [
				{"appName": "성경", "usage": 18},
				{"appName": "카카오톡", "usage": 17},
				{"appName": "삼성 인터넷", "usage": 12},
				{"appName": "성경일독Q", "usage": 7},
				{"appName": "네이버 카페", "usage": 3},
				{"appName": "그래핑 계산기 Mathlab", "usage": 3},
				{"appName": "Instagram", "usage": 3},
				{"appName": "네이버 웹툰", "usage": 2},
				{"appName": "YouTube", "usage": 2},
				{"appName": "카카오페이지", "usage": 2},
				{"appName": "네이버 블로그", "usage": 0},
				{"appName": "갤러리", "usage": 0},
				{"appName": "토스", "usage": 0},
				{"appName": "시계", "usage": 0},
				{"appName": "음성 녹음", "usage": 0},
				{"appName": "Polar Beat", "usage": 0},
				{"appName": "CLASSUM", "usage": 0},
				{"appName": "One UI 홈", "usage": 0},
				{"appName": "카메라", "usage": 0},
				{"appName": "Paco", "usage": 0},
				{"appName": "Y데이터박스", "usage": 0},
				{"appName": "설정", "usage": 0},
				{"appName": "네이버 메일", "usage": 0},
				{"appName": "삼성 키보드", "usage": 0},
				{"appName": "접근성", "usage": 0},
				{"appName": "Logger", "usage": 0},
				{"appName": "빅스비 보이스", "usage": 0},
				{"appName": "안드로이드 시스템", "usage": 0},
				{"appName": "쏠캘린더", "usage": 0},
				{"appName": "패키지 설치 프로그램", "usage": 0},
				{"appName": "좋은 카메라", "usage": 0},
				{"appName": "넌얼마나쓰니", "usage": 0},
				{"appName": "티몬", "usage": 0},
				{"appName": "Google Play 스토어", "usage": 0}
			]
		},
		"avgTime": {
			"usage": 2,
			"details": [
				{"appName": "Instagram", "usage": 1},
				{"appName": "삼성 인터넷", "usage": 1},
				{"appName": "성경", "usage": 1},
				{"appName": "YouTube", "usage": 1},
				{"appName": "그래핑 계산기 Mathlab", "usage": 0},
				{"appName": "갤러리", "usage": 0},
				{"appName": "음성 녹음", "usage": 0},
				{"appName": "CLASSUM", "usage": 0},
				{"appName": "네이버 카페", "usage": 0},
				{"appName": "네이버 웹툰", "usage": 0},
				{"appName": "성경일독Q", "usage": 0},
				{"appName": "카카오페이지", "usage": 0},
				{"appName": "네이버 블로그", "usage": 0},
				{"appName": "카카오톡", "usage": 0},
				{"appName": "토스", "usage": 0},
				{"appName": "카메라", "usage": 0},
				{"appName": "네이버 메일", "usage": 0},
				{"appName": "Polar Beat", "usage": 0},
				{"appName": "시계", "usage": 0},
				{"appName": "Paco", "usage": 0},
				{"appName": "Y데이터박스", "usage": 0},
				{"appName": "설정", "usage": 0},
				{"appName": "One UI 홈", "usage": 0},
				{"appName": "접근성", "usage": 0},
				{"appName": "삼성 키보드", "usage": 0},
				{"appName": "빅스비 보이스", "usage": 0},
				{"appName": "안드로이드 시스템", "usage": 0},
				{"appName": "Logger", "usage": 0},
				{"appName": "쏠캘린더", "usage": 0},
				{"appName": "패키지 설치 프로그램", "usage": 0},
				{"appName": "좋은 카메라", "usage": 0},
				{"appName": "티몬", "usage": 0},
				{"appName": "넌얼마나쓰니", "usage": 0},
				{"appName": "Google Play 스토어", "usage": 0}
			]
		},
		"lastPickup": {"time": 51}
	},
	{
		"date": 5,
		"totalTime": {
			"usage": 276,
			"details": [
				{"appName": "삼성 인터넷", "usage": 66},
				{"appName": "카카오톡", "usage": 63},
				{"appName": "네이버 웹툰", "usage": 34},
				{"appName": "네이버 카페", "usage": 28},
				{"appName": "One UI 홈", "usage": 28},
				{"appName": "성경일독Q", "usage": 14},
				{"appName": "성경", "usage": 11},
				{"appName": "네이버 블로그", "usage": 4},
				{"appName": "Paco", "usage": 4},
				{"appName": "카카오페이지", "usage": 3},
				{"appName": "시계", "usage": 1},
				{"appName": "CLASSUM", "usage": 1},
				{"appName": "Google Play 스토어", "usage": 1},
				{"appName": "드라이브", "usage": 1},
				{"appName": "KLMS", "usage": 1},
				{"appName": "메시지", "usage": 0},
				{"appName": "통화", "usage": 0},
				{"appName": "토스", "usage": 0},
				{"appName": "BAND", "usage": 0},
				{"appName": "Y데이터박스", "usage": 0},
				{"appName": "좋은 카메라", "usage": 0},
				{"appName": "YouTube", "usage": 0},
				{"appName": "Polar Beat", "usage": 0},
				{"appName": "안드로이드 시스템", "usage": 0},
				{"appName": "Instagram", "usage": 0},
				{"appName": "네이버 메일", "usage": 0},
				{"appName": "설정", "usage": 0},
				{"appName": "접근성", "usage": 0},
				{"appName": "Logger", "usage": 0},
				{"appName": "삼성 캡처", "usage": 0},
				{"appName": "전화", "usage": 0},
				{"appName": "카메라", "usage": 0},
				{"appName": "패키지 설치 프로그램", "usage": 0},
				{"appName": "넌얼마나쓰니", "usage": 0},
				{"appName": "한국장학재단", "usage": 0},
				{"appName": "티몬", "usage": 0}
			]
		},
		"pickups": {"usage": 136},
		"downTime": {
			"usages": [
				{"hour": 0, "usage": 0},
				{"hour": 1, "usage": 7},
				{"hour": 2, "usage": 2},
				{"hour": 3, "usage": 48},
				{"hour": 4, "usage": 2},
				{"hour": 5, "usage": 8},
				{"hour": 6, "usage": 13},
				{"hour": 7, "usage": 30},
				{"hour": 8, "usage": 13},
				{"hour": 9, "usage": 35},
				{"hour": 10, "usage": 16},
				{"hour": 11, "usage": 13},
				{"hour": 12, "usage": 0},
				{"hour": 13, "usage": 8},
				{"hour": 14, "usage": 29},
				{"hour": 16, "usage": 2},
				{"hour": 18, "usage": 21},
				{"hour": 22, "usage": 20}
			],
			"details": [
				{"appName": "One UI 홈", "usage": [0, 1, 2, 3, 4, 5, 6, 7, 8, 9, 10, 11, 12, 13, 14, 15, 16, 17, 18, 19, 20, 21, 22, 23]},
				{"appName": "좋은 카메라", "usage": [0, 1, 2, 3, 5, 6, 7, 8, 9, 10, 11, 12, 13, 14, 15, 16, 17, 18, 19, 20, 21, 22, 23]},
				{"appName": "넌얼마나쓰니", "usage": [0, 1, 2, 4, 5, 7, 9, 10, 11, 12, 13, 14, 15, 16, 17, 18, 20, 22, 23]},
				{"appName": "성경일독Q", "usage": [0, 1, 2, 3, 4, 5, 6, 7, 8, 10, 11, 12, 13, 14, 16, 18, 22]},
				{"appName": "카카오톡", "usage": [1, 2, 3, 5, 6, 7, 8, 9, 10, 11, 13, 14, 18]},
				{"appName": "삼성 인터넷", "usage": [3, 4, 5, 6, 7, 8, 9, 10, 11, 13]},
				{"appName": "Paco", "usage": [2, 5, 6, 8, 9, 10, 11, 13, 14]},
				{"appName": "네이버 카페", "usage": [3, 8, 9, 10, 14, 18]},
				{"appName": "시계", "usage": [0, 1, 12, 13, 18]},
				{"appName": "네이버 블로그", "usage": [1, 4, 7, 16, 19]},
				{"appName": "Polar Beat", "usage": [5, 9, 10, 14]},
				{"appName": "CLASSUM", "usage": [8, 10, 11, 16]},
				{"appName": "네이버 웹툰", "usage": [3, 4, 14]},
				{"appName": "패키지 설치 프로그램", "usage": [6, 10]},
				{"appName": "카카오페이지", "usage": [3, 9]},
				{"appName": "안드로이드 시스템", "usage": [5, 6]},
				{"appName": "성경", "usage": [5, 14]},
				{"appName": "메시지", "usage": [6, 8]},
				{"appName": "KLMS", "usage": [6, 13]},
				{"appName": "Google Play 스토어", "usage": [7, 11]},
				{"appName": "한국장학재단", "usage": [5]},
				{"appName": "티몬", "usage": [11]},
				{"appName": "통화", "usage": [4]},
				{"appName": "토스", "usage": [6]},
				{"appName": "카메라", "usage": [11]},
				{"appName": "접근성", "usage": [10]},
				{"appName": "전화", "usage": [10]},
				{"appName": "설정", "usage": [10]},
				{"appName": "삼성 캡처", "usage": [2]},
				{"appName": "드라이브", "usage": [13]},
				{"appName": "네이버 메일", "usage": [4]},
				{"appName": "Y데이터박스", "usage": [8]},
				{"appName": "YouTube", "usage": [10]},
				{"appName": "Logger", "usage": [10]},
				{"appName": "Instagram", "usage": [6]},
				{"appName": "BAND", "usage": [10]}
			]
		},
		"maxTime": {
			"usage": 36,
			"details": [
				{"appName": "One UI 홈", "usage": 20},
				{"appName": "삼성 인터넷", "usage": 19},
				{"appName": "카카오톡", "usage": 16},
				{"appName": "성경", "usage": 9},
				{"appName": "네이버 카페", "usage": 4},
				{"appName": "성경일독Q", "usage": 3},
				{"appName": "네이버 웹툰", "usage": 3},
				{"appName": "카카오페이지", "usage": 2},
				{"appName": "네이버 블로그", "usage": 1},
				{"appName": "Paco", "usage": 1},
				{"appName": "Google Play 스토어", "usage": 1},
				{"appName": "드라이브", "usage": 1},
				{"appName": "메시지", "usage": 0},
				{"appName": "CLASSUM", "usage": 0},
				{"appName": "통화", "usage": 0},
				{"appName": "토스", "usage": 0},
				{"appName": "YouTube", "usage": 0},
				{"appName": "KLMS", "usage": 0},
				{"appName": "시계", "usage": 0},
				{"appName": "BAND", "usage": 0},
				{"appName": "Instagram", "usage": 0},
				{"appName": "Y데이터박스", "usage": 0},
				{"appName": "네이버 메일", "usage": 0},
				{"appName": "좋은 카메라", "usage": 0},
				{"appName": "안드로이드 시스템", "usage": 0},
				{"appName": "Polar Beat", "usage": 0},
				{"appName": "설정", "usage": 0},
				{"appName": "접근성", "usage": 0},
				{"appName": "삼성 캡처", "usage": 0},
				{"appName": "전화", "usage": 0},
				{"appName": "Logger", "usage": 0},
				{"appName": "카메라", "usage": 0},
				{"appName": "패키지 설치 프로그램", "usage": 0},
				{"appName": "넌얼마나쓰니", "usage": 0},
				{"appName": "한국장학재단", "usage": 0},
				{"appName": "티몬", "usage": 0}
			]
		},
		"avgTime": {
			"usage": 2,
			"details": [
				{"appName": "삼성 인터넷", "usage": 2},
				{"appName": "드라이브", "usage": 1},
				{"appName": "성경", "usage": 1},
				{"appName": "Google Play 스토어", "usage": 0},
				{"appName": "CLASSUM", "usage": 0},
				{"appName": "메시지", "usage": 0},
				{"appName": "네이버 웹툰", "usage": 0},
				{"appName": "네이버 카페", "usage": 0},
				{"appName": "카카오페이지", "usage": 0},
				{"appName": "통화", "usage": 0},
				{"appName": "Instagram", "usage": 0},
				{"appName": "네이버 블로그", "usage": 0},
				{"appName": "YouTube", "usage": 0},
				{"appName": "토스", "usage": 0},
				{"appName": "BAND", "usage": 0},
				{"appName": "KLMS", "usage": 0},
				{"appName": "네이버 메일", "usage": 0},
				{"appName": "Paco", "usage": 0},
				{"appName": "카카오톡", "usage": 0},
				{"appName": "One UI 홈", "usage": 0},
				{"appName": "안드로이드 시스템", "usage": 0},
				{"appName": "시계", "usage": 0},
				{"appName": "Y데이터박스", "usage": 0},
				{"appName": "성경일독Q", "usage": 0},
				{"appName": "Polar Beat", "usage": 0},
				{"appName": "삼성 캡처", "usage": 0},
				{"appName": "전화", "usage": 0},
				{"appName": "설정", "usage": 0},
				{"appName": "카메라", "usage": 0},
				{"appName": "접근성", "usage": 0},
				{"appName": "좋은 카메라", "usage": 0},
				{"appName": "Logger", "usage": 0},
				{"appName": "패키지 설치 프로그램", "usage": 0},
				{"appName": "한국장학재단", "usage": 0},
				{"appName": "넌얼마나쓰니", "usage": 0},
				{"appName": "티몬", "usage": 0}
			]
		},
		"lastPickup": {"time": 20}
	},
	{
		"date": 6,
		"totalTime": {
			"usage": 354,
			"details": [
				{"appName": "삼성 인터넷", "usage": 104},
				{"appName": "카카오톡", "usage": 88},
				{"appName": "성경일독Q", "usage": 34},
				{"appName": "통화", "usage": 19},
				{"appName": "One UI 홈", "usage": 13},
				{"appName": "성경", "usage": 12},
				{"appName": "네이버 카페", "usage": 11},
				{"appName": "어스", "usage": 11},
				{"appName": "메시지", "usage": 11},
				{"appName": "카카오페이지", "usage": 7},
				{"appName": "Facebook", "usage": 7},
				{"appName": "Google Play 스토어", "usage": 4},
				{"appName": "Instagram", "usage": 4},
				{"appName": "토스", "usage": 3},
				{"appName": "네이버 블로그", "usage": 3},
				{"appName": "네이버 웹툰", "usage": 2},
				{"appName": "시계", "usage": 2},
				{"appName": "지도", "usage": 1},
				{"appName": "Paco", "usage": 1},
				{"appName": "Polar Beat", "usage": 1},
				{"appName": "넌얼마나쓰니", "usage": 0},
				{"appName": "네이버 메일", "usage": 0},
				{"appName": "쏠캘린더", "usage": 0},
				{"appName": "전화", "usage": 0},
				{"appName": "CLiP", "usage": 0},
				{"appName": "카메라", "usage": 0},
				{"appName": "CLASSUM", "usage": 0},
				{"appName": "알라딘", "usage": 0},
				{"appName": "설정", "usage": 0},
				{"appName": "패키지 설치 프로그램", "usage": 0},
				{"appName": "Logger", "usage": 0},
				{"appName": "접근성", "usage": 0},
				{"appName": "삼성 캡처", "usage": 0},
				{"appName": "Microsoft Health", "usage": 0},
				{"appName": "좋은 카메라", "usage": 0},
				{"appName": "갤러리", "usage": 0},
				{"appName": "티몬", "usage": 0}
			]
		},
		"pickups": {"usage": 156},
		"downTime": {
			"usages": [
				{"hour": 0, "usage": 14},
				{"hour": 1, "usage": 10},
				{"hour": 2, "usage": 13},
				{"hour": 3, "usage": 30},
				{"hour": 4, "usage": 41},
				{"hour": 5, "usage": 36},
				{"hour": 6, "usage": 47},
				{"hour": 7, "usage": 10},
				{"hour": 8, "usage": 18},
				{"hour": 9, "usage": 5},
				{"hour": 10, "usage": 8},
				{"hour": 11, "usage": 21},
				{"hour": 12, "usage": 13},
				{"hour": 13, "usage": 5},
				{"hour": 14, "usage": 12},
				{"hour": 15, "usage": 9},
				{"hour": 16, "usage": 0},
				{"hour": 17, "usage": 45},
				{"hour": 18, "usage": 5}
			],
			"details": [
				{"appName": "좋은 카메라", "usage": [0, 1, 2, 3, 4, 5, 6, 7, 8, 9, 10, 11, 12, 13, 14, 15, 16, 17, 18, 19, 20, 21, 22, 23]},
				{"appName": "One UI 홈", "usage": [0, 1, 2, 3, 4, 5, 6, 7, 8, 9, 10, 11, 12, 13, 14, 15, 16, 17, 18, 19, 20, 21, 22, 23]},
				{"appName": "성경일독Q", "usage": [0, 1, 2, 3, 4, 5, 6, 7, 8, 9, 10, 11, 13, 14, 15, 16, 17, 18, 19]},
				{"appName": "카카오톡", "usage": [1, 2, 3, 4, 5, 6, 7, 8, 9, 10, 11, 12, 13, 14, 15, 16, 17, 18]},
				{"appName": "넌얼마나쓰니", "usage": [0, 1, 2, 3, 4, 6, 8, 9, 10, 12, 14, 15, 16, 19, 21, 23]},
				{"appName": "삼성 인터넷", "usage": [1, 2, 3, 4, 5, 6, 7, 9, 10, 11]},
				{"appName": "통화", "usage": [5, 6, 9, 11, 12, 13]},
				{"appName": "네이버 카페", "usage": [1, 3, 4, 7, 10, 11]},
				{"appName": "Paco", "usage": [1, 2, 3, 9, 10, 12]},
				{"appName": "전화", "usage": [4, 5, 9, 11, 12]},
				{"appName": "Polar Beat", "usage": [1, 3, 4, 5, 10]},
				{"appName": "성경", "usage": [7, 11, 17, 18]},
				{"appName": "Google Play 스토어", "usage": [2, 4, 10, 12]},
				{"appName": "Facebook", "usage": [4, 10, 11, 14]},
				{"appName": "토스", "usage": [4, 8, 11]},
				{"appName": "카메라", "usage": [8, 9, 14]},
				{"appName": "패키지 설치 프로그램", "usage": [1, 2]},
				{"appName": "카카오페이지", "usage": [9, 15]},
				{"appName": "지도", "usage": [2, 4]},
				{"appName": "쏠캘린더", "usage": [1, 3]},
				{"appName": "시계", "usage": [0, 18]},
				{"appName": "메시지", "usage": [5, 10]},
				{"appName": "네이버 웹툰", "usage": [4, 15]},
				{"appName": "네이버 블로그", "usage": [7, 11]},
				{"appName": "네이버 메일", "usage": [2, 12]},
				{"appName": "CLASSUM", "usage": [8, 15]},
				{"appName": "티몬", "usage": [12]},
				{"appName": "접근성", "usage": [1]},
				{"appName": "어스", "usage": [4]},
				{"appName": "알라딘", "usage": [1]},
				{"appName": "설정", "usage": [1]},
				{"appName": "삼성 캡처", "usage": [10]},
				{"appName": "갤러리", "usage": [8]},
				{"appName": "Microsoft Health", "usage": [1]},
				{"appName": "Logger", "usage": [1]},
				{"appName": "Instagram", "usage": [11]},
				{"appName": "CLiP", "usage": [2]}
			]
		},
		"maxTime": {
			"usage": 54,
			"details": [
				{"appName": "카카오톡", "usage": 33},
				{"appName": "삼성 인터넷", "usage": 23},
				{"appName": "통화", "usage": 10},
				{"appName": "성경일독Q", "usage": 10},
				{"appName": "어스", "usage": 9},
				{"appName": "성경", "usage": 8},
				{"appName": "메시지", "usage": 7},
				{"appName": "Instagram", "usage": 4},
				{"appName": "카카오페이지", "usage": 4},
				{"appName": "Facebook", "usage": 2},
				{"appName": "네이버 블로그", "usage": 2},
				{"appName": "네이버 카페", "usage": 2},
				{"appName": "지도", "usage": 1},
				{"appName": "One UI 홈", "usage": 0},
				{"appName": "토스", "usage": 0},
				{"appName": "네이버 웹툰", "usage": 0},
				{"appName": "Google Play 스토어", "usage": 0},
				{"appName": "Polar Beat", "usage": 0},
				{"appName": "시계", "usage": 0},
				{"appName": "쏠캘린더", "usage": 0},
				{"appName": "네이버 메일", "usage": 0},
				{"appName": "넌얼마나쓰니", "usage": 0},
				{"appName": "Paco", "usage": 0},
				{"appName": "CLASSUM", "usage": 0},
				{"appName": "전화", "usage": 0},
				{"appName": "카메라", "usage": 0},
				{"appName": "CLiP", "usage": 0},
				{"appName": "알라딘", "usage": 0},
				{"appName": "설정", "usage": 0},
				{"appName": "패키지 설치 프로그램", "usage": 0},
				{"appName": "삼성 캡처", "usage": 0},
				{"appName": "접근성", "usage": 0},
				{"appName": "Microsoft Health", "usage": 0},
				{"appName": "Logger", "usage": 0},
				{"appName": "갤러리", "usage": 0},
				{"appName": "좋은 카메라", "usage": 0},
				{"appName": "티몬", "usage": 0}
			]
		},
		"avgTime": {
			"usage": 2,
			"details": [
				{"appName": "어스", "usage": 5},
				{"appName": "Instagram", "usage": 4},
				{"appName": "삼성 인터넷", "usage": 3},
				{"appName": "메시지", "usage": 2},
				{"appName": "네이버 블로그", "usage": 0},
				{"appName": "성경", "usage": 0},
				{"appName": "통화", "usage": 0},
				{"appName": "카카오페이지", "usage": 0},
				{"appName": "Facebook", "usage": 0},
				{"appName": "지도", "usage": 0},
				{"appName": "네이버 메일", "usage": 0},
				{"appName": "네이버 카페", "usage": 0},
				{"appName": "카카오톡", "usage": 0},
				{"appName": "성경일독Q", "usage": 0},
				{"appName": "토스", "usage": 0},
				{"appName": "네이버 웹툰", "usage": 0},
				{"appName": "Polar Beat", "usage": 0},
				{"appName": "알라딘", "usage": 0},
				{"appName": "CLASSUM", "usage": 0},
				{"appName": "쏠캘린더", "usage": 0},
				{"appName": "시계", "usage": 0},
				{"appName": "Google Play 스토어", "usage": 0},
				{"appName": "Paco", "usage": 0},
				{"appName": "카메라", "usage": 0},
				{"appName": "CLiP", "usage": 0},
				{"appName": "One UI 홈", "usage": 0},
				{"appName": "전화", "usage": 0},
				{"appName": "삼성 캡처", "usage": 0},
				{"appName": "패키지 설치 프로그램", "usage": 0},
				{"appName": "설정", "usage": 0},
				{"appName": "Microsoft Health", "usage": 0},
				{"appName": "넌얼마나쓰니", "usage": 0},
				{"appName": "갤러리", "usage": 0},
				{"appName": "접근성", "usage": 0},
				{"appName": "Logger", "usage": 0},
				{"appName": "좋은 카메라", "usage": 0},
				{"appName": "티몬", "usage": 0}
			]
		},
		"lastPickup": {"time": 51}
	},
	{
		"date": 7,
		"totalTime": {
			"usage": 420,
			"details": [
				{"appName": "카카오톡", "usage": 115},
				{"appName": "삼성 인터넷", "usage": 78},
				{"appName": "드라이브", "usage": 52},
				{"appName": "성경일독Q", "usage": 26},
				{"appName": "네이버 웹툰", "usage": 22},
				{"appName": "성경", "usage": 18},
				{"appName": "One UI 홈", "usage": 13},
				{"appName": "YouTube", "usage": 13},
				{"appName": "네이버 카페", "usage": 12},
				{"appName": "카카오페이지", "usage": 10},
				{"appName": "카카오맵", "usage": 9},
				{"appName": "Facebook", "usage": 6},
				{"appName": "CLASSUM", "usage": 6},
				{"appName": "Google Play 스토어", "usage": 5},
				{"appName": "네이버 블로그", "usage": 4},
				{"appName": "쏠캘린더", "usage": 2},
				{"appName": "Paco", "usage": 1},
				{"appName": "KLMS", "usage": 1},
				{"appName": "시계", "usage": 0},
				{"appName": "카메라", "usage": 0},
				{"appName": "메시지", "usage": 0},
				{"appName": "네이버 메일", "usage": 0},
				{"appName": "안드로이드 시스템", "usage": 0},
				{"appName": "비디오 플레이어", "usage": 0},
				{"appName": "", "usage": 0},
				{"appName": "넌얼마나쓰니", "usage": 0},
				{"appName": "캘린더", "usage": 0},
				{"appName": "패키지 설치 프로그램", "usage": 0},
				{"appName": "시스템 UI", "usage": 0},
				{"appName": "KAIST Portal", "usage": 0},
				{"appName": "좋은 카메라", "usage": 0},
				{"appName": "한국장학재단", "usage": 0},
				{"appName": "원스토어", "usage": 0},
				{"appName": "티몬", "usage": 0},
				{"appName": "설정", "usage": 0}
			]
		},
		"pickups": {"usage": 148},
		"downTime": {
			"usages": [
				{"hour": 0, "usage": 2},
				{"hour": 1, "usage": 8},
				{"hour": 2, "usage": 6},
				{"hour": 3, "usage": 30},
				{"hour": 4, "usage": 11},
				{"hour": 5, "usage": 31},
				{"hour": 6, "usage": 16},
				{"hour": 7, "usage": 17},
				{"hour": 8, "usage": 7},
				{"hour": 9, "usage": 17},
				{"hour": 10, "usage": 24},
				{"hour": 11, "usage": 22},
				{"hour": 12, "usage": 17},
				{"hour": 13, "usage": 29},
				{"hour": 14, "usage": 46},
				{"hour": 15, "usage": 50},
				{"hour": 16, "usage": 10},
				{"hour": 17, "usage": 60},
				{"hour": 18, "usage": 9},
				{"hour": 23, "usage": 0}
			],
			"details": [
				{"appName": "좋은 카메라", "usage": [0, 1, 2, 3, 4, 5, 6, 7, 8, 9, 10, 11, 12, 13, 14, 15, 16, 17, 18, 19, 20, 21, 22, 23]},
				{"appName": "One UI 홈", "usage": [0, 1, 2, 3, 4, 5, 6, 7, 8, 9, 10, 11, 12, 13, 14, 15, 16, 17, 18, 19, 20, 21, 22, 23]},
				{"appName": "성경일독Q", "usage": [0, 1, 2, 3, 4, 5, 6, 7, 8, 9, 10, 11, 12, 13, 14, 15, 16, 18, 23]},
				{"appName": "카카오톡", "usage": [0, 1, 2, 3, 4, 5, 6, 7, 8, 9, 10, 11, 12, 13, 14, 15, 16, 17]},
				{"appName": "넌얼마나쓰니", "usage": [0, 1, 2, 6, 7, 9, 10, 11, 14, 18, 19, 20, 21, 22, 23]},
				{"appName": "삼성 인터넷", "usage": [2, 3, 4, 5, 6, 7, 9, 10, 12, 13, 15, 16, 17]},
				{"appName": "네이버 카페", "usage": [1, 7, 10, 11, 12, 16]},
				{"appName": "Paco", "usage": [4, 5, 6, 9, 11, 12]},
				{"appName": "카카오페이지", "usage": [3, 5, 15, 16]},
				{"appName": "카메라", "usage": [0, 5, 7, 10]},
				{"appName": "성경", "usage": [5, 12, 17, 18]},
				{"appName": "네이버 블로그", "usage": [3, 12, 13, 16]},
				{"appName": "Google Play 스토어", "usage": [3, 4, 11, 15]},
				{"appName": "CLASSUM", "usage": [1, 9, 13, 14]},
				{"appName": "안드로이드 시스템", "usage": [5, 6, 15]},
				{"appName": "쏠캘린더", "usage": [3, 9, 12]},
				{"appName": "시계", "usage": [0, 1, 18]},
				{"appName": "메시지", "usage": [9, 12, 15]},
				{"appName": "드라이브", "usage": [13, 14, 15]},
				{"appName": "KLMS", "usage": [7, 13, 14]},
				{"appName": "패키지 설치 프로그램", "usage": [15, 16]},
				{"appName": "비디오 플레이어", "usage": [7, 14]},
				{"appName": "네이버 웹툰", "usage": [3, 15]},
				{"appName": "YouTube", "usage": [4, 5]},
				{"appName": "한국장학재단", "usage": [5]},
				{"appName": "티몬", "usage": [11]},
				{"appName": "캘린더", "usage": [3]},
				{"appName": "카카오맵", "usage": [11]},
				{"appName": "원스토어", "usage": [8]},
				{"appName": "시스템 UI", "usage": [4]},
				{"appName": "설정", "usage": [10]},
				{"appName": "네이버 메일", "usage": [2]},
				{"appName": "KAIST Portal", "usage": [0]},
				{"appName": "Facebook", "usage": [11]},
				{"appName": "", "usage": [15]}
			]
		},
		"maxTime": {
			"usage": 74,
			"details": [
				{"appName": "카카오톡", "usage": 30},
				{"appName": "드라이브", "usage": 18},
				{"appName": "삼성 인터넷", "usage": 13},
				{"appName": "성경", "usage": 13},
				{"appName": "성경일독Q", "usage": 10},
				{"appName": "카카오맵", "usage": 9},
				{"appName": "YouTube", "usage": 6},
				{"appName": "카카오페이지", "usage": 4},
				{"appName": "Facebook", "usage": 3},
				{"appName": "CLASSUM", "usage": 3},
				{"appName": "Google Play 스토어", "usage": 2},
				{"appName": "네이버 블로그", "usage": 2},
				{"appName": "네이버 웹툰", "usage": 2},
				{"appName": "네이버 카페", "usage": 1},
				{"appName": "One UI 홈", "usage": 1},
				{"appName": "쏠캘린더", "usage": 0},
				{"appName": "KLMS", "usage": 0},
				{"appName": "카메라", "usage": 0},
				{"appName": "Paco", "usage": 0},
				{"appName": "메시지", "usage": 0},
				{"appName": "비디오 플레이어", "usage": 0},
				{"appName": "네이버 메일", "usage": 0},
				{"appName": "시계", "usage": 0},
				{"appName": "", "usage": 0},
				{"appName": "넌얼마나쓰니", "usage": 0},
				{"appName": "캘린더", "usage": 0},
				{"appName": "안드로이드 시스템", "usage": 0},
				{"appName": "시스템 UI", "usage": 0},
				{"appName": "패키지 설치 프로그램", "usage": 0},
				{"appName": "KAIST Portal", "usage": 0},
				{"appName": "좋은 카메라", "usage": 0},
				{"appName": "한국장학재단", "usage": 0},
				{"appName": "원스토어", "usage": 0},
				{"appName": "티몬", "usage": 0},
				{"appName": "설정", "usage": 0}
			]
		},
		"avgTime": {
			"usage": 2,
			"details": [
				{"appName": "카카오맵", "usage": 4},
				{"appName": "드라이브", "usage": 2},
				{"appName": "삼성 인터넷", "usage": 1},
				{"appName": "YouTube", "usage": 1},
				{"appName": "성경", "usage": 1},
				{"appName": "CLASSUM", "usage": 1},
				{"appName": "Facebook", "usage": 0},
				{"appName": "Google Play 스토어", "usage": 0},
				{"appName": "네이버 웹툰", "usage": 0},
				{"appName": "카카오페이지", "usage": 0},
				{"appName": "네이버 블로그", "usage": 0},
				{"appName": "네이버 카페", "usage": 0},
				{"appName": "비디오 플레이어", "usage": 0},
				{"appName": "쏠캘린더", "usage": 0},
				{"appName": "카카오톡", "usage": 0},
				{"appName": "네이버 메일", "usage": 0},
				{"appName": "메시지", "usage": 0},
				{"appName": "성경일독Q", "usage": 0},
				{"appName": "카메라", "usage": 0},
				{"appName": "안드로이드 시스템", "usage": 0},
				{"appName": "KLMS", "usage": 0},
				{"appName": "Paco", "usage": 0},
				{"appName": "", "usage": 0},
				{"appName": "시계", "usage": 0},
				{"appName": "캘린더", "usage": 0},
				{"appName": "One UI 홈", "usage": 0},
				{"appName": "시스템 UI", "usage": 0},
				{"appName": "패키지 설치 프로그램", "usage": 0},
				{"appName": "KAIST Portal", "usage": 0},
				{"appName": "넌얼마나쓰니", "usage": 0},
				{"appName": "한국장학재단", "usage": 0},
				{"appName": "좋은 카메라", "usage": 0},
				{"appName": "원스토어", "usage": 0},
				{"appName": "티몬", "usage": 0},
				{"appName": "설정", "usage": 0}
			]
		},
		"lastPickup": {"time": 0}
	}
]
