[
	{
		"date": 1,
		"totalTime": {
			"usage": 489,
			"details": [
				{"appName": "피망 뉴맞고", "usage": 112},
				{"appName": "YouTube", "usage": 102},
				{"appName": "Chrome", "usage": 62},
				{"appName": "카카오톡", "usage": 52},
				{"appName": "Samsung Experience 홈", "usage": 28},
				{"appName": "메시지", "usage": 25},
				{"appName": "T전화", "usage": 16},
				{"appName": "카카오맵", "usage": 10},
				{"appName": "쏘카", "usage": 9},
				{"appName": "시외버스 모바일", "usage": 8},
				{"appName": "Paco", "usage": 7},
				{"appName": "똑똑가계부", "usage": 7},
				{"appName": "Polar Beat", "usage": 5},
				{"appName": "캘린더", "usage": 5},
				{"appName": "알파카", "usage": 3},
				{"appName": "지하철종결자", "usage": 3},
				{"appName": "Adobe Acrobat", "usage": 3},
				{"appName": "드라이브", "usage": 3},
				{"appName": "한컴오피스 viewer", "usage": 2},
				{"appName": "나무위키뷰어", "usage": 2},
				{"appName": "설정", "usage": 1},
				{"appName": "카메라", "usage": 1},
				{"appName": "One UI 홈", "usage": 0},
				{"appName": "시계", "usage": 0},
				{"appName": "Logger", "usage": 0},
				{"appName": "T world", "usage": 0},
				{"appName": "카카오버스", "usage": 0},
				{"appName": "원터치알림", "usage": 0},
				{"appName": "갤러리", "usage": 0},
				{"appName": "알집", "usage": 0},
				{"appName": "Samsung Notes", "usage": 0},
				{"appName": "접근성", "usage": 0},
				{"appName": "토스", "usage": 0},
				{"appName": "Microsoft Health", "usage": 0},
				{"appName": "안드로이드 시스템", "usage": 0},
				{"appName": "ABC Logger", "usage": 0},
				{"appName": "패키지 설치 프로그램", "usage": 0},
				{"appName": "파일", "usage": 0},
				{"appName": "Google", "usage": 0},
				{"appName": "Samsung Health", "usage": 0},
				{"appName": "Google Play 서비스", "usage": 0},
				{"appName": "바비톡", "usage": 0},
				{"appName": "Google Play 스토어", "usage": 0},
				{"appName": "Dropsync", "usage": 0}
			]
		},
		"pickups": {"usage": 150},
		"downTime": {
			"usages": [
				{"hour": 0, "usage": 26},
				{"hour": 1, "usage": 44},
				{"hour": 2, "usage": 58},
				{"hour": 3, "usage": 46},
				{"hour": 4, "usage": 35},
				{"hour": 5, "usage": 27},
				{"hour": 6, "usage": 21},
				{"hour": 7, "usage": 10},
				{"hour": 9, "usage": 28},
				{"hour": 10, "usage": 50},
				{"hour": 11, "usage": 12},
				{"hour": 12, "usage": 8},
				{"hour": 13, "usage": 17},
				{"hour": 14, "usage": 16},
				{"hour": 15, "usage": 44},
				{"hour": 21, "usage": 0},
				{"hour": 22, "usage": 17},
				{"hour": 23, "usage": 22}
			],
			"details": [
				{"appName": "Chrome", "usage": [0, 1, 2, 3, 4, 5, 6, 7, 9, 10, 11, 12, 13, 14, 15, 23]},
				{"appName": "Samsung Experience 홈", "usage": [0, 1, 2, 3, 4, 5, 6, 7, 9, 10, 11, 12, 13, 14, 15]},
				{"appName": "카카오톡", "usage": [0, 1, 2, 3, 5, 6, 7, 9, 10, 11, 12, 13, 14, 15]},
				{"appName": "메시지", "usage": [1, 2, 3, 4, 5, 7, 9, 10, 11, 12, 14, 23]},
				{"appName": "Paco", "usage": [1, 2, 3, 4, 5, 6, 7, 9, 10, 11, 12, 13]},
				{"appName": "똑똑가계부", "usage": [0, 1, 2, 4, 5, 7, 9, 10, 11]},
				{"appName": "YouTube", "usage": [0, 2, 3, 13, 14, 15, 21, 22, 23]},
				{"appName": "피망 뉴맞고", "usage": [2, 3, 4, 5, 6, 9, 10, 13]},
				{"appName": "캘린더", "usage": [0, 1, 3, 5, 6, 10, 14, 23]},
				{"appName": "Polar Beat", "usage": [0, 1, 3, 6, 9, 13, 23]},
				{"appName": "설정", "usage": [0, 9, 10, 12, 13, 23]},
				{"appName": "T전화", "usage": [3, 4, 6, 9, 10, 12]},
				{"appName": "카메라", "usage": [0, 1, 6, 11]},
				{"appName": "원터치알림", "usage": [2, 5, 7, 10]},
				{"appName": "알파카", "usage": [3, 5, 6, 7]},
				{"appName": "패키지 설치 프로그램", "usage": [0, 2, 13]},
				{"appName": "지하철종결자", "usage": [9, 10, 23]},
				{"appName": "접근성", "usage": [0, 13, 23]},
				{"appName": "안드로이드 시스템", "usage": [0, 10, 11]},
				{"appName": "시계", "usage": [14, 21, 22]},
				{"appName": "드라이브", "usage": [0, 1, 13]},
				{"appName": "Adobe Acrobat", "usage": [0, 1, 2]},
				{"appName": "한컴오피스 viewer", "usage": [0, 7]},
				{"appName": "시외버스 모바일", "usage": [2, 7]},
				{"appName": "갤러리", "usage": [5, 6]},
				{"appName": "T world", "usage": [9, 12]},
				{"appName": "Logger", "usage": [0, 13]},
				{"appName": "파일", "usage": [11]},
				{"appName": "토스", "usage": [5]},
				{"appName": "카카오버스", "usage": [23]},
				{"appName": "카카오맵", "usage": [23]},
				{"appName": "알집", "usage": [0]},
				{"appName": "쏘카", "usage": [6]},
				{"appName": "바비톡", "usage": [1]},
				{"appName": "나무위키뷰어", "usage": [23]},
				{"appName": "Samsung Notes", "usage": [3]},
				{"appName": "Samsung Health", "usage": [1]},
				{"appName": "One UI 홈", "usage": [23]},
				{"appName": "Microsoft Health", "usage": [13]},
				{"appName": "Google Play 스토어", "usage": [7]},
				{"appName": "Google Play 서비스", "usage": [1]},
				{"appName": "Google", "usage": [13]},
				{"appName": "Dropsync", "usage": [0]},
				{"appName": "ABC Logger", "usage": [13]}
			]
		},
		"maxTime": {
			"usage": 51,
			"details": [
				{"appName": "피망 뉴맞고", "usage": 28},
				{"appName": "YouTube", "usage": 22},
				{"appName": "메시지", "usage": 8},
				{"appName": "카카오맵", "usage": 7},
				{"appName": "T전화", "usage": 6},
				{"appName": "시외버스 모바일", "usage": 6},
				{"appName": "Chrome", "usage": 5},
				{"appName": "카카오톡", "usage": 3},
				{"appName": "Paco", "usage": 2},
				{"appName": "지하철종결자", "usage": 2},
				{"appName": "쏘카", "usage": 2},
				{"appName": "나무위키뷰어", "usage": 2},
				{"appName": "Samsung Experience 홈", "usage": 1},
				{"appName": "똑똑가계부", "usage": 1},
				{"appName": "Adobe Acrobat", "usage": 1},
				{"appName": "Polar Beat", "usage": 1},
				{"appName": "한컴오피스 viewer", "usage": 1},
				{"appName": "알파카", "usage": 1},
				{"appName": "캘린더", "usage": 1},
				{"appName": "드라이브", "usage": 1},
				{"appName": "Logger", "usage": 0},
				{"appName": "카메라", "usage": 0},
				{"appName": "시계", "usage": 0},
				{"appName": "설정", "usage": 0},
				{"appName": "T world", "usage": 0},
				{"appName": "갤러리", "usage": 0},
				{"appName": "토스", "usage": 0},
				{"appName": "알집", "usage": 0},
				{"appName": "One UI 홈", "usage": 0},
				{"appName": "카카오버스", "usage": 0},
				{"appName": "Samsung Notes", "usage": 0},
				{"appName": "접근성", "usage": 0},
				{"appName": "Microsoft Health", "usage": 0},
				{"appName": "원터치알림", "usage": 0},
				{"appName": "ABC Logger", "usage": 0},
				{"appName": "안드로이드 시스템", "usage": 0},
				{"appName": "파일", "usage": 0},
				{"appName": "Google", "usage": 0},
				{"appName": "Samsung Health", "usage": 0},
				{"appName": "Google Play 서비스", "usage": 0},
				{"appName": "바비톡", "usage": 0},
				{"appName": "Google Play 스토어", "usage": 0},
				{"appName": "패키지 설치 프로그램", "usage": 0},
				{"appName": "Dropsync", "usage": 0}
			]
		},
		"avgTime": {
			"usage": 3,
			"details": [
				{"appName": "피망 뉴맞고", "usage": 14},
				{"appName": "YouTube", "usage": 3},
				{"appName": "나무위키뷰어", "usage": 2},
				{"appName": "카카오맵", "usage": 1},
				{"appName": "T전화", "usage": 0},
				{"appName": "Chrome", "usage": 0},
				{"appName": "메시지", "usage": 0},
				{"appName": "쏘카", "usage": 0},
				{"appName": "똑똑가계부", "usage": 0},
				{"appName": "지하철종결자", "usage": 0},
				{"appName": "드라이브", "usage": 0},
				{"appName": "시외버스 모바일", "usage": 0},
				{"appName": "Adobe Acrobat", "usage": 0},
				{"appName": "한컴오피스 viewer", "usage": 0},
				{"appName": "Paco", "usage": 0},
				{"appName": "알파카", "usage": 0},
				{"appName": "Polar Beat", "usage": 0},
				{"appName": "캘린더", "usage": 0},
				{"appName": "갤러리", "usage": 0},
				{"appName": "카카오톡", "usage": 0},
				{"appName": "카메라", "usage": 0},
				{"appName": "T world", "usage": 0},
				{"appName": "토스", "usage": 0},
				{"appName": "시계", "usage": 0},
				{"appName": "Logger", "usage": 0},
				{"appName": "알집", "usage": 0},
				{"appName": "Samsung Experience 홈", "usage": 0},
				{"appName": "Microsoft Health", "usage": 0},
				{"appName": "카카오버스", "usage": 0},
				{"appName": "Samsung Notes", "usage": 0},
				{"appName": "설정", "usage": 0},
				{"appName": "One UI 홈", "usage": 0},
				{"appName": "접근성", "usage": 0},
				{"appName": "원터치알림", "usage": 0},
				{"appName": "ABC Logger", "usage": 0},
				{"appName": "Google", "usage": 0},
				{"appName": "안드로이드 시스템", "usage": 0},
				{"appName": "Samsung Health", "usage": 0},
				{"appName": "파일", "usage": 0},
				{"appName": "Google Play 서비스", "usage": 0},
				{"appName": "바비톡", "usage": 0},
				{"appName": "Google Play 스토어", "usage": 0},
				{"appName": "패키지 설치 프로그램", "usage": 0},
				{"appName": "Dropsync", "usage": 0}
			]
		},
		"lastPickup": {"time": 1}
	},
	{
		"date": 2,
		"totalTime": {
			"usage": 515,
			"details": [
				{"appName": "Chrome", "usage": 135},
				{"appName": "YouTube", "usage": 124},
				{"appName": "한컴오피스 viewer", "usage": 60},
				{"appName": "카카오톡", "usage": 55},
				{"appName": "피망 뉴맞고", "usage": 49},
				{"appName": "T전화", "usage": 29},
				{"appName": "One UI 홈", "usage": 14},
				{"appName": "나무위키뷰어", "usage": 8},
				{"appName": "PowerPoint", "usage": 6},
				{"appName": "똑똑가계부", "usage": 5},
				{"appName": "Paco", "usage": 4},
				{"appName": "메시지", "usage": 4},
				{"appName": "지하철종결자", "usage": 2},
				{"appName": "Excel", "usage": 1},
				{"appName": "토스", "usage": 1},
				{"appName": "카카오맵", "usage": 1},
				{"appName": "캘린더", "usage": 1},
				{"appName": "Word", "usage": 1},
				{"appName": "카메라", "usage": 0},
				{"appName": "카카오버스", "usage": 0},
				{"appName": "시계", "usage": 0},
				{"appName": "설정", "usage": 0},
				{"appName": "원터치알림", "usage": 0},
				{"appName": "B612", "usage": 0},
				{"appName": "Polar Beat", "usage": 0},
				{"appName": "안드로이드 시스템", "usage": 0},
				{"appName": "접근성", "usage": 0},
				{"appName": "삼성 인터넷", "usage": 0},
				{"appName": "원스토어", "usage": 0}
			]
		},
		"pickups": {"usage": 148},
		"downTime": {
			"usages": [
				{"hour": 0, "usage": 41},
				{"hour": 1, "usage": 4},
				{"hour": 2, "usage": 3},
				{"hour": 3, "usage": 17},
				{"hour": 4, "usage": 19},
				{"hour": 5, "usage": 18},
				{"hour": 6, "usage": 9},
				{"hour": 7, "usage": 19},
				{"hour": 8, "usage": 13},
				{"hour": 9, "usage": 30},
				{"hour": 10, "usage": 32},
				{"hour": 11, "usage": 9},
				{"hour": 12, "usage": 16},
				{"hour": 13, "usage": 46},
				{"hour": 14, "usage": 53},
				{"hour": 15, "usage": 60},
				{"hour": 16, "usage": 17},
				{"hour": 17, "usage": 0},
				{"hour": 20, "usage": 0},
				{"hour": 21, "usage": 54},
				{"hour": 22, "usage": 12},
				{"hour": 23, "usage": 33}
			],
			"details": [
				{"appName": "One UI 홈", "usage": [0, 1, 2, 3, 4, 5, 6, 8, 9, 10, 11, 12, 13, 14, 15, 20, 21, 22, 23]},
				{"appName": "Chrome", "usage": [0, 2, 3, 4, 5, 6, 7, 8, 9, 10, 11, 12, 13, 14, 15, 21, 23]},
				{"appName": "카카오톡", "usage": [0, 1, 3, 4, 5, 6, 8, 9, 10, 13, 14, 21, 22, 23]},
				{"appName": "Paco", "usage": [1, 3, 4, 5, 6, 7, 8, 10, 12, 13]},
				{"appName": "YouTube", "usage": [0, 2, 12, 13, 14, 15, 16, 20, 23]},
				{"appName": "한컴오피스 viewer", "usage": [10, 11, 12, 14, 15, 21, 22]},
				{"appName": "메시지", "usage": [0, 1, 5, 7, 8, 12, 23]},
				{"appName": "똑똑가계부", "usage": [0, 3, 8, 9, 10, 23]},
				{"appName": "T전화", "usage": [4, 7, 8, 9, 10]},
				{"appName": "피망 뉴맞고", "usage": [0, 12, 13, 23]},
				{"appName": "캘린더", "usage": [0, 2, 4, 8]},
				{"appName": "카메라", "usage": [1, 4, 10, 23]},
				{"appName": "Word", "usage": [4, 10, 14]},
				{"appName": "카카오맵", "usage": [0, 9]},
				{"appName": "지하철종결자", "usage": [0, 23]},
				{"appName": "시계", "usage": [20, 21]},
				{"appName": "설정", "usage": [0, 13]},
				{"appName": "나무위키뷰어", "usage": [5, 9]},
				{"appName": "토스", "usage": [10]},
				{"appName": "카카오버스", "usage": [23]},
				{"appName": "접근성", "usage": [13]},
				{"appName": "원터치알림", "usage": [10]},
				{"appName": "원스토어", "usage": [2]},
				{"appName": "안드로이드 시스템", "usage": [4]},
				{"appName": "삼성 인터넷", "usage": [1]},
				{"appName": "PowerPoint", "usage": [21]},
				{"appName": "Polar Beat", "usage": [13]},
				{"appName": "Excel", "usage": [9]},
				{"appName": "B612", "usage": [23]}
			]
		},
		"maxTime": {
			"usage": 78,
			"details": [
				{"appName": "카카오톡", "usage": 32},
				{"appName": "YouTube", "usage": 32},
				{"appName": "T전화", "usage": 18},
				{"appName": "한컴오피스 viewer", "usage": 15},
				{"appName": "Chrome", "usage": 13},
				{"appName": "피망 뉴맞고", "usage": 12},
				{"appName": "PowerPoint", "usage": 6},
				{"appName": "나무위키뷰어", "usage": 4},
				{"appName": "Excel", "usage": 1},
				{"appName": "똑똑가계부", "usage": 1},
				{"appName": "메시지", "usage": 1},
				{"appName": "One UI 홈", "usage": 1},
				{"appName": "카카오맵", "usage": 0},
				{"appName": "토스", "usage": 0},
				{"appName": "Paco", "usage": 0},
				{"appName": "Word", "usage": 0},
				{"appName": "지하철종결자", "usage": 0},
				{"appName": "캘린더", "usage": 0},
				{"appName": "카메라", "usage": 0},
				{"appName": "카카오버스", "usage": 0},
				{"appName": "원터치알림", "usage": 0},
				{"appName": "시계", "usage": 0},
				{"appName": "B612", "usage": 0},
				{"appName": "설정", "usage": 0},
				{"appName": "Polar Beat", "usage": 0},
				{"appName": "안드로이드 시스템", "usage": 0},
				{"appName": "접근성", "usage": 0},
				{"appName": "삼성 인터넷", "usage": 0},
				{"appName": "원스토어", "usage": 0}
			]
		},
		"avgTime": {
			"usage": 3,
			"details": [
				{"appName": "피망 뉴맞고", "usage": 6},
				{"appName": "PowerPoint", "usage": 6},
				{"appName": "YouTube", "usage": 4},
				{"appName": "한컴오피스 viewer", "usage": 1},
				{"appName": "나무위키뷰어", "usage": 1},
				{"appName": "Chrome", "usage": 1},
				{"appName": "T전화", "usage": 0},
				{"appName": "Excel", "usage": 0},
				{"appName": "카카오맵", "usage": 0},
				{"appName": "똑똑가계부", "usage": 0},
				{"appName": "카카오톡", "usage": 0},
				{"appName": "메시지", "usage": 0},
				{"appName": "Word", "usage": 0},
				{"appName": "Paco", "usage": 0},
				{"appName": "토스", "usage": 0},
				{"appName": "캘린더", "usage": 0},
				{"appName": "지하철종결자", "usage": 0},
				{"appName": "B612", "usage": 0},
				{"appName": "원터치알림", "usage": 0},
				{"appName": "카메라", "usage": 0},
				{"appName": "One UI 홈", "usage": 0},
				{"appName": "카카오버스", "usage": 0},
				{"appName": "안드로이드 시스템", "usage": 0},
				{"appName": "시계", "usage": 0},
				{"appName": "설정", "usage": 0},
				{"appName": "Polar Beat", "usage": 0},
				{"appName": "삼성 인터넷", "usage": 0},
				{"appName": "접근성", "usage": 0},
				{"appName": "원스토어", "usage": 0}
			]
		},
		"lastPickup": {"time": 2}
	},
	{
		"date": 3,
		"totalTime": {
			"usage": 192,
			"details": [
				{"appName": "Chrome", "usage": 41},
				{"appName": "YouTube", "usage": 36},
				{"appName": "카카오톡", "usage": 25},
				{"appName": "One UI 홈", "usage": 19},
				{"appName": "캘린더", "usage": 10},
				{"appName": "한컴오피스 viewer", "usage": 7},
				{"appName": "Adobe Acrobat", "usage": 6},
				{"appName": "피망 뉴맞고", "usage": 5},
				{"appName": "카카오맵", "usage": 4},
				{"appName": "메시지", "usage": 4},
				{"appName": "Paco", "usage": 4},
				{"appName": "Polar Beat", "usage": 3},
				{"appName": "위키백과", "usage": 2},
				{"appName": "나무위키뷰어", "usage": 2},
				{"appName": "T전화", "usage": 1},
				{"appName": "삼성 인터넷", "usage": 1},
				{"appName": "똑똑가계부", "usage": 1},
				{"appName": "빅스비 비전", "usage": 0},
				{"appName": "궁극의 질문", "usage": 0},
				{"appName": "설정", "usage": 0},
				{"appName": "지하철종결자", "usage": 0},
				{"appName": "카메라", "usage": 0},
				{"appName": "갤러리", "usage": 0},
				{"appName": "알집", "usage": 0},
				{"appName": "접근성", "usage": 0},
				{"appName": "이메일", "usage": 0},
				{"appName": "안드로이드 시스템", "usage": 0},
				{"appName": "빅스비 보이스", "usage": 0},
				{"appName": "Samsung Health", "usage": 0},
				{"appName": "날씨", "usage": 0}
			]
		},
		"pickups": {"usage": 170},
		"downTime": {
			"usages": [
				{"hour": 0, "usage": 30},
				{"hour": 1, "usage": 16},
				{"hour": 2, "usage": 11},
				{"hour": 3, "usage": 4},
				{"hour": 4, "usage": 16},
				{"hour": 5, "usage": 1},
				{"hour": 6, "usage": 8},
				{"hour": 7, "usage": 2},
				{"hour": 8, "usage": 7},
				{"hour": 9, "usage": 23},
				{"hour": 10, "usage": 1},
				{"hour": 11, "usage": 0},
				{"hour": 12, "usage": 3},
				{"hour": 13, "usage": 8},
				{"hour": 14, "usage": 17},
				{"hour": 15, "usage": 37},
				{"hour": 22, "usage": 0}
			],
			"details": [
				{"appName": "One UI 홈", "usage": [0, 1, 2, 3, 4, 5, 6, 7, 8, 9, 10, 11, 12, 13, 14, 15]},
				{"appName": "카카오톡", "usage": [0, 1, 3, 4, 5, 6, 7, 8, 9, 10, 12, 13, 14, 15]},
				{"appName": "Chrome", "usage": [0, 1, 2, 3, 4, 6, 7, 8, 9, 14, 15]},
				{"appName": "Paco", "usage": [1, 3, 4, 5, 6, 8, 9, 10, 12]},
				{"appName": "캘린더", "usage": [1, 2, 3, 4, 8]},
				{"appName": "똑똑가계부", "usage": [8, 9, 13, 14]},
				{"appName": "YouTube", "usage": [1, 9, 14, 15]},
				{"appName": "Polar Beat", "usage": [0, 6, 8, 15]},
				{"appName": "한컴오피스 viewer", "usage": [0, 2, 3]},
				{"appName": "카카오맵", "usage": [8, 9, 13]},
				{"appName": "접근성", "usage": [0, 5, 15]},
				{"appName": "설정", "usage": [0, 5, 15]},
				{"appName": "카메라", "usage": [9, 11]},
				{"appName": "안드로이드 시스템", "usage": [9, 14]},
				{"appName": "T전화", "usage": [1, 9]},
				{"appName": "Adobe Acrobat", "usage": [0, 2]},
				{"appName": "피망 뉴맞고", "usage": [1]},
				{"appName": "지하철종결자", "usage": [8]},
				{"appName": "이메일", "usage": [0]},
				{"appName": "위키백과", "usage": [0]},
				{"appName": "알집", "usage": [4]},
				{"appName": "삼성 인터넷", "usage": [4]},
				{"appName": "빅스비 비전", "usage": [9]},
				{"appName": "빅스비 보이스", "usage": [13]},
				{"appName": "메시지", "usage": [1]},
				{"appName": "날씨", "usage": [4]},
				{"appName": "나무위키뷰어", "usage": [0]},
				{"appName": "궁극의 질문", "usage": [6]},
				{"appName": "갤러리", "usage": [9]},
				{"appName": "Samsung Health", "usage": [1]}
			]
		},
		"maxTime": {
			"usage": 21,
			"details": [
				{"appName": "YouTube", "usage": 19},
				{"appName": "One UI 홈", "usage": 10},
				{"appName": "Chrome", "usage": 5},
				{"appName": "한컴오피스 viewer", "usage": 4},
				{"appName": "카카오맵", "usage": 4},
				{"appName": "Adobe Acrobat", "usage": 3},
				{"appName": "카카오톡", "usage": 3},
				{"appName": "피망 뉴맞고", "usage": 3},
				{"appName": "캘린더", "usage": 2},
				{"appName": "Polar Beat", "usage": 2},
				{"appName": "나무위키뷰어", "usage": 1},
				{"appName": "T전화", "usage": 1},
				{"appName": "삼성 인터넷", "usage": 1},
				{"appName": "메시지", "usage": 1},
				{"appName": "위키백과", "usage": 1},
				{"appName": "궁극의 질문", "usage": 0},
				{"appName": "똑똑가계부", "usage": 0},
				{"appName": "Paco", "usage": 0},
				{"appName": "빅스비 비전", "usage": 0},
				{"appName": "카메라", "usage": 0},
				{"appName": "설정", "usage": 0},
				{"appName": "지하철종결자", "usage": 0},
				{"appName": "알집", "usage": 0},
				{"appName": "이메일", "usage": 0},
				{"appName": "갤러리", "usage": 0},
				{"appName": "안드로이드 시스템", "usage": 0},
				{"appName": "빅스비 보이스", "usage": 0},
				{"appName": "접근성", "usage": 0},
				{"appName": "Samsung Health", "usage": 0},
				{"appName": "날씨", "usage": 0}
			]
		},
		"avgTime": {
			"usage": 1,
			"details": [
				{"appName": "피망 뉴맞고", "usage": 2},
				{"appName": "YouTube", "usage": 1},
				{"appName": "삼성 인터넷", "usage": 0},
				{"appName": "카카오맵", "usage": 0},
				{"appName": "Chrome", "usage": 0},
				{"appName": "메시지", "usage": 0},
				{"appName": "나무위키뷰어", "usage": 0},
				{"appName": "Adobe Acrobat", "usage": 0},
				{"appName": "한컴오피스 viewer", "usage": 0},
				{"appName": "궁극의 질문", "usage": 0},
				{"appName": "캘린더", "usage": 0},
				{"appName": "위키백과", "usage": 0},
				{"appName": "Polar Beat", "usage": 0},
				{"appName": "T전화", "usage": 0},
				{"appName": "Paco", "usage": 0},
				{"appName": "빅스비 비전", "usage": 0},
				{"appName": "One UI 홈", "usage": 0},
				{"appName": "똑똑가계부", "usage": 0},
				{"appName": "카카오톡", "usage": 0},
				{"appName": "이메일", "usage": 0},
				{"appName": "카메라", "usage": 0},
				{"appName": "지하철종결자", "usage": 0},
				{"appName": "알집", "usage": 0},
				{"appName": "안드로이드 시스템", "usage": 0},
				{"appName": "설정", "usage": 0},
				{"appName": "갤러리", "usage": 0},
				{"appName": "Samsung Health", "usage": 0},
				{"appName": "빅스비 보이스", "usage": 0},
				{"appName": "접근성", "usage": 0},
				{"appName": "날씨", "usage": 0}
			]
		},
		"lastPickup": {"time": 0}
	},
	{
		"date": 4,
		"totalTime": {
			"usage": 486,
			"details": [
				{"appName": "YouTube", "usage": 255},
				{"appName": "Chrome", "usage": 79},
				{"appName": "피망 뉴맞고", "usage": 64},
				{"appName": "카카오톡", "usage": 56},
				{"appName": "One UI 홈", "usage": 9},
				{"appName": "Paco", "usage": 4},
				{"appName": "스와이프 벽돌깨기", "usage": 4},
				{"appName": "나무위키뷰어", "usage": 3},
				{"appName": "카메라", "usage": 2},
				{"appName": "T전화", "usage": 1},
				{"appName": "똑똑가계부", "usage": 0},
				{"appName": "캘린더", "usage": 0},
				{"appName": "설정", "usage": 0},
				{"appName": "갤러리", "usage": 0},
				{"appName": "Polar Beat", "usage": 0},
				{"appName": "B612", "usage": 0},
				{"appName": "접근성", "usage": 0},
				{"appName": "Google Play 서비스", "usage": 0},
				{"appName": "지도", "usage": 0},
				{"appName": "빅스비 보이스", "usage": 0},
				{"appName": "Logger", "usage": 0},
				{"appName": "Samsung Health", "usage": 0},
				{"appName": "패키지 설치 프로그램", "usage": 0}
			]
		},
		"pickups": {"usage": 71},
		"downTime": {
			"usages": [
				{"hour": 0, "usage": 18},
				{"hour": 1, "usage": 57},
				{"hour": 2, "usage": 9},
				{"hour": 3, "usage": 46},
				{"hour": 4, "usage": 21},
				{"hour": 5, "usage": 47},
				{"hour": 6, "usage": 24},
				{"hour": 7, "usage": 11},
				{"hour": 8, "usage": 1},
				{"hour": 9, "usage": 42},
				{"hour": 10, "usage": 32},
				{"hour": 11, "usage": 40},
				{"hour": 12, "usage": 53},
				{"hour": 13, "usage": 50},
				{"hour": 21, "usage": 10},
				{"hour": 23, "usage": 11}
			],
			"details": [
				{"appName": "One UI 홈", "usage": [0, 1, 3, 4, 5, 6, 7, 8, 9, 10, 11, 12, 13, 21, 23]},
				{"appName": "YouTube", "usage": [0, 1, 2, 3, 4, 5, 6, 9, 10, 11, 12, 13, 21, 23]},
				{"appName": "Chrome", "usage": [0, 3, 4, 5, 6, 7, 9, 10, 11, 12, 13, 23]},
				{"appName": "카카오톡", "usage": [0, 4, 7, 8, 9, 10, 12, 13, 21, 23]},
				{"appName": "Paco", "usage": [2, 3, 4, 5, 6, 7, 9, 10, 11]},
				{"appName": "피망 뉴맞고", "usage": [1, 4, 5, 9, 11, 23]},
				{"appName": "접근성", "usage": [1, 3, 4, 12]},
				{"appName": "설정", "usage": [1, 3, 4, 12]},
				{"appName": "캘린더", "usage": [6, 8, 9]},
				{"appName": "스와이프 벽돌깨기", "usage": [6, 9]},
				{"appName": "똑똑가계부", "usage": [0, 7]},
				{"appName": "나무위키뷰어", "usage": [6, 7]},
				{"appName": "T전화", "usage": [3, 9]},
				{"appName": "Polar Beat", "usage": [1, 12]},
				{"appName": "Google Play 서비스", "usage": [6, 9]},
				{"appName": "패키지 설치 프로그램", "usage": [12]},
				{"appName": "카메라", "usage": [4]},
				{"appName": "지도", "usage": [6]},
				{"appName": "빅스비 보이스", "usage": [4]},
				{"appName": "갤러리", "usage": [4]},
				{"appName": "Samsung Health", "usage": [1]},
				{"appName": "Logger", "usage": [12]},
				{"appName": "B612", "usage": [4]}
			]
		},
		"maxTime": {
			"usage": 60,
			"details": [
				{"appName": "YouTube", "usage": 38},
				{"appName": "피망 뉴맞고", "usage": 21},
				{"appName": "Chrome", "usage": 12},
				{"appName": "카카오톡", "usage": 8},
				{"appName": "스와이프 벽돌깨기", "usage": 3},
				{"appName": "나무위키뷰어", "usage": 2},
				{"appName": "카메라", "usage": 1},
				{"appName": "One UI 홈", "usage": 1},
				{"appName": "Paco", "usage": 1},
				{"appName": "똑똑가계부", "usage": 0},
				{"appName": "T전화", "usage": 0},
				{"appName": "갤러리", "usage": 0},
				{"appName": "캘린더", "usage": 0},
				{"appName": "B612", "usage": 0},
				{"appName": "Polar Beat", "usage": 0},
				{"appName": "지도", "usage": 0},
				{"appName": "Google Play 서비스", "usage": 0},
				{"appName": "설정", "usage": 0},
				{"appName": "빅스비 보이스", "usage": 0},
				{"appName": "Samsung Health", "usage": 0},
				{"appName": "접근성", "usage": 0},
				{"appName": "Logger", "usage": 0},
				{"appName": "패키지 설치 프로그램", "usage": 0}
			]
		},
		"avgTime": {
			"usage": 6,
			"details": [
				{"appName": "피망 뉴맞고", "usage": 7},
				{"appName": "YouTube", "usage": 4},
				{"appName": "나무위키뷰어", "usage": 1},
				{"appName": "Chrome", "usage": 1},
				{"appName": "스와이프 벽돌깨기", "usage": 1},
				{"appName": "카메라", "usage": 0},
				{"appName": "T전화", "usage": 0},
				{"appName": "갤러리", "usage": 0},
				{"appName": "카카오톡", "usage": 0},
				{"appName": "Paco", "usage": 0},
				{"appName": "똑똑가계부", "usage": 0},
				{"appName": "B612", "usage": 0},
				{"appName": "캘린더", "usage": 0},
				{"appName": "지도", "usage": 0},
				{"appName": "One UI 홈", "usage": 0},
				{"appName": "Google Play 서비스", "usage": 0},
				{"appName": "Samsung Health", "usage": 0},
				{"appName": "Polar Beat", "usage": 0},
				{"appName": "설정", "usage": 0},
				{"appName": "빅스비 보이스", "usage": 0},
				{"appName": "Logger", "usage": 0},
				{"appName": "접근성", "usage": 0},
				{"appName": "패키지 설치 프로그램", "usage": 0}
			]
		},
		"lastPickup": {"time": 5}
	},
	{
		"date": 5,
		"totalTime": {
			"usage": 800,
			"details": [
				{"appName": "YouTube", "usage": 577},
				{"appName": "카카오톡", "usage": 64},
				{"appName": "One UI 홈", "usage": 37},
				{"appName": "Chrome", "usage": 32},
				{"appName": "피망 뉴맞고", "usage": 27},
				{"appName": "코레일톡", "usage": 9},
				{"appName": "카카오맵", "usage": 7},
				{"appName": "캘린더", "usage": 7},
				{"appName": "고속버스 모바일", "usage": 5},
				{"appName": "지하철종결자", "usage": 4},
				{"appName": "Paco", "usage": 3},
				{"appName": "설정", "usage": 2},
				{"appName": "똑똑가계부", "usage": 2},
				{"appName": "T전화", "usage": 2},
				{"appName": "국세청 홈택스", "usage": 1},
				{"appName": "무한의 계단", "usage": 1},
				{"appName": "시계", "usage": 0},
				{"appName": "갤러리", "usage": 0},
				{"appName": "쏘카", "usage": 0},
				{"appName": "시외버스 모바일", "usage": 0},
				{"appName": "메시지", "usage": 0},
				{"appName": "Polar Beat", "usage": 0},
				{"appName": "토스", "usage": 0},
				{"appName": "카이스트 버스", "usage": 0},
				{"appName": "카메라", "usage": 0},
				{"appName": "접근성", "usage": 0},
				{"appName": "빅스비 보이스", "usage": 0},
				{"appName": "원터치알림", "usage": 0},
				{"appName": "안드로이드 시스템", "usage": 0},
				{"appName": "Samsung Pay", "usage": 0},
				{"appName": "Samsung Health", "usage": 0},
				{"appName": "Google Play 스토어", "usage": 0},
				{"appName": "빅스비 비전", "usage": 0},
				{"appName": "삼성 캡처", "usage": 0}
			]
		},
		"pickups": {"usage": 138},
		"downTime": {
			"usages": [
				{"hour": 0, "usage": 49},
				{"hour": 1, "usage": 34},
				{"hour": 2, "usage": 31},
				{"hour": 3, "usage": 26},
				{"hour": 4, "usage": 48},
				{"hour": 5, "usage": 50},
				{"hour": 6, "usage": 38},
				{"hour": 7, "usage": 8},
				{"hour": 8, "usage": 26},
				{"hour": 9, "usage": 34},
				{"hour": 10, "usage": 23},
				{"hour": 11, "usage": 10},
				{"hour": 12, "usage": 9},
				{"hour": 13, "usage": 42},
				{"hour": 14, "usage": 59},
				{"hour": 15, "usage": 60},
				{"hour": 16, "usage": 55},
				{"hour": 17, "usage": 57},
				{"hour": 18, "usage": 9},
				{"hour": 19, "usage": 0},
				{"hour": 20, "usage": 1},
				{"hour": 21, "usage": 59},
				{"hour": 22, "usage": 55},
				{"hour": 23, "usage": 7}
			],
			"details": [
				{"appName": "One UI 홈", "usage": [0, 1, 2, 3, 4, 5, 6, 7, 8, 9, 10, 11, 12, 13, 14, 15, 16, 17, 20, 21, 22, 23]},
				{"appName": "YouTube", "usage": [0, 1, 2, 3, 4, 5, 6, 8, 9, 10, 13, 14, 15, 16, 17, 18, 19, 20, 21, 22, 23]},
				{"appName": "카카오톡", "usage": [0, 1, 2, 3, 6, 7, 8, 9, 10, 11, 12, 13, 14, 15]},
				{"appName": "Chrome", "usage": [0, 1, 2, 3, 4, 6, 7, 8, 9, 10, 12, 13, 14]},
				{"appName": "Paco", "usage": [1, 2, 3, 4, 5, 6, 7, 9, 10, 13]},
				{"appName": "설정", "usage": [1, 6, 7, 8, 9, 11, 14]},
				{"appName": "캘린더", "usage": [4, 8, 11, 13, 17, 22]},
				{"appName": "카카오맵", "usage": [8, 9, 11, 12, 13, 16]},
				{"appName": "접근성", "usage": [1, 6, 7, 8, 14]},
				{"appName": "시계", "usage": [5, 17, 19, 20, 21]},
				{"appName": "똑똑가계부", "usage": [9, 10, 11, 13, 22]},
				{"appName": "피망 뉴맞고", "usage": [0, 3, 15, 16]},
				{"appName": "T전화", "usage": [4, 5, 9, 10]},
				{"appName": "카메라", "usage": [4, 7, 9]},
				{"appName": "지하철종결자", "usage": [9, 12, 13]},
				{"appName": "메시지", "usage": [2, 4, 13]},
				{"appName": "고속버스 모바일", "usage": [13, 14, 17]},
				{"appName": "갤러리", "usage": [10, 11, 16]},
				{"appName": "Polar Beat", "usage": [1, 10, 14]},
				{"appName": "코레일톡", "usage": [14, 17]},
				{"appName": "원터치알림", "usage": [13, 17]},
				{"appName": "빅스비 보이스", "usage": [10, 11]},
				{"appName": "토스", "usage": [22]},
				{"appName": "카이스트 버스", "usage": [15]},
				{"appName": "안드로이드 시스템", "usage": [10]},
				{"appName": "쏘카", "usage": [11]},
				{"appName": "시외버스 모바일", "usage": [13]},
				{"appName": "삼성 캡처", "usage": [10]},
				{"appName": "빅스비 비전", "usage": [11]},
				{"appName": "무한의 계단", "usage": [0]},
				{"appName": "국세청 홈택스", "usage": [6]},
				{"appName": "Samsung Pay", "usage": [11]},
				{"appName": "Samsung Health", "usage": [1]},
				{"appName": "Google Play 스토어", "usage": [4]}
			]
		},
		"maxTime": {
			"usage": 162,
			"details": [
				{"appName": "YouTube", "usage": 73},
				{"appName": "One UI 홈", "usage": 10},
				{"appName": "피망 뉴맞고", "usage": 7},
				{"appName": "카카오맵", "usage": 4},
				{"appName": "Chrome", "usage": 3},
				{"appName": "코레일톡", "usage": 2},
				{"appName": "카카오톡", "usage": 2},
				{"appName": "설정", "usage": 1},
				{"appName": "캘린더", "usage": 1},
				{"appName": "T전화", "usage": 1},
				{"appName": "지하철종결자", "usage": 1},
				{"appName": "고속버스 모바일", "usage": 1},
				{"appName": "무한의 계단", "usage": 0},
				{"appName": "쏘카", "usage": 0},
				{"appName": "국세청 홈택스", "usage": 0},
				{"appName": "Paco", "usage": 0},
				{"appName": "시외버스 모바일", "usage": 0},
				{"appName": "똑똑가계부", "usage": 0},
				{"appName": "토스", "usage": 0},
				{"appName": "갤러리", "usage": 0},
				{"appName": "Polar Beat", "usage": 0},
				{"appName": "메시지", "usage": 0},
				{"appName": "카이스트 버스", "usage": 0},
				{"appName": "시계", "usage": 0},
				{"appName": "카메라", "usage": 0},
				{"appName": "안드로이드 시스템", "usage": 0},
				{"appName": "빅스비 보이스", "usage": 0},
				{"appName": "원터치알림", "usage": 0},
				{"appName": "Samsung Pay", "usage": 0},
				{"appName": "Samsung Health", "usage": 0},
				{"appName": "Google Play 스토어", "usage": 0},
				{"appName": "접근성", "usage": 0},
				{"appName": "빅스비 비전", "usage": 0},
				{"appName": "삼성 캡처", "usage": 0}
			]
		},
		"avgTime": {
			"usage": 5,
			"details": [
				{"appName": "피망 뉴맞고", "usage": 5},
				{"appName": "YouTube", "usage": 5},
				{"appName": "Chrome", "usage": 0},
				{"appName": "캘린더", "usage": 0},
				{"appName": "카카오맵", "usage": 0},
				{"appName": "코레일톡", "usage": 0},
				{"appName": "무한의 계단", "usage": 0},
				{"appName": "T전화", "usage": 0},
				{"appName": "카이스트 버스", "usage": 0},
				{"appName": "쏘카", "usage": 0},
				{"appName": "지하철종결자", "usage": 0},
				{"appName": "갤러리", "usage": 0},
				{"appName": "카카오톡", "usage": 0},
				{"appName": "One UI 홈", "usage": 0},
				{"appName": "국세청 홈택스", "usage": 0},
				{"appName": "토스", "usage": 0},
				{"appName": "똑똑가계부", "usage": 0},
				{"appName": "Paco", "usage": 0},
				{"appName": "메시지", "usage": 0},
				{"appName": "고속버스 모바일", "usage": 0},
				{"appName": "설정", "usage": 0},
				{"appName": "Polar Beat", "usage": 0},
				{"appName": "카메라", "usage": 0},
				{"appName": "시외버스 모바일", "usage": 0},
				{"appName": "안드로이드 시스템", "usage": 0},
				{"appName": "시계", "usage": 0},
				{"appName": "Samsung Pay", "usage": 0},
				{"appName": "Samsung Health", "usage": 0},
				{"appName": "원터치알림", "usage": 0},
				{"appName": "빅스비 보이스", "usage": 0},
				{"appName": "Google Play 스토어", "usage": 0},
				{"appName": "접근성", "usage": 0},
				{"appName": "빅스비 비전", "usage": 0},
				{"appName": "삼성 캡처", "usage": 0}
			]
		},
		"lastPickup": {"time": 25}
	},
	{
		"date": 6,
		"totalTime": {
			"usage": 672,
			"details": [
				{"appName": "YouTube", "usage": 126},
				{"appName": "Chrome", "usage": 36},
				{"appName": "One UI 홈", "usage": 31},
				{"appName": "캘린더", "usage": 30},
				{"appName": "카카오톡", "usage": 22},
				{"appName": "메시지", "usage": 15},
				{"appName": "똑똑가계부", "usage": 10},
				{"appName": "Adobe Acrobat", "usage": 7},
				{"appName": "카이스트 버스", "usage": 6},
				{"appName": "지하철종결자", "usage": 5},
				{"appName": "T전화", "usage": 4},
				{"appName": "알파카", "usage": 3},
				{"appName": "음성 녹음", "usage": 3},
				{"appName": "Paco", "usage": 3},
				{"appName": "코레일톡", "usage": 3},
				{"appName": "카카오맵", "usage": 2},
				{"appName": "Smart​Things", "usage": 1},
				{"appName": "삼성 인터넷", "usage": 1},
				{"appName": "토스", "usage": 1},
				{"appName": "T멤버십", "usage": 1},
				{"appName": "나무위키뷰어", "usage": 1},
				{"appName": "카메라", "usage": 0},
				{"appName": "설정", "usage": 0},
				{"appName": "Instagram", "usage": 0},
				{"appName": "한컴오피스 viewer", "usage": 0},
				{"appName": "원터치알림", "usage": 0},
				{"appName": "날씨", "usage": 0},
				{"appName": "Polar Beat", "usage": 0},
				{"appName": "밥대생", "usage": 0},
				{"appName": "연락처", "usage": 0},
				{"appName": "시계", "usage": 0},
				{"appName": "카카오뱅크", "usage": 0},
				{"appName": "Google Play 뮤직", "usage": 0},
				{"appName": "빅스비 보이스", "usage": 0},
				{"appName": "접근성", "usage": 0},
				{"appName": "내 멤버십 카드", "usage": 0},
				{"appName": "패키지 설치 프로그램", "usage": 0},
				{"appName": "", "usage": -3592}
			]
		},
		"pickups": {"usage": 165},
		"downTime": {
			"usages": [
				{"hour": 0, "usage": 15},
				{"hour": 1, "usage": 20},
				{"hour": 2, "usage": 18},
				{"hour": 3, "usage": 27},
				{"hour": 4, "usage": 6},
				{"hour": 5, "usage": 10},
				{"hour": 6, "usage": 5},
				{"hour": 7, "usage": 19},
				{"hour": 8, "usage": 21},
				{"hour": 9, "usage": 21},
				{"hour": 10, "usage": 5},
				{"hour": 11, "usage": 8},
				{"hour": 12, "usage": 4},
				{"hour": 13, "usage": 8},
				{"hour": 14, "usage": 46},
				{"hour": 15, "usage": 20},
				{"hour": 16, "usage": 43},
				{"hour": 17, "usage": 60},
				{"hour": 18, "usage": 60},
				{"hour": 19, "usage": 60},
				{"hour": 20, "usage": 60},
				{"hour": 21, "usage": 51},
				{"hour": 22, "usage": 26},
				{"hour": 23, "usage": 42}
			],
			"details": [
				{"appName": "One UI 홈", "usage": [0, 1, 2, 3, 4, 5, 6, 7, 8, 9, 10, 11, 12, 13, 14, 21, 22, 23]},
				{"appName": "Chrome", "usage": [0, 1, 2, 7, 8, 9, 10, 11, 13, 14, 22, 23]},
				{"appName": "카카오톡", "usage": [1, 3, 4, 5, 6, 7, 8, 9, 10, 11, 13]},
				{"appName": "캘린더", "usage": [2, 3, 4, 7, 8, 9, 11, 12, 13, 14]},
				{"appName": "Paco", "usage": [1, 2, 5, 6, 7, 8, 10, 11, 12]},
				{"appName": "설정", "usage": [2, 4, 7, 12, 14, 21, 22, 23]},
				{"appName": "메시지", "usage": [1, 3, 4, 5, 6, 7, 8, 11]},
				{"appName": "똑똑가계부", "usage": [1, 3, 4, 6, 8, 9, 23]},
				{"appName": "YouTube", "usage": [3, 9, 14, 15, 22, 23]},
				{"appName": "T전화", "usage": [4, 6, 11, 12]},
				{"appName": "Polar Beat", "usage": [0, 7, 14, 22]},
				{"appName": "카이스트 버스", "usage": [0, 4, 7]},
				{"appName": "카메라", "usage": [8, 13, 23]},
				{"appName": "접근성", "usage": [7, 14, 22]},
				{"appName": "원터치알림", "usage": [3, 4, 9]},
				{"appName": "알파카", "usage": [2, 3, 4]},
				{"appName": "지하철종결자", "usage": [8, 23]},
				{"appName": "빅스비 보이스", "usage": [8, 13]},
				{"appName": "Instagram", "usage": [0, 1]},
				{"appName": "한컴오피스 viewer", "usage": [14]},
				{"appName": "패키지 설치 프로그램", "usage": [0]},
				{"appName": "토스", "usage": [9]},
				{"appName": "코레일톡", "usage": [8]},
				{"appName": "카카오뱅크", "usage": [9]},
				{"appName": "카카오맵", "usage": [23]},
				{"appName": "음성 녹음", "usage": [9]},
				{"appName": "연락처", "usage": [5]},
				{"appName": "시계", "usage": [23]},
				{"appName": "삼성 인터넷", "usage": [1]},
				{"appName": "밥대생", "usage": [23]},
				{"appName": "내 멤버십 카드", "usage": [1]},
				{"appName": "날씨", "usage": [0]},
				{"appName": "나무위키뷰어", "usage": [14]},
				{"appName": "T멤버십", "usage": [1]},
				{"appName": "Smart​Things", "usage": [22]},
				{"appName": "Google Play 뮤직", "usage": [22]},
				{"appName": "Adobe Acrobat", "usage": [1]},
				{"appName": "", "usage": [23]}
			]
		},
		"maxTime": {
			"usage": 335,
			"details": [
				{"appName": "YouTube", "usage": 52},
				{"appName": "One UI 홈", "usage": 13},
				{"appName": "캘린더", "usage": 7},
				{"appName": "카이스트 버스", "usage": 5},
				{"appName": "메시지", "usage": 5},
				{"appName": "Chrome", "usage": 4},
				{"appName": "음성 녹음", "usage": 3},
				{"appName": "카카오톡", "usage": 2},
				{"appName": "똑똑가계부", "usage": 2},
				{"appName": "알파카", "usage": 2},
				{"appName": "Adobe Acrobat", "usage": 1},
				{"appName": "카카오맵", "usage": 1},
				{"appName": "T전화", "usage": 1},
				{"appName": "지하철종결자", "usage": 1},
				{"appName": "코레일톡", "usage": 1},
				{"appName": "나무위키뷰어", "usage": 1},
				{"appName": "토스", "usage": 0},
				{"appName": "T멤버십", "usage": 0},
				{"appName": "삼성 인터넷", "usage": 0},
				{"appName": "Smart​Things", "usage": 0},
				{"appName": "한컴오피스 viewer", "usage": 0},
				{"appName": "Instagram", "usage": 0},
				{"appName": "Paco", "usage": 0},
				{"appName": "날씨", "usage": 0},
				{"appName": "설정", "usage": 0},
				{"appName": "원터치알림", "usage": 0},
				{"appName": "카메라", "usage": 0},
				{"appName": "연락처", "usage": 0},
				{"appName": "시계", "usage": 0},
				{"appName": "Polar Beat", "usage": 0},
				{"appName": "Google Play 뮤직", "usage": 0},
				{"appName": "카카오뱅크", "usage": 0},
				{"appName": "밥대생", "usage": 0},
				{"appName": "", "usage": 0},
				{"appName": "빅스비 보이스", "usage": 0},
				{"appName": "내 멤버십 카드", "usage": 0},
				{"appName": "접근성", "usage": 0},
				{"appName": "패키지 설치 프로그램", "usage": 0}
			]
		},
		"avgTime": {
			"usage": 4,
			"details": [
				{"appName": "YouTube", "usage": 7},
				{"appName": "음성 녹음", "usage": 1},
				{"appName": "나무위키뷰어", "usage": 1},
				{"appName": "카카오맵", "usage": 0},
				{"appName": "카이스트 버스", "usage": 0},
				{"appName": "Chrome", "usage": 0},
				{"appName": "캘린더", "usage": 0},
				{"appName": "메시지", "usage": 0},
				{"appName": "똑똑가계부", "usage": 0},
				{"appName": "알파카", "usage": 0},
				{"appName": "Adobe Acrobat", "usage": 0},
				{"appName": "삼성 인터넷", "usage": 0},
				{"appName": "날씨", "usage": 0},
				{"appName": "토스", "usage": 0},
				{"appName": "T멤버십", "usage": 0},
				{"appName": "T전화", "usage": 0},
				{"appName": "연락처", "usage": 0},
				{"appName": "카메라", "usage": 0},
				{"appName": "한컴오피스 viewer", "usage": 0},
				{"appName": "지하철종결자", "usage": 0},
				{"appName": "코레일톡", "usage": 0},
				{"appName": "Paco", "usage": 0},
				{"appName": "One UI 홈", "usage": 0},
				{"appName": "Smart​Things", "usage": 0},
				{"appName": "카카오톡", "usage": 0},
				{"appName": "시계", "usage": 0},
				{"appName": "Instagram", "usage": 0},
				{"appName": "원터치알림", "usage": 0},
				{"appName": "설정", "usage": 0},
				{"appName": "밥대생", "usage": 0},
				{"appName": "빅스비 보이스", "usage": 0},
				{"appName": "Google Play 뮤직", "usage": 0},
				{"appName": "내 멤버십 카드", "usage": 0},
				{"appName": "Polar Beat", "usage": 0},
				{"appName": "카카오뱅크", "usage": 0},
				{"appName": "접근성", "usage": 0},
				{"appName": "패키지 설치 프로그램", "usage": 0},
				{"appName": "", "usage": -598}
			]
		},
		"lastPickup": {"time": 6}
	},
	{
		"date": 7,
		"totalTime": {
			"usage": 442,
			"details": [
				{"appName": "YouTube", "usage": 123},
				{"appName": "Chrome", "usage": 67},
				{"appName": "카카오톡", "usage": 53},
				{"appName": "One UI 홈", "usage": 46},
				{"appName": "T전화", "usage": 20},
				{"appName": "메시지", "usage": 18},
				{"appName": "설정", "usage": 15},
				{"appName": "캘린더", "usage": 10},
				{"appName": "SR 고속열차", "usage": 10},
				{"appName": "똑똑가계부", "usage": 8},
				{"appName": "카카오맵", "usage": 7},
				{"appName": "알파카", "usage": 7},
				{"appName": "Google Play 뮤직", "usage": 5},
				{"appName": "카카오버스", "usage": 5},
				{"appName": "코레일톡", "usage": 3},
				{"appName": "Paco", "usage": 2},
				{"appName": "빅스비 보이스", "usage": 1},
				{"appName": "카이스트 버스", "usage": 1},
				{"appName": "Smart​Things", "usage": 0},
				{"appName": "시계", "usage": 0},
				{"appName": "", "usage": 0},
				{"appName": "토스", "usage": 0},
				{"appName": "날씨", "usage": 0},
				{"appName": "원터치알림", "usage": 0},
				{"appName": "Instagram", "usage": 0},
				{"appName": "접근성", "usage": 0},
				{"appName": "안드로이드 시스템", "usage": 0},
				{"appName": "Google Play 스토어", "usage": 0},
				{"appName": "카메라", "usage": 0},
				{"appName": "Polar Beat", "usage": 0},
				{"appName": "카카오뱅크", "usage": 0},
				{"appName": "연락처", "usage": 0},
				{"appName": "패키지 설치 프로그램", "usage": 0},
				{"appName": "전화", "usage": 0},
				{"appName": "디바이스 케어", "usage": 0},
				{"appName": "Samsung Health", "usage": 0},
				{"appName": "에브리타임", "usage": 0},
				{"appName": "원스토어", "usage": 0}
			]
		},
		"pickups": {"usage": 208},
		"downTime": {
			"usages": [
				{"hour": 0, "usage": 41},
				{"hour": 1, "usage": 19},
				{"hour": 2, "usage": 19},
				{"hour": 3, "usage": 44},
				{"hour": 4, "usage": 25},
				{"hour": 5, "usage": 17},
				{"hour": 6, "usage": 5},
				{"hour": 7, "usage": 10},
				{"hour": 8, "usage": 13},
				{"hour": 9, "usage": 18},
				{"hour": 10, "usage": 8},
				{"hour": 11, "usage": 13},
				{"hour": 12, "usage": 38},
				{"hour": 13, "usage": 21},
				{"hour": 14, "usage": 20},
				{"hour": 15, "usage": 28},
				{"hour": 16, "usage": 4},
				{"hour": 18, "usage": 0},
				{"hour": 21, "usage": 10},
				{"hour": 22, "usage": 44},
				{"hour": 23, "usage": 34}
			],
			"details": [
				{"appName": "One UI 홈", "usage": [0, 1, 2, 3, 4, 5, 6, 7, 8, 9, 10, 11, 12, 13, 14, 15, 22, 23]},
				{"appName": "카카오톡", "usage": [0, 1, 2, 3, 4, 5, 6, 7, 9, 11, 12, 13, 14, 15, 22, 23]},
				{"appName": "Chrome", "usage": [0, 1, 2, 3, 5, 8, 9, 10, 11, 12, 14, 15, 22, 23]},
				{"appName": "캘린더", "usage": [0, 2, 3, 4, 5, 8, 11, 12, 13, 14, 15, 22]},
				{"appName": "YouTube", "usage": [0, 1, 2, 3, 4, 14, 15, 16, 22, 23]},
				{"appName": "Paco", "usage": [1, 2, 3, 4, 6, 7, 9, 11, 12]},
				{"appName": "메시지", "usage": [0, 3, 9, 10, 11, 13, 15, 22]},
				{"appName": "설정", "usage": [1, 2, 3, 4, 5, 6, 15]},
				{"appName": "T전화", "usage": [0, 3, 5, 8, 9, 12, 13]},
				{"appName": "카카오맵", "usage": [4, 9, 11, 12, 22]},
				{"appName": "똑똑가계부", "usage": [0, 3, 5, 9, 12]},
				{"appName": "Google Play 뮤직", "usage": [0, 1, 2, 3, 4]},
				{"appName": "접근성", "usage": [1, 5, 6, 15]},
				{"appName": "알파카", "usage": [3, 4, 5, 9]},
				{"appName": "빅스비 보이스", "usage": [0, 5, 8, 13]},
				{"appName": "카카오버스", "usage": [0, 5, 12]},
				{"appName": "카이스트 버스", "usage": [0, 1, 23]},
				{"appName": "안드로이드 시스템", "usage": [2, 3, 4]},
				{"appName": "토스", "usage": [3, 12]},
				{"appName": "카메라", "usage": [3, 12]},
				{"appName": "원터치알림", "usage": [3, 9]},
				{"appName": "시계", "usage": [15, 22]},
				{"appName": "날씨", "usage": [0, 23]},
				{"appName": "Smart​Things", "usage": [2, 3]},
				{"appName": "Polar Beat", "usage": [1, 15]},
				{"appName": "패키지 설치 프로그램", "usage": [0]},
				{"appName": "코레일톡", "usage": [0]},
				{"appName": "카카오뱅크", "usage": [12]},
				{"appName": "전화", "usage": [13]},
				{"appName": "원스토어", "usage": [8]},
				{"appName": "연락처", "usage": [9]},
				{"appName": "에브리타임", "usage": [1]},
				{"appName": "디바이스 케어", "usage": [2]},
				{"appName": "Samsung Health", "usage": [1]},
				{"appName": "SR 고속열차", "usage": [0]},
				{"appName": "Instagram", "usage": [10]},
				{"appName": "Google Play 스토어", "usage": [0]},
				{"appName": "", "usage": [0]}
			]
		},
		"maxTime": {
			"usage": 59,
			"details": [
				{"appName": "YouTube", "usage": 31},
				{"appName": "Chrome", "usage": 8},
				{"appName": "One UI 홈", "usage": 8},
				{"appName": "T전화", "usage": 6},
				{"appName": "SR 고속열차", "usage": 6},
				{"appName": "카카오톡", "usage": 6},
				{"appName": "메시지", "usage": 4},
				{"appName": "코레일톡", "usage": 3},
				{"appName": "설정", "usage": 2},
				{"appName": "카카오맵", "usage": 2},
				{"appName": "똑똑가계부", "usage": 1},
				{"appName": "카카오버스", "usage": 1},
				{"appName": "캘린더", "usage": 1},
				{"appName": "알파카", "usage": 1},
				{"appName": "Google Play 뮤직", "usage": 0},
				{"appName": "", "usage": 0},
				{"appName": "Paco", "usage": 0},
				{"appName": "빅스비 보이스", "usage": 0},
				{"appName": "카이스트 버스", "usage": 0},
				{"appName": "시계", "usage": 0},
				{"appName": "토스", "usage": 0},
				{"appName": "원터치알림", "usage": 0},
				{"appName": "Smart​Things", "usage": 0},
				{"appName": "날씨", "usage": 0},
				{"appName": "Instagram", "usage": 0},
				{"appName": "카메라", "usage": 0},
				{"appName": "Google Play 스토어", "usage": 0},
				{"appName": "안드로이드 시스템", "usage": 0},
				{"appName": "연락처", "usage": 0},
				{"appName": "접근성", "usage": 0},
				{"appName": "Polar Beat", "usage": 0},
				{"appName": "카카오뱅크", "usage": 0},
				{"appName": "패키지 설치 프로그램", "usage": 0},
				{"appName": "전화", "usage": 0},
				{"appName": "디바이스 케어", "usage": 0},
				{"appName": "Samsung Health", "usage": 0},
				{"appName": "에브리타임", "usage": 0},
				{"appName": "원스토어", "usage": 0}
			]
		},
		"avgTime": {
			"usage": 2,
			"details": [
				{"appName": "YouTube", "usage": 3},
				{"appName": "SR 고속열차", "usage": 1},
				{"appName": "Chrome", "usage": 1},
				{"appName": "카카오맵", "usage": 0},
				{"appName": "메시지", "usage": 0},
				{"appName": "T전화", "usage": 0},
				{"appName": "똑똑가계부", "usage": 0},
				{"appName": "알파카", "usage": 0},
				{"appName": "코레일톡", "usage": 0},
				{"appName": "설정", "usage": 0},
				{"appName": "캘린더", "usage": 0},
				{"appName": "빅스비 보이스", "usage": 0},
				{"appName": "원터치알림", "usage": 0},
				{"appName": "카이스트 버스", "usage": 0},
				{"appName": "시계", "usage": 0},
				{"appName": "Google Play 뮤직", "usage": 0},
				{"appName": "카카오톡", "usage": 0},
				{"appName": "One UI 홈", "usage": 0},
				{"appName": "Paco", "usage": 0},
				{"appName": "카카오버스", "usage": 0},
				{"appName": "날씨", "usage": 0},
				{"appName": "", "usage": 0},
				{"appName": "Instagram", "usage": 0},
				{"appName": "토스", "usage": 0},
				{"appName": "카메라", "usage": 0},
				{"appName": "연락처", "usage": 0},
				{"appName": "Smart​Things", "usage": 0},
				{"appName": "안드로이드 시스템", "usage": 0},
				{"appName": "전화", "usage": 0},
				{"appName": "접근성", "usage": 0},
				{"appName": "디바이스 케어", "usage": 0},
				{"appName": "Samsung Health", "usage": 0},
				{"appName": "패키지 설치 프로그램", "usage": 0},
				{"appName": "Google Play 스토어", "usage": 0},
				{"appName": "Polar Beat", "usage": 0},
				{"appName": "카카오뱅크", "usage": 0},
				{"appName": "에브리타임", "usage": 0},
				{"appName": "원스토어", "usage": 0}
			]
		},
		"lastPickup": {"time": 0}
	}
]
