[
	{
		"date": 1,
		"totalTime": {
			"usage": 338,
			"details": [
				{"appName": "LightSlinger", "usage": 70},
				{"appName": "프렌즈타운", "usage": 63},
				{"appName": "카카오톡", "usage": 50},
				{"appName": "One UI 홈", "usage": 46},
				{"appName": "삼성 인터넷", "usage": 33},
				{"appName": "T전화", "usage": 32},
				{"appName": "Paco", "usage": 13},
				{"appName": "Polar Beat", "usage": 10},
				{"appName": "Samsung Pay", "usage": 2},
				{"appName": "Logger", "usage": 2},
				{"appName": "Google Play 스토어", "usage": 2},
				{"appName": "카카오맵", "usage": 1},
				{"appName": "카메라", "usage": 1},
				{"appName": "메시지", "usage": 1},
				{"appName": "신한 쏠(SOL)", "usage": 0},
				{"appName": "시계", "usage": 0},
				{"appName": "B612", "usage": 0},
				{"appName": "Google", "usage": 0},
				{"appName": "빅스비 보이스", "usage": 0},
				{"appName": "설정", "usage": 0},
				{"appName": "캘린더", "usage": 0},
				{"appName": "비디오 플레이어", "usage": 0},
				{"appName": "접근성", "usage": 0},
				{"appName": "패키지 설치 프로그램", "usage": 0}
			]
		},
		"pickups": {"usage": 92},
		"downTime": {
			"usages": [
				{"hour": 0, "usage": 22},
				{"hour": 1, "usage": 28},
				{"hour": 2, "usage": 1},
				{"hour": 3, "usage": 2},
				{"hour": 4, "usage": 21},
				{"hour": 5, "usage": 40},
				{"hour": 6, "usage": 14},
				{"hour": 7, "usage": 11},
				{"hour": 8, "usage": 16},
				{"hour": 9, "usage": 36},
				{"hour": 10, "usage": 11},
				{"hour": 11, "usage": 11},
				{"hour": 12, "usage": 45},
				{"hour": 13, "usage": 0},
				{"hour": 14, "usage": 7},
				{"hour": 15, "usage": 36},
				{"hour": 16, "usage": 17},
				{"hour": 21, "usage": 0},
				{"hour": 22, "usage": 9},
				{"hour": 23, "usage": 2}
			],
			"details": [
				{"appName": "One UI 홈", "usage": [0, 1, 2, 4, 5, 6, 7, 8, 9, 10, 11, 12, 13, 14, 15, 16, 21, 22, 23]},
				{"appName": "카카오톡", "usage": [0, 1, 2, 3, 4, 5, 6, 7, 8, 9, 10, 11, 14, 15, 22, 23]},
				{"appName": "Paco", "usage": [0, 1, 2, 4, 6, 7, 8, 9, 10, 11, 12, 22]},
				{"appName": "삼성 인터넷", "usage": [0, 1, 8, 10, 11, 12, 14, 15, 22, 23]},
				{"appName": "T전화", "usage": [2, 5, 8, 9, 10, 11, 14, 22]},
				{"appName": "Polar Beat", "usage": [0, 1, 4, 9, 11, 15, 22]},
				{"appName": "메시지", "usage": [5, 8, 10, 11, 12, 14]},
				{"appName": "Samsung Pay", "usage": [5, 11, 12, 15, 22]},
				{"appName": "프렌즈타운", "usage": [1, 5, 9]},
				{"appName": "패키지 설치 프로그램", "usage": [0, 15, 22]},
				{"appName": "시계", "usage": [0, 21, 22]},
				{"appName": "빅스비 보이스", "usage": [0, 4, 23]},
				{"appName": "Logger", "usage": [0, 15, 22]},
				{"appName": "LightSlinger", "usage": [12, 15, 16]},
				{"appName": "신한 쏠(SOL)", "usage": [15, 22]},
				{"appName": "Google Play 스토어", "usage": [4, 12]},
				{"appName": "캘린더", "usage": [0]},
				{"appName": "카카오맵", "usage": [14]},
				{"appName": "카메라", "usage": [0]},
				{"appName": "접근성", "usage": [0]},
				{"appName": "설정", "usage": [0]},
				{"appName": "비디오 플레이어", "usage": [6]},
				{"appName": "Google", "usage": [22]},
				{"appName": "B612", "usage": [11]}
			]
		},
		"maxTime": {
			"usage": 44,
			"details": [
				{"appName": "LightSlinger", "usage": 32},
				{"appName": "프렌즈타운", "usage": 13},
				{"appName": "T전화", "usage": 12},
				{"appName": "삼성 인터넷", "usage": 8},
				{"appName": "One UI 홈", "usage": 7},
				{"appName": "카카오톡", "usage": 5},
				{"appName": "Polar Beat", "usage": 3},
				{"appName": "Paco", "usage": 2},
				{"appName": "카메라", "usage": 1},
				{"appName": "Samsung Pay", "usage": 1},
				{"appName": "Logger", "usage": 1},
				{"appName": "카카오맵", "usage": 1},
				{"appName": "메시지", "usage": 0},
				{"appName": "Google Play 스토어", "usage": 0},
				{"appName": "B612", "usage": 0},
				{"appName": "신한 쏠(SOL)", "usage": 0},
				{"appName": "시계", "usage": 0},
				{"appName": "Google", "usage": 0},
				{"appName": "빅스비 보이스", "usage": 0},
				{"appName": "캘린더", "usage": 0},
				{"appName": "설정", "usage": 0},
				{"appName": "비디오 플레이어", "usage": 0},
				{"appName": "접근성", "usage": 0},
				{"appName": "패키지 설치 프로그램", "usage": 0}
			]
		},
		"avgTime": {
			"usage": 3,
			"details": [
				{"appName": "LightSlinger", "usage": 7},
				{"appName": "프렌즈타운", "usage": 6},
				{"appName": "카메라", "usage": 1},
				{"appName": "T전화", "usage": 1},
				{"appName": "삼성 인터넷", "usage": 1},
				{"appName": "B612", "usage": 0},
				{"appName": "Polar Beat", "usage": 0},
				{"appName": "카카오맵", "usage": 0},
				{"appName": "Logger", "usage": 0},
				{"appName": "One UI 홈", "usage": 0},
				{"appName": "Paco", "usage": 0},
				{"appName": "Samsung Pay", "usage": 0},
				{"appName": "카카오톡", "usage": 0},
				{"appName": "메시지", "usage": 0},
				{"appName": "Google Play 스토어", "usage": 0},
				{"appName": "Google", "usage": 0},
				{"appName": "캘린더", "usage": 0},
				{"appName": "비디오 플레이어", "usage": 0},
				{"appName": "설정", "usage": 0},
				{"appName": "시계", "usage": 0},
				{"appName": "신한 쏠(SOL)", "usage": 0},
				{"appName": "빅스비 보이스", "usage": 0},
				{"appName": "접근성", "usage": 0},
				{"appName": "패키지 설치 프로그램", "usage": 0}
			]
		},
		"lastPickup": {"time": 0}
	},
	{
		"date": 2,
		"totalTime": {
			"usage": 382,
			"details": [
				{"appName": "프렌즈타운", "usage": 171},
				{"appName": "카카오톡", "usage": 52},
				{"appName": "LightSlinger", "usage": 49},
				{"appName": "삼성 인터넷", "usage": 33},
				{"appName": "One UI 홈", "usage": 18},
				{"appName": "Polar Beat", "usage": 9},
				{"appName": "T전화", "usage": 6},
				{"appName": "Paco", "usage": 4},
				{"appName": "메시지", "usage": 2},
				{"appName": "한컴오피스 viewer", "usage": 2},
				{"appName": "캘린더", "usage": 1},
				{"appName": "Samsung Pay", "usage": 1},
				{"appName": "Google Play 서비스", "usage": 0},
				{"appName": "설정", "usage": 0},
				{"appName": "빅스비 보이스", "usage": 0},
				{"appName": "날씨", "usage": 0},
				{"appName": "안드로이드 시스템", "usage": 0}
			]
		},
		"pickups": {"usage": 82},
		"downTime": {
			"usages": [
				{"hour": 0, "usage": 28},
				{"hour": 1, "usage": 6},
				{"hour": 2, "usage": 8},
				{"hour": 3, "usage": 35},
				{"hour": 4, "usage": 53},
				{"hour": 5, "usage": 4},
				{"hour": 6, "usage": 25},
				{"hour": 7, "usage": 1},
				{"hour": 8, "usage": 15},
				{"hour": 9, "usage": 13},
				{"hour": 10, "usage": 13},
				{"hour": 11, "usage": 40},
				{"hour": 12, "usage": 50},
				{"hour": 13, "usage": 9},
				{"hour": 14, "usage": 1},
				{"hour": 15, "usage": 31},
				{"hour": 16, "usage": 41},
				{"hour": 17, "usage": 0}
			],
			"details": [
				{"appName": "One UI 홈", "usage": [0, 1, 2, 3, 4, 5, 6, 7, 8, 9, 10, 11, 12, 13, 14, 15, 16, 17]},
				{"appName": "카카오톡", "usage": [0, 1, 2, 3, 4, 5, 7, 8, 9, 10, 11, 12, 14]},
				{"appName": "삼성 인터넷", "usage": [0, 1, 2, 3, 4, 5, 8, 9, 11, 13]},
				{"appName": "Samsung Pay", "usage": [1, 5, 7, 8, 9, 10, 11, 12, 13]},
				{"appName": "Polar Beat", "usage": [0, 1, 2, 3, 4, 5, 9, 11, 13]},
				{"appName": "프렌즈타운", "usage": [3, 4, 8, 9, 10, 11, 15, 16]},
				{"appName": "Paco", "usage": [2, 3, 4, 5, 7, 9, 10, 11]},
				{"appName": "T전화", "usage": [0, 1, 3, 4, 5, 9]},
				{"appName": "메시지", "usage": [1, 4, 5, 9, 14]},
				{"appName": "캘린더", "usage": [0, 1]},
				{"appName": "설정", "usage": [3, 5]},
				{"appName": "날씨", "usage": [14, 15]},
				{"appName": "LightSlinger", "usage": [11, 12]},
				{"appName": "한컴오피스 viewer", "usage": [11]},
				{"appName": "안드로이드 시스템", "usage": [3]},
				{"appName": "빅스비 보이스", "usage": [0]},
				{"appName": "Google Play 서비스", "usage": [3]}
			]
		},
		"maxTime": {
			"usage": 73,
			"details": [
				{"appName": "프렌즈타운", "usage": 73},
				{"appName": "LightSlinger", "usage": 49},
				{"appName": "카카오톡", "usage": 10},
				{"appName": "삼성 인터넷", "usage": 5},
				{"appName": "One UI 홈", "usage": 5},
				{"appName": "T전화", "usage": 2},
				{"appName": "한컴오피스 viewer", "usage": 2},
				{"appName": "메시지", "usage": 1},
				{"appName": "Polar Beat", "usage": 1},
				{"appName": "Samsung Pay", "usage": 0},
				{"appName": "캘린더", "usage": 0},
				{"appName": "Google Play 서비스", "usage": 0},
				{"appName": "Paco", "usage": 0},
				{"appName": "설정", "usage": 0},
				{"appName": "날씨", "usage": 0},
				{"appName": "안드로이드 시스템", "usage": 0},
				{"appName": "빅스비 보이스", "usage": 0}
			]
		},
		"avgTime": {
			"usage": 4,
			"details": [
				{"appName": "LightSlinger", "usage": 49},
				{"appName": "프렌즈타운", "usage": 12},
				{"appName": "한컴오피스 viewer", "usage": 1},
				{"appName": "삼성 인터넷", "usage": 0},
				{"appName": "T전화", "usage": 0},
				{"appName": "카카오톡", "usage": 0},
				{"appName": "메시지", "usage": 0},
				{"appName": "Polar Beat", "usage": 0},
				{"appName": "One UI 홈", "usage": 0},
				{"appName": "캘린더", "usage": 0},
				{"appName": "Google Play 서비스", "usage": 0},
				{"appName": "Paco", "usage": 0},
				{"appName": "Samsung Pay", "usage": 0},
				{"appName": "설정", "usage": 0},
				{"appName": "날씨", "usage": 0},
				{"appName": "안드로이드 시스템", "usage": 0},
				{"appName": "빅스비 보이스", "usage": 0}
			]
		},
		"lastPickup": {"time": 0}
	},
	{
		"date": 3,
		"totalTime": {
			"usage": 343,
			"details": [
				{"appName": "프렌즈타운", "usage": 131},
				{"appName": "LightSlinger", "usage": 82},
				{"appName": "삼성 인터넷", "usage": 36},
				{"appName": "One UI 홈", "usage": 18},
				{"appName": "카카오톡", "usage": 18},
				{"appName": "Polar Beat", "usage": 9},
				{"appName": "갤러리", "usage": 7},
				{"appName": "Paco", "usage": 7},
				{"appName": "Samsung Pay", "usage": 5},
				{"appName": "한컴오피스 viewer", "usage": 5},
				{"appName": "코레일톡", "usage": 4},
				{"appName": "T멤버십", "usage": 3},
				{"appName": "카메라", "usage": 2},
				{"appName": "T전화", "usage": 1},
				{"appName": "시계", "usage": 1},
				{"appName": "티몬", "usage": 0},
				{"appName": "포토 에디터", "usage": 0},
				{"appName": "SR 고속열차", "usage": 0},
				{"appName": "PASS", "usage": 0},
				{"appName": "위메프", "usage": 0},
				{"appName": "T pay", "usage": 0},
				{"appName": "비디오 플레이어", "usage": 0},
				{"appName": "B612", "usage": 0},
				{"appName": "메시지", "usage": 0},
				{"appName": "안드로이드 시스템", "usage": 0},
				{"appName": "파인더", "usage": 0},
				{"appName": "Google", "usage": 0},
				{"appName": "패키지 설치 프로그램", "usage": 0},
				{"appName": "Dropsync", "usage": 0},
				{"appName": "Google Play 스토어", "usage": 0},
				{"appName": "Authentication Framework", "usage": 0},
				{"appName": "삼성 캡처", "usage": 0}
			]
		},
		"pickups": {"usage": 79},
		"downTime": {
			"usages": [
				{"hour": 1, "usage": 30},
				{"hour": 2, "usage": 36},
				{"hour": 3, "usage": 34},
				{"hour": 4, "usage": 2},
				{"hour": 5, "usage": 8},
				{"hour": 6, "usage": 38},
				{"hour": 7, "usage": 8},
				{"hour": 8, "usage": 32},
				{"hour": 9, "usage": 17},
				{"hour": 10, "usage": 7},
				{"hour": 11, "usage": 4},
				{"hour": 12, "usage": 13},
				{"hour": 13, "usage": 0},
				{"hour": 14, "usage": 29},
				{"hour": 15, "usage": 18},
				{"hour": 17, "usage": 36},
				{"hour": 18, "usage": 16},
				{"hour": 22, "usage": 5},
				{"hour": 23, "usage": 0}
			],
			"details": [
				{"appName": "One UI 홈", "usage": [1, 2, 3, 4, 5, 6, 7, 8, 9, 10, 11, 12, 13, 14, 15, 17, 18, 19, 22, 23]},
				{"appName": "카카오톡", "usage": [1, 5, 7, 8, 9, 10, 11, 12, 13, 14, 15, 17]},
				{"appName": "삼성 인터넷", "usage": [2, 3, 4, 5, 6, 8, 9, 11, 12, 17]},
				{"appName": "Paco", "usage": [1, 2, 3, 4, 5, 6, 7, 10, 11, 12]},
				{"appName": "프렌즈타운", "usage": [1, 2, 6, 8, 14, 15, 17]},
				{"appName": "LightSlinger", "usage": [3, 7, 8, 17, 18]},
				{"appName": "갤러리", "usage": [3, 8, 9, 10]},
				{"appName": "Samsung Pay", "usage": [1, 3, 4, 10]},
				{"appName": "시계", "usage": [8, 18, 23]},
				{"appName": "메시지", "usage": [1, 4, 10]},
				{"appName": "T멤버십", "usage": [8, 9, 10]},
				{"appName": "Polar Beat", "usage": [1, 8, 12]},
				{"appName": "포토 에디터", "usage": [8, 9]},
				{"appName": "코레일톡", "usage": [8, 9]},
				{"appName": "한컴오피스 viewer", "usage": [12]},
				{"appName": "패키지 설치 프로그램", "usage": [9]},
				{"appName": "파인더", "usage": [1]},
				{"appName": "티몬", "usage": [9]},
				{"appName": "카메라", "usage": [8]},
				{"appName": "위메프", "usage": [9]},
				{"appName": "안드로이드 시스템", "usage": [9]},
				{"appName": "삼성 캡처", "usage": [8]},
				{"appName": "비디오 플레이어", "usage": [10]},
				{"appName": "T전화", "usage": [2]},
				{"appName": "T pay", "usage": [9]},
				{"appName": "SR 고속열차", "usage": [8]},
				{"appName": "PASS", "usage": [8]},
				{"appName": "Google Play 스토어", "usage": [9]},
				{"appName": "Google", "usage": [8]},
				{"appName": "Dropsync", "usage": [15]},
				{"appName": "B612", "usage": [5]},
				{"appName": "Authentication Framework", "usage": [8]}
			]
		},
		"maxTime": {
			"usage": 52,
			"details": [
				{"appName": "프렌즈타운", "usage": 34},
				{"appName": "LightSlinger", "usage": 26},
				{"appName": "Polar Beat", "usage": 8},
				{"appName": "삼성 인터넷", "usage": 6},
				{"appName": "한컴오피스 viewer", "usage": 5},
				{"appName": "One UI 홈", "usage": 5},
				{"appName": "카카오톡", "usage": 4},
				{"appName": "갤러리", "usage": 3},
				{"appName": "Samsung Pay", "usage": 3},
				{"appName": "Paco", "usage": 2},
				{"appName": "카메라", "usage": 2},
				{"appName": "T멤버십", "usage": 1},
				{"appName": "시계", "usage": 1},
				{"appName": "티몬", "usage": 0},
				{"appName": "코레일톡", "usage": 0},
				{"appName": "T전화", "usage": 0},
				{"appName": "포토 에디터", "usage": 0},
				{"appName": "비디오 플레이어", "usage": 0},
				{"appName": "SR 고속열차", "usage": 0},
				{"appName": "위메프", "usage": 0},
				{"appName": "B612", "usage": 0},
				{"appName": "T pay", "usage": 0},
				{"appName": "메시지", "usage": 0},
				{"appName": "PASS", "usage": 0},
				{"appName": "파인더", "usage": 0},
				{"appName": "안드로이드 시스템", "usage": 0},
				{"appName": "Google", "usage": 0},
				{"appName": "패키지 설치 프로그램", "usage": 0},
				{"appName": "Dropsync", "usage": 0},
				{"appName": "Google Play 스토어", "usage": 0},
				{"appName": "Authentication Framework", "usage": 0},
				{"appName": "삼성 캡처", "usage": 0}
			]
		},
		"avgTime": {
			"usage": 4,
			"details": [
				{"appName": "LightSlinger", "usage": 13},
				{"appName": "프렌즈타운", "usage": 11},
				{"appName": "한컴오피스 viewer", "usage": 2},
				{"appName": "카메라", "usage": 2},
				{"appName": "Polar Beat", "usage": 1},
				{"appName": "삼성 인터넷", "usage": 0},
				{"appName": "Samsung Pay", "usage": 0},
				{"appName": "T멤버십", "usage": 0},
				{"appName": "갤러리", "usage": 0},
				{"appName": "비디오 플레이어", "usage": 0},
				{"appName": "T전화", "usage": 0},
				{"appName": "B612", "usage": 0},
				{"appName": "포토 에디터", "usage": 0},
				{"appName": "시계", "usage": 0},
				{"appName": "티몬", "usage": 0},
				{"appName": "Paco", "usage": 0},
				{"appName": "One UI 홈", "usage": 0},
				{"appName": "카카오톡", "usage": 0},
				{"appName": "메시지", "usage": 0},
				{"appName": "코레일톡", "usage": 0},
				{"appName": "SR 고속열차", "usage": 0},
				{"appName": "위메프", "usage": 0},
				{"appName": "파인더", "usage": 0},
				{"appName": "T pay", "usage": 0},
				{"appName": "PASS", "usage": 0},
				{"appName": "안드로이드 시스템", "usage": 0},
				{"appName": "Google", "usage": 0},
				{"appName": "패키지 설치 프로그램", "usage": 0},
				{"appName": "Dropsync", "usage": 0},
				{"appName": "Google Play 스토어", "usage": 0},
				{"appName": "Authentication Framework", "usage": 0},
				{"appName": "삼성 캡처", "usage": 0}
			]
		},
		"lastPickup": {"time": 0}
	},
	{
		"date": 4,
		"totalTime": {
			"usage": 214,
			"details": [
				{"appName": "LightSlinger", "usage": 87},
				{"appName": "프렌즈타운", "usage": 35},
				{"appName": "삼성 인터넷", "usage": 25},
				{"appName": "카카오톡", "usage": 15},
				{"appName": "One UI 홈", "usage": 14},
				{"appName": "Paco", "usage": 11},
				{"appName": "T전화", "usage": 11},
				{"appName": "Polar Beat", "usage": 3},
				{"appName": "여기어때", "usage": 1},
				{"appName": "캘린더", "usage": 1},
				{"appName": "Samsung Pay", "usage": 0},
				{"appName": "시계", "usage": 0},
				{"appName": "연락처", "usage": 0},
				{"appName": "Google", "usage": 0},
				{"appName": "AhnLab V3 Mobile Plus 2.0", "usage": 0}
			]
		},
		"pickups": {"usage": 74},
		"downTime": {
			"usages": [
				{"hour": 0, "usage": 0},
				{"hour": 1, "usage": 19},
				{"hour": 2, "usage": 0},
				{"hour": 3, "usage": 17},
				{"hour": 4, "usage": 28},
				{"hour": 5, "usage": 5},
				{"hour": 6, "usage": 0},
				{"hour": 7, "usage": 2},
				{"hour": 9, "usage": 5},
				{"hour": 10, "usage": 0},
				{"hour": 11, "usage": 31},
				{"hour": 12, "usage": 60},
				{"hour": 13, "usage": 33},
				{"hour": 14, "usage": 0},
				{"hour": 15, "usage": 1},
				{"hour": 21, "usage": 0},
				{"hour": 22, "usage": 1},
				{"hour": 23, "usage": 6}
			],
			"details": [
				{"appName": "One UI 홈", "usage": [0, 1, 3, 4, 5, 7, 9, 10, 11, 12, 13, 14, 15, 22, 23]},
				{"appName": "카카오톡", "usage": [0, 1, 3, 4, 5, 7, 13, 15, 22, 23]},
				{"appName": "삼성 인터넷", "usage": [1, 3, 4, 5, 11, 13, 23]},
				{"appName": "Paco", "usage": [1, 3, 4, 7, 9, 10, 11]},
				{"appName": "T전화", "usage": [1, 3, 4, 7, 13, 23]},
				{"appName": "Samsung Pay", "usage": [1, 5, 6, 7, 9, 13]},
				{"appName": "프렌즈타운", "usage": [5, 11, 12, 13]},
				{"appName": "시계", "usage": [0, 15, 22, 23]},
				{"appName": "Polar Beat", "usage": [1, 3, 14, 22]},
				{"appName": "캘린더", "usage": [1, 14, 15]},
				{"appName": "LightSlinger", "usage": [4, 12, 13]},
				{"appName": "Google", "usage": [10, 23]},
				{"appName": "연락처", "usage": [1]},
				{"appName": "여기어때", "usage": [11]},
				{"appName": "AhnLab V3 Mobile Plus 2.0", "usage": [15]}
			]
		},
		"maxTime": {
			"usage": 94,
			"details": [
				{"appName": "LightSlinger", "usage": 67},
				{"appName": "프렌즈타운", "usage": 22},
				{"appName": "T전화", "usage": 5},
				{"appName": "삼성 인터넷", "usage": 5},
				{"appName": "One UI 홈", "usage": 5},
				{"appName": "카카오톡", "usage": 5},
				{"appName": "Paco", "usage": 4},
				{"appName": "Polar Beat", "usage": 1},
				{"appName": "여기어때", "usage": 0},
				{"appName": "캘린더", "usage": 0},
				{"appName": "Samsung Pay", "usage": 0},
				{"appName": "시계", "usage": 0},
				{"appName": "연락처", "usage": 0},
				{"appName": "Google", "usage": 0},
				{"appName": "AhnLab V3 Mobile Plus 2.0", "usage": 0}
			]
		},
		"avgTime": {
			"usage": 2,
			"details": [
				{"appName": "LightSlinger", "usage": 14},
				{"appName": "프렌즈타운", "usage": 7},
				{"appName": "삼성 인터넷", "usage": 0},
				{"appName": "T전화", "usage": 0},
				{"appName": "Paco", "usage": 0},
				{"appName": "여기어때", "usage": 0},
				{"appName": "One UI 홈", "usage": 0},
				{"appName": "Polar Beat", "usage": 0},
				{"appName": "캘린더", "usage": 0},
				{"appName": "카카오톡", "usage": 0},
				{"appName": "Samsung Pay", "usage": 0},
				{"appName": "시계", "usage": 0},
				{"appName": "Google", "usage": 0},
				{"appName": "연락처", "usage": 0},
				{"appName": "AhnLab V3 Mobile Plus 2.0", "usage": 0}
			]
		},
		"lastPickup": {"time": 0}
	},
	{
		"date": 5,
		"totalTime": {
			"usage": 183,
			"details": [
				{"appName": "삼성 인터넷", "usage": 72},
				{"appName": "One UI 홈", "usage": 37},
				{"appName": "프렌즈타운", "usage": 35},
				{"appName": "카카오톡", "usage": 15},
				{"appName": "T전화", "usage": 8},
				{"appName": "Paco", "usage": 5},
				{"appName": "T멤버십", "usage": 1},
				{"appName": "Polar Beat", "usage": 1},
				{"appName": "신한 쏠(SOL)", "usage": 0},
				{"appName": "Samsung Pay", "usage": 0},
				{"appName": "갤러리", "usage": 0},
				{"appName": "비디오 플레이어", "usage": 0},
				{"appName": "설정", "usage": 0},
				{"appName": "캘린더", "usage": 0},
				{"appName": "시계", "usage": 0},
				{"appName": "접근성", "usage": 0},
				{"appName": "AhnLab V3 Mobile Plus 2.0", "usage": 0},
				{"appName": "메시지", "usage": 0},
				{"appName": "Dragon Strike: Puzzle RPG", "usage": 0},
				{"appName": "Logger", "usage": 0},
				{"appName": "패키지 설치 프로그램", "usage": 0}
			]
		},
		"pickups": {"usage": 70},
		"downTime": {
			"usages": [
				{"hour": 0, "usage": 17},
				{"hour": 1, "usage": 0},
				{"hour": 2, "usage": 0},
				{"hour": 3, "usage": 2},
				{"hour": 4, "usage": 12},
				{"hour": 5, "usage": 0},
				{"hour": 6, "usage": 2},
				{"hour": 7, "usage": 27},
				{"hour": 8, "usage": 12},
				{"hour": 9, "usage": 0},
				{"hour": 10, "usage": 10},
				{"hour": 11, "usage": 5},
				{"hour": 12, "usage": 1},
				{"hour": 13, "usage": 2},
				{"hour": 14, "usage": 4},
				{"hour": 15, "usage": 31},
				{"hour": 16, "usage": 31},
				{"hour": 22, "usage": 0},
				{"hour": 23, "usage": 17}
			],
			"details": [
				{"appName": "One UI 홈", "usage": [0, 1, 2, 3, 4, 5, 6, 7, 8, 9, 10, 11, 12, 13, 14, 15, 16, 22, 23]},
				{"appName": "카카오톡", "usage": [0, 2, 3, 6, 7, 8, 9, 10, 13, 14, 15, 23]},
				{"appName": "삼성 인터넷", "usage": [0, 1, 3, 4, 7, 8, 14, 15, 16, 23]},
				{"appName": "Paco", "usage": [2, 3, 4, 5, 6, 7, 8, 9, 12]},
				{"appName": "T전화", "usage": [0, 7, 10, 15, 23]},
				{"appName": "캘린더", "usage": [2, 3, 4]},
				{"appName": "설정", "usage": [6, 7, 14]},
				{"appName": "비디오 플레이어", "usage": [6, 7, 13]},
				{"appName": "Samsung Pay", "usage": [3, 8, 14]},
				{"appName": "Polar Beat", "usage": [3, 8, 12]},
				{"appName": "프렌즈타운", "usage": [15, 16]},
				{"appName": "접근성", "usage": [6, 7]},
				{"appName": "신한 쏠(SOL)", "usage": [14, 15]},
				{"appName": "메시지", "usage": [0, 4]},
				{"appName": "패키지 설치 프로그램", "usage": [6]},
				{"appName": "시계", "usage": [23]},
				{"appName": "갤러리", "usage": [13]},
				{"appName": "T멤버십", "usage": [15]},
				{"appName": "Logger", "usage": [6]},
				{"appName": "Dragon Strike: Puzzle RPG", "usage": [4]},
				{"appName": "AhnLab V3 Mobile Plus 2.0", "usage": [15]}
			]
		},
		"maxTime": {
			"usage": 53,
			"details": [
				{"appName": "프렌즈타운", "usage": 29},
				{"appName": "삼성 인터넷", "usage": 15},
				{"appName": "One UI 홈", "usage": 5},
				{"appName": "T전화", "usage": 4},
				{"appName": "T멤버십", "usage": 1},
				{"appName": "카카오톡", "usage": 1},
				{"appName": "Paco", "usage": 1},
				{"appName": "Polar Beat", "usage": 0},
				{"appName": "신한 쏠(SOL)", "usage": 0},
				{"appName": "갤러리", "usage": 0},
				{"appName": "Samsung Pay", "usage": 0},
				{"appName": "설정", "usage": 0},
				{"appName": "캘린더", "usage": 0},
				{"appName": "비디오 플레이어", "usage": 0},
				{"appName": "시계", "usage": 0},
				{"appName": "AhnLab V3 Mobile Plus 2.0", "usage": 0},
				{"appName": "접근성", "usage": 0},
				{"appName": "Dragon Strike: Puzzle RPG", "usage": 0},
				{"appName": "Logger", "usage": 0},
				{"appName": "메시지", "usage": 0},
				{"appName": "패키지 설치 프로그램", "usage": 0}
			]
		},
		"avgTime": {
			"usage": 2,
			"details": [
				{"appName": "프렌즈타운", "usage": 17},
				{"appName": "삼성 인터넷", "usage": 2},
				{"appName": "T멤버십", "usage": 1},
				{"appName": "갤러리", "usage": 0},
				{"appName": "One UI 홈", "usage": 0},
				{"appName": "T전화", "usage": 0},
				{"appName": "Polar Beat", "usage": 0},
				{"appName": "비디오 플레이어", "usage": 0},
				{"appName": "Paco", "usage": 0},
				{"appName": "Samsung Pay", "usage": 0},
				{"appName": "카카오톡", "usage": 0},
				{"appName": "신한 쏠(SOL)", "usage": 0},
				{"appName": "AhnLab V3 Mobile Plus 2.0", "usage": 0},
				{"appName": "설정", "usage": 0},
				{"appName": "캘린더", "usage": 0},
				{"appName": "시계", "usage": 0},
				{"appName": "Dragon Strike: Puzzle RPG", "usage": 0},
				{"appName": "접근성", "usage": 0},
				{"appName": "메시지", "usage": 0},
				{"appName": "Logger", "usage": 0},
				{"appName": "패키지 설치 프로그램", "usage": 0}
			]
		},
		"lastPickup": {"time": 1}
	},
	{
		"date": 6,
		"totalTime": {
			"usage": 477,
			"details": [
				{"appName": "프렌즈타운", "usage": 246},
				{"appName": "One UI 홈", "usage": 54},
				{"appName": "카카오톡", "usage": 43},
				{"appName": "삼성 인터넷", "usage": 41},
				{"appName": "T전화", "usage": 37},
				{"appName": "AVS", "usage": 28},
				{"appName": "카카오맵", "usage": 6},
				{"appName": "Paco", "usage": 4},
				{"appName": "카메라", "usage": 3},
				{"appName": "Samsung Pay", "usage": 2},
				{"appName": "Polar Beat", "usage": 1},
				{"appName": "메시지", "usage": 1},
				{"appName": "네이버 웹툰", "usage": 1},
				{"appName": "갤러리", "usage": 1},
				{"appName": "설정", "usage": 0},
				{"appName": "빅스비 보이스", "usage": 0},
				{"appName": "연락처", "usage": 0},
				{"appName": "시계", "usage": 0},
				{"appName": "캘린더", "usage": 0},
				{"appName": "Logger", "usage": 0},
				{"appName": "접근성", "usage": 0},
				{"appName": "안드로이드 시스템", "usage": 0},
				{"appName": "T멤버십", "usage": 0},
				{"appName": "T 가드", "usage": 0},
				{"appName": "패키지 설치 프로그램", "usage": 0}
			]
		},
		"pickups": {"usage": 88},
		"downTime": {
			"usages": [
				{"hour": 0, "usage": 36},
				{"hour": 1, "usage": 1},
				{"hour": 2, "usage": 2},
				{"hour": 3, "usage": 46},
				{"hour": 4, "usage": 49},
				{"hour": 5, "usage": 32},
				{"hour": 6, "usage": 22},
				{"hour": 7, "usage": 20},
				{"hour": 8, "usage": 28},
				{"hour": 9, "usage": 5},
				{"hour": 10, "usage": 22},
				{"hour": 11, "usage": 28},
				{"hour": 12, "usage": 47},
				{"hour": 13, "usage": 38},
				{"hour": 14, "usage": 19},
				{"hour": 15, "usage": 60},
				{"hour": 16, "usage": 3},
				{"hour": 17, "usage": 4},
				{"hour": 22, "usage": 5},
				{"hour": 23, "usage": 1}
			],
			"details": [
				{"appName": "One UI 홈", "usage": [0, 1, 2, 3, 4, 5, 6, 7, 8, 9, 10, 11, 12, 13, 14, 16, 17, 22, 23]},
				{"appName": "카카오톡", "usage": [0, 1, 2, 3, 4, 5, 6, 7, 8, 9, 10, 11, 12, 13, 14, 23]},
				{"appName": "프렌즈타운", "usage": [0, 4, 5, 6, 7, 8, 11, 12, 13, 14, 15, 16]},
				{"appName": "Paco", "usage": [1, 2, 3, 5, 6, 7, 8, 9, 10, 11, 12, 13]},
				{"appName": "삼성 인터넷", "usage": [0, 4, 5, 6, 7, 10]},
				{"appName": "Samsung Pay", "usage": [3, 5, 8, 11, 13, 23]},
				{"appName": "T전화", "usage": [3, 10, 11, 13, 14]},
				{"appName": "메시지", "usage": [4, 6, 7, 11]},
				{"appName": "카메라", "usage": [11, 12, 13]},
				{"appName": "설정", "usage": [1, 5, 13]},
				{"appName": "패키지 설치 프로그램", "usage": [1, 13]},
				{"appName": "접근성", "usage": [1, 5]},
				{"appName": "빅스비 보이스", "usage": [8, 13]},
				{"appName": "Polar Beat", "usage": [0, 13]},
				{"appName": "Logger", "usage": [1, 13]},
				{"appName": "AVS", "usage": [3, 4]},
				{"appName": "캘린더", "usage": [0]},
				{"appName": "카카오맵", "usage": [11]},
				{"appName": "연락처", "usage": [23]},
				{"appName": "안드로이드 시스템", "usage": [12]},
				{"appName": "시계", "usage": [23]},
				{"appName": "네이버 웹툰", "usage": [0]},
				{"appName": "갤러리", "usage": [12]},
				{"appName": "T멤버십", "usage": [13]},
				{"appName": "T 가드", "usage": [14]}
			]
		},
		"maxTime": {
			"usage": 67,
			"details": [
				{"appName": "프렌즈타운", "usage": 65},
				{"appName": "AVS", "usage": 27},
				{"appName": "삼성 인터넷", "usage": 14},
				{"appName": "T전화", "usage": 10},
				{"appName": "One UI 홈", "usage": 7},
				{"appName": "카카오맵", "usage": 6},
				{"appName": "카카오톡", "usage": 3},
				{"appName": "Polar Beat", "usage": 1},
				{"appName": "메시지", "usage": 1},
				{"appName": "카메라", "usage": 1},
				{"appName": "네이버 웹툰", "usage": 0},
				{"appName": "Samsung Pay", "usage": 0},
				{"appName": "갤러리", "usage": 0},
				{"appName": "Paco", "usage": 0},
				{"appName": "연락처", "usage": 0},
				{"appName": "빅스비 보이스", "usage": 0},
				{"appName": "시계", "usage": 0},
				{"appName": "캘린더", "usage": 0},
				{"appName": "설정", "usage": 0},
				{"appName": "안드로이드 시스템", "usage": 0},
				{"appName": "Logger", "usage": 0},
				{"appName": "접근성", "usage": 0},
				{"appName": "T멤버십", "usage": 0},
				{"appName": "T 가드", "usage": 0},
				{"appName": "패키지 설치 프로그램", "usage": 0}
			]
		},
		"avgTime": {
			"usage": 5,
			"details": [
				{"appName": "프렌즈타운", "usage": 10},
				{"appName": "AVS", "usage": 4},
				{"appName": "카카오맵", "usage": 3},
				{"appName": "T전화", "usage": 2},
				{"appName": "삼성 인터넷", "usage": 1},
				{"appName": "카메라", "usage": 0},
				{"appName": "One UI 홈", "usage": 0},
				{"appName": "갤러리", "usage": 0},
				{"appName": "메시지", "usage": 0},
				{"appName": "Samsung Pay", "usage": 0},
				{"appName": "Polar Beat", "usage": 0},
				{"appName": "네이버 웹툰", "usage": 0},
				{"appName": "카카오톡", "usage": 0},
				{"appName": "연락처", "usage": 0},
				{"appName": "캘린더", "usage": 0},
				{"appName": "Paco", "usage": 0},
				{"appName": "시계", "usage": 0},
				{"appName": "안드로이드 시스템", "usage": 0},
				{"appName": "빅스비 보이스", "usage": 0},
				{"appName": "접근성", "usage": 0},
				{"appName": "설정", "usage": 0},
				{"appName": "T멤버십", "usage": 0},
				{"appName": "Logger", "usage": 0},
				{"appName": "T 가드", "usage": 0},
				{"appName": "패키지 설치 프로그램", "usage": 0}
			]
		},
		"lastPickup": {"time": 0}
	},
	{
		"date": 7,
		"totalTime": {
			"usage": 385,
			"details": [
				{"appName": "", "usage": 991},
				{"appName": "카카오톡", "usage": 81},
				{"appName": "프렌즈타운", "usage": 73},
				{"appName": "1km", "usage": 72},
				{"appName": "삼성 인터넷", "usage": 59},
				{"appName": "One UI 홈", "usage": 36},
				{"appName": "갤러리", "usage": 11},
				{"appName": "T전화", "usage": 11},
				{"appName": "Paco", "usage": 6},
				{"appName": "카메라", "usage": 5},
				{"appName": "메시지", "usage": 4},
				{"appName": "T멤버십", "usage": 2},
				{"appName": "CGV", "usage": 2},
				{"appName": "Google Play 스토어", "usage": 2},
				{"appName": "blind", "usage": 2},
				{"appName": "Polar Beat", "usage": 1},
				{"appName": "비디오 플레이어", "usage": 0},
				{"appName": "Samsung Pay", "usage": 0},
				{"appName": "빅스비 보이스", "usage": 0},
				{"appName": "설정", "usage": 0},
				{"appName": "안드로이드 시스템", "usage": 0},
				{"appName": "티몬", "usage": 0},
				{"appName": "Logger", "usage": 0},
				{"appName": "캘린더", "usage": 0},
				{"appName": "연락처", "usage": 0},
				{"appName": "패키지 설치 프로그램", "usage": 0},
				{"appName": "시계", "usage": 0},
				{"appName": "접근성", "usage": 0}
			]
		},
		"pickups": {"usage": 85},
		"downTime": {
			"usages": [
				{"hour": 0, "usage": 28},
				{"hour": 1, "usage": 18},
				{"hour": 2, "usage": 0},
				{"hour": 3, "usage": 2},
				{"hour": 4, "usage": 0},
				{"hour": 5, "usage": 9},
				{"hour": 6, "usage": 4},
				{"hour": 7, "usage": 7},
				{"hour": 8, "usage": 8},
				{"hour": 9, "usage": 41},
				{"hour": 10, "usage": 23},
				{"hour": 11, "usage": 23},
				{"hour": 12, "usage": 1},
				{"hour": 14, "usage": 31},
				{"hour": 15, "usage": 43},
				{"hour": 16, "usage": 60},
				{"hour": 17, "usage": 15},
				{"hour": 18, "usage": 11},
				{"hour": 19, "usage": 31},
				{"hour": 22, "usage": 5},
				{"hour": 23, "usage": 11}
			],
			"details": [
				{"appName": "One UI 홈", "usage": [0, 1, 2, 3, 4, 5, 6, 7, 8, 9, 10, 11, 12, 14, 15, 16, 17, 18, 19, 22, 23]},
				{"appName": "", "usage": [0, 1, 2, 3, 4, 5, 6, 7, 8, 9, 10, 11, 12, 13, 14, 15, 16]},
				{"appName": "카카오톡", "usage": [0, 1, 3, 4, 5, 6, 7, 10, 11, 14, 15, 16, 17, 18, 19, 23]},
				{"appName": "Paco", "usage": [1, 2, 3, 5, 6, 7, 8, 9, 10, 11, 12]},
				{"appName": "삼성 인터넷", "usage": [0, 1, 6, 7, 9, 10, 11, 18, 19, 23]},
				{"appName": "T전화", "usage": [0, 3, 7, 9, 10, 12, 14, 15, 23]},
				{"appName": "패키지 설치 프로그램", "usage": [1, 12, 14, 16, 23]},
				{"appName": "메시지", "usage": [0, 3, 10, 11, 23]},
				{"appName": "갤러리", "usage": [9, 14, 15, 16, 18]},
				{"appName": "Samsung Pay", "usage": [0, 1, 10, 17, 18]},
				{"appName": "Google Play 스토어", "usage": [14, 16, 17, 19, 23]},
				{"appName": "프렌즈타운", "usage": [9, 10, 11, 14]},
				{"appName": "안드로이드 시스템", "usage": [14, 15, 16, 23]},
				{"appName": "빅스비 보이스", "usage": [8, 11, 12, 23]},
				{"appName": "카메라", "usage": [8, 9, 23]},
				{"appName": "Polar Beat", "usage": [0, 7, 12]},
				{"appName": "1km", "usage": [14, 15, 16]},
				{"appName": "티몬", "usage": [7, 23]},
				{"appName": "연락처", "usage": [0, 12]},
				{"appName": "설정", "usage": [1, 15]},
				{"appName": "Logger", "usage": [1, 12]},
				{"appName": "캘린더", "usage": [23]},
				{"appName": "접근성", "usage": [1]},
				{"appName": "시계", "usage": [23]},
				{"appName": "비디오 플레이어", "usage": [19]},
				{"appName": "blind", "usage": [19]},
				{"appName": "T멤버십", "usage": [23]},
				{"appName": "CGV", "usage": [23]}
			]
		},
		"maxTime": {
			"usage": 104,
			"details": [
				{"appName": "", "usage": 987},
				{"appName": "프렌즈타운", "usage": 20},
				{"appName": "삼성 인터넷", "usage": 16},
				{"appName": "카카오톡", "usage": 8},
				{"appName": "갤러리", "usage": 5},
				{"appName": "One UI 홈", "usage": 5},
				{"appName": "1km", "usage": 4},
				{"appName": "T전화", "usage": 3},
				{"appName": "T멤버십", "usage": 2},
				{"appName": "Paco", "usage": 2},
				{"appName": "카메라", "usage": 2},
				{"appName": "메시지", "usage": 2},
				{"appName": "CGV", "usage": 1},
				{"appName": "Google Play 스토어", "usage": 1},
				{"appName": "비디오 플레이어", "usage": 0},
				{"appName": "blind", "usage": 0},
				{"appName": "Polar Beat", "usage": 0},
				{"appName": "빅스비 보이스", "usage": 0},
				{"appName": "Samsung Pay", "usage": 0},
				{"appName": "설정", "usage": 0},
				{"appName": "캘린더", "usage": 0},
				{"appName": "Logger", "usage": 0},
				{"appName": "티몬", "usage": 0},
				{"appName": "연락처", "usage": 0},
				{"appName": "시계", "usage": 0},
				{"appName": "안드로이드 시스템", "usage": 0},
				{"appName": "패키지 설치 프로그램", "usage": 0},
				{"appName": "접근성", "usage": 0}
			]
		},
		"avgTime": {
			"usage": 4,
			"details": [
				{"appName": "", "usage": 26},
				{"appName": "프렌즈타운", "usage": 6},
				{"appName": "T멤버십", "usage": 1},
				{"appName": "삼성 인터넷", "usage": 1},
				{"appName": "갤러리", "usage": 1},
				{"appName": "카메라", "usage": 1},
				{"appName": "메시지", "usage": 0},
				{"appName": "비디오 플레이어", "usage": 0},
				{"appName": "T전화", "usage": 0},
				{"appName": "CGV", "usage": 0},
				{"appName": "카카오톡", "usage": 0},
				{"appName": "One UI 홈", "usage": 0},
				{"appName": "1km", "usage": 0},
				{"appName": "Google Play 스토어", "usage": 0},
				{"appName": "blind", "usage": 0},
				{"appName": "Paco", "usage": 0},
				{"appName": "캘린더", "usage": 0},
				{"appName": "Samsung Pay", "usage": 0},
				{"appName": "설정", "usage": 0},
				{"appName": "Polar Beat", "usage": 0},
				{"appName": "연락처", "usage": 0},
				{"appName": "빅스비 보이스", "usage": 0},
				{"appName": "티몬", "usage": 0},
				{"appName": "안드로이드 시스템", "usage": 0},
				{"appName": "Logger", "usage": 0},
				{"appName": "접근성", "usage": 0},
				{"appName": "시계", "usage": 0},
				{"appName": "패키지 설치 프로그램", "usage": 0}
			]
		},
		"lastPickup": {"time": 5}
	}
]
