[
	{
		"date": 1,
		"totalTime": {
			"usage": 397,
			"details": [
				{"appName": "Netflix", "usage": 95},
				{"appName": "YouTube", "usage": 65},
				{"appName": "自走棋测试服", "usage": 42},
				{"appName": "삼성 인터넷", "usage": 34},
				{"appName": "카카오톡", "usage": 26},
				{"appName": "붕괴3rd", "usage": 26},
				{"appName": "Samsung Experience 홈", "usage": 18},
				{"appName": "네이버 웹툰", "usage": 15},
				{"appName": "Reddit", "usage": 10},
				{"appName": "네이버 지도", "usage": 5},
				{"appName": "Paco", "usage": 5},
				{"appName": "WeChat", "usage": 5},
				{"appName": "Microsoft Health", "usage": 4},
				{"appName": "카카오스탁", "usage": 3},
				{"appName": "Gmail", "usage": 3},
				{"appName": "Polar Beat", "usage": 3},
				{"appName": "Samsung Pay", "usage": 2},
				{"appName": "T전화", "usage": 2},
				{"appName": "메시지", "usage": 2},
				{"appName": "카카오 T", "usage": 2},
				{"appName": "Logger", "usage": 1},
				{"appName": "다나와 가격비교", "usage": 1},
				{"appName": "NAVER", "usage": 1},
				{"appName": "스카이피플", "usage": 1},
				{"appName": "설정", "usage": 0},
				{"appName": "시계", "usage": 0},
				{"appName": "시스템 UI", "usage": 0},
				{"appName": "패키지 설치 프로그램", "usage": 0},
				{"appName": "캘린더", "usage": 0},
				{"appName": "YouTube Music", "usage": 0},
				{"appName": "", "usage": 0},
				{"appName": "Instagram", "usage": 0},
				{"appName": "KLMS", "usage": 0},
				{"appName": "게임런처", "usage": 0},
				{"appName": "파인더", "usage": 0},
				{"appName": "접근성", "usage": 0},
				{"appName": "드라이브", "usage": 0},
				{"appName": "Google Play 서비스", "usage": 0},
				{"appName": "Google Play 스토어", "usage": 0},
				{"appName": "안드로이드 시스템", "usage": 0},
				{"appName": "네이버 카페", "usage": 0},
				{"appName": "Google", "usage": 0},
				{"appName": "Samsung Notes", "usage": 0},
				{"appName": "삼성 캡처", "usage": 0}
			]
		},
		"pickups": {"usage": 155},
		"downTime": {
			"usages": [
				{"hour": 1, "usage": 28},
				{"hour": 2, "usage": 23},
				{"hour": 3, "usage": 26},
				{"hour": 4, "usage": 37},
				{"hour": 5, "usage": 25},
				{"hour": 6, "usage": 8},
				{"hour": 7, "usage": 42},
				{"hour": 8, "usage": 14},
				{"hour": 9, "usage": 2},
				{"hour": 10, "usage": 47},
				{"hour": 11, "usage": 20},
				{"hour": 12, "usage": 4},
				{"hour": 13, "usage": 19},
				{"hour": 14, "usage": 27},
				{"hour": 15, "usage": 1},
				{"hour": 16, "usage": 8},
				{"hour": 17, "usage": 28},
				{"hour": 18, "usage": 23},
				{"hour": 23, "usage": 3}
			],
			"details": [
				{"appName": "Samsung Experience 홈", "usage": [1, 2, 3, 4, 5, 6, 7, 8, 9, 10, 11, 12, 13, 14, 15, 16, 17, 18]},
				{"appName": "카카오톡", "usage": [1, 3, 4, 5, 6, 7, 8, 9, 10, 11, 12, 13, 14, 17]},
				{"appName": "삼성 인터넷", "usage": [1, 2, 3, 4, 6, 8, 11, 12, 13, 14, 15]},
				{"appName": "YouTube", "usage": [1, 2, 3, 8, 9, 10, 13, 14, 15, 16]},
				{"appName": "Paco", "usage": [3, 4, 5, 6, 7, 9, 10, 11, 12, 13]},
				{"appName": "설정", "usage": [3, 4, 5, 9, 10, 13, 17]},
				{"appName": "Polar Beat", "usage": [3, 4, 5, 6, 8, 10, 12]},
				{"appName": "Netflix", "usage": [3, 10, 11, 17, 18, 19, 23]},
				{"appName": "패키지 설치 프로그램", "usage": [3, 4, 7, 9, 13, 14]},
				{"appName": "T전화", "usage": [3, 4, 5, 10, 11, 14]},
				{"appName": "게임런처", "usage": [5, 6, 7, 14, 16]},
				{"appName": "접근성", "usage": [3, 4, 9, 13]},
				{"appName": "시계", "usage": [1, 2, 9, 10]},
				{"appName": "붕괴3rd", "usage": [5, 6, 14, 16]},
				{"appName": "메시지", "usage": [3, 4, 6, 11]},
				{"appName": "네이버 웹툰", "usage": [8, 11, 13, 14]},
				{"appName": "Logger", "usage": [3, 4, 9, 13]},
				{"appName": "캘린더", "usage": [4, 12, 13]},
				{"appName": "시스템 UI", "usage": [10, 11, 18]},
				{"appName": "Samsung Pay", "usage": [3, 4, 8]},
				{"appName": "Reddit", "usage": [4, 8, 14]},
				{"appName": "Gmail", "usage": [3, 4, 14]},
				{"appName": "스카이피플", "usage": [3, 10]},
				{"appName": "네이버 지도", "usage": [10, 11]},
				{"appName": "自走棋测试服", "usage": [7, 14]},
				{"appName": "YouTube Music", "usage": [3, 11]},
				{"appName": "WeChat", "usage": [3, 5]},
				{"appName": "NAVER", "usage": [12, 14]},
				{"appName": "Microsoft Health", "usage": [4, 13]},
				{"appName": "파인더", "usage": [11]},
				{"appName": "카카오스탁", "usage": [23]},
				{"appName": "카카오 T", "usage": [14]},
				{"appName": "안드로이드 시스템", "usage": [3]},
				{"appName": "삼성 캡처", "usage": [3]},
				{"appName": "드라이브", "usage": [3]},
				{"appName": "다나와 가격비교", "usage": [13]},
				{"appName": "네이버 카페", "usage": [10]},
				{"appName": "Samsung Notes", "usage": [3]},
				{"appName": "KLMS", "usage": [3]},
				{"appName": "Instagram", "usage": [13]},
				{"appName": "Google Play 스토어", "usage": [4]},
				{"appName": "Google Play 서비스", "usage": [14]},
				{"appName": "Google", "usage": [14]},
				{"appName": "", "usage": [14]}
			]
		},
		"maxTime": {
			"usage": 51,
			"details": [
				{"appName": "自走棋测试服", "usage": 40},
				{"appName": "YouTube", "usage": 26},
				{"appName": "Netflix", "usage": 21},
				{"appName": "붕괴3rd", "usage": 10},
				{"appName": "삼성 인터넷", "usage": 7},
				{"appName": "Reddit", "usage": 6},
				{"appName": "WeChat", "usage": 4},
				{"appName": "카카오스탁", "usage": 3},
				{"appName": "네이버 웹툰", "usage": 2},
				{"appName": "네이버 지도", "usage": 2},
				{"appName": "Microsoft Health", "usage": 2},
				{"appName": "Samsung Pay", "usage": 2},
				{"appName": "메시지", "usage": 1},
				{"appName": "카카오톡", "usage": 1},
				{"appName": "Polar Beat", "usage": 1},
				{"appName": "Gmail", "usage": 0},
				{"appName": "다나와 가격비교", "usage": 0},
				{"appName": "T전화", "usage": 0},
				{"appName": "패키지 설치 프로그램", "usage": 0},
				{"appName": "Logger", "usage": 0},
				{"appName": "Samsung Experience 홈", "usage": 0},
				{"appName": "NAVER", "usage": 0},
				{"appName": "카카오 T", "usage": 0},
				{"appName": "시스템 UI", "usage": 0},
				{"appName": "Paco", "usage": 0},
				{"appName": "YouTube Music", "usage": 0},
				{"appName": "캘린더", "usage": 0},
				{"appName": "시계", "usage": 0},
				{"appName": "스카이피플", "usage": 0},
				{"appName": "Instagram", "usage": 0},
				{"appName": "", "usage": 0},
				{"appName": "파인더", "usage": 0},
				{"appName": "KLMS", "usage": 0},
				{"appName": "설정", "usage": 0},
				{"appName": "드라이브", "usage": 0},
				{"appName": "Google Play 서비스", "usage": 0},
				{"appName": "Google Play 스토어", "usage": 0},
				{"appName": "게임런처", "usage": 0},
				{"appName": "안드로이드 시스템", "usage": 0},
				{"appName": "접근성", "usage": 0},
				{"appName": "네이버 카페", "usage": 0},
				{"appName": "Google", "usage": 0},
				{"appName": "Samsung Notes", "usage": 0},
				{"appName": "삼성 캡처", "usage": 0}
			]
		},
		"avgTime": {
			"usage": 2,
			"details": [
				{"appName": "붕괴3rd", "usage": 5},
				{"appName": "YouTube", "usage": 3},
				{"appName": "Netflix", "usage": 2},
				{"appName": "自走棋测试服", "usage": 2},
				{"appName": "Reddit", "usage": 1},
				{"appName": "카카오스탁", "usage": 1},
				{"appName": "삼성 인터넷", "usage": 0},
				{"appName": "Samsung Pay", "usage": 0},
				{"appName": "네이버 지도", "usage": 0},
				{"appName": "Microsoft Health", "usage": 0},
				{"appName": "Gmail", "usage": 0},
				{"appName": "다나와 가격비교", "usage": 0},
				{"appName": "메시지", "usage": 0},
				{"appName": "WeChat", "usage": 0},
				{"appName": "네이버 웹툰", "usage": 0},
				{"appName": "YouTube Music", "usage": 0},
				{"appName": "NAVER", "usage": 0},
				{"appName": "Paco", "usage": 0},
				{"appName": "T전화", "usage": 0},
				{"appName": "파인더", "usage": 0},
				{"appName": "Polar Beat", "usage": 0},
				{"appName": "드라이브", "usage": 0},
				{"appName": "Logger", "usage": 0},
				{"appName": "Instagram", "usage": 0},
				{"appName": "스카이피플", "usage": 0},
				{"appName": "", "usage": 0},
				{"appName": "카카오톡", "usage": 0},
				{"appName": "카카오 T", "usage": 0},
				{"appName": "패키지 설치 프로그램", "usage": 0},
				{"appName": "Google Play 서비스", "usage": 0},
				{"appName": "Google Play 스토어", "usage": 0},
				{"appName": "Samsung Experience 홈", "usage": 0},
				{"appName": "시계", "usage": 0},
				{"appName": "캘린더", "usage": 0},
				{"appName": "시스템 UI", "usage": 0},
				{"appName": "안드로이드 시스템", "usage": 0},
				{"appName": "KLMS", "usage": 0},
				{"appName": "설정", "usage": 0},
				{"appName": "네이버 카페", "usage": 0},
				{"appName": "게임런처", "usage": 0},
				{"appName": "접근성", "usage": 0},
				{"appName": "Google", "usage": 0},
				{"appName": "Samsung Notes", "usage": 0},
				{"appName": "삼성 캡처", "usage": 0}
			]
		},
		"lastPickup": {"time": 3}
	},
	{
		"date": 2,
		"totalTime": {
			"usage": 319,
			"details": [
				{"appName": "YouTube", "usage": 140},
				{"appName": "붕괴3rd", "usage": 44},
				{"appName": "삼성 인터넷", "usage": 37},
				{"appName": "Netflix", "usage": 25},
				{"appName": "카카오톡", "usage": 17},
				{"appName": "카카오스탁", "usage": 8},
				{"appName": "One UI 홈", "usage": 8},
				{"appName": "Paco", "usage": 7},
				{"appName": "Google Play 스토어", "usage": 6},
				{"appName": "Reddit", "usage": 6},
				{"appName": "Polar Beat", "usage": 1},
				{"appName": "YouTube Music", "usage": 1},
				{"appName": "스타벅스", "usage": 1},
				{"appName": "메시지", "usage": 1},
				{"appName": "T전화", "usage": 1},
				{"appName": "시계", "usage": 1},
				{"appName": "스카이피플", "usage": 0},
				{"appName": "NAVER", "usage": 0},
				{"appName": "네이버 웹툰", "usage": 0},
				{"appName": "게임런처", "usage": 0},
				{"appName": "Logger", "usage": 0},
				{"appName": "Gmail", "usage": 0},
				{"appName": "패키지 설치 프로그램", "usage": 0},
				{"appName": "설정", "usage": 0},
				{"appName": "다음웹툰", "usage": 0},
				{"appName": "Samsung Notes", "usage": 0},
				{"appName": "접근성", "usage": 0},
				{"appName": "WeChat", "usage": 0},
				{"appName": "삼성 캡처", "usage": 0},
				{"appName": "Samsung Experience Service", "usage": 0},
				{"appName": "우리카드", "usage": 0}
			]
		},
		"pickups": {"usage": 82},
		"downTime": {
			"usages": [
				{"hour": 0, "usage": 0},
				{"hour": 1, "usage": 49},
				{"hour": 2, "usage": 21},
				{"hour": 3, "usage": 29},
				{"hour": 4, "usage": 17},
				{"hour": 5, "usage": 0},
				{"hour": 6, "usage": 12},
				{"hour": 7, "usage": 0},
				{"hour": 8, "usage": 9},
				{"hour": 9, "usage": 0},
				{"hour": 10, "usage": 3},
				{"hour": 11, "usage": 25},
				{"hour": 12, "usage": 44},
				{"hour": 13, "usage": 14},
				{"hour": 14, "usage": 11},
				{"hour": 15, "usage": 25},
				{"hour": 17, "usage": 8},
				{"hour": 18, "usage": 44}
			],
			"details": [
				{"appName": "One UI 홈", "usage": [0, 1, 2, 3, 4, 5, 6, 8, 9, 10, 11, 12, 13, 14, 15, 17, 18]},
				{"appName": "카카오톡", "usage": [1, 4, 6, 8, 10, 11, 12, 13, 14, 15, 17]},
				{"appName": "삼성 인터넷", "usage": [1, 2, 3, 4, 6, 7, 8, 13, 14, 15]},
				{"appName": "YouTube", "usage": [1, 2, 4, 10, 11, 12, 13, 17, 18]},
				{"appName": "Paco", "usage": [2, 3, 4, 5, 6, 8, 9, 11, 12]},
				{"appName": "카카오스탁", "usage": [0, 1, 2, 3, 4, 5, 6, 7]},
				{"appName": "패키지 설치 프로그램", "usage": [2, 3, 6, 15, 17]},
				{"appName": "시계", "usage": [0, 1, 12, 13]},
				{"appName": "게임런처", "usage": [3, 12, 15, 17]},
				{"appName": "Polar Beat", "usage": [3, 6, 10, 11]},
				{"appName": "접근성", "usage": [3, 6, 15]},
				{"appName": "설정", "usage": [3, 6, 15]},
				{"appName": "붕괴3rd", "usage": [3, 4, 15]},
				{"appName": "Reddit", "usage": [4, 13, 14]},
				{"appName": "Logger", "usage": [3, 6, 15]},
				{"appName": "스카이피플", "usage": [3, 10]},
				{"appName": "삼성 캡처", "usage": [8, 14]},
				{"appName": "메시지", "usage": [4, 14]},
				{"appName": "YouTube Music", "usage": [6, 8]},
				{"appName": "T전화", "usage": [6, 11]},
				{"appName": "Samsung Experience Service", "usage": [2, 3]},
				{"appName": "Netflix", "usage": [1, 2]},
				{"appName": "Google Play 스토어", "usage": [12, 17]},
				{"appName": "우리카드", "usage": [11]},
				{"appName": "스타벅스", "usage": [4]},
				{"appName": "다음웹툰", "usage": [4]},
				{"appName": "네이버 웹툰", "usage": [4]},
				{"appName": "WeChat", "usage": [8]},
				{"appName": "Samsung Notes", "usage": [3]},
				{"appName": "NAVER", "usage": [3]},
				{"appName": "Gmail", "usage": [12]}
			]
		},
		"maxTime": {
			"usage": 68,
			"details": [
				{"appName": "YouTube", "usage": 45},
				{"appName": "Netflix", "usage": 25},
				{"appName": "붕괴3rd", "usage": 17},
				{"appName": "삼성 인터넷", "usage": 12},
				{"appName": "Google Play 스토어", "usage": 5},
				{"appName": "카카오스탁", "usage": 2},
				{"appName": "Paco", "usage": 2},
				{"appName": "카카오톡", "usage": 1},
				{"appName": "Reddit", "usage": 1},
				{"appName": "T전화", "usage": 1},
				{"appName": "Polar Beat", "usage": 0},
				{"appName": "메시지", "usage": 0},
				{"appName": "스타벅스", "usage": 0},
				{"appName": "One UI 홈", "usage": 0},
				{"appName": "스카이피플", "usage": 0},
				{"appName": "YouTube Music", "usage": 0},
				{"appName": "NAVER", "usage": 0},
				{"appName": "시계", "usage": 0},
				{"appName": "Gmail", "usage": 0},
				{"appName": "네이버 웹툰", "usage": 0},
				{"appName": "게임런처", "usage": 0},
				{"appName": "다음웹툰", "usage": 0},
				{"appName": "Logger", "usage": 0},
				{"appName": "패키지 설치 프로그램", "usage": 0},
				{"appName": "Samsung Notes", "usage": 0},
				{"appName": "설정", "usage": 0},
				{"appName": "WeChat", "usage": 0},
				{"appName": "삼성 캡처", "usage": 0},
				{"appName": "접근성", "usage": 0},
				{"appName": "Samsung Experience Service", "usage": 0},
				{"appName": "우리카드", "usage": 0}
			]
		},
		"avgTime": {
			"usage": 3,
			"details": [
				{"appName": "붕괴3rd", "usage": 8},
				{"appName": "Netflix", "usage": 8},
				{"appName": "YouTube", "usage": 5},
				{"appName": "삼성 인터넷", "usage": 1},
				{"appName": "메시지", "usage": 0},
				{"appName": "Google Play 스토어", "usage": 0},
				{"appName": "Reddit", "usage": 0},
				{"appName": "Gmail", "usage": 0},
				{"appName": "Paco", "usage": 0},
				{"appName": "Polar Beat", "usage": 0},
				{"appName": "T전화", "usage": 0},
				{"appName": "NAVER", "usage": 0},
				{"appName": "YouTube Music", "usage": 0},
				{"appName": "카카오톡", "usage": 0},
				{"appName": "카카오스탁", "usage": 0},
				{"appName": "시계", "usage": 0},
				{"appName": "스타벅스", "usage": 0},
				{"appName": "스카이피플", "usage": 0},
				{"appName": "네이버 웹툰", "usage": 0},
				{"appName": "One UI 홈", "usage": 0},
				{"appName": "다음웹툰", "usage": 0},
				{"appName": "Logger", "usage": 0},
				{"appName": "Samsung Notes", "usage": 0},
				{"appName": "게임런처", "usage": 0},
				{"appName": "패키지 설치 프로그램", "usage": 0},
				{"appName": "설정", "usage": 0},
				{"appName": "접근성", "usage": 0},
				{"appName": "WeChat", "usage": 0},
				{"appName": "삼성 캡처", "usage": 0},
				{"appName": "Samsung Experience Service", "usage": 0},
				{"appName": "우리카드", "usage": 0}
			]
		},
		"lastPickup": {"time": 0}
	},
	{
		"date": 3,
		"totalTime": {
			"usage": 558,
			"details": [
				{"appName": "삼성 인터넷", "usage": 349},
				{"appName": "Netflix", "usage": 87},
				{"appName": "붕괴3rd", "usage": 48},
				{"appName": "YouTube", "usage": 19},
				{"appName": "네이버 웹툰", "usage": 13},
				{"appName": "One UI 홈", "usage": 5},
				{"appName": "카카오톡", "usage": 4},
				{"appName": "Paco", "usage": 3},
				{"appName": "WeChat", "usage": 2},
				{"appName": "Auto Chess", "usage": 2},
				{"appName": "Samsung Notes", "usage": 2},
				{"appName": "NAVER", "usage": 2},
				{"appName": "Polar Beat", "usage": 1},
				{"appName": "YouTube Music", "usage": 1},
				{"appName": "다음웹툰", "usage": 1},
				{"appName": "Samsung Health", "usage": 1},
				{"appName": "T전화", "usage": 1},
				{"appName": "배달요기요", "usage": 0},
				{"appName": "네이버 지도", "usage": 0},
				{"appName": "Microsoft Health", "usage": 0},
				{"appName": "스카이피플", "usage": 0},
				{"appName": "게임런처", "usage": 0},
				{"appName": "Instagram", "usage": 0},
				{"appName": "설정", "usage": 0},
				{"appName": "패키지 설치 프로그램", "usage": 0},
				{"appName": "시스템 UI", "usage": 0},
				{"appName": "Logger", "usage": 0},
				{"appName": "미디어 저장공간", "usage": 0},
				{"appName": "Google Play 서비스", "usage": 0},
				{"appName": "접근성", "usage": 0},
				{"appName": "Samsung Pay", "usage": 0}
			]
		},
		"pickups": {"usage": 77},
		"downTime": {
			"usages": [
				{"hour": 1, "usage": 16},
				{"hour": 2, "usage": 60},
				{"hour": 3, "usage": 46},
				{"hour": 4, "usage": 1},
				{"hour": 5, "usage": 3},
				{"hour": 6, "usage": 17},
				{"hour": 7, "usage": 22},
				{"hour": 8, "usage": 41},
				{"hour": 9, "usage": 25},
				{"hour": 10, "usage": 51},
				{"hour": 11, "usage": 57},
				{"hour": 12, "usage": 9},
				{"hour": 13, "usage": 45},
				{"hour": 14, "usage": 60},
				{"hour": 15, "usage": 5},
				{"hour": 16, "usage": 4},
				{"hour": 17, "usage": 60},
				{"hour": 18, "usage": 30}
			],
			"details": [
				{"appName": "One UI 홈", "usage": [1, 2, 3, 4, 5, 6, 7, 8, 9, 10, 11, 12, 13, 14, 15, 16, 18]},
				{"appName": "삼성 인터넷", "usage": [1, 2, 3, 4, 5, 6, 7, 9, 10, 11, 12, 13, 14, 16, 17, 18]},
				{"appName": "Paco", "usage": [1, 2, 3, 4, 6, 7, 9, 10, 11, 12]},
				{"appName": "Polar Beat", "usage": [3, 6, 8, 9, 11, 13]},
				{"appName": "카카오톡", "usage": [2, 3, 8, 9, 14]},
				{"appName": "패키지 설치 프로그램", "usage": [2, 6, 8, 13]},
				{"appName": "접근성", "usage": [2, 6, 8, 13]},
				{"appName": "설정", "usage": [2, 6, 8, 13]},
				{"appName": "YouTube", "usage": [1, 2, 10, 16]},
				{"appName": "Logger", "usage": [2, 6, 8, 13]},
				{"appName": "네이버 웹툰", "usage": [14, 15, 16]},
				{"appName": "시스템 UI", "usage": [2, 3]},
				{"appName": "스카이피플", "usage": [3, 10]},
				{"appName": "붕괴3rd", "usage": [6, 8]},
				{"appName": "게임런처", "usage": [6, 8]},
				{"appName": "YouTube Music", "usage": [3, 4]},
				{"appName": "WeChat", "usage": [6, 7]},
				{"appName": "T전화", "usage": [4, 8]},
				{"appName": "Netflix", "usage": [2, 3]},
				{"appName": "배달요기요", "usage": [8]},
				{"appName": "미디어 저장공간", "usage": [12]},
				{"appName": "다음웹툰", "usage": [15]},
				{"appName": "네이버 지도", "usage": [3]},
				{"appName": "Samsung Pay", "usage": [3]},
				{"appName": "Samsung Notes", "usage": [5]},
				{"appName": "Samsung Health", "usage": [3]},
				{"appName": "NAVER", "usage": [3]},
				{"appName": "Microsoft Health", "usage": [13]},
				{"appName": "Instagram", "usage": [1]},
				{"appName": "Google Play 서비스", "usage": [8]},
				{"appName": "Auto Chess", "usage": [8]}
			]
		},
		"maxTime": {
			"usage": 113,
			"details": [
				{"appName": "삼성 인터넷", "usage": 93},
				{"appName": "붕괴3rd", "usage": 34},
				{"appName": "Netflix", "usage": 16},
				{"appName": "YouTube", "usage": 8},
				{"appName": "네이버 웹툰", "usage": 5},
				{"appName": "Samsung Notes", "usage": 2},
				{"appName": "WeChat", "usage": 1},
				{"appName": "NAVER", "usage": 1},
				{"appName": "Auto Chess", "usage": 1},
				{"appName": "다음웹툰", "usage": 1},
				{"appName": "카카오톡", "usage": 1},
				{"appName": "YouTube Music", "usage": 0},
				{"appName": "Microsoft Health", "usage": 0},
				{"appName": "T전화", "usage": 0},
				{"appName": "Samsung Health", "usage": 0},
				{"appName": "네이버 지도", "usage": 0},
				{"appName": "Instagram", "usage": 0},
				{"appName": "배달요기요", "usage": 0},
				{"appName": "Paco", "usage": 0},
				{"appName": "One UI 홈", "usage": 0},
				{"appName": "스카이피플", "usage": 0},
				{"appName": "Polar Beat", "usage": 0},
				{"appName": "패키지 설치 프로그램", "usage": 0},
				{"appName": "미디어 저장공간", "usage": 0},
				{"appName": "게임런처", "usage": 0},
				{"appName": "Samsung Pay", "usage": 0},
				{"appName": "설정", "usage": 0},
				{"appName": "시스템 UI", "usage": 0},
				{"appName": "Logger", "usage": 0},
				{"appName": "Google Play 서비스", "usage": 0},
				{"appName": "접근성", "usage": 0}
			]
		},
		"avgTime": {
			"usage": 7,
			"details": [
				{"appName": "붕괴3rd", "usage": 24},
				{"appName": "삼성 인터넷", "usage": 8},
				{"appName": "Netflix", "usage": 5},
				{"appName": "YouTube", "usage": 2},
				{"appName": "Samsung Notes", "usage": 1},
				{"appName": "Auto Chess", "usage": 0},
				{"appName": "Instagram", "usage": 0},
				{"appName": "다음웹툰", "usage": 0},
				{"appName": "Microsoft Health", "usage": 0},
				{"appName": "YouTube Music", "usage": 0},
				{"appName": "네이버 웹툰", "usage": 0},
				{"appName": "NAVER", "usage": 0},
				{"appName": "네이버 지도", "usage": 0},
				{"appName": "WeChat", "usage": 0},
				{"appName": "미디어 저장공간", "usage": 0},
				{"appName": "배달요기요", "usage": 0},
				{"appName": "Samsung Health", "usage": 0},
				{"appName": "Paco", "usage": 0},
				{"appName": "T전화", "usage": 0},
				{"appName": "Samsung Pay", "usage": 0},
				{"appName": "카카오톡", "usage": 0},
				{"appName": "Polar Beat", "usage": 0},
				{"appName": "스카이피플", "usage": 0},
				{"appName": "게임런처", "usage": 0},
				{"appName": "One UI 홈", "usage": 0},
				{"appName": "패키지 설치 프로그램", "usage": 0},
				{"appName": "설정", "usage": 0},
				{"appName": "시스템 UI", "usage": 0},
				{"appName": "접근성", "usage": 0},
				{"appName": "Logger", "usage": 0},
				{"appName": "Google Play 서비스", "usage": 0}
			]
		},
		"lastPickup": {"time": 0}
	},
	{
		"date": 4,
		"totalTime": {
			"usage": 255,
			"details": [
				{"appName": "YouTube", "usage": 103},
				{"appName": "삼성 인터넷", "usage": 42},
				{"appName": "붕괴3rd", "usage": 23},
				{"appName": "One UI 홈", "usage": 12},
				{"appName": "카카오톡", "usage": 11},
				{"appName": "WeChat", "usage": 8},
				{"appName": "NAVER", "usage": 5},
				{"appName": "다음웹툰", "usage": 4},
				{"appName": "네이버 카페", "usage": 3},
				{"appName": "Paco", "usage": 3},
				{"appName": "네이버 지도", "usage": 3},
				{"appName": "설정", "usage": 3},
				{"appName": "Polar Beat", "usage": 3},
				{"appName": "지하철종결자", "usage": 2},
				{"appName": "YouTube Music", "usage": 2},
				{"appName": "스카이피플", "usage": 2},
				{"appName": "Facebook", "usage": 2},
				{"appName": "Google 뉴스", "usage": 1},
				{"appName": "Steam", "usage": 1},
				{"appName": "Google Play 스토어", "usage": 0},
				{"appName": "Samsung Pay", "usage": 0},
				{"appName": "Reddit", "usage": 0},
				{"appName": "T전화", "usage": 0},
				{"appName": "빅스비 보이스", "usage": 0},
				{"appName": "네이버 웹툰", "usage": 0},
				{"appName": "드라이브", "usage": 0},
				{"appName": "Chrome", "usage": 0},
				{"appName": "게임런처", "usage": 0},
				{"appName": "캘린더", "usage": 0},
				{"appName": "Gmail", "usage": 0},
				{"appName": "시계", "usage": 0},
				{"appName": "Logger", "usage": 0},
				{"appName": "Settings Suggestions", "usage": 0},
				{"appName": "Google Play 서비스", "usage": 0},
				{"appName": "Samsung Health", "usage": 0},
				{"appName": "Intra", "usage": 0},
				{"appName": "패키지 설치 프로그램", "usage": 0},
				{"appName": "VpnDialogs", "usage": 0},
				{"appName": "접근성", "usage": 0}
			]
		},
		"pickups": {"usage": 121},
		"downTime": {
			"usages": [
				{"hour": 0, "usage": 0},
				{"hour": 2, "usage": 6},
				{"hour": 3, "usage": 18},
				{"hour": 4, "usage": 19},
				{"hour": 5, "usage": 16},
				{"hour": 6, "usage": 0},
				{"hour": 7, "usage": 27},
				{"hour": 8, "usage": 6},
				{"hour": 9, "usage": 5},
				{"hour": 10, "usage": 18},
				{"hour": 11, "usage": 15},
				{"hour": 12, "usage": 1},
				{"hour": 13, "usage": 13},
				{"hour": 14, "usage": 0},
				{"hour": 15, "usage": 13},
				{"hour": 16, "usage": 48},
				{"hour": 17, "usage": 41},
				{"hour": 22, "usage": 0}
			],
			"details": [
				{"appName": "One UI 홈", "usage": [2, 3, 4, 5, 6, 7, 8, 9, 10, 11, 12, 13, 14, 15, 16, 17]},
				{"appName": "Paco", "usage": [3, 5, 6, 7, 9, 10, 11, 12, 13, 15]},
				{"appName": "삼성 인터넷", "usage": [2, 3, 5, 7, 9, 10, 11, 13]},
				{"appName": "카카오톡", "usage": [2, 3, 4, 7, 8, 10, 11]},
				{"appName": "YouTube", "usage": [2, 3, 4, 10, 15, 16, 17]},
				{"appName": "설정", "usage": [3, 4, 10, 12, 13, 16]},
				{"appName": "Polar Beat", "usage": [3, 8, 11, 12, 14]},
				{"appName": "네이버 카페", "usage": [3, 7, 8, 9]},
				{"appName": "게임런처", "usage": [5, 6, 11, 13]},
				{"appName": "YouTube Music", "usage": [3, 7, 8, 10]},
				{"appName": "패키지 설치 프로그램", "usage": [3, 4, 14]},
				{"appName": "붕괴3rd", "usage": [5, 11, 13]},
				{"appName": "네이버 지도", "usage": [3, 4, 8]},
				{"appName": "NAVER", "usage": [3, 4, 10]},
				{"appName": "캘린더", "usage": [9, 22]},
				{"appName": "스카이피플", "usage": [3, 10]},
				{"appName": "WeChat", "usage": [8, 15]},
				{"appName": "T전화", "usage": [3, 8]},
				{"appName": "Steam", "usage": [11, 15]},
				{"appName": "Samsung Pay", "usage": [4, 9]},
				{"appName": "Logger", "usage": [3, 14]},
				{"appName": "지하철종결자", "usage": [4]},
				{"appName": "접근성", "usage": [3]},
				{"appName": "시계", "usage": [17]},
				{"appName": "빅스비 보이스", "usage": [10]},
				{"appName": "드라이브", "usage": [4]},
				{"appName": "다음웹툰", "usage": [15]},
				{"appName": "네이버 웹툰", "usage": [11]},
				{"appName": "VpnDialogs", "usage": [7]},
				{"appName": "Settings Suggestions", "usage": [10]},
				{"appName": "Samsung Health", "usage": [9]},
				{"appName": "Reddit", "usage": [7]},
				{"appName": "Intra", "usage": [7]},
				{"appName": "Google 뉴스", "usage": [2]},
				{"appName": "Google Play 스토어", "usage": [12]},
				{"appName": "Google Play 서비스", "usage": [4]},
				{"appName": "Gmail", "usage": [4]},
				{"appName": "Facebook", "usage": [4]},
				{"appName": "Chrome", "usage": [7]}
			]
		},
		"maxTime": {
			"usage": 89,
			"details": [
				{"appName": "YouTube", "usage": 68},
				{"appName": "붕괴3rd", "usage": 13},
				{"appName": "삼성 인터넷", "usage": 13},
				{"appName": "WeChat", "usage": 7},
				{"appName": "다음웹툰", "usage": 4},
				{"appName": "네이버 지도", "usage": 1},
				{"appName": "네이버 카페", "usage": 1},
				{"appName": "카카오톡", "usage": 1},
				{"appName": "설정", "usage": 0},
				{"appName": "NAVER", "usage": 0},
				{"appName": "Steam", "usage": 0},
				{"appName": "Reddit", "usage": 0},
				{"appName": "Paco", "usage": 0},
				{"appName": "Google 뉴스", "usage": 0},
				{"appName": "네이버 웹툰", "usage": 0},
				{"appName": "스카이피플", "usage": 0},
				{"appName": "지하철종결자", "usage": 0},
				{"appName": "드라이브", "usage": 0},
				{"appName": "Polar Beat", "usage": 0},
				{"appName": "One UI 홈", "usage": 0},
				{"appName": "YouTube Music", "usage": 0},
				{"appName": "Facebook", "usage": 0},
				{"appName": "Gmail", "usage": 0},
				{"appName": "Samsung Pay", "usage": 0},
				{"appName": "T전화", "usage": 0},
				{"appName": "캘린더", "usage": 0},
				{"appName": "Google Play 스토어", "usage": 0},
				{"appName": "Chrome", "usage": 0},
				{"appName": "빅스비 보이스", "usage": 0},
				{"appName": "게임런처", "usage": 0},
				{"appName": "Settings Suggestions", "usage": 0},
				{"appName": "Google Play 서비스", "usage": 0},
				{"appName": "시계", "usage": 0},
				{"appName": "Logger", "usage": 0},
				{"appName": "Samsung Health", "usage": 0},
				{"appName": "Intra", "usage": 0},
				{"appName": "패키지 설치 프로그램", "usage": 0},
				{"appName": "접근성", "usage": 0},
				{"appName": "VpnDialogs", "usage": 0}
			]
		},
		"avgTime": {
			"usage": 2,
			"details": [
				{"appName": "YouTube", "usage": 6},
				{"appName": "붕괴3rd", "usage": 5},
				{"appName": "WeChat", "usage": 0},
				{"appName": "드라이브", "usage": 0},
				{"appName": "다음웹툰", "usage": 0},
				{"appName": "Steam", "usage": 0},
				{"appName": "삼성 인터넷", "usage": 0},
				{"appName": "Reddit", "usage": 0},
				{"appName": "Gmail", "usage": 0},
				{"appName": "네이버 웹툰", "usage": 0},
				{"appName": "Google 뉴스", "usage": 0},
				{"appName": "네이버 지도", "usage": 0},
				{"appName": "지하철종결자", "usage": 0},
				{"appName": "Samsung Pay", "usage": 0},
				{"appName": "NAVER", "usage": 0},
				{"appName": "스카이피플", "usage": 0},
				{"appName": "YouTube Music", "usage": 0},
				{"appName": "Chrome", "usage": 0},
				{"appName": "네이버 카페", "usage": 0},
				{"appName": "T전화", "usage": 0},
				{"appName": "캘린더", "usage": 0},
				{"appName": "Polar Beat", "usage": 0},
				{"appName": "Facebook", "usage": 0},
				{"appName": "설정", "usage": 0},
				{"appName": "Paco", "usage": 0},
				{"appName": "Google Play 서비스", "usage": 0},
				{"appName": "카카오톡", "usage": 0},
				{"appName": "빅스비 보이스", "usage": 0},
				{"appName": "Settings Suggestions", "usage": 0},
				{"appName": "One UI 홈", "usage": 0},
				{"appName": "시계", "usage": 0},
				{"appName": "Intra", "usage": 0},
				{"appName": "게임런처", "usage": 0},
				{"appName": "Samsung Health", "usage": 0},
				{"appName": "Logger", "usage": 0},
				{"appName": "Google Play 스토어", "usage": 0},
				{"appName": "접근성", "usage": 0},
				{"appName": "VpnDialogs", "usage": 0},
				{"appName": "패키지 설치 프로그램", "usage": 0}
			]
		},
		"lastPickup": {"time": 0}
	},
	{
		"date": 5,
		"totalTime": {
			"usage": 430,
			"details": [
				{"appName": "YouTube", "usage": 156},
				{"appName": "삼성 인터넷", "usage": 76},
				{"appName": "붕괴3rd", "usage": 57},
				{"appName": "Auto Chess", "usage": 42},
				{"appName": "Paco", "usage": 16},
				{"appName": "카카오톡", "usage": 12},
				{"appName": "T전화", "usage": 11},
				{"appName": "카카오스탁", "usage": 10},
				{"appName": "네이버 웹툰", "usage": 9},
				{"appName": "One UI 홈", "usage": 9},
				{"appName": "다음웹툰", "usage": 4},
				{"appName": "Samsung Notes", "usage": 4},
				{"appName": "Google 뉴스", "usage": 3},
				{"appName": "게임런처", "usage": 2},
				{"appName": "Polar Beat", "usage": 2},
				{"appName": "정부24", "usage": 1},
				{"appName": "스카이피플", "usage": 1},
				{"appName": "YouTube Music", "usage": 0},
				{"appName": "밥대생", "usage": 0},
				{"appName": "시계", "usage": 0},
				{"appName": "캘린더", "usage": 0},
				{"appName": "Gmail", "usage": 0},
				{"appName": "설정", "usage": 0},
				{"appName": "메시지", "usage": 0},
				{"appName": "날씨", "usage": 0},
				{"appName": "Logger", "usage": 0},
				{"appName": "파인더", "usage": 0},
				{"appName": "원터치알림", "usage": 0},
				{"appName": "접근성", "usage": 0},
				{"appName": "패키지 설치 프로그램", "usage": 0},
				{"appName": "Google Play 서비스", "usage": 0},
				{"appName": "Reddit", "usage": 0},
				{"appName": "우리카드", "usage": 0}
			]
		},
		"pickups": {"usage": 78},
		"downTime": {
			"usages": [
				{"hour": 0, "usage": 18},
				{"hour": 1, "usage": 33},
				{"hour": 2, "usage": 4},
				{"hour": 3, "usage": 28},
				{"hour": 4, "usage": 33},
				{"hour": 5, "usage": 25},
				{"hour": 6, "usage": 7},
				{"hour": 7, "usage": 27},
				{"hour": 8, "usage": 27},
				{"hour": 9, "usage": 59},
				{"hour": 10, "usage": 47},
				{"hour": 11, "usage": 8},
				{"hour": 12, "usage": 2},
				{"hour": 13, "usage": 28},
				{"hour": 14, "usage": 0},
				{"hour": 15, "usage": 32},
				{"hour": 16, "usage": 44}
			],
			"details": [
				{"appName": "One UI 홈", "usage": [0, 1, 2, 3, 4, 5, 7, 8, 9, 10, 11, 12, 13, 14, 15, 16]},
				{"appName": "카카오톡", "usage": [0, 3, 4, 5, 7, 8, 11, 12, 13, 14, 15, 16]},
				{"appName": "Paco", "usage": [1, 2, 3, 4, 5, 7, 8, 9, 10, 11, 12]},
				{"appName": "삼성 인터넷", "usage": [0, 3, 4, 5, 8, 9, 11, 13, 15, 16]},
				{"appName": "YouTube", "usage": [0, 3, 7, 8, 9, 10, 11, 15, 16]},
				{"appName": "카카오스탁", "usage": [0, 1, 2, 3, 4, 5, 6, 7]},
				{"appName": "붕괴3rd", "usage": [0, 1, 3, 5, 6, 13]},
				{"appName": "게임런처", "usage": [0, 2, 3, 4, 5, 13]},
				{"appName": "Polar Beat", "usage": [1, 2, 3, 7, 9, 13]},
				{"appName": "설정", "usage": [1, 3, 9, 10, 13]},
				{"appName": "T전화", "usage": [1, 7, 8, 12, 13]},
				{"appName": "패키지 설치 프로그램", "usage": [1, 4, 10, 13]},
				{"appName": "접근성", "usage": [1, 10, 13]},
				{"appName": "시계", "usage": [0, 9, 10]},
				{"appName": "YouTube Music", "usage": [2, 3, 5]},
				{"appName": "Logger", "usage": [1, 10, 13]},
				{"appName": "원터치알림", "usage": [7, 8]},
				{"appName": "스카이피플", "usage": [4, 10]},
				{"appName": "밥대생", "usage": [12, 13]},
				{"appName": "네이버 웹툰", "usage": [15, 16]},
				{"appName": "Samsung Notes", "usage": [11, 12]},
				{"appName": "Auto Chess", "usage": [4, 5]},
				{"appName": "파인더", "usage": [5]},
				{"appName": "캘린더", "usage": [0]},
				{"appName": "정부24", "usage": [5]},
				{"appName": "우리카드", "usage": [16]},
				{"appName": "메시지", "usage": [9]},
				{"appName": "다음웹툰", "usage": [16]},
				{"appName": "날씨", "usage": [3]},
				{"appName": "Reddit", "usage": [5]},
				{"appName": "Google 뉴스", "usage": [0]},
				{"appName": "Google Play 서비스", "usage": [4]},
				{"appName": "Gmail", "usage": [3]}
			]
		},
		"maxTime": {
			"usage": 74,
			"details": [
				{"appName": "삼성 인터넷", "usage": 27},
				{"appName": "YouTube", "usage": 25},
				{"appName": "Auto Chess", "usage": 21},
				{"appName": "붕괴3rd", "usage": 19},
				{"appName": "Paco", "usage": 11},
				{"appName": "Samsung Notes", "usage": 4},
				{"appName": "다음웹툰", "usage": 4},
				{"appName": "T전화", "usage": 2},
				{"appName": "게임런처", "usage": 2},
				{"appName": "카카오스탁", "usage": 2},
				{"appName": "네이버 웹툰", "usage": 1},
				{"appName": "정부24", "usage": 1},
				{"appName": "Google 뉴스", "usage": 1},
				{"appName": "One UI 홈", "usage": 0},
				{"appName": "카카오톡", "usage": 0},
				{"appName": "Polar Beat", "usage": 0},
				{"appName": "YouTube Music", "usage": 0},
				{"appName": "밥대생", "usage": 0},
				{"appName": "캘린더", "usage": 0},
				{"appName": "스카이피플", "usage": 0},
				{"appName": "Gmail", "usage": 0},
				{"appName": "시계", "usage": 0},
				{"appName": "날씨", "usage": 0},
				{"appName": "설정", "usage": 0},
				{"appName": "메시지", "usage": 0},
				{"appName": "파인더", "usage": 0},
				{"appName": "원터치알림", "usage": 0},
				{"appName": "패키지 설치 프로그램", "usage": 0},
				{"appName": "Google Play 서비스", "usage": 0},
				{"appName": "Logger", "usage": 0},
				{"appName": "접근성", "usage": 0},
				{"appName": "Reddit", "usage": 0},
				{"appName": "우리카드", "usage": 0}
			]
		},
		"avgTime": {
			"usage": 5,
			"details": [
				{"appName": "Auto Chess", "usage": 7},
				{"appName": "붕괴3rd", "usage": 4},
				{"appName": "YouTube", "usage": 4},
				{"appName": "삼성 인터넷", "usage": 1},
				{"appName": "Samsung Notes", "usage": 1},
				{"appName": "다음웹툰", "usage": 0},
				{"appName": "Paco", "usage": 0},
				{"appName": "Google 뉴스", "usage": 0},
				{"appName": "T전화", "usage": 0},
				{"appName": "게임런처", "usage": 0},
				{"appName": "YouTube Music", "usage": 0},
				{"appName": "Gmail", "usage": 0},
				{"appName": "네이버 웹툰", "usage": 0},
				{"appName": "정부24", "usage": 0},
				{"appName": "카카오스탁", "usage": 0},
				{"appName": "캘린더", "usage": 0},
				{"appName": "Polar Beat", "usage": 0},
				{"appName": "날씨", "usage": 0},
				{"appName": "파인더", "usage": 0},
				{"appName": "스카이피플", "usage": 0},
				{"appName": "밥대생", "usage": 0},
				{"appName": "카카오톡", "usage": 0},
				{"appName": "시계", "usage": 0},
				{"appName": "One UI 홈", "usage": 0},
				{"appName": "메시지", "usage": 0},
				{"appName": "설정", "usage": 0},
				{"appName": "원터치알림", "usage": 0},
				{"appName": "Google Play 서비스", "usage": 0},
				{"appName": "패키지 설치 프로그램", "usage": 0},
				{"appName": "접근성", "usage": 0},
				{"appName": "Logger", "usage": 0},
				{"appName": "Reddit", "usage": 0},
				{"appName": "우리카드", "usage": 0}
			]
		},
		"lastPickup": {"time": 73}
	},
	{
		"date": 6,
		"totalTime": {
			"usage": 260,
			"details": [
				{"appName": "YouTube", "usage": 75},
				{"appName": "삼성 인터넷", "usage": 60},
				{"appName": "Reddit", "usage": 26},
				{"appName": "카카오톡", "usage": 20},
				{"appName": "네이버 웹툰", "usage": 14},
				{"appName": "One UI 홈", "usage": 11},
				{"appName": "Perfect Viewer", "usage": 5},
				{"appName": "카카오스탁", "usage": 5},
				{"appName": "Polar Beat", "usage": 4},
				{"appName": "NAVER", "usage": 3},
				{"appName": "Paco", "usage": 2},
				{"appName": "붕괴3rd", "usage": 2},
				{"appName": "스카이피플", "usage": 2},
				{"appName": "brunch", "usage": 2},
				{"appName": "KLMS", "usage": 2},
				{"appName": "캘린더", "usage": 2},
				{"appName": "메시지", "usage": 1},
				{"appName": "시계", "usage": 1},
				{"appName": "T world", "usage": 1},
				{"appName": "Samsung Pay", "usage": 0},
				{"appName": "갤러리", "usage": 0},
				{"appName": "Google Play 스토어", "usage": 0},
				{"appName": "T전화", "usage": 0},
				{"appName": "Gmail", "usage": 0},
				{"appName": "다음웹툰", "usage": 0},
				{"appName": "YouTube Music", "usage": 0},
				{"appName": "게임런처", "usage": 0},
				{"appName": "WeChat", "usage": 0},
				{"appName": "Logger", "usage": 0},
				{"appName": "설정", "usage": 0},
				{"appName": "T 안심", "usage": 0},
				{"appName": "접근성", "usage": 0},
				{"appName": "Google Play 서비스", "usage": 0},
				{"appName": "Google", "usage": 0},
				{"appName": "패키지 설치 프로그램", "usage": 0}
			]
		},
		"pickups": {"usage": 110},
		"downTime": {
			"usages": [
				{"hour": 0, "usage": 25},
				{"hour": 1, "usage": 45},
				{"hour": 2, "usage": 8},
				{"hour": 3, "usage": 8},
				{"hour": 4, "usage": 15},
				{"hour": 5, "usage": 2},
				{"hour": 6, "usage": 14},
				{"hour": 7, "usage": 3},
				{"hour": 8, "usage": 10},
				{"hour": 9, "usage": 28},
				{"hour": 10, "usage": 17},
				{"hour": 11, "usage": 2},
				{"hour": 12, "usage": 1},
				{"hour": 13, "usage": 1},
				{"hour": 14, "usage": 2},
				{"hour": 15, "usage": 0},
				{"hour": 16, "usage": 41},
				{"hour": 17, "usage": 27},
				{"hour": 23, "usage": 3}
			],
			"details": [
				{"appName": "One UI 홈", "usage": [0, 1, 2, 3, 4, 5, 6, 7, 8, 9, 10, 11, 12, 13, 14, 15, 16, 17, 19, 23]},
				{"appName": "카카오톡", "usage": [0, 1, 2, 3, 4, 5, 7, 8, 9, 10, 11, 12, 14, 16, 23]},
				{"appName": "삼성 인터넷", "usage": [0, 1, 3, 4, 5, 6, 7, 8, 9, 10, 14, 15]},
				{"appName": "Paco", "usage": [1, 2, 4, 5, 6, 7, 8, 9, 10, 12]},
				{"appName": "카카오스탁", "usage": [0, 1, 2, 3, 4, 5, 6, 7, 8]},
				{"appName": "YouTube", "usage": [1, 4, 9, 10, 13, 16, 17]},
				{"appName": "네이버 웹툰", "usage": [1, 6, 9, 16, 17, 23]},
				{"appName": "Reddit", "usage": [4, 6, 8, 9, 10, 17]},
				{"appName": "Polar Beat", "usage": [2, 3, 6, 8, 9]},
				{"appName": "시계", "usage": [0, 9, 16, 23]},
				{"appName": "스카이피플", "usage": [3, 7, 10, 14]},
				{"appName": "메시지", "usage": [1, 4, 6, 7]},
				{"appName": "캘린더", "usage": [6, 7]},
				{"appName": "게임런처", "usage": [4, 6]},
				{"appName": "T 안심", "usage": [19, 23]},
				{"appName": "Samsung Pay", "usage": [8, 10]},
				{"appName": "NAVER", "usage": [1, 13]},
				{"appName": "Gmail", "usage": [8, 15]},
				{"appName": "패키지 설치 프로그램", "usage": [3]},
				{"appName": "접근성", "usage": [3]},
				{"appName": "설정", "usage": [3]},
				{"appName": "붕괴3rd", "usage": [4]},
				{"appName": "다음웹툰", "usage": [16]},
				{"appName": "갤러리", "usage": [9]},
				{"appName": "brunch", "usage": [1]},
				{"appName": "YouTube Music", "usage": [9]},
				{"appName": "WeChat", "usage": [10]},
				{"appName": "T전화", "usage": [2]},
				{"appName": "T world", "usage": [4]},
				{"appName": "Perfect Viewer", "usage": [1]},
				{"appName": "Logger", "usage": [3]},
				{"appName": "KLMS", "usage": [9]},
				{"appName": "Google Play 스토어", "usage": [6]},
				{"appName": "Google Play 서비스", "usage": [15]},
				{"appName": "Google", "usage": [3]}
			]
		},
		"maxTime": {
			"usage": 69,
			"details": [
				{"appName": "삼성 인터넷", "usage": 24},
				{"appName": "YouTube", "usage": 16},
				{"appName": "Reddit", "usage": 9},
				{"appName": "Polar Beat", "usage": 3},
				{"appName": "Perfect Viewer", "usage": 3},
				{"appName": "붕괴3rd", "usage": 2},
				{"appName": "NAVER", "usage": 2},
				{"appName": "brunch", "usage": 2},
				{"appName": "네이버 웹툰", "usage": 2},
				{"appName": "카카오스탁", "usage": 2},
				{"appName": "카카오톡", "usage": 1},
				{"appName": "캘린더", "usage": 1},
				{"appName": "One UI 홈", "usage": 1},
				{"appName": "T world", "usage": 0},
				{"appName": "KLMS", "usage": 0},
				{"appName": "메시지", "usage": 0},
				{"appName": "Samsung Pay", "usage": 0},
				{"appName": "스카이피플", "usage": 0},
				{"appName": "시계", "usage": 0},
				{"appName": "T전화", "usage": 0},
				{"appName": "Paco", "usage": 0},
				{"appName": "Google Play 스토어", "usage": 0},
				{"appName": "갤러리", "usage": 0},
				{"appName": "Gmail", "usage": 0},
				{"appName": "다음웹툰", "usage": 0},
				{"appName": "YouTube Music", "usage": 0},
				{"appName": "게임런처", "usage": 0},
				{"appName": "WeChat", "usage": 0},
				{"appName": "Logger", "usage": 0},
				{"appName": "T 안심", "usage": 0},
				{"appName": "설정", "usage": 0},
				{"appName": "접근성", "usage": 0},
				{"appName": "Google Play 서비스", "usage": 0},
				{"appName": "Google", "usage": 0},
				{"appName": "패키지 설치 프로그램", "usage": 0}
			]
		},
		"avgTime": {
			"usage": 2,
			"details": [
				{"appName": "YouTube", "usage": 3},
				{"appName": "붕괴3rd", "usage": 2},
				{"appName": "Reddit", "usage": 1},
				{"appName": "삼성 인터넷", "usage": 1},
				{"appName": "Polar Beat", "usage": 0},
				{"appName": "brunch", "usage": 0},
				{"appName": "캘린더", "usage": 0},
				{"appName": "Perfect Viewer", "usage": 0},
				{"appName": "NAVER", "usage": 0},
				{"appName": "T world", "usage": 0},
				{"appName": "메시지", "usage": 0},
				{"appName": "네이버 웹툰", "usage": 0},
				{"appName": "Samsung Pay", "usage": 0},
				{"appName": "갤러리", "usage": 0},
				{"appName": "KLMS", "usage": 0},
				{"appName": "YouTube Music", "usage": 0},
				{"appName": "Gmail", "usage": 0},
				{"appName": "스카이피플", "usage": 0},
				{"appName": "Paco", "usage": 0},
				{"appName": "카카오톡", "usage": 0},
				{"appName": "T전화", "usage": 0},
				{"appName": "다음웹툰", "usage": 0},
				{"appName": "시계", "usage": 0},
				{"appName": "One UI 홈", "usage": 0},
				{"appName": "카카오스탁", "usage": 0},
				{"appName": "WeChat", "usage": 0},
				{"appName": "Google Play 스토어", "usage": 0},
				{"appName": "Logger", "usage": 0},
				{"appName": "설정", "usage": 0},
				{"appName": "게임런처", "usage": 0},
				{"appName": "T 안심", "usage": 0},
				{"appName": "접근성", "usage": 0},
				{"appName": "Google Play 서비스", "usage": 0},
				{"appName": "Google", "usage": 0},
				{"appName": "패키지 설치 프로그램", "usage": 0}
			]
		},
		"lastPickup": {"time": 0}
	},
	{
		"date": 7,
		"totalTime": {
			"usage": 361,
			"details": [
				{"appName": "YouTube", "usage": 67},
				{"appName": "카카오톡", "usage": 42},
				{"appName": "삼성 인터넷", "usage": 36},
				{"appName": "One UI 홈", "usage": 19},
				{"appName": "Reddit", "usage": 12},
				{"appName": "붕괴3rd", "usage": 11},
				{"appName": "네이버 웹툰", "usage": 8},
				{"appName": "NAVER", "usage": 6},
				{"appName": "T전화", "usage": 4},
				{"appName": "WeChat", "usage": 4},
				{"appName": "카카오스탁", "usage": 4},
				{"appName": "Paco", "usage": 3},
				{"appName": "brunch", "usage": 2},
				{"appName": "네이버 카페", "usage": 2},
				{"appName": "카카오 T", "usage": 1},
				{"appName": "Instagram", "usage": 1},
				{"appName": "스카이피플", "usage": 1},
				{"appName": "YouTube Music", "usage": 1},
				{"appName": "Gear S PlugIn", "usage": 1},
				{"appName": "Google 뉴스", "usage": 1},
				{"appName": "Medium", "usage": 1},
				{"appName": "Samsung Pay", "usage": 1},
				{"appName": "메시지", "usage": 0},
				{"appName": "시계", "usage": 0},
				{"appName": "CGV", "usage": 0},
				{"appName": "Polar Beat", "usage": 0},
				{"appName": "캘린더", "usage": 0},
				{"appName": "게임런처", "usage": 0},
				{"appName": "盒马", "usage": 0},
				{"appName": "Google Play 스토어", "usage": 0},
				{"appName": "카메라", "usage": 0},
				{"appName": "Gmail", "usage": 0},
				{"appName": "Alipay", "usage": 0},
				{"appName": "설정", "usage": 0},
				{"appName": "Steam", "usage": 0},
				{"appName": "다음웹툰", "usage": 0},
				{"appName": "Galaxy Store", "usage": 0},
				{"appName": "Facebook", "usage": 0},
				{"appName": "전화", "usage": 0},
				{"appName": "Logger", "usage": 0},
				{"appName": "접근성", "usage": 0},
				{"appName": "안드로이드 시스템", "usage": 0},
				{"appName": "", "usage": 0},
				{"appName": "패키지 설치 프로그램", "usage": 0},
				{"appName": "빅스비 보이스", "usage": 0},
				{"appName": "모바일교보문고", "usage": 0},
				{"appName": "우리카드", "usage": 0}
			]
		},
		"pickups": {"usage": 192},
		"downTime": {
			"usages": [
				{"hour": 0, "usage": 10},
				{"hour": 1, "usage": 23},
				{"hour": 2, "usage": 9},
				{"hour": 3, "usage": 17},
				{"hour": 4, "usage": 53},
				{"hour": 5, "usage": 57},
				{"hour": 6, "usage": 16},
				{"hour": 7, "usage": 8},
				{"hour": 9, "usage": 35},
				{"hour": 10, "usage": 35},
				{"hour": 11, "usage": 7},
				{"hour": 12, "usage": 12},
				{"hour": 14, "usage": 6},
				{"hour": 15, "usage": 19},
				{"hour": 16, "usage": 8},
				{"hour": 17, "usage": 2},
				{"hour": 18, "usage": 36},
				{"hour": 22, "usage": 0}
			],
			"details": [
				{"appName": "One UI 홈", "usage": [0, 1, 2, 3, 4, 5, 6, 7, 9, 10, 11, 12, 14, 15, 16, 17, 18]},
				{"appName": "카카오톡", "usage": [0, 1, 2, 3, 4, 5, 6, 7, 9, 10, 11, 12, 14, 15, 16]},
				{"appName": "삼성 인터넷", "usage": [0, 1, 2, 3, 4, 6, 9, 10, 11, 12, 15, 16, 17]},
				{"appName": "Paco", "usage": [1, 2, 3, 6, 9, 10, 11, 12, 14, 15]},
				{"appName": "YouTube", "usage": [1, 6, 9, 10, 16, 17, 18]},
				{"appName": "설정", "usage": [1, 4, 5, 6, 12, 15]},
				{"appName": "T전화", "usage": [1, 2, 6, 10, 12, 15]},
				{"appName": "NAVER", "usage": [3, 4, 6, 7, 12, 15]},
				{"appName": "시계", "usage": [0, 10, 11, 15, 18]},
				{"appName": "Polar Beat", "usage": [1, 2, 6, 12, 15]},
				{"appName": "패키지 설치 프로그램", "usage": [1, 6, 12, 18]},
				{"appName": "카카오스탁", "usage": [4, 5, 6, 7]},
				{"appName": "네이버 웹툰", "usage": [9, 10, 14, 15]},
				{"appName": "게임런처", "usage": [7, 9, 10, 12]},
				{"appName": "Samsung Pay", "usage": [3, 6, 10, 15]},
				{"appName": "캘린더", "usage": [3, 14, 16]},
				{"appName": "접근성", "usage": [1, 6, 12]},
				{"appName": "전화", "usage": [1, 4, 5]},
				{"appName": "스카이피플", "usage": [4, 9, 10]},
				{"appName": "붕괴3rd", "usage": [7, 10, 12]},
				{"appName": "YouTube Music", "usage": [3, 12, 15]},
				{"appName": "WeChat", "usage": [1, 2, 6]},
				{"appName": "Logger", "usage": [1, 6, 12]},
				{"appName": "메시지", "usage": [9, 15]},
				{"appName": "다음웹툰", "usage": [9, 15]},
				{"appName": "네이버 카페", "usage": [4, 16]},
				{"appName": "盒马", "usage": [16, 18]},
				{"appName": "Reddit", "usage": [9, 10]},
				{"appName": "카카오 T", "usage": [15]},
				{"appName": "카메라", "usage": [3]},
				{"appName": "우리카드", "usage": [16]},
				{"appName": "안드로이드 시스템", "usage": [10]},
				{"appName": "빅스비 보이스", "usage": [15]},
				{"appName": "모바일교보문고", "usage": [14]},
				{"appName": "brunch", "usage": [1]},
				{"appName": "Steam", "usage": [15]},
				{"appName": "Medium", "usage": [1]},
				{"appName": "Instagram", "usage": [0]},
				{"appName": "Google 뉴스", "usage": [2]},
				{"appName": "Google Play 스토어", "usage": [15]},
				{"appName": "Gmail", "usage": [16]},
				{"appName": "Gear S PlugIn", "usage": [0]},
				{"appName": "Galaxy Store", "usage": [15]},
				{"appName": "Facebook", "usage": [15]},
				{"appName": "CGV", "usage": [9]},
				{"appName": "Alipay", "usage": [18]},
				{"appName": "", "usage": [18]}
			]
		},
		"maxTime": {
			"usage": 107,
			"details": [
				{"appName": "YouTube", "usage": 23},
				{"appName": "삼성 인터넷", "usage": 6},
				{"appName": "붕괴3rd", "usage": 5},
				{"appName": "Reddit", "usage": 4},
				{"appName": "brunch", "usage": 2},
				{"appName": "WeChat", "usage": 2},
				{"appName": "카카오스탁", "usage": 2},
				{"appName": "카카오톡", "usage": 1},
				{"appName": "네이버 카페", "usage": 1},
				{"appName": "NAVER", "usage": 1},
				{"appName": "네이버 웹툰", "usage": 1},
				{"appName": "T전화", "usage": 1},
				{"appName": "Instagram", "usage": 1},
				{"appName": "Medium", "usage": 0},
				{"appName": "메시지", "usage": 0},
				{"appName": "Gear S PlugIn", "usage": 0},
				{"appName": "Google 뉴스", "usage": 0},
				{"appName": "YouTube Music", "usage": 0},
				{"appName": "One UI 홈", "usage": 0},
				{"appName": "Samsung Pay", "usage": 0},
				{"appName": "캘린더", "usage": 0},
				{"appName": "카메라", "usage": 0},
				{"appName": "Gmail", "usage": 0},
				{"appName": "카카오 T", "usage": 0},
				{"appName": "Steam", "usage": 0},
				{"appName": "CGV", "usage": 0},
				{"appName": "Paco", "usage": 0},
				{"appName": "스카이피플", "usage": 0},
				{"appName": "Alipay", "usage": 0},
				{"appName": "Galaxy Store", "usage": 0},
				{"appName": "Polar Beat", "usage": 0},
				{"appName": "Facebook", "usage": 0},
				{"appName": "전화", "usage": 0},
				{"appName": "설정", "usage": 0},
				{"appName": "盒马", "usage": 0},
				{"appName": "다음웹툰", "usage": 0},
				{"appName": "시계", "usage": 0},
				{"appName": "Google Play 스토어", "usage": 0},
				{"appName": "게임런처", "usage": 0},
				{"appName": "Logger", "usage": 0},
				{"appName": "안드로이드 시스템", "usage": 0},
				{"appName": "접근성", "usage": 0},
				{"appName": "", "usage": 0},
				{"appName": "패키지 설치 프로그램", "usage": 0},
				{"appName": "빅스비 보이스", "usage": 0},
				{"appName": "모바일교보문고", "usage": 0},
				{"appName": "우리카드", "usage": 0}
			]
		},
		"avgTime": {
			"usage": 1,
			"details": [
				{"appName": "붕괴3rd", "usage": 3},
				{"appName": "YouTube", "usage": 2},
				{"appName": "Instagram", "usage": 1},
				{"appName": "Reddit", "usage": 0},
				{"appName": "삼성 인터넷", "usage": 0},
				{"appName": "brunch", "usage": 0},
				{"appName": "카메라", "usage": 0},
				{"appName": "Gmail", "usage": 0},
				{"appName": "메시지", "usage": 0},
				{"appName": "네이버 카페", "usage": 0},
				{"appName": "Steam", "usage": 0},
				{"appName": "Gear S PlugIn", "usage": 0},
				{"appName": "NAVER", "usage": 0},
				{"appName": "Medium", "usage": 0},
				{"appName": "네이버 웹툰", "usage": 0},
				{"appName": "YouTube Music", "usage": 0},
				{"appName": "Google 뉴스", "usage": 0},
				{"appName": "Samsung Pay", "usage": 0},
				{"appName": "WeChat", "usage": 0},
				{"appName": "캘린더", "usage": 0},
				{"appName": "CGV", "usage": 0},
				{"appName": "Alipay", "usage": 0},
				{"appName": "Galaxy Store", "usage": 0},
				{"appName": "Paco", "usage": 0},
				{"appName": "카카오톡", "usage": 0},
				{"appName": "T전화", "usage": 0},
				{"appName": "스카이피플", "usage": 0},
				{"appName": "카카오스탁", "usage": 0},
				{"appName": "카카오 T", "usage": 0},
				{"appName": "안드로이드 시스템", "usage": 0},
				{"appName": "盒马", "usage": 0},
				{"appName": "Facebook", "usage": 0},
				{"appName": "One UI 홈", "usage": 0},
				{"appName": "다음웹툰", "usage": 0},
				{"appName": "", "usage": 0},
				{"appName": "게임런처", "usage": 0},
				{"appName": "Polar Beat", "usage": 0},
				{"appName": "시계", "usage": 0},
				{"appName": "전화", "usage": 0},
				{"appName": "설정", "usage": 0},
				{"appName": "접근성", "usage": 0},
				{"appName": "Logger", "usage": 0},
				{"appName": "Google Play 스토어", "usage": 0},
				{"appName": "패키지 설치 프로그램", "usage": 0},
				{"appName": "빅스비 보이스", "usage": 0},
				{"appName": "모바일교보문고", "usage": 0},
				{"appName": "우리카드", "usage": 0}
			]
		},
		"lastPickup": {"time": 0}
	}
]
