[
	{
		"date": 1,
		"totalTime": {
			"usage": 194,
			"details": [
				{"appName": "One UI 홈", "usage": 36},
				{"appName": "카카오톡", "usage": 31},
				{"appName": "SleepTown", "usage": 19},
				{"appName": "통화", "usage": 11},
				{"appName": "Bloomberg", "usage": 10},
				{"appName": "삼성 인터넷", "usage": 10},
				{"appName": "Dropsync", "usage": 8},
				{"appName": "ABC Logger", "usage": 8},
				{"appName": "영웅문SG 베타", "usage": 6},
				{"appName": "Forest", "usage": 6},
				{"appName": "Paco", "usage": 5},
				{"appName": "Polar Beat", "usage": 5},
				{"appName": "AfreecaTV", "usage": 4},
				{"appName": "카카오뱅크", "usage": 4},
				{"appName": "Melon", "usage": 3},
				{"appName": "이메일", "usage": 3},
				{"appName": "텔레그램", "usage": 3},
				{"appName": "Samsung Health", "usage": 1},
				{"appName": "네이버 메일", "usage": 1},
				{"appName": "", "usage": 1},
				{"appName": "Slack", "usage": 1},
				{"appName": "내 파일", "usage": 1},
				{"appName": "Logger", "usage": 1},
				{"appName": "네이버 지도", "usage": 1},
				{"appName": "전화", "usage": 0},
				{"appName": "메시지", "usage": 0},
				{"appName": "Microsoft Health", "usage": 0},
				{"appName": "설정", "usage": 0},
				{"appName": "시계", "usage": 0},
				{"appName": "패키지 설치 프로그램", "usage": 0},
				{"appName": "접근성", "usage": 0},
				{"appName": "Google Play 서비스", "usage": 0},
				{"appName": "안드로이드 시스템", "usage": 0},
				{"appName": "파인더", "usage": 0},
				{"appName": "AdGuard", "usage": 0},
				{"appName": "T map", "usage": 0},
				{"appName": "Samsung Pass 자동 완성", "usage": 0},
				{"appName": "커플릿", "usage": 0}
			]
		},
		"pickups": {"usage": 46},
		"downTime": {
			"usages": [
				{"hour": 8, "usage": 2},
				{"hour": 9, "usage": 58},
				{"hour": 10, "usage": 15},
				{"hour": 11, "usage": 3},
				{"hour": 12, "usage": 17},
				{"hour": 13, "usage": 12},
				{"hour": 14, "usage": 17},
				{"hour": 15, "usage": 58},
				{"hour": 16, "usage": 5},
				{"hour": 17, "usage": 0},
				{"hour": 18, "usage": 2},
				{"hour": 20, "usage": 0},
				{"hour": 23, "usage": 0}
			],
			"details": [
				{"appName": "One UI 홈", "usage": [8, 9, 10, 11, 12, 13, 14, 15, 18]},
				{"appName": "통화", "usage": [6, 8, 9, 13, 14, 15]},
				{"appName": "카카오톡", "usage": [8, 9, 11, 12, 13, 15]},
				{"appName": "Polar Beat", "usage": [6, 8, 9, 10, 11, 12]},
				{"appName": "영웅문SG 베타", "usage": [11, 12, 13, 14, 15]},
				{"appName": "ABC Logger", "usage": [9, 10, 11, 12, 15]},
				{"appName": "삼성 인터넷", "usage": [9, 15, 18, 23]},
				{"appName": "Logger", "usage": [9, 10, 11, 12]},
				{"appName": "Dropsync", "usage": [9, 10, 12, 15]},
				{"appName": "패키지 설치 프로그램", "usage": [9, 10, 15]},
				{"appName": "접근성", "usage": [10, 11, 12]},
				{"appName": "전화", "usage": [8, 9, 14]},
				{"appName": "설정", "usage": [10, 11, 12]},
				{"appName": "SleepTown", "usage": [11, 14, 15]},
				{"appName": "Paco", "usage": [9, 10, 11]},
				{"appName": "Forest", "usage": [10, 11, 12]},
				{"appName": "Bloomberg", "usage": [15, 16, 18]},
				{"appName": "커플릿", "usage": [9, 11]},
				{"appName": "카카오뱅크", "usage": [8, 9]},
				{"appName": "이메일", "usage": [9, 15]},
				{"appName": "Melon", "usage": [9, 15]},
				{"appName": "Google Play 서비스", "usage": [9, 15]},
				{"appName": "파인더", "usage": [10]},
				{"appName": "텔레그램", "usage": [9]},
				{"appName": "안드로이드 시스템", "usage": [15]},
				{"appName": "시계", "usage": [23]},
				{"appName": "메시지", "usage": [9]},
				{"appName": "네이버 지도", "usage": [15]},
				{"appName": "네이버 메일", "usage": [9]},
				{"appName": "내 파일", "usage": [10]},
				{"appName": "T map", "usage": [15]},
				{"appName": "Slack", "usage": [9]},
				{"appName": "Samsung Pass 자동 완성", "usage": [10]},
				{"appName": "Samsung Health", "usage": [15]},
				{"appName": "Microsoft Health", "usage": [10]},
				{"appName": "AfreecaTV", "usage": [15]},
				{"appName": "AdGuard", "usage": [9]},
				{"appName": "", "usage": [15]}
			]
		},
		"maxTime": {
			"usage": 54,
			"details": [
				{"appName": "Bloomberg", "usage": 10},
				{"appName": "One UI 홈", "usage": 6},
				{"appName": "Paco", "usage": 4},
				{"appName": "카카오톡", "usage": 4},
				{"appName": "Forest", "usage": 3},
				{"appName": "통화", "usage": 3},
				{"appName": "Polar Beat", "usage": 3},
				{"appName": "카카오뱅크", "usage": 3},
				{"appName": "텔레그램", "usage": 3},
				{"appName": "AfreecaTV", "usage": 3},
				{"appName": "이메일", "usage": 2},
				{"appName": "영웅문SG 베타", "usage": 2},
				{"appName": "삼성 인터넷", "usage": 2},
				{"appName": "SleepTown", "usage": 2},
				{"appName": "Dropsync", "usage": 2},
				{"appName": "ABC Logger", "usage": 2},
				{"appName": "Melon", "usage": 1},
				{"appName": "네이버 메일", "usage": 1},
				{"appName": "Slack", "usage": 1},
				{"appName": "네이버 지도", "usage": 0},
				{"appName": "Logger", "usage": 0},
				{"appName": "", "usage": 0},
				{"appName": "Samsung Health", "usage": 0},
				{"appName": "내 파일", "usage": 0},
				{"appName": "메시지", "usage": 0},
				{"appName": "Microsoft Health", "usage": 0},
				{"appName": "시계", "usage": 0},
				{"appName": "전화", "usage": 0},
				{"appName": "패키지 설치 프로그램", "usage": 0},
				{"appName": "안드로이드 시스템", "usage": 0},
				{"appName": "설정", "usage": 0},
				{"appName": "파인더", "usage": 0},
				{"appName": "Google Play 서비스", "usage": 0},
				{"appName": "접근성", "usage": 0},
				{"appName": "Samsung Pass 자동 완성", "usage": 0},
				{"appName": "AdGuard", "usage": 0},
				{"appName": "T map", "usage": 0},
				{"appName": "커플릿", "usage": 0}
			]
		},
		"avgTime": {
			"usage": 4,
			"details": [
				{"appName": "Bloomberg", "usage": 5},
				{"appName": "텔레그램", "usage": 3},
				{"appName": "이메일", "usage": 1},
				{"appName": "네이버 메일", "usage": 1},
				{"appName": "Slack", "usage": 1},
				{"appName": "Melon", "usage": 1},
				{"appName": "삼성 인터넷", "usage": 0},
				{"appName": "영웅문SG 베타", "usage": 0},
				{"appName": "통화", "usage": 0},
				{"appName": "", "usage": 0},
				{"appName": "AfreecaTV", "usage": 0},
				{"appName": "메시지", "usage": 0},
				{"appName": "네이버 지도", "usage": 0},
				{"appName": "Dropsync", "usage": 0},
				{"appName": "ABC Logger", "usage": 0},
				{"appName": "Paco", "usage": 0},
				{"appName": "One UI 홈", "usage": 0},
				{"appName": "내 파일", "usage": 0},
				{"appName": "Forest", "usage": 0},
				{"appName": "Polar Beat", "usage": 0},
				{"appName": "카카오뱅크", "usage": 0},
				{"appName": "SleepTown", "usage": 0},
				{"appName": "카카오톡", "usage": 0},
				{"appName": "Logger", "usage": 0},
				{"appName": "Microsoft Health", "usage": 0},
				{"appName": "Samsung Health", "usage": 0},
				{"appName": "안드로이드 시스템", "usage": 0},
				{"appName": "시계", "usage": 0},
				{"appName": "파인더", "usage": 0},
				{"appName": "전화", "usage": 0},
				{"appName": "Samsung Pass 자동 완성", "usage": 0},
				{"appName": "AdGuard", "usage": 0},
				{"appName": "설정", "usage": 0},
				{"appName": "Google Play 서비스", "usage": 0},
				{"appName": "접근성", "usage": 0},
				{"appName": "T map", "usage": 0},
				{"appName": "패키지 설치 프로그램", "usage": 0},
				{"appName": "커플릿", "usage": 0}
			]
		},
		"lastPickup": {"time": 0}
	},
	{
		"date": 2,
		"totalTime": {
			"usage": 280,
			"details": [
				{"appName": "삼성 인터넷", "usage": 59},
				{"appName": "카카오톡", "usage": 45},
				{"appName": "SleepTown", "usage": 29},
				{"appName": "One UI 홈", "usage": 29},
				{"appName": "뱅크샐러드", "usage": 27},
				{"appName": "네이버 웹툰", "usage": 14},
				{"appName": "Bloomberg", "usage": 13},
				{"appName": "Paco", "usage": 10},
				{"appName": "메시지", "usage": 6},
				{"appName": "통화", "usage": 5},
				{"appName": "설정", "usage": 5},
				{"appName": "커플릿", "usage": 5},
				{"appName": "Skype", "usage": 5},
				{"appName": "Forest", "usage": 4},
				{"appName": "전화", "usage": 2},
				{"appName": "시계", "usage": 1},
				{"appName": "Logger", "usage": 1},
				{"appName": "KB앱카드", "usage": 1},
				{"appName": "스마트택배", "usage": 1},
				{"appName": "Polar Beat", "usage": 1},
				{"appName": "KB국민카드", "usage": 0},
				{"appName": "이메일", "usage": 0},
				{"appName": "Microsoft Health", "usage": 0},
				{"appName": "밥대생", "usage": 0},
				{"appName": "원터치개인", "usage": 0},
				{"appName": "접근성", "usage": 0},
				{"appName": "ABC Logger", "usage": 0},
				{"appName": "후후", "usage": 0},
				{"appName": "카메라", "usage": 0},
				{"appName": "파인더", "usage": 0},
				{"appName": "Samsung Health", "usage": 0},
				{"appName": "Google Play 스토어", "usage": 0},
				{"appName": "Google", "usage": 0},
				{"appName": "Google Play 서비스", "usage": 0},
				{"appName": "패키지 설치 프로그램", "usage": 0},
				{"appName": "빅스비 보이스", "usage": 0},
				{"appName": "삼성카드", "usage": 0}
			]
		},
		"pickups": {"usage": 99},
		"downTime": {
			"usages": [
				{"hour": 0, "usage": 26},
				{"hour": 1, "usage": 22},
				{"hour": 2, "usage": 23},
				{"hour": 3, "usage": 34},
				{"hour": 4, "usage": 38},
				{"hour": 5, "usage": 18},
				{"hour": 6, "usage": 14},
				{"hour": 7, "usage": 4},
				{"hour": 8, "usage": 19},
				{"hour": 9, "usage": 9},
				{"hour": 10, "usage": 9},
				{"hour": 11, "usage": 18},
				{"hour": 12, "usage": 2},
				{"hour": 13, "usage": 1},
				{"hour": 14, "usage": 5},
				{"hour": 15, "usage": 16},
				{"hour": 16, "usage": 6},
				{"hour": 17, "usage": 5},
				{"hour": 23, "usage": 2}
			],
			"details": [
				{"appName": "One UI 홈", "usage": [0, 1, 2, 3, 4, 5, 6, 7, 8, 9, 10, 11, 12, 13, 14, 15]},
				{"appName": "카카오톡", "usage": [0, 1, 2, 3, 4, 5, 6, 7, 8, 9, 11, 12, 13, 14, 15]},
				{"appName": "통화", "usage": [1, 2, 4, 6, 7, 9, 10, 11, 13, 15]},
				{"appName": "Paco", "usage": [1, 2, 3, 5, 6, 7, 8, 9, 10]},
				{"appName": "삼성 인터넷", "usage": [0, 1, 2, 3, 4, 8, 9, 11]},
				{"appName": "전화", "usage": [1, 2, 4, 6, 7, 9, 13]},
				{"appName": "SleepTown", "usage": [0, 1, 2, 15, 16, 17, 23]},
				{"appName": "커플릿", "usage": [4, 6, 7, 15]},
				{"appName": "이메일", "usage": [0, 1, 10, 11]},
				{"appName": "메시지", "usage": [2, 4, 11, 12]},
				{"appName": "Polar Beat", "usage": [1, 2, 12, 13]},
				{"appName": "Bloomberg", "usage": [4, 5, 11, 15]},
				{"appName": "후후", "usage": [4, 7, 11]},
				{"appName": "접근성", "usage": [1, 6, 12]},
				{"appName": "스마트택배", "usage": [4, 9, 11]},
				{"appName": "설정", "usage": [1, 6, 12]},
				{"appName": "빅스비 보이스", "usage": [8, 9, 11]},
				{"appName": "뱅크샐러드", "usage": [5, 7, 8]},
				{"appName": "네이버 웹툰", "usage": [3, 9, 10]},
				{"appName": "Logger", "usage": [1, 6, 12]},
				{"appName": "Forest", "usage": [9, 13, 14]},
				{"appName": "ABC Logger", "usage": [1, 4, 6]},
				{"appName": "원터치개인", "usage": [5, 6]},
				{"appName": "시계", "usage": [0, 23]},
				{"appName": "패키지 설치 프로그램", "usage": [1]},
				{"appName": "파인더", "usage": [11]},
				{"appName": "카메라", "usage": [4]},
				{"appName": "삼성카드", "usage": [9]},
				{"appName": "밥대생", "usage": [11]},
				{"appName": "Skype", "usage": [1]},
				{"appName": "Samsung Health", "usage": [1]},
				{"appName": "Microsoft Health", "usage": [1]},
				{"appName": "KB앱카드", "usage": [11]},
				{"appName": "KB국민카드", "usage": [6]},
				{"appName": "Google Play 스토어", "usage": [5]},
				{"appName": "Google Play 서비스", "usage": [1]},
				{"appName": "Google", "usage": [1]}
			]
		},
		"maxTime": {
			"usage": 25,
			"details": [
				{"appName": "삼성 인터넷", "usage": 15},
				{"appName": "Bloomberg", "usage": 6},
				{"appName": "SleepTown", "usage": 5},
				{"appName": "카카오톡", "usage": 5},
				{"appName": "Skype", "usage": 5},
				{"appName": "설정", "usage": 5},
				{"appName": "네이버 웹툰", "usage": 5},
				{"appName": "One UI 홈", "usage": 5},
				{"appName": "메시지", "usage": 4},
				{"appName": "커플릿", "usage": 4},
				{"appName": "Paco", "usage": 3},
				{"appName": "뱅크샐러드", "usage": 3},
				{"appName": "Forest", "usage": 2},
				{"appName": "시계", "usage": 1},
				{"appName": "전화", "usage": 1},
				{"appName": "Logger", "usage": 1},
				{"appName": "통화", "usage": 0},
				{"appName": "KB앱카드", "usage": 0},
				{"appName": "Polar Beat", "usage": 0},
				{"appName": "이메일", "usage": 0},
				{"appName": "Microsoft Health", "usage": 0},
				{"appName": "KB국민카드", "usage": 0},
				{"appName": "스마트택배", "usage": 0},
				{"appName": "밥대생", "usage": 0},
				{"appName": "원터치개인", "usage": 0},
				{"appName": "ABC Logger", "usage": 0},
				{"appName": "카메라", "usage": 0},
				{"appName": "파인더", "usage": 0},
				{"appName": "Samsung Health", "usage": 0},
				{"appName": "후후", "usage": 0},
				{"appName": "접근성", "usage": 0},
				{"appName": "Google Play 스토어", "usage": 0},
				{"appName": "Google", "usage": 0},
				{"appName": "Google Play 서비스", "usage": 0},
				{"appName": "패키지 설치 프로그램", "usage": 0},
				{"appName": "빅스비 보이스", "usage": 0},
				{"appName": "삼성카드", "usage": 0}
			]
		},
		"avgTime": {
			"usage": 2,
			"details": [
				{"appName": "Skype", "usage": 1},
				{"appName": "삼성 인터넷", "usage": 1},
				{"appName": "Bloomberg", "usage": 1},
				{"appName": "메시지", "usage": 0},
				{"appName": "시계", "usage": 0},
				{"appName": "네이버 웹툰", "usage": 0},
				{"appName": "SleepTown", "usage": 0},
				{"appName": "설정", "usage": 0},
				{"appName": "커플릿", "usage": 0},
				{"appName": "One UI 홈", "usage": 0},
				{"appName": "Forest", "usage": 0},
				{"appName": "통화", "usage": 0},
				{"appName": "뱅크샐러드", "usage": 0},
				{"appName": "Logger", "usage": 0},
				{"appName": "Microsoft Health", "usage": 0},
				{"appName": "카카오톡", "usage": 0},
				{"appName": "Paco", "usage": 0},
				{"appName": "이메일", "usage": 0},
				{"appName": "KB앱카드", "usage": 0},
				{"appName": "전화", "usage": 0},
				{"appName": "KB국민카드", "usage": 0},
				{"appName": "카메라", "usage": 0},
				{"appName": "Polar Beat", "usage": 0},
				{"appName": "파인더", "usage": 0},
				{"appName": "스마트택배", "usage": 0},
				{"appName": "밥대생", "usage": 0},
				{"appName": "원터치개인", "usage": 0},
				{"appName": "ABC Logger", "usage": 0},
				{"appName": "Samsung Health", "usage": 0},
				{"appName": "후후", "usage": 0},
				{"appName": "접근성", "usage": 0},
				{"appName": "Google Play 스토어", "usage": 0},
				{"appName": "Google", "usage": 0},
				{"appName": "Google Play 서비스", "usage": 0},
				{"appName": "패키지 설치 프로그램", "usage": 0},
				{"appName": "빅스비 보이스", "usage": 0},
				{"appName": "삼성카드", "usage": 0}
			]
		},
		"lastPickup": {"time": 0}
	},
	{
		"date": 3,
		"totalTime": {
			"usage": 313,
			"details": [
				{"appName": "T map", "usage": 124},
				{"appName": "삼성 인터넷", "usage": 61},
				{"appName": "카카오톡", "usage": 45},
				{"appName": "SleepTown", "usage": 33},
				{"appName": "Forest", "usage": 23},
				{"appName": "영웅문SG 베타", "usage": 19},
				{"appName": "원터치개인", "usage": 15},
				{"appName": "One UI 홈", "usage": 15},
				{"appName": "네이버 웹툰", "usage": 14},
				{"appName": "WSJ", "usage": 8},
				{"appName": "Paco", "usage": 5},
				{"appName": "통화", "usage": 4},
				{"appName": "카메라", "usage": 3},
				{"appName": "Bloomberg", "usage": 3},
				{"appName": "시계", "usage": 2},
				{"appName": "Google Play 스토어", "usage": 2},
				{"appName": "Polar Beat", "usage": 1},
				{"appName": "접근성", "usage": 1},
				{"appName": "Microsoft Health", "usage": 0},
				{"appName": "Logger", "usage": 0},
				{"appName": "설정", "usage": 0},
				{"appName": "파인더", "usage": 0},
				{"appName": "이메일", "usage": 0},
				{"appName": "후후", "usage": 0},
				{"appName": "Slack", "usage": 0},
				{"appName": "캘린더", "usage": 0},
				{"appName": "갤러리", "usage": 0},
				{"appName": "스마트택배", "usage": 0},
				{"appName": "네이버 메일", "usage": 0},
				{"appName": "안드로이드 시스템", "usage": 0},
				{"appName": "카카오뱅크", "usage": 0},
				{"appName": "메시지", "usage": 0},
				{"appName": "드라이브", "usage": 0},
				{"appName": "전화", "usage": 0},
				{"appName": "Google", "usage": 0},
				{"appName": "패키지 설치 프로그램", "usage": 0},
				{"appName": "커플릿", "usage": 0},
				{"appName": "빅스비 보이스", "usage": 0}
			]
		},
		"pickups": {"usage": 109},
		"downTime": {
			"usages": [
				{"hour": 0, "usage": 2},
				{"hour": 1, "usage": 34},
				{"hour": 2, "usage": 11},
				{"hour": 3, "usage": 19},
				{"hour": 4, "usage": 22},
				{"hour": 5, "usage": 9},
				{"hour": 6, "usage": 10},
				{"hour": 7, "usage": 14},
				{"hour": 8, "usage": 21},
				{"hour": 9, "usage": 19},
				{"hour": 10, "usage": 18},
				{"hour": 11, "usage": 20},
				{"hour": 12, "usage": 6},
				{"hour": 13, "usage": 11},
				{"hour": 14, "usage": 7},
				{"hour": 15, "usage": 37},
				{"hour": 16, "usage": 20},
				{"hour": 17, "usage": 10},
				{"hour": 18, "usage": 0},
				{"hour": 19, "usage": 0},
				{"hour": 23, "usage": 11}
			],
			"details": [
				{"appName": "One UI 홈", "usage": [1, 2, 3, 4, 6, 7, 8, 9, 11, 12, 13, 14, 15, 16, 18]},
				{"appName": "카카오톡", "usage": [1, 2, 3, 4, 6, 7, 8, 11, 13, 14]},
				{"appName": "Paco", "usage": [1, 2, 4, 5, 6, 7, 8, 11, 12]},
				{"appName": "SleepTown", "usage": [0, 1, 3, 16, 17, 18, 19, 23]},
				{"appName": "삼성 인터넷", "usage": [1, 7, 8, 11, 12, 14, 16]},
				{"appName": "T map", "usage": [3, 4, 8, 9, 10, 11]},
				{"appName": "통화", "usage": [2, 3, 11, 13, 14]},
				{"appName": "커플릿", "usage": [2, 9, 10, 11, 12]},
				{"appName": "Polar Beat", "usage": [2, 6, 11, 12]},
				{"appName": "Forest", "usage": [3, 4, 5, 6]},
				{"appName": "후후", "usage": [1, 2, 9]},
				{"appName": "패키지 설치 프로그램", "usage": [2, 12, 15]},
				{"appName": "카메라", "usage": [7, 8, 11]},
				{"appName": "이메일", "usage": [1, 2, 19]},
				{"appName": "원터치개인", "usage": [8, 14, 15]},
				{"appName": "안드로이드 시스템", "usage": [1, 3, 6]},
				{"appName": "설정", "usage": [2, 4, 7]},
				{"appName": "네이버 웹툰", "usage": [2, 3, 13]},
				{"appName": "Bloomberg", "usage": [1, 3, 4]},
				{"appName": "영웅문SG 베타", "usage": [15, 16]},
				{"appName": "시계", "usage": [0, 23]},
				{"appName": "드라이브", "usage": [6, 15]},
				{"appName": "WSJ", "usage": [6, 16]},
				{"appName": "Logger", "usage": [2, 12]},
				{"appName": "Google Play 스토어", "usage": [6, 15]},
				{"appName": "파인더", "usage": [15]},
				{"appName": "캘린더", "usage": [16]},
				{"appName": "카카오뱅크", "usage": [15]},
				{"appName": "접근성", "usage": [2]},
				{"appName": "전화", "usage": [3]},
				{"appName": "스마트택배", "usage": [2]},
				{"appName": "빅스비 보이스", "usage": [4]},
				{"appName": "메시지", "usage": [9]},
				{"appName": "네이버 메일", "usage": [8]},
				{"appName": "갤러리", "usage": [11]},
				{"appName": "Slack", "usage": [6]},
				{"appName": "Microsoft Health", "usage": [12]},
				{"appName": "Google", "usage": [12]}
			]
		},
		"maxTime": {
			"usage": 29,
			"details": [
				{"appName": "T map", "usage": 69},
				{"appName": "카카오톡", "usage": 16},
				{"appName": "영웅문SG 베타", "usage": 12},
				{"appName": "SleepTown", "usage": 11},
				{"appName": "삼성 인터넷", "usage": 10},
				{"appName": "Forest", "usage": 9},
				{"appName": "원터치개인", "usage": 6},
				{"appName": "One UI 홈", "usage": 5},
				{"appName": "네이버 웹툰", "usage": 2},
				{"appName": "시계", "usage": 2},
				{"appName": "WSJ", "usage": 2},
				{"appName": "카메라", "usage": 2},
				{"appName": "통화", "usage": 1},
				{"appName": "Bloomberg", "usage": 1},
				{"appName": "접근성", "usage": 1},
				{"appName": "Polar Beat", "usage": 0},
				{"appName": "Paco", "usage": 0},
				{"appName": "Google Play 스토어", "usage": 0},
				{"appName": "Microsoft Health", "usage": 0},
				{"appName": "파인더", "usage": 0},
				{"appName": "Slack", "usage": 0},
				{"appName": "이메일", "usage": 0},
				{"appName": "Logger", "usage": 0},
				{"appName": "설정", "usage": 0},
				{"appName": "캘린더", "usage": 0},
				{"appName": "네이버 메일", "usage": 0},
				{"appName": "갤러리", "usage": 0},
				{"appName": "카카오뱅크", "usage": 0},
				{"appName": "메시지", "usage": 0},
				{"appName": "드라이브", "usage": 0},
				{"appName": "스마트택배", "usage": 0},
				{"appName": "전화", "usage": 0},
				{"appName": "후후", "usage": 0},
				{"appName": "안드로이드 시스템", "usage": 0},
				{"appName": "Google", "usage": 0},
				{"appName": "패키지 설치 프로그램", "usage": 0},
				{"appName": "커플릿", "usage": 0},
				{"appName": "빅스비 보이스", "usage": 0}
			]
		},
		"avgTime": {
			"usage": 2,
			"details": [
				{"appName": "T map", "usage": 3},
				{"appName": "영웅문SG 베타", "usage": 2},
				{"appName": "삼성 인터넷", "usage": 1},
				{"appName": "접근성", "usage": 1},
				{"appName": "원터치개인", "usage": 0},
				{"appName": "시계", "usage": 0},
				{"appName": "카메라", "usage": 0},
				{"appName": "네이버 웹툰", "usage": 0},
				{"appName": "SleepTown", "usage": 0},
				{"appName": "Forest", "usage": 0},
				{"appName": "Bloomberg", "usage": 0},
				{"appName": "통화", "usage": 0},
				{"appName": "WSJ", "usage": 0},
				{"appName": "카카오톡", "usage": 0},
				{"appName": "Microsoft Health", "usage": 0},
				{"appName": "Slack", "usage": 0},
				{"appName": "파인더", "usage": 0},
				{"appName": "Google Play 스토어", "usage": 0},
				{"appName": "One UI 홈", "usage": 0},
				{"appName": "Polar Beat", "usage": 0},
				{"appName": "네이버 메일", "usage": 0},
				{"appName": "Paco", "usage": 0},
				{"appName": "이메일", "usage": 0},
				{"appName": "Logger", "usage": 0},
				{"appName": "캘린더", "usage": 0},
				{"appName": "메시지", "usage": 0},
				{"appName": "설정", "usage": 0},
				{"appName": "안드로이드 시스템", "usage": 0},
				{"appName": "전화", "usage": 0},
				{"appName": "갤러리", "usage": 0},
				{"appName": "Google", "usage": 0},
				{"appName": "드라이브", "usage": 0},
				{"appName": "스마트택배", "usage": 0},
				{"appName": "후후", "usage": 0},
				{"appName": "카카오뱅크", "usage": 0},
				{"appName": "패키지 설치 프로그램", "usage": 0},
				{"appName": "커플릿", "usage": 0},
				{"appName": "빅스비 보이스", "usage": 0}
			]
		},
		"lastPickup": {"time": 11}
	},
	{
		"date": 4,
		"totalTime": {
			"usage": 274,
			"details": [
				{"appName": "카카오톡", "usage": 60},
				{"appName": "One UI 홈", "usage": 44},
				{"appName": "삼성 인터넷", "usage": 35},
				{"appName": "OTP", "usage": 16},
				{"appName": "네이버 메일", "usage": 13},
				{"appName": "SleepTown", "usage": 11},
				{"appName": "코인뷰", "usage": 10},
				{"appName": "통화", "usage": 9},
				{"appName": "T map", "usage": 6},
				{"appName": "메시지", "usage": 6},
				{"appName": "카카오뱅크", "usage": 5},
				{"appName": "Paco", "usage": 4},
				{"appName": "Google Play 스토어", "usage": 4},
				{"appName": "Gmail", "usage": 3},
				{"appName": "네이버 웹툰", "usage": 3},
				{"appName": "Forest", "usage": 3},
				{"appName": "PASS", "usage": 3},
				{"appName": "WSJ", "usage": 2},
				{"appName": "Chrome", "usage": 2},
				{"appName": "후후", "usage": 2},
				{"appName": "전화", "usage": 1},
				{"appName": "Polar Beat", "usage": 1},
				{"appName": "영웅문SG 베타", "usage": 1},
				{"appName": "안드로이드 시스템", "usage": 1},
				{"appName": "시계", "usage": 1},
				{"appName": "원터치개인", "usage": 0},
				{"appName": "접근성", "usage": 0},
				{"appName": "Samsung Pay", "usage": 0},
				{"appName": "설정", "usage": 0},
				{"appName": "oksusu", "usage": 0},
				{"appName": "FastHub", "usage": 0},
				{"appName": "", "usage": 0},
				{"appName": "파인더", "usage": 0},
				{"appName": "Coinnow", "usage": 0},
				{"appName": "Dropsync", "usage": 0},
				{"appName": "Logger", "usage": 0},
				{"appName": "이메일", "usage": 0},
				{"appName": "패키지 설치 프로그램", "usage": 0},
				{"appName": "Samsung Pass 자동 완성", "usage": 0},
				{"appName": "카메라", "usage": 0},
				{"appName": "Google Play 서비스", "usage": 0},
				{"appName": "Big Hunter", "usage": 0},
				{"appName": "게임툴즈", "usage": 0},
				{"appName": "날씨", "usage": 0},
				{"appName": "커플릿", "usage": 0},
				{"appName": "빅스비 보이스", "usage": 0}
			]
		},
		"pickups": {"usage": 112},
		"downTime": {
			"usages": [
				{"hour": 0, "usage": 0},
				{"hour": 1, "usage": 14},
				{"hour": 2, "usage": 46},
				{"hour": 3, "usage": 24},
				{"hour": 4, "usage": 14},
				{"hour": 5, "usage": 5},
				{"hour": 6, "usage": 2},
				{"hour": 7, "usage": 21},
				{"hour": 8, "usage": 45},
				{"hour": 9, "usage": 2},
				{"hour": 10, "usage": 0},
				{"hour": 11, "usage": 5},
				{"hour": 12, "usage": 26},
				{"hour": 13, "usage": 15},
				{"hour": 14, "usage": 33},
				{"hour": 15, "usage": 2},
				{"hour": 16, "usage": 5},
				{"hour": 17, "usage": 0},
				{"hour": 23, "usage": 7}
			],
			"details": [
				{"appName": "One UI 홈", "usage": [1, 2, 3, 4, 5, 6, 7, 8, 9, 10, 11, 12, 13, 14, 15, 16]},
				{"appName": "카카오톡", "usage": [1, 2, 3, 4, 5, 7, 8, 9, 12, 14, 15]},
				{"appName": "삼성 인터넷", "usage": [1, 2, 4, 5, 6, 7, 8, 9, 13, 14]},
				{"appName": "Paco", "usage": [1, 2, 3, 4, 5, 6, 7, 8, 9, 12]},
				{"appName": "SleepTown", "usage": [0, 1, 7, 13, 14, 16, 17, 23]},
				{"appName": "설정", "usage": [2, 3, 6, 9, 10, 12, 13]},
				{"appName": "접근성", "usage": [2, 6, 9, 10, 12]},
				{"appName": "Logger", "usage": [2, 6, 9, 10, 12]},
				{"appName": "패키지 설치 프로그램", "usage": [2, 6, 12, 13]},
				{"appName": "통화", "usage": [8, 11, 12, 15]},
				{"appName": "코인뷰", "usage": [12, 13, 14, 23]},
				{"appName": "WSJ", "usage": [1, 12, 14, 15]},
				{"appName": "OTP", "usage": [2, 3, 4, 12]},
				{"appName": "후후", "usage": [2, 4, 12]},
				{"appName": "파인더", "usage": [2, 3, 8]},
				{"appName": "카메라", "usage": [3, 8, 12]},
				{"appName": "전화", "usage": [8, 11, 15]},
				{"appName": "안드로이드 시스템", "usage": [3, 7, 14]},
				{"appName": "T map", "usage": [4, 5, 8]},
				{"appName": "Samsung Pass 자동 완성", "usage": [8, 9, 12]},
				{"appName": "Google Play 스토어", "usage": [2, 12, 13]},
				{"appName": "Forest", "usage": [5, 6, 14]},
				{"appName": "커플릿", "usage": [3, 8]},
				{"appName": "이메일", "usage": [2, 8]},
				{"appName": "시계", "usage": [0, 23]},
				{"appName": "메시지", "usage": [3, 12]},
				{"appName": "네이버 메일", "usage": [2, 8]},
				{"appName": "Polar Beat", "usage": [2, 12]},
				{"appName": "카카오뱅크", "usage": [3]},
				{"appName": "원터치개인", "usage": [3]},
				{"appName": "영웅문SG 베타", "usage": [13]},
				{"appName": "빅스비 보이스", "usage": [1]},
				{"appName": "네이버 웹툰", "usage": [12]},
				{"appName": "날씨", "usage": [12]},
				{"appName": "게임툴즈", "usage": [13]},
				{"appName": "oksusu", "usage": [13]},
				{"appName": "Samsung Pay", "usage": [8]},
				{"appName": "PASS", "usage": [2]},
				{"appName": "Google Play 서비스", "usage": [3]},
				{"appName": "Gmail", "usage": [2]},
				{"appName": "FastHub", "usage": [14]},
				{"appName": "Dropsync", "usage": [6]},
				{"appName": "Coinnow", "usage": [13]},
				{"appName": "Chrome", "usage": [8]},
				{"appName": "Big Hunter", "usage": [13]},
				{"appName": "", "usage": [12]}
			]
		},
		"maxTime": {
			"usage": 26,
			"details": [
				{"appName": "네이버 메일", "usage": 10},
				{"appName": "카카오톡", "usage": 8},
				{"appName": "코인뷰", "usage": 5},
				{"appName": "One UI 홈", "usage": 5},
				{"appName": "SleepTown", "usage": 5},
				{"appName": "OTP", "usage": 4},
				{"appName": "삼성 인터넷", "usage": 4},
				{"appName": "Gmail", "usage": 3},
				{"appName": "메시지", "usage": 3},
				{"appName": "통화", "usage": 3},
				{"appName": "네이버 웹툰", "usage": 3},
				{"appName": "카카오뱅크", "usage": 2},
				{"appName": "T map", "usage": 2},
				{"appName": "Chrome", "usage": 2},
				{"appName": "후후", "usage": 2},
				{"appName": "Forest", "usage": 1},
				{"appName": "PASS", "usage": 1},
				{"appName": "Google Play 스토어", "usage": 1},
				{"appName": "WSJ", "usage": 1},
				{"appName": "전화", "usage": 1},
				{"appName": "Samsung Pay", "usage": 0},
				{"appName": "안드로이드 시스템", "usage": 0},
				{"appName": "시계", "usage": 0},
				{"appName": "접근성", "usage": 0},
				{"appName": "Paco", "usage": 0},
				{"appName": "Polar Beat", "usage": 0},
				{"appName": "영웅문SG 베타", "usage": 0},
				{"appName": "원터치개인", "usage": 0},
				{"appName": "", "usage": 0},
				{"appName": "FastHub", "usage": 0},
				{"appName": "Dropsync", "usage": 0},
				{"appName": "oksusu", "usage": 0},
				{"appName": "설정", "usage": 0},
				{"appName": "이메일", "usage": 0},
				{"appName": "파인더", "usage": 0},
				{"appName": "Logger", "usage": 0},
				{"appName": "Coinnow", "usage": 0},
				{"appName": "Samsung Pass 자동 완성", "usage": 0},
				{"appName": "Google Play 서비스", "usage": 0},
				{"appName": "카메라", "usage": 0},
				{"appName": "패키지 설치 프로그램", "usage": 0},
				{"appName": "Big Hunter", "usage": 0},
				{"appName": "게임툴즈", "usage": 0},
				{"appName": "날씨", "usage": 0},
				{"appName": "커플릿", "usage": 0},
				{"appName": "빅스비 보이스", "usage": 0}
			]
		},
		"avgTime": {
			"usage": 2,
			"details": [
				{"appName": "Gmail", "usage": 3},
				{"appName": "네이버 메일", "usage": 2},
				{"appName": "Chrome", "usage": 1},
				{"appName": "메시지", "usage": 0},
				{"appName": "Samsung Pay", "usage": 0},
				{"appName": "네이버 웹툰", "usage": 0},
				{"appName": "통화", "usage": 0},
				{"appName": "삼성 인터넷", "usage": 0},
				{"appName": "OTP", "usage": 0},
				{"appName": "T map", "usage": 0},
				{"appName": "안드로이드 시스템", "usage": 0},
				{"appName": "시계", "usage": 0},
				{"appName": "전화", "usage": 0},
				{"appName": "One UI 홈", "usage": 0},
				{"appName": "SleepTown", "usage": 0},
				{"appName": "영웅문SG 베타", "usage": 0},
				{"appName": "카카오뱅크", "usage": 0},
				{"appName": "카카오톡", "usage": 0},
				{"appName": "후후", "usage": 0},
				{"appName": "코인뷰", "usage": 0},
				{"appName": "WSJ", "usage": 0},
				{"appName": "Forest", "usage": 0},
				{"appName": "Polar Beat", "usage": 0},
				{"appName": "Dropsync", "usage": 0},
				{"appName": "", "usage": 0},
				{"appName": "이메일", "usage": 0},
				{"appName": "Google Play 스토어", "usage": 0},
				{"appName": "원터치개인", "usage": 0},
				{"appName": "접근성", "usage": 0},
				{"appName": "FastHub", "usage": 0},
				{"appName": "Paco", "usage": 0},
				{"appName": "Google Play 서비스", "usage": 0},
				{"appName": "파인더", "usage": 0},
				{"appName": "Samsung Pass 자동 완성", "usage": 0},
				{"appName": "PASS", "usage": 0},
				{"appName": "Coinnow", "usage": 0},
				{"appName": "설정", "usage": 0},
				{"appName": "카메라", "usage": 0},
				{"appName": "oksusu", "usage": 0},
				{"appName": "Logger", "usage": 0},
				{"appName": "패키지 설치 프로그램", "usage": 0},
				{"appName": "Big Hunter", "usage": 0},
				{"appName": "게임툴즈", "usage": 0},
				{"appName": "날씨", "usage": 0},
				{"appName": "커플릿", "usage": 0},
				{"appName": "빅스비 보이스", "usage": 0}
			]
		},
		"lastPickup": {"time": 7}
	},
	{
		"date": 5,
		"totalTime": {
			"usage": 329,
			"details": [
				{"appName": "카카오톡", "usage": 106},
				{"appName": "삼성 인터넷", "usage": 56},
				{"appName": "One UI 홈", "usage": 36},
				{"appName": "통화", "usage": 22},
				{"appName": "OTP", "usage": 19},
				{"appName": "WSJ", "usage": 14},
				{"appName": "Polar Beat", "usage": 11},
				{"appName": "코인뷰", "usage": 10},
				{"appName": "Paco", "usage": 9},
				{"appName": "SleepTown", "usage": 6},
				{"appName": "이메일", "usage": 5},
				{"appName": "지도", "usage": 3},
				{"appName": "드라이브", "usage": 2},
				{"appName": "Google Play 스토어", "usage": 2},
				{"appName": "Google 뉴스", "usage": 2},
				{"appName": "영웅문SG 베타", "usage": 1},
				{"appName": "커플릿", "usage": 1},
				{"appName": "스마트택배", "usage": 1},
				{"appName": "전화", "usage": 1},
				{"appName": "Chrome", "usage": 1},
				{"appName": "텔레그램", "usage": 0},
				{"appName": "ULike", "usage": 0},
				{"appName": "Gmail", "usage": 0},
				{"appName": "메시지", "usage": 0},
				{"appName": "한컴오피스 viewer", "usage": 0},
				{"appName": "시계", "usage": 0},
				{"appName": "캘린더", "usage": 0},
				{"appName": "설정", "usage": 0},
				{"appName": "카메라", "usage": 0},
				{"appName": "후후", "usage": 0},
				{"appName": "네이버 메일", "usage": 0},
				{"appName": "T map", "usage": 0},
				{"appName": "원터치개인", "usage": 0},
				{"appName": "안드로이드 시스템", "usage": 0},
				{"appName": "OneDrive", "usage": 0},
				{"appName": "Logger", "usage": 0},
				{"appName": "ABC Logger", "usage": 0},
				{"appName": "접근성", "usage": 0},
				{"appName": "Google", "usage": 0},
				{"appName": "패키지 설치 프로그램", "usage": 0},
				{"appName": "Google Play 서비스", "usage": 0},
				{"appName": "빅스비 보이스", "usage": 0}
			]
		},
		"pickups": {"usage": 145},
		"downTime": {
			"usages": [
				{"hour": 0, "usage": 0},
				{"hour": 1, "usage": 12},
				{"hour": 2, "usage": 38},
				{"hour": 3, "usage": 30},
				{"hour": 4, "usage": 18},
				{"hour": 5, "usage": 3},
				{"hour": 6, "usage": 16},
				{"hour": 7, "usage": 40},
				{"hour": 8, "usage": 26},
				{"hour": 9, "usage": 21},
				{"hour": 10, "usage": 20},
				{"hour": 11, "usage": 12},
				{"hour": 13, "usage": 27},
				{"hour": 14, "usage": 19},
				{"hour": 15, "usage": 15},
				{"hour": 16, "usage": 0},
				{"hour": 23, "usage": 25}
			],
			"details": [
				{"appName": "카카오톡", "usage": [1, 2, 3, 4, 5, 6, 7, 8, 9, 10, 11, 13, 14, 15, 23]},
				{"appName": "One UI 홈", "usage": [1, 2, 3, 4, 6, 7, 8, 9, 10, 11, 13, 14, 15, 23]},
				{"appName": "Paco", "usage": [2, 3, 4, 5, 6, 7, 8, 9, 10, 11]},
				{"appName": "OTP", "usage": [6, 7, 8, 9, 10, 11, 15, 23]},
				{"appName": "통화", "usage": [6, 9, 10, 13, 14, 15]},
				{"appName": "코인뷰", "usage": [0, 1, 2, 8, 15, 23]},
				{"appName": "스마트택배", "usage": [2, 9, 10, 11, 15, 23]},
				{"appName": "카메라", "usage": [6, 7, 8, 9, 13]},
				{"appName": "이메일", "usage": [5, 6, 7, 8, 9]},
				{"appName": "삼성 인터넷", "usage": [7, 8, 9, 14, 23]},
				{"appName": "SleepTown", "usage": [1, 15, 16, 18, 23]},
				{"appName": "커플릿", "usage": [4, 10, 11, 15]},
				{"appName": "WSJ", "usage": [2, 3, 4, 6]},
				{"appName": "패키지 설치 프로그램", "usage": [3, 10, 23]},
				{"appName": "전화", "usage": [9, 10, 15]},
				{"appName": "Polar Beat", "usage": [3, 4, 13]},
				{"appName": "후후", "usage": [1, 2]},
				{"appName": "텔레그램", "usage": [5, 6]},
				{"appName": "접근성", "usage": [3, 10]},
				{"appName": "영웅문SG 베타", "usage": [15, 23]},
				{"appName": "안드로이드 시스템", "usage": [6, 23]},
				{"appName": "설정", "usage": [3, 10]},
				{"appName": "메시지", "usage": [2, 23]},
				{"appName": "Logger", "usage": [3, 10]},
				{"appName": "Google 뉴스", "usage": [14, 23]},
				{"appName": "한컴오피스 viewer", "usage": [8]},
				{"appName": "캘린더", "usage": [10]},
				{"appName": "지도", "usage": [7]},
				{"appName": "원터치개인", "usage": [14]},
				{"appName": "시계", "usage": [0]},
				{"appName": "빅스비 보이스", "usage": [8]},
				{"appName": "드라이브", "usage": [8]},
				{"appName": "네이버 메일", "usage": [2]},
				{"appName": "ULike", "usage": [13]},
				{"appName": "T map", "usage": [7]},
				{"appName": "OneDrive", "usage": [8]},
				{"appName": "Google Play 스토어", "usage": [14]},
				{"appName": "Google Play 서비스", "usage": [3]},
				{"appName": "Google", "usage": [23]},
				{"appName": "Gmail", "usage": [23]},
				{"appName": "Chrome", "usage": [5]},
				{"appName": "ABC Logger", "usage": [4]}
			]
		},
		"maxTime": {
			"usage": 38,
			"details": [
				{"appName": "카카오톡", "usage": 23},
				{"appName": "통화", "usage": 13},
				{"appName": "Polar Beat", "usage": 10},
				{"appName": "삼성 인터넷", "usage": 9},
				{"appName": "One UI 홈", "usage": 5},
				{"appName": "SleepTown", "usage": 5},
				{"appName": "OTP", "usage": 5},
				{"appName": "코인뷰", "usage": 5},
				{"appName": "Paco", "usage": 5},
				{"appName": "WSJ", "usage": 3},
				{"appName": "지도", "usage": 3},
				{"appName": "이메일", "usage": 1},
				{"appName": "커플릿", "usage": 1},
				{"appName": "드라이브", "usage": 1},
				{"appName": "Google Play 스토어", "usage": 1},
				{"appName": "Chrome", "usage": 1},
				{"appName": "ULike", "usage": 0},
				{"appName": "Google 뉴스", "usage": 0},
				{"appName": "영웅문SG 베타", "usage": 0},
				{"appName": "전화", "usage": 0},
				{"appName": "텔레그램", "usage": 0},
				{"appName": "Gmail", "usage": 0},
				{"appName": "스마트택배", "usage": 0},
				{"appName": "메시지", "usage": 0},
				{"appName": "시계", "usage": 0},
				{"appName": "캘린더", "usage": 0},
				{"appName": "네이버 메일", "usage": 0},
				{"appName": "한컴오피스 viewer", "usage": 0},
				{"appName": "T map", "usage": 0},
				{"appName": "원터치개인", "usage": 0},
				{"appName": "후후", "usage": 0},
				{"appName": "설정", "usage": 0},
				{"appName": "카메라", "usage": 0},
				{"appName": "안드로이드 시스템", "usage": 0},
				{"appName": "OneDrive", "usage": 0},
				{"appName": "ABC Logger", "usage": 0},
				{"appName": "패키지 설치 프로그램", "usage": 0},
				{"appName": "Google", "usage": 0},
				{"appName": "접근성", "usage": 0},
				{"appName": "Logger", "usage": 0},
				{"appName": "Google Play 서비스", "usage": 0},
				{"appName": "빅스비 보이스", "usage": 0}
			]
		},
		"avgTime": {
			"usage": 2,
			"details": [
				{"appName": "지도", "usage": 3},
				{"appName": "통화", "usage": 1},
				{"appName": "삼성 인터넷", "usage": 1},
				{"appName": "Polar Beat", "usage": 1},
				{"appName": "OTP", "usage": 1},
				{"appName": "WSJ", "usage": 0},
				{"appName": "드라이브", "usage": 0},
				{"appName": "SleepTown", "usage": 0},
				{"appName": "영웅문SG 베타", "usage": 0},
				{"appName": "ULike", "usage": 0},
				{"appName": "코인뷰", "usage": 0},
				{"appName": "Google Play 스토어", "usage": 0},
				{"appName": "이메일", "usage": 0},
				{"appName": "Chrome", "usage": 0},
				{"appName": "카카오톡", "usage": 0},
				{"appName": "One UI 홈", "usage": 0},
				{"appName": "캘린더", "usage": 0},
				{"appName": "Gmail", "usage": 0},
				{"appName": "Paco", "usage": 0},
				{"appName": "커플릿", "usage": 0},
				{"appName": "네이버 메일", "usage": 0},
				{"appName": "전화", "usage": 0},
				{"appName": "텔레그램", "usage": 0},
				{"appName": "Google 뉴스", "usage": 0},
				{"appName": "메시지", "usage": 0},
				{"appName": "시계", "usage": 0},
				{"appName": "한컴오피스 viewer", "usage": 0},
				{"appName": "안드로이드 시스템", "usage": 0},
				{"appName": "T map", "usage": 0},
				{"appName": "후후", "usage": 0},
				{"appName": "스마트택배", "usage": 0},
				{"appName": "카메라", "usage": 0},
				{"appName": "원터치개인", "usage": 0},
				{"appName": "설정", "usage": 0},
				{"appName": "ABC Logger", "usage": 0},
				{"appName": "접근성", "usage": 0},
				{"appName": "Google", "usage": 0},
				{"appName": "Google Play 서비스", "usage": 0},
				{"appName": "OneDrive", "usage": 0},
				{"appName": "패키지 설치 프로그램", "usage": 0},
				{"appName": "Logger", "usage": 0},
				{"appName": "빅스비 보이스", "usage": 0}
			]
		},
		"lastPickup": {"time": 0}
	},
	{
		"date": 6,
		"totalTime": {
			"usage": 361,
			"details": [
				{"appName": "One UI 홈", "usage": 50},
				{"appName": "카카오톡", "usage": 48},
				{"appName": "비디오 플레이어", "usage": 41},
				{"appName": "카메라", "usage": 32},
				{"appName": "갤러리", "usage": 32},
				{"appName": "영웅문SG 베타", "usage": 30},
				{"appName": "OTP", "usage": 20},
				{"appName": "삼성 인터넷", "usage": 14},
				{"appName": "코인뷰", "usage": 13},
				{"appName": "통화", "usage": 12},
				{"appName": "SleepTown", "usage": 10},
				{"appName": "메시지", "usage": 9},
				{"appName": "WSJ", "usage": 6},
				{"appName": "T map", "usage": 5},
				{"appName": "Paco", "usage": 5},
				{"appName": "YouTube", "usage": 4},
				{"appName": "Polar Beat", "usage": 3},
				{"appName": "이메일", "usage": 2},
				{"appName": "Slack", "usage": 0},
				{"appName": "Logger", "usage": 0},
				{"appName": "카카오뱅크", "usage": 0},
				{"appName": "카카오스토리", "usage": 0},
				{"appName": "전화", "usage": 0},
				{"appName": "밥대생", "usage": 0},
				{"appName": "스마트택배", "usage": 0},
				{"appName": "Forest", "usage": 0},
				{"appName": "Google Play 스토어", "usage": 0},
				{"appName": "시계", "usage": 0},
				{"appName": "설정", "usage": 0},
				{"appName": "FastHub", "usage": 0},
				{"appName": "안드로이드 시스템", "usage": 0},
				{"appName": "접근성", "usage": 0},
				{"appName": "파인더", "usage": 0},
				{"appName": "Google", "usage": 0},
				{"appName": "패키지 설치 프로그램", "usage": 0},
				{"appName": "Google Play 서비스", "usage": 0},
				{"appName": "AdGuard", "usage": 0},
				{"appName": "빅스비 보이스", "usage": 0},
				{"appName": "삼성 캡처", "usage": 0},
				{"appName": "커플릿", "usage": 0}
			]
		},
		"pickups": {"usage": 150},
		"downTime": {
			"usages": [
				{"hour": 0, "usage": 18},
				{"hour": 1, "usage": 33},
				{"hour": 2, "usage": 46},
				{"hour": 3, "usage": 29},
				{"hour": 4, "usage": 35},
				{"hour": 5, "usage": 12},
				{"hour": 6, "usage": 10},
				{"hour": 7, "usage": 16},
				{"hour": 8, "usage": 16},
				{"hour": 9, "usage": 24},
				{"hour": 10, "usage": 29},
				{"hour": 11, "usage": 19},
				{"hour": 12, "usage": 5},
				{"hour": 13, "usage": 9},
				{"hour": 14, "usage": 15},
				{"hour": 15, "usage": 15},
				{"hour": 23, "usage": 22}
			],
			"details": [
				{"appName": "One UI 홈", "usage": [0, 1, 2, 3, 4, 5, 6, 7, 8, 9, 10, 11, 12, 13, 14, 15, 23]},
				{"appName": "코인뷰", "usage": [0, 1, 4, 5, 7, 8, 9, 10, 11, 12, 13, 14, 23]},
				{"appName": "카카오톡", "usage": [0, 1, 4, 5, 6, 7, 8, 9, 11, 12, 13, 14, 23]},
				{"appName": "Paco", "usage": [1, 3, 4, 5, 7, 8, 9, 10, 11, 12]},
				{"appName": "삼성 인터넷", "usage": [1, 5, 7, 8, 9, 10, 11, 12]},
				{"appName": "OTP", "usage": [0, 1, 5, 11, 12, 13, 15, 23]},
				{"appName": "통화", "usage": [0, 3, 4, 9, 13, 14, 23]},
				{"appName": "영웅문SG 베타", "usage": [1, 5, 7, 12, 14, 15, 23]},
				{"appName": "비디오 플레이어", "usage": [1, 2, 3, 4, 6, 10]},
				{"appName": "메시지", "usage": [1, 4, 6, 7, 9, 23]},
				{"appName": "갤러리", "usage": [1, 2, 3, 4, 6, 10]},
				{"appName": "SleepTown", "usage": [7, 8, 9, 10, 15, 23]},
				{"appName": "Polar Beat", "usage": [1, 5, 7, 8, 12, 13]},
				{"appName": "카메라", "usage": [1, 2, 3, 4, 12]},
				{"appName": "WSJ", "usage": [0, 5, 6, 11, 15]},
				{"appName": "설정", "usage": [1, 4, 5, 23]},
				{"appName": "패키지 설치 프로그램", "usage": [1, 12, 13]},
				{"appName": "전화", "usage": [0, 4, 13]},
				{"appName": "이메일", "usage": [1, 7, 9]},
				{"appName": "Slack", "usage": [3, 12, 13]},
				{"appName": "Logger", "usage": [1, 4, 12]},
				{"appName": "커플릿", "usage": [4, 12]},
				{"appName": "카카오뱅크", "usage": [4, 5]},
				{"appName": "접근성", "usage": [1, 4]},
				{"appName": "안드로이드 시스템", "usage": [7, 8]},
				{"appName": "시계", "usage": [0, 23]},
				{"appName": "스마트택배", "usage": [1, 3]},
				{"appName": "빅스비 보이스", "usage": [5, 14]},
				{"appName": "파인더", "usage": [10]},
				{"appName": "카카오스토리", "usage": [13]},
				{"appName": "삼성 캡처", "usage": [7]},
				{"appName": "밥대생", "usage": [8]},
				{"appName": "YouTube", "usage": [10]},
				{"appName": "T map", "usage": [1]},
				{"appName": "Google Play 스토어", "usage": [10]},
				{"appName": "Google Play 서비스", "usage": [1]},
				{"appName": "Google", "usage": [12]},
				{"appName": "Forest", "usage": [11]},
				{"appName": "FastHub", "usage": [3]},
				{"appName": "AdGuard", "usage": [0]}
			]
		},
		"maxTime": {
			"usage": 34,
			"details": [
				{"appName": "비디오 플레이어", "usage": 20},
				{"appName": "영웅문SG 베타", "usage": 6},
				{"appName": "카메라", "usage": 6},
				{"appName": "One UI 홈", "usage": 5},
				{"appName": "갤러리", "usage": 5},
				{"appName": "카카오톡", "usage": 5},
				{"appName": "OTP", "usage": 5},
				{"appName": "메시지", "usage": 5},
				{"appName": "SleepTown", "usage": 4},
				{"appName": "삼성 인터넷", "usage": 4},
				{"appName": "YouTube", "usage": 4},
				{"appName": "통화", "usage": 3},
				{"appName": "코인뷰", "usage": 3},
				{"appName": "T map", "usage": 3},
				{"appName": "Polar Beat", "usage": 2},
				{"appName": "WSJ", "usage": 2},
				{"appName": "이메일", "usage": 1},
				{"appName": "Paco", "usage": 0},
				{"appName": "Slack", "usage": 0},
				{"appName": "전화", "usage": 0},
				{"appName": "밥대생", "usage": 0},
				{"appName": "스마트택배", "usage": 0},
				{"appName": "Logger", "usage": 0},
				{"appName": "Google Play 스토어", "usage": 0},
				{"appName": "시계", "usage": 0},
				{"appName": "카카오스토리", "usage": 0},
				{"appName": "카카오뱅크", "usage": 0},
				{"appName": "Forest", "usage": 0},
				{"appName": "FastHub", "usage": 0},
				{"appName": "파인더", "usage": 0},
				{"appName": "안드로이드 시스템", "usage": 0},
				{"appName": "설정", "usage": 0},
				{"appName": "접근성", "usage": 0},
				{"appName": "Google", "usage": 0},
				{"appName": "패키지 설치 프로그램", "usage": 0},
				{"appName": "Google Play 서비스", "usage": 0},
				{"appName": "AdGuard", "usage": 0},
				{"appName": "빅스비 보이스", "usage": 0},
				{"appName": "삼성 캡처", "usage": 0},
				{"appName": "커플릿", "usage": 0}
			]
		},
		"avgTime": {
			"usage": 2,
			"details": [
				{"appName": "YouTube", "usage": 2},
				{"appName": "OTP", "usage": 1},
				{"appName": "영웅문SG 베타", "usage": 1},
				{"appName": "비디오 플레이어", "usage": 0},
				{"appName": "카메라", "usage": 0},
				{"appName": "T map", "usage": 0},
				{"appName": "삼성 인터넷", "usage": 0},
				{"appName": "통화", "usage": 0},
				{"appName": "이메일", "usage": 0},
				{"appName": "메시지", "usage": 0},
				{"appName": "갤러리", "usage": 0},
				{"appName": "WSJ", "usage": 0},
				{"appName": "One UI 홈", "usage": 0},
				{"appName": "Slack", "usage": 0},
				{"appName": "코인뷰", "usage": 0},
				{"appName": "Polar Beat", "usage": 0},
				{"appName": "SleepTown", "usage": 0},
				{"appName": "전화", "usage": 0},
				{"appName": "Google Play 스토어", "usage": 0},
				{"appName": "카카오톡", "usage": 0},
				{"appName": "밥대생", "usage": 0},
				{"appName": "Paco", "usage": 0},
				{"appName": "Logger", "usage": 0},
				{"appName": "시계", "usage": 0},
				{"appName": "파인더", "usage": 0},
				{"appName": "FastHub", "usage": 0},
				{"appName": "Forest", "usage": 0},
				{"appName": "안드로이드 시스템", "usage": 0},
				{"appName": "카카오스토리", "usage": 0},
				{"appName": "Google", "usage": 0},
				{"appName": "스마트택배", "usage": 0},
				{"appName": "카카오뱅크", "usage": 0},
				{"appName": "접근성", "usage": 0},
				{"appName": "Google Play 서비스", "usage": 0},
				{"appName": "설정", "usage": 0},
				{"appName": "AdGuard", "usage": 0},
				{"appName": "패키지 설치 프로그램", "usage": 0},
				{"appName": "삼성 캡처", "usage": 0},
				{"appName": "빅스비 보이스", "usage": 0},
				{"appName": "커플릿", "usage": 0}
			]
		},
		"lastPickup": {"time": 8}
	},
	{
		"date": 7,
		"totalTime": {
			"usage": 269,
			"details": [
				{"appName": "카카오톡", "usage": 59},
				{"appName": "OTP", "usage": 37},
				{"appName": "네이버 웹툰", "usage": 24},
				{"appName": "One UI 홈", "usage": 24},
				{"appName": "영웅문SG 베타", "usage": 20},
				{"appName": "Paco", "usage": 16},
				{"appName": "SleepTown", "usage": 9},
				{"appName": "Smart​Things", "usage": 5},
				{"appName": "코인뷰", "usage": 5},
				{"appName": "뱅크샐러드", "usage": 5},
				{"appName": "비디오 플레이어", "usage": 4},
				{"appName": "통화", "usage": 3},
				{"appName": "Microsoft Health", "usage": 2},
				{"appName": "삼성 인터넷", "usage": 2},
				{"appName": "한국투자 주식", "usage": 2},
				{"appName": "WSJ", "usage": 2},
				{"appName": "Coinnow", "usage": 1},
				{"appName": "카메라", "usage": 1},
				{"appName": "Google Play 스토어", "usage": 1},
				{"appName": "메시지", "usage": 1},
				{"appName": "설정", "usage": 0},
				{"appName": "Dropsync", "usage": 0},
				{"appName": "Samsung Pay", "usage": 0},
				{"appName": "갤러리", "usage": 0},
				{"appName": "스마트택배", "usage": 0},
				{"appName": "Polar Beat", "usage": 0},
				{"appName": "파인더", "usage": 0},
				{"appName": "이메일", "usage": 0},
				{"appName": "Logger", "usage": 0},
				{"appName": "접근성", "usage": 0},
				{"appName": "KFTC FIDO LINK", "usage": 0},
				{"appName": "패키지 설치 프로그램", "usage": 0},
				{"appName": "ABC Logger", "usage": 0},
				{"appName": "", "usage": 0},
				{"appName": "커플릿", "usage": 0},
				{"appName": "빅스비 보이스", "usage": 0}
			]
		},
		"pickups": {"usage": 114},
		"downTime": {
			"usages": [
				{"hour": 0, "usage": 23},
				{"hour": 1, "usage": 17},
				{"hour": 2, "usage": 5},
				{"hour": 3, "usage": 8},
				{"hour": 4, "usage": 15},
				{"hour": 5, "usage": 10},
				{"hour": 6, "usage": 12},
				{"hour": 7, "usage": 6},
				{"hour": 8, "usage": 36},
				{"hour": 9, "usage": 14},
				{"hour": 10, "usage": 10},
				{"hour": 11, "usage": 14},
				{"hour": 12, "usage": 1},
				{"hour": 13, "usage": 12},
				{"hour": 14, "usage": 24},
				{"hour": 15, "usage": 20},
				{"hour": 16, "usage": 3},
				{"hour": 17, "usage": 0}
			],
			"details": [
				{"appName": "One UI 홈", "usage": [0, 1, 2, 3, 4, 5, 6, 7, 8, 9, 10, 11, 12, 13, 14, 15, 16]},
				{"appName": "카카오톡", "usage": [0, 1, 3, 4, 5, 6, 7, 8, 9, 10, 11, 12, 14, 16]},
				{"appName": "Paco", "usage": [1, 2, 3, 4, 5, 6, 7, 8, 11, 13]},
				{"appName": "OTP", "usage": [0, 1, 2, 8, 10, 11, 14, 15, 16]},
				{"appName": "코인뷰", "usage": [0, 1, 3, 4, 5, 11, 15]},
				{"appName": "영웅문SG 베타", "usage": [0, 9, 11, 12, 13, 14]},
				{"appName": "패키지 설치 프로그램", "usage": [1, 4, 6, 13, 15]},
				{"appName": "통화", "usage": [0, 1, 8, 13, 14]},
				{"appName": "카메라", "usage": [1, 4, 5, 6, 11]},
				{"appName": "설정", "usage": [0, 1, 6, 13]},
				{"appName": "네이버 웹툰", "usage": [1, 6, 9, 15]},
				{"appName": "SleepTown", "usage": [1, 15, 16, 17]},
				{"appName": "커플릿", "usage": [5, 6, 15]},
				{"appName": "접근성", "usage": [1, 6, 13]},
				{"appName": "삼성 인터넷", "usage": [4, 5, 11]},
				{"appName": "메시지", "usage": [0, 6, 15]},
				{"appName": "Polar Beat", "usage": [0, 4, 13]},
				{"appName": "Logger", "usage": [1, 6, 13]},
				{"appName": "Google Play 스토어", "usage": [3, 4, 15]},
				{"appName": "Coinnow", "usage": [15, 16, 17]},
				{"appName": "한국투자 주식", "usage": [4]},
				{"appName": "파인더", "usage": [3]},
				{"appName": "이메일", "usage": [0]},
				{"appName": "스마트택배", "usage": [1]},
				{"appName": "빅스비 보이스", "usage": [9]},
				{"appName": "비디오 플레이어", "usage": [3]},
				{"appName": "뱅크샐러드", "usage": [8]},
				{"appName": "갤러리", "usage": [3]},
				{"appName": "WSJ", "usage": [11]},
				{"appName": "Smart​Things", "usage": [5]},
				{"appName": "Samsung Pay", "usage": [5]},
				{"appName": "Microsoft Health", "usage": [1]},
				{"appName": "KFTC FIDO LINK", "usage": [4]},
				{"appName": "Dropsync", "usage": [13]},
				{"appName": "ABC Logger", "usage": [13]},
				{"appName": "", "usage": [15]}
			]
		},
		"maxTime": {
			"usage": 29,
			"details": [
				{"appName": "카카오톡", "usage": 12},
				{"appName": "영웅문SG 베타", "usage": 12},
				{"appName": "One UI 홈", "usage": 6},
				{"appName": "Smart​Things", "usage": 5},
				{"appName": "네이버 웹툰", "usage": 5},
				{"appName": "Paco", "usage": 5},
				{"appName": "OTP", "usage": 5},
				{"appName": "SleepTown", "usage": 4},
				{"appName": "뱅크샐러드", "usage": 4},
				{"appName": "비디오 플레이어", "usage": 3},
				{"appName": "WSJ", "usage": 1},
				{"appName": "통화", "usage": 1},
				{"appName": "삼성 인터넷", "usage": 1},
				{"appName": "Microsoft Health", "usage": 0},
				{"appName": "한국투자 주식", "usage": 0},
				{"appName": "카메라", "usage": 0},
				{"appName": "코인뷰", "usage": 0},
				{"appName": "메시지", "usage": 0},
				{"appName": "Samsung Pay", "usage": 0},
				{"appName": "Coinnow", "usage": 0},
				{"appName": "갤러리", "usage": 0},
				{"appName": "Google Play 스토어", "usage": 0},
				{"appName": "Dropsync", "usage": 0},
				{"appName": "스마트택배", "usage": 0},
				{"appName": "설정", "usage": 0},
				{"appName": "파인더", "usage": 0},
				{"appName": "Polar Beat", "usage": 0},
				{"appName": "이메일", "usage": 0},
				{"appName": "Logger", "usage": 0},
				{"appName": "접근성", "usage": 0},
				{"appName": "ABC Logger", "usage": 0},
				{"appName": "패키지 설치 프로그램", "usage": 0},
				{"appName": "KFTC FIDO LINK", "usage": 0},
				{"appName": "", "usage": 0},
				{"appName": "커플릿", "usage": 0},
				{"appName": "빅스비 보이스", "usage": 0}
			]
		},
		"avgTime": {
			"usage": 2,
			"details": [
				{"appName": "Smart​Things", "usage": 2},
				{"appName": "OTP", "usage": 2},
				{"appName": "영웅문SG 베타", "usage": 1},
				{"appName": "비디오 플레이어", "usage": 1},
				{"appName": "뱅크샐러드", "usage": 1},
				{"appName": "WSJ", "usage": 0},
				{"appName": "네이버 웹툰", "usage": 0},
				{"appName": "통화", "usage": 0},
				{"appName": "한국투자 주식", "usage": 0},
				{"appName": "Microsoft Health", "usage": 0},
				{"appName": "카메라", "usage": 0},
				{"appName": "삼성 인터넷", "usage": 0},
				{"appName": "Samsung Pay", "usage": 0},
				{"appName": "파인더", "usage": 0},
				{"appName": "카카오톡", "usage": 0},
				{"appName": "Paco", "usage": 0},
				{"appName": "Dropsync", "usage": 0},
				{"appName": "One UI 홈", "usage": 0},
				{"appName": "메시지", "usage": 0},
				{"appName": "갤러리", "usage": 0},
				{"appName": "Coinnow", "usage": 0},
				{"appName": "코인뷰", "usage": 0},
				{"appName": "스마트택배", "usage": 0},
				{"appName": "이메일", "usage": 0},
				{"appName": "SleepTown", "usage": 0},
				{"appName": "Google Play 스토어", "usage": 0},
				{"appName": "설정", "usage": 0},
				{"appName": "Polar Beat", "usage": 0},
				{"appName": "접근성", "usage": 0},
				{"appName": "Logger", "usage": 0},
				{"appName": "", "usage": 0},
				{"appName": "ABC Logger", "usage": 0},
				{"appName": "패키지 설치 프로그램", "usage": 0},
				{"appName": "KFTC FIDO LINK", "usage": 0},
				{"appName": "커플릿", "usage": 0},
				{"appName": "빅스비 보이스", "usage": 0}
			]
		},
		"lastPickup": {"time": 29}
	}
]
