[
	{
		"date": 1,
		"totalTime": {
			"usage": 433,
			"details": [
				{"appName": "Rummikub", "usage": 168},
				{"appName": "카카오톡", "usage": 62},
				{"appName": "Instagram", "usage": 37},
				{"appName": "통화", "usage": 19},
				{"appName": "Samsung Experience 홈", "usage": 14},
				{"appName": "Paco", "usage": 7},
				{"appName": "갤러리", "usage": 7},
				{"appName": "Polar Beat", "usage": 7},
				{"appName": "시계", "usage": 6},
				{"appName": "카메라", "usage": 5},
				{"appName": "삼성 인터넷", "usage": 5},
				{"appName": "Messenger", "usage": 4},
				{"appName": "SODA", "usage": 4},
				{"appName": "설정", "usage": 3},
				{"appName": "전화", "usage": 3},
				{"appName": "KLMS", "usage": 3},
				{"appName": "배달의민족", "usage": 2},
				{"appName": "YouTube", "usage": 2},
				{"appName": "메시지", "usage": 2},
				{"appName": "토스", "usage": 2},
				{"appName": "리브", "usage": 1},
				{"appName": "ISP/페이북", "usage": 1},
				{"appName": "사운드 선택기", "usage": 0},
				{"appName": "비디오 플레이어", "usage": 0},
				{"appName": "Google Play 서비스", "usage": 0},
				{"appName": "카카오뱅크", "usage": 0},
				{"appName": "Dropsync", "usage": 0},
				{"appName": "Logger", "usage": 0},
				{"appName": "캘린더", "usage": 0},
				{"appName": "Google Play 스토어", "usage": 0},
				{"appName": "편한가계부", "usage": 0},
				{"appName": "패키지 설치 프로그램", "usage": 0},
				{"appName": "연락처", "usage": 0},
				{"appName": "접근성", "usage": 0},
				{"appName": "빅스비 보이스", "usage": 0},
				{"appName": "안드로이드 시스템", "usage": 0},
				{"appName": "시스템 UI", "usage": 0}
			]
		},
		"pickups": {"usage": 400},
		"downTime": {
			"usages": [
				{"hour": 0, "usage": 5},
				{"hour": 1, "usage": 18},
				{"hour": 2, "usage": 38},
				{"hour": 3, "usage": 21},
				{"hour": 4, "usage": 60},
				{"hour": 5, "usage": 31},
				{"hour": 6, "usage": 41},
				{"hour": 7, "usage": 4},
				{"hour": 8, "usage": 13},
				{"hour": 9, "usage": 3},
				{"hour": 10, "usage": 6},
				{"hour": 11, "usage": 4},
				{"hour": 12, "usage": 27},
				{"hour": 13, "usage": 15},
				{"hour": 14, "usage": 27},
				{"hour": 15, "usage": 11},
				{"hour": 16, "usage": 9},
				{"hour": 17, "usage": 20},
				{"hour": 18, "usage": 4},
				{"hour": 19, "usage": 7},
				{"hour": 20, "usage": 30},
				{"hour": 21, "usage": 3},
				{"hour": 22, "usage": 4},
				{"hour": 23, "usage": 19}
			],
			"details": [
				{"appName": "Samsung Experience 홈", "usage": [1, 2, 3, 4, 5, 6, 7, 8, 9, 10, 11, 12, 13, 14, 15, 16, 17, 18, 19, 20, 21, 22, 23]},
				{"appName": "카카오톡", "usage": [1, 2, 3, 4, 5, 6, 7, 8, 9, 10, 11, 12, 13, 14, 15, 16, 17, 18, 19, 20, 22, 23]},
				{"appName": "Instagram", "usage": [1, 2, 3, 5, 7, 8, 10, 11, 12, 13, 14, 15, 16, 19, 20, 21, 22, 23]},
				{"appName": "설정", "usage": [1, 6, 7, 8, 10, 11, 12, 14, 17, 20, 23]},
				{"appName": "빅스비 보이스", "usage": [3, 4, 6, 11, 12, 13, 14, 15, 17, 19, 20]},
				{"appName": "Paco", "usage": [1, 3, 4, 5, 8, 10, 11, 12, 13, 14]},
				{"appName": "통화", "usage": [1, 3, 9, 12, 13, 17, 20, 23]},
				{"appName": "카메라", "usage": [3, 5, 11, 12, 13, 14, 21]},
				{"appName": "전화", "usage": [1, 3, 12, 13, 17, 20, 23]},
				{"appName": "Rummikub", "usage": [1, 2, 3, 4, 5, 6, 12]},
				{"appName": "메시지", "usage": [3, 5, 11, 13, 23]},
				{"appName": "SODA", "usage": [3, 5, 13, 14, 20]},
				{"appName": "Polar Beat", "usage": [1, 5, 6, 7, 14]},
				{"appName": "패키지 설치 프로그램", "usage": [1, 6, 12, 14]},
				{"appName": "토스", "usage": [3, 12, 17, 23]},
				{"appName": "시계", "usage": [0, 1, 6, 7]},
				{"appName": "삼성 인터넷", "usage": [1, 8, 12, 13]},
				{"appName": "갤러리", "usage": [14, 15, 16, 23]},
				{"appName": "Google Play 서비스", "usage": [1, 3, 6, 12]},
				{"appName": "배달의민족", "usage": [12, 13, 14]},
				{"appName": "Messenger", "usage": [14, 22, 23]},
				{"appName": "Dropsync", "usage": [10, 17, 20]},
				{"appName": "접근성", "usage": [1, 14]},
				{"appName": "리브", "usage": [19, 20]},
				{"appName": "Logger", "usage": [1, 14]},
				{"appName": "KLMS", "usage": [1, 18]},
				{"appName": "Google Play 스토어", "usage": [6, 12]},
				{"appName": "편한가계부", "usage": [3]},
				{"appName": "캘린더", "usage": [23]},
				{"appName": "카카오뱅크", "usage": [3]},
				{"appName": "연락처", "usage": [13]},
				{"appName": "안드로이드 시스템", "usage": [5]},
				{"appName": "시스템 UI", "usage": [17]},
				{"appName": "사운드 선택기", "usage": [6]},
				{"appName": "비디오 플레이어", "usage": [16]},
				{"appName": "YouTube", "usage": [17]},
				{"appName": "ISP/페이북", "usage": [12]}
			]
		},
		"maxTime": {
			"usage": 81,
			"details": [
				{"appName": "Rummikub", "usage": 11},
				{"appName": "Instagram", "usage": 3},
				{"appName": "갤러리", "usage": 2},
				{"appName": "YouTube", "usage": 2},
				{"appName": "통화", "usage": 2},
				{"appName": "시계", "usage": 2},
				{"appName": "삼성 인터넷", "usage": 2},
				{"appName": "Polar Beat", "usage": 2},
				{"appName": "Samsung Experience 홈", "usage": 2},
				{"appName": "카카오톡", "usage": 1},
				{"appName": "전화", "usage": 1},
				{"appName": "리브", "usage": 1},
				{"appName": "Messenger", "usage": 1},
				{"appName": "ISP/페이북", "usage": 1},
				{"appName": "메시지", "usage": 1},
				{"appName": "Paco", "usage": 1},
				{"appName": "SODA", "usage": 0},
				{"appName": "설정", "usage": 0},
				{"appName": "사운드 선택기", "usage": 0},
				{"appName": "카메라", "usage": 0},
				{"appName": "비디오 플레이어", "usage": 0},
				{"appName": "KLMS", "usage": 0},
				{"appName": "배달의민족", "usage": 0},
				{"appName": "토스", "usage": 0},
				{"appName": "캘린더", "usage": 0},
				{"appName": "Google Play 서비스", "usage": 0},
				{"appName": "Logger", "usage": 0},
				{"appName": "Dropsync", "usage": 0},
				{"appName": "Google Play 스토어", "usage": 0},
				{"appName": "연락처", "usage": 0},
				{"appName": "편한가계부", "usage": 0},
				{"appName": "카카오뱅크", "usage": 0},
				{"appName": "안드로이드 시스템", "usage": 0},
				{"appName": "접근성", "usage": 0},
				{"appName": "빅스비 보이스", "usage": 0},
				{"appName": "패키지 설치 프로그램", "usage": 0},
				{"appName": "시스템 UI", "usage": 0}
			]
		},
		"avgTime": {
			"usage": 1,
			"details": [
				{"appName": "Rummikub", "usage": 1},
				{"appName": "YouTube", "usage": 1},
				{"appName": "사운드 선택기", "usage": 0},
				{"appName": "비디오 플레이어", "usage": 0},
				{"appName": "통화", "usage": 0},
				{"appName": "갤러리", "usage": 0},
				{"appName": "삼성 인터넷", "usage": 0},
				{"appName": "SODA", "usage": 0},
				{"appName": "리브", "usage": 0},
				{"appName": "카메라", "usage": 0},
				{"appName": "메시지", "usage": 0},
				{"appName": "캘린더", "usage": 0},
				{"appName": "시계", "usage": 0},
				{"appName": "Messenger", "usage": 0},
				{"appName": "Instagram", "usage": 0},
				{"appName": "Paco", "usage": 0},
				{"appName": "Polar Beat", "usage": 0},
				{"appName": "배달의민족", "usage": 0},
				{"appName": "설정", "usage": 0},
				{"appName": "토스", "usage": 0},
				{"appName": "ISP/페이북", "usage": 0},
				{"appName": "전화", "usage": 0},
				{"appName": "연락처", "usage": 0},
				{"appName": "KLMS", "usage": 0},
				{"appName": "카카오톡", "usage": 0},
				{"appName": "안드로이드 시스템", "usage": 0},
				{"appName": "Samsung Experience 홈", "usage": 0},
				{"appName": "Google Play 스토어", "usage": 0},
				{"appName": "Logger", "usage": 0},
				{"appName": "Dropsync", "usage": 0},
				{"appName": "편한가계부", "usage": 0},
				{"appName": "카카오뱅크", "usage": 0},
				{"appName": "접근성", "usage": 0},
				{"appName": "Google Play 서비스", "usage": 0},
				{"appName": "패키지 설치 프로그램", "usage": 0},
				{"appName": "빅스비 보이스", "usage": 0},
				{"appName": "시스템 UI", "usage": 0}
			]
		},
		"lastPickup": {"time": 3}
	},
	{
		"date": 2,
		"totalTime": {
			"usage": 464,
			"details": [
				{"appName": "Rummikub", "usage": 273},
				{"appName": "카카오톡", "usage": 65},
				{"appName": "Instagram", "usage": 28},
				{"appName": "배달의민족", "usage": 13},
				{"appName": "통화", "usage": 9},
				{"appName": "Facebook", "usage": 8},
				{"appName": "시계", "usage": 8},
				{"appName": "One UI 홈", "usage": 5},
				{"appName": "Paco", "usage": 4},
				{"appName": "삼성 인터넷", "usage": 4},
				{"appName": "메시지", "usage": 2},
				{"appName": "갤러리", "usage": 2},
				{"appName": "설정", "usage": 2},
				{"appName": "스타벅스", "usage": 2},
				{"appName": "Messenger", "usage": 1},
				{"appName": "Samsung Experience 홈", "usage": 1},
				{"appName": "전화", "usage": 1},
				{"appName": "카메라", "usage": 1},
				{"appName": "Polar Beat", "usage": 1},
				{"appName": "SODA", "usage": 0},
				{"appName": "토스", "usage": 0},
				{"appName": "네이버 캘린더", "usage": 0},
				{"appName": "카카오 T", "usage": 0},
				{"appName": "Google Play 서비스", "usage": 0},
				{"appName": "네이버 지도", "usage": 0},
				{"appName": "Follower Analyzer", "usage": 0},
				{"appName": "Logger", "usage": 0},
				{"appName": "비디오 플레이어", "usage": 0},
				{"appName": "패키지 설치 프로그램", "usage": 0},
				{"appName": "캘린더", "usage": 0},
				{"appName": "음성 녹음", "usage": 0},
				{"appName": "접근성", "usage": 0},
				{"appName": "연락처", "usage": 0},
				{"appName": "Google Play 스토어", "usage": 0},
				{"appName": "빅스비 보이스", "usage": 0}
			]
		},
		"pickups": {"usage": 172},
		"downTime": {
			"usages": [
				{"hour": 0, "usage": 26},
				{"hour": 1, "usage": 8},
				{"hour": 3, "usage": 2},
				{"hour": 4, "usage": 0},
				{"hour": 5, "usage": 1},
				{"hour": 6, "usage": 16},
				{"hour": 7, "usage": 44},
				{"hour": 8, "usage": 34},
				{"hour": 9, "usage": 10},
				{"hour": 10, "usage": 37},
				{"hour": 11, "usage": 59},
				{"hour": 12, "usage": 59},
				{"hour": 13, "usage": 59},
				{"hour": 14, "usage": 13},
				{"hour": 15, "usage": 19},
				{"hour": 16, "usage": 6},
				{"hour": 17, "usage": 8},
				{"hour": 18, "usage": 42},
				{"hour": 23, "usage": 10}
			],
			"details": [
				{"appName": "카카오톡", "usage": [0, 1, 4, 5, 6, 7, 8, 9, 10, 11, 12, 13, 15, 16, 17, 18, 23]},
				{"appName": "One UI 홈", "usage": [3, 4, 5, 6, 7, 8, 9, 10, 11, 12, 13, 14, 15, 16, 17, 18, 23]},
				{"appName": "Paco", "usage": [6, 7, 8, 10, 11, 12, 13, 15, 23]},
				{"appName": "통화", "usage": [1, 3, 6, 7, 8, 10, 16, 17]},
				{"appName": "Rummikub", "usage": [0, 8, 10, 11, 12, 13, 14, 18]},
				{"appName": "Instagram", "usage": [0, 5, 6, 7, 8, 16, 17, 18]},
				{"appName": "패키지 설치 프로그램", "usage": [0, 6, 9, 15, 17, 23]},
				{"appName": "설정", "usage": [0, 6, 10, 13, 15, 23]},
				{"appName": "시계", "usage": [0, 1, 3, 18, 23]},
				{"appName": "빅스비 보이스", "usage": [7, 8, 10, 12, 16]},
				{"appName": "Polar Beat", "usage": [0, 6, 10, 15, 23]},
				{"appName": "Google Play 서비스", "usage": [0, 8, 10, 13, 18]},
				{"appName": "메시지", "usage": [6, 10, 16, 23]},
				{"appName": "갤러리", "usage": [0, 6, 9, 10]},
				{"appName": "Logger", "usage": [0, 6, 15, 23]},
				{"appName": "카메라", "usage": [7, 16, 18]},
				{"appName": "접근성", "usage": [6, 15, 23]},
				{"appName": "전화", "usage": [6, 7, 10]},
				{"appName": "삼성 인터넷", "usage": [6, 8, 10]},
				{"appName": "캘린더", "usage": [0, 17]},
				{"appName": "스타벅스", "usage": [9, 10]},
				{"appName": "비디오 플레이어", "usage": [0, 6]},
				{"appName": "Messenger", "usage": [0, 23]},
				{"appName": "Facebook", "usage": [7, 8]},
				{"appName": "토스", "usage": [6]},
				{"appName": "카카오 T", "usage": [23]},
				{"appName": "음성 녹음", "usage": [0]},
				{"appName": "연락처", "usage": [7]},
				{"appName": "배달의민족", "usage": [15]},
				{"appName": "네이버 캘린더", "usage": [17]},
				{"appName": "네이버 지도", "usage": [23]},
				{"appName": "Samsung Experience 홈", "usage": [0]},
				{"appName": "SODA", "usage": [17]},
				{"appName": "Google Play 스토어", "usage": [11]},
				{"appName": "Follower Analyzer", "usage": [7]}
			]
		},
		"maxTime": {
			"usage": 92,
			"details": [
				{"appName": "Rummikub", "usage": 14},
				{"appName": "배달의민족", "usage": 5},
				{"appName": "카카오톡", "usage": 5},
				{"appName": "시계", "usage": 4},
				{"appName": "Instagram", "usage": 4},
				{"appName": "삼성 인터넷", "usage": 3},
				{"appName": "Facebook", "usage": 2},
				{"appName": "통화", "usage": 2},
				{"appName": "갤러리", "usage": 1},
				{"appName": "Messenger", "usage": 1},
				{"appName": "메시지", "usage": 1},
				{"appName": "SODA", "usage": 0},
				{"appName": "설정", "usage": 0},
				{"appName": "Paco", "usage": 0},
				{"appName": "스타벅스", "usage": 0},
				{"appName": "카메라", "usage": 0},
				{"appName": "전화", "usage": 0},
				{"appName": "One UI 홈", "usage": 0},
				{"appName": "Polar Beat", "usage": 0},
				{"appName": "네이버 지도", "usage": 0},
				{"appName": "Samsung Experience 홈", "usage": 0},
				{"appName": "네이버 캘린더", "usage": 0},
				{"appName": "토스", "usage": 0},
				{"appName": "Logger", "usage": 0},
				{"appName": "카카오 T", "usage": 0},
				{"appName": "Follower Analyzer", "usage": 0},
				{"appName": "음성 녹음", "usage": 0},
				{"appName": "비디오 플레이어", "usage": 0},
				{"appName": "캘린더", "usage": 0},
				{"appName": "Google Play 서비스", "usage": 0},
				{"appName": "연락처", "usage": 0},
				{"appName": "패키지 설치 프로그램", "usage": 0},
				{"appName": "Google Play 스토어", "usage": 0},
				{"appName": "빅스비 보이스", "usage": 0},
				{"appName": "접근성", "usage": 0}
			]
		},
		"avgTime": {
			"usage": 2,
			"details": [
				{"appName": "Rummikub", "usage": 2},
				{"appName": "SODA", "usage": 0},
				{"appName": "Facebook", "usage": 0},
				{"appName": "배달의민족", "usage": 0},
				{"appName": "삼성 인터넷", "usage": 0},
				{"appName": "Instagram", "usage": 0},
				{"appName": "통화", "usage": 0},
				{"appName": "메시지", "usage": 0},
				{"appName": "갤러리", "usage": 0},
				{"appName": "시계", "usage": 0},
				{"appName": "Messenger", "usage": 0},
				{"appName": "카메라", "usage": 0},
				{"appName": "설정", "usage": 0},
				{"appName": "네이버 지도", "usage": 0},
				{"appName": "Paco", "usage": 0},
				{"appName": "전화", "usage": 0},
				{"appName": "네이버 캘린더", "usage": 0},
				{"appName": "스타벅스", "usage": 0},
				{"appName": "카카오톡", "usage": 0},
				{"appName": "비디오 플레이어", "usage": 0},
				{"appName": "Follower Analyzer", "usage": 0},
				{"appName": "Polar Beat", "usage": 0},
				{"appName": "연락처", "usage": 0},
				{"appName": "캘린더", "usage": 0},
				{"appName": "Samsung Experience 홈", "usage": 0},
				{"appName": "음성 녹음", "usage": 0},
				{"appName": "카카오 T", "usage": 0},
				{"appName": "토스", "usage": 0},
				{"appName": "One UI 홈", "usage": 0},
				{"appName": "Google Play 스토어", "usage": 0},
				{"appName": "Logger", "usage": 0},
				{"appName": "접근성", "usage": 0},
				{"appName": "패키지 설치 프로그램", "usage": 0},
				{"appName": "Google Play 서비스", "usage": 0},
				{"appName": "빅스비 보이스", "usage": 0}
			]
		},
		"lastPickup": {"time": 0}
	},
	{
		"date": 3,
		"totalTime": {
			"usage": 447,
			"details": [
				{"appName": "Rummikub", "usage": 141},
				{"appName": "카카오톡", "usage": 81},
				{"appName": "Instagram", "usage": 18},
				{"appName": "카메라", "usage": 14},
				{"appName": "시계", "usage": 14},
				{"appName": "편한가계부", "usage": 12},
				{"appName": "One UI 홈", "usage": 11},
				{"appName": "Excel", "usage": 8},
				{"appName": "비디오 플레이어", "usage": 7},
				{"appName": "Paco", "usage": 4},
				{"appName": "통화", "usage": 4},
				{"appName": "토스", "usage": 3},
				{"appName": "Google Play 서비스", "usage": 1},
				{"appName": "Polar Beat", "usage": 1},
				{"appName": "설정", "usage": 1},
				{"appName": "갤러리", "usage": 0},
				{"appName": "네이버 캘린더", "usage": 0},
				{"appName": "계산기", "usage": 0},
				{"appName": "카카오뱅크", "usage": 0},
				{"appName": "전화", "usage": 0},
				{"appName": "네이버 지도", "usage": 0},
				{"appName": "YouTube", "usage": 0},
				{"appName": "안드로이드 시스템", "usage": 0},
				{"appName": "삼성 인터넷", "usage": 0},
				{"appName": "Logger", "usage": 0},
				{"appName": "패키지 설치 프로그램", "usage": 0},
				{"appName": "연락처", "usage": 0},
				{"appName": "Dropsync", "usage": 0},
				{"appName": "접근성", "usage": 0},
				{"appName": "빅스비 보이스", "usage": 0}
			]
		},
		"pickups": {"usage": 302},
		"downTime": {
			"usages": [
				{"hour": 0, "usage": 5},
				{"hour": 1, "usage": 3},
				{"hour": 2, "usage": 37},
				{"hour": 3, "usage": 28},
				{"hour": 5, "usage": 14},
				{"hour": 6, "usage": 59},
				{"hour": 8, "usage": 23},
				{"hour": 9, "usage": 6},
				{"hour": 10, "usage": 6},
				{"hour": 11, "usage": 23},
				{"hour": 12, "usage": 37},
				{"hour": 13, "usage": 18},
				{"hour": 14, "usage": 10},
				{"hour": 15, "usage": 6},
				{"hour": 16, "usage": 23},
				{"hour": 17, "usage": 22},
				{"hour": 18, "usage": 11},
				{"hour": 19, "usage": 11},
				{"hour": 20, "usage": 47},
				{"hour": 21, "usage": 49},
				{"hour": 22, "usage": 0}
			],
			"details": [
				{"appName": "카카오톡", "usage": [0, 1, 2, 3, 8, 9, 10, 11, 12, 13, 14, 15, 16, 17, 18, 19, 20, 21]},
				{"appName": "One UI 홈", "usage": [0, 1, 2, 3, 8, 9, 10, 11, 12, 13, 14, 15, 16, 17, 18, 19, 20, 21]},
				{"appName": "Paco", "usage": [1, 2, 3, 8, 9, 10, 11, 12, 13, 14, 16, 17, 18]},
				{"appName": "Instagram", "usage": [2, 9, 10, 11, 12, 13, 14, 16, 17, 19, 20]},
				{"appName": "시계", "usage": [3, 5, 8, 15, 16, 17, 20, 21]},
				{"appName": "빅스비 보이스", "usage": [0, 11, 12, 14, 16, 18, 19, 20]},
				{"appName": "설정", "usage": [0, 1, 9, 12, 13, 17, 18]},
				{"appName": "Rummikub", "usage": [2, 3, 12, 13, 14, 20, 21]},
				{"appName": "편한가계부", "usage": [0, 1, 2, 9, 11, 12]},
				{"appName": "통화", "usage": [8, 11, 16, 19]},
				{"appName": "전화", "usage": [8, 11, 16, 19]},
				{"appName": "Polar Beat", "usage": [2, 13, 16, 18]},
				{"appName": "패키지 설치 프로그램", "usage": [8, 9, 17]},
				{"appName": "카카오뱅크", "usage": [2, 11, 14]},
				{"appName": "카메라", "usage": [14, 17, 18]},
				{"appName": "접근성", "usage": [9, 17, 18]},
				{"appName": "안드로이드 시스템", "usage": [8, 13, 14]},
				{"appName": "갤러리", "usage": [14, 17, 18]},
				{"appName": "Logger", "usage": [9, 17, 18]},
				{"appName": "Google Play 서비스", "usage": [2, 12, 20]},
				{"appName": "Excel", "usage": [8, 13, 14]},
				{"appName": "토스", "usage": [2, 11]},
				{"appName": "비디오 플레이어", "usage": [17, 18]},
				{"appName": "Dropsync", "usage": [15, 19]},
				{"appName": "연락처", "usage": [16]},
				{"appName": "삼성 인터넷", "usage": [11]},
				{"appName": "네이버 캘린더", "usage": [8]},
				{"appName": "네이버 지도", "usage": [2]},
				{"appName": "계산기", "usage": [11]},
				{"appName": "YouTube", "usage": [12]}
			]
		},
		"maxTime": {
			"usage": 88,
			"details": [
				{"appName": "Rummikub", "usage": 14},
				{"appName": "카메라", "usage": 7},
				{"appName": "Excel", "usage": 7},
				{"appName": "시계", "usage": 6},
				{"appName": "카카오톡", "usage": 5},
				{"appName": "비디오 플레이어", "usage": 2},
				{"appName": "Instagram", "usage": 2},
				{"appName": "편한가계부", "usage": 2},
				{"appName": "Google Play 서비스", "usage": 1},
				{"appName": "One UI 홈", "usage": 1},
				{"appName": "통화", "usage": 0},
				{"appName": "Paco", "usage": 0},
				{"appName": "토스", "usage": 0},
				{"appName": "Polar Beat", "usage": 0},
				{"appName": "계산기", "usage": 0},
				{"appName": "설정", "usage": 0},
				{"appName": "갤러리", "usage": 0},
				{"appName": "네이버 지도", "usage": 0},
				{"appName": "YouTube", "usage": 0},
				{"appName": "삼성 인터넷", "usage": 0},
				{"appName": "카카오뱅크", "usage": 0},
				{"appName": "네이버 캘린더", "usage": 0},
				{"appName": "안드로이드 시스템", "usage": 0},
				{"appName": "패키지 설치 프로그램", "usage": 0},
				{"appName": "전화", "usage": 0},
				{"appName": "연락처", "usage": 0},
				{"appName": "Dropsync", "usage": 0},
				{"appName": "Logger", "usage": 0},
				{"appName": "접근성", "usage": 0},
				{"appName": "빅스비 보이스", "usage": 0}
			]
		},
		"avgTime": {
			"usage": 1,
			"details": [
				{"appName": "카메라", "usage": 2},
				{"appName": "Rummikub", "usage": 2},
				{"appName": "Excel", "usage": 1},
				{"appName": "비디오 플레이어", "usage": 0},
				{"appName": "통화", "usage": 0},
				{"appName": "시계", "usage": 0},
				{"appName": "계산기", "usage": 0},
				{"appName": "삼성 인터넷", "usage": 0},
				{"appName": "Instagram", "usage": 0},
				{"appName": "네이버 지도", "usage": 0},
				{"appName": "갤러리", "usage": 0},
				{"appName": "편한가계부", "usage": 0},
				{"appName": "Google Play 서비스", "usage": 0},
				{"appName": "Paco", "usage": 0},
				{"appName": "토스", "usage": 0},
				{"appName": "Polar Beat", "usage": 0},
				{"appName": "카카오톡", "usage": 0},
				{"appName": "YouTube", "usage": 0},
				{"appName": "설정", "usage": 0},
				{"appName": "네이버 캘린더", "usage": 0},
				{"appName": "안드로이드 시스템", "usage": 0},
				{"appName": "One UI 홈", "usage": 0},
				{"appName": "패키지 설치 프로그램", "usage": 0},
				{"appName": "전화", "usage": 0},
				{"appName": "카카오뱅크", "usage": 0},
				{"appName": "Logger", "usage": 0},
				{"appName": "연락처", "usage": 0},
				{"appName": "Dropsync", "usage": 0},
				{"appName": "접근성", "usage": 0},
				{"appName": "빅스비 보이스", "usage": 0}
			]
		},
		"lastPickup": {"time": 0}
	},
	{
		"date": 4,
		"totalTime": {
			"usage": 296,
			"details": [
				{"appName": "Rummikub", "usage": 72},
				{"appName": "카카오톡", "usage": 48},
				{"appName": "시계", "usage": 35},
				{"appName": "카메라", "usage": 15},
				{"appName": "Instagram", "usage": 14},
				{"appName": "One UI 홈", "usage": 11},
				{"appName": "통화", "usage": 10},
				{"appName": "SODA", "usage": 6},
				{"appName": "Paco", "usage": 6},
				{"appName": "ULike", "usage": 4},
				{"appName": "Messenger", "usage": 3},
				{"appName": "전화", "usage": 2},
				{"appName": "Excel", "usage": 2},
				{"appName": "갤러리", "usage": 2},
				{"appName": "비디오 플레이어", "usage": 2},
				{"appName": "파인더", "usage": 2},
				{"appName": "패키지 설치 프로그램", "usage": 2},
				{"appName": "싸이메라", "usage": 1},
				{"appName": "Facebook", "usage": 0},
				{"appName": "Google Play 서비스", "usage": 0},
				{"appName": "토스", "usage": 0},
				{"appName": "Polar Beat", "usage": 0},
				{"appName": "설정", "usage": 0},
				{"appName": "날씨", "usage": 0},
				{"appName": "Logger", "usage": 0},
				{"appName": "메시지", "usage": 0},
				{"appName": "빅스비 보이스", "usage": 0},
				{"appName": "접근성", "usage": 0},
				{"appName": "편한가계부", "usage": 0}
			]
		},
		"pickups": {"usage": 272},
		"downTime": {
			"usages": [
				{"hour": 1, "usage": 5},
				{"hour": 3, "usage": 10},
				{"hour": 4, "usage": 35},
				{"hour": 5, "usage": 46},
				{"hour": 6, "usage": 20},
				{"hour": 7, "usage": 5},
				{"hour": 8, "usage": 29},
				{"hour": 9, "usage": 27},
				{"hour": 10, "usage": 5},
				{"hour": 11, "usage": 17},
				{"hour": 12, "usage": 17},
				{"hour": 13, "usage": 23},
				{"hour": 14, "usage": 19},
				{"hour": 15, "usage": 3},
				{"hour": 16, "usage": 3},
				{"hour": 17, "usage": 11},
				{"hour": 18, "usage": 4},
				{"hour": 19, "usage": 9},
				{"hour": 21, "usage": 0}
			],
			"details": [
				{"appName": "카카오톡", "usage": [1, 3, 4, 5, 6, 7, 8, 9, 10, 11, 12, 13, 14, 15, 16, 17, 18, 19]},
				{"appName": "One UI 홈", "usage": [1, 3, 4, 5, 6, 7, 8, 9, 10, 11, 12, 13, 14, 15, 16, 17, 18, 19]},
				{"appName": "Paco", "usage": [3, 4, 5, 6, 7, 8, 9, 10, 11, 12]},
				{"appName": "Instagram", "usage": [3, 4, 8, 9, 12, 13, 14, 15, 16, 19]},
				{"appName": "빅스비 보이스", "usage": [4, 5, 8, 9, 11, 13, 17, 18, 19]},
				{"appName": "통화", "usage": [4, 7, 8, 9, 13, 14, 16, 19]},
				{"appName": "시계", "usage": [1, 4, 6, 7, 8, 11, 12]},
				{"appName": "패키지 설치 프로그램", "usage": [3, 9, 11, 12, 13, 14]},
				{"appName": "전화", "usage": [4, 8, 9, 13, 14, 19]},
				{"appName": "카메라", "usage": [8, 9, 11, 12, 13]},
				{"appName": "갤러리", "usage": [1, 4, 9, 13, 16]},
				{"appName": "비디오 플레이어", "usage": [9, 12, 13, 16]},
				{"appName": "ULike", "usage": [9, 10, 11, 12]},
				{"appName": "Rummikub", "usage": [5, 6, 8, 14]},
				{"appName": "Polar Beat", "usage": [3, 9, 12, 14]},
				{"appName": "SODA", "usage": [9, 12, 13]},
				{"appName": "Messenger", "usage": [16, 17, 19]},
				{"appName": "접근성", "usage": [3, 11]},
				{"appName": "설정", "usage": [3, 11]},
				{"appName": "Logger", "usage": [3, 11]},
				{"appName": "Google Play 서비스", "usage": [5, 14]},
				{"appName": "Excel", "usage": [3, 4]},
				{"appName": "편한가계부", "usage": [9]},
				{"appName": "파인더", "usage": [13]},
				{"appName": "토스", "usage": [4]},
				{"appName": "싸이메라", "usage": [14]},
				{"appName": "메시지", "usage": [12]},
				{"appName": "날씨", "usage": [18]},
				{"appName": "Facebook", "usage": [15]}
			]
		},
		"maxTime": {
			"usage": 65,
			"details": [
				{"appName": "시계", "usage": 12},
				{"appName": "Rummikub", "usage": 12},
				{"appName": "카메라", "usage": 3},
				{"appName": "Instagram", "usage": 3},
				{"appName": "통화", "usage": 2},
				{"appName": "ULike", "usage": 2},
				{"appName": "카카오톡", "usage": 2},
				{"appName": "파인더", "usage": 2},
				{"appName": "패키지 설치 프로그램", "usage": 2},
				{"appName": "One UI 홈", "usage": 2},
				{"appName": "SODA", "usage": 2},
				{"appName": "Messenger", "usage": 1},
				{"appName": "전화", "usage": 1},
				{"appName": "Excel", "usage": 1},
				{"appName": "갤러리", "usage": 1},
				{"appName": "비디오 플레이어", "usage": 1},
				{"appName": "Paco", "usage": 1},
				{"appName": "싸이메라", "usage": 0},
				{"appName": "Facebook", "usage": 0},
				{"appName": "Google Play 서비스", "usage": 0},
				{"appName": "토스", "usage": 0},
				{"appName": "날씨", "usage": 0},
				{"appName": "Polar Beat", "usage": 0},
				{"appName": "메시지", "usage": 0},
				{"appName": "설정", "usage": 0},
				{"appName": "빅스비 보이스", "usage": 0},
				{"appName": "Logger", "usage": 0},
				{"appName": "접근성", "usage": 0},
				{"appName": "편한가계부", "usage": 0}
			]
		},
		"avgTime": {
			"usage": 1,
			"details": [
				{"appName": "Rummikub", "usage": 2},
				{"appName": "시계", "usage": 1},
				{"appName": "Excel", "usage": 0},
				{"appName": "파인더", "usage": 0},
				{"appName": "통화", "usage": 0},
				{"appName": "Messenger", "usage": 0},
				{"appName": "카메라", "usage": 0},
				{"appName": "SODA", "usage": 0},
				{"appName": "비디오 플레이어", "usage": 0},
				{"appName": "ULike", "usage": 0},
				{"appName": "패키지 설치 프로그램", "usage": 0},
				{"appName": "갤러리", "usage": 0},
				{"appName": "싸이메라", "usage": 0},
				{"appName": "Instagram", "usage": 0},
				{"appName": "Paco", "usage": 0},
				{"appName": "Facebook", "usage": 0},
				{"appName": "전화", "usage": 0},
				{"appName": "토스", "usage": 0},
				{"appName": "카카오톡", "usage": 0},
				{"appName": "메시지", "usage": 0},
				{"appName": "One UI 홈", "usage": 0},
				{"appName": "날씨", "usage": 0},
				{"appName": "설정", "usage": 0},
				{"appName": "Google Play 서비스", "usage": 0},
				{"appName": "Polar Beat", "usage": 0},
				{"appName": "접근성", "usage": 0},
				{"appName": "Logger", "usage": 0},
				{"appName": "편한가계부", "usage": 0},
				{"appName": "빅스비 보이스", "usage": 0}
			]
		},
		"lastPickup": {"time": 0}
	},
	{
		"date": 5,
		"totalTime": {
			"usage": 203,
			"details": [
				{"appName": "통화", "usage": 36},
				{"appName": "카카오톡", "usage": 34},
				{"appName": "Rummikub", "usage": 19},
				{"appName": "Instagram", "usage": 15},
				{"appName": "One UI 홈", "usage": 9},
				{"appName": "Word", "usage": 8},
				{"appName": "갤러리", "usage": 6},
				{"appName": "비디오 플레이어", "usage": 3},
				{"appName": "삼성 인터넷", "usage": 2},
				{"appName": "시계", "usage": 2},
				{"appName": "네이버 캘린더", "usage": 2},
				{"appName": "전화", "usage": 1},
				{"appName": "HTML 뷰어", "usage": 1},
				{"appName": "카메라", "usage": 1},
				{"appName": "Messenger", "usage": 0},
				{"appName": "Google Play 서비스", "usage": 0},
				{"appName": "메시지", "usage": 0},
				{"appName": "안드로이드 시스템", "usage": 0},
				{"appName": "패키지 설치 프로그램", "usage": 0},
				{"appName": "토스", "usage": 0},
				{"appName": "ULike", "usage": 0},
				{"appName": "빅스비 보이스", "usage": 0},
				{"appName": "설정", "usage": 0}
			]
		},
		"pickups": {"usage": 128},
		"downTime": {
			"usages": [
				{"hour": 2, "usage": 5},
				{"hour": 3, "usage": 7},
				{"hour": 4, "usage": 0},
				{"hour": 5, "usage": 31},
				{"hour": 6, "usage": 4},
				{"hour": 7, "usage": 30},
				{"hour": 8, "usage": 12},
				{"hour": 9, "usage": 5},
				{"hour": 10, "usage": 2},
				{"hour": 11, "usage": 9},
				{"hour": 12, "usage": 19},
				{"hour": 13, "usage": 12},
				{"hour": 15, "usage": 29},
				{"hour": 16, "usage": 5},
				{"hour": 17, "usage": 0},
				{"hour": 18, "usage": 15},
				{"hour": 19, "usage": 11}
			],
			"details": [
				{"appName": "카카오톡", "usage": [2, 3, 5, 7, 8, 9, 10, 11, 12, 13, 15, 16, 18]},
				{"appName": "One UI 홈", "usage": [2, 3, 5, 7, 8, 11, 12, 13, 15, 16, 18, 19]},
				{"appName": "통화", "usage": [2, 7, 8, 10, 11, 15, 16, 18]},
				{"appName": "Instagram", "usage": [2, 3, 7, 8, 12, 13, 16]},
				{"appName": "시계", "usage": [3, 5, 7, 18, 19]},
				{"appName": "전화", "usage": [2, 7, 8, 11]},
				{"appName": "카메라", "usage": [7, 9]},
				{"appName": "안드로이드 시스템", "usage": [3, 19]},
				{"appName": "삼성 인터넷", "usage": [12, 19]},
				{"appName": "빅스비 보이스", "usage": [9, 11]},
				{"appName": "메시지", "usage": [15, 16]},
				{"appName": "갤러리", "usage": [2, 12]},
				{"appName": "Messenger", "usage": [3, 7]},
				{"appName": "패키지 설치 프로그램", "usage": [19]},
				{"appName": "토스", "usage": [12]},
				{"appName": "설정", "usage": [12]},
				{"appName": "비디오 플레이어", "usage": [12]},
				{"appName": "네이버 캘린더", "usage": [13]},
				{"appName": "Word", "usage": [19]},
				{"appName": "ULike", "usage": [8]},
				{"appName": "Rummikub", "usage": [15]},
				{"appName": "HTML 뷰어", "usage": [19]},
				{"appName": "Google Play 서비스", "usage": [15]}
			]
		},
		"maxTime": {
			"usage": 30,
			"details": [
				{"appName": "통화", "usage": 15},
				{"appName": "Rummikub", "usage": 9},
				{"appName": "Word", "usage": 8},
				{"appName": "갤러리", "usage": 4},
				{"appName": "One UI 홈", "usage": 3},
				{"appName": "비디오 플레이어", "usage": 2},
				{"appName": "Instagram", "usage": 2},
				{"appName": "네이버 캘린더", "usage": 2},
				{"appName": "카카오톡", "usage": 2},
				{"appName": "HTML 뷰어", "usage": 1},
				{"appName": "카메라", "usage": 1},
				{"appName": "삼성 인터넷", "usage": 0},
				{"appName": "시계", "usage": 0},
				{"appName": "전화", "usage": 0},
				{"appName": "Messenger", "usage": 0},
				{"appName": "Google Play 서비스", "usage": 0},
				{"appName": "메시지", "usage": 0},
				{"appName": "안드로이드 시스템", "usage": 0},
				{"appName": "패키지 설치 프로그램", "usage": 0},
				{"appName": "토스", "usage": 0},
				{"appName": "ULike", "usage": 0},
				{"appName": "빅스비 보이스", "usage": 0},
				{"appName": "설정", "usage": 0}
			]
		},
		"avgTime": {
			"usage": 1,
			"details": [
				{"appName": "Word", "usage": 8},
				{"appName": "Rummikub", "usage": 1},
				{"appName": "통화", "usage": 1},
				{"appName": "갤러리", "usage": 0},
				{"appName": "HTML 뷰어", "usage": 0},
				{"appName": "비디오 플레이어", "usage": 0},
				{"appName": "네이버 캘린더", "usage": 0},
				{"appName": "카메라", "usage": 0},
				{"appName": "삼성 인터넷", "usage": 0},
				{"appName": "Instagram", "usage": 0},
				{"appName": "Messenger", "usage": 0},
				{"appName": "One UI 홈", "usage": 0},
				{"appName": "메시지", "usage": 0},
				{"appName": "전화", "usage": 0},
				{"appName": "시계", "usage": 0},
				{"appName": "카카오톡", "usage": 0},
				{"appName": "Google Play 서비스", "usage": 0},
				{"appName": "안드로이드 시스템", "usage": 0},
				{"appName": "패키지 설치 프로그램", "usage": 0},
				{"appName": "토스", "usage": 0},
				{"appName": "ULike", "usage": 0},
				{"appName": "설정", "usage": 0},
				{"appName": "빅스비 보이스", "usage": 0}
			]
		},
		"lastPickup": {"time": 0}
	},
	{
		"date": 6,
		"totalTime": {
			"usage": 330,
			"details": [
				{"appName": "카카오톡", "usage": 70},
				{"appName": "Rummikub", "usage": 54},
				{"appName": "Instagram", "usage": 42},
				{"appName": "YouTube", "usage": 42},
				{"appName": "Netflix", "usage": 29},
				{"appName": "One UI 홈", "usage": 11},
				{"appName": "삼성 인터넷", "usage": 9},
				{"appName": "편한가계부", "usage": 7},
				{"appName": "통화", "usage": 5},
				{"appName": "드라이브", "usage": 5},
				{"appName": "Paco", "usage": 4},
				{"appName": "Facebook", "usage": 3},
				{"appName": "리브", "usage": 2},
				{"appName": "Polar Beat", "usage": 2},
				{"appName": "시계", "usage": 1},
				{"appName": "네이버 지도", "usage": 1},
				{"appName": "토스", "usage": 1},
				{"appName": "카카오뱅크", "usage": 1},
				{"appName": "메시지", "usage": 1},
				{"appName": "카메라", "usage": 1},
				{"appName": "네이버 캘린더", "usage": 0},
				{"appName": "전화", "usage": 0},
				{"appName": "Google Play 서비스", "usage": 0},
				{"appName": "SODA", "usage": 0},
				{"appName": "Messenger", "usage": 0},
				{"appName": "설정", "usage": 0},
				{"appName": "Melon", "usage": 0},
				{"appName": "갤러리", "usage": 0},
				{"appName": "시스템 UI", "usage": 0},
				{"appName": "비디오 플레이어", "usage": 0},
				{"appName": "안드로이드 시스템", "usage": 0},
				{"appName": "Google Play 스토어", "usage": 0},
				{"appName": "Logger", "usage": 0},
				{"appName": "접근성", "usage": 0},
				{"appName": "빅스비 보이스", "usage": 0},
				{"appName": "Dropsync", "usage": 0},
				{"appName": "패키지 설치 프로그램", "usage": 0}
			]
		},
		"pickups": {"usage": 217},
		"downTime": {
			"usages": [
				{"hour": 1, "usage": 16},
				{"hour": 2, "usage": 1},
				{"hour": 3, "usage": 4},
				{"hour": 4, "usage": 0},
				{"hour": 5, "usage": 45},
				{"hour": 6, "usage": 35},
				{"hour": 7, "usage": 40},
				{"hour": 8, "usage": 7},
				{"hour": 9, "usage": 32},
				{"hour": 10, "usage": 10},
				{"hour": 11, "usage": 6},
				{"hour": 12, "usage": 28},
				{"hour": 13, "usage": 33},
				{"hour": 14, "usage": 13},
				{"hour": 15, "usage": 4},
				{"hour": 16, "usage": 11},
				{"hour": 17, "usage": 7},
				{"hour": 18, "usage": 5},
				{"hour": 19, "usage": 6},
				{"hour": 20, "usage": 5},
				{"hour": 21, "usage": 7},
				{"hour": 22, "usage": 4}
			],
			"details": [
				{"appName": "카카오톡", "usage": [1, 2, 3, 4, 5, 6, 7, 8, 9, 10, 11, 12, 13, 14, 15, 16, 17, 18, 19, 20, 21, 22]},
				{"appName": "One UI 홈", "usage": [1, 2, 3, 4, 5, 6, 7, 8, 9, 10, 11, 12, 13, 14, 15, 16, 17, 18, 19, 20, 21, 22]},
				{"appName": "Paco", "usage": [2, 3, 4, 5, 6, 7, 8, 10, 11, 12, 13, 15, 17]},
				{"appName": "Instagram", "usage": [6, 7, 9, 10, 11, 12, 13, 15, 16, 18, 20, 21, 22]},
				{"appName": "빅스비 보이스", "usage": [6, 13, 14, 16, 18, 19, 20, 21]},
				{"appName": "통화", "usage": [9, 10, 12, 13, 16]},
				{"appName": "전화", "usage": [1, 9, 10, 12, 16]},
				{"appName": "삼성 인터넷", "usage": [1, 5, 9, 14, 20]},
				{"appName": "Polar Beat", "usage": [3, 4, 9, 13, 17]},
				{"appName": "시계", "usage": [1, 7, 8, 22]},
				{"appName": "설정", "usage": [3, 9, 15, 17]},
				{"appName": "YouTube", "usage": [7, 8, 9, 10]},
				{"appName": "접근성", "usage": [3, 9, 15]},
				{"appName": "시스템 UI", "usage": [7, 9, 14]},
				{"appName": "메시지", "usage": [1, 6, 14]},
				{"appName": "Netflix", "usage": [12, 13, 14]},
				{"appName": "Logger", "usage": [3, 9, 15]},
				{"appName": "Facebook", "usage": [3, 5, 15]},
				{"appName": "편한가계부", "usage": [1, 12]},
				{"appName": "패키지 설치 프로그램", "usage": [3, 9]},
				{"appName": "토스", "usage": [1, 12]},
				{"appName": "카카오뱅크", "usage": [1, 12]},
				{"appName": "카메라", "usage": [10, 22]},
				{"appName": "리브", "usage": [12, 19]},
				{"appName": "네이버 캘린더", "usage": [7, 12]},
				{"appName": "네이버 지도", "usage": [12, 13]},
				{"appName": "Rummikub", "usage": [5, 6]},
				{"appName": "안드로이드 시스템", "usage": [1]},
				{"appName": "비디오 플레이어", "usage": [20]},
				{"appName": "드라이브", "usage": [1]},
				{"appName": "갤러리", "usage": [20]},
				{"appName": "SODA", "usage": [19]},
				{"appName": "Messenger", "usage": [9]},
				{"appName": "Melon", "usage": [13]},
				{"appName": "Google Play 스토어", "usage": [1]},
				{"appName": "Google Play 서비스", "usage": [5]},
				{"appName": "Dropsync", "usage": [13]}
			]
		},
		"maxTime": {
			"usage": 59,
			"details": [
				{"appName": "Netflix", "usage": 19},
				{"appName": "YouTube", "usage": 12},
				{"appName": "Instagram", "usage": 11},
				{"appName": "Rummikub", "usage": 10},
				{"appName": "드라이브", "usage": 3},
				{"appName": "삼성 인터넷", "usage": 2},
				{"appName": "편한가계부", "usage": 1},
				{"appName": "카카오톡", "usage": 1},
				{"appName": "One UI 홈", "usage": 1},
				{"appName": "Facebook", "usage": 1},
				{"appName": "통화", "usage": 1},
				{"appName": "카카오뱅크", "usage": 1},
				{"appName": "Polar Beat", "usage": 0},
				{"appName": "리브", "usage": 0},
				{"appName": "Paco", "usage": 0},
				{"appName": "카메라", "usage": 0},
				{"appName": "메시지", "usage": 0},
				{"appName": "네이버 지도", "usage": 0},
				{"appName": "Google Play 서비스", "usage": 0},
				{"appName": "SODA", "usage": 0},
				{"appName": "Messenger", "usage": 0},
				{"appName": "네이버 캘린더", "usage": 0},
				{"appName": "Melon", "usage": 0},
				{"appName": "토스", "usage": 0},
				{"appName": "전화", "usage": 0},
				{"appName": "갤러리", "usage": 0},
				{"appName": "시계", "usage": 0},
				{"appName": "설정", "usage": 0},
				{"appName": "안드로이드 시스템", "usage": 0},
				{"appName": "빅스비 보이스", "usage": 0},
				{"appName": "비디오 플레이어", "usage": 0},
				{"appName": "시스템 UI", "usage": 0},
				{"appName": "Google Play 스토어", "usage": 0},
				{"appName": "Logger", "usage": 0},
				{"appName": "접근성", "usage": 0},
				{"appName": "Dropsync", "usage": 0},
				{"appName": "패키지 설치 프로그램", "usage": 0}
			]
		},
		"avgTime": {
			"usage": 1,
			"details": [
				{"appName": "Netflix", "usage": 2},
				{"appName": "Rummikub", "usage": 2},
				{"appName": "YouTube", "usage": 2},
				{"appName": "삼성 인터넷", "usage": 0},
				{"appName": "드라이브", "usage": 0},
				{"appName": "카메라", "usage": 0},
				{"appName": "통화", "usage": 0},
				{"appName": "Messenger", "usage": 0},
				{"appName": "Instagram", "usage": 0},
				{"appName": "Facebook", "usage": 0},
				{"appName": "SODA", "usage": 0},
				{"appName": "갤러리", "usage": 0},
				{"appName": "Polar Beat", "usage": 0},
				{"appName": "메시지", "usage": 0},
				{"appName": "리브", "usage": 0},
				{"appName": "네이버 캘린더", "usage": 0},
				{"appName": "편한가계부", "usage": 0},
				{"appName": "네이버 지도", "usage": 0},
				{"appName": "안드로이드 시스템", "usage": 0},
				{"appName": "카카오뱅크", "usage": 0},
				{"appName": "Paco", "usage": 0},
				{"appName": "Melon", "usage": 0},
				{"appName": "Google Play 서비스", "usage": 0},
				{"appName": "토스", "usage": 0},
				{"appName": "전화", "usage": 0},
				{"appName": "카카오톡", "usage": 0},
				{"appName": "One UI 홈", "usage": 0},
				{"appName": "비디오 플레이어", "usage": 0},
				{"appName": "설정", "usage": 0},
				{"appName": "시계", "usage": 0},
				{"appName": "시스템 UI", "usage": 0},
				{"appName": "Logger", "usage": 0},
				{"appName": "접근성", "usage": 0},
				{"appName": "Google Play 스토어", "usage": 0},
				{"appName": "Dropsync", "usage": 0},
				{"appName": "빅스비 보이스", "usage": 0},
				{"appName": "패키지 설치 프로그램", "usage": 0}
			]
		},
		"lastPickup": {"time": 3}
	},
	{
		"date": 7,
		"totalTime": {
			"usage": 235,
			"details": [
				{"appName": "카카오톡", "usage": 65},
				{"appName": "Netflix", "usage": 46},
				{"appName": "Instagram", "usage": 25},
				{"appName": "Rummikub", "usage": 17},
				{"appName": "Facebook", "usage": 15},
				{"appName": "시계", "usage": 9},
				{"appName": "삼성 인터넷", "usage": 6},
				{"appName": "One UI 홈", "usage": 5},
				{"appName": "네이버 캘린더", "usage": 5},
				{"appName": "통화", "usage": 3},
				{"appName": "Paco", "usage": 2},
				{"appName": "드라이브", "usage": 1},
				{"appName": "토스", "usage": 1},
				{"appName": "프레젠테이션", "usage": 0},
				{"appName": "Google Play 스토어", "usage": 0},
				{"appName": "Messenger", "usage": 0},
				{"appName": "메시지", "usage": 0},
				{"appName": "Samsung Notes", "usage": 0},
				{"appName": "네이버 지도", "usage": 0},
				{"appName": "Google Play 서비스", "usage": 0},
				{"appName": "시스템 UI", "usage": 0},
				{"appName": "Polar Beat", "usage": 0},
				{"appName": "편한가계부", "usage": 0},
				{"appName": "전화", "usage": 0},
				{"appName": "카메라", "usage": 0},
				{"appName": "안드로이드 시스템", "usage": 0},
				{"appName": "Gmail", "usage": 0},
				{"appName": "Logger", "usage": 0},
				{"appName": "패키지 설치 프로그램", "usage": 0},
				{"appName": "설정", "usage": 0},
				{"appName": "비디오 플레이어", "usage": 0},
				{"appName": "빅스비 보이스", "usage": 0}
			]
		},
		"pickups": {"usage": 195},
		"downTime": {
			"usages": [
				{"hour": 1, "usage": 8},
				{"hour": 4, "usage": 1},
				{"hour": 5, "usage": 24},
				{"hour": 7, "usage": 18},
				{"hour": 8, "usage": 9},
				{"hour": 9, "usage": 8},
				{"hour": 10, "usage": 14},
				{"hour": 11, "usage": 19},
				{"hour": 12, "usage": 21},
				{"hour": 13, "usage": 2},
				{"hour": 14, "usage": 26},
				{"hour": 15, "usage": 49},
				{"hour": 16, "usage": 11},
				{"hour": 17, "usage": 3},
				{"hour": 18, "usage": 1},
				{"hour": 19, "usage": 0},
				{"hour": 20, "usage": 15}
			],
			"details": [
				{"appName": "카카오톡", "usage": [1, 4, 5, 7, 8, 9, 10, 11, 12, 13, 14, 15, 16, 17, 18, 20]},
				{"appName": "One UI 홈", "usage": [4, 5, 7, 8, 9, 10, 11, 12, 13, 14, 15, 16, 17, 18, 19, 20]},
				{"appName": "Paco", "usage": [5, 7, 9, 10, 11, 12, 13, 14, 15, 16]},
				{"appName": "Instagram", "usage": [5, 8, 10, 11, 12, 14, 15, 16, 17, 20]},
				{"appName": "Facebook", "usage": [5, 7, 9, 10, 14, 15, 16, 19]},
				{"appName": "통화", "usage": [4, 5, 7, 8, 16, 20]},
				{"appName": "시계", "usage": [1, 4, 5, 7, 18, 20]},
				{"appName": "삼성 인터넷", "usage": [5, 8, 9, 10, 11, 15]},
				{"appName": "전화", "usage": [4, 5, 7, 8, 20]},
				{"appName": "네이버 캘린더", "usage": [4, 5, 11, 12, 14]},
				{"appName": "안드로이드 시스템", "usage": [5, 11, 12]},
				{"appName": "시스템 UI", "usage": [12, 15, 16]},
				{"appName": "빅스비 보이스", "usage": [1, 7, 17]},
				{"appName": "Netflix", "usage": [12, 15, 16]},
				{"appName": "Messenger", "usage": [7, 11, 14]},
				{"appName": "패키지 설치 프로그램", "usage": [5, 14]},
				{"appName": "토스", "usage": [8, 10]},
				{"appName": "메시지", "usage": [10, 15]},
				{"appName": "Rummikub", "usage": [12, 14]},
				{"appName": "Polar Beat", "usage": [5, 20]},
				{"appName": "Google Play 스토어", "usage": [11, 14]},
				{"appName": "Google Play 서비스", "usage": [12, 14]},
				{"appName": "프레젠테이션", "usage": [11]},
				{"appName": "편한가계부", "usage": [12]},
				{"appName": "카메라", "usage": [11]},
				{"appName": "설정", "usage": [15]},
				{"appName": "비디오 플레이어", "usage": [7]},
				{"appName": "드라이브", "usage": [11]},
				{"appName": "네이버 지도", "usage": [5]},
				{"appName": "Samsung Notes", "usage": [12]},
				{"appName": "Logger", "usage": [5]},
				{"appName": "Gmail", "usage": [11]}
			]
		},
		"maxTime": {
			"usage": 50,
			"details": [
				{"appName": "Netflix", "usage": 15},
				{"appName": "Rummikub", "usage": 9},
				{"appName": "Instagram", "usage": 6},
				{"appName": "Facebook", "usage": 4},
				{"appName": "시계", "usage": 3},
				{"appName": "네이버 캘린더", "usage": 2},
				{"appName": "카카오톡", "usage": 2},
				{"appName": "드라이브", "usage": 1},
				{"appName": "삼성 인터넷", "usage": 1},
				{"appName": "통화", "usage": 1},
				{"appName": "Google Play 스토어", "usage": 0},
				{"appName": "프레젠테이션", "usage": 0},
				{"appName": "One UI 홈", "usage": 0},
				{"appName": "Messenger", "usage": 0},
				{"appName": "네이버 지도", "usage": 0},
				{"appName": "메시지", "usage": 0},
				{"appName": "Google Play 서비스", "usage": 0},
				{"appName": "Paco", "usage": 0},
				{"appName": "Samsung Notes", "usage": 0},
				{"appName": "카메라", "usage": 0},
				{"appName": "토스", "usage": 0},
				{"appName": "편한가계부", "usage": 0},
				{"appName": "Gmail", "usage": 0},
				{"appName": "Polar Beat", "usage": 0},
				{"appName": "Logger", "usage": 0},
				{"appName": "안드로이드 시스템", "usage": 0},
				{"appName": "전화", "usage": 0},
				{"appName": "시스템 UI", "usage": 0},
				{"appName": "패키지 설치 프로그램", "usage": 0},
				{"appName": "설정", "usage": 0},
				{"appName": "비디오 플레이어", "usage": 0},
				{"appName": "빅스비 보이스", "usage": 0}
			]
		},
		"avgTime": {
			"usage": 1,
			"details": [
				{"appName": "Netflix", "usage": 2},
				{"appName": "Rummikub", "usage": 1},
				{"appName": "네이버 캘린더", "usage": 0},
				{"appName": "Facebook", "usage": 0},
				{"appName": "삼성 인터넷", "usage": 0},
				{"appName": "통화", "usage": 0},
				{"appName": "Instagram", "usage": 0},
				{"appName": "카메라", "usage": 0},
				{"appName": "시계", "usage": 0},
				{"appName": "메시지", "usage": 0},
				{"appName": "드라이브", "usage": 0},
				{"appName": "네이버 지도", "usage": 0},
				{"appName": "프레젠테이션", "usage": 0},
				{"appName": "Paco", "usage": 0},
				{"appName": "Samsung Notes", "usage": 0},
				{"appName": "카카오톡", "usage": 0},
				{"appName": "Google Play 스토어", "usage": 0},
				{"appName": "Messenger", "usage": 0},
				{"appName": "토스", "usage": 0},
				{"appName": "안드로이드 시스템", "usage": 0},
				{"appName": "Logger", "usage": 0},
				{"appName": "편한가계부", "usage": 0},
				{"appName": "설정", "usage": 0},
				{"appName": "전화", "usage": 0},
				{"appName": "Polar Beat", "usage": 0},
				{"appName": "Google Play 서비스", "usage": 0},
				{"appName": "비디오 플레이어", "usage": 0},
				{"appName": "패키지 설치 프로그램", "usage": 0},
				{"appName": "Gmail", "usage": 0},
				{"appName": "One UI 홈", "usage": 0},
				{"appName": "시스템 UI", "usage": 0},
				{"appName": "빅스비 보이스", "usage": 0}
			]
		},
		"lastPickup": {"time": 10}
	}
]
