[
	{
		"date": 1,
		"totalTime": {
			"usage": 597,
			"details": [
				{"appName": "YouTube", "usage": 249},
				{"appName": "Brawl Stars", "usage": 247},
				{"appName": "카카오톡", "usage": 26},
				{"appName": "Chrome", "usage": 21},
				{"appName": "버즈 런처", "usage": 13},
				{"appName": "전화", "usage": 6},
				{"appName": "Paco", "usage": 6},
				{"appName": "Polar Beat", "usage": 4},
				{"appName": "업비트", "usage": 3},
				{"appName": "설정", "usage": 3},
				{"appName": "드라이브", "usage": 1},
				{"appName": "메시지", "usage": 0},
				{"appName": "삼성 인터넷", "usage": 0},
				{"appName": "Samsung Experience 홈", "usage": 0},
				{"appName": "Logger", "usage": 0},
				{"appName": "코레일톡", "usage": 0},
				{"appName": "KAIST Portal", "usage": 0},
				{"appName": "카메라", "usage": 0},
				{"appName": "접근성", "usage": 0},
				{"appName": "Microsoft Health", "usage": 0},
				{"appName": "시계", "usage": 0},
				{"appName": "ABC Logger", "usage": 0},
				{"appName": "Samsung Pay", "usage": 0},
				{"appName": "Google Play 서비스", "usage": 0},
				{"appName": "안드로이드 시스템", "usage": 0},
				{"appName": "Google Play 스토어", "usage": 0},
				{"appName": "Q.Feat", "usage": 0},
				{"appName": "패키지 설치 프로그램", "usage": 0}
			]
		},
		"pickups": {"usage": 139},
		"downTime": {
			"usages": [
				{"hour": 0, "usage": 47},
				{"hour": 1, "usage": 30},
				{"hour": 2, "usage": 50},
				{"hour": 3, "usage": 59},
				{"hour": 4, "usage": 47},
				{"hour": 5, "usage": 23},
				{"hour": 7, "usage": 26},
				{"hour": 8, "usage": 46},
				{"hour": 9, "usage": 24},
				{"hour": 10, "usage": 7},
				{"hour": 11, "usage": 1},
				{"hour": 12, "usage": 30},
				{"hour": 13, "usage": 60},
				{"hour": 14, "usage": 44},
				{"hour": 15, "usage": 59},
				{"hour": 16, "usage": 2},
				{"hour": 20, "usage": 0},
				{"hour": 21, "usage": 0},
				{"hour": 22, "usage": 0},
				{"hour": 23, "usage": 26}
			],
			"details": [
				{"appName": "버즈 런처", "usage": [0, 1, 2, 3, 4, 5, 7, 8, 9, 10, 11, 12, 14, 15, 20, 22, 23]},
				{"appName": "YouTube", "usage": [0, 1, 2, 3, 4, 5, 7, 8, 9, 10, 11, 14, 15, 16, 20, 23]},
				{"appName": "카카오톡", "usage": [0, 1, 2, 4, 5, 7, 8, 9, 10, 11, 12, 14, 15, 23]},
				{"appName": "Chrome", "usage": [0, 1, 2, 4, 5, 7, 8, 9, 10, 12, 14, 15]},
				{"appName": "Brawl Stars", "usage": [2, 4, 5, 8, 9, 12, 13, 14, 15, 23]},
				{"appName": "Samsung Experience 홈", "usage": [0, 1, 3, 4, 7, 8, 9, 15, 23]},
				{"appName": "Polar Beat", "usage": [1, 2, 3, 4, 7, 9, 10, 12, 14]},
				{"appName": "Paco", "usage": [1, 2, 3, 5, 7, 9, 10, 12, 14]},
				{"appName": "접근성", "usage": [1, 4, 8, 9, 10, 12, 14, 15]},
				{"appName": "설정", "usage": [1, 4, 8, 9, 10, 12, 14, 15]},
				{"appName": "업비트", "usage": [1, 2, 7, 9, 10, 15, 23]},
				{"appName": "전화", "usage": [0, 1, 2, 7, 10]},
				{"appName": "메시지", "usage": [1, 2, 3, 7, 12]},
				{"appName": "삼성 인터넷", "usage": [0, 8, 15, 23]},
				{"appName": "KAIST Portal", "usage": [0, 4, 7, 10]},
				{"appName": "패키지 설치 프로그램", "usage": [1, 4, 10]},
				{"appName": "Samsung Pay", "usage": [20, 21, 22]},
				{"appName": "Logger", "usage": [1, 4, 10]},
				{"appName": "시계", "usage": [20, 21]},
				{"appName": "Microsoft Health", "usage": [4, 9]},
				{"appName": "Google Play 스토어", "usage": [4, 12]},
				{"appName": "코레일톡", "usage": [8]},
				{"appName": "카메라", "usage": [7]},
				{"appName": "안드로이드 시스템", "usage": [3]},
				{"appName": "드라이브", "usage": [4]},
				{"appName": "Q.Feat", "usage": [4]},
				{"appName": "Google Play 서비스", "usage": [14]},
				{"appName": "ABC Logger", "usage": [4]}
			]
		},
		"maxTime": {
			"usage": 93,
			"details": [
				{"appName": "Brawl Stars", "usage": 92},
				{"appName": "YouTube", "usage": 26},
				{"appName": "카카오톡", "usage": 6},
				{"appName": "Chrome", "usage": 4},
				{"appName": "설정", "usage": 2},
				{"appName": "전화", "usage": 2},
				{"appName": "Paco", "usage": 1},
				{"appName": "업비트", "usage": 0},
				{"appName": "Polar Beat", "usage": 0},
				{"appName": "드라이브", "usage": 0},
				{"appName": "버즈 런처", "usage": 0},
				{"appName": "메시지", "usage": 0},
				{"appName": "Logger", "usage": 0},
				{"appName": "카메라", "usage": 0},
				{"appName": "코레일톡", "usage": 0},
				{"appName": "삼성 인터넷", "usage": 0},
				{"appName": "Samsung Experience 홈", "usage": 0},
				{"appName": "시계", "usage": 0},
				{"appName": "ABC Logger", "usage": 0},
				{"appName": "Microsoft Health", "usage": 0},
				{"appName": "KAIST Portal", "usage": 0},
				{"appName": "Google Play 서비스", "usage": 0},
				{"appName": "안드로이드 시스템", "usage": 0},
				{"appName": "접근성", "usage": 0},
				{"appName": "Samsung Pay", "usage": 0},
				{"appName": "Q.Feat", "usage": 0},
				{"appName": "Google Play 스토어", "usage": 0},
				{"appName": "패키지 설치 프로그램", "usage": 0}
			]
		},
		"avgTime": {
			"usage": 4,
			"details": [
				{"appName": "Brawl Stars", "usage": 12},
				{"appName": "YouTube", "usage": 2},
				{"appName": "Chrome", "usage": 0},
				{"appName": "카메라", "usage": 0},
				{"appName": "전화", "usage": 0},
				{"appName": "Paco", "usage": 0},
				{"appName": "드라이브", "usage": 0},
				{"appName": "메시지", "usage": 0},
				{"appName": "Polar Beat", "usage": 0},
				{"appName": "설정", "usage": 0},
				{"appName": "업비트", "usage": 0},
				{"appName": "코레일톡", "usage": 0},
				{"appName": "카카오톡", "usage": 0},
				{"appName": "Logger", "usage": 0},
				{"appName": "버즈 런처", "usage": 0},
				{"appName": "시계", "usage": 0},
				{"appName": "ABC Logger", "usage": 0},
				{"appName": "삼성 인터넷", "usage": 0},
				{"appName": "Microsoft Health", "usage": 0},
				{"appName": "안드로이드 시스템", "usage": 0},
				{"appName": "KAIST Portal", "usage": 0},
				{"appName": "Samsung Experience 홈", "usage": 0},
				{"appName": "Google Play 서비스", "usage": 0},
				{"appName": "Samsung Pay", "usage": 0},
				{"appName": "접근성", "usage": 0},
				{"appName": "Q.Feat", "usage": 0},
				{"appName": "Google Play 스토어", "usage": 0},
				{"appName": "패키지 설치 프로그램", "usage": 0}
			]
		},
		"lastPickup": {"time": 8}
	},
	{
		"date": 2,
		"totalTime": {
			"usage": 233,
			"details": [
				{"appName": "Brawl Stars", "usage": 83},
				{"appName": "YouTube", "usage": 75},
				{"appName": "Chrome", "usage": 15},
				{"appName": "버즈 런처", "usage": 12},
				{"appName": "전화", "usage": 10},
				{"appName": "카카오톡", "usage": 8},
				{"appName": "원터치개인", "usage": 3},
				{"appName": "Paco", "usage": 3},
				{"appName": "Dropsync", "usage": 2},
				{"appName": "메시지", "usage": 2},
				{"appName": "삼성 인터넷", "usage": 2},
				{"appName": "업비트", "usage": 1},
				{"appName": "우리카드", "usage": 0},
				{"appName": "설정", "usage": 0},
				{"appName": "Polar Beat", "usage": 0},
				{"appName": "갤러리", "usage": 0},
				{"appName": "Google Play 스토어", "usage": 0},
				{"appName": "KAIST Portal", "usage": 0},
				{"appName": "Galaxy Buds", "usage": 0},
				{"appName": "미세미세", "usage": 0},
				{"appName": "접근성", "usage": 0},
				{"appName": "카메라", "usage": 0},
				{"appName": "Slack", "usage": 0},
				{"appName": "Galaxy Wearable", "usage": 0},
				{"appName": "날씨", "usage": 0},
				{"appName": "Samsung Experience 홈", "usage": 0},
				{"appName": "신한카드", "usage": 0},
				{"appName": "원스토어", "usage": 0}
			]
		},
		"pickups": {"usage": 118},
		"downTime": {
			"usages": [
				{"hour": 0, "usage": 53},
				{"hour": 1, "usage": 14},
				{"hour": 2, "usage": 11},
				{"hour": 3, "usage": 4},
				{"hour": 4, "usage": 2},
				{"hour": 5, "usage": 0},
				{"hour": 6, "usage": 11},
				{"hour": 7, "usage": 35},
				{"hour": 8, "usage": 23},
				{"hour": 9, "usage": 2},
				{"hour": 10, "usage": 1},
				{"hour": 11, "usage": 4},
				{"hour": 12, "usage": 3},
				{"hour": 13, "usage": 1},
				{"hour": 14, "usage": 18},
				{"hour": 15, "usage": 41},
				{"hour": 22, "usage": 3}
			],
			"details": [
				{"appName": "버즈 런처", "usage": [0, 1, 2, 3, 4, 6, 7, 8, 9, 10, 11, 12, 13, 14, 15, 22]},
				{"appName": "카카오톡", "usage": [0, 1, 2, 3, 4, 6, 7, 8, 10, 11, 12, 13, 14, 22]},
				{"appName": "Chrome", "usage": [0, 1, 2, 4, 6, 7, 8, 11, 13, 14, 15]},
				{"appName": "YouTube", "usage": [0, 1, 2, 8, 11, 14, 15, 17, 22]},
				{"appName": "Paco", "usage": [1, 2, 4, 6, 8, 10, 11, 12, 13]},
				{"appName": "Brawl Stars", "usage": [0, 1, 6, 7, 8, 14, 15]},
				{"appName": "전화", "usage": [1, 3, 4, 8, 9, 10]},
				{"appName": "업비트", "usage": [2, 3, 4, 6, 8, 15]},
				{"appName": "설정", "usage": [0, 1, 6, 12, 15]},
				{"appName": "삼성 인터넷", "usage": [0, 6, 7, 15, 22]},
				{"appName": "메시지", "usage": [0, 1, 3, 6, 12]},
				{"appName": "Polar Beat", "usage": [1, 6, 10, 12, 15]},
				{"appName": "접근성", "usage": [1, 6, 12, 15]},
				{"appName": "KAIST Portal", "usage": [2, 8, 11, 13]},
				{"appName": "날씨", "usage": [2, 3]},
				{"appName": "Google Play 스토어", "usage": [1, 6]},
				{"appName": "카메라", "usage": [11]},
				{"appName": "원터치개인", "usage": [2]},
				{"appName": "원스토어", "usage": [17]},
				{"appName": "우리카드", "usage": [2]},
				{"appName": "신한카드", "usage": [7]},
				{"appName": "미세미세", "usage": [14]},
				{"appName": "갤러리", "usage": [11]},
				{"appName": "Slack", "usage": [9]},
				{"appName": "Samsung Experience 홈", "usage": [0]},
				{"appName": "Galaxy Wearable", "usage": [0]},
				{"appName": "Galaxy Buds", "usage": [0]},
				{"appName": "Dropsync", "usage": [6]}
			]
		},
		"maxTime": {
			"usage": 36,
			"details": [
				{"appName": "Brawl Stars", "usage": 29},
				{"appName": "YouTube", "usage": 14},
				{"appName": "Chrome", "usage": 3},
				{"appName": "전화", "usage": 3},
				{"appName": "Dropsync", "usage": 2},
				{"appName": "버즈 런처", "usage": 2},
				{"appName": "삼성 인터넷", "usage": 2},
				{"appName": "원터치개인", "usage": 1},
				{"appName": "메시지", "usage": 0},
				{"appName": "카카오톡", "usage": 0},
				{"appName": "Paco", "usage": 0},
				{"appName": "우리카드", "usage": 0},
				{"appName": "갤러리", "usage": 0},
				{"appName": "업비트", "usage": 0},
				{"appName": "Galaxy Buds", "usage": 0},
				{"appName": "Polar Beat", "usage": 0},
				{"appName": "Google Play 스토어", "usage": 0},
				{"appName": "카메라", "usage": 0},
				{"appName": "KAIST Portal", "usage": 0},
				{"appName": "미세미세", "usage": 0},
				{"appName": "설정", "usage": 0},
				{"appName": "Slack", "usage": 0},
				{"appName": "접근성", "usage": 0},
				{"appName": "Galaxy Wearable", "usage": 0},
				{"appName": "날씨", "usage": 0},
				{"appName": "Samsung Experience 홈", "usage": 0},
				{"appName": "신한카드", "usage": 0},
				{"appName": "원스토어", "usage": 0}
			]
		},
		"avgTime": {
			"usage": 1,
			"details": [
				{"appName": "Brawl Stars", "usage": 6},
				{"appName": "YouTube", "usage": 3},
				{"appName": "Dropsync", "usage": 0},
				{"appName": "Chrome", "usage": 0},
				{"appName": "삼성 인터넷", "usage": 0},
				{"appName": "원터치개인", "usage": 0},
				{"appName": "전화", "usage": 0},
				{"appName": "메시지", "usage": 0},
				{"appName": "갤러리", "usage": 0},
				{"appName": "카메라", "usage": 0},
				{"appName": "Galaxy Buds", "usage": 0},
				{"appName": "Paco", "usage": 0},
				{"appName": "우리카드", "usage": 0},
				{"appName": "업비트", "usage": 0},
				{"appName": "버즈 런처", "usage": 0},
				{"appName": "미세미세", "usage": 0},
				{"appName": "Google Play 스토어", "usage": 0},
				{"appName": "Polar Beat", "usage": 0},
				{"appName": "카카오톡", "usage": 0},
				{"appName": "설정", "usage": 0},
				{"appName": "KAIST Portal", "usage": 0},
				{"appName": "Galaxy Wearable", "usage": 0},
				{"appName": "Slack", "usage": 0},
				{"appName": "Samsung Experience 홈", "usage": 0},
				{"appName": "접근성", "usage": 0},
				{"appName": "날씨", "usage": 0},
				{"appName": "신한카드", "usage": 0},
				{"appName": "원스토어", "usage": 0}
			]
		},
		"lastPickup": {"time": 2}
	},
	{
		"date": 3,
		"totalTime": {
			"usage": 333,
			"details": [
				{"appName": "YouTube", "usage": 118},
				{"appName": "전화", "usage": 29},
				{"appName": "Brawl Stars", "usage": 26},
				{"appName": "Chrome", "usage": 23},
				{"appName": "카카오톡", "usage": 18},
				{"appName": "버즈 런처", "usage": 9},
				{"appName": "코레일톡", "usage": 5},
				{"appName": "네이버 지도", "usage": 5},
				{"appName": "Paco", "usage": 3},
				{"appName": "Polar Beat", "usage": 2},
				{"appName": "Netflix", "usage": 1},
				{"appName": "THE COUPLE", "usage": 1},
				{"appName": "B612", "usage": 0},
				{"appName": "설정", "usage": 0},
				{"appName": "메시지", "usage": 0},
				{"appName": "Galaxy Wearable", "usage": 0},
				{"appName": "미세미세", "usage": 0},
				{"appName": "접근성", "usage": 0},
				{"appName": "KAIST Portal", "usage": 0},
				{"appName": "AirMapKorea", "usage": 0},
				{"appName": "Galaxy Buds", "usage": 0},
				{"appName": "Samsung Pay", "usage": 0},
				{"appName": "Samsung Experience 홈", "usage": 0},
				{"appName": "삼성 인터넷", "usage": 0},
				{"appName": "Google Play 스토어", "usage": 0},
				{"appName": "업비트", "usage": 0}
			]
		},
		"pickups": {"usage": 138},
		"downTime": {
			"usages": [
				{"hour": 0, "usage": 25},
				{"hour": 1, "usage": 47},
				{"hour": 2, "usage": 3},
				{"hour": 3, "usage": 39},
				{"hour": 4, "usage": 38},
				{"hour": 5, "usage": 38},
				{"hour": 6, "usage": 9},
				{"hour": 7, "usage": 4},
				{"hour": 8, "usage": 3},
				{"hour": 9, "usage": 1},
				{"hour": 10, "usage": 5},
				{"hour": 11, "usage": 2},
				{"hour": 12, "usage": 4},
				{"hour": 13, "usage": 8},
				{"hour": 14, "usage": 55},
				{"hour": 15, "usage": 45},
				{"hour": 17, "usage": 0},
				{"hour": 23, "usage": 0}
			],
			"details": [
				{"appName": "버즈 런처", "usage": [0, 1, 2, 3, 4, 5, 6, 7, 8, 9, 10, 11, 12, 13, 14, 15, 23]},
				{"appName": "카카오톡", "usage": [0, 1, 2, 3, 4, 5, 6, 7, 8, 9, 10, 11, 12, 13, 14, 23]},
				{"appName": "Paco", "usage": [3, 4, 5, 6, 7, 8, 9, 10, 11, 12, 14]},
				{"appName": "YouTube", "usage": [0, 1, 2, 3, 4, 5, 6, 8, 14]},
				{"appName": "Chrome", "usage": [0, 1, 2, 3, 4, 6, 10, 14]},
				{"appName": "설정", "usage": [1, 3, 6, 7, 10, 14, 15]},
				{"appName": "전화", "usage": [5, 6, 11, 13, 14, 15]},
				{"appName": "네이버 지도", "usage": [4, 5, 6, 10, 12, 13]},
				{"appName": "코레일톡", "usage": [0, 1, 3, 4, 5]},
				{"appName": "접근성", "usage": [3, 6, 7, 10, 14]},
				{"appName": "메시지", "usage": [0, 4, 7, 10]},
				{"appName": "Polar Beat", "usage": [3, 6, 7, 14]},
				{"appName": "KAIST Portal", "usage": [1, 3, 6]},
				{"appName": "미세미세", "usage": [0, 5]},
				{"appName": "Samsung Experience 홈", "usage": [1, 4]},
				{"appName": "업비트", "usage": [15]},
				{"appName": "삼성 인터넷", "usage": [0]},
				{"appName": "THE COUPLE", "usage": [12]},
				{"appName": "Samsung Pay", "usage": [7]},
				{"appName": "Netflix", "usage": [4]},
				{"appName": "Google Play 스토어", "usage": [6]},
				{"appName": "Galaxy Wearable", "usage": [1]},
				{"appName": "Galaxy Buds", "usage": [1]},
				{"appName": "Brawl Stars", "usage": [5]},
				{"appName": "B612", "usage": [8]},
				{"appName": "AirMapKorea", "usage": [0]}
			]
		},
		"maxTime": {
			"usage": 47,
			"details": [
				{"appName": "YouTube", "usage": 29},
				{"appName": "Brawl Stars", "usage": 26},
				{"appName": "전화", "usage": 9},
				{"appName": "Chrome", "usage": 4},
				{"appName": "Polar Beat", "usage": 2},
				{"appName": "네이버 지도", "usage": 1},
				{"appName": "코레일톡", "usage": 0},
				{"appName": "카카오톡", "usage": 0},
				{"appName": "B612", "usage": 0},
				{"appName": "THE COUPLE", "usage": 0},
				{"appName": "Netflix", "usage": 0},
				{"appName": "버즈 런처", "usage": 0},
				{"appName": "Paco", "usage": 0},
				{"appName": "Galaxy Wearable", "usage": 0},
				{"appName": "메시지", "usage": 0},
				{"appName": "미세미세", "usage": 0},
				{"appName": "설정", "usage": 0},
				{"appName": "AirMapKorea", "usage": 0},
				{"appName": "Samsung Pay", "usage": 0},
				{"appName": "접근성", "usage": 0},
				{"appName": "KAIST Portal", "usage": 0},
				{"appName": "Galaxy Buds", "usage": 0},
				{"appName": "삼성 인터넷", "usage": 0},
				{"appName": "Samsung Experience 홈", "usage": 0},
				{"appName": "Google Play 스토어", "usage": 0},
				{"appName": "업비트", "usage": 0}
			]
		},
		"avgTime": {
			"usage": 2,
			"details": [
				{"appName": "Brawl Stars", "usage": 26},
				{"appName": "YouTube", "usage": 4},
				{"appName": "전화", "usage": 0},
				{"appName": "Chrome", "usage": 0},
				{"appName": "Netflix", "usage": 0},
				{"appName": "B612", "usage": 0},
				{"appName": "Galaxy Wearable", "usage": 0},
				{"appName": "THE COUPLE", "usage": 0},
				{"appName": "네이버 지도", "usage": 0},
				{"appName": "Polar Beat", "usage": 0},
				{"appName": "코레일톡", "usage": 0},
				{"appName": "메시지", "usage": 0},
				{"appName": "Paco", "usage": 0},
				{"appName": "미세미세", "usage": 0},
				{"appName": "AirMapKorea", "usage": 0},
				{"appName": "카카오톡", "usage": 0},
				{"appName": "버즈 런처", "usage": 0},
				{"appName": "Samsung Pay", "usage": 0},
				{"appName": "설정", "usage": 0},
				{"appName": "KAIST Portal", "usage": 0},
				{"appName": "삼성 인터넷", "usage": 0},
				{"appName": "Galaxy Buds", "usage": 0},
				{"appName": "접근성", "usage": 0},
				{"appName": "Samsung Experience 홈", "usage": 0},
				{"appName": "Google Play 스토어", "usage": 0},
				{"appName": "업비트", "usage": 0}
			]
		},
		"lastPickup": {"time": 0}
	},
	{
		"date": 4,
		"totalTime": {
			"usage": 479,
			"details": [
				{"appName": "YouTube", "usage": 292},
				{"appName": "Brawl Stars", "usage": 81},
				{"appName": "Chrome", "usage": 44},
				{"appName": "버즈 런처", "usage": 11},
				{"appName": "Q.Feat", "usage": 11},
				{"appName": "카카오톡", "usage": 7},
				{"appName": "Paco", "usage": 3},
				{"appName": "시외버스 모바일", "usage": 2},
				{"appName": "포코포코", "usage": 1},
				{"appName": "메시지", "usage": 1},
				{"appName": "업비트", "usage": 0},
				{"appName": "배달의민족", "usage": 0},
				{"appName": "Google Play 스토어", "usage": 0},
				{"appName": "설정", "usage": 0},
				{"appName": "전화", "usage": 0},
				{"appName": "Escape Rooms", "usage": 0},
				{"appName": "접근성", "usage": 0},
				{"appName": "Polar Beat", "usage": 0},
				{"appName": "시계", "usage": 0},
				{"appName": "마이 케이티", "usage": 0},
				{"appName": "Samsung Experience 홈", "usage": 0},
				{"appName": "미세미세", "usage": 0},
				{"appName": "네이버 지도", "usage": 0},
				{"appName": "Google Play 서비스", "usage": 0},
				{"appName": "KAIST Portal", "usage": 0},
				{"appName": "삼성 인터넷", "usage": 0}
			]
		},
		"pickups": {"usage": 89},
		"downTime": {
			"usages": [
				{"hour": 0, "usage": 29},
				{"hour": 1, "usage": 47},
				{"hour": 2, "usage": 33},
				{"hour": 3, "usage": 26},
				{"hour": 4, "usage": 3},
				{"hour": 5, "usage": 28},
				{"hour": 6, "usage": 11},
				{"hour": 7, "usage": 19},
				{"hour": 8, "usage": 17},
				{"hour": 9, "usage": 56},
				{"hour": 10, "usage": 56},
				{"hour": 11, "usage": 22},
				{"hour": 12, "usage": 18},
				{"hour": 13, "usage": 33},
				{"hour": 14, "usage": 0},
				{"hour": 20, "usage": 41},
				{"hour": 21, "usage": 16},
				{"hour": 23, "usage": 9}
			],
			"details": [
				{"appName": "버즈 런처", "usage": [0, 1, 2, 3, 4, 5, 6, 7, 8, 9, 10, 11, 12, 13, 20, 21, 23]},
				{"appName": "YouTube", "usage": [0, 1, 3, 4, 5, 7, 8, 9, 10, 11, 12, 13, 20, 21, 23]},
				{"appName": "Chrome", "usage": [0, 2, 3, 5, 6, 7, 8, 9, 10, 11, 20, 21]},
				{"appName": "Paco", "usage": [0, 1, 2, 4, 5, 6, 7, 9, 10, 11, 12]},
				{"appName": "카카오톡", "usage": [0, 1, 2, 4, 5, 9, 10, 11, 13, 23]},
				{"appName": "Brawl Stars", "usage": [0, 1, 2, 6, 7, 10, 12, 20, 21]},
				{"appName": "설정", "usage": [0, 6, 7, 8, 9, 10, 12]},
				{"appName": "Samsung Experience 홈", "usage": [0, 1, 2, 4, 10, 11, 23]},
				{"appName": "Polar Beat", "usage": [0, 6, 7, 9, 10, 12, 13]},
				{"appName": "접근성", "usage": [0, 6, 7, 9, 10, 12]},
				{"appName": "메시지", "usage": [0, 5, 7, 11, 23]},
				{"appName": "전화", "usage": [0, 7, 11]},
				{"appName": "시계", "usage": [13, 19, 20]},
				{"appName": "Google Play 스토어", "usage": [4, 5, 11]},
				{"appName": "업비트", "usage": [5, 10]},
				{"appName": "삼성 인터넷", "usage": [9, 10]},
				{"appName": "Google Play 서비스", "usage": [8, 10]},
				{"appName": "포코포코", "usage": [4]},
				{"appName": "시외버스 모바일", "usage": [11]},
				{"appName": "배달의민족", "usage": [10]},
				{"appName": "미세미세", "usage": [6]},
				{"appName": "마이 케이티", "usage": [0]},
				{"appName": "네이버 지도", "usage": [20]},
				{"appName": "Q.Feat", "usage": [11]},
				{"appName": "KAIST Portal", "usage": [20]},
				{"appName": "Escape Rooms", "usage": [5]}
			]
		},
		"maxTime": {
			"usage": 61,
			"details": [
				{"appName": "YouTube", "usage": 32},
				{"appName": "Brawl Stars", "usage": 15},
				{"appName": "Q.Feat", "usage": 10},
				{"appName": "Chrome", "usage": 4},
				{"appName": "카카오톡", "usage": 2},
				{"appName": "버즈 런처", "usage": 0},
				{"appName": "포코포코", "usage": 0},
				{"appName": "메시지", "usage": 0},
				{"appName": "배달의민족", "usage": 0},
				{"appName": "시외버스 모바일", "usage": 0},
				{"appName": "Google Play 스토어", "usage": 0},
				{"appName": "Escape Rooms", "usage": 0},
				{"appName": "Paco", "usage": 0},
				{"appName": "업비트", "usage": 0},
				{"appName": "전화", "usage": 0},
				{"appName": "마이 케이티", "usage": 0},
				{"appName": "접근성", "usage": 0},
				{"appName": "네이버 지도", "usage": 0},
				{"appName": "미세미세", "usage": 0},
				{"appName": "시계", "usage": 0},
				{"appName": "Google Play 서비스", "usage": 0},
				{"appName": "Polar Beat", "usage": 0},
				{"appName": "설정", "usage": 0},
				{"appName": "KAIST Portal", "usage": 0},
				{"appName": "Samsung Experience 홈", "usage": 0},
				{"appName": "삼성 인터넷", "usage": 0}
			]
		},
		"avgTime": {
			"usage": 5,
			"details": [
				{"appName": "Brawl Stars", "usage": 5},
				{"appName": "YouTube", "usage": 3},
				{"appName": "Q.Feat", "usage": 2},
				{"appName": "Chrome", "usage": 1},
				{"appName": "포코포코", "usage": 0},
				{"appName": "Escape Rooms", "usage": 0},
				{"appName": "마이 케이티", "usage": 0},
				{"appName": "메시지", "usage": 0},
				{"appName": "업비트", "usage": 0},
				{"appName": "배달의민족", "usage": 0},
				{"appName": "미세미세", "usage": 0},
				{"appName": "네이버 지도", "usage": 0},
				{"appName": "Paco", "usage": 0},
				{"appName": "시외버스 모바일", "usage": 0},
				{"appName": "카카오톡", "usage": 0},
				{"appName": "버즈 런처", "usage": 0},
				{"appName": "전화", "usage": 0},
				{"appName": "시계", "usage": 0},
				{"appName": "Google Play 스토어", "usage": 0},
				{"appName": "Google Play 서비스", "usage": 0},
				{"appName": "KAIST Portal", "usage": 0},
				{"appName": "접근성", "usage": 0},
				{"appName": "삼성 인터넷", "usage": 0},
				{"appName": "Samsung Experience 홈", "usage": 0},
				{"appName": "설정", "usage": 0},
				{"appName": "Polar Beat", "usage": 0}
			]
		},
		"lastPickup": {"time": 7}
	},
	{
		"date": 5,
		"totalTime": {
			"usage": 504,
			"details": [
				{"appName": "YouTube", "usage": 249},
				{"appName": "Brawl Stars", "usage": 74},
				{"appName": "카카오톡", "usage": 57},
				{"appName": "Chrome", "usage": 45},
				{"appName": "삼성 인터넷", "usage": 22},
				{"appName": "버즈 런처", "usage": 18},
				{"appName": "Paco", "usage": 3},
				{"appName": "Q.Feat", "usage": 2},
				{"appName": "전화", "usage": 2},
				{"appName": "KFC", "usage": 2},
				{"appName": "카카오뱅크", "usage": 2},
				{"appName": "메시지", "usage": 1},
				{"appName": "Adobe Acrobat", "usage": 1},
				{"appName": "배달의민족", "usage": 1},
				{"appName": "Google Play 스토어", "usage": 1},
				{"appName": "설정", "usage": 1},
				{"appName": "Slack", "usage": 1},
				{"appName": "빅스비 보이스", "usage": 1},
				{"appName": "Galaxy Buds", "usage": 0},
				{"appName": "Polar Beat", "usage": 0},
				{"appName": "우리카드", "usage": 0},
				{"appName": "시계", "usage": 0},
				{"appName": "업비트", "usage": 0},
				{"appName": "계산기", "usage": 0},
				{"appName": "KAIST Portal", "usage": 0},
				{"appName": "갤러리", "usage": 0},
				{"appName": "Samsung Experience 홈", "usage": 0},
				{"appName": "Samsung Pay", "usage": 0},
				{"appName": "미세미세", "usage": 0},
				{"appName": "Samsung Music", "usage": 0},
				{"appName": "Galaxy Store", "usage": 0},
				{"appName": "Google Play 서비스", "usage": 0},
				{"appName": "접근성", "usage": 0},
				{"appName": "Galaxy Wearable", "usage": 0},
				{"appName": "안드로이드 시스템", "usage": 0},
				{"appName": "후후", "usage": 0},
				{"appName": "리마인더", "usage": 0},
				{"appName": "원스토어", "usage": 0},
				{"appName": "신한카드", "usage": 0}
			]
		},
		"pickups": {"usage": 116},
		"downTime": {
			"usages": [
				{"hour": 0, "usage": 8},
				{"hour": 1, "usage": 8},
				{"hour": 2, "usage": 28},
				{"hour": 3, "usage": 39},
				{"hour": 4, "usage": 10},
				{"hour": 5, "usage": 12},
				{"hour": 6, "usage": 7},
				{"hour": 7, "usage": 39},
				{"hour": 8, "usage": 31},
				{"hour": 9, "usage": 55},
				{"hour": 10, "usage": 46},
				{"hour": 11, "usage": 4},
				{"hour": 12, "usage": 27},
				{"hour": 13, "usage": 32},
				{"hour": 14, "usage": 51},
				{"hour": 15, "usage": 0},
				{"hour": 20, "usage": 2},
				{"hour": 21, "usage": 27},
				{"hour": 22, "usage": 37},
				{"hour": 23, "usage": 31}
			],
			"details": [
				{"appName": "버즈 런처", "usage": [0, 1, 2, 3, 4, 5, 6, 7, 8, 9, 10, 11, 12, 13, 14, 21, 22, 23]},
				{"appName": "카카오톡", "usage": [0, 1, 2, 3, 4, 5, 7, 8, 9, 10, 11, 12, 13, 14, 21, 22, 23]},
				{"appName": "YouTube", "usage": [0, 2, 3, 4, 6, 7, 8, 9, 10, 11, 12, 13, 14, 21, 22, 23]},
				{"appName": "Chrome", "usage": [0, 1, 2, 3, 4, 7, 8, 10, 12, 14, 21, 22, 23]},
				{"appName": "Brawl Stars", "usage": [0, 5, 7, 8, 9, 12, 14, 21, 22, 23]},
				{"appName": "Paco", "usage": [1, 2, 5, 6, 7, 8, 9, 10, 12]},
				{"appName": "삼성 인터넷", "usage": [0, 10, 11, 14, 15, 20, 21, 22]},
				{"appName": "Samsung Experience 홈", "usage": [2, 3, 9, 10, 14, 21, 22, 23]},
				{"appName": "메시지", "usage": [0, 1, 2, 7, 9, 10]},
				{"appName": "KAIST Portal", "usage": [0, 2, 4, 12, 14, 21]},
				{"appName": "Polar Beat", "usage": [1, 3, 4, 5, 14]},
				{"appName": "접근성", "usage": [1, 3, 4, 14]},
				{"appName": "전화", "usage": [1, 6, 9, 10]},
				{"appName": "설정", "usage": [1, 3, 4, 14]},
				{"appName": "빅스비 보이스", "usage": [6, 21, 22]},
				{"appName": "업비트", "usage": [2, 5]},
				{"appName": "시계", "usage": [14, 21]},
				{"appName": "미세미세", "usage": [6, 21]},
				{"appName": "Samsung Pay", "usage": [0, 8]},
				{"appName": "Google Play 스토어", "usage": [2, 14]},
				{"appName": "Google Play 서비스", "usage": [0, 2]},
				{"appName": "Galaxy Wearable", "usage": [3, 22]},
				{"appName": "Galaxy Buds", "usage": [3, 22]},
				{"appName": "후후", "usage": [2]},
				{"appName": "카카오뱅크", "usage": [1]},
				{"appName": "원스토어", "usage": [5]},
				{"appName": "우리카드", "usage": [8]},
				{"appName": "안드로이드 시스템", "usage": [1]},
				{"appName": "신한카드", "usage": [2]},
				{"appName": "배달의민족", "usage": [14]},
				{"appName": "리마인더", "usage": [8]},
				{"appName": "계산기", "usage": [6]},
				{"appName": "갤러리", "usage": [1]},
				{"appName": "Slack", "usage": [2]},
				{"appName": "Samsung Music", "usage": [2]},
				{"appName": "Q.Feat", "usage": [10]},
				{"appName": "KFC", "usage": [14]},
				{"appName": "Galaxy Store", "usage": [22]},
				{"appName": "Adobe Acrobat", "usage": [2]}
			]
		},
		"maxTime": {
			"usage": 54,
			"details": [
				{"appName": "YouTube", "usage": 24},
				{"appName": "Brawl Stars", "usage": 19},
				{"appName": "카카오톡", "usage": 9},
				{"appName": "삼성 인터넷", "usage": 6},
				{"appName": "Chrome", "usage": 5},
				{"appName": "Q.Feat", "usage": 2},
				{"appName": "버즈 런처", "usage": 2},
				{"appName": "메시지", "usage": 1},
				{"appName": "KFC", "usage": 1},
				{"appName": "Adobe Acrobat", "usage": 0},
				{"appName": "카카오뱅크", "usage": 0},
				{"appName": "전화", "usage": 0},
				{"appName": "설정", "usage": 0},
				{"appName": "Slack", "usage": 0},
				{"appName": "Google Play 스토어", "usage": 0},
				{"appName": "계산기", "usage": 0},
				{"appName": "업비트", "usage": 0},
				{"appName": "시계", "usage": 0},
				{"appName": "Galaxy Buds", "usage": 0},
				{"appName": "Paco", "usage": 0},
				{"appName": "Polar Beat", "usage": 0},
				{"appName": "배달의민족", "usage": 0},
				{"appName": "빅스비 보이스", "usage": 0},
				{"appName": "갤러리", "usage": 0},
				{"appName": "우리카드", "usage": 0},
				{"appName": "Samsung Pay", "usage": 0},
				{"appName": "Samsung Music", "usage": 0},
				{"appName": "Galaxy Store", "usage": 0},
				{"appName": "미세미세", "usage": 0},
				{"appName": "Google Play 서비스", "usage": 0},
				{"appName": "안드로이드 시스템", "usage": 0},
				{"appName": "KAIST Portal", "usage": 0},
				{"appName": "Samsung Experience 홈", "usage": 0},
				{"appName": "Galaxy Wearable", "usage": 0},
				{"appName": "후후", "usage": 0},
				{"appName": "접근성", "usage": 0},
				{"appName": "리마인더", "usage": 0},
				{"appName": "원스토어", "usage": 0},
				{"appName": "신한카드", "usage": 0}
			]
		},
		"avgTime": {
			"usage": 4,
			"details": [
				{"appName": "Brawl Stars", "usage": 6},
				{"appName": "YouTube", "usage": 3},
				{"appName": "Chrome", "usage": 0},
				{"appName": "Q.Feat", "usage": 0},
				{"appName": "삼성 인터넷", "usage": 0},
				{"appName": "Adobe Acrobat", "usage": 0},
				{"appName": "계산기", "usage": 0},
				{"appName": "KFC", "usage": 0},
				{"appName": "업비트", "usage": 0},
				{"appName": "갤러리", "usage": 0},
				{"appName": "메시지", "usage": 0},
				{"appName": "시계", "usage": 0},
				{"appName": "전화", "usage": 0},
				{"appName": "Google Play 스토어", "usage": 0},
				{"appName": "카카오톡", "usage": 0},
				{"appName": "Galaxy Buds", "usage": 0},
				{"appName": "Paco", "usage": 0},
				{"appName": "우리카드", "usage": 0},
				{"appName": "카카오뱅크", "usage": 0},
				{"appName": "Slack", "usage": 0},
				{"appName": "배달의민족", "usage": 0},
				{"appName": "Samsung Pay", "usage": 0},
				{"appName": "버즈 런처", "usage": 0},
				{"appName": "Galaxy Store", "usage": 0},
				{"appName": "Samsung Music", "usage": 0},
				{"appName": "설정", "usage": 0},
				{"appName": "안드로이드 시스템", "usage": 0},
				{"appName": "빅스비 보이스", "usage": 0},
				{"appName": "Polar Beat", "usage": 0},
				{"appName": "미세미세", "usage": 0},
				{"appName": "Google Play 서비스", "usage": 0},
				{"appName": "KAIST Portal", "usage": 0},
				{"appName": "Galaxy Wearable", "usage": 0},
				{"appName": "Samsung Experience 홈", "usage": 0},
				{"appName": "접근성", "usage": 0},
				{"appName": "후후", "usage": 0},
				{"appName": "리마인더", "usage": 0},
				{"appName": "원스토어", "usage": 0},
				{"appName": "신한카드", "usage": 0}
			]
		},
		"lastPickup": {"time": 17}
	},
	{
		"date": 6,
		"totalTime": {
			"usage": 695,
			"details": [
				{"appName": "YouTube", "usage": 541},
				{"appName": "Chrome", "usage": 25},
				{"appName": "카카오톡", "usage": 24},
				{"appName": "브롤스타즈", "usage": 21},
				{"appName": "Brawl Stars", "usage": 17},
				{"appName": "Polar Beat", "usage": 16},
				{"appName": "버즈 런처", "usage": 13},
				{"appName": "삼성 인터넷", "usage": 9},
				{"appName": "전화", "usage": 5},
				{"appName": "Paco", "usage": 3},
				{"appName": "메시지", "usage": 2},
				{"appName": "Google Play 스토어", "usage": 1},
				{"appName": "설정", "usage": 0},
				{"appName": "업비트", "usage": 0},
				{"appName": "Samsung Experience 홈", "usage": 0},
				{"appName": "Galaxy Buds", "usage": 0},
				{"appName": "접근성", "usage": 0},
				{"appName": "Galaxy Wearable", "usage": 0},
				{"appName": "Netflix", "usage": 0},
				{"appName": "KAIST Portal", "usage": 0},
				{"appName": "시계", "usage": 0}
			]
		},
		"pickups": {"usage": 127},
		"downTime": {
			"usages": [
				{"hour": 0, "usage": 7},
				{"hour": 1, "usage": 19},
				{"hour": 2, "usage": 30},
				{"hour": 3, "usage": 52},
				{"hour": 4, "usage": 55},
				{"hour": 5, "usage": 49},
				{"hour": 6, "usage": 60},
				{"hour": 7, "usage": 16},
				{"hour": 8, "usage": 15},
				{"hour": 9, "usage": 12},
				{"hour": 10, "usage": 5},
				{"hour": 11, "usage": 55},
				{"hour": 12, "usage": 35},
				{"hour": 13, "usage": 60},
				{"hour": 14, "usage": 37},
				{"hour": 15, "usage": 57},
				{"hour": 16, "usage": 40},
				{"hour": 20, "usage": 2},
				{"hour": 21, "usage": 0},
				{"hour": 22, "usage": 32},
				{"hour": 23, "usage": 41}
			],
			"details": [
				{"appName": "버즈 런처", "usage": [0, 1, 2, 3, 4, 5, 6, 7, 8, 9, 10, 11, 12, 13, 14, 15, 20, 22, 23]},
				{"appName": "YouTube", "usage": [1, 2, 3, 4, 5, 6, 7, 8, 9, 10, 11, 12, 13, 14, 15, 16, 20, 22, 23]},
				{"appName": "카카오톡", "usage": [0, 1, 2, 3, 4, 5, 6, 7, 8, 9, 10, 11, 13, 14, 15, 22, 23]},
				{"appName": "Chrome", "usage": [0, 1, 2, 3, 4, 5, 6, 7, 8, 9, 11, 12, 20, 21, 22]},
				{"appName": "Paco", "usage": [0, 2, 3, 4, 5, 6, 7, 9, 10, 12]},
				{"appName": "Samsung Experience 홈", "usage": [5, 6, 7, 8, 9, 12, 13, 14, 15]},
				{"appName": "설정", "usage": [0, 4, 6, 7, 8, 9, 13, 23]},
				{"appName": "전화", "usage": [4, 5, 7, 8, 10, 22]},
				{"appName": "메시지", "usage": [0, 2, 5, 6, 7, 22]},
				{"appName": "Polar Beat", "usage": [0, 3, 6, 7, 9, 13]},
				{"appName": "Brawl Stars", "usage": [1, 2, 3, 7, 8, 9]},
				{"appName": "접근성", "usage": [0, 7, 8, 9, 13]},
				{"appName": "업비트", "usage": [1, 2, 8]},
				{"appName": "삼성 인터넷", "usage": [2, 4, 12]},
				{"appName": "Galaxy Wearable", "usage": [4, 6, 23]},
				{"appName": "Galaxy Buds", "usage": [4, 6, 23]},
				{"appName": "브롤스타즈", "usage": [12, 15]},
				{"appName": "Google Play 스토어", "usage": [6, 12]},
				{"appName": "시계", "usage": [21]},
				{"appName": "Netflix", "usage": [12]},
				{"appName": "KAIST Portal", "usage": [9]}
			]
		},
		"maxTime": {
			"usage": 75,
			"details": [
				{"appName": "YouTube", "usage": 58},
				{"appName": "브롤스타즈", "usage": 14},
				{"appName": "Brawl Stars", "usage": 12},
				{"appName": "Polar Beat", "usage": 11},
				{"appName": "Chrome", "usage": 3},
				{"appName": "삼성 인터넷", "usage": 3},
				{"appName": "카카오톡", "usage": 2},
				{"appName": "버즈 런처", "usage": 2},
				{"appName": "메시지", "usage": 0},
				{"appName": "전화", "usage": 0},
				{"appName": "업비트", "usage": 0},
				{"appName": "Paco", "usage": 0},
				{"appName": "설정", "usage": 0},
				{"appName": "Google Play 스토어", "usage": 0},
				{"appName": "Galaxy Buds", "usage": 0},
				{"appName": "Samsung Experience 홈", "usage": 0},
				{"appName": "시계", "usage": 0},
				{"appName": "Galaxy Wearable", "usage": 0},
				{"appName": "Netflix", "usage": 0},
				{"appName": "KAIST Portal", "usage": 0},
				{"appName": "접근성", "usage": 0}
			]
		},
		"avgTime": {
			"usage": 5,
			"details": [
				{"appName": "YouTube", "usage": 4},
				{"appName": "브롤스타즈", "usage": 4},
				{"appName": "Brawl Stars", "usage": 2},
				{"appName": "Polar Beat", "usage": 0},
				{"appName": "삼성 인터넷", "usage": 0},
				{"appName": "Chrome", "usage": 0},
				{"appName": "업비트", "usage": 0},
				{"appName": "메시지", "usage": 0},
				{"appName": "전화", "usage": 0},
				{"appName": "Paco", "usage": 0},
				{"appName": "카카오톡", "usage": 0},
				{"appName": "Google Play 스토어", "usage": 0},
				{"appName": "버즈 런처", "usage": 0},
				{"appName": "Netflix", "usage": 0},
				{"appName": "Galaxy Wearable", "usage": 0},
				{"appName": "Galaxy Buds", "usage": 0},
				{"appName": "시계", "usage": 0},
				{"appName": "설정", "usage": 0},
				{"appName": "KAIST Portal", "usage": 0},
				{"appName": "Samsung Experience 홈", "usage": 0},
				{"appName": "접근성", "usage": 0}
			]
		},
		"lastPickup": {"time": 9}
	},
	{
		"date": 7,
		"totalTime": {
			"usage": 512,
			"details": [
				{"appName": "YouTube", "usage": 290},
				{"appName": "Chrome", "usage": 51},
				{"appName": "브롤스타즈", "usage": 50},
				{"appName": "카카오톡", "usage": 32},
				{"appName": "버즈 런처", "usage": 17},
				{"appName": "전화", "usage": 16},
				{"appName": "삼성 인터넷", "usage": 12},
				{"appName": "그린카", "usage": 9},
				{"appName": "배달의민족", "usage": 5},
				{"appName": "카카오뱅크", "usage": 3},
				{"appName": "Google Play 스토어", "usage": 3},
				{"appName": "Paco", "usage": 2},
				{"appName": "Slack", "usage": 1},
				{"appName": "설정", "usage": 1},
				{"appName": "Polar Beat", "usage": 1},
				{"appName": "메시지", "usage": 1},
				{"appName": "카메라", "usage": 0},
				{"appName": "네이버 지도", "usage": 0},
				{"appName": "맥딜리버리", "usage": 0},
				{"appName": "원터치개인", "usage": 0},
				{"appName": "업비트", "usage": 0},
				{"appName": "Samsung Pay", "usage": 0},
				{"appName": "갤러리", "usage": 0},
				{"appName": "접근성", "usage": 0},
				{"appName": "L.POINT", "usage": 0},
				{"appName": "Logger", "usage": 0},
				{"appName": "B612", "usage": 0},
				{"appName": "Samsung Experience 홈", "usage": 0},
				{"appName": "리마인더", "usage": 0},
				{"appName": "KAIST Portal", "usage": 0},
				{"appName": "Google Play 서비스", "usage": 0},
				{"appName": "EXiTS", "usage": 0},
				{"appName": "Microsoft Health", "usage": 0},
				{"appName": "NAVER", "usage": 0},
				{"appName": "패키지 설치 프로그램", "usage": 0},
				{"appName": "신한카드", "usage": 0}
			]
		},
		"pickups": {"usage": 115},
		"downTime": {
			"usages": [
				{"hour": 0, "usage": 3},
				{"hour": 1, "usage": 32},
				{"hour": 2, "usage": 38},
				{"hour": 3, "usage": 21},
				{"hour": 4, "usage": 52},
				{"hour": 5, "usage": 37},
				{"hour": 6, "usage": 48},
				{"hour": 7, "usage": 24},
				{"hour": 8, "usage": 42},
				{"hour": 9, "usage": 23},
				{"hour": 10, "usage": 45},
				{"hour": 11, "usage": 60},
				{"hour": 12, "usage": 27},
				{"hour": 13, "usage": 7},
				{"hour": 14, "usage": 14},
				{"hour": 15, "usage": 0},
				{"hour": 23, "usage": 23}
			],
			"details": [
				{"appName": "버즈 런처", "usage": [1, 2, 3, 4, 5, 6, 7, 8, 9, 10, 11, 12, 13, 14, 15, 23]},
				{"appName": "카카오톡", "usage": [1, 2, 3, 4, 5, 6, 7, 8, 9, 10, 12, 13, 14, 23]},
				{"appName": "YouTube", "usage": [0, 1, 2, 3, 4, 5, 6, 7, 8, 10, 11, 12, 13, 23]},
				{"appName": "Chrome", "usage": [1, 2, 3, 4, 5, 6, 7, 9, 10, 12, 13, 15, 23]},
				{"appName": "Paco", "usage": [1, 2, 4, 5, 7, 9, 12, 13]},
				{"appName": "전화", "usage": [2, 4, 5, 7, 9, 14, 23]},
				{"appName": "브롤스타즈", "usage": [1, 3, 5, 6, 7, 9, 10]},
				{"appName": "Polar Beat", "usage": [1, 3, 7, 9, 12, 13, 23]},
				{"appName": "접근성", "usage": [1, 7, 9, 12, 13, 23]},
				{"appName": "설정", "usage": [1, 7, 9, 12, 13, 23]},
				{"appName": "메시지", "usage": [1, 2, 3, 15, 23]},
				{"appName": "삼성 인터넷", "usage": [1, 3, 12, 23]},
				{"appName": "카메라", "usage": [4, 5, 12]},
				{"appName": "리마인더", "usage": [5, 6, 7]},
				{"appName": "네이버 지도", "usage": [3, 4, 6]},
				{"appName": "Samsung Experience 홈", "usage": [3, 7, 9]},
				{"appName": "업비트", "usage": [11, 23]},
				{"appName": "배달의민족", "usage": [2, 3]},
				{"appName": "패키지 설치 프로그램", "usage": [7]},
				{"appName": "카카오뱅크", "usage": [9]},
				{"appName": "원터치개인", "usage": [14]},
				{"appName": "신한카드", "usage": [10]},
				{"appName": "맥딜리버리", "usage": [1]},
				{"appName": "그린카", "usage": [6]},
				{"appName": "갤러리", "usage": [5]},
				{"appName": "Slack", "usage": [1]},
				{"appName": "Samsung Pay", "usage": [14]},
				{"appName": "NAVER", "usage": [13]},
				{"appName": "Microsoft Health", "usage": [3]},
				{"appName": "Logger", "usage": [7]},
				{"appName": "L.POINT", "usage": [2]},
				{"appName": "KAIST Portal", "usage": [13]},
				{"appName": "Google Play 스토어", "usage": [1]},
				{"appName": "Google Play 서비스", "usage": [23]},
				{"appName": "EXiTS", "usage": [3]},
				{"appName": "B612", "usage": [5]}
			]
		},
		"maxTime": {
			"usage": 111,
			"details": [
				{"appName": "YouTube", "usage": 40},
				{"appName": "브롤스타즈", "usage": 12},
				{"appName": "Chrome", "usage": 5},
				{"appName": "삼성 인터넷", "usage": 4},
				{"appName": "카카오톡", "usage": 2},
				{"appName": "Google Play 스토어", "usage": 2},
				{"appName": "버즈 런처", "usage": 2},
				{"appName": "전화", "usage": 1},
				{"appName": "카카오뱅크", "usage": 1},
				{"appName": "그린카", "usage": 1},
				{"appName": "배달의민족", "usage": 0},
				{"appName": "네이버 지도", "usage": 0},
				{"appName": "Slack", "usage": 0},
				{"appName": "카메라", "usage": 0},
				{"appName": "맥딜리버리", "usage": 0},
				{"appName": "Samsung Pay", "usage": 0},
				{"appName": "업비트", "usage": 0},
				{"appName": "Paco", "usage": 0},
				{"appName": "메시지", "usage": 0},
				{"appName": "원터치개인", "usage": 0},
				{"appName": "Polar Beat", "usage": 0},
				{"appName": "설정", "usage": 0},
				{"appName": "L.POINT", "usage": 0},
				{"appName": "갤러리", "usage": 0},
				{"appName": "B612", "usage": 0},
				{"appName": "Logger", "usage": 0},
				{"appName": "EXiTS", "usage": 0},
				{"appName": "리마인더", "usage": 0},
				{"appName": "KAIST Portal", "usage": 0},
				{"appName": "Google Play 서비스", "usage": 0},
				{"appName": "Microsoft Health", "usage": 0},
				{"appName": "접근성", "usage": 0},
				{"appName": "Samsung Experience 홈", "usage": 0},
				{"appName": "NAVER", "usage": 0},
				{"appName": "패키지 설치 프로그램", "usage": 0},
				{"appName": "신한카드", "usage": 0}
			]
		},
		"avgTime": {
			"usage": 4,
			"details": [
				{"appName": "YouTube", "usage": 5},
				{"appName": "브롤스타즈", "usage": 5},
				{"appName": "Google Play 스토어", "usage": 1},
				{"appName": "Chrome", "usage": 0},
				{"appName": "카메라", "usage": 0},
				{"appName": "전화", "usage": 0},
				{"appName": "삼성 인터넷", "usage": 0},
				{"appName": "Slack", "usage": 0},
				{"appName": "Samsung Pay", "usage": 0},
				{"appName": "그린카", "usage": 0},
				{"appName": "갤러리", "usage": 0},
				{"appName": "B612", "usage": 0},
				{"appName": "배달의민족", "usage": 0},
				{"appName": "메시지", "usage": 0},
				{"appName": "카카오뱅크", "usage": 0},
				{"appName": "네이버 지도", "usage": 0},
				{"appName": "원터치개인", "usage": 0},
				{"appName": "L.POINT", "usage": 0},
				{"appName": "Paco", "usage": 0},
				{"appName": "업비트", "usage": 0},
				{"appName": "카카오톡", "usage": 0},
				{"appName": "맥딜리버리", "usage": 0},
				{"appName": "버즈 런처", "usage": 0},
				{"appName": "EXiTS", "usage": 0},
				{"appName": "Polar Beat", "usage": 0},
				{"appName": "KAIST Portal", "usage": 0},
				{"appName": "설정", "usage": 0},
				{"appName": "Google Play 서비스", "usage": 0},
				{"appName": "Microsoft Health", "usage": 0},
				{"appName": "Logger", "usage": 0},
				{"appName": "Samsung Experience 홈", "usage": 0},
				{"appName": "리마인더", "usage": 0},
				{"appName": "접근성", "usage": 0},
				{"appName": "NAVER", "usage": 0},
				{"appName": "패키지 설치 프로그램", "usage": 0},
				{"appName": "신한카드", "usage": 0}
			]
		},
		"lastPickup": {"time": 9}
	}
]
