[
	{
		"date": 1,
		"totalTime": {
			"usage": 599,
			"details": [
				{"appName": "Facebook", "usage": 115},
				{"appName": "YouTube", "usage": 74},
				{"appName": "카카오톡", "usage": 49},
				{"appName": "Chrome", "usage": 39},
				{"appName": "네이버 웹툰", "usage": 31},
				{"appName": "Samsung Experience 홈", "usage": 29},
				{"appName": "T전화", "usage": 24},
				{"appName": "Polar Beat", "usage": 20},
				{"appName": "Netflix", "usage": 12},
				{"appName": "Between", "usage": 12},
				{"appName": "Paco", "usage": 9},
				{"appName": "지도", "usage": 5},
				{"appName": "시계", "usage": 5},
				{"appName": "드라이브", "usage": 5},
				{"appName": "삼성 인터넷", "usage": 4},
				{"appName": "시스템 UI", "usage": 3},
				{"appName": "시외버스 모바일", "usage": 2},
				{"appName": "WiFi Mouse", "usage": 2},
				{"appName": "메시지", "usage": 2},
				{"appName": "Foodie", "usage": 1},
				{"appName": "Microsoft Band", "usage": 1},
				{"appName": "티켓링크", "usage": 1},
				{"appName": "설정", "usage": 1},
				{"appName": "NH콕뱅크", "usage": 0},
				{"appName": "KLMS", "usage": 0},
				{"appName": "Google Play 스토어", "usage": 0},
				{"appName": "Logger", "usage": 0},
				{"appName": "갤러리", "usage": 0},
				{"appName": "ABC Logger", "usage": 0},
				{"appName": "좋은 카메라", "usage": 0},
				{"appName": "Zenly", "usage": 0},
				{"appName": "Duel Links", "usage": 0},
				{"appName": "My Application1", "usage": 0},
				{"appName": "빅스비 홈", "usage": 0},
				{"appName": "안드로이드 시스템", "usage": 0},
				{"appName": "야놀자", "usage": 0},
				{"appName": "삼성 캡처", "usage": 0},
				{"appName": "Samsung Notes", "usage": 0},
				{"appName": "포토 에디터", "usage": 0},
				{"appName": "무비 메이커", "usage": 0},
				{"appName": "Samsung Pay", "usage": 0},
				{"appName": "위비톡", "usage": 0},
				{"appName": "Google Play 서비스", "usage": 0},
				{"appName": "패키지 설치 프로그램", "usage": 0},
				{"appName": "The Day Before", "usage": 0}
			]
		},
		"pickups": {"usage": 206},
		"downTime": {
			"usages": [
				{"hour": 0, "usage": 57},
				{"hour": 1, "usage": 28},
				{"hour": 2, "usage": 38},
				{"hour": 3, "usage": 28},
				{"hour": 4, "usage": 0},
				{"hour": 5, "usage": 0},
				{"hour": 6, "usage": 24},
				{"hour": 7, "usage": 21},
				{"hour": 8, "usage": 17},
				{"hour": 9, "usage": 13},
				{"hour": 10, "usage": 14},
				{"hour": 11, "usage": 2},
				{"hour": 12, "usage": 43},
				{"hour": 13, "usage": 58},
				{"hour": 14, "usage": 19},
				{"hour": 16, "usage": 36},
				{"hour": 17, "usage": 58},
				{"hour": 18, "usage": 57},
				{"hour": 19, "usage": 47},
				{"hour": 20, "usage": 25},
				{"hour": 23, "usage": 6}
			],
			"details": [
				{"appName": "Samsung Experience 홈", "usage": [0, 1, 2, 3, 6, 7, 8, 9, 10, 11, 12, 13, 14, 15, 16, 18, 19, 20]},
				{"appName": "카카오톡", "usage": [0, 1, 2, 3, 6, 7, 8, 9, 10, 11, 12, 13, 15, 16, 18, 19, 20]},
				{"appName": "시스템 UI", "usage": [0, 1, 2, 3, 6, 7, 8, 9, 10, 11, 13, 16, 18, 19, 20]},
				{"appName": "Between", "usage": [0, 1, 2, 3, 7, 8, 9, 10, 11, 13, 16, 18]},
				{"appName": "Paco", "usage": [0, 1, 2, 3, 6, 7, 9, 10, 11, 13, 19]},
				{"appName": "Facebook", "usage": [0, 1, 2, 3, 9, 13, 15, 16, 17, 18, 19]},
				{"appName": "Chrome", "usage": [0, 1, 2, 6, 7, 8, 9, 10, 13, 19, 20]},
				{"appName": "Polar Beat", "usage": [0, 1, 2, 3, 6, 10, 12, 13]},
				{"appName": "설정", "usage": [1, 6, 7, 13, 16, 18, 20]},
				{"appName": "T전화", "usage": [2, 3, 6, 7, 10, 13, 16]},
				{"appName": "메시지", "usage": [2, 6, 7, 8, 14, 15]},
				{"appName": "YouTube", "usage": [0, 18, 19, 20, 23]},
				{"appName": "시외버스 모바일", "usage": [2, 3, 11, 13]},
				{"appName": "네이버 웹툰", "usage": [13, 14, 18, 19]},
				{"appName": "시계", "usage": [1, 8, 23]},
				{"appName": "삼성 캡처", "usage": [7, 8, 13]},
				{"appName": "삼성 인터넷", "usage": [2, 6, 7]},
				{"appName": "패키지 설치 프로그램", "usage": [1, 8]},
				{"appName": "지도", "usage": [6, 7]},
				{"appName": "안드로이드 시스템", "usage": [8, 13]},
				{"appName": "드라이브", "usage": [1, 2]},
				{"appName": "Microsoft Band", "usage": [0, 3]},
				{"appName": "Google Play 스토어", "usage": [0, 8]},
				{"appName": "Foodie", "usage": [8, 10]},
				{"appName": "Duel Links", "usage": [18, 19]},
				{"appName": "ABC Logger", "usage": [0, 1]},
				{"appName": "포토 에디터", "usage": [8]},
				{"appName": "티켓링크", "usage": [7]},
				{"appName": "좋은 카메라", "usage": [8]},
				{"appName": "위비톡", "usage": [2]},
				{"appName": "야놀자", "usage": [0]},
				{"appName": "빅스비 홈", "usage": [3]},
				{"appName": "무비 메이커", "usage": [19]},
				{"appName": "갤러리", "usage": [8]},
				{"appName": "Zenly", "usage": [19]},
				{"appName": "WiFi Mouse", "usage": [19]},
				{"appName": "The Day Before", "usage": [13]},
				{"appName": "Samsung Pay", "usage": [6]},
				{"appName": "Samsung Notes", "usage": [3]},
				{"appName": "Netflix", "usage": [20]},
				{"appName": "NH콕뱅크", "usage": [7]},
				{"appName": "My Application1", "usage": [0]},
				{"appName": "Logger", "usage": [1]},
				{"appName": "KLMS", "usage": [2]},
				{"appName": "Google Play 서비스", "usage": [19]}
			]
		},
		"maxTime": {
			"usage": 69,
			"details": [
				{"appName": "YouTube", "usage": 32},
				{"appName": "Facebook", "usage": 13},
				{"appName": "T전화", "usage": 8},
				{"appName": "Chrome", "usage": 6},
				{"appName": "Polar Beat", "usage": 6},
				{"appName": "네이버 웹툰", "usage": 5},
				{"appName": "시계", "usage": 4},
				{"appName": "Samsung Experience 홈", "usage": 3},
				{"appName": "삼성 인터넷", "usage": 2},
				{"appName": "WiFi Mouse", "usage": 2},
				{"appName": "Netflix", "usage": 1},
				{"appName": "카카오톡", "usage": 1},
				{"appName": "드라이브", "usage": 1},
				{"appName": "Between", "usage": 1},
				{"appName": "Paco", "usage": 1},
				{"appName": "Microsoft Band", "usage": 1},
				{"appName": "Foodie", "usage": 1},
				{"appName": "지도", "usage": 0},
				{"appName": "메시지", "usage": 0},
				{"appName": "티켓링크", "usage": 0},
				{"appName": "시외버스 모바일", "usage": 0},
				{"appName": "NH콕뱅크", "usage": 0},
				{"appName": "Google Play 스토어", "usage": 0},
				{"appName": "갤러리", "usage": 0},
				{"appName": "설정", "usage": 0},
				{"appName": "KLMS", "usage": 0},
				{"appName": "My Application1", "usage": 0},
				{"appName": "시스템 UI", "usage": 0},
				{"appName": "Logger", "usage": 0},
				{"appName": "Zenly", "usage": 0},
				{"appName": "Duel Links", "usage": 0},
				{"appName": "ABC Logger", "usage": 0},
				{"appName": "빅스비 홈", "usage": 0},
				{"appName": "좋은 카메라", "usage": 0},
				{"appName": "야놀자", "usage": 0},
				{"appName": "Samsung Notes", "usage": 0},
				{"appName": "안드로이드 시스템", "usage": 0},
				{"appName": "삼성 캡처", "usage": 0},
				{"appName": "포토 에디터", "usage": 0},
				{"appName": "무비 메이커", "usage": 0},
				{"appName": "Samsung Pay", "usage": 0},
				{"appName": "Google Play 서비스", "usage": 0},
				{"appName": "위비톡", "usage": 0},
				{"appName": "패키지 설치 프로그램", "usage": 0},
				{"appName": "The Day Before", "usage": 0}
			]
		},
		"avgTime": {
			"usage": 2,
			"details": [
				{"appName": "YouTube", "usage": 3},
				{"appName": "WiFi Mouse", "usage": 2},
				{"appName": "Chrome", "usage": 0},
				{"appName": "네이버 웹툰", "usage": 0},
				{"appName": "Facebook", "usage": 0},
				{"appName": "T전화", "usage": 0},
				{"appName": "Foodie", "usage": 0},
				{"appName": "삼성 인터넷", "usage": 0},
				{"appName": "시계", "usage": 0},
				{"appName": "Netflix", "usage": 0},
				{"appName": "지도", "usage": 0},
				{"appName": "Polar Beat", "usage": 0},
				{"appName": "Microsoft Band", "usage": 0},
				{"appName": "My Application1", "usage": 0},
				{"appName": "드라이브", "usage": 0},
				{"appName": "Paco", "usage": 0},
				{"appName": "빅스비 홈", "usage": 0},
				{"appName": "갤러리", "usage": 0},
				{"appName": "Duel Links", "usage": 0},
				{"appName": "메시지", "usage": 0},
				{"appName": "Between", "usage": 0},
				{"appName": "티켓링크", "usage": 0},
				{"appName": "야놀자", "usage": 0},
				{"appName": "Samsung Experience 홈", "usage": 0},
				{"appName": "Logger", "usage": 0},
				{"appName": "카카오톡", "usage": 0},
				{"appName": "ABC Logger", "usage": 0},
				{"appName": "시외버스 모바일", "usage": 0},
				{"appName": "Zenly", "usage": 0},
				{"appName": "KLMS", "usage": 0},
				{"appName": "설정", "usage": 0},
				{"appName": "Google Play 스토어", "usage": 0},
				{"appName": "Samsung Notes", "usage": 0},
				{"appName": "NH콕뱅크", "usage": 0},
				{"appName": "안드로이드 시스템", "usage": 0},
				{"appName": "포토 에디터", "usage": 0},
				{"appName": "좋은 카메라", "usage": 0},
				{"appName": "시스템 UI", "usage": 0},
				{"appName": "무비 메이커", "usage": 0},
				{"appName": "Samsung Pay", "usage": 0},
				{"appName": "Google Play 서비스", "usage": 0},
				{"appName": "삼성 캡처", "usage": 0},
				{"appName": "위비톡", "usage": 0},
				{"appName": "패키지 설치 프로그램", "usage": 0},
				{"appName": "The Day Before", "usage": 0}
			]
		},
		"lastPickup": {"time": 5}
	},
	{
		"date": 2,
		"totalTime": {
			"usage": 636,
			"details": [
				{"appName": "Duel Links", "usage": 177},
				{"appName": "YouTube", "usage": 110},
				{"appName": "Facebook", "usage": 85},
				{"appName": "카카오톡", "usage": 43},
				{"appName": "Samsung Experience 홈", "usage": 40},
				{"appName": "Polar Beat", "usage": 18},
				{"appName": "지도", "usage": 15},
				{"appName": "Between", "usage": 9},
				{"appName": "Paco", "usage": 6},
				{"appName": "Logger", "usage": 5},
				{"appName": "코레일톡", "usage": 5},
				{"appName": "엽기떡볶이", "usage": 4},
				{"appName": "Dropsync", "usage": 3},
				{"appName": "NH콕뱅크", "usage": 3},
				{"appName": "소프트웨어 업데이트", "usage": 3},
				{"appName": "Chrome", "usage": 3},
				{"appName": "알라미", "usage": 3},
				{"appName": "시외버스 모바일", "usage": 3},
				{"appName": "Zenly", "usage": 3},
				{"appName": "고속버스 모바일", "usage": 3},
				{"appName": "시스템 UI", "usage": 2},
				{"appName": "설정", "usage": 2},
				{"appName": "Google", "usage": 2},
				{"appName": "토스", "usage": 1},
				{"appName": "좋은 카메라", "usage": 1},
				{"appName": "버스타고", "usage": 1},
				{"appName": "야놀자", "usage": 1},
				{"appName": "날씨", "usage": 1},
				{"appName": "메시지", "usage": 1},
				{"appName": "Microsoft Band", "usage": 1},
				{"appName": "ABC Logger", "usage": 0},
				{"appName": "시계", "usage": 0},
				{"appName": "네이버 웹툰", "usage": 0},
				{"appName": "T전화", "usage": 0},
				{"appName": "디바이스 관리", "usage": 0},
				{"appName": "스트리트 뷰", "usage": 0},
				{"appName": "프렌즈레이싱", "usage": 0},
				{"appName": "빅스비 홈", "usage": 0},
				{"appName": "KB국민카드", "usage": 0},
				{"appName": "패키지 설치 프로그램", "usage": 0},
				{"appName": "Samsung Pay", "usage": 0},
				{"appName": "Smart​Things", "usage": 0},
				{"appName": "Arduino bluetooth controller", "usage": 0}
			]
		},
		"pickups": {"usage": 83},
		"downTime": {
			"usages": [
				{"hour": 1, "usage": 0},
				{"hour": 3, "usage": 20},
				{"hour": 4, "usage": 57},
				{"hour": 5, "usage": 35},
				{"hour": 6, "usage": 55},
				{"hour": 7, "usage": 59},
				{"hour": 8, "usage": 52},
				{"hour": 9, "usage": 53},
				{"hour": 10, "usage": 48},
				{"hour": 11, "usage": 11},
				{"hour": 12, "usage": 23},
				{"hour": 13, "usage": 14},
				{"hour": 14, "usage": 20},
				{"hour": 15, "usage": 7},
				{"hour": 16, "usage": 18},
				{"hour": 17, "usage": 36},
				{"hour": 18, "usage": 0},
				{"hour": 20, "usage": 10},
				{"hour": 21, "usage": 50},
				{"hour": 22, "usage": 0}
			],
			"details": [
				{"appName": "시스템 UI", "usage": [3, 4, 5, 6, 7, 8, 9, 10, 11, 12, 14, 15, 16, 17, 20, 21, 22]},
				{"appName": "Samsung Experience 홈", "usage": [3, 4, 5, 6, 7, 8, 9, 10, 11, 12, 13, 14, 15, 16, 20, 21, 22]},
				{"appName": "카카오톡", "usage": [3, 4, 5, 6, 7, 8, 9, 10, 11, 12, 13, 14, 15, 16, 20, 21]},
				{"appName": "YouTube", "usage": [3, 4, 5, 6, 7, 8, 9, 11, 14, 15, 16, 17, 20, 21]},
				{"appName": "Facebook", "usage": [3, 4, 5, 6, 7, 8, 9, 10, 11, 12, 13, 14, 16]},
				{"appName": "Polar Beat", "usage": [4, 5, 6, 7, 8, 9, 10, 12, 14]},
				{"appName": "Paco", "usage": [4, 5, 6, 7, 8, 9, 10, 11, 12]},
				{"appName": "Between", "usage": [3, 4, 5, 6, 7, 9, 13, 14, 16]},
				{"appName": "Duel Links", "usage": [5, 6, 7, 8, 9, 10, 14, 21]},
				{"appName": "Dropsync", "usage": [4, 7, 8, 9, 14]},
				{"appName": "패키지 설치 프로그램", "usage": [4, 7, 8, 14]},
				{"appName": "설정", "usage": [4, 7, 8, 14]},
				{"appName": "Zenly", "usage": [9, 13, 16, 17]},
				{"appName": "Logger", "usage": [4, 7, 8, 14]},
				{"appName": "ABC Logger", "usage": [4, 5, 7, 8]},
				{"appName": "코레일톡", "usage": [15, 16, 21]},
				{"appName": "지도", "usage": [16, 20, 21]},
				{"appName": "시외버스 모바일", "usage": [14, 15, 21]},
				{"appName": "시계", "usage": [21, 22, 23]},
				{"appName": "고속버스 모바일", "usage": [14, 15, 21]},
				{"appName": "Chrome", "usage": [4, 13, 21]},
				{"appName": "토스", "usage": [7, 11]},
				{"appName": "알라미", "usage": [21, 23]},
				{"appName": "스트리트 뷰", "usage": [4, 6]},
				{"appName": "빅스비 홈", "usage": [4, 8]},
				{"appName": "메시지", "usage": [4, 8]},
				{"appName": "T전화", "usage": [4, 10]},
				{"appName": "NH콕뱅크", "usage": [4, 7]},
				{"appName": "Microsoft Band", "usage": [4, 8]},
				{"appName": "Google", "usage": [4, 9]},
				{"appName": "프렌즈레이싱", "usage": [11]},
				{"appName": "좋은 카메라", "usage": [7]},
				{"appName": "엽기떡볶이", "usage": [6]},
				{"appName": "야놀자", "usage": [10]},
				{"appName": "소프트웨어 업데이트", "usage": [8]},
				{"appName": "버스타고", "usage": [14]},
				{"appName": "디바이스 관리", "usage": [7]},
				{"appName": "네이버 웹툰", "usage": [14]},
				{"appName": "날씨", "usage": [4]},
				{"appName": "Smart​Things", "usage": [6]},
				{"appName": "Samsung Pay", "usage": [7]},
				{"appName": "KB국민카드", "usage": [4]},
				{"appName": "Arduino bluetooth controller", "usage": [12]}
			]
		},
		"maxTime": {
			"usage": 76,
			"details": [
				{"appName": "Duel Links", "usage": 38},
				{"appName": "YouTube", "usage": 34},
				{"appName": "Facebook", "usage": 10},
				{"appName": "Polar Beat", "usage": 8},
				{"appName": "Samsung Experience 홈", "usage": 4},
				{"appName": "지도", "usage": 4},
				{"appName": "소프트웨어 업데이트", "usage": 3},
				{"appName": "카카오톡", "usage": 2},
				{"appName": "Google", "usage": 2},
				{"appName": "NH콕뱅크", "usage": 2},
				{"appName": "Paco", "usage": 2},
				{"appName": "코레일톡", "usage": 2},
				{"appName": "엽기떡볶이", "usage": 2},
				{"appName": "Between", "usage": 1},
				{"appName": "Chrome", "usage": 1},
				{"appName": "Dropsync", "usage": 1},
				{"appName": "버스타고", "usage": 1},
				{"appName": "좋은 카메라", "usage": 1},
				{"appName": "Zenly", "usage": 1},
				{"appName": "고속버스 모바일", "usage": 1},
				{"appName": "날씨", "usage": 0},
				{"appName": "Logger", "usage": 0},
				{"appName": "설정", "usage": 0},
				{"appName": "메시지", "usage": 0},
				{"appName": "야놀자", "usage": 0},
				{"appName": "알라미", "usage": 0},
				{"appName": "시외버스 모바일", "usage": 0},
				{"appName": "토스", "usage": 0},
				{"appName": "Microsoft Band", "usage": 0},
				{"appName": "시계", "usage": 0},
				{"appName": "ABC Logger", "usage": 0},
				{"appName": "네이버 웹툰", "usage": 0},
				{"appName": "T전화", "usage": 0},
				{"appName": "시스템 UI", "usage": 0},
				{"appName": "스트리트 뷰", "usage": 0},
				{"appName": "프렌즈레이싱", "usage": 0},
				{"appName": "디바이스 관리", "usage": 0},
				{"appName": "빅스비 홈", "usage": 0},
				{"appName": "KB국민카드", "usage": 0},
				{"appName": "Samsung Pay", "usage": 0},
				{"appName": "Smart​Things", "usage": 0},
				{"appName": "Arduino bluetooth controller", "usage": 0},
				{"appName": "패키지 설치 프로그램", "usage": 0}
			]
		},
		"avgTime": {
			"usage": 7,
			"details": [
				{"appName": "Duel Links", "usage": 9},
				{"appName": "소프트웨어 업데이트", "usage": 3},
				{"appName": "YouTube", "usage": 3},
				{"appName": "지도", "usage": 1},
				{"appName": "엽기떡볶이", "usage": 1},
				{"appName": "Google", "usage": 0},
				{"appName": "Facebook", "usage": 0},
				{"appName": "Dropsync", "usage": 0},
				{"appName": "버스타고", "usage": 0},
				{"appName": "Zenly", "usage": 0},
				{"appName": "Polar Beat", "usage": 0},
				{"appName": "코레일톡", "usage": 0},
				{"appName": "Chrome", "usage": 0},
				{"appName": "날씨", "usage": 0},
				{"appName": "메시지", "usage": 0},
				{"appName": "좋은 카메라", "usage": 0},
				{"appName": "Paco", "usage": 0},
				{"appName": "Logger", "usage": 0},
				{"appName": "알라미", "usage": 0},
				{"appName": "Between", "usage": 0},
				{"appName": "네이버 웹툰", "usage": 0},
				{"appName": "T전화", "usage": 0},
				{"appName": "Samsung Experience 홈", "usage": 0},
				{"appName": "야놀자", "usage": 0},
				{"appName": "NH콕뱅크", "usage": 0},
				{"appName": "Microsoft Band", "usage": 0},
				{"appName": "카카오톡", "usage": 0},
				{"appName": "시외버스 모바일", "usage": 0},
				{"appName": "고속버스 모바일", "usage": 0},
				{"appName": "시계", "usage": 0},
				{"appName": "토스", "usage": 0},
				{"appName": "설정", "usage": 0},
				{"appName": "프렌즈레이싱", "usage": 0},
				{"appName": "ABC Logger", "usage": 0},
				{"appName": "스트리트 뷰", "usage": 0},
				{"appName": "디바이스 관리", "usage": 0},
				{"appName": "시스템 UI", "usage": 0},
				{"appName": "KB국민카드", "usage": 0},
				{"appName": "Smart​Things", "usage": 0},
				{"appName": "Arduino bluetooth controller", "usage": 0},
				{"appName": "빅스비 홈", "usage": 0},
				{"appName": "Samsung Pay", "usage": 0},
				{"appName": "패키지 설치 프로그램", "usage": 0}
			]
		},
		"lastPickup": {"time": 59}
	},
	{
		"date": 3,
		"totalTime": {
			"usage": 612,
			"details": [
				{"appName": "Duel Links", "usage": 256},
				{"appName": "Facebook", "usage": 39},
				{"appName": "카카오톡", "usage": 38},
				{"appName": "Samsung Experience 홈", "usage": 27},
				{"appName": "고속버스 모바일", "usage": 20},
				{"appName": "배달의민족", "usage": 18},
				{"appName": "지도", "usage": 17},
				{"appName": "코레일톡", "usage": 14},
				{"appName": "Duo", "usage": 11},
				{"appName": "Chrome", "usage": 10},
				{"appName": "YouTube", "usage": 9},
				{"appName": "Google", "usage": 6},
				{"appName": "Between", "usage": 5},
				{"appName": "Polar Beat", "usage": 5},
				{"appName": "Paco", "usage": 5},
				{"appName": "카카오 T", "usage": 4},
				{"appName": "패키지 설치 프로그램", "usage": 3},
				{"appName": "Dropsync", "usage": 3},
				{"appName": "설정", "usage": 3},
				{"appName": "Logger", "usage": 2},
				{"appName": "T전화", "usage": 2},
				{"appName": "시스템 UI", "usage": 1},
				{"appName": "메시지", "usage": 0},
				{"appName": "Foodie", "usage": 0},
				{"appName": "Zenly", "usage": 0},
				{"appName": "시외버스 모바일", "usage": 0},
				{"appName": "토스", "usage": 0},
				{"appName": "알라미", "usage": 0},
				{"appName": "Microsoft Band", "usage": 0},
				{"appName": "Polaris Office", "usage": 0},
				{"appName": "빅스비 홈", "usage": 0},
				{"appName": "Google Play 서비스", "usage": 0},
				{"appName": "ABC Logger", "usage": 0},
				{"appName": "삼성 캡처", "usage": 0},
				{"appName": "소프트웨어 업데이트", "usage": 0},
				{"appName": "Google Play 스토어", "usage": 0},
				{"appName": "디바이스 관리", "usage": 0},
				{"appName": "티켓링크", "usage": 0},
				{"appName": "AhnLab V3 Mobile Plus 2.0", "usage": 0},
				{"appName": "올원페이 (앱카드)", "usage": 0},
				{"appName": "시계", "usage": 0}
			]
		},
		"pickups": {"usage": 165},
		"downTime": {
			"usages": [
				{"hour": 0, "usage": 48},
				{"hour": 1, "usage": 39},
				{"hour": 2, "usage": 46},
				{"hour": 3, "usage": 42},
				{"hour": 4, "usage": 7},
				{"hour": 5, "usage": 4},
				{"hour": 7, "usage": 21},
				{"hour": 8, "usage": 8},
				{"hour": 9, "usage": 31},
				{"hour": 10, "usage": 23},
				{"hour": 11, "usage": 27},
				{"hour": 12, "usage": 0},
				{"hour": 13, "usage": 33},
				{"hour": 14, "usage": 6},
				{"hour": 15, "usage": 21},
				{"hour": 16, "usage": 29},
				{"hour": 17, "usage": 17},
				{"hour": 18, "usage": 60},
				{"hour": 19, "usage": 60},
				{"hour": 20, "usage": 22},
				{"hour": 21, "usage": 0}
			],
			"details": [
				{"appName": "Samsung Experience 홈", "usage": [0, 1, 2, 3, 4, 5, 7, 8, 9, 10, 11, 12, 13, 14, 15, 16, 17, 20, 21]},
				{"appName": "카카오톡", "usage": [0, 1, 2, 3, 5, 7, 8, 9, 10, 11, 13, 15, 16, 17, 21]},
				{"appName": "시스템 UI", "usage": [1, 2, 3, 4, 5, 10, 11, 13, 15, 16, 17]},
				{"appName": "Duel Links", "usage": [1, 2, 3, 13, 14, 16, 17, 18, 19, 20]},
				{"appName": "Facebook", "usage": [2, 3, 7, 9, 10, 11, 13, 15, 16]},
				{"appName": "설정", "usage": [0, 2, 3, 10, 11, 13, 15]},
				{"appName": "Paco", "usage": [2, 5, 7, 8, 9, 10, 11]},
				{"appName": "Chrome", "usage": [3, 4, 5, 7, 8, 10, 11]},
				{"appName": "패키지 설치 프로그램", "usage": [2, 3, 4, 10, 20, 21]},
				{"appName": "고속버스 모바일", "usage": [0, 2, 10, 11, 13]},
				{"appName": "YouTube", "usage": [1, 2, 3, 16, 17]},
				{"appName": "Polar Beat", "usage": [3, 4, 10, 11, 13]},
				{"appName": "Between", "usage": [0, 2, 3, 13, 15]},
				{"appName": "지도", "usage": [2, 3, 4, 9]},
				{"appName": "배달의민족", "usage": [10, 11, 12, 13]},
				{"appName": "Logger", "usage": [2, 3, 4, 10]},
				{"appName": "Dropsync", "usage": [3, 11, 13]},
				{"appName": "코레일톡", "usage": [0, 1]},
				{"appName": "메시지", "usage": [2, 11]},
				{"appName": "Google", "usage": [20, 21]},
				{"appName": "티켓링크", "usage": [13]},
				{"appName": "토스", "usage": [13]},
				{"appName": "카카오 T", "usage": [1]},
				{"appName": "올원페이 (앱카드)", "usage": [10]},
				{"appName": "알라미", "usage": [23]},
				{"appName": "시외버스 모바일", "usage": [2]},
				{"appName": "시계", "usage": [23]},
				{"appName": "소프트웨어 업데이트", "usage": [8]},
				{"appName": "삼성 캡처", "usage": [7]},
				{"appName": "빅스비 홈", "usage": [13]},
				{"appName": "디바이스 관리", "usage": [7]},
				{"appName": "Zenly", "usage": [2]},
				{"appName": "T전화", "usage": [11]},
				{"appName": "Polaris Office", "usage": [1]},
				{"appName": "Microsoft Band", "usage": [1]},
				{"appName": "Google Play 스토어", "usage": [11]},
				{"appName": "Google Play 서비스", "usage": [7]},
				{"appName": "Foodie", "usage": [4]},
				{"appName": "Duo", "usage": [9]},
				{"appName": "AhnLab V3 Mobile Plus 2.0", "usage": [10]},
				{"appName": "ABC Logger", "usage": [2]}
			]
		},
		"maxTime": {
			"usage": 160,
			"details": [
				{"appName": "Duel Links", "usage": 149},
				{"appName": "Duo", "usage": 11},
				{"appName": "지도", "usage": 9},
				{"appName": "Samsung Experience 홈", "usage": 8},
				{"appName": "Facebook", "usage": 6},
				{"appName": "Google", "usage": 5},
				{"appName": "고속버스 모바일", "usage": 3},
				{"appName": "카카오톡", "usage": 3},
				{"appName": "패키지 설치 프로그램", "usage": 3},
				{"appName": "배달의민족", "usage": 3},
				{"appName": "코레일톡", "usage": 3},
				{"appName": "카카오 T", "usage": 3},
				{"appName": "Chrome", "usage": 3},
				{"appName": "Between", "usage": 2},
				{"appName": "Polar Beat", "usage": 1},
				{"appName": "YouTube", "usage": 1},
				{"appName": "Dropsync", "usage": 1},
				{"appName": "Paco", "usage": 1},
				{"appName": "Logger", "usage": 1},
				{"appName": "설정", "usage": 1},
				{"appName": "Foodie", "usage": 0},
				{"appName": "T전화", "usage": 0},
				{"appName": "Zenly", "usage": 0},
				{"appName": "알라미", "usage": 0},
				{"appName": "시외버스 모바일", "usage": 0},
				{"appName": "토스", "usage": 0},
				{"appName": "메시지", "usage": 0},
				{"appName": "Microsoft Band", "usage": 0},
				{"appName": "Polaris Office", "usage": 0},
				{"appName": "빅스비 홈", "usage": 0},
				{"appName": "시스템 UI", "usage": 0},
				{"appName": "Google Play 서비스", "usage": 0},
				{"appName": "ABC Logger", "usage": 0},
				{"appName": "삼성 캡처", "usage": 0},
				{"appName": "소프트웨어 업데이트", "usage": 0},
				{"appName": "Google Play 스토어", "usage": 0},
				{"appName": "디바이스 관리", "usage": 0},
				{"appName": "티켓링크", "usage": 0},
				{"appName": "AhnLab V3 Mobile Plus 2.0", "usage": 0},
				{"appName": "올원페이 (앱카드)", "usage": 0},
				{"appName": "시계", "usage": 0}
			]
		},
		"avgTime": {
			"usage": 3,
			"details": [
				{"appName": "Duel Links", "usage": 11},
				{"appName": "Duo", "usage": 3},
				{"appName": "지도", "usage": 1},
				{"appName": "Foodie", "usage": 0},
				{"appName": "Google", "usage": 0},
				{"appName": "Facebook", "usage": 0},
				{"appName": "코레일톡", "usage": 0},
				{"appName": "Chrome", "usage": 0},
				{"appName": "Dropsync", "usage": 0},
				{"appName": "YouTube", "usage": 0},
				{"appName": "패키지 설치 프로그램", "usage": 0},
				{"appName": "Polar Beat", "usage": 0},
				{"appName": "배달의민족", "usage": 0},
				{"appName": "Zenly", "usage": 0},
				{"appName": "고속버스 모바일", "usage": 0},
				{"appName": "카카오 T", "usage": 0},
				{"appName": "Paco", "usage": 0},
				{"appName": "알라미", "usage": 0},
				{"appName": "T전화", "usage": 0},
				{"appName": "Between", "usage": 0},
				{"appName": "메시지", "usage": 0},
				{"appName": "Microsoft Band", "usage": 0},
				{"appName": "설정", "usage": 0},
				{"appName": "Polaris Office", "usage": 0},
				{"appName": "Logger", "usage": 0},
				{"appName": "토스", "usage": 0},
				{"appName": "Samsung Experience 홈", "usage": 0},
				{"appName": "시외버스 모바일", "usage": 0},
				{"appName": "카카오톡", "usage": 0},
				{"appName": "Google Play 서비스", "usage": 0},
				{"appName": "빅스비 홈", "usage": 0},
				{"appName": "ABC Logger", "usage": 0},
				{"appName": "시스템 UI", "usage": 0},
				{"appName": "삼성 캡처", "usage": 0},
				{"appName": "디바이스 관리", "usage": 0},
				{"appName": "티켓링크", "usage": 0},
				{"appName": "소프트웨어 업데이트", "usage": 0},
				{"appName": "Google Play 스토어", "usage": 0},
				{"appName": "올원페이 (앱카드)", "usage": 0},
				{"appName": "AhnLab V3 Mobile Plus 2.0", "usage": 0},
				{"appName": "시계", "usage": 0}
			]
		},
		"lastPickup": {"time": 59}
	},
	{
		"date": 4,
		"totalTime": {
			"usage": 756,
			"details": [
				{"appName": "Duel Links", "usage": 419},
				{"appName": "Facebook", "usage": 103},
				{"appName": "카카오톡", "usage": 42},
				{"appName": "Netflix", "usage": 38},
				{"appName": "네이버 웹툰", "usage": 33},
				{"appName": "Samsung Experience 홈", "usage": 31},
				{"appName": "Polar Beat", "usage": 21},
				{"appName": "YouTube", "usage": 19},
				{"appName": "T전화", "usage": 16},
				{"appName": "Chrome", "usage": 11},
				{"appName": "Between", "usage": 10},
				{"appName": "토스", "usage": 6},
				{"appName": "KLMS", "usage": 6},
				{"appName": "Paco", "usage": 5},
				{"appName": "Dropsync", "usage": 2},
				{"appName": "시스템 UI", "usage": 1},
				{"appName": "빅스비 홈", "usage": 1},
				{"appName": "설정", "usage": 1},
				{"appName": "비디오 플레이어", "usage": 1},
				{"appName": "계산기", "usage": 0},
				{"appName": "시계", "usage": 0},
				{"appName": "Microsoft Band", "usage": 0},
				{"appName": "좋은 카메라", "usage": 0},
				{"appName": "알라미", "usage": 0},
				{"appName": "소프트웨어 업데이트", "usage": 0},
				{"appName": "내 파일", "usage": 0},
				{"appName": "Logger", "usage": 0},
				{"appName": "CaptivePortalLogin", "usage": 0},
				{"appName": "안드로이드 시스템", "usage": 0},
				{"appName": "ABC Logger", "usage": 0},
				{"appName": "패키지 설치 프로그램", "usage": 0},
				{"appName": "디바이스 관리", "usage": 0},
				{"appName": "파인더", "usage": 0},
				{"appName": "MTP 애플리케이션", "usage": 0},
				{"appName": "Samsung Pay", "usage": 0},
				{"appName": "Google Play 서비스", "usage": 0},
				{"appName": "Google Play 스토어", "usage": 0},
				{"appName": "zet", "usage": 0},
				{"appName": "The Day Before", "usage": 0}
			]
		},
		"pickups": {"usage": 227},
		"downTime": {
			"usages": [
				{"hour": 1, "usage": 49},
				{"hour": 2, "usage": 43},
				{"hour": 3, "usage": 49},
				{"hour": 4, "usage": 54},
				{"hour": 5, "usage": 37},
				{"hour": 6, "usage": 32},
				{"hour": 7, "usage": 47},
				{"hour": 8, "usage": 60},
				{"hour": 9, "usage": 27},
				{"hour": 10, "usage": 11},
				{"hour": 11, "usage": 8},
				{"hour": 12, "usage": 2},
				{"hour": 13, "usage": 28},
				{"hour": 14, "usage": 6},
				{"hour": 15, "usage": 60},
				{"hour": 16, "usage": 60},
				{"hour": 17, "usage": 36},
				{"hour": 18, "usage": 14},
				{"hour": 19, "usage": 5},
				{"hour": 20, "usage": 7},
				{"hour": 21, "usage": 57},
				{"hour": 22, "usage": 20},
				{"hour": 23, "usage": 32}
			],
			"details": [
				{"appName": "Samsung Experience 홈", "usage": [0, 1, 2, 3, 4, 5, 6, 7, 8, 9, 10, 11, 12, 13, 14, 15, 16, 17, 18, 19, 20, 21, 23]},
				{"appName": "카카오톡", "usage": [0, 1, 2, 3, 4, 5, 6, 7, 9, 10, 11, 12, 13, 14, 15, 16, 17, 18, 19, 20]},
				{"appName": "Duel Links", "usage": [0, 1, 2, 3, 5, 6, 7, 8, 9, 15, 16, 17, 20, 21, 22, 23]},
				{"appName": "시스템 UI", "usage": [1, 2, 3, 4, 5, 6, 7, 8, 10, 12, 13, 15, 16, 17, 23]},
				{"appName": "Facebook", "usage": [0, 1, 4, 5, 7, 9, 10, 11, 13, 14, 15, 16, 17, 18, 19]},
				{"appName": "Between", "usage": [0, 2, 3, 4, 5, 6, 7, 10, 13, 14, 21]},
				{"appName": "Polar Beat", "usage": [3, 4, 5, 8, 9, 11, 13, 14, 16]},
				{"appName": "YouTube", "usage": [3, 4, 7, 9, 10, 13, 15, 16]},
				{"appName": "Paco", "usage": [3, 5, 6, 7, 8, 9, 13]},
				{"appName": "설정", "usage": [0, 3, 5, 15, 16, 23]},
				{"appName": "T전화", "usage": [3, 4, 5, 9, 11, 13]},
				{"appName": "패키지 설치 프로그램", "usage": [3, 5, 8, 9, 10]},
				{"appName": "Dropsync", "usage": [3, 4, 15, 16]},
				{"appName": "시계", "usage": [21, 22, 23]},
				{"appName": "Microsoft Band", "usage": [3, 5, 9]},
				{"appName": "Logger", "usage": [3, 5, 8]},
				{"appName": "Chrome", "usage": [6, 10, 15]},
				{"appName": "소프트웨어 업데이트", "usage": [11, 12]},
				{"appName": "디바이스 관리", "usage": [13, 14]},
				{"appName": "네이버 웹툰", "usage": [16, 17]},
				{"appName": "Netflix", "usage": [4, 5]},
				{"appName": "KLMS", "usage": [4, 23]},
				{"appName": "Google Play 스토어", "usage": [4, 23]},
				{"appName": "ABC Logger", "usage": [3, 5]},
				{"appName": "파인더", "usage": [4]},
				{"appName": "토스", "usage": [2]},
				{"appName": "좋은 카메라", "usage": [10]},
				{"appName": "알라미", "usage": [0]},
				{"appName": "안드로이드 시스템", "usage": [10]},
				{"appName": "빅스비 홈", "usage": [5]},
				{"appName": "비디오 플레이어", "usage": [9]},
				{"appName": "내 파일", "usage": [4]},
				{"appName": "계산기", "usage": [6]},
				{"appName": "zet", "usage": [3]},
				{"appName": "The Day Before", "usage": [0]},
				{"appName": "Samsung Pay", "usage": [15]},
				{"appName": "MTP 애플리케이션", "usage": [2]},
				{"appName": "Google Play 서비스", "usage": [3]},
				{"appName": "CaptivePortalLogin", "usage": [11]}
			]
		},
		"maxTime": {
			"usage": 157,
			"details": [
				{"appName": "Duel Links", "usage": 74},
				{"appName": "Netflix", "usage": 20},
				{"appName": "Facebook", "usage": 11},
				{"appName": "Polar Beat", "usage": 9},
				{"appName": "KLMS", "usage": 6},
				{"appName": "Samsung Experience 홈", "usage": 5},
				{"appName": "카카오톡", "usage": 5},
				{"appName": "T전화", "usage": 5},
				{"appName": "토스", "usage": 4},
				{"appName": "Chrome", "usage": 4},
				{"appName": "네이버 웹툰", "usage": 4},
				{"appName": "YouTube", "usage": 3},
				{"appName": "Dropsync", "usage": 1},
				{"appName": "Paco", "usage": 1},
				{"appName": "Between", "usage": 1},
				{"appName": "비디오 플레이어", "usage": 1},
				{"appName": "계산기", "usage": 0},
				{"appName": "빅스비 홈", "usage": 0},
				{"appName": "알라미", "usage": 0},
				{"appName": "설정", "usage": 0},
				{"appName": "시계", "usage": 0},
				{"appName": "소프트웨어 업데이트", "usage": 0},
				{"appName": "내 파일", "usage": 0},
				{"appName": "Microsoft Band", "usage": 0},
				{"appName": "안드로이드 시스템", "usage": 0},
				{"appName": "CaptivePortalLogin", "usage": 0},
				{"appName": "좋은 카메라", "usage": 0},
				{"appName": "ABC Logger", "usage": 0},
				{"appName": "Logger", "usage": 0},
				{"appName": "시스템 UI", "usage": 0},
				{"appName": "디바이스 관리", "usage": 0},
				{"appName": "Samsung Pay", "usage": 0},
				{"appName": "Google Play 서비스", "usage": 0},
				{"appName": "Google Play 스토어", "usage": 0},
				{"appName": "파인더", "usage": 0},
				{"appName": "패키지 설치 프로그램", "usage": 0},
				{"appName": "MTP 애플리케이션", "usage": 0},
				{"appName": "zet", "usage": 0},
				{"appName": "The Day Before", "usage": 0}
			]
		},
		"avgTime": {
			"usage": 3,
			"details": [
				{"appName": "Duel Links", "usage": 12},
				{"appName": "Netflix", "usage": 3},
				{"appName": "Facebook", "usage": 1},
				{"appName": "계산기", "usage": 0},
				{"appName": "네이버 웹툰", "usage": 0},
				{"appName": "알라미", "usage": 0},
				{"appName": "YouTube", "usage": 0},
				{"appName": "비디오 플레이어", "usage": 0},
				{"appName": "KLMS", "usage": 0},
				{"appName": "Chrome", "usage": 0},
				{"appName": "토스", "usage": 0},
				{"appName": "내 파일", "usage": 0},
				{"appName": "T전화", "usage": 0},
				{"appName": "Polar Beat", "usage": 0},
				{"appName": "빅스비 홈", "usage": 0},
				{"appName": "Dropsync", "usage": 0},
				{"appName": "안드로이드 시스템", "usage": 0},
				{"appName": "Paco", "usage": 0},
				{"appName": "Between", "usage": 0},
				{"appName": "Samsung Experience 홈", "usage": 0},
				{"appName": "소프트웨어 업데이트", "usage": 0},
				{"appName": "Microsoft Band", "usage": 0},
				{"appName": "시계", "usage": 0},
				{"appName": "CaptivePortalLogin", "usage": 0},
				{"appName": "카카오톡", "usage": 0},
				{"appName": "설정", "usage": 0},
				{"appName": "좋은 카메라", "usage": 0},
				{"appName": "ABC Logger", "usage": 0},
				{"appName": "디바이스 관리", "usage": 0},
				{"appName": "Samsung Pay", "usage": 0},
				{"appName": "Google Play 서비스", "usage": 0},
				{"appName": "Logger", "usage": 0},
				{"appName": "파인더", "usage": 0},
				{"appName": "시스템 UI", "usage": 0},
				{"appName": "패키지 설치 프로그램", "usage": 0},
				{"appName": "Google Play 스토어", "usage": 0},
				{"appName": "zet", "usage": 0},
				{"appName": "MTP 애플리케이션", "usage": 0},
				{"appName": "The Day Before", "usage": 0}
			]
		},
		"lastPickup": {"time": 5}
	},
	{
		"date": 5,
		"totalTime": {
			"usage": 666,
			"details": [
				{"appName": "Duel Links", "usage": 300},
				{"appName": "Facebook", "usage": 101},
				{"appName": "YouTube", "usage": 53},
				{"appName": "카카오톡", "usage": 53},
				{"appName": "Samsung Experience 홈", "usage": 34},
				{"appName": "드라이브", "usage": 20},
				{"appName": "네이버 웹툰", "usage": 15},
				{"appName": "Polar Beat", "usage": 14},
				{"appName": "시계", "usage": 11},
				{"appName": "Between", "usage": 10},
				{"appName": "Paco", "usage": 5},
				{"appName": "계산기", "usage": 5},
				{"appName": "T전화", "usage": 4},
				{"appName": "갤러리", "usage": 2},
				{"appName": "Chrome", "usage": 1},
				{"appName": "시스템 UI", "usage": 1},
				{"appName": "좋은 카메라", "usage": 1},
				{"appName": "빅스비 홈", "usage": 0},
				{"appName": "KLMS", "usage": 0},
				{"appName": "Dropsync", "usage": 0},
				{"appName": "설정", "usage": 0},
				{"appName": "Logger", "usage": 0},
				{"appName": "Samsung Pay", "usage": 0},
				{"appName": "Zenly", "usage": 0},
				{"appName": "Smart​Things", "usage": 0},
				{"appName": "Microsoft Band", "usage": 0},
				{"appName": "디바이스 관리", "usage": 0},
				{"appName": "메시지", "usage": 0},
				{"appName": "ABC Logger", "usage": 0},
				{"appName": "패키지 설치 프로그램", "usage": 0},
				{"appName": "삼성 캡처", "usage": 0}
			]
		},
		"pickups": {"usage": 222},
		"downTime": {
			"usages": [
				{"hour": 0, "usage": 7},
				{"hour": 1, "usage": 8},
				{"hour": 2, "usage": 1},
				{"hour": 3, "usage": 49},
				{"hour": 4, "usage": 19},
				{"hour": 5, "usage": 18},
				{"hour": 6, "usage": 32},
				{"hour": 7, "usage": 20},
				{"hour": 8, "usage": 11},
				{"hour": 9, "usage": 26},
				{"hour": 10, "usage": 28},
				{"hour": 11, "usage": 18},
				{"hour": 12, "usage": 6},
				{"hour": 13, "usage": 13},
				{"hour": 14, "usage": 13},
				{"hour": 15, "usage": 39},
				{"hour": 16, "usage": 52},
				{"hour": 17, "usage": 20},
				{"hour": 18, "usage": 58},
				{"hour": 19, "usage": 60},
				{"hour": 20, "usage": 60},
				{"hour": 21, "usage": 60},
				{"hour": 22, "usage": 9},
				{"hour": 23, "usage": 27}
			],
			"details": [
				{"appName": "카카오톡", "usage": [0, 1, 2, 3, 4, 5, 6, 7, 8, 9, 10, 11, 12, 13, 14, 15, 16, 17, 18, 23]},
				{"appName": "Samsung Experience 홈", "usage": [0, 1, 2, 3, 4, 5, 6, 7, 8, 9, 10, 11, 12, 13, 14, 15, 16, 17, 18, 23]},
				{"appName": "시스템 UI", "usage": [3, 6, 7, 9, 10, 11, 12, 13, 14, 15, 16, 17, 18, 23]},
				{"appName": "Facebook", "usage": [1, 3, 4, 6, 7, 8, 9, 10, 14, 15, 16, 17, 18, 23]},
				{"appName": "Between", "usage": [0, 1, 3, 5, 8, 9, 10, 11, 12, 13, 14, 15]},
				{"appName": "Polar Beat", "usage": [1, 3, 4, 5, 6, 7, 8, 10, 14, 15, 16]},
				{"appName": "Paco", "usage": [1, 3, 4, 5, 7, 8, 10, 11, 12, 15]},
				{"appName": "Duel Links", "usage": [3, 4, 10, 11, 18, 19, 20, 21, 22, 23]},
				{"appName": "패키지 설치 프로그램", "usage": [1, 3, 5, 8, 15, 23]},
				{"appName": "설정", "usage": [1, 4, 9, 16, 18]},
				{"appName": "T전화", "usage": [9, 10, 12, 14, 15]},
				{"appName": "좋은 카메라", "usage": [5, 8, 15, 23]},
				{"appName": "시계", "usage": [0, 18, 22, 23]},
				{"appName": "네이버 웹툰", "usage": [10, 12, 15, 17]},
				{"appName": "YouTube", "usage": [15, 16, 23]},
				{"appName": "Dropsync", "usage": [3, 7, 15]},
				{"appName": "Chrome", "usage": [7, 9, 15]},
				{"appName": "메시지", "usage": [2, 4]},
				{"appName": "드라이브", "usage": [6, 7]},
				{"appName": "Samsung Pay", "usage": [3, 23]},
				{"appName": "Logger", "usage": [1, 3]},
				{"appName": "KLMS", "usage": [6, 7]},
				{"appName": "삼성 캡처", "usage": [10]},
				{"appName": "빅스비 홈", "usage": [9]},
				{"appName": "디바이스 관리", "usage": [17]},
				{"appName": "계산기", "usage": [13]},
				{"appName": "갤러리", "usage": [7]},
				{"appName": "Zenly", "usage": [23]},
				{"appName": "Smart​Things", "usage": [14]},
				{"appName": "Microsoft Band", "usage": [1]},
				{"appName": "ABC Logger", "usage": [1]}
			]
		},
		"maxTime": {
			"usage": 247,
			"details": [
				{"appName": "Duel Links", "usage": 242},
				{"appName": "YouTube", "usage": 35},
				{"appName": "드라이브", "usage": 14},
				{"appName": "Facebook", "usage": 9},
				{"appName": "Polar Beat", "usage": 7},
				{"appName": "네이버 웹툰", "usage": 7},
				{"appName": "Samsung Experience 홈", "usage": 5},
				{"appName": "시계", "usage": 5},
				{"appName": "계산기", "usage": 5},
				{"appName": "카카오톡", "usage": 3},
				{"appName": "갤러리", "usage": 2},
				{"appName": "T전화", "usage": 2},
				{"appName": "Paco", "usage": 1},
				{"appName": "Chrome", "usage": 1},
				{"appName": "Between", "usage": 0},
				{"appName": "빅스비 홈", "usage": 0},
				{"appName": "시스템 UI", "usage": 0},
				{"appName": "Dropsync", "usage": 0},
				{"appName": "Logger", "usage": 0},
				{"appName": "Samsung Pay", "usage": 0},
				{"appName": "좋은 카메라", "usage": 0},
				{"appName": "Zenly", "usage": 0},
				{"appName": "KLMS", "usage": 0},
				{"appName": "설정", "usage": 0},
				{"appName": "Microsoft Band", "usage": 0},
				{"appName": "메시지", "usage": 0},
				{"appName": "디바이스 관리", "usage": 0},
				{"appName": "Smart​Things", "usage": 0},
				{"appName": "ABC Logger", "usage": 0},
				{"appName": "패키지 설치 프로그램", "usage": 0},
				{"appName": "삼성 캡처", "usage": 0}
			]
		},
		"avgTime": {
			"usage": 3,
			"details": [
				{"appName": "Duel Links", "usage": 15},
				{"appName": "YouTube", "usage": 5},
				{"appName": "계산기", "usage": 5},
				{"appName": "드라이브", "usage": 4},
				{"appName": "갤러리", "usage": 2},
				{"appName": "Facebook", "usage": 0},
				{"appName": "빅스비 홈", "usage": 0},
				{"appName": "네이버 웹툰", "usage": 0},
				{"appName": "Polar Beat", "usage": 0},
				{"appName": "시계", "usage": 0},
				{"appName": "T전화", "usage": 0},
				{"appName": "Chrome", "usage": 0},
				{"appName": "Zenly", "usage": 0},
				{"appName": "Dropsync", "usage": 0},
				{"appName": "Paco", "usage": 0},
				{"appName": "Samsung Experience 홈", "usage": 0},
				{"appName": "Between", "usage": 0},
				{"appName": "Logger", "usage": 0},
				{"appName": "카카오톡", "usage": 0},
				{"appName": "Microsoft Band", "usage": 0},
				{"appName": "디바이스 관리", "usage": 0},
				{"appName": "메시지", "usage": 0},
				{"appName": "Samsung Pay", "usage": 0},
				{"appName": "KLMS", "usage": 0},
				{"appName": "설정", "usage": 0},
				{"appName": "좋은 카메라", "usage": 0},
				{"appName": "시스템 UI", "usage": 0},
				{"appName": "ABC Logger", "usage": 0},
				{"appName": "Smart​Things", "usage": 0},
				{"appName": "패키지 설치 프로그램", "usage": 0},
				{"appName": "삼성 캡처", "usage": 0}
			]
		},
		"lastPickup": {"time": 0}
	},
	{
		"date": 6,
		"totalTime": {
			"usage": 492,
			"details": [
				{"appName": "Facebook", "usage": 128},
				{"appName": "Duel Links", "usage": 106},
				{"appName": "카카오톡", "usage": 80},
				{"appName": "Samsung Experience 홈", "usage": 44},
				{"appName": "T전화", "usage": 40},
				{"appName": "YouTube", "usage": 22},
				{"appName": "Dropsync", "usage": 15},
				{"appName": "Between", "usage": 14},
				{"appName": "Polar Beat", "usage": 5},
				{"appName": "Samsung Pay", "usage": 5},
				{"appName": "계산기", "usage": 4},
				{"appName": "시스템 UI", "usage": 3},
				{"appName": "메시지", "usage": 2},
				{"appName": "Paco", "usage": 2},
				{"appName": "설정", "usage": 1},
				{"appName": "Zenly", "usage": 1},
				{"appName": "Chrome", "usage": 1},
				{"appName": "시계", "usage": 1},
				{"appName": "비디오 플레이어", "usage": 0},
				{"appName": "갤러리", "usage": 0},
				{"appName": "빅스비 홈", "usage": 0},
				{"appName": "Logger", "usage": 0},
				{"appName": "삼성 캡처", "usage": 0},
				{"appName": "Microsoft Band", "usage": 0},
				{"appName": "ABC Logger", "usage": 0},
				{"appName": "소프트웨어 업데이트", "usage": 0},
				{"appName": "포토", "usage": 0},
				{"appName": "코레일톡", "usage": 0},
				{"appName": "엽기떡볶이", "usage": 0},
				{"appName": "Workspace", "usage": 0},
				{"appName": "패키지 설치 프로그램", "usage": 0},
				{"appName": "The Day Before", "usage": 0},
				{"appName": "Google Play 서비스", "usage": 0}
			]
		},
		"pickups": {"usage": 175},
		"downTime": {
			"usages": [
				{"hour": 0, "usage": 52},
				{"hour": 1, "usage": 49},
				{"hour": 2, "usage": 39},
				{"hour": 3, "usage": 50},
				{"hour": 4, "usage": 32},
				{"hour": 5, "usage": 54},
				{"hour": 6, "usage": 19},
				{"hour": 7, "usage": 21},
				{"hour": 8, "usage": 21},
				{"hour": 9, "usage": 11},
				{"hour": 10, "usage": 6},
				{"hour": 11, "usage": 20},
				{"hour": 12, "usage": 7},
				{"hour": 13, "usage": 23},
				{"hour": 14, "usage": 48},
				{"hour": 15, "usage": 1},
				{"hour": 16, "usage": 2},
				{"hour": 17, "usage": 30},
				{"hour": 22, "usage": 0}
			],
			"details": [
				{"appName": "Samsung Experience 홈", "usage": [0, 1, 2, 3, 4, 5, 6, 7, 8, 9, 10, 11, 12, 13, 14, 15, 16, 17]},
				{"appName": "카카오톡", "usage": [0, 1, 2, 3, 4, 5, 6, 7, 8, 9, 10, 11, 12, 13, 14, 17]},
				{"appName": "Polar Beat", "usage": [1, 3, 4, 5, 6, 7, 9, 11, 12, 15, 16, 17]},
				{"appName": "Facebook", "usage": [0, 1, 3, 4, 5, 6, 7, 8, 9, 10, 11, 14]},
				{"appName": "Between", "usage": [0, 3, 4, 5, 7, 8, 9, 10, 11, 14]},
				{"appName": "시스템 UI", "usage": [0, 1, 2, 3, 4, 5, 6, 14, 16]},
				{"appName": "Paco", "usage": [2, 3, 4, 5, 6, 7, 9, 11]},
				{"appName": "T전화", "usage": [4, 7, 9, 12, 13, 14, 16]},
				{"appName": "YouTube", "usage": [1, 3, 4, 6, 7, 17]},
				{"appName": "Duel Links", "usage": [0, 1, 2, 3, 7]},
				{"appName": "설정", "usage": [0, 1, 4, 17]},
				{"appName": "Samsung Pay", "usage": [4, 6, 7, 17]},
				{"appName": "Logger", "usage": [1, 3, 7]},
				{"appName": "Dropsync", "usage": [11, 12, 17]},
				{"appName": "패키지 설치 프로그램", "usage": [1, 3]},
				{"appName": "삼성 캡처", "usage": [1, 3]},
				{"appName": "메시지", "usage": [1, 6]},
				{"appName": "Zenly", "usage": [0, 4]},
				{"appName": "Chrome", "usage": [2, 4]},
				{"appName": "포토", "usage": [13]},
				{"appName": "코레일톡", "usage": [4]},
				{"appName": "엽기떡볶이", "usage": [7]},
				{"appName": "시계", "usage": [17]},
				{"appName": "소프트웨어 업데이트", "usage": [15]},
				{"appName": "빅스비 홈", "usage": [4]},
				{"appName": "비디오 플레이어", "usage": [13]},
				{"appName": "계산기", "usage": [2]},
				{"appName": "갤러리", "usage": [1]},
				{"appName": "Workspace", "usage": [17]},
				{"appName": "The Day Before", "usage": [17]},
				{"appName": "Microsoft Band", "usage": [1]},
				{"appName": "Google Play 서비스", "usage": [17]},
				{"appName": "ABC Logger", "usage": [1]}
			]
		},
		"maxTime": {
			"usage": 54,
			"details": [
				{"appName": "Duel Links", "usage": 29},
				{"appName": "Facebook", "usage": 25},
				{"appName": "T전화", "usage": 14},
				{"appName": "Dropsync", "usage": 12},
				{"appName": "YouTube", "usage": 7},
				{"appName": "Samsung Experience 홈", "usage": 7},
				{"appName": "계산기", "usage": 4},
				{"appName": "카카오톡", "usage": 3},
				{"appName": "메시지", "usage": 2},
				{"appName": "Samsung Pay", "usage": 1},
				{"appName": "Polar Beat", "usage": 1},
				{"appName": "시스템 UI", "usage": 1},
				{"appName": "Zenly", "usage": 0},
				{"appName": "Chrome", "usage": 0},
				{"appName": "시계", "usage": 0},
				{"appName": "Between", "usage": 0},
				{"appName": "비디오 플레이어", "usage": 0},
				{"appName": "설정", "usage": 0},
				{"appName": "Paco", "usage": 0},
				{"appName": "빅스비 홈", "usage": 0},
				{"appName": "갤러리", "usage": 0},
				{"appName": "Microsoft Band", "usage": 0},
				{"appName": "Logger", "usage": 0},
				{"appName": "ABC Logger", "usage": 0},
				{"appName": "삼성 캡처", "usage": 0},
				{"appName": "소프트웨어 업데이트", "usage": 0},
				{"appName": "포토", "usage": 0},
				{"appName": "코레일톡", "usage": 0},
				{"appName": "엽기떡볶이", "usage": 0},
				{"appName": "Workspace", "usage": 0},
				{"appName": "패키지 설치 프로그램", "usage": 0},
				{"appName": "The Day Before", "usage": 0},
				{"appName": "Google Play 서비스", "usage": 0}
			]
		},
		"avgTime": {
			"usage": 2,
			"details": [
				{"appName": "계산기", "usage": 4},
				{"appName": "Duel Links", "usage": 3},
				{"appName": "Dropsync", "usage": 3},
				{"appName": "메시지", "usage": 1},
				{"appName": "T전화", "usage": 1},
				{"appName": "Facebook", "usage": 1},
				{"appName": "비디오 플레이어", "usage": 0},
				{"appName": "YouTube", "usage": 0},
				{"appName": "Chrome", "usage": 0},
				{"appName": "Zenly", "usage": 0},
				{"appName": "빅스비 홈", "usage": 0},
				{"appName": "시계", "usage": 0},
				{"appName": "Samsung Pay", "usage": 0},
				{"appName": "Polar Beat", "usage": 0},
				{"appName": "Samsung Experience 홈", "usage": 0},
				{"appName": "카카오톡", "usage": 0},
				{"appName": "갤러리", "usage": 0},
				{"appName": "Between", "usage": 0},
				{"appName": "Paco", "usage": 0},
				{"appName": "Microsoft Band", "usage": 0},
				{"appName": "설정", "usage": 0},
				{"appName": "시스템 UI", "usage": 0},
				{"appName": "ABC Logger", "usage": 0},
				{"appName": "Logger", "usage": 0},
				{"appName": "삼성 캡처", "usage": 0},
				{"appName": "소프트웨어 업데이트", "usage": 0},
				{"appName": "포토", "usage": 0},
				{"appName": "코레일톡", "usage": 0},
				{"appName": "엽기떡볶이", "usage": 0},
				{"appName": "Workspace", "usage": 0},
				{"appName": "패키지 설치 프로그램", "usage": 0},
				{"appName": "The Day Before", "usage": 0},
				{"appName": "Google Play 서비스", "usage": 0}
			]
		},
		"lastPickup": {"time": 0}
	},
	{
		"date": 7,
		"totalTime": {
			"usage": 612,
			"details": [
				{"appName": "Duel Links", "usage": 190},
				{"appName": "Facebook", "usage": 124},
				{"appName": "YouTube", "usage": 92},
				{"appName": "카카오톡", "usage": 70},
				{"appName": "Samsung Experience 홈", "usage": 30},
				{"appName": "Chrome", "usage": 18},
				{"appName": "Polar Beat", "usage": 13},
				{"appName": "T전화", "usage": 12},
				{"appName": "Paco", "usage": 10},
				{"appName": "카카오페이지", "usage": 9},
				{"appName": "네이버 웹툰", "usage": 6},
				{"appName": "Dropsync", "usage": 4},
				{"appName": "빅스비 홈", "usage": 4},
				{"appName": "Between", "usage": 3},
				{"appName": "엽기떡볶이", "usage": 3},
				{"appName": "메시지", "usage": 2},
				{"appName": "토스", "usage": 1},
				{"appName": "시계", "usage": 1},
				{"appName": "시스템 UI", "usage": 0},
				{"appName": "Zenly", "usage": 0},
				{"appName": "T연락처", "usage": 0},
				{"appName": "드라이브", "usage": 0},
				{"appName": "ABC Logger", "usage": 0},
				{"appName": "Logger", "usage": 0},
				{"appName": "삼성 캡처", "usage": 0},
				{"appName": "설정", "usage": 0},
				{"appName": "Google Play 서비스", "usage": 0},
				{"appName": "안드로이드 시스템", "usage": 0},
				{"appName": "DraStic", "usage": 0},
				{"appName": "패키지 설치 프로그램", "usage": 0}
			]
		},
		"pickups": {"usage": 230},
		"downTime": {
			"usages": [
				{"hour": 0, "usage": 14},
				{"hour": 1, "usage": 23},
				{"hour": 2, "usage": 45},
				{"hour": 3, "usage": 23},
				{"hour": 4, "usage": 16},
				{"hour": 5, "usage": 51},
				{"hour": 6, "usage": 60},
				{"hour": 7, "usage": 60},
				{"hour": 8, "usage": 34},
				{"hour": 9, "usage": 5},
				{"hour": 10, "usage": 21},
				{"hour": 11, "usage": 0},
				{"hour": 12, "usage": 2},
				{"hour": 13, "usage": 3},
				{"hour": 14, "usage": 5},
				{"hour": 15, "usage": 34},
				{"hour": 16, "usage": 56},
				{"hour": 17, "usage": 54},
				{"hour": 18, "usage": 59},
				{"hour": 19, "usage": 20},
				{"hour": 22, "usage": 1},
				{"hour": 23, "usage": 16}
			],
			"details": [
				{"appName": "Samsung Experience 홈", "usage": [0, 1, 2, 3, 4, 5, 6, 7, 8, 9, 10, 11, 12, 13, 14, 15, 16, 17, 18, 19, 22, 23]},
				{"appName": "카카오톡", "usage": [0, 1, 2, 3, 4, 5, 7, 8, 9, 10, 11, 13, 14, 15, 16, 17, 18, 19, 22, 23]},
				{"appName": "Facebook", "usage": [0, 1, 2, 3, 4, 5, 8, 9, 10, 14, 15, 16, 17, 18, 19, 23]},
				{"appName": "시스템 UI", "usage": [2, 3, 4, 5, 6, 7, 8, 10, 16, 17, 19, 23]},
				{"appName": "Polar Beat", "usage": [2, 4, 5, 6, 7, 8, 10, 15, 17]},
				{"appName": "Paco", "usage": [3, 4, 6, 7, 8, 10, 12, 13]},
				{"appName": "YouTube", "usage": [0, 5, 16, 17, 18, 19, 22]},
				{"appName": "Between", "usage": [3, 4, 6, 7, 9, 10, 13]},
				{"appName": "T전화", "usage": [2, 4, 7, 8, 13, 15]},
				{"appName": "Duel Links", "usage": [2, 3, 5, 6, 7, 8]},
				{"appName": "시계", "usage": [0, 1, 19, 22, 23]},
				{"appName": "Chrome", "usage": [3, 4, 16, 17]},
				{"appName": "메시지", "usage": [0, 2, 15]},
				{"appName": "Dropsync", "usage": [8, 11, 17]},
				{"appName": "패키지 설치 프로그램", "usage": [2, 10]},
				{"appName": "빅스비 홈", "usage": [3, 4]},
				{"appName": "Zenly", "usage": [1, 2]},
				{"appName": "Logger", "usage": [2, 10]},
				{"appName": "토스", "usage": [3]},
				{"appName": "카카오페이지", "usage": [23]},
				{"appName": "엽기떡볶이", "usage": [10]},
				{"appName": "안드로이드 시스템", "usage": [8]},
				{"appName": "설정", "usage": [2]},
				{"appName": "삼성 캡처", "usage": [10]},
				{"appName": "드라이브", "usage": [8]},
				{"appName": "네이버 웹툰", "usage": [8]},
				{"appName": "T연락처", "usage": [23]},
				{"appName": "Google Play 서비스", "usage": [1]},
				{"appName": "DraStic", "usage": [2]},
				{"appName": "ABC Logger", "usage": [2]}
			]
		},
		"maxTime": {
			"usage": 172,
			"details": [
				{"appName": "Duel Links", "usage": 45},
				{"appName": "YouTube", "usage": 28},
				{"appName": "Facebook", "usage": 21},
				{"appName": "Chrome", "usage": 13},
				{"appName": "카카오페이지", "usage": 9},
				{"appName": "T전화", "usage": 7},
				{"appName": "Samsung Experience 홈", "usage": 5},
				{"appName": "Paco", "usage": 5},
				{"appName": "네이버 웹툰", "usage": 4},
				{"appName": "빅스비 홈", "usage": 4},
				{"appName": "Polar Beat", "usage": 3},
				{"appName": "Dropsync", "usage": 3},
				{"appName": "카카오톡", "usage": 2},
				{"appName": "엽기떡볶이", "usage": 2},
				{"appName": "메시지", "usage": 1},
				{"appName": "Between", "usage": 0},
				{"appName": "Zenly", "usage": 0},
				{"appName": "토스", "usage": 0},
				{"appName": "시계", "usage": 0},
				{"appName": "T연락처", "usage": 0},
				{"appName": "드라이브", "usage": 0},
				{"appName": "ABC Logger", "usage": 0},
				{"appName": "시스템 UI", "usage": 0},
				{"appName": "설정", "usage": 0},
				{"appName": "Logger", "usage": 0},
				{"appName": "삼성 캡처", "usage": 0},
				{"appName": "Google Play 서비스", "usage": 0},
				{"appName": "안드로이드 시스템", "usage": 0},
				{"appName": "DraStic", "usage": 0},
				{"appName": "패키지 설치 프로그램", "usage": 0}
			]
		},
		"avgTime": {
			"usage": 2,
			"details": [
				{"appName": "Duel Links", "usage": 11},
				{"appName": "YouTube", "usage": 5},
				{"appName": "빅스비 홈", "usage": 2},
				{"appName": "Chrome", "usage": 2},
				{"appName": "Dropsync", "usage": 1},
				{"appName": "카카오페이지", "usage": 1},
				{"appName": "Facebook", "usage": 0},
				{"appName": "메시지", "usage": 0},
				{"appName": "네이버 웹툰", "usage": 0},
				{"appName": "엽기떡볶이", "usage": 0},
				{"appName": "Polar Beat", "usage": 0},
				{"appName": "T전화", "usage": 0},
				{"appName": "Paco", "usage": 0},
				{"appName": "드라이브", "usage": 0},
				{"appName": "Zenly", "usage": 0},
				{"appName": "T연락처", "usage": 0},
				{"appName": "Samsung Experience 홈", "usage": 0},
				{"appName": "Between", "usage": 0},
				{"appName": "카카오톡", "usage": 0},
				{"appName": "토스", "usage": 0},
				{"appName": "설정", "usage": 0},
				{"appName": "시계", "usage": 0},
				{"appName": "Google Play 서비스", "usage": 0},
				{"appName": "안드로이드 시스템", "usage": 0},
				{"appName": "ABC Logger", "usage": 0},
				{"appName": "Logger", "usage": 0},
				{"appName": "DraStic", "usage": 0},
				{"appName": "시스템 UI", "usage": 0},
				{"appName": "삼성 캡처", "usage": 0},
				{"appName": "패키지 설치 프로그램", "usage": 0}
			]
		},
		"lastPickup": {"time": 0}
	}
]
