[
	{
		"date": 1,
		"totalTime": {
			"usage": 403,
			"details": [
				{"appName": "문피아", "usage": 102},
				{"appName": "Facebook", "usage": 68},
				{"appName": "카카오톡", "usage": 42},
				{"appName": "카카오페이지", "usage": 35},
				{"appName": "Chrome", "usage": 33},
				{"appName": "통화", "usage": 20},
				{"appName": "One UI 홈", "usage": 17},
				{"appName": "Gmail", "usage": 13},
				{"appName": "갤러리", "usage": 9},
				{"appName": "Paco", "usage": 7},
				{"appName": "드라이브", "usage": 5},
				{"appName": "배달의민족", "usage": 5},
				{"appName": "네이버 웹툰", "usage": 5},
				{"appName": "시계", "usage": 5},
				{"appName": "Instagram", "usage": 4},
				{"appName": "롯데리아", "usage": 3},
				{"appName": "Polar Beat", "usage": 3},
				{"appName": "KAIST Library", "usage": 2},
				{"appName": "YouTube", "usage": 1},
				{"appName": "설정", "usage": 1},
				{"appName": "전화", "usage": 1},
				{"appName": "Samsung Notes", "usage": 1},
				{"appName": "접근성", "usage": 0},
				{"appName": "밥대생", "usage": 0},
				{"appName": "Dropsync", "usage": 0},
				{"appName": "KAIST Portal", "usage": 0},
				{"appName": "안드로이드 시스템", "usage": 0},
				{"appName": "Samsung Pay", "usage": 0},
				{"appName": "ABC Logger", "usage": 0},
				{"appName": "원터치알림", "usage": 0},
				{"appName": "Logger", "usage": 0},
				{"appName": "메시지", "usage": 0},
				{"appName": "내 파일", "usage": 0},
				{"appName": "이메일", "usage": 0},
				{"appName": "캘린더", "usage": 0},
				{"appName": "패키지 설치 프로그램", "usage": 0}
			]
		},
		"pickups": {"usage": 194},
		"downTime": {
			"usages": [
				{"hour": 1, "usage": 1},
				{"hour": 2, "usage": 56},
				{"hour": 3, "usage": 22},
				{"hour": 4, "usage": 27},
				{"hour": 5, "usage": 28},
				{"hour": 6, "usage": 16},
				{"hour": 7, "usage": 16},
				{"hour": 8, "usage": 8},
				{"hour": 9, "usage": 25},
				{"hour": 10, "usage": 13},
				{"hour": 11, "usage": 20},
				{"hour": 12, "usage": 14},
				{"hour": 13, "usage": 11},
				{"hour": 14, "usage": 33},
				{"hour": 15, "usage": 9},
				{"hour": 16, "usage": 26},
				{"hour": 17, "usage": 15},
				{"hour": 18, "usage": 34},
				{"hour": 23, "usage": 18}
			],
			"details": [
				{"appName": "One UI 홈", "usage": [2, 3, 4, 5, 6, 7, 8, 9, 10, 11, 12, 13, 14, 15, 16, 17, 18, 23]},
				{"appName": "카카오톡", "usage": [2, 3, 5, 6, 7, 8, 9, 10, 11, 12, 13, 14, 15, 16, 17, 18, 23]},
				{"appName": "문피아", "usage": [1, 2, 3, 4, 5, 7, 11, 12, 13, 14, 15, 16, 17, 18, 23]},
				{"appName": "Facebook", "usage": [2, 3, 4, 6, 9, 13, 14, 15, 17, 18]},
				{"appName": "Paco", "usage": [2, 3, 5, 6, 7, 8, 9, 12, 13]},
				{"appName": "Gmail", "usage": [2, 3, 7, 8, 9, 14, 18, 23]},
				{"appName": "Chrome", "usage": [3, 6, 9, 14, 16, 17, 18, 23]},
				{"appName": "통화", "usage": [2, 3, 4, 5, 7, 9, 14]},
				{"appName": "카카오페이지", "usage": [4, 9, 10, 11, 13, 14, 18]},
				{"appName": "설정", "usage": [2, 6, 9, 10, 12, 14, 16]},
				{"appName": "드라이브", "usage": [2, 3, 6, 7, 9, 14]},
				{"appName": "전화", "usage": [2, 3, 9, 14]},
				{"appName": "안드로이드 시스템", "usage": [2, 3, 7, 8]},
				{"appName": "시계", "usage": [1, 18, 22, 23]},
				{"appName": "갤러리", "usage": [8, 10, 11, 12]},
				{"appName": "원터치알림", "usage": [2, 9, 17]},
				{"appName": "Polar Beat", "usage": [2, 12, 14]},
				{"appName": "패키지 설치 프로그램", "usage": [2, 6]},
				{"appName": "접근성", "usage": [2, 6]},
				{"appName": "배달의민족", "usage": [9, 14]},
				{"appName": "롯데리아", "usage": [2, 9]},
				{"appName": "네이버 웹툰", "usage": [2, 18]},
				{"appName": "Samsung Pay", "usage": [9, 17]},
				{"appName": "Samsung Notes", "usage": [2, 23]},
				{"appName": "Logger", "usage": [2, 6]},
				{"appName": "ABC Logger", "usage": [2, 13]},
				{"appName": "캘린더", "usage": [16]},
				{"appName": "이메일", "usage": [2]},
				{"appName": "밥대생", "usage": [9]},
				{"appName": "메시지", "usage": [8]},
				{"appName": "내 파일", "usage": [2]},
				{"appName": "YouTube", "usage": [2]},
				{"appName": "KAIST Library", "usage": [6]},
				{"appName": "KAIST Portal", "usage": [16]},
				{"appName": "Instagram", "usage": [13]},
				{"appName": "Dropsync", "usage": [13]}
			]
		},
		"maxTime": {
			"usage": 42,
			"details": [
				{"appName": "Facebook", "usage": 25},
				{"appName": "문피아", "usage": 13},
				{"appName": "Chrome", "usage": 7},
				{"appName": "카카오페이지", "usage": 6},
				{"appName": "통화", "usage": 5},
				{"appName": "Gmail", "usage": 4},
				{"appName": "네이버 웹툰", "usage": 4},
				{"appName": "시계", "usage": 3},
				{"appName": "롯데리아", "usage": 3},
				{"appName": "갤러리", "usage": 2},
				{"appName": "카카오톡", "usage": 1},
				{"appName": "YouTube", "usage": 1},
				{"appName": "KAIST Library", "usage": 1},
				{"appName": "배달의민족", "usage": 1},
				{"appName": "Instagram", "usage": 1},
				{"appName": "드라이브", "usage": 1},
				{"appName": "Paco", "usage": 1},
				{"appName": "One UI 홈", "usage": 0},
				{"appName": "Samsung Notes", "usage": 0},
				{"appName": "Polar Beat", "usage": 0},
				{"appName": "접근성", "usage": 0},
				{"appName": "전화", "usage": 0},
				{"appName": "밥대생", "usage": 0},
				{"appName": "KAIST Portal", "usage": 0},
				{"appName": "설정", "usage": 0},
				{"appName": "Samsung Pay", "usage": 0},
				{"appName": "Dropsync", "usage": 0},
				{"appName": "안드로이드 시스템", "usage": 0},
				{"appName": "ABC Logger", "usage": 0},
				{"appName": "메시지", "usage": 0},
				{"appName": "내 파일", "usage": 0},
				{"appName": "원터치알림", "usage": 0},
				{"appName": "Logger", "usage": 0},
				{"appName": "캘린더", "usage": 0},
				{"appName": "이메일", "usage": 0},
				{"appName": "패키지 설치 프로그램", "usage": 0}
			]
		},
		"avgTime": {
			"usage": 2,
			"details": [
				{"appName": "Facebook", "usage": 3},
				{"appName": "Chrome", "usage": 1},
				{"appName": "문피아", "usage": 1},
				{"appName": "통화", "usage": 1},
				{"appName": "Instagram", "usage": 1},
				{"appName": "YouTube", "usage": 0},
				{"appName": "Gmail", "usage": 0},
				{"appName": "KAIST Library", "usage": 0},
				{"appName": "롯데리아", "usage": 0},
				{"appName": "드라이브", "usage": 0},
				{"appName": "네이버 웹툰", "usage": 0},
				{"appName": "카카오페이지", "usage": 0},
				{"appName": "갤러리", "usage": 0},
				{"appName": "Paco", "usage": 0},
				{"appName": "시계", "usage": 0},
				{"appName": "배달의민족", "usage": 0},
				{"appName": "Samsung Notes", "usage": 0},
				{"appName": "KAIST Portal", "usage": 0},
				{"appName": "Dropsync", "usage": 0},
				{"appName": "Samsung Pay", "usage": 0},
				{"appName": "접근성", "usage": 0},
				{"appName": "카카오톡", "usage": 0},
				{"appName": "메시지", "usage": 0},
				{"appName": "Polar Beat", "usage": 0},
				{"appName": "내 파일", "usage": 0},
				{"appName": "One UI 홈", "usage": 0},
				{"appName": "밥대생", "usage": 0},
				{"appName": "전화", "usage": 0},
				{"appName": "설정", "usage": 0},
				{"appName": "ABC Logger", "usage": 0},
				{"appName": "안드로이드 시스템", "usage": 0},
				{"appName": "원터치알림", "usage": 0},
				{"appName": "Logger", "usage": 0},
				{"appName": "캘린더", "usage": 0},
				{"appName": "이메일", "usage": 0},
				{"appName": "패키지 설치 프로그램", "usage": 0}
			]
		},
		"lastPickup": {"time": 3}
	},
	{
		"date": 2,
		"totalTime": {
			"usage": 373,
			"details": [
				{"appName": "문피아", "usage": 175},
				{"appName": "Samsung Notes", "usage": 39},
				{"appName": "Chrome", "usage": 33},
				{"appName": "카카오톡", "usage": 33},
				{"appName": "Facebook", "usage": 23},
				{"appName": "One UI 홈", "usage": 15},
				{"appName": "YouTube", "usage": 11},
				{"appName": "Paco", "usage": 9},
				{"appName": "카카오페이지", "usage": 4},
				{"appName": "통화", "usage": 3},
				{"appName": "메시지", "usage": 3},
				{"appName": "시계", "usage": 2},
				{"appName": "Samsung Pay", "usage": 1},
				{"appName": "Gmail", "usage": 1},
				{"appName": "밥대생", "usage": 1},
				{"appName": "설정", "usage": 0},
				{"appName": "지도", "usage": 0},
				{"appName": "Polar Beat", "usage": 0},
				{"appName": "롯데리아", "usage": 0},
				{"appName": "T world", "usage": 0},
				{"appName": "날씨", "usage": 0},
				{"appName": "시리즈", "usage": 0},
				{"appName": "전화", "usage": 0},
				{"appName": "원터치알림", "usage": 0},
				{"appName": "Logger", "usage": 0},
				{"appName": "연락처", "usage": 0},
				{"appName": "토스", "usage": 0},
				{"appName": "안드로이드 시스템", "usage": 0},
				{"appName": "빅스비 보이스", "usage": 0},
				{"appName": "접근성", "usage": 0},
				{"appName": "패키지 설치 프로그램", "usage": 0},
				{"appName": "Google Play 스토어", "usage": 0},
				{"appName": "우리카드", "usage": 0}
			]
		},
		"pickups": {"usage": 188},
		"downTime": {
			"usages": [
				{"hour": 0, "usage": 29},
				{"hour": 1, "usage": 33},
				{"hour": 2, "usage": 17},
				{"hour": 3, "usage": 21},
				{"hour": 4, "usage": 18},
				{"hour": 5, "usage": 9},
				{"hour": 6, "usage": 36},
				{"hour": 7, "usage": 9},
				{"hour": 8, "usage": 18},
				{"hour": 9, "usage": 14},
				{"hour": 10, "usage": 23},
				{"hour": 11, "usage": 25},
				{"hour": 12, "usage": 37},
				{"hour": 13, "usage": 0},
				{"hour": 14, "usage": 2},
				{"hour": 15, "usage": 2},
				{"hour": 16, "usage": 25},
				{"hour": 17, "usage": 12},
				{"hour": 18, "usage": 4},
				{"hour": 19, "usage": 8},
				{"hour": 20, "usage": 18},
				{"hour": 23, "usage": 1}
			],
			"details": [
				{"appName": "One UI 홈", "usage": [0, 1, 2, 3, 4, 5, 6, 7, 8, 9, 10, 11, 12, 13, 14, 15, 16, 17, 18, 19, 20, 23]},
				{"appName": "카카오톡", "usage": [0, 1, 3, 4, 5, 6, 7, 8, 9, 10, 11, 12, 13, 14, 15, 16, 17, 18, 19, 20]},
				{"appName": "문피아", "usage": [0, 1, 2, 3, 4, 5, 6, 7, 8, 9, 10, 12, 16, 17, 18, 19, 20]},
				{"appName": "Paco", "usage": [1, 3, 4, 5, 6, 7, 8, 9, 10, 11, 12]},
				{"appName": "Samsung Notes", "usage": [0, 1, 9, 10, 11, 12, 17, 18, 20]},
				{"appName": "Facebook", "usage": [1, 8, 9, 11, 12, 19, 20]},
				{"appName": "설정", "usage": [1, 3, 6, 7, 12, 19]},
				{"appName": "Chrome", "usage": [0, 3, 4, 11, 12]},
				{"appName": "통화", "usage": [1, 4, 5, 16]},
				{"appName": "패키지 설치 프로그램", "usage": [1, 19, 20]},
				{"appName": "원터치알림", "usage": [3, 9, 16]},
				{"appName": "시계", "usage": [19, 20, 23]},
				{"appName": "밥대생", "usage": [1, 8, 9]},
				{"appName": "메시지", "usage": [4, 19, 20]},
				{"appName": "Samsung Pay", "usage": [3, 9, 16]},
				{"appName": "접근성", "usage": [1, 19]},
				{"appName": "전화", "usage": [16, 20]},
				{"appName": "Polar Beat", "usage": [1, 12]},
				{"appName": "Logger", "usage": [1, 19]},
				{"appName": "Gmail", "usage": [0, 8]},
				{"appName": "토스", "usage": [9]},
				{"appName": "카카오페이지", "usage": [11]},
				{"appName": "지도", "usage": [1]},
				{"appName": "우리카드", "usage": [15]},
				{"appName": "연락처", "usage": [20]},
				{"appName": "안드로이드 시스템", "usage": [17]},
				{"appName": "시리즈", "usage": [10]},
				{"appName": "빅스비 보이스", "usage": [16]},
				{"appName": "롯데리아", "usage": [9]},
				{"appName": "날씨", "usage": [2]},
				{"appName": "YouTube", "usage": [1]},
				{"appName": "T world", "usage": [3]},
				{"appName": "Google Play 스토어", "usage": [11]}
			]
		},
		"maxTime": {
			"usage": 29,
			"details": [
				{"appName": "문피아", "usage": 12},
				{"appName": "Chrome", "usage": 9},
				{"appName": "YouTube", "usage": 9},
				{"appName": "Facebook", "usage": 9},
				{"appName": "카카오톡", "usage": 3},
				{"appName": "Samsung Notes", "usage": 3},
				{"appName": "카카오페이지", "usage": 2},
				{"appName": "메시지", "usage": 1},
				{"appName": "통화", "usage": 1},
				{"appName": "One UI 홈", "usage": 0},
				{"appName": "Samsung Pay", "usage": 0},
				{"appName": "Paco", "usage": 0},
				{"appName": "밥대생", "usage": 0},
				{"appName": "Gmail", "usage": 0},
				{"appName": "시계", "usage": 0},
				{"appName": "T world", "usage": 0},
				{"appName": "지도", "usage": 0},
				{"appName": "설정", "usage": 0},
				{"appName": "롯데리아", "usage": 0},
				{"appName": "날씨", "usage": 0},
				{"appName": "시리즈", "usage": 0},
				{"appName": "Polar Beat", "usage": 0},
				{"appName": "전화", "usage": 0},
				{"appName": "안드로이드 시스템", "usage": 0},
				{"appName": "연락처", "usage": 0},
				{"appName": "빅스비 보이스", "usage": 0},
				{"appName": "Google Play 스토어", "usage": 0},
				{"appName": "패키지 설치 프로그램", "usage": 0},
				{"appName": "원터치알림", "usage": 0},
				{"appName": "토스", "usage": 0},
				{"appName": "Logger", "usage": 0},
				{"appName": "접근성", "usage": 0},
				{"appName": "우리카드", "usage": 0}
			]
		},
		"avgTime": {
			"usage": 1,
			"details": [
				{"appName": "Facebook", "usage": 1},
				{"appName": "YouTube", "usage": 1},
				{"appName": "문피아", "usage": 1},
				{"appName": "Chrome", "usage": 1},
				{"appName": "Samsung Notes", "usage": 0},
				{"appName": "메시지", "usage": 0},
				{"appName": "통화", "usage": 0},
				{"appName": "지도", "usage": 0},
				{"appName": "카카오페이지", "usage": 0},
				{"appName": "Gmail", "usage": 0},
				{"appName": "Paco", "usage": 0},
				{"appName": "롯데리아", "usage": 0},
				{"appName": "Samsung Pay", "usage": 0},
				{"appName": "T world", "usage": 0},
				{"appName": "날씨", "usage": 0},
				{"appName": "밥대생", "usage": 0},
				{"appName": "시계", "usage": 0},
				{"appName": "설정", "usage": 0},
				{"appName": "카카오톡", "usage": 0},
				{"appName": "One UI 홈", "usage": 0},
				{"appName": "시리즈", "usage": 0},
				{"appName": "안드로이드 시스템", "usage": 0},
				{"appName": "빅스비 보이스", "usage": 0},
				{"appName": "Polar Beat", "usage": 0},
				{"appName": "Google Play 스토어", "usage": 0},
				{"appName": "전화", "usage": 0},
				{"appName": "연락처", "usage": 0},
				{"appName": "토스", "usage": 0},
				{"appName": "접근성", "usage": 0},
				{"appName": "원터치알림", "usage": 0},
				{"appName": "Logger", "usage": 0},
				{"appName": "패키지 설치 프로그램", "usage": 0},
				{"appName": "우리카드", "usage": 0}
			]
		},
		"lastPickup": {"time": 0}
	},
	{
		"date": 3,
		"totalTime": {
			"usage": 345,
			"details": [
				{"appName": "문피아", "usage": 138},
				{"appName": "Facebook", "usage": 67},
				{"appName": "Chrome", "usage": 43},
				{"appName": "카카오톡", "usage": 18},
				{"appName": "통화", "usage": 13},
				{"appName": "One UI 홈", "usage": 12},
				{"appName": "배달의민족", "usage": 9},
				{"appName": "YouTube", "usage": 7},
				{"appName": "네이버 웹툰", "usage": 6},
				{"appName": "카카오페이지", "usage": 5},
				{"appName": "Paco", "usage": 5},
				{"appName": "메시지", "usage": 1},
				{"appName": "설정", "usage": 1},
				{"appName": "Gmail", "usage": 1},
				{"appName": "전화", "usage": 1},
				{"appName": "카메라", "usage": 1},
				{"appName": "MX 플레이어", "usage": 1},
				{"appName": "Logger", "usage": 0},
				{"appName": "Google Play 스토어", "usage": 0},
				{"appName": "내 파일", "usage": 0},
				{"appName": "시계", "usage": 0},
				{"appName": "Samsung Notes", "usage": 0},
				{"appName": "Polar Beat", "usage": 0},
				{"appName": "날씨", "usage": 0},
				{"appName": "접근성", "usage": 0},
				{"appName": "안드로이드 시스템", "usage": 0},
				{"appName": "갤러리", "usage": 0},
				{"appName": "원터치알림", "usage": 0},
				{"appName": "Google", "usage": 0},
				{"appName": "패키지 설치 프로그램", "usage": 0}
			]
		},
		"pickups": {"usage": 114},
		"downTime": {
			"usages": [
				{"hour": 0, "usage": 22},
				{"hour": 1, "usage": 5},
				{"hour": 2, "usage": 4},
				{"hour": 3, "usage": 29},
				{"hour": 4, "usage": 57},
				{"hour": 5, "usage": 20},
				{"hour": 6, "usage": 51},
				{"hour": 7, "usage": 18},
				{"hour": 8, "usage": 44},
				{"hour": 9, "usage": 3},
				{"hour": 10, "usage": 0},
				{"hour": 11, "usage": 0},
				{"hour": 15, "usage": 6},
				{"hour": 16, "usage": 9},
				{"hour": 17, "usage": 9},
				{"hour": 18, "usage": 12},
				{"hour": 19, "usage": 8},
				{"hour": 20, "usage": 38}
			],
			"details": [
				{"appName": "One UI 홈", "usage": [0, 1, 2, 3, 4, 6, 7, 8, 9, 10, 11, 15, 16, 17, 18, 19, 20]},
				{"appName": "카카오톡", "usage": [1, 3, 4, 6, 7, 8, 9, 15, 16, 17, 18, 19]},
				{"appName": "문피아", "usage": [2, 3, 4, 5, 6, 7, 8, 9, 17, 18, 19, 20]},
				{"appName": "통화", "usage": [2, 3, 5, 6, 7, 8, 16, 17]},
				{"appName": "Paco", "usage": [1, 2, 4, 6, 7, 8, 9]},
				{"appName": "Facebook", "usage": [0, 3, 4, 6, 8, 18, 19]},
				{"appName": "Chrome", "usage": [0, 1, 2, 8, 17, 18, 20]},
				{"appName": "전화", "usage": [3, 6, 7, 8, 17]},
				{"appName": "설정", "usage": [0, 1, 6, 8, 15]},
				{"appName": "카카오페이지", "usage": [0, 1, 9, 15]},
				{"appName": "배달의민족", "usage": [7, 8, 16, 18]},
				{"appName": "메시지", "usage": [2, 3, 8, 9]},
				{"appName": "접근성", "usage": [0, 6, 15]},
				{"appName": "Logger", "usage": [0, 6, 15]},
				{"appName": "패키지 설치 프로그램", "usage": [0, 15]},
				{"appName": "카메라", "usage": [6, 17]},
				{"appName": "원터치알림", "usage": [2, 16]},
				{"appName": "안드로이드 시스템", "usage": [15, 18]},
				{"appName": "시계", "usage": [0, 20]},
				{"appName": "Polar Beat", "usage": [0, 15]},
				{"appName": "Gmail", "usage": [0, 15]},
				{"appName": "네이버 웹툰", "usage": [7]},
				{"appName": "내 파일", "usage": [18]},
				{"appName": "날씨", "usage": [0]},
				{"appName": "갤러리", "usage": [18]},
				{"appName": "YouTube", "usage": [0]},
				{"appName": "Samsung Notes", "usage": [6]},
				{"appName": "MX 플레이어", "usage": [15]},
				{"appName": "Google Play 스토어", "usage": [15]},
				{"appName": "Google", "usage": [17]}
			]
		},
		"maxTime": {
			"usage": 47,
			"details": [
				{"appName": "문피아", "usage": 35},
				{"appName": "Chrome", "usage": 33},
				{"appName": "Facebook", "usage": 14},
				{"appName": "YouTube", "usage": 7},
				{"appName": "카카오페이지", "usage": 4},
				{"appName": "네이버 웹툰", "usage": 3},
				{"appName": "통화", "usage": 3},
				{"appName": "카카오톡", "usage": 2},
				{"appName": "MX 플레이어", "usage": 1},
				{"appName": "배달의민족", "usage": 1},
				{"appName": "Paco", "usage": 1},
				{"appName": "카메라", "usage": 0},
				{"appName": "Gmail", "usage": 0},
				{"appName": "One UI 홈", "usage": 0},
				{"appName": "설정", "usage": 0},
				{"appName": "Logger", "usage": 0},
				{"appName": "내 파일", "usage": 0},
				{"appName": "메시지", "usage": 0},
				{"appName": "전화", "usage": 0},
				{"appName": "Google Play 스토어", "usage": 0},
				{"appName": "Samsung Notes", "usage": 0},
				{"appName": "시계", "usage": 0},
				{"appName": "날씨", "usage": 0},
				{"appName": "Polar Beat", "usage": 0},
				{"appName": "갤러리", "usage": 0},
				{"appName": "원터치알림", "usage": 0},
				{"appName": "안드로이드 시스템", "usage": 0},
				{"appName": "접근성", "usage": 0},
				{"appName": "Google", "usage": 0},
				{"appName": "패키지 설치 프로그램", "usage": 0}
			]
		},
		"avgTime": {
			"usage": 3,
			"details": [
				{"appName": "YouTube", "usage": 3},
				{"appName": "문피아", "usage": 3},
				{"appName": "Facebook", "usage": 2},
				{"appName": "Chrome", "usage": 2},
				{"appName": "MX 플레이어", "usage": 1},
				{"appName": "카메라", "usage": 0},
				{"appName": "통화", "usage": 0},
				{"appName": "Gmail", "usage": 0},
				{"appName": "네이버 웹툰", "usage": 0},
				{"appName": "Paco", "usage": 0},
				{"appName": "카카오페이지", "usage": 0},
				{"appName": "내 파일", "usage": 0},
				{"appName": "배달의민족", "usage": 0},
				{"appName": "설정", "usage": 0},
				{"appName": "메시지", "usage": 0},
				{"appName": "Samsung Notes", "usage": 0},
				{"appName": "날씨", "usage": 0},
				{"appName": "Logger", "usage": 0},
				{"appName": "카카오톡", "usage": 0},
				{"appName": "One UI 홈", "usage": 0},
				{"appName": "전화", "usage": 0},
				{"appName": "시계", "usage": 0},
				{"appName": "갤러리", "usage": 0},
				{"appName": "Polar Beat", "usage": 0},
				{"appName": "안드로이드 시스템", "usage": 0},
				{"appName": "Google Play 스토어", "usage": 0},
				{"appName": "접근성", "usage": 0},
				{"appName": "원터치알림", "usage": 0},
				{"appName": "Google", "usage": 0},
				{"appName": "패키지 설치 프로그램", "usage": 0}
			]
		},
		"lastPickup": {"time": 0}
	},
	{
		"date": 4,
		"totalTime": {
			"usage": 340,
			"details": [
				{"appName": "문피아", "usage": 154},
				{"appName": "Chrome", "usage": 50},
				{"appName": "카카오톡", "usage": 35},
				{"appName": "Facebook", "usage": 33},
				{"appName": "Samsung Notes", "usage": 18},
				{"appName": "One UI 홈", "usage": 11},
				{"appName": "통화", "usage": 10},
				{"appName": "Paco", "usage": 6},
				{"appName": "네이버 웹툰", "usage": 3},
				{"appName": "시계", "usage": 2},
				{"appName": "ABC Logger", "usage": 1},
				{"appName": "Samsung Pay", "usage": 1},
				{"appName": "설정", "usage": 0},
				{"appName": "롯데리아", "usage": 0},
				{"appName": "전화", "usage": 0},
				{"appName": "날씨", "usage": 0},
				{"appName": "배달의민족", "usage": 0},
				{"appName": "Polar Beat", "usage": 0},
				{"appName": "카카오페이지", "usage": 0},
				{"appName": "접근성", "usage": 0},
				{"appName": "밥대생", "usage": 0},
				{"appName": "원터치알림", "usage": 0},
				{"appName": "Logger", "usage": 0},
				{"appName": "패키지 설치 프로그램", "usage": 0}
			]
		},
		"pickups": {"usage": 145},
		"downTime": {
			"usages": [
				{"hour": 0, "usage": 13},
				{"hour": 1, "usage": 24},
				{"hour": 2, "usage": 16},
				{"hour": 3, "usage": 34},
				{"hour": 4, "usage": 27},
				{"hour": 5, "usage": 33},
				{"hour": 6, "usage": 30},
				{"hour": 7, "usage": 0},
				{"hour": 8, "usage": 10},
				{"hour": 9, "usage": 16},
				{"hour": 10, "usage": 8},
				{"hour": 11, "usage": 19},
				{"hour": 12, "usage": 7},
				{"hour": 13, "usage": 7},
				{"hour": 14, "usage": 15},
				{"hour": 15, "usage": 46},
				{"hour": 16, "usage": 21},
				{"hour": 22, "usage": 0},
				{"hour": 23, "usage": 4}
			],
			"details": [
				{"appName": "카카오톡", "usage": [0, 1, 2, 3, 4, 5, 6, 7, 8, 9, 10, 11, 12, 13, 14, 15, 16, 23]},
				{"appName": "One UI 홈", "usage": [0, 1, 2, 3, 4, 5, 6, 7, 8, 9, 10, 11, 12, 13, 14, 15, 16, 23]},
				{"appName": "문피아", "usage": [1, 2, 3, 4, 5, 6, 8, 9, 10, 11, 12, 13, 14, 15, 16]},
				{"appName": "Paco", "usage": [2, 3, 4, 5, 6, 8, 10, 11, 13]},
				{"appName": "Facebook", "usage": [0, 1, 2, 3, 9, 10, 11, 23]},
				{"appName": "통화", "usage": [2, 3, 8, 9]},
				{"appName": "설정", "usage": [1, 8, 13, 15]},
				{"appName": "Samsung Pay", "usage": [3, 5, 6, 9]},
				{"appName": "Samsung Notes", "usage": [4, 5, 12, 13]},
				{"appName": "접근성", "usage": [1, 8, 13]},
				{"appName": "전화", "usage": [2, 3, 9]},
				{"appName": "시계", "usage": [0, 16, 23]},
				{"appName": "Polar Beat", "usage": [1, 13, 23]},
				{"appName": "Chrome", "usage": [4, 14, 15]},
				{"appName": "패키지 설치 프로그램", "usage": [1, 8]},
				{"appName": "원터치알림", "usage": [6, 9]},
				{"appName": "네이버 웹툰", "usage": [1, 3]},
				{"appName": "날씨", "usage": [0, 23]},
				{"appName": "Logger", "usage": [1, 8]},
				{"appName": "ABC Logger", "usage": [9, 11]},
				{"appName": "카카오페이지", "usage": [4]},
				{"appName": "배달의민족", "usage": [8]},
				{"appName": "밥대생", "usage": [8]},
				{"appName": "롯데리아", "usage": [9]}
			]
		},
		"maxTime": {
			"usage": 24,
			"details": [
				{"appName": "Chrome", "usage": 22},
				{"appName": "문피아", "usage": 19},
				{"appName": "Samsung Notes", "usage": 6},
				{"appName": "Facebook", "usage": 6},
				{"appName": "통화", "usage": 5},
				{"appName": "카카오톡", "usage": 2},
				{"appName": "시계", "usage": 1},
				{"appName": "네이버 웹툰", "usage": 1},
				{"appName": "Paco", "usage": 0},
				{"appName": "롯데리아", "usage": 0},
				{"appName": "ABC Logger", "usage": 0},
				{"appName": "One UI 홈", "usage": 0},
				{"appName": "전화", "usage": 0},
				{"appName": "Samsung Pay", "usage": 0},
				{"appName": "날씨", "usage": 0},
				{"appName": "배달의민족", "usage": 0},
				{"appName": "설정", "usage": 0},
				{"appName": "접근성", "usage": 0},
				{"appName": "카카오페이지", "usage": 0},
				{"appName": "Polar Beat", "usage": 0},
				{"appName": "밥대생", "usage": 0},
				{"appName": "원터치알림", "usage": 0},
				{"appName": "Logger", "usage": 0},
				{"appName": "패키지 설치 프로그램", "usage": 0}
			]
		},
		"avgTime": {
			"usage": 2,
			"details": [
				{"appName": "Chrome", "usage": 2},
				{"appName": "문피아", "usage": 1},
				{"appName": "통화", "usage": 1},
				{"appName": "Samsung Notes", "usage": 1},
				{"appName": "Facebook", "usage": 1},
				{"appName": "네이버 웹툰", "usage": 0},
				{"appName": "시계", "usage": 0},
				{"appName": "날씨", "usage": 0},
				{"appName": "롯데리아", "usage": 0},
				{"appName": "ABC Logger", "usage": 0},
				{"appName": "Paco", "usage": 0},
				{"appName": "Samsung Pay", "usage": 0},
				{"appName": "배달의민족", "usage": 0},
				{"appName": "카카오톡", "usage": 0},
				{"appName": "전화", "usage": 0},
				{"appName": "One UI 홈", "usage": 0},
				{"appName": "접근성", "usage": 0},
				{"appName": "설정", "usage": 0},
				{"appName": "밥대생", "usage": 0},
				{"appName": "카카오페이지", "usage": 0},
				{"appName": "원터치알림", "usage": 0},
				{"appName": "Polar Beat", "usage": 0},
				{"appName": "Logger", "usage": 0},
				{"appName": "패키지 설치 프로그램", "usage": 0}
			]
		},
		"lastPickup": {"time": 0}
	},
	{
		"date": 5,
		"totalTime": {
			"usage": 333,
			"details": [
				{"appName": "Facebook", "usage": 79},
				{"appName": "문피아", "usage": 55},
				{"appName": "YouTube", "usage": 38},
				{"appName": "카카오톡", "usage": 36},
				{"appName": "Chrome", "usage": 32},
				{"appName": "네이버 웹툰", "usage": 31},
				{"appName": "카카오페이지", "usage": 13},
				{"appName": "One UI 홈", "usage": 12},
				{"appName": "갤러리", "usage": 9},
				{"appName": "Paco", "usage": 5},
				{"appName": "통화", "usage": 3},
				{"appName": "NAVER", "usage": 2},
				{"appName": "Instagram", "usage": 2},
				{"appName": "Samsung Pay", "usage": 0},
				{"appName": "Gmail", "usage": 0},
				{"appName": "원터치알림", "usage": 0},
				{"appName": "밥대생", "usage": 0},
				{"appName": "ABC Logger", "usage": 0},
				{"appName": "배달의민족", "usage": 0},
				{"appName": "Polar Beat", "usage": 0},
				{"appName": "설정", "usage": 0},
				{"appName": "시계", "usage": 0},
				{"appName": "알송", "usage": 0},
				{"appName": "시리즈", "usage": 0},
				{"appName": "Logger", "usage": 0},
				{"appName": "전화", "usage": 0},
				{"appName": "접근성", "usage": 0},
				{"appName": "MX 플레이어", "usage": 0},
				{"appName": "메시지", "usage": 0},
				{"appName": "캘린더", "usage": 0},
				{"appName": "Google Play 스토어", "usage": 0},
				{"appName": "패키지 설치 프로그램", "usage": 0},
				{"appName": "원스토어", "usage": 0},
				{"appName": "우리카드", "usage": 0}
			]
		},
		"pickups": {"usage": 133},
		"downTime": {
			"usages": [
				{"hour": 0, "usage": 38},
				{"hour": 1, "usage": 12},
				{"hour": 2, "usage": 6},
				{"hour": 3, "usage": 33},
				{"hour": 4, "usage": 25},
				{"hour": 5, "usage": 19},
				{"hour": 7, "usage": 11},
				{"hour": 8, "usage": 23},
				{"hour": 9, "usage": 36},
				{"hour": 10, "usage": 13},
				{"hour": 11, "usage": 31},
				{"hour": 12, "usage": 4},
				{"hour": 13, "usage": 3},
				{"hour": 14, "usage": 2},
				{"hour": 15, "usage": 18},
				{"hour": 16, "usage": 6},
				{"hour": 17, "usage": 45}
			],
			"details": [
				{"appName": "카카오톡", "usage": [0, 1, 2, 3, 4, 5, 7, 8, 9, 10, 11, 12, 13, 14, 15, 16, 17]},
				{"appName": "One UI 홈", "usage": [0, 1, 2, 3, 4, 5, 7, 8, 9, 10, 11, 12, 13, 14, 15, 16, 17]},
				{"appName": "Facebook", "usage": [0, 2, 3, 4, 5, 8, 9, 10, 11, 12, 15, 16, 17]},
				{"appName": "Paco", "usage": [1, 3, 4, 5, 7, 8, 9, 10, 11, 12]},
				{"appName": "문피아", "usage": [0, 3, 4, 5, 7, 8, 10, 17]},
				{"appName": "네이버 웹툰", "usage": [0, 3, 5, 9, 10, 17]},
				{"appName": "통화", "usage": [2, 7, 12, 13, 15]},
				{"appName": "카카오페이지", "usage": [0, 1, 3, 11, 12]},
				{"appName": "설정", "usage": [0, 1, 4, 7, 12]},
				{"appName": "Chrome", "usage": [0, 1, 2, 11, 15]},
				{"appName": "YouTube", "usage": [3, 4, 10, 11]},
				{"appName": "원터치알림", "usage": [1, 3, 9]},
				{"appName": "Samsung Pay", "usage": [3, 9, 10]},
				{"appName": "패키지 설치 프로그램", "usage": [1, 4]},
				{"appName": "접근성", "usage": [1, 4]},
				{"appName": "알송", "usage": [10, 11]},
				{"appName": "Polar Beat", "usage": [12, 14]},
				{"appName": "Logger", "usage": [1, 4]},
				{"appName": "ABC Logger", "usage": [3, 14]},
				{"appName": "캘린더", "usage": [1]},
				{"appName": "전화", "usage": [13]},
				{"appName": "원스토어", "usage": [16]},
				{"appName": "우리카드", "usage": [5]},
				{"appName": "시리즈", "usage": [9]},
				{"appName": "시계", "usage": [17]},
				{"appName": "배달의민족", "usage": [7]},
				{"appName": "밥대생", "usage": [2]},
				{"appName": "메시지", "usage": [3]},
				{"appName": "갤러리", "usage": [0]},
				{"appName": "NAVER", "usage": [15]},
				{"appName": "MX 플레이어", "usage": [15]},
				{"appName": "Instagram", "usage": [16]},
				{"appName": "Google Play 스토어", "usage": [10]},
				{"appName": "Gmail", "usage": [5]}
			]
		},
		"maxTime": {
			"usage": 41,
			"details": [
				{"appName": "YouTube", "usage": 35},
				{"appName": "문피아", "usage": 31},
				{"appName": "Facebook", "usage": 24},
				{"appName": "Chrome", "usage": 4},
				{"appName": "네이버 웹툰", "usage": 4},
				{"appName": "카카오페이지", "usage": 4},
				{"appName": "카카오톡", "usage": 3},
				{"appName": "갤러리", "usage": 3},
				{"appName": "NAVER", "usage": 2},
				{"appName": "Instagram", "usage": 1},
				{"appName": "통화", "usage": 1},
				{"appName": "One UI 홈", "usage": 0},
				{"appName": "Paco", "usage": 0},
				{"appName": "Gmail", "usage": 0},
				{"appName": "밥대생", "usage": 0},
				{"appName": "원터치알림", "usage": 0},
				{"appName": "Samsung Pay", "usage": 0},
				{"appName": "ABC Logger", "usage": 0},
				{"appName": "시리즈", "usage": 0},
				{"appName": "배달의민족", "usage": 0},
				{"appName": "Polar Beat", "usage": 0},
				{"appName": "알송", "usage": 0},
				{"appName": "설정", "usage": 0},
				{"appName": "시계", "usage": 0},
				{"appName": "전화", "usage": 0},
				{"appName": "MX 플레이어", "usage": 0},
				{"appName": "메시지", "usage": 0},
				{"appName": "캘린더", "usage": 0},
				{"appName": "Logger", "usage": 0},
				{"appName": "접근성", "usage": 0},
				{"appName": "Google Play 스토어", "usage": 0},
				{"appName": "패키지 설치 프로그램", "usage": 0},
				{"appName": "원스토어", "usage": 0},
				{"appName": "우리카드", "usage": 0}
			]
		},
		"avgTime": {
			"usage": 2,
			"details": [
				{"appName": "YouTube", "usage": 4},
				{"appName": "문피아", "usage": 2},
				{"appName": "Facebook", "usage": 1},
				{"appName": "갤러리", "usage": 1},
				{"appName": "Chrome", "usage": 1},
				{"appName": "Instagram", "usage": 1},
				{"appName": "NAVER", "usage": 0},
				{"appName": "네이버 웹툰", "usage": 0},
				{"appName": "통화", "usage": 0},
				{"appName": "Gmail", "usage": 0},
				{"appName": "카카오페이지", "usage": 0},
				{"appName": "Paco", "usage": 0},
				{"appName": "밥대생", "usage": 0},
				{"appName": "Samsung Pay", "usage": 0},
				{"appName": "배달의민족", "usage": 0},
				{"appName": "카카오톡", "usage": 0},
				{"appName": "원터치알림", "usage": 0},
				{"appName": "ABC Logger", "usage": 0},
				{"appName": "One UI 홈", "usage": 0},
				{"appName": "시리즈", "usage": 0},
				{"appName": "시계", "usage": 0},
				{"appName": "Polar Beat", "usage": 0},
				{"appName": "알송", "usage": 0},
				{"appName": "설정", "usage": 0},
				{"appName": "메시지", "usage": 0},
				{"appName": "전화", "usage": 0},
				{"appName": "MX 플레이어", "usage": 0},
				{"appName": "접근성", "usage": 0},
				{"appName": "캘린더", "usage": 0},
				{"appName": "Logger", "usage": 0},
				{"appName": "Google Play 스토어", "usage": 0},
				{"appName": "패키지 설치 프로그램", "usage": 0},
				{"appName": "원스토어", "usage": 0},
				{"appName": "우리카드", "usage": 0}
			]
		},
		"lastPickup": {"time": 0}
	},
	{
		"date": 6,
		"totalTime": {
			"usage": 397,
			"details": [
				{"appName": "카카오페이지", "usage": 124},
				{"appName": "카카오톡", "usage": 59},
				{"appName": "Facebook", "usage": 47},
				{"appName": "문피아", "usage": 36},
				{"appName": "YouTube", "usage": 34},
				{"appName": "Chrome", "usage": 27},
				{"appName": "One UI 홈", "usage": 14},
				{"appName": "통화", "usage": 7},
				{"appName": "시계", "usage": 7},
				{"appName": "네이버 웹툰", "usage": 7},
				{"appName": "NAVER", "usage": 6},
				{"appName": "Samsung Notes", "usage": 4},
				{"appName": "Paco", "usage": 4},
				{"appName": "롯데리아", "usage": 2},
				{"appName": "Samsung Pay", "usage": 1},
				{"appName": "ABC Logger", "usage": 1},
				{"appName": "메시지", "usage": 1},
				{"appName": "설정", "usage": 0},
				{"appName": "전화", "usage": 0},
				{"appName": "밥대생", "usage": 0},
				{"appName": "원터치알림", "usage": 0},
				{"appName": "Gmail", "usage": 0},
				{"appName": "음성 녹음", "usage": 0},
				{"appName": "Polar Beat", "usage": 0},
				{"appName": "갤러리", "usage": 0},
				{"appName": "카메라", "usage": 0},
				{"appName": "Logger", "usage": 0},
				{"appName": "안드로이드 시스템", "usage": 0},
				{"appName": "접근성", "usage": 0},
				{"appName": "Samsung Health", "usage": 0},
				{"appName": "패키지 설치 프로그램", "usage": 0}
			]
		},
		"pickups": {"usage": 135},
		"downTime": {
			"usages": [
				{"hour": 1, "usage": 2},
				{"hour": 2, "usage": 49},
				{"hour": 3, "usage": 44},
				{"hour": 4, "usage": 57},
				{"hour": 5, "usage": 6},
				{"hour": 6, "usage": 12},
				{"hour": 7, "usage": 32},
				{"hour": 8, "usage": 26},
				{"hour": 9, "usage": 28},
				{"hour": 10, "usage": 29},
				{"hour": 11, "usage": 1},
				{"hour": 12, "usage": 13},
				{"hour": 13, "usage": 5},
				{"hour": 14, "usage": 4},
				{"hour": 15, "usage": 2},
				{"hour": 16, "usage": 4},
				{"hour": 17, "usage": 57},
				{"hour": 18, "usage": 3},
				{"hour": 23, "usage": 7}
			],
			"details": [
				{"appName": "One UI 홈", "usage": [2, 3, 4, 5, 6, 7, 8, 9, 10, 11, 12, 13, 14, 15, 16, 17, 18, 23]},
				{"appName": "카카오톡", "usage": [1, 2, 3, 4, 5, 6, 7, 8, 9, 10, 11, 12, 13, 14, 15, 16, 17]},
				{"appName": "카카오페이지", "usage": [3, 4, 5, 8, 9, 10, 12, 13, 16, 17, 18]},
				{"appName": "Paco", "usage": [2, 3, 4, 5, 6, 7, 8, 9, 10, 12]},
				{"appName": "Facebook", "usage": [2, 3, 5, 6, 7, 8, 9, 10, 13, 17]},
				{"appName": "Samsung Pay", "usage": [3, 5, 7, 9, 12, 13]},
				{"appName": "통화", "usage": [2, 4, 8, 16, 17]},
				{"appName": "전화", "usage": [2, 4, 8, 9, 16]},
				{"appName": "시계", "usage": [0, 1, 7, 17, 23]},
				{"appName": "설정", "usage": [2, 8, 10, 15, 17]},
				{"appName": "Samsung Notes", "usage": [7, 8, 10, 11, 12]},
				{"appName": "Chrome", "usage": [3, 4, 7, 8, 10]},
				{"appName": "문피아", "usage": [1, 3, 4, 7]},
				{"appName": "ABC Logger", "usage": [2, 6, 8, 15]},
				{"appName": "패키지 설치 프로그램", "usage": [2, 8, 15]},
				{"appName": "접근성", "usage": [2, 8, 15]},
				{"appName": "원터치알림", "usage": [2, 3, 9]},
				{"appName": "YouTube", "usage": [2, 3, 23]},
				{"appName": "Logger", "usage": [2, 8, 15]},
				{"appName": "카메라", "usage": [8, 9]},
				{"appName": "음성 녹음", "usage": [18, 23]},
				{"appName": "밥대생", "usage": [2, 8]},
				{"appName": "메시지", "usage": [2, 7]},
				{"appName": "네이버 웹툰", "usage": [2, 8]},
				{"appName": "Polar Beat", "usage": [2, 15]},
				{"appName": "Gmail", "usage": [3, 13]},
				{"appName": "안드로이드 시스템", "usage": [13]},
				{"appName": "롯데리아", "usage": [3]},
				{"appName": "갤러리", "usage": [2]},
				{"appName": "Samsung Health", "usage": [1]},
				{"appName": "NAVER", "usage": [2]}
			]
		},
		"maxTime": {
			"usage": 50,
			"details": [
				{"appName": "Facebook", "usage": 12},
				{"appName": "문피아", "usage": 12},
				{"appName": "YouTube", "usage": 10},
				{"appName": "카카오페이지", "usage": 9},
				{"appName": "Chrome", "usage": 8},
				{"appName": "시계", "usage": 4},
				{"appName": "네이버 웹툰", "usage": 3},
				{"appName": "NAVER", "usage": 3},
				{"appName": "카카오톡", "usage": 2},
				{"appName": "롯데리아", "usage": 1},
				{"appName": "통화", "usage": 1},
				{"appName": "Samsung Notes", "usage": 0},
				{"appName": "Paco", "usage": 0},
				{"appName": "메시지", "usage": 0},
				{"appName": "One UI 홈", "usage": 0},
				{"appName": "Samsung Pay", "usage": 0},
				{"appName": "ABC Logger", "usage": 0},
				{"appName": "밥대생", "usage": 0},
				{"appName": "Gmail", "usage": 0},
				{"appName": "원터치알림", "usage": 0},
				{"appName": "음성 녹음", "usage": 0},
				{"appName": "설정", "usage": 0},
				{"appName": "전화", "usage": 0},
				{"appName": "카메라", "usage": 0},
				{"appName": "갤러리", "usage": 0},
				{"appName": "안드로이드 시스템", "usage": 0},
				{"appName": "Polar Beat", "usage": 0},
				{"appName": "Samsung Health", "usage": 0},
				{"appName": "접근성", "usage": 0},
				{"appName": "Logger", "usage": 0},
				{"appName": "패키지 설치 프로그램", "usage": 0}
			]
		},
		"avgTime": {
			"usage": 2,
			"details": [
				{"appName": "YouTube", "usage": 4},
				{"appName": "Chrome", "usage": 1},
				{"appName": "문피아", "usage": 1},
				{"appName": "Facebook", "usage": 1},
				{"appName": "NAVER", "usage": 1},
				{"appName": "카카오페이지", "usage": 1},
				{"appName": "통화", "usage": 0},
				{"appName": "네이버 웹툰", "usage": 0},
				{"appName": "롯데리아", "usage": 0},
				{"appName": "시계", "usage": 0},
				{"appName": "메시지", "usage": 0},
				{"appName": "Samsung Notes", "usage": 0},
				{"appName": "Gmail", "usage": 0},
				{"appName": "Paco", "usage": 0},
				{"appName": "카카오톡", "usage": 0},
				{"appName": "안드로이드 시스템", "usage": 0},
				{"appName": "밥대생", "usage": 0},
				{"appName": "ABC Logger", "usage": 0},
				{"appName": "Samsung Pay", "usage": 0},
				{"appName": "음성 녹음", "usage": 0},
				{"appName": "카메라", "usage": 0},
				{"appName": "설정", "usage": 0},
				{"appName": "One UI 홈", "usage": 0},
				{"appName": "원터치알림", "usage": 0},
				{"appName": "갤러리", "usage": 0},
				{"appName": "전화", "usage": 0},
				{"appName": "Polar Beat", "usage": 0},
				{"appName": "접근성", "usage": 0},
				{"appName": "Samsung Health", "usage": 0},
				{"appName": "Logger", "usage": 0},
				{"appName": "패키지 설치 프로그램", "usage": 0}
			]
		},
		"lastPickup": {"time": 5}
	},
	{
		"date": 7,
		"totalTime": {
			"usage": 539,
			"details": [
				{"appName": "Chrome", "usage": 152},
				{"appName": "Facebook", "usage": 128},
				{"appName": "카카오페이지", "usage": 117},
				{"appName": "문피아", "usage": 31},
				{"appName": "YouTube", "usage": 29},
				{"appName": "카카오톡", "usage": 26},
				{"appName": "One UI 홈", "usage": 9},
				{"appName": "Paco", "usage": 5},
				{"appName": "Samsung Notes", "usage": 4},
				{"appName": "우리카드", "usage": 3},
				{"appName": "Instagram", "usage": 3},
				{"appName": "통화", "usage": 3},
				{"appName": "갤러리", "usage": 3},
				{"appName": "네이버 웹툰", "usage": 2},
				{"appName": "시계", "usage": 1},
				{"appName": "Word", "usage": 1},
				{"appName": "메시지", "usage": 1},
				{"appName": "원터치알림", "usage": 1},
				{"appName": "Samsung Pay", "usage": 0},
				{"appName": "설정", "usage": 0},
				{"appName": "Polar Beat", "usage": 0},
				{"appName": "Gmail", "usage": 0},
				{"appName": "Dropsync", "usage": 0},
				{"appName": "배달의민족", "usage": 0},
				{"appName": "ABC Logger", "usage": 0},
				{"appName": "Logger", "usage": 0},
				{"appName": "카메라", "usage": 0},
				{"appName": "안드로이드 시스템", "usage": 0},
				{"appName": "T world", "usage": 0},
				{"appName": "전화", "usage": 0},
				{"appName": "비디오 플레이어", "usage": 0},
				{"appName": "시스템 UI", "usage": 0},
				{"appName": "빅스비 보이스", "usage": 0},
				{"appName": "원터치개인", "usage": 0},
				{"appName": "캘린더", "usage": 0},
				{"appName": "접근성", "usage": 0},
				{"appName": "Samsung Health", "usage": 0},
				{"appName": "패키지 설치 프로그램", "usage": 0}
			]
		},
		"pickups": {"usage": 133},
		"downTime": {
			"usages": [
				{"hour": 0, "usage": 16},
				{"hour": 1, "usage": 11},
				{"hour": 2, "usage": 7},
				{"hour": 3, "usage": 37},
				{"hour": 4, "usage": 58},
				{"hour": 5, "usage": 25},
				{"hour": 6, "usage": 20},
				{"hour": 7, "usage": 8},
				{"hour": 8, "usage": 26},
				{"hour": 9, "usage": 24},
				{"hour": 10, "usage": 1},
				{"hour": 11, "usage": 15},
				{"hour": 12, "usage": 27},
				{"hour": 13, "usage": 14},
				{"hour": 14, "usage": 13},
				{"hour": 15, "usage": 59},
				{"hour": 16, "usage": 55},
				{"hour": 17, "usage": 60},
				{"hour": 18, "usage": 53},
				{"hour": 23, "usage": 2}
			],
			"details": [
				{"appName": "One UI 홈", "usage": [0, 1, 2, 3, 4, 5, 6, 7, 8, 9, 10, 11, 12, 13, 14, 15, 16, 17, 18, 23]},
				{"appName": "카카오톡", "usage": [0, 1, 2, 3, 4, 5, 6, 7, 8, 9, 11, 12, 13, 14, 15, 16, 17, 18]},
				{"appName": "Facebook", "usage": [0, 1, 2, 3, 6, 8, 9, 10, 11, 12, 13, 14, 15, 16]},
				{"appName": "카카오페이지", "usage": [0, 1, 3, 5, 6, 8, 9, 11, 13, 14, 17, 18]},
				{"appName": "Chrome", "usage": [0, 1, 2, 3, 4, 5, 12, 13, 15, 16, 17]},
				{"appName": "Paco", "usage": [1, 2, 3, 4, 6, 7, 8, 9, 12]},
				{"appName": "통화", "usage": [2, 5, 7, 8]},
				{"appName": "설정", "usage": [0, 3, 6, 15]},
				{"appName": "전화", "usage": [2, 7, 8]},
				{"appName": "네이버 웹툰", "usage": [0, 1, 5]},
				{"appName": "YouTube", "usage": [0, 3, 4]},
				{"appName": "Samsung Pay", "usage": [3, 7, 13]},
				{"appName": "Polar Beat", "usage": [0, 13, 14]},
				{"appName": "Logger", "usage": [0, 13, 14]},
				{"appName": "패키지 설치 프로그램", "usage": [0, 13]},
				{"appName": "카메라", "usage": [9, 13]},
				{"appName": "원터치알림", "usage": [3, 18]},
				{"appName": "우리카드", "usage": [10, 18]},
				{"appName": "안드로이드 시스템", "usage": [6, 14]},
				{"appName": "시계", "usage": [14, 23]},
				{"appName": "문피아", "usage": [13, 18]},
				{"appName": "메시지", "usage": [0, 15]},
				{"appName": "갤러리", "usage": [3, 13]},
				{"appName": "Word", "usage": [6, 7]},
				{"appName": "Samsung Notes", "usage": [7, 8]},
				{"appName": "Instagram", "usage": [6, 8]},
				{"appName": "캘린더", "usage": [6]},
				{"appName": "접근성", "usage": [0]},
				{"appName": "원터치개인", "usage": [18]},
				{"appName": "시스템 UI", "usage": [15]},
				{"appName": "빅스비 보이스", "usage": [5]},
				{"appName": "비디오 플레이어", "usage": [14]},
				{"appName": "배달의민족", "usage": [2]},
				{"appName": "T world", "usage": [4]},
				{"appName": "Samsung Health", "usage": [23]},
				{"appName": "Gmail", "usage": [2]},
				{"appName": "Dropsync", "usage": [14]},
				{"appName": "ABC Logger", "usage": [13]}
			]
		},
		"maxTime": {
			"usage": 134,
			"details": [
				{"appName": "Chrome", "usage": 40},
				{"appName": "문피아", "usage": 27},
				{"appName": "Facebook", "usage": 20},
				{"appName": "YouTube", "usage": 18},
				{"appName": "카카오페이지", "usage": 12},
				{"appName": "Instagram", "usage": 2},
				{"appName": "카카오톡", "usage": 2},
				{"appName": "갤러리", "usage": 1},
				{"appName": "네이버 웹툰", "usage": 1},
				{"appName": "Paco", "usage": 1},
				{"appName": "시계", "usage": 1},
				{"appName": "Word", "usage": 1},
				{"appName": "통화", "usage": 1},
				{"appName": "Samsung Notes", "usage": 1},
				{"appName": "메시지", "usage": 1},
				{"appName": "우리카드", "usage": 0},
				{"appName": "One UI 홈", "usage": 0},
				{"appName": "원터치알림", "usage": 0},
				{"appName": "Samsung Pay", "usage": 0},
				{"appName": "Dropsync", "usage": 0},
				{"appName": "설정", "usage": 0},
				{"appName": "Gmail", "usage": 0},
				{"appName": "ABC Logger", "usage": 0},
				{"appName": "T world", "usage": 0},
				{"appName": "Logger", "usage": 0},
				{"appName": "배달의민족", "usage": 0},
				{"appName": "Polar Beat", "usage": 0},
				{"appName": "카메라", "usage": 0},
				{"appName": "비디오 플레이어", "usage": 0},
				{"appName": "안드로이드 시스템", "usage": 0},
				{"appName": "시스템 UI", "usage": 0},
				{"appName": "캘린더", "usage": 0},
				{"appName": "전화", "usage": 0},
				{"appName": "빅스비 보이스", "usage": 0},
				{"appName": "접근성", "usage": 0},
				{"appName": "원터치개인", "usage": 0},
				{"appName": "Samsung Health", "usage": 0},
				{"appName": "패키지 설치 프로그램", "usage": 0}
			]
		},
		"avgTime": {
			"usage": 4,
			"details": [
				{"appName": "YouTube", "usage": 7},
				{"appName": "문피아", "usage": 3},
				{"appName": "Chrome", "usage": 3},
				{"appName": "Facebook", "usage": 2},
				{"appName": "Instagram", "usage": 1},
				{"appName": "Word", "usage": 1},
				{"appName": "갤러리", "usage": 0},
				{"appName": "카카오페이지", "usage": 0},
				{"appName": "통화", "usage": 0},
				{"appName": "Dropsync", "usage": 0},
				{"appName": "메시지", "usage": 0},
				{"appName": "시계", "usage": 0},
				{"appName": "Samsung Notes", "usage": 0},
				{"appName": "Paco", "usage": 0},
				{"appName": "네이버 웹툰", "usage": 0},
				{"appName": "Samsung Pay", "usage": 0},
				{"appName": "우리카드", "usage": 0},
				{"appName": "원터치알림", "usage": 0},
				{"appName": "카카오톡", "usage": 0},
				{"appName": "설정", "usage": 0},
				{"appName": "Gmail", "usage": 0},
				{"appName": "T world", "usage": 0},
				{"appName": "One UI 홈", "usage": 0},
				{"appName": "배달의민족", "usage": 0},
				{"appName": "카메라", "usage": 0},
				{"appName": "ABC Logger", "usage": 0},
				{"appName": "비디오 플레이어", "usage": 0},
				{"appName": "Polar Beat", "usage": 0},
				{"appName": "Logger", "usage": 0},
				{"appName": "시스템 UI", "usage": 0},
				{"appName": "안드로이드 시스템", "usage": 0},
				{"appName": "접근성", "usage": 0},
				{"appName": "전화", "usage": 0},
				{"appName": "캘린더", "usage": 0},
				{"appName": "빅스비 보이스", "usage": 0},
				{"appName": "원터치개인", "usage": 0},
				{"appName": "Samsung Health", "usage": 0},
				{"appName": "패키지 설치 프로그램", "usage": 0}
			]
		},
		"lastPickup": {"time": 0}
	}
]
