[
	{
		"date": 1,
		"totalTime": {
			"usage": 237,
			"details": [
				{"appName": "Chrome", "usage": 126},
				{"appName": "기본홈", "usage": 33},
				{"appName": "카카오톡", "usage": 18},
				{"appName": "Paco", "usage": 10},
				{"appName": "Polar Beat", "usage": 9},
				{"appName": "KBO STATS", "usage": 8},
				{"appName": "Last Arrows", "usage": 7},
				{"appName": "비주얼 가계부", "usage": 3},
				{"appName": "메시지", "usage": 2},
				{"appName": "timetable-core", "usage": 2},
				{"appName": "POOQ", "usage": 2},
				{"appName": "왓챠", "usage": 1},
				{"appName": "원터치알림", "usage": 1},
				{"appName": "Prime Video", "usage": 1},
				{"appName": "Netflix", "usage": 1},
				{"appName": "접근성", "usage": 1},
				{"appName": "PAIGE", "usage": 1},
				{"appName": "야구친구", "usage": 0},
				{"appName": "Logger", "usage": 0},
				{"appName": "알람/시계", "usage": 0},
				{"appName": "Google Play 스토어", "usage": 0},
				{"appName": "카이스트 모바일 메일", "usage": 0},
				{"appName": "시스템 UI", "usage": 0},
				{"appName": "통화 화면", "usage": 0},
				{"appName": "문서", "usage": 0},
				{"appName": "KLMS", "usage": 0},
				{"appName": "Wi-Fi", "usage": 0},
				{"appName": "Q메모+", "usage": 0},
				{"appName": "Google", "usage": 0},
				{"appName": "패키지 설치 프로그램", "usage": 0}
			]
		},
		"pickups": {"usage": 98},
		"downTime": {
			"usages": [
				{"hour": 1, "usage": 0},
				{"hour": 2, "usage": 0},
				{"hour": 3, "usage": 27},
				{"hour": 4, "usage": 26},
				{"hour": 5, "usage": 7},
				{"hour": 6, "usage": 12},
				{"hour": 7, "usage": 5},
				{"hour": 8, "usage": 22},
				{"hour": 9, "usage": 16},
				{"hour": 10, "usage": 4},
				{"hour": 11, "usage": 15},
				{"hour": 12, "usage": 17},
				{"hour": 13, "usage": 11},
				{"hour": 14, "usage": 5},
				{"hour": 15, "usage": 2},
				{"hour": 16, "usage": 16},
				{"hour": 17, "usage": 19},
				{"hour": 18, "usage": 25},
				{"hour": 22, "usage": 0}
			],
			"details": [
				{"appName": "기본홈", "usage": [1, 2, 3, 4, 5, 6, 7, 8, 9, 10, 11, 12, 13, 14, 15, 16, 17, 18, 22]},
				{"appName": "Chrome", "usage": [3, 4, 5, 6, 7, 8, 9, 11, 12, 13, 15, 16, 17, 18]},
				{"appName": "Paco", "usage": [3, 4, 5, 6, 8, 9, 11, 12, 14]},
				{"appName": "카카오톡", "usage": [3, 4, 5, 6, 8, 9, 11, 16]},
				{"appName": "Polar Beat", "usage": [3, 4, 5, 6, 9, 12, 13, 14]},
				{"appName": "원터치알림", "usage": [4, 8, 9, 10, 15, 16]},
				{"appName": "시스템 UI", "usage": [3, 4, 6, 8, 15]},
				{"appName": "알람/시계", "usage": [2, 6, 8, 10]},
				{"appName": "KBO STATS", "usage": [6, 8, 11, 13]},
				{"appName": "비주얼 가계부", "usage": [4, 8, 9]},
				{"appName": "메시지", "usage": [3, 8, 13]},
				{"appName": "timetable-core", "usage": [1, 8, 17]},
				{"appName": "패키지 설치 프로그램", "usage": [3, 14]},
				{"appName": "접근성", "usage": [3, 14]},
				{"appName": "왓챠", "usage": [6, 16]},
				{"appName": "야구친구", "usage": [6, 13]},
				{"appName": "Wi-Fi", "usage": [15, 17]},
				{"appName": "Q메모+", "usage": [3, 4]},
				{"appName": "Prime Video", "usage": [11, 16]},
				{"appName": "Logger", "usage": [3, 14]},
				{"appName": "통화 화면", "usage": [3]},
				{"appName": "카이스트 모바일 메일", "usage": [8]},
				{"appName": "문서", "usage": [3]},
				{"appName": "POOQ", "usage": [11]},
				{"appName": "PAIGE", "usage": [5]},
				{"appName": "Netflix", "usage": [16]},
				{"appName": "Last Arrows", "usage": [16]},
				{"appName": "KLMS", "usage": [14]},
				{"appName": "Google Play 스토어", "usage": [6]},
				{"appName": "Google", "usage": [9]}
			]
		},
		"maxTime": {
			"usage": 35,
			"details": [
				{"appName": "Chrome", "usage": 35},
				{"appName": "Last Arrows", "usage": 7},
				{"appName": "카카오톡", "usage": 2},
				{"appName": "기본홈", "usage": 2},
				{"appName": "Polar Beat", "usage": 2},
				{"appName": "timetable-core", "usage": 2},
				{"appName": "KBO STATS", "usage": 1},
				{"appName": "메시지", "usage": 1},
				{"appName": "왓챠", "usage": 1},
				{"appName": "Paco", "usage": 1},
				{"appName": "PAIGE", "usage": 1},
				{"appName": "원터치알림", "usage": 0},
				{"appName": "Netflix", "usage": 0},
				{"appName": "접근성", "usage": 0},
				{"appName": "Prime Video", "usage": 0},
				{"appName": "야구친구", "usage": 0},
				{"appName": "POOQ", "usage": 0},
				{"appName": "카이스트 모바일 메일", "usage": 0},
				{"appName": "통화 화면", "usage": 0},
				{"appName": "비주얼 가계부", "usage": 0},
				{"appName": "문서", "usage": 0},
				{"appName": "Google Play 스토어", "usage": 0},
				{"appName": "Logger", "usage": 0},
				{"appName": "KLMS", "usage": 0},
				{"appName": "알람/시계", "usage": 0},
				{"appName": "시스템 UI", "usage": 0},
				{"appName": "Wi-Fi", "usage": 0},
				{"appName": "Q메모+", "usage": 0},
				{"appName": "Google", "usage": 0},
				{"appName": "패키지 설치 프로그램", "usage": 0}
			]
		},
		"avgTime": {
			"usage": 2,
			"details": [
				{"appName": "Last Arrows", "usage": 7},
				{"appName": "Chrome", "usage": 2},
				{"appName": "KBO STATS", "usage": 0},
				{"appName": "PAIGE", "usage": 0},
				{"appName": "timetable-core", "usage": 0},
				{"appName": "왓챠", "usage": 0},
				{"appName": "접근성", "usage": 0},
				{"appName": "통화 화면", "usage": 0},
				{"appName": "Paco", "usage": 0},
				{"appName": "문서", "usage": 0},
				{"appName": "Polar Beat", "usage": 0},
				{"appName": "메시지", "usage": 0},
				{"appName": "카이스트 모바일 메일", "usage": 0},
				{"appName": "기본홈", "usage": 0},
				{"appName": "Netflix", "usage": 0},
				{"appName": "야구친구", "usage": 0},
				{"appName": "Prime Video", "usage": 0},
				{"appName": "Google Play 스토어", "usage": 0},
				{"appName": "원터치알림", "usage": 0},
				{"appName": "POOQ", "usage": 0},
				{"appName": "KLMS", "usage": 0},
				{"appName": "카카오톡", "usage": 0},
				{"appName": "알람/시계", "usage": 0},
				{"appName": "비주얼 가계부", "usage": 0},
				{"appName": "Logger", "usage": 0},
				{"appName": "Wi-Fi", "usage": 0},
				{"appName": "Q메모+", "usage": 0},
				{"appName": "시스템 UI", "usage": 0},
				{"appName": "Google", "usage": 0},
				{"appName": "패키지 설치 프로그램", "usage": 0}
			]
		},
		"lastPickup": {"time": 0}
	},
	{
		"date": 2,
		"totalTime": {
			"usage": 219,
			"details": [
				{"appName": "Chrome", "usage": 101},
				{"appName": "기본홈", "usage": 30},
				{"appName": "카카오톡", "usage": 18},
				{"appName": "Google 뉴스", "usage": 15},
				{"appName": "Google Play 스토어", "usage": 9},
				{"appName": "Last Arrows", "usage": 8},
				{"appName": "Paco", "usage": 5},
				{"appName": "왓챠", "usage": 4},
				{"appName": "FANDOM", "usage": 4},
				{"appName": "왓챠플레이", "usage": 3},
				{"appName": "oksusu", "usage": 3},
				{"appName": "메시지", "usage": 3},
				{"appName": "카이스트 모바일 메일", "usage": 2},
				{"appName": "Logger", "usage": 1},
				{"appName": "알람/시계", "usage": 1},
				{"appName": "Wi-Fi", "usage": 1},
				{"appName": "KBO STATS", "usage": 1},
				{"appName": "티켓링크", "usage": 0},
				{"appName": "접근성", "usage": 0},
				{"appName": "통화 화면", "usage": 0},
				{"appName": "Polar Beat", "usage": 0},
				{"appName": "BAND", "usage": 0},
				{"appName": "ABC Logger", "usage": 0},
				{"appName": "비주얼 가계부", "usage": 0},
				{"appName": "시스템 UI", "usage": 0},
				{"appName": "날씨", "usage": 0},
				{"appName": "주소록", "usage": 0},
				{"appName": "Dropsync", "usage": 0},
				{"appName": "패키지 설치 프로그램", "usage": 0},
				{"appName": "원터치알림", "usage": 0},
				{"appName": "Google", "usage": 0}
			]
		},
		"pickups": {"usage": 108},
		"downTime": {
			"usages": [
				{"hour": 0, "usage": 17},
				{"hour": 1, "usage": 2},
				{"hour": 2, "usage": 10},
				{"hour": 3, "usage": 26},
				{"hour": 4, "usage": 1},
				{"hour": 5, "usage": 0},
				{"hour": 6, "usage": 19},
				{"hour": 7, "usage": 4},
				{"hour": 8, "usage": 24},
				{"hour": 9, "usage": 0},
				{"hour": 10, "usage": 3},
				{"hour": 11, "usage": 2},
				{"hour": 12, "usage": 3},
				{"hour": 13, "usage": 12},
				{"hour": 14, "usage": 5},
				{"hour": 15, "usage": 14},
				{"hour": 16, "usage": 27},
				{"hour": 17, "usage": 36},
				{"hour": 18, "usage": 4},
				{"hour": 23, "usage": 0}
			],
			"details": [
				{"appName": "기본홈", "usage": [0, 1, 2, 3, 4, 5, 6, 7, 8, 9, 10, 11, 12, 13, 14, 15, 16, 17, 18, 23]},
				{"appName": "카카오톡", "usage": [0, 1, 3, 6, 7, 8, 9, 10, 13, 14, 16, 17, 18]},
				{"appName": "Chrome", "usage": [0, 1, 2, 3, 6, 8, 10, 13, 15, 16, 17, 18]},
				{"appName": "Paco", "usage": [1, 2, 3, 6, 7, 8, 9, 10, 11, 12]},
				{"appName": "알람/시계", "usage": [0, 1, 2, 3, 6, 16, 23]},
				{"appName": "메시지", "usage": [6, 7, 9, 10, 14, 16, 23]},
				{"appName": "Google 뉴스", "usage": [6, 7, 8, 13, 16, 17]},
				{"appName": "패키지 설치 프로그램", "usage": [0, 6, 8, 13, 16]},
				{"appName": "접근성", "usage": [0, 6, 8, 13]},
				{"appName": "Polar Beat", "usage": [0, 1, 10, 13]},
				{"appName": "Logger", "usage": [0, 6, 8, 13]},
				{"appName": "카이스트 모바일 메일", "usage": [0, 2, 6]},
				{"appName": "Wi-Fi", "usage": [3, 6, 13]},
				{"appName": "Google Play 스토어", "usage": [10, 15, 16]},
				{"appName": "ABC Logger", "usage": [6, 8, 13]},
				{"appName": "원터치알림", "usage": [8, 13]},
				{"appName": "시스템 UI", "usage": [0, 8]},
				{"appName": "비주얼 가계부", "usage": [6, 8]},
				{"appName": "날씨", "usage": [10, 16]},
				{"appName": "티켓링크", "usage": [11]},
				{"appName": "통화 화면", "usage": [0]},
				{"appName": "주소록", "usage": [0]},
				{"appName": "왓챠플레이", "usage": [2]},
				{"appName": "왓챠", "usage": [13]},
				{"appName": "oksusu", "usage": [16]},
				{"appName": "Last Arrows", "usage": [15]},
				{"appName": "KBO STATS", "usage": [8]},
				{"appName": "Google", "usage": [8]},
				{"appName": "FANDOM", "usage": [14]},
				{"appName": "Dropsync", "usage": [17]},
				{"appName": "BAND", "usage": [14]}
			]
		},
		"maxTime": {
			"usage": 28,
			"details": [
				{"appName": "Chrome", "usage": 28},
				{"appName": "Last Arrows", "usage": 8},
				{"appName": "카카오톡", "usage": 3},
				{"appName": "Google Play 스토어", "usage": 3},
				{"appName": "Google 뉴스", "usage": 3},
				{"appName": "기본홈", "usage": 3},
				{"appName": "FANDOM", "usage": 2},
				{"appName": "왓챠플레이", "usage": 1},
				{"appName": "왓챠", "usage": 1},
				{"appName": "oksusu", "usage": 1},
				{"appName": "메시지", "usage": 1},
				{"appName": "KBO STATS", "usage": 1},
				{"appName": "Logger", "usage": 0},
				{"appName": "통화 화면", "usage": 0},
				{"appName": "카이스트 모바일 메일", "usage": 0},
				{"appName": "Paco", "usage": 0},
				{"appName": "티켓링크", "usage": 0},
				{"appName": "Wi-Fi", "usage": 0},
				{"appName": "접근성", "usage": 0},
				{"appName": "BAND", "usage": 0},
				{"appName": "ABC Logger", "usage": 0},
				{"appName": "알람/시계", "usage": 0},
				{"appName": "날씨", "usage": 0},
				{"appName": "Polar Beat", "usage": 0},
				{"appName": "시스템 UI", "usage": 0},
				{"appName": "Dropsync", "usage": 0},
				{"appName": "주소록", "usage": 0},
				{"appName": "패키지 설치 프로그램", "usage": 0},
				{"appName": "비주얼 가계부", "usage": 0},
				{"appName": "Google", "usage": 0},
				{"appName": "원터치알림", "usage": 0}
			]
		},
		"avgTime": {
			"usage": 2,
			"details": [
				{"appName": "Last Arrows", "usage": 8},
				{"appName": "Chrome", "usage": 2},
				{"appName": "KBO STATS", "usage": 1},
				{"appName": "Google Play 스토어", "usage": 0},
				{"appName": "통화 화면", "usage": 0},
				{"appName": "왓챠", "usage": 0},
				{"appName": "Google 뉴스", "usage": 0},
				{"appName": "왓챠플레이", "usage": 0},
				{"appName": "FANDOM", "usage": 0},
				{"appName": "카이스트 모바일 메일", "usage": 0},
				{"appName": "Wi-Fi", "usage": 0},
				{"appName": "oksusu", "usage": 0},
				{"appName": "접근성", "usage": 0},
				{"appName": "Paco", "usage": 0},
				{"appName": "기본홈", "usage": 0},
				{"appName": "메시지", "usage": 0},
				{"appName": "Dropsync", "usage": 0},
				{"appName": "Logger", "usage": 0},
				{"appName": "BAND", "usage": 0},
				{"appName": "티켓링크", "usage": 0},
				{"appName": "카카오톡", "usage": 0},
				{"appName": "Polar Beat", "usage": 0},
				{"appName": "날씨", "usage": 0},
				{"appName": "ABC Logger", "usage": 0},
				{"appName": "주소록", "usage": 0},
				{"appName": "알람/시계", "usage": 0},
				{"appName": "시스템 UI", "usage": 0},
				{"appName": "비주얼 가계부", "usage": 0},
				{"appName": "원터치알림", "usage": 0},
				{"appName": "Google", "usage": 0},
				{"appName": "패키지 설치 프로그램", "usage": 0}
			]
		},
		"lastPickup": {"time": 0}
	},
	{
		"date": 3,
		"totalTime": {
			"usage": 235,
			"details": [
				{"appName": "Chrome", "usage": 29},
				{"appName": "Last Arrows", "usage": 29},
				{"appName": "기본홈", "usage": 19},
				{"appName": "Google 뉴스", "usage": 14},
				{"appName": "왓챠", "usage": 8},
				{"appName": "Paco", "usage": 8},
				{"appName": "Doctor Who", "usage": 6},
				{"appName": "카카오톡", "usage": 5},
				{"appName": "brunch", "usage": 4},
				{"appName": "야구친구", "usage": 2},
				{"appName": "KBO STATS", "usage": 2},
				{"appName": "FANDOM", "usage": 1},
				{"appName": "원터치알림", "usage": 1},
				{"appName": "Wi-Fi", "usage": 1},
				{"appName": "알람/시계", "usage": 0},
				{"appName": "메시지", "usage": 0},
				{"appName": "비주얼 가계부", "usage": 0},
				{"appName": "왓챠플레이", "usage": 0},
				{"appName": "Polar Beat", "usage": 0},
				{"appName": "YouTube", "usage": 0},
				{"appName": "Google Play 스토어", "usage": 0},
				{"appName": "접근성", "usage": 0},
				{"appName": "Logger", "usage": 0},
				{"appName": "timetable-core", "usage": 0},
				{"appName": "KLMS", "usage": 0},
				{"appName": "시스템 UI", "usage": 0},
				{"appName": "ABC Logger", "usage": 0},
				{"appName": "카이스트 모바일 메일", "usage": 0},
				{"appName": "날씨", "usage": 0},
				{"appName": "패키지 설치 프로그램", "usage": 0}
			]
		},
		"pickups": {"usage": 78},
		"downTime": {
			"usages": [
				{"hour": 0, "usage": 0},
				{"hour": 1, "usage": 8},
				{"hour": 2, "usage": 23},
				{"hour": 3, "usage": 10},
				{"hour": 4, "usage": 2},
				{"hour": 5, "usage": 5},
				{"hour": 6, "usage": 0},
				{"hour": 7, "usage": 1},
				{"hour": 8, "usage": 19},
				{"hour": 9, "usage": 28},
				{"hour": 10, "usage": 60},
				{"hour": 11, "usage": 19},
				{"hour": 12, "usage": 2},
				{"hour": 13, "usage": 1},
				{"hour": 15, "usage": 0},
				{"hour": 16, "usage": 9},
				{"hour": 17, "usage": 27},
				{"hour": 18, "usage": 6},
				{"hour": 19, "usage": 6}
			],
			"details": [
				{"appName": "기본홈", "usage": [0, 1, 2, 3, 4, 5, 6, 7, 8, 9, 11, 12, 13, 15, 16, 17, 18, 19]},
				{"appName": "Chrome", "usage": [1, 2, 3, 4, 5, 8, 9, 11, 18, 19]},
				{"appName": "Paco", "usage": [2, 3, 5, 6, 7, 8, 9, 10, 11]},
				{"appName": "야구친구", "usage": [1, 4, 7, 11]},
				{"appName": "Google 뉴스", "usage": [2, 3, 8, 19]},
				{"appName": "카카오톡", "usage": [1, 2, 17]},
				{"appName": "원터치알림", "usage": [4, 8, 10]},
				{"appName": "왓챠", "usage": [2, 11, 16]},
				{"appName": "비주얼 가계부", "usage": [0, 4, 8]},
				{"appName": "Wi-Fi", "usage": [2, 3, 8]},
				{"appName": "패키지 설치 프로그램", "usage": [1, 11]},
				{"appName": "접근성", "usage": [1, 11]},
				{"appName": "알람/시계", "usage": [1, 18]},
				{"appName": "메시지", "usage": [1, 9]},
				{"appName": "Polar Beat", "usage": [1, 11]},
				{"appName": "Logger", "usage": [1, 11]},
				{"appName": "Last Arrows", "usage": [16, 17]},
				{"appName": "KBO STATS", "usage": [7, 8]},
				{"appName": "카이스트 모바일 메일", "usage": [11]},
				{"appName": "왓챠플레이", "usage": [11]},
				{"appName": "시스템 UI", "usage": [17]},
				{"appName": "날씨", "usage": [4]},
				{"appName": "timetable-core", "usage": [17]},
				{"appName": "brunch", "usage": [5]},
				{"appName": "YouTube", "usage": [1]},
				{"appName": "KLMS", "usage": [11]},
				{"appName": "Google Play 스토어", "usage": [1]},
				{"appName": "FANDOM", "usage": [12]},
				{"appName": "Doctor Who", "usage": [3]},
				{"appName": "ABC Logger", "usage": [1]}
			]
		},
		"maxTime": {
			"usage": 101,
			"details": [
				{"appName": "Last Arrows", "usage": 15},
				{"appName": "Chrome", "usage": 8},
				{"appName": "Doctor Who", "usage": 6},
				{"appName": "Google 뉴스", "usage": 4},
				{"appName": "왓챠", "usage": 3},
				{"appName": "기본홈", "usage": 2},
				{"appName": "카카오톡", "usage": 2},
				{"appName": "brunch", "usage": 1},
				{"appName": "Paco", "usage": 1},
				{"appName": "원터치알림", "usage": 1},
				{"appName": "FANDOM", "usage": 1},
				{"appName": "야구친구", "usage": 0},
				{"appName": "Wi-Fi", "usage": 0},
				{"appName": "KBO STATS", "usage": 0},
				{"appName": "YouTube", "usage": 0},
				{"appName": "Google Play 스토어", "usage": 0},
				{"appName": "왓챠플레이", "usage": 0},
				{"appName": "메시지", "usage": 0},
				{"appName": "비주얼 가계부", "usage": 0},
				{"appName": "알람/시계", "usage": 0},
				{"appName": "timetable-core", "usage": 0},
				{"appName": "접근성", "usage": 0},
				{"appName": "KLMS", "usage": 0},
				{"appName": "시스템 UI", "usage": 0},
				{"appName": "Polar Beat", "usage": 0},
				{"appName": "카이스트 모바일 메일", "usage": 0},
				{"appName": "ABC Logger", "usage": 0},
				{"appName": "Logger", "usage": 0},
				{"appName": "날씨", "usage": 0},
				{"appName": "패키지 설치 프로그램", "usage": 0}
			]
		},
		"avgTime": {
			"usage": 3,
			"details": [
				{"appName": "Last Arrows", "usage": 7},
				{"appName": "Doctor Who", "usage": 1},
				{"appName": "Chrome", "usage": 1},
				{"appName": "왓챠", "usage": 1},
				{"appName": "brunch", "usage": 0},
				{"appName": "원터치알림", "usage": 0},
				{"appName": "Google 뉴스", "usage": 0},
				{"appName": "FANDOM", "usage": 0},
				{"appName": "야구친구", "usage": 0},
				{"appName": "KBO STATS", "usage": 0},
				{"appName": "Paco", "usage": 0},
				{"appName": "Wi-Fi", "usage": 0},
				{"appName": "YouTube", "usage": 0},
				{"appName": "timetable-core", "usage": 0},
				{"appName": "기본홈", "usage": 0},
				{"appName": "카카오톡", "usage": 0},
				{"appName": "Google Play 스토어", "usage": 0},
				{"appName": "왓챠플레이", "usage": 0},
				{"appName": "카이스트 모바일 메일", "usage": 0},
				{"appName": "접근성", "usage": 0},
				{"appName": "KLMS", "usage": 0},
				{"appName": "시스템 UI", "usage": 0},
				{"appName": "Polar Beat", "usage": 0},
				{"appName": "메시지", "usage": 0},
				{"appName": "알람/시계", "usage": 0},
				{"appName": "ABC Logger", "usage": 0},
				{"appName": "비주얼 가계부", "usage": 0},
				{"appName": "날씨", "usage": 0},
				{"appName": "Logger", "usage": 0},
				{"appName": "패키지 설치 프로그램", "usage": 0}
			]
		},
		"lastPickup": {"time": 6}
	},
	{
		"date": 4,
		"totalTime": {
			"usage": 250,
			"details": [
				{"appName": "알람/시계", "usage": 110},
				{"appName": "Chrome", "usage": 65},
				{"appName": "Last Arrows", "usage": 22},
				{"appName": "기본홈", "usage": 14},
				{"appName": "Paco", "usage": 8},
				{"appName": "왓챠", "usage": 7},
				{"appName": "카카오톡", "usage": 6},
				{"appName": "Wi-Fi", "usage": 4},
				{"appName": "YouTube", "usage": 3},
				{"appName": "KBO STATS", "usage": 2},
				{"appName": "Netflix", "usage": 1},
				{"appName": "야구친구", "usage": 0},
				{"appName": "KLMS", "usage": 0},
				{"appName": "Polar Beat", "usage": 0},
				{"appName": "카이스트 모바일 메일", "usage": 0},
				{"appName": "비주얼 가계부", "usage": 0},
				{"appName": "메시지", "usage": 0},
				{"appName": "접근성", "usage": 0},
				{"appName": "원터치알림", "usage": 0},
				{"appName": "Logger", "usage": 0},
				{"appName": "시스템 UI", "usage": 0},
				{"appName": "패키지 설치 프로그램", "usage": 0}
			]
		},
		"pickups": {"usage": 94},
		"downTime": {
			"usages": [
				{"hour": 1, "usage": 0},
				{"hour": 2, "usage": 0},
				{"hour": 3, "usage": 14},
				{"hour": 4, "usage": 17},
				{"hour": 5, "usage": 0},
				{"hour": 6, "usage": 15},
				{"hour": 7, "usage": 32},
				{"hour": 8, "usage": 0},
				{"hour": 9, "usage": 7},
				{"hour": 10, "usage": 2},
				{"hour": 11, "usage": 1},
				{"hour": 12, "usage": 11},
				{"hour": 13, "usage": 0},
				{"hour": 14, "usage": 2},
				{"hour": 15, "usage": 0},
				{"hour": 16, "usage": 2},
				{"hour": 17, "usage": 14},
				{"hour": 18, "usage": 25},
				{"hour": 19, "usage": 39},
				{"hour": 20, "usage": 23},
				{"hour": 21, "usage": 8},
				{"hour": 22, "usage": 0},
				{"hour": 23, "usage": 28}
			],
			"details": [
				{"appName": "기본홈", "usage": [1, 2, 3, 4, 5, 6, 7, 8, 9, 10, 11, 12, 13, 14, 15, 16, 17, 18, 19, 20, 21, 22, 23]},
				{"appName": "Chrome", "usage": [3, 4, 5, 6, 7, 12, 14, 16, 17, 19, 21]},
				{"appName": "알람/시계", "usage": [1, 2, 14, 16, 18, 19, 20, 21, 23]},
				{"appName": "Paco", "usage": [4, 5, 6, 8, 9, 11, 12]},
				{"appName": "Wi-Fi", "usage": [6, 7, 9, 17, 19, 23]},
				{"appName": "카카오톡", "usage": [3, 6, 9, 12]},
				{"appName": "원터치알림", "usage": [4, 6, 23]},
				{"appName": "Polar Beat", "usage": [4, 6, 13]},
				{"appName": "패키지 설치 프로그램", "usage": [4, 13]},
				{"appName": "접근성", "usage": [4, 13]},
				{"appName": "왓챠", "usage": [11, 12]},
				{"appName": "시스템 UI", "usage": [6, 10]},
				{"appName": "Logger", "usage": [4, 13]},
				{"appName": "카이스트 모바일 메일", "usage": [7]},
				{"appName": "야구친구", "usage": [21]},
				{"appName": "비주얼 가계부", "usage": [23]},
				{"appName": "메시지", "usage": [23]},
				{"appName": "YouTube", "usage": [21]},
				{"appName": "Netflix", "usage": [23]},
				{"appName": "Last Arrows", "usage": [7]},
				{"appName": "KLMS", "usage": [2]},
				{"appName": "KBO STATS", "usage": [4]}
			]
		},
		"maxTime": {
			"usage": 30,
			"details": [
				{"appName": "알람/시계", "usage": 30},
				{"appName": "Last Arrows", "usage": 20},
				{"appName": "Chrome", "usage": 15},
				{"appName": "왓챠", "usage": 6},
				{"appName": "YouTube", "usage": 3},
				{"appName": "Wi-Fi", "usage": 2},
				{"appName": "Paco", "usage": 2},
				{"appName": "기본홈", "usage": 2},
				{"appName": "카카오톡", "usage": 1},
				{"appName": "KBO STATS", "usage": 1},
				{"appName": "Netflix", "usage": 0},
				{"appName": "야구친구", "usage": 0},
				{"appName": "카이스트 모바일 메일", "usage": 0},
				{"appName": "KLMS", "usage": 0},
				{"appName": "메시지", "usage": 0},
				{"appName": "비주얼 가계부", "usage": 0},
				{"appName": "Polar Beat", "usage": 0},
				{"appName": "접근성", "usage": 0},
				{"appName": "원터치알림", "usage": 0},
				{"appName": "Logger", "usage": 0},
				{"appName": "시스템 UI", "usage": 0},
				{"appName": "패키지 설치 프로그램", "usage": 0}
			]
		},
		"avgTime": {
			"usage": 2,
			"details": [
				{"appName": "Last Arrows", "usage": 7},
				{"appName": "알람/시계", "usage": 3},
				{"appName": "Chrome", "usage": 2},
				{"appName": "YouTube", "usage": 1},
				{"appName": "왓챠", "usage": 1},
				{"appName": "Wi-Fi", "usage": 0},
				{"appName": "카이스트 모바일 메일", "usage": 0},
				{"appName": "야구친구", "usage": 0},
				{"appName": "KBO STATS", "usage": 0},
				{"appName": "Paco", "usage": 0},
				{"appName": "Netflix", "usage": 0},
				{"appName": "접근성", "usage": 0},
				{"appName": "KLMS", "usage": 0},
				{"appName": "메시지", "usage": 0},
				{"appName": "카카오톡", "usage": 0},
				{"appName": "기본홈", "usage": 0},
				{"appName": "Polar Beat", "usage": 0},
				{"appName": "비주얼 가계부", "usage": 0},
				{"appName": "시스템 UI", "usage": 0},
				{"appName": "Logger", "usage": 0},
				{"appName": "원터치알림", "usage": 0},
				{"appName": "패키지 설치 프로그램", "usage": 0}
			]
		},
		"lastPickup": {"time": 26}
	},
	{
		"date": 5,
		"totalTime": {
			"usage": 247,
			"details": [
				{"appName": "Chrome", "usage": 118},
				{"appName": "기본홈", "usage": 21},
				{"appName": "카카오톡", "usage": 20},
				{"appName": "Google 뉴스", "usage": 20},
				{"appName": "알람/시계", "usage": 13},
				{"appName": "왓챠", "usage": 12},
				{"appName": "음성 녹음", "usage": 6},
				{"appName": "Paco", "usage": 6},
				{"appName": "원터치개인", "usage": 4},
				{"appName": "Polar Beat", "usage": 3},
				{"appName": "Wi-Fi", "usage": 3},
				{"appName": "timetable-core", "usage": 2},
				{"appName": "메시지", "usage": 2},
				{"appName": "포토", "usage": 2},
				{"appName": "설정", "usage": 2},
				{"appName": "FANDOM", "usage": 2},
				{"appName": "YouTube", "usage": 0},
				{"appName": "PAIGE", "usage": 0},
				{"appName": "원터치알림", "usage": 0},
				{"appName": "야구친구", "usage": 0},
				{"appName": "듀오링고", "usage": 0},
				{"appName": "Logger", "usage": 0},
				{"appName": "접근성", "usage": 0},
				{"appName": "Dropsync", "usage": 0},
				{"appName": "카메라", "usage": 0},
				{"appName": "ABC Logger", "usage": 0},
				{"appName": "Q메모+", "usage": 0},
				{"appName": "카이스트 모바일 메일", "usage": 0},
				{"appName": "비주얼 가계부", "usage": 0},
				{"appName": "Google Play 스토어", "usage": 0},
				{"appName": "시스템 UI", "usage": 0},
				{"appName": "파일 관리자", "usage": 0},
				{"appName": "주소록", "usage": 0},
				{"appName": "Google", "usage": 0},
				{"appName": "패키지 설치 프로그램", "usage": 0}
			]
		},
		"pickups": {"usage": 144},
		"downTime": {
			"usages": [
				{"hour": 0, "usage": 18},
				{"hour": 1, "usage": 13},
				{"hour": 2, "usage": 11},
				{"hour": 3, "usage": 5},
				{"hour": 5, "usage": 7},
				{"hour": 6, "usage": 11},
				{"hour": 7, "usage": 16},
				{"hour": 8, "usage": 24},
				{"hour": 9, "usage": 18},
				{"hour": 10, "usage": 5},
				{"hour": 11, "usage": 1},
				{"hour": 12, "usage": 3},
				{"hour": 13, "usage": 14},
				{"hour": 14, "usage": 50},
				{"hour": 15, "usage": 12},
				{"hour": 16, "usage": 9},
				{"hour": 17, "usage": 4},
				{"hour": 18, "usage": 17}
			],
			"details": [
				{"appName": "기본홈", "usage": [0, 1, 2, 3, 5, 6, 7, 8, 9, 10, 12, 13, 14, 15, 16, 17, 18]},
				{"appName": "Chrome", "usage": [3, 5, 6, 7, 8, 9, 12, 13, 14, 15, 16, 17, 18]},
				{"appName": "카카오톡", "usage": [1, 2, 3, 6, 7, 8, 9, 12, 13, 14, 15, 16]},
				{"appName": "Paco", "usage": [1, 2, 3, 5, 6, 7, 8, 9]},
				{"appName": "Polar Beat", "usage": [0, 1, 3, 6, 7, 8, 9]},
				{"appName": "왓챠", "usage": [1, 2, 7, 8, 15, 16]},
				{"appName": "Wi-Fi", "usage": [0, 1, 12, 14, 15]},
				{"appName": "원터치알림", "usage": [2, 8, 14, 16]},
				{"appName": "메시지", "usage": [2, 3, 5, 18]},
				{"appName": "패키지 설치 프로그램", "usage": [0, 9, 15]},
				{"appName": "음성 녹음", "usage": [10, 11, 12]},
				{"appName": "시스템 UI", "usage": [0, 6, 15]},
				{"appName": "Logger", "usage": [0, 9, 15]},
				{"appName": "포토", "usage": [5, 6]},
				{"appName": "접근성", "usage": [0, 15]},
				{"appName": "알람/시계", "usage": [0, 18]},
				{"appName": "설정", "usage": [1, 15]},
				{"appName": "timetable-core", "usage": [8, 18]},
				{"appName": "Google 뉴스", "usage": [8, 9]},
				{"appName": "Google", "usage": [8, 11]},
				{"appName": "FANDOM", "usage": [3, 5]},
				{"appName": "ABC Logger", "usage": [1, 9]},
				{"appName": "파일 관리자", "usage": [1]},
				{"appName": "카이스트 모바일 메일", "usage": [1]},
				{"appName": "카메라", "usage": [5]},
				{"appName": "주소록", "usage": [17]},
				{"appName": "원터치개인", "usage": [2]},
				{"appName": "야구친구", "usage": [14]},
				{"appName": "비주얼 가계부", "usage": [16]},
				{"appName": "듀오링고", "usage": [8]},
				{"appName": "YouTube", "usage": [7]},
				{"appName": "Q메모+", "usage": [9]},
				{"appName": "PAIGE", "usage": [5]},
				{"appName": "Google Play 스토어", "usage": [18]},
				{"appName": "Dropsync", "usage": [18]}
			]
		},
		"maxTime": {
			"usage": 43,
			"details": [
				{"appName": "Chrome", "usage": 37},
				{"appName": "Google 뉴스", "usage": 12},
				{"appName": "알람/시계", "usage": 7},
				{"appName": "기본홈", "usage": 3},
				{"appName": "왓챠", "usage": 2},
				{"appName": "음성 녹음", "usage": 2},
				{"appName": "Wi-Fi", "usage": 2},
				{"appName": "카카오톡", "usage": 2},
				{"appName": "포토", "usage": 2},
				{"appName": "Paco", "usage": 2},
				{"appName": "설정", "usage": 2},
				{"appName": "timetable-core", "usage": 1},
				{"appName": "FANDOM", "usage": 1},
				{"appName": "Polar Beat", "usage": 1},
				{"appName": "원터치개인", "usage": 0},
				{"appName": "메시지", "usage": 0},
				{"appName": "YouTube", "usage": 0},
				{"appName": "PAIGE", "usage": 0},
				{"appName": "원터치알림", "usage": 0},
				{"appName": "야구친구", "usage": 0},
				{"appName": "Dropsync", "usage": 0},
				{"appName": "듀오링고", "usage": 0},
				{"appName": "카메라", "usage": 0},
				{"appName": "접근성", "usage": 0},
				{"appName": "카이스트 모바일 메일", "usage": 0},
				{"appName": "Logger", "usage": 0},
				{"appName": "Q메모+", "usage": 0},
				{"appName": "ABC Logger", "usage": 0},
				{"appName": "비주얼 가계부", "usage": 0},
				{"appName": "파일 관리자", "usage": 0},
				{"appName": "Google Play 스토어", "usage": 0},
				{"appName": "시스템 UI", "usage": 0},
				{"appName": "주소록", "usage": 0},
				{"appName": "Google", "usage": 0},
				{"appName": "패키지 설치 프로그램", "usage": 0}
			]
		},
		"avgTime": {
			"usage": 1,
			"details": [
				{"appName": "Google 뉴스", "usage": 3},
				{"appName": "Chrome", "usage": 1},
				{"appName": "알람/시계", "usage": 1},
				{"appName": "timetable-core", "usage": 0},
				{"appName": "Wi-Fi", "usage": 0},
				{"appName": "왓챠", "usage": 0},
				{"appName": "포토", "usage": 0},
				{"appName": "YouTube", "usage": 0},
				{"appName": "설정", "usage": 0},
				{"appName": "FANDOM", "usage": 0},
				{"appName": "음성 녹음", "usage": 0},
				{"appName": "Paco", "usage": 0},
				{"appName": "Dropsync", "usage": 0},
				{"appName": "Polar Beat", "usage": 0},
				{"appName": "카메라", "usage": 0},
				{"appName": "야구친구", "usage": 0},
				{"appName": "카카오톡", "usage": 0},
				{"appName": "메시지", "usage": 0},
				{"appName": "원터치개인", "usage": 0},
				{"appName": "접근성", "usage": 0},
				{"appName": "기본홈", "usage": 0},
				{"appName": "PAIGE", "usage": 0},
				{"appName": "카이스트 모바일 메일", "usage": 0},
				{"appName": "듀오링고", "usage": 0},
				{"appName": "원터치알림", "usage": 0},
				{"appName": "Q메모+", "usage": 0},
				{"appName": "비주얼 가계부", "usage": 0},
				{"appName": "Logger", "usage": 0},
				{"appName": "ABC Logger", "usage": 0},
				{"appName": "주소록", "usage": 0},
				{"appName": "파일 관리자", "usage": 0},
				{"appName": "Google Play 스토어", "usage": 0},
				{"appName": "시스템 UI", "usage": 0},
				{"appName": "Google", "usage": 0},
				{"appName": "패키지 설치 프로그램", "usage": 0}
			]
		},
		"lastPickup": {"time": 15}
	},
	{
		"date": 6,
		"totalTime": {
			"usage": 159,
			"details": [
				{"appName": "Chrome", "usage": 51},
				{"appName": "카카오톡", "usage": 33},
				{"appName": "기본홈", "usage": 16},
				{"appName": "Paco", "usage": 8},
				{"appName": "왓챠", "usage": 6},
				{"appName": "메시지", "usage": 6},
				{"appName": "timetable-core", "usage": 6},
				{"appName": "위키백과", "usage": 4},
				{"appName": "코레일톡", "usage": 4},
				{"appName": "알람/시계", "usage": 4},
				{"appName": "FANDOM", "usage": 3},
				{"appName": "야구친구", "usage": 2},
				{"appName": "Doctor Who", "usage": 2},
				{"appName": "Big Finish", "usage": 1},
				{"appName": "왓챠플레이", "usage": 1},
				{"appName": "음악", "usage": 0},
				{"appName": "YouTube", "usage": 0},
				{"appName": "Google Play 스토어", "usage": 0},
				{"appName": "Logger", "usage": 0},
				{"appName": "Polar Beat", "usage": 0},
				{"appName": "Instagram", "usage": 0},
				{"appName": "음성 녹음", "usage": 0},
				{"appName": "시스템 UI", "usage": 0},
				{"appName": "접근성", "usage": 0},
				{"appName": "번역", "usage": 0},
				{"appName": "드라이브", "usage": 0},
				{"appName": "BAND", "usage": 0},
				{"appName": "원터치알림", "usage": 0},
				{"appName": "통화 화면", "usage": 0},
				{"appName": "Android 시스템", "usage": 0},
				{"appName": "날씨", "usage": 0},
				{"appName": "Q메모+", "usage": 0},
				{"appName": "Dropsync", "usage": 0},
				{"appName": "비주얼 가계부", "usage": 0},
				{"appName": "패키지 설치 프로그램", "usage": 0}
			]
		},
		"pickups": {"usage": 93},
		"downTime": {
			"usages": [
				{"hour": 0, "usage": 0},
				{"hour": 1, "usage": 0},
				{"hour": 2, "usage": 0},
				{"hour": 4, "usage": 9},
				{"hour": 5, "usage": 15},
				{"hour": 6, "usage": 6},
				{"hour": 7, "usage": 0},
				{"hour": 8, "usage": 5},
				{"hour": 9, "usage": 3},
				{"hour": 10, "usage": 1},
				{"hour": 11, "usage": 1},
				{"hour": 12, "usage": 7},
				{"hour": 13, "usage": 16},
				{"hour": 14, "usage": 13},
				{"hour": 15, "usage": 11},
				{"hour": 16, "usage": 14},
				{"hour": 17, "usage": 33},
				{"hour": 18, "usage": 16},
				{"hour": 23, "usage": 0}
			],
			"details": [
				{"appName": "기본홈", "usage": [0, 1, 2, 4, 5, 6, 7, 8, 9, 10, 11, 12, 13, 14, 15, 16, 17, 18, 23]},
				{"appName": "카카오톡", "usage": [0, 4, 5, 8, 9, 10, 11, 12, 13, 14, 15, 16]},
				{"appName": "Paco", "usage": [5, 6, 7, 8, 9, 11, 12, 13, 14, 15, 16]},
				{"appName": "Chrome", "usage": [4, 5, 8, 12, 13, 16, 17, 18]},
				{"appName": "알람/시계", "usage": [0, 1, 2, 4, 15, 23]},
				{"appName": "시스템 UI", "usage": [13, 16, 17, 18]},
				{"appName": "메시지", "usage": [6, 13, 15, 16]},
				{"appName": "timetable-core", "usage": [5, 6, 12, 13]},
				{"appName": "패키지 설치 프로그램", "usage": [5, 9, 16]},
				{"appName": "코레일톡", "usage": [12, 13, 17]},
				{"appName": "접근성", "usage": [5, 9, 16]},
				{"appName": "원터치알림", "usage": [10, 15, 17]},
				{"appName": "Logger", "usage": [5, 9, 16]},
				{"appName": "왓챠", "usage": [12, 14]},
				{"appName": "야구친구", "usage": [6, 13]},
				{"appName": "날씨", "usage": [0, 15]},
				{"appName": "Polar Beat", "usage": [5, 16]},
				{"appName": "Google Play 스토어", "usage": [6, 13]},
				{"appName": "Big Finish", "usage": [17, 18]},
				{"appName": "Android 시스템", "usage": [17, 18]},
				{"appName": "통화 화면", "usage": [13]},
				{"appName": "음악", "usage": [17]},
				{"appName": "음성 녹음", "usage": [17]},
				{"appName": "위키백과", "usage": [18]},
				{"appName": "왓챠플레이", "usage": [17]},
				{"appName": "비주얼 가계부", "usage": [6]},
				{"appName": "번역", "usage": [13]},
				{"appName": "드라이브", "usage": [17]},
				{"appName": "YouTube", "usage": [17]},
				{"appName": "Q메모+", "usage": [5]},
				{"appName": "Instagram", "usage": [17]},
				{"appName": "FANDOM", "usage": [16]},
				{"appName": "Dropsync", "usage": [17]},
				{"appName": "Doctor Who", "usage": [18]},
				{"appName": "BAND", "usage": [16]}
			]
		},
		"maxTime": {
			"usage": 31,
			"details": [
				{"appName": "Chrome", "usage": 14},
				{"appName": "왓챠", "usage": 5},
				{"appName": "카카오톡", "usage": 3},
				{"appName": "위키백과", "usage": 3},
				{"appName": "알람/시계", "usage": 3},
				{"appName": "FANDOM", "usage": 3},
				{"appName": "메시지", "usage": 2},
				{"appName": "timetable-core", "usage": 2},
				{"appName": "기본홈", "usage": 2},
				{"appName": "Doctor Who", "usage": 1},
				{"appName": "왓챠플레이", "usage": 1},
				{"appName": "Paco", "usage": 1},
				{"appName": "코레일톡", "usage": 0},
				{"appName": "야구친구", "usage": 0},
				{"appName": "YouTube", "usage": 0},
				{"appName": "Instagram", "usage": 0},
				{"appName": "Logger", "usage": 0},
				{"appName": "Big Finish", "usage": 0},
				{"appName": "음악", "usage": 0},
				{"appName": "Google Play 스토어", "usage": 0},
				{"appName": "음성 녹음", "usage": 0},
				{"appName": "번역", "usage": 0},
				{"appName": "Polar Beat", "usage": 0},
				{"appName": "통화 화면", "usage": 0},
				{"appName": "BAND", "usage": 0},
				{"appName": "Android 시스템", "usage": 0},
				{"appName": "접근성", "usage": 0},
				{"appName": "시스템 UI", "usage": 0},
				{"appName": "드라이브", "usage": 0},
				{"appName": "원터치알림", "usage": 0},
				{"appName": "날씨", "usage": 0},
				{"appName": "Q메모+", "usage": 0},
				{"appName": "Dropsync", "usage": 0},
				{"appName": "비주얼 가계부", "usage": 0},
				{"appName": "패키지 설치 프로그램", "usage": 0}
			]
		},
		"avgTime": {
			"usage": 1,
			"details": [
				{"appName": "Chrome", "usage": 1},
				{"appName": "왓챠", "usage": 1},
				{"appName": "FANDOM", "usage": 0},
				{"appName": "위키백과", "usage": 0},
				{"appName": "timetable-core", "usage": 0},
				{"appName": "메시지", "usage": 0},
				{"appName": "Instagram", "usage": 0},
				{"appName": "YouTube", "usage": 0},
				{"appName": "야구친구", "usage": 0},
				{"appName": "Doctor Who", "usage": 0},
				{"appName": "왓챠플레이", "usage": 0},
				{"appName": "알람/시계", "usage": 0},
				{"appName": "코레일톡", "usage": 0},
				{"appName": "Paco", "usage": 0},
				{"appName": "번역", "usage": 0},
				{"appName": "카카오톡", "usage": 0},
				{"appName": "음성 녹음", "usage": 0},
				{"appName": "기본홈", "usage": 0},
				{"appName": "Google Play 스토어", "usage": 0},
				{"appName": "접근성", "usage": 0},
				{"appName": "통화 화면", "usage": 0},
				{"appName": "BAND", "usage": 0},
				{"appName": "Polar Beat", "usage": 0},
				{"appName": "Android 시스템", "usage": 0},
				{"appName": "음악", "usage": 0},
				{"appName": "드라이브", "usage": 0},
				{"appName": "Q메모+", "usage": 0},
				{"appName": "Dropsync", "usage": 0},
				{"appName": "시스템 UI", "usage": 0},
				{"appName": "Logger", "usage": 0},
				{"appName": "원터치알림", "usage": 0},
				{"appName": "날씨", "usage": 0},
				{"appName": "Big Finish", "usage": 0},
				{"appName": "비주얼 가계부", "usage": 0},
				{"appName": "패키지 설치 프로그램", "usage": 0}
			]
		},
		"lastPickup": {"time": 0}
	},
	{
		"date": 7,
		"totalTime": {
			"usage": 281,
			"details": [
				{"appName": "Chrome", "usage": 146},
				{"appName": "기본홈", "usage": 38},
				{"appName": "카카오톡", "usage": 24},
				{"appName": "Google 뉴스", "usage": 11},
				{"appName": "Paco", "usage": 9},
				{"appName": "왓챠", "usage": 5},
				{"appName": "KBO STATS", "usage": 4},
				{"appName": "음성 녹음", "usage": 3},
				{"appName": "Last Arrows", "usage": 3},
				{"appName": "FANDOM", "usage": 2},
				{"appName": "Polar Beat", "usage": 2},
				{"appName": "야구친구", "usage": 1},
				{"appName": "알람/시계", "usage": 1},
				{"appName": "카메라", "usage": 0},
				{"appName": "메시지", "usage": 0},
				{"appName": "Logger", "usage": 0},
				{"appName": "시스템 UI", "usage": 0},
				{"appName": "카이스트 모바일 메일", "usage": 0},
				{"appName": "원터치알림", "usage": 0},
				{"appName": "접근성", "usage": 0},
				{"appName": "Google Play 스토어", "usage": 0},
				{"appName": "Wi-Fi", "usage": 0},
				{"appName": "음악", "usage": 0},
				{"appName": "KLMS", "usage": 0},
				{"appName": "BAND", "usage": 0},
				{"appName": "캘린더", "usage": 0},
				{"appName": "Dropsync", "usage": 0},
				{"appName": "AhnLab V3 Mobile Security", "usage": 0},
				{"appName": "패키지 설치 프로그램", "usage": 0},
				{"appName": "timetable-core", "usage": 0},
				{"appName": "포토스캐너", "usage": 0}
			]
		},
		"pickups": {"usage": 105},
		"downTime": {
			"usages": [
				{"hour": 0, "usage": 8},
				{"hour": 1, "usage": 14},
				{"hour": 2, "usage": 0},
				{"hour": 3, "usage": 29},
				{"hour": 4, "usage": 1},
				{"hour": 5, "usage": 19},
				{"hour": 6, "usage": 44},
				{"hour": 8, "usage": 21},
				{"hour": 9, "usage": 12},
				{"hour": 10, "usage": 18},
				{"hour": 11, "usage": 1},
				{"hour": 12, "usage": 11},
				{"hour": 13, "usage": 29},
				{"hour": 14, "usage": 8},
				{"hour": 15, "usage": 5},
				{"hour": 16, "usage": 7},
				{"hour": 17, "usage": 5},
				{"hour": 18, "usage": 12},
				{"hour": 19, "usage": 30}
			],
			"details": [
				{"appName": "기본홈", "usage": [0, 1, 2, 3, 4, 5, 6, 8, 9, 10, 11, 12, 13, 14, 15, 16, 17, 18, 19]},
				{"appName": "Chrome", "usage": [0, 1, 3, 5, 6, 8, 9, 10, 14, 15, 16, 17, 18, 19]},
				{"appName": "Paco", "usage": [1, 2, 3, 5, 6, 8, 9, 10, 11, 12, 14, 16, 17]},
				{"appName": "카카오톡", "usage": [2, 4, 5, 6, 8, 9, 10, 11, 12, 13, 15, 18]},
				{"appName": "Polar Beat", "usage": [6, 8, 9, 10, 17]},
				{"appName": "KBO STATS", "usage": [1, 10, 11, 12, 13]},
				{"appName": "패키지 설치 프로그램", "usage": [1, 8, 14, 17]},
				{"appName": "알람/시계", "usage": [0, 6, 8, 17]},
				{"appName": "카메라", "usage": [10, 14, 15]},
				{"appName": "접근성", "usage": [1, 8, 17]},
				{"appName": "원터치알림", "usage": [6, 13, 17]},
				{"appName": "왓챠", "usage": [14, 15, 16]},
				{"appName": "시스템 UI", "usage": [6, 10, 13]},
				{"appName": "Logger", "usage": [1, 8, 17]},
				{"appName": "카이스트 모바일 메일", "usage": [13, 18]},
				{"appName": "메시지", "usage": [13, 15]},
				{"appName": "Google 뉴스", "usage": [1, 6]},
				{"appName": "포토스캐너", "usage": [14]},
				{"appName": "캘린더", "usage": [13]},
				{"appName": "음악", "usage": [5]},
				{"appName": "음성 녹음", "usage": [5]},
				{"appName": "야구친구", "usage": [6]},
				{"appName": "timetable-core", "usage": [18]},
				{"appName": "Wi-Fi", "usage": [13]},
				{"appName": "Last Arrows", "usage": [18]},
				{"appName": "KLMS", "usage": [18]},
				{"appName": "Google Play 스토어", "usage": [18]},
				{"appName": "FANDOM", "usage": [3]},
				{"appName": "Dropsync", "usage": [8]},
				{"appName": "BAND", "usage": [14]},
				{"appName": "AhnLab V3 Mobile Security", "usage": [17]}
			]
		},
		"maxTime": {
			"usage": 22,
			"details": [
				{"appName": "Chrome", "usage": 22},
				{"appName": "기본홈", "usage": 4},
				{"appName": "음성 녹음", "usage": 3},
				{"appName": "Last Arrows", "usage": 2},
				{"appName": "왓챠", "usage": 2},
				{"appName": "Paco", "usage": 1},
				{"appName": "KBO STATS", "usage": 1},
				{"appName": "야구친구", "usage": 1},
				{"appName": "Google 뉴스", "usage": 1},
				{"appName": "카카오톡", "usage": 1},
				{"appName": "FANDOM", "usage": 0},
				{"appName": "Polar Beat", "usage": 0},
				{"appName": "카메라", "usage": 0},
				{"appName": "알람/시계", "usage": 0},
				{"appName": "카이스트 모바일 메일", "usage": 0},
				{"appName": "Logger", "usage": 0},
				{"appName": "Wi-Fi", "usage": 0},
				{"appName": "메시지", "usage": 0},
				{"appName": "음악", "usage": 0},
				{"appName": "시스템 UI", "usage": 0},
				{"appName": "접근성", "usage": 0},
				{"appName": "원터치알림", "usage": 0},
				{"appName": "Google Play 스토어", "usage": 0},
				{"appName": "KLMS", "usage": 0},
				{"appName": "Dropsync", "usage": 0},
				{"appName": "AhnLab V3 Mobile Security", "usage": 0},
				{"appName": "timetable-core", "usage": 0},
				{"appName": "포토스캐너", "usage": 0},
				{"appName": "캘린더", "usage": 0},
				{"appName": "BAND", "usage": 0},
				{"appName": "패키지 설치 프로그램", "usage": 0}
			]
		},
		"avgTime": {
			"usage": 2,
			"details": [
				{"appName": "Chrome", "usage": 3},
				{"appName": "Last Arrows", "usage": 1},
				{"appName": "음성 녹음", "usage": 1},
				{"appName": "야구친구", "usage": 0},
				{"appName": "왓챠", "usage": 0},
				{"appName": "FANDOM", "usage": 0},
				{"appName": "Google 뉴스", "usage": 0},
				{"appName": "카메라", "usage": 0},
				{"appName": "KBO STATS", "usage": 0},
				{"appName": "기본홈", "usage": 0},
				{"appName": "Paco", "usage": 0},
				{"appName": "Wi-Fi", "usage": 0},
				{"appName": "음악", "usage": 0},
				{"appName": "Polar Beat", "usage": 0},
				{"appName": "카이스트 모바일 메일", "usage": 0},
				{"appName": "카카오톡", "usage": 0},
				{"appName": "Dropsync", "usage": 0},
				{"appName": "접근성", "usage": 0},
				{"appName": "시스템 UI", "usage": 0},
				{"appName": "메시지", "usage": 0},
				{"appName": "알람/시계", "usage": 0},
				{"appName": "AhnLab V3 Mobile Security", "usage": 0},
				{"appName": "KLMS", "usage": 0},
				{"appName": "timetable-core", "usage": 0},
				{"appName": "Google Play 스토어", "usage": 0},
				{"appName": "포토스캐너", "usage": 0},
				{"appName": "캘린더", "usage": 0},
				{"appName": "Logger", "usage": 0},
				{"appName": "원터치알림", "usage": 0},
				{"appName": "BAND", "usage": 0},
				{"appName": "패키지 설치 프로그램", "usage": 0}
			]
		},
		"lastPickup": {"time": 12}
	}
]
