[
	{
		"date": 1,
		"totalTime": {
			"usage": 363,
			"details": [
				{"appName": "T map", "usage": 97},
				{"appName": "ISP/페이북", "usage": 95},
				{"appName": "카카오톡", "usage": 38},
				{"appName": "Chrome", "usage": 19},
				{"appName": "토스", "usage": 12},
				{"appName": "Samsung Experience 홈", "usage": 11},
				{"appName": "T전화", "usage": 9},
				{"appName": "Cookie Run: OvenBreak", "usage": 6},
				{"appName": "Microsoft Health", "usage": 5},
				{"appName": "Melon", "usage": 2},
				{"appName": "원터치개인", "usage": 2},
				{"appName": "Paco", "usage": 2},
				{"appName": "패키지 설치 프로그램", "usage": 1},
				{"appName": "설정", "usage": 1},
				{"appName": "뱅크샐러드", "usage": 1},
				{"appName": "Polar Beat", "usage": 1},
				{"appName": "CGV", "usage": 0},
				{"appName": "Adobe Acrobat", "usage": 0},
				{"appName": "카메라", "usage": 0},
				{"appName": "이메일", "usage": 0},
				{"appName": "KAIST 전자식복무관리시스템", "usage": 0},
				{"appName": "메시지", "usage": 0},
				{"appName": "시계", "usage": 0},
				{"appName": "Google Play 스토어", "usage": 0},
				{"appName": "YouTube", "usage": 0},
				{"appName": "Logger", "usage": 0},
				{"appName": "갤러리", "usage": 0},
				{"appName": "OK Cashbag", "usage": 0},
				{"appName": "삼성 캡처", "usage": 0},
				{"appName": "음성 녹음", "usage": 0},
				{"appName": "ABC Logger", "usage": 0},
				{"appName": "", "usage": 0},
				{"appName": "내 파일", "usage": 0},
				{"appName": "안드로이드 시스템", "usage": 0},
				{"appName": "접근성", "usage": 0},
				{"appName": "CGV포토티켓", "usage": 0},
				{"appName": "Authentication Framework", "usage": 0}
			]
		},
		"pickups": {"usage": 55},
		"downTime": {
			"usages": [
				{"hour": 0, "usage": 60},
				{"hour": 1, "usage": 60},
				{"hour": 2, "usage": 38},
				{"hour": 3, "usage": 3},
				{"hour": 4, "usage": 20},
				{"hour": 5, "usage": 17},
				{"hour": 6, "usage": 0},
				{"hour": 7, "usage": 7},
				{"hour": 8, "usage": 8},
				{"hour": 15, "usage": 0},
				{"hour": 16, "usage": 28},
				{"hour": 17, "usage": 60},
				{"hour": 18, "usage": 41},
				{"hour": 19, "usage": 16},
				{"hour": 23, "usage": 0}
			],
			"details": [
				{"appName": "Samsung Experience 홈", "usage": [1, 2, 3, 4, 5, 7, 8, 16, 17, 18, 19]},
				{"appName": "카카오톡", "usage": [1, 2, 3, 4, 5, 7, 18]},
				{"appName": "Paco", "usage": [2, 3, 4, 5, 7, 8]},
				{"appName": "Melon", "usage": [1, 16, 17, 18, 19]},
				{"appName": "패키지 설치 프로그램", "usage": [2, 4, 5, 7]},
				{"appName": "설정", "usage": [2, 5, 18]},
				{"appName": "뱅크샐러드", "usage": [7, 8, 18]},
				{"appName": "T전화", "usage": [2, 3, 4]},
				{"appName": "T map", "usage": [16, 17, 18]},
				{"appName": "Chrome", "usage": [5, 18, 19]},
				{"appName": "토스", "usage": [18, 19]},
				{"appName": "접근성", "usage": [2, 5]},
				{"appName": "이메일", "usage": [4, 18]},
				{"appName": "안드로이드 시스템", "usage": [1, 18]},
				{"appName": "시계", "usage": [19, 23]},
				{"appName": "메시지", "usage": [3, 7]},
				{"appName": "Polar Beat", "usage": [2, 5]},
				{"appName": "Logger", "usage": [2, 5]},
				{"appName": "ISP/페이북", "usage": [0, 1]},
				{"appName": "CGV", "usage": [1, 16]},
				{"appName": "카메라", "usage": [4]},
				{"appName": "음성 녹음", "usage": [18]},
				{"appName": "원터치개인", "usage": [18]},
				{"appName": "삼성 캡처", "usage": [1]},
				{"appName": "내 파일", "usage": [7]},
				{"appName": "갤러리", "usage": [4]},
				{"appName": "YouTube", "usage": [5]},
				{"appName": "OK Cashbag", "usage": [18]},
				{"appName": "Microsoft Health", "usage": [2]},
				{"appName": "KAIST 전자식복무관리시스템", "usage": [7]},
				{"appName": "Google Play 스토어", "usage": [18]},
				{"appName": "Cookie Run: OvenBreak", "usage": [5]},
				{"appName": "CGV포토티켓", "usage": [16]},
				{"appName": "Authentication Framework", "usage": [18]},
				{"appName": "Adobe Acrobat", "usage": [19]},
				{"appName": "ABC Logger", "usage": [2]},
				{"appName": "", "usage": [4]}
			]
		},
		"maxTime": {
			"usage": 157,
			"details": [
				{"appName": "ISP/페이북", "usage": 94},
				{"appName": "T map", "usage": 70},
				{"appName": "Chrome", "usage": 7},
				{"appName": "Cookie Run: OvenBreak", "usage": 6},
				{"appName": "T전화", "usage": 4},
				{"appName": "카카오톡", "usage": 3},
				{"appName": "Microsoft Health", "usage": 2},
				{"appName": "Samsung Experience 홈", "usage": 1},
				{"appName": "토스", "usage": 1},
				{"appName": "Melon", "usage": 1},
				{"appName": "Adobe Acrobat", "usage": 0},
				{"appName": "원터치개인", "usage": 0},
				{"appName": "KAIST 전자식복무관리시스템", "usage": 0},
				{"appName": "카메라", "usage": 0},
				{"appName": "뱅크샐러드", "usage": 0},
				{"appName": "Polar Beat", "usage": 0},
				{"appName": "패키지 설치 프로그램", "usage": 0},
				{"appName": "설정", "usage": 0},
				{"appName": "이메일", "usage": 0},
				{"appName": "YouTube", "usage": 0},
				{"appName": "메시지", "usage": 0},
				{"appName": "CGV", "usage": 0},
				{"appName": "음성 녹음", "usage": 0},
				{"appName": "갤러리", "usage": 0},
				{"appName": "Paco", "usage": 0},
				{"appName": "시계", "usage": 0},
				{"appName": "", "usage": 0},
				{"appName": "ABC Logger", "usage": 0},
				{"appName": "Google Play 스토어", "usage": 0},
				{"appName": "삼성 캡처", "usage": 0},
				{"appName": "내 파일", "usage": 0},
				{"appName": "Logger", "usage": 0},
				{"appName": "OK Cashbag", "usage": 0},
				{"appName": "안드로이드 시스템", "usage": 0},
				{"appName": "CGV포토티켓", "usage": 0},
				{"appName": "접근성", "usage": 0},
				{"appName": "Authentication Framework", "usage": 0}
			]
		},
		"avgTime": {
			"usage": 6,
			"details": [
				{"appName": "ISP/페이북", "usage": 47},
				{"appName": "T map", "usage": 6},
				{"appName": "Cookie Run: OvenBreak", "usage": 6},
				{"appName": "T전화", "usage": 1},
				{"appName": "Chrome", "usage": 0},
				{"appName": "KAIST 전자식복무관리시스템", "usage": 0},
				{"appName": "Adobe Acrobat", "usage": 0},
				{"appName": "카메라", "usage": 0},
				{"appName": "Melon", "usage": 0},
				{"appName": "Microsoft Health", "usage": 0},
				{"appName": "이메일", "usage": 0},
				{"appName": "YouTube", "usage": 0},
				{"appName": "카카오톡", "usage": 0},
				{"appName": "갤러리", "usage": 0},
				{"appName": "음성 녹음", "usage": 0},
				{"appName": "토스", "usage": 0},
				{"appName": "", "usage": 0},
				{"appName": "Samsung Experience 홈", "usage": 0},
				{"appName": "시계", "usage": 0},
				{"appName": "내 파일", "usage": 0},
				{"appName": "삼성 캡처", "usage": 0},
				{"appName": "ABC Logger", "usage": 0},
				{"appName": "원터치개인", "usage": 0},
				{"appName": "뱅크샐러드", "usage": 0},
				{"appName": "설정", "usage": 0},
				{"appName": "Paco", "usage": 0},
				{"appName": "메시지", "usage": 0},
				{"appName": "Polar Beat", "usage": 0},
				{"appName": "CGV", "usage": 0},
				{"appName": "패키지 설치 프로그램", "usage": 0},
				{"appName": "OK Cashbag", "usage": 0},
				{"appName": "안드로이드 시스템", "usage": 0},
				{"appName": "Logger", "usage": 0},
				{"appName": "CGV포토티켓", "usage": 0},
				{"appName": "접근성", "usage": 0},
				{"appName": "Google Play 스토어", "usage": 0},
				{"appName": "Authentication Framework", "usage": 0}
			]
		},
		"lastPickup": {"time": 0}
	},
	{
		"date": 2,
		"totalTime": {
			"usage": 637,
			"details": [
				{"appName": "T전화", "usage": 425},
				{"appName": "카카오톡", "usage": 106},
				{"appName": "메시지", "usage": 23},
				{"appName": "One UI 홈", "usage": 17},
				{"appName": "마카롱", "usage": 7},
				{"appName": "Dropsync", "usage": 7},
				{"appName": "Paco", "usage": 6},
				{"appName": "Samsung Notes", "usage": 5},
				{"appName": "Samsung Pay", "usage": 4},
				{"appName": "영웅문S", "usage": 4},
				{"appName": "Chrome", "usage": 3},
				{"appName": "이메일", "usage": 3},
				{"appName": "Polar Beat", "usage": 2},
				{"appName": "설정", "usage": 2},
				{"appName": "내 파일", "usage": 1},
				{"appName": "브로콜리", "usage": 1},
				{"appName": "T map", "usage": 1},
				{"appName": "SR 고속열차", "usage": 1},
				{"appName": "시계", "usage": 1},
				{"appName": "카카오맵", "usage": 1},
				{"appName": "리마인더", "usage": 0},
				{"appName": "토스", "usage": 0},
				{"appName": "Samsung Pay (Watch plug-in)", "usage": 0},
				{"appName": "전화", "usage": 0},
				{"appName": "", "usage": 0},
				{"appName": "음성 녹음", "usage": 0},
				{"appName": "Logger", "usage": 0},
				{"appName": "KAIST 전자식복무관리시스템", "usage": 0},
				{"appName": "연락처", "usage": 0},
				{"appName": "Melon", "usage": 0},
				{"appName": "접근성", "usage": 0},
				{"appName": "빅스비 보이스", "usage": 0},
				{"appName": "Galaxy Store", "usage": 0},
				{"appName": "ABC Logger", "usage": 0},
				{"appName": "Google", "usage": 0},
				{"appName": "원터치알림", "usage": 0},
				{"appName": "갤러리", "usage": 0},
				{"appName": "안드로이드 시스템", "usage": 0},
				{"appName": "패키지 설치 프로그램", "usage": 0},
				{"appName": "계산기", "usage": 0},
				{"appName": "신한카드", "usage": 0},
				{"appName": "원스토어", "usage": 0},
				{"appName": "우리카드", "usage": 0}
			]
		},
		"pickups": {"usage": 72},
		"downTime": {
			"usages": [
				{"hour": 1, "usage": 27},
				{"hour": 2, "usage": 28},
				{"hour": 3, "usage": 21},
				{"hour": 4, "usage": 30},
				{"hour": 5, "usage": 25},
				{"hour": 6, "usage": 0},
				{"hour": 7, "usage": 22},
				{"hour": 8, "usage": 12},
				{"hour": 9, "usage": 50},
				{"hour": 10, "usage": 60},
				{"hour": 11, "usage": 60},
				{"hour": 12, "usage": 60},
				{"hour": 13, "usage": 60},
				{"hour": 14, "usage": 60},
				{"hour": 15, "usage": 60},
				{"hour": 16, "usage": 56},
				{"hour": 17, "usage": 1}
			],
			"details": [
				{"appName": "T전화", "usage": [2, 3, 4, 9, 10, 11, 12, 13, 14, 15, 16]},
				{"appName": "카카오톡", "usage": [1, 2, 3, 4, 5, 7, 8, 9, 16, 17]},
				{"appName": "One UI 홈", "usage": [1, 2, 3, 4, 5, 6, 7, 8, 9, 16]},
				{"appName": "Paco", "usage": [1, 2, 3, 4, 5, 6, 7, 8, 9]},
				{"appName": "설정", "usage": [1, 4, 7, 8, 16]},
				{"appName": "패키지 설치 프로그램", "usage": [1, 4, 5, 7]},
				{"appName": "Dropsync", "usage": [2, 4, 5, 7]},
				{"appName": "접근성", "usage": [1, 4, 7]},
				{"appName": "메시지", "usage": [4, 9, 16]},
				{"appName": "리마인더", "usage": [1, 5, 7]},
				{"appName": "Samsung Pay", "usage": [1, 4, 5]},
				{"appName": "Polar Beat", "usage": [1, 8, 9]},
				{"appName": "Logger", "usage": [1, 4, 7]},
				{"appName": "Chrome", "usage": [1, 2, 3]},
				{"appName": "토스", "usage": [1, 5]},
				{"appName": "이메일", "usage": [1, 2]},
				{"appName": "음성 녹음", "usage": [1, 5]},
				{"appName": "영웅문S", "usage": [2, 5]},
				{"appName": "시계", "usage": [1, 5]},
				{"appName": "마카롱", "usage": [2, 16]},
				{"appName": "T map", "usage": [1, 2]},
				{"appName": "카카오맵", "usage": [2]},
				{"appName": "전화", "usage": [16]},
				{"appName": "원터치알림", "usage": [2]},
				{"appName": "원스토어", "usage": [7]},
				{"appName": "우리카드", "usage": [2]},
				{"appName": "연락처", "usage": [16]},
				{"appName": "안드로이드 시스템", "usage": [16]},
				{"appName": "신한카드", "usage": [6]},
				{"appName": "빅스비 보이스", "usage": [1]},
				{"appName": "브로콜리", "usage": [5]},
				{"appName": "내 파일", "usage": [7]},
				{"appName": "계산기", "usage": [1]},
				{"appName": "갤러리", "usage": [1]},
				{"appName": "Samsung Pay (Watch plug-in)", "usage": [1]},
				{"appName": "Samsung Notes", "usage": [16]},
				{"appName": "SR 고속열차", "usage": [4]},
				{"appName": "Melon", "usage": [1]},
				{"appName": "KAIST 전자식복무관리시스템", "usage": [1]},
				{"appName": "Google", "usage": [1]},
				{"appName": "Galaxy Store", "usage": [7]},
				{"appName": "ABC Logger", "usage": [8]},
				{"appName": "", "usage": [5]}
			]
		},
		"maxTime": {
			"usage": 423,
			"details": [
				{"appName": "T전화", "usage": 413},
				{"appName": "카카오톡", "usage": 9},
				{"appName": "메시지", "usage": 4},
				{"appName": "영웅문S", "usage": 2},
				{"appName": "이메일", "usage": 2},
				{"appName": "마카롱", "usage": 2},
				{"appName": "Samsung Pay", "usage": 1},
				{"appName": "Paco", "usage": 1},
				{"appName": "Samsung Notes", "usage": 1},
				{"appName": "Chrome", "usage": 1},
				{"appName": "Polar Beat", "usage": 1},
				{"appName": "SR 고속열차", "usage": 1},
				{"appName": "Dropsync", "usage": 1},
				{"appName": "One UI 홈", "usage": 1},
				{"appName": "카카오맵", "usage": 0},
				{"appName": "내 파일", "usage": 0},
				{"appName": "브로콜리", "usage": 0},
				{"appName": "T map", "usage": 0},
				{"appName": "설정", "usage": 0},
				{"appName": "시계", "usage": 0},
				{"appName": "Samsung Pay (Watch plug-in)", "usage": 0},
				{"appName": "", "usage": 0},
				{"appName": "KAIST 전자식복무관리시스템", "usage": 0},
				{"appName": "전화", "usage": 0},
				{"appName": "리마인더", "usage": 0},
				{"appName": "Melon", "usage": 0},
				{"appName": "연락처", "usage": 0},
				{"appName": "음성 녹음", "usage": 0},
				{"appName": "Galaxy Store", "usage": 0},
				{"appName": "토스", "usage": 0},
				{"appName": "ABC Logger", "usage": 0},
				{"appName": "빅스비 보이스", "usage": 0},
				{"appName": "Logger", "usage": 0},
				{"appName": "Google", "usage": 0},
				{"appName": "원터치알림", "usage": 0},
				{"appName": "갤러리", "usage": 0},
				{"appName": "안드로이드 시스템", "usage": 0},
				{"appName": "접근성", "usage": 0},
				{"appName": "계산기", "usage": 0},
				{"appName": "패키지 설치 프로그램", "usage": 0},
				{"appName": "신한카드", "usage": 0},
				{"appName": "원스토어", "usage": 0},
				{"appName": "우리카드", "usage": 0}
			]
		},
		"avgTime": {
			"usage": 8,
			"details": [
				{"appName": "T전화", "usage": 17},
				{"appName": "영웅문S", "usage": 1},
				{"appName": "이메일", "usage": 0},
				{"appName": "SR 고속열차", "usage": 0},
				{"appName": "Chrome", "usage": 0},
				{"appName": "카카오맵", "usage": 0},
				{"appName": "Samsung Notes", "usage": 0},
				{"appName": "Polar Beat", "usage": 0},
				{"appName": "마카롱", "usage": 0},
				{"appName": "Samsung Pay (Watch plug-in)", "usage": 0},
				{"appName": "내 파일", "usage": 0},
				{"appName": "카카오톡", "usage": 0},
				{"appName": "Samsung Pay", "usage": 0},
				{"appName": "메시지", "usage": 0},
				{"appName": "T map", "usage": 0},
				{"appName": "KAIST 전자식복무관리시스템", "usage": 0},
				{"appName": "Dropsync", "usage": 0},
				{"appName": "Paco", "usage": 0},
				{"appName": "전화", "usage": 0},
				{"appName": "브로콜리", "usage": 0},
				{"appName": "Melon", "usage": 0},
				{"appName": "One UI 홈", "usage": 0},
				{"appName": "시계", "usage": 0},
				{"appName": "연락처", "usage": 0},
				{"appName": "설정", "usage": 0},
				{"appName": "음성 녹음", "usage": 0},
				{"appName": "리마인더", "usage": 0},
				{"appName": "", "usage": 0},
				{"appName": "Google", "usage": 0},
				{"appName": "Galaxy Store", "usage": 0},
				{"appName": "ABC Logger", "usage": 0},
				{"appName": "갤러리", "usage": 0},
				{"appName": "토스", "usage": 0},
				{"appName": "안드로이드 시스템", "usage": 0},
				{"appName": "빅스비 보이스", "usage": 0},
				{"appName": "계산기", "usage": 0},
				{"appName": "원터치알림", "usage": 0},
				{"appName": "Logger", "usage": 0},
				{"appName": "접근성", "usage": 0},
				{"appName": "패키지 설치 프로그램", "usage": 0},
				{"appName": "신한카드", "usage": 0},
				{"appName": "원스토어", "usage": 0},
				{"appName": "우리카드", "usage": 0}
			]
		},
		"lastPickup": {"time": 1}
	},
	{
		"date": 3,
		"totalTime": {
			"usage": 123,
			"details": [
				{"appName": "Chrome", "usage": 42},
				{"appName": "카카오톡", "usage": 38},
				{"appName": "One UI 홈", "usage": 8},
				{"appName": "CGV", "usage": 6},
				{"appName": "Gmail", "usage": 5},
				{"appName": "Paco", "usage": 4},
				{"appName": "CGV포토티켓", "usage": 3},
				{"appName": "카카오맵", "usage": 2},
				{"appName": "원스토어", "usage": 1},
				{"appName": "설정", "usage": 1},
				{"appName": "T전화", "usage": 0},
				{"appName": "Dropsync", "usage": 0},
				{"appName": "CJ ONE", "usage": 0},
				{"appName": "ISP/페이북", "usage": 0},
				{"appName": "Polar Beat", "usage": 0},
				{"appName": "Google Play 스토어", "usage": 0},
				{"appName": "Logger", "usage": 0},
				{"appName": "Samsung Pay", "usage": 0},
				{"appName": "메시지", "usage": 0},
				{"appName": "이메일", "usage": 0},
				{"appName": "T map", "usage": 0},
				{"appName": "접근성", "usage": 0},
				{"appName": "안드로이드 시스템", "usage": 0},
				{"appName": "시계", "usage": 0},
				{"appName": "원스토어 서비스", "usage": 0},
				{"appName": "패키지 설치 프로그램", "usage": 0}
			]
		},
		"pickups": {"usage": 44},
		"downTime": {
			"usages": [
				{"hour": 0, "usage": 0},
				{"hour": 3, "usage": 3},
				{"hour": 4, "usage": 22},
				{"hour": 5, "usage": 8},
				{"hour": 8, "usage": 10},
				{"hour": 9, "usage": 9},
				{"hour": 10, "usage": 2},
				{"hour": 11, "usage": 11},
				{"hour": 12, "usage": 4},
				{"hour": 13, "usage": 17},
				{"hour": 14, "usage": 30},
				{"hour": 15, "usage": 2}
			],
			"details": [
				{"appName": "카카오톡", "usage": [3, 4, 5, 8, 9, 10, 11, 12, 13, 14, 15]},
				{"appName": "One UI 홈", "usage": [3, 4, 5, 8, 9, 10, 11, 12, 13, 14, 15]},
				{"appName": "Paco", "usage": [3, 4, 5, 8, 9, 10, 11, 12, 13]},
				{"appName": "패키지 설치 프로그램", "usage": [3, 5, 10, 11, 13]},
				{"appName": "Polar Beat", "usage": [3, 5, 10, 11, 13]},
				{"appName": "Logger", "usage": [3, 5, 10, 11, 13]},
				{"appName": "접근성", "usage": [3, 10, 11, 13]},
				{"appName": "설정", "usage": [3, 10, 11, 13]},
				{"appName": "Chrome", "usage": [5, 8, 13, 14]},
				{"appName": "카카오맵", "usage": [4, 5]},
				{"appName": "Google Play 스토어", "usage": [9, 13]},
				{"appName": "CGV", "usage": [4, 5]},
				{"appName": "이메일", "usage": [11]},
				{"appName": "원스토어 서비스", "usage": [13]},
				{"appName": "원스토어", "usage": [13]},
				{"appName": "안드로이드 시스템", "usage": [8]},
				{"appName": "시계", "usage": [15]},
				{"appName": "메시지", "usage": [3]},
				{"appName": "T전화", "usage": [13]},
				{"appName": "T map", "usage": [8]},
				{"appName": "Samsung Pay", "usage": [5]},
				{"appName": "ISP/페이북", "usage": [4]},
				{"appName": "Gmail", "usage": [11]},
				{"appName": "Dropsync", "usage": [15]},
				{"appName": "CJ ONE", "usage": [5]},
				{"appName": "CGV포토티켓", "usage": [4]}
			]
		},
		"maxTime": {
			"usage": 43,
			"details": [
				{"appName": "Chrome", "usage": 37},
				{"appName": "Gmail", "usage": 4},
				{"appName": "카카오톡", "usage": 2},
				{"appName": "CGV", "usage": 2},
				{"appName": "카카오맵", "usage": 1},
				{"appName": "원스토어", "usage": 1},
				{"appName": "One UI 홈", "usage": 1},
				{"appName": "설정", "usage": 1},
				{"appName": "CGV포토티켓", "usage": 0},
				{"appName": "ISP/페이북", "usage": 0},
				{"appName": "Paco", "usage": 0},
				{"appName": "CJ ONE", "usage": 0},
				{"appName": "T전화", "usage": 0},
				{"appName": "이메일", "usage": 0},
				{"appName": "Samsung Pay", "usage": 0},
				{"appName": "메시지", "usage": 0},
				{"appName": "Dropsync", "usage": 0},
				{"appName": "T map", "usage": 0},
				{"appName": "Google Play 스토어", "usage": 0},
				{"appName": "안드로이드 시스템", "usage": 0},
				{"appName": "Logger", "usage": 0},
				{"appName": "원스토어 서비스", "usage": 0},
				{"appName": "Polar Beat", "usage": 0},
				{"appName": "시계", "usage": 0},
				{"appName": "접근성", "usage": 0},
				{"appName": "패키지 설치 프로그램", "usage": 0}
			]
		},
		"avgTime": {
			"usage": 2,
			"details": [
				{"appName": "Chrome", "usage": 7},
				{"appName": "Gmail", "usage": 1},
				{"appName": "카카오맵", "usage": 0},
				{"appName": "원스토어", "usage": 0},
				{"appName": "CJ ONE", "usage": 0},
				{"appName": "CGV", "usage": 0},
				{"appName": "CGV포토티켓", "usage": 0},
				{"appName": "카카오톡", "usage": 0},
				{"appName": "Samsung Pay", "usage": 0},
				{"appName": "메시지", "usage": 0},
				{"appName": "ISP/페이북", "usage": 0},
				{"appName": "이메일", "usage": 0},
				{"appName": "Paco", "usage": 0},
				{"appName": "Dropsync", "usage": 0},
				{"appName": "T전화", "usage": 0},
				{"appName": "설정", "usage": 0},
				{"appName": "One UI 홈", "usage": 0},
				{"appName": "안드로이드 시스템", "usage": 0},
				{"appName": "T map", "usage": 0},
				{"appName": "원스토어 서비스", "usage": 0},
				{"appName": "시계", "usage": 0},
				{"appName": "Polar Beat", "usage": 0},
				{"appName": "Logger", "usage": 0},
				{"appName": "접근성", "usage": 0},
				{"appName": "Google Play 스토어", "usage": 0},
				{"appName": "패키지 설치 프로그램", "usage": 0}
			]
		},
		"lastPickup": {"time": 0}
	},
	{
		"date": 4,
		"totalTime": {
			"usage": 393,
			"details": [
				{"appName": "Auto Chess", "usage": 146},
				{"appName": "카카오톡", "usage": 140},
				{"appName": "Chrome", "usage": 22},
				{"appName": "One UI 홈", "usage": 20},
				{"appName": "시계", "usage": 13},
				{"appName": "Paco", "usage": 5},
				{"appName": "Instagram", "usage": 5},
				{"appName": "Samsung Health", "usage": 4},
				{"appName": "Samsung Notes", "usage": 3},
				{"appName": "Galaxy Themes", "usage": 3},
				{"appName": "우리카드", "usage": 2},
				{"appName": "음성 녹음", "usage": 2},
				{"appName": "카카오 T", "usage": 2},
				{"appName": "메시지", "usage": 2},
				{"appName": "Google Play 스토어", "usage": 1},
				{"appName": "토스", "usage": 1},
				{"appName": "T전화", "usage": 1},
				{"appName": "SR 고속열차", "usage": 1},
				{"appName": "카메라", "usage": 1},
				{"appName": "Polar Beat", "usage": 1},
				{"appName": "접근성", "usage": 0},
				{"appName": "뱅크샐러드", "usage": 0},
				{"appName": "내 파일", "usage": 0},
				{"appName": "Samsung Pay", "usage": 0},
				{"appName": "설정", "usage": 0},
				{"appName": "카카오맵", "usage": 0},
				{"appName": "Logger", "usage": 0},
				{"appName": "", "usage": 0},
				{"appName": "해피포인트", "usage": 0},
				{"appName": "게임런처", "usage": 0},
				{"appName": "패키지 설치 프로그램", "usage": 0},
				{"appName": "갤러리", "usage": 0},
				{"appName": "삼성 캡처", "usage": 0},
				{"appName": "리마인더", "usage": 0},
				{"appName": "파일", "usage": 0},
				{"appName": "안드로이드 시스템", "usage": 0}
			]
		},
		"pickups": {"usage": 89},
		"downTime": {
			"usages": [
				{"hour": 2, "usage": 2},
				{"hour": 3, "usage": 45},
				{"hour": 4, "usage": 9},
				{"hour": 5, "usage": 23},
				{"hour": 6, "usage": 35},
				{"hour": 7, "usage": 59},
				{"hour": 8, "usage": 57},
				{"hour": 9, "usage": 45},
				{"hour": 10, "usage": 20},
				{"hour": 11, "usage": 22},
				{"hour": 12, "usage": 6},
				{"hour": 13, "usage": 17},
				{"hour": 14, "usage": 2},
				{"hour": 15, "usage": 0},
				{"hour": 16, "usage": 0},
				{"hour": 17, "usage": 0},
				{"hour": 18, "usage": 31},
				{"hour": 23, "usage": 8}
			],
			"details": [
				{"appName": "One UI 홈", "usage": [2, 3, 4, 5, 6, 7, 8, 9, 10, 11, 12, 13, 14, 16, 17, 18]},
				{"appName": "카카오톡", "usage": [3, 4, 5, 6, 7, 8, 9, 10, 11, 12, 13, 14, 16, 17]},
				{"appName": "Paco", "usage": [3, 4, 5, 6, 7, 8, 9, 10, 11, 12, 13]},
				{"appName": "Chrome", "usage": [3, 6, 7, 9, 10, 11, 12]},
				{"appName": "Logger", "usage": [3, 5, 7, 9, 11, 13]},
				{"appName": "Auto Chess", "usage": [3, 4, 6, 7, 8, 18]},
				{"appName": "접근성", "usage": [3, 5, 9, 11, 13]},
				{"appName": "설정", "usage": [3, 5, 9, 11, 13]},
				{"appName": "Polar Beat", "usage": [3, 5, 9, 11, 13]},
				{"appName": "패키지 설치 프로그램", "usage": [3, 8, 9, 11]},
				{"appName": "게임런처", "usage": [6, 7, 8, 18]},
				{"appName": "Samsung Pay", "usage": [6, 9, 14, 16]},
				{"appName": "음성 녹음", "usage": [8, 9, 10]},
				{"appName": "시계", "usage": [17, 18, 23]},
				{"appName": "T전화", "usage": [7, 12, 13]},
				{"appName": "SR 고속열차", "usage": [5, 6, 11]},
				{"appName": "우리카드", "usage": [6, 9]},
				{"appName": "Samsung Notes", "usage": [12, 13]},
				{"appName": "Samsung Health", "usage": [9, 14]},
				{"appName": "Google Play 스토어", "usage": [3, 8]},
				{"appName": "Galaxy Themes", "usage": [2, 3]},
				{"appName": "해피포인트", "usage": [6]},
				{"appName": "파일", "usage": [9]},
				{"appName": "토스", "usage": [8]},
				{"appName": "카카오맵", "usage": [9]},
				{"appName": "카카오 T", "usage": [9]},
				{"appName": "카메라", "usage": [13]},
				{"appName": "안드로이드 시스템", "usage": [9]},
				{"appName": "삼성 캡처", "usage": [6]},
				{"appName": "뱅크샐러드", "usage": [5]},
				{"appName": "메시지", "usage": [9]},
				{"appName": "리마인더", "usage": [13]},
				{"appName": "내 파일", "usage": [5]},
				{"appName": "갤러리", "usage": [13]},
				{"appName": "Instagram", "usage": [13]},
				{"appName": "", "usage": [8]}
			]
		},
		"maxTime": {
			"usage": 46,
			"details": [
				{"appName": "Auto Chess", "usage": 37},
				{"appName": "Chrome", "usage": 7},
				{"appName": "One UI 홈", "usage": 6},
				{"appName": "카카오톡", "usage": 6},
				{"appName": "시계", "usage": 4},
				{"appName": "Instagram", "usage": 4},
				{"appName": "메시지", "usage": 2},
				{"appName": "Samsung Health", "usage": 1},
				{"appName": "Samsung Notes", "usage": 1},
				{"appName": "음성 녹음", "usage": 0},
				{"appName": "SR 고속열차", "usage": 0},
				{"appName": "T전화", "usage": 0},
				{"appName": "카카오 T", "usage": 0},
				{"appName": "카메라", "usage": 0},
				{"appName": "Galaxy Themes", "usage": 0},
				{"appName": "Paco", "usage": 0},
				{"appName": "내 파일", "usage": 0},
				{"appName": "뱅크샐러드", "usage": 0},
				{"appName": "우리카드", "usage": 0},
				{"appName": "Polar Beat", "usage": 0},
				{"appName": "접근성", "usage": 0},
				{"appName": "Google Play 스토어", "usage": 0},
				{"appName": "토스", "usage": 0},
				{"appName": "카카오맵", "usage": 0},
				{"appName": "Samsung Pay", "usage": 0},
				{"appName": "설정", "usage": 0},
				{"appName": "", "usage": 0},
				{"appName": "패키지 설치 프로그램", "usage": 0},
				{"appName": "해피포인트", "usage": 0},
				{"appName": "삼성 캡처", "usage": 0},
				{"appName": "리마인더", "usage": 0},
				{"appName": "파일", "usage": 0},
				{"appName": "Logger", "usage": 0},
				{"appName": "게임런처", "usage": 0},
				{"appName": "갤러리", "usage": 0},
				{"appName": "안드로이드 시스템", "usage": 0}
			]
		},
		"avgTime": {
			"usage": 4,
			"details": [
				{"appName": "Auto Chess", "usage": 6},
				{"appName": "Instagram", "usage": 2},
				{"appName": "Chrome", "usage": 1},
				{"appName": "메시지", "usage": 1},
				{"appName": "내 파일", "usage": 0},
				{"appName": "시계", "usage": 0},
				{"appName": "카메라", "usage": 0},
				{"appName": "Galaxy Themes", "usage": 0},
				{"appName": "음성 녹음", "usage": 0},
				{"appName": "카카오톡", "usage": 0},
				{"appName": "Samsung Notes", "usage": 0},
				{"appName": "카카오맵", "usage": 0},
				{"appName": "Samsung Health", "usage": 0},
				{"appName": "SR 고속열차", "usage": 0},
				{"appName": "T전화", "usage": 0},
				{"appName": "Paco", "usage": 0},
				{"appName": "뱅크샐러드", "usage": 0},
				{"appName": "접근성", "usage": 0},
				{"appName": "Samsung Pay", "usage": 0},
				{"appName": "One UI 홈", "usage": 0},
				{"appName": "토스", "usage": 0},
				{"appName": "삼성 캡처", "usage": 0},
				{"appName": "카카오 T", "usage": 0},
				{"appName": "우리카드", "usage": 0},
				{"appName": "리마인더", "usage": 0},
				{"appName": "Google Play 스토어", "usage": 0},
				{"appName": "", "usage": 0},
				{"appName": "파일", "usage": 0},
				{"appName": "안드로이드 시스템", "usage": 0},
				{"appName": "Polar Beat", "usage": 0},
				{"appName": "설정", "usage": 0},
				{"appName": "해피포인트", "usage": 0},
				{"appName": "갤러리", "usage": 0},
				{"appName": "Logger", "usage": 0},
				{"appName": "패키지 설치 프로그램", "usage": 0},
				{"appName": "게임런처", "usage": 0}
			]
		},
		"lastPickup": {"time": 4}
	},
	{
		"date": 5,
		"totalTime": {
			"usage": 373,
			"details": [
				{"appName": "카카오톡", "usage": 144},
				{"appName": "Auto Chess", "usage": 76},
				{"appName": "T map", "usage": 55},
				{"appName": "One UI 홈", "usage": 19},
				{"appName": "포토", "usage": 12},
				{"appName": "Paco", "usage": 6},
				{"appName": "T전화", "usage": 4},
				{"appName": "Instagram", "usage": 4},
				{"appName": "갤러리", "usage": 4},
				{"appName": "토스", "usage": 4},
				{"appName": "시계", "usage": 3},
				{"appName": "이메일", "usage": 2},
				{"appName": "음성 녹음", "usage": 2},
				{"appName": "Cookie Run: OvenBreak", "usage": 2},
				{"appName": "KAIST 전자식복무관리시스템", "usage": 2},
				{"appName": "Samsung Pay", "usage": 2},
				{"appName": "Chrome", "usage": 2},
				{"appName": "메시지", "usage": 2},
				{"appName": "캘린더", "usage": 1},
				{"appName": "게임런처", "usage": 1},
				{"appName": "카메라", "usage": 1},
				{"appName": "Melon", "usage": 0},
				{"appName": "ABC Logger", "usage": 0},
				{"appName": "Samsung Notes", "usage": 0},
				{"appName": "Polar Beat", "usage": 0},
				{"appName": "삼성 캡처", "usage": 0},
				{"appName": "설정", "usage": 0},
				{"appName": "Galaxy Store", "usage": 0},
				{"appName": "안드로이드 시스템", "usage": 0},
				{"appName": "리마인더", "usage": 0},
				{"appName": "Logger", "usage": 0},
				{"appName": "디바이스 케어", "usage": 0},
				{"appName": "포토 에디터", "usage": 0},
				{"appName": "Google Play 스토어", "usage": 0},
				{"appName": "Most", "usage": 0},
				{"appName": "원터치알림", "usage": 0},
				{"appName": "내 파일", "usage": 0},
				{"appName": "패키지 설치 프로그램", "usage": 0},
				{"appName": "접근성", "usage": 0},
				{"appName": "T 안심", "usage": 0},
				{"appName": "Google", "usage": 0}
			]
		},
		"pickups": {"usage": 154},
		"downTime": {
			"usages": [
				{"hour": 0, "usage": 6},
				{"hour": 1, "usage": 22},
				{"hour": 2, "usage": 19},
				{"hour": 3, "usage": 10},
				{"hour": 4, "usage": 18},
				{"hour": 5, "usage": 43},
				{"hour": 6, "usage": 50},
				{"hour": 7, "usage": 1},
				{"hour": 8, "usage": 48},
				{"hour": 9, "usage": 11},
				{"hour": 10, "usage": 41},
				{"hour": 11, "usage": 13},
				{"hour": 12, "usage": 50},
				{"hour": 13, "usage": 5},
				{"hour": 14, "usage": 0},
				{"hour": 15, "usage": 5},
				{"hour": 21, "usage": 13},
				{"hour": 22, "usage": 3},
				{"hour": 23, "usage": 3}
			],
			"details": [
				{"appName": "One UI 홈", "usage": [0, 1, 2, 3, 4, 5, 6, 7, 8, 9, 10, 11, 12, 13, 14, 15, 17, 21, 22, 23]},
				{"appName": "카카오톡", "usage": [0, 1, 2, 3, 4, 5, 6, 7, 8, 9, 10, 11, 12, 13, 14, 15, 21, 22, 23]},
				{"appName": "Paco", "usage": [1, 2, 3, 4, 5, 6, 8, 9, 10, 11, 12]},
				{"appName": "갤러리", "usage": [1, 4, 5, 6, 8, 12, 13]},
				{"appName": "메시지", "usage": [2, 4, 8, 10, 12, 13]},
				{"appName": "KAIST 전자식복무관리시스템", "usage": [1, 9, 10, 12, 23]},
				{"appName": "설정", "usage": [1, 2, 7, 10]},
				{"appName": "게임런처", "usage": [4, 5, 8, 9]},
				{"appName": "T전화", "usage": [0, 1, 9, 12]},
				{"appName": "Samsung Pay", "usage": [2, 5, 10, 23]},
				{"appName": "Auto Chess", "usage": [5, 6, 8, 9]},
				{"appName": "포토", "usage": [5, 6, 10]},
				{"appName": "패키지 설치 프로그램", "usage": [1, 9, 10]},
				{"appName": "카메라", "usage": [5, 6, 12]},
				{"appName": "음성 녹음", "usage": [5, 6, 15]},
				{"appName": "원터치알림", "usage": [3, 5, 8]},
				{"appName": "안드로이드 시스템", "usage": [5, 6, 10]},
				{"appName": "시계", "usage": [0, 1, 23]},
				{"appName": "삼성 캡처", "usage": [5, 6, 10]},
				{"appName": "디바이스 케어", "usage": [7, 14, 22]},
				{"appName": "T map", "usage": [10, 11, 12]},
				{"appName": "Polar Beat", "usage": [1, 9, 15]},
				{"appName": "Melon", "usage": [10, 11, 12]},
				{"appName": "Logger", "usage": [1, 9, 10]},
				{"appName": "Chrome", "usage": [5, 10, 12]},
				{"appName": "캘린더", "usage": [10, 13]},
				{"appName": "접근성", "usage": [1, 10]},
				{"appName": "이메일", "usage": [4, 21]},
				{"appName": "리마인더", "usage": [2, 8]},
				{"appName": "T 안심", "usage": [17, 21]},
				{"appName": "포토 에디터", "usage": [5]},
				{"appName": "토스", "usage": [8]},
				{"appName": "내 파일", "usage": [9]},
				{"appName": "Samsung Notes", "usage": [13]},
				{"appName": "Most", "usage": [10]},
				{"appName": "Instagram", "usage": [5]},
				{"appName": "Google Play 스토어", "usage": [9]},
				{"appName": "Google", "usage": [13]},
				{"appName": "Galaxy Store", "usage": [21]},
				{"appName": "Cookie Run: OvenBreak", "usage": [9]},
				{"appName": "ABC Logger", "usage": [9]}
			]
		},
		"maxTime": {
			"usage": 40,
			"details": [
				{"appName": "Auto Chess", "usage": 35},
				{"appName": "T map", "usage": 16},
				{"appName": "카카오톡", "usage": 4},
				{"appName": "포토", "usage": 3},
				{"appName": "Cookie Run: OvenBreak", "usage": 2},
				{"appName": "T전화", "usage": 2},
				{"appName": "갤러리", "usage": 1},
				{"appName": "이메일", "usage": 1},
				{"appName": "캘린더", "usage": 1},
				{"appName": "Chrome", "usage": 1},
				{"appName": "Instagram", "usage": 1},
				{"appName": "KAIST 전자식복무관리시스템", "usage": 1},
				{"appName": "시계", "usage": 0},
				{"appName": "One UI 홈", "usage": 0},
				{"appName": "게임런처", "usage": 0},
				{"appName": "ABC Logger", "usage": 0},
				{"appName": "메시지", "usage": 0},
				{"appName": "카메라", "usage": 0},
				{"appName": "음성 녹음", "usage": 0},
				{"appName": "Samsung Pay", "usage": 0},
				{"appName": "Samsung Notes", "usage": 0},
				{"appName": "Paco", "usage": 0},
				{"appName": "토스", "usage": 0},
				{"appName": "Melon", "usage": 0},
				{"appName": "Galaxy Store", "usage": 0},
				{"appName": "포토 에디터", "usage": 0},
				{"appName": "Logger", "usage": 0},
				{"appName": "디바이스 케어", "usage": 0},
				{"appName": "Polar Beat", "usage": 0},
				{"appName": "내 파일", "usage": 0},
				{"appName": "설정", "usage": 0},
				{"appName": "Google Play 스토어", "usage": 0},
				{"appName": "Most", "usage": 0},
				{"appName": "리마인더", "usage": 0},
				{"appName": "삼성 캡처", "usage": 0},
				{"appName": "안드로이드 시스템", "usage": 0},
				{"appName": "원터치알림", "usage": 0},
				{"appName": "패키지 설치 프로그램", "usage": 0},
				{"appName": "T 안심", "usage": 0},
				{"appName": "접근성", "usage": 0},
				{"appName": "Google", "usage": 0}
			]
		},
		"avgTime": {
			"usage": 2,
			"details": [
				{"appName": "Auto Chess", "usage": 7},
				{"appName": "Cookie Run: OvenBreak", "usage": 2},
				{"appName": "T map", "usage": 2},
				{"appName": "Instagram", "usage": 0},
				{"appName": "포토", "usage": 0},
				{"appName": "T전화", "usage": 0},
				{"appName": "Chrome", "usage": 0},
				{"appName": "KAIST 전자식복무관리시스템", "usage": 0},
				{"appName": "카메라", "usage": 0},
				{"appName": "갤러리", "usage": 0},
				{"appName": "캘린더", "usage": 0},
				{"appName": "이메일", "usage": 0},
				{"appName": "Samsung Notes", "usage": 0},
				{"appName": "Samsung Pay", "usage": 0},
				{"appName": "음성 녹음", "usage": 0},
				{"appName": "ABC Logger", "usage": 0},
				{"appName": "카카오톡", "usage": 0},
				{"appName": "시계", "usage": 0},
				{"appName": "포토 에디터", "usage": 0},
				{"appName": "Melon", "usage": 0},
				{"appName": "Paco", "usage": 0},
				{"appName": "게임런처", "usage": 0},
				{"appName": "내 파일", "usage": 0},
				{"appName": "토스", "usage": 0},
				{"appName": "메시지", "usage": 0},
				{"appName": "Most", "usage": 0},
				{"appName": "Galaxy Store", "usage": 0},
				{"appName": "One UI 홈", "usage": 0},
				{"appName": "Google Play 스토어", "usage": 0},
				{"appName": "안드로이드 시스템", "usage": 0},
				{"appName": "삼성 캡처", "usage": 0},
				{"appName": "디바이스 케어", "usage": 0},
				{"appName": "리마인더", "usage": 0},
				{"appName": "설정", "usage": 0},
				{"appName": "원터치알림", "usage": 0},
				{"appName": "Logger", "usage": 0},
				{"appName": "Polar Beat", "usage": 0},
				{"appName": "Google", "usage": 0},
				{"appName": "접근성", "usage": 0},
				{"appName": "패키지 설치 프로그램", "usage": 0},
				{"appName": "T 안심", "usage": 0}
			]
		},
		"lastPickup": {"time": 0}
	},
	{
		"date": 6,
		"totalTime": {
			"usage": 262,
			"details": [
				{"appName": "카카오톡", "usage": 119},
				{"appName": "T map", "usage": 27},
				{"appName": "시계", "usage": 18},
				{"appName": "야놀자", "usage": 12},
				{"appName": "One UI 홈", "usage": 12},
				{"appName": "Chrome", "usage": 9},
				{"appName": "Most", "usage": 8},
				{"appName": "설정", "usage": 6},
				{"appName": "마카롱", "usage": 6},
				{"appName": "메시지", "usage": 6},
				{"appName": "뱅크샐러드", "usage": 5},
				{"appName": "Paco", "usage": 3},
				{"appName": "T전화", "usage": 3},
				{"appName": "Instagram", "usage": 3},
				{"appName": "우리카드", "usage": 2},
				{"appName": "Melon", "usage": 2},
				{"appName": "Cookie Run: OvenBreak", "usage": 1},
				{"appName": "Samsung Pay", "usage": 1},
				{"appName": "고속버스 모바일", "usage": 1},
				{"appName": "Syrup 월렛", "usage": 1},
				{"appName": "갤러리", "usage": 1},
				{"appName": "영웅문S", "usage": 0},
				{"appName": "음성 녹음", "usage": 0},
				{"appName": "삼성 캡처", "usage": 0},
				{"appName": "캘린더", "usage": 0},
				{"appName": "KAIST 전자식복무관리시스템", "usage": 0},
				{"appName": "ISP/페이북", "usage": 0},
				{"appName": "접근성", "usage": 0},
				{"appName": "토스", "usage": 0},
				{"appName": "안드로이드 시스템", "usage": 0},
				{"appName": "원터치알림", "usage": 0},
				{"appName": "Polar Beat", "usage": 0},
				{"appName": "Logger", "usage": 0},
				{"appName": "Google Play 서비스", "usage": 0},
				{"appName": "Samsung Notes", "usage": 0},
				{"appName": "ABC Logger", "usage": 0},
				{"appName": "패키지 설치 프로그램", "usage": 0}
			]
		},
		"pickups": {"usage": 100},
		"downTime": {
			"usages": [
				{"hour": 2, "usage": 9},
				{"hour": 4, "usage": 7},
				{"hour": 5, "usage": 36},
				{"hour": 6, "usage": 30},
				{"hour": 7, "usage": 7},
				{"hour": 8, "usage": 25},
				{"hour": 9, "usage": 6},
				{"hour": 10, "usage": 5},
				{"hour": 11, "usage": 29},
				{"hour": 12, "usage": 36},
				{"hour": 13, "usage": 23},
				{"hour": 14, "usage": 1},
				{"hour": 16, "usage": 5},
				{"hour": 17, "usage": 5},
				{"hour": 18, "usage": 28}
			],
			"details": [
				{"appName": "카카오톡", "usage": [2, 5, 6, 7, 8, 9, 10, 11, 12, 13, 14, 16, 17, 18, 23]},
				{"appName": "One UI 홈", "usage": [2, 5, 6, 7, 8, 9, 10, 11, 12, 13, 14, 16, 17, 18, 23]},
				{"appName": "Paco", "usage": [5, 6, 7, 8, 9, 10, 11, 12]},
				{"appName": "시계", "usage": [2, 4, 5, 8, 10, 18, 23]},
				{"appName": "Chrome", "usage": [5, 6, 9, 10, 11, 12]},
				{"appName": "설정", "usage": [8, 10, 11, 13, 16]},
				{"appName": "안드로이드 시스템", "usage": [9, 11, 12, 17]},
				{"appName": "삼성 캡처", "usage": [12, 13, 16, 18]},
				{"appName": "메시지", "usage": [2, 8, 16, 17]},
				{"appName": "T전화", "usage": [11, 12, 13, 23]},
				{"appName": "Samsung Pay", "usage": [10, 11, 12, 13]},
				{"appName": "접근성", "usage": [8, 11, 13]},
				{"appName": "원터치알림", "usage": [10, 12, 13]},
				{"appName": "야놀자", "usage": [11, 13, 14]},
				{"appName": "T map", "usage": [12, 13, 18]},
				{"appName": "Most", "usage": [5, 12, 18]},
				{"appName": "Logger", "usage": [8, 11, 13]},
				{"appName": "패키지 설치 프로그램", "usage": [8, 13]},
				{"appName": "마카롱", "usage": [12, 18]},
				{"appName": "갤러리", "usage": [9, 16]},
				{"appName": "Polar Beat", "usage": [8, 13]},
				{"appName": "Melon", "usage": [12, 13]},
				{"appName": "Instagram", "usage": [5, 6]},
				{"appName": "토스", "usage": [2]},
				{"appName": "캘린더", "usage": [8]},
				{"appName": "음성 녹음", "usage": [8]},
				{"appName": "우리카드", "usage": [18]},
				{"appName": "영웅문S", "usage": [18]},
				{"appName": "뱅크샐러드", "usage": [18]},
				{"appName": "고속버스 모바일", "usage": [11]},
				{"appName": "Syrup 월렛", "usage": [5]},
				{"appName": "Samsung Notes", "usage": [11]},
				{"appName": "KAIST 전자식복무관리시스템", "usage": [8]},
				{"appName": "ISP/페이북", "usage": [12]},
				{"appName": "Google Play 서비스", "usage": [11]},
				{"appName": "Cookie Run: OvenBreak", "usage": [5]},
				{"appName": "ABC Logger", "usage": [18]}
			]
		},
		"maxTime": {
			"usage": 28,
			"details": [
				{"appName": "T map", "usage": 8},
				{"appName": "카카오톡", "usage": 6},
				{"appName": "시계", "usage": 4},
				{"appName": "설정", "usage": 4},
				{"appName": "Chrome", "usage": 3},
				{"appName": "마카롱", "usage": 3},
				{"appName": "T전화", "usage": 2},
				{"appName": "Cookie Run: OvenBreak", "usage": 1},
				{"appName": "야놀자", "usage": 1},
				{"appName": "Most", "usage": 1},
				{"appName": "메시지", "usage": 1},
				{"appName": "Instagram", "usage": 1},
				{"appName": "Melon", "usage": 1},
				{"appName": "고속버스 모바일", "usage": 1},
				{"appName": "영웅문S", "usage": 0},
				{"appName": "One UI 홈", "usage": 0},
				{"appName": "Syrup 월렛", "usage": 0},
				{"appName": "Samsung Pay", "usage": 0},
				{"appName": "갤러리", "usage": 0},
				{"appName": "뱅크샐러드", "usage": 0},
				{"appName": "Paco", "usage": 0},
				{"appName": "캘린더", "usage": 0},
				{"appName": "음성 녹음", "usage": 0},
				{"appName": "우리카드", "usage": 0},
				{"appName": "KAIST 전자식복무관리시스템", "usage": 0},
				{"appName": "접근성", "usage": 0},
				{"appName": "ISP/페이북", "usage": 0},
				{"appName": "토스", "usage": 0},
				{"appName": "삼성 캡처", "usage": 0},
				{"appName": "Google Play 서비스", "usage": 0},
				{"appName": "ABC Logger", "usage": 0},
				{"appName": "Polar Beat", "usage": 0},
				{"appName": "원터치알림", "usage": 0},
				{"appName": "안드로이드 시스템", "usage": 0},
				{"appName": "Samsung Notes", "usage": 0},
				{"appName": "Logger", "usage": 0},
				{"appName": "패키지 설치 프로그램", "usage": 0}
			]
		},
		"avgTime": {
			"usage": 2,
			"details": [
				{"appName": "Cookie Run: OvenBreak", "usage": 1},
				{"appName": "Instagram", "usage": 1},
				{"appName": "T map", "usage": 1},
				{"appName": "영웅문S", "usage": 0},
				{"appName": "Chrome", "usage": 0},
				{"appName": "시계", "usage": 0},
				{"appName": "갤러리", "usage": 0},
				{"appName": "마카롱", "usage": 0},
				{"appName": "설정", "usage": 0},
				{"appName": "KAIST 전자식복무관리시스템", "usage": 0},
				{"appName": "캘린더", "usage": 0},
				{"appName": "Samsung Pay", "usage": 0},
				{"appName": "Melon", "usage": 0},
				{"appName": "T전화", "usage": 0},
				{"appName": "메시지", "usage": 0},
				{"appName": "카카오톡", "usage": 0},
				{"appName": "음성 녹음", "usage": 0},
				{"appName": "Syrup 월렛", "usage": 0},
				{"appName": "야놀자", "usage": 0},
				{"appName": "Paco", "usage": 0},
				{"appName": "Most", "usage": 0},
				{"appName": "고속버스 모바일", "usage": 0},
				{"appName": "뱅크샐러드", "usage": 0},
				{"appName": "우리카드", "usage": 0},
				{"appName": "삼성 캡처", "usage": 0},
				{"appName": "One UI 홈", "usage": 0},
				{"appName": "접근성", "usage": 0},
				{"appName": "Samsung Notes", "usage": 0},
				{"appName": "ABC Logger", "usage": 0},
				{"appName": "ISP/페이북", "usage": 0},
				{"appName": "토스", "usage": 0},
				{"appName": "Google Play 서비스", "usage": 0},
				{"appName": "안드로이드 시스템", "usage": 0},
				{"appName": "원터치알림", "usage": 0},
				{"appName": "Polar Beat", "usage": 0},
				{"appName": "Logger", "usage": 0},
				{"appName": "패키지 설치 프로그램", "usage": 0}
			]
		},
		"lastPickup": {"time": 4}
	},
	{
		"date": 7,
		"totalTime": {
			"usage": 392,
			"details": [
				{"appName": "카카오톡", "usage": 129},
				{"appName": "Auto Chess", "usage": 77},
				{"appName": "T map", "usage": 59},
				{"appName": "One UI 홈", "usage": 17},
				{"appName": "시계", "usage": 16},
				{"appName": "AIA Vitality T건강걷기", "usage": 12},
				{"appName": "T전화", "usage": 11},
				{"appName": "음성 녹음", "usage": 8},
				{"appName": "Paco", "usage": 7},
				{"appName": "우리카드", "usage": 5},
				{"appName": "Polar Beat", "usage": 5},
				{"appName": "Instagram", "usage": 4},
				{"appName": "CGV", "usage": 3},
				{"appName": "Chrome", "usage": 3},
				{"appName": "이메일", "usage": 2},
				{"appName": "뱅크샐러드", "usage": 2},
				{"appName": "카메라", "usage": 2},
				{"appName": "Samsung Pay", "usage": 2},
				{"appName": "카카오뱅크", "usage": 1},
				{"appName": "메시지", "usage": 1},
				{"appName": "내 파일", "usage": 1},
				{"appName": "Google Play 스토어", "usage": 1},
				{"appName": "Samsung Notes", "usage": 1},
				{"appName": "ABC Logger", "usage": 1},
				{"appName": "Melon", "usage": 1},
				{"appName": "헬로마켓", "usage": 1},
				{"appName": "KAIST 전자식복무관리시스템", "usage": 0},
				{"appName": "ISP/페이북", "usage": 0},
				{"appName": "게임런처", "usage": 0},
				{"appName": "첫화면 상식", "usage": 0},
				{"appName": "Dropsync", "usage": 0},
				{"appName": "갤러리", "usage": 0},
				{"appName": "계산기", "usage": 0},
				{"appName": "원터치알림", "usage": 0},
				{"appName": "안드로이드 시스템", "usage": 0},
				{"appName": "삼성 캡처", "usage": 0},
				{"appName": "Samsung Health", "usage": 0},
				{"appName": "Logger", "usage": 0},
				{"appName": "Gear S PlugIn", "usage": 0},
				{"appName": "패키지 설치 프로그램", "usage": 0},
				{"appName": "원스토어", "usage": 0}
			]
		},
		"pickups": {"usage": 151},
		"downTime": {
			"usages": [
				{"hour": 0, "usage": 29},
				{"hour": 1, "usage": 40},
				{"hour": 2, "usage": 32},
				{"hour": 3, "usage": 16},
				{"hour": 4, "usage": 1},
				{"hour": 5, "usage": 28},
				{"hour": 6, "usage": 2},
				{"hour": 7, "usage": 40},
				{"hour": 8, "usage": 12},
				{"hour": 9, "usage": 6},
				{"hour": 10, "usage": 35},
				{"hour": 11, "usage": 11},
				{"hour": 12, "usage": 23},
				{"hour": 13, "usage": 27},
				{"hour": 14, "usage": 2},
				{"hour": 16, "usage": 4},
				{"hour": 17, "usage": 9},
				{"hour": 18, "usage": 47},
				{"hour": 23, "usage": 19}
			],
			"details": [
				{"appName": "카카오톡", "usage": [0, 1, 2, 3, 4, 5, 6, 7, 8, 9, 10, 11, 12, 13, 14, 16, 17, 18, 23]},
				{"appName": "One UI 홈", "usage": [0, 1, 2, 3, 4, 5, 6, 7, 8, 9, 10, 12, 13, 14, 16, 17, 18, 23]},
				{"appName": "Paco", "usage": [1, 2, 3, 4, 5, 6, 8, 9, 10, 12, 13]},
				{"appName": "T전화", "usage": [0, 1, 2, 3, 4, 7, 12]},
				{"appName": "음성 녹음", "usage": [3, 10, 14, 15, 16, 18]},
				{"appName": "시계", "usage": [0, 3, 12, 18, 19, 23]},
				{"appName": "Polar Beat", "usage": [2, 5, 10, 13, 14]},
				{"appName": "T map", "usage": [0, 1, 10, 12]},
				{"appName": "Samsung Pay", "usage": [1, 2, 8, 14]},
				{"appName": "우리카드", "usage": [2, 17, 19]},
				{"appName": "게임런처", "usage": [7, 8, 18]},
				{"appName": "Samsung Notes", "usage": [5, 17, 18]},
				{"appName": "Auto Chess", "usage": [7, 8, 18]},
				{"appName": "카메라", "usage": [10, 13]},
				{"appName": "이메일", "usage": [16, 17]},
				{"appName": "원터치알림", "usage": [2, 14]},
				{"appName": "안드로이드 시스템", "usage": [0, 2]},
				{"appName": "삼성 캡처", "usage": [0, 2]},
				{"appName": "뱅크샐러드", "usage": [16, 17]},
				{"appName": "메시지", "usage": [3, 18]},
				{"appName": "Melon", "usage": [1, 10]},
				{"appName": "KAIST 전자식복무관리시스템", "usage": [0, 10]},
				{"appName": "Instagram", "usage": [3, 13]},
				{"appName": "Google Play 스토어", "usage": [13, 23]},
				{"appName": "Chrome", "usage": [0, 2]},
				{"appName": "AIA Vitality T건강걷기", "usage": [12, 13]},
				{"appName": "ABC Logger", "usage": [5, 16]},
				{"appName": "헬로마켓", "usage": [2]},
				{"appName": "패키지 설치 프로그램", "usage": [5]},
				{"appName": "카카오뱅크", "usage": [8]},
				{"appName": "첫화면 상식", "usage": [23]},
				{"appName": "원스토어", "usage": [15]},
				{"appName": "내 파일", "usage": [5]},
				{"appName": "계산기", "usage": [17]},
				{"appName": "갤러리", "usage": [18]},
				{"appName": "Samsung Health", "usage": [12]},
				{"appName": "Logger", "usage": [5]},
				{"appName": "ISP/페이북", "usage": [17]},
				{"appName": "Gear S PlugIn", "usage": [18]},
				{"appName": "Dropsync", "usage": [5]},
				{"appName": "CGV", "usage": [17]}
			]
		},
		"maxTime": {
			"usage": 44,
			"details": [
				{"appName": "Auto Chess", "usage": 36},
				{"appName": "T map", "usage": 13},
				{"appName": "시계", "usage": 4},
				{"appName": "카카오톡", "usage": 4},
				{"appName": "T전화", "usage": 3},
				{"appName": "One UI 홈", "usage": 2},
				{"appName": "AIA Vitality T건강걷기", "usage": 2},
				{"appName": "Instagram", "usage": 2},
				{"appName": "Polar Beat", "usage": 2},
				{"appName": "카메라", "usage": 2},
				{"appName": "음성 녹음", "usage": 1},
				{"appName": "CGV", "usage": 1},
				{"appName": "Chrome", "usage": 1},
				{"appName": "이메일", "usage": 1},
				{"appName": "Paco", "usage": 1},
				{"appName": "내 파일", "usage": 0},
				{"appName": "뱅크샐러드", "usage": 0},
				{"appName": "우리카드", "usage": 0},
				{"appName": "메시지", "usage": 0},
				{"appName": "Google Play 스토어", "usage": 0},
				{"appName": "Melon", "usage": 0},
				{"appName": "Samsung Pay", "usage": 0},
				{"appName": "카카오뱅크", "usage": 0},
				{"appName": "Samsung Notes", "usage": 0},
				{"appName": "첫화면 상식", "usage": 0},
				{"appName": "ABC Logger", "usage": 0},
				{"appName": "갤러리", "usage": 0},
				{"appName": "KAIST 전자식복무관리시스템", "usage": 0},
				{"appName": "헬로마켓", "usage": 0},
				{"appName": "게임런처", "usage": 0},
				{"appName": "Dropsync", "usage": 0},
				{"appName": "ISP/페이북", "usage": 0},
				{"appName": "원터치알림", "usage": 0},
				{"appName": "계산기", "usage": 0},
				{"appName": "Samsung Health", "usage": 0},
				{"appName": "안드로이드 시스템", "usage": 0},
				{"appName": "삼성 캡처", "usage": 0},
				{"appName": "Logger", "usage": 0},
				{"appName": "Gear S PlugIn", "usage": 0},
				{"appName": "패키지 설치 프로그램", "usage": 0},
				{"appName": "원스토어", "usage": 0}
			]
		},
		"avgTime": {
			"usage": 2,
			"details": [
				{"appName": "Auto Chess", "usage": 7},
				{"appName": "Instagram", "usage": 2},
				{"appName": "T map", "usage": 1},
				{"appName": "카메라", "usage": 0},
				{"appName": "내 파일", "usage": 0},
				{"appName": "Chrome", "usage": 0},
				{"appName": "시계", "usage": 0},
				{"appName": "갤러리", "usage": 0},
				{"appName": "이메일", "usage": 0},
				{"appName": "음성 녹음", "usage": 0},
				{"appName": "뱅크샐러드", "usage": 0},
				{"appName": "AIA Vitality T건강걷기", "usage": 0},
				{"appName": "Samsung Pay", "usage": 0},
				{"appName": "T전화", "usage": 0},
				{"appName": "KAIST 전자식복무관리시스템", "usage": 0},
				{"appName": "메시지", "usage": 0},
				{"appName": "Samsung Notes", "usage": 0},
				{"appName": "CGV", "usage": 0},
				{"appName": "Polar Beat", "usage": 0},
				{"appName": "카카오톡", "usage": 0},
				{"appName": "Paco", "usage": 0},
				{"appName": "ABC Logger", "usage": 0},
				{"appName": "첫화면 상식", "usage": 0},
				{"appName": "Melon", "usage": 0},
				{"appName": "계산기", "usage": 0},
				{"appName": "Dropsync", "usage": 0},
				{"appName": "우리카드", "usage": 0},
				{"appName": "원터치알림", "usage": 0},
				{"appName": "안드로이드 시스템", "usage": 0},
				{"appName": "헬로마켓", "usage": 0},
				{"appName": "One UI 홈", "usage": 0},
				{"appName": "게임런처", "usage": 0},
				{"appName": "Samsung Health", "usage": 0},
				{"appName": "ISP/페이북", "usage": 0},
				{"appName": "카카오뱅크", "usage": 0},
				{"appName": "Gear S PlugIn", "usage": 0},
				{"appName": "삼성 캡처", "usage": 0},
				{"appName": "Logger", "usage": 0},
				{"appName": "Google Play 스토어", "usage": 0},
				{"appName": "패키지 설치 프로그램", "usage": 0},
				{"appName": "원스토어", "usage": 0}
			]
		},
		"lastPickup": {"time": 0}
	}
]
