[
	{
		"date": 1,
		"totalTime": {
			"usage": 285,
			"details": [
				{"appName": "카카오톡", "usage": 86},
				{"appName": "Chrome", "usage": 58},
				{"appName": "Facebook", "usage": 31},
				{"appName": "카카오페이지", "usage": 23},
				{"appName": "캐시슬라이드 스텝업", "usage": 19},
				{"appName": "통화 화면", "usage": 8},
				{"appName": "Polar Beat", "usage": 7},
				{"appName": "Paco", "usage": 6},
				{"appName": "기본홈", "usage": 5},
				{"appName": "Instagram", "usage": 5},
				{"appName": "프레젠테이션", "usage": 5},
				{"appName": "시스템 UI", "usage": 4},
				{"appName": "카카오 T", "usage": 3},
				{"appName": "메시지", "usage": 3},
				{"appName": "알람/시계", "usage": 2},
				{"appName": "주소록", "usage": 1},
				{"appName": "KB스타알림", "usage": 1},
				{"appName": "접근성", "usage": 0},
				{"appName": "아이디어스", "usage": 0},
				{"appName": "설정", "usage": 0},
				{"appName": "카메라", "usage": 0},
				{"appName": "ABC Logger", "usage": 0},
				{"appName": "음악", "usage": 0},
				{"appName": "갤러리", "usage": 0},
				{"appName": "Q메모+", "usage": 0},
				{"appName": "패키지 설치 프로그램", "usage": 0},
				{"appName": "Messenger", "usage": 0},
				{"appName": "음성 녹음", "usage": 0},
				{"appName": "U+ 고객센터", "usage": 0},
				{"appName": "Google", "usage": 0},
				{"appName": "LG 페이", "usage": 0},
				{"appName": "통화 관리", "usage": 0}
			]
		},
		"pickups": {"usage": 158},
		"downTime": {
			"usages": [
				{"hour": 1, "usage": 15},
				{"hour": 2, "usage": 18},
				{"hour": 3, "usage": 30},
				{"hour": 4, "usage": 13},
				{"hour": 5, "usage": 19},
				{"hour": 7, "usage": 11},
				{"hour": 8, "usage": 12},
				{"hour": 9, "usage": 11},
				{"hour": 10, "usage": 14},
				{"hour": 11, "usage": 16},
				{"hour": 12, "usage": 13},
				{"hour": 13, "usage": 14},
				{"hour": 14, "usage": 2},
				{"hour": 15, "usage": 0},
				{"hour": 16, "usage": 0},
				{"hour": 17, "usage": 18},
				{"hour": 18, "usage": 43},
				{"hour": 19, "usage": 29},
				{"hour": 20, "usage": 0},
				{"hour": 22, "usage": 0},
				{"hour": 23, "usage": 0}
			],
			"details": [
				{"appName": "캐시슬라이드 스텝업", "usage": [1, 2, 3, 4, 5, 7, 8, 9, 10, 11, 12, 13, 14, 15, 16, 17, 18, 19, 20, 22, 23]},
				{"appName": "시스템 UI", "usage": [1, 2, 3, 4, 5, 7, 8, 9, 10, 11, 12, 13, 14, 15, 16, 17, 18, 19]},
				{"appName": "카카오톡", "usage": [1, 2, 3, 4, 5, 7, 8, 9, 10, 11, 12, 13, 14, 16, 17, 18, 19]},
				{"appName": "기본홈", "usage": [1, 2, 3, 4, 5, 7, 8, 9, 10, 11, 12, 13, 14, 15, 18, 19, 22]},
				{"appName": "Chrome", "usage": [1, 2, 4, 5, 9, 12, 13, 14, 15, 16, 17, 18, 19]},
				{"appName": "Paco", "usage": [3, 4, 5, 8, 10, 12, 13, 14, 15]},
				{"appName": "Facebook", "usage": [2, 5, 7, 8, 11, 13, 17, 18, 19]},
				{"appName": "Polar Beat", "usage": [1, 3, 5, 8, 11, 12, 13, 18]},
				{"appName": "알람/시계", "usage": [1, 5, 7, 12, 13, 18]},
				{"appName": "통화 화면", "usage": [3, 7, 10, 11, 12]},
				{"appName": "주소록", "usage": [3, 7, 10, 11, 12]},
				{"appName": "KB스타알림", "usage": [3, 9, 10, 16, 17]},
				{"appName": "프레젠테이션", "usage": [1, 2, 3, 5]},
				{"appName": "통화 관리", "usage": [3, 7, 10, 12]},
				{"appName": "접근성", "usage": [2, 5, 8, 18]},
				{"appName": "설정", "usage": [2, 5, 8, 18]},
				{"appName": "메시지", "usage": [7, 11, 12, 13]},
				{"appName": "Instagram", "usage": [11, 13, 14, 19]},
				{"appName": "카카오페이지", "usage": [18, 19]},
				{"appName": "카메라", "usage": [8, 11]},
				{"appName": "Google", "usage": [9, 18]},
				{"appName": "ABC Logger", "usage": [1, 5]},
				{"appName": "패키지 설치 프로그램", "usage": [2]},
				{"appName": "카카오 T", "usage": [9]},
				{"appName": "음악", "usage": [2]},
				{"appName": "음성 녹음", "usage": [4]},
				{"appName": "아이디어스", "usage": [14]},
				{"appName": "갤러리", "usage": [11]},
				{"appName": "U+ 고객센터", "usage": [5]},
				{"appName": "Q메모+", "usage": [18]},
				{"appName": "Messenger", "usage": [4]},
				{"appName": "LG 페이", "usage": [11]}
			]
		},
		"maxTime": {
			"usage": 58,
			"details": [
				{"appName": "Chrome", "usage": 13},
				{"appName": "캐시슬라이드 스텝업", "usage": 8},
				{"appName": "카카오톡", "usage": 7},
				{"appName": "통화 화면", "usage": 6},
				{"appName": "Facebook", "usage": 4},
				{"appName": "카카오페이지", "usage": 2},
				{"appName": "메시지", "usage": 2},
				{"appName": "Instagram", "usage": 2},
				{"appName": "프레젠테이션", "usage": 1},
				{"appName": "Polar Beat", "usage": 1},
				{"appName": "Paco", "usage": 0},
				{"appName": "기본홈", "usage": 0},
				{"appName": "ABC Logger", "usage": 0},
				{"appName": "아이디어스", "usage": 0},
				{"appName": "카카오 T", "usage": 0},
				{"appName": "KB스타알림", "usage": 0},
				{"appName": "주소록", "usage": 0},
				{"appName": "갤러리", "usage": 0},
				{"appName": "접근성", "usage": 0},
				{"appName": "Q메모+", "usage": 0},
				{"appName": "카메라", "usage": 0},
				{"appName": "음악", "usage": 0},
				{"appName": "알람/시계", "usage": 0},
				{"appName": "시스템 UI", "usage": 0},
				{"appName": "설정", "usage": 0},
				{"appName": "Messenger", "usage": 0},
				{"appName": "패키지 설치 프로그램", "usage": 0},
				{"appName": "음성 녹음", "usage": 0},
				{"appName": "U+ 고객센터", "usage": 0},
				{"appName": "Google", "usage": 0},
				{"appName": "LG 페이", "usage": 0},
				{"appName": "통화 관리", "usage": 0}
			]
		},
		"avgTime": {
			"usage": 1,
			"details": [
				{"appName": "통화 화면", "usage": 1},
				{"appName": "Chrome", "usage": 0},
				{"appName": "Facebook", "usage": 0},
				{"appName": "Instagram", "usage": 0},
				{"appName": "갤러리", "usage": 0},
				{"appName": "카카오페이지", "usage": 0},
				{"appName": "프레젠테이션", "usage": 0},
				{"appName": "Polar Beat", "usage": 0},
				{"appName": "메시지", "usage": 0},
				{"appName": "접근성", "usage": 0},
				{"appName": "Paco", "usage": 0},
				{"appName": "카카오 T", "usage": 0},
				{"appName": "카메라", "usage": 0},
				{"appName": "아이디어스", "usage": 0},
				{"appName": "ABC Logger", "usage": 0},
				{"appName": "주소록", "usage": 0},
				{"appName": "카카오톡", "usage": 0},
				{"appName": "음악", "usage": 0},
				{"appName": "Q메모+", "usage": 0},
				{"appName": "설정", "usage": 0},
				{"appName": "알람/시계", "usage": 0},
				{"appName": "캐시슬라이드 스텝업", "usage": 0},
				{"appName": "기본홈", "usage": 0},
				{"appName": "패키지 설치 프로그램", "usage": 0},
				{"appName": "KB스타알림", "usage": 0},
				{"appName": "Messenger", "usage": 0},
				{"appName": "음성 녹음", "usage": 0},
				{"appName": "U+ 고객센터", "usage": 0},
				{"appName": "시스템 UI", "usage": 0},
				{"appName": "LG 페이", "usage": 0},
				{"appName": "Google", "usage": 0},
				{"appName": "통화 관리", "usage": 0}
			]
		},
		"lastPickup": {"time": 0}
	},
	{
		"date": 2,
		"totalTime": {
			"usage": 311,
			"details": [
				{"appName": "카카오톡", "usage": 80},
				{"appName": "Chrome", "usage": 79},
				{"appName": "드라이브", "usage": 35},
				{"appName": "Instagram", "usage": 20},
				{"appName": "캐시슬라이드 스텝업", "usage": 16},
				{"appName": "기본홈", "usage": 8},
				{"appName": "Kahoot!", "usage": 7},
				{"appName": "Polar Beat", "usage": 7},
				{"appName": "통화 화면", "usage": 7},
				{"appName": "KLMS", "usage": 6},
				{"appName": "Google", "usage": 6},
				{"appName": "Paco", "usage": 4},
				{"appName": "시스템 UI", "usage": 4},
				{"appName": "Facebook", "usage": 4},
				{"appName": "카카오페이지", "usage": 3},
				{"appName": "알람/시계", "usage": 2},
				{"appName": "넌얼마나쓰니", "usage": 2},
				{"appName": "설정", "usage": 2},
				{"appName": "밥대생", "usage": 1},
				{"appName": "메시지", "usage": 1},
				{"appName": "음성 녹음", "usage": 0},
				{"appName": "아이디어스", "usage": 0},
				{"appName": "ABC Logger", "usage": 0},
				{"appName": "접근성", "usage": 0},
				{"appName": "KB스타알림", "usage": 0},
				{"appName": "주소록", "usage": 0},
				{"appName": "Logger", "usage": 0},
				{"appName": "러브데이", "usage": 0},
				{"appName": "YouTube", "usage": 0},
				{"appName": "AhnLab V3 Mobile Plus 2.0", "usage": 0},
				{"appName": "카메라", "usage": 0},
				{"appName": "PowerPoint", "usage": 0},
				{"appName": "Google Play 스토어", "usage": 0},
				{"appName": "LG 페이", "usage": 0},
				{"appName": "Q메모+", "usage": 0},
				{"appName": "Cake", "usage": 0},
				{"appName": "패키지 설치 프로그램", "usage": 0},
				{"appName": "통화 관리", "usage": 0},
				{"appName": "Android 시스템", "usage": 0}
			]
		},
		"pickups": {"usage": 183},
		"downTime": {
			"usages": [
				{"hour": 0, "usage": 24},
				{"hour": 1, "usage": 18},
				{"hour": 2, "usage": 14},
				{"hour": 3, "usage": 16},
				{"hour": 4, "usage": 10},
				{"hour": 5, "usage": 28},
				{"hour": 6, "usage": 45},
				{"hour": 7, "usage": 0},
				{"hour": 8, "usage": 22},
				{"hour": 9, "usage": 4},
				{"hour": 10, "usage": 12},
				{"hour": 11, "usage": 10},
				{"hour": 12, "usage": 41},
				{"hour": 13, "usage": 6},
				{"hour": 14, "usage": 3},
				{"hour": 15, "usage": 13},
				{"hour": 16, "usage": 18},
				{"hour": 21, "usage": 0},
				{"hour": 22, "usage": 0},
				{"hour": 23, "usage": 15}
			],
			"details": [
				{"appName": "캐시슬라이드 스텝업", "usage": [0, 1, 2, 3, 4, 5, 6, 7, 8, 9, 10, 11, 12, 13, 14, 15, 16, 21, 22, 23]},
				{"appName": "카카오톡", "usage": [0, 1, 2, 3, 4, 5, 6, 8, 9, 10, 11, 12, 13, 14, 15, 16, 23]},
				{"appName": "기본홈", "usage": [0, 1, 2, 3, 4, 5, 6, 8, 9, 10, 11, 12, 13, 14, 15, 16, 23]},
				{"appName": "시스템 UI", "usage": [0, 1, 2, 3, 4, 5, 6, 8, 9, 10, 12, 13, 14, 15, 16, 23]},
				{"appName": "Chrome", "usage": [0, 1, 2, 3, 5, 6, 8, 15, 16, 23]},
				{"appName": "Polar Beat", "usage": [1, 3, 4, 6, 8, 14, 15]},
				{"appName": "KB스타알림", "usage": [1, 2, 3, 11, 13, 14, 23]},
				{"appName": "Paco", "usage": [1, 3, 8, 10, 11, 12]},
				{"appName": "알람/시계", "usage": [0, 6, 8, 16, 23]},
				{"appName": "Instagram", "usage": [0, 1, 2, 3, 8]},
				{"appName": "Facebook", "usage": [0, 1, 6, 15, 23]},
				{"appName": "통화 화면", "usage": [1, 2, 5, 15]},
				{"appName": "설정", "usage": [1, 3, 6, 15]},
				{"appName": "KLMS", "usage": [3, 4, 11, 12]},
				{"appName": "접근성", "usage": [1, 6, 15]},
				{"appName": "음성 녹음", "usage": [1, 4, 5]},
				{"appName": "Google", "usage": [1, 14, 16]},
				{"appName": "패키지 설치 프로그램", "usage": [8, 14]},
				{"appName": "통화 관리", "usage": [5, 15]},
				{"appName": "주소록", "usage": [5, 15]},
				{"appName": "드라이브", "usage": [11, 12]},
				{"appName": "Logger", "usage": [8, 14]},
				{"appName": "카카오페이지", "usage": [16]},
				{"appName": "카메라", "usage": [10]},
				{"appName": "아이디어스", "usage": [8]},
				{"appName": "밥대생", "usage": [16]},
				{"appName": "메시지", "usage": [1]},
				{"appName": "러브데이", "usage": [3]},
				{"appName": "넌얼마나쓰니", "usage": [8]},
				{"appName": "YouTube", "usage": [8]},
				{"appName": "Q메모+", "usage": [13]},
				{"appName": "PowerPoint", "usage": [12]},
				{"appName": "LG 페이", "usage": [23]},
				{"appName": "Kahoot!", "usage": [5]},
				{"appName": "Google Play 스토어", "usage": [10]},
				{"appName": "Cake", "usage": [11]},
				{"appName": "Android 시스템", "usage": [3]},
				{"appName": "AhnLab V3 Mobile Plus 2.0", "usage": [16]},
				{"appName": "ABC Logger", "usage": [1]}
			]
		},
		"maxTime": {
			"usage": 23,
			"details": [
				{"appName": "드라이브", "usage": 23},
				{"appName": "Instagram", "usage": 13},
				{"appName": "카카오톡", "usage": 9},
				{"appName": "통화 화면", "usage": 6},
				{"appName": "Chrome", "usage": 6},
				{"appName": "Google", "usage": 5},
				{"appName": "Kahoot!", "usage": 2},
				{"appName": "KLMS", "usage": 1},
				{"appName": "설정", "usage": 1},
				{"appName": "캐시슬라이드 스텝업", "usage": 1},
				{"appName": "넌얼마나쓰니", "usage": 1},
				{"appName": "Facebook", "usage": 1},
				{"appName": "Polar Beat", "usage": 1},
				{"appName": "밥대생", "usage": 1},
				{"appName": "카카오페이지", "usage": 1},
				{"appName": "기본홈", "usage": 0},
				{"appName": "Paco", "usage": 0},
				{"appName": "시스템 UI", "usage": 0},
				{"appName": "메시지", "usage": 0},
				{"appName": "음성 녹음", "usage": 0},
				{"appName": "아이디어스", "usage": 0},
				{"appName": "알람/시계", "usage": 0},
				{"appName": "ABC Logger", "usage": 0},
				{"appName": "접근성", "usage": 0},
				{"appName": "주소록", "usage": 0},
				{"appName": "Logger", "usage": 0},
				{"appName": "KB스타알림", "usage": 0},
				{"appName": "러브데이", "usage": 0},
				{"appName": "카메라", "usage": 0},
				{"appName": "YouTube", "usage": 0},
				{"appName": "Google Play 스토어", "usage": 0},
				{"appName": "AhnLab V3 Mobile Plus 2.0", "usage": 0},
				{"appName": "LG 페이", "usage": 0},
				{"appName": "PowerPoint", "usage": 0},
				{"appName": "Q메모+", "usage": 0},
				{"appName": "Cake", "usage": 0},
				{"appName": "패키지 설치 프로그램", "usage": 0},
				{"appName": "통화 관리", "usage": 0},
				{"appName": "Android 시스템", "usage": 0}
			]
		},
		"avgTime": {
			"usage": 1,
			"details": [
				{"appName": "드라이브", "usage": 3},
				{"appName": "Kahoot!", "usage": 1},
				{"appName": "통화 화면", "usage": 1},
				{"appName": "Chrome", "usage": 0},
				{"appName": "Instagram", "usage": 0},
				{"appName": "Google", "usage": 0},
				{"appName": "Facebook", "usage": 0},
				{"appName": "넌얼마나쓰니", "usage": 0},
				{"appName": "메시지", "usage": 0},
				{"appName": "카카오페이지", "usage": 0},
				{"appName": "설정", "usage": 0},
				{"appName": "밥대생", "usage": 0},
				{"appName": "Polar Beat", "usage": 0},
				{"appName": "KLMS", "usage": 0},
				{"appName": "Paco", "usage": 0},
				{"appName": "ABC Logger", "usage": 0},
				{"appName": "카카오톡", "usage": 0},
				{"appName": "접근성", "usage": 0},
				{"appName": "음성 녹음", "usage": 0},
				{"appName": "기본홈", "usage": 0},
				{"appName": "알람/시계", "usage": 0},
				{"appName": "아이디어스", "usage": 0},
				{"appName": "Logger", "usage": 0},
				{"appName": "러브데이", "usage": 0},
				{"appName": "캐시슬라이드 스텝업", "usage": 0},
				{"appName": "Google Play 스토어", "usage": 0},
				{"appName": "주소록", "usage": 0},
				{"appName": "YouTube", "usage": 0},
				{"appName": "시스템 UI", "usage": 0},
				{"appName": "LG 페이", "usage": 0},
				{"appName": "카메라", "usage": 0},
				{"appName": "Q메모+", "usage": 0},
				{"appName": "PowerPoint", "usage": 0},
				{"appName": "KB스타알림", "usage": 0},
				{"appName": "AhnLab V3 Mobile Plus 2.0", "usage": 0},
				{"appName": "Cake", "usage": 0},
				{"appName": "패키지 설치 프로그램", "usage": 0},
				{"appName": "통화 관리", "usage": 0},
				{"appName": "Android 시스템", "usage": 0}
			]
		},
		"lastPickup": {"time": 3}
	},
	{
		"date": 3,
		"totalTime": {
			"usage": 200,
			"details": [
				{"appName": "Chrome", "usage": 93},
				{"appName": "카카오톡", "usage": 46},
				{"appName": "Facebook", "usage": 16},
				{"appName": "캐시슬라이드 스텝업", "usage": 13},
				{"appName": "기본홈", "usage": 4},
				{"appName": "Paco", "usage": 3},
				{"appName": "Instagram", "usage": 3},
				{"appName": "시스템 UI", "usage": 3},
				{"appName": "Polar Beat", "usage": 2},
				{"appName": "메시지", "usage": 1},
				{"appName": "알람/시계", "usage": 1},
				{"appName": "YouTube", "usage": 1},
				{"appName": "계산기", "usage": 0},
				{"appName": "아이디어스", "usage": 0},
				{"appName": "프레젠테이션", "usage": 0},
				{"appName": "KB스타알림", "usage": 0},
				{"appName": "KLMS", "usage": 0},
				{"appName": "카카오페이지", "usage": 0},
				{"appName": "통화 화면", "usage": 0},
				{"appName": "설정", "usage": 0},
				{"appName": "접근성", "usage": 0},
				{"appName": "미세미세", "usage": 0},
				{"appName": "카메라", "usage": 0},
				{"appName": "Google Play 스토어", "usage": 0},
				{"appName": "Logger", "usage": 0},
				{"appName": "ABC Logger", "usage": 0},
				{"appName": "음성 녹음", "usage": 0},
				{"appName": "패키지 설치 프로그램", "usage": 0}
			]
		},
		"pickups": {"usage": 150},
		"downTime": {
			"usages": [
				{"hour": 0, "usage": 20},
				{"hour": 2, "usage": 3},
				{"hour": 3, "usage": 8},
				{"hour": 4, "usage": 3},
				{"hour": 5, "usage": 15},
				{"hour": 6, "usage": 23},
				{"hour": 7, "usage": 1},
				{"hour": 8, "usage": 6},
				{"hour": 9, "usage": 16},
				{"hour": 10, "usage": 10},
				{"hour": 11, "usage": 7},
				{"hour": 12, "usage": 1},
				{"hour": 13, "usage": 1},
				{"hour": 14, "usage": 3},
				{"hour": 15, "usage": 3},
				{"hour": 16, "usage": 7},
				{"hour": 17, "usage": 51},
				{"hour": 22, "usage": 0},
				{"hour": 23, "usage": 14}
			],
			"details": [
				{"appName": "캐시슬라이드 스텝업", "usage": [0, 2, 3, 4, 5, 6, 7, 8, 9, 10, 11, 12, 13, 14, 15, 16, 17, 22, 23]},
				{"appName": "카카오톡", "usage": [0, 2, 3, 4, 5, 6, 7, 8, 9, 10, 11, 12, 13, 14, 15, 16, 17, 23]},
				{"appName": "기본홈", "usage": [0, 2, 3, 4, 5, 6, 7, 8, 9, 10, 11, 12, 13, 14, 15, 16, 17, 23]},
				{"appName": "시스템 UI", "usage": [0, 2, 3, 5, 6, 7, 8, 9, 10, 11, 13, 15, 16, 17, 23]},
				{"appName": "Chrome", "usage": [0, 2, 3, 4, 5, 6, 7, 8, 9, 15, 16, 17, 23]},
				{"appName": "Polar Beat", "usage": [2, 3, 6, 12, 13, 15, 23]},
				{"appName": "Paco", "usage": [3, 5, 6, 8, 11, 14]},
				{"appName": "메시지", "usage": [4, 5, 9, 13, 14]},
				{"appName": "KB스타알림", "usage": [2, 6, 9, 14, 15]},
				{"appName": "Facebook", "usage": [3, 9, 10, 16, 17]},
				{"appName": "설정", "usage": [2, 8, 9, 15]},
				{"appName": "Instagram", "usage": [8, 9, 10]},
				{"appName": "접근성", "usage": [2, 15]},
				{"appName": "알람/시계", "usage": [17, 23]},
				{"appName": "아이디어스", "usage": [5, 12]},
				{"appName": "계산기", "usage": [7, 8]},
				{"appName": "프레젠테이션", "usage": [6]},
				{"appName": "패키지 설치 프로그램", "usage": [23]},
				{"appName": "통화 화면", "usage": [10]},
				{"appName": "카카오페이지", "usage": [23]},
				{"appName": "카메라", "usage": [14]},
				{"appName": "음성 녹음", "usage": [4]},
				{"appName": "미세미세", "usage": [23]},
				{"appName": "YouTube", "usage": [17]},
				{"appName": "Logger", "usage": [23]},
				{"appName": "KLMS", "usage": [6]},
				{"appName": "Google Play 스토어", "usage": [17]},
				{"appName": "ABC Logger", "usage": [2]}
			]
		},
		"maxTime": {
			"usage": 32,
			"details": [
				{"appName": "Chrome", "usage": 9},
				{"appName": "캐시슬라이드 스텝업", "usage": 1},
				{"appName": "Facebook", "usage": 1},
				{"appName": "카카오톡", "usage": 1},
				{"appName": "Instagram", "usage": 1},
				{"appName": "YouTube", "usage": 1},
				{"appName": "시스템 UI", "usage": 0},
				{"appName": "계산기", "usage": 0},
				{"appName": "알람/시계", "usage": 0},
				{"appName": "Paco", "usage": 0},
				{"appName": "메시지", "usage": 0},
				{"appName": "프레젠테이션", "usage": 0},
				{"appName": "KB스타알림", "usage": 0},
				{"appName": "Polar Beat", "usage": 0},
				{"appName": "기본홈", "usage": 0},
				{"appName": "통화 화면", "usage": 0},
				{"appName": "아이디어스", "usage": 0},
				{"appName": "카메라", "usage": 0},
				{"appName": "카카오페이지", "usage": 0},
				{"appName": "KLMS", "usage": 0},
				{"appName": "미세미세", "usage": 0},
				{"appName": "설정", "usage": 0},
				{"appName": "접근성", "usage": 0},
				{"appName": "Google Play 스토어", "usage": 0},
				{"appName": "ABC Logger", "usage": 0},
				{"appName": "Logger", "usage": 0},
				{"appName": "음성 녹음", "usage": 0},
				{"appName": "패키지 설치 프로그램", "usage": 0}
			]
		},
		"avgTime": {
			"usage": 1,
			"details": [
				{"appName": "Chrome", "usage": 0},
				{"appName": "Facebook", "usage": 0},
				{"appName": "Instagram", "usage": 0},
				{"appName": "계산기", "usage": 0},
				{"appName": "통화 화면", "usage": 0},
				{"appName": "YouTube", "usage": 0},
				{"appName": "카메라", "usage": 0},
				{"appName": "Paco", "usage": 0},
				{"appName": "프레젠테이션", "usage": 0},
				{"appName": "KLMS", "usage": 0},
				{"appName": "카카오페이지", "usage": 0},
				{"appName": "Polar Beat", "usage": 0},
				{"appName": "Google Play 스토어", "usage": 0},
				{"appName": "메시지", "usage": 0},
				{"appName": "카카오톡", "usage": 0},
				{"appName": "KB스타알림", "usage": 0},
				{"appName": "알람/시계", "usage": 0},
				{"appName": "기본홈", "usage": 0},
				{"appName": "아이디어스", "usage": 0},
				{"appName": "설정", "usage": 0},
				{"appName": "접근성", "usage": 0},
				{"appName": "음성 녹음", "usage": 0},
				{"appName": "미세미세", "usage": 0},
				{"appName": "캐시슬라이드 스텝업", "usage": 0},
				{"appName": "Logger", "usage": 0},
				{"appName": "ABC Logger", "usage": 0},
				{"appName": "시스템 UI", "usage": 0},
				{"appName": "패키지 설치 프로그램", "usage": 0}
			]
		},
		"lastPickup": {"time": 0}
	},
	{
		"date": 4,
		"totalTime": {
			"usage": 356,
			"details": [
				{"appName": "Chrome", "usage": 172},
				{"appName": "카카오톡", "usage": 57},
				{"appName": "Facebook", "usage": 18},
				{"appName": "캐시슬라이드 스텝업", "usage": 14},
				{"appName": "Instagram", "usage": 12},
				{"appName": "YouTube", "usage": 9},
				{"appName": "카카오페이지", "usage": 8},
				{"appName": "기본홈", "usage": 8},
				{"appName": "메시지", "usage": 7},
				{"appName": "시스템 UI", "usage": 5},
				{"appName": "SR 고속열차", "usage": 4},
				{"appName": "파일 관리자", "usage": 4},
				{"appName": "Paco", "usage": 3},
				{"appName": "통화 화면", "usage": 2},
				{"appName": "프레젠테이션", "usage": 2},
				{"appName": "Polar Beat", "usage": 2},
				{"appName": "카카오 T", "usage": 1},
				{"appName": "알람/시계", "usage": 1},
				{"appName": "설정", "usage": 1},
				{"appName": "Dropsync", "usage": 1},
				{"appName": "갤러리", "usage": 1},
				{"appName": "Logger", "usage": 1},
				{"appName": "접근성", "usage": 1},
				{"appName": "Microsoft Band", "usage": 0},
				{"appName": "ABC Logger", "usage": 0},
				{"appName": "밥대생", "usage": 0},
				{"appName": "주소록", "usage": 0},
				{"appName": "Cookie Run: OvenBreak", "usage": 0},
				{"appName": "Wi-Fi", "usage": 0},
				{"appName": "KLMS", "usage": 0},
				{"appName": "KB스타알림", "usage": 0},
				{"appName": "넌얼마나쓰니", "usage": 0},
				{"appName": "동영상", "usage": 0},
				{"appName": "Android 시스템", "usage": 0},
				{"appName": "카메라", "usage": 0},
				{"appName": "Shutdown Monitor", "usage": 0},
				{"appName": "Google", "usage": 0},
				{"appName": "CaptivePortalLogin", "usage": 0},
				{"appName": "Google Play 스토어", "usage": 0},
				{"appName": "패키지 설치 프로그램", "usage": 0},
				{"appName": "PowerPoint", "usage": 0},
				{"appName": "통화 관리", "usage": 0}
			]
		},
		"pickups": {"usage": 209},
		"downTime": {
			"usages": [
				{"hour": 0, "usage": 0},
				{"hour": 2, "usage": 2},
				{"hour": 3, "usage": 32},
				{"hour": 4, "usage": 25},
				{"hour": 5, "usage": 12},
				{"hour": 6, "usage": 41},
				{"hour": 8, "usage": 8},
				{"hour": 9, "usage": 22},
				{"hour": 10, "usage": 18},
				{"hour": 11, "usage": 37},
				{"hour": 12, "usage": 34},
				{"hour": 13, "usage": 40},
				{"hour": 14, "usage": 14},
				{"hour": 15, "usage": 23},
				{"hour": 16, "usage": 27},
				{"hour": 17, "usage": 13},
				{"hour": 23, "usage": 0}
			],
			"details": [
				{"appName": "캐시슬라이드 스텝업", "usage": [0, 2, 3, 4, 5, 6, 7, 8, 9, 10, 11, 12, 13, 14, 15, 16, 17, 23]},
				{"appName": "기본홈", "usage": [2, 3, 4, 5, 6, 8, 9, 10, 11, 12, 13, 14, 15, 16, 17, 23]},
				{"appName": "Chrome", "usage": [2, 3, 4, 5, 6, 8, 9, 10, 11, 12, 13, 14, 15, 16, 17, 23]},
				{"appName": "카카오톡", "usage": [2, 3, 4, 5, 6, 8, 9, 10, 11, 12, 13, 14, 15, 16, 17]},
				{"appName": "시스템 UI", "usage": [2, 3, 4, 5, 6, 8, 9, 10, 11, 12, 13, 14, 15, 16, 17]},
				{"appName": "메시지", "usage": [2, 3, 4, 5, 9, 10, 13, 16]},
				{"appName": "Polar Beat", "usage": [2, 3, 4, 5, 6, 8, 10, 16]},
				{"appName": "Paco", "usage": [3, 4, 5, 6, 8, 9, 10, 12]},
				{"appName": "Facebook", "usage": [2, 3, 4, 8, 9, 10, 11, 12]},
				{"appName": "접근성", "usage": [3, 4, 5, 6, 10, 16]},
				{"appName": "설정", "usage": [3, 4, 5, 6, 10, 16]},
				{"appName": "통화 화면", "usage": [3, 4, 6, 13, 15]},
				{"appName": "SR 고속열차", "usage": [3, 4, 13, 14, 15]},
				{"appName": "카카오페이지", "usage": [6, 8, 9, 11]},
				{"appName": "KB스타알림", "usage": [5, 6, 9, 13]},
				{"appName": "Dropsync", "usage": [6, 8, 10, 12]},
				{"appName": "통화 관리", "usage": [4, 6, 13]},
				{"appName": "주소록", "usage": [4, 6, 13]},
				{"appName": "패키지 설치 프로그램", "usage": [3, 10]},
				{"appName": "알람/시계", "usage": [6, 23]},
				{"appName": "동영상", "usage": [11, 16]},
				{"appName": "YouTube", "usage": [11, 12]},
				{"appName": "Wi-Fi", "usage": [13, 17]},
				{"appName": "Shutdown Monitor", "usage": [3, 10]},
				{"appName": "Logger", "usage": [3, 10]},
				{"appName": "프레젠테이션", "usage": [3]},
				{"appName": "파일 관리자", "usage": [10]},
				{"appName": "카카오 T", "usage": [13]},
				{"appName": "카메라", "usage": [4]},
				{"appName": "밥대생", "usage": [17]},
				{"appName": "넌얼마나쓰니", "usage": [6]},
				{"appName": "갤러리", "usage": [17]},
				{"appName": "PowerPoint", "usage": [14]},
				{"appName": "Microsoft Band", "usage": [3]},
				{"appName": "KLMS", "usage": [6]},
				{"appName": "Instagram", "usage": [6]},
				{"appName": "Google Play 스토어", "usage": [10]},
				{"appName": "Google", "usage": [3]},
				{"appName": "Cookie Run: OvenBreak", "usage": [9]},
				{"appName": "CaptivePortalLogin", "usage": [13]},
				{"appName": "Android 시스템", "usage": [10]},
				{"appName": "ABC Logger", "usage": [10]}
			]
		},
		"maxTime": {
			"usage": 23,
			"details": [
				{"appName": "Instagram", "usage": 10},
				{"appName": "Chrome", "usage": 7},
				{"appName": "YouTube", "usage": 5},
				{"appName": "Facebook", "usage": 3},
				{"appName": "카카오톡", "usage": 1},
				{"appName": "파일 관리자", "usage": 1},
				{"appName": "SR 고속열차", "usage": 1},
				{"appName": "카카오페이지", "usage": 1},
				{"appName": "통화 화면", "usage": 1},
				{"appName": "메시지", "usage": 1},
				{"appName": "프레젠테이션", "usage": 0},
				{"appName": "Dropsync", "usage": 0},
				{"appName": "기본홈", "usage": 0},
				{"appName": "갤러리", "usage": 0},
				{"appName": "설정", "usage": 0},
				{"appName": "Paco", "usage": 0},
				{"appName": "캐시슬라이드 스텝업", "usage": 0},
				{"appName": "Polar Beat", "usage": 0},
				{"appName": "Microsoft Band", "usage": 0},
				{"appName": "Cookie Run: OvenBreak", "usage": 0},
				{"appName": "접근성", "usage": 0},
				{"appName": "알람/시계", "usage": 0},
				{"appName": "Logger", "usage": 0},
				{"appName": "카카오 T", "usage": 0},
				{"appName": "Wi-Fi", "usage": 0},
				{"appName": "ABC Logger", "usage": 0},
				{"appName": "밥대생", "usage": 0},
				{"appName": "시스템 UI", "usage": 0},
				{"appName": "넌얼마나쓰니", "usage": 0},
				{"appName": "KLMS", "usage": 0},
				{"appName": "동영상", "usage": 0},
				{"appName": "주소록", "usage": 0},
				{"appName": "카메라", "usage": 0},
				{"appName": "KB스타알림", "usage": 0},
				{"appName": "Shutdown Monitor", "usage": 0},
				{"appName": "CaptivePortalLogin", "usage": 0},
				{"appName": "Android 시스템", "usage": 0},
				{"appName": "Google", "usage": 0},
				{"appName": "Google Play 스토어", "usage": 0},
				{"appName": "PowerPoint", "usage": 0},
				{"appName": "패키지 설치 프로그램", "usage": 0},
				{"appName": "통화 관리", "usage": 0}
			]
		},
		"avgTime": {
			"usage": 1,
			"details": [
				{"appName": "Instagram", "usage": 6},
				{"appName": "YouTube", "usage": 0},
				{"appName": "Chrome", "usage": 0},
				{"appName": "Facebook", "usage": 0},
				{"appName": "갤러리", "usage": 0},
				{"appName": "프레젠테이션", "usage": 0},
				{"appName": "파일 관리자", "usage": 0},
				{"appName": "Microsoft Band", "usage": 0},
				{"appName": "통화 화면", "usage": 0},
				{"appName": "메시지", "usage": 0},
				{"appName": "카카오페이지", "usage": 0},
				{"appName": "Cookie Run: OvenBreak", "usage": 0},
				{"appName": "Paco", "usage": 0},
				{"appName": "SR 고속열차", "usage": 0},
				{"appName": "Dropsync", "usage": 0},
				{"appName": "Wi-Fi", "usage": 0},
				{"appName": "접근성", "usage": 0},
				{"appName": "카메라", "usage": 0},
				{"appName": "설정", "usage": 0},
				{"appName": "KLMS", "usage": 0},
				{"appName": "Logger", "usage": 0},
				{"appName": "동영상", "usage": 0},
				{"appName": "CaptivePortalLogin", "usage": 0},
				{"appName": "밥대생", "usage": 0},
				{"appName": "카카오톡", "usage": 0},
				{"appName": "기본홈", "usage": 0},
				{"appName": "알람/시계", "usage": 0},
				{"appName": "Polar Beat", "usage": 0},
				{"appName": "넌얼마나쓰니", "usage": 0},
				{"appName": "ABC Logger", "usage": 0},
				{"appName": "Android 시스템", "usage": 0},
				{"appName": "카카오 T", "usage": 0},
				{"appName": "Shutdown Monitor", "usage": 0},
				{"appName": "캐시슬라이드 스텝업", "usage": 0},
				{"appName": "주소록", "usage": 0},
				{"appName": "시스템 UI", "usage": 0},
				{"appName": "KB스타알림", "usage": 0},
				{"appName": "Google", "usage": 0},
				{"appName": "Google Play 스토어", "usage": 0},
				{"appName": "PowerPoint", "usage": 0},
				{"appName": "패키지 설치 프로그램", "usage": 0},
				{"appName": "통화 관리", "usage": 0}
			]
		},
		"lastPickup": {"time": 0}
	},
	{
		"date": 5,
		"totalTime": {
			"usage": 183,
			"details": [
				{"appName": "카카오톡", "usage": 41},
				{"appName": "Chrome", "usage": 36},
				{"appName": "Facebook", "usage": 23},
				{"appName": "통화 화면", "usage": 20},
				{"appName": "캐시슬라이드 스텝업", "usage": 13},
				{"appName": "에뛰드하우스", "usage": 8},
				{"appName": "Instagram", "usage": 4},
				{"appName": "Paco", "usage": 4},
				{"appName": "시스템 UI", "usage": 3},
				{"appName": "음악", "usage": 2},
				{"appName": "기본홈", "usage": 2},
				{"appName": "프레젠테이션", "usage": 1},
				{"appName": "메시지", "usage": 1},
				{"appName": "Polar Beat", "usage": 1},
				{"appName": "Google Play 스토어", "usage": 0},
				{"appName": "Bluetooth", "usage": 0},
				{"appName": "알람/시계", "usage": 0},
				{"appName": "접근성", "usage": 0},
				{"appName": "주소록", "usage": 0},
				{"appName": "카메라", "usage": 0},
				{"appName": "Logger", "usage": 0},
				{"appName": "아이디어스", "usage": 0},
				{"appName": "설정", "usage": 0},
				{"appName": "Google", "usage": 0},
				{"appName": "통화 관리", "usage": 0},
				{"appName": "패키지 설치 프로그램", "usage": 0},
				{"appName": "Shutdown Monitor", "usage": 0},
				{"appName": "후후-유플러스", "usage": 0}
			]
		},
		"pickups": {"usage": 141},
		"downTime": {
			"usages": [
				{"hour": 4, "usage": 29},
				{"hour": 5, "usage": 10},
				{"hour": 6, "usage": 8},
				{"hour": 7, "usage": 18},
				{"hour": 8, "usage": 3},
				{"hour": 9, "usage": 7},
				{"hour": 10, "usage": 18},
				{"hour": 11, "usage": 7},
				{"hour": 12, "usage": 10},
				{"hour": 13, "usage": 16},
				{"hour": 14, "usage": 20},
				{"hour": 15, "usage": 22},
				{"hour": 16, "usage": 1},
				{"hour": 17, "usage": 6},
				{"hour": 20, "usage": 0},
				{"hour": 22, "usage": 0},
				{"hour": 23, "usage": 2}
			],
			"details": [
				{"appName": "캐시슬라이드 스텝업", "usage": [4, 5, 6, 7, 8, 9, 10, 11, 12, 13, 14, 15, 16, 17, 18, 19, 20, 22, 23]},
				{"appName": "카카오톡", "usage": [4, 5, 6, 7, 8, 9, 10, 11, 12, 13, 14, 15, 16, 17, 23]},
				{"appName": "시스템 UI", "usage": [4, 5, 6, 7, 8, 9, 10, 11, 12, 13, 14, 15, 16, 17, 23]},
				{"appName": "기본홈", "usage": [4, 5, 6, 7, 8, 9, 10, 11, 12, 13, 14, 15, 17, 23]},
				{"appName": "Chrome", "usage": [4, 5, 6, 7, 9, 10, 11, 12, 13, 14, 17, 23]},
				{"appName": "Facebook", "usage": [4, 6, 7, 9, 10, 11, 14, 15, 16, 17, 23]},
				{"appName": "Paco", "usage": [5, 7, 9, 10, 13]},
				{"appName": "통화 화면", "usage": [4, 13, 14, 15]},
				{"appName": "에뛰드하우스", "usage": [5, 6, 7, 8]},
				{"appName": "주소록", "usage": [4, 14, 15]},
				{"appName": "설정", "usage": [4, 13, 14]},
				{"appName": "Instagram", "usage": [11, 12, 14]},
				{"appName": "통화 관리", "usage": [4, 14]},
				{"appName": "알람/시계", "usage": [6, 7]},
				{"appName": "메시지", "usage": [5, 6]},
				{"appName": "Polar Beat", "usage": [4, 7]},
				{"appName": "Bluetooth", "usage": [10, 14]},
				{"appName": "후후-유플러스", "usage": [19]},
				{"appName": "프레젠테이션", "usage": [17]},
				{"appName": "패키지 설치 프로그램", "usage": [4]},
				{"appName": "카메라", "usage": [6]},
				{"appName": "접근성", "usage": [4]},
				{"appName": "음악", "usage": [14]},
				{"appName": "아이디어스", "usage": [10]},
				{"appName": "Shutdown Monitor", "usage": [13]},
				{"appName": "Logger", "usage": [4]},
				{"appName": "Google Play 스토어", "usage": [5]},
				{"appName": "Google", "usage": [23]}
			]
		},
		"maxTime": {
			"usage": 22,
			"details": [
				{"appName": "통화 화면", "usage": 19},
				{"appName": "Facebook", "usage": 8},
				{"appName": "에뛰드하우스", "usage": 4},
				{"appName": "Chrome", "usage": 3},
				{"appName": "Instagram", "usage": 2},
				{"appName": "프레젠테이션", "usage": 1},
				{"appName": "카카오톡", "usage": 1},
				{"appName": "캐시슬라이드 스텝업", "usage": 0},
				{"appName": "메시지", "usage": 0},
				{"appName": "기본홈", "usage": 0},
				{"appName": "Google Play 스토어", "usage": 0},
				{"appName": "Paco", "usage": 0},
				{"appName": "음악", "usage": 0},
				{"appName": "Polar Beat", "usage": 0},
				{"appName": "Bluetooth", "usage": 0},
				{"appName": "카메라", "usage": 0},
				{"appName": "알람/시계", "usage": 0},
				{"appName": "접근성", "usage": 0},
				{"appName": "시스템 UI", "usage": 0},
				{"appName": "Logger", "usage": 0},
				{"appName": "아이디어스", "usage": 0},
				{"appName": "주소록", "usage": 0},
				{"appName": "설정", "usage": 0},
				{"appName": "Google", "usage": 0},
				{"appName": "패키지 설치 프로그램", "usage": 0},
				{"appName": "통화 관리", "usage": 0},
				{"appName": "Shutdown Monitor", "usage": 0},
				{"appName": "후후-유플러스", "usage": 0}
			]
		},
		"avgTime": {
			"usage": 1,
			"details": [
				{"appName": "통화 화면", "usage": 4},
				{"appName": "Instagram", "usage": 0},
				{"appName": "Facebook", "usage": 0},
				{"appName": "에뛰드하우스", "usage": 0},
				{"appName": "Chrome", "usage": 0},
				{"appName": "프레젠테이션", "usage": 0},
				{"appName": "Bluetooth", "usage": 0},
				{"appName": "Polar Beat", "usage": 0},
				{"appName": "카메라", "usage": 0},
				{"appName": "메시지", "usage": 0},
				{"appName": "Google Play 스토어", "usage": 0},
				{"appName": "음악", "usage": 0},
				{"appName": "Paco", "usage": 0},
				{"appName": "접근성", "usage": 0},
				{"appName": "알람/시계", "usage": 0},
				{"appName": "카카오톡", "usage": 0},
				{"appName": "기본홈", "usage": 0},
				{"appName": "캐시슬라이드 스텝업", "usage": 0},
				{"appName": "Logger", "usage": 0},
				{"appName": "아이디어스", "usage": 0},
				{"appName": "주소록", "usage": 0},
				{"appName": "시스템 UI", "usage": 0},
				{"appName": "Google", "usage": 0},
				{"appName": "설정", "usage": 0},
				{"appName": "패키지 설치 프로그램", "usage": 0},
				{"appName": "통화 관리", "usage": 0},
				{"appName": "Shutdown Monitor", "usage": 0},
				{"appName": "후후-유플러스", "usage": 0}
			]
		},
		"lastPickup": {"time": 2}
	},
	{
		"date": 6,
		"totalTime": {
			"usage": 551,
			"details": [
				{"appName": "Chrome", "usage": 71},
				{"appName": "카카오톡", "usage": 31},
				{"appName": "카카오페이지", "usage": 28},
				{"appName": "YouTube", "usage": 22},
				{"appName": "문서", "usage": 16},
				{"appName": "Facebook", "usage": 16},
				{"appName": "Instagram", "usage": 6},
				{"appName": "캐시슬라이드 스텝업", "usage": 6},
				{"appName": "Cut+Mix Studio", "usage": 6},
				{"appName": "Paco", "usage": 4},
				{"appName": "기본홈", "usage": 3},
				{"appName": "에뛰드하우스", "usage": 3},
				{"appName": "시스템 UI", "usage": 2},
				{"appName": "메시지", "usage": 2},
				{"appName": "레진코믹스", "usage": 1},
				{"appName": "통화 화면", "usage": 1},
				{"appName": "Polar Beat", "usage": 0},
				{"appName": "아이디어스", "usage": 0},
				{"appName": "Google Play 스토어", "usage": 0},
				{"appName": "주소록", "usage": 0},
				{"appName": "다이어트신", "usage": 0},
				{"appName": "KLMS", "usage": 0},
				{"appName": "프레젠테이션", "usage": 0},
				{"appName": "설정", "usage": 0},
				{"appName": "Google", "usage": 0},
				{"appName": "접근성", "usage": 0},
				{"appName": "패키지 설치 프로그램", "usage": 0},
				{"appName": "드라이브", "usage": 0},
				{"appName": "ABC Logger", "usage": 0},
				{"appName": "파일", "usage": 0},
				{"appName": "공성삼국: 새 천하를 열다 Red", "usage": 0},
				{"appName": "Shutdown Monitor", "usage": 0},
				{"appName": "Q메모+", "usage": 0},
				{"appName": "Wi-Fi", "usage": 0},
				{"appName": "Android 시스템", "usage": 0},
				{"appName": "KAIST Library", "usage": 0},
				{"appName": "SNOW", "usage": 0},
				{"appName": "통화 관리", "usage": 0},
				{"appName": "Word", "usage": 0}
			]
		},
		"pickups": {"usage": 106},
		"downTime": {
			"usages": [
				{"hour": 0, "usage": 11},
				{"hour": 1, "usage": 18},
				{"hour": 2, "usage": 34},
				{"hour": 3, "usage": 11},
				{"hour": 4, "usage": 1},
				{"hour": 5, "usage": 29},
				{"hour": 7, "usage": 3},
				{"hour": 8, "usage": 35},
				{"hour": 9, "usage": 3},
				{"hour": 10, "usage": 1},
				{"hour": 11, "usage": 1},
				{"hour": 12, "usage": 10},
				{"hour": 13, "usage": 1},
				{"hour": 14, "usage": 7},
				{"hour": 15, "usage": 2},
				{"hour": 16, "usage": 14},
				{"hour": 17, "usage": 39},
				{"hour": 18, "usage": 56},
				{"hour": 19, "usage": 60},
				{"hour": 20, "usage": 60},
				{"hour": 21, "usage": 60},
				{"hour": 22, "usage": 60},
				{"hour": 23, "usage": 27}
			],
			"details": [
				{"appName": "캐시슬라이드 스텝업", "usage": [0, 1, 2, 3, 4, 5, 7, 8, 9, 10, 11, 12, 13, 14, 15, 16, 17, 18, 23]},
				{"appName": "기본홈", "usage": [0, 1, 2, 3, 5, 7, 8, 9, 10, 12, 13, 14, 15, 16, 17]},
				{"appName": "카카오톡", "usage": [0, 1, 2, 3, 5, 7, 8, 9, 10, 12, 14, 15, 16, 17]},
				{"appName": "시스템 UI", "usage": [0, 1, 2, 3, 5, 7, 8, 9, 10, 12, 14, 15, 16, 17]},
				{"appName": "Chrome", "usage": [1, 2, 5, 7, 8, 14, 16, 17]},
				{"appName": "설정", "usage": [1, 5, 9, 14, 17, 23]},
				{"appName": "Paco", "usage": [2, 3, 5, 9, 13, 14]},
				{"appName": "에뛰드하우스", "usage": [5, 8, 10, 11, 12]},
				{"appName": "Polar Beat", "usage": [1, 5, 9, 14, 15]},
				{"appName": "카카오페이지", "usage": [2, 3, 5, 16]},
				{"appName": "접근성", "usage": [1, 5, 9, 14]},
				{"appName": "패키지 설치 프로그램", "usage": [12, 15, 16]},
				{"appName": "주소록", "usage": [8, 9, 15]},
				{"appName": "아이디어스", "usage": [0, 1, 2]},
				{"appName": "메시지", "usage": [3, 4, 10]},
				{"appName": "Facebook", "usage": [0, 1, 8]},
				{"appName": "Cut+Mix Studio", "usage": [12, 13, 14]},
				{"appName": "통화 화면", "usage": [8, 14]},
				{"appName": "공성삼국: 새 천하를 열다 Red", "usage": [15, 16]},
				{"appName": "YouTube", "usage": [17, 18]},
				{"appName": "Google Play 스토어", "usage": [2, 12]},
				{"appName": "Google", "usage": [5, 15]},
				{"appName": "ABC Logger", "usage": [1, 5]},
				{"appName": "프레젠테이션", "usage": [5]},
				{"appName": "파일", "usage": [12]},
				{"appName": "통화 관리", "usage": [8]},
				{"appName": "문서", "usage": [8]},
				{"appName": "레진코믹스", "usage": [2]},
				{"appName": "드라이브", "usage": [8]},
				{"appName": "다이어트신", "usage": [10]},
				{"appName": "Word", "usage": [5]},
				{"appName": "Wi-Fi", "usage": [12]},
				{"appName": "Shutdown Monitor", "usage": [18]},
				{"appName": "SNOW", "usage": [5]},
				{"appName": "Q메모+", "usage": [5]},
				{"appName": "KLMS", "usage": [5]},
				{"appName": "KAIST Library", "usage": [5]},
				{"appName": "Instagram", "usage": [1]},
				{"appName": "Android 시스템", "usage": [12]}
			]
		},
		"maxTime": {
			"usage": 318,
			"details": [
				{"appName": "YouTube", "usage": 13},
				{"appName": "Chrome", "usage": 6},
				{"appName": "문서", "usage": 6},
				{"appName": "Facebook", "usage": 5},
				{"appName": "Cut+Mix Studio", "usage": 2},
				{"appName": "카카오페이지", "usage": 2},
				{"appName": "Instagram", "usage": 2},
				{"appName": "에뛰드하우스", "usage": 1},
				{"appName": "카카오톡", "usage": 1},
				{"appName": "캐시슬라이드 스텝업", "usage": 0},
				{"appName": "Paco", "usage": 0},
				{"appName": "레진코믹스", "usage": 0},
				{"appName": "메시지", "usage": 0},
				{"appName": "통화 화면", "usage": 0},
				{"appName": "다이어트신", "usage": 0},
				{"appName": "주소록", "usage": 0},
				{"appName": "프레젠테이션", "usage": 0},
				{"appName": "기본홈", "usage": 0},
				{"appName": "Google Play 스토어", "usage": 0},
				{"appName": "아이디어스", "usage": 0},
				{"appName": "Polar Beat", "usage": 0},
				{"appName": "Google", "usage": 0},
				{"appName": "시스템 UI", "usage": 0},
				{"appName": "KLMS", "usage": 0},
				{"appName": "드라이브", "usage": 0},
				{"appName": "공성삼국: 새 천하를 열다 Red", "usage": 0},
				{"appName": "설정", "usage": 0},
				{"appName": "패키지 설치 프로그램", "usage": 0},
				{"appName": "ABC Logger", "usage": 0},
				{"appName": "Shutdown Monitor", "usage": 0},
				{"appName": "접근성", "usage": 0},
				{"appName": "파일", "usage": 0},
				{"appName": "Wi-Fi", "usage": 0},
				{"appName": "Q메모+", "usage": 0},
				{"appName": "KAIST Library", "usage": 0},
				{"appName": "Android 시스템", "usage": 0},
				{"appName": "SNOW", "usage": 0},
				{"appName": "통화 관리", "usage": 0},
				{"appName": "Word", "usage": 0}
			]
		},
		"avgTime": {
			"usage": 5,
			"details": [
				{"appName": "YouTube", "usage": 1},
				{"appName": "문서", "usage": 1},
				{"appName": "Chrome", "usage": 0},
				{"appName": "Facebook", "usage": 0},
				{"appName": "Instagram", "usage": 0},
				{"appName": "다이어트신", "usage": 0},
				{"appName": "Cut+Mix Studio", "usage": 0},
				{"appName": "카카오페이지", "usage": 0},
				{"appName": "통화 화면", "usage": 0},
				{"appName": "에뛰드하우스", "usage": 0},
				{"appName": "레진코믹스", "usage": 0},
				{"appName": "프레젠테이션", "usage": 0},
				{"appName": "메시지", "usage": 0},
				{"appName": "KLMS", "usage": 0},
				{"appName": "Paco", "usage": 0},
				{"appName": "주소록", "usage": 0},
				{"appName": "Google Play 스토어", "usage": 0},
				{"appName": "Polar Beat", "usage": 0},
				{"appName": "아이디어스", "usage": 0},
				{"appName": "카카오톡", "usage": 0},
				{"appName": "기본홈", "usage": 0},
				{"appName": "설정", "usage": 0},
				{"appName": "드라이브", "usage": 0},
				{"appName": "Google", "usage": 0},
				{"appName": "접근성", "usage": 0},
				{"appName": "Shutdown Monitor", "usage": 0},
				{"appName": "패키지 설치 프로그램", "usage": 0},
				{"appName": "ABC Logger", "usage": 0},
				{"appName": "파일", "usage": 0},
				{"appName": "공성삼국: 새 천하를 열다 Red", "usage": 0},
				{"appName": "캐시슬라이드 스텝업", "usage": 0},
				{"appName": "Wi-Fi", "usage": 0},
				{"appName": "시스템 UI", "usage": 0},
				{"appName": "Q메모+", "usage": 0},
				{"appName": "KAIST Library", "usage": 0},
				{"appName": "Android 시스템", "usage": 0},
				{"appName": "SNOW", "usage": 0},
				{"appName": "통화 관리", "usage": 0},
				{"appName": "Word", "usage": 0}
			]
		},
		"lastPickup": {"time": 318}
	},
	{
		"date": 7,
		"totalTime": {
			"usage": 513,
			"details": [
				{"appName": "카카오톡", "usage": 97},
				{"appName": "Chrome", "usage": 88},
				{"appName": "Facebook", "usage": 17},
				{"appName": "캐시슬라이드 스텝업", "usage": 10},
				{"appName": "기본홈", "usage": 4},
				{"appName": "시스템 UI", "usage": 3},
				{"appName": "Instagram", "usage": 2},
				{"appName": "Paco", "usage": 2},
				{"appName": "통화 화면", "usage": 2},
				{"appName": "Slack", "usage": 1},
				{"appName": "음악", "usage": 1},
				{"appName": "주소록", "usage": 0},
				{"appName": "메시지", "usage": 0},
				{"appName": "Google", "usage": 0},
				{"appName": "Messenger", "usage": 0},
				{"appName": "에뛰드하우스", "usage": 0},
				{"appName": "카카오페이지", "usage": 0},
				{"appName": "KLMS", "usage": 0},
				{"appName": "Bluetooth", "usage": 0},
				{"appName": "넌얼마나쓰니", "usage": 0},
				{"appName": "Google Play 스토어", "usage": 0},
				{"appName": "KB스타알림", "usage": 0},
				{"appName": "Polar Beat", "usage": 0},
				{"appName": "접근성", "usage": 0},
				{"appName": "설정", "usage": 0},
				{"appName": "Dropsync", "usage": 0},
				{"appName": "ABC Logger", "usage": 0},
				{"appName": "Q메모+", "usage": 0},
				{"appName": "Shutdown Monitor", "usage": 0},
				{"appName": "Wi-Fi", "usage": 0},
				{"appName": "통화 관리", "usage": 0}
			]
		},
		"pickups": {"usage": 180},
		"downTime": {
			"usages": [
				{"hour": 1, "usage": 12},
				{"hour": 2, "usage": 18},
				{"hour": 3, "usage": 18},
				{"hour": 4, "usage": 13},
				{"hour": 5, "usage": 12},
				{"hour": 6, "usage": 27},
				{"hour": 7, "usage": 42},
				{"hour": 8, "usage": 21},
				{"hour": 9, "usage": 4},
				{"hour": 10, "usage": 8},
				{"hour": 11, "usage": 2},
				{"hour": 12, "usage": 60},
				{"hour": 13, "usage": 60},
				{"hour": 14, "usage": 60},
				{"hour": 15, "usage": 60},
				{"hour": 16, "usage": 50},
				{"hour": 17, "usage": 14},
				{"hour": 23, "usage": 22}
			],
			"details": [
				{"appName": "캐시슬라이드 스텝업", "usage": [0, 1, 2, 3, 4, 5, 6, 7, 8, 9, 10, 11, 16, 17, 23]},
				{"appName": "카카오톡", "usage": [1, 2, 3, 4, 5, 6, 7, 8, 9, 10, 16, 17, 23]},
				{"appName": "시스템 UI", "usage": [1, 2, 3, 4, 5, 6, 7, 8, 9, 10, 16, 17, 23]},
				{"appName": "기본홈", "usage": [1, 2, 3, 4, 5, 6, 7, 8, 9, 10, 16, 23]},
				{"appName": "Chrome", "usage": [1, 2, 3, 4, 6, 7, 8, 9, 16, 17, 23]},
				{"appName": "Facebook", "usage": [2, 4, 5, 6, 7, 10]},
				{"appName": "Paco", "usage": [3, 4, 6, 7, 10]},
				{"appName": "통화 화면", "usage": [2, 3, 7, 8]},
				{"appName": "주소록", "usage": [2, 7, 8]},
				{"appName": "통화 관리", "usage": [7, 8]},
				{"appName": "설정", "usage": [2, 16]},
				{"appName": "Instagram", "usage": [5, 10]},
				{"appName": "Google Play 스토어", "usage": [3, 4]},
				{"appName": "Google", "usage": [2, 4]},
				{"appName": "Dropsync", "usage": [1, 23]},
				{"appName": "카카오페이지", "usage": [1]},
				{"appName": "접근성", "usage": [2]},
				{"appName": "음악", "usage": [3]},
				{"appName": "에뛰드하우스", "usage": [8]},
				{"appName": "메시지", "usage": [7]},
				{"appName": "넌얼마나쓰니", "usage": [1]},
				{"appName": "Wi-Fi", "usage": [3]},
				{"appName": "Slack", "usage": [16]},
				{"appName": "Shutdown Monitor", "usage": [11]},
				{"appName": "Q메모+", "usage": [4]},
				{"appName": "Polar Beat", "usage": [2]},
				{"appName": "Messenger", "usage": [5]},
				{"appName": "KLMS", "usage": [6]},
				{"appName": "KB스타알림", "usage": [4]},
				{"appName": "Bluetooth", "usage": [3]},
				{"appName": "ABC Logger", "usage": [2]}
			]
		},
		"maxTime": {
			"usage": 270,
			"details": [
				{"appName": "Chrome", "usage": 5},
				{"appName": "Facebook", "usage": 2},
				{"appName": "카카오톡", "usage": 2},
				{"appName": "Instagram", "usage": 1},
				{"appName": "캐시슬라이드 스텝업", "usage": 1},
				{"appName": "통화 화면", "usage": 0},
				{"appName": "Google", "usage": 0},
				{"appName": "메시지", "usage": 0},
				{"appName": "음악", "usage": 0},
				{"appName": "에뛰드하우스", "usage": 0},
				{"appName": "Slack", "usage": 0},
				{"appName": "기본홈", "usage": 0},
				{"appName": "Paco", "usage": 0},
				{"appName": "카카오페이지", "usage": 0},
				{"appName": "주소록", "usage": 0},
				{"appName": "넌얼마나쓰니", "usage": 0},
				{"appName": "Messenger", "usage": 0},
				{"appName": "KLMS", "usage": 0},
				{"appName": "시스템 UI", "usage": 0},
				{"appName": "Google Play 스토어", "usage": 0},
				{"appName": "Bluetooth", "usage": 0},
				{"appName": "접근성", "usage": 0},
				{"appName": "Polar Beat", "usage": 0},
				{"appName": "설정", "usage": 0},
				{"appName": "KB스타알림", "usage": 0},
				{"appName": "ABC Logger", "usage": 0},
				{"appName": "Dropsync", "usage": 0},
				{"appName": "Q메모+", "usage": 0},
				{"appName": "Wi-Fi", "usage": 0},
				{"appName": "Shutdown Monitor", "usage": 0},
				{"appName": "통화 관리", "usage": 0}
			]
		},
		"avgTime": {
			"usage": 2,
			"details": [
				{"appName": "Chrome", "usage": 0},
				{"appName": "에뛰드하우스", "usage": 0},
				{"appName": "Instagram", "usage": 0},
				{"appName": "메시지", "usage": 0},
				{"appName": "Facebook", "usage": 0},
				{"appName": "통화 화면", "usage": 0},
				{"appName": "Slack", "usage": 0},
				{"appName": "Paco", "usage": 0},
				{"appName": "KLMS", "usage": 0},
				{"appName": "Google", "usage": 0},
				{"appName": "음악", "usage": 0},
				{"appName": "넌얼마나쓰니", "usage": 0},
				{"appName": "Messenger", "usage": 0},
				{"appName": "카카오페이지", "usage": 0},
				{"appName": "카카오톡", "usage": 0},
				{"appName": "Bluetooth", "usage": 0},
				{"appName": "Google Play 스토어", "usage": 0},
				{"appName": "기본홈", "usage": 0},
				{"appName": "Polar Beat", "usage": 0},
				{"appName": "주소록", "usage": 0},
				{"appName": "설정", "usage": 0},
				{"appName": "접근성", "usage": 0},
				{"appName": "Q메모+", "usage": 0},
				{"appName": "Dropsync", "usage": 0},
				{"appName": "캐시슬라이드 스텝업", "usage": 0},
				{"appName": "KB스타알림", "usage": 0},
				{"appName": "ABC Logger", "usage": 0},
				{"appName": "시스템 UI", "usage": 0},
				{"appName": "Wi-Fi", "usage": 0},
				{"appName": "Shutdown Monitor", "usage": 0},
				{"appName": "통화 관리", "usage": 0}
			]
		},
		"lastPickup": {"time": 2}
	}
]
