[
	{
		"date": 1,
		"totalTime": {
			"usage": 283,
			"details": [
				{"appName": "카카오톡", "usage": 65},
				{"appName": "Facebook", "usage": 32},
				{"appName": "Samsung Experience 홈", "usage": 24},
				{"appName": "에이블리", "usage": 17},
				{"appName": "지그재그", "usage": 15},
				{"appName": "YouTube", "usage": 14},
				{"appName": "Instagram", "usage": 13},
				{"appName": "Polar Beat", "usage": 12},
				{"appName": "지니 뮤직", "usage": 9},
				{"appName": "Paco", "usage": 8},
				{"appName": "드라이브", "usage": 6},
				{"appName": "갤러리", "usage": 6},
				{"appName": "Chrome", "usage": 5},
				{"appName": "전화", "usage": 5},
				{"appName": "Samsung Notes", "usage": 4},
				{"appName": "NAVER", "usage": 3},
				{"appName": "KLMS", "usage": 3},
				{"appName": "메시지", "usage": 3},
				{"appName": "캘린더", "usage": 2},
				{"appName": "네이버 지도", "usage": 1},
				{"appName": "카카오뱅크", "usage": 1},
				{"appName": "시계", "usage": 1},
				{"appName": "날씨", "usage": 1},
				{"appName": "쿠팡", "usage": 1},
				{"appName": "Logger", "usage": 1},
				{"appName": "Netflix", "usage": 0},
				{"appName": "시스템 UI", "usage": 0},
				{"appName": "KAIST Portal", "usage": 0},
				{"appName": "설정", "usage": 0},
				{"appName": "ABC Logger", "usage": 0},
				{"appName": "네이버 웹툰", "usage": 0},
				{"appName": "B612", "usage": 0},
				{"appName": "원터치알림", "usage": 0},
				{"appName": "연락처", "usage": 0},
				{"appName": "에브리타임", "usage": 0},
				{"appName": "Messenger", "usage": 0},
				{"appName": "카메라", "usage": 0},
				{"appName": "Galaxy Store", "usage": 0},
				{"appName": "번개장터", "usage": 0},
				{"appName": "내 파일", "usage": 0},
				{"appName": "Google Play 스토어", "usage": 0},
				{"appName": "Samsung Pay", "usage": 0},
				{"appName": "패키지 설치 프로그램", "usage": 0}
			]
		},
		"pickups": {"usage": 345},
		"downTime": {
			"usages": [
				{"hour": 0, "usage": 0},
				{"hour": 1, "usage": 2},
				{"hour": 2, "usage": 36},
				{"hour": 3, "usage": 19},
				{"hour": 4, "usage": 30},
				{"hour": 5, "usage": 31},
				{"hour": 6, "usage": 17},
				{"hour": 7, "usage": 4},
				{"hour": 8, "usage": 4},
				{"hour": 9, "usage": 21},
				{"hour": 10, "usage": 9},
				{"hour": 11, "usage": 10},
				{"hour": 12, "usage": 22},
				{"hour": 13, "usage": 0},
				{"hour": 14, "usage": 7},
				{"hour": 15, "usage": 9},
				{"hour": 16, "usage": 48},
				{"hour": 23, "usage": 5}
			],
			"details": [
				{"appName": "Samsung Experience 홈", "usage": [1, 2, 3, 4, 5, 6, 7, 8, 9, 10, 11, 12, 14, 15, 16, 23]},
				{"appName": "카카오톡", "usage": [1, 2, 3, 4, 5, 6, 7, 8, 9, 11, 12, 14, 15, 16, 23]},
				{"appName": "시스템 UI", "usage": [2, 3, 4, 5, 6, 9, 11, 12, 14, 15, 16]},
				{"appName": "Paco", "usage": [2, 3, 4, 5, 6, 7, 9, 11, 12, 14]},
				{"appName": "Instagram", "usage": [2, 4, 5, 6, 11, 12, 15, 16]},
				{"appName": "지니 뮤직", "usage": [2, 3, 4, 5, 6, 14, 15]},
				{"appName": "캘린더", "usage": [1, 2, 4, 5, 12, 23]},
				{"appName": "Samsung Notes", "usage": [4, 6, 7, 8, 9, 10]},
				{"appName": "Polar Beat", "usage": [3, 5, 6, 12, 14, 23]},
				{"appName": "Chrome", "usage": [2, 3, 4, 5, 16, 23]},
				{"appName": "에이블리", "usage": [2, 8, 9, 12, 16]},
				{"appName": "날씨", "usage": [2, 3, 11, 16, 23]},
				{"appName": "KAIST Portal", "usage": [2, 3, 4, 5, 16]},
				{"appName": "Facebook", "usage": [2, 3, 11, 15, 16]},
				{"appName": "패키지 설치 프로그램", "usage": [3, 12, 14, 16]},
				{"appName": "지그재그", "usage": [7, 9, 10, 12]},
				{"appName": "시계", "usage": [1, 2, 16, 23]},
				{"appName": "메시지", "usage": [2, 4, 5, 8]},
				{"appName": "드라이브", "usage": [2, 3, 4, 5]},
				{"appName": "갤러리", "usage": [3, 4, 5, 14]},
				{"appName": "Logger", "usage": [3, 12, 14, 16]},
				{"appName": "전화", "usage": [9, 10, 13]},
				{"appName": "원터치알림", "usage": [1, 2, 5]},
				{"appName": "설정", "usage": [3, 14, 16]},
				{"appName": "네이버 지도", "usage": [5, 10, 11]},
				{"appName": "KLMS", "usage": [3, 4, 23]},
				{"appName": "연락처", "usage": [9, 10]},
				{"appName": "네이버 웹툰", "usage": [15, 16]},
				{"appName": "YouTube", "usage": [2, 16]},
				{"appName": "Netflix", "usage": [11, 15]},
				{"appName": "NAVER", "usage": [2, 11]},
				{"appName": "B612", "usage": [2, 6]},
				{"appName": "쿠팡", "usage": [12]},
				{"appName": "카카오뱅크", "usage": [12]},
				{"appName": "카메라", "usage": [4]},
				{"appName": "에브리타임", "usage": [2]},
				{"appName": "번개장터", "usage": [12]},
				{"appName": "내 파일", "usage": [4]},
				{"appName": "Samsung Pay", "usage": [10]},
				{"appName": "Messenger", "usage": [2]},
				{"appName": "Google Play 스토어", "usage": [2]},
				{"appName": "Galaxy Store", "usage": [6]},
				{"appName": "ABC Logger", "usage": [14]}
			]
		},
		"maxTime": {
			"usage": 23,
			"details": [
				{"appName": "YouTube", "usage": 8},
				{"appName": "Facebook", "usage": 6},
				{"appName": "Polar Beat", "usage": 4},
				{"appName": "지니 뮤직", "usage": 3},
				{"appName": "전화", "usage": 3},
				{"appName": "지그재그", "usage": 2},
				{"appName": "갤러리", "usage": 2},
				{"appName": "드라이브", "usage": 2},
				{"appName": "Instagram", "usage": 2},
				{"appName": "카카오톡", "usage": 1},
				{"appName": "Paco", "usage": 1},
				{"appName": "메시지", "usage": 1},
				{"appName": "Chrome", "usage": 1},
				{"appName": "NAVER", "usage": 1},
				{"appName": "에이블리", "usage": 1},
				{"appName": "Samsung Experience 홈", "usage": 1},
				{"appName": "네이버 지도", "usage": 1},
				{"appName": "KLMS", "usage": 0},
				{"appName": "Netflix", "usage": 0},
				{"appName": "ABC Logger", "usage": 0},
				{"appName": "Samsung Notes", "usage": 0},
				{"appName": "날씨", "usage": 0},
				{"appName": "쿠팡", "usage": 0},
				{"appName": "캘린더", "usage": 0},
				{"appName": "연락처", "usage": 0},
				{"appName": "Messenger", "usage": 0},
				{"appName": "카메라", "usage": 0},
				{"appName": "네이버 웹툰", "usage": 0},
				{"appName": "Logger", "usage": 0},
				{"appName": "B612", "usage": 0},
				{"appName": "카카오뱅크", "usage": 0},
				{"appName": "설정", "usage": 0},
				{"appName": "Galaxy Store", "usage": 0},
				{"appName": "에브리타임", "usage": 0},
				{"appName": "내 파일", "usage": 0},
				{"appName": "원터치알림", "usage": 0},
				{"appName": "시계", "usage": 0},
				{"appName": "번개장터", "usage": 0},
				{"appName": "KAIST Portal", "usage": 0},
				{"appName": "시스템 UI", "usage": 0},
				{"appName": "Google Play 스토어", "usage": 0},
				{"appName": "Samsung Pay", "usage": 0},
				{"appName": "패키지 설치 프로그램", "usage": 0}
			]
		},
		"avgTime": {
			"usage": 0,
			"details": [
				{"appName": "YouTube", "usage": 2},
				{"appName": "Facebook", "usage": 0},
				{"appName": "갤러리", "usage": 0},
				{"appName": "드라이브", "usage": 0},
				{"appName": "메시지", "usage": 0},
				{"appName": "Polar Beat", "usage": 0},
				{"appName": "지그재그", "usage": 0},
				{"appName": "전화", "usage": 0},
				{"appName": "Paco", "usage": 0},
				{"appName": "NAVER", "usage": 0},
				{"appName": "B612", "usage": 0},
				{"appName": "네이버 지도", "usage": 0},
				{"appName": "Chrome", "usage": 0},
				{"appName": "Instagram", "usage": 0},
				{"appName": "에이블리", "usage": 0},
				{"appName": "Messenger", "usage": 0},
				{"appName": "카메라", "usage": 0},
				{"appName": "날씨", "usage": 0},
				{"appName": "ABC Logger", "usage": 0},
				{"appName": "내 파일", "usage": 0},
				{"appName": "Netflix", "usage": 0},
				{"appName": "캘린더", "usage": 0},
				{"appName": "네이버 웹툰", "usage": 0},
				{"appName": "연락처", "usage": 0},
				{"appName": "쿠팡", "usage": 0},
				{"appName": "Galaxy Store", "usage": 0},
				{"appName": "KLMS", "usage": 0},
				{"appName": "Samsung Notes", "usage": 0},
				{"appName": "Logger", "usage": 0},
				{"appName": "카카오뱅크", "usage": 0},
				{"appName": "Samsung Experience 홈", "usage": 0},
				{"appName": "카카오톡", "usage": 0},
				{"appName": "설정", "usage": 0},
				{"appName": "지니 뮤직", "usage": 0},
				{"appName": "원터치알림", "usage": 0},
				{"appName": "에브리타임", "usage": 0},
				{"appName": "번개장터", "usage": 0},
				{"appName": "KAIST Portal", "usage": 0},
				{"appName": "시계", "usage": 0},
				{"appName": "Google Play 스토어", "usage": 0},
				{"appName": "시스템 UI", "usage": 0},
				{"appName": "Samsung Pay", "usage": 0},
				{"appName": "패키지 설치 프로그램", "usage": 0}
			]
		},
		"lastPickup": {"time": 0}
	},
	{
		"date": 2,
		"totalTime": {
			"usage": 339,
			"details": [
				{"appName": "YouTube", "usage": 103},
				{"appName": "카카오톡", "usage": 62},
				{"appName": "Facebook", "usage": 52},
				{"appName": "Samsung Experience 홈", "usage": 20},
				{"appName": "Instagram", "usage": 17},
				{"appName": "네이버 웹툰", "usage": 15},
				{"appName": "Kahoot!", "usage": 10},
				{"appName": "NAVER", "usage": 7},
				{"appName": "Paco", "usage": 6},
				{"appName": "지니 뮤직", "usage": 5},
				{"appName": "캘린더", "usage": 4},
				{"appName": "메시지", "usage": 3},
				{"appName": "KAIST Library", "usage": 2},
				{"appName": "Polar Beat", "usage": 1},
				{"appName": "전화", "usage": 1},
				{"appName": "Chrome", "usage": 1},
				{"appName": "시계", "usage": 1},
				{"appName": "KLMS", "usage": 1},
				{"appName": "갤러리", "usage": 0},
				{"appName": "에이블리", "usage": 0},
				{"appName": "드라이브", "usage": 0},
				{"appName": "KAIST Portal", "usage": 0},
				{"appName": "Logger", "usage": 0},
				{"appName": "PowerPoint", "usage": 0},
				{"appName": "핑크다이어리", "usage": 0},
				{"appName": "에브리타임", "usage": 0},
				{"appName": "시스템 UI", "usage": 0},
				{"appName": "Samsung Pay", "usage": 0},
				{"appName": "설정", "usage": 0},
				{"appName": "B612", "usage": 0},
				{"appName": "카메라", "usage": 0},
				{"appName": "날씨", "usage": 0},
				{"appName": "패키지 설치 프로그램", "usage": 0},
				{"appName": "Messenger", "usage": 0}
			]
		},
		"pickups": {"usage": 339},
		"downTime": {
			"usages": [
				{"hour": 0, "usage": 1},
				{"hour": 1, "usage": 16},
				{"hour": 2, "usage": 16},
				{"hour": 3, "usage": 22},
				{"hour": 4, "usage": 12},
				{"hour": 5, "usage": 15},
				{"hour": 6, "usage": 20},
				{"hour": 7, "usage": 7},
				{"hour": 8, "usage": 13},
				{"hour": 9, "usage": 11},
				{"hour": 10, "usage": 5},
				{"hour": 11, "usage": 14},
				{"hour": 12, "usage": 23},
				{"hour": 13, "usage": 60},
				{"hour": 14, "usage": 25},
				{"hour": 15, "usage": 4},
				{"hour": 16, "usage": 11},
				{"hour": 17, "usage": 50},
				{"hour": 18, "usage": 4},
				{"hour": 19, "usage": 0}
			],
			"details": [
				{"appName": "Samsung Experience 홈", "usage": [0, 1, 2, 3, 4, 5, 6, 7, 8, 9, 10, 11, 12, 14, 15, 16, 17, 18]},
				{"appName": "카카오톡", "usage": [1, 2, 3, 4, 5, 6, 7, 8, 9, 10, 11, 12, 14, 15, 16, 17, 18]},
				{"appName": "Instagram", "usage": [1, 2, 3, 4, 5, 6, 8, 9, 10, 11, 12, 15, 16, 17]},
				{"appName": "시스템 UI", "usage": [1, 2, 3, 7, 8, 9, 11, 14, 15, 16]},
				{"appName": "Paco", "usage": [1, 2, 3, 4, 6, 7, 8, 9, 11, 12]},
				{"appName": "Facebook", "usage": [1, 2, 4, 5, 8, 11, 14, 17]},
				{"appName": "지니 뮤직", "usage": [7, 8, 10, 12, 14, 15, 16]},
				{"appName": "YouTube", "usage": [1, 9, 12, 13, 14, 17, 18]},
				{"appName": "캘린더", "usage": [1, 2, 4, 10, 11, 14]},
				{"appName": "Samsung Pay", "usage": [5, 7, 9, 11, 15, 16]},
				{"appName": "KAIST Portal", "usage": [1, 3, 4, 5, 12]},
				{"appName": "Chrome", "usage": [1, 3, 4, 5, 12]},
				{"appName": "시계", "usage": [1, 2, 17, 18]},
				{"appName": "메시지", "usage": [3, 4, 8, 9]},
				{"appName": "Polar Beat", "usage": [0, 1, 2, 16]},
				{"appName": "전화", "usage": [6, 7, 16]},
				{"appName": "설정", "usage": [0, 9, 16]},
				{"appName": "네이버 웹툰", "usage": [5, 6, 14]},
				{"appName": "갤러리", "usage": [1, 4, 7]},
				{"appName": "Logger", "usage": [0, 7, 16]},
				{"appName": "KAIST Library", "usage": [6, 8, 10]},
				{"appName": "패키지 설치 프로그램", "usage": [7, 16]},
				{"appName": "에이블리", "usage": [4, 15]},
				{"appName": "NAVER", "usage": [3, 8]},
				{"appName": "KLMS", "usage": [11, 12]},
				{"appName": "핑크다이어리", "usage": [14]},
				{"appName": "카메라", "usage": [4]},
				{"appName": "에브리타임", "usage": [5]},
				{"appName": "드라이브", "usage": [3]},
				{"appName": "날씨", "usage": [3]},
				{"appName": "PowerPoint", "usage": [11]},
				{"appName": "Messenger", "usage": [17]},
				{"appName": "Kahoot!", "usage": [5]},
				{"appName": "B612", "usage": [3]}
			]
		},
		"maxTime": {
			"usage": 86,
			"details": [
				{"appName": "YouTube", "usage": 85},
				{"appName": "Facebook", "usage": 13},
				{"appName": "Kahoot!", "usage": 10},
				{"appName": "NAVER", "usage": 5},
				{"appName": "Samsung Experience 홈", "usage": 2},
				{"appName": "네이버 웹툰", "usage": 2},
				{"appName": "카카오톡", "usage": 1},
				{"appName": "KAIST Library", "usage": 1},
				{"appName": "Instagram", "usage": 1},
				{"appName": "Paco", "usage": 1},
				{"appName": "메시지", "usage": 1},
				{"appName": "지니 뮤직", "usage": 0},
				{"appName": "캘린더", "usage": 0},
				{"appName": "갤러리", "usage": 0},
				{"appName": "전화", "usage": 0},
				{"appName": "Logger", "usage": 0},
				{"appName": "드라이브", "usage": 0},
				{"appName": "Chrome", "usage": 0},
				{"appName": "Polar Beat", "usage": 0},
				{"appName": "KLMS", "usage": 0},
				{"appName": "PowerPoint", "usage": 0},
				{"appName": "핑크다이어리", "usage": 0},
				{"appName": "시계", "usage": 0},
				{"appName": "에이블리", "usage": 0},
				{"appName": "B612", "usage": 0},
				{"appName": "에브리타임", "usage": 0},
				{"appName": "카메라", "usage": 0},
				{"appName": "날씨", "usage": 0},
				{"appName": "Samsung Pay", "usage": 0},
				{"appName": "KAIST Portal", "usage": 0},
				{"appName": "시스템 UI", "usage": 0},
				{"appName": "설정", "usage": 0},
				{"appName": "패키지 설치 프로그램", "usage": 0},
				{"appName": "Messenger", "usage": 0}
			]
		},
		"avgTime": {
			"usage": 1,
			"details": [
				{"appName": "YouTube", "usage": 6},
				{"appName": "Kahoot!", "usage": 2},
				{"appName": "Facebook", "usage": 1},
				{"appName": "NAVER", "usage": 0},
				{"appName": "네이버 웹툰", "usage": 0},
				{"appName": "PowerPoint", "usage": 0},
				{"appName": "KAIST Library", "usage": 0},
				{"appName": "B612", "usage": 0},
				{"appName": "메시지", "usage": 0},
				{"appName": "드라이브", "usage": 0},
				{"appName": "갤러리", "usage": 0},
				{"appName": "Instagram", "usage": 0},
				{"appName": "카메라", "usage": 0},
				{"appName": "Paco", "usage": 0},
				{"appName": "날씨", "usage": 0},
				{"appName": "에이블리", "usage": 0},
				{"appName": "전화", "usage": 0},
				{"appName": "에브리타임", "usage": 0},
				{"appName": "캘린더", "usage": 0},
				{"appName": "Logger", "usage": 0},
				{"appName": "Polar Beat", "usage": 0},
				{"appName": "Chrome", "usage": 0},
				{"appName": "KLMS", "usage": 0},
				{"appName": "핑크다이어리", "usage": 0},
				{"appName": "카카오톡", "usage": 0},
				{"appName": "Samsung Experience 홈", "usage": 0},
				{"appName": "시계", "usage": 0},
				{"appName": "지니 뮤직", "usage": 0},
				{"appName": "KAIST Portal", "usage": 0},
				{"appName": "설정", "usage": 0},
				{"appName": "Samsung Pay", "usage": 0},
				{"appName": "시스템 UI", "usage": 0},
				{"appName": "패키지 설치 프로그램", "usage": 0},
				{"appName": "Messenger", "usage": 0}
			]
		},
		"lastPickup": {"time": 0}
	},
	{
		"date": 3,
		"totalTime": {
			"usage": 296,
			"details": [
				{"appName": "카카오톡", "usage": 117},
				{"appName": "Facebook", "usage": 73},
				{"appName": "Instagram", "usage": 19},
				{"appName": "Samsung Experience 홈", "usage": 19},
				{"appName": "Chrome", "usage": 7},
				{"appName": "계산기", "usage": 7},
				{"appName": "Paco", "usage": 7},
				{"appName": "지니 뮤직", "usage": 5},
				{"appName": "NAVER", "usage": 3},
				{"appName": "KAIST Portal", "usage": 2},
				{"appName": "전화", "usage": 2},
				{"appName": "YouTube", "usage": 2},
				{"appName": "Samsung Pay", "usage": 1},
				{"appName": "설정", "usage": 1},
				{"appName": "날씨", "usage": 1},
				{"appName": "시계", "usage": 0},
				{"appName": "Polar Beat", "usage": 0},
				{"appName": "캘린더", "usage": 0},
				{"appName": "Logger", "usage": 0},
				{"appName": "메시지", "usage": 0},
				{"appName": "에브리타임", "usage": 0},
				{"appName": "시스템 UI", "usage": 0},
				{"appName": "Excel", "usage": 0},
				{"appName": "번개장터", "usage": 0},
				{"appName": "패키지 설치 프로그램", "usage": 0},
				{"appName": "원터치알림", "usage": 0}
			]
		},
		"pickups": {"usage": 399},
		"downTime": {
			"usages": [
				{"hour": 0, "usage": 5},
				{"hour": 1, "usage": 1},
				{"hour": 2, "usage": 28},
				{"hour": 3, "usage": 13},
				{"hour": 4, "usage": 31},
				{"hour": 5, "usage": 27},
				{"hour": 6, "usage": 29},
				{"hour": 7, "usage": 9},
				{"hour": 8, "usage": 13},
				{"hour": 9, "usage": 17},
				{"hour": 10, "usage": 11},
				{"hour": 11, "usage": 44},
				{"hour": 12, "usage": 6},
				{"hour": 13, "usage": 16},
				{"hour": 14, "usage": 10},
				{"hour": 15, "usage": 3},
				{"hour": 16, "usage": 14},
				{"hour": 17, "usage": 4},
				{"hour": 18, "usage": 3},
				{"hour": 19, "usage": 3},
				{"hour": 20, "usage": 0}
			],
			"details": [
				{"appName": "Samsung Experience 홈", "usage": [0, 1, 2, 3, 4, 5, 6, 7, 8, 9, 10, 11, 12, 13, 14, 15, 16, 17, 18, 19]},
				{"appName": "카카오톡", "usage": [1, 2, 3, 4, 5, 6, 7, 8, 9, 10, 11, 12, 13, 14, 15, 16, 17, 18, 19]},
				{"appName": "Paco", "usage": [3, 4, 5, 6, 8, 9, 10, 11, 12, 13]},
				{"appName": "Instagram", "usage": [2, 3, 4, 5, 6, 11, 13, 16, 17, 18]},
				{"appName": "Facebook", "usage": [2, 4, 5, 11, 12, 13, 16, 18, 19]},
				{"appName": "KAIST Portal", "usage": [2, 4, 5, 6, 10, 13]},
				{"appName": "Chrome", "usage": [2, 3, 4, 5, 6, 13]},
				{"appName": "시스템 UI", "usage": [4, 5, 11, 13, 19]},
				{"appName": "Samsung Pay", "usage": [7, 8, 9, 10, 17]},
				{"appName": "지니 뮤직", "usage": [2, 3, 9, 10]},
				{"appName": "패키지 설치 프로그램", "usage": [3, 11, 15]},
				{"appName": "캘린더", "usage": [5, 9, 14]},
				{"appName": "전화", "usage": [2, 8, 11]},
				{"appName": "시계", "usage": [1, 5, 19]},
				{"appName": "설정", "usage": [3, 11, 15]},
				{"appName": "날씨", "usage": [2, 3, 6]},
				{"appName": "YouTube", "usage": [9, 10, 11]},
				{"appName": "Polar Beat", "usage": [2, 3, 15]},
				{"appName": "NAVER", "usage": [4, 5, 6]},
				{"appName": "Logger", "usage": [3, 11, 15]},
				{"appName": "원터치알림", "usage": [9, 13]},
				{"appName": "메시지", "usage": [9, 11]},
				{"appName": "에브리타임", "usage": [6]},
				{"appName": "번개장터", "usage": [7]},
				{"appName": "계산기", "usage": [7]},
				{"appName": "Excel", "usage": [13]}
			]
		},
		"maxTime": {
			"usage": 23,
			"details": [
				{"appName": "Facebook", "usage": 10},
				{"appName": "계산기", "usage": 7},
				{"appName": "Samsung Experience 홈", "usage": 5},
				{"appName": "Instagram", "usage": 2},
				{"appName": "카카오톡", "usage": 2},
				{"appName": "Chrome", "usage": 2},
				{"appName": "전화", "usage": 1},
				{"appName": "Paco", "usage": 0},
				{"appName": "NAVER", "usage": 0},
				{"appName": "Samsung Pay", "usage": 0},
				{"appName": "YouTube", "usage": 0},
				{"appName": "KAIST Portal", "usage": 0},
				{"appName": "지니 뮤직", "usage": 0},
				{"appName": "설정", "usage": 0},
				{"appName": "캘린더", "usage": 0},
				{"appName": "Polar Beat", "usage": 0},
				{"appName": "날씨", "usage": 0},
				{"appName": "Logger", "usage": 0},
				{"appName": "시계", "usage": 0},
				{"appName": "에브리타임", "usage": 0},
				{"appName": "Excel", "usage": 0},
				{"appName": "메시지", "usage": 0},
				{"appName": "번개장터", "usage": 0},
				{"appName": "원터치알림", "usage": 0},
				{"appName": "시스템 UI", "usage": 0},
				{"appName": "패키지 설치 프로그램", "usage": 0}
			]
		},
		"avgTime": {
			"usage": 0,
			"details": [
				{"appName": "계산기", "usage": 2},
				{"appName": "Facebook", "usage": 0},
				{"appName": "전화", "usage": 0},
				{"appName": "Chrome", "usage": 0},
				{"appName": "Paco", "usage": 0},
				{"appName": "Instagram", "usage": 0},
				{"appName": "YouTube", "usage": 0},
				{"appName": "Excel", "usage": 0},
				{"appName": "날씨", "usage": 0},
				{"appName": "NAVER", "usage": 0},
				{"appName": "캘린더", "usage": 0},
				{"appName": "KAIST Portal", "usage": 0},
				{"appName": "Samsung Pay", "usage": 0},
				{"appName": "에브리타임", "usage": 0},
				{"appName": "카카오톡", "usage": 0},
				{"appName": "Polar Beat", "usage": 0},
				{"appName": "지니 뮤직", "usage": 0},
				{"appName": "메시지", "usage": 0},
				{"appName": "Samsung Experience 홈", "usage": 0},
				{"appName": "설정", "usage": 0},
				{"appName": "Logger", "usage": 0},
				{"appName": "시계", "usage": 0},
				{"appName": "번개장터", "usage": 0},
				{"appName": "시스템 UI", "usage": 0},
				{"appName": "원터치알림", "usage": 0},
				{"appName": "패키지 설치 프로그램", "usage": 0}
			]
		},
		"lastPickup": {"time": 0}
	},
	{
		"date": 4,
		"totalTime": {
			"usage": 609,
			"details": [
				{"appName": "Facebook", "usage": 155},
				{"appName": "카카오톡", "usage": 100},
				{"appName": "YouTube", "usage": 88},
				{"appName": "Netflix", "usage": 81},
				{"appName": "Instagram", "usage": 47},
				{"appName": "네이버 웹툰", "usage": 27},
				{"appName": "Chrome", "usage": 16},
				{"appName": "NAVER", "usage": 15},
				{"appName": "Samsung Experience 홈", "usage": 14},
				{"appName": "한컴오피스 viewer", "usage": 9},
				{"appName": "고속버스 모바일", "usage": 8},
				{"appName": "지니 뮤직", "usage": 5},
				{"appName": "네이버 지도", "usage": 5},
				{"appName": "Paco", "usage": 4},
				{"appName": "Polar Beat", "usage": 3},
				{"appName": "시스템 UI", "usage": 2},
				{"appName": "KLMS", "usage": 1},
				{"appName": "에어비앤비", "usage": 1},
				{"appName": "캘린더", "usage": 1},
				{"appName": "핑크다이어리", "usage": 1},
				{"appName": "시외버스 모바일", "usage": 1},
				{"appName": "전화", "usage": 1},
				{"appName": "원터치알림", "usage": 1},
				{"appName": "연락처", "usage": 0},
				{"appName": "카카오뱅크", "usage": 0},
				{"appName": "메시지", "usage": 0},
				{"appName": "시계", "usage": 0},
				{"appName": "갤러리", "usage": 0},
				{"appName": "설정", "usage": 0},
				{"appName": "비디오 플레이어", "usage": 0},
				{"appName": "에브리타임", "usage": 0},
				{"appName": "에이블리", "usage": 0},
				{"appName": "Logger", "usage": 0},
				{"appName": "드라이브", "usage": 0},
				{"appName": "Messenger", "usage": 0},
				{"appName": "날씨", "usage": 0},
				{"appName": "Dropsync", "usage": 0},
				{"appName": "KAIST Portal", "usage": 0},
				{"appName": "AhnLab V3 Mobile Plus 2.0", "usage": 0},
				{"appName": "Google Play 서비스", "usage": 0},
				{"appName": "패키지 설치 프로그램", "usage": 0},
				{"appName": "안드로이드 시스템", "usage": 0}
			]
		},
		"pickups": {"usage": 171},
		"downTime": {
			"usages": [
				{"hour": 1, "usage": 0},
				{"hour": 2, "usage": 32},
				{"hour": 3, "usage": 19},
				{"hour": 4, "usage": 17},
				{"hour": 5, "usage": 15},
				{"hour": 6, "usage": 10},
				{"hour": 7, "usage": 16},
				{"hour": 8, "usage": 55},
				{"hour": 9, "usage": 60},
				{"hour": 10, "usage": 43},
				{"hour": 11, "usage": 46},
				{"hour": 12, "usage": 58},
				{"hour": 13, "usage": 60},
				{"hour": 14, "usage": 60},
				{"hour": 15, "usage": 59},
				{"hour": 16, "usage": 54},
				{"hour": 17, "usage": 0},
				{"hour": 22, "usage": 0},
				{"hour": 23, "usage": 0}
			],
			"details": [
				{"appName": "카카오톡", "usage": [2, 3, 4, 5, 6, 7, 8, 9, 10, 11, 12, 13, 14, 15, 16]},
				{"appName": "Samsung Experience 홈", "usage": [2, 3, 4, 5, 6, 7, 8, 9, 10, 11, 12, 13, 15, 16]},
				{"appName": "시스템 UI", "usage": [2, 3, 4, 5, 6, 7, 8, 10, 11, 12, 13, 16]},
				{"appName": "Instagram", "usage": [2, 3, 4, 5, 6, 7, 8, 9, 10, 11, 12]},
				{"appName": "Paco", "usage": [3, 4, 5, 6, 8, 9, 10, 11, 12, 13]},
				{"appName": "Facebook", "usage": [2, 3, 7, 8, 10, 11, 12, 13, 14, 15]},
				{"appName": "YouTube", "usage": [2, 8, 10, 12, 13, 16, 22]},
				{"appName": "지니 뮤직", "usage": [2, 3, 6, 7, 8, 10]},
				{"appName": "전화", "usage": [3, 4, 10, 15, 16]},
				{"appName": "원터치알림", "usage": [4, 10, 12, 13]},
				{"appName": "패키지 설치 프로그램", "usage": [3, 10, 11]},
				{"appName": "캘린더", "usage": [2, 5, 12]},
				{"appName": "설정", "usage": [3, 10, 11]},
				{"appName": "Logger", "usage": [3, 10, 11]},
				{"appName": "Chrome", "usage": [5, 8, 11]},
				{"appName": "한컴오피스 viewer", "usage": [7, 14]},
				{"appName": "연락처", "usage": [3, 4]},
				{"appName": "안드로이드 시스템", "usage": [4, 11]},
				{"appName": "시계", "usage": [2, 12]},
				{"appName": "메시지", "usage": [5, 6]},
				{"appName": "네이버 지도", "usage": [11, 12]},
				{"appName": "네이버 웹툰", "usage": [15, 16]},
				{"appName": "Polar Beat", "usage": [3, 13]},
				{"appName": "Netflix", "usage": [8, 9]},
				{"appName": "NAVER", "usage": [11, 15]},
				{"appName": "KLMS", "usage": [10, 12]},
				{"appName": "핑크다이어리", "usage": [10]},
				{"appName": "카카오뱅크", "usage": [7]},
				{"appName": "에이블리", "usage": [11]},
				{"appName": "에어비앤비", "usage": [12]},
				{"appName": "에브리타임", "usage": [3]},
				{"appName": "시외버스 모바일", "usage": [10]},
				{"appName": "비디오 플레이어", "usage": [8]},
				{"appName": "드라이브", "usage": [12]},
				{"appName": "날씨", "usage": [3]},
				{"appName": "고속버스 모바일", "usage": [10]},
				{"appName": "갤러리", "usage": [12]},
				{"appName": "Messenger", "usage": [3]},
				{"appName": "KAIST Portal", "usage": [8]},
				{"appName": "Google Play 서비스", "usage": [5]},
				{"appName": "Dropsync", "usage": [3]},
				{"appName": "AhnLab V3 Mobile Plus 2.0", "usage": [10]}
			]
		},
		"maxTime": {
			"usage": 212,
			"details": [
				{"appName": "YouTube", "usage": 40},
				{"appName": "Netflix", "usage": 23},
				{"appName": "Facebook", "usage": 21},
				{"appName": "Instagram", "usage": 10},
				{"appName": "NAVER", "usage": 9},
				{"appName": "Chrome", "usage": 8},
				{"appName": "한컴오피스 viewer", "usage": 7},
				{"appName": "네이버 웹툰", "usage": 3},
				{"appName": "지니 뮤직", "usage": 2},
				{"appName": "Polar Beat", "usage": 2},
				{"appName": "카카오톡", "usage": 2},
				{"appName": "네이버 지도", "usage": 1},
				{"appName": "에어비앤비", "usage": 1},
				{"appName": "Samsung Experience 홈", "usage": 1},
				{"appName": "고속버스 모바일", "usage": 1},
				{"appName": "핑크다이어리", "usage": 0},
				{"appName": "갤러리", "usage": 0},
				{"appName": "Paco", "usage": 0},
				{"appName": "전화", "usage": 0},
				{"appName": "메시지", "usage": 0},
				{"appName": "비디오 플레이어", "usage": 0},
				{"appName": "에이블리", "usage": 0},
				{"appName": "KLMS", "usage": 0},
				{"appName": "시스템 UI", "usage": 0},
				{"appName": "캘린더", "usage": 0},
				{"appName": "시외버스 모바일", "usage": 0},
				{"appName": "카카오뱅크", "usage": 0},
				{"appName": "Messenger", "usage": 0},
				{"appName": "원터치알림", "usage": 0},
				{"appName": "연락처", "usage": 0},
				{"appName": "에브리타임", "usage": 0},
				{"appName": "드라이브", "usage": 0},
				{"appName": "Dropsync", "usage": 0},
				{"appName": "날씨", "usage": 0},
				{"appName": "시계", "usage": 0},
				{"appName": "설정", "usage": 0},
				{"appName": "Logger", "usage": 0},
				{"appName": "KAIST Portal", "usage": 0},
				{"appName": "Google Play 서비스", "usage": 0},
				{"appName": "AhnLab V3 Mobile Plus 2.0", "usage": 0},
				{"appName": "패키지 설치 프로그램", "usage": 0},
				{"appName": "안드로이드 시스템", "usage": 0}
			]
		},
		"avgTime": {
			"usage": 3,
			"details": [
				{"appName": "Netflix", "usage": 5},
				{"appName": "YouTube", "usage": 3},
				{"appName": "Facebook", "usage": 2},
				{"appName": "Chrome", "usage": 0},
				{"appName": "NAVER", "usage": 0},
				{"appName": "Instagram", "usage": 0},
				{"appName": "한컴오피스 viewer", "usage": 0},
				{"appName": "네이버 웹툰", "usage": 0},
				{"appName": "갤러리", "usage": 0},
				{"appName": "에어비앤비", "usage": 0},
				{"appName": "네이버 지도", "usage": 0},
				{"appName": "비디오 플레이어", "usage": 0},
				{"appName": "Polar Beat", "usage": 0},
				{"appName": "메시지", "usage": 0},
				{"appName": "Paco", "usage": 0},
				{"appName": "고속버스 모바일", "usage": 0},
				{"appName": "드라이브", "usage": 0},
				{"appName": "핑크다이어리", "usage": 0},
				{"appName": "KLMS", "usage": 0},
				{"appName": "에이블리", "usage": 0},
				{"appName": "캘린더", "usage": 0},
				{"appName": "카카오톡", "usage": 0},
				{"appName": "에브리타임", "usage": 0},
				{"appName": "전화", "usage": 0},
				{"appName": "시외버스 모바일", "usage": 0},
				{"appName": "원터치알림", "usage": 0},
				{"appName": "Messenger", "usage": 0},
				{"appName": "지니 뮤직", "usage": 0},
				{"appName": "Samsung Experience 홈", "usage": 0},
				{"appName": "Dropsync", "usage": 0},
				{"appName": "연락처", "usage": 0},
				{"appName": "날씨", "usage": 0},
				{"appName": "카카오뱅크", "usage": 0},
				{"appName": "시계", "usage": 0},
				{"appName": "Google Play 서비스", "usage": 0},
				{"appName": "설정", "usage": 0},
				{"appName": "KAIST Portal", "usage": 0},
				{"appName": "AhnLab V3 Mobile Plus 2.0", "usage": 0},
				{"appName": "Logger", "usage": 0},
				{"appName": "시스템 UI", "usage": 0},
				{"appName": "패키지 설치 프로그램", "usage": 0},
				{"appName": "안드로이드 시스템", "usage": 0}
			]
		},
		"lastPickup": {"time": 0}
	},
	{
		"date": 5,
		"totalTime": {
			"usage": 264,
			"details": [
				{"appName": "Instagram", "usage": 52},
				{"appName": "카카오톡", "usage": 47},
				{"appName": "B612", "usage": 37},
				{"appName": "네이버 지도", "usage": 21},
				{"appName": "Samsung Experience 홈", "usage": 20},
				{"appName": "야놀자", "usage": 16},
				{"appName": "갤러리", "usage": 10},
				{"appName": "Foodie", "usage": 6},
				{"appName": "Paco", "usage": 6},
				{"appName": "Facebook", "usage": 5},
				{"appName": "전화", "usage": 3},
				{"appName": "NAVER", "usage": 3},
				{"appName": "설정", "usage": 2},
				{"appName": "카카오 T", "usage": 2},
				{"appName": "토스", "usage": 2},
				{"appName": "카메라", "usage": 1},
				{"appName": "고속버스 모바일", "usage": 1},
				{"appName": "Polar Beat", "usage": 0},
				{"appName": "지니 뮤직", "usage": 0},
				{"appName": "시스템 UI", "usage": 0},
				{"appName": "날씨", "usage": 0},
				{"appName": "Google Play 스토어", "usage": 0},
				{"appName": "원터치알림", "usage": 0},
				{"appName": "시계", "usage": 0},
				{"appName": "Samsung Pay", "usage": 0},
				{"appName": "캘린더", "usage": 0},
				{"appName": "KAIST Portal", "usage": 0},
				{"appName": "Logger", "usage": 0},
				{"appName": "안드로이드 시스템", "usage": 0},
				{"appName": "패키지 설치 프로그램", "usage": 0},
				{"appName": "연락처", "usage": 0},
				{"appName": "YouTube", "usage": 0},
				{"appName": "AhnLab V3 Mobile Plus 2.0", "usage": 0}
			]
		},
		"pickups": {"usage": 391},
		"downTime": {
			"usages": [
				{"hour": 0, "usage": 0},
				{"hour": 1, "usage": 11},
				{"hour": 2, "usage": 28},
				{"hour": 3, "usage": 27},
				{"hour": 4, "usage": 16},
				{"hour": 5, "usage": 13},
				{"hour": 6, "usage": 13},
				{"hour": 7, "usage": 39},
				{"hour": 8, "usage": 20},
				{"hour": 9, "usage": 11},
				{"hour": 10, "usage": 26},
				{"hour": 11, "usage": 19},
				{"hour": 12, "usage": 9},
				{"hour": 13, "usage": 8},
				{"hour": 14, "usage": 5},
				{"hour": 15, "usage": 8},
				{"hour": 16, "usage": 2}
			],
			"details": [
				{"appName": "Samsung Experience 홈", "usage": [1, 2, 3, 4, 5, 6, 7, 8, 9, 10, 11, 12, 13, 14, 15, 16]},
				{"appName": "카카오톡", "usage": [1, 2, 3, 5, 6, 7, 8, 9, 10, 11, 12, 13, 14, 15]},
				{"appName": "Instagram", "usage": [1, 2, 3, 5, 7, 8, 9, 10, 11, 12, 13, 14, 15]},
				{"appName": "Paco", "usage": [2, 3, 5, 6, 7, 8, 9, 10, 11, 12, 13, 14]},
				{"appName": "시스템 UI", "usage": [2, 3, 4, 5, 6, 7, 8, 11, 12, 14]},
				{"appName": "네이버 지도", "usage": [2, 3, 4, 5, 6, 7, 8, 9, 10, 11]},
				{"appName": "B612", "usage": [1, 2, 3, 5, 6, 7, 8, 10, 11]},
				{"appName": "원터치알림", "usage": [2, 3, 4, 7, 9, 12, 16]},
				{"appName": "갤러리", "usage": [6, 7, 8, 10, 11, 13, 15]},
				{"appName": "Foodie", "usage": [6, 7, 8, 9, 13, 15]},
				{"appName": "설정", "usage": [2, 3, 10, 12, 14]},
				{"appName": "전화", "usage": [1, 2, 3, 10]},
				{"appName": "Facebook", "usage": [2, 3, 5, 10]},
				{"appName": "패키지 설치 프로그램", "usage": [2, 3, 14]},
				{"appName": "토스", "usage": [3, 4, 12]},
				{"appName": "카메라", "usage": [6, 11, 13]},
				{"appName": "NAVER", "usage": [10, 11, 16]},
				{"appName": "야놀자", "usage": [3, 4]},
				{"appName": "시계", "usage": [1, 16]},
				{"appName": "고속버스 모바일", "usage": [2, 3]},
				{"appName": "Polar Beat", "usage": [1, 3]},
				{"appName": "Logger", "usage": [2, 14]},
				{"appName": "캘린더", "usage": [14]},
				{"appName": "카카오 T", "usage": [2]},
				{"appName": "지니 뮤직", "usage": [3]},
				{"appName": "연락처", "usage": [3]},
				{"appName": "안드로이드 시스템", "usage": [3]},
				{"appName": "날씨", "usage": [1]},
				{"appName": "YouTube", "usage": [1]},
				{"appName": "Samsung Pay", "usage": [3]},
				{"appName": "KAIST Portal", "usage": [12]},
				{"appName": "Google Play 스토어", "usage": [3]},
				{"appName": "AhnLab V3 Mobile Plus 2.0", "usage": [2]}
			]
		},
		"maxTime": {
			"usage": 16,
			"details": [
				{"appName": "Instagram", "usage": 10},
				{"appName": "B612", "usage": 6},
				{"appName": "갤러리", "usage": 3},
				{"appName": "Facebook", "usage": 2},
				{"appName": "네이버 지도", "usage": 1},
				{"appName": "카카오톡", "usage": 1},
				{"appName": "설정", "usage": 1},
				{"appName": "Paco", "usage": 0},
				{"appName": "Samsung Experience 홈", "usage": 0},
				{"appName": "NAVER", "usage": 0},
				{"appName": "전화", "usage": 0},
				{"appName": "카메라", "usage": 0},
				{"appName": "Foodie", "usage": 0},
				{"appName": "카카오 T", "usage": 0},
				{"appName": "토스", "usage": 0},
				{"appName": "야놀자", "usage": 0},
				{"appName": "Google Play 스토어", "usage": 0},
				{"appName": "Polar Beat", "usage": 0},
				{"appName": "날씨", "usage": 0},
				{"appName": "Samsung Pay", "usage": 0},
				{"appName": "캘린더", "usage": 0},
				{"appName": "고속버스 모바일", "usage": 0},
				{"appName": "지니 뮤직", "usage": 0},
				{"appName": "KAIST Portal", "usage": 0},
				{"appName": "시계", "usage": 0},
				{"appName": "원터치알림", "usage": 0},
				{"appName": "안드로이드 시스템", "usage": 0},
				{"appName": "YouTube", "usage": 0},
				{"appName": "Logger", "usage": 0},
				{"appName": "시스템 UI", "usage": 0},
				{"appName": "연락처", "usage": 0},
				{"appName": "AhnLab V3 Mobile Plus 2.0", "usage": 0},
				{"appName": "패키지 설치 프로그램", "usage": 0}
			]
		},
		"avgTime": {
			"usage": 0,
			"details": [
				{"appName": "B612", "usage": 0},
				{"appName": "갤러리", "usage": 0},
				{"appName": "Foodie", "usage": 0},
				{"appName": "Instagram", "usage": 0},
				{"appName": "Facebook", "usage": 0},
				{"appName": "네이버 지도", "usage": 0},
				{"appName": "카메라", "usage": 0},
				{"appName": "카카오 T", "usage": 0},
				{"appName": "NAVER", "usage": 0},
				{"appName": "전화", "usage": 0},
				{"appName": "Paco", "usage": 0},
				{"appName": "Polar Beat", "usage": 0},
				{"appName": "Google Play 스토어", "usage": 0},
				{"appName": "Samsung Pay", "usage": 0},
				{"appName": "캘린더", "usage": 0},
				{"appName": "KAIST Portal", "usage": 0},
				{"appName": "날씨", "usage": 0},
				{"appName": "안드로이드 시스템", "usage": 0},
				{"appName": "야놀자", "usage": 0},
				{"appName": "카카오톡", "usage": 0},
				{"appName": "설정", "usage": 0},
				{"appName": "토스", "usage": 0},
				{"appName": "Samsung Experience 홈", "usage": 0},
				{"appName": "고속버스 모바일", "usage": 0},
				{"appName": "지니 뮤직", "usage": 0},
				{"appName": "AhnLab V3 Mobile Plus 2.0", "usage": 0},
				{"appName": "시계", "usage": 0},
				{"appName": "원터치알림", "usage": 0},
				{"appName": "연락처", "usage": 0},
				{"appName": "YouTube", "usage": 0},
				{"appName": "패키지 설치 프로그램", "usage": 0},
				{"appName": "Logger", "usage": 0},
				{"appName": "시스템 UI", "usage": 0}
			]
		},
		"lastPickup": {"time": 0}
	},
	{
		"date": 6,
		"totalTime": {
			"usage": 931,
			"details": [
				{"appName": "네이버 웹툰", "usage": 567},
				{"appName": "YouTube", "usage": 134},
				{"appName": "카카오톡", "usage": 60},
				{"appName": "Facebook", "usage": 41},
				{"appName": "Instagram", "usage": 38},
				{"appName": "Chrome", "usage": 21},
				{"appName": "갤러리", "usage": 19},
				{"appName": "내 파일", "usage": 6},
				{"appName": "Samsung Experience 홈", "usage": 6},
				{"appName": "B612", "usage": 6},
				{"appName": "네이버 지도", "usage": 5},
				{"appName": "Paco", "usage": 2},
				{"appName": "Foodie", "usage": 2},
				{"appName": "원터치알림", "usage": 2},
				{"appName": "지니 뮤직", "usage": 2},
				{"appName": "시계", "usage": 0},
				{"appName": "전화", "usage": 0},
				{"appName": "Polar Beat", "usage": 0},
				{"appName": "NAVER", "usage": 0},
				{"appName": "설정", "usage": 0},
				{"appName": "삼성 클라우드", "usage": 0},
				{"appName": "시스템 UI", "usage": 0},
				{"appName": "메시지", "usage": 0},
				{"appName": "Logger", "usage": 0},
				{"appName": "안드로이드 시스템", "usage": 0},
				{"appName": "캘린더", "usage": 0},
				{"appName": "연락처", "usage": 0},
				{"appName": "Google Play 서비스", "usage": 0},
				{"appName": "Google", "usage": 0},
				{"appName": "한컴오피스 viewer", "usage": 0},
				{"appName": "패키지 설치 프로그램", "usage": 0}
			]
		},
		"pickups": {"usage": 139},
		"downTime": {
			"usages": [
				{"hour": 2, "usage": 1},
				{"hour": 3, "usage": 22},
				{"hour": 4, "usage": 23},
				{"hour": 5, "usage": 31},
				{"hour": 6, "usage": 8},
				{"hour": 7, "usage": 0},
				{"hour": 8, "usage": 21},
				{"hour": 9, "usage": 16},
				{"hour": 10, "usage": 38},
				{"hour": 11, "usage": 60},
				{"hour": 12, "usage": 60},
				{"hour": 13, "usage": 59},
				{"hour": 14, "usage": 59},
				{"hour": 15, "usage": 60},
				{"hour": 16, "usage": 60},
				{"hour": 17, "usage": 60},
				{"hour": 18, "usage": 60},
				{"hour": 19, "usage": 60},
				{"hour": 20, "usage": 60},
				{"hour": 21, "usage": 60},
				{"hour": 22, "usage": 60},
				{"hour": 23, "usage": 47}
			],
			"details": [
				{"appName": "카카오톡", "usage": [3, 4, 5, 6, 8, 9, 10, 11, 12, 13, 14, 15, 16, 17, 19]},
				{"appName": "Samsung Experience 홈", "usage": [2, 3, 4, 5, 6, 8, 9, 10, 11, 12, 13, 14, 23]},
				{"appName": "네이버 웹툰", "usage": [14, 15, 16, 17, 18, 19, 20, 21, 22, 23]},
				{"appName": "Instagram", "usage": [3, 4, 5, 6, 8, 9, 10, 11, 13, 23]},
				{"appName": "시스템 UI", "usage": [5, 9, 10, 11, 13, 14, 16, 19]},
				{"appName": "Paco", "usage": [3, 4, 6, 8, 9, 11, 12]},
				{"appName": "네이버 지도", "usage": [3, 4, 5, 8, 9]},
				{"appName": "YouTube", "usage": [10, 11, 12, 13, 14]},
				{"appName": "패키지 설치 프로그램", "usage": [3, 5, 8, 14]},
				{"appName": "설정", "usage": [3, 8, 10, 14]},
				{"appName": "갤러리", "usage": [3, 4, 5, 9]},
				{"appName": "Polar Beat", "usage": [3, 5, 6, 14]},
				{"appName": "Logger", "usage": [3, 8, 10, 14]},
				{"appName": "Facebook", "usage": [8, 9, 11, 12]},
				{"appName": "지니 뮤직", "usage": [6, 7, 8]},
				{"appName": "전화", "usage": [6, 10, 13]},
				{"appName": "원터치알림", "usage": [3, 4, 9]},
				{"appName": "연락처", "usage": [2, 3, 13]},
				{"appName": "내 파일", "usage": [3, 4, 5]},
				{"appName": "Chrome", "usage": [11, 12, 13]},
				{"appName": "캘린더", "usage": [8, 13]},
				{"appName": "안드로이드 시스템", "usage": [5, 9]},
				{"appName": "Foodie", "usage": [4, 5]},
				{"appName": "B612", "usage": [4, 5]},
				{"appName": "한컴오피스 viewer", "usage": [3]},
				{"appName": "시계", "usage": [2]},
				{"appName": "삼성 클라우드", "usage": [5]},
				{"appName": "메시지", "usage": [13]},
				{"appName": "NAVER", "usage": [9]},
				{"appName": "Google Play 서비스", "usage": [5]},
				{"appName": "Google", "usage": [12]}
			]
		},
		"maxTime": {
			"usage": 575,
			"details": [
				{"appName": "YouTube", "usage": 23},
				{"appName": "Chrome", "usage": 21},
				{"appName": "네이버 웹툰", "usage": 10},
				{"appName": "Facebook", "usage": 10},
				{"appName": "갤러리", "usage": 8},
				{"appName": "카카오톡", "usage": 5},
				{"appName": "Instagram", "usage": 5},
				{"appName": "B612", "usage": 2},
				{"appName": "원터치알림", "usage": 2},
				{"appName": "Foodie", "usage": 1},
				{"appName": "내 파일", "usage": 1},
				{"appName": "네이버 지도", "usage": 1},
				{"appName": "지니 뮤직", "usage": 0},
				{"appName": "Paco", "usage": 0},
				{"appName": "Samsung Experience 홈", "usage": 0},
				{"appName": "전화", "usage": 0},
				{"appName": "삼성 클라우드", "usage": 0},
				{"appName": "시계", "usage": 0},
				{"appName": "NAVER", "usage": 0},
				{"appName": "메시지", "usage": 0},
				{"appName": "캘린더", "usage": 0},
				{"appName": "Polar Beat", "usage": 0},
				{"appName": "안드로이드 시스템", "usage": 0},
				{"appName": "설정", "usage": 0},
				{"appName": "연락처", "usage": 0},
				{"appName": "Google", "usage": 0},
				{"appName": "한컴오피스 viewer", "usage": 0},
				{"appName": "Google Play 서비스", "usage": 0},
				{"appName": "시스템 UI", "usage": 0},
				{"appName": "Logger", "usage": 0},
				{"appName": "패키지 설치 프로그램", "usage": 0}
			]
		},
		"avgTime": {
			"usage": 6,
			"details": [
				{"appName": "YouTube", "usage": 5},
				{"appName": "Chrome", "usage": 5},
				{"appName": "Facebook", "usage": 1},
				{"appName": "네이버 웹툰", "usage": 0},
				{"appName": "B612", "usage": 0},
				{"appName": "갤러리", "usage": 0},
				{"appName": "Instagram", "usage": 0},
				{"appName": "Foodie", "usage": 0},
				{"appName": "내 파일", "usage": 0},
				{"appName": "원터치알림", "usage": 0},
				{"appName": "네이버 지도", "usage": 0},
				{"appName": "메시지", "usage": 0},
				{"appName": "Paco", "usage": 0},
				{"appName": "NAVER", "usage": 0},
				{"appName": "지니 뮤직", "usage": 0},
				{"appName": "안드로이드 시스템", "usage": 0},
				{"appName": "캘린더", "usage": 0},
				{"appName": "카카오톡", "usage": 0},
				{"appName": "시계", "usage": 0},
				{"appName": "삼성 클라우드", "usage": 0},
				{"appName": "전화", "usage": 0},
				{"appName": "연락처", "usage": 0},
				{"appName": "Polar Beat", "usage": 0},
				{"appName": "Samsung Experience 홈", "usage": 0},
				{"appName": "설정", "usage": 0},
				{"appName": "Google", "usage": 0},
				{"appName": "한컴오피스 viewer", "usage": 0},
				{"appName": "Logger", "usage": 0},
				{"appName": "시스템 UI", "usage": 0},
				{"appName": "Google Play 서비스", "usage": 0},
				{"appName": "패키지 설치 프로그램", "usage": 0}
			]
		},
		"lastPickup": {"time": 575}
	},
	{
		"date": 7,
		"totalTime": {
			"usage": 861,
			"details": [
				{"appName": "Facebook", "usage": 700},
				{"appName": "카카오톡", "usage": 31},
				{"appName": "YouTube", "usage": 25},
				{"appName": "Chrome", "usage": 24},
				{"appName": "Instagram", "usage": 22},
				{"appName": "NAVER", "usage": 19},
				{"appName": "Samsung Experience 홈", "usage": 7},
				{"appName": "네이버 웹툰", "usage": 6},
				{"appName": "Skyscanner", "usage": 5},
				{"appName": "갤러리", "usage": 3},
				{"appName": "MangoPlate", "usage": 3},
				{"appName": "네이버 지도", "usage": 2},
				{"appName": "Polar Beat", "usage": 2},
				{"appName": "Paco", "usage": 1},
				{"appName": "연락처", "usage": 1},
				{"appName": "시스템 UI", "usage": 0},
				{"appName": "전화", "usage": 0},
				{"appName": "캘린더", "usage": 0},
				{"appName": "KAIST Portal", "usage": 0},
				{"appName": "KAIST Library", "usage": 0},
				{"appName": "시계", "usage": 0},
				{"appName": "원터치알림", "usage": 0},
				{"appName": "KLMS", "usage": 0},
				{"appName": "날씨", "usage": 0},
				{"appName": "비디오 플레이어", "usage": 0},
				{"appName": "설정", "usage": 0},
				{"appName": "드라이브", "usage": 0},
				{"appName": "Logger", "usage": 0},
				{"appName": "KT 멤버십", "usage": 0},
				{"appName": "패키지 설치 프로그램", "usage": 0}
			]
		},
		"pickups": {"usage": 76},
		"downTime": {
			"usages": [
				{"hour": 1, "usage": 0},
				{"hour": 6, "usage": 0},
				{"hour": 7, "usage": 15},
				{"hour": 8, "usage": 35},
				{"hour": 9, "usage": 17},
				{"hour": 10, "usage": 44},
				{"hour": 11, "usage": 59},
				{"hour": 12, "usage": 34},
				{"hour": 13, "usage": 22}
			],
			"details": [
				{"appName": "카카오톡", "usage": [7, 8, 9, 10, 11, 12]},
				{"appName": "Samsung Experience 홈", "usage": [7, 8, 9, 10, 11, 12]},
				{"appName": "Paco", "usage": [7, 8, 9, 10, 11, 12]},
				{"appName": "Instagram", "usage": [7, 8, 9, 10, 11, 12]},
				{"appName": "YouTube", "usage": [8, 10, 11, 12]},
				{"appName": "Facebook", "usage": [9, 10, 11, 12]},
				{"appName": "Chrome", "usage": [8, 9, 10, 12]},
				{"appName": "시스템 UI", "usage": [8, 9, 10]},
				{"appName": "KAIST Portal", "usage": [8, 10, 12]},
				{"appName": "전화", "usage": [7, 8]},
				{"appName": "네이버 지도", "usage": [8, 9]},
				{"appName": "갤러리", "usage": [10, 11]},
				{"appName": "Skyscanner", "usage": [9, 10]},
				{"appName": "Polar Beat", "usage": [7, 12]},
				{"appName": "NAVER", "usage": [8, 10]},
				{"appName": "패키지 설치 프로그램", "usage": [7]},
				{"appName": "캘린더", "usage": [7]},
				{"appName": "원터치알림", "usage": [9]},
				{"appName": "연락처", "usage": [10]},
				{"appName": "시계", "usage": [12]},
				{"appName": "설정", "usage": [7]},
				{"appName": "비디오 플레이어", "usage": [7]},
				{"appName": "드라이브", "usage": [7]},
				{"appName": "네이버 웹툰", "usage": [11]},
				{"appName": "날씨", "usage": [7]},
				{"appName": "MangoPlate", "usage": [8]},
				{"appName": "Logger", "usage": [7]},
				{"appName": "KT 멤버십", "usage": [9]},
				{"appName": "KLMS", "usage": [7]},
				{"appName": "KAIST Library", "usage": [8]}
			]
		},
		"maxTime": {
			"usage": 633,
			"details": [
				{"appName": "Facebook", "usage": 665},
				{"appName": "Chrome", "usage": 20},
				{"appName": "YouTube", "usage": 7},
				{"appName": "Instagram", "usage": 5},
				{"appName": "NAVER", "usage": 3},
				{"appName": "갤러리", "usage": 2},
				{"appName": "Polar Beat", "usage": 1},
				{"appName": "Skyscanner", "usage": 1},
				{"appName": "카카오톡", "usage": 1},
				{"appName": "네이버 웹툰", "usage": 1},
				{"appName": "네이버 지도", "usage": 0},
				{"appName": "MangoPlate", "usage": 0},
				{"appName": "연락처", "usage": 0},
				{"appName": "Samsung Experience 홈", "usage": 0},
				{"appName": "캘린더", "usage": 0},
				{"appName": "전화", "usage": 0},
				{"appName": "KAIST Library", "usage": 0},
				{"appName": "Paco", "usage": 0},
				{"appName": "시스템 UI", "usage": 0},
				{"appName": "비디오 플레이어", "usage": 0},
				{"appName": "KAIST Portal", "usage": 0},
				{"appName": "시계", "usage": 0},
				{"appName": "KLMS", "usage": 0},
				{"appName": "날씨", "usage": 0},
				{"appName": "원터치알림", "usage": 0},
				{"appName": "드라이브", "usage": 0},
				{"appName": "설정", "usage": 0},
				{"appName": "Logger", "usage": 0},
				{"appName": "KT 멤버십", "usage": 0},
				{"appName": "패키지 설치 프로그램", "usage": 0}
			]
		},
		"avgTime": {
			"usage": 11,
			"details": [
				{"appName": "Facebook", "usage": 31},
				{"appName": "갤러리", "usage": 1},
				{"appName": "Chrome", "usage": 1},
				{"appName": "YouTube", "usage": 1},
				{"appName": "NAVER", "usage": 0},
				{"appName": "Instagram", "usage": 0},
				{"appName": "Skyscanner", "usage": 0},
				{"appName": "Polar Beat", "usage": 0},
				{"appName": "네이버 웹툰", "usage": 0},
				{"appName": "네이버 지도", "usage": 0},
				{"appName": "KAIST Library", "usage": 0},
				{"appName": "전화", "usage": 0},
				{"appName": "캘린더", "usage": 0},
				{"appName": "연락처", "usage": 0},
				{"appName": "Paco", "usage": 0},
				{"appName": "MangoPlate", "usage": 0},
				{"appName": "Samsung Experience 홈", "usage": 0},
				{"appName": "카카오톡", "usage": 0},
				{"appName": "드라이브", "usage": 0},
				{"appName": "비디오 플레이어", "usage": 0},
				{"appName": "KAIST Portal", "usage": 0},
				{"appName": "원터치알림", "usage": 0},
				{"appName": "날씨", "usage": 0},
				{"appName": "KLMS", "usage": 0},
				{"appName": "시계", "usage": 0},
				{"appName": "설정", "usage": 0},
				{"appName": "시스템 UI", "usage": 0},
				{"appName": "KT 멤버십", "usage": 0},
				{"appName": "Logger", "usage": 0},
				{"appName": "패키지 설치 프로그램", "usage": 0}
			]
		},
		"lastPickup": {"time": 633}
	}
]
