[
	{
		"date": 1,
		"totalTime": {
			"usage": 159,
			"details": [
				{"appName": "카카오톡", "usage": 271},
				{"appName": "YouTube", "usage": 38},
				{"appName": "Paco", "usage": 26},
				{"appName": "시계", "usage": 18},
				{"appName": "Samsung Health", "usage": 10},
				{"appName": "YouTube Music", "usage": 9},
				{"appName": "Samsung Experience 홈", "usage": 6},
				{"appName": "Logger", "usage": 1},
				{"appName": "Polar Beat", "usage": 0},
				{"appName": "시스템 UI", "usage": 0},
				{"appName": "설정", "usage": 0},
				{"appName": "원터치알림", "usage": 0},
				{"appName": "메시지", "usage": 0},
				{"appName": "패키지 설치 프로그램", "usage": 0}
			]
		},
		"pickups": {"usage": 78},
		"downTime": {
			"usages": [
				{"hour": 4, "usage": 0},
				{"hour": 5, "usage": 16},
				{"hour": 6, "usage": 12},
				{"hour": 7, "usage": 26},
				{"hour": 8, "usage": 32},
				{"hour": 9, "usage": 4},
				{"hour": 10, "usage": 4},
				{"hour": 11, "usage": 3},
				{"hour": 12, "usage": 13},
				{"hour": 13, "usage": 4},
				{"hour": 14, "usage": 40},
				{"hour": 15, "usage": 0},
				{"hour": 16, "usage": 0},
				{"hour": 23, "usage": 0}
			],
			"details": [
				{"appName": "카카오톡", "usage": [0, 1, 2, 3, 4, 5, 7, 8, 9, 10, 11, 12, 13, 14]},
				{"appName": "Samsung Experience 홈", "usage": [3, 5, 6, 7, 8, 9, 10, 11, 12, 13, 14, 16]},
				{"appName": "시계", "usage": [3, 4, 5, 6, 7, 8, 9, 10, 11, 12, 13]},
				{"appName": "Paco", "usage": [3, 5, 6, 7, 8, 9, 10, 12]},
				{"appName": "YouTube Music", "usage": [3, 5, 6, 9, 12, 13]},
				{"appName": "시스템 UI", "usage": [5, 6, 7, 8, 12]},
				{"appName": "원터치알림", "usage": [5, 6, 7, 13]},
				{"appName": "패키지 설치 프로그램", "usage": [6, 7, 13]},
				{"appName": "설정", "usage": [6, 7, 13]},
				{"appName": "Samsung Health", "usage": [5, 6, 7]},
				{"appName": "Polar Beat", "usage": [6, 7, 13]},
				{"appName": "Logger", "usage": [6, 7, 13]},
				{"appName": "YouTube", "usage": [14, 16]},
				{"appName": "메시지", "usage": [3]}
			]
		},
		"maxTime": {
			"usage": 40,
			"details": [
				{"appName": "카카오톡", "usage": 235},
				{"appName": "YouTube", "usage": 38},
				{"appName": "Samsung Health", "usage": 10},
				{"appName": "Paco", "usage": 7},
				{"appName": "YouTube Music", "usage": 6},
				{"appName": "시계", "usage": 4},
				{"appName": "Samsung Experience 홈", "usage": 2},
				{"appName": "Logger", "usage": 0},
				{"appName": "Polar Beat", "usage": 0},
				{"appName": "시스템 UI", "usage": 0},
				{"appName": "설정", "usage": 0},
				{"appName": "원터치알림", "usage": 0},
				{"appName": "메시지", "usage": 0},
				{"appName": "패키지 설치 프로그램", "usage": 0}
			]
		},
		"avgTime": {
			"usage": 2,
			"details": [
				{"appName": "YouTube", "usage": 12},
				{"appName": "카카오톡", "usage": 1},
				{"appName": "Samsung Health", "usage": 0},
				{"appName": "Paco", "usage": 0},
				{"appName": "YouTube Music", "usage": 0},
				{"appName": "시계", "usage": 0},
				{"appName": "Samsung Experience 홈", "usage": 0},
				{"appName": "Logger", "usage": 0},
				{"appName": "설정", "usage": 0},
				{"appName": "Polar Beat", "usage": 0},
				{"appName": "시스템 UI", "usage": 0},
				{"appName": "메시지", "usage": 0},
				{"appName": "원터치알림", "usage": 0},
				{"appName": "패키지 설치 프로그램", "usage": 0}
			]
		},
		"lastPickup": {"time": 0}
	},
	{
		"date": 2,
		"totalTime": {
			"usage": 386,
			"details": [
				{"appName": "카카오톡", "usage": 163},
				{"appName": "YouTube", "usage": 101},
				{"appName": "YouTube Music", "usage": 42},
				{"appName": "삼성 인터넷", "usage": 18},
				{"appName": "메시지", "usage": 18},
				{"appName": "Polar Beat", "usage": 6},
				{"appName": "시계", "usage": 4},
				{"appName": "Paco", "usage": 3},
				{"appName": "Samsung Experience 홈", "usage": 3},
				{"appName": "설정", "usage": 2},
				{"appName": "시스템 UI", "usage": 0},
				{"appName": "Logger", "usage": 0},
				{"appName": "카메라", "usage": 0},
				{"appName": "Google Play 스토어", "usage": 0},
				{"appName": "사용자 휴대폰 도우미", "usage": 0},
				{"appName": "날씨", "usage": 0},
				{"appName": "Google Play 서비스", "usage": 0},
				{"appName": "원터치알림", "usage": 0},
				{"appName": "패키지 설치 프로그램", "usage": 0},
				{"appName": "U+ 고객센터", "usage": 0}
			]
		},
		"pickups": {"usage": 123},
		"downTime": {
			"usages": [
				{"hour": 0, "usage": 9},
				{"hour": 1, "usage": 0},
				{"hour": 2, "usage": 13},
				{"hour": 3, "usage": 36},
				{"hour": 4, "usage": 18},
				{"hour": 5, "usage": 8},
				{"hour": 6, "usage": 3},
				{"hour": 7, "usage": 23},
				{"hour": 8, "usage": 59},
				{"hour": 9, "usage": 13},
				{"hour": 10, "usage": 0},
				{"hour": 11, "usage": 20},
				{"hour": 12, "usage": 12},
				{"hour": 13, "usage": 13},
				{"hour": 14, "usage": 11},
				{"hour": 15, "usage": 33},
				{"hour": 16, "usage": 59},
				{"hour": 17, "usage": 42},
				{"hour": 19, "usage": 0},
				{"hour": 20, "usage": 0},
				{"hour": 23, "usage": 2}
			],
			"details": [
				{"appName": "카카오톡", "usage": [0, 2, 3, 4, 7, 8, 9, 10, 11, 12, 13, 14, 15, 16, 17, 23]},
				{"appName": "Samsung Experience 홈", "usage": [0, 2, 3, 4, 5, 7, 8, 9, 12, 13, 15, 16, 17, 23]},
				{"appName": "시계", "usage": [0, 3, 4, 5, 6, 7, 9, 10, 11, 12, 13, 23]},
				{"appName": "시스템 UI", "usage": [2, 3, 4, 7, 8, 9, 11, 12, 17]},
				{"appName": "YouTube", "usage": [2, 3, 5, 6, 8, 9, 16, 17, 23]},
				{"appName": "Paco", "usage": [2, 3, 4, 5, 6, 9, 11, 12, 13]},
				{"appName": "Polar Beat", "usage": [0, 2, 3, 6, 7, 9, 13]},
				{"appName": "설정", "usage": [0, 2, 3, 7, 9, 13]},
				{"appName": "YouTube Music", "usage": [4, 7, 9, 12, 13, 15]},
				{"appName": "Logger", "usage": [0, 2, 3, 7]},
				{"appName": "패키지 설치 프로그램", "usage": [2, 3, 7]},
				{"appName": "원터치알림", "usage": [2, 13, 23]},
				{"appName": "삼성 인터넷", "usage": [2, 3, 12]},
				{"appName": "메시지", "usage": [2, 4, 5]},
				{"appName": "카메라", "usage": [6, 7]},
				{"appName": "사용자 휴대폰 도우미", "usage": [6]},
				{"appName": "날씨", "usage": [9]},
				{"appName": "U+ 고객센터", "usage": [10]},
				{"appName": "Google Play 스토어", "usage": [5]},
				{"appName": "Google Play 서비스", "usage": [9]}
			]
		},
		"maxTime": {
			"usage": 70,
			"details": [
				{"appName": "카카오톡", "usage": 29},
				{"appName": "YouTube Music", "usage": 29},
				{"appName": "YouTube", "usage": 21},
				{"appName": "메시지", "usage": 15},
				{"appName": "삼성 인터넷", "usage": 8},
				{"appName": "Polar Beat", "usage": 2},
				{"appName": "시계", "usage": 1},
				{"appName": "설정", "usage": 1},
				{"appName": "Samsung Experience 홈", "usage": 0},
				{"appName": "Paco", "usage": 0},
				{"appName": "Logger", "usage": 0},
				{"appName": "카메라", "usage": 0},
				{"appName": "Google Play 스토어", "usage": 0},
				{"appName": "사용자 휴대폰 도우미", "usage": 0},
				{"appName": "날씨", "usage": 0},
				{"appName": "시스템 UI", "usage": 0},
				{"appName": "Google Play 서비스", "usage": 0},
				{"appName": "원터치알림", "usage": 0},
				{"appName": "패키지 설치 프로그램", "usage": 0},
				{"appName": "U+ 고객센터", "usage": 0}
			]
		},
		"avgTime": {
			"usage": 3,
			"details": [
				{"appName": "YouTube Music", "usage": 4},
				{"appName": "삼성 인터넷", "usage": 3},
				{"appName": "메시지", "usage": 2},
				{"appName": "YouTube", "usage": 1},
				{"appName": "카카오톡", "usage": 0},
				{"appName": "Polar Beat", "usage": 0},
				{"appName": "설정", "usage": 0},
				{"appName": "시계", "usage": 0},
				{"appName": "Google Play 스토어", "usage": 0},
				{"appName": "사용자 휴대폰 도우미", "usage": 0},
				{"appName": "날씨", "usage": 0},
				{"appName": "Paco", "usage": 0},
				{"appName": "카메라", "usage": 0},
				{"appName": "Samsung Experience 홈", "usage": 0},
				{"appName": "Logger", "usage": 0},
				{"appName": "Google Play 서비스", "usage": 0},
				{"appName": "시스템 UI", "usage": 0},
				{"appName": "원터치알림", "usage": 0},
				{"appName": "패키지 설치 프로그램", "usage": 0},
				{"appName": "U+ 고객센터", "usage": 0}
			]
		},
		"lastPickup": {"time": 0}
	},
	{
		"date": 3,
		"totalTime": {
			"usage": 284,
			"details": [
				{"appName": "카카오톡", "usage": 93},
				{"appName": "YouTube", "usage": 67},
				{"appName": "YouTube Music", "usage": 41},
				{"appName": "시계", "usage": 13},
				{"appName": "Microsoft Band", "usage": 11},
				{"appName": "연락처", "usage": 7},
				{"appName": "전화", "usage": 6},
				{"appName": "Samsung Experience 홈", "usage": 4},
				{"appName": "Polar Beat", "usage": 4},
				{"appName": "Paco", "usage": 3},
				{"appName": "메시지", "usage": 2},
				{"appName": "알파카", "usage": 2},
				{"appName": "삼성 인터넷", "usage": 1},
				{"appName": "설정", "usage": 1},
				{"appName": "헤이카카오", "usage": 1},
				{"appName": "Logger", "usage": 1},
				{"appName": "카메라", "usage": 0},
				{"appName": "네이버 블로그", "usage": 0},
				{"appName": "시스템 UI", "usage": 0},
				{"appName": "날씨", "usage": 0},
				{"appName": "이메일", "usage": 0},
				{"appName": "캘린더", "usage": 0},
				{"appName": "Google", "usage": 0},
				{"appName": "원터치알림", "usage": 0},
				{"appName": "파인더", "usage": 0},
				{"appName": "패키지 설치 프로그램", "usage": 0},
				{"appName": "원스토어 서비스", "usage": 0}
			]
		},
		"pickups": {"usage": 137},
		"downTime": {
			"usages": [
				{"hour": 0, "usage": 0},
				{"hour": 1, "usage": 0},
				{"hour": 2, "usage": 1},
				{"hour": 3, "usage": 7},
				{"hour": 4, "usage": 6},
				{"hour": 5, "usage": 35},
				{"hour": 6, "usage": 30},
				{"hour": 7, "usage": 11},
				{"hour": 8, "usage": 50},
				{"hour": 9, "usage": 3},
				{"hour": 10, "usage": 0},
				{"hour": 11, "usage": 5},
				{"hour": 12, "usage": 8},
				{"hour": 13, "usage": 21},
				{"hour": 14, "usage": 23},
				{"hour": 15, "usage": 9},
				{"hour": 16, "usage": 59},
				{"hour": 17, "usage": 7},
				{"hour": 19, "usage": 0},
				{"hour": 23, "usage": 0}
			],
			"details": [
				{"appName": "Samsung Experience 홈", "usage": [0, 1, 2, 3, 4, 5, 6, 8, 9, 11, 12, 13, 14, 15, 16, 17]},
				{"appName": "시스템 UI", "usage": [3, 4, 5, 6, 8, 9, 11, 12, 13, 14, 15, 16, 17]},
				{"appName": "시계", "usage": [2, 3, 4, 5, 9, 10, 11, 12, 13, 15, 16, 17]},
				{"appName": "카카오톡", "usage": [2, 3, 4, 6, 7, 8, 11, 12, 13, 14, 15]},
				{"appName": "YouTube", "usage": [2, 3, 6, 8, 14, 16, 17]},
				{"appName": "Paco", "usage": [1, 2, 3, 4, 8, 9]},
				{"appName": "메시지", "usage": [4, 5, 6, 9, 11]},
				{"appName": "원터치알림", "usage": [3, 6, 9, 15]},
				{"appName": "설정", "usage": [0, 5, 7, 12]},
				{"appName": "전화", "usage": [5, 8, 13]},
				{"appName": "연락처", "usage": [5, 8, 9]},
				{"appName": "YouTube Music", "usage": [4, 8, 16]},
				{"appName": "Polar Beat", "usage": [0, 5, 12]},
				{"appName": "패키지 설치 프로그램", "usage": [5, 12]},
				{"appName": "캘린더", "usage": [14, 15]},
				{"appName": "카메라", "usage": [3, 4]},
				{"appName": "알파카", "usage": [5, 6]},
				{"appName": "삼성 인터넷", "usage": [5, 14]},
				{"appName": "Logger", "usage": [5, 12]},
				{"appName": "헤이카카오", "usage": [15]},
				{"appName": "파인더", "usage": [6]},
				{"appName": "이메일", "usage": [5]},
				{"appName": "원스토어 서비스", "usage": [5]},
				{"appName": "네이버 블로그", "usage": [5]},
				{"appName": "날씨", "usage": [15]},
				{"appName": "Microsoft Band", "usage": [5]},
				{"appName": "Google", "usage": [16]}
			]
		},
		"maxTime": {
			"usage": 65,
			"details": [
				{"appName": "YouTube Music", "usage": 40},
				{"appName": "YouTube", "usage": 20},
				{"appName": "카카오톡", "usage": 8},
				{"appName": "연락처", "usage": 6},
				{"appName": "시계", "usage": 4},
				{"appName": "Polar Beat", "usage": 4},
				{"appName": "Microsoft Band", "usage": 1},
				{"appName": "메시지", "usage": 1},
				{"appName": "전화", "usage": 1},
				{"appName": "삼성 인터넷", "usage": 1},
				{"appName": "알파카", "usage": 1},
				{"appName": "Samsung Experience 홈", "usage": 1},
				{"appName": "헤이카카오", "usage": 0},
				{"appName": "Paco", "usage": 0},
				{"appName": "네이버 블로그", "usage": 0},
				{"appName": "카메라", "usage": 0},
				{"appName": "Logger", "usage": 0},
				{"appName": "설정", "usage": 0},
				{"appName": "날씨", "usage": 0},
				{"appName": "이메일", "usage": 0},
				{"appName": "Google", "usage": 0},
				{"appName": "캘린더", "usage": 0},
				{"appName": "시스템 UI", "usage": 0},
				{"appName": "파인더", "usage": 0},
				{"appName": "원터치알림", "usage": 0},
				{"appName": "패키지 설치 프로그램", "usage": 0},
				{"appName": "원스토어 서비스", "usage": 0}
			]
		},
		"avgTime": {
			"usage": 2,
			"details": [
				{"appName": "YouTube Music", "usage": 4},
				{"appName": "YouTube", "usage": 3},
				{"appName": "Polar Beat", "usage": 0},
				{"appName": "연락처", "usage": 0},
				{"appName": "삼성 인터넷", "usage": 0},
				{"appName": "전화", "usage": 0},
				{"appName": "시계", "usage": 0},
				{"appName": "카메라", "usage": 0},
				{"appName": "날씨", "usage": 0},
				{"appName": "Microsoft Band", "usage": 0},
				{"appName": "알파카", "usage": 0},
				{"appName": "메시지", "usage": 0},
				{"appName": "카카오톡", "usage": 0},
				{"appName": "헤이카카오", "usage": 0},
				{"appName": "이메일", "usage": 0},
				{"appName": "네이버 블로그", "usage": 0},
				{"appName": "Paco", "usage": 0},
				{"appName": "Logger", "usage": 0},
				{"appName": "Google", "usage": 0},
				{"appName": "설정", "usage": 0},
				{"appName": "캘린더", "usage": 0},
				{"appName": "Samsung Experience 홈", "usage": 0},
				{"appName": "파인더", "usage": 0},
				{"appName": "시스템 UI", "usage": 0},
				{"appName": "원터치알림", "usage": 0},
				{"appName": "패키지 설치 프로그램", "usage": 0},
				{"appName": "원스토어 서비스", "usage": 0}
			]
		},
		"lastPickup": {"time": 0}
	},
	{
		"date": 4,
		"totalTime": {
			"usage": 291,
			"details": [
				{"appName": "카카오톡", "usage": 121},
				{"appName": "YouTube", "usage": 39},
				{"appName": "갤러리", "usage": 20},
				{"appName": "삼성 인터넷", "usage": 19},
				{"appName": "카메라", "usage": 18},
				{"appName": "Polar Beat", "usage": 11},
				{"appName": "Samsung Experience 홈", "usage": 10},
				{"appName": "YouTube Music", "usage": 8},
				{"appName": "알파카", "usage": 6},
				{"appName": "Paco", "usage": 5},
				{"appName": "시계", "usage": 4},
				{"appName": "시스템 UI", "usage": 0},
				{"appName": "전화", "usage": 0},
				{"appName": "메시지", "usage": 0},
				{"appName": "설정", "usage": 0},
				{"appName": "CaptivePortalLogin", "usage": 0},
				{"appName": "원터치알림", "usage": 0},
				{"appName": "Logger", "usage": 0},
				{"appName": "Google Play 서비스", "usage": 0},
				{"appName": "캘린더", "usage": 0},
				{"appName": "파인더", "usage": 0},
				{"appName": "패키지 설치 프로그램", "usage": 0},
				{"appName": "U+ 고객센터", "usage": 0}
			]
		},
		"pickups": {"usage": 163},
		"downTime": {
			"usages": [
				{"hour": 0, "usage": 0},
				{"hour": 1, "usage": 45},
				{"hour": 2, "usage": 10},
				{"hour": 3, "usage": 37},
				{"hour": 4, "usage": 3},
				{"hour": 5, "usage": 8},
				{"hour": 6, "usage": 19},
				{"hour": 7, "usage": 18},
				{"hour": 8, "usage": 10},
				{"hour": 9, "usage": 34},
				{"hour": 10, "usage": 7},
				{"hour": 11, "usage": 18},
				{"hour": 12, "usage": 8},
				{"hour": 13, "usage": 3},
				{"hour": 14, "usage": 20},
				{"hour": 15, "usage": 0},
				{"hour": 16, "usage": 0},
				{"hour": 17, "usage": 0},
				{"hour": 22, "usage": 23},
				{"hour": 23, "usage": 20}
			],
			"details": [
				{"appName": "카카오톡", "usage": [1, 3, 4, 5, 6, 7, 8, 9, 10, 11, 12, 13, 14, 15, 16, 22, 23]},
				{"appName": "Samsung Experience 홈", "usage": [1, 2, 3, 4, 5, 6, 7, 8, 9, 10, 11, 13, 14, 15, 16, 22, 23]},
				{"appName": "시계", "usage": [2, 4, 5, 6, 7, 8, 9, 10, 11, 12, 13, 16, 22]},
				{"appName": "시스템 UI", "usage": [1, 2, 5, 6, 7, 9, 10, 13, 14, 22, 23]},
				{"appName": "Paco", "usage": [1, 3, 6, 7, 8, 9, 10]},
				{"appName": "삼성 인터넷", "usage": [2, 3, 5, 6, 14, 23]},
				{"appName": "카메라", "usage": [6, 9, 10, 11]},
				{"appName": "Polar Beat", "usage": [1, 2, 14, 15]},
				{"appName": "CaptivePortalLogin", "usage": [3, 8, 13, 23]},
				{"appName": "알파카", "usage": [3, 13, 23]},
				{"appName": "설정", "usage": [1, 3, 14]},
				{"appName": "패키지 설치 프로그램", "usage": [1, 14]},
				{"appName": "메시지", "usage": [6, 10]},
				{"appName": "갤러리", "usage": [6, 9]},
				{"appName": "YouTube Music", "usage": [3, 23]},
				{"appName": "YouTube", "usage": [1, 2]},
				{"appName": "Logger", "usage": [1, 14]},
				{"appName": "Google Play 서비스", "usage": [6, 9]},
				{"appName": "파인더", "usage": [22]},
				{"appName": "캘린더", "usage": [5]},
				{"appName": "전화", "usage": [10]},
				{"appName": "원터치알림", "usage": [2]},
				{"appName": "U+ 고객센터", "usage": [13]}
			]
		},
		"maxTime": {
			"usage": 45,
			"details": [
				{"appName": "YouTube", "usage": 32},
				{"appName": "카카오톡", "usage": 14},
				{"appName": "Polar Beat", "usage": 9},
				{"appName": "갤러리", "usage": 9},
				{"appName": "YouTube Music", "usage": 8},
				{"appName": "삼성 인터넷", "usage": 7},
				{"appName": "Samsung Experience 홈", "usage": 7},
				{"appName": "알파카", "usage": 3},
				{"appName": "카메라", "usage": 2},
				{"appName": "Paco", "usage": 2},
				{"appName": "시계", "usage": 1},
				{"appName": "전화", "usage": 0},
				{"appName": "시스템 UI", "usage": 0},
				{"appName": "메시지", "usage": 0},
				{"appName": "CaptivePortalLogin", "usage": 0},
				{"appName": "원터치알림", "usage": 0},
				{"appName": "설정", "usage": 0},
				{"appName": "캘린더", "usage": 0},
				{"appName": "Google Play 서비스", "usage": 0},
				{"appName": "Logger", "usage": 0},
				{"appName": "파인더", "usage": 0},
				{"appName": "패키지 설치 프로그램", "usage": 0},
				{"appName": "U+ 고객센터", "usage": 0}
			]
		},
		"avgTime": {
			"usage": 1,
			"details": [
				{"appName": "YouTube", "usage": 4},
				{"appName": "YouTube Music", "usage": 2},
				{"appName": "갤러리", "usage": 2},
				{"appName": "삼성 인터넷", "usage": 1},
				{"appName": "알파카", "usage": 0},
				{"appName": "카메라", "usage": 0},
				{"appName": "Polar Beat", "usage": 0},
				{"appName": "전화", "usage": 0},
				{"appName": "카카오톡", "usage": 0},
				{"appName": "Samsung Experience 홈", "usage": 0},
				{"appName": "Paco", "usage": 0},
				{"appName": "시계", "usage": 0},
				{"appName": "원터치알림", "usage": 0},
				{"appName": "메시지", "usage": 0},
				{"appName": "설정", "usage": 0},
				{"appName": "CaptivePortalLogin", "usage": 0},
				{"appName": "캘린더", "usage": 0},
				{"appName": "파인더", "usage": 0},
				{"appName": "Google Play 서비스", "usage": 0},
				{"appName": "시스템 UI", "usage": 0},
				{"appName": "Logger", "usage": 0},
				{"appName": "패키지 설치 프로그램", "usage": 0},
				{"appName": "U+ 고객센터", "usage": 0}
			]
		},
		"lastPickup": {"time": 14}
	},
	{
		"date": 5,
		"totalTime": {
			"usage": 311,
			"details": [
				{"appName": "YouTube", "usage": 99},
				{"appName": "YouTube Music", "usage": 67},
				{"appName": "카카오톡", "usage": 50},
				{"appName": "삼성 인터넷", "usage": 18},
				{"appName": "Paco", "usage": 13},
				{"appName": "Polar Beat", "usage": 8},
				{"appName": "시계", "usage": 8},
				{"appName": "갤러리", "usage": 7},
				{"appName": "Samsung Experience 홈", "usage": 6},
				{"appName": "카메라", "usage": 4},
				{"appName": "알파카", "usage": 3},
				{"appName": "전화", "usage": 2},
				{"appName": "Dropsync", "usage": 1},
				{"appName": "시스템 UI", "usage": 1},
				{"appName": "파인더", "usage": 0},
				{"appName": "Google Play 스토어", "usage": 0},
				{"appName": "설정", "usage": 0},
				{"appName": "헤이카카오", "usage": 0},
				{"appName": "연락처", "usage": 0},
				{"appName": "계산기", "usage": 0},
				{"appName": "네이버 블로그", "usage": 0},
				{"appName": "CaptivePortalLogin", "usage": 0},
				{"appName": "내 파일", "usage": 0},
				{"appName": "Logger", "usage": 0},
				{"appName": "원터치알림", "usage": 0},
				{"appName": "패키지 설치 프로그램", "usage": 0}
			]
		},
		"pickups": {"usage": 129},
		"downTime": {
			"usages": [
				{"hour": 0, "usage": 17},
				{"hour": 1, "usage": 3},
				{"hour": 2, "usage": 5},
				{"hour": 3, "usage": 38},
				{"hour": 4, "usage": 3},
				{"hour": 5, "usage": 2},
				{"hour": 6, "usage": 1},
				{"hour": 7, "usage": 17},
				{"hour": 8, "usage": 22},
				{"hour": 9, "usage": 27},
				{"hour": 10, "usage": 31},
				{"hour": 11, "usage": 10},
				{"hour": 12, "usage": 4},
				{"hour": 13, "usage": 42},
				{"hour": 14, "usage": 58},
				{"hour": 15, "usage": 20},
				{"hour": 18, "usage": 0}
			],
			"details": [
				{"appName": "Samsung Experience 홈", "usage": [0, 1, 2, 3, 4, 5, 7, 8, 9, 10, 11, 12, 13, 14, 15]},
				{"appName": "시계", "usage": [0, 1, 2, 3, 4, 5, 6, 7, 8, 9, 10, 11, 12, 13]},
				{"appName": "카카오톡", "usage": [0, 2, 3, 4, 5, 6, 7, 8, 9, 10, 12, 14]},
				{"appName": "시스템 UI", "usage": [0, 1, 3, 7, 8, 9, 10, 12, 13, 14, 15]},
				{"appName": "Paco", "usage": [3, 4, 5, 8, 9, 10, 11, 12]},
				{"appName": "YouTube Music", "usage": [7, 10, 11, 12, 13, 14, 15]},
				{"appName": "YouTube", "usage": [3, 7, 9, 10, 13, 14, 15]},
				{"appName": "카메라", "usage": [0, 1, 4, 5]},
				{"appName": "Polar Beat", "usage": [0, 8, 10, 12]},
				{"appName": "전화", "usage": [3, 8, 10]},
				{"appName": "설정", "usage": [0, 3, 12]},
				{"appName": "CaptivePortalLogin", "usage": [3, 5, 6]},
				{"appName": "패키지 설치 프로그램", "usage": [0, 12]},
				{"appName": "알파카", "usage": [7, 8]},
				{"appName": "삼성 인터넷", "usage": [0, 9]},
				{"appName": "갤러리", "usage": [0, 1]},
				{"appName": "Logger", "usage": [0, 12]},
				{"appName": "Google Play 스토어", "usage": [2, 15]},
				{"appName": "헤이카카오", "usage": [9]},
				{"appName": "파인더", "usage": [7]},
				{"appName": "원터치알림", "usage": [8]},
				{"appName": "연락처", "usage": [8]},
				{"appName": "네이버 블로그", "usage": [7]},
				{"appName": "내 파일", "usage": [14]},
				{"appName": "계산기", "usage": [1]},
				{"appName": "Dropsync", "usage": [12]}
			]
		},
		"maxTime": {
			"usage": 66,
			"details": [
				{"appName": "YouTube", "usage": 41},
				{"appName": "YouTube Music", "usage": 21},
				{"appName": "삼성 인터넷", "usage": 12},
				{"appName": "카카오톡", "usage": 10},
				{"appName": "Paco", "usage": 10},
				{"appName": "Polar Beat", "usage": 8},
				{"appName": "갤러리", "usage": 7},
				{"appName": "시계", "usage": 4},
				{"appName": "Samsung Experience 홈", "usage": 2},
				{"appName": "알파카", "usage": 1},
				{"appName": "카메라", "usage": 1},
				{"appName": "전화", "usage": 1},
				{"appName": "파인더", "usage": 0},
				{"appName": "Dropsync", "usage": 0},
				{"appName": "시스템 UI", "usage": 0},
				{"appName": "Google Play 스토어", "usage": 0},
				{"appName": "연락처", "usage": 0},
				{"appName": "계산기", "usage": 0},
				{"appName": "헤이카카오", "usage": 0},
				{"appName": "CaptivePortalLogin", "usage": 0},
				{"appName": "네이버 블로그", "usage": 0},
				{"appName": "내 파일", "usage": 0},
				{"appName": "설정", "usage": 0},
				{"appName": "원터치알림", "usage": 0},
				{"appName": "Logger", "usage": 0},
				{"appName": "패키지 설치 프로그램", "usage": 0}
			]
		},
		"avgTime": {
			"usage": 2,
			"details": [
				{"appName": "YouTube Music", "usage": 3},
				{"appName": "YouTube", "usage": 3},
				{"appName": "삼성 인터넷", "usage": 2},
				{"appName": "갤러리", "usage": 1},
				{"appName": "파인더", "usage": 0},
				{"appName": "알파카", "usage": 0},
				{"appName": "Polar Beat", "usage": 0},
				{"appName": "전화", "usage": 0},
				{"appName": "카메라", "usage": 0},
				{"appName": "Dropsync", "usage": 0},
				{"appName": "Paco", "usage": 0},
				{"appName": "카카오톡", "usage": 0},
				{"appName": "계산기", "usage": 0},
				{"appName": "시계", "usage": 0},
				{"appName": "연락처", "usage": 0},
				{"appName": "Samsung Experience 홈", "usage": 0},
				{"appName": "헤이카카오", "usage": 0},
				{"appName": "내 파일", "usage": 0},
				{"appName": "설정", "usage": 0},
				{"appName": "Google Play 스토어", "usage": 0},
				{"appName": "시스템 UI", "usage": 0},
				{"appName": "네이버 블로그", "usage": 0},
				{"appName": "CaptivePortalLogin", "usage": 0},
				{"appName": "Logger", "usage": 0},
				{"appName": "원터치알림", "usage": 0},
				{"appName": "패키지 설치 프로그램", "usage": 0}
			]
		},
		"lastPickup": {"time": 0}
	},
	{
		"date": 6,
		"totalTime": {
			"usage": 788,
			"details": [
				{"appName": "YouTube", "usage": 511},
				{"appName": "카카오톡", "usage": 103},
				{"appName": "YouTube Music", "usage": 73},
				{"appName": "시스템 UI", "usage": 16},
				{"appName": "Paco", "usage": 16},
				{"appName": "계산기", "usage": 13},
				{"appName": "Logger", "usage": 12},
				{"appName": "알파카", "usage": 4},
				{"appName": "Samsung Experience 홈", "usage": 4},
				{"appName": "카메라", "usage": 4},
				{"appName": "메시지", "usage": 2},
				{"appName": "PASS", "usage": 1},
				{"appName": "삼성 인터넷", "usage": 1},
				{"appName": "Polar Beat", "usage": 1},
				{"appName": "헤이카카오", "usage": 1},
				{"appName": "갤러리", "usage": 1},
				{"appName": "ISP/페이북", "usage": 1},
				{"appName": "Papago", "usage": 1},
				{"appName": "비디오 플레이어", "usage": 1},
				{"appName": "원터치알림", "usage": 0},
				{"appName": "시계", "usage": 0},
				{"appName": "설정", "usage": 0},
				{"appName": "Smart View", "usage": 0},
				{"appName": "KLMS", "usage": 0},
				{"appName": "패키지 설치 프로그램", "usage": 0},
				{"appName": "내 파일", "usage": 0},
				{"appName": "원스토어 서비스", "usage": 0}
			]
		},
		"pickups": {"usage": 47},
		"downTime": {
			"usages": [
				{"hour": 0, "usage": 13},
				{"hour": 1, "usage": 60},
				{"hour": 2, "usage": 47},
				{"hour": 3, "usage": 29},
				{"hour": 4, "usage": 60},
				{"hour": 5, "usage": 60},
				{"hour": 6, "usage": 53},
				{"hour": 7, "usage": 8},
				{"hour": 8, "usage": 25},
				{"hour": 9, "usage": 47},
				{"hour": 10, "usage": 58},
				{"hour": 11, "usage": 33},
				{"hour": 12, "usage": 58},
				{"hour": 13, "usage": 31},
				{"hour": 14, "usage": 59},
				{"hour": 15, "usage": 31},
				{"hour": 16, "usage": 44},
				{"hour": 17, "usage": 54},
				{"hour": 18, "usage": 10}
			],
			"details": [
				{"appName": "YouTube", "usage": [1, 2, 4, 5, 6, 8, 9, 10, 11, 12, 13, 14, 15, 16, 17, 18]},
				{"appName": "Samsung Experience 홈", "usage": [0, 1, 2, 3, 4, 6, 7, 8, 9, 10, 11, 13, 14, 16, 17]},
				{"appName": "카카오톡", "usage": [0, 1, 2, 3, 6, 7, 8, 9, 10, 11, 13, 14, 16, 17]},
				{"appName": "시스템 UI", "usage": [1, 2, 3, 4, 5, 6, 8, 9, 10, 11, 12, 13, 16, 17]},
				{"appName": "Paco", "usage": [1, 2, 3, 4, 5, 6, 8, 9, 10, 11, 12]},
				{"appName": "YouTube Music", "usage": [0, 2, 3, 6, 9, 13, 17]},
				{"appName": "원터치알림", "usage": [2, 3, 7, 15, 16]},
				{"appName": "Logger", "usage": [1, 4, 8, 9, 13]},
				{"appName": "패키지 설치 프로그램", "usage": [1, 4, 8, 13]},
				{"appName": "시계", "usage": [2, 3, 11, 17]},
				{"appName": "설정", "usage": [1, 4, 9, 13]},
				{"appName": "Polar Beat", "usage": [1, 4, 8, 13]},
				{"appName": "메시지", "usage": [3, 6, 7]},
				{"appName": "알파카", "usage": [6, 11]},
				{"appName": "삼성 인터넷", "usage": [2, 3]},
				{"appName": "계산기", "usage": [16, 17]},
				{"appName": "헤이카카오", "usage": [16]},
				{"appName": "카메라", "usage": [16]},
				{"appName": "원스토어 서비스", "usage": [4]},
				{"appName": "비디오 플레이어", "usage": [16]},
				{"appName": "내 파일", "usage": [16]},
				{"appName": "갤러리", "usage": [16]},
				{"appName": "Smart View", "usage": [7]},
				{"appName": "Papago", "usage": [16]},
				{"appName": "PASS", "usage": [2]},
				{"appName": "KLMS", "usage": [9]},
				{"appName": "ISP/페이북", "usage": [11]}
			]
		},
		"maxTime": {
			"usage": 178,
			"details": [
				{"appName": "YouTube", "usage": 52},
				{"appName": "YouTube Music", "usage": 26},
				{"appName": "시스템 UI", "usage": 15},
				{"appName": "카카오톡", "usage": 14},
				{"appName": "Logger", "usage": 12},
				{"appName": "계산기", "usage": 10},
				{"appName": "Paco", "usage": 4},
				{"appName": "알파카", "usage": 2},
				{"appName": "메시지", "usage": 1},
				{"appName": "삼성 인터넷", "usage": 1},
				{"appName": "Samsung Experience 홈", "usage": 1},
				{"appName": "Papago", "usage": 0},
				{"appName": "카메라", "usage": 0},
				{"appName": "PASS", "usage": 0},
				{"appName": "Polar Beat", "usage": 0},
				{"appName": "ISP/페이북", "usage": 0},
				{"appName": "비디오 플레이어", "usage": 0},
				{"appName": "헤이카카오", "usage": 0},
				{"appName": "시계", "usage": 0},
				{"appName": "갤러리", "usage": 0},
				{"appName": "Smart View", "usage": 0},
				{"appName": "원터치알림", "usage": 0},
				{"appName": "설정", "usage": 0},
				{"appName": "KLMS", "usage": 0},
				{"appName": "내 파일", "usage": 0},
				{"appName": "패키지 설치 프로그램", "usage": 0},
				{"appName": "원스토어 서비스", "usage": 0}
			]
		},
		"avgTime": {
			"usage": 16,
			"details": [
				{"appName": "YouTube", "usage": 12},
				{"appName": "YouTube Music", "usage": 5},
				{"appName": "계산기", "usage": 4},
				{"appName": "알파카", "usage": 1},
				{"appName": "Logger", "usage": 1},
				{"appName": "삼성 인터넷", "usage": 0},
				{"appName": "카카오톡", "usage": 0},
				{"appName": "메시지", "usage": 0},
				{"appName": "시스템 UI", "usage": 0},
				{"appName": "카메라", "usage": 0},
				{"appName": "Papago", "usage": 0},
				{"appName": "Paco", "usage": 0},
				{"appName": "비디오 플레이어", "usage": 0},
				{"appName": "Smart View", "usage": 0},
				{"appName": "헤이카카오", "usage": 0},
				{"appName": "ISP/페이북", "usage": 0},
				{"appName": "PASS", "usage": 0},
				{"appName": "Polar Beat", "usage": 0},
				{"appName": "갤러리", "usage": 0},
				{"appName": "시계", "usage": 0},
				{"appName": "KLMS", "usage": 0},
				{"appName": "원터치알림", "usage": 0},
				{"appName": "Samsung Experience 홈", "usage": 0},
				{"appName": "설정", "usage": 0},
				{"appName": "내 파일", "usage": 0},
				{"appName": "패키지 설치 프로그램", "usage": 0},
				{"appName": "원스토어 서비스", "usage": 0}
			]
		},
		"lastPickup": {"time": 53}
	},
	{
		"date": 7,
		"totalTime": {
			"usage": 1079,
			"details": [
				{"appName": "YouTube", "usage": 154},
				{"appName": "YouTube Music", "usage": 81},
				{"appName": "카카오톡", "usage": 57},
				{"appName": "삼성 인터넷", "usage": 41},
				{"appName": "네이버 웹툰", "usage": 22},
				{"appName": "Samsung Experience 홈", "usage": 15},
				{"appName": "시계", "usage": 8},
				{"appName": "메시지", "usage": 3},
				{"appName": "Paco", "usage": 2},
				{"appName": "카메라", "usage": 2},
				{"appName": "시스템 UI", "usage": 2},
				{"appName": "설정", "usage": 2},
				{"appName": "Polar Beat", "usage": 1},
				{"appName": "Screen Off Button", "usage": 1},
				{"appName": "Logger", "usage": 1},
				{"appName": "Google Play 스토어", "usage": 1},
				{"appName": "전화", "usage": 1},
				{"appName": "Dropsync", "usage": 0},
				{"appName": "갤러리", "usage": 0},
				{"appName": "연락처", "usage": 0},
				{"appName": "CaptivePortalLogin", "usage": 0},
				{"appName": "파인더", "usage": 0},
				{"appName": "원터치알림", "usage": 0},
				{"appName": "패키지 설치 프로그램", "usage": 0},
				{"appName": "Google", "usage": 0},
				{"appName": "원스토어 서비스", "usage": 0}
			]
		},
		"pickups": {"usage": 103},
		"downTime": {
			"usages": [
				{"hour": 1, "usage": 13},
				{"hour": 2, "usage": 60},
				{"hour": 3, "usage": 28},
				{"hour": 4, "usage": 56},
				{"hour": 5, "usage": 60},
				{"hour": 6, "usage": 60},
				{"hour": 7, "usage": 43},
				{"hour": 8, "usage": 21},
				{"hour": 9, "usage": 37},
				{"hour": 10, "usage": 10},
				{"hour": 11, "usage": 16},
				{"hour": 12, "usage": 16},
				{"hour": 13, "usage": 6}
			],
			"details": [
				{"appName": "시스템 UI", "usage": [1, 2, 3, 4, 5, 6, 7, 8, 9, 11, 12]},
				{"appName": "Samsung Experience 홈", "usage": [1, 2, 3, 4, 5, 6, 7, 8, 9, 11, 12]},
				{"appName": "YouTube Music", "usage": [4, 5, 6, 7, 8, 9, 10, 11, 12]},
				{"appName": "카카오톡", "usage": [1, 2, 6, 7, 8, 9, 11, 12]},
				{"appName": "YouTube", "usage": [1, 2, 3, 4, 5, 7, 8, 12]},
				{"appName": "Paco", "usage": [2, 3, 5, 6, 7, 9, 12]},
				{"appName": "시계", "usage": [4, 8, 10, 11, 12, 13]},
				{"appName": "설정", "usage": [1, 4, 9, 11]},
				{"appName": "삼성 인터넷", "usage": [4, 7, 8, 9]},
				{"appName": "Polar Beat", "usage": [1, 4, 12, 13]},
				{"appName": "패키지 설치 프로그램", "usage": [1, 4, 12]},
				{"appName": "전화", "usage": [6, 11, 12]},
				{"appName": "Screen Off Button", "usage": [9, 11, 12]},
				{"appName": "Logger", "usage": [1, 4, 12]},
				{"appName": "카메라", "usage": [11, 12]},
				{"appName": "원터치알림", "usage": [3, 8]},
				{"appName": "연락처", "usage": [3, 12]},
				{"appName": "메시지", "usage": [3, 12]},
				{"appName": "네이버 웹툰", "usage": [2, 3]},
				{"appName": "갤러리", "usage": [11, 12]},
				{"appName": "Dropsync", "usage": [2, 4]},
				{"appName": "파인더", "usage": [1]},
				{"appName": "원스토어 서비스", "usage": [4]},
				{"appName": "Google Play 스토어", "usage": [9]},
				{"appName": "Google", "usage": [11]},
				{"appName": "CaptivePortalLogin", "usage": [11]}
			]
		},
		"maxTime": {
			"usage": 649,
			"details": [
				{"appName": "YouTube", "usage": 37},
				{"appName": "YouTube Music", "usage": 22},
				{"appName": "삼성 인터넷", "usage": 17},
				{"appName": "Samsung Experience 홈", "usage": 11},
				{"appName": "네이버 웹툰", "usage": 10},
				{"appName": "카카오톡", "usage": 8},
				{"appName": "시계", "usage": 4},
				{"appName": "카메라", "usage": 2},
				{"appName": "Logger", "usage": 1},
				{"appName": "메시지", "usage": 1},
				{"appName": "Polar Beat", "usage": 1},
				{"appName": "전화", "usage": 0},
				{"appName": "Google Play 스토어", "usage": 0},
				{"appName": "Paco", "usage": 0},
				{"appName": "설정", "usage": 0},
				{"appName": "Screen Off Button", "usage": 0},
				{"appName": "시스템 UI", "usage": 0},
				{"appName": "갤러리", "usage": 0},
				{"appName": "Dropsync", "usage": 0},
				{"appName": "연락처", "usage": 0},
				{"appName": "CaptivePortalLogin", "usage": 0},
				{"appName": "파인더", "usage": 0},
				{"appName": "원터치알림", "usage": 0},
				{"appName": "패키지 설치 프로그램", "usage": 0},
				{"appName": "Google", "usage": 0},
				{"appName": "원스토어 서비스", "usage": 0}
			]
		},
		"avgTime": {
			"usage": 10,
			"details": [
				{"appName": "YouTube", "usage": 6},
				{"appName": "YouTube Music", "usage": 3},
				{"appName": "삼성 인터넷", "usage": 1},
				{"appName": "네이버 웹툰", "usage": 1},
				{"appName": "카메라", "usage": 0},
				{"appName": "시계", "usage": 0},
				{"appName": "전화", "usage": 0},
				{"appName": "카카오톡", "usage": 0},
				{"appName": "메시지", "usage": 0},
				{"appName": "Samsung Experience 홈", "usage": 0},
				{"appName": "Logger", "usage": 0},
				{"appName": "갤러리", "usage": 0},
				{"appName": "Polar Beat", "usage": 0},
				{"appName": "연락처", "usage": 0},
				{"appName": "Google Play 스토어", "usage": 0},
				{"appName": "Screen Off Button", "usage": 0},
				{"appName": "Dropsync", "usage": 0},
				{"appName": "설정", "usage": 0},
				{"appName": "Paco", "usage": 0},
				{"appName": "시스템 UI", "usage": 0},
				{"appName": "CaptivePortalLogin", "usage": 0},
				{"appName": "파인더", "usage": 0},
				{"appName": "원터치알림", "usage": 0},
				{"appName": "패키지 설치 프로그램", "usage": 0},
				{"appName": "Google", "usage": 0},
				{"appName": "원스토어 서비스", "usage": 0}
			]
		},
		"lastPickup": {"time": 649}
	}
]
