[
	{
		"date": 1,
		"totalTime": {
			"usage": 444,
			"details": [
				{"appName": "Chrome", "usage": 405},
				{"appName": "YouTube", "usage": 248},
				{"appName": "디시인사이드", "usage": 46},
				{"appName": "카카오톡", "usage": 39},
				{"appName": "카메라", "usage": 16},
				{"appName": "Facebook", "usage": 7},
				{"appName": "기본홈", "usage": 7},
				{"appName": "Paco", "usage": 2},
				{"appName": "T전화", "usage": 1},
				{"appName": "벅스", "usage": 1},
				{"appName": "시스템 UI", "usage": 1},
				{"appName": "KLMS", "usage": 1},
				{"appName": "Messenger", "usage": 0},
				{"appName": "Polar Beat", "usage": 0},
				{"appName": "Shutdown Monitor", "usage": 0},
				{"appName": "접근성", "usage": 0},
				{"appName": "Gmail", "usage": 0},
				{"appName": "CLASSUM", "usage": 0},
				{"appName": "Logger", "usage": 0},
				{"appName": "알람/시계", "usage": 0},
				{"appName": "에브리타임", "usage": 0},
				{"appName": "BAND", "usage": 0},
				{"appName": "설정", "usage": 0},
				{"appName": "Bluetooth", "usage": 0},
				{"appName": "Wi-Fi", "usage": 0},
				{"appName": "네트워크", "usage": 0},
				{"appName": "Android 시스템", "usage": 0},
				{"appName": "Google", "usage": 0},
				{"appName": "Microsoft Band", "usage": 0},
				{"appName": "패키지 설치 프로그램", "usage": 0},
				{"appName": "통화 관리", "usage": 0}
			]
		},
		"pickups": {"usage": 266},
		"downTime": {
			"usages": [
				{"hour": 0, "usage": 49},
				{"hour": 1, "usage": 10},
				{"hour": 7, "usage": 20},
				{"hour": 8, "usage": 18},
				{"hour": 9, "usage": 13},
				{"hour": 10, "usage": 22},
				{"hour": 11, "usage": 21},
				{"hour": 12, "usage": 30},
				{"hour": 13, "usage": 21},
				{"hour": 14, "usage": 19},
				{"hour": 15, "usage": 15},
				{"hour": 16, "usage": 15},
				{"hour": 17, "usage": 16},
				{"hour": 18, "usage": 60},
				{"hour": 19, "usage": 60},
				{"hour": 20, "usage": 47},
				{"hour": 23, "usage": 0}
			],
			"details": [
				{"appName": "Chrome", "usage": [0, 1, 2, 3, 4, 5, 6, 7, 10, 11, 12, 14, 15, 16, 17]},
				{"appName": "기본홈", "usage": [0, 1, 7, 8, 9, 10, 11, 12, 13, 14, 15, 16, 17]},
				{"appName": "카카오톡", "usage": [1, 7, 8, 9, 10, 11, 12, 13, 14, 15, 16, 17]},
				{"appName": "시스템 UI", "usage": [0, 7, 8, 9, 10, 11, 12, 13, 14, 15, 16, 17]},
				{"appName": "디시인사이드", "usage": [0, 7, 8, 9, 10, 11, 12, 15, 16, 17]},
				{"appName": "YouTube", "usage": [0, 1, 7, 8, 12, 17, 18, 19, 20]},
				{"appName": "Messenger", "usage": [9, 10, 11, 12, 14, 15]},
				{"appName": "카메라", "usage": [9, 10, 13, 14, 16]},
				{"appName": "Paco", "usage": [1, 7, 8, 9, 10]},
				{"appName": "벅스", "usage": [0, 1, 12, 13]},
				{"appName": "T전화", "usage": [13, 15, 16, 17]},
				{"appName": "통화 관리", "usage": [13, 15, 17]},
				{"appName": "Facebook", "usage": [12, 13, 15]},
				{"appName": "패키지 설치 프로그램", "usage": [1, 11]},
				{"appName": "접근성", "usage": [1, 11]},
				{"appName": "설정", "usage": [0, 1]},
				{"appName": "Polar Beat", "usage": [1, 11]},
				{"appName": "Logger", "usage": [1, 11]},
				{"appName": "에브리타임", "usage": [10]},
				{"appName": "알람/시계", "usage": [17]},
				{"appName": "네트워크", "usage": [1]},
				{"appName": "Wi-Fi", "usage": [1]},
				{"appName": "Shutdown Monitor", "usage": [1]},
				{"appName": "Microsoft Band", "usage": [1]},
				{"appName": "KLMS", "usage": [0]},
				{"appName": "Google", "usage": [1]},
				{"appName": "Gmail", "usage": [1]},
				{"appName": "CLASSUM", "usage": [9]},
				{"appName": "Bluetooth", "usage": [1]},
				{"appName": "BAND", "usage": [12]},
				{"appName": "Android 시스템", "usage": [16]}
			]
		},
		"maxTime": {
			"usage": 177,
			"details": [
				{"appName": "Chrome", "usage": 370},
				{"appName": "YouTube", "usage": 175},
				{"appName": "카메라", "usage": 15},
				{"appName": "Facebook", "usage": 4},
				{"appName": "카카오톡", "usage": 2},
				{"appName": "기본홈", "usage": 2},
				{"appName": "디시인사이드", "usage": 1},
				{"appName": "Shutdown Monitor", "usage": 0},
				{"appName": "시스템 UI", "usage": 0},
				{"appName": "Paco", "usage": 0},
				{"appName": "KLMS", "usage": 0},
				{"appName": "벅스", "usage": 0},
				{"appName": "T전화", "usage": 0},
				{"appName": "Messenger", "usage": 0},
				{"appName": "Gmail", "usage": 0},
				{"appName": "Polar Beat", "usage": 0},
				{"appName": "CLASSUM", "usage": 0},
				{"appName": "접근성", "usage": 0},
				{"appName": "알람/시계", "usage": 0},
				{"appName": "Logger", "usage": 0},
				{"appName": "에브리타임", "usage": 0},
				{"appName": "설정", "usage": 0},
				{"appName": "Wi-Fi", "usage": 0},
				{"appName": "BAND", "usage": 0},
				{"appName": "Bluetooth", "usage": 0},
				{"appName": "네트워크", "usage": 0},
				{"appName": "Android 시스템", "usage": 0},
				{"appName": "Google", "usage": 0},
				{"appName": "Microsoft Band", "usage": 0},
				{"appName": "패키지 설치 프로그램", "usage": 0},
				{"appName": "통화 관리", "usage": 0}
			]
		},
		"avgTime": {
			"usage": 1,
			"details": [
				{"appName": "YouTube", "usage": 20},
				{"appName": "Chrome", "usage": 10},
				{"appName": "카메라", "usage": 1},
				{"appName": "Shutdown Monitor", "usage": 0},
				{"appName": "Facebook", "usage": 0},
				{"appName": "Gmail", "usage": 0},
				{"appName": "알람/시계", "usage": 0},
				{"appName": "CLASSUM", "usage": 0},
				{"appName": "KLMS", "usage": 0},
				{"appName": "Paco", "usage": 0},
				{"appName": "T전화", "usage": 0},
				{"appName": "디시인사이드", "usage": 0},
				{"appName": "접근성", "usage": 0},
				{"appName": "Messenger", "usage": 0},
				{"appName": "Polar Beat", "usage": 0},
				{"appName": "카카오톡", "usage": 0},
				{"appName": "기본홈", "usage": 0},
				{"appName": "Wi-Fi", "usage": 0},
				{"appName": "에브리타임", "usage": 0},
				{"appName": "벅스", "usage": 0},
				{"appName": "Logger", "usage": 0},
				{"appName": "설정", "usage": 0},
				{"appName": "Android 시스템", "usage": 0},
				{"appName": "Google", "usage": 0},
				{"appName": "시스템 UI", "usage": 0},
				{"appName": "BAND", "usage": 0},
				{"appName": "Bluetooth", "usage": 0},
				{"appName": "Microsoft Band", "usage": 0},
				{"appName": "네트워크", "usage": 0},
				{"appName": "패키지 설치 프로그램", "usage": 0},
				{"appName": "통화 관리", "usage": 0}
			]
		},
		"lastPickup": {"time": 0}
	},
	{
		"date": 2,
		"totalTime": {
			"usage": 422,
			"details": [
				{"appName": "디시인사이드", "usage": 115},
				{"appName": "카카오톡", "usage": 91},
				{"appName": "YouTube", "usage": 73},
				{"appName": "Facebook", "usage": 33},
				{"appName": "Chrome", "usage": 32},
				{"appName": "기본홈", "usage": 8},
				{"appName": "LoL 프렌즈", "usage": 4},
				{"appName": "Paco", "usage": 3},
				{"appName": "네이버 웹툰", "usage": 2},
				{"appName": "토스", "usage": 2},
				{"appName": "시스템 UI", "usage": 1},
				{"appName": "벅스", "usage": 1},
				{"appName": "알람/시계", "usage": 1},
				{"appName": "스프레드시트", "usage": 0},
				{"appName": "에브리타임", "usage": 0},
				{"appName": "Gmail", "usage": 0},
				{"appName": "신한 쏠(SOL)", "usage": 0},
				{"appName": "Messenger", "usage": 0},
				{"appName": "카메라", "usage": 0},
				{"appName": "Polar Beat", "usage": 0},
				{"appName": "캘린더", "usage": 0},
				{"appName": "지하철 노선도", "usage": 0},
				{"appName": "픽테일 - NewYork", "usage": 0},
				{"appName": "OP.GG", "usage": 0},
				{"appName": "Microsoft Band", "usage": 0},
				{"appName": "Bluetooth", "usage": 0},
				{"appName": "Logger", "usage": 0},
				{"appName": "접근성", "usage": 0},
				{"appName": "날씨", "usage": 0},
				{"appName": "Google", "usage": 0},
				{"appName": "T전화", "usage": 0},
				{"appName": "Wi-Fi", "usage": 0},
				{"appName": "갤러리", "usage": 0},
				{"appName": "Google Play 서비스", "usage": 0},
				{"appName": "BAND", "usage": 0},
				{"appName": "동영상", "usage": 0},
				{"appName": "파일", "usage": 0},
				{"appName": "크루비", "usage": 0},
				{"appName": "LG 페이", "usage": 0},
				{"appName": "Google Play 스토어", "usage": 0},
				{"appName": "Habitica", "usage": 0},
				{"appName": "GGtics", "usage": 0},
				{"appName": "Android 시스템", "usage": 0},
				{"appName": "패키지 설치 프로그램", "usage": 0},
				{"appName": "통화 관리", "usage": 0}
			]
		},
		"pickups": {"usage": 324},
		"downTime": {
			"usages": [
				{"hour": 0, "usage": 9},
				{"hour": 1, "usage": 30},
				{"hour": 2, "usage": 13},
				{"hour": 3, "usage": 21},
				{"hour": 4, "usage": 21},
				{"hour": 5, "usage": 34},
				{"hour": 6, "usage": 5},
				{"hour": 7, "usage": 42},
				{"hour": 8, "usage": 19},
				{"hour": 9, "usage": 22},
				{"hour": 10, "usage": 27},
				{"hour": 11, "usage": 13},
				{"hour": 12, "usage": 37},
				{"hour": 13, "usage": 20},
				{"hour": 14, "usage": 18},
				{"hour": 15, "usage": 23},
				{"hour": 16, "usage": 11},
				{"hour": 17, "usage": 46},
				{"hour": 22, "usage": 0},
				{"hour": 23, "usage": 4}
			],
			"details": [
				{"appName": "카카오톡", "usage": [0, 1, 2, 3, 4, 5, 6, 7, 8, 9, 10, 11, 12, 13, 14, 15, 16, 17]},
				{"appName": "기본홈", "usage": [0, 1, 2, 3, 4, 5, 7, 8, 9, 10, 11, 12, 13, 14, 15, 16, 17, 23]},
				{"appName": "시스템 UI", "usage": [1, 2, 3, 4, 5, 7, 8, 9, 10, 11, 12, 13, 14, 15, 16, 17, 23]},
				{"appName": "디시인사이드", "usage": [0, 1, 2, 3, 4, 5, 7, 8, 9, 10, 11, 12, 13, 14, 15, 16, 17]},
				{"appName": "Chrome", "usage": [0, 2, 3, 4, 5, 7, 8, 10, 11, 12, 14, 15, 16, 17, 23]},
				{"appName": "Facebook", "usage": [1, 2, 3, 4, 5, 7, 10, 11, 12, 23]},
				{"appName": "Paco", "usage": [1, 2, 3, 4, 5, 7, 9]},
				{"appName": "YouTube", "usage": [0, 7, 12, 13, 16, 17]},
				{"appName": "네이버 웹툰", "usage": [0, 1, 4, 8, 13]},
				{"appName": "알람/시계", "usage": [0, 17, 22, 23]},
				{"appName": "캘린더", "usage": [3, 7, 13]},
				{"appName": "카메라", "usage": [1, 4, 7]},
				{"appName": "벅스", "usage": [5, 7, 8]},
				{"appName": "Polar Beat", "usage": [1, 7, 9]},
				{"appName": "토스", "usage": [3, 9]},
				{"appName": "접근성", "usage": [1, 9]},
				{"appName": "갤러리", "usage": [4, 13]},
				{"appName": "T전화", "usage": [2, 10]},
				{"appName": "LoL 프렌즈", "usage": [7, 15]},
				{"appName": "Habitica", "usage": [11, 15]},
				{"appName": "Google Play 서비스", "usage": [10, 13]},
				{"appName": "GGtics", "usage": [7, 15]},
				{"appName": "Bluetooth", "usage": [1, 10]},
				{"appName": "픽테일 - NewYork", "usage": [8]},
				{"appName": "패키지 설치 프로그램", "usage": [1]},
				{"appName": "파일", "usage": [13]},
				{"appName": "통화 관리", "usage": [10]},
				{"appName": "크루비", "usage": [9]},
				{"appName": "지하철 노선도", "usage": [8]},
				{"appName": "에브리타임", "usage": [5]},
				{"appName": "신한 쏠(SOL)", "usage": [3]},
				{"appName": "스프레드시트", "usage": [10]},
				{"appName": "동영상", "usage": [8]},
				{"appName": "날씨", "usage": [14]},
				{"appName": "Wi-Fi", "usage": [1]},
				{"appName": "OP.GG", "usage": [11]},
				{"appName": "Microsoft Band", "usage": [1]},
				{"appName": "Messenger", "usage": [9]},
				{"appName": "Logger", "usage": [1]},
				{"appName": "LG 페이", "usage": [12]},
				{"appName": "Google Play 스토어", "usage": [0]},
				{"appName": "Google", "usage": [5]},
				{"appName": "Gmail", "usage": [3]},
				{"appName": "BAND", "usage": [0]},
				{"appName": "Android 시스템", "usage": [10]}
			]
		},
		"maxTime": {
			"usage": 49,
			"details": [
				{"appName": "YouTube", "usage": 21},
				{"appName": "Chrome", "usage": 7},
				{"appName": "Facebook", "usage": 4},
				{"appName": "카카오톡", "usage": 4},
				{"appName": "LoL 프렌즈", "usage": 2},
				{"appName": "디시인사이드", "usage": 2},
				{"appName": "토스", "usage": 0},
				{"appName": "기본홈", "usage": 0},
				{"appName": "네이버 웹툰", "usage": 0},
				{"appName": "지하철 노선도", "usage": 0},
				{"appName": "스프레드시트", "usage": 0},
				{"appName": "Paco", "usage": 0},
				{"appName": "알람/시계", "usage": 0},
				{"appName": "Messenger", "usage": 0},
				{"appName": "픽테일 - NewYork", "usage": 0},
				{"appName": "신한 쏠(SOL)", "usage": 0},
				{"appName": "OP.GG", "usage": 0},
				{"appName": "Gmail", "usage": 0},
				{"appName": "벅스", "usage": 0},
				{"appName": "카메라", "usage": 0},
				{"appName": "Bluetooth", "usage": 0},
				{"appName": "날씨", "usage": 0},
				{"appName": "Google", "usage": 0},
				{"appName": "Logger", "usage": 0},
				{"appName": "Polar Beat", "usage": 0},
				{"appName": "에브리타임", "usage": 0},
				{"appName": "Microsoft Band", "usage": 0},
				{"appName": "접근성", "usage": 0},
				{"appName": "Wi-Fi", "usage": 0},
				{"appName": "캘린더", "usage": 0},
				{"appName": "시스템 UI", "usage": 0},
				{"appName": "갤러리", "usage": 0},
				{"appName": "동영상", "usage": 0},
				{"appName": "T전화", "usage": 0},
				{"appName": "BAND", "usage": 0},
				{"appName": "파일", "usage": 0},
				{"appName": "Google Play 서비스", "usage": 0},
				{"appName": "LG 페이", "usage": 0},
				{"appName": "크루비", "usage": 0},
				{"appName": "Google Play 스토어", "usage": 0},
				{"appName": "GGtics", "usage": 0},
				{"appName": "Habitica", "usage": 0},
				{"appName": "Android 시스템", "usage": 0},
				{"appName": "패키지 설치 프로그램", "usage": 0},
				{"appName": "통화 관리", "usage": 0}
			]
		},
		"avgTime": {
			"usage": 1,
			"details": [
				{"appName": "YouTube", "usage": 5},
				{"appName": "LoL 프렌즈", "usage": 0},
				{"appName": "지하철 노선도", "usage": 0},
				{"appName": "Chrome", "usage": 0},
				{"appName": "Facebook", "usage": 0},
				{"appName": "카메라", "usage": 0},
				{"appName": "Gmail", "usage": 0},
				{"appName": "Google", "usage": 0},
				{"appName": "스프레드시트", "usage": 0},
				{"appName": "토스", "usage": 0},
				{"appName": "Paco", "usage": 0},
				{"appName": "Wi-Fi", "usage": 0},
				{"appName": "픽테일 - NewYork", "usage": 0},
				{"appName": "네이버 웹툰", "usage": 0},
				{"appName": "Bluetooth", "usage": 0},
				{"appName": "디시인사이드", "usage": 0},
				{"appName": "접근성", "usage": 0},
				{"appName": "날씨", "usage": 0},
				{"appName": "Messenger", "usage": 0},
				{"appName": "Microsoft Band", "usage": 0},
				{"appName": "카카오톡", "usage": 0},
				{"appName": "OP.GG", "usage": 0},
				{"appName": "Polar Beat", "usage": 0},
				{"appName": "동영상", "usage": 0},
				{"appName": "신한 쏠(SOL)", "usage": 0},
				{"appName": "벅스", "usage": 0},
				{"appName": "Logger", "usage": 0},
				{"appName": "에브리타임", "usage": 0},
				{"appName": "알람/시계", "usage": 0},
				{"appName": "캘린더", "usage": 0},
				{"appName": "갤러리", "usage": 0},
				{"appName": "Google Play 서비스", "usage": 0},
				{"appName": "BAND", "usage": 0},
				{"appName": "기본홈", "usage": 0},
				{"appName": "LG 페이", "usage": 0},
				{"appName": "T전화", "usage": 0},
				{"appName": "Google Play 스토어", "usage": 0},
				{"appName": "파일", "usage": 0},
				{"appName": "시스템 UI", "usage": 0},
				{"appName": "크루비", "usage": 0},
				{"appName": "Habitica", "usage": 0},
				{"appName": "GGtics", "usage": 0},
				{"appName": "Android 시스템", "usage": 0},
				{"appName": "패키지 설치 프로그램", "usage": 0},
				{"appName": "통화 관리", "usage": 0}
			]
		},
		"lastPickup": {"time": 0}
	},
	{
		"date": 3,
		"totalTime": {
			"usage": 1268,
			"details": [
				{"appName": "YouTube", "usage": 998},
				{"appName": "카카오톡", "usage": 82},
				{"appName": "과학적인 계산기", "usage": 65},
				{"appName": "디시인사이드", "usage": 43},
				{"appName": "Chrome", "usage": 27},
				{"appName": "기본홈", "usage": 7},
				{"appName": "Facebook", "usage": 6},
				{"appName": "벅스", "usage": 3},
				{"appName": "신한 쏠(SOL)", "usage": 3},
				{"appName": "계산기", "usage": 2},
				{"appName": "KLMS", "usage": 2},
				{"appName": "시스템 UI", "usage": 1},
				{"appName": "Gmail", "usage": 1},
				{"appName": "T멤버십", "usage": 0},
				{"appName": "알람/시계", "usage": 0},
				{"appName": "한컴오피스 viewer", "usage": 0},
				{"appName": "카메라", "usage": 0},
				{"appName": "CLASSUM", "usage": 0},
				{"appName": "소프트웨어 업데이트", "usage": 0},
				{"appName": "LG 페이", "usage": 0},
				{"appName": "메시지", "usage": 0},
				{"appName": "Google Play 서비스", "usage": 0},
				{"appName": "네트워크", "usage": 0},
				{"appName": "설정", "usage": 0},
				{"appName": "네이버 웹툰", "usage": -144114041174533}
			]
		},
		"pickups": {"usage": 77},
		"downTime": {
			"usages": [
				{"hour": 0, "usage": 16},
				{"hour": 1, "usage": 32},
				{"hour": 2, "usage": 45},
				{"hour": 3, "usage": 43},
				{"hour": 4, "usage": 35},
				{"hour": 5, "usage": 48},
				{"hour": 6, "usage": 58},
				{"hour": 7, "usage": 18}
			],
			"details": [
				{"appName": "카카오톡", "usage": [0, 1, 2, 3, 4, 5, 6, 7]},
				{"appName": "시스템 UI", "usage": [0, 1, 2, 3, 4, 5, 6, 7]},
				{"appName": "디시인사이드", "usage": [0, 1, 2, 3, 4, 5, 6, 7]},
				{"appName": "기본홈", "usage": [0, 1, 2, 3, 4, 5, 6, 7]},
				{"appName": "벅스", "usage": [1, 2, 3, 4, 5, 6, 7]},
				{"appName": "Chrome", "usage": [0, 1, 2, 4, 5, 6]},
				{"appName": "과학적인 계산기", "usage": [3, 4, 5, 6, 7]},
				{"appName": "신한 쏠(SOL)", "usage": [1, 2, 5]},
				{"appName": "Facebook", "usage": [0, 3, 4]},
				{"appName": "카메라", "usage": [1, 7]},
				{"appName": "계산기", "usage": [2, 6]},
				{"appName": "YouTube", "usage": [3, 4]},
				{"appName": "LG 페이", "usage": [1, 6]},
				{"appName": "Gmail", "usage": [1, 2]},
				{"appName": "한컴오피스 viewer", "usage": [1]},
				{"appName": "알람/시계", "usage": [0]},
				{"appName": "소프트웨어 업데이트", "usage": [1]},
				{"appName": "설정", "usage": [1]},
				{"appName": "메시지", "usage": [5]},
				{"appName": "네트워크", "usage": [1]},
				{"appName": "T멤버십", "usage": [7]},
				{"appName": "KLMS", "usage": [1]},
				{"appName": "Google Play 서비스", "usage": [7]},
				{"appName": "CLASSUM", "usage": [5]},
				{"appName": "네이버 웹툰", "usage": []}
			]
		},
		"maxTime": {
			"usage": 971,
			"details": [
				{"appName": "YouTube", "usage": 970},
				{"appName": "카카오톡", "usage": 10},
				{"appName": "과학적인 계산기", "usage": 9},
				{"appName": "Chrome", "usage": 5},
				{"appName": "Facebook", "usage": 2},
				{"appName": "신한 쏠(SOL)", "usage": 2},
				{"appName": "계산기", "usage": 2},
				{"appName": "디시인사이드", "usage": 2},
				{"appName": "기본홈", "usage": 1},
				{"appName": "KLMS", "usage": 1},
				{"appName": "Gmail", "usage": 0},
				{"appName": "T멤버십", "usage": 0},
				{"appName": "벅스", "usage": 0},
				{"appName": "CLASSUM", "usage": 0},
				{"appName": "카메라", "usage": 0},
				{"appName": "한컴오피스 viewer", "usage": 0},
				{"appName": "소프트웨어 업데이트", "usage": 0},
				{"appName": "알람/시계", "usage": 0},
				{"appName": "시스템 UI", "usage": 0},
				{"appName": "LG 페이", "usage": 0},
				{"appName": "메시지", "usage": 0},
				{"appName": "네트워크", "usage": 0},
				{"appName": "Google Play 서비스", "usage": 0},
				{"appName": "설정", "usage": 0},
				{"appName": "네이버 웹툰", "usage": 0}
			]
		},
		"avgTime": {
			"usage": 16,
			"details": [
				{"appName": "YouTube", "usage": 199},
				{"appName": "과학적인 계산기", "usage": 1},
				{"appName": "계산기", "usage": 0},
				{"appName": "Chrome", "usage": 0},
				{"appName": "Facebook", "usage": 0},
				{"appName": "CLASSUM", "usage": 0},
				{"appName": "신한 쏠(SOL)", "usage": 0},
				{"appName": "KLMS", "usage": 0},
				{"appName": "카카오톡", "usage": 0},
				{"appName": "Gmail", "usage": 0},
				{"appName": "디시인사이드", "usage": 0},
				{"appName": "T멤버십", "usage": 0},
				{"appName": "한컴오피스 viewer", "usage": 0},
				{"appName": "카메라", "usage": 0},
				{"appName": "소프트웨어 업데이트", "usage": 0},
				{"appName": "기본홈", "usage": 0},
				{"appName": "벅스", "usage": 0},
				{"appName": "LG 페이", "usage": 0},
				{"appName": "알람/시계", "usage": 0},
				{"appName": "메시지", "usage": 0},
				{"appName": "시스템 UI", "usage": 0},
				{"appName": "네트워크", "usage": 0},
				{"appName": "Google Play 서비스", "usage": 0},
				{"appName": "설정", "usage": 0},
				{"appName": "네이버 웹툰", "usage": -144114041174533}
			]
		},
		"lastPickup": {"time": 971}
	},
	{
		"date": 4,
		"totalTime": {
			"usage": 1198,
			"details": [
			]
		},
		"pickups": {"usage": 3},
		"downTime": {
			"usages": [
				{"hour": 3, "usage": 0}
			],
			"details": [
			]
		},
		"maxTime": {
			"usage": 1198,
			"details": [
			]
		},
		"avgTime": {
			"usage": 399,
			"details": [
			]
		},
		"lastPickup": {"time": 1198}
	},
	{
		"date": 5,
		"totalTime": {
			"usage": 0,
			"details": [
			]
		},
		"pickups": {"usage": 0},
		"downTime": {
			"usages": [
			],
			"details": [
			]
		},
		"maxTime": {
			"usage": 0,
			"details": [
			]
		},
		"avgTime": {
			"usage": 0,
			"details": [
			]
		},
		"lastPickup": {"time": 0}
	},
	{
		"date": 6,
		"totalTime": {
			"usage": 0,
			"details": [
			]
		},
		"pickups": {"usage": 0},
		"downTime": {
			"usages": [
			],
			"details": [
			]
		},
		"maxTime": {
			"usage": 0,
			"details": [
			]
		},
		"avgTime": {
			"usage": 0,
			"details": [
			]
		},
		"lastPickup": {"time": 0}
	},
	{
		"date": 7,
		"totalTime": {
			"usage": 0,
			"details": [
			]
		},
		"pickups": {"usage": 0},
		"downTime": {
			"usages": [
			],
			"details": [
			]
		},
		"maxTime": {
			"usage": 0,
			"details": [
			]
		},
		"avgTime": {
			"usage": 0,
			"details": [
			]
		},
		"lastPickup": {"time": 0}
	}
]
