[
	{
		"date": 1,
		"totalTime": {
			"usage": 274,
			"details": [
				{"appName": "Metal Madness", "usage": 59},
				{"appName": "Chrome", "usage": 57},
				{"appName": "배틀그라운드", "usage": 39},
				{"appName": "YouTube", "usage": 17},
				{"appName": "네이버 웹툰", "usage": 14},
				{"appName": "카카오톡", "usage": 13},
				{"appName": "Lite", "usage": 13},
				{"appName": "기본홈", "usage": 10},
				{"appName": "Paco", "usage": 6},
				{"appName": "캘린더", "usage": 5},
				{"appName": "알람/시계", "usage": 5},
				{"appName": "메모G", "usage": 4},
				{"appName": "Polar Beat", "usage": 3},
				{"appName": "왓챠", "usage": 2},
				{"appName": "계산기", "usage": 2},
				{"appName": "프레젠테이션", "usage": 2},
				{"appName": "통화 화면", "usage": 2},
				{"appName": "KLMS", "usage": 1},
				{"appName": "밥대생", "usage": 1},
				{"appName": "시스템 UI", "usage": 0},
				{"appName": "원터치알림", "usage": 0},
				{"appName": "Instagram", "usage": 0},
				{"appName": "설정", "usage": 0},
				{"appName": "접근성", "usage": 0},
				{"appName": "주소록", "usage": 0},
				{"appName": "Google", "usage": 0},
				{"appName": "음악", "usage": 0},
				{"appName": "The Day Before", "usage": 0},
				{"appName": "Dropsync", "usage": 0},
				{"appName": "카메라", "usage": 0},
				{"appName": "스프레드시트", "usage": 0},
				{"appName": "Google Play 게임", "usage": 0},
				{"appName": "드라이브", "usage": 0},
				{"appName": "Google Play 서비스", "usage": 0},
				{"appName": "통화 관리", "usage": 0}
			]
		},
		"pickups": {"usage": 114},
		"downTime": {
			"usages": [
				{"hour": 0, "usage": 7},
				{"hour": 1, "usage": 13},
				{"hour": 2, "usage": 5},
				{"hour": 3, "usage": 16},
				{"hour": 4, "usage": 0},
				{"hour": 5, "usage": 12},
				{"hour": 6, "usage": 1},
				{"hour": 7, "usage": 11},
				{"hour": 8, "usage": 24},
				{"hour": 9, "usage": 7},
				{"hour": 10, "usage": 10},
				{"hour": 11, "usage": 4},
				{"hour": 12, "usage": 14},
				{"hour": 13, "usage": 34},
				{"hour": 14, "usage": 60},
				{"hour": 15, "usage": 39},
				{"hour": 16, "usage": 1},
				{"hour": 23, "usage": 8}
			],
			"details": [
				{"appName": "기본홈", "usage": [0, 1, 2, 3, 4, 5, 6, 7, 8, 9, 10, 11, 12, 13, 14, 15, 16, 23]},
				{"appName": "카카오톡", "usage": [0, 1, 2, 3, 5, 6, 7, 8, 9, 10, 11, 12, 13, 14, 15, 16, 23]},
				{"appName": "시스템 UI", "usage": [0, 1, 2, 3, 4, 5, 7, 8, 9, 11, 12, 14, 15, 23]},
				{"appName": "Polar Beat", "usage": [0, 1, 2, 3, 4, 6, 7, 8, 9, 10, 12, 13, 23]},
				{"appName": "Paco", "usage": [1, 2, 3, 5, 6, 10, 11, 12, 13]},
				{"appName": "알람/시계", "usage": [0, 5, 6, 8, 11, 15, 16, 23]},
				{"appName": "Chrome", "usage": [0, 3, 7, 8, 12, 15, 23]},
				{"appName": "캘린더", "usage": [7, 8, 9, 11, 12]},
				{"appName": "원터치알림", "usage": [3, 4, 8, 9]},
				{"appName": "Lite", "usage": [7, 12, 15, 23]},
				{"appName": "접근성", "usage": [0, 13, 23]},
				{"appName": "설정", "usage": [0, 13, 23]},
				{"appName": "네이버 웹툰", "usage": [1, 3, 15]},
				{"appName": "통화 화면", "usage": [8, 11]},
				{"appName": "통화 관리", "usage": [8, 11]},
				{"appName": "카메라", "usage": [7, 15]},
				{"appName": "주소록", "usage": [8, 11]},
				{"appName": "배틀그라운드", "usage": [13, 14]},
				{"appName": "밥대생", "usage": [1, 3]},
				{"appName": "YouTube", "usage": [3, 5]},
				{"appName": "Metal Madness", "usage": [14, 15]},
				{"appName": "Google", "usage": [5, 7]},
				{"appName": "프레젠테이션", "usage": [0]},
				{"appName": "음악", "usage": [3]},
				{"appName": "왓챠", "usage": [10]},
				{"appName": "스프레드시트", "usage": [13]},
				{"appName": "메모G", "usage": [9]},
				{"appName": "드라이브", "usage": [0]},
				{"appName": "계산기", "usage": [2]},
				{"appName": "The Day Before", "usage": [8]},
				{"appName": "KLMS", "usage": [11]},
				{"appName": "Instagram", "usage": [15]},
				{"appName": "Google Play 서비스", "usage": [14]},
				{"appName": "Google Play 게임", "usage": [14]},
				{"appName": "Dropsync", "usage": [2]}
			]
		},
		"maxTime": {
			"usage": 120,
			"details": [
				{"appName": "배틀그라운드", "usage": 33},
				{"appName": "Chrome", "usage": 12},
				{"appName": "Metal Madness", "usage": 12},
				{"appName": "YouTube", "usage": 10},
				{"appName": "Lite", "usage": 4},
				{"appName": "메모G", "usage": 4},
				{"appName": "왓챠", "usage": 2},
				{"appName": "캘린더", "usage": 2},
				{"appName": "계산기", "usage": 1},
				{"appName": "네이버 웹툰", "usage": 1},
				{"appName": "카카오톡", "usage": 1},
				{"appName": "통화 화면", "usage": 1},
				{"appName": "알람/시계", "usage": 1},
				{"appName": "프레젠테이션", "usage": 1},
				{"appName": "Paco", "usage": 1},
				{"appName": "밥대생", "usage": 0},
				{"appName": "Instagram", "usage": 0},
				{"appName": "KLMS", "usage": 0},
				{"appName": "Polar Beat", "usage": 0},
				{"appName": "기본홈", "usage": 0},
				{"appName": "접근성", "usage": 0},
				{"appName": "원터치알림", "usage": 0},
				{"appName": "Dropsync", "usage": 0},
				{"appName": "The Day Before", "usage": 0},
				{"appName": "설정", "usage": 0},
				{"appName": "Google", "usage": 0},
				{"appName": "음악", "usage": 0},
				{"appName": "카메라", "usage": 0},
				{"appName": "스프레드시트", "usage": 0},
				{"appName": "주소록", "usage": 0},
				{"appName": "시스템 UI", "usage": 0},
				{"appName": "드라이브", "usage": 0},
				{"appName": "Google Play 게임", "usage": 0},
				{"appName": "Google Play 서비스", "usage": 0},
				{"appName": "통화 관리", "usage": 0}
			]
		},
		"avgTime": {
			"usage": 2,
			"details": [
				{"appName": "배틀그라운드", "usage": 7},
				{"appName": "Metal Madness", "usage": 4},
				{"appName": "YouTube", "usage": 2},
				{"appName": "Chrome", "usage": 1},
				{"appName": "통화 화면", "usage": 1},
				{"appName": "Lite", "usage": 1},
				{"appName": "계산기", "usage": 0},
				{"appName": "왓챠", "usage": 0},
				{"appName": "메모G", "usage": 0},
				{"appName": "Instagram", "usage": 0},
				{"appName": "프레젠테이션", "usage": 0},
				{"appName": "네이버 웹툰", "usage": 0},
				{"appName": "캘린더", "usage": 0},
				{"appName": "밥대생", "usage": 0},
				{"appName": "Dropsync", "usage": 0},
				{"appName": "KLMS", "usage": 0},
				{"appName": "접근성", "usage": 0},
				{"appName": "Paco", "usage": 0},
				{"appName": "알람/시계", "usage": 0},
				{"appName": "설정", "usage": 0},
				{"appName": "스프레드시트", "usage": 0},
				{"appName": "Google", "usage": 0},
				{"appName": "카카오톡", "usage": 0},
				{"appName": "Polar Beat", "usage": 0},
				{"appName": "카메라", "usage": 0},
				{"appName": "기본홈", "usage": 0},
				{"appName": "The Day Before", "usage": 0},
				{"appName": "음악", "usage": 0},
				{"appName": "원터치알림", "usage": 0},
				{"appName": "주소록", "usage": 0},
				{"appName": "Google Play 게임", "usage": 0},
				{"appName": "드라이브", "usage": 0},
				{"appName": "시스템 UI", "usage": 0},
				{"appName": "Google Play 서비스", "usage": 0},
				{"appName": "통화 관리", "usage": 0}
			]
		},
		"lastPickup": {"time": 0}
	},
	{
		"date": 2,
		"totalTime": {
			"usage": 213,
			"details": [
				{"appName": "Chrome", "usage": 50},
				{"appName": "카카오톡", "usage": 29},
				{"appName": "기본홈", "usage": 23},
				{"appName": "네이버 지도", "usage": 23},
				{"appName": "카카오 T", "usage": 11},
				{"appName": "Google", "usage": 10},
				{"appName": "캘린더", "usage": 7},
				{"appName": "Lite", "usage": 7},
				{"appName": "통화 화면", "usage": 7},
				{"appName": "스프레드시트", "usage": 4},
				{"appName": "Paco", "usage": 4},
				{"appName": "스마트택배", "usage": 3},
				{"appName": "원터치알림", "usage": 3},
				{"appName": "다음", "usage": 2},
				{"appName": "Polar Beat", "usage": 1},
				{"appName": "주소록", "usage": 1},
				{"appName": "계산기", "usage": 1},
				{"appName": "시스템 UI", "usage": 1},
				{"appName": "KT 멤버십", "usage": 0},
				{"appName": "왓챠", "usage": 0},
				{"appName": "Instagram", "usage": 0},
				{"appName": "Q메모+", "usage": 0},
				{"appName": "알람/시계", "usage": 0},
				{"appName": "네이버 사전", "usage": 0},
				{"appName": "해피포인트", "usage": 0},
				{"appName": "KAIST Portal", "usage": 0},
				{"appName": "설정", "usage": 0},
				{"appName": "메시지", "usage": 0},
				{"appName": "접근성", "usage": 0},
				{"appName": "Messenger Lite", "usage": 0},
				{"appName": "RadDog", "usage": 0},
				{"appName": "Android 시스템", "usage": 0},
				{"appName": "통화 관리", "usage": 0},
				{"appName": "패키지 설치 프로그램", "usage": 0},
				{"appName": "한국장학재단", "usage": 0}
			]
		},
		"pickups": {"usage": 252},
		"downTime": {
			"usages": [
				{"hour": 0, "usage": 5},
				{"hour": 1, "usage": 5},
				{"hour": 2, "usage": 11},
				{"hour": 3, "usage": 16},
				{"hour": 4, "usage": 1},
				{"hour": 5, "usage": 7},
				{"hour": 6, "usage": 9},
				{"hour": 7, "usage": 29},
				{"hour": 8, "usage": 28},
				{"hour": 9, "usage": 19},
				{"hour": 10, "usage": 1},
				{"hour": 11, "usage": 1},
				{"hour": 12, "usage": 31},
				{"hour": 13, "usage": 14},
				{"hour": 14, "usage": 1},
				{"hour": 15, "usage": 9},
				{"hour": 16, "usage": 18},
				{"hour": 20, "usage": 0}
			],
			"details": [
				{"appName": "카카오톡", "usage": [0, 1, 2, 3, 4, 5, 6, 7, 8, 9, 10, 11, 12, 13, 14, 15, 16, 20]},
				{"appName": "기본홈", "usage": [0, 1, 2, 3, 4, 5, 6, 7, 8, 9, 10, 11, 12, 13, 14, 15, 16, 20]},
				{"appName": "Chrome", "usage": [0, 1, 2, 3, 5, 6, 7, 8, 9, 12, 13, 15, 16]},
				{"appName": "Paco", "usage": [1, 2, 3, 4, 5, 6, 7, 8, 9, 10, 12]},
				{"appName": "시스템 UI", "usage": [0, 1, 3, 6, 7, 8, 9, 12, 13, 16]},
				{"appName": "Google", "usage": [3, 6, 7, 8, 9, 12, 13, 14, 15, 16]},
				{"appName": "원터치알림", "usage": [0, 2, 7, 8, 9, 12, 18, 20]},
				{"appName": "네이버 지도", "usage": [0, 3, 6, 7, 8, 9, 12]},
				{"appName": "Polar Beat", "usage": [0, 1, 3, 6, 8, 9, 13]},
				{"appName": "Lite", "usage": [1, 3, 5, 7, 9, 12]},
				{"appName": "스마트택배", "usage": [11, 12, 14, 15, 20]},
				{"appName": "캘린더", "usage": [3, 5, 12, 13]},
				{"appName": "주소록", "usage": [3, 12, 13, 15]},
				{"appName": "통화 화면", "usage": [3, 12, 13]},
				{"appName": "카카오 T", "usage": [7, 8, 12]},
				{"appName": "통화 관리", "usage": [12, 13]},
				{"appName": "알람/시계", "usage": [3, 15]},
				{"appName": "설정", "usage": [12, 13]},
				{"appName": "KT 멤버십", "usage": [7, 9]},
				{"appName": "KAIST Portal", "usage": [0, 6]},
				{"appName": "Instagram", "usage": [2, 9]},
				{"appName": "해피포인트", "usage": [9]},
				{"appName": "한국장학재단", "usage": [6]},
				{"appName": "패키지 설치 프로그램", "usage": [0]},
				{"appName": "접근성", "usage": [13]},
				{"appName": "왓챠", "usage": [12]},
				{"appName": "스프레드시트", "usage": [6]},
				{"appName": "메시지", "usage": [7]},
				{"appName": "다음", "usage": [7]},
				{"appName": "네이버 사전", "usage": [0]},
				{"appName": "계산기", "usage": [8]},
				{"appName": "RadDog", "usage": [0]},
				{"appName": "Q메모+", "usage": [8]},
				{"appName": "Messenger Lite", "usage": [12]},
				{"appName": "Android 시스템", "usage": [12]}
			]
		},
		"maxTime": {
			"usage": 22,
			"details": [
				{"appName": "Chrome", "usage": 11},
				{"appName": "Google", "usage": 9},
				{"appName": "캘린더", "usage": 5},
				{"appName": "통화 화면", "usage": 3},
				{"appName": "네이버 지도", "usage": 3},
				{"appName": "카카오 T", "usage": 3},
				{"appName": "스프레드시트", "usage": 2},
				{"appName": "카카오톡", "usage": 2},
				{"appName": "기본홈", "usage": 2},
				{"appName": "다음", "usage": 1},
				{"appName": "원터치알림", "usage": 1},
				{"appName": "Lite", "usage": 0},
				{"appName": "Polar Beat", "usage": 0},
				{"appName": "왓챠", "usage": 0},
				{"appName": "Instagram", "usage": 0},
				{"appName": "Q메모+", "usage": 0},
				{"appName": "Paco", "usage": 0},
				{"appName": "계산기", "usage": 0},
				{"appName": "스마트택배", "usage": 0},
				{"appName": "주소록", "usage": 0},
				{"appName": "네이버 사전", "usage": 0},
				{"appName": "알람/시계", "usage": 0},
				{"appName": "KT 멤버십", "usage": 0},
				{"appName": "해피포인트", "usage": 0},
				{"appName": "접근성", "usage": 0},
				{"appName": "시스템 UI", "usage": 0},
				{"appName": "Messenger Lite", "usage": 0},
				{"appName": "설정", "usage": 0},
				{"appName": "메시지", "usage": 0},
				{"appName": "KAIST Portal", "usage": 0},
				{"appName": "RadDog", "usage": 0},
				{"appName": "Android 시스템", "usage": 0},
				{"appName": "패키지 설치 프로그램", "usage": 0},
				{"appName": "통화 관리", "usage": 0},
				{"appName": "한국장학재단", "usage": 0}
			]
		},
		"avgTime": {
			"usage": 0,
			"details": [
				{"appName": "통화 화면", "usage": 1},
				{"appName": "Chrome", "usage": 0},
				{"appName": "스프레드시트", "usage": 0},
				{"appName": "다음", "usage": 0},
				{"appName": "네이버 지도", "usage": 0},
				{"appName": "Instagram", "usage": 0},
				{"appName": "캘린더", "usage": 0},
				{"appName": "Google", "usage": 0},
				{"appName": "Lite", "usage": 0},
				{"appName": "왓챠", "usage": 0},
				{"appName": "계산기", "usage": 0},
				{"appName": "Q메모+", "usage": 0},
				{"appName": "카카오 T", "usage": 0},
				{"appName": "원터치알림", "usage": 0},
				{"appName": "네이버 사전", "usage": 0},
				{"appName": "Paco", "usage": 0},
				{"appName": "알람/시계", "usage": 0},
				{"appName": "접근성", "usage": 0},
				{"appName": "기본홈", "usage": 0},
				{"appName": "Polar Beat", "usage": 0},
				{"appName": "Messenger Lite", "usage": 0},
				{"appName": "스마트택배", "usage": 0},
				{"appName": "KT 멤버십", "usage": 0},
				{"appName": "카카오톡", "usage": 0},
				{"appName": "주소록", "usage": 0},
				{"appName": "해피포인트", "usage": 0},
				{"appName": "설정", "usage": 0},
				{"appName": "메시지", "usage": 0},
				{"appName": "시스템 UI", "usage": 0},
				{"appName": "KAIST Portal", "usage": 0},
				{"appName": "Android 시스템", "usage": 0},
				{"appName": "RadDog", "usage": 0},
				{"appName": "패키지 설치 프로그램", "usage": 0},
				{"appName": "통화 관리", "usage": 0},
				{"appName": "한국장학재단", "usage": 0}
			]
		},
		"lastPickup": {"time": 0}
	},
	{
		"date": 3,
		"totalTime": {
			"usage": 192,
			"details": [
				{"appName": "Chrome", "usage": 52},
				{"appName": "YouTube", "usage": 32},
				{"appName": "통화 화면", "usage": 14},
				{"appName": "카카오톡", "usage": 13},
				{"appName": "Lite", "usage": 12},
				{"appName": "기본홈", "usage": 12},
				{"appName": "계산기", "usage": 10},
				{"appName": "네이버 웹툰", "usage": 6},
				{"appName": "스마트택배", "usage": 4},
				{"appName": "Paco", "usage": 4},
				{"appName": "Polar Beat", "usage": 3},
				{"appName": "캘린더", "usage": 3},
				{"appName": "레진코믹스", "usage": 2},
				{"appName": "네이버 지도", "usage": 1},
				{"appName": "Instagram", "usage": 1},
				{"appName": "KAIST Library", "usage": 1},
				{"appName": "에브리타임", "usage": 1},
				{"appName": "Google", "usage": 1},
				{"appName": "파일", "usage": 0},
				{"appName": "The Day Before", "usage": 0},
				{"appName": "알람/시계", "usage": 0},
				{"appName": "KLMS", "usage": 0},
				{"appName": "다음", "usage": 0},
				{"appName": "코레일톡", "usage": 0},
				{"appName": "시스템 UI", "usage": 0},
				{"appName": "주소록", "usage": 0},
				{"appName": "스프레드시트", "usage": 0},
				{"appName": "설정", "usage": 0},
				{"appName": "네이버 사전", "usage": 0},
				{"appName": "메시지", "usage": 0},
				{"appName": "접근성", "usage": 0},
				{"appName": "원터치알림", "usage": 0},
				{"appName": "파일 관리자", "usage": 0},
				{"appName": "Android 시스템", "usage": 0},
				{"appName": "KAIST Portal", "usage": 0},
				{"appName": "올레 tv 모바일", "usage": 0},
				{"appName": "통화 관리", "usage": 0}
			]
		},
		"pickups": {"usage": 127},
		"downTime": {
			"usages": [
				{"hour": 0, "usage": 3},
				{"hour": 1, "usage": 0},
				{"hour": 2, "usage": 23},
				{"hour": 3, "usage": 23},
				{"hour": 4, "usage": 4},
				{"hour": 5, "usage": 12},
				{"hour": 6, "usage": 19},
				{"hour": 7, "usage": 1},
				{"hour": 8, "usage": 22},
				{"hour": 9, "usage": 4},
				{"hour": 10, "usage": 10},
				{"hour": 11, "usage": 1},
				{"hour": 12, "usage": 1},
				{"hour": 13, "usage": 17},
				{"hour": 14, "usage": 11},
				{"hour": 15, "usage": 19},
				{"hour": 17, "usage": 15},
				{"hour": 18, "usage": 0}
			],
			"details": [
				{"appName": "기본홈", "usage": [0, 1, 2, 3, 4, 5, 6, 7, 8, 9, 10, 11, 12, 13, 14, 15, 17, 18]},
				{"appName": "카카오톡", "usage": [0, 1, 2, 3, 5, 6, 7, 8, 9, 10, 11, 13, 14, 15]},
				{"appName": "시스템 UI", "usage": [0, 2, 3, 5, 6, 7, 8, 12, 13, 15]},
				{"appName": "Paco", "usage": [1, 2, 3, 5, 6, 8, 9, 10, 11, 12]},
				{"appName": "스마트택배", "usage": [0, 2, 3, 4, 5, 6, 8, 10]},
				{"appName": "Polar Beat", "usage": [0, 2, 3, 5, 6, 7, 12, 13]},
				{"appName": "Chrome", "usage": [2, 3, 6, 8, 10, 17, 18]},
				{"appName": "알람/시계", "usage": [0, 1, 2, 14, 17, 18]},
				{"appName": "Lite", "usage": [3, 4, 8, 10, 13, 17]},
				{"appName": "Google", "usage": [3, 4, 8, 10]},
				{"appName": "통화 화면", "usage": [6, 8, 13]},
				{"appName": "캘린더", "usage": [8, 9, 13]},
				{"appName": "주소록", "usage": [6, 8, 13]},
				{"appName": "원터치알림", "usage": [2, 4, 8]},
				{"appName": "설정", "usage": [0, 13, 15]},
				{"appName": "YouTube", "usage": [3, 5, 15]},
				{"appName": "통화 관리", "usage": [8, 13]},
				{"appName": "접근성", "usage": [0, 13]},
				{"appName": "에브리타임", "usage": [6, 14]},
				{"appName": "다음", "usage": [4, 8]},
				{"appName": "계산기", "usage": [6, 7]},
				{"appName": "The Day Before", "usage": [8, 15]},
				{"appName": "KAIST Library", "usage": [8, 9]},
				{"appName": "Android 시스템", "usage": [3, 6]},
				{"appName": "파일 관리자", "usage": [3]},
				{"appName": "파일", "usage": [3]},
				{"appName": "코레일톡", "usage": [13]},
				{"appName": "올레 tv 모바일", "usage": [15]},
				{"appName": "스프레드시트", "usage": [3]},
				{"appName": "메시지", "usage": [9]},
				{"appName": "레진코믹스", "usage": [14]},
				{"appName": "네이버 지도", "usage": [15]},
				{"appName": "네이버 웹툰", "usage": [14]},
				{"appName": "네이버 사전", "usage": [11]},
				{"appName": "KLMS", "usage": [8]},
				{"appName": "KAIST Portal", "usage": [8]},
				{"appName": "Instagram", "usage": [4]}
			]
		},
		"maxTime": {
			"usage": 16,
			"details": [
				{"appName": "YouTube", "usage": 16},
				{"appName": "통화 화면", "usage": 11},
				{"appName": "계산기", "usage": 10},
				{"appName": "Chrome", "usage": 10},
				{"appName": "Lite", "usage": 3},
				{"appName": "네이버 지도", "usage": 1},
				{"appName": "네이버 웹툰", "usage": 1},
				{"appName": "레진코믹스", "usage": 1},
				{"appName": "Instagram", "usage": 1},
				{"appName": "카카오톡", "usage": 1},
				{"appName": "Polar Beat", "usage": 0},
				{"appName": "캘린더", "usage": 0},
				{"appName": "파일", "usage": 0},
				{"appName": "스마트택배", "usage": 0},
				{"appName": "에브리타임", "usage": 0},
				{"appName": "Google", "usage": 0},
				{"appName": "기본홈", "usage": 0},
				{"appName": "Paco", "usage": 0},
				{"appName": "스프레드시트", "usage": 0},
				{"appName": "KAIST Library", "usage": 0},
				{"appName": "The Day Before", "usage": 0},
				{"appName": "다음", "usage": 0},
				{"appName": "KLMS", "usage": 0},
				{"appName": "주소록", "usage": 0},
				{"appName": "메시지", "usage": 0},
				{"appName": "코레일톡", "usage": 0},
				{"appName": "네이버 사전", "usage": 0},
				{"appName": "파일 관리자", "usage": 0},
				{"appName": "알람/시계", "usage": 0},
				{"appName": "원터치알림", "usage": 0},
				{"appName": "설정", "usage": 0},
				{"appName": "접근성", "usage": 0},
				{"appName": "Android 시스템", "usage": 0},
				{"appName": "시스템 UI", "usage": 0},
				{"appName": "KAIST Portal", "usage": 0},
				{"appName": "올레 tv 모바일", "usage": 0},
				{"appName": "통화 관리", "usage": 0}
			]
		},
		"avgTime": {
			"usage": 1,
			"details": [
				{"appName": "YouTube", "usage": 4},
				{"appName": "계산기", "usage": 3},
				{"appName": "통화 화면", "usage": 2},
				{"appName": "Instagram", "usage": 1},
				{"appName": "Lite", "usage": 1},
				{"appName": "Chrome", "usage": 1},
				{"appName": "네이버 지도", "usage": 0},
				{"appName": "레진코믹스", "usage": 0},
				{"appName": "네이버 웹툰", "usage": 0},
				{"appName": "캘린더", "usage": 0},
				{"appName": "파일", "usage": 0},
				{"appName": "Polar Beat", "usage": 0},
				{"appName": "다음", "usage": 0},
				{"appName": "에브리타임", "usage": 0},
				{"appName": "스프레드시트", "usage": 0},
				{"appName": "KAIST Library", "usage": 0},
				{"appName": "접근성", "usage": 0},
				{"appName": "코레일톡", "usage": 0},
				{"appName": "Paco", "usage": 0},
				{"appName": "KLMS", "usage": 0},
				{"appName": "Google", "usage": 0},
				{"appName": "파일 관리자", "usage": 0},
				{"appName": "The Day Before", "usage": 0},
				{"appName": "네이버 사전", "usage": 0},
				{"appName": "기본홈", "usage": 0},
				{"appName": "메시지", "usage": 0},
				{"appName": "카카오톡", "usage": 0},
				{"appName": "설정", "usage": 0},
				{"appName": "스마트택배", "usage": 0},
				{"appName": "알람/시계", "usage": 0},
				{"appName": "Android 시스템", "usage": 0},
				{"appName": "주소록", "usage": 0},
				{"appName": "원터치알림", "usage": 0},
				{"appName": "시스템 UI", "usage": 0},
				{"appName": "KAIST Portal", "usage": 0},
				{"appName": "올레 tv 모바일", "usage": 0},
				{"appName": "통화 관리", "usage": 0}
			]
		},
		"lastPickup": {"time": 0}
	},
	{
		"date": 4,
		"totalTime": {
			"usage": 230,
			"details": [
				{"appName": "Chrome", "usage": 70},
				{"appName": "기본홈", "usage": 32},
				{"appName": "카카오톡", "usage": 23},
				{"appName": "Lite", "usage": 15},
				{"appName": "YouTube", "usage": 12},
				{"appName": "드라이브", "usage": 10},
				{"appName": "네이버 지도", "usage": 6},
				{"appName": "통화 화면", "usage": 6},
				{"appName": "모아락", "usage": 6},
				{"appName": "네이버 웹툰", "usage": 5},
				{"appName": "Instagram", "usage": 5},
				{"appName": "다음", "usage": 4},
				{"appName": "Paco", "usage": 3},
				{"appName": "L.POINT", "usage": 3},
				{"appName": "스마트택배", "usage": 2},
				{"appName": "캘린더", "usage": 2},
				{"appName": "Nintendo Switch Online", "usage": 1},
				{"appName": "계산기", "usage": 1},
				{"appName": "알람/시계", "usage": 1},
				{"appName": "카메라", "usage": 1},
				{"appName": "갤러리", "usage": 1},
				{"appName": "메시지", "usage": 1},
				{"appName": "CGV", "usage": 1},
				{"appName": "시스템 UI", "usage": 0},
				{"appName": "Google Play 스토어", "usage": 0},
				{"appName": "주소록", "usage": 0},
				{"appName": "밥대생", "usage": 0},
				{"appName": "원터치알림", "usage": 0},
				{"appName": "메가박스", "usage": 0},
				{"appName": "롯데시네마", "usage": 0},
				{"appName": "코레일톡", "usage": 0},
				{"appName": "QR 코드 스캐너", "usage": 0},
				{"appName": "Google", "usage": 0},
				{"appName": "Polar Beat", "usage": 0},
				{"appName": "Microsoft Band", "usage": 0},
				{"appName": "설정", "usage": 0},
				{"appName": "접근성", "usage": 0},
				{"appName": "Android 시스템", "usage": 0},
				{"appName": "원스토어 서비스", "usage": 0},
				{"appName": "패키지 설치 프로그램", "usage": 0},
				{"appName": "CLiP", "usage": 0},
				{"appName": "후후", "usage": 0},
				{"appName": "PASS", "usage": 0},
				{"appName": "배달의민족", "usage": 0},
				{"appName": "Google Play 서비스", "usage": 0},
				{"appName": "Blue Light Filter - Night Mode", "usage": 0},
				{"appName": "에브리타임", "usage": 0},
				{"appName": "원스토어", "usage": 0},
				{"appName": "The Day Before", "usage": 0},
				{"appName": "통화 관리", "usage": 0},
				{"appName": "SongsterrWeb", "usage": 0},
				{"appName": "한국장학재단", "usage": 0}
			]
		},
		"pickups": {"usage": 133},
		"downTime": {
			"usages": [
				{"hour": 0, "usage": 11},
				{"hour": 1, "usage": 15},
				{"hour": 2, "usage": 3},
				{"hour": 3, "usage": 20},
				{"hour": 4, "usage": 11},
				{"hour": 5, "usage": 15},
				{"hour": 6, "usage": 6},
				{"hour": 7, "usage": 9},
				{"hour": 8, "usage": 41},
				{"hour": 9, "usage": 28},
				{"hour": 10, "usage": 0},
				{"hour": 11, "usage": 8},
				{"hour": 12, "usage": 8},
				{"hour": 13, "usage": 10},
				{"hour": 14, "usage": 0},
				{"hour": 15, "usage": 0},
				{"hour": 16, "usage": 29},
				{"hour": 17, "usage": 9},
				{"hour": 22, "usage": 0}
			],
			"details": [
				{"appName": "기본홈", "usage": [0, 1, 2, 3, 4, 5, 6, 7, 8, 9, 10, 11, 12, 13, 14, 15, 16, 17]},
				{"appName": "카카오톡", "usage": [0, 1, 2, 3, 4, 5, 6, 7, 8, 9, 11, 12, 13, 15, 17]},
				{"appName": "시스템 UI", "usage": [0, 1, 2, 3, 4, 5, 8, 9, 10, 11, 13, 16]},
				{"appName": "모아락", "usage": [8, 9, 10, 11, 12, 13, 14, 15, 16, 17, 19, 22]},
				{"appName": "Chrome", "usage": [2, 3, 4, 5, 6, 7, 8, 9, 11, 16, 17]},
				{"appName": "Paco", "usage": [1, 2, 3, 5, 6, 8, 9, 11, 12, 13]},
				{"appName": "스마트택배", "usage": [0, 2, 4, 6, 7, 8, 9]},
				{"appName": "Google", "usage": [1, 4, 8, 9, 11, 12]},
				{"appName": "알람/시계", "usage": [0, 1, 6, 7, 16]},
				{"appName": "Lite", "usage": [3, 4, 6, 7, 17]},
				{"appName": "Instagram", "usage": [3, 7, 8, 11, 12]},
				{"appName": "원터치알림", "usage": [2, 3, 7, 8]},
				{"appName": "메시지", "usage": [3, 4, 5, 7]},
				{"appName": "드라이브", "usage": [0, 1, 2, 5]},
				{"appName": "캘린더", "usage": [1, 3, 5]},
				{"appName": "주소록", "usage": [9, 11, 15]},
				{"appName": "접근성", "usage": [0, 4, 13]},
				{"appName": "설정", "usage": [0, 4, 13]},
				{"appName": "다음", "usage": [4, 5, 16]},
				{"appName": "계산기", "usage": [2, 3, 9]},
				{"appName": "Polar Beat", "usage": [0, 4, 13]},
				{"appName": "Android 시스템", "usage": [2, 8, 9]},
				{"appName": "패키지 설치 프로그램", "usage": [8, 16]},
				{"appName": "카메라", "usage": [0, 9]},
				{"appName": "네이버 지도", "usage": [9, 10]},
				{"appName": "네이버 웹툰", "usage": [16, 17]},
				{"appName": "YouTube", "usage": [1, 11]},
				{"appName": "L.POINT", "usage": [8, 17]},
				{"appName": "Google Play 스토어", "usage": [8, 16]},
				{"appName": "후후", "usage": [7]},
				{"appName": "한국장학재단", "usage": [7]},
				{"appName": "통화 화면", "usage": [9]},
				{"appName": "통화 관리", "usage": [9]},
				{"appName": "코레일톡", "usage": [16]},
				{"appName": "원스토어 서비스", "usage": [4]},
				{"appName": "원스토어", "usage": [4]},
				{"appName": "에브리타임", "usage": [4]},
				{"appName": "배달의민족", "usage": [6]},
				{"appName": "밥대생", "usage": [8]},
				{"appName": "메가박스", "usage": [7]},
				{"appName": "롯데시네마", "usage": [7]},
				{"appName": "갤러리", "usage": [0]},
				{"appName": "The Day Before", "usage": [9]},
				{"appName": "SongsterrWeb", "usage": [3]},
				{"appName": "QR 코드 스캐너", "usage": [4]},
				{"appName": "PASS", "usage": [4]},
				{"appName": "Nintendo Switch Online", "usage": [16]},
				{"appName": "Microsoft Band", "usage": [4]},
				{"appName": "Google Play 서비스", "usage": [5]},
				{"appName": "CLiP", "usage": [8]},
				{"appName": "CGV", "usage": [7]},
				{"appName": "Blue Light Filter - Night Mode", "usage": [17]}
			]
		},
		"maxTime": {
			"usage": 19,
			"details": [
				{"appName": "Chrome", "usage": 18},
				{"appName": "기본홈", "usage": 9},
				{"appName": "YouTube", "usage": 8},
				{"appName": "통화 화면", "usage": 5},
				{"appName": "드라이브", "usage": 4},
				{"appName": "Lite", "usage": 3},
				{"appName": "네이버 지도", "usage": 2},
				{"appName": "다음", "usage": 2},
				{"appName": "네이버 웹툰", "usage": 1},
				{"appName": "카카오톡", "usage": 1},
				{"appName": "L.POINT", "usage": 1},
				{"appName": "Instagram", "usage": 1},
				{"appName": "계산기", "usage": 1},
				{"appName": "Nintendo Switch Online", "usage": 1},
				{"appName": "모아락", "usage": 1},
				{"appName": "캘린더", "usage": 0},
				{"appName": "갤러리", "usage": 0},
				{"appName": "카메라", "usage": 0},
				{"appName": "메가박스", "usage": 0},
				{"appName": "QR 코드 스캐너", "usage": 0},
				{"appName": "롯데시네마", "usage": 0},
				{"appName": "Paco", "usage": 0},
				{"appName": "CGV", "usage": 0},
				{"appName": "밥대생", "usage": 0},
				{"appName": "Microsoft Band", "usage": 0},
				{"appName": "메시지", "usage": 0},
				{"appName": "스마트택배", "usage": 0},
				{"appName": "Google Play 스토어", "usage": 0},
				{"appName": "알람/시계", "usage": 0},
				{"appName": "원터치알림", "usage": 0},
				{"appName": "Google", "usage": 0},
				{"appName": "코레일톡", "usage": 0},
				{"appName": "주소록", "usage": 0},
				{"appName": "설정", "usage": 0},
				{"appName": "접근성", "usage": 0},
				{"appName": "Android 시스템", "usage": 0},
				{"appName": "패키지 설치 프로그램", "usage": 0},
				{"appName": "후후", "usage": 0},
				{"appName": "Polar Beat", "usage": 0},
				{"appName": "시스템 UI", "usage": 0},
				{"appName": "CLiP", "usage": 0},
				{"appName": "원스토어 서비스", "usage": 0},
				{"appName": "PASS", "usage": 0},
				{"appName": "Google Play 서비스", "usage": 0},
				{"appName": "Blue Light Filter - Night Mode", "usage": 0},
				{"appName": "배달의민족", "usage": 0},
				{"appName": "에브리타임", "usage": 0},
				{"appName": "원스토어", "usage": 0},
				{"appName": "The Day Before", "usage": 0},
				{"appName": "통화 관리", "usage": 0},
				{"appName": "SongsterrWeb", "usage": 0},
				{"appName": "한국장학재단", "usage": 0}
			]
		},
		"avgTime": {
			"usage": 1,
			"details": [
				{"appName": "YouTube", "usage": 3},
				{"appName": "통화 화면", "usage": 1},
				{"appName": "Lite", "usage": 1},
				{"appName": "드라이브", "usage": 0},
				{"appName": "Chrome", "usage": 0},
				{"appName": "계산기", "usage": 0},
				{"appName": "Instagram", "usage": 0},
				{"appName": "네이버 지도", "usage": 0},
				{"appName": "Nintendo Switch Online", "usage": 0},
				{"appName": "다음", "usage": 0},
				{"appName": "갤러리", "usage": 0},
				{"appName": "카메라", "usage": 0},
				{"appName": "네이버 웹툰", "usage": 0},
				{"appName": "메가박스", "usage": 0},
				{"appName": "QR 코드 스캐너", "usage": 0},
				{"appName": "롯데시네마", "usage": 0},
				{"appName": "Microsoft Band", "usage": 0},
				{"appName": "기본홈", "usage": 0},
				{"appName": "캘린더", "usage": 0},
				{"appName": "밥대생", "usage": 0},
				{"appName": "L.POINT", "usage": 0},
				{"appName": "CGV", "usage": 0},
				{"appName": "카카오톡", "usage": 0},
				{"appName": "접근성", "usage": 0},
				{"appName": "원터치알림", "usage": 0},
				{"appName": "Paco", "usage": 0},
				{"appName": "코레일톡", "usage": 0},
				{"appName": "모아락", "usage": 0},
				{"appName": "알람/시계", "usage": 0},
				{"appName": "설정", "usage": 0},
				{"appName": "메시지", "usage": 0},
				{"appName": "Google Play 스토어", "usage": 0},
				{"appName": "Google", "usage": 0},
				{"appName": "스마트택배", "usage": 0},
				{"appName": "Android 시스템", "usage": 0},
				{"appName": "패키지 설치 프로그램", "usage": 0},
				{"appName": "CLiP", "usage": 0},
				{"appName": "주소록", "usage": 0},
				{"appName": "Google Play 서비스", "usage": 0},
				{"appName": "후후", "usage": 0},
				{"appName": "원스토어 서비스", "usage": 0},
				{"appName": "Polar Beat", "usage": 0},
				{"appName": "시스템 UI", "usage": 0},
				{"appName": "배달의민족", "usage": 0},
				{"appName": "Blue Light Filter - Night Mode", "usage": 0},
				{"appName": "에브리타임", "usage": 0},
				{"appName": "PASS", "usage": 0},
				{"appName": "원스토어", "usage": 0},
				{"appName": "The Day Before", "usage": 0},
				{"appName": "통화 관리", "usage": 0},
				{"appName": "SongsterrWeb", "usage": 0},
				{"appName": "한국장학재단", "usage": 0}
			]
		},
		"lastPickup": {"time": 0}
	},
	{
		"date": 5,
		"totalTime": {
			"usage": 259,
			"details": [
				{"appName": "Chrome", "usage": 73},
				{"appName": "YouTube", "usage": 56},
				{"appName": "Lite", "usage": 20},
				{"appName": "Netflix", "usage": 15},
				{"appName": "기본홈", "usage": 15},
				{"appName": "카카오톡", "usage": 11},
				{"appName": "주소록", "usage": 11},
				{"appName": "통화 화면", "usage": 8},
				{"appName": "네이버 지도", "usage": 8},
				{"appName": "코레일톡", "usage": 5},
				{"appName": "Paco", "usage": 5},
				{"appName": "Instagram", "usage": 5},
				{"appName": "네이버 웹툰", "usage": 3},
				{"appName": "KLMS", "usage": 2},
				{"appName": "설정", "usage": 2},
				{"appName": "잠금화면 설정", "usage": 1},
				{"appName": "원터치알림", "usage": 1},
				{"appName": "알람/시계", "usage": 1},
				{"appName": "메시지", "usage": 1},
				{"appName": "Polar Beat", "usage": 0},
				{"appName": "음악", "usage": 0},
				{"appName": "시스템 UI", "usage": 0},
				{"appName": "접근성", "usage": 0},
				{"appName": "Google", "usage": 0},
				{"appName": "후후", "usage": 0},
				{"appName": "Google Play 스토어", "usage": 0},
				{"appName": "통화 관리", "usage": 0}
			]
		},
		"pickups": {"usage": 118},
		"downTime": {
			"usages": [
				{"hour": 0, "usage": 0},
				{"hour": 2, "usage": 41},
				{"hour": 3, "usage": 18},
				{"hour": 4, "usage": 20},
				{"hour": 5, "usage": 8},
				{"hour": 6, "usage": 19},
				{"hour": 7, "usage": 48},
				{"hour": 8, "usage": 34},
				{"hour": 9, "usage": 12},
				{"hour": 10, "usage": 6},
				{"hour": 11, "usage": 3},
				{"hour": 12, "usage": 7},
				{"hour": 13, "usage": 1},
				{"hour": 14, "usage": 9},
				{"hour": 15, "usage": 24},
				{"hour": 20, "usage": 0},
				{"hour": 23, "usage": 0}
			],
			"details": [
				{"appName": "기본홈", "usage": [0, 2, 3, 4, 6, 7, 8, 9, 10, 11, 12, 13, 14, 15, 23]},
				{"appName": "카카오톡", "usage": [0, 2, 3, 4, 6, 7, 8, 9, 11, 13, 14, 15, 23]},
				{"appName": "Paco", "usage": [2, 3, 6, 7, 8, 9, 11, 12, 13, 14]},
				{"appName": "Chrome", "usage": [2, 3, 4, 5, 6, 7, 8, 10, 12, 14]},
				{"appName": "알람/시계", "usage": [0, 2, 3, 5, 6, 7, 8]},
				{"appName": "통화 화면", "usage": [2, 3, 4, 6, 8, 9]},
				{"appName": "Polar Beat", "usage": [2, 3, 4, 12, 13, 14]},
				{"appName": "Lite", "usage": [2, 3, 6, 7, 14, 15]},
				{"appName": "시스템 UI", "usage": [2, 3, 6, 7, 8]},
				{"appName": "Instagram", "usage": [2, 3, 7, 8, 14]},
				{"appName": "YouTube", "usage": [7, 8, 14, 15]},
				{"appName": "주소록", "usage": [2, 3, 9]},
				{"appName": "설정", "usage": [2, 12, 14]},
				{"appName": "네이버 지도", "usage": [6, 7, 8]},
				{"appName": "Google", "usage": [8, 11, 12]},
				{"appName": "통화 관리", "usage": [3, 6]},
				{"appName": "코레일톡", "usage": [6, 7]},
				{"appName": "접근성", "usage": [2, 14]},
				{"appName": "원터치알림", "usage": [2, 7]},
				{"appName": "KLMS", "usage": [6, 7]},
				{"appName": "후후", "usage": [9]},
				{"appName": "잠금화면 설정", "usage": [12]},
				{"appName": "음악", "usage": [8]},
				{"appName": "메시지", "usage": [12]},
				{"appName": "네이버 웹툰", "usage": [15]},
				{"appName": "Netflix", "usage": [15]},
				{"appName": "Google Play 스토어", "usage": [2]}
			]
		},
		"maxTime": {
			"usage": 49,
			"details": [
				{"appName": "YouTube", "usage": 27},
				{"appName": "Chrome", "usage": 16},
				{"appName": "Netflix", "usage": 14},
				{"appName": "주소록", "usage": 10},
				{"appName": "Lite", "usage": 4},
				{"appName": "코레일톡", "usage": 3},
				{"appName": "통화 화면", "usage": 3},
				{"appName": "기본홈", "usage": 2},
				{"appName": "네이버 지도", "usage": 2},
				{"appName": "카카오톡", "usage": 1},
				{"appName": "Instagram", "usage": 1},
				{"appName": "네이버 웹툰", "usage": 1},
				{"appName": "원터치알림", "usage": 1},
				{"appName": "메시지", "usage": 1},
				{"appName": "KLMS", "usage": 0},
				{"appName": "음악", "usage": 0},
				{"appName": "알람/시계", "usage": 0},
				{"appName": "Paco", "usage": 0},
				{"appName": "잠금화면 설정", "usage": 0},
				{"appName": "설정", "usage": 0},
				{"appName": "Polar Beat", "usage": 0},
				{"appName": "접근성", "usage": 0},
				{"appName": "후후", "usage": 0},
				{"appName": "Google", "usage": 0},
				{"appName": "시스템 UI", "usage": 0},
				{"appName": "Google Play 스토어", "usage": 0},
				{"appName": "통화 관리", "usage": 0}
			]
		},
		"avgTime": {
			"usage": 2,
			"details": [
				{"appName": "YouTube", "usage": 5},
				{"appName": "Netflix", "usage": 3},
				{"appName": "Lite", "usage": 1},
				{"appName": "Chrome", "usage": 1},
				{"appName": "메시지", "usage": 1},
				{"appName": "주소록", "usage": 1},
				{"appName": "통화 화면", "usage": 0},
				{"appName": "Instagram", "usage": 0},
				{"appName": "네이버 지도", "usage": 0},
				{"appName": "코레일톡", "usage": 0},
				{"appName": "원터치알림", "usage": 0},
				{"appName": "네이버 웹툰", "usage": 0},
				{"appName": "음악", "usage": 0},
				{"appName": "기본홈", "usage": 0},
				{"appName": "KLMS", "usage": 0},
				{"appName": "접근성", "usage": 0},
				{"appName": "알람/시계", "usage": 0},
				{"appName": "카카오톡", "usage": 0},
				{"appName": "잠금화면 설정", "usage": 0},
				{"appName": "Paco", "usage": 0},
				{"appName": "설정", "usage": 0},
				{"appName": "Polar Beat", "usage": 0},
				{"appName": "Google Play 스토어", "usage": 0},
				{"appName": "후후", "usage": 0},
				{"appName": "시스템 UI", "usage": 0},
				{"appName": "Google", "usage": 0},
				{"appName": "통화 관리", "usage": 0}
			]
		},
		"lastPickup": {"time": 0}
	},
	{
		"date": 6,
		"totalTime": {
			"usage": 377,
			"details": [
				{"appName": "Chrome", "usage": 211},
				{"appName": "펜타스톰", "usage": 76},
				{"appName": "Lite", "usage": 29},
				{"appName": "기본홈", "usage": 21},
				{"appName": "Google Play 스토어", "usage": 4},
				{"appName": "카카오톡", "usage": 4},
				{"appName": "다음", "usage": 4},
				{"appName": "YouTube", "usage": 4},
				{"appName": "Paco", "usage": 4},
				{"appName": "원터치개인", "usage": 3},
				{"appName": "카메라", "usage": 2},
				{"appName": "Instagram", "usage": 2},
				{"appName": "시스템 UI", "usage": 0},
				{"appName": "통화 화면", "usage": 0},
				{"appName": "KLMS", "usage": 0},
				{"appName": "Polar Beat", "usage": 0},
				{"appName": "코레일톡", "usage": 0},
				{"appName": "설정", "usage": 0},
				{"appName": "접근성", "usage": 0},
				{"appName": "네이버 웹툰", "usage": 0},
				{"appName": "Google", "usage": 0},
				{"appName": "갤러리", "usage": 0},
				{"appName": "주소록", "usage": 0},
				{"appName": "Dropsync", "usage": 0},
				{"appName": "Nintendo Switch Online", "usage": 0},
				{"appName": "원터치알림", "usage": 0},
				{"appName": "패키지 설치 프로그램", "usage": 0},
				{"appName": "드라이브", "usage": 0},
				{"appName": "Wi-Fi", "usage": 0},
				{"appName": "통화 관리", "usage": 0}
			]
		},
		"pickups": {"usage": 91},
		"downTime": {
			"usages": [
				{"hour": 0, "usage": 18},
				{"hour": 1, "usage": 11},
				{"hour": 2, "usage": 24},
				{"hour": 3, "usage": 1},
				{"hour": 4, "usage": 11},
				{"hour": 5, "usage": 39},
				{"hour": 6, "usage": 45},
				{"hour": 7, "usage": 7},
				{"hour": 8, "usage": 26},
				{"hour": 9, "usage": 4},
				{"hour": 10, "usage": 0},
				{"hour": 11, "usage": 1},
				{"hour": 12, "usage": 3},
				{"hour": 13, "usage": 42},
				{"hour": 14, "usage": 60},
				{"hour": 15, "usage": 58},
				{"hour": 16, "usage": 12},
				{"hour": 17, "usage": 0},
				{"hour": 18, "usage": 3},
				{"hour": 23, "usage": 0}
			],
			"details": [
				{"appName": "기본홈", "usage": [0, 1, 2, 3, 4, 5, 6, 7, 8, 9, 10, 11, 12, 13, 14, 16, 17, 18, 23]},
				{"appName": "Chrome", "usage": [0, 1, 2, 4, 5, 6, 7, 8, 13, 14, 15, 16, 18]},
				{"appName": "Paco", "usage": [1, 2, 3, 5, 6, 7, 8, 9, 10, 11, 12, 13]},
				{"appName": "카카오톡", "usage": [1, 5, 6, 11, 12, 13, 16, 17]},
				{"appName": "Lite", "usage": [0, 1, 4, 5, 6, 8, 14, 18]},
				{"appName": "시스템 UI", "usage": [4, 5, 6, 7, 8, 14, 16]},
				{"appName": "Polar Beat", "usage": [1, 10, 12, 13]},
				{"appName": "펜타스톰", "usage": [13, 14]},
				{"appName": "접근성", "usage": [1, 16]},
				{"appName": "원터치개인", "usage": [5, 6]},
				{"appName": "설정", "usage": [1, 16]},
				{"appName": "Instagram", "usage": [5, 6]},
				{"appName": "Google Play 스토어", "usage": [5, 13]},
				{"appName": "Google", "usage": [1, 23]},
				{"appName": "패키지 설치 프로그램", "usage": [13]},
				{"appName": "통화 화면", "usage": [4]},
				{"appName": "통화 관리", "usage": [4]},
				{"appName": "코레일톡", "usage": [3]},
				{"appName": "카메라", "usage": [4]},
				{"appName": "주소록", "usage": [4]},
				{"appName": "원터치알림", "usage": [6]},
				{"appName": "드라이브", "usage": [18]},
				{"appName": "다음", "usage": [16]},
				{"appName": "네이버 웹툰", "usage": [14]},
				{"appName": "갤러리", "usage": [4]},
				{"appName": "YouTube", "usage": [4]},
				{"appName": "Wi-Fi", "usage": [1]},
				{"appName": "Nintendo Switch Online", "usage": [7]},
				{"appName": "KLMS", "usage": [18]},
				{"appName": "Dropsync", "usage": [1]}
			]
		},
		"maxTime": {
			"usage": 145,
			"details": [
				{"appName": "Chrome", "usage": 66},
				{"appName": "펜타스톰", "usage": 43},
				{"appName": "기본홈", "usage": 9},
				{"appName": "다음", "usage": 4},
				{"appName": "Lite", "usage": 4},
				{"appName": "YouTube", "usage": 2},
				{"appName": "Instagram", "usage": 1},
				{"appName": "카메라", "usage": 1},
				{"appName": "Google Play 스토어", "usage": 0},
				{"appName": "카카오톡", "usage": 0},
				{"appName": "통화 화면", "usage": 0},
				{"appName": "Paco", "usage": 0},
				{"appName": "원터치개인", "usage": 0},
				{"appName": "시스템 UI", "usage": 0},
				{"appName": "KLMS", "usage": 0},
				{"appName": "코레일톡", "usage": 0},
				{"appName": "설정", "usage": 0},
				{"appName": "네이버 웹툰", "usage": 0},
				{"appName": "갤러리", "usage": 0},
				{"appName": "Polar Beat", "usage": 0},
				{"appName": "주소록", "usage": 0},
				{"appName": "Google", "usage": 0},
				{"appName": "접근성", "usage": 0},
				{"appName": "Dropsync", "usage": 0},
				{"appName": "Nintendo Switch Online", "usage": 0},
				{"appName": "원터치알림", "usage": 0},
				{"appName": "패키지 설치 프로그램", "usage": 0},
				{"appName": "드라이브", "usage": 0},
				{"appName": "Wi-Fi", "usage": 0},
				{"appName": "통화 관리", "usage": 0}
			]
		},
		"avgTime": {
			"usage": 4,
			"details": [
				{"appName": "펜타스톰", "usage": 6},
				{"appName": "Chrome", "usage": 3},
				{"appName": "다음", "usage": 2},
				{"appName": "카메라", "usage": 1},
				{"appName": "Instagram", "usage": 1},
				{"appName": "Lite", "usage": 0},
				{"appName": "YouTube", "usage": 0},
				{"appName": "통화 화면", "usage": 0},
				{"appName": "Google Play 스토어", "usage": 0},
				{"appName": "기본홈", "usage": 0},
				{"appName": "갤러리", "usage": 0},
				{"appName": "접근성", "usage": 0},
				{"appName": "코레일톡", "usage": 0},
				{"appName": "네이버 웹툰", "usage": 0},
				{"appName": "원터치개인", "usage": 0},
				{"appName": "Paco", "usage": 0},
				{"appName": "시스템 UI", "usage": 0},
				{"appName": "KLMS", "usage": 0},
				{"appName": "카카오톡", "usage": 0},
				{"appName": "설정", "usage": 0},
				{"appName": "Nintendo Switch Online", "usage": 0},
				{"appName": "Polar Beat", "usage": 0},
				{"appName": "주소록", "usage": 0},
				{"appName": "원터치알림", "usage": 0},
				{"appName": "Google", "usage": 0},
				{"appName": "Dropsync", "usage": 0},
				{"appName": "패키지 설치 프로그램", "usage": 0},
				{"appName": "드라이브", "usage": 0},
				{"appName": "Wi-Fi", "usage": 0},
				{"appName": "통화 관리", "usage": 0}
			]
		},
		"lastPickup": {"time": 1}
	},
	{
		"date": 7,
		"totalTime": {
			"usage": 234,
			"details": [
				{"appName": "카카오톡", "usage": 88},
				{"appName": "Chrome", "usage": 29},
				{"appName": "기본홈", "usage": 26},
				{"appName": "Lite", "usage": 22},
				{"appName": "네이버 지도", "usage": 14},
				{"appName": "주소록", "usage": 6},
				{"appName": "왓챠", "usage": 5},
				{"appName": "YouTube", "usage": 5},
				{"appName": "통화 화면", "usage": 5},
				{"appName": "Paco", "usage": 4},
				{"appName": "Instagram", "usage": 3},
				{"appName": "코레일톡", "usage": 2},
				{"appName": "음악", "usage": 2},
				{"appName": "알람/시계", "usage": 2},
				{"appName": "프레젠테이션", "usage": 1},
				{"appName": "한컴오피스 viewer", "usage": 0},
				{"appName": "Polar Beat", "usage": 0},
				{"appName": "캘린더", "usage": 0},
				{"appName": "메시지", "usage": 0},
				{"appName": "시스템 UI", "usage": 0},
				{"appName": "KAIST Library", "usage": 0},
				{"appName": "카메라", "usage": 0},
				{"appName": "설정", "usage": 0},
				{"appName": "접근성", "usage": 0},
				{"appName": "원터치알림", "usage": 0},
				{"appName": "KLMS", "usage": 0},
				{"appName": "에브리타임", "usage": 0},
				{"appName": "갤러리", "usage": 0},
				{"appName": "Google", "usage": 0},
				{"appName": "Q메모+", "usage": 0},
				{"appName": "통화 관리", "usage": 0}
			]
		},
		"pickups": {"usage": 137},
		"downTime": {
			"usages": [
				{"hour": 0, "usage": 20},
				{"hour": 1, "usage": 0},
				{"hour": 2, "usage": 4},
				{"hour": 3, "usage": 15},
				{"hour": 4, "usage": 36},
				{"hour": 5, "usage": 13},
				{"hour": 6, "usage": 36},
				{"hour": 7, "usage": 16},
				{"hour": 8, "usage": 4},
				{"hour": 9, "usage": 2},
				{"hour": 10, "usage": 16},
				{"hour": 11, "usage": 4},
				{"hour": 12, "usage": 48},
				{"hour": 13, "usage": 12},
				{"hour": 14, "usage": 0}
			],
			"details": [
				{"appName": "카카오톡", "usage": [0, 1, 2, 3, 4, 5, 6, 7, 8, 9, 10, 11, 12, 13]},
				{"appName": "기본홈", "usage": [0, 1, 2, 3, 4, 5, 6, 7, 8, 9, 10, 11, 12, 13]},
				{"appName": "Paco", "usage": [2, 3, 4, 5, 6, 7, 8, 9, 10, 11, 12, 13]},
				{"appName": "시스템 UI", "usage": [0, 1, 2, 3, 4, 6, 7, 8, 10, 13]},
				{"appName": "Lite", "usage": [0, 3, 4, 6, 7, 8, 12, 13]},
				{"appName": "알람/시계", "usage": [0, 3, 6, 7, 10, 11, 12]},
				{"appName": "Chrome", "usage": [0, 2, 3, 4, 7, 12, 13]},
				{"appName": "음악", "usage": [1, 2, 3, 8]},
				{"appName": "Polar Beat", "usage": [0, 10, 12, 13]},
				{"appName": "Instagram", "usage": [3, 7, 8, 13]},
				{"appName": "원터치알림", "usage": [0, 4, 12]},
				{"appName": "메시지", "usage": [6, 10, 12]},
				{"appName": "프레젠테이션", "usage": [4, 9]},
				{"appName": "통화 화면", "usage": [10, 12]},
				{"appName": "통화 관리", "usage": [10, 12]},
				{"appName": "코레일톡", "usage": [0, 3]},
				{"appName": "캘린더", "usage": [0, 12]},
				{"appName": "주소록", "usage": [10, 12]},
				{"appName": "접근성", "usage": [0, 13]},
				{"appName": "설정", "usage": [0, 13]},
				{"appName": "Google", "usage": [0, 13]},
				{"appName": "한컴오피스 viewer", "usage": [4]},
				{"appName": "카메라", "usage": [3]},
				{"appName": "왓챠", "usage": [4]},
				{"appName": "에브리타임", "usage": [12]},
				{"appName": "네이버 지도", "usage": [12]},
				{"appName": "갤러리", "usage": [12]},
				{"appName": "YouTube", "usage": [10]},
				{"appName": "Q메모+", "usage": [12]},
				{"appName": "KLMS", "usage": [9]},
				{"appName": "KAIST Library", "usage": [5]}
			]
		},
		"maxTime": {
			"usage": 22,
			"details": [
				{"appName": "네이버 지도", "usage": 14},
				{"appName": "카카오톡", "usage": 7},
				{"appName": "Chrome", "usage": 6},
				{"appName": "기본홈", "usage": 6},
				{"appName": "YouTube", "usage": 5},
				{"appName": "주소록", "usage": 4},
				{"appName": "왓챠", "usage": 4},
				{"appName": "Lite", "usage": 2},
				{"appName": "통화 화면", "usage": 2},
				{"appName": "Instagram", "usage": 1},
				{"appName": "프레젠테이션", "usage": 0},
				{"appName": "한컴오피스 viewer", "usage": 0},
				{"appName": "음악", "usage": 0},
				{"appName": "Polar Beat", "usage": 0},
				{"appName": "캘린더", "usage": 0},
				{"appName": "알람/시계", "usage": 0},
				{"appName": "코레일톡", "usage": 0},
				{"appName": "메시지", "usage": 0},
				{"appName": "카메라", "usage": 0},
				{"appName": "Paco", "usage": 0},
				{"appName": "KAIST Library", "usage": 0},
				{"appName": "접근성", "usage": 0},
				{"appName": "에브리타임", "usage": 0},
				{"appName": "설정", "usage": 0},
				{"appName": "원터치알림", "usage": 0},
				{"appName": "시스템 UI", "usage": 0},
				{"appName": "KLMS", "usage": 0},
				{"appName": "갤러리", "usage": 0},
				{"appName": "Q메모+", "usage": 0},
				{"appName": "Google", "usage": 0},
				{"appName": "통화 관리", "usage": 0}
			]
		},
		"avgTime": {
			"usage": 1,
			"details": [
				{"appName": "네이버 지도", "usage": 7},
				{"appName": "YouTube", "usage": 2},
				{"appName": "통화 화면", "usage": 1},
				{"appName": "왓챠", "usage": 0},
				{"appName": "Instagram", "usage": 0},
				{"appName": "Lite", "usage": 0},
				{"appName": "Chrome", "usage": 0},
				{"appName": "주소록", "usage": 0},
				{"appName": "프레젠테이션", "usage": 0},
				{"appName": "카메라", "usage": 0},
				{"appName": "한컴오피스 viewer", "usage": 0},
				{"appName": "기본홈", "usage": 0},
				{"appName": "카카오톡", "usage": 0},
				{"appName": "캘린더", "usage": 0},
				{"appName": "코레일톡", "usage": 0},
				{"appName": "접근성", "usage": 0},
				{"appName": "음악", "usage": 0},
				{"appName": "KAIST Library", "usage": 0},
				{"appName": "메시지", "usage": 0},
				{"appName": "갤러리", "usage": 0},
				{"appName": "알람/시계", "usage": 0},
				{"appName": "Polar Beat", "usage": 0},
				{"appName": "Paco", "usage": 0},
				{"appName": "KLMS", "usage": 0},
				{"appName": "에브리타임", "usage": 0},
				{"appName": "설정", "usage": 0},
				{"appName": "시스템 UI", "usage": 0},
				{"appName": "원터치알림", "usage": 0},
				{"appName": "Q메모+", "usage": 0},
				{"appName": "Google", "usage": 0},
				{"appName": "통화 관리", "usage": 0}
			]
		},
		"lastPickup": {"time": 0}
	}
]
