[
	{
		"date": 1,
		"totalTime": {
			"usage": 182,
			"details": [
				{"appName": "YouTube", "usage": 50},
				{"appName": "Facebook", "usage": 19},
				{"appName": "카카오톡", "usage": 19},
				{"appName": "Samsung Experience 홈", "usage": 14},
				{"appName": "메시지", "usage": 12},
				{"appName": "Paco", "usage": 9},
				{"appName": "Instagram", "usage": 9},
				{"appName": "설정", "usage": 5},
				{"appName": "네이버 웹툰", "usage": 5},
				{"appName": "시계", "usage": 4},
				{"appName": "올원뱅크", "usage": 4},
				{"appName": "KLMS", "usage": 3},
				{"appName": "Polar Beat", "usage": 2},
				{"appName": "한컴오피스 viewer", "usage": 2},
				{"appName": "CLASSUM", "usage": 2},
				{"appName": "삼성 인터넷", "usage": 1},
				{"appName": "통화", "usage": 1},
				{"appName": "프레젠테이션", "usage": 1},
				{"appName": "갤러리", "usage": 0},
				{"appName": "Settings Suggestions", "usage": 0},
				{"appName": "Dropsync", "usage": 0},
				{"appName": "디바이스 케어", "usage": 0},
				{"appName": "다음웹툰", "usage": 0},
				{"appName": "KAIST Portal", "usage": 0},
				{"appName": "접근성", "usage": 0},
				{"appName": "카메라", "usage": 0},
				{"appName": "전화", "usage": 0},
				{"appName": "캘린더", "usage": 0},
				{"appName": "게임런처", "usage": 0},
				{"appName": "Google Play 뮤직", "usage": 0},
				{"appName": "패키지 설치 프로그램", "usage": 0},
				{"appName": "삼성 캡처", "usage": 0}
			]
		},
		"pickups": {"usage": 169},
		"downTime": {
			"usages": [
				{"hour": 0, "usage": 28},
				{"hour": 1, "usage": 13},
				{"hour": 2, "usage": 20},
				{"hour": 3, "usage": 18},
				{"hour": 4, "usage": 0},
				{"hour": 5, "usage": 6},
				{"hour": 6, "usage": 3},
				{"hour": 7, "usage": 9},
				{"hour": 8, "usage": 19},
				{"hour": 9, "usage": 13},
				{"hour": 10, "usage": 27},
				{"hour": 11, "usage": 1},
				{"hour": 12, "usage": 3},
				{"hour": 13, "usage": 0},
				{"hour": 14, "usage": 1},
				{"hour": 15, "usage": 1},
				{"hour": 17, "usage": 1},
				{"hour": 23, "usage": 10}
			],
			"details": [
				{"appName": "Samsung Experience 홈", "usage": [0, 1, 2, 3, 4, 5, 6, 7, 8, 9, 10, 11, 12, 14, 15, 17, 18, 23]},
				{"appName": "Instagram", "usage": [0, 1, 2, 3, 5, 6, 7, 8, 9, 10, 11, 12, 14, 15, 17, 23]},
				{"appName": "카카오톡", "usage": [0, 1, 2, 3, 5, 6, 7, 8, 9, 10, 12, 14, 15, 17, 23]},
				{"appName": "Facebook", "usage": [0, 1, 2, 3, 4, 5, 6, 7, 8, 9, 10, 11, 14, 15, 23]},
				{"appName": "올원뱅크", "usage": [1, 2, 3, 5, 6, 7, 9, 10, 15, 17, 23]},
				{"appName": "Paco", "usage": [2, 3, 4, 5, 6, 7, 8, 9, 10, 11, 12]},
				{"appName": "KLMS", "usage": [0, 1, 5, 6, 7, 8, 10, 15]},
				{"appName": "설정", "usage": [0, 2, 3, 8, 12]},
				{"appName": "Polar Beat", "usage": [0, 1, 2, 8, 12]},
				{"appName": "YouTube", "usage": [0, 9, 10, 23]},
				{"appName": "접근성", "usage": [0, 8, 12]},
				{"appName": "메시지", "usage": [2, 3, 23]},
				{"appName": "네이버 웹툰", "usage": [1, 2, 8]},
				{"appName": "CLASSUM", "usage": [1, 10, 12]},
				{"appName": "시계", "usage": [0, 23]},
				{"appName": "삼성 인터넷", "usage": [1, 2]},
				{"appName": "KAIST Portal", "usage": [0, 2]},
				{"appName": "Dropsync", "usage": [2, 3]},
				{"appName": "한컴오피스 viewer", "usage": [0]},
				{"appName": "프레젠테이션", "usage": [1]},
				{"appName": "패키지 설치 프로그램", "usage": [3]},
				{"appName": "통화", "usage": [8]},
				{"appName": "캘린더", "usage": [2]},
				{"appName": "카메라", "usage": [9]},
				{"appName": "전화", "usage": [8]},
				{"appName": "삼성 캡처", "usage": [8]},
				{"appName": "디바이스 케어", "usage": [3]},
				{"appName": "다음웹툰", "usage": [2]},
				{"appName": "게임런처", "usage": [2]},
				{"appName": "갤러리", "usage": [3]},
				{"appName": "Settings Suggestions", "usage": [3]},
				{"appName": "Google Play 뮤직", "usage": [9]}
			]
		},
		"maxTime": {
			"usage": 19,
			"details": [
				{"appName": "YouTube", "usage": 19},
				{"appName": "시계", "usage": 4},
				{"appName": "Facebook", "usage": 3},
				{"appName": "네이버 웹툰", "usage": 3},
				{"appName": "한컴오피스 viewer", "usage": 1},
				{"appName": "메시지", "usage": 1},
				{"appName": "삼성 인터넷", "usage": 1},
				{"appName": "Paco", "usage": 1},
				{"appName": "통화", "usage": 1},
				{"appName": "프레젠테이션", "usage": 0},
				{"appName": "CLASSUM", "usage": 0},
				{"appName": "Instagram", "usage": 0},
				{"appName": "갤러리", "usage": 0},
				{"appName": "카카오톡", "usage": 0},
				{"appName": "Polar Beat", "usage": 0},
				{"appName": "올원뱅크", "usage": 0},
				{"appName": "KLMS", "usage": 0},
				{"appName": "Samsung Experience 홈", "usage": 0},
				{"appName": "Settings Suggestions", "usage": 0},
				{"appName": "설정", "usage": 0},
				{"appName": "Dropsync", "usage": 0},
				{"appName": "다음웹툰", "usage": 0},
				{"appName": "디바이스 케어", "usage": 0},
				{"appName": "KAIST Portal", "usage": 0},
				{"appName": "카메라", "usage": 0},
				{"appName": "전화", "usage": 0},
				{"appName": "캘린더", "usage": 0},
				{"appName": "접근성", "usage": 0},
				{"appName": "Google Play 뮤직", "usage": 0},
				{"appName": "패키지 설치 프로그램", "usage": 0},
				{"appName": "게임런처", "usage": 0},
				{"appName": "삼성 캡처", "usage": 0}
			]
		},
		"avgTime": {
			"usage": 1,
			"details": [
				{"appName": "YouTube", "usage": 5},
				{"appName": "통화", "usage": 1},
				{"appName": "삼성 인터넷", "usage": 0},
				{"appName": "시계", "usage": 0},
				{"appName": "프레젠테이션", "usage": 0},
				{"appName": "네이버 웹툰", "usage": 0},
				{"appName": "Facebook", "usage": 0},
				{"appName": "CLASSUM", "usage": 0},
				{"appName": "갤러리", "usage": 0},
				{"appName": "한컴오피스 viewer", "usage": 0},
				{"appName": "메시지", "usage": 0},
				{"appName": "올원뱅크", "usage": 0},
				{"appName": "Settings Suggestions", "usage": 0},
				{"appName": "Dropsync", "usage": 0},
				{"appName": "Paco", "usage": 0},
				{"appName": "다음웹툰", "usage": 0},
				{"appName": "카메라", "usage": 0},
				{"appName": "Instagram", "usage": 0},
				{"appName": "Polar Beat", "usage": 0},
				{"appName": "디바이스 케어", "usage": 0},
				{"appName": "설정", "usage": 0},
				{"appName": "KLMS", "usage": 0},
				{"appName": "전화", "usage": 0},
				{"appName": "KAIST Portal", "usage": 0},
				{"appName": "캘린더", "usage": 0},
				{"appName": "카카오톡", "usage": 0},
				{"appName": "Samsung Experience 홈", "usage": 0},
				{"appName": "접근성", "usage": 0},
				{"appName": "Google Play 뮤직", "usage": 0},
				{"appName": "패키지 설치 프로그램", "usage": 0},
				{"appName": "게임런처", "usage": 0},
				{"appName": "삼성 캡처", "usage": 0}
			]
		},
		"lastPickup": {"time": 0}
	},
	{
		"date": 2,
		"totalTime": {
			"usage": 456,
			"details": [
				{"appName": "타이젬 바둑", "usage": 112},
				{"appName": "YouTube", "usage": 94},
				{"appName": "클래시 로얄", "usage": 53},
				{"appName": "카카오톡", "usage": 40},
				{"appName": "통화", "usage": 21},
				{"appName": "Facebook", "usage": 21},
				{"appName": "Samsung Experience 홈", "usage": 19},
				{"appName": "KLMS", "usage": 9},
				{"appName": "한컴오피스 viewer", "usage": 8},
				{"appName": "메시지", "usage": 7},
				{"appName": "Instagram", "usage": 6},
				{"appName": "삼성 인터넷", "usage": 5},
				{"appName": "Paco", "usage": 4},
				{"appName": "네이버 웹툰", "usage": 1},
				{"appName": "CLASSUM", "usage": 1},
				{"appName": "Microsoft Health", "usage": 1},
				{"appName": "Polar Beat", "usage": 1},
				{"appName": "갤러리", "usage": 1},
				{"appName": "설정", "usage": 1},
				{"appName": "다음웹툰", "usage": 1},
				{"appName": "올원뱅크", "usage": 0},
				{"appName": "KAIST Portal", "usage": 0},
				{"appName": "Google Play 스토어", "usage": 0},
				{"appName": "포토 에디터", "usage": 0},
				{"appName": "캘린더", "usage": 0},
				{"appName": "디바이스 케어", "usage": 0},
				{"appName": "리브", "usage": 0},
				{"appName": "전화", "usage": 0},
				{"appName": "에브리타임", "usage": 0},
				{"appName": "접근성", "usage": 0},
				{"appName": "계산기", "usage": 0},
				{"appName": "게임런처", "usage": 0},
				{"appName": "B612", "usage": 0},
				{"appName": "패키지 설치 프로그램", "usage": 0},
				{"appName": "Google Play 서비스", "usage": 0},
				{"appName": "", "usage": 0},
				{"appName": "삼성 캡처", "usage": 0}
			]
		},
		"pickups": {"usage": 182},
		"downTime": {
			"usages": [
				{"hour": 0, "usage": 41},
				{"hour": 1, "usage": 42},
				{"hour": 2, "usage": 37},
				{"hour": 3, "usage": 5},
				{"hour": 4, "usage": 5},
				{"hour": 5, "usage": 35},
				{"hour": 6, "usage": 40},
				{"hour": 7, "usage": 10},
				{"hour": 8, "usage": 12},
				{"hour": 9, "usage": 22},
				{"hour": 10, "usage": 10},
				{"hour": 11, "usage": 26},
				{"hour": 12, "usage": 53},
				{"hour": 13, "usage": 22},
				{"hour": 14, "usage": 11},
				{"hour": 15, "usage": 60},
				{"hour": 16, "usage": 15},
				{"hour": 21, "usage": 0},
				{"hour": 22, "usage": 0},
				{"hour": 23, "usage": 0}
			],
			"details": [
				{"appName": "카카오톡", "usage": [0, 1, 2, 3, 4, 5, 6, 7, 9, 10, 11, 12, 13, 14, 15, 16, 22]},
				{"appName": "Samsung Experience 홈", "usage": [0, 1, 2, 3, 4, 5, 6, 7, 8, 9, 10, 11, 12, 13, 14, 15, 16]},
				{"appName": "Instagram", "usage": [0, 1, 2, 4, 5, 6, 7, 8, 9, 10, 11, 13, 14]},
				{"appName": "Facebook", "usage": [0, 1, 2, 4, 5, 6, 7, 8, 9, 11, 12, 13, 14]},
				{"appName": "Paco", "usage": [1, 2, 3, 4, 5, 6, 7, 8, 9, 11, 12]},
				{"appName": "YouTube", "usage": [1, 2, 3, 4, 9, 10, 11, 12, 13, 14]},
				{"appName": "KLMS", "usage": [0, 1, 2, 5, 6, 7, 12]},
				{"appName": "통화", "usage": [2, 6, 7, 9, 11, 13]},
				{"appName": "접근성", "usage": [0, 1, 9, 10, 11, 13]},
				{"appName": "설정", "usage": [0, 1, 9, 10, 11, 13]},
				{"appName": "삼성 인터넷", "usage": [0, 1, 2, 3, 5, 11]},
				{"appName": "Polar Beat", "usage": [0, 1, 6, 7, 13]},
				{"appName": "타이젬 바둑", "usage": [12, 14, 15, 16]},
				{"appName": "전화", "usage": [0, 2, 9, 13]},
				{"appName": "올원뱅크", "usage": [1, 6, 11, 14]},
				{"appName": "메시지", "usage": [0, 1, 10, 12]},
				{"appName": "게임런처", "usage": [0, 5, 12, 14]},
				{"appName": "한컴오피스 viewer", "usage": [1, 6, 7]},
				{"appName": "클래시 로얄", "usage": [0, 5, 6]},
				{"appName": "갤러리", "usage": [1, 5, 6]},
				{"appName": "Google Play 스토어", "usage": [0, 1, 12]},
				{"appName": "CLASSUM", "usage": [1, 6, 13]},
				{"appName": "캘린더", "usage": [6, 22]},
				{"appName": "에브리타임", "usage": [5, 6]},
				{"appName": "KAIST Portal", "usage": [2, 6]},
				{"appName": "Google Play 서비스", "usage": [0, 1]},
				{"appName": "포토 에디터", "usage": [5]},
				{"appName": "패키지 설치 프로그램", "usage": [1]},
				{"appName": "삼성 캡처", "usage": [1]},
				{"appName": "리브", "usage": [12]},
				{"appName": "디바이스 케어", "usage": [0]},
				{"appName": "다음웹툰", "usage": [3]},
				{"appName": "네이버 웹툰", "usage": [6]},
				{"appName": "계산기", "usage": [6]},
				{"appName": "Microsoft Health", "usage": [1]},
				{"appName": "B612", "usage": [1]},
				{"appName": "", "usage": [0]}
			]
		},
		"maxTime": {
			"usage": 80,
			"details": [
				{"appName": "타이젬 바둑", "usage": 52},
				{"appName": "클래시 로얄", "usage": 32},
				{"appName": "YouTube", "usage": 14},
				{"appName": "통화", "usage": 12},
				{"appName": "Facebook", "usage": 1},
				{"appName": "한컴오피스 viewer", "usage": 1},
				{"appName": "카카오톡", "usage": 1},
				{"appName": "네이버 웹툰", "usage": 1},
				{"appName": "Samsung Experience 홈", "usage": 1},
				{"appName": "삼성 인터넷", "usage": 1},
				{"appName": "메시지", "usage": 0},
				{"appName": "KLMS", "usage": 0},
				{"appName": "Polar Beat", "usage": 0},
				{"appName": "다음웹툰", "usage": 0},
				{"appName": "CLASSUM", "usage": 0},
				{"appName": "Microsoft Health", "usage": 0},
				{"appName": "Instagram", "usage": 0},
				{"appName": "KAIST Portal", "usage": 0},
				{"appName": "갤러리", "usage": 0},
				{"appName": "설정", "usage": 0},
				{"appName": "캘린더", "usage": 0},
				{"appName": "Paco", "usage": 0},
				{"appName": "올원뱅크", "usage": 0},
				{"appName": "포토 에디터", "usage": 0},
				{"appName": "Google Play 스토어", "usage": 0},
				{"appName": "계산기", "usage": 0},
				{"appName": "디바이스 케어", "usage": 0},
				{"appName": "B612", "usage": 0},
				{"appName": "에브리타임", "usage": 0},
				{"appName": "리브", "usage": 0},
				{"appName": "전화", "usage": 0},
				{"appName": "접근성", "usage": 0},
				{"appName": "게임런처", "usage": 0},
				{"appName": "패키지 설치 프로그램", "usage": 0},
				{"appName": "Google Play 서비스", "usage": 0},
				{"appName": "", "usage": 0},
				{"appName": "삼성 캡처", "usage": 0}
			]
		},
		"avgTime": {
			"usage": 2,
			"details": [
				{"appName": "클래시 로얄", "usage": 17},
				{"appName": "타이젬 바둑", "usage": 6},
				{"appName": "YouTube", "usage": 2},
				{"appName": "통화", "usage": 1},
				{"appName": "네이버 웹툰", "usage": 0},
				{"appName": "Facebook", "usage": 0},
				{"appName": "Microsoft Health", "usage": 0},
				{"appName": "CLASSUM", "usage": 0},
				{"appName": "다음웹툰", "usage": 0},
				{"appName": "한컴오피스 viewer", "usage": 0},
				{"appName": "포토 에디터", "usage": 0},
				{"appName": "계산기", "usage": 0},
				{"appName": "삼성 인터넷", "usage": 0},
				{"appName": "메시지", "usage": 0},
				{"appName": "올원뱅크", "usage": 0},
				{"appName": "B612", "usage": 0},
				{"appName": "캘린더", "usage": 0},
				{"appName": "KAIST Portal", "usage": 0},
				{"appName": "갤러리", "usage": 0},
				{"appName": "Google Play 스토어", "usage": 0},
				{"appName": "Instagram", "usage": 0},
				{"appName": "Paco", "usage": 0},
				{"appName": "디바이스 케어", "usage": 0},
				{"appName": "Polar Beat", "usage": 0},
				{"appName": "리브", "usage": 0},
				{"appName": "KLMS", "usage": 0},
				{"appName": "카카오톡", "usage": 0},
				{"appName": "Samsung Experience 홈", "usage": 0},
				{"appName": "설정", "usage": 0},
				{"appName": "에브리타임", "usage": 0},
				{"appName": "전화", "usage": 0},
				{"appName": "접근성", "usage": 0},
				{"appName": "", "usage": 0},
				{"appName": "게임런처", "usage": 0},
				{"appName": "Google Play 서비스", "usage": 0},
				{"appName": "패키지 설치 프로그램", "usage": 0},
				{"appName": "삼성 캡처", "usage": 0}
			]
		},
		"lastPickup": {"time": 0}
	},
	{
		"date": 3,
		"totalTime": {
			"usage": 443,
			"details": [
				{"appName": "카카오톡", "usage": 89},
				{"appName": "YouTube", "usage": 23},
				{"appName": "Facebook", "usage": 19},
				{"appName": "Samsung Experience 홈", "usage": 13},
				{"appName": "삼성 인터넷", "usage": 5},
				{"appName": "Paco", "usage": 4},
				{"appName": "네이버 웹툰", "usage": 4},
				{"appName": "Instagram", "usage": 4},
				{"appName": "캘린더", "usage": 3},
				{"appName": "통화", "usage": 3},
				{"appName": "다음웹툰", "usage": 1},
				{"appName": "시계", "usage": 1},
				{"appName": "KLMS", "usage": 1},
				{"appName": "올원뱅크", "usage": 1},
				{"appName": "메시지", "usage": 1},
				{"appName": "설정", "usage": 0},
				{"appName": "갤러리", "usage": 0},
				{"appName": "CLASSUM", "usage": 0},
				{"appName": "Polar Beat", "usage": 0},
				{"appName": "카메라", "usage": 0},
				{"appName": "네이버 지도", "usage": 0},
				{"appName": "빅스비 보이스", "usage": 0},
				{"appName": "안드로이드 시스템", "usage": 0},
				{"appName": "접근성", "usage": 0},
				{"appName": "전화", "usage": 0},
				{"appName": "디바이스 케어", "usage": 0},
				{"appName": "Samsung Pass 자동 완성", "usage": 0}
			]
		},
		"pickups": {"usage": 164},
		"downTime": {
			"usages": [
				{"hour": 0, "usage": 29},
				{"hour": 1, "usage": 8},
				{"hour": 2, "usage": 6},
				{"hour": 3, "usage": 13},
				{"hour": 4, "usage": 0},
				{"hour": 5, "usage": 13},
				{"hour": 6, "usage": 2},
				{"hour": 7, "usage": 3},
				{"hour": 8, "usage": 14},
				{"hour": 9, "usage": 16},
				{"hour": 10, "usage": 5},
				{"hour": 11, "usage": 1},
				{"hour": 12, "usage": 1},
				{"hour": 13, "usage": 0},
				{"hour": 14, "usage": 18},
				{"hour": 15, "usage": 0},
				{"hour": 16, "usage": 7},
				{"hour": 17, "usage": 39},
				{"hour": 18, "usage": 60},
				{"hour": 19, "usage": 60},
				{"hour": 20, "usage": 60},
				{"hour": 21, "usage": 60},
				{"hour": 22, "usage": 21},
				{"hour": 23, "usage": 0}
			],
			"details": [
				{"appName": "Samsung Experience 홈", "usage": [0, 1, 2, 3, 4, 5, 6, 7, 8, 9, 10, 11, 12, 13, 14, 16, 17, 22, 23]},
				{"appName": "카카오톡", "usage": [0, 1, 2, 3, 5, 6, 8, 9, 10, 12, 13, 14, 16, 17, 22]},
				{"appName": "Paco", "usage": [1, 2, 3, 4, 5, 6, 7, 8, 9, 10, 12]},
				{"appName": "Instagram", "usage": [0, 1, 2, 3, 5, 7, 9, 10, 16, 17, 22]},
				{"appName": "Facebook", "usage": [0, 1, 2, 3, 7, 9, 10, 14, 16, 17, 22]},
				{"appName": "캘린더", "usage": [2, 5, 8, 17, 22, 23]},
				{"appName": "설정", "usage": [0, 6, 13, 14, 22]},
				{"appName": "삼성 인터넷", "usage": [3, 8, 9, 10, 22]},
				{"appName": "접근성", "usage": [0, 6, 13, 14]},
				{"appName": "메시지", "usage": [1, 2, 9, 22]},
				{"appName": "KLMS", "usage": [0, 2, 9, 22]},
				{"appName": "통화", "usage": [5, 6, 9]},
				{"appName": "시계", "usage": [0, 8, 22]},
				{"appName": "갤러리", "usage": [3, 9, 16]},
				{"appName": "YouTube", "usage": [0, 9, 22]},
				{"appName": "Polar Beat", "usage": [0, 1, 13]},
				{"appName": "카메라", "usage": [5, 16]},
				{"appName": "올원뱅크", "usage": [1, 22]},
				{"appName": "네이버 웹툰", "usage": [2, 22]},
				{"appName": "전화", "usage": [9]},
				{"appName": "안드로이드 시스템", "usage": [3]},
				{"appName": "빅스비 보이스", "usage": [8]},
				{"appName": "디바이스 케어", "usage": [14]},
				{"appName": "다음웹툰", "usage": [22]},
				{"appName": "네이버 지도", "usage": [14]},
				{"appName": "Samsung Pass 자동 완성", "usage": [16]},
				{"appName": "CLASSUM", "usage": [2]}
			]
		},
		"maxTime": {
			"usage": 278,
			"details": [
				{"appName": "카카오톡", "usage": 32},
				{"appName": "YouTube", "usage": 13},
				{"appName": "Facebook", "usage": 3},
				{"appName": "네이버 웹툰", "usage": 2},
				{"appName": "Samsung Experience 홈", "usage": 1},
				{"appName": "통화", "usage": 1},
				{"appName": "삼성 인터넷", "usage": 1},
				{"appName": "다음웹툰", "usage": 1},
				{"appName": "캘린더", "usage": 1},
				{"appName": "Paco", "usage": 0},
				{"appName": "시계", "usage": 0},
				{"appName": "Instagram", "usage": 0},
				{"appName": "올원뱅크", "usage": 0},
				{"appName": "CLASSUM", "usage": 0},
				{"appName": "메시지", "usage": 0},
				{"appName": "KLMS", "usage": 0},
				{"appName": "카메라", "usage": 0},
				{"appName": "갤러리", "usage": 0},
				{"appName": "네이버 지도", "usage": 0},
				{"appName": "빅스비 보이스", "usage": 0},
				{"appName": "Polar Beat", "usage": 0},
				{"appName": "설정", "usage": 0},
				{"appName": "안드로이드 시스템", "usage": 0},
				{"appName": "전화", "usage": 0},
				{"appName": "디바이스 케어", "usage": 0},
				{"appName": "접근성", "usage": 0},
				{"appName": "Samsung Pass 자동 완성", "usage": 0}
			]
		},
		"avgTime": {
			"usage": 2,
			"details": [
				{"appName": "YouTube", "usage": 2},
				{"appName": "삼성 인터넷", "usage": 0},
				{"appName": "통화", "usage": 0},
				{"appName": "CLASSUM", "usage": 0},
				{"appName": "다음웹툰", "usage": 0},
				{"appName": "올원뱅크", "usage": 0},
				{"appName": "Facebook", "usage": 0},
				{"appName": "네이버 웹툰", "usage": 0},
				{"appName": "캘린더", "usage": 0},
				{"appName": "시계", "usage": 0},
				{"appName": "빅스비 보이스", "usage": 0},
				{"appName": "카메라", "usage": 0},
				{"appName": "카카오톡", "usage": 0},
				{"appName": "메시지", "usage": 0},
				{"appName": "네이버 지도", "usage": 0},
				{"appName": "Paco", "usage": 0},
				{"appName": "Instagram", "usage": 0},
				{"appName": "갤러리", "usage": 0},
				{"appName": "KLMS", "usage": 0},
				{"appName": "Samsung Experience 홈", "usage": 0},
				{"appName": "Polar Beat", "usage": 0},
				{"appName": "전화", "usage": 0},
				{"appName": "안드로이드 시스템", "usage": 0},
				{"appName": "디바이스 케어", "usage": 0},
				{"appName": "설정", "usage": 0},
				{"appName": "접근성", "usage": 0},
				{"appName": "Samsung Pass 자동 완성", "usage": 0}
			]
		},
		"lastPickup": {"time": 0}
	},
	{
		"date": 4,
		"totalTime": {
			"usage": 243,
			"details": [
				{"appName": "타이젬 바둑", "usage": 43},
				{"appName": "카카오톡", "usage": 38},
				{"appName": "YouTube", "usage": 17},
				{"appName": "Facebook", "usage": 16},
				{"appName": "Samsung Experience 홈", "usage": 14},
				{"appName": "네이버 지도", "usage": 14},
				{"appName": "Instagram", "usage": 13},
				{"appName": "빅스비 보이스", "usage": 10},
				{"appName": "메시지", "usage": 8},
				{"appName": "캘린더", "usage": 8},
				{"appName": "삼성 인터넷", "usage": 6},
				{"appName": "네이버 웹툰", "usage": 4},
				{"appName": "올원뱅크", "usage": 4},
				{"appName": "Paco", "usage": 4},
				{"appName": "T world", "usage": 3},
				{"appName": "Polar Beat", "usage": 3},
				{"appName": "리브", "usage": 2},
				{"appName": "카카오 T", "usage": 2},
				{"appName": "B612", "usage": 2},
				{"appName": "통화", "usage": 1},
				{"appName": "설정", "usage": 1},
				{"appName": "한컴오피스 viewer", "usage": 1},
				{"appName": "Logger", "usage": 1},
				{"appName": "갤러리", "usage": 0},
				{"appName": "NAVER", "usage": 0},
				{"appName": "프레젠테이션", "usage": 0},
				{"appName": "KLMS", "usage": 0},
				{"appName": "ABC Logger", "usage": 0},
				{"appName": "Samsung Pay", "usage": 0},
				{"appName": "카카오버스", "usage": 0},
				{"appName": "접근성", "usage": 0},
				{"appName": "시외버스 모바일", "usage": 0},
				{"appName": "시계", "usage": 0},
				{"appName": "0한동", "usage": 0},
				{"appName": "전화", "usage": 0},
				{"appName": "게임런처", "usage": 0},
				{"appName": "날씨", "usage": 0},
				{"appName": "Google Play 서비스", "usage": 0},
				{"appName": "디바이스 케어", "usage": 0},
				{"appName": "패키지 설치 프로그램", "usage": 0},
				{"appName": "고속버스 모바일", "usage": 0}
			]
		},
		"pickups": {"usage": 182},
		"downTime": {
			"usages": [
				{"hour": 0, "usage": 7},
				{"hour": 1, "usage": 55},
				{"hour": 2, "usage": 37},
				{"hour": 3, "usage": 11},
				{"hour": 4, "usage": 1},
				{"hour": 6, "usage": 31},
				{"hour": 7, "usage": 15},
				{"hour": 8, "usage": 1},
				{"hour": 9, "usage": 7},
				{"hour": 10, "usage": 3},
				{"hour": 11, "usage": 5},
				{"hour": 12, "usage": 27},
				{"hour": 13, "usage": 1},
				{"hour": 14, "usage": 13},
				{"hour": 15, "usage": 6},
				{"hour": 16, "usage": 15},
				{"hour": 23, "usage": 0}
			],
			"details": [
				{"appName": "카카오톡", "usage": [0, 1, 2, 3, 4, 6, 7, 8, 9, 10, 11, 12, 13, 14, 15, 16]},
				{"appName": "Samsung Experience 홈", "usage": [0, 1, 2, 3, 4, 6, 7, 8, 9, 10, 11, 12, 13, 14, 15, 16]},
				{"appName": "Paco", "usage": [1, 2, 3, 4, 6, 7, 8, 9, 10, 11, 12]},
				{"appName": "Instagram", "usage": [0, 1, 2, 6, 7, 8, 9, 12, 14, 16]},
				{"appName": "Facebook", "usage": [0, 1, 2, 3, 6, 7, 12, 14, 15, 16]},
				{"appName": "네이버 지도", "usage": [2, 3, 4, 8, 9, 10, 16]},
				{"appName": "접근성", "usage": [0, 2, 3, 10, 12, 13]},
				{"appName": "설정", "usage": [0, 2, 3, 10, 12, 13]},
				{"appName": "메시지", "usage": [2, 3, 6, 7, 10, 12]},
				{"appName": "올원뱅크", "usage": [2, 6, 7, 12, 14]},
				{"appName": "패키지 설치 프로그램", "usage": [2, 3, 12]},
				{"appName": "삼성 인터넷", "usage": [2, 12, 16]},
				{"appName": "YouTube", "usage": [1, 12, 16]},
				{"appName": "T world", "usage": [1, 6, 7]},
				{"appName": "Polar Beat", "usage": [0, 7, 12]},
				{"appName": "Logger", "usage": [2, 3, 12]},
				{"appName": "통화", "usage": [14, 15]},
				{"appName": "타이젬 바둑", "usage": [1, 16]},
				{"appName": "캘린더", "usage": [3, 6]},
				{"appName": "시계", "usage": [0, 12]},
				{"appName": "빅스비 보이스", "usage": [12, 16]},
				{"appName": "리브", "usage": [1, 6]},
				{"appName": "네이버 웹툰", "usage": [12, 14]},
				{"appName": "게임런처", "usage": [1, 16]},
				{"appName": "갤러리", "usage": [1, 10]},
				{"appName": "KLMS", "usage": [0, 12]},
				{"appName": "ABC Logger", "usage": [2, 12]},
				{"appName": "한컴오피스 viewer", "usage": [12]},
				{"appName": "프레젠테이션", "usage": [2]},
				{"appName": "카카오버스", "usage": [2]},
				{"appName": "카카오 T", "usage": [9]},
				{"appName": "전화", "usage": [14]},
				{"appName": "시외버스 모바일", "usage": [15]},
				{"appName": "디바이스 케어", "usage": [11]},
				{"appName": "날씨", "usage": [1]},
				{"appName": "고속버스 모바일", "usage": [2]},
				{"appName": "Samsung Pay", "usage": [2]},
				{"appName": "NAVER", "usage": [6]},
				{"appName": "Google Play 서비스", "usage": [6]},
				{"appName": "B612", "usage": [6]},
				{"appName": "0한동", "usage": [6]}
			]
		},
		"maxTime": {
			"usage": 43,
			"details": [
				{"appName": "타이젬 바둑", "usage": 34},
				{"appName": "YouTube", "usage": 8},
				{"appName": "빅스비 보이스", "usage": 7},
				{"appName": "메시지", "usage": 3},
				{"appName": "T world", "usage": 3},
				{"appName": "삼성 인터넷", "usage": 2},
				{"appName": "Instagram", "usage": 2},
				{"appName": "Facebook", "usage": 2},
				{"appName": "Polar Beat", "usage": 2},
				{"appName": "네이버 지도", "usage": 2},
				{"appName": "B612", "usage": 1},
				{"appName": "캘린더", "usage": 1},
				{"appName": "카카오톡", "usage": 1},
				{"appName": "올원뱅크", "usage": 1},
				{"appName": "네이버 웹툰", "usage": 1},
				{"appName": "한컴오피스 viewer", "usage": 1},
				{"appName": "카카오 T", "usage": 0},
				{"appName": "갤러리", "usage": 0},
				{"appName": "통화", "usage": 0},
				{"appName": "Samsung Experience 홈", "usage": 0},
				{"appName": "프레젠테이션", "usage": 0},
				{"appName": "NAVER", "usage": 0},
				{"appName": "리브", "usage": 0},
				{"appName": "Samsung Pay", "usage": 0},
				{"appName": "Paco", "usage": 0},
				{"appName": "Logger", "usage": 0},
				{"appName": "ABC Logger", "usage": 0},
				{"appName": "카카오버스", "usage": 0},
				{"appName": "0한동", "usage": 0},
				{"appName": "시계", "usage": 0},
				{"appName": "KLMS", "usage": 0},
				{"appName": "시외버스 모바일", "usage": 0},
				{"appName": "설정", "usage": 0},
				{"appName": "게임런처", "usage": 0},
				{"appName": "전화", "usage": 0},
				{"appName": "접근성", "usage": 0},
				{"appName": "날씨", "usage": 0},
				{"appName": "Google Play 서비스", "usage": 0},
				{"appName": "디바이스 케어", "usage": 0},
				{"appName": "고속버스 모바일", "usage": 0},
				{"appName": "패키지 설치 프로그램", "usage": 0}
			]
		},
		"avgTime": {
			"usage": 1,
			"details": [
				{"appName": "타이젬 바둑", "usage": 4},
				{"appName": "빅스비 보이스", "usage": 3},
				{"appName": "YouTube", "usage": 1},
				{"appName": "삼성 인터넷", "usage": 0},
				{"appName": "T world", "usage": 0},
				{"appName": "B612", "usage": 0},
				{"appName": "갤러리", "usage": 0},
				{"appName": "올원뱅크", "usage": 0},
				{"appName": "프레젠테이션", "usage": 0},
				{"appName": "메시지", "usage": 0},
				{"appName": "캘린더", "usage": 0},
				{"appName": "한컴오피스 viewer", "usage": 0},
				{"appName": "통화", "usage": 0},
				{"appName": "네이버 지도", "usage": 0},
				{"appName": "Facebook", "usage": 0},
				{"appName": "Samsung Pay", "usage": 0},
				{"appName": "네이버 웹툰", "usage": 0},
				{"appName": "리브", "usage": 0},
				{"appName": "Polar Beat", "usage": 0},
				{"appName": "NAVER", "usage": 0},
				{"appName": "0한동", "usage": 0},
				{"appName": "Instagram", "usage": 0},
				{"appName": "카카오 T", "usage": 0},
				{"appName": "Paco", "usage": 0},
				{"appName": "ABC Logger", "usage": 0},
				{"appName": "Logger", "usage": 0},
				{"appName": "카카오버스", "usage": 0},
				{"appName": "카카오톡", "usage": 0},
				{"appName": "Samsung Experience 홈", "usage": 0},
				{"appName": "시외버스 모바일", "usage": 0},
				{"appName": "시계", "usage": 0},
				{"appName": "KLMS", "usage": 0},
				{"appName": "전화", "usage": 0},
				{"appName": "설정", "usage": 0},
				{"appName": "날씨", "usage": 0},
				{"appName": "Google Play 서비스", "usage": 0},
				{"appName": "게임런처", "usage": 0},
				{"appName": "디바이스 케어", "usage": 0},
				{"appName": "접근성", "usage": 0},
				{"appName": "고속버스 모바일", "usage": 0},
				{"appName": "패키지 설치 프로그램", "usage": 0}
			]
		},
		"lastPickup": {"time": 0}
	},
	{
		"date": 5,
		"totalTime": {
			"usage": 334,
			"details": [
				{"appName": "YouTube", "usage": 93},
				{"appName": "삼성 인터넷", "usage": 74},
				{"appName": "Facebook", "usage": 33},
				{"appName": "클래시 로얄", "usage": 29},
				{"appName": "카카오톡", "usage": 14},
				{"appName": "Instagram", "usage": 13},
				{"appName": "Samsung Experience 홈", "usage": 12},
				{"appName": "메시지", "usage": 11},
				{"appName": "Polar Beat", "usage": 8},
				{"appName": "시계", "usage": 8},
				{"appName": "Paco", "usage": 4},
				{"appName": "네이버 웹툰", "usage": 4},
				{"appName": "올원뱅크", "usage": 2},
				{"appName": "CLASSUM", "usage": 2},
				{"appName": "카카오 T", "usage": 2},
				{"appName": "통화", "usage": 1},
				{"appName": "KLMS", "usage": 0},
				{"appName": "카카오버스", "usage": 0},
				{"appName": "전화", "usage": 0},
				{"appName": "캘린더", "usage": 0},
				{"appName": "갤러리", "usage": 0},
				{"appName": "빅스비 보이스", "usage": 0},
				{"appName": "시외버스 모바일", "usage": 0},
				{"appName": "게임런처", "usage": 0},
				{"appName": "설정", "usage": 0},
				{"appName": "네이버 지도", "usage": 0},
				{"appName": "NAVER", "usage": 0},
				{"appName": "Logger", "usage": 0},
				{"appName": "안드로이드 시스템", "usage": 0},
				{"appName": "접근성", "usage": 0},
				{"appName": "패키지 설치 프로그램", "usage": 0},
				{"appName": "삼성 캡처", "usage": 0}
			]
		},
		"pickups": {"usage": 120},
		"downTime": {
			"usages": [
				{"hour": 0, "usage": 14},
				{"hour": 1, "usage": 34},
				{"hour": 2, "usage": 21},
				{"hour": 3, "usage": 14},
				{"hour": 4, "usage": 45},
				{"hour": 5, "usage": 26},
				{"hour": 7, "usage": 45},
				{"hour": 8, "usage": 16},
				{"hour": 9, "usage": 2},
				{"hour": 10, "usage": 7},
				{"hour": 11, "usage": 7},
				{"hour": 12, "usage": 22},
				{"hour": 13, "usage": 48},
				{"hour": 15, "usage": 4},
				{"hour": 17, "usage": 0},
				{"hour": 22, "usage": 9},
				{"hour": 23, "usage": 14}
			],
			"details": [
				{"appName": "Samsung Experience 홈", "usage": [0, 1, 2, 3, 4, 5, 7, 8, 9, 10, 11, 12, 13, 15, 22, 23]},
				{"appName": "Instagram", "usage": [0, 1, 2, 3, 4, 7, 8, 10, 11, 12, 13, 22, 23]},
				{"appName": "카카오톡", "usage": [0, 1, 2, 3, 4, 5, 7, 8, 9, 10, 11]},
				{"appName": "YouTube", "usage": [0, 3, 4, 7, 8, 12, 13, 15, 22, 23]},
				{"appName": "Paco", "usage": [1, 2, 3, 4, 5, 7, 9, 10, 11, 12]},
				{"appName": "Facebook", "usage": [0, 1, 2, 3, 4, 7, 10, 12, 13, 22]},
				{"appName": "삼성 인터넷", "usage": [0, 1, 4, 5, 7, 8, 13]},
				{"appName": "Polar Beat", "usage": [1, 2, 7, 8, 9, 10, 13]},
				{"appName": "올원뱅크", "usage": [1, 2, 5, 12]},
				{"appName": "게임런처", "usage": [1, 2, 4, 7]},
				{"appName": "KLMS", "usage": [1, 3, 11, 12]},
				{"appName": "클래시 로얄", "usage": [1, 2, 4]},
				{"appName": "접근성", "usage": [1, 7, 13]},
				{"appName": "메시지", "usage": [7, 8, 9]},
				{"appName": "통화", "usage": [1, 2]},
				{"appName": "캘린더", "usage": [22, 23]},
				{"appName": "카카오 T", "usage": [11, 12]},
				{"appName": "시계", "usage": [0, 23]},
				{"appName": "설정", "usage": [1, 13]},
				{"appName": "네이버 웹툰", "usage": [4, 12]},
				{"appName": "패키지 설치 프로그램", "usage": [7]},
				{"appName": "카카오버스", "usage": [1]},
				{"appName": "전화", "usage": [1]},
				{"appName": "안드로이드 시스템", "usage": [7]},
				{"appName": "시외버스 모바일", "usage": [1]},
				{"appName": "삼성 캡처", "usage": [7]},
				{"appName": "빅스비 보이스", "usage": [15]},
				{"appName": "네이버 지도", "usage": [2]},
				{"appName": "갤러리", "usage": [2]},
				{"appName": "NAVER", "usage": [12]},
				{"appName": "Logger", "usage": [7]},
				{"appName": "CLASSUM", "usage": [1]}
			]
		},
		"maxTime": {
			"usage": 71,
			"details": [
				{"appName": "YouTube", "usage": 31},
				{"appName": "삼성 인터넷", "usage": 19},
				{"appName": "클래시 로얄", "usage": 10},
				{"appName": "Facebook", "usage": 5},
				{"appName": "시계", "usage": 4},
				{"appName": "네이버 웹툰", "usage": 2},
				{"appName": "CLASSUM", "usage": 2},
				{"appName": "메시지", "usage": 2},
				{"appName": "Samsung Experience 홈", "usage": 1},
				{"appName": "Polar Beat", "usage": 1},
				{"appName": "Instagram", "usage": 1},
				{"appName": "카카오 T", "usage": 1},
				{"appName": "카카오톡", "usage": 1},
				{"appName": "올원뱅크", "usage": 0},
				{"appName": "통화", "usage": 0},
				{"appName": "전화", "usage": 0},
				{"appName": "Paco", "usage": 0},
				{"appName": "갤러리", "usage": 0},
				{"appName": "카카오버스", "usage": 0},
				{"appName": "KLMS", "usage": 0},
				{"appName": "빅스비 보이스", "usage": 0},
				{"appName": "네이버 지도", "usage": 0},
				{"appName": "캘린더", "usage": 0},
				{"appName": "설정", "usage": 0},
				{"appName": "NAVER", "usage": 0},
				{"appName": "시외버스 모바일", "usage": 0},
				{"appName": "게임런처", "usage": 0},
				{"appName": "Logger", "usage": 0},
				{"appName": "안드로이드 시스템", "usage": 0},
				{"appName": "접근성", "usage": 0},
				{"appName": "패키지 설치 프로그램", "usage": 0},
				{"appName": "삼성 캡처", "usage": 0}
			]
		},
		"avgTime": {
			"usage": 2,
			"details": [
				{"appName": "클래시 로얄", "usage": 4},
				{"appName": "삼성 인터넷", "usage": 3},
				{"appName": "YouTube", "usage": 3},
				{"appName": "CLASSUM", "usage": 2},
				{"appName": "시계", "usage": 0},
				{"appName": "메시지", "usage": 0},
				{"appName": "Facebook", "usage": 0},
				{"appName": "올원뱅크", "usage": 0},
				{"appName": "네이버 웹툰", "usage": 0},
				{"appName": "갤러리", "usage": 0},
				{"appName": "전화", "usage": 0},
				{"appName": "통화", "usage": 0},
				{"appName": "카카오 T", "usage": 0},
				{"appName": "Instagram", "usage": 0},
				{"appName": "Polar Beat", "usage": 0},
				{"appName": "빅스비 보이스", "usage": 0},
				{"appName": "Paco", "usage": 0},
				{"appName": "카카오버스", "usage": 0},
				{"appName": "네이버 지도", "usage": 0},
				{"appName": "KLMS", "usage": 0},
				{"appName": "캘린더", "usage": 0},
				{"appName": "안드로이드 시스템", "usage": 0},
				{"appName": "카카오톡", "usage": 0},
				{"appName": "Samsung Experience 홈", "usage": 0},
				{"appName": "시외버스 모바일", "usage": 0},
				{"appName": "NAVER", "usage": 0},
				{"appName": "설정", "usage": 0},
				{"appName": "Logger", "usage": 0},
				{"appName": "게임런처", "usage": 0},
				{"appName": "접근성", "usage": 0},
				{"appName": "패키지 설치 프로그램", "usage": 0},
				{"appName": "삼성 캡처", "usage": 0}
			]
		},
		"lastPickup": {"time": 5}
	},
	{
		"date": 6,
		"totalTime": {
			"usage": 280,
			"details": [
				{"appName": "카카오톡", "usage": 64},
				{"appName": "Facebook", "usage": 23},
				{"appName": "Samsung Experience 홈", "usage": 16},
				{"appName": "통화", "usage": 9},
				{"appName": "삼성 인터넷", "usage": 8},
				{"appName": "Dropsync", "usage": 8},
				{"appName": "설정", "usage": 7},
				{"appName": "네이버 지도", "usage": 6},
				{"appName": "Instagram", "usage": 5},
				{"appName": "전화", "usage": 5},
				{"appName": "Paco", "usage": 4},
				{"appName": "올원뱅크", "usage": 2},
				{"appName": "메시지", "usage": 2},
				{"appName": "카카오버스", "usage": 2},
				{"appName": "Polar Beat", "usage": 1},
				{"appName": "시외버스 모바일", "usage": 1},
				{"appName": "KLMS", "usage": 1},
				{"appName": "빅스비 보이스", "usage": 0},
				{"appName": "YouTube", "usage": 0},
				{"appName": "리브", "usage": 0},
				{"appName": "시계", "usage": 0},
				{"appName": "캘린더", "usage": 0},
				{"appName": "접근성", "usage": 0},
				{"appName": "NAVER", "usage": 0},
				{"appName": "Samsung Pay", "usage": 0},
				{"appName": "Firefox", "usage": 0},
				{"appName": "네이버 웹툰", "usage": 0},
				{"appName": "AhnLab V3 Mobile Plus 2.0", "usage": 0}
			]
		},
		"pickups": {"usage": 236},
		"downTime": {
			"usages": [
				{"hour": 0, "usage": 13},
				{"hour": 1, "usage": 0},
				{"hour": 2, "usage": 1},
				{"hour": 4, "usage": 35},
				{"hour": 5, "usage": 1},
				{"hour": 6, "usage": 28},
				{"hour": 7, "usage": 21},
				{"hour": 8, "usage": 2},
				{"hour": 9, "usage": 5},
				{"hour": 10, "usage": 33},
				{"hour": 11, "usage": 5},
				{"hour": 12, "usage": 6},
				{"hour": 13, "usage": 2},
				{"hour": 14, "usage": 2},
				{"hour": 15, "usage": 28},
				{"hour": 16, "usage": 60},
				{"hour": 17, "usage": 31},
				{"hour": 22, "usage": 0},
				{"hour": 23, "usage": 0}
			],
			"details": [
				{"appName": "Samsung Experience 홈", "usage": [0, 1, 2, 4, 5, 6, 7, 8, 9, 10, 11, 12, 13, 14, 15, 17, 23]},
				{"appName": "카카오톡", "usage": [0, 2, 4, 6, 7, 9, 10, 11, 12, 13, 14, 15]},
				{"appName": "Paco", "usage": [2, 4, 5, 6, 7, 8, 9, 10, 11, 12]},
				{"appName": "Instagram", "usage": [0, 4, 5, 6, 7, 8, 9, 10, 13, 15]},
				{"appName": "Facebook", "usage": [0, 4, 6, 7, 8, 9, 10, 11, 13, 15]},
				{"appName": "설정", "usage": [0, 7, 10, 11, 13, 15, 17]},
				{"appName": "통화", "usage": [5, 7, 11, 12, 14, 15]},
				{"appName": "삼성 인터넷", "usage": [0, 2, 4, 10, 11, 15]},
				{"appName": "전화", "usage": [7, 11, 12, 14, 15]},
				{"appName": "올원뱅크", "usage": [0, 4, 7, 10]},
				{"appName": "Polar Beat", "usage": [0, 4, 10, 13]},
				{"appName": "카카오버스", "usage": [0, 9, 10]},
				{"appName": "접근성", "usage": [0, 7, 13]},
				{"appName": "메시지", "usage": [4, 7, 11]},
				{"appName": "KLMS", "usage": [0, 4, 9]},
				{"appName": "캘린더", "usage": [22, 23]},
				{"appName": "시계", "usage": [0, 23]},
				{"appName": "네이버 지도", "usage": [10, 15]},
				{"appName": "YouTube", "usage": [6, 7]},
				{"appName": "시외버스 모바일", "usage": [7]},
				{"appName": "빅스비 보이스", "usage": [7]},
				{"appName": "리브", "usage": [4]},
				{"appName": "네이버 웹툰", "usage": [10]},
				{"appName": "Samsung Pay", "usage": [8]},
				{"appName": "NAVER", "usage": [4]},
				{"appName": "Firefox", "usage": [13]},
				{"appName": "Dropsync", "usage": [4]},
				{"appName": "AhnLab V3 Mobile Plus 2.0", "usage": [4]}
			]
		},
		"maxTime": {
			"usage": 97,
			"details": [
				{"appName": "카카오톡", "usage": 22},
				{"appName": "Dropsync", "usage": 6},
				{"appName": "전화", "usage": 4},
				{"appName": "설정", "usage": 3},
				{"appName": "Samsung Experience 홈", "usage": 2},
				{"appName": "삼성 인터넷", "usage": 1},
				{"appName": "네이버 지도", "usage": 1},
				{"appName": "Facebook", "usage": 1},
				{"appName": "통화", "usage": 1},
				{"appName": "메시지", "usage": 0},
				{"appName": "Instagram", "usage": 0},
				{"appName": "Paco", "usage": 0},
				{"appName": "올원뱅크", "usage": 0},
				{"appName": "빅스비 보이스", "usage": 0},
				{"appName": "YouTube", "usage": 0},
				{"appName": "Polar Beat", "usage": 0},
				{"appName": "시계", "usage": 0},
				{"appName": "시외버스 모바일", "usage": 0},
				{"appName": "카카오버스", "usage": 0},
				{"appName": "캘린더", "usage": 0},
				{"appName": "리브", "usage": 0},
				{"appName": "KLMS", "usage": 0},
				{"appName": "Samsung Pay", "usage": 0},
				{"appName": "Firefox", "usage": 0},
				{"appName": "NAVER", "usage": 0},
				{"appName": "접근성", "usage": 0},
				{"appName": "네이버 웹툰", "usage": 0},
				{"appName": "AhnLab V3 Mobile Plus 2.0", "usage": 0}
			]
		},
		"avgTime": {
			"usage": 1,
			"details": [
				{"appName": "삼성 인터넷", "usage": 0},
				{"appName": "Dropsync", "usage": 0},
				{"appName": "빅스비 보이스", "usage": 0},
				{"appName": "통화", "usage": 0},
				{"appName": "메시지", "usage": 0},
				{"appName": "올원뱅크", "usage": 0},
				{"appName": "네이버 지도", "usage": 0},
				{"appName": "설정", "usage": 0},
				{"appName": "Facebook", "usage": 0},
				{"appName": "전화", "usage": 0},
				{"appName": "YouTube", "usage": 0},
				{"appName": "리브", "usage": 0},
				{"appName": "캘린더", "usage": 0},
				{"appName": "Polar Beat", "usage": 0},
				{"appName": "시계", "usage": 0},
				{"appName": "Instagram", "usage": 0},
				{"appName": "카카오톡", "usage": 0},
				{"appName": "Paco", "usage": 0},
				{"appName": "카카오버스", "usage": 0},
				{"appName": "시외버스 모바일", "usage": 0},
				{"appName": "Samsung Experience 홈", "usage": 0},
				{"appName": "KLMS", "usage": 0},
				{"appName": "Samsung Pay", "usage": 0},
				{"appName": "네이버 웹툰", "usage": 0},
				{"appName": "Firefox", "usage": 0},
				{"appName": "NAVER", "usage": 0},
				{"appName": "접근성", "usage": 0},
				{"appName": "AhnLab V3 Mobile Plus 2.0", "usage": 0}
			]
		},
		"lastPickup": {"time": 0}
	},
	{
		"date": 7,
		"totalTime": {
			"usage": 173,
			"details": [
				{"appName": "카카오톡", "usage": 56},
				{"appName": "Facebook", "usage": 21},
				{"appName": "클래시 로얄", "usage": 18},
				{"appName": "Samsung Experience 홈", "usage": 17},
				{"appName": "YouTube", "usage": 11},
				{"appName": "삼성 인터넷", "usage": 9},
				{"appName": "Instagram", "usage": 5},
				{"appName": "올원뱅크", "usage": 4},
				{"appName": "Paco", "usage": 3},
				{"appName": "네이버 웹툰", "usage": 3},
				{"appName": "비디오 플레이어", "usage": 2},
				{"appName": "시외버스 모바일", "usage": 2},
				{"appName": "통화", "usage": 1},
				{"appName": "KLMS", "usage": 1},
				{"appName": "CLASSUM", "usage": 0},
				{"appName": "메시지", "usage": 0},
				{"appName": "설정", "usage": 0},
				{"appName": "리브", "usage": 0},
				{"appName": "캘린더", "usage": 0},
				{"appName": "B612", "usage": 0},
				{"appName": "빅스비 보이스", "usage": 0},
				{"appName": "Polar Beat", "usage": 0},
				{"appName": "", "usage": 0},
				{"appName": "전화", "usage": 0},
				{"appName": "KAIST Portal", "usage": 0},
				{"appName": "카메라", "usage": 0},
				{"appName": "접근성", "usage": 0},
				{"appName": "게임런처", "usage": 0},
				{"appName": "한컴오피스 viewer", "usage": 0},
				{"appName": "안드로이드 시스템", "usage": 0},
				{"appName": "패키지 설치 프로그램", "usage": 0},
				{"appName": "삼성 캡처", "usage": 0}
			]
		},
		"pickups": {"usage": 236},
		"downTime": {
			"usages": [
				{"hour": 1, "usage": 10},
				{"hour": 2, "usage": 16},
				{"hour": 3, "usage": 10},
				{"hour": 4, "usage": 7},
				{"hour": 5, "usage": 11},
				{"hour": 6, "usage": 13},
				{"hour": 7, "usage": 12},
				{"hour": 8, "usage": 2},
				{"hour": 9, "usage": 8},
				{"hour": 10, "usage": 13},
				{"hour": 11, "usage": 13},
				{"hour": 12, "usage": 15},
				{"hour": 13, "usage": 8},
				{"hour": 14, "usage": 13},
				{"hour": 16, "usage": 13},
				{"hour": 17, "usage": 3},
				{"hour": 22, "usage": 0},
				{"hour": 23, "usage": 0}
			],
			"details": [
				{"appName": "Samsung Experience 홈", "usage": [1, 2, 3, 4, 5, 6, 7, 8, 9, 10, 11, 12, 13, 14, 16, 17, 23]},
				{"appName": "카카오톡", "usage": [1, 2, 3, 4, 5, 6, 7, 8, 9, 10, 11, 12, 13, 14, 16, 17]},
				{"appName": "Facebook", "usage": [1, 2, 3, 4, 5, 6, 7, 9, 10, 11, 12, 14, 16]},
				{"appName": "Instagram", "usage": [1, 2, 3, 4, 5, 6, 9, 10, 11, 12, 13, 14]},
				{"appName": "Paco", "usage": [2, 3, 4, 5, 6, 7, 8, 9, 11, 12]},
				{"appName": "삼성 인터넷", "usage": [1, 2, 4, 5, 7, 8]},
				{"appName": "캘린더", "usage": [2, 7, 14, 22, 23]},
				{"appName": "접근성", "usage": [1, 8, 9, 10, 13]},
				{"appName": "올원뱅크", "usage": [2, 6, 11, 12, 13]},
				{"appName": "설정", "usage": [1, 8, 9, 10, 13]},
				{"appName": "KLMS", "usage": [4, 5, 9, 14, 16]},
				{"appName": "Polar Beat", "usage": [1, 2, 7, 13]},
				{"appName": "YouTube", "usage": [11, 16, 17]},
				{"appName": "통화", "usage": [6, 7]},
				{"appName": "클래시 로얄", "usage": [3, 10]},
				{"appName": "전화", "usage": [7, 13]},
				{"appName": "메시지", "usage": [6, 13]},
				{"appName": "네이버 웹툰", "usage": [5, 14]},
				{"appName": "게임런처", "usage": [3, 10]},
				{"appName": "한컴오피스 viewer", "usage": [14]},
				{"appName": "패키지 설치 프로그램", "usage": [11]},
				{"appName": "카메라", "usage": [6]},
				{"appName": "안드로이드 시스템", "usage": [11]},
				{"appName": "시외버스 모바일", "usage": [6]},
				{"appName": "삼성 캡처", "usage": [13]},
				{"appName": "빅스비 보이스", "usage": [16]},
				{"appName": "비디오 플레이어", "usage": [11]},
				{"appName": "리브", "usage": [11]},
				{"appName": "KAIST Portal", "usage": [4]},
				{"appName": "CLASSUM", "usage": [16]},
				{"appName": "B612", "usage": [6]},
				{"appName": "", "usage": [11]}
			]
		},
		"maxTime": {
			"usage": 13,
			"details": [
				{"appName": "YouTube", "usage": 11},
				{"appName": "클래시 로얄", "usage": 10},
				{"appName": "삼성 인터넷", "usage": 5},
				{"appName": "카카오톡", "usage": 2},
				{"appName": "비디오 플레이어", "usage": 2},
				{"appName": "네이버 웹툰", "usage": 1},
				{"appName": "Facebook", "usage": 1},
				{"appName": "올원뱅크", "usage": 1},
				{"appName": "Samsung Experience 홈", "usage": 0},
				{"appName": "통화", "usage": 0},
				{"appName": "시외버스 모바일", "usage": 0},
				{"appName": "CLASSUM", "usage": 0},
				{"appName": "메시지", "usage": 0},
				{"appName": "Instagram", "usage": 0},
				{"appName": "B612", "usage": 0},
				{"appName": "Paco", "usage": 0},
				{"appName": "리브", "usage": 0},
				{"appName": "빅스비 보이스", "usage": 0},
				{"appName": "", "usage": 0},
				{"appName": "설정", "usage": 0},
				{"appName": "카메라", "usage": 0},
				{"appName": "KAIST Portal", "usage": 0},
				{"appName": "캘린더", "usage": 0},
				{"appName": "KLMS", "usage": 0},
				{"appName": "전화", "usage": 0},
				{"appName": "Polar Beat", "usage": 0},
				{"appName": "한컴오피스 viewer", "usage": 0},
				{"appName": "안드로이드 시스템", "usage": 0},
				{"appName": "패키지 설치 프로그램", "usage": 0},
				{"appName": "게임런처", "usage": 0},
				{"appName": "접근성", "usage": 0},
				{"appName": "삼성 캡처", "usage": 0}
			]
		},
		"avgTime": {
			"usage": 0,
			"details": [
				{"appName": "클래시 로얄", "usage": 6},
				{"appName": "YouTube", "usage": 2},
				{"appName": "삼성 인터넷", "usage": 0},
				{"appName": "비디오 플레이어", "usage": 0},
				{"appName": "통화", "usage": 0},
				{"appName": "올원뱅크", "usage": 0},
				{"appName": "CLASSUM", "usage": 0},
				{"appName": "B612", "usage": 0},
				{"appName": "Facebook", "usage": 0},
				{"appName": "네이버 웹툰", "usage": 0},
				{"appName": "메시지", "usage": 0},
				{"appName": "빅스비 보이스", "usage": 0},
				{"appName": "카메라", "usage": 0},
				{"appName": "리브", "usage": 0},
				{"appName": "Instagram", "usage": 0},
				{"appName": "KAIST Portal", "usage": 0},
				{"appName": "Paco", "usage": 0},
				{"appName": "시외버스 모바일", "usage": 0},
				{"appName": "캘린더", "usage": 0},
				{"appName": "", "usage": 0},
				{"appName": "카카오톡", "usage": 0},
				{"appName": "KLMS", "usage": 0},
				{"appName": "Samsung Experience 홈", "usage": 0},
				{"appName": "안드로이드 시스템", "usage": 0},
				{"appName": "설정", "usage": 0},
				{"appName": "패키지 설치 프로그램", "usage": 0},
				{"appName": "Polar Beat", "usage": 0},
				{"appName": "전화", "usage": 0},
				{"appName": "한컴오피스 viewer", "usage": 0},
				{"appName": "게임런처", "usage": 0},
				{"appName": "접근성", "usage": 0},
				{"appName": "삼성 캡처", "usage": 0}
			]
		},
		"lastPickup": {"time": 0}
	}
]
