[
	{
		"date": 1,
		"totalTime": {
			"usage": 539,
			"details": [
				{"appName": "FIFA Mobile", "usage": 113},
				{"appName": "Facebook", "usage": 100},
				{"appName": "카카오톡", "usage": 43},
				{"appName": "Samsung Experience 홈", "usage": 41},
				{"appName": "삼성 인터넷", "usage": 25},
				{"appName": "YouTube", "usage": 24},
				{"appName": "Samsung Notes", "usage": 23},
				{"appName": "전화", "usage": 16},
				{"appName": "배달의민족", "usage": 14},
				{"appName": "Instagram", "usage": 9},
				{"appName": "Paco", "usage": 8},
				{"appName": "카카오톡 치즈", "usage": 6},
				{"appName": "메시지", "usage": 6},
				{"appName": "퓨처파이트", "usage": 4},
				{"appName": "Microsoft Health", "usage": 3},
				{"appName": "Polar Beat", "usage": 3},
				{"appName": "KLMS", "usage": 3},
				{"appName": "네이버TV", "usage": 2},
				{"appName": "Google Play 스토어", "usage": 2},
				{"appName": "설정", "usage": 1},
				{"appName": "팝콘티비", "usage": 1},
				{"appName": "밥대생", "usage": 1},
				{"appName": "에브리타임", "usage": 1},
				{"appName": "Dropsync", "usage": 0},
				{"appName": "LoL 프렌즈", "usage": 0},
				{"appName": "캘린더", "usage": 0},
				{"appName": "Messenger", "usage": 0},
				{"appName": "Slack", "usage": 0},
				{"appName": "알라미", "usage": 0},
				{"appName": "패키지 설치 프로그램", "usage": 0},
				{"appName": "Turbo VPN", "usage": 0},
				{"appName": "벅스", "usage": 0},
				{"appName": "Samsung Pay", "usage": 0},
				{"appName": "이메일", "usage": 0},
				{"appName": "지퍼7", "usage": 0},
				{"appName": "게임런처", "usage": 0},
				{"appName": "원터치개인", "usage": 0},
				{"appName": "연락처", "usage": 0},
				{"appName": "카메라", "usage": 0},
				{"appName": "MAXIM KOREA HD", "usage": 0},
				{"appName": "KAIST Library", "usage": 0},
				{"appName": "Google Play 게임", "usage": 0},
				{"appName": "음성 녹음", "usage": 0},
				{"appName": "ABC Logger", "usage": 0},
				{"appName": "Google Play 서비스", "usage": 0},
				{"appName": "Logger", "usage": 0},
				{"appName": "카카오스토리", "usage": 0},
				{"appName": "T전화", "usage": 0},
				{"appName": "시계", "usage": 0},
				{"appName": "카카오페이지", "usage": 0},
				{"appName": "VpnDialogs", "usage": 0}
			]
		},
		"pickups": {"usage": 253},
		"downTime": {
			"usages": [
				{"hour": 0, "usage": 7},
				{"hour": 1, "usage": 20},
				{"hour": 2, "usage": 59},
				{"hour": 3, "usage": 35},
				{"hour": 4, "usage": 30},
				{"hour": 5, "usage": 29},
				{"hour": 6, "usage": 16},
				{"hour": 7, "usage": 32},
				{"hour": 8, "usage": 29},
				{"hour": 9, "usage": 23},
				{"hour": 10, "usage": 21},
				{"hour": 11, "usage": 55},
				{"hour": 12, "usage": 31},
				{"hour": 13, "usage": 39},
				{"hour": 14, "usage": 26},
				{"hour": 15, "usage": 33},
				{"hour": 16, "usage": 25},
				{"hour": 17, "usage": 16},
				{"hour": 23, "usage": 4}
			],
			"details": [
				{"appName": "Samsung Experience 홈", "usage": [0, 1, 2, 3, 4, 5, 6, 7, 8, 9, 10, 11, 12, 13, 14, 15, 16, 17, 23]},
				{"appName": "Facebook", "usage": [0, 1, 2, 3, 4, 5, 6, 7, 8, 9, 10, 11, 12, 13, 14, 15, 16, 17, 23]},
				{"appName": "카카오톡", "usage": [0, 2, 3, 4, 5, 6, 7, 8, 9, 10, 11, 12, 13, 14, 15, 16, 17, 23]},
				{"appName": "전화", "usage": [2, 3, 5, 7, 8, 9, 11, 14, 15, 16]},
				{"appName": "메시지", "usage": [5, 7, 8, 9, 10, 11, 13, 14, 15, 16]},
				{"appName": "Paco", "usage": [0, 1, 3, 4, 5, 6, 7, 8, 9, 10]},
				{"appName": "삼성 인터넷", "usage": [5, 8, 9, 13, 14, 16, 17, 23]},
				{"appName": "YouTube", "usage": [3, 5, 9, 13, 14, 15, 16, 17]},
				{"appName": "설정", "usage": [0, 2, 4, 5, 10, 11, 12]},
				{"appName": "원터치개인", "usage": [3, 5, 7, 8, 15, 16]},
				{"appName": "네이버TV", "usage": [3, 5, 7, 8, 9, 14]},
				{"appName": "게임런처", "usage": [1, 3, 4, 12, 13, 14]},
				{"appName": "FIFA Mobile", "usage": [1, 2, 3, 12, 13, 14]},
				{"appName": "Polar Beat", "usage": [0, 6, 8, 9, 10]},
				{"appName": "Messenger", "usage": [3, 6, 8, 11, 23]},
				{"appName": "LoL 프렌즈", "usage": [8, 9, 12, 14, 16]},
				{"appName": "팝콘티비", "usage": [3, 13, 16, 17]},
				{"appName": "배달의민족", "usage": [10, 14, 15, 16]},
				{"appName": "패키지 설치 프로그램", "usage": [0, 7, 10]},
				{"appName": "캘린더", "usage": [2, 4, 8]},
				{"appName": "벅스", "usage": [5, 9, 10]},
				{"appName": "밥대생", "usage": [1, 3, 23]},
				{"appName": "Microsoft Health", "usage": [0, 1, 10]},
				{"appName": "Instagram", "usage": [5, 9, 17]},
				{"appName": "Dropsync", "usage": [0, 5, 10]},
				{"appName": "카카오톡 치즈", "usage": [7, 9]},
				{"appName": "카메라", "usage": [6, 9]},
				{"appName": "지퍼7", "usage": [0, 10]},
				{"appName": "알라미", "usage": [17, 23]},
				{"appName": "Samsung Pay", "usage": [1, 11]},
				{"appName": "Samsung Notes", "usage": [4, 15]},
				{"appName": "Google Play 서비스", "usage": [10, 14]},
				{"appName": "퓨처파이트", "usage": [14]},
				{"appName": "카카오페이지", "usage": [9]},
				{"appName": "카카오스토리", "usage": [6]},
				{"appName": "이메일", "usage": [10]},
				{"appName": "음성 녹음", "usage": [16]},
				{"appName": "연락처", "usage": [5]},
				{"appName": "에브리타임", "usage": [9]},
				{"appName": "시계", "usage": [15]},
				{"appName": "VpnDialogs", "usage": [16]},
				{"appName": "T전화", "usage": [8]},
				{"appName": "Turbo VPN", "usage": [16]},
				{"appName": "Slack", "usage": [9]},
				{"appName": "MAXIM KOREA HD", "usage": [9]},
				{"appName": "Logger", "usage": [0]},
				{"appName": "KLMS", "usage": [5]},
				{"appName": "KAIST Library", "usage": [16]},
				{"appName": "Google Play 스토어", "usage": [14]},
				{"appName": "Google Play 게임", "usage": [14]},
				{"appName": "ABC Logger", "usage": [0]}
			]
		},
		"maxTime": {
			"usage": 72,
			"details": [
				{"appName": "FIFA Mobile", "usage": 50},
				{"appName": "YouTube", "usage": 14},
				{"appName": "삼성 인터넷", "usage": 5},
				{"appName": "배달의민족", "usage": 5},
				{"appName": "Samsung Notes", "usage": 5},
				{"appName": "퓨처파이트", "usage": 4},
				{"appName": "Facebook", "usage": 4},
				{"appName": "Instagram", "usage": 3},
				{"appName": "카카오톡 치즈", "usage": 2},
				{"appName": "Samsung Experience 홈", "usage": 2},
				{"appName": "메시지", "usage": 1},
				{"appName": "Paco", "usage": 1},
				{"appName": "전화", "usage": 1},
				{"appName": "Polar Beat", "usage": 1},
				{"appName": "카카오톡", "usage": 1},
				{"appName": "네이버TV", "usage": 0},
				{"appName": "Messenger", "usage": 0},
				{"appName": "Google Play 스토어", "usage": 0},
				{"appName": "Microsoft Health", "usage": 0},
				{"appName": "KLMS", "usage": 0},
				{"appName": "설정", "usage": 0},
				{"appName": "Slack", "usage": 0},
				{"appName": "팝콘티비", "usage": 0},
				{"appName": "Turbo VPN", "usage": 0},
				{"appName": "패키지 설치 프로그램", "usage": 0},
				{"appName": "캘린더", "usage": 0},
				{"appName": "Samsung Pay", "usage": 0},
				{"appName": "LoL 프렌즈", "usage": 0},
				{"appName": "이메일", "usage": 0},
				{"appName": "밥대생", "usage": 0},
				{"appName": "에브리타임", "usage": 0},
				{"appName": "벅스", "usage": 0},
				{"appName": "Dropsync", "usage": 0},
				{"appName": "알라미", "usage": 0},
				{"appName": "연락처", "usage": 0},
				{"appName": "MAXIM KOREA HD", "usage": 0},
				{"appName": "지퍼7", "usage": 0},
				{"appName": "카메라", "usage": 0},
				{"appName": "음성 녹음", "usage": 0},
				{"appName": "ABC Logger", "usage": 0},
				{"appName": "KAIST Library", "usage": 0},
				{"appName": "원터치개인", "usage": 0},
				{"appName": "게임런처", "usage": 0},
				{"appName": "Google Play 게임", "usage": 0},
				{"appName": "Logger", "usage": 0},
				{"appName": "카카오스토리", "usage": 0},
				{"appName": "Google Play 서비스", "usage": 0},
				{"appName": "카카오페이지", "usage": 0},
				{"appName": "T전화", "usage": 0},
				{"appName": "시계", "usage": 0},
				{"appName": "VpnDialogs", "usage": 0}
			]
		},
		"avgTime": {
			"usage": 2,
			"details": [
				{"appName": "FIFA Mobile", "usage": 5},
				{"appName": "YouTube", "usage": 0},
				{"appName": "Samsung Notes", "usage": 0},
				{"appName": "퓨처파이트", "usage": 0},
				{"appName": "삼성 인터넷", "usage": 0},
				{"appName": "Instagram", "usage": 0},
				{"appName": "카카오톡 치즈", "usage": 0},
				{"appName": "메시지", "usage": 0},
				{"appName": "배달의민족", "usage": 0},
				{"appName": "전화", "usage": 0},
				{"appName": "Facebook", "usage": 0},
				{"appName": "Microsoft Health", "usage": 0},
				{"appName": "연락처", "usage": 0},
				{"appName": "Slack", "usage": 0},
				{"appName": "Turbo VPN", "usage": 0},
				{"appName": "네이버TV", "usage": 0},
				{"appName": "LoL 프렌즈", "usage": 0},
				{"appName": "캘린더", "usage": 0},
				{"appName": "Polar Beat", "usage": 0},
				{"appName": "Google Play 스토어", "usage": 0},
				{"appName": "MAXIM KOREA HD", "usage": 0},
				{"appName": "Paco", "usage": 0},
				{"appName": "이메일", "usage": 0},
				{"appName": "Samsung Pay", "usage": 0},
				{"appName": "KLMS", "usage": 0},
				{"appName": "Messenger", "usage": 0},
				{"appName": "에브리타임", "usage": 0},
				{"appName": "팝콘티비", "usage": 0},
				{"appName": "음성 녹음", "usage": 0},
				{"appName": "Samsung Experience 홈", "usage": 0},
				{"appName": "밥대생", "usage": 0},
				{"appName": "알라미", "usage": 0},
				{"appName": "Dropsync", "usage": 0},
				{"appName": "설정", "usage": 0},
				{"appName": "카메라", "usage": 0},
				{"appName": "KAIST Library", "usage": 0},
				{"appName": "카카오톡", "usage": 0},
				{"appName": "Google Play 게임", "usage": 0},
				{"appName": "패키지 설치 프로그램", "usage": 0},
				{"appName": "지퍼7", "usage": 0},
				{"appName": "ABC Logger", "usage": 0},
				{"appName": "벅스", "usage": 0},
				{"appName": "Logger", "usage": 0},
				{"appName": "원터치개인", "usage": 0},
				{"appName": "카카오페이지", "usage": 0},
				{"appName": "게임런처", "usage": 0},
				{"appName": "VpnDialogs", "usage": 0},
				{"appName": "시계", "usage": 0},
				{"appName": "카카오스토리", "usage": 0},
				{"appName": "Google Play 서비스", "usage": 0},
				{"appName": "T전화", "usage": 0}
			]
		},
		"lastPickup": {"time": 1}
	},
	{
		"date": 2,
		"totalTime": {
			"usage": 569,
			"details": [
				{"appName": "FIFA Mobile", "usage": 135},
				{"appName": "Facebook", "usage": 67},
				{"appName": "드라이브", "usage": 60},
				{"appName": "카카오톡", "usage": 52},
				{"appName": "삼성 인터넷", "usage": 50},
				{"appName": "YouTube", "usage": 45},
				{"appName": "Samsung Experience 홈", "usage": 43},
				{"appName": "MAXIM KOREA HD", "usage": 19},
				{"appName": "네이버TV", "usage": 10},
				{"appName": "메시지", "usage": 10},
				{"appName": "전화", "usage": 9},
				{"appName": "팝콘티비", "usage": 8},
				{"appName": "퓨처파이트", "usage": 5},
				{"appName": "카메라", "usage": 5},
				{"appName": "알라미", "usage": 4},
				{"appName": "Paco", "usage": 3},
				{"appName": "Samsung Pay", "usage": 3},
				{"appName": "Polar Beat", "usage": 3},
				{"appName": "SODA", "usage": 2},
				{"appName": "갤러리", "usage": 2},
				{"appName": "벅스", "usage": 2},
				{"appName": "이메일", "usage": 1},
				{"appName": "Instagram", "usage": 1},
				{"appName": "계산기", "usage": 1},
				{"appName": "KLMS", "usage": 1},
				{"appName": "Google Play 스토어", "usage": 1},
				{"appName": "네이버 사전", "usage": 1},
				{"appName": "Lysn", "usage": 0},
				{"appName": "설정", "usage": 0},
				{"appName": "LoL 프렌즈", "usage": 0},
				{"appName": "Messenger", "usage": 0},
				{"appName": "Microsoft Health", "usage": 0},
				{"appName": "Logger", "usage": 0},
				{"appName": "게임런처", "usage": 0},
				{"appName": "Slack", "usage": 0},
				{"appName": "Dropsync", "usage": 0},
				{"appName": "Turbo VPN", "usage": 0},
				{"appName": "배달의민족", "usage": 0},
				{"appName": "안드로이드 시스템", "usage": 0},
				{"appName": "원터치개인", "usage": 0},
				{"appName": "Google Play 게임", "usage": 0},
				{"appName": "접근성", "usage": 0},
				{"appName": "연락처", "usage": 0},
				{"appName": "VpnDialogs", "usage": 0},
				{"appName": "Google", "usage": 0},
				{"appName": "패키지 설치 프로그램", "usage": 0},
				{"appName": "원스토어", "usage": 0},
				{"appName": "우리카드", "usage": 0},
				{"appName": "한국장학재단", "usage": 0}
			]
		},
		"pickups": {"usage": 236},
		"downTime": {
			"usages": [
				{"hour": 0, "usage": 44},
				{"hour": 1, "usage": 37},
				{"hour": 2, "usage": 19},
				{"hour": 3, "usage": 1},
				{"hour": 4, "usage": 40},
				{"hour": 5, "usage": 53},
				{"hour": 6, "usage": 38},
				{"hour": 7, "usage": 52},
				{"hour": 8, "usage": 0},
				{"hour": 9, "usage": 3},
				{"hour": 10, "usage": 42},
				{"hour": 11, "usage": 57},
				{"hour": 12, "usage": 45},
				{"hour": 13, "usage": 15},
				{"hour": 14, "usage": 25},
				{"hour": 15, "usage": 14},
				{"hour": 16, "usage": 11},
				{"hour": 17, "usage": 19},
				{"hour": 18, "usage": 41},
				{"hour": 23, "usage": 3}
			],
			"details": [
				{"appName": "Samsung Experience 홈", "usage": [0, 1, 2, 3, 4, 5, 6, 7, 8, 9, 10, 11, 12, 13, 14, 15, 16, 17, 18, 23]},
				{"appName": "카카오톡", "usage": [0, 2, 3, 4, 5, 6, 7, 9, 10, 11, 12, 13, 14, 15, 16, 17, 18, 23]},
				{"appName": "Facebook", "usage": [2, 3, 4, 5, 6, 7, 9, 10, 11, 12, 13, 14, 15, 16, 17, 18, 23]},
				{"appName": "삼성 인터넷", "usage": [0, 2, 7, 10, 11, 12, 13, 14, 15, 16, 17, 18]},
				{"appName": "알라미", "usage": [2, 3, 7, 8, 9, 10, 11, 12, 13, 18, 23]},
				{"appName": "메시지", "usage": [5, 6, 7, 8, 9, 10, 11, 12, 13, 14, 15]},
				{"appName": "FIFA Mobile", "usage": [0, 2, 4, 5, 6, 10, 11, 12, 14, 15]},
				{"appName": "전화", "usage": [6, 9, 10, 11, 12, 13, 14, 15, 17]},
				{"appName": "설정", "usage": [2, 4, 6, 7, 8, 10, 13, 14, 17]},
				{"appName": "게임런처", "usage": [0, 2, 4, 5, 6, 10, 11, 12, 14]},
				{"appName": "Paco", "usage": [1, 4, 5, 6, 7, 10, 11, 12]},
				{"appName": "팝콘티비", "usage": [2, 7, 10, 11, 12, 17, 18]},
				{"appName": "YouTube", "usage": [2, 7, 10, 11, 12, 17, 18]},
				{"appName": "Messenger", "usage": [6, 10, 11, 14, 15, 17, 23]},
				{"appName": "Polar Beat", "usage": [4, 5, 6, 7, 10, 12]},
				{"appName": "벅스", "usage": [2, 11, 12, 17, 18]},
				{"appName": "LoL 프렌즈", "usage": [2, 10, 11, 12, 14]},
				{"appName": "Instagram", "usage": [2, 6, 10, 11, 18]},
				{"appName": "Dropsync", "usage": [4, 6, 7, 10, 12]},
				{"appName": "카메라", "usage": [0, 1, 5, 15]},
				{"appName": "이메일", "usage": [1, 2, 10]},
				{"appName": "원터치개인", "usage": [4, 10, 17]},
				{"appName": "네이버TV", "usage": [10, 11, 12]},
				{"appName": "갤러리", "usage": [5, 15, 16]},
				{"appName": "Samsung Pay", "usage": [14, 15, 16]},
				{"appName": "안드로이드 시스템", "usage": [0, 2]},
				{"appName": "드라이브", "usage": [0, 1]},
				{"appName": "SODA", "usage": [15, 16]},
				{"appName": "Microsoft Health", "usage": [4, 7]},
				{"appName": "MAXIM KOREA HD", "usage": [6, 7]},
				{"appName": "한국장학재단", "usage": [9]},
				{"appName": "퓨처파이트", "usage": [11]},
				{"appName": "패키지 설치 프로그램", "usage": [6]},
				{"appName": "접근성", "usage": [6]},
				{"appName": "원스토어", "usage": [13]},
				{"appName": "우리카드", "usage": [4]},
				{"appName": "연락처", "usage": [14]},
				{"appName": "배달의민족", "usage": [14]},
				{"appName": "네이버 사전", "usage": [0]},
				{"appName": "계산기", "usage": [0]},
				{"appName": "VpnDialogs", "usage": [18]},
				{"appName": "Turbo VPN", "usage": [18]},
				{"appName": "Slack", "usage": [11]},
				{"appName": "Lysn", "usage": [12]},
				{"appName": "Logger", "usage": [6]},
				{"appName": "KLMS", "usage": [12]},
				{"appName": "Google Play 스토어", "usage": [12]},
				{"appName": "Google Play 게임", "usage": [11]},
				{"appName": "Google", "usage": [9]}
			]
		},
		"maxTime": {
			"usage": 51,
			"details": [
				{"appName": "FIFA Mobile", "usage": 24},
				{"appName": "삼성 인터넷", "usage": 12},
				{"appName": "드라이브", "usage": 12},
				{"appName": "YouTube", "usage": 10},
				{"appName": "카카오톡", "usage": 9},
				{"appName": "네이버TV", "usage": 8},
				{"appName": "MAXIM KOREA HD", "usage": 6},
				{"appName": "퓨처파이트", "usage": 4},
				{"appName": "Facebook", "usage": 4},
				{"appName": "Samsung Pay", "usage": 3},
				{"appName": "Samsung Experience 홈", "usage": 2},
				{"appName": "전화", "usage": 1},
				{"appName": "계산기", "usage": 1},
				{"appName": "벅스", "usage": 1},
				{"appName": "팝콘티비", "usage": 1},
				{"appName": "메시지", "usage": 1},
				{"appName": "갤러리", "usage": 0},
				{"appName": "이메일", "usage": 0},
				{"appName": "Google Play 스토어", "usage": 0},
				{"appName": "Polar Beat", "usage": 0},
				{"appName": "Microsoft Health", "usage": 0},
				{"appName": "SODA", "usage": 0},
				{"appName": "Logger", "usage": 0},
				{"appName": "카메라", "usage": 0},
				{"appName": "KLMS", "usage": 0},
				{"appName": "Slack", "usage": 0},
				{"appName": "LoL 프렌즈", "usage": 0},
				{"appName": "Messenger", "usage": 0},
				{"appName": "Paco", "usage": 0},
				{"appName": "Instagram", "usage": 0},
				{"appName": "알라미", "usage": 0},
				{"appName": "Lysn", "usage": 0},
				{"appName": "네이버 사전", "usage": 0},
				{"appName": "Turbo VPN", "usage": 0},
				{"appName": "설정", "usage": 0},
				{"appName": "Dropsync", "usage": 0},
				{"appName": "게임런처", "usage": 0},
				{"appName": "배달의민족", "usage": 0},
				{"appName": "안드로이드 시스템", "usage": 0},
				{"appName": "Google Play 게임", "usage": 0},
				{"appName": "연락처", "usage": 0},
				{"appName": "접근성", "usage": 0},
				{"appName": "원터치개인", "usage": 0},
				{"appName": "VpnDialogs", "usage": 0},
				{"appName": "Google", "usage": 0},
				{"appName": "패키지 설치 프로그램", "usage": 0},
				{"appName": "원스토어", "usage": 0},
				{"appName": "우리카드", "usage": 0},
				{"appName": "한국장학재단", "usage": 0}
			]
		},
		"avgTime": {
			"usage": 2,
			"details": [
				{"appName": "FIFA Mobile", "usage": 3},
				{"appName": "퓨처파이트", "usage": 2},
				{"appName": "MAXIM KOREA HD", "usage": 1},
				{"appName": "드라이브", "usage": 1},
				{"appName": "YouTube", "usage": 1},
				{"appName": "삼성 인터넷", "usage": 1},
				{"appName": "네이버TV", "usage": 0},
				{"appName": "Samsung Pay", "usage": 0},
				{"appName": "Slack", "usage": 0},
				{"appName": "계산기", "usage": 0},
				{"appName": "이메일", "usage": 0},
				{"appName": "갤러리", "usage": 0},
				{"appName": "Google Play 스토어", "usage": 0},
				{"appName": "SODA", "usage": 0},
				{"appName": "Facebook", "usage": 0},
				{"appName": "전화", "usage": 0},
				{"appName": "Logger", "usage": 0},
				{"appName": "팝콘티비", "usage": 0},
				{"appName": "카메라", "usage": 0},
				{"appName": "Microsoft Health", "usage": 0},
				{"appName": "Instagram", "usage": 0},
				{"appName": "네이버 사전", "usage": 0},
				{"appName": "메시지", "usage": 0},
				{"appName": "LoL 프렌즈", "usage": 0},
				{"appName": "벅스", "usage": 0},
				{"appName": "KLMS", "usage": 0},
				{"appName": "Lysn", "usage": 0},
				{"appName": "Polar Beat", "usage": 0},
				{"appName": "Turbo VPN", "usage": 0},
				{"appName": "Paco", "usage": 0},
				{"appName": "Samsung Experience 홈", "usage": 0},
				{"appName": "알라미", "usage": 0},
				{"appName": "Dropsync", "usage": 0},
				{"appName": "카카오톡", "usage": 0},
				{"appName": "Messenger", "usage": 0},
				{"appName": "안드로이드 시스템", "usage": 0},
				{"appName": "Google Play 게임", "usage": 0},
				{"appName": "배달의민족", "usage": 0},
				{"appName": "연락처", "usage": 0},
				{"appName": "설정", "usage": 0},
				{"appName": "게임런처", "usage": 0},
				{"appName": "접근성", "usage": 0},
				{"appName": "VpnDialogs", "usage": 0},
				{"appName": "원터치개인", "usage": 0},
				{"appName": "Google", "usage": 0},
				{"appName": "패키지 설치 프로그램", "usage": 0},
				{"appName": "원스토어", "usage": 0},
				{"appName": "우리카드", "usage": 0},
				{"appName": "한국장학재단", "usage": 0}
			]
		},
		"lastPickup": {"time": 0}
	},
	{
		"date": 3,
		"totalTime": {
			"usage": 320,
			"details": [
				{"appName": "Facebook", "usage": 92},
				{"appName": "카카오톡", "usage": 59},
				{"appName": "Samsung Experience 홈", "usage": 37},
				{"appName": "FIFA Mobile", "usage": 35},
				{"appName": "메시지", "usage": 25},
				{"appName": "삼성 인터넷", "usage": 14},
				{"appName": "전화", "usage": 12},
				{"appName": "갤러리", "usage": 3},
				{"appName": "Paco", "usage": 3},
				{"appName": "알라미", "usage": 3},
				{"appName": "벅스", "usage": 2},
				{"appName": "삼성앱카드", "usage": 2},
				{"appName": "Google Play 스토어", "usage": 1},
				{"appName": "KLMS", "usage": 1},
				{"appName": "Messenger", "usage": 1},
				{"appName": "YouTube", "usage": 1},
				{"appName": "SODA", "usage": 1},
				{"appName": "", "usage": 1},
				{"appName": "설정", "usage": 1},
				{"appName": "이메일", "usage": 0},
				{"appName": "Dropsync", "usage": 0},
				{"appName": "배달의민족", "usage": 0},
				{"appName": "시외버스 모바일", "usage": 0},
				{"appName": "ABC Logger", "usage": 0},
				{"appName": "얼굴인식 체험판", "usage": 0},
				{"appName": "Polar Beat", "usage": 0},
				{"appName": "네이버 지도", "usage": 0},
				{"appName": "Excel", "usage": 0},
				{"appName": "원터치개인", "usage": 0},
				{"appName": "LoL 프렌즈", "usage": 0},
				{"appName": "네이버TV", "usage": 0},
				{"appName": "패키지 설치 프로그램", "usage": 0},
				{"appName": "보안 폴더", "usage": 0},
				{"appName": "게임런처", "usage": 0},
				{"appName": "Samsung Notes", "usage": 0},
				{"appName": "Google Play 서비스", "usage": 0},
				{"appName": "안드로이드 시스템", "usage": 0},
				{"appName": "고속버스 모바일", "usage": 0},
				{"appName": "Samsung Pay", "usage": 0},
				{"appName": "Samsung Pass 자동 완성", "usage": 0},
				{"appName": "연락처", "usage": 0},
				{"appName": "HackersMP3", "usage": 0},
				{"appName": "지퍼7", "usage": 0},
				{"appName": "Samsung Experience Service", "usage": 0}
			]
		},
		"pickups": {"usage": 253},
		"downTime": {
			"usages": [
				{"hour": 0, "usage": 9},
				{"hour": 1, "usage": 8},
				{"hour": 2, "usage": 4},
				{"hour": 3, "usage": 11},
				{"hour": 4, "usage": 14},
				{"hour": 5, "usage": 36},
				{"hour": 6, "usage": 21},
				{"hour": 7, "usage": 3},
				{"hour": 8, "usage": 34},
				{"hour": 9, "usage": 22},
				{"hour": 10, "usage": 17},
				{"hour": 11, "usage": 17},
				{"hour": 12, "usage": 33},
				{"hour": 13, "usage": 11},
				{"hour": 14, "usage": 29},
				{"hour": 15, "usage": 9},
				{"hour": 16, "usage": 9},
				{"hour": 17, "usage": 20},
				{"hour": 23, "usage": 1}
			],
			"details": [
				{"appName": "Samsung Experience 홈", "usage": [0, 1, 2, 3, 4, 5, 6, 7, 8, 9, 10, 11, 12, 13, 14, 15, 16, 17, 23]},
				{"appName": "Facebook", "usage": [0, 1, 2, 3, 4, 5, 6, 7, 8, 9, 10, 11, 12, 13, 14, 15, 16, 17, 23]},
				{"appName": "카카오톡", "usage": [0, 1, 2, 3, 4, 6, 7, 8, 9, 10, 11, 12, 13, 14, 16, 17, 23]},
				{"appName": "메시지", "usage": [0, 2, 3, 4, 5, 6, 8, 9, 12, 13, 14, 15, 16]},
				{"appName": "Paco", "usage": [3, 4, 5, 6, 8, 9, 10, 11, 12]},
				{"appName": "전화", "usage": [5, 7, 8, 9, 12, 14, 15]},
				{"appName": "벅스", "usage": [9, 11, 12, 13, 14, 16, 17]},
				{"appName": "설정", "usage": [0, 3, 8, 9, 10, 12]},
				{"appName": "삼성 인터넷", "usage": [0, 3, 8, 9, 14, 17]},
				{"appName": "원터치개인", "usage": [0, 3, 5, 9, 12]},
				{"appName": "게임런처", "usage": [5, 6, 8, 9, 12]},
				{"appName": "Polar Beat", "usage": [3, 7, 10, 11, 12]},
				{"appName": "Messenger", "usage": [1, 2, 3, 5, 14]},
				{"appName": "FIFA Mobile", "usage": [5, 6, 8, 9, 12]},
				{"appName": "알라미", "usage": [1, 2, 17, 23]},
				{"appName": "Dropsync", "usage": [3, 7, 8, 17]},
				{"appName": "패키지 설치 프로그램", "usage": [10, 14, 16]},
				{"appName": "이메일", "usage": [5, 6, 11]},
				{"appName": "삼성앱카드", "usage": [0, 6, 14]},
				{"appName": "안드로이드 시스템", "usage": [7, 14]},
				{"appName": "갤러리", "usage": [9, 14]},
				{"appName": "LoL 프렌즈", "usage": [6, 8]},
				{"appName": "Google Play 스토어", "usage": [14, 15]},
				{"appName": "ABC Logger", "usage": [8, 17]},
				{"appName": "지퍼7", "usage": [12]},
				{"appName": "연락처", "usage": [13]},
				{"appName": "얼굴인식 체험판", "usage": [14]},
				{"appName": "시외버스 모바일", "usage": [16]},
				{"appName": "보안 폴더", "usage": [9]},
				{"appName": "배달의민족", "usage": [14]},
				{"appName": "네이버TV", "usage": [12]},
				{"appName": "네이버 지도", "usage": [16]},
				{"appName": "고속버스 모바일", "usage": [16]},
				{"appName": "YouTube", "usage": [15]},
				{"appName": "Samsung Pay", "usage": [11]},
				{"appName": "Samsung Pass 자동 완성", "usage": [17]},
				{"appName": "Samsung Notes", "usage": [14]},
				{"appName": "Samsung Experience Service", "usage": [10]},
				{"appName": "SODA", "usage": [14]},
				{"appName": "KLMS", "usage": [4]},
				{"appName": "HackersMP3", "usage": [10]},
				{"appName": "Google Play 서비스", "usage": [7]},
				{"appName": "Excel", "usage": [4]},
				{"appName": "", "usage": [16]}
			]
		},
		"maxTime": {
			"usage": 23,
			"details": [
				{"appName": "FIFA Mobile", "usage": 20},
				{"appName": "Facebook", "usage": 5},
				{"appName": "삼성 인터넷", "usage": 3},
				{"appName": "메시지", "usage": 3},
				{"appName": "카카오톡", "usage": 2},
				{"appName": "Samsung Experience 홈", "usage": 2},
				{"appName": "전화", "usage": 1},
				{"appName": "KLMS", "usage": 1},
				{"appName": "갤러리", "usage": 0},
				{"appName": "Messenger", "usage": 0},
				{"appName": "Google Play 스토어", "usage": 0},
				{"appName": "YouTube", "usage": 0},
				{"appName": "", "usage": 0},
				{"appName": "Dropsync", "usage": 0},
				{"appName": "네이버 지도", "usage": 0},
				{"appName": "SODA", "usage": 0},
				{"appName": "Excel", "usage": 0},
				{"appName": "이메일", "usage": 0},
				{"appName": "벅스", "usage": 0},
				{"appName": "배달의민족", "usage": 0},
				{"appName": "삼성앱카드", "usage": 0},
				{"appName": "Paco", "usage": 0},
				{"appName": "알라미", "usage": 0},
				{"appName": "네이버TV", "usage": 0},
				{"appName": "원터치개인", "usage": 0},
				{"appName": "설정", "usage": 0},
				{"appName": "ABC Logger", "usage": 0},
				{"appName": "시외버스 모바일", "usage": 0},
				{"appName": "LoL 프렌즈", "usage": 0},
				{"appName": "보안 폴더", "usage": 0},
				{"appName": "Polar Beat", "usage": 0},
				{"appName": "Google Play 서비스", "usage": 0},
				{"appName": "패키지 설치 프로그램", "usage": 0},
				{"appName": "Samsung Notes", "usage": 0},
				{"appName": "얼굴인식 체험판", "usage": 0},
				{"appName": "고속버스 모바일", "usage": 0},
				{"appName": "안드로이드 시스템", "usage": 0},
				{"appName": "Samsung Pay", "usage": 0},
				{"appName": "게임런처", "usage": 0},
				{"appName": "Samsung Pass 자동 완성", "usage": 0},
				{"appName": "연락처", "usage": 0},
				{"appName": "HackersMP3", "usage": 0},
				{"appName": "지퍼7", "usage": 0},
				{"appName": "Samsung Experience Service", "usage": 0}
			]
		},
		"avgTime": {
			"usage": 1,
			"details": [
				{"appName": "FIFA Mobile", "usage": 2},
				{"appName": "삼성 인터넷", "usage": 0},
				{"appName": "YouTube", "usage": 0},
				{"appName": "SODA", "usage": 0},
				{"appName": "Messenger", "usage": 0},
				{"appName": "이메일", "usage": 0},
				{"appName": "네이버 지도", "usage": 0},
				{"appName": "갤러리", "usage": 0},
				{"appName": "Excel", "usage": 0},
				{"appName": "메시지", "usage": 0},
				{"appName": "KLMS", "usage": 0},
				{"appName": "Facebook", "usage": 0},
				{"appName": "전화", "usage": 0},
				{"appName": "삼성앱카드", "usage": 0},
				{"appName": "네이버TV", "usage": 0},
				{"appName": "Dropsync", "usage": 0},
				{"appName": "Google Play 서비스", "usage": 0},
				{"appName": "LoL 프렌즈", "usage": 0},
				{"appName": "ABC Logger", "usage": 0},
				{"appName": "배달의민족", "usage": 0},
				{"appName": "Google Play 스토어", "usage": 0},
				{"appName": "보안 폴더", "usage": 0},
				{"appName": "", "usage": 0},
				{"appName": "Paco", "usage": 0},
				{"appName": "알라미", "usage": 0},
				{"appName": "Samsung Experience 홈", "usage": 0},
				{"appName": "카카오톡", "usage": 0},
				{"appName": "시외버스 모바일", "usage": 0},
				{"appName": "원터치개인", "usage": 0},
				{"appName": "고속버스 모바일", "usage": 0},
				{"appName": "벅스", "usage": 0},
				{"appName": "Samsung Notes", "usage": 0},
				{"appName": "설정", "usage": 0},
				{"appName": "패키지 설치 프로그램", "usage": 0},
				{"appName": "Polar Beat", "usage": 0},
				{"appName": "안드로이드 시스템", "usage": 0},
				{"appName": "Samsung Pass 자동 완성", "usage": 0},
				{"appName": "얼굴인식 체험판", "usage": 0},
				{"appName": "연락처", "usage": 0},
				{"appName": "Samsung Pay", "usage": 0},
				{"appName": "게임런처", "usage": 0},
				{"appName": "HackersMP3", "usage": 0},
				{"appName": "지퍼7", "usage": 0},
				{"appName": "Samsung Experience Service", "usage": 0}
			]
		},
		"lastPickup": {"time": 0}
	},
	{
		"date": 4,
		"totalTime": {
			"usage": 437,
			"details": [
				{"appName": "퓨처파이트", "usage": 84},
				{"appName": "카카오톡", "usage": 66},
				{"appName": "Facebook", "usage": 53},
				{"appName": "삼성 인터넷", "usage": 45},
				{"appName": "YouTube", "usage": 27},
				{"appName": "Samsung Experience 홈", "usage": 25},
				{"appName": "전화", "usage": 19},
				{"appName": "FIFA Mobile", "usage": 15},
				{"appName": "알라미", "usage": 14},
				{"appName": "메시지", "usage": 6},
				{"appName": "시외버스 모바일", "usage": 5},
				{"appName": "Draw It", "usage": 4},
				{"appName": "Paco", "usage": 3},
				{"appName": "KAIST Library", "usage": 3},
				{"appName": "팝콘티비", "usage": 3},
				{"appName": "네이버 지도", "usage": 2},
				{"appName": "SR 고속열차", "usage": 2},
				{"appName": "벅스", "usage": 1},
				{"appName": "네이버TV", "usage": 1},
				{"appName": "KLMS", "usage": 1},
				{"appName": "Instagram", "usage": 1},
				{"appName": "Messenger", "usage": 0},
				{"appName": "설정", "usage": 0},
				{"appName": "카메라", "usage": 0},
				{"appName": "LoL 프렌즈", "usage": 0},
				{"appName": "PowerPoint", "usage": 0},
				{"appName": "Polar Beat", "usage": 0},
				{"appName": "Microsoft Health", "usage": 0},
				{"appName": "게임런처", "usage": 0},
				{"appName": "밥대생", "usage": 0},
				{"appName": "Turbo VPN", "usage": 0},
				{"appName": "KAIST GenChem", "usage": 0},
				{"appName": "이메일", "usage": 0},
				{"appName": "예스24 도서", "usage": 0},
				{"appName": "원터치개인", "usage": 0},
				{"appName": "ABC Logger", "usage": 0},
				{"appName": "안드로이드 시스템", "usage": 0},
				{"appName": "Dropsync", "usage": 0},
				{"appName": "HackersMP3", "usage": 0},
				{"appName": "패키지 설치 프로그램", "usage": 0},
				{"appName": "VpnDialogs", "usage": 0},
				{"appName": "Google Play 서비스", "usage": 0},
				{"appName": "캘린더", "usage": 0},
				{"appName": "Samsung Music", "usage": 0},
				{"appName": "한국장학재단", "usage": 0},
				{"appName": "원스토어", "usage": 0},
				{"appName": "The Day Before", "usage": 0},
				{"appName": "우리카드", "usage": 0}
			]
		},
		"pickups": {"usage": 149},
		"downTime": {
			"usages": [
				{"hour": 0, "usage": 10},
				{"hour": 1, "usage": 51},
				{"hour": 2, "usage": 59},
				{"hour": 3, "usage": 12},
				{"hour": 5, "usage": 1},
				{"hour": 6, "usage": 14},
				{"hour": 7, "usage": 0},
				{"hour": 8, "usage": 38},
				{"hour": 9, "usage": 37},
				{"hour": 10, "usage": 14},
				{"hour": 11, "usage": 41},
				{"hour": 12, "usage": 34},
				{"hour": 13, "usage": 16},
				{"hour": 14, "usage": 13},
				{"hour": 15, "usage": 17},
				{"hour": 16, "usage": 17},
				{"hour": 17, "usage": 36},
				{"hour": 18, "usage": 19}
			],
			"details": [
				{"appName": "Samsung Experience 홈", "usage": [0, 1, 2, 3, 5, 6, 8, 9, 10, 11, 12, 13, 15, 16, 17, 18]},
				{"appName": "카카오톡", "usage": [1, 2, 3, 5, 6, 8, 9, 10, 11, 12, 13, 14, 15, 16, 17]},
				{"appName": "Facebook", "usage": [0, 1, 2, 3, 5, 6, 8, 9, 10, 11, 12, 13, 16, 17]},
				{"appName": "메시지", "usage": [1, 5, 6, 8, 9, 12, 13, 15, 17, 18]},
				{"appName": "Paco", "usage": [1, 2, 3, 5, 6, 8, 9, 10, 11, 12]},
				{"appName": "삼성 인터넷", "usage": [0, 1, 2, 8, 9, 12, 13, 16, 18]},
				{"appName": "전화", "usage": [0, 1, 8, 9, 12, 13, 15, 16]},
				{"appName": "게임런처", "usage": [0, 2, 3, 9, 11, 12, 13, 15]},
				{"appName": "YouTube", "usage": [2, 8, 9, 11, 12, 17, 18]},
				{"appName": "퓨처파이트", "usage": [3, 11, 12, 13, 14, 15]},
				{"appName": "설정", "usage": [1, 3, 9, 12, 17, 18]},
				{"appName": "벅스", "usage": [0, 8, 9, 16, 17, 18]},
				{"appName": "네이버TV", "usage": [2, 3, 9, 11, 12, 17]},
				{"appName": "원터치개인", "usage": [7, 8, 9, 10, 17]},
				{"appName": "알라미", "usage": [0, 3, 6, 8, 17]},
				{"appName": "FIFA Mobile", "usage": [0, 2, 9, 10, 15]},
				{"appName": "팝콘티비", "usage": [1, 11, 13, 16]},
				{"appName": "Polar Beat", "usage": [1, 11, 12]},
				{"appName": "LoL 프렌즈", "usage": [8, 9, 17]},
				{"appName": "패키지 설치 프로그램", "usage": [11, 17]},
				{"appName": "카메라", "usage": [13, 16]},
				{"appName": "시외버스 모바일", "usage": [1, 17]},
				{"appName": "Turbo VPN", "usage": [1, 2]},
				{"appName": "Messenger", "usage": [3, 9]},
				{"appName": "KLMS", "usage": [0, 18]},
				{"appName": "Instagram", "usage": [2, 10]},
				{"appName": "한국장학재단", "usage": [13]},
				{"appName": "캘린더", "usage": [8]},
				{"appName": "이메일", "usage": [1]},
				{"appName": "원스토어", "usage": [15]},
				{"appName": "우리카드", "usage": [15]},
				{"appName": "예스24 도서", "usage": [1]},
				{"appName": "안드로이드 시스템", "usage": [11]},
				{"appName": "밥대생", "usage": [0]},
				{"appName": "네이버 지도", "usage": [17]},
				{"appName": "VpnDialogs", "usage": [2]},
				{"appName": "The Day Before", "usage": [1]},
				{"appName": "Samsung Music", "usage": [10]},
				{"appName": "SR 고속열차", "usage": [17]},
				{"appName": "PowerPoint", "usage": [0]},
				{"appName": "Microsoft Health", "usage": [1]},
				{"appName": "KAIST Library", "usage": [1]},
				{"appName": "KAIST GenChem", "usage": [18]},
				{"appName": "HackersMP3", "usage": [10]},
				{"appName": "Google Play 서비스", "usage": [16]},
				{"appName": "Dropsync", "usage": [1]},
				{"appName": "Draw It", "usage": [11]},
				{"appName": "ABC Logger", "usage": [1]}
			]
		},
		"maxTime": {
			"usage": 43,
			"details": [
				{"appName": "YouTube", "usage": 16},
				{"appName": "삼성 인터넷", "usage": 15},
				{"appName": "전화", "usage": 13},
				{"appName": "알라미", "usage": 12},
				{"appName": "퓨처파이트", "usage": 8},
				{"appName": "FIFA Mobile", "usage": 5},
				{"appName": "카카오톡", "usage": 3},
				{"appName": "KAIST Library", "usage": 3},
				{"appName": "Draw It", "usage": 2},
				{"appName": "네이버 지도", "usage": 2},
				{"appName": "Facebook", "usage": 2},
				{"appName": "SR 고속열차", "usage": 1},
				{"appName": "메시지", "usage": 1},
				{"appName": "Samsung Experience 홈", "usage": 0},
				{"appName": "PowerPoint", "usage": 0},
				{"appName": "팝콘티비", "usage": 0},
				{"appName": "Messenger", "usage": 0},
				{"appName": "Instagram", "usage": 0},
				{"appName": "Microsoft Health", "usage": 0},
				{"appName": "벅스", "usage": 0},
				{"appName": "시외버스 모바일", "usage": 0},
				{"appName": "LoL 프렌즈", "usage": 0},
				{"appName": "카메라", "usage": 0},
				{"appName": "KAIST GenChem", "usage": 0},
				{"appName": "네이버TV", "usage": 0},
				{"appName": "예스24 도서", "usage": 0},
				{"appName": "Paco", "usage": 0},
				{"appName": "밥대생", "usage": 0},
				{"appName": "Polar Beat", "usage": 0},
				{"appName": "이메일", "usage": 0},
				{"appName": "설정", "usage": 0},
				{"appName": "Turbo VPN", "usage": 0},
				{"appName": "KLMS", "usage": 0},
				{"appName": "ABC Logger", "usage": 0},
				{"appName": "게임런처", "usage": 0},
				{"appName": "원터치개인", "usage": 0},
				{"appName": "Dropsync", "usage": 0},
				{"appName": "패키지 설치 프로그램", "usage": 0},
				{"appName": "안드로이드 시스템", "usage": 0},
				{"appName": "HackersMP3", "usage": 0},
				{"appName": "Google Play 서비스", "usage": 0},
				{"appName": "VpnDialogs", "usage": 0},
				{"appName": "캘린더", "usage": 0},
				{"appName": "Samsung Music", "usage": 0},
				{"appName": "한국장학재단", "usage": 0},
				{"appName": "원스토어", "usage": 0},
				{"appName": "The Day Before", "usage": 0},
				{"appName": "우리카드", "usage": 0}
			]
		},
		"avgTime": {
			"usage": 2,
			"details": [
				{"appName": "퓨처파이트", "usage": 1},
				{"appName": "삼성 인터넷", "usage": 1},
				{"appName": "FIFA Mobile", "usage": 1},
				{"appName": "YouTube", "usage": 1},
				{"appName": "PowerPoint", "usage": 0},
				{"appName": "네이버 지도", "usage": 0},
				{"appName": "전화", "usage": 0},
				{"appName": "KAIST Library", "usage": 0},
				{"appName": "Instagram", "usage": 0},
				{"appName": "카메라", "usage": 0},
				{"appName": "알라미", "usage": 0},
				{"appName": "KAIST GenChem", "usage": 0},
				{"appName": "Draw It", "usage": 0},
				{"appName": "Messenger", "usage": 0},
				{"appName": "Microsoft Health", "usage": 0},
				{"appName": "SR 고속열차", "usage": 0},
				{"appName": "LoL 프렌즈", "usage": 0},
				{"appName": "Facebook", "usage": 0},
				{"appName": "이메일", "usage": 0},
				{"appName": "예스24 도서", "usage": 0},
				{"appName": "메시지", "usage": 0},
				{"appName": "팝콘티비", "usage": 0},
				{"appName": "네이버TV", "usage": 0},
				{"appName": "카카오톡", "usage": 0},
				{"appName": "Paco", "usage": 0},
				{"appName": "시외버스 모바일", "usage": 0},
				{"appName": "Samsung Experience 홈", "usage": 0},
				{"appName": "Dropsync", "usage": 0},
				{"appName": "ABC Logger", "usage": 0},
				{"appName": "밥대생", "usage": 0},
				{"appName": "KLMS", "usage": 0},
				{"appName": "Turbo VPN", "usage": 0},
				{"appName": "Polar Beat", "usage": 0},
				{"appName": "벅스", "usage": 0},
				{"appName": "설정", "usage": 0},
				{"appName": "원터치개인", "usage": 0},
				{"appName": "게임런처", "usage": 0},
				{"appName": "Google Play 서비스", "usage": 0},
				{"appName": "HackersMP3", "usage": 0},
				{"appName": "패키지 설치 프로그램", "usage": 0},
				{"appName": "VpnDialogs", "usage": 0},
				{"appName": "안드로이드 시스템", "usage": 0},
				{"appName": "캘린더", "usage": 0},
				{"appName": "Samsung Music", "usage": 0},
				{"appName": "한국장학재단", "usage": 0},
				{"appName": "원스토어", "usage": 0},
				{"appName": "The Day Before", "usage": 0},
				{"appName": "우리카드", "usage": 0}
			]
		},
		"lastPickup": {"time": 0}
	},
	{
		"date": 5,
		"totalTime": {
			"usage": 461,
			"details": [
				{"appName": "카카오톡", "usage": 100},
				{"appName": "Facebook", "usage": 75},
				{"appName": "퓨처파이트", "usage": 74},
				{"appName": "Samsung Experience 홈", "usage": 28},
				{"appName": "네이버TV", "usage": 22},
				{"appName": "팝콘티비", "usage": 17},
				{"appName": "시외버스 모바일", "usage": 17},
				{"appName": "삼성 인터넷", "usage": 17},
				{"appName": "FIFA Mobile", "usage": 15},
				{"appName": "네이버 지도", "usage": 14},
				{"appName": "YouTube", "usage": 10},
				{"appName": "갤러리", "usage": 10},
				{"appName": "벅스", "usage": 8},
				{"appName": "전화", "usage": 8},
				{"appName": "메시지", "usage": 5},
				{"appName": "삼성앱카드", "usage": 2},
				{"appName": "Paco", "usage": 2},
				{"appName": "비디오 플레이어", "usage": 2},
				{"appName": "Instagram", "usage": 2},
				{"appName": "카메라", "usage": 2},
				{"appName": "알라미", "usage": 2},
				{"appName": "설정", "usage": 1},
				{"appName": "Polar Beat", "usage": 1},
				{"appName": "Photo Wonder", "usage": 1},
				{"appName": "SODA", "usage": 1},
				{"appName": "KLMS", "usage": 0},
				{"appName": "Google Play 스토어", "usage": 0},
				{"appName": "Samsung Pay", "usage": 0},
				{"appName": "LoL 프렌즈", "usage": 0},
				{"appName": "이메일", "usage": 0},
				{"appName": "게임런처", "usage": 0},
				{"appName": "AZ Screen Recorder", "usage": 0},
				{"appName": "원터치개인", "usage": 0},
				{"appName": "음성 녹음", "usage": 0},
				{"appName": "안드로이드 시스템", "usage": 0},
				{"appName": "Dropsync", "usage": 0},
				{"appName": "HackersMP3", "usage": 0},
				{"appName": "PAYCO", "usage": 0},
				{"appName": "시스템 UI", "usage": 0},
				{"appName": "Google", "usage": 0},
				{"appName": "패키지 설치 프로그램", "usage": 0},
				{"appName": "Messenger", "usage": 0},
				{"appName": "야놀자", "usage": 0},
				{"appName": "삼성 캡처", "usage": 0}
			]
		},
		"pickups": {"usage": 208},
		"downTime": {
			"usages": [
				{"hour": 0, "usage": 11},
				{"hour": 1, "usage": 4},
				{"hour": 2, "usage": 13},
				{"hour": 3, "usage": 28},
				{"hour": 4, "usage": 26},
				{"hour": 5, "usage": 10},
				{"hour": 6, "usage": 7},
				{"hour": 7, "usage": 3},
				{"hour": 8, "usage": 18},
				{"hour": 9, "usage": 18},
				{"hour": 10, "usage": 4},
				{"hour": 11, "usage": 26},
				{"hour": 12, "usage": 26},
				{"hour": 13, "usage": 47},
				{"hour": 14, "usage": 48},
				{"hour": 15, "usage": 55},
				{"hour": 16, "usage": 60},
				{"hour": 17, "usage": 47},
				{"hour": 18, "usage": 0},
				{"hour": 22, "usage": 0}
			],
			"details": [
				{"appName": "Samsung Experience 홈", "usage": [0, 1, 2, 3, 4, 5, 6, 7, 8, 9, 10, 11, 12, 13, 14, 15, 16, 17, 18]},
				{"appName": "Facebook", "usage": [1, 2, 3, 4, 5, 6, 7, 8, 9, 10, 11, 12, 13, 14, 15, 16, 17, 18]},
				{"appName": "카카오톡", "usage": [0, 1, 2, 3, 4, 5, 7, 8, 9, 10, 12, 13, 14, 15, 16, 17]},
				{"appName": "Paco", "usage": [3, 4, 5, 7, 8, 9, 10, 11, 12]},
				{"appName": "전화", "usage": [2, 3, 4, 5, 6, 8, 11, 13]},
				{"appName": "삼성 인터넷", "usage": [2, 3, 8, 9, 11, 12, 13, 14]},
				{"appName": "벅스", "usage": [0, 2, 4, 5, 13, 16, 17, 18]},
				{"appName": "설정", "usage": [3, 4, 5, 6, 14, 15]},
				{"appName": "메시지", "usage": [1, 2, 3, 4, 7, 16]},
				{"appName": "카메라", "usage": [2, 6, 9, 11, 12]},
				{"appName": "시외버스 모바일", "usage": [0, 1, 2, 3, 4]},
				{"appName": "네이버 지도", "usage": [3, 4, 5, 11, 14]},
				{"appName": "게임런처", "usage": [3, 11, 12, 13, 16]},
				{"appName": "알라미", "usage": [0, 1, 2, 17]},
				{"appName": "갤러리", "usage": [11, 12, 16, 18]},
				{"appName": "퓨처파이트", "usage": [13, 16, 17]},
				{"appName": "팝콘티비", "usage": [13, 15, 16]},
				{"appName": "원터치개인", "usage": [3, 8, 11]},
				{"appName": "삼성앱카드", "usage": [3, 5, 13]},
				{"appName": "네이버TV", "usage": [14, 15, 16]},
				{"appName": "Polar Beat", "usage": [3, 4, 5]},
				{"appName": "Instagram", "usage": [8, 14, 15]},
				{"appName": "FIFA Mobile", "usage": [3, 11, 12]},
				{"appName": "이메일", "usage": [2, 4]},
				{"appName": "음성 녹음", "usage": [11, 12]},
				{"appName": "안드로이드 시스템", "usage": [5, 16]},
				{"appName": "YouTube", "usage": [14, 16]},
				{"appName": "Samsung Pay", "usage": [3, 4]},
				{"appName": "Messenger", "usage": [14, 16]},
				{"appName": "LoL 프렌즈", "usage": [14, 17]},
				{"appName": "KLMS", "usage": [13, 14]},
				{"appName": "Google Play 스토어", "usage": [15, 16]},
				{"appName": "패키지 설치 프로그램", "usage": [17]},
				{"appName": "야놀자", "usage": [13]},
				{"appName": "시스템 UI", "usage": [15]},
				{"appName": "삼성 캡처", "usage": [18]},
				{"appName": "비디오 플레이어", "usage": [12]},
				{"appName": "SODA", "usage": [9]},
				{"appName": "Photo Wonder", "usage": [12]},
				{"appName": "PAYCO", "usage": [12]},
				{"appName": "HackersMP3", "usage": [13]},
				{"appName": "Google", "usage": [12]},
				{"appName": "Dropsync", "usage": [5]},
				{"appName": "AZ Screen Recorder", "usage": [15]}
			]
		},
		"maxTime": {
			"usage": 127,
			"details": [
				{"appName": "퓨처파이트", "usage": 32},
				{"appName": "네이버TV", "usage": 14},
				{"appName": "벅스", "usage": 7},
				{"appName": "시외버스 모바일", "usage": 5},
				{"appName": "네이버 지도", "usage": 5},
				{"appName": "YouTube", "usage": 5},
				{"appName": "팝콘티비", "usage": 3},
				{"appName": "FIFA Mobile", "usage": 3},
				{"appName": "카카오톡", "usage": 2},
				{"appName": "갤러리", "usage": 2},
				{"appName": "비디오 플레이어", "usage": 2},
				{"appName": "Facebook", "usage": 2},
				{"appName": "삼성 인터넷", "usage": 1},
				{"appName": "메시지", "usage": 1},
				{"appName": "전화", "usage": 1},
				{"appName": "카메라", "usage": 1},
				{"appName": "Samsung Experience 홈", "usage": 1},
				{"appName": "Instagram", "usage": 1},
				{"appName": "Polar Beat", "usage": 0},
				{"appName": "설정", "usage": 0},
				{"appName": "Photo Wonder", "usage": 0},
				{"appName": "삼성앱카드", "usage": 0},
				{"appName": "SODA", "usage": 0},
				{"appName": "Paco", "usage": 0},
				{"appName": "Samsung Pay", "usage": 0},
				{"appName": "KLMS", "usage": 0},
				{"appName": "Google Play 스토어", "usage": 0},
				{"appName": "알라미", "usage": 0},
				{"appName": "이메일", "usage": 0},
				{"appName": "LoL 프렌즈", "usage": 0},
				{"appName": "원터치개인", "usage": 0},
				{"appName": "AZ Screen Recorder", "usage": 0},
				{"appName": "음성 녹음", "usage": 0},
				{"appName": "게임런처", "usage": 0},
				{"appName": "안드로이드 시스템", "usage": 0},
				{"appName": "시스템 UI", "usage": 0},
				{"appName": "Google", "usage": 0},
				{"appName": "HackersMP3", "usage": 0},
				{"appName": "Dropsync", "usage": 0},
				{"appName": "PAYCO", "usage": 0},
				{"appName": "패키지 설치 프로그램", "usage": 0},
				{"appName": "야놀자", "usage": 0},
				{"appName": "Messenger", "usage": 0},
				{"appName": "삼성 캡처", "usage": 0}
			]
		},
		"avgTime": {
			"usage": 2,
			"details": [
				{"appName": "퓨처파이트", "usage": 18},
				{"appName": "네이버TV", "usage": 2},
				{"appName": "비디오 플레이어", "usage": 2},
				{"appName": "FIFA Mobile", "usage": 0},
				{"appName": "갤러리", "usage": 0},
				{"appName": "YouTube", "usage": 0},
				{"appName": "네이버 지도", "usage": 0},
				{"appName": "삼성 인터넷", "usage": 0},
				{"appName": "팝콘티비", "usage": 0},
				{"appName": "Instagram", "usage": 0},
				{"appName": "벅스", "usage": 0},
				{"appName": "전화", "usage": 0},
				{"appName": "SODA", "usage": 0},
				{"appName": "카메라", "usage": 0},
				{"appName": "Samsung Pay", "usage": 0},
				{"appName": "Photo Wonder", "usage": 0},
				{"appName": "Facebook", "usage": 0},
				{"appName": "메시지", "usage": 0},
				{"appName": "시외버스 모바일", "usage": 0},
				{"appName": "삼성앱카드", "usage": 0},
				{"appName": "이메일", "usage": 0},
				{"appName": "LoL 프렌즈", "usage": 0},
				{"appName": "Polar Beat", "usage": 0},
				{"appName": "KLMS", "usage": 0},
				{"appName": "Paco", "usage": 0},
				{"appName": "Google Play 스토어", "usage": 0},
				{"appName": "카카오톡", "usage": 0},
				{"appName": "알라미", "usage": 0},
				{"appName": "Samsung Experience 홈", "usage": 0},
				{"appName": "설정", "usage": 0},
				{"appName": "음성 녹음", "usage": 0},
				{"appName": "AZ Screen Recorder", "usage": 0},
				{"appName": "시스템 UI", "usage": 0},
				{"appName": "Google", "usage": 0},
				{"appName": "안드로이드 시스템", "usage": 0},
				{"appName": "원터치개인", "usage": 0},
				{"appName": "Dropsync", "usage": 0},
				{"appName": "HackersMP3", "usage": 0},
				{"appName": "패키지 설치 프로그램", "usage": 0},
				{"appName": "게임런처", "usage": 0},
				{"appName": "PAYCO", "usage": 0},
				{"appName": "야놀자", "usage": 0},
				{"appName": "Messenger", "usage": 0},
				{"appName": "삼성 캡처", "usage": 0}
			]
		},
		"lastPickup": {"time": 0}
	},
	{
		"date": 6,
		"totalTime": {
			"usage": 451,
			"details": [
				{"appName": "퓨처파이트", "usage": 84},
				{"appName": "Facebook", "usage": 64},
				{"appName": "카카오톡", "usage": 59},
				{"appName": "팝콘티비", "usage": 52},
				{"appName": "삼성 인터넷", "usage": 47},
				{"appName": "Samsung Experience 홈", "usage": 31},
				{"appName": "네이버 지도", "usage": 26},
				{"appName": "YouTube", "usage": 25},
				{"appName": "FIFA Mobile", "usage": 10},
				{"appName": "벅스", "usage": 5},
				{"appName": "시외버스 모바일", "usage": 5},
				{"appName": "갤러리", "usage": 3},
				{"appName": "카메라", "usage": 3},
				{"appName": "전화", "usage": 2},
				{"appName": "카카오맵", "usage": 2},
				{"appName": "원터치개인", "usage": 1},
				{"appName": "알라미", "usage": 1},
				{"appName": "설정", "usage": 1},
				{"appName": "Messenger", "usage": 1},
				{"appName": "삼성앱카드", "usage": 1},
				{"appName": "메시지", "usage": 1},
				{"appName": "SODA", "usage": 1},
				{"appName": "Instagram", "usage": 1},
				{"appName": "Paco", "usage": 0},
				{"appName": "캘린더", "usage": 0},
				{"appName": "KAIST Portal", "usage": 0},
				{"appName": "게임런처", "usage": 0},
				{"appName": "Excel", "usage": 0},
				{"appName": "Turbo VPN", "usage": 0},
				{"appName": "Lysn", "usage": 0},
				{"appName": "빅스비 보이스", "usage": 0},
				{"appName": "LoL 프렌즈", "usage": 0},
				{"appName": "네이버TV", "usage": 0},
				{"appName": "고속버스 모바일", "usage": 0},
				{"appName": "해커스인강 챔프스터디", "usage": 0},
				{"appName": "KLMS", "usage": 0},
				{"appName": "이메일", "usage": 0},
				{"appName": "음성 녹음", "usage": 0},
				{"appName": "Google Play 서비스", "usage": 0},
				{"appName": "Call of Thunder War", "usage": 0},
				{"appName": "삼성 키보드", "usage": 0},
				{"appName": "VpnDialogs", "usage": 0}
			]
		},
		"pickups": {"usage": 221},
		"downTime": {
			"usages": [
				{"hour": 0, "usage": 0},
				{"hour": 2, "usage": 16},
				{"hour": 3, "usage": 26},
				{"hour": 4, "usage": 51},
				{"hour": 5, "usage": 18},
				{"hour": 6, "usage": 5},
				{"hour": 7, "usage": 30},
				{"hour": 8, "usage": 18},
				{"hour": 9, "usage": 21},
				{"hour": 10, "usage": 18},
				{"hour": 11, "usage": 6},
				{"hour": 12, "usage": 2},
				{"hour": 13, "usage": 24},
				{"hour": 14, "usage": 16},
				{"hour": 15, "usage": 33},
				{"hour": 16, "usage": 59},
				{"hour": 17, "usage": 55},
				{"hour": 18, "usage": 43}
			],
			"details": [
				{"appName": "Samsung Experience 홈", "usage": [0, 2, 3, 4, 5, 6, 7, 8, 9, 10, 11, 12, 13, 14, 15, 16, 17, 18]},
				{"appName": "Facebook", "usage": [0, 2, 3, 4, 5, 6, 7, 8, 9, 10, 11, 12, 13, 14, 15, 16, 17, 18]},
				{"appName": "카카오톡", "usage": [0, 2, 3, 4, 5, 6, 7, 8, 9, 10, 11, 12, 13, 14, 15, 16]},
				{"appName": "삼성 인터넷", "usage": [3, 4, 7, 8, 9, 10, 13, 14, 15, 18]},
				{"appName": "네이버 지도", "usage": [2, 3, 4, 5, 7, 8, 10, 11, 14, 15]},
				{"appName": "게임런처", "usage": [3, 4, 5, 8, 9, 13, 16, 17, 18]},
				{"appName": "퓨처파이트", "usage": [3, 4, 5, 13, 16, 17, 18]},
				{"appName": "설정", "usage": [2, 7, 8, 9, 11, 15, 17]},
				{"appName": "Paco", "usage": [4, 5, 6, 7, 8, 10]},
				{"appName": "팝콘티비", "usage": [14, 15, 16, 17, 18]},
				{"appName": "카메라", "usage": [2, 4, 6, 7, 8]},
				{"appName": "벅스", "usage": [2, 3, 4, 5, 8]},
				{"appName": "메시지", "usage": [4, 10, 11, 12, 15]},
				{"appName": "원터치개인", "usage": [5, 9, 13, 15]},
				{"appName": "빅스비 보이스", "usage": [4, 10, 14, 15]},
				{"appName": "갤러리", "usage": [4, 8, 9, 16]},
				{"appName": "YouTube", "usage": [2, 15, 16, 18]},
				{"appName": "전화", "usage": [4, 8, 13]},
				{"appName": "LoL 프렌즈", "usage": [4, 7, 13]},
				{"appName": "FIFA Mobile", "usage": [5, 8, 9]},
				{"appName": "카카오맵", "usage": [4, 5]},
				{"appName": "알라미", "usage": [2, 18]},
				{"appName": "SODA", "usage": [7, 9]},
				{"appName": "Messenger", "usage": [9, 16]},
				{"appName": "해커스인강 챔프스터디", "usage": [2]},
				{"appName": "캘린더", "usage": [6]},
				{"appName": "이메일", "usage": [16]},
				{"appName": "음성 녹음", "usage": [11]},
				{"appName": "시외버스 모바일", "usage": [15]},
				{"appName": "삼성앱카드", "usage": [3]},
				{"appName": "삼성 키보드", "usage": [9]},
				{"appName": "네이버TV", "usage": [15]},
				{"appName": "고속버스 모바일", "usage": [15]},
				{"appName": "VpnDialogs", "usage": [15]},
				{"appName": "Turbo VPN", "usage": [15]},
				{"appName": "Lysn", "usage": [9]},
				{"appName": "KLMS", "usage": [13]},
				{"appName": "KAIST Portal", "usage": [15]},
				{"appName": "Instagram", "usage": [15]},
				{"appName": "Google Play 서비스", "usage": [4]},
				{"appName": "Excel", "usage": [2]},
				{"appName": "Call of Thunder War", "usage": [3]}
			]
		},
		"maxTime": {
			"usage": 89,
			"details": [
				{"appName": "퓨처파이트", "usage": 44},
				{"appName": "YouTube", "usage": 22},
				{"appName": "삼성 인터넷", "usage": 13},
				{"appName": "팝콘티비", "usage": 6},
				{"appName": "FIFA Mobile", "usage": 6},
				{"appName": "Facebook", "usage": 3},
				{"appName": "네이버 지도", "usage": 2},
				{"appName": "카카오맵", "usage": 2},
				{"appName": "카메라", "usage": 2},
				{"appName": "카카오톡", "usage": 1},
				{"appName": "전화", "usage": 1},
				{"appName": "벅스", "usage": 1},
				{"appName": "갤러리", "usage": 1},
				{"appName": "Instagram", "usage": 1},
				{"appName": "Samsung Experience 홈", "usage": 0},
				{"appName": "Messenger", "usage": 0},
				{"appName": "원터치개인", "usage": 0},
				{"appName": "시외버스 모바일", "usage": 0},
				{"appName": "SODA", "usage": 0},
				{"appName": "Excel", "usage": 0},
				{"appName": "삼성앱카드", "usage": 0},
				{"appName": "KAIST Portal", "usage": 0},
				{"appName": "캘린더", "usage": 0},
				{"appName": "메시지", "usage": 0},
				{"appName": "알라미", "usage": 0},
				{"appName": "설정", "usage": 0},
				{"appName": "네이버TV", "usage": 0},
				{"appName": "빅스비 보이스", "usage": 0},
				{"appName": "LoL 프렌즈", "usage": 0},
				{"appName": "Lysn", "usage": 0},
				{"appName": "이메일", "usage": 0},
				{"appName": "고속버스 모바일", "usage": 0},
				{"appName": "Paco", "usage": 0},
				{"appName": "Turbo VPN", "usage": 0},
				{"appName": "해커스인강 챔프스터디", "usage": 0},
				{"appName": "KLMS", "usage": 0},
				{"appName": "게임런처", "usage": 0},
				{"appName": "음성 녹음", "usage": 0},
				{"appName": "Google Play 서비스", "usage": 0},
				{"appName": "Call of Thunder War", "usage": 0},
				{"appName": "삼성 키보드", "usage": 0},
				{"appName": "VpnDialogs", "usage": 0}
			]
		},
		"avgTime": {
			"usage": 2,
			"details": [
				{"appName": "퓨처파이트", "usage": 6},
				{"appName": "YouTube", "usage": 1},
				{"appName": "Instagram", "usage": 1},
				{"appName": "FIFA Mobile", "usage": 0},
				{"appName": "삼성 인터넷", "usage": 0},
				{"appName": "갤러리", "usage": 0},
				{"appName": "Excel", "usage": 0},
				{"appName": "네이버 지도", "usage": 0},
				{"appName": "카메라", "usage": 0},
				{"appName": "팝콘티비", "usage": 0},
				{"appName": "카카오맵", "usage": 0},
				{"appName": "전화", "usage": 0},
				{"appName": "SODA", "usage": 0},
				{"appName": "Messenger", "usage": 0},
				{"appName": "삼성앱카드", "usage": 0},
				{"appName": "이메일", "usage": 0},
				{"appName": "캘린더", "usage": 0},
				{"appName": "Facebook", "usage": 0},
				{"appName": "KAIST Portal", "usage": 0},
				{"appName": "시외버스 모바일", "usage": 0},
				{"appName": "메시지", "usage": 0},
				{"appName": "벅스", "usage": 0},
				{"appName": "알라미", "usage": 0},
				{"appName": "LoL 프렌즈", "usage": 0},
				{"appName": "네이버TV", "usage": 0},
				{"appName": "Samsung Experience 홈", "usage": 0},
				{"appName": "Lysn", "usage": 0},
				{"appName": "원터치개인", "usage": 0},
				{"appName": "카카오톡", "usage": 0},
				{"appName": "설정", "usage": 0},
				{"appName": "Turbo VPN", "usage": 0},
				{"appName": "빅스비 보이스", "usage": 0},
				{"appName": "해커스인강 챔프스터디", "usage": 0},
				{"appName": "KLMS", "usage": 0},
				{"appName": "Google Play 서비스", "usage": 0},
				{"appName": "음성 녹음", "usage": 0},
				{"appName": "고속버스 모바일", "usage": 0},
				{"appName": "Paco", "usage": 0},
				{"appName": "Call of Thunder War", "usage": 0},
				{"appName": "게임런처", "usage": 0},
				{"appName": "삼성 키보드", "usage": 0},
				{"appName": "VpnDialogs", "usage": 0}
			]
		},
		"lastPickup": {"time": 89}
	},
	{
		"date": 7,
		"totalTime": {
			"usage": 169,
			"details": [
				{"appName": "Facebook", "usage": 34},
				{"appName": "카카오톡", "usage": 22},
				{"appName": "YouTube", "usage": 21},
				{"appName": "Samsung Experience 홈", "usage": 20},
				{"appName": "퓨처파이트", "usage": 14},
				{"appName": "삼성 인터넷", "usage": 9},
				{"appName": "네이버 지도", "usage": 8},
				{"appName": "시외버스 모바일", "usage": 7},
				{"appName": "알파카", "usage": 3},
				{"appName": "카카오 T", "usage": 2},
				{"appName": "벅스", "usage": 2},
				{"appName": "팝콘티비", "usage": 1},
				{"appName": "Instagram", "usage": 1},
				{"appName": "Paco", "usage": 1},
				{"appName": "Photo Wonder", "usage": 1},
				{"appName": "메시지", "usage": 1},
				{"appName": "전화", "usage": 1},
				{"appName": "알라미", "usage": 1},
				{"appName": "Samsung Pay", "usage": 0},
				{"appName": "네이버TV", "usage": 0},
				{"appName": "Messenger", "usage": 0},
				{"appName": "KLMS", "usage": 0},
				{"appName": "설정", "usage": 0},
				{"appName": "스프레드시트", "usage": 0},
				{"appName": "Slack", "usage": 0},
				{"appName": "LoL 프렌즈", "usage": 0},
				{"appName": "원터치개인", "usage": 0},
				{"appName": "이메일", "usage": 0},
				{"appName": "Polar Beat", "usage": 0},
				{"appName": "드라이브", "usage": 0},
				{"appName": "Dropsync", "usage": 0},
				{"appName": "지퍼7", "usage": 0},
				{"appName": "ABC Logger", "usage": 0},
				{"appName": "빅스비 보이스", "usage": 0},
				{"appName": "안드로이드 시스템", "usage": 0},
				{"appName": "게임런처", "usage": 0},
				{"appName": "Google Play 서비스", "usage": 0},
				{"appName": "Samsung Music", "usage": 0},
				{"appName": "카카오페이지", "usage": 0},
				{"appName": "우리카드", "usage": 0},
				{"appName": "원스토어", "usage": 0}
			]
		},
		"pickups": {"usage": 78},
		"downTime": {
			"usages": [
				{"hour": 2, "usage": 2},
				{"hour": 3, "usage": 16},
				{"hour": 4, "usage": 27},
				{"hour": 5, "usage": 5},
				{"hour": 6, "usage": 33},
				{"hour": 7, "usage": 0},
				{"hour": 8, "usage": 16},
				{"hour": 9, "usage": 43},
				{"hour": 10, "usage": 23}
			],
			"details": [
				{"appName": "Samsung Experience 홈", "usage": [2, 3, 4, 5, 6, 7, 8, 9, 10]},
				{"appName": "카카오톡", "usage": [2, 3, 4, 6, 8, 9, 10]},
				{"appName": "벅스", "usage": [4, 5, 6, 7, 8, 10]},
				{"appName": "Facebook", "usage": [3, 4, 5, 6, 8, 9]},
				{"appName": "시외버스 모바일", "usage": [3, 4, 5, 6, 8]},
				{"appName": "Paco", "usage": [4, 6, 7, 8, 9]},
				{"appName": "Messenger", "usage": [3, 6, 9, 10]},
				{"appName": "팝콘티비", "usage": [6, 9, 10]},
				{"appName": "원터치개인", "usage": [6, 8, 9]},
				{"appName": "알라미", "usage": [3, 4, 5]},
				{"appName": "설정", "usage": [2, 6, 9]},
				{"appName": "삼성 인터넷", "usage": [4, 6, 9]},
				{"appName": "메시지", "usage": [3, 4, 6]},
				{"appName": "퓨처파이트", "usage": [4, 6]},
				{"appName": "전화", "usage": [2, 3]},
				{"appName": "안드로이드 시스템", "usage": [4, 9]},
				{"appName": "드라이브", "usage": [4, 9]},
				{"appName": "네이버 지도", "usage": [8, 9]},
				{"appName": "게임런처", "usage": [4, 6]},
				{"appName": "YouTube", "usage": [9, 10]},
				{"appName": "LoL 프렌즈", "usage": [6, 9]},
				{"appName": "Instagram", "usage": [6, 9]},
				{"appName": "카카오페이지", "usage": [7]},
				{"appName": "카카오 T", "usage": [9]},
				{"appName": "지퍼7", "usage": [4]},
				{"appName": "이메일", "usage": [6]},
				{"appName": "원스토어", "usage": [3]},
				{"appName": "우리카드", "usage": [4]},
				{"appName": "알파카", "usage": [9]},
				{"appName": "스프레드시트", "usage": [9]},
				{"appName": "빅스비 보이스", "usage": [2]},
				{"appName": "네이버TV", "usage": [9]},
				{"appName": "Slack", "usage": [9]},
				{"appName": "Samsung Pay", "usage": [9]},
				{"appName": "Samsung Music", "usage": [4]},
				{"appName": "Polar Beat", "usage": [6]},
				{"appName": "Photo Wonder", "usage": [6]},
				{"appName": "KLMS", "usage": [10]},
				{"appName": "Google Play 서비스", "usage": [4]},
				{"appName": "Dropsync", "usage": [6]},
				{"appName": "ABC Logger", "usage": [6]}
			]
		},
		"maxTime": {
			"usage": 35,
			"details": [
				{"appName": "YouTube", "usage": 6},
				{"appName": "퓨처파이트", "usage": 5},
				{"appName": "삼성 인터넷", "usage": 4},
				{"appName": "네이버 지도", "usage": 3},
				{"appName": "Samsung Experience 홈", "usage": 2},
				{"appName": "카카오톡", "usage": 2},
				{"appName": "카카오 T", "usage": 1},
				{"appName": "알파카", "usage": 1},
				{"appName": "시외버스 모바일", "usage": 1},
				{"appName": "Facebook", "usage": 1},
				{"appName": "Photo Wonder", "usage": 0},
				{"appName": "벅스", "usage": 0},
				{"appName": "Samsung Pay", "usage": 0},
				{"appName": "네이버TV", "usage": 0},
				{"appName": "Instagram", "usage": 0},
				{"appName": "전화", "usage": 0},
				{"appName": "팝콘티비", "usage": 0},
				{"appName": "스프레드시트", "usage": 0},
				{"appName": "메시지", "usage": 0},
				{"appName": "Slack", "usage": 0},
				{"appName": "Paco", "usage": 0},
				{"appName": "Messenger", "usage": 0},
				{"appName": "알라미", "usage": 0},
				{"appName": "LoL 프렌즈", "usage": 0},
				{"appName": "이메일", "usage": 0},
				{"appName": "KLMS", "usage": 0},
				{"appName": "원터치개인", "usage": 0},
				{"appName": "Polar Beat", "usage": 0},
				{"appName": "Dropsync", "usage": 0},
				{"appName": "드라이브", "usage": 0},
				{"appName": "설정", "usage": 0},
				{"appName": "ABC Logger", "usage": 0},
				{"appName": "빅스비 보이스", "usage": 0},
				{"appName": "지퍼7", "usage": 0},
				{"appName": "안드로이드 시스템", "usage": 0},
				{"appName": "게임런처", "usage": 0},
				{"appName": "Google Play 서비스", "usage": 0},
				{"appName": "카카오페이지", "usage": 0},
				{"appName": "Samsung Music", "usage": 0},
				{"appName": "우리카드", "usage": 0},
				{"appName": "원스토어", "usage": 0}
			]
		},
		"avgTime": {
			"usage": 2,
			"details": [
				{"appName": "퓨처파이트", "usage": 3},
				{"appName": "YouTube", "usage": 2},
				{"appName": "알파카", "usage": 1},
				{"appName": "네이버 지도", "usage": 1},
				{"appName": "삼성 인터넷", "usage": 0},
				{"appName": "Samsung Pay", "usage": 0},
				{"appName": "Instagram", "usage": 0},
				{"appName": "네이버TV", "usage": 0},
				{"appName": "Facebook", "usage": 0},
				{"appName": "전화", "usage": 0},
				{"appName": "팝콘티비", "usage": 0},
				{"appName": "Photo Wonder", "usage": 0},
				{"appName": "스프레드시트", "usage": 0},
				{"appName": "카카오 T", "usage": 0},
				{"appName": "Slack", "usage": 0},
				{"appName": "LoL 프렌즈", "usage": 0},
				{"appName": "메시지", "usage": 0},
				{"appName": "Dropsync", "usage": 0},
				{"appName": "이메일", "usage": 0},
				{"appName": "Samsung Experience 홈", "usage": 0},
				{"appName": "벅스", "usage": 0},
				{"appName": "시외버스 모바일", "usage": 0},
				{"appName": "Messenger", "usage": 0},
				{"appName": "KLMS", "usage": 0},
				{"appName": "Polar Beat", "usage": 0},
				{"appName": "알라미", "usage": 0},
				{"appName": "Paco", "usage": 0},
				{"appName": "지퍼7", "usage": 0},
				{"appName": "카카오톡", "usage": 0},
				{"appName": "ABC Logger", "usage": 0},
				{"appName": "드라이브", "usage": 0},
				{"appName": "빅스비 보이스", "usage": 0},
				{"appName": "안드로이드 시스템", "usage": 0},
				{"appName": "원터치개인", "usage": 0},
				{"appName": "설정", "usage": 0},
				{"appName": "카카오페이지", "usage": 0},
				{"appName": "Google Play 서비스", "usage": 0},
				{"appName": "게임런처", "usage": 0},
				{"appName": "Samsung Music", "usage": 0},
				{"appName": "우리카드", "usage": 0},
				{"appName": "원스토어", "usage": 0}
			]
		},
		"lastPickup": {"time": 0}
	}
]
