[
	{
		"date": 1,
		"totalTime": {
			"usage": 252,
			"details": [
				{"appName": "Chrome", "usage": 127},
				{"appName": "카카오톡", "usage": 32},
				{"appName": "One UI 홈", "usage": 13},
				{"appName": "Paco", "usage": 9},
				{"appName": "Polar Beat", "usage": 8},
				{"appName": "직방", "usage": 6},
				{"appName": "메시지", "usage": 5},
				{"appName": "KLMS", "usage": 4},
				{"appName": "시계", "usage": 4},
				{"appName": "Facebook", "usage": 3},
				{"appName": "Dropsync", "usage": 3},
				{"appName": "PAYCO", "usage": 3},
				{"appName": "갤러리", "usage": 2},
				{"appName": "전화", "usage": 2},
				{"appName": "배달의민족", "usage": 2},
				{"appName": "다방", "usage": 1},
				{"appName": "삼성 인터넷", "usage": 1},
				{"appName": "YouTube", "usage": 1},
				{"appName": "카카오뱅크", "usage": 1},
				{"appName": "통화", "usage": 0},
				{"appName": "설정", "usage": 0},
				{"appName": "한컴오피스 viewer", "usage": 0},
				{"appName": "Samsung Pay", "usage": 0},
				{"appName": "계산기", "usage": 0},
				{"appName": "Google Play 스토어", "usage": 0},
				{"appName": "소프트웨어 업데이트", "usage": 0},
				{"appName": "캘린더", "usage": 0},
				{"appName": "안드로이드 시스템", "usage": 0},
				{"appName": "Logger", "usage": 0},
				{"appName": "배달요기요", "usage": 0},
				{"appName": "Gmail", "usage": 0},
				{"appName": "카메라", "usage": 0},
				{"appName": "KAIST Portal", "usage": 0},
				{"appName": "PASS", "usage": 0},
				{"appName": "패키지 설치 프로그램", "usage": 0},
				{"appName": "ABC Logger", "usage": 0},
				{"appName": "날씨", "usage": 0},
				{"appName": "Microsoft Health", "usage": 0},
				{"appName": "앱 설치 마법사", "usage": 0}
			]
		},
		"pickups": {"usage": 241},
		"downTime": {
			"usages": [
				{"hour": 0, "usage": 0},
				{"hour": 1, "usage": 26},
				{"hour": 2, "usage": 12},
				{"hour": 3, "usage": 11},
				{"hour": 5, "usage": 0},
				{"hour": 6, "usage": 14},
				{"hour": 7, "usage": 5},
				{"hour": 8, "usage": 4},
				{"hour": 9, "usage": 17},
				{"hour": 10, "usage": 21},
				{"hour": 11, "usage": 6},
				{"hour": 12, "usage": 6},
				{"hour": 13, "usage": 3},
				{"hour": 14, "usage": 26},
				{"hour": 15, "usage": 52},
				{"hour": 16, "usage": 35},
				{"hour": 17, "usage": 4},
				{"hour": 18, "usage": 3}
			],
			"details": [
				{"appName": "One UI 홈", "usage": [1, 2, 3, 6, 7, 8, 9, 10, 11, 12, 13, 14, 15, 16, 17, 18]},
				{"appName": "카카오톡", "usage": [1, 2, 3, 5, 6, 8, 9, 10, 12, 13, 14, 15, 16, 17]},
				{"appName": "Chrome", "usage": [1, 2, 3, 6, 7, 8, 9, 10, 11, 12, 13, 14, 15, 16]},
				{"appName": "Paco", "usage": [1, 2, 3, 6, 7, 8, 9, 10, 11, 12, 14]},
				{"appName": "통화", "usage": [2, 3, 5, 6, 8, 11, 12, 16]},
				{"appName": "전화", "usage": [2, 6, 8, 11, 12, 15]},
				{"appName": "갤러리", "usage": [6, 7, 14, 16, 17, 18]},
				{"appName": "메시지", "usage": [1, 2, 6, 11, 12]},
				{"appName": "Polar Beat", "usage": [1, 6, 13, 14, 15]},
				{"appName": "시계", "usage": [2, 3, 6, 18]},
				{"appName": "Facebook", "usage": [1, 12, 15, 16]},
				{"appName": "한컴오피스 viewer", "usage": [0, 1, 15]},
				{"appName": "패키지 설치 프로그램", "usage": [11, 14, 15]},
				{"appName": "캘린더", "usage": [7, 8, 14]},
				{"appName": "안드로이드 시스템", "usage": [14, 15, 16]},
				{"appName": "설정", "usage": [1, 6, 15]},
				{"appName": "KLMS", "usage": [1, 15, 18]},
				{"appName": "Dropsync", "usage": [6, 10, 15]},
				{"appName": "카카오뱅크", "usage": [1, 15]},
				{"appName": "직방", "usage": [10, 14]},
				{"appName": "소프트웨어 업데이트", "usage": [1, 15]},
				{"appName": "삼성 인터넷", "usage": [2, 18]},
				{"appName": "다방", "usage": [15, 16]},
				{"appName": "계산기", "usage": [14, 16]},
				{"appName": "PAYCO", "usage": [1, 15]},
				{"appName": "Logger", "usage": [11, 15]},
				{"appName": "카메라", "usage": [8]},
				{"appName": "앱 설치 마법사", "usage": [15]},
				{"appName": "배달의민족", "usage": [15]},
				{"appName": "배달요기요", "usage": [15]},
				{"appName": "날씨", "usage": [7]},
				{"appName": "YouTube", "usage": [16]},
				{"appName": "Samsung Pay", "usage": [14]},
				{"appName": "PASS", "usage": [1]},
				{"appName": "Microsoft Health", "usage": [15]},
				{"appName": "KAIST Portal", "usage": [18]},
				{"appName": "Google Play 스토어", "usage": [9]},
				{"appName": "Gmail", "usage": [1]},
				{"appName": "ABC Logger", "usage": [15]}
			]
		},
		"maxTime": {
			"usage": 15,
			"details": [
				{"appName": "Chrome", "usage": 8},
				{"appName": "시계", "usage": 2},
				{"appName": "카카오톡", "usage": 2},
				{"appName": "메시지", "usage": 2},
				{"appName": "직방", "usage": 1},
				{"appName": "Dropsync", "usage": 1},
				{"appName": "Polar Beat", "usage": 1},
				{"appName": "삼성 인터넷", "usage": 1},
				{"appName": "Facebook", "usage": 1},
				{"appName": "YouTube", "usage": 1},
				{"appName": "Paco", "usage": 0},
				{"appName": "갤러리", "usage": 0},
				{"appName": "배달의민족", "usage": 0},
				{"appName": "One UI 홈", "usage": 0},
				{"appName": "다방", "usage": 0},
				{"appName": "Samsung Pay", "usage": 0},
				{"appName": "전화", "usage": 0},
				{"appName": "Google Play 스토어", "usage": 0},
				{"appName": "KLMS", "usage": 0},
				{"appName": "PAYCO", "usage": 0},
				{"appName": "계산기", "usage": 0},
				{"appName": "카카오뱅크", "usage": 0},
				{"appName": "한컴오피스 viewer", "usage": 0},
				{"appName": "설정", "usage": 0},
				{"appName": "소프트웨어 업데이트", "usage": 0},
				{"appName": "배달요기요", "usage": 0},
				{"appName": "캘린더", "usage": 0},
				{"appName": "통화", "usage": 0},
				{"appName": "Gmail", "usage": 0},
				{"appName": "카메라", "usage": 0},
				{"appName": "Logger", "usage": 0},
				{"appName": "KAIST Portal", "usage": 0},
				{"appName": "안드로이드 시스템", "usage": 0},
				{"appName": "ABC Logger", "usage": 0},
				{"appName": "패키지 설치 프로그램", "usage": 0},
				{"appName": "날씨", "usage": 0},
				{"appName": "PASS", "usage": 0},
				{"appName": "Microsoft Health", "usage": 0},
				{"appName": "앱 설치 마법사", "usage": 0}
			]
		},
		"avgTime": {
			"usage": 1,
			"details": [
				{"appName": "Chrome", "usage": 0},
				{"appName": "직방", "usage": 0},
				{"appName": "Google Play 스토어", "usage": 0},
				{"appName": "YouTube", "usage": 0},
				{"appName": "Samsung Pay", "usage": 0},
				{"appName": "계산기", "usage": 0},
				{"appName": "메시지", "usage": 0},
				{"appName": "Polar Beat", "usage": 0},
				{"appName": "Facebook", "usage": 0},
				{"appName": "갤러리", "usage": 0},
				{"appName": "시계", "usage": 0},
				{"appName": "Dropsync", "usage": 0},
				{"appName": "삼성 인터넷", "usage": 0},
				{"appName": "다방", "usage": 0},
				{"appName": "설정", "usage": 0},
				{"appName": "Paco", "usage": 0},
				{"appName": "KLMS", "usage": 0},
				{"appName": "PAYCO", "usage": 0},
				{"appName": "카카오톡", "usage": 0},
				{"appName": "한컴오피스 viewer", "usage": 0},
				{"appName": "배달의민족", "usage": 0},
				{"appName": "Gmail", "usage": 0},
				{"appName": "카메라", "usage": 0},
				{"appName": "배달요기요", "usage": 0},
				{"appName": "전화", "usage": 0},
				{"appName": "One UI 홈", "usage": 0},
				{"appName": "캘린더", "usage": 0},
				{"appName": "카카오뱅크", "usage": 0},
				{"appName": "소프트웨어 업데이트", "usage": 0},
				{"appName": "안드로이드 시스템", "usage": 0},
				{"appName": "KAIST Portal", "usage": 0},
				{"appName": "Logger", "usage": 0},
				{"appName": "날씨", "usage": 0},
				{"appName": "통화", "usage": 0},
				{"appName": "PASS", "usage": 0},
				{"appName": "Microsoft Health", "usage": 0},
				{"appName": "ABC Logger", "usage": 0},
				{"appName": "패키지 설치 프로그램", "usage": 0},
				{"appName": "앱 설치 마법사", "usage": 0}
			]
		},
		"lastPickup": {"time": 0}
	},
	{
		"date": 2,
		"totalTime": {
			"usage": 211,
			"details": [
				{"appName": "Chrome", "usage": 116},
				{"appName": "카카오톡", "usage": 30},
				{"appName": "메시지", "usage": 11},
				{"appName": "One UI 홈", "usage": 8},
				{"appName": "Paco", "usage": 6},
				{"appName": "Facebook", "usage": 6},
				{"appName": "SR 고속열차", "usage": 3},
				{"appName": "직방", "usage": 2},
				{"appName": "코레일톡", "usage": 2},
				{"appName": "카카오뱅크", "usage": 2},
				{"appName": "Samsung Pay", "usage": 2},
				{"appName": "신한 쏠(SOL)", "usage": 2},
				{"appName": "삼성 인터넷", "usage": 1},
				{"appName": "카메라", "usage": 1},
				{"appName": "Dropsync", "usage": 1},
				{"appName": "고속버스 모바일", "usage": 0},
				{"appName": "갤러리", "usage": 0},
				{"appName": "토스", "usage": 0},
				{"appName": "Polar Beat", "usage": 0},
				{"appName": "시계", "usage": 0},
				{"appName": "전화", "usage": 0},
				{"appName": "카카오맵", "usage": 0},
				{"appName": "설정", "usage": 0},
				{"appName": "KAIST Portal", "usage": 0},
				{"appName": "Microsoft Health", "usage": 0},
				{"appName": "배달의민족", "usage": 0},
				{"appName": "통화", "usage": 0},
				{"appName": "드라이브", "usage": 0},
				{"appName": "Logger", "usage": 0},
				{"appName": "접근성", "usage": 0},
				{"appName": "Google Play 서비스", "usage": 0},
				{"appName": "리마인더", "usage": 0},
				{"appName": "ABC Logger", "usage": 0},
				{"appName": "삼성 키보드", "usage": 0},
				{"appName": "패키지 설치 프로그램", "usage": 0}
			]
		},
		"pickups": {"usage": 156},
		"downTime": {
			"usages": [
				{"hour": 0, "usage": 0},
				{"hour": 1, "usage": 0},
				{"hour": 2, "usage": 13},
				{"hour": 3, "usage": 0},
				{"hour": 4, "usage": 0},
				{"hour": 5, "usage": 16},
				{"hour": 6, "usage": 3},
				{"hour": 7, "usage": 11},
				{"hour": 8, "usage": 40},
				{"hour": 9, "usage": 14},
				{"hour": 10, "usage": 4},
				{"hour": 11, "usage": 5},
				{"hour": 12, "usage": 31},
				{"hour": 13, "usage": 0},
				{"hour": 14, "usage": 0},
				{"hour": 16, "usage": 19},
				{"hour": 23, "usage": 50}
			],
			"details": [
				{"appName": "One UI 홈", "usage": [2, 4, 5, 6, 7, 8, 9, 10, 11, 12, 13, 14, 16, 23]},
				{"appName": "카카오톡", "usage": [2, 3, 4, 5, 6, 7, 8, 9, 10, 11, 12, 23]},
				{"appName": "Chrome", "usage": [2, 5, 7, 8, 9, 10, 11, 12, 16, 23]},
				{"appName": "Paco", "usage": [2, 3, 4, 5, 6, 7, 8, 9, 12]},
				{"appName": "Polar Beat", "usage": [2, 6, 8, 9, 12, 23]},
				{"appName": "카카오뱅크", "usage": [8, 9, 10, 16]},
				{"appName": "시계", "usage": [2, 4, 16, 23]},
				{"appName": "Facebook", "usage": [8, 9, 12, 23]},
				{"appName": "통화", "usage": [7, 8, 12]},
				{"appName": "코레일톡", "usage": [9, 10, 12]},
				{"appName": "직방", "usage": [2, 5, 8]},
				{"appName": "접근성", "usage": [2, 12, 23]},
				{"appName": "전화", "usage": [7, 8, 12]},
				{"appName": "신한 쏠(SOL)", "usage": [7, 8, 12]},
				{"appName": "설정", "usage": [2, 12, 23]},
				{"appName": "삼성 인터넷", "usage": [2, 5, 12]},
				{"appName": "메시지", "usage": [5, 8, 12]},
				{"appName": "Samsung Pay", "usage": [6, 8, 9]},
				{"appName": "Logger", "usage": [2, 12, 23]},
				{"appName": "KAIST Portal", "usage": [0, 2, 5]},
				{"appName": "카메라", "usage": [7, 8]},
				{"appName": "SR 고속열차", "usage": [9, 12]},
				{"appName": "Google Play 서비스", "usage": [5, 12]},
				{"appName": "Dropsync", "usage": [6, 7]},
				{"appName": "패키지 설치 프로그램", "usage": [2]},
				{"appName": "토스", "usage": [5]},
				{"appName": "카카오맵", "usage": [12]},
				{"appName": "삼성 키보드", "usage": [8]},
				{"appName": "배달의민족", "usage": [16]},
				{"appName": "리마인더", "usage": [7]},
				{"appName": "드라이브", "usage": [16]},
				{"appName": "고속버스 모바일", "usage": [9]},
				{"appName": "갤러리", "usage": [7]},
				{"appName": "Microsoft Health", "usage": [12]},
				{"appName": "ABC Logger", "usage": [2]}
			]
		},
		"maxTime": {
			"usage": 18,
			"details": [
				{"appName": "Chrome", "usage": 10},
				{"appName": "카카오톡", "usage": 2},
				{"appName": "Facebook", "usage": 1},
				{"appName": "메시지", "usage": 1},
				{"appName": "SR 고속열차", "usage": 1},
				{"appName": "직방", "usage": 1},
				{"appName": "카메라", "usage": 1},
				{"appName": "Dropsync", "usage": 0},
				{"appName": "Samsung Pay", "usage": 0},
				{"appName": "삼성 인터넷", "usage": 0},
				{"appName": "갤러리", "usage": 0},
				{"appName": "Paco", "usage": 0},
				{"appName": "카카오뱅크", "usage": 0},
				{"appName": "코레일톡", "usage": 0},
				{"appName": "One UI 홈", "usage": 0},
				{"appName": "신한 쏠(SOL)", "usage": 0},
				{"appName": "토스", "usage": 0},
				{"appName": "카카오맵", "usage": 0},
				{"appName": "고속버스 모바일", "usage": 0},
				{"appName": "Microsoft Health", "usage": 0},
				{"appName": "Polar Beat", "usage": 0},
				{"appName": "드라이브", "usage": 0},
				{"appName": "시계", "usage": 0},
				{"appName": "KAIST Portal", "usage": 0},
				{"appName": "전화", "usage": 0},
				{"appName": "설정", "usage": 0},
				{"appName": "배달의민족", "usage": 0},
				{"appName": "Logger", "usage": 0},
				{"appName": "접근성", "usage": 0},
				{"appName": "리마인더", "usage": 0},
				{"appName": "통화", "usage": 0},
				{"appName": "Google Play 서비스", "usage": 0},
				{"appName": "ABC Logger", "usage": 0},
				{"appName": "삼성 키보드", "usage": 0},
				{"appName": "패키지 설치 프로그램", "usage": 0}
			]
		},
		"avgTime": {
			"usage": 1,
			"details": [
				{"appName": "Chrome", "usage": 1},
				{"appName": "직방", "usage": 0},
				{"appName": "Dropsync", "usage": 0},
				{"appName": "메시지", "usage": 0},
				{"appName": "SR 고속열차", "usage": 0},
				{"appName": "카메라", "usage": 0},
				{"appName": "Samsung Pay", "usage": 0},
				{"appName": "Facebook", "usage": 0},
				{"appName": "카카오맵", "usage": 0},
				{"appName": "삼성 인터넷", "usage": 0},
				{"appName": "갤러리", "usage": 0},
				{"appName": "드라이브", "usage": 0},
				{"appName": "Paco", "usage": 0},
				{"appName": "Microsoft Health", "usage": 0},
				{"appName": "코레일톡", "usage": 0},
				{"appName": "카카오톡", "usage": 0},
				{"appName": "토스", "usage": 0},
				{"appName": "고속버스 모바일", "usage": 0},
				{"appName": "신한 쏠(SOL)", "usage": 0},
				{"appName": "전화", "usage": 0},
				{"appName": "Polar Beat", "usage": 0},
				{"appName": "배달의민족", "usage": 0},
				{"appName": "KAIST Portal", "usage": 0},
				{"appName": "One UI 홈", "usage": 0},
				{"appName": "카카오뱅크", "usage": 0},
				{"appName": "시계", "usage": 0},
				{"appName": "리마인더", "usage": 0},
				{"appName": "설정", "usage": 0},
				{"appName": "통화", "usage": 0},
				{"appName": "접근성", "usage": 0},
				{"appName": "Google Play 서비스", "usage": 0},
				{"appName": "Logger", "usage": 0},
				{"appName": "삼성 키보드", "usage": 0},
				{"appName": "ABC Logger", "usage": 0},
				{"appName": "패키지 설치 프로그램", "usage": 0}
			]
		},
		"lastPickup": {"time": 0}
	},
	{
		"date": 3,
		"totalTime": {
			"usage": 80,
			"details": [
				{"appName": "Chrome", "usage": 30},
				{"appName": "EhViewer", "usage": 18},
				{"appName": "메시지", "usage": 7},
				{"appName": "Paco", "usage": 6},
				{"appName": "One UI 홈", "usage": 2},
				{"appName": "카카오톡", "usage": 2},
				{"appName": "전화", "usage": 2},
				{"appName": "Samsung Pay", "usage": 1},
				{"appName": "카카오뱅크", "usage": 1},
				{"appName": "Facebook", "usage": 1},
				{"appName": "통화", "usage": 0},
				{"appName": "Gmail", "usage": 0},
				{"appName": "BAND", "usage": 0},
				{"appName": "시계", "usage": 0},
				{"appName": "카메라", "usage": 0},
				{"appName": "캘린더", "usage": 0},
				{"appName": "설정", "usage": 0},
				{"appName": "패키지 설치 프로그램", "usage": 0}
			]
		},
		"pickups": {"usage": 118},
		"downTime": {
			"usages": [
				{"hour": 0, "usage": 0},
				{"hour": 1, "usage": 16},
				{"hour": 2, "usage": 2},
				{"hour": 3, "usage": 7},
				{"hour": 4, "usage": 9},
				{"hour": 5, "usage": 0},
				{"hour": 6, "usage": 0},
				{"hour": 7, "usage": 14},
				{"hour": 8, "usage": 0},
				{"hour": 9, "usage": 2},
				{"hour": 10, "usage": 0},
				{"hour": 11, "usage": 0},
				{"hour": 12, "usage": 2},
				{"hour": 13, "usage": 0},
				{"hour": 15, "usage": 1},
				{"hour": 17, "usage": 20},
				{"hour": 19, "usage": 0},
				{"hour": 22, "usage": 0},
				{"hour": 23, "usage": 0}
			],
			"details": [
				{"appName": "Paco", "usage": [1, 2, 3, 4, 5, 6, 7, 8, 9, 10, 11, 12, 13]},
				{"appName": "One UI 홈", "usage": [1, 2, 3, 4, 6, 7, 9, 11, 13, 17, 22, 23]},
				{"appName": "Chrome", "usage": [0, 1, 3, 4, 5, 6, 7, 8]},
				{"appName": "메시지", "usage": [1, 3, 7, 9, 11, 12]},
				{"appName": "카카오뱅크", "usage": [9, 13, 15, 17]},
				{"appName": "통화", "usage": [1, 2, 9]},
				{"appName": "카카오톡", "usage": [1, 2, 7]},
				{"appName": "카메라", "usage": [7, 17, 22]},
				{"appName": "전화", "usage": [1, 2, 9]},
				{"appName": "시계", "usage": [17, 23]},
				{"appName": "Samsung Pay", "usage": [1, 7]},
				{"appName": "Gmail", "usage": [1, 4]},
				{"appName": "패키지 설치 프로그램", "usage": [17]},
				{"appName": "캘린더", "usage": [23]},
				{"appName": "설정", "usage": [17]},
				{"appName": "Facebook", "usage": [7]},
				{"appName": "EhViewer", "usage": [17]},
				{"appName": "BAND", "usage": [2]}
			]
		},
		"maxTime": {
			"usage": 18,
			"details": [
				{"appName": "Chrome", "usage": 7},
				{"appName": "EhViewer", "usage": 1},
				{"appName": "메시지", "usage": 1},
				{"appName": "카카오톡", "usage": 1},
				{"appName": "Paco", "usage": 1},
				{"appName": "Facebook", "usage": 0},
				{"appName": "Samsung Pay", "usage": 0},
				{"appName": "전화", "usage": 0},
				{"appName": "카카오뱅크", "usage": 0},
				{"appName": "BAND", "usage": 0},
				{"appName": "One UI 홈", "usage": 0},
				{"appName": "Gmail", "usage": 0},
				{"appName": "시계", "usage": 0},
				{"appName": "캘린더", "usage": 0},
				{"appName": "카메라", "usage": 0},
				{"appName": "설정", "usage": 0},
				{"appName": "통화", "usage": 0},
				{"appName": "패키지 설치 프로그램", "usage": 0}
			]
		},
		"avgTime": {
			"usage": 0,
			"details": [
				{"appName": "Chrome", "usage": 0},
				{"appName": "EhViewer", "usage": 0},
				{"appName": "Samsung Pay", "usage": 0},
				{"appName": "Facebook", "usage": 0},
				{"appName": "메시지", "usage": 0},
				{"appName": "Gmail", "usage": 0},
				{"appName": "카카오톡", "usage": 0},
				{"appName": "BAND", "usage": 0},
				{"appName": "Paco", "usage": 0},
				{"appName": "전화", "usage": 0},
				{"appName": "설정", "usage": 0},
				{"appName": "시계", "usage": 0},
				{"appName": "캘린더", "usage": 0},
				{"appName": "One UI 홈", "usage": 0},
				{"appName": "카메라", "usage": 0},
				{"appName": "카카오뱅크", "usage": 0},
				{"appName": "통화", "usage": 0},
				{"appName": "패키지 설치 프로그램", "usage": 0}
			]
		},
		"lastPickup": {"time": 0}
	},
	{
		"date": 4,
		"totalTime": {
			"usage": 62,
			"details": [
				{"appName": "EhViewer", "usage": 15},
				{"appName": "Chrome", "usage": 13},
				{"appName": "Facebook", "usage": 10},
				{"appName": "Paco", "usage": 4},
				{"appName": "삼성 인터넷", "usage": 3},
				{"appName": "카카오톡", "usage": 2},
				{"appName": "Microsoft Health", "usage": 1},
				{"appName": "배달요기요", "usage": 1},
				{"appName": "One UI 홈", "usage": 1},
				{"appName": "SR 고속열차", "usage": 1},
				{"appName": "메시지", "usage": 0},
				{"appName": "시계", "usage": 0},
				{"appName": "Polar Beat", "usage": 0},
				{"appName": "카카오뱅크", "usage": 0},
				{"appName": "통화", "usage": 0},
				{"appName": "배달의민족", "usage": 0},
				{"appName": "패키지 설치 프로그램", "usage": 0},
				{"appName": "Google Play 서비스", "usage": 0},
				{"appName": "Gmail", "usage": 0},
				{"appName": "내 파일", "usage": 0},
				{"appName": "캘린더", "usage": 0}
			]
		},
		"pickups": {"usage": 59},
		"downTime": {
			"usages": [
				{"hour": 0, "usage": 0},
				{"hour": 1, "usage": 0},
				{"hour": 2, "usage": 12},
				{"hour": 3, "usage": 0},
				{"hour": 4, "usage": 0},
				{"hour": 5, "usage": 0},
				{"hour": 6, "usage": 0},
				{"hour": 7, "usage": 0},
				{"hour": 8, "usage": 2},
				{"hour": 9, "usage": 1},
				{"hour": 10, "usage": 0},
				{"hour": 11, "usage": 0},
				{"hour": 12, "usage": 0},
				{"hour": 13, "usage": 0},
				{"hour": 15, "usage": 2},
				{"hour": 18, "usage": 16},
				{"hour": 19, "usage": 21},
				{"hour": 23, "usage": 0}
			],
			"details": [
				{"appName": "One UI 홈", "usage": [0, 1, 2, 7, 8, 10, 11, 12, 15, 18, 19]},
				{"appName": "Paco", "usage": [2, 3, 4, 5, 6, 7, 8, 9, 10, 11]},
				{"appName": "카카오톡", "usage": [0, 1, 2, 3]},
				{"appName": "메시지", "usage": [1, 5, 18, 19]},
				{"appName": "Chrome", "usage": [2, 18, 19, 23]},
				{"appName": "삼성 인터넷", "usage": [2, 18, 19]},
				{"appName": "Polar Beat", "usage": [2, 3, 11]},
				{"appName": "Facebook", "usage": [2, 3, 18]},
				{"appName": "통화", "usage": [12, 15]},
				{"appName": "시계", "usage": [19, 23]},
				{"appName": "SR 고속열차", "usage": [15, 18]},
				{"appName": "Google Play 서비스", "usage": [2, 18]},
				{"appName": "패키지 설치 프로그램", "usage": [2]},
				{"appName": "캘린더", "usage": [0]},
				{"appName": "카카오뱅크", "usage": [10]},
				{"appName": "배달의민족", "usage": [8]},
				{"appName": "배달요기요", "usage": [8]},
				{"appName": "내 파일", "usage": [2]},
				{"appName": "Microsoft Health", "usage": [2]},
				{"appName": "Gmail", "usage": [7]},
				{"appName": "EhViewer", "usage": [19]}
			]
		},
		"maxTime": {
			"usage": 16,
			"details": [
				{"appName": "Chrome", "usage": 8},
				{"appName": "Facebook", "usage": 2},
				{"appName": "삼성 인터넷", "usage": 2},
				{"appName": "EhViewer", "usage": 2},
				{"appName": "Microsoft Health", "usage": 1},
				{"appName": "SR 고속열차", "usage": 0},
				{"appName": "배달요기요", "usage": 0},
				{"appName": "Paco", "usage": 0},
				{"appName": "시계", "usage": 0},
				{"appName": "카카오톡", "usage": 0},
				{"appName": "One UI 홈", "usage": 0},
				{"appName": "메시지", "usage": 0},
				{"appName": "패키지 설치 프로그램", "usage": 0},
				{"appName": "카카오뱅크", "usage": 0},
				{"appName": "Polar Beat", "usage": 0},
				{"appName": "통화", "usage": 0},
				{"appName": "배달의민족", "usage": 0},
				{"appName": "Gmail", "usage": 0},
				{"appName": "내 파일", "usage": 0},
				{"appName": "캘린더", "usage": 0},
				{"appName": "Google Play 서비스", "usage": 0}
			]
		},
		"avgTime": {
			"usage": 1,
			"details": [
				{"appName": "Chrome", "usage": 1},
				{"appName": "Microsoft Health", "usage": 0},
				{"appName": "EhViewer", "usage": 0},
				{"appName": "삼성 인터넷", "usage": 0},
				{"appName": "Facebook", "usage": 0},
				{"appName": "배달요기요", "usage": 0},
				{"appName": "SR 고속열차", "usage": 0},
				{"appName": "시계", "usage": 0},
				{"appName": "메시지", "usage": 0},
				{"appName": "Paco", "usage": 0},
				{"appName": "배달의민족", "usage": 0},
				{"appName": "카카오톡", "usage": 0},
				{"appName": "One UI 홈", "usage": 0},
				{"appName": "Gmail", "usage": 0},
				{"appName": "패키지 설치 프로그램", "usage": 0},
				{"appName": "내 파일", "usage": 0},
				{"appName": "Polar Beat", "usage": 0},
				{"appName": "통화", "usage": 0},
				{"appName": "카카오뱅크", "usage": 0},
				{"appName": "캘린더", "usage": 0},
				{"appName": "Google Play 서비스", "usage": 0}
			]
		},
		"lastPickup": {"time": 0}
	},
	{
		"date": 5,
		"totalTime": {
			"usage": 796,
			"details": [
				{"appName": "Chrome", "usage": 723},
				{"appName": "카카오톡", "usage": 23},
				{"appName": "YouTube", "usage": 13},
				{"appName": "One UI 홈", "usage": 7},
				{"appName": "카카오 T", "usage": 5},
				{"appName": "SR 고속열차", "usage": 4},
				{"appName": "Paco", "usage": 2},
				{"appName": "Samsung Pay", "usage": 2},
				{"appName": "Gmail", "usage": 2},
				{"appName": "메시지", "usage": 2},
				{"appName": "Facebook", "usage": 1},
				{"appName": "카카오맵", "usage": 0},
				{"appName": "직방", "usage": 0},
				{"appName": "카카오버스", "usage": 0},
				{"appName": "카카오뱅크", "usage": 0},
				{"appName": "패키지 설치 프로그램", "usage": 0},
				{"appName": "에브리타임", "usage": 0},
				{"appName": "Microsoft Health", "usage": 0},
				{"appName": "통화", "usage": 0},
				{"appName": "Google Play 스토어", "usage": 0},
				{"appName": "PASS", "usage": 0},
				{"appName": "Polar Beat", "usage": 0},
				{"appName": "전화", "usage": 0},
				{"appName": "계산기", "usage": 0},
				{"appName": "리마인더", "usage": 0},
				{"appName": "Dropsync", "usage": 0},
				{"appName": "안드로이드 시스템", "usage": 0},
				{"appName": "내 파일", "usage": 0},
				{"appName": "카메라", "usage": 0}
			]
		},
		"pickups": {"usage": 96},
		"downTime": {
			"usages": [
				{"hour": 2, "usage": 0},
				{"hour": 5, "usage": 5},
				{"hour": 6, "usage": 1},
				{"hour": 7, "usage": 0},
				{"hour": 8, "usage": 24},
				{"hour": 9, "usage": 34},
				{"hour": 10, "usage": 25},
				{"hour": 11, "usage": 19},
				{"hour": 12, "usage": 0}
			],
			"details": [
				{"appName": "Paco", "usage": [5, 6, 7, 8, 9, 10, 11, 12]},
				{"appName": "One UI 홈", "usage": [5, 6, 8, 9, 10, 11, 12]},
				{"appName": "카카오톡", "usage": [5, 8, 9, 10, 11, 12]},
				{"appName": "Chrome", "usage": [5, 8, 9, 10, 11, 12]},
				{"appName": "메시지", "usage": [6, 9, 10, 12]},
				{"appName": "통화", "usage": [8, 9, 11]},
				{"appName": "카카오뱅크", "usage": [8, 10, 11]},
				{"appName": "Samsung Pay", "usage": [8, 9, 11]},
				{"appName": "카카오맵", "usage": [9, 11]},
				{"appName": "카카오 T", "usage": [8, 11]},
				{"appName": "에브리타임", "usage": [10, 11]},
				{"appName": "YouTube", "usage": [8, 9]},
				{"appName": "SR 고속열차", "usage": [8, 9]},
				{"appName": "Gmail", "usage": [5, 10]},
				{"appName": "패키지 설치 프로그램", "usage": [5]},
				{"appName": "카카오버스", "usage": [11]},
				{"appName": "카메라", "usage": [9]},
				{"appName": "직방", "usage": [9]},
				{"appName": "전화", "usage": [8]},
				{"appName": "안드로이드 시스템", "usage": [10]},
				{"appName": "리마인더", "usage": [9]},
				{"appName": "내 파일", "usage": [5]},
				{"appName": "계산기", "usage": [9]},
				{"appName": "Polar Beat", "usage": [5]},
				{"appName": "PASS", "usage": [11]},
				{"appName": "Microsoft Health", "usage": [5]},
				{"appName": "Google Play 스토어", "usage": [5]},
				{"appName": "Facebook", "usage": [10]},
				{"appName": "Dropsync", "usage": [8]}
			]
		},
		"maxTime": {
			"usage": 684,
			"details": [
				{"appName": "Chrome", "usage": 684},
				{"appName": "YouTube", "usage": 6},
				{"appName": "카카오 T", "usage": 3},
				{"appName": "SR 고속열차", "usage": 1},
				{"appName": "Gmail", "usage": 1},
				{"appName": "Facebook", "usage": 1},
				{"appName": "카카오톡", "usage": 1},
				{"appName": "Samsung Pay", "usage": 0},
				{"appName": "One UI 홈", "usage": 0},
				{"appName": "직방", "usage": 0},
				{"appName": "메시지", "usage": 0},
				{"appName": "패키지 설치 프로그램", "usage": 0},
				{"appName": "카카오맵", "usage": 0},
				{"appName": "Microsoft Health", "usage": 0},
				{"appName": "Paco", "usage": 0},
				{"appName": "Google Play 스토어", "usage": 0},
				{"appName": "카카오뱅크", "usage": 0},
				{"appName": "PASS", "usage": 0},
				{"appName": "계산기", "usage": 0},
				{"appName": "카카오버스", "usage": 0},
				{"appName": "Polar Beat", "usage": 0},
				{"appName": "전화", "usage": 0},
				{"appName": "통화", "usage": 0},
				{"appName": "리마인더", "usage": 0},
				{"appName": "에브리타임", "usage": 0},
				{"appName": "Dropsync", "usage": 0},
				{"appName": "안드로이드 시스템", "usage": 0},
				{"appName": "내 파일", "usage": 0},
				{"appName": "카메라", "usage": 0}
			]
		},
		"avgTime": {
			"usage": 8,
			"details": [
				{"appName": "Chrome", "usage": 12},
				{"appName": "YouTube", "usage": 2},
				{"appName": "직방", "usage": 0},
				{"appName": "Gmail", "usage": 0},
				{"appName": "SR 고속열차", "usage": 0},
				{"appName": "Facebook", "usage": 0},
				{"appName": "Samsung Pay", "usage": 0},
				{"appName": "카카오 T", "usage": 0},
				{"appName": "메시지", "usage": 0},
				{"appName": "계산기", "usage": 0},
				{"appName": "카카오맵", "usage": 0},
				{"appName": "Microsoft Health", "usage": 0},
				{"appName": "Google Play 스토어", "usage": 0},
				{"appName": "카카오톡", "usage": 0},
				{"appName": "패키지 설치 프로그램", "usage": 0},
				{"appName": "리마인더", "usage": 0},
				{"appName": "Dropsync", "usage": 0},
				{"appName": "PASS", "usage": 0},
				{"appName": "Paco", "usage": 0},
				{"appName": "카카오버스", "usage": 0},
				{"appName": "Polar Beat", "usage": 0},
				{"appName": "One UI 홈", "usage": 0},
				{"appName": "전화", "usage": 0},
				{"appName": "에브리타임", "usage": 0},
				{"appName": "안드로이드 시스템", "usage": 0},
				{"appName": "통화", "usage": 0},
				{"appName": "카카오뱅크", "usage": 0},
				{"appName": "내 파일", "usage": 0},
				{"appName": "카메라", "usage": 0}
			]
		},
		"lastPickup": {"time": 684}
	},
	{
		"date": 6,
		"totalTime": {
			"usage": 0,
			"details": [
			]
		},
		"pickups": {"usage": 0},
		"downTime": {
			"usages": [
			],
			"details": [
			]
		},
		"maxTime": {
			"usage": 0,
			"details": [
			]
		},
		"avgTime": {
			"usage": 0,
			"details": [
			]
		},
		"lastPickup": {"time": 0}
	},
	{
		"date": 7,
		"totalTime": {
			"usage": 0,
			"details": [
			]
		},
		"pickups": {"usage": 0},
		"downTime": {
			"usages": [
			],
			"details": [
			]
		},
		"maxTime": {
			"usage": 0,
			"details": [
			]
		},
		"avgTime": {
			"usage": 0,
			"details": [
			]
		},
		"lastPickup": {"time": 0}
	}
]
