[
	{
		"date": 1,
		"totalTime": {
			"usage": 780,
			"details": [
				{"appName": "카카오톡", "usage": 185},
				{"appName": "Facebook", "usage": 169},
				{"appName": "프렌즈팝콘", "usage": 111},
				{"appName": "Netflix", "usage": 82},
				{"appName": "Samsung Experience 홈", "usage": 73},
				{"appName": "YouTube", "usage": 52},
				{"appName": "삼성 인터넷", "usage": 48},
				{"appName": "T전화", "usage": 17},
				{"appName": "시계", "usage": 6},
				{"appName": "위메프", "usage": 6},
				{"appName": "메시지", "usage": 5},
				{"appName": "Paco", "usage": 4},
				{"appName": "쿠팡", "usage": 3},
				{"appName": "벅스", "usage": 3},
				{"appName": "Polar Beat", "usage": 2},
				{"appName": "원터치개인", "usage": 2},
				{"appName": "ABC Logger", "usage": 1},
				{"appName": "KLMS", "usage": 1},
				{"appName": "Mobile Print", "usage": 1},
				{"appName": "배달의민족", "usage": 1},
				{"appName": "Microsoft Health", "usage": 1},
				{"appName": "Instagram", "usage": 0},
				{"appName": "설정", "usage": 0},
				{"appName": "갤러리", "usage": 0},
				{"appName": "계산기", "usage": 0},
				{"appName": "접근성", "usage": 0},
				{"appName": "ISP/페이북", "usage": 0},
				{"appName": "패키지 설치 프로그램", "usage": 0},
				{"appName": "인쇄 스풀러", "usage": 0},
				{"appName": "카메라", "usage": 0},
				{"appName": "내 파일", "usage": 0},
				{"appName": "포토 에디터", "usage": 0},
				{"appName": "Samsung Notes", "usage": 0},
				{"appName": "시스템 UI", "usage": 0},
				{"appName": "Logger", "usage": 0},
				{"appName": "Google Play 서비스", "usage": 0},
				{"appName": "Samsung Pass 자동 완성", "usage": 0},
				{"appName": "Samsung Pay", "usage": 0},
				{"appName": "가톨릭", "usage": 0},
				{"appName": "Google", "usage": 0},
				{"appName": "전화", "usage": 0},
				{"appName": "Google Play 스토어", "usage": 0}
			]
		},
		"pickups": {"usage": 118},
		"downTime": {
			"usages": [
				{"hour": 0, "usage": 21},
				{"hour": 1, "usage": 37},
				{"hour": 2, "usage": 18},
				{"hour": 3, "usage": 26},
				{"hour": 4, "usage": 27},
				{"hour": 5, "usage": 36},
				{"hour": 6, "usage": 27},
				{"hour": 7, "usage": 7},
				{"hour": 8, "usage": 18},
				{"hour": 9, "usage": 6},
				{"hour": 10, "usage": 43},
				{"hour": 11, "usage": 32},
				{"hour": 12, "usage": 59},
				{"hour": 13, "usage": 53},
				{"hour": 14, "usage": 59},
				{"hour": 15, "usage": 53},
				{"hour": 16, "usage": 56},
				{"hour": 17, "usage": 59},
				{"hour": 18, "usage": 60},
				{"hour": 19, "usage": 59},
				{"hour": 20, "usage": 15}
			],
			"details": [
				{"appName": "카카오톡", "usage": [0, 1, 2, 3, 4, 5, 6, 7, 8, 9, 10, 11, 12, 13, 14, 15, 16, 17, 18, 19, 20]},
				{"appName": "Samsung Experience 홈", "usage": [0, 1, 2, 3, 4, 5, 6, 7, 8, 9, 10, 11, 12, 13, 14, 15, 16, 17, 18, 19, 20]},
				{"appName": "Facebook", "usage": [1, 3, 4, 5, 6, 7, 8, 9, 10, 11, 12, 13, 14, 15, 16, 17, 18, 19, 20]},
				{"appName": "Paco", "usage": [1, 3, 4, 7, 8, 9, 10, 12]},
				{"appName": "삼성 인터넷", "usage": [6, 7, 8, 13, 14, 15, 19]},
				{"appName": "T전화", "usage": [0, 1, 13, 14, 15, 16, 17]},
				{"appName": "원터치개인", "usage": [3, 5, 8, 13, 14, 15]},
				{"appName": "YouTube", "usage": [9, 10, 13, 15, 16, 17]},
				{"appName": "프렌즈팝콘", "usage": [10, 11, 12, 18, 19]},
				{"appName": "벅스", "usage": [1, 4, 5, 10, 12]},
				{"appName": "메시지", "usage": [1, 5, 6, 8, 15]},
				{"appName": "설정", "usage": [1, 8, 11, 12]},
				{"appName": "KLMS", "usage": [2, 6, 11, 16]},
				{"appName": "카메라", "usage": [4, 5, 14]},
				{"appName": "시계", "usage": [0, 17, 23]},
				{"appName": "Instagram", "usage": [3, 11, 13]},
				{"appName": "ABC Logger", "usage": [1, 5, 8]},
				{"appName": "패키지 설치 프로그램", "usage": [1, 8]},
				{"appName": "쿠팡", "usage": [13, 14]},
				{"appName": "접근성", "usage": [1, 8]},
				{"appName": "전화", "usage": [13, 14]},
				{"appName": "시스템 UI", "usage": [17, 18]},
				{"appName": "계산기", "usage": [2, 8]},
				{"appName": "갤러리", "usage": [3, 4]},
				{"appName": "Samsung Pass 자동 완성", "usage": [2, 5]},
				{"appName": "Polar Beat", "usage": [2, 13]},
				{"appName": "Netflix", "usage": [17, 18]},
				{"appName": "Microsoft Health", "usage": [1, 8]},
				{"appName": "Logger", "usage": [1, 8]},
				{"appName": "Google Play 스토어", "usage": [0, 8]},
				{"appName": "포토 에디터", "usage": [4]},
				{"appName": "인쇄 스풀러", "usage": [1]},
				{"appName": "위메프", "usage": [13]},
				{"appName": "배달의민족", "usage": [11]},
				{"appName": "내 파일", "usage": [1]},
				{"appName": "가톨릭", "usage": [1]},
				{"appName": "Samsung Pay", "usage": [11]},
				{"appName": "Samsung Notes", "usage": [1]},
				{"appName": "Mobile Print", "usage": [1]},
				{"appName": "ISP/페이북", "usage": [14]},
				{"appName": "Google Play 서비스", "usage": [8]},
				{"appName": "Google", "usage": [8]}
			]
		},
		"maxTime": {
			"usage": 144,
			"details": [
				{"appName": "프렌즈팝콘", "usage": 53},
				{"appName": "Netflix", "usage": 47},
				{"appName": "Facebook", "usage": 27},
				{"appName": "YouTube", "usage": 15},
				{"appName": "Samsung Experience 홈", "usage": 14},
				{"appName": "카카오톡", "usage": 10},
				{"appName": "삼성 인터넷", "usage": 6},
				{"appName": "T전화", "usage": 5},
				{"appName": "시계", "usage": 4},
				{"appName": "메시지", "usage": 1},
				{"appName": "위메프", "usage": 1},
				{"appName": "벅스", "usage": 1},
				{"appName": "Mobile Print", "usage": 1},
				{"appName": "쿠팡", "usage": 1},
				{"appName": "Polar Beat", "usage": 0},
				{"appName": "Paco", "usage": 0},
				{"appName": "배달의민족", "usage": 0},
				{"appName": "Microsoft Health", "usage": 0},
				{"appName": "접근성", "usage": 0},
				{"appName": "계산기", "usage": 0},
				{"appName": "Instagram", "usage": 0},
				{"appName": "KLMS", "usage": 0},
				{"appName": "설정", "usage": 0},
				{"appName": "갤러리", "usage": 0},
				{"appName": "ABC Logger", "usage": 0},
				{"appName": "패키지 설치 프로그램", "usage": 0},
				{"appName": "원터치개인", "usage": 0},
				{"appName": "ISP/페이북", "usage": 0},
				{"appName": "포토 에디터", "usage": 0},
				{"appName": "인쇄 스풀러", "usage": 0},
				{"appName": "내 파일", "usage": 0},
				{"appName": "Samsung Notes", "usage": 0},
				{"appName": "카메라", "usage": 0},
				{"appName": "Google Play 서비스", "usage": 0},
				{"appName": "Logger", "usage": 0},
				{"appName": "Samsung Pay", "usage": 0},
				{"appName": "시스템 UI", "usage": 0},
				{"appName": "Samsung Pass 자동 완성", "usage": 0},
				{"appName": "가톨릭", "usage": 0},
				{"appName": "Google", "usage": 0},
				{"appName": "전화", "usage": 0},
				{"appName": "Google Play 스토어", "usage": 0}
			]
		},
		"avgTime": {
			"usage": 6,
			"details": [
				{"appName": "프렌즈팝콘", "usage": 12},
				{"appName": "Netflix", "usage": 10},
				{"appName": "YouTube", "usage": 4},
				{"appName": "Facebook", "usage": 1},
				{"appName": "삼성 인터넷", "usage": 1},
				{"appName": "T전화", "usage": 0},
				{"appName": "시계", "usage": 0},
				{"appName": "위메프", "usage": 0},
				{"appName": "계산기", "usage": 0},
				{"appName": "접근성", "usage": 0},
				{"appName": "쿠팡", "usage": 0},
				{"appName": "Mobile Print", "usage": 0},
				{"appName": "Instagram", "usage": 0},
				{"appName": "메시지", "usage": 0},
				{"appName": "포토 에디터", "usage": 0},
				{"appName": "갤러리", "usage": 0},
				{"appName": "카카오톡", "usage": 0},
				{"appName": "Samsung Experience 홈", "usage": 0},
				{"appName": "배달의민족", "usage": 0},
				{"appName": "내 파일", "usage": 0},
				{"appName": "Microsoft Health", "usage": 0},
				{"appName": "Polar Beat", "usage": 0},
				{"appName": "KLMS", "usage": 0},
				{"appName": "Paco", "usage": 0},
				{"appName": "인쇄 스풀러", "usage": 0},
				{"appName": "설정", "usage": 0},
				{"appName": "벅스", "usage": 0},
				{"appName": "ABC Logger", "usage": 0},
				{"appName": "Google Play 서비스", "usage": 0},
				{"appName": "카메라", "usage": 0},
				{"appName": "Samsung Notes", "usage": 0},
				{"appName": "ISP/페이북", "usage": 0},
				{"appName": "원터치개인", "usage": 0},
				{"appName": "패키지 설치 프로그램", "usage": 0},
				{"appName": "Samsung Pay", "usage": 0},
				{"appName": "Samsung Pass 자동 완성", "usage": 0},
				{"appName": "Logger", "usage": 0},
				{"appName": "시스템 UI", "usage": 0},
				{"appName": "Google", "usage": 0},
				{"appName": "가톨릭", "usage": 0},
				{"appName": "전화", "usage": 0},
				{"appName": "Google Play 스토어", "usage": 0}
			]
		},
		"lastPickup": {"time": 28}
	},
	{
		"date": 2,
		"totalTime": {
			"usage": 587,
			"details": [
				{"appName": "Netflix", "usage": 195},
				{"appName": "프렌즈팝콘", "usage": 87},
				{"appName": "Facebook", "usage": 86},
				{"appName": "카카오톡", "usage": 83},
				{"appName": "YouTube", "usage": 31},
				{"appName": "Samsung Experience 홈", "usage": 30},
				{"appName": "계산기", "usage": 17},
				{"appName": "삼성 인터넷", "usage": 7},
				{"appName": "Paco", "usage": 6},
				{"appName": "카카오뱅크", "usage": 4},
				{"appName": "T전화", "usage": 3},
				{"appName": "메시지", "usage": 3},
				{"appName": "네이버 지도", "usage": 3},
				{"appName": "시계", "usage": 2},
				{"appName": "Google Play 스토어", "usage": 2},
				{"appName": "한국투자증권", "usage": 2},
				{"appName": "Microsoft Health", "usage": 2},
				{"appName": "Polar Beat", "usage": 1},
				{"appName": "쿠팡", "usage": 1},
				{"appName": "벅스", "usage": 1},
				{"appName": "", "usage": 0},
				{"appName": "Polaris Office", "usage": 0},
				{"appName": "시스템 UI", "usage": 0},
				{"appName": "패키지 설치 프로그램", "usage": 0},
				{"appName": "BAND", "usage": 0},
				{"appName": "설정", "usage": 0},
				{"appName": "원터치개인", "usage": 0},
				{"appName": "카메라", "usage": 0},
				{"appName": "Instagram", "usage": 0},
				{"appName": "Foodie", "usage": 0},
				{"appName": "Samsung Pay", "usage": 0},
				{"appName": "Logger", "usage": 0},
				{"appName": "접근성", "usage": 0},
				{"appName": "Droid-X 3.0", "usage": 0},
				{"appName": "MTP 애플리케이션", "usage": 0},
				{"appName": "내 파일", "usage": 0},
				{"appName": "날씨", "usage": 0},
				{"appName": "전화", "usage": 0},
				{"appName": "Class101", "usage": 0},
				{"appName": "삼성 캡처", "usage": 0},
				{"appName": "CJ대한통운 택배", "usage": 0},
				{"appName": "모바일교보문고", "usage": 0}
			]
		},
		"pickups": {"usage": 125},
		"downTime": {
			"usages": [
				{"hour": 0, "usage": 27},
				{"hour": 1, "usage": 27},
				{"hour": 2, "usage": 16},
				{"hour": 3, "usage": 2},
				{"hour": 4, "usage": 18},
				{"hour": 5, "usage": 18},
				{"hour": 6, "usage": 9},
				{"hour": 7, "usage": 60},
				{"hour": 8, "usage": 52},
				{"hour": 9, "usage": 27},
				{"hour": 10, "usage": 2},
				{"hour": 11, "usage": 1},
				{"hour": 12, "usage": 27},
				{"hour": 13, "usage": 33},
				{"hour": 14, "usage": 60},
				{"hour": 15, "usage": 60},
				{"hour": 16, "usage": 44},
				{"hour": 17, "usage": 51},
				{"hour": 18, "usage": 33},
				{"hour": 19, "usage": 14}
			],
			"details": [
				{"appName": "카카오톡", "usage": [0, 1, 2, 3, 4, 5, 6, 7, 8, 9, 10, 11, 12, 13, 14, 15, 16, 17, 18, 19]},
				{"appName": "Samsung Experience 홈", "usage": [0, 1, 2, 3, 4, 5, 6, 7, 8, 9, 10, 11, 12, 13, 14, 15, 16, 17, 18, 19]},
				{"appName": "Facebook", "usage": [0, 1, 2, 4, 5, 6, 7, 8, 9, 11, 12, 13, 15, 16, 17, 18]},
				{"appName": "Paco", "usage": [1, 3, 4, 5, 8, 9, 10, 12, 13]},
				{"appName": "삼성 인터넷", "usage": [1, 2, 4, 7, 8, 9, 13, 16]},
				{"appName": "프렌즈팝콘", "usage": [3, 5, 12, 16, 17, 18, 19]},
				{"appName": "Netflix", "usage": [0, 1, 7, 8, 13, 14, 15]},
				{"appName": "설정", "usage": [1, 5, 6, 7, 8, 13]},
				{"appName": "메시지", "usage": [0, 1, 5, 6, 7, 12]},
				{"appName": "YouTube", "usage": [7, 9, 12, 15, 16, 18]},
				{"appName": "패키지 설치 프로그램", "usage": [1, 5, 7, 8, 13]},
				{"appName": "시스템 UI", "usage": [1, 7, 8, 13, 15]},
				{"appName": "원터치개인", "usage": [1, 2, 3, 10]},
				{"appName": "벅스", "usage": [8, 9, 12, 13]},
				{"appName": "T전화", "usage": [4, 9, 13, 17]},
				{"appName": "접근성", "usage": [1, 8, 13]},
				{"appName": "전화", "usage": [1, 4, 17]},
				{"appName": "계산기", "usage": [10, 17, 18]},
				{"appName": "Logger", "usage": [1, 8, 13]},
				{"appName": "Google Play 스토어", "usage": [5, 7, 8]},
				{"appName": "한국투자증권", "usage": [7, 8]},
				{"appName": "쿠팡", "usage": [2, 15]},
				{"appName": "카메라", "usage": [9, 10]},
				{"appName": "시계", "usage": [0, 18]},
				{"appName": "네이버 지도", "usage": [9, 12]},
				{"appName": "Polar Beat", "usage": [1, 13]},
				{"appName": "Microsoft Health", "usage": [5, 12]},
				{"appName": "Instagram", "usage": [5, 18]},
				{"appName": "Foodie", "usage": [9, 11]},
				{"appName": "BAND", "usage": [5, 6]},
				{"appName": "카카오뱅크", "usage": [7]},
				{"appName": "삼성 캡처", "usage": [1]},
				{"appName": "모바일교보문고", "usage": [3]},
				{"appName": "내 파일", "usage": [5]},
				{"appName": "날씨", "usage": [13]},
				{"appName": "Samsung Pay", "usage": [3]},
				{"appName": "Polaris Office", "usage": [8]},
				{"appName": "MTP 애플리케이션", "usage": [5]},
				{"appName": "Droid-X 3.0", "usage": [8]},
				{"appName": "Class101", "usage": [5]},
				{"appName": "CJ대한통운 택배", "usage": [10]},
				{"appName": "", "usage": [7]}
			]
		},
		"maxTime": {
			"usage": 183,
			"details": [
				{"appName": "Netflix", "usage": 39},
				{"appName": "프렌즈팝콘", "usage": 26},
				{"appName": "계산기", "usage": 17},
				{"appName": "Facebook", "usage": 12},
				{"appName": "YouTube", "usage": 8},
				{"appName": "Samsung Experience 홈", "usage": 4},
				{"appName": "카카오톡", "usage": 3},
				{"appName": "카카오뱅크", "usage": 2},
				{"appName": "삼성 인터넷", "usage": 1},
				{"appName": "한국투자증권", "usage": 1},
				{"appName": "T전화", "usage": 1},
				{"appName": "Paco", "usage": 1},
				{"appName": "Polar Beat", "usage": 1},
				{"appName": "시계", "usage": 0},
				{"appName": "Microsoft Health", "usage": 0},
				{"appName": "", "usage": 0},
				{"appName": "메시지", "usage": 0},
				{"appName": "쿠팡", "usage": 0},
				{"appName": "네이버 지도", "usage": 0},
				{"appName": "Polaris Office", "usage": 0},
				{"appName": "Google Play 스토어", "usage": 0},
				{"appName": "패키지 설치 프로그램", "usage": 0},
				{"appName": "벅스", "usage": 0},
				{"appName": "Instagram", "usage": 0},
				{"appName": "원터치개인", "usage": 0},
				{"appName": "Samsung Pay", "usage": 0},
				{"appName": "Foodie", "usage": 0},
				{"appName": "BAND", "usage": 0},
				{"appName": "Logger", "usage": 0},
				{"appName": "카메라", "usage": 0},
				{"appName": "시스템 UI", "usage": 0},
				{"appName": "설정", "usage": 0},
				{"appName": "접근성", "usage": 0},
				{"appName": "Droid-X 3.0", "usage": 0},
				{"appName": "MTP 애플리케이션", "usage": 0},
				{"appName": "내 파일", "usage": 0},
				{"appName": "날씨", "usage": 0},
				{"appName": "전화", "usage": 0},
				{"appName": "Class101", "usage": 0},
				{"appName": "삼성 캡처", "usage": 0},
				{"appName": "CJ대한통운 택배", "usage": 0},
				{"appName": "모바일교보문고", "usage": 0}
			]
		},
		"avgTime": {
			"usage": 4,
			"details": [
				{"appName": "계산기", "usage": 5},
				{"appName": "Netflix", "usage": 5},
				{"appName": "프렌즈팝콘", "usage": 5},
				{"appName": "YouTube", "usage": 1},
				{"appName": "Facebook", "usage": 0},
				{"appName": "한국투자증권", "usage": 0},
				{"appName": "삼성 인터넷", "usage": 0},
				{"appName": "T전화", "usage": 0},
				{"appName": "Samsung Pay", "usage": 0},
				{"appName": "Microsoft Health", "usage": 0},
				{"appName": "네이버 지도", "usage": 0},
				{"appName": "메시지", "usage": 0},
				{"appName": "Polar Beat", "usage": 0},
				{"appName": "Paco", "usage": 0},
				{"appName": "시계", "usage": 0},
				{"appName": "Polaris Office", "usage": 0},
				{"appName": "", "usage": 0},
				{"appName": "Instagram", "usage": 0},
				{"appName": "쿠팡", "usage": 0},
				{"appName": "카카오톡", "usage": 0},
				{"appName": "카메라", "usage": 0},
				{"appName": "카카오뱅크", "usage": 0},
				{"appName": "Google Play 스토어", "usage": 0},
				{"appName": "Foodie", "usage": 0},
				{"appName": "Samsung Experience 홈", "usage": 0},
				{"appName": "원터치개인", "usage": 0},
				{"appName": "BAND", "usage": 0},
				{"appName": "패키지 설치 프로그램", "usage": 0},
				{"appName": "접근성", "usage": 0},
				{"appName": "MTP 애플리케이션", "usage": 0},
				{"appName": "설정", "usage": 0},
				{"appName": "벅스", "usage": 0},
				{"appName": "내 파일", "usage": 0},
				{"appName": "Logger", "usage": 0},
				{"appName": "날씨", "usage": 0},
				{"appName": "시스템 UI", "usage": 0},
				{"appName": "Droid-X 3.0", "usage": 0},
				{"appName": "Class101", "usage": 0},
				{"appName": "전화", "usage": 0},
				{"appName": "삼성 캡처", "usage": 0},
				{"appName": "CJ대한통운 택배", "usage": 0},
				{"appName": "모바일교보문고", "usage": 0}
			]
		},
		"lastPickup": {"time": 34}
	},
	{
		"date": 3,
		"totalTime": {
			"usage": 593,
			"details": [
				{"appName": "카카오톡", "usage": 160},
				{"appName": "Samsung Experience 홈", "usage": 113},
				{"appName": "Facebook", "usage": 102},
				{"appName": "Netflix", "usage": 92},
				{"appName": "프렌즈팝콘", "usage": 35},
				{"appName": "삼성 인터넷", "usage": 21},
				{"appName": "YouTube", "usage": 17},
				{"appName": "시계", "usage": 8},
				{"appName": "T전화", "usage": 5},
				{"appName": "배달의민족", "usage": 4},
				{"appName": "원터치개인", "usage": 4},
				{"appName": "벅스", "usage": 3},
				{"appName": "Paco", "usage": 3},
				{"appName": "위메프", "usage": 2},
				{"appName": "Polar Beat", "usage": 1},
				{"appName": "카메라", "usage": 1},
				{"appName": "Polaris Office", "usage": 1},
				{"appName": "스프레드시트", "usage": 0},
				{"appName": "쿠팡", "usage": 0},
				{"appName": "드라이브", "usage": 0},
				{"appName": "메시지", "usage": 0},
				{"appName": "갤러리", "usage": 0},
				{"appName": "ISP/페이북", "usage": 0},
				{"appName": "설정", "usage": 0},
				{"appName": "카카오뱅크", "usage": 0},
				{"appName": "내 파일", "usage": 0},
				{"appName": "Google Play 스토어", "usage": 0},
				{"appName": "Logger", "usage": 0},
				{"appName": "Instagram", "usage": 0},
				{"appName": "접근성", "usage": 0},
				{"appName": "한국투자증권", "usage": 0},
				{"appName": "빅스비 보이스", "usage": 0},
				{"appName": "패키지 설치 프로그램", "usage": 0},
				{"appName": "전화", "usage": 0},
				{"appName": "삼성 캡처", "usage": 0}
			]
		},
		"pickups": {"usage": 131},
		"downTime": {
			"usages": [
				{"hour": 0, "usage": 53},
				{"hour": 1, "usage": 29},
				{"hour": 2, "usage": 6},
				{"hour": 3, "usage": 16},
				{"hour": 4, "usage": 26},
				{"hour": 5, "usage": 54},
				{"hour": 6, "usage": 17},
				{"hour": 7, "usage": 23},
				{"hour": 8, "usage": 39},
				{"hour": 9, "usage": 36},
				{"hour": 10, "usage": 28},
				{"hour": 11, "usage": 22},
				{"hour": 12, "usage": 19},
				{"hour": 13, "usage": 7},
				{"hour": 14, "usage": 6},
				{"hour": 15, "usage": 13},
				{"hour": 16, "usage": 25},
				{"hour": 17, "usage": 32},
				{"hour": 18, "usage": 29},
				{"hour": 19, "usage": 31},
				{"hour": 20, "usage": 60},
				{"hour": 21, "usage": 13}
			],
			"details": [
				{"appName": "카카오톡", "usage": [0, 1, 2, 3, 4, 5, 6, 7, 8, 9, 10, 11, 12, 13, 14, 15, 16, 17, 18, 19, 20, 21]},
				{"appName": "Samsung Experience 홈", "usage": [0, 1, 2, 3, 4, 5, 6, 7, 8, 9, 10, 11, 12, 13, 14, 15, 16, 17, 18, 19, 20, 21]},
				{"appName": "Facebook", "usage": [3, 4, 5, 6, 8, 9, 10, 11, 12, 14, 15, 16, 17, 18, 19]},
				{"appName": "삼성 인터넷", "usage": [3, 4, 5, 6, 8, 9, 12, 15, 17]},
				{"appName": "Paco", "usage": [1, 2, 3, 4, 5, 9, 10, 12, 13]},
				{"appName": "원터치개인", "usage": [1, 2, 9, 12, 13, 16]},
				{"appName": "시계", "usage": [0, 1, 6, 7, 20]},
				{"appName": "벅스", "usage": [1, 3, 4, 5, 8]},
				{"appName": "Netflix", "usage": [5, 14, 19, 20, 21]},
				{"appName": "메시지", "usage": [1, 7, 9, 17]},
				{"appName": "T전화", "usage": [8, 9, 16, 17]},
				{"appName": "프렌즈팝콘", "usage": [8, 10, 17]},
				{"appName": "설정", "usage": [1, 11, 13]},
				{"appName": "배달의민족", "usage": [15, 16, 17]},
				{"appName": "YouTube", "usage": [5, 14, 15]},
				{"appName": "패키지 설치 프로그램", "usage": [1, 11]},
				{"appName": "카메라", "usage": [8, 17]},
				{"appName": "접근성", "usage": [1, 11]},
				{"appName": "내 파일", "usage": [9, 10]},
				{"appName": "갤러리", "usage": [8, 17]},
				{"appName": "Polaris Office", "usage": [9, 10]},
				{"appName": "Polar Beat", "usage": [1, 13]},
				{"appName": "Logger", "usage": [1, 11]},
				{"appName": "ISP/페이북", "usage": [9, 16]},
				{"appName": "한국투자증권", "usage": [12]},
				{"appName": "쿠팡", "usage": [10]},
				{"appName": "카카오뱅크", "usage": [1]},
				{"appName": "전화", "usage": [8]},
				{"appName": "위메프", "usage": [9]},
				{"appName": "스프레드시트", "usage": [5]},
				{"appName": "삼성 캡처", "usage": [9]},
				{"appName": "빅스비 보이스", "usage": [16]},
				{"appName": "드라이브", "usage": [5]},
				{"appName": "Instagram", "usage": [3]},
				{"appName": "Google Play 스토어", "usage": [9]}
			]
		},
		"maxTime": {
			"usage": 94,
			"details": [
				{"appName": "Netflix", "usage": 65},
				{"appName": "Facebook", "usage": 29},
				{"appName": "Samsung Experience 홈", "usage": 18},
				{"appName": "카카오톡", "usage": 13},
				{"appName": "프렌즈팝콘", "usage": 11},
				{"appName": "YouTube", "usage": 8},
				{"appName": "삼성 인터넷", "usage": 4},
				{"appName": "시계", "usage": 3},
				{"appName": "T전화", "usage": 2},
				{"appName": "벅스", "usage": 1},
				{"appName": "Polar Beat", "usage": 1},
				{"appName": "Polaris Office", "usage": 0},
				{"appName": "원터치개인", "usage": 0},
				{"appName": "배달의민족", "usage": 0},
				{"appName": "카메라", "usage": 0},
				{"appName": "스프레드시트", "usage": 0},
				{"appName": "위메프", "usage": 0},
				{"appName": "드라이브", "usage": 0},
				{"appName": "쿠팡", "usage": 0},
				{"appName": "Paco", "usage": 0},
				{"appName": "갤러리", "usage": 0},
				{"appName": "Instagram", "usage": 0},
				{"appName": "Google Play 스토어", "usage": 0},
				{"appName": "ISP/페이북", "usage": 0},
				{"appName": "메시지", "usage": 0},
				{"appName": "내 파일", "usage": 0},
				{"appName": "Logger", "usage": 0},
				{"appName": "설정", "usage": 0},
				{"appName": "한국투자증권", "usage": 0},
				{"appName": "카카오뱅크", "usage": 0},
				{"appName": "접근성", "usage": 0},
				{"appName": "빅스비 보이스", "usage": 0},
				{"appName": "패키지 설치 프로그램", "usage": 0},
				{"appName": "전화", "usage": 0},
				{"appName": "삼성 캡처", "usage": 0}
			]
		},
		"avgTime": {
			"usage": 4,
			"details": [
				{"appName": "프렌즈팝콘", "usage": 7},
				{"appName": "Netflix", "usage": 5},
				{"appName": "YouTube", "usage": 2},
				{"appName": "Facebook", "usage": 1},
				{"appName": "삼성 인터넷", "usage": 1},
				{"appName": "T전화", "usage": 0},
				{"appName": "Samsung Experience 홈", "usage": 0},
				{"appName": "Polaris Office", "usage": 0},
				{"appName": "스프레드시트", "usage": 0},
				{"appName": "시계", "usage": 0},
				{"appName": "위메프", "usage": 0},
				{"appName": "쿠팡", "usage": 0},
				{"appName": "카카오톡", "usage": 0},
				{"appName": "드라이브", "usage": 0},
				{"appName": "Instagram", "usage": 0},
				{"appName": "Polar Beat", "usage": 0},
				{"appName": "카메라", "usage": 0},
				{"appName": "벅스", "usage": 0},
				{"appName": "Paco", "usage": 0},
				{"appName": "배달의민족", "usage": 0},
				{"appName": "내 파일", "usage": 0},
				{"appName": "원터치개인", "usage": 0},
				{"appName": "갤러리", "usage": 0},
				{"appName": "한국투자증권", "usage": 0},
				{"appName": "메시지", "usage": 0},
				{"appName": "Google Play 스토어", "usage": 0},
				{"appName": "ISP/페이북", "usage": 0},
				{"appName": "설정", "usage": 0},
				{"appName": "접근성", "usage": 0},
				{"appName": "Logger", "usage": 0},
				{"appName": "빅스비 보이스", "usage": 0},
				{"appName": "카카오뱅크", "usage": 0},
				{"appName": "패키지 설치 프로그램", "usage": 0},
				{"appName": "전화", "usage": 0},
				{"appName": "삼성 캡처", "usage": 0}
			]
		},
		"lastPickup": {"time": 94}
	},
	{
		"date": 4,
		"totalTime": {
			"usage": 655,
			"details": [
				{"appName": "Netflix", "usage": 151},
				{"appName": "프렌즈팝콘", "usage": 128},
				{"appName": "카카오톡", "usage": 121},
				{"appName": "Facebook", "usage": 67},
				{"appName": "Samsung Experience 홈", "usage": 59},
				{"appName": "삼성 인터넷", "usage": 32},
				{"appName": "시계", "usage": 22},
				{"appName": "T전화", "usage": 21},
				{"appName": "YouTube", "usage": 21},
				{"appName": "CakeTown", "usage": 4},
				{"appName": "Paco", "usage": 2},
				{"appName": "갤러리", "usage": 2},
				{"appName": "Instagram", "usage": 1},
				{"appName": "카카오뱅크", "usage": 1},
				{"appName": "Google Play 스토어", "usage": 1},
				{"appName": "설정", "usage": 1},
				{"appName": "Polar Beat", "usage": 0},
				{"appName": "메시지", "usage": 0},
				{"appName": "Logger", "usage": 0},
				{"appName": "mVaccine for web", "usage": 0},
				{"appName": "벅스", "usage": 0},
				{"appName": "Foodie", "usage": 0},
				{"appName": "원터치개인", "usage": 0},
				{"appName": "위메프", "usage": 0},
				{"appName": "네이버 지도", "usage": 0},
				{"appName": "시스템 UI", "usage": 0},
				{"appName": "비디오 플레이어", "usage": 0},
				{"appName": "카메라", "usage": 0},
				{"appName": "접근성", "usage": 0},
				{"appName": "빅스비 보이스", "usage": 0},
				{"appName": "패키지 설치 프로그램", "usage": 0},
				{"appName": "Google", "usage": 0},
				{"appName": "Google Play 서비스", "usage": 0},
				{"appName": "Samsung Pay", "usage": 0},
				{"appName": "전화", "usage": 0},
				{"appName": "CJ대한통운 택배", "usage": 0},
				{"appName": "모바일교보문고", "usage": 0}
			]
		},
		"pickups": {"usage": 78},
		"downTime": {
			"usages": [
				{"hour": 1, "usage": 11},
				{"hour": 2, "usage": 44},
				{"hour": 3, "usage": 37},
				{"hour": 4, "usage": 19},
				{"hour": 5, "usage": 46},
				{"hour": 6, "usage": 60},
				{"hour": 7, "usage": 60},
				{"hour": 8, "usage": 37},
				{"hour": 9, "usage": 7},
				{"hour": 10, "usage": 22},
				{"hour": 11, "usage": 6},
				{"hour": 12, "usage": 52},
				{"hour": 13, "usage": 13},
				{"hour": 14, "usage": 40},
				{"hour": 15, "usage": 60},
				{"hour": 16, "usage": 60},
				{"hour": 17, "usage": 34},
				{"hour": 22, "usage": 13},
				{"hour": 23, "usage": 28}
			],
			"details": [
				{"appName": "Samsung Experience 홈", "usage": [1, 2, 3, 4, 5, 6, 7, 8, 9, 10, 11, 12, 13, 14, 15, 16, 17, 18, 22, 23]},
				{"appName": "카카오톡", "usage": [2, 3, 4, 5, 6, 7, 8, 9, 10, 11, 12, 13, 14, 15, 16, 17, 22, 23]},
				{"appName": "Facebook", "usage": [2, 3, 4, 5, 6, 7, 8, 9, 10, 11, 12, 14, 15, 16, 22]},
				{"appName": "삼성 인터넷", "usage": [2, 3, 5, 7, 8, 9, 12, 13, 15, 16]},
				{"appName": "프렌즈팝콘", "usage": [5, 6, 10, 12, 13, 14, 16, 17]},
				{"appName": "시계", "usage": [1, 2, 3, 15, 22, 23]},
				{"appName": "T전화", "usage": [2, 4, 8, 14, 15, 16]},
				{"appName": "Paco", "usage": [3, 4, 7, 10, 12, 13]},
				{"appName": "Netflix", "usage": [4, 6, 7, 8, 15, 16]},
				{"appName": "시스템 UI", "usage": [6, 7, 8, 15, 16]},
				{"appName": "설정", "usage": [3, 8, 12, 13, 15]},
				{"appName": "메시지", "usage": [2, 3, 5, 7]},
				{"appName": "패키지 설치 프로그램", "usage": [3, 12, 13]},
				{"appName": "원터치개인", "usage": [2, 13, 14]},
				{"appName": "Instagram", "usage": [4, 7, 12]},
				{"appName": "Google Play 스토어", "usage": [2, 3, 8]},
				{"appName": "카카오뱅크", "usage": [11, 13]},
				{"appName": "접근성", "usage": [3, 13]},
				{"appName": "전화", "usage": [4, 15]},
				{"appName": "Polar Beat", "usage": [3, 13]},
				{"appName": "Logger", "usage": [3, 13]},
				{"appName": "Google", "usage": [3, 7]},
				{"appName": "카메라", "usage": [3]},
				{"appName": "위메프", "usage": [4]},
				{"appName": "빅스비 보이스", "usage": [22]},
				{"appName": "비디오 플레이어", "usage": [7]},
				{"appName": "벅스", "usage": [23]},
				{"appName": "모바일교보문고", "usage": [18]},
				{"appName": "네이버 지도", "usage": [9]},
				{"appName": "갤러리", "usage": [13]},
				{"appName": "mVaccine for web", "usage": [3]},
				{"appName": "YouTube", "usage": [23]},
				{"appName": "Samsung Pay", "usage": [22]},
				{"appName": "Google Play 서비스", "usage": [5]},
				{"appName": "Foodie", "usage": [9]},
				{"appName": "CakeTown", "usage": [12]},
				{"appName": "CJ대한통운 택배", "usage": [11]}
			]
		},
		"maxTime": {
			"usage": 175,
			"details": [
				{"appName": "Netflix", "usage": 36},
				{"appName": "프렌즈팝콘", "usage": 36},
				{"appName": "카카오톡", "usage": 25},
				{"appName": "YouTube", "usage": 21},
				{"appName": "Samsung Experience 홈", "usage": 10},
				{"appName": "시계", "usage": 9},
				{"appName": "T전화", "usage": 7},
				{"appName": "삼성 인터넷", "usage": 6},
				{"appName": "Facebook", "usage": 5},
				{"appName": "갤러리", "usage": 2},
				{"appName": "CakeTown", "usage": 2},
				{"appName": "Instagram", "usage": 0},
				{"appName": "벅스", "usage": 0},
				{"appName": "Paco", "usage": 0},
				{"appName": "Logger", "usage": 0},
				{"appName": "Polar Beat", "usage": 0},
				{"appName": "위메프", "usage": 0},
				{"appName": "Google Play 스토어", "usage": 0},
				{"appName": "Foodie", "usage": 0},
				{"appName": "mVaccine for web", "usage": 0},
				{"appName": "네이버 지도", "usage": 0},
				{"appName": "메시지", "usage": 0},
				{"appName": "카카오뱅크", "usage": 0},
				{"appName": "비디오 플레이어", "usage": 0},
				{"appName": "설정", "usage": 0},
				{"appName": "원터치개인", "usage": 0},
				{"appName": "빅스비 보이스", "usage": 0},
				{"appName": "시스템 UI", "usage": 0},
				{"appName": "카메라", "usage": 0},
				{"appName": "접근성", "usage": 0},
				{"appName": "Google Play 서비스", "usage": 0},
				{"appName": "Samsung Pay", "usage": 0},
				{"appName": "패키지 설치 프로그램", "usage": 0},
				{"appName": "Google", "usage": 0},
				{"appName": "전화", "usage": 0},
				{"appName": "CJ대한통운 택배", "usage": 0},
				{"appName": "모바일교보문고", "usage": 0}
			]
		},
		"avgTime": {
			"usage": 8,
			"details": [
				{"appName": "프렌즈팝콘", "usage": 18},
				{"appName": "YouTube", "usage": 10},
				{"appName": "Netflix", "usage": 3},
				{"appName": "갤러리", "usage": 2},
				{"appName": "삼성 인터넷", "usage": 1},
				{"appName": "CakeTown", "usage": 1},
				{"appName": "T전화", "usage": 0},
				{"appName": "시계", "usage": 0},
				{"appName": "Facebook", "usage": 0},
				{"appName": "Instagram", "usage": 0},
				{"appName": "벅스", "usage": 0},
				{"appName": "카카오톡", "usage": 0},
				{"appName": "mVaccine for web", "usage": 0},
				{"appName": "Samsung Experience 홈", "usage": 0},
				{"appName": "Foodie", "usage": 0},
				{"appName": "Logger", "usage": 0},
				{"appName": "네이버 지도", "usage": 0},
				{"appName": "Paco", "usage": 0},
				{"appName": "위메프", "usage": 0},
				{"appName": "Polar Beat", "usage": 0},
				{"appName": "비디오 플레이어", "usage": 0},
				{"appName": "메시지", "usage": 0},
				{"appName": "설정", "usage": 0},
				{"appName": "Google Play 스토어", "usage": 0},
				{"appName": "카메라", "usage": 0},
				{"appName": "원터치개인", "usage": 0},
				{"appName": "카카오뱅크", "usage": 0},
				{"appName": "Google Play 서비스", "usage": 0},
				{"appName": "접근성", "usage": 0},
				{"appName": "빅스비 보이스", "usage": 0},
				{"appName": "시스템 UI", "usage": 0},
				{"appName": "Google", "usage": 0},
				{"appName": "패키지 설치 프로그램", "usage": 0},
				{"appName": "Samsung Pay", "usage": 0},
				{"appName": "전화", "usage": 0},
				{"appName": "CJ대한통운 택배", "usage": 0},
				{"appName": "모바일교보문고", "usage": 0}
			]
		},
		"lastPickup": {"time": 0}
	},
	{
		"date": 5,
		"totalTime": {
			"usage": 558,
			"details": [
				{"appName": "프렌즈팝콘", "usage": 176},
				{"appName": "카카오톡", "usage": 84},
				{"appName": "Facebook", "usage": 76},
				{"appName": "Samsung Experience 홈", "usage": 59},
				{"appName": "YouTube", "usage": 40},
				{"appName": "삼성 인터넷", "usage": 27},
				{"appName": "한국투자 주식", "usage": 16},
				{"appName": "Perfect Piano", "usage": 14},
				{"appName": "T전화", "usage": 14},
				{"appName": "시계", "usage": 11},
				{"appName": "Samsung Pay", "usage": 9},
				{"appName": "설정", "usage": 2},
				{"appName": "Paco", "usage": 2},
				{"appName": "카카오뱅크", "usage": 2},
				{"appName": "T멤버십", "usage": 2},
				{"appName": "메시지", "usage": 2},
				{"appName": "Google Play 스토어", "usage": 1},
				{"appName": "카메라", "usage": 0},
				{"appName": "Instagram", "usage": 0},
				{"appName": "Piano", "usage": 0},
				{"appName": "갤러리", "usage": 0},
				{"appName": "Polar Beat", "usage": 0},
				{"appName": "한국투자증권", "usage": 0},
				{"appName": "벅스", "usage": 0},
				{"appName": "KFTC FIDO LINK", "usage": 0},
				{"appName": "캘린더", "usage": 0},
				{"appName": "빅스비 보이스", "usage": 0},
				{"appName": "Foodie", "usage": 0},
				{"appName": "원터치개인", "usage": 0},
				{"appName": "Logger", "usage": 0},
				{"appName": "디바이스 케어", "usage": 0},
				{"appName": "패키지 설치 프로그램", "usage": 0},
				{"appName": "접근성", "usage": 0},
				{"appName": "T 안심", "usage": 0},
				{"appName": "안드로이드 시스템", "usage": 0},
				{"appName": "Bubble Shooter", "usage": 0},
				{"appName": "전화", "usage": 0}
			]
		},
		"pickups": {"usage": 165},
		"downTime": {
			"usages": [
				{"hour": 0, "usage": 1},
				{"hour": 1, "usage": 12},
				{"hour": 2, "usage": 3},
				{"hour": 3, "usage": 14},
				{"hour": 4, "usage": 5},
				{"hour": 5, "usage": 2},
				{"hour": 6, "usage": 30},
				{"hour": 7, "usage": 43},
				{"hour": 8, "usage": 19},
				{"hour": 9, "usage": 29},
				{"hour": 10, "usage": 29},
				{"hour": 11, "usage": 53},
				{"hour": 12, "usage": 6},
				{"hour": 13, "usage": 43},
				{"hour": 14, "usage": 60},
				{"hour": 15, "usage": 47},
				{"hour": 16, "usage": 55},
				{"hour": 17, "usage": 40},
				{"hour": 22, "usage": 48},
				{"hour": 23, "usage": 8}
			],
			"details": [
				{"appName": "Samsung Experience 홈", "usage": [0, 1, 2, 3, 4, 5, 6, 7, 8, 9, 10, 11, 12, 13, 14, 15, 16, 17, 18, 22, 23]},
				{"appName": "카카오톡", "usage": [0, 1, 2, 3, 4, 5, 6, 7, 8, 9, 10, 11, 12, 13, 14, 15, 16, 17, 22, 23]},
				{"appName": "Facebook", "usage": [3, 4, 6, 7, 8, 9, 10, 13, 14, 15, 16, 17, 22, 23]},
				{"appName": "삼성 인터넷", "usage": [1, 2, 3, 8, 9, 10, 11, 12, 13, 14, 15, 16, 23]},
				{"appName": "프렌즈팝콘", "usage": [1, 6, 7, 10, 11, 13, 15, 16, 17]},
				{"appName": "Paco", "usage": [1, 3, 6, 7, 9, 10, 12, 13]},
				{"appName": "카메라", "usage": [5, 6, 7, 8, 9, 12]},
				{"appName": "패키지 설치 프로그램", "usage": [1, 7, 9, 10, 23]},
				{"appName": "설정", "usage": [1, 9, 10, 17, 23]},
				{"appName": "YouTube", "usage": [1, 14, 15, 16, 17]},
				{"appName": "T전화", "usage": [2, 13, 14, 15, 17]},
				{"appName": "접근성", "usage": [1, 9, 10, 23]},
				{"appName": "메시지", "usage": [6, 10, 15, 22]},
				{"appName": "갤러리", "usage": [6, 11, 12, 23]},
				{"appName": "Logger", "usage": [1, 9, 10, 23]},
				{"appName": "한국투자 주식", "usage": [9, 10, 15]},
				{"appName": "캘린더", "usage": [12, 13, 14]},
				{"appName": "카카오뱅크", "usage": [9, 15]},
				{"appName": "전화", "usage": [13, 17]},
				{"appName": "시계", "usage": [17, 22]},
				{"appName": "벅스", "usage": [1, 22]},
				{"appName": "T 안심", "usage": [18, 22]},
				{"appName": "Samsung Pay", "usage": [9, 22]},
				{"appName": "Polar Beat", "usage": [1, 23]},
				{"appName": "Perfect Piano", "usage": [7, 8]},
				{"appName": "Google Play 스토어", "usage": [7, 9]},
				{"appName": "한국투자증권", "usage": [9]},
				{"appName": "원터치개인", "usage": [15]},
				{"appName": "안드로이드 시스템", "usage": [15]},
				{"appName": "빅스비 보이스", "usage": [16]},
				{"appName": "디바이스 케어", "usage": [3]},
				{"appName": "T멤버십", "usage": [7]},
				{"appName": "Piano", "usage": [7]},
				{"appName": "KFTC FIDO LINK", "usage": [15]},
				{"appName": "Instagram", "usage": [16]},
				{"appName": "Foodie", "usage": [0]},
				{"appName": "Bubble Shooter", "usage": [15]}
			]
		},
		"maxTime": {
			"usage": 106,
			"details": [
				{"appName": "프렌즈팝콘", "usage": 30},
				{"appName": "YouTube", "usage": 23},
				{"appName": "Facebook", "usage": 15},
				{"appName": "삼성 인터넷", "usage": 9},
				{"appName": "Perfect Piano", "usage": 8},
				{"appName": "T전화", "usage": 8},
				{"appName": "카카오톡", "usage": 7},
				{"appName": "Samsung Experience 홈", "usage": 6},
				{"appName": "Samsung Pay", "usage": 6},
				{"appName": "시계", "usage": 4},
				{"appName": "한국투자 주식", "usage": 3},
				{"appName": "T멤버십", "usage": 1},
				{"appName": "메시지", "usage": 0},
				{"appName": "설정", "usage": 0},
				{"appName": "Instagram", "usage": 0},
				{"appName": "카카오뱅크", "usage": 0},
				{"appName": "Google Play 스토어", "usage": 0},
				{"appName": "한국투자증권", "usage": 0},
				{"appName": "Paco", "usage": 0},
				{"appName": "Piano", "usage": 0},
				{"appName": "벅스", "usage": 0},
				{"appName": "빅스비 보이스", "usage": 0},
				{"appName": "갤러리", "usage": 0},
				{"appName": "Foodie", "usage": 0},
				{"appName": "카메라", "usage": 0},
				{"appName": "원터치개인", "usage": 0},
				{"appName": "디바이스 케어", "usage": 0},
				{"appName": "Polar Beat", "usage": 0},
				{"appName": "캘린더", "usage": 0},
				{"appName": "KFTC FIDO LINK", "usage": 0},
				{"appName": "패키지 설치 프로그램", "usage": 0},
				{"appName": "Logger", "usage": 0},
				{"appName": "안드로이드 시스템", "usage": 0},
				{"appName": "접근성", "usage": 0},
				{"appName": "T 안심", "usage": 0},
				{"appName": "Bubble Shooter", "usage": 0},
				{"appName": "전화", "usage": 0}
			]
		},
		"avgTime": {
			"usage": 3,
			"details": [
				{"appName": "YouTube", "usage": 5},
				{"appName": "프렌즈팝콘", "usage": 4},
				{"appName": "Perfect Piano", "usage": 2},
				{"appName": "삼성 인터넷", "usage": 1},
				{"appName": "T전화", "usage": 1},
				{"appName": "Samsung Pay", "usage": 1},
				{"appName": "Facebook", "usage": 1},
				{"appName": "한국투자 주식", "usage": 0},
				{"appName": "시계", "usage": 0},
				{"appName": "T멤버십", "usage": 0},
				{"appName": "한국투자증권", "usage": 0},
				{"appName": "Instagram", "usage": 0},
				{"appName": "빅스비 보이스", "usage": 0},
				{"appName": "Foodie", "usage": 0},
				{"appName": "메시지", "usage": 0},
				{"appName": "갤러리", "usage": 0},
				{"appName": "Samsung Experience 홈", "usage": 0},
				{"appName": "설정", "usage": 0},
				{"appName": "Piano", "usage": 0},
				{"appName": "Paco", "usage": 0},
				{"appName": "벅스", "usage": 0},
				{"appName": "카카오톡", "usage": 0},
				{"appName": "캘린더", "usage": 0},
				{"appName": "디바이스 케어", "usage": 0},
				{"appName": "카메라", "usage": 0},
				{"appName": "원터치개인", "usage": 0},
				{"appName": "Google Play 스토어", "usage": 0},
				{"appName": "Polar Beat", "usage": 0},
				{"appName": "카카오뱅크", "usage": 0},
				{"appName": "안드로이드 시스템", "usage": 0},
				{"appName": "접근성", "usage": 0},
				{"appName": "Logger", "usage": 0},
				{"appName": "패키지 설치 프로그램", "usage": 0},
				{"appName": "Bubble Shooter", "usage": 0},
				{"appName": "T 안심", "usage": 0},
				{"appName": "KFTC FIDO LINK", "usage": 0},
				{"appName": "전화", "usage": 0}
			]
		},
		"lastPickup": {"time": 0}
	},
	{
		"date": 6,
		"totalTime": {
			"usage": 484,
			"details": [
				{"appName": "프렌즈팝콘", "usage": 124},
				{"appName": "카카오톡", "usage": 123},
				{"appName": "Facebook", "usage": 85},
				{"appName": "Samsung Experience 홈", "usage": 63},
				{"appName": "YouTube", "usage": 23},
				{"appName": "삼성 인터넷", "usage": 16},
				{"appName": "쿠팡", "usage": 10},
				{"appName": "PowerPoint", "usage": 6},
				{"appName": "카메라", "usage": 3},
				{"appName": "배달의민족", "usage": 3},
				{"appName": "T전화", "usage": 3},
				{"appName": "빅스비 보이스", "usage": 1},
				{"appName": "원터치개인", "usage": 1},
				{"appName": "Paco", "usage": 1},
				{"appName": "빅스비 비전", "usage": 1},
				{"appName": "설정", "usage": 0},
				{"appName": "위메프", "usage": 0},
				{"appName": "갤러리", "usage": 0},
				{"appName": "시계", "usage": 0},
				{"appName": "Logger", "usage": 0},
				{"appName": "Foodie", "usage": 0},
				{"appName": "메시지", "usage": 0},
				{"appName": "네이버 지도", "usage": 0},
				{"appName": "Polar Beat", "usage": 0},
				{"appName": "카카오뱅크", "usage": 0},
				{"appName": "접근성", "usage": 0},
				{"appName": "Netflix", "usage": 0},
				{"appName": "Samsung Pay", "usage": 0},
				{"appName": "벅스", "usage": 0},
				{"appName": "패키지 설치 프로그램", "usage": 0},
				{"appName": "날씨", "usage": 0},
				{"appName": "Google", "usage": 0},
				{"appName": "전화", "usage": 0}
			]
		},
		"pickups": {"usage": 237},
		"downTime": {
			"usages": [
				{"hour": 0, "usage": 26},
				{"hour": 1, "usage": 31},
				{"hour": 2, "usage": 38},
				{"hour": 3, "usage": 5},
				{"hour": 4, "usage": 15},
				{"hour": 5, "usage": 39},
				{"hour": 6, "usage": 12},
				{"hour": 7, "usage": 13},
				{"hour": 8, "usage": 23},
				{"hour": 9, "usage": 18},
				{"hour": 10, "usage": 9},
				{"hour": 11, "usage": 18},
				{"hour": 12, "usage": 8},
				{"hour": 13, "usage": 19},
				{"hour": 14, "usage": 28},
				{"hour": 15, "usage": 48},
				{"hour": 16, "usage": 49},
				{"hour": 17, "usage": 11},
				{"hour": 18, "usage": 9},
				{"hour": 22, "usage": 38},
				{"hour": 23, "usage": 16}
			],
			"details": [
				{"appName": "카카오톡", "usage": [0, 1, 2, 3, 4, 5, 6, 7, 8, 9, 10, 11, 12, 13, 14, 16, 17, 18, 22, 23]},
				{"appName": "Samsung Experience 홈", "usage": [0, 1, 2, 3, 4, 5, 6, 7, 8, 9, 10, 11, 12, 13, 14, 16, 17, 18, 22, 23]},
				{"appName": "Facebook", "usage": [0, 1, 2, 4, 5, 6, 7, 8, 9, 11, 12, 13, 16, 17, 22, 23]},
				{"appName": "프렌즈팝콘", "usage": [0, 1, 9, 14, 15, 16, 17]},
				{"appName": "카메라", "usage": [0, 1, 2, 6, 7]},
				{"appName": "삼성 인터넷", "usage": [5, 8, 13, 16, 23]},
				{"appName": "T전화", "usage": [9, 12, 13, 17, 18]},
				{"appName": "Paco", "usage": [2, 4, 8, 9, 10]},
				{"appName": "설정", "usage": [6, 9, 13, 23]},
				{"appName": "YouTube", "usage": [2, 5, 7, 16]},
				{"appName": "패키지 설치 프로그램", "usage": [9, 13, 23]},
				{"appName": "접근성", "usage": [9, 13, 23]},
				{"appName": "시계", "usage": [0, 18, 22]},
				{"appName": "Logger", "usage": [9, 13, 23]},
				{"appName": "쿠팡", "usage": [5, 23]},
				{"appName": "전화", "usage": [9, 17]},
				{"appName": "원터치개인", "usage": [8, 17]},
				{"appName": "빅스비 보이스", "usage": [5, 22]},
				{"appName": "갤러리", "usage": [8, 22]},
				{"appName": "카카오뱅크", "usage": [5]},
				{"appName": "위메프", "usage": [9]},
				{"appName": "빅스비 비전", "usage": [7]},
				{"appName": "벅스", "usage": [22]},
				{"appName": "배달의민족", "usage": [5]},
				{"appName": "메시지", "usage": [0]},
				{"appName": "네이버 지도", "usage": [5]},
				{"appName": "날씨", "usage": [22]},
				{"appName": "Samsung Pay", "usage": [22]},
				{"appName": "PowerPoint", "usage": [18]},
				{"appName": "Polar Beat", "usage": [23]},
				{"appName": "Netflix", "usage": [8]},
				{"appName": "Google", "usage": [9]},
				{"appName": "Foodie", "usage": [11]}
			]
		},
		"maxTime": {
			"usage": 42,
			"details": [
				{"appName": "프렌즈팝콘", "usage": 42},
				{"appName": "Samsung Experience 홈", "usage": 14},
				{"appName": "삼성 인터넷", "usage": 12},
				{"appName": "카카오톡", "usage": 10},
				{"appName": "Facebook", "usage": 8},
				{"appName": "YouTube", "usage": 7},
				{"appName": "PowerPoint", "usage": 6},
				{"appName": "쿠팡", "usage": 1},
				{"appName": "배달의민족", "usage": 1},
				{"appName": "T전화", "usage": 1},
				{"appName": "빅스비 비전", "usage": 1},
				{"appName": "카메라", "usage": 0},
				{"appName": "빅스비 보이스", "usage": 0},
				{"appName": "원터치개인", "usage": 0},
				{"appName": "위메프", "usage": 0},
				{"appName": "갤러리", "usage": 0},
				{"appName": "Paco", "usage": 0},
				{"appName": "시계", "usage": 0},
				{"appName": "설정", "usage": 0},
				{"appName": "네이버 지도", "usage": 0},
				{"appName": "Logger", "usage": 0},
				{"appName": "Foodie", "usage": 0},
				{"appName": "메시지", "usage": 0},
				{"appName": "Samsung Pay", "usage": 0},
				{"appName": "Polar Beat", "usage": 0},
				{"appName": "카카오뱅크", "usage": 0},
				{"appName": "Netflix", "usage": 0},
				{"appName": "벅스", "usage": 0},
				{"appName": "접근성", "usage": 0},
				{"appName": "날씨", "usage": 0},
				{"appName": "Google", "usage": 0},
				{"appName": "패키지 설치 프로그램", "usage": 0},
				{"appName": "전화", "usage": 0}
			]
		},
		"avgTime": {
			"usage": 2,
			"details": [
				{"appName": "프렌즈팝콘", "usage": 4},
				{"appName": "PowerPoint", "usage": 3},
				{"appName": "삼성 인터넷", "usage": 2},
				{"appName": "YouTube", "usage": 1},
				{"appName": "Facebook", "usage": 0},
				{"appName": "T전화", "usage": 0},
				{"appName": "빅스비 비전", "usage": 0},
				{"appName": "갤러리", "usage": 0},
				{"appName": "카메라", "usage": 0},
				{"appName": "배달의민족", "usage": 0},
				{"appName": "쿠팡", "usage": 0},
				{"appName": "Samsung Experience 홈", "usage": 0},
				{"appName": "빅스비 보이스", "usage": 0},
				{"appName": "카카오톡", "usage": 0},
				{"appName": "메시지", "usage": 0},
				{"appName": "네이버 지도", "usage": 0},
				{"appName": "시계", "usage": 0},
				{"appName": "Foodie", "usage": 0},
				{"appName": "원터치개인", "usage": 0},
				{"appName": "Samsung Pay", "usage": 0},
				{"appName": "Paco", "usage": 0},
				{"appName": "설정", "usage": 0},
				{"appName": "Logger", "usage": 0},
				{"appName": "위메프", "usage": 0},
				{"appName": "Netflix", "usage": 0},
				{"appName": "Polar Beat", "usage": 0},
				{"appName": "접근성", "usage": 0},
				{"appName": "벅스", "usage": 0},
				{"appName": "카카오뱅크", "usage": 0},
				{"appName": "날씨", "usage": 0},
				{"appName": "Google", "usage": 0},
				{"appName": "패키지 설치 프로그램", "usage": 0},
				{"appName": "전화", "usage": 0}
			]
		},
		"lastPickup": {"time": 7}
	},
	{
		"date": 7,
		"totalTime": {
			"usage": 949,
			"details": [
				{"appName": "Samsung Experience 홈", "usage": 722},
				{"appName": "YouTube", "usage": 85},
				{"appName": "카카오톡", "usage": 55},
				{"appName": "Facebook", "usage": 44},
				{"appName": "카메라", "usage": 9},
				{"appName": "삼성 인터넷", "usage": 9},
				{"appName": "프렌즈팝콘", "usage": 8},
				{"appName": "T전화", "usage": 4},
				{"appName": "Paco", "usage": 1},
				{"appName": "메시지", "usage": 1},
				{"appName": "KLMS", "usage": 0},
				{"appName": "Foodie", "usage": 0},
				{"appName": "벅스", "usage": 0},
				{"appName": "갤러리", "usage": 0},
				{"appName": "설정", "usage": 0},
				{"appName": "쿠팡", "usage": 0},
				{"appName": "비디오 플레이어", "usage": 0},
				{"appName": "Google", "usage": 0},
				{"appName": "원터치개인", "usage": 0},
				{"appName": "Logger", "usage": 0},
				{"appName": "패키지 설치 프로그램", "usage": 0},
				{"appName": "CJ대한통운 택배", "usage": 0},
				{"appName": "이마트몰", "usage": 0}
			]
		},
		"pickups": {"usage": 120},
		"downTime": {
			"usages": [
				{"hour": 0, "usage": 6},
				{"hour": 1, "usage": 36},
				{"hour": 2, "usage": 21},
				{"hour": 3, "usage": 18},
				{"hour": 4, "usage": 24},
				{"hour": 5, "usage": 18},
				{"hour": 6, "usage": 7},
				{"hour": 7, "usage": 13},
				{"hour": 8, "usage": 34},
				{"hour": 9, "usage": 17},
				{"hour": 10, "usage": 25},
				{"hour": 11, "usage": 33},
				{"hour": 12, "usage": 7}
			],
			"details": [
				{"appName": "카카오톡", "usage": [0, 1, 2, 3, 4, 5, 6, 7, 8, 9, 10, 11, 12]},
				{"appName": "Samsung Experience 홈", "usage": [0, 1, 2, 3, 4, 5, 6, 7, 8, 9, 10, 11, 12]},
				{"appName": "Facebook", "usage": [0, 2, 3, 4, 7, 8, 9, 10, 11]},
				{"appName": "YouTube", "usage": [1, 2, 4, 5, 8, 9, 10]},
				{"appName": "Paco", "usage": [0, 2, 3, 6, 9, 10]},
				{"appName": "카메라", "usage": [0, 1, 2, 4]},
				{"appName": "삼성 인터넷", "usage": [0, 1, 8, 11]},
				{"appName": "벅스", "usage": [9, 10, 11]},
				{"appName": "T전화", "usage": [8, 9, 11]},
				{"appName": "원터치개인", "usage": [8, 9]},
				{"appName": "설정", "usage": [7, 8]},
				{"appName": "메시지", "usage": [6, 10]},
				{"appName": "갤러리", "usage": [4, 6]},
				{"appName": "Google", "usage": [7, 8]},
				{"appName": "프렌즈팝콘", "usage": [11]},
				{"appName": "패키지 설치 프로그램", "usage": [9]},
				{"appName": "쿠팡", "usage": [3]},
				{"appName": "이마트몰", "usage": [7]},
				{"appName": "비디오 플레이어", "usage": [2]},
				{"appName": "Logger", "usage": [9]},
				{"appName": "KLMS", "usage": [5]},
				{"appName": "Foodie", "usage": [5]},
				{"appName": "CJ대한통운 택배", "usage": [3]}
			]
		},
		"maxTime": {
			"usage": 683,
			"details": [
				{"appName": "Samsung Experience 홈", "usage": 690},
				{"appName": "YouTube", "usage": 16},
				{"appName": "Facebook", "usage": 11},
				{"appName": "삼성 인터넷", "usage": 8},
				{"appName": "프렌즈팝콘", "usage": 8},
				{"appName": "카메라", "usage": 2},
				{"appName": "카카오톡", "usage": 1},
				{"appName": "T전화", "usage": 1},
				{"appName": "메시지", "usage": 0},
				{"appName": "Foodie", "usage": 0},
				{"appName": "설정", "usage": 0},
				{"appName": "갤러리", "usage": 0},
				{"appName": "Paco", "usage": 0},
				{"appName": "KLMS", "usage": 0},
				{"appName": "쿠팡", "usage": 0},
				{"appName": "벅스", "usage": 0},
				{"appName": "비디오 플레이어", "usage": 0},
				{"appName": "원터치개인", "usage": 0},
				{"appName": "Google", "usage": 0},
				{"appName": "Logger", "usage": 0},
				{"appName": "패키지 설치 프로그램", "usage": 0},
				{"appName": "CJ대한통운 택배", "usage": 0},
				{"appName": "이마트몰", "usage": 0}
			]
		},
		"avgTime": {
			"usage": 7,
			"details": [
				{"appName": "프렌즈팝콘", "usage": 8},
				{"appName": "YouTube", "usage": 4},
				{"appName": "Samsung Experience 홈", "usage": 3},
				{"appName": "삼성 인터넷", "usage": 2},
				{"appName": "Facebook", "usage": 1},
				{"appName": "카메라", "usage": 0},
				{"appName": "T전화", "usage": 0},
				{"appName": "Foodie", "usage": 0},
				{"appName": "설정", "usage": 0},
				{"appName": "메시지", "usage": 0},
				{"appName": "갤러리", "usage": 0},
				{"appName": "KLMS", "usage": 0},
				{"appName": "카카오톡", "usage": 0},
				{"appName": "쿠팡", "usage": 0},
				{"appName": "Paco", "usage": 0},
				{"appName": "비디오 플레이어", "usage": 0},
				{"appName": "Google", "usage": 0},
				{"appName": "원터치개인", "usage": 0},
				{"appName": "벅스", "usage": 0},
				{"appName": "Logger", "usage": 0},
				{"appName": "패키지 설치 프로그램", "usage": 0},
				{"appName": "CJ대한통운 택배", "usage": 0},
				{"appName": "이마트몰", "usage": 0}
			]
		},
		"lastPickup": {"time": 683}
	}
]
