[
	{
		"date": 1,
		"totalTime": {
			"usage": 298,
			"details": [
				{"appName": "Facebook", "usage": 82},
				{"appName": "카카오톡", "usage": 49},
				{"appName": "Chrome", "usage": 33},
				{"appName": "Samsung Experience 홈", "usage": 33},
				{"appName": "Samsung Music", "usage": 18},
				{"appName": "FIFA Mobile", "usage": 15},
				{"appName": "Samsung Notes", "usage": 10},
				{"appName": "YouTube", "usage": 9},
				{"appName": "Messenger", "usage": 8},
				{"appName": "코레일톡", "usage": 8},
				{"appName": "Paco", "usage": 5},
				{"appName": "설정", "usage": 5},
				{"appName": "Polar Beat", "usage": 4},
				{"appName": "Melon", "usage": 3},
				{"appName": "Forza", "usage": 3},
				{"appName": "시스템 UI", "usage": 1},
				{"appName": "시계", "usage": 1},
				{"appName": "파일", "usage": 0},
				{"appName": "전화", "usage": 0},
				{"appName": "원터치개인", "usage": 0},
				{"appName": "음성 녹음", "usage": 0},
				{"appName": "Google Play 스토어", "usage": 0},
				{"appName": "Dropsync", "usage": 0},
				{"appName": "MTP 애플리케이션", "usage": 0}
			]
		},
		"pickups": {"usage": 190},
		"downTime": {
			"usages": [
				{"hour": 0, "usage": 9},
				{"hour": 1, "usage": 7},
				{"hour": 2, "usage": 22},
				{"hour": 3, "usage": 15},
				{"hour": 4, "usage": 16},
				{"hour": 5, "usage": 5},
				{"hour": 6, "usage": 5},
				{"hour": 7, "usage": 3},
				{"hour": 8, "usage": 34},
				{"hour": 9, "usage": 34},
				{"hour": 10, "usage": 23},
				{"hour": 11, "usage": 4},
				{"hour": 12, "usage": 6},
				{"hour": 13, "usage": 3},
				{"hour": 14, "usage": 1},
				{"hour": 15, "usage": 19},
				{"hour": 16, "usage": 38},
				{"hour": 17, "usage": 20},
				{"hour": 18, "usage": 6},
				{"hour": 22, "usage": 10},
				{"hour": 23, "usage": 7}
			],
			"details": [
				{"appName": "Samsung Experience 홈", "usage": [0, 1, 2, 3, 4, 5, 6, 7, 8, 9, 10, 11, 12, 14, 15, 16, 17, 18, 22, 23]},
				{"appName": "시스템 UI", "usage": [0, 1, 2, 3, 4, 5, 6, 7, 8, 9, 10, 11, 12, 14, 15, 16, 17, 18, 23]},
				{"appName": "카카오톡", "usage": [2, 4, 5, 6, 7, 8, 9, 10, 11, 12, 13, 14, 15, 16, 17, 18, 23]},
				{"appName": "Facebook", "usage": [0, 1, 2, 3, 4, 5, 7, 8, 9, 10, 14, 15, 16, 17, 18]},
				{"appName": "Paco", "usage": [1, 2, 3, 4, 5, 6, 8, 9, 10, 13]},
				{"appName": "Messenger", "usage": [3, 4, 6, 7, 9, 14, 15, 16, 17]},
				{"appName": "설정", "usage": [0, 1, 6, 10, 12, 23]},
				{"appName": "Chrome", "usage": [0, 2, 3, 4, 10, 23]},
				{"appName": "시계", "usage": [0, 16, 18, 22, 23]},
				{"appName": "원터치개인", "usage": [2, 4, 9, 23]},
				{"appName": "Polar Beat", "usage": [0, 1, 12, 23]},
				{"appName": "Samsung Notes", "usage": [8, 9, 10]},
				{"appName": "Forza", "usage": [1, 17, 23]},
				{"appName": "코레일톡", "usage": [2, 4]},
				{"appName": "음성 녹음", "usage": [16, 23]},
				{"appName": "YouTube", "usage": [8, 12]},
				{"appName": "Samsung Music", "usage": [15, 16]},
				{"appName": "Melon", "usage": [8, 17]},
				{"appName": "FIFA Mobile", "usage": [17, 18]},
				{"appName": "파일", "usage": [15]},
				{"appName": "전화", "usage": [11]},
				{"appName": "MTP 애플리케이션", "usage": [6]},
				{"appName": "Google Play 스토어", "usage": [16]},
				{"appName": "Dropsync", "usage": [12]}
			]
		},
		"maxTime": {
			"usage": 21,
			"details": [
				{"appName": "FIFA Mobile", "usage": 15},
				{"appName": "Samsung Experience 홈", "usage": 9},
				{"appName": "Chrome", "usage": 9},
				{"appName": "Samsung Music", "usage": 8},
				{"appName": "YouTube", "usage": 8},
				{"appName": "Facebook", "usage": 7},
				{"appName": "Samsung Notes", "usage": 5},
				{"appName": "카카오톡", "usage": 2},
				{"appName": "Messenger", "usage": 1},
				{"appName": "Melon", "usage": 1},
				{"appName": "코레일톡", "usage": 1},
				{"appName": "설정", "usage": 1},
				{"appName": "Paco", "usage": 0},
				{"appName": "Forza", "usage": 0},
				{"appName": "Polar Beat", "usage": 0},
				{"appName": "파일", "usage": 0},
				{"appName": "전화", "usage": 0},
				{"appName": "시계", "usage": 0},
				{"appName": "원터치개인", "usage": 0},
				{"appName": "시스템 UI", "usage": 0},
				{"appName": "음성 녹음", "usage": 0},
				{"appName": "Dropsync", "usage": 0},
				{"appName": "Google Play 스토어", "usage": 0},
				{"appName": "MTP 애플리케이션", "usage": 0}
			]
		},
		"avgTime": {
			"usage": 1,
			"details": [
				{"appName": "FIFA Mobile", "usage": 5},
				{"appName": "YouTube", "usage": 1},
				{"appName": "Chrome", "usage": 1},
				{"appName": "Samsung Music", "usage": 1},
				{"appName": "Facebook", "usage": 0},
				{"appName": "Samsung Notes", "usage": 0},
				{"appName": "파일", "usage": 0},
				{"appName": "Melon", "usage": 0},
				{"appName": "전화", "usage": 0},
				{"appName": "코레일톡", "usage": 0},
				{"appName": "Messenger", "usage": 0},
				{"appName": "Forza", "usage": 0},
				{"appName": "Paco", "usage": 0},
				{"appName": "설정", "usage": 0},
				{"appName": "Samsung Experience 홈", "usage": 0},
				{"appName": "카카오톡", "usage": 0},
				{"appName": "Polar Beat", "usage": 0},
				{"appName": "시계", "usage": 0},
				{"appName": "원터치개인", "usage": 0},
				{"appName": "음성 녹음", "usage": 0},
				{"appName": "Dropsync", "usage": 0},
				{"appName": "시스템 UI", "usage": 0},
				{"appName": "MTP 애플리케이션", "usage": 0},
				{"appName": "Google Play 스토어", "usage": 0}
			]
		},
		"lastPickup": {"time": 0}
	},
	{
		"date": 2,
		"totalTime": {
			"usage": 383,
			"details": [
				{"appName": "Facebook", "usage": 140},
				{"appName": "카카오톡", "usage": 62},
				{"appName": "Chrome", "usage": 51},
				{"appName": "Samsung Experience 홈", "usage": 46},
				{"appName": "한컴오피스 viewer", "usage": 19},
				{"appName": "Samsung Music", "usage": 15},
				{"appName": "FIFA Mobile", "usage": 13},
				{"appName": "YouTube", "usage": 9},
				{"appName": "Messenger", "usage": 5},
				{"appName": "전화", "usage": 2},
				{"appName": "Paco", "usage": 2},
				{"appName": "시스템 UI", "usage": 2},
				{"appName": "설정", "usage": 1},
				{"appName": "Polar Beat", "usage": 1},
				{"appName": "KLMS", "usage": 1},
				{"appName": "원터치개인", "usage": 1},
				{"appName": "Forza", "usage": 0},
				{"appName": "시계", "usage": 0},
				{"appName": "Melon", "usage": 0},
				{"appName": "Samsung Notes", "usage": 0},
				{"appName": "에브리타임", "usage": 0},
				{"appName": "연락처", "usage": 0},
				{"appName": "카메라", "usage": 0},
				{"appName": "파일", "usage": 0},
				{"appName": "Google Play 서비스", "usage": 0},
				{"appName": "메시지", "usage": 0},
				{"appName": "음성 녹음", "usage": 0}
			]
		},
		"pickups": {"usage": 296},
		"downTime": {
			"usages": [
				{"hour": 0, "usage": 4},
				{"hour": 1, "usage": 24},
				{"hour": 2, "usage": 4},
				{"hour": 3, "usage": 16},
				{"hour": 4, "usage": 45},
				{"hour": 5, "usage": 34},
				{"hour": 6, "usage": 5},
				{"hour": 7, "usage": 20},
				{"hour": 8, "usage": 11},
				{"hour": 9, "usage": 2},
				{"hour": 10, "usage": 20},
				{"hour": 11, "usage": 1},
				{"hour": 12, "usage": 6},
				{"hour": 13, "usage": 14},
				{"hour": 14, "usage": 31},
				{"hour": 15, "usage": 30},
				{"hour": 16, "usage": 32},
				{"hour": 17, "usage": 21},
				{"hour": 18, "usage": 0},
				{"hour": 19, "usage": 23},
				{"hour": 20, "usage": 7},
				{"hour": 22, "usage": 16},
				{"hour": 23, "usage": 5}
			],
			"details": [
				{"appName": "Samsung Experience 홈", "usage": [0, 1, 2, 3, 4, 5, 6, 7, 8, 9, 10, 13, 14, 15, 16, 17, 18, 19, 20, 22, 23]},
				{"appName": "시스템 UI", "usage": [0, 1, 2, 3, 4, 5, 6, 7, 8, 9, 10, 13, 14, 15, 16, 17, 19, 20, 22, 23]},
				{"appName": "카카오톡", "usage": [1, 2, 3, 4, 5, 6, 7, 8, 9, 10, 13, 14, 15, 16, 17, 18, 19, 20, 23]},
				{"appName": "Facebook", "usage": [1, 2, 4, 5, 6, 8, 10, 13, 14, 15, 16, 17, 19, 20, 23]},
				{"appName": "설정", "usage": [2, 5, 8, 13, 19, 23]},
				{"appName": "Paco", "usage": [1, 2, 5, 6, 7, 9]},
				{"appName": "Messenger", "usage": [1, 4, 14, 15, 16, 20]},
				{"appName": "Samsung Music", "usage": [5, 10, 11, 12, 13]},
				{"appName": "Polar Beat", "usage": [0, 2, 5, 13, 23]},
				{"appName": "Chrome", "usage": [4, 5, 16, 17]},
				{"appName": "한컴오피스 viewer", "usage": [7, 14, 19]},
				{"appName": "원터치개인", "usage": [3, 10, 23]},
				{"appName": "에브리타임", "usage": [1, 8, 23]},
				{"appName": "KLMS", "usage": [5, 14, 15]},
				{"appName": "카메라", "usage": [8, 15]},
				{"appName": "전화", "usage": [8, 12]},
				{"appName": "시계", "usage": [20, 22]},
				{"appName": "YouTube", "usage": [1, 10]},
				{"appName": "Forza", "usage": [20, 22]},
				{"appName": "파일", "usage": [5]},
				{"appName": "음성 녹음", "usage": [5]},
				{"appName": "연락처", "usage": [8]},
				{"appName": "메시지", "usage": [2]},
				{"appName": "Samsung Notes", "usage": [4]},
				{"appName": "Melon", "usage": [5]},
				{"appName": "Google Play 서비스", "usage": [5]},
				{"appName": "FIFA Mobile", "usage": [15]}
			]
		},
		"maxTime": {
			"usage": 32,
			"details": [
				{"appName": "Samsung Experience 홈", "usage": 15},
				{"appName": "Chrome", "usage": 15},
				{"appName": "Facebook", "usage": 14},
				{"appName": "한컴오피스 viewer", "usage": 10},
				{"appName": "Samsung Music", "usage": 10},
				{"appName": "카카오톡", "usage": 10},
				{"appName": "FIFA Mobile", "usage": 9},
				{"appName": "YouTube", "usage": 4},
				{"appName": "전화", "usage": 0},
				{"appName": "Messenger", "usage": 0},
				{"appName": "Melon", "usage": 0},
				{"appName": "Paco", "usage": 0},
				{"appName": "Samsung Notes", "usage": 0},
				{"appName": "KLMS", "usage": 0},
				{"appName": "Forza", "usage": 0},
				{"appName": "원터치개인", "usage": 0},
				{"appName": "Polar Beat", "usage": 0},
				{"appName": "설정", "usage": 0},
				{"appName": "시계", "usage": 0},
				{"appName": "연락처", "usage": 0},
				{"appName": "에브리타임", "usage": 0},
				{"appName": "카메라", "usage": 0},
				{"appName": "시스템 UI", "usage": 0},
				{"appName": "파일", "usage": 0},
				{"appName": "Google Play 서비스", "usage": 0},
				{"appName": "메시지", "usage": 0},
				{"appName": "음성 녹음", "usage": 0}
			]
		},
		"avgTime": {
			"usage": 1,
			"details": [
				{"appName": "FIFA Mobile", "usage": 6},
				{"appName": "Chrome", "usage": 2},
				{"appName": "YouTube", "usage": 1},
				{"appName": "Facebook", "usage": 1},
				{"appName": "한컴오피스 viewer", "usage": 0},
				{"appName": "Melon", "usage": 0},
				{"appName": "Samsung Music", "usage": 0},
				{"appName": "전화", "usage": 0},
				{"appName": "Samsung Notes", "usage": 0},
				{"appName": "Messenger", "usage": 0},
				{"appName": "Samsung Experience 홈", "usage": 0},
				{"appName": "Paco", "usage": 0},
				{"appName": "카카오톡", "usage": 0},
				{"appName": "KLMS", "usage": 0},
				{"appName": "연락처", "usage": 0},
				{"appName": "Forza", "usage": 0},
				{"appName": "원터치개인", "usage": 0},
				{"appName": "시계", "usage": 0},
				{"appName": "설정", "usage": 0},
				{"appName": "파일", "usage": 0},
				{"appName": "Polar Beat", "usage": 0},
				{"appName": "에브리타임", "usage": 0},
				{"appName": "카메라", "usage": 0},
				{"appName": "Google Play 서비스", "usage": 0},
				{"appName": "메시지", "usage": 0},
				{"appName": "음성 녹음", "usage": 0},
				{"appName": "시스템 UI", "usage": 0}
			]
		},
		"lastPickup": {"time": 0}
	},
	{
		"date": 3,
		"totalTime": {
			"usage": 380,
			"details": [
				{"appName": "Facebook", "usage": 183},
				{"appName": "Chrome", "usage": 62},
				{"appName": "카카오톡", "usage": 39},
				{"appName": "YouTube", "usage": 24},
				{"appName": "원터치개인", "usage": 21},
				{"appName": "Samsung Experience 홈", "usage": 15},
				{"appName": "Messenger", "usage": 12},
				{"appName": "한컴오피스 viewer", "usage": 3},
				{"appName": "Paco", "usage": 3},
				{"appName": "Melon", "usage": 2},
				{"appName": "전화", "usage": 2},
				{"appName": "시스템 UI", "usage": 2},
				{"appName": "Samsung Notes", "usage": 1},
				{"appName": "설정", "usage": 1},
				{"appName": "KAIST Library", "usage": 0},
				{"appName": "SNOW", "usage": 0},
				{"appName": "Forza", "usage": 0},
				{"appName": "Polar Beat", "usage": 0},
				{"appName": "파일", "usage": 0},
				{"appName": "코레일톡", "usage": 0},
				{"appName": "갤러리", "usage": 0},
				{"appName": "메시지", "usage": 0},
				{"appName": "카메라", "usage": 0},
				{"appName": "연락처", "usage": 0},
				{"appName": "T world", "usage": 0},
				{"appName": "안드로이드 시스템", "usage": 0}
			]
		},
		"pickups": {"usage": 198},
		"downTime": {
			"usages": [
				{"hour": 0, "usage": 23},
				{"hour": 1, "usage": 8},
				{"hour": 2, "usage": 18},
				{"hour": 3, "usage": 23},
				{"hour": 4, "usage": 11},
				{"hour": 5, "usage": 8},
				{"hour": 6, "usage": 5},
				{"hour": 7, "usage": 24},
				{"hour": 8, "usage": 15},
				{"hour": 9, "usage": 46},
				{"hour": 10, "usage": 54},
				{"hour": 11, "usage": 51},
				{"hour": 12, "usage": 6},
				{"hour": 13, "usage": 17},
				{"hour": 14, "usage": 21},
				{"hour": 15, "usage": 16},
				{"hour": 16, "usage": 16},
				{"hour": 17, "usage": 8},
				{"hour": 23, "usage": 0}
			],
			"details": [
				{"appName": "시스템 UI", "usage": [0, 1, 2, 3, 4, 5, 6, 7, 8, 9, 10, 11, 12, 13, 14, 15, 16, 17, 23]},
				{"appName": "Samsung Experience 홈", "usage": [0, 1, 2, 3, 4, 5, 6, 7, 8, 9, 10, 11, 12, 13, 14, 15, 16, 17, 23]},
				{"appName": "카카오톡", "usage": [0, 1, 2, 3, 4, 5, 6, 7, 8, 9, 10, 11, 12, 13, 14, 15, 16, 23]},
				{"appName": "Facebook", "usage": [0, 1, 2, 3, 4, 5, 7, 8, 9, 10, 11, 12, 13, 14, 15, 16, 17]},
				{"appName": "Messenger", "usage": [2, 3, 4, 5, 6, 7, 8, 10, 11, 14, 16]},
				{"appName": "Paco", "usage": [1, 3, 4, 5, 6, 7, 9, 11, 12]},
				{"appName": "Chrome", "usage": [0, 9, 10, 11, 13, 14, 15, 16, 17]},
				{"appName": "설정", "usage": [6, 7, 8, 12, 14]},
				{"appName": "원터치개인", "usage": [3, 8, 9, 10]},
				{"appName": "YouTube", "usage": [3, 7, 11]},
				{"appName": "한컴오피스 viewer", "usage": [0, 4]},
				{"appName": "카메라", "usage": [7, 8]},
				{"appName": "Polar Beat", "usage": [11, 12]},
				{"appName": "Melon", "usage": [2, 11]},
				{"appName": "파일", "usage": [0]},
				{"appName": "코레일톡", "usage": [3]},
				{"appName": "전화", "usage": [10]},
				{"appName": "연락처", "usage": [10]},
				{"appName": "안드로이드 시스템", "usage": [0]},
				{"appName": "메시지", "usage": [9]},
				{"appName": "갤러리", "usage": [10]},
				{"appName": "T world", "usage": [3]},
				{"appName": "Samsung Notes", "usage": [8]},
				{"appName": "SNOW", "usage": [10]},
				{"appName": "KAIST Library", "usage": [9]},
				{"appName": "Forza", "usage": [8]}
			]
		},
		"maxTime": {
			"usage": 28,
			"details": [
				{"appName": "원터치개인", "usage": 20},
				{"appName": "Chrome", "usage": 17},
				{"appName": "YouTube", "usage": 11},
				{"appName": "Facebook", "usage": 10},
				{"appName": "한컴오피스 viewer", "usage": 2},
				{"appName": "전화", "usage": 2},
				{"appName": "Samsung Notes", "usage": 1},
				{"appName": "Melon", "usage": 1},
				{"appName": "카카오톡", "usage": 1},
				{"appName": "Messenger", "usage": 1},
				{"appName": "SNOW", "usage": 0},
				{"appName": "KAIST Library", "usage": 0},
				{"appName": "설정", "usage": 0},
				{"appName": "파일", "usage": 0},
				{"appName": "Paco", "usage": 0},
				{"appName": "Samsung Experience 홈", "usage": 0},
				{"appName": "코레일톡", "usage": 0},
				{"appName": "메시지", "usage": 0},
				{"appName": "Polar Beat", "usage": 0},
				{"appName": "Forza", "usage": 0},
				{"appName": "연락처", "usage": 0},
				{"appName": "갤러리", "usage": 0},
				{"appName": "카메라", "usage": 0},
				{"appName": "T world", "usage": 0},
				{"appName": "시스템 UI", "usage": 0},
				{"appName": "안드로이드 시스템", "usage": 0}
			]
		},
		"avgTime": {
			"usage": 1,
			"details": [
				{"appName": "Chrome", "usage": 4},
				{"appName": "YouTube", "usage": 1},
				{"appName": "원터치개인", "usage": 1},
				{"appName": "전화", "usage": 1},
				{"appName": "SNOW", "usage": 0},
				{"appName": "Facebook", "usage": 0},
				{"appName": "Melon", "usage": 0},
				{"appName": "한컴오피스 viewer", "usage": 0},
				{"appName": "Samsung Notes", "usage": 0},
				{"appName": "파일", "usage": 0},
				{"appName": "KAIST Library", "usage": 0},
				{"appName": "Messenger", "usage": 0},
				{"appName": "Paco", "usage": 0},
				{"appName": "코레일톡", "usage": 0},
				{"appName": "카메라", "usage": 0},
				{"appName": "설정", "usage": 0},
				{"appName": "카카오톡", "usage": 0},
				{"appName": "연락처", "usage": 0},
				{"appName": "Forza", "usage": 0},
				{"appName": "Samsung Experience 홈", "usage": 0},
				{"appName": "갤러리", "usage": 0},
				{"appName": "메시지", "usage": 0},
				{"appName": "안드로이드 시스템", "usage": 0},
				{"appName": "Polar Beat", "usage": 0},
				{"appName": "T world", "usage": 0},
				{"appName": "시스템 UI", "usage": 0}
			]
		},
		"lastPickup": {"time": 0}
	},
	{
		"date": 4,
		"totalTime": {
			"usage": 352,
			"details": [
				{"appName": "Facebook", "usage": 101},
				{"appName": "Chrome", "usage": 51},
				{"appName": "Samsung Experience 홈", "usage": 37},
				{"appName": "Messenger", "usage": 29},
				{"appName": "Melon", "usage": 22},
				{"appName": "카카오톡", "usage": 18},
				{"appName": "전화", "usage": 11},
				{"appName": "YouTube", "usage": 8},
				{"appName": "메시지", "usage": 2},
				{"appName": "시스템 UI", "usage": 2},
				{"appName": "Paco", "usage": 2},
				{"appName": "코레일톡", "usage": 1},
				{"appName": "SNOW", "usage": 0},
				{"appName": "Samsung Notes", "usage": 0},
				{"appName": "설정", "usage": 0},
				{"appName": "Polar Beat", "usage": 0},
				{"appName": "KLMS", "usage": 0},
				{"appName": "Samsung Music", "usage": 0},
				{"appName": "연락처", "usage": 0},
				{"appName": "Forza", "usage": 0},
				{"appName": "캘린더", "usage": 0},
				{"appName": "원터치개인", "usage": 0},
				{"appName": "Google Play 서비스", "usage": 0},
				{"appName": "CaptivePortalLogin", "usage": 0},
				{"appName": "내 파일", "usage": 0}
			]
		},
		"pickups": {"usage": 252},
		"downTime": {
			"usages": [
				{"hour": 0, "usage": 15},
				{"hour": 1, "usage": 18},
				{"hour": 2, "usage": 14},
				{"hour": 3, "usage": 29},
				{"hour": 4, "usage": 60},
				{"hour": 5, "usage": 22},
				{"hour": 6, "usage": 41},
				{"hour": 7, "usage": 44},
				{"hour": 8, "usage": 19},
				{"hour": 9, "usage": 4},
				{"hour": 10, "usage": 6},
				{"hour": 11, "usage": 0},
				{"hour": 17, "usage": 17},
				{"hour": 18, "usage": 2},
				{"hour": 19, "usage": 2},
				{"hour": 20, "usage": 0},
				{"hour": 21, "usage": 9},
				{"hour": 22, "usage": 31},
				{"hour": 23, "usage": 11}
			],
			"details": [
				{"appName": "Samsung Experience 홈", "usage": [0, 1, 2, 3, 4, 5, 6, 7, 8, 9, 10, 11, 17, 18, 19, 21, 22, 23]},
				{"appName": "Facebook", "usage": [0, 1, 2, 3, 5, 6, 7, 8, 9, 10, 17, 18, 19, 20, 21, 22, 23]},
				{"appName": "시스템 UI", "usage": [0, 1, 2, 3, 5, 6, 7, 8, 9, 10, 17, 18, 19, 21, 22, 23]},
				{"appName": "카카오톡", "usage": [0, 1, 2, 3, 5, 6, 7, 8, 9, 17]},
				{"appName": "Messenger", "usage": [0, 2, 3, 5, 6, 7, 8, 17, 22]},
				{"appName": "Chrome", "usage": [1, 2, 3, 5, 6, 7, 8, 17, 22]},
				{"appName": "Paco", "usage": [2, 3, 5, 6, 7, 8, 9, 10]},
				{"appName": "전화", "usage": [4, 5, 6, 8, 9]},
				{"appName": "설정", "usage": [2, 3, 5, 8, 10]},
				{"appName": "Melon", "usage": [1, 6, 7, 10, 23]},
				{"appName": "SNOW", "usage": [3, 6, 7, 22]},
				{"appName": "Polar Beat", "usage": [2, 3, 5, 10]},
				{"appName": "원터치개인", "usage": [0, 2, 10]},
				{"appName": "연락처", "usage": [5, 6]},
				{"appName": "메시지", "usage": [5, 7]},
				{"appName": "YouTube", "usage": [6, 23]},
				{"appName": "코레일톡", "usage": [5]},
				{"appName": "캘린더", "usage": [7]},
				{"appName": "내 파일", "usage": [6]},
				{"appName": "Samsung Notes", "usage": [22]},
				{"appName": "Samsung Music", "usage": [7]},
				{"appName": "KLMS", "usage": [0]},
				{"appName": "Google Play 서비스", "usage": [2]},
				{"appName": "Forza", "usage": [6]},
				{"appName": "CaptivePortalLogin", "usage": [5]}
			]
		},
		"maxTime": {
			"usage": 66,
			"details": [
				{"appName": "Chrome", "usage": 14},
				{"appName": "Samsung Experience 홈", "usage": 10},
				{"appName": "Facebook", "usage": 5},
				{"appName": "Melon", "usage": 4},
				{"appName": "YouTube", "usage": 3},
				{"appName": "Messenger", "usage": 2},
				{"appName": "전화", "usage": 2},
				{"appName": "코레일톡", "usage": 1},
				{"appName": "메시지", "usage": 0},
				{"appName": "Samsung Notes", "usage": 0},
				{"appName": "카카오톡", "usage": 0},
				{"appName": "캘린더", "usage": 0},
				{"appName": "SNOW", "usage": 0},
				{"appName": "Paco", "usage": 0},
				{"appName": "KLMS", "usage": 0},
				{"appName": "Samsung Music", "usage": 0},
				{"appName": "Forza", "usage": 0},
				{"appName": "Polar Beat", "usage": 0},
				{"appName": "설정", "usage": 0},
				{"appName": "연락처", "usage": 0},
				{"appName": "시스템 UI", "usage": 0},
				{"appName": "Google Play 서비스", "usage": 0},
				{"appName": "CaptivePortalLogin", "usage": 0},
				{"appName": "원터치개인", "usage": 0},
				{"appName": "내 파일", "usage": 0}
			]
		},
		"avgTime": {
			"usage": 1,
			"details": [
				{"appName": "Chrome", "usage": 1},
				{"appName": "Melon", "usage": 0},
				{"appName": "YouTube", "usage": 0},
				{"appName": "전화", "usage": 0},
				{"appName": "캘린더", "usage": 0},
				{"appName": "코레일톡", "usage": 0},
				{"appName": "Facebook", "usage": 0},
				{"appName": "Messenger", "usage": 0},
				{"appName": "Samsung Notes", "usage": 0},
				{"appName": "SNOW", "usage": 0},
				{"appName": "메시지", "usage": 0},
				{"appName": "Samsung Experience 홈", "usage": 0},
				{"appName": "Forza", "usage": 0},
				{"appName": "Paco", "usage": 0},
				{"appName": "Samsung Music", "usage": 0},
				{"appName": "카카오톡", "usage": 0},
				{"appName": "KLMS", "usage": 0},
				{"appName": "Google Play 서비스", "usage": 0},
				{"appName": "연락처", "usage": 0},
				{"appName": "Polar Beat", "usage": 0},
				{"appName": "CaptivePortalLogin", "usage": 0},
				{"appName": "설정", "usage": 0},
				{"appName": "원터치개인", "usage": 0},
				{"appName": "시스템 UI", "usage": 0},
				{"appName": "내 파일", "usage": 0}
			]
		},
		"lastPickup": {"time": 7}
	},
	{
		"date": 5,
		"totalTime": {
			"usage": 367,
			"details": [
				{"appName": "Facebook", "usage": 104},
				{"appName": "Chrome", "usage": 51},
				{"appName": "FIFA Mobile", "usage": 51},
				{"appName": "카카오톡", "usage": 34},
				{"appName": "Messenger", "usage": 29},
				{"appName": "Forza", "usage": 22},
				{"appName": "Samsung Experience 홈", "usage": 18},
				{"appName": "삼성 인터넷", "usage": 10},
				{"appName": "YouTube", "usage": 8},
				{"appName": "갤러리", "usage": 5},
				{"appName": "Paco", "usage": 4},
				{"appName": "음성 녹음", "usage": 4},
				{"appName": "시스템 UI", "usage": 3},
				{"appName": "Samsung Music", "usage": 3},
				{"appName": "설정", "usage": 3},
				{"appName": "전화", "usage": 3},
				{"appName": "SNOW", "usage": 2},
				{"appName": "Melon", "usage": 2},
				{"appName": "연락처", "usage": 1},
				{"appName": "배달의민족", "usage": 0},
				{"appName": "Polar Beat", "usage": 0},
				{"appName": "시계", "usage": 0},
				{"appName": "카메라", "usage": 0},
				{"appName": "비디오 플레이어", "usage": 0},
				{"appName": "Google Play 스토어", "usage": 0},
				{"appName": "파일", "usage": 0},
				{"appName": "Google Play 서비스", "usage": 0},
				{"appName": "원터치개인", "usage": 0},
				{"appName": "디바이스 관리", "usage": 0},
				{"appName": "내 파일", "usage": 0},
				{"appName": "메시지", "usage": 0},
				{"appName": "계산기", "usage": 0}
			]
		},
		"pickups": {"usage": 286},
		"downTime": {
			"usages": [
				{"hour": 0, "usage": 16},
				{"hour": 1, "usage": 19},
				{"hour": 2, "usage": 16},
				{"hour": 3, "usage": 26},
				{"hour": 4, "usage": 17},
				{"hour": 5, "usage": 8},
				{"hour": 6, "usage": 2},
				{"hour": 7, "usage": 4},
				{"hour": 8, "usage": 20},
				{"hour": 9, "usage": 26},
				{"hour": 10, "usage": 31},
				{"hour": 11, "usage": 32},
				{"hour": 12, "usage": 39},
				{"hour": 13, "usage": 1},
				{"hour": 14, "usage": 10},
				{"hour": 15, "usage": 43},
				{"hour": 16, "usage": 16},
				{"hour": 17, "usage": 1},
				{"hour": 18, "usage": 20},
				{"hour": 19, "usage": 3},
				{"hour": 20, "usage": 9}
			],
			"details": [
				{"appName": "시스템 UI", "usage": [0, 1, 2, 3, 4, 5, 6, 7, 8, 9, 10, 11, 12, 13, 14, 15, 16, 17, 18, 19, 20]},
				{"appName": "Samsung Experience 홈", "usage": [0, 1, 2, 3, 4, 5, 6, 7, 8, 9, 10, 11, 12, 13, 14, 15, 16, 17, 18, 19, 20]},
				{"appName": "Facebook", "usage": [0, 1, 2, 3, 4, 5, 6, 7, 8, 9, 10, 11, 12, 13, 14, 15, 16, 17, 18, 19, 20]},
				{"appName": "카카오톡", "usage": [0, 1, 2, 3, 4, 5, 8, 9, 10, 11, 12, 15, 16, 17, 18, 19]},
				{"appName": "Messenger", "usage": [0, 1, 2, 3, 4, 6, 9, 10, 11, 12, 14, 16, 18, 20]},
				{"appName": "Paco", "usage": [1, 2, 3, 4, 5, 6, 7, 8, 9, 10, 11, 12]},
				{"appName": "Chrome", "usage": [2, 3, 4, 8, 9, 10, 11, 12, 16]},
				{"appName": "Forza", "usage": [1, 2, 11, 12, 15, 18, 19, 20]},
				{"appName": "설정", "usage": [0, 7, 9, 10, 11, 12]},
				{"appName": "연락처", "usage": [3, 7, 8, 9, 10]},
				{"appName": "전화", "usage": [3, 7, 9, 10]},
				{"appName": "FIFA Mobile", "usage": [3, 9, 14, 15]},
				{"appName": "갤러리", "usage": [3, 4, 20]},
				{"appName": "SNOW", "usage": [7, 11, 20]},
				{"appName": "Melon", "usage": [2, 10, 12]},
				{"appName": "카메라", "usage": [3, 7]},
				{"appName": "음성 녹음", "usage": [5, 20]},
				{"appName": "삼성 인터넷", "usage": [15, 18]},
				{"appName": "내 파일", "usage": [3, 20]},
				{"appName": "Samsung Music", "usage": [12, 18]},
				{"appName": "Polar Beat", "usage": [0, 12]},
				{"appName": "파일", "usage": [2]},
				{"appName": "원터치개인", "usage": [11]},
				{"appName": "시계", "usage": [20]},
				{"appName": "비디오 플레이어", "usage": [20]},
				{"appName": "배달의민족", "usage": [3]},
				{"appName": "메시지", "usage": [6]},
				{"appName": "디바이스 관리", "usage": [12]},
				{"appName": "계산기", "usage": [3]},
				{"appName": "YouTube", "usage": [3]},
				{"appName": "Google Play 스토어", "usage": [3]},
				{"appName": "Google Play 서비스", "usage": [12]}
			]
		},
		"maxTime": {
			"usage": 37,
			"details": [
				{"appName": "FIFA Mobile", "usage": 32},
				{"appName": "Chrome", "usage": 18},
				{"appName": "Facebook", "usage": 10},
				{"appName": "YouTube", "usage": 7},
				{"appName": "삼성 인터넷", "usage": 6},
				{"appName": "음성 녹음", "usage": 4},
				{"appName": "Forza", "usage": 2},
				{"appName": "Messenger", "usage": 2},
				{"appName": "SNOW", "usage": 2},
				{"appName": "카카오톡", "usage": 1},
				{"appName": "갤러리", "usage": 1},
				{"appName": "Melon", "usage": 1},
				{"appName": "시스템 UI", "usage": 1},
				{"appName": "설정", "usage": 1},
				{"appName": "전화", "usage": 1},
				{"appName": "Samsung Experience 홈", "usage": 1},
				{"appName": "Samsung Music", "usage": 0},
				{"appName": "Paco", "usage": 0},
				{"appName": "연락처", "usage": 0},
				{"appName": "배달의민족", "usage": 0},
				{"appName": "카메라", "usage": 0},
				{"appName": "Polar Beat", "usage": 0},
				{"appName": "비디오 플레이어", "usage": 0},
				{"appName": "시계", "usage": 0},
				{"appName": "Google Play 스토어", "usage": 0},
				{"appName": "파일", "usage": 0},
				{"appName": "Google Play 서비스", "usage": 0},
				{"appName": "원터치개인", "usage": 0},
				{"appName": "디바이스 관리", "usage": 0},
				{"appName": "내 파일", "usage": 0},
				{"appName": "메시지", "usage": 0},
				{"appName": "계산기", "usage": 0}
			]
		},
		"avgTime": {
			"usage": 1,
			"details": [
				{"appName": "FIFA Mobile", "usage": 7},
				{"appName": "음성 녹음", "usage": 2},
				{"appName": "YouTube", "usage": 2},
				{"appName": "Chrome", "usage": 1},
				{"appName": "전화", "usage": 1},
				{"appName": "SNOW", "usage": 0},
				{"appName": "삼성 인터넷", "usage": 0},
				{"appName": "Melon", "usage": 0},
				{"appName": "Facebook", "usage": 0},
				{"appName": "갤러리", "usage": 0},
				{"appName": "Samsung Music", "usage": 0},
				{"appName": "Messenger", "usage": 0},
				{"appName": "Forza", "usage": 0},
				{"appName": "Paco", "usage": 0},
				{"appName": "비디오 플레이어", "usage": 0},
				{"appName": "카메라", "usage": 0},
				{"appName": "배달의민족", "usage": 0},
				{"appName": "설정", "usage": 0},
				{"appName": "Google Play 스토어", "usage": 0},
				{"appName": "연락처", "usage": 0},
				{"appName": "카카오톡", "usage": 0},
				{"appName": "시계", "usage": 0},
				{"appName": "Samsung Experience 홈", "usage": 0},
				{"appName": "파일", "usage": 0},
				{"appName": "Polar Beat", "usage": 0},
				{"appName": "Google Play 서비스", "usage": 0},
				{"appName": "원터치개인", "usage": 0},
				{"appName": "시스템 UI", "usage": 0},
				{"appName": "디바이스 관리", "usage": 0},
				{"appName": "내 파일", "usage": 0},
				{"appName": "메시지", "usage": 0},
				{"appName": "계산기", "usage": 0}
			]
		},
		"lastPickup": {"time": 0}
	},
	{
		"date": 6,
		"totalTime": {
			"usage": 325,
			"details": [
				{"appName": "Facebook", "usage": 72},
				{"appName": "Chrome", "usage": 72},
				{"appName": "YouTube", "usage": 15},
				{"appName": "Forza", "usage": 15},
				{"appName": "Messenger", "usage": 10},
				{"appName": "삼성 인터넷", "usage": 9},
				{"appName": "카카오톡", "usage": 8},
				{"appName": "Samsung Experience 홈", "usage": 8},
				{"appName": "SNOW", "usage": 2},
				{"appName": "Paco", "usage": 1},
				{"appName": "설정", "usage": 1},
				{"appName": "시스템 UI", "usage": 1},
				{"appName": "SR 고속열차", "usage": 1},
				{"appName": "Polar Beat", "usage": 0},
				{"appName": "Melon", "usage": 0},
				{"appName": "메시지", "usage": 0},
				{"appName": "시계", "usage": 0},
				{"appName": "내 파일", "usage": 0},
				{"appName": "Google Play 서비스", "usage": 0},
				{"appName": "ABC Logger", "usage": 0}
			]
		},
		"pickups": {"usage": 117},
		"downTime": {
			"usages": [
				{"hour": 2, "usage": 7},
				{"hour": 3, "usage": 58},
				{"hour": 4, "usage": 31},
				{"hour": 5, "usage": 19},
				{"hour": 6, "usage": 10},
				{"hour": 7, "usage": 8},
				{"hour": 8, "usage": 6},
				{"hour": 9, "usage": 0},
				{"hour": 10, "usage": 9},
				{"hour": 11, "usage": 9},
				{"hour": 12, "usage": 8},
				{"hour": 21, "usage": 49},
				{"hour": 22, "usage": 60},
				{"hour": 23, "usage": 43}
			],
			"details": [
				{"appName": "Samsung Experience 홈", "usage": [2, 3, 4, 5, 6, 7, 8, 9, 10, 11, 12, 21, 22, 23]},
				{"appName": "시스템 UI", "usage": [2, 3, 4, 5, 6, 7, 8, 9, 10, 11, 12, 22, 23]},
				{"appName": "Facebook", "usage": [2, 3, 4, 5, 6, 7, 8, 9, 10, 11, 12, 22, 23]},
				{"appName": "카카오톡", "usage": [2, 3, 5, 6, 7, 8, 10, 11, 22]},
				{"appName": "Paco", "usage": [3, 4, 5, 7, 9, 10, 11, 12]},
				{"appName": "설정", "usage": [2, 3, 4, 5, 6, 11, 22]},
				{"appName": "Chrome", "usage": [3, 4, 5, 6, 11, 12, 23]},
				{"appName": "Messenger", "usage": [3, 5, 6, 7, 8, 22]},
				{"appName": "Forza", "usage": [2, 5, 7, 22, 23]},
				{"appName": "Polar Beat", "usage": [2, 5, 6]},
				{"appName": "Melon", "usage": [3, 4, 8]},
				{"appName": "YouTube", "usage": [2, 3]},
				{"appName": "SNOW", "usage": [8, 10]},
				{"appName": "시계", "usage": [2]},
				{"appName": "삼성 인터넷", "usage": [23]},
				{"appName": "메시지", "usage": [23]},
				{"appName": "내 파일", "usage": [23]},
				{"appName": "SR 고속열차", "usage": [3]},
				{"appName": "Google Play 서비스", "usage": [23]},
				{"appName": "ABC Logger", "usage": [22]}
			]
		},
		"maxTime": {
			"usage": 138,
			"details": [
				{"appName": "Chrome", "usage": 20},
				{"appName": "YouTube", "usage": 8},
				{"appName": "삼성 인터넷", "usage": 7},
				{"appName": "Facebook", "usage": 7},
				{"appName": "카카오톡", "usage": 1},
				{"appName": "Forza", "usage": 1},
				{"appName": "SNOW", "usage": 1},
				{"appName": "Messenger", "usage": 1},
				{"appName": "Samsung Experience 홈", "usage": 1},
				{"appName": "SR 고속열차", "usage": 1},
				{"appName": "설정", "usage": 0},
				{"appName": "Paco", "usage": 0},
				{"appName": "메시지", "usage": 0},
				{"appName": "Melon", "usage": 0},
				{"appName": "시계", "usage": 0},
				{"appName": "Polar Beat", "usage": 0},
				{"appName": "시스템 UI", "usage": 0},
				{"appName": "내 파일", "usage": 0},
				{"appName": "Google Play 서비스", "usage": 0},
				{"appName": "ABC Logger", "usage": 0}
			]
		},
		"avgTime": {
			"usage": 2,
			"details": [
				{"appName": "YouTube", "usage": 5},
				{"appName": "Chrome", "usage": 3},
				{"appName": "삼성 인터넷", "usage": 0},
				{"appName": "Facebook", "usage": 0},
				{"appName": "Messenger", "usage": 0},
				{"appName": "SR 고속열차", "usage": 0},
				{"appName": "SNOW", "usage": 0},
				{"appName": "Forza", "usage": 0},
				{"appName": "메시지", "usage": 0},
				{"appName": "Melon", "usage": 0},
				{"appName": "Paco", "usage": 0},
				{"appName": "시계", "usage": 0},
				{"appName": "카카오톡", "usage": 0},
				{"appName": "설정", "usage": 0},
				{"appName": "Samsung Experience 홈", "usage": 0},
				{"appName": "내 파일", "usage": 0},
				{"appName": "Polar Beat", "usage": 0},
				{"appName": "Google Play 서비스", "usage": 0},
				{"appName": "시스템 UI", "usage": 0},
				{"appName": "ABC Logger", "usage": 0}
			]
		},
		"lastPickup": {"time": 2}
	},
	{
		"date": 7,
		"totalTime": {
			"usage": 317,
			"details": [
				{"appName": "Facebook", "usage": 104},
				{"appName": "카카오톡", "usage": 71},
				{"appName": "Messenger", "usage": 41},
				{"appName": "Samsung Experience 홈", "usage": 28},
				{"appName": "YouTube", "usage": 24},
				{"appName": "SR 고속열차", "usage": 12},
				{"appName": "전화", "usage": 5},
				{"appName": "Samsung Music", "usage": 4},
				{"appName": "시스템 UI", "usage": 4},
				{"appName": "Forza", "usage": 3},
				{"appName": "Chrome", "usage": 2},
				{"appName": "에브리타임", "usage": 2},
				{"appName": "갤러리", "usage": 2},
				{"appName": "Melon", "usage": 1},
				{"appName": "시계", "usage": 1},
				{"appName": "Paco", "usage": 0},
				{"appName": "설정", "usage": 0},
				{"appName": "Netflix", "usage": 0},
				{"appName": "Polar Beat", "usage": 0},
				{"appName": "코레일톡", "usage": 0},
				{"appName": "연락처", "usage": 0},
				{"appName": "삼성 인터넷", "usage": 0},
				{"appName": "Samsung Notes", "usage": 0},
				{"appName": "메시지", "usage": 0},
				{"appName": "Google Play 서비스", "usage": 0},
				{"appName": "파일", "usage": 0},
				{"appName": "내 파일", "usage": 0}
			]
		},
		"pickups": {"usage": 338},
		"downTime": {
			"usages": [
				{"hour": 1, "usage": 11},
				{"hour": 2, "usage": 2},
				{"hour": 3, "usage": 21},
				{"hour": 4, "usage": 20},
				{"hour": 5, "usage": 4},
				{"hour": 6, "usage": 36},
				{"hour": 7, "usage": 13},
				{"hour": 8, "usage": 0},
				{"hour": 9, "usage": 0},
				{"hour": 10, "usage": 3},
				{"hour": 11, "usage": 8},
				{"hour": 12, "usage": 9},
				{"hour": 13, "usage": 28},
				{"hour": 14, "usage": 2},
				{"hour": 15, "usage": 34},
				{"hour": 16, "usage": 9},
				{"hour": 17, "usage": 52},
				{"hour": 18, "usage": 26},
				{"hour": 21, "usage": 0},
				{"hour": 22, "usage": 10},
				{"hour": 23, "usage": 20}
			],
			"details": [
				{"appName": "Samsung Experience 홈", "usage": [1, 2, 3, 4, 5, 6, 7, 8, 10, 11, 12, 13, 14, 15, 16, 17, 18, 22, 23]},
				{"appName": "카카오톡", "usage": [2, 3, 4, 5, 6, 7, 8, 10, 11, 12, 13, 14, 15, 16, 17, 18, 22, 23]},
				{"appName": "시스템 UI", "usage": [3, 4, 5, 6, 7, 8, 10, 11, 12, 13, 14, 15, 16, 17, 18, 22, 23]},
				{"appName": "Facebook", "usage": [3, 4, 5, 6, 7, 12, 13, 14, 15, 16, 17, 18, 22, 23]},
				{"appName": "Messenger", "usage": [3, 4, 5, 6, 7, 10, 12, 13, 16]},
				{"appName": "Paco", "usage": [3, 4, 5, 6, 7, 8, 11, 12]},
				{"appName": "에브리타임", "usage": [6, 7, 8, 9, 10]},
				{"appName": "설정", "usage": [2, 3, 6, 7, 11]},
				{"appName": "전화", "usage": [1, 3, 10, 11]},
				{"appName": "연락처", "usage": [2, 3, 8, 10]},
				{"appName": "SR 고속열차", "usage": [6, 13, 14, 23]},
				{"appName": "Polar Beat", "usage": [3, 6, 7, 11]},
				{"appName": "Chrome", "usage": [6, 7, 13, 23]},
				{"appName": "시계", "usage": [18, 21, 22]},
				{"appName": "Melon", "usage": [10, 11, 23]},
				{"appName": "Forza", "usage": [3, 13, 23]},
				{"appName": "메시지", "usage": [6, 7]},
				{"appName": "내 파일", "usage": [13, 22]},
				{"appName": "갤러리", "usage": [7, 13]},
				{"appName": "YouTube", "usage": [17, 23]},
				{"appName": "Samsung Music", "usage": [22, 23]},
				{"appName": "파일", "usage": [18]},
				{"appName": "코레일톡", "usage": [6]},
				{"appName": "삼성 인터넷", "usage": [23]},
				{"appName": "Samsung Notes", "usage": [22]},
				{"appName": "Netflix", "usage": [4]},
				{"appName": "Google Play 서비스", "usage": [2]}
			]
		},
		"maxTime": {
			"usage": 36,
			"details": [
				{"appName": "YouTube", "usage": 22},
				{"appName": "Facebook", "usage": 13},
				{"appName": "카카오톡", "usage": 11},
				{"appName": "Samsung Experience 홈", "usage": 10},
				{"appName": "Messenger", "usage": 4},
				{"appName": "SR 고속열차", "usage": 2},
				{"appName": "전화", "usage": 2},
				{"appName": "시스템 UI", "usage": 1},
				{"appName": "Samsung Music", "usage": 1},
				{"appName": "Melon", "usage": 1},
				{"appName": "Chrome", "usage": 0},
				{"appName": "갤러리", "usage": 0},
				{"appName": "에브리타임", "usage": 0},
				{"appName": "시계", "usage": 0},
				{"appName": "Netflix", "usage": 0},
				{"appName": "코레일톡", "usage": 0},
				{"appName": "Forza", "usage": 0},
				{"appName": "Polar Beat", "usage": 0},
				{"appName": "삼성 인터넷", "usage": 0},
				{"appName": "연락처", "usage": 0},
				{"appName": "설정", "usage": 0},
				{"appName": "Paco", "usage": 0},
				{"appName": "Samsung Notes", "usage": 0},
				{"appName": "메시지", "usage": 0},
				{"appName": "Google Play 서비스", "usage": 0},
				{"appName": "파일", "usage": 0},
				{"appName": "내 파일", "usage": 0}
			]
		},
		"avgTime": {
			"usage": 0,
			"details": [
				{"appName": "YouTube", "usage": 3},
				{"appName": "전화", "usage": 0},
				{"appName": "갤러리", "usage": 0},
				{"appName": "Facebook", "usage": 0},
				{"appName": "Chrome", "usage": 0},
				{"appName": "Messenger", "usage": 0},
				{"appName": "Melon", "usage": 0},
				{"appName": "SR 고속열차", "usage": 0},
				{"appName": "Samsung Music", "usage": 0},
				{"appName": "코레일톡", "usage": 0},
				{"appName": "Netflix", "usage": 0},
				{"appName": "에브리타임", "usage": 0},
				{"appName": "카카오톡", "usage": 0},
				{"appName": "삼성 인터넷", "usage": 0},
				{"appName": "Samsung Experience 홈", "usage": 0},
				{"appName": "Forza", "usage": 0},
				{"appName": "시계", "usage": 0},
				{"appName": "Samsung Notes", "usage": 0},
				{"appName": "연락처", "usage": 0},
				{"appName": "Paco", "usage": 0},
				{"appName": "Google Play 서비스", "usage": 0},
				{"appName": "메시지", "usage": 0},
				{"appName": "Polar Beat", "usage": 0},
				{"appName": "설정", "usage": 0},
				{"appName": "파일", "usage": 0},
				{"appName": "시스템 UI", "usage": 0},
				{"appName": "내 파일", "usage": 0}
			]
		},
		"lastPickup": {"time": 0}
	}
]
