[
	{
		"date": 1,
		"totalTime": {
			"usage": 0,
			"details": [
				{"appName": "Chrome", "usage": 95},
				{"appName": "카카오톡", "usage": 72},
				{"appName": "FLO", "usage": 22},
				{"appName": "시스템 런처", "usage": 18},
				{"appName": "Paco", "usage": 5},
				{"appName": "메시지", "usage": 3},
				{"appName": "카카오뱅크", "usage": 2},
				{"appName": "Polar Beat", "usage": 2},
				{"appName": "Google Play 스토어", "usage": 2},
				{"appName": "Microsoft Band", "usage": 1},
				{"appName": "원터치개인", "usage": 1},
				{"appName": "KLMS", "usage": 1},
				{"appName": "시스템 UI", "usage": 0},
				{"appName": "Logger", "usage": 0},
				{"appName": "InCallUI", "usage": 0},
				{"appName": "설정", "usage": 0},
				{"appName": "KAIST Library", "usage": 0},
				{"appName": "Gmail", "usage": 0},
				{"appName": "시계", "usage": 0},
				{"appName": "쿠팡", "usage": 0},
				{"appName": "클리너", "usage": 0},
				{"appName": "날씨", "usage": 0},
				{"appName": "카메라", "usage": 0},
				{"appName": "Google", "usage": 0},
				{"appName": "Mi 계산기", "usage": 0},
				{"appName": "메모위젯", "usage": 0},
				{"appName": "연락처와 다이얼", "usage": 0},
				{"appName": "YouTube", "usage": 0},
				{"appName": "패키지 설치 프로그램", "usage": 0},
				{"appName": "갤러리", "usage": 0}
			]
		},
		"pickups": {"usage": 0},
		"downTime": {
			"usages": [
			],
			"details": [
				{"appName": "시스템 런처", "usage": [0, 1, 2, 3, 4, 5, 6, 7, 8, 9, 10, 11, 12, 13, 15, 16, 17, 21, 23]},
				{"appName": "Chrome", "usage": [0, 1, 2, 3, 4, 5, 6, 7, 8, 9, 10, 11, 12, 13, 15, 16, 17, 21]},
				{"appName": "카카오톡", "usage": [1, 2, 3, 4, 5, 6, 7, 8, 9, 10, 11, 12, 15, 16, 17, 21]},
				{"appName": "시스템 UI", "usage": [0, 2, 3, 4, 6, 7, 8, 9, 10, 12, 16, 17]},
				{"appName": "Paco", "usage": [1, 2, 3, 6, 8, 9, 10, 12]},
				{"appName": "메시지", "usage": [1, 4, 8, 9, 10, 16]},
				{"appName": "FLO", "usage": [4, 5, 6, 8, 9, 10]},
				{"appName": "패키지 설치 프로그램", "usage": [0, 3, 8, 12, 13]},
				{"appName": "설정", "usage": [0, 3, 8, 12, 13]},
				{"appName": "Polar Beat", "usage": [0, 3, 5, 8, 12]},
				{"appName": "Logger", "usage": [0, 3, 8, 12, 13]},
				{"appName": "Microsoft Band", "usage": [3, 8, 13]},
				{"appName": "KLMS", "usage": [6, 7, 10]},
				{"appName": "쿠팡", "usage": [16, 17]},
				{"appName": "시계", "usage": [12, 23]},
				{"appName": "KAIST Library", "usage": [8, 10]},
				{"appName": "InCallUI", "usage": [13, 16]},
				{"appName": "Google", "usage": [7, 17]},
				{"appName": "Gmail", "usage": [8, 15]},
				{"appName": "클리너", "usage": [17]},
				{"appName": "카카오뱅크", "usage": [16]},
				{"appName": "카메라", "usage": [3]},
				{"appName": "원터치개인", "usage": [16]},
				{"appName": "연락처와 다이얼", "usage": [16]},
				{"appName": "메모위젯", "usage": [3]},
				{"appName": "날씨", "usage": [16]},
				{"appName": "갤러리", "usage": [3]},
				{"appName": "YouTube", "usage": [9]},
				{"appName": "Mi 계산기", "usage": [17]},
				{"appName": "Google Play 스토어", "usage": [17]}
			]
		},
		"maxTime": {
			"usage": 0,
			"details": [
				{"appName": "Chrome", "usage": 14},
				{"appName": "FLO", "usage": 9},
				{"appName": "카카오톡", "usage": 7},
				{"appName": "시스템 런처", "usage": 5},
				{"appName": "메시지", "usage": 3},
				{"appName": "카카오뱅크", "usage": 0},
				{"appName": "Google Play 스토어", "usage": 0},
				{"appName": "Microsoft Band", "usage": 0},
				{"appName": "원터치개인", "usage": 0},
				{"appName": "InCallUI", "usage": 0},
				{"appName": "Polar Beat", "usage": 0},
				{"appName": "Paco", "usage": 0},
				{"appName": "Logger", "usage": 0},
				{"appName": "Gmail", "usage": 0},
				{"appName": "쿠팡", "usage": 0},
				{"appName": "시계", "usage": 0},
				{"appName": "KLMS", "usage": 0},
				{"appName": "KAIST Library", "usage": 0},
				{"appName": "날씨", "usage": 0},
				{"appName": "클리너", "usage": 0},
				{"appName": "카메라", "usage": 0},
				{"appName": "설정", "usage": 0},
				{"appName": "Mi 계산기", "usage": 0},
				{"appName": "시스템 UI", "usage": 0},
				{"appName": "메모위젯", "usage": 0},
				{"appName": "연락처와 다이얼", "usage": 0},
				{"appName": "Google", "usage": 0},
				{"appName": "YouTube", "usage": 0},
				{"appName": "갤러리", "usage": 0},
				{"appName": "패키지 설치 프로그램", "usage": 0}
			]
		},
		"avgTime": {
			"usage": 0,
			"details": [
				{"appName": "Chrome", "usage": 1},
				{"appName": "FLO", "usage": 0},
				{"appName": "InCallUI", "usage": 0},
				{"appName": "Gmail", "usage": 0},
				{"appName": "시계", "usage": 0},
				{"appName": "Google Play 스토어", "usage": 0},
				{"appName": "Microsoft Band", "usage": 0},
				{"appName": "메시지", "usage": 0},
				{"appName": "카카오뱅크", "usage": 0},
				{"appName": "날씨", "usage": 0},
				{"appName": "Mi 계산기", "usage": 0},
				{"appName": "Polar Beat", "usage": 0},
				{"appName": "카카오톡", "usage": 0},
				{"appName": "원터치개인", "usage": 0},
				{"appName": "클리너", "usage": 0},
				{"appName": "KLMS", "usage": 0},
				{"appName": "Paco", "usage": 0},
				{"appName": "메모위젯", "usage": 0},
				{"appName": "KAIST Library", "usage": 0},
				{"appName": "쿠팡", "usage": 0},
				{"appName": "카메라", "usage": 0},
				{"appName": "연락처와 다이얼", "usage": 0},
				{"appName": "시스템 런처", "usage": 0},
				{"appName": "Logger", "usage": 0},
				{"appName": "설정", "usage": 0},
				{"appName": "YouTube", "usage": 0},
				{"appName": "Google", "usage": 0},
				{"appName": "시스템 UI", "usage": 0},
				{"appName": "갤러리", "usage": 0},
				{"appName": "패키지 설치 프로그램", "usage": 0}
			]
		},
		"lastPickup": {"time": 0}
	},
	{
		"date": 2,
		"totalTime": {
			"usage": 1143,
			"details": [
				{"appName": "Chrome", "usage": 22},
				{"appName": "카카오톡", "usage": 18},
				{"appName": "메시지", "usage": 12},
				{"appName": "시스템 런처", "usage": 11},
				{"appName": "InCallUI", "usage": 7},
				{"appName": "원터치개인", "usage": 4},
				{"appName": "Paco", "usage": 3},
				{"appName": "ABC Logger", "usage": 2},
				{"appName": "Dropsync", "usage": 2},
				{"appName": "시스템 UI", "usage": 1},
				{"appName": "KLMS", "usage": 1},
				{"appName": "갤러리", "usage": 1},
				{"appName": "봄 캘린더", "usage": 0},
				{"appName": "설정", "usage": 0},
				{"appName": "Logger", "usage": 0},
				{"appName": "0한동", "usage": 0},
				{"appName": "Microsoft Band", "usage": 0},
				{"appName": "클리너", "usage": 0},
				{"appName": "포토", "usage": 0},
				{"appName": "시계", "usage": 0},
				{"appName": "보안", "usage": 0},
				{"appName": "Polar Beat", "usage": 0},
				{"appName": "연락처와 다이얼", "usage": 0},
				{"appName": "카메라", "usage": 0},
				{"appName": "패키지 설치 프로그램", "usage": 0},
				{"appName": "FLO", "usage": 0},
				{"appName": "통화 관리", "usage": 0}
			]
		},
		"pickups": {"usage": 55},
		"downTime": {
			"usages": [
				{"hour": 0, "usage": 60},
				{"hour": 1, "usage": 60},
				{"hour": 2, "usage": 60},
				{"hour": 3, "usage": 60},
				{"hour": 4, "usage": 60},
				{"hour": 5, "usage": 60},
				{"hour": 6, "usage": 60},
				{"hour": 7, "usage": 44},
				{"hour": 8, "usage": 13},
				{"hour": 9, "usage": 8},
				{"hour": 10, "usage": 1},
				{"hour": 11, "usage": 0},
				{"hour": 12, "usage": 5}
			],
			"details": [
				{"appName": "시스템 런처", "usage": [0, 1, 2, 3, 4, 5, 6, 7, 8, 9, 10, 12]},
				{"appName": "카카오톡", "usage": [0, 1, 2, 3, 4, 5, 6, 7, 8, 9, 12]},
				{"appName": "Paco", "usage": [1, 2, 3, 5, 7, 8, 9, 12]},
				{"appName": "Chrome", "usage": [1, 3, 4, 5, 6, 8, 9, 10]},
				{"appName": "시스템 UI", "usage": [1, 5, 6, 7, 8, 9, 12]},
				{"appName": "패키지 설치 프로그램", "usage": [1, 6, 7, 12]},
				{"appName": "통화 관리", "usage": [3, 6, 7, 9]},
				{"appName": "원터치개인", "usage": [3, 5, 10, 12]},
				{"appName": "연락처와 다이얼", "usage": [3, 6, 7, 9]},
				{"appName": "설정", "usage": [1, 6, 7, 12]},
				{"appName": "메시지", "usage": [5, 6, 7, 8]},
				{"appName": "갤러리", "usage": [5, 6, 7, 12]},
				{"appName": "Logger", "usage": [1, 6, 7, 12]},
				{"appName": "InCallUI", "usage": [3, 6, 7, 9]},
				{"appName": "카메라", "usage": [2, 7, 8]},
				{"appName": "ABC Logger", "usage": [6, 7, 12]},
				{"appName": "보안", "usage": [5, 6]},
				{"appName": "Polar Beat", "usage": [1, 7]},
				{"appName": "Microsoft Band", "usage": [7, 12]},
				{"appName": "FLO", "usage": [5, 6]},
				{"appName": "Dropsync", "usage": [7, 12]},
				{"appName": "포토", "usage": [5]},
				{"appName": "클리너", "usage": [5]},
				{"appName": "시계", "usage": [0]},
				{"appName": "봄 캘린더", "usage": [5]},
				{"appName": "KLMS", "usage": [6]},
				{"appName": "0한동", "usage": [5]}
			]
		},
		"maxTime": {
			"usage": 648,
			"details": [
				{"appName": "카카오톡", "usage": 5},
				{"appName": "Chrome", "usage": 4},
				{"appName": "InCallUI", "usage": 3},
				{"appName": "시스템 런처", "usage": 1},
				{"appName": "원터치개인", "usage": 1},
				{"appName": "메시지", "usage": 1},
				{"appName": "KLMS", "usage": 1},
				{"appName": "Dropsync", "usage": 0},
				{"appName": "0한동", "usage": 0},
				{"appName": "포토", "usage": 0},
				{"appName": "봄 캘린더", "usage": 0},
				{"appName": "ABC Logger", "usage": 0},
				{"appName": "클리너", "usage": 0},
				{"appName": "시계", "usage": 0},
				{"appName": "Paco", "usage": 0},
				{"appName": "Microsoft Band", "usage": 0},
				{"appName": "시스템 UI", "usage": 0},
				{"appName": "갤러리", "usage": 0},
				{"appName": "Logger", "usage": 0},
				{"appName": "보안", "usage": 0},
				{"appName": "설정", "usage": 0},
				{"appName": "카메라", "usage": 0},
				{"appName": "Polar Beat", "usage": 0},
				{"appName": "패키지 설치 프로그램", "usage": 0},
				{"appName": "연락처와 다이얼", "usage": 0},
				{"appName": "FLO", "usage": 0},
				{"appName": "통화 관리", "usage": 0}
			]
		},
		"avgTime": {
			"usage": 20,
			"details": [
				{"appName": "Chrome", "usage": 1},
				{"appName": "InCallUI", "usage": 0},
				{"appName": "포토", "usage": 0},
				{"appName": "KLMS", "usage": 0},
				{"appName": "0한동", "usage": 0},
				{"appName": "Dropsync", "usage": 0},
				{"appName": "봄 캘린더", "usage": 0},
				{"appName": "Microsoft Band", "usage": 0},
				{"appName": "메시지", "usage": 0},
				{"appName": "카카오톡", "usage": 0},
				{"appName": "ABC Logger", "usage": 0},
				{"appName": "클리너", "usage": 0},
				{"appName": "시계", "usage": 0},
				{"appName": "Paco", "usage": 0},
				{"appName": "시스템 런처", "usage": 0},
				{"appName": "보안", "usage": 0},
				{"appName": "Logger", "usage": 0},
				{"appName": "시스템 UI", "usage": 0},
				{"appName": "원터치개인", "usage": 0},
				{"appName": "Polar Beat", "usage": 0},
				{"appName": "설정", "usage": 0},
				{"appName": "갤러리", "usage": 0},
				{"appName": "카메라", "usage": 0},
				{"appName": "연락처와 다이얼", "usage": 0},
				{"appName": "FLO", "usage": 0},
				{"appName": "패키지 설치 프로그램", "usage": 0},
				{"appName": "통화 관리", "usage": 0}
			]
		},
		"lastPickup": {"time": 648}
	},
	{
		"date": 3,
		"totalTime": {
			"usage": 615,
			"details": [
				{"appName": "Chrome", "usage": 50},
				{"appName": "카카오톡", "usage": 46},
				{"appName": "FLO", "usage": 13},
				{"appName": "시스템 런처", "usage": 12},
				{"appName": "ABC Logger", "usage": 10},
				{"appName": "메시지", "usage": 5},
				{"appName": "Paco", "usage": 2},
				{"appName": "시스템 UI", "usage": 2},
				{"appName": "드라이브", "usage": 2},
				{"appName": "CamScanner", "usage": 1},
				{"appName": "Gmail", "usage": 0},
				{"appName": "설정", "usage": 0},
				{"appName": "갤러리", "usage": 0},
				{"appName": "Logger", "usage": 0},
				{"appName": "Polar Beat", "usage": 0},
				{"appName": "원터치개인", "usage": 0},
				{"appName": "PASS", "usage": 0},
				{"appName": "시계", "usage": 0},
				{"appName": "미세미세", "usage": 0},
				{"appName": "배터리 및 성능", "usage": 0},
				{"appName": "보안", "usage": 0},
				{"appName": "InCallUI", "usage": 0},
				{"appName": "Android 시스템", "usage": 0},
				{"appName": "연락처와 다이얼", "usage": 0},
				{"appName": "파일탐색기", "usage": 0},
				{"appName": "Microsoft Band", "usage": 0},
				{"appName": "패키지 설치 프로그램", "usage": 0},
				{"appName": "통화 관리", "usage": 0}
			]
		},
		"pickups": {"usage": 123},
		"downTime": {
			"usages": [
				{"hour": 0, "usage": 60},
				{"hour": 1, "usage": 60},
				{"hour": 2, "usage": 60},
				{"hour": 3, "usage": 60},
				{"hour": 4, "usage": 60},
				{"hour": 5, "usage": 60},
				{"hour": 6, "usage": 60},
				{"hour": 7, "usage": 32},
				{"hour": 8, "usage": 33},
				{"hour": 9, "usage": 27},
				{"hour": 10, "usage": 8},
				{"hour": 11, "usage": 1},
				{"hour": 12, "usage": 5},
				{"hour": 13, "usage": 19},
				{"hour": 14, "usage": 10},
				{"hour": 15, "usage": 12},
				{"hour": 16, "usage": 15},
				{"hour": 17, "usage": 7},
				{"hour": 18, "usage": 4},
				{"hour": 19, "usage": 13},
				{"hour": 20, "usage": 1},
				{"hour": 21, "usage": 0},
				{"hour": 23, "usage": 0}
			],
			"details": [
				{"appName": "시스템 런처", "usage": [6, 7, 8, 9, 10, 11, 12, 13, 14, 15, 16, 17, 18, 19]},
				{"appName": "카카오톡", "usage": [6, 8, 9, 10, 11, 12, 13, 14, 15, 16, 17, 18, 19]},
				{"appName": "Chrome", "usage": [6, 7, 8, 9, 10, 13, 14, 15, 16, 17, 18]},
				{"appName": "시스템 UI", "usage": [6, 7, 8, 9, 10, 11, 12, 13, 18]},
				{"appName": "FLO", "usage": [6, 10, 11, 12, 13, 14, 15]},
				{"appName": "Paco", "usage": [6, 8, 9, 10, 11, 12]},
				{"appName": "패키지 설치 프로그램", "usage": [7, 8, 9, 13]},
				{"appName": "설정", "usage": [7, 8, 9, 13]},
				{"appName": "Logger", "usage": [7, 8, 9, 13]},
				{"appName": "메시지", "usage": [7, 8, 9]},
				{"appName": "Polar Beat", "usage": [6, 9, 13]},
				{"appName": "ABC Logger", "usage": [7, 8, 9]},
				{"appName": "통화 관리", "usage": [8, 13]},
				{"appName": "연락처와 다이얼", "usage": [9, 13]},
				{"appName": "시계", "usage": [6, 16]},
				{"appName": "드라이브", "usage": [9, 15]},
				{"appName": "갤러리", "usage": [8, 9]},
				{"appName": "InCallUI", "usage": [8, 13]},
				{"appName": "Gmail", "usage": [9, 15]},
				{"appName": "Android 시스템", "usage": [6, 15]},
				{"appName": "파일탐색기", "usage": [19]},
				{"appName": "원터치개인", "usage": [10]},
				{"appName": "보안", "usage": [8]},
				{"appName": "배터리 및 성능", "usage": [9]},
				{"appName": "미세미세", "usage": [18]},
				{"appName": "PASS", "usage": [9]},
				{"appName": "Microsoft Band", "usage": [9]},
				{"appName": "CamScanner", "usage": [15]}
			]
		},
		"maxTime": {
			"usage": 447,
			"details": [
				{"appName": "Chrome", "usage": 7},
				{"appName": "FLO", "usage": 5},
				{"appName": "카카오톡", "usage": 4},
				{"appName": "ABC Logger", "usage": 4},
				{"appName": "시스템 런처", "usage": 1},
				{"appName": "메시지", "usage": 1},
				{"appName": "드라이브", "usage": 1},
				{"appName": "Gmail", "usage": 0},
				{"appName": "Paco", "usage": 0},
				{"appName": "시계", "usage": 0},
				{"appName": "시스템 UI", "usage": 0},
				{"appName": "CamScanner", "usage": 0},
				{"appName": "보안", "usage": 0},
				{"appName": "원터치개인", "usage": 0},
				{"appName": "Polar Beat", "usage": 0},
				{"appName": "배터리 및 성능", "usage": 0},
				{"appName": "갤러리", "usage": 0},
				{"appName": "설정", "usage": 0},
				{"appName": "미세미세", "usage": 0},
				{"appName": "PASS", "usage": 0},
				{"appName": "Logger", "usage": 0},
				{"appName": "Android 시스템", "usage": 0},
				{"appName": "InCallUI", "usage": 0},
				{"appName": "파일탐색기", "usage": 0},
				{"appName": "연락처와 다이얼", "usage": 0},
				{"appName": "Microsoft Band", "usage": 0},
				{"appName": "패키지 설치 프로그램", "usage": 0},
				{"appName": "통화 관리", "usage": 0}
			]
		},
		"avgTime": {
			"usage": 5,
			"details": [
				{"appName": "Chrome", "usage": 1},
				{"appName": "Gmail", "usage": 0},
				{"appName": "드라이브", "usage": 0},
				{"appName": "ABC Logger", "usage": 0},
				{"appName": "FLO", "usage": 0},
				{"appName": "보안", "usage": 0},
				{"appName": "카카오톡", "usage": 0},
				{"appName": "시계", "usage": 0},
				{"appName": "메시지", "usage": 0},
				{"appName": "배터리 및 성능", "usage": 0},
				{"appName": "Polar Beat", "usage": 0},
				{"appName": "Paco", "usage": 0},
				{"appName": "시스템 런처", "usage": 0},
				{"appName": "미세미세", "usage": 0},
				{"appName": "CamScanner", "usage": 0},
				{"appName": "PASS", "usage": 0},
				{"appName": "시스템 UI", "usage": 0},
				{"appName": "설정", "usage": 0},
				{"appName": "Logger", "usage": 0},
				{"appName": "갤러리", "usage": 0},
				{"appName": "Android 시스템", "usage": 0},
				{"appName": "파일탐색기", "usage": 0},
				{"appName": "InCallUI", "usage": 0},
				{"appName": "원터치개인", "usage": 0},
				{"appName": "연락처와 다이얼", "usage": 0},
				{"appName": "Microsoft Band", "usage": 0},
				{"appName": "패키지 설치 프로그램", "usage": 0},
				{"appName": "통화 관리", "usage": 0}
			]
		},
		"lastPickup": {"time": 0}
	},
	{
		"date": 4,
		"totalTime": {
			"usage": 914,
			"details": [
				{"appName": "Chrome", "usage": 32},
				{"appName": "FLO", "usage": 29},
				{"appName": "카카오톡", "usage": 27},
				{"appName": "시스템 런처", "usage": 6},
				{"appName": "Paco", "usage": 4},
				{"appName": "InCallUI", "usage": 3},
				{"appName": "Polar Beat", "usage": 0},
				{"appName": "메시지", "usage": 0},
				{"appName": "TimeBlocks", "usage": 0},
				{"appName": "시스템 UI", "usage": 0},
				{"appName": "Logger", "usage": 0},
				{"appName": "설정", "usage": 0},
				{"appName": "0한동", "usage": 0},
				{"appName": "밥대생", "usage": 0},
				{"appName": "시계", "usage": 0},
				{"appName": "연락처와 다이얼", "usage": 0},
				{"appName": "갤러리", "usage": 0},
				{"appName": "보안", "usage": 0},
				{"appName": "Google Play 서비스", "usage": 0},
				{"appName": "패키지 설치 프로그램", "usage": 0},
				{"appName": "통화 관리", "usage": 0}
			]
		},
		"pickups": {"usage": 128},
		"downTime": {
			"usages": [
				{"hour": 0, "usage": 0},
				{"hour": 1, "usage": 7},
				{"hour": 2, "usage": 13},
				{"hour": 3, "usage": 7},
				{"hour": 4, "usage": 14},
				{"hour": 5, "usage": 9},
				{"hour": 6, "usage": 1},
				{"hour": 7, "usage": 8},
				{"hour": 8, "usage": 29},
				{"hour": 9, "usage": 18},
				{"hour": 10, "usage": 10}
			],
			"details": [
				{"appName": "카카오톡", "usage": [1, 2, 3, 4, 5, 6, 7, 8, 9, 10]},
				{"appName": "시스템 런처", "usage": [1, 2, 3, 4, 5, 6, 7, 8, 9, 10]},
				{"appName": "Chrome", "usage": [1, 2, 3, 4, 5, 7, 8, 9, 10]},
				{"appName": "Paco", "usage": [1, 3, 4, 5, 6, 7, 9, 10]},
				{"appName": "시스템 UI", "usage": [1, 2, 4, 5, 8, 10]},
				{"appName": "설정", "usage": [1, 6, 9, 10]},
				{"appName": "메시지", "usage": [1, 2, 5, 7]},
				{"appName": "패키지 설치 프로그램", "usage": [1, 6, 9]},
				{"appName": "연락처와 다이얼", "usage": [1, 8, 9]},
				{"appName": "Polar Beat", "usage": [1, 7, 9]},
				{"appName": "Logger", "usage": [1, 6, 9]},
				{"appName": "FLO", "usage": [7, 8, 9]},
				{"appName": "통화 관리", "usage": [1, 9]},
				{"appName": "InCallUI", "usage": [1, 9]},
				{"appName": "시계", "usage": [1]},
				{"appName": "보안", "usage": [10]},
				{"appName": "밥대생", "usage": [8]},
				{"appName": "갤러리", "usage": [8]},
				{"appName": "TimeBlocks", "usage": [8]},
				{"appName": "Google Play 서비스", "usage": [5]},
				{"appName": "0한동", "usage": [2]}
			]
		},
		"maxTime": {
			"usage": 793,
			"details": [
				{"appName": "FLO", "usage": 9},
				{"appName": "Chrome", "usage": 4},
				{"appName": "시스템 런처", "usage": 1},
				{"appName": "Paco", "usage": 1},
				{"appName": "InCallUI", "usage": 1},
				{"appName": "카카오톡", "usage": 1},
				{"appName": "TimeBlocks", "usage": 0},
				{"appName": "0한동", "usage": 0},
				{"appName": "메시지", "usage": 0},
				{"appName": "Polar Beat", "usage": 0},
				{"appName": "밥대생", "usage": 0},
				{"appName": "시계", "usage": 0},
				{"appName": "Logger", "usage": 0},
				{"appName": "설정", "usage": 0},
				{"appName": "연락처와 다이얼", "usage": 0},
				{"appName": "갤러리", "usage": 0},
				{"appName": "보안", "usage": 0},
				{"appName": "시스템 UI", "usage": 0},
				{"appName": "Google Play 서비스", "usage": 0},
				{"appName": "패키지 설치 프로그램", "usage": 0},
				{"appName": "통화 관리", "usage": 0}
			]
		},
		"avgTime": {
			"usage": 7,
			"details": [
				{"appName": "FLO", "usage": 1},
				{"appName": "Chrome", "usage": 0},
				{"appName": "InCallUI", "usage": 0},
				{"appName": "0한동", "usage": 0},
				{"appName": "TimeBlocks", "usage": 0},
				{"appName": "Paco", "usage": 0},
				{"appName": "카카오톡", "usage": 0},
				{"appName": "메시지", "usage": 0},
				{"appName": "시계", "usage": 0},
				{"appName": "Polar Beat", "usage": 0},
				{"appName": "밥대생", "usage": 0},
				{"appName": "Logger", "usage": 0},
				{"appName": "시스템 런처", "usage": 0},
				{"appName": "갤러리", "usage": 0},
				{"appName": "보안", "usage": 0},
				{"appName": "설정", "usage": 0},
				{"appName": "Google Play 서비스", "usage": 0},
				{"appName": "시스템 UI", "usage": 0},
				{"appName": "연락처와 다이얼", "usage": 0},
				{"appName": "패키지 설치 프로그램", "usage": 0},
				{"appName": "통화 관리", "usage": 0}
			]
		},
		"lastPickup": {"time": 793}
	},
	{
		"date": 5,
		"totalTime": {
			"usage": 0,
			"details": [
			]
		},
		"pickups": {"usage": 0},
		"downTime": {
			"usages": [
			],
			"details": [
			]
		},
		"maxTime": {
			"usage": 0,
			"details": [
			]
		},
		"avgTime": {
			"usage": 0,
			"details": [
			]
		},
		"lastPickup": {"time": 0}
	},
	{
		"date": 6,
		"totalTime": {
			"usage": 0,
			"details": [
			]
		},
		"pickups": {"usage": 0},
		"downTime": {
			"usages": [
			],
			"details": [
			]
		},
		"maxTime": {
			"usage": 0,
			"details": [
			]
		},
		"avgTime": {
			"usage": 0,
			"details": [
			]
		},
		"lastPickup": {"time": 0}
	},
	{
		"date": 7,
		"totalTime": {
			"usage": 599,
			"details": [
				{"appName": "Chrome", "usage": 735},
				{"appName": "카카오톡", "usage": 20},
				{"appName": "YouTube", "usage": 14},
				{"appName": "InCallUI", "usage": 5},
				{"appName": "시스템 런처", "usage": 5},
				{"appName": "Paco", "usage": 2},
				{"appName": "메시지", "usage": 2},
				{"appName": "Polar Beat", "usage": 1},
				{"appName": "시스템 UI", "usage": 0},
				{"appName": "설정", "usage": 0},
				{"appName": "AliExpress", "usage": 0},
				{"appName": "ABC Logger", "usage": 0},
				{"appName": "Logger", "usage": 0},
				{"appName": "클리너", "usage": 0},
				{"appName": "연락처와 다이얼", "usage": 0},
				{"appName": "패키지 설치 프로그램", "usage": 0},
				{"appName": "FLO", "usage": 0}
			]
		},
		"pickups": {"usage": 58},
		"downTime": {
			"usages": [
				{"hour": 0, "usage": 60},
				{"hour": 1, "usage": 60},
				{"hour": 2, "usage": 60},
				{"hour": 3, "usage": 60},
				{"hour": 4, "usage": 60},
				{"hour": 5, "usage": 60},
				{"hour": 6, "usage": 60},
				{"hour": 7, "usage": 49},
				{"hour": 8, "usage": 31},
				{"hour": 9, "usage": 23},
				{"hour": 10, "usage": 32},
				{"hour": 11, "usage": 17},
				{"hour": 12, "usage": 11},
				{"hour": 13, "usage": 13}
			],
			"details": [
				{"appName": "카카오톡", "usage": [6, 7, 8, 9, 10, 11, 12, 13]},
				{"appName": "시스템 런처", "usage": [6, 7, 8, 9, 10, 11, 12, 13]},
				{"appName": "Paco", "usage": [6, 7, 8, 9, 10, 11, 12, 13]},
				{"appName": "Chrome", "usage": [7, 8, 9, 10, 11, 12, 13]},
				{"appName": "시스템 UI", "usage": [6, 8, 9, 11, 12, 13]},
				{"appName": "Polar Beat", "usage": [7, 8, 9, 12, 13]},
				{"appName": "설정", "usage": [7, 8, 13]},
				{"appName": "메시지", "usage": [6, 8, 11]},
				{"appName": "패키지 설치 프로그램", "usage": [7, 13]},
				{"appName": "YouTube", "usage": [7, 8]},
				{"appName": "Logger", "usage": [7, 13]},
				{"appName": "InCallUI", "usage": [10, 12]},
				{"appName": "클리너", "usage": [7]},
				{"appName": "연락처와 다이얼", "usage": [8]},
				{"appName": "FLO", "usage": [7]},
				{"appName": "AliExpress", "usage": [13]},
				{"appName": "ABC Logger", "usage": [7]}
			]
		},
		"maxTime": {
			"usage": 453,
			"details": [
				{"appName": "Chrome", "usage": 639},
				{"appName": "YouTube", "usage": 14},
				{"appName": "카카오톡", "usage": 4},
				{"appName": "InCallUI", "usage": 3},
				{"appName": "메시지", "usage": 1},
				{"appName": "시스템 런처", "usage": 0},
				{"appName": "Polar Beat", "usage": 0},
				{"appName": "Paco", "usage": 0},
				{"appName": "설정", "usage": 0},
				{"appName": "클리너", "usage": 0},
				{"appName": "AliExpress", "usage": 0},
				{"appName": "ABC Logger", "usage": 0},
				{"appName": "연락처와 다이얼", "usage": 0},
				{"appName": "Logger", "usage": 0},
				{"appName": "시스템 UI", "usage": 0},
				{"appName": "FLO", "usage": 0},
				{"appName": "패키지 설치 프로그램", "usage": 0}
			]
		},
		"avgTime": {
			"usage": 10,
			"details": [
				{"appName": "Chrome", "usage": 26},
				{"appName": "YouTube", "usage": 4},
				{"appName": "InCallUI", "usage": 1},
				{"appName": "메시지", "usage": 0},
				{"appName": "AliExpress", "usage": 0},
				{"appName": "카카오톡", "usage": 0},
				{"appName": "Polar Beat", "usage": 0},
				{"appName": "클리너", "usage": 0},
				{"appName": "연락처와 다이얼", "usage": 0},
				{"appName": "Paco", "usage": 0},
				{"appName": "설정", "usage": 0},
				{"appName": "ABC Logger", "usage": 0},
				{"appName": "Logger", "usage": 0},
				{"appName": "시스템 런처", "usage": 0},
				{"appName": "시스템 UI", "usage": 0},
				{"appName": "패키지 설치 프로그램", "usage": 0},
				{"appName": "FLO", "usage": 0}
			]
		},
		"lastPickup": {"time": 1}
	}
]
