[
	{
		"date": 1,
		"totalTime": {
			"usage": 0,
			"details": [
			]
		},
		"pickups": {"usage": 0},
		"downTime": {
			"usages": [
			],
			"details": [
			]
		},
		"maxTime": {
			"usage": 0,
			"details": [
			]
		},
		"avgTime": {
			"usage": 0,
			"details": [
			]
		},
		"lastPickup": {"time": 0}
	},
	{
		"date": 2,
		"totalTime": {
			"usage": 0,
			"details": [
			]
		},
		"pickups": {"usage": 0},
		"downTime": {
			"usages": [
			],
			"details": [
			]
		},
		"maxTime": {
			"usage": 0,
			"details": [
			]
		},
		"avgTime": {
			"usage": 0,
			"details": [
			]
		},
		"lastPickup": {"time": 0}
	},
	{
		"date": 3,
		"totalTime": {
			"usage": 0,
			"details": [
			]
		},
		"pickups": {"usage": 0},
		"downTime": {
			"usages": [
			],
			"details": [
			]
		},
		"maxTime": {
			"usage": 0,
			"details": [
			]
		},
		"avgTime": {
			"usage": 0,
			"details": [
			]
		},
		"lastPickup": {"time": 0}
	},
	{
		"date": 4,
		"totalTime": {
			"usage": 52,
			"details": [
				{"appName": "FIFA Online 4 M", "usage": 673},
				{"appName": "카카오톡", "usage": 17},
				{"appName": "네이버 웹툰", "usage": 10},
				{"appName": "Chrome", "usage": 6},
				{"appName": "계산기", "usage": 5},
				{"appName": "삼성 인터넷", "usage": 4},
				{"appName": "설정", "usage": 2},
				{"appName": "Facebook", "usage": 1},
				{"appName": "Polar Beat", "usage": 1},
				{"appName": "Samsung Experience 홈", "usage": 1},
				{"appName": "Logger", "usage": 0},
				{"appName": "접근성", "usage": 0},
				{"appName": "안드로이드 시스템", "usage": 0},
				{"appName": "삼성 캡처", "usage": 0},
				{"appName": "패키지 설치 프로그램", "usage": 0},
				{"appName": "우리카드", "usage": 0}
			]
		},
		"pickups": {"usage": 10},
		"downTime": {
			"usages": [
				{"hour": 11, "usage": 0},
				{"hour": 12, "usage": 1},
				{"hour": 21, "usage": 43},
				{"hour": 22, "usage": 7},
				{"hour": 23, "usage": 0}
			],
			"details": [
				{"appName": "FIFA Online 4 M", "usage": [0, 1, 2, 3, 4, 5, 6, 7, 8, 9, 10, 11]},
				{"appName": "Samsung Experience 홈", "usage": [11, 12, 15, 21, 22, 23]},
				{"appName": "카카오톡", "usage": [11, 12, 21, 22, 23]},
				{"appName": "설정", "usage": [12, 15, 21]},
				{"appName": "패키지 설치 프로그램", "usage": [21]},
				{"appName": "접근성", "usage": [21]},
				{"appName": "우리카드", "usage": [15]},
				{"appName": "안드로이드 시스템", "usage": [21]},
				{"appName": "삼성 캡처", "usage": [21]},
				{"appName": "삼성 인터넷", "usage": [21]},
				{"appName": "네이버 웹툰", "usage": [21]},
				{"appName": "계산기", "usage": [22]},
				{"appName": "Polar Beat", "usage": [21]},
				{"appName": "Logger", "usage": [21]},
				{"appName": "Facebook", "usage": [21]},
				{"appName": "Chrome", "usage": [21]}
			]
		},
		"maxTime": {
			"usage": 22,
			"details": [
				{"appName": "FIFA Online 4 M", "usage": 673},
				{"appName": "Chrome", "usage": 6},
				{"appName": "삼성 인터넷", "usage": 4},
				{"appName": "계산기", "usage": 3},
				{"appName": "카카오톡", "usage": 2},
				{"appName": "네이버 웹툰", "usage": 2},
				{"appName": "설정", "usage": 2},
				{"appName": "Polar Beat", "usage": 1},
				{"appName": "Facebook", "usage": 0},
				{"appName": "Samsung Experience 홈", "usage": 0},
				{"appName": "Logger", "usage": 0},
				{"appName": "안드로이드 시스템", "usage": 0},
				{"appName": "삼성 캡처", "usage": 0},
				{"appName": "접근성", "usage": 0},
				{"appName": "패키지 설치 프로그램", "usage": 0},
				{"appName": "우리카드", "usage": 0}
			]
		},
		"avgTime": {
			"usage": 5,
			"details": [
				{"appName": "FIFA Online 4 M", "usage": 673},
				{"appName": "Chrome", "usage": 6},
				{"appName": "삼성 인터넷", "usage": 4},
				{"appName": "계산기", "usage": 1},
				{"appName": "네이버 웹툰", "usage": 0},
				{"appName": "설정", "usage": 0},
				{"appName": "Polar Beat", "usage": 0},
				{"appName": "카카오톡", "usage": 0},
				{"appName": "Facebook", "usage": 0},
				{"appName": "Samsung Experience 홈", "usage": 0},
				{"appName": "안드로이드 시스템", "usage": 0},
				{"appName": "Logger", "usage": 0},
				{"appName": "삼성 캡처", "usage": 0},
				{"appName": "접근성", "usage": 0},
				{"appName": "패키지 설치 프로그램", "usage": 0},
				{"appName": "우리카드", "usage": 0}
			]
		},
		"lastPickup": {"time": 0}
	},
	{
		"date": 5,
		"totalTime": {
			"usage": 781,
			"details": [
				{"appName": "카카오톡", "usage": 29},
				{"appName": "Facebook", "usage": 24},
				{"appName": "Chrome", "usage": 19},
				{"appName": "네이버 지도", "usage": 6},
				{"appName": "드라이브", "usage": 5},
				{"appName": "삼성 인터넷", "usage": 5},
				{"appName": "Firefox", "usage": 3},
				{"appName": "Slack", "usage": 3},
				{"appName": "문서", "usage": 1},
				{"appName": "네이버 웹툰", "usage": 1},
				{"appName": "트리플", "usage": 0},
				{"appName": "Vingle", "usage": 0},
				{"appName": "Paco", "usage": 0},
				{"appName": "Gmail", "usage": 0},
				{"appName": "Polar Beat", "usage": 0},
				{"appName": "캘린더", "usage": 0},
				{"appName": "Messenger", "usage": 0},
				{"appName": "설정", "usage": 0},
				{"appName": "갤러리", "usage": 0},
				{"appName": "Logger", "usage": 0},
				{"appName": "전화", "usage": 0},
				{"appName": "원터치개인", "usage": 0},
				{"appName": "AfreecaTV", "usage": 0},
				{"appName": "메시지", "usage": 0},
				{"appName": "안드로이드 시스템", "usage": 0},
				{"appName": "Instagram", "usage": 0},
				{"appName": "패키지 설치 프로그램", "usage": 0},
				{"appName": "빅스비 보이스", "usage": 0},
				{"appName": "삼성 캡처", "usage": 0},
				{"appName": "Samsung Experience 홈", "usage": -23284824914789}
			]
		},
		"pickups": {"usage": 105},
		"downTime": {
			"usages": [
				{"hour": 1, "usage": 2},
				{"hour": 2, "usage": 4},
				{"hour": 3, "usage": 8},
				{"hour": 4, "usage": 40},
				{"hour": 5, "usage": 33},
				{"hour": 6, "usage": 6},
				{"hour": 7, "usage": 1},
				{"hour": 8, "usage": 1},
				{"hour": 9, "usage": 3},
				{"hour": 10, "usage": 2},
				{"hour": 11, "usage": 3},
				{"hour": 12, "usage": 25},
				{"hour": 13, "usage": 60},
				{"hour": 14, "usage": 60},
				{"hour": 15, "usage": 60},
				{"hour": 16, "usage": 56},
				{"hour": 17, "usage": 24}
			],
			"details": [
				{"appName": "카카오톡", "usage": [1, 2, 3, 4, 5, 6, 7, 9, 10, 11, 16, 17]},
				{"appName": "Samsung Experience 홈", "usage": [1, 2, 3, 4, 5, 6, 7, 8, 9, 10]},
				{"appName": "Facebook", "usage": [2, 3, 4, 5, 6, 16, 17]},
				{"appName": "네이버 지도", "usage": [1, 2, 4, 5, 6]},
				{"appName": "삼성 인터넷", "usage": [4, 5, 6, 9]},
				{"appName": "Slack", "usage": [4, 5, 8, 9]},
				{"appName": "Paco", "usage": [4, 5, 6, 11]},
				{"appName": "설정", "usage": [6, 16, 17]},
				{"appName": "Messenger", "usage": [4, 8, 11]},
				{"appName": "Firefox", "usage": [4, 6, 9]},
				{"appName": "Chrome", "usage": [4, 5, 16]},
				{"appName": "캘린더", "usage": [4, 8]},
				{"appName": "전화", "usage": [16, 17]},
				{"appName": "드라이브", "usage": [4, 5]},
				{"appName": "Polar Beat", "usage": [5, 17]},
				{"appName": "패키지 설치 프로그램", "usage": [17]},
				{"appName": "트리플", "usage": [4]},
				{"appName": "원터치개인", "usage": [5]},
				{"appName": "안드로이드 시스템", "usage": [16]},
				{"appName": "삼성 캡처", "usage": [5]},
				{"appName": "빅스비 보이스", "usage": [5]},
				{"appName": "문서", "usage": [5]},
				{"appName": "메시지", "usage": [7]},
				{"appName": "네이버 웹툰", "usage": [16]},
				{"appName": "갤러리", "usage": [4]},
				{"appName": "Vingle", "usage": [5]},
				{"appName": "Logger", "usage": [17]},
				{"appName": "Instagram", "usage": [6]},
				{"appName": "Gmail", "usage": [7]},
				{"appName": "AfreecaTV", "usage": [11]}
			]
		},
		"maxTime": {
			"usage": 384,
			"details": [
				{"appName": "Chrome", "usage": 6},
				{"appName": "Firefox", "usage": 3},
				{"appName": "Facebook", "usage": 3},
				{"appName": "삼성 인터넷", "usage": 2},
				{"appName": "네이버 지도", "usage": 1},
				{"appName": "Samsung Experience 홈", "usage": 1},
				{"appName": "드라이브", "usage": 1},
				{"appName": "네이버 웹툰", "usage": 1},
				{"appName": "카카오톡", "usage": 0},
				{"appName": "Vingle", "usage": 0},
				{"appName": "문서", "usage": 0},
				{"appName": "Gmail", "usage": 0},
				{"appName": "Slack", "usage": 0},
				{"appName": "Polar Beat", "usage": 0},
				{"appName": "트리플", "usage": 0},
				{"appName": "캘린더", "usage": 0},
				{"appName": "Messenger", "usage": 0},
				{"appName": "설정", "usage": 0},
				{"appName": "Paco", "usage": 0},
				{"appName": "갤러리", "usage": 0},
				{"appName": "Logger", "usage": 0},
				{"appName": "전화", "usage": 0},
				{"appName": "메시지", "usage": 0},
				{"appName": "AfreecaTV", "usage": 0},
				{"appName": "안드로이드 시스템", "usage": 0},
				{"appName": "원터치개인", "usage": 0},
				{"appName": "Instagram", "usage": 0},
				{"appName": "패키지 설치 프로그램", "usage": 0},
				{"appName": "빅스비 보이스", "usage": 0},
				{"appName": "삼성 캡처", "usage": 0}
			]
		},
		"avgTime": {
			"usage": 7,
			"details": [
				{"appName": "Vingle", "usage": 0},
				{"appName": "Chrome", "usage": 0},
				{"appName": "Gmail", "usage": 0},
				{"appName": "Firefox", "usage": 0},
				{"appName": "삼성 인터넷", "usage": 0},
				{"appName": "Facebook", "usage": 0},
				{"appName": "네이버 지도", "usage": 0},
				{"appName": "네이버 웹툰", "usage": 0},
				{"appName": "드라이브", "usage": 0},
				{"appName": "트리플", "usage": 0},
				{"appName": "Slack", "usage": 0},
				{"appName": "캘린더", "usage": 0},
				{"appName": "문서", "usage": 0},
				{"appName": "갤러리", "usage": 0},
				{"appName": "Polar Beat", "usage": 0},
				{"appName": "카카오톡", "usage": 0},
				{"appName": "설정", "usage": 0},
				{"appName": "Paco", "usage": 0},
				{"appName": "메시지", "usage": 0},
				{"appName": "안드로이드 시스템", "usage": 0},
				{"appName": "Messenger", "usage": 0},
				{"appName": "Logger", "usage": 0},
				{"appName": "Instagram", "usage": 0},
				{"appName": "AfreecaTV", "usage": 0},
				{"appName": "전화", "usage": 0},
				{"appName": "원터치개인", "usage": 0},
				{"appName": "패키지 설치 프로그램", "usage": 0},
				{"appName": "빅스비 보이스", "usage": 0},
				{"appName": "삼성 캡처", "usage": 0},
				{"appName": "Samsung Experience 홈", "usage": -107303340621}
			]
		},
		"lastPickup": {"time": 384}
	},
	{
		"date": 6,
		"totalTime": {
			"usage": 269,
			"details": [
				{"appName": "YouTube", "usage": 40},
				{"appName": "카카오톡", "usage": 39},
				{"appName": "Facebook", "usage": 33},
				{"appName": "네이버 지도", "usage": 24},
				{"appName": "네이버 웹툰", "usage": 18},
				{"appName": "Chrome", "usage": 16},
				{"appName": "Samsung Experience 홈", "usage": 16},
				{"appName": "Zenly", "usage": 13},
				{"appName": "전화", "usage": 11},
				{"appName": "이사만루 2019", "usage": 8},
				{"appName": "리마인더", "usage": 6},
				{"appName": "삼성 인터넷", "usage": 5},
				{"appName": "시계", "usage": 4},
				{"appName": "문서", "usage": 3},
				{"appName": "Firefox", "usage": 2},
				{"appName": "설정", "usage": 1},
				{"appName": "Instagram", "usage": 1},
				{"appName": "KLMS", "usage": 1},
				{"appName": "카메라", "usage": 1},
				{"appName": "Slack", "usage": 1},
				{"appName": "Google Play 스토어", "usage": 1},
				{"appName": "Polar Beat", "usage": 1},
				{"appName": "Melon", "usage": 1},
				{"appName": "드라이브", "usage": 0},
				{"appName": "Paco", "usage": 0},
				{"appName": "시외버스 모바일", "usage": 0},
				{"appName": "스프레드시트", "usage": 0},
				{"appName": "메시지", "usage": 0},
				{"appName": "AfreecaTV", "usage": 0},
				{"appName": "Samsung ApexService", "usage": 0},
				{"appName": "ES 파일 탐색기", "usage": 0},
				{"appName": "Samsung Pay", "usage": 0},
				{"appName": "Excel", "usage": 0},
				{"appName": "갤러리", "usage": 0},
				{"appName": "원터치개인", "usage": 0},
				{"appName": "Logger", "usage": 0},
				{"appName": "접근성", "usage": 0},
				{"appName": "파인더", "usage": 0},
				{"appName": "연락처", "usage": 0},
				{"appName": "Messenger", "usage": 0},
				{"appName": "Dropsync", "usage": 0},
				{"appName": "안드로이드 시스템", "usage": 0},
				{"appName": "패키지 설치 프로그램", "usage": 0},
				{"appName": "Google Play 서비스", "usage": 0},
				{"appName": "빅스비 보이스", "usage": 0}
			]
		},
		"pickups": {"usage": 209},
		"downTime": {
			"usages": [
				{"hour": 2, "usage": 0},
				{"hour": 3, "usage": 0},
				{"hour": 4, "usage": 3},
				{"hour": 5, "usage": 7},
				{"hour": 6, "usage": 12},
				{"hour": 7, "usage": 27},
				{"hour": 8, "usage": 14},
				{"hour": 9, "usage": 17},
				{"hour": 10, "usage": 27},
				{"hour": 11, "usage": 6},
				{"hour": 12, "usage": 6},
				{"hour": 13, "usage": 24},
				{"hour": 14, "usage": 4},
				{"hour": 15, "usage": 8},
				{"hour": 16, "usage": 52},
				{"hour": 17, "usage": 29},
				{"hour": 20, "usage": 2},
				{"hour": 21, "usage": 14},
				{"hour": 22, "usage": 10}
			],
			"details": [
				{"appName": "Samsung Experience 홈", "usage": [2, 3, 4, 5, 6, 7, 8, 9, 10, 11, 12, 13, 14, 15, 16, 17, 20, 21, 22]},
				{"appName": "카카오톡", "usage": [2, 3, 4, 6, 7, 8, 9, 10, 11, 12, 13, 14, 15, 16, 17, 21, 22]},
				{"appName": "Facebook", "usage": [3, 7, 8, 9, 10, 11, 12, 13, 15, 16, 21, 22]},
				{"appName": "네이버 지도", "usage": [2, 6, 7, 8, 9, 10, 16, 21, 22]},
				{"appName": "Chrome", "usage": [6, 8, 9, 10, 11, 13, 16, 21, 22]},
				{"appName": "전화", "usage": [2, 3, 6, 7, 8, 10, 11, 12]},
				{"appName": "설정", "usage": [2, 3, 4, 13, 16, 17, 21, 22]},
				{"appName": "빅스비 보이스", "usage": [2, 6, 7, 14, 15, 21]},
				{"appName": "Firefox", "usage": [2, 10, 11, 15, 21, 22]},
				{"appName": "Zenly", "usage": [13, 15, 16, 21, 22]},
				{"appName": "Paco", "usage": [6, 8, 9, 10, 12]},
				{"appName": "카메라", "usage": [6, 7, 12, 16]},
				{"appName": "원터치개인", "usage": [7, 9, 13, 14]},
				{"appName": "삼성 인터넷", "usage": [8, 10, 11, 22]},
				{"appName": "Polar Beat", "usage": [7, 9, 13, 21]},
				{"appName": "시계", "usage": [17, 20, 21]},
				{"appName": "메시지", "usage": [2, 4, 8]},
				{"appName": "Melon", "usage": [10, 21, 22]},
				{"appName": "패키지 설치 프로그램", "usage": [10, 21]},
				{"appName": "이사만루 2019", "usage": [13, 15]},
				{"appName": "드라이브", "usage": [6, 9]},
				{"appName": "갤러리", "usage": [10, 15]},
				{"appName": "YouTube", "usage": [16, 17]},
				{"appName": "Slack", "usage": [8, 9]},
				{"appName": "파인더", "usage": [5]},
				{"appName": "접근성", "usage": [21]},
				{"appName": "연락처", "usage": [2]},
				{"appName": "안드로이드 시스템", "usage": [10]},
				{"appName": "시외버스 모바일", "usage": [21]},
				{"appName": "스프레드시트", "usage": [6]},
				{"appName": "문서", "usage": [9]},
				{"appName": "리마인더", "usage": [5]},
				{"appName": "네이버 웹툰", "usage": [16]},
				{"appName": "Samsung Pay", "usage": [9]},
				{"appName": "Samsung ApexService", "usage": [15]},
				{"appName": "Messenger", "usage": [10]},
				{"appName": "Logger", "usage": [21]},
				{"appName": "KLMS", "usage": [16]},
				{"appName": "Instagram", "usage": [12]},
				{"appName": "Google Play 스토어", "usage": [13]},
				{"appName": "Google Play 서비스", "usage": [13]},
				{"appName": "Excel", "usage": [10]},
				{"appName": "ES 파일 탐색기", "usage": [16]},
				{"appName": "Dropsync", "usage": [16]},
				{"appName": "AfreecaTV", "usage": [11]}
			]
		},
		"maxTime": {
			"usage": 62,
			"details": [
				{"appName": "YouTube", "usage": 18},
				{"appName": "Facebook", "usage": 6},
				{"appName": "리마인더", "usage": 5},
				{"appName": "Chrome", "usage": 4},
				{"appName": "문서", "usage": 3},
				{"appName": "Zenly", "usage": 3},
				{"appName": "네이버 지도", "usage": 2},
				{"appName": "이사만루 2019", "usage": 2},
				{"appName": "네이버 웹툰", "usage": 2},
				{"appName": "전화", "usage": 2},
				{"appName": "삼성 인터넷", "usage": 1},
				{"appName": "카카오톡", "usage": 1},
				{"appName": "Instagram", "usage": 1},
				{"appName": "시계", "usage": 0},
				{"appName": "Google Play 스토어", "usage": 0},
				{"appName": "Polar Beat", "usage": 0},
				{"appName": "Firefox", "usage": 0},
				{"appName": "Slack", "usage": 0},
				{"appName": "KLMS", "usage": 0},
				{"appName": "시외버스 모바일", "usage": 0},
				{"appName": "드라이브", "usage": 0},
				{"appName": "설정", "usage": 0},
				{"appName": "메시지", "usage": 0},
				{"appName": "카메라", "usage": 0},
				{"appName": "스프레드시트", "usage": 0},
				{"appName": "Samsung Experience 홈", "usage": 0},
				{"appName": "AfreecaTV", "usage": 0},
				{"appName": "Melon", "usage": 0},
				{"appName": "Paco", "usage": 0},
				{"appName": "Excel", "usage": 0},
				{"appName": "Samsung Pay", "usage": 0},
				{"appName": "파인더", "usage": 0},
				{"appName": "접근성", "usage": 0},
				{"appName": "ES 파일 탐색기", "usage": 0},
				{"appName": "Samsung ApexService", "usage": 0},
				{"appName": "연락처", "usage": 0},
				{"appName": "Logger", "usage": 0},
				{"appName": "Messenger", "usage": 0},
				{"appName": "Dropsync", "usage": 0},
				{"appName": "갤러리", "usage": 0},
				{"appName": "원터치개인", "usage": 0},
				{"appName": "안드로이드 시스템", "usage": 0},
				{"appName": "패키지 설치 프로그램", "usage": 0},
				{"appName": "Google Play 서비스", "usage": 0},
				{"appName": "빅스비 보이스", "usage": 0}
			]
		},
		"avgTime": {
			"usage": 1,
			"details": [
				{"appName": "YouTube", "usage": 4},
				{"appName": "리마인더", "usage": 3},
				{"appName": "문서", "usage": 1},
				{"appName": "이사만루 2019", "usage": 1},
				{"appName": "Chrome", "usage": 0},
				{"appName": "Zenly", "usage": 0},
				{"appName": "삼성 인터넷", "usage": 0},
				{"appName": "네이버 지도", "usage": 0},
				{"appName": "Facebook", "usage": 0},
				{"appName": "전화", "usage": 0},
				{"appName": "Instagram", "usage": 0},
				{"appName": "네이버 웹툰", "usage": 0},
				{"appName": "스프레드시트", "usage": 0},
				{"appName": "시계", "usage": 0},
				{"appName": "Google Play 스토어", "usage": 0},
				{"appName": "Slack", "usage": 0},
				{"appName": "KLMS", "usage": 0},
				{"appName": "Firefox", "usage": 0},
				{"appName": "Excel", "usage": 0},
				{"appName": "시외버스 모바일", "usage": 0},
				{"appName": "메시지", "usage": 0},
				{"appName": "AfreecaTV", "usage": 0},
				{"appName": "카메라", "usage": 0},
				{"appName": "파인더", "usage": 0},
				{"appName": "드라이브", "usage": 0},
				{"appName": "Melon", "usage": 0},
				{"appName": "설정", "usage": 0},
				{"appName": "Paco", "usage": 0},
				{"appName": "Polar Beat", "usage": 0},
				{"appName": "연락처", "usage": 0},
				{"appName": "Samsung ApexService", "usage": 0},
				{"appName": "카카오톡", "usage": 0},
				{"appName": "Dropsync", "usage": 0},
				{"appName": "접근성", "usage": 0},
				{"appName": "Samsung Experience 홈", "usage": 0},
				{"appName": "Logger", "usage": 0},
				{"appName": "Samsung Pay", "usage": 0},
				{"appName": "Messenger", "usage": 0},
				{"appName": "ES 파일 탐색기", "usage": 0},
				{"appName": "안드로이드 시스템", "usage": 0},
				{"appName": "갤러리", "usage": 0},
				{"appName": "Google Play 서비스", "usage": 0},
				{"appName": "원터치개인", "usage": 0},
				{"appName": "패키지 설치 프로그램", "usage": 0},
				{"appName": "빅스비 보이스", "usage": 0}
			]
		},
		"lastPickup": {"time": 0}
	},
	{
		"date": 7,
		"totalTime": {
			"usage": 973,
			"details": [
				{"appName": "Facebook", "usage": 113},
				{"appName": "Chrome", "usage": 58},
				{"appName": "카카오톡", "usage": 40},
				{"appName": "전화", "usage": 12},
				{"appName": "Samsung Experience 홈", "usage": 12},
				{"appName": "Instagram", "usage": 6},
				{"appName": "시외버스 모바일", "usage": 6},
				{"appName": "삼성 인터넷", "usage": 5},
				{"appName": "네이버 지도", "usage": 5},
				{"appName": "설정", "usage": 4},
				{"appName": "Firefox", "usage": 4},
				{"appName": "Slack", "usage": 4},
				{"appName": "메시지", "usage": 3},
				{"appName": "Netflix", "usage": 2},
				{"appName": "YouTube", "usage": 2},
				{"appName": "Zenly", "usage": 2},
				{"appName": "카카오 T", "usage": 2},
				{"appName": "FIFA Online 4 M", "usage": 1},
				{"appName": "원터치개인", "usage": 1},
				{"appName": "Paco", "usage": 1},
				{"appName": "빅토(VicTo) Google", "usage": 1},
				{"appName": "드라이브", "usage": 1},
				{"appName": "이사만루 2019", "usage": 1},
				{"appName": "Melon", "usage": 0},
				{"appName": "KLMS", "usage": 0},
				{"appName": "갤러리", "usage": 0},
				{"appName": "리마인더", "usage": 0},
				{"appName": "Samsung Health", "usage": 0},
				{"appName": "Messenger", "usage": 0},
				{"appName": "안드로이드 시스템", "usage": 0},
				{"appName": "Google Play 스토어", "usage": 0},
				{"appName": "파일", "usage": 0},
				{"appName": "삼성 캡처", "usage": 0},
				{"appName": "Google Play 서비스", "usage": 0},
				{"appName": "하나멤버스", "usage": 0}
			]
		},
		"pickups": {"usage": 107},
		"downTime": {
			"usages": [
				{"hour": 0, "usage": 8},
				{"hour": 1, "usage": 1},
				{"hour": 2, "usage": 37},
				{"hour": 3, "usage": 31},
				{"hour": 4, "usage": 43},
				{"hour": 5, "usage": 36},
				{"hour": 6, "usage": 40},
				{"hour": 7, "usage": 27},
				{"hour": 9, "usage": 52},
				{"hour": 10, "usage": 10},
				{"hour": 11, "usage": 10},
				{"hour": 12, "usage": 4}
			],
			"details": [
				{"appName": "Samsung Experience 홈", "usage": [0, 1, 2, 3, 4, 5, 6, 7, 9, 10, 11, 12]},
				{"appName": "Facebook", "usage": [0, 1, 2, 3, 4, 5, 6, 7, 9, 10, 11, 12]},
				{"appName": "카카오톡", "usage": [0, 1, 2, 3, 4, 5, 7, 9, 10, 11, 12]},
				{"appName": "Chrome", "usage": [0, 2, 4, 5, 6, 7, 9]},
				{"appName": "삼성 인터넷", "usage": [0, 3, 4, 5, 6, 7]},
				{"appName": "Paco", "usage": [2, 4, 5, 6, 9, 10]},
				{"appName": "Slack", "usage": [1, 6, 7, 10, 11]},
				{"appName": "전화", "usage": [3, 4, 6, 7]},
				{"appName": "메시지", "usage": [4, 10, 11, 12]},
				{"appName": "네이버 지도", "usage": [0, 3, 5, 9]},
				{"appName": "갤러리", "usage": [0, 3, 5, 7]},
				{"appName": "Firefox", "usage": [4, 5, 7, 9]},
				{"appName": "원터치개인", "usage": [6, 7, 9]},
				{"appName": "안드로이드 시스템", "usage": [3, 9]},
				{"appName": "시외버스 모바일", "usage": [6, 7]},
				{"appName": "설정", "usage": [5, 6]},
				{"appName": "삼성 캡처", "usage": [7, 9]},
				{"appName": "리마인더", "usage": [3, 5]},
				{"appName": "YouTube", "usage": [4, 5]},
				{"appName": "Samsung Health", "usage": [1, 5]},
				{"appName": "Instagram", "usage": [3, 9]},
				{"appName": "FIFA Online 4 M", "usage": [3, 5]},
				{"appName": "하나멤버스", "usage": [3]},
				{"appName": "파일", "usage": [7]},
				{"appName": "카카오 T", "usage": [9]},
				{"appName": "이사만루 2019", "usage": [3]},
				{"appName": "빅토(VicTo) Google", "usage": [5]},
				{"appName": "드라이브", "usage": [9]},
				{"appName": "Zenly", "usage": [9]},
				{"appName": "Netflix", "usage": [6]},
				{"appName": "Messenger", "usage": [3]},
				{"appName": "Melon", "usage": [5]},
				{"appName": "KLMS", "usage": [9]},
				{"appName": "Google Play 스토어", "usage": [3]},
				{"appName": "Google Play 서비스", "usage": [4]}
			]
		},
		"maxTime": {
			"usage": 668,
			"details": [
				{"appName": "Chrome", "usage": 21},
				{"appName": "전화", "usage": 5},
				{"appName": "카카오톡", "usage": 3},
				{"appName": "Facebook", "usage": 3},
				{"appName": "Firefox", "usage": 2},
				{"appName": "삼성 인터넷", "usage": 1},
				{"appName": "Netflix", "usage": 1},
				{"appName": "Slack", "usage": 1},
				{"appName": "메시지", "usage": 1},
				{"appName": "네이버 지도", "usage": 1},
				{"appName": "설정", "usage": 1},
				{"appName": "YouTube", "usage": 1},
				{"appName": "시외버스 모바일", "usage": 1},
				{"appName": "Instagram", "usage": 1},
				{"appName": "이사만루 2019", "usage": 1},
				{"appName": "원터치개인", "usage": 0},
				{"appName": "FIFA Online 4 M", "usage": 0},
				{"appName": "빅토(VicTo) Google", "usage": 0},
				{"appName": "Zenly", "usage": 0},
				{"appName": "카카오 T", "usage": 0},
				{"appName": "드라이브", "usage": 0},
				{"appName": "Samsung Experience 홈", "usage": 0},
				{"appName": "Melon", "usage": 0},
				{"appName": "Paco", "usage": 0},
				{"appName": "갤러리", "usage": 0},
				{"appName": "리마인더", "usage": 0},
				{"appName": "Messenger", "usage": 0},
				{"appName": "KLMS", "usage": 0},
				{"appName": "Samsung Health", "usage": 0},
				{"appName": "Google Play 스토어", "usage": 0},
				{"appName": "파일", "usage": 0},
				{"appName": "안드로이드 시스템", "usage": 0},
				{"appName": "삼성 캡처", "usage": 0},
				{"appName": "Google Play 서비스", "usage": 0},
				{"appName": "하나멤버스", "usage": 0}
			]
		},
		"avgTime": {
			"usage": 9,
			"details": [
				{"appName": "Chrome", "usage": 2},
				{"appName": "전화", "usage": 1},
				{"appName": "이사만루 2019", "usage": 1},
				{"appName": "FIFA Online 4 M", "usage": 0},
				{"appName": "삼성 인터넷", "usage": 0},
				{"appName": "메시지", "usage": 0},
				{"appName": "드라이브", "usage": 0},
				{"appName": "Instagram", "usage": 0},
				{"appName": "Firefox", "usage": 0},
				{"appName": "Netflix", "usage": 0},
				{"appName": "설정", "usage": 0},
				{"appName": "YouTube", "usage": 0},
				{"appName": "Zenly", "usage": 0},
				{"appName": "네이버 지도", "usage": 0},
				{"appName": "Facebook", "usage": 0},
				{"appName": "Slack", "usage": 0},
				{"appName": "시외버스 모바일", "usage": 0},
				{"appName": "빅토(VicTo) Google", "usage": 0},
				{"appName": "카카오 T", "usage": 0},
				{"appName": "리마인더", "usage": 0},
				{"appName": "원터치개인", "usage": 0},
				{"appName": "Messenger", "usage": 0},
				{"appName": "갤러리", "usage": 0},
				{"appName": "KLMS", "usage": 0},
				{"appName": "Paco", "usage": 0},
				{"appName": "카카오톡", "usage": 0},
				{"appName": "Samsung Health", "usage": 0},
				{"appName": "Melon", "usage": 0},
				{"appName": "Samsung Experience 홈", "usage": 0},
				{"appName": "Google Play 스토어", "usage": 0},
				{"appName": "안드로이드 시스템", "usage": 0},
				{"appName": "파일", "usage": 0},
				{"appName": "Google Play 서비스", "usage": 0},
				{"appName": "하나멤버스", "usage": 0},
				{"appName": "삼성 캡처", "usage": 0}
			]
		},
		"lastPickup": {"time": 668}
	}
]
