[
	{
		"date": 1,
		"totalTime": {
			"usage": 191,
			"details": [
				{"appName": "카카오톡", "usage": 26},
				{"appName": "네이버 웹툰", "usage": 25},
				{"appName": "T전화", "usage": 19},
				{"appName": "Chrome", "usage": 17},
				{"appName": "Instagram", "usage": 16},
				{"appName": "기본홈", "usage": 16},
				{"appName": "Polar Beat", "usage": 11},
				{"appName": "메시지", "usage": 8},
				{"appName": "한컴오피스 viewer", "usage": 7},
				{"appName": "Facebook", "usage": 7},
				{"appName": "Paco", "usage": 6},
				{"appName": "배달의민족", "usage": 3},
				{"appName": "프레젠테이션", "usage": 2},
				{"appName": "Melon", "usage": 2},
				{"appName": "Microsoft Band", "usage": 1},
				{"appName": "알라미", "usage": 1},
				{"appName": "쿠팡", "usage": 1},
				{"appName": "드라이브", "usage": 1},
				{"appName": "접근성", "usage": 1},
				{"appName": "설정", "usage": 0},
				{"appName": "TimeTree", "usage": 0},
				{"appName": "MX 플레이어", "usage": 0},
				{"appName": "갤러리", "usage": 0},
				{"appName": "Google", "usage": 0},
				{"appName": "T멤버십", "usage": 0},
				{"appName": "시스템 UI", "usage": 0},
				{"appName": "원터치알림", "usage": 0},
				{"appName": "Dropsync", "usage": 0},
				{"appName": "패키지 설치 프로그램", "usage": 0},
				{"appName": "스프레드시트", "usage": 0},
				{"appName": "Q메모+", "usage": 0},
				{"appName": "Logger", "usage": 0},
				{"appName": "ABC Logger", "usage": 0},
				{"appName": "위비톡", "usage": 0},
				{"appName": "통화 관리", "usage": 0},
				{"appName": "어시스턴트", "usage": 0},
				{"appName": "러브데이", "usage": 0}
			]
		},
		"pickups": {"usage": 225},
		"downTime": {
			"usages": [
				{"hour": 0, "usage": 18},
				{"hour": 1, "usage": 6},
				{"hour": 2, "usage": 20},
				{"hour": 3, "usage": 7},
				{"hour": 4, "usage": 11},
				{"hour": 5, "usage": 3},
				{"hour": 6, "usage": 20},
				{"hour": 7, "usage": 20},
				{"hour": 8, "usage": 12},
				{"hour": 9, "usage": 5},
				{"hour": 10, "usage": 6},
				{"hour": 11, "usage": 6},
				{"hour": 12, "usage": 13},
				{"hour": 13, "usage": 1},
				{"hour": 14, "usage": 0},
				{"hour": 15, "usage": 29},
				{"hour": 16, "usage": 0},
				{"hour": 23, "usage": 5}
			],
			"details": [
				{"appName": "카카오톡", "usage": [0, 1, 2, 3, 4, 5, 6, 7, 8, 9, 10, 11, 12, 13, 15, 23]},
				{"appName": "기본홈", "usage": [0, 1, 2, 3, 4, 5, 6, 7, 8, 9, 10, 11, 12, 13, 15, 23]},
				{"appName": "Paco", "usage": [0, 1, 2, 4, 6, 7, 8, 10, 11, 12]},
				{"appName": "Instagram", "usage": [0, 2, 3, 4, 7, 8, 12, 13, 15]},
				{"appName": "Chrome", "usage": [0, 1, 2, 6, 7, 8, 12, 15]},
				{"appName": "메시지", "usage": [0, 2, 3, 7, 8, 11, 12]},
				{"appName": "T전화", "usage": [2, 4, 6, 9, 10, 11, 23]},
				{"appName": "Polar Beat", "usage": [0, 1, 7, 8, 11, 12]},
				{"appName": "Melon", "usage": [1, 2, 3, 4, 7, 12]},
				{"appName": "통화 관리", "usage": [2, 4, 6, 9, 10]},
				{"appName": "접근성", "usage": [2, 7, 8, 11, 13]},
				{"appName": "시스템 UI", "usage": [2, 6, 8, 11]},
				{"appName": "러브데이", "usage": [0, 7, 8, 16]},
				{"appName": "네이버 웹툰", "usage": [0, 15, 16, 23]},
				{"appName": "Facebook", "usage": [3, 5, 6, 8]},
				{"appName": "패키지 설치 프로그램", "usage": [0, 2, 13]},
				{"appName": "Microsoft Band", "usage": [0, 1, 2]},
				{"appName": "프레젠테이션", "usage": [2, 8]},
				{"appName": "원터치알림", "usage": [2, 13]},
				{"appName": "알라미", "usage": [0, 23]},
				{"appName": "배달의민족", "usage": [11, 12]},
				{"appName": "갤러리", "usage": [2, 7]},
				{"appName": "Logger", "usage": [2, 13]},
				{"appName": "Google", "usage": [0, 2]},
				{"appName": "한컴오피스 viewer", "usage": [6]},
				{"appName": "쿠팡", "usage": [5]},
				{"appName": "위비톡", "usage": [1]},
				{"appName": "어시스턴트", "usage": [0]},
				{"appName": "스프레드시트", "usage": [6]},
				{"appName": "설정", "usage": [0]},
				{"appName": "드라이브", "usage": [6]},
				{"appName": "T멤버십", "usage": [13]},
				{"appName": "TimeTree", "usage": [4]},
				{"appName": "Q메모+", "usage": [11]},
				{"appName": "MX 플레이어", "usage": [7]},
				{"appName": "Dropsync", "usage": [11]},
				{"appName": "ABC Logger", "usage": [0]}
			]
		},
		"maxTime": {
			"usage": 28,
			"details": [
				{"appName": "Chrome", "usage": 8},
				{"appName": "네이버 웹툰", "usage": 5},
				{"appName": "Facebook", "usage": 4},
				{"appName": "기본홈", "usage": 3},
				{"appName": "Instagram", "usage": 3},
				{"appName": "T전화", "usage": 2},
				{"appName": "한컴오피스 viewer", "usage": 2},
				{"appName": "배달의민족", "usage": 2},
				{"appName": "메시지", "usage": 1},
				{"appName": "프레젠테이션", "usage": 1},
				{"appName": "Polar Beat", "usage": 1},
				{"appName": "Paco", "usage": 1},
				{"appName": "알라미", "usage": 1},
				{"appName": "카카오톡", "usage": 1},
				{"appName": "드라이브", "usage": 0},
				{"appName": "MX 플레이어", "usage": 0},
				{"appName": "Microsoft Band", "usage": 0},
				{"appName": "쿠팡", "usage": 0},
				{"appName": "Google", "usage": 0},
				{"appName": "갤러리", "usage": 0},
				{"appName": "Melon", "usage": 0},
				{"appName": "설정", "usage": 0},
				{"appName": "TimeTree", "usage": 0},
				{"appName": "접근성", "usage": 0},
				{"appName": "T멤버십", "usage": 0},
				{"appName": "Dropsync", "usage": 0},
				{"appName": "원터치알림", "usage": 0},
				{"appName": "패키지 설치 프로그램", "usage": 0},
				{"appName": "시스템 UI", "usage": 0},
				{"appName": "스프레드시트", "usage": 0},
				{"appName": "Logger", "usage": 0},
				{"appName": "Q메모+", "usage": 0},
				{"appName": "위비톡", "usage": 0},
				{"appName": "ABC Logger", "usage": 0},
				{"appName": "어시스턴트", "usage": 0},
				{"appName": "통화 관리", "usage": 0},
				{"appName": "러브데이", "usage": 0}
			]
		},
		"avgTime": {
			"usage": 0,
			"details": [
				{"appName": "한컴오피스 viewer", "usage": 0},
				{"appName": "MX 플레이어", "usage": 0},
				{"appName": "Instagram", "usage": 0},
				{"appName": "네이버 웹툰", "usage": 0},
				{"appName": "프레젠테이션", "usage": 0},
				{"appName": "Facebook", "usage": 0},
				{"appName": "Chrome", "usage": 0},
				{"appName": "T전화", "usage": 0},
				{"appName": "갤러리", "usage": 0},
				{"appName": "배달의민족", "usage": 0},
				{"appName": "쿠팡", "usage": 0},
				{"appName": "메시지", "usage": 0},
				{"appName": "T멤버십", "usage": 0},
				{"appName": "드라이브", "usage": 0},
				{"appName": "Dropsync", "usage": 0},
				{"appName": "Paco", "usage": 0},
				{"appName": "Microsoft Band", "usage": 0},
				{"appName": "접근성", "usage": 0},
				{"appName": "Polar Beat", "usage": 0},
				{"appName": "TimeTree", "usage": 0},
				{"appName": "Google", "usage": 0},
				{"appName": "Melon", "usage": 0},
				{"appName": "기본홈", "usage": 0},
				{"appName": "알라미", "usage": 0},
				{"appName": "카카오톡", "usage": 0},
				{"appName": "설정", "usage": 0},
				{"appName": "원터치알림", "usage": 0},
				{"appName": "패키지 설치 프로그램", "usage": 0},
				{"appName": "시스템 UI", "usage": 0},
				{"appName": "스프레드시트", "usage": 0},
				{"appName": "Q메모+", "usage": 0},
				{"appName": "ABC Logger", "usage": 0},
				{"appName": "Logger", "usage": 0},
				{"appName": "위비톡", "usage": 0},
				{"appName": "어시스턴트", "usage": 0},
				{"appName": "통화 관리", "usage": 0},
				{"appName": "러브데이", "usage": 0}
			]
		},
		"lastPickup": {"time": 1}
	},
	{
		"date": 2,
		"totalTime": {
			"usage": 439,
			"details": [
				{"appName": "Chrome", "usage": 41},
				{"appName": "카카오톡", "usage": 38},
				{"appName": "Facebook", "usage": 35},
				{"appName": "Instagram", "usage": 32},
				{"appName": "네이버 웹툰", "usage": 24},
				{"appName": "Polar Beat", "usage": 19},
				{"appName": "쿠팡", "usage": 13},
				{"appName": "기본홈", "usage": 12},
				{"appName": "음악", "usage": 11},
				{"appName": "메시지", "usage": 8},
				{"appName": "T전화", "usage": 4},
				{"appName": "원터치알림", "usage": 3},
				{"appName": "드라이브", "usage": 3},
				{"appName": "Paco", "usage": 3},
				{"appName": "설정", "usage": 3},
				{"appName": "Bluetooth", "usage": 3},
				{"appName": "T world", "usage": 3},
				{"appName": "프레젠테이션", "usage": 3},
				{"appName": "Melon", "usage": 3},
				{"appName": "원터치개인", "usage": 2},
				{"appName": "패키지 설치 프로그램", "usage": 1},
				{"appName": "Microsoft Band", "usage": 1},
				{"appName": "접근성", "usage": 1},
				{"appName": "네이버 카페", "usage": 1},
				{"appName": "Wi-Fi", "usage": 1},
				{"appName": "ABC Logger", "usage": 0},
				{"appName": "알라미", "usage": 0},
				{"appName": "시스템 UI", "usage": 0},
				{"appName": "Google", "usage": 0},
				{"appName": "T멤버십", "usage": 0},
				{"appName": "Google Play 스토어", "usage": 0},
				{"appName": "Polaris Office", "usage": 0},
				{"appName": "Q메모+", "usage": 0},
				{"appName": "카메라", "usage": 0},
				{"appName": "Android 시스템", "usage": 0},
				{"appName": "파일 관리자", "usage": 0},
				{"appName": "Logger", "usage": 0},
				{"appName": "위비톡", "usage": 0},
				{"appName": "Dropsync", "usage": 0},
				{"appName": "뱅크샐러드", "usage": 0},
				{"appName": "어시스턴트", "usage": 0},
				{"appName": "러브데이", "usage": 0},
				{"appName": "통화 관리", "usage": 0}
			]
		},
		"pickups": {"usage": 305},
		"downTime": {
			"usages": [
				{"hour": 0, "usage": 45},
				{"hour": 1, "usage": 7},
				{"hour": 2, "usage": 41},
				{"hour": 3, "usage": 60},
				{"hour": 4, "usage": 60},
				{"hour": 5, "usage": 30},
				{"hour": 6, "usage": 13},
				{"hour": 7, "usage": 9},
				{"hour": 8, "usage": 6},
				{"hour": 9, "usage": 6},
				{"hour": 10, "usage": 14},
				{"hour": 11, "usage": 17},
				{"hour": 12, "usage": 22},
				{"hour": 13, "usage": 11},
				{"hour": 14, "usage": 40},
				{"hour": 15, "usage": 36},
				{"hour": 16, "usage": 8},
				{"hour": 23, "usage": 8}
			],
			"details": [
				{"appName": "기본홈", "usage": [0, 1, 2, 3, 4, 5, 6, 7, 8, 9, 10, 11, 12, 13, 14, 15, 16, 23]},
				{"appName": "카카오톡", "usage": [0, 1, 2, 3, 4, 5, 6, 7, 8, 9, 10, 11, 12, 13, 14, 15, 23]},
				{"appName": "Chrome", "usage": [0, 1, 2, 5, 6, 7, 8, 10, 11, 12, 14, 15, 16, 23]},
				{"appName": "Instagram", "usage": [0, 1, 2, 3, 4, 7, 9, 12, 13, 14, 15, 16]},
				{"appName": "러브데이", "usage": [0, 1, 4, 5, 6, 8, 9, 12, 16, 23]},
				{"appName": "Facebook", "usage": [0, 1, 4, 8, 9, 11, 12, 14, 15, 23]},
				{"appName": "Paco", "usage": [2, 3, 5, 8, 9, 10, 12]},
				{"appName": "메시지", "usage": [0, 1, 2, 3, 8, 23]},
				{"appName": "Melon", "usage": [0, 1, 2, 3, 4, 5]},
				{"appName": "접근성", "usage": [0, 8, 9, 13, 23]},
				{"appName": "음악", "usage": [0, 9, 10, 11, 12]},
				{"appName": "네이버 웹툰", "usage": [0, 6, 13, 14, 15]},
				{"appName": "T전화", "usage": [0, 2, 3, 4, 11]},
				{"appName": "Polar Beat", "usage": [0, 5, 11, 13, 23]},
				{"appName": "원터치알림", "usage": [2, 3, 7, 23]},
				{"appName": "시스템 UI", "usage": [0, 2, 11, 15]},
				{"appName": "패키지 설치 프로그램", "usage": [0, 2, 3]},
				{"appName": "설정", "usage": [0, 2, 3]},
				{"appName": "프레젠테이션", "usage": [0, 2]},
				{"appName": "통화 관리", "usage": [2, 3]},
				{"appName": "알라미", "usage": [15, 23]},
				{"appName": "드라이브", "usage": [2, 14]},
				{"appName": "Q메모+", "usage": [2, 3]},
				{"appName": "Google Play 스토어", "usage": [0, 2]},
				{"appName": "파일 관리자", "usage": [2]},
				{"appName": "쿠팡", "usage": [15]},
				{"appName": "카메라", "usage": [23]},
				{"appName": "위비톡", "usage": [4]},
				{"appName": "원터치개인", "usage": [7]},
				{"appName": "어시스턴트", "usage": [10]},
				{"appName": "뱅크샐러드", "usage": [12]},
				{"appName": "네이버 카페", "usage": [14]},
				{"appName": "Wi-Fi", "usage": [2]},
				{"appName": "T멤버십", "usage": [2]},
				{"appName": "T world", "usage": [16]},
				{"appName": "Polaris Office", "usage": [15]},
				{"appName": "Microsoft Band", "usage": [7]},
				{"appName": "Logger", "usage": [0]},
				{"appName": "Google", "usage": [10]},
				{"appName": "Dropsync", "usage": [0]},
				{"appName": "Bluetooth", "usage": [0]},
				{"appName": "Android 시스템", "usage": [9]},
				{"appName": "ABC Logger", "usage": [2]}
			]
		},
		"maxTime": {
			"usage": 166,
			"details": [
				{"appName": "Facebook", "usage": 10},
				{"appName": "Instagram", "usage": 6},
				{"appName": "Chrome", "usage": 5},
				{"appName": "네이버 웹툰", "usage": 3},
				{"appName": "T world", "usage": 3},
				{"appName": "원터치알림", "usage": 3},
				{"appName": "프레젠테이션", "usage": 1},
				{"appName": "카카오톡", "usage": 1},
				{"appName": "Polar Beat", "usage": 1},
				{"appName": "Microsoft Band", "usage": 1},
				{"appName": "음악", "usage": 1},
				{"appName": "설정", "usage": 1},
				{"appName": "Wi-Fi", "usage": 1},
				{"appName": "드라이브", "usage": 1},
				{"appName": "기본홈", "usage": 1},
				{"appName": "접근성", "usage": 1},
				{"appName": "원터치개인", "usage": 1},
				{"appName": "메시지", "usage": 0},
				{"appName": "T전화", "usage": 0},
				{"appName": "쿠팡", "usage": 0},
				{"appName": "Melon", "usage": 0},
				{"appName": "Bluetooth", "usage": 0},
				{"appName": "Paco", "usage": 0},
				{"appName": "네이버 카페", "usage": 0},
				{"appName": "패키지 설치 프로그램", "usage": 0},
				{"appName": "Google", "usage": 0},
				{"appName": "ABC Logger", "usage": 0},
				{"appName": "Polaris Office", "usage": 0},
				{"appName": "T멤버십", "usage": 0},
				{"appName": "카메라", "usage": 0},
				{"appName": "Google Play 스토어", "usage": 0},
				{"appName": "알라미", "usage": 0},
				{"appName": "파일 관리자", "usage": 0},
				{"appName": "Logger", "usage": 0},
				{"appName": "Android 시스템", "usage": 0},
				{"appName": "시스템 UI", "usage": 0},
				{"appName": "Q메모+", "usage": 0},
				{"appName": "위비톡", "usage": 0},
				{"appName": "Dropsync", "usage": 0},
				{"appName": "뱅크샐러드", "usage": 0},
				{"appName": "어시스턴트", "usage": 0},
				{"appName": "러브데이", "usage": 0},
				{"appName": "통화 관리", "usage": 0}
			]
		},
		"avgTime": {
			"usage": 1,
			"details": [
				{"appName": "T world", "usage": 0},
				{"appName": "프레젠테이션", "usage": 0},
				{"appName": "Wi-Fi", "usage": 0},
				{"appName": "Chrome", "usage": 0},
				{"appName": "Instagram", "usage": 0},
				{"appName": "Microsoft Band", "usage": 0},
				{"appName": "Facebook", "usage": 0},
				{"appName": "네이버 웹툰", "usage": 0},
				{"appName": "원터치알림", "usage": 0},
				{"appName": "쿠팡", "usage": 0},
				{"appName": "메시지", "usage": 0},
				{"appName": "Paco", "usage": 0},
				{"appName": "원터치개인", "usage": 0},
				{"appName": "카메라", "usage": 0},
				{"appName": "접근성", "usage": 0},
				{"appName": "음악", "usage": 0},
				{"appName": "Polar Beat", "usage": 0},
				{"appName": "네이버 카페", "usage": 0},
				{"appName": "드라이브", "usage": 0},
				{"appName": "Polaris Office", "usage": 0},
				{"appName": "T전화", "usage": 0},
				{"appName": "T멤버십", "usage": 0},
				{"appName": "설정", "usage": 0},
				{"appName": "Bluetooth", "usage": 0},
				{"appName": "카카오톡", "usage": 0},
				{"appName": "Google Play 스토어", "usage": 0},
				{"appName": "ABC Logger", "usage": 0},
				{"appName": "Google", "usage": 0},
				{"appName": "파일 관리자", "usage": 0},
				{"appName": "기본홈", "usage": 0},
				{"appName": "Android 시스템", "usage": 0},
				{"appName": "패키지 설치 프로그램", "usage": 0},
				{"appName": "Logger", "usage": 0},
				{"appName": "Q메모+", "usage": 0},
				{"appName": "Melon", "usage": 0},
				{"appName": "알라미", "usage": 0},
				{"appName": "위비톡", "usage": 0},
				{"appName": "Dropsync", "usage": 0},
				{"appName": "시스템 UI", "usage": 0},
				{"appName": "뱅크샐러드", "usage": 0},
				{"appName": "어시스턴트", "usage": 0},
				{"appName": "통화 관리", "usage": 0},
				{"appName": "러브데이", "usage": 0}
			]
		},
		"lastPickup": {"time": 1}
	},
	{
		"date": 3,
		"totalTime": {
			"usage": 322,
			"details": [
				{"appName": "YouTube", "usage": 78},
				{"appName": "Chrome", "usage": 41},
				{"appName": "카카오톡", "usage": 37},
				{"appName": "Facebook", "usage": 30},
				{"appName": "네이버 웹툰", "usage": 29},
				{"appName": "Instagram", "usage": 21},
				{"appName": "T전화", "usage": 13},
				{"appName": "스프레드시트", "usage": 13},
				{"appName": "기본홈", "usage": 10},
				{"appName": "드라이브", "usage": 5},
				{"appName": "Melon", "usage": 5},
				{"appName": "쿠팡", "usage": 5},
				{"appName": "메시지", "usage": 3},
				{"appName": "Polaris Office", "usage": 3},
				{"appName": "Paco", "usage": 2},
				{"appName": "Polar Beat", "usage": 2},
				{"appName": "국세청 홈택스", "usage": 2},
				{"appName": "Google", "usage": 1},
				{"appName": "한컴오피스 viewer", "usage": 0},
				{"appName": "알라미", "usage": 0},
				{"appName": "접근성", "usage": 0},
				{"appName": "카메라", "usage": 0},
				{"appName": "Google Play 스토어", "usage": 0},
				{"appName": "Bluetooth", "usage": 0},
				{"appName": "파일 관리자", "usage": 0},
				{"appName": "러브데이", "usage": 0},
				{"appName": "시스템 UI", "usage": 0},
				{"appName": "Wi-Fi", "usage": 0},
				{"appName": "설정", "usage": 0},
				{"appName": "Android 시스템", "usage": 0},
				{"appName": "패키지 설치 프로그램", "usage": 0},
				{"appName": "T map", "usage": 0},
				{"appName": "통화 관리", "usage": 0}
			]
		},
		"pickups": {"usage": 238},
		"downTime": {
			"usages": [
				{"hour": 0, "usage": 43},
				{"hour": 1, "usage": 22},
				{"hour": 2, "usage": 11},
				{"hour": 3, "usage": 9},
				{"hour": 4, "usage": 2},
				{"hour": 5, "usage": 0},
				{"hour": 6, "usage": 1},
				{"hour": 8, "usage": 14},
				{"hour": 9, "usage": 7},
				{"hour": 10, "usage": 21},
				{"hour": 11, "usage": 25},
				{"hour": 12, "usage": 43},
				{"hour": 13, "usage": 27},
				{"hour": 14, "usage": 31},
				{"hour": 15, "usage": 7},
				{"hour": 16, "usage": 16},
				{"hour": 22, "usage": 9},
				{"hour": 23, "usage": 28}
			],
			"details": [
				{"appName": "기본홈", "usage": [0, 1, 2, 3, 4, 6, 8, 9, 10, 11, 12, 13, 14, 15, 16, 22, 23]},
				{"appName": "카카오톡", "usage": [0, 1, 2, 3, 4, 5, 6, 8, 9, 10, 11, 12, 13, 14, 15, 16]},
				{"appName": "Instagram", "usage": [1, 2, 3, 6, 8, 9, 10, 11, 12, 13, 14]},
				{"appName": "Chrome", "usage": [0, 1, 2, 8, 10, 11, 12, 14, 15, 16, 23]},
				{"appName": "Facebook", "usage": [0, 1, 2, 8, 10, 11, 13, 14, 22, 23]},
				{"appName": "Paco", "usage": [1, 2, 5, 6, 8, 9, 10, 11, 12]},
				{"appName": "Melon", "usage": [2, 3, 8, 11, 12, 13, 14]},
				{"appName": "T전화", "usage": [2, 3, 8, 9, 10, 11]},
				{"appName": "메시지", "usage": [0, 2, 4, 8, 9]},
				{"appName": "러브데이", "usage": [4, 10, 13, 15, 16]},
				{"appName": "네이버 웹툰", "usage": [0, 1, 16, 22, 23]},
				{"appName": "접근성", "usage": [1, 6, 8, 13]},
				{"appName": "YouTube", "usage": [12, 13, 14, 23]},
				{"appName": "통화 관리", "usage": [2, 8, 10]},
				{"appName": "쿠팡", "usage": [1, 16, 23]},
				{"appName": "시스템 UI", "usage": [0, 15, 16]},
				{"appName": "Polar Beat", "usage": [1, 3, 13]},
				{"appName": "Google", "usage": [13, 22, 23]},
				{"appName": "파일 관리자", "usage": [0, 10]},
				{"appName": "알라미", "usage": [16, 22]},
				{"appName": "Polaris Office", "usage": [0, 10]},
				{"appName": "Android 시스템", "usage": [0, 10]},
				{"appName": "한컴오피스 viewer", "usage": [0]},
				{"appName": "패키지 설치 프로그램", "usage": [15]},
				{"appName": "카메라", "usage": [10]},
				{"appName": "스프레드시트", "usage": [0]},
				{"appName": "설정", "usage": [1]},
				{"appName": "드라이브", "usage": [0]},
				{"appName": "국세청 홈택스", "usage": [15]},
				{"appName": "Wi-Fi", "usage": [11]},
				{"appName": "T map", "usage": [2]},
				{"appName": "Google Play 스토어", "usage": [15]},
				{"appName": "Bluetooth", "usage": [23]}
			]
		},
		"maxTime": {
			"usage": 35,
			"details": [
				{"appName": "YouTube", "usage": 28},
				{"appName": "스프레드시트", "usage": 5},
				{"appName": "Facebook", "usage": 4},
				{"appName": "Chrome", "usage": 4},
				{"appName": "네이버 웹툰", "usage": 4},
				{"appName": "T전화", "usage": 3},
				{"appName": "드라이브", "usage": 2},
				{"appName": "Instagram", "usage": 2},
				{"appName": "Polaris Office", "usage": 1},
				{"appName": "카카오톡", "usage": 1},
				{"appName": "쿠팡", "usage": 1},
				{"appName": "Polar Beat", "usage": 1},
				{"appName": "Google", "usage": 1},
				{"appName": "기본홈", "usage": 1},
				{"appName": "Melon", "usage": 0},
				{"appName": "국세청 홈택스", "usage": 0},
				{"appName": "한컴오피스 viewer", "usage": 0},
				{"appName": "메시지", "usage": 0},
				{"appName": "Paco", "usage": 0},
				{"appName": "Bluetooth", "usage": 0},
				{"appName": "접근성", "usage": 0},
				{"appName": "러브데이", "usage": 0},
				{"appName": "Google Play 스토어", "usage": 0},
				{"appName": "카메라", "usage": 0},
				{"appName": "알라미", "usage": 0},
				{"appName": "파일 관리자", "usage": 0},
				{"appName": "Wi-Fi", "usage": 0},
				{"appName": "시스템 UI", "usage": 0},
				{"appName": "설정", "usage": 0},
				{"appName": "패키지 설치 프로그램", "usage": 0},
				{"appName": "Android 시스템", "usage": 0},
				{"appName": "T map", "usage": 0},
				{"appName": "통화 관리", "usage": 0}
			]
		},
		"avgTime": {
			"usage": 1,
			"details": [
				{"appName": "YouTube", "usage": 3},
				{"appName": "스프레드시트", "usage": 1},
				{"appName": "Chrome", "usage": 0},
				{"appName": "Polaris Office", "usage": 0},
				{"appName": "Facebook", "usage": 0},
				{"appName": "네이버 웹툰", "usage": 0},
				{"appName": "T전화", "usage": 0},
				{"appName": "Instagram", "usage": 0},
				{"appName": "드라이브", "usage": 0},
				{"appName": "한컴오피스 viewer", "usage": 0},
				{"appName": "Google", "usage": 0},
				{"appName": "Bluetooth", "usage": 0},
				{"appName": "Polar Beat", "usage": 0},
				{"appName": "쿠팡", "usage": 0},
				{"appName": "카메라", "usage": 0},
				{"appName": "국세청 홈택스", "usage": 0},
				{"appName": "메시지", "usage": 0},
				{"appName": "Paco", "usage": 0},
				{"appName": "Wi-Fi", "usage": 0},
				{"appName": "카카오톡", "usage": 0},
				{"appName": "접근성", "usage": 0},
				{"appName": "Melon", "usage": 0},
				{"appName": "설정", "usage": 0},
				{"appName": "기본홈", "usage": 0},
				{"appName": "Google Play 스토어", "usage": 0},
				{"appName": "알라미", "usage": 0},
				{"appName": "파일 관리자", "usage": 0},
				{"appName": "패키지 설치 프로그램", "usage": 0},
				{"appName": "러브데이", "usage": 0},
				{"appName": "시스템 UI", "usage": 0},
				{"appName": "Android 시스템", "usage": 0},
				{"appName": "T map", "usage": 0},
				{"appName": "통화 관리", "usage": 0}
			]
		},
		"lastPickup": {"time": 11}
	},
	{
		"date": 4,
		"totalTime": {
			"usage": 298,
			"details": [
				{"appName": "Facebook", "usage": 54},
				{"appName": "카카오톡", "usage": 36},
				{"appName": "쿠팡", "usage": 26},
				{"appName": "네이버 웹툰", "usage": 25},
				{"appName": "Instagram", "usage": 24},
				{"appName": "Polar Beat", "usage": 23},
				{"appName": "T전화", "usage": 18},
				{"appName": "Chrome", "usage": 15},
				{"appName": "기본홈", "usage": 12},
				{"appName": "네이버 카페", "usage": 9},
				{"appName": "Paco", "usage": 5},
				{"appName": "YouTube", "usage": 5},
				{"appName": "알람/시계", "usage": 5},
				{"appName": "MX 플레이어", "usage": 4},
				{"appName": "메시지", "usage": 2},
				{"appName": "카메라", "usage": 2},
				{"appName": "AhnLab V3 Mobile Plus 2.0", "usage": 1},
				{"appName": "알라미", "usage": 1},
				{"appName": "시스템 UI", "usage": 1},
				{"appName": "미세미세", "usage": 1},
				{"appName": "접근성", "usage": 1},
				{"appName": "Melon", "usage": 0},
				{"appName": "MUSINSA", "usage": 0},
				{"appName": "T멤버십", "usage": 0},
				{"appName": "갤러리", "usage": 0},
				{"appName": "위비톡", "usage": 0},
				{"appName": "Polaris Office", "usage": 0},
				{"appName": "파일 관리자", "usage": 0},
				{"appName": "Q렌즈", "usage": 0},
				{"appName": "Q메모+", "usage": 0},
				{"appName": "음악", "usage": 0},
				{"appName": "Google Play 스토어", "usage": 0},
				{"appName": "원터치알림", "usage": 0},
				{"appName": "설정", "usage": 0},
				{"appName": "T map", "usage": 0},
				{"appName": "Google", "usage": 0},
				{"appName": "통화 관리", "usage": 0},
				{"appName": "러브데이", "usage": 0},
				{"appName": "딩굴 키보드", "usage": 0}
			]
		},
		"pickups": {"usage": 232},
		"downTime": {
			"usages": [
				{"hour": 0, "usage": 34},
				{"hour": 1, "usage": 5},
				{"hour": 2, "usage": 6},
				{"hour": 3, "usage": 12},
				{"hour": 4, "usage": 15},
				{"hour": 5, "usage": 10},
				{"hour": 6, "usage": 19},
				{"hour": 7, "usage": 19},
				{"hour": 8, "usage": 18},
				{"hour": 9, "usage": 6},
				{"hour": 10, "usage": 15},
				{"hour": 11, "usage": 9},
				{"hour": 12, "usage": 19},
				{"hour": 13, "usage": 8},
				{"hour": 14, "usage": 56},
				{"hour": 15, "usage": 39}
			],
			"details": [
				{"appName": "기본홈", "usage": [0, 1, 2, 3, 4, 5, 6, 7, 8, 9, 10, 11, 12, 13, 14, 15]},
				{"appName": "카카오톡", "usage": [0, 2, 3, 4, 5, 6, 7, 8, 9, 10, 11, 12, 13, 14, 15]},
				{"appName": "Instagram", "usage": [0, 4, 5, 6, 7, 8, 11, 12, 13, 14, 15]},
				{"appName": "Facebook", "usage": [0, 5, 6, 7, 8, 9, 10, 12, 13, 14, 15]},
				{"appName": "Paco", "usage": [1, 2, 3, 4, 6, 7, 8, 9, 10, 12]},
				{"appName": "T전화", "usage": [1, 3, 6, 7, 9, 10, 11, 12]},
				{"appName": "Chrome", "usage": [2, 6, 7, 8, 10, 11, 14, 15]},
				{"appName": "러브데이", "usage": [5, 7, 8, 10, 13, 15]},
				{"appName": "통화 관리", "usage": [1, 3, 7, 10, 11]},
				{"appName": "시스템 UI", "usage": [0, 6, 11, 13, 14]},
				{"appName": "쿠팡", "usage": [9, 10, 13, 14]},
				{"appName": "메시지", "usage": [4, 5, 6, 8]},
				{"appName": "Polar Beat", "usage": [0, 1, 10, 12]},
				{"appName": "Melon", "usage": [4, 5, 7, 8]},
				{"appName": "카메라", "usage": [2, 5, 8]},
				{"appName": "접근성", "usage": [0, 10, 12]},
				{"appName": "원터치알림", "usage": [0, 11, 12]},
				{"appName": "MX 플레이어", "usage": [7, 10, 14]},
				{"appName": "파일 관리자", "usage": [6, 14]},
				{"appName": "알람/시계", "usage": [6, 7]},
				{"appName": "알라미", "usage": [8, 15]},
				{"appName": "네이버 웹툰", "usage": [14, 15]},
				{"appName": "YouTube", "usage": [0, 8]},
				{"appName": "T map", "usage": [9, 12]},
				{"appName": "Google", "usage": [5, 13]},
				{"appName": "AhnLab V3 Mobile Plus 2.0", "usage": [3, 4]},
				{"appName": "음악", "usage": [8]},
				{"appName": "위비톡", "usage": [4]},
				{"appName": "설정", "usage": [1]},
				{"appName": "미세미세", "usage": [3]},
				{"appName": "딩굴 키보드", "usage": [13]},
				{"appName": "네이버 카페", "usage": [14]},
				{"appName": "갤러리", "usage": [7]},
				{"appName": "T멤버십", "usage": [12]},
				{"appName": "Q메모+", "usage": [6]},
				{"appName": "Q렌즈", "usage": [2]},
				{"appName": "Polaris Office", "usage": [6]},
				{"appName": "MUSINSA", "usage": [14]},
				{"appName": "Google Play 스토어", "usage": [15]}
			]
		},
		"maxTime": {
			"usage": 36,
			"details": [
				{"appName": "Polar Beat", "usage": 23},
				{"appName": "Facebook", "usage": 9},
				{"appName": "Chrome", "usage": 6},
				{"appName": "Instagram", "usage": 6},
				{"appName": "T전화", "usage": 5},
				{"appName": "네이버 웹툰", "usage": 3},
				{"appName": "알람/시계", "usage": 3},
				{"appName": "YouTube", "usage": 2},
				{"appName": "카카오톡", "usage": 2},
				{"appName": "카메라", "usage": 2},
				{"appName": "쿠팡", "usage": 1},
				{"appName": "AhnLab V3 Mobile Plus 2.0", "usage": 1},
				{"appName": "메시지", "usage": 1},
				{"appName": "MX 플레이어", "usage": 1},
				{"appName": "미세미세", "usage": 1},
				{"appName": "기본홈", "usage": 1},
				{"appName": "시스템 UI", "usage": 1},
				{"appName": "Paco", "usage": 0},
				{"appName": "알라미", "usage": 0},
				{"appName": "네이버 카페", "usage": 0},
				{"appName": "접근성", "usage": 0},
				{"appName": "T멤버십", "usage": 0},
				{"appName": "MUSINSA", "usage": 0},
				{"appName": "갤러리", "usage": 0},
				{"appName": "위비톡", "usage": 0},
				{"appName": "Melon", "usage": 0},
				{"appName": "Polaris Office", "usage": 0},
				{"appName": "Q렌즈", "usage": 0},
				{"appName": "파일 관리자", "usage": 0},
				{"appName": "Q메모+", "usage": 0},
				{"appName": "Google Play 스토어", "usage": 0},
				{"appName": "음악", "usage": 0},
				{"appName": "원터치알림", "usage": 0},
				{"appName": "설정", "usage": 0},
				{"appName": "Google", "usage": 0},
				{"appName": "T map", "usage": 0},
				{"appName": "딩굴 키보드", "usage": 0},
				{"appName": "러브데이", "usage": 0},
				{"appName": "통화 관리", "usage": 0}
			]
		},
		"avgTime": {
			"usage": 1,
			"details": [
				{"appName": "Polar Beat", "usage": 2},
				{"appName": "YouTube", "usage": 1},
				{"appName": "Facebook", "usage": 0},
				{"appName": "Chrome", "usage": 0},
				{"appName": "카메라", "usage": 0},
				{"appName": "Instagram", "usage": 0},
				{"appName": "네이버 웹툰", "usage": 0},
				{"appName": "알람/시계", "usage": 0},
				{"appName": "미세미세", "usage": 0},
				{"appName": "MX 플레이어", "usage": 0},
				{"appName": "AhnLab V3 Mobile Plus 2.0", "usage": 0},
				{"appName": "T전화", "usage": 0},
				{"appName": "알라미", "usage": 0},
				{"appName": "T멤버십", "usage": 0},
				{"appName": "쿠팡", "usage": 0},
				{"appName": "접근성", "usage": 0},
				{"appName": "네이버 카페", "usage": 0},
				{"appName": "MUSINSA", "usage": 0},
				{"appName": "메시지", "usage": 0},
				{"appName": "갤러리", "usage": 0},
				{"appName": "시스템 UI", "usage": 0},
				{"appName": "Paco", "usage": 0},
				{"appName": "위비톡", "usage": 0},
				{"appName": "Q렌즈", "usage": 0},
				{"appName": "카카오톡", "usage": 0},
				{"appName": "기본홈", "usage": 0},
				{"appName": "Melon", "usage": 0},
				{"appName": "Polaris Office", "usage": 0},
				{"appName": "Google Play 스토어", "usage": 0},
				{"appName": "Q메모+", "usage": 0},
				{"appName": "음악", "usage": 0},
				{"appName": "파일 관리자", "usage": 0},
				{"appName": "설정", "usage": 0},
				{"appName": "원터치알림", "usage": 0},
				{"appName": "T map", "usage": 0},
				{"appName": "Google", "usage": 0},
				{"appName": "딩굴 키보드", "usage": 0},
				{"appName": "통화 관리", "usage": 0},
				{"appName": "러브데이", "usage": 0}
			]
		},
		"lastPickup": {"time": 0}
	},
	{
		"date": 5,
		"totalTime": {
			"usage": 383,
			"details": [
				{"appName": "Facebook", "usage": 117},
				{"appName": "Instagram", "usage": 53},
				{"appName": "YouTube", "usage": 38},
				{"appName": "T map", "usage": 33},
				{"appName": "카카오톡", "usage": 29},
				{"appName": "Chrome", "usage": 27},
				{"appName": "T전화", "usage": 17},
				{"appName": "네이트", "usage": 16},
				{"appName": "네이버 웹툰", "usage": 11},
				{"appName": "기본홈", "usage": 9},
				{"appName": "Melon", "usage": 8},
				{"appName": "Paco", "usage": 4},
				{"appName": "미세미세", "usage": 2},
				{"appName": "MX 플레이어", "usage": 1},
				{"appName": "쿠팡", "usage": 1},
				{"appName": "TimeTree", "usage": 0},
				{"appName": "LH청약센터", "usage": 0},
				{"appName": "알라미", "usage": 0},
				{"appName": "접근성", "usage": 0},
				{"appName": "파일", "usage": 0},
				{"appName": "직방", "usage": 0},
				{"appName": "Polar Beat", "usage": 0},
				{"appName": "시스템 UI", "usage": 0},
				{"appName": "메시지", "usage": 0},
				{"appName": "Dropsync", "usage": 0},
				{"appName": "Google Play 스토어", "usage": 0},
				{"appName": "Android 시스템", "usage": 0},
				{"appName": "T멤버십", "usage": 0},
				{"appName": "와디즈", "usage": 0},
				{"appName": "통화 관리", "usage": 0},
				{"appName": "러브데이", "usage": 0}
			]
		},
		"pickups": {"usage": 199},
		"downTime": {
			"usages": [
				{"hour": 0, "usage": 4},
				{"hour": 1, "usage": 17},
				{"hour": 3, "usage": 31},
				{"hour": 4, "usage": 15},
				{"hour": 5, "usage": 26},
				{"hour": 6, "usage": 24},
				{"hour": 7, "usage": 22},
				{"hour": 8, "usage": 11},
				{"hour": 9, "usage": 51},
				{"hour": 10, "usage": 29},
				{"hour": 11, "usage": 28},
				{"hour": 12, "usage": 12},
				{"hour": 13, "usage": 22},
				{"hour": 14, "usage": 14},
				{"hour": 15, "usage": 33},
				{"hour": 16, "usage": 15},
				{"hour": 17, "usage": 22}
			],
			"details": [
				{"appName": "기본홈", "usage": [0, 3, 4, 5, 6, 7, 8, 9, 10, 11, 12, 13, 14, 15, 16, 17]},
				{"appName": "카카오톡", "usage": [0, 3, 4, 5, 6, 7, 8, 9, 10, 11, 12, 14, 16, 17]},
				{"appName": "Facebook", "usage": [3, 4, 5, 6, 7, 8, 9, 10, 11, 12, 13, 14, 16, 17]},
				{"appName": "Melon", "usage": [4, 5, 6, 7, 8, 9, 10, 12, 13, 14, 15, 17]},
				{"appName": "Instagram", "usage": [0, 1, 3, 4, 6, 7, 8, 9, 10, 11, 12, 14]},
				{"appName": "Chrome", "usage": [3, 5, 6, 9, 10, 11, 12, 14, 16, 17]},
				{"appName": "T전화", "usage": [3, 4, 6, 7, 8, 9, 11, 14]},
				{"appName": "Paco", "usage": [3, 4, 6, 7, 9, 10, 11, 12]},
				{"appName": "접근성", "usage": [3, 5, 11, 14, 15]},
				{"appName": "러브데이", "usage": [5, 10, 12, 14, 15]},
				{"appName": "통화 관리", "usage": [7, 9, 11, 14]},
				{"appName": "YouTube", "usage": [3, 7, 9, 10]},
				{"appName": "T map", "usage": [8, 15, 16, 17]},
				{"appName": "쿠팡", "usage": [3, 6, 12]},
				{"appName": "알라미", "usage": [1, 10, 17]},
				{"appName": "시스템 UI", "usage": [3, 5, 9]},
				{"appName": "네이버 웹툰", "usage": [6, 16, 17]},
				{"appName": "Polar Beat", "usage": [3, 14]},
				{"appName": "MX 플레이어", "usage": [6, 16]},
				{"appName": "LH청약센터", "usage": [11, 12]},
				{"appName": "파일", "usage": [11]},
				{"appName": "직방", "usage": [12]},
				{"appName": "와디즈", "usage": [12]},
				{"appName": "미세미세", "usage": [4]},
				{"appName": "메시지", "usage": [3]},
				{"appName": "네이트", "usage": [3]},
				{"appName": "T멤버십", "usage": [17]},
				{"appName": "TimeTree", "usage": [9]},
				{"appName": "Google Play 스토어", "usage": [6]},
				{"appName": "Dropsync", "usage": [7]},
				{"appName": "Android 시스템", "usage": [3]}
			]
		},
		"maxTime": {
			"usage": 46,
			"details": [
				{"appName": "YouTube", "usage": 17},
				{"appName": "Facebook", "usage": 14},
				{"appName": "Instagram", "usage": 13},
				{"appName": "T map", "usage": 12},
				{"appName": "네이트", "usage": 9},
				{"appName": "Chrome", "usage": 4},
				{"appName": "네이버 웹툰", "usage": 3},
				{"appName": "T전화", "usage": 3},
				{"appName": "카카오톡", "usage": 1},
				{"appName": "Melon", "usage": 1},
				{"appName": "미세미세", "usage": 1},
				{"appName": "TimeTree", "usage": 0},
				{"appName": "기본홈", "usage": 0},
				{"appName": "쿠팡", "usage": 0},
				{"appName": "MX 플레이어", "usage": 0},
				{"appName": "Paco", "usage": 0},
				{"appName": "LH청약센터", "usage": 0},
				{"appName": "파일", "usage": 0},
				{"appName": "직방", "usage": 0},
				{"appName": "알라미", "usage": 0},
				{"appName": "메시지", "usage": 0},
				{"appName": "접근성", "usage": 0},
				{"appName": "Dropsync", "usage": 0},
				{"appName": "시스템 UI", "usage": 0},
				{"appName": "Polar Beat", "usage": 0},
				{"appName": "Google Play 스토어", "usage": 0},
				{"appName": "Android 시스템", "usage": 0},
				{"appName": "T멤버십", "usage": 0},
				{"appName": "와디즈", "usage": 0},
				{"appName": "통화 관리", "usage": 0},
				{"appName": "러브데이", "usage": 0}
			]
		},
		"avgTime": {
			"usage": 1,
			"details": [
				{"appName": "네이트", "usage": 4},
				{"appName": "YouTube", "usage": 2},
				{"appName": "T map", "usage": 1},
				{"appName": "Facebook", "usage": 0},
				{"appName": "Instagram", "usage": 0},
				{"appName": "Chrome", "usage": 0},
				{"appName": "미세미세", "usage": 0},
				{"appName": "MX 플레이어", "usage": 0},
				{"appName": "네이버 웹툰", "usage": 0},
				{"appName": "TimeTree", "usage": 0},
				{"appName": "T전화", "usage": 0},
				{"appName": "LH청약센터", "usage": 0},
				{"appName": "파일", "usage": 0},
				{"appName": "직방", "usage": 0},
				{"appName": "Paco", "usage": 0},
				{"appName": "메시지", "usage": 0},
				{"appName": "쿠팡", "usage": 0},
				{"appName": "Dropsync", "usage": 0},
				{"appName": "카카오톡", "usage": 0},
				{"appName": "Melon", "usage": 0},
				{"appName": "접근성", "usage": 0},
				{"appName": "알라미", "usage": 0},
				{"appName": "시스템 UI", "usage": 0},
				{"appName": "기본홈", "usage": 0},
				{"appName": "Polar Beat", "usage": 0},
				{"appName": "Google Play 스토어", "usage": 0},
				{"appName": "Android 시스템", "usage": 0},
				{"appName": "T멤버십", "usage": 0},
				{"appName": "와디즈", "usage": 0},
				{"appName": "통화 관리", "usage": 0},
				{"appName": "러브데이", "usage": 0}
			]
		},
		"lastPickup": {"time": 10}
	},
	{
		"date": 6,
		"totalTime": {
			"usage": 332,
			"details": [
				{"appName": "Facebook", "usage": 63},
				{"appName": "네이버 웹툰", "usage": 58},
				{"appName": "Instagram", "usage": 37},
				{"appName": "T map", "usage": 33},
				{"appName": "Chrome", "usage": 29},
				{"appName": "기본홈", "usage": 24},
				{"appName": "카카오톡", "usage": 22},
				{"appName": "T전화", "usage": 18},
				{"appName": "쿠팡", "usage": 7},
				{"appName": "와디즈", "usage": 6},
				{"appName": "Paco", "usage": 5},
				{"appName": "네이버 카페", "usage": 3},
				{"appName": "접근성", "usage": 2},
				{"appName": "Melon", "usage": 2},
				{"appName": "MX 플레이어", "usage": 1},
				{"appName": "네트워크", "usage": 1},
				{"appName": "B612", "usage": 0},
				{"appName": "알라미", "usage": 0},
				{"appName": "배달의민족", "usage": 0},
				{"appName": "Polar Beat", "usage": 0},
				{"appName": "시스템 UI", "usage": 0},
				{"appName": "보이스 케어", "usage": 0},
				{"appName": "Dropsync", "usage": 0},
				{"appName": "메시지", "usage": 0},
				{"appName": "ABC Logger", "usage": 0},
				{"appName": "Logger", "usage": 0},
				{"appName": "YouTube", "usage": 0},
				{"appName": "Microsoft Band", "usage": 0},
				{"appName": "Android 시스템", "usage": 0},
				{"appName": "러브데이", "usage": 0},
				{"appName": "T멤버십", "usage": 0},
				{"appName": "Q메모+", "usage": 0},
				{"appName": "통화 관리", "usage": 0},
				{"appName": "설정", "usage": 0},
				{"appName": "패키지 설치 프로그램", "usage": 0},
				{"appName": "Shutdown Monitor", "usage": 0}
			]
		},
		"pickups": {"usage": 143},
		"downTime": {
			"usages": [
				{"hour": 1, "usage": 26},
				{"hour": 2, "usage": 12},
				{"hour": 3, "usage": 21},
				{"hour": 4, "usage": 9},
				{"hour": 5, "usage": 6},
				{"hour": 6, "usage": 35},
				{"hour": 7, "usage": 38},
				{"hour": 8, "usage": 4},
				{"hour": 9, "usage": 19},
				{"hour": 10, "usage": 15},
				{"hour": 11, "usage": 32},
				{"hour": 12, "usage": 3},
				{"hour": 13, "usage": 13},
				{"hour": 14, "usage": 7},
				{"hour": 15, "usage": 16},
				{"hour": 16, "usage": 51},
				{"hour": 17, "usage": 17}
			],
			"details": [
				{"appName": "기본홈", "usage": [1, 2, 3, 4, 5, 6, 7, 8, 9, 10, 11, 12, 13, 14, 15, 16, 17]},
				{"appName": "카카오톡", "usage": [1, 2, 3, 4, 5, 6, 7, 9, 10, 11, 13, 14, 15, 17]},
				{"appName": "러브데이", "usage": [2, 3, 4, 5, 6, 7, 10, 11, 13, 17]},
				{"appName": "Instagram", "usage": [1, 3, 4, 5, 9, 11, 13, 14, 15, 17]},
				{"appName": "Facebook", "usage": [3, 6, 7, 9, 10, 11, 12, 15, 16, 17]},
				{"appName": "Chrome", "usage": [4, 5, 6, 7, 9, 10, 11, 15, 16, 17]},
				{"appName": "Paco", "usage": [3, 4, 5, 6, 7, 9, 11, 12, 13]},
				{"appName": "네이버 웹툰", "usage": [1, 2, 6, 7, 8, 15, 16]},
				{"appName": "T전화", "usage": [3, 4, 10, 11, 12, 13, 14]},
				{"appName": "접근성", "usage": [2, 9, 10, 11, 13]},
				{"appName": "알라미", "usage": [1, 7, 8, 9, 17]},
				{"appName": "T map", "usage": [4, 6, 7, 9]},
				{"appName": "통화 관리", "usage": [11, 13, 14]},
				{"appName": "시스템 UI", "usage": [6, 7, 9]},
				{"appName": "Polar Beat", "usage": [2, 11, 13]},
				{"appName": "쿠팡", "usage": [10, 17]},
				{"appName": "배달의민족", "usage": [14, 16]},
				{"appName": "YouTube", "usage": [11, 17]},
				{"appName": "패키지 설치 프로그램", "usage": [11]},
				{"appName": "와디즈", "usage": [9]},
				{"appName": "설정", "usage": [11]},
				{"appName": "보이스 케어", "usage": [6]},
				{"appName": "메시지", "usage": [11]},
				{"appName": "네트워크", "usage": [11]},
				{"appName": "네이버 카페", "usage": [5]},
				{"appName": "T멤버십", "usage": [8]},
				{"appName": "Shutdown Monitor", "usage": [11]},
				{"appName": "Q메모+", "usage": [2]},
				{"appName": "Microsoft Band", "usage": [11]},
				{"appName": "Melon", "usage": [2]},
				{"appName": "MX 플레이어", "usage": [2]},
				{"appName": "Logger", "usage": [11]},
				{"appName": "Dropsync", "usage": [11]},
				{"appName": "B612", "usage": [6]},
				{"appName": "Android 시스템", "usage": [16]},
				{"appName": "ABC Logger", "usage": [11]}
			]
		},
		"maxTime": {
			"usage": 37,
			"details": [
				{"appName": "기본홈", "usage": 15},
				{"appName": "T map", "usage": 15},
				{"appName": "Facebook", "usage": 11},
				{"appName": "네이버 웹툰", "usage": 10},
				{"appName": "Chrome", "usage": 7},
				{"appName": "Instagram", "usage": 5},
				{"appName": "와디즈", "usage": 3},
				{"appName": "카카오톡", "usage": 3},
				{"appName": "T전화", "usage": 2},
				{"appName": "MX 플레이어", "usage": 1},
				{"appName": "네이버 카페", "usage": 1},
				{"appName": "네트워크", "usage": 1},
				{"appName": "Paco", "usage": 1},
				{"appName": "접근성", "usage": 0},
				{"appName": "Melon", "usage": 0},
				{"appName": "쿠팡", "usage": 0},
				{"appName": "B612", "usage": 0},
				{"appName": "배달의민족", "usage": 0},
				{"appName": "알라미", "usage": 0},
				{"appName": "보이스 케어", "usage": 0},
				{"appName": "시스템 UI", "usage": 0},
				{"appName": "Dropsync", "usage": 0},
				{"appName": "Polar Beat", "usage": 0},
				{"appName": "메시지", "usage": 0},
				{"appName": "ABC Logger", "usage": 0},
				{"appName": "Logger", "usage": 0},
				{"appName": "YouTube", "usage": 0},
				{"appName": "Microsoft Band", "usage": 0},
				{"appName": "Android 시스템", "usage": 0},
				{"appName": "러브데이", "usage": 0},
				{"appName": "T멤버십", "usage": 0},
				{"appName": "Q메모+", "usage": 0},
				{"appName": "설정", "usage": 0},
				{"appName": "패키지 설치 프로그램", "usage": 0},
				{"appName": "통화 관리", "usage": 0},
				{"appName": "Shutdown Monitor", "usage": 0}
			]
		},
		"avgTime": {
			"usage": 2,
			"details": [
				{"appName": "와디즈", "usage": 1},
				{"appName": "MX 플레이어", "usage": 1},
				{"appName": "T map", "usage": 1},
				{"appName": "Facebook", "usage": 1},
				{"appName": "Chrome", "usage": 0},
				{"appName": "Instagram", "usage": 0},
				{"appName": "Melon", "usage": 0},
				{"appName": "네이버 웹툰", "usage": 0},
				{"appName": "네트워크", "usage": 0},
				{"appName": "T전화", "usage": 0},
				{"appName": "네이버 카페", "usage": 0},
				{"appName": "접근성", "usage": 0},
				{"appName": "B612", "usage": 0},
				{"appName": "쿠팡", "usage": 0},
				{"appName": "기본홈", "usage": 0},
				{"appName": "Paco", "usage": 0},
				{"appName": "Dropsync", "usage": 0},
				{"appName": "카카오톡", "usage": 0},
				{"appName": "메시지", "usage": 0},
				{"appName": "배달의민족", "usage": 0},
				{"appName": "보이스 케어", "usage": 0},
				{"appName": "알라미", "usage": 0},
				{"appName": "Polar Beat", "usage": 0},
				{"appName": "시스템 UI", "usage": 0},
				{"appName": "ABC Logger", "usage": 0},
				{"appName": "Logger", "usage": 0},
				{"appName": "Microsoft Band", "usage": 0},
				{"appName": "Android 시스템", "usage": 0},
				{"appName": "YouTube", "usage": 0},
				{"appName": "T멤버십", "usage": 0},
				{"appName": "Q메모+", "usage": 0},
				{"appName": "설정", "usage": 0},
				{"appName": "패키지 설치 프로그램", "usage": 0},
				{"appName": "러브데이", "usage": 0},
				{"appName": "통화 관리", "usage": 0},
				{"appName": "Shutdown Monitor", "usage": 0}
			]
		},
		"lastPickup": {"time": 0}
	},
	{
		"date": 7,
		"totalTime": {
			"usage": 894,
			"details": [
				{"appName": "Facebook", "usage": 149},
				{"appName": "Instagram", "usage": 46},
				{"appName": "카카오톡", "usage": 17},
				{"appName": "Chrome", "usage": 9},
				{"appName": "기본홈", "usage": 6},
				{"appName": "Melon", "usage": 4},
				{"appName": "Paco", "usage": 4},
				{"appName": "YouTube", "usage": 4},
				{"appName": "네이버 웹툰", "usage": 3},
				{"appName": "T전화", "usage": 2},
				{"appName": "쿠팡", "usage": 2},
				{"appName": "메시지", "usage": 2},
				{"appName": "와디즈", "usage": 1},
				{"appName": "T멤버십", "usage": 1},
				{"appName": "음악", "usage": 0},
				{"appName": "접근성", "usage": 0},
				{"appName": "Polar Beat", "usage": 0},
				{"appName": "위메프", "usage": 0},
				{"appName": "스마트 닥터", "usage": 0},
				{"appName": "Bluetooth", "usage": 0},
				{"appName": "Google", "usage": 0},
				{"appName": "Logger", "usage": 0},
				{"appName": "주소록", "usage": 0},
				{"appName": "소프트웨어 업데이트", "usage": 0},
				{"appName": "시스템 UI", "usage": 0},
				{"appName": "통화 관리", "usage": 0},
				{"appName": "러브데이", "usage": 0}
			]
		},
		"pickups": {"usage": 115},
		"downTime": {
			"usages": [
				{"hour": 1, "usage": 30},
				{"hour": 2, "usage": 59},
				{"hour": 3, "usage": 10},
				{"hour": 4, "usage": 55},
				{"hour": 5, "usage": 7},
				{"hour": 6, "usage": 12},
				{"hour": 7, "usage": 6},
				{"hour": 8, "usage": 5},
				{"hour": 9, "usage": 9},
				{"hour": 10, "usage": 9},
				{"hour": 11, "usage": 16},
				{"hour": 12, "usage": 18},
				{"hour": 13, "usage": 23}
			],
			"details": [
				{"appName": "카카오톡", "usage": [1, 2, 3, 4, 5, 6, 7, 8, 9, 10, 11, 12, 13]},
				{"appName": "기본홈", "usage": [1, 2, 3, 4, 5, 6, 7, 8, 9, 10, 11, 12, 13]},
				{"appName": "Facebook", "usage": [1, 2, 3, 4, 5, 6, 7, 8, 10, 11, 12, 13]},
				{"appName": "Instagram", "usage": [1, 2, 3, 4, 5, 6, 7, 10, 11, 13]},
				{"appName": "Paco", "usage": [3, 4, 5, 6, 8, 9, 11, 12, 13]},
				{"appName": "러브데이", "usage": [5, 6, 7, 8, 9, 11, 12, 13]},
				{"appName": "Chrome", "usage": [1, 2, 4, 6, 10, 11, 12, 13]},
				{"appName": "메시지", "usage": [4, 6, 10, 13]},
				{"appName": "접근성", "usage": [3, 5, 13]},
				{"appName": "T전화", "usage": [9, 11, 13]},
				{"appName": "Polar Beat", "usage": [3, 5, 13]},
				{"appName": "Melon", "usage": [6, 9, 13]},
				{"appName": "통화 관리", "usage": [9, 13]},
				{"appName": "쿠팡", "usage": [6, 11]},
				{"appName": "음악", "usage": [6, 7]},
				{"appName": "YouTube", "usage": [7, 9]},
				{"appName": "Google", "usage": [2, 13]},
				{"appName": "Bluetooth", "usage": [3, 6]},
				{"appName": "주소록", "usage": [13]},
				{"appName": "위메프", "usage": [3]},
				{"appName": "와디즈", "usage": [4]},
				{"appName": "시스템 UI", "usage": [4]},
				{"appName": "스마트 닥터", "usage": [13]},
				{"appName": "소프트웨어 업데이트", "usage": [9]},
				{"appName": "네이버 웹툰", "usage": [1]},
				{"appName": "T멤버십", "usage": [11]},
				{"appName": "Logger", "usage": [13]}
			]
		},
		"maxTime": {
			"usage": 627,
			"details": [
				{"appName": "Facebook", "usage": 25},
				{"appName": "Instagram", "usage": 9},
				{"appName": "Melon", "usage": 2},
				{"appName": "YouTube", "usage": 2},
				{"appName": "네이버 웹툰", "usage": 2},
				{"appName": "Chrome", "usage": 2},
				{"appName": "기본홈", "usage": 1},
				{"appName": "와디즈", "usage": 1},
				{"appName": "Paco", "usage": 1},
				{"appName": "카카오톡", "usage": 1},
				{"appName": "T멤버십", "usage": 0},
				{"appName": "T전화", "usage": 0},
				{"appName": "메시지", "usage": 0},
				{"appName": "쿠팡", "usage": 0},
				{"appName": "위메프", "usage": 0},
				{"appName": "접근성", "usage": 0},
				{"appName": "스마트 닥터", "usage": 0},
				{"appName": "음악", "usage": 0},
				{"appName": "Polar Beat", "usage": 0},
				{"appName": "Bluetooth", "usage": 0},
				{"appName": "Logger", "usage": 0},
				{"appName": "Google", "usage": 0},
				{"appName": "주소록", "usage": 0},
				{"appName": "소프트웨어 업데이트", "usage": 0},
				{"appName": "시스템 UI", "usage": 0},
				{"appName": "통화 관리", "usage": 0},
				{"appName": "러브데이", "usage": 0}
			]
		},
		"avgTime": {
			"usage": 7,
			"details": [
				{"appName": "Facebook", "usage": 2},
				{"appName": "YouTube", "usage": 2},
				{"appName": "Instagram", "usage": 1},
				{"appName": "네이버 웹툰", "usage": 0},
				{"appName": "와디즈", "usage": 0},
				{"appName": "Chrome", "usage": 0},
				{"appName": "T멤버십", "usage": 0},
				{"appName": "스마트 닥터", "usage": 0},
				{"appName": "Melon", "usage": 0},
				{"appName": "위메프", "usage": 0},
				{"appName": "쿠팡", "usage": 0},
				{"appName": "메시지", "usage": 0},
				{"appName": "Paco", "usage": 0},
				{"appName": "T전화", "usage": 0},
				{"appName": "접근성", "usage": 0},
				{"appName": "카카오톡", "usage": 0},
				{"appName": "음악", "usage": 0},
				{"appName": "Logger", "usage": 0},
				{"appName": "기본홈", "usage": 0},
				{"appName": "Bluetooth", "usage": 0},
				{"appName": "Polar Beat", "usage": 0},
				{"appName": "소프트웨어 업데이트", "usage": 0},
				{"appName": "시스템 UI", "usage": 0},
				{"appName": "Google", "usage": 0},
				{"appName": "주소록", "usage": 0},
				{"appName": "통화 관리", "usage": 0},
				{"appName": "러브데이", "usage": 0}
			]
		},
		"lastPickup": {"time": 627}
	}
]
