[
	{
		"date": 1,
		"maxTime": 37,
		"totalUnlockCount": 101,
		"keys": [
			{"hour": "0", "unlockCount": 0},
			{"hour": "1", "unlockCount": 2},
			{"hour": "2", "unlockCount": 7},
			{"hour": "3", "unlockCount": 5},
			{"hour": "4", "unlockCount": 16},
			{"hour": "5", "unlockCount": 7},
			{"hour": "6", "unlockCount": 6},
			{"hour": "7", "unlockCount": 2},
			{"hour": "8", "unlockCount": 4},
			{"hour": "9", "unlockCount": 11},
			{"hour": "10", "unlockCount": 4},
			{"hour": "11", "unlockCount": 3},
			{"hour": "12", "unlockCount": 2},
			{"hour": "13", "unlockCount": 0},
			{"hour": "14", "unlockCount": 8},
			{"hour": "15", "unlockCount": 17},
			{"hour": "16", "unlockCount": 7},
			{"hour": "17", "unlockCount": 0},
			{"hour": "18", "unlockCount": 0},
			{"hour": "19", "unlockCount": 0},
			{"hour": "20", "unlockCount": 0},
			{"hour": "21", "unlockCount": 0},
			{"hour": "22", "unlockCount": 0},
			{"hour": "23", "unlockCount": 0}
		]
	},
	{
		"date": 2,
		"maxTime": 25,
		"totalUnlockCount": 185,
		"keys": [
			{"hour": "0", "unlockCount": 0},
			{"hour": "1", "unlockCount": 2},
			{"hour": "2", "unlockCount": 11},
			{"hour": "3", "unlockCount": 14},
			{"hour": "4", "unlockCount": 10},
			{"hour": "5", "unlockCount": 10},
			{"hour": "6", "unlockCount": 17},
			{"hour": "7", "unlockCount": 9},
			{"hour": "8", "unlockCount": 11},
			{"hour": "9", "unlockCount": 12},
			{"hour": "10", "unlockCount": 21},
			{"hour": "11", "unlockCount": 17},
			{"hour": "12", "unlockCount": 3},
			{"hour": "13", "unlockCount": 0},
			{"hour": "14", "unlockCount": 12},
			{"hour": "15", "unlockCount": 8},
			{"hour": "16", "unlockCount": 18},
			{"hour": "17", "unlockCount": 10},
			{"hour": "18", "unlockCount": 0},
			{"hour": "19", "unlockCount": 0},
			{"hour": "20", "unlockCount": 0},
			{"hour": "21", "unlockCount": 0},
			{"hour": "22", "unlockCount": 0},
			{"hour": "23", "unlockCount": 0}
		]
	},
	{
		"date": 3,
		"maxTime": 88,
		"totalUnlockCount": 135,
		"keys": [
			{"hour": "0", "unlockCount": 0},
			{"hour": "1", "unlockCount": 6},
			{"hour": "2", "unlockCount": 8},
			{"hour": "3", "unlockCount": 24},
			{"hour": "4", "unlockCount": 14},
			{"hour": "5", "unlockCount": 21},
			{"hour": "6", "unlockCount": 14},
			{"hour": "7", "unlockCount": 7},
			{"hour": "8", "unlockCount": 6},
			{"hour": "9", "unlockCount": 3},
			{"hour": "10", "unlockCount": 3},
			{"hour": "11", "unlockCount": 3},
			{"hour": "12", "unlockCount": 2},
			{"hour": "13", "unlockCount": 1},
			{"hour": "14", "unlockCount": 4},
			{"hour": "15", "unlockCount": 12},
			{"hour": "16", "unlockCount": 2},
			{"hour": "17", "unlockCount": 1},
			{"hour": "18", "unlockCount": 3},
			{"hour": "19", "unlockCount": 0},
			{"hour": "20", "unlockCount": 0},
			{"hour": "21", "unlockCount": 0},
			{"hour": "22", "unlockCount": 0},
			{"hour": "23", "unlockCount": 1}
		]
	},
	{
		"date": 4,
		"maxTime": 40,
		"totalUnlockCount": 135,
		"keys": [
			{"hour": "0", "unlockCount": 2},
			{"hour": "1", "unlockCount": 10},
			{"hour": "2", "unlockCount": 7},
			{"hour": "3", "unlockCount": 9},
			{"hour": "4", "unlockCount": 7},
			{"hour": "5", "unlockCount": 3},
			{"hour": "6", "unlockCount": 7},
			{"hour": "7", "unlockCount": 4},
			{"hour": "8", "unlockCount": 6},
			{"hour": "9", "unlockCount": 2},
			{"hour": "10", "unlockCount": 2},
			{"hour": "11", "unlockCount": 8},
			{"hour": "12", "unlockCount": 25},
			{"hour": "13", "unlockCount": 12},
			{"hour": "14", "unlockCount": 3},
			{"hour": "15", "unlockCount": 6},
			{"hour": "16", "unlockCount": 10},
			{"hour": "17", "unlockCount": 3},
			{"hour": "18", "unlockCount": 2},
			{"hour": "19", "unlockCount": 4},
			{"hour": "20", "unlockCount": 3},
			{"hour": "21", "unlockCount": 0},
			{"hour": "22", "unlockCount": 0},
			{"hour": "23", "unlockCount": 0}
		]
	},
	{
		"date": 5,
		"maxTime": 28,
		"totalUnlockCount": 138,
		"keys": [
			{"hour": "0", "unlockCount": 0},
			{"hour": "1", "unlockCount": 0},
			{"hour": "2", "unlockCount": 4},
			{"hour": "3", "unlockCount": 7},
			{"hour": "4", "unlockCount": 27},
			{"hour": "5", "unlockCount": 39},
			{"hour": "6", "unlockCount": 13},
			{"hour": "7", "unlockCount": 3},
			{"hour": "8", "unlockCount": 12},
			{"hour": "9", "unlockCount": 3},
			{"hour": "10", "unlockCount": 6},
			{"hour": "11", "unlockCount": 6},
			{"hour": "12", "unlockCount": 6},
			{"hour": "13", "unlockCount": 6},
			{"hour": "14", "unlockCount": 0},
			{"hour": "15", "unlockCount": 0},
			{"hour": "16", "unlockCount": 2},
			{"hour": "17", "unlockCount": 2},
			{"hour": "18", "unlockCount": 2},
			{"hour": "19", "unlockCount": 0},
			{"hour": "20", "unlockCount": 0},
			{"hour": "21", "unlockCount": 0},
			{"hour": "22", "unlockCount": 0},
			{"hour": "23", "unlockCount": 0}
		]
	},
	{
		"date": 6,
		"maxTime": 11,
		"totalUnlockCount": 88,
		"keys": [
			{"hour": "0", "unlockCount": 0},
			{"hour": "1", "unlockCount": 0},
			{"hour": "2", "unlockCount": 2},
			{"hour": "3", "unlockCount": 0},
			{"hour": "4", "unlockCount": 6},
			{"hour": "5", "unlockCount": 5},
			{"hour": "6", "unlockCount": 10},
			{"hour": "7", "unlockCount": 11},
			{"hour": "8", "unlockCount": 11},
			{"hour": "9", "unlockCount": 5},
			{"hour": "10", "unlockCount": 5},
			{"hour": "11", "unlockCount": 10},
			{"hour": "12", "unlockCount": 5},
			{"hour": "13", "unlockCount": 0},
			{"hour": "14", "unlockCount": 0},
			{"hour": "15", "unlockCount": 5},
			{"hour": "16", "unlockCount": 0},
			{"hour": "17", "unlockCount": 5},
			{"hour": "18", "unlockCount": 6},
			{"hour": "19", "unlockCount": 2},
			{"hour": "20", "unlockCount": 0},
			{"hour": "21", "unlockCount": 0},
			{"hour": "22", "unlockCount": 0},
			{"hour": "23", "unlockCount": 0}
		]
	},
	{
		"date": 7,
		"maxTime": 19,
		"totalUnlockCount": 86,
		"keys": [
			{"hour": "0", "unlockCount": 0},
			{"hour": "1", "unlockCount": 0},
			{"hour": "2", "unlockCount": 0},
			{"hour": "3", "unlockCount": 5},
			{"hour": "4", "unlockCount": 3},
			{"hour": "5", "unlockCount": 23},
			{"hour": "6", "unlockCount": 6},
			{"hour": "7", "unlockCount": 10},
			{"hour": "8", "unlockCount": 12},
			{"hour": "9", "unlockCount": 1},
			{"hour": "10", "unlockCount": 11},
			{"hour": "11", "unlockCount": 6},
			{"hour": "12", "unlockCount": 2},
			{"hour": "13", "unlockCount": 3},
			{"hour": "14", "unlockCount": 4},
			{"hour": "15", "unlockCount": 0},
			{"hour": "16", "unlockCount": 0},
			{"hour": "17", "unlockCount": 0},
			{"hour": "18", "unlockCount": 0},
			{"hour": "19", "unlockCount": 0},
			{"hour": "20", "unlockCount": 0},
			{"hour": "21", "unlockCount": 0},
			{"hour": "22", "unlockCount": 0},
			{"hour": "23", "unlockCount": 0}
		]
	}
]
