[
	{
		"date": 1,
		"maxTime": 23,
		"totalUnlockCount": 202,
		"keys": [
			{"hour": "0", "unlockCount": 4},
			{"hour": "1", "unlockCount": 13},
			{"hour": "2", "unlockCount": 6},
			{"hour": "3", "unlockCount": 12},
			{"hour": "4", "unlockCount": 11},
			{"hour": "5", "unlockCount": 10},
			{"hour": "6", "unlockCount": 7},
			{"hour": "7", "unlockCount": 3},
			{"hour": "8", "unlockCount": 23},
			{"hour": "9", "unlockCount": 31},
			{"hour": "10", "unlockCount": 26},
			{"hour": "11", "unlockCount": 2},
			{"hour": "12", "unlockCount": 2},
			{"hour": "13", "unlockCount": 10},
			{"hour": "14", "unlockCount": 3},
			{"hour": "15", "unlockCount": 9},
			{"hour": "16", "unlockCount": 10},
			{"hour": "17", "unlockCount": 2},
			{"hour": "18", "unlockCount": 14},
			{"hour": "19", "unlockCount": 2},
			{"hour": "20", "unlockCount": 0},
			{"hour": "21", "unlockCount": 1},
			{"hour": "22", "unlockCount": 1},
			{"hour": "23", "unlockCount": 0}
		]
	},
	{
		"date": 2,
		"maxTime": 28,
		"totalUnlockCount": 184,
		"keys": [
			{"hour": "0", "unlockCount": 0},
			{"hour": "1", "unlockCount": 0},
			{"hour": "2", "unlockCount": 9},
			{"hour": "3", "unlockCount": 9},
			{"hour": "4", "unlockCount": 20},
			{"hour": "5", "unlockCount": 14},
			{"hour": "6", "unlockCount": 10},
			{"hour": "7", "unlockCount": 8},
			{"hour": "8", "unlockCount": 22},
			{"hour": "9", "unlockCount": 29},
			{"hour": "10", "unlockCount": 14},
			{"hour": "11", "unlockCount": 3},
			{"hour": "12", "unlockCount": 1},
			{"hour": "13", "unlockCount": 17},
			{"hour": "14", "unlockCount": 9},
			{"hour": "15", "unlockCount": 5},
			{"hour": "16", "unlockCount": 3},
			{"hour": "17", "unlockCount": 4},
			{"hour": "18", "unlockCount": 6},
			{"hour": "19", "unlockCount": 0},
			{"hour": "20", "unlockCount": 0},
			{"hour": "21", "unlockCount": 0},
			{"hour": "22", "unlockCount": 0},
			{"hour": "23", "unlockCount": 1}
		]
	},
	{
		"date": 3,
		"maxTime": 101,
		"totalUnlockCount": 170,
		"keys": [
			{"hour": "0", "unlockCount": 0},
			{"hour": "1", "unlockCount": 6},
			{"hour": "2", "unlockCount": 3},
			{"hour": "3", "unlockCount": 4},
			{"hour": "4", "unlockCount": 1},
			{"hour": "5", "unlockCount": 15},
			{"hour": "6", "unlockCount": 9},
			{"hour": "7", "unlockCount": 7},
			{"hour": "8", "unlockCount": 11},
			{"hour": "9", "unlockCount": 16},
			{"hour": "10", "unlockCount": 10},
			{"hour": "11", "unlockCount": 4},
			{"hour": "12", "unlockCount": 4},
			{"hour": "13", "unlockCount": 23},
			{"hour": "14", "unlockCount": 3},
			{"hour": "15", "unlockCount": 4},
			{"hour": "16", "unlockCount": 20},
			{"hour": "17", "unlockCount": 8},
			{"hour": "18", "unlockCount": 22},
			{"hour": "19", "unlockCount": 0},
			{"hour": "20", "unlockCount": 0},
			{"hour": "21", "unlockCount": 0},
			{"hour": "22", "unlockCount": 0},
			{"hour": "23", "unlockCount": 0}
		]
	},
	{
		"date": 4,
		"maxTime": 42,
		"totalUnlockCount": 113,
		"keys": [
			{"hour": "0", "unlockCount": 0},
			{"hour": "1", "unlockCount": 0},
			{"hour": "2", "unlockCount": 5},
			{"hour": "3", "unlockCount": 3},
			{"hour": "4", "unlockCount": 13},
			{"hour": "5", "unlockCount": 10},
			{"hour": "6", "unlockCount": 2},
			{"hour": "7", "unlockCount": 6},
			{"hour": "8", "unlockCount": 10},
			{"hour": "9", "unlockCount": 13},
			{"hour": "10", "unlockCount": 15},
			{"hour": "11", "unlockCount": 7},
			{"hour": "12", "unlockCount": 6},
			{"hour": "13", "unlockCount": 4},
			{"hour": "14", "unlockCount": 5},
			{"hour": "15", "unlockCount": 2},
			{"hour": "16", "unlockCount": 3},
			{"hour": "17", "unlockCount": 9},
			{"hour": "18", "unlockCount": 0},
			{"hour": "19", "unlockCount": 0},
			{"hour": "20", "unlockCount": 0},
			{"hour": "21", "unlockCount": 0},
			{"hour": "22", "unlockCount": 0},
			{"hour": "23", "unlockCount": 0}
		]
	},
	{
		"date": 5,
		"maxTime": 41,
		"totalUnlockCount": 104,
		"keys": [
			{"hour": "0", "unlockCount": 3},
			{"hour": "1", "unlockCount": 1},
			{"hour": "2", "unlockCount": 1},
			{"hour": "3", "unlockCount": 1},
			{"hour": "4", "unlockCount": 8},
			{"hour": "5", "unlockCount": 2},
			{"hour": "6", "unlockCount": 2},
			{"hour": "7", "unlockCount": 8},
			{"hour": "8", "unlockCount": 0},
			{"hour": "9", "unlockCount": 8},
			{"hour": "10", "unlockCount": 8},
			{"hour": "11", "unlockCount": 4},
			{"hour": "12", "unlockCount": 4},
			{"hour": "13", "unlockCount": 8},
			{"hour": "14", "unlockCount": 3},
			{"hour": "15", "unlockCount": 6},
			{"hour": "16", "unlockCount": 12},
			{"hour": "17", "unlockCount": 18},
			{"hour": "18", "unlockCount": 5},
			{"hour": "19", "unlockCount": 2},
			{"hour": "20", "unlockCount": 0},
			{"hour": "21", "unlockCount": 0},
			{"hour": "22", "unlockCount": 0},
			{"hour": "23", "unlockCount": 0}
		]
	},
	{
		"date": 6,
		"maxTime": 128,
		"totalUnlockCount": 116,
		"keys": [
			{"hour": "0", "unlockCount": 3},
			{"hour": "1", "unlockCount": 21},
			{"hour": "2", "unlockCount": 7},
			{"hour": "3", "unlockCount": 9},
			{"hour": "4", "unlockCount": 4},
			{"hour": "5", "unlockCount": 17},
			{"hour": "6", "unlockCount": 1},
			{"hour": "7", "unlockCount": 0},
			{"hour": "8", "unlockCount": 4},
			{"hour": "9", "unlockCount": 6},
			{"hour": "10", "unlockCount": 6},
			{"hour": "11", "unlockCount": 5},
			{"hour": "12", "unlockCount": 8},
			{"hour": "13", "unlockCount": 7},
			{"hour": "14", "unlockCount": 3},
			{"hour": "15", "unlockCount": 1},
			{"hour": "16", "unlockCount": 3},
			{"hour": "17", "unlockCount": 2},
			{"hour": "18", "unlockCount": 3},
			{"hour": "19", "unlockCount": 6},
			{"hour": "20", "unlockCount": 0},
			{"hour": "21", "unlockCount": 0},
			{"hour": "22", "unlockCount": 0},
			{"hour": "23", "unlockCount": 0}
		]
	},
	{
		"date": 7,
		"maxTime": 37,
		"totalUnlockCount": 200,
		"keys": [
			{"hour": "0", "unlockCount": 0},
			{"hour": "1", "unlockCount": 0},
			{"hour": "2", "unlockCount": 8},
			{"hour": "3", "unlockCount": 6},
			{"hour": "4", "unlockCount": 3},
			{"hour": "5", "unlockCount": 18},
			{"hour": "6", "unlockCount": 19},
			{"hour": "7", "unlockCount": 19},
			{"hour": "8", "unlockCount": 13},
			{"hour": "9", "unlockCount": 18},
			{"hour": "10", "unlockCount": 48},
			{"hour": "11", "unlockCount": 22},
			{"hour": "12", "unlockCount": 19},
			{"hour": "13", "unlockCount": 7},
			{"hour": "14", "unlockCount": 0},
			{"hour": "15", "unlockCount": 0},
			{"hour": "16", "unlockCount": 0},
			{"hour": "17", "unlockCount": 0},
			{"hour": "18", "unlockCount": 0},
			{"hour": "19", "unlockCount": 0},
			{"hour": "20", "unlockCount": 0},
			{"hour": "21", "unlockCount": 0},
			{"hour": "22", "unlockCount": 0},
			{"hour": "23", "unlockCount": 0}
		]
	}
]
