[
	{
		"date": 1,
		"maxTime": 38,
		"totalUnlockCount": 175,
		"keys": [
			{"hour": "0", "unlockCount": 9},
			{"hour": "1", "unlockCount": 11},
			{"hour": "2", "unlockCount": 24},
			{"hour": "3", "unlockCount": 23},
			{"hour": "4", "unlockCount": 5},
			{"hour": "5", "unlockCount": 11},
			{"hour": "6", "unlockCount": 8},
			{"hour": "7", "unlockCount": 13},
			{"hour": "8", "unlockCount": 4},
			{"hour": "9", "unlockCount": 13},
			{"hour": "10", "unlockCount": 7},
			{"hour": "11", "unlockCount": 5},
			{"hour": "12", "unlockCount": 7},
			{"hour": "13", "unlockCount": 9},
			{"hour": "14", "unlockCount": 13},
			{"hour": "15", "unlockCount": 3},
			{"hour": "16", "unlockCount": 5},
			{"hour": "17", "unlockCount": 1},
			{"hour": "18", "unlockCount": 0},
			{"hour": "19", "unlockCount": 1},
			{"hour": "20", "unlockCount": 0},
			{"hour": "21", "unlockCount": 0},
			{"hour": "22", "unlockCount": 0},
			{"hour": "23", "unlockCount": 3}
		]
	},
	{
		"date": 2,
		"maxTime": 44,
		"totalUnlockCount": 120,
		"keys": [
			{"hour": "0", "unlockCount": 8},
			{"hour": "1", "unlockCount": 11},
			{"hour": "2", "unlockCount": 8},
			{"hour": "3", "unlockCount": 6},
			{"hour": "4", "unlockCount": 12},
			{"hour": "5", "unlockCount": 2},
			{"hour": "6", "unlockCount": 8},
			{"hour": "7", "unlockCount": 9},
			{"hour": "8", "unlockCount": 16},
			{"hour": "9", "unlockCount": 7},
			{"hour": "10", "unlockCount": 6},
			{"hour": "11", "unlockCount": 4},
			{"hour": "12", "unlockCount": 6},
			{"hour": "13", "unlockCount": 2},
			{"hour": "14", "unlockCount": 1},
			{"hour": "15", "unlockCount": 6},
			{"hour": "16", "unlockCount": 2},
			{"hour": "17", "unlockCount": 0},
			{"hour": "18", "unlockCount": 0},
			{"hour": "19", "unlockCount": 0},
			{"hour": "20", "unlockCount": 0},
			{"hour": "21", "unlockCount": 0},
			{"hour": "22", "unlockCount": 1},
			{"hour": "23", "unlockCount": 5}
		]
	},
	{
		"date": 3,
		"maxTime": 44,
		"totalUnlockCount": 166,
		"keys": [
			{"hour": "0", "unlockCount": 5},
			{"hour": "1", "unlockCount": 9},
			{"hour": "2", "unlockCount": 8},
			{"hour": "3", "unlockCount": 7},
			{"hour": "4", "unlockCount": 4},
			{"hour": "5", "unlockCount": 8},
			{"hour": "6", "unlockCount": 7},
			{"hour": "7", "unlockCount": 10},
			{"hour": "8", "unlockCount": 1},
			{"hour": "9", "unlockCount": 10},
			{"hour": "10", "unlockCount": 16},
			{"hour": "11", "unlockCount": 10},
			{"hour": "12", "unlockCount": 14},
			{"hour": "13", "unlockCount": 3},
			{"hour": "14", "unlockCount": 18},
			{"hour": "15", "unlockCount": 24},
			{"hour": "16", "unlockCount": 12},
			{"hour": "17", "unlockCount": 0},
			{"hour": "18", "unlockCount": 0},
			{"hour": "19", "unlockCount": 0},
			{"hour": "20", "unlockCount": 0},
			{"hour": "21", "unlockCount": 0},
			{"hour": "22", "unlockCount": 0},
			{"hour": "23", "unlockCount": 0}
		]
	},
	{
		"date": 4,
		"maxTime": 25,
		"totalUnlockCount": 193,
		"keys": [
			{"hour": "0", "unlockCount": 0},
			{"hour": "1", "unlockCount": 0},
			{"hour": "2", "unlockCount": 0},
			{"hour": "3", "unlockCount": 2},
			{"hour": "4", "unlockCount": 9},
			{"hour": "5", "unlockCount": 10},
			{"hour": "6", "unlockCount": 12},
			{"hour": "7", "unlockCount": 14},
			{"hour": "8", "unlockCount": 19},
			{"hour": "9", "unlockCount": 5},
			{"hour": "10", "unlockCount": 17},
			{"hour": "11", "unlockCount": 15},
			{"hour": "12", "unlockCount": 4},
			{"hour": "13", "unlockCount": 13},
			{"hour": "14", "unlockCount": 29},
			{"hour": "15", "unlockCount": 7},
			{"hour": "16", "unlockCount": 9},
			{"hour": "17", "unlockCount": 2},
			{"hour": "18", "unlockCount": 17},
			{"hour": "19", "unlockCount": 9},
			{"hour": "20", "unlockCount": 0},
			{"hour": "21", "unlockCount": 0},
			{"hour": "22", "unlockCount": 0},
			{"hour": "23", "unlockCount": 0}
		]
	},
	{
		"date": 5,
		"maxTime": 79,
		"totalUnlockCount": 101,
		"keys": [
			{"hour": "0", "unlockCount": 0},
			{"hour": "1", "unlockCount": 0},
			{"hour": "2", "unlockCount": 0},
			{"hour": "3", "unlockCount": 3},
			{"hour": "4", "unlockCount": 13},
			{"hour": "5", "unlockCount": 3},
			{"hour": "6", "unlockCount": 3},
			{"hour": "7", "unlockCount": 7},
			{"hour": "8", "unlockCount": 9},
			{"hour": "9", "unlockCount": 3},
			{"hour": "10", "unlockCount": 15},
			{"hour": "11", "unlockCount": 4},
			{"hour": "12", "unlockCount": 14},
			{"hour": "13", "unlockCount": 6},
			{"hour": "14", "unlockCount": 6},
			{"hour": "15", "unlockCount": 2},
			{"hour": "16", "unlockCount": 1},
			{"hour": "17", "unlockCount": 0},
			{"hour": "18", "unlockCount": 1},
			{"hour": "19", "unlockCount": 0},
			{"hour": "20", "unlockCount": 1},
			{"hour": "21", "unlockCount": 0},
			{"hour": "22", "unlockCount": 5},
			{"hour": "23", "unlockCount": 5}
		]
	},
	{
		"date": 6,
		"maxTime": 49,
		"totalUnlockCount": 148,
		"keys": [
			{"hour": "0", "unlockCount": 1},
			{"hour": "1", "unlockCount": 7},
			{"hour": "2", "unlockCount": 15},
			{"hour": "3", "unlockCount": 0},
			{"hour": "4", "unlockCount": 6},
			{"hour": "5", "unlockCount": 13},
			{"hour": "6", "unlockCount": 6},
			{"hour": "7", "unlockCount": 6},
			{"hour": "8", "unlockCount": 17},
			{"hour": "9", "unlockCount": 10},
			{"hour": "10", "unlockCount": 7},
			{"hour": "11", "unlockCount": 18},
			{"hour": "12", "unlockCount": 11},
			{"hour": "13", "unlockCount": 7},
			{"hour": "14", "unlockCount": 13},
			{"hour": "15", "unlockCount": 6},
			{"hour": "16", "unlockCount": 4},
			{"hour": "17", "unlockCount": 0},
			{"hour": "18", "unlockCount": 0},
			{"hour": "19", "unlockCount": 0},
			{"hour": "20", "unlockCount": 0},
			{"hour": "21", "unlockCount": 0},
			{"hour": "22", "unlockCount": 0},
			{"hour": "23", "unlockCount": 1}
		]
	},
	{
		"date": 7,
		"maxTime": 32,
		"totalUnlockCount": 153,
		"keys": [
			{"hour": "0", "unlockCount": 5},
			{"hour": "1", "unlockCount": 10},
			{"hour": "2", "unlockCount": 17},
			{"hour": "3", "unlockCount": 14},
			{"hour": "4", "unlockCount": 6},
			{"hour": "5", "unlockCount": 9},
			{"hour": "6", "unlockCount": 8},
			{"hour": "7", "unlockCount": 6},
			{"hour": "8", "unlockCount": 6},
			{"hour": "9", "unlockCount": 11},
			{"hour": "10", "unlockCount": 26},
			{"hour": "11", "unlockCount": 11},
			{"hour": "12", "unlockCount": 24},
			{"hour": "13", "unlockCount": 0},
			{"hour": "14", "unlockCount": 0},
			{"hour": "15", "unlockCount": 0},
			{"hour": "16", "unlockCount": 0},
			{"hour": "17", "unlockCount": 0},
			{"hour": "18", "unlockCount": 0},
			{"hour": "19", "unlockCount": 0},
			{"hour": "20", "unlockCount": 0},
			{"hour": "21", "unlockCount": 0},
			{"hour": "22", "unlockCount": 0},
			{"hour": "23", "unlockCount": 0}
		]
	}
]
