[
	{
		"date": 1,
		"maxTime": 44,
		"totalUnlockCount": 147,
		"keys": [
			{"hour": "0", "unlockCount": 2},
			{"hour": "1", "unlockCount": 2},
			{"hour": "2", "unlockCount": 15},
			{"hour": "3", "unlockCount": 15},
			{"hour": "4", "unlockCount": 4},
			{"hour": "5", "unlockCount": 4},
			{"hour": "6", "unlockCount": 7},
			{"hour": "7", "unlockCount": 6},
			{"hour": "8", "unlockCount": 5},
			{"hour": "9", "unlockCount": 14},
			{"hour": "10", "unlockCount": 17},
			{"hour": "11", "unlockCount": 6},
			{"hour": "12", "unlockCount": 6},
			{"hour": "13", "unlockCount": 13},
			{"hour": "14", "unlockCount": 7},
			{"hour": "15", "unlockCount": 3},
			{"hour": "16", "unlockCount": 2},
			{"hour": "17", "unlockCount": 1},
			{"hour": "18", "unlockCount": 0},
			{"hour": "19", "unlockCount": 0},
			{"hour": "20", "unlockCount": 0},
			{"hour": "21", "unlockCount": 0},
			{"hour": "22", "unlockCount": 5},
			{"hour": "23", "unlockCount": 13}
		]
	},
	{
		"date": 2,
		"maxTime": 26,
		"totalUnlockCount": 158,
		"keys": [
			{"hour": "0", "unlockCount": 21},
			{"hour": "1", "unlockCount": 11},
			{"hour": "2", "unlockCount": 3},
			{"hour": "3", "unlockCount": 18},
			{"hour": "4", "unlockCount": 7},
			{"hour": "5", "unlockCount": 6},
			{"hour": "6", "unlockCount": 6},
			{"hour": "7", "unlockCount": 2},
			{"hour": "8", "unlockCount": 3},
			{"hour": "9", "unlockCount": 12},
			{"hour": "10", "unlockCount": 23},
			{"hour": "11", "unlockCount": 14},
			{"hour": "12", "unlockCount": 4},
			{"hour": "13", "unlockCount": 5},
			{"hour": "14", "unlockCount": 6},
			{"hour": "15", "unlockCount": 3},
			{"hour": "16", "unlockCount": 5},
			{"hour": "17", "unlockCount": 0},
			{"hour": "18", "unlockCount": 0},
			{"hour": "19", "unlockCount": 0},
			{"hour": "20", "unlockCount": 0},
			{"hour": "21", "unlockCount": 0},
			{"hour": "22", "unlockCount": 2},
			{"hour": "23", "unlockCount": 7}
		]
	},
	{
		"date": 3,
		"maxTime": 170,
		"totalUnlockCount": 111,
		"keys": [
			{"hour": "0", "unlockCount": 10},
			{"hour": "1", "unlockCount": 3},
			{"hour": "2", "unlockCount": 4},
			{"hour": "3", "unlockCount": 2},
			{"hour": "4", "unlockCount": 6},
			{"hour": "5", "unlockCount": 0},
			{"hour": "6", "unlockCount": 0},
			{"hour": "7", "unlockCount": 9},
			{"hour": "8", "unlockCount": 14},
			{"hour": "9", "unlockCount": 13},
			{"hour": "10", "unlockCount": 9},
			{"hour": "11", "unlockCount": 7},
			{"hour": "12", "unlockCount": 5},
			{"hour": "13", "unlockCount": 3},
			{"hour": "14", "unlockCount": 5},
			{"hour": "15", "unlockCount": 7},
			{"hour": "16", "unlockCount": 3},
			{"hour": "17", "unlockCount": 3},
			{"hour": "18", "unlockCount": 0},
			{"hour": "19", "unlockCount": 0},
			{"hour": "20", "unlockCount": 1},
			{"hour": "21", "unlockCount": 5},
			{"hour": "22", "unlockCount": 2},
			{"hour": "23", "unlockCount": 0}
		]
	},
	{
		"date": 4,
		"maxTime": 31,
		"totalUnlockCount": 81,
		"keys": [
			{"hour": "0", "unlockCount": 12},
			{"hour": "1", "unlockCount": 3},
			{"hour": "2", "unlockCount": 4},
			{"hour": "3", "unlockCount": 3},
			{"hour": "4", "unlockCount": 4},
			{"hour": "5", "unlockCount": 3},
			{"hour": "6", "unlockCount": 4},
			{"hour": "7", "unlockCount": 5},
			{"hour": "8", "unlockCount": 3},
			{"hour": "9", "unlockCount": 12},
			{"hour": "10", "unlockCount": 1},
			{"hour": "11", "unlockCount": 1},
			{"hour": "12", "unlockCount": 5},
			{"hour": "13", "unlockCount": 3},
			{"hour": "14", "unlockCount": 4},
			{"hour": "15", "unlockCount": 3},
			{"hour": "16", "unlockCount": 6},
			{"hour": "17", "unlockCount": 2},
			{"hour": "18", "unlockCount": 0},
			{"hour": "19", "unlockCount": 0},
			{"hour": "20", "unlockCount": 0},
			{"hour": "21", "unlockCount": 3},
			{"hour": "22", "unlockCount": 0},
			{"hour": "23", "unlockCount": 0}
		]
	},
	{
		"date": 5,
		"maxTime": 13,
		"totalUnlockCount": 89,
		"keys": [
			{"hour": "0", "unlockCount": 13},
			{"hour": "1", "unlockCount": 2},
			{"hour": "2", "unlockCount": 9},
			{"hour": "3", "unlockCount": 2},
			{"hour": "4", "unlockCount": 2},
			{"hour": "5", "unlockCount": 5},
			{"hour": "6", "unlockCount": 3},
			{"hour": "7", "unlockCount": 3},
			{"hour": "8", "unlockCount": 4},
			{"hour": "9", "unlockCount": 0},
			{"hour": "10", "unlockCount": 0},
			{"hour": "11", "unlockCount": 10},
			{"hour": "12", "unlockCount": 7},
			{"hour": "13", "unlockCount": 7},
			{"hour": "14", "unlockCount": 2},
			{"hour": "15", "unlockCount": 5},
			{"hour": "16", "unlockCount": 5},
			{"hour": "17", "unlockCount": 5},
			{"hour": "18", "unlockCount": 0},
			{"hour": "19", "unlockCount": 0},
			{"hour": "20", "unlockCount": 0},
			{"hour": "21", "unlockCount": 0},
			{"hour": "22", "unlockCount": 2},
			{"hour": "23", "unlockCount": 3}
		]
	},
	{
		"date": 6,
		"maxTime": 51,
		"totalUnlockCount": 158,
		"keys": [
			{"hour": "0", "unlockCount": 9},
			{"hour": "1", "unlockCount": 16},
			{"hour": "2", "unlockCount": 8},
			{"hour": "3", "unlockCount": 7},
			{"hour": "4", "unlockCount": 5},
			{"hour": "5", "unlockCount": 6},
			{"hour": "6", "unlockCount": 4},
			{"hour": "7", "unlockCount": 3},
			{"hour": "8", "unlockCount": 4},
			{"hour": "9", "unlockCount": 2},
			{"hour": "10", "unlockCount": 16},
			{"hour": "11", "unlockCount": 15},
			{"hour": "12", "unlockCount": 11},
			{"hour": "13", "unlockCount": 14},
			{"hour": "14", "unlockCount": 2},
			{"hour": "15", "unlockCount": 12},
			{"hour": "16", "unlockCount": 12},
			{"hour": "17", "unlockCount": 0},
			{"hour": "18", "unlockCount": 1},
			{"hour": "19", "unlockCount": 0},
			{"hour": "20", "unlockCount": 0},
			{"hour": "21", "unlockCount": 0},
			{"hour": "22", "unlockCount": 1},
			{"hour": "23", "unlockCount": 10}
		]
	},
	{
		"date": 7,
		"maxTime": 81,
		"totalUnlockCount": 105,
		"keys": [
			{"hour": "0", "unlockCount": 17},
			{"hour": "1", "unlockCount": 22},
			{"hour": "2", "unlockCount": 9},
			{"hour": "3", "unlockCount": 1},
			{"hour": "4", "unlockCount": 4},
			{"hour": "5", "unlockCount": 2},
			{"hour": "6", "unlockCount": 4},
			{"hour": "7", "unlockCount": 9},
			{"hour": "8", "unlockCount": 9},
			{"hour": "9", "unlockCount": 6},
			{"hour": "10", "unlockCount": 14},
			{"hour": "11", "unlockCount": 1},
			{"hour": "12", "unlockCount": 5},
			{"hour": "13", "unlockCount": 2},
			{"hour": "14", "unlockCount": 0},
			{"hour": "15", "unlockCount": 0},
			{"hour": "16", "unlockCount": 0},
			{"hour": "17", "unlockCount": 0},
			{"hour": "18", "unlockCount": 0},
			{"hour": "19", "unlockCount": 0},
			{"hour": "20", "unlockCount": 0},
			{"hour": "21", "unlockCount": 0},
			{"hour": "22", "unlockCount": 0},
			{"hour": "23", "unlockCount": 0}
		]
	}
]
