[
	{
		"date": 1,
		"maxTime": 30,
		"totalUnlockCount": 187,
		"keys": [
			{"hour": "0", "unlockCount": 15},
			{"hour": "1", "unlockCount": 23},
			{"hour": "2", "unlockCount": 25},
			{"hour": "3", "unlockCount": 14},
			{"hour": "4", "unlockCount": 16},
			{"hour": "5", "unlockCount": 16},
			{"hour": "6", "unlockCount": 8},
			{"hour": "7", "unlockCount": 3},
			{"hour": "8", "unlockCount": 13},
			{"hour": "9", "unlockCount": 14},
			{"hour": "10", "unlockCount": 10},
			{"hour": "11", "unlockCount": 10},
			{"hour": "12", "unlockCount": 3},
			{"hour": "13", "unlockCount": 4},
			{"hour": "14", "unlockCount": 5},
			{"hour": "15", "unlockCount": 0},
			{"hour": "16", "unlockCount": 3},
			{"hour": "17", "unlockCount": 2},
			{"hour": "18", "unlockCount": 0},
			{"hour": "19", "unlockCount": 0},
			{"hour": "20", "unlockCount": 0},
			{"hour": "21", "unlockCount": 0},
			{"hour": "22", "unlockCount": 0},
			{"hour": "23", "unlockCount": 3}
		]
	},
	{
		"date": 2,
		"maxTime": 75,
		"totalUnlockCount": 182,
		"keys": [
			{"hour": "0", "unlockCount": 2},
			{"hour": "1", "unlockCount": 1},
			{"hour": "2", "unlockCount": 8},
			{"hour": "3", "unlockCount": 16},
			{"hour": "4", "unlockCount": 7},
			{"hour": "5", "unlockCount": 8},
			{"hour": "6", "unlockCount": 3},
			{"hour": "7", "unlockCount": 10},
			{"hour": "8", "unlockCount": 24},
			{"hour": "9", "unlockCount": 18},
			{"hour": "10", "unlockCount": 23},
			{"hour": "11", "unlockCount": 15},
			{"hour": "12", "unlockCount": 5},
			{"hour": "13", "unlockCount": 7},
			{"hour": "14", "unlockCount": 7},
			{"hour": "15", "unlockCount": 1},
			{"hour": "16", "unlockCount": 4},
			{"hour": "17", "unlockCount": 0},
			{"hour": "18", "unlockCount": 0},
			{"hour": "19", "unlockCount": 0},
			{"hour": "20", "unlockCount": 0},
			{"hour": "21", "unlockCount": 0},
			{"hour": "22", "unlockCount": 9},
			{"hour": "23", "unlockCount": 14}
		]
	},
	{
		"date": 3,
		"maxTime": 26,
		"totalUnlockCount": 216,
		"keys": [
			{"hour": "0", "unlockCount": 10},
			{"hour": "1", "unlockCount": 14},
			{"hour": "2", "unlockCount": 10},
			{"hour": "3", "unlockCount": 9},
			{"hour": "4", "unlockCount": 12},
			{"hour": "5", "unlockCount": 17},
			{"hour": "6", "unlockCount": 7},
			{"hour": "7", "unlockCount": 6},
			{"hour": "8", "unlockCount": 10},
			{"hour": "9", "unlockCount": 34},
			{"hour": "10", "unlockCount": 12},
			{"hour": "11", "unlockCount": 7},
			{"hour": "12", "unlockCount": 30},
			{"hour": "13", "unlockCount": 14},
			{"hour": "14", "unlockCount": 3},
			{"hour": "15", "unlockCount": 2},
			{"hour": "16", "unlockCount": 2},
			{"hour": "17", "unlockCount": 3},
			{"hour": "18", "unlockCount": 0},
			{"hour": "19", "unlockCount": 0},
			{"hour": "20", "unlockCount": 0},
			{"hour": "21", "unlockCount": 0},
			{"hour": "22", "unlockCount": 3},
			{"hour": "23", "unlockCount": 11}
		]
	},
	{
		"date": 4,
		"maxTime": 162,
		"totalUnlockCount": 129,
		"keys": [
			{"hour": "0", "unlockCount": 4},
			{"hour": "1", "unlockCount": 3},
			{"hour": "2", "unlockCount": 0},
			{"hour": "3", "unlockCount": 1},
			{"hour": "4", "unlockCount": 8},
			{"hour": "5", "unlockCount": 14},
			{"hour": "6", "unlockCount": 13},
			{"hour": "7", "unlockCount": 9},
			{"hour": "8", "unlockCount": 3},
			{"hour": "9", "unlockCount": 6},
			{"hour": "10", "unlockCount": 3},
			{"hour": "11", "unlockCount": 10},
			{"hour": "12", "unlockCount": 10},
			{"hour": "13", "unlockCount": 7},
			{"hour": "14", "unlockCount": 11},
			{"hour": "15", "unlockCount": 7},
			{"hour": "16", "unlockCount": 10},
			{"hour": "17", "unlockCount": 2},
			{"hour": "18", "unlockCount": 2},
			{"hour": "19", "unlockCount": 0},
			{"hour": "20", "unlockCount": 0},
			{"hour": "21", "unlockCount": 0},
			{"hour": "22", "unlockCount": 1},
			{"hour": "23", "unlockCount": 5}
		]
	},
	{
		"date": 5,
		"maxTime": 64,
		"totalUnlockCount": 114,
		"keys": [
			{"hour": "0", "unlockCount": 1},
			{"hour": "1", "unlockCount": 1},
			{"hour": "2", "unlockCount": 1},
			{"hour": "3", "unlockCount": 3},
			{"hour": "4", "unlockCount": 2},
			{"hour": "5", "unlockCount": 1},
			{"hour": "6", "unlockCount": 1},
			{"hour": "7", "unlockCount": 9},
			{"hour": "8", "unlockCount": 8},
			{"hour": "9", "unlockCount": 11},
			{"hour": "10", "unlockCount": 7},
			{"hour": "11", "unlockCount": 6},
			{"hour": "12", "unlockCount": 10},
			{"hour": "13", "unlockCount": 1},
			{"hour": "14", "unlockCount": 2},
			{"hour": "15", "unlockCount": 9},
			{"hour": "16", "unlockCount": 7},
			{"hour": "17", "unlockCount": 4},
			{"hour": "18", "unlockCount": 3},
			{"hour": "19", "unlockCount": 0},
			{"hour": "20", "unlockCount": 0},
			{"hour": "21", "unlockCount": 6},
			{"hour": "22", "unlockCount": 12},
			{"hour": "23", "unlockCount": 9}
		]
	},
	{
		"date": 6,
		"maxTime": 18,
		"totalUnlockCount": 168,
		"keys": [
			{"hour": "0", "unlockCount": 6},
			{"hour": "1", "unlockCount": 4},
			{"hour": "2", "unlockCount": 18},
			{"hour": "3", "unlockCount": 16},
			{"hour": "4", "unlockCount": 17},
			{"hour": "5", "unlockCount": 0},
			{"hour": "6", "unlockCount": 1},
			{"hour": "7", "unlockCount": 18},
			{"hour": "8", "unlockCount": 12},
			{"hour": "9", "unlockCount": 5},
			{"hour": "10", "unlockCount": 11},
			{"hour": "11", "unlockCount": 17},
			{"hour": "12", "unlockCount": 13},
			{"hour": "13", "unlockCount": 3},
			{"hour": "14", "unlockCount": 5},
			{"hour": "15", "unlockCount": 15},
			{"hour": "16", "unlockCount": 2},
			{"hour": "17", "unlockCount": 0},
			{"hour": "18", "unlockCount": 0},
			{"hour": "19", "unlockCount": 0},
			{"hour": "20", "unlockCount": 0},
			{"hour": "21", "unlockCount": 0},
			{"hour": "22", "unlockCount": 1},
			{"hour": "23", "unlockCount": 4}
		]
	},
	{
		"date": 7,
		"maxTime": 19,
		"totalUnlockCount": 289,
		"keys": [
			{"hour": "0", "unlockCount": 22},
			{"hour": "1", "unlockCount": 13},
			{"hour": "2", "unlockCount": 14},
			{"hour": "3", "unlockCount": 25},
			{"hour": "4", "unlockCount": 15},
			{"hour": "5", "unlockCount": 11},
			{"hour": "6", "unlockCount": 8},
			{"hour": "7", "unlockCount": 14},
			{"hour": "8", "unlockCount": 26},
			{"hour": "9", "unlockCount": 18},
			{"hour": "10", "unlockCount": 11},
			{"hour": "11", "unlockCount": 10},
			{"hour": "12", "unlockCount": 31},
			{"hour": "13", "unlockCount": 13},
			{"hour": "14", "unlockCount": 22},
			{"hour": "15", "unlockCount": 12},
			{"hour": "16", "unlockCount": 3},
			{"hour": "17", "unlockCount": 1},
			{"hour": "18", "unlockCount": 1},
			{"hour": "19", "unlockCount": 0},
			{"hour": "20", "unlockCount": 0},
			{"hour": "21", "unlockCount": 0},
			{"hour": "22", "unlockCount": 4},
			{"hour": "23", "unlockCount": 15}
		]
	}
]
