[
	{
		"date": 1,
		"maxTime": 31,
		"totalUnlockCount": 191,
		"keys": [
			{"hour": "0", "unlockCount": 3},
			{"hour": "1", "unlockCount": 12},
			{"hour": "2", "unlockCount": 20},
			{"hour": "3", "unlockCount": 11},
			{"hour": "4", "unlockCount": 16},
			{"hour": "5", "unlockCount": 14},
			{"hour": "6", "unlockCount": 11},
			{"hour": "7", "unlockCount": 25},
			{"hour": "8", "unlockCount": 7},
			{"hour": "9", "unlockCount": 10},
			{"hour": "10", "unlockCount": 19},
			{"hour": "11", "unlockCount": 5},
			{"hour": "12", "unlockCount": 6},
			{"hour": "13", "unlockCount": 4},
			{"hour": "14", "unlockCount": 12},
			{"hour": "15", "unlockCount": 3},
			{"hour": "16", "unlockCount": 9},
			{"hour": "17", "unlockCount": 0},
			{"hour": "18", "unlockCount": 0},
			{"hour": "19", "unlockCount": 3},
			{"hour": "20", "unlockCount": 0},
			{"hour": "21", "unlockCount": 0},
			{"hour": "22", "unlockCount": 0},
			{"hour": "23", "unlockCount": 1}
		]
	},
	{
		"date": 2,
		"maxTime": 29,
		"totalUnlockCount": 234,
		"keys": [
			{"hour": "0", "unlockCount": 1},
			{"hour": "1", "unlockCount": 14},
			{"hour": "2", "unlockCount": 11},
			{"hour": "3", "unlockCount": 20},
			{"hour": "4", "unlockCount": 15},
			{"hour": "5", "unlockCount": 16},
			{"hour": "6", "unlockCount": 16},
			{"hour": "7", "unlockCount": 7},
			{"hour": "8", "unlockCount": 24},
			{"hour": "9", "unlockCount": 19},
			{"hour": "10", "unlockCount": 14},
			{"hour": "11", "unlockCount": 1},
			{"hour": "12", "unlockCount": 7},
			{"hour": "13", "unlockCount": 18},
			{"hour": "14", "unlockCount": 19},
			{"hour": "15", "unlockCount": 9},
			{"hour": "16", "unlockCount": 8},
			{"hour": "17", "unlockCount": 1},
			{"hour": "18", "unlockCount": 13},
			{"hour": "19", "unlockCount": 1},
			{"hour": "20", "unlockCount": 0},
			{"hour": "21", "unlockCount": 0},
			{"hour": "22", "unlockCount": 0},
			{"hour": "23", "unlockCount": 0}
		]
	},
	{
		"date": 3,
		"maxTime": 74,
		"totalUnlockCount": 142,
		"keys": [
			{"hour": "0", "unlockCount": 0},
			{"hour": "1", "unlockCount": 0},
			{"hour": "2", "unlockCount": 0},
			{"hour": "3", "unlockCount": 0},
			{"hour": "4", "unlockCount": 1},
			{"hour": "5", "unlockCount": 15},
			{"hour": "6", "unlockCount": 13},
			{"hour": "7", "unlockCount": 5},
			{"hour": "8", "unlockCount": 11},
			{"hour": "9", "unlockCount": 20},
			{"hour": "10", "unlockCount": 8},
			{"hour": "11", "unlockCount": 6},
			{"hour": "12", "unlockCount": 6},
			{"hour": "13", "unlockCount": 5},
			{"hour": "14", "unlockCount": 1},
			{"hour": "15", "unlockCount": 11},
			{"hour": "16", "unlockCount": 15},
			{"hour": "17", "unlockCount": 18},
			{"hour": "18", "unlockCount": 4},
			{"hour": "19", "unlockCount": 3},
			{"hour": "20", "unlockCount": 0},
			{"hour": "21", "unlockCount": 0},
			{"hour": "22", "unlockCount": 0},
			{"hour": "23", "unlockCount": 0}
		]
	},
	{
		"date": 4,
		"maxTime": 45,
		"totalUnlockCount": 103,
		"keys": [
			{"hour": "0", "unlockCount": 1},
			{"hour": "1", "unlockCount": 2},
			{"hour": "2", "unlockCount": 6},
			{"hour": "3", "unlockCount": 14},
			{"hour": "4", "unlockCount": 4},
			{"hour": "5", "unlockCount": 11},
			{"hour": "6", "unlockCount": 23},
			{"hour": "7", "unlockCount": 14},
			{"hour": "8", "unlockCount": 3},
			{"hour": "9", "unlockCount": 4},
			{"hour": "10", "unlockCount": 1},
			{"hour": "11", "unlockCount": 2},
			{"hour": "12", "unlockCount": 3},
			{"hour": "13", "unlockCount": 4},
			{"hour": "14", "unlockCount": 0},
			{"hour": "15", "unlockCount": 2},
			{"hour": "16", "unlockCount": 8},
			{"hour": "17", "unlockCount": 0},
			{"hour": "18", "unlockCount": 0},
			{"hour": "19", "unlockCount": 0},
			{"hour": "20", "unlockCount": 0},
			{"hour": "21", "unlockCount": 0},
			{"hour": "22", "unlockCount": 0},
			{"hour": "23", "unlockCount": 1}
		]
	},
	{
		"date": 5,
		"maxTime": 65,
		"totalUnlockCount": 72,
		"keys": [
			{"hour": "0", "unlockCount": 1},
			{"hour": "1", "unlockCount": 1},
			{"hour": "2", "unlockCount": 2},
			{"hour": "3", "unlockCount": 5},
			{"hour": "4", "unlockCount": 3},
			{"hour": "5", "unlockCount": 2},
			{"hour": "6", "unlockCount": 2},
			{"hour": "7", "unlockCount": 3},
			{"hour": "8", "unlockCount": 2},
			{"hour": "9", "unlockCount": 4},
			{"hour": "10", "unlockCount": 1},
			{"hour": "11", "unlockCount": 3},
			{"hour": "12", "unlockCount": 12},
			{"hour": "13", "unlockCount": 11},
			{"hour": "14", "unlockCount": 6},
			{"hour": "15", "unlockCount": 2},
			{"hour": "16", "unlockCount": 1},
			{"hour": "17", "unlockCount": 0},
			{"hour": "18", "unlockCount": 0},
			{"hour": "19", "unlockCount": 0},
			{"hour": "20", "unlockCount": 0},
			{"hour": "21", "unlockCount": 0},
			{"hour": "22", "unlockCount": 0},
			{"hour": "23", "unlockCount": 11}
		]
	},
	{
		"date": 6,
		"maxTime": 71,
		"totalUnlockCount": 184,
		"keys": [
			{"hour": "0", "unlockCount": 5},
			{"hour": "1", "unlockCount": 4},
			{"hour": "2", "unlockCount": 21},
			{"hour": "3", "unlockCount": 9},
			{"hour": "4", "unlockCount": 6},
			{"hour": "5", "unlockCount": 8},
			{"hour": "6", "unlockCount": 10},
			{"hour": "7", "unlockCount": 0},
			{"hour": "8", "unlockCount": 8},
			{"hour": "9", "unlockCount": 21},
			{"hour": "10", "unlockCount": 29},
			{"hour": "11", "unlockCount": 3},
			{"hour": "12", "unlockCount": 4},
			{"hour": "13", "unlockCount": 5},
			{"hour": "14", "unlockCount": 2},
			{"hour": "15", "unlockCount": 5},
			{"hour": "16", "unlockCount": 32},
			{"hour": "17", "unlockCount": 4},
			{"hour": "18", "unlockCount": 0},
			{"hour": "19", "unlockCount": 0},
			{"hour": "20", "unlockCount": 0},
			{"hour": "21", "unlockCount": 0},
			{"hour": "22", "unlockCount": 0},
			{"hour": "23", "unlockCount": 8}
		]
	},
	{
		"date": 7,
		"maxTime": 23,
		"totalUnlockCount": 156,
		"keys": [
			{"hour": "0", "unlockCount": 9},
			{"hour": "1", "unlockCount": 8},
			{"hour": "2", "unlockCount": 14},
			{"hour": "3", "unlockCount": 7},
			{"hour": "4", "unlockCount": 2},
			{"hour": "5", "unlockCount": 3},
			{"hour": "6", "unlockCount": 7},
			{"hour": "7", "unlockCount": 1},
			{"hour": "8", "unlockCount": 26},
			{"hour": "9", "unlockCount": 8},
			{"hour": "10", "unlockCount": 10},
			{"hour": "11", "unlockCount": 3},
			{"hour": "12", "unlockCount": 25},
			{"hour": "13", "unlockCount": 32},
			{"hour": "14", "unlockCount": 1},
			{"hour": "15", "unlockCount": 0},
			{"hour": "16", "unlockCount": 0},
			{"hour": "17", "unlockCount": 0},
			{"hour": "18", "unlockCount": 0},
			{"hour": "19", "unlockCount": 0},
			{"hour": "20", "unlockCount": 0},
			{"hour": "21", "unlockCount": 0},
			{"hour": "22", "unlockCount": 0},
			{"hour": "23", "unlockCount": 0}
		]
	}
]
