[
	{
		"date": 1,
		"maxTime": 13,
		"totalUnlockCount": 240,
		"keys": [
			{"hour": "0", "unlockCount": 8},
			{"hour": "1", "unlockCount": 16},
			{"hour": "2", "unlockCount": 11},
			{"hour": "3", "unlockCount": 17},
			{"hour": "4", "unlockCount": 7},
			{"hour": "5", "unlockCount": 10},
			{"hour": "6", "unlockCount": 3},
			{"hour": "7", "unlockCount": 1},
			{"hour": "8", "unlockCount": 2},
			{"hour": "9", "unlockCount": 3},
			{"hour": "10", "unlockCount": 10},
			{"hour": "11", "unlockCount": 1},
			{"hour": "12", "unlockCount": 5},
			{"hour": "13", "unlockCount": 19},
			{"hour": "14", "unlockCount": 5},
			{"hour": "15", "unlockCount": 24},
			{"hour": "16", "unlockCount": 17},
			{"hour": "17", "unlockCount": 8},
			{"hour": "18", "unlockCount": 1},
			{"hour": "19", "unlockCount": 12},
			{"hour": "20", "unlockCount": 18},
			{"hour": "21", "unlockCount": 20},
			{"hour": "22", "unlockCount": 13},
			{"hour": "23", "unlockCount": 9}
		]
	},
	{
		"date": 2,
		"maxTime": 42,
		"totalUnlockCount": 299,
		"keys": [
			{"hour": "0", "unlockCount": 4},
			{"hour": "1", "unlockCount": 6},
			{"hour": "2", "unlockCount": 7},
			{"hour": "3", "unlockCount": 9},
			{"hour": "4", "unlockCount": 9},
			{"hour": "5", "unlockCount": 15},
			{"hour": "6", "unlockCount": 15},
			{"hour": "7", "unlockCount": 9},
			{"hour": "8", "unlockCount": 14},
			{"hour": "9", "unlockCount": 20},
			{"hour": "10", "unlockCount": 11},
			{"hour": "11", "unlockCount": 8},
			{"hour": "12", "unlockCount": 14},
			{"hour": "13", "unlockCount": 16},
			{"hour": "14", "unlockCount": 21},
			{"hour": "15", "unlockCount": 61},
			{"hour": "16", "unlockCount": 23},
			{"hour": "17", "unlockCount": 9},
			{"hour": "18", "unlockCount": 23},
			{"hour": "19", "unlockCount": 4},
			{"hour": "20", "unlockCount": 0},
			{"hour": "21", "unlockCount": 1},
			{"hour": "22", "unlockCount": 0},
			{"hour": "23", "unlockCount": 0}
		]
	},
	{
		"date": 3,
		"maxTime": 139,
		"totalUnlockCount": 158,
		"keys": [
			{"hour": "0", "unlockCount": 9},
			{"hour": "1", "unlockCount": 6},
			{"hour": "2", "unlockCount": 7},
			{"hour": "3", "unlockCount": 5},
			{"hour": "4", "unlockCount": 0},
			{"hour": "5", "unlockCount": 2},
			{"hour": "6", "unlockCount": 6},
			{"hour": "7", "unlockCount": 12},
			{"hour": "8", "unlockCount": 9},
			{"hour": "9", "unlockCount": 11},
			{"hour": "10", "unlockCount": 10},
			{"hour": "11", "unlockCount": 3},
			{"hour": "12", "unlockCount": 4},
			{"hour": "13", "unlockCount": 6},
			{"hour": "14", "unlockCount": 25},
			{"hour": "15", "unlockCount": 5},
			{"hour": "16", "unlockCount": 18},
			{"hour": "17", "unlockCount": 2},
			{"hour": "18", "unlockCount": 1},
			{"hour": "19", "unlockCount": 2},
			{"hour": "20", "unlockCount": 2},
			{"hour": "21", "unlockCount": 1},
			{"hour": "22", "unlockCount": 4},
			{"hour": "23", "unlockCount": 8}
		]
	},
	{
		"date": 4,
		"maxTime": 59,
		"totalUnlockCount": 154,
		"keys": [
			{"hour": "0", "unlockCount": 12},
			{"hour": "1", "unlockCount": 6},
			{"hour": "2", "unlockCount": 6},
			{"hour": "3", "unlockCount": 3},
			{"hour": "4", "unlockCount": 6},
			{"hour": "5", "unlockCount": 4},
			{"hour": "6", "unlockCount": 11},
			{"hour": "7", "unlockCount": 16},
			{"hour": "8", "unlockCount": 15},
			{"hour": "9", "unlockCount": 6},
			{"hour": "10", "unlockCount": 19},
			{"hour": "11", "unlockCount": 2},
			{"hour": "12", "unlockCount": 6},
			{"hour": "13", "unlockCount": 2},
			{"hour": "14", "unlockCount": 3},
			{"hour": "15", "unlockCount": 1},
			{"hour": "16", "unlockCount": 13},
			{"hour": "17", "unlockCount": 0},
			{"hour": "18", "unlockCount": 2},
			{"hour": "19", "unlockCount": 5},
			{"hour": "20", "unlockCount": 1},
			{"hour": "21", "unlockCount": 0},
			{"hour": "22", "unlockCount": 8},
			{"hour": "23", "unlockCount": 7}
		]
	},
	{
		"date": 5,
		"maxTime": 45,
		"totalUnlockCount": 233,
		"keys": [
			{"hour": "0", "unlockCount": 0},
			{"hour": "1", "unlockCount": 6},
			{"hour": "2", "unlockCount": 4},
			{"hour": "3", "unlockCount": 2},
			{"hour": "4", "unlockCount": 6},
			{"hour": "5", "unlockCount": 7},
			{"hour": "6", "unlockCount": 4},
			{"hour": "7", "unlockCount": 4},
			{"hour": "8", "unlockCount": 12},
			{"hour": "9", "unlockCount": 14},
			{"hour": "10", "unlockCount": 3},
			{"hour": "11", "unlockCount": 14},
			{"hour": "12", "unlockCount": 30},
			{"hour": "13", "unlockCount": 34},
			{"hour": "14", "unlockCount": 26},
			{"hour": "15", "unlockCount": 15},
			{"hour": "16", "unlockCount": 8},
			{"hour": "17", "unlockCount": 12},
			{"hour": "18", "unlockCount": 10},
			{"hour": "19", "unlockCount": 8},
			{"hour": "20", "unlockCount": 0},
			{"hour": "21", "unlockCount": 1},
			{"hour": "22", "unlockCount": 7},
			{"hour": "23", "unlockCount": 6}
		]
	},
	{
		"date": 6,
		"maxTime": 22,
		"totalUnlockCount": 280,
		"keys": [
			{"hour": "0", "unlockCount": 16},
			{"hour": "1", "unlockCount": 15},
			{"hour": "2", "unlockCount": 45},
			{"hour": "3", "unlockCount": 22},
			{"hour": "4", "unlockCount": 15},
			{"hour": "5", "unlockCount": 7},
			{"hour": "6", "unlockCount": 14},
			{"hour": "7", "unlockCount": 14},
			{"hour": "8", "unlockCount": 15},
			{"hour": "9", "unlockCount": 11},
			{"hour": "10", "unlockCount": 13},
			{"hour": "11", "unlockCount": 10},
			{"hour": "12", "unlockCount": 12},
			{"hour": "13", "unlockCount": 15},
			{"hour": "14", "unlockCount": 10},
			{"hour": "15", "unlockCount": 22},
			{"hour": "16", "unlockCount": 11},
			{"hour": "17", "unlockCount": 8},
			{"hour": "18", "unlockCount": 0},
			{"hour": "19", "unlockCount": 0},
			{"hour": "20", "unlockCount": 0},
			{"hour": "21", "unlockCount": 0},
			{"hour": "22", "unlockCount": 3},
			{"hour": "23", "unlockCount": 2}
		]
	},
	{
		"date": 7,
		"maxTime": 10,
		"totalUnlockCount": 256,
		"keys": [
			{"hour": "0", "unlockCount": 1},
			{"hour": "1", "unlockCount": 11},
			{"hour": "2", "unlockCount": 26},
			{"hour": "3", "unlockCount": 17},
			{"hour": "4", "unlockCount": 24},
			{"hour": "5", "unlockCount": 10},
			{"hour": "6", "unlockCount": 18},
			{"hour": "7", "unlockCount": 16},
			{"hour": "8", "unlockCount": 29},
			{"hour": "9", "unlockCount": 34},
			{"hour": "10", "unlockCount": 19},
			{"hour": "11", "unlockCount": 4},
			{"hour": "12", "unlockCount": 15},
			{"hour": "13", "unlockCount": 19},
			{"hour": "14", "unlockCount": 9},
			{"hour": "15", "unlockCount": 4},
			{"hour": "16", "unlockCount": 0},
			{"hour": "17", "unlockCount": 0},
			{"hour": "18", "unlockCount": 0},
			{"hour": "19", "unlockCount": 0},
			{"hour": "20", "unlockCount": 0},
			{"hour": "21", "unlockCount": 0},
			{"hour": "22", "unlockCount": 0},
			{"hour": "23", "unlockCount": 0}
		]
	}
]
