[
	{
		"date": 1,
		"maxTime": 13,
		"totalUnlockCount": 163,
		"keys": [
			{"hour": "0", "unlockCount": 11},
			{"hour": "1", "unlockCount": 22},
			{"hour": "2", "unlockCount": 9},
			{"hour": "3", "unlockCount": 15},
			{"hour": "4", "unlockCount": 10},
			{"hour": "5", "unlockCount": 14},
			{"hour": "6", "unlockCount": 9},
			{"hour": "7", "unlockCount": 3},
			{"hour": "8", "unlockCount": 4},
			{"hour": "9", "unlockCount": 17},
			{"hour": "10", "unlockCount": 12},
			{"hour": "11", "unlockCount": 3},
			{"hour": "12", "unlockCount": 12},
			{"hour": "13", "unlockCount": 8},
			{"hour": "14", "unlockCount": 5},
			{"hour": "15", "unlockCount": 2},
			{"hour": "16", "unlockCount": 1},
			{"hour": "17", "unlockCount": 3},
			{"hour": "18", "unlockCount": 0},
			{"hour": "19", "unlockCount": 0},
			{"hour": "20", "unlockCount": 0},
			{"hour": "21", "unlockCount": 0},
			{"hour": "22", "unlockCount": 1},
			{"hour": "23", "unlockCount": 2}
		]
	},
	{
		"date": 2,
		"maxTime": 46,
		"totalUnlockCount": 186,
		"keys": [
			{"hour": "0", "unlockCount": 10},
			{"hour": "1", "unlockCount": 11},
			{"hour": "2", "unlockCount": 3},
			{"hour": "3", "unlockCount": 9},
			{"hour": "4", "unlockCount": 11},
			{"hour": "5", "unlockCount": 0},
			{"hour": "6", "unlockCount": 16},
			{"hour": "7", "unlockCount": 7},
			{"hour": "8", "unlockCount": 14},
			{"hour": "9", "unlockCount": 8},
			{"hour": "10", "unlockCount": 7},
			{"hour": "11", "unlockCount": 19},
			{"hour": "12", "unlockCount": 7},
			{"hour": "13", "unlockCount": 15},
			{"hour": "14", "unlockCount": 15},
			{"hour": "15", "unlockCount": 12},
			{"hour": "16", "unlockCount": 9},
			{"hour": "17", "unlockCount": 4},
			{"hour": "18", "unlockCount": 0},
			{"hour": "19", "unlockCount": 0},
			{"hour": "20", "unlockCount": 0},
			{"hour": "21", "unlockCount": 0},
			{"hour": "22", "unlockCount": 0},
			{"hour": "23", "unlockCount": 9}
		]
	},
	{
		"date": 3,
		"maxTime": 49,
		"totalUnlockCount": 259,
		"keys": [
			{"hour": "0", "unlockCount": 19},
			{"hour": "1", "unlockCount": 10},
			{"hour": "2", "unlockCount": 19},
			{"hour": "3", "unlockCount": 10},
			{"hour": "4", "unlockCount": 23},
			{"hour": "5", "unlockCount": 10},
			{"hour": "6", "unlockCount": 16},
			{"hour": "7", "unlockCount": 21},
			{"hour": "8", "unlockCount": 16},
			{"hour": "9", "unlockCount": 21},
			{"hour": "10", "unlockCount": 24},
			{"hour": "11", "unlockCount": 26},
			{"hour": "12", "unlockCount": 2},
			{"hour": "13", "unlockCount": 16},
			{"hour": "14", "unlockCount": 0},
			{"hour": "15", "unlockCount": 4},
			{"hour": "16", "unlockCount": 0},
			{"hour": "17", "unlockCount": 2},
			{"hour": "18", "unlockCount": 2},
			{"hour": "19", "unlockCount": 4},
			{"hour": "20", "unlockCount": 1},
			{"hour": "21", "unlockCount": 2},
			{"hour": "22", "unlockCount": 2},
			{"hour": "23", "unlockCount": 9}
		]
	},
	{
		"date": 4,
		"maxTime": 37,
		"totalUnlockCount": 154,
		"keys": [
			{"hour": "0", "unlockCount": 10},
			{"hour": "1", "unlockCount": 1},
			{"hour": "2", "unlockCount": 15},
			{"hour": "3", "unlockCount": 14},
			{"hour": "4", "unlockCount": 9},
			{"hour": "5", "unlockCount": 15},
			{"hour": "6", "unlockCount": 12},
			{"hour": "7", "unlockCount": 18},
			{"hour": "8", "unlockCount": 15},
			{"hour": "9", "unlockCount": 9},
			{"hour": "10", "unlockCount": 14},
			{"hour": "11", "unlockCount": 10},
			{"hour": "12", "unlockCount": 3},
			{"hour": "13", "unlockCount": 4},
			{"hour": "14", "unlockCount": 2},
			{"hour": "15", "unlockCount": 3},
			{"hour": "16", "unlockCount": 0},
			{"hour": "17", "unlockCount": 0},
			{"hour": "18", "unlockCount": 0},
			{"hour": "19", "unlockCount": 0},
			{"hour": "20", "unlockCount": 0},
			{"hour": "21", "unlockCount": 0},
			{"hour": "22", "unlockCount": 0},
			{"hour": "23", "unlockCount": 0}
		]
	},
	{
		"date": 5,
		"maxTime": 36,
		"totalUnlockCount": 98,
		"keys": [
			{"hour": "0", "unlockCount": 8},
			{"hour": "1", "unlockCount": 3},
			{"hour": "2", "unlockCount": 5},
			{"hour": "3", "unlockCount": 9},
			{"hour": "4", "unlockCount": 7},
			{"hour": "5", "unlockCount": 1},
			{"hour": "6", "unlockCount": 2},
			{"hour": "7", "unlockCount": 6},
			{"hour": "8", "unlockCount": 9},
			{"hour": "9", "unlockCount": 5},
			{"hour": "10", "unlockCount": 4},
			{"hour": "11", "unlockCount": 9},
			{"hour": "12", "unlockCount": 6},
			{"hour": "13", "unlockCount": 7},
			{"hour": "14", "unlockCount": 4},
			{"hour": "15", "unlockCount": 2},
			{"hour": "16", "unlockCount": 1},
			{"hour": "17", "unlockCount": 8},
			{"hour": "18", "unlockCount": 1},
			{"hour": "19", "unlockCount": 0},
			{"hour": "20", "unlockCount": 0},
			{"hour": "21", "unlockCount": 0},
			{"hour": "22", "unlockCount": 0},
			{"hour": "23", "unlockCount": 1}
		]
	},
	{
		"date": 6,
		"maxTime": 19,
		"totalUnlockCount": 226,
		"keys": [
			{"hour": "0", "unlockCount": 9},
			{"hour": "1", "unlockCount": 20},
			{"hour": "2", "unlockCount": 11},
			{"hour": "3", "unlockCount": 12},
			{"hour": "4", "unlockCount": 8},
			{"hour": "5", "unlockCount": 5},
			{"hour": "6", "unlockCount": 9},
			{"hour": "7", "unlockCount": 4},
			{"hour": "8", "unlockCount": 7},
			{"hour": "9", "unlockCount": 7},
			{"hour": "10", "unlockCount": 10},
			{"hour": "11", "unlockCount": 13},
			{"hour": "12", "unlockCount": 32},
			{"hour": "13", "unlockCount": 40},
			{"hour": "14", "unlockCount": 19},
			{"hour": "15", "unlockCount": 8},
			{"hour": "16", "unlockCount": 9},
			{"hour": "17", "unlockCount": 3},
			{"hour": "18", "unlockCount": 0},
			{"hour": "19", "unlockCount": 0},
			{"hour": "20", "unlockCount": 0},
			{"hour": "21", "unlockCount": 0},
			{"hour": "22", "unlockCount": 0},
			{"hour": "23", "unlockCount": 0}
		]
	},
	{
		"date": 7,
		"maxTime": 42,
		"totalUnlockCount": 175,
		"keys": [
			{"hour": "0", "unlockCount": 13},
			{"hour": "1", "unlockCount": 14},
			{"hour": "2", "unlockCount": 22},
			{"hour": "3", "unlockCount": 23},
			{"hour": "4", "unlockCount": 26},
			{"hour": "5", "unlockCount": 13},
			{"hour": "6", "unlockCount": 14},
			{"hour": "7", "unlockCount": 8},
			{"hour": "8", "unlockCount": 5},
			{"hour": "9", "unlockCount": 9},
			{"hour": "10", "unlockCount": 13},
			{"hour": "11", "unlockCount": 2},
			{"hour": "12", "unlockCount": 7},
			{"hour": "13", "unlockCount": 6},
			{"hour": "14", "unlockCount": 0},
			{"hour": "15", "unlockCount": 0},
			{"hour": "16", "unlockCount": 0},
			{"hour": "17", "unlockCount": 0},
			{"hour": "18", "unlockCount": 0},
			{"hour": "19", "unlockCount": 0},
			{"hour": "20", "unlockCount": 0},
			{"hour": "21", "unlockCount": 0},
			{"hour": "22", "unlockCount": 0},
			{"hour": "23", "unlockCount": 0}
		]
	}
]
