[
	{
		"date": 1,
		"maxTime": 39,
		"totalUnlockCount": 260,
		"keys": [
			{"hour": "0", "unlockCount": 6},
			{"hour": "1", "unlockCount": 16},
			{"hour": "2", "unlockCount": 9},
			{"hour": "3", "unlockCount": 15},
			{"hour": "4", "unlockCount": 6},
			{"hour": "5", "unlockCount": 21},
			{"hour": "6", "unlockCount": 4},
			{"hour": "7", "unlockCount": 8},
			{"hour": "8", "unlockCount": 19},
			{"hour": "9", "unlockCount": 48},
			{"hour": "10", "unlockCount": 25},
			{"hour": "11", "unlockCount": 16},
			{"hour": "12", "unlockCount": 11},
			{"hour": "13", "unlockCount": 23},
			{"hour": "14", "unlockCount": 15},
			{"hour": "15", "unlockCount": 10},
			{"hour": "16", "unlockCount": 4},
			{"hour": "17", "unlockCount": 4},
			{"hour": "18", "unlockCount": 0},
			{"hour": "19", "unlockCount": 0},
			{"hour": "20", "unlockCount": 0},
			{"hour": "21", "unlockCount": 0},
			{"hour": "22", "unlockCount": 0},
			{"hour": "23", "unlockCount": 0}
		]
	},
	{
		"date": 2,
		"maxTime": 40,
		"totalUnlockCount": 252,
		"keys": [
			{"hour": "0", "unlockCount": 4},
			{"hour": "1", "unlockCount": 14},
			{"hour": "2", "unlockCount": 15},
			{"hour": "3", "unlockCount": 18},
			{"hour": "4", "unlockCount": 19},
			{"hour": "5", "unlockCount": 29},
			{"hour": "6", "unlockCount": 9},
			{"hour": "7", "unlockCount": 15},
			{"hour": "8", "unlockCount": 19},
			{"hour": "9", "unlockCount": 16},
			{"hour": "10", "unlockCount": 3},
			{"hour": "11", "unlockCount": 16},
			{"hour": "12", "unlockCount": 13},
			{"hour": "13", "unlockCount": 18},
			{"hour": "14", "unlockCount": 13},
			{"hour": "15", "unlockCount": 10},
			{"hour": "16", "unlockCount": 7},
			{"hour": "17", "unlockCount": 6},
			{"hour": "18", "unlockCount": 8},
			{"hour": "19", "unlockCount": 0},
			{"hour": "20", "unlockCount": 0},
			{"hour": "21", "unlockCount": 0},
			{"hour": "22", "unlockCount": 0},
			{"hour": "23", "unlockCount": 0}
		]
	},
	{
		"date": 3,
		"maxTime": 70,
		"totalUnlockCount": 175,
		"keys": [
			{"hour": "0", "unlockCount": 4},
			{"hour": "1", "unlockCount": 3},
			{"hour": "2", "unlockCount": 10},
			{"hour": "3", "unlockCount": 12},
			{"hour": "4", "unlockCount": 11},
			{"hour": "5", "unlockCount": 8},
			{"hour": "6", "unlockCount": 7},
			{"hour": "7", "unlockCount": 11},
			{"hour": "8", "unlockCount": 18},
			{"hour": "9", "unlockCount": 15},
			{"hour": "10", "unlockCount": 10},
			{"hour": "11", "unlockCount": 17},
			{"hour": "12", "unlockCount": 7},
			{"hour": "13", "unlockCount": 3},
			{"hour": "14", "unlockCount": 5},
			{"hour": "15", "unlockCount": 14},
			{"hour": "16", "unlockCount": 3},
			{"hour": "17", "unlockCount": 9},
			{"hour": "18", "unlockCount": 4},
			{"hour": "19", "unlockCount": 4},
			{"hour": "20", "unlockCount": 0},
			{"hour": "21", "unlockCount": 0},
			{"hour": "22", "unlockCount": 0},
			{"hour": "23", "unlockCount": 0}
		]
	},
	{
		"date": 4,
		"maxTime": 58,
		"totalUnlockCount": 166,
		"keys": [
			{"hour": "0", "unlockCount": 4},
			{"hour": "1", "unlockCount": 2},
			{"hour": "2", "unlockCount": 3},
			{"hour": "3", "unlockCount": 21},
			{"hour": "4", "unlockCount": 9},
			{"hour": "5", "unlockCount": 13},
			{"hour": "6", "unlockCount": 10},
			{"hour": "7", "unlockCount": 7},
			{"hour": "8", "unlockCount": 21},
			{"hour": "9", "unlockCount": 17},
			{"hour": "10", "unlockCount": 6},
			{"hour": "11", "unlockCount": 17},
			{"hour": "12", "unlockCount": 12},
			{"hour": "13", "unlockCount": 2},
			{"hour": "14", "unlockCount": 11},
			{"hour": "15", "unlockCount": 3},
			{"hour": "16", "unlockCount": 2},
			{"hour": "17", "unlockCount": 5},
			{"hour": "18", "unlockCount": 0},
			{"hour": "19", "unlockCount": 0},
			{"hour": "20", "unlockCount": 0},
			{"hour": "21", "unlockCount": 0},
			{"hour": "22", "unlockCount": 0},
			{"hour": "23", "unlockCount": 1}
		]
	},
	{
		"date": 5,
		"maxTime": 28,
		"totalUnlockCount": 180,
		"keys": [
			{"hour": "0", "unlockCount": 2},
			{"hour": "1", "unlockCount": 2},
			{"hour": "2", "unlockCount": 3},
			{"hour": "3", "unlockCount": 15},
			{"hour": "4", "unlockCount": 18},
			{"hour": "5", "unlockCount": 12},
			{"hour": "6", "unlockCount": 15},
			{"hour": "7", "unlockCount": 6},
			{"hour": "8", "unlockCount": 9},
			{"hour": "9", "unlockCount": 5},
			{"hour": "10", "unlockCount": 11},
			{"hour": "11", "unlockCount": 12},
			{"hour": "12", "unlockCount": 9},
			{"hour": "13", "unlockCount": 5},
			{"hour": "14", "unlockCount": 10},
			{"hour": "15", "unlockCount": 6},
			{"hour": "16", "unlockCount": 11},
			{"hour": "17", "unlockCount": 7},
			{"hour": "18", "unlockCount": 0},
			{"hour": "19", "unlockCount": 0},
			{"hour": "20", "unlockCount": 2},
			{"hour": "21", "unlockCount": 0},
			{"hour": "22", "unlockCount": 8},
			{"hour": "23", "unlockCount": 12}
		]
	},
	{
		"date": 6,
		"maxTime": 35,
		"totalUnlockCount": 277,
		"keys": [
			{"hour": "0", "unlockCount": 1},
			{"hour": "1", "unlockCount": 12},
			{"hour": "2", "unlockCount": 9},
			{"hour": "3", "unlockCount": 5},
			{"hour": "4", "unlockCount": 11},
			{"hour": "5", "unlockCount": 32},
			{"hour": "6", "unlockCount": 1},
			{"hour": "7", "unlockCount": 9},
			{"hour": "8", "unlockCount": 36},
			{"hour": "9", "unlockCount": 13},
			{"hour": "10", "unlockCount": 20},
			{"hour": "11", "unlockCount": 31},
			{"hour": "12", "unlockCount": 43},
			{"hour": "13", "unlockCount": 21},
			{"hour": "14", "unlockCount": 5},
			{"hour": "15", "unlockCount": 5},
			{"hour": "16", "unlockCount": 2},
			{"hour": "17", "unlockCount": 10},
			{"hour": "18", "unlockCount": 5},
			{"hour": "19", "unlockCount": 0},
			{"hour": "20", "unlockCount": 0},
			{"hour": "21", "unlockCount": 0},
			{"hour": "22", "unlockCount": 0},
			{"hour": "23", "unlockCount": 6}
		]
	},
	{
		"date": 7,
		"maxTime": 45,
		"totalUnlockCount": 197,
		"keys": [
			{"hour": "0", "unlockCount": 21},
			{"hour": "1", "unlockCount": 19},
			{"hour": "2", "unlockCount": 37},
			{"hour": "3", "unlockCount": 13},
			{"hour": "4", "unlockCount": 17},
			{"hour": "5", "unlockCount": 13},
			{"hour": "6", "unlockCount": 16},
			{"hour": "7", "unlockCount": 13},
			{"hour": "8", "unlockCount": 4},
			{"hour": "9", "unlockCount": 3},
			{"hour": "10", "unlockCount": 10},
			{"hour": "11", "unlockCount": 7},
			{"hour": "12", "unlockCount": 24},
			{"hour": "13", "unlockCount": 0},
			{"hour": "14", "unlockCount": 0},
			{"hour": "15", "unlockCount": 0},
			{"hour": "16", "unlockCount": 0},
			{"hour": "17", "unlockCount": 0},
			{"hour": "18", "unlockCount": 0},
			{"hour": "19", "unlockCount": 0},
			{"hour": "20", "unlockCount": 0},
			{"hour": "21", "unlockCount": 0},
			{"hour": "22", "unlockCount": 0},
			{"hour": "23", "unlockCount": 0}
		]
	}
]
