[
	{
		"date": 1,
		"maxTime": 37,
		"totalUnlockCount": 221,
		"keys": [
			{"hour": "0", "unlockCount": 4},
			{"hour": "1", "unlockCount": 13},
			{"hour": "2", "unlockCount": 8},
			{"hour": "3", "unlockCount": 19},
			{"hour": "4", "unlockCount": 18},
			{"hour": "5", "unlockCount": 5},
			{"hour": "6", "unlockCount": 10},
			{"hour": "7", "unlockCount": 12},
			{"hour": "8", "unlockCount": 10},
			{"hour": "9", "unlockCount": 12},
			{"hour": "10", "unlockCount": 15},
			{"hour": "11", "unlockCount": 14},
			{"hour": "12", "unlockCount": 10},
			{"hour": "13", "unlockCount": 27},
			{"hour": "14", "unlockCount": 7},
			{"hour": "15", "unlockCount": 11},
			{"hour": "16", "unlockCount": 8},
			{"hour": "17", "unlockCount": 6},
			{"hour": "18", "unlockCount": 4},
			{"hour": "19", "unlockCount": 0},
			{"hour": "20", "unlockCount": 0},
			{"hour": "21", "unlockCount": 0},
			{"hour": "22", "unlockCount": 1},
			{"hour": "23", "unlockCount": 7}
		]
	},
	{
		"date": 2,
		"maxTime": 53,
		"totalUnlockCount": 194,
		"keys": [
			{"hour": "0", "unlockCount": 0},
			{"hour": "1", "unlockCount": 14},
			{"hour": "2", "unlockCount": 12},
			{"hour": "3", "unlockCount": 5},
			{"hour": "4", "unlockCount": 8},
			{"hour": "5", "unlockCount": 14},
			{"hour": "6", "unlockCount": 14},
			{"hour": "7", "unlockCount": 7},
			{"hour": "8", "unlockCount": 14},
			{"hour": "9", "unlockCount": 27},
			{"hour": "10", "unlockCount": 12},
			{"hour": "11", "unlockCount": 7},
			{"hour": "12", "unlockCount": 7},
			{"hour": "13", "unlockCount": 6},
			{"hour": "14", "unlockCount": 11},
			{"hour": "15", "unlockCount": 2},
			{"hour": "16", "unlockCount": 11},
			{"hour": "17", "unlockCount": 4},
			{"hour": "18", "unlockCount": 3},
			{"hour": "19", "unlockCount": 12},
			{"hour": "20", "unlockCount": 0},
			{"hour": "21", "unlockCount": 1},
			{"hour": "22", "unlockCount": 0},
			{"hour": "23", "unlockCount": 3}
		]
	},
	{
		"date": 3,
		"maxTime": 34,
		"totalUnlockCount": 233,
		"keys": [
			{"hour": "0", "unlockCount": 4},
			{"hour": "1", "unlockCount": 7},
			{"hour": "2", "unlockCount": 1},
			{"hour": "3", "unlockCount": 12},
			{"hour": "4", "unlockCount": 9},
			{"hour": "5", "unlockCount": 3},
			{"hour": "6", "unlockCount": 8},
			{"hour": "7", "unlockCount": 17},
			{"hour": "8", "unlockCount": 23},
			{"hour": "9", "unlockCount": 10},
			{"hour": "10", "unlockCount": 20},
			{"hour": "11", "unlockCount": 16},
			{"hour": "12", "unlockCount": 15},
			{"hour": "13", "unlockCount": 21},
			{"hour": "14", "unlockCount": 22},
			{"hour": "15", "unlockCount": 13},
			{"hour": "16", "unlockCount": 14},
			{"hour": "17", "unlockCount": 7},
			{"hour": "18", "unlockCount": 7},
			{"hour": "19", "unlockCount": 1},
			{"hour": "20", "unlockCount": 3},
			{"hour": "21", "unlockCount": 0},
			{"hour": "22", "unlockCount": 0},
			{"hour": "23", "unlockCount": 0}
		]
	},
	{
		"date": 4,
		"maxTime": 65,
		"totalUnlockCount": 148,
		"keys": [
			{"hour": "0", "unlockCount": 1},
			{"hour": "1", "unlockCount": 1},
			{"hour": "2", "unlockCount": 1},
			{"hour": "3", "unlockCount": 6},
			{"hour": "4", "unlockCount": 12},
			{"hour": "5", "unlockCount": 5},
			{"hour": "6", "unlockCount": 8},
			{"hour": "7", "unlockCount": 2},
			{"hour": "8", "unlockCount": 10},
			{"hour": "9", "unlockCount": 12},
			{"hour": "10", "unlockCount": 3},
			{"hour": "11", "unlockCount": 9},
			{"hour": "12", "unlockCount": 14},
			{"hour": "13", "unlockCount": 13},
			{"hour": "14", "unlockCount": 9},
			{"hour": "15", "unlockCount": 17},
			{"hour": "16", "unlockCount": 12},
			{"hour": "17", "unlockCount": 8},
			{"hour": "18", "unlockCount": 5},
			{"hour": "19", "unlockCount": 0},
			{"hour": "20", "unlockCount": 0},
			{"hour": "21", "unlockCount": 0},
			{"hour": "22", "unlockCount": 0},
			{"hour": "23", "unlockCount": 0}
		]
	},
	{
		"date": 5,
		"maxTime": 117,
		"totalUnlockCount": 125,
		"keys": [
			{"hour": "0", "unlockCount": 0},
			{"hour": "1", "unlockCount": 1},
			{"hour": "2", "unlockCount": 3},
			{"hour": "3", "unlockCount": 13},
			{"hour": "4", "unlockCount": 7},
			{"hour": "5", "unlockCount": 9},
			{"hour": "6", "unlockCount": 14},
			{"hour": "7", "unlockCount": 7},
			{"hour": "8", "unlockCount": 7},
			{"hour": "9", "unlockCount": 10},
			{"hour": "10", "unlockCount": 4},
			{"hour": "11", "unlockCount": 2},
			{"hour": "12", "unlockCount": 3},
			{"hour": "13", "unlockCount": 4},
			{"hour": "14", "unlockCount": 3},
			{"hour": "15", "unlockCount": 9},
			{"hour": "16", "unlockCount": 12},
			{"hour": "17", "unlockCount": 1},
			{"hour": "18", "unlockCount": 0},
			{"hour": "19", "unlockCount": 1},
			{"hour": "20", "unlockCount": 0},
			{"hour": "21", "unlockCount": 0},
			{"hour": "22", "unlockCount": 0},
			{"hour": "23", "unlockCount": 15}
		]
	},
	{
		"date": 6,
		"maxTime": 55,
		"totalUnlockCount": 180,
		"keys": [
			{"hour": "0", "unlockCount": 7},
			{"hour": "1", "unlockCount": 10},
			{"hour": "2", "unlockCount": 5},
			{"hour": "3", "unlockCount": 8},
			{"hour": "4", "unlockCount": 9},
			{"hour": "5", "unlockCount": 17},
			{"hour": "6", "unlockCount": 3},
			{"hour": "7", "unlockCount": 12},
			{"hour": "8", "unlockCount": 8},
			{"hour": "9", "unlockCount": 3},
			{"hour": "10", "unlockCount": 5},
			{"hour": "11", "unlockCount": 17},
			{"hour": "12", "unlockCount": 24},
			{"hour": "13", "unlockCount": 25},
			{"hour": "14", "unlockCount": 8},
			{"hour": "15", "unlockCount": 2},
			{"hour": "16", "unlockCount": 9},
			{"hour": "17", "unlockCount": 0},
			{"hour": "18", "unlockCount": 1},
			{"hour": "19", "unlockCount": 0},
			{"hour": "20", "unlockCount": 0},
			{"hour": "21", "unlockCount": 0},
			{"hour": "22", "unlockCount": 4},
			{"hour": "23", "unlockCount": 3}
		]
	},
	{
		"date": 7,
		"maxTime": 41,
		"totalUnlockCount": 98,
		"keys": [
			{"hour": "0", "unlockCount": 3},
			{"hour": "1", "unlockCount": 4},
			{"hour": "2", "unlockCount": 3},
			{"hour": "3", "unlockCount": 7},
			{"hour": "4", "unlockCount": 11},
			{"hour": "5", "unlockCount": 13},
			{"hour": "6", "unlockCount": 9},
			{"hour": "7", "unlockCount": 2},
			{"hour": "8", "unlockCount": 9},
			{"hour": "9", "unlockCount": 11},
			{"hour": "10", "unlockCount": 4},
			{"hour": "11", "unlockCount": 8},
			{"hour": "12", "unlockCount": 9},
			{"hour": "13", "unlockCount": 5},
			{"hour": "14", "unlockCount": 0},
			{"hour": "15", "unlockCount": 0},
			{"hour": "16", "unlockCount": 0},
			{"hour": "17", "unlockCount": 0},
			{"hour": "18", "unlockCount": 0},
			{"hour": "19", "unlockCount": 0},
			{"hour": "20", "unlockCount": 0},
			{"hour": "21", "unlockCount": 0},
			{"hour": "22", "unlockCount": 0},
			{"hour": "23", "unlockCount": 0}
		]
	}
]
