[
	{
		"date": 1,
		"maxTime": 174,
		"totalUnlockCount": 235,
		"keys": [
			{"hour": "0", "unlockCount": 4},
			{"hour": "1", "unlockCount": 16},
			{"hour": "2", "unlockCount": 2},
			{"hour": "3", "unlockCount": 6},
			{"hour": "4", "unlockCount": 37},
			{"hour": "5", "unlockCount": 12},
			{"hour": "6", "unlockCount": 26},
			{"hour": "7", "unlockCount": 6},
			{"hour": "8", "unlockCount": 36},
			{"hour": "9", "unlockCount": 6},
			{"hour": "10", "unlockCount": 19},
			{"hour": "11", "unlockCount": 10},
			{"hour": "12", "unlockCount": 2},
			{"hour": "13", "unlockCount": 9},
			{"hour": "14", "unlockCount": 9},
			{"hour": "15", "unlockCount": 20},
			{"hour": "16", "unlockCount": 1},
			{"hour": "17", "unlockCount": 4},
			{"hour": "18", "unlockCount": 7},
			{"hour": "19", "unlockCount": 0},
			{"hour": "20", "unlockCount": 0},
			{"hour": "21", "unlockCount": 3},
			{"hour": "22", "unlockCount": 0},
			{"hour": "23", "unlockCount": 0}
		]
	},
	{
		"date": 2,
		"maxTime": 49,
		"totalUnlockCount": 229,
		"keys": [
			{"hour": "0", "unlockCount": 13},
			{"hour": "1", "unlockCount": 22},
			{"hour": "2", "unlockCount": 19},
			{"hour": "3", "unlockCount": 1},
			{"hour": "4", "unlockCount": 7},
			{"hour": "5", "unlockCount": 4},
			{"hour": "6", "unlockCount": 0},
			{"hour": "7", "unlockCount": 4},
			{"hour": "8", "unlockCount": 22},
			{"hour": "9", "unlockCount": 13},
			{"hour": "10", "unlockCount": 16},
			{"hour": "11", "unlockCount": 14},
			{"hour": "12", "unlockCount": 29},
			{"hour": "13", "unlockCount": 3},
			{"hour": "14", "unlockCount": 31},
			{"hour": "15", "unlockCount": 8},
			{"hour": "16", "unlockCount": 7},
			{"hour": "17", "unlockCount": 12},
			{"hour": "18", "unlockCount": 4},
			{"hour": "19", "unlockCount": 0},
			{"hour": "20", "unlockCount": 0},
			{"hour": "21", "unlockCount": 0},
			{"hour": "22", "unlockCount": 0},
			{"hour": "23", "unlockCount": 0}
		]
	},
	{
		"date": 3,
		"maxTime": 136,
		"totalUnlockCount": 105,
		"keys": [
			{"hour": "0", "unlockCount": 8},
			{"hour": "1", "unlockCount": 0},
			{"hour": "2", "unlockCount": 2},
			{"hour": "3", "unlockCount": 1},
			{"hour": "4", "unlockCount": 3},
			{"hour": "5", "unlockCount": 8},
			{"hour": "6", "unlockCount": 12},
			{"hour": "7", "unlockCount": 4},
			{"hour": "8", "unlockCount": 13},
			{"hour": "9", "unlockCount": 2},
			{"hour": "10", "unlockCount": 5},
			{"hour": "11", "unlockCount": 5},
			{"hour": "12", "unlockCount": 0},
			{"hour": "13", "unlockCount": 9},
			{"hour": "14", "unlockCount": 9},
			{"hour": "15", "unlockCount": 5},
			{"hour": "16", "unlockCount": 6},
			{"hour": "17", "unlockCount": 4},
			{"hour": "18", "unlockCount": 4},
			{"hour": "19", "unlockCount": 2},
			{"hour": "20", "unlockCount": 0},
			{"hour": "21", "unlockCount": 1},
			{"hour": "22", "unlockCount": 0},
			{"hour": "23", "unlockCount": 2}
		]
	},
	{
		"date": 4,
		"maxTime": 26,
		"totalUnlockCount": 242,
		"keys": [
			{"hour": "0", "unlockCount": 10},
			{"hour": "1", "unlockCount": 12},
			{"hour": "2", "unlockCount": 33},
			{"hour": "3", "unlockCount": 10},
			{"hour": "4", "unlockCount": 27},
			{"hour": "5", "unlockCount": 11},
			{"hour": "6", "unlockCount": 0},
			{"hour": "7", "unlockCount": 11},
			{"hour": "8", "unlockCount": 14},
			{"hour": "9", "unlockCount": 10},
			{"hour": "10", "unlockCount": 10},
			{"hour": "11", "unlockCount": 12},
			{"hour": "12", "unlockCount": 0},
			{"hour": "13", "unlockCount": 2},
			{"hour": "14", "unlockCount": 13},
			{"hour": "15", "unlockCount": 17},
			{"hour": "16", "unlockCount": 7},
			{"hour": "17", "unlockCount": 17},
			{"hour": "18", "unlockCount": 21},
			{"hour": "19", "unlockCount": 5},
			{"hour": "20", "unlockCount": 0},
			{"hour": "21", "unlockCount": 0},
			{"hour": "22", "unlockCount": 0},
			{"hour": "23", "unlockCount": 0}
		]
	},
	{
		"date": 5,
		"maxTime": 66,
		"totalUnlockCount": 190,
		"keys": [
			{"hour": "0", "unlockCount": 8},
			{"hour": "1", "unlockCount": 20},
			{"hour": "2", "unlockCount": 19},
			{"hour": "3", "unlockCount": 10},
			{"hour": "4", "unlockCount": 8},
			{"hour": "5", "unlockCount": 4},
			{"hour": "6", "unlockCount": 1},
			{"hour": "7", "unlockCount": 7},
			{"hour": "8", "unlockCount": 15},
			{"hour": "9", "unlockCount": 12},
			{"hour": "10", "unlockCount": 2},
			{"hour": "11", "unlockCount": 8},
			{"hour": "12", "unlockCount": 8},
			{"hour": "13", "unlockCount": 14},
			{"hour": "14", "unlockCount": 12},
			{"hour": "15", "unlockCount": 5},
			{"hour": "16", "unlockCount": 11},
			{"hour": "17", "unlockCount": 3},
			{"hour": "18", "unlockCount": 3},
			{"hour": "19", "unlockCount": 0},
			{"hour": "20", "unlockCount": 1},
			{"hour": "21", "unlockCount": 0},
			{"hour": "22", "unlockCount": 4},
			{"hour": "23", "unlockCount": 15}
		]
	},
	{
		"date": 6,
		"maxTime": 87,
		"totalUnlockCount": 214,
		"keys": [
			{"hour": "0", "unlockCount": 10},
			{"hour": "1", "unlockCount": 10},
			{"hour": "2", "unlockCount": 0},
			{"hour": "3", "unlockCount": 17},
			{"hour": "4", "unlockCount": 16},
			{"hour": "5", "unlockCount": 13},
			{"hour": "6", "unlockCount": 8},
			{"hour": "7", "unlockCount": 4},
			{"hour": "8", "unlockCount": 16},
			{"hour": "9", "unlockCount": 20},
			{"hour": "10", "unlockCount": 28},
			{"hour": "11", "unlockCount": 35},
			{"hour": "12", "unlockCount": 2},
			{"hour": "13", "unlockCount": 3},
			{"hour": "14", "unlockCount": 8},
			{"hour": "15", "unlockCount": 12},
			{"hour": "16", "unlockCount": 1},
			{"hour": "17", "unlockCount": 4},
			{"hour": "18", "unlockCount": 0},
			{"hour": "19", "unlockCount": 0},
			{"hour": "20", "unlockCount": 0},
			{"hour": "21", "unlockCount": 0},
			{"hour": "22", "unlockCount": 5},
			{"hour": "23", "unlockCount": 2}
		]
	},
	{
		"date": 7,
		"maxTime": 37,
		"totalUnlockCount": 216,
		"keys": [
			{"hour": "0", "unlockCount": 0},
			{"hour": "1", "unlockCount": 20},
			{"hour": "2", "unlockCount": 12},
			{"hour": "3", "unlockCount": 21},
			{"hour": "4", "unlockCount": 10},
			{"hour": "5", "unlockCount": 11},
			{"hour": "6", "unlockCount": 22},
			{"hour": "7", "unlockCount": 8},
			{"hour": "8", "unlockCount": 13},
			{"hour": "9", "unlockCount": 17},
			{"hour": "10", "unlockCount": 6},
			{"hour": "11", "unlockCount": 45},
			{"hour": "12", "unlockCount": 27},
			{"hour": "13", "unlockCount": 4},
			{"hour": "14", "unlockCount": 0},
			{"hour": "15", "unlockCount": 0},
			{"hour": "16", "unlockCount": 0},
			{"hour": "17", "unlockCount": 0},
			{"hour": "18", "unlockCount": 0},
			{"hour": "19", "unlockCount": 0},
			{"hour": "20", "unlockCount": 0},
			{"hour": "21", "unlockCount": 0},
			{"hour": "22", "unlockCount": 0},
			{"hour": "23", "unlockCount": 0}
		]
	}
]
