[
	{
		"date": 1,
		"maxTime": 56,
		"totalUnlockCount": 98,
		"keys": [
			{"hour": "0", "unlockCount": 6},
			{"hour": "1", "unlockCount": 1},
			{"hour": "2", "unlockCount": 3},
			{"hour": "3", "unlockCount": 9},
			{"hour": "4", "unlockCount": 4},
			{"hour": "5", "unlockCount": 7},
			{"hour": "6", "unlockCount": 11},
			{"hour": "7", "unlockCount": 7},
			{"hour": "8", "unlockCount": 6},
			{"hour": "9", "unlockCount": 4},
			{"hour": "10", "unlockCount": 4},
			{"hour": "11", "unlockCount": 5},
			{"hour": "12", "unlockCount": 6},
			{"hour": "13", "unlockCount": 9},
			{"hour": "14", "unlockCount": 6},
			{"hour": "15", "unlockCount": 5},
			{"hour": "16", "unlockCount": 1},
			{"hour": "17", "unlockCount": 0},
			{"hour": "18", "unlockCount": 0},
			{"hour": "19", "unlockCount": 0},
			{"hour": "20", "unlockCount": 0},
			{"hour": "21", "unlockCount": 0},
			{"hour": "22", "unlockCount": 0},
			{"hour": "23", "unlockCount": 4}
		]
	},
	{
		"date": 2,
		"maxTime": 59,
		"totalUnlockCount": 69,
		"keys": [
			{"hour": "0", "unlockCount": 0},
			{"hour": "1", "unlockCount": 1},
			{"hour": "2", "unlockCount": 1},
			{"hour": "3", "unlockCount": 4},
			{"hour": "4", "unlockCount": 6},
			{"hour": "5", "unlockCount": 13},
			{"hour": "6", "unlockCount": 9},
			{"hour": "7", "unlockCount": 3},
			{"hour": "8", "unlockCount": 2},
			{"hour": "9", "unlockCount": 1},
			{"hour": "10", "unlockCount": 3},
			{"hour": "11", "unlockCount": 6},
			{"hour": "12", "unlockCount": 6},
			{"hour": "13", "unlockCount": 9},
			{"hour": "14", "unlockCount": 1},
			{"hour": "15", "unlockCount": 1},
			{"hour": "16", "unlockCount": 1},
			{"hour": "17", "unlockCount": 1},
			{"hour": "18", "unlockCount": 0},
			{"hour": "19", "unlockCount": 0},
			{"hour": "20", "unlockCount": 0},
			{"hour": "21", "unlockCount": 0},
			{"hour": "22", "unlockCount": 1},
			{"hour": "23", "unlockCount": 0}
		]
	},
	{
		"date": 3,
		"maxTime": 56,
		"totalUnlockCount": 89,
		"keys": [
			{"hour": "0", "unlockCount": 1},
			{"hour": "1", "unlockCount": 1},
			{"hour": "2", "unlockCount": 3},
			{"hour": "3", "unlockCount": 9},
			{"hour": "4", "unlockCount": 11},
			{"hour": "5", "unlockCount": 3},
			{"hour": "6", "unlockCount": 11},
			{"hour": "7", "unlockCount": 16},
			{"hour": "8", "unlockCount": 1},
			{"hour": "9", "unlockCount": 6},
			{"hour": "10", "unlockCount": 1},
			{"hour": "11", "unlockCount": 14},
			{"hour": "12", "unlockCount": 0},
			{"hour": "13", "unlockCount": 2},
			{"hour": "14", "unlockCount": 2},
			{"hour": "15", "unlockCount": 1},
			{"hour": "16", "unlockCount": 1},
			{"hour": "17", "unlockCount": 2},
			{"hour": "18", "unlockCount": 0},
			{"hour": "19", "unlockCount": 0},
			{"hour": "20", "unlockCount": 0},
			{"hour": "21", "unlockCount": 0},
			{"hour": "22", "unlockCount": 1},
			{"hour": "23", "unlockCount": 3}
		]
	},
	{
		"date": 4,
		"maxTime": 38,
		"totalUnlockCount": 110,
		"keys": [
			{"hour": "0", "unlockCount": 2},
			{"hour": "1", "unlockCount": 5},
			{"hour": "2", "unlockCount": 6},
			{"hour": "3", "unlockCount": 9},
			{"hour": "4", "unlockCount": 7},
			{"hour": "5", "unlockCount": 7},
			{"hour": "6", "unlockCount": 4},
			{"hour": "7", "unlockCount": 5},
			{"hour": "8", "unlockCount": 2},
			{"hour": "9", "unlockCount": 9},
			{"hour": "10", "unlockCount": 8},
			{"hour": "11", "unlockCount": 8},
			{"hour": "12", "unlockCount": 7},
			{"hour": "13", "unlockCount": 1},
			{"hour": "14", "unlockCount": 3},
			{"hour": "15", "unlockCount": 14},
			{"hour": "16", "unlockCount": 1},
			{"hour": "17", "unlockCount": 1},
			{"hour": "18", "unlockCount": 0},
			{"hour": "19", "unlockCount": 0},
			{"hour": "20", "unlockCount": 0},
			{"hour": "21", "unlockCount": 0},
			{"hour": "22", "unlockCount": 4},
			{"hour": "23", "unlockCount": 7}
		]
	},
	{
		"date": 5,
		"maxTime": 72,
		"totalUnlockCount": 89,
		"keys": [
			{"hour": "0", "unlockCount": 1},
			{"hour": "1", "unlockCount": 12},
			{"hour": "2", "unlockCount": 2},
			{"hour": "3", "unlockCount": 7},
			{"hour": "4", "unlockCount": 2},
			{"hour": "5", "unlockCount": 4},
			{"hour": "6", "unlockCount": 7},
			{"hour": "7", "unlockCount": 1},
			{"hour": "8", "unlockCount": 10},
			{"hour": "9", "unlockCount": 3},
			{"hour": "10", "unlockCount": 5},
			{"hour": "11", "unlockCount": 3},
			{"hour": "12", "unlockCount": 3},
			{"hour": "13", "unlockCount": 1},
			{"hour": "14", "unlockCount": 7},
			{"hour": "15", "unlockCount": 4},
			{"hour": "16", "unlockCount": 2},
			{"hour": "17", "unlockCount": 0},
			{"hour": "18", "unlockCount": 0},
			{"hour": "19", "unlockCount": 0},
			{"hour": "20", "unlockCount": 0},
			{"hour": "21", "unlockCount": 0},
			{"hour": "22", "unlockCount": 4},
			{"hour": "23", "unlockCount": 11}
		]
	},
	{
		"date": 6,
		"maxTime": 45,
		"totalUnlockCount": 106,
		"keys": [
			{"hour": "0", "unlockCount": 3},
			{"hour": "1", "unlockCount": 2},
			{"hour": "2", "unlockCount": 6},
			{"hour": "3", "unlockCount": 7},
			{"hour": "4", "unlockCount": 8},
			{"hour": "5", "unlockCount": 9},
			{"hour": "6", "unlockCount": 5},
			{"hour": "7", "unlockCount": 6},
			{"hour": "8", "unlockCount": 10},
			{"hour": "9", "unlockCount": 10},
			{"hour": "10", "unlockCount": 7},
			{"hour": "11", "unlockCount": 8},
			{"hour": "12", "unlockCount": 4},
			{"hour": "13", "unlockCount": 6},
			{"hour": "14", "unlockCount": 1},
			{"hour": "15", "unlockCount": 3},
			{"hour": "16", "unlockCount": 0},
			{"hour": "17", "unlockCount": 0},
			{"hour": "18", "unlockCount": 0},
			{"hour": "19", "unlockCount": 0},
			{"hour": "20", "unlockCount": 0},
			{"hour": "21", "unlockCount": 0},
			{"hour": "22", "unlockCount": 1},
			{"hour": "23", "unlockCount": 10}
		]
	},
	{
		"date": 7,
		"maxTime": 26,
		"totalUnlockCount": 116,
		"keys": [
			{"hour": "0", "unlockCount": 7},
			{"hour": "1", "unlockCount": 2},
			{"hour": "2", "unlockCount": 2},
			{"hour": "3", "unlockCount": 5},
			{"hour": "4", "unlockCount": 2},
			{"hour": "5", "unlockCount": 8},
			{"hour": "6", "unlockCount": 6},
			{"hour": "7", "unlockCount": 6},
			{"hour": "8", "unlockCount": 9},
			{"hour": "9", "unlockCount": 9},
			{"hour": "10", "unlockCount": 7},
			{"hour": "11", "unlockCount": 3},
			{"hour": "12", "unlockCount": 4},
			{"hour": "13", "unlockCount": 14},
			{"hour": "14", "unlockCount": 10},
			{"hour": "15", "unlockCount": 5},
			{"hour": "16", "unlockCount": 6},
			{"hour": "17", "unlockCount": 2},
			{"hour": "18", "unlockCount": 3},
			{"hour": "19", "unlockCount": 0},
			{"hour": "20", "unlockCount": 0},
			{"hour": "21", "unlockCount": 0},
			{"hour": "22", "unlockCount": 1},
			{"hour": "23", "unlockCount": 5}
		]
	}
]
