[
	{
		"date": 1,
		"maxTime": 32,
		"totalUnlockCount": 197,
		"keys": [
			{"hour": "0", "unlockCount": 0},
			{"hour": "1", "unlockCount": 5},
			{"hour": "2", "unlockCount": 16},
			{"hour": "3", "unlockCount": 17},
			{"hour": "4", "unlockCount": 10},
			{"hour": "5", "unlockCount": 1},
			{"hour": "6", "unlockCount": 5},
			{"hour": "7", "unlockCount": 8},
			{"hour": "8", "unlockCount": 6},
			{"hour": "9", "unlockCount": 25},
			{"hour": "10", "unlockCount": 9},
			{"hour": "11", "unlockCount": 9},
			{"hour": "12", "unlockCount": 16},
			{"hour": "13", "unlockCount": 8},
			{"hour": "14", "unlockCount": 8},
			{"hour": "15", "unlockCount": 7},
			{"hour": "16", "unlockCount": 7},
			{"hour": "17", "unlockCount": 2},
			{"hour": "18", "unlockCount": 2},
			{"hour": "19", "unlockCount": 0},
			{"hour": "20", "unlockCount": 1},
			{"hour": "21", "unlockCount": 3},
			{"hour": "22", "unlockCount": 12},
			{"hour": "23", "unlockCount": 20}
		]
	},
	{
		"date": 2,
		"maxTime": 43,
		"totalUnlockCount": 151,
		"keys": [
			{"hour": "0", "unlockCount": 10},
			{"hour": "1", "unlockCount": 8},
			{"hour": "2", "unlockCount": 12},
			{"hour": "3", "unlockCount": 10},
			{"hour": "4", "unlockCount": 4},
			{"hour": "5", "unlockCount": 5},
			{"hour": "6", "unlockCount": 6},
			{"hour": "7", "unlockCount": 15},
			{"hour": "8", "unlockCount": 8},
			{"hour": "9", "unlockCount": 8},
			{"hour": "10", "unlockCount": 1},
			{"hour": "11", "unlockCount": 4},
			{"hour": "12", "unlockCount": 16},
			{"hour": "13", "unlockCount": 20},
			{"hour": "14", "unlockCount": 6},
			{"hour": "15", "unlockCount": 11},
			{"hour": "16", "unlockCount": 1},
			{"hour": "17", "unlockCount": 1},
			{"hour": "18", "unlockCount": 0},
			{"hour": "19", "unlockCount": 0},
			{"hour": "20", "unlockCount": 0},
			{"hour": "21", "unlockCount": 0},
			{"hour": "22", "unlockCount": 0},
			{"hour": "23", "unlockCount": 5}
		]
	},
	{
		"date": 3,
		"maxTime": 50,
		"totalUnlockCount": 127,
		"keys": [
			{"hour": "0", "unlockCount": 0},
			{"hour": "1", "unlockCount": 1},
			{"hour": "2", "unlockCount": 16},
			{"hour": "3", "unlockCount": 11},
			{"hour": "4", "unlockCount": 7},
			{"hour": "5", "unlockCount": 7},
			{"hour": "6", "unlockCount": 10},
			{"hour": "7", "unlockCount": 18},
			{"hour": "8", "unlockCount": 6},
			{"hour": "9", "unlockCount": 9},
			{"hour": "10", "unlockCount": 1},
			{"hour": "11", "unlockCount": 8},
			{"hour": "12", "unlockCount": 6},
			{"hour": "13", "unlockCount": 2},
			{"hour": "14", "unlockCount": 1},
			{"hour": "15", "unlockCount": 0},
			{"hour": "16", "unlockCount": 1},
			{"hour": "17", "unlockCount": 2},
			{"hour": "18", "unlockCount": 1},
			{"hour": "19", "unlockCount": 1},
			{"hour": "20", "unlockCount": 16},
			{"hour": "21", "unlockCount": 2},
			{"hour": "22", "unlockCount": 1},
			{"hour": "23", "unlockCount": 0}
		]
	},
	{
		"date": 4,
		"maxTime": 111,
		"totalUnlockCount": 109,
		"keys": [
			{"hour": "0", "unlockCount": 2},
			{"hour": "1", "unlockCount": 1},
			{"hour": "2", "unlockCount": 0},
			{"hour": "3", "unlockCount": 0},
			{"hour": "4", "unlockCount": 1},
			{"hour": "5", "unlockCount": 5},
			{"hour": "6", "unlockCount": 2},
			{"hour": "7", "unlockCount": 13},
			{"hour": "8", "unlockCount": 14},
			{"hour": "9", "unlockCount": 3},
			{"hour": "10", "unlockCount": 0},
			{"hour": "11", "unlockCount": 7},
			{"hour": "12", "unlockCount": 3},
			{"hour": "13", "unlockCount": 0},
			{"hour": "14", "unlockCount": 1},
			{"hour": "15", "unlockCount": 25},
			{"hour": "16", "unlockCount": 4},
			{"hour": "17", "unlockCount": 2},
			{"hour": "18", "unlockCount": 1},
			{"hour": "19", "unlockCount": 2},
			{"hour": "20", "unlockCount": 1},
			{"hour": "21", "unlockCount": 2},
			{"hour": "22", "unlockCount": 4},
			{"hour": "23", "unlockCount": 16}
		]
	},
	{
		"date": 5,
		"maxTime": 18,
		"totalUnlockCount": 150,
		"keys": [
			{"hour": "0", "unlockCount": 3},
			{"hour": "1", "unlockCount": 6},
			{"hour": "2", "unlockCount": 27},
			{"hour": "3", "unlockCount": 0},
			{"hour": "4", "unlockCount": 3},
			{"hour": "5", "unlockCount": 1},
			{"hour": "6", "unlockCount": 3},
			{"hour": "7", "unlockCount": 1},
			{"hour": "8", "unlockCount": 11},
			{"hour": "9", "unlockCount": 15},
			{"hour": "10", "unlockCount": 7},
			{"hour": "11", "unlockCount": 16},
			{"hour": "12", "unlockCount": 9},
			{"hour": "13", "unlockCount": 6},
			{"hour": "14", "unlockCount": 5},
			{"hour": "15", "unlockCount": 3},
			{"hour": "16", "unlockCount": 2},
			{"hour": "17", "unlockCount": 2},
			{"hour": "18", "unlockCount": 4},
			{"hour": "19", "unlockCount": 0},
			{"hour": "20", "unlockCount": 4},
			{"hour": "21", "unlockCount": 3},
			{"hour": "22", "unlockCount": 5},
			{"hour": "23", "unlockCount": 14}
		]
	},
	{
		"date": 6,
		"maxTime": 67,
		"totalUnlockCount": 164,
		"keys": [
			{"hour": "0", "unlockCount": 5},
			{"hour": "1", "unlockCount": 2},
			{"hour": "2", "unlockCount": 19},
			{"hour": "3", "unlockCount": 16},
			{"hour": "4", "unlockCount": 10},
			{"hour": "5", "unlockCount": 2},
			{"hour": "6", "unlockCount": 38},
			{"hour": "7", "unlockCount": 12},
			{"hour": "8", "unlockCount": 28},
			{"hour": "9", "unlockCount": 14},
			{"hour": "10", "unlockCount": 9},
			{"hour": "11", "unlockCount": 1},
			{"hour": "12", "unlockCount": 0},
			{"hour": "13", "unlockCount": 0},
			{"hour": "14", "unlockCount": 2},
			{"hour": "15", "unlockCount": 1},
			{"hour": "16", "unlockCount": 0},
			{"hour": "17", "unlockCount": 0},
			{"hour": "18", "unlockCount": 0},
			{"hour": "19", "unlockCount": 0},
			{"hour": "20", "unlockCount": 0},
			{"hour": "21", "unlockCount": 0},
			{"hour": "22", "unlockCount": 3},
			{"hour": "23", "unlockCount": 2}
		]
	},
	{
		"date": 7,
		"maxTime": 98,
		"totalUnlockCount": 148,
		"keys": [
			{"hour": "0", "unlockCount": 2},
			{"hour": "1", "unlockCount": 1},
			{"hour": "2", "unlockCount": 3},
			{"hour": "3", "unlockCount": 0},
			{"hour": "4", "unlockCount": 5},
			{"hour": "5", "unlockCount": 9},
			{"hour": "6", "unlockCount": 11},
			{"hour": "7", "unlockCount": 11},
			{"hour": "8", "unlockCount": 19},
			{"hour": "9", "unlockCount": 14},
			{"hour": "10", "unlockCount": 15},
			{"hour": "11", "unlockCount": 14},
			{"hour": "12", "unlockCount": 6},
			{"hour": "13", "unlockCount": 1},
			{"hour": "14", "unlockCount": 3},
			{"hour": "15", "unlockCount": 16},
			{"hour": "16", "unlockCount": 13},
			{"hour": "17", "unlockCount": 3},
			{"hour": "18", "unlockCount": 2},
			{"hour": "19", "unlockCount": 0},
			{"hour": "20", "unlockCount": 0},
			{"hour": "21", "unlockCount": 0},
			{"hour": "22", "unlockCount": 0},
			{"hour": "23", "unlockCount": 0}
		]
	}
]
