[
	{
		"date": 1,
		"maxTime": 31,
		"totalUnlockCount": 155,
		"keys": [
			{"hour": "0", "unlockCount": 14},
			{"hour": "1", "unlockCount": 12},
			{"hour": "2", "unlockCount": 18},
			{"hour": "3", "unlockCount": 6},
			{"hour": "4", "unlockCount": 12},
			{"hour": "5", "unlockCount": 14},
			{"hour": "6", "unlockCount": 7},
			{"hour": "7", "unlockCount": 8},
			{"hour": "8", "unlockCount": 14},
			{"hour": "9", "unlockCount": 4},
			{"hour": "10", "unlockCount": 3},
			{"hour": "11", "unlockCount": 11},
			{"hour": "12", "unlockCount": 14},
			{"hour": "13", "unlockCount": 6},
			{"hour": "14", "unlockCount": 4},
			{"hour": "15", "unlockCount": 4},
			{"hour": "16", "unlockCount": 0},
			{"hour": "17", "unlockCount": 1},
			{"hour": "18", "unlockCount": 0},
			{"hour": "19", "unlockCount": 0},
			{"hour": "20", "unlockCount": 0},
			{"hour": "21", "unlockCount": 2},
			{"hour": "22", "unlockCount": 0},
			{"hour": "23", "unlockCount": 1}
		]
	},
	{
		"date": 2,
		"maxTime": 32,
		"totalUnlockCount": 132,
		"keys": [
			{"hour": "0", "unlockCount": 5},
			{"hour": "1", "unlockCount": 16},
			{"hour": "2", "unlockCount": 1},
			{"hour": "3", "unlockCount": 11},
			{"hour": "4", "unlockCount": 6},
			{"hour": "5", "unlockCount": 8},
			{"hour": "6", "unlockCount": 5},
			{"hour": "7", "unlockCount": 11},
			{"hour": "8", "unlockCount": 4},
			{"hour": "9", "unlockCount": 4},
			{"hour": "10", "unlockCount": 5},
			{"hour": "11", "unlockCount": 2},
			{"hour": "12", "unlockCount": 15},
			{"hour": "13", "unlockCount": 12},
			{"hour": "14", "unlockCount": 4},
			{"hour": "15", "unlockCount": 0},
			{"hour": "16", "unlockCount": 0},
			{"hour": "17", "unlockCount": 0},
			{"hour": "18", "unlockCount": 0},
			{"hour": "19", "unlockCount": 0},
			{"hour": "20", "unlockCount": 0},
			{"hour": "21", "unlockCount": 0},
			{"hour": "22", "unlockCount": 8},
			{"hour": "23", "unlockCount": 15}
		]
	},
	{
		"date": 3,
		"maxTime": 1,
		"totalUnlockCount": 9,
		"keys": [
			{"hour": "0", "unlockCount": 9},
			{"hour": "1", "unlockCount": 0},
			{"hour": "2", "unlockCount": 0},
			{"hour": "3", "unlockCount": 0},
			{"hour": "4", "unlockCount": 0},
			{"hour": "5", "unlockCount": 0},
			{"hour": "6", "unlockCount": 0},
			{"hour": "7", "unlockCount": 0},
			{"hour": "8", "unlockCount": 0},
			{"hour": "9", "unlockCount": 0},
			{"hour": "10", "unlockCount": 0},
			{"hour": "11", "unlockCount": 0},
			{"hour": "12", "unlockCount": 0},
			{"hour": "13", "unlockCount": 0},
			{"hour": "14", "unlockCount": 0},
			{"hour": "15", "unlockCount": 0},
			{"hour": "16", "unlockCount": 0},
			{"hour": "17", "unlockCount": 0},
			{"hour": "18", "unlockCount": 0},
			{"hour": "19", "unlockCount": 0},
			{"hour": "20", "unlockCount": 0},
			{"hour": "21", "unlockCount": 0},
			{"hour": "22", "unlockCount": 0},
			{"hour": "23", "unlockCount": 0}
		]
	},
	{
		"date": 4,
		"maxTime": 0,
		"totalUnlockCount": 0,
		"keys": [
			{"hour": "0", "unlockCount": 0},
			{"hour": "1", "unlockCount": 0},
			{"hour": "2", "unlockCount": 0},
			{"hour": "3", "unlockCount": 0},
			{"hour": "4", "unlockCount": 0},
			{"hour": "5", "unlockCount": 0},
			{"hour": "6", "unlockCount": 0},
			{"hour": "7", "unlockCount": 0},
			{"hour": "8", "unlockCount": 0},
			{"hour": "9", "unlockCount": 0},
			{"hour": "10", "unlockCount": 0},
			{"hour": "11", "unlockCount": 0},
			{"hour": "12", "unlockCount": 0},
			{"hour": "13", "unlockCount": 0},
			{"hour": "14", "unlockCount": 0},
			{"hour": "15", "unlockCount": 0},
			{"hour": "16", "unlockCount": 0},
			{"hour": "17", "unlockCount": 0},
			{"hour": "18", "unlockCount": 0},
			{"hour": "19", "unlockCount": 0},
			{"hour": "20", "unlockCount": 0},
			{"hour": "21", "unlockCount": 0},
			{"hour": "22", "unlockCount": 0},
			{"hour": "23", "unlockCount": 0}
		]
	},
	{
		"date": 5,
		"maxTime": 61,
		"totalUnlockCount": 98,
		"keys": [
			{"hour": "0", "unlockCount": 0},
			{"hour": "1", "unlockCount": 0},
			{"hour": "2", "unlockCount": 0},
			{"hour": "3", "unlockCount": 5},
			{"hour": "4", "unlockCount": 10},
			{"hour": "5", "unlockCount": 5},
			{"hour": "6", "unlockCount": 8},
			{"hour": "7", "unlockCount": 3},
			{"hour": "8", "unlockCount": 7},
			{"hour": "9", "unlockCount": 9},
			{"hour": "10", "unlockCount": 11},
			{"hour": "11", "unlockCount": 10},
			{"hour": "12", "unlockCount": 10},
			{"hour": "13", "unlockCount": 2},
			{"hour": "14", "unlockCount": 1},
			{"hour": "15", "unlockCount": 11},
			{"hour": "16", "unlockCount": 3},
			{"hour": "17", "unlockCount": 0},
			{"hour": "18", "unlockCount": 0},
			{"hour": "19", "unlockCount": 0},
			{"hour": "20", "unlockCount": 0},
			{"hour": "21", "unlockCount": 1},
			{"hour": "22", "unlockCount": 0},
			{"hour": "23", "unlockCount": 2}
		]
	},
	{
		"date": 6,
		"maxTime": 60,
		"totalUnlockCount": 177,
		"keys": [
			{"hour": "0", "unlockCount": 8},
			{"hour": "1", "unlockCount": 20},
			{"hour": "2", "unlockCount": 6},
			{"hour": "3", "unlockCount": 5},
			{"hour": "4", "unlockCount": 20},
			{"hour": "5", "unlockCount": 12},
			{"hour": "6", "unlockCount": 11},
			{"hour": "7", "unlockCount": 5},
			{"hour": "8", "unlockCount": 8},
			{"hour": "9", "unlockCount": 14},
			{"hour": "10", "unlockCount": 15},
			{"hour": "11", "unlockCount": 16},
			{"hour": "12", "unlockCount": 8},
			{"hour": "13", "unlockCount": 7},
			{"hour": "14", "unlockCount": 4},
			{"hour": "15", "unlockCount": 1},
			{"hour": "16", "unlockCount": 4},
			{"hour": "17", "unlockCount": 0},
			{"hour": "18", "unlockCount": 0},
			{"hour": "19", "unlockCount": 0},
			{"hour": "20", "unlockCount": 0},
			{"hour": "21", "unlockCount": 0},
			{"hour": "22", "unlockCount": 1},
			{"hour": "23", "unlockCount": 12}
		]
	},
	{
		"date": 7,
		"maxTime": 25,
		"totalUnlockCount": 166,
		"keys": [
			{"hour": "0", "unlockCount": 29},
			{"hour": "1", "unlockCount": 12},
			{"hour": "2", "unlockCount": 12},
			{"hour": "3", "unlockCount": 19},
			{"hour": "4", "unlockCount": 3},
			{"hour": "5", "unlockCount": 1},
			{"hour": "6", "unlockCount": 15},
			{"hour": "7", "unlockCount": 8},
			{"hour": "8", "unlockCount": 19},
			{"hour": "9", "unlockCount": 14},
			{"hour": "10", "unlockCount": 12},
			{"hour": "11", "unlockCount": 2},
			{"hour": "12", "unlockCount": 11},
			{"hour": "13", "unlockCount": 8},
			{"hour": "14", "unlockCount": 1},
			{"hour": "15", "unlockCount": 0},
			{"hour": "16", "unlockCount": 0},
			{"hour": "17", "unlockCount": 0},
			{"hour": "18", "unlockCount": 0},
			{"hour": "19", "unlockCount": 0},
			{"hour": "20", "unlockCount": 0},
			{"hour": "21", "unlockCount": 0},
			{"hour": "22", "unlockCount": 0},
			{"hour": "23", "unlockCount": 0}
		]
	}
]
