[
	{
		"date": 1,
		"maxTime": 29,
		"totalUnlockCount": 236,
		"keys": [
			{"hour": "0", "unlockCount": 1},
			{"hour": "1", "unlockCount": 0},
			{"hour": "2", "unlockCount": 2},
			{"hour": "3", "unlockCount": 9},
			{"hour": "4", "unlockCount": 16},
			{"hour": "5", "unlockCount": 20},
			{"hour": "6", "unlockCount": 24},
			{"hour": "7", "unlockCount": 23},
			{"hour": "8", "unlockCount": 14},
			{"hour": "9", "unlockCount": 4},
			{"hour": "10", "unlockCount": 3},
			{"hour": "11", "unlockCount": 19},
			{"hour": "12", "unlockCount": 12},
			{"hour": "13", "unlockCount": 11},
			{"hour": "14", "unlockCount": 27},
			{"hour": "15", "unlockCount": 24},
			{"hour": "16", "unlockCount": 12},
			{"hour": "17", "unlockCount": 3},
			{"hour": "18", "unlockCount": 0},
			{"hour": "19", "unlockCount": 4},
			{"hour": "20", "unlockCount": 8},
			{"hour": "21", "unlockCount": 0},
			{"hour": "22", "unlockCount": 0},
			{"hour": "23", "unlockCount": 0}
		]
	},
	{
		"date": 2,
		"maxTime": 114,
		"totalUnlockCount": 241,
		"keys": [
			{"hour": "0", "unlockCount": 1},
			{"hour": "1", "unlockCount": 17},
			{"hour": "2", "unlockCount": 13},
			{"hour": "3", "unlockCount": 19},
			{"hour": "4", "unlockCount": 8},
			{"hour": "5", "unlockCount": 22},
			{"hour": "6", "unlockCount": 1},
			{"hour": "7", "unlockCount": 0},
			{"hour": "8", "unlockCount": 0},
			{"hour": "9", "unlockCount": 4},
			{"hour": "10", "unlockCount": 8},
			{"hour": "11", "unlockCount": 6},
			{"hour": "12", "unlockCount": 2},
			{"hour": "13", "unlockCount": 11},
			{"hour": "14", "unlockCount": 23},
			{"hour": "15", "unlockCount": 19},
			{"hour": "16", "unlockCount": 4},
			{"hour": "17", "unlockCount": 0},
			{"hour": "18", "unlockCount": 0},
			{"hour": "19", "unlockCount": 0},
			{"hour": "20", "unlockCount": 5},
			{"hour": "21", "unlockCount": 33},
			{"hour": "22", "unlockCount": 14},
			{"hour": "23", "unlockCount": 31}
		]
	},
	{
		"date": 3,
		"maxTime": 94,
		"totalUnlockCount": 132,
		"keys": [
			{"hour": "0", "unlockCount": 15},
			{"hour": "1", "unlockCount": 32},
			{"hour": "2", "unlockCount": 6},
			{"hour": "3", "unlockCount": 7},
			{"hour": "4", "unlockCount": 13},
			{"hour": "5", "unlockCount": 10},
			{"hour": "6", "unlockCount": 7},
			{"hour": "7", "unlockCount": 13},
			{"hour": "8", "unlockCount": 13},
			{"hour": "9", "unlockCount": 7},
			{"hour": "10", "unlockCount": 3},
			{"hour": "11", "unlockCount": 1},
			{"hour": "12", "unlockCount": 0},
			{"hour": "13", "unlockCount": 0},
			{"hour": "14", "unlockCount": 0},
			{"hour": "15", "unlockCount": 2},
			{"hour": "16", "unlockCount": 2},
			{"hour": "17", "unlockCount": 1},
			{"hour": "18", "unlockCount": 0},
			{"hour": "19", "unlockCount": 0},
			{"hour": "20", "unlockCount": 0},
			{"hour": "21", "unlockCount": 0},
			{"hour": "22", "unlockCount": 0},
			{"hour": "23", "unlockCount": 0}
		]
	},
	{
		"date": 4,
		"maxTime": 61,
		"totalUnlockCount": 160,
		"keys": [
			{"hour": "0", "unlockCount": 2},
			{"hour": "1", "unlockCount": 4},
			{"hour": "2", "unlockCount": 16},
			{"hour": "3", "unlockCount": 23},
			{"hour": "4", "unlockCount": 8},
			{"hour": "5", "unlockCount": 4},
			{"hour": "6", "unlockCount": 14},
			{"hour": "7", "unlockCount": 6},
			{"hour": "8", "unlockCount": 4},
			{"hour": "9", "unlockCount": 7},
			{"hour": "10", "unlockCount": 8},
			{"hour": "11", "unlockCount": 12},
			{"hour": "12", "unlockCount": 9},
			{"hour": "13", "unlockCount": 9},
			{"hour": "14", "unlockCount": 11},
			{"hour": "15", "unlockCount": 9},
			{"hour": "16", "unlockCount": 9},
			{"hour": "17", "unlockCount": 5},
			{"hour": "18", "unlockCount": 0},
			{"hour": "19", "unlockCount": 0},
			{"hour": "20", "unlockCount": 0},
			{"hour": "21", "unlockCount": 0},
			{"hour": "22", "unlockCount": 0},
			{"hour": "23", "unlockCount": 0}
		]
	},
	{
		"date": 5,
		"maxTime": 61,
		"totalUnlockCount": 191,
		"keys": [
			{"hour": "0", "unlockCount": 3},
			{"hour": "1", "unlockCount": 19},
			{"hour": "2", "unlockCount": 12},
			{"hour": "3", "unlockCount": 10},
			{"hour": "4", "unlockCount": 11},
			{"hour": "5", "unlockCount": 2},
			{"hour": "6", "unlockCount": 6},
			{"hour": "7", "unlockCount": 5},
			{"hour": "8", "unlockCount": 12},
			{"hour": "9", "unlockCount": 14},
			{"hour": "10", "unlockCount": 11},
			{"hour": "11", "unlockCount": 10},
			{"hour": "12", "unlockCount": 6},
			{"hour": "13", "unlockCount": 11},
			{"hour": "14", "unlockCount": 22},
			{"hour": "15", "unlockCount": 14},
			{"hour": "16", "unlockCount": 6},
			{"hour": "17", "unlockCount": 15},
			{"hour": "18", "unlockCount": 0},
			{"hour": "19", "unlockCount": 0},
			{"hour": "20", "unlockCount": 0},
			{"hour": "21", "unlockCount": 0},
			{"hour": "22", "unlockCount": 0},
			{"hour": "23", "unlockCount": 2}
		]
	},
	{
		"date": 6,
		"maxTime": 49,
		"totalUnlockCount": 133,
		"keys": [
			{"hour": "0", "unlockCount": 4},
			{"hour": "1", "unlockCount": 16},
			{"hour": "2", "unlockCount": 20},
			{"hour": "3", "unlockCount": 2},
			{"hour": "4", "unlockCount": 3},
			{"hour": "5", "unlockCount": 11},
			{"hour": "6", "unlockCount": 9},
			{"hour": "7", "unlockCount": 14},
			{"hour": "8", "unlockCount": 19},
			{"hour": "9", "unlockCount": 0},
			{"hour": "10", "unlockCount": 4},
			{"hour": "11", "unlockCount": 1},
			{"hour": "12", "unlockCount": 1},
			{"hour": "13", "unlockCount": 11},
			{"hour": "14", "unlockCount": 2},
			{"hour": "15", "unlockCount": 5},
			{"hour": "16", "unlockCount": 3},
			{"hour": "17", "unlockCount": 6},
			{"hour": "18", "unlockCount": 1},
			{"hour": "19", "unlockCount": 0},
			{"hour": "20", "unlockCount": 0},
			{"hour": "21", "unlockCount": 0},
			{"hour": "22", "unlockCount": 0},
			{"hour": "23", "unlockCount": 1}
		]
	},
	{
		"date": 7,
		"maxTime": 58,
		"totalUnlockCount": 212,
		"keys": [
			{"hour": "0", "unlockCount": 5},
			{"hour": "1", "unlockCount": 23},
			{"hour": "2", "unlockCount": 10},
			{"hour": "3", "unlockCount": 10},
			{"hour": "4", "unlockCount": 7},
			{"hour": "5", "unlockCount": 4},
			{"hour": "6", "unlockCount": 3},
			{"hour": "7", "unlockCount": 5},
			{"hour": "8", "unlockCount": 8},
			{"hour": "9", "unlockCount": 16},
			{"hour": "10", "unlockCount": 20},
			{"hour": "11", "unlockCount": 24},
			{"hour": "12", "unlockCount": 12},
			{"hour": "13", "unlockCount": 23},
			{"hour": "14", "unlockCount": 18},
			{"hour": "15", "unlockCount": 11},
			{"hour": "16", "unlockCount": 10},
			{"hour": "17", "unlockCount": 1},
			{"hour": "18", "unlockCount": 0},
			{"hour": "19", "unlockCount": 0},
			{"hour": "20", "unlockCount": 0},
			{"hour": "21", "unlockCount": 0},
			{"hour": "22", "unlockCount": 0},
			{"hour": "23", "unlockCount": 2}
		]
	}
]
