[
	{
		"date": 1,
		"maxTime": 44,
		"totalUnlockCount": 116,
		"keys": [
			{"hour": "0", "unlockCount": 5},
			{"hour": "1", "unlockCount": 6},
			{"hour": "2", "unlockCount": 7},
			{"hour": "3", "unlockCount": 8},
			{"hour": "4", "unlockCount": 0},
			{"hour": "5", "unlockCount": 4},
			{"hour": "6", "unlockCount": 9},
			{"hour": "7", "unlockCount": 7},
			{"hour": "8", "unlockCount": 10},
			{"hour": "9", "unlockCount": 7},
			{"hour": "10", "unlockCount": 7},
			{"hour": "11", "unlockCount": 8},
			{"hour": "12", "unlockCount": 6},
			{"hour": "13", "unlockCount": 13},
			{"hour": "14", "unlockCount": 2},
			{"hour": "15", "unlockCount": 10},
			{"hour": "16", "unlockCount": 5},
			{"hour": "17", "unlockCount": 1},
			{"hour": "18", "unlockCount": 0},
			{"hour": "19", "unlockCount": 0},
			{"hour": "20", "unlockCount": 0},
			{"hour": "21", "unlockCount": 0},
			{"hour": "22", "unlockCount": 1},
			{"hour": "23", "unlockCount": 0}
		]
	},
	{
		"date": 2,
		"maxTime": 160,
		"totalUnlockCount": 82,
		"keys": [
			{"hour": "0", "unlockCount": 7},
			{"hour": "1", "unlockCount": 6},
			{"hour": "2", "unlockCount": 10},
			{"hour": "3", "unlockCount": 3},
			{"hour": "4", "unlockCount": 6},
			{"hour": "5", "unlockCount": 1},
			{"hour": "6", "unlockCount": 6},
			{"hour": "7", "unlockCount": 6},
			{"hour": "8", "unlockCount": 9},
			{"hour": "9", "unlockCount": 3},
			{"hour": "10", "unlockCount": 4},
			{"hour": "11", "unlockCount": 4},
			{"hour": "12", "unlockCount": 9},
			{"hour": "13", "unlockCount": 0},
			{"hour": "14", "unlockCount": 1},
			{"hour": "15", "unlockCount": 0},
			{"hour": "16", "unlockCount": 0},
			{"hour": "17", "unlockCount": 2},
			{"hour": "18", "unlockCount": 0},
			{"hour": "19", "unlockCount": 0},
			{"hour": "20", "unlockCount": 0},
			{"hour": "21", "unlockCount": 0},
			{"hour": "22", "unlockCount": 0},
			{"hour": "23", "unlockCount": 5}
		]
	},
	{
		"date": 3,
		"maxTime": 70,
		"totalUnlockCount": 103,
		"keys": [
			{"hour": "0", "unlockCount": 2},
			{"hour": "1", "unlockCount": 2},
			{"hour": "2", "unlockCount": 4},
			{"hour": "3", "unlockCount": 5},
			{"hour": "4", "unlockCount": 12},
			{"hour": "5", "unlockCount": 14},
			{"hour": "6", "unlockCount": 5},
			{"hour": "7", "unlockCount": 1},
			{"hour": "8", "unlockCount": 7},
			{"hour": "9", "unlockCount": 11},
			{"hour": "10", "unlockCount": 0},
			{"hour": "11", "unlockCount": 4},
			{"hour": "12", "unlockCount": 5},
			{"hour": "13", "unlockCount": 9},
			{"hour": "14", "unlockCount": 1},
			{"hour": "15", "unlockCount": 1},
			{"hour": "16", "unlockCount": 12},
			{"hour": "17", "unlockCount": 3},
			{"hour": "18", "unlockCount": 0},
			{"hour": "19", "unlockCount": 0},
			{"hour": "20", "unlockCount": 1},
			{"hour": "21", "unlockCount": 0},
			{"hour": "22", "unlockCount": 2},
			{"hour": "23", "unlockCount": 2}
		]
	},
	{
		"date": 4,
		"maxTime": 58,
		"totalUnlockCount": 79,
		"keys": [
			{"hour": "0", "unlockCount": 2},
			{"hour": "1", "unlockCount": 5},
			{"hour": "2", "unlockCount": 5},
			{"hour": "3", "unlockCount": 4},
			{"hour": "4", "unlockCount": 4},
			{"hour": "5", "unlockCount": 7},
			{"hour": "6", "unlockCount": 9},
			{"hour": "7", "unlockCount": 2},
			{"hour": "8", "unlockCount": 5},
			{"hour": "9", "unlockCount": 13},
			{"hour": "10", "unlockCount": 3},
			{"hour": "11", "unlockCount": 3},
			{"hour": "12", "unlockCount": 8},
			{"hour": "13", "unlockCount": 5},
			{"hour": "14", "unlockCount": 2},
			{"hour": "15", "unlockCount": 1},
			{"hour": "16", "unlockCount": 1},
			{"hour": "17", "unlockCount": 0},
			{"hour": "18", "unlockCount": 0},
			{"hour": "19", "unlockCount": 0},
			{"hour": "20", "unlockCount": 0},
			{"hour": "21", "unlockCount": 0},
			{"hour": "22", "unlockCount": 0},
			{"hour": "23", "unlockCount": 0}
		]
	},
	{
		"date": 5,
		"maxTime": 46,
		"totalUnlockCount": 117,
		"keys": [
			{"hour": "0", "unlockCount": 7},
			{"hour": "1", "unlockCount": 3},
			{"hour": "2", "unlockCount": 5},
			{"hour": "3", "unlockCount": 13},
			{"hour": "4", "unlockCount": 4},
			{"hour": "5", "unlockCount": 17},
			{"hour": "6", "unlockCount": 4},
			{"hour": "7", "unlockCount": 2},
			{"hour": "8", "unlockCount": 11},
			{"hour": "9", "unlockCount": 1},
			{"hour": "10", "unlockCount": 9},
			{"hour": "11", "unlockCount": 6},
			{"hour": "12", "unlockCount": 4},
			{"hour": "13", "unlockCount": 10},
			{"hour": "14", "unlockCount": 7},
			{"hour": "15", "unlockCount": 3},
			{"hour": "16", "unlockCount": 0},
			{"hour": "17", "unlockCount": 0},
			{"hour": "18", "unlockCount": 0},
			{"hour": "19", "unlockCount": 0},
			{"hour": "20", "unlockCount": 0},
			{"hour": "21", "unlockCount": 0},
			{"hour": "22", "unlockCount": 7},
			{"hour": "23", "unlockCount": 4}
		]
	},
	{
		"date": 6,
		"maxTime": 70,
		"totalUnlockCount": 98,
		"keys": [
			{"hour": "0", "unlockCount": 4},
			{"hour": "1", "unlockCount": 4},
			{"hour": "2", "unlockCount": 5},
			{"hour": "3", "unlockCount": 10},
			{"hour": "4", "unlockCount": 5},
			{"hour": "5", "unlockCount": 11},
			{"hour": "6", "unlockCount": 9},
			{"hour": "7", "unlockCount": 4},
			{"hour": "8", "unlockCount": 7},
			{"hour": "9", "unlockCount": 7},
			{"hour": "10", "unlockCount": 6},
			{"hour": "11", "unlockCount": 1},
			{"hour": "12", "unlockCount": 3},
			{"hour": "13", "unlockCount": 9},
			{"hour": "14", "unlockCount": 5},
			{"hour": "15", "unlockCount": 2},
			{"hour": "16", "unlockCount": 6},
			{"hour": "17", "unlockCount": 0},
			{"hour": "18", "unlockCount": 0},
			{"hour": "19", "unlockCount": 0},
			{"hour": "20", "unlockCount": 0},
			{"hour": "21", "unlockCount": 0},
			{"hour": "22", "unlockCount": 0},
			{"hour": "23", "unlockCount": 0}
		]
	},
	{
		"date": 7,
		"maxTime": 108,
		"totalUnlockCount": 109,
		"keys": [
			{"hour": "0", "unlockCount": 4},
			{"hour": "1", "unlockCount": 5},
			{"hour": "2", "unlockCount": 12},
			{"hour": "3", "unlockCount": 6},
			{"hour": "4", "unlockCount": 7},
			{"hour": "5", "unlockCount": 11},
			{"hour": "6", "unlockCount": 6},
			{"hour": "7", "unlockCount": 9},
			{"hour": "8", "unlockCount": 8},
			{"hour": "9", "unlockCount": 8},
			{"hour": "10", "unlockCount": 11},
			{"hour": "11", "unlockCount": 10},
			{"hour": "12", "unlockCount": 4},
			{"hour": "13", "unlockCount": 5},
			{"hour": "14", "unlockCount": 0},
			{"hour": "15", "unlockCount": 0},
			{"hour": "16", "unlockCount": 0},
			{"hour": "17", "unlockCount": 0},
			{"hour": "18", "unlockCount": 0},
			{"hour": "19", "unlockCount": 0},
			{"hour": "20", "unlockCount": 0},
			{"hour": "21", "unlockCount": 0},
			{"hour": "22", "unlockCount": 0},
			{"hour": "23", "unlockCount": 3}
		]
	}
]
