[
	{
		"date": 1,
		"maxTime": 81,
		"totalUnlockCount": 399,
		"keys": [
			{"hour": "0", "unlockCount": 4},
			{"hour": "1", "unlockCount": 16},
			{"hour": "2", "unlockCount": 2},
			{"hour": "3", "unlockCount": 28},
			{"hour": "4", "unlockCount": 0},
			{"hour": "5", "unlockCount": 17},
			{"hour": "6", "unlockCount": 1},
			{"hour": "7", "unlockCount": 6},
			{"hour": "8", "unlockCount": 12},
			{"hour": "9", "unlockCount": 6},
			{"hour": "10", "unlockCount": 11},
			{"hour": "11", "unlockCount": 12},
			{"hour": "12", "unlockCount": 33},
			{"hour": "13", "unlockCount": 36},
			{"hour": "14", "unlockCount": 40},
			{"hour": "15", "unlockCount": 23},
			{"hour": "16", "unlockCount": 30},
			{"hour": "17", "unlockCount": 34},
			{"hour": "18", "unlockCount": 10},
			{"hour": "19", "unlockCount": 9},
			{"hour": "20", "unlockCount": 27},
			{"hour": "21", "unlockCount": 14},
			{"hour": "22", "unlockCount": 11},
			{"hour": "23", "unlockCount": 17}
		]
	},
	{
		"date": 2,
		"maxTime": 92,
		"totalUnlockCount": 171,
		"keys": [
			{"hour": "0", "unlockCount": 0},
			{"hour": "1", "unlockCount": 4},
			{"hour": "2", "unlockCount": 0},
			{"hour": "3", "unlockCount": 2},
			{"hour": "4", "unlockCount": 1},
			{"hour": "5", "unlockCount": 4},
			{"hour": "6", "unlockCount": 2},
			{"hour": "7", "unlockCount": 30},
			{"hour": "8", "unlockCount": 17},
			{"hour": "9", "unlockCount": 21},
			{"hour": "10", "unlockCount": 20},
			{"hour": "11", "unlockCount": 1},
			{"hour": "12", "unlockCount": 1},
			{"hour": "13", "unlockCount": 1},
			{"hour": "14", "unlockCount": 3},
			{"hour": "15", "unlockCount": 6},
			{"hour": "16", "unlockCount": 17},
			{"hour": "17", "unlockCount": 13},
			{"hour": "18", "unlockCount": 3},
			{"hour": "19", "unlockCount": 0},
			{"hour": "20", "unlockCount": 0},
			{"hour": "21", "unlockCount": 0},
			{"hour": "22", "unlockCount": 0},
			{"hour": "23", "unlockCount": 25}
		]
	},
	{
		"date": 3,
		"maxTime": 88,
		"totalUnlockCount": 302,
		"keys": [
			{"hour": "0", "unlockCount": 4},
			{"hour": "1", "unlockCount": 2},
			{"hour": "2", "unlockCount": 17},
			{"hour": "3", "unlockCount": 1},
			{"hour": "4", "unlockCount": 0},
			{"hour": "5", "unlockCount": 2},
			{"hour": "6", "unlockCount": 0},
			{"hour": "7", "unlockCount": 0},
			{"hour": "8", "unlockCount": 28},
			{"hour": "9", "unlockCount": 26},
			{"hour": "10", "unlockCount": 10},
			{"hour": "11", "unlockCount": 19},
			{"hour": "12", "unlockCount": 11},
			{"hour": "13", "unlockCount": 19},
			{"hour": "14", "unlockCount": 15},
			{"hour": "15", "unlockCount": 11},
			{"hour": "16", "unlockCount": 48},
			{"hour": "17", "unlockCount": 34},
			{"hour": "18", "unlockCount": 11},
			{"hour": "19", "unlockCount": 27},
			{"hour": "20", "unlockCount": 16},
			{"hour": "21", "unlockCount": 0},
			{"hour": "22", "unlockCount": 1},
			{"hour": "23", "unlockCount": 0}
		]
	},
	{
		"date": 4,
		"maxTime": 65,
		"totalUnlockCount": 272,
		"keys": [
			{"hour": "0", "unlockCount": 0},
			{"hour": "1", "unlockCount": 5},
			{"hour": "2", "unlockCount": 0},
			{"hour": "3", "unlockCount": 5},
			{"hour": "4", "unlockCount": 15},
			{"hour": "5", "unlockCount": 1},
			{"hour": "6", "unlockCount": 4},
			{"hour": "7", "unlockCount": 13},
			{"hour": "8", "unlockCount": 36},
			{"hour": "9", "unlockCount": 45},
			{"hour": "10", "unlockCount": 9},
			{"hour": "11", "unlockCount": 22},
			{"hour": "12", "unlockCount": 27},
			{"hour": "13", "unlockCount": 31},
			{"hour": "14", "unlockCount": 5},
			{"hour": "15", "unlockCount": 10},
			{"hour": "16", "unlockCount": 7},
			{"hour": "17", "unlockCount": 18},
			{"hour": "18", "unlockCount": 11},
			{"hour": "19", "unlockCount": 7},
			{"hour": "20", "unlockCount": 0},
			{"hour": "21", "unlockCount": 1},
			{"hour": "22", "unlockCount": 0},
			{"hour": "23", "unlockCount": 0}
		]
	},
	{
		"date": 5,
		"maxTime": 30,
		"totalUnlockCount": 128,
		"keys": [
			{"hour": "0", "unlockCount": 0},
			{"hour": "1", "unlockCount": 0},
			{"hour": "2", "unlockCount": 4},
			{"hour": "3", "unlockCount": 9},
			{"hour": "4", "unlockCount": 1},
			{"hour": "5", "unlockCount": 3},
			{"hour": "6", "unlockCount": 2},
			{"hour": "7", "unlockCount": 15},
			{"hour": "8", "unlockCount": 23},
			{"hour": "9", "unlockCount": 14},
			{"hour": "10", "unlockCount": 12},
			{"hour": "11", "unlockCount": 15},
			{"hour": "12", "unlockCount": 10},
			{"hour": "13", "unlockCount": 9},
			{"hour": "14", "unlockCount": 0},
			{"hour": "15", "unlockCount": 2},
			{"hour": "16", "unlockCount": 5},
			{"hour": "17", "unlockCount": 1},
			{"hour": "18", "unlockCount": 1},
			{"hour": "19", "unlockCount": 2},
			{"hour": "20", "unlockCount": 0},
			{"hour": "21", "unlockCount": 0},
			{"hour": "22", "unlockCount": 0},
			{"hour": "23", "unlockCount": 0}
		]
	},
	{
		"date": 6,
		"maxTime": 59,
		"totalUnlockCount": 217,
		"keys": [
			{"hour": "0", "unlockCount": 0},
			{"hour": "1", "unlockCount": 10},
			{"hour": "2", "unlockCount": 4},
			{"hour": "3", "unlockCount": 8},
			{"hour": "4", "unlockCount": 3},
			{"hour": "5", "unlockCount": 9},
			{"hour": "6", "unlockCount": 1},
			{"hour": "7", "unlockCount": 4},
			{"hour": "8", "unlockCount": 6},
			{"hour": "9", "unlockCount": 6},
			{"hour": "10", "unlockCount": 13},
			{"hour": "11", "unlockCount": 4},
			{"hour": "12", "unlockCount": 13},
			{"hour": "13", "unlockCount": 27},
			{"hour": "14", "unlockCount": 2},
			{"hour": "15", "unlockCount": 8},
			{"hour": "16", "unlockCount": 31},
			{"hour": "17", "unlockCount": 17},
			{"hour": "18", "unlockCount": 16},
			{"hour": "19", "unlockCount": 15},
			{"hour": "20", "unlockCount": 7},
			{"hour": "21", "unlockCount": 9},
			{"hour": "22", "unlockCount": 4},
			{"hour": "23", "unlockCount": 0}
		]
	},
	{
		"date": 7,
		"maxTime": 50,
		"totalUnlockCount": 195,
		"keys": [
			{"hour": "0", "unlockCount": 0},
			{"hour": "1", "unlockCount": 4},
			{"hour": "2", "unlockCount": 0},
			{"hour": "3", "unlockCount": 0},
			{"hour": "4", "unlockCount": 2},
			{"hour": "5", "unlockCount": 14},
			{"hour": "6", "unlockCount": 0},
			{"hour": "7", "unlockCount": 18},
			{"hour": "8", "unlockCount": 14},
			{"hour": "9", "unlockCount": 7},
			{"hour": "10", "unlockCount": 32},
			{"hour": "11", "unlockCount": 17},
			{"hour": "12", "unlockCount": 14},
			{"hour": "13", "unlockCount": 3},
			{"hour": "14", "unlockCount": 7},
			{"hour": "15", "unlockCount": 6},
			{"hour": "16", "unlockCount": 10},
			{"hour": "17", "unlockCount": 19},
			{"hour": "18", "unlockCount": 9},
			{"hour": "19", "unlockCount": 4},
			{"hour": "20", "unlockCount": 15},
			{"hour": "21", "unlockCount": 0},
			{"hour": "22", "unlockCount": 0},
			{"hour": "23", "unlockCount": 0}
		]
	}
]
