[
	{
		"date": 1,
		"maxTime": 28,
		"totalUnlockCount": 107,
		"keys": [
			{"hour": "0", "unlockCount": 10},
			{"hour": "1", "unlockCount": 2},
			{"hour": "2", "unlockCount": 12},
			{"hour": "3", "unlockCount": 7},
			{"hour": "4", "unlockCount": 7},
			{"hour": "5", "unlockCount": 15},
			{"hour": "6", "unlockCount": 2},
			{"hour": "7", "unlockCount": 7},
			{"hour": "8", "unlockCount": 5},
			{"hour": "9", "unlockCount": 4},
			{"hour": "10", "unlockCount": 9},
			{"hour": "11", "unlockCount": 9},
			{"hour": "12", "unlockCount": 0},
			{"hour": "13", "unlockCount": 6},
			{"hour": "14", "unlockCount": 2},
			{"hour": "15", "unlockCount": 4},
			{"hour": "16", "unlockCount": 2},
			{"hour": "17", "unlockCount": 0},
			{"hour": "18", "unlockCount": 0},
			{"hour": "19", "unlockCount": 0},
			{"hour": "20", "unlockCount": 0},
			{"hour": "21", "unlockCount": 0},
			{"hour": "22", "unlockCount": 0},
			{"hour": "23", "unlockCount": 4}
		]
	},
	{
		"date": 2,
		"maxTime": 28,
		"totalUnlockCount": 83,
		"keys": [
			{"hour": "0", "unlockCount": 0},
			{"hour": "1", "unlockCount": 0},
			{"hour": "2", "unlockCount": 0},
			{"hour": "3", "unlockCount": 3},
			{"hour": "4", "unlockCount": 1},
			{"hour": "5", "unlockCount": 12},
			{"hour": "6", "unlockCount": 6},
			{"hour": "7", "unlockCount": 8},
			{"hour": "8", "unlockCount": 10},
			{"hour": "9", "unlockCount": 4},
			{"hour": "10", "unlockCount": 9},
			{"hour": "11", "unlockCount": 7},
			{"hour": "12", "unlockCount": 3},
			{"hour": "13", "unlockCount": 9},
			{"hour": "14", "unlockCount": 2},
			{"hour": "15", "unlockCount": 1},
			{"hour": "16", "unlockCount": 5},
			{"hour": "17", "unlockCount": 1},
			{"hour": "18", "unlockCount": 0},
			{"hour": "19", "unlockCount": 0},
			{"hour": "20", "unlockCount": 0},
			{"hour": "21", "unlockCount": 0},
			{"hour": "22", "unlockCount": 0},
			{"hour": "23", "unlockCount": 2}
		]
	},
	{
		"date": 3,
		"maxTime": 12,
		"totalUnlockCount": 103,
		"keys": [
			{"hour": "0", "unlockCount": 1},
			{"hour": "1", "unlockCount": 3},
			{"hour": "2", "unlockCount": 5},
			{"hour": "3", "unlockCount": 8},
			{"hour": "4", "unlockCount": 11},
			{"hour": "5", "unlockCount": 3},
			{"hour": "6", "unlockCount": 13},
			{"hour": "7", "unlockCount": 8},
			{"hour": "8", "unlockCount": 4},
			{"hour": "9", "unlockCount": 6},
			{"hour": "10", "unlockCount": 14},
			{"hour": "11", "unlockCount": 6},
			{"hour": "12", "unlockCount": 8},
			{"hour": "13", "unlockCount": 4},
			{"hour": "14", "unlockCount": 1},
			{"hour": "15", "unlockCount": 6},
			{"hour": "16", "unlockCount": 0},
			{"hour": "17", "unlockCount": 0},
			{"hour": "18", "unlockCount": 0},
			{"hour": "19", "unlockCount": 0},
			{"hour": "20", "unlockCount": 1},
			{"hour": "21", "unlockCount": 0},
			{"hour": "22", "unlockCount": 0},
			{"hour": "23", "unlockCount": 1}
		]
	},
	{
		"date": 4,
		"maxTime": 128,
		"totalUnlockCount": 58,
		"keys": [
			{"hour": "0", "unlockCount": 0},
			{"hour": "1", "unlockCount": 1},
			{"hour": "2", "unlockCount": 9},
			{"hour": "3", "unlockCount": 5},
			{"hour": "4", "unlockCount": 3},
			{"hour": "5", "unlockCount": 2},
			{"hour": "6", "unlockCount": 4},
			{"hour": "7", "unlockCount": 5},
			{"hour": "8", "unlockCount": 5},
			{"hour": "9", "unlockCount": 3},
			{"hour": "10", "unlockCount": 2},
			{"hour": "11", "unlockCount": 3},
			{"hour": "12", "unlockCount": 6},
			{"hour": "13", "unlockCount": 0},
			{"hour": "14", "unlockCount": 1},
			{"hour": "15", "unlockCount": 4},
			{"hour": "16", "unlockCount": 1},
			{"hour": "17", "unlockCount": 0},
			{"hour": "18", "unlockCount": 0},
			{"hour": "19", "unlockCount": 0},
			{"hour": "20", "unlockCount": 0},
			{"hour": "21", "unlockCount": 0},
			{"hour": "22", "unlockCount": 0},
			{"hour": "23", "unlockCount": 4}
		]
	},
	{
		"date": 5,
		"maxTime": 38,
		"totalUnlockCount": 129,
		"keys": [
			{"hour": "0", "unlockCount": 10},
			{"hour": "1", "unlockCount": 0},
			{"hour": "2", "unlockCount": 4},
			{"hour": "3", "unlockCount": 20},
			{"hour": "4", "unlockCount": 8},
			{"hour": "5", "unlockCount": 2},
			{"hour": "6", "unlockCount": 8},
			{"hour": "7", "unlockCount": 4},
			{"hour": "8", "unlockCount": 6},
			{"hour": "9", "unlockCount": 8},
			{"hour": "10", "unlockCount": 11},
			{"hour": "11", "unlockCount": 12},
			{"hour": "12", "unlockCount": 11},
			{"hour": "13", "unlockCount": 9},
			{"hour": "14", "unlockCount": 7},
			{"hour": "15", "unlockCount": 7},
			{"hour": "16", "unlockCount": 0},
			{"hour": "17", "unlockCount": 0},
			{"hour": "18", "unlockCount": 0},
			{"hour": "19", "unlockCount": 0},
			{"hour": "20", "unlockCount": 0},
			{"hour": "21", "unlockCount": 1},
			{"hour": "22", "unlockCount": 1},
			{"hour": "23", "unlockCount": 0}
		]
	},
	{
		"date": 6,
		"maxTime": 154,
		"totalUnlockCount": 101,
		"keys": [
			{"hour": "0", "unlockCount": 3},
			{"hour": "1", "unlockCount": 13},
			{"hour": "2", "unlockCount": 6},
			{"hour": "3", "unlockCount": 11},
			{"hour": "4", "unlockCount": 3},
			{"hour": "5", "unlockCount": 3},
			{"hour": "6", "unlockCount": 3},
			{"hour": "7", "unlockCount": 5},
			{"hour": "8", "unlockCount": 6},
			{"hour": "9", "unlockCount": 7},
			{"hour": "10", "unlockCount": 3},
			{"hour": "11", "unlockCount": 12},
			{"hour": "12", "unlockCount": 13},
			{"hour": "13", "unlockCount": 6},
			{"hour": "14", "unlockCount": 0},
			{"hour": "15", "unlockCount": 0},
			{"hour": "16", "unlockCount": 2},
			{"hour": "17", "unlockCount": 2},
			{"hour": "18", "unlockCount": 0},
			{"hour": "19", "unlockCount": 0},
			{"hour": "20", "unlockCount": 0},
			{"hour": "21", "unlockCount": 0},
			{"hour": "22", "unlockCount": 0},
			{"hour": "23", "unlockCount": 3}
		]
	},
	{
		"date": 7,
		"maxTime": 96,
		"totalUnlockCount": 104,
		"keys": [
			{"hour": "0", "unlockCount": 4},
			{"hour": "1", "unlockCount": 7},
			{"hour": "2", "unlockCount": 6},
			{"hour": "3", "unlockCount": 13},
			{"hour": "4", "unlockCount": 6},
			{"hour": "5", "unlockCount": 4},
			{"hour": "6", "unlockCount": 6},
			{"hour": "7", "unlockCount": 5},
			{"hour": "8", "unlockCount": 5},
			{"hour": "9", "unlockCount": 9},
			{"hour": "10", "unlockCount": 3},
			{"hour": "11", "unlockCount": 6},
			{"hour": "12", "unlockCount": 11},
			{"hour": "13", "unlockCount": 10},
			{"hour": "14", "unlockCount": 3},
			{"hour": "15", "unlockCount": 1},
			{"hour": "16", "unlockCount": 0},
			{"hour": "17", "unlockCount": 2},
			{"hour": "18", "unlockCount": 0},
			{"hour": "19", "unlockCount": 0},
			{"hour": "20", "unlockCount": 0},
			{"hour": "21", "unlockCount": 0},
			{"hour": "22", "unlockCount": 0},
			{"hour": "23", "unlockCount": 3}
		]
	}
]
