[
	{
		"date": 1,
		"maxTime": 42,
		"totalUnlockCount": 193,
		"keys": [
			{"hour": "0", "unlockCount": 0},
			{"hour": "1", "unlockCount": 2},
			{"hour": "2", "unlockCount": 7},
			{"hour": "3", "unlockCount": 12},
			{"hour": "4", "unlockCount": 2},
			{"hour": "5", "unlockCount": 6},
			{"hour": "6", "unlockCount": 11},
			{"hour": "7", "unlockCount": 6},
			{"hour": "8", "unlockCount": 11},
			{"hour": "9", "unlockCount": 22},
			{"hour": "10", "unlockCount": 14},
			{"hour": "11", "unlockCount": 17},
			{"hour": "12", "unlockCount": 15},
			{"hour": "13", "unlockCount": 6},
			{"hour": "14", "unlockCount": 17},
			{"hour": "15", "unlockCount": 6},
			{"hour": "16", "unlockCount": 10},
			{"hour": "17", "unlockCount": 12},
			{"hour": "18", "unlockCount": 6},
			{"hour": "19", "unlockCount": 0},
			{"hour": "20", "unlockCount": 0},
			{"hour": "21", "unlockCount": 0},
			{"hour": "22", "unlockCount": 0},
			{"hour": "23", "unlockCount": 11}
		]
	},
	{
		"date": 2,
		"maxTime": 29,
		"totalUnlockCount": 187,
		"keys": [
			{"hour": "0", "unlockCount": 12},
			{"hour": "1", "unlockCount": 19},
			{"hour": "2", "unlockCount": 13},
			{"hour": "3", "unlockCount": 12},
			{"hour": "4", "unlockCount": 10},
			{"hour": "5", "unlockCount": 6},
			{"hour": "6", "unlockCount": 8},
			{"hour": "7", "unlockCount": 5},
			{"hour": "8", "unlockCount": 6},
			{"hour": "9", "unlockCount": 14},
			{"hour": "10", "unlockCount": 12},
			{"hour": "11", "unlockCount": 6},
			{"hour": "12", "unlockCount": 7},
			{"hour": "13", "unlockCount": 2},
			{"hour": "14", "unlockCount": 2},
			{"hour": "15", "unlockCount": 8},
			{"hour": "16", "unlockCount": 18},
			{"hour": "17", "unlockCount": 8},
			{"hour": "18", "unlockCount": 5},
			{"hour": "19", "unlockCount": 3},
			{"hour": "20", "unlockCount": 8},
			{"hour": "21", "unlockCount": 0},
			{"hour": "22", "unlockCount": 0},
			{"hour": "23", "unlockCount": 3}
		]
	},
	{
		"date": 3,
		"maxTime": 47,
		"totalUnlockCount": 114,
		"keys": [
			{"hour": "0", "unlockCount": 13},
			{"hour": "1", "unlockCount": 8},
			{"hour": "2", "unlockCount": 7},
			{"hour": "3", "unlockCount": 14},
			{"hour": "4", "unlockCount": 2},
			{"hour": "5", "unlockCount": 1},
			{"hour": "6", "unlockCount": 11},
			{"hour": "7", "unlockCount": 7},
			{"hour": "8", "unlockCount": 6},
			{"hour": "9", "unlockCount": 7},
			{"hour": "10", "unlockCount": 2},
			{"hour": "11", "unlockCount": 1},
			{"hour": "12", "unlockCount": 0},
			{"hour": "13", "unlockCount": 0},
			{"hour": "14", "unlockCount": 0},
			{"hour": "15", "unlockCount": 2},
			{"hour": "16", "unlockCount": 6},
			{"hour": "17", "unlockCount": 9},
			{"hour": "18", "unlockCount": 9},
			{"hour": "19", "unlockCount": 3},
			{"hour": "20", "unlockCount": 6},
			{"hour": "21", "unlockCount": 0},
			{"hour": "22", "unlockCount": 0},
			{"hour": "23", "unlockCount": 0}
		]
	},
	{
		"date": 4,
		"maxTime": 24,
		"totalUnlockCount": 144,
		"keys": [
			{"hour": "0", "unlockCount": 6},
			{"hour": "1", "unlockCount": 7},
			{"hour": "2", "unlockCount": 9},
			{"hour": "3", "unlockCount": 19},
			{"hour": "4", "unlockCount": 6},
			{"hour": "5", "unlockCount": 10},
			{"hour": "6", "unlockCount": 13},
			{"hour": "7", "unlockCount": 1},
			{"hour": "8", "unlockCount": 5},
			{"hour": "9", "unlockCount": 16},
			{"hour": "10", "unlockCount": 4},
			{"hour": "11", "unlockCount": 7},
			{"hour": "12", "unlockCount": 5},
			{"hour": "13", "unlockCount": 10},
			{"hour": "14", "unlockCount": 13},
			{"hour": "15", "unlockCount": 3},
			{"hour": "16", "unlockCount": 3},
			{"hour": "17", "unlockCount": 0},
			{"hour": "18", "unlockCount": 0},
			{"hour": "19", "unlockCount": 0},
			{"hour": "20", "unlockCount": 0},
			{"hour": "21", "unlockCount": 0},
			{"hour": "22", "unlockCount": 1},
			{"hour": "23", "unlockCount": 6}
		]
	},
	{
		"date": 5,
		"maxTime": 41,
		"totalUnlockCount": 132,
		"keys": [
			{"hour": "0", "unlockCount": 13},
			{"hour": "1", "unlockCount": 17},
			{"hour": "2", "unlockCount": 10},
			{"hour": "3", "unlockCount": 10},
			{"hour": "4", "unlockCount": 8},
			{"hour": "5", "unlockCount": 8},
			{"hour": "6", "unlockCount": 0},
			{"hour": "7", "unlockCount": 8},
			{"hour": "8", "unlockCount": 7},
			{"hour": "9", "unlockCount": 10},
			{"hour": "10", "unlockCount": 4},
			{"hour": "11", "unlockCount": 10},
			{"hour": "12", "unlockCount": 8},
			{"hour": "13", "unlockCount": 2},
			{"hour": "14", "unlockCount": 4},
			{"hour": "15", "unlockCount": 6},
			{"hour": "16", "unlockCount": 5},
			{"hour": "17", "unlockCount": 2},
			{"hour": "18", "unlockCount": 0},
			{"hour": "19", "unlockCount": 0},
			{"hour": "20", "unlockCount": 0},
			{"hour": "21", "unlockCount": 0},
			{"hour": "22", "unlockCount": 0},
			{"hour": "23", "unlockCount": 0}
		]
	},
	{
		"date": 6,
		"maxTime": 50,
		"totalUnlockCount": 134,
		"keys": [
			{"hour": "0", "unlockCount": 0},
			{"hour": "1", "unlockCount": 3},
			{"hour": "2", "unlockCount": 6},
			{"hour": "3", "unlockCount": 13},
			{"hour": "4", "unlockCount": 4},
			{"hour": "5", "unlockCount": 6},
			{"hour": "6", "unlockCount": 12},
			{"hour": "7", "unlockCount": 14},
			{"hour": "8", "unlockCount": 15},
			{"hour": "9", "unlockCount": 7},
			{"hour": "10", "unlockCount": 12},
			{"hour": "11", "unlockCount": 3},
			{"hour": "12", "unlockCount": 8},
			{"hour": "13", "unlockCount": 5},
			{"hour": "14", "unlockCount": 8},
			{"hour": "15", "unlockCount": 3},
			{"hour": "16", "unlockCount": 6},
			{"hour": "17", "unlockCount": 3},
			{"hour": "18", "unlockCount": 1},
			{"hour": "19", "unlockCount": 0},
			{"hour": "20", "unlockCount": 0},
			{"hour": "21", "unlockCount": 0},
			{"hour": "22", "unlockCount": 0},
			{"hour": "23", "unlockCount": 5}
		]
	},
	{
		"date": 7,
		"maxTime": 134,
		"totalUnlockCount": 132,
		"keys": [
			{"hour": "0", "unlockCount": 10},
			{"hour": "1", "unlockCount": 13},
			{"hour": "2", "unlockCount": 12},
			{"hour": "3", "unlockCount": 14},
			{"hour": "4", "unlockCount": 2},
			{"hour": "5", "unlockCount": 0},
			{"hour": "6", "unlockCount": 7},
			{"hour": "7", "unlockCount": 14},
			{"hour": "8", "unlockCount": 8},
			{"hour": "9", "unlockCount": 13},
			{"hour": "10", "unlockCount": 2},
			{"hour": "11", "unlockCount": 4},
			{"hour": "12", "unlockCount": 7},
			{"hour": "13", "unlockCount": 14},
			{"hour": "14", "unlockCount": 6},
			{"hour": "15", "unlockCount": 1},
			{"hour": "16", "unlockCount": 3},
			{"hour": "17", "unlockCount": 0},
			{"hour": "18", "unlockCount": 0},
			{"hour": "19", "unlockCount": 0},
			{"hour": "20", "unlockCount": 0},
			{"hour": "21", "unlockCount": 0},
			{"hour": "22", "unlockCount": 0},
			{"hour": "23", "unlockCount": 2}
		]
	}
]
