[
	{
		"date": 1,
		"maxTime": 35,
		"totalUnlockCount": 98,
		"keys": [
			{"hour": "0", "unlockCount": 0},
			{"hour": "1", "unlockCount": 1},
			{"hour": "2", "unlockCount": 4},
			{"hour": "3", "unlockCount": 8},
			{"hour": "4", "unlockCount": 7},
			{"hour": "5", "unlockCount": 2},
			{"hour": "6", "unlockCount": 4},
			{"hour": "7", "unlockCount": 1},
			{"hour": "8", "unlockCount": 9},
			{"hour": "9", "unlockCount": 12},
			{"hour": "10", "unlockCount": 6},
			{"hour": "11", "unlockCount": 12},
			{"hour": "12", "unlockCount": 4},
			{"hour": "13", "unlockCount": 6},
			{"hour": "14", "unlockCount": 4},
			{"hour": "15", "unlockCount": 5},
			{"hour": "16", "unlockCount": 7},
			{"hour": "17", "unlockCount": 5},
			{"hour": "18", "unlockCount": 0},
			{"hour": "19", "unlockCount": 0},
			{"hour": "20", "unlockCount": 0},
			{"hour": "21", "unlockCount": 0},
			{"hour": "22", "unlockCount": 1},
			{"hour": "23", "unlockCount": 0}
		]
	},
	{
		"date": 2,
		"maxTime": 28,
		"totalUnlockCount": 108,
		"keys": [
			{"hour": "0", "unlockCount": 13},
			{"hour": "1", "unlockCount": 8},
			{"hour": "2", "unlockCount": 12},
			{"hour": "3", "unlockCount": 2},
			{"hour": "4", "unlockCount": 1},
			{"hour": "5", "unlockCount": 2},
			{"hour": "6", "unlockCount": 7},
			{"hour": "7", "unlockCount": 8},
			{"hour": "8", "unlockCount": 10},
			{"hour": "9", "unlockCount": 4},
			{"hour": "10", "unlockCount": 7},
			{"hour": "11", "unlockCount": 4},
			{"hour": "12", "unlockCount": 4},
			{"hour": "13", "unlockCount": 7},
			{"hour": "14", "unlockCount": 4},
			{"hour": "15", "unlockCount": 3},
			{"hour": "16", "unlockCount": 4},
			{"hour": "17", "unlockCount": 2},
			{"hour": "18", "unlockCount": 1},
			{"hour": "19", "unlockCount": 0},
			{"hour": "20", "unlockCount": 0},
			{"hour": "21", "unlockCount": 0},
			{"hour": "22", "unlockCount": 0},
			{"hour": "23", "unlockCount": 5}
		]
	},
	{
		"date": 3,
		"maxTime": 101,
		"totalUnlockCount": 78,
		"keys": [
			{"hour": "0", "unlockCount": 3},
			{"hour": "1", "unlockCount": 9},
			{"hour": "2", "unlockCount": 10},
			{"hour": "3", "unlockCount": 8},
			{"hour": "4", "unlockCount": 3},
			{"hour": "5", "unlockCount": 4},
			{"hour": "6", "unlockCount": 5},
			{"hour": "7", "unlockCount": 4},
			{"hour": "8", "unlockCount": 9},
			{"hour": "9", "unlockCount": 3},
			{"hour": "10", "unlockCount": 0},
			{"hour": "11", "unlockCount": 4},
			{"hour": "12", "unlockCount": 4},
			{"hour": "13", "unlockCount": 1},
			{"hour": "14", "unlockCount": 0},
			{"hour": "15", "unlockCount": 1},
			{"hour": "16", "unlockCount": 4},
			{"hour": "17", "unlockCount": 1},
			{"hour": "18", "unlockCount": 2},
			{"hour": "19", "unlockCount": 3},
			{"hour": "20", "unlockCount": 0},
			{"hour": "21", "unlockCount": 0},
			{"hour": "22", "unlockCount": 0},
			{"hour": "23", "unlockCount": 0}
		]
	},
	{
		"date": 4,
		"maxTime": 30,
		"totalUnlockCount": 94,
		"keys": [
			{"hour": "0", "unlockCount": 0},
			{"hour": "1", "unlockCount": 1},
			{"hour": "2", "unlockCount": 2},
			{"hour": "3", "unlockCount": 3},
			{"hour": "4", "unlockCount": 5},
			{"hour": "5", "unlockCount": 2},
			{"hour": "6", "unlockCount": 13},
			{"hour": "7", "unlockCount": 4},
			{"hour": "8", "unlockCount": 1},
			{"hour": "9", "unlockCount": 15},
			{"hour": "10", "unlockCount": 4},
			{"hour": "11", "unlockCount": 3},
			{"hour": "12", "unlockCount": 4},
			{"hour": "13", "unlockCount": 1},
			{"hour": "14", "unlockCount": 3},
			{"hour": "15", "unlockCount": 2},
			{"hour": "16", "unlockCount": 2},
			{"hour": "17", "unlockCount": 3},
			{"hour": "18", "unlockCount": 3},
			{"hour": "19", "unlockCount": 3},
			{"hour": "20", "unlockCount": 2},
			{"hour": "21", "unlockCount": 3},
			{"hour": "22", "unlockCount": 2},
			{"hour": "23", "unlockCount": 13}
		]
	},
	{
		"date": 5,
		"maxTime": 43,
		"totalUnlockCount": 144,
		"keys": [
			{"hour": "0", "unlockCount": 6},
			{"hour": "1", "unlockCount": 13},
			{"hour": "2", "unlockCount": 5},
			{"hour": "3", "unlockCount": 9},
			{"hour": "4", "unlockCount": 0},
			{"hour": "5", "unlockCount": 8},
			{"hour": "6", "unlockCount": 6},
			{"hour": "7", "unlockCount": 16},
			{"hour": "8", "unlockCount": 14},
			{"hour": "9", "unlockCount": 16},
			{"hour": "10", "unlockCount": 4},
			{"hour": "11", "unlockCount": 5},
			{"hour": "12", "unlockCount": 9},
			{"hour": "13", "unlockCount": 4},
			{"hour": "14", "unlockCount": 8},
			{"hour": "15", "unlockCount": 7},
			{"hour": "16", "unlockCount": 9},
			{"hour": "17", "unlockCount": 3},
			{"hour": "18", "unlockCount": 2},
			{"hour": "19", "unlockCount": 0},
			{"hour": "20", "unlockCount": 0},
			{"hour": "21", "unlockCount": 0},
			{"hour": "22", "unlockCount": 0},
			{"hour": "23", "unlockCount": 0}
		]
	},
	{
		"date": 6,
		"maxTime": 31,
		"totalUnlockCount": 93,
		"keys": [
			{"hour": "0", "unlockCount": 2},
			{"hour": "1", "unlockCount": 1},
			{"hour": "2", "unlockCount": 1},
			{"hour": "3", "unlockCount": 0},
			{"hour": "4", "unlockCount": 4},
			{"hour": "5", "unlockCount": 3},
			{"hour": "6", "unlockCount": 10},
			{"hour": "7", "unlockCount": 1},
			{"hour": "8", "unlockCount": 4},
			{"hour": "9", "unlockCount": 5},
			{"hour": "10", "unlockCount": 5},
			{"hour": "11", "unlockCount": 6},
			{"hour": "12", "unlockCount": 11},
			{"hour": "13", "unlockCount": 9},
			{"hour": "14", "unlockCount": 6},
			{"hour": "15", "unlockCount": 12},
			{"hour": "16", "unlockCount": 6},
			{"hour": "17", "unlockCount": 4},
			{"hour": "18", "unlockCount": 2},
			{"hour": "19", "unlockCount": 0},
			{"hour": "20", "unlockCount": 0},
			{"hour": "21", "unlockCount": 0},
			{"hour": "22", "unlockCount": 0},
			{"hour": "23", "unlockCount": 1}
		]
	},
	{
		"date": 7,
		"maxTime": 22,
		"totalUnlockCount": 105,
		"keys": [
			{"hour": "0", "unlockCount": 10},
			{"hour": "1", "unlockCount": 4},
			{"hour": "2", "unlockCount": 4},
			{"hour": "3", "unlockCount": 4},
			{"hour": "4", "unlockCount": 2},
			{"hour": "5", "unlockCount": 9},
			{"hour": "6", "unlockCount": 8},
			{"hour": "7", "unlockCount": 0},
			{"hour": "8", "unlockCount": 4},
			{"hour": "9", "unlockCount": 6},
			{"hour": "10", "unlockCount": 11},
			{"hour": "11", "unlockCount": 4},
			{"hour": "12", "unlockCount": 10},
			{"hour": "13", "unlockCount": 9},
			{"hour": "14", "unlockCount": 5},
			{"hour": "15", "unlockCount": 2},
			{"hour": "16", "unlockCount": 2},
			{"hour": "17", "unlockCount": 4},
			{"hour": "18", "unlockCount": 6},
			{"hour": "19", "unlockCount": 1},
			{"hour": "20", "unlockCount": 0},
			{"hour": "21", "unlockCount": 0},
			{"hour": "22", "unlockCount": 0},
			{"hour": "23", "unlockCount": 0}
		]
	}
]
