[
	{
		"date": 1,
		"maxTime": 39,
		"totalUnlockCount": 286,
		"keys": [
			{"hour": "0", "unlockCount": 12},
			{"hour": "1", "unlockCount": 16},
			{"hour": "2", "unlockCount": 15},
			{"hour": "3", "unlockCount": 34},
			{"hour": "4", "unlockCount": 25},
			{"hour": "5", "unlockCount": 20},
			{"hour": "6", "unlockCount": 10},
			{"hour": "7", "unlockCount": 19},
			{"hour": "8", "unlockCount": 22},
			{"hour": "9", "unlockCount": 23},
			{"hour": "10", "unlockCount": 16},
			{"hour": "11", "unlockCount": 19},
			{"hour": "12", "unlockCount": 10},
			{"hour": "13", "unlockCount": 1},
			{"hour": "14", "unlockCount": 14},
			{"hour": "15", "unlockCount": 20},
			{"hour": "16", "unlockCount": 5},
			{"hour": "17", "unlockCount": 0},
			{"hour": "18", "unlockCount": 0},
			{"hour": "19", "unlockCount": 0},
			{"hour": "20", "unlockCount": 0},
			{"hour": "21", "unlockCount": 0},
			{"hour": "22", "unlockCount": 0},
			{"hour": "23", "unlockCount": 5}
		]
	},
	{
		"date": 2,
		"maxTime": 20,
		"totalUnlockCount": 177,
		"keys": [
			{"hour": "0", "unlockCount": 8},
			{"hour": "1", "unlockCount": 18},
			{"hour": "2", "unlockCount": 7},
			{"hour": "3", "unlockCount": 22},
			{"hour": "4", "unlockCount": 24},
			{"hour": "5", "unlockCount": 3},
			{"hour": "6", "unlockCount": 9},
			{"hour": "7", "unlockCount": 6},
			{"hour": "8", "unlockCount": 9},
			{"hour": "9", "unlockCount": 16},
			{"hour": "10", "unlockCount": 12},
			{"hour": "11", "unlockCount": 7},
			{"hour": "12", "unlockCount": 0},
			{"hour": "13", "unlockCount": 6},
			{"hour": "14", "unlockCount": 17},
			{"hour": "15", "unlockCount": 10},
			{"hour": "16", "unlockCount": 3},
			{"hour": "17", "unlockCount": 0},
			{"hour": "18", "unlockCount": 0},
			{"hour": "19", "unlockCount": 0},
			{"hour": "20", "unlockCount": 0},
			{"hour": "21", "unlockCount": 0},
			{"hour": "22", "unlockCount": 0},
			{"hour": "23", "unlockCount": 0}
		]
	},
	{
		"date": 3,
		"maxTime": 119,
		"totalUnlockCount": 116,
		"keys": [
			{"hour": "0", "unlockCount": 1},
			{"hour": "1", "unlockCount": 4},
			{"hour": "2", "unlockCount": 5},
			{"hour": "3", "unlockCount": 8},
			{"hour": "4", "unlockCount": 11},
			{"hour": "5", "unlockCount": 14},
			{"hour": "6", "unlockCount": 10},
			{"hour": "7", "unlockCount": 1},
			{"hour": "8", "unlockCount": 0},
			{"hour": "9", "unlockCount": 1},
			{"hour": "10", "unlockCount": 0},
			{"hour": "11", "unlockCount": 3},
			{"hour": "12", "unlockCount": 12},
			{"hour": "13", "unlockCount": 15},
			{"hour": "14", "unlockCount": 6},
			{"hour": "15", "unlockCount": 7},
			{"hour": "16", "unlockCount": 15},
			{"hour": "17", "unlockCount": 1},
			{"hour": "18", "unlockCount": 0},
			{"hour": "19", "unlockCount": 1},
			{"hour": "20", "unlockCount": 1},
			{"hour": "21", "unlockCount": 0},
			{"hour": "22", "unlockCount": 0},
			{"hour": "23", "unlockCount": 0}
		]
	},
	{
		"date": 4,
		"maxTime": 85,
		"totalUnlockCount": 167,
		"keys": [
			{"hour": "0", "unlockCount": 0},
			{"hour": "1", "unlockCount": 2},
			{"hour": "2", "unlockCount": 3},
			{"hour": "3", "unlockCount": 8},
			{"hour": "4", "unlockCount": 15},
			{"hour": "5", "unlockCount": 20},
			{"hour": "6", "unlockCount": 5},
			{"hour": "7", "unlockCount": 11},
			{"hour": "8", "unlockCount": 10},
			{"hour": "9", "unlockCount": 14},
			{"hour": "10", "unlockCount": 11},
			{"hour": "11", "unlockCount": 18},
			{"hour": "12", "unlockCount": 3},
			{"hour": "13", "unlockCount": 13},
			{"hour": "14", "unlockCount": 13},
			{"hour": "15", "unlockCount": 4},
			{"hour": "16", "unlockCount": 1},
			{"hour": "17", "unlockCount": 0},
			{"hour": "18", "unlockCount": 0},
			{"hour": "19", "unlockCount": 0},
			{"hour": "20", "unlockCount": 0},
			{"hour": "21", "unlockCount": 0},
			{"hour": "22", "unlockCount": 3},
			{"hour": "23", "unlockCount": 13}
		]
	},
	{
		"date": 5,
		"maxTime": 35,
		"totalUnlockCount": 235,
		"keys": [
			{"hour": "0", "unlockCount": 4},
			{"hour": "1", "unlockCount": 15},
			{"hour": "2", "unlockCount": 15},
			{"hour": "3", "unlockCount": 28},
			{"hour": "4", "unlockCount": 7},
			{"hour": "5", "unlockCount": 25},
			{"hour": "6", "unlockCount": 10},
			{"hour": "7", "unlockCount": 16},
			{"hour": "8", "unlockCount": 26},
			{"hour": "9", "unlockCount": 12},
			{"hour": "10", "unlockCount": 9},
			{"hour": "11", "unlockCount": 9},
			{"hour": "12", "unlockCount": 5},
			{"hour": "13", "unlockCount": 12},
			{"hour": "14", "unlockCount": 4},
			{"hour": "15", "unlockCount": 14},
			{"hour": "16", "unlockCount": 13},
			{"hour": "17", "unlockCount": 0},
			{"hour": "18", "unlockCount": 4},
			{"hour": "19", "unlockCount": 0},
			{"hour": "20", "unlockCount": 0},
			{"hour": "21", "unlockCount": 0},
			{"hour": "22", "unlockCount": 0},
			{"hour": "23", "unlockCount": 7}
		]
	},
	{
		"date": 6,
		"maxTime": 66,
		"totalUnlockCount": 225,
		"keys": [
			{"hour": "0", "unlockCount": 18},
			{"hour": "1", "unlockCount": 19},
			{"hour": "2", "unlockCount": 4},
			{"hour": "3", "unlockCount": 10},
			{"hour": "4", "unlockCount": 3},
			{"hour": "5", "unlockCount": 5},
			{"hour": "6", "unlockCount": 16},
			{"hour": "7", "unlockCount": 8},
			{"hour": "8", "unlockCount": 17},
			{"hour": "9", "unlockCount": 18},
			{"hour": "10", "unlockCount": 20},
			{"hour": "11", "unlockCount": 7},
			{"hour": "12", "unlockCount": 7},
			{"hour": "13", "unlockCount": 30},
			{"hour": "14", "unlockCount": 14},
			{"hour": "15", "unlockCount": 4},
			{"hour": "16", "unlockCount": 14},
			{"hour": "17", "unlockCount": 2},
			{"hour": "18", "unlockCount": 0},
			{"hour": "19", "unlockCount": 0},
			{"hour": "20", "unlockCount": 0},
			{"hour": "21", "unlockCount": 3},
			{"hour": "22", "unlockCount": 3},
			{"hour": "23", "unlockCount": 3}
		]
	},
	{
		"date": 7,
		"maxTime": 43,
		"totalUnlockCount": 217,
		"keys": [
			{"hour": "0", "unlockCount": 22},
			{"hour": "1", "unlockCount": 14},
			{"hour": "2", "unlockCount": 12},
			{"hour": "3", "unlockCount": 16},
			{"hour": "4", "unlockCount": 8},
			{"hour": "5", "unlockCount": 16},
			{"hour": "6", "unlockCount": 6},
			{"hour": "7", "unlockCount": 6},
			{"hour": "8", "unlockCount": 5},
			{"hour": "9", "unlockCount": 9},
			{"hour": "10", "unlockCount": 6},
			{"hour": "11", "unlockCount": 28},
			{"hour": "12", "unlockCount": 16},
			{"hour": "13", "unlockCount": 16},
			{"hour": "14", "unlockCount": 13},
			{"hour": "15", "unlockCount": 9},
			{"hour": "16", "unlockCount": 4},
			{"hour": "17", "unlockCount": 1},
			{"hour": "18", "unlockCount": 0},
			{"hour": "19", "unlockCount": 0},
			{"hour": "20", "unlockCount": 0},
			{"hour": "21", "unlockCount": 0},
			{"hour": "22", "unlockCount": 1},
			{"hour": "23", "unlockCount": 9}
		]
	}
]
