[
	{
		"date": 1,
		"maxTime": 105,
		"totalUnlockCount": 54,
		"keys": [
			{"hour": "0", "unlockCount": 0},
			{"hour": "1", "unlockCount": 0},
			{"hour": "2", "unlockCount": 1},
			{"hour": "3", "unlockCount": 2},
			{"hour": "4", "unlockCount": 17},
			{"hour": "5", "unlockCount": 3},
			{"hour": "6", "unlockCount": 4},
			{"hour": "7", "unlockCount": 8},
			{"hour": "8", "unlockCount": 6},
			{"hour": "9", "unlockCount": 0},
			{"hour": "10", "unlockCount": 0},
			{"hour": "11", "unlockCount": 0},
			{"hour": "12", "unlockCount": 0},
			{"hour": "13", "unlockCount": 0},
			{"hour": "14", "unlockCount": 0},
			{"hour": "15", "unlockCount": 1},
			{"hour": "16", "unlockCount": 3},
			{"hour": "17", "unlockCount": 0},
			{"hour": "18", "unlockCount": 6},
			{"hour": "19", "unlockCount": 2},
			{"hour": "20", "unlockCount": 0},
			{"hour": "21", "unlockCount": 0},
			{"hour": "22", "unlockCount": 0},
			{"hour": "23", "unlockCount": 1}
		]
	},
	{
		"date": 2,
		"maxTime": 423,
		"totalUnlockCount": 72,
		"keys": [
			{"hour": "0", "unlockCount": 0},
			{"hour": "1", "unlockCount": 13},
			{"hour": "2", "unlockCount": 5},
			{"hour": "3", "unlockCount": 8},
			{"hour": "4", "unlockCount": 12},
			{"hour": "5", "unlockCount": 12},
			{"hour": "6", "unlockCount": 1},
			{"hour": "7", "unlockCount": 8},
			{"hour": "8", "unlockCount": 4},
			{"hour": "9", "unlockCount": 6},
			{"hour": "10", "unlockCount": 0},
			{"hour": "11", "unlockCount": 0},
			{"hour": "12", "unlockCount": 0},
			{"hour": "13", "unlockCount": 0},
			{"hour": "14", "unlockCount": 0},
			{"hour": "15", "unlockCount": 0},
			{"hour": "16", "unlockCount": 2},
			{"hour": "17", "unlockCount": 1},
			{"hour": "18", "unlockCount": 0},
			{"hour": "19", "unlockCount": 0},
			{"hour": "20", "unlockCount": 0},
			{"hour": "21", "unlockCount": 0},
			{"hour": "22", "unlockCount": 0},
			{"hour": "23", "unlockCount": 0}
		]
	},
	{
		"date": 3,
		"maxTime": 43,
		"totalUnlockCount": 44,
		"keys": [
			{"hour": "0", "unlockCount": 1},
			{"hour": "1", "unlockCount": 0},
			{"hour": "2", "unlockCount": 0},
			{"hour": "3", "unlockCount": 5},
			{"hour": "4", "unlockCount": 6},
			{"hour": "5", "unlockCount": 5},
			{"hour": "6", "unlockCount": 0},
			{"hour": "7", "unlockCount": 0},
			{"hour": "8", "unlockCount": 6},
			{"hour": "9", "unlockCount": 5},
			{"hour": "10", "unlockCount": 1},
			{"hour": "11", "unlockCount": 4},
			{"hour": "12", "unlockCount": 4},
			{"hour": "13", "unlockCount": 3},
			{"hour": "14", "unlockCount": 2},
			{"hour": "15", "unlockCount": 2},
			{"hour": "16", "unlockCount": 0},
			{"hour": "17", "unlockCount": 0},
			{"hour": "18", "unlockCount": 0},
			{"hour": "19", "unlockCount": 0},
			{"hour": "20", "unlockCount": 0},
			{"hour": "21", "unlockCount": 0},
			{"hour": "22", "unlockCount": 0},
			{"hour": "23", "unlockCount": 0}
		]
	},
	{
		"date": 4,
		"maxTime": 46,
		"totalUnlockCount": 88,
		"keys": [
			{"hour": "0", "unlockCount": 0},
			{"hour": "1", "unlockCount": 0},
			{"hour": "2", "unlockCount": 3},
			{"hour": "3", "unlockCount": 2},
			{"hour": "4", "unlockCount": 1},
			{"hour": "5", "unlockCount": 11},
			{"hour": "6", "unlockCount": 9},
			{"hour": "7", "unlockCount": 3},
			{"hour": "8", "unlockCount": 4},
			{"hour": "9", "unlockCount": 14},
			{"hour": "10", "unlockCount": 3},
			{"hour": "11", "unlockCount": 5},
			{"hour": "12", "unlockCount": 5},
			{"hour": "13", "unlockCount": 6},
			{"hour": "14", "unlockCount": 14},
			{"hour": "15", "unlockCount": 1},
			{"hour": "16", "unlockCount": 2},
			{"hour": "17", "unlockCount": 1},
			{"hour": "18", "unlockCount": 1},
			{"hour": "19", "unlockCount": 0},
			{"hour": "20", "unlockCount": 0},
			{"hour": "21", "unlockCount": 0},
			{"hour": "22", "unlockCount": 0},
			{"hour": "23", "unlockCount": 3}
		]
	},
	{
		"date": 5,
		"maxTime": 40,
		"totalUnlockCount": 153,
		"keys": [
			{"hour": "0", "unlockCount": 4},
			{"hour": "1", "unlockCount": 14},
			{"hour": "2", "unlockCount": 13},
			{"hour": "3", "unlockCount": 4},
			{"hour": "4", "unlockCount": 6},
			{"hour": "5", "unlockCount": 17},
			{"hour": "6", "unlockCount": 7},
			{"hour": "7", "unlockCount": 3},
			{"hour": "8", "unlockCount": 5},
			{"hour": "9", "unlockCount": 5},
			{"hour": "10", "unlockCount": 16},
			{"hour": "11", "unlockCount": 9},
			{"hour": "12", "unlockCount": 6},
			{"hour": "13", "unlockCount": 6},
			{"hour": "14", "unlockCount": 3},
			{"hour": "15", "unlockCount": 14},
			{"hour": "16", "unlockCount": 0},
			{"hour": "17", "unlockCount": 0},
			{"hour": "18", "unlockCount": 0},
			{"hour": "19", "unlockCount": 0},
			{"hour": "20", "unlockCount": 0},
			{"hour": "21", "unlockCount": 13},
			{"hour": "22", "unlockCount": 1},
			{"hour": "23", "unlockCount": 7}
		]
	},
	{
		"date": 6,
		"maxTime": 28,
		"totalUnlockCount": 99,
		"keys": [
			{"hour": "0", "unlockCount": 0},
			{"hour": "1", "unlockCount": 0},
			{"hour": "2", "unlockCount": 5},
			{"hour": "3", "unlockCount": 0},
			{"hour": "4", "unlockCount": 3},
			{"hour": "5", "unlockCount": 3},
			{"hour": "6", "unlockCount": 3},
			{"hour": "7", "unlockCount": 5},
			{"hour": "8", "unlockCount": 15},
			{"hour": "9", "unlockCount": 8},
			{"hour": "10", "unlockCount": 13},
			{"hour": "11", "unlockCount": 6},
			{"hour": "12", "unlockCount": 9},
			{"hour": "13", "unlockCount": 14},
			{"hour": "14", "unlockCount": 3},
			{"hour": "15", "unlockCount": 0},
			{"hour": "16", "unlockCount": 8},
			{"hour": "17", "unlockCount": 1},
			{"hour": "18", "unlockCount": 3},
			{"hour": "19", "unlockCount": 0},
			{"hour": "20", "unlockCount": 0},
			{"hour": "21", "unlockCount": 0},
			{"hour": "22", "unlockCount": 0},
			{"hour": "23", "unlockCount": 0}
		]
	},
	{
		"date": 7,
		"maxTime": 44,
		"totalUnlockCount": 150,
		"keys": [
			{"hour": "0", "unlockCount": 9},
			{"hour": "1", "unlockCount": 12},
			{"hour": "2", "unlockCount": 11},
			{"hour": "3", "unlockCount": 11},
			{"hour": "4", "unlockCount": 4},
			{"hour": "5", "unlockCount": 8},
			{"hour": "6", "unlockCount": 6},
			{"hour": "7", "unlockCount": 3},
			{"hour": "8", "unlockCount": 9},
			{"hour": "9", "unlockCount": 8},
			{"hour": "10", "unlockCount": 12},
			{"hour": "11", "unlockCount": 5},
			{"hour": "12", "unlockCount": 4},
			{"hour": "13", "unlockCount": 14},
			{"hour": "14", "unlockCount": 7},
			{"hour": "15", "unlockCount": 0},
			{"hour": "16", "unlockCount": 5},
			{"hour": "17", "unlockCount": 4},
			{"hour": "18", "unlockCount": 6},
			{"hour": "19", "unlockCount": 0},
			{"hour": "20", "unlockCount": 0},
			{"hour": "21", "unlockCount": 0},
			{"hour": "22", "unlockCount": 0},
			{"hour": "23", "unlockCount": 12}
		]
	}
]
