[
	{
		"date": 1,
		"maxTime": 58,
		"totalUnlockCount": 158,
		"keys": [
			{"hour": "0", "unlockCount": 0},
			{"hour": "1", "unlockCount": 10},
			{"hour": "2", "unlockCount": 23},
			{"hour": "3", "unlockCount": 16},
			{"hour": "4", "unlockCount": 10},
			{"hour": "5", "unlockCount": 21},
			{"hour": "6", "unlockCount": 0},
			{"hour": "7", "unlockCount": 5},
			{"hour": "8", "unlockCount": 16},
			{"hour": "9", "unlockCount": 7},
			{"hour": "10", "unlockCount": 9},
			{"hour": "11", "unlockCount": 5},
			{"hour": "12", "unlockCount": 12},
			{"hour": "13", "unlockCount": 4},
			{"hour": "14", "unlockCount": 5},
			{"hour": "15", "unlockCount": 1},
			{"hour": "16", "unlockCount": 2},
			{"hour": "17", "unlockCount": 4},
			{"hour": "18", "unlockCount": 5},
			{"hour": "19", "unlockCount": 0},
			{"hour": "20", "unlockCount": 1},
			{"hour": "21", "unlockCount": 0},
			{"hour": "22", "unlockCount": 1},
			{"hour": "23", "unlockCount": 1}
		]
	},
	{
		"date": 2,
		"maxTime": 23,
		"totalUnlockCount": 182,
		"keys": [
			{"hour": "0", "unlockCount": 11},
			{"hour": "1", "unlockCount": 14},
			{"hour": "2", "unlockCount": 15},
			{"hour": "3", "unlockCount": 14},
			{"hour": "4", "unlockCount": 17},
			{"hour": "5", "unlockCount": 10},
			{"hour": "6", "unlockCount": 13},
			{"hour": "7", "unlockCount": 1},
			{"hour": "8", "unlockCount": 10},
			{"hour": "9", "unlockCount": 7},
			{"hour": "10", "unlockCount": 11},
			{"hour": "11", "unlockCount": 11},
			{"hour": "12", "unlockCount": 7},
			{"hour": "13", "unlockCount": 8},
			{"hour": "14", "unlockCount": 4},
			{"hour": "15", "unlockCount": 9},
			{"hour": "16", "unlockCount": 4},
			{"hour": "17", "unlockCount": 0},
			{"hour": "18", "unlockCount": 0},
			{"hour": "19", "unlockCount": 0},
			{"hour": "20", "unlockCount": 0},
			{"hour": "21", "unlockCount": 1},
			{"hour": "22", "unlockCount": 1},
			{"hour": "23", "unlockCount": 14}
		]
	},
	{
		"date": 3,
		"maxTime": 32,
		"totalUnlockCount": 149,
		"keys": [
			{"hour": "0", "unlockCount": 4},
			{"hour": "1", "unlockCount": 0},
			{"hour": "2", "unlockCount": 3},
			{"hour": "3", "unlockCount": 8},
			{"hour": "4", "unlockCount": 8},
			{"hour": "5", "unlockCount": 17},
			{"hour": "6", "unlockCount": 20},
			{"hour": "7", "unlockCount": 4},
			{"hour": "8", "unlockCount": 5},
			{"hour": "9", "unlockCount": 10},
			{"hour": "10", "unlockCount": 11},
			{"hour": "11", "unlockCount": 7},
			{"hour": "12", "unlockCount": 3},
			{"hour": "13", "unlockCount": 3},
			{"hour": "14", "unlockCount": 4},
			{"hour": "15", "unlockCount": 7},
			{"hour": "16", "unlockCount": 9},
			{"hour": "17", "unlockCount": 6},
			{"hour": "18", "unlockCount": 0},
			{"hour": "19", "unlockCount": 0},
			{"hour": "20", "unlockCount": 0},
			{"hour": "21", "unlockCount": 0},
			{"hour": "22", "unlockCount": 1},
			{"hour": "23", "unlockCount": 19}
		]
	},
	{
		"date": 4,
		"maxTime": 23,
		"totalUnlockCount": 209,
		"keys": [
			{"hour": "0", "unlockCount": 1},
			{"hour": "1", "unlockCount": 0},
			{"hour": "2", "unlockCount": 3},
			{"hour": "3", "unlockCount": 27},
			{"hour": "4", "unlockCount": 31},
			{"hour": "5", "unlockCount": 19},
			{"hour": "6", "unlockCount": 13},
			{"hour": "7", "unlockCount": 0},
			{"hour": "8", "unlockCount": 12},
			{"hour": "9", "unlockCount": 11},
			{"hour": "10", "unlockCount": 21},
			{"hour": "11", "unlockCount": 4},
			{"hour": "12", "unlockCount": 5},
			{"hour": "13", "unlockCount": 29},
			{"hour": "14", "unlockCount": 2},
			{"hour": "15", "unlockCount": 13},
			{"hour": "16", "unlockCount": 12},
			{"hour": "17", "unlockCount": 5},
			{"hour": "18", "unlockCount": 0},
			{"hour": "19", "unlockCount": 0},
			{"hour": "20", "unlockCount": 0},
			{"hour": "21", "unlockCount": 0},
			{"hour": "22", "unlockCount": 0},
			{"hour": "23", "unlockCount": 1}
		]
	},
	{
		"date": 5,
		"maxTime": 22,
		"totalUnlockCount": 141,
		"keys": [
			{"hour": "0", "unlockCount": 0},
			{"hour": "1", "unlockCount": 0},
			{"hour": "2", "unlockCount": 0},
			{"hour": "3", "unlockCount": 0},
			{"hour": "4", "unlockCount": 8},
			{"hour": "5", "unlockCount": 10},
			{"hour": "6", "unlockCount": 4},
			{"hour": "7", "unlockCount": 16},
			{"hour": "8", "unlockCount": 6},
			{"hour": "9", "unlockCount": 5},
			{"hour": "10", "unlockCount": 16},
			{"hour": "11", "unlockCount": 9},
			{"hour": "12", "unlockCount": 15},
			{"hour": "13", "unlockCount": 13},
			{"hour": "14", "unlockCount": 28},
			{"hour": "15", "unlockCount": 4},
			{"hour": "16", "unlockCount": 1},
			{"hour": "17", "unlockCount": 2},
			{"hour": "18", "unlockCount": 0},
			{"hour": "19", "unlockCount": 0},
			{"hour": "20", "unlockCount": 1},
			{"hour": "21", "unlockCount": 0},
			{"hour": "22", "unlockCount": 1},
			{"hour": "23", "unlockCount": 2}
		]
	},
	{
		"date": 6,
		"maxTime": 318,
		"totalUnlockCount": 106,
		"keys": [
			{"hour": "0", "unlockCount": 2},
			{"hour": "1", "unlockCount": 7},
			{"hour": "2", "unlockCount": 10},
			{"hour": "3", "unlockCount": 4},
			{"hour": "4", "unlockCount": 4},
			{"hour": "5", "unlockCount": 34},
			{"hour": "6", "unlockCount": 0},
			{"hour": "7", "unlockCount": 3},
			{"hour": "8", "unlockCount": 11},
			{"hour": "9", "unlockCount": 2},
			{"hour": "10", "unlockCount": 2},
			{"hour": "11", "unlockCount": 1},
			{"hour": "12", "unlockCount": 3},
			{"hour": "13", "unlockCount": 3},
			{"hour": "14", "unlockCount": 5},
			{"hour": "15", "unlockCount": 5},
			{"hour": "16", "unlockCount": 6},
			{"hour": "17", "unlockCount": 2},
			{"hour": "18", "unlockCount": 2},
			{"hour": "19", "unlockCount": 0},
			{"hour": "20", "unlockCount": 0},
			{"hour": "21", "unlockCount": 0},
			{"hour": "22", "unlockCount": 0},
			{"hour": "23", "unlockCount": 0}
		]
	},
	{
		"date": 7,
		"maxTime": 270,
		"totalUnlockCount": 179,
		"keys": [
			{"hour": "0", "unlockCount": 0},
			{"hour": "1", "unlockCount": 10},
			{"hour": "2", "unlockCount": 19},
			{"hour": "3", "unlockCount": 28},
			{"hour": "4", "unlockCount": 27},
			{"hour": "5", "unlockCount": 23},
			{"hour": "6", "unlockCount": 17},
			{"hour": "7", "unlockCount": 10},
			{"hour": "8", "unlockCount": 15},
			{"hour": "9", "unlockCount": 4},
			{"hour": "10", "unlockCount": 6},
			{"hour": "11", "unlockCount": 1},
			{"hour": "12", "unlockCount": 0},
			{"hour": "13", "unlockCount": 0},
			{"hour": "14", "unlockCount": 0},
			{"hour": "15", "unlockCount": 0},
			{"hour": "16", "unlockCount": 8},
			{"hour": "17", "unlockCount": 0},
			{"hour": "18", "unlockCount": 0},
			{"hour": "19", "unlockCount": 0},
			{"hour": "20", "unlockCount": 0},
			{"hour": "21", "unlockCount": 0},
			{"hour": "22", "unlockCount": 0},
			{"hour": "23", "unlockCount": 11}
		]
	}
]
