[
	{
		"date": 1,
		"maxTime": 23,
		"totalUnlockCount": 344,
		"keys": [
			{"hour": "0", "unlockCount": 2},
			{"hour": "1", "unlockCount": 10},
			{"hour": "2", "unlockCount": 13},
			{"hour": "3", "unlockCount": 28},
			{"hour": "4", "unlockCount": 30},
			{"hour": "5", "unlockCount": 40},
			{"hour": "6", "unlockCount": 35},
			{"hour": "7", "unlockCount": 17},
			{"hour": "8", "unlockCount": 20},
			{"hour": "9", "unlockCount": 37},
			{"hour": "10", "unlockCount": 20},
			{"hour": "11", "unlockCount": 15},
			{"hour": "12", "unlockCount": 30},
			{"hour": "13", "unlockCount": 3},
			{"hour": "14", "unlockCount": 8},
			{"hour": "15", "unlockCount": 14},
			{"hour": "16", "unlockCount": 9},
			{"hour": "17", "unlockCount": 0},
			{"hour": "18", "unlockCount": 0},
			{"hour": "19", "unlockCount": 0},
			{"hour": "20", "unlockCount": 0},
			{"hour": "21", "unlockCount": 0},
			{"hour": "22", "unlockCount": 0},
			{"hour": "23", "unlockCount": 13}
		]
	},
	{
		"date": 2,
		"maxTime": 86,
		"totalUnlockCount": 338,
		"keys": [
			{"hour": "0", "unlockCount": 11},
			{"hour": "1", "unlockCount": 10},
			{"hour": "2", "unlockCount": 30},
			{"hour": "3", "unlockCount": 28},
			{"hour": "4", "unlockCount": 34},
			{"hour": "5", "unlockCount": 23},
			{"hour": "6", "unlockCount": 10},
			{"hour": "7", "unlockCount": 14},
			{"hour": "8", "unlockCount": 31},
			{"hour": "9", "unlockCount": 23},
			{"hour": "10", "unlockCount": 13},
			{"hour": "11", "unlockCount": 20},
			{"hour": "12", "unlockCount": 10},
			{"hour": "13", "unlockCount": 0},
			{"hour": "14", "unlockCount": 13},
			{"hour": "15", "unlockCount": 24},
			{"hour": "16", "unlockCount": 38},
			{"hour": "17", "unlockCount": 5},
			{"hour": "18", "unlockCount": 0},
			{"hour": "19", "unlockCount": 1},
			{"hour": "20", "unlockCount": 0},
			{"hour": "21", "unlockCount": 0},
			{"hour": "22", "unlockCount": 0},
			{"hour": "23", "unlockCount": 0}
		]
	},
	{
		"date": 3,
		"maxTime": 23,
		"totalUnlockCount": 399,
		"keys": [
			{"hour": "0", "unlockCount": 1},
			{"hour": "1", "unlockCount": 7},
			{"hour": "2", "unlockCount": 17},
			{"hour": "3", "unlockCount": 44},
			{"hour": "4", "unlockCount": 11},
			{"hour": "5", "unlockCount": 19},
			{"hour": "6", "unlockCount": 38},
			{"hour": "7", "unlockCount": 11},
			{"hour": "8", "unlockCount": 26},
			{"hour": "9", "unlockCount": 36},
			{"hour": "10", "unlockCount": 29},
			{"hour": "11", "unlockCount": 19},
			{"hour": "12", "unlockCount": 12},
			{"hour": "13", "unlockCount": 34},
			{"hour": "14", "unlockCount": 32},
			{"hour": "15", "unlockCount": 12},
			{"hour": "16", "unlockCount": 20},
			{"hour": "17", "unlockCount": 15},
			{"hour": "18", "unlockCount": 7},
			{"hour": "19", "unlockCount": 8},
			{"hour": "20", "unlockCount": 1},
			{"hour": "21", "unlockCount": 0},
			{"hour": "22", "unlockCount": 0},
			{"hour": "23", "unlockCount": 0}
		]
	},
	{
		"date": 4,
		"maxTime": 212,
		"totalUnlockCount": 171,
		"keys": [
			{"hour": "0", "unlockCount": 0},
			{"hour": "1", "unlockCount": 2},
			{"hour": "2", "unlockCount": 7},
			{"hour": "3", "unlockCount": 40},
			{"hour": "4", "unlockCount": 37},
			{"hour": "5", "unlockCount": 26},
			{"hour": "6", "unlockCount": 16},
			{"hour": "7", "unlockCount": 8},
			{"hour": "8", "unlockCount": 2},
			{"hour": "9", "unlockCount": 0},
			{"hour": "10", "unlockCount": 16},
			{"hour": "11", "unlockCount": 8},
			{"hour": "12", "unlockCount": 3},
			{"hour": "13", "unlockCount": 0},
			{"hour": "14", "unlockCount": 0},
			{"hour": "15", "unlockCount": 2},
			{"hour": "16", "unlockCount": 0},
			{"hour": "17", "unlockCount": 1},
			{"hour": "18", "unlockCount": 0},
			{"hour": "19", "unlockCount": 0},
			{"hour": "20", "unlockCount": 0},
			{"hour": "21", "unlockCount": 0},
			{"hour": "22", "unlockCount": 2},
			{"hour": "23", "unlockCount": 1}
		]
	},
	{
		"date": 5,
		"maxTime": 16,
		"totalUnlockCount": 391,
		"keys": [
			{"hour": "0", "unlockCount": 3},
			{"hour": "1", "unlockCount": 19},
			{"hour": "2", "unlockCount": 46},
			{"hour": "3", "unlockCount": 42},
			{"hour": "4", "unlockCount": 7},
			{"hour": "5", "unlockCount": 16},
			{"hour": "6", "unlockCount": 25},
			{"hour": "7", "unlockCount": 28},
			{"hour": "8", "unlockCount": 34},
			{"hour": "9", "unlockCount": 24},
			{"hour": "10", "unlockCount": 34},
			{"hour": "11", "unlockCount": 39},
			{"hour": "12", "unlockCount": 19},
			{"hour": "13", "unlockCount": 13},
			{"hour": "14", "unlockCount": 17},
			{"hour": "15", "unlockCount": 18},
			{"hour": "16", "unlockCount": 7},
			{"hour": "17", "unlockCount": 0},
			{"hour": "18", "unlockCount": 0},
			{"hour": "19", "unlockCount": 0},
			{"hour": "20", "unlockCount": 0},
			{"hour": "21", "unlockCount": 0},
			{"hour": "22", "unlockCount": 0},
			{"hour": "23", "unlockCount": 0}
		]
	},
	{
		"date": 6,
		"maxTime": 575,
		"totalUnlockCount": 139,
		"keys": [
			{"hour": "0", "unlockCount": 0},
			{"hour": "1", "unlockCount": 0},
			{"hour": "2", "unlockCount": 7},
			{"hour": "3", "unlockCount": 12},
			{"hour": "4", "unlockCount": 22},
			{"hour": "5", "unlockCount": 20},
			{"hour": "6", "unlockCount": 31},
			{"hour": "7", "unlockCount": 1},
			{"hour": "8", "unlockCount": 24},
			{"hour": "9", "unlockCount": 14},
			{"hour": "10", "unlockCount": 4},
			{"hour": "11", "unlockCount": 0},
			{"hour": "12", "unlockCount": 0},
			{"hour": "13", "unlockCount": 1},
			{"hour": "14", "unlockCount": 3},
			{"hour": "15", "unlockCount": 0},
			{"hour": "16", "unlockCount": 0},
			{"hour": "17", "unlockCount": 0},
			{"hour": "18", "unlockCount": 0},
			{"hour": "19", "unlockCount": 0},
			{"hour": "20", "unlockCount": 0},
			{"hour": "21", "unlockCount": 0},
			{"hour": "22", "unlockCount": 0},
			{"hour": "23", "unlockCount": 0}
		]
	},
	{
		"date": 7,
		"maxTime": 62,
		"totalUnlockCount": 75,
		"keys": [
			{"hour": "0", "unlockCount": 0},
			{"hour": "1", "unlockCount": 1},
			{"hour": "2", "unlockCount": 0},
			{"hour": "3", "unlockCount": 0},
			{"hour": "4", "unlockCount": 0},
			{"hour": "5", "unlockCount": 0},
			{"hour": "6", "unlockCount": 1},
			{"hour": "7", "unlockCount": 16},
			{"hour": "8", "unlockCount": 18},
			{"hour": "9", "unlockCount": 19},
			{"hour": "10", "unlockCount": 14},
			{"hour": "11", "unlockCount": 0},
			{"hour": "12", "unlockCount": 4},
			{"hour": "13", "unlockCount": 2},
			{"hour": "14", "unlockCount": 0},
			{"hour": "15", "unlockCount": 0},
			{"hour": "16", "unlockCount": 0},
			{"hour": "17", "unlockCount": 0},
			{"hour": "18", "unlockCount": 0},
			{"hour": "19", "unlockCount": 0},
			{"hour": "20", "unlockCount": 0},
			{"hour": "21", "unlockCount": 0},
			{"hour": "22", "unlockCount": 0},
			{"hour": "23", "unlockCount": 0}
		]
	}
]
