[
	{
		"date": 1,
		"maxTime": 61,
		"totalUnlockCount": 190,
		"keys": [
			{"hour": "0", "unlockCount": 6},
			{"hour": "1", "unlockCount": 7},
			{"hour": "2", "unlockCount": 2},
			{"hour": "3", "unlockCount": 5},
			{"hour": "4", "unlockCount": 1},
			{"hour": "5", "unlockCount": 5},
			{"hour": "6", "unlockCount": 5},
			{"hour": "7", "unlockCount": 49},
			{"hour": "8", "unlockCount": 11},
			{"hour": "9", "unlockCount": 8},
			{"hour": "10", "unlockCount": 4},
			{"hour": "11", "unlockCount": 57},
			{"hour": "12", "unlockCount": 8},
			{"hour": "13", "unlockCount": 2},
			{"hour": "14", "unlockCount": 6},
			{"hour": "15", "unlockCount": 4},
			{"hour": "16", "unlockCount": 3},
			{"hour": "17", "unlockCount": 1},
			{"hour": "18", "unlockCount": 0},
			{"hour": "19", "unlockCount": 0},
			{"hour": "20", "unlockCount": 0},
			{"hour": "21", "unlockCount": 1},
			{"hour": "22", "unlockCount": 2},
			{"hour": "23", "unlockCount": 3}
		]
	},
	{
		"date": 2,
		"maxTime": 78,
		"totalUnlockCount": 181,
		"keys": [
			{"hour": "0", "unlockCount": 10},
			{"hour": "1", "unlockCount": 16},
			{"hour": "2", "unlockCount": 8},
			{"hour": "3", "unlockCount": 11},
			{"hour": "4", "unlockCount": 4},
			{"hour": "5", "unlockCount": 12},
			{"hour": "6", "unlockCount": 12},
			{"hour": "7", "unlockCount": 23},
			{"hour": "8", "unlockCount": 21},
			{"hour": "9", "unlockCount": 21},
			{"hour": "10", "unlockCount": 12},
			{"hour": "11", "unlockCount": 3},
			{"hour": "12", "unlockCount": 10},
			{"hour": "13", "unlockCount": 5},
			{"hour": "14", "unlockCount": 2},
			{"hour": "15", "unlockCount": 4},
			{"hour": "16", "unlockCount": 1},
			{"hour": "17", "unlockCount": 1},
			{"hour": "18", "unlockCount": 1},
			{"hour": "19", "unlockCount": 2},
			{"hour": "20", "unlockCount": 0},
			{"hour": "21", "unlockCount": 2},
			{"hour": "22", "unlockCount": 0},
			{"hour": "23", "unlockCount": 0}
		]
	},
	{
		"date": 3,
		"maxTime": 26,
		"totalUnlockCount": 149,
		"keys": [
			{"hour": "0", "unlockCount": 7},
			{"hour": "1", "unlockCount": 6},
			{"hour": "2", "unlockCount": 0},
			{"hour": "3", "unlockCount": 10},
			{"hour": "4", "unlockCount": 6},
			{"hour": "5", "unlockCount": 10},
			{"hour": "6", "unlockCount": 14},
			{"hour": "7", "unlockCount": 12},
			{"hour": "8", "unlockCount": 8},
			{"hour": "9", "unlockCount": 14},
			{"hour": "10", "unlockCount": 9},
			{"hour": "11", "unlockCount": 16},
			{"hour": "12", "unlockCount": 7},
			{"hour": "13", "unlockCount": 2},
			{"hour": "14", "unlockCount": 8},
			{"hour": "15", "unlockCount": 12},
			{"hour": "16", "unlockCount": 0},
			{"hour": "17", "unlockCount": 2},
			{"hour": "18", "unlockCount": 6},
			{"hour": "19", "unlockCount": 0},
			{"hour": "20", "unlockCount": 0},
			{"hour": "21", "unlockCount": 0},
			{"hour": "22", "unlockCount": 0},
			{"hour": "23", "unlockCount": 0}
		]
	},
	{
		"date": 4,
		"maxTime": 68,
		"totalUnlockCount": 151,
		"keys": [
			{"hour": "0", "unlockCount": 5},
			{"hour": "1", "unlockCount": 2},
			{"hour": "2", "unlockCount": 7},
			{"hour": "3", "unlockCount": 10},
			{"hour": "4", "unlockCount": 9},
			{"hour": "5", "unlockCount": 4},
			{"hour": "6", "unlockCount": 7},
			{"hour": "7", "unlockCount": 7},
			{"hour": "8", "unlockCount": 25},
			{"hour": "9", "unlockCount": 6},
			{"hour": "10", "unlockCount": 12},
			{"hour": "11", "unlockCount": 6},
			{"hour": "12", "unlockCount": 4},
			{"hour": "13", "unlockCount": 4},
			{"hour": "14", "unlockCount": 13},
			{"hour": "15", "unlockCount": 1},
			{"hour": "16", "unlockCount": 3},
			{"hour": "17", "unlockCount": 0},
			{"hour": "18", "unlockCount": 0},
			{"hour": "19", "unlockCount": 0},
			{"hour": "20", "unlockCount": 0},
			{"hour": "21", "unlockCount": 0},
			{"hour": "22", "unlockCount": 10},
			{"hour": "23", "unlockCount": 16}
		]
	},
	{
		"date": 5,
		"maxTime": 55,
		"totalUnlockCount": 136,
		"keys": [
			{"hour": "0", "unlockCount": 13},
			{"hour": "1", "unlockCount": 33},
			{"hour": "2", "unlockCount": 34},
			{"hour": "3", "unlockCount": 20},
			{"hour": "4", "unlockCount": 9},
			{"hour": "5", "unlockCount": 2},
			{"hour": "6", "unlockCount": 1},
			{"hour": "7", "unlockCount": 0},
			{"hour": "8", "unlockCount": 13},
			{"hour": "9", "unlockCount": 11},
			{"hour": "10", "unlockCount": 0},
			{"hour": "11", "unlockCount": 0},
			{"hour": "12", "unlockCount": 0},
			{"hour": "13", "unlockCount": 0},
			{"hour": "14", "unlockCount": 0},
			{"hour": "15", "unlockCount": 0},
			{"hour": "16", "unlockCount": 0},
			{"hour": "17", "unlockCount": 0},
			{"hour": "18", "unlockCount": 0},
			{"hour": "19", "unlockCount": 0},
			{"hour": "20", "unlockCount": 0},
			{"hour": "21", "unlockCount": 0},
			{"hour": "22", "unlockCount": 0},
			{"hour": "23", "unlockCount": 0}
		]
	},
	{
		"date": 6,
		"maxTime": 0,
		"totalUnlockCount": 0,
		"keys": [
			{"hour": "0", "unlockCount": 0},
			{"hour": "1", "unlockCount": 0},
			{"hour": "2", "unlockCount": 0},
			{"hour": "3", "unlockCount": 0},
			{"hour": "4", "unlockCount": 0},
			{"hour": "5", "unlockCount": 0},
			{"hour": "6", "unlockCount": 0},
			{"hour": "7", "unlockCount": 0},
			{"hour": "8", "unlockCount": 0},
			{"hour": "9", "unlockCount": 0},
			{"hour": "10", "unlockCount": 0},
			{"hour": "11", "unlockCount": 0},
			{"hour": "12", "unlockCount": 0},
			{"hour": "13", "unlockCount": 0},
			{"hour": "14", "unlockCount": 0},
			{"hour": "15", "unlockCount": 0},
			{"hour": "16", "unlockCount": 0},
			{"hour": "17", "unlockCount": 0},
			{"hour": "18", "unlockCount": 0},
			{"hour": "19", "unlockCount": 0},
			{"hour": "20", "unlockCount": 0},
			{"hour": "21", "unlockCount": 0},
			{"hour": "22", "unlockCount": 0},
			{"hour": "23", "unlockCount": 0}
		]
	},
	{
		"date": 7,
		"maxTime": 0,
		"totalUnlockCount": 0,
		"keys": [
			{"hour": "0", "unlockCount": 0},
			{"hour": "1", "unlockCount": 0},
			{"hour": "2", "unlockCount": 0},
			{"hour": "3", "unlockCount": 0},
			{"hour": "4", "unlockCount": 0},
			{"hour": "5", "unlockCount": 0},
			{"hour": "6", "unlockCount": 0},
			{"hour": "7", "unlockCount": 0},
			{"hour": "8", "unlockCount": 0},
			{"hour": "9", "unlockCount": 0},
			{"hour": "10", "unlockCount": 0},
			{"hour": "11", "unlockCount": 0},
			{"hour": "12", "unlockCount": 0},
			{"hour": "13", "unlockCount": 0},
			{"hour": "14", "unlockCount": 0},
			{"hour": "15", "unlockCount": 0},
			{"hour": "16", "unlockCount": 0},
			{"hour": "17", "unlockCount": 0},
			{"hour": "18", "unlockCount": 0},
			{"hour": "19", "unlockCount": 0},
			{"hour": "20", "unlockCount": 0},
			{"hour": "21", "unlockCount": 0},
			{"hour": "22", "unlockCount": 0},
			{"hour": "23", "unlockCount": 0}
		]
	}
]
