[
	{
		"date": 1,
		"maxTime": 15,
		"totalUnlockCount": 241,
		"keys": [
			{"hour": "0", "unlockCount": 3},
			{"hour": "1", "unlockCount": 14},
			{"hour": "2", "unlockCount": 19},
			{"hour": "3", "unlockCount": 4},
			{"hour": "4", "unlockCount": 0},
			{"hour": "5", "unlockCount": 1},
			{"hour": "6", "unlockCount": 18},
			{"hour": "7", "unlockCount": 5},
			{"hour": "8", "unlockCount": 13},
			{"hour": "9", "unlockCount": 13},
			{"hour": "10", "unlockCount": 15},
			{"hour": "11", "unlockCount": 15},
			{"hour": "12", "unlockCount": 13},
			{"hour": "13", "unlockCount": 14},
			{"hour": "14", "unlockCount": 44},
			{"hour": "15", "unlockCount": 15},
			{"hour": "16", "unlockCount": 19},
			{"hour": "17", "unlockCount": 8},
			{"hour": "18", "unlockCount": 8},
			{"hour": "19", "unlockCount": 0},
			{"hour": "20", "unlockCount": 0},
			{"hour": "21", "unlockCount": 0},
			{"hour": "22", "unlockCount": 0},
			{"hour": "23", "unlockCount": 0}
		]
	},
	{
		"date": 2,
		"maxTime": 18,
		"totalUnlockCount": 156,
		"keys": [
			{"hour": "0", "unlockCount": 1},
			{"hour": "1", "unlockCount": 1},
			{"hour": "2", "unlockCount": 9},
			{"hour": "3", "unlockCount": 1},
			{"hour": "4", "unlockCount": 3},
			{"hour": "5", "unlockCount": 15},
			{"hour": "6", "unlockCount": 9},
			{"hour": "7", "unlockCount": 15},
			{"hour": "8", "unlockCount": 23},
			{"hour": "9", "unlockCount": 19},
			{"hour": "10", "unlockCount": 5},
			{"hour": "11", "unlockCount": 16},
			{"hour": "12", "unlockCount": 20},
			{"hour": "13", "unlockCount": 2},
			{"hour": "14", "unlockCount": 1},
			{"hour": "15", "unlockCount": 0},
			{"hour": "16", "unlockCount": 5},
			{"hour": "17", "unlockCount": 0},
			{"hour": "18", "unlockCount": 0},
			{"hour": "19", "unlockCount": 0},
			{"hour": "20", "unlockCount": 0},
			{"hour": "21", "unlockCount": 0},
			{"hour": "22", "unlockCount": 0},
			{"hour": "23", "unlockCount": 11}
		]
	},
	{
		"date": 3,
		"maxTime": 18,
		"totalUnlockCount": 118,
		"keys": [
			{"hour": "0", "unlockCount": 5},
			{"hour": "1", "unlockCount": 32},
			{"hour": "2", "unlockCount": 11},
			{"hour": "3", "unlockCount": 7},
			{"hour": "4", "unlockCount": 2},
			{"hour": "5", "unlockCount": 1},
			{"hour": "6", "unlockCount": 5},
			{"hour": "7", "unlockCount": 14},
			{"hour": "8", "unlockCount": 4},
			{"hour": "9", "unlockCount": 11},
			{"hour": "10", "unlockCount": 1},
			{"hour": "11", "unlockCount": 2},
			{"hour": "12", "unlockCount": 6},
			{"hour": "13", "unlockCount": 2},
			{"hour": "14", "unlockCount": 0},
			{"hour": "15", "unlockCount": 5},
			{"hour": "16", "unlockCount": 0},
			{"hour": "17", "unlockCount": 5},
			{"hour": "18", "unlockCount": 0},
			{"hour": "19", "unlockCount": 1},
			{"hour": "20", "unlockCount": 0},
			{"hour": "21", "unlockCount": 0},
			{"hour": "22", "unlockCount": 1},
			{"hour": "23", "unlockCount": 3}
		]
	},
	{
		"date": 4,
		"maxTime": 16,
		"totalUnlockCount": 59,
		"keys": [
			{"hour": "0", "unlockCount": 2},
			{"hour": "1", "unlockCount": 1},
			{"hour": "2", "unlockCount": 4},
			{"hour": "3", "unlockCount": 3},
			{"hour": "4", "unlockCount": 3},
			{"hour": "5", "unlockCount": 4},
			{"hour": "6", "unlockCount": 4},
			{"hour": "7", "unlockCount": 2},
			{"hour": "8", "unlockCount": 4},
			{"hour": "9", "unlockCount": 4},
			{"hour": "10", "unlockCount": 2},
			{"hour": "11", "unlockCount": 3},
			{"hour": "12", "unlockCount": 3},
			{"hour": "13", "unlockCount": 1},
			{"hour": "14", "unlockCount": 0},
			{"hour": "15", "unlockCount": 8},
			{"hour": "16", "unlockCount": 0},
			{"hour": "17", "unlockCount": 0},
			{"hour": "18", "unlockCount": 2},
			{"hour": "19", "unlockCount": 8},
			{"hour": "20", "unlockCount": 0},
			{"hour": "21", "unlockCount": 0},
			{"hour": "22", "unlockCount": 0},
			{"hour": "23", "unlockCount": 1}
		]
	},
	{
		"date": 5,
		"maxTime": 19,
		"totalUnlockCount": 95,
		"keys": [
			{"hour": "0", "unlockCount": 0},
			{"hour": "1", "unlockCount": 0},
			{"hour": "2", "unlockCount": 1},
			{"hour": "3", "unlockCount": 0},
			{"hour": "4", "unlockCount": 0},
			{"hour": "5", "unlockCount": 4},
			{"hour": "6", "unlockCount": 5},
			{"hour": "7", "unlockCount": 2},
			{"hour": "8", "unlockCount": 25},
			{"hour": "9", "unlockCount": 18},
			{"hour": "10", "unlockCount": 13},
			{"hour": "11", "unlockCount": 25},
			{"hour": "12", "unlockCount": 2},
			{"hour": "13", "unlockCount": 0},
			{"hour": "14", "unlockCount": 0},
			{"hour": "15", "unlockCount": 0},
			{"hour": "16", "unlockCount": 0},
			{"hour": "17", "unlockCount": 0},
			{"hour": "18", "unlockCount": 0},
			{"hour": "19", "unlockCount": 0},
			{"hour": "20", "unlockCount": 0},
			{"hour": "21", "unlockCount": 0},
			{"hour": "22", "unlockCount": 0},
			{"hour": "23", "unlockCount": 0}
		]
	},
	{
		"date": 6,
		"maxTime": 0,
		"totalUnlockCount": 0,
		"keys": [
			{"hour": "0", "unlockCount": 0},
			{"hour": "1", "unlockCount": 0},
			{"hour": "2", "unlockCount": 0},
			{"hour": "3", "unlockCount": 0},
			{"hour": "4", "unlockCount": 0},
			{"hour": "5", "unlockCount": 0},
			{"hour": "6", "unlockCount": 0},
			{"hour": "7", "unlockCount": 0},
			{"hour": "8", "unlockCount": 0},
			{"hour": "9", "unlockCount": 0},
			{"hour": "10", "unlockCount": 0},
			{"hour": "11", "unlockCount": 0},
			{"hour": "12", "unlockCount": 0},
			{"hour": "13", "unlockCount": 0},
			{"hour": "14", "unlockCount": 0},
			{"hour": "15", "unlockCount": 0},
			{"hour": "16", "unlockCount": 0},
			{"hour": "17", "unlockCount": 0},
			{"hour": "18", "unlockCount": 0},
			{"hour": "19", "unlockCount": 0},
			{"hour": "20", "unlockCount": 0},
			{"hour": "21", "unlockCount": 0},
			{"hour": "22", "unlockCount": 0},
			{"hour": "23", "unlockCount": 0}
		]
	},
	{
		"date": 7,
		"maxTime": 0,
		"totalUnlockCount": 0,
		"keys": [
			{"hour": "0", "unlockCount": 0},
			{"hour": "1", "unlockCount": 0},
			{"hour": "2", "unlockCount": 0},
			{"hour": "3", "unlockCount": 0},
			{"hour": "4", "unlockCount": 0},
			{"hour": "5", "unlockCount": 0},
			{"hour": "6", "unlockCount": 0},
			{"hour": "7", "unlockCount": 0},
			{"hour": "8", "unlockCount": 0},
			{"hour": "9", "unlockCount": 0},
			{"hour": "10", "unlockCount": 0},
			{"hour": "11", "unlockCount": 0},
			{"hour": "12", "unlockCount": 0},
			{"hour": "13", "unlockCount": 0},
			{"hour": "14", "unlockCount": 0},
			{"hour": "15", "unlockCount": 0},
			{"hour": "16", "unlockCount": 0},
			{"hour": "17", "unlockCount": 0},
			{"hour": "18", "unlockCount": 0},
			{"hour": "19", "unlockCount": 0},
			{"hour": "20", "unlockCount": 0},
			{"hour": "21", "unlockCount": 0},
			{"hour": "22", "unlockCount": 0},
			{"hour": "23", "unlockCount": 0}
		]
	}
]
