[
	{
		"date": 1,
		"maxTime": 25,
		"totalUnlockCount": 232,
		"keys": [
			{"hour": "0", "unlockCount": 6},
			{"hour": "1", "unlockCount": 23},
			{"hour": "2", "unlockCount": 12},
			{"hour": "3", "unlockCount": 23},
			{"hour": "4", "unlockCount": 20},
			{"hour": "5", "unlockCount": 7},
			{"hour": "6", "unlockCount": 14},
			{"hour": "7", "unlockCount": 21},
			{"hour": "8", "unlockCount": 12},
			{"hour": "9", "unlockCount": 19},
			{"hour": "10", "unlockCount": 20},
			{"hour": "11", "unlockCount": 6},
			{"hour": "12", "unlockCount": 15},
			{"hour": "13", "unlockCount": 10},
			{"hour": "14", "unlockCount": 5},
			{"hour": "15", "unlockCount": 13},
			{"hour": "16", "unlockCount": 3},
			{"hour": "17", "unlockCount": 0},
			{"hour": "18", "unlockCount": 0},
			{"hour": "19", "unlockCount": 0},
			{"hour": "20", "unlockCount": 0},
			{"hour": "21", "unlockCount": 1},
			{"hour": "22", "unlockCount": 2},
			{"hour": "23", "unlockCount": 0}
		]
	},
	{
		"date": 2,
		"maxTime": 78,
		"totalUnlockCount": 179,
		"keys": [
			{"hour": "0", "unlockCount": 5},
			{"hour": "1", "unlockCount": 11},
			{"hour": "2", "unlockCount": 16},
			{"hour": "3", "unlockCount": 10},
			{"hour": "4", "unlockCount": 26},
			{"hour": "5", "unlockCount": 21},
			{"hour": "6", "unlockCount": 10},
			{"hour": "7", "unlockCount": 20},
			{"hour": "8", "unlockCount": 8},
			{"hour": "9", "unlockCount": 7},
			{"hour": "10", "unlockCount": 12},
			{"hour": "11", "unlockCount": 7},
			{"hour": "12", "unlockCount": 6},
			{"hour": "13", "unlockCount": 12},
			{"hour": "14", "unlockCount": 1},
			{"hour": "15", "unlockCount": 2},
			{"hour": "16", "unlockCount": 0},
			{"hour": "17", "unlockCount": 0},
			{"hour": "18", "unlockCount": 0},
			{"hour": "19", "unlockCount": 0},
			{"hour": "20", "unlockCount": 0},
			{"hour": "21", "unlockCount": 0},
			{"hour": "22", "unlockCount": 2},
			{"hour": "23", "unlockCount": 3}
		]
	},
	{
		"date": 3,
		"maxTime": 113,
		"totalUnlockCount": 217,
		"keys": [
			{"hour": "0", "unlockCount": 8},
			{"hour": "1", "unlockCount": 10},
			{"hour": "2", "unlockCount": 12},
			{"hour": "3", "unlockCount": 12},
			{"hour": "4", "unlockCount": 15},
			{"hour": "5", "unlockCount": 9},
			{"hour": "6", "unlockCount": 19},
			{"hour": "7", "unlockCount": 12},
			{"hour": "8", "unlockCount": 14},
			{"hour": "9", "unlockCount": 30},
			{"hour": "10", "unlockCount": 21},
			{"hour": "11", "unlockCount": 6},
			{"hour": "12", "unlockCount": 9},
			{"hour": "13", "unlockCount": 9},
			{"hour": "14", "unlockCount": 5},
			{"hour": "15", "unlockCount": 0},
			{"hour": "16", "unlockCount": 1},
			{"hour": "17", "unlockCount": 0},
			{"hour": "18", "unlockCount": 0},
			{"hour": "19", "unlockCount": 0},
			{"hour": "20", "unlockCount": 2},
			{"hour": "21", "unlockCount": 5},
			{"hour": "22", "unlockCount": 1},
			{"hour": "23", "unlockCount": 17}
		]
	},
	{
		"date": 4,
		"maxTime": 115,
		"totalUnlockCount": 197,
		"keys": [
			{"hour": "0", "unlockCount": 9},
			{"hour": "1", "unlockCount": 8},
			{"hour": "2", "unlockCount": 11},
			{"hour": "3", "unlockCount": 18},
			{"hour": "4", "unlockCount": 13},
			{"hour": "5", "unlockCount": 16},
			{"hour": "6", "unlockCount": 11},
			{"hour": "7", "unlockCount": 15},
			{"hour": "8", "unlockCount": 19},
			{"hour": "9", "unlockCount": 18},
			{"hour": "10", "unlockCount": 19},
			{"hour": "11", "unlockCount": 4},
			{"hour": "12", "unlockCount": 4},
			{"hour": "13", "unlockCount": 0},
			{"hour": "14", "unlockCount": 8},
			{"hour": "15", "unlockCount": 1},
			{"hour": "16", "unlockCount": 0},
			{"hour": "17", "unlockCount": 0},
			{"hour": "18", "unlockCount": 0},
			{"hour": "19", "unlockCount": 0},
			{"hour": "20", "unlockCount": 0},
			{"hour": "21", "unlockCount": 1},
			{"hour": "22", "unlockCount": 6},
			{"hour": "23", "unlockCount": 16}
		]
	},
	{
		"date": 5,
		"maxTime": 45,
		"totalUnlockCount": 181,
		"keys": [
			{"hour": "0", "unlockCount": 10},
			{"hour": "1", "unlockCount": 18},
			{"hour": "2", "unlockCount": 18},
			{"hour": "3", "unlockCount": 2},
			{"hour": "4", "unlockCount": 5},
			{"hour": "5", "unlockCount": 12},
			{"hour": "6", "unlockCount": 29},
			{"hour": "7", "unlockCount": 7},
			{"hour": "8", "unlockCount": 5},
			{"hour": "9", "unlockCount": 11},
			{"hour": "10", "unlockCount": 24},
			{"hour": "11", "unlockCount": 17},
			{"hour": "12", "unlockCount": 8},
			{"hour": "13", "unlockCount": 3},
			{"hour": "14", "unlockCount": 4},
			{"hour": "15", "unlockCount": 2},
			{"hour": "16", "unlockCount": 0},
			{"hour": "17", "unlockCount": 0},
			{"hour": "18", "unlockCount": 0},
			{"hour": "19", "unlockCount": 0},
			{"hour": "20", "unlockCount": 0},
			{"hour": "21", "unlockCount": 0},
			{"hour": "22", "unlockCount": 0},
			{"hour": "23", "unlockCount": 6}
		]
	},
	{
		"date": 6,
		"maxTime": 58,
		"totalUnlockCount": 181,
		"keys": [
			{"hour": "0", "unlockCount": 9},
			{"hour": "1", "unlockCount": 12},
			{"hour": "2", "unlockCount": 4},
			{"hour": "3", "unlockCount": 18},
			{"hour": "4", "unlockCount": 5},
			{"hour": "5", "unlockCount": 4},
			{"hour": "6", "unlockCount": 4},
			{"hour": "7", "unlockCount": 9},
			{"hour": "8", "unlockCount": 14},
			{"hour": "9", "unlockCount": 7},
			{"hour": "10", "unlockCount": 11},
			{"hour": "11", "unlockCount": 5},
			{"hour": "12", "unlockCount": 5},
			{"hour": "13", "unlockCount": 9},
			{"hour": "14", "unlockCount": 12},
			{"hour": "15", "unlockCount": 1},
			{"hour": "16", "unlockCount": 1},
			{"hour": "17", "unlockCount": 1},
			{"hour": "18", "unlockCount": 0},
			{"hour": "19", "unlockCount": 1},
			{"hour": "20", "unlockCount": 12},
			{"hour": "21", "unlockCount": 6},
			{"hour": "22", "unlockCount": 15},
			{"hour": "23", "unlockCount": 16}
		]
	},
	{
		"date": 7,
		"maxTime": 26,
		"totalUnlockCount": 132,
		"keys": [
			{"hour": "0", "unlockCount": 10},
			{"hour": "1", "unlockCount": 20},
			{"hour": "2", "unlockCount": 11},
			{"hour": "3", "unlockCount": 10},
			{"hour": "4", "unlockCount": 4},
			{"hour": "5", "unlockCount": 6},
			{"hour": "6", "unlockCount": 9},
			{"hour": "7", "unlockCount": 15},
			{"hour": "8", "unlockCount": 7},
			{"hour": "9", "unlockCount": 15},
			{"hour": "10", "unlockCount": 3},
			{"hour": "11", "unlockCount": 14},
			{"hour": "12", "unlockCount": 8},
			{"hour": "13", "unlockCount": 0},
			{"hour": "14", "unlockCount": 0},
			{"hour": "15", "unlockCount": 0},
			{"hour": "16", "unlockCount": 0},
			{"hour": "17", "unlockCount": 0},
			{"hour": "18", "unlockCount": 0},
			{"hour": "19", "unlockCount": 0},
			{"hour": "20", "unlockCount": 0},
			{"hour": "21", "unlockCount": 0},
			{"hour": "22", "unlockCount": 0},
			{"hour": "23", "unlockCount": 0}
		]
	}
]
