[
	{
		"date": 1,
		"maxTime": 87,
		"totalUnlockCount": 140,
		"keys": [
			{"hour": "0", "unlockCount": 2},
			{"hour": "1", "unlockCount": 10},
			{"hour": "2", "unlockCount": 29},
			{"hour": "3", "unlockCount": 1},
			{"hour": "4", "unlockCount": 7},
			{"hour": "5", "unlockCount": 8},
			{"hour": "6", "unlockCount": 3},
			{"hour": "7", "unlockCount": 2},
			{"hour": "8", "unlockCount": 7},
			{"hour": "9", "unlockCount": 13},
			{"hour": "10", "unlockCount": 16},
			{"hour": "11", "unlockCount": 6},
			{"hour": "12", "unlockCount": 10},
			{"hour": "13", "unlockCount": 17},
			{"hour": "14", "unlockCount": 4},
			{"hour": "15", "unlockCount": 2},
			{"hour": "16", "unlockCount": 1},
			{"hour": "17", "unlockCount": 0},
			{"hour": "18", "unlockCount": 0},
			{"hour": "19", "unlockCount": 0},
			{"hour": "20", "unlockCount": 0},
			{"hour": "21", "unlockCount": 0},
			{"hour": "22", "unlockCount": 0},
			{"hour": "23", "unlockCount": 2},
		]
	},
	{
		"date": 2,
		"maxTime": 219,
		"totalUnlockCount": 176,
		"keys": [
			{"hour": "0", "unlockCount": 4},
			{"hour": "1", "unlockCount": 24},
			{"hour": "2", "unlockCount": 13},
			{"hour": "3", "unlockCount": 5},
			{"hour": "4", "unlockCount": 9},
			{"hour": "5", "unlockCount": 3},
			{"hour": "6", "unlockCount": 4},
			{"hour": "7", "unlockCount": 24},
			{"hour": "8", "unlockCount": 13},
			{"hour": "9", "unlockCount": 24},
			{"hour": "10", "unlockCount": 30},
			{"hour": "11", "unlockCount": 10},
			{"hour": "12", "unlockCount": 0},
			{"hour": "13", "unlockCount": 1},
			{"hour": "14", "unlockCount": 4},
			{"hour": "15", "unlockCount": 0},
			{"hour": "16", "unlockCount": 0},
			{"hour": "17", "unlockCount": 2},
			{"hour": "18", "unlockCount": 2},
			{"hour": "19", "unlockCount": 0},
			{"hour": "20", "unlockCount": 0},
			{"hour": "21", "unlockCount": 0},
			{"hour": "22", "unlockCount": 0},
			{"hour": "23", "unlockCount": 4},
		]
	},
	{
		"date": 3,
		"maxTime": 168,
		"totalUnlockCount": 121,
		"keys": [
			{"hour": "0", "unlockCount": 20},
			{"hour": "1", "unlockCount": 17},
			{"hour": "2", "unlockCount": 1},
			{"hour": "3", "unlockCount": 8},
			{"hour": "4", "unlockCount": 9},
			{"hour": "5", "unlockCount": 6},
			{"hour": "6", "unlockCount": 8},
			{"hour": "7", "unlockCount": 6},
			{"hour": "8", "unlockCount": 5},
			{"hour": "9", "unlockCount": 15},
			{"hour": "10", "unlockCount": 6},
			{"hour": "11", "unlockCount": 1},
			{"hour": "12", "unlockCount": 12},
			{"hour": "13", "unlockCount": 2},
			{"hour": "14", "unlockCount": 2},
			{"hour": "15", "unlockCount": 3},
			{"hour": "16", "unlockCount": 0},
			{"hour": "17", "unlockCount": 0},
			{"hour": "18", "unlockCount": 0},
			{"hour": "19", "unlockCount": 0},
			{"hour": "20", "unlockCount": 0},
			{"hour": "21", "unlockCount": 0},
			{"hour": "22", "unlockCount": 0},
			{"hour": "23", "unlockCount": 0},
		]
	},
	{
		"date": 4,
		"maxTime": 93,
		"totalUnlockCount": 129,
		"keys": [
			{"hour": "0", "unlockCount": 0},
			{"hour": "1", "unlockCount": 5},
			{"hour": "2", "unlockCount": 4},
			{"hour": "3", "unlockCount": 10},
			{"hour": "4", "unlockCount": 23},
			{"hour": "5", "unlockCount": 21},
			{"hour": "6", "unlockCount": 3},
			{"hour": "7", "unlockCount": 2},
			{"hour": "8", "unlockCount": 6},
			{"hour": "9", "unlockCount": 9},
			{"hour": "10", "unlockCount": 25},
			{"hour": "11", "unlockCount": 8},
			{"hour": "12", "unlockCount": 1},
			{"hour": "13", "unlockCount": 7},
			{"hour": "14", "unlockCount": 1},
			{"hour": "15", "unlockCount": 0},
			{"hour": "16", "unlockCount": 2},
			{"hour": "17", "unlockCount": 1},
			{"hour": "18", "unlockCount": 0},
			{"hour": "19", "unlockCount": 0},
			{"hour": "20", "unlockCount": 0},
			{"hour": "21", "unlockCount": 0},
			{"hour": "22", "unlockCount": 0},
			{"hour": "23", "unlockCount": 1},
		]
	},
	{
		"date": 5,
		"maxTime": 103,
		"totalUnlockCount": 198,
		"keys": [
			{"hour": "0", "unlockCount": 0},
			{"hour": "1", "unlockCount": 0},
			{"hour": "2", "unlockCount": 4},
			{"hour": "3", "unlockCount": 2},
			{"hour": "4", "unlockCount": 5},
			{"hour": "5", "unlockCount": 1},
			{"hour": "6", "unlockCount": 42},
			{"hour": "7", "unlockCount": 31},
			{"hour": "8", "unlockCount": 9},
			{"hour": "9", "unlockCount": 2},
			{"hour": "10", "unlockCount": 40},
			{"hour": "11", "unlockCount": 30},
			{"hour": "12", "unlockCount": 4},
			{"hour": "13", "unlockCount": 1},
			{"hour": "14", "unlockCount": 3},
			{"hour": "15", "unlockCount": 1},
			{"hour": "16", "unlockCount": 3},
			{"hour": "17", "unlockCount": 0},
			{"hour": "18", "unlockCount": 0},
			{"hour": "19", "unlockCount": 0},
			{"hour": "20", "unlockCount": 3},
			{"hour": "21", "unlockCount": 0},
			{"hour": "22", "unlockCount": 6},
			{"hour": "23", "unlockCount": 11},
		]
	},
	{
		"date": 6,
		"maxTime": 20,
		"totalUnlockCount": 199,
		"keys": [
			{"hour": "0", "unlockCount": 23},
			{"hour": "1", "unlockCount": 4},
			{"hour": "2", "unlockCount": 11},
			{"hour": "3", "unlockCount": 14},
			{"hour": "4", "unlockCount": 10},
			{"hour": "5", "unlockCount": 18},
			{"hour": "6", "unlockCount": 4},
			{"hour": "7", "unlockCount": 7},
			{"hour": "8", "unlockCount": 13},
			{"hour": "9", "unlockCount": 2},
			{"hour": "10", "unlockCount": 1},
			{"hour": "11", "unlockCount": 8},
			{"hour": "12", "unlockCount": 25},
			{"hour": "13", "unlockCount": 30},
			{"hour": "14", "unlockCount": 6},
			{"hour": "15", "unlockCount": 5},
			{"hour": "16", "unlockCount": 10},
			{"hour": "17", "unlockCount": 6},
			{"hour": "18", "unlockCount": 0},
			{"hour": "19", "unlockCount": 0},
			{"hour": "20", "unlockCount": 0},
			{"hour": "21", "unlockCount": 0},
			{"hour": "22", "unlockCount": 0},
			{"hour": "23", "unlockCount": 2},
		]
	},
	{
		"date": 7,
		"maxTime": 29,
		"totalUnlockCount": 183,
		"keys": [
			{"hour": "0", "unlockCount": 8},
			{"hour": "1", "unlockCount": 7},
			{"hour": "2", "unlockCount": 6},
			{"hour": "3", "unlockCount": 1},
			{"hour": "4", "unlockCount": 3},
			{"hour": "5", "unlockCount": 10},
			{"hour": "6", "unlockCount": 12},
			{"hour": "7", "unlockCount": 10},
			{"hour": "8", "unlockCount": 14},
			{"hour": "9", "unlockCount": 18},
			{"hour": "10", "unlockCount": 10},
			{"hour": "11", "unlockCount": 21},
			{"hour": "12", "unlockCount": 27},
			{"hour": "13", "unlockCount": 4},
			{"hour": "14", "unlockCount": 0},
			{"hour": "15", "unlockCount": 10},
			{"hour": "16", "unlockCount": 8},
			{"hour": "17", "unlockCount": 0},
			{"hour": "18", "unlockCount": 0},
			{"hour": "19", "unlockCount": 1},
			{"hour": "20", "unlockCount": 0},
			{"hour": "21", "unlockCount": 0},
			{"hour": "22", "unlockCount": 0},
			{"hour": "23", "unlockCount": 13},
		]
	},
]
