[
	{
		"date": 1,
		"maxTime": 35,
		"totalUnlockCount": 63,
		"keys": [
			{"hour": "0", "unlockCount": 3},
			{"hour": "1", "unlockCount": 9},
			{"hour": "2", "unlockCount": 11},
			{"hour": "3", "unlockCount": 2},
			{"hour": "4", "unlockCount": 0},
			{"hour": "5", "unlockCount": 1},
			{"hour": "6", "unlockCount": 4},
			{"hour": "7", "unlockCount": 2},
			{"hour": "8", "unlockCount": 2},
			{"hour": "9", "unlockCount": 0},
			{"hour": "10", "unlockCount": 8},
			{"hour": "11", "unlockCount": 4},
			{"hour": "12", "unlockCount": 5},
			{"hour": "13", "unlockCount": 3},
			{"hour": "14", "unlockCount": 5},
			{"hour": "15", "unlockCount": 2},
			{"hour": "16", "unlockCount": 1},
			{"hour": "17", "unlockCount": 0},
			{"hour": "18", "unlockCount": 0},
			{"hour": "19", "unlockCount": 0},
			{"hour": "20", "unlockCount": 1},
			{"hour": "21", "unlockCount": 0},
			{"hour": "22", "unlockCount": 0},
			{"hour": "23", "unlockCount": 0},
		]
	},
	{
		"date": 2,
		"maxTime": 34,
		"totalUnlockCount": 100,
		"keys": [
			{"hour": "0", "unlockCount": 7},
			{"hour": "1", "unlockCount": 8},
			{"hour": "2", "unlockCount": 2},
			{"hour": "3", "unlockCount": 2},
			{"hour": "4", "unlockCount": 3},
			{"hour": "5", "unlockCount": 8},
			{"hour": "6", "unlockCount": 8},
			{"hour": "7", "unlockCount": 1},
			{"hour": "8", "unlockCount": 12},
			{"hour": "9", "unlockCount": 2},
			{"hour": "10", "unlockCount": 8},
			{"hour": "11", "unlockCount": 5},
			{"hour": "12", "unlockCount": 6},
			{"hour": "13", "unlockCount": 15},
			{"hour": "14", "unlockCount": 8},
			{"hour": "15", "unlockCount": 0},
			{"hour": "16", "unlockCount": 3},
			{"hour": "17", "unlockCount": 0},
			{"hour": "18", "unlockCount": 0},
			{"hour": "19", "unlockCount": 0},
			{"hour": "20", "unlockCount": 1},
			{"hour": "21", "unlockCount": 0},
			{"hour": "22", "unlockCount": 0},
			{"hour": "23", "unlockCount": 1},
		]
	},
	{
		"date": 3,
		"maxTime": 46,
		"totalUnlockCount": 129,
		"keys": [
			{"hour": "0", "unlockCount": 8},
			{"hour": "1", "unlockCount": 5},
			{"hour": "2", "unlockCount": 14},
			{"hour": "3", "unlockCount": 6},
			{"hour": "4", "unlockCount": 2},
			{"hour": "5", "unlockCount": 12},
			{"hour": "6", "unlockCount": 8},
			{"hour": "7", "unlockCount": 3},
			{"hour": "8", "unlockCount": 9},
			{"hour": "9", "unlockCount": 16},
			{"hour": "10", "unlockCount": 8},
			{"hour": "11", "unlockCount": 8},
			{"hour": "12", "unlockCount": 11},
			{"hour": "13", "unlockCount": 7},
			{"hour": "14", "unlockCount": 5},
			{"hour": "15", "unlockCount": 1},
			{"hour": "16", "unlockCount": 5},
			{"hour": "17", "unlockCount": 0},
			{"hour": "18", "unlockCount": 0},
			{"hour": "19", "unlockCount": 1},
			{"hour": "20", "unlockCount": 0},
			{"hour": "21", "unlockCount": 0},
			{"hour": "22", "unlockCount": 0},
			{"hour": "23", "unlockCount": 0},
		]
	},
	{
		"date": 4,
		"maxTime": 68,
		"totalUnlockCount": 119,
		"keys": [
			{"hour": "0", "unlockCount": 2},
			{"hour": "1", "unlockCount": 1},
			{"hour": "2", "unlockCount": 6},
			{"hour": "3", "unlockCount": 6},
			{"hour": "4", "unlockCount": 0},
			{"hour": "5", "unlockCount": 3},
			{"hour": "6", "unlockCount": 8},
			{"hour": "7", "unlockCount": 7},
			{"hour": "8", "unlockCount": 13},
			{"hour": "9", "unlockCount": 7},
			{"hour": "10", "unlockCount": 8},
			{"hour": "11", "unlockCount": 21},
			{"hour": "12", "unlockCount": 15},
			{"hour": "13", "unlockCount": 9},
			{"hour": "14", "unlockCount": 7},
			{"hour": "15", "unlockCount": 1},
			{"hour": "16", "unlockCount": 2},
			{"hour": "17", "unlockCount": 1},
			{"hour": "18", "unlockCount": 1},
			{"hour": "19", "unlockCount": 0},
			{"hour": "20", "unlockCount": 0},
			{"hour": "21", "unlockCount": 0},
			{"hour": "22", "unlockCount": 1},
			{"hour": "23", "unlockCount": 0},
		]
	},
	{
		"date": 5,
		"maxTime": 35,
		"totalUnlockCount": 104,
		"keys": [
			{"hour": "0", "unlockCount": 0},
			{"hour": "1", "unlockCount": 1},
			{"hour": "2", "unlockCount": 3},
			{"hour": "3", "unlockCount": 11},
			{"hour": "4", "unlockCount": 8},
			{"hour": "5", "unlockCount": 12},
			{"hour": "6", "unlockCount": 2},
			{"hour": "7", "unlockCount": 7},
			{"hour": "8", "unlockCount": 12},
			{"hour": "9", "unlockCount": 9},
			{"hour": "10", "unlockCount": 1},
			{"hour": "11", "unlockCount": 3},
			{"hour": "12", "unlockCount": 3},
			{"hour": "13", "unlockCount": 2},
			{"hour": "14", "unlockCount": 6},
			{"hour": "15", "unlockCount": 16},
			{"hour": "16", "unlockCount": 6},
			{"hour": "17", "unlockCount": 1},
			{"hour": "18", "unlockCount": 0},
			{"hour": "19", "unlockCount": 0},
			{"hour": "20", "unlockCount": 0},
			{"hour": "21", "unlockCount": 1},
			{"hour": "22", "unlockCount": 0},
			{"hour": "23", "unlockCount": 0},
		]
	},
	{
		"date": 6,
		"maxTime": 36,
		"totalUnlockCount": 81,
		"keys": [
			{"hour": "0", "unlockCount": 1},
			{"hour": "1", "unlockCount": 13},
			{"hour": "2", "unlockCount": 7},
			{"hour": "3", "unlockCount": 2},
			{"hour": "4", "unlockCount": 1},
			{"hour": "5", "unlockCount": 4},
			{"hour": "6", "unlockCount": 6},
			{"hour": "7", "unlockCount": 3},
			{"hour": "8", "unlockCount": 3},
			{"hour": "9", "unlockCount": 11},
			{"hour": "10", "unlockCount": 6},
			{"hour": "11", "unlockCount": 3},
			{"hour": "12", "unlockCount": 4},
			{"hour": "13", "unlockCount": 6},
			{"hour": "14", "unlockCount": 1},
			{"hour": "15", "unlockCount": 8},
			{"hour": "16", "unlockCount": 1},
			{"hour": "17", "unlockCount": 0},
			{"hour": "18", "unlockCount": 0},
			{"hour": "19", "unlockCount": 0},
			{"hour": "20", "unlockCount": 1},
			{"hour": "21", "unlockCount": 0},
			{"hour": "22", "unlockCount": 0},
			{"hour": "23", "unlockCount": 0},
		]
	},
	{
		"date": 7,
		"maxTime": 30,
		"totalUnlockCount": 118,
		"keys": [
			{"hour": "0", "unlockCount": 10},
			{"hour": "1", "unlockCount": 11},
			{"hour": "2", "unlockCount": 11},
			{"hour": "3", "unlockCount": 7},
			{"hour": "4", "unlockCount": 3},
			{"hour": "5", "unlockCount": 1},
			{"hour": "6", "unlockCount": 3},
			{"hour": "7", "unlockCount": 2},
			{"hour": "8", "unlockCount": 8},
			{"hour": "9", "unlockCount": 4},
			{"hour": "10", "unlockCount": 9},
			{"hour": "11", "unlockCount": 7},
			{"hour": "12", "unlockCount": 9},
			{"hour": "13", "unlockCount": 11},
			{"hour": "14", "unlockCount": 4},
			{"hour": "15", "unlockCount": 8},
			{"hour": "16", "unlockCount": 5},
			{"hour": "17", "unlockCount": 4},
			{"hour": "18", "unlockCount": 0},
			{"hour": "19", "unlockCount": 0},
			{"hour": "20", "unlockCount": 0},
			{"hour": "21", "unlockCount": 1},
			{"hour": "22", "unlockCount": 0},
			{"hour": "23", "unlockCount": 0},
		]
	},
]
