[
	{
		"date": 1,
		"maxTime": 83,
		"totalUnlockCount": 91,
		"keys": [
			{"hour": "0", "unlockCount": 8},
			{"hour": "1", "unlockCount": 1},
			{"hour": "2", "unlockCount": 8},
			{"hour": "3", "unlockCount": 2},
			{"hour": "4", "unlockCount": 5},
			{"hour": "5", "unlockCount": 5},
			{"hour": "6", "unlockCount": 2},
			{"hour": "7", "unlockCount": 2},
			{"hour": "8", "unlockCount": 5},
			{"hour": "9", "unlockCount": 12},
			{"hour": "10", "unlockCount": 3},
			{"hour": "11", "unlockCount": 4},
			{"hour": "12", "unlockCount": 5},
			{"hour": "13", "unlockCount": 6},
			{"hour": "14", "unlockCount": 0},
			{"hour": "15", "unlockCount": 5},
			{"hour": "16", "unlockCount": 6},
			{"hour": "17", "unlockCount": 2},
			{"hour": "18", "unlockCount": 0},
			{"hour": "19", "unlockCount": 0},
			{"hour": "20", "unlockCount": 0},
			{"hour": "21", "unlockCount": 0},
			{"hour": "22", "unlockCount": 5},
			{"hour": "23", "unlockCount": 5},
		]
	},
	{
		"date": 2,
		"maxTime": 162,
		"totalUnlockCount": 80,
		"keys": [
			{"hour": "0", "unlockCount": 0},
			{"hour": "1", "unlockCount": 8},
			{"hour": "2", "unlockCount": 5},
			{"hour": "3", "unlockCount": 4},
			{"hour": "4", "unlockCount": 9},
			{"hour": "5", "unlockCount": 5},
			{"hour": "6", "unlockCount": 9},
			{"hour": "7", "unlockCount": 7},
			{"hour": "8", "unlockCount": 0},
			{"hour": "9", "unlockCount": 4},
			{"hour": "10", "unlockCount": 5},
			{"hour": "11", "unlockCount": 1},
			{"hour": "12", "unlockCount": 5},
			{"hour": "13", "unlockCount": 4},
			{"hour": "14", "unlockCount": 3},
			{"hour": "15", "unlockCount": 3},
			{"hour": "16", "unlockCount": 0},
			{"hour": "17", "unlockCount": 0},
			{"hour": "18", "unlockCount": 1},
			{"hour": "19", "unlockCount": 0},
			{"hour": "20", "unlockCount": 0},
			{"hour": "21", "unlockCount": 0},
			{"hour": "22", "unlockCount": 3},
			{"hour": "23", "unlockCount": 4},
		]
	},
	{
		"date": 3,
		"maxTime": 34,
		"totalUnlockCount": 75,
		"keys": [
			{"hour": "0", "unlockCount": 6},
			{"hour": "1", "unlockCount": 4},
			{"hour": "2", "unlockCount": 2},
			{"hour": "3", "unlockCount": 5},
			{"hour": "4", "unlockCount": 7},
			{"hour": "5", "unlockCount": 0},
			{"hour": "6", "unlockCount": 6},
			{"hour": "7", "unlockCount": 11},
			{"hour": "8", "unlockCount": 0},
			{"hour": "9", "unlockCount": 3},
			{"hour": "10", "unlockCount": 9},
			{"hour": "11", "unlockCount": 5},
			{"hour": "12", "unlockCount": 4},
			{"hour": "13", "unlockCount": 2},
			{"hour": "14", "unlockCount": 9},
			{"hour": "15", "unlockCount": 2},
			{"hour": "16", "unlockCount": 0},
			{"hour": "17", "unlockCount": 0},
			{"hour": "18", "unlockCount": 0},
			{"hour": "19", "unlockCount": 0},
			{"hour": "20", "unlockCount": 0},
			{"hour": "21", "unlockCount": 0},
			{"hour": "22", "unlockCount": 0},
			{"hour": "23", "unlockCount": 0},
		]
	},
	{
		"date": 4,
		"maxTime": 42,
		"totalUnlockCount": 91,
		"keys": [
			{"hour": "0", "unlockCount": 2},
			{"hour": "1", "unlockCount": 0},
			{"hour": "2", "unlockCount": 14},
			{"hour": "3", "unlockCount": 7},
			{"hour": "4", "unlockCount": 5},
			{"hour": "5", "unlockCount": 8},
			{"hour": "6", "unlockCount": 0},
			{"hour": "7", "unlockCount": 7},
			{"hour": "8", "unlockCount": 10},
			{"hour": "9", "unlockCount": 8},
			{"hour": "10", "unlockCount": 11},
			{"hour": "11", "unlockCount": 4},
			{"hour": "12", "unlockCount": 4},
			{"hour": "13", "unlockCount": 1},
			{"hour": "14", "unlockCount": 8},
			{"hour": "15", "unlockCount": 0},
			{"hour": "16", "unlockCount": 0},
			{"hour": "17", "unlockCount": 0},
			{"hour": "18", "unlockCount": 0},
			{"hour": "19", "unlockCount": 0},
			{"hour": "20", "unlockCount": 0},
			{"hour": "21", "unlockCount": 0},
			{"hour": "22", "unlockCount": 0},
			{"hour": "23", "unlockCount": 2},
		]
	},
	{
		"date": 5,
		"maxTime": 36,
		"totalUnlockCount": 106,
		"keys": [
			{"hour": "0", "unlockCount": 3},
			{"hour": "1", "unlockCount": 4},
			{"hour": "2", "unlockCount": 7},
			{"hour": "3", "unlockCount": 24},
			{"hour": "4", "unlockCount": 17},
			{"hour": "5", "unlockCount": 11},
			{"hour": "6", "unlockCount": 4},
			{"hour": "7", "unlockCount": 7},
			{"hour": "8", "unlockCount": 1},
			{"hour": "9", "unlockCount": 5},
			{"hour": "10", "unlockCount": 4},
			{"hour": "11", "unlockCount": 1},
			{"hour": "12", "unlockCount": 5},
			{"hour": "13", "unlockCount": 3},
			{"hour": "14", "unlockCount": 2},
			{"hour": "15", "unlockCount": 0},
			{"hour": "16", "unlockCount": 1},
			{"hour": "17", "unlockCount": 0},
			{"hour": "18", "unlockCount": 0},
			{"hour": "19", "unlockCount": 0},
			{"hour": "20", "unlockCount": 0},
			{"hour": "21", "unlockCount": 0},
			{"hour": "22", "unlockCount": 3},
			{"hour": "23", "unlockCount": 4},
		]
	},
	{
		"date": 6,
		"maxTime": 71,
		"totalUnlockCount": 81,
		"keys": [
			{"hour": "0", "unlockCount": 1},
			{"hour": "1", "unlockCount": 20},
			{"hour": "2", "unlockCount": 4},
			{"hour": "3", "unlockCount": 4},
			{"hour": "4", "unlockCount": 9},
			{"hour": "5", "unlockCount": 9},
			{"hour": "6", "unlockCount": 4},
			{"hour": "7", "unlockCount": 0},
			{"hour": "8", "unlockCount": 6},
			{"hour": "9", "unlockCount": 4},
			{"hour": "10", "unlockCount": 2},
			{"hour": "11", "unlockCount": 1},
			{"hour": "12", "unlockCount": 0},
			{"hour": "13", "unlockCount": 2},
			{"hour": "14", "unlockCount": 5},
			{"hour": "15", "unlockCount": 0},
			{"hour": "16", "unlockCount": 2},
			{"hour": "17", "unlockCount": 0},
			{"hour": "18", "unlockCount": 0},
			{"hour": "19", "unlockCount": 2},
			{"hour": "20", "unlockCount": 0},
			{"hour": "21", "unlockCount": 0},
			{"hour": "22", "unlockCount": 1},
			{"hour": "23", "unlockCount": 5},
		]
	},
	{
		"date": 7,
		"maxTime": 238,
		"totalUnlockCount": 72,
		"keys": [
			{"hour": "0", "unlockCount": 2},
			{"hour": "1", "unlockCount": 4},
			{"hour": "2", "unlockCount": 19},
			{"hour": "3", "unlockCount": 7},
			{"hour": "4", "unlockCount": 1},
			{"hour": "5", "unlockCount": 5},
			{"hour": "6", "unlockCount": 11},
			{"hour": "7", "unlockCount": 4},
			{"hour": "8", "unlockCount": 9},
			{"hour": "9", "unlockCount": 6},
			{"hour": "10", "unlockCount": 0},
			{"hour": "11", "unlockCount": 0},
			{"hour": "12", "unlockCount": 0},
			{"hour": "13", "unlockCount": 1},
			{"hour": "14", "unlockCount": 0},
			{"hour": "15", "unlockCount": 0},
			{"hour": "16", "unlockCount": 0},
			{"hour": "17", "unlockCount": 0},
			{"hour": "18", "unlockCount": 0},
			{"hour": "19", "unlockCount": 0},
			{"hour": "20", "unlockCount": 0},
			{"hour": "21", "unlockCount": 0},
			{"hour": "22", "unlockCount": 3},
			{"hour": "23", "unlockCount": 0},
		]
	},
]
