[
	{
		"date": 1,
		"maxTime": 27,
		"totalUnlockCount": 230,
		"keys": [
			{"hour": "0", "unlockCount": 13},
			{"hour": "1", "unlockCount": 10},
			{"hour": "2", "unlockCount": 14},
			{"hour": "3", "unlockCount": 30},
			{"hour": "4", "unlockCount": 12},
			{"hour": "5", "unlockCount": 15},
			{"hour": "6", "unlockCount": 26},
			{"hour": "7", "unlockCount": 11},
			{"hour": "8", "unlockCount": 51},
			{"hour": "9", "unlockCount": 2},
			{"hour": "10", "unlockCount": 7},
			{"hour": "11", "unlockCount": 1},
			{"hour": "12", "unlockCount": 8},
			{"hour": "13", "unlockCount": 3},
			{"hour": "14", "unlockCount": 8},
			{"hour": "15", "unlockCount": 2},
			{"hour": "16", "unlockCount": 7},
			{"hour": "17", "unlockCount": 0},
			{"hour": "18", "unlockCount": 0},
			{"hour": "19", "unlockCount": 0},
			{"hour": "20", "unlockCount": 0},
			{"hour": "21", "unlockCount": 0},
			{"hour": "22", "unlockCount": 1},
			{"hour": "23", "unlockCount": 9},
		]
	},
	{
		"date": 2,
		"maxTime": 20,
		"totalUnlockCount": 278,
		"keys": [
			{"hour": "0", "unlockCount": 14},
			{"hour": "1", "unlockCount": 12},
			{"hour": "2", "unlockCount": 9},
			{"hour": "3", "unlockCount": 9},
			{"hour": "4", "unlockCount": 3},
			{"hour": "5", "unlockCount": 12},
			{"hour": "6", "unlockCount": 10},
			{"hour": "7", "unlockCount": 13},
			{"hour": "8", "unlockCount": 17},
			{"hour": "9", "unlockCount": 11},
			{"hour": "10", "unlockCount": 12},
			{"hour": "11", "unlockCount": 7},
			{"hour": "12", "unlockCount": 55},
			{"hour": "13", "unlockCount": 44},
			{"hour": "14", "unlockCount": 25},
			{"hour": "15", "unlockCount": 8},
			{"hour": "16", "unlockCount": 5},
			{"hour": "17", "unlockCount": 5},
			{"hour": "18", "unlockCount": 5},
			{"hour": "19", "unlockCount": 0},
			{"hour": "20", "unlockCount": 0},
			{"hour": "21", "unlockCount": 0},
			{"hour": "22", "unlockCount": 1},
			{"hour": "23", "unlockCount": 1},
		]
	},
	{
		"date": 3,
		"maxTime": 34,
		"totalUnlockCount": 27,
		"keys": [
			{"hour": "0", "unlockCount": 9},
			{"hour": "1", "unlockCount": 5},
			{"hour": "2", "unlockCount": 10},
			{"hour": "3", "unlockCount": 3},
			{"hour": "4", "unlockCount": 0},
			{"hour": "5", "unlockCount": 0},
			{"hour": "6", "unlockCount": 0},
			{"hour": "7", "unlockCount": 0},
			{"hour": "8", "unlockCount": 0},
			{"hour": "9", "unlockCount": 0},
			{"hour": "10", "unlockCount": 0},
			{"hour": "11", "unlockCount": 0},
			{"hour": "12", "unlockCount": 0},
			{"hour": "13", "unlockCount": 0},
			{"hour": "14", "unlockCount": 0},
			{"hour": "15", "unlockCount": 0},
			{"hour": "16", "unlockCount": 0},
			{"hour": "17", "unlockCount": 0},
			{"hour": "18", "unlockCount": 0},
			{"hour": "19", "unlockCount": 0},
			{"hour": "20", "unlockCount": 0},
			{"hour": "21", "unlockCount": 0},
			{"hour": "22", "unlockCount": 0},
			{"hour": "23", "unlockCount": 0},
		]
	},
	{
		"date": 4,
		"maxTime": 0,
		"totalUnlockCount": 0,
		"keys": [
			{"hour": "0", "unlockCount": 0},
			{"hour": "1", "unlockCount": 0},
			{"hour": "2", "unlockCount": 0},
			{"hour": "3", "unlockCount": 0},
			{"hour": "4", "unlockCount": 0},
			{"hour": "5", "unlockCount": 0},
			{"hour": "6", "unlockCount": 0},
			{"hour": "7", "unlockCount": 0},
			{"hour": "8", "unlockCount": 0},
			{"hour": "9", "unlockCount": 0},
			{"hour": "10", "unlockCount": 0},
			{"hour": "11", "unlockCount": 0},
			{"hour": "12", "unlockCount": 0},
			{"hour": "13", "unlockCount": 0},
			{"hour": "14", "unlockCount": 0},
			{"hour": "15", "unlockCount": 0},
			{"hour": "16", "unlockCount": 0},
			{"hour": "17", "unlockCount": 0},
			{"hour": "18", "unlockCount": 0},
			{"hour": "19", "unlockCount": 0},
			{"hour": "20", "unlockCount": 0},
			{"hour": "21", "unlockCount": 0},
			{"hour": "22", "unlockCount": 0},
			{"hour": "23", "unlockCount": 0},
		]
	},
	{
		"date": 5,
		"maxTime": 0,
		"totalUnlockCount": 0,
		"keys": [
			{"hour": "0", "unlockCount": 0},
			{"hour": "1", "unlockCount": 0},
			{"hour": "2", "unlockCount": 0},
			{"hour": "3", "unlockCount": 0},
			{"hour": "4", "unlockCount": 0},
			{"hour": "5", "unlockCount": 0},
			{"hour": "6", "unlockCount": 0},
			{"hour": "7", "unlockCount": 0},
			{"hour": "8", "unlockCount": 0},
			{"hour": "9", "unlockCount": 0},
			{"hour": "10", "unlockCount": 0},
			{"hour": "11", "unlockCount": 0},
			{"hour": "12", "unlockCount": 0},
			{"hour": "13", "unlockCount": 0},
			{"hour": "14", "unlockCount": 0},
			{"hour": "15", "unlockCount": 0},
			{"hour": "16", "unlockCount": 0},
			{"hour": "17", "unlockCount": 0},
			{"hour": "18", "unlockCount": 0},
			{"hour": "19", "unlockCount": 0},
			{"hour": "20", "unlockCount": 0},
			{"hour": "21", "unlockCount": 0},
			{"hour": "22", "unlockCount": 0},
			{"hour": "23", "unlockCount": 0},
		]
	},
	{
		"date": 6,
		"maxTime": 17,
		"totalUnlockCount": 174,
		"keys": [
			{"hour": "0", "unlockCount": 0},
			{"hour": "1", "unlockCount": 0},
			{"hour": "2", "unlockCount": 0},
			{"hour": "3", "unlockCount": 0},
			{"hour": "4", "unlockCount": 0},
			{"hour": "5", "unlockCount": 11},
			{"hour": "6", "unlockCount": 18},
			{"hour": "7", "unlockCount": 19},
			{"hour": "8", "unlockCount": 16},
			{"hour": "9", "unlockCount": 8},
			{"hour": "10", "unlockCount": 1},
			{"hour": "11", "unlockCount": 22},
			{"hour": "12", "unlockCount": 3},
			{"hour": "13", "unlockCount": 13},
			{"hour": "14", "unlockCount": 0},
			{"hour": "15", "unlockCount": 31},
			{"hour": "16", "unlockCount": 23},
			{"hour": "17", "unlockCount": 1},
			{"hour": "18", "unlockCount": 7},
			{"hour": "19", "unlockCount": 0},
			{"hour": "20", "unlockCount": 0},
			{"hour": "21", "unlockCount": 0},
			{"hour": "22", "unlockCount": 1},
			{"hour": "23", "unlockCount": 0},
		]
	},
	{
		"date": 7,
		"maxTime": 22,
		"totalUnlockCount": 303,
		"keys": [
			{"hour": "0", "unlockCount": 4},
			{"hour": "1", "unlockCount": 14},
			{"hour": "2", "unlockCount": 16},
			{"hour": "3", "unlockCount": 22},
			{"hour": "4", "unlockCount": 6},
			{"hour": "5", "unlockCount": 23},
			{"hour": "6", "unlockCount": 16},
			{"hour": "7", "unlockCount": 20},
			{"hour": "8", "unlockCount": 19},
			{"hour": "9", "unlockCount": 23},
			{"hour": "10", "unlockCount": 17},
			{"hour": "11", "unlockCount": 17},
			{"hour": "12", "unlockCount": 40},
			{"hour": "13", "unlockCount": 20},
			{"hour": "14", "unlockCount": 17},
			{"hour": "15", "unlockCount": 9},
			{"hour": "16", "unlockCount": 9},
			{"hour": "17", "unlockCount": 2},
			{"hour": "18", "unlockCount": 0},
			{"hour": "19", "unlockCount": 0},
			{"hour": "20", "unlockCount": 0},
			{"hour": "21", "unlockCount": 1},
			{"hour": "22", "unlockCount": 0},
			{"hour": "23", "unlockCount": 8},
		]
	},
]
