[
	{
		"date": 1,
		"maxTime": 144,
		"totalUnlockCount": 94,
		"keys": [
			{"hour": "0", "unlockCount": 8},
			{"hour": "1", "unlockCount": 4},
			{"hour": "2", "unlockCount": 4},
			{"hour": "3", "unlockCount": 4},
			{"hour": "4", "unlockCount": 5},
			{"hour": "5", "unlockCount": 16},
			{"hour": "6", "unlockCount": 8},
			{"hour": "7", "unlockCount": 0},
			{"hour": "8", "unlockCount": 11},
			{"hour": "9", "unlockCount": 11},
			{"hour": "10", "unlockCount": 3},
			{"hour": "11", "unlockCount": 3},
			{"hour": "12", "unlockCount": 0},
			{"hour": "13", "unlockCount": 1},
			{"hour": "14", "unlockCount": 2},
			{"hour": "15", "unlockCount": 5},
			{"hour": "16", "unlockCount": 2},
			{"hour": "17", "unlockCount": 3},
			{"hour": "18", "unlockCount": 4},
			{"hour": "19", "unlockCount": 0},
			{"hour": "20", "unlockCount": 0},
			{"hour": "21", "unlockCount": 0},
			{"hour": "22", "unlockCount": 0},
			{"hour": "23", "unlockCount": 0},
		]
	},
	{
		"date": 2,
		"maxTime": 130,
		"totalUnlockCount": 94,
		"keys": [
			{"hour": "0", "unlockCount": 4},
			{"hour": "1", "unlockCount": 7},
			{"hour": "2", "unlockCount": 23},
			{"hour": "3", "unlockCount": 6},
			{"hour": "4", "unlockCount": 6},
			{"hour": "5", "unlockCount": 4},
			{"hour": "6", "unlockCount": 2},
			{"hour": "7", "unlockCount": 1},
			{"hour": "8", "unlockCount": 3},
			{"hour": "9", "unlockCount": 11},
			{"hour": "10", "unlockCount": 3},
			{"hour": "11", "unlockCount": 5},
			{"hour": "12", "unlockCount": 3},
			{"hour": "13", "unlockCount": 2},
			{"hour": "14", "unlockCount": 0},
			{"hour": "15", "unlockCount": 1},
			{"hour": "16", "unlockCount": 0},
			{"hour": "17", "unlockCount": 3},
			{"hour": "18", "unlockCount": 9},
			{"hour": "19", "unlockCount": 0},
			{"hour": "20", "unlockCount": 0},
			{"hour": "21", "unlockCount": 0},
			{"hour": "22", "unlockCount": 0},
			{"hour": "23", "unlockCount": 1},
		]
	},
	{
		"date": 3,
		"maxTime": 62,
		"totalUnlockCount": 114,
		"keys": [
			{"hour": "0", "unlockCount": 0},
			{"hour": "1", "unlockCount": 4},
			{"hour": "2", "unlockCount": 17},
			{"hour": "3", "unlockCount": 8},
			{"hour": "4", "unlockCount": 13},
			{"hour": "5", "unlockCount": 8},
			{"hour": "6", "unlockCount": 8},
			{"hour": "7", "unlockCount": 7},
			{"hour": "8", "unlockCount": 7},
			{"hour": "9", "unlockCount": 1},
			{"hour": "10", "unlockCount": 4},
			{"hour": "11", "unlockCount": 3},
			{"hour": "12", "unlockCount": 9},
			{"hour": "13", "unlockCount": 4},
			{"hour": "14", "unlockCount": 0},
			{"hour": "15", "unlockCount": 4},
			{"hour": "16", "unlockCount": 10},
			{"hour": "17", "unlockCount": 7},
			{"hour": "18", "unlockCount": 0},
			{"hour": "19", "unlockCount": 0},
			{"hour": "20", "unlockCount": 0},
			{"hour": "21", "unlockCount": 0},
			{"hour": "22", "unlockCount": 0},
			{"hour": "23", "unlockCount": 0},
		]
	},
	{
		"date": 4,
		"maxTime": 58,
		"totalUnlockCount": 95,
		"keys": [
			{"hour": "0", "unlockCount": 0},
			{"hour": "1", "unlockCount": 0},
			{"hour": "2", "unlockCount": 6},
			{"hour": "3", "unlockCount": 11},
			{"hour": "4", "unlockCount": 12},
			{"hour": "5", "unlockCount": 5},
			{"hour": "6", "unlockCount": 2},
			{"hour": "7", "unlockCount": 2},
			{"hour": "8", "unlockCount": 2},
			{"hour": "9", "unlockCount": 4},
			{"hour": "10", "unlockCount": 4},
			{"hour": "11", "unlockCount": 18},
			{"hour": "12", "unlockCount": 1},
			{"hour": "13", "unlockCount": 7},
			{"hour": "14", "unlockCount": 8},
			{"hour": "15", "unlockCount": 6},
			{"hour": "16", "unlockCount": 6},
			{"hour": "17", "unlockCount": 1},
			{"hour": "18", "unlockCount": 0},
			{"hour": "19", "unlockCount": 0},
			{"hour": "20", "unlockCount": 0},
			{"hour": "21", "unlockCount": 0},
			{"hour": "22", "unlockCount": 0},
			{"hour": "23", "unlockCount": 0},
		]
	},
	{
		"date": 5,
		"maxTime": 95,
		"totalUnlockCount": 96,
		"keys": [
			{"hour": "0", "unlockCount": 0},
			{"hour": "1", "unlockCount": 0},
			{"hour": "2", "unlockCount": 1},
			{"hour": "3", "unlockCount": 5},
			{"hour": "4", "unlockCount": 1},
			{"hour": "5", "unlockCount": 1},
			{"hour": "6", "unlockCount": 1},
			{"hour": "7", "unlockCount": 8},
			{"hour": "8", "unlockCount": 10},
			{"hour": "9", "unlockCount": 7},
			{"hour": "10", "unlockCount": 13},
			{"hour": "11", "unlockCount": 4},
			{"hour": "12", "unlockCount": 0},
			{"hour": "13", "unlockCount": 8},
			{"hour": "14", "unlockCount": 9},
			{"hour": "15", "unlockCount": 3},
			{"hour": "16", "unlockCount": 8},
			{"hour": "17", "unlockCount": 5},
			{"hour": "18", "unlockCount": 0},
			{"hour": "19", "unlockCount": 0},
			{"hour": "20", "unlockCount": 0},
			{"hour": "21", "unlockCount": 0},
			{"hour": "22", "unlockCount": 1},
			{"hour": "23", "unlockCount": 11},
		]
	},
	{
		"date": 6,
		"maxTime": 94,
		"totalUnlockCount": 105,
		"keys": [
			{"hour": "0", "unlockCount": 5},
			{"hour": "1", "unlockCount": 3},
			{"hour": "2", "unlockCount": 7},
			{"hour": "3", "unlockCount": 2},
			{"hour": "4", "unlockCount": 11},
			{"hour": "5", "unlockCount": 5},
			{"hour": "6", "unlockCount": 10},
			{"hour": "7", "unlockCount": 5},
			{"hour": "8", "unlockCount": 4},
			{"hour": "9", "unlockCount": 5},
			{"hour": "10", "unlockCount": 10},
			{"hour": "11", "unlockCount": 6},
			{"hour": "12", "unlockCount": 4},
			{"hour": "13", "unlockCount": 8},
			{"hour": "14", "unlockCount": 4},
			{"hour": "15", "unlockCount": 9},
			{"hour": "16", "unlockCount": 1},
			{"hour": "17", "unlockCount": 4},
			{"hour": "18", "unlockCount": 1},
			{"hour": "19", "unlockCount": 0},
			{"hour": "20", "unlockCount": 0},
			{"hour": "21", "unlockCount": 0},
			{"hour": "22", "unlockCount": 1},
			{"hour": "23", "unlockCount": 0},
		]
	},
	{
		"date": 7,
		"maxTime": 93,
		"totalUnlockCount": 91,
		"keys": [
			{"hour": "0", "unlockCount": 2},
			{"hour": "1", "unlockCount": 8},
			{"hour": "2", "unlockCount": 9},
			{"hour": "3", "unlockCount": 6},
			{"hour": "4", "unlockCount": 7},
			{"hour": "5", "unlockCount": 4},
			{"hour": "6", "unlockCount": 6},
			{"hour": "7", "unlockCount": 2},
			{"hour": "8", "unlockCount": 6},
			{"hour": "9", "unlockCount": 7},
			{"hour": "10", "unlockCount": 15},
			{"hour": "11", "unlockCount": 9},
			{"hour": "12", "unlockCount": 3},
			{"hour": "13", "unlockCount": 7},
			{"hour": "14", "unlockCount": 0},
			{"hour": "15", "unlockCount": 0},
			{"hour": "16", "unlockCount": 0},
			{"hour": "17", "unlockCount": 0},
			{"hour": "18", "unlockCount": 0},
			{"hour": "19", "unlockCount": 0},
			{"hour": "20", "unlockCount": 0},
			{"hour": "21", "unlockCount": 0},
			{"hour": "22", "unlockCount": 0},
			{"hour": "23", "unlockCount": 0},
		]
	},
]
