[
	{
		"date": 1,
		"maxTime": 156,
		"totalUnlockCount": 124,
		"keys": [
			{"hour": "0", "unlockCount": 2},
			{"hour": "1", "unlockCount": 0},
			{"hour": "2", "unlockCount": 0},
			{"hour": "3", "unlockCount": 2},
			{"hour": "4", "unlockCount": 0},
			{"hour": "5", "unlockCount": 10},
			{"hour": "6", "unlockCount": 12},
			{"hour": "7", "unlockCount": 9},
			{"hour": "8", "unlockCount": 9},
			{"hour": "9", "unlockCount": 17},
			{"hour": "10", "unlockCount": 8},
			{"hour": "11", "unlockCount": 0},
			{"hour": "12", "unlockCount": 2},
			{"hour": "13", "unlockCount": 16},
			{"hour": "14", "unlockCount": 4},
			{"hour": "15", "unlockCount": 4},
			{"hour": "16", "unlockCount": 4},
			{"hour": "17", "unlockCount": 2},
			{"hour": "18", "unlockCount": 9},
			{"hour": "19", "unlockCount": 9},
			{"hour": "20", "unlockCount": 1},
			{"hour": "21", "unlockCount": 4},
			{"hour": "22", "unlockCount": 0},
			{"hour": "23", "unlockCount": 0},
		]
	},
	{
		"date": 2,
		"maxTime": 55,
		"totalUnlockCount": 144,
		"keys": [
			{"hour": "0", "unlockCount": 3},
			{"hour": "1", "unlockCount": 2},
			{"hour": "2", "unlockCount": 0},
			{"hour": "3", "unlockCount": 0},
			{"hour": "4", "unlockCount": 8},
			{"hour": "5", "unlockCount": 18},
			{"hour": "6", "unlockCount": 10},
			{"hour": "7", "unlockCount": 12},
			{"hour": "8", "unlockCount": 13},
			{"hour": "9", "unlockCount": 8},
			{"hour": "10", "unlockCount": 4},
			{"hour": "11", "unlockCount": 7},
			{"hour": "12", "unlockCount": 3},
			{"hour": "13", "unlockCount": 3},
			{"hour": "14", "unlockCount": 4},
			{"hour": "15", "unlockCount": 13},
			{"hour": "16", "unlockCount": 10},
			{"hour": "17", "unlockCount": 8},
			{"hour": "18", "unlockCount": 4},
			{"hour": "19", "unlockCount": 9},
			{"hour": "20", "unlockCount": 1},
			{"hour": "21", "unlockCount": 3},
			{"hour": "22", "unlockCount": 1},
			{"hour": "23", "unlockCount": 0},
		]
	},
	{
		"date": 3,
		"maxTime": 43,
		"totalUnlockCount": 182,
		"keys": [
			{"hour": "0", "unlockCount": 0},
			{"hour": "1", "unlockCount": 5},
			{"hour": "2", "unlockCount": 2},
			{"hour": "3", "unlockCount": 6},
			{"hour": "4", "unlockCount": 5},
			{"hour": "5", "unlockCount": 2},
			{"hour": "6", "unlockCount": 1},
			{"hour": "7", "unlockCount": 4},
			{"hour": "8", "unlockCount": 10},
			{"hour": "9", "unlockCount": 4},
			{"hour": "10", "unlockCount": 6},
			{"hour": "11", "unlockCount": 15},
			{"hour": "12", "unlockCount": 11},
			{"hour": "13", "unlockCount": 16},
			{"hour": "14", "unlockCount": 18},
			{"hour": "15", "unlockCount": 17},
			{"hour": "16", "unlockCount": 5},
			{"hour": "17", "unlockCount": 19},
			{"hour": "18", "unlockCount": 17},
			{"hour": "19", "unlockCount": 9},
			{"hour": "20", "unlockCount": 10},
			{"hour": "21", "unlockCount": 0},
			{"hour": "22", "unlockCount": 0},
			{"hour": "23", "unlockCount": 0},
		]
	},
	{
		"date": 4,
		"maxTime": 68,
		"totalUnlockCount": 129,
		"keys": [
			{"hour": "0", "unlockCount": 1},
			{"hour": "1", "unlockCount": 3},
			{"hour": "2", "unlockCount": 10},
			{"hour": "3", "unlockCount": 12},
			{"hour": "4", "unlockCount": 14},
			{"hour": "5", "unlockCount": 14},
			{"hour": "6", "unlockCount": 11},
			{"hour": "7", "unlockCount": 14},
			{"hour": "8", "unlockCount": 1},
			{"hour": "9", "unlockCount": 2},
			{"hour": "10", "unlockCount": 5},
			{"hour": "11", "unlockCount": 2},
			{"hour": "12", "unlockCount": 3},
			{"hour": "13", "unlockCount": 1},
			{"hour": "14", "unlockCount": 3},
			{"hour": "15", "unlockCount": 9},
			{"hour": "16", "unlockCount": 6},
			{"hour": "17", "unlockCount": 6},
			{"hour": "18", "unlockCount": 4},
			{"hour": "19", "unlockCount": 6},
			{"hour": "20", "unlockCount": 0},
			{"hour": "21", "unlockCount": 2},
			{"hour": "22", "unlockCount": 0},
			{"hour": "23", "unlockCount": 0},
		]
	},
	{
		"date": 5,
		"maxTime": 96,
		"totalUnlockCount": 110,
		"keys": [
			{"hour": "0", "unlockCount": 0},
			{"hour": "1", "unlockCount": 0},
			{"hour": "2", "unlockCount": 0},
			{"hour": "3", "unlockCount": 1},
			{"hour": "4", "unlockCount": 4},
			{"hour": "5", "unlockCount": 7},
			{"hour": "6", "unlockCount": 3},
			{"hour": "7", "unlockCount": 18},
			{"hour": "8", "unlockCount": 2},
			{"hour": "9", "unlockCount": 16},
			{"hour": "10", "unlockCount": 3},
			{"hour": "11", "unlockCount": 4},
			{"hour": "12", "unlockCount": 14},
			{"hour": "13", "unlockCount": 16},
			{"hour": "14", "unlockCount": 0},
			{"hour": "15", "unlockCount": 8},
			{"hour": "16", "unlockCount": 6},
			{"hour": "17", "unlockCount": 3},
			{"hour": "18", "unlockCount": 4},
			{"hour": "19", "unlockCount": 0},
			{"hour": "20", "unlockCount": 0},
			{"hour": "21", "unlockCount": 0},
			{"hour": "22", "unlockCount": 0},
			{"hour": "23", "unlockCount": 1},
		]
	},
	{
		"date": 6,
		"maxTime": 187,
		"totalUnlockCount": 117,
		"keys": [
			{"hour": "0", "unlockCount": 1},
			{"hour": "1", "unlockCount": 0},
			{"hour": "2", "unlockCount": 0},
			{"hour": "3", "unlockCount": 1},
			{"hour": "4", "unlockCount": 4},
			{"hour": "5", "unlockCount": 16},
			{"hour": "6", "unlockCount": 3},
			{"hour": "7", "unlockCount": 19},
			{"hour": "8", "unlockCount": 17},
			{"hour": "9", "unlockCount": 18},
			{"hour": "10", "unlockCount": 10},
			{"hour": "11", "unlockCount": 8},
			{"hour": "12", "unlockCount": 3},
			{"hour": "13", "unlockCount": 0},
			{"hour": "14", "unlockCount": 6},
			{"hour": "15", "unlockCount": 5},
			{"hour": "16", "unlockCount": 1},
			{"hour": "17", "unlockCount": 1},
			{"hour": "18", "unlockCount": 4},
			{"hour": "19", "unlockCount": 0},
			{"hour": "20", "unlockCount": 0},
			{"hour": "21", "unlockCount": 0},
			{"hour": "22", "unlockCount": 0},
			{"hour": "23", "unlockCount": 0},
		]
	},
	{
		"date": 7,
		"maxTime": 80,
		"totalUnlockCount": 298,
		"keys": [
			{"hour": "0", "unlockCount": 2},
			{"hour": "1", "unlockCount": 16},
			{"hour": "2", "unlockCount": 12},
			{"hour": "3", "unlockCount": 10},
			{"hour": "4", "unlockCount": 20},
			{"hour": "5", "unlockCount": 23},
			{"hour": "6", "unlockCount": 8},
			{"hour": "7", "unlockCount": 13},
			{"hour": "8", "unlockCount": 26},
			{"hour": "9", "unlockCount": 5},
			{"hour": "10", "unlockCount": 34},
			{"hour": "11", "unlockCount": 30},
			{"hour": "12", "unlockCount": 43},
			{"hour": "13", "unlockCount": 36},
			{"hour": "14", "unlockCount": 3},
			{"hour": "15", "unlockCount": 4},
			{"hour": "16", "unlockCount": 2},
			{"hour": "17", "unlockCount": 9},
			{"hour": "18", "unlockCount": 0},
			{"hour": "19", "unlockCount": 0},
			{"hour": "20", "unlockCount": 0},
			{"hour": "21", "unlockCount": 0},
			{"hour": "22", "unlockCount": 2},
			{"hour": "23", "unlockCount": 0},
		]
	},
]
