[
	{
		"date": 1,
		"maxTime": 149,
		"totalUnlockCount": 99,
		"keys": [
			{"hour": "0", "unlockCount": 5},
			{"hour": "1", "unlockCount": 5},
			{"hour": "2", "unlockCount": 5},
			{"hour": "3", "unlockCount": 3},
			{"hour": "4", "unlockCount": 4},
			{"hour": "5", "unlockCount": 2},
			{"hour": "6", "unlockCount": 0},
			{"hour": "7", "unlockCount": 1},
			{"hour": "8", "unlockCount": 1},
			{"hour": "9", "unlockCount": 18},
			{"hour": "10", "unlockCount": 22},
			{"hour": "11", "unlockCount": 7},
			{"hour": "12", "unlockCount": 4},
			{"hour": "13", "unlockCount": 0},
			{"hour": "14", "unlockCount": 0},
			{"hour": "15", "unlockCount": 2},
			{"hour": "16", "unlockCount": 2},
			{"hour": "17", "unlockCount": 2},
			{"hour": "18", "unlockCount": 3},
			{"hour": "19", "unlockCount": 1},
			{"hour": "20", "unlockCount": 5},
			{"hour": "21", "unlockCount": 0},
			{"hour": "22", "unlockCount": 0},
			{"hour": "23", "unlockCount": 7},
		]
	},
	{
		"date": 2,
		"maxTime": 187,
		"totalUnlockCount": 91,
		"keys": [
			{"hour": "0", "unlockCount": 4},
			{"hour": "1", "unlockCount": 3},
			{"hour": "2", "unlockCount": 0},
			{"hour": "3", "unlockCount": 6},
			{"hour": "4", "unlockCount": 1},
			{"hour": "5", "unlockCount": 10},
			{"hour": "6", "unlockCount": 6},
			{"hour": "7", "unlockCount": 8},
			{"hour": "8", "unlockCount": 12},
			{"hour": "9", "unlockCount": 12},
			{"hour": "10", "unlockCount": 8},
			{"hour": "11", "unlockCount": 2},
			{"hour": "12", "unlockCount": 0},
			{"hour": "13", "unlockCount": 0},
			{"hour": "14", "unlockCount": 0},
			{"hour": "15", "unlockCount": 2},
			{"hour": "16", "unlockCount": 5},
			{"hour": "17", "unlockCount": 1},
			{"hour": "18", "unlockCount": 3},
			{"hour": "19", "unlockCount": 2},
			{"hour": "20", "unlockCount": 0},
			{"hour": "21", "unlockCount": 0},
			{"hour": "22", "unlockCount": 0},
			{"hour": "23", "unlockCount": 6},
		]
	},
	{
		"date": 3,
		"maxTime": 32,
		"totalUnlockCount": 120,
		"keys": [
			{"hour": "0", "unlockCount": 15},
			{"hour": "1", "unlockCount": 14},
			{"hour": "2", "unlockCount": 6},
			{"hour": "3", "unlockCount": 0},
			{"hour": "4", "unlockCount": 4},
			{"hour": "5", "unlockCount": 11},
			{"hour": "6", "unlockCount": 7},
			{"hour": "7", "unlockCount": 6},
			{"hour": "8", "unlockCount": 9},
			{"hour": "9", "unlockCount": 9},
			{"hour": "10", "unlockCount": 3},
			{"hour": "11", "unlockCount": 4},
			{"hour": "12", "unlockCount": 11},
			{"hour": "13", "unlockCount": 10},
			{"hour": "14", "unlockCount": 0},
			{"hour": "15", "unlockCount": 5},
			{"hour": "16", "unlockCount": 5},
			{"hour": "17", "unlockCount": 0},
			{"hour": "18", "unlockCount": 0},
			{"hour": "19", "unlockCount": 0},
			{"hour": "20", "unlockCount": 0},
			{"hour": "21", "unlockCount": 0},
			{"hour": "22", "unlockCount": 0},
			{"hour": "23", "unlockCount": 1},
		]
	},
	{
		"date": 4,
		"maxTime": 66,
		"totalUnlockCount": 106,
		"keys": [
			{"hour": "0", "unlockCount": 0},
			{"hour": "1", "unlockCount": 1},
			{"hour": "2", "unlockCount": 3},
			{"hour": "3", "unlockCount": 3},
			{"hour": "4", "unlockCount": 12},
			{"hour": "5", "unlockCount": 8},
			{"hour": "6", "unlockCount": 4},
			{"hour": "7", "unlockCount": 4},
			{"hour": "8", "unlockCount": 2},
			{"hour": "9", "unlockCount": 20},
			{"hour": "10", "unlockCount": 11},
			{"hour": "11", "unlockCount": 8},
			{"hour": "12", "unlockCount": 3},
			{"hour": "13", "unlockCount": 4},
			{"hour": "14", "unlockCount": 3},
			{"hour": "15", "unlockCount": 2},
			{"hour": "16", "unlockCount": 7},
			{"hour": "17", "unlockCount": 3},
			{"hour": "18", "unlockCount": 6},
			{"hour": "19", "unlockCount": 1},
			{"hour": "20", "unlockCount": 0},
			{"hour": "21", "unlockCount": 0},
			{"hour": "22", "unlockCount": 0},
			{"hour": "23", "unlockCount": 1},
		]
	},
	{
		"date": 5,
		"maxTime": 137,
		"totalUnlockCount": 65,
		"keys": [
			{"hour": "0", "unlockCount": 0},
			{"hour": "1", "unlockCount": 0},
			{"hour": "2", "unlockCount": 0},
			{"hour": "3", "unlockCount": 1},
			{"hour": "4", "unlockCount": 5},
			{"hour": "5", "unlockCount": 1},
			{"hour": "6", "unlockCount": 4},
			{"hour": "7", "unlockCount": 0},
			{"hour": "8", "unlockCount": 6},
			{"hour": "9", "unlockCount": 6},
			{"hour": "10", "unlockCount": 4},
			{"hour": "11", "unlockCount": 5},
			{"hour": "12", "unlockCount": 1},
			{"hour": "13", "unlockCount": 1},
			{"hour": "14", "unlockCount": 1},
			{"hour": "15", "unlockCount": 1},
			{"hour": "16", "unlockCount": 6},
			{"hour": "17", "unlockCount": 2},
			{"hour": "18", "unlockCount": 4},
			{"hour": "19", "unlockCount": 0},
			{"hour": "20", "unlockCount": 2},
			{"hour": "21", "unlockCount": 0},
			{"hour": "22", "unlockCount": 1},
			{"hour": "23", "unlockCount": 14},
		]
	},
	{
		"date": 6,
		"maxTime": 96,
		"totalUnlockCount": 57,
		"keys": [
			{"hour": "0", "unlockCount": 10},
			{"hour": "1", "unlockCount": 7},
			{"hour": "2", "unlockCount": 4},
			{"hour": "3", "unlockCount": 0},
			{"hour": "4", "unlockCount": 1},
			{"hour": "5", "unlockCount": 0},
			{"hour": "6", "unlockCount": 0},
			{"hour": "7", "unlockCount": 7},
			{"hour": "8", "unlockCount": 8},
			{"hour": "9", "unlockCount": 0},
			{"hour": "10", "unlockCount": 6},
			{"hour": "11", "unlockCount": 0},
			{"hour": "12", "unlockCount": 0},
			{"hour": "13", "unlockCount": 1},
			{"hour": "14", "unlockCount": 0},
			{"hour": "15", "unlockCount": 0},
			{"hour": "16", "unlockCount": 1},
			{"hour": "17", "unlockCount": 2},
			{"hour": "18", "unlockCount": 1},
			{"hour": "19", "unlockCount": 0},
			{"hour": "20", "unlockCount": 0},
			{"hour": "21", "unlockCount": 0},
			{"hour": "22", "unlockCount": 0},
			{"hour": "23", "unlockCount": 9},
		]
	},
	{
		"date": 7,
		"maxTime": 43,
		"totalUnlockCount": 64,
		"keys": [
			{"hour": "0", "unlockCount": 8},
			{"hour": "1", "unlockCount": 4},
			{"hour": "2", "unlockCount": 7},
			{"hour": "3", "unlockCount": 5},
			{"hour": "4", "unlockCount": 3},
			{"hour": "5", "unlockCount": 6},
			{"hour": "6", "unlockCount": 4},
			{"hour": "7", "unlockCount": 4},
			{"hour": "8", "unlockCount": 2},
			{"hour": "9", "unlockCount": 9},
			{"hour": "10", "unlockCount": 4},
			{"hour": "11", "unlockCount": 3},
			{"hour": "12", "unlockCount": 2},
			{"hour": "13", "unlockCount": 3},
			{"hour": "14", "unlockCount": 0},
			{"hour": "15", "unlockCount": 0},
			{"hour": "16", "unlockCount": 0},
			{"hour": "17", "unlockCount": 0},
			{"hour": "18", "unlockCount": 0},
			{"hour": "19", "unlockCount": 0},
			{"hour": "20", "unlockCount": 0},
			{"hour": "21", "unlockCount": 0},
			{"hour": "22", "unlockCount": 0},
			{"hour": "23", "unlockCount": 0},
		]
	},
]
