[
	{
		"date": 1,
		"maxTime": 53,
		"totalUnlockCount": 114,
		"keys": [
			{"hour": "0", "unlockCount": 6},
			{"hour": "1", "unlockCount": 12},
			{"hour": "2", "unlockCount": 3},
			{"hour": "3", "unlockCount": 5},
			{"hour": "4", "unlockCount": 5},
			{"hour": "5", "unlockCount": 8},
			{"hour": "6", "unlockCount": 4},
			{"hour": "7", "unlockCount": 0},
			{"hour": "8", "unlockCount": 6},
			{"hour": "9", "unlockCount": 12},
			{"hour": "10", "unlockCount": 12},
			{"hour": "11", "unlockCount": 11},
			{"hour": "12", "unlockCount": 11},
			{"hour": "13", "unlockCount": 6},
			{"hour": "14", "unlockCount": 2},
			{"hour": "15", "unlockCount": 1},
			{"hour": "16", "unlockCount": 3},
			{"hour": "17", "unlockCount": 0},
			{"hour": "18", "unlockCount": 0},
			{"hour": "19", "unlockCount": 0},
			{"hour": "20", "unlockCount": 0},
			{"hour": "21", "unlockCount": 0},
			{"hour": "22", "unlockCount": 4},
			{"hour": "23", "unlockCount": 3},
		]
	},
	{
		"date": 2,
		"maxTime": 32,
		"totalUnlockCount": 84,
		"keys": [
			{"hour": "0", "unlockCount": 3},
			{"hour": "1", "unlockCount": 5},
			{"hour": "2", "unlockCount": 8},
			{"hour": "3", "unlockCount": 9},
			{"hour": "4", "unlockCount": 0},
			{"hour": "5", "unlockCount": 6},
			{"hour": "6", "unlockCount": 6},
			{"hour": "7", "unlockCount": 2},
			{"hour": "8", "unlockCount": 2},
			{"hour": "9", "unlockCount": 16},
			{"hour": "10", "unlockCount": 10},
			{"hour": "11", "unlockCount": 8},
			{"hour": "12", "unlockCount": 3},
			{"hour": "13", "unlockCount": 3},
			{"hour": "14", "unlockCount": 0},
			{"hour": "15", "unlockCount": 1},
			{"hour": "16", "unlockCount": 1},
			{"hour": "17", "unlockCount": 0},
			{"hour": "18", "unlockCount": 0},
			{"hour": "19", "unlockCount": 0},
			{"hour": "20", "unlockCount": 0},
			{"hour": "21", "unlockCount": 1},
			{"hour": "22", "unlockCount": 0},
			{"hour": "23", "unlockCount": 0},
		]
	},
	{
		"date": 3,
		"maxTime": 111,
		"totalUnlockCount": 83,
		"keys": [
			{"hour": "0", "unlockCount": 2},
			{"hour": "1", "unlockCount": 2},
			{"hour": "2", "unlockCount": 4},
			{"hour": "3", "unlockCount": 11},
			{"hour": "4", "unlockCount": 5},
			{"hour": "5", "unlockCount": 16},
			{"hour": "6", "unlockCount": 2},
			{"hour": "7", "unlockCount": 2},
			{"hour": "8", "unlockCount": 0},
			{"hour": "9", "unlockCount": 0},
			{"hour": "10", "unlockCount": 4},
			{"hour": "11", "unlockCount": 0},
			{"hour": "12", "unlockCount": 7},
			{"hour": "13", "unlockCount": 6},
			{"hour": "14", "unlockCount": 4},
			{"hour": "15", "unlockCount": 0},
			{"hour": "16", "unlockCount": 5},
			{"hour": "17", "unlockCount": 2},
			{"hour": "18", "unlockCount": 0},
			{"hour": "19", "unlockCount": 0},
			{"hour": "20", "unlockCount": 1},
			{"hour": "21", "unlockCount": 0},
			{"hour": "22", "unlockCount": 3},
			{"hour": "23", "unlockCount": 7},
		]
	},
	{
		"date": 4,
		"maxTime": 154,
		"totalUnlockCount": 108,
		"keys": [
			{"hour": "0", "unlockCount": 6},
			{"hour": "1", "unlockCount": 18},
			{"hour": "2", "unlockCount": 3},
			{"hour": "3", "unlockCount": 25},
			{"hour": "4", "unlockCount": 0},
			{"hour": "5", "unlockCount": 0},
			{"hour": "6", "unlockCount": 6},
			{"hour": "7", "unlockCount": 6},
			{"hour": "8", "unlockCount": 2},
			{"hour": "9", "unlockCount": 9},
			{"hour": "10", "unlockCount": 0},
			{"hour": "11", "unlockCount": 1},
			{"hour": "12", "unlockCount": 8},
			{"hour": "13", "unlockCount": 7},
			{"hour": "14", "unlockCount": 6},
			{"hour": "15", "unlockCount": 4},
			{"hour": "16", "unlockCount": 5},
			{"hour": "17", "unlockCount": 1},
			{"hour": "18", "unlockCount": 0},
			{"hour": "19", "unlockCount": 0},
			{"hour": "20", "unlockCount": 0},
			{"hour": "21", "unlockCount": 0},
			{"hour": "22", "unlockCount": 1},
			{"hour": "23", "unlockCount": 0},
		]
	},
	{
		"date": 5,
		"maxTime": 67,
		"totalUnlockCount": 142,
		"keys": [
			{"hour": "0", "unlockCount": 0},
			{"hour": "1", "unlockCount": 2},
			{"hour": "2", "unlockCount": 2},
			{"hour": "3", "unlockCount": 1},
			{"hour": "4", "unlockCount": 1},
			{"hour": "5", "unlockCount": 2},
			{"hour": "6", "unlockCount": 13},
			{"hour": "7", "unlockCount": 12},
			{"hour": "8", "unlockCount": 3},
			{"hour": "9", "unlockCount": 7},
			{"hour": "10", "unlockCount": 2},
			{"hour": "11", "unlockCount": 2},
			{"hour": "12", "unlockCount": 14},
			{"hour": "13", "unlockCount": 14},
			{"hour": "14", "unlockCount": 11},
			{"hour": "15", "unlockCount": 7},
			{"hour": "16", "unlockCount": 3},
			{"hour": "17", "unlockCount": 10},
			{"hour": "18", "unlockCount": 3},
			{"hour": "19", "unlockCount": 5},
			{"hour": "20", "unlockCount": 2},
			{"hour": "21", "unlockCount": 8},
			{"hour": "22", "unlockCount": 8},
			{"hour": "23", "unlockCount": 10},
		]
	},
	{
		"date": 6,
		"maxTime": 84,
		"totalUnlockCount": 110,
		"keys": [
			{"hour": "0", "unlockCount": 5},
			{"hour": "1", "unlockCount": 12},
			{"hour": "2", "unlockCount": 6},
			{"hour": "3", "unlockCount": 8},
			{"hour": "4", "unlockCount": 2},
			{"hour": "5", "unlockCount": 6},
			{"hour": "6", "unlockCount": 19},
			{"hour": "7", "unlockCount": 0},
			{"hour": "8", "unlockCount": 8},
			{"hour": "9", "unlockCount": 5},
			{"hour": "10", "unlockCount": 2},
			{"hour": "11", "unlockCount": 3},
			{"hour": "12", "unlockCount": 3},
			{"hour": "13", "unlockCount": 9},
			{"hour": "14", "unlockCount": 4},
			{"hour": "15", "unlockCount": 4},
			{"hour": "16", "unlockCount": 4},
			{"hour": "17", "unlockCount": 0},
			{"hour": "18", "unlockCount": 1},
			{"hour": "19", "unlockCount": 0},
			{"hour": "20", "unlockCount": 0},
			{"hour": "21", "unlockCount": 0},
			{"hour": "22", "unlockCount": 2},
			{"hour": "23", "unlockCount": 7},
		]
	},
	{
		"date": 7,
		"maxTime": 136,
		"totalUnlockCount": 64,
		"keys": [
			{"hour": "0", "unlockCount": 2},
			{"hour": "1", "unlockCount": 7},
			{"hour": "2", "unlockCount": 8},
			{"hour": "3", "unlockCount": 10},
			{"hour": "4", "unlockCount": 0},
			{"hour": "5", "unlockCount": 6},
			{"hour": "6", "unlockCount": 12},
			{"hour": "7", "unlockCount": 3},
			{"hour": "8", "unlockCount": 0},
			{"hour": "9", "unlockCount": 2},
			{"hour": "10", "unlockCount": 1},
			{"hour": "11", "unlockCount": 0},
			{"hour": "12", "unlockCount": 1},
			{"hour": "13", "unlockCount": 10},
			{"hour": "14", "unlockCount": 2},
			{"hour": "15", "unlockCount": 0},
			{"hour": "16", "unlockCount": 0},
			{"hour": "17", "unlockCount": 0},
			{"hour": "18", "unlockCount": 0},
			{"hour": "19", "unlockCount": 0},
			{"hour": "20", "unlockCount": 0},
			{"hour": "21", "unlockCount": 0},
			{"hour": "22", "unlockCount": 0},
			{"hour": "23", "unlockCount": 0},
		]
	},
]
