[
	{
		"date": 1,
		"maxTime": 32,
		"totalUnlockCount": 249,
		"keys": [
			{"hour": "0", "unlockCount": 12},
			{"hour": "1", "unlockCount": 11},
			{"hour": "2", "unlockCount": 14},
			{"hour": "3", "unlockCount": 13},
			{"hour": "4", "unlockCount": 5},
			{"hour": "5", "unlockCount": 0},
			{"hour": "6", "unlockCount": 13},
			{"hour": "7", "unlockCount": 20},
			{"hour": "8", "unlockCount": 20},
			{"hour": "9", "unlockCount": 12},
			{"hour": "10", "unlockCount": 25},
			{"hour": "11", "unlockCount": 9},
			{"hour": "12", "unlockCount": 9},
			{"hour": "13", "unlockCount": 9},
			{"hour": "14", "unlockCount": 15},
			{"hour": "15", "unlockCount": 22},
			{"hour": "16", "unlockCount": 12},
			{"hour": "17", "unlockCount": 6},
			{"hour": "18", "unlockCount": 0},
			{"hour": "19", "unlockCount": 2},
			{"hour": "20", "unlockCount": 0},
			{"hour": "21", "unlockCount": 4},
			{"hour": "22", "unlockCount": 10},
			{"hour": "23", "unlockCount": 6},
		]
	},
	{
		"date": 2,
		"maxTime": 80,
		"totalUnlockCount": 185,
		"keys": [
			{"hour": "0", "unlockCount": 6},
			{"hour": "1", "unlockCount": 4},
			{"hour": "2", "unlockCount": 9},
			{"hour": "3", "unlockCount": 3},
			{"hour": "4", "unlockCount": 15},
			{"hour": "5", "unlockCount": 24},
			{"hour": "6", "unlockCount": 24},
			{"hour": "7", "unlockCount": 20},
			{"hour": "8", "unlockCount": 3},
			{"hour": "9", "unlockCount": 11},
			{"hour": "10", "unlockCount": 22},
			{"hour": "11", "unlockCount": 19},
			{"hour": "12", "unlockCount": 8},
			{"hour": "13", "unlockCount": 7},
			{"hour": "14", "unlockCount": 4},
			{"hour": "15", "unlockCount": 1},
			{"hour": "16", "unlockCount": 0},
			{"hour": "17", "unlockCount": 0},
			{"hour": "18", "unlockCount": 0},
			{"hour": "19", "unlockCount": 2},
			{"hour": "20", "unlockCount": 0},
			{"hour": "21", "unlockCount": 2},
			{"hour": "22", "unlockCount": 0},
			{"hour": "23", "unlockCount": 1},
		]
	},
	{
		"date": 3,
		"maxTime": 139,
		"totalUnlockCount": 133,
		"keys": [
			{"hour": "0", "unlockCount": 1},
			{"hour": "1", "unlockCount": 1},
			{"hour": "2", "unlockCount": 5},
			{"hour": "3", "unlockCount": 8},
			{"hour": "4", "unlockCount": 6},
			{"hour": "5", "unlockCount": 3},
			{"hour": "6", "unlockCount": 6},
			{"hour": "7", "unlockCount": 12},
			{"hour": "8", "unlockCount": 16},
			{"hour": "9", "unlockCount": 22},
			{"hour": "10", "unlockCount": 11},
			{"hour": "11", "unlockCount": 10},
			{"hour": "12", "unlockCount": 9},
			{"hour": "13", "unlockCount": 1},
			{"hour": "14", "unlockCount": 0},
			{"hour": "15", "unlockCount": 2},
			{"hour": "16", "unlockCount": 8},
			{"hour": "17", "unlockCount": 4},
			{"hour": "18", "unlockCount": 0},
			{"hour": "19", "unlockCount": 1},
			{"hour": "20", "unlockCount": 3},
			{"hour": "21", "unlockCount": 1},
			{"hour": "22", "unlockCount": 2},
			{"hour": "23", "unlockCount": 1},
		]
	},
	{
		"date": 4,
		"maxTime": 33,
		"totalUnlockCount": 174,
		"keys": [
			{"hour": "0", "unlockCount": 5},
			{"hour": "1", "unlockCount": 4},
			{"hour": "2", "unlockCount": 10},
			{"hour": "3", "unlockCount": 29},
			{"hour": "4", "unlockCount": 10},
			{"hour": "5", "unlockCount": 0},
			{"hour": "6", "unlockCount": 22},
			{"hour": "7", "unlockCount": 11},
			{"hour": "8", "unlockCount": 22},
			{"hour": "9", "unlockCount": 10},
			{"hour": "10", "unlockCount": 12},
			{"hour": "11", "unlockCount": 4},
			{"hour": "12", "unlockCount": 2},
			{"hour": "13", "unlockCount": 6},
			{"hour": "14", "unlockCount": 10},
			{"hour": "15", "unlockCount": 3},
			{"hour": "16", "unlockCount": 9},
			{"hour": "17", "unlockCount": 4},
			{"hour": "18", "unlockCount": 0},
			{"hour": "19", "unlockCount": 0},
			{"hour": "20", "unlockCount": 0},
			{"hour": "21", "unlockCount": 0},
			{"hour": "22", "unlockCount": 0},
			{"hour": "23", "unlockCount": 1},
		]
	},
	{
		"date": 5,
		"maxTime": 146,
		"totalUnlockCount": 189,
		"keys": [
			{"hour": "0", "unlockCount": 1},
			{"hour": "1", "unlockCount": 7},
			{"hour": "2", "unlockCount": 4},
			{"hour": "3", "unlockCount": 11},
			{"hour": "4", "unlockCount": 9},
			{"hour": "5", "unlockCount": 17},
			{"hour": "6", "unlockCount": 14},
			{"hour": "7", "unlockCount": 30},
			{"hour": "8", "unlockCount": 10},
			{"hour": "9", "unlockCount": 11},
			{"hour": "10", "unlockCount": 9},
			{"hour": "11", "unlockCount": 27},
			{"hour": "12", "unlockCount": 3},
			{"hour": "13", "unlockCount": 15},
			{"hour": "14", "unlockCount": 6},
			{"hour": "15", "unlockCount": 1},
			{"hour": "16", "unlockCount": 1},
			{"hour": "17", "unlockCount": 0},
			{"hour": "18", "unlockCount": 1},
			{"hour": "19", "unlockCount": 1},
			{"hour": "20", "unlockCount": 0},
			{"hour": "21", "unlockCount": 1},
			{"hour": "22", "unlockCount": 2},
			{"hour": "23", "unlockCount": 8},
		]
	},
	{
		"date": 6,
		"maxTime": 32,
		"totalUnlockCount": 218,
		"keys": [
			{"hour": "0", "unlockCount": 19},
			{"hour": "1", "unlockCount": 19},
			{"hour": "2", "unlockCount": 16},
			{"hour": "3", "unlockCount": 11},
			{"hour": "4", "unlockCount": 10},
			{"hour": "5", "unlockCount": 21},
			{"hour": "6", "unlockCount": 19},
			{"hour": "7", "unlockCount": 17},
			{"hour": "8", "unlockCount": 5},
			{"hour": "9", "unlockCount": 15},
			{"hour": "10", "unlockCount": 15},
			{"hour": "11", "unlockCount": 0},
			{"hour": "12", "unlockCount": 9},
			{"hour": "13", "unlockCount": 9},
			{"hour": "14", "unlockCount": 13},
			{"hour": "15", "unlockCount": 3},
			{"hour": "16", "unlockCount": 1},
			{"hour": "17", "unlockCount": 2},
			{"hour": "18", "unlockCount": 0},
			{"hour": "19", "unlockCount": 0},
			{"hour": "20", "unlockCount": 2},
			{"hour": "21", "unlockCount": 7},
			{"hour": "22", "unlockCount": 2},
			{"hour": "23", "unlockCount": 3},
		]
	},
	{
		"date": 7,
		"maxTime": 24,
		"totalUnlockCount": 201,
		"keys": [
			{"hour": "0", "unlockCount": 2},
			{"hour": "1", "unlockCount": 1},
			{"hour": "2", "unlockCount": 9},
			{"hour": "3", "unlockCount": 9},
			{"hour": "4", "unlockCount": 18},
			{"hour": "5", "unlockCount": 44},
			{"hour": "6", "unlockCount": 19},
			{"hour": "7", "unlockCount": 7},
			{"hour": "8", "unlockCount": 24},
			{"hour": "9", "unlockCount": 12},
			{"hour": "10", "unlockCount": 20},
			{"hour": "11", "unlockCount": 12},
			{"hour": "12", "unlockCount": 7},
			{"hour": "13", "unlockCount": 17},
			{"hour": "14", "unlockCount": 0},
			{"hour": "15", "unlockCount": 0},
			{"hour": "16", "unlockCount": 0},
			{"hour": "17", "unlockCount": 0},
			{"hour": "18", "unlockCount": 0},
			{"hour": "19", "unlockCount": 0},
			{"hour": "20", "unlockCount": 0},
			{"hour": "21", "unlockCount": 0},
			{"hour": "22", "unlockCount": 0},
			{"hour": "23", "unlockCount": 0},
		]
	},
]
