[
	{
		"date": 1,
		"maxTime": 25,
		"totalUnlockCount": 238,
		"keys": [
			{"hour": "0", "unlockCount": 5},
			{"hour": "1", "unlockCount": 28},
			{"hour": "2", "unlockCount": 32},
			{"hour": "3", "unlockCount": 13},
			{"hour": "4", "unlockCount": 15},
			{"hour": "5", "unlockCount": 26},
			{"hour": "6", "unlockCount": 15},
			{"hour": "7", "unlockCount": 26},
			{"hour": "8", "unlockCount": 4},
			{"hour": "9", "unlockCount": 8},
			{"hour": "10", "unlockCount": 5},
			{"hour": "11", "unlockCount": 10},
			{"hour": "12", "unlockCount": 3},
			{"hour": "13", "unlockCount": 16},
			{"hour": "14", "unlockCount": 13},
			{"hour": "15", "unlockCount": 5},
			{"hour": "16", "unlockCount": 3},
			{"hour": "17", "unlockCount": 6},
			{"hour": "18", "unlockCount": 3},
			{"hour": "19", "unlockCount": 0},
			{"hour": "20", "unlockCount": 0},
			{"hour": "21", "unlockCount": 0},
			{"hour": "22", "unlockCount": 2},
			{"hour": "23", "unlockCount": 0},
		]
	},
	{
		"date": 2,
		"maxTime": 18,
		"totalUnlockCount": 214,
		"keys": [
			{"hour": "0", "unlockCount": 1},
			{"hour": "1", "unlockCount": 4},
			{"hour": "2", "unlockCount": 7},
			{"hour": "3", "unlockCount": 10},
			{"hour": "4", "unlockCount": 11},
			{"hour": "5", "unlockCount": 21},
			{"hour": "6", "unlockCount": 21},
			{"hour": "7", "unlockCount": 9},
			{"hour": "8", "unlockCount": 26},
			{"hour": "9", "unlockCount": 13},
			{"hour": "10", "unlockCount": 3},
			{"hour": "11", "unlockCount": 7},
			{"hour": "12", "unlockCount": 11},
			{"hour": "13", "unlockCount": 5},
			{"hour": "14", "unlockCount": 15},
			{"hour": "15", "unlockCount": 15},
			{"hour": "16", "unlockCount": 3},
			{"hour": "17", "unlockCount": 14},
			{"hour": "18", "unlockCount": 4},
			{"hour": "19", "unlockCount": 11},
			{"hour": "20", "unlockCount": 0},
			{"hour": "21", "unlockCount": 0},
			{"hour": "22", "unlockCount": 0},
			{"hour": "23", "unlockCount": 3},
		]
	},
	{
		"date": 3,
		"maxTime": 25,
		"totalUnlockCount": 140,
		"keys": [
			{"hour": "0", "unlockCount": 1},
			{"hour": "1", "unlockCount": 18},
			{"hour": "2", "unlockCount": 16},
			{"hour": "3", "unlockCount": 12},
			{"hour": "4", "unlockCount": 4},
			{"hour": "5", "unlockCount": 7},
			{"hour": "6", "unlockCount": 17},
			{"hour": "7", "unlockCount": 14},
			{"hour": "8", "unlockCount": 7},
			{"hour": "9", "unlockCount": 16},
			{"hour": "10", "unlockCount": 7},
			{"hour": "11", "unlockCount": 6},
			{"hour": "12", "unlockCount": 3},
			{"hour": "13", "unlockCount": 3},
			{"hour": "14", "unlockCount": 2},
			{"hour": "15", "unlockCount": 4},
			{"hour": "16", "unlockCount": 3},
			{"hour": "17", "unlockCount": 0},
			{"hour": "18", "unlockCount": 0},
			{"hour": "19", "unlockCount": 0},
			{"hour": "20", "unlockCount": 0},
			{"hour": "21", "unlockCount": 0},
			{"hour": "22", "unlockCount": 0},
			{"hour": "23", "unlockCount": 0},
		]
	},
	{
		"date": 4,
		"maxTime": 14,
		"totalUnlockCount": 125,
		"keys": [
			{"hour": "0", "unlockCount": 0},
			{"hour": "1", "unlockCount": 1},
			{"hour": "2", "unlockCount": 5},
			{"hour": "3", "unlockCount": 0},
			{"hour": "4", "unlockCount": 10},
			{"hour": "5", "unlockCount": 8},
			{"hour": "6", "unlockCount": 11},
			{"hour": "7", "unlockCount": 0},
			{"hour": "8", "unlockCount": 5},
			{"hour": "9", "unlockCount": 11},
			{"hour": "10", "unlockCount": 4},
			{"hour": "11", "unlockCount": 3},
			{"hour": "12", "unlockCount": 7},
			{"hour": "13", "unlockCount": 18},
			{"hour": "14", "unlockCount": 16},
			{"hour": "15", "unlockCount": 4},
			{"hour": "16", "unlockCount": 8},
			{"hour": "17", "unlockCount": 3},
			{"hour": "18", "unlockCount": 5},
			{"hour": "19", "unlockCount": 3},
			{"hour": "20", "unlockCount": 0},
			{"hour": "21", "unlockCount": 0},
			{"hour": "22", "unlockCount": 0},
			{"hour": "23", "unlockCount": 3},
		]
	},
	{
		"date": 5,
		"maxTime": 50,
		"totalUnlockCount": 144,
		"keys": [
			{"hour": "0", "unlockCount": 0},
			{"hour": "1", "unlockCount": 4},
			{"hour": "2", "unlockCount": 12},
			{"hour": "3", "unlockCount": 30},
			{"hour": "4", "unlockCount": 19},
			{"hour": "5", "unlockCount": 22},
			{"hour": "6", "unlockCount": 6},
			{"hour": "7", "unlockCount": 5},
			{"hour": "8", "unlockCount": 5},
			{"hour": "9", "unlockCount": 4},
			{"hour": "10", "unlockCount": 13},
			{"hour": "11", "unlockCount": 7},
			{"hour": "12", "unlockCount": 7},
			{"hour": "13", "unlockCount": 0},
			{"hour": "14", "unlockCount": 6},
			{"hour": "15", "unlockCount": 1},
			{"hour": "16", "unlockCount": 3},
			{"hour": "17", "unlockCount": 0},
			{"hour": "18", "unlockCount": 0},
			{"hour": "19", "unlockCount": 0},
			{"hour": "20", "unlockCount": 0},
			{"hour": "21", "unlockCount": 0},
			{"hour": "22", "unlockCount": 0},
			{"hour": "23", "unlockCount": 0},
		]
	},
	{
		"date": 6,
		"maxTime": 18,
		"totalUnlockCount": 229,
		"keys": [
			{"hour": "0", "unlockCount": 5},
			{"hour": "1", "unlockCount": 36},
			{"hour": "2", "unlockCount": 20},
			{"hour": "3", "unlockCount": 14},
			{"hour": "4", "unlockCount": 12},
			{"hour": "5", "unlockCount": 13},
			{"hour": "6", "unlockCount": 17},
			{"hour": "7", "unlockCount": 11},
			{"hour": "8", "unlockCount": 8},
			{"hour": "9", "unlockCount": 21},
			{"hour": "10", "unlockCount": 8},
			{"hour": "11", "unlockCount": 0},
			{"hour": "12", "unlockCount": 8},
			{"hour": "13", "unlockCount": 21},
			{"hour": "14", "unlockCount": 6},
			{"hour": "15", "unlockCount": 9},
			{"hour": "16", "unlockCount": 14},
			{"hour": "17", "unlockCount": 6},
			{"hour": "18", "unlockCount": 0},
			{"hour": "19", "unlockCount": 0},
			{"hour": "20", "unlockCount": 0},
			{"hour": "21", "unlockCount": 0},
			{"hour": "22", "unlockCount": 0},
			{"hour": "23", "unlockCount": 0},
		]
	},
	{
		"date": 7,
		"maxTime": 34,
		"totalUnlockCount": 282,
		"keys": [
			{"hour": "0", "unlockCount": 0},
			{"hour": "1", "unlockCount": 0},
			{"hour": "2", "unlockCount": 17},
			{"hour": "3", "unlockCount": 15},
			{"hour": "4", "unlockCount": 21},
			{"hour": "5", "unlockCount": 35},
			{"hour": "6", "unlockCount": 15},
			{"hour": "7", "unlockCount": 13},
			{"hour": "8", "unlockCount": 17},
			{"hour": "9", "unlockCount": 26},
			{"hour": "10", "unlockCount": 25},
			{"hour": "11", "unlockCount": 10},
			{"hour": "12", "unlockCount": 26},
			{"hour": "13", "unlockCount": 33},
			{"hour": "14", "unlockCount": 15},
			{"hour": "15", "unlockCount": 6},
			{"hour": "16", "unlockCount": 4},
			{"hour": "17", "unlockCount": 0},
			{"hour": "18", "unlockCount": 0},
			{"hour": "19", "unlockCount": 0},
			{"hour": "20", "unlockCount": 0},
			{"hour": "21", "unlockCount": 0},
			{"hour": "22", "unlockCount": 1},
			{"hour": "23", "unlockCount": 3},
		]
	},
]
