[
	{
		"date": 1,
		"maxTime": 50,
		"totalUnlockCount": 286,
		"keys": [
			{"hour": "0", "unlockCount": 20},
			{"hour": "1", "unlockCount": 20},
			{"hour": "2", "unlockCount": 26},
			{"hour": "3", "unlockCount": 18},
			{"hour": "4", "unlockCount": 9},
			{"hour": "5", "unlockCount": 12},
			{"hour": "6", "unlockCount": 14},
			{"hour": "7", "unlockCount": 6},
			{"hour": "8", "unlockCount": 12},
			{"hour": "9", "unlockCount": 29},
			{"hour": "10", "unlockCount": 36},
			{"hour": "11", "unlockCount": 10},
			{"hour": "12", "unlockCount": 19},
			{"hour": "13", "unlockCount": 11},
			{"hour": "14", "unlockCount": 16},
			{"hour": "15", "unlockCount": 14},
			{"hour": "16", "unlockCount": 8},
			{"hour": "17", "unlockCount": 5},
			{"hour": "18", "unlockCount": 0},
			{"hour": "19", "unlockCount": 0},
			{"hour": "20", "unlockCount": 0},
			{"hour": "21", "unlockCount": 0},
			{"hour": "22", "unlockCount": 0},
			{"hour": "23", "unlockCount": 1},
		]
	},
	{
		"date": 2,
		"maxTime": 92,
		"totalUnlockCount": 311,
		"keys": [
			{"hour": "0", "unlockCount": 3},
			{"hour": "1", "unlockCount": 23},
			{"hour": "2", "unlockCount": 5},
			{"hour": "3", "unlockCount": 25},
			{"hour": "4", "unlockCount": 21},
			{"hour": "5", "unlockCount": 20},
			{"hour": "6", "unlockCount": 29},
			{"hour": "7", "unlockCount": 32},
			{"hour": "8", "unlockCount": 15},
			{"hour": "9", "unlockCount": 27},
			{"hour": "10", "unlockCount": 9},
			{"hour": "11", "unlockCount": 20},
			{"hour": "12", "unlockCount": 39},
			{"hour": "13", "unlockCount": 27},
			{"hour": "14", "unlockCount": 0},
			{"hour": "15", "unlockCount": 4},
			{"hour": "16", "unlockCount": 3},
			{"hour": "17", "unlockCount": 6},
			{"hour": "18", "unlockCount": 0},
			{"hour": "19", "unlockCount": 1},
			{"hour": "20", "unlockCount": 0},
			{"hour": "21", "unlockCount": 1},
			{"hour": "22", "unlockCount": 0},
			{"hour": "23", "unlockCount": 1},
		]
	},
	{
		"date": 3,
		"maxTime": 28,
		"totalUnlockCount": 252,
		"keys": [
			{"hour": "0", "unlockCount": 3},
			{"hour": "1", "unlockCount": 19},
			{"hour": "2", "unlockCount": 24},
			{"hour": "3", "unlockCount": 11},
			{"hour": "4", "unlockCount": 16},
			{"hour": "5", "unlockCount": 17},
			{"hour": "6", "unlockCount": 19},
			{"hour": "7", "unlockCount": 27},
			{"hour": "8", "unlockCount": 21},
			{"hour": "9", "unlockCount": 15},
			{"hour": "10", "unlockCount": 6},
			{"hour": "11", "unlockCount": 3},
			{"hour": "12", "unlockCount": 4},
			{"hour": "13", "unlockCount": 11},
			{"hour": "14", "unlockCount": 38},
			{"hour": "15", "unlockCount": 2},
			{"hour": "16", "unlockCount": 5},
			{"hour": "17", "unlockCount": 6},
			{"hour": "18", "unlockCount": 5},
			{"hour": "19", "unlockCount": 0},
			{"hour": "20", "unlockCount": 0},
			{"hour": "21", "unlockCount": 0},
			{"hour": "22", "unlockCount": 0},
			{"hour": "23", "unlockCount": 0},
		]
	},
	{
		"date": 4,
		"maxTime": 89,
		"totalUnlockCount": 157,
		"keys": [
			{"hour": "0", "unlockCount": 3},
			{"hour": "1", "unlockCount": 3},
			{"hour": "2", "unlockCount": 8},
			{"hour": "3", "unlockCount": 1},
			{"hour": "4", "unlockCount": 10},
			{"hour": "5", "unlockCount": 13},
			{"hour": "6", "unlockCount": 5},
			{"hour": "7", "unlockCount": 5},
			{"hour": "8", "unlockCount": 6},
			{"hour": "9", "unlockCount": 1},
			{"hour": "10", "unlockCount": 13},
			{"hour": "11", "unlockCount": 24},
			{"hour": "12", "unlockCount": 23},
			{"hour": "13", "unlockCount": 15},
			{"hour": "14", "unlockCount": 9},
			{"hour": "15", "unlockCount": 1},
			{"hour": "16", "unlockCount": 5},
			{"hour": "17", "unlockCount": 3},
			{"hour": "18", "unlockCount": 8},
			{"hour": "19", "unlockCount": 0},
			{"hour": "20", "unlockCount": 1},
			{"hour": "21", "unlockCount": 0},
			{"hour": "22", "unlockCount": 0},
			{"hour": "23", "unlockCount": 0},
		]
	},
	{
		"date": 5,
		"maxTime": 105,
		"totalUnlockCount": 244,
		"keys": [
			{"hour": "0", "unlockCount": 0},
			{"hour": "1", "unlockCount": 4},
			{"hour": "2", "unlockCount": 3},
			{"hour": "3", "unlockCount": 12},
			{"hour": "4", "unlockCount": 20},
			{"hour": "5", "unlockCount": 0},
			{"hour": "6", "unlockCount": 3},
			{"hour": "7", "unlockCount": 13},
			{"hour": "8", "unlockCount": 12},
			{"hour": "9", "unlockCount": 38},
			{"hour": "10", "unlockCount": 5},
			{"hour": "11", "unlockCount": 7},
			{"hour": "12", "unlockCount": 23},
			{"hour": "13", "unlockCount": 11},
			{"hour": "14", "unlockCount": 7},
			{"hour": "15", "unlockCount": 19},
			{"hour": "16", "unlockCount": 19},
			{"hour": "17", "unlockCount": 13},
			{"hour": "18", "unlockCount": 10},
			{"hour": "19", "unlockCount": 0},
			{"hour": "20", "unlockCount": 1},
			{"hour": "21", "unlockCount": 0},
			{"hour": "22", "unlockCount": 1},
			{"hour": "23", "unlockCount": 23},
		]
	},
	{
		"date": 6,
		"maxTime": 65,
		"totalUnlockCount": 243,
		"keys": [
			{"hour": "0", "unlockCount": 5},
			{"hour": "1", "unlockCount": 12},
			{"hour": "2", "unlockCount": 26},
			{"hour": "3", "unlockCount": 37},
			{"hour": "4", "unlockCount": 18},
			{"hour": "5", "unlockCount": 22},
			{"hour": "6", "unlockCount": 3},
			{"hour": "7", "unlockCount": 4},
			{"hour": "8", "unlockCount": 7},
			{"hour": "9", "unlockCount": 22},
			{"hour": "10", "unlockCount": 15},
			{"hour": "11", "unlockCount": 20},
			{"hour": "12", "unlockCount": 17},
			{"hour": "13", "unlockCount": 9},
			{"hour": "14", "unlockCount": 7},
			{"hour": "15", "unlockCount": 9},
			{"hour": "16", "unlockCount": 1},
			{"hour": "17", "unlockCount": 0},
			{"hour": "18", "unlockCount": 0},
			{"hour": "19", "unlockCount": 0},
			{"hour": "20", "unlockCount": 0},
			{"hour": "21", "unlockCount": 2},
			{"hour": "22", "unlockCount": 5},
			{"hour": "23", "unlockCount": 2},
		]
	},
	{
		"date": 7,
		"maxTime": 60,
		"totalUnlockCount": 288,
		"keys": [
			{"hour": "0", "unlockCount": 8},
			{"hour": "1", "unlockCount": 3},
			{"hour": "2", "unlockCount": 5},
			{"hour": "3", "unlockCount": 82},
			{"hour": "4", "unlockCount": 31},
			{"hour": "5", "unlockCount": 24},
			{"hour": "6", "unlockCount": 34},
			{"hour": "7", "unlockCount": 26},
			{"hour": "8", "unlockCount": 14},
			{"hour": "9", "unlockCount": 16},
			{"hour": "10", "unlockCount": 5},
			{"hour": "11", "unlockCount": 8},
			{"hour": "12", "unlockCount": 13},
			{"hour": "13", "unlockCount": 11},
			{"hour": "14", "unlockCount": 3},
			{"hour": "15", "unlockCount": 2},
			{"hour": "16", "unlockCount": 0},
			{"hour": "17", "unlockCount": 0},
			{"hour": "18", "unlockCount": 0},
			{"hour": "19", "unlockCount": 0},
			{"hour": "20", "unlockCount": 1},
			{"hour": "21", "unlockCount": 0},
			{"hour": "22", "unlockCount": 0},
			{"hour": "23", "unlockCount": 2},
		]
	},
]
