[
	{
		"date": 1,
		"maxTime": 47,
		"totalUnlockCount": 129,
		"keys": [
			{"hour": "0", "unlockCount": 14},
			{"hour": "1", "unlockCount": 7},
			{"hour": "2", "unlockCount": 2},
			{"hour": "3", "unlockCount": 5},
			{"hour": "4", "unlockCount": 8},
			{"hour": "5", "unlockCount": 17},
			{"hour": "6", "unlockCount": 4},
			{"hour": "7", "unlockCount": 0},
			{"hour": "8", "unlockCount": 3},
			{"hour": "9", "unlockCount": 5},
			{"hour": "10", "unlockCount": 12},
			{"hour": "11", "unlockCount": 9},
			{"hour": "12", "unlockCount": 1},
			{"hour": "13", "unlockCount": 2},
			{"hour": "14", "unlockCount": 1},
			{"hour": "15", "unlockCount": 5},
			{"hour": "16", "unlockCount": 1},
			{"hour": "17", "unlockCount": 1},
			{"hour": "18", "unlockCount": 0},
			{"hour": "19", "unlockCount": 12},
			{"hour": "20", "unlockCount": 2},
			{"hour": "21", "unlockCount": 0},
			{"hour": "22", "unlockCount": 3},
			{"hour": "23", "unlockCount": 15},
		]
	},
	{
		"date": 2,
		"maxTime": 26,
		"totalUnlockCount": 143,
		"keys": [
			{"hour": "0", "unlockCount": 4},
			{"hour": "1", "unlockCount": 6},
			{"hour": "2", "unlockCount": 17},
			{"hour": "3", "unlockCount": 4},
			{"hour": "4", "unlockCount": 4},
			{"hour": "5", "unlockCount": 16},
			{"hour": "6", "unlockCount": 12},
			{"hour": "7", "unlockCount": 16},
			{"hour": "8", "unlockCount": 10},
			{"hour": "9", "unlockCount": 12},
			{"hour": "10", "unlockCount": 6},
			{"hour": "11", "unlockCount": 1},
			{"hour": "12", "unlockCount": 0},
			{"hour": "13", "unlockCount": 1},
			{"hour": "14", "unlockCount": 3},
			{"hour": "15", "unlockCount": 6},
			{"hour": "16", "unlockCount": 2},
			{"hour": "17", "unlockCount": 3},
			{"hour": "18", "unlockCount": 17},
			{"hour": "19", "unlockCount": 0},
			{"hour": "20", "unlockCount": 0},
			{"hour": "21", "unlockCount": 0},
			{"hour": "22", "unlockCount": 0},
			{"hour": "23", "unlockCount": 3},
		]
	},
	{
		"date": 3,
		"maxTime": 43,
		"totalUnlockCount": 187,
		"keys": [
			{"hour": "0", "unlockCount": 11},
			{"hour": "1", "unlockCount": 21},
			{"hour": "2", "unlockCount": 4},
			{"hour": "3", "unlockCount": 36},
			{"hour": "4", "unlockCount": 7},
			{"hour": "5", "unlockCount": 11},
			{"hour": "6", "unlockCount": 26},
			{"hour": "7", "unlockCount": 15},
			{"hour": "8", "unlockCount": 3},
			{"hour": "9", "unlockCount": 6},
			{"hour": "10", "unlockCount": 8},
			{"hour": "11", "unlockCount": 5},
			{"hour": "12", "unlockCount": 3},
			{"hour": "13", "unlockCount": 8},
			{"hour": "14", "unlockCount": 1},
			{"hour": "15", "unlockCount": 8},
			{"hour": "16", "unlockCount": 5},
			{"hour": "17", "unlockCount": 4},
			{"hour": "18", "unlockCount": 0},
			{"hour": "19", "unlockCount": 0},
			{"hour": "20", "unlockCount": 0},
			{"hour": "21", "unlockCount": 0},
			{"hour": "22", "unlockCount": 0},
			{"hour": "23", "unlockCount": 5},
		]
	},
	{
		"date": 4,
		"maxTime": 41,
		"totalUnlockCount": 106,
		"keys": [
			{"hour": "0", "unlockCount": 7},
			{"hour": "1", "unlockCount": 0},
			{"hour": "2", "unlockCount": 3},
			{"hour": "3", "unlockCount": 8},
			{"hour": "4", "unlockCount": 5},
			{"hour": "5", "unlockCount": 17},
			{"hour": "6", "unlockCount": 11},
			{"hour": "7", "unlockCount": 4},
			{"hour": "8", "unlockCount": 11},
			{"hour": "9", "unlockCount": 11},
			{"hour": "10", "unlockCount": 5},
			{"hour": "11", "unlockCount": 2},
			{"hour": "12", "unlockCount": 4},
			{"hour": "13", "unlockCount": 6},
			{"hour": "14", "unlockCount": 8},
			{"hour": "15", "unlockCount": 4},
			{"hour": "16", "unlockCount": 0},
			{"hour": "17", "unlockCount": 0},
			{"hour": "18", "unlockCount": 0},
			{"hour": "19", "unlockCount": 0},
			{"hour": "20", "unlockCount": 0},
			{"hour": "21", "unlockCount": 0},
			{"hour": "22", "unlockCount": 0},
			{"hour": "23", "unlockCount": 0},
		]
	},
	{
		"date": 5,
		"maxTime": 56,
		"totalUnlockCount": 87,
		"keys": [
			{"hour": "0", "unlockCount": 0},
			{"hour": "1", "unlockCount": 3},
			{"hour": "2", "unlockCount": 5},
			{"hour": "3", "unlockCount": 4},
			{"hour": "4", "unlockCount": 7},
			{"hour": "5", "unlockCount": 10},
			{"hour": "6", "unlockCount": 9},
			{"hour": "7", "unlockCount": 3},
			{"hour": "8", "unlockCount": 5},
			{"hour": "9", "unlockCount": 1},
			{"hour": "10", "unlockCount": 1},
			{"hour": "11", "unlockCount": 14},
			{"hour": "12", "unlockCount": 3},
			{"hour": "13", "unlockCount": 5},
			{"hour": "14", "unlockCount": 8},
			{"hour": "15", "unlockCount": 2},
			{"hour": "16", "unlockCount": 3},
			{"hour": "17", "unlockCount": 0},
			{"hour": "18", "unlockCount": 0},
			{"hour": "19", "unlockCount": 3},
			{"hour": "20", "unlockCount": 0},
			{"hour": "21", "unlockCount": 0},
			{"hour": "22", "unlockCount": 0},
			{"hour": "23", "unlockCount": 1},
		]
	},
	{
		"date": 6,
		"maxTime": 33,
		"totalUnlockCount": 122,
		"keys": [
			{"hour": "0", "unlockCount": 1},
			{"hour": "1", "unlockCount": 2},
			{"hour": "2", "unlockCount": 3},
			{"hour": "3", "unlockCount": 5},
			{"hour": "4", "unlockCount": 5},
			{"hour": "5", "unlockCount": 26},
			{"hour": "6", "unlockCount": 13},
			{"hour": "7", "unlockCount": 8},
			{"hour": "8", "unlockCount": 0},
			{"hour": "9", "unlockCount": 6},
			{"hour": "10", "unlockCount": 3},
			{"hour": "11", "unlockCount": 8},
			{"hour": "12", "unlockCount": 8},
			{"hour": "13", "unlockCount": 0},
			{"hour": "14", "unlockCount": 8},
			{"hour": "15", "unlockCount": 0},
			{"hour": "16", "unlockCount": 7},
			{"hour": "17", "unlockCount": 2},
			{"hour": "18", "unlockCount": 6},
			{"hour": "19", "unlockCount": 0},
			{"hour": "20", "unlockCount": 0},
			{"hour": "21", "unlockCount": 0},
			{"hour": "22", "unlockCount": 4},
			{"hour": "23", "unlockCount": 7},
		]
	},
	{
		"date": 7,
		"maxTime": 37,
		"totalUnlockCount": 88,
		"keys": [
			{"hour": "0", "unlockCount": 0},
			{"hour": "1", "unlockCount": 8},
			{"hour": "2", "unlockCount": 9},
			{"hour": "3", "unlockCount": 5},
			{"hour": "4", "unlockCount": 2},
			{"hour": "5", "unlockCount": 17},
			{"hour": "6", "unlockCount": 17},
			{"hour": "7", "unlockCount": 2},
			{"hour": "8", "unlockCount": 2},
			{"hour": "9", "unlockCount": 2},
			{"hour": "10", "unlockCount": 12},
			{"hour": "11", "unlockCount": 6},
			{"hour": "12", "unlockCount": 6},
			{"hour": "13", "unlockCount": 0},
			{"hour": "14", "unlockCount": 0},
			{"hour": "15", "unlockCount": 0},
			{"hour": "16", "unlockCount": 0},
			{"hour": "17", "unlockCount": 0},
			{"hour": "18", "unlockCount": 0},
			{"hour": "19", "unlockCount": 0},
			{"hour": "20", "unlockCount": 0},
			{"hour": "21", "unlockCount": 0},
			{"hour": "22", "unlockCount": 0},
			{"hour": "23", "unlockCount": 0},
		]
	},
]
