[
	{
		"date": 1,
		"maxTime": 30,
		"totalUnlockCount": 217,
		"keys": [
			{"hour": "0", "unlockCount": 7},
			{"hour": "1", "unlockCount": 17},
			{"hour": "2", "unlockCount": 19},
			{"hour": "3", "unlockCount": 24},
			{"hour": "4", "unlockCount": 5},
			{"hour": "5", "unlockCount": 13},
			{"hour": "6", "unlockCount": 15},
			{"hour": "7", "unlockCount": 6},
			{"hour": "8", "unlockCount": 11},
			{"hour": "9", "unlockCount": 13},
			{"hour": "10", "unlockCount": 14},
			{"hour": "11", "unlockCount": 13},
			{"hour": "12", "unlockCount": 12},
			{"hour": "13", "unlockCount": 7},
			{"hour": "14", "unlockCount": 11},
			{"hour": "15", "unlockCount": 4},
			{"hour": "16", "unlockCount": 15},
			{"hour": "17", "unlockCount": 7},
			{"hour": "18", "unlockCount": 1},
			{"hour": "19", "unlockCount": 0},
			{"hour": "20", "unlockCount": 0},
			{"hour": "21", "unlockCount": 0},
			{"hour": "22", "unlockCount": 0},
			{"hour": "23", "unlockCount": 3},
		]
	},
	{
		"date": 2,
		"maxTime": 87,
		"totalUnlockCount": 226,
		"keys": [
			{"hour": "0", "unlockCount": 5},
			{"hour": "1", "unlockCount": 24},
			{"hour": "2", "unlockCount": 23},
			{"hour": "3", "unlockCount": 21},
			{"hour": "4", "unlockCount": 13},
			{"hour": "5", "unlockCount": 5},
			{"hour": "6", "unlockCount": 43},
			{"hour": "7", "unlockCount": 4},
			{"hour": "8", "unlockCount": 3},
			{"hour": "9", "unlockCount": 6},
			{"hour": "10", "unlockCount": 25},
			{"hour": "11", "unlockCount": 8},
			{"hour": "12", "unlockCount": 8},
			{"hour": "13", "unlockCount": 9},
			{"hour": "14", "unlockCount": 12},
			{"hour": "15", "unlockCount": 4},
			{"hour": "16", "unlockCount": 3},
			{"hour": "17", "unlockCount": 4},
			{"hour": "18", "unlockCount": 1},
			{"hour": "19", "unlockCount": 0},
			{"hour": "20", "unlockCount": 2},
			{"hour": "21", "unlockCount": 0},
			{"hour": "22", "unlockCount": 2},
			{"hour": "23", "unlockCount": 1},
		]
	},
	{
		"date": 3,
		"maxTime": 150,
		"totalUnlockCount": 188,
		"keys": [
			{"hour": "0", "unlockCount": 2},
			{"hour": "1", "unlockCount": 12},
			{"hour": "2", "unlockCount": 6},
			{"hour": "3", "unlockCount": 16},
			{"hour": "4", "unlockCount": 19},
			{"hour": "5", "unlockCount": 16},
			{"hour": "6", "unlockCount": 7},
			{"hour": "7", "unlockCount": 8},
			{"hour": "8", "unlockCount": 15},
			{"hour": "9", "unlockCount": 2},
			{"hour": "10", "unlockCount": 3},
			{"hour": "11", "unlockCount": 15},
			{"hour": "12", "unlockCount": 22},
			{"hour": "13", "unlockCount": 21},
			{"hour": "14", "unlockCount": 11},
			{"hour": "15", "unlockCount": 2},
			{"hour": "16", "unlockCount": 1},
			{"hour": "17", "unlockCount": 0},
			{"hour": "18", "unlockCount": 3},
			{"hour": "19", "unlockCount": 0},
			{"hour": "20", "unlockCount": 0},
			{"hour": "21", "unlockCount": 1},
			{"hour": "22", "unlockCount": 1},
			{"hour": "23", "unlockCount": 5},
		]
	},
	{
		"date": 4,
		"maxTime": 6,
		"totalUnlockCount": 227,
		"keys": [
			{"hour": "0", "unlockCount": 19},
			{"hour": "1", "unlockCount": 48},
			{"hour": "2", "unlockCount": 20},
			{"hour": "3", "unlockCount": 7},
			{"hour": "4", "unlockCount": 14},
			{"hour": "5", "unlockCount": 16},
			{"hour": "6", "unlockCount": 14},
			{"hour": "7", "unlockCount": 17},
			{"hour": "8", "unlockCount": 24},
			{"hour": "9", "unlockCount": 16},
			{"hour": "10", "unlockCount": 14},
			{"hour": "11", "unlockCount": 8},
			{"hour": "12", "unlockCount": 7},
			{"hour": "13", "unlockCount": 0},
			{"hour": "14", "unlockCount": 0},
			{"hour": "15", "unlockCount": 0},
			{"hour": "16", "unlockCount": 0},
			{"hour": "17", "unlockCount": 0},
			{"hour": "18", "unlockCount": 0},
			{"hour": "19", "unlockCount": 3},
			{"hour": "20", "unlockCount": 0},
			{"hour": "21", "unlockCount": 0},
			{"hour": "22", "unlockCount": 0},
			{"hour": "23", "unlockCount": 0},
		]
	},
	{
		"date": 5,
		"maxTime": 113,
		"totalUnlockCount": 138,
		"keys": [
			{"hour": "0", "unlockCount": 2},
			{"hour": "1", "unlockCount": 0},
			{"hour": "2", "unlockCount": 21},
			{"hour": "3", "unlockCount": 27},
			{"hour": "4", "unlockCount": 1},
			{"hour": "5", "unlockCount": 11},
			{"hour": "6", "unlockCount": 2},
			{"hour": "7", "unlockCount": 4},
			{"hour": "8", "unlockCount": 5},
			{"hour": "9", "unlockCount": 21},
			{"hour": "10", "unlockCount": 2},
			{"hour": "11", "unlockCount": 1},
			{"hour": "12", "unlockCount": 1},
			{"hour": "13", "unlockCount": 4},
			{"hour": "14", "unlockCount": 1},
			{"hour": "15", "unlockCount": 1},
			{"hour": "16", "unlockCount": 2},
			{"hour": "17", "unlockCount": 2},
			{"hour": "18", "unlockCount": 0},
			{"hour": "19", "unlockCount": 1},
			{"hour": "20", "unlockCount": 4},
			{"hour": "21", "unlockCount": 5},
			{"hour": "22", "unlockCount": 5},
			{"hour": "23", "unlockCount": 15},
		]
	},
	{
		"date": 6,
		"maxTime": 71,
		"totalUnlockCount": 303,
		"keys": [
			{"hour": "0", "unlockCount": 39},
			{"hour": "1", "unlockCount": 26},
			{"hour": "2", "unlockCount": 0},
			{"hour": "3", "unlockCount": 2},
			{"hour": "4", "unlockCount": 3},
			{"hour": "5", "unlockCount": 17},
			{"hour": "6", "unlockCount": 6},
			{"hour": "7", "unlockCount": 17},
			{"hour": "8", "unlockCount": 6},
			{"hour": "9", "unlockCount": 24},
			{"hour": "10", "unlockCount": 31},
			{"hour": "11", "unlockCount": 19},
			{"hour": "12", "unlockCount": 28},
			{"hour": "13", "unlockCount": 22},
			{"hour": "14", "unlockCount": 32},
			{"hour": "15", "unlockCount": 11},
			{"hour": "16", "unlockCount": 3},
			{"hour": "17", "unlockCount": 10},
			{"hour": "18", "unlockCount": 3},
			{"hour": "19", "unlockCount": 0},
			{"hour": "20", "unlockCount": 0},
			{"hour": "21", "unlockCount": 1},
			{"hour": "22", "unlockCount": 0},
			{"hour": "23", "unlockCount": 3},
		]
	},
	{
		"date": 7,
		"maxTime": 35,
		"totalUnlockCount": 189,
		"keys": [
			{"hour": "0", "unlockCount": 8},
			{"hour": "1", "unlockCount": 15},
			{"hour": "2", "unlockCount": 11},
			{"hour": "3", "unlockCount": 17},
			{"hour": "4", "unlockCount": 4},
			{"hour": "5", "unlockCount": 6},
			{"hour": "6", "unlockCount": 5},
			{"hour": "7", "unlockCount": 7},
			{"hour": "8", "unlockCount": 21},
			{"hour": "9", "unlockCount": 14},
			{"hour": "10", "unlockCount": 8},
			{"hour": "11", "unlockCount": 10},
			{"hour": "12", "unlockCount": 18},
			{"hour": "13", "unlockCount": 38},
			{"hour": "14", "unlockCount": 7},
			{"hour": "15", "unlockCount": 0},
			{"hour": "16", "unlockCount": 0},
			{"hour": "17", "unlockCount": 0},
			{"hour": "18", "unlockCount": 0},
			{"hour": "19", "unlockCount": 0},
			{"hour": "20", "unlockCount": 0},
			{"hour": "21", "unlockCount": 0},
			{"hour": "22", "unlockCount": 0},
			{"hour": "23", "unlockCount": 0},
		]
	},
]
