[
	{
		"date": 1,
		"maxTime": 28,
		"totalUnlockCount": 110,
		"keys": [
			{"hour": "0", "unlockCount": 0},
			{"hour": "1", "unlockCount": 8},
			{"hour": "2", "unlockCount": 8},
			{"hour": "3", "unlockCount": 9},
			{"hour": "4", "unlockCount": 15},
			{"hour": "5", "unlockCount": 13},
			{"hour": "6", "unlockCount": 6},
			{"hour": "7", "unlockCount": 4},
			{"hour": "8", "unlockCount": 7},
			{"hour": "9", "unlockCount": 9},
			{"hour": "10", "unlockCount": 6},
			{"hour": "11", "unlockCount": 6},
			{"hour": "12", "unlockCount": 0},
			{"hour": "13", "unlockCount": 3},
			{"hour": "14", "unlockCount": 6},
			{"hour": "15", "unlockCount": 1},
			{"hour": "16", "unlockCount": 2},
			{"hour": "17", "unlockCount": 1},
			{"hour": "18", "unlockCount": 4},
			{"hour": "19", "unlockCount": 2},
			{"hour": "20", "unlockCount": 0},
			{"hour": "21", "unlockCount": 0},
			{"hour": "22", "unlockCount": 0},
			{"hour": "23", "unlockCount": 0},
		]
	},
	{
		"date": 2,
		"maxTime": 37,
		"totalUnlockCount": 121,
		"keys": [
			{"hour": "0", "unlockCount": 4},
			{"hour": "1", "unlockCount": 11},
			{"hour": "2", "unlockCount": 2},
			{"hour": "3", "unlockCount": 26},
			{"hour": "4", "unlockCount": 4},
			{"hour": "5", "unlockCount": 3},
			{"hour": "6", "unlockCount": 7},
			{"hour": "7", "unlockCount": 5},
			{"hour": "8", "unlockCount": 2},
			{"hour": "9", "unlockCount": 4},
			{"hour": "10", "unlockCount": 6},
			{"hour": "11", "unlockCount": 8},
			{"hour": "12", "unlockCount": 3},
			{"hour": "13", "unlockCount": 21},
			{"hour": "14", "unlockCount": 1},
			{"hour": "15", "unlockCount": 1},
			{"hour": "16", "unlockCount": 4},
			{"hour": "17", "unlockCount": 2},
			{"hour": "18", "unlockCount": 4},
			{"hour": "19", "unlockCount": 2},
			{"hour": "20", "unlockCount": 1},
			{"hour": "21", "unlockCount": 0},
			{"hour": "22", "unlockCount": 0},
			{"hour": "23", "unlockCount": 0},
		]
	},
	{
		"date": 3,
		"maxTime": 189,
		"totalUnlockCount": 137,
		"keys": [
			{"hour": "0", "unlockCount": 1},
			{"hour": "1", "unlockCount": 0},
			{"hour": "2", "unlockCount": 0},
			{"hour": "3", "unlockCount": 8},
			{"hour": "4", "unlockCount": 14},
			{"hour": "5", "unlockCount": 9},
			{"hour": "6", "unlockCount": 6},
			{"hour": "7", "unlockCount": 1},
			{"hour": "8", "unlockCount": 0},
			{"hour": "9", "unlockCount": 10},
			{"hour": "10", "unlockCount": 7},
			{"hour": "11", "unlockCount": 9},
			{"hour": "12", "unlockCount": 19},
			{"hour": "13", "unlockCount": 5},
			{"hour": "14", "unlockCount": 3},
			{"hour": "15", "unlockCount": 2},
			{"hour": "16", "unlockCount": 1},
			{"hour": "17", "unlockCount": 2},
			{"hour": "18", "unlockCount": 5},
			{"hour": "19", "unlockCount": 21},
			{"hour": "20", "unlockCount": 4},
			{"hour": "21", "unlockCount": 9},
			{"hour": "22", "unlockCount": 1},
			{"hour": "23", "unlockCount": 0},
		]
	},
	{
		"date": 4,
		"maxTime": 79,
		"totalUnlockCount": 144,
		"keys": [
			{"hour": "0", "unlockCount": 0},
			{"hour": "1", "unlockCount": 0},
			{"hour": "2", "unlockCount": 1},
			{"hour": "3", "unlockCount": 6},
			{"hour": "4", "unlockCount": 34},
			{"hour": "5", "unlockCount": 5},
			{"hour": "6", "unlockCount": 6},
			{"hour": "7", "unlockCount": 23},
			{"hour": "8", "unlockCount": 8},
			{"hour": "9", "unlockCount": 5},
			{"hour": "10", "unlockCount": 2},
			{"hour": "11", "unlockCount": 5},
			{"hour": "12", "unlockCount": 7},
			{"hour": "13", "unlockCount": 9},
			{"hour": "14", "unlockCount": 6},
			{"hour": "15", "unlockCount": 4},
			{"hour": "16", "unlockCount": 0},
			{"hour": "17", "unlockCount": 5},
			{"hour": "18", "unlockCount": 5},
			{"hour": "19", "unlockCount": 4},
			{"hour": "20", "unlockCount": 0},
			{"hour": "21", "unlockCount": 0},
			{"hour": "22", "unlockCount": 9},
			{"hour": "23", "unlockCount": 0},
		]
	},
	{
		"date": 5,
		"maxTime": 461,
		"totalUnlockCount": 35,
		"keys": [
			{"hour": "0", "unlockCount": 1},
			{"hour": "1", "unlockCount": 0},
			{"hour": "2", "unlockCount": 2},
			{"hour": "3", "unlockCount": 3},
			{"hour": "4", "unlockCount": 1},
			{"hour": "5", "unlockCount": 0},
			{"hour": "6", "unlockCount": 0},
			{"hour": "7", "unlockCount": 0},
			{"hour": "8", "unlockCount": 0},
			{"hour": "9", "unlockCount": 0},
			{"hour": "10", "unlockCount": 0},
			{"hour": "11", "unlockCount": 2},
			{"hour": "12", "unlockCount": 2},
			{"hour": "13", "unlockCount": 10},
			{"hour": "14", "unlockCount": 5},
			{"hour": "15", "unlockCount": 2},
			{"hour": "16", "unlockCount": 1},
			{"hour": "17", "unlockCount": 1},
			{"hour": "18", "unlockCount": 1},
			{"hour": "19", "unlockCount": 4},
			{"hour": "20", "unlockCount": 0},
			{"hour": "21", "unlockCount": 0},
			{"hour": "22", "unlockCount": 0},
			{"hour": "23", "unlockCount": 0},
		]
	},
	{
		"date": 6,
		"maxTime": 102,
		"totalUnlockCount": 87,
		"keys": [
			{"hour": "0", "unlockCount": 2},
			{"hour": "1", "unlockCount": 9},
			{"hour": "2", "unlockCount": 8},
			{"hour": "3", "unlockCount": 4},
			{"hour": "4", "unlockCount": 12},
			{"hour": "5", "unlockCount": 5},
			{"hour": "6", "unlockCount": 2},
			{"hour": "7", "unlockCount": 4},
			{"hour": "8", "unlockCount": 2},
			{"hour": "9", "unlockCount": 2},
			{"hour": "10", "unlockCount": 4},
			{"hour": "11", "unlockCount": 3},
			{"hour": "12", "unlockCount": 4},
			{"hour": "13", "unlockCount": 0},
			{"hour": "14", "unlockCount": 2},
			{"hour": "15", "unlockCount": 5},
			{"hour": "16", "unlockCount": 4},
			{"hour": "17", "unlockCount": 2},
			{"hour": "18", "unlockCount": 0},
			{"hour": "19", "unlockCount": 3},
			{"hour": "20", "unlockCount": 3},
			{"hour": "21", "unlockCount": 1},
			{"hour": "22", "unlockCount": 1},
			{"hour": "23", "unlockCount": 5},
		]
	},
	{
		"date": 7,
		"maxTime": 43,
		"totalUnlockCount": 95,
		"keys": [
			{"hour": "0", "unlockCount": 2},
			{"hour": "1", "unlockCount": 10},
			{"hour": "2", "unlockCount": 21},
			{"hour": "3", "unlockCount": 6},
			{"hour": "4", "unlockCount": 2},
			{"hour": "5", "unlockCount": 4},
			{"hour": "6", "unlockCount": 7},
			{"hour": "7", "unlockCount": 16},
			{"hour": "8", "unlockCount": 5},
			{"hour": "9", "unlockCount": 3},
			{"hour": "10", "unlockCount": 0},
			{"hour": "11", "unlockCount": 8},
			{"hour": "12", "unlockCount": 6},
			{"hour": "13", "unlockCount": 5},
			{"hour": "14", "unlockCount": 0},
			{"hour": "15", "unlockCount": 0},
			{"hour": "16", "unlockCount": 0},
			{"hour": "17", "unlockCount": 0},
			{"hour": "18", "unlockCount": 0},
			{"hour": "19", "unlockCount": 0},
			{"hour": "20", "unlockCount": 0},
			{"hour": "21", "unlockCount": 0},
			{"hour": "22", "unlockCount": 0},
			{"hour": "23", "unlockCount": 0},
		]
	},
]
