[
	{
		"date": 1,
		"maxTime": 0,
		"totalUnlockCount": 0,
		"keys": [
			{"hour": "0", "unlockCount": 0},
			{"hour": "1", "unlockCount": 0},
			{"hour": "2", "unlockCount": 0},
			{"hour": "3", "unlockCount": 0},
			{"hour": "4", "unlockCount": 0},
			{"hour": "5", "unlockCount": 0},
			{"hour": "6", "unlockCount": 0},
			{"hour": "7", "unlockCount": 0},
			{"hour": "8", "unlockCount": 0},
			{"hour": "9", "unlockCount": 0},
			{"hour": "10", "unlockCount": 0},
			{"hour": "11", "unlockCount": 0},
			{"hour": "12", "unlockCount": 0},
			{"hour": "13", "unlockCount": 0},
			{"hour": "14", "unlockCount": 0},
			{"hour": "15", "unlockCount": 0},
			{"hour": "16", "unlockCount": 0},
			{"hour": "17", "unlockCount": 0},
			{"hour": "18", "unlockCount": 0},
			{"hour": "19", "unlockCount": 0},
			{"hour": "20", "unlockCount": 0},
			{"hour": "21", "unlockCount": 0},
			{"hour": "22", "unlockCount": 0},
			{"hour": "23", "unlockCount": 0},
		]
	},
	{
		"date": 2,
		"maxTime": 0,
		"totalUnlockCount": 0,
		"keys": [
			{"hour": "0", "unlockCount": 0},
			{"hour": "1", "unlockCount": 0},
			{"hour": "2", "unlockCount": 0},
			{"hour": "3", "unlockCount": 0},
			{"hour": "4", "unlockCount": 0},
			{"hour": "5", "unlockCount": 0},
			{"hour": "6", "unlockCount": 0},
			{"hour": "7", "unlockCount": 0},
			{"hour": "8", "unlockCount": 0},
			{"hour": "9", "unlockCount": 0},
			{"hour": "10", "unlockCount": 0},
			{"hour": "11", "unlockCount": 0},
			{"hour": "12", "unlockCount": 0},
			{"hour": "13", "unlockCount": 0},
			{"hour": "14", "unlockCount": 0},
			{"hour": "15", "unlockCount": 0},
			{"hour": "16", "unlockCount": 0},
			{"hour": "17", "unlockCount": 0},
			{"hour": "18", "unlockCount": 0},
			{"hour": "19", "unlockCount": 0},
			{"hour": "20", "unlockCount": 0},
			{"hour": "21", "unlockCount": 0},
			{"hour": "22", "unlockCount": 0},
			{"hour": "23", "unlockCount": 0},
		]
	},
	{
		"date": 3,
		"maxTime": 27,
		"totalUnlockCount": 2,
		"keys": [
			{"hour": "0", "unlockCount": 0},
			{"hour": "1", "unlockCount": 0},
			{"hour": "2", "unlockCount": 0},
			{"hour": "3", "unlockCount": 0},
			{"hour": "4", "unlockCount": 0},
			{"hour": "5", "unlockCount": 0},
			{"hour": "6", "unlockCount": 0},
			{"hour": "7", "unlockCount": 0},
			{"hour": "8", "unlockCount": 0},
			{"hour": "9", "unlockCount": 0},
			{"hour": "10", "unlockCount": 0},
			{"hour": "11", "unlockCount": 0},
			{"hour": "12", "unlockCount": 0},
			{"hour": "13", "unlockCount": 0},
			{"hour": "14", "unlockCount": 0},
			{"hour": "15", "unlockCount": 0},
			{"hour": "16", "unlockCount": 0},
			{"hour": "17", "unlockCount": 0},
			{"hour": "18", "unlockCount": 0},
			{"hour": "19", "unlockCount": 0},
			{"hour": "20", "unlockCount": 0},
			{"hour": "21", "unlockCount": 0},
			{"hour": "22", "unlockCount": 0},
			{"hour": "23", "unlockCount": 2},
		]
	},
	{
		"date": 4,
		"maxTime": 126,
		"totalUnlockCount": 51,
		"keys": [
			{"hour": "0", "unlockCount": 4},
			{"hour": "1", "unlockCount": 4},
			{"hour": "2", "unlockCount": 2},
			{"hour": "3", "unlockCount": 3},
			{"hour": "4", "unlockCount": 2},
			{"hour": "5", "unlockCount": 2},
			{"hour": "6", "unlockCount": 4},
			{"hour": "7", "unlockCount": 4},
			{"hour": "8", "unlockCount": 0},
			{"hour": "9", "unlockCount": 1},
			{"hour": "10", "unlockCount": 5},
			{"hour": "11", "unlockCount": 12},
			{"hour": "12", "unlockCount": 3},
			{"hour": "13", "unlockCount": 3},
			{"hour": "14", "unlockCount": 1},
			{"hour": "15", "unlockCount": 0},
			{"hour": "16", "unlockCount": 0},
			{"hour": "17", "unlockCount": 0},
			{"hour": "18", "unlockCount": 0},
			{"hour": "19", "unlockCount": 0},
			{"hour": "20", "unlockCount": 0},
			{"hour": "21", "unlockCount": 0},
			{"hour": "22", "unlockCount": 0},
			{"hour": "23", "unlockCount": 1},
		]
	},
	{
		"date": 5,
		"maxTime": 164,
		"totalUnlockCount": 54,
		"keys": [
			{"hour": "0", "unlockCount": 0},
			{"hour": "1", "unlockCount": 3},
			{"hour": "2", "unlockCount": 9},
			{"hour": "3", "unlockCount": 2},
			{"hour": "4", "unlockCount": 3},
			{"hour": "5", "unlockCount": 2},
			{"hour": "6", "unlockCount": 1},
			{"hour": "7", "unlockCount": 1},
			{"hour": "8", "unlockCount": 5},
			{"hour": "9", "unlockCount": 10},
			{"hour": "10", "unlockCount": 5},
			{"hour": "11", "unlockCount": 0},
			{"hour": "12", "unlockCount": 0},
			{"hour": "13", "unlockCount": 2},
			{"hour": "14", "unlockCount": 1},
			{"hour": "15", "unlockCount": 4},
			{"hour": "16", "unlockCount": 0},
			{"hour": "17", "unlockCount": 0},
			{"hour": "18", "unlockCount": 0},
			{"hour": "19", "unlockCount": 0},
			{"hour": "20", "unlockCount": 0},
			{"hour": "21", "unlockCount": 0},
			{"hour": "22", "unlockCount": 2},
			{"hour": "23", "unlockCount": 4},
		]
	},
	{
		"date": 6,
		"maxTime": 123,
		"totalUnlockCount": 38,
		"keys": [
			{"hour": "0", "unlockCount": 2},
			{"hour": "1", "unlockCount": 1},
			{"hour": "2", "unlockCount": 2},
			{"hour": "3", "unlockCount": 3},
			{"hour": "4", "unlockCount": 1},
			{"hour": "5", "unlockCount": 2},
			{"hour": "6", "unlockCount": 4},
			{"hour": "7", "unlockCount": 1},
			{"hour": "8", "unlockCount": 6},
			{"hour": "9", "unlockCount": 1},
			{"hour": "10", "unlockCount": 2},
			{"hour": "11", "unlockCount": 0},
			{"hour": "12", "unlockCount": 0},
			{"hour": "13", "unlockCount": 3},
			{"hour": "14", "unlockCount": 1},
			{"hour": "15", "unlockCount": 3},
			{"hour": "16", "unlockCount": 0},
			{"hour": "17", "unlockCount": 0},
			{"hour": "18", "unlockCount": 0},
			{"hour": "19", "unlockCount": 0},
			{"hour": "20", "unlockCount": 1},
			{"hour": "21", "unlockCount": 0},
			{"hour": "22", "unlockCount": 1},
			{"hour": "23", "unlockCount": 4},
		]
	},
	{
		"date": 7,
		"maxTime": 80,
		"totalUnlockCount": 32,
		"keys": [
			{"hour": "0", "unlockCount": 0},
			{"hour": "1", "unlockCount": 3},
			{"hour": "2", "unlockCount": 2},
			{"hour": "3", "unlockCount": 2},
			{"hour": "4", "unlockCount": 6},
			{"hour": "5", "unlockCount": 2},
			{"hour": "6", "unlockCount": 2},
			{"hour": "7", "unlockCount": 3},
			{"hour": "8", "unlockCount": 6},
			{"hour": "9", "unlockCount": 3},
			{"hour": "10", "unlockCount": 1},
			{"hour": "11", "unlockCount": 1},
			{"hour": "12", "unlockCount": 1},
			{"hour": "13", "unlockCount": 0},
			{"hour": "14", "unlockCount": 0},
			{"hour": "15", "unlockCount": 0},
			{"hour": "16", "unlockCount": 0},
			{"hour": "17", "unlockCount": 0},
			{"hour": "18", "unlockCount": 0},
			{"hour": "19", "unlockCount": 0},
			{"hour": "20", "unlockCount": 0},
			{"hour": "21", "unlockCount": 0},
			{"hour": "22", "unlockCount": 0},
			{"hour": "23", "unlockCount": 0},
		]
	},
]
