[
	{
		"date": 1,
		"maxTime": 97,
		"totalUnlockCount": 63,
		"keys": [
			{"hour": "0", "unlockCount": 1},
			{"hour": "1", "unlockCount": 1},
			{"hour": "2", "unlockCount": 7},
			{"hour": "3", "unlockCount": 2},
			{"hour": "4", "unlockCount": 6},
			{"hour": "5", "unlockCount": 16},
			{"hour": "6", "unlockCount": 1},
			{"hour": "7", "unlockCount": 3},
			{"hour": "8", "unlockCount": 9},
			{"hour": "9", "unlockCount": 2},
			{"hour": "10", "unlockCount": 3},
			{"hour": "11", "unlockCount": 3},
			{"hour": "12", "unlockCount": 4},
			{"hour": "13", "unlockCount": 1},
			{"hour": "14", "unlockCount": 2},
			{"hour": "15", "unlockCount": 0},
			{"hour": "16", "unlockCount": 1},
			{"hour": "17", "unlockCount": 0},
			{"hour": "18", "unlockCount": 1},
			{"hour": "19", "unlockCount": 0},
			{"hour": "20", "unlockCount": 0},
			{"hour": "21", "unlockCount": 0},
			{"hour": "22", "unlockCount": 0},
			{"hour": "23", "unlockCount": 0},
		]
	},
	{
		"date": 2,
		"maxTime": 85,
		"totalUnlockCount": 85,
		"keys": [
			{"hour": "0", "unlockCount": 5},
			{"hour": "1", "unlockCount": 2},
			{"hour": "2", "unlockCount": 4},
			{"hour": "3", "unlockCount": 2},
			{"hour": "4", "unlockCount": 2},
			{"hour": "5", "unlockCount": 4},
			{"hour": "6", "unlockCount": 2},
			{"hour": "7", "unlockCount": 5},
			{"hour": "8", "unlockCount": 4},
			{"hour": "9", "unlockCount": 17},
			{"hour": "10", "unlockCount": 16},
			{"hour": "11", "unlockCount": 6},
			{"hour": "12", "unlockCount": 2},
			{"hour": "13", "unlockCount": 0},
			{"hour": "14", "unlockCount": 5},
			{"hour": "15", "unlockCount": 6},
			{"hour": "16", "unlockCount": 1},
			{"hour": "17", "unlockCount": 0},
			{"hour": "18", "unlockCount": 0},
			{"hour": "19", "unlockCount": 0},
			{"hour": "20", "unlockCount": 0},
			{"hour": "21", "unlockCount": 0},
			{"hour": "22", "unlockCount": 1},
			{"hour": "23", "unlockCount": 1},
		]
	},
	{
		"date": 3,
		"maxTime": 171,
		"totalUnlockCount": 73,
		"keys": [
			{"hour": "0", "unlockCount": 8},
			{"hour": "1", "unlockCount": 7},
			{"hour": "2", "unlockCount": 0},
			{"hour": "3", "unlockCount": 4},
			{"hour": "4", "unlockCount": 8},
			{"hour": "5", "unlockCount": 6},
			{"hour": "6", "unlockCount": 5},
			{"hour": "7", "unlockCount": 4},
			{"hour": "8", "unlockCount": 13},
			{"hour": "9", "unlockCount": 3},
			{"hour": "10", "unlockCount": 6},
			{"hour": "11", "unlockCount": 5},
			{"hour": "12", "unlockCount": 1},
			{"hour": "13", "unlockCount": 2},
			{"hour": "14", "unlockCount": 0},
			{"hour": "15", "unlockCount": 1},
			{"hour": "16", "unlockCount": 0},
			{"hour": "17", "unlockCount": 0},
			{"hour": "18", "unlockCount": 0},
			{"hour": "19", "unlockCount": 0},
			{"hour": "20", "unlockCount": 0},
			{"hour": "21", "unlockCount": 0},
			{"hour": "22", "unlockCount": 0},
			{"hour": "23", "unlockCount": 0},
		]
	},
	{
		"date": 4,
		"maxTime": 670,
		"totalUnlockCount": 5,
		"keys": [
			{"hour": "0", "unlockCount": 0},
			{"hour": "1", "unlockCount": 0},
			{"hour": "2", "unlockCount": 1},
			{"hour": "3", "unlockCount": 0},
			{"hour": "4", "unlockCount": 0},
			{"hour": "5", "unlockCount": 0},
			{"hour": "6", "unlockCount": 1},
			{"hour": "7", "unlockCount": 2},
			{"hour": "8", "unlockCount": 1},
			{"hour": "9", "unlockCount": 0},
			{"hour": "10", "unlockCount": 0},
			{"hour": "11", "unlockCount": 0},
			{"hour": "12", "unlockCount": 0},
			{"hour": "13", "unlockCount": 0},
			{"hour": "14", "unlockCount": 0},
			{"hour": "15", "unlockCount": 0},
			{"hour": "16", "unlockCount": 0},
			{"hour": "17", "unlockCount": 0},
			{"hour": "18", "unlockCount": 0},
			{"hour": "19", "unlockCount": 0},
			{"hour": "20", "unlockCount": 0},
			{"hour": "21", "unlockCount": 0},
			{"hour": "22", "unlockCount": 0},
			{"hour": "23", "unlockCount": 0},
		]
	},
	{
		"date": 5,
		"maxTime": 356,
		"totalUnlockCount": 16,
		"keys": [
			{"hour": "0", "unlockCount": 0},
			{"hour": "1", "unlockCount": 0},
			{"hour": "2", "unlockCount": 0},
			{"hour": "3", "unlockCount": 0},
			{"hour": "4", "unlockCount": 0},
			{"hour": "5", "unlockCount": 1},
			{"hour": "6", "unlockCount": 0},
			{"hour": "7", "unlockCount": 0},
			{"hour": "8", "unlockCount": 0},
			{"hour": "9", "unlockCount": 1},
			{"hour": "10", "unlockCount": 7},
			{"hour": "11", "unlockCount": 0},
			{"hour": "12", "unlockCount": 1},
			{"hour": "13", "unlockCount": 1},
			{"hour": "14", "unlockCount": 1},
			{"hour": "15", "unlockCount": 3},
			{"hour": "16", "unlockCount": 0},
			{"hour": "17", "unlockCount": 0},
			{"hour": "18", "unlockCount": 0},
			{"hour": "19", "unlockCount": 0},
			{"hour": "20", "unlockCount": 0},
			{"hour": "21", "unlockCount": 0},
			{"hour": "22", "unlockCount": 0},
			{"hour": "23", "unlockCount": 1},
		]
	},
	{
		"date": 6,
		"maxTime": 314,
		"totalUnlockCount": 45,
		"keys": [
			{"hour": "0", "unlockCount": 3},
			{"hour": "1", "unlockCount": 1},
			{"hour": "2", "unlockCount": 2},
			{"hour": "3", "unlockCount": 0},
			{"hour": "4", "unlockCount": 6},
			{"hour": "5", "unlockCount": 3},
			{"hour": "6", "unlockCount": 3},
			{"hour": "7", "unlockCount": 5},
			{"hour": "8", "unlockCount": 9},
			{"hour": "9", "unlockCount": 3},
			{"hour": "10", "unlockCount": 3},
			{"hour": "11", "unlockCount": 0},
			{"hour": "12", "unlockCount": 0},
			{"hour": "13", "unlockCount": 0},
			{"hour": "14", "unlockCount": 0},
			{"hour": "15", "unlockCount": 1},
			{"hour": "16", "unlockCount": 4},
			{"hour": "17", "unlockCount": 0},
			{"hour": "18", "unlockCount": 0},
			{"hour": "19", "unlockCount": 0},
			{"hour": "20", "unlockCount": 0},
			{"hour": "21", "unlockCount": 0},
			{"hour": "22", "unlockCount": 1},
			{"hour": "23", "unlockCount": 1},
		]
	},
	{
		"date": 7,
		"maxTime": 36,
		"totalUnlockCount": 88,
		"keys": [
			{"hour": "0", "unlockCount": 0},
			{"hour": "1", "unlockCount": 6},
			{"hour": "2", "unlockCount": 9},
			{"hour": "3", "unlockCount": 6},
			{"hour": "4", "unlockCount": 10},
			{"hour": "5", "unlockCount": 5},
			{"hour": "6", "unlockCount": 5},
			{"hour": "7", "unlockCount": 9},
			{"hour": "8", "unlockCount": 15},
			{"hour": "9", "unlockCount": 8},
			{"hour": "10", "unlockCount": 4},
			{"hour": "11", "unlockCount": 5},
			{"hour": "12", "unlockCount": 6},
			{"hour": "13", "unlockCount": 0},
			{"hour": "14", "unlockCount": 0},
			{"hour": "15", "unlockCount": 0},
			{"hour": "16", "unlockCount": 0},
			{"hour": "17", "unlockCount": 0},
			{"hour": "18", "unlockCount": 0},
			{"hour": "19", "unlockCount": 0},
			{"hour": "20", "unlockCount": 0},
			{"hour": "21", "unlockCount": 0},
			{"hour": "22", "unlockCount": 0},
			{"hour": "23", "unlockCount": 0},
		]
	},
]
