[
	{
		"date": 1,
		"maxTime": 51,
		"totalUnlockCount": 149,
		"keys": [
			{"hour": "0", "unlockCount": 17},
			{"hour": "1", "unlockCount": 19},
			{"hour": "2", "unlockCount": 2},
			{"hour": "3", "unlockCount": 17},
			{"hour": "4", "unlockCount": 5},
			{"hour": "5", "unlockCount": 6},
			{"hour": "6", "unlockCount": 10},
			{"hour": "7", "unlockCount": 11},
			{"hour": "8", "unlockCount": 0},
			{"hour": "9", "unlockCount": 3},
			{"hour": "10", "unlockCount": 11},
			{"hour": "11", "unlockCount": 6},
			{"hour": "12", "unlockCount": 9},
			{"hour": "13", "unlockCount": 10},
			{"hour": "14", "unlockCount": 8},
			{"hour": "15", "unlockCount": 1},
			{"hour": "16", "unlockCount": 0},
			{"hour": "17", "unlockCount": 0},
			{"hour": "18", "unlockCount": 0},
			{"hour": "19", "unlockCount": 0},
			{"hour": "20", "unlockCount": 0},
			{"hour": "21", "unlockCount": 2},
			{"hour": "22", "unlockCount": 4},
			{"hour": "23", "unlockCount": 8},
		]
	},
	{
		"date": 2,
		"maxTime": 78,
		"totalUnlockCount": 147,
		"keys": [
			{"hour": "0", "unlockCount": 17},
			{"hour": "1", "unlockCount": 7},
			{"hour": "2", "unlockCount": 5},
			{"hour": "3", "unlockCount": 8},
			{"hour": "4", "unlockCount": 7},
			{"hour": "5", "unlockCount": 5},
			{"hour": "6", "unlockCount": 4},
			{"hour": "7", "unlockCount": 7},
			{"hour": "8", "unlockCount": 9},
			{"hour": "9", "unlockCount": 9},
			{"hour": "10", "unlockCount": 11},
			{"hour": "11", "unlockCount": 5},
			{"hour": "12", "unlockCount": 7},
			{"hour": "13", "unlockCount": 5},
			{"hour": "14", "unlockCount": 3},
			{"hour": "15", "unlockCount": 0},
			{"hour": "16", "unlockCount": 1},
			{"hour": "17", "unlockCount": 1},
			{"hour": "18", "unlockCount": 0},
			{"hour": "19", "unlockCount": 0},
			{"hour": "20", "unlockCount": 3},
			{"hour": "21", "unlockCount": 2},
			{"hour": "22", "unlockCount": 5},
			{"hour": "23", "unlockCount": 26},
		]
	},
	{
		"date": 3,
		"maxTime": 21,
		"totalUnlockCount": 169,
		"keys": [
			{"hour": "0", "unlockCount": 17},
			{"hour": "1", "unlockCount": 11},
			{"hour": "2", "unlockCount": 11},
			{"hour": "3", "unlockCount": 10},
			{"hour": "4", "unlockCount": 12},
			{"hour": "5", "unlockCount": 6},
			{"hour": "6", "unlockCount": 6},
			{"hour": "7", "unlockCount": 6},
			{"hour": "8", "unlockCount": 12},
			{"hour": "9", "unlockCount": 18},
			{"hour": "10", "unlockCount": 4},
			{"hour": "11", "unlockCount": 3},
			{"hour": "12", "unlockCount": 12},
			{"hour": "13", "unlockCount": 9},
			{"hour": "14", "unlockCount": 17},
			{"hour": "15", "unlockCount": 14},
			{"hour": "16", "unlockCount": 0},
			{"hour": "17", "unlockCount": 0},
			{"hour": "18", "unlockCount": 0},
			{"hour": "19", "unlockCount": 0},
			{"hour": "20", "unlockCount": 0},
			{"hour": "21", "unlockCount": 0},
			{"hour": "22", "unlockCount": 1},
			{"hour": "23", "unlockCount": 0},
		]
	},
	{
		"date": 4,
		"maxTime": 60,
		"totalUnlockCount": 70,
		"keys": [
			{"hour": "0", "unlockCount": 6},
			{"hour": "1", "unlockCount": 0},
			{"hour": "2", "unlockCount": 2},
			{"hour": "3", "unlockCount": 1},
			{"hour": "4", "unlockCount": 7},
			{"hour": "5", "unlockCount": 8},
			{"hour": "6", "unlockCount": 4},
			{"hour": "7", "unlockCount": 8},
			{"hour": "8", "unlockCount": 4},
			{"hour": "9", "unlockCount": 4},
			{"hour": "10", "unlockCount": 5},
			{"hour": "11", "unlockCount": 5},
			{"hour": "12", "unlockCount": 9},
			{"hour": "13", "unlockCount": 1},
			{"hour": "14", "unlockCount": 0},
			{"hour": "15", "unlockCount": 0},
			{"hour": "16", "unlockCount": 0},
			{"hour": "17", "unlockCount": 0},
			{"hour": "18", "unlockCount": 0},
			{"hour": "19", "unlockCount": 0},
			{"hour": "20", "unlockCount": 0},
			{"hour": "21", "unlockCount": 2},
			{"hour": "22", "unlockCount": 0},
			{"hour": "23", "unlockCount": 4},
		]
	},
	{
		"date": 5,
		"maxTime": 162,
		"totalUnlockCount": 137,
		"keys": [
			{"hour": "0", "unlockCount": 8},
			{"hour": "1", "unlockCount": 7},
			{"hour": "2", "unlockCount": 6},
			{"hour": "3", "unlockCount": 4},
			{"hour": "4", "unlockCount": 3},
			{"hour": "5", "unlockCount": 1},
			{"hour": "6", "unlockCount": 4},
			{"hour": "7", "unlockCount": 7},
			{"hour": "8", "unlockCount": 6},
			{"hour": "9", "unlockCount": 19},
			{"hour": "10", "unlockCount": 13},
			{"hour": "11", "unlockCount": 12},
			{"hour": "12", "unlockCount": 10},
			{"hour": "13", "unlockCount": 19},
			{"hour": "14", "unlockCount": 2},
			{"hour": "15", "unlockCount": 0},
			{"hour": "16", "unlockCount": 1},
			{"hour": "17", "unlockCount": 2},
			{"hour": "18", "unlockCount": 2},
			{"hour": "19", "unlockCount": 1},
			{"hour": "20", "unlockCount": 6},
			{"hour": "21", "unlockCount": 2},
			{"hour": "22", "unlockCount": 2},
			{"hour": "23", "unlockCount": 0},
		]
	},
	{
		"date": 6,
		"maxTime": 335,
		"totalUnlockCount": 164,
		"keys": [
			{"hour": "0", "unlockCount": 14},
			{"hour": "1", "unlockCount": 14},
			{"hour": "2", "unlockCount": 4},
			{"hour": "3", "unlockCount": 4},
			{"hour": "4", "unlockCount": 10},
			{"hour": "5", "unlockCount": 8},
			{"hour": "6", "unlockCount": 3},
			{"hour": "7", "unlockCount": 5},
			{"hour": "8", "unlockCount": 15},
			{"hour": "9", "unlockCount": 16},
			{"hour": "10", "unlockCount": 6},
			{"hour": "11", "unlockCount": 18},
			{"hour": "12", "unlockCount": 9},
			{"hour": "13", "unlockCount": 11},
			{"hour": "14", "unlockCount": 12},
			{"hour": "15", "unlockCount": 2},
			{"hour": "16", "unlockCount": 1},
			{"hour": "17", "unlockCount": 0},
			{"hour": "18", "unlockCount": 0},
			{"hour": "19", "unlockCount": 0},
			{"hour": "20", "unlockCount": 0},
			{"hour": "21", "unlockCount": 1},
			{"hour": "22", "unlockCount": 4},
			{"hour": "23", "unlockCount": 7},
		]
	},
	{
		"date": 7,
		"maxTime": 59,
		"totalUnlockCount": 207,
		"keys": [
			{"hour": "0", "unlockCount": 20},
			{"hour": "1", "unlockCount": 10},
			{"hour": "2", "unlockCount": 6},
			{"hour": "3", "unlockCount": 8},
			{"hour": "4", "unlockCount": 10},
			{"hour": "5", "unlockCount": 13},
			{"hour": "6", "unlockCount": 15},
			{"hour": "7", "unlockCount": 8},
			{"hour": "8", "unlockCount": 14},
			{"hour": "9", "unlockCount": 18},
			{"hour": "10", "unlockCount": 10},
			{"hour": "11", "unlockCount": 11},
			{"hour": "12", "unlockCount": 13},
			{"hour": "13", "unlockCount": 6},
			{"hour": "14", "unlockCount": 22},
			{"hour": "15", "unlockCount": 7},
			{"hour": "16", "unlockCount": 0},
			{"hour": "17", "unlockCount": 0},
			{"hour": "18", "unlockCount": 1},
			{"hour": "19", "unlockCount": 0},
			{"hour": "20", "unlockCount": 0},
			{"hour": "21", "unlockCount": 1},
			{"hour": "22", "unlockCount": 3},
			{"hour": "23", "unlockCount": 11},
		]
	},
]
