[
	{
		"date": 1,
		"maxTime": 76,
		"totalUnlockCount": 304,
		"keys": [
			{"hour": "0", "unlockCount": 3},
			{"hour": "1", "unlockCount": 8},
			{"hour": "2", "unlockCount": 0},
			{"hour": "3", "unlockCount": 27},
			{"hour": "4", "unlockCount": 10},
			{"hour": "5", "unlockCount": 7},
			{"hour": "6", "unlockCount": 17},
			{"hour": "7", "unlockCount": 22},
			{"hour": "8", "unlockCount": 9},
			{"hour": "9", "unlockCount": 2},
			{"hour": "10", "unlockCount": 1},
			{"hour": "11", "unlockCount": 10},
			{"hour": "12", "unlockCount": 7},
			{"hour": "13", "unlockCount": 27},
			{"hour": "14", "unlockCount": 5},
			{"hour": "15", "unlockCount": 5},
			{"hour": "16", "unlockCount": 123},
			{"hour": "17", "unlockCount": 13},
			{"hour": "18", "unlockCount": 1},
			{"hour": "19", "unlockCount": 0},
			{"hour": "20", "unlockCount": 0},
			{"hour": "21", "unlockCount": 0},
			{"hour": "22", "unlockCount": 1},
			{"hour": "23", "unlockCount": 6},
		]
	},
	{
		"date": 2,
		"maxTime": 72,
		"totalUnlockCount": 171,
		"keys": [
			{"hour": "0", "unlockCount": 4},
			{"hour": "1", "unlockCount": 14},
			{"hour": "2", "unlockCount": 12},
			{"hour": "3", "unlockCount": 1},
			{"hour": "4", "unlockCount": 5},
			{"hour": "5", "unlockCount": 9},
			{"hour": "6", "unlockCount": 4},
			{"hour": "7", "unlockCount": 52},
			{"hour": "8", "unlockCount": 5},
			{"hour": "9", "unlockCount": 15},
			{"hour": "10", "unlockCount": 12},
			{"hour": "11", "unlockCount": 6},
			{"hour": "12", "unlockCount": 24},
			{"hour": "13", "unlockCount": 2},
			{"hour": "14", "unlockCount": 1},
			{"hour": "15", "unlockCount": 0},
			{"hour": "16", "unlockCount": 0},
			{"hour": "17", "unlockCount": 0},
			{"hour": "18", "unlockCount": 1},
			{"hour": "19", "unlockCount": 0},
			{"hour": "20", "unlockCount": 1},
			{"hour": "21", "unlockCount": 1},
			{"hour": "22", "unlockCount": 0},
			{"hour": "23", "unlockCount": 2},
		]
	},
	{
		"date": 3,
		"maxTime": 82,
		"totalUnlockCount": 105,
		"keys": [
			{"hour": "0", "unlockCount": 13},
			{"hour": "1", "unlockCount": 4},
			{"hour": "2", "unlockCount": 14},
			{"hour": "3", "unlockCount": 14},
			{"hour": "4", "unlockCount": 0},
			{"hour": "5", "unlockCount": 0},
			{"hour": "6", "unlockCount": 4},
			{"hour": "7", "unlockCount": 3},
			{"hour": "8", "unlockCount": 7},
			{"hour": "9", "unlockCount": 2},
			{"hour": "10", "unlockCount": 5},
			{"hour": "11", "unlockCount": 6},
			{"hour": "12", "unlockCount": 15},
			{"hour": "13", "unlockCount": 4},
			{"hour": "14", "unlockCount": 10},
			{"hour": "15", "unlockCount": 0},
			{"hour": "16", "unlockCount": 1},
			{"hour": "17", "unlockCount": 0},
			{"hour": "18", "unlockCount": 0},
			{"hour": "19", "unlockCount": 2},
			{"hour": "20", "unlockCount": 0},
			{"hour": "21", "unlockCount": 0},
			{"hour": "22", "unlockCount": 0},
			{"hour": "23", "unlockCount": 1},
		]
	},
	{
		"date": 4,
		"maxTime": 77,
		"totalUnlockCount": 156,
		"keys": [
			{"hour": "0", "unlockCount": 1},
			{"hour": "1", "unlockCount": 4},
			{"hour": "2", "unlockCount": 5},
			{"hour": "3", "unlockCount": 9},
			{"hour": "4", "unlockCount": 6},
			{"hour": "5", "unlockCount": 15},
			{"hour": "6", "unlockCount": 5},
			{"hour": "7", "unlockCount": 14},
			{"hour": "8", "unlockCount": 6},
			{"hour": "9", "unlockCount": 22},
			{"hour": "10", "unlockCount": 12},
			{"hour": "11", "unlockCount": 0},
			{"hour": "12", "unlockCount": 4},
			{"hour": "13", "unlockCount": 8},
			{"hour": "14", "unlockCount": 2},
			{"hour": "15", "unlockCount": 2},
			{"hour": "16", "unlockCount": 0},
			{"hour": "17", "unlockCount": 1},
			{"hour": "18", "unlockCount": 1},
			{"hour": "19", "unlockCount": 0},
			{"hour": "20", "unlockCount": 5},
			{"hour": "21", "unlockCount": 4},
			{"hour": "22", "unlockCount": 10},
			{"hour": "23", "unlockCount": 20},
		]
	},
	{
		"date": 5,
		"maxTime": 26,
		"totalUnlockCount": 215,
		"keys": [
			{"hour": "0", "unlockCount": 17},
			{"hour": "1", "unlockCount": 24},
			{"hour": "2", "unlockCount": 26},
			{"hour": "3", "unlockCount": 25},
			{"hour": "4", "unlockCount": 17},
			{"hour": "5", "unlockCount": 2},
			{"hour": "6", "unlockCount": 7},
			{"hour": "7", "unlockCount": 19},
			{"hour": "8", "unlockCount": 15},
			{"hour": "9", "unlockCount": 20},
			{"hour": "10", "unlockCount": 13},
			{"hour": "11", "unlockCount": 6},
			{"hour": "12", "unlockCount": 5},
			{"hour": "13", "unlockCount": 1},
			{"hour": "14", "unlockCount": 4},
			{"hour": "15", "unlockCount": 5},
			{"hour": "16", "unlockCount": 7},
			{"hour": "17", "unlockCount": 0},
			{"hour": "18", "unlockCount": 0},
			{"hour": "19", "unlockCount": 0},
			{"hour": "20", "unlockCount": 0},
			{"hour": "21", "unlockCount": 1},
			{"hour": "22", "unlockCount": 1},
			{"hour": "23", "unlockCount": 0},
		]
	},
	{
		"date": 6,
		"maxTime": 80,
		"totalUnlockCount": 149,
		"keys": [
			{"hour": "0", "unlockCount": 1},
			{"hour": "1", "unlockCount": 0},
			{"hour": "2", "unlockCount": 4},
			{"hour": "3", "unlockCount": 12},
			{"hour": "4", "unlockCount": 9},
			{"hour": "5", "unlockCount": 3},
			{"hour": "6", "unlockCount": 0},
			{"hour": "7", "unlockCount": 1},
			{"hour": "8", "unlockCount": 25},
			{"hour": "9", "unlockCount": 26},
			{"hour": "10", "unlockCount": 22},
			{"hour": "11", "unlockCount": 10},
			{"hour": "12", "unlockCount": 11},
			{"hour": "13", "unlockCount": 2},
			{"hour": "14", "unlockCount": 3},
			{"hour": "15", "unlockCount": 4},
			{"hour": "16", "unlockCount": 16},
			{"hour": "17", "unlockCount": 0},
			{"hour": "18", "unlockCount": 0},
			{"hour": "19", "unlockCount": 0},
			{"hour": "20", "unlockCount": 0},
			{"hour": "21", "unlockCount": 0},
			{"hour": "22", "unlockCount": 0},
			{"hour": "23", "unlockCount": 0},
		]
	},
	{
		"date": 7,
		"maxTime": 100,
		"totalUnlockCount": 115,
		"keys": [
			{"hour": "0", "unlockCount": 3},
			{"hour": "1", "unlockCount": 13},
			{"hour": "2", "unlockCount": 11},
			{"hour": "3", "unlockCount": 0},
			{"hour": "4", "unlockCount": 16},
			{"hour": "5", "unlockCount": 3},
			{"hour": "6", "unlockCount": 1},
			{"hour": "7", "unlockCount": 0},
			{"hour": "8", "unlockCount": 18},
			{"hour": "9", "unlockCount": 16},
			{"hour": "10", "unlockCount": 10},
			{"hour": "11", "unlockCount": 7},
			{"hour": "12", "unlockCount": 4},
			{"hour": "13", "unlockCount": 1},
			{"hour": "14", "unlockCount": 4},
			{"hour": "15", "unlockCount": 2},
			{"hour": "16", "unlockCount": 4},
			{"hour": "17", "unlockCount": 1},
			{"hour": "18", "unlockCount": 1},
			{"hour": "19", "unlockCount": 0},
			{"hour": "20", "unlockCount": 0},
			{"hour": "21", "unlockCount": 0},
			{"hour": "22", "unlockCount": 0},
			{"hour": "23", "unlockCount": 0},
		]
	},
]
