[
	{
		"date": 1,
		"maxTime": 28,
		"totalUnlockCount": 228,
		"keys": [
			{"hour": "0", "unlockCount": 9},
			{"hour": "1", "unlockCount": 4},
			{"hour": "2", "unlockCount": 3},
			{"hour": "3", "unlockCount": 13},
			{"hour": "4", "unlockCount": 11},
			{"hour": "5", "unlockCount": 12},
			{"hour": "6", "unlockCount": 17},
			{"hour": "7", "unlockCount": 6},
			{"hour": "8", "unlockCount": 27},
			{"hour": "9", "unlockCount": 27},
			{"hour": "10", "unlockCount": 14},
			{"hour": "11", "unlockCount": 11},
			{"hour": "12", "unlockCount": 15},
			{"hour": "13", "unlockCount": 6},
			{"hour": "14", "unlockCount": 14},
			{"hour": "15", "unlockCount": 11},
			{"hour": "16", "unlockCount": 1},
			{"hour": "17", "unlockCount": 0},
			{"hour": "18", "unlockCount": 0},
			{"hour": "19", "unlockCount": 4},
			{"hour": "20", "unlockCount": 5},
			{"hour": "21", "unlockCount": 9},
			{"hour": "22", "unlockCount": 4},
			{"hour": "23", "unlockCount": 5},
		]
	},
	{
		"date": 2,
		"maxTime": 141,
		"totalUnlockCount": 252,
		"keys": [
			{"hour": "0", "unlockCount": 9},
			{"hour": "1", "unlockCount": 6},
			{"hour": "2", "unlockCount": 3},
			{"hour": "3", "unlockCount": 35},
			{"hour": "4", "unlockCount": 14},
			{"hour": "5", "unlockCount": 0},
			{"hour": "6", "unlockCount": 18},
			{"hour": "7", "unlockCount": 10},
			{"hour": "8", "unlockCount": 6},
			{"hour": "9", "unlockCount": 24},
			{"hour": "10", "unlockCount": 30},
			{"hour": "11", "unlockCount": 14},
			{"hour": "12", "unlockCount": 20},
			{"hour": "13", "unlockCount": 30},
			{"hour": "14", "unlockCount": 12},
			{"hour": "15", "unlockCount": 0},
			{"hour": "16", "unlockCount": 0},
			{"hour": "17", "unlockCount": 16},
			{"hour": "18", "unlockCount": 5},
			{"hour": "19", "unlockCount": 0},
			{"hour": "20", "unlockCount": 0},
			{"hour": "21", "unlockCount": 0},
			{"hour": "22", "unlockCount": 0},
			{"hour": "23", "unlockCount": 0},
		]
	},
	{
		"date": 3,
		"maxTime": 37,
		"totalUnlockCount": 122,
		"keys": [
			{"hour": "0", "unlockCount": 0},
			{"hour": "1", "unlockCount": 0},
			{"hour": "2", "unlockCount": 1},
			{"hour": "3", "unlockCount": 0},
			{"hour": "4", "unlockCount": 7},
			{"hour": "5", "unlockCount": 8},
			{"hour": "6", "unlockCount": 4},
			{"hour": "7", "unlockCount": 7},
			{"hour": "8", "unlockCount": 1},
			{"hour": "9", "unlockCount": 2},
			{"hour": "10", "unlockCount": 3},
			{"hour": "11", "unlockCount": 22},
			{"hour": "12", "unlockCount": 11},
			{"hour": "13", "unlockCount": 8},
			{"hour": "14", "unlockCount": 6},
			{"hour": "15", "unlockCount": 5},
			{"hour": "16", "unlockCount": 7},
			{"hour": "17", "unlockCount": 15},
			{"hour": "18", "unlockCount": 3},
			{"hour": "19", "unlockCount": 1},
			{"hour": "20", "unlockCount": 0},
			{"hour": "21", "unlockCount": 6},
			{"hour": "22", "unlockCount": 1},
			{"hour": "23", "unlockCount": 4},
		]
	},
	{
		"date": 4,
		"maxTime": 53,
		"totalUnlockCount": 251,
		"keys": [
			{"hour": "0", "unlockCount": 5},
			{"hour": "1", "unlockCount": 0},
			{"hour": "2", "unlockCount": 2},
			{"hour": "3", "unlockCount": 16},
			{"hour": "4", "unlockCount": 16},
			{"hour": "5", "unlockCount": 3},
			{"hour": "6", "unlockCount": 27},
			{"hour": "7", "unlockCount": 8},
			{"hour": "8", "unlockCount": 18},
			{"hour": "9", "unlockCount": 21},
			{"hour": "10", "unlockCount": 23},
			{"hour": "11", "unlockCount": 1},
			{"hour": "12", "unlockCount": 4},
			{"hour": "13", "unlockCount": 12},
			{"hour": "14", "unlockCount": 30},
			{"hour": "15", "unlockCount": 31},
			{"hour": "16", "unlockCount": 6},
			{"hour": "17", "unlockCount": 1},
			{"hour": "18", "unlockCount": 9},
			{"hour": "19", "unlockCount": 1},
			{"hour": "20", "unlockCount": 0},
			{"hour": "21", "unlockCount": 0},
			{"hour": "22", "unlockCount": 2},
			{"hour": "23", "unlockCount": 15},
		]
	},
	{
		"date": 5,
		"maxTime": 68,
		"totalUnlockCount": 278,
		"keys": [
			{"hour": "0", "unlockCount": 3},
			{"hour": "1", "unlockCount": 16},
			{"hour": "2", "unlockCount": 29},
			{"hour": "3", "unlockCount": 41},
			{"hour": "4", "unlockCount": 10},
			{"hour": "5", "unlockCount": 23},
			{"hour": "6", "unlockCount": 14},
			{"hour": "7", "unlockCount": 12},
			{"hour": "8", "unlockCount": 6},
			{"hour": "9", "unlockCount": 1},
			{"hour": "10", "unlockCount": 3},
			{"hour": "11", "unlockCount": 20},
			{"hour": "12", "unlockCount": 17},
			{"hour": "13", "unlockCount": 23},
			{"hour": "14", "unlockCount": 15},
			{"hour": "15", "unlockCount": 9},
			{"hour": "16", "unlockCount": 13},
			{"hour": "17", "unlockCount": 16},
			{"hour": "18", "unlockCount": 2},
			{"hour": "19", "unlockCount": 1},
			{"hour": "20", "unlockCount": 0},
			{"hour": "21", "unlockCount": 0},
			{"hour": "22", "unlockCount": 2},
			{"hour": "23", "unlockCount": 2},
		]
	},
	{
		"date": 6,
		"maxTime": 33,
		"totalUnlockCount": 284,
		"keys": [
			{"hour": "0", "unlockCount": 17},
			{"hour": "1", "unlockCount": 10},
			{"hour": "2", "unlockCount": 27},
			{"hour": "3", "unlockCount": 19},
			{"hour": "4", "unlockCount": 11},
			{"hour": "5", "unlockCount": 10},
			{"hour": "6", "unlockCount": 10},
			{"hour": "7", "unlockCount": 9},
			{"hour": "8", "unlockCount": 35},
			{"hour": "9", "unlockCount": 20},
			{"hour": "10", "unlockCount": 15},
			{"hour": "11", "unlockCount": 9},
			{"hour": "12", "unlockCount": 15},
			{"hour": "13", "unlockCount": 29},
			{"hour": "14", "unlockCount": 29},
			{"hour": "15", "unlockCount": 15},
			{"hour": "16", "unlockCount": 4},
			{"hour": "17", "unlockCount": 0},
			{"hour": "18", "unlockCount": 0},
			{"hour": "19", "unlockCount": 0},
			{"hour": "20", "unlockCount": 0},
			{"hour": "21", "unlockCount": 0},
			{"hour": "22", "unlockCount": 0},
			{"hour": "23", "unlockCount": 0},
		]
	},
	{
		"date": 7,
		"maxTime": 46,
		"totalUnlockCount": 223,
		"keys": [
			{"hour": "0", "unlockCount": 0},
			{"hour": "1", "unlockCount": 0},
			{"hour": "2", "unlockCount": 1},
			{"hour": "3", "unlockCount": 6},
			{"hour": "4", "unlockCount": 24},
			{"hour": "5", "unlockCount": 33},
			{"hour": "6", "unlockCount": 17},
			{"hour": "7", "unlockCount": 5},
			{"hour": "8", "unlockCount": 10},
			{"hour": "9", "unlockCount": 17},
			{"hour": "10", "unlockCount": 7},
			{"hour": "11", "unlockCount": 17},
			{"hour": "12", "unlockCount": 11},
			{"hour": "13", "unlockCount": 23},
			{"hour": "14", "unlockCount": 28},
			{"hour": "15", "unlockCount": 13},
			{"hour": "16", "unlockCount": 3},
			{"hour": "17", "unlockCount": 5},
			{"hour": "18", "unlockCount": 0},
			{"hour": "19", "unlockCount": 0},
			{"hour": "20", "unlockCount": 0},
			{"hour": "21", "unlockCount": 1},
			{"hour": "22", "unlockCount": 1},
			{"hour": "23", "unlockCount": 1},
		]
	},
]
