[
	{
		"date": 1,
		"maxTime": 324,
		"totalUnlockCount": 133,
		"keys": [
			{"hour": "0", "unlockCount": 8},
			{"hour": "1", "unlockCount": 13},
			{"hour": "2", "unlockCount": 15},
			{"hour": "3", "unlockCount": 8},
			{"hour": "4", "unlockCount": 21},
			{"hour": "5", "unlockCount": 29},
			{"hour": "6", "unlockCount": 2},
			{"hour": "7", "unlockCount": 0},
			{"hour": "8", "unlockCount": 7},
			{"hour": "9", "unlockCount": 16},
			{"hour": "10", "unlockCount": 4},
			{"hour": "11", "unlockCount": 1},
			{"hour": "12", "unlockCount": 0},
			{"hour": "13", "unlockCount": 0},
			{"hour": "14", "unlockCount": 0},
			{"hour": "15", "unlockCount": 0},
			{"hour": "16", "unlockCount": 1},
			{"hour": "17", "unlockCount": 6},
			{"hour": "18", "unlockCount": 2},
			{"hour": "19", "unlockCount": 0},
			{"hour": "20", "unlockCount": 0},
			{"hour": "21", "unlockCount": 0},
			{"hour": "22", "unlockCount": 0},
			{"hour": "23", "unlockCount": 0},
		]
	},
	{
		"date": 2,
		"maxTime": 54,
		"totalUnlockCount": 154,
		"keys": [
			{"hour": "0", "unlockCount": 1},
			{"hour": "1", "unlockCount": 0},
			{"hour": "2", "unlockCount": 2},
			{"hour": "3", "unlockCount": 7},
			{"hour": "4", "unlockCount": 5},
			{"hour": "5", "unlockCount": 3},
			{"hour": "6", "unlockCount": 5},
			{"hour": "7", "unlockCount": 15},
			{"hour": "8", "unlockCount": 15},
			{"hour": "9", "unlockCount": 20},
			{"hour": "10", "unlockCount": 34},
			{"hour": "11", "unlockCount": 9},
			{"hour": "12", "unlockCount": 19},
			{"hour": "13", "unlockCount": 12},
			{"hour": "14", "unlockCount": 2},
			{"hour": "15", "unlockCount": 0},
			{"hour": "16", "unlockCount": 0},
			{"hour": "17", "unlockCount": 2},
			{"hour": "18", "unlockCount": 2},
			{"hour": "19", "unlockCount": 0},
			{"hour": "20", "unlockCount": 0},
			{"hour": "21", "unlockCount": 0},
			{"hour": "22", "unlockCount": 0},
			{"hour": "23", "unlockCount": 1},
		]
	},
	{
		"date": 3,
		"maxTime": 52,
		"totalUnlockCount": 102,
		"keys": [
			{"hour": "0", "unlockCount": 1},
			{"hour": "1", "unlockCount": 1},
			{"hour": "2", "unlockCount": 3},
			{"hour": "3", "unlockCount": 8},
			{"hour": "4", "unlockCount": 16},
			{"hour": "5", "unlockCount": 7},
			{"hour": "6", "unlockCount": 7},
			{"hour": "7", "unlockCount": 1},
			{"hour": "8", "unlockCount": 5},
			{"hour": "9", "unlockCount": 6},
			{"hour": "10", "unlockCount": 15},
			{"hour": "11", "unlockCount": 7},
			{"hour": "12", "unlockCount": 4},
			{"hour": "13", "unlockCount": 5},
			{"hour": "14", "unlockCount": 4},
			{"hour": "15", "unlockCount": 4},
			{"hour": "16", "unlockCount": 3},
			{"hour": "17", "unlockCount": 1},
			{"hour": "18", "unlockCount": 2},
			{"hour": "19", "unlockCount": 1},
			{"hour": "20", "unlockCount": 0},
			{"hour": "21", "unlockCount": 0},
			{"hour": "22", "unlockCount": 0},
			{"hour": "23", "unlockCount": 1},
		]
	},
	{
		"date": 4,
		"maxTime": 51,
		"totalUnlockCount": 160,
		"keys": [
			{"hour": "0", "unlockCount": 0},
			{"hour": "1", "unlockCount": 10},
			{"hour": "2", "unlockCount": 13},
			{"hour": "3", "unlockCount": 18},
			{"hour": "4", "unlockCount": 9},
			{"hour": "5", "unlockCount": 16},
			{"hour": "6", "unlockCount": 11},
			{"hour": "7", "unlockCount": 7},
			{"hour": "8", "unlockCount": 3},
			{"hour": "9", "unlockCount": 3},
			{"hour": "10", "unlockCount": 11},
			{"hour": "11", "unlockCount": 9},
			{"hour": "12", "unlockCount": 13},
			{"hour": "13", "unlockCount": 9},
			{"hour": "14", "unlockCount": 12},
			{"hour": "15", "unlockCount": 5},
			{"hour": "16", "unlockCount": 6},
			{"hour": "17", "unlockCount": 4},
			{"hour": "18", "unlockCount": 1},
			{"hour": "19", "unlockCount": 0},
			{"hour": "20", "unlockCount": 0},
			{"hour": "21", "unlockCount": 0},
			{"hour": "22", "unlockCount": 0},
			{"hour": "23", "unlockCount": 0},
		]
	},
	{
		"date": 5,
		"maxTime": 36,
		"totalUnlockCount": 136,
		"keys": [
			{"hour": "0", "unlockCount": 2},
			{"hour": "1", "unlockCount": 11},
			{"hour": "2", "unlockCount": 5},
			{"hour": "3", "unlockCount": 4},
			{"hour": "4", "unlockCount": 5},
			{"hour": "5", "unlockCount": 11},
			{"hour": "6", "unlockCount": 24},
			{"hour": "7", "unlockCount": 5},
			{"hour": "8", "unlockCount": 24},
			{"hour": "9", "unlockCount": 5},
			{"hour": "10", "unlockCount": 9},
			{"hour": "11", "unlockCount": 17},
			{"hour": "12", "unlockCount": 2},
			{"hour": "13", "unlockCount": 5},
			{"hour": "14", "unlockCount": 2},
			{"hour": "15", "unlockCount": 0},
			{"hour": "16", "unlockCount": 1},
			{"hour": "17", "unlockCount": 0},
			{"hour": "18", "unlockCount": 2},
			{"hour": "19", "unlockCount": 0},
			{"hour": "20", "unlockCount": 0},
			{"hour": "21", "unlockCount": 0},
			{"hour": "22", "unlockCount": 2},
			{"hour": "23", "unlockCount": 0},
		]
	},
	{
		"date": 6,
		"maxTime": 54,
		"totalUnlockCount": 156,
		"keys": [
			{"hour": "0", "unlockCount": 11},
			{"hour": "1", "unlockCount": 10},
			{"hour": "2", "unlockCount": 19},
			{"hour": "3", "unlockCount": 7},
			{"hour": "4", "unlockCount": 13},
			{"hour": "5", "unlockCount": 7},
			{"hour": "6", "unlockCount": 0},
			{"hour": "7", "unlockCount": 5},
			{"hour": "8", "unlockCount": 23},
			{"hour": "9", "unlockCount": 13},
			{"hour": "10", "unlockCount": 6},
			{"hour": "11", "unlockCount": 7},
			{"hour": "12", "unlockCount": 12},
			{"hour": "13", "unlockCount": 11},
			{"hour": "14", "unlockCount": 5},
			{"hour": "15", "unlockCount": 3},
			{"hour": "16", "unlockCount": 3},
			{"hour": "17", "unlockCount": 1},
			{"hour": "18", "unlockCount": 0},
			{"hour": "19", "unlockCount": 0},
			{"hour": "20", "unlockCount": 0},
			{"hour": "21", "unlockCount": 0},
			{"hour": "22", "unlockCount": 0},
			{"hour": "23", "unlockCount": 0},
		]
	},
	{
		"date": 7,
		"maxTime": 74,
		"totalUnlockCount": 148,
		"keys": [
			{"hour": "0", "unlockCount": 7},
			{"hour": "1", "unlockCount": 8},
			{"hour": "2", "unlockCount": 4},
			{"hour": "3", "unlockCount": 4},
			{"hour": "4", "unlockCount": 5},
			{"hour": "5", "unlockCount": 8},
			{"hour": "6", "unlockCount": 17},
			{"hour": "7", "unlockCount": 7},
			{"hour": "8", "unlockCount": 7},
			{"hour": "9", "unlockCount": 36},
			{"hour": "10", "unlockCount": 15},
			{"hour": "11", "unlockCount": 4},
			{"hour": "12", "unlockCount": 9},
			{"hour": "13", "unlockCount": 4},
			{"hour": "14", "unlockCount": 4},
			{"hour": "15", "unlockCount": 5},
			{"hour": "16", "unlockCount": 2},
			{"hour": "17", "unlockCount": 0},
			{"hour": "18", "unlockCount": 0},
			{"hour": "19", "unlockCount": 0},
			{"hour": "20", "unlockCount": 0},
			{"hour": "21", "unlockCount": 0},
			{"hour": "22", "unlockCount": 0},
			{"hour": "23", "unlockCount": 2},
		]
	},
]
