[
	{
		"date": 1,
		"maxTime": 39,
		"totalUnlockCount": 126,
		"keys": [
			{"hour": "0", "unlockCount": 1},
			{"hour": "1", "unlockCount": 0},
			{"hour": "2", "unlockCount": 5},
			{"hour": "3", "unlockCount": 6},
			{"hour": "4", "unlockCount": 14},
			{"hour": "5", "unlockCount": 4},
			{"hour": "6", "unlockCount": 2},
			{"hour": "7", "unlockCount": 2},
			{"hour": "8", "unlockCount": 4},
			{"hour": "9", "unlockCount": 6},
			{"hour": "10", "unlockCount": 12},
			{"hour": "11", "unlockCount": 5},
			{"hour": "12", "unlockCount": 6},
			{"hour": "13", "unlockCount": 8},
			{"hour": "14", "unlockCount": 10},
			{"hour": "15", "unlockCount": 5},
			{"hour": "16", "unlockCount": 11},
			{"hour": "17", "unlockCount": 9},
			{"hour": "18", "unlockCount": 8},
			{"hour": "19", "unlockCount": 0},
			{"hour": "20", "unlockCount": 0},
			{"hour": "21", "unlockCount": 0},
			{"hour": "22", "unlockCount": 4},
			{"hour": "23", "unlockCount": 4},
		]
	},
	{
		"date": 2,
		"maxTime": 130,
		"totalUnlockCount": 92,
		"keys": [
			{"hour": "0", "unlockCount": 5},
			{"hour": "1", "unlockCount": 2},
			{"hour": "2", "unlockCount": 10},
			{"hour": "3", "unlockCount": 11},
			{"hour": "4", "unlockCount": 6},
			{"hour": "5", "unlockCount": 4},
			{"hour": "6", "unlockCount": 1},
			{"hour": "7", "unlockCount": 4},
			{"hour": "8", "unlockCount": 5},
			{"hour": "9", "unlockCount": 11},
			{"hour": "10", "unlockCount": 13},
			{"hour": "11", "unlockCount": 5},
			{"hour": "12", "unlockCount": 6},
			{"hour": "13", "unlockCount": 4},
			{"hour": "14", "unlockCount": 0},
			{"hour": "15", "unlockCount": 1},
			{"hour": "16", "unlockCount": 0},
			{"hour": "17", "unlockCount": 3},
			{"hour": "18", "unlockCount": 0},
			{"hour": "19", "unlockCount": 0},
			{"hour": "20", "unlockCount": 0},
			{"hour": "21", "unlockCount": 0},
			{"hour": "22", "unlockCount": 0},
			{"hour": "23", "unlockCount": 1},
		]
	},
	{
		"date": 3,
		"maxTime": 35,
		"totalUnlockCount": 86,
		"keys": [
			{"hour": "0", "unlockCount": 0},
			{"hour": "1", "unlockCount": 7},
			{"hour": "2", "unlockCount": 9},
			{"hour": "3", "unlockCount": 2},
			{"hour": "4", "unlockCount": 6},
			{"hour": "5", "unlockCount": 7},
			{"hour": "6", "unlockCount": 1},
			{"hour": "7", "unlockCount": 2},
			{"hour": "8", "unlockCount": 8},
			{"hour": "9", "unlockCount": 3},
			{"hour": "10", "unlockCount": 22},
			{"hour": "11", "unlockCount": 5},
			{"hour": "12", "unlockCount": 1},
			{"hour": "13", "unlockCount": 1},
			{"hour": "14", "unlockCount": 7},
			{"hour": "15", "unlockCount": 2},
			{"hour": "16", "unlockCount": 0},
			{"hour": "17", "unlockCount": 1},
			{"hour": "18", "unlockCount": 0},
			{"hour": "19", "unlockCount": 0},
			{"hour": "20", "unlockCount": 0},
			{"hour": "21", "unlockCount": 0},
			{"hour": "22", "unlockCount": 0},
			{"hour": "23", "unlockCount": 2},
		]
	},
	{
		"date": 4,
		"maxTime": 117,
		"totalUnlockCount": 64,
		"keys": [
			{"hour": "0", "unlockCount": 2},
			{"hour": "1", "unlockCount": 2},
			{"hour": "2", "unlockCount": 3},
			{"hour": "3", "unlockCount": 12},
			{"hour": "4", "unlockCount": 4},
			{"hour": "5", "unlockCount": 8},
			{"hour": "6", "unlockCount": 1},
			{"hour": "7", "unlockCount": 4},
			{"hour": "8", "unlockCount": 8},
			{"hour": "9", "unlockCount": 5},
			{"hour": "10", "unlockCount": 0},
			{"hour": "11", "unlockCount": 0},
			{"hour": "12", "unlockCount": 0},
			{"hour": "13", "unlockCount": 3},
			{"hour": "14", "unlockCount": 0},
			{"hour": "15", "unlockCount": 1},
			{"hour": "16", "unlockCount": 0},
			{"hour": "17", "unlockCount": 1},
			{"hour": "18", "unlockCount": 0},
			{"hour": "19", "unlockCount": 0},
			{"hour": "20", "unlockCount": 0},
			{"hour": "21", "unlockCount": 1},
			{"hour": "22", "unlockCount": 3},
			{"hour": "23", "unlockCount": 6},
		]
	},
	{
		"date": 5,
		"maxTime": 65,
		"totalUnlockCount": 81,
		"keys": [
			{"hour": "0", "unlockCount": 2},
			{"hour": "1", "unlockCount": 9},
			{"hour": "2", "unlockCount": 3},
			{"hour": "3", "unlockCount": 11},
			{"hour": "4", "unlockCount": 4},
			{"hour": "5", "unlockCount": 1},
			{"hour": "6", "unlockCount": 2},
			{"hour": "7", "unlockCount": 1},
			{"hour": "8", "unlockCount": 2},
			{"hour": "9", "unlockCount": 5},
			{"hour": "10", "unlockCount": 3},
			{"hour": "11", "unlockCount": 1},
			{"hour": "12", "unlockCount": 5},
			{"hour": "13", "unlockCount": 10},
			{"hour": "14", "unlockCount": 7},
			{"hour": "15", "unlockCount": 4},
			{"hour": "16", "unlockCount": 3},
			{"hour": "17", "unlockCount": 2},
			{"hour": "18", "unlockCount": 6},
			{"hour": "19", "unlockCount": 0},
			{"hour": "20", "unlockCount": 0},
			{"hour": "21", "unlockCount": 0},
			{"hour": "22", "unlockCount": 0},
			{"hour": "23", "unlockCount": 0},
		]
	},
	{
		"date": 6,
		"maxTime": 122,
		"totalUnlockCount": 70,
		"keys": [
			{"hour": "0", "unlockCount": 5},
			{"hour": "1", "unlockCount": 10},
			{"hour": "2", "unlockCount": 3},
			{"hour": "3", "unlockCount": 4},
			{"hour": "4", "unlockCount": 4},
			{"hour": "5", "unlockCount": 3},
			{"hour": "6", "unlockCount": 5},
			{"hour": "7", "unlockCount": 5},
			{"hour": "8", "unlockCount": 5},
			{"hour": "9", "unlockCount": 8},
			{"hour": "10", "unlockCount": 3},
			{"hour": "11", "unlockCount": 2},
			{"hour": "12", "unlockCount": 1},
			{"hour": "13", "unlockCount": 1},
			{"hour": "14", "unlockCount": 0},
			{"hour": "15", "unlockCount": 1},
			{"hour": "16", "unlockCount": 2},
			{"hour": "17", "unlockCount": 1},
			{"hour": "18", "unlockCount": 0},
			{"hour": "19", "unlockCount": 0},
			{"hour": "20", "unlockCount": 0},
			{"hour": "21", "unlockCount": 0},
			{"hour": "22", "unlockCount": 0},
			{"hour": "23", "unlockCount": 7},
		]
	},
	{
		"date": 7,
		"maxTime": 91,
		"totalUnlockCount": 91,
		"keys": [
			{"hour": "0", "unlockCount": 6},
			{"hour": "1", "unlockCount": 2},
			{"hour": "2", "unlockCount": 1},
			{"hour": "3", "unlockCount": 6},
			{"hour": "4", "unlockCount": 7},
			{"hour": "5", "unlockCount": 7},
			{"hour": "6", "unlockCount": 3},
			{"hour": "7", "unlockCount": 9},
			{"hour": "8", "unlockCount": 9},
			{"hour": "9", "unlockCount": 9},
			{"hour": "10", "unlockCount": 3},
			{"hour": "11", "unlockCount": 15},
			{"hour": "12", "unlockCount": 2},
			{"hour": "13", "unlockCount": 1},
			{"hour": "14", "unlockCount": 1},
			{"hour": "15", "unlockCount": 3},
			{"hour": "16", "unlockCount": 1},
			{"hour": "17", "unlockCount": 0},
			{"hour": "18", "unlockCount": 2},
			{"hour": "19", "unlockCount": 2},
			{"hour": "20", "unlockCount": 2},
			{"hour": "21", "unlockCount": 0},
			{"hour": "22", "unlockCount": 0},
			{"hour": "23", "unlockCount": 0},
		]
	},
]
