[
	{
		"date": 1,
		"maxTime": 50,
		"totalUnlockCount": 132,
		"keys": [
			{"hour": "0", "unlockCount": 7},
			{"hour": "1", "unlockCount": 20},
			{"hour": "2", "unlockCount": 8},
			{"hour": "3", "unlockCount": 9},
			{"hour": "4", "unlockCount": 5},
			{"hour": "5", "unlockCount": 4},
			{"hour": "6", "unlockCount": 16},
			{"hour": "7", "unlockCount": 9},
			{"hour": "8", "unlockCount": 6},
			{"hour": "9", "unlockCount": 0},
			{"hour": "10", "unlockCount": 0},
			{"hour": "11", "unlockCount": 0},
			{"hour": "12", "unlockCount": 10},
			{"hour": "13", "unlockCount": 11},
			{"hour": "14", "unlockCount": 13},
			{"hour": "15", "unlockCount": 5},
			{"hour": "16", "unlockCount": 1},
			{"hour": "17", "unlockCount": 5},
			{"hour": "18", "unlockCount": 0},
			{"hour": "19", "unlockCount": 0},
			{"hour": "20", "unlockCount": 0},
			{"hour": "21", "unlockCount": 1},
			{"hour": "22", "unlockCount": 1},
			{"hour": "23", "unlockCount": 1},
		]
	},
	{
		"date": 2,
		"maxTime": 22,
		"totalUnlockCount": 251,
		"keys": [
			{"hour": "0", "unlockCount": 12},
			{"hour": "1", "unlockCount": 6},
			{"hour": "2", "unlockCount": 10},
			{"hour": "3", "unlockCount": 9},
			{"hour": "4", "unlockCount": 4},
			{"hour": "5", "unlockCount": 41},
			{"hour": "6", "unlockCount": 22},
			{"hour": "7", "unlockCount": 18},
			{"hour": "8", "unlockCount": 10},
			{"hour": "9", "unlockCount": 0},
			{"hour": "10", "unlockCount": 11},
			{"hour": "11", "unlockCount": 3},
			{"hour": "12", "unlockCount": 28},
			{"hour": "13", "unlockCount": 2},
			{"hour": "14", "unlockCount": 9},
			{"hour": "15", "unlockCount": 23},
			{"hour": "16", "unlockCount": 15},
			{"hour": "17", "unlockCount": 12},
			{"hour": "18", "unlockCount": 8},
			{"hour": "19", "unlockCount": 1},
			{"hour": "20", "unlockCount": 0},
			{"hour": "21", "unlockCount": 0},
			{"hour": "22", "unlockCount": 1},
			{"hour": "23", "unlockCount": 6},
		]
	},
	{
		"date": 3,
		"maxTime": 60,
		"totalUnlockCount": 244,
		"keys": [
			{"hour": "0", "unlockCount": 30},
			{"hour": "1", "unlockCount": 20},
			{"hour": "2", "unlockCount": 6},
			{"hour": "3", "unlockCount": 8},
			{"hour": "4", "unlockCount": 85},
			{"hour": "5", "unlockCount": 10},
			{"hour": "6", "unlockCount": 1},
			{"hour": "7", "unlockCount": 3},
			{"hour": "8", "unlockCount": 13},
			{"hour": "9", "unlockCount": 2},
			{"hour": "10", "unlockCount": 2},
			{"hour": "11", "unlockCount": 5},
			{"hour": "12", "unlockCount": 14},
			{"hour": "13", "unlockCount": 18},
			{"hour": "14", "unlockCount": 6},
			{"hour": "15", "unlockCount": 10},
			{"hour": "16", "unlockCount": 4},
			{"hour": "17", "unlockCount": 5},
			{"hour": "18", "unlockCount": 1},
			{"hour": "19", "unlockCount": 0},
			{"hour": "20", "unlockCount": 0},
			{"hour": "21", "unlockCount": 0},
			{"hour": "22", "unlockCount": 1},
			{"hour": "23", "unlockCount": 0},
		]
	},
	{
		"date": 4,
		"maxTime": 41,
		"totalUnlockCount": 109,
		"keys": [
			{"hour": "0", "unlockCount": 0},
			{"hour": "1", "unlockCount": 5},
			{"hour": "2", "unlockCount": 8},
			{"hour": "3", "unlockCount": 11},
			{"hour": "4", "unlockCount": 5},
			{"hour": "5", "unlockCount": 3},
			{"hour": "6", "unlockCount": 4},
			{"hour": "7", "unlockCount": 9},
			{"hour": "8", "unlockCount": 8},
			{"hour": "9", "unlockCount": 8},
			{"hour": "10", "unlockCount": 4},
			{"hour": "11", "unlockCount": 6},
			{"hour": "12", "unlockCount": 5},
			{"hour": "13", "unlockCount": 12},
			{"hour": "14", "unlockCount": 9},
			{"hour": "15", "unlockCount": 1},
			{"hour": "16", "unlockCount": 3},
			{"hour": "17", "unlockCount": 2},
			{"hour": "18", "unlockCount": 6},
			{"hour": "19", "unlockCount": 0},
			{"hour": "20", "unlockCount": 0},
			{"hour": "21", "unlockCount": 0},
			{"hour": "22", "unlockCount": 0},
			{"hour": "23", "unlockCount": 0},
		]
	},
	{
		"date": 5,
		"maxTime": 37,
		"totalUnlockCount": 210,
		"keys": [
			{"hour": "0", "unlockCount": 6},
			{"hour": "1", "unlockCount": 20},
			{"hour": "2", "unlockCount": 8},
			{"hour": "3", "unlockCount": 9},
			{"hour": "4", "unlockCount": 4},
			{"hour": "5", "unlockCount": 14},
			{"hour": "6", "unlockCount": 5},
			{"hour": "7", "unlockCount": 16},
			{"hour": "8", "unlockCount": 14},
			{"hour": "9", "unlockCount": 9},
			{"hour": "10", "unlockCount": 12},
			{"hour": "11", "unlockCount": 16},
			{"hour": "12", "unlockCount": 16},
			{"hour": "13", "unlockCount": 10},
			{"hour": "14", "unlockCount": 12},
			{"hour": "15", "unlockCount": 2},
			{"hour": "16", "unlockCount": 20},
			{"hour": "17", "unlockCount": 10},
			{"hour": "18", "unlockCount": 2},
			{"hour": "19", "unlockCount": 3},
			{"hour": "20", "unlockCount": 0},
			{"hour": "21", "unlockCount": 0},
			{"hour": "22", "unlockCount": 1},
			{"hour": "23", "unlockCount": 1},
		]
	},
	{
		"date": 6,
		"maxTime": 22,
		"totalUnlockCount": 194,
		"keys": [
			{"hour": "0", "unlockCount": 10},
			{"hour": "1", "unlockCount": 21},
			{"hour": "2", "unlockCount": 27},
			{"hour": "3", "unlockCount": 16},
			{"hour": "4", "unlockCount": 10},
			{"hour": "5", "unlockCount": 8},
			{"hour": "6", "unlockCount": 6},
			{"hour": "7", "unlockCount": 6},
			{"hour": "8", "unlockCount": 10},
			{"hour": "9", "unlockCount": 6},
			{"hour": "10", "unlockCount": 8},
			{"hour": "11", "unlockCount": 10},
			{"hour": "12", "unlockCount": 6},
			{"hour": "13", "unlockCount": 21},
			{"hour": "14", "unlockCount": 6},
			{"hour": "15", "unlockCount": 6},
			{"hour": "16", "unlockCount": 2},
			{"hour": "17", "unlockCount": 11},
			{"hour": "18", "unlockCount": 4},
			{"hour": "19", "unlockCount": 0},
			{"hour": "20", "unlockCount": 0},
			{"hour": "21", "unlockCount": 0},
			{"hour": "22", "unlockCount": 0},
			{"hour": "23", "unlockCount": 0},
		]
	},
	{
		"date": 7,
		"maxTime": 39,
		"totalUnlockCount": 184,
		"keys": [
			{"hour": "0", "unlockCount": 9},
			{"hour": "1", "unlockCount": 22},
			{"hour": "2", "unlockCount": 13},
			{"hour": "3", "unlockCount": 13},
			{"hour": "4", "unlockCount": 6},
			{"hour": "5", "unlockCount": 12},
			{"hour": "6", "unlockCount": 4},
			{"hour": "7", "unlockCount": 7},
			{"hour": "8", "unlockCount": 13},
			{"hour": "9", "unlockCount": 18},
			{"hour": "10", "unlockCount": 24},
			{"hour": "11", "unlockCount": 2},
			{"hour": "12", "unlockCount": 7},
			{"hour": "13", "unlockCount": 3},
			{"hour": "14", "unlockCount": 9},
			{"hour": "15", "unlockCount": 4},
			{"hour": "16", "unlockCount": 6},
			{"hour": "17", "unlockCount": 10},
			{"hour": "18", "unlockCount": 0},
			{"hour": "19", "unlockCount": 0},
			{"hour": "20", "unlockCount": 0},
			{"hour": "21", "unlockCount": 0},
			{"hour": "22", "unlockCount": 1},
			{"hour": "23", "unlockCount": 1},
		]
	},
]
