[
	{
		"date": 1,
		"maxTime": 51,
		"totalUnlockCount": 155,
		"keys": [
			{"hour": "0", "unlockCount": 0},
			{"hour": "1", "unlockCount": 6},
			{"hour": "2", "unlockCount": 2},
			{"hour": "3", "unlockCount": 16},
			{"hour": "4", "unlockCount": 15},
			{"hour": "5", "unlockCount": 11},
			{"hour": "6", "unlockCount": 8},
			{"hour": "7", "unlockCount": 4},
			{"hour": "8", "unlockCount": 15},
			{"hour": "9", "unlockCount": 12},
			{"hour": "10", "unlockCount": 4},
			{"hour": "11", "unlockCount": 12},
			{"hour": "12", "unlockCount": 5},
			{"hour": "13", "unlockCount": 13},
			{"hour": "14", "unlockCount": 23},
			{"hour": "15", "unlockCount": 1},
			{"hour": "16", "unlockCount": 2},
			{"hour": "17", "unlockCount": 3},
			{"hour": "18", "unlockCount": 1},
			{"hour": "19", "unlockCount": 0},
			{"hour": "20", "unlockCount": 0},
			{"hour": "21", "unlockCount": 0},
			{"hour": "22", "unlockCount": 0},
			{"hour": "23", "unlockCount": 2},
		]
	},
	{
		"date": 2,
		"maxTime": 68,
		"totalUnlockCount": 82,
		"keys": [
			{"hour": "0", "unlockCount": 2},
			{"hour": "1", "unlockCount": 1},
			{"hour": "2", "unlockCount": 3},
			{"hour": "3", "unlockCount": 10},
			{"hour": "4", "unlockCount": 10},
			{"hour": "5", "unlockCount": 2},
			{"hour": "6", "unlockCount": 9},
			{"hour": "7", "unlockCount": 1},
			{"hour": "8", "unlockCount": 12},
			{"hour": "9", "unlockCount": 3},
			{"hour": "10", "unlockCount": 6},
			{"hour": "11", "unlockCount": 3},
			{"hour": "12", "unlockCount": 1},
			{"hour": "13", "unlockCount": 2},
			{"hour": "14", "unlockCount": 7},
			{"hour": "15", "unlockCount": 6},
			{"hour": "16", "unlockCount": 0},
			{"hour": "17", "unlockCount": 2},
			{"hour": "18", "unlockCount": 2},
			{"hour": "19", "unlockCount": 0},
			{"hour": "20", "unlockCount": 0},
			{"hour": "21", "unlockCount": 0},
			{"hour": "22", "unlockCount": 0},
			{"hour": "23", "unlockCount": 0},
		]
	},
	{
		"date": 3,
		"maxTime": 113,
		"totalUnlockCount": 77,
		"keys": [
			{"hour": "0", "unlockCount": 0},
			{"hour": "1", "unlockCount": 1},
			{"hour": "2", "unlockCount": 0},
			{"hour": "3", "unlockCount": 11},
			{"hour": "4", "unlockCount": 5},
			{"hour": "5", "unlockCount": 6},
			{"hour": "6", "unlockCount": 4},
			{"hour": "7", "unlockCount": 5},
			{"hour": "8", "unlockCount": 12},
			{"hour": "9", "unlockCount": 7},
			{"hour": "10", "unlockCount": 6},
			{"hour": "11", "unlockCount": 6},
			{"hour": "12", "unlockCount": 6},
			{"hour": "13", "unlockCount": 2},
			{"hour": "14", "unlockCount": 0},
			{"hour": "15", "unlockCount": 3},
			{"hour": "16", "unlockCount": 2},
			{"hour": "17", "unlockCount": 0},
			{"hour": "18", "unlockCount": 1},
			{"hour": "19", "unlockCount": 0},
			{"hour": "20", "unlockCount": 0},
			{"hour": "21", "unlockCount": 0},
			{"hour": "22", "unlockCount": 0},
			{"hour": "23", "unlockCount": 0},
		]
	},
	{
		"date": 4,
		"maxTime": 89,
		"totalUnlockCount": 121,
		"keys": [
			{"hour": "0", "unlockCount": 1},
			{"hour": "1", "unlockCount": 0},
			{"hour": "2", "unlockCount": 5},
			{"hour": "3", "unlockCount": 17},
			{"hour": "4", "unlockCount": 10},
			{"hour": "5", "unlockCount": 4},
			{"hour": "6", "unlockCount": 4},
			{"hour": "7", "unlockCount": 17},
			{"hour": "8", "unlockCount": 15},
			{"hour": "9", "unlockCount": 6},
			{"hour": "10", "unlockCount": 9},
			{"hour": "11", "unlockCount": 10},
			{"hour": "12", "unlockCount": 3},
			{"hour": "13", "unlockCount": 8},
			{"hour": "14", "unlockCount": 2},
			{"hour": "15", "unlockCount": 7},
			{"hour": "16", "unlockCount": 1},
			{"hour": "17", "unlockCount": 1},
			{"hour": "18", "unlockCount": 0},
			{"hour": "19", "unlockCount": 0},
			{"hour": "20", "unlockCount": 0},
			{"hour": "21", "unlockCount": 0},
			{"hour": "22", "unlockCount": 1},
			{"hour": "23", "unlockCount": 0},
		]
	},
	{
		"date": 5,
		"maxTime": 74,
		"totalUnlockCount": 78,
		"keys": [
			{"hour": "0", "unlockCount": 6},
			{"hour": "1", "unlockCount": 7},
			{"hour": "2", "unlockCount": 2},
			{"hour": "3", "unlockCount": 7},
			{"hour": "4", "unlockCount": 2},
			{"hour": "5", "unlockCount": 5},
			{"hour": "6", "unlockCount": 1},
			{"hour": "7", "unlockCount": 6},
			{"hour": "8", "unlockCount": 3},
			{"hour": "9", "unlockCount": 1},
			{"hour": "10", "unlockCount": 2},
			{"hour": "11", "unlockCount": 5},
			{"hour": "12", "unlockCount": 4},
			{"hour": "13", "unlockCount": 9},
			{"hour": "14", "unlockCount": 2},
			{"hour": "15", "unlockCount": 16},
			{"hour": "16", "unlockCount": 0},
			{"hour": "17", "unlockCount": 0},
			{"hour": "18", "unlockCount": 0},
			{"hour": "19", "unlockCount": 0},
			{"hour": "20", "unlockCount": 0},
			{"hour": "21", "unlockCount": 0},
			{"hour": "22", "unlockCount": 0},
			{"hour": "23", "unlockCount": 0},
		]
	},
	{
		"date": 6,
		"maxTime": 69,
		"totalUnlockCount": 110,
		"keys": [
			{"hour": "0", "unlockCount": 3},
			{"hour": "1", "unlockCount": 7},
			{"hour": "2", "unlockCount": 5},
			{"hour": "3", "unlockCount": 5},
			{"hour": "4", "unlockCount": 9},
			{"hour": "5", "unlockCount": 9},
			{"hour": "6", "unlockCount": 5},
			{"hour": "7", "unlockCount": 3},
			{"hour": "8", "unlockCount": 19},
			{"hour": "9", "unlockCount": 16},
			{"hour": "10", "unlockCount": 8},
			{"hour": "11", "unlockCount": 2},
			{"hour": "12", "unlockCount": 3},
			{"hour": "13", "unlockCount": 3},
			{"hour": "14", "unlockCount": 5},
			{"hour": "15", "unlockCount": 3},
			{"hour": "16", "unlockCount": 2},
			{"hour": "17", "unlockCount": 1},
			{"hour": "18", "unlockCount": 0},
			{"hour": "19", "unlockCount": 0},
			{"hour": "20", "unlockCount": 0},
			{"hour": "21", "unlockCount": 0},
			{"hour": "22", "unlockCount": 0},
			{"hour": "23", "unlockCount": 2},
		]
	},
	{
		"date": 7,
		"maxTime": 107,
		"totalUnlockCount": 192,
		"keys": [
			{"hour": "0", "unlockCount": 6},
			{"hour": "1", "unlockCount": 12},
			{"hour": "2", "unlockCount": 14},
			{"hour": "3", "unlockCount": 30},
			{"hour": "4", "unlockCount": 4},
			{"hour": "5", "unlockCount": 5},
			{"hour": "6", "unlockCount": 24},
			{"hour": "7", "unlockCount": 4},
			{"hour": "8", "unlockCount": 0},
			{"hour": "9", "unlockCount": 13},
			{"hour": "10", "unlockCount": 13},
			{"hour": "11", "unlockCount": 2},
			{"hour": "12", "unlockCount": 14},
			{"hour": "13", "unlockCount": 0},
			{"hour": "14", "unlockCount": 4},
			{"hour": "15", "unlockCount": 29},
			{"hour": "16", "unlockCount": 11},
			{"hour": "17", "unlockCount": 4},
			{"hour": "18", "unlockCount": 1},
			{"hour": "19", "unlockCount": 0},
			{"hour": "20", "unlockCount": 0},
			{"hour": "21", "unlockCount": 0},
			{"hour": "22", "unlockCount": 2},
			{"hour": "23", "unlockCount": 0},
		]
	},
]
