[
	{
		"date": 1,
		"maxTime": 44,
		"totalUnlockCount": 92,
		"keys": [
			{"hour": "0", "unlockCount": 7},
			{"hour": "1", "unlockCount": 3},
			{"hour": "2", "unlockCount": 3},
			{"hour": "3", "unlockCount": 1},
			{"hour": "4", "unlockCount": 7},
			{"hour": "5", "unlockCount": 6},
			{"hour": "6", "unlockCount": 4},
			{"hour": "7", "unlockCount": 5},
			{"hour": "8", "unlockCount": 5},
			{"hour": "9", "unlockCount": 3},
			{"hour": "10", "unlockCount": 3},
			{"hour": "11", "unlockCount": 7},
			{"hour": "12", "unlockCount": 3},
			{"hour": "13", "unlockCount": 1},
			{"hour": "14", "unlockCount": 10},
			{"hour": "15", "unlockCount": 8},
			{"hour": "16", "unlockCount": 1},
			{"hour": "17", "unlockCount": 0},
			{"hour": "18", "unlockCount": 0},
			{"hour": "19", "unlockCount": 0},
			{"hour": "20", "unlockCount": 0},
			{"hour": "21", "unlockCount": 1},
			{"hour": "22", "unlockCount": 10},
			{"hour": "23", "unlockCount": 4},
		]
	},
	{
		"date": 2,
		"maxTime": 73,
		"totalUnlockCount": 82,
		"keys": [
			{"hour": "0", "unlockCount": 10},
			{"hour": "1", "unlockCount": 6},
			{"hour": "2", "unlockCount": 4},
			{"hour": "3", "unlockCount": 5},
			{"hour": "4", "unlockCount": 3},
			{"hour": "5", "unlockCount": 6},
			{"hour": "6", "unlockCount": 2},
			{"hour": "7", "unlockCount": 3},
			{"hour": "8", "unlockCount": 7},
			{"hour": "9", "unlockCount": 9},
			{"hour": "10", "unlockCount": 4},
			{"hour": "11", "unlockCount": 7},
			{"hour": "12", "unlockCount": 3},
			{"hour": "13", "unlockCount": 7},
			{"hour": "14", "unlockCount": 4},
			{"hour": "15", "unlockCount": 1},
			{"hour": "16", "unlockCount": 0},
			{"hour": "17", "unlockCount": 1},
			{"hour": "18", "unlockCount": 0},
			{"hour": "19", "unlockCount": 0},
			{"hour": "20", "unlockCount": 0},
			{"hour": "21", "unlockCount": 0},
			{"hour": "22", "unlockCount": 0},
			{"hour": "23", "unlockCount": 0},
		]
	},
	{
		"date": 3,
		"maxTime": 52,
		"totalUnlockCount": 79,
		"keys": [
			{"hour": "0", "unlockCount": 0},
			{"hour": "1", "unlockCount": 7},
			{"hour": "2", "unlockCount": 7},
			{"hour": "3", "unlockCount": 5},
			{"hour": "4", "unlockCount": 4},
			{"hour": "5", "unlockCount": 9},
			{"hour": "6", "unlockCount": 3},
			{"hour": "7", "unlockCount": 5},
			{"hour": "8", "unlockCount": 9},
			{"hour": "9", "unlockCount": 7},
			{"hour": "10", "unlockCount": 3},
			{"hour": "11", "unlockCount": 6},
			{"hour": "12", "unlockCount": 4},
			{"hour": "13", "unlockCount": 3},
			{"hour": "14", "unlockCount": 1},
			{"hour": "15", "unlockCount": 0},
			{"hour": "16", "unlockCount": 0},
			{"hour": "17", "unlockCount": 3},
			{"hour": "18", "unlockCount": 0},
			{"hour": "19", "unlockCount": 0},
			{"hour": "20", "unlockCount": 0},
			{"hour": "21", "unlockCount": 0},
			{"hour": "22", "unlockCount": 1},
			{"hour": "23", "unlockCount": 2},
		]
	},
	{
		"date": 4,
		"maxTime": 94,
		"totalUnlockCount": 74,
		"keys": [
			{"hour": "0", "unlockCount": 4},
			{"hour": "1", "unlockCount": 13},
			{"hour": "2", "unlockCount": 1},
			{"hour": "3", "unlockCount": 5},
			{"hour": "4", "unlockCount": 7},
			{"hour": "5", "unlockCount": 3},
			{"hour": "6", "unlockCount": 2},
			{"hour": "7", "unlockCount": 6},
			{"hour": "8", "unlockCount": 0},
			{"hour": "9", "unlockCount": 5},
			{"hour": "10", "unlockCount": 2},
			{"hour": "11", "unlockCount": 5},
			{"hour": "12", "unlockCount": 0},
			{"hour": "13", "unlockCount": 6},
			{"hour": "14", "unlockCount": 4},
			{"hour": "15", "unlockCount": 2},
			{"hour": "16", "unlockCount": 0},
			{"hour": "17", "unlockCount": 0},
			{"hour": "18", "unlockCount": 0},
			{"hour": "19", "unlockCount": 0},
			{"hour": "20", "unlockCount": 0},
			{"hour": "21", "unlockCount": 1},
			{"hour": "22", "unlockCount": 3},
			{"hour": "23", "unlockCount": 5},
		]
	},
	{
		"date": 5,
		"maxTime": 53,
		"totalUnlockCount": 69,
		"keys": [
			{"hour": "0", "unlockCount": 8},
			{"hour": "1", "unlockCount": 2},
			{"hour": "2", "unlockCount": 3},
			{"hour": "3", "unlockCount": 4},
			{"hour": "4", "unlockCount": 6},
			{"hour": "5", "unlockCount": 1},
			{"hour": "6", "unlockCount": 3},
			{"hour": "7", "unlockCount": 4},
			{"hour": "8", "unlockCount": 5},
			{"hour": "9", "unlockCount": 3},
			{"hour": "10", "unlockCount": 4},
			{"hour": "11", "unlockCount": 1},
			{"hour": "12", "unlockCount": 2},
			{"hour": "13", "unlockCount": 6},
			{"hour": "14", "unlockCount": 6},
			{"hour": "15", "unlockCount": 5},
			{"hour": "16", "unlockCount": 0},
			{"hour": "17", "unlockCount": 0},
			{"hour": "18", "unlockCount": 0},
			{"hour": "19", "unlockCount": 0},
			{"hour": "20", "unlockCount": 0},
			{"hour": "21", "unlockCount": 0},
			{"hour": "22", "unlockCount": 1},
			{"hour": "23", "unlockCount": 5},
		]
	},
	{
		"date": 6,
		"maxTime": 67,
		"totalUnlockCount": 87,
		"keys": [
			{"hour": "0", "unlockCount": 3},
			{"hour": "1", "unlockCount": 3},
			{"hour": "2", "unlockCount": 2},
			{"hour": "3", "unlockCount": 2},
			{"hour": "4", "unlockCount": 4},
			{"hour": "5", "unlockCount": 1},
			{"hour": "6", "unlockCount": 7},
			{"hour": "7", "unlockCount": 4},
			{"hour": "8", "unlockCount": 7},
			{"hour": "9", "unlockCount": 4},
			{"hour": "10", "unlockCount": 14},
			{"hour": "11", "unlockCount": 10},
			{"hour": "12", "unlockCount": 6},
			{"hour": "13", "unlockCount": 8},
			{"hour": "14", "unlockCount": 6},
			{"hour": "15", "unlockCount": 0},
			{"hour": "16", "unlockCount": 1},
			{"hour": "17", "unlockCount": 0},
			{"hour": "18", "unlockCount": 0},
			{"hour": "19", "unlockCount": 0},
			{"hour": "20", "unlockCount": 0},
			{"hour": "21", "unlockCount": 0},
			{"hour": "22", "unlockCount": 1},
			{"hour": "23", "unlockCount": 4},
		]
	},
	{
		"date": 7,
		"maxTime": 104,
		"totalUnlockCount": 84,
		"keys": [
			{"hour": "0", "unlockCount": 7},
			{"hour": "1", "unlockCount": 12},
			{"hour": "2", "unlockCount": 1},
			{"hour": "3", "unlockCount": 1},
			{"hour": "4", "unlockCount": 3},
			{"hour": "5", "unlockCount": 3},
			{"hour": "6", "unlockCount": 4},
			{"hour": "7", "unlockCount": 2},
			{"hour": "8", "unlockCount": 5},
			{"hour": "9", "unlockCount": 7},
			{"hour": "10", "unlockCount": 10},
			{"hour": "11", "unlockCount": 7},
			{"hour": "12", "unlockCount": 2},
			{"hour": "13", "unlockCount": 0},
			{"hour": "14", "unlockCount": 2},
			{"hour": "15", "unlockCount": 3},
			{"hour": "16", "unlockCount": 0},
			{"hour": "17", "unlockCount": 4},
			{"hour": "18", "unlockCount": 4},
			{"hour": "19", "unlockCount": 0},
			{"hour": "20", "unlockCount": 0},
			{"hour": "21", "unlockCount": 0},
			{"hour": "22", "unlockCount": 1},
			{"hour": "23", "unlockCount": 6},
		]
	},
]
