[
	{
		"date": 1,
		"maxTime": 54,
		"totalUnlockCount": 46,
		"keys": [
			{"hour": "0", "unlockCount": 0},
			{"hour": "1", "unlockCount": 0},
			{"hour": "2", "unlockCount": 0},
			{"hour": "3", "unlockCount": 0},
			{"hour": "4", "unlockCount": 0},
			{"hour": "5", "unlockCount": 0},
			{"hour": "6", "unlockCount": 0},
			{"hour": "7", "unlockCount": 0},
			{"hour": "8", "unlockCount": 3},
			{"hour": "9", "unlockCount": 8},
			{"hour": "10", "unlockCount": 7},
			{"hour": "11", "unlockCount": 6},
			{"hour": "12", "unlockCount": 4},
			{"hour": "13", "unlockCount": 7},
			{"hour": "14", "unlockCount": 4},
			{"hour": "15", "unlockCount": 1},
			{"hour": "16", "unlockCount": 1},
			{"hour": "17", "unlockCount": 1},
			{"hour": "18", "unlockCount": 2},
			{"hour": "19", "unlockCount": 0},
			{"hour": "20", "unlockCount": 1},
			{"hour": "21", "unlockCount": 0},
			{"hour": "22", "unlockCount": 0},
			{"hour": "23", "unlockCount": 1},
		]
	},
	{
		"date": 2,
		"maxTime": 25,
		"totalUnlockCount": 99,
		"keys": [
			{"hour": "0", "unlockCount": 6},
			{"hour": "1", "unlockCount": 3},
			{"hour": "2", "unlockCount": 6},
			{"hour": "3", "unlockCount": 5},
			{"hour": "4", "unlockCount": 10},
			{"hour": "5", "unlockCount": 3},
			{"hour": "6", "unlockCount": 8},
			{"hour": "7", "unlockCount": 6},
			{"hour": "8", "unlockCount": 3},
			{"hour": "9", "unlockCount": 8},
			{"hour": "10", "unlockCount": 4},
			{"hour": "11", "unlockCount": 11},
			{"hour": "12", "unlockCount": 7},
			{"hour": "13", "unlockCount": 3},
			{"hour": "14", "unlockCount": 5},
			{"hour": "15", "unlockCount": 4},
			{"hour": "16", "unlockCount": 4},
			{"hour": "17", "unlockCount": 1},
			{"hour": "18", "unlockCount": 0},
			{"hour": "19", "unlockCount": 0},
			{"hour": "20", "unlockCount": 0},
			{"hour": "21", "unlockCount": 0},
			{"hour": "22", "unlockCount": 0},
			{"hour": "23", "unlockCount": 2},
		]
	},
	{
		"date": 3,
		"maxTime": 29,
		"totalUnlockCount": 109,
		"keys": [
			{"hour": "0", "unlockCount": 1},
			{"hour": "1", "unlockCount": 2},
			{"hour": "2", "unlockCount": 6},
			{"hour": "3", "unlockCount": 11},
			{"hour": "4", "unlockCount": 10},
			{"hour": "5", "unlockCount": 6},
			{"hour": "6", "unlockCount": 14},
			{"hour": "7", "unlockCount": 6},
			{"hour": "8", "unlockCount": 12},
			{"hour": "9", "unlockCount": 3},
			{"hour": "10", "unlockCount": 2},
			{"hour": "11", "unlockCount": 10},
			{"hour": "12", "unlockCount": 5},
			{"hour": "13", "unlockCount": 3},
			{"hour": "14", "unlockCount": 2},
			{"hour": "15", "unlockCount": 4},
			{"hour": "16", "unlockCount": 4},
			{"hour": "17", "unlockCount": 2},
			{"hour": "18", "unlockCount": 2},
			{"hour": "19", "unlockCount": 3},
			{"hour": "20", "unlockCount": 0},
			{"hour": "21", "unlockCount": 0},
			{"hour": "22", "unlockCount": 0},
			{"hour": "23", "unlockCount": 1},
		]
	},
	{
		"date": 4,
		"maxTime": 26,
		"totalUnlockCount": 112,
		"keys": [
			{"hour": "0", "unlockCount": 1},
			{"hour": "1", "unlockCount": 3},
			{"hour": "2", "unlockCount": 3},
			{"hour": "3", "unlockCount": 12},
			{"hour": "4", "unlockCount": 11},
			{"hour": "5", "unlockCount": 13},
			{"hour": "6", "unlockCount": 9},
			{"hour": "7", "unlockCount": 21},
			{"hour": "8", "unlockCount": 13},
			{"hour": "9", "unlockCount": 3},
			{"hour": "10", "unlockCount": 1},
			{"hour": "11", "unlockCount": 4},
			{"hour": "12", "unlockCount": 7},
			{"hour": "13", "unlockCount": 3},
			{"hour": "14", "unlockCount": 3},
			{"hour": "15", "unlockCount": 2},
			{"hour": "16", "unlockCount": 1},
			{"hour": "17", "unlockCount": 1},
			{"hour": "18", "unlockCount": 0},
			{"hour": "19", "unlockCount": 0},
			{"hour": "20", "unlockCount": 0},
			{"hour": "21", "unlockCount": 0},
			{"hour": "22", "unlockCount": 0},
			{"hour": "23", "unlockCount": 1},
		]
	},
	{
		"date": 5,
		"maxTime": 38,
		"totalUnlockCount": 145,
		"keys": [
			{"hour": "0", "unlockCount": 2},
			{"hour": "1", "unlockCount": 3},
			{"hour": "2", "unlockCount": 1},
			{"hour": "3", "unlockCount": 4},
			{"hour": "4", "unlockCount": 10},
			{"hour": "5", "unlockCount": 3},
			{"hour": "6", "unlockCount": 16},
			{"hour": "7", "unlockCount": 11},
			{"hour": "8", "unlockCount": 20},
			{"hour": "9", "unlockCount": 32},
			{"hour": "10", "unlockCount": 12},
			{"hour": "11", "unlockCount": 4},
			{"hour": "12", "unlockCount": 0},
			{"hour": "13", "unlockCount": 5},
			{"hour": "14", "unlockCount": 6},
			{"hour": "15", "unlockCount": 10},
			{"hour": "16", "unlockCount": 1},
			{"hour": "17", "unlockCount": 0},
			{"hour": "18", "unlockCount": 0},
			{"hour": "19", "unlockCount": 0},
			{"hour": "20", "unlockCount": 0},
			{"hour": "21", "unlockCount": 0},
			{"hour": "22", "unlockCount": 0},
			{"hour": "23", "unlockCount": 5},
		]
	},
	{
		"date": 6,
		"maxTime": 34,
		"totalUnlockCount": 150,
		"keys": [
			{"hour": "0", "unlockCount": 10},
			{"hour": "1", "unlockCount": 11},
			{"hour": "2", "unlockCount": 3},
			{"hour": "3", "unlockCount": 8},
			{"hour": "4", "unlockCount": 8},
			{"hour": "5", "unlockCount": 17},
			{"hour": "6", "unlockCount": 10},
			{"hour": "7", "unlockCount": 10},
			{"hour": "8", "unlockCount": 11},
			{"hour": "9", "unlockCount": 13},
			{"hour": "10", "unlockCount": 5},
			{"hour": "11", "unlockCount": 13},
			{"hour": "12", "unlockCount": 12},
			{"hour": "13", "unlockCount": 6},
			{"hour": "14", "unlockCount": 6},
			{"hour": "15", "unlockCount": 4},
			{"hour": "16", "unlockCount": 0},
			{"hour": "17", "unlockCount": 0},
			{"hour": "18", "unlockCount": 0},
			{"hour": "19", "unlockCount": 0},
			{"hour": "20", "unlockCount": 0},
			{"hour": "21", "unlockCount": 0},
			{"hour": "22", "unlockCount": 0},
			{"hour": "23", "unlockCount": 3},
		]
	},
	{
		"date": 7,
		"maxTime": 15,
		"totalUnlockCount": 113,
		"keys": [
			{"hour": "0", "unlockCount": 8},
			{"hour": "1", "unlockCount": 12},
			{"hour": "2", "unlockCount": 1},
			{"hour": "3", "unlockCount": 10},
			{"hour": "4", "unlockCount": 11},
			{"hour": "5", "unlockCount": 9},
			{"hour": "6", "unlockCount": 9},
			{"hour": "7", "unlockCount": 3},
			{"hour": "8", "unlockCount": 7},
			{"hour": "9", "unlockCount": 6},
			{"hour": "10", "unlockCount": 1},
			{"hour": "11", "unlockCount": 16},
			{"hour": "12", "unlockCount": 1},
			{"hour": "13", "unlockCount": 5},
			{"hour": "14", "unlockCount": 4},
			{"hour": "15", "unlockCount": 4},
			{"hour": "16", "unlockCount": 5},
			{"hour": "17", "unlockCount": 1},
			{"hour": "18", "unlockCount": 0},
			{"hour": "19", "unlockCount": 0},
			{"hour": "20", "unlockCount": 0},
			{"hour": "21", "unlockCount": 0},
			{"hour": "22", "unlockCount": 0},
			{"hour": "23", "unlockCount": 0},
		]
	},
]
