[
	{
		"date": 1,
		"maxTime": 174,
		"totalUnlockCount": 253,
		"keys": [
			{"hour": "0", "unlockCount": 15},
			{"hour": "1", "unlockCount": 30},
			{"hour": "2", "unlockCount": 32},
			{"hour": "3", "unlockCount": 21},
			{"hour": "4", "unlockCount": 26},
			{"hour": "5", "unlockCount": 19},
			{"hour": "6", "unlockCount": 1},
			{"hour": "7", "unlockCount": 6},
			{"hour": "8", "unlockCount": 9},
			{"hour": "9", "unlockCount": 6},
			{"hour": "10", "unlockCount": 7},
			{"hour": "11", "unlockCount": 7},
			{"hour": "12", "unlockCount": 7},
			{"hour": "13", "unlockCount": 39},
			{"hour": "14", "unlockCount": 19},
			{"hour": "15", "unlockCount": 1},
			{"hour": "16", "unlockCount": 0},
			{"hour": "17", "unlockCount": 0},
			{"hour": "18", "unlockCount": 3},
			{"hour": "19", "unlockCount": 4},
			{"hour": "20", "unlockCount": 0},
			{"hour": "21", "unlockCount": 0},
			{"hour": "22", "unlockCount": 0},
			{"hour": "23", "unlockCount": 1},
		]
	},
	{
		"date": 2,
		"maxTime": 128,
		"totalUnlockCount": 58,
		"keys": [
			{"hour": "0", "unlockCount": 0},
			{"hour": "1", "unlockCount": 0},
			{"hour": "2", "unlockCount": 2},
			{"hour": "3", "unlockCount": 5},
			{"hour": "4", "unlockCount": 4},
			{"hour": "5", "unlockCount": 3},
			{"hour": "6", "unlockCount": 5},
			{"hour": "7", "unlockCount": 10},
			{"hour": "8", "unlockCount": 4},
			{"hour": "9", "unlockCount": 8},
			{"hour": "10", "unlockCount": 5},
			{"hour": "11", "unlockCount": 1},
			{"hour": "12", "unlockCount": 2},
			{"hour": "13", "unlockCount": 0},
			{"hour": "14", "unlockCount": 1},
			{"hour": "15", "unlockCount": 2},
			{"hour": "16", "unlockCount": 1},
			{"hour": "17", "unlockCount": 3},
			{"hour": "18", "unlockCount": 0},
			{"hour": "19", "unlockCount": 2},
			{"hour": "20", "unlockCount": 0},
			{"hour": "21", "unlockCount": 0},
			{"hour": "22", "unlockCount": 0},
			{"hour": "23", "unlockCount": 0},
		]
	},
	{
		"date": 3,
		"maxTime": 32,
		"totalUnlockCount": 272,
		"keys": [
			{"hour": "0", "unlockCount": 0},
			{"hour": "1", "unlockCount": 0},
			{"hour": "2", "unlockCount": 1},
			{"hour": "3", "unlockCount": 4},
			{"hour": "4", "unlockCount": 29},
			{"hour": "5", "unlockCount": 44},
			{"hour": "6", "unlockCount": 37},
			{"hour": "7", "unlockCount": 30},
			{"hour": "8", "unlockCount": 12},
			{"hour": "9", "unlockCount": 17},
			{"hour": "10", "unlockCount": 23},
			{"hour": "11", "unlockCount": 14},
			{"hour": "12", "unlockCount": 15},
			{"hour": "13", "unlockCount": 8},
			{"hour": "14", "unlockCount": 6},
			{"hour": "15", "unlockCount": 11},
			{"hour": "16", "unlockCount": 0},
			{"hour": "17", "unlockCount": 6},
			{"hour": "18", "unlockCount": 4},
			{"hour": "19", "unlockCount": 10},
			{"hour": "20", "unlockCount": 0},
			{"hour": "21", "unlockCount": 0},
			{"hour": "22", "unlockCount": 1},
			{"hour": "23", "unlockCount": 0},
		]
	},
	{
		"date": 4,
		"maxTime": 81,
		"totalUnlockCount": 229,
		"keys": [
			{"hour": "0", "unlockCount": 7},
			{"hour": "1", "unlockCount": 11},
			{"hour": "2", "unlockCount": 11},
			{"hour": "3", "unlockCount": 9},
			{"hour": "4", "unlockCount": 12},
			{"hour": "5", "unlockCount": 15},
			{"hour": "6", "unlockCount": 30},
			{"hour": "7", "unlockCount": 37},
			{"hour": "8", "unlockCount": 32},
			{"hour": "9", "unlockCount": 15},
			{"hour": "10", "unlockCount": 14},
			{"hour": "11", "unlockCount": 5},
			{"hour": "12", "unlockCount": 1},
			{"hour": "13", "unlockCount": 8},
			{"hour": "14", "unlockCount": 5},
			{"hour": "15", "unlockCount": 4},
			{"hour": "16", "unlockCount": 3},
			{"hour": "17", "unlockCount": 3},
			{"hour": "18", "unlockCount": 3},
			{"hour": "19", "unlockCount": 4},
			{"hour": "20", "unlockCount": 0},
			{"hour": "21", "unlockCount": 0},
			{"hour": "22", "unlockCount": 0},
			{"hour": "23", "unlockCount": 0},
		]
	},
	{
		"date": 5,
		"maxTime": 115,
		"totalUnlockCount": 109,
		"keys": [
			{"hour": "0", "unlockCount": 11},
			{"hour": "1", "unlockCount": 8},
			{"hour": "2", "unlockCount": 3},
			{"hour": "3", "unlockCount": 8},
			{"hour": "4", "unlockCount": 4},
			{"hour": "5", "unlockCount": 1},
			{"hour": "6", "unlockCount": 0},
			{"hour": "7", "unlockCount": 0},
			{"hour": "8", "unlockCount": 0},
			{"hour": "9", "unlockCount": 1},
			{"hour": "10", "unlockCount": 12},
			{"hour": "11", "unlockCount": 5},
			{"hour": "12", "unlockCount": 3},
			{"hour": "13", "unlockCount": 8},
			{"hour": "14", "unlockCount": 9},
			{"hour": "15", "unlockCount": 9},
			{"hour": "16", "unlockCount": 13},
			{"hour": "17", "unlockCount": 0},
			{"hour": "18", "unlockCount": 0},
			{"hour": "19", "unlockCount": 3},
			{"hour": "20", "unlockCount": 0},
			{"hour": "21", "unlockCount": 2},
			{"hour": "22", "unlockCount": 0},
			{"hour": "23", "unlockCount": 9},
		]
	},
	{
		"date": 6,
		"maxTime": 113,
		"totalUnlockCount": 124,
		"keys": [
			{"hour": "0", "unlockCount": 10},
			{"hour": "1", "unlockCount": 2},
			{"hour": "2", "unlockCount": 3},
			{"hour": "3", "unlockCount": 3},
			{"hour": "4", "unlockCount": 4},
			{"hour": "5", "unlockCount": 4},
			{"hour": "6", "unlockCount": 12},
			{"hour": "7", "unlockCount": 3},
			{"hour": "8", "unlockCount": 14},
			{"hour": "9", "unlockCount": 28},
			{"hour": "10", "unlockCount": 18},
			{"hour": "11", "unlockCount": 9},
			{"hour": "12", "unlockCount": 6},
			{"hour": "13", "unlockCount": 1},
			{"hour": "14", "unlockCount": 1},
			{"hour": "15", "unlockCount": 0},
			{"hour": "16", "unlockCount": 3},
			{"hour": "17", "unlockCount": 3},
			{"hour": "18", "unlockCount": 0},
			{"hour": "19", "unlockCount": 0},
			{"hour": "20", "unlockCount": 0},
			{"hour": "21", "unlockCount": 0},
			{"hour": "22", "unlockCount": 0},
			{"hour": "23", "unlockCount": 0},
		]
	},
	{
		"date": 7,
		"maxTime": 153,
		"totalUnlockCount": 87,
		"keys": [
			{"hour": "0", "unlockCount": 12},
			{"hour": "1", "unlockCount": 12},
			{"hour": "2", "unlockCount": 6},
			{"hour": "3", "unlockCount": 25},
			{"hour": "4", "unlockCount": 7},
			{"hour": "5", "unlockCount": 1},
			{"hour": "6", "unlockCount": 0},
			{"hour": "7", "unlockCount": 4},
			{"hour": "8", "unlockCount": 0},
			{"hour": "9", "unlockCount": 3},
			{"hour": "10", "unlockCount": 0},
			{"hour": "11", "unlockCount": 0},
			{"hour": "12", "unlockCount": 3},
			{"hour": "13", "unlockCount": 2},
			{"hour": "14", "unlockCount": 0},
			{"hour": "15", "unlockCount": 1},
			{"hour": "16", "unlockCount": 1},
			{"hour": "17", "unlockCount": 0},
			{"hour": "18", "unlockCount": 0},
			{"hour": "19", "unlockCount": 1},
			{"hour": "20", "unlockCount": 0},
			{"hour": "21", "unlockCount": 0},
			{"hour": "22", "unlockCount": 2},
			{"hour": "23", "unlockCount": 7},
		]
	},
]
