[
	{
		"date": 1,
		"maxTime": 69,
		"totalUnlockCount": 205,
		"keys": [
			{"hour": "0", "unlockCount": 8},
			{"hour": "1", "unlockCount": 10},
			{"hour": "2", "unlockCount": 9},
			{"hour": "3", "unlockCount": 48},
			{"hour": "4", "unlockCount": 2},
			{"hour": "5", "unlockCount": 2},
			{"hour": "6", "unlockCount": 13},
			{"hour": "7", "unlockCount": 32},
			{"hour": "8", "unlockCount": 19},
			{"hour": "9", "unlockCount": 10},
			{"hour": "10", "unlockCount": 6},
			{"hour": "11", "unlockCount": 9},
			{"hour": "12", "unlockCount": 3},
			{"hour": "13", "unlockCount": 10},
			{"hour": "14", "unlockCount": 0},
			{"hour": "15", "unlockCount": 0},
			{"hour": "16", "unlockCount": 9},
			{"hour": "17", "unlockCount": 3},
			{"hour": "18", "unlockCount": 4},
			{"hour": "19", "unlockCount": 2},
			{"hour": "20", "unlockCount": 0},
			{"hour": "21", "unlockCount": 0},
			{"hour": "22", "unlockCount": 0},
			{"hour": "23", "unlockCount": 6},
		]
	},
	{
		"date": 2,
		"maxTime": 76,
		"totalUnlockCount": 82,
		"keys": [
			{"hour": "0", "unlockCount": 0},
			{"hour": "1", "unlockCount": 1},
			{"hour": "2", "unlockCount": 0},
			{"hour": "3", "unlockCount": 2},
			{"hour": "4", "unlockCount": 0},
			{"hour": "5", "unlockCount": 8},
			{"hour": "6", "unlockCount": 3},
			{"hour": "7", "unlockCount": 3},
			{"hour": "8", "unlockCount": 6},
			{"hour": "9", "unlockCount": 5},
			{"hour": "10", "unlockCount": 4},
			{"hour": "11", "unlockCount": 17},
			{"hour": "12", "unlockCount": 6},
			{"hour": "13", "unlockCount": 7},
			{"hour": "14", "unlockCount": 5},
			{"hour": "15", "unlockCount": 1},
			{"hour": "16", "unlockCount": 4},
			{"hour": "17", "unlockCount": 0},
			{"hour": "18", "unlockCount": 1},
			{"hour": "19", "unlockCount": 0},
			{"hour": "20", "unlockCount": 4},
			{"hour": "21", "unlockCount": 4},
			{"hour": "22", "unlockCount": 1},
			{"hour": "23", "unlockCount": 0},
		]
	},
	{
		"date": 3,
		"maxTime": 160,
		"totalUnlockCount": 163,
		"keys": [
			{"hour": "0", "unlockCount": 10},
			{"hour": "1", "unlockCount": 12},
			{"hour": "2", "unlockCount": 9},
			{"hour": "3", "unlockCount": 6},
			{"hour": "4", "unlockCount": 9},
			{"hour": "5", "unlockCount": 6},
			{"hour": "6", "unlockCount": 0},
			{"hour": "7", "unlockCount": 13},
			{"hour": "8", "unlockCount": 2},
			{"hour": "9", "unlockCount": 8},
			{"hour": "10", "unlockCount": 12},
			{"hour": "11", "unlockCount": 17},
			{"hour": "12", "unlockCount": 6},
			{"hour": "13", "unlockCount": 33},
			{"hour": "14", "unlockCount": 2},
			{"hour": "15", "unlockCount": 14},
			{"hour": "16", "unlockCount": 0},
			{"hour": "17", "unlockCount": 2},
			{"hour": "18", "unlockCount": 0},
			{"hour": "19", "unlockCount": 0},
			{"hour": "20", "unlockCount": 0},
			{"hour": "21", "unlockCount": 2},
			{"hour": "22", "unlockCount": 0},
			{"hour": "23", "unlockCount": 0},
		]
	},
	{
		"date": 4,
		"maxTime": 157,
		"totalUnlockCount": 227,
		"keys": [
			{"hour": "0", "unlockCount": 0},
			{"hour": "1", "unlockCount": 2},
			{"hour": "2", "unlockCount": 12},
			{"hour": "3", "unlockCount": 10},
			{"hour": "4", "unlockCount": 12},
			{"hour": "5", "unlockCount": 16},
			{"hour": "6", "unlockCount": 6},
			{"hour": "7", "unlockCount": 10},
			{"hour": "8", "unlockCount": 0},
			{"hour": "9", "unlockCount": 9},
			{"hour": "10", "unlockCount": 23},
			{"hour": "11", "unlockCount": 17},
			{"hour": "12", "unlockCount": 21},
			{"hour": "13", "unlockCount": 36},
			{"hour": "14", "unlockCount": 26},
			{"hour": "15", "unlockCount": 0},
			{"hour": "16", "unlockCount": 0},
			{"hour": "17", "unlockCount": 0},
			{"hour": "18", "unlockCount": 13},
			{"hour": "19", "unlockCount": 4},
			{"hour": "20", "unlockCount": 1},
			{"hour": "21", "unlockCount": 1},
			{"hour": "22", "unlockCount": 0},
			{"hour": "23", "unlockCount": 8},
		]
	},
	{
		"date": 5,
		"maxTime": 247,
		"totalUnlockCount": 222,
		"keys": [
			{"hour": "0", "unlockCount": 9},
			{"hour": "1", "unlockCount": 29},
			{"hour": "2", "unlockCount": 13},
			{"hour": "3", "unlockCount": 7},
			{"hour": "4", "unlockCount": 4},
			{"hour": "5", "unlockCount": 10},
			{"hour": "6", "unlockCount": 5},
			{"hour": "7", "unlockCount": 11},
			{"hour": "8", "unlockCount": 5},
			{"hour": "9", "unlockCount": 30},
			{"hour": "10", "unlockCount": 18},
			{"hour": "11", "unlockCount": 5},
			{"hour": "12", "unlockCount": 3},
			{"hour": "13", "unlockCount": 3},
			{"hour": "14", "unlockCount": 12},
			{"hour": "15", "unlockCount": 9},
			{"hour": "16", "unlockCount": 10},
			{"hour": "17", "unlockCount": 11},
			{"hour": "18", "unlockCount": 3},
			{"hour": "19", "unlockCount": 0},
			{"hour": "20", "unlockCount": 0},
			{"hour": "21", "unlockCount": 0},
			{"hour": "22", "unlockCount": 5},
			{"hour": "23", "unlockCount": 20},
		]
	},
	{
		"date": 6,
		"maxTime": 54,
		"totalUnlockCount": 175,
		"keys": [
			{"hour": "0", "unlockCount": 3},
			{"hour": "1", "unlockCount": 7},
			{"hour": "2", "unlockCount": 5},
			{"hour": "3", "unlockCount": 11},
			{"hour": "4", "unlockCount": 28},
			{"hour": "5", "unlockCount": 5},
			{"hour": "6", "unlockCount": 16},
			{"hour": "7", "unlockCount": 29},
			{"hour": "8", "unlockCount": 6},
			{"hour": "9", "unlockCount": 17},
			{"hour": "10", "unlockCount": 4},
			{"hour": "11", "unlockCount": 8},
			{"hour": "12", "unlockCount": 3},
			{"hour": "13", "unlockCount": 3},
			{"hour": "14", "unlockCount": 9},
			{"hour": "15", "unlockCount": 4},
			{"hour": "16", "unlockCount": 5},
			{"hour": "17", "unlockCount": 11},
			{"hour": "18", "unlockCount": 0},
			{"hour": "19", "unlockCount": 0},
			{"hour": "20", "unlockCount": 0},
			{"hour": "21", "unlockCount": 0},
			{"hour": "22", "unlockCount": 1},
			{"hour": "23", "unlockCount": 0},
		]
	},
	{
		"date": 7,
		"maxTime": 172,
		"totalUnlockCount": 230,
		"keys": [
			{"hour": "0", "unlockCount": 8},
			{"hour": "1", "unlockCount": 26},
			{"hour": "2", "unlockCount": 17},
			{"hour": "3", "unlockCount": 10},
			{"hour": "4", "unlockCount": 18},
			{"hour": "5", "unlockCount": 15},
			{"hour": "6", "unlockCount": 0},
			{"hour": "7", "unlockCount": 0},
			{"hour": "8", "unlockCount": 3},
			{"hour": "9", "unlockCount": 17},
			{"hour": "10", "unlockCount": 4},
			{"hour": "11", "unlockCount": 4},
			{"hour": "12", "unlockCount": 1},
			{"hour": "13", "unlockCount": 16},
			{"hour": "14", "unlockCount": 14},
			{"hour": "15", "unlockCount": 21},
			{"hour": "16", "unlockCount": 2},
			{"hour": "17", "unlockCount": 7},
			{"hour": "18", "unlockCount": 2},
			{"hour": "19", "unlockCount": 1},
			{"hour": "20", "unlockCount": 0},
			{"hour": "21", "unlockCount": 0},
			{"hour": "22", "unlockCount": 14},
			{"hour": "23", "unlockCount": 30},
		]
	},
]
