[
	{
		"date": 1,
		"maxTime": 49,
		"totalUnlockCount": 201,
		"keys": [
			{"hour": "0", "unlockCount": 6},
			{"hour": "1", "unlockCount": 4},
			{"hour": "2", "unlockCount": 2},
			{"hour": "3", "unlockCount": 1},
			{"hour": "4", "unlockCount": 1},
			{"hour": "5", "unlockCount": 6},
			{"hour": "6", "unlockCount": 13},
			{"hour": "7", "unlockCount": 18},
			{"hour": "8", "unlockCount": 11},
			{"hour": "9", "unlockCount": 4},
			{"hour": "10", "unlockCount": 6},
			{"hour": "11", "unlockCount": 42},
			{"hour": "12", "unlockCount": 17},
			{"hour": "13", "unlockCount": 19},
			{"hour": "14", "unlockCount": 10},
			{"hour": "15", "unlockCount": 10},
			{"hour": "16", "unlockCount": 12},
			{"hour": "17", "unlockCount": 7},
			{"hour": "18", "unlockCount": 4},
			{"hour": "19", "unlockCount": 5},
			{"hour": "20", "unlockCount": 0},
			{"hour": "21", "unlockCount": 0},
			{"hour": "22", "unlockCount": 0},
			{"hour": "23", "unlockCount": 3},
		]
	},
	{
		"date": 2,
		"maxTime": 22,
		"totalUnlockCount": 135,
		"keys": [
			{"hour": "0", "unlockCount": 3},
			{"hour": "1", "unlockCount": 0},
			{"hour": "2", "unlockCount": 3},
			{"hour": "3", "unlockCount": 5},
			{"hour": "4", "unlockCount": 3},
			{"hour": "5", "unlockCount": 8},
			{"hour": "6", "unlockCount": 5},
			{"hour": "7", "unlockCount": 5},
			{"hour": "8", "unlockCount": 14},
			{"hour": "9", "unlockCount": 7},
			{"hour": "10", "unlockCount": 24},
			{"hour": "11", "unlockCount": 7},
			{"hour": "12", "unlockCount": 5},
			{"hour": "13", "unlockCount": 2},
			{"hour": "14", "unlockCount": 16},
			{"hour": "15", "unlockCount": 8},
			{"hour": "16", "unlockCount": 7},
			{"hour": "17", "unlockCount": 0},
			{"hour": "18", "unlockCount": 0},
			{"hour": "19", "unlockCount": 6},
			{"hour": "20", "unlockCount": 6},
			{"hour": "21", "unlockCount": 0},
			{"hour": "22", "unlockCount": 0},
			{"hour": "23", "unlockCount": 1},
		]
	},
	{
		"date": 3,
		"maxTime": 97,
		"totalUnlockCount": 103,
		"keys": [
			{"hour": "0", "unlockCount": 0},
			{"hour": "1", "unlockCount": 5},
			{"hour": "2", "unlockCount": 1},
			{"hour": "3", "unlockCount": 0},
			{"hour": "4", "unlockCount": 11},
			{"hour": "5", "unlockCount": 5},
			{"hour": "6", "unlockCount": 9},
			{"hour": "7", "unlockCount": 4},
			{"hour": "8", "unlockCount": 6},
			{"hour": "9", "unlockCount": 0},
			{"hour": "10", "unlockCount": 7},
			{"hour": "11", "unlockCount": 3},
			{"hour": "12", "unlockCount": 10},
			{"hour": "13", "unlockCount": 5},
			{"hour": "14", "unlockCount": 13},
			{"hour": "15", "unlockCount": 4},
			{"hour": "16", "unlockCount": 1},
			{"hour": "17", "unlockCount": 0},
			{"hour": "18", "unlockCount": 11},
			{"hour": "19", "unlockCount": 4},
			{"hour": "20", "unlockCount": 0},
			{"hour": "21", "unlockCount": 0},
			{"hour": "22", "unlockCount": 3},
			{"hour": "23", "unlockCount": 1},
		]
	},
	{
		"date": 4,
		"maxTime": 125,
		"totalUnlockCount": 163,
		"keys": [
			{"hour": "0", "unlockCount": 5},
			{"hour": "1", "unlockCount": 1},
			{"hour": "2", "unlockCount": 6},
			{"hour": "3", "unlockCount": 0},
			{"hour": "4", "unlockCount": 4},
			{"hour": "5", "unlockCount": 11},
			{"hour": "6", "unlockCount": 6},
			{"hour": "7", "unlockCount": 16},
			{"hour": "8", "unlockCount": 16},
			{"hour": "9", "unlockCount": 14},
			{"hour": "10", "unlockCount": 1},
			{"hour": "11", "unlockCount": 10},
			{"hour": "12", "unlockCount": 8},
			{"hour": "13", "unlockCount": 12},
			{"hour": "14", "unlockCount": 5},
			{"hour": "15", "unlockCount": 10},
			{"hour": "16", "unlockCount": 8},
			{"hour": "17", "unlockCount": 2},
			{"hour": "18", "unlockCount": 0},
			{"hour": "19", "unlockCount": 0},
			{"hour": "20", "unlockCount": 0},
			{"hour": "21", "unlockCount": 7},
			{"hour": "22", "unlockCount": 11},
			{"hour": "23", "unlockCount": 10},
		]
	},
	{
		"date": 5,
		"maxTime": 36,
		"totalUnlockCount": 150,
		"keys": [
			{"hour": "0", "unlockCount": 17},
			{"hour": "1", "unlockCount": 18},
			{"hour": "2", "unlockCount": 6},
			{"hour": "3", "unlockCount": 12},
			{"hour": "4", "unlockCount": 8},
			{"hour": "5", "unlockCount": 15},
			{"hour": "6", "unlockCount": 16},
			{"hour": "7", "unlockCount": 4},
			{"hour": "8", "unlockCount": 4},
			{"hour": "9", "unlockCount": 12},
			{"hour": "10", "unlockCount": 11},
			{"hour": "11", "unlockCount": 3},
			{"hour": "12", "unlockCount": 4},
			{"hour": "13", "unlockCount": 8},
			{"hour": "14", "unlockCount": 0},
			{"hour": "15", "unlockCount": 2},
			{"hour": "16", "unlockCount": 2},
			{"hour": "17", "unlockCount": 4},
			{"hour": "18", "unlockCount": 0},
			{"hour": "19", "unlockCount": 0},
			{"hour": "20", "unlockCount": 0},
			{"hour": "21", "unlockCount": 1},
			{"hour": "22", "unlockCount": 0},
			{"hour": "23", "unlockCount": 3},
		]
	},
	{
		"date": 6,
		"maxTime": 118,
		"totalUnlockCount": 155,
		"keys": [
			{"hour": "0", "unlockCount": 5},
			{"hour": "1", "unlockCount": 9},
			{"hour": "2", "unlockCount": 9},
			{"hour": "3", "unlockCount": 2},
			{"hour": "4", "unlockCount": 2},
			{"hour": "5", "unlockCount": 7},
			{"hour": "6", "unlockCount": 21},
			{"hour": "7", "unlockCount": 10},
			{"hour": "8", "unlockCount": 11},
			{"hour": "9", "unlockCount": 14},
			{"hour": "10", "unlockCount": 9},
			{"hour": "11", "unlockCount": 5},
			{"hour": "12", "unlockCount": 5},
			{"hour": "13", "unlockCount": 9},
			{"hour": "14", "unlockCount": 3},
			{"hour": "15", "unlockCount": 5},
			{"hour": "16", "unlockCount": 1},
			{"hour": "17", "unlockCount": 0},
			{"hour": "18", "unlockCount": 7},
			{"hour": "19", "unlockCount": 8},
			{"hour": "20", "unlockCount": 2},
			{"hour": "21", "unlockCount": 0},
			{"hour": "22", "unlockCount": 0},
			{"hour": "23", "unlockCount": 11},
		]
	},
	{
		"date": 7,
		"maxTime": 107,
		"totalUnlockCount": 164,
		"keys": [
			{"hour": "0", "unlockCount": 12},
			{"hour": "1", "unlockCount": 12},
			{"hour": "2", "unlockCount": 9},
			{"hour": "3", "unlockCount": 0},
			{"hour": "4", "unlockCount": 2},
			{"hour": "5", "unlockCount": 20},
			{"hour": "6", "unlockCount": 12},
			{"hour": "7", "unlockCount": 12},
			{"hour": "8", "unlockCount": 17},
			{"hour": "9", "unlockCount": 26},
			{"hour": "10", "unlockCount": 10},
			{"hour": "11", "unlockCount": 4},
			{"hour": "12", "unlockCount": 8},
			{"hour": "13", "unlockCount": 4},
			{"hour": "14", "unlockCount": 8},
			{"hour": "15", "unlockCount": 4},
			{"hour": "16", "unlockCount": 0},
			{"hour": "17", "unlockCount": 2},
			{"hour": "18", "unlockCount": 0},
			{"hour": "19", "unlockCount": 0},
			{"hour": "20", "unlockCount": 0},
			{"hour": "21", "unlockCount": 0},
			{"hour": "22", "unlockCount": 0},
			{"hour": "23", "unlockCount": 2},
		]
	},
]
