[
	{
		"date": 1,
		"maxTime": 82,
		"totalUnlockCount": 136,
		"keys": [
			{"hour": "0", "unlockCount": 11},
			{"hour": "1", "unlockCount": 7},
			{"hour": "2", "unlockCount": 11},
			{"hour": "3", "unlockCount": 4},
			{"hour": "4", "unlockCount": 19},
			{"hour": "5", "unlockCount": 9},
			{"hour": "6", "unlockCount": 8},
			{"hour": "7", "unlockCount": 10},
			{"hour": "8", "unlockCount": 6},
			{"hour": "9", "unlockCount": 7},
			{"hour": "10", "unlockCount": 18},
			{"hour": "11", "unlockCount": 5},
			{"hour": "12", "unlockCount": 7},
			{"hour": "13", "unlockCount": 6},
			{"hour": "14", "unlockCount": 3},
			{"hour": "15", "unlockCount": 2},
			{"hour": "16", "unlockCount": 1},
			{"hour": "17", "unlockCount": 0},
			{"hour": "18", "unlockCount": 0},
			{"hour": "19", "unlockCount": 0},
			{"hour": "20", "unlockCount": 0},
			{"hour": "21", "unlockCount": 1},
			{"hour": "22", "unlockCount": 1},
			{"hour": "23", "unlockCount": 0},
		]
	},
	{
		"date": 2,
		"maxTime": 59,
		"totalUnlockCount": 136,
		"keys": [
			{"hour": "0", "unlockCount": 7},
			{"hour": "1", "unlockCount": 11},
			{"hour": "2", "unlockCount": 4},
			{"hour": "3", "unlockCount": 16},
			{"hour": "4", "unlockCount": 10},
			{"hour": "5", "unlockCount": 2},
			{"hour": "6", "unlockCount": 7},
			{"hour": "7", "unlockCount": 7},
			{"hour": "8", "unlockCount": 7},
			{"hour": "9", "unlockCount": 6},
			{"hour": "10", "unlockCount": 10},
			{"hour": "11", "unlockCount": 17},
			{"hour": "12", "unlockCount": 5},
			{"hour": "13", "unlockCount": 11},
			{"hour": "14", "unlockCount": 2},
			{"hour": "15", "unlockCount": 9},
			{"hour": "16", "unlockCount": 4},
			{"hour": "17", "unlockCount": 1},
			{"hour": "18", "unlockCount": 0},
			{"hour": "19", "unlockCount": 0},
			{"hour": "20", "unlockCount": 0},
			{"hour": "21", "unlockCount": 0},
			{"hour": "22", "unlockCount": 0},
			{"hour": "23", "unlockCount": 0},
		]
	},
	{
		"date": 3,
		"maxTime": 41,
		"totalUnlockCount": 147,
		"keys": [
			{"hour": "0", "unlockCount": 5},
			{"hour": "1", "unlockCount": 4},
			{"hour": "2", "unlockCount": 9},
			{"hour": "3", "unlockCount": 5},
			{"hour": "4", "unlockCount": 5},
			{"hour": "5", "unlockCount": 6},
			{"hour": "6", "unlockCount": 9},
			{"hour": "7", "unlockCount": 4},
			{"hour": "8", "unlockCount": 20},
			{"hour": "9", "unlockCount": 8},
			{"hour": "10", "unlockCount": 5},
			{"hour": "11", "unlockCount": 0},
			{"hour": "12", "unlockCount": 14},
			{"hour": "13", "unlockCount": 5},
			{"hour": "14", "unlockCount": 11},
			{"hour": "15", "unlockCount": 4},
			{"hour": "16", "unlockCount": 3},
			{"hour": "17", "unlockCount": 10},
			{"hour": "18", "unlockCount": 8},
			{"hour": "19", "unlockCount": 11},
			{"hour": "20", "unlockCount": 1},
			{"hour": "21", "unlockCount": 0},
			{"hour": "22", "unlockCount": 0},
			{"hour": "23", "unlockCount": 0},
		]
	},
	{
		"date": 4,
		"maxTime": 24,
		"totalUnlockCount": 91,
		"keys": [
			{"hour": "0", "unlockCount": 0},
			{"hour": "1", "unlockCount": 1},
			{"hour": "2", "unlockCount": 11},
			{"hour": "3", "unlockCount": 4},
			{"hour": "4", "unlockCount": 5},
			{"hour": "5", "unlockCount": 6},
			{"hour": "6", "unlockCount": 6},
			{"hour": "7", "unlockCount": 5},
			{"hour": "8", "unlockCount": 3},
			{"hour": "9", "unlockCount": 17},
			{"hour": "10", "unlockCount": 3},
			{"hour": "11", "unlockCount": 5},
			{"hour": "12", "unlockCount": 6},
			{"hour": "13", "unlockCount": 6},
			{"hour": "14", "unlockCount": 2},
			{"hour": "15", "unlockCount": 9},
			{"hour": "16", "unlockCount": 0},
			{"hour": "17", "unlockCount": 0},
			{"hour": "18", "unlockCount": 0},
			{"hour": "19", "unlockCount": 0},
			{"hour": "20", "unlockCount": 1},
			{"hour": "21", "unlockCount": 0},
			{"hour": "22", "unlockCount": 0},
			{"hour": "23", "unlockCount": 1},
		]
	},
	{
		"date": 5,
		"maxTime": 65,
		"totalUnlockCount": 91,
		"keys": [
			{"hour": "0", "unlockCount": 3},
			{"hour": "1", "unlockCount": 5},
			{"hour": "2", "unlockCount": 4},
			{"hour": "3", "unlockCount": 10},
			{"hour": "4", "unlockCount": 3},
			{"hour": "5", "unlockCount": 8},
			{"hour": "6", "unlockCount": 4},
			{"hour": "7", "unlockCount": 10},
			{"hour": "8", "unlockCount": 15},
			{"hour": "9", "unlockCount": 2},
			{"hour": "10", "unlockCount": 8},
			{"hour": "11", "unlockCount": 3},
			{"hour": "12", "unlockCount": 4},
			{"hour": "13", "unlockCount": 5},
			{"hour": "14", "unlockCount": 4},
			{"hour": "15", "unlockCount": 1},
			{"hour": "16", "unlockCount": 2},
			{"hour": "17", "unlockCount": 0},
			{"hour": "18", "unlockCount": 0},
			{"hour": "19", "unlockCount": 0},
			{"hour": "20", "unlockCount": 0},
			{"hour": "21", "unlockCount": 0},
			{"hour": "22", "unlockCount": 0},
			{"hour": "23", "unlockCount": 0},
		]
	},
	{
		"date": 6,
		"maxTime": 38,
		"totalUnlockCount": 110,
		"keys": [
			{"hour": "0", "unlockCount": 3},
			{"hour": "1", "unlockCount": 4},
			{"hour": "2", "unlockCount": 14},
			{"hour": "3", "unlockCount": 7},
			{"hour": "4", "unlockCount": 2},
			{"hour": "5", "unlockCount": 11},
			{"hour": "6", "unlockCount": 8},
			{"hour": "7", "unlockCount": 10},
			{"hour": "8", "unlockCount": 8},
			{"hour": "9", "unlockCount": 9},
			{"hour": "10", "unlockCount": 7},
			{"hour": "11", "unlockCount": 7},
			{"hour": "12", "unlockCount": 5},
			{"hour": "13", "unlockCount": 0},
			{"hour": "14", "unlockCount": 4},
			{"hour": "15", "unlockCount": 4},
			{"hour": "16", "unlockCount": 7},
			{"hour": "17", "unlockCount": 0},
			{"hour": "18", "unlockCount": 0},
			{"hour": "19", "unlockCount": 0},
			{"hour": "20", "unlockCount": 0},
			{"hour": "21", "unlockCount": 0},
			{"hour": "22", "unlockCount": 0},
			{"hour": "23", "unlockCount": 0},
		]
	},
	{
		"date": 7,
		"maxTime": 60,
		"totalUnlockCount": 110,
		"keys": [
			{"hour": "0", "unlockCount": 5},
			{"hour": "1", "unlockCount": 5},
			{"hour": "2", "unlockCount": 6},
			{"hour": "3", "unlockCount": 10},
			{"hour": "4", "unlockCount": 1},
			{"hour": "5", "unlockCount": 4},
			{"hour": "6", "unlockCount": 5},
			{"hour": "7", "unlockCount": 17},
			{"hour": "8", "unlockCount": 12},
			{"hour": "9", "unlockCount": 5},
			{"hour": "10", "unlockCount": 4},
			{"hour": "11", "unlockCount": 11},
			{"hour": "12", "unlockCount": 4},
			{"hour": "13", "unlockCount": 4},
			{"hour": "14", "unlockCount": 1},
			{"hour": "15", "unlockCount": 8},
			{"hour": "16", "unlockCount": 0},
			{"hour": "17", "unlockCount": 0},
			{"hour": "18", "unlockCount": 0},
			{"hour": "19", "unlockCount": 0},
			{"hour": "20", "unlockCount": 0},
			{"hour": "21", "unlockCount": 2},
			{"hour": "22", "unlockCount": 0},
			{"hour": "23", "unlockCount": 6},
		]
	},
]
