[
	{
		"date": 1,
		"maxTime": 93,
		"totalUnlockCount": 137,
		"keys": [
			{"hour": "0", "unlockCount": 2},
			{"hour": "1", "unlockCount": 10},
			{"hour": "2", "unlockCount": 6},
			{"hour": "3", "unlockCount": 2},
			{"hour": "4", "unlockCount": 7},
			{"hour": "5", "unlockCount": 6},
			{"hour": "6", "unlockCount": 0},
			{"hour": "7", "unlockCount": 23},
			{"hour": "8", "unlockCount": 7},
			{"hour": "9", "unlockCount": 26},
			{"hour": "10", "unlockCount": 13},
			{"hour": "11", "unlockCount": 5},
			{"hour": "12", "unlockCount": 6},
			{"hour": "13", "unlockCount": 0},
			{"hour": "14", "unlockCount": 5},
			{"hour": "15", "unlockCount": 3},
			{"hour": "16", "unlockCount": 0},
			{"hour": "17", "unlockCount": 0},
			{"hour": "18", "unlockCount": 0},
			{"hour": "19", "unlockCount": 0},
			{"hour": "20", "unlockCount": 1},
			{"hour": "21", "unlockCount": 5},
			{"hour": "22", "unlockCount": 7},
			{"hour": "23", "unlockCount": 3},
		]
	},
	{
		"date": 2,
		"maxTime": 36,
		"totalUnlockCount": 117,
		"keys": [
			{"hour": "0", "unlockCount": 4},
			{"hour": "1", "unlockCount": 8},
			{"hour": "2", "unlockCount": 9},
			{"hour": "3", "unlockCount": 9},
			{"hour": "4", "unlockCount": 6},
			{"hour": "5", "unlockCount": 1},
			{"hour": "6", "unlockCount": 8},
			{"hour": "7", "unlockCount": 6},
			{"hour": "8", "unlockCount": 14},
			{"hour": "9", "unlockCount": 8},
			{"hour": "10", "unlockCount": 2},
			{"hour": "11", "unlockCount": 8},
			{"hour": "12", "unlockCount": 12},
			{"hour": "13", "unlockCount": 4},
			{"hour": "14", "unlockCount": 15},
			{"hour": "15", "unlockCount": 1},
			{"hour": "16", "unlockCount": 0},
			{"hour": "17", "unlockCount": 0},
			{"hour": "18", "unlockCount": 0},
			{"hour": "19", "unlockCount": 0},
			{"hour": "20", "unlockCount": 0},
			{"hour": "21", "unlockCount": 0},
			{"hour": "22", "unlockCount": 2},
			{"hour": "23", "unlockCount": 0},
		]
	},
	{
		"date": 3,
		"maxTime": 47,
		"totalUnlockCount": 138,
		"keys": [
			{"hour": "0", "unlockCount": 12},
			{"hour": "1", "unlockCount": 2},
			{"hour": "2", "unlockCount": 5},
			{"hour": "3", "unlockCount": 10},
			{"hour": "4", "unlockCount": 14},
			{"hour": "5", "unlockCount": 7},
			{"hour": "6", "unlockCount": 8},
			{"hour": "7", "unlockCount": 16},
			{"hour": "8", "unlockCount": 7},
			{"hour": "9", "unlockCount": 7},
			{"hour": "10", "unlockCount": 13},
			{"hour": "11", "unlockCount": 5},
			{"hour": "12", "unlockCount": 14},
			{"hour": "13", "unlockCount": 5},
			{"hour": "14", "unlockCount": 7},
			{"hour": "15", "unlockCount": 4},
			{"hour": "16", "unlockCount": 0},
			{"hour": "17", "unlockCount": 1},
			{"hour": "18", "unlockCount": 0},
			{"hour": "19", "unlockCount": 0},
			{"hour": "20", "unlockCount": 0},
			{"hour": "21", "unlockCount": 0},
			{"hour": "22", "unlockCount": 0},
			{"hour": "23", "unlockCount": 1},
		]
	},
	{
		"date": 4,
		"maxTime": 61,
		"totalUnlockCount": 88,
		"keys": [
			{"hour": "0", "unlockCount": 10},
			{"hour": "1", "unlockCount": 4},
			{"hour": "2", "unlockCount": 3},
			{"hour": "3", "unlockCount": 4},
			{"hour": "4", "unlockCount": 5},
			{"hour": "5", "unlockCount": 13},
			{"hour": "6", "unlockCount": 7},
			{"hour": "7", "unlockCount": 5},
			{"hour": "8", "unlockCount": 3},
			{"hour": "9", "unlockCount": 3},
			{"hour": "10", "unlockCount": 3},
			{"hour": "11", "unlockCount": 5},
			{"hour": "12", "unlockCount": 4},
			{"hour": "13", "unlockCount": 6},
			{"hour": "14", "unlockCount": 1},
			{"hour": "15", "unlockCount": 0},
			{"hour": "16", "unlockCount": 0},
			{"hour": "17", "unlockCount": 0},
			{"hour": "18", "unlockCount": 0},
			{"hour": "19", "unlockCount": 0},
			{"hour": "20", "unlockCount": 7},
			{"hour": "21", "unlockCount": 1},
			{"hour": "22", "unlockCount": 0},
			{"hour": "23", "unlockCount": 4},
		]
	},
	{
		"date": 5,
		"maxTime": 54,
		"totalUnlockCount": 115,
		"keys": [
			{"hour": "0", "unlockCount": 5},
			{"hour": "1", "unlockCount": 12},
			{"hour": "2", "unlockCount": 18},
			{"hour": "3", "unlockCount": 9},
			{"hour": "4", "unlockCount": 4},
			{"hour": "5", "unlockCount": 7},
			{"hour": "6", "unlockCount": 6},
			{"hour": "7", "unlockCount": 2},
			{"hour": "8", "unlockCount": 9},
			{"hour": "9", "unlockCount": 1},
			{"hour": "10", "unlockCount": 5},
			{"hour": "11", "unlockCount": 5},
			{"hour": "12", "unlockCount": 9},
			{"hour": "13", "unlockCount": 6},
			{"hour": "14", "unlockCount": 4},
			{"hour": "15", "unlockCount": 0},
			{"hour": "16", "unlockCount": 0},
			{"hour": "17", "unlockCount": 0},
			{"hour": "18", "unlockCount": 0},
			{"hour": "19", "unlockCount": 0},
			{"hour": "20", "unlockCount": 2},
			{"hour": "21", "unlockCount": 6},
			{"hour": "22", "unlockCount": 4},
			{"hour": "23", "unlockCount": 1},
		]
	},
	{
		"date": 6,
		"maxTime": 75,
		"totalUnlockCount": 126,
		"keys": [
			{"hour": "0", "unlockCount": 11},
			{"hour": "1", "unlockCount": 12},
			{"hour": "2", "unlockCount": 10},
			{"hour": "3", "unlockCount": 3},
			{"hour": "4", "unlockCount": 6},
			{"hour": "5", "unlockCount": 12},
			{"hour": "6", "unlockCount": 0},
			{"hour": "7", "unlockCount": 8},
			{"hour": "8", "unlockCount": 13},
			{"hour": "9", "unlockCount": 7},
			{"hour": "10", "unlockCount": 10},
			{"hour": "11", "unlockCount": 2},
			{"hour": "12", "unlockCount": 7},
			{"hour": "13", "unlockCount": 0},
			{"hour": "14", "unlockCount": 8},
			{"hour": "15", "unlockCount": 2},
			{"hour": "16", "unlockCount": 0},
			{"hour": "17", "unlockCount": 0},
			{"hour": "18", "unlockCount": 0},
			{"hour": "19", "unlockCount": 0},
			{"hour": "20", "unlockCount": 3},
			{"hour": "21", "unlockCount": 1},
			{"hour": "22", "unlockCount": 6},
			{"hour": "23", "unlockCount": 5},
		]
	},
	{
		"date": 7,
		"maxTime": 111,
		"totalUnlockCount": 113,
		"keys": [
			{"hour": "0", "unlockCount": 1},
			{"hour": "1", "unlockCount": 12},
			{"hour": "2", "unlockCount": 8},
			{"hour": "3", "unlockCount": 3},
			{"hour": "4", "unlockCount": 9},
			{"hour": "5", "unlockCount": 14},
			{"hour": "6", "unlockCount": 9},
			{"hour": "7", "unlockCount": 8},
			{"hour": "8", "unlockCount": 3},
			{"hour": "9", "unlockCount": 6},
			{"hour": "10", "unlockCount": 8},
			{"hour": "11", "unlockCount": 0},
			{"hour": "12", "unlockCount": 9},
			{"hour": "13", "unlockCount": 8},
			{"hour": "14", "unlockCount": 11},
			{"hour": "15", "unlockCount": 1},
			{"hour": "16", "unlockCount": 0},
			{"hour": "17", "unlockCount": 0},
			{"hour": "18", "unlockCount": 0},
			{"hour": "19", "unlockCount": 0},
			{"hour": "20", "unlockCount": 0},
			{"hour": "21", "unlockCount": 0},
			{"hour": "22", "unlockCount": 0},
			{"hour": "23", "unlockCount": 3},
		]
	},
]
