[
	{
		"date": 1,
		"maxTime": 120,
		"totalUnlockCount": 65,
		"keys": [
			{"hour": "0", "unlockCount": 1},
			{"hour": "1", "unlockCount": 4},
			{"hour": "2", "unlockCount": 7},
			{"hour": "3", "unlockCount": 0},
			{"hour": "4", "unlockCount": 5},
			{"hour": "5", "unlockCount": 1},
			{"hour": "6", "unlockCount": 4},
			{"hour": "7", "unlockCount": 6},
			{"hour": "8", "unlockCount": 4},
			{"hour": "9", "unlockCount": 2},
			{"hour": "10", "unlockCount": 3},
			{"hour": "11", "unlockCount": 5},
			{"hour": "12", "unlockCount": 2},
			{"hour": "13", "unlockCount": 3},
			{"hour": "14", "unlockCount": 0},
			{"hour": "15", "unlockCount": 5},
			{"hour": "16", "unlockCount": 3},
			{"hour": "17", "unlockCount": 0},
			{"hour": "18", "unlockCount": 2},
			{"hour": "19", "unlockCount": 0},
			{"hour": "20", "unlockCount": 0},
			{"hour": "21", "unlockCount": 1},
			{"hour": "22", "unlockCount": 3},
			{"hour": "23", "unlockCount": 4},
		]
	},
	{
		"date": 2,
		"maxTime": 105,
		"totalUnlockCount": 90,
		"keys": [
			{"hour": "0", "unlockCount": 2},
			{"hour": "1", "unlockCount": 3},
			{"hour": "2", "unlockCount": 3},
			{"hour": "3", "unlockCount": 4},
			{"hour": "4", "unlockCount": 2},
			{"hour": "5", "unlockCount": 4},
			{"hour": "6", "unlockCount": 10},
			{"hour": "7", "unlockCount": 11},
			{"hour": "8", "unlockCount": 0},
			{"hour": "9", "unlockCount": 8},
			{"hour": "10", "unlockCount": 4},
			{"hour": "11", "unlockCount": 7},
			{"hour": "12", "unlockCount": 15},
			{"hour": "13", "unlockCount": 3},
			{"hour": "14", "unlockCount": 0},
			{"hour": "15", "unlockCount": 0},
			{"hour": "16", "unlockCount": 8},
			{"hour": "17", "unlockCount": 2},
			{"hour": "18", "unlockCount": 4},
			{"hour": "19", "unlockCount": 0},
			{"hour": "20", "unlockCount": 0},
			{"hour": "21", "unlockCount": 0},
			{"hour": "22", "unlockCount": 0},
			{"hour": "23", "unlockCount": 0},
		]
	},
	{
		"date": 3,
		"maxTime": 138,
		"totalUnlockCount": 71,
		"keys": [
			{"hour": "0", "unlockCount": 0},
			{"hour": "1", "unlockCount": 2},
			{"hour": "2", "unlockCount": 1},
			{"hour": "3", "unlockCount": 3},
			{"hour": "4", "unlockCount": 2},
			{"hour": "5", "unlockCount": 0},
			{"hour": "6", "unlockCount": 4},
			{"hour": "7", "unlockCount": 2},
			{"hour": "8", "unlockCount": 7},
			{"hour": "9", "unlockCount": 4},
			{"hour": "10", "unlockCount": 1},
			{"hour": "11", "unlockCount": 4},
			{"hour": "12", "unlockCount": 4},
			{"hour": "13", "unlockCount": 1},
			{"hour": "14", "unlockCount": 3},
			{"hour": "15", "unlockCount": 3},
			{"hour": "16", "unlockCount": 5},
			{"hour": "17", "unlockCount": 7},
			{"hour": "18", "unlockCount": 3},
			{"hour": "19", "unlockCount": 3},
			{"hour": "20", "unlockCount": 2},
			{"hour": "21", "unlockCount": 2},
			{"hour": "22", "unlockCount": 2},
			{"hour": "23", "unlockCount": 6},
		]
	},
	{
		"date": 4,
		"maxTime": 139,
		"totalUnlockCount": 59,
		"keys": [
			{"hour": "0", "unlockCount": 5},
			{"hour": "1", "unlockCount": 3},
			{"hour": "2", "unlockCount": 2},
			{"hour": "3", "unlockCount": 1},
			{"hour": "4", "unlockCount": 1},
			{"hour": "5", "unlockCount": 3},
			{"hour": "6", "unlockCount": 1},
			{"hour": "7", "unlockCount": 5},
			{"hour": "8", "unlockCount": 14},
			{"hour": "9", "unlockCount": 4},
			{"hour": "10", "unlockCount": 2},
			{"hour": "11", "unlockCount": 1},
			{"hour": "12", "unlockCount": 4},
			{"hour": "13", "unlockCount": 0},
			{"hour": "14", "unlockCount": 0},
			{"hour": "15", "unlockCount": 1},
			{"hour": "16", "unlockCount": 2},
			{"hour": "17", "unlockCount": 3},
			{"hour": "18", "unlockCount": 2},
			{"hour": "19", "unlockCount": 4},
			{"hour": "20", "unlockCount": 0},
			{"hour": "21", "unlockCount": 0},
			{"hour": "22", "unlockCount": 0},
			{"hour": "23", "unlockCount": 1},
		]
	},
	{
		"date": 5,
		"maxTime": 262,
		"totalUnlockCount": 27,
		"keys": [
			{"hour": "0", "unlockCount": 0},
			{"hour": "1", "unlockCount": 2},
			{"hour": "2", "unlockCount": 1},
			{"hour": "3", "unlockCount": 2},
			{"hour": "4", "unlockCount": 0},
			{"hour": "5", "unlockCount": 1},
			{"hour": "6", "unlockCount": 0},
			{"hour": "7", "unlockCount": 3},
			{"hour": "8", "unlockCount": 0},
			{"hour": "9", "unlockCount": 1},
			{"hour": "10", "unlockCount": 2},
			{"hour": "11", "unlockCount": 0},
			{"hour": "12", "unlockCount": 5},
			{"hour": "13", "unlockCount": 0},
			{"hour": "14", "unlockCount": 0},
			{"hour": "15", "unlockCount": 0},
			{"hour": "16", "unlockCount": 0},
			{"hour": "17", "unlockCount": 3},
			{"hour": "18", "unlockCount": 3},
			{"hour": "19", "unlockCount": 2},
			{"hour": "20", "unlockCount": 2},
			{"hour": "21", "unlockCount": 0},
			{"hour": "22", "unlockCount": 0},
			{"hour": "23", "unlockCount": 0},
		]
	},
	{
		"date": 6,
		"maxTime": 140,
		"totalUnlockCount": 37,
		"keys": [
			{"hour": "0", "unlockCount": 3},
			{"hour": "1", "unlockCount": 0},
			{"hour": "2", "unlockCount": 1},
			{"hour": "3", "unlockCount": 1},
			{"hour": "4", "unlockCount": 4},
			{"hour": "5", "unlockCount": 2},
			{"hour": "6", "unlockCount": 0},
			{"hour": "7", "unlockCount": 1},
			{"hour": "8", "unlockCount": 0},
			{"hour": "9", "unlockCount": 2},
			{"hour": "10", "unlockCount": 1},
			{"hour": "11", "unlockCount": 1},
			{"hour": "12", "unlockCount": 0},
			{"hour": "13", "unlockCount": 1},
			{"hour": "14", "unlockCount": 0},
			{"hour": "15", "unlockCount": 1},
			{"hour": "16", "unlockCount": 2},
			{"hour": "17", "unlockCount": 2},
			{"hour": "18", "unlockCount": 4},
			{"hour": "19", "unlockCount": 3},
			{"hour": "20", "unlockCount": 0},
			{"hour": "21", "unlockCount": 2},
			{"hour": "22", "unlockCount": 0},
			{"hour": "23", "unlockCount": 6},
		]
	},
	{
		"date": 7,
		"maxTime": 46,
		"totalUnlockCount": 49,
		"keys": [
			{"hour": "0", "unlockCount": 0},
			{"hour": "1", "unlockCount": 4},
			{"hour": "2", "unlockCount": 3},
			{"hour": "3", "unlockCount": 2},
			{"hour": "4", "unlockCount": 1},
			{"hour": "5", "unlockCount": 1},
			{"hour": "6", "unlockCount": 1},
			{"hour": "7", "unlockCount": 3},
			{"hour": "8", "unlockCount": 5},
			{"hour": "9", "unlockCount": 5},
			{"hour": "10", "unlockCount": 8},
			{"hour": "11", "unlockCount": 7},
			{"hour": "12", "unlockCount": 2},
			{"hour": "13", "unlockCount": 5},
			{"hour": "14", "unlockCount": 2},
			{"hour": "15", "unlockCount": 0},
			{"hour": "16", "unlockCount": 0},
			{"hour": "17", "unlockCount": 0},
			{"hour": "18", "unlockCount": 0},
			{"hour": "19", "unlockCount": 0},
			{"hour": "20", "unlockCount": 0},
			{"hour": "21", "unlockCount": 0},
			{"hour": "22", "unlockCount": 0},
			{"hour": "23", "unlockCount": 0},
		]
	},
]
