[
	{
		"date": 1,
		"maxTime": 60,
		"totalUnlockCount": 142,
		"keys": [
			{"hour": "0", "unlockCount": 2},
			{"hour": "1", "unlockCount": 7},
			{"hour": "2", "unlockCount": 10},
			{"hour": "3", "unlockCount": 20},
			{"hour": "4", "unlockCount": 12},
			{"hour": "5", "unlockCount": 22},
			{"hour": "6", "unlockCount": 7},
			{"hour": "7", "unlockCount": 10},
			{"hour": "8", "unlockCount": 3},
			{"hour": "9", "unlockCount": 10},
			{"hour": "10", "unlockCount": 15},
			{"hour": "11", "unlockCount": 3},
			{"hour": "12", "unlockCount": 0},
			{"hour": "13", "unlockCount": 4},
			{"hour": "14", "unlockCount": 5},
			{"hour": "15", "unlockCount": 0},
			{"hour": "16", "unlockCount": 5},
			{"hour": "17", "unlockCount": 2},
			{"hour": "18", "unlockCount": 5},
			{"hour": "19", "unlockCount": 0},
			{"hour": "20", "unlockCount": 0},
			{"hour": "21", "unlockCount": 0},
			{"hour": "22", "unlockCount": 0},
			{"hour": "23", "unlockCount": 0},
		]
	},
	{
		"date": 2,
		"maxTime": 63,
		"totalUnlockCount": 443,
		"keys": [
			{"hour": "0", "unlockCount": 2},
			{"hour": "1", "unlockCount": 16},
			{"hour": "2", "unlockCount": 18},
			{"hour": "3", "unlockCount": 19},
			{"hour": "4", "unlockCount": 4},
			{"hour": "5", "unlockCount": 14},
			{"hour": "6", "unlockCount": 8},
			{"hour": "7", "unlockCount": 8},
			{"hour": "8", "unlockCount": 11},
			{"hour": "9", "unlockCount": 39},
			{"hour": "10", "unlockCount": 10},
			{"hour": "11", "unlockCount": 27},
			{"hour": "12", "unlockCount": 11},
			{"hour": "13", "unlockCount": 48},
			{"hour": "14", "unlockCount": 19},
			{"hour": "15", "unlockCount": 42},
			{"hour": "16", "unlockCount": 35},
			{"hour": "17", "unlockCount": 52},
			{"hour": "18", "unlockCount": 35},
			{"hour": "19", "unlockCount": 23},
			{"hour": "20", "unlockCount": 0},
			{"hour": "21", "unlockCount": 0},
			{"hour": "22", "unlockCount": 0},
			{"hour": "23", "unlockCount": 2},
		]
	},
	{
		"date": 3,
		"maxTime": 51,
		"totalUnlockCount": 241,
		"keys": [
			{"hour": "0", "unlockCount": 0},
			{"hour": "1", "unlockCount": 2},
			{"hour": "2", "unlockCount": 26},
			{"hour": "3", "unlockCount": 7},
			{"hour": "4", "unlockCount": 19},
			{"hour": "5", "unlockCount": 3},
			{"hour": "6", "unlockCount": 0},
			{"hour": "7", "unlockCount": 1},
			{"hour": "8", "unlockCount": 2},
			{"hour": "9", "unlockCount": 1},
			{"hour": "10", "unlockCount": 24},
			{"hour": "11", "unlockCount": 19},
			{"hour": "12", "unlockCount": 11},
			{"hour": "13", "unlockCount": 4},
			{"hour": "14", "unlockCount": 46},
			{"hour": "15", "unlockCount": 25},
			{"hour": "16", "unlockCount": 11},
			{"hour": "17", "unlockCount": 0},
			{"hour": "18", "unlockCount": 27},
			{"hour": "19", "unlockCount": 0},
			{"hour": "20", "unlockCount": 0},
			{"hour": "21", "unlockCount": 4},
			{"hour": "22", "unlockCount": 1},
			{"hour": "23", "unlockCount": 8},
		]
	},
	{
		"date": 4,
		"maxTime": 43,
		"totalUnlockCount": 162,
		"keys": [
			{"hour": "0", "unlockCount": 6},
			{"hour": "1", "unlockCount": 4},
			{"hour": "2", "unlockCount": 34},
			{"hour": "3", "unlockCount": 5},
			{"hour": "4", "unlockCount": 11},
			{"hour": "5", "unlockCount": 26},
			{"hour": "6", "unlockCount": 10},
			{"hour": "7", "unlockCount": 2},
			{"hour": "8", "unlockCount": 1},
			{"hour": "9", "unlockCount": 7},
			{"hour": "10", "unlockCount": 2},
			{"hour": "11", "unlockCount": 2},
			{"hour": "12", "unlockCount": 1},
			{"hour": "13", "unlockCount": 7},
			{"hour": "14", "unlockCount": 8},
			{"hour": "15", "unlockCount": 5},
			{"hour": "16", "unlockCount": 2},
			{"hour": "17", "unlockCount": 0},
			{"hour": "18", "unlockCount": 0},
			{"hour": "19", "unlockCount": 0},
			{"hour": "20", "unlockCount": 0},
			{"hour": "21", "unlockCount": 0},
			{"hour": "22", "unlockCount": 14},
			{"hour": "23", "unlockCount": 15},
		]
	},
	{
		"date": 5,
		"maxTime": 103,
		"totalUnlockCount": 109,
		"keys": [
			{"hour": "0", "unlockCount": 3},
			{"hour": "1", "unlockCount": 4},
			{"hour": "2", "unlockCount": 14},
			{"hour": "3", "unlockCount": 5},
			{"hour": "4", "unlockCount": 17},
			{"hour": "5", "unlockCount": 8},
			{"hour": "6", "unlockCount": 0},
			{"hour": "7", "unlockCount": 6},
			{"hour": "8", "unlockCount": 2},
			{"hour": "9", "unlockCount": 10},
			{"hour": "10", "unlockCount": 10},
			{"hour": "11", "unlockCount": 12},
			{"hour": "12", "unlockCount": 13},
			{"hour": "13", "unlockCount": 5},
			{"hour": "14", "unlockCount": 0},
			{"hour": "15", "unlockCount": 0},
			{"hour": "16", "unlockCount": 0},
			{"hour": "17", "unlockCount": 0},
			{"hour": "18", "unlockCount": 0},
			{"hour": "19", "unlockCount": 0},
			{"hour": "20", "unlockCount": 0},
			{"hour": "21", "unlockCount": 0},
			{"hour": "22", "unlockCount": 0},
			{"hour": "23", "unlockCount": 0},
		]
	},
	{
		"date": 6,
		"maxTime": 120,
		"totalUnlockCount": 68,
		"keys": [
			{"hour": "0", "unlockCount": 6},
			{"hour": "1", "unlockCount": 6},
			{"hour": "2", "unlockCount": 14},
			{"hour": "3", "unlockCount": 12},
			{"hour": "4", "unlockCount": 7},
			{"hour": "5", "unlockCount": 10},
			{"hour": "6", "unlockCount": 1},
			{"hour": "7", "unlockCount": 0},
			{"hour": "8", "unlockCount": 3},
			{"hour": "9", "unlockCount": 0},
			{"hour": "10", "unlockCount": 1},
			{"hour": "11", "unlockCount": 5},
			{"hour": "12", "unlockCount": 1},
			{"hour": "13", "unlockCount": 0},
			{"hour": "14", "unlockCount": 2},
			{"hour": "15", "unlockCount": 0},
			{"hour": "16", "unlockCount": 0},
			{"hour": "17", "unlockCount": 0},
			{"hour": "18", "unlockCount": 0},
			{"hour": "19", "unlockCount": 0},
			{"hour": "20", "unlockCount": 0},
			{"hour": "21", "unlockCount": 0},
			{"hour": "22", "unlockCount": 0},
			{"hour": "23", "unlockCount": 0},
		]
	},
	{
		"date": 7,
		"maxTime": 53,
		"totalUnlockCount": 108,
		"keys": [
			{"hour": "0", "unlockCount": 4},
			{"hour": "1", "unlockCount": 4},
			{"hour": "2", "unlockCount": 20},
			{"hour": "3", "unlockCount": 20},
			{"hour": "4", "unlockCount": 20},
			{"hour": "5", "unlockCount": 9},
			{"hour": "6", "unlockCount": 17},
			{"hour": "7", "unlockCount": 11},
			{"hour": "8", "unlockCount": 0},
			{"hour": "9", "unlockCount": 2},
			{"hour": "10", "unlockCount": 1},
			{"hour": "11", "unlockCount": 0},
			{"hour": "12", "unlockCount": 0},
			{"hour": "13", "unlockCount": 0},
			{"hour": "14", "unlockCount": 0},
			{"hour": "15", "unlockCount": 0},
			{"hour": "16", "unlockCount": 0},
			{"hour": "17", "unlockCount": 0},
			{"hour": "18", "unlockCount": 0},
			{"hour": "19", "unlockCount": 0},
			{"hour": "20", "unlockCount": 0},
			{"hour": "21", "unlockCount": 0},
			{"hour": "22", "unlockCount": 0},
			{"hour": "23", "unlockCount": 0},
		]
	},
]
