[
	{
		"date": 1,
		"maxTime": 163,
		"totalUnlockCount": 113,
		"keys": [
			{"hour": "0", "unlockCount": 0},
			{"hour": "1", "unlockCount": 0},
			{"hour": "2", "unlockCount": 2},
			{"hour": "3", "unlockCount": 12},
			{"hour": "4", "unlockCount": 7},
			{"hour": "5", "unlockCount": 22},
			{"hour": "6", "unlockCount": 13},
			{"hour": "7", "unlockCount": 4},
			{"hour": "8", "unlockCount": 7},
			{"hour": "9", "unlockCount": 9},
			{"hour": "10", "unlockCount": 6},
			{"hour": "11", "unlockCount": 6},
			{"hour": "12", "unlockCount": 3},
			{"hour": "13", "unlockCount": 8},
			{"hour": "14", "unlockCount": 7},
			{"hour": "15", "unlockCount": 1},
			{"hour": "16", "unlockCount": 1},
			{"hour": "17", "unlockCount": 1},
			{"hour": "18", "unlockCount": 2},
			{"hour": "19", "unlockCount": 0},
			{"hour": "20", "unlockCount": 0},
			{"hour": "21", "unlockCount": 2},
			{"hour": "22", "unlockCount": 0},
			{"hour": "23", "unlockCount": 0},
		]
	},
	{
		"date": 2,
		"maxTime": 118,
		"totalUnlockCount": 102,
		"keys": [
			{"hour": "0", "unlockCount": 9},
			{"hour": "1", "unlockCount": 17},
			{"hour": "2", "unlockCount": 4},
			{"hour": "3", "unlockCount": 8},
			{"hour": "4", "unlockCount": 1},
			{"hour": "5", "unlockCount": 0},
			{"hour": "6", "unlockCount": 12},
			{"hour": "7", "unlockCount": 5},
			{"hour": "8", "unlockCount": 0},
			{"hour": "9", "unlockCount": 20},
			{"hour": "10", "unlockCount": 6},
			{"hour": "11", "unlockCount": 8},
			{"hour": "12", "unlockCount": 2},
			{"hour": "13", "unlockCount": 0},
			{"hour": "14", "unlockCount": 0},
			{"hour": "15", "unlockCount": 0},
			{"hour": "16", "unlockCount": 1},
			{"hour": "17", "unlockCount": 1},
			{"hour": "18", "unlockCount": 4},
			{"hour": "19", "unlockCount": 0},
			{"hour": "20", "unlockCount": 2},
			{"hour": "21", "unlockCount": 0},
			{"hour": "22", "unlockCount": 2},
			{"hour": "23", "unlockCount": 0},
		]
	},
	{
		"date": 3,
		"maxTime": 90,
		"totalUnlockCount": 113,
		"keys": [
			{"hour": "0", "unlockCount": 1},
			{"hour": "1", "unlockCount": 9},
			{"hour": "2", "unlockCount": 19},
			{"hour": "3", "unlockCount": 8},
			{"hour": "4", "unlockCount": 9},
			{"hour": "5", "unlockCount": 9},
			{"hour": "6", "unlockCount": 6},
			{"hour": "7", "unlockCount": 16},
			{"hour": "8", "unlockCount": 3},
			{"hour": "9", "unlockCount": 1},
			{"hour": "10", "unlockCount": 0},
			{"hour": "11", "unlockCount": 4},
			{"hour": "12", "unlockCount": 4},
			{"hour": "13", "unlockCount": 2},
			{"hour": "14", "unlockCount": 1},
			{"hour": "15", "unlockCount": 4},
			{"hour": "16", "unlockCount": 4},
			{"hour": "17", "unlockCount": 1},
			{"hour": "18", "unlockCount": 1},
			{"hour": "19", "unlockCount": 8},
			{"hour": "20", "unlockCount": 3},
			{"hour": "21", "unlockCount": 0},
			{"hour": "22", "unlockCount": 0},
			{"hour": "23", "unlockCount": 0},
		]
	},
	{
		"date": 4,
		"maxTime": 80,
		"totalUnlockCount": 104,
		"keys": [
			{"hour": "0", "unlockCount": 0},
			{"hour": "1", "unlockCount": 0},
			{"hour": "2", "unlockCount": 2},
			{"hour": "3", "unlockCount": 22},
			{"hour": "4", "unlockCount": 16},
			{"hour": "5", "unlockCount": 13},
			{"hour": "6", "unlockCount": 8},
			{"hour": "7", "unlockCount": 4},
			{"hour": "8", "unlockCount": 6},
			{"hour": "9", "unlockCount": 7},
			{"hour": "10", "unlockCount": 1},
			{"hour": "11", "unlockCount": 6},
			{"hour": "12", "unlockCount": 5},
			{"hour": "13", "unlockCount": 0},
			{"hour": "14", "unlockCount": 2},
			{"hour": "15", "unlockCount": 10},
			{"hour": "16", "unlockCount": 0},
			{"hour": "17", "unlockCount": 0},
			{"hour": "18", "unlockCount": 0},
			{"hour": "19", "unlockCount": 0},
			{"hour": "20", "unlockCount": 0},
			{"hour": "21", "unlockCount": 2},
			{"hour": "22", "unlockCount": 0},
			{"hour": "23", "unlockCount": 0},
		]
	},
	{
		"date": 5,
		"maxTime": 277,
		"totalUnlockCount": 72,
		"keys": [
			{"hour": "0", "unlockCount": 2},
			{"hour": "1", "unlockCount": 0},
			{"hour": "2", "unlockCount": 0},
			{"hour": "3", "unlockCount": 2},
			{"hour": "4", "unlockCount": 3},
			{"hour": "5", "unlockCount": 2},
			{"hour": "6", "unlockCount": 4},
			{"hour": "7", "unlockCount": 8},
			{"hour": "8", "unlockCount": 3},
			{"hour": "9", "unlockCount": 0},
			{"hour": "10", "unlockCount": 0},
			{"hour": "11", "unlockCount": 7},
			{"hour": "12", "unlockCount": 4},
			{"hour": "13", "unlockCount": 16},
			{"hour": "14", "unlockCount": 10},
			{"hour": "15", "unlockCount": 0},
			{"hour": "16", "unlockCount": 7},
			{"hour": "17", "unlockCount": 0},
			{"hour": "18", "unlockCount": 0},
			{"hour": "19", "unlockCount": 0},
			{"hour": "20", "unlockCount": 1},
			{"hour": "21", "unlockCount": 0},
			{"hour": "22", "unlockCount": 0},
			{"hour": "23", "unlockCount": 3},
		]
	},
	{
		"date": 6,
		"maxTime": 183,
		"totalUnlockCount": 52,
		"keys": [
			{"hour": "0", "unlockCount": 0},
			{"hour": "1", "unlockCount": 0},
			{"hour": "2", "unlockCount": 0},
			{"hour": "3", "unlockCount": 0},
			{"hour": "4", "unlockCount": 1},
			{"hour": "5", "unlockCount": 1},
			{"hour": "6", "unlockCount": 6},
			{"hour": "7", "unlockCount": 14},
			{"hour": "8", "unlockCount": 0},
			{"hour": "9", "unlockCount": 10},
			{"hour": "10", "unlockCount": 5},
			{"hour": "11", "unlockCount": 0},
			{"hour": "12", "unlockCount": 0},
			{"hour": "13", "unlockCount": 2},
			{"hour": "14", "unlockCount": 5},
			{"hour": "15", "unlockCount": 0},
			{"hour": "16", "unlockCount": 0},
			{"hour": "17", "unlockCount": 1},
			{"hour": "18", "unlockCount": 1},
			{"hour": "19", "unlockCount": 2},
			{"hour": "20", "unlockCount": 3},
			{"hour": "21", "unlockCount": 1},
			{"hour": "22", "unlockCount": 0},
			{"hour": "23", "unlockCount": 0},
		]
	},
	{
		"date": 7,
		"maxTime": 275,
		"totalUnlockCount": 28,
		"keys": [
			{"hour": "0", "unlockCount": 0},
			{"hour": "1", "unlockCount": 0},
			{"hour": "2", "unlockCount": 0},
			{"hour": "3", "unlockCount": 0},
			{"hour": "4", "unlockCount": 1},
			{"hour": "5", "unlockCount": 0},
			{"hour": "6", "unlockCount": 2},
			{"hour": "7", "unlockCount": 1},
			{"hour": "8", "unlockCount": 0},
			{"hour": "9", "unlockCount": 0},
			{"hour": "10", "unlockCount": 0},
			{"hour": "11", "unlockCount": 13},
			{"hour": "12", "unlockCount": 11},
			{"hour": "13", "unlockCount": 0},
			{"hour": "14", "unlockCount": 0},
			{"hour": "15", "unlockCount": 0},
			{"hour": "16", "unlockCount": 0},
			{"hour": "17", "unlockCount": 0},
			{"hour": "18", "unlockCount": 0},
			{"hour": "19", "unlockCount": 0},
			{"hour": "20", "unlockCount": 0},
			{"hour": "21", "unlockCount": 0},
			{"hour": "22", "unlockCount": 0},
			{"hour": "23", "unlockCount": 0},
		]
	},
]
