[
	{
		"date": 1,
		"maxTime": 42,
		"totalUnlockCount": 178,
		"keys": [
			{"hour": "0", "unlockCount": 13},
			{"hour": "1", "unlockCount": 12},
			{"hour": "2", "unlockCount": 7},
			{"hour": "3", "unlockCount": 10},
			{"hour": "4", "unlockCount": 5},
			{"hour": "5", "unlockCount": 13},
			{"hour": "6", "unlockCount": 11},
			{"hour": "7", "unlockCount": 7},
			{"hour": "8", "unlockCount": 4},
			{"hour": "9", "unlockCount": 15},
			{"hour": "10", "unlockCount": 6},
			{"hour": "11", "unlockCount": 12},
			{"hour": "12", "unlockCount": 18},
			{"hour": "13", "unlockCount": 3},
			{"hour": "14", "unlockCount": 4},
			{"hour": "15", "unlockCount": 12},
			{"hour": "16", "unlockCount": 7},
			{"hour": "17", "unlockCount": 17},
			{"hour": "18", "unlockCount": 0},
			{"hour": "19", "unlockCount": 0},
			{"hour": "20", "unlockCount": 0},
			{"hour": "21", "unlockCount": 0},
			{"hour": "22", "unlockCount": 2},
			{"hour": "23", "unlockCount": 0},
		]
	},
	{
		"date": 2,
		"maxTime": 164,
		"totalUnlockCount": 111,
		"keys": [
			{"hour": "0", "unlockCount": 0},
			{"hour": "1", "unlockCount": 0},
			{"hour": "2", "unlockCount": 3},
			{"hour": "3", "unlockCount": 10},
			{"hour": "4", "unlockCount": 7},
			{"hour": "5", "unlockCount": 1},
			{"hour": "6", "unlockCount": 5},
			{"hour": "7", "unlockCount": 6},
			{"hour": "8", "unlockCount": 5},
			{"hour": "9", "unlockCount": 1},
			{"hour": "10", "unlockCount": 11},
			{"hour": "11", "unlockCount": 2},
			{"hour": "12", "unlockCount": 1},
			{"hour": "13", "unlockCount": 1},
			{"hour": "14", "unlockCount": 12},
			{"hour": "15", "unlockCount": 10},
			{"hour": "16", "unlockCount": 20},
			{"hour": "17", "unlockCount": 0},
			{"hour": "18", "unlockCount": 0},
			{"hour": "19", "unlockCount": 1},
			{"hour": "20", "unlockCount": 0},
			{"hour": "21", "unlockCount": 0},
			{"hour": "22", "unlockCount": 1},
			{"hour": "23", "unlockCount": 14},
		]
	},
	{
		"date": 3,
		"maxTime": 65,
		"totalUnlockCount": 110,
		"keys": [
			{"hour": "0", "unlockCount": 5},
			{"hour": "1", "unlockCount": 7},
			{"hour": "2", "unlockCount": 4},
			{"hour": "3", "unlockCount": 3},
			{"hour": "4", "unlockCount": 15},
			{"hour": "5", "unlockCount": 13},
			{"hour": "6", "unlockCount": 9},
			{"hour": "7", "unlockCount": 3},
			{"hour": "8", "unlockCount": 3},
			{"hour": "9", "unlockCount": 1},
			{"hour": "10", "unlockCount": 3},
			{"hour": "11", "unlockCount": 4},
			{"hour": "12", "unlockCount": 4},
			{"hour": "13", "unlockCount": 4},
			{"hour": "14", "unlockCount": 2},
			{"hour": "15", "unlockCount": 2},
			{"hour": "16", "unlockCount": 12},
			{"hour": "17", "unlockCount": 3},
			{"hour": "18", "unlockCount": 2},
			{"hour": "19", "unlockCount": 4},
			{"hour": "20", "unlockCount": 0},
			{"hour": "21", "unlockCount": 3},
			{"hour": "22", "unlockCount": 3},
			{"hour": "23", "unlockCount": 1},
		]
	},
	{
		"date": 4,
		"maxTime": 80,
		"totalUnlockCount": 141,
		"keys": [
			{"hour": "0", "unlockCount": 16},
			{"hour": "1", "unlockCount": 9},
			{"hour": "2", "unlockCount": 1},
			{"hour": "3", "unlockCount": 2},
			{"hour": "4", "unlockCount": 3},
			{"hour": "5", "unlockCount": 4},
			{"hour": "6", "unlockCount": 1},
			{"hour": "7", "unlockCount": 11},
			{"hour": "8", "unlockCount": 4},
			{"hour": "9", "unlockCount": 8},
			{"hour": "10", "unlockCount": 4},
			{"hour": "11", "unlockCount": 27},
			{"hour": "12", "unlockCount": 19},
			{"hour": "13", "unlockCount": 9},
			{"hour": "14", "unlockCount": 19},
			{"hour": "15", "unlockCount": 4},
			{"hour": "16", "unlockCount": 0},
			{"hour": "17", "unlockCount": 0},
			{"hour": "18", "unlockCount": 0},
			{"hour": "19", "unlockCount": 0},
			{"hour": "20", "unlockCount": 0},
			{"hour": "21", "unlockCount": 0},
			{"hour": "22", "unlockCount": 0},
			{"hour": "23", "unlockCount": 0},
		]
	},
	{
		"date": 5,
		"maxTime": 129,
		"totalUnlockCount": 125,
		"keys": [
			{"hour": "0", "unlockCount": 0},
			{"hour": "1", "unlockCount": 1},
			{"hour": "2", "unlockCount": 0},
			{"hour": "3", "unlockCount": 2},
			{"hour": "4", "unlockCount": 0},
			{"hour": "5", "unlockCount": 1},
			{"hour": "6", "unlockCount": 4},
			{"hour": "7", "unlockCount": 2},
			{"hour": "8", "unlockCount": 6},
			{"hour": "9", "unlockCount": 1},
			{"hour": "10", "unlockCount": 4},
			{"hour": "11", "unlockCount": 7},
			{"hour": "12", "unlockCount": 17},
			{"hour": "13", "unlockCount": 24},
			{"hour": "14", "unlockCount": 8},
			{"hour": "15", "unlockCount": 0},
			{"hour": "16", "unlockCount": 18},
			{"hour": "17", "unlockCount": 9},
			{"hour": "18", "unlockCount": 5},
			{"hour": "19", "unlockCount": 0},
			{"hour": "20", "unlockCount": 1},
			{"hour": "21", "unlockCount": 2},
			{"hour": "22", "unlockCount": 3},
			{"hour": "23", "unlockCount": 10},
		]
	},
	{
		"date": 6,
		"maxTime": 48,
		"totalUnlockCount": 95,
		"keys": [
			{"hour": "0", "unlockCount": 6},
			{"hour": "1", "unlockCount": 1},
			{"hour": "2", "unlockCount": 0},
			{"hour": "3", "unlockCount": 0},
			{"hour": "4", "unlockCount": 3},
			{"hour": "5", "unlockCount": 8},
			{"hour": "6", "unlockCount": 22},
			{"hour": "7", "unlockCount": 10},
			{"hour": "8", "unlockCount": 14},
			{"hour": "9", "unlockCount": 8},
			{"hour": "10", "unlockCount": 2},
			{"hour": "11", "unlockCount": 0},
			{"hour": "12", "unlockCount": 2},
			{"hour": "13", "unlockCount": 0},
			{"hour": "14", "unlockCount": 1},
			{"hour": "15", "unlockCount": 6},
			{"hour": "16", "unlockCount": 4},
			{"hour": "17", "unlockCount": 1},
			{"hour": "18", "unlockCount": 3},
			{"hour": "19", "unlockCount": 3},
			{"hour": "20", "unlockCount": 0},
			{"hour": "21", "unlockCount": 0},
			{"hour": "22", "unlockCount": 1},
			{"hour": "23", "unlockCount": 0},
		]
	},
	{
		"date": 7,
		"maxTime": 69,
		"totalUnlockCount": 93,
		"keys": [
			{"hour": "0", "unlockCount": 0},
			{"hour": "1", "unlockCount": 0},
			{"hour": "2", "unlockCount": 2},
			{"hour": "3", "unlockCount": 6},
			{"hour": "4", "unlockCount": 7},
			{"hour": "5", "unlockCount": 4},
			{"hour": "6", "unlockCount": 1},
			{"hour": "7", "unlockCount": 2},
			{"hour": "8", "unlockCount": 17},
			{"hour": "9", "unlockCount": 7},
			{"hour": "10", "unlockCount": 11},
			{"hour": "11", "unlockCount": 5},
			{"hour": "12", "unlockCount": 14},
			{"hour": "13", "unlockCount": 11},
			{"hour": "14", "unlockCount": 6},
			{"hour": "15", "unlockCount": 0},
			{"hour": "16", "unlockCount": 0},
			{"hour": "17", "unlockCount": 0},
			{"hour": "18", "unlockCount": 0},
			{"hour": "19", "unlockCount": 0},
			{"hour": "20", "unlockCount": 0},
			{"hour": "21", "unlockCount": 0},
			{"hour": "22", "unlockCount": 0},
			{"hour": "23", "unlockCount": 0},
		]
	},
]
