[
	{
		"date": 1,
		"maxTime": 277,
		"totalUnlockCount": 135,
		"keys": [
			{"hour": "0", "unlockCount": 0},
			{"hour": "1", "unlockCount": 7},
			{"hour": "2", "unlockCount": 2},
			{"hour": "3", "unlockCount": 15},
			{"hour": "4", "unlockCount": 7},
			{"hour": "5", "unlockCount": 15},
			{"hour": "6", "unlockCount": 5},
			{"hour": "7", "unlockCount": 1},
			{"hour": "8", "unlockCount": 5},
			{"hour": "9", "unlockCount": 14},
			{"hour": "10", "unlockCount": 10},
			{"hour": "11", "unlockCount": 6},
			{"hour": "12", "unlockCount": 7},
			{"hour": "13", "unlockCount": 10},
			{"hour": "14", "unlockCount": 0},
			{"hour": "15", "unlockCount": 0},
			{"hour": "16", "unlockCount": 0},
			{"hour": "17", "unlockCount": 2},
			{"hour": "18", "unlockCount": 0},
			{"hour": "19", "unlockCount": 2},
			{"hour": "20", "unlockCount": 3},
			{"hour": "21", "unlockCount": 0},
			{"hour": "22", "unlockCount": 22},
			{"hour": "23", "unlockCount": 2},
		]
	},
	{
		"date": 2,
		"maxTime": 104,
		"totalUnlockCount": 119,
		"keys": [
			{"hour": "0", "unlockCount": 3},
			{"hour": "1", "unlockCount": 10},
			{"hour": "2", "unlockCount": 7},
			{"hour": "3", "unlockCount": 9},
			{"hour": "4", "unlockCount": 5},
			{"hour": "5", "unlockCount": 15},
			{"hour": "6", "unlockCount": 3},
			{"hour": "7", "unlockCount": 0},
			{"hour": "8", "unlockCount": 1},
			{"hour": "9", "unlockCount": 6},
			{"hour": "10", "unlockCount": 19},
			{"hour": "11", "unlockCount": 4},
			{"hour": "12", "unlockCount": 5},
			{"hour": "13", "unlockCount": 1},
			{"hour": "14", "unlockCount": 7},
			{"hour": "15", "unlockCount": 11},
			{"hour": "16", "unlockCount": 2},
			{"hour": "17", "unlockCount": 0},
			{"hour": "18", "unlockCount": 0},
			{"hour": "19", "unlockCount": 0},
			{"hour": "20", "unlockCount": 0},
			{"hour": "21", "unlockCount": 0},
			{"hour": "22", "unlockCount": 11},
			{"hour": "23", "unlockCount": 0},
		]
	},
	{
		"date": 3,
		"maxTime": 32,
		"totalUnlockCount": 167,
		"keys": [
			{"hour": "0", "unlockCount": 11},
			{"hour": "1", "unlockCount": 6},
			{"hour": "2", "unlockCount": 3},
			{"hour": "3", "unlockCount": 17},
			{"hour": "4", "unlockCount": 5},
			{"hour": "5", "unlockCount": 3},
			{"hour": "6", "unlockCount": 23},
			{"hour": "7", "unlockCount": 11},
			{"hour": "8", "unlockCount": 9},
			{"hour": "9", "unlockCount": 18},
			{"hour": "10", "unlockCount": 20},
			{"hour": "11", "unlockCount": 15},
			{"hour": "12", "unlockCount": 2},
			{"hour": "13", "unlockCount": 14},
			{"hour": "14", "unlockCount": 1},
			{"hour": "15", "unlockCount": 1},
			{"hour": "16", "unlockCount": 1},
			{"hour": "17", "unlockCount": 0},
			{"hour": "18", "unlockCount": 0},
			{"hour": "19", "unlockCount": 2},
			{"hour": "20", "unlockCount": 0},
			{"hour": "21", "unlockCount": 5},
			{"hour": "22", "unlockCount": 0},
			{"hour": "23", "unlockCount": 0},
		]
	},
	{
		"date": 4,
		"maxTime": 28,
		"totalUnlockCount": 111,
		"keys": [
			{"hour": "0", "unlockCount": 1},
			{"hour": "1", "unlockCount": 9},
			{"hour": "2", "unlockCount": 33},
			{"hour": "3", "unlockCount": 5},
			{"hour": "4", "unlockCount": 1},
			{"hour": "5", "unlockCount": 11},
			{"hour": "6", "unlockCount": 8},
			{"hour": "7", "unlockCount": 4},
			{"hour": "8", "unlockCount": 12},
			{"hour": "9", "unlockCount": 4},
			{"hour": "10", "unlockCount": 10},
			{"hour": "11", "unlockCount": 3},
			{"hour": "12", "unlockCount": 2},
			{"hour": "13", "unlockCount": 0},
			{"hour": "14", "unlockCount": 0},
			{"hour": "15", "unlockCount": 0},
			{"hour": "16", "unlockCount": 0},
			{"hour": "17", "unlockCount": 4},
			{"hour": "18", "unlockCount": 4},
			{"hour": "19", "unlockCount": 0},
			{"hour": "20", "unlockCount": 0},
			{"hour": "21", "unlockCount": 0},
			{"hour": "22", "unlockCount": 0},
			{"hour": "23", "unlockCount": 0},
		]
	},
	{
		"date": 5,
		"maxTime": 18,
		"totalUnlockCount": 115,
		"keys": [
			{"hour": "0", "unlockCount": 0},
			{"hour": "1", "unlockCount": 0},
			{"hour": "2", "unlockCount": 0},
			{"hour": "3", "unlockCount": 7},
			{"hour": "4", "unlockCount": 8},
			{"hour": "5", "unlockCount": 5},
			{"hour": "6", "unlockCount": 4},
			{"hour": "7", "unlockCount": 2},
			{"hour": "8", "unlockCount": 10},
			{"hour": "9", "unlockCount": 5},
			{"hour": "10", "unlockCount": 14},
			{"hour": "11", "unlockCount": 16},
			{"hour": "12", "unlockCount": 12},
			{"hour": "13", "unlockCount": 1},
			{"hour": "14", "unlockCount": 14},
			{"hour": "15", "unlockCount": 0},
			{"hour": "16", "unlockCount": 4},
			{"hour": "17", "unlockCount": 12},
			{"hour": "18", "unlockCount": 1},
			{"hour": "19", "unlockCount": 0},
			{"hour": "20", "unlockCount": 0},
			{"hour": "21", "unlockCount": 0},
			{"hour": "22", "unlockCount": 0},
			{"hour": "23", "unlockCount": 0},
		]
	},
	{
		"date": 6,
		"maxTime": 50,
		"totalUnlockCount": 151,
		"keys": [
			{"hour": "0", "unlockCount": 0},
			{"hour": "1", "unlockCount": 1},
			{"hour": "2", "unlockCount": 0},
			{"hour": "3", "unlockCount": 1},
			{"hour": "4", "unlockCount": 1},
			{"hour": "5", "unlockCount": 6},
			{"hour": "6", "unlockCount": 11},
			{"hour": "7", "unlockCount": 8},
			{"hour": "8", "unlockCount": 3},
			{"hour": "9", "unlockCount": 1},
			{"hour": "10", "unlockCount": 1},
			{"hour": "11", "unlockCount": 4},
			{"hour": "12", "unlockCount": 8},
			{"hour": "13", "unlockCount": 4},
			{"hour": "14", "unlockCount": 8},
			{"hour": "15", "unlockCount": 0},
			{"hour": "16", "unlockCount": 0},
			{"hour": "17", "unlockCount": 0},
			{"hour": "18", "unlockCount": 3},
			{"hour": "19", "unlockCount": 82},
			{"hour": "20", "unlockCount": 9},
			{"hour": "21", "unlockCount": 0},
			{"hour": "22", "unlockCount": 0},
			{"hour": "23", "unlockCount": 0},
		]
	},
	{
		"date": 7,
		"maxTime": 106,
		"totalUnlockCount": 42,
		"keys": [
			{"hour": "0", "unlockCount": 0},
			{"hour": "1", "unlockCount": 0},
			{"hour": "2", "unlockCount": 0},
			{"hour": "3", "unlockCount": 0},
			{"hour": "4", "unlockCount": 9},
			{"hour": "5", "unlockCount": 7},
			{"hour": "6", "unlockCount": 3},
			{"hour": "7", "unlockCount": 1},
			{"hour": "8", "unlockCount": 3},
			{"hour": "9", "unlockCount": 18},
			{"hour": "10", "unlockCount": 1},
			{"hour": "11", "unlockCount": 0},
			{"hour": "12", "unlockCount": 0},
			{"hour": "13", "unlockCount": 0},
			{"hour": "14", "unlockCount": 0},
			{"hour": "15", "unlockCount": 0},
			{"hour": "16", "unlockCount": 0},
			{"hour": "17", "unlockCount": 0},
			{"hour": "18", "unlockCount": 0},
			{"hour": "19", "unlockCount": 0},
			{"hour": "20", "unlockCount": 0},
			{"hour": "21", "unlockCount": 0},
			{"hour": "22", "unlockCount": 0},
			{"hour": "23", "unlockCount": 0},
		]
	},
]
