[
	{
		"date": 1,
		"maxTime": 22,
		"totalUnlockCount": 54,
		"keys": [
			{"hour": "0", "unlockCount": 6},
			{"hour": "1", "unlockCount": 1},
			{"hour": "2", "unlockCount": 0},
			{"hour": "3", "unlockCount": 5},
			{"hour": "4", "unlockCount": 3},
			{"hour": "5", "unlockCount": 5},
			{"hour": "6", "unlockCount": 3},
			{"hour": "7", "unlockCount": 3},
			{"hour": "8", "unlockCount": 9},
			{"hour": "9", "unlockCount": 3},
			{"hour": "10", "unlockCount": 2},
			{"hour": "11", "unlockCount": 3},
			{"hour": "12", "unlockCount": 0},
			{"hour": "13", "unlockCount": 0},
			{"hour": "14", "unlockCount": 0},
			{"hour": "15", "unlockCount": 1},
			{"hour": "16", "unlockCount": 1},
			{"hour": "17", "unlockCount": 0},
			{"hour": "18", "unlockCount": 0},
			{"hour": "19", "unlockCount": 0},
			{"hour": "20", "unlockCount": 0},
			{"hour": "21", "unlockCount": 0},
			{"hour": "22", "unlockCount": 2},
			{"hour": "23", "unlockCount": 7},
		]
	},
	{
		"date": 2,
		"maxTime": 30,
		"totalUnlockCount": 80,
		"keys": [
			{"hour": "0", "unlockCount": 3},
			{"hour": "1", "unlockCount": 8},
			{"hour": "2", "unlockCount": 13},
			{"hour": "3", "unlockCount": 4},
			{"hour": "4", "unlockCount": 5},
			{"hour": "5", "unlockCount": 5},
			{"hour": "6", "unlockCount": 3},
			{"hour": "7", "unlockCount": 4},
			{"hour": "8", "unlockCount": 4},
			{"hour": "9", "unlockCount": 10},
			{"hour": "10", "unlockCount": 0},
			{"hour": "11", "unlockCount": 2},
			{"hour": "12", "unlockCount": 5},
			{"hour": "13", "unlockCount": 1},
			{"hour": "14", "unlockCount": 3},
			{"hour": "15", "unlockCount": 0},
			{"hour": "16", "unlockCount": 0},
			{"hour": "17", "unlockCount": 0},
			{"hour": "18", "unlockCount": 0},
			{"hour": "19", "unlockCount": 0},
			{"hour": "20", "unlockCount": 0},
			{"hour": "21", "unlockCount": 0},
			{"hour": "22", "unlockCount": 4},
			{"hour": "23", "unlockCount": 6},
		]
	},
	{
		"date": 3,
		"maxTime": 14,
		"totalUnlockCount": 425,
		"keys": [
			{"hour": "0", "unlockCount": 5},
			{"hour": "1", "unlockCount": 8},
			{"hour": "2", "unlockCount": 0},
			{"hour": "3", "unlockCount": 5},
			{"hour": "4", "unlockCount": 3},
			{"hour": "5", "unlockCount": 0},
			{"hour": "6", "unlockCount": 3},
			{"hour": "7", "unlockCount": 8},
			{"hour": "8", "unlockCount": 3},
			{"hour": "9", "unlockCount": 12},
			{"hour": "10", "unlockCount": 9},
			{"hour": "11", "unlockCount": 8},
			{"hour": "12", "unlockCount": 16},
			{"hour": "13", "unlockCount": 5},
			{"hour": "14", "unlockCount": 5},
			{"hour": "15", "unlockCount": 2},
			{"hour": "16", "unlockCount": 29},
			{"hour": "17", "unlockCount": 74},
			{"hour": "18", "unlockCount": 97},
			{"hour": "19", "unlockCount": 96},
			{"hour": "20", "unlockCount": 25},
			{"hour": "21", "unlockCount": 0},
			{"hour": "22", "unlockCount": 5},
			{"hour": "23", "unlockCount": 7},
		]
	},
	{
		"date": 4,
		"maxTime": 68,
		"totalUnlockCount": 94,
		"keys": [
			{"hour": "0", "unlockCount": 2},
			{"hour": "1", "unlockCount": 6},
			{"hour": "2", "unlockCount": 9},
			{"hour": "3", "unlockCount": 6},
			{"hour": "4", "unlockCount": 6},
			{"hour": "5", "unlockCount": 8},
			{"hour": "6", "unlockCount": 13},
			{"hour": "7", "unlockCount": 8},
			{"hour": "8", "unlockCount": 11},
			{"hour": "9", "unlockCount": 13},
			{"hour": "10", "unlockCount": 1},
			{"hour": "11", "unlockCount": 3},
			{"hour": "12", "unlockCount": 2},
			{"hour": "13", "unlockCount": 1},
			{"hour": "14", "unlockCount": 0},
			{"hour": "15", "unlockCount": 1},
			{"hour": "16", "unlockCount": 0},
			{"hour": "17", "unlockCount": 1},
			{"hour": "18", "unlockCount": 0},
			{"hour": "19", "unlockCount": 0},
			{"hour": "20", "unlockCount": 0},
			{"hour": "21", "unlockCount": 0},
			{"hour": "22", "unlockCount": 1},
			{"hour": "23", "unlockCount": 2},
		]
	},
	{
		"date": 5,
		"maxTime": 20,
		"totalUnlockCount": 66,
		"keys": [
			{"hour": "0", "unlockCount": 1},
			{"hour": "1", "unlockCount": 3},
			{"hour": "2", "unlockCount": 12},
			{"hour": "3", "unlockCount": 11},
			{"hour": "4", "unlockCount": 6},
			{"hour": "5", "unlockCount": 8},
			{"hour": "6", "unlockCount": 6},
			{"hour": "7", "unlockCount": 2},
			{"hour": "8", "unlockCount": 3},
			{"hour": "9", "unlockCount": 5},
			{"hour": "10", "unlockCount": 2},
			{"hour": "11", "unlockCount": 3},
			{"hour": "12", "unlockCount": 2},
			{"hour": "13", "unlockCount": 0},
			{"hour": "14", "unlockCount": 0},
			{"hour": "15", "unlockCount": 0},
			{"hour": "16", "unlockCount": 0},
			{"hour": "17", "unlockCount": 0},
			{"hour": "18", "unlockCount": 0},
			{"hour": "19", "unlockCount": 0},
			{"hour": "20", "unlockCount": 0},
			{"hour": "21", "unlockCount": 0},
			{"hour": "22", "unlockCount": 0},
			{"hour": "23", "unlockCount": 2},
		]
	},
	{
		"date": 6,
		"maxTime": 25,
		"totalUnlockCount": 81,
		"keys": [
			{"hour": "0", "unlockCount": 5},
			{"hour": "1", "unlockCount": 6},
			{"hour": "2", "unlockCount": 1},
			{"hour": "3", "unlockCount": 8},
			{"hour": "4", "unlockCount": 8},
			{"hour": "5", "unlockCount": 4},
			{"hour": "6", "unlockCount": 10},
			{"hour": "7", "unlockCount": 9},
			{"hour": "8", "unlockCount": 2},
			{"hour": "9", "unlockCount": 2},
			{"hour": "10", "unlockCount": 2},
			{"hour": "11", "unlockCount": 3},
			{"hour": "12", "unlockCount": 6},
			{"hour": "13", "unlockCount": 0},
			{"hour": "14", "unlockCount": 1},
			{"hour": "15", "unlockCount": 0},
			{"hour": "16", "unlockCount": 8},
			{"hour": "17", "unlockCount": 0},
			{"hour": "18", "unlockCount": 0},
			{"hour": "19", "unlockCount": 0},
			{"hour": "20", "unlockCount": 0},
			{"hour": "21", "unlockCount": 0},
			{"hour": "22", "unlockCount": 2},
			{"hour": "23", "unlockCount": 4},
		]
	},
	{
		"date": 7,
		"maxTime": 20,
		"totalUnlockCount": 46,
		"keys": [
			{"hour": "0", "unlockCount": 4},
			{"hour": "1", "unlockCount": 7},
			{"hour": "2", "unlockCount": 2},
			{"hour": "3", "unlockCount": 1},
			{"hour": "4", "unlockCount": 2},
			{"hour": "5", "unlockCount": 0},
			{"hour": "6", "unlockCount": 6},
			{"hour": "7", "unlockCount": 15},
			{"hour": "8", "unlockCount": 9},
			{"hour": "9", "unlockCount": 0},
			{"hour": "10", "unlockCount": 0},
			{"hour": "11", "unlockCount": 0},
			{"hour": "12", "unlockCount": 0},
			{"hour": "13", "unlockCount": 0},
			{"hour": "14", "unlockCount": 0},
			{"hour": "15", "unlockCount": 0},
			{"hour": "16", "unlockCount": 0},
			{"hour": "17", "unlockCount": 0},
			{"hour": "18", "unlockCount": 0},
			{"hour": "19", "unlockCount": 0},
			{"hour": "20", "unlockCount": 0},
			{"hour": "21", "unlockCount": 0},
			{"hour": "22", "unlockCount": 0},
			{"hour": "23", "unlockCount": 0},
		]
	},
]
