[
	{
		"date": 1,
		"maxTime": 63,
		"totalUnlockCount": 266,
		"keys": [
			{"hour": "0", "unlockCount": 20},
			{"hour": "1", "unlockCount": 32},
			{"hour": "2", "unlockCount": 30},
			{"hour": "3", "unlockCount": 16},
			{"hour": "4", "unlockCount": 21},
			{"hour": "5", "unlockCount": 11},
			{"hour": "6", "unlockCount": 18},
			{"hour": "7", "unlockCount": 15},
			{"hour": "8", "unlockCount": 14},
			{"hour": "9", "unlockCount": 18},
			{"hour": "10", "unlockCount": 11},
			{"hour": "11", "unlockCount": 7},
			{"hour": "12", "unlockCount": 22},
			{"hour": "13", "unlockCount": 15},
			{"hour": "14", "unlockCount": 3},
			{"hour": "15", "unlockCount": 3},
			{"hour": "16", "unlockCount": 0},
			{"hour": "17", "unlockCount": 0},
			{"hour": "18", "unlockCount": 0},
			{"hour": "19", "unlockCount": 0},
			{"hour": "20", "unlockCount": 0},
			{"hour": "21", "unlockCount": 2},
			{"hour": "22", "unlockCount": 2},
			{"hour": "23", "unlockCount": 6},
		]
	},
	{
		"date": 2,
		"maxTime": 36,
		"totalUnlockCount": 223,
		"keys": [
			{"hour": "0", "unlockCount": 8},
			{"hour": "1", "unlockCount": 13},
			{"hour": "2", "unlockCount": 11},
			{"hour": "3", "unlockCount": 2},
			{"hour": "4", "unlockCount": 11},
			{"hour": "5", "unlockCount": 21},
			{"hour": "6", "unlockCount": 13},
			{"hour": "7", "unlockCount": 9},
			{"hour": "8", "unlockCount": 13},
			{"hour": "9", "unlockCount": 18},
			{"hour": "10", "unlockCount": 12},
			{"hour": "11", "unlockCount": 11},
			{"hour": "12", "unlockCount": 18},
			{"hour": "13", "unlockCount": 24},
			{"hour": "14", "unlockCount": 6},
			{"hour": "15", "unlockCount": 0},
			{"hour": "16", "unlockCount": 0},
			{"hour": "17", "unlockCount": 0},
			{"hour": "18", "unlockCount": 0},
			{"hour": "19", "unlockCount": 1},
			{"hour": "20", "unlockCount": 0},
			{"hour": "21", "unlockCount": 3},
			{"hour": "22", "unlockCount": 20},
			{"hour": "23", "unlockCount": 9},
		]
	},
	{
		"date": 3,
		"maxTime": 85,
		"totalUnlockCount": 166,
		"keys": [
			{"hour": "0", "unlockCount": 4},
			{"hour": "1", "unlockCount": 13},
			{"hour": "2", "unlockCount": 16},
			{"hour": "3", "unlockCount": 12},
			{"hour": "4", "unlockCount": 5},
			{"hour": "5", "unlockCount": 13},
			{"hour": "6", "unlockCount": 3},
			{"hour": "7", "unlockCount": 15},
			{"hour": "8", "unlockCount": 17},
			{"hour": "9", "unlockCount": 6},
			{"hour": "10", "unlockCount": 24},
			{"hour": "11", "unlockCount": 4},
			{"hour": "12", "unlockCount": 10},
			{"hour": "13", "unlockCount": 12},
			{"hour": "14", "unlockCount": 1},
			{"hour": "15", "unlockCount": 0},
			{"hour": "16", "unlockCount": 3},
			{"hour": "17", "unlockCount": 0},
			{"hour": "18", "unlockCount": 0},
			{"hour": "19", "unlockCount": 0},
			{"hour": "20", "unlockCount": 0},
			{"hour": "21", "unlockCount": 1},
			{"hour": "22", "unlockCount": 5},
			{"hour": "23", "unlockCount": 2},
		]
	},
	{
		"date": 4,
		"maxTime": 63,
		"totalUnlockCount": 213,
		"keys": [
			{"hour": "0", "unlockCount": 25},
			{"hour": "1", "unlockCount": 9},
			{"hour": "2", "unlockCount": 16},
			{"hour": "3", "unlockCount": 23},
			{"hour": "4", "unlockCount": 18},
			{"hour": "5", "unlockCount": 7},
			{"hour": "6", "unlockCount": 10},
			{"hour": "7", "unlockCount": 22},
			{"hour": "8", "unlockCount": 13},
			{"hour": "9", "unlockCount": 28},
			{"hour": "10", "unlockCount": 25},
			{"hour": "11", "unlockCount": 0},
			{"hour": "12", "unlockCount": 1},
			{"hour": "13", "unlockCount": 0},
			{"hour": "14", "unlockCount": 4},
			{"hour": "15", "unlockCount": 3},
			{"hour": "16", "unlockCount": 1},
			{"hour": "17", "unlockCount": 5},
			{"hour": "18", "unlockCount": 2},
			{"hour": "19", "unlockCount": 0},
			{"hour": "20", "unlockCount": 0},
			{"hour": "21", "unlockCount": 0},
			{"hour": "22", "unlockCount": 1},
			{"hour": "23", "unlockCount": 0},
		]
	},
	{
		"date": 5,
		"maxTime": 134,
		"totalUnlockCount": 126,
		"keys": [
			{"hour": "0", "unlockCount": 4},
			{"hour": "1", "unlockCount": 10},
			{"hour": "2", "unlockCount": 8},
			{"hour": "3", "unlockCount": 14},
			{"hour": "4", "unlockCount": 20},
			{"hour": "5", "unlockCount": 5},
			{"hour": "6", "unlockCount": 0},
			{"hour": "7", "unlockCount": 17},
			{"hour": "8", "unlockCount": 9},
			{"hour": "9", "unlockCount": 10},
			{"hour": "10", "unlockCount": 4},
			{"hour": "11", "unlockCount": 8},
			{"hour": "12", "unlockCount": 1},
			{"hour": "13", "unlockCount": 2},
			{"hour": "14", "unlockCount": 0},
			{"hour": "15", "unlockCount": 0},
			{"hour": "16", "unlockCount": 0},
			{"hour": "17", "unlockCount": 4},
			{"hour": "18", "unlockCount": 2},
			{"hour": "19", "unlockCount": 3},
			{"hour": "20", "unlockCount": 0},
			{"hour": "21", "unlockCount": 0},
			{"hour": "22", "unlockCount": 0},
			{"hour": "23", "unlockCount": 5},
		]
	},
	{
		"date": 6,
		"maxTime": 66,
		"totalUnlockCount": 203,
		"keys": [
			{"hour": "0", "unlockCount": 9},
			{"hour": "1", "unlockCount": 6},
			{"hour": "2", "unlockCount": 8},
			{"hour": "3", "unlockCount": 21},
			{"hour": "4", "unlockCount": 25},
			{"hour": "5", "unlockCount": 18},
			{"hour": "6", "unlockCount": 16},
			{"hour": "7", "unlockCount": 8},
			{"hour": "8", "unlockCount": 14},
			{"hour": "9", "unlockCount": 13},
			{"hour": "10", "unlockCount": 11},
			{"hour": "11", "unlockCount": 1},
			{"hour": "12", "unlockCount": 3},
			{"hour": "13", "unlockCount": 2},
			{"hour": "14", "unlockCount": 37},
			{"hour": "15", "unlockCount": 2},
			{"hour": "16", "unlockCount": 0},
			{"hour": "17", "unlockCount": 0},
			{"hour": "18", "unlockCount": 0},
			{"hour": "19", "unlockCount": 0},
			{"hour": "20", "unlockCount": 1},
			{"hour": "21", "unlockCount": 1},
			{"hour": "22", "unlockCount": 2},
			{"hour": "23", "unlockCount": 5},
		]
	},
	{
		"date": 7,
		"maxTime": 50,
		"totalUnlockCount": 83,
		"keys": [
			{"hour": "0", "unlockCount": 5},
			{"hour": "1", "unlockCount": 3},
			{"hour": "2", "unlockCount": 4},
			{"hour": "3", "unlockCount": 4},
			{"hour": "4", "unlockCount": 20},
			{"hour": "5", "unlockCount": 6},
			{"hour": "6", "unlockCount": 5},
			{"hour": "7", "unlockCount": 5},
			{"hour": "8", "unlockCount": 5},
			{"hour": "9", "unlockCount": 3},
			{"hour": "10", "unlockCount": 7},
			{"hour": "11", "unlockCount": 11},
			{"hour": "12", "unlockCount": 1},
			{"hour": "13", "unlockCount": 4},
			{"hour": "14", "unlockCount": 0},
			{"hour": "15", "unlockCount": 0},
			{"hour": "16", "unlockCount": 0},
			{"hour": "17", "unlockCount": 0},
			{"hour": "18", "unlockCount": 0},
			{"hour": "19", "unlockCount": 0},
			{"hour": "20", "unlockCount": 0},
			{"hour": "21", "unlockCount": 0},
			{"hour": "22", "unlockCount": 0},
			{"hour": "23", "unlockCount": 0},
		]
	},
]
