[
	{
		"date": 1,
		"maxTime": 120,
		"totalUnlockCount": 113,
		"keys": [
			{"hour": "0", "unlockCount": 7},
			{"hour": "1", "unlockCount": 7},
			{"hour": "2", "unlockCount": 7},
			{"hour": "3", "unlockCount": 13},
			{"hour": "4", "unlockCount": 4},
			{"hour": "5", "unlockCount": 5},
			{"hour": "6", "unlockCount": 2},
			{"hour": "7", "unlockCount": 6},
			{"hour": "8", "unlockCount": 12},
			{"hour": "9", "unlockCount": 1},
			{"hour": "10", "unlockCount": 11},
			{"hour": "11", "unlockCount": 11},
			{"hour": "12", "unlockCount": 5},
			{"hour": "13", "unlockCount": 2},
			{"hour": "14", "unlockCount": 0},
			{"hour": "15", "unlockCount": 2},
			{"hour": "16", "unlockCount": 1},
			{"hour": "17", "unlockCount": 0},
			{"hour": "18", "unlockCount": 0},
			{"hour": "19", "unlockCount": 0},
			{"hour": "20", "unlockCount": 0},
			{"hour": "21", "unlockCount": 0},
			{"hour": "22", "unlockCount": 0},
			{"hour": "23", "unlockCount": 17},
		]
	},
	{
		"date": 2,
		"maxTime": 22,
		"totalUnlockCount": 251,
		"keys": [
			{"hour": "0", "unlockCount": 5},
			{"hour": "1", "unlockCount": 10},
			{"hour": "2", "unlockCount": 19},
			{"hour": "3", "unlockCount": 9},
			{"hour": "4", "unlockCount": 1},
			{"hour": "5", "unlockCount": 7},
			{"hour": "6", "unlockCount": 9},
			{"hour": "7", "unlockCount": 30},
			{"hour": "8", "unlockCount": 49},
			{"hour": "9", "unlockCount": 27},
			{"hour": "10", "unlockCount": 4},
			{"hour": "11", "unlockCount": 6},
			{"hour": "12", "unlockCount": 25},
			{"hour": "13", "unlockCount": 23},
			{"hour": "14", "unlockCount": 7},
			{"hour": "15", "unlockCount": 19},
			{"hour": "16", "unlockCount": 0},
			{"hour": "17", "unlockCount": 0},
			{"hour": "18", "unlockCount": 0},
			{"hour": "19", "unlockCount": 0},
			{"hour": "20", "unlockCount": 1},
			{"hour": "21", "unlockCount": 0},
			{"hour": "22", "unlockCount": 0},
			{"hour": "23", "unlockCount": 0},
		]
	},
	{
		"date": 3,
		"maxTime": 16,
		"totalUnlockCount": 127,
		"keys": [
			{"hour": "0", "unlockCount": 7},
			{"hour": "1", "unlockCount": 1},
			{"hour": "2", "unlockCount": 20},
			{"hour": "3", "unlockCount": 18},
			{"hour": "4", "unlockCount": 3},
			{"hour": "5", "unlockCount": 11},
			{"hour": "6", "unlockCount": 5},
			{"hour": "7", "unlockCount": 2},
			{"hour": "8", "unlockCount": 22},
			{"hour": "9", "unlockCount": 7},
			{"hour": "10", "unlockCount": 6},
			{"hour": "11", "unlockCount": 2},
			{"hour": "12", "unlockCount": 4},
			{"hour": "13", "unlockCount": 6},
			{"hour": "14", "unlockCount": 4},
			{"hour": "15", "unlockCount": 6},
			{"hour": "16", "unlockCount": 0},
			{"hour": "17", "unlockCount": 2},
			{"hour": "18", "unlockCount": 1},
			{"hour": "19", "unlockCount": 0},
			{"hour": "20", "unlockCount": 0},
			{"hour": "21", "unlockCount": 0},
			{"hour": "22", "unlockCount": 0},
			{"hour": "23", "unlockCount": 0},
		]
	},
	{
		"date": 4,
		"maxTime": 19,
		"totalUnlockCount": 133,
		"keys": [
			{"hour": "0", "unlockCount": 8},
			{"hour": "1", "unlockCount": 6},
			{"hour": "2", "unlockCount": 7},
			{"hour": "3", "unlockCount": 25},
			{"hour": "4", "unlockCount": 8},
			{"hour": "5", "unlockCount": 2},
			{"hour": "6", "unlockCount": 9},
			{"hour": "7", "unlockCount": 5},
			{"hour": "8", "unlockCount": 18},
			{"hour": "9", "unlockCount": 19},
			{"hour": "10", "unlockCount": 2},
			{"hour": "11", "unlockCount": 3},
			{"hour": "12", "unlockCount": 7},
			{"hour": "13", "unlockCount": 1},
			{"hour": "14", "unlockCount": 1},
			{"hour": "15", "unlockCount": 3},
			{"hour": "16", "unlockCount": 6},
			{"hour": "17", "unlockCount": 2},
			{"hour": "18", "unlockCount": 0},
			{"hour": "19", "unlockCount": 0},
			{"hour": "20", "unlockCount": 0},
			{"hour": "21", "unlockCount": 0},
			{"hour": "22", "unlockCount": 1},
			{"hour": "23", "unlockCount": 0},
		]
	},
	{
		"date": 5,
		"maxTime": 49,
		"totalUnlockCount": 118,
		"keys": [
			{"hour": "0", "unlockCount": 1},
			{"hour": "1", "unlockCount": 0},
			{"hour": "2", "unlockCount": 12},
			{"hour": "3", "unlockCount": 10},
			{"hour": "4", "unlockCount": 5},
			{"hour": "5", "unlockCount": 0},
			{"hour": "6", "unlockCount": 15},
			{"hour": "7", "unlockCount": 13},
			{"hour": "8", "unlockCount": 6},
			{"hour": "9", "unlockCount": 7},
			{"hour": "10", "unlockCount": 1},
			{"hour": "11", "unlockCount": 9},
			{"hour": "12", "unlockCount": 15},
			{"hour": "13", "unlockCount": 6},
			{"hour": "14", "unlockCount": 10},
			{"hour": "15", "unlockCount": 4},
			{"hour": "16", "unlockCount": 0},
			{"hour": "17", "unlockCount": 0},
			{"hour": "18", "unlockCount": 0},
			{"hour": "19", "unlockCount": 0},
			{"hour": "20", "unlockCount": 1},
			{"hour": "21", "unlockCount": 0},
			{"hour": "22", "unlockCount": 0},
			{"hour": "23", "unlockCount": 3},
		]
	},
	{
		"date": 6,
		"maxTime": 145,
		"totalUnlockCount": 90,
		"keys": [
			{"hour": "0", "unlockCount": 7},
			{"hour": "1", "unlockCount": 6},
			{"hour": "2", "unlockCount": 6},
			{"hour": "3", "unlockCount": 6},
			{"hour": "4", "unlockCount": 13},
			{"hour": "5", "unlockCount": 7},
			{"hour": "6", "unlockCount": 5},
			{"hour": "7", "unlockCount": 3},
			{"hour": "8", "unlockCount": 8},
			{"hour": "9", "unlockCount": 1},
			{"hour": "10", "unlockCount": 2},
			{"hour": "11", "unlockCount": 3},
			{"hour": "12", "unlockCount": 11},
			{"hour": "13", "unlockCount": 3},
			{"hour": "14", "unlockCount": 0},
			{"hour": "15", "unlockCount": 3},
			{"hour": "16", "unlockCount": 3},
			{"hour": "17", "unlockCount": 1},
			{"hour": "18", "unlockCount": 0},
			{"hour": "19", "unlockCount": 0},
			{"hour": "20", "unlockCount": 0},
			{"hour": "21", "unlockCount": 0},
			{"hour": "22", "unlockCount": 0},
			{"hour": "23", "unlockCount": 2},
		]
	},
	{
		"date": 7,
		"maxTime": 22,
		"totalUnlockCount": 136,
		"keys": [
			{"hour": "0", "unlockCount": 19},
			{"hour": "1", "unlockCount": 3},
			{"hour": "2", "unlockCount": 4},
			{"hour": "3", "unlockCount": 8},
			{"hour": "4", "unlockCount": 14},
			{"hour": "5", "unlockCount": 18},
			{"hour": "6", "unlockCount": 11},
			{"hour": "7", "unlockCount": 12},
			{"hour": "8", "unlockCount": 14},
			{"hour": "9", "unlockCount": 5},
			{"hour": "10", "unlockCount": 8},
			{"hour": "11", "unlockCount": 4},
			{"hour": "12", "unlockCount": 4},
			{"hour": "13", "unlockCount": 11},
			{"hour": "14", "unlockCount": 1},
			{"hour": "15", "unlockCount": 0},
			{"hour": "16", "unlockCount": 0},
			{"hour": "17", "unlockCount": 0},
			{"hour": "18", "unlockCount": 0},
			{"hour": "19", "unlockCount": 0},
			{"hour": "20", "unlockCount": 0},
			{"hour": "21", "unlockCount": 0},
			{"hour": "22", "unlockCount": 0},
			{"hour": "23", "unlockCount": 0},
		]
	},
]
