[
	{
		"date": 1,
		"maxTime": 19,
		"totalUnlockCount": 169,
		"keys": [
			{"hour": "0", "unlockCount": 6},
			{"hour": "1", "unlockCount": 22},
			{"hour": "2", "unlockCount": 22},
			{"hour": "3", "unlockCount": 12},
			{"hour": "4", "unlockCount": 4},
			{"hour": "5", "unlockCount": 7},
			{"hour": "6", "unlockCount": 7},
			{"hour": "7", "unlockCount": 10},
			{"hour": "8", "unlockCount": 30},
			{"hour": "9", "unlockCount": 13},
			{"hour": "10", "unlockCount": 5},
			{"hour": "11", "unlockCount": 2},
			{"hour": "12", "unlockCount": 11},
			{"hour": "13", "unlockCount": 2},
			{"hour": "14", "unlockCount": 4},
			{"hour": "15", "unlockCount": 2},
			{"hour": "16", "unlockCount": 0},
			{"hour": "17", "unlockCount": 2},
			{"hour": "18", "unlockCount": 0},
			{"hour": "19", "unlockCount": 0},
			{"hour": "20", "unlockCount": 0},
			{"hour": "21", "unlockCount": 0},
			{"hour": "22", "unlockCount": 0},
			{"hour": "23", "unlockCount": 8},
		]
	},
	{
		"date": 2,
		"maxTime": 80,
		"totalUnlockCount": 182,
		"keys": [
			{"hour": "0", "unlockCount": 4},
			{"hour": "1", "unlockCount": 8},
			{"hour": "2", "unlockCount": 9},
			{"hour": "3", "unlockCount": 6},
			{"hour": "4", "unlockCount": 5},
			{"hour": "5", "unlockCount": 12},
			{"hour": "6", "unlockCount": 30},
			{"hour": "7", "unlockCount": 30},
			{"hour": "8", "unlockCount": 8},
			{"hour": "9", "unlockCount": 17},
			{"hour": "10", "unlockCount": 7},
			{"hour": "11", "unlockCount": 9},
			{"hour": "12", "unlockCount": 3},
			{"hour": "13", "unlockCount": 16},
			{"hour": "14", "unlockCount": 12},
			{"hour": "15", "unlockCount": 0},
			{"hour": "16", "unlockCount": 0},
			{"hour": "17", "unlockCount": 0},
			{"hour": "18", "unlockCount": 0},
			{"hour": "19", "unlockCount": 0},
			{"hour": "20", "unlockCount": 0},
			{"hour": "21", "unlockCount": 1},
			{"hour": "22", "unlockCount": 4},
			{"hour": "23", "unlockCount": 1},
		]
	},
	{
		"date": 3,
		"maxTime": 278,
		"totalUnlockCount": 164,
		"keys": [
			{"hour": "0", "unlockCount": 6},
			{"hour": "1", "unlockCount": 12},
			{"hour": "2", "unlockCount": 10},
			{"hour": "3", "unlockCount": 16},
			{"hour": "4", "unlockCount": 2},
			{"hour": "5", "unlockCount": 12},
			{"hour": "6", "unlockCount": 7},
			{"hour": "7", "unlockCount": 7},
			{"hour": "8", "unlockCount": 19},
			{"hour": "9", "unlockCount": 15},
			{"hour": "10", "unlockCount": 9},
			{"hour": "11", "unlockCount": 6},
			{"hour": "12", "unlockCount": 2},
			{"hour": "13", "unlockCount": 3},
			{"hour": "14", "unlockCount": 12},
			{"hour": "15", "unlockCount": 3},
			{"hour": "16", "unlockCount": 7},
			{"hour": "17", "unlockCount": 6},
			{"hour": "18", "unlockCount": 0},
			{"hour": "19", "unlockCount": 0},
			{"hour": "20", "unlockCount": 0},
			{"hour": "21", "unlockCount": 0},
			{"hour": "22", "unlockCount": 4},
			{"hour": "23", "unlockCount": 6},
		]
	},
	{
		"date": 4,
		"maxTime": 43,
		"totalUnlockCount": 182,
		"keys": [
			{"hour": "0", "unlockCount": 8},
			{"hour": "1", "unlockCount": 6},
			{"hour": "2", "unlockCount": 28},
			{"hour": "3", "unlockCount": 18},
			{"hour": "4", "unlockCount": 7},
			{"hour": "5", "unlockCount": 0},
			{"hour": "6", "unlockCount": 21},
			{"hour": "7", "unlockCount": 4},
			{"hour": "8", "unlockCount": 4},
			{"hour": "9", "unlockCount": 18},
			{"hour": "10", "unlockCount": 10},
			{"hour": "11", "unlockCount": 18},
			{"hour": "12", "unlockCount": 11},
			{"hour": "13", "unlockCount": 3},
			{"hour": "14", "unlockCount": 3},
			{"hour": "15", "unlockCount": 19},
			{"hour": "16", "unlockCount": 3},
			{"hour": "17", "unlockCount": 0},
			{"hour": "18", "unlockCount": 0},
			{"hour": "19", "unlockCount": 0},
			{"hour": "20", "unlockCount": 0},
			{"hour": "21", "unlockCount": 0},
			{"hour": "22", "unlockCount": 0},
			{"hour": "23", "unlockCount": 1},
		]
	},
	{
		"date": 5,
		"maxTime": 71,
		"totalUnlockCount": 120,
		"keys": [
			{"hour": "0", "unlockCount": 5},
			{"hour": "1", "unlockCount": 27},
			{"hour": "2", "unlockCount": 13},
			{"hour": "3", "unlockCount": 13},
			{"hour": "4", "unlockCount": 3},
			{"hour": "5", "unlockCount": 1},
			{"hour": "6", "unlockCount": 0},
			{"hour": "7", "unlockCount": 3},
			{"hour": "8", "unlockCount": 0},
			{"hour": "9", "unlockCount": 10},
			{"hour": "10", "unlockCount": 13},
			{"hour": "11", "unlockCount": 9},
			{"hour": "12", "unlockCount": 11},
			{"hour": "13", "unlockCount": 1},
			{"hour": "14", "unlockCount": 0},
			{"hour": "15", "unlockCount": 1},
			{"hour": "16", "unlockCount": 0},
			{"hour": "17", "unlockCount": 1},
			{"hour": "18", "unlockCount": 0},
			{"hour": "19", "unlockCount": 0},
			{"hour": "20", "unlockCount": 0},
			{"hour": "21", "unlockCount": 0},
			{"hour": "22", "unlockCount": 3},
			{"hour": "23", "unlockCount": 6},
		]
	},
	{
		"date": 6,
		"maxTime": 97,
		"totalUnlockCount": 236,
		"keys": [
			{"hour": "0", "unlockCount": 38},
			{"hour": "1", "unlockCount": 1},
			{"hour": "2", "unlockCount": 2},
			{"hour": "3", "unlockCount": 0},
			{"hour": "4", "unlockCount": 23},
			{"hour": "5", "unlockCount": 3},
			{"hour": "6", "unlockCount": 4},
			{"hour": "7", "unlockCount": 37},
			{"hour": "8", "unlockCount": 20},
			{"hour": "9", "unlockCount": 25},
			{"hour": "10", "unlockCount": 30},
			{"hour": "11", "unlockCount": 15},
			{"hour": "12", "unlockCount": 12},
			{"hour": "13", "unlockCount": 10},
			{"hour": "14", "unlockCount": 3},
			{"hour": "15", "unlockCount": 10},
			{"hour": "16", "unlockCount": 0},
			{"hour": "17", "unlockCount": 1},
			{"hour": "18", "unlockCount": 0},
			{"hour": "19", "unlockCount": 0},
			{"hour": "20", "unlockCount": 0},
			{"hour": "21", "unlockCount": 0},
			{"hour": "22", "unlockCount": 1},
			{"hour": "23", "unlockCount": 1},
		]
	},
	{
		"date": 7,
		"maxTime": 13,
		"totalUnlockCount": 236,
		"keys": [
			{"hour": "0", "unlockCount": 0},
			{"hour": "1", "unlockCount": 8},
			{"hour": "2", "unlockCount": 35},
			{"hour": "3", "unlockCount": 10},
			{"hour": "4", "unlockCount": 14},
			{"hour": "5", "unlockCount": 6},
			{"hour": "6", "unlockCount": 25},
			{"hour": "7", "unlockCount": 16},
			{"hour": "8", "unlockCount": 12},
			{"hour": "9", "unlockCount": 12},
			{"hour": "10", "unlockCount": 5},
			{"hour": "11", "unlockCount": 19},
			{"hour": "12", "unlockCount": 29},
			{"hour": "13", "unlockCount": 21},
			{"hour": "14", "unlockCount": 17},
			{"hour": "15", "unlockCount": 0},
			{"hour": "16", "unlockCount": 4},
			{"hour": "17", "unlockCount": 0},
			{"hour": "18", "unlockCount": 0},
			{"hour": "19", "unlockCount": 0},
			{"hour": "20", "unlockCount": 0},
			{"hour": "21", "unlockCount": 0},
			{"hour": "22", "unlockCount": 1},
			{"hour": "23", "unlockCount": 2},
		]
	},
]
