[
	{
		"date": 1,
		"maxTime": 40,
		"totalUnlockCount": 78,
		"keys": [
			{"hour": "0", "unlockCount": 0},
			{"hour": "1", "unlockCount": 0},
			{"hour": "2", "unlockCount": 0},
			{"hour": "3", "unlockCount": 0},
			{"hour": "4", "unlockCount": 2},
			{"hour": "5", "unlockCount": 11},
			{"hour": "6", "unlockCount": 11},
			{"hour": "7", "unlockCount": 9},
			{"hour": "8", "unlockCount": 0},
			{"hour": "9", "unlockCount": 15},
			{"hour": "10", "unlockCount": 3},
			{"hour": "11", "unlockCount": 9},
			{"hour": "12", "unlockCount": 4},
			{"hour": "13", "unlockCount": 9},
			{"hour": "14", "unlockCount": 1},
			{"hour": "15", "unlockCount": 2},
			{"hour": "16", "unlockCount": 1},
			{"hour": "17", "unlockCount": 0},
			{"hour": "18", "unlockCount": 0},
			{"hour": "19", "unlockCount": 0},
			{"hour": "20", "unlockCount": 0},
			{"hour": "21", "unlockCount": 0},
			{"hour": "22", "unlockCount": 0},
			{"hour": "23", "unlockCount": 1},
		]
	},
	{
		"date": 2,
		"maxTime": 70,
		"totalUnlockCount": 123,
		"keys": [
			{"hour": "0", "unlockCount": 7},
			{"hour": "1", "unlockCount": 2},
			{"hour": "2", "unlockCount": 11},
			{"hour": "3", "unlockCount": 5},
			{"hour": "4", "unlockCount": 6},
			{"hour": "5", "unlockCount": 6},
			{"hour": "6", "unlockCount": 4},
			{"hour": "7", "unlockCount": 9},
			{"hour": "8", "unlockCount": 1},
			{"hour": "9", "unlockCount": 11},
			{"hour": "10", "unlockCount": 2},
			{"hour": "11", "unlockCount": 11},
			{"hour": "12", "unlockCount": 18},
			{"hour": "13", "unlockCount": 10},
			{"hour": "14", "unlockCount": 5},
			{"hour": "15", "unlockCount": 1},
			{"hour": "16", "unlockCount": 1},
			{"hour": "17", "unlockCount": 2},
			{"hour": "18", "unlockCount": 0},
			{"hour": "19", "unlockCount": 1},
			{"hour": "20", "unlockCount": 1},
			{"hour": "21", "unlockCount": 0},
			{"hour": "22", "unlockCount": 0},
			{"hour": "23", "unlockCount": 9},
		]
	},
	{
		"date": 3,
		"maxTime": 65,
		"totalUnlockCount": 137,
		"keys": [
			{"hour": "0", "unlockCount": 3},
			{"hour": "1", "unlockCount": 3},
			{"hour": "2", "unlockCount": 6},
			{"hour": "3", "unlockCount": 7},
			{"hour": "4", "unlockCount": 14},
			{"hour": "5", "unlockCount": 12},
			{"hour": "6", "unlockCount": 13},
			{"hour": "7", "unlockCount": 15},
			{"hour": "8", "unlockCount": 4},
			{"hour": "9", "unlockCount": 9},
			{"hour": "10", "unlockCount": 1},
			{"hour": "11", "unlockCount": 6},
			{"hour": "12", "unlockCount": 4},
			{"hour": "13", "unlockCount": 23},
			{"hour": "14", "unlockCount": 6},
			{"hour": "15", "unlockCount": 4},
			{"hour": "16", "unlockCount": 2},
			{"hour": "17", "unlockCount": 3},
			{"hour": "18", "unlockCount": 0},
			{"hour": "19", "unlockCount": 1},
			{"hour": "20", "unlockCount": 0},
			{"hour": "21", "unlockCount": 0},
			{"hour": "22", "unlockCount": 0},
			{"hour": "23", "unlockCount": 1},
		]
	},
	{
		"date": 4,
		"maxTime": 45,
		"totalUnlockCount": 163,
		"keys": [
			{"hour": "0", "unlockCount": 1},
			{"hour": "1", "unlockCount": 2},
			{"hour": "2", "unlockCount": 9},
			{"hour": "3", "unlockCount": 9},
			{"hour": "4", "unlockCount": 9},
			{"hour": "5", "unlockCount": 12},
			{"hour": "6", "unlockCount": 23},
			{"hour": "7", "unlockCount": 9},
			{"hour": "8", "unlockCount": 10},
			{"hour": "9", "unlockCount": 15},
			{"hour": "10", "unlockCount": 22},
			{"hour": "11", "unlockCount": 6},
			{"hour": "12", "unlockCount": 3},
			{"hour": "13", "unlockCount": 5},
			{"hour": "14", "unlockCount": 4},
			{"hour": "15", "unlockCount": 2},
			{"hour": "16", "unlockCount": 1},
			{"hour": "17", "unlockCount": 1},
			{"hour": "18", "unlockCount": 0},
			{"hour": "19", "unlockCount": 0},
			{"hour": "20", "unlockCount": 0},
			{"hour": "21", "unlockCount": 0},
			{"hour": "22", "unlockCount": 5},
			{"hour": "23", "unlockCount": 15},
		]
	},
	{
		"date": 5,
		"maxTime": 66,
		"totalUnlockCount": 129,
		"keys": [
			{"hour": "0", "unlockCount": 11},
			{"hour": "1", "unlockCount": 13},
			{"hour": "2", "unlockCount": 7},
			{"hour": "3", "unlockCount": 6},
			{"hour": "4", "unlockCount": 17},
			{"hour": "5", "unlockCount": 11},
			{"hour": "6", "unlockCount": 4},
			{"hour": "7", "unlockCount": 16},
			{"hour": "8", "unlockCount": 13},
			{"hour": "9", "unlockCount": 3},
			{"hour": "10", "unlockCount": 5},
			{"hour": "11", "unlockCount": 4},
			{"hour": "12", "unlockCount": 10},
			{"hour": "13", "unlockCount": 6},
			{"hour": "14", "unlockCount": 2},
			{"hour": "15", "unlockCount": 0},
			{"hour": "16", "unlockCount": 0},
			{"hour": "17", "unlockCount": 0},
			{"hour": "18", "unlockCount": 1},
			{"hour": "19", "unlockCount": 0},
			{"hour": "20", "unlockCount": 0},
			{"hour": "21", "unlockCount": 0},
			{"hour": "22", "unlockCount": 0},
			{"hour": "23", "unlockCount": 0},
		]
	},
	{
		"date": 6,
		"maxTime": 178,
		"totalUnlockCount": 47,
		"keys": [
			{"hour": "0", "unlockCount": 2},
			{"hour": "1", "unlockCount": 0},
			{"hour": "2", "unlockCount": 4},
			{"hour": "3", "unlockCount": 5},
			{"hour": "4", "unlockCount": 0},
			{"hour": "5", "unlockCount": 0},
			{"hour": "6", "unlockCount": 4},
			{"hour": "7", "unlockCount": 8},
			{"hour": "8", "unlockCount": 1},
			{"hour": "9", "unlockCount": 3},
			{"hour": "10", "unlockCount": 0},
			{"hour": "11", "unlockCount": 4},
			{"hour": "12", "unlockCount": 1},
			{"hour": "13", "unlockCount": 2},
			{"hour": "14", "unlockCount": 1},
			{"hour": "15", "unlockCount": 5},
			{"hour": "16", "unlockCount": 5},
			{"hour": "17", "unlockCount": 2},
			{"hour": "18", "unlockCount": 0},
			{"hour": "19", "unlockCount": 0},
			{"hour": "20", "unlockCount": 0},
			{"hour": "21", "unlockCount": 0},
			{"hour": "22", "unlockCount": 0},
			{"hour": "23", "unlockCount": 0},
		]
	},
	{
		"date": 7,
		"maxTime": 184,
		"totalUnlockCount": 102,
		"keys": [
			{"hour": "0", "unlockCount": 0},
			{"hour": "1", "unlockCount": 2},
			{"hour": "2", "unlockCount": 0},
			{"hour": "3", "unlockCount": 3},
			{"hour": "4", "unlockCount": 3},
			{"hour": "5", "unlockCount": 0},
			{"hour": "6", "unlockCount": 0},
			{"hour": "7", "unlockCount": 9},
			{"hour": "8", "unlockCount": 6},
			{"hour": "9", "unlockCount": 6},
			{"hour": "10", "unlockCount": 48},
			{"hour": "11", "unlockCount": 10},
			{"hour": "12", "unlockCount": 14},
			{"hour": "13", "unlockCount": 1},
			{"hour": "14", "unlockCount": 0},
			{"hour": "15", "unlockCount": 0},
			{"hour": "16", "unlockCount": 0},
			{"hour": "17", "unlockCount": 0},
			{"hour": "18", "unlockCount": 0},
			{"hour": "19", "unlockCount": 0},
			{"hour": "20", "unlockCount": 0},
			{"hour": "21", "unlockCount": 0},
			{"hour": "22", "unlockCount": 0},
			{"hour": "23", "unlockCount": 0},
		]
	},
]
