[
	{
		"date": 1,
		"maxTime": 21,
		"totalUnlockCount": 185,
		"keys": [
			{"hour": "0", "unlockCount": 4},
			{"hour": "1", "unlockCount": 0},
			{"hour": "2", "unlockCount": 0},
			{"hour": "3", "unlockCount": 10},
			{"hour": "4", "unlockCount": 8},
			{"hour": "5", "unlockCount": 13},
			{"hour": "6", "unlockCount": 16},
			{"hour": "7", "unlockCount": 15},
			{"hour": "8", "unlockCount": 14},
			{"hour": "9", "unlockCount": 22},
			{"hour": "10", "unlockCount": 20},
			{"hour": "11", "unlockCount": 5},
			{"hour": "12", "unlockCount": 8},
			{"hour": "13", "unlockCount": 12},
			{"hour": "14", "unlockCount": 14},
			{"hour": "15", "unlockCount": 8},
			{"hour": "16", "unlockCount": 6},
			{"hour": "17", "unlockCount": 1},
			{"hour": "18", "unlockCount": 7},
			{"hour": "19", "unlockCount": 0},
			{"hour": "20", "unlockCount": 2},
			{"hour": "21", "unlockCount": 0},
			{"hour": "22", "unlockCount": 0},
			{"hour": "23", "unlockCount": 0},
		]
	},
	{
		"date": 2,
		"maxTime": 27,
		"totalUnlockCount": 119,
		"keys": [
			{"hour": "0", "unlockCount": 5},
			{"hour": "1", "unlockCount": 2},
			{"hour": "2", "unlockCount": 0},
			{"hour": "3", "unlockCount": 3},
			{"hour": "4", "unlockCount": 17},
			{"hour": "5", "unlockCount": 13},
			{"hour": "6", "unlockCount": 4},
			{"hour": "7", "unlockCount": 11},
			{"hour": "8", "unlockCount": 8},
			{"hour": "9", "unlockCount": 6},
			{"hour": "10", "unlockCount": 7},
			{"hour": "11", "unlockCount": 12},
			{"hour": "12", "unlockCount": 4},
			{"hour": "13", "unlockCount": 1},
			{"hour": "14", "unlockCount": 12},
			{"hour": "15", "unlockCount": 6},
			{"hour": "16", "unlockCount": 1},
			{"hour": "17", "unlockCount": 0},
			{"hour": "18", "unlockCount": 4},
			{"hour": "19", "unlockCount": 1},
			{"hour": "20", "unlockCount": 2},
			{"hour": "21", "unlockCount": 0},
			{"hour": "22", "unlockCount": 0},
			{"hour": "23", "unlockCount": 0},
		]
	},
	{
		"date": 3,
		"maxTime": 20,
		"totalUnlockCount": 149,
		"keys": [
			{"hour": "0", "unlockCount": 3},
			{"hour": "1", "unlockCount": 4},
			{"hour": "2", "unlockCount": 4},
			{"hour": "3", "unlockCount": 11},
			{"hour": "4", "unlockCount": 5},
			{"hour": "5", "unlockCount": 5},
			{"hour": "6", "unlockCount": 12},
			{"hour": "7", "unlockCount": 19},
			{"hour": "8", "unlockCount": 16},
			{"hour": "9", "unlockCount": 17},
			{"hour": "10", "unlockCount": 2},
			{"hour": "11", "unlockCount": 2},
			{"hour": "12", "unlockCount": 12},
			{"hour": "13", "unlockCount": 6},
			{"hour": "14", "unlockCount": 1},
			{"hour": "15", "unlockCount": 1},
			{"hour": "16", "unlockCount": 4},
			{"hour": "17", "unlockCount": 4},
			{"hour": "18", "unlockCount": 0},
			{"hour": "19", "unlockCount": 3},
			{"hour": "20", "unlockCount": 17},
			{"hour": "21", "unlockCount": 0},
			{"hour": "22", "unlockCount": 1},
			{"hour": "23", "unlockCount": 0},
		]
	},
	{
		"date": 4,
		"maxTime": 44,
		"totalUnlockCount": 111,
		"keys": [
			{"hour": "0", "unlockCount": 3},
			{"hour": "1", "unlockCount": 6},
			{"hour": "2", "unlockCount": 29},
			{"hour": "3", "unlockCount": 7},
			{"hour": "4", "unlockCount": 6},
			{"hour": "5", "unlockCount": 18},
			{"hour": "6", "unlockCount": 3},
			{"hour": "7", "unlockCount": 9},
			{"hour": "8", "unlockCount": 3},
			{"hour": "9", "unlockCount": 5},
			{"hour": "10", "unlockCount": 2},
			{"hour": "11", "unlockCount": 1},
			{"hour": "12", "unlockCount": 3},
			{"hour": "13", "unlockCount": 5},
			{"hour": "14", "unlockCount": 5},
			{"hour": "15", "unlockCount": 2},
			{"hour": "16", "unlockCount": 0},
			{"hour": "17", "unlockCount": 0},
			{"hour": "18", "unlockCount": 0},
			{"hour": "19", "unlockCount": 3},
			{"hour": "20", "unlockCount": 1},
			{"hour": "21", "unlockCount": 0},
			{"hour": "22", "unlockCount": 0},
			{"hour": "23", "unlockCount": 0},
		]
	},
	{
		"date": 5,
		"maxTime": 227,
		"totalUnlockCount": 49,
		"keys": [
			{"hour": "0", "unlockCount": 3},
			{"hour": "1", "unlockCount": 0},
			{"hour": "2", "unlockCount": 1},
			{"hour": "3", "unlockCount": 9},
			{"hour": "4", "unlockCount": 4},
			{"hour": "5", "unlockCount": 11},
			{"hour": "6", "unlockCount": 1},
			{"hour": "7", "unlockCount": 0},
			{"hour": "8", "unlockCount": 1},
			{"hour": "9", "unlockCount": 0},
			{"hour": "10", "unlockCount": 5},
			{"hour": "11", "unlockCount": 12},
			{"hour": "12", "unlockCount": 0},
			{"hour": "13", "unlockCount": 0},
			{"hour": "14", "unlockCount": 0},
			{"hour": "15", "unlockCount": 0},
			{"hour": "16", "unlockCount": 1},
			{"hour": "17", "unlockCount": 0},
			{"hour": "18", "unlockCount": 0},
			{"hour": "19", "unlockCount": 1},
			{"hour": "20", "unlockCount": 0},
			{"hour": "21", "unlockCount": 0},
			{"hour": "22", "unlockCount": 0},
			{"hour": "23", "unlockCount": 0},
		]
	},
	{
		"date": 6,
		"maxTime": 88,
		"totalUnlockCount": 120,
		"keys": [
			{"hour": "0", "unlockCount": 0},
			{"hour": "1", "unlockCount": 0},
			{"hour": "2", "unlockCount": 0},
			{"hour": "3", "unlockCount": 2},
			{"hour": "4", "unlockCount": 4},
			{"hour": "5", "unlockCount": 4},
			{"hour": "6", "unlockCount": 1},
			{"hour": "7", "unlockCount": 10},
			{"hour": "8", "unlockCount": 20},
			{"hour": "9", "unlockCount": 12},
			{"hour": "10", "unlockCount": 4},
			{"hour": "11", "unlockCount": 7},
			{"hour": "12", "unlockCount": 7},
			{"hour": "13", "unlockCount": 15},
			{"hour": "14", "unlockCount": 6},
			{"hour": "15", "unlockCount": 9},
			{"hour": "16", "unlockCount": 16},
			{"hour": "17", "unlockCount": 0},
			{"hour": "18", "unlockCount": 0},
			{"hour": "19", "unlockCount": 1},
			{"hour": "20", "unlockCount": 0},
			{"hour": "21", "unlockCount": 0},
			{"hour": "22", "unlockCount": 0},
			{"hour": "23", "unlockCount": 2},
		]
	},
	{
		"date": 7,
		"maxTime": 56,
		"totalUnlockCount": 162,
		"keys": [
			{"hour": "0", "unlockCount": 2},
			{"hour": "1", "unlockCount": 0},
			{"hour": "2", "unlockCount": 2},
			{"hour": "3", "unlockCount": 11},
			{"hour": "4", "unlockCount": 2},
			{"hour": "5", "unlockCount": 8},
			{"hour": "6", "unlockCount": 5},
			{"hour": "7", "unlockCount": 14},
			{"hour": "8", "unlockCount": 8},
			{"hour": "9", "unlockCount": 15},
			{"hour": "10", "unlockCount": 8},
			{"hour": "11", "unlockCount": 12},
			{"hour": "12", "unlockCount": 17},
			{"hour": "13", "unlockCount": 17},
			{"hour": "14", "unlockCount": 18},
			{"hour": "15", "unlockCount": 1},
			{"hour": "16", "unlockCount": 4},
			{"hour": "17", "unlockCount": 8},
			{"hour": "18", "unlockCount": 7},
			{"hour": "19", "unlockCount": 0},
			{"hour": "20", "unlockCount": 0},
			{"hour": "21", "unlockCount": 1},
			{"hour": "22", "unlockCount": 0},
			{"hour": "23", "unlockCount": 2},
		]
	},
]
