[
	{
		"date": 1,
		"maxTime": 37,
		"totalUnlockCount": 226,
		"keys": [
			{"hour": "0", "unlockCount": 3},
			{"hour": "1", "unlockCount": 9},
			{"hour": "2", "unlockCount": 9},
			{"hour": "3", "unlockCount": 24},
			{"hour": "4", "unlockCount": 22},
			{"hour": "5", "unlockCount": 9},
			{"hour": "6", "unlockCount": 10},
			{"hour": "7", "unlockCount": 8},
			{"hour": "8", "unlockCount": 0},
			{"hour": "9", "unlockCount": 21},
			{"hour": "10", "unlockCount": 16},
			{"hour": "11", "unlockCount": 17},
			{"hour": "12", "unlockCount": 22},
			{"hour": "13", "unlockCount": 22},
			{"hour": "14", "unlockCount": 8},
			{"hour": "15", "unlockCount": 12},
			{"hour": "16", "unlockCount": 4},
			{"hour": "17", "unlockCount": 0},
			{"hour": "18", "unlockCount": 0},
			{"hour": "19", "unlockCount": 0},
			{"hour": "20", "unlockCount": 1},
			{"hour": "21", "unlockCount": 0},
			{"hour": "22", "unlockCount": 0},
			{"hour": "23", "unlockCount": 9},
		]
	},
	{
		"date": 2,
		"maxTime": 45,
		"totalUnlockCount": 246,
		"keys": [
			{"hour": "0", "unlockCount": 14},
			{"hour": "1", "unlockCount": 21},
			{"hour": "2", "unlockCount": 7},
			{"hour": "3", "unlockCount": 9},
			{"hour": "4", "unlockCount": 25},
			{"hour": "5", "unlockCount": 17},
			{"hour": "6", "unlockCount": 14},
			{"hour": "7", "unlockCount": 17},
			{"hour": "8", "unlockCount": 4},
			{"hour": "9", "unlockCount": 19},
			{"hour": "10", "unlockCount": 21},
			{"hour": "11", "unlockCount": 12},
			{"hour": "12", "unlockCount": 11},
			{"hour": "13", "unlockCount": 8},
			{"hour": "14", "unlockCount": 6},
			{"hour": "15", "unlockCount": 8},
			{"hour": "16", "unlockCount": 8},
			{"hour": "17", "unlockCount": 6},
			{"hour": "18", "unlockCount": 1},
			{"hour": "19", "unlockCount": 0},
			{"hour": "20", "unlockCount": 7},
			{"hour": "21", "unlockCount": 1},
			{"hour": "22", "unlockCount": 1},
			{"hour": "23", "unlockCount": 9},
		]
	},
	{
		"date": 3,
		"maxTime": 17,
		"totalUnlockCount": 256,
		"keys": [
			{"hour": "0", "unlockCount": 10},
			{"hour": "1", "unlockCount": 7},
			{"hour": "2", "unlockCount": 1},
			{"hour": "3", "unlockCount": 13},
			{"hour": "4", "unlockCount": 19},
			{"hour": "5", "unlockCount": 16},
			{"hour": "6", "unlockCount": 6},
			{"hour": "7", "unlockCount": 12},
			{"hour": "8", "unlockCount": 12},
			{"hour": "9", "unlockCount": 18},
			{"hour": "10", "unlockCount": 17},
			{"hour": "11", "unlockCount": 22},
			{"hour": "12", "unlockCount": 11},
			{"hour": "13", "unlockCount": 22},
			{"hour": "14", "unlockCount": 15},
			{"hour": "15", "unlockCount": 12},
			{"hour": "16", "unlockCount": 13},
			{"hour": "17", "unlockCount": 10},
			{"hour": "18", "unlockCount": 11},
			{"hour": "19", "unlockCount": 4},
			{"hour": "20", "unlockCount": 0},
			{"hour": "21", "unlockCount": 1},
			{"hour": "22", "unlockCount": 2},
			{"hour": "23", "unlockCount": 2},
		]
	},
	{
		"date": 4,
		"maxTime": 31,
		"totalUnlockCount": 232,
		"keys": [
			{"hour": "0", "unlockCount": 12},
			{"hour": "1", "unlockCount": 9},
			{"hour": "2", "unlockCount": 17},
			{"hour": "3", "unlockCount": 10},
			{"hour": "4", "unlockCount": 6},
			{"hour": "5", "unlockCount": 7},
			{"hour": "6", "unlockCount": 22},
			{"hour": "7", "unlockCount": 10},
			{"hour": "8", "unlockCount": 24},
			{"hour": "9", "unlockCount": 11},
			{"hour": "10", "unlockCount": 13},
			{"hour": "11", "unlockCount": 14},
			{"hour": "12", "unlockCount": 14},
			{"hour": "13", "unlockCount": 18},
			{"hour": "14", "unlockCount": 14},
			{"hour": "15", "unlockCount": 4},
			{"hour": "16", "unlockCount": 0},
			{"hour": "17", "unlockCount": 1},
			{"hour": "18", "unlockCount": 6},
			{"hour": "19", "unlockCount": 0},
			{"hour": "20", "unlockCount": 9},
			{"hour": "21", "unlockCount": 11},
			{"hour": "22", "unlockCount": 0},
			{"hour": "23", "unlockCount": 0},
		]
	},
	{
		"date": 5,
		"maxTime": 38,
		"totalUnlockCount": 91,
		"keys": [
			{"hour": "0", "unlockCount": 0},
			{"hour": "1", "unlockCount": 0},
			{"hour": "2", "unlockCount": 4},
			{"hour": "3", "unlockCount": 3},
			{"hour": "4", "unlockCount": 1},
			{"hour": "5", "unlockCount": 10},
			{"hour": "6", "unlockCount": 11},
			{"hour": "7", "unlockCount": 3},
			{"hour": "8", "unlockCount": 3},
			{"hour": "9", "unlockCount": 10},
			{"hour": "10", "unlockCount": 13},
			{"hour": "11", "unlockCount": 4},
			{"hour": "12", "unlockCount": 14},
			{"hour": "13", "unlockCount": 2},
			{"hour": "14", "unlockCount": 0},
			{"hour": "15", "unlockCount": 2},
			{"hour": "16", "unlockCount": 5},
			{"hour": "17", "unlockCount": 0},
			{"hour": "18", "unlockCount": 0},
			{"hour": "19", "unlockCount": 3},
			{"hour": "20", "unlockCount": 0},
			{"hour": "21", "unlockCount": 0},
			{"hour": "22", "unlockCount": 2},
			{"hour": "23", "unlockCount": 1},
		]
	},
	{
		"date": 6,
		"maxTime": 43,
		"totalUnlockCount": 189,
		"keys": [
			{"hour": "0", "unlockCount": 0},
			{"hour": "1", "unlockCount": 7},
			{"hour": "2", "unlockCount": 7},
			{"hour": "3", "unlockCount": 11},
			{"hour": "4", "unlockCount": 16},
			{"hour": "5", "unlockCount": 13},
			{"hour": "6", "unlockCount": 17},
			{"hour": "7", "unlockCount": 4},
			{"hour": "8", "unlockCount": 15},
			{"hour": "9", "unlockCount": 9},
			{"hour": "10", "unlockCount": 17},
			{"hour": "11", "unlockCount": 19},
			{"hour": "12", "unlockCount": 14},
			{"hour": "13", "unlockCount": 10},
			{"hour": "14", "unlockCount": 10},
			{"hour": "15", "unlockCount": 6},
			{"hour": "16", "unlockCount": 8},
			{"hour": "17", "unlockCount": 2},
			{"hour": "18", "unlockCount": 1},
			{"hour": "19", "unlockCount": 0},
			{"hour": "20", "unlockCount": 2},
			{"hour": "21", "unlockCount": 0},
			{"hour": "22", "unlockCount": 0},
			{"hour": "23", "unlockCount": 1},
		]
	},
	{
		"date": 7,
		"maxTime": 94,
		"totalUnlockCount": 90,
		"keys": [
			{"hour": "0", "unlockCount": 0},
			{"hour": "1", "unlockCount": 4},
			{"hour": "2", "unlockCount": 1},
			{"hour": "3", "unlockCount": 0},
			{"hour": "4", "unlockCount": 0},
			{"hour": "5", "unlockCount": 12},
			{"hour": "6", "unlockCount": 5},
			{"hour": "7", "unlockCount": 2},
			{"hour": "8", "unlockCount": 0},
			{"hour": "9", "unlockCount": 8},
			{"hour": "10", "unlockCount": 18},
			{"hour": "11", "unlockCount": 13},
			{"hour": "12", "unlockCount": 8},
			{"hour": "13", "unlockCount": 13},
			{"hour": "14", "unlockCount": 6},
			{"hour": "15", "unlockCount": 0},
			{"hour": "16", "unlockCount": 0},
			{"hour": "17", "unlockCount": 0},
			{"hour": "18", "unlockCount": 0},
			{"hour": "19", "unlockCount": 0},
			{"hour": "20", "unlockCount": 0},
			{"hour": "21", "unlockCount": 0},
			{"hour": "22", "unlockCount": 0},
			{"hour": "23", "unlockCount": 0},
		]
	},
]
