[
	{
		"date": 1,
		"maxTime": 21,
		"totalUnlockCount": 189,
		"keys": [
			{"hour": "0", "unlockCount": 10},
			{"hour": "1", "unlockCount": 9},
			{"hour": "2", "unlockCount": 7},
			{"hour": "3", "unlockCount": 11},
			{"hour": "4", "unlockCount": 13},
			{"hour": "5", "unlockCount": 13},
			{"hour": "6", "unlockCount": 13},
			{"hour": "7", "unlockCount": 2},
			{"hour": "8", "unlockCount": 20},
			{"hour": "9", "unlockCount": 17},
			{"hour": "10", "unlockCount": 11},
			{"hour": "11", "unlockCount": 7},
			{"hour": "12", "unlockCount": 8},
			{"hour": "13", "unlockCount": 3},
			{"hour": "14", "unlockCount": 1},
			{"hour": "15", "unlockCount": 9},
			{"hour": "16", "unlockCount": 13},
			{"hour": "17", "unlockCount": 5},
			{"hour": "18", "unlockCount": 2},
			{"hour": "19", "unlockCount": 0},
			{"hour": "20", "unlockCount": 0},
			{"hour": "21", "unlockCount": 0},
			{"hour": "22", "unlockCount": 2},
			{"hour": "23", "unlockCount": 13},
		]
	},
	{
		"date": 2,
		"maxTime": 32,
		"totalUnlockCount": 295,
		"keys": [
			{"hour": "0", "unlockCount": 14},
			{"hour": "1", "unlockCount": 22},
			{"hour": "2", "unlockCount": 18},
			{"hour": "3", "unlockCount": 37},
			{"hour": "4", "unlockCount": 24},
			{"hour": "5", "unlockCount": 23},
			{"hour": "6", "unlockCount": 16},
			{"hour": "7", "unlockCount": 7},
			{"hour": "8", "unlockCount": 37},
			{"hour": "9", "unlockCount": 15},
			{"hour": "10", "unlockCount": 11},
			{"hour": "11", "unlockCount": 8},
			{"hour": "12", "unlockCount": 2},
			{"hour": "13", "unlockCount": 6},
			{"hour": "14", "unlockCount": 8},
			{"hour": "15", "unlockCount": 5},
			{"hour": "16", "unlockCount": 1},
			{"hour": "17", "unlockCount": 5},
			{"hour": "18", "unlockCount": 2},
			{"hour": "19", "unlockCount": 11},
			{"hour": "20", "unlockCount": 3},
			{"hour": "21", "unlockCount": 0},
			{"hour": "22", "unlockCount": 7},
			{"hour": "23", "unlockCount": 13},
		]
	},
	{
		"date": 3,
		"maxTime": 28,
		"totalUnlockCount": 198,
		"keys": [
			{"hour": "0", "unlockCount": 12},
			{"hour": "1", "unlockCount": 7},
			{"hour": "2", "unlockCount": 13},
			{"hour": "3", "unlockCount": 24},
			{"hour": "4", "unlockCount": 6},
			{"hour": "5", "unlockCount": 11},
			{"hour": "6", "unlockCount": 21},
			{"hour": "7", "unlockCount": 12},
			{"hour": "8", "unlockCount": 17},
			{"hour": "9", "unlockCount": 7},
			{"hour": "10", "unlockCount": 11},
			{"hour": "11", "unlockCount": 8},
			{"hour": "12", "unlockCount": 1},
			{"hour": "13", "unlockCount": 2},
			{"hour": "14", "unlockCount": 4},
			{"hour": "15", "unlockCount": 4},
			{"hour": "16", "unlockCount": 27},
			{"hour": "17", "unlockCount": 4},
			{"hour": "18", "unlockCount": 0},
			{"hour": "19", "unlockCount": 0},
			{"hour": "20", "unlockCount": 0},
			{"hour": "21", "unlockCount": 0},
			{"hour": "22", "unlockCount": 0},
			{"hour": "23", "unlockCount": 7},
		]
	},
	{
		"date": 4,
		"maxTime": 66,
		"totalUnlockCount": 252,
		"keys": [
			{"hour": "0", "unlockCount": 14},
			{"hour": "1", "unlockCount": 7},
			{"hour": "2", "unlockCount": 24},
			{"hour": "3", "unlockCount": 20},
			{"hour": "4", "unlockCount": 0},
			{"hour": "5", "unlockCount": 40},
			{"hour": "6", "unlockCount": 8},
			{"hour": "7", "unlockCount": 19},
			{"hour": "8", "unlockCount": 19},
			{"hour": "9", "unlockCount": 23},
			{"hour": "10", "unlockCount": 18},
			{"hour": "11", "unlockCount": 1},
			{"hour": "12", "unlockCount": 0},
			{"hour": "13", "unlockCount": 0},
			{"hour": "14", "unlockCount": 0},
			{"hour": "15", "unlockCount": 0},
			{"hour": "16", "unlockCount": 0},
			{"hour": "17", "unlockCount": 6},
			{"hour": "18", "unlockCount": 9},
			{"hour": "19", "unlockCount": 15},
			{"hour": "20", "unlockCount": 2},
			{"hour": "21", "unlockCount": 6},
			{"hour": "22", "unlockCount": 12},
			{"hour": "23", "unlockCount": 9},
		]
	},
	{
		"date": 5,
		"maxTime": 37,
		"totalUnlockCount": 286,
		"keys": [
			{"hour": "0", "unlockCount": 26},
			{"hour": "1", "unlockCount": 12},
			{"hour": "2", "unlockCount": 20},
			{"hour": "3", "unlockCount": 17},
			{"hour": "4", "unlockCount": 18},
			{"hour": "5", "unlockCount": 16},
			{"hour": "6", "unlockCount": 9},
			{"hour": "7", "unlockCount": 14},
			{"hour": "8", "unlockCount": 18},
			{"hour": "9", "unlockCount": 10},
			{"hour": "10", "unlockCount": 15},
			{"hour": "11", "unlockCount": 29},
			{"hour": "12", "unlockCount": 5},
			{"hour": "13", "unlockCount": 2},
			{"hour": "14", "unlockCount": 2},
			{"hour": "15", "unlockCount": 9},
			{"hour": "16", "unlockCount": 15},
			{"hour": "17", "unlockCount": 5},
			{"hour": "18", "unlockCount": 28},
			{"hour": "19", "unlockCount": 8},
			{"hour": "20", "unlockCount": 8},
			{"hour": "21", "unlockCount": 0},
			{"hour": "22", "unlockCount": 0},
			{"hour": "23", "unlockCount": 0},
		]
	},
	{
		"date": 6,
		"maxTime": 138,
		"totalUnlockCount": 117,
		"keys": [
			{"hour": "0", "unlockCount": 0},
			{"hour": "1", "unlockCount": 0},
			{"hour": "2", "unlockCount": 1},
			{"hour": "3", "unlockCount": 5},
			{"hour": "4", "unlockCount": 5},
			{"hour": "5", "unlockCount": 15},
			{"hour": "6", "unlockCount": 24},
			{"hour": "7", "unlockCount": 12},
			{"hour": "8", "unlockCount": 15},
			{"hour": "9", "unlockCount": 3},
			{"hour": "10", "unlockCount": 9},
			{"hour": "11", "unlockCount": 17},
			{"hour": "12", "unlockCount": 7},
			{"hour": "13", "unlockCount": 0},
			{"hour": "14", "unlockCount": 0},
			{"hour": "15", "unlockCount": 0},
			{"hour": "16", "unlockCount": 0},
			{"hour": "17", "unlockCount": 0},
			{"hour": "18", "unlockCount": 0},
			{"hour": "19", "unlockCount": 0},
			{"hour": "20", "unlockCount": 0},
			{"hour": "21", "unlockCount": 1},
			{"hour": "22", "unlockCount": 0},
			{"hour": "23", "unlockCount": 3},
		]
	},
	{
		"date": 7,
		"maxTime": 36,
		"totalUnlockCount": 338,
		"keys": [
			{"hour": "0", "unlockCount": 0},
			{"hour": "1", "unlockCount": 1},
			{"hour": "2", "unlockCount": 4},
			{"hour": "3", "unlockCount": 41},
			{"hour": "4", "unlockCount": 24},
			{"hour": "5", "unlockCount": 18},
			{"hour": "6", "unlockCount": 35},
			{"hour": "7", "unlockCount": 32},
			{"hour": "8", "unlockCount": 9},
			{"hour": "9", "unlockCount": 5},
			{"hour": "10", "unlockCount": 19},
			{"hour": "11", "unlockCount": 25},
			{"hour": "12", "unlockCount": 22},
			{"hour": "13", "unlockCount": 36},
			{"hour": "14", "unlockCount": 3},
			{"hour": "15", "unlockCount": 10},
			{"hour": "16", "unlockCount": 9},
			{"hour": "17", "unlockCount": 6},
			{"hour": "18", "unlockCount": 7},
			{"hour": "19", "unlockCount": 0},
			{"hour": "20", "unlockCount": 0},
			{"hour": "21", "unlockCount": 1},
			{"hour": "22", "unlockCount": 15},
			{"hour": "23", "unlockCount": 16},
		]
	},
]
