[
	{
		"date": 1,
		"maxTime": 72,
		"totalUnlockCount": 253,
		"keys": [
			{"hour": "0", "unlockCount": 5},
			{"hour": "1", "unlockCount": 10},
			{"hour": "2", "unlockCount": 1},
			{"hour": "3", "unlockCount": 17},
			{"hour": "4", "unlockCount": 14},
			{"hour": "5", "unlockCount": 22},
			{"hour": "6", "unlockCount": 6},
			{"hour": "7", "unlockCount": 7},
			{"hour": "8", "unlockCount": 17},
			{"hour": "9", "unlockCount": 12},
			{"hour": "10", "unlockCount": 1},
			{"hour": "11", "unlockCount": 5},
			{"hour": "12", "unlockCount": 10},
			{"hour": "13", "unlockCount": 7},
			{"hour": "14", "unlockCount": 32},
			{"hour": "15", "unlockCount": 24},
			{"hour": "16", "unlockCount": 48},
			{"hour": "17", "unlockCount": 6},
			{"hour": "18", "unlockCount": 0},
			{"hour": "19", "unlockCount": 0},
			{"hour": "20", "unlockCount": 0},
			{"hour": "21", "unlockCount": 0},
			{"hour": "22", "unlockCount": 0},
			{"hour": "23", "unlockCount": 9},
		]
	},
	{
		"date": 2,
		"maxTime": 51,
		"totalUnlockCount": 236,
		"keys": [
			{"hour": "0", "unlockCount": 14},
			{"hour": "1", "unlockCount": 18},
			{"hour": "2", "unlockCount": 8},
			{"hour": "3", "unlockCount": 7},
			{"hour": "4", "unlockCount": 15},
			{"hour": "5", "unlockCount": 3},
			{"hour": "6", "unlockCount": 9},
			{"hour": "7", "unlockCount": 1},
			{"hour": "8", "unlockCount": 2},
			{"hour": "9", "unlockCount": 5},
			{"hour": "10", "unlockCount": 23},
			{"hour": "11", "unlockCount": 5},
			{"hour": "12", "unlockCount": 6},
			{"hour": "13", "unlockCount": 19},
			{"hour": "14", "unlockCount": 29},
			{"hour": "15", "unlockCount": 27},
			{"hour": "16", "unlockCount": 18},
			{"hour": "17", "unlockCount": 15},
			{"hour": "18", "unlockCount": 2},
			{"hour": "19", "unlockCount": 0},
			{"hour": "20", "unlockCount": 0},
			{"hour": "21", "unlockCount": 0},
			{"hour": "22", "unlockCount": 0},
			{"hour": "23", "unlockCount": 10},
		]
	},
	{
		"date": 3,
		"maxTime": 23,
		"totalUnlockCount": 253,
		"keys": [
			{"hour": "0", "unlockCount": 6},
			{"hour": "1", "unlockCount": 6},
			{"hour": "2", "unlockCount": 5},
			{"hour": "3", "unlockCount": 26},
			{"hour": "4", "unlockCount": 26},
			{"hour": "5", "unlockCount": 10},
			{"hour": "6", "unlockCount": 6},
			{"hour": "7", "unlockCount": 7},
			{"hour": "8", "unlockCount": 29},
			{"hour": "9", "unlockCount": 26},
			{"hour": "10", "unlockCount": 13},
			{"hour": "11", "unlockCount": 8},
			{"hour": "12", "unlockCount": 16},
			{"hour": "13", "unlockCount": 12},
			{"hour": "14", "unlockCount": 16},
			{"hour": "15", "unlockCount": 21},
			{"hour": "16", "unlockCount": 6},
			{"hour": "17", "unlockCount": 9},
			{"hour": "18", "unlockCount": 0},
			{"hour": "19", "unlockCount": 0},
			{"hour": "20", "unlockCount": 0},
			{"hour": "21", "unlockCount": 0},
			{"hour": "22", "unlockCount": 0},
			{"hour": "23", "unlockCount": 5},
		]
	},
	{
		"date": 4,
		"maxTime": 43,
		"totalUnlockCount": 149,
		"keys": [
			{"hour": "0", "unlockCount": 16},
			{"hour": "1", "unlockCount": 4},
			{"hour": "2", "unlockCount": 3},
			{"hour": "3", "unlockCount": 3},
			{"hour": "4", "unlockCount": 0},
			{"hour": "5", "unlockCount": 1},
			{"hour": "6", "unlockCount": 3},
			{"hour": "7", "unlockCount": 2},
			{"hour": "8", "unlockCount": 6},
			{"hour": "9", "unlockCount": 12},
			{"hour": "10", "unlockCount": 12},
			{"hour": "11", "unlockCount": 12},
			{"hour": "12", "unlockCount": 8},
			{"hour": "13", "unlockCount": 25},
			{"hour": "14", "unlockCount": 7},
			{"hour": "15", "unlockCount": 8},
			{"hour": "16", "unlockCount": 11},
			{"hour": "17", "unlockCount": 13},
			{"hour": "18", "unlockCount": 3},
			{"hour": "19", "unlockCount": 0},
			{"hour": "20", "unlockCount": 0},
			{"hour": "21", "unlockCount": 0},
			{"hour": "22", "unlockCount": 0},
			{"hour": "23", "unlockCount": 0},
		]
	},
	{
		"date": 5,
		"maxTime": 127,
		"totalUnlockCount": 208,
		"keys": [
			{"hour": "0", "unlockCount": 2},
			{"hour": "1", "unlockCount": 5},
			{"hour": "2", "unlockCount": 18},
			{"hour": "3", "unlockCount": 18},
			{"hour": "4", "unlockCount": 7},
			{"hour": "5", "unlockCount": 6},
			{"hour": "6", "unlockCount": 13},
			{"hour": "7", "unlockCount": 8},
			{"hour": "8", "unlockCount": 18},
			{"hour": "9", "unlockCount": 22},
			{"hour": "10", "unlockCount": 6},
			{"hour": "11", "unlockCount": 26},
			{"hour": "12", "unlockCount": 17},
			{"hour": "13", "unlockCount": 12},
			{"hour": "14", "unlockCount": 22},
			{"hour": "15", "unlockCount": 5},
			{"hour": "16", "unlockCount": 0},
			{"hour": "17", "unlockCount": 0},
			{"hour": "18", "unlockCount": 1},
			{"hour": "19", "unlockCount": 0},
			{"hour": "20", "unlockCount": 0},
			{"hour": "21", "unlockCount": 0},
			{"hour": "22", "unlockCount": 2},
			{"hour": "23", "unlockCount": 0},
		]
	},
	{
		"date": 6,
		"maxTime": 89,
		"totalUnlockCount": 221,
		"keys": [
			{"hour": "0", "unlockCount": 5},
			{"hour": "1", "unlockCount": 0},
			{"hour": "2", "unlockCount": 18},
			{"hour": "3", "unlockCount": 10},
			{"hour": "4", "unlockCount": 14},
			{"hour": "5", "unlockCount": 12},
			{"hour": "6", "unlockCount": 10},
			{"hour": "7", "unlockCount": 22},
			{"hour": "8", "unlockCount": 21},
			{"hour": "9", "unlockCount": 15},
			{"hour": "10", "unlockCount": 23},
			{"hour": "11", "unlockCount": 10},
			{"hour": "12", "unlockCount": 11},
			{"hour": "13", "unlockCount": 27},
			{"hour": "14", "unlockCount": 12},
			{"hour": "15", "unlockCount": 8},
			{"hour": "16", "unlockCount": 2},
			{"hour": "17", "unlockCount": 1},
			{"hour": "18", "unlockCount": 0},
			{"hour": "19", "unlockCount": 0},
			{"hour": "20", "unlockCount": 0},
			{"hour": "21", "unlockCount": 0},
			{"hour": "22", "unlockCount": 0},
			{"hour": "23", "unlockCount": 0},
		]
	},
	{
		"date": 7,
		"maxTime": 35,
		"totalUnlockCount": 78,
		"keys": [
			{"hour": "0", "unlockCount": 0},
			{"hour": "1", "unlockCount": 0},
			{"hour": "2", "unlockCount": 4},
			{"hour": "3", "unlockCount": 9},
			{"hour": "4", "unlockCount": 13},
			{"hour": "5", "unlockCount": 6},
			{"hour": "6", "unlockCount": 19},
			{"hour": "7", "unlockCount": 2},
			{"hour": "8", "unlockCount": 4},
			{"hour": "9", "unlockCount": 18},
			{"hour": "10", "unlockCount": 3},
			{"hour": "11", "unlockCount": 0},
			{"hour": "12", "unlockCount": 0},
			{"hour": "13", "unlockCount": 0},
			{"hour": "14", "unlockCount": 0},
			{"hour": "15", "unlockCount": 0},
			{"hour": "16", "unlockCount": 0},
			{"hour": "17", "unlockCount": 0},
			{"hour": "18", "unlockCount": 0},
			{"hour": "19", "unlockCount": 0},
			{"hour": "20", "unlockCount": 0},
			{"hour": "21", "unlockCount": 0},
			{"hour": "22", "unlockCount": 0},
			{"hour": "23", "unlockCount": 0},
		]
	},
]
