[
	{
		"date": 1,
		"maxTime": 144,
		"totalUnlockCount": 118,
		"keys": [
			{"hour": "0", "unlockCount": 6},
			{"hour": "1", "unlockCount": 11},
			{"hour": "2", "unlockCount": 14},
			{"hour": "3", "unlockCount": 7},
			{"hour": "4", "unlockCount": 13},
			{"hour": "5", "unlockCount": 14},
			{"hour": "6", "unlockCount": 5},
			{"hour": "7", "unlockCount": 4},
			{"hour": "8", "unlockCount": 6},
			{"hour": "9", "unlockCount": 10},
			{"hour": "10", "unlockCount": 2},
			{"hour": "11", "unlockCount": 6},
			{"hour": "12", "unlockCount": 2},
			{"hour": "13", "unlockCount": 11},
			{"hour": "14", "unlockCount": 1},
			{"hour": "15", "unlockCount": 2},
			{"hour": "16", "unlockCount": 1},
			{"hour": "17", "unlockCount": 2},
			{"hour": "18", "unlockCount": 0},
			{"hour": "19", "unlockCount": 1},
			{"hour": "20", "unlockCount": 0},
			{"hour": "21", "unlockCount": 0},
			{"hour": "22", "unlockCount": 0},
			{"hour": "23", "unlockCount": 0},
		]
	},
	{
		"date": 2,
		"maxTime": 183,
		"totalUnlockCount": 125,
		"keys": [
			{"hour": "0", "unlockCount": 11},
			{"hour": "1", "unlockCount": 8},
			{"hour": "2", "unlockCount": 12},
			{"hour": "3", "unlockCount": 4},
			{"hour": "4", "unlockCount": 20},
			{"hour": "5", "unlockCount": 8},
			{"hour": "6", "unlockCount": 12},
			{"hour": "7", "unlockCount": 0},
			{"hour": "8", "unlockCount": 6},
			{"hour": "9", "unlockCount": 11},
			{"hour": "10", "unlockCount": 6},
			{"hour": "11", "unlockCount": 2},
			{"hour": "12", "unlockCount": 14},
			{"hour": "13", "unlockCount": 6},
			{"hour": "14", "unlockCount": 0},
			{"hour": "15", "unlockCount": 0},
			{"hour": "16", "unlockCount": 0},
			{"hour": "17", "unlockCount": 1},
			{"hour": "18", "unlockCount": 4},
			{"hour": "19", "unlockCount": 0},
			{"hour": "20", "unlockCount": 0},
			{"hour": "21", "unlockCount": 0},
			{"hour": "22", "unlockCount": 0},
			{"hour": "23", "unlockCount": 0},
		]
	},
	{
		"date": 3,
		"maxTime": 94,
		"totalUnlockCount": 131,
		"keys": [
			{"hour": "0", "unlockCount": 2},
			{"hour": "1", "unlockCount": 12},
			{"hour": "2", "unlockCount": 10},
			{"hour": "3", "unlockCount": 11},
			{"hour": "4", "unlockCount": 5},
			{"hour": "5", "unlockCount": 4},
			{"hour": "6", "unlockCount": 0},
			{"hour": "7", "unlockCount": 6},
			{"hour": "8", "unlockCount": 8},
			{"hour": "9", "unlockCount": 21},
			{"hour": "10", "unlockCount": 8},
			{"hour": "11", "unlockCount": 3},
			{"hour": "12", "unlockCount": 8},
			{"hour": "13", "unlockCount": 5},
			{"hour": "14", "unlockCount": 5},
			{"hour": "15", "unlockCount": 3},
			{"hour": "16", "unlockCount": 6},
			{"hour": "17", "unlockCount": 10},
			{"hour": "18", "unlockCount": 2},
			{"hour": "19", "unlockCount": 2},
			{"hour": "20", "unlockCount": 0},
			{"hour": "21", "unlockCount": 0},
			{"hour": "22", "unlockCount": 0},
			{"hour": "23", "unlockCount": 0},
		]
	},
	{
		"date": 4,
		"maxTime": 175,
		"totalUnlockCount": 78,
		"keys": [
			{"hour": "0", "unlockCount": 0},
			{"hour": "1", "unlockCount": 3},
			{"hour": "2", "unlockCount": 9},
			{"hour": "3", "unlockCount": 9},
			{"hour": "4", "unlockCount": 6},
			{"hour": "5", "unlockCount": 2},
			{"hour": "6", "unlockCount": 0},
			{"hour": "7", "unlockCount": 0},
			{"hour": "8", "unlockCount": 4},
			{"hour": "9", "unlockCount": 8},
			{"hour": "10", "unlockCount": 7},
			{"hour": "11", "unlockCount": 3},
			{"hour": "12", "unlockCount": 4},
			{"hour": "13", "unlockCount": 2},
			{"hour": "14", "unlockCount": 7},
			{"hour": "15", "unlockCount": 0},
			{"hour": "16", "unlockCount": 0},
			{"hour": "17", "unlockCount": 0},
			{"hour": "18", "unlockCount": 0},
			{"hour": "19", "unlockCount": 0},
			{"hour": "20", "unlockCount": 0},
			{"hour": "21", "unlockCount": 0},
			{"hour": "22", "unlockCount": 8},
			{"hour": "23", "unlockCount": 6},
		]
	},
	{
		"date": 5,
		"maxTime": 106,
		"totalUnlockCount": 165,
		"keys": [
			{"hour": "0", "unlockCount": 5},
			{"hour": "1", "unlockCount": 6},
			{"hour": "2", "unlockCount": 6},
			{"hour": "3", "unlockCount": 12},
			{"hour": "4", "unlockCount": 6},
			{"hour": "5", "unlockCount": 9},
			{"hour": "6", "unlockCount": 13},
			{"hour": "7", "unlockCount": 9},
			{"hour": "8", "unlockCount": 26},
			{"hour": "9", "unlockCount": 16},
			{"hour": "10", "unlockCount": 5},
			{"hour": "11", "unlockCount": 3},
			{"hour": "12", "unlockCount": 10},
			{"hour": "13", "unlockCount": 11},
			{"hour": "14", "unlockCount": 0},
			{"hour": "15", "unlockCount": 2},
			{"hour": "16", "unlockCount": 2},
			{"hour": "17", "unlockCount": 1},
			{"hour": "18", "unlockCount": 0},
			{"hour": "19", "unlockCount": 0},
			{"hour": "20", "unlockCount": 0},
			{"hour": "21", "unlockCount": 0},
			{"hour": "22", "unlockCount": 9},
			{"hour": "23", "unlockCount": 14},
		]
	},
	{
		"date": 6,
		"maxTime": 42,
		"totalUnlockCount": 237,
		"keys": [
			{"hour": "0", "unlockCount": 14},
			{"hour": "1", "unlockCount": 20},
			{"hour": "2", "unlockCount": 19},
			{"hour": "3", "unlockCount": 13},
			{"hour": "4", "unlockCount": 15},
			{"hour": "5", "unlockCount": 11},
			{"hour": "6", "unlockCount": 25},
			{"hour": "7", "unlockCount": 13},
			{"hour": "8", "unlockCount": 16},
			{"hour": "9", "unlockCount": 12},
			{"hour": "10", "unlockCount": 12},
			{"hour": "11", "unlockCount": 6},
			{"hour": "12", "unlockCount": 16},
			{"hour": "13", "unlockCount": 12},
			{"hour": "14", "unlockCount": 3},
			{"hour": "15", "unlockCount": 2},
			{"hour": "16", "unlockCount": 3},
			{"hour": "17", "unlockCount": 2},
			{"hour": "18", "unlockCount": 2},
			{"hour": "19", "unlockCount": 0},
			{"hour": "20", "unlockCount": 0},
			{"hour": "21", "unlockCount": 0},
			{"hour": "22", "unlockCount": 8},
			{"hour": "23", "unlockCount": 13},
		]
	},
	{
		"date": 7,
		"maxTime": 44,
		"totalUnlockCount": 119,
		"keys": [
			{"hour": "0", "unlockCount": 12},
			{"hour": "1", "unlockCount": 2},
			{"hour": "2", "unlockCount": 6},
			{"hour": "3", "unlockCount": 20},
			{"hour": "4", "unlockCount": 9},
			{"hour": "5", "unlockCount": 17},
			{"hour": "6", "unlockCount": 20},
			{"hour": "7", "unlockCount": 6},
			{"hour": "8", "unlockCount": 6},
			{"hour": "9", "unlockCount": 6},
			{"hour": "10", "unlockCount": 2},
			{"hour": "11", "unlockCount": 3},
			{"hour": "12", "unlockCount": 10},
			{"hour": "13", "unlockCount": 0},
			{"hour": "14", "unlockCount": 0},
			{"hour": "15", "unlockCount": 0},
			{"hour": "16", "unlockCount": 0},
			{"hour": "17", "unlockCount": 0},
			{"hour": "18", "unlockCount": 0},
			{"hour": "19", "unlockCount": 0},
			{"hour": "20", "unlockCount": 0},
			{"hour": "21", "unlockCount": 0},
			{"hour": "22", "unlockCount": 0},
			{"hour": "23", "unlockCount": 0},
		]
	},
]
