[
	{
		"date": 1,
		"maxTime": 28,
		"totalUnlockCount": 225,
		"keys": [
			{"hour": "0", "unlockCount": 20},
			{"hour": "1", "unlockCount": 18},
			{"hour": "2", "unlockCount": 23},
			{"hour": "3", "unlockCount": 3},
			{"hour": "4", "unlockCount": 10},
			{"hour": "5", "unlockCount": 5},
			{"hour": "6", "unlockCount": 21},
			{"hour": "7", "unlockCount": 8},
			{"hour": "8", "unlockCount": 40},
			{"hour": "9", "unlockCount": 11},
			{"hour": "10", "unlockCount": 21},
			{"hour": "11", "unlockCount": 10},
			{"hour": "12", "unlockCount": 14},
			{"hour": "13", "unlockCount": 6},
			{"hour": "14", "unlockCount": 2},
			{"hour": "15", "unlockCount": 3},
			{"hour": "16", "unlockCount": 1},
			{"hour": "17", "unlockCount": 0},
			{"hour": "18", "unlockCount": 0},
			{"hour": "19", "unlockCount": 0},
			{"hour": "20", "unlockCount": 0},
			{"hour": "21", "unlockCount": 0},
			{"hour": "22", "unlockCount": 0},
			{"hour": "23", "unlockCount": 9},
		]
	},
	{
		"date": 2,
		"maxTime": 166,
		"totalUnlockCount": 305,
		"keys": [
			{"hour": "0", "unlockCount": 10},
			{"hour": "1", "unlockCount": 30},
			{"hour": "2", "unlockCount": 11},
			{"hour": "3", "unlockCount": 0},
			{"hour": "4", "unlockCount": 0},
			{"hour": "5", "unlockCount": 17},
			{"hour": "6", "unlockCount": 17},
			{"hour": "7", "unlockCount": 8},
			{"hour": "8", "unlockCount": 14},
			{"hour": "9", "unlockCount": 8},
			{"hour": "10", "unlockCount": 23},
			{"hour": "11", "unlockCount": 71},
			{"hour": "12", "unlockCount": 72},
			{"hour": "13", "unlockCount": 2},
			{"hour": "14", "unlockCount": 4},
			{"hour": "15", "unlockCount": 8},
			{"hour": "16", "unlockCount": 0},
			{"hour": "17", "unlockCount": 0},
			{"hour": "18", "unlockCount": 0},
			{"hour": "19", "unlockCount": 0},
			{"hour": "20", "unlockCount": 0},
			{"hour": "21", "unlockCount": 0},
			{"hour": "22", "unlockCount": 0},
			{"hour": "23", "unlockCount": 10},
		]
	},
	{
		"date": 3,
		"maxTime": 35,
		"totalUnlockCount": 238,
		"keys": [
			{"hour": "0", "unlockCount": 14},
			{"hour": "1", "unlockCount": 10},
			{"hour": "2", "unlockCount": 19},
			{"hour": "3", "unlockCount": 11},
			{"hour": "4", "unlockCount": 7},
			{"hour": "5", "unlockCount": 3},
			{"hour": "6", "unlockCount": 3},
			{"hour": "7", "unlockCount": 0},
			{"hour": "8", "unlockCount": 20},
			{"hour": "9", "unlockCount": 17},
			{"hour": "10", "unlockCount": 38},
			{"hour": "11", "unlockCount": 21},
			{"hour": "12", "unlockCount": 9},
			{"hour": "13", "unlockCount": 24},
			{"hour": "14", "unlockCount": 6},
			{"hour": "15", "unlockCount": 5},
			{"hour": "16", "unlockCount": 2},
			{"hour": "17", "unlockCount": 0},
			{"hour": "18", "unlockCount": 0},
			{"hour": "19", "unlockCount": 0},
			{"hour": "20", "unlockCount": 0},
			{"hour": "21", "unlockCount": 0},
			{"hour": "22", "unlockCount": 9},
			{"hour": "23", "unlockCount": 20},
		]
	},
	{
		"date": 4,
		"maxTime": 36,
		"totalUnlockCount": 232,
		"keys": [
			{"hour": "0", "unlockCount": 4},
			{"hour": "1", "unlockCount": 6},
			{"hour": "2", "unlockCount": 11},
			{"hour": "3", "unlockCount": 24},
			{"hour": "4", "unlockCount": 29},
			{"hour": "5", "unlockCount": 11},
			{"hour": "6", "unlockCount": 12},
			{"hour": "7", "unlockCount": 18},
			{"hour": "8", "unlockCount": 38},
			{"hour": "9", "unlockCount": 14},
			{"hour": "10", "unlockCount": 33},
			{"hour": "11", "unlockCount": 10},
			{"hour": "12", "unlockCount": 10},
			{"hour": "13", "unlockCount": 5},
			{"hour": "14", "unlockCount": 4},
			{"hour": "15", "unlockCount": 3},
			{"hour": "16", "unlockCount": 0},
			{"hour": "17", "unlockCount": 0},
			{"hour": "18", "unlockCount": 0},
			{"hour": "19", "unlockCount": 0},
			{"hour": "20", "unlockCount": 0},
			{"hour": "21", "unlockCount": 0},
			{"hour": "22", "unlockCount": 0},
			{"hour": "23", "unlockCount": 0},
		]
	},
	{
		"date": 5,
		"maxTime": 46,
		"totalUnlockCount": 199,
		"keys": [
			{"hour": "0", "unlockCount": 2},
			{"hour": "1", "unlockCount": 7},
			{"hour": "2", "unlockCount": 0},
			{"hour": "3", "unlockCount": 15},
			{"hour": "4", "unlockCount": 12},
			{"hour": "5", "unlockCount": 12},
			{"hour": "6", "unlockCount": 10},
			{"hour": "7", "unlockCount": 22},
			{"hour": "8", "unlockCount": 47},
			{"hour": "9", "unlockCount": 5},
			{"hour": "10", "unlockCount": 12},
			{"hour": "11", "unlockCount": 12},
			{"hour": "12", "unlockCount": 7},
			{"hour": "13", "unlockCount": 2},
			{"hour": "14", "unlockCount": 15},
			{"hour": "15", "unlockCount": 3},
			{"hour": "16", "unlockCount": 7},
			{"hour": "17", "unlockCount": 9},
			{"hour": "18", "unlockCount": 0},
			{"hour": "19", "unlockCount": 0},
			{"hour": "20", "unlockCount": 0},
			{"hour": "21", "unlockCount": 0},
			{"hour": "22", "unlockCount": 0},
			{"hour": "23", "unlockCount": 0},
		]
	},
	{
		"date": 6,
		"maxTime": 37,
		"totalUnlockCount": 143,
		"keys": [
			{"hour": "0", "unlockCount": 0},
			{"hour": "1", "unlockCount": 5},
			{"hour": "2", "unlockCount": 8},
			{"hour": "3", "unlockCount": 7},
			{"hour": "4", "unlockCount": 4},
			{"hour": "5", "unlockCount": 7},
			{"hour": "6", "unlockCount": 28},
			{"hour": "7", "unlockCount": 5},
			{"hour": "8", "unlockCount": 0},
			{"hour": "9", "unlockCount": 7},
			{"hour": "10", "unlockCount": 10},
			{"hour": "11", "unlockCount": 9},
			{"hour": "12", "unlockCount": 2},
			{"hour": "13", "unlockCount": 12},
			{"hour": "14", "unlockCount": 27},
			{"hour": "15", "unlockCount": 6},
			{"hour": "16", "unlockCount": 1},
			{"hour": "17", "unlockCount": 5},
			{"hour": "18", "unlockCount": 0},
			{"hour": "19", "unlockCount": 0},
			{"hour": "20", "unlockCount": 0},
			{"hour": "21", "unlockCount": 0},
			{"hour": "22", "unlockCount": 0},
			{"hour": "23", "unlockCount": 0},
		]
	},
	{
		"date": 7,
		"maxTime": 71,
		"totalUnlockCount": 114,
		"keys": [
			{"hour": "0", "unlockCount": 0},
			{"hour": "1", "unlockCount": 1},
			{"hour": "2", "unlockCount": 2},
			{"hour": "3", "unlockCount": 7},
			{"hour": "4", "unlockCount": 4},
			{"hour": "5", "unlockCount": 9},
			{"hour": "6", "unlockCount": 7},
			{"hour": "7", "unlockCount": 7},
			{"hour": "8", "unlockCount": 16},
			{"hour": "9", "unlockCount": 20},
			{"hour": "10", "unlockCount": 4},
			{"hour": "11", "unlockCount": 11},
			{"hour": "12", "unlockCount": 3},
			{"hour": "13", "unlockCount": 23},
			{"hour": "14", "unlockCount": 0},
			{"hour": "15", "unlockCount": 0},
			{"hour": "16", "unlockCount": 0},
			{"hour": "17", "unlockCount": 0},
			{"hour": "18", "unlockCount": 0},
			{"hour": "19", "unlockCount": 0},
			{"hour": "20", "unlockCount": 0},
			{"hour": "21", "unlockCount": 0},
			{"hour": "22", "unlockCount": 0},
			{"hour": "23", "unlockCount": 0},
		]
	},
]
