[
	{
		"date": 1,
		"maxTime": 11,
		"totalUnlockCount": 18,
		"keys": [
			{"hour": "0", "unlockCount": 3},
			{"hour": "1", "unlockCount": 8},
			{"hour": "2", "unlockCount": 7},
			{"hour": "3", "unlockCount": 0},
			{"hour": "4", "unlockCount": 0},
			{"hour": "5", "unlockCount": 0},
			{"hour": "6", "unlockCount": 0},
			{"hour": "7", "unlockCount": 0},
			{"hour": "8", "unlockCount": 0},
			{"hour": "9", "unlockCount": 0},
			{"hour": "10", "unlockCount": 0},
			{"hour": "11", "unlockCount": 0},
			{"hour": "12", "unlockCount": 0},
			{"hour": "13", "unlockCount": 0},
			{"hour": "14", "unlockCount": 0},
			{"hour": "15", "unlockCount": 0},
			{"hour": "16", "unlockCount": 0},
			{"hour": "17", "unlockCount": 0},
			{"hour": "18", "unlockCount": 0},
			{"hour": "19", "unlockCount": 0},
			{"hour": "20", "unlockCount": 0},
			{"hour": "21", "unlockCount": 0},
			{"hour": "22", "unlockCount": 0},
			{"hour": "23", "unlockCount": 0},
		]
	},
	{
		"date": 2,
		"maxTime": 25,
		"totalUnlockCount": 129,
		"keys": [
			{"hour": "0", "unlockCount": 0},
			{"hour": "1", "unlockCount": 7},
			{"hour": "2", "unlockCount": 10},
			{"hour": "3", "unlockCount": 6},
			{"hour": "4", "unlockCount": 7},
			{"hour": "5", "unlockCount": 7},
			{"hour": "6", "unlockCount": 6},
			{"hour": "7", "unlockCount": 12},
			{"hour": "8", "unlockCount": 12},
			{"hour": "9", "unlockCount": 10},
			{"hour": "10", "unlockCount": 11},
			{"hour": "11", "unlockCount": 5},
			{"hour": "12", "unlockCount": 3},
			{"hour": "13", "unlockCount": 0},
			{"hour": "14", "unlockCount": 0},
			{"hour": "15", "unlockCount": 0},
			{"hour": "16", "unlockCount": 0},
			{"hour": "17", "unlockCount": 4},
			{"hour": "18", "unlockCount": 4},
			{"hour": "19", "unlockCount": 2},
			{"hour": "20", "unlockCount": 1},
			{"hour": "21", "unlockCount": 3},
			{"hour": "22", "unlockCount": 13},
			{"hour": "23", "unlockCount": 6},
		]
	},
	{
		"date": 3,
		"maxTime": 79,
		"totalUnlockCount": 109,
		"keys": [
			{"hour": "0", "unlockCount": 2},
			{"hour": "1", "unlockCount": 12},
			{"hour": "2", "unlockCount": 5},
			{"hour": "3", "unlockCount": 11},
			{"hour": "4", "unlockCount": 3},
			{"hour": "5", "unlockCount": 18},
			{"hour": "6", "unlockCount": 6},
			{"hour": "7", "unlockCount": 7},
			{"hour": "8", "unlockCount": 8},
			{"hour": "9", "unlockCount": 5},
			{"hour": "10", "unlockCount": 2},
			{"hour": "11", "unlockCount": 2},
			{"hour": "12", "unlockCount": 12},
			{"hour": "13", "unlockCount": 4},
			{"hour": "14", "unlockCount": 4},
			{"hour": "15", "unlockCount": 1},
			{"hour": "16", "unlockCount": 1},
			{"hour": "17", "unlockCount": 0},
			{"hour": "18", "unlockCount": 0},
			{"hour": "19", "unlockCount": 0},
			{"hour": "20", "unlockCount": 0},
			{"hour": "21", "unlockCount": 0},
			{"hour": "22", "unlockCount": 1},
			{"hour": "23", "unlockCount": 5},
		]
	},
	{
		"date": 4,
		"maxTime": 49,
		"totalUnlockCount": 127,
		"keys": [
			{"hour": "0", "unlockCount": 12},
			{"hour": "1", "unlockCount": 5},
			{"hour": "2", "unlockCount": 4},
			{"hour": "3", "unlockCount": 5},
			{"hour": "4", "unlockCount": 9},
			{"hour": "5", "unlockCount": 6},
			{"hour": "6", "unlockCount": 16},
			{"hour": "7", "unlockCount": 10},
			{"hour": "8", "unlockCount": 10},
			{"hour": "9", "unlockCount": 5},
			{"hour": "10", "unlockCount": 10},
			{"hour": "11", "unlockCount": 2},
			{"hour": "12", "unlockCount": 9},
			{"hour": "13", "unlockCount": 7},
			{"hour": "14", "unlockCount": 2},
			{"hour": "15", "unlockCount": 9},
			{"hour": "16", "unlockCount": 4},
			{"hour": "17", "unlockCount": 0},
			{"hour": "18", "unlockCount": 0},
			{"hour": "19", "unlockCount": 2},
			{"hour": "20", "unlockCount": 0},
			{"hour": "21", "unlockCount": 0},
			{"hour": "22", "unlockCount": 0},
			{"hour": "23", "unlockCount": 0},
		]
	},
	{
		"date": 5,
		"maxTime": 38,
		"totalUnlockCount": 68,
		"keys": [
			{"hour": "0", "unlockCount": 0},
			{"hour": "1", "unlockCount": 0},
			{"hour": "2", "unlockCount": 1},
			{"hour": "3", "unlockCount": 0},
			{"hour": "4", "unlockCount": 2},
			{"hour": "5", "unlockCount": 7},
			{"hour": "6", "unlockCount": 9},
			{"hour": "7", "unlockCount": 5},
			{"hour": "8", "unlockCount": 3},
			{"hour": "9", "unlockCount": 7},
			{"hour": "10", "unlockCount": 2},
			{"hour": "11", "unlockCount": 3},
			{"hour": "12", "unlockCount": 2},
			{"hour": "13", "unlockCount": 10},
			{"hour": "14", "unlockCount": 5},
			{"hour": "15", "unlockCount": 6},
			{"hour": "16", "unlockCount": 0},
			{"hour": "17", "unlockCount": 0},
			{"hour": "18", "unlockCount": 5},
			{"hour": "19", "unlockCount": 0},
			{"hour": "20", "unlockCount": 0},
			{"hour": "21", "unlockCount": 1},
			{"hour": "22", "unlockCount": 0},
			{"hour": "23", "unlockCount": 0},
		]
	},
	{
		"date": 6,
		"maxTime": 42,
		"totalUnlockCount": 127,
		"keys": [
			{"hour": "0", "unlockCount": 0},
			{"hour": "1", "unlockCount": 0},
			{"hour": "2", "unlockCount": 1},
			{"hour": "3", "unlockCount": 3},
			{"hour": "4", "unlockCount": 4},
			{"hour": "5", "unlockCount": 3},
			{"hour": "6", "unlockCount": 1},
			{"hour": "7", "unlockCount": 5},
			{"hour": "8", "unlockCount": 9},
			{"hour": "9", "unlockCount": 16},
			{"hour": "10", "unlockCount": 16},
			{"hour": "11", "unlockCount": 4},
			{"hour": "12", "unlockCount": 3},
			{"hour": "13", "unlockCount": 11},
			{"hour": "14", "unlockCount": 8},
			{"hour": "15", "unlockCount": 35},
			{"hour": "16", "unlockCount": 2},
			{"hour": "17", "unlockCount": 2},
			{"hour": "18", "unlockCount": 1},
			{"hour": "19", "unlockCount": 0},
			{"hour": "20", "unlockCount": 2},
			{"hour": "21", "unlockCount": 0},
			{"hour": "22", "unlockCount": 0},
			{"hour": "23", "unlockCount": 1},
		]
	},
	{
		"date": 7,
		"maxTime": 24,
		"totalUnlockCount": 105,
		"keys": [
			{"hour": "0", "unlockCount": 0},
			{"hour": "1", "unlockCount": 0},
			{"hour": "2", "unlockCount": 4},
			{"hour": "3", "unlockCount": 0},
			{"hour": "4", "unlockCount": 0},
			{"hour": "5", "unlockCount": 1},
			{"hour": "6", "unlockCount": 7},
			{"hour": "7", "unlockCount": 11},
			{"hour": "8", "unlockCount": 6},
			{"hour": "9", "unlockCount": 5},
			{"hour": "10", "unlockCount": 7},
			{"hour": "11", "unlockCount": 5},
			{"hour": "12", "unlockCount": 13},
			{"hour": "13", "unlockCount": 18},
			{"hour": "14", "unlockCount": 18},
			{"hour": "15", "unlockCount": 3},
			{"hour": "16", "unlockCount": 3},
			{"hour": "17", "unlockCount": 1},
			{"hour": "18", "unlockCount": 2},
			{"hour": "19", "unlockCount": 0},
			{"hour": "20", "unlockCount": 1},
			{"hour": "21", "unlockCount": 0},
			{"hour": "22", "unlockCount": 0},
			{"hour": "23", "unlockCount": 0},
		]
	},
]
