[
	{
		"date": 1,
		"totalTime": {
			"usage": 219,
			"details": [
				{"appName": "Chrome", "usage": 114},
				{"appName": "트위터", "usage": 64},
				{"appName": "기본홈", "usage": 12},
				{"appName": "Paco", "usage": 7},
				{"appName": "Polar Beat", "usage": 4},
				{"appName": "카카오톡", "usage": 3},
				{"appName": "프레젠테이션", "usage": 2},
				{"appName": "Slack", "usage": 1},
				{"appName": "갤러리", "usage": 1},
				{"appName": "시스템 UI", "usage": 1},
				{"appName": "접근성", "usage": 0},
				{"appName": "스마트택배", "usage": 0},
				{"appName": "통화 화면", "usage": 0},
				{"appName": "알람몬", "usage": 0},
				{"appName": "설정", "usage": 0},
				{"appName": "신한 쏠(SOL)", "usage": 0},
				{"appName": "Foodie", "usage": 0},
				{"appName": "원터치알림", "usage": 0},
				{"appName": "Logger", "usage": 0},
				{"appName": "Google", "usage": 0},
				{"appName": "캘린더", "usage": 0},
				{"appName": "메시지", "usage": 0},
				{"appName": "주소록", "usage": 0},
				{"appName": "Google Play 서비스", "usage": 0},
				{"appName": "패키지 설치 프로그램", "usage": 0}
			]
		},
		"pickups": {"usage": 101},
		"downTime": {
			"usage": [
				{"hour": "1", "usage": 13},
				{"hour": "2", "usage": 34},
				{"hour": "3", "usage": 5},
				{"hour": "4", "usage": 15},
				{"hour": "5", "usage": 1},
				{"hour": "6", "usage": 8},
				{"hour": "7", "usage": 0},
				{"hour": "8", "usage": 0},
				{"hour": "9", "usage": 8},
				{"hour": "10", "usage": 3},
				{"hour": "11", "usage": 1},
				{"hour": "12", "usage": 5},
				{"hour": "14", "usage": 9},
				{"hour": "15", "usage": 48},
				{"hour": "16", "usage": 57},
				{"hour": "17", "usage": 4}
			],
			"details": [
				{"appName": "기본홈", "usage": [1, 2, 3, 4, 5, 6, 7, 8, 9, 11, 12, 14, 15, 16, 17]},
				{"appName": "트위터", "usage": [1, 2, 3, 4, 5, 6, 9, 10, 11, 12, 14, 15, 16]},
				{"appName": "시스템 UI", "usage": [1, 2, 3, 4, 9, 12, 14, 15, 16, 17]},
				{"appName": "Slack", "usage": [5, 6, 7, 8, 9, 11, 12]},
				{"appName": "Paco", "usage": [3, 4, 6, 7, 9, 10, 16]},
				{"appName": "Chrome", "usage": [1, 2, 3, 6, 15, 16, 17]},
				{"appName": "Polar Beat", "usage": [2, 3, 4, 5, 9, 14]},
				{"appName": "카카오톡", "usage": [1, 2, 3, 5, 9]},
				{"appName": "원터치알림", "usage": [3, 4, 5]},
				{"appName": "프레젠테이션", "usage": [2, 3]},
				{"appName": "접근성", "usage": [3, 14]},
				{"appName": "알람몬", "usage": [1, 16]},
				{"appName": "스마트택배", "usage": [3, 14]},
				{"appName": "설정", "usage": [8, 14]},
				{"appName": "갤러리", "usage": [4, 14]},
				{"appName": "패키지 설치 프로그램", "usage": [3]},
				{"appName": "통화 화면", "usage": [1]},
				{"appName": "캘린더", "usage": [17]},
				{"appName": "주소록", "usage": [1]},
				{"appName": "신한 쏠(SOL)", "usage": [17]},
				{"appName": "메시지", "usage": [17]},
				{"appName": "Logger", "usage": [3]},
				{"appName": "Google Play 서비스", "usage": [17]},
				{"appName": "Google", "usage": [3]},
				{"appName": "Foodie", "usage": [6]}
			]
		},
		"maxTime": {
			"usage": 37,
			"details": [
				{"appName": "Chrome", "usage": 24},
				{"appName": "기본홈", "usage": 4},
				{"appName": "트위터", "usage": 3},
				{"appName": "Paco", "usage": 3},
				{"appName": "프레젠테이션", "usage": 1},
				{"appName": "카카오톡", "usage": 0},
				{"appName": "Polar Beat", "usage": 0},
				{"appName": "통화 화면", "usage": 0},
				{"appName": "갤러리", "usage": 0},
				{"appName": "접근성", "usage": 0},
				{"appName": "Slack", "usage": 0},
				{"appName": "설정", "usage": 0},
				{"appName": "Foodie", "usage": 0},
				{"appName": "알람몬", "usage": 0},
				{"appName": "시스템 UI", "usage": 0},
				{"appName": "스마트택배", "usage": 0},
				{"appName": "신한 쏠(SOL)", "usage": 0},
				{"appName": "Google", "usage": 0},
				{"appName": "캘린더", "usage": 0},
				{"appName": "원터치알림", "usage": 0},
				{"appName": "Logger", "usage": 0},
				{"appName": "메시지", "usage": 0},
				{"appName": "주소록", "usage": 0},
				{"appName": "Google Play 서비스", "usage": 0},
				{"appName": "패키지 설치 프로그램", "usage": 0}
			]
		},
		"avgTime": {
			"usage": 2,
			"details": [
				{"appName": "Chrome", "usage": 2},
				{"appName": "프레젠테이션", "usage": 0},
				{"appName": "Paco", "usage": 0},
				{"appName": "통화 화면", "usage": 0},
				{"appName": "갤러리", "usage": 0},
				{"appName": "기본홈", "usage": 0},
				{"appName": "접근성", "usage": 0},
				{"appName": "트위터", "usage": 0},
				{"appName": "설정", "usage": 0},
				{"appName": "Polar Beat", "usage": 0},
				{"appName": "Foodie", "usage": 0},
				{"appName": "Slack", "usage": 0},
				{"appName": "알람몬", "usage": 0},
				{"appName": "카카오톡", "usage": 0},
				{"appName": "스마트택배", "usage": 0},
				{"appName": "Google", "usage": 0},
				{"appName": "메시지", "usage": 0},
				{"appName": "캘린더", "usage": 0},
				{"appName": "주소록", "usage": 0},
				{"appName": "Google Play 서비스", "usage": 0},
				{"appName": "신한 쏠(SOL)", "usage": 0},
				{"appName": "시스템 UI", "usage": 0},
				{"appName": "Logger", "usage": 0},
				{"appName": "원터치알림", "usage": 0},
				{"appName": "패키지 설치 프로그램", "usage": 0}
			]
		},
		"lastPickup": {"time": 27}
	},
	{
		"date": 2,
		"totalTime": {
			"usage": 254,
			"details": [
				{"appName": "트위터", "usage": 114},
				{"appName": "Chrome", "usage": 54},
				{"appName": "NekoSushi", "usage": 18},
				{"appName": "기본홈", "usage": 11},
				{"appName": "NAVER", "usage": 7},
				{"appName": "Slack", "usage": 6},
				{"appName": "접근성", "usage": 5},
				{"appName": "카카오톡", "usage": 4},
				{"appName": "Paco", "usage": 4},
				{"appName": "갤러리", "usage": 3},
				{"appName": "토스", "usage": 2},
				{"appName": "메시지", "usage": 2},
				{"appName": "시스템 UI", "usage": 1},
				{"appName": "설정", "usage": 1},
				{"appName": "원터치알림", "usage": 1},
				{"appName": "U-OTP+", "usage": 1},
				{"appName": "네이버 지도", "usage": 1},
				{"appName": "Polar Beat", "usage": 0},
				{"appName": "플레이윙즈", "usage": 0},
				{"appName": "알람몬", "usage": 0},
				{"appName": "스마트택배", "usage": 0},
				{"appName": "원터치개인", "usage": 0},
				{"appName": "Wi-Fi", "usage": 0},
				{"appName": "Logger", "usage": 0},
				{"appName": "Papago", "usage": 0},
				{"appName": "Google Play 스토어", "usage": 0},
				{"appName": "Dropsync", "usage": 0},
				{"appName": "ABC Logger", "usage": 0},
				{"appName": "LG 키보드", "usage": 0},
				{"appName": "Google Play 서비스", "usage": 0},
				{"appName": "Google Play 게임", "usage": 0},
				{"appName": "통화 화면", "usage": 0},
				{"appName": "파일", "usage": 0},
				{"appName": "소프트웨어 업데이트", "usage": 0},
				{"appName": "패키지 설치 프로그램", "usage": 0},
				{"appName": "Android 시스템", "usage": 0},
				{"appName": "CaptivePortalLogin", "usage": 0}
			]
		},
		"pickups": {"usage": 185},
		"downTime": {
			"usage": [
				{"hour": "1", "usage": 11},
				{"hour": "2", "usage": 13},
				{"hour": "3", "usage": 3},
				{"hour": "4", "usage": 13},
				{"hour": "5", "usage": 8},
				{"hour": "6", "usage": 22},
				{"hour": "7", "usage": 20},
				{"hour": "8", "usage": 27},
				{"hour": "9", "usage": 7},
				{"hour": "10", "usage": 13},
				{"hour": "11", "usage": 1},
				{"hour": "12", "usage": 1},
				{"hour": "14", "usage": 14},
				{"hour": "15", "usage": 26},
				{"hour": "16", "usage": 13},
				{"hour": "17", "usage": 48},
				{"hour": "18", "usage": 3}
			],
			"details": [
				{"appName": "기본홈", "usage": [1, 2, 3, 4, 5, 6, 7, 8, 9, 10, 11, 12, 14, 15, 16, 17, 18]},
				{"appName": "트위터", "usage": [1, 2, 3, 4, 5, 6, 7, 8, 9, 10, 14, 15, 16, 17, 18]},
				{"appName": "시스템 UI", "usage": [2, 3, 4, 5, 6, 7, 8, 9, 10, 12, 14, 15, 16, 17, 18]},
				{"appName": "Chrome", "usage": [2, 4, 5, 6, 7, 8, 10, 14, 15, 17, 18]},
				{"appName": "Slack", "usage": [1, 3, 5, 6, 7, 8, 10, 11, 12]},
				{"appName": "카카오톡", "usage": [2, 3, 4, 5, 6, 10, 12, 14]},
				{"appName": "Paco", "usage": [3, 5, 6, 7, 8, 9, 10, 12]},
				{"appName": "패키지 설치 프로그램", "usage": [2, 3, 7, 8, 14]},
				{"appName": "접근성", "usage": [2, 3, 7, 8, 14]},
				{"appName": "Logger", "usage": [2, 3, 7, 8, 14]},
				{"appName": "원터치알림", "usage": [3, 4, 5, 9]},
				{"appName": "메시지", "usage": [1, 6, 8, 10]},
				{"appName": "알람몬", "usage": [1, 16, 17]},
				{"appName": "Wi-Fi", "usage": [3, 7, 8]},
				{"appName": "Polar Beat", "usage": [2, 8, 14]},
				{"appName": "플레이윙즈", "usage": [2, 9]},
				{"appName": "토스", "usage": [5, 9]},
				{"appName": "스마트택배", "usage": [2, 10]},
				{"appName": "설정", "usage": [7, 14]},
				{"appName": "U-OTP+", "usage": [4, 9]},
				{"appName": "NekoSushi", "usage": [16, 17]},
				{"appName": "LG 키보드", "usage": [8, 9]},
				{"appName": "파일", "usage": [15]},
				{"appName": "통화 화면", "usage": [6]},
				{"appName": "원터치개인", "usage": [5]},
				{"appName": "소프트웨어 업데이트", "usage": [10]},
				{"appName": "네이버 지도", "usage": [16]},
				{"appName": "갤러리", "usage": [7]},
				{"appName": "Papago", "usage": [15]},
				{"appName": "NAVER", "usage": [8]},
				{"appName": "Google Play 스토어", "usage": [14]},
				{"appName": "Google Play 서비스", "usage": [16]},
				{"appName": "Google Play 게임", "usage": [16]},
				{"appName": "Dropsync", "usage": [10]},
				{"appName": "CaptivePortalLogin", "usage": [8]},
				{"appName": "Android 시스템", "usage": [15]},
				{"appName": "ABC Logger", "usage": [8]}
			]
		},
		"maxTime": {
			"usage": 25,
			"details": [
				{"appName": "Chrome", "usage": 20},
				{"appName": "NAVER", "usage": 7},
				{"appName": "접근성", "usage": 4},
				{"appName": "NekoSushi", "usage": 4},
				{"appName": "갤러리", "usage": 3},
				{"appName": "트위터", "usage": 2},
				{"appName": "토스", "usage": 1},
				{"appName": "네이버 지도", "usage": 0},
				{"appName": "메시지", "usage": 0},
				{"appName": "원터치알림", "usage": 0},
				{"appName": "Slack", "usage": 0},
				{"appName": "설정", "usage": 0},
				{"appName": "기본홈", "usage": 0},
				{"appName": "U-OTP+", "usage": 0},
				{"appName": "원터치개인", "usage": 0},
				{"appName": "카카오톡", "usage": 0},
				{"appName": "Wi-Fi", "usage": 0},
				{"appName": "Paco", "usage": 0},
				{"appName": "플레이윙즈", "usage": 0},
				{"appName": "Dropsync", "usage": 0},
				{"appName": "Papago", "usage": 0},
				{"appName": "Google Play 스토어", "usage": 0},
				{"appName": "스마트택배", "usage": 0},
				{"appName": "알람몬", "usage": 0},
				{"appName": "시스템 UI", "usage": 0},
				{"appName": "Polar Beat", "usage": 0},
				{"appName": "Logger", "usage": 0},
				{"appName": "LG 키보드", "usage": 0},
				{"appName": "ABC Logger", "usage": 0},
				{"appName": "통화 화면", "usage": 0},
				{"appName": "파일", "usage": 0},
				{"appName": "Google Play 서비스", "usage": 0},
				{"appName": "Google Play 게임", "usage": 0},
				{"appName": "소프트웨어 업데이트", "usage": 0},
				{"appName": "패키지 설치 프로그램", "usage": 0},
				{"appName": "Android 시스템", "usage": 0},
				{"appName": "CaptivePortalLogin", "usage": 0}
			]
		},
		"avgTime": {
			"usage": 1,
			"details": [
				{"appName": "갤러리", "usage": 1},
				{"appName": "NAVER", "usage": 1},
				{"appName": "Chrome", "usage": 1},
				{"appName": "접근성", "usage": 0},
				{"appName": "NekoSushi", "usage": 0},
				{"appName": "네이버 지도", "usage": 0},
				{"appName": "Dropsync", "usage": 0},
				{"appName": "메시지", "usage": 0},
				{"appName": "토스", "usage": 0},
				{"appName": "Slack", "usage": 0},
				{"appName": "트위터", "usage": 0},
				{"appName": "U-OTP+", "usage": 0},
				{"appName": "Paco", "usage": 0},
				{"appName": "설정", "usage": 0},
				{"appName": "Papago", "usage": 0},
				{"appName": "원터치알림", "usage": 0},
				{"appName": "기본홈", "usage": 0},
				{"appName": "Wi-Fi", "usage": 0},
				{"appName": "플레이윙즈", "usage": 0},
				{"appName": "LG 키보드", "usage": 0},
				{"appName": "알람몬", "usage": 0},
				{"appName": "Polar Beat", "usage": 0},
				{"appName": "원터치개인", "usage": 0},
				{"appName": "파일", "usage": 0},
				{"appName": "ABC Logger", "usage": 0},
				{"appName": "카카오톡", "usage": 0},
				{"appName": "스마트택배", "usage": 0},
				{"appName": "Google Play 스토어", "usage": 0},
				{"appName": "Logger", "usage": 0},
				{"appName": "통화 화면", "usage": 0},
				{"appName": "시스템 UI", "usage": 0},
				{"appName": "소프트웨어 업데이트", "usage": 0},
				{"appName": "Google Play 게임", "usage": 0},
				{"appName": "Google Play 서비스", "usage": 0},
				{"appName": "패키지 설치 프로그램", "usage": 0},
				{"appName": "Android 시스템", "usage": 0},
				{"appName": "CaptivePortalLogin", "usage": 0}
			]
		},
		"lastPickup": {"time": 25}
	},
	{
		"date": 3,
		"totalTime": {
			"usage": 294,
			"details": [
				{"appName": "트위터", "usage": 174},
				{"appName": "Chrome", "usage": 82},
				{"appName": "기본홈", "usage": 6},
				{"appName": "Slack", "usage": 5},
				{"appName": "네이버 지도", "usage": 4},
				{"appName": "Paco", "usage": 3},
				{"appName": "NekoSushi", "usage": 2},
				{"appName": "통화 화면", "usage": 1},
				{"appName": "알람몬", "usage": 1},
				{"appName": "시스템 UI", "usage": 1},
				{"appName": "설정", "usage": 0},
				{"appName": "접근성", "usage": 0},
				{"appName": "플레이윙즈", "usage": 0},
				{"appName": "카카오톡", "usage": 0},
				{"appName": "Polar Beat", "usage": 0},
				{"appName": "Foodie", "usage": 0},
				{"appName": "U-OTP+", "usage": 0},
				{"appName": "주소록", "usage": 0},
				{"appName": "원터치알림", "usage": 0},
				{"appName": "Logger", "usage": 0},
				{"appName": "카메라", "usage": 0},
				{"appName": "미세미세", "usage": 0},
				{"appName": "메시지", "usage": 0},
				{"appName": "Google", "usage": 0},
				{"appName": "패키지 설치 프로그램", "usage": 0}
			]
		},
		"pickups": {"usage": 135},
		"downTime": {
			"usage": [
				{"hour": "1", "usage": 38},
				{"hour": "2", "usage": 21},
				{"hour": "3", "usage": 6},
				{"hour": "4", "usage": 19},
				{"hour": "5", "usage": 7},
				{"hour": "6", "usage": 16},
				{"hour": "7", "usage": 1},
				{"hour": "8", "usage": 14},
				{"hour": "9", "usage": 0},
				{"hour": "10", "usage": 4},
				{"hour": "11", "usage": 1},
				{"hour": "12", "usage": 0},
				{"hour": "13", "usage": 0},
				{"hour": "14", "usage": 2},
				{"hour": "15", "usage": 37},
				{"hour": "16", "usage": 53},
				{"hour": "17", "usage": 58},
				{"hour": "18", "usage": 7},
				{"hour": "23", "usage": 0}
			],
			"details": [
				{"appName": "트위터", "usage": [1, 2, 3, 4, 5, 6, 8, 9, 10, 11, 12, 14, 15, 16, 17, 18]},
				{"appName": "기본홈", "usage": [1, 2, 3, 4, 5, 6, 8, 9, 10, 11, 12, 14, 15, 16, 17, 18]},
				{"appName": "시스템 UI", "usage": [1, 2, 3, 4, 5, 6, 8, 10, 15, 16, 17, 18]},
				{"appName": "Slack", "usage": [1, 6, 7, 8, 10, 11, 14, 15, 16]},
				{"appName": "Paco", "usage": [3, 4, 6, 8, 9, 10, 12]},
				{"appName": "접근성", "usage": [3, 4, 5, 8, 15]},
				{"appName": "Chrome", "usage": [1, 4, 5, 16, 17]},
				{"appName": "카카오톡", "usage": [3, 4, 8, 15]},
				{"appName": "설정", "usage": [3, 4, 5, 15]},
				{"appName": "패키지 설치 프로그램", "usage": [3, 5, 8]},
				{"appName": "원터치알림", "usage": [3, 5, 6]},
				{"appName": "알람몬", "usage": [1, 2, 18]},
				{"appName": "Logger", "usage": [3, 5, 8]},
				{"appName": "U-OTP+", "usage": [6, 8]},
				{"appName": "Polar Beat", "usage": [3, 15]},
				{"appName": "Foodie", "usage": [3, 4]},
				{"appName": "플레이윙즈", "usage": [8]},
				{"appName": "통화 화면", "usage": [8]},
				{"appName": "카메라", "usage": [8]},
				{"appName": "주소록", "usage": [8]},
				{"appName": "미세미세", "usage": [8]},
				{"appName": "메시지", "usage": [15]},
				{"appName": "네이버 지도", "usage": [5]},
				{"appName": "NekoSushi", "usage": [2]},
				{"appName": "Google", "usage": [15]}
			]
		},
		"maxTime": {
			"usage": 88,
			"details": [
				{"appName": "Chrome", "usage": 19},
				{"appName": "트위터", "usage": 10},
				{"appName": "네이버 지도", "usage": 4},
				{"appName": "NekoSushi", "usage": 1},
				{"appName": "Slack", "usage": 1},
				{"appName": "통화 화면", "usage": 1},
				{"appName": "기본홈", "usage": 0},
				{"appName": "Paco", "usage": 0},
				{"appName": "Foodie", "usage": 0},
				{"appName": "플레이윙즈", "usage": 0},
				{"appName": "설정", "usage": 0},
				{"appName": "U-OTP+", "usage": 0},
				{"appName": "Polar Beat", "usage": 0},
				{"appName": "알람몬", "usage": 0},
				{"appName": "접근성", "usage": 0},
				{"appName": "주소록", "usage": 0},
				{"appName": "카카오톡", "usage": 0},
				{"appName": "시스템 UI", "usage": 0},
				{"appName": "원터치알림", "usage": 0},
				{"appName": "Logger", "usage": 0},
				{"appName": "카메라", "usage": 0},
				{"appName": "미세미세", "usage": 0},
				{"appName": "메시지", "usage": 0},
				{"appName": "Google", "usage": 0},
				{"appName": "패키지 설치 프로그램", "usage": 0}
			]
		},
		"avgTime": {
			"usage": 2,
			"details": [
				{"appName": "Chrome", "usage": 3},
				{"appName": "통화 화면", "usage": 1},
				{"appName": "네이버 지도", "usage": 0},
				{"appName": "NekoSushi", "usage": 0},
				{"appName": "Foodie", "usage": 0},
				{"appName": "Slack", "usage": 0},
				{"appName": "트위터", "usage": 0},
				{"appName": "설정", "usage": 0},
				{"appName": "접근성", "usage": 0},
				{"appName": "Paco", "usage": 0},
				{"appName": "주소록", "usage": 0},
				{"appName": "U-OTP+", "usage": 0},
				{"appName": "기본홈", "usage": 0},
				{"appName": "플레이윙즈", "usage": 0},
				{"appName": "Polar Beat", "usage": 0},
				{"appName": "알람몬", "usage": 0},
				{"appName": "카카오톡", "usage": 0},
				{"appName": "원터치알림", "usage": 0},
				{"appName": "카메라", "usage": 0},
				{"appName": "시스템 UI", "usage": 0},
				{"appName": "미세미세", "usage": 0},
				{"appName": "메시지", "usage": 0},
				{"appName": "Logger", "usage": 0},
				{"appName": "Google", "usage": 0},
				{"appName": "패키지 설치 프로그램", "usage": 0}
			]
		},
		"lastPickup": {"time": 0}
	},
	{
		"date": 4,
		"totalTime": {
			"usage": 556,
			"details": [
				{"appName": "Chrome", "usage": 263},
				{"appName": "트위터", "usage": 199},
				{"appName": "NAVER", "usage": 20},
				{"appName": "기본홈", "usage": 13},
				{"appName": "YouTube", "usage": 9},
				{"appName": "밥대생", "usage": 5},
				{"appName": "시스템 UI", "usage": 5},
				{"appName": "Paco", "usage": 4},
				{"appName": "Slack", "usage": 3},
				{"appName": "Google Play 스토어", "usage": 3},
				{"appName": "NekoSushi", "usage": 3},
				{"appName": "알람몬", "usage": 3},
				{"appName": "설정", "usage": 3},
				{"appName": "카카오톡", "usage": 2},
				{"appName": "계산기", "usage": 1},
				{"appName": "갤러리", "usage": 1},
				{"appName": "Polar Beat", "usage": 1},
				{"appName": "메시지", "usage": 1},
				{"appName": "파일", "usage": 0},
				{"appName": "스프레드시트", "usage": 0},
				{"appName": "음악", "usage": 0},
				{"appName": "토스", "usage": 0},
				{"appName": "캘린더", "usage": 0},
				{"appName": "통화 화면", "usage": 0},
				{"appName": "Gmail", "usage": 0},
				{"appName": "원터치알림", "usage": 0},
				{"appName": "접근성", "usage": 0},
				{"appName": "소프트웨어 업데이트", "usage": 0},
				{"appName": "Dropsync", "usage": 0},
				{"appName": "Logger", "usage": 0},
				{"appName": "Android 시스템", "usage": 0},
				{"appName": "Google", "usage": 0},
				{"appName": "잠금화면 설정", "usage": 0},
				{"appName": "Nature Photo Effects", "usage": 0},
				{"appName": "패키지 설치 프로그램", "usage": 0}
			]
		},
		"pickups": {"usage": 135},
		"downTime": {
			"usage": [
				{"hour": "0", "usage": 9},
				{"hour": "1", "usage": 30},
				{"hour": "2", "usage": 13},
				{"hour": "3", "usage": 14},
				{"hour": "4", "usage": 43},
				{"hour": "5", "usage": 58},
				{"hour": "6", "usage": 56},
				{"hour": "7", "usage": 59},
				{"hour": "8", "usage": 56},
				{"hour": "9", "usage": 7},
				{"hour": "10", "usage": 4},
				{"hour": "11", "usage": 26},
				{"hour": "12", "usage": 27},
				{"hour": "13", "usage": 33},
				{"hour": "14", "usage": 7},
				{"hour": "15", "usage": 14},
				{"hour": "16", "usage": 26},
				{"hour": "17", "usage": 15},
				{"hour": "18", "usage": 0},
				{"hour": "19", "usage": 30},
				{"hour": "20", "usage": 21}
			],
			"details": [
				{"appName": "트위터", "usage": [0, 1, 2, 3, 4, 5, 6, 7, 8, 9, 10, 11, 12, 13, 14, 15, 16, 17, 18, 19, 20]},
				{"appName": "시스템 UI", "usage": [0, 1, 2, 3, 4, 5, 6, 7, 8, 9, 10, 11, 12, 13, 14, 15, 16, 17, 18, 19, 20]},
				{"appName": "기본홈", "usage": [0, 1, 2, 3, 4, 5, 6, 8, 9, 10, 11, 12, 13, 14, 15, 16, 17, 19, 20]},
				{"appName": "Chrome", "usage": [1, 2, 3, 4, 5, 6, 7, 8, 10, 11, 12, 13, 14, 15, 16, 17, 19, 20]},
				{"appName": "Slack", "usage": [1, 3, 4, 6, 7, 8, 9, 11, 12, 14]},
				{"appName": "Paco", "usage": [1, 3, 4, 5, 6, 7, 9, 10, 11, 12]},
				{"appName": "원터치알림", "usage": [1, 6, 7, 9, 16, 17]},
				{"appName": "알람몬", "usage": [0, 1, 9, 10, 11, 12]},
				{"appName": "NAVER", "usage": [1, 3, 4, 6, 17, 18]},
				{"appName": "카카오톡", "usage": [0, 1, 17]},
				{"appName": "접근성", "usage": [1, 3, 13]},
				{"appName": "YouTube", "usage": [1, 2, 8]},
				{"appName": "Polar Beat", "usage": [1, 8, 13]},
				{"appName": "패키지 설치 프로그램", "usage": [1, 3]},
				{"appName": "파일", "usage": [3, 11]},
				{"appName": "캘린더", "usage": [4, 6]},
				{"appName": "음악", "usage": [2, 3]},
				{"appName": "소프트웨어 업데이트", "usage": [3, 8]},
				{"appName": "설정", "usage": [3, 13]},
				{"appName": "갤러리", "usage": [11, 16]},
				{"appName": "Logger", "usage": [1, 3]},
				{"appName": "Google Play 스토어", "usage": [2, 4]},
				{"appName": "Google", "usage": [4, 12]},
				{"appName": "통화 화면", "usage": [1]},
				{"appName": "토스", "usage": [6]},
				{"appName": "잠금화면 설정", "usage": [3]},
				{"appName": "스프레드시트", "usage": [4]},
				{"appName": "밥대생", "usage": [8]},
				{"appName": "메시지", "usage": [4]},
				{"appName": "계산기", "usage": [8]},
				{"appName": "NekoSushi", "usage": [1]},
				{"appName": "Nature Photo Effects", "usage": [8]},
				{"appName": "Gmail", "usage": [11]},
				{"appName": "Dropsync", "usage": [1]},
				{"appName": "Android 시스템", "usage": [6]}
			]
		},
		"maxTime": {
			"usage": 40,
			"details": [
				{"appName": "Chrome", "usage": 18},
				{"appName": "NAVER", "usage": 9},
				{"appName": "YouTube", "usage": 6},
				{"appName": "트위터", "usage": 5},
				{"appName": "기본홈", "usage": 3},
				{"appName": "NekoSushi", "usage": 2},
				{"appName": "밥대생", "usage": 2},
				{"appName": "Google Play 스토어", "usage": 1},
				{"appName": "갤러리", "usage": 0},
				{"appName": "카카오톡", "usage": 0},
				{"appName": "Slack", "usage": 0},
				{"appName": "Polar Beat", "usage": 0},
				{"appName": "시스템 UI", "usage": 0},
				{"appName": "스프레드시트", "usage": 0},
				{"appName": "Paco", "usage": 0},
				{"appName": "알람몬", "usage": 0},
				{"appName": "설정", "usage": 0},
				{"appName": "메시지", "usage": 0},
				{"appName": "계산기", "usage": 0},
				{"appName": "파일", "usage": 0},
				{"appName": "통화 화면", "usage": 0},
				{"appName": "음악", "usage": 0},
				{"appName": "Dropsync", "usage": 0},
				{"appName": "소프트웨어 업데이트", "usage": 0},
				{"appName": "토스", "usage": 0},
				{"appName": "Gmail", "usage": 0},
				{"appName": "원터치알림", "usage": 0},
				{"appName": "캘린더", "usage": 0},
				{"appName": "접근성", "usage": 0},
				{"appName": "Android 시스템", "usage": 0},
				{"appName": "Logger", "usage": 0},
				{"appName": "잠금화면 설정", "usage": 0},
				{"appName": "Nature Photo Effects", "usage": 0},
				{"appName": "Google", "usage": 0},
				{"appName": "패키지 설치 프로그램", "usage": 0}
			]
		},
		"avgTime": {
			"usage": 4,
			"details": [
				{"appName": "Chrome", "usage": 1},
				{"appName": "NekoSushi", "usage": 1},
				{"appName": "NAVER", "usage": 0},
				{"appName": "YouTube", "usage": 0},
				{"appName": "밥대생", "usage": 0},
				{"appName": "통화 화면", "usage": 0},
				{"appName": "갤러리", "usage": 0},
				{"appName": "Google Play 스토어", "usage": 0},
				{"appName": "Dropsync", "usage": 0},
				{"appName": "트위터", "usage": 0},
				{"appName": "Slack", "usage": 0},
				{"appName": "계산기", "usage": 0},
				{"appName": "Gmail", "usage": 0},
				{"appName": "Paco", "usage": 0},
				{"appName": "스프레드시트", "usage": 0},
				{"appName": "기본홈", "usage": 0},
				{"appName": "메시지", "usage": 0},
				{"appName": "소프트웨어 업데이트", "usage": 0},
				{"appName": "파일", "usage": 0},
				{"appName": "Polar Beat", "usage": 0},
				{"appName": "카카오톡", "usage": 0},
				{"appName": "설정", "usage": 0},
				{"appName": "캘린더", "usage": 0},
				{"appName": "접근성", "usage": 0},
				{"appName": "음악", "usage": 0},
				{"appName": "토스", "usage": 0},
				{"appName": "알람몬", "usage": 0},
				{"appName": "Android 시스템", "usage": 0},
				{"appName": "원터치알림", "usage": 0},
				{"appName": "시스템 UI", "usage": 0},
				{"appName": "잠금화면 설정", "usage": 0},
				{"appName": "Logger", "usage": 0},
				{"appName": "Nature Photo Effects", "usage": 0},
				{"appName": "Google", "usage": 0},
				{"appName": "패키지 설치 프로그램", "usage": 0}
			]
		},
		"lastPickup": {"time": 0}
	},
	{
		"date": 5,
		"totalTime": {
			"usage": 161,
			"details": [
				{"appName": "트위터", "usage": 71},
				{"appName": "Chrome", "usage": 42},
				{"appName": "NAVER", "usage": 7},
				{"appName": "기본홈", "usage": 7},
				{"appName": "알람몬", "usage": 6},
				{"appName": "Paco", "usage": 4},
				{"appName": "Slack", "usage": 3},
				{"appName": "U-OTP+", "usage": 3},
				{"appName": "시스템 UI", "usage": 1},
				{"appName": "설정", "usage": 1},
				{"appName": "음악", "usage": 1},
				{"appName": "카카오톡", "usage": 0},
				{"appName": "원터치알림", "usage": 0},
				{"appName": "접근성", "usage": 0},
				{"appName": "Logger", "usage": 0},
				{"appName": "라프텔", "usage": 0},
				{"appName": "Polar Beat", "usage": 0},
				{"appName": "Google", "usage": 0},
				{"appName": "소프트웨어 업데이트", "usage": 0},
				{"appName": "계산기", "usage": 0},
				{"appName": "Android 시스템", "usage": 0},
				{"appName": "패키지 설치 프로그램", "usage": 0}
			]
		},
		"pickups": {"usage": 138},
		"downTime": {
			"usage": [
				{"hour": "2", "usage": 23},
				{"hour": "3", "usage": 41},
				{"hour": "4", "usage": 17},
				{"hour": "5", "usage": 22},
				{"hour": "6", "usage": 18},
				{"hour": "7", "usage": 8},
				{"hour": "8", "usage": 6},
				{"hour": "9", "usage": 3},
				{"hour": "10", "usage": 1},
				{"hour": "11", "usage": 2},
				{"hour": "12", "usage": 1},
				{"hour": "13", "usage": 0},
				{"hour": "16", "usage": 3},
				{"hour": "17", "usage": 3},
				{"hour": "18", "usage": 7}
			],
			"details": [
				{"appName": "기본홈", "usage": [2, 3, 4, 5, 6, 7, 8, 9, 10, 11, 12, 13, 16, 17, 18]},
				{"appName": "시스템 UI", "usage": [2, 3, 4, 5, 6, 7, 8, 9, 10, 11, 12, 16, 18]},
				{"appName": "트위터", "usage": [2, 3, 4, 5, 6, 7, 8, 10, 16, 17, 18]},
				{"appName": "Paco", "usage": [3, 4, 5, 6, 7, 8, 9, 10, 12]},
				{"appName": "알람몬", "usage": [5, 6, 7, 8, 9, 10, 18]},
				{"appName": "Slack", "usage": [2, 3, 4, 5, 8, 16]},
				{"appName": "NAVER", "usage": [2, 3, 4, 5, 11, 12]},
				{"appName": "원터치알림", "usage": [4, 8, 9, 13, 16]},
				{"appName": "Chrome", "usage": [2, 3, 4, 6, 18]},
				{"appName": "카카오톡", "usage": [6, 7, 8, 16]},
				{"appName": "접근성", "usage": [3, 5, 12, 16]},
				{"appName": "설정", "usage": [3, 5, 12, 16]},
				{"appName": "패키지 설치 프로그램", "usage": [3, 5, 12]},
				{"appName": "U-OTP+", "usage": [8, 11, 18]},
				{"appName": "Polar Beat", "usage": [3, 16]},
				{"appName": "Logger", "usage": [3, 5]},
				{"appName": "Google", "usage": [5, 13]},
				{"appName": "Android 시스템", "usage": [2, 3]},
				{"appName": "음악", "usage": [5]},
				{"appName": "소프트웨어 업데이트", "usage": [10]},
				{"appName": "라프텔", "usage": [16]},
				{"appName": "계산기", "usage": [3]}
			]
		},
		"maxTime": {
			"usage": 28,
			"details": [
				{"appName": "Chrome", "usage": 13},
				{"appName": "NAVER", "usage": 3},
				{"appName": "알람몬", "usage": 2},
				{"appName": "U-OTP+", "usage": 2},
				{"appName": "트위터", "usage": 1},
				{"appName": "기본홈", "usage": 0},
				{"appName": "Slack", "usage": 0},
				{"appName": "Paco", "usage": 0},
				{"appName": "원터치알림", "usage": 0},
				{"appName": "음악", "usage": 0},
				{"appName": "설정", "usage": 0},
				{"appName": "Logger", "usage": 0},
				{"appName": "접근성", "usage": 0},
				{"appName": "시스템 UI", "usage": 0},
				{"appName": "Google", "usage": 0},
				{"appName": "카카오톡", "usage": 0},
				{"appName": "소프트웨어 업데이트", "usage": 0},
				{"appName": "계산기", "usage": 0},
				{"appName": "Polar Beat", "usage": 0},
				{"appName": "라프텔", "usage": 0},
				{"appName": "Android 시스템", "usage": 0},
				{"appName": "패키지 설치 프로그램", "usage": 0}
			]
		},
		"avgTime": {
			"usage": 1,
			"details": [
				{"appName": "Chrome", "usage": 2},
				{"appName": "NAVER", "usage": 0},
				{"appName": "U-OTP+", "usage": 0},
				{"appName": "트위터", "usage": 0},
				{"appName": "Slack", "usage": 0},
				{"appName": "접근성", "usage": 0},
				{"appName": "계산기", "usage": 0},
				{"appName": "원터치알림", "usage": 0},
				{"appName": "알람몬", "usage": 0},
				{"appName": "음악", "usage": 0},
				{"appName": "Paco", "usage": 0},
				{"appName": "기본홈", "usage": 0},
				{"appName": "설정", "usage": 0},
				{"appName": "Logger", "usage": 0},
				{"appName": "Google", "usage": 0},
				{"appName": "소프트웨어 업데이트", "usage": 0},
				{"appName": "Android 시스템", "usage": 0},
				{"appName": "라프텔", "usage": 0},
				{"appName": "Polar Beat", "usage": 0},
				{"appName": "카카오톡", "usage": 0},
				{"appName": "시스템 UI", "usage": 0},
				{"appName": "패키지 설치 프로그램", "usage": 0}
			]
		},
		"lastPickup": {"time": 7}
	},
	{
		"date": 6,
		"totalTime": {
			"usage": 130,
			"details": [
				{"appName": "트위터", "usage": 49},
				{"appName": "기본홈", "usage": 27},
				{"appName": "Paco", "usage": 13},
				{"appName": "알람몬", "usage": 7},
				{"appName": "Chrome", "usage": 7},
				{"appName": "카카오톡", "usage": 6},
				{"appName": "App Lock", "usage": 3},
				{"appName": "플레이윙즈", "usage": 1},
				{"appName": "설정", "usage": 1},
				{"appName": "갤러리", "usage": 0},
				{"appName": "시스템 UI", "usage": 0},
				{"appName": "메시지", "usage": 0},
				{"appName": "Google Play 스토어", "usage": 0},
				{"appName": "콘텐츠 잠금", "usage": 0},
				{"appName": "통화 화면", "usage": 0},
				{"appName": "Slack", "usage": 0},
				{"appName": "파일", "usage": 0},
				{"appName": "Polar Beat", "usage": 0},
				{"appName": "U-OTP+", "usage": 0},
				{"appName": "접근성", "usage": 0},
				{"appName": "Google", "usage": 0},
				{"appName": "Bluetooth", "usage": 0},
				{"appName": "CamScanner", "usage": 0},
				{"appName": "Logger", "usage": 0},
				{"appName": "잠금화면 설정", "usage": 0},
				{"appName": "주소록", "usage": 0},
				{"appName": "원터치알림", "usage": 0},
				{"appName": "Google Play 서비스", "usage": 0},
				{"appName": "패키지 설치 프로그램", "usage": 0}
			]
		},
		"pickups": {"usage": 88},
		"downTime": {
			"usage": [
				{"hour": "2", "usage": 10},
				{"hour": "4", "usage": 6},
				{"hour": "5", "usage": 3},
				{"hour": "6", "usage": 16},
				{"hour": "7", "usage": 20},
				{"hour": "8", "usage": 11},
				{"hour": "9", "usage": 4},
				{"hour": "10", "usage": 2},
				{"hour": "11", "usage": 7},
				{"hour": "12", "usage": 14},
				{"hour": "15", "usage": 4},
				{"hour": "17", "usage": 11},
				{"hour": "18", "usage": 15},
				{"hour": "19", "usage": 0}
			],
			"details": [
				{"appName": "기본홈", "usage": [2, 4, 5, 6, 7, 8, 9, 10, 11, 12, 15, 17, 18, 19]},
				{"appName": "알람몬", "usage": [2, 4, 5, 6, 7, 8, 9, 10, 11, 15, 18, 19]},
				{"appName": "시스템 UI", "usage": [2, 4, 5, 6, 7, 8, 9, 10, 11, 12, 15, 18]},
				{"appName": "트위터", "usage": [2, 4, 6, 7, 9, 11, 12, 15, 17, 18]},
				{"appName": "Paco", "usage": [4, 5, 6, 7, 8, 9, 10, 11, 18]},
				{"appName": "App Lock", "usage": [6, 7, 8, 9, 11, 12, 15, 17, 18]},
				{"appName": "카카오톡", "usage": [2, 4, 5, 6, 11, 12, 15, 17]},
				{"appName": "Chrome", "usage": [2, 9, 11, 12, 15]},
				{"appName": "원터치알림", "usage": [4, 6, 8]},
				{"appName": "설정", "usage": [4, 6, 18]},
				{"appName": "Polar Beat", "usage": [4, 8, 18]},
				{"appName": "플레이윙즈", "usage": [2, 6]},
				{"appName": "접근성", "usage": [8, 18]},
				{"appName": "메시지", "usage": [2, 15]},
				{"appName": "갤러리", "usage": [6, 8]},
				{"appName": "Slack", "usage": [7, 17]},
				{"appName": "패키지 설치 프로그램", "usage": [8]},
				{"appName": "파일", "usage": [6]},
				{"appName": "통화 화면", "usage": [7]},
				{"appName": "콘텐츠 잠금", "usage": [6]},
				{"appName": "주소록", "usage": [7]},
				{"appName": "잠금화면 설정", "usage": [6]},
				{"appName": "U-OTP+", "usage": [11]},
				{"appName": "Logger", "usage": [8]},
				{"appName": "Google Play 스토어", "usage": [6]},
				{"appName": "Google Play 서비스", "usage": [2]},
				{"appName": "Google", "usage": [7]},
				{"appName": "CamScanner", "usage": [6]},
				{"appName": "Bluetooth", "usage": [6]}
			]
		},
		"maxTime": {
			"usage": 11,
			"details": [
				{"appName": "기본홈", "usage": 10},
				{"appName": "Paco", "usage": 8},
				{"appName": "Chrome", "usage": 2},
				{"appName": "트위터", "usage": 1},
				{"appName": "알람몬", "usage": 1},
				{"appName": "카카오톡", "usage": 0},
				{"appName": "App Lock", "usage": 0},
				{"appName": "플레이윙즈", "usage": 0},
				{"appName": "메시지", "usage": 0},
				{"appName": "갤러리", "usage": 0},
				{"appName": "통화 화면", "usage": 0},
				{"appName": "Google Play 스토어", "usage": 0},
				{"appName": "콘텐츠 잠금", "usage": 0},
				{"appName": "설정", "usage": 0},
				{"appName": "파일", "usage": 0},
				{"appName": "Slack", "usage": 0},
				{"appName": "Polar Beat", "usage": 0},
				{"appName": "U-OTP+", "usage": 0},
				{"appName": "시스템 UI", "usage": 0},
				{"appName": "접근성", "usage": 0},
				{"appName": "Google", "usage": 0},
				{"appName": "Bluetooth", "usage": 0},
				{"appName": "CamScanner", "usage": 0},
				{"appName": "잠금화면 설정", "usage": 0},
				{"appName": "주소록", "usage": 0},
				{"appName": "Logger", "usage": 0},
				{"appName": "원터치알림", "usage": 0},
				{"appName": "Google Play 서비스", "usage": 0},
				{"appName": "패키지 설치 프로그램", "usage": 0}
			]
		},
		"avgTime": {
			"usage": 1,
			"details": [
				{"appName": "Chrome", "usage": 0},
				{"appName": "기본홈", "usage": 0},
				{"appName": "Paco", "usage": 0},
				{"appName": "메시지", "usage": 0},
				{"appName": "통화 화면", "usage": 0},
				{"appName": "갤러리", "usage": 0},
				{"appName": "플레이윙즈", "usage": 0},
				{"appName": "트위터", "usage": 0},
				{"appName": "Slack", "usage": 0},
				{"appName": "설정", "usage": 0},
				{"appName": "Google Play 스토어", "usage": 0},
				{"appName": "카카오톡", "usage": 0},
				{"appName": "U-OTP+", "usage": 0},
				{"appName": "App Lock", "usage": 0},
				{"appName": "파일", "usage": 0},
				{"appName": "접근성", "usage": 0},
				{"appName": "콘텐츠 잠금", "usage": 0},
				{"appName": "알람몬", "usage": 0},
				{"appName": "Bluetooth", "usage": 0},
				{"appName": "CamScanner", "usage": 0},
				{"appName": "잠금화면 설정", "usage": 0},
				{"appName": "주소록", "usage": 0},
				{"appName": "Google", "usage": 0},
				{"appName": "시스템 UI", "usage": 0},
				{"appName": "Polar Beat", "usage": 0},
				{"appName": "Google Play 서비스", "usage": 0},
				{"appName": "Logger", "usage": 0},
				{"appName": "원터치알림", "usage": 0},
				{"appName": "패키지 설치 프로그램", "usage": 0}
			]
		},
		"lastPickup": {"time": 0}
	},
	{
		"date": 7,
		"totalTime": {
			"usage": 721,
			"details": [
				{"appName": "Chrome", "usage": 614},
				{"appName": "알람몬", "usage": 216},
				{"appName": "트위터", "usage": 41},
				{"appName": "기본홈", "usage": 26},
				{"appName": "NAVER", "usage": 14},
				{"appName": "Slack", "usage": 4},
				{"appName": "App Lock", "usage": 3},
				{"appName": "Paco", "usage": 3},
				{"appName": "카카오톡", "usage": 1},
				{"appName": "시스템 UI", "usage": 0},
				{"appName": "메시지", "usage": 0},
				{"appName": "음악", "usage": 0},
				{"appName": "설정", "usage": 0},
				{"appName": "Polar Beat", "usage": 0},
				{"appName": "U-OTP+", "usage": 0},
				{"appName": "접근성", "usage": 0},
				{"appName": "원터치알림", "usage": 0},
				{"appName": "캘린더", "usage": 0},
				{"appName": "NekoSushi", "usage": 0},
				{"appName": "Google Play 스토어", "usage": 0},
				{"appName": "카메라", "usage": 0},
				{"appName": "Logger", "usage": 0},
				{"appName": "Google Play 서비스", "usage": 0},
				{"appName": "패키지 설치 프로그램", "usage": 0},
				{"appName": "Google", "usage": 0}
			]
		},
		"pickups": {"usage": 87},
		"downTime": {
			"usage": [
				{"hour": "3", "usage": 15},
				{"hour": "4", "usage": 18},
				{"hour": "5", "usage": 10},
				{"hour": "6", "usage": 8},
				{"hour": "7", "usage": 9},
				{"hour": "8", "usage": 37},
				{"hour": "9", "usage": 7},
				{"hour": "10", "usage": 9},
				{"hour": "11", "usage": 3},
				{"hour": "12", "usage": 1},
				{"hour": "13", "usage": 0},
				{"hour": "14", "usage": 6}
			],
			"details": [
				{"appName": "알람몬", "usage": [0, 1, 2, 3, 4, 5, 7, 8, 9, 10, 11, 12, 13]},
				{"appName": "시스템 UI", "usage": [3, 4, 5, 6, 7, 8, 10, 11, 12, 14]},
				{"appName": "기본홈", "usage": [3, 4, 5, 6, 7, 8, 10, 11, 12, 14]},
				{"appName": "트위터", "usage": [3, 4, 5, 6, 7, 8, 10, 11]},
				{"appName": "App Lock", "usage": [3, 4, 5, 6, 7, 8, 10, 11]},
				{"appName": "Paco", "usage": [5, 6, 7, 8, 10, 11, 12]},
				{"appName": "Slack", "usage": [3, 4, 6, 7, 8, 10]},
				{"appName": "Chrome", "usage": [3, 4, 5, 10, 11, 14]},
				{"appName": "메시지", "usage": [6, 8, 12, 13, 14]},
				{"appName": "원터치알림", "usage": [3, 5, 7, 11]},
				{"appName": "카카오톡", "usage": [3, 4, 6]},
				{"appName": "설정", "usage": [5, 8, 14]},
				{"appName": "NAVER", "usage": [8, 9, 10]},
				{"appName": "캘린더", "usage": [4, 6]},
				{"appName": "접근성", "usage": [7, 14]},
				{"appName": "Polar Beat", "usage": [5, 14]},
				{"appName": "Google Play 스토어", "usage": [13, 14]},
				{"appName": "패키지 설치 프로그램", "usage": [7]},
				{"appName": "카메라", "usage": [6]},
				{"appName": "음악", "usage": [7]},
				{"appName": "U-OTP+", "usage": [10]},
				{"appName": "NekoSushi", "usage": [7]},
				{"appName": "Logger", "usage": [7]},
				{"appName": "Google Play 서비스", "usage": [14]},
				{"appName": "Google", "usage": [5]}
			]
		},
		"maxTime": {
			"usage": 592,
			"details": [
				{"appName": "Chrome", "usage": 597},
				{"appName": "알람몬", "usage": 211},
				{"appName": "기본홈", "usage": 19},
				{"appName": "NAVER", "usage": 12},
				{"appName": "App Lock", "usage": 2},
				{"appName": "트위터", "usage": 1},
				{"appName": "Slack", "usage": 1},
				{"appName": "메시지", "usage": 0},
				{"appName": "Polar Beat", "usage": 0},
				{"appName": "설정", "usage": 0},
				{"appName": "음악", "usage": 0},
				{"appName": "Paco", "usage": 0},
				{"appName": "카카오톡", "usage": 0},
				{"appName": "U-OTP+", "usage": 0},
				{"appName": "시스템 UI", "usage": 0},
				{"appName": "원터치알림", "usage": 0},
				{"appName": "접근성", "usage": 0},
				{"appName": "캘린더", "usage": 0},
				{"appName": "Google Play 스토어", "usage": 0},
				{"appName": "NekoSushi", "usage": 0},
				{"appName": "카메라", "usage": 0},
				{"appName": "Logger", "usage": 0},
				{"appName": "Google Play 서비스", "usage": 0},
				{"appName": "패키지 설치 프로그램", "usage": 0},
				{"appName": "Google", "usage": 0}
			]
		},
		"avgTime": {
			"usage": 8,
			"details": [
				{"appName": "Chrome", "usage": 27},
				{"appName": "알람몬", "usage": 1},
				{"appName": "NAVER", "usage": 1},
				{"appName": "기본홈", "usage": 0},
				{"appName": "Slack", "usage": 0},
				{"appName": "음악", "usage": 0},
				{"appName": "트위터", "usage": 0},
				{"appName": "U-OTP+", "usage": 0},
				{"appName": "설정", "usage": 0},
				{"appName": "접근성", "usage": 0},
				{"appName": "App Lock", "usage": 0},
				{"appName": "Paco", "usage": 0},
				{"appName": "Polar Beat", "usage": 0},
				{"appName": "메시지", "usage": 0},
				{"appName": "캘린더", "usage": 0},
				{"appName": "카메라", "usage": 0},
				{"appName": "NekoSushi", "usage": 0},
				{"appName": "Google Play 스토어", "usage": 0},
				{"appName": "카카오톡", "usage": 0},
				{"appName": "시스템 UI", "usage": 0},
				{"appName": "원터치알림", "usage": 0},
				{"appName": "Google Play 서비스", "usage": 0},
				{"appName": "Logger", "usage": 0},
				{"appName": "패키지 설치 프로그램", "usage": 0},
				{"appName": "Google", "usage": 0}
			]
		},
		"lastPickup": {"time": 592}
	}
]
