[
	{
		"date": 1,
		"totalTime": {
			"usage": 338,
			"details": [
				{"appName": "카카오톡", "usage": 80},
				{"appName": "YouTube", "usage": 53},
				{"appName": "네이버 블로그", "usage": 37},
				{"appName": "디시인사이드", "usage": 36},
				{"appName": "기본홈", "usage": 31},
				{"appName": "Chrome", "usage": 21},
				{"appName": "LIVE스코어", "usage": 16},
				{"appName": "통화 화면", "usage": 13},
				{"appName": "NAVER", "usage": 5},
				{"appName": "카메라", "usage": 4},
				{"appName": "Paco", "usage": 2},
				{"appName": "캘린더", "usage": 1},
				{"appName": "네이버TV", "usage": 1},
				{"appName": "주소록", "usage": 1},
				{"appName": "Google", "usage": 1},
				{"appName": "T멤버십", "usage": 1},
				{"appName": "KLMS", "usage": 0},
				{"appName": "시스템 UI", "usage": 0},
				{"appName": "카카오뱅크", "usage": 0},
				{"appName": "갤러리", "usage": 0},
				{"appName": "알람/시계", "usage": 0},
				{"appName": "아이즈원 프라이빗 메일", "usage": 0},
				{"appName": "VIBE", "usage": 0},
				{"appName": "지도", "usage": 0},
				{"appName": "Polar Beat", "usage": 0},
				{"appName": "메시지", "usage": 0},
				{"appName": "Bluetooth", "usage": 0},
				{"appName": "이메일", "usage": 0},
				{"appName": "트위터", "usage": 0},
				{"appName": "Google Play 스토어", "usage": 0},
				{"appName": "Android 시스템", "usage": 0},
				{"appName": "원터치개인", "usage": 0},
				{"appName": "스터디헬퍼", "usage": 0},
				{"appName": "캐시슬라이드", "usage": 0},
				{"appName": "CLASSUM", "usage": 0},
				{"appName": "AhnLab V3 Mobile Plus 2.0", "usage": 0},
				{"appName": "ABC Logger", "usage": 0},
				{"appName": "Wi-Fi", "usage": 0},
				{"appName": "Google Play 서비스", "usage": 0},
				{"appName": "Fitbit", "usage": 0},
				{"appName": "통화 관리", "usage": 0}
			]
		},
		"pickups": {"usage": 230},
		"downTime": {
			"usage": [
				{"hour": "0", "usage": 51},
				{"hour": "1", "usage": 24},
				{"hour": "2", "usage": 5},
				{"hour": "3", "usage": 9},
				{"hour": "4", "usage": 33},
				{"hour": "5", "usage": 15},
				{"hour": "6", "usage": 35},
				{"hour": "7", "usage": 47},
				{"hour": "8", "usage": 18},
				{"hour": "9", "usage": 1},
				{"hour": "10", "usage": 29},
				{"hour": "11", "usage": 2},
				{"hour": "12", "usage": 9},
				{"hour": "13", "usage": 1},
				{"hour": "14", "usage": 3},
				{"hour": "15", "usage": 1},
				{"hour": "16", "usage": 20},
				{"hour": "22", "usage": 1},
				{"hour": "23", "usage": 23}
			],
			"details": [
				{"appName": "캐시슬라이드", "usage": [0, 1, 2, 3, 4, 5, 6, 7, 8, 9, 10, 11, 12, 13, 14, 15, 16, 17, 18, 19, 20, 21, 22, 23]},
				{"appName": "카카오톡", "usage": [0, 1, 2, 3, 4, 5, 6, 7, 8, 9, 10, 11, 12, 13, 14, 15, 16, 23]},
				{"appName": "기본홈", "usage": [0, 1, 2, 3, 4, 5, 6, 7, 8, 9, 10, 11, 12, 13, 14, 15, 16, 23]},
				{"appName": "시스템 UI", "usage": [0, 1, 2, 3, 4, 5, 6, 7, 10, 23]},
				{"appName": "Paco", "usage": [0, 1, 2, 3, 4, 5, 6, 7, 10, 12]},
				{"appName": "LIVE스코어", "usage": [0, 1, 2, 4, 5, 6, 12, 13, 22, 23]},
				{"appName": "캘린더", "usage": [0, 1, 2, 7, 10, 13, 23]},
				{"appName": "Chrome", "usage": [0, 1, 2, 5, 7, 8, 23]},
				{"appName": "디시인사이드", "usage": [0, 1, 2, 5, 6]},
				{"appName": "통화 화면", "usage": [8, 10, 12, 14]},
				{"appName": "카메라", "usage": [3, 5, 8, 10]},
				{"appName": "주소록", "usage": [8, 10, 12, 14]},
				{"appName": "네이버 블로그", "usage": [0, 1, 7, 8]},
				{"appName": "갤러리", "usage": [3, 5, 8, 10]},
				{"appName": "YouTube", "usage": [4, 5, 16, 23]},
				{"appName": "Polar Beat", "usage": [0, 4, 6, 10]},
				{"appName": "NAVER", "usage": [0, 4, 6, 7]},
				{"appName": "통화 관리", "usage": [8, 10, 14]},
				{"appName": "알람/시계", "usage": [3, 16, 23]},
				{"appName": "메시지", "usage": [5, 9, 12]},
				{"appName": "Google", "usage": [0, 5, 16]},
				{"appName": "카카오뱅크", "usage": [1, 6]},
				{"appName": "이메일", "usage": [0, 1]},
				{"appName": "원터치개인", "usage": [0, 23]},
				{"appName": "네이버TV", "usage": [0, 23]},
				{"appName": "Wi-Fi", "usage": [10, 16]},
				{"appName": "Google Play 스토어", "usage": [4, 13]},
				{"appName": "Android 시스템", "usage": [0, 6]},
				{"appName": "트위터", "usage": [23]},
				{"appName": "지도", "usage": [6]},
				{"appName": "아이즈원 프라이빗 메일", "usage": [12]},
				{"appName": "스터디헬퍼", "usage": [8]},
				{"appName": "VIBE", "usage": [5]},
				{"appName": "T멤버십", "usage": [1]},
				{"appName": "KLMS", "usage": [10]},
				{"appName": "Google Play 서비스", "usage": [13]},
				{"appName": "Fitbit", "usage": [5]},
				{"appName": "CLASSUM", "usage": [7]},
				{"appName": "Bluetooth", "usage": [5]},
				{"appName": "AhnLab V3 Mobile Plus 2.0", "usage": [7]},
				{"appName": "ABC Logger", "usage": [6]}
			]
		},
		"maxTime": {
			"usage": 27,
			"details": [
				{"appName": "YouTube", "usage": 13},
				{"appName": "통화 화면", "usage": 9},
				{"appName": "LIVE스코어", "usage": 6},
				{"appName": "Chrome", "usage": 6},
				{"appName": "기본홈", "usage": 4},
				{"appName": "카메라", "usage": 2},
				{"appName": "카카오톡", "usage": 2},
				{"appName": "네이버 블로그", "usage": 2},
				{"appName": "디시인사이드", "usage": 2},
				{"appName": "NAVER", "usage": 1},
				{"appName": "T멤버십", "usage": 1},
				{"appName": "네이버TV", "usage": 0},
				{"appName": "Paco", "usage": 0},
				{"appName": "지도", "usage": 0},
				{"appName": "갤러리", "usage": 0},
				{"appName": "주소록", "usage": 0},
				{"appName": "Google", "usage": 0},
				{"appName": "VIBE", "usage": 0},
				{"appName": "카카오뱅크", "usage": 0},
				{"appName": "캘린더", "usage": 0},
				{"appName": "KLMS", "usage": 0},
				{"appName": "아이즈원 프라이빗 메일", "usage": 0},
				{"appName": "Bluetooth", "usage": 0},
				{"appName": "알람/시계", "usage": 0},
				{"appName": "이메일", "usage": 0},
				{"appName": "트위터", "usage": 0},
				{"appName": "Polar Beat", "usage": 0},
				{"appName": "Google Play 스토어", "usage": 0},
				{"appName": "스터디헬퍼", "usage": 0},
				{"appName": "메시지", "usage": 0},
				{"appName": "시스템 UI", "usage": 0},
				{"appName": "CLASSUM", "usage": 0},
				{"appName": "AhnLab V3 Mobile Plus 2.0", "usage": 0},
				{"appName": "원터치개인", "usage": 0},
				{"appName": "ABC Logger", "usage": 0},
				{"appName": "Android 시스템", "usage": 0},
				{"appName": "캐시슬라이드", "usage": 0},
				{"appName": "Google Play 서비스", "usage": 0},
				{"appName": "Wi-Fi", "usage": 0},
				{"appName": "Fitbit", "usage": 0},
				{"appName": "통화 관리", "usage": 0}
			]
		},
		"avgTime": {
			"usage": 1,
			"details": [
				{"appName": "YouTube", "usage": 2},
				{"appName": "통화 화면", "usage": 1},
				{"appName": "T멤버십", "usage": 1},
				{"appName": "Chrome", "usage": 0},
				{"appName": "카메라", "usage": 0},
				{"appName": "네이버TV", "usage": 0},
				{"appName": "네이버 블로그", "usage": 0},
				{"appName": "지도", "usage": 0},
				{"appName": "LIVE스코어", "usage": 0},
				{"appName": "NAVER", "usage": 0},
				{"appName": "갤러리", "usage": 0},
				{"appName": "디시인사이드", "usage": 0},
				{"appName": "KLMS", "usage": 0},
				{"appName": "Bluetooth", "usage": 0},
				{"appName": "Google", "usage": 0},
				{"appName": "기본홈", "usage": 0},
				{"appName": "카카오톡", "usage": 0},
				{"appName": "Paco", "usage": 0},
				{"appName": "VIBE", "usage": 0},
				{"appName": "주소록", "usage": 0},
				{"appName": "아이즈원 프라이빗 메일", "usage": 0},
				{"appName": "CLASSUM", "usage": 0},
				{"appName": "알람/시계", "usage": 0},
				{"appName": "이메일", "usage": 0},
				{"appName": "캘린더", "usage": 0},
				{"appName": "메시지", "usage": 0},
				{"appName": "카카오뱅크", "usage": 0},
				{"appName": "스터디헬퍼", "usage": 0},
				{"appName": "Google Play 스토어", "usage": 0},
				{"appName": "트위터", "usage": 0},
				{"appName": "Polar Beat", "usage": 0},
				{"appName": "AhnLab V3 Mobile Plus 2.0", "usage": 0},
				{"appName": "시스템 UI", "usage": 0},
				{"appName": "Google Play 서비스", "usage": 0},
				{"appName": "ABC Logger", "usage": 0},
				{"appName": "Wi-Fi", "usage": 0},
				{"appName": "Android 시스템", "usage": 0},
				{"appName": "원터치개인", "usage": 0},
				{"appName": "Fitbit", "usage": 0},
				{"appName": "캐시슬라이드", "usage": 0},
				{"appName": "통화 관리", "usage": 0}
			]
		},
		"lastPickup": {"time": 0}
	},
	{
		"date": 2,
		"totalTime": {
			"usage": 281,
			"details": [
				{"appName": "기본홈", "usage": 76},
				{"appName": "카카오톡", "usage": 43},
				{"appName": "디시인사이드", "usage": 30},
				{"appName": "LIVE스코어", "usage": 29},
				{"appName": "Chrome", "usage": 29},
				{"appName": "YouTube", "usage": 23},
				{"appName": "Study", "usage": 15},
				{"appName": "Puffin", "usage": 11},
				{"appName": "날씨", "usage": 10},
				{"appName": "카메라", "usage": 3},
				{"appName": "동영상", "usage": 3},
				{"appName": "아이즈원 프라이빗 메일", "usage": 2},
				{"appName": "Google", "usage": 2},
				{"appName": "Polaris Office", "usage": 2},
				{"appName": "메시지", "usage": 1},
				{"appName": "통화 화면", "usage": 1},
				{"appName": "NAVER", "usage": 1},
				{"appName": "지도", "usage": 1},
				{"appName": "시스템 UI", "usage": 1},
				{"appName": "Paco", "usage": 1},
				{"appName": "캘린더", "usage": 1},
				{"appName": "배달의민족", "usage": 1},
				{"appName": "스터디헬퍼", "usage": 1},
				{"appName": "ABC Logger", "usage": 1},
				{"appName": "갤러리", "usage": 1},
				{"appName": "통화 서비스", "usage": 1},
				{"appName": "계산기", "usage": 0},
				{"appName": "VIBE", "usage": 0},
				{"appName": "주소록", "usage": 0},
				{"appName": "T world", "usage": 0},
				{"appName": "알람/시계", "usage": 0},
				{"appName": "네이버TV", "usage": 0},
				{"appName": "KLMS", "usage": 0},
				{"appName": "CLASSUM", "usage": 0},
				{"appName": "이메일", "usage": 0},
				{"appName": "Polar Beat", "usage": 0},
				{"appName": "접근성", "usage": 0},
				{"appName": "Wi-Fi", "usage": 0},
				{"appName": "Bluetooth", "usage": 0},
				{"appName": "FatSecret", "usage": 0},
				{"appName": "설정", "usage": 0},
				{"appName": "Android 시스템", "usage": 0},
				{"appName": "네이버 블로그", "usage": 0},
				{"appName": "통화 관리", "usage": 0},
				{"appName": "Gmail", "usage": 0},
				{"appName": "고음질 녹음", "usage": 0},
				{"appName": "카카오뱅크", "usage": 0},
				{"appName": "방치타임", "usage": 0},
				{"appName": "Google Play 스토어", "usage": 0},
				{"appName": "패키지 설치 프로그램", "usage": 0},
				{"appName": "Word", "usage": 0},
				{"appName": "Papago", "usage": 0},
				{"appName": "캐시슬라이드", "usage": 0}
			]
		},
		"pickups": {"usage": 278},
		"downTime": {
			"usage": [
				{"hour": "0", "usage": 42},
				{"hour": "1", "usage": 23},
				{"hour": "2", "usage": 16},
				{"hour": "3", "usage": 17},
				{"hour": "4", "usage": 0},
				{"hour": "5", "usage": 16},
				{"hour": "6", "usage": 8},
				{"hour": "7", "usage": 10},
				{"hour": "8", "usage": 15},
				{"hour": "9", "usage": 11},
				{"hour": "10", "usage": 4},
				{"hour": "11", "usage": 3},
				{"hour": "12", "usage": 21},
				{"hour": "13", "usage": 19},
				{"hour": "14", "usage": 22},
				{"hour": "15", "usage": 2},
				{"hour": "16", "usage": 10},
				{"hour": "17", "usage": 1},
				{"hour": "18", "usage": 21},
				{"hour": "22", "usage": 10},
				{"hour": "23", "usage": 0}
			],
			"details": [
				{"appName": "기본홈", "usage": [0, 1, 2, 3, 4, 5, 6, 7, 8, 9, 10, 11, 12, 13, 14, 15, 16, 17, 18, 23]},
				{"appName": "카카오톡", "usage": [0, 1, 2, 3, 4, 5, 6, 7, 8, 9, 10, 11, 12, 13, 14, 15, 16, 17, 18]},
				{"appName": "시스템 UI", "usage": [0, 1, 2, 3, 5, 6, 7, 8, 9, 10, 12, 14]},
				{"appName": "LIVE스코어", "usage": [0, 1, 2, 3, 5, 6, 9, 10, 12, 14, 18, 22]},
				{"appName": "YouTube", "usage": [0, 2, 12, 13, 15, 16, 18]},
				{"appName": "Chrome", "usage": [1, 3, 5, 6, 14, 16, 17]},
				{"appName": "아이즈원 프라이빗 메일", "usage": [2, 5, 6, 8, 9, 12]},
				{"appName": "디시인사이드", "usage": [0, 2, 3, 12, 13, 14]},
				{"appName": "Paco", "usage": [2, 5, 6, 8, 9, 12]},
				{"appName": "Google", "usage": [0, 6, 12, 13, 14]},
				{"appName": "스터디헬퍼", "usage": [0, 1, 7, 8]},
				{"appName": "메시지", "usage": [1, 4, 5, 6]},
				{"appName": "갤러리", "usage": [7, 8, 13, 14]},
				{"appName": "캘린더", "usage": [9, 11, 14]},
				{"appName": "캐시슬라이드", "usage": [0, 1, 2]},
				{"appName": "카메라", "usage": [7, 8, 12]},
				{"appName": "동영상", "usage": [7, 13, 14]},
				{"appName": "Polar Beat", "usage": [2, 7, 9]},
				{"appName": "Gmail", "usage": [0, 1, 2]},
				{"appName": "Android 시스템", "usage": [7, 13, 14]},
				{"appName": "통화 화면", "usage": [1, 11]},
				{"appName": "카카오뱅크", "usage": [5, 10]},
				{"appName": "지도", "usage": [12, 16]},
				{"appName": "알람/시계", "usage": [7, 18]},
				{"appName": "배달의민족", "usage": [6, 9]},
				{"appName": "고음질 녹음", "usage": [1, 2]},
				{"appName": "Wi-Fi", "usage": [0, 7]},
				{"appName": "VIBE", "usage": [7, 8]},
				{"appName": "Study", "usage": [0, 12]},
				{"appName": "Papago", "usage": [8, 9]},
				{"appName": "NAVER", "usage": [2, 3]},
				{"appName": "ABC Logger", "usage": [4, 5]},
				{"appName": "패키지 설치 프로그램", "usage": [1]},
				{"appName": "통화 서비스", "usage": [1]},
				{"appName": "통화 관리", "usage": [1]},
				{"appName": "주소록", "usage": [1]},
				{"appName": "접근성", "usage": [18]},
				{"appName": "이메일", "usage": [5]},
				{"appName": "설정", "usage": [18]},
				{"appName": "방치타임", "usage": [12]},
				{"appName": "네이버TV", "usage": [3]},
				{"appName": "네이버 블로그", "usage": [13]},
				{"appName": "날씨", "usage": [1]},
				{"appName": "계산기", "usage": [14]},
				{"appName": "Word", "usage": [2]},
				{"appName": "T world", "usage": [1]},
				{"appName": "Puffin", "usage": [0]},
				{"appName": "Polaris Office", "usage": [14]},
				{"appName": "KLMS", "usage": [0]},
				{"appName": "Google Play 스토어", "usage": [1]},
				{"appName": "FatSecret", "usage": [14]},
				{"appName": "CLASSUM", "usage": [12]},
				{"appName": "Bluetooth", "usage": [7]}
			]
		},
		"maxTime": {
			"usage": 20,
			"details": [
				{"appName": "기본홈", "usage": 44},
				{"appName": "YouTube", "usage": 16},
				{"appName": "날씨", "usage": 10},
				{"appName": "LIVE스코어", "usage": 10},
				{"appName": "Puffin", "usage": 8},
				{"appName": "Study", "usage": 6},
				{"appName": "Chrome", "usage": 5},
				{"appName": "Polaris Office", "usage": 1},
				{"appName": "카카오톡", "usage": 1},
				{"appName": "지도", "usage": 1},
				{"appName": "NAVER", "usage": 1},
				{"appName": "카메라", "usage": 1},
				{"appName": "동영상", "usage": 1},
				{"appName": "디시인사이드", "usage": 1},
				{"appName": "통화 화면", "usage": 0},
				{"appName": "Google", "usage": 0},
				{"appName": "캘린더", "usage": 0},
				{"appName": "메시지", "usage": 0},
				{"appName": "ABC Logger", "usage": 0},
				{"appName": "T world", "usage": 0},
				{"appName": "네이버TV", "usage": 0},
				{"appName": "Paco", "usage": 0},
				{"appName": "아이즈원 프라이빗 메일", "usage": 0},
				{"appName": "계산기", "usage": 0},
				{"appName": "통화 서비스", "usage": 0},
				{"appName": "스터디헬퍼", "usage": 0},
				{"appName": "갤러리", "usage": 0},
				{"appName": "주소록", "usage": 0},
				{"appName": "VIBE", "usage": 0},
				{"appName": "CLASSUM", "usage": 0},
				{"appName": "시스템 UI", "usage": 0},
				{"appName": "이메일", "usage": 0},
				{"appName": "배달의민족", "usage": 0},
				{"appName": "접근성", "usage": 0},
				{"appName": "Bluetooth", "usage": 0},
				{"appName": "설정", "usage": 0},
				{"appName": "FatSecret", "usage": 0},
				{"appName": "알람/시계", "usage": 0},
				{"appName": "KLMS", "usage": 0},
				{"appName": "네이버 블로그", "usage": 0},
				{"appName": "Wi-Fi", "usage": 0},
				{"appName": "Polar Beat", "usage": 0},
				{"appName": "통화 관리", "usage": 0},
				{"appName": "고음질 녹음", "usage": 0},
				{"appName": "Android 시스템", "usage": 0},
				{"appName": "패키지 설치 프로그램", "usage": 0},
				{"appName": "방치타임", "usage": 0},
				{"appName": "Gmail", "usage": 0},
				{"appName": "Word", "usage": 0},
				{"appName": "Google Play 스토어", "usage": 0},
				{"appName": "카카오뱅크", "usage": 0},
				{"appName": "Papago", "usage": 0},
				{"appName": "캐시슬라이드", "usage": 0}
			]
		},
		"avgTime": {
			"usage": 1,
			"details": [
				{"appName": "날씨", "usage": 2},
				{"appName": "Puffin", "usage": 1},
				{"appName": "YouTube", "usage": 1},
				{"appName": "Chrome", "usage": 0},
				{"appName": "지도", "usage": 0},
				{"appName": "동영상", "usage": 0},
				{"appName": "Polaris Office", "usage": 0},
				{"appName": "Study", "usage": 0},
				{"appName": "카메라", "usage": 0},
				{"appName": "통화 화면", "usage": 0},
				{"appName": "LIVE스코어", "usage": 0},
				{"appName": "CLASSUM", "usage": 0},
				{"appName": "NAVER", "usage": 0},
				{"appName": "T world", "usage": 0},
				{"appName": "네이버TV", "usage": 0},
				{"appName": "ABC Logger", "usage": 0},
				{"appName": "접근성", "usage": 0},
				{"appName": "기본홈", "usage": 0},
				{"appName": "디시인사이드", "usage": 0},
				{"appName": "계산기", "usage": 0},
				{"appName": "Bluetooth", "usage": 0},
				{"appName": "이메일", "usage": 0},
				{"appName": "메시지", "usage": 0},
				{"appName": "VIBE", "usage": 0},
				{"appName": "아이즈원 프라이빗 메일", "usage": 0},
				{"appName": "Paco", "usage": 0},
				{"appName": "갤러리", "usage": 0},
				{"appName": "주소록", "usage": 0},
				{"appName": "스터디헬퍼", "usage": 0},
				{"appName": "배달의민족", "usage": 0},
				{"appName": "통화 서비스", "usage": 0},
				{"appName": "카카오톡", "usage": 0},
				{"appName": "설정", "usage": 0},
				{"appName": "알람/시계", "usage": 0},
				{"appName": "캘린더", "usage": 0},
				{"appName": "KLMS", "usage": 0},
				{"appName": "Wi-Fi", "usage": 0},
				{"appName": "FatSecret", "usage": 0},
				{"appName": "Google", "usage": 0},
				{"appName": "시스템 UI", "usage": 0},
				{"appName": "Polar Beat", "usage": 0},
				{"appName": "통화 관리", "usage": 0},
				{"appName": "패키지 설치 프로그램", "usage": 0},
				{"appName": "Android 시스템", "usage": 0},
				{"appName": "네이버 블로그", "usage": 0},
				{"appName": "Word", "usage": 0},
				{"appName": "Gmail", "usage": 0},
				{"appName": "방치타임", "usage": 0},
				{"appName": "고음질 녹음", "usage": 0},
				{"appName": "Google Play 스토어", "usage": 0},
				{"appName": "카카오뱅크", "usage": 0},
				{"appName": "Papago", "usage": 0},
				{"appName": "캐시슬라이드", "usage": 0}
			]
		},
		"lastPickup": {"time": 0}
	},
	{
		"date": 3,
		"totalTime": {
			"usage": 1221,
			"details": [
				{"appName": "기본홈", "usage": 44},
				{"appName": "YouTube", "usage": 19},
				{"appName": "Puffin", "usage": 11},
				{"appName": "Q메모+", "usage": 7},
				{"appName": "설정", "usage": 5},
				{"appName": "아이즈원 프라이빗 메일", "usage": 3},
				{"appName": "카카오톡", "usage": 2},
				{"appName": "Paco", "usage": 0},
				{"appName": "통화 화면", "usage": 0},
				{"appName": "알람/시계", "usage": 0},
				{"appName": "LIVE스코어", "usage": 0},
				{"appName": "Google", "usage": 0},
				{"appName": "시스템 UI", "usage": 0},
				{"appName": "Polar Beat", "usage": 0},
				{"appName": "캘린더", "usage": 0},
				{"appName": "메시지", "usage": 0},
				{"appName": "Chrome", "usage": 0},
				{"appName": "Android 시스템", "usage": 0},
				{"appName": "Papago", "usage": 0}
			]
		},
		"pickups": {"usage": 28},
		"downTime": {
			"usage": [
				{"hour": "0", "usage": 5},
				{"hour": "1", "usage": 6},
				{"hour": "2", "usage": 14},
				{"hour": "3", "usage": 0},
				{"hour": "4", "usage": 34}
			],
			"details": [
				{"appName": "기본홈", "usage": [0, 1, 2, 3, 4]},
				{"appName": "Paco", "usage": [1, 2, 3, 4]},
				{"appName": "카카오톡", "usage": [0, 2, 4]},
				{"appName": "아이즈원 프라이빗 메일", "usage": [2, 4]},
				{"appName": "시스템 UI", "usage": [2, 4]},
				{"appName": "Q메모+", "usage": [1, 2]},
				{"appName": "통화 화면", "usage": [3]},
				{"appName": "캘린더", "usage": [1]},
				{"appName": "알람/시계", "usage": [0]},
				{"appName": "설정", "usage": [2]},
				{"appName": "메시지", "usage": [0]},
				{"appName": "YouTube", "usage": [4]},
				{"appName": "Puffin", "usage": [4]},
				{"appName": "Polar Beat", "usage": [2]},
				{"appName": "Papago", "usage": [4]},
				{"appName": "LIVE스코어", "usage": [0]},
				{"appName": "Google", "usage": [2]},
				{"appName": "Chrome", "usage": [4]},
				{"appName": "Android 시스템", "usage": [4]}
			]
		},
		"maxTime": {
			"usage": 1158,
			"details": [
				{"appName": "기본홈", "usage": 34},
				{"appName": "YouTube", "usage": 9},
				{"appName": "Puffin", "usage": 7},
				{"appName": "설정", "usage": 5},
				{"appName": "Q메모+", "usage": 3},
				{"appName": "아이즈원 프라이빗 메일", "usage": 1},
				{"appName": "카카오톡", "usage": 0},
				{"appName": "통화 화면", "usage": 0},
				{"appName": "Paco", "usage": 0},
				{"appName": "LIVE스코어", "usage": 0},
				{"appName": "알람/시계", "usage": 0},
				{"appName": "Google", "usage": 0},
				{"appName": "캘린더", "usage": 0},
				{"appName": "Polar Beat", "usage": 0},
				{"appName": "시스템 UI", "usage": 0},
				{"appName": "Chrome", "usage": 0},
				{"appName": "메시지", "usage": 0},
				{"appName": "Android 시스템", "usage": 0},
				{"appName": "Papago", "usage": 0}
			]
		},
		"avgTime": {
			"usage": 43,
			"details": [
				{"appName": "YouTube", "usage": 3},
				{"appName": "설정", "usage": 2},
				{"appName": "Puffin", "usage": 2},
				{"appName": "기본홈", "usage": 1},
				{"appName": "Q메모+", "usage": 0},
				{"appName": "통화 화면", "usage": 0},
				{"appName": "아이즈원 프라이빗 메일", "usage": 0},
				{"appName": "Paco", "usage": 0},
				{"appName": "카카오톡", "usage": 0},
				{"appName": "알람/시계", "usage": 0},
				{"appName": "Google", "usage": 0},
				{"appName": "캘린더", "usage": 0},
				{"appName": "LIVE스코어", "usage": 0},
				{"appName": "시스템 UI", "usage": 0},
				{"appName": "Polar Beat", "usage": 0},
				{"appName": "Android 시스템", "usage": 0},
				{"appName": "메시지", "usage": 0},
				{"appName": "Chrome", "usage": 0},
				{"appName": "Papago", "usage": 0}
			]
		},
		"lastPickup": {"time": 1158}
	},
	{
		"date": 4,
		"totalTime": {
			"usage": 0,
			"details": [
			]
		},
		"pickups": {"usage": 0},
		"downTime": {
			"usage": [
			],
			"details": [
			]
		},
		"maxTime": {
			"usage": 0,
			"details": [
			]
		},
		"avgTime": {
			"usage": 0,
			"details": [
			]
		},
		"lastPickup": {"time": 0}
	},
	{
		"date": 5,
		"totalTime": {
			"usage": 0,
			"details": [
			]
		},
		"pickups": {"usage": 0},
		"downTime": {
			"usage": [
			],
			"details": [
			]
		},
		"maxTime": {
			"usage": 0,
			"details": [
			]
		},
		"avgTime": {
			"usage": 0,
			"details": [
			]
		},
		"lastPickup": {"time": 0}
	},
	{
		"date": 6,
		"totalTime": {
			"usage": 220,
			"details": [
				{"appName": "하스스톤", "usage": 316},
				{"appName": "기본홈", "usage": 45},
				{"appName": "카카오톡", "usage": 28},
				{"appName": "통화 화면", "usage": 25},
				{"appName": "Study", "usage": 22},
				{"appName": "포토", "usage": 18},
				{"appName": "알람/시계", "usage": 15},
				{"appName": "YouTube", "usage": 10},
				{"appName": "디시인사이드", "usage": 10},
				{"appName": "Chrome", "usage": 9},
				{"appName": "메시지", "usage": 7},
				{"appName": "NAVER", "usage": 5},
				{"appName": "스터디헬퍼", "usage": 3},
				{"appName": "갤러리", "usage": 2},
				{"appName": "파일 관리자", "usage": 2},
				{"appName": "VIBE", "usage": 2},
				{"appName": "카메라", "usage": 2},
				{"appName": "ABC Logger", "usage": 1},
				{"appName": "이메일", "usage": 1},
				{"appName": "Google", "usage": 1},
				{"appName": "LIVE스코어", "usage": 1},
				{"appName": "시스템 UI", "usage": 1},
				{"appName": "Instagram", "usage": 1},
				{"appName": "Paco", "usage": 1},
				{"appName": "접근성", "usage": 1},
				{"appName": "아이즈원 프라이빗 메일", "usage": 0},
				{"appName": "주소록", "usage": 0},
				{"appName": "Logger", "usage": 0},
				{"appName": "Bluetooth", "usage": 0},
				{"appName": "Dropsync", "usage": 0},
				{"appName": "날씨", "usage": 0},
				{"appName": "Polar Beat", "usage": 0},
				{"appName": "V LIVE", "usage": 0},
				{"appName": "드라이브", "usage": 0},
				{"appName": "패키지 설치 프로그램", "usage": 0},
				{"appName": "트위터", "usage": 0},
				{"appName": "캔디카메라", "usage": 0},
				{"appName": "캘린더", "usage": 0},
				{"appName": "지도", "usage": 0},
				{"appName": "설정", "usage": 0},
				{"appName": "캐시슬라이드", "usage": 0},
				{"appName": "Android 시스템", "usage": 0},
				{"appName": "Gmail", "usage": 0},
				{"appName": "통화 관리", "usage": 0}
			]
		},
		"pickups": {"usage": 174},
		"downTime": {
			"usage": [
				{"hour": "5", "usage": 4},
				{"hour": "6", "usage": 30},
				{"hour": "7", "usage": 19},
				{"hour": "8", "usage": 42},
				{"hour": "9", "usage": 32},
				{"hour": "10", "usage": 0},
				{"hour": "11", "usage": 24},
				{"hour": "12", "usage": 22},
				{"hour": "13", "usage": 5},
				{"hour": "15", "usage": 9},
				{"hour": "16", "usage": 19},
				{"hour": "17", "usage": 0},
				{"hour": "18", "usage": 8},
				{"hour": "22", "usage": 0}
			],
			"details": [
				{"appName": "캐시슬라이드", "usage": [5, 6, 7, 8, 9, 10, 11, 12, 13, 14, 15, 16, 17, 19, 20, 21]},
				{"appName": "카카오톡", "usage": [5, 6, 7, 8, 9, 10, 11, 12, 13, 15, 16, 17, 18]},
				{"appName": "기본홈", "usage": [5, 6, 7, 8, 9, 10, 11, 12, 13, 15, 16, 17, 18]},
				{"appName": "시스템 UI", "usage": [5, 6, 7, 8, 9, 11, 15, 18]},
				{"appName": "하스스톤", "usage": [0, 1, 2, 3, 4, 5, 8]},
				{"appName": "YouTube", "usage": [5, 6, 7, 8, 12, 18]},
				{"appName": "VIBE", "usage": [5, 6, 7, 8, 13]},
				{"appName": "Paco", "usage": [5, 6, 7, 8, 11]},
				{"appName": "Google", "usage": [6, 7, 9, 11, 15]},
				{"appName": "통화 화면", "usage": [8, 9, 12, 13]},
				{"appName": "메시지", "usage": [5, 6, 7, 8]},
				{"appName": "Study", "usage": [8, 9, 10, 11]},
				{"appName": "Chrome", "usage": [6, 7, 8, 11]},
				{"appName": "포토", "usage": [7, 15, 16]},
				{"appName": "통화 관리", "usage": [8, 12, 13]},
				{"appName": "주소록", "usage": [8, 12, 13]},
				{"appName": "이메일", "usage": [5, 6, 7]},
				{"appName": "알람/시계", "usage": [6, 7, 18]},
				{"appName": "갤러리", "usage": [6, 7, 15]},
				{"appName": "LIVE스코어", "usage": [5, 8, 11]},
				{"appName": "ABC Logger", "usage": [5, 6, 8]},
				{"appName": "패키지 설치 프로그램", "usage": [6, 8]},
				{"appName": "파일 관리자", "usage": [6, 8]},
				{"appName": "캔디카메라", "usage": [9, 15]},
				{"appName": "카메라", "usage": [7, 15]},
				{"appName": "지도", "usage": [7, 8]},
				{"appName": "아이즈원 프라이빗 메일", "usage": [9, 13]},
				{"appName": "스터디헬퍼", "usage": [8, 9]},
				{"appName": "디시인사이드", "usage": [8, 9]},
				{"appName": "NAVER", "usage": [11, 18]},
				{"appName": "Instagram", "usage": [5, 8]},
				{"appName": "Dropsync", "usage": [6, 8]},
				{"appName": "Bluetooth", "usage": [5, 7]},
				{"appName": "트위터", "usage": [8]},
				{"appName": "캘린더", "usage": [6]},
				{"appName": "접근성", "usage": [8]},
				{"appName": "설정", "usage": [6]},
				{"appName": "드라이브", "usage": [6]},
				{"appName": "날씨", "usage": [15]},
				{"appName": "V LIVE", "usage": [13]},
				{"appName": "Polar Beat", "usage": [8]},
				{"appName": "Logger", "usage": [8]},
				{"appName": "Gmail", "usage": [8]},
				{"appName": "Android 시스템", "usage": [6]}
			]
		},
		"maxTime": {
			"usage": 17,
			"details": [
				{"appName": "하스스톤", "usage": 304},
				{"appName": "기본홈", "usage": 30},
				{"appName": "통화 화면", "usage": 11},
				{"appName": "포토", "usage": 10},
				{"appName": "Study", "usage": 5},
				{"appName": "Chrome", "usage": 3},
				{"appName": "YouTube", "usage": 3},
				{"appName": "알람/시계", "usage": 2},
				{"appName": "카카오톡", "usage": 2},
				{"appName": "메시지", "usage": 2},
				{"appName": "NAVER", "usage": 2},
				{"appName": "디시인사이드", "usage": 1},
				{"appName": "갤러리", "usage": 1},
				{"appName": "카메라", "usage": 1},
				{"appName": "파일 관리자", "usage": 1},
				{"appName": "스터디헬퍼", "usage": 0},
				{"appName": "접근성", "usage": 0},
				{"appName": "이메일", "usage": 0},
				{"appName": "Instagram", "usage": 0},
				{"appName": "LIVE스코어", "usage": 0},
				{"appName": "Bluetooth", "usage": 0},
				{"appName": "주소록", "usage": 0},
				{"appName": "날씨", "usage": 0},
				{"appName": "Google", "usage": 0},
				{"appName": "Dropsync", "usage": 0},
				{"appName": "VIBE", "usage": 0},
				{"appName": "ABC Logger", "usage": 0},
				{"appName": "Logger", "usage": 0},
				{"appName": "Paco", "usage": 0},
				{"appName": "V LIVE", "usage": 0},
				{"appName": "아이즈원 프라이빗 메일", "usage": 0},
				{"appName": "시스템 UI", "usage": 0},
				{"appName": "드라이브", "usage": 0},
				{"appName": "Polar Beat", "usage": 0},
				{"appName": "캘린더", "usage": 0},
				{"appName": "트위터", "usage": 0},
				{"appName": "캔디카메라", "usage": 0},
				{"appName": "설정", "usage": 0},
				{"appName": "패키지 설치 프로그램", "usage": 0},
				{"appName": "캐시슬라이드", "usage": 0},
				{"appName": "지도", "usage": 0},
				{"appName": "Android 시스템", "usage": 0},
				{"appName": "Gmail", "usage": 0},
				{"appName": "통화 관리", "usage": 0}
			]
		},
		"avgTime": {
			"usage": 1,
			"details": [
				{"appName": "하스스톤", "usage": 63},
				{"appName": "통화 화면", "usage": 1},
				{"appName": "포토", "usage": 1},
				{"appName": "Instagram", "usage": 0},
				{"appName": "YouTube", "usage": 0},
				{"appName": "갤러리", "usage": 0},
				{"appName": "NAVER", "usage": 0},
				{"appName": "접근성", "usage": 0},
				{"appName": "Study", "usage": 0},
				{"appName": "카메라", "usage": 0},
				{"appName": "Chrome", "usage": 0},
				{"appName": "알람/시계", "usage": 0},
				{"appName": "날씨", "usage": 0},
				{"appName": "파일 관리자", "usage": 0},
				{"appName": "메시지", "usage": 0},
				{"appName": "기본홈", "usage": 0},
				{"appName": "이메일", "usage": 0},
				{"appName": "Dropsync", "usage": 0},
				{"appName": "Bluetooth", "usage": 0},
				{"appName": "V LIVE", "usage": 0},
				{"appName": "디시인사이드", "usage": 0},
				{"appName": "Google", "usage": 0},
				{"appName": "스터디헬퍼", "usage": 0},
				{"appName": "Logger", "usage": 0},
				{"appName": "VIBE", "usage": 0},
				{"appName": "카카오톡", "usage": 0},
				{"appName": "ABC Logger", "usage": 0},
				{"appName": "LIVE스코어", "usage": 0},
				{"appName": "드라이브", "usage": 0},
				{"appName": "Paco", "usage": 0},
				{"appName": "캘린더", "usage": 0},
				{"appName": "아이즈원 프라이빗 메일", "usage": 0},
				{"appName": "설정", "usage": 0},
				{"appName": "주소록", "usage": 0},
				{"appName": "Polar Beat", "usage": 0},
				{"appName": "지도", "usage": 0},
				{"appName": "Android 시스템", "usage": 0},
				{"appName": "시스템 UI", "usage": 0},
				{"appName": "캔디카메라", "usage": 0},
				{"appName": "트위터", "usage": 0},
				{"appName": "Gmail", "usage": 0},
				{"appName": "패키지 설치 프로그램", "usage": 0},
				{"appName": "캐시슬라이드", "usage": 0},
				{"appName": "통화 관리", "usage": 0}
			]
		},
		"lastPickup": {"time": 0}
	},
	{
		"date": 7,
		"totalTime": {
			"usage": 294,
			"details": [
				{"appName": "메시지", "usage": 534},
				{"appName": "카카오톡", "usage": 78},
				{"appName": "기본홈", "usage": 57},
				{"appName": "Chrome", "usage": 37},
				{"appName": "통화 화면", "usage": 29},
				{"appName": "YouTube", "usage": 24},
				{"appName": "알람/시계", "usage": 12},
				{"appName": "디시인사이드", "usage": 10},
				{"appName": "갤러리", "usage": 7},
				{"appName": "날씨", "usage": 5},
				{"appName": "하스스톤", "usage": 5},
				{"appName": "FatSecret", "usage": 3},
				{"appName": "더캠프", "usage": 2},
				{"appName": "LIVE스코어", "usage": 2},
				{"appName": "카메라", "usage": 2},
				{"appName": "Paco", "usage": 1},
				{"appName": "Google", "usage": 1},
				{"appName": "Google Play 스토어", "usage": 1},
				{"appName": "VIBE", "usage": 1},
				{"appName": "주소록", "usage": 1},
				{"appName": "CLASSUM", "usage": 1},
				{"appName": "이메일", "usage": 1},
				{"appName": "아이즈원 프라이빗 메일", "usage": 1},
				{"appName": "시스템 UI", "usage": 1},
				{"appName": "캘린더", "usage": 0},
				{"appName": "업비트", "usage": 0},
				{"appName": "스프레드시트", "usage": 0},
				{"appName": "NAVER", "usage": 0},
				{"appName": "Instagram", "usage": 0},
				{"appName": "네트워크", "usage": 0},
				{"appName": "포토", "usage": 0},
				{"appName": "네이버 메일", "usage": 0},
				{"appName": "스마트 닥터", "usage": 0},
				{"appName": "Gmail", "usage": 0},
				{"appName": "패키지 설치 프로그램", "usage": 0},
				{"appName": "LG 페이", "usage": 0},
				{"appName": "Bluetooth", "usage": 0},
				{"appName": "드라이브", "usage": 0},
				{"appName": "스터디헬퍼", "usage": 0},
				{"appName": "T world", "usage": 0},
				{"appName": "Google Play 서비스", "usage": 0},
				{"appName": "Wi-Fi", "usage": 0},
				{"appName": "통화 관리", "usage": 0},
				{"appName": "설정", "usage": 0},
				{"appName": "Shutdown Monitor", "usage": 0},
				{"appName": "캐시슬라이드", "usage": -137004661037578}
			]
		},
		"pickups": {"usage": 304},
		"downTime": {
			"usage": [
				{"hour": "0", "usage": 3},
				{"hour": "1", "usage": 39},
				{"hour": "2", "usage": 31},
				{"hour": "3", "usage": 13},
				{"hour": "4", "usage": 1},
				{"hour": "5", "usage": 22},
				{"hour": "6", "usage": 24},
				{"hour": "7", "usage": 25},
				{"hour": "8", "usage": 10},
				{"hour": "9", "usage": 11},
				{"hour": "10", "usage": 4},
				{"hour": "11", "usage": 10},
				{"hour": "12", "usage": 21},
				{"hour": "13", "usage": 21},
				{"hour": "14", "usage": 25},
				{"hour": "15", "usage": 2},
				{"hour": "16", "usage": 5},
				{"hour": "17", "usage": 1},
				{"hour": "21", "usage": 0},
				{"hour": "23", "usage": 15}
			],
			"details": [
				{"appName": "카카오톡", "usage": [0, 1, 2, 3, 4, 5, 6, 7, 8, 9, 10, 11, 12, 13, 14, 15, 16, 17, 23]},
				{"appName": "기본홈", "usage": [0, 1, 2, 3, 4, 5, 6, 7, 8, 9, 10, 11, 12, 13, 14, 15, 16, 17, 23]},
				{"appName": "메시지", "usage": [0, 1, 2, 3, 4, 5, 6, 7, 8, 9, 11, 13]},
				{"appName": "시스템 UI", "usage": [1, 2, 3, 5, 6, 7, 8, 11, 12, 14]},
				{"appName": "Paco", "usage": [1, 2, 3, 4, 5, 6, 8, 9, 12]},
				{"appName": "통화 화면", "usage": [9, 10, 11, 12, 13, 14, 16]},
				{"appName": "Google", "usage": [3, 5, 6, 7, 11, 12, 17]},
				{"appName": "YouTube", "usage": [1, 2, 5, 16, 17, 23]},
				{"appName": "LIVE스코어", "usage": [1, 3, 11, 12, 14, 17]},
				{"appName": "Chrome", "usage": [1, 2, 3, 5, 6, 16]},
				{"appName": "캘린더", "usage": [2, 5, 11, 12, 13]},
				{"appName": "알람/시계", "usage": [0, 7, 8, 17, 23]},
				{"appName": "갤러리", "usage": [0, 1, 3, 6, 7]},
				{"appName": "디시인사이드", "usage": [2, 3, 5, 12]},
				{"appName": "VIBE", "usage": [4, 7, 8, 12]},
				{"appName": "통화 관리", "usage": [10, 12, 13]},
				{"appName": "카메라", "usage": [1, 9, 12]},
				{"appName": "주소록", "usage": [10, 12, 14]},
				{"appName": "Google Play 스토어", "usage": [1, 2, 7]},
				{"appName": "패키지 설치 프로그램", "usage": [1, 7]},
				{"appName": "이메일", "usage": [3, 16]},
				{"appName": "아이즈원 프라이빗 메일", "usage": [12, 13]},
				{"appName": "날씨", "usage": [1, 23]},
				{"appName": "Wi-Fi", "usage": [5, 15]},
				{"appName": "NAVER", "usage": [1, 2]},
				{"appName": "FatSecret", "usage": [2, 11]},
				{"appName": "하스스톤", "usage": [5]},
				{"appName": "캐시슬라이드", "usage": [0]},
				{"appName": "업비트", "usage": [1]},
				{"appName": "스프레드시트", "usage": [6]},
				{"appName": "스터디헬퍼", "usage": [8]},
				{"appName": "스마트 닥터", "usage": [13]},
				{"appName": "설정", "usage": [13]},
				{"appName": "드라이브", "usage": [6]},
				{"appName": "더캠프", "usage": [7]},
				{"appName": "네트워크", "usage": [13]},
				{"appName": "네이버 메일", "usage": [7]},
				{"appName": "T world", "usage": [11]},
				{"appName": "Shutdown Monitor", "usage": [13]},
				{"appName": "LG 페이", "usage": [2]},
				{"appName": "Instagram", "usage": [2]},
				{"appName": "Google Play 서비스", "usage": [5]},
				{"appName": "Gmail", "usage": [13]},
				{"appName": "CLASSUM", "usage": [6]},
				{"appName": "Bluetooth", "usage": [7]},
				{"appName": "포토", "usage": []}
			]
		},
		"maxTime": {
			"usage": 22,
			"details": [
				{"appName": "메시지", "usage": 532},
				{"appName": "기본홈", "usage": 13},
				{"appName": "통화 화면", "usage": 11},
				{"appName": "YouTube", "usage": 10},
				{"appName": "카카오톡", "usage": 7},
				{"appName": "날씨", "usage": 5},
				{"appName": "하스스톤", "usage": 5},
				{"appName": "Chrome", "usage": 4},
				{"appName": "캐시슬라이드", "usage": 4},
				{"appName": "알람/시계", "usage": 3},
				{"appName": "갤러리", "usage": 3},
				{"appName": "CLASSUM", "usage": 1},
				{"appName": "디시인사이드", "usage": 0},
				{"appName": "주소록", "usage": 0},
				{"appName": "VIBE", "usage": 0},
				{"appName": "스프레드시트", "usage": 0},
				{"appName": "FatSecret", "usage": 0},
				{"appName": "Google Play 스토어", "usage": 0},
				{"appName": "이메일", "usage": 0},
				{"appName": "더캠프", "usage": 0},
				{"appName": "LIVE스코어", "usage": 0},
				{"appName": "Instagram", "usage": 0},
				{"appName": "업비트", "usage": 0},
				{"appName": "카메라", "usage": 0},
				{"appName": "Paco", "usage": 0},
				{"appName": "NAVER", "usage": 0},
				{"appName": "Google", "usage": 0},
				{"appName": "캘린더", "usage": 0},
				{"appName": "아이즈원 프라이빗 메일", "usage": 0},
				{"appName": "포토", "usage": 0},
				{"appName": "네트워크", "usage": 0},
				{"appName": "네이버 메일", "usage": 0},
				{"appName": "시스템 UI", "usage": 0},
				{"appName": "스마트 닥터", "usage": 0},
				{"appName": "Gmail", "usage": 0},
				{"appName": "LG 페이", "usage": 0},
				{"appName": "Bluetooth", "usage": 0},
				{"appName": "스터디헬퍼", "usage": 0},
				{"appName": "드라이브", "usage": 0},
				{"appName": "T world", "usage": 0},
				{"appName": "패키지 설치 프로그램", "usage": 0},
				{"appName": "Google Play 서비스", "usage": 0},
				{"appName": "Wi-Fi", "usage": 0},
				{"appName": "설정", "usage": 0},
				{"appName": "통화 관리", "usage": 0},
				{"appName": "Shutdown Monitor", "usage": 0}
			]
		},
		"avgTime": {
			"usage": 0,
			"details": [
				{"appName": "메시지", "usage": 31},
				{"appName": "하스스톤", "usage": 5},
				{"appName": "통화 화면", "usage": 1},
				{"appName": "갤러리", "usage": 1},
				{"appName": "YouTube", "usage": 1},
				{"appName": "날씨", "usage": 1},
				{"appName": "Chrome", "usage": 1},
				{"appName": "CLASSUM", "usage": 0},
				{"appName": "Instagram", "usage": 0},
				{"appName": "스프레드시트", "usage": 0},
				{"appName": "포토", "usage": 0},
				{"appName": "알람/시계", "usage": 0},
				{"appName": "네이버 메일", "usage": 0},
				{"appName": "카메라", "usage": 0},
				{"appName": "주소록", "usage": 0},
				{"appName": "FatSecret", "usage": 0},
				{"appName": "이메일", "usage": 0},
				{"appName": "VIBE", "usage": 0},
				{"appName": "네트워크", "usage": 0},
				{"appName": "기본홈", "usage": 0},
				{"appName": "디시인사이드", "usage": 0},
				{"appName": "더캠프", "usage": 0},
				{"appName": "Google Play 스토어", "usage": 0},
				{"appName": "스마트 닥터", "usage": 0},
				{"appName": "NAVER", "usage": 0},
				{"appName": "Gmail", "usage": 0},
				{"appName": "캘린더", "usage": 0},
				{"appName": "카카오톡", "usage": 0},
				{"appName": "Paco", "usage": 0},
				{"appName": "업비트", "usage": 0},
				{"appName": "아이즈원 프라이빗 메일", "usage": 0},
				{"appName": "LIVE스코어", "usage": 0},
				{"appName": "Google", "usage": 0},
				{"appName": "LG 페이", "usage": 0},
				{"appName": "Bluetooth", "usage": 0},
				{"appName": "패키지 설치 프로그램", "usage": 0},
				{"appName": "시스템 UI", "usage": 0},
				{"appName": "Google Play 서비스", "usage": 0},
				{"appName": "드라이브", "usage": 0},
				{"appName": "스터디헬퍼", "usage": 0},
				{"appName": "T world", "usage": 0},
				{"appName": "설정", "usage": 0},
				{"appName": "Wi-Fi", "usage": 0},
				{"appName": "통화 관리", "usage": 0},
				{"appName": "Shutdown Monitor", "usage": 0},
				{"appName": "캐시슬라이드", "usage": -68502330518789}
			]
		},
		"lastPickup": {"time": 0}
	}
]
