[
	{
		"date": 1,
		"totalTime": {
			"usage": 644,
			"details": [
				{"appName": "ANOTHER EDEN", "usage": 281},
				{"appName": "Facebook", "usage": 121},
				{"appName": "카카오톡", "usage": 78},
				{"appName": "Cookie Run: OvenBreak", "usage": 52},
				{"appName": "Samsung Experience 홈", "usage": 16},
				{"appName": "Instagram", "usage": 14},
				{"appName": "Between", "usage": 10},
				{"appName": "Chrome", "usage": 10},
				{"appName": "네이버 웹툰", "usage": 9},
				{"appName": "통화", "usage": 7},
				{"appName": "NAVER", "usage": 4},
				{"appName": "갤러리", "usage": 4},
				{"appName": "Polar Beat", "usage": 4},
				{"appName": "Google Play 스토어", "usage": 3},
				{"appName": "Paco", "usage": 2},
				{"appName": "카메라", "usage": 2},
				{"appName": "설정", "usage": 1},
				{"appName": "메시지", "usage": 1},
				{"appName": "Dropbox", "usage": 1},
				{"appName": "Foodie", "usage": 1},
				{"appName": "시계", "usage": 0},
				{"appName": "캘린더", "usage": 0},
				{"appName": "Logger", "usage": 0},
				{"appName": "게임런처", "usage": 0},
				{"appName": "Dropsync", "usage": 0},
				{"appName": "전화", "usage": 0},
				{"appName": "Settings Suggestions", "usage": 0},
				{"appName": "Messenger", "usage": 0},
				{"appName": "패키지 설치 프로그램", "usage": 0},
				{"appName": "내 파일", "usage": 0},
				{"appName": "안드로이드 시스템", "usage": 0},
				{"appName": "ABC Logger", "usage": 0},
				{"appName": "접근성", "usage": 0},
				{"appName": "Poly Bridge", "usage": 0},
				{"appName": "Google Play 뮤직", "usage": 0},
				{"appName": "빅스비 보이스", "usage": 0},
				{"appName": "후후-유플러스", "usage": 0}
			]
		},
		"pickups": {"usage": 94},
		"downTime": {
			"usage": [
				{"hour": "0", "usage": 41},
				{"hour": "1", "usage": 21},
				{"hour": "2", "usage": 4},
				{"hour": "3", "usage": 16},
				{"hour": "4", "usage": 46},
				{"hour": "5", "usage": 19},
				{"hour": "6", "usage": 47},
				{"hour": "7", "usage": 60},
				{"hour": "8", "usage": 38},
				{"hour": "9", "usage": 9},
				{"hour": "10", "usage": 54},
				{"hour": "11", "usage": 54},
				{"hour": "12", "usage": 60},
				{"hour": "13", "usage": 58},
				{"hour": "14", "usage": 31},
				{"hour": "15", "usage": 2},
				{"hour": "16", "usage": 0},
				{"hour": "17", "usage": 34},
				{"hour": "18", "usage": 41}
			],
			"details": [
				{"appName": "Samsung Experience 홈", "usage": [0, 1, 2, 3, 4, 5, 6, 7, 8, 9, 10, 11, 12, 13, 14, 15, 17, 18, 19]},
				{"appName": "카카오톡", "usage": [0, 1, 3, 4, 5, 6, 7, 8, 9, 10, 11, 14, 15, 17, 18]},
				{"appName": "Facebook", "usage": [0, 1, 3, 4, 5, 8, 10, 11, 14, 15, 18]},
				{"appName": "게임런처", "usage": [0, 1, 3, 5, 6, 8, 10, 11, 12]},
				{"appName": "Paco", "usage": [3, 4, 5, 6, 7, 9, 10, 11]},
				{"appName": "Instagram", "usage": [0, 5, 6, 8, 10, 11, 14, 17]},
				{"appName": "Cookie Run: OvenBreak", "usage": [0, 1, 3, 5, 6, 10, 11, 12]},
				{"appName": "Between", "usage": [1, 2, 5, 6, 9, 10, 17, 18]},
				{"appName": "ANOTHER EDEN", "usage": [6, 7, 8, 10, 11, 12, 13, 14]},
				{"appName": "Polar Beat", "usage": [0, 1, 2, 3, 5, 9, 11]},
				{"appName": "통화", "usage": [1, 2, 3, 4, 5, 6]},
				{"appName": "갤러리", "usage": [0, 5, 6, 9, 11, 12]},
				{"appName": "전화", "usage": [1, 2, 3, 4, 6]},
				{"appName": "시계", "usage": [1, 2, 4, 5, 18]},
				{"appName": "NAVER", "usage": [4, 9, 15, 17]},
				{"appName": "Foodie", "usage": [0, 9, 10]},
				{"appName": "카메라", "usage": [0, 6]},
				{"appName": "설정", "usage": [9, 11]},
				{"appName": "메시지", "usage": [11, 12]},
				{"appName": "내 파일", "usage": [0, 11]},
				{"appName": "Messenger", "usage": [4, 18]},
				{"appName": "Google Play 스토어", "usage": [1, 9]},
				{"appName": "Dropbox", "usage": [0, 11]},
				{"appName": "후후-유플러스", "usage": [19]},
				{"appName": "패키지 설치 프로그램", "usage": [11]},
				{"appName": "캘린더", "usage": [8]},
				{"appName": "접근성", "usage": [11]},
				{"appName": "안드로이드 시스템", "usage": [12]},
				{"appName": "빅스비 보이스", "usage": [11]},
				{"appName": "네이버 웹툰", "usage": [14]},
				{"appName": "Settings Suggestions", "usage": [11]},
				{"appName": "Poly Bridge", "usage": [11]},
				{"appName": "Logger", "usage": [11]},
				{"appName": "Google Play 뮤직", "usage": [18]},
				{"appName": "Dropsync", "usage": [18]},
				{"appName": "Chrome", "usage": [18]},
				{"appName": "ABC Logger", "usage": [11]}
			]
		},
		"maxTime": {
			"usage": 144,
			"details": [
				{"appName": "ANOTHER EDEN", "usage": 53},
				{"appName": "카카오톡", "usage": 22},
				{"appName": "Cookie Run: OvenBreak", "usage": 21},
				{"appName": "Facebook", "usage": 7},
				{"appName": "Chrome", "usage": 6},
				{"appName": "통화", "usage": 3},
				{"appName": "Between", "usage": 2},
				{"appName": "Samsung Experience 홈", "usage": 2},
				{"appName": "네이버 웹툰", "usage": 1},
				{"appName": "카메라", "usage": 1},
				{"appName": "메시지", "usage": 1},
				{"appName": "NAVER", "usage": 1},
				{"appName": "Instagram", "usage": 0},
				{"appName": "Google Play 스토어", "usage": 0},
				{"appName": "Paco", "usage": 0},
				{"appName": "갤러리", "usage": 0},
				{"appName": "캘린더", "usage": 0},
				{"appName": "설정", "usage": 0},
				{"appName": "Polar Beat", "usage": 0},
				{"appName": "Foodie", "usage": 0},
				{"appName": "Logger", "usage": 0},
				{"appName": "시계", "usage": 0},
				{"appName": "Dropbox", "usage": 0},
				{"appName": "Dropsync", "usage": 0},
				{"appName": "Settings Suggestions", "usage": 0},
				{"appName": "패키지 설치 프로그램", "usage": 0},
				{"appName": "전화", "usage": 0},
				{"appName": "안드로이드 시스템", "usage": 0},
				{"appName": "Messenger", "usage": 0},
				{"appName": "게임런처", "usage": 0},
				{"appName": "ABC Logger", "usage": 0},
				{"appName": "내 파일", "usage": 0},
				{"appName": "Poly Bridge", "usage": 0},
				{"appName": "접근성", "usage": 0},
				{"appName": "Google Play 뮤직", "usage": 0},
				{"appName": "빅스비 보이스", "usage": 0},
				{"appName": "후후-유플러스", "usage": 0}
			]
		},
		"avgTime": {
			"usage": 6,
			"details": [
				{"appName": "ANOTHER EDEN", "usage": 10},
				{"appName": "Chrome", "usage": 3},
				{"appName": "Cookie Run: OvenBreak", "usage": 3},
				{"appName": "Facebook", "usage": 1},
				{"appName": "캘린더", "usage": 0},
				{"appName": "카메라", "usage": 0},
				{"appName": "통화", "usage": 0},
				{"appName": "메시지", "usage": 0},
				{"appName": "갤러리", "usage": 0},
				{"appName": "Foodie", "usage": 0},
				{"appName": "네이버 웹툰", "usage": 0},
				{"appName": "Between", "usage": 0},
				{"appName": "카카오톡", "usage": 0},
				{"appName": "NAVER", "usage": 0},
				{"appName": "Paco", "usage": 0},
				{"appName": "Instagram", "usage": 0},
				{"appName": "Dropsync", "usage": 0},
				{"appName": "Logger", "usage": 0},
				{"appName": "Google Play 스토어", "usage": 0},
				{"appName": "Polar Beat", "usage": 0},
				{"appName": "Dropbox", "usage": 0},
				{"appName": "설정", "usage": 0},
				{"appName": "Settings Suggestions", "usage": 0},
				{"appName": "시계", "usage": 0},
				{"appName": "Samsung Experience 홈", "usage": 0},
				{"appName": "안드로이드 시스템", "usage": 0},
				{"appName": "전화", "usage": 0},
				{"appName": "패키지 설치 프로그램", "usage": 0},
				{"appName": "Poly Bridge", "usage": 0},
				{"appName": "ABC Logger", "usage": 0},
				{"appName": "내 파일", "usage": 0},
				{"appName": "게임런처", "usage": 0},
				{"appName": "접근성", "usage": 0},
				{"appName": "Messenger", "usage": 0},
				{"appName": "Google Play 뮤직", "usage": 0},
				{"appName": "빅스비 보이스", "usage": 0},
				{"appName": "후후-유플러스", "usage": 0}
			]
		},
		"lastPickup": {"time": 8}
	},
	{
		"date": 2,
		"totalTime": {
			"usage": 695,
			"details": [
				{"appName": "ANOTHER EDEN", "usage": 305},
				{"appName": "YouTube", "usage": 117},
				{"appName": "카카오톡", "usage": 86},
				{"appName": "Facebook", "usage": 62},
				{"appName": "Cookie Run: OvenBreak", "usage": 22},
				{"appName": "Samsung Experience 홈", "usage": 17},
				{"appName": "Between", "usage": 15},
				{"appName": "네이버 웹툰", "usage": 10},
				{"appName": "NAVER", "usage": 10},
				{"appName": "시계", "usage": 8},
				{"appName": "ABC Logger", "usage": 5},
				{"appName": "올원뱅크", "usage": 5},
				{"appName": "통화", "usage": 5},
				{"appName": "메시지", "usage": 5},
				{"appName": "갤러리", "usage": 4},
				{"appName": "캘린더", "usage": 3},
				{"appName": "Polar Beat", "usage": 3},
				{"appName": "Paco", "usage": 2},
				{"appName": "Instagram", "usage": 1},
				{"appName": "포토 에디터", "usage": 1},
				{"appName": "Logger", "usage": 1},
				{"appName": "Microsoft Health", "usage": 1},
				{"appName": "전화", "usage": 1},
				{"appName": "Foodie", "usage": 0},
				{"appName": "카메라", "usage": 0},
				{"appName": "게임런처", "usage": 0},
				{"appName": "Dropsync", "usage": 0},
				{"appName": "Samsung Music", "usage": 0},
				{"appName": "YouTube Music", "usage": 0},
				{"appName": "KLMS", "usage": 0},
				{"appName": "접근성", "usage": 0},
				{"appName": "패키지 설치 프로그램", "usage": 0},
				{"appName": "설정", "usage": 0},
				{"appName": "후후-유플러스", "usage": 0},
				{"appName": "안드로이드 시스템", "usage": 0}
			]
		},
		"pickups": {"usage": 94},
		"downTime": {
			"usage": [
				{"hour": "0", "usage": 0},
				{"hour": "1", "usage": 15},
				{"hour": "2", "usage": 35},
				{"hour": "3", "usage": 14},
				{"hour": "4", "usage": 43},
				{"hour": "5", "usage": 49},
				{"hour": "6", "usage": 54},
				{"hour": "7", "usage": 57},
				{"hour": "8", "usage": 51},
				{"hour": "9", "usage": 22},
				{"hour": "10", "usage": 7},
				{"hour": "11", "usage": 6},
				{"hour": "12", "usage": 56},
				{"hour": "13", "usage": 15},
				{"hour": "14", "usage": 60},
				{"hour": "15", "usage": 56},
				{"hour": "16", "usage": 60},
				{"hour": "17", "usage": 46},
				{"hour": "18", "usage": 24},
				{"hour": "19", "usage": 16},
				{"hour": "23", "usage": 0}
			],
			"details": [
				{"appName": "Samsung Experience 홈", "usage": [0, 1, 2, 3, 4, 5, 6, 7, 8, 9, 10, 11, 12, 13, 14, 15, 16, 17, 18, 19]},
				{"appName": "카카오톡", "usage": [1, 2, 3, 4, 5, 6, 7, 8, 9, 10, 11, 12, 13, 15, 16, 18, 19]},
				{"appName": "ANOTHER EDEN", "usage": [3, 4, 5, 6, 7, 8, 9, 12, 13, 14, 15, 18, 19]},
				{"appName": "Facebook", "usage": [2, 3, 6, 9, 10, 11, 12, 13, 14, 15]},
				{"appName": "게임런처", "usage": [3, 4, 5, 10, 11, 12, 14, 15, 18]},
				{"appName": "갤러리", "usage": [4, 5, 6, 7, 10, 12, 14, 15]},
				{"appName": "Paco", "usage": [2, 4, 5, 6, 7, 8, 9, 12]},
				{"appName": "시계", "usage": [0, 1, 2, 6, 19]},
				{"appName": "Between", "usage": [1, 2, 11, 18, 19]},
				{"appName": "패키지 설치 프로그램", "usage": [4, 10, 12, 15]},
				{"appName": "NAVER", "usage": [4, 9, 12, 18]},
				{"appName": "올원뱅크", "usage": [8, 10, 11]},
				{"appName": "메시지", "usage": [8, 10, 15]},
				{"appName": "YouTube", "usage": [15, 16, 17]},
				{"appName": "Samsung Music", "usage": [9, 17, 18]},
				{"appName": "Polar Beat", "usage": [4, 10, 15]},
				{"appName": "Logger", "usage": [4, 10, 15]},
				{"appName": "Cookie Run: OvenBreak", "usage": [4, 14, 15]},
				{"appName": "ABC Logger", "usage": [8, 10, 15]},
				{"appName": "후후-유플러스", "usage": [6, 10]},
				{"appName": "통화", "usage": [1, 2]},
				{"appName": "카메라", "usage": [4, 18]},
				{"appName": "접근성", "usage": [4, 15]},
				{"appName": "전화", "usage": [1, 2]},
				{"appName": "설정", "usage": [4, 15]},
				{"appName": "Instagram", "usage": [11, 12]},
				{"appName": "포토 에디터", "usage": [5]},
				{"appName": "캘린더", "usage": [10]},
				{"appName": "안드로이드 시스템", "usage": [18]},
				{"appName": "네이버 웹툰", "usage": [14]},
				{"appName": "YouTube Music", "usage": [9]},
				{"appName": "Microsoft Health", "usage": [10]},
				{"appName": "KLMS", "usage": [1]},
				{"appName": "Foodie", "usage": [18]},
				{"appName": "Dropsync", "usage": [10]}
			]
		},
		"maxTime": {
			"usage": 130,
			"details": [
				{"appName": "YouTube", "usage": 57},
				{"appName": "ANOTHER EDEN", "usage": 31},
				{"appName": "Cookie Run: OvenBreak", "usage": 16},
				{"appName": "Facebook", "usage": 11},
				{"appName": "카카오톡", "usage": 6},
				{"appName": "시계", "usage": 4},
				{"appName": "갤러리", "usage": 3},
				{"appName": "NAVER", "usage": 2},
				{"appName": "Between", "usage": 2},
				{"appName": "Samsung Experience 홈", "usage": 1},
				{"appName": "네이버 웹툰", "usage": 1},
				{"appName": "ABC Logger", "usage": 1},
				{"appName": "올원뱅크", "usage": 1},
				{"appName": "포토 에디터", "usage": 1},
				{"appName": "Microsoft Health", "usage": 1},
				{"appName": "캘린더", "usage": 1},
				{"appName": "통화", "usage": 1},
				{"appName": "메시지", "usage": 0},
				{"appName": "Polar Beat", "usage": 0},
				{"appName": "전화", "usage": 0},
				{"appName": "Foodie", "usage": 0},
				{"appName": "Dropsync", "usage": 0},
				{"appName": "Instagram", "usage": 0},
				{"appName": "YouTube Music", "usage": 0},
				{"appName": "카메라", "usage": 0},
				{"appName": "Logger", "usage": 0},
				{"appName": "Paco", "usage": 0},
				{"appName": "접근성", "usage": 0},
				{"appName": "Samsung Music", "usage": 0},
				{"appName": "KLMS", "usage": 0},
				{"appName": "패키지 설치 프로그램", "usage": 0},
				{"appName": "게임런처", "usage": 0},
				{"appName": "설정", "usage": 0},
				{"appName": "후후-유플러스", "usage": 0},
				{"appName": "안드로이드 시스템", "usage": 0}
			]
		},
		"avgTime": {
			"usage": 7,
			"details": [
				{"appName": "YouTube", "usage": 29},
				{"appName": "ANOTHER EDEN", "usage": 4},
				{"appName": "Cookie Run: OvenBreak", "usage": 2},
				{"appName": "포토 에디터", "usage": 1},
				{"appName": "Facebook", "usage": 0},
				{"appName": "통화", "usage": 0},
				{"appName": "Microsoft Health", "usage": 0},
				{"appName": "Dropsync", "usage": 0},
				{"appName": "NAVER", "usage": 0},
				{"appName": "Foodie", "usage": 0},
				{"appName": "올원뱅크", "usage": 0},
				{"appName": "갤러리", "usage": 0},
				{"appName": "Between", "usage": 0},
				{"appName": "카메라", "usage": 0},
				{"appName": "메시지", "usage": 0},
				{"appName": "네이버 웹툰", "usage": 0},
				{"appName": "Polar Beat", "usage": 0},
				{"appName": "시계", "usage": 0},
				{"appName": "Instagram", "usage": 0},
				{"appName": "ABC Logger", "usage": 0},
				{"appName": "캘린더", "usage": 0},
				{"appName": "카카오톡", "usage": 0},
				{"appName": "전화", "usage": 0},
				{"appName": "YouTube Music", "usage": 0},
				{"appName": "Samsung Music", "usage": 0},
				{"appName": "Paco", "usage": 0},
				{"appName": "KLMS", "usage": 0},
				{"appName": "Logger", "usage": 0},
				{"appName": "Samsung Experience 홈", "usage": 0},
				{"appName": "접근성", "usage": 0},
				{"appName": "게임런처", "usage": 0},
				{"appName": "설정", "usage": 0},
				{"appName": "안드로이드 시스템", "usage": 0},
				{"appName": "패키지 설치 프로그램", "usage": 0},
				{"appName": "후후-유플러스", "usage": 0}
			]
		},
		"lastPickup": {"time": 0}
	},
	{
		"date": 3,
		"totalTime": {
			"usage": 617,
			"details": [
				{"appName": "Cookie Run: OvenBreak", "usage": 218},
				{"appName": "ANOTHER EDEN", "usage": 138},
				{"appName": "Facebook", "usage": 63},
				{"appName": "Between", "usage": 50},
				{"appName": "통화", "usage": 27},
				{"appName": "NAVER", "usage": 25},
				{"appName": "네이버 웹툰", "usage": 21},
				{"appName": "카카오톡", "usage": 15},
				{"appName": "Samsung Experience 홈", "usage": 14},
				{"appName": "카카오맵", "usage": 11},
				{"appName": "갤러리", "usage": 5},
				{"appName": "카이스트 버스", "usage": 2},
				{"appName": "Paco", "usage": 1},
				{"appName": "Samsung Music", "usage": 1},
				{"appName": "전화", "usage": 1},
				{"appName": "설정", "usage": 0},
				{"appName": "카메라", "usage": 0},
				{"appName": "메시지", "usage": 0},
				{"appName": "내 캘린더", "usage": 0},
				{"appName": "시계", "usage": 0},
				{"appName": "Life360", "usage": 0},
				{"appName": "올원뱅크", "usage": 0},
				{"appName": "Polar Beat", "usage": 0},
				{"appName": "Logger", "usage": 0},
				{"appName": "게임런처", "usage": 0},
				{"appName": "Foodie", "usage": 0},
				{"appName": "하나멤버스", "usage": 0},
				{"appName": "U+ 고객센터", "usage": 0},
				{"appName": "Samsung Health", "usage": 0},
				{"appName": "접근성", "usage": 0},
				{"appName": "캘린더", "usage": 0},
				{"appName": "안드로이드 시스템", "usage": 0},
				{"appName": "에브리타임", "usage": 0},
				{"appName": "패키지 설치 프로그램", "usage": 0},
				{"appName": "빅스비 보이스", "usage": 0}
			]
		},
		"pickups": {"usage": 114},
		"downTime": {
			"usage": [
				{"hour": "1", "usage": 2},
				{"hour": "2", "usage": 13},
				{"hour": "3", "usage": 19},
				{"hour": "4", "usage": 41},
				{"hour": "5", "usage": 34},
				{"hour": "6", "usage": 27},
				{"hour": "7", "usage": 30},
				{"hour": "8", "usage": 52},
				{"hour": "9", "usage": 59},
				{"hour": "10", "usage": 37},
				{"hour": "11", "usage": 46},
				{"hour": "12", "usage": 56},
				{"hour": "13", "usage": 40},
				{"hour": "14", "usage": 46},
				{"hour": "15", "usage": 49},
				{"hour": "16", "usage": 32},
				{"hour": "17", "usage": 27}
			],
			"details": [
				{"appName": "Samsung Experience 홈", "usage": [2, 3, 4, 5, 6, 7, 8, 9, 10, 12, 15, 16, 17, 18]},
				{"appName": "카카오톡", "usage": [2, 3, 4, 5, 6, 7, 8, 10, 12, 15]},
				{"appName": "통화", "usage": [2, 4, 5, 6, 9, 12, 13, 15, 16]},
				{"appName": "Between", "usage": [2, 4, 5, 6, 7, 8, 12, 15, 16]},
				{"appName": "전화", "usage": [2, 4, 5, 6, 9, 15, 16]},
				{"appName": "Paco", "usage": [3, 5, 6, 7, 8, 9, 12]},
				{"appName": "NAVER", "usage": [3, 4, 5, 7, 8, 15, 16]},
				{"appName": "Facebook", "usage": [2, 3, 7, 8, 12, 16, 17]},
				{"appName": "Cookie Run: OvenBreak", "usage": [7, 10, 11, 12, 13, 14, 15]},
				{"appName": "ANOTHER EDEN", "usage": [4, 5, 6, 8, 9, 10]},
				{"appName": "게임런처", "usage": [4, 7, 8, 9, 10]},
				{"appName": "설정", "usage": [2, 4, 5, 12]},
				{"appName": "빅스비 보이스", "usage": [2, 3, 6]},
				{"appName": "갤러리", "usage": [5, 6, 7]},
				{"appName": "패키지 설치 프로그램", "usage": [2, 12]},
				{"appName": "카메라", "usage": [4, 5]},
				{"appName": "접근성", "usage": [2, 12]},
				{"appName": "시계", "usage": [2, 17]},
				{"appName": "메시지", "usage": [5, 7]},
				{"appName": "내 캘린더", "usage": [6, 17]},
				{"appName": "U+ 고객센터", "usage": [5, 18]},
				{"appName": "Samsung Music", "usage": [4, 8]},
				{"appName": "Polar Beat", "usage": [2, 12]},
				{"appName": "Logger", "usage": [2, 12]},
				{"appName": "하나멤버스", "usage": [6]},
				{"appName": "캘린더", "usage": [6]},
				{"appName": "카카오맵", "usage": [4]},
				{"appName": "카이스트 버스", "usage": [4]},
				{"appName": "올원뱅크", "usage": [7]},
				{"appName": "에브리타임", "usage": [8]},
				{"appName": "안드로이드 시스템", "usage": [16]},
				{"appName": "네이버 웹툰", "usage": [15]},
				{"appName": "Samsung Health", "usage": [3]},
				{"appName": "Life360", "usage": [7]},
				{"appName": "Foodie", "usage": [5]}
			]
		},
		"maxTime": {
			"usage": 62,
			"details": [
				{"appName": "Cookie Run: OvenBreak", "usage": 60},
				{"appName": "ANOTHER EDEN", "usage": 49},
				{"appName": "Between", "usage": 11},
				{"appName": "Facebook", "usage": 8},
				{"appName": "통화", "usage": 6},
				{"appName": "카카오맵", "usage": 5},
				{"appName": "네이버 웹툰", "usage": 3},
				{"appName": "갤러리", "usage": 3},
				{"appName": "NAVER", "usage": 3},
				{"appName": "카카오톡", "usage": 2},
				{"appName": "Samsung Experience 홈", "usage": 1},
				{"appName": "카이스트 버스", "usage": 1},
				{"appName": "Samsung Music", "usage": 1},
				{"appName": "설정", "usage": 0},
				{"appName": "내 캘린더", "usage": 0},
				{"appName": "Paco", "usage": 0},
				{"appName": "Life360", "usage": 0},
				{"appName": "올원뱅크", "usage": 0},
				{"appName": "메시지", "usage": 0},
				{"appName": "Logger", "usage": 0},
				{"appName": "전화", "usage": 0},
				{"appName": "카메라", "usage": 0},
				{"appName": "Polar Beat", "usage": 0},
				{"appName": "Foodie", "usage": 0},
				{"appName": "시계", "usage": 0},
				{"appName": "Samsung Health", "usage": 0},
				{"appName": "하나멤버스", "usage": 0},
				{"appName": "U+ 고객센터", "usage": 0},
				{"appName": "게임런처", "usage": 0},
				{"appName": "접근성", "usage": 0},
				{"appName": "캘린더", "usage": 0},
				{"appName": "안드로이드 시스템", "usage": 0},
				{"appName": "에브리타임", "usage": 0},
				{"appName": "패키지 설치 프로그램", "usage": 0},
				{"appName": "빅스비 보이스", "usage": 0}
			]
		},
		"avgTime": {
			"usage": 5,
			"details": [
				{"appName": "ANOTHER EDEN", "usage": 13},
				{"appName": "Cookie Run: OvenBreak", "usage": 9},
				{"appName": "Facebook", "usage": 1},
				{"appName": "통화", "usage": 1},
				{"appName": "갤러리", "usage": 0},
				{"appName": "Samsung Music", "usage": 0},
				{"appName": "카카오맵", "usage": 0},
				{"appName": "카이스트 버스", "usage": 0},
				{"appName": "올원뱅크", "usage": 0},
				{"appName": "Between", "usage": 0},
				{"appName": "NAVER", "usage": 0},
				{"appName": "메시지", "usage": 0},
				{"appName": "네이버 웹툰", "usage": 0},
				{"appName": "Life360", "usage": 0},
				{"appName": "카카오톡", "usage": 0},
				{"appName": "카메라", "usage": 0},
				{"appName": "Paco", "usage": 0},
				{"appName": "Foodie", "usage": 0},
				{"appName": "내 캘린더", "usage": 0},
				{"appName": "설정", "usage": 0},
				{"appName": "Samsung Experience 홈", "usage": 0},
				{"appName": "Samsung Health", "usage": 0},
				{"appName": "Logger", "usage": 0},
				{"appName": "전화", "usage": 0},
				{"appName": "Polar Beat", "usage": 0},
				{"appName": "하나멤버스", "usage": 0},
				{"appName": "시계", "usage": 0},
				{"appName": "U+ 고객센터", "usage": 0},
				{"appName": "게임런처", "usage": 0},
				{"appName": "안드로이드 시스템", "usage": 0},
				{"appName": "캘린더", "usage": 0},
				{"appName": "접근성", "usage": 0},
				{"appName": "에브리타임", "usage": 0},
				{"appName": "패키지 설치 프로그램", "usage": 0},
				{"appName": "빅스비 보이스", "usage": 0}
			]
		},
		"lastPickup": {"time": 0}
	},
	{
		"date": 4,
		"totalTime": {
			"usage": 368,
			"details": [
				{"appName": "Cookie Run: OvenBreak", "usage": 100},
				{"appName": "Facebook", "usage": 74},
				{"appName": "ANOTHER EDEN", "usage": 73},
				{"appName": "Between", "usage": 23},
				{"appName": "네이버 웹툰", "usage": 22},
				{"appName": "카카오톡", "usage": 20},
				{"appName": "Samsung Experience 홈", "usage": 12},
				{"appName": "Google Play 스토어", "usage": 6},
				{"appName": "Instagram", "usage": 5},
				{"appName": "YouTube", "usage": 5},
				{"appName": "내 캘린더", "usage": 4},
				{"appName": "통화", "usage": 2},
				{"appName": "빅스비 보이스", "usage": 2},
				{"appName": "NAVER", "usage": 1},
				{"appName": "올원뱅크", "usage": 1},
				{"appName": "Paco", "usage": 1},
				{"appName": "Polar Beat", "usage": 0},
				{"appName": "Foodie", "usage": 0},
				{"appName": "Logger", "usage": 0},
				{"appName": "설정", "usage": 0},
				{"appName": "Life360", "usage": 0},
				{"appName": "게임런처", "usage": 0},
				{"appName": "ABC Logger", "usage": 0},
				{"appName": "시계", "usage": 0},
				{"appName": "전화", "usage": 0},
				{"appName": "갤러리", "usage": 0},
				{"appName": "Samsung Music", "usage": 0},
				{"appName": "접근성", "usage": 0},
				{"appName": "Dropsync", "usage": 0},
				{"appName": "디바이스 케어", "usage": 0},
				{"appName": "패키지 설치 프로그램", "usage": 0},
				{"appName": "후후-유플러스", "usage": 0}
			]
		},
		"pickups": {"usage": 95},
		"downTime": {
			"usage": [
				{"hour": "2", "usage": 6},
				{"hour": "3", "usage": 45},
				{"hour": "4", "usage": 33},
				{"hour": "5", "usage": 35},
				{"hour": "6", "usage": 2},
				{"hour": "7", "usage": 0},
				{"hour": "8", "usage": 1},
				{"hour": "9", "usage": 4},
				{"hour": "10", "usage": 1},
				{"hour": "11", "usage": 21},
				{"hour": "12", "usage": 59},
				{"hour": "13", "usage": 39},
				{"hour": "14", "usage": 25},
				{"hour": "15", "usage": 12},
				{"hour": "16", "usage": 37},
				{"hour": "17", "usage": 41}
			],
			"details": [
				{"appName": "Samsung Experience 홈", "usage": [2, 3, 4, 5, 6, 7, 8, 9, 10, 11, 12, 13, 14, 15, 16, 17, 19]},
				{"appName": "Between", "usage": [2, 3, 4, 5, 11, 12, 13, 15, 16]},
				{"appName": "카카오톡", "usage": [2, 6, 7, 11, 13, 14, 15, 17]},
				{"appName": "게임런처", "usage": [3, 4, 6, 8, 11, 12, 13, 15]},
				{"appName": "Cookie Run: OvenBreak", "usage": [3, 4, 5, 6, 8, 11, 12, 13]},
				{"appName": "Facebook", "usage": [2, 3, 4, 6, 11, 12, 13]},
				{"appName": "Paco", "usage": [2, 3, 4, 5, 12]},
				{"appName": "전화", "usage": [2, 5, 6, 11]},
				{"appName": "Polar Beat", "usage": [4, 9, 11, 13]},
				{"appName": "ANOTHER EDEN", "usage": [4, 15, 16, 17]},
				{"appName": "통화", "usage": [2, 5, 11]},
				{"appName": "설정", "usage": [4, 6, 13]},
				{"appName": "NAVER", "usage": [8, 11, 13]},
				{"appName": "Life360", "usage": [7, 9, 11]},
				{"appName": "Google Play 스토어", "usage": [11, 12, 14]},
				{"appName": "패키지 설치 프로그램", "usage": [4, 13]},
				{"appName": "접근성", "usage": [4, 13]},
				{"appName": "시계", "usage": [2, 11]},
				{"appName": "네이버 웹툰", "usage": [14, 15]},
				{"appName": "내 캘린더", "usage": [9, 10]},
				{"appName": "Logger", "usage": [4, 13]},
				{"appName": "Dropsync", "usage": [6, 8]},
				{"appName": "ABC Logger", "usage": [4, 14]},
				{"appName": "후후-유플러스", "usage": [19]},
				{"appName": "올원뱅크", "usage": [11]},
				{"appName": "빅스비 보이스", "usage": [15]},
				{"appName": "디바이스 케어", "usage": [13]},
				{"appName": "갤러리", "usage": [11]},
				{"appName": "YouTube", "usage": [3]},
				{"appName": "Samsung Music", "usage": [11]},
				{"appName": "Instagram", "usage": [13]},
				{"appName": "Foodie", "usage": [11]}
			]
		},
		"maxTime": {
			"usage": 58,
			"details": [
				{"appName": "Facebook", "usage": 18},
				{"appName": "ANOTHER EDEN", "usage": 17},
				{"appName": "Cookie Run: OvenBreak", "usage": 16},
				{"appName": "카카오톡", "usage": 8},
				{"appName": "YouTube", "usage": 5},
				{"appName": "네이버 웹툰", "usage": 4},
				{"appName": "Between", "usage": 3},
				{"appName": "Instagram", "usage": 3},
				{"appName": "빅스비 보이스", "usage": 2},
				{"appName": "내 캘린더", "usage": 2},
				{"appName": "Google Play 스토어", "usage": 1},
				{"appName": "Samsung Experience 홈", "usage": 1},
				{"appName": "NAVER", "usage": 1},
				{"appName": "통화", "usage": 1},
				{"appName": "올원뱅크", "usage": 0},
				{"appName": "Foodie", "usage": 0},
				{"appName": "Polar Beat", "usage": 0},
				{"appName": "Paco", "usage": 0},
				{"appName": "ABC Logger", "usage": 0},
				{"appName": "갤러리", "usage": 0},
				{"appName": "Logger", "usage": 0},
				{"appName": "시계", "usage": 0},
				{"appName": "Life360", "usage": 0},
				{"appName": "설정", "usage": 0},
				{"appName": "Samsung Music", "usage": 0},
				{"appName": "전화", "usage": 0},
				{"appName": "게임런처", "usage": 0},
				{"appName": "Dropsync", "usage": 0},
				{"appName": "접근성", "usage": 0},
				{"appName": "디바이스 케어", "usage": 0},
				{"appName": "패키지 설치 프로그램", "usage": 0},
				{"appName": "후후-유플러스", "usage": 0}
			]
		},
		"avgTime": {
			"usage": 3,
			"details": [
				{"appName": "ANOTHER EDEN", "usage": 4},
				{"appName": "Cookie Run: OvenBreak", "usage": 4},
				{"appName": "YouTube", "usage": 2},
				{"appName": "Facebook", "usage": 2},
				{"appName": "빅스비 보이스", "usage": 1},
				{"appName": "Foodie", "usage": 0},
				{"appName": "올원뱅크", "usage": 0},
				{"appName": "Instagram", "usage": 0},
				{"appName": "통화", "usage": 0},
				{"appName": "네이버 웹툰", "usage": 0},
				{"appName": "Between", "usage": 0},
				{"appName": "NAVER", "usage": 0},
				{"appName": "카카오톡", "usage": 0},
				{"appName": "갤러리", "usage": 0},
				{"appName": "내 캘린더", "usage": 0},
				{"appName": "Google Play 스토어", "usage": 0},
				{"appName": "Samsung Music", "usage": 0},
				{"appName": "Paco", "usage": 0},
				{"appName": "Samsung Experience 홈", "usage": 0},
				{"appName": "Logger", "usage": 0},
				{"appName": "Life360", "usage": 0},
				{"appName": "ABC Logger", "usage": 0},
				{"appName": "시계", "usage": 0},
				{"appName": "Polar Beat", "usage": 0},
				{"appName": "설정", "usage": 0},
				{"appName": "전화", "usage": 0},
				{"appName": "Dropsync", "usage": 0},
				{"appName": "게임런처", "usage": 0},
				{"appName": "접근성", "usage": 0},
				{"appName": "디바이스 케어", "usage": 0},
				{"appName": "패키지 설치 프로그램", "usage": 0},
				{"appName": "후후-유플러스", "usage": 0}
			]
		},
		"lastPickup": {"time": 41}
	},
	{
		"date": 5,
		"totalTime": {
			"usage": 342,
			"details": [
				{"appName": "Facebook", "usage": 141},
				{"appName": "ANOTHER EDEN", "usage": 43},
				{"appName": "Cookie Run: OvenBreak", "usage": 34},
				{"appName": "캘린더", "usage": 28},
				{"appName": "카카오톡", "usage": 27},
				{"appName": "Between", "usage": 19},
				{"appName": "Samsung Experience 홈", "usage": 13},
				{"appName": "네이버 웹툰", "usage": 8},
				{"appName": "YouTube", "usage": 3},
				{"appName": "Instagram", "usage": 3},
				{"appName": "Polar Beat", "usage": 2},
				{"appName": "Paco", "usage": 2},
				{"appName": "통화", "usage": 1},
				{"appName": "Messenger", "usage": 0},
				{"appName": "NAVER", "usage": 0},
				{"appName": "시계", "usage": 0},
				{"appName": "KLMS", "usage": 0},
				{"appName": "내 캘린더", "usage": 0},
				{"appName": "포토 에디터", "usage": 0},
				{"appName": "갤러리", "usage": 0},
				{"appName": "설정", "usage": 0},
				{"appName": "전화", "usage": 0},
				{"appName": "날씨", "usage": 0},
				{"appName": "게임런처", "usage": 0},
				{"appName": "Logger", "usage": 0},
				{"appName": "접근성", "usage": 0},
				{"appName": "Life360", "usage": 0},
				{"appName": "Dropbox", "usage": 0},
				{"appName": "카메라", "usage": 0},
				{"appName": "삼성 캡처", "usage": 0},
				{"appName": "패키지 설치 프로그램", "usage": 0}
			]
		},
		"pickups": {"usage": 97},
		"downTime": {
			"usage": [
				{"hour": "2", "usage": 0},
				{"hour": "3", "usage": 11},
				{"hour": "4", "usage": 59},
				{"hour": "5", "usage": 49},
				{"hour": "6", "usage": 59},
				{"hour": "7", "usage": 42},
				{"hour": "8", "usage": 20},
				{"hour": "9", "usage": 10},
				{"hour": "10", "usage": 24},
				{"hour": "11", "usage": 0},
				{"hour": "13", "usage": 10},
				{"hour": "14", "usage": 4},
				{"hour": "15", "usage": 4},
				{"hour": "16", "usage": 25},
				{"hour": "17", "usage": 12},
				{"hour": "22", "usage": 0},
				{"hour": "23", "usage": 6}
			],
			"details": [
				{"appName": "Samsung Experience 홈", "usage": [3, 4, 5, 6, 7, 8, 9, 10, 11, 13, 14, 15, 16, 17, 23]},
				{"appName": "카카오톡", "usage": [3, 5, 7, 8, 9, 10, 11, 13, 14, 15, 16, 17]},
				{"appName": "Facebook", "usage": [3, 4, 5, 6, 7, 8, 10, 13, 16, 17, 23]},
				{"appName": "Paco", "usage": [4, 5, 6, 7, 8, 9, 10]},
				{"appName": "Polar Beat", "usage": [7, 8, 11, 13, 16, 23]},
				{"appName": "Between", "usage": [3, 6, 8, 9, 10, 16]},
				{"appName": "패키지 설치 프로그램", "usage": [7, 13, 16, 23]},
				{"appName": "캘린더", "usage": [7, 13, 22, 23]},
				{"appName": "접근성", "usage": [7, 13, 16, 23]},
				{"appName": "설정", "usage": [7, 13, 16, 23]},
				{"appName": "Logger", "usage": [7, 13, 16, 23]},
				{"appName": "전화", "usage": [7, 14, 17]},
				{"appName": "게임런처", "usage": [6, 9, 16]},
				{"appName": "Messenger", "usage": [5, 7, 17]},
				{"appName": "통화", "usage": [7, 17]},
				{"appName": "시계", "usage": [17, 23]},
				{"appName": "갤러리", "usage": [8, 10]},
				{"appName": "Cookie Run: OvenBreak", "usage": [6, 9]},
				{"appName": "ANOTHER EDEN", "usage": [3, 4]},
				{"appName": "포토 에디터", "usage": [8]},
				{"appName": "카메라", "usage": [16]},
				{"appName": "삼성 캡처", "usage": [6]},
				{"appName": "네이버 웹툰", "usage": [16]},
				{"appName": "내 캘린더", "usage": [17]},
				{"appName": "날씨", "usage": [9]},
				{"appName": "YouTube", "usage": [6]},
				{"appName": "NAVER", "usage": [13]},
				{"appName": "Life360", "usage": [7]},
				{"appName": "KLMS", "usage": [10]},
				{"appName": "Instagram", "usage": [6]},
				{"appName": "Dropbox", "usage": [10]}
			]
		},
		"maxTime": {
			"usage": 95,
			"details": [
				{"appName": "ANOTHER EDEN", "usage": 35},
				{"appName": "Facebook", "usage": 21},
				{"appName": "캘린더", "usage": 20},
				{"appName": "Cookie Run: OvenBreak", "usage": 13},
				{"appName": "Between", "usage": 4},
				{"appName": "YouTube", "usage": 3},
				{"appName": "네이버 웹툰", "usage": 2},
				{"appName": "Instagram", "usage": 2},
				{"appName": "카카오톡", "usage": 2},
				{"appName": "Samsung Experience 홈", "usage": 2},
				{"appName": "통화", "usage": 1},
				{"appName": "Paco", "usage": 0},
				{"appName": "Messenger", "usage": 0},
				{"appName": "Polar Beat", "usage": 0},
				{"appName": "NAVER", "usage": 0},
				{"appName": "포토 에디터", "usage": 0},
				{"appName": "내 캘린더", "usage": 0},
				{"appName": "갤러리", "usage": 0},
				{"appName": "시계", "usage": 0},
				{"appName": "KLMS", "usage": 0},
				{"appName": "게임런처", "usage": 0},
				{"appName": "전화", "usage": 0},
				{"appName": "날씨", "usage": 0},
				{"appName": "Life360", "usage": 0},
				{"appName": "카메라", "usage": 0},
				{"appName": "삼성 캡처", "usage": 0},
				{"appName": "Dropbox", "usage": 0},
				{"appName": "설정", "usage": 0},
				{"appName": "Logger", "usage": 0},
				{"appName": "접근성", "usage": 0},
				{"appName": "패키지 설치 프로그램", "usage": 0}
			]
		},
		"avgTime": {
			"usage": 3,
			"details": [
				{"appName": "ANOTHER EDEN", "usage": 21},
				{"appName": "Cookie Run: OvenBreak", "usage": 6},
				{"appName": "캘린더", "usage": 2},
				{"appName": "Facebook", "usage": 2},
				{"appName": "YouTube", "usage": 1},
				{"appName": "Instagram", "usage": 1},
				{"appName": "포토 에디터", "usage": 0},
				{"appName": "Between", "usage": 0},
				{"appName": "네이버 웹툰", "usage": 0},
				{"appName": "통화", "usage": 0},
				{"appName": "NAVER", "usage": 0},
				{"appName": "Paco", "usage": 0},
				{"appName": "갤러리", "usage": 0},
				{"appName": "Messenger", "usage": 0},
				{"appName": "Samsung Experience 홈", "usage": 0},
				{"appName": "카카오톡", "usage": 0},
				{"appName": "카메라", "usage": 0},
				{"appName": "삼성 캡처", "usage": 0},
				{"appName": "Polar Beat", "usage": 0},
				{"appName": "시계", "usage": 0},
				{"appName": "날씨", "usage": 0},
				{"appName": "KLMS", "usage": 0},
				{"appName": "Life360", "usage": 0},
				{"appName": "내 캘린더", "usage": 0},
				{"appName": "전화", "usage": 0},
				{"appName": "게임런처", "usage": 0},
				{"appName": "설정", "usage": 0},
				{"appName": "Dropbox", "usage": 0},
				{"appName": "접근성", "usage": 0},
				{"appName": "Logger", "usage": 0},
				{"appName": "패키지 설치 프로그램", "usage": 0}
			]
		},
		"lastPickup": {"time": 0}
	},
	{
		"date": 6,
		"totalTime": {
			"usage": 520,
			"details": [
				{"appName": "Facebook", "usage": 232},
				{"appName": "Chrome", "usage": 107},
				{"appName": "카카오톡", "usage": 41},
				{"appName": "네이버 웹툰", "usage": 28},
				{"appName": "Instagram", "usage": 14},
				{"appName": "Between", "usage": 14},
				{"appName": "Samsung Experience 홈", "usage": 12},
				{"appName": "NAVER", "usage": 9},
				{"appName": "갤러리", "usage": 8},
				{"appName": "Cookie Run: OvenBreak", "usage": 8},
				{"appName": "통화", "usage": 6},
				{"appName": "시계", "usage": 5},
				{"appName": "Paco", "usage": 4},
				{"appName": "카메라", "usage": 3},
				{"appName": "Polar Beat", "usage": 3},
				{"appName": "ANOTHER EDEN", "usage": 1},
				{"appName": "캘린더", "usage": 1},
				{"appName": "Foodie", "usage": 0},
				{"appName": "계산기", "usage": 0},
				{"appName": "KAIST Portal", "usage": 0},
				{"appName": "날씨", "usage": 0},
				{"appName": "ABC Logger", "usage": 0},
				{"appName": "올원뱅크", "usage": 0},
				{"appName": "Samsung Music", "usage": 0},
				{"appName": "Logger", "usage": 0},
				{"appName": "설정", "usage": 0},
				{"appName": "전화", "usage": 0},
				{"appName": "게임런처", "usage": 0},
				{"appName": "Samsung Pay", "usage": 0},
				{"appName": "메시지", "usage": 0},
				{"appName": "접근성", "usage": 0},
				{"appName": "Messenger", "usage": 0},
				{"appName": "패키지 설치 프로그램", "usage": 0},
				{"appName": "Samsung Notes", "usage": 0},
				{"appName": "KAIST Library", "usage": 0},
				{"appName": "Google Play 서비스", "usage": 0},
				{"appName": "Study", "usage": 0},
				{"appName": "빅스비 보이스", "usage": 0}
			]
		},
		"pickups": {"usage": 106},
		"downTime": {
			"usage": [
				{"hour": "0", "usage": 55},
				{"hour": "1", "usage": 17},
				{"hour": "2", "usage": 3},
				{"hour": "3", "usage": 6},
				{"hour": "4", "usage": 9},
				{"hour": "5", "usage": 26},
				{"hour": "6", "usage": 20},
				{"hour": "7", "usage": 8},
				{"hour": "8", "usage": 18},
				{"hour": "9", "usage": 0},
				{"hour": "10", "usage": 14},
				{"hour": "11", "usage": 35},
				{"hour": "12", "usage": 35},
				{"hour": "13", "usage": 43},
				{"hour": "14", "usage": 39},
				{"hour": "15", "usage": 25},
				{"hour": "16", "usage": 50},
				{"hour": "17", "usage": 56},
				{"hour": "18", "usage": 50},
				{"hour": "22", "usage": 0}
			],
			"details": [
				{"appName": "Samsung Experience 홈", "usage": [0, 1, 2, 3, 4, 5, 6, 7, 8, 9, 10, 11, 12, 13, 14, 15, 16, 17, 18]},
				{"appName": "카카오톡", "usage": [0, 1, 4, 5, 6, 7, 8, 10, 11, 12, 13, 14, 15, 16, 17, 18]},
				{"appName": "Facebook", "usage": [0, 1, 2, 4, 5, 6, 7, 8, 11, 12, 13, 14, 15, 16]},
				{"appName": "Paco", "usage": [1, 3, 4, 5, 8, 10, 11, 12, 14, 15]},
				{"appName": "시계", "usage": [1, 2, 3, 4, 8, 9, 15, 18]},
				{"appName": "Between", "usage": [1, 3, 4, 5, 6, 17, 18]},
				{"appName": "갤러리", "usage": [0, 6, 10, 12, 13, 15]},
				{"appName": "게임런처", "usage": [0, 1, 7, 10, 15]},
				{"appName": "NAVER", "usage": [0, 10, 13, 14, 15]},
				{"appName": "Foodie", "usage": [0, 1, 13, 15, 16]},
				{"appName": "패키지 설치 프로그램", "usage": [6, 8, 13, 15]},
				{"appName": "통화", "usage": [6, 10, 11, 15]},
				{"appName": "카메라", "usage": [0, 4, 6, 10]},
				{"appName": "Polar Beat", "usage": [6, 10, 13, 15]},
				{"appName": "Cookie Run: OvenBreak", "usage": [0, 1, 10, 15]},
				{"appName": "전화", "usage": [6, 10, 11]},
				{"appName": "네이버 웹툰", "usage": [13, 14, 16]},
				{"appName": "Logger", "usage": [6, 8, 15]},
				{"appName": "Chrome", "usage": [16, 17, 18]},
				{"appName": "캘린더", "usage": [0, 22]},
				{"appName": "접근성", "usage": [8, 15]},
				{"appName": "설정", "usage": [8, 15]},
				{"appName": "빅스비 보이스", "usage": [4, 10]},
				{"appName": "Samsung Pay", "usage": [10, 15]},
				{"appName": "Instagram", "usage": [13, 14]},
				{"appName": "ABC Logger", "usage": [6, 15]},
				{"appName": "올원뱅크", "usage": [12]},
				{"appName": "메시지", "usage": [0]},
				{"appName": "날씨", "usage": [0]},
				{"appName": "계산기", "usage": [12]},
				{"appName": "Study", "usage": [13]},
				{"appName": "Samsung Notes", "usage": [1]},
				{"appName": "Samsung Music", "usage": [15]},
				{"appName": "Messenger", "usage": [8]},
				{"appName": "KAIST Library", "usage": [11]},
				{"appName": "KAIST Portal", "usage": [13]},
				{"appName": "Google Play 서비스", "usage": [0]},
				{"appName": "ANOTHER EDEN", "usage": [1]}
			]
		},
		"maxTime": {
			"usage": 94,
			"details": [
				{"appName": "Chrome", "usage": 47},
				{"appName": "Facebook", "usage": 11},
				{"appName": "네이버 웹툰", "usage": 8},
				{"appName": "카카오톡", "usage": 4},
				{"appName": "Instagram", "usage": 4},
				{"appName": "Cookie Run: OvenBreak", "usage": 3},
				{"appName": "Between", "usage": 3},
				{"appName": "갤러리", "usage": 3},
				{"appName": "시계", "usage": 2},
				{"appName": "NAVER", "usage": 1},
				{"appName": "통화", "usage": 1},
				{"appName": "Samsung Experience 홈", "usage": 1},
				{"appName": "ANOTHER EDEN", "usage": 1},
				{"appName": "Polar Beat", "usage": 1},
				{"appName": "카메라", "usage": 0},
				{"appName": "계산기", "usage": 0},
				{"appName": "Paco", "usage": 0},
				{"appName": "캘린더", "usage": 0},
				{"appName": "ABC Logger", "usage": 0},
				{"appName": "올원뱅크", "usage": 0},
				{"appName": "KAIST Portal", "usage": 0},
				{"appName": "Foodie", "usage": 0},
				{"appName": "Samsung Music", "usage": 0},
				{"appName": "날씨", "usage": 0},
				{"appName": "설정", "usage": 0},
				{"appName": "메시지", "usage": 0},
				{"appName": "Logger", "usage": 0},
				{"appName": "전화", "usage": 0},
				{"appName": "Samsung Pay", "usage": 0},
				{"appName": "Messenger", "usage": 0},
				{"appName": "게임런처", "usage": 0},
				{"appName": "접근성", "usage": 0},
				{"appName": "Samsung Notes", "usage": 0},
				{"appName": "Google Play 서비스", "usage": 0},
				{"appName": "KAIST Library", "usage": 0},
				{"appName": "Study", "usage": 0},
				{"appName": "패키지 설치 프로그램", "usage": 0},
				{"appName": "빅스비 보이스", "usage": 0}
			]
		},
		"avgTime": {
			"usage": 4,
			"details": [
				{"appName": "Chrome", "usage": 8},
				{"appName": "Facebook", "usage": 1},
				{"appName": "Cookie Run: OvenBreak", "usage": 1},
				{"appName": "갤러리", "usage": 1},
				{"appName": "ANOTHER EDEN", "usage": 0},
				{"appName": "계산기", "usage": 0},
				{"appName": "통화", "usage": 0},
				{"appName": "Between", "usage": 0},
				{"appName": "Instagram", "usage": 0},
				{"appName": "NAVER", "usage": 0},
				{"appName": "카메라", "usage": 0},
				{"appName": "네이버 웹툰", "usage": 0},
				{"appName": "KAIST Portal", "usage": 0},
				{"appName": "올원뱅크", "usage": 0},
				{"appName": "Polar Beat", "usage": 0},
				{"appName": "Foodie", "usage": 0},
				{"appName": "캘린더", "usage": 0},
				{"appName": "Samsung Music", "usage": 0},
				{"appName": "ABC Logger", "usage": 0},
				{"appName": "날씨", "usage": 0},
				{"appName": "카카오톡", "usage": 0},
				{"appName": "Paco", "usage": 0},
				{"appName": "시계", "usage": 0},
				{"appName": "Samsung Pay", "usage": 0},
				{"appName": "메시지", "usage": 0},
				{"appName": "Samsung Experience 홈", "usage": 0},
				{"appName": "설정", "usage": 0},
				{"appName": "Logger", "usage": 0},
				{"appName": "전화", "usage": 0},
				{"appName": "Samsung Notes", "usage": 0},
				{"appName": "Google Play 서비스", "usage": 0},
				{"appName": "Messenger", "usage": 0},
				{"appName": "게임런처", "usage": 0},
				{"appName": "접근성", "usage": 0},
				{"appName": "KAIST Library", "usage": 0},
				{"appName": "Study", "usage": 0},
				{"appName": "패키지 설치 프로그램", "usage": 0},
				{"appName": "빅스비 보이스", "usage": 0}
			]
		},
		"lastPickup": {"time": 0}
	},
	{
		"date": 7,
		"totalTime": {
			"usage": 939,
			"details": [
				{"appName": "Chrome", "usage": 191},
				{"appName": "Facebook", "usage": 48},
				{"appName": "Between", "usage": 20},
				{"appName": "카카오톡", "usage": 20},
				{"appName": "Samsung Experience 홈", "usage": 7},
				{"appName": "Cookie Run: OvenBreak", "usage": 5},
				{"appName": "통화", "usage": 5},
				{"appName": "Paco", "usage": 2},
				{"appName": "Instagram", "usage": 2},
				{"appName": "시계", "usage": 1},
				{"appName": "올원뱅크", "usage": 1},
				{"appName": "Foodie", "usage": 0},
				{"appName": "삼성 인터넷", "usage": 0},
				{"appName": "Polar Beat", "usage": 0},
				{"appName": "전화", "usage": 0},
				{"appName": "Google Play 스토어", "usage": 0},
				{"appName": "설정", "usage": 0},
				{"appName": "카메라", "usage": 0},
				{"appName": "Logger", "usage": 0},
				{"appName": "접근성", "usage": 0},
				{"appName": "Google Play 뮤직", "usage": 0},
				{"appName": "메시지", "usage": 0},
				{"appName": "게임런처", "usage": 0},
				{"appName": "패키지 설치 프로그램", "usage": 0},
				{"appName": "빅스비 보이스", "usage": 0}
			]
		},
		"pickups": {"usage": 92},
		"downTime": {
			"usage": [
				{"hour": "0", "usage": 0},
				{"hour": "1", "usage": 11},
				{"hour": "2", "usage": 10},
				{"hour": "3", "usage": 24},
				{"hour": "4", "usage": 30},
				{"hour": "5", "usage": 54},
				{"hour": "6", "usage": 53},
				{"hour": "7", "usage": 58},
				{"hour": "8", "usage": 48},
				{"hour": "9", "usage": 14},
				{"hour": "10", "usage": 5},
				{"hour": "11", "usage": 5},
				{"hour": "12", "usage": 0},
				{"hour": "13", "usage": 1}
			],
			"details": [
				{"appName": "Samsung Experience 홈", "usage": [0, 1, 2, 3, 4, 5, 6, 7, 8, 9, 10, 11, 12, 13]},
				{"appName": "카카오톡", "usage": [1, 2, 3, 4, 5, 6, 7, 8, 9, 10, 11, 12, 13]},
				{"appName": "Paco", "usage": [3, 4, 5, 6, 7, 8, 9, 10, 11]},
				{"appName": "통화", "usage": [3, 6, 9, 10, 11]},
				{"appName": "시계", "usage": [0, 1, 2, 3, 4]},
				{"appName": "Chrome", "usage": [5, 6, 7, 8, 9]},
				{"appName": "Between", "usage": [1, 2, 3, 4, 9]},
				{"appName": "Facebook", "usage": [3, 4, 5, 9]},
				{"appName": "전화", "usage": [9, 10, 11]},
				{"appName": "설정", "usage": [4, 11, 13]},
				{"appName": "Polar Beat", "usage": [4, 11, 13]},
				{"appName": "패키지 설치 프로그램", "usage": [4, 13]},
				{"appName": "접근성", "usage": [4, 13]},
				{"appName": "Logger", "usage": [4, 13]},
				{"appName": "Google Play 뮤직", "usage": [3, 10]},
				{"appName": "카메라", "usage": [8]},
				{"appName": "올원뱅크", "usage": [11]},
				{"appName": "삼성 인터넷", "usage": [5]},
				{"appName": "빅스비 보이스", "usage": [13]},
				{"appName": "메시지", "usage": [8]},
				{"appName": "게임런처", "usage": [5]},
				{"appName": "Instagram", "usage": [4]},
				{"appName": "Google Play 스토어", "usage": [5]},
				{"appName": "Foodie", "usage": [11]},
				{"appName": "Cookie Run: OvenBreak", "usage": [5]}
			]
		},
		"maxTime": {
			"usage": 618,
			"details": [
				{"appName": "Chrome", "usage": 26},
				{"appName": "Facebook", "usage": 7},
				{"appName": "Cookie Run: OvenBreak", "usage": 5},
				{"appName": "Between", "usage": 5},
				{"appName": "카카오톡", "usage": 2},
				{"appName": "Samsung Experience 홈", "usage": 2},
				{"appName": "통화", "usage": 1},
				{"appName": "Instagram", "usage": 1},
				{"appName": "올원뱅크", "usage": 1},
				{"appName": "삼성 인터넷", "usage": 0},
				{"appName": "Foodie", "usage": 0},
				{"appName": "Polar Beat", "usage": 0},
				{"appName": "시계", "usage": 0},
				{"appName": "전화", "usage": 0},
				{"appName": "Paco", "usage": 0},
				{"appName": "Google Play 스토어", "usage": 0},
				{"appName": "카메라", "usage": 0},
				{"appName": "설정", "usage": 0},
				{"appName": "메시지", "usage": 0},
				{"appName": "Google Play 뮤직", "usage": 0},
				{"appName": "Logger", "usage": 0},
				{"appName": "접근성", "usage": 0},
				{"appName": "게임런처", "usage": 0},
				{"appName": "패키지 설치 프로그램", "usage": 0},
				{"appName": "빅스비 보이스", "usage": 0}
			]
		},
		"avgTime": {
			"usage": 10,
			"details": [
				{"appName": "Chrome", "usage": 5},
				{"appName": "Cookie Run: OvenBreak", "usage": 2},
				{"appName": "Facebook", "usage": 1},
				{"appName": "삼성 인터넷", "usage": 0},
				{"appName": "올원뱅크", "usage": 0},
				{"appName": "Instagram", "usage": 0},
				{"appName": "통화", "usage": 0},
				{"appName": "Between", "usage": 0},
				{"appName": "Foodie", "usage": 0},
				{"appName": "Google Play 스토어", "usage": 0},
				{"appName": "Paco", "usage": 0},
				{"appName": "카카오톡", "usage": 0},
				{"appName": "Polar Beat", "usage": 0},
				{"appName": "Samsung Experience 홈", "usage": 0},
				{"appName": "시계", "usage": 0},
				{"appName": "메시지", "usage": 0},
				{"appName": "카메라", "usage": 0},
				{"appName": "전화", "usage": 0},
				{"appName": "Google Play 뮤직", "usage": 0},
				{"appName": "접근성", "usage": 0},
				{"appName": "설정", "usage": 0},
				{"appName": "Logger", "usage": 0},
				{"appName": "게임런처", "usage": 0},
				{"appName": "패키지 설치 프로그램", "usage": 0},
				{"appName": "빅스비 보이스", "usage": 0}
			]
		},
		"lastPickup": {"time": 618}
	}
]
