[
	{
		"date": 1,
		"totalTime": {
			"usage": 214,
			"details": [
				{"appName": "Chrome", "usage": 49},
				{"appName": "계산기", "usage": 29},
				{"appName": "기본홈", "usage": 21},
				{"appName": "카카오톡", "usage": 19},
				{"appName": "네이버 웹툰", "usage": 16},
				{"appName": "T전화", "usage": 12},
				{"appName": "Facebook", "usage": 9},
				{"appName": "고음질 녹음", "usage": 6},
				{"appName": "Polar Beat", "usage": 5},
				{"appName": "드라이브", "usage": 5},
				{"appName": "Paco", "usage": 3},
				{"appName": "Traffic Run!", "usage": 2},
				{"appName": "Instagram", "usage": 2},
				{"appName": "캘린더", "usage": 2},
				{"appName": "프레젠테이션", "usage": 0},
				{"appName": "음악", "usage": 0},
				{"appName": "접근성", "usage": 0},
				{"appName": "카메라", "usage": 0},
				{"appName": "알람/시계", "usage": 0},
				{"appName": "시스템 UI", "usage": 0},
				{"appName": "Google", "usage": 0},
				{"appName": "Wi-Fi", "usage": 0},
				{"appName": "갤러리", "usage": 0},
				{"appName": "파일 관리자", "usage": 0},
				{"appName": "Google Play 스토어", "usage": 0},
				{"appName": "메시지", "usage": 0},
				{"appName": "Logger", "usage": 0},
				{"appName": "날씨", "usage": 0},
				{"appName": "원터치알림", "usage": 0},
				{"appName": "패키지 설치 프로그램", "usage": 0},
				{"appName": "LG 키보드", "usage": 0},
				{"appName": "통화 관리", "usage": 0}
			]
		},
		"pickups": {"usage": 202},
		"downTime": {
			"usage": [
				{"hour": "0", "usage": 2},
				{"hour": "1", "usage": 18},
				{"hour": "2", "usage": 4},
				{"hour": "3", "usage": 20},
				{"hour": "4", "usage": 10},
				{"hour": "5", "usage": 8},
				{"hour": "6", "usage": 15},
				{"hour": "7", "usage": 11},
				{"hour": "8", "usage": 34},
				{"hour": "9", "usage": 11},
				{"hour": "10", "usage": 9},
				{"hour": "11", "usage": 1},
				{"hour": "12", "usage": 1},
				{"hour": "13", "usage": 2},
				{"hour": "14", "usage": 3},
				{"hour": "15", "usage": 2},
				{"hour": "16", "usage": 24},
				{"hour": "17", "usage": 0},
				{"hour": "18", "usage": 5},
				{"hour": "19", "usage": 24},
				{"hour": "21", "usage": 0},
				{"hour": "22", "usage": 0}
			],
			"details": [
				{"appName": "기본홈", "usage": [0, 1, 2, 3, 4, 5, 6, 7, 8, 9, 10, 11, 12, 13, 14, 15, 16, 18, 19, 21]},
				{"appName": "카카오톡", "usage": [1, 4, 6, 7, 8, 9, 10, 11, 12, 15, 16, 18]},
				{"appName": "Chrome", "usage": [0, 1, 2, 3, 4, 6, 7, 9, 14, 16, 18, 19]},
				{"appName": "Paco", "usage": [1, 2, 3, 6, 9, 10, 11, 12]},
				{"appName": "Polar Beat", "usage": [1, 3, 5, 11, 13, 18, 19]},
				{"appName": "시스템 UI", "usage": [1, 2, 4, 18, 19]},
				{"appName": "Google", "usage": [9, 10, 11, 13, 21]},
				{"appName": "원터치알림", "usage": [2, 3, 5, 9]},
				{"appName": "Facebook", "usage": [4, 10, 14, 16]},
				{"appName": "패키지 설치 프로그램", "usage": [1, 4, 18]},
				{"appName": "접근성", "usage": [1, 18, 19]},
				{"appName": "알람/시계", "usage": [0, 1, 19]},
				{"appName": "드라이브", "usage": [1, 2, 18]},
				{"appName": "네이버 웹툰", "usage": [1, 2, 16]},
				{"appName": "T전화", "usage": [3, 5, 8]},
				{"appName": "Logger", "usage": [1, 18, 19]},
				{"appName": "Instagram", "usage": [3, 4, 16]},
				{"appName": "파일 관리자", "usage": [1, 18]},
				{"appName": "통화 관리", "usage": [3, 5]},
				{"appName": "계산기", "usage": [7, 8]},
				{"appName": "Google Play 스토어", "usage": [4, 9]},
				{"appName": "프레젠테이션", "usage": [1]},
				{"appName": "캘린더", "usage": [9]},
				{"appName": "카메라", "usage": [9]},
				{"appName": "음악", "usage": [16]},
				{"appName": "메시지", "usage": [2]},
				{"appName": "날씨", "usage": [14]},
				{"appName": "고음질 녹음", "usage": [6]},
				{"appName": "갤러리", "usage": [18]},
				{"appName": "Wi-Fi", "usage": [9]},
				{"appName": "Traffic Run!", "usage": [4]},
				{"appName": "LG 키보드", "usage": [10]}
			]
		},
		"maxTime": {
			"usage": 23,
			"details": [
				{"appName": "계산기", "usage": 17},
				{"appName": "Chrome", "usage": 13},
				{"appName": "기본홈", "usage": 10},
				{"appName": "T전화", "usage": 6},
				{"appName": "고음질 녹음", "usage": 5},
				{"appName": "네이버 웹툰", "usage": 4},
				{"appName": "캘린더", "usage": 2},
				{"appName": "드라이브", "usage": 1},
				{"appName": "Polar Beat", "usage": 1},
				{"appName": "Facebook", "usage": 1},
				{"appName": "카카오톡", "usage": 1},
				{"appName": "Traffic Run!", "usage": 0},
				{"appName": "Instagram", "usage": 0},
				{"appName": "프레젠테이션", "usage": 0},
				{"appName": "Paco", "usage": 0},
				{"appName": "카메라", "usage": 0},
				{"appName": "접근성", "usage": 0},
				{"appName": "Wi-Fi", "usage": 0},
				{"appName": "갤러리", "usage": 0},
				{"appName": "알람/시계", "usage": 0},
				{"appName": "메시지", "usage": 0},
				{"appName": "음악", "usage": 0},
				{"appName": "Google", "usage": 0},
				{"appName": "Google Play 스토어", "usage": 0},
				{"appName": "파일 관리자", "usage": 0},
				{"appName": "Logger", "usage": 0},
				{"appName": "날씨", "usage": 0},
				{"appName": "시스템 UI", "usage": 0},
				{"appName": "패키지 설치 프로그램", "usage": 0},
				{"appName": "원터치알림", "usage": 0},
				{"appName": "LG 키보드", "usage": 0},
				{"appName": "통화 관리", "usage": 0}
			]
		},
		"avgTime": {
			"usage": 1,
			"details": [
				{"appName": "계산기", "usage": 4},
				{"appName": "캘린더", "usage": 2},
				{"appName": "고음질 녹음", "usage": 2},
				{"appName": "Chrome", "usage": 1},
				{"appName": "T전화", "usage": 0},
				{"appName": "드라이브", "usage": 0},
				{"appName": "카메라", "usage": 0},
				{"appName": "Facebook", "usage": 0},
				{"appName": "Traffic Run!", "usage": 0},
				{"appName": "Polar Beat", "usage": 0},
				{"appName": "Instagram", "usage": 0},
				{"appName": "Wi-Fi", "usage": 0},
				{"appName": "갤러리", "usage": 0},
				{"appName": "접근성", "usage": 0},
				{"appName": "네이버 웹툰", "usage": 0},
				{"appName": "프레젠테이션", "usage": 0},
				{"appName": "기본홈", "usage": 0},
				{"appName": "Paco", "usage": 0},
				{"appName": "메시지", "usage": 0},
				{"appName": "날씨", "usage": 0},
				{"appName": "카카오톡", "usage": 0},
				{"appName": "알람/시계", "usage": 0},
				{"appName": "파일 관리자", "usage": 0},
				{"appName": "음악", "usage": 0},
				{"appName": "Logger", "usage": 0},
				{"appName": "시스템 UI", "usage": 0},
				{"appName": "Google Play 스토어", "usage": 0},
				{"appName": "Google", "usage": 0},
				{"appName": "LG 키보드", "usage": 0},
				{"appName": "패키지 설치 프로그램", "usage": 0},
				{"appName": "원터치알림", "usage": 0},
				{"appName": "통화 관리", "usage": 0}
			]
		},
		"lastPickup": {"time": 0}
	},
	{
		"date": 2,
		"totalTime": {
			"usage": 181,
			"details": [
				{"appName": "Chrome", "usage": 57},
				{"appName": "카카오톡", "usage": 43},
				{"appName": "기본홈", "usage": 15},
				{"appName": "Polar Beat", "usage": 10},
				{"appName": "네이버 웹툰", "usage": 10},
				{"appName": "Facebook", "usage": 9},
				{"appName": "원터치알림", "usage": 4},
				{"appName": "Paco", "usage": 3},
				{"appName": "Piazza", "usage": 3},
				{"appName": "Instagram", "usage": 1},
				{"appName": "갤러리", "usage": 1},
				{"appName": "토스", "usage": 0},
				{"appName": "원터치개인", "usage": 0},
				{"appName": "접근성", "usage": 0},
				{"appName": "Logger", "usage": 0},
				{"appName": "날씨", "usage": 0},
				{"appName": "알람/시계", "usage": 0},
				{"appName": "T전화", "usage": 0},
				{"appName": "캘린더", "usage": 0},
				{"appName": "Google", "usage": 0},
				{"appName": "시스템 UI", "usage": 0},
				{"appName": "T연락처", "usage": 0},
				{"appName": "패키지 설치 프로그램", "usage": 0},
				{"appName": "통화 관리", "usage": 0}
			]
		},
		"pickups": {"usage": 184},
		"downTime": {
			"usage": [
				{"hour": "2", "usage": 7},
				{"hour": "3", "usage": 3},
				{"hour": "4", "usage": 13},
				{"hour": "5", "usage": 9},
				{"hour": "6", "usage": 2},
				{"hour": "7", "usage": 7},
				{"hour": "8", "usage": 5},
				{"hour": "9", "usage": 5},
				{"hour": "10", "usage": 31},
				{"hour": "11", "usage": 27},
				{"hour": "12", "usage": 1},
				{"hour": "13", "usage": 9},
				{"hour": "14", "usage": 11},
				{"hour": "15", "usage": 18},
				{"hour": "16", "usage": 3},
				{"hour": "17", "usage": 5},
				{"hour": "18", "usage": 16},
				{"hour": "23", "usage": 0}
			],
			"details": [
				{"appName": "기본홈", "usage": [2, 3, 4, 5, 6, 7, 8, 9, 10, 11, 13, 14, 15, 16, 17, 18]},
				{"appName": "카카오톡", "usage": [2, 3, 4, 5, 6, 7, 8, 9, 10, 11, 15, 17, 18]},
				{"appName": "Chrome", "usage": [2, 4, 7, 9, 10, 11, 13, 14, 15, 16, 18]},
				{"appName": "Paco", "usage": [2, 4, 5, 6, 7, 8, 9, 10, 11]},
				{"appName": "Facebook", "usage": [2, 4, 8, 10, 11, 13, 15, 16]},
				{"appName": "Polar Beat", "usage": [2, 3, 10, 13]},
				{"appName": "Instagram", "usage": [2, 9, 11, 15]},
				{"appName": "패키지 설치 프로그램", "usage": [2, 13]},
				{"appName": "접근성", "usage": [2, 13]},
				{"appName": "원터치알림", "usage": [8, 11]},
				{"appName": "알람/시계", "usage": [2, 18]},
				{"appName": "네이버 웹툰", "usage": [14, 15]},
				{"appName": "갤러리", "usage": [11, 15]},
				{"appName": "Logger", "usage": [2, 13]},
				{"appName": "통화 관리", "usage": [9]},
				{"appName": "토스", "usage": [11]},
				{"appName": "캘린더", "usage": [15]},
				{"appName": "원터치개인", "usage": [11]},
				{"appName": "시스템 UI", "usage": [18]},
				{"appName": "날씨", "usage": [2]},
				{"appName": "T전화", "usage": [9]},
				{"appName": "T연락처", "usage": [8]},
				{"appName": "Piazza", "usage": [18]},
				{"appName": "Google", "usage": [15]}
			]
		},
		"maxTime": {
			"usage": 28,
			"details": [
				{"appName": "Chrome", "usage": 21},
				{"appName": "Polar Beat", "usage": 10},
				{"appName": "기본홈", "usage": 6},
				{"appName": "원터치알림", "usage": 4},
				{"appName": "카카오톡", "usage": 3},
				{"appName": "Facebook", "usage": 1},
				{"appName": "네이버 웹툰", "usage": 1},
				{"appName": "Piazza", "usage": 1},
				{"appName": "갤러리", "usage": 1},
				{"appName": "Instagram", "usage": 0},
				{"appName": "Paco", "usage": 0},
				{"appName": "원터치개인", "usage": 0},
				{"appName": "토스", "usage": 0},
				{"appName": "날씨", "usage": 0},
				{"appName": "접근성", "usage": 0},
				{"appName": "캘린더", "usage": 0},
				{"appName": "알람/시계", "usage": 0},
				{"appName": "T전화", "usage": 0},
				{"appName": "Google", "usage": 0},
				{"appName": "Logger", "usage": 0},
				{"appName": "T연락처", "usage": 0},
				{"appName": "시스템 UI", "usage": 0},
				{"appName": "패키지 설치 프로그램", "usage": 0},
				{"appName": "통화 관리", "usage": 0}
			]
		},
		"avgTime": {
			"usage": 0,
			"details": [
				{"appName": "Chrome", "usage": 2},
				{"appName": "Polar Beat", "usage": 1},
				{"appName": "원터치알림", "usage": 0},
				{"appName": "갤러리", "usage": 0},
				{"appName": "Facebook", "usage": 0},
				{"appName": "네이버 웹툰", "usage": 0},
				{"appName": "날씨", "usage": 0},
				{"appName": "Instagram", "usage": 0},
				{"appName": "Piazza", "usage": 0},
				{"appName": "Paco", "usage": 0},
				{"appName": "접근성", "usage": 0},
				{"appName": "카카오톡", "usage": 0},
				{"appName": "캘린더", "usage": 0},
				{"appName": "토스", "usage": 0},
				{"appName": "기본홈", "usage": 0},
				{"appName": "알람/시계", "usage": 0},
				{"appName": "원터치개인", "usage": 0},
				{"appName": "Logger", "usage": 0},
				{"appName": "T연락처", "usage": 0},
				{"appName": "Google", "usage": 0},
				{"appName": "T전화", "usage": 0},
				{"appName": "시스템 UI", "usage": 0},
				{"appName": "패키지 설치 프로그램", "usage": 0},
				{"appName": "통화 관리", "usage": 0}
			]
		},
		"lastPickup": {"time": 0}
	},
	{
		"date": 3,
		"totalTime": {
			"usage": 419,
			"details": [
				{"appName": "네이버 웹툰", "usage": 142},
				{"appName": "Chrome", "usage": 130},
				{"appName": "카카오톡", "usage": 37},
				{"appName": "기본홈", "usage": 26},
				{"appName": "Facebook", "usage": 23},
				{"appName": "Free DS For Android 6", "usage": 7},
				{"appName": "YouTube", "usage": 7},
				{"appName": "T전화", "usage": 6},
				{"appName": "Paco", "usage": 3},
				{"appName": "Just Dance Now", "usage": 3},
				{"appName": "Logger", "usage": 3},
				{"appName": "Instagram", "usage": 2},
				{"appName": "Google Play 스토어", "usage": 1},
				{"appName": "Q메모+", "usage": 1},
				{"appName": "Polar Beat", "usage": 1},
				{"appName": "토스", "usage": 0},
				{"appName": "알람/시계", "usage": 0},
				{"appName": "드라이브", "usage": 0},
				{"appName": "원터치알림", "usage": 0},
				{"appName": "시스템 UI", "usage": 0},
				{"appName": "퀵 비디오 편집기", "usage": 0},
				{"appName": "Microsoft Band", "usage": 0},
				{"appName": "메시지", "usage": 0},
				{"appName": "접근성", "usage": 0},
				{"appName": "카메라", "usage": 0},
				{"appName": "ABC Logger", "usage": 0},
				{"appName": "갤러리", "usage": 0},
				{"appName": "Google", "usage": 0},
				{"appName": "설정", "usage": 0},
				{"appName": "파일 관리자", "usage": 0},
				{"appName": "동영상", "usage": 0},
				{"appName": "패키지 설치 프로그램", "usage": 0},
				{"appName": "통화 관리", "usage": 0}
			]
		},
		"pickups": {"usage": 170},
		"downTime": {
			"usage": [
				{"hour": "1", "usage": 0},
				{"hour": "2", "usage": 30},
				{"hour": "3", "usage": 28},
				{"hour": "4", "usage": 7},
				{"hour": "5", "usage": 10},
				{"hour": "6", "usage": 6},
				{"hour": "7", "usage": 37},
				{"hour": "8", "usage": 39},
				{"hour": "9", "usage": 26},
				{"hour": "10", "usage": 2},
				{"hour": "11", "usage": 4},
				{"hour": "12", "usage": 10},
				{"hour": "13", "usage": 29},
				{"hour": "14", "usage": 8},
				{"hour": "15", "usage": 1},
				{"hour": "16", "usage": 27},
				{"hour": "17", "usage": 42},
				{"hour": "18", "usage": 45},
				{"hour": "19", "usage": 58}
			],
			"details": [
				{"appName": "기본홈", "usage": [1, 2, 3, 4, 5, 6, 7, 8, 9, 10, 11, 12, 13, 14, 15, 16, 18, 19]},
				{"appName": "카카오톡", "usage": [2, 3, 4, 5, 7, 8, 9, 10, 11, 12, 13, 15, 16, 18, 19]},
				{"appName": "Chrome", "usage": [1, 2, 3, 4, 5, 6, 7, 8, 9, 13, 18, 19]},
				{"appName": "Facebook", "usage": [2, 3, 4, 5, 6, 7, 9, 11, 13, 19]},
				{"appName": "네이버 웹툰", "usage": [3, 9, 13, 14, 15, 16, 17, 18, 19]},
				{"appName": "시스템 UI", "usage": [3, 4, 7, 8, 13, 18, 19]},
				{"appName": "Paco", "usage": [3, 6, 7, 8, 10, 11, 12]},
				{"appName": "원터치알림", "usage": [2, 4, 5, 9, 10]},
				{"appName": "Polar Beat", "usage": [3, 10, 12, 13, 18]},
				{"appName": "Instagram", "usage": [4, 5, 9, 19]},
				{"appName": "Google", "usage": [12, 13, 14, 18]},
				{"appName": "알람/시계", "usage": [1, 9, 19]},
				{"appName": "패키지 설치 프로그램", "usage": [3, 18]},
				{"appName": "접근성", "usage": [3, 18]},
				{"appName": "YouTube", "usage": [2, 7]},
				{"appName": "T전화", "usage": [5, 13]},
				{"appName": "Logger", "usage": [3, 18]},
				{"appName": "파일 관리자", "usage": [18]},
				{"appName": "통화 관리", "usage": [5]},
				{"appName": "토스", "usage": [10]},
				{"appName": "퀵 비디오 편집기", "usage": [2]},
				{"appName": "카메라", "usage": [5]},
				{"appName": "설정", "usage": [18]},
				{"appName": "메시지", "usage": [7]},
				{"appName": "드라이브", "usage": [18]},
				{"appName": "동영상", "usage": [2]},
				{"appName": "갤러리", "usage": [2]},
				{"appName": "Q메모+", "usage": [4]},
				{"appName": "Microsoft Band", "usage": [18]},
				{"appName": "Just Dance Now", "usage": [8]},
				{"appName": "Google Play 스토어", "usage": [19]},
				{"appName": "Free DS For Android 6", "usage": [19]},
				{"appName": "ABC Logger", "usage": [18]}
			]
		},
		"maxTime": {
			"usage": 101,
			"details": [
				{"appName": "네이버 웹툰", "usage": 28},
				{"appName": "Chrome", "usage": 20},
				{"appName": "카카오톡", "usage": 9},
				{"appName": "기본홈", "usage": 7},
				{"appName": "Free DS For Android 6", "usage": 6},
				{"appName": "T전화", "usage": 6},
				{"appName": "Facebook", "usage": 5},
				{"appName": "YouTube", "usage": 3},
				{"appName": "Just Dance Now", "usage": 2},
				{"appName": "Q메모+", "usage": 1},
				{"appName": "드라이브", "usage": 0},
				{"appName": "Paco", "usage": 0},
				{"appName": "Instagram", "usage": 0},
				{"appName": "Polar Beat", "usage": 0},
				{"appName": "원터치알림", "usage": 0},
				{"appName": "Google Play 스토어", "usage": 0},
				{"appName": "토스", "usage": 0},
				{"appName": "Logger", "usage": 0},
				{"appName": "카메라", "usage": 0},
				{"appName": "퀵 비디오 편집기", "usage": 0},
				{"appName": "Microsoft Band", "usage": 0},
				{"appName": "알람/시계", "usage": 0},
				{"appName": "ABC Logger", "usage": 0},
				{"appName": "접근성", "usage": 0},
				{"appName": "메시지", "usage": 0},
				{"appName": "시스템 UI", "usage": 0},
				{"appName": "갤러리", "usage": 0},
				{"appName": "파일 관리자", "usage": 0},
				{"appName": "설정", "usage": 0},
				{"appName": "동영상", "usage": 0},
				{"appName": "Google", "usage": 0},
				{"appName": "패키지 설치 프로그램", "usage": 0},
				{"appName": "통화 관리", "usage": 0}
			]
		},
		"avgTime": {
			"usage": 2,
			"details": [
				{"appName": "Chrome", "usage": 2},
				{"appName": "YouTube", "usage": 1},
				{"appName": "Q메모+", "usage": 1},
				{"appName": "Just Dance Now", "usage": 1},
				{"appName": "Free DS For Android 6", "usage": 1},
				{"appName": "T전화", "usage": 0},
				{"appName": "드라이브", "usage": 0},
				{"appName": "네이버 웹툰", "usage": 0},
				{"appName": "Facebook", "usage": 0},
				{"appName": "카메라", "usage": 0},
				{"appName": "퀵 비디오 편집기", "usage": 0},
				{"appName": "접근성", "usage": 0},
				{"appName": "Google Play 스토어", "usage": 0},
				{"appName": "Instagram", "usage": 0},
				{"appName": "Logger", "usage": 0},
				{"appName": "Polar Beat", "usage": 0},
				{"appName": "기본홈", "usage": 0},
				{"appName": "ABC Logger", "usage": 0},
				{"appName": "카카오톡", "usage": 0},
				{"appName": "Paco", "usage": 0},
				{"appName": "토스", "usage": 0},
				{"appName": "메시지", "usage": 0},
				{"appName": "Microsoft Band", "usage": 0},
				{"appName": "원터치알림", "usage": 0},
				{"appName": "갤러리", "usage": 0},
				{"appName": "동영상", "usage": 0},
				{"appName": "파일 관리자", "usage": 0},
				{"appName": "설정", "usage": 0},
				{"appName": "알람/시계", "usage": 0},
				{"appName": "시스템 UI", "usage": 0},
				{"appName": "Google", "usage": 0},
				{"appName": "패키지 설치 프로그램", "usage": 0},
				{"appName": "통화 관리", "usage": 0}
			]
		},
		"lastPickup": {"time": 101}
	},
	{
		"date": 4,
		"totalTime": {
			"usage": 238,
			"details": [
				{"appName": "네이버 웹툰", "usage": 73},
				{"appName": "Chrome", "usage": 70},
				{"appName": "기본홈", "usage": 34},
				{"appName": "카카오톡", "usage": 18},
				{"appName": "Facebook", "usage": 11},
				{"appName": "Instagram", "usage": 8},
				{"appName": "Paco", "usage": 5},
				{"appName": "T전화", "usage": 1},
				{"appName": "날씨", "usage": 1},
				{"appName": "Polar Beat", "usage": 0},
				{"appName": "밥대생", "usage": 0},
				{"appName": "알람/시계", "usage": 0},
				{"appName": "원터치알림", "usage": 0},
				{"appName": "캘린더", "usage": 0},
				{"appName": "Logger", "usage": 0},
				{"appName": "Google", "usage": 0},
				{"appName": "접근성", "usage": 0},
				{"appName": "Google Play 스토어", "usage": 0},
				{"appName": "Q메모+", "usage": 0},
				{"appName": "T연락처", "usage": 0},
				{"appName": "시스템 UI", "usage": 0},
				{"appName": "패키지 설치 프로그램", "usage": 0},
				{"appName": "Android 시스템", "usage": 0},
				{"appName": "통화 관리", "usage": 0}
			]
		},
		"pickups": {"usage": 113},
		"downTime": {
			"usage": [
				{"hour": "2", "usage": 1},
				{"hour": "3", "usage": 30},
				{"hour": "4", "usage": 41},
				{"hour": "5", "usage": 5},
				{"hour": "6", "usage": 0},
				{"hour": "7", "usage": 1},
				{"hour": "8", "usage": 13},
				{"hour": "9", "usage": 6},
				{"hour": "10", "usage": 10},
				{"hour": "11", "usage": 1},
				{"hour": "12", "usage": 2},
				{"hour": "13", "usage": 11},
				{"hour": "14", "usage": 1},
				{"hour": "15", "usage": 0},
				{"hour": "16", "usage": 35},
				{"hour": "17", "usage": 44},
				{"hour": "18", "usage": 29}
			],
			"details": [
				{"appName": "기본홈", "usage": [2, 3, 4, 5, 6, 7, 8, 9, 10, 11, 12, 13, 14, 16, 17, 18]},
				{"appName": "카카오톡", "usage": [2, 3, 4, 5, 8, 9, 10, 12, 16, 17, 18]},
				{"appName": "Chrome", "usage": [3, 4, 5, 7, 8, 9, 10, 16, 18]},
				{"appName": "Paco", "usage": [3, 5, 6, 8, 9, 10, 11, 12]},
				{"appName": "Facebook", "usage": [3, 4, 5, 10, 13, 14]},
				{"appName": "알람/시계", "usage": [2, 3, 18]},
				{"appName": "네이버 웹툰", "usage": [16, 17, 18]},
				{"appName": "Polar Beat", "usage": [4, 7, 13]},
				{"appName": "Instagram", "usage": [3, 5, 13]},
				{"appName": "Google", "usage": [11, 14, 16]},
				{"appName": "패키지 설치 프로그램", "usage": [4, 13]},
				{"appName": "원터치알림", "usage": [4, 10]},
				{"appName": "Logger", "usage": [4, 13]},
				{"appName": "통화 관리", "usage": [9]},
				{"appName": "캘린더", "usage": [3]},
				{"appName": "접근성", "usage": [4]},
				{"appName": "시스템 UI", "usage": [12]},
				{"appName": "밥대생", "usage": [9]},
				{"appName": "날씨", "usage": [4]},
				{"appName": "T전화", "usage": [9]},
				{"appName": "T연락처", "usage": [17]},
				{"appName": "Q메모+", "usage": [9]},
				{"appName": "Google Play 스토어", "usage": [14]},
				{"appName": "Android 시스템", "usage": [9]}
			]
		},
		"maxTime": {
			"usage": 42,
			"details": [
				{"appName": "Chrome", "usage": 17},
				{"appName": "기본홈", "usage": 16},
				{"appName": "네이버 웹툰", "usage": 12},
				{"appName": "Instagram", "usage": 6},
				{"appName": "카카오톡", "usage": 3},
				{"appName": "Paco", "usage": 1},
				{"appName": "T전화", "usage": 1},
				{"appName": "Facebook", "usage": 1},
				{"appName": "날씨", "usage": 1},
				{"appName": "Polar Beat", "usage": 0},
				{"appName": "밥대생", "usage": 0},
				{"appName": "캘린더", "usage": 0},
				{"appName": "원터치알림", "usage": 0},
				{"appName": "Logger", "usage": 0},
				{"appName": "접근성", "usage": 0},
				{"appName": "알람/시계", "usage": 0},
				{"appName": "Google", "usage": 0},
				{"appName": "Google Play 스토어", "usage": 0},
				{"appName": "T연락처", "usage": 0},
				{"appName": "시스템 UI", "usage": 0},
				{"appName": "Q메모+", "usage": 0},
				{"appName": "Android 시스템", "usage": 0},
				{"appName": "패키지 설치 프로그램", "usage": 0},
				{"appName": "통화 관리", "usage": 0}
			]
		},
		"avgTime": {
			"usage": 2,
			"details": [
				{"appName": "Chrome", "usage": 3},
				{"appName": "날씨", "usage": 1},
				{"appName": "Instagram", "usage": 1},
				{"appName": "T전화", "usage": 0},
				{"appName": "네이버 웹툰", "usage": 0},
				{"appName": "Facebook", "usage": 0},
				{"appName": "기본홈", "usage": 0},
				{"appName": "캘린더", "usage": 0},
				{"appName": "Paco", "usage": 0},
				{"appName": "접근성", "usage": 0},
				{"appName": "Polar Beat", "usage": 0},
				{"appName": "밥대생", "usage": 0},
				{"appName": "카카오톡", "usage": 0},
				{"appName": "원터치알림", "usage": 0},
				{"appName": "Logger", "usage": 0},
				{"appName": "알람/시계", "usage": 0},
				{"appName": "Google Play 스토어", "usage": 0},
				{"appName": "T연락처", "usage": 0},
				{"appName": "시스템 UI", "usage": 0},
				{"appName": "Q메모+", "usage": 0},
				{"appName": "Google", "usage": 0},
				{"appName": "Android 시스템", "usage": 0},
				{"appName": "패키지 설치 프로그램", "usage": 0},
				{"appName": "통화 관리", "usage": 0}
			]
		},
		"lastPickup": {"time": 38}
	},
	{
		"date": 5,
		"totalTime": {
			"usage": 306,
			"details": [
				{"appName": "Chrome", "usage": 107},
				{"appName": "Facebook", "usage": 42},
				{"appName": "네이버 웹툰", "usage": 41},
				{"appName": "카카오톡", "usage": 30},
				{"appName": "기본홈", "usage": 16},
				{"appName": "Polar Beat", "usage": 13},
				{"appName": "Tower Color", "usage": 7},
				{"appName": "Instagram", "usage": 7},
				{"appName": "원터치알림", "usage": 7},
				{"appName": "T전화", "usage": 5},
				{"appName": "Google", "usage": 3},
				{"appName": "Paco", "usage": 3},
				{"appName": "카메라", "usage": 2},
				{"appName": "Melon", "usage": 1},
				{"appName": "갤러리", "usage": 1},
				{"appName": "Google Play 스토어", "usage": 1},
				{"appName": "캘린더", "usage": 0},
				{"appName": "음악", "usage": 0},
				{"appName": "Piazza", "usage": 0},
				{"appName": "알람/시계", "usage": 0},
				{"appName": "동영상", "usage": 0},
				{"appName": "접근성", "usage": 0},
				{"appName": "날씨", "usage": 0},
				{"appName": "Logger", "usage": 0},
				{"appName": "설정", "usage": 0},
				{"appName": "LG 헬스", "usage": 0},
				{"appName": "패키지 설치 프로그램", "usage": 0},
				{"appName": "시스템 UI", "usage": 0},
				{"appName": "Android 시스템", "usage": 0},
				{"appName": "Q메모+", "usage": 0},
				{"appName": "통화 관리", "usage": 0},
				{"appName": "Google 팟캐스트", "usage": 0}
			]
		},
		"pickups": {"usage": 104},
		"downTime": {
			"usage": [
				{"hour": "0", "usage": 0},
				{"hour": "1", "usage": 0},
				{"hour": "2", "usage": 0},
				{"hour": "3", "usage": 5},
				{"hour": "4", "usage": 29},
				{"hour": "5", "usage": 39},
				{"hour": "6", "usage": 43},
				{"hour": "7", "usage": 8},
				{"hour": "8", "usage": 0},
				{"hour": "9", "usage": 32},
				{"hour": "10", "usage": 7},
				{"hour": "11", "usage": 22},
				{"hour": "12", "usage": 5},
				{"hour": "13", "usage": 12},
				{"hour": "14", "usage": 36},
				{"hour": "15", "usage": 36},
				{"hour": "16", "usage": 10},
				{"hour": "17", "usage": 11},
				{"hour": "18", "usage": 1},
				{"hour": "19", "usage": 0}
			],
			"details": [
				{"appName": "기본홈", "usage": [0, 1, 2, 3, 4, 5, 6, 7, 9, 10, 11, 12, 13, 14, 15, 16, 17, 18]},
				{"appName": "Chrome", "usage": [3, 4, 5, 6, 7, 9, 10, 11, 13, 14, 15, 16, 17, 18]},
				{"appName": "카카오톡", "usage": [4, 5, 6, 7, 10, 13, 14, 15, 16, 17]},
				{"appName": "Paco", "usage": [3, 5, 6, 7, 9, 10, 11, 12]},
				{"appName": "Facebook", "usage": [4, 5, 6, 10, 11, 12, 13, 14]},
				{"appName": "네이버 웹툰", "usage": [5, 14, 15, 17]},
				{"appName": "패키지 설치 프로그램", "usage": [5, 9, 15]},
				{"appName": "카메라", "usage": [4, 5, 15]},
				{"appName": "접근성", "usage": [5, 9, 15]},
				{"appName": "알람/시계", "usage": [0, 1, 18]},
				{"appName": "시스템 UI", "usage": [5, 9, 17]},
				{"appName": "갤러리", "usage": [4, 5, 11]},
				{"appName": "Polar Beat", "usage": [5, 9, 15]},
				{"appName": "Logger", "usage": [5, 9, 15]},
				{"appName": "캘린더", "usage": [4, 10]},
				{"appName": "원터치알림", "usage": [4, 10]},
				{"appName": "설정", "usage": [9, 17]},
				{"appName": "동영상", "usage": [4, 5]},
				{"appName": "Instagram", "usage": [5, 14]},
				{"appName": "Google 팟캐스트", "usage": [16, 17]},
				{"appName": "Google Play 스토어", "usage": [5, 16]},
				{"appName": "Google", "usage": [16, 17]},
				{"appName": "Android 시스템", "usage": [4, 5]},
				{"appName": "통화 관리", "usage": [15]},
				{"appName": "음악", "usage": [17]},
				{"appName": "날씨", "usage": [10]},
				{"appName": "T전화", "usage": [15]},
				{"appName": "Tower Color", "usage": [5]},
				{"appName": "Q메모+", "usage": [11]},
				{"appName": "Piazza", "usage": [10]},
				{"appName": "Melon", "usage": [17]},
				{"appName": "LG 헬스", "usage": [10]}
			]
		},
		"maxTime": {
			"usage": 41,
			"details": [
				{"appName": "Chrome", "usage": 21},
				{"appName": "Facebook", "usage": 20},
				{"appName": "네이버 웹툰", "usage": 18},
				{"appName": "Polar Beat", "usage": 9},
				{"appName": "원터치알림", "usage": 7},
				{"appName": "카카오톡", "usage": 6},
				{"appName": "T전화", "usage": 5},
				{"appName": "기본홈", "usage": 4},
				{"appName": "Instagram", "usage": 3},
				{"appName": "Google", "usage": 1},
				{"appName": "Melon", "usage": 1},
				{"appName": "카메라", "usage": 1},
				{"appName": "Tower Color", "usage": 1},
				{"appName": "캘린더", "usage": 0},
				{"appName": "Google Play 스토어", "usage": 0},
				{"appName": "갤러리", "usage": 0},
				{"appName": "Paco", "usage": 0},
				{"appName": "Piazza", "usage": 0},
				{"appName": "날씨", "usage": 0},
				{"appName": "음악", "usage": 0},
				{"appName": "동영상", "usage": 0},
				{"appName": "접근성", "usage": 0},
				{"appName": "LG 헬스", "usage": 0},
				{"appName": "알람/시계", "usage": 0},
				{"appName": "설정", "usage": 0},
				{"appName": "패키지 설치 프로그램", "usage": 0},
				{"appName": "시스템 UI", "usage": 0},
				{"appName": "Q메모+", "usage": 0},
				{"appName": "Logger", "usage": 0},
				{"appName": "Android 시스템", "usage": 0},
				{"appName": "통화 관리", "usage": 0},
				{"appName": "Google 팟캐스트", "usage": 0}
			]
		},
		"avgTime": {
			"usage": 2,
			"details": [
				{"appName": "Chrome", "usage": 2},
				{"appName": "Facebook", "usage": 2},
				{"appName": "원터치알림", "usage": 1},
				{"appName": "Melon", "usage": 1},
				{"appName": "Polar Beat", "usage": 1},
				{"appName": "Google", "usage": 0},
				{"appName": "T전화", "usage": 0},
				{"appName": "네이버 웹툰", "usage": 0},
				{"appName": "Instagram", "usage": 0},
				{"appName": "카메라", "usage": 0},
				{"appName": "캘린더", "usage": 0},
				{"appName": "Tower Color", "usage": 0},
				{"appName": "날씨", "usage": 0},
				{"appName": "갤러리", "usage": 0},
				{"appName": "카카오톡", "usage": 0},
				{"appName": "LG 헬스", "usage": 0},
				{"appName": "Piazza", "usage": 0},
				{"appName": "기본홈", "usage": 0},
				{"appName": "Paco", "usage": 0},
				{"appName": "동영상", "usage": 0},
				{"appName": "접근성", "usage": 0},
				{"appName": "음악", "usage": 0},
				{"appName": "Google Play 스토어", "usage": 0},
				{"appName": "설정", "usage": 0},
				{"appName": "알람/시계", "usage": 0},
				{"appName": "Q메모+", "usage": 0},
				{"appName": "시스템 UI", "usage": 0},
				{"appName": "Android 시스템", "usage": 0},
				{"appName": "패키지 설치 프로그램", "usage": 0},
				{"appName": "Logger", "usage": 0},
				{"appName": "통화 관리", "usage": 0},
				{"appName": "Google 팟캐스트", "usage": 0}
			]
		},
		"lastPickup": {"time": 0}
	},
	{
		"date": 6,
		"totalTime": {
			"usage": 505,
			"details": [
				{"appName": "Chrome", "usage": 247},
				{"appName": "네이버 웹툰", "usage": 73},
				{"appName": "Facebook", "usage": 26},
				{"appName": "기본홈", "usage": 24},
				{"appName": "카카오톡", "usage": 10},
				{"appName": "Instagram", "usage": 9},
				{"appName": "T전화", "usage": 6},
				{"appName": "Paco", "usage": 4},
				{"appName": "알람/시계", "usage": 2},
				{"appName": "Free DS For Android 6", "usage": 2},
				{"appName": "ABC Logger", "usage": 1},
				{"appName": "Piazza", "usage": 1},
				{"appName": "밥대생", "usage": 1},
				{"appName": "메시지", "usage": 0},
				{"appName": "접근성", "usage": 0},
				{"appName": "드라이브", "usage": 0},
				{"appName": "Polar Beat", "usage": 0},
				{"appName": "Logger", "usage": 0},
				{"appName": "Wi-Fi", "usage": 0},
				{"appName": "Dropsync", "usage": 0},
				{"appName": "설정", "usage": 0},
				{"appName": "Q메모+", "usage": 0},
				{"appName": "시스템 UI", "usage": 0},
				{"appName": "파일 관리자", "usage": 0},
				{"appName": "원터치알림", "usage": 0},
				{"appName": "Google Play 서비스", "usage": 0},
				{"appName": "네트워크", "usage": 0},
				{"appName": "날씨", "usage": 0},
				{"appName": "Google", "usage": 0},
				{"appName": "패키지 설치 프로그램", "usage": 0},
				{"appName": "통화 서비스", "usage": 0}
			]
		},
		"pickups": {"usage": 116},
		"downTime": {
			"usage": [
				{"hour": "0", "usage": 1},
				{"hour": "1", "usage": 23},
				{"hour": "2", "usage": 7},
				{"hour": "3", "usage": 37},
				{"hour": "4", "usage": 13},
				{"hour": "5", "usage": 6},
				{"hour": "6", "usage": 49},
				{"hour": "7", "usage": 60},
				{"hour": "8", "usage": 36},
				{"hour": "9", "usage": 15},
				{"hour": "10", "usage": 6},
				{"hour": "11", "usage": 17},
				{"hour": "12", "usage": 9},
				{"hour": "13", "usage": 25},
				{"hour": "14", "usage": 22},
				{"hour": "15", "usage": 15},
				{"hour": "16", "usage": 8},
				{"hour": "17", "usage": 49},
				{"hour": "18", "usage": 46},
				{"hour": "19", "usage": 48},
				{"hour": "20", "usage": 4}
			],
			"details": [
				{"appName": "기본홈", "usage": [0, 1, 2, 3, 4, 5, 6, 7, 8, 9, 10, 11, 12, 13, 14, 15, 16, 17, 18, 19, 20]},
				{"appName": "Chrome", "usage": [1, 3, 4, 5, 6, 8, 9, 10, 11, 12, 13, 15, 16, 17, 18, 19]},
				{"appName": "Facebook", "usage": [1, 2, 4, 5, 6, 11, 12, 13, 14, 15, 16, 17, 19]},
				{"appName": "Paco", "usage": [1, 3, 4, 5, 6, 7, 8, 9, 10, 11, 12]},
				{"appName": "카카오톡", "usage": [1, 2, 4, 6, 14, 19]},
				{"appName": "네이버 웹툰", "usage": [3, 4, 8, 14, 19, 20]},
				{"appName": "Instagram", "usage": [2, 4, 6, 13, 14, 19]},
				{"appName": "알람/시계", "usage": [0, 1, 5, 6, 19]},
				{"appName": "접근성", "usage": [1, 10, 11, 14]},
				{"appName": "Logger", "usage": [1, 10, 11, 14]},
				{"appName": "패키지 설치 프로그램", "usage": [1, 10, 11]},
				{"appName": "원터치알림", "usage": [3, 5, 9]},
				{"appName": "ABC Logger", "usage": [6, 7, 8]},
				{"appName": "시스템 UI", "usage": [6, 19]},
				{"appName": "메시지", "usage": [1, 6]},
				{"appName": "T전화", "usage": [3, 15]},
				{"appName": "Q메모+", "usage": [1, 7]},
				{"appName": "Polar Beat", "usage": [1, 14]},
				{"appName": "Google Play 서비스", "usage": [1, 19]},
				{"appName": "Google", "usage": [1, 2]},
				{"appName": "파일 관리자", "usage": [6]},
				{"appName": "통화 서비스", "usage": [3]},
				{"appName": "설정", "usage": [3]},
				{"appName": "밥대생", "usage": [2]},
				{"appName": "드라이브", "usage": [6]},
				{"appName": "네트워크", "usage": [3]},
				{"appName": "날씨", "usage": [1]},
				{"appName": "Wi-Fi", "usage": [3]},
				{"appName": "Piazza", "usage": [1]},
				{"appName": "Free DS For Android 6", "usage": [19]},
				{"appName": "Dropsync", "usage": [6]}
			]
		},
		"maxTime": {
			"usage": 128,
			"details": [
				{"appName": "Chrome", "usage": 35},
				{"appName": "네이버 웹툰", "usage": 11},
				{"appName": "기본홈", "usage": 9},
				{"appName": "T전화", "usage": 6},
				{"appName": "Instagram", "usage": 5},
				{"appName": "Facebook", "usage": 3},
				{"appName": "카카오톡", "usage": 1},
				{"appName": "Free DS For Android 6", "usage": 1},
				{"appName": "밥대생", "usage": 1},
				{"appName": "알람/시계", "usage": 1},
				{"appName": "드라이브", "usage": 0},
				{"appName": "ABC Logger", "usage": 0},
				{"appName": "Piazza", "usage": 0},
				{"appName": "Paco", "usage": 0},
				{"appName": "Polar Beat", "usage": 0},
				{"appName": "접근성", "usage": 0},
				{"appName": "Wi-Fi", "usage": 0},
				{"appName": "메시지", "usage": 0},
				{"appName": "Dropsync", "usage": 0},
				{"appName": "Logger", "usage": 0},
				{"appName": "Q메모+", "usage": 0},
				{"appName": "설정", "usage": 0},
				{"appName": "파일 관리자", "usage": 0},
				{"appName": "원터치알림", "usage": 0},
				{"appName": "네트워크", "usage": 0},
				{"appName": "시스템 UI", "usage": 0},
				{"appName": "Google Play 서비스", "usage": 0},
				{"appName": "날씨", "usage": 0},
				{"appName": "Google", "usage": 0},
				{"appName": "패키지 설치 프로그램", "usage": 0},
				{"appName": "통화 서비스", "usage": 0}
			]
		},
		"avgTime": {
			"usage": 4,
			"details": [
				{"appName": "Chrome", "usage": 4},
				{"appName": "T전화", "usage": 2},
				{"appName": "드라이브", "usage": 0},
				{"appName": "Facebook", "usage": 0},
				{"appName": "Instagram", "usage": 0},
				{"appName": "네이버 웹툰", "usage": 0},
				{"appName": "밥대생", "usage": 0},
				{"appName": "Free DS For Android 6", "usage": 0},
				{"appName": "ABC Logger", "usage": 0},
				{"appName": "접근성", "usage": 0},
				{"appName": "기본홈", "usage": 0},
				{"appName": "Wi-Fi", "usage": 0},
				{"appName": "Dropsync", "usage": 0},
				{"appName": "Polar Beat", "usage": 0},
				{"appName": "메시지", "usage": 0},
				{"appName": "Paco", "usage": 0},
				{"appName": "Piazza", "usage": 0},
				{"appName": "카카오톡", "usage": 0},
				{"appName": "파일 관리자", "usage": 0},
				{"appName": "알람/시계", "usage": 0},
				{"appName": "Q메모+", "usage": 0},
				{"appName": "설정", "usage": 0},
				{"appName": "Google Play 서비스", "usage": 0},
				{"appName": "Logger", "usage": 0},
				{"appName": "네트워크", "usage": 0},
				{"appName": "시스템 UI", "usage": 0},
				{"appName": "날씨", "usage": 0},
				{"appName": "원터치알림", "usage": 0},
				{"appName": "Google", "usage": 0},
				{"appName": "패키지 설치 프로그램", "usage": 0},
				{"appName": "통화 서비스", "usage": 0}
			]
		},
		"lastPickup": {"time": 50}
	},
	{
		"date": 7,
		"totalTime": {
			"usage": 825,
			"details": [
				{"appName": "Chrome", "usage": 695},
				{"appName": "카카오톡", "usage": 50},
				{"appName": "기본홈", "usage": 27},
				{"appName": "T전화", "usage": 27},
				{"appName": "Facebook", "usage": 10},
				{"appName": "Paco", "usage": 3},
				{"appName": "Instagram", "usage": 2},
				{"appName": "갤러리", "usage": 1},
				{"appName": "Polar Beat", "usage": 1},
				{"appName": "카메라", "usage": 0},
				{"appName": "CJ ONE", "usage": 0},
				{"appName": "토스", "usage": 0},
				{"appName": "시스템 UI", "usage": 0},
				{"appName": "Logger", "usage": 0},
				{"appName": "ABC Logger", "usage": 0},
				{"appName": "접근성", "usage": 0},
				{"appName": "알람/시계", "usage": 0},
				{"appName": "캘린더", "usage": 0},
				{"appName": "Google", "usage": 0},
				{"appName": "원터치알림", "usage": 0},
				{"appName": "Android 시스템", "usage": 0},
				{"appName": "패키지 설치 프로그램", "usage": 0},
				{"appName": "메시지", "usage": 0},
				{"appName": "통화 관리", "usage": 0}
			]
		},
		"pickups": {"usage": 201},
		"downTime": {
			"usage": [
				{"hour": "2", "usage": 20},
				{"hour": "3", "usage": 5},
				{"hour": "4", "usage": 0},
				{"hour": "5", "usage": 22},
				{"hour": "6", "usage": 52},
				{"hour": "7", "usage": 12},
				{"hour": "8", "usage": 34},
				{"hour": "9", "usage": 10},
				{"hour": "10", "usage": 17},
				{"hour": "11", "usage": 6},
				{"hour": "12", "usage": 10},
				{"hour": "13", "usage": 3}
			],
			"details": [
				{"appName": "기본홈", "usage": [2, 3, 4, 5, 6, 7, 8, 9, 10, 11, 12, 13]},
				{"appName": "카카오톡", "usage": [2, 3, 5, 6, 7, 8, 9, 10, 11, 12, 13]},
				{"appName": "Chrome", "usage": [2, 3, 4, 5, 7, 8, 9, 11, 12, 13]},
				{"appName": "Paco", "usage": [3, 4, 6, 7, 9, 11, 12]},
				{"appName": "Facebook", "usage": [2, 5, 6, 7, 8, 10]},
				{"appName": "T전화", "usage": [6, 7, 9, 11, 12]},
				{"appName": "Polar Beat", "usage": [2, 5, 11, 12, 13]},
				{"appName": "시스템 UI", "usage": [3, 6, 12, 13]},
				{"appName": "갤러리", "usage": [5, 8, 9, 10]},
				{"appName": "Logger", "usage": [2, 6, 7, 13]},
				{"appName": "Instagram", "usage": [3, 6, 7, 8]},
				{"appName": "패키지 설치 프로그램", "usage": [2, 6, 7]},
				{"appName": "접근성", "usage": [2, 6, 13]},
				{"appName": "Google", "usage": [3, 9, 10]},
				{"appName": "ABC Logger", "usage": [2, 6, 7]},
				{"appName": "원터치알림", "usage": [3, 12]},
				{"appName": "통화 관리", "usage": [11]},
				{"appName": "토스", "usage": [12]},
				{"appName": "캘린더", "usage": [12]},
				{"appName": "카메라", "usage": [8]},
				{"appName": "알람/시계", "usage": [2]},
				{"appName": "메시지", "usage": [8]},
				{"appName": "CJ ONE", "usage": [5]},
				{"appName": "Android 시스템", "usage": [5]}
			]
		},
		"maxTime": {
			"usage": 628,
			"details": [
				{"appName": "Chrome", "usage": 647},
				{"appName": "카카오톡", "usage": 22},
				{"appName": "기본홈", "usage": 10},
				{"appName": "T전화", "usage": 8},
				{"appName": "Instagram", "usage": 1},
				{"appName": "Facebook", "usage": 1},
				{"appName": "갤러리", "usage": 0},
				{"appName": "카메라", "usage": 0},
				{"appName": "Polar Beat", "usage": 0},
				{"appName": "Paco", "usage": 0},
				{"appName": "CJ ONE", "usage": 0},
				{"appName": "캘린더", "usage": 0},
				{"appName": "시스템 UI", "usage": 0},
				{"appName": "토스", "usage": 0},
				{"appName": "알람/시계", "usage": 0},
				{"appName": "ABC Logger", "usage": 0},
				{"appName": "접근성", "usage": 0},
				{"appName": "원터치알림", "usage": 0},
				{"appName": "Android 시스템", "usage": 0},
				{"appName": "Logger", "usage": 0},
				{"appName": "Google", "usage": 0},
				{"appName": "패키지 설치 프로그램", "usage": 0},
				{"appName": "메시지", "usage": 0},
				{"appName": "통화 관리", "usage": 0}
			]
		},
		"avgTime": {
			"usage": 4,
			"details": [
				{"appName": "Chrome", "usage": 24},
				{"appName": "T전화", "usage": 1},
				{"appName": "갤러리", "usage": 0},
				{"appName": "Facebook", "usage": 0},
				{"appName": "Instagram", "usage": 0},
				{"appName": "카메라", "usage": 0},
				{"appName": "CJ ONE", "usage": 0},
				{"appName": "캘린더", "usage": 0},
				{"appName": "기본홈", "usage": 0},
				{"appName": "카카오톡", "usage": 0},
				{"appName": "Paco", "usage": 0},
				{"appName": "Polar Beat", "usage": 0},
				{"appName": "접근성", "usage": 0},
				{"appName": "Android 시스템", "usage": 0},
				{"appName": "시스템 UI", "usage": 0},
				{"appName": "토스", "usage": 0},
				{"appName": "ABC Logger", "usage": 0},
				{"appName": "원터치알림", "usage": 0},
				{"appName": "알람/시계", "usage": 0},
				{"appName": "Logger", "usage": 0},
				{"appName": "Google", "usage": 0},
				{"appName": "패키지 설치 프로그램", "usage": 0},
				{"appName": "메시지", "usage": 0},
				{"appName": "통화 관리", "usage": 0}
			]
		},
		"lastPickup": {"time": 628}
	}
]
