[
	{
		"date": 1,
		"totalTime": {
			"usage": 224,
			"details": [
				{"appName": "YouTube", "usage": 111},
				{"appName": "카카오톡", "usage": 20},
				{"appName": "Polar Beat", "usage": 16},
				{"appName": "원더락", "usage": 15},
				{"appName": "Facebook", "usage": 14},
				{"appName": "Paco", "usage": 8},
				{"appName": "기본홈", "usage": 7},
				{"appName": "갤러리", "usage": 5},
				{"appName": "시외버스 모바일", "usage": 4},
				{"appName": "카카오뱅크", "usage": 3},
				{"appName": "캔디카메라", "usage": 3},
				{"appName": "Instagram", "usage": 2},
				{"appName": "우리카드", "usage": 1},
				{"appName": "음악", "usage": 0},
				{"appName": "Chrome", "usage": 0},
				{"appName": "Foodie", "usage": 0},
				{"appName": "알람/시계", "usage": 0},
				{"appName": "시스템 UI", "usage": 0},
				{"appName": "날씨", "usage": 0},
				{"appName": "Logger", "usage": 0},
				{"appName": "11번가", "usage": 0},
				{"appName": "Wi-Fi", "usage": 0},
				{"appName": "카메라", "usage": 0},
				{"appName": "접근성", "usage": 0},
				{"appName": "CJ ONE", "usage": 0},
				{"appName": "Microsoft Band", "usage": 0},
				{"appName": "미디어 저장소", "usage": 0},
				{"appName": "패키지 설치 프로그램", "usage": 0},
				{"appName": "현대해상", "usage": 0}
			]
		},
		"pickups": {"usage": 91},
		"downTime": {
			"usage": [
				{"hour": "0", "usage": 11},
				{"hour": "1", "usage": 0},
				{"hour": "2", "usage": 23},
				{"hour": "3", "usage": 0},
				{"hour": "4", "usage": 3},
				{"hour": "5", "usage": 2},
				{"hour": "6", "usage": 1},
				{"hour": "7", "usage": 1},
				{"hour": "8", "usage": 2},
				{"hour": "9", "usage": 7},
				{"hour": "10", "usage": 2},
				{"hour": "11", "usage": 4},
				{"hour": "12", "usage": 4},
				{"hour": "13", "usage": 32},
				{"hour": "14", "usage": 60},
				{"hour": "15", "usage": 7},
				{"hour": "16", "usage": 11},
				{"hour": "17", "usage": 2},
				{"hour": "22", "usage": 2},
				{"hour": "23", "usage": 39}
			],
			"details": [
				{"appName": "원더락", "usage": [0, 1, 2, 3, 4, 5, 6, 7, 8, 9, 10, 11, 12, 13, 14, 15, 16, 17, 18, 22, 23]},
				{"appName": "기본홈", "usage": [0, 2, 3, 5, 6, 7, 9, 10, 11, 12, 13, 14, 15, 16, 17, 22, 23]},
				{"appName": "Polar Beat", "usage": [0, 1, 2, 5, 6, 7, 10, 11, 12, 13, 15, 23]},
				{"appName": "카카오톡", "usage": [2, 6, 8, 9, 11, 13, 14, 16, 17, 23]},
				{"appName": "시스템 UI", "usage": [0, 2, 6, 7, 11, 13, 15, 16, 23]},
				{"appName": "Paco", "usage": [0, 2, 3, 4, 6, 11, 15, 23]},
				{"appName": "YouTube", "usage": [13, 14, 22, 23]},
				{"appName": "패키지 설치 프로그램", "usage": [11, 15, 23]},
				{"appName": "접근성", "usage": [0, 15, 23]},
				{"appName": "갤러리", "usage": [9, 10, 12]},
				{"appName": "Logger", "usage": [11, 15, 23]},
				{"appName": "캔디카메라", "usage": [2, 13]},
				{"appName": "음악", "usage": [2, 23]},
				{"appName": "우리카드", "usage": [0, 4]},
				{"appName": "시외버스 모바일", "usage": [2, 5]},
				{"appName": "Facebook", "usage": [0, 2]},
				{"appName": "현대해상", "usage": [3]},
				{"appName": "카카오뱅크", "usage": [16]},
				{"appName": "카메라", "usage": [12]},
				{"appName": "알람/시계", "usage": [22]},
				{"appName": "미디어 저장소", "usage": [15]},
				{"appName": "날씨", "usage": [16]},
				{"appName": "Wi-Fi", "usage": [13]},
				{"appName": "Microsoft Band", "usage": [11]},
				{"appName": "Instagram", "usage": [2]},
				{"appName": "Foodie", "usage": [10]},
				{"appName": "Chrome", "usage": [12]},
				{"appName": "CJ ONE", "usage": [2]},
				{"appName": "11번가", "usage": [0]}
			]
		},
		"maxTime": {
			"usage": 83,
			"details": [
				{"appName": "YouTube", "usage": 38},
				{"appName": "Facebook", "usage": 8},
				{"appName": "카카오톡", "usage": 3},
				{"appName": "캔디카메라", "usage": 3},
				{"appName": "Instagram", "usage": 2},
				{"appName": "갤러리", "usage": 2},
				{"appName": "원더락", "usage": 2},
				{"appName": "Polar Beat", "usage": 2},
				{"appName": "카카오뱅크", "usage": 1},
				{"appName": "Paco", "usage": 1},
				{"appName": "기본홈", "usage": 0},
				{"appName": "Chrome", "usage": 0},
				{"appName": "Foodie", "usage": 0},
				{"appName": "알람/시계", "usage": 0},
				{"appName": "음악", "usage": 0},
				{"appName": "날씨", "usage": 0},
				{"appName": "시외버스 모바일", "usage": 0},
				{"appName": "우리카드", "usage": 0},
				{"appName": "Wi-Fi", "usage": 0},
				{"appName": "11번가", "usage": 0},
				{"appName": "Logger", "usage": 0},
				{"appName": "접근성", "usage": 0},
				{"appName": "카메라", "usage": 0},
				{"appName": "Microsoft Band", "usage": 0},
				{"appName": "미디어 저장소", "usage": 0},
				{"appName": "CJ ONE", "usage": 0},
				{"appName": "시스템 UI", "usage": 0},
				{"appName": "패키지 설치 프로그램", "usage": 0},
				{"appName": "현대해상", "usage": 0}
			]
		},
		"avgTime": {
			"usage": 2,
			"details": [
				{"appName": "YouTube", "usage": 18},
				{"appName": "Instagram", "usage": 2},
				{"appName": "Facebook", "usage": 1},
				{"appName": "Chrome", "usage": 0},
				{"appName": "갤러리", "usage": 0},
				{"appName": "Foodie", "usage": 0},
				{"appName": "날씨", "usage": 0},
				{"appName": "Wi-Fi", "usage": 0},
				{"appName": "Polar Beat", "usage": 0},
				{"appName": "캔디카메라", "usage": 0},
				{"appName": "음악", "usage": 0},
				{"appName": "Paco", "usage": 0},
				{"appName": "우리카드", "usage": 0},
				{"appName": "11번가", "usage": 0},
				{"appName": "카카오뱅크", "usage": 0},
				{"appName": "알람/시계", "usage": 0},
				{"appName": "시외버스 모바일", "usage": 0},
				{"appName": "접근성", "usage": 0},
				{"appName": "카카오톡", "usage": 0},
				{"appName": "기본홈", "usage": 0},
				{"appName": "미디어 저장소", "usage": 0},
				{"appName": "카메라", "usage": 0},
				{"appName": "Microsoft Band", "usage": 0},
				{"appName": "원더락", "usage": 0},
				{"appName": "Logger", "usage": 0},
				{"appName": "CJ ONE", "usage": 0},
				{"appName": "시스템 UI", "usage": 0},
				{"appName": "패키지 설치 프로그램", "usage": 0},
				{"appName": "현대해상", "usage": 0}
			]
		},
		"lastPickup": {"time": 0}
	},
	{
		"date": 2,
		"totalTime": {
			"usage": 371,
			"details": [
				{"appName": "YouTube", "usage": 224},
				{"appName": "Facebook", "usage": 55},
				{"appName": "Chrome", "usage": 30},
				{"appName": "원더락", "usage": 19},
				{"appName": "T전화", "usage": 15},
				{"appName": "Polar Beat", "usage": 7},
				{"appName": "카카오톡", "usage": 4},
				{"appName": "Paco", "usage": 3},
				{"appName": "기본홈", "usage": 2},
				{"appName": "OneDrive", "usage": 2},
				{"appName": "알람/시계", "usage": 1},
				{"appName": "카메라", "usage": 0},
				{"appName": "접근성", "usage": 0},
				{"appName": "갤러리", "usage": 0},
				{"appName": "시스템 UI", "usage": 0},
				{"appName": "음악", "usage": 0},
				{"appName": "Wi-Fi", "usage": 0},
				{"appName": "캔디카메라", "usage": 0},
				{"appName": "Logger", "usage": 0},
				{"appName": "패키지 설치 프로그램", "usage": 0},
				{"appName": "통화 관리", "usage": 0}
			]
		},
		"pickups": {"usage": 80},
		"downTime": {
			"usage": [
				{"hour": "1", "usage": 23},
				{"hour": "2", "usage": 19},
				{"hour": "3", "usage": 6},
				{"hour": "4", "usage": 4},
				{"hour": "5", "usage": 9},
				{"hour": "6", "usage": 12},
				{"hour": "7", "usage": 8},
				{"hour": "9", "usage": 13},
				{"hour": "10", "usage": 18},
				{"hour": "11", "usage": 6},
				{"hour": "12", "usage": 44},
				{"hour": "13", "usage": 3},
				{"hour": "14", "usage": 4},
				{"hour": "15", "usage": 0},
				{"hour": "18", "usage": 30},
				{"hour": "19", "usage": 60},
				{"hour": "20", "usage": 60},
				{"hour": "21", "usage": 12},
				{"hour": "22", "usage": 1},
				{"hour": "23", "usage": 31}
			],
			"details": [
				{"appName": "원더락", "usage": [1, 2, 3, 4, 5, 6, 7, 9, 10, 11, 12, 13, 14, 15, 18, 21, 22, 23]},
				{"appName": "기본홈", "usage": [1, 2, 3, 4, 5, 6, 7, 9, 10, 11, 12, 14, 18, 23]},
				{"appName": "카카오톡", "usage": [1, 4, 5, 6, 7, 13, 14, 15]},
				{"appName": "Facebook", "usage": [1, 2, 3, 5, 6, 7, 9, 10]},
				{"appName": "Polar Beat", "usage": [1, 2, 5, 10, 11, 12, 23]},
				{"appName": "시스템 UI", "usage": [1, 2, 3, 6, 9, 10]},
				{"appName": "YouTube", "usage": [12, 18, 19, 20, 21, 23]},
				{"appName": "Paco", "usage": [2, 3, 4, 10, 12]},
				{"appName": "Chrome", "usage": [1, 2, 5, 9, 14]},
				{"appName": "T전화", "usage": [5, 11, 12]},
				{"appName": "패키지 설치 프로그램", "usage": [12, 23]},
				{"appName": "카메라", "usage": [1, 2]},
				{"appName": "알람/시계", "usage": [22, 23]},
				{"appName": "통화 관리", "usage": [11]},
				{"appName": "캔디카메라", "usage": [12]},
				{"appName": "접근성", "usage": [23]},
				{"appName": "음악", "usage": [10]},
				{"appName": "갤러리", "usage": [2]},
				{"appName": "Wi-Fi", "usage": [10]},
				{"appName": "OneDrive", "usage": [10]},
				{"appName": "Logger", "usage": [23]}
			]
		},
		"maxTime": {
			"usage": 162,
			"details": [
				{"appName": "YouTube", "usage": 162},
				{"appName": "T전화", "usage": 14},
				{"appName": "Facebook", "usage": 13},
				{"appName": "Chrome", "usage": 7},
				{"appName": "Polar Beat", "usage": 3},
				{"appName": "원더락", "usage": 3},
				{"appName": "알람/시계", "usage": 0},
				{"appName": "접근성", "usage": 0},
				{"appName": "카메라", "usage": 0},
				{"appName": "갤러리", "usage": 0},
				{"appName": "OneDrive", "usage": 0},
				{"appName": "Paco", "usage": 0},
				{"appName": "카카오톡", "usage": 0},
				{"appName": "기본홈", "usage": 0},
				{"appName": "Wi-Fi", "usage": 0},
				{"appName": "음악", "usage": 0},
				{"appName": "시스템 UI", "usage": 0},
				{"appName": "캔디카메라", "usage": 0},
				{"appName": "Logger", "usage": 0},
				{"appName": "패키지 설치 프로그램", "usage": 0},
				{"appName": "통화 관리", "usage": 0}
			]
		},
		"avgTime": {
			"usage": 4,
			"details": [
				{"appName": "YouTube", "usage": 44},
				{"appName": "Chrome", "usage": 2},
				{"appName": "T전화", "usage": 2},
				{"appName": "Facebook", "usage": 1},
				{"appName": "접근성", "usage": 0},
				{"appName": "갤러리", "usage": 0},
				{"appName": "Polar Beat", "usage": 0},
				{"appName": "카메라", "usage": 0},
				{"appName": "Wi-Fi", "usage": 0},
				{"appName": "Paco", "usage": 0},
				{"appName": "알람/시계", "usage": 0},
				{"appName": "원더락", "usage": 0},
				{"appName": "OneDrive", "usage": 0},
				{"appName": "음악", "usage": 0},
				{"appName": "카카오톡", "usage": 0},
				{"appName": "기본홈", "usage": 0},
				{"appName": "시스템 UI", "usage": 0},
				{"appName": "캔디카메라", "usage": 0},
				{"appName": "Logger", "usage": 0},
				{"appName": "패키지 설치 프로그램", "usage": 0},
				{"appName": "통화 관리", "usage": 0}
			]
		},
		"lastPickup": {"time": 0}
	},
	{
		"date": 3,
		"totalTime": {
			"usage": 259,
			"details": [
				{"appName": "YouTube", "usage": 143},
				{"appName": "Facebook", "usage": 41},
				{"appName": "Instagram", "usage": 23},
				{"appName": "원더락", "usage": 9},
				{"appName": "기본홈", "usage": 6},
				{"appName": "나만의 실험실", "usage": 6},
				{"appName": "시외버스 모바일", "usage": 5},
				{"appName": "카카오톡", "usage": 5},
				{"appName": "Paco", "usage": 4},
				{"appName": "Polar Beat", "usage": 3},
				{"appName": "갤러리", "usage": 2},
				{"appName": "Logger", "usage": 1},
				{"appName": "Dropsync", "usage": 1},
				{"appName": "T 가드", "usage": 1},
				{"appName": "시스템 UI", "usage": 0},
				{"appName": "접근성", "usage": 0},
				{"appName": "T전화", "usage": 0},
				{"appName": "알람/시계", "usage": 0},
				{"appName": "설정", "usage": 0},
				{"appName": "음악", "usage": 0},
				{"appName": "T 안심", "usage": 0},
				{"appName": "패키지 설치 프로그램", "usage": 0},
				{"appName": "현대해상", "usage": 0},
				{"appName": "우리카드", "usage": 0}
			]
		},
		"pickups": {"usage": 76},
		"downTime": {
			"usage": [
				{"hour": "0", "usage": 16},
				{"hour": "1", "usage": 10},
				{"hour": "2", "usage": 0},
				{"hour": "3", "usage": 3},
				{"hour": "4", "usage": 14},
				{"hour": "6", "usage": 13},
				{"hour": "7", "usage": 7},
				{"hour": "9", "usage": 17},
				{"hour": "10", "usage": 14},
				{"hour": "11", "usage": 26},
				{"hour": "12", "usage": 1},
				{"hour": "13", "usage": 34},
				{"hour": "14", "usage": 2},
				{"hour": "15", "usage": 11}
			],
			"details": [
				{"appName": "원더락", "usage": [0, 1, 2, 3, 4, 6, 7, 9, 10, 11, 12, 13, 14, 15, 18, 22]},
				{"appName": "기본홈", "usage": [0, 1, 3, 4, 6, 7, 9, 10, 11, 12, 13, 14, 15, 22]},
				{"appName": "시스템 UI", "usage": [0, 1, 3, 4, 6, 7, 10, 11, 12, 13, 15]},
				{"appName": "Facebook", "usage": [0, 1, 4, 6, 7, 9, 10, 15, 22]},
				{"appName": "카카오톡", "usage": [0, 3, 4, 6, 10, 12, 14, 15]},
				{"appName": "Paco", "usage": [1, 4, 6, 7, 9, 10, 11, 12]},
				{"appName": "패키지 설치 프로그램", "usage": [0, 1, 10, 11, 13]},
				{"appName": "접근성", "usage": [0, 1, 3, 11, 13]},
				{"appName": "Polar Beat", "usage": [1, 4, 7, 10, 15]},
				{"appName": "Logger", "usage": [0, 1, 10, 11, 13]},
				{"appName": "YouTube", "usage": [11, 12, 13, 22]},
				{"appName": "시외버스 모바일", "usage": [6, 9, 10]},
				{"appName": "Instagram", "usage": [0, 4, 9]},
				{"appName": "알람/시계", "usage": [14, 22]},
				{"appName": "T전화", "usage": [0, 3]},
				{"appName": "현대해상", "usage": [18]},
				{"appName": "음악", "usage": [10]},
				{"appName": "우리카드", "usage": [15]},
				{"appName": "설정", "usage": [4]},
				{"appName": "나만의 실험실", "usage": [4]},
				{"appName": "갤러리", "usage": [0]},
				{"appName": "T 안심", "usage": [4]},
				{"appName": "T 가드", "usage": [4]},
				{"appName": "Dropsync", "usage": [1]}
			]
		},
		"maxTime": {
			"usage": 85,
			"details": [
				{"appName": "YouTube", "usage": 85},
				{"appName": "Instagram", "usage": 9},
				{"appName": "Facebook", "usage": 7},
				{"appName": "시외버스 모바일", "usage": 2},
				{"appName": "갤러리", "usage": 1},
				{"appName": "기본홈", "usage": 1},
				{"appName": "Dropsync", "usage": 1},
				{"appName": "나만의 실험실", "usage": 1},
				{"appName": "원더락", "usage": 0},
				{"appName": "Logger", "usage": 0},
				{"appName": "카카오톡", "usage": 0},
				{"appName": "T 가드", "usage": 0},
				{"appName": "Polar Beat", "usage": 0},
				{"appName": "Paco", "usage": 0},
				{"appName": "T전화", "usage": 0},
				{"appName": "알람/시계", "usage": 0},
				{"appName": "접근성", "usage": 0},
				{"appName": "음악", "usage": 0},
				{"appName": "시스템 UI", "usage": 0},
				{"appName": "설정", "usage": 0},
				{"appName": "T 안심", "usage": 0},
				{"appName": "패키지 설치 프로그램", "usage": 0},
				{"appName": "현대해상", "usage": 0},
				{"appName": "우리카드", "usage": 0}
			]
		},
		"avgTime": {
			"usage": 3,
			"details": [
				{"appName": "YouTube", "usage": 23},
				{"appName": "Instagram", "usage": 2},
				{"appName": "Facebook", "usage": 1},
				{"appName": "갤러리", "usage": 1},
				{"appName": "Dropsync", "usage": 0},
				{"appName": "Polar Beat", "usage": 0},
				{"appName": "음악", "usage": 0},
				{"appName": "시외버스 모바일", "usage": 0},
				{"appName": "Paco", "usage": 0},
				{"appName": "나만의 실험실", "usage": 0},
				{"appName": "Logger", "usage": 0},
				{"appName": "접근성", "usage": 0},
				{"appName": "기본홈", "usage": 0},
				{"appName": "T 가드", "usage": 0},
				{"appName": "T전화", "usage": 0},
				{"appName": "알람/시계", "usage": 0},
				{"appName": "설정", "usage": 0},
				{"appName": "원더락", "usage": 0},
				{"appName": "카카오톡", "usage": 0},
				{"appName": "시스템 UI", "usage": 0},
				{"appName": "T 안심", "usage": 0},
				{"appName": "패키지 설치 프로그램", "usage": 0},
				{"appName": "현대해상", "usage": 0},
				{"appName": "우리카드", "usage": 0}
			]
		},
		"lastPickup": {"time": 85}
	},
	{
		"date": 4,
		"totalTime": {
			"usage": 237,
			"details": [
				{"appName": "Facebook", "usage": 108},
				{"appName": "YouTube", "usage": 29},
				{"appName": "Instagram", "usage": 17},
				{"appName": "원더락", "usage": 16},
				{"appName": "카카오톡", "usage": 13},
				{"appName": "T전화", "usage": 11},
				{"appName": "기본홈", "usage": 7},
				{"appName": "Chrome", "usage": 7},
				{"appName": "나만의 실험실", "usage": 6},
				{"appName": "Polar Beat", "usage": 4},
				{"appName": "Paco", "usage": 3},
				{"appName": "시외버스 모바일", "usage": 2},
				{"appName": "Foodie", "usage": 2},
				{"appName": "Wi-Fi", "usage": 1},
				{"appName": "카카오버스", "usage": 0},
				{"appName": "시스템 UI", "usage": 0},
				{"appName": "지도", "usage": 0},
				{"appName": "CJ ONE", "usage": 0},
				{"appName": "음악", "usage": 0},
				{"appName": "접근성", "usage": 0},
				{"appName": "Logger", "usage": 0},
				{"appName": "통화 관리", "usage": 0},
				{"appName": "Android 시스템", "usage": 0},
				{"appName": "패키지 설치 프로그램", "usage": 0}
			]
		},
		"pickups": {"usage": 92},
		"downTime": {
			"usage": [
				{"hour": "0", "usage": 37},
				{"hour": "2", "usage": 10},
				{"hour": "3", "usage": 39},
				{"hour": "4", "usage": 23},
				{"hour": "5", "usage": 7},
				{"hour": "7", "usage": 13},
				{"hour": "8", "usage": 31},
				{"hour": "9", "usage": 17},
				{"hour": "10", "usage": 5},
				{"hour": "11", "usage": 4},
				{"hour": "12", "usage": 7},
				{"hour": "13", "usage": 19},
				{"hour": "14", "usage": 12},
				{"hour": "23", "usage": 7}
			],
			"details": [
				{"appName": "원더락", "usage": [0, 2, 3, 4, 5, 7, 8, 9, 10, 11, 12, 13, 14, 23]},
				{"appName": "기본홈", "usage": [0, 2, 3, 5, 7, 8, 9, 10, 11, 12, 13, 14, 23]},
				{"appName": "카카오톡", "usage": [2, 3, 5, 7, 8, 9, 10, 11, 12, 13, 14, 23]},
				{"appName": "Facebook", "usage": [0, 3, 4, 7, 8, 9, 11, 12, 13, 14, 23]},
				{"appName": "시스템 UI", "usage": [0, 2, 3, 8, 9, 10, 11, 12, 14, 23]},
				{"appName": "Paco", "usage": [0, 3, 4, 7, 8, 9, 10, 23]},
				{"appName": "T전화", "usage": [2, 7, 8, 9, 10, 12, 14]},
				{"appName": "Polar Beat", "usage": [0, 3, 4, 5, 8]},
				{"appName": "통화 관리", "usage": [7, 8, 9, 12]},
				{"appName": "Instagram", "usage": [7, 8, 9, 13]},
				{"appName": "Chrome", "usage": [0, 5, 9, 10]},
				{"appName": "Foodie", "usage": [5, 11, 14]},
				{"appName": "패키지 설치 프로그램", "usage": [0, 9]},
				{"appName": "접근성", "usage": [0, 9]},
				{"appName": "음악", "usage": [2, 3]},
				{"appName": "Logger", "usage": [0, 9]},
				{"appName": "Android 시스템", "usage": [9, 12]},
				{"appName": "카카오버스", "usage": [2]},
				{"appName": "지도", "usage": [12]},
				{"appName": "시외버스 모바일", "usage": [2]},
				{"appName": "나만의 실험실", "usage": [3]},
				{"appName": "YouTube", "usage": [0]},
				{"appName": "Wi-Fi", "usage": [9]},
				{"appName": "CJ ONE", "usage": [0]}
			]
		},
		"maxTime": {
			"usage": 42,
			"details": [
				{"appName": "YouTube", "usage": 23},
				{"appName": "Facebook", "usage": 22},
				{"appName": "Instagram", "usage": 10},
				{"appName": "T전화", "usage": 2},
				{"appName": "Chrome", "usage": 2},
				{"appName": "기본홈", "usage": 1},
				{"appName": "Wi-Fi", "usage": 1},
				{"appName": "카카오톡", "usage": 1},
				{"appName": "Foodie", "usage": 1},
				{"appName": "나만의 실험실", "usage": 1},
				{"appName": "원더락", "usage": 1},
				{"appName": "Polar Beat", "usage": 1},
				{"appName": "지도", "usage": 0},
				{"appName": "시외버스 모바일", "usage": 0},
				{"appName": "카카오버스", "usage": 0},
				{"appName": "CJ ONE", "usage": 0},
				{"appName": "Paco", "usage": 0},
				{"appName": "음악", "usage": 0},
				{"appName": "시스템 UI", "usage": 0},
				{"appName": "접근성", "usage": 0},
				{"appName": "Logger", "usage": 0},
				{"appName": "Android 시스템", "usage": 0},
				{"appName": "패키지 설치 프로그램", "usage": 0},
				{"appName": "통화 관리", "usage": 0}
			]
		},
		"avgTime": {
			"usage": 2,
			"details": [
				{"appName": "YouTube", "usage": 14},
				{"appName": "Facebook", "usage": 2},
				{"appName": "Instagram", "usage": 2},
				{"appName": "Wi-Fi", "usage": 1},
				{"appName": "Chrome", "usage": 0},
				{"appName": "지도", "usage": 0},
				{"appName": "Foodie", "usage": 0},
				{"appName": "T전화", "usage": 0},
				{"appName": "Polar Beat", "usage": 0},
				{"appName": "카카오버스", "usage": 0},
				{"appName": "CJ ONE", "usage": 0},
				{"appName": "시외버스 모바일", "usage": 0},
				{"appName": "나만의 실험실", "usage": 0},
				{"appName": "Paco", "usage": 0},
				{"appName": "카카오톡", "usage": 0},
				{"appName": "접근성", "usage": 0},
				{"appName": "원더락", "usage": 0},
				{"appName": "기본홈", "usage": 0},
				{"appName": "음악", "usage": 0},
				{"appName": "시스템 UI", "usage": 0},
				{"appName": "Logger", "usage": 0},
				{"appName": "Android 시스템", "usage": 0},
				{"appName": "패키지 설치 프로그램", "usage": 0},
				{"appName": "통화 관리", "usage": 0}
			]
		},
		"lastPickup": {"time": 0}
	},
	{
		"date": 5,
		"totalTime": {
			"usage": 221,
			"details": [
				{"appName": "YouTube", "usage": 73},
				{"appName": "카카오톡", "usage": 43},
				{"appName": "T전화", "usage": 30},
				{"appName": "Facebook", "usage": 18},
				{"appName": "원더락", "usage": 10},
				{"appName": "기본홈", "usage": 5},
				{"appName": "알람/시계", "usage": 4},
				{"appName": "카카오뱅크", "usage": 4},
				{"appName": "Paco", "usage": 4},
				{"appName": "카카오버스", "usage": 4},
				{"appName": "Chrome", "usage": 3},
				{"appName": "CJ ONE", "usage": 2},
				{"appName": "위비뱅크", "usage": 2},
				{"appName": "우리카드", "usage": 1},
				{"appName": "시외버스 모바일", "usage": 1},
				{"appName": "Google Play 스토어", "usage": 1},
				{"appName": "Polar Beat", "usage": 1},
				{"appName": "T world", "usage": 1},
				{"appName": "시스템 UI", "usage": 0},
				{"appName": "지하철종결자", "usage": 0},
				{"appName": "T 가드", "usage": 0},
				{"appName": "접근성", "usage": 0},
				{"appName": "메시지", "usage": 0},
				{"appName": "Logger", "usage": 0},
				{"appName": "설정", "usage": 0},
				{"appName": "Q메모+", "usage": 0},
				{"appName": "카메라", "usage": 0},
				{"appName": "패키지 설치 프로그램", "usage": 0},
				{"appName": "Wi-Fi", "usage": 0},
				{"appName": "원터치알림", "usage": 0},
				{"appName": "T 안심", "usage": 0},
				{"appName": "통화 관리", "usage": 0}
			]
		},
		"pickups": {"usage": 107},
		"downTime": {
			"usage": [
				{"hour": "0", "usage": 3},
				{"hour": "1", "usage": 2},
				{"hour": "2", "usage": 8},
				{"hour": "3", "usage": 38},
				{"hour": "4", "usage": 5},
				{"hour": "5", "usage": 10},
				{"hour": "6", "usage": 1},
				{"hour": "7", "usage": 11},
				{"hour": "8", "usage": 0},
				{"hour": "9", "usage": 31},
				{"hour": "10", "usage": 49},
				{"hour": "11", "usage": 44},
				{"hour": "12", "usage": 2},
				{"hour": "13", "usage": 0},
				{"hour": "14", "usage": 0},
				{"hour": "16", "usage": 0},
				{"hour": "22", "usage": 2},
				{"hour": "23", "usage": 3}
			],
			"details": [
				{"appName": "원더락", "usage": [0, 1, 2, 3, 4, 5, 6, 7, 8, 9, 10, 11, 12, 13, 14, 16, 22, 23]},
				{"appName": "카카오톡", "usage": [1, 2, 3, 4, 5, 6, 10, 12, 13, 23]},
				{"appName": "기본홈", "usage": [0, 1, 2, 3, 4, 5, 6, 7, 9, 10]},
				{"appName": "시스템 UI", "usage": [1, 2, 3, 5, 6, 7, 9, 10]},
				{"appName": "Paco", "usage": [1, 3, 5, 6, 7, 9, 10]},
				{"appName": "T전화", "usage": [0, 4, 5, 9]},
				{"appName": "Facebook", "usage": [0, 9, 10, 11]},
				{"appName": "패키지 설치 프로그램", "usage": [2, 3, 10]},
				{"appName": "통화 관리", "usage": [0, 5, 9]},
				{"appName": "Polar Beat", "usage": [2, 3, 10]},
				{"appName": "CJ ONE", "usage": [4, 5, 7]},
				{"appName": "지하철종결자", "usage": [2, 3]},
				{"appName": "접근성", "usage": [3, 10]},
				{"appName": "위비뱅크", "usage": [2, 10]},
				{"appName": "우리카드", "usage": [9, 10]},
				{"appName": "알람/시계", "usage": [22, 23]},
				{"appName": "시외버스 모바일", "usage": [4, 5]},
				{"appName": "YouTube", "usage": [10, 11]},
				{"appName": "Logger", "usage": [3, 10]},
				{"appName": "Chrome", "usage": [1, 7]},
				{"appName": "카카오버스", "usage": [7]},
				{"appName": "카카오뱅크", "usage": [2]},
				{"appName": "카메라", "usage": [5]},
				{"appName": "원터치알림", "usage": [9]},
				{"appName": "설정", "usage": [3]},
				{"appName": "메시지", "usage": [10]},
				{"appName": "Wi-Fi", "usage": [6]},
				{"appName": "T 안심", "usage": [3]},
				{"appName": "T 가드", "usage": [3]},
				{"appName": "T world", "usage": [7]},
				{"appName": "Q메모+", "usage": [3]},
				{"appName": "Google Play 스토어", "usage": [2]}
			]
		},
		"maxTime": {
			"usage": 36,
			"details": [
				{"appName": "YouTube", "usage": 36},
				{"appName": "T전화", "usage": 25},
				{"appName": "Facebook", "usage": 13},
				{"appName": "카카오톡", "usage": 11},
				{"appName": "카카오버스", "usage": 2},
				{"appName": "Chrome", "usage": 2},
				{"appName": "위비뱅크", "usage": 1},
				{"appName": "카카오뱅크", "usage": 1},
				{"appName": "T world", "usage": 0},
				{"appName": "알람/시계", "usage": 0},
				{"appName": "Paco", "usage": 0},
				{"appName": "우리카드", "usage": 0},
				{"appName": "시외버스 모바일", "usage": 0},
				{"appName": "Google Play 스토어", "usage": 0},
				{"appName": "CJ ONE", "usage": 0},
				{"appName": "원더락", "usage": 0},
				{"appName": "접근성", "usage": 0},
				{"appName": "메시지", "usage": 0},
				{"appName": "기본홈", "usage": 0},
				{"appName": "Polar Beat", "usage": 0},
				{"appName": "설정", "usage": 0},
				{"appName": "Logger", "usage": 0},
				{"appName": "지하철종결자", "usage": 0},
				{"appName": "Q메모+", "usage": 0},
				{"appName": "T 가드", "usage": 0},
				{"appName": "카메라", "usage": 0},
				{"appName": "시스템 UI", "usage": 0},
				{"appName": "패키지 설치 프로그램", "usage": 0},
				{"appName": "Wi-Fi", "usage": 0},
				{"appName": "원터치알림", "usage": 0},
				{"appName": "T 안심", "usage": 0},
				{"appName": "통화 관리", "usage": 0}
			]
		},
		"avgTime": {
			"usage": 2,
			"details": [
				{"appName": "YouTube", "usage": 18},
				{"appName": "Facebook", "usage": 1},
				{"appName": "T전화", "usage": 1},
				{"appName": "Chrome", "usage": 0},
				{"appName": "알람/시계", "usage": 0},
				{"appName": "카카오버스", "usage": 0},
				{"appName": "설정", "usage": 0},
				{"appName": "우리카드", "usage": 0},
				{"appName": "접근성", "usage": 0},
				{"appName": "메시지", "usage": 0},
				{"appName": "CJ ONE", "usage": 0},
				{"appName": "카카오톡", "usage": 0},
				{"appName": "Q메모+", "usage": 0},
				{"appName": "Paco", "usage": 0},
				{"appName": "지하철종결자", "usage": 0},
				{"appName": "위비뱅크", "usage": 0},
				{"appName": "카메라", "usage": 0},
				{"appName": "Google Play 스토어", "usage": 0},
				{"appName": "시외버스 모바일", "usage": 0},
				{"appName": "Polar Beat", "usage": 0},
				{"appName": "T 가드", "usage": 0},
				{"appName": "카카오뱅크", "usage": 0},
				{"appName": "T world", "usage": 0},
				{"appName": "Logger", "usage": 0},
				{"appName": "기본홈", "usage": 0},
				{"appName": "원더락", "usage": 0},
				{"appName": "Wi-Fi", "usage": 0},
				{"appName": "시스템 UI", "usage": 0},
				{"appName": "원터치알림", "usage": 0},
				{"appName": "T 안심", "usage": 0},
				{"appName": "패키지 설치 프로그램", "usage": 0},
				{"appName": "통화 관리", "usage": 0}
			]
		},
		"lastPickup": {"time": 3}
	},
	{
		"date": 6,
		"totalTime": {
			"usage": 309,
			"details": [
				{"appName": "Facebook", "usage": 140},
				{"appName": "YouTube", "usage": 43},
				{"appName": "카카오톡", "usage": 31},
				{"appName": "T전화", "usage": 30},
				{"appName": "위비뱅크", "usage": 18},
				{"appName": "원더락", "usage": 13},
				{"appName": "카카오뱅크", "usage": 6},
				{"appName": "기본홈", "usage": 6},
				{"appName": "Chrome", "usage": 5},
				{"appName": "Polar Beat", "usage": 2},
				{"appName": "알람/시계", "usage": 2},
				{"appName": "CJ ONE", "usage": 1},
				{"appName": "Paco", "usage": 1},
				{"appName": "메시지", "usage": 1},
				{"appName": "시스템 UI", "usage": 0},
				{"appName": "접근성", "usage": 0},
				{"appName": "Logger", "usage": 0},
				{"appName": "음악", "usage": 0},
				{"appName": "패키지 설치 프로그램", "usage": 0},
				{"appName": "원터치알림", "usage": 0},
				{"appName": "통화 관리", "usage": 0},
				{"appName": "Android 시스템", "usage": 0},
				{"appName": "현대해상", "usage": 0},
				{"appName": "우리카드", "usage": 0}
			]
		},
		"pickups": {"usage": 82},
		"downTime": {
			"usage": [
				{"hour": "0", "usage": 46},
				{"hour": "1", "usage": 39},
				{"hour": "2", "usage": 27},
				{"hour": "3", "usage": 6},
				{"hour": "4", "usage": 5},
				{"hour": "5", "usage": 3},
				{"hour": "6", "usage": 4},
				{"hour": "8", "usage": 2},
				{"hour": "9", "usage": 3},
				{"hour": "10", "usage": 55},
				{"hour": "11", "usage": 11},
				{"hour": "13", "usage": 3},
				{"hour": "14", "usage": 22},
				{"hour": "16", "usage": 0},
				{"hour": "19", "usage": 7},
				{"hour": "20", "usage": 60},
				{"hour": "21", "usage": 4},
				{"hour": "22", "usage": 2},
				{"hour": "23", "usage": 1}
			],
			"details": [
				{"appName": "원더락", "usage": [0, 1, 2, 3, 4, 5, 6, 7, 8, 9, 10, 11, 13, 14, 16, 19, 21, 22, 23]},
				{"appName": "카카오톡", "usage": [0, 1, 2, 4, 5, 6, 8, 9, 10, 13, 14, 19]},
				{"appName": "기본홈", "usage": [0, 1, 2, 3, 4, 5, 6, 9, 10, 13, 14, 19]},
				{"appName": "Paco", "usage": [1, 2, 3, 4, 6, 8]},
				{"appName": "Facebook", "usage": [1, 10, 11, 19, 20, 21]},
				{"appName": "시스템 UI", "usage": [0, 1, 2, 3, 4]},
				{"appName": "T전화", "usage": [2, 5, 10, 11, 14]},
				{"appName": "통화 관리", "usage": [2, 5, 10, 14]},
				{"appName": "카카오뱅크", "usage": [1, 2, 3, 6]},
				{"appName": "Polar Beat", "usage": [0, 4, 9]},
				{"appName": "Chrome", "usage": [1, 13, 14]},
				{"appName": "패키지 설치 프로그램", "usage": [0, 2]},
				{"appName": "음악", "usage": [0, 1]},
				{"appName": "위비뱅크", "usage": [2, 3]},
				{"appName": "알람/시계", "usage": [22, 23]},
				{"appName": "메시지", "usage": [1, 3]},
				{"appName": "Android 시스템", "usage": [2, 5]},
				{"appName": "현대해상", "usage": [7]},
				{"appName": "접근성", "usage": [0]},
				{"appName": "원터치알림", "usage": [2]},
				{"appName": "우리카드", "usage": [11]},
				{"appName": "YouTube", "usage": [0]},
				{"appName": "Logger", "usage": [0]},
				{"appName": "CJ ONE", "usage": [1]}
			]
		},
		"maxTime": {
			"usage": 71,
			"details": [
				{"appName": "Facebook", "usage": 53},
				{"appName": "YouTube", "usage": 27},
				{"appName": "T전화", "usage": 13},
				{"appName": "위비뱅크", "usage": 2},
				{"appName": "Chrome", "usage": 2},
				{"appName": "Polar Beat", "usage": 2},
				{"appName": "카카오톡", "usage": 1},
				{"appName": "알람/시계", "usage": 1},
				{"appName": "CJ ONE", "usage": 1},
				{"appName": "원더락", "usage": 1},
				{"appName": "기본홈", "usage": 0},
				{"appName": "메시지", "usage": 0},
				{"appName": "카카오뱅크", "usage": 0},
				{"appName": "접근성", "usage": 0},
				{"appName": "Logger", "usage": 0},
				{"appName": "Paco", "usage": 0},
				{"appName": "음악", "usage": 0},
				{"appName": "시스템 UI", "usage": 0},
				{"appName": "패키지 설치 프로그램", "usage": 0},
				{"appName": "원터치알림", "usage": 0},
				{"appName": "Android 시스템", "usage": 0},
				{"appName": "통화 관리", "usage": 0},
				{"appName": "현대해상", "usage": 0},
				{"appName": "우리카드", "usage": 0}
			]
		},
		"avgTime": {
			"usage": 3,
			"details": [
				{"appName": "YouTube", "usage": 21},
				{"appName": "Facebook", "usage": 15},
				{"appName": "T전화", "usage": 1},
				{"appName": "Chrome", "usage": 1},
				{"appName": "CJ ONE", "usage": 0},
				{"appName": "접근성", "usage": 0},
				{"appName": "Polar Beat", "usage": 0},
				{"appName": "메시지", "usage": 0},
				{"appName": "위비뱅크", "usage": 0},
				{"appName": "Paco", "usage": 0},
				{"appName": "알람/시계", "usage": 0},
				{"appName": "기본홈", "usage": 0},
				{"appName": "Logger", "usage": 0},
				{"appName": "카카오톡", "usage": 0},
				{"appName": "카카오뱅크", "usage": 0},
				{"appName": "음악", "usage": 0},
				{"appName": "원더락", "usage": 0},
				{"appName": "패키지 설치 프로그램", "usage": 0},
				{"appName": "시스템 UI", "usage": 0},
				{"appName": "원터치알림", "usage": 0},
				{"appName": "Android 시스템", "usage": 0},
				{"appName": "통화 관리", "usage": 0},
				{"appName": "현대해상", "usage": 0},
				{"appName": "우리카드", "usage": 0}
			]
		},
		"lastPickup": {"time": 0}
	},
	{
		"date": 7,
		"totalTime": {
			"usage": 669,
			"details": [
				{"appName": "Facebook", "usage": 466},
				{"appName": "YouTube", "usage": 35},
				{"appName": "Chrome", "usage": 26},
				{"appName": "카카오톡", "usage": 26},
				{"appName": "Polar Beat", "usage": 12},
				{"appName": "원더락", "usage": 11},
				{"appName": "T전화", "usage": 10},
				{"appName": "알람/시계", "usage": 6},
				{"appName": "기본홈", "usage": 6},
				{"appName": "Paco", "usage": 4},
				{"appName": "안다르", "usage": 2},
				{"appName": "메시지", "usage": 1},
				{"appName": "접근성", "usage": 0},
				{"appName": "시스템 UI", "usage": 0},
				{"appName": "Logger", "usage": 0},
				{"appName": "Q메모+", "usage": 0},
				{"appName": "Google Play 서비스", "usage": 0},
				{"appName": "원터치알림", "usage": 0},
				{"appName": "패키지 설치 프로그램", "usage": 0},
				{"appName": "통화 관리", "usage": 0},
				{"appName": "Android 시스템", "usage": 0},
				{"appName": "Google Play 스토어", "usage": 0}
			]
		},
		"pickups": {"usage": 73},
		"downTime": {
			"usage": [
				{"hour": "0", "usage": 12},
				{"hour": "1", "usage": 52},
				{"hour": "2", "usage": 21},
				{"hour": "3", "usage": 3},
				{"hour": "4", "usage": 0},
				{"hour": "5", "usage": 10},
				{"hour": "6", "usage": 8},
				{"hour": "7", "usage": 14},
				{"hour": "8", "usage": 12},
				{"hour": "9", "usage": 51},
				{"hour": "10", "usage": 60},
				{"hour": "11", "usage": 60},
				{"hour": "12", "usage": 59},
				{"hour": "13", "usage": 59},
				{"hour": "14", "usage": 60},
				{"hour": "15", "usage": 60},
				{"hour": "16", "usage": 59},
				{"hour": "22", "usage": 7}
			],
			"details": [
				{"appName": "Facebook", "usage": [0, 1, 6, 7, 8, 9, 10, 11, 12, 13, 14, 15, 16]},
				{"appName": "원더락", "usage": [0, 1, 2, 3, 4, 5, 6, 7, 8, 9, 16, 22]},
				{"appName": "기본홈", "usage": [1, 2, 3, 4, 5, 6, 8, 9, 10, 11, 13, 14]},
				{"appName": "시스템 UI", "usage": [1, 2, 3, 4, 5, 6, 8, 9, 10, 11, 13]},
				{"appName": "카카오톡", "usage": [0, 1, 2, 3, 4, 8, 9, 10]},
				{"appName": "Paco", "usage": [1, 3, 6, 7, 9, 10, 11]},
				{"appName": "T전화", "usage": [2, 6, 8, 9, 12, 13]},
				{"appName": "Polar Beat", "usage": [1, 2, 3, 8, 9]},
				{"appName": "Chrome", "usage": [5, 8, 9, 14]},
				{"appName": "패키지 설치 프로그램", "usage": [1, 5, 9]},
				{"appName": "통화 관리", "usage": [2, 6, 8]},
				{"appName": "접근성", "usage": [1, 5, 9]},
				{"appName": "메시지", "usage": [8, 13, 14]},
				{"appName": "YouTube", "usage": [10, 11, 13]},
				{"appName": "Logger", "usage": [1, 5, 9]},
				{"appName": "안다르", "usage": [5, 6]},
				{"appName": "원터치알림", "usage": [3]},
				{"appName": "알람/시계", "usage": [22]},
				{"appName": "Q메모+", "usage": [5]},
				{"appName": "Google Play 스토어", "usage": [1]},
				{"appName": "Google Play 서비스", "usage": [14]},
				{"appName": "Android 시스템", "usage": [2]}
			]
		},
		"maxTime": {
			"usage": 238,
			"details": [
				{"appName": "Facebook", "usage": 161},
				{"appName": "YouTube", "usage": 29},
				{"appName": "Chrome", "usage": 8},
				{"appName": "Polar Beat", "usage": 7},
				{"appName": "T전화", "usage": 6},
				{"appName": "알람/시계", "usage": 4},
				{"appName": "카카오톡", "usage": 4},
				{"appName": "안다르", "usage": 2},
				{"appName": "기본홈", "usage": 2},
				{"appName": "원더락", "usage": 2},
				{"appName": "Paco", "usage": 1},
				{"appName": "메시지", "usage": 1},
				{"appName": "접근성", "usage": 0},
				{"appName": "Q메모+", "usage": 0},
				{"appName": "시스템 UI", "usage": 0},
				{"appName": "Google Play 서비스", "usage": 0},
				{"appName": "Logger", "usage": 0},
				{"appName": "원터치알림", "usage": 0},
				{"appName": "통화 관리", "usage": 0},
				{"appName": "패키지 설치 프로그램", "usage": 0},
				{"appName": "Android 시스템", "usage": 0},
				{"appName": "Google Play 스토어", "usage": 0}
			]
		},
		"avgTime": {
			"usage": 9,
			"details": [
				{"appName": "Facebook", "usage": 13},
				{"appName": "YouTube", "usage": 8},
				{"appName": "Chrome", "usage": 2},
				{"appName": "알람/시계", "usage": 1},
				{"appName": "안다르", "usage": 0},
				{"appName": "Polar Beat", "usage": 0},
				{"appName": "T전화", "usage": 0},
				{"appName": "접근성", "usage": 0},
				{"appName": "Paco", "usage": 0},
				{"appName": "메시지", "usage": 0},
				{"appName": "기본홈", "usage": 0},
				{"appName": "카카오톡", "usage": 0},
				{"appName": "Q메모+", "usage": 0},
				{"appName": "원더락", "usage": 0},
				{"appName": "Google Play 서비스", "usage": 0},
				{"appName": "시스템 UI", "usage": 0},
				{"appName": "Logger", "usage": 0},
				{"appName": "원터치알림", "usage": 0},
				{"appName": "패키지 설치 프로그램", "usage": 0},
				{"appName": "통화 관리", "usage": 0},
				{"appName": "Android 시스템", "usage": 0},
				{"appName": "Google Play 스토어", "usage": 0}
			]
		},
		"lastPickup": {"time": 56}
	}
]
