[
	{
		"date": 1,
		"totalTime": {
			"usage": 592,
			"details": [
				{"appName": "카카오톡", "usage": 138},
				{"appName": "Facebook", "usage": 134},
				{"appName": "삼성 인터넷", "usage": 77},
				{"appName": "전화", "usage": 75},
				{"appName": "네이버 웹툰", "usage": 43},
				{"appName": "Samsung Experience 홈", "usage": 25},
				{"appName": "설정", "usage": 15},
				{"appName": "네이버 지도", "usage": 15},
				{"appName": "알바몬", "usage": 8},
				{"appName": "Microsoft Band", "usage": 4},
				{"appName": "Paco", "usage": 3},
				{"appName": "KLMS", "usage": 2},
				{"appName": "메시지", "usage": 2},
				{"appName": "Polar Beat", "usage": 2},
				{"appName": "NAVER", "usage": 2},
				{"appName": "Polaris Office", "usage": 2},
				{"appName": "YouTube", "usage": 2},
				{"appName": "연락처", "usage": 2},
				{"appName": "쿠팡", "usage": 1},
				{"appName": "카카오지하철", "usage": 1},
				{"appName": "Logger", "usage": 1},
				{"appName": "음성 녹음", "usage": 0},
				{"appName": "Google Play 스토어", "usage": 0},
				{"appName": "시스템 UI", "usage": 0},
				{"appName": "캘린더", "usage": 0},
				{"appName": "코레일톡", "usage": 0},
				{"appName": "갤러리", "usage": 0},
				{"appName": "Google Play 뮤직", "usage": 0},
				{"appName": "안드로이드 시스템", "usage": 0},
				{"appName": "하나1Q페이", "usage": 0},
				{"appName": "시계", "usage": 0},
				{"appName": "날씨", "usage": 0},
				{"appName": "ABC Logger", "usage": 0},
				{"appName": "카메라", "usage": 0},
				{"appName": "고속버스 모바일", "usage": 0},
				{"appName": "에브리타임", "usage": 0},
				{"appName": "패키지 설치 프로그램", "usage": 0},
				{"appName": "Messenger", "usage": 0},
				{"appName": "파일", "usage": 0}
			]
		},
		"pickups": {"usage": 286},
		"downTime": {
			"usage": [
				{"hour": "0", "usage": 35},
				{"hour": "1", "usage": 42},
				{"hour": "2", "usage": 44},
				{"hour": "3", "usage": 40},
				{"hour": "4", "usage": 51},
				{"hour": "5", "usage": 43},
				{"hour": "6", "usage": 23},
				{"hour": "7", "usage": 54},
				{"hour": "8", "usage": 52},
				{"hour": "9", "usage": 23},
				{"hour": "10", "usage": 18},
				{"hour": "11", "usage": 3},
				{"hour": "12", "usage": 45},
				{"hour": "13", "usage": 18},
				{"hour": "14", "usage": 19},
				{"hour": "15", "usage": 26},
				{"hour": "16", "usage": 16},
				{"hour": "17", "usage": 32},
				{"hour": "23", "usage": 0}
			],
			"details": [
				{"appName": "카카오톡", "usage": [0, 1, 2, 3, 4, 5, 6, 7, 8, 9, 10, 11, 12, 13, 14, 15, 16, 17]},
				{"appName": "Samsung Experience 홈", "usage": [0, 1, 2, 3, 4, 5, 6, 7, 8, 9, 10, 11, 12, 13, 14, 15, 16, 17]},
				{"appName": "Facebook", "usage": [0, 1, 2, 3, 4, 5, 6, 7, 8, 9, 10, 11, 12, 13, 14, 15, 16, 17]},
				{"appName": "시스템 UI", "usage": [0, 1, 2, 3, 4, 5, 7, 9, 12, 13, 14, 15, 17]},
				{"appName": "삼성 인터넷", "usage": [0, 1, 2, 3, 4, 5, 6, 7, 8, 9, 10, 12, 15]},
				{"appName": "Paco", "usage": [0, 1, 2, 3, 4, 5, 6, 7, 8, 9, 10, 12, 13]},
				{"appName": "전화", "usage": [0, 3, 4, 5, 6, 7, 8, 9, 12, 14, 15]},
				{"appName": "KLMS", "usage": [0, 1, 2, 4, 6, 9, 12, 14, 15]},
				{"appName": "설정", "usage": [1, 6, 7, 8, 9, 12, 13, 14]},
				{"appName": "연락처", "usage": [0, 3, 4, 5, 8, 11]},
				{"appName": "Polar Beat", "usage": [0, 7, 9, 10, 12, 14]},
				{"appName": "하나1Q페이", "usage": [0, 1, 2, 5, 9]},
				{"appName": "네이버 지도", "usage": [0, 1, 6, 7, 13]},
				{"appName": "패키지 설치 프로그램", "usage": [0, 2, 8, 12]},
				{"appName": "안드로이드 시스템", "usage": [2, 5, 9, 12]},
				{"appName": "메시지", "usage": [0, 1, 2, 3]},
				{"appName": "네이버 웹툰", "usage": [3, 14, 15, 17]},
				{"appName": "NAVER", "usage": [2, 6, 8, 9]},
				{"appName": "Logger", "usage": [0, 2, 8, 12]},
				{"appName": "YouTube", "usage": [6, 8, 9]},
				{"appName": "Microsoft Band", "usage": [7, 8, 12]},
				{"appName": "코레일톡", "usage": [0, 7]},
				{"appName": "음성 녹음", "usage": [8, 9]},
				{"appName": "Messenger", "usage": [5, 14]},
				{"appName": "Google Play 스토어", "usage": [0, 2]},
				{"appName": "ABC Logger", "usage": [0, 2]},
				{"appName": "파일", "usage": [2]},
				{"appName": "쿠팡", "usage": [0]},
				{"appName": "캘린더", "usage": [5]},
				{"appName": "카카오지하철", "usage": [1]},
				{"appName": "카메라", "usage": [2]},
				{"appName": "에브리타임", "usage": [0]},
				{"appName": "알바몬", "usage": [2]},
				{"appName": "시계", "usage": [17]},
				{"appName": "날씨", "usage": [2]},
				{"appName": "고속버스 모바일", "usage": [0]},
				{"appName": "갤러리", "usage": [2]},
				{"appName": "Polaris Office", "usage": [1]},
				{"appName": "Google Play 뮤직", "usage": [9]}
			]
		},
		"maxTime": {
			"usage": 50,
			"details": [
				{"appName": "전화", "usage": 29},
				{"appName": "Facebook", "usage": 10},
				{"appName": "삼성 인터넷", "usage": 6},
				{"appName": "카카오톡", "usage": 5},
				{"appName": "설정", "usage": 5},
				{"appName": "Samsung Experience 홈", "usage": 5},
				{"appName": "네이버 웹툰", "usage": 2},
				{"appName": "네이버 지도", "usage": 2},
				{"appName": "카카오지하철", "usage": 1},
				{"appName": "Microsoft Band", "usage": 1},
				{"appName": "메시지", "usage": 1},
				{"appName": "YouTube", "usage": 1},
				{"appName": "KLMS", "usage": 1},
				{"appName": "Polaris Office", "usage": 1},
				{"appName": "Polar Beat", "usage": 0},
				{"appName": "연락처", "usage": 0},
				{"appName": "음성 녹음", "usage": 0},
				{"appName": "알바몬", "usage": 0},
				{"appName": "Google Play 스토어", "usage": 0},
				{"appName": "캘린더", "usage": 0},
				{"appName": "Logger", "usage": 0},
				{"appName": "갤러리", "usage": 0},
				{"appName": "NAVER", "usage": 0},
				{"appName": "Google Play 뮤직", "usage": 0},
				{"appName": "코레일톡", "usage": 0},
				{"appName": "날씨", "usage": 0},
				{"appName": "쿠팡", "usage": 0},
				{"appName": "Paco", "usage": 0},
				{"appName": "하나1Q페이", "usage": 0},
				{"appName": "카메라", "usage": 0},
				{"appName": "ABC Logger", "usage": 0},
				{"appName": "시계", "usage": 0},
				{"appName": "에브리타임", "usage": 0},
				{"appName": "고속버스 모바일", "usage": 0},
				{"appName": "시스템 UI", "usage": 0},
				{"appName": "안드로이드 시스템", "usage": 0},
				{"appName": "Messenger", "usage": 0},
				{"appName": "파일", "usage": 0},
				{"appName": "패키지 설치 프로그램", "usage": 0}
			]
		},
		"avgTime": {
			"usage": 2,
			"details": [
				{"appName": "전화", "usage": 3},
				{"appName": "삼성 인터넷", "usage": 0},
				{"appName": "카카오지하철", "usage": 0},
				{"appName": "캘린더", "usage": 0},
				{"appName": "네이버 지도", "usage": 0},
				{"appName": "YouTube", "usage": 0},
				{"appName": "Polaris Office", "usage": 0},
				{"appName": "Microsoft Band", "usage": 0},
				{"appName": "Facebook", "usage": 0},
				{"appName": "설정", "usage": 0},
				{"appName": "네이버 웹툰", "usage": 0},
				{"appName": "날씨", "usage": 0},
				{"appName": "음성 녹음", "usage": 0},
				{"appName": "갤러리", "usage": 0},
				{"appName": "NAVER", "usage": 0},
				{"appName": "Google Play 뮤직", "usage": 0},
				{"appName": "메시지", "usage": 0},
				{"appName": "알바몬", "usage": 0},
				{"appName": "Polar Beat", "usage": 0},
				{"appName": "카메라", "usage": 0},
				{"appName": "쿠팡", "usage": 0},
				{"appName": "코레일톡", "usage": 0},
				{"appName": "연락처", "usage": 0},
				{"appName": "KLMS", "usage": 0},
				{"appName": "카카오톡", "usage": 0},
				{"appName": "Paco", "usage": 0},
				{"appName": "Logger", "usage": 0},
				{"appName": "Google Play 스토어", "usage": 0},
				{"appName": "고속버스 모바일", "usage": 0},
				{"appName": "ABC Logger", "usage": 0},
				{"appName": "Samsung Experience 홈", "usage": 0},
				{"appName": "에브리타임", "usage": 0},
				{"appName": "시계", "usage": 0},
				{"appName": "파일", "usage": 0},
				{"appName": "안드로이드 시스템", "usage": 0},
				{"appName": "하나1Q페이", "usage": 0},
				{"appName": "Messenger", "usage": 0},
				{"appName": "시스템 UI", "usage": 0},
				{"appName": "패키지 설치 프로그램", "usage": 0}
			]
		},
		"lastPickup": {"time": 0}
	},
	{
		"date": 2,
		"totalTime": {
			"usage": 489,
			"details": [
				{"appName": "카카오톡", "usage": 164},
				{"appName": "Facebook", "usage": 96},
				{"appName": "삼성 인터넷", "usage": 47},
				{"appName": "YouTube", "usage": 15},
				{"appName": "Samsung Experience 홈", "usage": 14},
				{"appName": "메시지", "usage": 6},
				{"appName": "네이버 웹툰", "usage": 5},
				{"appName": "코레일톡", "usage": 3},
				{"appName": "Paco", "usage": 2},
				{"appName": "Microsoft Band", "usage": 2},
				{"appName": "Polar Beat", "usage": 2},
				{"appName": "전화", "usage": 2},
				{"appName": "Messenger", "usage": 1},
				{"appName": "여기어때", "usage": 1},
				{"appName": "Logger", "usage": 1},
				{"appName": "KLMS", "usage": 0},
				{"appName": "비디오 플레이어", "usage": 0},
				{"appName": "설정", "usage": 0},
				{"appName": "연락처", "usage": 0},
				{"appName": "하나1Q페이", "usage": 0},
				{"appName": "카카오지하철", "usage": 0},
				{"appName": "네이버 지도", "usage": 0},
				{"appName": "날씨", "usage": 0},
				{"appName": "시계", "usage": 0},
				{"appName": "Google Play 스토어", "usage": 0},
				{"appName": "시스템 UI", "usage": 0},
				{"appName": "안드로이드 시스템", "usage": 0},
				{"appName": "후후", "usage": 0},
				{"appName": "ABC Logger", "usage": 0},
				{"appName": "B612", "usage": 0},
				{"appName": "Google Play 서비스", "usage": 0},
				{"appName": "Intra", "usage": 0},
				{"appName": "패키지 설치 프로그램", "usage": 0},
				{"appName": "VpnDialogs", "usage": 0},
				{"appName": "소프트웨어 업데이트", "usage": 0},
				{"appName": "Google", "usage": 0}
			]
		},
		"pickups": {"usage": 311},
		"downTime": {
			"usage": [
				{"hour": "0", "usage": 0},
				{"hour": "1", "usage": 10},
				{"hour": "2", "usage": 1},
				{"hour": "3", "usage": 41},
				{"hour": "4", "usage": 12},
				{"hour": "5", "usage": 22},
				{"hour": "6", "usage": 22},
				{"hour": "7", "usage": 23},
				{"hour": "8", "usage": 26},
				{"hour": "9", "usage": 19},
				{"hour": "10", "usage": 9},
				{"hour": "11", "usage": 5},
				{"hour": "12", "usage": 36},
				{"hour": "13", "usage": 49},
				{"hour": "14", "usage": 60},
				{"hour": "15", "usage": 34},
				{"hour": "16", "usage": 56},
				{"hour": "17", "usage": 56},
				{"hour": "19", "usage": 0},
				{"hour": "21", "usage": 0},
				{"hour": "23", "usage": 0}
			],
			"details": [
				{"appName": "카카오톡", "usage": [1, 2, 3, 4, 5, 6, 7, 8, 9, 10, 11, 12, 13, 15, 16, 17, 23]},
				{"appName": "Samsung Experience 홈", "usage": [1, 3, 4, 5, 6, 7, 8, 9, 10, 11, 12, 13, 15, 16, 17]},
				{"appName": "Facebook", "usage": [1, 3, 4, 5, 6, 7, 8, 9, 10, 12, 13, 15, 16, 17]},
				{"appName": "시스템 UI", "usage": [1, 3, 4, 5, 6, 12, 13, 15, 16, 17]},
				{"appName": "삼성 인터넷", "usage": [1, 3, 4, 5, 7, 12, 13, 15, 16, 17]},
				{"appName": "메시지", "usage": [1, 3, 4, 5, 6, 11, 12, 13, 16, 17]},
				{"appName": "Paco", "usage": [3, 4, 5, 6, 7, 9, 10, 12, 13, 17]},
				{"appName": "설정", "usage": [3, 6, 8, 9, 13, 15, 17]},
				{"appName": "Polar Beat", "usage": [3, 4, 6, 8, 9, 13, 17]},
				{"appName": "안드로이드 시스템", "usage": [3, 4, 7, 9, 13, 17]},
				{"appName": "하나1Q페이", "usage": [2, 4, 7, 9, 12]},
				{"appName": "Logger", "usage": [6, 8, 9, 13, 17]},
				{"appName": "KLMS", "usage": [4, 5, 9, 12, 17]},
				{"appName": "패키지 설치 프로그램", "usage": [6, 8, 13, 17]},
				{"appName": "코레일톡", "usage": [4, 6, 12, 13]},
				{"appName": "전화", "usage": [1, 6, 11, 15]},
				{"appName": "Messenger", "usage": [5, 6, 11, 12]},
				{"appName": "연락처", "usage": [5, 6, 15]},
				{"appName": "시계", "usage": [1, 17, 23]},
				{"appName": "네이버 웹툰", "usage": [5, 15, 16]},
				{"appName": "후후", "usage": [11, 12]},
				{"appName": "여기어때", "usage": [5, 6]},
				{"appName": "날씨", "usage": [9, 13]},
				{"appName": "Microsoft Band", "usage": [3, 6]},
				{"appName": "Google Play 서비스", "usage": [4, 7]},
				{"appName": "ABC Logger", "usage": [6, 17]},
				{"appName": "카카오지하철", "usage": [13]},
				{"appName": "소프트웨어 업데이트", "usage": [17]},
				{"appName": "비디오 플레이어", "usage": [16]},
				{"appName": "네이버 지도", "usage": [6]},
				{"appName": "YouTube", "usage": [17]},
				{"appName": "VpnDialogs", "usage": [17]},
				{"appName": "Intra", "usage": [17]},
				{"appName": "Google Play 스토어", "usage": [17]},
				{"appName": "Google", "usage": [13]},
				{"appName": "B612", "usage": [6]}
			]
		},
		"maxTime": {
			"usage": 92,
			"details": [
				{"appName": "카카오톡", "usage": 26},
				{"appName": "YouTube", "usage": 15},
				{"appName": "삼성 인터넷", "usage": 11},
				{"appName": "Facebook", "usage": 5},
				{"appName": "네이버 웹툰", "usage": 2},
				{"appName": "전화", "usage": 0},
				{"appName": "Messenger", "usage": 0},
				{"appName": "Polar Beat", "usage": 0},
				{"appName": "메시지", "usage": 0},
				{"appName": "코레일톡", "usage": 0},
				{"appName": "Samsung Experience 홈", "usage": 0},
				{"appName": "네이버 지도", "usage": 0},
				{"appName": "Microsoft Band", "usage": 0},
				{"appName": "하나1Q페이", "usage": 0},
				{"appName": "여기어때", "usage": 0},
				{"appName": "비디오 플레이어", "usage": 0},
				{"appName": "날씨", "usage": 0},
				{"appName": "Paco", "usage": 0},
				{"appName": "카카오지하철", "usage": 0},
				{"appName": "Logger", "usage": 0},
				{"appName": "Google Play 스토어", "usage": 0},
				{"appName": "연락처", "usage": 0},
				{"appName": "B612", "usage": 0},
				{"appName": "ABC Logger", "usage": 0},
				{"appName": "시계", "usage": 0},
				{"appName": "설정", "usage": 0},
				{"appName": "후후", "usage": 0},
				{"appName": "KLMS", "usage": 0},
				{"appName": "안드로이드 시스템", "usage": 0},
				{"appName": "Google Play 서비스", "usage": 0},
				{"appName": "Intra", "usage": 0},
				{"appName": "시스템 UI", "usage": 0},
				{"appName": "패키지 설치 프로그램", "usage": 0},
				{"appName": "VpnDialogs", "usage": 0},
				{"appName": "소프트웨어 업데이트", "usage": 0},
				{"appName": "Google", "usage": 0}
			]
		},
		"avgTime": {
			"usage": 1,
			"details": [
				{"appName": "YouTube", "usage": 7},
				{"appName": "삼성 인터넷", "usage": 0},
				{"appName": "비디오 플레이어", "usage": 0},
				{"appName": "Facebook", "usage": 0},
				{"appName": "네이버 웹툰", "usage": 0},
				{"appName": "네이버 지도", "usage": 0},
				{"appName": "날씨", "usage": 0},
				{"appName": "Microsoft Band", "usage": 0},
				{"appName": "카카오지하철", "usage": 0},
				{"appName": "전화", "usage": 0},
				{"appName": "메시지", "usage": 0},
				{"appName": "B612", "usage": 0},
				{"appName": "연락처", "usage": 0},
				{"appName": "카카오톡", "usage": 0},
				{"appName": "Google Play 스토어", "usage": 0},
				{"appName": "Polar Beat", "usage": 0},
				{"appName": "Messenger", "usage": 0},
				{"appName": "여기어때", "usage": 0},
				{"appName": "코레일톡", "usage": 0},
				{"appName": "Paco", "usage": 0},
				{"appName": "Logger", "usage": 0},
				{"appName": "시계", "usage": 0},
				{"appName": "ABC Logger", "usage": 0},
				{"appName": "하나1Q페이", "usage": 0},
				{"appName": "Samsung Experience 홈", "usage": 0},
				{"appName": "Google Play 서비스", "usage": 0},
				{"appName": "후후", "usage": 0},
				{"appName": "설정", "usage": 0},
				{"appName": "안드로이드 시스템", "usage": 0},
				{"appName": "KLMS", "usage": 0},
				{"appName": "Intra", "usage": 0},
				{"appName": "VpnDialogs", "usage": 0},
				{"appName": "시스템 UI", "usage": 0},
				{"appName": "패키지 설치 프로그램", "usage": 0},
				{"appName": "소프트웨어 업데이트", "usage": 0},
				{"appName": "Google", "usage": 0}
			]
		},
		"lastPickup": {"time": 0}
	},
	{
		"date": 3,
		"totalTime": {
			"usage": 327,
			"details": [
				{"appName": "카카오톡", "usage": 106},
				{"appName": "Facebook", "usage": 79},
				{"appName": "전화", "usage": 34},
				{"appName": "네이버 웹툰", "usage": 28},
				{"appName": "삼성 인터넷", "usage": 18},
				{"appName": "네이버 지도", "usage": 14},
				{"appName": "Samsung Experience 홈", "usage": 7},
				{"appName": "시외버스 모바일", "usage": 5},
				{"appName": "카카오지하철", "usage": 4},
				{"appName": "Polar Beat", "usage": 2},
				{"appName": "Paco", "usage": 2},
				{"appName": "갤러리", "usage": 1},
				{"appName": "B612", "usage": 1},
				{"appName": "연락처", "usage": 1},
				{"appName": "Logger", "usage": 0},
				{"appName": "고속버스 모바일", "usage": 0},
				{"appName": "메시지", "usage": 0},
				{"appName": "캘린더", "usage": 0},
				{"appName": "설정", "usage": 0},
				{"appName": "시스템 UI", "usage": 0},
				{"appName": "안드로이드 시스템", "usage": 0},
				{"appName": "날씨", "usage": 0},
				{"appName": "배경화면", "usage": 0},
				{"appName": "시계", "usage": 0},
				{"appName": "CaptivePortalLogin", "usage": 0},
				{"appName": "하나1Q페이", "usage": 0},
				{"appName": "소프트웨어 업데이트", "usage": 0},
				{"appName": "패키지 설치 프로그램", "usage": 0}
			]
		},
		"pickups": {"usage": 252},
		"downTime": {
			"usage": [
				{"hour": "0", "usage": 1},
				{"hour": "1", "usage": 18},
				{"hour": "2", "usage": 10},
				{"hour": "3", "usage": 2},
				{"hour": "4", "usage": 6},
				{"hour": "5", "usage": 5},
				{"hour": "6", "usage": 8},
				{"hour": "7", "usage": 10},
				{"hour": "8", "usage": 47},
				{"hour": "9", "usage": 14},
				{"hour": "10", "usage": 6},
				{"hour": "11", "usage": 1},
				{"hour": "12", "usage": 3},
				{"hour": "13", "usage": 10},
				{"hour": "14", "usage": 46},
				{"hour": "15", "usage": 47},
				{"hour": "16", "usage": 53},
				{"hour": "17", "usage": 30},
				{"hour": "18", "usage": 0}
			],
			"details": [
				{"appName": "카카오톡", "usage": [0, 1, 2, 3, 4, 5, 6, 7, 8, 9, 10, 11, 12, 13, 14, 15, 16, 17]},
				{"appName": "Samsung Experience 홈", "usage": [1, 2, 3, 4, 5, 6, 7, 8, 9, 10, 11, 12, 13, 14, 15, 16, 17]},
				{"appName": "Facebook", "usage": [1, 2, 6, 7, 8, 9, 10, 12, 13, 14, 15, 16, 17]},
				{"appName": "전화", "usage": [0, 2, 3, 5, 8, 9, 12, 13, 14, 15]},
				{"appName": "삼성 인터넷", "usage": [2, 3, 4, 5, 6, 8, 9, 10, 16]},
				{"appName": "시스템 UI", "usage": [2, 7, 8, 9, 13, 14, 15, 16]},
				{"appName": "Paco", "usage": [3, 4, 5, 6, 7, 8, 9, 12]},
				{"appName": "카카오지하철", "usage": [7, 8, 9, 13, 14, 15]},
				{"appName": "갤러리", "usage": [4, 6, 7, 8, 14, 17]},
				{"appName": "안드로이드 시스템", "usage": [6, 7, 8, 16, 17]},
				{"appName": "연락처", "usage": [2, 5, 9, 12]},
				{"appName": "설정", "usage": [1, 3, 14, 16]},
				{"appName": "배경화면", "usage": [6, 7, 8, 17]},
				{"appName": "네이버 지도", "usage": [8, 10, 13, 17]},
				{"appName": "B612", "usage": [1, 6, 13, 14]},
				{"appName": "하나1Q페이", "usage": [2, 4, 9]},
				{"appName": "시외버스 모바일", "usage": [8, 10, 13]},
				{"appName": "메시지", "usage": [2, 12, 13]},
				{"appName": "Polar Beat", "usage": [1, 9, 16]},
				{"appName": "패키지 설치 프로그램", "usage": [1, 7]},
				{"appName": "캘린더", "usage": [10, 11]},
				{"appName": "시계", "usage": [0, 1]},
				{"appName": "네이버 웹툰", "usage": [15, 16]},
				{"appName": "Logger", "usage": [1, 7]},
				{"appName": "CaptivePortalLogin", "usage": [9, 14]},
				{"appName": "소프트웨어 업데이트", "usage": [2]},
				{"appName": "날씨", "usage": [1]},
				{"appName": "고속버스 모바일", "usage": [8]}
			]
		},
		"maxTime": {
			"usage": 28,
			"details": [
				{"appName": "Facebook", "usage": 17},
				{"appName": "전화", "usage": 15},
				{"appName": "카카오톡", "usage": 10},
				{"appName": "네이버 웹툰", "usage": 2},
				{"appName": "네이버 지도", "usage": 2},
				{"appName": "삼성 인터넷", "usage": 2},
				{"appName": "시외버스 모바일", "usage": 1},
				{"appName": "카카오지하철", "usage": 0},
				{"appName": "Polar Beat", "usage": 0},
				{"appName": "B612", "usage": 0},
				{"appName": "Paco", "usage": 0},
				{"appName": "Logger", "usage": 0},
				{"appName": "고속버스 모바일", "usage": 0},
				{"appName": "갤러리", "usage": 0},
				{"appName": "연락처", "usage": 0},
				{"appName": "메시지", "usage": 0},
				{"appName": "캘린더", "usage": 0},
				{"appName": "날씨", "usage": 0},
				{"appName": "Samsung Experience 홈", "usage": 0},
				{"appName": "설정", "usage": 0},
				{"appName": "시계", "usage": 0},
				{"appName": "소프트웨어 업데이트", "usage": 0},
				{"appName": "CaptivePortalLogin", "usage": 0},
				{"appName": "안드로이드 시스템", "usage": 0},
				{"appName": "시스템 UI", "usage": 0},
				{"appName": "하나1Q페이", "usage": 0},
				{"appName": "배경화면", "usage": 0},
				{"appName": "패키지 설치 프로그램", "usage": 0}
			]
		},
		"avgTime": {
			"usage": 1,
			"details": [
				{"appName": "전화", "usage": 1},
				{"appName": "Facebook", "usage": 0},
				{"appName": "네이버 지도", "usage": 0},
				{"appName": "삼성 인터넷", "usage": 0},
				{"appName": "시외버스 모바일", "usage": 0},
				{"appName": "네이버 웹툰", "usage": 0},
				{"appName": "고속버스 모바일", "usage": 0},
				{"appName": "카카오지하철", "usage": 0},
				{"appName": "B612", "usage": 0},
				{"appName": "날씨", "usage": 0},
				{"appName": "Polar Beat", "usage": 0},
				{"appName": "카카오톡", "usage": 0},
				{"appName": "메시지", "usage": 0},
				{"appName": "갤러리", "usage": 0},
				{"appName": "Logger", "usage": 0},
				{"appName": "캘린더", "usage": 0},
				{"appName": "연락처", "usage": 0},
				{"appName": "CaptivePortalLogin", "usage": 0},
				{"appName": "Paco", "usage": 0},
				{"appName": "시계", "usage": 0},
				{"appName": "설정", "usage": 0},
				{"appName": "안드로이드 시스템", "usage": 0},
				{"appName": "소프트웨어 업데이트", "usage": 0},
				{"appName": "배경화면", "usage": 0},
				{"appName": "Samsung Experience 홈", "usage": 0},
				{"appName": "시스템 UI", "usage": 0},
				{"appName": "하나1Q페이", "usage": 0},
				{"appName": "패키지 설치 프로그램", "usage": 0}
			]
		},
		"lastPickup": {"time": 0}
	},
	{
		"date": 4,
		"totalTime": {
			"usage": 634,
			"details": [
				{"appName": "Facebook", "usage": 218},
				{"appName": "카카오톡", "usage": 213},
				{"appName": "삼성 인터넷", "usage": 43},
				{"appName": "네이버 웹툰", "usage": 41},
				{"appName": "YouTube", "usage": 16},
				{"appName": "Samsung Experience 홈", "usage": 16},
				{"appName": "Microsoft Band", "usage": 15},
				{"appName": "네이버 지도", "usage": 10},
				{"appName": "전화", "usage": 9},
				{"appName": "여기어때", "usage": 6},
				{"appName": "B612", "usage": 3},
				{"appName": "갤러리", "usage": 3},
				{"appName": "설정", "usage": 3},
				{"appName": "Logger", "usage": 3},
				{"appName": "Paco", "usage": 2},
				{"appName": "Polar Beat", "usage": 2},
				{"appName": "캘린더", "usage": 1},
				{"appName": "코레일톡", "usage": 1},
				{"appName": "내 파일", "usage": 1},
				{"appName": "Google Play 스토어", "usage": 1},
				{"appName": "시스템 UI", "usage": 0},
				{"appName": "NAVER", "usage": 0},
				{"appName": "KLMS", "usage": 0},
				{"appName": "Messenger", "usage": 0},
				{"appName": "안드로이드 시스템", "usage": 0},
				{"appName": "Intra", "usage": 0},
				{"appName": "패키지 설치 프로그램", "usage": 0},
				{"appName": "드라이브", "usage": 0},
				{"appName": "The Day Before", "usage": 0},
				{"appName": "연락처", "usage": 0},
				{"appName": "보안 폴더", "usage": 0},
				{"appName": "Google", "usage": 0},
				{"appName": "VpnDialogs", "usage": 0}
			]
		},
		"pickups": {"usage": 157},
		"downTime": {
			"usage": [
				{"hour": "0", "usage": 1},
				{"hour": "1", "usage": 8},
				{"hour": "2", "usage": 49},
				{"hour": "3", "usage": 58},
				{"hour": "4", "usage": 48},
				{"hour": "5", "usage": 32},
				{"hour": "6", "usage": 42},
				{"hour": "7", "usage": 30},
				{"hour": "8", "usage": 41},
				{"hour": "9", "usage": 0},
				{"hour": "10", "usage": 14},
				{"hour": "11", "usage": 17},
				{"hour": "12", "usage": 30},
				{"hour": "13", "usage": 41},
				{"hour": "14", "usage": 41},
				{"hour": "15", "usage": 59},
				{"hour": "16", "usage": 55},
				{"hour": "17", "usage": 40},
				{"hour": "18", "usage": 20},
				{"hour": "20", "usage": 0}
			],
			"details": [
				{"appName": "카카오톡", "usage": [0, 1, 2, 3, 4, 5, 6, 7, 8, 10, 11, 12, 13, 14, 15, 16, 17, 18]},
				{"appName": "Facebook", "usage": [0, 1, 2, 3, 4, 5, 6, 7, 8, 10, 11, 12, 13, 14, 15, 16, 18]},
				{"appName": "Samsung Experience 홈", "usage": [2, 3, 4, 5, 6, 7, 8, 10, 11, 12, 13, 14, 15, 16, 17, 18]},
				{"appName": "시스템 UI", "usage": [3, 4, 5, 6, 7, 8, 10, 12, 14, 15, 16, 18]},
				{"appName": "삼성 인터넷", "usage": [2, 3, 4, 6, 7, 8, 10, 11, 12, 16, 18]},
				{"appName": "Paco", "usage": [2, 3, 4, 6, 7, 8, 10, 11, 12, 13]},
				{"appName": "설정", "usage": [3, 4, 5, 6, 7, 13, 16]},
				{"appName": "네이버 지도", "usage": [3, 4, 12, 13, 16, 18]},
				{"appName": "네이버 웹툰", "usage": [6, 7, 11, 12, 13, 14]},
				{"appName": "Logger", "usage": [6, 7, 8, 10, 11, 13]},
				{"appName": "전화", "usage": [3, 4, 6, 7, 18]},
				{"appName": "Polar Beat", "usage": [4, 8, 11, 12, 13]},
				{"appName": "패키지 설치 프로그램", "usage": [6, 7, 8, 11]},
				{"appName": "보안 폴더", "usage": [10, 11, 12, 15]},
				{"appName": "갤러리", "usage": [5, 8, 15, 18]},
				{"appName": "Messenger", "usage": [6, 10, 11, 12]},
				{"appName": "KLMS", "usage": [4, 7, 12, 18]},
				{"appName": "B612", "usage": [13, 14, 15, 17]},
				{"appName": "안드로이드 시스템", "usage": [4, 13, 14]},
				{"appName": "Microsoft Band", "usage": [6, 7, 10]},
				{"appName": "Intra", "usage": [8, 10, 16]},
				{"appName": "YouTube", "usage": [3, 4]},
				{"appName": "코레일톡", "usage": [18]},
				{"appName": "캘린더", "usage": [10]},
				{"appName": "연락처", "usage": [7]},
				{"appName": "여기어때", "usage": [16]},
				{"appName": "드라이브", "usage": [4]},
				{"appName": "내 파일", "usage": [8]},
				{"appName": "VpnDialogs", "usage": [8]},
				{"appName": "The Day Before", "usage": [3]},
				{"appName": "NAVER", "usage": [12]},
				{"appName": "Google Play 스토어", "usage": [8]},
				{"appName": "Google", "usage": [7]}
			]
		},
		"maxTime": {
			"usage": 89,
			"details": [
				{"appName": "카카오톡", "usage": 16},
				{"appName": "삼성 인터넷", "usage": 15},
				{"appName": "Facebook", "usage": 9},
				{"appName": "전화", "usage": 7},
				{"appName": "YouTube", "usage": 4},
				{"appName": "네이버 지도", "usage": 3},
				{"appName": "B612", "usage": 3},
				{"appName": "Microsoft Band", "usage": 2},
				{"appName": "네이버 웹툰", "usage": 2},
				{"appName": "갤러리", "usage": 1},
				{"appName": "Logger", "usage": 1},
				{"appName": "내 파일", "usage": 1},
				{"appName": "설정", "usage": 0},
				{"appName": "캘린더", "usage": 0},
				{"appName": "Samsung Experience 홈", "usage": 0},
				{"appName": "코레일톡", "usage": 0},
				{"appName": "NAVER", "usage": 0},
				{"appName": "Google Play 스토어", "usage": 0},
				{"appName": "Polar Beat", "usage": 0},
				{"appName": "여기어때", "usage": 0},
				{"appName": "Messenger", "usage": 0},
				{"appName": "Paco", "usage": 0},
				{"appName": "안드로이드 시스템", "usage": 0},
				{"appName": "KLMS", "usage": 0},
				{"appName": "드라이브", "usage": 0},
				{"appName": "Intra", "usage": 0},
				{"appName": "시스템 UI", "usage": 0},
				{"appName": "연락처", "usage": 0},
				{"appName": "The Day Before", "usage": 0},
				{"appName": "패키지 설치 프로그램", "usage": 0},
				{"appName": "Google", "usage": 0},
				{"appName": "VpnDialogs", "usage": 0},
				{"appName": "보안 폴더", "usage": 0}
			]
		},
		"avgTime": {
			"usage": 4,
			"details": [
				{"appName": "YouTube", "usage": 2},
				{"appName": "삼성 인터넷", "usage": 1},
				{"appName": "내 파일", "usage": 1},
				{"appName": "전화", "usage": 1},
				{"appName": "B612", "usage": 0},
				{"appName": "Facebook", "usage": 0},
				{"appName": "갤러리", "usage": 0},
				{"appName": "네이버 지도", "usage": 0},
				{"appName": "Microsoft Band", "usage": 0},
				{"appName": "코레일톡", "usage": 0},
				{"appName": "캘린더", "usage": 0},
				{"appName": "네이버 웹툰", "usage": 0},
				{"appName": "NAVER", "usage": 0},
				{"appName": "Polar Beat", "usage": 0},
				{"appName": "Logger", "usage": 0},
				{"appName": "카카오톡", "usage": 0},
				{"appName": "설정", "usage": 0},
				{"appName": "여기어때", "usage": 0},
				{"appName": "드라이브", "usage": 0},
				{"appName": "안드로이드 시스템", "usage": 0},
				{"appName": "Paco", "usage": 0},
				{"appName": "Samsung Experience 홈", "usage": 0},
				{"appName": "Messenger", "usage": 0},
				{"appName": "Google Play 스토어", "usage": 0},
				{"appName": "Intra", "usage": 0},
				{"appName": "연락처", "usage": 0},
				{"appName": "KLMS", "usage": 0},
				{"appName": "Google", "usage": 0},
				{"appName": "The Day Before", "usage": 0},
				{"appName": "시스템 UI", "usage": 0},
				{"appName": "VpnDialogs", "usage": 0},
				{"appName": "패키지 설치 프로그램", "usage": 0},
				{"appName": "보안 폴더", "usage": 0}
			]
		},
		"lastPickup": {"time": 0}
	},
	{
		"date": 5,
		"totalTime": {
			"usage": 489,
			"details": [
				{"appName": "Facebook", "usage": 109},
				{"appName": "카카오톡", "usage": 95},
				{"appName": "YouTube", "usage": 82},
				{"appName": "네이버 웹툰", "usage": 75},
				{"appName": "삼성 인터넷", "usage": 34},
				{"appName": "Samsung Experience 홈", "usage": 15},
				{"appName": "전화", "usage": 14},
				{"appName": "쿠팡", "usage": 13},
				{"appName": "네이버 지도", "usage": 8},
				{"appName": "코레일톡", "usage": 4},
				{"appName": "Logger", "usage": 2},
				{"appName": "Paco", "usage": 2},
				{"appName": "Google Play 스토어", "usage": 1},
				{"appName": "카카오지하철", "usage": 1},
				{"appName": "고속버스 모바일", "usage": 1},
				{"appName": "시스템 UI", "usage": 1},
				{"appName": "설정", "usage": 1},
				{"appName": "Polar Beat", "usage": 0},
				{"appName": "드라이브", "usage": 0},
				{"appName": "KLMS", "usage": 0},
				{"appName": "메시지", "usage": 0},
				{"appName": "시계", "usage": 0},
				{"appName": "카메라", "usage": 0},
				{"appName": "연락처", "usage": 0},
				{"appName": "갤러리", "usage": 0},
				{"appName": "패키지 설치 프로그램", "usage": 0},
				{"appName": "Intra", "usage": 0},
				{"appName": "Google Play 서비스", "usage": 0},
				{"appName": "안드로이드 시스템", "usage": 0},
				{"appName": "날씨", "usage": 0},
				{"appName": "CaptivePortalLogin", "usage": 0},
				{"appName": "Dropsync", "usage": 0},
				{"appName": "배경화면", "usage": 0},
				{"appName": "캘린더", "usage": 0},
				{"appName": "소프트웨어 업데이트", "usage": 0},
				{"appName": "빅스비 홈", "usage": 0}
			]
		},
		"pickups": {"usage": 244},
		"downTime": {
			"usage": [
				{"hour": "1", "usage": 3},
				{"hour": "2", "usage": 45},
				{"hour": "3", "usage": 41},
				{"hour": "4", "usage": 16},
				{"hour": "5", "usage": 60},
				{"hour": "6", "usage": 56},
				{"hour": "7", "usage": 27},
				{"hour": "8", "usage": 19},
				{"hour": "9", "usage": 12},
				{"hour": "10", "usage": 56},
				{"hour": "11", "usage": 55},
				{"hour": "12", "usage": 39},
				{"hour": "13", "usage": 7},
				{"hour": "14", "usage": 8},
				{"hour": "15", "usage": 9},
				{"hour": "16", "usage": 4},
				{"hour": "17", "usage": 1},
				{"hour": "18", "usage": 14},
				{"hour": "20", "usage": 0},
				{"hour": "22", "usage": 0},
				{"hour": "23", "usage": 10}
			],
			"details": [
				{"appName": "카카오톡", "usage": [1, 2, 3, 4, 5, 6, 7, 8, 9, 10, 11, 12, 13, 14, 15, 16, 17, 18, 23]},
				{"appName": "Samsung Experience 홈", "usage": [1, 2, 3, 4, 5, 6, 7, 8, 9, 10, 11, 12, 13, 14, 15, 17, 18, 23]},
				{"appName": "Facebook", "usage": [1, 2, 3, 4, 5, 6, 7, 8, 10, 11, 12, 14, 15, 17, 18, 23]},
				{"appName": "Paco", "usage": [3, 4, 5, 6, 8, 9, 11, 12, 13]},
				{"appName": "삼성 인터넷", "usage": [1, 3, 5, 6, 7, 10, 12, 13]},
				{"appName": "전화", "usage": [1, 5, 9, 11, 12, 13]},
				{"appName": "시스템 UI", "usage": [2, 5, 6, 7, 11, 12]},
				{"appName": "설정", "usage": [3, 5, 11, 12, 13, 23]},
				{"appName": "네이버 웹툰", "usage": [2, 3, 4, 5, 6, 14]},
				{"appName": "YouTube", "usage": [3, 4, 5, 10, 11]},
				{"appName": "Logger", "usage": [5, 7, 12, 23]},
				{"appName": "KLMS", "usage": [2, 5, 6, 23]},
				{"appName": "패키지 설치 프로그램", "usage": [5, 12, 23]},
				{"appName": "카메라", "usage": [7, 9, 17]},
				{"appName": "안드로이드 시스템", "usage": [2, 5, 11]},
				{"appName": "고속버스 모바일", "usage": [3, 8, 9]},
				{"appName": "Polar Beat", "usage": [3, 14, 23]},
				{"appName": "쿠팡", "usage": [10, 12]},
				{"appName": "연락처", "usage": [9, 12]},
				{"appName": "시계", "usage": [18, 23]},
				{"appName": "소프트웨어 업데이트", "usage": [20, 23]},
				{"appName": "메시지", "usage": [13, 14]},
				{"appName": "네이버 지도", "usage": [11, 12]},
				{"appName": "갤러리", "usage": [11, 12]},
				{"appName": "Google Play 서비스", "usage": [5, 11]},
				{"appName": "코레일톡", "usage": [12]},
				{"appName": "캘린더", "usage": [11]},
				{"appName": "카카오지하철", "usage": [12]},
				{"appName": "빅스비 홈", "usage": [23]},
				{"appName": "배경화면", "usage": [11]},
				{"appName": "드라이브", "usage": [2]},
				{"appName": "날씨", "usage": [15]},
				{"appName": "Intra", "usage": [6]},
				{"appName": "Google Play 스토어", "usage": [10]},
				{"appName": "Dropsync", "usage": [6]},
				{"appName": "CaptivePortalLogin", "usage": [9]}
			]
		},
		"maxTime": {
			"usage": 105,
			"details": [
				{"appName": "YouTube", "usage": 54},
				{"appName": "Facebook", "usage": 15},
				{"appName": "카카오톡", "usage": 8},
				{"appName": "삼성 인터넷", "usage": 7},
				{"appName": "전화", "usage": 6},
				{"appName": "네이버 웹툰", "usage": 5},
				{"appName": "네이버 지도", "usage": 2},
				{"appName": "Samsung Experience 홈", "usage": 2},
				{"appName": "Logger", "usage": 1},
				{"appName": "쿠팡", "usage": 1},
				{"appName": "코레일톡", "usage": 0},
				{"appName": "Google Play 스토어", "usage": 0},
				{"appName": "카카오지하철", "usage": 0},
				{"appName": "드라이브", "usage": 0},
				{"appName": "고속버스 모바일", "usage": 0},
				{"appName": "메시지", "usage": 0},
				{"appName": "시계", "usage": 0},
				{"appName": "Paco", "usage": 0},
				{"appName": "시스템 UI", "usage": 0},
				{"appName": "갤러리", "usage": 0},
				{"appName": "설정", "usage": 0},
				{"appName": "카메라", "usage": 0},
				{"appName": "Polar Beat", "usage": 0},
				{"appName": "패키지 설치 프로그램", "usage": 0},
				{"appName": "KLMS", "usage": 0},
				{"appName": "날씨", "usage": 0},
				{"appName": "Intra", "usage": 0},
				{"appName": "Google Play 서비스", "usage": 0},
				{"appName": "연락처", "usage": 0},
				{"appName": "CaptivePortalLogin", "usage": 0},
				{"appName": "안드로이드 시스템", "usage": 0},
				{"appName": "Dropsync", "usage": 0},
				{"appName": "배경화면", "usage": 0},
				{"appName": "캘린더", "usage": 0},
				{"appName": "소프트웨어 업데이트", "usage": 0},
				{"appName": "빅스비 홈", "usage": 0}
			]
		},
		"avgTime": {
			"usage": 2,
			"details": [
				{"appName": "YouTube", "usage": 9},
				{"appName": "삼성 인터넷", "usage": 1},
				{"appName": "전화", "usage": 0},
				{"appName": "네이버 웹툰", "usage": 0},
				{"appName": "드라이브", "usage": 0},
				{"appName": "Facebook", "usage": 0},
				{"appName": "네이버 지도", "usage": 0},
				{"appName": "카카오지하철", "usage": 0},
				{"appName": "Logger", "usage": 0},
				{"appName": "메시지", "usage": 0},
				{"appName": "코레일톡", "usage": 0},
				{"appName": "쿠팡", "usage": 0},
				{"appName": "Google Play 스토어", "usage": 0},
				{"appName": "고속버스 모바일", "usage": 0},
				{"appName": "카카오톡", "usage": 0},
				{"appName": "시계", "usage": 0},
				{"appName": "날씨", "usage": 0},
				{"appName": "갤러리", "usage": 0},
				{"appName": "설정", "usage": 0},
				{"appName": "Polar Beat", "usage": 0},
				{"appName": "Samsung Experience 홈", "usage": 0},
				{"appName": "Intra", "usage": 0},
				{"appName": "카메라", "usage": 0},
				{"appName": "Paco", "usage": 0},
				{"appName": "CaptivePortalLogin", "usage": 0},
				{"appName": "KLMS", "usage": 0},
				{"appName": "시스템 UI", "usage": 0},
				{"appName": "Google Play 서비스", "usage": 0},
				{"appName": "배경화면", "usage": 0},
				{"appName": "캘린더", "usage": 0},
				{"appName": "연락처", "usage": 0},
				{"appName": "안드로이드 시스템", "usage": 0},
				{"appName": "패키지 설치 프로그램", "usage": 0},
				{"appName": "Dropsync", "usage": 0},
				{"appName": "소프트웨어 업데이트", "usage": 0},
				{"appName": "빅스비 홈", "usage": 0}
			]
		},
		"lastPickup": {"time": 0}
	},
	{
		"date": 6,
		"totalTime": {
			"usage": 483,
			"details": [
				{"appName": "네이버 웹툰", "usage": 132},
				{"appName": "카카오톡", "usage": 96},
				{"appName": "전화", "usage": 71},
				{"appName": "Facebook", "usage": 54},
				{"appName": "삼성 인터넷", "usage": 52},
				{"appName": "드라이브", "usage": 20},
				{"appName": "Samsung Experience 홈", "usage": 10},
				{"appName": "코레일톡", "usage": 5},
				{"appName": "네이버 지도", "usage": 3},
				{"appName": "고속버스 모바일", "usage": 3},
				{"appName": "에브리타임", "usage": 2},
				{"appName": "Paco", "usage": 1},
				{"appName": "토스", "usage": 1},
				{"appName": "여기어때", "usage": 1},
				{"appName": "KLMS", "usage": 1},
				{"appName": "메시지", "usage": 1},
				{"appName": "MUSINSA", "usage": 1},
				{"appName": "시외버스 모바일", "usage": 1},
				{"appName": "시스템 UI", "usage": 0},
				{"appName": "카카오지하철", "usage": 0},
				{"appName": "시계", "usage": 0},
				{"appName": "설정", "usage": 0},
				{"appName": "디바이스 관리", "usage": 0},
				{"appName": "Logger", "usage": 0},
				{"appName": "Polar Beat", "usage": 0},
				{"appName": "Messenger", "usage": 0},
				{"appName": "쿠팡", "usage": 0},
				{"appName": "안드로이드 시스템", "usage": 0},
				{"appName": "날씨", "usage": 0},
				{"appName": "Intra", "usage": 0},
				{"appName": "패키지 설치 프로그램", "usage": 0},
				{"appName": "연락처", "usage": 0},
				{"appName": "Google Play 서비스", "usage": 0},
				{"appName": "Google Play 스토어", "usage": 0}
			]
		},
		"pickups": {"usage": 243},
		"downTime": {
			"usage": [
				{"hour": "0", "usage": 10},
				{"hour": "1", "usage": 47},
				{"hour": "2", "usage": 45},
				{"hour": "3", "usage": 19},
				{"hour": "4", "usage": 22},
				{"hour": "5", "usage": 23},
				{"hour": "6", "usage": 55},
				{"hour": "7", "usage": 58},
				{"hour": "8", "usage": 17},
				{"hour": "9", "usage": 15},
				{"hour": "10", "usage": 5},
				{"hour": "11", "usage": 35},
				{"hour": "12", "usage": 4},
				{"hour": "13", "usage": 3},
				{"hour": "14", "usage": 47},
				{"hour": "15", "usage": 38},
				{"hour": "16", "usage": 34},
				{"hour": "21", "usage": 0},
				{"hour": "22", "usage": 0},
				{"hour": "23", "usage": 0}
			],
			"details": [
				{"appName": "카카오톡", "usage": [0, 1, 2, 3, 4, 5, 6, 7, 8, 9, 10, 11, 12, 13, 14, 15, 16]},
				{"appName": "Samsung Experience 홈", "usage": [0, 1, 2, 3, 4, 5, 6, 7, 8, 9, 11, 12, 13, 14, 15, 16]},
				{"appName": "Facebook", "usage": [0, 1, 2, 3, 4, 5, 6, 8, 9, 11, 12, 13, 15, 16]},
				{"appName": "삼성 인터넷", "usage": [0, 1, 2, 3, 4, 5, 6, 7, 8, 9, 10, 11]},
				{"appName": "시스템 UI", "usage": [1, 2, 3, 5, 6, 8, 9, 11, 15]},
				{"appName": "네이버 웹툰", "usage": [1, 2, 6, 7, 11, 15, 16, 22, 23]},
				{"appName": "전화", "usage": [5, 7, 8, 9, 14, 15]},
				{"appName": "네이버 지도", "usage": [1, 2, 4, 5, 11, 12]},
				{"appName": "Paco", "usage": [1, 2, 3, 6, 9, 11]},
				{"appName": "KLMS", "usage": [0, 1, 3, 5, 6, 9]},
				{"appName": "패키지 설치 프로그램", "usage": [2, 6, 11, 12]},
				{"appName": "안드로이드 시스템", "usage": [0, 1, 4, 9]},
				{"appName": "코레일톡", "usage": [1, 2, 11]},
				{"appName": "에브리타임", "usage": [1, 3, 9]},
				{"appName": "시계", "usage": [16, 22, 23]},
				{"appName": "설정", "usage": [8, 11, 14]},
				{"appName": "메시지", "usage": [0, 1, 7]},
				{"appName": "시외버스 모바일", "usage": [1, 2]},
				{"appName": "드라이브", "usage": [4, 5]},
				{"appName": "고속버스 모바일", "usage": [1, 2]},
				{"appName": "Polar Beat", "usage": [8, 11]},
				{"appName": "Logger", "usage": [8, 11]},
				{"appName": "Intra", "usage": [7, 9]},
				{"appName": "토스", "usage": [6]},
				{"appName": "쿠팡", "usage": [2]},
				{"appName": "카카오지하철", "usage": [1]},
				{"appName": "연락처", "usage": [7]},
				{"appName": "여기어때", "usage": [1]},
				{"appName": "디바이스 관리", "usage": [11]},
				{"appName": "날씨", "usage": [11]},
				{"appName": "Messenger", "usage": [11]},
				{"appName": "MUSINSA", "usage": [2]},
				{"appName": "Google Play 스토어", "usage": [1]},
				{"appName": "Google Play 서비스", "usage": [0]}
			]
		},
		"maxTime": {
			"usage": 65,
			"details": [
				{"appName": "전화", "usage": 40},
				{"appName": "카카오톡", "usage": 11},
				{"appName": "삼성 인터넷", "usage": 9},
				{"appName": "드라이브", "usage": 9},
				{"appName": "Facebook", "usage": 4},
				{"appName": "네이버 웹툰", "usage": 3},
				{"appName": "에브리타임", "usage": 1},
				{"appName": "MUSINSA", "usage": 1},
				{"appName": "코레일톡", "usage": 0},
				{"appName": "네이버 지도", "usage": 0},
				{"appName": "고속버스 모바일", "usage": 0},
				{"appName": "메시지", "usage": 0},
				{"appName": "시외버스 모바일", "usage": 0},
				{"appName": "카카오지하철", "usage": 0},
				{"appName": "KLMS", "usage": 0},
				{"appName": "여기어때", "usage": 0},
				{"appName": "설정", "usage": 0},
				{"appName": "Samsung Experience 홈", "usage": 0},
				{"appName": "토스", "usage": 0},
				{"appName": "Messenger", "usage": 0},
				{"appName": "쿠팡", "usage": 0},
				{"appName": "시계", "usage": 0},
				{"appName": "Logger", "usage": 0},
				{"appName": "디바이스 관리", "usage": 0},
				{"appName": "Paco", "usage": 0},
				{"appName": "시스템 UI", "usage": 0},
				{"appName": "날씨", "usage": 0},
				{"appName": "Polar Beat", "usage": 0},
				{"appName": "안드로이드 시스템", "usage": 0},
				{"appName": "연락처", "usage": 0},
				{"appName": "Intra", "usage": 0},
				{"appName": "패키지 설치 프로그램", "usage": 0},
				{"appName": "Google Play 서비스", "usage": 0},
				{"appName": "Google Play 스토어", "usage": 0}
			]
		},
		"avgTime": {
			"usage": 1,
			"details": [
				{"appName": "전화", "usage": 5},
				{"appName": "드라이브", "usage": 1},
				{"appName": "삼성 인터넷", "usage": 0},
				{"appName": "네이버 웹툰", "usage": 0},
				{"appName": "카카오지하철", "usage": 0},
				{"appName": "Facebook", "usage": 0},
				{"appName": "MUSINSA", "usage": 0},
				{"appName": "쿠팡", "usage": 0},
				{"appName": "네이버 지도", "usage": 0},
				{"appName": "코레일톡", "usage": 0},
				{"appName": "메시지", "usage": 0},
				{"appName": "날씨", "usage": 0},
				{"appName": "Messenger", "usage": 0},
				{"appName": "디바이스 관리", "usage": 0},
				{"appName": "에브리타임", "usage": 0},
				{"appName": "시외버스 모바일", "usage": 0},
				{"appName": "고속버스 모바일", "usage": 0},
				{"appName": "Logger", "usage": 0},
				{"appName": "카카오톡", "usage": 0},
				{"appName": "설정", "usage": 0},
				{"appName": "여기어때", "usage": 0},
				{"appName": "토스", "usage": 0},
				{"appName": "Paco", "usage": 0},
				{"appName": "시계", "usage": 0},
				{"appName": "KLMS", "usage": 0},
				{"appName": "연락처", "usage": 0},
				{"appName": "Polar Beat", "usage": 0},
				{"appName": "Samsung Experience 홈", "usage": 0},
				{"appName": "안드로이드 시스템", "usage": 0},
				{"appName": "Google Play 서비스", "usage": 0},
				{"appName": "시스템 UI", "usage": 0},
				{"appName": "Intra", "usage": 0},
				{"appName": "패키지 설치 프로그램", "usage": 0},
				{"appName": "Google Play 스토어", "usage": 0}
			]
		},
		"lastPickup": {"time": 0}
	},
	{
		"date": 7,
		"totalTime": {
			"usage": 278,
			"details": [
				{"appName": "카카오톡", "usage": 47},
				{"appName": "네이버 웹툰", "usage": 46},
				{"appName": "Facebook", "usage": 41},
				{"appName": "네이버 지도", "usage": 34},
				{"appName": "삼성 인터넷", "usage": 22},
				{"appName": "YouTube", "usage": 21},
				{"appName": "Samsung Experience 홈", "usage": 12},
				{"appName": "B612", "usage": 11},
				{"appName": "메시지", "usage": 4},
				{"appName": "코레일톡", "usage": 4},
				{"appName": "토스", "usage": 2},
				{"appName": "Paco", "usage": 1},
				{"appName": "카카오지하철", "usage": 1},
				{"appName": "KLMS", "usage": 1},
				{"appName": "쿠팡", "usage": 0},
				{"appName": "NAVER", "usage": 0},
				{"appName": "Polar Beat", "usage": 0},
				{"appName": "갤러리", "usage": 0},
				{"appName": "전화", "usage": 0},
				{"appName": "Google Play 스토어", "usage": 0},
				{"appName": "Logger", "usage": 0},
				{"appName": "안드로이드 시스템", "usage": 0},
				{"appName": "연락처", "usage": 0},
				{"appName": "시스템 UI", "usage": 0},
				{"appName": "설정", "usage": 0},
				{"appName": "후후", "usage": 0},
				{"appName": "Intra", "usage": 0},
				{"appName": "소프트웨어 업데이트", "usage": 0},
				{"appName": "캘린더", "usage": 0},
				{"appName": "음성 녹음", "usage": 0},
				{"appName": "패키지 설치 프로그램", "usage": 0}
			]
		},
		"pickups": {"usage": 288},
		"downTime": {
			"usage": [
				{"hour": "0", "usage": 1},
				{"hour": "1", "usage": 37},
				{"hour": "2", "usage": 32},
				{"hour": "3", "usage": 16},
				{"hour": "4", "usage": 27},
				{"hour": "5", "usage": 37},
				{"hour": "6", "usage": 25},
				{"hour": "7", "usage": 11},
				{"hour": "8", "usage": 16},
				{"hour": "9", "usage": 21},
				{"hour": "10", "usage": 13},
				{"hour": "11", "usage": 19},
				{"hour": "12", "usage": 7},
				{"hour": "13", "usage": 3},
				{"hour": "14", "usage": 2},
				{"hour": "15", "usage": 1},
				{"hour": "20", "usage": 0},
				{"hour": "23", "usage": 0}
			],
			"details": [
				{"appName": "카카오톡", "usage": [1, 2, 3, 4, 5, 6, 7, 8, 9, 10, 11, 12, 13, 14, 15, 20]},
				{"appName": "Samsung Experience 홈", "usage": [1, 2, 3, 4, 5, 6, 7, 8, 9, 10, 11, 12, 13, 14]},
				{"appName": "삼성 인터넷", "usage": [1, 2, 4, 5, 6, 7, 8, 9]},
				{"appName": "네이버 지도", "usage": [4, 5, 6, 7, 8, 9, 12]},
				{"appName": "Paco", "usage": [5, 6, 7, 8, 9, 12, 13]},
				{"appName": "Facebook", "usage": [2, 3, 4, 5, 6, 8, 9]},
				{"appName": "시스템 UI", "usage": [2, 4, 5, 6, 8, 11]},
				{"appName": "메시지", "usage": [5, 7, 8, 9, 14]},
				{"appName": "Polar Beat", "usage": [5, 7, 10, 13]},
				{"appName": "KLMS", "usage": [4, 5, 6, 9]},
				{"appName": "토스", "usage": [4, 5, 8]},
				{"appName": "쿠팡", "usage": [1, 4, 8]},
				{"appName": "코레일톡", "usage": [4, 5, 6]},
				{"appName": "연락처", "usage": [6, 12, 14]},
				{"appName": "YouTube", "usage": [10, 11, 12]},
				{"appName": "B612", "usage": [9, 10, 11]},
				{"appName": "패키지 설치 프로그램", "usage": [5, 13]},
				{"appName": "카카오지하철", "usage": [4, 6]},
				{"appName": "안드로이드 시스템", "usage": [7, 11]},
				{"appName": "네이버 웹툰", "usage": [1, 2]},
				{"appName": "갤러리", "usage": [5, 9]},
				{"appName": "Logger", "usage": [5, 13]},
				{"appName": "후후", "usage": [11]},
				{"appName": "캘린더", "usage": [6]},
				{"appName": "전화", "usage": [6]},
				{"appName": "음성 녹음", "usage": [3]},
				{"appName": "소프트웨어 업데이트", "usage": [5]},
				{"appName": "설정", "usage": [5]},
				{"appName": "NAVER", "usage": [6]},
				{"appName": "Intra", "usage": [2]},
				{"appName": "Google Play 스토어", "usage": [4]}
			]
		},
		"maxTime": {
			"usage": 60,
			"details": [
				{"appName": "YouTube", "usage": 11},
				{"appName": "삼성 인터넷", "usage": 10},
				{"appName": "Facebook", "usage": 3},
				{"appName": "B612", "usage": 2},
				{"appName": "네이버 웹툰", "usage": 2},
				{"appName": "네이버 지도", "usage": 2},
				{"appName": "카카오톡", "usage": 1},
				{"appName": "메시지", "usage": 1},
				{"appName": "코레일톡", "usage": 1},
				{"appName": "NAVER", "usage": 0},
				{"appName": "카카오지하철", "usage": 0},
				{"appName": "전화", "usage": 0},
				{"appName": "쿠팡", "usage": 0},
				{"appName": "갤러리", "usage": 0},
				{"appName": "Polar Beat", "usage": 0},
				{"appName": "토스", "usage": 0},
				{"appName": "KLMS", "usage": 0},
				{"appName": "Samsung Experience 홈", "usage": 0},
				{"appName": "Google Play 스토어", "usage": 0},
				{"appName": "안드로이드 시스템", "usage": 0},
				{"appName": "Paco", "usage": 0},
				{"appName": "Logger", "usage": 0},
				{"appName": "연락처", "usage": 0},
				{"appName": "Intra", "usage": 0},
				{"appName": "설정", "usage": 0},
				{"appName": "후후", "usage": 0},
				{"appName": "시스템 UI", "usage": 0},
				{"appName": "소프트웨어 업데이트", "usage": 0},
				{"appName": "캘린더", "usage": 0},
				{"appName": "음성 녹음", "usage": 0},
				{"appName": "패키지 설치 프로그램", "usage": 0}
			]
		},
		"avgTime": {
			"usage": 0,
			"details": [
				{"appName": "YouTube", "usage": 3},
				{"appName": "삼성 인터넷", "usage": 1},
				{"appName": "B612", "usage": 0},
				{"appName": "네이버 웹툰", "usage": 0},
				{"appName": "Facebook", "usage": 0},
				{"appName": "전화", "usage": 0},
				{"appName": "갤러리", "usage": 0},
				{"appName": "네이버 지도", "usage": 0},
				{"appName": "메시지", "usage": 0},
				{"appName": "NAVER", "usage": 0},
				{"appName": "카카오지하철", "usage": 0},
				{"appName": "토스", "usage": 0},
				{"appName": "안드로이드 시스템", "usage": 0},
				{"appName": "코레일톡", "usage": 0},
				{"appName": "쿠팡", "usage": 0},
				{"appName": "Logger", "usage": 0},
				{"appName": "Polar Beat", "usage": 0},
				{"appName": "KLMS", "usage": 0},
				{"appName": "Paco", "usage": 0},
				{"appName": "카카오톡", "usage": 0},
				{"appName": "연락처", "usage": 0},
				{"appName": "Samsung Experience 홈", "usage": 0},
				{"appName": "Intra", "usage": 0},
				{"appName": "Google Play 스토어", "usage": 0},
				{"appName": "캘린더", "usage": 0},
				{"appName": "설정", "usage": 0},
				{"appName": "음성 녹음", "usage": 0},
				{"appName": "후후", "usage": 0},
				{"appName": "시스템 UI", "usage": 0},
				{"appName": "소프트웨어 업데이트", "usage": 0},
				{"appName": "패키지 설치 프로그램", "usage": 0}
			]
		},
		"lastPickup": {"time": 0}
	}
]
