[
	{
		"date": 1,
		"totalTime": {
			"usage": 661,
			"details": [
				{"appName": "시계", "usage": 7127},
				{"appName": "YouTube", "usage": 189},
				{"appName": "삼성 인터넷", "usage": 83},
				{"appName": "Facebook", "usage": 83},
				{"appName": "네이버 웹툰", "usage": 52},
				{"appName": "카카오톡", "usage": 49},
				{"appName": "Samsung Experience 홈", "usage": 16},
				{"appName": "통화", "usage": 16},
				{"appName": "Polar Beat", "usage": 6},
				{"appName": "Paco", "usage": 3},
				{"appName": "전화", "usage": 2},
				{"appName": "비디오 플레이어", "usage": 1},
				{"appName": "캠퍼스팅", "usage": 1},
				{"appName": "Instagram", "usage": 1},
				{"appName": "김과외", "usage": 1},
				{"appName": "카메라", "usage": 1},
				{"appName": "텔레그램", "usage": 1},
				{"appName": "갤러리", "usage": 1},
				{"appName": "빅스비 보이스", "usage": 1},
				{"appName": "카카오뱅크", "usage": 0},
				{"appName": "날씨", "usage": 0},
				{"appName": "게임런처", "usage": 0},
				{"appName": "안드로이드 시스템", "usage": 0},
				{"appName": "밥대생", "usage": 0},
				{"appName": "리마인더", "usage": 0},
				{"appName": "토스", "usage": 0},
				{"appName": "Melon", "usage": 0},
				{"appName": "Messenger", "usage": 0},
				{"appName": "설정", "usage": 0},
				{"appName": "Samsung Pay", "usage": 0},
				{"appName": "접근성", "usage": 0},
				{"appName": "Logger", "usage": 0},
				{"appName": "패키지 설치 프로그램", "usage": 0},
				{"appName": "ABC Logger", "usage": 0},
				{"appName": "Google Play 스토어", "usage": 0},
				{"appName": "보안 폴더", "usage": 0},
				{"appName": "원스토어", "usage": 0}
			]
		},
		"pickups": {"usage": 124},
		"downTime": {
			"usage": [
				{"hour": "0", "usage": 22},
				{"hour": "1", "usage": 60},
				{"hour": "2", "usage": 60},
				{"hour": "3", "usage": 16},
				{"hour": "5", "usage": 35},
				{"hour": "6", "usage": 42},
				{"hour": "7", "usage": 52},
				{"hour": "8", "usage": 16},
				{"hour": "9", "usage": 10},
				{"hour": "10", "usage": 28},
				{"hour": "11", "usage": 0},
				{"hour": "12", "usage": 31},
				{"hour": "13", "usage": 29},
				{"hour": "14", "usage": 52},
				{"hour": "15", "usage": 17},
				{"hour": "16", "usage": 40},
				{"hour": "17", "usage": 42},
				{"hour": "18", "usage": 26},
				{"hour": "19", "usage": 8},
				{"hour": "20", "usage": 48},
				{"hour": "21", "usage": 19}
			],
			"details": [
				{"appName": "Samsung Experience 홈", "usage": [5, 6, 7, 8, 9, 10, 12, 13, 14, 15, 16, 17, 18, 19, 20, 21]},
				{"appName": "Facebook", "usage": [5, 6, 7, 8, 9, 10, 12, 13, 14, 15, 16, 17, 18, 19, 20, 21]},
				{"appName": "카카오톡", "usage": [2, 3, 5, 6, 7, 8, 9, 10, 12, 14, 15, 16, 18, 19, 20]},
				{"appName": "YouTube", "usage": [5, 6, 7, 8, 10, 11, 12, 13, 14, 15, 16, 17, 18, 19]},
				{"appName": "삼성 인터넷", "usage": [5, 6, 7, 9, 12, 14, 15, 18, 20, 21]},
				{"appName": "통화", "usage": [0, 5, 9, 10, 13, 14, 17, 18, 19]},
				{"appName": "캠퍼스팅", "usage": [6, 8, 10, 12, 13]},
				{"appName": "전화", "usage": [8, 10, 17, 18, 19]},
				{"appName": "Paco", "usage": [6, 7, 8, 10, 12]},
				{"appName": "리마인더", "usage": [0, 9, 13]},
				{"appName": "Polar Beat", "usage": [6, 10, 17]},
				{"appName": "패키지 설치 프로그램", "usage": [6, 9]},
				{"appName": "카카오뱅크", "usage": [18, 21]},
				{"appName": "안드로이드 시스템", "usage": [6, 7]},
				{"appName": "네이버 웹툰", "usage": [14, 15]},
				{"appName": "갤러리", "usage": [6, 7]},
				{"appName": "Samsung Pay", "usage": [9, 19]},
				{"appName": "Messenger", "usage": [12, 16]},
				{"appName": "토스", "usage": [18]},
				{"appName": "텔레그램", "usage": [5]},
				{"appName": "카메라", "usage": [18]},
				{"appName": "접근성", "usage": [6]},
				{"appName": "원스토어", "usage": [8]},
				{"appName": "시계", "usage": [0]},
				{"appName": "설정", "usage": [6]},
				{"appName": "빅스비 보이스", "usage": [5]},
				{"appName": "비디오 플레이어", "usage": [7]},
				{"appName": "보안 폴더", "usage": [7]},
				{"appName": "밥대생", "usage": [17]},
				{"appName": "날씨", "usage": [5]},
				{"appName": "김과외", "usage": [15]},
				{"appName": "게임런처", "usage": [9]},
				{"appName": "Melon", "usage": [8]},
				{"appName": "Logger", "usage": [6]},
				{"appName": "Instagram", "usage": [12]},
				{"appName": "Google Play 스토어", "usage": [10]},
				{"appName": "ABC Logger", "usage": [6]}
			]
		},
		"maxTime": {
			"usage": 156,
			"details": [
				{"appName": "시계", "usage": 7126},
				{"appName": "YouTube", "usage": 33},
				{"appName": "카카오톡", "usage": 28},
				{"appName": "삼성 인터넷", "usage": 22},
				{"appName": "Facebook", "usage": 10},
				{"appName": "통화", "usage": 8},
				{"appName": "네이버 웹툰", "usage": 8},
				{"appName": "Polar Beat", "usage": 3},
				{"appName": "비디오 플레이어", "usage": 1},
				{"appName": "Samsung Experience 홈", "usage": 1},
				{"appName": "카메라", "usage": 1},
				{"appName": "텔레그램", "usage": 1},
				{"appName": "Instagram", "usage": 1},
				{"appName": "빅스비 보이스", "usage": 1},
				{"appName": "갤러리", "usage": 1},
				{"appName": "Paco", "usage": 0},
				{"appName": "캠퍼스팅", "usage": 0},
				{"appName": "전화", "usage": 0},
				{"appName": "김과외", "usage": 0},
				{"appName": "날씨", "usage": 0},
				{"appName": "카카오뱅크", "usage": 0},
				{"appName": "게임런처", "usage": 0},
				{"appName": "토스", "usage": 0},
				{"appName": "Melon", "usage": 0},
				{"appName": "밥대생", "usage": 0},
				{"appName": "리마인더", "usage": 0},
				{"appName": "Messenger", "usage": 0},
				{"appName": "설정", "usage": 0},
				{"appName": "안드로이드 시스템", "usage": 0},
				{"appName": "패키지 설치 프로그램", "usage": 0},
				{"appName": "Samsung Pay", "usage": 0},
				{"appName": "접근성", "usage": 0},
				{"appName": "ABC Logger", "usage": 0},
				{"appName": "Logger", "usage": 0},
				{"appName": "Google Play 스토어", "usage": 0},
				{"appName": "보안 폴더", "usage": 0},
				{"appName": "원스토어", "usage": 0}
			]
		},
		"avgTime": {
			"usage": 5,
			"details": [
				{"appName": "시계", "usage": 419},
				{"appName": "YouTube", "usage": 4},
				{"appName": "삼성 인터넷", "usage": 2},
				{"appName": "비디오 플레이어", "usage": 1},
				{"appName": "카메라", "usage": 1},
				{"appName": "텔레그램", "usage": 1},
				{"appName": "네이버 웹툰", "usage": 0},
				{"appName": "통화", "usage": 0},
				{"appName": "Instagram", "usage": 0},
				{"appName": "Polar Beat", "usage": 0},
				{"appName": "Facebook", "usage": 0},
				{"appName": "갤러리", "usage": 0},
				{"appName": "빅스비 보이스", "usage": 0},
				{"appName": "카카오톡", "usage": 0},
				{"appName": "날씨", "usage": 0},
				{"appName": "Paco", "usage": 0},
				{"appName": "김과외", "usage": 0},
				{"appName": "전화", "usage": 0},
				{"appName": "캠퍼스팅", "usage": 0},
				{"appName": "Samsung Experience 홈", "usage": 0},
				{"appName": "토스", "usage": 0},
				{"appName": "게임런처", "usage": 0},
				{"appName": "카카오뱅크", "usage": 0},
				{"appName": "Melon", "usage": 0},
				{"appName": "리마인더", "usage": 0},
				{"appName": "안드로이드 시스템", "usage": 0},
				{"appName": "밥대생", "usage": 0},
				{"appName": "Samsung Pay", "usage": 0},
				{"appName": "설정", "usage": 0},
				{"appName": "Messenger", "usage": 0},
				{"appName": "접근성", "usage": 0},
				{"appName": "패키지 설치 프로그램", "usage": 0},
				{"appName": "Logger", "usage": 0},
				{"appName": "ABC Logger", "usage": 0},
				{"appName": "Google Play 스토어", "usage": 0},
				{"appName": "보안 폴더", "usage": 0},
				{"appName": "원스토어", "usage": 0}
			]
		},
		"lastPickup": {"time": 14}
	},
	{
		"date": 2,
		"totalTime": {
			"usage": 618,
			"details": [
				{"appName": "YouTube", "usage": 273},
				{"appName": "Facebook", "usage": 111},
				{"appName": "카카오톡", "usage": 60},
				{"appName": "네이버 웹툰", "usage": 27},
				{"appName": "삼성 인터넷", "usage": 24},
				{"appName": "통화", "usage": 23},
				{"appName": "Samsung Experience 홈", "usage": 20},
				{"appName": "한컴오피스 viewer", "usage": 9},
				{"appName": "SR 고속열차", "usage": 5},
				{"appName": "Polar Beat", "usage": 4},
				{"appName": "Dropsync", "usage": 2},
				{"appName": "시계", "usage": 2},
				{"appName": "텔레그램", "usage": 2},
				{"appName": "Paco", "usage": 1},
				{"appName": "토스", "usage": 1},
				{"appName": "지하철종결자", "usage": 1},
				{"appName": "김과외", "usage": 1},
				{"appName": "Instagram", "usage": 0},
				{"appName": "캠퍼스팅", "usage": 0},
				{"appName": "Microsoft Health", "usage": 0},
				{"appName": "Samsung Pay", "usage": 0},
				{"appName": "프라임 영한한영", "usage": 0},
				{"appName": "Logger", "usage": 0},
				{"appName": "Messenger", "usage": 0},
				{"appName": "전화", "usage": 0},
				{"appName": "날씨", "usage": 0},
				{"appName": "설정", "usage": 0},
				{"appName": "지도", "usage": 0},
				{"appName": "카메라", "usage": 0},
				{"appName": "ABC Logger", "usage": 0},
				{"appName": "갤러리", "usage": 0},
				{"appName": "삼성 키보드 뉴럴 베타", "usage": 0},
				{"appName": "Zenly", "usage": 0},
				{"appName": "리마인더", "usage": 0},
				{"appName": "안드로이드 시스템", "usage": 0},
				{"appName": "접근성", "usage": 0},
				{"appName": "Google", "usage": 0},
				{"appName": "고속버스 모바일", "usage": 0},
				{"appName": "패키지 설치 프로그램", "usage": 0}
			]
		},
		"pickups": {"usage": 144},
		"downTime": {
			"usage": [
				{"hour": "0", "usage": 8},
				{"hour": "1", "usage": 28},
				{"hour": "4", "usage": 2},
				{"hour": "5", "usage": 31},
				{"hour": "6", "usage": 43},
				{"hour": "7", "usage": 26},
				{"hour": "8", "usage": 25},
				{"hour": "9", "usage": 20},
				{"hour": "10", "usage": 56},
				{"hour": "11", "usage": 23},
				{"hour": "12", "usage": 21},
				{"hour": "13", "usage": 59},
				{"hour": "14", "usage": 32},
				{"hour": "15", "usage": 25},
				{"hour": "16", "usage": 36},
				{"hour": "17", "usage": 8},
				{"hour": "18", "usage": 8},
				{"hour": "19", "usage": 13},
				{"hour": "20", "usage": 58},
				{"hour": "21", "usage": 40},
				{"hour": "22", "usage": 46}
			],
			"details": [
				{"appName": "Samsung Experience 홈", "usage": [0, 1, 2, 4, 5, 6, 7, 8, 9, 10, 11, 12, 13, 14, 15, 16, 17, 18, 19, 21, 22]},
				{"appName": "Facebook", "usage": [0, 1, 4, 5, 6, 7, 8, 9, 10, 11, 12, 13, 14, 15, 16, 17, 18, 19, 21]},
				{"appName": "카카오톡", "usage": [0, 1, 2, 3, 4, 5, 6, 7, 8, 9, 10, 12, 13, 15, 16, 18, 21]},
				{"appName": "YouTube", "usage": [0, 1, 5, 6, 9, 10, 11, 12, 13, 14, 15, 18, 19, 20, 21, 22]},
				{"appName": "삼성 인터넷", "usage": [0, 5, 6, 7, 8, 10, 13, 14, 16]},
				{"appName": "시계", "usage": [0, 1, 2, 4, 12, 13, 22]},
				{"appName": "Polar Beat", "usage": [0, 5, 8, 10, 13, 14, 15]},
				{"appName": "Paco", "usage": [5, 6, 7, 8, 10]},
				{"appName": "통화", "usage": [13, 14, 15, 16]},
				{"appName": "Messenger", "usage": [2, 5, 8, 15]},
				{"appName": "리마인더", "usage": [13, 14, 15]},
				{"appName": "네이버 웹툰", "usage": [0, 14, 16]},
				{"appName": "SR 고속열차", "usage": [16, 17, 19]},
				{"appName": "Dropsync", "usage": [8, 9, 14]},
				{"appName": "한컴오피스 viewer", "usage": [10, 14]},
				{"appName": "패키지 설치 프로그램", "usage": [5, 15]},
				{"appName": "토스", "usage": [15, 16]},
				{"appName": "캠퍼스팅", "usage": [8, 9]},
				{"appName": "지하철종결자", "usage": [17, 18]},
				{"appName": "접근성", "usage": [5, 15]},
				{"appName": "전화", "usage": [14, 16]},
				{"appName": "설정", "usage": [5, 15]},
				{"appName": "Samsung Pay", "usage": [6, 15]},
				{"appName": "Microsoft Health", "usage": [5, 15]},
				{"appName": "Logger", "usage": [5, 15]},
				{"appName": "ABC Logger", "usage": [5, 15]},
				{"appName": "프라임 영한한영", "usage": [13]},
				{"appName": "텔레그램", "usage": [13]},
				{"appName": "카메라", "usage": [19]},
				{"appName": "지도", "usage": [6]},
				{"appName": "안드로이드 시스템", "usage": [10]},
				{"appName": "삼성 키보드 뉴럴 베타", "usage": [15]},
				{"appName": "날씨", "usage": [5]},
				{"appName": "김과외", "usage": [5]},
				{"appName": "고속버스 모바일", "usage": [17]},
				{"appName": "갤러리", "usage": [19]},
				{"appName": "Zenly", "usage": [9]},
				{"appName": "Instagram", "usage": [8]},
				{"appName": "Google", "usage": [10]}
			]
		},
		"maxTime": {
			"usage": 55,
			"details": [
				{"appName": "YouTube", "usage": 55},
				{"appName": "통화", "usage": 18},
				{"appName": "Facebook", "usage": 13},
				{"appName": "한컴오피스 viewer", "usage": 7},
				{"appName": "카카오톡", "usage": 6},
				{"appName": "네이버 웹툰", "usage": 5},
				{"appName": "삼성 인터넷", "usage": 4},
				{"appName": "Samsung Experience 홈", "usage": 1},
				{"appName": "SR 고속열차", "usage": 1},
				{"appName": "텔레그램", "usage": 1},
				{"appName": "Polar Beat", "usage": 1},
				{"appName": "Dropsync", "usage": 1},
				{"appName": "토스", "usage": 0},
				{"appName": "김과외", "usage": 0},
				{"appName": "지하철종결자", "usage": 0},
				{"appName": "Instagram", "usage": 0},
				{"appName": "Samsung Pay", "usage": 0},
				{"appName": "프라임 영한한영", "usage": 0},
				{"appName": "Microsoft Health", "usage": 0},
				{"appName": "전화", "usage": 0},
				{"appName": "시계", "usage": 0},
				{"appName": "Paco", "usage": 0},
				{"appName": "Messenger", "usage": 0},
				{"appName": "Logger", "usage": 0},
				{"appName": "캠퍼스팅", "usage": 0},
				{"appName": "지도", "usage": 0},
				{"appName": "카메라", "usage": 0},
				{"appName": "날씨", "usage": 0},
				{"appName": "갤러리", "usage": 0},
				{"appName": "설정", "usage": 0},
				{"appName": "삼성 키보드 뉴럴 베타", "usage": 0},
				{"appName": "Zenly", "usage": 0},
				{"appName": "리마인더", "usage": 0},
				{"appName": "안드로이드 시스템", "usage": 0},
				{"appName": "ABC Logger", "usage": 0},
				{"appName": "Google", "usage": 0},
				{"appName": "접근성", "usage": 0},
				{"appName": "고속버스 모바일", "usage": 0},
				{"appName": "패키지 설치 프로그램", "usage": 0}
			]
		},
		"avgTime": {
			"usage": 4,
			"details": [
				{"appName": "YouTube", "usage": 6},
				{"appName": "한컴오피스 viewer", "usage": 2},
				{"appName": "통화", "usage": 2},
				{"appName": "텔레그램", "usage": 1},
				{"appName": "Facebook", "usage": 0},
				{"appName": "삼성 인터넷", "usage": 0},
				{"appName": "프라임 영한한영", "usage": 0},
				{"appName": "SR 고속열차", "usage": 0},
				{"appName": "Dropsync", "usage": 0},
				{"appName": "네이버 웹툰", "usage": 0},
				{"appName": "김과외", "usage": 0},
				{"appName": "카카오톡", "usage": 0},
				{"appName": "Polar Beat", "usage": 0},
				{"appName": "Instagram", "usage": 0},
				{"appName": "토스", "usage": 0},
				{"appName": "지하철종결자", "usage": 0},
				{"appName": "Samsung Pay", "usage": 0},
				{"appName": "지도", "usage": 0},
				{"appName": "날씨", "usage": 0},
				{"appName": "Microsoft Health", "usage": 0},
				{"appName": "갤러리", "usage": 0},
				{"appName": "Paco", "usage": 0},
				{"appName": "전화", "usage": 0},
				{"appName": "카메라", "usage": 0},
				{"appName": "Samsung Experience 홈", "usage": 0},
				{"appName": "삼성 키보드 뉴럴 베타", "usage": 0},
				{"appName": "Logger", "usage": 0},
				{"appName": "Zenly", "usage": 0},
				{"appName": "시계", "usage": 0},
				{"appName": "안드로이드 시스템", "usage": 0},
				{"appName": "Messenger", "usage": 0},
				{"appName": "설정", "usage": 0},
				{"appName": "캠퍼스팅", "usage": 0},
				{"appName": "Google", "usage": 0},
				{"appName": "접근성", "usage": 0},
				{"appName": "리마인더", "usage": 0},
				{"appName": "ABC Logger", "usage": 0},
				{"appName": "고속버스 모바일", "usage": 0},
				{"appName": "패키지 설치 프로그램", "usage": 0}
			]
		},
		"lastPickup": {"time": 29}
	},
	{
		"date": 3,
		"totalTime": {
			"usage": 671,
			"details": [
				{"appName": "YouTube", "usage": 188},
				{"appName": "삼성 인터넷", "usage": 65},
				{"appName": "Facebook", "usage": 47},
				{"appName": "네이버 웹툰", "usage": 33},
				{"appName": "지도", "usage": 32},
				{"appName": "카카오톡", "usage": 25},
				{"appName": "통화", "usage": 25},
				{"appName": "Samsung Experience 홈", "usage": 23},
				{"appName": "시계", "usage": 12},
				{"appName": "Samsung Pay", "usage": 6},
				{"appName": "한컴오피스 viewer", "usage": 5},
				{"appName": "지하철종결자", "usage": 4},
				{"appName": "설정", "usage": 3},
				{"appName": "Polar Beat", "usage": 2},
				{"appName": "Messenger", "usage": 2},
				{"appName": "Instagram", "usage": 2},
				{"appName": "Google Play 스토어", "usage": 1},
				{"appName": "캠퍼스팅", "usage": 1},
				{"appName": "카카오뱅크", "usage": 1},
				{"appName": "삼성 키보드 뉴럴 베타", "usage": 1},
				{"appName": "카카오 T", "usage": 0},
				{"appName": "에브리타임", "usage": 0},
				{"appName": "비디오 플레이어", "usage": 0},
				{"appName": "전화", "usage": 0},
				{"appName": "텔레그램", "usage": 0},
				{"appName": "Paco", "usage": 0},
				{"appName": "내 파일", "usage": 0},
				{"appName": "토스", "usage": 0},
				{"appName": "Logger", "usage": 0},
				{"appName": "카메라", "usage": 0},
				{"appName": "리마인더", "usage": 0},
				{"appName": "접근성", "usage": 0},
				{"appName": "김과외", "usage": 0},
				{"appName": "패키지 설치 프로그램", "usage": 0}
			]
		},
		"pickups": {"usage": 183},
		"downTime": {
			"usage": [
				{"hour": "1", "usage": 7},
				{"hour": "2", "usage": 4},
				{"hour": "3", "usage": 33},
				{"hour": "4", "usage": 26},
				{"hour": "5", "usage": 25},
				{"hour": "6", "usage": 1},
				{"hour": "7", "usage": 19},
				{"hour": "8", "usage": 44},
				{"hour": "9", "usage": 50},
				{"hour": "10", "usage": 53},
				{"hour": "11", "usage": 44},
				{"hour": "12", "usage": 43},
				{"hour": "13", "usage": 32},
				{"hour": "14", "usage": 29},
				{"hour": "15", "usage": 15},
				{"hour": "16", "usage": 3},
				{"hour": "17", "usage": 17},
				{"hour": "18", "usage": 18},
				{"hour": "19", "usage": 46},
				{"hour": "20", "usage": 6}
			],
			"details": [
				{"appName": "Samsung Experience 홈", "usage": [1, 2, 3, 4, 5, 7, 8, 9, 10, 11, 12, 13, 14, 15, 16, 17, 18, 19, 20]},
				{"appName": "Facebook", "usage": [1, 2, 3, 4, 5, 9, 10, 12, 13, 14, 16, 17, 18, 19]},
				{"appName": "카카오톡", "usage": [1, 4, 7, 9, 10, 11, 12, 14, 15, 16, 17, 18]},
				{"appName": "삼성 인터넷", "usage": [1, 2, 3, 4, 8, 9, 10, 12, 14, 15, 19, 20]},
				{"appName": "YouTube", "usage": [3, 5, 6, 7, 8, 9, 10, 11, 12, 13, 14]},
				{"appName": "통화", "usage": [7, 8, 10, 13, 14, 19, 21]},
				{"appName": "시계", "usage": [3, 4, 9, 10, 11, 12, 20]},
				{"appName": "지도", "usage": [12, 13, 14, 15, 19, 20]},
				{"appName": "설정", "usage": [10, 16, 17, 20, 21]},
				{"appName": "네이버 웹툰", "usage": [14, 15, 16, 18, 19]},
				{"appName": "Messenger", "usage": [6, 10, 15, 16, 19]},
				{"appName": "캠퍼스팅", "usage": [9, 11, 15, 16]},
				{"appName": "카카오뱅크", "usage": [3, 10, 11, 20]},
				{"appName": "전화", "usage": [8, 10, 14, 15]},
				{"appName": "Samsung Pay", "usage": [11, 14, 15, 19]},
				{"appName": "Polar Beat", "usage": [8, 10, 11]},
				{"appName": "패키지 설치 프로그램", "usage": [10, 16]},
				{"appName": "접근성", "usage": [10, 16]},
				{"appName": "에브리타임", "usage": [1, 4]},
				{"appName": "비디오 플레이어", "usage": [7, 11]},
				{"appName": "Paco", "usage": [9, 10]},
				{"appName": "Logger", "usage": [10, 16]},
				{"appName": "Instagram", "usage": [3, 12]},
				{"appName": "Google Play 스토어", "usage": [11, 14]},
				{"appName": "한컴오피스 viewer", "usage": [9]},
				{"appName": "토스", "usage": [7]},
				{"appName": "텔레그램", "usage": [3]},
				{"appName": "카카오 T", "usage": [19]},
				{"appName": "카메라", "usage": [10]},
				{"appName": "지하철종결자", "usage": [12]},
				{"appName": "삼성 키보드 뉴럴 베타", "usage": [18]},
				{"appName": "리마인더", "usage": [8]},
				{"appName": "내 파일", "usage": [9]},
				{"appName": "김과외", "usage": [11]}
			]
		},
		"maxTime": {
			"usage": 145,
			"details": [
				{"appName": "YouTube", "usage": 25},
				{"appName": "삼성 인터넷", "usage": 15},
				{"appName": "통화", "usage": 12},
				{"appName": "시계", "usage": 7},
				{"appName": "네이버 웹툰", "usage": 6},
				{"appName": "한컴오피스 viewer", "usage": 5},
				{"appName": "Facebook", "usage": 5},
				{"appName": "Samsung Experience 홈", "usage": 5},
				{"appName": "지도", "usage": 3},
				{"appName": "Samsung Pay", "usage": 2},
				{"appName": "지하철종결자", "usage": 1},
				{"appName": "카카오톡", "usage": 1},
				{"appName": "Polar Beat", "usage": 1},
				{"appName": "Instagram", "usage": 1},
				{"appName": "삼성 키보드 뉴럴 베타", "usage": 1},
				{"appName": "설정", "usage": 0},
				{"appName": "Google Play 스토어", "usage": 0},
				{"appName": "Messenger", "usage": 0},
				{"appName": "텔레그램", "usage": 0},
				{"appName": "캠퍼스팅", "usage": 0},
				{"appName": "에브리타임", "usage": 0},
				{"appName": "카카오 T", "usage": 0},
				{"appName": "카카오뱅크", "usage": 0},
				{"appName": "비디오 플레이어", "usage": 0},
				{"appName": "전화", "usage": 0},
				{"appName": "내 파일", "usage": 0},
				{"appName": "Paco", "usage": 0},
				{"appName": "카메라", "usage": 0},
				{"appName": "토스", "usage": 0},
				{"appName": "리마인더", "usage": 0},
				{"appName": "접근성", "usage": 0},
				{"appName": "Logger", "usage": 0},
				{"appName": "김과외", "usage": 0},
				{"appName": "패키지 설치 프로그램", "usage": 0}
			]
		},
		"avgTime": {
			"usage": 3,
			"details": [
				{"appName": "YouTube", "usage": 3},
				{"appName": "한컴오피스 viewer", "usage": 2},
				{"appName": "삼성 인터넷", "usage": 2},
				{"appName": "통화", "usage": 1},
				{"appName": "지도", "usage": 0},
				{"appName": "지하철종결자", "usage": 0},
				{"appName": "삼성 키보드 뉴럴 베타", "usage": 0},
				{"appName": "네이버 웹툰", "usage": 0},
				{"appName": "Samsung Pay", "usage": 0},
				{"appName": "Facebook", "usage": 0},
				{"appName": "Instagram", "usage": 0},
				{"appName": "시계", "usage": 0},
				{"appName": "텔레그램", "usage": 0},
				{"appName": "설정", "usage": 0},
				{"appName": "비디오 플레이어", "usage": 0},
				{"appName": "Polar Beat", "usage": 0},
				{"appName": "카카오톡", "usage": 0},
				{"appName": "Google Play 스토어", "usage": 0},
				{"appName": "Samsung Experience 홈", "usage": 0},
				{"appName": "카메라", "usage": 0},
				{"appName": "내 파일", "usage": 0},
				{"appName": "Messenger", "usage": 0},
				{"appName": "캠퍼스팅", "usage": 0},
				{"appName": "리마인더", "usage": 0},
				{"appName": "카카오 T", "usage": 0},
				{"appName": "에브리타임", "usage": 0},
				{"appName": "Paco", "usage": 0},
				{"appName": "토스", "usage": 0},
				{"appName": "전화", "usage": 0},
				{"appName": "김과외", "usage": 0},
				{"appName": "접근성", "usage": 0},
				{"appName": "카카오뱅크", "usage": 0},
				{"appName": "Logger", "usage": 0},
				{"appName": "패키지 설치 프로그램", "usage": 0}
			]
		},
		"lastPickup": {"time": 145}
	},
	{
		"date": 4,
		"totalTime": {
			"usage": 681,
			"details": [
				{"appName": "YouTube", "usage": 237},
				{"appName": "삼성 인터넷", "usage": 232},
				{"appName": "설정", "usage": 41},
				{"appName": "Facebook", "usage": 36},
				{"appName": "네이버 웹툰", "usage": 22},
				{"appName": "통화", "usage": 14},
				{"appName": "Samsung Experience 홈", "usage": 13},
				{"appName": "한컴오피스 viewer", "usage": 9},
				{"appName": "지도", "usage": 5},
				{"appName": "카카오톡", "usage": 4},
				{"appName": "SR 고속열차", "usage": 3},
				{"appName": "전화", "usage": 3},
				{"appName": "지하철종결자", "usage": 2},
				{"appName": "Polar Beat", "usage": 1},
				{"appName": "토스", "usage": 1},
				{"appName": "Melon", "usage": 1},
				{"appName": "내 파일", "usage": 1},
				{"appName": "캠퍼스팅", "usage": 0},
				{"appName": "리마인더", "usage": 0},
				{"appName": "시계", "usage": 0},
				{"appName": "Samsung Pay", "usage": 0},
				{"appName": "Instagram", "usage": 0},
				{"appName": "Paco", "usage": 0},
				{"appName": "Messenger", "usage": 0},
				{"appName": "Chrome", "usage": 0},
				{"appName": "Google Play 서비스", "usage": 0}
			]
		},
		"pickups": {"usage": 130},
		"downTime": {
			"usage": [
				{"hour": "0", "usage": 45},
				{"hour": "1", "usage": 48},
				{"hour": "2", "usage": 36},
				{"hour": "3", "usage": 13},
				{"hour": "4", "usage": 18},
				{"hour": "5", "usage": 13},
				{"hour": "6", "usage": 25},
				{"hour": "7", "usage": 37},
				{"hour": "8", "usage": 10},
				{"hour": "9", "usage": 48},
				{"hour": "10", "usage": 46},
				{"hour": "11", "usage": 7},
				{"hour": "12", "usage": 34},
				{"hour": "13", "usage": 40},
				{"hour": "14", "usage": 5},
				{"hour": "15", "usage": 45},
				{"hour": "16", "usage": 15},
				{"hour": "17", "usage": 2},
				{"hour": "18", "usage": 19},
				{"hour": "19", "usage": 48},
				{"hour": "20", "usage": 60},
				{"hour": "21", "usage": 57},
				{"hour": "22", "usage": 0}
			],
			"details": [
				{"appName": "Samsung Experience 홈", "usage": [0, 1, 2, 3, 4, 5, 6, 7, 8, 9, 10, 11, 12, 13, 14, 15, 16, 17, 18, 19, 22]},
				{"appName": "삼성 인터넷", "usage": [2, 3, 4, 6, 7, 9, 10, 11, 12, 15, 18, 19, 20, 21, 22]},
				{"appName": "YouTube", "usage": [2, 4, 6, 7, 8, 9, 12, 13, 14, 15, 16, 18, 19]},
				{"appName": "Facebook", "usage": [2, 3, 6, 7, 8, 9, 10, 13, 14, 15, 17, 18, 19]},
				{"appName": "카카오톡", "usage": [2, 5, 7, 10, 11, 15, 17, 18]},
				{"appName": "통화", "usage": [0, 1, 3, 5, 7, 16]},
				{"appName": "전화", "usage": [4, 5, 6, 7, 16, 17]},
				{"appName": "SR 고속열차", "usage": [6, 7, 12, 13, 14]},
				{"appName": "리마인더", "usage": [1, 2, 3]},
				{"appName": "네이버 웹툰", "usage": [2, 14, 15]},
				{"appName": "토스", "usage": [2, 3]},
				{"appName": "캠퍼스팅", "usage": [6, 12]},
				{"appName": "지도", "usage": [4, 5]},
				{"appName": "Polar Beat", "usage": [8, 19]},
				{"appName": "Messenger", "usage": [1, 7]},
				{"appName": "Melon", "usage": [6, 7]},
				{"appName": "한컴오피스 viewer", "usage": [15]},
				{"appName": "지하철종결자", "usage": [6]},
				{"appName": "시계", "usage": [3]},
				{"appName": "설정", "usage": [0]},
				{"appName": "내 파일", "usage": [15]},
				{"appName": "Samsung Pay", "usage": [2]},
				{"appName": "Paco", "usage": [9]},
				{"appName": "Instagram", "usage": [18]},
				{"appName": "Google Play 서비스", "usage": [9]},
				{"appName": "Chrome", "usage": [20]}
			]
		},
		"maxTime": {
			"usage": 68,
			"details": [
				{"appName": "삼성 인터넷", "usage": 57},
				{"appName": "설정", "usage": 40},
				{"appName": "YouTube", "usage": 39},
				{"appName": "Samsung Experience 홈", "usage": 7},
				{"appName": "Facebook", "usage": 6},
				{"appName": "지도", "usage": 4},
				{"appName": "한컴오피스 viewer", "usage": 3},
				{"appName": "통화", "usage": 3},
				{"appName": "네이버 웹툰", "usage": 3},
				{"appName": "카카오톡", "usage": 1},
				{"appName": "Polar Beat", "usage": 1},
				{"appName": "내 파일", "usage": 1},
				{"appName": "지하철종결자", "usage": 1},
				{"appName": "SR 고속열차", "usage": 1},
				{"appName": "Melon", "usage": 1},
				{"appName": "토스", "usage": 0},
				{"appName": "전화", "usage": 0},
				{"appName": "캠퍼스팅", "usage": 0},
				{"appName": "시계", "usage": 0},
				{"appName": "Paco", "usage": 0},
				{"appName": "리마인더", "usage": 0},
				{"appName": "Instagram", "usage": 0},
				{"appName": "Samsung Pay", "usage": 0},
				{"appName": "Messenger", "usage": 0},
				{"appName": "Chrome", "usage": 0},
				{"appName": "Google Play 서비스", "usage": 0}
			]
		},
		"avgTime": {
			"usage": 5,
			"details": [
				{"appName": "설정", "usage": 13},
				{"appName": "삼성 인터넷", "usage": 5},
				{"appName": "YouTube", "usage": 5},
				{"appName": "한컴오피스 viewer", "usage": 1},
				{"appName": "지도", "usage": 1},
				{"appName": "Facebook", "usage": 0},
				{"appName": "Melon", "usage": 0},
				{"appName": "내 파일", "usage": 0},
				{"appName": "네이버 웹툰", "usage": 0},
				{"appName": "통화", "usage": 0},
				{"appName": "SR 고속열차", "usage": 0},
				{"appName": "지하철종결자", "usage": 0},
				{"appName": "Polar Beat", "usage": 0},
				{"appName": "카카오톡", "usage": 0},
				{"appName": "전화", "usage": 0},
				{"appName": "토스", "usage": 0},
				{"appName": "Samsung Experience 홈", "usage": 0},
				{"appName": "시계", "usage": 0},
				{"appName": "Samsung Pay", "usage": 0},
				{"appName": "Instagram", "usage": 0},
				{"appName": "리마인더", "usage": 0},
				{"appName": "캠퍼스팅", "usage": 0},
				{"appName": "Paco", "usage": 0},
				{"appName": "Messenger", "usage": 0},
				{"appName": "Chrome", "usage": 0},
				{"appName": "Google Play 서비스", "usage": 0}
			]
		},
		"lastPickup": {"time": 57}
	},
	{
		"date": 5,
		"totalTime": {
			"usage": 476,
			"details": [
				{"appName": "YouTube", "usage": 173},
				{"appName": "삼성 인터넷", "usage": 92},
				{"appName": "Facebook", "usage": 62},
				{"appName": "카카오톡", "usage": 58},
				{"appName": "네이버 웹툰", "usage": 29},
				{"appName": "Samsung Experience 홈", "usage": 14},
				{"appName": "전화", "usage": 9},
				{"appName": "통화", "usage": 5},
				{"appName": "Logger", "usage": 4},
				{"appName": "Microsoft Health", "usage": 2},
				{"appName": "Chrome", "usage": 2},
				{"appName": "캠퍼스팅", "usage": 2},
				{"appName": "Polar Beat", "usage": 1},
				{"appName": "Paco", "usage": 1},
				{"appName": "텔레그램", "usage": 1},
				{"appName": "Samsung Pay", "usage": 0},
				{"appName": "SR 고속열차", "usage": 0},
				{"appName": "삼성 키보드 뉴럴 베타", "usage": 0},
				{"appName": "시계", "usage": 0},
				{"appName": "설정", "usage": 0},
				{"appName": "Messenger", "usage": 0},
				{"appName": "날씨", "usage": 0},
				{"appName": "지니 뮤직", "usage": 0},
				{"appName": "삼성 캡처", "usage": 0},
				{"appName": "빅스비 보이스", "usage": 0},
				{"appName": "ABC Logger", "usage": 0},
				{"appName": "Google Play 서비스", "usage": 0},
				{"appName": "패키지 설치 프로그램", "usage": 0}
			]
		},
		"pickups": {"usage": 110},
		"downTime": {
			"usage": [
				{"hour": "3", "usage": 26},
				{"hour": "4", "usage": 16},
				{"hour": "5", "usage": 15},
				{"hour": "6", "usage": 18},
				{"hour": "7", "usage": 24},
				{"hour": "8", "usage": 59},
				{"hour": "9", "usage": 29},
				{"hour": "10", "usage": 49},
				{"hour": "11", "usage": 55},
				{"hour": "12", "usage": 5},
				{"hour": "13", "usage": 26},
				{"hour": "14", "usage": 60},
				{"hour": "15", "usage": 35},
				{"hour": "16", "usage": 6},
				{"hour": "17", "usage": 0},
				{"hour": "18", "usage": 45},
				{"hour": "23", "usage": 0}
			],
			"details": [
				{"appName": "Samsung Experience 홈", "usage": [3, 4, 5, 6, 7, 8, 9, 10, 11, 12, 13, 14, 15, 16, 18]},
				{"appName": "YouTube", "usage": [3, 4, 5, 6, 7, 8, 9, 10, 11, 13, 14, 15]},
				{"appName": "Facebook", "usage": [3, 5, 6, 7, 8, 9, 10, 12, 13, 15, 16, 18]},
				{"appName": "카카오톡", "usage": [3, 6, 7, 8, 9, 11, 12, 16, 17, 18]},
				{"appName": "삼성 인터넷", "usage": [3, 4, 5, 6, 8, 9, 10, 11, 13, 18]},
				{"appName": "통화", "usage": [7, 9, 10, 11, 12, 13]},
				{"appName": "캠퍼스팅", "usage": [5, 7, 13, 18]},
				{"appName": "네이버 웹툰", "usage": [6, 8, 14, 18]},
				{"appName": "전화", "usage": [11, 12, 13]},
				{"appName": "Samsung Pay", "usage": [11, 12, 16]},
				{"appName": "시계", "usage": [8, 18]},
				{"appName": "SR 고속열차", "usage": [7, 8]},
				{"appName": "Polar Beat", "usage": [6, 15]},
				{"appName": "Messenger", "usage": [8, 11]},
				{"appName": "Logger", "usage": [6, 8]},
				{"appName": "패키지 설치 프로그램", "usage": [6]},
				{"appName": "텔레그램", "usage": [5]},
				{"appName": "지니 뮤직", "usage": [11]},
				{"appName": "설정", "usage": [8]},
				{"appName": "삼성 키보드 뉴럴 베타", "usage": [10]},
				{"appName": "삼성 캡처", "usage": [18]},
				{"appName": "빅스비 보이스", "usage": [9]},
				{"appName": "날씨", "usage": [8]},
				{"appName": "Paco", "usage": [8]},
				{"appName": "Microsoft Health", "usage": [8]},
				{"appName": "Google Play 서비스", "usage": [5]},
				{"appName": "Chrome", "usage": [5]},
				{"appName": "ABC Logger", "usage": [6]}
			]
		},
		"maxTime": {
			"usage": 96,
			"details": [
				{"appName": "YouTube", "usage": 43},
				{"appName": "삼성 인터넷", "usage": 41},
				{"appName": "Facebook", "usage": 9},
				{"appName": "카카오톡", "usage": 7},
				{"appName": "네이버 웹툰", "usage": 3},
				{"appName": "Logger", "usage": 1},
				{"appName": "전화", "usage": 1},
				{"appName": "Samsung Experience 홈", "usage": 1},
				{"appName": "통화", "usage": 1},
				{"appName": "Paco", "usage": 1},
				{"appName": "Chrome", "usage": 1},
				{"appName": "Microsoft Health", "usage": 1},
				{"appName": "Polar Beat", "usage": 1},
				{"appName": "캠퍼스팅", "usage": 1},
				{"appName": "삼성 키보드 뉴럴 베타", "usage": 0},
				{"appName": "Samsung Pay", "usage": 0},
				{"appName": "텔레그램", "usage": 0},
				{"appName": "SR 고속열차", "usage": 0},
				{"appName": "설정", "usage": 0},
				{"appName": "시계", "usage": 0},
				{"appName": "Messenger", "usage": 0},
				{"appName": "날씨", "usage": 0},
				{"appName": "삼성 캡처", "usage": 0},
				{"appName": "빅스비 보이스", "usage": 0},
				{"appName": "지니 뮤직", "usage": 0},
				{"appName": "Google Play 서비스", "usage": 0},
				{"appName": "ABC Logger", "usage": 0},
				{"appName": "패키지 설치 프로그램", "usage": 0}
			]
		},
		"avgTime": {
			"usage": 4,
			"details": [
				{"appName": "YouTube", "usage": 5},
				{"appName": "삼성 인터넷", "usage": 3},
				{"appName": "삼성 키보드 뉴럴 베타", "usage": 0},
				{"appName": "텔레그램", "usage": 0},
				{"appName": "Facebook", "usage": 0},
				{"appName": "Chrome", "usage": 0},
				{"appName": "Logger", "usage": 0},
				{"appName": "네이버 웹툰", "usage": 0},
				{"appName": "Microsoft Health", "usage": 0},
				{"appName": "전화", "usage": 0},
				{"appName": "통화", "usage": 0},
				{"appName": "카카오톡", "usage": 0},
				{"appName": "Paco", "usage": 0},
				{"appName": "Samsung Pay", "usage": 0},
				{"appName": "Polar Beat", "usage": 0},
				{"appName": "SR 고속열차", "usage": 0},
				{"appName": "캠퍼스팅", "usage": 0},
				{"appName": "설정", "usage": 0},
				{"appName": "Samsung Experience 홈", "usage": 0},
				{"appName": "시계", "usage": 0},
				{"appName": "삼성 캡처", "usage": 0},
				{"appName": "날씨", "usage": 0},
				{"appName": "빅스비 보이스", "usage": 0},
				{"appName": "Messenger", "usage": 0},
				{"appName": "Google Play 서비스", "usage": 0},
				{"appName": "지니 뮤직", "usage": 0},
				{"appName": "ABC Logger", "usage": 0},
				{"appName": "패키지 설치 프로그램", "usage": 0}
			]
		},
		"lastPickup": {"time": 0}
	},
	{
		"date": 6,
		"totalTime": {
			"usage": 970,
			"details": [
				{"appName": "YouTube", "usage": 248},
				{"appName": "시계", "usage": 117},
				{"appName": "전화", "usage": 115},
				{"appName": "Facebook", "usage": 85},
				{"appName": "삼성 인터넷", "usage": 79},
				{"appName": "카카오톡", "usage": 43},
				{"appName": "Samsung Experience 홈", "usage": 27},
				{"appName": "통화", "usage": 11},
				{"appName": "네이버 웹툰", "usage": 10},
				{"appName": "캠퍼스팅", "usage": 8},
				{"appName": "지니 뮤직", "usage": 7},
				{"appName": "이메일", "usage": 3},
				{"appName": "밥대생", "usage": 2},
				{"appName": "Zenly", "usage": 2},
				{"appName": "Space Big Bang", "usage": 1},
				{"appName": "Instagram", "usage": 1},
				{"appName": "The Weather Channel", "usage": 1},
				{"appName": "김과외", "usage": 1},
				{"appName": "설정", "usage": 1},
				{"appName": "카카오뱅크", "usage": 1},
				{"appName": "디바이스 케어", "usage": 0},
				{"appName": "Dropsync", "usage": 0},
				{"appName": "Paco", "usage": 0},
				{"appName": "Messenger", "usage": 0},
				{"appName": "Microsoft Health", "usage": 0},
				{"appName": "카메라", "usage": 0},
				{"appName": "삼성 캡처", "usage": 0},
				{"appName": "Polar Beat", "usage": 0},
				{"appName": "게임런처", "usage": 0},
				{"appName": "연락처", "usage": 0},
				{"appName": "캘린더", "usage": 0},
				{"appName": "패키지 설치 프로그램", "usage": 0},
				{"appName": "Google Play 스토어", "usage": 0},
				{"appName": "스와이프", "usage": 0},
				{"appName": "텔레그램", "usage": 0},
				{"appName": "파인더", "usage": 0},
				{"appName": "리마인더", "usage": 0},
				{"appName": "Logger", "usage": 0},
				{"appName": "접근성", "usage": 0},
				{"appName": "Samsung Pass 자동 완성", "usage": 0},
				{"appName": "Samsung Pay", "usage": 0},
				{"appName": "보안 폴더", "usage": 0}
			]
		},
		"pickups": {"usage": 118},
		"downTime": {
			"usage": [
				{"hour": "0", "usage": 20},
				{"hour": "1", "usage": 60},
				{"hour": "2", "usage": 60},
				{"hour": "3", "usage": 48},
				{"hour": "4", "usage": 41},
				{"hour": "5", "usage": 46},
				{"hour": "6", "usage": 46},
				{"hour": "7", "usage": 37},
				{"hour": "8", "usage": 21},
				{"hour": "9", "usage": 15},
				{"hour": "10", "usage": 43},
				{"hour": "11", "usage": 18},
				{"hour": "12", "usage": 31},
				{"hour": "13", "usage": 60},
				{"hour": "14", "usage": 46},
				{"hour": "15", "usage": 52},
				{"hour": "16", "usage": 59},
				{"hour": "17", "usage": 59},
				{"hour": "18", "usage": 23}
			],
			"details": [
				{"appName": "카카오톡", "usage": [0, 3, 4, 5, 6, 7, 8, 9, 10, 11, 12, 13, 14, 15, 16, 17, 18]},
				{"appName": "Samsung Experience 홈", "usage": [0, 3, 4, 5, 6, 7, 8, 9, 10, 11, 12, 13, 14, 15, 16, 17, 18]},
				{"appName": "Facebook", "usage": [4, 5, 6, 7, 8, 9, 10, 11, 12, 13, 14, 16, 17, 18]},
				{"appName": "YouTube", "usage": [3, 4, 5, 6, 7, 9, 12, 13, 14, 15, 16, 17, 18]},
				{"appName": "삼성 인터넷", "usage": [4, 5, 6, 7, 8, 12, 13, 15, 17, 18]},
				{"appName": "통화", "usage": [0, 6, 7, 8, 9, 11, 12, 14, 15]},
				{"appName": "전화", "usage": [0, 1, 2, 3, 6, 9, 11, 12, 14]},
				{"appName": "시계", "usage": [0, 8, 18, 21, 22, 23]},
				{"appName": "Messenger", "usage": [6, 7, 15, 17, 18, 21]},
				{"appName": "지니 뮤직", "usage": [4, 5, 12, 14, 16]},
				{"appName": "패키지 설치 프로그램", "usage": [4, 5, 7, 16]},
				{"appName": "캠퍼스팅", "usage": [5, 8, 10, 12]},
				{"appName": "설정", "usage": [4, 5, 14, 16]},
				{"appName": "네이버 웹툰", "usage": [4, 5, 8, 14]},
				{"appName": "The Weather Channel", "usage": [9, 10, 11]},
				{"appName": "Polar Beat", "usage": [4, 5, 16]},
				{"appName": "Google Play 스토어", "usage": [7, 10, 12]},
				{"appName": "파인더", "usage": [5, 7]},
				{"appName": "카메라", "usage": [5, 12]},
				{"appName": "접근성", "usage": [4, 16]},
				{"appName": "이메일", "usage": [5, 7]},
				{"appName": "연락처", "usage": [5, 16]},
				{"appName": "리마인더", "usage": [8, 9]},
				{"appName": "김과외", "usage": [12, 13]},
				{"appName": "게임런처", "usage": [7, 8]},
				{"appName": "Paco", "usage": [5, 12]},
				{"appName": "Logger", "usage": [4, 16]},
				{"appName": "Dropsync", "usage": [6, 12]},
				{"appName": "텔레그램", "usage": [7]},
				{"appName": "캘린더", "usage": [9]},
				{"appName": "카카오뱅크", "usage": [7]},
				{"appName": "스와이프", "usage": [9]},
				{"appName": "삼성 캡처", "usage": [10]},
				{"appName": "보안 폴더", "usage": [4]},
				{"appName": "밥대생", "usage": [14]},
				{"appName": "디바이스 케어", "usage": [5]},
				{"appName": "Zenly", "usage": [8]},
				{"appName": "Space Big Bang", "usage": [7]},
				{"appName": "Samsung Pay", "usage": [8]},
				{"appName": "Samsung Pass 자동 완성", "usage": [5]},
				{"appName": "Microsoft Health", "usage": [8]},
				{"appName": "Instagram", "usage": [6]}
			]
		},
		"maxTime": {
			"usage": 187,
			"details": [
				{"appName": "전화", "usage": 51},
				{"appName": "시계", "usage": 45},
				{"appName": "YouTube", "usage": 39},
				{"appName": "삼성 인터넷", "usage": 29},
				{"appName": "Facebook", "usage": 10},
				{"appName": "카카오톡", "usage": 3},
				{"appName": "통화", "usage": 2},
				{"appName": "네이버 웹툰", "usage": 2},
				{"appName": "지니 뮤직", "usage": 2},
				{"appName": "Samsung Experience 홈", "usage": 1},
				{"appName": "Instagram", "usage": 1},
				{"appName": "밥대생", "usage": 1},
				{"appName": "캠퍼스팅", "usage": 1},
				{"appName": "이메일", "usage": 0},
				{"appName": "Space Big Bang", "usage": 0},
				{"appName": "Zenly", "usage": 0},
				{"appName": "김과외", "usage": 0},
				{"appName": "삼성 캡처", "usage": 0},
				{"appName": "카카오뱅크", "usage": 0},
				{"appName": "The Weather Channel", "usage": 0},
				{"appName": "Microsoft Health", "usage": 0},
				{"appName": "Dropsync", "usage": 0},
				{"appName": "Paco", "usage": 0},
				{"appName": "설정", "usage": 0},
				{"appName": "카메라", "usage": 0},
				{"appName": "Polar Beat", "usage": 0},
				{"appName": "Messenger", "usage": 0},
				{"appName": "디바이스 케어", "usage": 0},
				{"appName": "캘린더", "usage": 0},
				{"appName": "연락처", "usage": 0},
				{"appName": "게임런처", "usage": 0},
				{"appName": "텔레그램", "usage": 0},
				{"appName": "스와이프", "usage": 0},
				{"appName": "파인더", "usage": 0},
				{"appName": "리마인더", "usage": 0},
				{"appName": "패키지 설치 프로그램", "usage": 0},
				{"appName": "Google Play 스토어", "usage": 0},
				{"appName": "Logger", "usage": 0},
				{"appName": "Samsung Pass 자동 완성", "usage": 0},
				{"appName": "접근성", "usage": 0},
				{"appName": "Samsung Pay", "usage": 0},
				{"appName": "보안 폴더", "usage": 0}
			]
		},
		"avgTime": {
			"usage": 8,
			"details": [
				{"appName": "시계", "usage": 7},
				{"appName": "YouTube", "usage": 5},
				{"appName": "삼성 인터넷", "usage": 2},
				{"appName": "전화", "usage": 1},
				{"appName": "Instagram", "usage": 1},
				{"appName": "Facebook", "usage": 0},
				{"appName": "Space Big Bang", "usage": 0},
				{"appName": "삼성 캡처", "usage": 0},
				{"appName": "Zenly", "usage": 0},
				{"appName": "김과외", "usage": 0},
				{"appName": "네이버 웹툰", "usage": 0},
				{"appName": "통화", "usage": 0},
				{"appName": "이메일", "usage": 0},
				{"appName": "카메라", "usage": 0},
				{"appName": "캘린더", "usage": 0},
				{"appName": "카카오톡", "usage": 0},
				{"appName": "Dropsync", "usage": 0},
				{"appName": "Paco", "usage": 0},
				{"appName": "밥대생", "usage": 0},
				{"appName": "지니 뮤직", "usage": 0},
				{"appName": "Microsoft Health", "usage": 0},
				{"appName": "The Weather Channel", "usage": 0},
				{"appName": "디바이스 케어", "usage": 0},
				{"appName": "캠퍼스팅", "usage": 0},
				{"appName": "카카오뱅크", "usage": 0},
				{"appName": "설정", "usage": 0},
				{"appName": "텔레그램", "usage": 0},
				{"appName": "Samsung Experience 홈", "usage": 0},
				{"appName": "Polar Beat", "usage": 0},
				{"appName": "연락처", "usage": 0},
				{"appName": "게임런처", "usage": 0},
				{"appName": "스와이프", "usage": 0},
				{"appName": "파인더", "usage": 0},
				{"appName": "Messenger", "usage": 0},
				{"appName": "Samsung Pass 자동 완성", "usage": 0},
				{"appName": "접근성", "usage": 0},
				{"appName": "리마인더", "usage": 0},
				{"appName": "패키지 설치 프로그램", "usage": 0},
				{"appName": "Logger", "usage": 0},
				{"appName": "Samsung Pay", "usage": 0},
				{"appName": "Google Play 스토어", "usage": 0},
				{"appName": "보안 폴더", "usage": 0}
			]
		},
		"lastPickup": {"time": 178}
	},
	{
		"date": 7,
		"totalTime": {
			"usage": 601,
			"details": [
				{"appName": "삼성 인터넷", "usage": 126},
				{"appName": "카카오톡", "usage": 104},
				{"appName": "Facebook", "usage": 99},
				{"appName": "YouTube", "usage": 50},
				{"appName": "시계", "usage": 41},
				{"appName": "카메라", "usage": 34},
				{"appName": "Samsung Experience 홈", "usage": 24},
				{"appName": "네이버 웹툰", "usage": 21},
				{"appName": "전광판 LED", "usage": 9},
				{"appName": "통화", "usage": 6},
				{"appName": "갤러리", "usage": 5},
				{"appName": "텔레그램", "usage": 2},
				{"appName": "Instagram", "usage": 2},
				{"appName": "삼성 키보드 뉴럴 베타", "usage": 2},
				{"appName": "캠퍼스팅", "usage": 1},
				{"appName": "전화", "usage": 1},
				{"appName": "KLMS", "usage": 1},
				{"appName": "Dropsync", "usage": 1},
				{"appName": "캘린더", "usage": 1},
				{"appName": "비디오 플레이어", "usage": 1},
				{"appName": "The Weather Channel", "usage": 1},
				{"appName": "Google Play 스토어", "usage": 0},
				{"appName": "설정", "usage": 0},
				{"appName": "이메일", "usage": 0},
				{"appName": "지니 뮤직", "usage": 0},
				{"appName": "토스", "usage": 0},
				{"appName": "Zenly", "usage": 0},
				{"appName": "삼성 캡처", "usage": 0},
				{"appName": "Polar Beat", "usage": 0},
				{"appName": "안드로이드 시스템", "usage": 0},
				{"appName": "날씨", "usage": 0},
				{"appName": "메시지", "usage": 0},
				{"appName": "접근성", "usage": 0},
				{"appName": "김과외", "usage": 0},
				{"appName": "Messenger", "usage": 0},
				{"appName": "Logger", "usage": 0},
				{"appName": "Google Play 서비스", "usage": 0},
				{"appName": "게임런처", "usage": 0},
				{"appName": "ABC Logger", "usage": 0},
				{"appName": "패키지 설치 프로그램", "usage": 0},
				{"appName": "리마인더", "usage": 0}
			]
		},
		"pickups": {"usage": 299},
		"downTime": {
			"usage": [
				{"hour": "0", "usage": 51},
				{"hour": "1", "usage": 28},
				{"hour": "2", "usage": 44},
				{"hour": "3", "usage": 16},
				{"hour": "4", "usage": 33},
				{"hour": "5", "usage": 41},
				{"hour": "6", "usage": 40},
				{"hour": "7", "usage": 8},
				{"hour": "8", "usage": 14},
				{"hour": "9", "usage": 29},
				{"hour": "10", "usage": 19},
				{"hour": "11", "usage": 24},
				{"hour": "12", "usage": 30},
				{"hour": "13", "usage": 45},
				{"hour": "14", "usage": 41},
				{"hour": "15", "usage": 56},
				{"hour": "16", "usage": 57},
				{"hour": "17", "usage": 17},
				{"hour": "22", "usage": 0}
			],
			"details": [
				{"appName": "Samsung Experience 홈", "usage": [0, 1, 2, 3, 4, 5, 6, 7, 8, 10, 11, 12, 13, 14, 15, 16, 17]},
				{"appName": "카카오톡", "usage": [1, 2, 3, 4, 5, 6, 7, 8, 10, 11, 12, 13, 14, 15, 16, 17]},
				{"appName": "Facebook", "usage": [0, 1, 2, 3, 4, 5, 6, 7, 8, 9, 10, 11, 12, 14, 15, 17]},
				{"appName": "삼성 인터넷", "usage": [1, 2, 4, 5, 7, 8, 12, 14, 15, 16, 17]},
				{"appName": "통화", "usage": [2, 3, 9, 10, 11, 12, 13, 17]},
				{"appName": "갤러리", "usage": [1, 2, 5, 6, 13, 14, 15]},
				{"appName": "YouTube", "usage": [5, 11, 14, 15, 16, 17]},
				{"appName": "텔레그램", "usage": [4, 5, 6, 8, 13]},
				{"appName": "전화", "usage": [2, 3, 11, 13]},
				{"appName": "캠퍼스팅", "usage": [2, 7, 8]},
				{"appName": "카메라", "usage": [8, 12, 13]},
				{"appName": "이메일", "usage": [4, 5, 6]},
				{"appName": "비디오 플레이어", "usage": [13, 14, 15]},
				{"appName": "캘린더", "usage": [4, 17]},
				{"appName": "지니 뮤직", "usage": [4, 5]},
				{"appName": "접근성", "usage": [2, 5]},
				{"appName": "전광판 LED", "usage": [11, 12]},
				{"appName": "안드로이드 시스템", "usage": [5, 6]},
				{"appName": "시계", "usage": [0, 17]},
				{"appName": "설정", "usage": [2, 5]},
				{"appName": "네이버 웹툰", "usage": [2, 14]},
				{"appName": "Polar Beat", "usage": [2, 5]},
				{"appName": "Messenger", "usage": [4, 13]},
				{"appName": "KLMS", "usage": [1, 4]},
				{"appName": "패키지 설치 프로그램", "usage": [2]},
				{"appName": "토스", "usage": [10]},
				{"appName": "삼성 키보드 뉴럴 베타", "usage": [10]},
				{"appName": "삼성 캡처", "usage": [8]},
				{"appName": "메시지", "usage": [8]},
				{"appName": "리마인더", "usage": [12]},
				{"appName": "날씨", "usage": [1]},
				{"appName": "김과외", "usage": [2]},
				{"appName": "게임런처", "usage": [2]},
				{"appName": "Zenly", "usage": [5]},
				{"appName": "The Weather Channel", "usage": [10]},
				{"appName": "Logger", "usage": [2]},
				{"appName": "Instagram", "usage": [1]},
				{"appName": "Google Play 스토어", "usage": [11]},
				{"appName": "Google Play 서비스", "usage": [4]},
				{"appName": "Dropsync", "usage": [2]},
				{"appName": "ABC Logger", "usage": [2]}
			]
		},
		"maxTime": {
			"usage": 80,
			"details": [
				{"appName": "삼성 인터넷", "usage": 48},
				{"appName": "시계", "usage": 32},
				{"appName": "YouTube", "usage": 12},
				{"appName": "Facebook", "usage": 10},
				{"appName": "카메라", "usage": 4},
				{"appName": "전광판 LED", "usage": 3},
				{"appName": "카카오톡", "usage": 3},
				{"appName": "갤러리", "usage": 3},
				{"appName": "네이버 웹툰", "usage": 3},
				{"appName": "Instagram", "usage": 2},
				{"appName": "삼성 키보드 뉴럴 베타", "usage": 2},
				{"appName": "텔레그램", "usage": 1},
				{"appName": "통화", "usage": 1},
				{"appName": "KLMS", "usage": 1},
				{"appName": "Samsung Experience 홈", "usage": 1},
				{"appName": "Dropsync", "usage": 1},
				{"appName": "The Weather Channel", "usage": 0},
				{"appName": "캘린더", "usage": 0},
				{"appName": "이메일", "usage": 0},
				{"appName": "Google Play 스토어", "usage": 0},
				{"appName": "비디오 플레이어", "usage": 0},
				{"appName": "캠퍼스팅", "usage": 0},
				{"appName": "전화", "usage": 0},
				{"appName": "Zenly", "usage": 0},
				{"appName": "삼성 캡처", "usage": 0},
				{"appName": "토스", "usage": 0},
				{"appName": "설정", "usage": 0},
				{"appName": "지니 뮤직", "usage": 0},
				{"appName": "날씨", "usage": 0},
				{"appName": "Polar Beat", "usage": 0},
				{"appName": "메시지", "usage": 0},
				{"appName": "안드로이드 시스템", "usage": 0},
				{"appName": "김과외", "usage": 0},
				{"appName": "접근성", "usage": 0},
				{"appName": "Messenger", "usage": 0},
				{"appName": "Google Play 서비스", "usage": 0},
				{"appName": "Logger", "usage": 0},
				{"appName": "ABC Logger", "usage": 0},
				{"appName": "게임런처", "usage": 0},
				{"appName": "패키지 설치 프로그램", "usage": 0},
				{"appName": "리마인더", "usage": 0}
			]
		},
		"avgTime": {
			"usage": 2,
			"details": [
				{"appName": "삼성 인터넷", "usage": 3},
				{"appName": "YouTube", "usage": 2},
				{"appName": "시계", "usage": 2},
				{"appName": "삼성 키보드 뉴럴 베타", "usage": 2},
				{"appName": "카메라", "usage": 1},
				{"appName": "Instagram", "usage": 1},
				{"appName": "전광판 LED", "usage": 0},
				{"appName": "Facebook", "usage": 0},
				{"appName": "갤러리", "usage": 0},
				{"appName": "Zenly", "usage": 0},
				{"appName": "이메일", "usage": 0},
				{"appName": "텔레그램", "usage": 0},
				{"appName": "통화", "usage": 0},
				{"appName": "삼성 캡처", "usage": 0},
				{"appName": "네이버 웹툰", "usage": 0},
				{"appName": "Dropsync", "usage": 0},
				{"appName": "캘린더", "usage": 0},
				{"appName": "비디오 플레이어", "usage": 0},
				{"appName": "카카오톡", "usage": 0},
				{"appName": "The Weather Channel", "usage": 0},
				{"appName": "KLMS", "usage": 0},
				{"appName": "Google Play 스토어", "usage": 0},
				{"appName": "날씨", "usage": 0},
				{"appName": "메시지", "usage": 0},
				{"appName": "토스", "usage": 0},
				{"appName": "전화", "usage": 0},
				{"appName": "캠퍼스팅", "usage": 0},
				{"appName": "설정", "usage": 0},
				{"appName": "Samsung Experience 홈", "usage": 0},
				{"appName": "지니 뮤직", "usage": 0},
				{"appName": "Polar Beat", "usage": 0},
				{"appName": "안드로이드 시스템", "usage": 0},
				{"appName": "김과외", "usage": 0},
				{"appName": "Google Play 서비스", "usage": 0},
				{"appName": "접근성", "usage": 0},
				{"appName": "Logger", "usage": 0},
				{"appName": "게임런처", "usage": 0},
				{"appName": "Messenger", "usage": 0},
				{"appName": "ABC Logger", "usage": 0},
				{"appName": "패키지 설치 프로그램", "usage": 0},
				{"appName": "리마인더", "usage": 0}
			]
		},
		"lastPickup": {"time": 0}
	}
]
