[
	{
		"date": 1,
		"totalTime": {
			"usage": 305,
			"details": [
				{"appName": "카카오톡", "usage": 98},
				{"appName": "YouTube", "usage": 35},
				{"appName": "YouTube Music", "usage": 22},
				{"appName": "기본홈", "usage": 20},
				{"appName": "카메라", "usage": 20},
				{"appName": "Whale", "usage": 19},
				{"appName": "Paco", "usage": 12},
				{"appName": "Chrome", "usage": 11},
				{"appName": "SC제일은행", "usage": 6},
				{"appName": "동영상", "usage": 4},
				{"appName": "BAND", "usage": 3},
				{"appName": "LG 페이", "usage": 3},
				{"appName": "T전화", "usage": 3},
				{"appName": "알람/시계", "usage": 3},
				{"appName": "티몬", "usage": 3},
				{"appName": "AIA Vitality T건강걷기", "usage": 2},
				{"appName": "뱅크샐러드", "usage": 2},
				{"appName": "컬쳐랜드", "usage": 2},
				{"appName": "Polar Beat", "usage": 2},
				{"appName": "NFC 서비스", "usage": 1},
				{"appName": "다나와 가격비교", "usage": 1},
				{"appName": "Gmail", "usage": 1},
				{"appName": "Microsoft Band", "usage": 0},
				{"appName": "메시지", "usage": 0},
				{"appName": "시스템 UI", "usage": 0},
				{"appName": "PAYCO", "usage": 0},
				{"appName": "접근성", "usage": 0},
				{"appName": "PASS", "usage": 0},
				{"appName": "Logger", "usage": 0},
				{"appName": "갤러리", "usage": 0},
				{"appName": "원터치알림", "usage": 0},
				{"appName": "Dropsync", "usage": 0},
				{"appName": "Google Play 서비스", "usage": 0},
				{"appName": "ABC Logger", "usage": 0},
				{"appName": "Q메모+", "usage": 0},
				{"appName": "설정", "usage": 0},
				{"appName": "LG 키보드", "usage": 0},
				{"appName": "Samsung Health", "usage": 0},
				{"appName": "Android 시스템", "usage": 0},
				{"appName": "패키지 설치 프로그램", "usage": 0},
				{"appName": "통화 관리", "usage": 0},
				{"appName": "하나카드", "usage": 0},
				{"appName": "우리카드", "usage": 0}
			]
		},
		"pickups": {"usage": 187},
		"downTime": {
			"usage": [
				{"hour": "0", "usage": 14},
				{"hour": "1", "usage": 19},
				{"hour": "2", "usage": 18},
				{"hour": "3", "usage": 29},
				{"hour": "4", "usage": 16},
				{"hour": "5", "usage": 35},
				{"hour": "6", "usage": 34},
				{"hour": "7", "usage": 1},
				{"hour": "8", "usage": 3},
				{"hour": "9", "usage": 14},
				{"hour": "10", "usage": 17},
				{"hour": "11", "usage": 39},
				{"hour": "12", "usage": 19},
				{"hour": "13", "usage": 6},
				{"hour": "14", "usage": 14},
				{"hour": "16", "usage": 9},
				{"hour": "17", "usage": 9},
				{"hour": "23", "usage": 1}
			],
			"details": [
				{"appName": "기본홈", "usage": [0, 1, 2, 3, 4, 5, 6, 7, 8, 9, 10, 11, 12, 13, 14, 16, 17, 23]},
				{"appName": "카카오톡", "usage": [0, 1, 2, 3, 4, 5, 6, 7, 8, 9, 10, 11, 12, 13, 14]},
				{"appName": "Whale", "usage": [0, 1, 2, 3, 5, 6, 9, 11, 14, 16]},
				{"appName": "Paco", "usage": [1, 2, 3, 4, 5, 6, 9, 10, 11, 12]},
				{"appName": "시스템 UI", "usage": [3, 5, 6, 11, 12, 13, 14]},
				{"appName": "YouTube Music", "usage": [1, 3, 4, 5, 6, 11, 16]},
				{"appName": "YouTube", "usage": [0, 11, 12, 14, 16, 17]},
				{"appName": "메시지", "usage": [1, 2, 6, 10, 11]},
				{"appName": "AIA Vitality T건강걷기", "usage": [0, 1, 6, 13, 14]},
				{"appName": "카메라", "usage": [2, 7, 10, 11]},
				{"appName": "T전화", "usage": [2, 3, 9, 11]},
				{"appName": "LG 페이", "usage": [2, 8, 9, 11]},
				{"appName": "통화 관리", "usage": [2, 9, 11]},
				{"appName": "원터치알림", "usage": [3, 10, 11]},
				{"appName": "알람/시계", "usage": [0, 5, 23]},
				{"appName": "Polar Beat", "usage": [0, 1, 14]},
				{"appName": "PASS", "usage": [3, 9, 13]},
				{"appName": "Microsoft Band", "usage": [0, 9, 12]},
				{"appName": "패키지 설치 프로그램", "usage": [0, 13]},
				{"appName": "티몬", "usage": [1, 6]},
				{"appName": "접근성", "usage": [0, 13]},
				{"appName": "갤러리", "usage": [4, 11]},
				{"appName": "NFC 서비스", "usage": [2, 9]},
				{"appName": "Logger", "usage": [0, 13]},
				{"appName": "Google Play 서비스", "usage": [1, 10]},
				{"appName": "Gmail", "usage": [0, 5]},
				{"appName": "Android 시스템", "usage": [2, 11]},
				{"appName": "ABC Logger", "usage": [0, 1]},
				{"appName": "하나카드", "usage": [18]},
				{"appName": "컬쳐랜드", "usage": [3]},
				{"appName": "우리카드", "usage": [18]},
				{"appName": "설정", "usage": [0]},
				{"appName": "뱅크샐러드", "usage": [10]},
				{"appName": "동영상", "usage": [11]},
				{"appName": "다나와 가격비교", "usage": [2]},
				{"appName": "Samsung Health", "usage": [1]},
				{"appName": "SC제일은행", "usage": [10]},
				{"appName": "Q메모+", "usage": [13]},
				{"appName": "PAYCO", "usage": [3]},
				{"appName": "LG 키보드", "usage": [4]},
				{"appName": "Dropsync", "usage": [1]},
				{"appName": "Chrome", "usage": [3]},
				{"appName": "BAND", "usage": [3]}
			]
		},
		"maxTime": {
			"usage": 30,
			"details": [
				{"appName": "YouTube", "usage": 12},
				{"appName": "YouTube Music", "usage": 11},
				{"appName": "카메라", "usage": 7},
				{"appName": "SC제일은행", "usage": 6},
				{"appName": "카카오톡", "usage": 5},
				{"appName": "Whale", "usage": 3},
				{"appName": "Chrome", "usage": 2},
				{"appName": "티몬", "usage": 2},
				{"appName": "LG 페이", "usage": 2},
				{"appName": "동영상", "usage": 1},
				{"appName": "Paco", "usage": 1},
				{"appName": "NFC 서비스", "usage": 1},
				{"appName": "기본홈", "usage": 1},
				{"appName": "Gmail", "usage": 1},
				{"appName": "BAND", "usage": 1},
				{"appName": "다나와 가격비교", "usage": 1},
				{"appName": "컬쳐랜드", "usage": 1},
				{"appName": "알람/시계", "usage": 0},
				{"appName": "T전화", "usage": 0},
				{"appName": "AIA Vitality T건강걷기", "usage": 0},
				{"appName": "접근성", "usage": 0},
				{"appName": "Polar Beat", "usage": 0},
				{"appName": "Microsoft Band", "usage": 0},
				{"appName": "뱅크샐러드", "usage": 0},
				{"appName": "갤러리", "usage": 0},
				{"appName": "메시지", "usage": 0},
				{"appName": "PAYCO", "usage": 0},
				{"appName": "Logger", "usage": 0},
				{"appName": "Dropsync", "usage": 0},
				{"appName": "PASS", "usage": 0},
				{"appName": "시스템 UI", "usage": 0},
				{"appName": "원터치알림", "usage": 0},
				{"appName": "ABC Logger", "usage": 0},
				{"appName": "Google Play 서비스", "usage": 0},
				{"appName": "Q메모+", "usage": 0},
				{"appName": "설정", "usage": 0},
				{"appName": "LG 키보드", "usage": 0},
				{"appName": "Samsung Health", "usage": 0},
				{"appName": "Android 시스템", "usage": 0},
				{"appName": "패키지 설치 프로그램", "usage": 0},
				{"appName": "통화 관리", "usage": 0},
				{"appName": "하나카드", "usage": 0},
				{"appName": "우리카드", "usage": 0}
			]
		},
		"avgTime": {
			"usage": 1,
			"details": [
				{"appName": "카메라", "usage": 3},
				{"appName": "YouTube", "usage": 3},
				{"appName": "YouTube Music", "usage": 1},
				{"appName": "동영상", "usage": 1},
				{"appName": "SC제일은행", "usage": 1},
				{"appName": "Chrome", "usage": 0},
				{"appName": "Gmail", "usage": 0},
				{"appName": "NFC 서비스", "usage": 0},
				{"appName": "티몬", "usage": 0},
				{"appName": "Whale", "usage": 0},
				{"appName": "다나와 가격비교", "usage": 0},
				{"appName": "LG 페이", "usage": 0},
				{"appName": "컬쳐랜드", "usage": 0},
				{"appName": "BAND", "usage": 0},
				{"appName": "Paco", "usage": 0},
				{"appName": "알람/시계", "usage": 0},
				{"appName": "카카오톡", "usage": 0},
				{"appName": "AIA Vitality T건강걷기", "usage": 0},
				{"appName": "Dropsync", "usage": 0},
				{"appName": "접근성", "usage": 0},
				{"appName": "기본홈", "usage": 0},
				{"appName": "뱅크샐러드", "usage": 0},
				{"appName": "T전화", "usage": 0},
				{"appName": "Microsoft Band", "usage": 0},
				{"appName": "갤러리", "usage": 0},
				{"appName": "메시지", "usage": 0},
				{"appName": "Polar Beat", "usage": 0},
				{"appName": "Logger", "usage": 0},
				{"appName": "PAYCO", "usage": 0},
				{"appName": "PASS", "usage": 0},
				{"appName": "원터치알림", "usage": 0},
				{"appName": "Q메모+", "usage": 0},
				{"appName": "시스템 UI", "usage": 0},
				{"appName": "설정", "usage": 0},
				{"appName": "ABC Logger", "usage": 0},
				{"appName": "LG 키보드", "usage": 0},
				{"appName": "Google Play 서비스", "usage": 0},
				{"appName": "Samsung Health", "usage": 0},
				{"appName": "Android 시스템", "usage": 0},
				{"appName": "패키지 설치 프로그램", "usage": 0},
				{"appName": "통화 관리", "usage": 0},
				{"appName": "하나카드", "usage": 0},
				{"appName": "우리카드", "usage": 0}
			]
		},
		"lastPickup": {"time": 0}
	},
	{
		"date": 2,
		"totalTime": {
			"usage": 256,
			"details": [
				{"appName": "YouTube", "usage": 73},
				{"appName": "카카오톡", "usage": 49},
				{"appName": "Whale", "usage": 36},
				{"appName": "기본홈", "usage": 22},
				{"appName": "메시지", "usage": 7},
				{"appName": "Paco", "usage": 6},
				{"appName": "NAVER", "usage": 6},
				{"appName": "Gmail", "usage": 6},
				{"appName": "Polar Beat", "usage": 4},
				{"appName": "T전화", "usage": 4},
				{"appName": "카카오맵", "usage": 3},
				{"appName": "갤러리", "usage": 2},
				{"appName": "Dropsync", "usage": 2},
				{"appName": "토스", "usage": 1},
				{"appName": "YouTube Music", "usage": 1},
				{"appName": "설정", "usage": 1},
				{"appName": "PASS", "usage": 1},
				{"appName": "하나카드", "usage": 1},
				{"appName": "AIA Vitality T건강걷기", "usage": 0},
				{"appName": "알람/시계", "usage": 0},
				{"appName": "시스템 UI", "usage": 0},
				{"appName": "Wi-Fi", "usage": 0},
				{"appName": "Logger", "usage": 0},
				{"appName": "LG 키보드", "usage": 0},
				{"appName": "원터치알림", "usage": 0},
				{"appName": "접근성", "usage": 0},
				{"appName": "티몬", "usage": 0},
				{"appName": "LG 페이", "usage": 0},
				{"appName": "NFC 서비스", "usage": 0},
				{"appName": "Android 시스템", "usage": 0},
				{"appName": "에이블리", "usage": 0},
				{"appName": "잠금화면 설정", "usage": 0},
				{"appName": "원기날씨", "usage": 0},
				{"appName": "이랜드몰", "usage": 0},
				{"appName": "동영상", "usage": 0},
				{"appName": "ABC Logger", "usage": 0},
				{"appName": "패키지 설치 프로그램", "usage": 0},
				{"appName": "통화 관리", "usage": 0}
			]
		},
		"pickups": {"usage": 182},
		"downTime": {
			"usage": [
				{"hour": "0", "usage": 1},
				{"hour": "1", "usage": 53},
				{"hour": "2", "usage": 28},
				{"hour": "3", "usage": 4},
				{"hour": "4", "usage": 10},
				{"hour": "5", "usage": 3},
				{"hour": "6", "usage": 0},
				{"hour": "7", "usage": 13},
				{"hour": "8", "usage": 34},
				{"hour": "9", "usage": 21},
				{"hour": "10", "usage": 16},
				{"hour": "11", "usage": 20},
				{"hour": "12", "usage": 5},
				{"hour": "13", "usage": 4},
				{"hour": "14", "usage": 3},
				{"hour": "15", "usage": 0},
				{"hour": "16", "usage": 6},
				{"hour": "17", "usage": 7},
				{"hour": "22", "usage": 2},
				{"hour": "23", "usage": 16}
			],
			"details": [
				{"appName": "기본홈", "usage": [0, 1, 2, 3, 4, 5, 7, 8, 9, 10, 11, 12, 13, 14, 15, 16, 17, 22, 23]},
				{"appName": "카카오톡", "usage": [1, 3, 4, 7, 8, 9, 10, 11, 13, 14, 22, 23]},
				{"appName": "Whale", "usage": [0, 1, 2, 3, 4, 5, 7, 8, 9, 10, 11]},
				{"appName": "시스템 UI", "usage": [1, 2, 8, 9, 10, 11, 13, 14, 17, 23]},
				{"appName": "YouTube", "usage": [1, 2, 9, 11, 16, 17, 23]},
				{"appName": "메시지", "usage": [1, 4, 7, 8, 11, 13]},
				{"appName": "YouTube Music", "usage": [2, 3, 4, 5, 8, 11]},
				{"appName": "T전화", "usage": [4, 5, 8, 9, 11, 23]},
				{"appName": "Paco", "usage": [3, 5, 7, 8, 9, 10]},
				{"appName": "Logger", "usage": [2, 5, 7, 11, 15, 16]},
				{"appName": "패키지 설치 프로그램", "usage": [2, 7, 11, 15, 16]},
				{"appName": "접근성", "usage": [2, 5, 7, 16, 23]},
				{"appName": "통화 관리", "usage": [4, 8, 9, 11]},
				{"appName": "알람/시계", "usage": [0, 17, 22, 23]},
				{"appName": "Polar Beat", "usage": [2, 5, 7, 23]},
				{"appName": "Gmail", "usage": [1, 9, 10, 16]},
				{"appName": "설정", "usage": [2, 14, 23]},
				{"appName": "Android 시스템", "usage": [9, 11, 14]},
				{"appName": "토스", "usage": [7, 8]},
				{"appName": "원터치알림", "usage": [0, 8]},
				{"appName": "원기날씨", "usage": [2, 13]},
				{"appName": "갤러리", "usage": [2, 11]},
				{"appName": "Wi-Fi", "usage": [8, 11]},
				{"appName": "NFC 서비스", "usage": [9, 10]},
				{"appName": "NAVER", "usage": [4, 8]},
				{"appName": "LG 페이", "usage": [9, 10]},
				{"appName": "Dropsync", "usage": [8, 9]},
				{"appName": "AIA Vitality T건강걷기", "usage": [7, 14]},
				{"appName": "하나카드", "usage": [7]},
				{"appName": "티몬", "usage": [2]},
				{"appName": "카카오맵", "usage": [11]},
				{"appName": "잠금화면 설정", "usage": [14]},
				{"appName": "이랜드몰", "usage": [2]},
				{"appName": "에이블리", "usage": [9]},
				{"appName": "동영상", "usage": [2]},
				{"appName": "PASS", "usage": [12]},
				{"appName": "LG 키보드", "usage": [23]},
				{"appName": "ABC Logger", "usage": [5]}
			]
		},
		"maxTime": {
			"usage": 75,
			"details": [
				{"appName": "YouTube", "usage": 23},
				{"appName": "Whale", "usage": 17},
				{"appName": "Gmail", "usage": 5},
				{"appName": "NAVER", "usage": 4},
				{"appName": "카카오톡", "usage": 2},
				{"appName": "기본홈", "usage": 2},
				{"appName": "갤러리", "usage": 2},
				{"appName": "Paco", "usage": 1},
				{"appName": "카카오맵", "usage": 1},
				{"appName": "PASS", "usage": 1},
				{"appName": "T전화", "usage": 1},
				{"appName": "Polar Beat", "usage": 1},
				{"appName": "메시지", "usage": 1},
				{"appName": "YouTube Music", "usage": 0},
				{"appName": "하나카드", "usage": 0},
				{"appName": "LG 키보드", "usage": 0},
				{"appName": "설정", "usage": 0},
				{"appName": "Wi-Fi", "usage": 0},
				{"appName": "Dropsync", "usage": 0},
				{"appName": "토스", "usage": 0},
				{"appName": "티몬", "usage": 0},
				{"appName": "알람/시계", "usage": 0},
				{"appName": "LG 페이", "usage": 0},
				{"appName": "Logger", "usage": 0},
				{"appName": "AIA Vitality T건강걷기", "usage": 0},
				{"appName": "Android 시스템", "usage": 0},
				{"appName": "원터치알림", "usage": 0},
				{"appName": "NFC 서비스", "usage": 0},
				{"appName": "에이블리", "usage": 0},
				{"appName": "시스템 UI", "usage": 0},
				{"appName": "접근성", "usage": 0},
				{"appName": "잠금화면 설정", "usage": 0},
				{"appName": "원기날씨", "usage": 0},
				{"appName": "이랜드몰", "usage": 0},
				{"appName": "ABC Logger", "usage": 0},
				{"appName": "동영상", "usage": 0},
				{"appName": "패키지 설치 프로그램", "usage": 0},
				{"appName": "통화 관리", "usage": 0}
			]
		},
		"avgTime": {
			"usage": 1,
			"details": [
				{"appName": "YouTube", "usage": 5},
				{"appName": "NAVER", "usage": 1},
				{"appName": "Gmail", "usage": 1},
				{"appName": "갤러리", "usage": 0},
				{"appName": "Whale", "usage": 0},
				{"appName": "LG 키보드", "usage": 0},
				{"appName": "카카오맵", "usage": 0},
				{"appName": "Paco", "usage": 0},
				{"appName": "하나카드", "usage": 0},
				{"appName": "Wi-Fi", "usage": 0},
				{"appName": "PASS", "usage": 0},
				{"appName": "Polar Beat", "usage": 0},
				{"appName": "YouTube Music", "usage": 0},
				{"appName": "메시지", "usage": 0},
				{"appName": "티몬", "usage": 0},
				{"appName": "Dropsync", "usage": 0},
				{"appName": "LG 페이", "usage": 0},
				{"appName": "카카오톡", "usage": 0},
				{"appName": "T전화", "usage": 0},
				{"appName": "NFC 서비스", "usage": 0},
				{"appName": "AIA Vitality T건강걷기", "usage": 0},
				{"appName": "기본홈", "usage": 0},
				{"appName": "설정", "usage": 0},
				{"appName": "토스", "usage": 0},
				{"appName": "Android 시스템", "usage": 0},
				{"appName": "접근성", "usage": 0},
				{"appName": "에이블리", "usage": 0},
				{"appName": "알람/시계", "usage": 0},
				{"appName": "원터치알림", "usage": 0},
				{"appName": "잠금화면 설정", "usage": 0},
				{"appName": "Logger", "usage": 0},
				{"appName": "원기날씨", "usage": 0},
				{"appName": "시스템 UI", "usage": 0},
				{"appName": "이랜드몰", "usage": 0},
				{"appName": "동영상", "usage": 0},
				{"appName": "ABC Logger", "usage": 0},
				{"appName": "패키지 설치 프로그램", "usage": 0},
				{"appName": "통화 관리", "usage": 0}
			]
		},
		"lastPickup": {"time": 0}
	},
	{
		"date": 3,
		"totalTime": {
			"usage": 280,
			"details": [
				{"appName": "카카오톡", "usage": 98},
				{"appName": "YouTube", "usage": 42},
				{"appName": "Polar Beat", "usage": 18},
				{"appName": "Whale", "usage": 18},
				{"appName": "갤러리", "usage": 17},
				{"appName": "기본홈", "usage": 11},
				{"appName": "메시지", "usage": 9},
				{"appName": "Paco", "usage": 8},
				{"appName": "Q메모+", "usage": 5},
				{"appName": "설정", "usage": 4},
				{"appName": "알람/시계", "usage": 3},
				{"appName": "Chrome", "usage": 3},
				{"appName": "다나와 가격비교", "usage": 3},
				{"appName": "BAND", "usage": 2},
				{"appName": "T전화", "usage": 2},
				{"appName": "LG 페이", "usage": 2},
				{"appName": "캘린더", "usage": 1},
				{"appName": "YouTube Music", "usage": 1},
				{"appName": "음악", "usage": 1},
				{"appName": "시스템 UI", "usage": 0},
				{"appName": "AIA Vitality T건강걷기", "usage": 0},
				{"appName": "토스", "usage": 0},
				{"appName": "카메라", "usage": 0},
				{"appName": "Gmail", "usage": 0},
				{"appName": "Google", "usage": 0},
				{"appName": "벅스", "usage": 0},
				{"appName": "NFC 서비스", "usage": 0},
				{"appName": "Android 시스템", "usage": 0},
				{"appName": "PAYCO", "usage": 0},
				{"appName": "접근성", "usage": 0},
				{"appName": "Logger", "usage": 0},
				{"appName": "원터치알림", "usage": 0},
				{"appName": "패키지 설치 프로그램", "usage": 0},
				{"appName": "하나카드", "usage": 0},
				{"appName": "우리카드", "usage": 0}
			]
		},
		"pickups": {"usage": 216},
		"downTime": {
			"usage": [
				{"hour": "0", "usage": 27},
				{"hour": "1", "usage": 28},
				{"hour": "2", "usage": 16},
				{"hour": "3", "usage": 15},
				{"hour": "4", "usage": 17},
				{"hour": "5", "usage": 11},
				{"hour": "6", "usage": 14},
				{"hour": "7", "usage": 12},
				{"hour": "8", "usage": 15},
				{"hour": "9", "usage": 18},
				{"hour": "10", "usage": 17},
				{"hour": "11", "usage": 4},
				{"hour": "12", "usage": 22},
				{"hour": "13", "usage": 13},
				{"hour": "14", "usage": 24},
				{"hour": "15", "usage": 6},
				{"hour": "16", "usage": 0},
				{"hour": "17", "usage": 8},
				{"hour": "22", "usage": 0},
				{"hour": "23", "usage": 5}
			],
			"details": [
				{"appName": "기본홈", "usage": [0, 1, 2, 3, 4, 5, 6, 7, 8, 9, 10, 11, 12, 13, 14, 15, 17, 22, 23]},
				{"appName": "카카오톡", "usage": [0, 1, 2, 3, 4, 5, 6, 7, 8, 9, 10, 11, 12, 13, 15, 16, 17]},
				{"appName": "Whale", "usage": [0, 1, 2, 3, 4, 5, 9, 10, 11, 12, 13]},
				{"appName": "시스템 UI", "usage": [0, 2, 3, 5, 6, 9, 10, 12, 13, 14]},
				{"appName": "메시지", "usage": [0, 1, 2, 4, 5, 6, 7, 8, 10]},
				{"appName": "Paco", "usage": [1, 3, 4, 5, 6, 7, 9, 10, 12]},
				{"appName": "Polar Beat", "usage": [0, 3, 10, 11, 12, 13]},
				{"appName": "YouTube", "usage": [9, 12, 13, 14, 17]},
				{"appName": "갤러리", "usage": [6, 7, 8, 15]},
				{"appName": "다나와 가격비교", "usage": [4, 5, 6]},
				{"appName": "YouTube Music", "usage": [8, 9, 12]},
				{"appName": "T전화", "usage": [5, 8, 10]},
				{"appName": "패키지 설치 프로그램", "usage": [12, 14]},
				{"appName": "음악", "usage": [8, 9]},
				{"appName": "알람/시계", "usage": [22, 23]},
				{"appName": "설정", "usage": [5, 9]},
				{"appName": "Q메모+", "usage": [2, 6]},
				{"appName": "NFC 서비스", "usage": [2, 10]},
				{"appName": "Logger", "usage": [12, 14]},
				{"appName": "LG 페이", "usage": [2, 10]},
				{"appName": "Google", "usage": [8, 9]},
				{"appName": "Gmail", "usage": [0, 12]},
				{"appName": "BAND", "usage": [7, 8]},
				{"appName": "Android 시스템", "usage": [6, 15]},
				{"appName": "하나카드", "usage": [18]},
				{"appName": "토스", "usage": [5]},
				{"appName": "캘린더", "usage": [12]},
				{"appName": "카메라", "usage": [6]},
				{"appName": "접근성", "usage": [14]},
				{"appName": "원터치알림", "usage": [3]},
				{"appName": "우리카드", "usage": [13]},
				{"appName": "벅스", "usage": [8]},
				{"appName": "PAYCO", "usage": [8]},
				{"appName": "Chrome", "usage": [7]},
				{"appName": "AIA Vitality T건강걷기", "usage": [0]}
			]
		},
		"maxTime": {
			"usage": 26,
			"details": [
				{"appName": "YouTube", "usage": 24},
				{"appName": "카카오톡", "usage": 10},
				{"appName": "갤러리", "usage": 6},
				{"appName": "Polar Beat", "usage": 5},
				{"appName": "Q메모+", "usage": 5},
				{"appName": "Whale", "usage": 4},
				{"appName": "메시지", "usage": 3},
				{"appName": "Chrome", "usage": 3},
				{"appName": "설정", "usage": 2},
				{"appName": "LG 페이", "usage": 2},
				{"appName": "Paco", "usage": 1},
				{"appName": "알람/시계", "usage": 1},
				{"appName": "기본홈", "usage": 1},
				{"appName": "다나와 가격비교", "usage": 0},
				{"appName": "음악", "usage": 0},
				{"appName": "T전화", "usage": 0},
				{"appName": "YouTube Music", "usage": 0},
				{"appName": "AIA Vitality T건강걷기", "usage": 0},
				{"appName": "BAND", "usage": 0},
				{"appName": "캘린더", "usage": 0},
				{"appName": "토스", "usage": 0},
				{"appName": "카메라", "usage": 0},
				{"appName": "벅스", "usage": 0},
				{"appName": "Android 시스템", "usage": 0},
				{"appName": "Gmail", "usage": 0},
				{"appName": "NFC 서비스", "usage": 0},
				{"appName": "접근성", "usage": 0},
				{"appName": "Google", "usage": 0},
				{"appName": "시스템 UI", "usage": 0},
				{"appName": "PAYCO", "usage": 0},
				{"appName": "Logger", "usage": 0},
				{"appName": "원터치알림", "usage": 0},
				{"appName": "패키지 설치 프로그램", "usage": 0},
				{"appName": "하나카드", "usage": 0},
				{"appName": "우리카드", "usage": 0}
			]
		},
		"avgTime": {
			"usage": 1,
			"details": [
				{"appName": "YouTube", "usage": 4},
				{"appName": "갤러리", "usage": 2},
				{"appName": "Q메모+", "usage": 1},
				{"appName": "LG 페이", "usage": 0},
				{"appName": "AIA Vitality T건강걷기", "usage": 0},
				{"appName": "Chrome", "usage": 0},
				{"appName": "Whale", "usage": 0},
				{"appName": "Polar Beat", "usage": 0},
				{"appName": "음악", "usage": 0},
				{"appName": "설정", "usage": 0},
				{"appName": "메시지", "usage": 0},
				{"appName": "Paco", "usage": 0},
				{"appName": "T전화", "usage": 0},
				{"appName": "YouTube Music", "usage": 0},
				{"appName": "카카오톡", "usage": 0},
				{"appName": "알람/시계", "usage": 0},
				{"appName": "다나와 가격비교", "usage": 0},
				{"appName": "Gmail", "usage": 0},
				{"appName": "BAND", "usage": 0},
				{"appName": "토스", "usage": 0},
				{"appName": "벅스", "usage": 0},
				{"appName": "캘린더", "usage": 0},
				{"appName": "카메라", "usage": 0},
				{"appName": "접근성", "usage": 0},
				{"appName": "NFC 서비스", "usage": 0},
				{"appName": "Android 시스템", "usage": 0},
				{"appName": "기본홈", "usage": 0},
				{"appName": "시스템 UI", "usage": 0},
				{"appName": "PAYCO", "usage": 0},
				{"appName": "Google", "usage": 0},
				{"appName": "원터치알림", "usage": 0},
				{"appName": "Logger", "usage": 0},
				{"appName": "패키지 설치 프로그램", "usage": 0},
				{"appName": "하나카드", "usage": 0},
				{"appName": "우리카드", "usage": 0}
			]
		},
		"lastPickup": {"time": 0}
	},
	{
		"date": 4,
		"totalTime": {
			"usage": 420,
			"details": [
				{"appName": "YouTube", "usage": 307},
				{"appName": "G마켓", "usage": 16},
				{"appName": "기본홈", "usage": 15},
				{"appName": "Polar Beat", "usage": 14},
				{"appName": "카카오톡", "usage": 12},
				{"appName": "Whale", "usage": 8},
				{"appName": "YouTube Music", "usage": 5},
				{"appName": "Paco", "usage": 4},
				{"appName": "T전화", "usage": 4},
				{"appName": "메시지", "usage": 3},
				{"appName": "하나카드", "usage": 2},
				{"appName": "LG 페이", "usage": 1},
				{"appName": "알람/시계", "usage": 1},
				{"appName": "Logger", "usage": 1},
				{"appName": "갤러리", "usage": 1},
				{"appName": "Google Play 스토어", "usage": 1},
				{"appName": "시스템 UI", "usage": 0},
				{"appName": "AIA Vitality T건강걷기", "usage": 0},
				{"appName": "위메프", "usage": 0},
				{"appName": "이랜드몰", "usage": 0},
				{"appName": "BAND", "usage": 0},
				{"appName": "Microsoft Band", "usage": 0},
				{"appName": "Bluetooth", "usage": 0},
				{"appName": "벅스", "usage": 0},
				{"appName": "설정", "usage": 0},
				{"appName": "NFC 서비스", "usage": 0},
				{"appName": "패키지 설치 프로그램", "usage": 0},
				{"appName": "Gmail", "usage": 0},
				{"appName": "접근성", "usage": 0},
				{"appName": "스마일페이", "usage": 0},
				{"appName": "카메라", "usage": 0},
				{"appName": "원터치알림", "usage": 0},
				{"appName": "Q메모+", "usage": 0},
				{"appName": "한컴오피스 viewer", "usage": 0},
				{"appName": "ABC Logger", "usage": 0}
			]
		},
		"pickups": {"usage": 129},
		"downTime": {
			"usage": [
				{"hour": "0", "usage": 0},
				{"hour": "1", "usage": 49},
				{"hour": "2", "usage": 60},
				{"hour": "3", "usage": 53},
				{"hour": "4", "usage": 35},
				{"hour": "5", "usage": 24},
				{"hour": "6", "usage": 8},
				{"hour": "7", "usage": 6},
				{"hour": "8", "usage": 47},
				{"hour": "9", "usage": 17},
				{"hour": "10", "usage": 47},
				{"hour": "11", "usage": 4},
				{"hour": "12", "usage": 4},
				{"hour": "13", "usage": 2},
				{"hour": "14", "usage": 2},
				{"hour": "15", "usage": 2},
				{"hour": "16", "usage": 17},
				{"hour": "17", "usage": 0},
				{"hour": "18", "usage": 33},
				{"hour": "22", "usage": 0},
				{"hour": "23", "usage": 2}
			],
			"details": [
				{"appName": "기본홈", "usage": [0, 1, 3, 4, 5, 6, 7, 8, 9, 10, 11, 12, 13, 14, 15, 16, 17, 18, 22, 23]},
				{"appName": "카카오톡", "usage": [1, 2, 4, 5, 6, 8, 10, 11, 12, 13, 14, 15, 16, 17, 18]},
				{"appName": "시스템 UI", "usage": [2, 4, 5, 6, 7, 8, 9, 10, 11, 12, 15, 16, 18]},
				{"appName": "YouTube", "usage": [1, 2, 3, 6, 7, 8, 9, 10, 14, 16, 18]},
				{"appName": "YouTube Music", "usage": [6, 7, 8, 9, 10, 11, 12, 16]},
				{"appName": "Paco", "usage": [4, 5, 6, 7, 8, 9, 11, 12]},
				{"appName": "Whale", "usage": [1, 4, 6, 11]},
				{"appName": "패키지 설치 프로그램", "usage": [5, 11, 17]},
				{"appName": "알람/시계", "usage": [0, 22, 23]},
				{"appName": "메시지", "usage": [2, 4, 5]},
				{"appName": "Polar Beat", "usage": [4, 5, 6]},
				{"appName": "Logger", "usage": [5, 6, 17]},
				{"appName": "접근성", "usage": [4, 17]},
				{"appName": "벅스", "usage": [6, 7]},
				{"appName": "갤러리", "usage": [4, 15]},
				{"appName": "T전화", "usage": [5, 16]},
				{"appName": "LG 페이", "usage": [5, 15]},
				{"appName": "G마켓", "usage": [4, 5]},
				{"appName": "한컴오피스 viewer", "usage": [6]},
				{"appName": "하나카드", "usage": [5]},
				{"appName": "카메라", "usage": [12]},
				{"appName": "이랜드몰", "usage": [9]},
				{"appName": "위메프", "usage": [5]},
				{"appName": "원터치알림", "usage": [6]},
				{"appName": "스마일페이", "usage": [4]},
				{"appName": "설정", "usage": [11]},
				{"appName": "Q메모+", "usage": [5]},
				{"appName": "NFC 서비스", "usage": [15]},
				{"appName": "Microsoft Band", "usage": [5]},
				{"appName": "Google Play 스토어", "usage": [5]},
				{"appName": "Gmail", "usage": [7]},
				{"appName": "Bluetooth", "usage": [5]},
				{"appName": "BAND", "usage": [6]},
				{"appName": "AIA Vitality T건강걷기", "usage": [12]},
				{"appName": "ABC Logger", "usage": [4]}
			]
		},
		"maxTime": {
			"usage": 162,
			"details": [
				{"appName": "YouTube", "usage": 77},
				{"appName": "G마켓", "usage": 9},
				{"appName": "Whale", "usage": 5},
				{"appName": "T전화", "usage": 3},
				{"appName": "기본홈", "usage": 2},
				{"appName": "하나카드", "usage": 1},
				{"appName": "메시지", "usage": 1},
				{"appName": "YouTube Music", "usage": 1},
				{"appName": "Polar Beat", "usage": 1},
				{"appName": "Paco", "usage": 1},
				{"appName": "Google Play 스토어", "usage": 1},
				{"appName": "카카오톡", "usage": 1},
				{"appName": "알람/시계", "usage": 0},
				{"appName": "AIA Vitality T건강걷기", "usage": 0},
				{"appName": "Logger", "usage": 0},
				{"appName": "이랜드몰", "usage": 0},
				{"appName": "Microsoft Band", "usage": 0},
				{"appName": "갤러리", "usage": 0},
				{"appName": "LG 페이", "usage": 0},
				{"appName": "BAND", "usage": 0},
				{"appName": "벅스", "usage": 0},
				{"appName": "위메프", "usage": 0},
				{"appName": "Bluetooth", "usage": 0},
				{"appName": "NFC 서비스", "usage": 0},
				{"appName": "설정", "usage": 0},
				{"appName": "Gmail", "usage": 0},
				{"appName": "시스템 UI", "usage": 0},
				{"appName": "카메라", "usage": 0},
				{"appName": "원터치알림", "usage": 0},
				{"appName": "스마일페이", "usage": 0},
				{"appName": "패키지 설치 프로그램", "usage": 0},
				{"appName": "접근성", "usage": 0},
				{"appName": "Q메모+", "usage": 0},
				{"appName": "한컴오피스 viewer", "usage": 0},
				{"appName": "ABC Logger", "usage": 0}
			]
		},
		"avgTime": {
			"usage": 3,
			"details": [
				{"appName": "YouTube", "usage": 13},
				{"appName": "G마켓", "usage": 2},
				{"appName": "Whale", "usage": 0},
				{"appName": "T전화", "usage": 0},
				{"appName": "하나카드", "usage": 0},
				{"appName": "갤러리", "usage": 0},
				{"appName": "메시지", "usage": 0},
				{"appName": "Microsoft Band", "usage": 0},
				{"appName": "Google Play 스토어", "usage": 0},
				{"appName": "벅스", "usage": 0},
				{"appName": "Logger", "usage": 0},
				{"appName": "BAND", "usage": 0},
				{"appName": "YouTube Music", "usage": 0},
				{"appName": "NFC 서비스", "usage": 0},
				{"appName": "Polar Beat", "usage": 0},
				{"appName": "Paco", "usage": 0},
				{"appName": "AIA Vitality T건강걷기", "usage": 0},
				{"appName": "LG 페이", "usage": 0},
				{"appName": "이랜드몰", "usage": 0},
				{"appName": "위메프", "usage": 0},
				{"appName": "Gmail", "usage": 0},
				{"appName": "Bluetooth", "usage": 0},
				{"appName": "카메라", "usage": 0},
				{"appName": "기본홈", "usage": 0},
				{"appName": "원터치알림", "usage": 0},
				{"appName": "알람/시계", "usage": 0},
				{"appName": "카카오톡", "usage": 0},
				{"appName": "Q메모+", "usage": 0},
				{"appName": "접근성", "usage": 0},
				{"appName": "설정", "usage": 0},
				{"appName": "스마일페이", "usage": 0},
				{"appName": "한컴오피스 viewer", "usage": 0},
				{"appName": "시스템 UI", "usage": 0},
				{"appName": "패키지 설치 프로그램", "usage": 0},
				{"appName": "ABC Logger", "usage": 0}
			]
		},
		"lastPickup": {"time": 0}
	},
	{
		"date": 5,
		"totalTime": {
			"usage": 287,
			"details": [
				{"appName": "YouTube", "usage": 145},
				{"appName": "기본홈", "usage": 36},
				{"appName": "Whale", "usage": 21},
				{"appName": "카카오톡", "usage": 15},
				{"appName": "Paco", "usage": 8},
				{"appName": "T전화", "usage": 5},
				{"appName": "갤러리", "usage": 5},
				{"appName": "Polar Beat", "usage": 4},
				{"appName": "다나와 가격비교", "usage": 4},
				{"appName": "위메프", "usage": 4},
				{"appName": "메시지", "usage": 4},
				{"appName": "ABC Logger", "usage": 3},
				{"appName": "G마켓", "usage": 2},
				{"appName": "ISP/페이북", "usage": 2},
				{"appName": "Gmail", "usage": 2},
				{"appName": "YouTube Music", "usage": 1},
				{"appName": "시스템 UI", "usage": 1},
				{"appName": "11번가", "usage": 1},
				{"appName": "티몬", "usage": 1},
				{"appName": "Logger", "usage": 1},
				{"appName": "동영상", "usage": 0},
				{"appName": "LG 페이", "usage": 0},
				{"appName": "알람/시계", "usage": 0},
				{"appName": "Wi-Fi", "usage": 0},
				{"appName": "AIA Vitality T건강걷기", "usage": 0},
				{"appName": "BAND", "usage": 0},
				{"appName": "파일 관리자", "usage": 0},
				{"appName": "이랜드몰", "usage": 0},
				{"appName": "원터치알림", "usage": 0},
				{"appName": "카메라", "usage": 0},
				{"appName": "설정", "usage": 0},
				{"appName": "PASS", "usage": 0},
				{"appName": "접근성", "usage": 0},
				{"appName": "컬쳐랜드", "usage": 0},
				{"appName": "Dropsync", "usage": 0},
				{"appName": "패키지 설치 프로그램", "usage": 0},
				{"appName": "NFC 서비스", "usage": 0},
				{"appName": "원스토어", "usage": 0}
			]
		},
		"pickups": {"usage": 114},
		"downTime": {
			"usage": [
				{"hour": "0", "usage": 0},
				{"hour": "1", "usage": 8},
				{"hour": "2", "usage": 56},
				{"hour": "3", "usage": 0},
				{"hour": "4", "usage": 0},
				{"hour": "5", "usage": 30},
				{"hour": "6", "usage": 17},
				{"hour": "7", "usage": 30},
				{"hour": "8", "usage": 7},
				{"hour": "9", "usage": 2},
				{"hour": "10", "usage": 2},
				{"hour": "11", "usage": 2},
				{"hour": "12", "usage": 26},
				{"hour": "13", "usage": 43},
				{"hour": "14", "usage": 5},
				{"hour": "15", "usage": 16},
				{"hour": "16", "usage": 14},
				{"hour": "17", "usage": 1},
				{"hour": "18", "usage": 1},
				{"hour": "21", "usage": 1},
				{"hour": "22", "usage": 9},
				{"hour": "23", "usage": 8}
			],
			"details": [
				{"appName": "기본홈", "usage": [1, 2, 3, 4, 5, 6, 7, 8, 9, 10, 11, 12, 13, 14, 15, 16, 17, 18, 21, 22, 23]},
				{"appName": "카카오톡", "usage": [5, 7, 8, 9, 10, 11, 12, 14, 15, 22, 23]},
				{"appName": "시스템 UI", "usage": [5, 6, 7, 10, 12, 13, 15, 16, 17, 22]},
				{"appName": "YouTube", "usage": [1, 2, 5, 6, 8, 9, 12, 13]},
				{"appName": "메시지", "usage": [8, 11, 12, 15, 16, 17, 22]},
				{"appName": "Whale", "usage": [7, 12, 15, 16, 17, 18, 23]},
				{"appName": "Paco", "usage": [3, 7, 8, 9, 11, 12]},
				{"appName": "YouTube Music", "usage": [7, 8, 9, 16, 22]},
				{"appName": "패키지 설치 프로그램", "usage": [8, 12, 13, 17]},
				{"appName": "접근성", "usage": [3, 8, 12, 17]},
				{"appName": "Polar Beat", "usage": [12, 13, 22, 23]},
				{"appName": "Logger", "usage": [8, 12, 13, 17]},
				{"appName": "위메프", "usage": [7, 15, 16]},
				{"appName": "알람/시계", "usage": [18, 21, 22]},
				{"appName": "원터치알림", "usage": [15, 16]},
				{"appName": "설정", "usage": [8, 12]},
				{"appName": "다나와 가격비교", "usage": [12, 15]},
				{"appName": "T전화", "usage": [5, 12]},
				{"appName": "G마켓", "usage": [15, 16]},
				{"appName": "Gmail", "usage": [12, 15]},
				{"appName": "AIA Vitality T건강걷기", "usage": [10, 11]},
				{"appName": "ABC Logger", "usage": [8, 12]},
				{"appName": "11번가", "usage": [16, 17]},
				{"appName": "파일 관리자", "usage": [12]},
				{"appName": "티몬", "usage": [15]},
				{"appName": "컬쳐랜드", "usage": [15]},
				{"appName": "카메라", "usage": [12]},
				{"appName": "이랜드몰", "usage": [7]},
				{"appName": "원스토어", "usage": [7]},
				{"appName": "동영상", "usage": [8]},
				{"appName": "갤러리", "usage": [12]},
				{"appName": "Wi-Fi", "usage": [12]},
				{"appName": "PASS", "usage": [15]},
				{"appName": "NFC 서비스", "usage": [12]},
				{"appName": "LG 페이", "usage": [12]},
				{"appName": "ISP/페이북", "usage": [16]},
				{"appName": "Dropsync", "usage": [8]},
				{"appName": "BAND", "usage": [23]}
			]
		},
		"maxTime": {
			"usage": 64,
			"details": [
				{"appName": "YouTube", "usage": 64},
				{"appName": "기본홈", "usage": 6},
				{"appName": "카카오톡", "usage": 5},
				{"appName": "Paco", "usage": 5},
				{"appName": "갤러리", "usage": 5},
				{"appName": "T전화", "usage": 4},
				{"appName": "Whale", "usage": 4},
				{"appName": "다나와 가격비교", "usage": 3},
				{"appName": "Polar Beat", "usage": 3},
				{"appName": "ABC Logger", "usage": 2},
				{"appName": "G마켓", "usage": 1},
				{"appName": "메시지", "usage": 1},
				{"appName": "Gmail", "usage": 1},
				{"appName": "11번가", "usage": 0},
				{"appName": "ISP/페이북", "usage": 0},
				{"appName": "LG 페이", "usage": 0},
				{"appName": "Wi-Fi", "usage": 0},
				{"appName": "위메프", "usage": 0},
				{"appName": "파일 관리자", "usage": 0},
				{"appName": "동영상", "usage": 0},
				{"appName": "시스템 UI", "usage": 0},
				{"appName": "티몬", "usage": 0},
				{"appName": "AIA Vitality T건강걷기", "usage": 0},
				{"appName": "BAND", "usage": 0},
				{"appName": "알람/시계", "usage": 0},
				{"appName": "Logger", "usage": 0},
				{"appName": "이랜드몰", "usage": 0},
				{"appName": "YouTube Music", "usage": 0},
				{"appName": "카메라", "usage": 0},
				{"appName": "설정", "usage": 0},
				{"appName": "PASS", "usage": 0},
				{"appName": "Dropsync", "usage": 0},
				{"appName": "원터치알림", "usage": 0},
				{"appName": "접근성", "usage": 0},
				{"appName": "컬쳐랜드", "usage": 0},
				{"appName": "NFC 서비스", "usage": 0},
				{"appName": "패키지 설치 프로그램", "usage": 0},
				{"appName": "원스토어", "usage": 0}
			]
		},
		"avgTime": {
			"usage": 2,
			"details": [
				{"appName": "YouTube", "usage": 20},
				{"appName": "갤러리", "usage": 2},
				{"appName": "T전화", "usage": 1},
				{"appName": "다나와 가격비교", "usage": 0},
				{"appName": "Gmail", "usage": 0},
				{"appName": "Whale", "usage": 0},
				{"appName": "LG 페이", "usage": 0},
				{"appName": "Wi-Fi", "usage": 0},
				{"appName": "11번가", "usage": 0},
				{"appName": "ABC Logger", "usage": 0},
				{"appName": "G마켓", "usage": 0},
				{"appName": "동영상", "usage": 0},
				{"appName": "Paco", "usage": 0},
				{"appName": "파일 관리자", "usage": 0},
				{"appName": "기본홈", "usage": 0},
				{"appName": "Polar Beat", "usage": 0},
				{"appName": "AIA Vitality T건강걷기", "usage": 0},
				{"appName": "ISP/페이북", "usage": 0},
				{"appName": "티몬", "usage": 0},
				{"appName": "BAND", "usage": 0},
				{"appName": "메시지", "usage": 0},
				{"appName": "카메라", "usage": 0},
				{"appName": "카카오톡", "usage": 0},
				{"appName": "Logger", "usage": 0},
				{"appName": "YouTube Music", "usage": 0},
				{"appName": "위메프", "usage": 0},
				{"appName": "Dropsync", "usage": 0},
				{"appName": "이랜드몰", "usage": 0},
				{"appName": "설정", "usage": 0},
				{"appName": "시스템 UI", "usage": 0},
				{"appName": "PASS", "usage": 0},
				{"appName": "접근성", "usage": 0},
				{"appName": "알람/시계", "usage": 0},
				{"appName": "원터치알림", "usage": 0},
				{"appName": "NFC 서비스", "usage": 0},
				{"appName": "컬쳐랜드", "usage": 0},
				{"appName": "패키지 설치 프로그램", "usage": 0},
				{"appName": "원스토어", "usage": 0}
			]
		},
		"lastPickup": {"time": 0}
	},
	{
		"date": 6,
		"totalTime": {
			"usage": 241,
			"details": [
				{"appName": "카카오톡", "usage": 54},
				{"appName": "Polar Beat", "usage": 36},
				{"appName": "기본홈", "usage": 34},
				{"appName": "YouTube Music", "usage": 16},
				{"appName": "다나와 가격비교", "usage": 15},
				{"appName": "Whale", "usage": 12},
				{"appName": "YouTube", "usage": 9},
				{"appName": "메시지", "usage": 6},
				{"appName": "사용자 휴대폰 도우미", "usage": 6},
				{"appName": "갤러리", "usage": 5},
				{"appName": "T전화", "usage": 5},
				{"appName": "ABC Logger", "usage": 4},
				{"appName": "Wi-Fi", "usage": 3},
				{"appName": "LG 페이", "usage": 2},
				{"appName": "Paco", "usage": 2},
				{"appName": "NFC 서비스", "usage": 2},
				{"appName": "BAND", "usage": 1},
				{"appName": "원터치알림", "usage": 0},
				{"appName": "PASS", "usage": 0},
				{"appName": "티몬", "usage": 0},
				{"appName": "Google Play 스토어", "usage": 0},
				{"appName": "접근성", "usage": 0},
				{"appName": "AIA Vitality T건강걷기", "usage": 0},
				{"appName": "Logger", "usage": 0},
				{"appName": "Dropsync", "usage": 0},
				{"appName": "Samsung Health", "usage": 0},
				{"appName": "KEB 하나은행", "usage": 0},
				{"appName": "시스템 UI", "usage": 0},
				{"appName": "캘린더", "usage": 0},
				{"appName": "원기날씨", "usage": 0},
				{"appName": "Between", "usage": 0},
				{"appName": "Gmail", "usage": 0},
				{"appName": "설정", "usage": 0},
				{"appName": "T멤버십", "usage": 0},
				{"appName": "알람/시계", "usage": 0},
				{"appName": "Google", "usage": 0},
				{"appName": "패키지 설치 프로그램", "usage": 0},
				{"appName": "PAYCO", "usage": 0},
				{"appName": "Android 시스템", "usage": 0},
				{"appName": "Google Play 서비스", "usage": 0},
				{"appName": "통화 관리", "usage": 0},
				{"appName": "우리카드", "usage": 0},
				{"appName": "하나카드", "usage": 0}
			]
		},
		"pickups": {"usage": 168},
		"downTime": {
			"usage": [
				{"hour": "0", "usage": 19},
				{"hour": "1", "usage": 21},
				{"hour": "2", "usage": 11},
				{"hour": "3", "usage": 13},
				{"hour": "4", "usage": 24},
				{"hour": "5", "usage": 0},
				{"hour": "6", "usage": 0},
				{"hour": "7", "usage": 16},
				{"hour": "8", "usage": 13},
				{"hour": "9", "usage": 1},
				{"hour": "10", "usage": 10},
				{"hour": "11", "usage": 21},
				{"hour": "12", "usage": 29},
				{"hour": "13", "usage": 16},
				{"hour": "14", "usage": 7},
				{"hour": "15", "usage": 20},
				{"hour": "16", "usage": 11},
				{"hour": "22", "usage": 0},
				{"hour": "23", "usage": 1}
			],
			"details": [
				{"appName": "기본홈", "usage": [0, 1, 2, 3, 4, 7, 8, 9, 10, 11, 12, 13, 14, 15, 16, 22, 23]},
				{"appName": "카카오톡", "usage": [0, 1, 2, 3, 4, 5, 6, 7, 8, 9, 10, 11, 12, 13, 14, 15]},
				{"appName": "Whale", "usage": [0, 2, 4, 7, 8, 12, 14, 15]},
				{"appName": "메시지", "usage": [0, 1, 2, 7, 8, 10, 15]},
				{"appName": "Polar Beat", "usage": [0, 3, 4, 7, 8, 11, 12]},
				{"appName": "Paco", "usage": [1, 3, 7, 9, 10, 11, 12]},
				{"appName": "시스템 UI", "usage": [1, 4, 7, 12, 13, 15]},
				{"appName": "접근성", "usage": [1, 3, 7, 15]},
				{"appName": "YouTube Music", "usage": [3, 4, 7, 12]},
				{"appName": "LG 페이", "usage": [2, 8, 11, 14]},
				{"appName": "ABC Logger", "usage": [3, 7, 8, 10]},
				{"appName": "갤러리", "usage": [1, 4, 15]},
				{"appName": "T전화", "usage": [3, 8, 11]},
				{"appName": "Android 시스템", "usage": [8, 11, 15]},
				{"appName": "패키지 설치 프로그램", "usage": [7, 15]},
				{"appName": "통화 관리", "usage": [8, 11]},
				{"appName": "원터치알림", "usage": [2, 14]},
				{"appName": "알람/시계", "usage": [22, 23]},
				{"appName": "설정", "usage": [7, 15]},
				{"appName": "YouTube", "usage": [11, 15]},
				{"appName": "Wi-Fi", "usage": [3, 15]},
				{"appName": "NFC 서비스", "usage": [2, 8]},
				{"appName": "Logger", "usage": [7, 15]},
				{"appName": "AIA Vitality T건강걷기", "usage": [11, 12]},
				{"appName": "하나카드", "usage": [9]},
				{"appName": "티몬", "usage": [2]},
				{"appName": "캘린더", "usage": [4]},
				{"appName": "원기날씨", "usage": [11]},
				{"appName": "우리카드", "usage": [18]},
				{"appName": "사용자 휴대폰 도우미", "usage": [15]},
				{"appName": "다나와 가격비교", "usage": [13]},
				{"appName": "T멤버십", "usage": [3]},
				{"appName": "Samsung Health", "usage": [23]},
				{"appName": "PAYCO", "usage": [2]},
				{"appName": "PASS", "usage": [16]},
				{"appName": "KEB 하나은행", "usage": [8]},
				{"appName": "Google Play 스토어", "usage": [15]},
				{"appName": "Google Play 서비스", "usage": [0]},
				{"appName": "Google", "usage": [23]},
				{"appName": "Gmail", "usage": [12]},
				{"appName": "Dropsync", "usage": [7]},
				{"appName": "Between", "usage": [4]},
				{"appName": "BAND", "usage": [8]}
			]
		},
		"maxTime": {
			"usage": 18,
			"details": [
				{"appName": "Polar Beat", "usage": 9},
				{"appName": "카카오톡", "usage": 7},
				{"appName": "YouTube Music", "usage": 6},
				{"appName": "YouTube", "usage": 6},
				{"appName": "기본홈", "usage": 5},
				{"appName": "갤러리", "usage": 4},
				{"appName": "Whale", "usage": 4},
				{"appName": "ABC Logger", "usage": 4},
				{"appName": "Wi-Fi", "usage": 3},
				{"appName": "사용자 휴대폰 도우미", "usage": 2},
				{"appName": "다나와 가격비교", "usage": 2},
				{"appName": "T전화", "usage": 1},
				{"appName": "메시지", "usage": 1},
				{"appName": "NFC 서비스", "usage": 1},
				{"appName": "LG 페이", "usage": 0},
				{"appName": "원터치알림", "usage": 0},
				{"appName": "티몬", "usage": 0},
				{"appName": "BAND", "usage": 0},
				{"appName": "Google Play 스토어", "usage": 0},
				{"appName": "Paco", "usage": 0},
				{"appName": "Dropsync", "usage": 0},
				{"appName": "Logger", "usage": 0},
				{"appName": "Samsung Health", "usage": 0},
				{"appName": "KEB 하나은행", "usage": 0},
				{"appName": "PASS", "usage": 0},
				{"appName": "Between", "usage": 0},
				{"appName": "Gmail", "usage": 0},
				{"appName": "접근성", "usage": 0},
				{"appName": "AIA Vitality T건강걷기", "usage": 0},
				{"appName": "T멤버십", "usage": 0},
				{"appName": "알람/시계", "usage": 0},
				{"appName": "Google", "usage": 0},
				{"appName": "원기날씨", "usage": 0},
				{"appName": "캘린더", "usage": 0},
				{"appName": "패키지 설치 프로그램", "usage": 0},
				{"appName": "설정", "usage": 0},
				{"appName": "PAYCO", "usage": 0},
				{"appName": "Android 시스템", "usage": 0},
				{"appName": "Google Play 서비스", "usage": 0},
				{"appName": "시스템 UI", "usage": 0},
				{"appName": "통화 관리", "usage": 0},
				{"appName": "우리카드", "usage": 0},
				{"appName": "하나카드", "usage": 0}
			]
		},
		"avgTime": {
			"usage": 1,
			"details": [
				{"appName": "YouTube", "usage": 2},
				{"appName": "Polar Beat", "usage": 1},
				{"appName": "갤러리", "usage": 1},
				{"appName": "YouTube Music", "usage": 0},
				{"appName": "Whale", "usage": 0},
				{"appName": "Wi-Fi", "usage": 0},
				{"appName": "NFC 서비스", "usage": 0},
				{"appName": "ABC Logger", "usage": 0},
				{"appName": "사용자 휴대폰 도우미", "usage": 0},
				{"appName": "메시지", "usage": 0},
				{"appName": "기본홈", "usage": 0},
				{"appName": "T전화", "usage": 0},
				{"appName": "Dropsync", "usage": 0},
				{"appName": "LG 페이", "usage": 0},
				{"appName": "다나와 가격비교", "usage": 0},
				{"appName": "카카오톡", "usage": 0},
				{"appName": "BAND", "usage": 0},
				{"appName": "Gmail", "usage": 0},
				{"appName": "T멤버십", "usage": 0},
				{"appName": "티몬", "usage": 0},
				{"appName": "Samsung Health", "usage": 0},
				{"appName": "원터치알림", "usage": 0},
				{"appName": "Paco", "usage": 0},
				{"appName": "Between", "usage": 0},
				{"appName": "KEB 하나은행", "usage": 0},
				{"appName": "Logger", "usage": 0},
				{"appName": "접근성", "usage": 0},
				{"appName": "원기날씨", "usage": 0},
				{"appName": "PASS", "usage": 0},
				{"appName": "AIA Vitality T건강걷기", "usage": 0},
				{"appName": "Google", "usage": 0},
				{"appName": "캘린더", "usage": 0},
				{"appName": "Google Play 스토어", "usage": 0},
				{"appName": "알람/시계", "usage": 0},
				{"appName": "설정", "usage": 0},
				{"appName": "Google Play 서비스", "usage": 0},
				{"appName": "패키지 설치 프로그램", "usage": 0},
				{"appName": "시스템 UI", "usage": 0},
				{"appName": "Android 시스템", "usage": 0},
				{"appName": "PAYCO", "usage": 0},
				{"appName": "통화 관리", "usage": 0},
				{"appName": "우리카드", "usage": 0},
				{"appName": "하나카드", "usage": 0}
			]
		},
		"lastPickup": {"time": 0}
	},
	{
		"date": 7,
		"totalTime": {
			"usage": 253,
			"details": [
				{"appName": "카카오톡", "usage": 49},
				{"appName": "Whale", "usage": 29},
				{"appName": "YouTube", "usage": 28},
				{"appName": "메시지", "usage": 23},
				{"appName": "YouTube Music", "usage": 21},
				{"appName": "기본홈", "usage": 18},
				{"appName": "Paco", "usage": 7},
				{"appName": "T전화", "usage": 7},
				{"appName": "LG 페이", "usage": 7},
				{"appName": "Chrome", "usage": 6},
				{"appName": "카카오맵", "usage": 6},
				{"appName": "사용자 휴대폰 도우미", "usage": 4},
				{"appName": "토스", "usage": 2},
				{"appName": "고속버스 모바일", "usage": 2},
				{"appName": "NFC 서비스", "usage": 1},
				{"appName": "AIA Vitality T건강걷기", "usage": 1},
				{"appName": "원기날씨", "usage": 1},
				{"appName": "Instagram", "usage": 1},
				{"appName": "BAND", "usage": 1},
				{"appName": "Polar Beat", "usage": 1},
				{"appName": "알람/시계", "usage": 0},
				{"appName": "카메라", "usage": 0},
				{"appName": "Dropsync", "usage": 0},
				{"appName": "시스템 UI", "usage": 0},
				{"appName": "ABC Logger", "usage": 0},
				{"appName": "Gmail", "usage": 0},
				{"appName": "Wi-Fi", "usage": 0},
				{"appName": "Google Play 서비스", "usage": 0},
				{"appName": "Q메모+", "usage": 0},
				{"appName": "접근성", "usage": 0},
				{"appName": "Samsung Health", "usage": 0},
				{"appName": "원터치알림", "usage": 0},
				{"appName": "갤러리", "usage": 0},
				{"appName": "Logger", "usage": 0},
				{"appName": "Android 시스템", "usage": 0},
				{"appName": "통화 관리", "usage": 0},
				{"appName": "패키지 설치 프로그램", "usage": 0}
			]
		},
		"pickups": {"usage": 290},
		"downTime": {
			"usage": [
				{"hour": "0", "usage": 20},
				{"hour": "1", "usage": 11},
				{"hour": "2", "usage": 16},
				{"hour": "3", "usage": 6},
				{"hour": "4", "usage": 5},
				{"hour": "5", "usage": 12},
				{"hour": "6", "usage": 19},
				{"hour": "7", "usage": 10},
				{"hour": "8", "usage": 24},
				{"hour": "9", "usage": 17},
				{"hour": "10", "usage": 2},
				{"hour": "11", "usage": 14},
				{"hour": "12", "usage": 8},
				{"hour": "13", "usage": 8},
				{"hour": "14", "usage": 10},
				{"hour": "15", "usage": 6},
				{"hour": "16", "usage": 24},
				{"hour": "17", "usage": 0},
				{"hour": "18", "usage": 8},
				{"hour": "22", "usage": 9},
				{"hour": "23", "usage": 11}
			],
			"details": [
				{"appName": "기본홈", "usage": [0, 1, 2, 3, 4, 5, 6, 7, 8, 9, 10, 11, 12, 13, 14, 15, 16, 17, 18, 22, 23]},
				{"appName": "카카오톡", "usage": [0, 1, 2, 3, 4, 5, 6, 7, 8, 9, 10, 11, 12, 13, 14, 17, 18, 23]},
				{"appName": "Whale", "usage": [0, 1, 2, 5, 6, 7, 8, 9, 11, 12, 14, 16, 23]},
				{"appName": "메시지", "usage": [0, 2, 6, 7, 8, 9, 11, 12, 13, 16, 22, 23]},
				{"appName": "시스템 UI", "usage": [1, 2, 5, 6, 11, 13, 16, 18, 23]},
				{"appName": "YouTube", "usage": [1, 5, 11, 12, 13, 15, 16, 18, 23]},
				{"appName": "Paco", "usage": [1, 2, 3, 6, 8, 9, 10, 11, 12]},
				{"appName": "알람/시계", "usage": [0, 18, 22, 23]},
				{"appName": "ABC Logger", "usage": [9, 10, 11, 13]},
				{"appName": "접근성", "usage": [0, 10, 12]},
				{"appName": "YouTube Music", "usage": [0, 16, 23]},
				{"appName": "T전화", "usage": [2, 5, 16]},
				{"appName": "Google Play 서비스", "usage": [8, 11, 12]},
				{"appName": "Chrome", "usage": [6, 7, 13]},
				{"appName": "BAND", "usage": [0, 6, 13]},
				{"appName": "통화 관리", "usage": [2, 5]},
				{"appName": "카메라", "usage": [3, 12]},
				{"appName": "고속버스 모바일", "usage": [1, 2]},
				{"appName": "Wi-Fi", "usage": [10, 13]},
				{"appName": "Polar Beat", "usage": [1, 11]},
				{"appName": "NFC 서비스", "usage": [9, 14]},
				{"appName": "LG 페이", "usage": [9, 14]},
				{"appName": "Instagram", "usage": [0, 1]},
				{"appName": "Gmail", "usage": [1, 13]},
				{"appName": "AIA Vitality T건강걷기", "usage": [1, 14]},
				{"appName": "패키지 설치 프로그램", "usage": [10]},
				{"appName": "토스", "usage": [2]},
				{"appName": "카카오맵", "usage": [6]},
				{"appName": "원터치알림", "usage": [8]},
				{"appName": "원기날씨", "usage": [23]},
				{"appName": "사용자 휴대폰 도우미", "usage": [16]},
				{"appName": "갤러리", "usage": [0]},
				{"appName": "Samsung Health", "usage": [8]},
				{"appName": "Q메모+", "usage": [0]},
				{"appName": "Logger", "usage": [10]},
				{"appName": "Dropsync", "usage": [13]},
				{"appName": "Android 시스템", "usage": [2]}
			]
		},
		"maxTime": {
			"usage": 19,
			"details": [
				{"appName": "YouTube Music", "usage": 16},
				{"appName": "YouTube", "usage": 7},
				{"appName": "LG 페이", "usage": 6},
				{"appName": "Chrome", "usage": 6},
				{"appName": "카카오맵", "usage": 5},
				{"appName": "Whale", "usage": 5},
				{"appName": "메시지", "usage": 5},
				{"appName": "Paco", "usage": 5},
				{"appName": "기본홈", "usage": 5},
				{"appName": "카카오톡", "usage": 4},
				{"appName": "T전화", "usage": 3},
				{"appName": "사용자 휴대폰 도우미", "usage": 3},
				{"appName": "토스", "usage": 2},
				{"appName": "Instagram", "usage": 1},
				{"appName": "원기날씨", "usage": 1},
				{"appName": "고속버스 모바일", "usage": 0},
				{"appName": "AIA Vitality T건강걷기", "usage": 0},
				{"appName": "BAND", "usage": 0},
				{"appName": "NFC 서비스", "usage": 0},
				{"appName": "Dropsync", "usage": 0},
				{"appName": "카메라", "usage": 0},
				{"appName": "ABC Logger", "usage": 0},
				{"appName": "Polar Beat", "usage": 0},
				{"appName": "Wi-Fi", "usage": 0},
				{"appName": "시스템 UI", "usage": 0},
				{"appName": "알람/시계", "usage": 0},
				{"appName": "Gmail", "usage": 0},
				{"appName": "Q메모+", "usage": 0},
				{"appName": "Samsung Health", "usage": 0},
				{"appName": "원터치알림", "usage": 0},
				{"appName": "접근성", "usage": 0},
				{"appName": "Google Play 서비스", "usage": 0},
				{"appName": "갤러리", "usage": 0},
				{"appName": "Logger", "usage": 0},
				{"appName": "Android 시스템", "usage": 0},
				{"appName": "패키지 설치 프로그램", "usage": 0},
				{"appName": "통화 관리", "usage": 0}
			]
		},
		"avgTime": {
			"usage": 0,
			"details": [
				{"appName": "YouTube Music", "usage": 3},
				{"appName": "카카오맵", "usage": 2},
				{"appName": "Chrome", "usage": 1},
				{"appName": "YouTube", "usage": 1},
				{"appName": "Instagram", "usage": 1},
				{"appName": "LG 페이", "usage": 0},
				{"appName": "사용자 휴대폰 도우미", "usage": 0},
				{"appName": "토스", "usage": 0},
				{"appName": "T전화", "usage": 0},
				{"appName": "원기날씨", "usage": 0},
				{"appName": "Whale", "usage": 0},
				{"appName": "메시지", "usage": 0},
				{"appName": "NFC 서비스", "usage": 0},
				{"appName": "Paco", "usage": 0},
				{"appName": "Dropsync", "usage": 0},
				{"appName": "고속버스 모바일", "usage": 0},
				{"appName": "AIA Vitality T건강걷기", "usage": 0},
				{"appName": "카메라", "usage": 0},
				{"appName": "Gmail", "usage": 0},
				{"appName": "BAND", "usage": 0},
				{"appName": "Wi-Fi", "usage": 0},
				{"appName": "Polar Beat", "usage": 0},
				{"appName": "기본홈", "usage": 0},
				{"appName": "카카오톡", "usage": 0},
				{"appName": "Q메모+", "usage": 0},
				{"appName": "접근성", "usage": 0},
				{"appName": "알람/시계", "usage": 0},
				{"appName": "Samsung Health", "usage": 0},
				{"appName": "ABC Logger", "usage": 0},
				{"appName": "갤러리", "usage": 0},
				{"appName": "Google Play 서비스", "usage": 0},
				{"appName": "시스템 UI", "usage": 0},
				{"appName": "원터치알림", "usage": 0},
				{"appName": "Logger", "usage": 0},
				{"appName": "Android 시스템", "usage": 0},
				{"appName": "패키지 설치 프로그램", "usage": 0},
				{"appName": "통화 관리", "usage": 0}
			]
		},
		"lastPickup": {"time": 4}
	}
]
