[
	{
		"date": 1,
		"totalTime": {
			"usage": 187,
			"details": [
				{"appName": "TouchWiz 홈", "usage": 327},
				{"appName": "Clean Master", "usage": 33},
				{"appName": "카카오톡", "usage": 30},
				{"appName": "한컴오피스 S 뷰어", "usage": 23},
				{"appName": "Polar Beat", "usage": 15},
				{"appName": "YouTube", "usage": 15},
				{"appName": "Paco", "usage": 11},
				{"appName": "Logger", "usage": 7},
				{"appName": "알람/시간", "usage": 5},
				{"appName": "Microsoft Band", "usage": 5},
				{"appName": "삼성 인터넷", "usage": 3},
				{"appName": "설정", "usage": 2},
				{"appName": "캘린더", "usage": 1},
				{"appName": "시스템 UI", "usage": 1},
				{"appName": "ABC Logger", "usage": 1},
				{"appName": "에브리타임", "usage": 1},
				{"appName": "연락처", "usage": 1},
				{"appName": "전화", "usage": 0},
				{"appName": "Messenger Lite", "usage": 0},
				{"appName": "내 파일", "usage": 0},
				{"appName": "Dropsync", "usage": 0},
				{"appName": "패키지 설치 프로그램", "usage": 0},
				{"appName": "카메라", "usage": 0},
				{"appName": "Google Play 서비스", "usage": 0},
				{"appName": "안드로이드 시스템", "usage": 0}
			]
		},
		"pickups": {"usage": 242},
		"downTime": {
			"usage": [
				{"hour": "0", "usage": 12},
				{"hour": "1", "usage": 26},
				{"hour": "2", "usage": 12},
				{"hour": "3", "usage": 18},
				{"hour": "4", "usage": 6},
				{"hour": "5", "usage": 10},
				{"hour": "6", "usage": 0},
				{"hour": "7", "usage": 2},
				{"hour": "8", "usage": 4},
				{"hour": "9", "usage": 1},
				{"hour": "10", "usage": 12},
				{"hour": "11", "usage": 2},
				{"hour": "12", "usage": 2},
				{"hour": "13", "usage": 12},
				{"hour": "14", "usage": 1},
				{"hour": "15", "usage": 3},
				{"hour": "16", "usage": 7},
				{"hour": "17", "usage": 7},
				{"hour": "18", "usage": 1},
				{"hour": "19", "usage": 6},
				{"hour": "20", "usage": 9},
				{"hour": "21", "usage": 9},
				{"hour": "22", "usage": 6},
				{"hour": "23", "usage": 5}
			],
			"details": [
				{"appName": "TouchWiz 홈", "usage": [0, 1, 2, 3, 4, 5, 6, 7, 8, 9, 10, 11, 12, 13, 14, 15, 16, 17, 22, 23]},
				{"appName": "시스템 UI", "usage": [0, 1, 2, 3, 4, 5, 7, 8, 9, 10, 12, 13, 15, 16, 17, 23]},
				{"appName": "카카오톡", "usage": [0, 1, 2, 3, 4, 5, 10, 12, 13, 14, 15, 16, 17, 23]},
				{"appName": "Polar Beat", "usage": [0, 1, 2, 3, 4, 5, 7, 8, 10, 12, 13, 14, 23]},
				{"appName": "Paco", "usage": [0, 1, 2, 4, 5, 7, 8, 9, 10, 12, 13, 15, 23]},
				{"appName": "패키지 설치 프로그램", "usage": [0, 1, 2, 3, 4, 5, 7, 10, 13, 14, 15, 23]},
				{"appName": "Logger", "usage": [0, 1, 2, 3, 4, 5, 7, 10, 13, 14, 15, 23]},
				{"appName": "Clean Master", "usage": [5, 6, 7, 17, 18, 19, 20, 21, 22]},
				{"appName": "ABC Logger", "usage": [0, 1, 3, 4, 5, 7, 10, 14, 23]},
				{"appName": "설정", "usage": [0, 10, 13, 15, 23]},
				{"appName": "Microsoft Band", "usage": [0, 4, 8, 10, 17]},
				{"appName": "알람/시간", "usage": [0, 3, 17, 22]},
				{"appName": "삼성 인터넷", "usage": [0, 2, 3, 5]},
				{"appName": "한컴오피스 S 뷰어", "usage": [1, 2, 5]},
				{"appName": "연락처", "usage": [0, 1, 13]},
				{"appName": "YouTube", "usage": [3, 11, 12]},
				{"appName": "캘린더", "usage": [16, 17]},
				{"appName": "전화", "usage": [6, 13]},
				{"appName": "에브리타임", "usage": [16, 17]},
				{"appName": "카메라", "usage": [1]},
				{"appName": "안드로이드 시스템", "usage": [1]},
				{"appName": "내 파일", "usage": [5]},
				{"appName": "Messenger Lite", "usage": [17]},
				{"appName": "Google Play 서비스", "usage": [0]},
				{"appName": "Dropsync", "usage": [0]}
			]
		},
		"maxTime": {
			"usage": 13,
			"details": [
				{"appName": "TouchWiz 홈", "usage": 49},
				{"appName": "YouTube", "usage": 12},
				{"appName": "한컴오피스 S 뷰어", "usage": 5},
				{"appName": "알람/시간", "usage": 2},
				{"appName": "카카오톡", "usage": 1},
				{"appName": "Polar Beat", "usage": 1},
				{"appName": "Clean Master", "usage": 1},
				{"appName": "Logger", "usage": 1},
				{"appName": "삼성 인터넷", "usage": 1},
				{"appName": "Microsoft Band", "usage": 1},
				{"appName": "캘린더", "usage": 0},
				{"appName": "연락처", "usage": 0},
				{"appName": "Paco", "usage": 0},
				{"appName": "전화", "usage": 0},
				{"appName": "ABC Logger", "usage": 0},
				{"appName": "설정", "usage": 0},
				{"appName": "내 파일", "usage": 0},
				{"appName": "에브리타임", "usage": 0},
				{"appName": "Messenger Lite", "usage": 0},
				{"appName": "카메라", "usage": 0},
				{"appName": "Dropsync", "usage": 0},
				{"appName": "Google Play 서비스", "usage": 0},
				{"appName": "시스템 UI", "usage": 0},
				{"appName": "안드로이드 시스템", "usage": 0},
				{"appName": "패키지 설치 프로그램", "usage": 0}
			]
		},
		"avgTime": {
			"usage": 0,
			"details": [
				{"appName": "YouTube", "usage": 2},
				{"appName": "한컴오피스 S 뷰어", "usage": 1},
				{"appName": "TouchWiz 홈", "usage": 1},
				{"appName": "캘린더", "usage": 0},
				{"appName": "Clean Master", "usage": 0},
				{"appName": "삼성 인터넷", "usage": 0},
				{"appName": "내 파일", "usage": 0},
				{"appName": "Microsoft Band", "usage": 0},
				{"appName": "에브리타임", "usage": 0},
				{"appName": "알람/시간", "usage": 0},
				{"appName": "카메라", "usage": 0},
				{"appName": "Polar Beat", "usage": 0},
				{"appName": "Messenger Lite", "usage": 0},
				{"appName": "연락처", "usage": 0},
				{"appName": "Logger", "usage": 0},
				{"appName": "설정", "usage": 0},
				{"appName": "Paco", "usage": 0},
				{"appName": "Google Play 서비스", "usage": 0},
				{"appName": "전화", "usage": 0},
				{"appName": "카카오톡", "usage": 0},
				{"appName": "Dropsync", "usage": 0},
				{"appName": "ABC Logger", "usage": 0},
				{"appName": "안드로이드 시스템", "usage": 0},
				{"appName": "시스템 UI", "usage": 0},
				{"appName": "패키지 설치 프로그램", "usage": 0}
			]
		},
		"lastPickup": {"time": 4}
	},
	{
		"date": 2,
		"totalTime": {
			"usage": 242,
			"details": [
				{"appName": "TouchWiz 홈", "usage": 116822283075950},
				{"appName": "삼성 인터넷", "usage": 77},
				{"appName": "카카오톡", "usage": 72},
				{"appName": "Clean Master", "usage": 37},
				{"appName": "YouTube", "usage": 12},
				{"appName": "Paco", "usage": 8},
				{"appName": "Polar Beat", "usage": 8},
				{"appName": "Security Master", "usage": 7},
				{"appName": "갤러리", "usage": 7},
				{"appName": "NH콕뱅크", "usage": 4},
				{"appName": "에브리타임", "usage": 3},
				{"appName": "카메라", "usage": 3},
				{"appName": "Logger", "usage": 2},
				{"appName": "캘린더", "usage": 1},
				{"appName": "시스템 UI", "usage": 1},
				{"appName": "설정", "usage": 1},
				{"appName": "Messenger Lite", "usage": 1},
				{"appName": "Microsoft Band", "usage": 1},
				{"appName": "연락처", "usage": 0},
				{"appName": "ABC Logger", "usage": 0},
				{"appName": "S플래너", "usage": 0},
				{"appName": "S보이스", "usage": 0},
				{"appName": "전화", "usage": 0},
				{"appName": "패키지 설치 프로그램", "usage": 0},
				{"appName": "알람/시간", "usage": 0}
			]
		},
		"pickups": {"usage": 300},
		"downTime": {
			"usage": [
				{"hour": "0", "usage": 3},
				{"hour": "1", "usage": 8},
				{"hour": "2", "usage": 1},
				{"hour": "3", "usage": 3},
				{"hour": "4", "usage": 8},
				{"hour": "5", "usage": 31},
				{"hour": "6", "usage": 31},
				{"hour": "7", "usage": 4},
				{"hour": "8", "usage": 7},
				{"hour": "9", "usage": 10},
				{"hour": "10", "usage": 15},
				{"hour": "11", "usage": 1},
				{"hour": "12", "usage": 3},
				{"hour": "13", "usage": 42},
				{"hour": "14", "usage": 12},
				{"hour": "15", "usage": 5},
				{"hour": "16", "usage": 2},
				{"hour": "17", "usage": 0},
				{"hour": "18", "usage": 19},
				{"hour": "19", "usage": 26},
				{"hour": "21", "usage": 0}
			],
			"details": [
				{"appName": "카카오톡", "usage": [0, 2, 3, 4, 5, 6, 7, 8, 9, 10, 11, 12, 13, 14, 15, 16, 17, 18, 19]},
				{"appName": "시스템 UI", "usage": [0, 1, 2, 3, 4, 5, 6, 7, 8, 9, 10, 12, 13, 14, 19]},
				{"appName": "TouchWiz 홈", "usage": [0, 1, 2, 3, 4, 5, 6, 7, 8, 9, 10, 11, 12, 13, 14]},
				{"appName": "Polar Beat", "usage": [0, 1, 2, 3, 4, 5, 6, 7, 8, 9, 10, 12, 13]},
				{"appName": "Paco", "usage": [1, 3, 4, 5, 6, 8, 9, 10, 12, 13, 14]},
				{"appName": "Logger", "usage": [0, 1, 2, 3, 4, 5, 8, 9, 12, 13]},
				{"appName": "패키지 설치 프로그램", "usage": [0, 1, 2, 3, 4, 5, 8, 12, 13]},
				{"appName": "Clean Master", "usage": [6, 7, 8, 9, 10, 19, 21]},
				{"appName": "삼성 인터넷", "usage": [1, 5, 6, 18, 19]},
				{"appName": "Microsoft Band", "usage": [0, 3, 5, 8, 13]},
				{"appName": "에브리타임", "usage": [0, 10, 13, 18]},
				{"appName": "설정", "usage": [0, 9, 12, 13]},
				{"appName": "ABC Logger", "usage": [3, 4, 10, 13]},
				{"appName": "카메라", "usage": [4, 5, 14]},
				{"appName": "Security Master", "usage": [13, 14, 19]},
				{"appName": "갤러리", "usage": [4, 5]},
				{"appName": "YouTube", "usage": [10, 13]},
				{"appName": "S플래너", "usage": [1, 13]},
				{"appName": "캘린더", "usage": [10]},
				{"appName": "전화", "usage": [8]},
				{"appName": "연락처", "usage": [8]},
				{"appName": "알람/시간", "usage": [19]},
				{"appName": "S보이스", "usage": [5]},
				{"appName": "NH콕뱅크", "usage": [13]},
				{"appName": "Messenger Lite", "usage": [10]}
			]
		},
		"maxTime": {
			"usage": 42,
			"details": [
				{"appName": "TouchWiz 홈", "usage": 116822283075790},
				{"appName": "삼성 인터넷", "usage": 39},
				{"appName": "Clean Master", "usage": 10},
				{"appName": "카카오톡", "usage": 8},
				{"appName": "YouTube", "usage": 7},
				{"appName": "NH콕뱅크", "usage": 4},
				{"appName": "Security Master", "usage": 2},
				{"appName": "갤러리", "usage": 2},
				{"appName": "캘린더", "usage": 1},
				{"appName": "Polar Beat", "usage": 1},
				{"appName": "카메라", "usage": 1},
				{"appName": "Paco", "usage": 0},
				{"appName": "Microsoft Band", "usage": 0},
				{"appName": "연락처", "usage": 0},
				{"appName": "에브리타임", "usage": 0},
				{"appName": "Logger", "usage": 0},
				{"appName": "Messenger Lite", "usage": 0},
				{"appName": "ABC Logger", "usage": 0},
				{"appName": "설정", "usage": 0},
				{"appName": "알람/시간", "usage": 0},
				{"appName": "S플래너", "usage": 0},
				{"appName": "S보이스", "usage": 0},
				{"appName": "전화", "usage": 0},
				{"appName": "시스템 UI", "usage": 0},
				{"appName": "패키지 설치 프로그램", "usage": 0}
			]
		},
		"avgTime": {
			"usage": 0,
			"details": [
				{"appName": "TouchWiz 홈", "usage": 1342784862941},
				{"appName": "삼성 인터넷", "usage": 7},
				{"appName": "YouTube", "usage": 1},
				{"appName": "NH콕뱅크", "usage": 0},
				{"appName": "캘린더", "usage": 0},
				{"appName": "갤러리", "usage": 0},
				{"appName": "Security Master", "usage": 0},
				{"appName": "Clean Master", "usage": 0},
				{"appName": "에브리타임", "usage": 0},
				{"appName": "카메라", "usage": 0},
				{"appName": "알람/시간", "usage": 0},
				{"appName": "연락처", "usage": 0},
				{"appName": "Polar Beat", "usage": 0},
				{"appName": "Paco", "usage": 0},
				{"appName": "Messenger Lite", "usage": 0},
				{"appName": "Microsoft Band", "usage": 0},
				{"appName": "카카오톡", "usage": 0},
				{"appName": "S보이스", "usage": 0},
				{"appName": "S플래너", "usage": 0},
				{"appName": "설정", "usage": 0},
				{"appName": "ABC Logger", "usage": 0},
				{"appName": "Logger", "usage": 0},
				{"appName": "전화", "usage": 0},
				{"appName": "시스템 UI", "usage": 0},
				{"appName": "패키지 설치 프로그램", "usage": 0}
			]
		},
		"lastPickup": {"time": 0}
	},
	{
		"date": 3,
		"totalTime": {
			"usage": 284,
			"details": [
				{"appName": "TouchWiz 홈", "usage": 297},
				{"appName": "삼성 인터넷", "usage": 150},
				{"appName": "Clean Master", "usage": 85},
				{"appName": "카카오톡", "usage": 29},
				{"appName": "YouTube", "usage": 22},
				{"appName": "Security Master", "usage": 18},
				{"appName": "Polar Beat", "usage": 7},
				{"appName": "설정", "usage": 7},
				{"appName": "Paco", "usage": 6},
				{"appName": "캘린더", "usage": 2},
				{"appName": "Logger", "usage": 1},
				{"appName": "에브리타임", "usage": 1},
				{"appName": "갤러리", "usage": 1},
				{"appName": "시스템 UI", "usage": 0},
				{"appName": "Microsoft Band", "usage": 0},
				{"appName": "ABC Logger", "usage": 0},
				{"appName": "패키지 설치 프로그램", "usage": 0},
				{"appName": "Google Play 스토어", "usage": 0}
			]
		},
		"pickups": {"usage": 158},
		"downTime": {
			"usage": [
				{"hour": "0", "usage": 4},
				{"hour": "1", "usage": 2},
				{"hour": "2", "usage": 3},
				{"hour": "3", "usage": 23},
				{"hour": "4", "usage": 60},
				{"hour": "5", "usage": 58},
				{"hour": "6", "usage": 3},
				{"hour": "7", "usage": 8},
				{"hour": "8", "usage": 2},
				{"hour": "9", "usage": 4},
				{"hour": "10", "usage": 11},
				{"hour": "11", "usage": 0},
				{"hour": "12", "usage": 8},
				{"hour": "13", "usage": 3},
				{"hour": "14", "usage": 12},
				{"hour": "15", "usage": 1},
				{"hour": "16", "usage": 2},
				{"hour": "17", "usage": 0},
				{"hour": "18", "usage": 0},
				{"hour": "19", "usage": 9},
				{"hour": "20", "usage": 53},
				{"hour": "21", "usage": 2},
				{"hour": "22", "usage": 2},
				{"hour": "23", "usage": 4}
			],
			"details": [
				{"appName": "카카오톡", "usage": [1, 2, 3, 5, 6, 7, 8, 9, 10, 11, 12, 13, 14, 15, 16, 18, 19, 23]},
				{"appName": "TouchWiz 홈", "usage": [1, 3, 5, 6, 7, 8, 9, 10, 11, 12, 13, 14, 15, 16, 17, 19, 20, 21]},
				{"appName": "시스템 UI", "usage": [5, 6, 7, 8, 9, 10, 12, 13, 14, 15, 16, 19, 21]},
				{"appName": "Clean Master", "usage": [0, 1, 2, 3, 5, 6, 12, 17, 18, 19, 21, 22, 23]},
				{"appName": "Polar Beat", "usage": [6, 7, 8, 9, 10, 12, 13, 14, 15, 16, 19]},
				{"appName": "패키지 설치 프로그램", "usage": [6, 7, 8, 9, 10, 12, 13, 14, 15, 19]},
				{"appName": "Logger", "usage": [6, 7, 8, 9, 10, 12, 13, 14, 15, 19]},
				{"appName": "Paco", "usage": [6, 7, 9, 10, 12, 13, 14, 15, 19]},
				{"appName": "설정", "usage": [6, 7, 8, 9, 12, 14, 19]},
				{"appName": "삼성 인터넷", "usage": [3, 4, 5, 20, 21]},
				{"appName": "Security Master", "usage": [3, 5, 6]},
				{"appName": "캘린더", "usage": [19, 20]},
				{"appName": "에브리타임", "usage": [14, 19]},
				{"appName": "YouTube", "usage": [5, 10]},
				{"appName": "ABC Logger", "usage": [6, 12]},
				{"appName": "갤러리", "usage": [12]},
				{"appName": "Microsoft Band", "usage": [12]},
				{"appName": "Google Play 스토어", "usage": [12]}
			]
		},
		"maxTime": {
			"usage": 139,
			"details": [
				{"appName": "삼성 인터넷", "usage": 99},
				{"appName": "Clean Master", "usage": 62},
				{"appName": "TouchWiz 홈", "usage": 61},
				{"appName": "YouTube", "usage": 17},
				{"appName": "Security Master", "usage": 10},
				{"appName": "설정", "usage": 4},
				{"appName": "카카오톡", "usage": 2},
				{"appName": "캘린더", "usage": 2},
				{"appName": "Polar Beat", "usage": 1},
				{"appName": "갤러리", "usage": 1},
				{"appName": "Paco", "usage": 0},
				{"appName": "Microsoft Band", "usage": 0},
				{"appName": "Logger", "usage": 0},
				{"appName": "에브리타임", "usage": 0},
				{"appName": "ABC Logger", "usage": 0},
				{"appName": "시스템 UI", "usage": 0},
				{"appName": "패키지 설치 프로그램", "usage": 0},
				{"appName": "Google Play 스토어", "usage": 0}
			]
		},
		"avgTime": {
			"usage": 1,
			"details": [
				{"appName": "삼성 인터넷", "usage": 75},
				{"appName": "YouTube", "usage": 4},
				{"appName": "TouchWiz 홈", "usage": 1},
				{"appName": "갤러리", "usage": 1},
				{"appName": "Clean Master", "usage": 1},
				{"appName": "캘린더", "usage": 0},
				{"appName": "Security Master", "usage": 0},
				{"appName": "Microsoft Band", "usage": 0},
				{"appName": "설정", "usage": 0},
				{"appName": "에브리타임", "usage": 0},
				{"appName": "Polar Beat", "usage": 0},
				{"appName": "Paco", "usage": 0},
				{"appName": "카카오톡", "usage": 0},
				{"appName": "ABC Logger", "usage": 0},
				{"appName": "Logger", "usage": 0},
				{"appName": "시스템 UI", "usage": 0},
				{"appName": "Google Play 스토어", "usage": 0},
				{"appName": "패키지 설치 프로그램", "usage": 0}
			]
		},
		"lastPickup": {"time": 0}
	},
	{
		"date": 4,
		"totalTime": {
			"usage": 163,
			"details": [
				{"appName": "TouchWiz 홈", "usage": 544},
				{"appName": "전화", "usage": 230},
				{"appName": "삼성 인터넷", "usage": 76},
				{"appName": "카카오톡", "usage": 50},
				{"appName": "Clean Master", "usage": 25},
				{"appName": "YouTube", "usage": 8},
				{"appName": "Paco", "usage": 4},
				{"appName": "NH콕뱅크", "usage": 3},
				{"appName": "Polar Beat", "usage": 1},
				{"appName": "Logger", "usage": 1},
				{"appName": "설정", "usage": 0},
				{"appName": "연락처", "usage": 0},
				{"appName": "시스템 UI", "usage": 0},
				{"appName": "에브리타임", "usage": 0},
				{"appName": "패키지 설치 프로그램", "usage": 0}
			]
		},
		"pickups": {"usage": 154},
		"downTime": {
			"usage": [
				{"hour": "0", "usage": 5},
				{"hour": "1", "usage": 3},
				{"hour": "2", "usage": 2},
				{"hour": "3", "usage": 1},
				{"hour": "4", "usage": 54},
				{"hour": "5", "usage": 13},
				{"hour": "6", "usage": 10},
				{"hour": "7", "usage": 15},
				{"hour": "8", "usage": 4},
				{"hour": "9", "usage": 5},
				{"hour": "10", "usage": 5},
				{"hour": "11", "usage": 0},
				{"hour": "12", "usage": 7},
				{"hour": "13", "usage": 0},
				{"hour": "14", "usage": 2},
				{"hour": "15", "usage": 0},
				{"hour": "16", "usage": 2},
				{"hour": "18", "usage": 2},
				{"hour": "19", "usage": 18},
				{"hour": "20", "usage": 0},
				{"hour": "22", "usage": 3},
				{"hour": "23", "usage": 3}
			],
			"details": [
				{"appName": "TouchWiz 홈", "usage": [0, 1, 2, 3, 4, 5, 6, 7, 8, 9, 10, 11, 12, 14, 15, 16, 18, 19]},
				{"appName": "카카오톡", "usage": [0, 4, 5, 6, 7, 8, 9, 10, 11, 12, 13, 14, 15, 16, 23]},
				{"appName": "Clean Master", "usage": [0, 1, 2, 3, 4, 12, 13, 14, 19, 20, 22, 23]},
				{"appName": "시스템 UI", "usage": [5, 6, 9, 10, 12, 16, 18, 19]},
				{"appName": "Paco", "usage": [6, 7, 9, 10, 12, 14, 16, 18]},
				{"appName": "패키지 설치 프로그램", "usage": [6, 7, 9, 10, 16]},
				{"appName": "전화", "usage": [0, 1, 2, 3, 4]},
				{"appName": "Polar Beat", "usage": [6, 9, 10, 16, 18]},
				{"appName": "Logger", "usage": [6, 7, 9, 10, 16]},
				{"appName": "설정", "usage": [6, 9, 16]},
				{"appName": "삼성 인터넷", "usage": [4, 5, 19]},
				{"appName": "YouTube", "usage": [7, 8]},
				{"appName": "연락처", "usage": [4]},
				{"appName": "에브리타임", "usage": [4]},
				{"appName": "NH콕뱅크", "usage": [12]}
			]
		},
		"maxTime": {
			"usage": 59,
			"details": [
				{"appName": "전화", "usage": 230},
				{"appName": "TouchWiz 홈", "usage": 230},
				{"appName": "삼성 인터넷", "usage": 58},
				{"appName": "카카오톡", "usage": 13},
				{"appName": "YouTube", "usage": 5},
				{"appName": "Clean Master", "usage": 1},
				{"appName": "NH콕뱅크", "usage": 1},
				{"appName": "Paco", "usage": 0},
				{"appName": "연락처", "usage": 0},
				{"appName": "에브리타임", "usage": 0},
				{"appName": "Polar Beat", "usage": 0},
				{"appName": "Logger", "usage": 0},
				{"appName": "설정", "usage": 0},
				{"appName": "시스템 UI", "usage": 0},
				{"appName": "패키지 설치 프로그램", "usage": 0}
			]
		},
		"avgTime": {
			"usage": 1,
			"details": [
				{"appName": "전화", "usage": 46},
				{"appName": "삼성 인터넷", "usage": 25},
				{"appName": "TouchWiz 홈", "usage": 4},
				{"appName": "YouTube", "usage": 2},
				{"appName": "NH콕뱅크", "usage": 0},
				{"appName": "Clean Master", "usage": 0},
				{"appName": "에브리타임", "usage": 0},
				{"appName": "카카오톡", "usage": 0},
				{"appName": "연락처", "usage": 0},
				{"appName": "Paco", "usage": 0},
				{"appName": "Polar Beat", "usage": 0},
				{"appName": "설정", "usage": 0},
				{"appName": "Logger", "usage": 0},
				{"appName": "시스템 UI", "usage": 0},
				{"appName": "패키지 설치 프로그램", "usage": 0}
			]
		},
		"lastPickup": {"time": 0}
	},
	{
		"date": 5,
		"totalTime": {
			"usage": 190,
			"details": [
				{"appName": "TouchWiz 홈", "usage": 379},
				{"appName": "카카오톡", "usage": 80},
				{"appName": "YouTube", "usage": 45},
				{"appName": "Clean Master", "usage": 39},
				{"appName": "Polar Beat", "usage": 9},
				{"appName": "Paco", "usage": 6},
				{"appName": "삼성 인터넷", "usage": 5},
				{"appName": "알람/시간", "usage": 3},
				{"appName": "Logger", "usage": 2},
				{"appName": "에브리타임", "usage": 2},
				{"appName": "", "usage": 1},
				{"appName": "설정", "usage": 1},
				{"appName": "시스템 UI", "usage": 1},
				{"appName": "드라이브", "usage": 0},
				{"appName": "내 파일", "usage": 0},
				{"appName": "연락처", "usage": 0},
				{"appName": "패키지 설치 프로그램", "usage": 0},
				{"appName": "전화", "usage": 0}
			]
		},
		"pickups": {"usage": 233},
		"downTime": {
			"usage": [
				{"hour": "1", "usage": 2},
				{"hour": "2", "usage": 1},
				{"hour": "3", "usage": 0},
				{"hour": "4", "usage": 7},
				{"hour": "5", "usage": 39},
				{"hour": "6", "usage": 3},
				{"hour": "7", "usage": 4},
				{"hour": "8", "usage": 5},
				{"hour": "9", "usage": 5},
				{"hour": "10", "usage": 0},
				{"hour": "11", "usage": 7},
				{"hour": "12", "usage": 9},
				{"hour": "13", "usage": 26},
				{"hour": "14", "usage": 17},
				{"hour": "15", "usage": 10},
				{"hour": "16", "usage": 2},
				{"hour": "17", "usage": 11},
				{"hour": "18", "usage": 5},
				{"hour": "19", "usage": 21},
				{"hour": "21", "usage": 0},
				{"hour": "22", "usage": 3},
				{"hour": "23", "usage": 2}
			],
			"details": [
				{"appName": "TouchWiz 홈", "usage": [2, 3, 4, 5, 6, 7, 8, 9, 10, 11, 12, 13, 14, 15, 16, 17, 18, 19, 23]},
				{"appName": "카카오톡", "usage": [4, 5, 6, 7, 8, 9, 10, 11, 12, 13, 14, 15, 16, 17, 18, 19]},
				{"appName": "Clean Master", "usage": [1, 2, 3, 13, 14, 16, 17, 18, 19, 21, 22, 23]},
				{"appName": "시스템 UI", "usage": [6, 7, 8, 9, 11, 12, 13, 14, 15, 17, 18]},
				{"appName": "Paco", "usage": [6, 7, 8, 9, 11, 12, 13, 14, 15, 18, 19]},
				{"appName": "Polar Beat", "usage": [6, 7, 8, 9, 11, 13, 14, 15, 18, 19]},
				{"appName": "패키지 설치 프로그램", "usage": [6, 7, 11, 12, 13, 15, 19]},
				{"appName": "Logger", "usage": [6, 7, 11, 12, 13, 15, 19]},
				{"appName": "설정", "usage": [6, 11, 12, 13, 15, 19]},
				{"appName": "에브리타임", "usage": [13, 19]},
				{"appName": "알람/시간", "usage": [19, 22]},
				{"appName": "YouTube", "usage": [4, 5]},
				{"appName": "전화", "usage": [13]},
				{"appName": "연락처", "usage": [13]},
				{"appName": "삼성 인터넷", "usage": [17]},
				{"appName": "드라이브", "usage": [8]},
				{"appName": "내 파일", "usage": [8]},
				{"appName": "", "usage": [19]}
			]
		},
		"maxTime": {
			"usage": 45,
			"details": [
				{"appName": "TouchWiz 홈", "usage": 84},
				{"appName": "YouTube", "usage": 45},
				{"appName": "카카오톡", "usage": 11},
				{"appName": "Clean Master", "usage": 6},
				{"appName": "삼성 인터넷", "usage": 5},
				{"appName": "Polar Beat", "usage": 4},
				{"appName": "", "usage": 1},
				{"appName": "알람/시간", "usage": 0},
				{"appName": "드라이브", "usage": 0},
				{"appName": "Logger", "usage": 0},
				{"appName": "시스템 UI", "usage": 0},
				{"appName": "Paco", "usage": 0},
				{"appName": "내 파일", "usage": 0},
				{"appName": "에브리타임", "usage": 0},
				{"appName": "설정", "usage": 0},
				{"appName": "연락처", "usage": 0},
				{"appName": "전화", "usage": 0},
				{"appName": "패키지 설치 프로그램", "usage": 0}
			]
		},
		"avgTime": {
			"usage": 0,
			"details": [
				{"appName": "YouTube", "usage": 15},
				{"appName": "삼성 인터넷", "usage": 5},
				{"appName": "TouchWiz 홈", "usage": 1},
				{"appName": "드라이브", "usage": 0},
				{"appName": "", "usage": 0},
				{"appName": "Clean Master", "usage": 0},
				{"appName": "Polar Beat", "usage": 0},
				{"appName": "에브리타임", "usage": 0},
				{"appName": "내 파일", "usage": 0},
				{"appName": "알람/시간", "usage": 0},
				{"appName": "연락처", "usage": 0},
				{"appName": "카카오톡", "usage": 0},
				{"appName": "Paco", "usage": 0},
				{"appName": "Logger", "usage": 0},
				{"appName": "전화", "usage": 0},
				{"appName": "설정", "usage": 0},
				{"appName": "시스템 UI", "usage": 0},
				{"appName": "패키지 설치 프로그램", "usage": 0}
			]
		},
		"lastPickup": {"time": 0}
	},
	{
		"date": 6,
		"totalTime": {
			"usage": 231,
			"details": [
				{"appName": "TouchWiz 홈", "usage": 221},
				{"appName": "카카오톡", "usage": 165},
				{"appName": "Clean Master", "usage": 48},
				{"appName": "연락처", "usage": 44},
				{"appName": "YouTube", "usage": 28},
				{"appName": "Polar Beat", "usage": 27},
				{"appName": "Logger", "usage": 27},
				{"appName": "Security Master", "usage": 12},
				{"appName": "Dropsync", "usage": 11},
				{"appName": "삼성 인터넷", "usage": 11},
				{"appName": "Paco", "usage": 6},
				{"appName": "설정", "usage": 4},
				{"appName": "내 파일", "usage": 3},
				{"appName": "ABC Logger", "usage": 3},
				{"appName": "Samsung Music", "usage": 2},
				{"appName": "에브리타임", "usage": 2},
				{"appName": "메시지", "usage": 2},
				{"appName": "Microsoft Band", "usage": 1},
				{"appName": "전화", "usage": 1},
				{"appName": "갤러리", "usage": 0},
				{"appName": "알람/시간", "usage": 0},
				{"appName": "패키지 설치 프로그램", "usage": 0},
				{"appName": "Google Play 서비스", "usage": 0},
				{"appName": "카메라", "usage": 0},
				{"appName": "실행 프로그램", "usage": 0},
				{"appName": "프라이빗 모드", "usage": 0},
				{"appName": "꽁음따 시즌4", "usage": 0},
				{"appName": "시스템 UI", "usage": -1366}
			]
		},
		"pickups": {"usage": 280},
		"downTime": {
			"usage": [
				{"hour": "0", "usage": 13},
				{"hour": "1", "usage": 9},
				{"hour": "2", "usage": 9},
				{"hour": "3", "usage": 28},
				{"hour": "4", "usage": 18},
				{"hour": "5", "usage": 2},
				{"hour": "6", "usage": 29},
				{"hour": "7", "usage": 26},
				{"hour": "8", "usage": 16},
				{"hour": "9", "usage": 14},
				{"hour": "10", "usage": 4},
				{"hour": "11", "usage": 9},
				{"hour": "12", "usage": 17},
				{"hour": "13", "usage": 5},
				{"hour": "14", "usage": 5},
				{"hour": "15", "usage": 5},
				{"hour": "16", "usage": 3},
				{"hour": "17", "usage": 8},
				{"hour": "22", "usage": 0},
				{"hour": "23", "usage": 0}
			],
			"details": [
				{"appName": "카카오톡", "usage": [0, 1, 2, 3, 4, 5, 6, 7, 8, 9, 10, 11, 12, 13, 14, 15, 16, 17]},
				{"appName": "TouchWiz 홈", "usage": [0, 1, 2, 3, 4, 5, 6, 7, 8, 9, 10, 11, 12, 14, 15, 16, 17, 22]},
				{"appName": "Polar Beat", "usage": [1, 2, 3, 4, 5, 6, 7, 8, 9, 11, 12, 14, 17]},
				{"appName": "Paco", "usage": [1, 2, 3, 4, 6, 7, 8, 9, 10, 11, 12, 14, 17]},
				{"appName": "Logger", "usage": [1, 2, 4, 5, 7, 8, 9, 11, 12, 14]},
				{"appName": "Clean Master", "usage": [0, 6, 7, 8, 11, 12, 13, 14, 22, 23]},
				{"appName": "패키지 설치 프로그램", "usage": [1, 2, 4, 5, 7, 8, 9, 11, 12]},
				{"appName": "시스템 UI", "usage": [0, 1, 3, 4, 5, 6, 7]},
				{"appName": "에브리타임", "usage": [0, 3, 5, 7, 9, 10]},
				{"appName": "설정", "usage": [1, 4, 5, 7, 8, 14]},
				{"appName": "Dropsync", "usage": [3, 7, 8, 17, 19]},
				{"appName": "연락처", "usage": [10, 11, 14, 15]},
				{"appName": "전화", "usage": [10, 14, 15]},
				{"appName": "메시지", "usage": [0, 6, 7]},
				{"appName": "내 파일", "usage": [0, 1, 6]},
				{"appName": "갤러리", "usage": [0, 1, 6]},
				{"appName": "ABC Logger", "usage": [6, 7, 17]},
				{"appName": "알람/시간", "usage": [0, 22]},
				{"appName": "실행 프로그램", "usage": [6, 7]},
				{"appName": "삼성 인터넷", "usage": [0, 9]},
				{"appName": "YouTube", "usage": [3, 8]},
				{"appName": "Samsung Music", "usage": [0, 6]},
				{"appName": "Microsoft Band", "usage": [4, 7]},
				{"appName": "Google Play 서비스", "usage": [0, 7]},
				{"appName": "프라이빗 모드", "usage": [6]},
				{"appName": "카메라", "usage": [2]},
				{"appName": "꽁음따 시즌4", "usage": [1]},
				{"appName": "Security Master", "usage": [12]}
			]
		},
		"maxTime": {
			"usage": 22,
			"details": [
				{"appName": "TouchWiz 홈", "usage": 40},
				{"appName": "YouTube", "usage": 20},
				{"appName": "카카오톡", "usage": 18},
				{"appName": "연락처", "usage": 15},
				{"appName": "Clean Master", "usage": 14},
				{"appName": "Polar Beat", "usage": 12},
				{"appName": "Logger", "usage": 8},
				{"appName": "삼성 인터넷", "usage": 8},
				{"appName": "Security Master", "usage": 3},
				{"appName": "Dropsync", "usage": 1},
				{"appName": "내 파일", "usage": 1},
				{"appName": "Microsoft Band", "usage": 1},
				{"appName": "ABC Logger", "usage": 1},
				{"appName": "Samsung Music", "usage": 0},
				{"appName": "에브리타임", "usage": 0},
				{"appName": "전화", "usage": 0},
				{"appName": "설정", "usage": 0},
				{"appName": "메시지", "usage": 0},
				{"appName": "Paco", "usage": 0},
				{"appName": "알람/시간", "usage": 0},
				{"appName": "갤러리", "usage": 0},
				{"appName": "Google Play 서비스", "usage": 0},
				{"appName": "카메라", "usage": 0},
				{"appName": "실행 프로그램", "usage": 0},
				{"appName": "프라이빗 모드", "usage": 0},
				{"appName": "시스템 UI", "usage": 0},
				{"appName": "꽁음따 시즌4", "usage": 0},
				{"appName": "패키지 설치 프로그램", "usage": 0}
			]
		},
		"avgTime": {
			"usage": 0,
			"details": [
				{"appName": "YouTube", "usage": 5},
				{"appName": "연락처", "usage": 1},
				{"appName": "삼성 인터넷", "usage": 1},
				{"appName": "TouchWiz 홈", "usage": 1},
				{"appName": "Samsung Music", "usage": 0},
				{"appName": "Microsoft Band", "usage": 0},
				{"appName": "Clean Master", "usage": 0},
				{"appName": "Logger", "usage": 0},
				{"appName": "Dropsync", "usage": 0},
				{"appName": "Polar Beat", "usage": 0},
				{"appName": "내 파일", "usage": 0},
				{"appName": "Security Master", "usage": 0},
				{"appName": "메시지", "usage": 0},
				{"appName": "에브리타임", "usage": 0},
				{"appName": "카카오톡", "usage": 0},
				{"appName": "ABC Logger", "usage": 0},
				{"appName": "카메라", "usage": 0},
				{"appName": "Google Play 서비스", "usage": 0},
				{"appName": "갤러리", "usage": 0},
				{"appName": "Paco", "usage": 0},
				{"appName": "설정", "usage": 0},
				{"appName": "알람/시간", "usage": 0},
				{"appName": "전화", "usage": 0},
				{"appName": "프라이빗 모드", "usage": 0},
				{"appName": "실행 프로그램", "usage": 0},
				{"appName": "꽁음따 시즌4", "usage": 0},
				{"appName": "패키지 설치 프로그램", "usage": 0},
				{"appName": "시스템 UI", "usage": -52}
			]
		},
		"lastPickup": {"time": 0}
	},
	{
		"date": 7,
		"totalTime": {
			"usage": 639,
			"details": [
				{"appName": "TouchWiz 홈", "usage": 332},
				{"appName": "전화", "usage": 164},
				{"appName": "카카오톡", "usage": 92},
				{"appName": "연락처", "usage": 34},
				{"appName": "메시지", "usage": 30},
				{"appName": "Clean Master", "usage": 22},
				{"appName": "Messenger Lite", "usage": 12},
				{"appName": "Dropsync", "usage": 5},
				{"appName": "Paco", "usage": 3},
				{"appName": "삼성 인터넷", "usage": 3},
				{"appName": "NH콕뱅크", "usage": 3},
				{"appName": "설정", "usage": 1},
				{"appName": "Polar Beat", "usage": 1},
				{"appName": "Logger", "usage": 1},
				{"appName": "갤러리", "usage": 1},
				{"appName": "시스템 UI", "usage": 1},
				{"appName": "카메라", "usage": 1},
				{"appName": "에브리타임", "usage": 0},
				{"appName": "패키지 설치 프로그램", "usage": 0},
				{"appName": "Battery Doctor", "usage": 0},
				{"appName": "S플래너", "usage": 0}
			]
		},
		"pickups": {"usage": 257},
		"downTime": {
			"usage": [
				{"hour": "0", "usage": 0},
				{"hour": "1", "usage": 4},
				{"hour": "2", "usage": 7},
				{"hour": "3", "usage": 2},
				{"hour": "4", "usage": 3},
				{"hour": "5", "usage": 16},
				{"hour": "6", "usage": 15},
				{"hour": "7", "usage": 10},
				{"hour": "8", "usage": 21},
				{"hour": "9", "usage": 20},
				{"hour": "10", "usage": 5},
				{"hour": "11", "usage": 0},
				{"hour": "12", "usage": 1},
				{"hour": "13", "usage": 26},
				{"hour": "14", "usage": 2},
				{"hour": "15", "usage": 3}
			],
			"details": [
				{"appName": "카카오톡", "usage": [1, 2, 3, 4, 5, 6, 7, 8, 9, 10, 11, 12, 13, 14, 15]},
				{"appName": "TouchWiz 홈", "usage": [1, 2, 3, 4, 5, 6, 7, 8, 9, 10, 11, 12, 13, 14, 15]},
				{"appName": "패키지 설치 프로그램", "usage": [2, 5, 6, 7, 8, 9, 10, 13, 15]},
				{"appName": "시스템 UI", "usage": [2, 5, 6, 7, 8, 9, 10, 13, 15]},
				{"appName": "Logger", "usage": [2, 5, 6, 7, 8, 9, 10, 13, 15]},
				{"appName": "Polar Beat", "usage": [2, 5, 6, 7, 9, 10, 13, 15]},
				{"appName": "Paco", "usage": [2, 5, 6, 7, 9, 10, 13, 15]},
				{"appName": "Clean Master", "usage": [0, 1, 8, 9, 10, 13, 14]},
				{"appName": "전화", "usage": [0, 1, 2, 4, 8, 9]},
				{"appName": "설정", "usage": [2, 8, 9, 10, 13, 15]},
				{"appName": "메시지", "usage": [1, 6, 7, 8, 9, 13]},
				{"appName": "Messenger Lite", "usage": [5, 6, 7, 8, 9, 10]},
				{"appName": "연락처", "usage": [4, 8, 9, 10]},
				{"appName": "갤러리", "usage": [5, 6, 8]},
				{"appName": "카메라", "usage": [5, 7]},
				{"appName": "에브리타임", "usage": [5, 9]},
				{"appName": "Dropsync", "usage": [6, 13]},
				{"appName": "삼성 인터넷", "usage": [13]},
				{"appName": "S플래너", "usage": [7]},
				{"appName": "NH콕뱅크", "usage": [13]},
				{"appName": "Battery Doctor", "usage": [8]}
			]
		},
		"maxTime": {
			"usage": 492,
			"details": [
				{"appName": "전화", "usage": 162},
				{"appName": "TouchWiz 홈", "usage": 28},
				{"appName": "카카오톡", "usage": 18},
				{"appName": "Clean Master", "usage": 10},
				{"appName": "메시지", "usage": 10},
				{"appName": "연락처", "usage": 5},
				{"appName": "삼성 인터넷", "usage": 3},
				{"appName": "NH콕뱅크", "usage": 2},
				{"appName": "Messenger Lite", "usage": 1},
				{"appName": "Dropsync", "usage": 1},
				{"appName": "갤러리", "usage": 0},
				{"appName": "설정", "usage": 0},
				{"appName": "Paco", "usage": 0},
				{"appName": "카메라", "usage": 0},
				{"appName": "Logger", "usage": 0},
				{"appName": "에브리타임", "usage": 0},
				{"appName": "시스템 UI", "usage": 0},
				{"appName": "Polar Beat", "usage": 0},
				{"appName": "S플래너", "usage": 0},
				{"appName": "패키지 설치 프로그램", "usage": 0},
				{"appName": "Battery Doctor", "usage": 0}
			]
		},
		"avgTime": {
			"usage": 2,
			"details": [
				{"appName": "전화", "usage": 7},
				{"appName": "삼성 인터넷", "usage": 3},
				{"appName": "TouchWiz 홈", "usage": 1},
				{"appName": "메시지", "usage": 1},
				{"appName": "연락처", "usage": 0},
				{"appName": "NH콕뱅크", "usage": 0},
				{"appName": "Clean Master", "usage": 0},
				{"appName": "Dropsync", "usage": 0},
				{"appName": "Messenger Lite", "usage": 0},
				{"appName": "갤러리", "usage": 0},
				{"appName": "카카오톡", "usage": 0},
				{"appName": "카메라", "usage": 0},
				{"appName": "설정", "usage": 0},
				{"appName": "S플래너", "usage": 0},
				{"appName": "Paco", "usage": 0},
				{"appName": "에브리타임", "usage": 0},
				{"appName": "Logger", "usage": 0},
				{"appName": "Polar Beat", "usage": 0},
				{"appName": "시스템 UI", "usage": 0},
				{"appName": "패키지 설치 프로그램", "usage": 0},
				{"appName": "Battery Doctor", "usage": 0}
			]
		},
		"lastPickup": {"time": 492}
	}
]
