[
	{
		"date": 1,
		"totalTime": {
			"usage": 273,
			"details": [
				{"appName": "카카오톡", "usage": 112},
				{"appName": "네이버 웹툰", "usage": 27},
				{"appName": "Facebook", "usage": 15},
				{"appName": "도돌 런처", "usage": 14},
				{"appName": "Instagram", "usage": 14},
				{"appName": "메시지", "usage": 10},
				{"appName": "Chrome", "usage": 8},
				{"appName": "KAIST Portal", "usage": 8},
				{"appName": "알람/시계", "usage": 8},
				{"appName": "갤러리", "usage": 7},
				{"appName": "NAVER", "usage": 7},
				{"appName": "Polar Beat", "usage": 3},
				{"appName": "Paco", "usage": 3},
				{"appName": "시스템 UI", "usage": 2},
				{"appName": "Wi-Fi", "usage": 2},
				{"appName": "KLMS", "usage": 1},
				{"appName": "통화 화면", "usage": 1},
				{"appName": "BAND", "usage": 1},
				{"appName": "드라이브", "usage": 0},
				{"appName": "주소록", "usage": 0},
				{"appName": "Polaris Office", "usage": 0},
				{"appName": "캘린더", "usage": 0},
				{"appName": "Q메모+", "usage": 0},
				{"appName": "ULike", "usage": 0},
				{"appName": "접근성", "usage": 0},
				{"appName": "KB스타알림", "usage": 0},
				{"appName": "Adobe Acrobat", "usage": 0},
				{"appName": "파일 관리자", "usage": 0},
				{"appName": "Android 시스템", "usage": 0},
				{"appName": "Logger", "usage": 0},
				{"appName": "패키지 설치 프로그램", "usage": 0},
				{"appName": "문서", "usage": 0},
				{"appName": "설정", "usage": 0},
				{"appName": "Bluetooth", "usage": 0},
				{"appName": "Google Play 서비스", "usage": 0},
				{"appName": "통화 관리", "usage": 0}
			]
		},
		"pickups": {"usage": 238},
		"downTime": {
			"usage": [
				{"hour": "0", "usage": 0},
				{"hour": "1", "usage": 11},
				{"hour": "2", "usage": 18},
				{"hour": "3", "usage": 20},
				{"hour": "4", "usage": 19},
				{"hour": "5", "usage": 24},
				{"hour": "6", "usage": 14},
				{"hour": "7", "usage": 21},
				{"hour": "8", "usage": 6},
				{"hour": "9", "usage": 5},
				{"hour": "10", "usage": 4},
				{"hour": "11", "usage": 18},
				{"hour": "12", "usage": 27},
				{"hour": "13", "usage": 33},
				{"hour": "14", "usage": 18},
				{"hour": "15", "usage": 2},
				{"hour": "16", "usage": 5},
				{"hour": "17", "usage": 15},
				{"hour": "18", "usage": 5},
				{"hour": "22", "usage": 0}
			],
			"details": [
				{"appName": "도돌 런처", "usage": [0, 1, 2, 3, 4, 5, 6, 7, 8, 9, 10, 11, 12, 13, 14, 15, 16, 17, 18, 22]},
				{"appName": "카카오톡", "usage": [1, 2, 3, 4, 5, 6, 7, 8, 9, 10, 11, 12, 13, 14, 15, 16, 17, 18]},
				{"appName": "시스템 UI", "usage": [2, 3, 4, 5, 6, 7, 8, 9, 10, 11, 12, 13, 14]},
				{"appName": "Android 시스템", "usage": [3, 4, 5, 7, 10, 13, 16, 17]},
				{"appName": "KAIST Portal", "usage": [3, 4, 5, 6, 7, 11, 13]},
				{"appName": "알람/시계", "usage": [0, 1, 10, 11, 13, 18]},
				{"appName": "갤러리", "usage": [5, 6, 7, 10, 13, 14]},
				{"appName": "NAVER", "usage": [6, 7, 8, 10, 12, 13]},
				{"appName": "Chrome", "usage": [3, 4, 5, 6, 7, 13]},
				{"appName": "ULike", "usage": [3, 6, 7, 13, 14]},
				{"appName": "Polar Beat", "usage": [7, 8, 9, 10, 13]},
				{"appName": "Paco", "usage": [8, 9, 10, 11, 12]},
				{"appName": "Facebook", "usage": [3, 4, 5, 12, 13]},
				{"appName": "네이버 웹툰", "usage": [12, 13, 17, 18]},
				{"appName": "Instagram", "usage": [4, 6, 12, 13]},
				{"appName": "패키지 설치 프로그램", "usage": [7, 12, 13]},
				{"appName": "캘린더", "usage": [3, 4, 14]},
				{"appName": "메시지", "usage": [4, 5, 6]},
				{"appName": "Wi-Fi", "usage": [2, 7, 14]},
				{"appName": "Q메모+", "usage": [4, 5, 11]},
				{"appName": "Logger", "usage": [7, 8, 13]},
				{"appName": "통화 화면", "usage": [4, 5]},
				{"appName": "접근성", "usage": [8, 13]},
				{"appName": "설정", "usage": [7, 13]},
				{"appName": "KLMS", "usage": [4, 11]},
				{"appName": "KB스타알림", "usage": [2, 7]},
				{"appName": "BAND", "usage": [13, 17]},
				{"appName": "파일 관리자", "usage": [17]},
				{"appName": "통화 관리", "usage": [5]},
				{"appName": "주소록", "usage": [5]},
				{"appName": "문서", "usage": [17]},
				{"appName": "드라이브", "usage": [2]},
				{"appName": "Polaris Office", "usage": [16]},
				{"appName": "Google Play 서비스", "usage": [7]},
				{"appName": "Bluetooth", "usage": [7]},
				{"appName": "Adobe Acrobat", "usage": [17]}
			]
		},
		"maxTime": {
			"usage": 25,
			"details": [
				{"appName": "Instagram", "usage": 9},
				{"appName": "카카오톡", "usage": 5},
				{"appName": "KAIST Portal", "usage": 5},
				{"appName": "알람/시계", "usage": 4},
				{"appName": "네이버 웹툰", "usage": 3},
				{"appName": "Facebook", "usage": 3},
				{"appName": "메시지", "usage": 2},
				{"appName": "Chrome", "usage": 1},
				{"appName": "갤러리", "usage": 1},
				{"appName": "NAVER", "usage": 1},
				{"appName": "Wi-Fi", "usage": 0},
				{"appName": "Polar Beat", "usage": 0},
				{"appName": "KLMS", "usage": 0},
				{"appName": "통화 화면", "usage": 0},
				{"appName": "드라이브", "usage": 0},
				{"appName": "시스템 UI", "usage": 0},
				{"appName": "도돌 런처", "usage": 0},
				{"appName": "Paco", "usage": 0},
				{"appName": "주소록", "usage": 0},
				{"appName": "Polaris Office", "usage": 0},
				{"appName": "파일 관리자", "usage": 0},
				{"appName": "Adobe Acrobat", "usage": 0},
				{"appName": "BAND", "usage": 0},
				{"appName": "캘린더", "usage": 0},
				{"appName": "ULike", "usage": 0},
				{"appName": "Q메모+", "usage": 0},
				{"appName": "Logger", "usage": 0},
				{"appName": "문서", "usage": 0},
				{"appName": "KB스타알림", "usage": 0},
				{"appName": "접근성", "usage": 0},
				{"appName": "패키지 설치 프로그램", "usage": 0},
				{"appName": "설정", "usage": 0},
				{"appName": "Bluetooth", "usage": 0},
				{"appName": "Android 시스템", "usage": 0},
				{"appName": "Google Play 서비스", "usage": 0},
				{"appName": "통화 관리", "usage": 0}
			]
		},
		"avgTime": {
			"usage": 1,
			"details": [
				{"appName": "Instagram", "usage": 1},
				{"appName": "Facebook", "usage": 0},
				{"appName": "KAIST Portal", "usage": 0},
				{"appName": "Wi-Fi", "usage": 0},
				{"appName": "알람/시계", "usage": 0},
				{"appName": "파일 관리자", "usage": 0},
				{"appName": "메시지", "usage": 0},
				{"appName": "드라이브", "usage": 0},
				{"appName": "통화 화면", "usage": 0},
				{"appName": "네이버 웹툰", "usage": 0},
				{"appName": "Chrome", "usage": 0},
				{"appName": "갤러리", "usage": 0},
				{"appName": "NAVER", "usage": 0},
				{"appName": "주소록", "usage": 0},
				{"appName": "Adobe Acrobat", "usage": 0},
				{"appName": "Polaris Office", "usage": 0},
				{"appName": "Polar Beat", "usage": 0},
				{"appName": "Paco", "usage": 0},
				{"appName": "KLMS", "usage": 0},
				{"appName": "카카오톡", "usage": 0},
				{"appName": "BAND", "usage": 0},
				{"appName": "ULike", "usage": 0},
				{"appName": "KB스타알림", "usage": 0},
				{"appName": "캘린더", "usage": 0},
				{"appName": "도돌 런처", "usage": 0},
				{"appName": "Q메모+", "usage": 0},
				{"appName": "문서", "usage": 0},
				{"appName": "설정", "usage": 0},
				{"appName": "접근성", "usage": 0},
				{"appName": "Logger", "usage": 0},
				{"appName": "시스템 UI", "usage": 0},
				{"appName": "Google Play 서비스", "usage": 0},
				{"appName": "Bluetooth", "usage": 0},
				{"appName": "Android 시스템", "usage": 0},
				{"appName": "패키지 설치 프로그램", "usage": 0},
				{"appName": "통화 관리", "usage": 0}
			]
		},
		"lastPickup": {"time": 0}
	},
	{
		"date": 2,
		"totalTime": {
			"usage": 275,
			"details": [
				{"appName": "카카오톡", "usage": 98},
				{"appName": "갤러리", "usage": 47},
				{"appName": "도돌 런처", "usage": 22},
				{"appName": "네이버 웹툰", "usage": 21},
				{"appName": "Facebook", "usage": 15},
				{"appName": "알람/시계", "usage": 9},
				{"appName": "KB스타알림", "usage": 8},
				{"appName": "메시지", "usage": 7},
				{"appName": "Evernote", "usage": 6},
				{"appName": "Paco", "usage": 4},
				{"appName": "통화 화면", "usage": 3},
				{"appName": "주소록", "usage": 2},
				{"appName": "시스템 UI", "usage": 2},
				{"appName": "Instagram", "usage": 1},
				{"appName": "파일 관리자", "usage": 1},
				{"appName": "캘린더", "usage": 1},
				{"appName": "Gmail", "usage": 1},
				{"appName": "Slack", "usage": 1},
				{"appName": "KLMS", "usage": 1},
				{"appName": "NAVER", "usage": 0},
				{"appName": "Logger", "usage": 0},
				{"appName": "Polar Beat", "usage": 0},
				{"appName": "ULike", "usage": 0},
				{"appName": "접근성", "usage": 0},
				{"appName": "Bluetooth", "usage": 0},
				{"appName": "음악", "usage": 0},
				{"appName": "Messenger", "usage": 0},
				{"appName": "KAIST Library", "usage": 0},
				{"appName": "카메라", "usage": 0},
				{"appName": "설정", "usage": 0},
				{"appName": "패키지 설치 프로그램", "usage": 0},
				{"appName": "Q메모+", "usage": 0},
				{"appName": "토스", "usage": 0},
				{"appName": "포토", "usage": 0},
				{"appName": "문서", "usage": 0},
				{"appName": "Android 시스템", "usage": 0},
				{"appName": "미세미세", "usage": 0},
				{"appName": "Google Play 서비스", "usage": 0},
				{"appName": "Chrome", "usage": 0},
				{"appName": "통화 관리", "usage": 0}
			]
		},
		"pickups": {"usage": 214},
		"downTime": {
			"usage": [
				{"hour": "0", "usage": 0},
				{"hour": "1", "usage": 4},
				{"hour": "2", "usage": 7},
				{"hour": "3", "usage": 15},
				{"hour": "4", "usage": 16},
				{"hour": "5", "usage": 19},
				{"hour": "6", "usage": 25},
				{"hour": "7", "usage": 5},
				{"hour": "8", "usage": 21},
				{"hour": "9", "usage": 15},
				{"hour": "10", "usage": 2},
				{"hour": "11", "usage": 15},
				{"hour": "12", "usage": 5},
				{"hour": "13", "usage": 8},
				{"hour": "14", "usage": 9},
				{"hour": "15", "usage": 7},
				{"hour": "16", "usage": 3},
				{"hour": "17", "usage": 11},
				{"hour": "18", "usage": 45},
				{"hour": "19", "usage": 29},
				{"hour": "20", "usage": 3},
				{"hour": "23", "usage": 0}
			],
			"details": [
				{"appName": "도돌 런처", "usage": [1, 2, 3, 4, 5, 6, 7, 8, 9, 10, 11, 12, 13, 14, 15, 16, 17, 18, 19, 20, 23]},
				{"appName": "카카오톡", "usage": [1, 2, 3, 4, 5, 6, 7, 8, 9, 10, 11, 12, 13, 14, 15, 16, 17, 18, 19, 20]},
				{"appName": "시스템 UI", "usage": [2, 3, 4, 5, 6, 7, 8, 9, 11, 12, 13, 14, 15, 16, 17, 18, 19]},
				{"appName": "Paco", "usage": [3, 4, 5, 6, 8, 9, 10, 11, 12]},
				{"appName": "갤러리", "usage": [9, 10, 13, 16, 17, 18, 19]},
				{"appName": "알람/시계", "usage": [1, 2, 4, 6, 8, 19]},
				{"appName": "NAVER", "usage": [2, 4, 6, 7, 12]},
				{"appName": "Facebook", "usage": [3, 6, 8, 9, 19]},
				{"appName": "Android 시스템", "usage": [4, 8, 13, 14, 18]},
				{"appName": "패키지 설치 프로그램", "usage": [3, 8, 11, 13]},
				{"appName": "통화 화면", "usage": [4, 8, 14, 17]},
				{"appName": "캘린더", "usage": [6, 8, 13, 17]},
				{"appName": "주소록", "usage": [4, 13, 14, 17]},
				{"appName": "메시지", "usage": [2, 4, 7, 8]},
				{"appName": "Q메모+", "usage": [2, 6, 9, 19]},
				{"appName": "Logger", "usage": [3, 8, 11, 13]},
				{"appName": "Evernote", "usage": [5, 11, 14, 17]},
				{"appName": "접근성", "usage": [3, 11, 13]},
				{"appName": "설정", "usage": [3, 8, 13]},
				{"appName": "ULike", "usage": [10, 13, 15]},
				{"appName": "Polar Beat", "usage": [3, 5, 13]},
				{"appName": "통화 관리", "usage": [4, 14]},
				{"appName": "네이버 웹툰", "usage": [3, 19]},
				{"appName": "Messenger", "usage": [17, 18]},
				{"appName": "KLMS", "usage": [9, 18]},
				{"appName": "포토", "usage": [18]},
				{"appName": "파일 관리자", "usage": [8]},
				{"appName": "토스", "usage": [11]},
				{"appName": "카메라", "usage": [13]},
				{"appName": "음악", "usage": [12]},
				{"appName": "미세미세", "usage": [12]},
				{"appName": "문서", "usage": [8]},
				{"appName": "Slack", "usage": [5]},
				{"appName": "KB스타알림", "usage": [11]},
				{"appName": "KAIST Library", "usage": [12]},
				{"appName": "Instagram", "usage": [9]},
				{"appName": "Google Play 서비스", "usage": [3]},
				{"appName": "Gmail", "usage": [8]},
				{"appName": "Chrome", "usage": [5]},
				{"appName": "Bluetooth", "usage": [3]}
			]
		},
		"maxTime": {
			"usage": 18,
			"details": [
				{"appName": "갤러리", "usage": 16},
				{"appName": "네이버 웹툰", "usage": 8},
				{"appName": "KB스타알림", "usage": 7},
				{"appName": "카카오톡", "usage": 5},
				{"appName": "도돌 런처", "usage": 4},
				{"appName": "Evernote", "usage": 3},
				{"appName": "알람/시계", "usage": 2},
				{"appName": "메시지", "usage": 2},
				{"appName": "주소록", "usage": 2},
				{"appName": "Instagram", "usage": 1},
				{"appName": "Facebook", "usage": 1},
				{"appName": "통화 화면", "usage": 1},
				{"appName": "파일 관리자", "usage": 1},
				{"appName": "Gmail", "usage": 0},
				{"appName": "Paco", "usage": 0},
				{"appName": "Slack", "usage": 0},
				{"appName": "NAVER", "usage": 0},
				{"appName": "Bluetooth", "usage": 0},
				{"appName": "캘린더", "usage": 0},
				{"appName": "Messenger", "usage": 0},
				{"appName": "Logger", "usage": 0},
				{"appName": "음악", "usage": 0},
				{"appName": "카메라", "usage": 0},
				{"appName": "KLMS", "usage": 0},
				{"appName": "ULike", "usage": 0},
				{"appName": "Polar Beat", "usage": 0},
				{"appName": "KAIST Library", "usage": 0},
				{"appName": "시스템 UI", "usage": 0},
				{"appName": "설정", "usage": 0},
				{"appName": "패키지 설치 프로그램", "usage": 0},
				{"appName": "토스", "usage": 0},
				{"appName": "접근성", "usage": 0},
				{"appName": "Q메모+", "usage": 0},
				{"appName": "포토", "usage": 0},
				{"appName": "문서", "usage": 0},
				{"appName": "미세미세", "usage": 0},
				{"appName": "Google Play 서비스", "usage": 0},
				{"appName": "Chrome", "usage": 0},
				{"appName": "Android 시스템", "usage": 0},
				{"appName": "통화 관리", "usage": 0}
			]
		},
		"avgTime": {
			"usage": 1,
			"details": [
				{"appName": "갤러리", "usage": 3},
				{"appName": "Instagram", "usage": 1},
				{"appName": "KB스타알림", "usage": 1},
				{"appName": "네이버 웹툰", "usage": 0},
				{"appName": "Evernote", "usage": 0},
				{"appName": "통화 화면", "usage": 0},
				{"appName": "알람/시계", "usage": 0},
				{"appName": "파일 관리자", "usage": 0},
				{"appName": "Gmail", "usage": 0},
				{"appName": "메시지", "usage": 0},
				{"appName": "Facebook", "usage": 0},
				{"appName": "Slack", "usage": 0},
				{"appName": "주소록", "usage": 0},
				{"appName": "카메라", "usage": 0},
				{"appName": "Paco", "usage": 0},
				{"appName": "Bluetooth", "usage": 0},
				{"appName": "음악", "usage": 0},
				{"appName": "캘린더", "usage": 0},
				{"appName": "카카오톡", "usage": 0},
				{"appName": "도돌 런처", "usage": 0},
				{"appName": "Messenger", "usage": 0},
				{"appName": "KAIST Library", "usage": 0},
				{"appName": "ULike", "usage": 0},
				{"appName": "NAVER", "usage": 0},
				{"appName": "설정", "usage": 0},
				{"appName": "KLMS", "usage": 0},
				{"appName": "Logger", "usage": 0},
				{"appName": "Polar Beat", "usage": 0},
				{"appName": "토스", "usage": 0},
				{"appName": "Q메모+", "usage": 0},
				{"appName": "접근성", "usage": 0},
				{"appName": "미세미세", "usage": 0},
				{"appName": "Google Play 서비스", "usage": 0},
				{"appName": "시스템 UI", "usage": 0},
				{"appName": "포토", "usage": 0},
				{"appName": "패키지 설치 프로그램", "usage": 0},
				{"appName": "문서", "usage": 0},
				{"appName": "Chrome", "usage": 0},
				{"appName": "Android 시스템", "usage": 0},
				{"appName": "통화 관리", "usage": 0}
			]
		},
		"lastPickup": {"time": 0}
	},
	{
		"date": 3,
		"totalTime": {
			"usage": 194,
			"details": [
				{"appName": "네이버 웹툰", "usage": 53},
				{"appName": "카카오톡", "usage": 50},
				{"appName": "Chrome", "usage": 24},
				{"appName": "Facebook", "usage": 20},
				{"appName": "도돌 런처", "usage": 16},
				{"appName": "Paco", "usage": 4},
				{"appName": "Instagram", "usage": 3},
				{"appName": "갤러리", "usage": 3},
				{"appName": "Dreamclass", "usage": 2},
				{"appName": "캘린더", "usage": 1},
				{"appName": "시스템 UI", "usage": 1},
				{"appName": "NAVER", "usage": 1},
				{"appName": "Polar Beat", "usage": 1},
				{"appName": "Evernote", "usage": 0},
				{"appName": "Wi-Fi", "usage": 0},
				{"appName": "스프레드시트", "usage": 0},
				{"appName": "메시지", "usage": 0},
				{"appName": "접근성", "usage": 0},
				{"appName": "알람/시계", "usage": 0},
				{"appName": "Logger", "usage": 0},
				{"appName": "드라이브", "usage": 0},
				{"appName": "음악", "usage": 0},
				{"appName": "카메라", "usage": 0},
				{"appName": "The Day Before", "usage": 0},
				{"appName": "KAIST Portal", "usage": 0},
				{"appName": "KLMS", "usage": 0},
				{"appName": "주소록", "usage": 0},
				{"appName": "설정", "usage": 0},
				{"appName": "Android 시스템", "usage": 0},
				{"appName": "Google Play 서비스", "usage": 0},
				{"appName": "ULike", "usage": 0},
				{"appName": "Bluetooth", "usage": 0},
				{"appName": "Q메모+", "usage": 0},
				{"appName": "지도", "usage": 0},
				{"appName": "Google", "usage": 0},
				{"appName": "미세미세", "usage": 0},
				{"appName": "ABC Logger", "usage": 0},
				{"appName": "패키지 설치 프로그램", "usage": 0},
				{"appName": "KB스타알림", "usage": 0},
				{"appName": "통화 화면", "usage": 0}
			]
		},
		"pickups": {"usage": 140},
		"downTime": {
			"usage": [
				{"hour": "0", "usage": 0},
				{"hour": "1", "usage": 10},
				{"hour": "2", "usage": 31},
				{"hour": "3", "usage": 11},
				{"hour": "4", "usage": 2},
				{"hour": "5", "usage": 10},
				{"hour": "6", "usage": 18},
				{"hour": "7", "usage": 2},
				{"hour": "8", "usage": 8},
				{"hour": "9", "usage": 15},
				{"hour": "10", "usage": 7},
				{"hour": "11", "usage": 15},
				{"hour": "12", "usage": 0},
				{"hour": "13", "usage": 6},
				{"hour": "14", "usage": 6},
				{"hour": "15", "usage": 14},
				{"hour": "16", "usage": 6},
				{"hour": "17", "usage": 25}
			],
			"details": [
				{"appName": "도돌 런처", "usage": [1, 2, 3, 4, 5, 6, 7, 8, 9, 10, 11, 12, 13, 14, 15, 16, 17]},
				{"appName": "카카오톡", "usage": [1, 2, 3, 4, 5, 6, 7, 8, 9, 10, 11, 12, 13, 15, 16, 17]},
				{"appName": "시스템 UI", "usage": [2, 3, 4, 5, 6, 7, 9, 10, 13, 15, 16]},
				{"appName": "Paco", "usage": [1, 2, 3, 4, 5, 6, 8, 9, 11, 12]},
				{"appName": "Facebook", "usage": [1, 2, 5, 9, 10, 14, 15]},
				{"appName": "Chrome", "usage": [1, 2, 3, 6, 8, 9, 10]},
				{"appName": "캘린더", "usage": [7, 9, 10, 14, 15]},
				{"appName": "네이버 웹툰", "usage": [9, 11, 15, 16, 17]},
				{"appName": "Polar Beat", "usage": [1, 5, 6, 9, 13]},
				{"appName": "접근성", "usage": [1, 5, 6, 13]},
				{"appName": "Instagram", "usage": [2, 5, 6, 9]},
				{"appName": "Evernote", "usage": [5, 6, 9, 11]},
				{"appName": "패키지 설치 프로그램", "usage": [1, 5, 6]},
				{"appName": "설정", "usage": [5, 6, 13]},
				{"appName": "NAVER", "usage": [3, 6, 14]},
				{"appName": "Logger", "usage": [1, 5, 6]},
				{"appName": "KB스타알림", "usage": [2, 3, 9]},
				{"appName": "Android 시스템", "usage": [1, 3, 5]},
				{"appName": "주소록", "usage": [3, 5]},
				{"appName": "알람/시계", "usage": [1, 17]},
				{"appName": "메시지", "usage": [5, 6]},
				{"appName": "갤러리", "usage": [1, 2]},
				{"appName": "The Day Before", "usage": [1, 10]},
				{"appName": "Q메모+", "usage": [1, 13]},
				{"appName": "KAIST Portal", "usage": [1, 10]},
				{"appName": "Google Play 서비스", "usage": [1, 3]},
				{"appName": "Dreamclass", "usage": [2, 9]},
				{"appName": "통화 화면", "usage": [3]},
				{"appName": "카메라", "usage": [1]},
				{"appName": "지도", "usage": [2]},
				{"appName": "음악", "usage": [5]},
				{"appName": "스프레드시트", "usage": [10]},
				{"appName": "미세미세", "usage": [7]},
				{"appName": "드라이브", "usage": [1]},
				{"appName": "Wi-Fi", "usage": [11]},
				{"appName": "ULike", "usage": [15]},
				{"appName": "KLMS", "usage": [2]},
				{"appName": "Google", "usage": [6]},
				{"appName": "Bluetooth", "usage": [1]},
				{"appName": "ABC Logger", "usage": [5]}
			]
		},
		"maxTime": {
			"usage": 25,
			"details": [
				{"appName": "카카오톡", "usage": 6},
				{"appName": "Chrome", "usage": 5},
				{"appName": "네이버 웹툰", "usage": 4},
				{"appName": "Facebook", "usage": 3},
				{"appName": "갤러리", "usage": 2},
				{"appName": "도돌 런처", "usage": 1},
				{"appName": "Instagram", "usage": 1},
				{"appName": "Dreamclass", "usage": 0},
				{"appName": "Wi-Fi", "usage": 0},
				{"appName": "Paco", "usage": 0},
				{"appName": "NAVER", "usage": 0},
				{"appName": "캘린더", "usage": 0},
				{"appName": "메시지", "usage": 0},
				{"appName": "카메라", "usage": 0},
				{"appName": "Polar Beat", "usage": 0},
				{"appName": "스프레드시트", "usage": 0},
				{"appName": "드라이브", "usage": 0},
				{"appName": "음악", "usage": 0},
				{"appName": "알람/시계", "usage": 0},
				{"appName": "KLMS", "usage": 0},
				{"appName": "Evernote", "usage": 0},
				{"appName": "시스템 UI", "usage": 0},
				{"appName": "The Day Before", "usage": 0},
				{"appName": "Logger", "usage": 0},
				{"appName": "주소록", "usage": 0},
				{"appName": "KAIST Portal", "usage": 0},
				{"appName": "ULike", "usage": 0},
				{"appName": "접근성", "usage": 0},
				{"appName": "설정", "usage": 0},
				{"appName": "지도", "usage": 0},
				{"appName": "미세미세", "usage": 0},
				{"appName": "Google Play 서비스", "usage": 0},
				{"appName": "Google", "usage": 0},
				{"appName": "Bluetooth", "usage": 0},
				{"appName": "Q메모+", "usage": 0},
				{"appName": "Android 시스템", "usage": 0},
				{"appName": "ABC Logger", "usage": 0},
				{"appName": "패키지 설치 프로그램", "usage": 0},
				{"appName": "KB스타알림", "usage": 0},
				{"appName": "통화 화면", "usage": 0}
			]
		},
		"avgTime": {
			"usage": 1,
			"details": [
				{"appName": "갤러리", "usage": 1},
				{"appName": "Chrome", "usage": 0},
				{"appName": "Instagram", "usage": 0},
				{"appName": "네이버 웹툰", "usage": 0},
				{"appName": "Facebook", "usage": 0},
				{"appName": "Wi-Fi", "usage": 0},
				{"appName": "Dreamclass", "usage": 0},
				{"appName": "NAVER", "usage": 0},
				{"appName": "드라이브", "usage": 0},
				{"appName": "스프레드시트", "usage": 0},
				{"appName": "캘린더", "usage": 0},
				{"appName": "Paco", "usage": 0},
				{"appName": "음악", "usage": 0},
				{"appName": "카메라", "usage": 0},
				{"appName": "카카오톡", "usage": 0},
				{"appName": "메시지", "usage": 0},
				{"appName": "도돌 런처", "usage": 0},
				{"appName": "알람/시계", "usage": 0},
				{"appName": "The Day Before", "usage": 0},
				{"appName": "KAIST Portal", "usage": 0},
				{"appName": "KLMS", "usage": 0},
				{"appName": "ULike", "usage": 0},
				{"appName": "지도", "usage": 0},
				{"appName": "주소록", "usage": 0},
				{"appName": "Polar Beat", "usage": 0},
				{"appName": "Evernote", "usage": 0},
				{"appName": "Logger", "usage": 0},
				{"appName": "시스템 UI", "usage": 0},
				{"appName": "미세미세", "usage": 0},
				{"appName": "설정", "usage": 0},
				{"appName": "접근성", "usage": 0},
				{"appName": "Q메모+", "usage": 0},
				{"appName": "Google Play 서비스", "usage": 0},
				{"appName": "Google", "usage": 0},
				{"appName": "Android 시스템", "usage": 0},
				{"appName": "Bluetooth", "usage": 0},
				{"appName": "ABC Logger", "usage": 0},
				{"appName": "패키지 설치 프로그램", "usage": 0},
				{"appName": "KB스타알림", "usage": 0},
				{"appName": "통화 화면", "usage": 0}
			]
		},
		"lastPickup": {"time": 25}
	},
	{
		"date": 4,
		"totalTime": {
			"usage": 142,
			"details": [
				{"appName": "카카오톡", "usage": 40},
				{"appName": "도돌 런처", "usage": 18},
				{"appName": "Facebook", "usage": 15},
				{"appName": "알람/시계", "usage": 10},
				{"appName": "네이버 웹툰", "usage": 9},
				{"appName": "Instagram", "usage": 7},
				{"appName": "Chrome", "usage": 7},
				{"appName": "통화 화면", "usage": 5},
				{"appName": "CamScanner", "usage": 4},
				{"appName": "Paco", "usage": 2},
				{"appName": "Evernote", "usage": 2},
				{"appName": "네이버 지도", "usage": 2},
				{"appName": "캘린더", "usage": 1},
				{"appName": "NAVER", "usage": 1},
				{"appName": "Slack", "usage": 1},
				{"appName": "KLMS", "usage": 1},
				{"appName": "시스템 UI", "usage": 1},
				{"appName": "Messenger", "usage": 0},
				{"appName": "음악", "usage": 0},
				{"appName": "갤러리", "usage": 0},
				{"appName": "Polar Beat", "usage": 0},
				{"appName": "주소록", "usage": 0},
				{"appName": "접근성", "usage": 0},
				{"appName": "KB스타알림", "usage": 0},
				{"appName": "KAIST Portal", "usage": 0},
				{"appName": "카메라", "usage": 0},
				{"appName": "Adobe Acrobat", "usage": 0},
				{"appName": "설정", "usage": 0},
				{"appName": "파일 관리자", "usage": 0},
				{"appName": "Q메모+", "usage": 0},
				{"appName": "문서", "usage": 0},
				{"appName": "메시지", "usage": 0},
				{"appName": "Todoist", "usage": 0},
				{"appName": "Google Play 서비스", "usage": 0},
				{"appName": "Bluetooth", "usage": 0},
				{"appName": "Google", "usage": 0},
				{"appName": "Android 시스템", "usage": 0},
				{"appName": "Logger", "usage": 0},
				{"appName": "통화 관리", "usage": 0},
				{"appName": "패키지 설치 프로그램", "usage": 0}
			]
		},
		"pickups": {"usage": 125},
		"downTime": {
			"usage": [
				{"hour": "1", "usage": 1},
				{"hour": "2", "usage": 1},
				{"hour": "4", "usage": 23},
				{"hour": "5", "usage": 20},
				{"hour": "6", "usage": 8},
				{"hour": "8", "usage": 3},
				{"hour": "9", "usage": 6},
				{"hour": "10", "usage": 6},
				{"hour": "11", "usage": 6},
				{"hour": "12", "usage": 3},
				{"hour": "13", "usage": 8},
				{"hour": "14", "usage": 13},
				{"hour": "15", "usage": 1},
				{"hour": "16", "usage": 5},
				{"hour": "17", "usage": 8},
				{"hour": "18", "usage": 1},
				{"hour": "19", "usage": 20},
				{"hour": "23", "usage": 1}
			],
			"details": [
				{"appName": "카카오톡", "usage": [1, 2, 4, 5, 6, 8, 9, 10, 11, 12, 13, 14, 15, 16, 17, 18, 19, 23]},
				{"appName": "도돌 런처", "usage": [1, 2, 4, 5, 6, 8, 9, 10, 11, 12, 13, 14, 15, 16, 17, 18, 19, 23]},
				{"appName": "시스템 UI", "usage": [2, 4, 5, 6, 11, 12, 13, 14, 16, 17]},
				{"appName": "Paco", "usage": [4, 5, 6, 9, 10, 11, 12]},
				{"appName": "Facebook", "usage": [4, 5, 10, 14, 15, 17, 19]},
				{"appName": "Evernote", "usage": [4, 5, 6, 9, 10, 11, 12]},
				{"appName": "알람/시계", "usage": [1, 2, 4, 19, 23]},
				{"appName": "Chrome", "usage": [9, 13, 14, 16, 19]},
				{"appName": "설정", "usage": [4, 12, 13, 14]},
				{"appName": "Q메모+", "usage": [5, 8, 14, 19]},
				{"appName": "Instagram", "usage": [4, 5, 14, 17]},
				{"appName": "통화 화면", "usage": [2, 5, 17]},
				{"appName": "주소록", "usage": [5, 16, 17]},
				{"appName": "접근성", "usage": [4, 12, 13]},
				{"appName": "Polar Beat", "usage": [4, 12, 13]},
				{"appName": "NAVER", "usage": [4, 9, 13]},
				{"appName": "KB스타알림", "usage": [9, 17, 19]},
				{"appName": "파일 관리자", "usage": [11, 13]},
				{"appName": "통화 관리", "usage": [5, 17]},
				{"appName": "캘린더", "usage": [6, 14]},
				{"appName": "음악", "usage": [5, 6]},
				{"appName": "문서", "usage": [11, 13]},
				{"appName": "네이버 웹툰", "usage": [5, 19]},
				{"appName": "갤러리", "usage": [4, 5]},
				{"appName": "Messenger", "usage": [9, 19]},
				{"appName": "Google Play 서비스", "usage": [4, 19]},
				{"appName": "CamScanner", "usage": [11, 13]},
				{"appName": "Android 시스템", "usage": [5, 14]},
				{"appName": "패키지 설치 프로그램", "usage": [5]},
				{"appName": "카메라", "usage": [10]},
				{"appName": "메시지", "usage": [17]},
				{"appName": "네이버 지도", "usage": [5]},
				{"appName": "Todoist", "usage": [6]},
				{"appName": "Slack", "usage": [6]},
				{"appName": "Logger", "usage": [5]},
				{"appName": "KLMS", "usage": [14]},
				{"appName": "KAIST Portal", "usage": [4]},
				{"appName": "Google", "usage": [13]},
				{"appName": "Bluetooth", "usage": [4]},
				{"appName": "Adobe Acrobat", "usage": [14]}
			]
		},
		"maxTime": {
			"usage": 14,
			"details": [
				{"appName": "알람/시계", "usage": 9},
				{"appName": "통화 화면", "usage": 4},
				{"appName": "Facebook", "usage": 3},
				{"appName": "Instagram", "usage": 3},
				{"appName": "카카오톡", "usage": 1},
				{"appName": "Chrome", "usage": 1},
				{"appName": "네이버 웹툰", "usage": 1},
				{"appName": "도돌 런처", "usage": 1},
				{"appName": "네이버 지도", "usage": 1},
				{"appName": "NAVER", "usage": 1},
				{"appName": "Messenger", "usage": 0},
				{"appName": "갤러리", "usage": 0},
				{"appName": "Slack", "usage": 0},
				{"appName": "캘린더", "usage": 0},
				{"appName": "CamScanner", "usage": 0},
				{"appName": "Paco", "usage": 0},
				{"appName": "음악", "usage": 0},
				{"appName": "Evernote", "usage": 0},
				{"appName": "KLMS", "usage": 0},
				{"appName": "KAIST Portal", "usage": 0},
				{"appName": "시스템 UI", "usage": 0},
				{"appName": "카메라", "usage": 0},
				{"appName": "Polar Beat", "usage": 0},
				{"appName": "주소록", "usage": 0},
				{"appName": "KB스타알림", "usage": 0},
				{"appName": "Adobe Acrobat", "usage": 0},
				{"appName": "파일 관리자", "usage": 0},
				{"appName": "메시지", "usage": 0},
				{"appName": "Todoist", "usage": 0},
				{"appName": "설정", "usage": 0},
				{"appName": "문서", "usage": 0},
				{"appName": "Google Play 서비스", "usage": 0},
				{"appName": "접근성", "usage": 0},
				{"appName": "Q메모+", "usage": 0},
				{"appName": "Google", "usage": 0},
				{"appName": "Logger", "usage": 0},
				{"appName": "Bluetooth", "usage": 0},
				{"appName": "Android 시스템", "usage": 0},
				{"appName": "패키지 설치 프로그램", "usage": 0},
				{"appName": "통화 관리", "usage": 0}
			]
		},
		"avgTime": {
			"usage": 1,
			"details": [
				{"appName": "Instagram", "usage": 1},
				{"appName": "통화 화면", "usage": 1},
				{"appName": "갤러리", "usage": 0},
				{"appName": "Chrome", "usage": 0},
				{"appName": "Slack", "usage": 0},
				{"appName": "알람/시계", "usage": 0},
				{"appName": "네이버 지도", "usage": 0},
				{"appName": "Facebook", "usage": 0},
				{"appName": "카메라", "usage": 0},
				{"appName": "Messenger", "usage": 0},
				{"appName": "네이버 웹툰", "usage": 0},
				{"appName": "캘린더", "usage": 0},
				{"appName": "NAVER", "usage": 0},
				{"appName": "KAIST Portal", "usage": 0},
				{"appName": "음악", "usage": 0},
				{"appName": "주소록", "usage": 0},
				{"appName": "파일 관리자", "usage": 0},
				{"appName": "메시지", "usage": 0},
				{"appName": "CamScanner", "usage": 0},
				{"appName": "Paco", "usage": 0},
				{"appName": "Todoist", "usage": 0},
				{"appName": "도돌 런처", "usage": 0},
				{"appName": "카카오톡", "usage": 0},
				{"appName": "KLMS", "usage": 0},
				{"appName": "KB스타알림", "usage": 0},
				{"appName": "Adobe Acrobat", "usage": 0},
				{"appName": "Evernote", "usage": 0},
				{"appName": "Polar Beat", "usage": 0},
				{"appName": "Q메모+", "usage": 0},
				{"appName": "Google Play 서비스", "usage": 0},
				{"appName": "시스템 UI", "usage": 0},
				{"appName": "설정", "usage": 0},
				{"appName": "접근성", "usage": 0},
				{"appName": "문서", "usage": 0},
				{"appName": "Google", "usage": 0},
				{"appName": "Bluetooth", "usage": 0},
				{"appName": "Logger", "usage": 0},
				{"appName": "Android 시스템", "usage": 0},
				{"appName": "패키지 설치 프로그램", "usage": 0},
				{"appName": "통화 관리", "usage": 0}
			]
		},
		"lastPickup": {"time": 0}
	},
	{
		"date": 5,
		"totalTime": {
			"usage": 210,
			"details": [
				{"appName": "네이버 웹툰", "usage": 65},
				{"appName": "카카오톡", "usage": 32},
				{"appName": "Facebook", "usage": 17},
				{"appName": "YouTube", "usage": 15},
				{"appName": "Chrome", "usage": 14},
				{"appName": "도돌 런처", "usage": 11},
				{"appName": "NAVER", "usage": 6},
				{"appName": "Polaris Office", "usage": 5},
				{"appName": "Paco", "usage": 5},
				{"appName": "Slack", "usage": 4},
				{"appName": "KB스타알림", "usage": 2},
				{"appName": "Instagram", "usage": 2},
				{"appName": "Evernote", "usage": 2},
				{"appName": "음악", "usage": 2},
				{"appName": "시스템 UI", "usage": 1},
				{"appName": "캘린더", "usage": 0},
				{"appName": "알람/시계", "usage": 0},
				{"appName": "갤러리", "usage": 0},
				{"appName": "접근성", "usage": 0},
				{"appName": "KAIST Portal", "usage": 0},
				{"appName": "Polar Beat", "usage": 0},
				{"appName": "설정", "usage": 0},
				{"appName": "Logger", "usage": 0},
				{"appName": "주소록", "usage": 0},
				{"appName": "Android 시스템", "usage": 0},
				{"appName": "Google Play 서비스", "usage": 0},
				{"appName": "Q메모+", "usage": 0},
				{"appName": "Bluetooth", "usage": 0},
				{"appName": "통화 화면", "usage": 0},
				{"appName": "패키지 설치 프로그램", "usage": 0},
				{"appName": "The Day Before", "usage": 0},
				{"appName": "통화 관리", "usage": 0}
			]
		},
		"pickups": {"usage": 144},
		"downTime": {
			"usage": [
				{"hour": "1", "usage": 1},
				{"hour": "2", "usage": 6},
				{"hour": "3", "usage": 10},
				{"hour": "4", "usage": 6},
				{"hour": "5", "usage": 10},
				{"hour": "6", "usage": 19},
				{"hour": "7", "usage": 7},
				{"hour": "8", "usage": 6},
				{"hour": "9", "usage": 13},
				{"hour": "10", "usage": 25},
				{"hour": "11", "usage": 2},
				{"hour": "12", "usage": 8},
				{"hour": "14", "usage": 10},
				{"hour": "15", "usage": 54},
				{"hour": "16", "usage": 25},
				{"hour": "17", "usage": 0}
			],
			"details": [
				{"appName": "도돌 런처", "usage": [1, 2, 3, 4, 5, 6, 7, 8, 9, 10, 11, 12, 14, 15, 16, 17]},
				{"appName": "카카오톡", "usage": [1, 2, 3, 4, 5, 6, 7, 8, 9, 10, 11, 12, 14, 15, 16]},
				{"appName": "시스템 UI", "usage": [2, 4, 5, 6, 7, 8, 9, 10, 12, 14, 15, 16]},
				{"appName": "Paco", "usage": [2, 3, 4, 5, 6, 7, 8, 9, 10, 11, 12]},
				{"appName": "Evernote", "usage": [2, 3, 4, 5, 6, 7, 8, 9, 10]},
				{"appName": "Facebook", "usage": [2, 6, 8, 9, 10, 15]},
				{"appName": "NAVER", "usage": [3, 4, 5, 10, 16]},
				{"appName": "네이버 웹툰", "usage": [10, 15, 16, 17]},
				{"appName": "Chrome", "usage": [9, 14, 15, 16]},
				{"appName": "음악", "usage": [2, 11, 12]},
				{"appName": "알람/시계", "usage": [1, 2, 16]},
				{"appName": "Android 시스템", "usage": [6, 9, 16]},
				{"appName": "캘린더", "usage": [4, 12]},
				{"appName": "접근성", "usage": [2, 14]},
				{"appName": "설정", "usage": [2, 14]},
				{"appName": "YouTube", "usage": [15, 16]},
				{"appName": "Polar Beat", "usage": [2, 14]},
				{"appName": "Instagram", "usage": [10, 16]},
				{"appName": "Google Play 서비스", "usage": [2, 16]},
				{"appName": "패키지 설치 프로그램", "usage": [2]},
				{"appName": "통화 화면", "usage": [9]},
				{"appName": "통화 관리", "usage": [9]},
				{"appName": "주소록", "usage": [9]},
				{"appName": "갤러리", "usage": [5]},
				{"appName": "The Day Before", "usage": [10]},
				{"appName": "Slack", "usage": [6]},
				{"appName": "Q메모+", "usage": [15]},
				{"appName": "Polaris Office", "usage": [6]},
				{"appName": "Logger", "usage": [2]},
				{"appName": "KB스타알림", "usage": [6]},
				{"appName": "KAIST Portal", "usage": [10]},
				{"appName": "Bluetooth", "usage": [2]}
			]
		},
		"maxTime": {
			"usage": 50,
			"details": [
				{"appName": "Chrome", "usage": 11},
				{"appName": "YouTube", "usage": 8},
				{"appName": "Polaris Office", "usage": 5},
				{"appName": "네이버 웹툰", "usage": 4},
				{"appName": "카카오톡", "usage": 2},
				{"appName": "KB스타알림", "usage": 2},
				{"appName": "NAVER", "usage": 2},
				{"appName": "Slack", "usage": 2},
				{"appName": "Instagram", "usage": 1},
				{"appName": "도돌 런처", "usage": 1},
				{"appName": "Facebook", "usage": 1},
				{"appName": "Paco", "usage": 0},
				{"appName": "음악", "usage": 0},
				{"appName": "갤러리", "usage": 0},
				{"appName": "캘린더", "usage": 0},
				{"appName": "Evernote", "usage": 0},
				{"appName": "시스템 UI", "usage": 0},
				{"appName": "KAIST Portal", "usage": 0},
				{"appName": "알람/시계", "usage": 0},
				{"appName": "주소록", "usage": 0},
				{"appName": "Polar Beat", "usage": 0},
				{"appName": "Logger", "usage": 0},
				{"appName": "접근성", "usage": 0},
				{"appName": "설정", "usage": 0},
				{"appName": "Q메모+", "usage": 0},
				{"appName": "Android 시스템", "usage": 0},
				{"appName": "Google Play 서비스", "usage": 0},
				{"appName": "Bluetooth", "usage": 0},
				{"appName": "통화 화면", "usage": 0},
				{"appName": "The Day Before", "usage": 0},
				{"appName": "패키지 설치 프로그램", "usage": 0},
				{"appName": "통화 관리", "usage": 0}
			]
		},
		"avgTime": {
			"usage": 1,
			"details": [
				{"appName": "Polaris Office", "usage": 2},
				{"appName": "YouTube", "usage": 2},
				{"appName": "Chrome", "usage": 1},
				{"appName": "Instagram", "usage": 1},
				{"appName": "KB스타알림", "usage": 0},
				{"appName": "Slack", "usage": 0},
				{"appName": "네이버 웹툰", "usage": 0},
				{"appName": "Facebook", "usage": 0},
				{"appName": "갤러리", "usage": 0},
				{"appName": "음악", "usage": 0},
				{"appName": "NAVER", "usage": 0},
				{"appName": "캘린더", "usage": 0},
				{"appName": "Paco", "usage": 0},
				{"appName": "카카오톡", "usage": 0},
				{"appName": "도돌 런처", "usage": 0},
				{"appName": "KAIST Portal", "usage": 0},
				{"appName": "Evernote", "usage": 0},
				{"appName": "알람/시계", "usage": 0},
				{"appName": "주소록", "usage": 0},
				{"appName": "설정", "usage": 0},
				{"appName": "시스템 UI", "usage": 0},
				{"appName": "Q메모+", "usage": 0},
				{"appName": "Polar Beat", "usage": 0},
				{"appName": "Logger", "usage": 0},
				{"appName": "접근성", "usage": 0},
				{"appName": "Google Play 서비스", "usage": 0},
				{"appName": "Android 시스템", "usage": 0},
				{"appName": "Bluetooth", "usage": 0},
				{"appName": "통화 화면", "usage": 0},
				{"appName": "The Day Before", "usage": 0},
				{"appName": "패키지 설치 프로그램", "usage": 0},
				{"appName": "통화 관리", "usage": 0}
			]
		},
		"lastPickup": {"time": 26}
	},
	{
		"date": 6,
		"totalTime": {
			"usage": 250,
			"details": [
				{"appName": "카카오톡", "usage": 144},
				{"appName": "Facebook", "usage": 23},
				{"appName": "도돌 런처", "usage": 23},
				{"appName": "네이버 웹툰", "usage": 20},
				{"appName": "Chrome", "usage": 17},
				{"appName": "Evernote", "usage": 9},
				{"appName": "NAVER", "usage": 6},
				{"appName": "Paco", "usage": 4},
				{"appName": "갤러리", "usage": 3},
				{"appName": "캘린더", "usage": 3},
				{"appName": "Instagram", "usage": 3},
				{"appName": "메시지", "usage": 3},
				{"appName": "KAIST Portal", "usage": 2},
				{"appName": "시스템 UI", "usage": 1},
				{"appName": "알람/시계", "usage": 0},
				{"appName": "Polar Beat", "usage": 0},
				{"appName": "음악", "usage": 0},
				{"appName": "Q메모+", "usage": 0},
				{"appName": "Todoist", "usage": 0},
				{"appName": "접근성", "usage": 0},
				{"appName": "파일 관리자", "usage": 0},
				{"appName": "Dreamclass", "usage": 0},
				{"appName": "설정", "usage": 0},
				{"appName": "계산기", "usage": 0},
				{"appName": "Polaris Office", "usage": 0},
				{"appName": "The Day Before", "usage": 0},
				{"appName": "카메라", "usage": 0},
				{"appName": "ULike", "usage": 0},
				{"appName": "통화 화면", "usage": 0},
				{"appName": "Android 시스템", "usage": 0},
				{"appName": "패키지 설치 프로그램", "usage": 0},
				{"appName": "Bluetooth", "usage": 0},
				{"appName": "BAND", "usage": 0},
				{"appName": "에브리타임", "usage": 0},
				{"appName": "Google Play 서비스", "usage": 0},
				{"appName": "KB스타알림", "usage": 0}
			]
		},
		"pickups": {"usage": 229},
		"downTime": {
			"usage": [
				{"hour": "0", "usage": 2},
				{"hour": "1", "usage": 17},
				{"hour": "2", "usage": 20},
				{"hour": "3", "usage": 32},
				{"hour": "4", "usage": 7},
				{"hour": "5", "usage": 15},
				{"hour": "6", "usage": 12},
				{"hour": "7", "usage": 16},
				{"hour": "8", "usage": 2},
				{"hour": "9", "usage": 13},
				{"hour": "10", "usage": 23},
				{"hour": "12", "usage": 13},
				{"hour": "13", "usage": 11},
				{"hour": "14", "usage": 20},
				{"hour": "15", "usage": 10},
				{"hour": "16", "usage": 8},
				{"hour": "17", "usage": 21}
			],
			"details": [
				{"appName": "카카오톡", "usage": [0, 1, 2, 3, 4, 5, 6, 7, 8, 9, 10, 12, 13, 14, 15, 16, 17]},
				{"appName": "도돌 런처", "usage": [0, 1, 2, 3, 4, 5, 6, 7, 8, 9, 10, 12, 13, 14, 15, 16, 17]},
				{"appName": "시스템 UI", "usage": [1, 3, 4, 5, 6, 7, 9, 10, 12, 13, 14, 15, 17]},
				{"appName": "Paco", "usage": [1, 2, 3, 4, 5, 6, 7, 9, 10, 12]},
				{"appName": "Evernote", "usage": [1, 3, 5, 6, 7, 8, 9, 10, 15]},
				{"appName": "캘린더", "usage": [1, 5, 6, 9, 12, 13, 15]},
				{"appName": "Q메모+", "usage": [1, 3, 5, 10, 14, 15]},
				{"appName": "NAVER", "usage": [1, 2, 6, 7, 16, 17]},
				{"appName": "Facebook", "usage": [3, 4, 5, 10, 12, 17]},
				{"appName": "Instagram", "usage": [3, 9, 10, 15, 16]},
				{"appName": "Chrome", "usage": [1, 3, 6, 10, 17]},
				{"appName": "알람/시계", "usage": [0, 10, 13, 17]},
				{"appName": "설정", "usage": [1, 10, 15, 17]},
				{"appName": "메시지", "usage": [3, 5, 6, 9]},
				{"appName": "네이버 웹툰", "usage": [3, 10, 16, 17]},
				{"appName": "갤러리", "usage": [3, 10, 14, 15]},
				{"appName": "접근성", "usage": [1, 10, 15]},
				{"appName": "KAIST Portal", "usage": [3, 4, 10]},
				{"appName": "Android 시스템", "usage": [1, 3, 10]},
				{"appName": "패키지 설치 프로그램", "usage": [15, 16]},
				{"appName": "Todoist", "usage": [6, 10]},
				{"appName": "Polar Beat", "usage": [1, 15]},
				{"appName": "KB스타알림", "usage": [16, 17]},
				{"appName": "파일 관리자", "usage": [10]},
				{"appName": "통화 화면", "usage": [1]},
				{"appName": "카메라", "usage": [17]},
				{"appName": "음악", "usage": [10]},
				{"appName": "에브리타임", "usage": [17]},
				{"appName": "계산기", "usage": [12]},
				{"appName": "ULike", "usage": [14]},
				{"appName": "The Day Before", "usage": [3]},
				{"appName": "Polaris Office", "usage": [1]},
				{"appName": "Google Play 서비스", "usage": [1]},
				{"appName": "Dreamclass", "usage": [15]},
				{"appName": "Bluetooth", "usage": [1]},
				{"appName": "BAND", "usage": [16]}
			]
		},
		"maxTime": {
			"usage": 18,
			"details": [
				{"appName": "카카오톡", "usage": 30},
				{"appName": "네이버 웹툰", "usage": 8},
				{"appName": "Chrome", "usage": 8},
				{"appName": "Facebook", "usage": 3},
				{"appName": "Evernote", "usage": 3},
				{"appName": "NAVER", "usage": 2},
				{"appName": "캘린더", "usage": 1},
				{"appName": "갤러리", "usage": 1},
				{"appName": "도돌 런처", "usage": 1},
				{"appName": "메시지", "usage": 1},
				{"appName": "KAIST Portal", "usage": 1},
				{"appName": "Instagram", "usage": 0},
				{"appName": "Paco", "usage": 0},
				{"appName": "음악", "usage": 0},
				{"appName": "파일 관리자", "usage": 0},
				{"appName": "Todoist", "usage": 0},
				{"appName": "계산기", "usage": 0},
				{"appName": "알람/시계", "usage": 0},
				{"appName": "시스템 UI", "usage": 0},
				{"appName": "Polar Beat", "usage": 0},
				{"appName": "The Day Before", "usage": 0},
				{"appName": "카메라", "usage": 0},
				{"appName": "Dreamclass", "usage": 0},
				{"appName": "통화 화면", "usage": 0},
				{"appName": "Polaris Office", "usage": 0},
				{"appName": "ULike", "usage": 0},
				{"appName": "Q메모+", "usage": 0},
				{"appName": "설정", "usage": 0},
				{"appName": "패키지 설치 프로그램", "usage": 0},
				{"appName": "접근성", "usage": 0},
				{"appName": "BAND", "usage": 0},
				{"appName": "Android 시스템", "usage": 0},
				{"appName": "Bluetooth", "usage": 0},
				{"appName": "에브리타임", "usage": 0},
				{"appName": "Google Play 서비스", "usage": 0},
				{"appName": "KB스타알림", "usage": 0}
			]
		},
		"avgTime": {
			"usage": 1,
			"details": [
				{"appName": "Chrome", "usage": 0},
				{"appName": "갤러리", "usage": 0},
				{"appName": "Facebook", "usage": 0},
				{"appName": "네이버 웹툰", "usage": 0},
				{"appName": "Instagram", "usage": 0},
				{"appName": "NAVER", "usage": 0},
				{"appName": "KAIST Portal", "usage": 0},
				{"appName": "캘린더", "usage": 0},
				{"appName": "메시지", "usage": 0},
				{"appName": "계산기", "usage": 0},
				{"appName": "Todoist", "usage": 0},
				{"appName": "카카오톡", "usage": 0},
				{"appName": "음악", "usage": 0},
				{"appName": "Evernote", "usage": 0},
				{"appName": "파일 관리자", "usage": 0},
				{"appName": "The Day Before", "usage": 0},
				{"appName": "카메라", "usage": 0},
				{"appName": "Paco", "usage": 0},
				{"appName": "도돌 런처", "usage": 0},
				{"appName": "알람/시계", "usage": 0},
				{"appName": "Polaris Office", "usage": 0},
				{"appName": "Dreamclass", "usage": 0},
				{"appName": "ULike", "usage": 0},
				{"appName": "통화 화면", "usage": 0},
				{"appName": "Polar Beat", "usage": 0},
				{"appName": "시스템 UI", "usage": 0},
				{"appName": "Q메모+", "usage": 0},
				{"appName": "설정", "usage": 0},
				{"appName": "접근성", "usage": 0},
				{"appName": "Android 시스템", "usage": 0},
				{"appName": "BAND", "usage": 0},
				{"appName": "에브리타임", "usage": 0},
				{"appName": "Bluetooth", "usage": 0},
				{"appName": "Google Play 서비스", "usage": 0},
				{"appName": "패키지 설치 프로그램", "usage": 0},
				{"appName": "KB스타알림", "usage": 0}
			]
		},
		"lastPickup": {"time": 16}
	},
	{
		"date": 7,
		"totalTime": {
			"usage": 221,
			"details": [
				{"appName": "카카오톡", "usage": 96},
				{"appName": "주소록", "usage": 27},
				{"appName": "카톡 프리뷰", "usage": 21},
				{"appName": "네이버 웹툰", "usage": 19},
				{"appName": "Facebook", "usage": 18},
				{"appName": "도돌 런처", "usage": 17},
				{"appName": "통화 화면", "usage": 11},
				{"appName": "네이버 지도", "usage": 4},
				{"appName": "Chrome", "usage": 4},
				{"appName": "BAND", "usage": 3},
				{"appName": "Paco", "usage": 3},
				{"appName": "Evernote", "usage": 3},
				{"appName": "음성 녹음", "usage": 2},
				{"appName": "음악", "usage": 2},
				{"appName": "시스템 UI", "usage": 2},
				{"appName": "NAVER", "usage": 2},
				{"appName": "알람/시계", "usage": 2},
				{"appName": "Polar Beat", "usage": 1},
				{"appName": "KAIST Portal", "usage": 1},
				{"appName": "카메라", "usage": 1},
				{"appName": "Bluetooth", "usage": 1},
				{"appName": "ULike", "usage": 0},
				{"appName": "접근성", "usage": 0},
				{"appName": "갤러리", "usage": 0},
				{"appName": "설정", "usage": 0},
				{"appName": "ABC Logger", "usage": 0},
				{"appName": "Todoist", "usage": 0},
				{"appName": "Wi-Fi", "usage": 0},
				{"appName": "Android 시스템", "usage": 0},
				{"appName": "미세미세", "usage": 0},
				{"appName": "캘린더", "usage": 0},
				{"appName": "Shutdown Monitor", "usage": 0},
				{"appName": "Google", "usage": 0},
				{"appName": "Q메모+", "usage": 0},
				{"appName": "Google Play 서비스", "usage": 0},
				{"appName": "Instagram", "usage": 0},
				{"appName": "통화 관리", "usage": 0},
				{"appName": "KB스타알림", "usage": 0}
			]
		},
		"pickups": {"usage": 282},
		"downTime": {
			"usage": [
				{"hour": "2", "usage": 23},
				{"hour": "3", "usage": 9},
				{"hour": "4", "usage": 10},
				{"hour": "5", "usage": 20},
				{"hour": "6", "usage": 10},
				{"hour": "7", "usage": 12},
				{"hour": "8", "usage": 13},
				{"hour": "9", "usage": 11},
				{"hour": "10", "usage": 12},
				{"hour": "11", "usage": 6},
				{"hour": "12", "usage": 10},
				{"hour": "13", "usage": 14},
				{"hour": "14", "usage": 13},
				{"hour": "15", "usage": 9},
				{"hour": "16", "usage": 23},
				{"hour": "17", "usage": 15},
				{"hour": "22", "usage": 0},
				{"hour": "23", "usage": 3}
			],
			"details": [
				{"appName": "도돌 런처", "usage": [2, 3, 4, 5, 6, 7, 8, 9, 10, 11, 12, 13, 14, 15, 16, 17, 22, 23]},
				{"appName": "카카오톡", "usage": [2, 3, 4, 5, 6, 7, 8, 9, 10, 11, 12, 13, 14, 15, 16, 17, 23]},
				{"appName": "시스템 UI", "usage": [2, 4, 5, 6, 7, 8, 9, 10, 11, 12, 13, 14, 15, 16, 17]},
				{"appName": "Paco", "usage": [3, 4, 5, 6, 7, 8, 9, 10, 11, 12]},
				{"appName": "Evernote", "usage": [3, 4, 5, 6, 7, 8, 9, 10, 11, 14]},
				{"appName": "Facebook", "usage": [2, 3, 4, 7, 8, 10, 15, 17]},
				{"appName": "Android 시스템", "usage": [5, 9, 10, 12, 14, 15]},
				{"appName": "통화 화면", "usage": [5, 9, 10, 12, 14]},
				{"appName": "통화 관리", "usage": [5, 9, 10, 12, 14]},
				{"appName": "카톡 프리뷰", "usage": [15, 16, 17, 22, 23]},
				{"appName": "주소록", "usage": [5, 9, 10, 12, 14]},
				{"appName": "알람/시계", "usage": [2, 10, 17, 22, 23]},
				{"appName": "NAVER", "usage": [2, 5, 7, 10, 16]},
				{"appName": "Chrome", "usage": [2, 5, 11, 15, 17]},
				{"appName": "음성 녹음", "usage": [13, 14, 16, 17]},
				{"appName": "설정", "usage": [3, 13, 14, 15]},
				{"appName": "Polar Beat", "usage": [3, 6, 7, 14]},
				{"appName": "KAIST Portal", "usage": [11, 12, 15, 17]},
				{"appName": "접근성", "usage": [3, 14, 15]},
				{"appName": "네이버 지도", "usage": [5, 6, 8]},
				{"appName": "네이버 웹툰", "usage": [15, 16, 17]},
				{"appName": "카메라", "usage": [6, 13]},
				{"appName": "음악", "usage": [5, 6]},
				{"appName": "갤러리", "usage": [2, 6]},
				{"appName": "ULike", "usage": [6, 15]},
				{"appName": "Bluetooth", "usage": [3, 5]},
				{"appName": "BAND", "usage": [8, 15]},
				{"appName": "캘린더", "usage": [4]},
				{"appName": "미세미세", "usage": [2]},
				{"appName": "Wi-Fi", "usage": [23]},
				{"appName": "Todoist", "usage": [7]},
				{"appName": "Shutdown Monitor", "usage": [15]},
				{"appName": "Q메모+", "usage": [12]},
				{"appName": "KB스타알림", "usage": [8]},
				{"appName": "Instagram", "usage": [14]},
				{"appName": "Google Play 서비스", "usage": [3]},
				{"appName": "Google", "usage": [13]},
				{"appName": "ABC Logger", "usage": [15]}
			]
		},
		"maxTime": {
			"usage": 34,
			"details": [
				{"appName": "카톡 프리뷰", "usage": 16},
				{"appName": "Facebook", "usage": 7},
				{"appName": "주소록", "usage": 5},
				{"appName": "카카오톡", "usage": 4},
				{"appName": "BAND", "usage": 3},
				{"appName": "네이버 웹툰", "usage": 2},
				{"appName": "Chrome", "usage": 2},
				{"appName": "네이버 지도", "usage": 1},
				{"appName": "통화 화면", "usage": 1},
				{"appName": "KAIST Portal", "usage": 1},
				{"appName": "알람/시계", "usage": 1},
				{"appName": "도돌 런처", "usage": 1},
				{"appName": "음악", "usage": 1},
				{"appName": "Polar Beat", "usage": 0},
				{"appName": "NAVER", "usage": 0},
				{"appName": "음성 녹음", "usage": 0},
				{"appName": "Paco", "usage": 0},
				{"appName": "시스템 UI", "usage": 0},
				{"appName": "갤러리", "usage": 0},
				{"appName": "카메라", "usage": 0},
				{"appName": "Bluetooth", "usage": 0},
				{"appName": "ULike", "usage": 0},
				{"appName": "Evernote", "usage": 0},
				{"appName": "ABC Logger", "usage": 0},
				{"appName": "Todoist", "usage": 0},
				{"appName": "접근성", "usage": 0},
				{"appName": "Wi-Fi", "usage": 0},
				{"appName": "설정", "usage": 0},
				{"appName": "캘린더", "usage": 0},
				{"appName": "Shutdown Monitor", "usage": 0},
				{"appName": "미세미세", "usage": 0},
				{"appName": "Google", "usage": 0},
				{"appName": "Q메모+", "usage": 0},
				{"appName": "Android 시스템", "usage": 0},
				{"appName": "Google Play 서비스", "usage": 0},
				{"appName": "Instagram", "usage": 0},
				{"appName": "통화 관리", "usage": 0},
				{"appName": "KB스타알림", "usage": 0}
			]
		},
		"avgTime": {
			"usage": 0,
			"details": [
				{"appName": "카톡 프리뷰", "usage": 0},
				{"appName": "주소록", "usage": 0},
				{"appName": "통화 화면", "usage": 0},
				{"appName": "Facebook", "usage": 0},
				{"appName": "Chrome", "usage": 0},
				{"appName": "네이버 지도", "usage": 0},
				{"appName": "네이버 웹툰", "usage": 0},
				{"appName": "BAND", "usage": 0},
				{"appName": "음악", "usage": 0},
				{"appName": "KAIST Portal", "usage": 0},
				{"appName": "갤러리", "usage": 0},
				{"appName": "알람/시계", "usage": 0},
				{"appName": "ULike", "usage": 0},
				{"appName": "Todoist", "usage": 0},
				{"appName": "카메라", "usage": 0},
				{"appName": "Polar Beat", "usage": 0},
				{"appName": "NAVER", "usage": 0},
				{"appName": "Wi-Fi", "usage": 0},
				{"appName": "카카오톡", "usage": 0},
				{"appName": "ABC Logger", "usage": 0},
				{"appName": "음성 녹음", "usage": 0},
				{"appName": "Paco", "usage": 0},
				{"appName": "도돌 런처", "usage": 0},
				{"appName": "Bluetooth", "usage": 0},
				{"appName": "캘린더", "usage": 0},
				{"appName": "Evernote", "usage": 0},
				{"appName": "Shutdown Monitor", "usage": 0},
				{"appName": "설정", "usage": 0},
				{"appName": "접근성", "usage": 0},
				{"appName": "시스템 UI", "usage": 0},
				{"appName": "Q메모+", "usage": 0},
				{"appName": "미세미세", "usage": 0},
				{"appName": "Google", "usage": 0},
				{"appName": "Google Play 서비스", "usage": 0},
				{"appName": "Instagram", "usage": 0},
				{"appName": "Android 시스템", "usage": 0},
				{"appName": "통화 관리", "usage": 0},
				{"appName": "KB스타알림", "usage": 0}
			]
		},
		"lastPickup": {"time": 0}
	}
]
