[
	{
		"date": 1,
		"totalTime": {
			"usage": 211,
			"details": [
				{"appName": "Facebook", "usage": 55},
				{"appName": "카카오톡", "usage": 23},
				{"appName": "통화", "usage": 21},
				{"appName": "Instagram", "usage": 21},
				{"appName": "Samsung Experience 홈", "usage": 15},
				{"appName": "NAVER", "usage": 11},
				{"appName": "메시지", "usage": 6},
				{"appName": "Paco", "usage": 4},
				{"appName": "KAIST Portal", "usage": 4},
				{"appName": "삼성 인터넷", "usage": 3},
				{"appName": "카카오 T", "usage": 2},
				{"appName": "토스", "usage": 2},
				{"appName": "YouTube", "usage": 1},
				{"appName": "AIA Vitality T건강걷기", "usage": 1},
				{"appName": "캘린더", "usage": 1},
				{"appName": "Excel", "usage": 1},
				{"appName": "내 파일", "usage": 0},
				{"appName": "KAIST Library", "usage": 0},
				{"appName": "전화", "usage": 0},
				{"appName": "시계", "usage": 0},
				{"appName": "Polar Beat", "usage": 0},
				{"appName": "PowerPoint", "usage": 0},
				{"appName": "설정", "usage": 0},
				{"appName": "드라이브", "usage": 0},
				{"appName": "Samsung Health", "usage": 0},
				{"appName": "카메라", "usage": 0},
				{"appName": "Word", "usage": 0},
				{"appName": "접근성", "usage": 0},
				{"appName": "갤러리", "usage": 0},
				{"appName": "Logger", "usage": 0},
				{"appName": "고속버스 모바일", "usage": 0},
				{"appName": "패키지 설치 프로그램", "usage": 0},
				{"appName": "한국장학재단", "usage": 0}
			]
		},
		"pickups": {"usage": 250},
		"downTime": {
			"usage": [
				{"hour": "0", "usage": 2},
				{"hour": "1", "usage": 1},
				{"hour": "2", "usage": 2},
				{"hour": "3", "usage": 28},
				{"hour": "4", "usage": 0},
				{"hour": "6", "usage": 4},
				{"hour": "7", "usage": 41},
				{"hour": "8", "usage": 11},
				{"hour": "9", "usage": 1},
				{"hour": "10", "usage": 25},
				{"hour": "11", "usage": 2},
				{"hour": "12", "usage": 1},
				{"hour": "13", "usage": 10},
				{"hour": "14", "usage": 10},
				{"hour": "15", "usage": 3},
				{"hour": "16", "usage": 45},
				{"hour": "17", "usage": 0},
				{"hour": "19", "usage": 0},
				{"hour": "21", "usage": 1},
				{"hour": "22", "usage": 1},
				{"hour": "23", "usage": 6}
			],
			"details": [
				{"appName": "카카오톡", "usage": [0, 1, 2, 3, 4, 6, 7, 8, 10, 11, 12, 13, 14, 16, 21, 22, 23]},
				{"appName": "Samsung Experience 홈", "usage": [0, 1, 2, 3, 6, 7, 8, 10, 11, 12, 13, 14, 15, 16, 21, 22, 23]},
				{"appName": "Facebook", "usage": [0, 3, 7, 8, 10, 11, 13, 14, 15, 16, 21]},
				{"appName": "Paco", "usage": [1, 2, 3, 6, 7, 10, 11, 13, 14]},
				{"appName": "캘린더", "usage": [2, 3, 6, 7, 8, 13]},
				{"appName": "통화", "usage": [2, 3, 10, 16]},
				{"appName": "전화", "usage": [3, 6, 10, 16]},
				{"appName": "시계", "usage": [7, 8, 21, 22]},
				{"appName": "메시지", "usage": [2, 6, 7, 16]},
				{"appName": "카메라", "usage": [13, 14]},
				{"appName": "접근성", "usage": [8, 23]},
				{"appName": "설정", "usage": [8, 23]},
				{"appName": "KAIST Library", "usage": [10, 15]},
				{"appName": "KAIST Portal", "usage": [3, 10]},
				{"appName": "Instagram", "usage": [8, 16]},
				{"appName": "한국장학재단", "usage": [4]},
				{"appName": "패키지 설치 프로그램", "usage": [23]},
				{"appName": "토스", "usage": [7]},
				{"appName": "카카오 T", "usage": [8]},
				{"appName": "삼성 인터넷", "usage": [23]},
				{"appName": "드라이브", "usage": [3]},
				{"appName": "내 파일", "usage": [3]},
				{"appName": "고속버스 모바일", "usage": [16]},
				{"appName": "갤러리", "usage": [6]},
				{"appName": "YouTube", "usage": [16]},
				{"appName": "Word", "usage": [3]},
				{"appName": "Samsung Health", "usage": [23]},
				{"appName": "PowerPoint", "usage": [3]},
				{"appName": "Polar Beat", "usage": [23]},
				{"appName": "NAVER", "usage": [3]},
				{"appName": "Logger", "usage": [23]},
				{"appName": "Excel", "usage": [3]},
				{"appName": "AIA Vitality T건강걷기", "usage": [23]}
			]
		},
		"maxTime": {
			"usage": 32,
			"details": [
				{"appName": "Instagram", "usage": 11},
				{"appName": "통화", "usage": 10},
				{"appName": "Facebook", "usage": 10},
				{"appName": "NAVER", "usage": 4},
				{"appName": "Samsung Experience 홈", "usage": 4},
				{"appName": "메시지", "usage": 3},
				{"appName": "삼성 인터넷", "usage": 2},
				{"appName": "KAIST Portal", "usage": 2},
				{"appName": "YouTube", "usage": 1},
				{"appName": "카카오 T", "usage": 1},
				{"appName": "카카오톡", "usage": 1},
				{"appName": "Excel", "usage": 1},
				{"appName": "Paco", "usage": 0},
				{"appName": "토스", "usage": 0},
				{"appName": "KAIST Library", "usage": 0},
				{"appName": "내 파일", "usage": 0},
				{"appName": "AIA Vitality T건강걷기", "usage": 0},
				{"appName": "드라이브", "usage": 0},
				{"appName": "PowerPoint", "usage": 0},
				{"appName": "Word", "usage": 0},
				{"appName": "Samsung Health", "usage": 0},
				{"appName": "캘린더", "usage": 0},
				{"appName": "Polar Beat", "usage": 0},
				{"appName": "설정", "usage": 0},
				{"appName": "전화", "usage": 0},
				{"appName": "시계", "usage": 0},
				{"appName": "카메라", "usage": 0},
				{"appName": "갤러리", "usage": 0},
				{"appName": "접근성", "usage": 0},
				{"appName": "Logger", "usage": 0},
				{"appName": "고속버스 모바일", "usage": 0},
				{"appName": "패키지 설치 프로그램", "usage": 0},
				{"appName": "한국장학재단", "usage": 0}
			]
		},
		"avgTime": {
			"usage": 0,
			"details": [
				{"appName": "Instagram", "usage": 2},
				{"appName": "통화", "usage": 1},
				{"appName": "Facebook", "usage": 1},
				{"appName": "Excel", "usage": 1},
				{"appName": "삼성 인터넷", "usage": 0},
				{"appName": "YouTube", "usage": 0},
				{"appName": "NAVER", "usage": 0},
				{"appName": "메시지", "usage": 0},
				{"appName": "KAIST Portal", "usage": 0},
				{"appName": "드라이브", "usage": 0},
				{"appName": "Word", "usage": 0},
				{"appName": "PowerPoint", "usage": 0},
				{"appName": "내 파일", "usage": 0},
				{"appName": "Paco", "usage": 0},
				{"appName": "Samsung Experience 홈", "usage": 0},
				{"appName": "카카오 T", "usage": 0},
				{"appName": "갤러리", "usage": 0},
				{"appName": "KAIST Library", "usage": 0},
				{"appName": "AIA Vitality T건강걷기", "usage": 0},
				{"appName": "Samsung Health", "usage": 0},
				{"appName": "토스", "usage": 0},
				{"appName": "카카오톡", "usage": 0},
				{"appName": "설정", "usage": 0},
				{"appName": "Polar Beat", "usage": 0},
				{"appName": "카메라", "usage": 0},
				{"appName": "캘린더", "usage": 0},
				{"appName": "전화", "usage": 0},
				{"appName": "접근성", "usage": 0},
				{"appName": "시계", "usage": 0},
				{"appName": "Logger", "usage": 0},
				{"appName": "고속버스 모바일", "usage": 0},
				{"appName": "패키지 설치 프로그램", "usage": 0},
				{"appName": "한국장학재단", "usage": 0}
			]
		},
		"lastPickup": {"time": 5}
	},
	{
		"date": 2,
		"totalTime": {
			"usage": 248,
			"details": [
				{"appName": "YouTube", "usage": 44},
				{"appName": "복부 근육 트레이팅", "usage": 30},
				{"appName": "Facebook", "usage": 30},
				{"appName": "카카오톡", "usage": 24},
				{"appName": "Samsung Experience 홈", "usage": 16},
				{"appName": "삼성 인터넷", "usage": 15},
				{"appName": "쿠팡", "usage": 12},
				{"appName": "Samsung Health", "usage": 10},
				{"appName": "아이디어스", "usage": 6},
				{"appName": "설정", "usage": 5},
				{"appName": "NAVER", "usage": 4},
				{"appName": "Paco", "usage": 4},
				{"appName": "메시지", "usage": 3},
				{"appName": "계산기", "usage": 2},
				{"appName": "카메라", "usage": 2},
				{"appName": "Samsung Pay", "usage": 2},
				{"appName": "통화", "usage": 1},
				{"appName": "갤러리", "usage": 0},
				{"appName": "Polar Beat", "usage": 0},
				{"appName": "토스", "usage": 0},
				{"appName": "이메일", "usage": 0},
				{"appName": "SNOW", "usage": 0},
				{"appName": "ABC Logger", "usage": 0},
				{"appName": "CamScanner", "usage": 0},
				{"appName": "AIA Vitality T건강걷기", "usage": 0},
				{"appName": "KAIST Portal", "usage": 0},
				{"appName": "캘린더", "usage": 0},
				{"appName": "Samsung Pass 자동 완성", "usage": 0},
				{"appName": "Logger", "usage": 0},
				{"appName": "접근성", "usage": 0},
				{"appName": "날씨", "usage": 0},
				{"appName": "시계", "usage": 0},
				{"appName": "T멤버십", "usage": 0},
				{"appName": "전화", "usage": 0},
				{"appName": "패키지 설치 프로그램", "usage": 0},
				{"appName": "롯데리아", "usage": 0}
			]
		},
		"pickups": {"usage": 186},
		"downTime": {
			"usage": [
				{"hour": "0", "usage": 34},
				{"hour": "1", "usage": 0},
				{"hour": "2", "usage": 3},
				{"hour": "3", "usage": 0},
				{"hour": "4", "usage": 18},
				{"hour": "5", "usage": 19},
				{"hour": "6", "usage": 14},
				{"hour": "7", "usage": 27},
				{"hour": "8", "usage": 55},
				{"hour": "9", "usage": 28},
				{"hour": "10", "usage": 20},
				{"hour": "11", "usage": 9},
				{"hour": "12", "usage": 7},
				{"hour": "13", "usage": 0},
				{"hour": "14", "usage": 0},
				{"hour": "15", "usage": 0},
				{"hour": "19", "usage": 2},
				{"hour": "20", "usage": 5},
				{"hour": "21", "usage": 0},
				{"hour": "23", "usage": 0}
			],
			"details": [
				{"appName": "Samsung Experience 홈", "usage": [0, 1, 2, 4, 5, 6, 7, 8, 9, 10, 11, 12, 13, 19]},
				{"appName": "카카오톡", "usage": [2, 4, 5, 6, 7, 8, 9, 10, 12, 19]},
				{"appName": "Paco", "usage": [0, 4, 5, 6, 7, 9, 11, 12]},
				{"appName": "Facebook", "usage": [0, 5, 6, 7, 10, 11, 19, 20]},
				{"appName": "패키지 설치 프로그램", "usage": [2, 7, 10, 12]},
				{"appName": "설정", "usage": [6, 7, 10, 12]},
				{"appName": "복부 근육 트레이팅", "usage": [8, 9, 10, 11]},
				{"appName": "접근성", "usage": [7, 10, 12]},
				{"appName": "메시지", "usage": [8, 11, 12]},
				{"appName": "Samsung Pay", "usage": [4, 5, 6]},
				{"appName": "Polar Beat", "usage": [5, 7, 10]},
				{"appName": "Logger", "usage": [7, 10, 12]},
				{"appName": "ABC Logger", "usage": [8, 10, 11]},
				{"appName": "통화", "usage": [10, 12]},
				{"appName": "캘린더", "usage": [0, 7]},
				{"appName": "시계", "usage": [0, 1]},
				{"appName": "삼성 인터넷", "usage": [0, 5]},
				{"appName": "날씨", "usage": [10, 12]},
				{"appName": "YouTube", "usage": [8, 9]},
				{"appName": "Samsung Pass 자동 완성", "usage": [0, 7]},
				{"appName": "토스", "usage": [4]},
				{"appName": "쿠팡", "usage": [0]},
				{"appName": "카메라", "usage": [11]},
				{"appName": "전화", "usage": [10]},
				{"appName": "이메일", "usage": [4]},
				{"appName": "아이디어스", "usage": [7]},
				{"appName": "롯데리아", "usage": [6]},
				{"appName": "계산기", "usage": [6]},
				{"appName": "갤러리", "usage": [11]},
				{"appName": "T멤버십", "usage": [6]},
				{"appName": "Samsung Health", "usage": [4]},
				{"appName": "SNOW", "usage": [12]},
				{"appName": "NAVER", "usage": [5]},
				{"appName": "KAIST Portal", "usage": [7]},
				{"appName": "CamScanner", "usage": [4]},
				{"appName": "AIA Vitality T건강걷기", "usage": [4]}
			]
		},
		"maxTime": {
			"usage": 80,
			"details": [
				{"appName": "YouTube", "usage": 29},
				{"appName": "복부 근육 트레이팅", "usage": 12},
				{"appName": "삼성 인터넷", "usage": 10},
				{"appName": "Samsung Health", "usage": 10},
				{"appName": "Samsung Experience 홈", "usage": 8},
				{"appName": "Facebook", "usage": 5},
				{"appName": "설정", "usage": 4},
				{"appName": "NAVER", "usage": 3},
				{"appName": "계산기", "usage": 2},
				{"appName": "아이디어스", "usage": 2},
				{"appName": "카카오톡", "usage": 2},
				{"appName": "카메라", "usage": 1},
				{"appName": "Paco", "usage": 1},
				{"appName": "쿠팡", "usage": 1},
				{"appName": "Samsung Pay", "usage": 0},
				{"appName": "통화", "usage": 0},
				{"appName": "메시지", "usage": 0},
				{"appName": "SNOW", "usage": 0},
				{"appName": "갤러리", "usage": 0},
				{"appName": "토스", "usage": 0},
				{"appName": "이메일", "usage": 0},
				{"appName": "Samsung Pass 자동 완성", "usage": 0},
				{"appName": "Polar Beat", "usage": 0},
				{"appName": "KAIST Portal", "usage": 0},
				{"appName": "ABC Logger", "usage": 0},
				{"appName": "AIA Vitality T건강걷기", "usage": 0},
				{"appName": "시계", "usage": 0},
				{"appName": "CamScanner", "usage": 0},
				{"appName": "캘린더", "usage": 0},
				{"appName": "날씨", "usage": 0},
				{"appName": "T멤버십", "usage": 0},
				{"appName": "접근성", "usage": 0},
				{"appName": "전화", "usage": 0},
				{"appName": "Logger", "usage": 0},
				{"appName": "롯데리아", "usage": 0},
				{"appName": "패키지 설치 프로그램", "usage": 0}
			]
		},
		"avgTime": {
			"usage": 1,
			"details": [
				{"appName": "YouTube", "usage": 14},
				{"appName": "계산기", "usage": 2},
				{"appName": "Samsung Health", "usage": 2},
				{"appName": "삼성 인터넷", "usage": 1},
				{"appName": "NAVER", "usage": 0},
				{"appName": "Facebook", "usage": 0},
				{"appName": "복부 근육 트레이팅", "usage": 0},
				{"appName": "SNOW", "usage": 0},
				{"appName": "아이디어스", "usage": 0},
				{"appName": "통화", "usage": 0},
				{"appName": "Samsung Pay", "usage": 0},
				{"appName": "설정", "usage": 0},
				{"appName": "메시지", "usage": 0},
				{"appName": "이메일", "usage": 0},
				{"appName": "쿠팡", "usage": 0},
				{"appName": "카메라", "usage": 0},
				{"appName": "토스", "usage": 0},
				{"appName": "Samsung Experience 홈", "usage": 0},
				{"appName": "Samsung Pass 자동 완성", "usage": 0},
				{"appName": "Paco", "usage": 0},
				{"appName": "카카오톡", "usage": 0},
				{"appName": "T멤버십", "usage": 0},
				{"appName": "갤러리", "usage": 0},
				{"appName": "ABC Logger", "usage": 0},
				{"appName": "시계", "usage": 0},
				{"appName": "KAIST Portal", "usage": 0},
				{"appName": "AIA Vitality T건강걷기", "usage": 0},
				{"appName": "CamScanner", "usage": 0},
				{"appName": "캘린더", "usage": 0},
				{"appName": "Polar Beat", "usage": 0},
				{"appName": "날씨", "usage": 0},
				{"appName": "접근성", "usage": 0},
				{"appName": "전화", "usage": 0},
				{"appName": "롯데리아", "usage": 0},
				{"appName": "Logger", "usage": 0},
				{"appName": "패키지 설치 프로그램", "usage": 0}
			]
		},
		"lastPickup": {"time": 0}
	},
	{
		"date": 3,
		"totalTime": {
			"usage": 385,
			"details": [
				{"appName": "YouTube", "usage": 87},
				{"appName": "Facebook", "usage": 86},
				{"appName": "프렌즈타운", "usage": 68},
				{"appName": "카카오톡", "usage": 34},
				{"appName": "네이버 웹툰", "usage": 19},
				{"appName": "NAVER", "usage": 16},
				{"appName": "Samsung Experience 홈", "usage": 8},
				{"appName": "Instagram", "usage": 6},
				{"appName": "Messenger", "usage": 6},
				{"appName": "시계", "usage": 5},
				{"appName": "편한가계부", "usage": 3},
				{"appName": "통화", "usage": 3},
				{"appName": "지도", "usage": 2},
				{"appName": "PAYCO", "usage": 2},
				{"appName": "캘린더", "usage": 2},
				{"appName": "카카오뱅크", "usage": 1},
				{"appName": "Paco", "usage": 1},
				{"appName": "Samsung Pay", "usage": 1},
				{"appName": "삼성 인터넷", "usage": 1},
				{"appName": "SNOW", "usage": 1},
				{"appName": "카메라", "usage": 1},
				{"appName": "설정", "usage": 1},
				{"appName": "신한 쏠(SOL)", "usage": 0},
				{"appName": "토스", "usage": 0},
				{"appName": "스프레드시트", "usage": 0},
				{"appName": "카카오맵", "usage": 0},
				{"appName": "Google Play 스토어", "usage": 0},
				{"appName": "계산기", "usage": 0},
				{"appName": "야놀자", "usage": 0},
				{"appName": "전화", "usage": 0},
				{"appName": "KAIST Portal", "usage": 0},
				{"appName": "메시지", "usage": 0},
				{"appName": "갤러리", "usage": 0},
				{"appName": "Google Play 게임", "usage": 0},
				{"appName": "패키지 설치 프로그램", "usage": 0},
				{"appName": "Google Play 서비스", "usage": 0},
				{"appName": "접근성", "usage": 0},
				{"appName": "복부 근육 트레이팅", "usage": 0},
				{"appName": "한국장학재단", "usage": 0}
			]
		},
		"pickups": {"usage": 133},
		"downTime": {
			"usage": [
				{"hour": "0", "usage": 0},
				{"hour": "1", "usage": 0},
				{"hour": "2", "usage": 6},
				{"hour": "3", "usage": 8},
				{"hour": "4", "usage": 44},
				{"hour": "5", "usage": 51},
				{"hour": "6", "usage": 0},
				{"hour": "7", "usage": 3},
				{"hour": "8", "usage": 4},
				{"hour": "9", "usage": 13},
				{"hour": "10", "usage": 3},
				{"hour": "11", "usage": 5},
				{"hour": "12", "usage": 43},
				{"hour": "13", "usage": 59},
				{"hour": "14", "usage": 60},
				{"hour": "15", "usage": 32},
				{"hour": "16", "usage": 39},
				{"hour": "17", "usage": 0},
				{"hour": "19", "usage": 0},
				{"hour": "20", "usage": 0},
				{"hour": "21", "usage": 0},
				{"hour": "22", "usage": 6},
				{"hour": "23", "usage": 0}
			],
			"details": [
				{"appName": "Samsung Experience 홈", "usage": [2, 3, 4, 5, 7, 8, 9, 10, 11, 12, 13, 14, 15, 16, 19, 22]},
				{"appName": "카카오톡", "usage": [4, 5, 7, 8, 9, 10, 11, 12, 13, 14, 16, 22]},
				{"appName": "Facebook", "usage": [1, 2, 3, 4, 5, 8, 16]},
				{"appName": "Paco", "usage": [3, 4, 9, 10, 12]},
				{"appName": "복부 근육 트레이팅", "usage": [3, 9, 10, 11]},
				{"appName": "카메라", "usage": [9, 10, 12]},
				{"appName": "전화", "usage": [2, 3, 11]},
				{"appName": "시계", "usage": [1, 16, 22]},
				{"appName": "설정", "usage": [4, 8, 15]},
				{"appName": "YouTube", "usage": [12, 13, 14]},
				{"appName": "Samsung Pay", "usage": [11, 12, 22]},
				{"appName": "프렌즈타운", "usage": [14, 15]},
				{"appName": "통화", "usage": [2, 11]},
				{"appName": "캘린더", "usage": [7, 8]},
				{"appName": "지도", "usage": [9, 10]},
				{"appName": "접근성", "usage": [8, 15]},
				{"appName": "갤러리", "usage": [9, 10]},
				{"appName": "NAVER", "usage": [2, 12]},
				{"appName": "한국장학재단", "usage": [19]},
				{"appName": "편한가계부", "usage": [12]},
				{"appName": "패키지 설치 프로그램", "usage": [4]},
				{"appName": "토스", "usage": [11]},
				{"appName": "카카오뱅크", "usage": [12]},
				{"appName": "카카오맵", "usage": [9]},
				{"appName": "야놀자", "usage": [2]},
				{"appName": "신한 쏠(SOL)", "usage": [12]},
				{"appName": "스프레드시트", "usage": [12]},
				{"appName": "삼성 인터넷", "usage": [12]},
				{"appName": "메시지", "usage": [4]},
				{"appName": "네이버 웹툰", "usage": [16]},
				{"appName": "계산기", "usage": [12]},
				{"appName": "SNOW", "usage": [9]},
				{"appName": "PAYCO", "usage": [12]},
				{"appName": "Messenger", "usage": [5]},
				{"appName": "KAIST Portal", "usage": [9]},
				{"appName": "Instagram", "usage": [16]},
				{"appName": "Google Play 스토어", "usage": [14]},
				{"appName": "Google Play 서비스", "usage": [14]},
				{"appName": "Google Play 게임", "usage": [14]}
			]
		},
		"maxTime": {
			"usage": 139,
			"details": [
				{"appName": "프렌즈타운", "usage": 66},
				{"appName": "YouTube", "usage": 43},
				{"appName": "Facebook", "usage": 25},
				{"appName": "시계", "usage": 4},
				{"appName": "NAVER", "usage": 4},
				{"appName": "네이버 웹툰", "usage": 2},
				{"appName": "PAYCO", "usage": 2},
				{"appName": "Instagram", "usage": 2},
				{"appName": "Messenger", "usage": 2},
				{"appName": "카카오톡", "usage": 2},
				{"appName": "캘린더", "usage": 1},
				{"appName": "SNOW", "usage": 1},
				{"appName": "통화", "usage": 1},
				{"appName": "Samsung Pay", "usage": 1},
				{"appName": "지도", "usage": 1},
				{"appName": "Samsung Experience 홈", "usage": 0},
				{"appName": "카메라", "usage": 0},
				{"appName": "삼성 인터넷", "usage": 0},
				{"appName": "카카오맵", "usage": 0},
				{"appName": "스프레드시트", "usage": 0},
				{"appName": "Paco", "usage": 0},
				{"appName": "신한 쏠(SOL)", "usage": 0},
				{"appName": "편한가계부", "usage": 0},
				{"appName": "설정", "usage": 0},
				{"appName": "토스", "usage": 0},
				{"appName": "Google Play 스토어", "usage": 0},
				{"appName": "카카오뱅크", "usage": 0},
				{"appName": "야놀자", "usage": 0},
				{"appName": "메시지", "usage": 0},
				{"appName": "KAIST Portal", "usage": 0},
				{"appName": "갤러리", "usage": 0},
				{"appName": "전화", "usage": 0},
				{"appName": "계산기", "usage": 0},
				{"appName": "Google Play 게임", "usage": 0},
				{"appName": "패키지 설치 프로그램", "usage": 0},
				{"appName": "접근성", "usage": 0},
				{"appName": "Google Play 서비스", "usage": 0},
				{"appName": "복부 근육 트레이팅", "usage": 0},
				{"appName": "한국장학재단", "usage": 0}
			]
		},
		"avgTime": {
			"usage": 2,
			"details": [
				{"appName": "YouTube", "usage": 9},
				{"appName": "프렌즈타운", "usage": 4},
				{"appName": "Facebook", "usage": 1},
				{"appName": "Instagram", "usage": 1},
				{"appName": "SNOW", "usage": 1},
				{"appName": "PAYCO", "usage": 1},
				{"appName": "NAVER", "usage": 0},
				{"appName": "Messenger", "usage": 0},
				{"appName": "시계", "usage": 0},
				{"appName": "통화", "usage": 0},
				{"appName": "지도", "usage": 0},
				{"appName": "카메라", "usage": 0},
				{"appName": "카카오맵", "usage": 0},
				{"appName": "Samsung Pay", "usage": 0},
				{"appName": "삼성 인터넷", "usage": 0},
				{"appName": "네이버 웹툰", "usage": 0},
				{"appName": "캘린더", "usage": 0},
				{"appName": "스프레드시트", "usage": 0},
				{"appName": "편한가계부", "usage": 0},
				{"appName": "메시지", "usage": 0},
				{"appName": "Paco", "usage": 0},
				{"appName": "설정", "usage": 0},
				{"appName": "갤러리", "usage": 0},
				{"appName": "신한 쏠(SOL)", "usage": 0},
				{"appName": "카카오톡", "usage": 0},
				{"appName": "야놀자", "usage": 0},
				{"appName": "계산기", "usage": 0},
				{"appName": "KAIST Portal", "usage": 0},
				{"appName": "토스", "usage": 0},
				{"appName": "Google Play 게임", "usage": 0},
				{"appName": "Samsung Experience 홈", "usage": 0},
				{"appName": "패키지 설치 프로그램", "usage": 0},
				{"appName": "Google Play 스토어", "usage": 0},
				{"appName": "카카오뱅크", "usage": 0},
				{"appName": "접근성", "usage": 0},
				{"appName": "전화", "usage": 0},
				{"appName": "Google Play 서비스", "usage": 0},
				{"appName": "복부 근육 트레이팅", "usage": 0},
				{"appName": "한국장학재단", "usage": 0}
			]
		},
		"lastPickup": {"time": 0}
	},
	{
		"date": 4,
		"totalTime": {
			"usage": 305,
			"details": [
				{"appName": "프렌즈타운", "usage": 137},
				{"appName": "카카오톡", "usage": 36},
				{"appName": "Facebook", "usage": 25},
				{"appName": "Samsung Experience 홈", "usage": 12},
				{"appName": "Instagram", "usage": 11},
				{"appName": "갤러리", "usage": 9},
				{"appName": "롯데시네마", "usage": 9},
				{"appName": "통화", "usage": 8},
				{"appName": "NAVER", "usage": 7},
				{"appName": "카카오 T", "usage": 4},
				{"appName": "Paco", "usage": 4},
				{"appName": "AIA Vitality T건강걷기", "usage": 3},
				{"appName": "카메라", "usage": 3},
				{"appName": "삼성 인터넷", "usage": 2},
				{"appName": "카카오뱅크", "usage": 2},
				{"appName": "한국장학재단", "usage": 2},
				{"appName": "내 파일", "usage": 1},
				{"appName": "Samsung Health", "usage": 0},
				{"appName": "YouTube Music", "usage": 0},
				{"appName": "Polar Beat", "usage": 0},
				{"appName": "YouTube", "usage": 0},
				{"appName": "신한 쏠(SOL)", "usage": 0},
				{"appName": "시계", "usage": 0},
				{"appName": "메시지", "usage": 0},
				{"appName": "전화", "usage": 0},
				{"appName": "Samsung Pay", "usage": 0},
				{"appName": "지도", "usage": 0},
				{"appName": "KAIST Library", "usage": 0},
				{"appName": "SNOW", "usage": 0},
				{"appName": "설정", "usage": 0},
				{"appName": "캘린더", "usage": 0},
				{"appName": "KAIST Portal", "usage": 0},
				{"appName": "접근성", "usage": 0},
				{"appName": "안드로이드 시스템", "usage": 0},
				{"appName": "패키지 설치 프로그램", "usage": 0},
				{"appName": "Messenger", "usage": 0},
				{"appName": "파인더", "usage": 0},
				{"appName": "Google Play 서비스", "usage": 0},
				{"appName": "복부 근육 트레이팅", "usage": 0},
				{"appName": "코디북", "usage": 0}
			]
		},
		"pickups": {"usage": 174},
		"downTime": {
			"usage": [
				{"hour": "0", "usage": 1},
				{"hour": "1", "usage": 24},
				{"hour": "2", "usage": 27},
				{"hour": "3", "usage": 27},
				{"hour": "4", "usage": 0},
				{"hour": "6", "usage": 6},
				{"hour": "7", "usage": 26},
				{"hour": "8", "usage": 21},
				{"hour": "9", "usage": 31},
				{"hour": "10", "usage": 38},
				{"hour": "11", "usage": 2},
				{"hour": "12", "usage": 26},
				{"hour": "13", "usage": 8},
				{"hour": "14", "usage": 1},
				{"hour": "15", "usage": 0},
				{"hour": "16", "usage": 2},
				{"hour": "17", "usage": 50},
				{"hour": "18", "usage": 8},
				{"hour": "23", "usage": 0}
			],
			"details": [
				{"appName": "카카오톡", "usage": [0, 1, 2, 3, 6, 7, 8, 9, 10, 12, 13, 14, 15, 16, 17]},
				{"appName": "Samsung Experience 홈", "usage": [0, 1, 2, 3, 7, 8, 9, 10, 11, 12, 13, 14, 15, 17, 18]},
				{"appName": "프렌즈타운", "usage": [1, 2, 7, 9, 10, 12, 17, 18]},
				{"appName": "Paco", "usage": [2, 3, 7, 8, 9, 10, 11, 12]},
				{"appName": "갤러리", "usage": [3, 6, 7, 8, 17]},
				{"appName": "통화", "usage": [8, 9, 10, 12]},
				{"appName": "NAVER", "usage": [3, 7, 8, 10]},
				{"appName": "Facebook", "usage": [2, 3, 9, 10]},
				{"appName": "카메라", "usage": [6, 7, 8]},
				{"appName": "전화", "usage": [9, 10, 12]},
				{"appName": "시계", "usage": [0, 1, 17]},
				{"appName": "YouTube", "usage": [7, 8, 10]},
				{"appName": "Instagram", "usage": [8, 10, 11]},
				{"appName": "접근성", "usage": [2, 10]},
				{"appName": "설정", "usage": [2, 10]},
				{"appName": "삼성 인터넷", "usage": [7, 10]},
				{"appName": "복부 근육 트레이팅", "usage": [2, 7]},
				{"appName": "메시지", "usage": [7, 17]},
				{"appName": "롯데시네마", "usage": [2, 3]},
				{"appName": "내 파일", "usage": [7, 8]},
				{"appName": "Polar Beat", "usage": [2, 9]},
				{"appName": "한국장학재단", "usage": [10]},
				{"appName": "패키지 설치 프로그램", "usage": [10]},
				{"appName": "파인더", "usage": [3]},
				{"appName": "코디북", "usage": [11]},
				{"appName": "캘린더", "usage": [2]},
				{"appName": "카카오뱅크", "usage": [10]},
				{"appName": "카카오 T", "usage": [9]},
				{"appName": "지도", "usage": [2]},
				{"appName": "안드로이드 시스템", "usage": [10]},
				{"appName": "신한 쏠(SOL)", "usage": [10]},
				{"appName": "YouTube Music", "usage": [8]},
				{"appName": "Samsung Pay", "usage": [2]},
				{"appName": "Samsung Health", "usage": [13]},
				{"appName": "SNOW", "usage": [3]},
				{"appName": "Messenger", "usage": [1]},
				{"appName": "KAIST Library", "usage": [10]},
				{"appName": "KAIST Portal", "usage": [10]},
				{"appName": "Google Play 서비스", "usage": [11]},
				{"appName": "AIA Vitality T건강걷기", "usage": [13]}
			]
		},
		"maxTime": {
			"usage": 33,
			"details": [
				{"appName": "프렌즈타운", "usage": 31},
				{"appName": "Facebook", "usage": 8},
				{"appName": "갤러리", "usage": 6},
				{"appName": "Instagram", "usage": 4},
				{"appName": "카카오 T", "usage": 2},
				{"appName": "NAVER", "usage": 2},
				{"appName": "카카오톡", "usage": 2},
				{"appName": "통화", "usage": 2},
				{"appName": "카메라", "usage": 2},
				{"appName": "롯데시네마", "usage": 1},
				{"appName": "Samsung Experience 홈", "usage": 1},
				{"appName": "한국장학재단", "usage": 1},
				{"appName": "삼성 인터넷", "usage": 1},
				{"appName": "AIA Vitality T건강걷기", "usage": 1},
				{"appName": "YouTube Music", "usage": 0},
				{"appName": "카카오뱅크", "usage": 0},
				{"appName": "내 파일", "usage": 0},
				{"appName": "Paco", "usage": 0},
				{"appName": "메시지", "usage": 0},
				{"appName": "Polar Beat", "usage": 0},
				{"appName": "신한 쏠(SOL)", "usage": 0},
				{"appName": "Samsung Health", "usage": 0},
				{"appName": "YouTube", "usage": 0},
				{"appName": "SNOW", "usage": 0},
				{"appName": "Samsung Pay", "usage": 0},
				{"appName": "지도", "usage": 0},
				{"appName": "전화", "usage": 0},
				{"appName": "KAIST Library", "usage": 0},
				{"appName": "시계", "usage": 0},
				{"appName": "캘린더", "usage": 0},
				{"appName": "KAIST Portal", "usage": 0},
				{"appName": "설정", "usage": 0},
				{"appName": "안드로이드 시스템", "usage": 0},
				{"appName": "접근성", "usage": 0},
				{"appName": "Messenger", "usage": 0},
				{"appName": "파인더", "usage": 0},
				{"appName": "Google Play 서비스", "usage": 0},
				{"appName": "패키지 설치 프로그램", "usage": 0},
				{"appName": "복부 근육 트레이팅", "usage": 0},
				{"appName": "코디북", "usage": 0}
			]
		},
		"avgTime": {
			"usage": 1,
			"details": [
				{"appName": "프렌즈타운", "usage": 15},
				{"appName": "통화", "usage": 0},
				{"appName": "Facebook", "usage": 0},
				{"appName": "갤러리", "usage": 0},
				{"appName": "삼성 인터넷", "usage": 0},
				{"appName": "Instagram", "usage": 0},
				{"appName": "YouTube Music", "usage": 0},
				{"appName": "카메라", "usage": 0},
				{"appName": "내 파일", "usage": 0},
				{"appName": "NAVER", "usage": 0},
				{"appName": "롯데시네마", "usage": 0},
				{"appName": "메시지", "usage": 0},
				{"appName": "한국장학재단", "usage": 0},
				{"appName": "카카오 T", "usage": 0},
				{"appName": "지도", "usage": 0},
				{"appName": "카카오뱅크", "usage": 0},
				{"appName": "SNOW", "usage": 0},
				{"appName": "AIA Vitality T건강걷기", "usage": 0},
				{"appName": "카카오톡", "usage": 0},
				{"appName": "Paco", "usage": 0},
				{"appName": "Polar Beat", "usage": 0},
				{"appName": "Samsung Pay", "usage": 0},
				{"appName": "YouTube", "usage": 0},
				{"appName": "Samsung Experience 홈", "usage": 0},
				{"appName": "KAIST Library", "usage": 0},
				{"appName": "전화", "usage": 0},
				{"appName": "Samsung Health", "usage": 0},
				{"appName": "신한 쏠(SOL)", "usage": 0},
				{"appName": "캘린더", "usage": 0},
				{"appName": "시계", "usage": 0},
				{"appName": "안드로이드 시스템", "usage": 0},
				{"appName": "Messenger", "usage": 0},
				{"appName": "접근성", "usage": 0},
				{"appName": "KAIST Portal", "usage": 0},
				{"appName": "설정", "usage": 0},
				{"appName": "파인더", "usage": 0},
				{"appName": "패키지 설치 프로그램", "usage": 0},
				{"appName": "Google Play 서비스", "usage": 0},
				{"appName": "복부 근육 트레이팅", "usage": 0},
				{"appName": "코디북", "usage": 0}
			]
		},
		"lastPickup": {"time": 0}
	},
	{
		"date": 5,
		"totalTime": {
			"usage": 439,
			"details": [
				{"appName": "Facebook", "usage": 83},
				{"appName": "프렌즈타운", "usage": 27},
				{"appName": "카카오톡", "usage": 21},
				{"appName": "YouTube", "usage": 20},
				{"appName": "직방", "usage": 19},
				{"appName": "Samsung Experience 홈", "usage": 16},
				{"appName": "Paco", "usage": 4},
				{"appName": "통화", "usage": 4},
				{"appName": "Instagram", "usage": 2},
				{"appName": "YouTube Music", "usage": 1},
				{"appName": "신한 쏠(SOL)", "usage": 0},
				{"appName": "메시지", "usage": 0},
				{"appName": "캘린더", "usage": 0},
				{"appName": "시계", "usage": 0},
				{"appName": "Polar Beat", "usage": 0},
				{"appName": "ABC Logger", "usage": 0},
				{"appName": "전화", "usage": 0},
				{"appName": "Dropsync", "usage": 0},
				{"appName": "날씨", "usage": 0},
				{"appName": "카메라", "usage": 0},
				{"appName": "KAIST Library", "usage": 0},
				{"appName": "NAVER", "usage": 0},
				{"appName": "Google Play 스토어", "usage": 0},
				{"appName": "설정", "usage": 0},
				{"appName": "Samsung Pay", "usage": 0},
				{"appName": "KAIST Portal", "usage": 0},
				{"appName": "Logger", "usage": 0},
				{"appName": "패키지 설치 프로그램", "usage": 0},
				{"appName": "복부 근육 트레이팅", "usage": 0},
				{"appName": "접근성", "usage": 0},
				{"appName": "The Day Before", "usage": 0}
			]
		},
		"pickups": {"usage": 189},
		"downTime": {
			"usage": [
				{"hour": "0", "usage": 0},
				{"hour": "1", "usage": 10},
				{"hour": "2", "usage": 13},
				{"hour": "3", "usage": 43},
				{"hour": "4", "usage": 6},
				{"hour": "5", "usage": 45},
				{"hour": "6", "usage": 20},
				{"hour": "7", "usage": 8},
				{"hour": "8", "usage": 2},
				{"hour": "9", "usage": 28},
				{"hour": "10", "usage": 9},
				{"hour": "11", "usage": 14},
				{"hour": "12", "usage": 50},
				{"hour": "13", "usage": 7},
				{"hour": "14", "usage": 1},
				{"hour": "15", "usage": 0},
				{"hour": "16", "usage": 52},
				{"hour": "17", "usage": 60},
				{"hour": "18", "usage": 58},
				{"hour": "19", "usage": 1},
				{"hour": "21", "usage": 0},
				{"hour": "22", "usage": 0},
				{"hour": "23", "usage": 3}
			],
			"details": [
				{"appName": "Samsung Experience 홈", "usage": [0, 2, 3, 4, 5, 6, 7, 8, 9, 10, 11, 12, 13, 14, 18, 19, 21, 22, 23]},
				{"appName": "카카오톡", "usage": [2, 3, 4, 5, 6, 7, 8, 9, 11, 12, 14, 18, 23]},
				{"appName": "Paco", "usage": [3, 4, 7, 9, 11, 12, 13]},
				{"appName": "Facebook", "usage": [2, 3, 4, 5, 6, 9]},
				{"appName": "통화", "usage": [5, 6, 11, 12, 14]},
				{"appName": "캘린더", "usage": [3, 8, 9, 10, 22]},
				{"appName": "시계", "usage": [0, 18, 21, 22]},
				{"appName": "Polar Beat", "usage": [3, 7, 9, 18]},
				{"appName": "패키지 설치 프로그램", "usage": [9, 13, 18]},
				{"appName": "전화", "usage": [5, 12, 14]},
				{"appName": "복부 근육 트레이팅", "usage": [10, 11, 18]},
				{"appName": "메시지", "usage": [9, 12, 14]},
				{"appName": "Dropsync", "usage": [11, 12, 18]},
				{"appName": "ABC Logger", "usage": [11, 12, 18]},
				{"appName": "프렌즈타운", "usage": [2, 3]},
				{"appName": "직방", "usage": [9, 13]},
				{"appName": "설정", "usage": [3, 18]},
				{"appName": "YouTube", "usage": [18, 19]},
				{"appName": "Samsung Pay", "usage": [3, 11]},
				{"appName": "카메라", "usage": [3]},
				{"appName": "접근성", "usage": [3]},
				{"appName": "신한 쏠(SOL)", "usage": [12]},
				{"appName": "날씨", "usage": [3]},
				{"appName": "YouTube Music", "usage": [18]},
				{"appName": "The Day Before", "usage": [18]},
				{"appName": "NAVER", "usage": [3]},
				{"appName": "Logger", "usage": [18]},
				{"appName": "KAIST Library", "usage": [4]},
				{"appName": "KAIST Portal", "usage": [3]},
				{"appName": "Instagram", "usage": [4]},
				{"appName": "Google Play 스토어", "usage": [5]}
			]
		},
		"maxTime": {
			"usage": 146,
			"details": [
				{"appName": "Facebook", "usage": 36},
				{"appName": "프렌즈타운", "usage": 20},
				{"appName": "YouTube", "usage": 17},
				{"appName": "직방", "usage": 10},
				{"appName": "Samsung Experience 홈", "usage": 7},
				{"appName": "Instagram", "usage": 1},
				{"appName": "YouTube Music", "usage": 1},
				{"appName": "Paco", "usage": 1},
				{"appName": "통화", "usage": 1},
				{"appName": "카카오톡", "usage": 1},
				{"appName": "메시지", "usage": 0},
				{"appName": "날씨", "usage": 0},
				{"appName": "신한 쏠(SOL)", "usage": 0},
				{"appName": "캘린더", "usage": 0},
				{"appName": "Polar Beat", "usage": 0},
				{"appName": "시계", "usage": 0},
				{"appName": "카메라", "usage": 0},
				{"appName": "ABC Logger", "usage": 0},
				{"appName": "NAVER", "usage": 0},
				{"appName": "Dropsync", "usage": 0},
				{"appName": "KAIST Library", "usage": 0},
				{"appName": "전화", "usage": 0},
				{"appName": "Google Play 스토어", "usage": 0},
				{"appName": "Logger", "usage": 0},
				{"appName": "설정", "usage": 0},
				{"appName": "KAIST Portal", "usage": 0},
				{"appName": "Samsung Pay", "usage": 0},
				{"appName": "패키지 설치 프로그램", "usage": 0},
				{"appName": "접근성", "usage": 0},
				{"appName": "복부 근육 트레이팅", "usage": 0},
				{"appName": "The Day Before", "usage": 0}
			]
		},
		"avgTime": {
			"usage": 2,
			"details": [
				{"appName": "프렌즈타운", "usage": 6},
				{"appName": "직방", "usage": 2},
				{"appName": "Facebook", "usage": 2},
				{"appName": "YouTube", "usage": 1},
				{"appName": "YouTube Music", "usage": 1},
				{"appName": "통화", "usage": 0},
				{"appName": "날씨", "usage": 0},
				{"appName": "카메라", "usage": 0},
				{"appName": "메시지", "usage": 0},
				{"appName": "Instagram", "usage": 0},
				{"appName": "Samsung Experience 홈", "usage": 0},
				{"appName": "Paco", "usage": 0},
				{"appName": "Dropsync", "usage": 0},
				{"appName": "KAIST Library", "usage": 0},
				{"appName": "카카오톡", "usage": 0},
				{"appName": "신한 쏠(SOL)", "usage": 0},
				{"appName": "Polar Beat", "usage": 0},
				{"appName": "시계", "usage": 0},
				{"appName": "NAVER", "usage": 0},
				{"appName": "ABC Logger", "usage": 0},
				{"appName": "KAIST Portal", "usage": 0},
				{"appName": "캘린더", "usage": 0},
				{"appName": "Samsung Pay", "usage": 0},
				{"appName": "Logger", "usage": 0},
				{"appName": "전화", "usage": 0},
				{"appName": "패키지 설치 프로그램", "usage": 0},
				{"appName": "설정", "usage": 0},
				{"appName": "접근성", "usage": 0},
				{"appName": "Google Play 스토어", "usage": 0},
				{"appName": "복부 근육 트레이팅", "usage": 0},
				{"appName": "The Day Before", "usage": 0}
			]
		},
		"lastPickup": {"time": 0}
	},
	{
		"date": 6,
		"totalTime": {
			"usage": 294,
			"details": [
				{"appName": "카카오톡", "usage": 97},
				{"appName": "Facebook", "usage": 35},
				{"appName": "Samsung Experience 홈", "usage": 30},
				{"appName": "갤러리", "usage": 20},
				{"appName": "직방", "usage": 15},
				{"appName": "Instagram", "usage": 11},
				{"appName": "프렌즈타운", "usage": 10},
				{"appName": "통화", "usage": 10},
				{"appName": "YouTube Music", "usage": 5},
				{"appName": "Dropbox", "usage": 5},
				{"appName": "NAVER", "usage": 5},
				{"appName": "Paco", "usage": 3},
				{"appName": "에어비앤비", "usage": 2},
				{"appName": "CamScanner", "usage": 2},
				{"appName": "캘린더", "usage": 2},
				{"appName": "KLMS", "usage": 2},
				{"appName": "설정", "usage": 1},
				{"appName": "메시지", "usage": 1},
				{"appName": "날씨", "usage": 1},
				{"appName": "시계", "usage": 0},
				{"appName": "토스", "usage": 0},
				{"appName": "에브리타임", "usage": 0},
				{"appName": "Polar Beat", "usage": 0},
				{"appName": "KAIST Portal", "usage": 0},
				{"appName": "스프레드시트", "usage": 0},
				{"appName": "계산기", "usage": 0},
				{"appName": "전화", "usage": 0},
				{"appName": "스마트택배", "usage": 0},
				{"appName": "ABC Logger", "usage": 0},
				{"appName": "접근성", "usage": 0},
				{"appName": "카카오뱅크", "usage": 0},
				{"appName": "카메라", "usage": 0},
				{"appName": "Logger", "usage": 0},
				{"appName": "Samsung Pay", "usage": 0},
				{"appName": "The Day Before", "usage": 0},
				{"appName": "Google Play 서비스", "usage": 0},
				{"appName": "패키지 설치 프로그램", "usage": 0},
				{"appName": "복부 근육 트레이팅", "usage": 0},
				{"appName": "한국장학재단", "usage": 0}
			]
		},
		"pickups": {"usage": 218},
		"downTime": {
			"usage": [
				{"hour": "0", "usage": 8},
				{"hour": "1", "usage": 12},
				{"hour": "2", "usage": 19},
				{"hour": "3", "usage": 43},
				{"hour": "4", "usage": 14},
				{"hour": "5", "usage": 17},
				{"hour": "6", "usage": 31},
				{"hour": "7", "usage": 15},
				{"hour": "8", "usage": 40},
				{"hour": "9", "usage": 5},
				{"hour": "10", "usage": 1},
				{"hour": "12", "usage": 2},
				{"hour": "13", "usage": 13},
				{"hour": "14", "usage": 4},
				{"hour": "15", "usage": 42},
				{"hour": "16", "usage": 12},
				{"hour": "17", "usage": 0},
				{"hour": "20", "usage": 0},
				{"hour": "21", "usage": 6},
				{"hour": "22", "usage": 0},
				{"hour": "23", "usage": 0}
			],
			"details": [
				{"appName": "Samsung Experience 홈", "usage": [0, 1, 2, 3, 4, 5, 6, 7, 8, 9, 10, 11, 12, 13, 14, 15, 16, 21]},
				{"appName": "카카오톡", "usage": [0, 1, 2, 3, 4, 5, 6, 7, 8, 9, 12, 13, 14, 15, 21]},
				{"appName": "Paco", "usage": [1, 2, 3, 4, 5, 6, 7, 12, 13, 21]},
				{"appName": "Facebook", "usage": [2, 3, 6, 8, 14, 15, 16, 17, 20, 21]},
				{"appName": "캘린더", "usage": [0, 2, 3, 5, 9, 10, 22, 23]},
				{"appName": "메시지", "usage": [0, 2, 3, 5, 6]},
				{"appName": "NAVER", "usage": [0, 2, 6, 7, 21]},
				{"appName": "통화", "usage": [2, 6, 8, 15]},
				{"appName": "전화", "usage": [2, 8, 14, 15]},
				{"appName": "KLMS", "usage": [0, 1, 5, 8]},
				{"appName": "접근성", "usage": [9, 15, 21]},
				{"appName": "시계", "usage": [16, 20, 21]},
				{"appName": "설정", "usage": [9, 15, 21]},
				{"appName": "Polar Beat", "usage": [0, 9, 21]},
				{"appName": "Instagram", "usage": [3, 4, 8]},
				{"appName": "ABC Logger", "usage": [6, 9, 13]},
				{"appName": "토스", "usage": [2, 4]},
				{"appName": "카메라", "usage": [7, 13]},
				{"appName": "복부 근육 트레이팅", "usage": [11, 13]},
				{"appName": "날씨", "usage": [6, 21]},
				{"appName": "계산기", "usage": [3, 5]},
				{"appName": "YouTube Music", "usage": [8, 9]},
				{"appName": "KAIST Portal", "usage": [2, 3]},
				{"appName": "CamScanner", "usage": [4, 5]},
				{"appName": "한국장학재단", "usage": [17]},
				{"appName": "프렌즈타운", "usage": [13]},
				{"appName": "패키지 설치 프로그램", "usage": [21]},
				{"appName": "카카오뱅크", "usage": [7]},
				{"appName": "직방", "usage": [3]},
				{"appName": "에어비앤비", "usage": [15]},
				{"appName": "에브리타임", "usage": [6]},
				{"appName": "스프레드시트", "usage": [8]},
				{"appName": "스마트택배", "usage": [21]},
				{"appName": "갤러리", "usage": [8]},
				{"appName": "The Day Before", "usage": [16]},
				{"appName": "Samsung Pay", "usage": [2]},
				{"appName": "Logger", "usage": [21]},
				{"appName": "Google Play 서비스", "usage": [0]},
				{"appName": "Dropbox", "usage": [5]}
			]
		},
		"maxTime": {
			"usage": 32,
			"details": [
				{"appName": "카카오톡", "usage": 14},
				{"appName": "직방", "usage": 9},
				{"appName": "갤러리", "usage": 8},
				{"appName": "프렌즈타운", "usage": 8},
				{"appName": "통화", "usage": 7},
				{"appName": "Facebook", "usage": 6},
				{"appName": "YouTube Music", "usage": 5},
				{"appName": "Instagram", "usage": 5},
				{"appName": "Samsung Experience 홈", "usage": 4},
				{"appName": "NAVER", "usage": 1},
				{"appName": "에어비앤비", "usage": 0},
				{"appName": "날씨", "usage": 0},
				{"appName": "Dropbox", "usage": 0},
				{"appName": "CamScanner", "usage": 0},
				{"appName": "캘린더", "usage": 0},
				{"appName": "설정", "usage": 0},
				{"appName": "메시지", "usage": 0},
				{"appName": "Paco", "usage": 0},
				{"appName": "에브리타임", "usage": 0},
				{"appName": "스프레드시트", "usage": 0},
				{"appName": "시계", "usage": 0},
				{"appName": "KLMS", "usage": 0},
				{"appName": "Polar Beat", "usage": 0},
				{"appName": "계산기", "usage": 0},
				{"appName": "토스", "usage": 0},
				{"appName": "KAIST Portal", "usage": 0},
				{"appName": "카카오뱅크", "usage": 0},
				{"appName": "카메라", "usage": 0},
				{"appName": "접근성", "usage": 0},
				{"appName": "ABC Logger", "usage": 0},
				{"appName": "스마트택배", "usage": 0},
				{"appName": "Samsung Pay", "usage": 0},
				{"appName": "전화", "usage": 0},
				{"appName": "Logger", "usage": 0},
				{"appName": "The Day Before", "usage": 0},
				{"appName": "Google Play 서비스", "usage": 0},
				{"appName": "패키지 설치 프로그램", "usage": 0},
				{"appName": "한국장학재단", "usage": 0},
				{"appName": "복부 근육 트레이팅", "usage": 0}
			]
		},
		"avgTime": {
			"usage": 1,
			"details": [
				{"appName": "YouTube Music", "usage": 5},
				{"appName": "갤러리", "usage": 5},
				{"appName": "프렌즈타운", "usage": 3},
				{"appName": "직방", "usage": 3},
				{"appName": "통화", "usage": 1},
				{"appName": "Facebook", "usage": 0},
				{"appName": "Instagram", "usage": 0},
				{"appName": "날씨", "usage": 0},
				{"appName": "에어비앤비", "usage": 0},
				{"appName": "스프레드시트", "usage": 0},
				{"appName": "카카오톡", "usage": 0},
				{"appName": "NAVER", "usage": 0},
				{"appName": "Samsung Experience 홈", "usage": 0},
				{"appName": "Dropbox", "usage": 0},
				{"appName": "메시지", "usage": 0},
				{"appName": "에브리타임", "usage": 0},
				{"appName": "카메라", "usage": 0},
				{"appName": "계산기", "usage": 0},
				{"appName": "Samsung Pay", "usage": 0},
				{"appName": "Paco", "usage": 0},
				{"appName": "KLMS", "usage": 0},
				{"appName": "KAIST Portal", "usage": 0},
				{"appName": "CamScanner", "usage": 0},
				{"appName": "시계", "usage": 0},
				{"appName": "설정", "usage": 0},
				{"appName": "캘린더", "usage": 0},
				{"appName": "Polar Beat", "usage": 0},
				{"appName": "토스", "usage": 0},
				{"appName": "ABC Logger", "usage": 0},
				{"appName": "전화", "usage": 0},
				{"appName": "Logger", "usage": 0},
				{"appName": "스마트택배", "usage": 0},
				{"appName": "접근성", "usage": 0},
				{"appName": "카카오뱅크", "usage": 0},
				{"appName": "Google Play 서비스", "usage": 0},
				{"appName": "The Day Before", "usage": 0},
				{"appName": "패키지 설치 프로그램", "usage": 0},
				{"appName": "한국장학재단", "usage": 0},
				{"appName": "복부 근육 트레이팅", "usage": 0}
			]
		},
		"lastPickup": {"time": 0}
	},
	{
		"date": 7,
		"totalTime": {
			"usage": 794,
			"details": [
				{"appName": "프렌즈타운", "usage": 36},
				{"appName": "카카오톡", "usage": 30},
				{"appName": "Samsung Experience 홈", "usage": 27},
				{"appName": "YouTube", "usage": 20},
				{"appName": "통화", "usage": 18},
				{"appName": "SNOW", "usage": 7},
				{"appName": "삼성 인터넷", "usage": 5},
				{"appName": "Facebook", "usage": 4},
				{"appName": "편한가계부", "usage": 3},
				{"appName": "Paco", "usage": 2},
				{"appName": "토스", "usage": 1},
				{"appName": "메시지", "usage": 1},
				{"appName": "카카오뱅크", "usage": 1},
				{"appName": "전화", "usage": 1},
				{"appName": "Samsung Pay", "usage": 1},
				{"appName": "카메라", "usage": 0},
				{"appName": "설정", "usage": 0},
				{"appName": "계산기", "usage": 0},
				{"appName": "캘린더", "usage": 0},
				{"appName": "날씨", "usage": 0},
				{"appName": "YouTube Music", "usage": 0},
				{"appName": "ABC Logger", "usage": 0},
				{"appName": "Polar Beat", "usage": 0},
				{"appName": "Google", "usage": 0},
				{"appName": "갤러리", "usage": 0},
				{"appName": "스마트택배", "usage": 0},
				{"appName": "Instagram", "usage": 0},
				{"appName": "KAIST Portal", "usage": 0},
				{"appName": "패키지 설치 프로그램", "usage": 0},
				{"appName": "쿠팡", "usage": 0},
				{"appName": "접근성", "usage": 0},
				{"appName": "Google Play 스토어", "usage": 0},
				{"appName": "복부 근육 트레이팅", "usage": 0}
			]
		},
		"pickups": {"usage": 202},
		"downTime": {
			"usage": [
				{"hour": "0", "usage": 0},
				{"hour": "1", "usage": 0},
				{"hour": "2", "usage": 1},
				{"hour": "3", "usage": 2},
				{"hour": "4", "usage": 9},
				{"hour": "5", "usage": 17},
				{"hour": "6", "usage": 30},
				{"hour": "7", "usage": 22},
				{"hour": "8", "usage": 5},
				{"hour": "9", "usage": 28},
				{"hour": "10", "usage": 21},
				{"hour": "11", "usage": 13},
				{"hour": "12", "usage": 9},
				{"hour": "13", "usage": 30}
			],
			"details": [
				{"appName": "카카오톡", "usage": [0, 2, 3, 4, 5, 6, 7, 8, 9, 10, 11, 12, 13]},
				{"appName": "Samsung Experience 홈", "usage": [4, 5, 6, 7, 8, 9, 10, 11, 12, 13]},
				{"appName": "통화", "usage": [6, 7, 9, 10, 11, 13]},
				{"appName": "전화", "usage": [6, 7, 10, 11, 13]},
				{"appName": "메시지", "usage": [8, 10, 11, 12]},
				{"appName": "Paco", "usage": [4, 5, 6, 12]},
				{"appName": "프렌즈타운", "usage": [7, 8, 13]},
				{"appName": "카메라", "usage": [2, 4, 9]},
				{"appName": "설정", "usage": [7, 8, 9]},
				{"appName": "Samsung Pay", "usage": [9, 11, 13]},
				{"appName": "ABC Logger", "usage": [4, 5, 8]},
				{"appName": "SNOW", "usage": [11, 12]},
				{"appName": "Polar Beat", "usage": [4, 8]},
				{"appName": "Instagram", "usage": [4, 5]},
				{"appName": "Facebook", "usage": [5, 11]},
				{"appName": "편한가계부", "usage": [6]},
				{"appName": "패키지 설치 프로그램", "usage": [4]},
				{"appName": "토스", "usage": [6]},
				{"appName": "쿠팡", "usage": [6]},
				{"appName": "캘린더", "usage": [6]},
				{"appName": "카카오뱅크", "usage": [6]},
				{"appName": "접근성", "usage": [7]},
				{"appName": "스마트택배", "usage": [4]},
				{"appName": "삼성 인터넷", "usage": [10]},
				{"appName": "복부 근육 트레이팅", "usage": [11]},
				{"appName": "날씨", "usage": [5]},
				{"appName": "계산기", "usage": [6]},
				{"appName": "갤러리", "usage": [6]},
				{"appName": "YouTube Music", "usage": [8]},
				{"appName": "YouTube", "usage": [9]},
				{"appName": "KAIST Portal", "usage": [5]},
				{"appName": "Google Play 스토어", "usage": [6]},
				{"appName": "Google", "usage": [9]}
			]
		},
		"maxTime": {
			"usage": 602,
			"details": [
				{"appName": "YouTube", "usage": 19},
				{"appName": "프렌즈타운", "usage": 18},
				{"appName": "SNOW", "usage": 7},
				{"appName": "Samsung Experience 홈", "usage": 6},
				{"appName": "통화", "usage": 6},
				{"appName": "삼성 인터넷", "usage": 3},
				{"appName": "카카오톡", "usage": 2},
				{"appName": "토스", "usage": 1},
				{"appName": "Facebook", "usage": 1},
				{"appName": "편한가계부", "usage": 1},
				{"appName": "Samsung Pay", "usage": 1},
				{"appName": "카메라", "usage": 0},
				{"appName": "날씨", "usage": 0},
				{"appName": "계산기", "usage": 0},
				{"appName": "메시지", "usage": 0},
				{"appName": "전화", "usage": 0},
				{"appName": "YouTube Music", "usage": 0},
				{"appName": "Paco", "usage": 0},
				{"appName": "설정", "usage": 0},
				{"appName": "카카오뱅크", "usage": 0},
				{"appName": "ABC Logger", "usage": 0},
				{"appName": "갤러리", "usage": 0},
				{"appName": "캘린더", "usage": 0},
				{"appName": "Google", "usage": 0},
				{"appName": "Polar Beat", "usage": 0},
				{"appName": "Instagram", "usage": 0},
				{"appName": "스마트택배", "usage": 0},
				{"appName": "KAIST Portal", "usage": 0},
				{"appName": "패키지 설치 프로그램", "usage": 0},
				{"appName": "접근성", "usage": 0},
				{"appName": "쿠팡", "usage": 0},
				{"appName": "Google Play 스토어", "usage": 0},
				{"appName": "복부 근육 트레이팅", "usage": 0}
			]
		},
		"avgTime": {
			"usage": 3,
			"details": [
				{"appName": "YouTube", "usage": 4},
				{"appName": "프렌즈타운", "usage": 4},
				{"appName": "SNOW", "usage": 3},
				{"appName": "통화", "usage": 1},
				{"appName": "삼성 인터넷", "usage": 0},
				{"appName": "날씨", "usage": 0},
				{"appName": "Facebook", "usage": 0},
				{"appName": "계산기", "usage": 0},
				{"appName": "토스", "usage": 0},
				{"appName": "Samsung Pay", "usage": 0},
				{"appName": "카메라", "usage": 0},
				{"appName": "Samsung Experience 홈", "usage": 0},
				{"appName": "갤러리", "usage": 0},
				{"appName": "YouTube Music", "usage": 0},
				{"appName": "메시지", "usage": 0},
				{"appName": "편한가계부", "usage": 0},
				{"appName": "설정", "usage": 0},
				{"appName": "Paco", "usage": 0},
				{"appName": "카카오톡", "usage": 0},
				{"appName": "전화", "usage": 0},
				{"appName": "Polar Beat", "usage": 0},
				{"appName": "캘린더", "usage": 0},
				{"appName": "ABC Logger", "usage": 0},
				{"appName": "KAIST Portal", "usage": 0},
				{"appName": "Instagram", "usage": 0},
				{"appName": "패키지 설치 프로그램", "usage": 0},
				{"appName": "카카오뱅크", "usage": 0},
				{"appName": "Google", "usage": 0},
				{"appName": "스마트택배", "usage": 0},
				{"appName": "접근성", "usage": 0},
				{"appName": "쿠팡", "usage": 0},
				{"appName": "Google Play 스토어", "usage": 0},
				{"appName": "복부 근육 트레이팅", "usage": 0}
			]
		},
		"lastPickup": {"time": 602}
	}
]
