[
	{
		"date": 1,
		"totalTime": {
			"usage": 710,
			"details": [
				{"appName": "YouTube", "usage": 355},
				{"appName": "Duel Links", "usage": 97},
				{"appName": "Facebook", "usage": 64},
				{"appName": "카카오톡", "usage": 36},
				{"appName": "Chrome", "usage": 28},
				{"appName": "NAVER", "usage": 27},
				{"appName": "히어로칸타레", "usage": 24},
				{"appName": "네이버 웹툰", "usage": 22},
				{"appName": "Samsung Experience 홈", "usage": 17},
				{"appName": "Paco", "usage": 5},
				{"appName": "Polar Beat", "usage": 4},
				{"appName": "통화", "usage": 3},
				{"appName": "KLMS", "usage": 2},
				{"appName": "비디오 플레이어", "usage": 1},
				{"appName": "알바몬", "usage": 0},
				{"appName": "Google Play 스토어", "usage": 0},
				{"appName": "CLASSUM", "usage": 0},
				{"appName": "게임런처", "usage": 0},
				{"appName": "설정", "usage": 0},
				{"appName": "시계", "usage": 0},
				{"appName": "MTP 애플리케이션", "usage": 0},
				{"appName": "토스", "usage": 0},
				{"appName": "Logger", "usage": 0},
				{"appName": "전화", "usage": 0},
				{"appName": "접근성", "usage": 0},
				{"appName": "Dropsync", "usage": 0},
				{"appName": "Samsung Pay", "usage": 0},
				{"appName": "U+멤버스", "usage": 0},
				{"appName": "EML Reader FREE", "usage": 0},
				{"appName": "날씨", "usage": 0},
				{"appName": "패키지 설치 프로그램", "usage": 0}
			]
		},
		"pickups": {"usage": 236},
		"downTime": {
			"usage": [
				{"hour": "0", "usage": 3},
				{"hour": "1", "usage": 37},
				{"hour": "2", "usage": 38},
				{"hour": "3", "usage": 4},
				{"hour": "4", "usage": 8},
				{"hour": "5", "usage": 27},
				{"hour": "6", "usage": 22},
				{"hour": "7", "usage": 57},
				{"hour": "8", "usage": 32},
				{"hour": "9", "usage": 1},
				{"hour": "10", "usage": 29},
				{"hour": "11", "usage": 56},
				{"hour": "12", "usage": 1},
				{"hour": "13", "usage": 31},
				{"hour": "14", "usage": 12},
				{"hour": "15", "usage": 18},
				{"hour": "16", "usage": 57},
				{"hour": "17", "usage": 42},
				{"hour": "18", "usage": 50},
				{"hour": "19", "usage": 60},
				{"hour": "20", "usage": 60},
				{"hour": "21", "usage": 55}
			],
			"details": [
				{"appName": "Samsung Experience 홈", "usage": [0, 1, 2, 3, 4, 5, 6, 7, 8, 9, 10, 11, 12, 13, 14, 15, 16, 17, 18, 21]},
				{"appName": "YouTube", "usage": [1, 2, 7, 10, 11, 13, 14, 15, 17, 18, 19, 20, 21, 23]},
				{"appName": "Facebook", "usage": [0, 1, 4, 5, 6, 7, 8, 9, 10, 11, 12, 13, 14, 15]},
				{"appName": "카카오톡", "usage": [0, 4, 5, 6, 7, 8, 10, 12, 13, 15, 16, 18]},
				{"appName": "Paco", "usage": [1, 3, 4, 6, 7, 8, 9, 10, 11, 12, 13]},
				{"appName": "Chrome", "usage": [1, 5, 6, 7, 8, 10, 11, 16, 18]},
				{"appName": "Polar Beat", "usage": [0, 1, 5, 6, 7, 8, 11, 13]},
				{"appName": "네이버 웹툰", "usage": [1, 7, 8, 14, 15, 17, 18]},
				{"appName": "설정", "usage": [0, 7, 10, 13, 15]},
				{"appName": "게임런처", "usage": [7, 10, 11, 16, 18]},
				{"appName": "NAVER", "usage": [1, 5, 6, 8, 13]},
				{"appName": "히어로칸타레", "usage": [7, 10, 16, 18]},
				{"appName": "통화", "usage": [4, 7, 8, 15]},
				{"appName": "전화", "usage": [4, 7, 8, 15]},
				{"appName": "패키지 설치 프로그램", "usage": [0, 7, 13]},
				{"appName": "접근성", "usage": [0, 7, 13]},
				{"appName": "Logger", "usage": [0, 7, 13]},
				{"appName": "KLMS", "usage": [5, 6, 7]},
				{"appName": "Duel Links", "usage": [11, 16, 17]},
				{"appName": "시계", "usage": [13, 21]},
				{"appName": "Dropsync", "usage": [13, 15]},
				{"appName": "토스", "usage": [10]},
				{"appName": "알바몬", "usage": [8]},
				{"appName": "비디오 플레이어", "usage": [8]},
				{"appName": "날씨", "usage": [6]},
				{"appName": "U+멤버스", "usage": [4]},
				{"appName": "Samsung Pay", "usage": [10]},
				{"appName": "MTP 애플리케이션", "usage": [10]},
				{"appName": "Google Play 스토어", "usage": [7]},
				{"appName": "EML Reader FREE", "usage": [12]},
				{"appName": "CLASSUM", "usage": [5]}
			]
		},
		"maxTime": {
			"usage": 174,
			"details": [
				{"appName": "YouTube", "usage": 174},
				{"appName": "Duel Links", "usage": 45},
				{"appName": "NAVER", "usage": 8},
				{"appName": "히어로칸타레", "usage": 7},
				{"appName": "Chrome", "usage": 6},
				{"appName": "Facebook", "usage": 5},
				{"appName": "네이버 웹툰", "usage": 2},
				{"appName": "카카오톡", "usage": 2},
				{"appName": "Google Play 스토어", "usage": 0},
				{"appName": "비디오 플레이어", "usage": 0},
				{"appName": "통화", "usage": 0},
				{"appName": "Paco", "usage": 0},
				{"appName": "Polar Beat", "usage": 0},
				{"appName": "알바몬", "usage": 0},
				{"appName": "CLASSUM", "usage": 0},
				{"appName": "Samsung Experience 홈", "usage": 0},
				{"appName": "게임런처", "usage": 0},
				{"appName": "KLMS", "usage": 0},
				{"appName": "설정", "usage": 0},
				{"appName": "MTP 애플리케이션", "usage": 0},
				{"appName": "토스", "usage": 0},
				{"appName": "시계", "usage": 0},
				{"appName": "Samsung Pay", "usage": 0},
				{"appName": "Dropsync", "usage": 0},
				{"appName": "전화", "usage": 0},
				{"appName": "Logger", "usage": 0},
				{"appName": "접근성", "usage": 0},
				{"appName": "EML Reader FREE", "usage": 0},
				{"appName": "U+멤버스", "usage": 0},
				{"appName": "날씨", "usage": 0},
				{"appName": "패키지 설치 프로그램", "usage": 0}
			]
		},
		"avgTime": {
			"usage": 3,
			"details": [
				{"appName": "Duel Links", "usage": 19},
				{"appName": "YouTube", "usage": 5},
				{"appName": "히어로칸타레", "usage": 4},
				{"appName": "Chrome", "usage": 0},
				{"appName": "Facebook", "usage": 0},
				{"appName": "NAVER", "usage": 0},
				{"appName": "CLASSUM", "usage": 0},
				{"appName": "통화", "usage": 0},
				{"appName": "알바몬", "usage": 0},
				{"appName": "비디오 플레이어", "usage": 0},
				{"appName": "네이버 웹툰", "usage": 0},
				{"appName": "Paco", "usage": 0},
				{"appName": "Google Play 스토어", "usage": 0},
				{"appName": "토스", "usage": 0},
				{"appName": "Polar Beat", "usage": 0},
				{"appName": "Samsung Pay", "usage": 0},
				{"appName": "MTP 애플리케이션", "usage": 0},
				{"appName": "카카오톡", "usage": 0},
				{"appName": "KLMS", "usage": 0},
				{"appName": "Samsung Experience 홈", "usage": 0},
				{"appName": "시계", "usage": 0},
				{"appName": "Dropsync", "usage": 0},
				{"appName": "게임런처", "usage": 0},
				{"appName": "설정", "usage": 0},
				{"appName": "전화", "usage": 0},
				{"appName": "EML Reader FREE", "usage": 0},
				{"appName": "Logger", "usage": 0},
				{"appName": "날씨", "usage": 0},
				{"appName": "접근성", "usage": 0},
				{"appName": "U+멤버스", "usage": 0},
				{"appName": "패키지 설치 프로그램", "usage": 0}
			]
		},
		"lastPickup": {"time": 0}
	},
	{
		"date": 2,
		"totalTime": {
			"usage": 349,
			"details": [
				{"appName": "Duel Links", "usage": 72},
				{"appName": "Facebook", "usage": 61},
				{"appName": "NAVER", "usage": 41},
				{"appName": "카카오톡", "usage": 38},
				{"appName": "YouTube", "usage": 31},
				{"appName": "네이버 웹툰", "usage": 18},
				{"appName": "One UI 홈", "usage": 17},
				{"appName": "히어로칸타레", "usage": 15},
				{"appName": "통화", "usage": 10},
				{"appName": "Samsung Pay", "usage": 6},
				{"appName": "Paco", "usage": 3},
				{"appName": "Samsung Notes", "usage": 2},
				{"appName": "벅스", "usage": 1},
				{"appName": "시계", "usage": 1},
				{"appName": "Polar Beat", "usage": 0},
				{"appName": "Logger", "usage": 0},
				{"appName": "게임런처", "usage": 0},
				{"appName": "전화", "usage": 0},
				{"appName": "메시지", "usage": 0},
				{"appName": "후후-유플러스", "usage": 0},
				{"appName": "설정", "usage": 0},
				{"appName": "안드로이드 시스템", "usage": 0},
				{"appName": "카메라", "usage": 0},
				{"appName": "접근성", "usage": 0},
				{"appName": "김과외", "usage": 0},
				{"appName": "패키지 설치 프로그램", "usage": 0},
				{"appName": "Chrome", "usage": -46}
			]
		},
		"pickups": {"usage": 229},
		"downTime": {
			"usage": [
				{"hour": "0", "usage": 11},
				{"hour": "1", "usage": 34},
				{"hour": "2", "usage": 47},
				{"hour": "3", "usage": 57},
				{"hour": "4", "usage": 10},
				{"hour": "5", "usage": 0},
				{"hour": "7", "usage": 20},
				{"hour": "8", "usage": 29},
				{"hour": "9", "usage": 11},
				{"hour": "10", "usage": 43},
				{"hour": "11", "usage": 15},
				{"hour": "12", "usage": 7},
				{"hour": "13", "usage": 0},
				{"hour": "14", "usage": 40},
				{"hour": "15", "usage": 1},
				{"hour": "16", "usage": 0},
				{"hour": "17", "usage": 14},
				{"hour": "18", "usage": 2}
			],
			"details": [
				{"appName": "One UI 홈", "usage": [0, 1, 2, 3, 4, 7, 8, 9, 10, 11, 12, 13, 14, 15, 16, 17]},
				{"appName": "카카오톡", "usage": [1, 2, 3, 7, 8, 9, 10, 11, 12, 14, 15, 17, 19]},
				{"appName": "Facebook", "usage": [1, 2, 3, 8, 9, 10, 11, 12, 13, 14]},
				{"appName": "Paco", "usage": [1, 2, 3, 8, 9, 10, 12]},
				{"appName": "게임런처", "usage": [3, 4, 8, 9, 10, 11]},
				{"appName": "YouTube", "usage": [0, 1, 3, 4, 7, 8]},
				{"appName": "통화", "usage": [9, 12, 14, 17, 18]},
				{"appName": "히어로칸타레", "usage": [3, 8, 9, 11]},
				{"appName": "네이버 웹툰", "usage": [9, 10, 11, 14]},
				{"appName": "Samsung Pay", "usage": [14, 17, 18, 19]},
				{"appName": "NAVER", "usage": [1, 2, 10, 14]},
				{"appName": "패키지 설치 프로그램", "usage": [1, 12, 14]},
				{"appName": "전화", "usage": [8, 12, 14]},
				{"appName": "Polar Beat", "usage": [1, 8, 13]},
				{"appName": "Logger", "usage": [1, 12, 14]},
				{"appName": "Duel Links", "usage": [3, 4, 10]},
				{"appName": "후후-유플러스", "usage": [16, 17]},
				{"appName": "접근성", "usage": [1, 14]},
				{"appName": "설정", "usage": [1, 14]},
				{"appName": "벅스", "usage": [9, 10]},
				{"appName": "메시지", "usage": [12, 16]},
				{"appName": "Samsung Notes", "usage": [2, 14]},
				{"appName": "Chrome", "usage": [0, 2]},
				{"appName": "카메라", "usage": [8]},
				{"appName": "안드로이드 시스템", "usage": [2]},
				{"appName": "시계", "usage": [0]},
				{"appName": "김과외", "usage": [14]}
			]
		},
		"maxTime": {
			"usage": 49,
			"details": [
				{"appName": "Duel Links", "usage": 26},
				{"appName": "YouTube", "usage": 18},
				{"appName": "NAVER", "usage": 10},
				{"appName": "히어로칸타레", "usage": 7},
				{"appName": "Samsung Pay", "usage": 5},
				{"appName": "One UI 홈", "usage": 3},
				{"appName": "Facebook", "usage": 3},
				{"appName": "카카오톡", "usage": 2},
				{"appName": "네이버 웹툰", "usage": 1},
				{"appName": "통화", "usage": 0},
				{"appName": "Chrome", "usage": 0},
				{"appName": "벅스", "usage": 0},
				{"appName": "Samsung Notes", "usage": 0},
				{"appName": "시계", "usage": 0},
				{"appName": "Paco", "usage": 0},
				{"appName": "메시지", "usage": 0},
				{"appName": "Logger", "usage": 0},
				{"appName": "후후-유플러스", "usage": 0},
				{"appName": "게임런처", "usage": 0},
				{"appName": "전화", "usage": 0},
				{"appName": "Polar Beat", "usage": 0},
				{"appName": "카메라", "usage": 0},
				{"appName": "설정", "usage": 0},
				{"appName": "안드로이드 시스템", "usage": 0},
				{"appName": "김과외", "usage": 0},
				{"appName": "접근성", "usage": 0},
				{"appName": "패키지 설치 프로그램", "usage": 0}
			]
		},
		"avgTime": {
			"usage": 1,
			"details": [
				{"appName": "Duel Links", "usage": 18},
				{"appName": "히어로칸타레", "usage": 2},
				{"appName": "YouTube", "usage": 1},
				{"appName": "NAVER", "usage": 0},
				{"appName": "Facebook", "usage": 0},
				{"appName": "Samsung Pay", "usage": 0},
				{"appName": "통화", "usage": 0},
				{"appName": "Paco", "usage": 0},
				{"appName": "메시지", "usage": 0},
				{"appName": "네이버 웹툰", "usage": 0},
				{"appName": "Samsung Notes", "usage": 0},
				{"appName": "시계", "usage": 0},
				{"appName": "카메라", "usage": 0},
				{"appName": "One UI 홈", "usage": 0},
				{"appName": "카카오톡", "usage": 0},
				{"appName": "벅스", "usage": 0},
				{"appName": "전화", "usage": 0},
				{"appName": "안드로이드 시스템", "usage": 0},
				{"appName": "Logger", "usage": 0},
				{"appName": "설정", "usage": 0},
				{"appName": "김과외", "usage": 0},
				{"appName": "Polar Beat", "usage": 0},
				{"appName": "게임런처", "usage": 0},
				{"appName": "후후-유플러스", "usage": 0},
				{"appName": "접근성", "usage": 0},
				{"appName": "패키지 설치 프로그램", "usage": 0},
				{"appName": "Chrome", "usage": -9}
			]
		},
		"lastPickup": {"time": 0}
	},
	{
		"date": 3,
		"totalTime": {
			"usage": 604,
			"details": [
				{"appName": "YouTube", "usage": 226},
				{"appName": "Duel Links", "usage": 153},
				{"appName": "Facebook", "usage": 49},
				{"appName": "네이버 웹툰", "usage": 42},
				{"appName": "카카오톡", "usage": 38},
				{"appName": "NAVER", "usage": 18},
				{"appName": "히어로칸타레", "usage": 15},
				{"appName": "Chrome", "usage": 11},
				{"appName": "통화", "usage": 11},
				{"appName": "One UI 홈", "usage": 10},
				{"appName": "시계", "usage": 10},
				{"appName": "Samsung Pay", "usage": 4},
				{"appName": "Paco", "usage": 2},
				{"appName": "메시지", "usage": 1},
				{"appName": "U+멤버스", "usage": 0},
				{"appName": "토스", "usage": 0},
				{"appName": "게임런처", "usage": 0},
				{"appName": "Polar Beat", "usage": 0},
				{"appName": "전화", "usage": 0},
				{"appName": "Logger", "usage": 0},
				{"appName": "설정", "usage": 0},
				{"appName": "CamScanner", "usage": 0},
				{"appName": "Samsung Notes", "usage": 0},
				{"appName": "접근성", "usage": 0},
				{"appName": "Google Play 스토어", "usage": 0},
				{"appName": "카메라", "usage": 0},
				{"appName": "패키지 설치 프로그램", "usage": 0}
			]
		},
		"pickups": {"usage": 105},
		"downTime": {
			"usage": [
				{"hour": "0", "usage": 16},
				{"hour": "2", "usage": 2},
				{"hour": "3", "usage": 37},
				{"hour": "4", "usage": 6},
				{"hour": "5", "usage": 45},
				{"hour": "6", "usage": 46},
				{"hour": "7", "usage": 56},
				{"hour": "8", "usage": 22},
				{"hour": "9", "usage": 1},
				{"hour": "10", "usage": 34},
				{"hour": "11", "usage": 53},
				{"hour": "12", "usage": 60},
				{"hour": "13", "usage": 52},
				{"hour": "14", "usage": 43},
				{"hour": "15", "usage": 12},
				{"hour": "16", "usage": 9},
				{"hour": "17", "usage": 29},
				{"hour": "18", "usage": 20},
				{"hour": "19", "usage": 53},
				{"hour": "21", "usage": 0},
				{"hour": "23", "usage": 0}
			],
			"details": [
				{"appName": "One UI 홈", "usage": [0, 2, 4, 5, 6, 7, 8, 9, 10, 11, 12, 13, 14, 15, 16, 17, 18, 19]},
				{"appName": "카카오톡", "usage": [0, 2, 4, 5, 6, 7, 8, 10, 11, 12, 13, 14, 15, 16, 17]},
				{"appName": "YouTube", "usage": [2, 3, 4, 5, 6, 7, 11, 12, 13, 14, 16, 17, 18, 19]},
				{"appName": "Facebook", "usage": [5, 6, 8, 9, 10, 11, 13, 14, 15, 16, 17]},
				{"appName": "게임런처", "usage": [0, 5, 7, 10, 11, 12, 14, 18, 19]},
				{"appName": "통화", "usage": [0, 2, 4, 6, 7, 8, 10, 14]},
				{"appName": "Paco", "usage": [5, 6, 7, 8, 10, 11, 12]},
				{"appName": "Chrome", "usage": [0, 5, 10, 12, 13, 14]},
				{"appName": "히어로칸타레", "usage": [0, 5, 10, 14, 18]},
				{"appName": "네이버 웹툰", "usage": [8, 10, 14, 15, 16]},
				{"appName": "NAVER", "usage": [6, 10, 11, 13, 19]},
				{"appName": "Duel Links", "usage": [7, 11, 12, 18, 19]},
				{"appName": "전화", "usage": [0, 2, 4, 6]},
				{"appName": "설정", "usage": [2, 6, 13]},
				{"appName": "메시지", "usage": [4, 14, 17]},
				{"appName": "Polar Beat", "usage": [2, 4, 13]},
				{"appName": "Google Play 스토어", "usage": [8, 15, 17]},
				{"appName": "패키지 설치 프로그램", "usage": [2, 13]},
				{"appName": "토스", "usage": [5, 17]},
				{"appName": "접근성", "usage": [2, 13]},
				{"appName": "시계", "usage": [0, 19]},
				{"appName": "Logger", "usage": [2, 13]},
				{"appName": "카메라", "usage": [8]},
				{"appName": "U+멤버스", "usage": [8]},
				{"appName": "Samsung Pay", "usage": [0]},
				{"appName": "Samsung Notes", "usage": [5]},
				{"appName": "CamScanner", "usage": [6]}
			]
		},
		"maxTime": {
			"usage": 136,
			"details": [
				{"appName": "Duel Links", "usage": 48},
				{"appName": "YouTube", "usage": 37},
				{"appName": "NAVER", "usage": 10},
				{"appName": "히어로칸타레", "usage": 5},
				{"appName": "Chrome", "usage": 4},
				{"appName": "시계", "usage": 4},
				{"appName": "Facebook", "usage": 4},
				{"appName": "네이버 웹툰", "usage": 4},
				{"appName": "Samsung Pay", "usage": 4},
				{"appName": "카카오톡", "usage": 3},
				{"appName": "통화", "usage": 2},
				{"appName": "One UI 홈", "usage": 1},
				{"appName": "메시지", "usage": 0},
				{"appName": "U+멤버스", "usage": 0},
				{"appName": "Paco", "usage": 0},
				{"appName": "토스", "usage": 0},
				{"appName": "Polar Beat", "usage": 0},
				{"appName": "게임런처", "usage": 0},
				{"appName": "CamScanner", "usage": 0},
				{"appName": "전화", "usage": 0},
				{"appName": "Samsung Notes", "usage": 0},
				{"appName": "설정", "usage": 0},
				{"appName": "Logger", "usage": 0},
				{"appName": "카메라", "usage": 0},
				{"appName": "접근성", "usage": 0},
				{"appName": "Google Play 스토어", "usage": 0},
				{"appName": "패키지 설치 프로그램", "usage": 0}
			]
		},
		"avgTime": {
			"usage": 5,
			"details": [
				{"appName": "Duel Links", "usage": 25},
				{"appName": "YouTube", "usage": 3},
				{"appName": "히어로칸타레", "usage": 1},
				{"appName": "Chrome", "usage": 1},
				{"appName": "Facebook", "usage": 1},
				{"appName": "시계", "usage": 0},
				{"appName": "Samsung Pay", "usage": 0},
				{"appName": "NAVER", "usage": 0},
				{"appName": "통화", "usage": 0},
				{"appName": "메시지", "usage": 0},
				{"appName": "네이버 웹툰", "usage": 0},
				{"appName": "U+멤버스", "usage": 0},
				{"appName": "Paco", "usage": 0},
				{"appName": "CamScanner", "usage": 0},
				{"appName": "카카오톡", "usage": 0},
				{"appName": "One UI 홈", "usage": 0},
				{"appName": "토스", "usage": 0},
				{"appName": "Polar Beat", "usage": 0},
				{"appName": "카메라", "usage": 0},
				{"appName": "전화", "usage": 0},
				{"appName": "Samsung Notes", "usage": 0},
				{"appName": "Logger", "usage": 0},
				{"appName": "게임런처", "usage": 0},
				{"appName": "설정", "usage": 0},
				{"appName": "접근성", "usage": 0},
				{"appName": "Google Play 스토어", "usage": 0},
				{"appName": "패키지 설치 프로그램", "usage": 0}
			]
		},
		"lastPickup": {"time": 0}
	},
	{
		"date": 4,
		"totalTime": {
			"usage": 244,
			"details": [
				{"appName": "NAVER", "usage": 57},
				{"appName": "Facebook", "usage": 45},
				{"appName": "YouTube", "usage": 40},
				{"appName": "통화", "usage": 29},
				{"appName": "카카오톡", "usage": 16},
				{"appName": "네이버 웹툰", "usage": 13},
				{"appName": "One UI 홈", "usage": 13},
				{"appName": "시계", "usage": 4},
				{"appName": "Paco", "usage": 2},
				{"appName": "시외버스 모바일", "usage": 2},
				{"appName": "Polar Beat", "usage": 1},
				{"appName": "카메라", "usage": 1},
				{"appName": "전화", "usage": 1},
				{"appName": "설정", "usage": 0},
				{"appName": "Messenger", "usage": 0},
				{"appName": "Logger", "usage": 0},
				{"appName": "토스", "usage": 0},
				{"appName": "후후-유플러스", "usage": 0},
				{"appName": "Samsung Pay", "usage": 0},
				{"appName": "접근성", "usage": 0},
				{"appName": "Google Play 스토어", "usage": 0},
				{"appName": "삼성 캡처", "usage": 0},
				{"appName": "날씨", "usage": 0},
				{"appName": "갤러리", "usage": 0},
				{"appName": "Google Play 서비스", "usage": 0},
				{"appName": "패키지 설치 프로그램", "usage": 0}
			]
		},
		"pickups": {"usage": 242},
		"downTime": {
			"usage": [
				{"hour": "0", "usage": 5},
				{"hour": "1", "usage": 31},
				{"hour": "2", "usage": 11},
				{"hour": "3", "usage": 10},
				{"hour": "4", "usage": 10},
				{"hour": "5", "usage": 8},
				{"hour": "7", "usage": 12},
				{"hour": "8", "usage": 37},
				{"hour": "9", "usage": 14},
				{"hour": "10", "usage": 3},
				{"hour": "11", "usage": 10},
				{"hour": "13", "usage": 1},
				{"hour": "14", "usage": 20},
				{"hour": "15", "usage": 2},
				{"hour": "16", "usage": 27},
				{"hour": "17", "usage": 5},
				{"hour": "18", "usage": 28},
				{"hour": "19", "usage": 1}
			],
			"details": [
				{"appName": "One UI 홈", "usage": [0, 1, 2, 3, 4, 5, 7, 8, 9, 10, 11, 13, 14, 15, 16, 17, 18, 19]},
				{"appName": "카카오톡", "usage": [1, 2, 4, 5, 7, 8, 9, 10, 11, 13, 14, 15, 16, 17, 18, 19]},
				{"appName": "Facebook", "usage": [1, 2, 3, 4, 5, 7, 8, 9, 10, 11, 14, 15, 16, 19]},
				{"appName": "NAVER", "usage": [2, 3, 4, 5, 7, 8, 9, 10, 14, 16]},
				{"appName": "Paco", "usage": [1, 2, 3, 4, 7, 8, 9, 10, 11]},
				{"appName": "전화", "usage": [4, 7, 14, 17, 18]},
				{"appName": "YouTube", "usage": [1, 7, 8, 11, 14]},
				{"appName": "통화", "usage": [7, 14, 17, 18]},
				{"appName": "네이버 웹툰", "usage": [2, 8, 14, 18]},
				{"appName": "Samsung Pay", "usage": [3, 8, 15, 16]},
				{"appName": "패키지 설치 프로그램", "usage": [1, 7, 13]},
				{"appName": "시계", "usage": [0, 1, 7]},
				{"appName": "Polar Beat", "usage": [1, 7, 13]},
				{"appName": "Logger", "usage": [1, 7, 13]},
				{"appName": "카메라", "usage": [10, 11]},
				{"appName": "접근성", "usage": [1, 13]},
				{"appName": "시외버스 모바일", "usage": [2, 17]},
				{"appName": "설정", "usage": [1, 13]},
				{"appName": "삼성 캡처", "usage": [3, 18]},
				{"appName": "Messenger", "usage": [1, 8]},
				{"appName": "Google Play 스토어", "usage": [7, 14]},
				{"appName": "후후-유플러스", "usage": [1]},
				{"appName": "토스", "usage": [4]},
				{"appName": "날씨", "usage": [15]},
				{"appName": "갤러리", "usage": [11]},
				{"appName": "Google Play 서비스", "usage": [14]}
			]
		},
		"maxTime": {
			"usage": 26,
			"details": [
				{"appName": "NAVER", "usage": 26},
				{"appName": "통화", "usage": 15},
				{"appName": "YouTube", "usage": 10},
				{"appName": "Facebook", "usage": 5},
				{"appName": "시계", "usage": 1},
				{"appName": "네이버 웹툰", "usage": 1},
				{"appName": "카메라", "usage": 1},
				{"appName": "시외버스 모바일", "usage": 0},
				{"appName": "Polar Beat", "usage": 0},
				{"appName": "카카오톡", "usage": 0},
				{"appName": "One UI 홈", "usage": 0},
				{"appName": "설정", "usage": 0},
				{"appName": "Paco", "usage": 0},
				{"appName": "전화", "usage": 0},
				{"appName": "Messenger", "usage": 0},
				{"appName": "토스", "usage": 0},
				{"appName": "후후-유플러스", "usage": 0},
				{"appName": "Logger", "usage": 0},
				{"appName": "날씨", "usage": 0},
				{"appName": "갤러리", "usage": 0},
				{"appName": "삼성 캡처", "usage": 0},
				{"appName": "Samsung Pay", "usage": 0},
				{"appName": "Google Play 스토어", "usage": 0},
				{"appName": "접근성", "usage": 0},
				{"appName": "Google Play 서비스", "usage": 0},
				{"appName": "패키지 설치 프로그램", "usage": 0}
			]
		},
		"avgTime": {
			"usage": 1,
			"details": [
				{"appName": "통화", "usage": 3},
				{"appName": "YouTube", "usage": 1},
				{"appName": "NAVER", "usage": 0},
				{"appName": "카메라", "usage": 0},
				{"appName": "Facebook", "usage": 0},
				{"appName": "시계", "usage": 0},
				{"appName": "네이버 웹툰", "usage": 0},
				{"appName": "Polar Beat", "usage": 0},
				{"appName": "시외버스 모바일", "usage": 0},
				{"appName": "Paco", "usage": 0},
				{"appName": "Messenger", "usage": 0},
				{"appName": "설정", "usage": 0},
				{"appName": "토스", "usage": 0},
				{"appName": "전화", "usage": 0},
				{"appName": "One UI 홈", "usage": 0},
				{"appName": "날씨", "usage": 0},
				{"appName": "카카오톡", "usage": 0},
				{"appName": "갤러리", "usage": 0},
				{"appName": "후후-유플러스", "usage": 0},
				{"appName": "Samsung Pay", "usage": 0},
				{"appName": "Google Play 서비스", "usage": 0},
				{"appName": "Google Play 스토어", "usage": 0},
				{"appName": "삼성 캡처", "usage": 0},
				{"appName": "Logger", "usage": 0},
				{"appName": "접근성", "usage": 0},
				{"appName": "패키지 설치 프로그램", "usage": 0}
			]
		},
		"lastPickup": {"time": 0}
	},
	{
		"date": 5,
		"totalTime": {
			"usage": 462,
			"details": [
				{"appName": "YouTube", "usage": 186},
				{"appName": "Duel Links", "usage": 46},
				{"appName": "Facebook", "usage": 44},
				{"appName": "카카오톡", "usage": 42},
				{"appName": "네이버 웹툰", "usage": 30},
				{"appName": "One UI 홈", "usage": 16},
				{"appName": "히어로칸타레", "usage": 16},
				{"appName": "시계", "usage": 15},
				{"appName": "벅스", "usage": 9},
				{"appName": "계산기", "usage": 7},
				{"appName": "Chrome", "usage": 7},
				{"appName": "NAVER", "usage": 7},
				{"appName": "시외버스 모바일", "usage": 6},
				{"appName": "통화", "usage": 4},
				{"appName": "Paco", "usage": 4},
				{"appName": "Samsung Notes", "usage": 3},
				{"appName": "카카오 T", "usage": 1},
				{"appName": "Messenger", "usage": 0},
				{"appName": "Logger", "usage": 0},
				{"appName": "Polar Beat", "usage": 0},
				{"appName": "Word", "usage": 0},
				{"appName": "전화", "usage": 0},
				{"appName": "메시지", "usage": 0},
				{"appName": "게임런처", "usage": 0},
				{"appName": "KLMS", "usage": 0},
				{"appName": "설정", "usage": 0},
				{"appName": "접근성", "usage": 0},
				{"appName": "EML Reader FREE", "usage": 0},
				{"appName": "패키지 설치 프로그램", "usage": 0}
			]
		},
		"pickups": {"usage": 191},
		"downTime": {
			"usage": [
				{"hour": "0", "usage": 1},
				{"hour": "1", "usage": 18},
				{"hour": "2", "usage": 37},
				{"hour": "3", "usage": 13},
				{"hour": "4", "usage": 50},
				{"hour": "5", "usage": 54},
				{"hour": "6", "usage": 56},
				{"hour": "7", "usage": 31},
				{"hour": "8", "usage": 14},
				{"hour": "9", "usage": 9},
				{"hour": "10", "usage": 0},
				{"hour": "11", "usage": 1},
				{"hour": "12", "usage": 2},
				{"hour": "13", "usage": 6},
				{"hour": "14", "usage": 26},
				{"hour": "15", "usage": 8},
				{"hour": "16", "usage": 24},
				{"hour": "17", "usage": 53},
				{"hour": "18", "usage": 30},
				{"hour": "20", "usage": 0},
				{"hour": "22", "usage": 1},
				{"hour": "23", "usage": 15}
			],
			"details": [
				{"appName": "One UI 홈", "usage": [0, 1, 2, 3, 4, 5, 6, 7, 8, 9, 10, 11, 12, 13, 14, 15, 16, 17, 18, 23]},
				{"appName": "카카오톡", "usage": [1, 2, 3, 5, 6, 7, 8, 9, 10, 13, 14, 15, 16, 17, 23]},
				{"appName": "Facebook", "usage": [1, 2, 3, 4, 5, 7, 8, 9, 11, 13, 14, 16, 23]},
				{"appName": "Paco", "usage": [1, 2, 3, 4, 5, 6, 7, 8, 9, 11, 12]},
				{"appName": "네이버 웹툰", "usage": [1, 3, 4, 5, 7, 9, 14, 15, 16, 17]},
				{"appName": "YouTube", "usage": [2, 3, 4, 5, 6, 7, 14, 15, 17, 18]},
				{"appName": "시계", "usage": [0, 18, 20, 22, 23]},
				{"appName": "게임런처", "usage": [4, 6, 7, 16, 18]},
				{"appName": "NAVER", "usage": [1, 9, 11, 12, 13]},
				{"appName": "통화", "usage": [8, 13, 14, 16]},
				{"appName": "전화", "usage": [8, 13, 14, 16]},
				{"appName": "히어로칸타레", "usage": [4, 16, 18]},
				{"appName": "Duel Links", "usage": [6, 7, 18]},
				{"appName": "Chrome", "usage": [5, 17, 18]},
				{"appName": "패키지 설치 프로그램", "usage": [1, 13]},
				{"appName": "접근성", "usage": [1, 13]},
				{"appName": "시외버스 모바일", "usage": [1, 2]},
				{"appName": "설정", "usage": [1, 13]},
				{"appName": "Samsung Notes", "usage": [13, 14]},
				{"appName": "Polar Beat", "usage": [1, 13]},
				{"appName": "Logger", "usage": [1, 13]},
				{"appName": "카카오 T", "usage": [1]},
				{"appName": "벅스", "usage": [3]},
				{"appName": "메시지", "usage": [13]},
				{"appName": "계산기", "usage": [16]},
				{"appName": "Word", "usage": [9]},
				{"appName": "Messenger", "usage": [13]},
				{"appName": "KLMS", "usage": [9]},
				{"appName": "EML Reader FREE", "usage": [1]}
			]
		},
		"maxTime": {
			"usage": 66,
			"details": [
				{"appName": "YouTube", "usage": 26},
				{"appName": "Duel Links", "usage": 22},
				{"appName": "벅스", "usage": 9},
				{"appName": "히어로칸타레", "usage": 8},
				{"appName": "계산기", "usage": 7},
				{"appName": "Chrome", "usage": 6},
				{"appName": "카카오톡", "usage": 5},
				{"appName": "One UI 홈", "usage": 5},
				{"appName": "시계", "usage": 4},
				{"appName": "Facebook", "usage": 4},
				{"appName": "Samsung Notes", "usage": 3},
				{"appName": "네이버 웹툰", "usage": 2},
				{"appName": "통화", "usage": 1},
				{"appName": "NAVER", "usage": 1},
				{"appName": "시외버스 모바일", "usage": 1},
				{"appName": "Paco", "usage": 0},
				{"appName": "Logger", "usage": 0},
				{"appName": "카카오 T", "usage": 0},
				{"appName": "Word", "usage": 0},
				{"appName": "메시지", "usage": 0},
				{"appName": "Messenger", "usage": 0},
				{"appName": "Polar Beat", "usage": 0},
				{"appName": "전화", "usage": 0},
				{"appName": "KLMS", "usage": 0},
				{"appName": "게임런처", "usage": 0},
				{"appName": "설정", "usage": 0},
				{"appName": "EML Reader FREE", "usage": 0},
				{"appName": "접근성", "usage": 0},
				{"appName": "패키지 설치 프로그램", "usage": 0}
			]
		},
		"avgTime": {
			"usage": 2,
			"details": [
				{"appName": "Duel Links", "usage": 15},
				{"appName": "히어로칸타레", "usage": 5},
				{"appName": "계산기", "usage": 3},
				{"appName": "YouTube", "usage": 3},
				{"appName": "Chrome", "usage": 2},
				{"appName": "Facebook", "usage": 0},
				{"appName": "통화", "usage": 0},
				{"appName": "Samsung Notes", "usage": 0},
				{"appName": "벅스", "usage": 0},
				{"appName": "Word", "usage": 0},
				{"appName": "메시지", "usage": 0},
				{"appName": "시계", "usage": 0},
				{"appName": "NAVER", "usage": 0},
				{"appName": "네이버 웹툰", "usage": 0},
				{"appName": "Paco", "usage": 0},
				{"appName": "Logger", "usage": 0},
				{"appName": "Messenger", "usage": 0},
				{"appName": "카카오톡", "usage": 0},
				{"appName": "One UI 홈", "usage": 0},
				{"appName": "카카오 T", "usage": 0},
				{"appName": "시외버스 모바일", "usage": 0},
				{"appName": "Polar Beat", "usage": 0},
				{"appName": "KLMS", "usage": 0},
				{"appName": "EML Reader FREE", "usage": 0},
				{"appName": "설정", "usage": 0},
				{"appName": "전화", "usage": 0},
				{"appName": "게임런처", "usage": 0},
				{"appName": "접근성", "usage": 0},
				{"appName": "패키지 설치 프로그램", "usage": 0}
			]
		},
		"lastPickup": {"time": 2}
	},
	{
		"date": 6,
		"totalTime": {
			"usage": 597,
			"details": [
				{"appName": "Duel Links", "usage": 169},
				{"appName": "YouTube", "usage": 134},
				{"appName": "Facebook", "usage": 76},
				{"appName": "네이버 웹툰", "usage": 42},
				{"appName": "히어로칸타레", "usage": 35},
				{"appName": "카카오톡", "usage": 32},
				{"appName": "Chrome", "usage": 18},
				{"appName": "통화", "usage": 17},
				{"appName": "One UI 홈", "usage": 10},
				{"appName": "시계", "usage": 10},
				{"appName": "NAVER", "usage": 7},
				{"appName": "드라이브", "usage": 6},
				{"appName": "계산기", "usage": 6},
				{"appName": "Paco", "usage": 4},
				{"appName": "메시지", "usage": 3},
				{"appName": "Polar Beat", "usage": 1},
				{"appName": "벅스", "usage": 1},
				{"appName": "전화", "usage": 0},
				{"appName": "Logger", "usage": 0},
				{"appName": "KLMS", "usage": 0},
				{"appName": "게임런처", "usage": 0},
				{"appName": "설정", "usage": 0},
				{"appName": "Samsung Notes", "usage": 0},
				{"appName": "Samsung Health", "usage": 0},
				{"appName": "접근성", "usage": 0},
				{"appName": "Google Play 서비스", "usage": 0},
				{"appName": "EML Reader FREE", "usage": 0},
				{"appName": "안드로이드 시스템", "usage": 0},
				{"appName": "패키지 설치 프로그램", "usage": 0},
				{"appName": "후후-유플러스", "usage": 0}
			]
		},
		"pickups": {"usage": 215},
		"downTime": {
			"usage": [
				{"hour": "0", "usage": 2},
				{"hour": "1", "usage": 34},
				{"hour": "2", "usage": 60},
				{"hour": "3", "usage": 32},
				{"hour": "4", "usage": 10},
				{"hour": "5", "usage": 12},
				{"hour": "6", "usage": 3},
				{"hour": "7", "usage": 57},
				{"hour": "8", "usage": 42},
				{"hour": "9", "usage": 43},
				{"hour": "10", "usage": 24},
				{"hour": "11", "usage": 19},
				{"hour": "12", "usage": 57},
				{"hour": "13", "usage": 38},
				{"hour": "14", "usage": 18},
				{"hour": "15", "usage": 15},
				{"hour": "16", "usage": 54},
				{"hour": "17", "usage": 33},
				{"hour": "18", "usage": 24},
				{"hour": "22", "usage": 10},
				{"hour": "23", "usage": 1}
			],
			"details": [
				{"appName": "One UI 홈", "usage": [0, 1, 2, 3, 4, 5, 6, 7, 8, 9, 10, 11, 12, 13, 14, 15, 16, 17, 18, 19, 22, 23]},
				{"appName": "카카오톡", "usage": [0, 1, 3, 4, 5, 6, 7, 8, 9, 10, 11, 12, 13, 14]},
				{"appName": "Facebook", "usage": [0, 1, 3, 5, 6, 7, 8, 9, 10, 11, 12, 13, 16]},
				{"appName": "게임런처", "usage": [1, 2, 3, 7, 8, 9, 12, 13, 14, 17, 18]},
				{"appName": "Paco", "usage": [1, 2, 3, 5, 6, 7, 8, 9, 10, 12]},
				{"appName": "YouTube", "usage": [1, 2, 3, 8, 9, 12, 13, 15, 16]},
				{"appName": "Duel Links", "usage": [2, 3, 7, 8, 9, 13, 14, 17, 18]},
				{"appName": "Chrome", "usage": [0, 1, 2, 3, 8, 9, 11, 12, 16]},
				{"appName": "네이버 웹툰", "usage": [1, 2, 7, 8, 12, 14, 15, 16]},
				{"appName": "통화", "usage": [1, 3, 7, 8, 10, 11]},
				{"appName": "메시지", "usage": [0, 1, 6, 7, 8, 11]},
				{"appName": "히어로칸타레", "usage": [1, 2, 7, 12, 13]},
				{"appName": "NAVER", "usage": [5, 10, 11, 12, 16]},
				{"appName": "전화", "usage": [1, 8, 10, 11]},
				{"appName": "설정", "usage": [0, 3, 10, 13]},
				{"appName": "시계", "usage": [18, 22, 23]},
				{"appName": "Polar Beat", "usage": [0, 11, 13]},
				{"appName": "패키지 설치 프로그램", "usage": [0, 13]},
				{"appName": "접근성", "usage": [0, 13]},
				{"appName": "드라이브", "usage": [5, 8]},
				{"appName": "Logger", "usage": [0, 13]},
				{"appName": "Google Play 서비스", "usage": [0, 11]},
				{"appName": "후후-유플러스", "usage": [19]},
				{"appName": "안드로이드 시스템", "usage": [5]},
				{"appName": "벅스", "usage": [17]},
				{"appName": "계산기", "usage": [4]},
				{"appName": "Samsung Notes", "usage": [11]},
				{"appName": "Samsung Health", "usage": [1]},
				{"appName": "KLMS", "usage": [2]},
				{"appName": "EML Reader FREE", "usage": [10]}
			]
		},
		"maxTime": {
			"usage": 87,
			"details": [
				{"appName": "Duel Links", "usage": 55},
				{"appName": "YouTube", "usage": 27},
				{"appName": "Facebook", "usage": 13},
				{"appName": "히어로칸타레", "usage": 12},
				{"appName": "Chrome", "usage": 7},
				{"appName": "통화", "usage": 7},
				{"appName": "드라이브", "usage": 5},
				{"appName": "카카오톡", "usage": 4},
				{"appName": "시계", "usage": 4},
				{"appName": "네이버 웹툰", "usage": 3},
				{"appName": "계산기", "usage": 3},
				{"appName": "NAVER", "usage": 1},
				{"appName": "메시지", "usage": 0},
				{"appName": "벅스", "usage": 0},
				{"appName": "Paco", "usage": 0},
				{"appName": "Logger", "usage": 0},
				{"appName": "Polar Beat", "usage": 0},
				{"appName": "One UI 홈", "usage": 0},
				{"appName": "KLMS", "usage": 0},
				{"appName": "Samsung Notes", "usage": 0},
				{"appName": "전화", "usage": 0},
				{"appName": "설정", "usage": 0},
				{"appName": "접근성", "usage": 0},
				{"appName": "Samsung Health", "usage": 0},
				{"appName": "EML Reader FREE", "usage": 0},
				{"appName": "Google Play 서비스", "usage": 0},
				{"appName": "안드로이드 시스템", "usage": 0},
				{"appName": "게임런처", "usage": 0},
				{"appName": "패키지 설치 프로그램", "usage": 0},
				{"appName": "후후-유플러스", "usage": 0}
			]
		},
		"avgTime": {
			"usage": 2,
			"details": [
				{"appName": "Duel Links", "usage": 10},
				{"appName": "히어로칸타레", "usage": 5},
				{"appName": "YouTube", "usage": 3},
				{"appName": "드라이브", "usage": 1},
				{"appName": "Chrome", "usage": 0},
				{"appName": "계산기", "usage": 0},
				{"appName": "Facebook", "usage": 0},
				{"appName": "통화", "usage": 0},
				{"appName": "시계", "usage": 0},
				{"appName": "메시지", "usage": 0},
				{"appName": "네이버 웹툰", "usage": 0},
				{"appName": "NAVER", "usage": 0},
				{"appName": "벅스", "usage": 0},
				{"appName": "Paco", "usage": 0},
				{"appName": "KLMS", "usage": 0},
				{"appName": "Logger", "usage": 0},
				{"appName": "카카오톡", "usage": 0},
				{"appName": "Samsung Notes", "usage": 0},
				{"appName": "Polar Beat", "usage": 0},
				{"appName": "전화", "usage": 0},
				{"appName": "One UI 홈", "usage": 0},
				{"appName": "EML Reader FREE", "usage": 0},
				{"appName": "안드로이드 시스템", "usage": 0},
				{"appName": "Google Play 서비스", "usage": 0},
				{"appName": "설정", "usage": 0},
				{"appName": "Samsung Health", "usage": 0},
				{"appName": "접근성", "usage": 0},
				{"appName": "게임런처", "usage": 0},
				{"appName": "패키지 설치 프로그램", "usage": 0},
				{"appName": "후후-유플러스", "usage": 0}
			]
		},
		"lastPickup": {"time": 0}
	},
	{
		"date": 7,
		"totalTime": {
			"usage": 931,
			"details": [
				{"appName": "Facebook", "usage": 58},
				{"appName": "Duel Links", "usage": 46},
				{"appName": "카카오톡", "usage": 41},
				{"appName": "YouTube", "usage": 22},
				{"appName": "히어로칸타레", "usage": 17},
				{"appName": "Chrome", "usage": 16},
				{"appName": "NAVER", "usage": 12},
				{"appName": "One UI 홈", "usage": 10},
				{"appName": "메시지", "usage": 7},
				{"appName": "통화", "usage": 6},
				{"appName": "Paco", "usage": 4},
				{"appName": "Samsung Notes", "usage": 3},
				{"appName": "네이버 웹툰", "usage": 2},
				{"appName": "드라이브", "usage": 1},
				{"appName": "Polar Beat", "usage": 0},
				{"appName": "전화", "usage": 0},
				{"appName": "KLMS", "usage": 0},
				{"appName": "Messenger", "usage": 0},
				{"appName": "설정", "usage": 0},
				{"appName": "Excel", "usage": 0},
				{"appName": "토스", "usage": 0},
				{"appName": "Word", "usage": 0},
				{"appName": "게임런처", "usage": 0},
				{"appName": "후후-유플러스", "usage": 0},
				{"appName": "날씨", "usage": 0},
				{"appName": "안드로이드 시스템", "usage": 0},
				{"appName": "접근성", "usage": 0},
				{"appName": "Logger", "usage": 0},
				{"appName": "EML Reader FREE", "usage": 0},
				{"appName": "Google Play 서비스", "usage": 0},
				{"appName": "패키지 설치 프로그램", "usage": 0}
			]
		},
		"pickups": {"usage": 217},
		"downTime": {
			"usage": [
				{"hour": "1", "usage": 10},
				{"hour": "2", "usage": 8},
				{"hour": "3", "usage": 42},
				{"hour": "4", "usage": 2},
				{"hour": "5", "usage": 15},
				{"hour": "6", "usage": 23},
				{"hour": "7", "usage": 13},
				{"hour": "8", "usage": 49},
				{"hour": "9", "usage": 26},
				{"hour": "10", "usage": 3},
				{"hour": "11", "usage": 30},
				{"hour": "12", "usage": 50},
				{"hour": "13", "usage": 1}
			],
			"details": [
				{"appName": "One UI 홈", "usage": [1, 2, 3, 4, 5, 6, 7, 8, 9, 10, 11, 12, 13]},
				{"appName": "카카오톡", "usage": [1, 2, 3, 4, 5, 6, 7, 8, 9, 10, 11, 12]},
				{"appName": "Paco", "usage": [1, 3, 4, 5, 6, 7, 8, 9, 10, 11, 12]},
				{"appName": "Facebook", "usage": [1, 2, 3, 4, 5, 6, 8, 9, 10, 11, 12]},
				{"appName": "네이버 웹툰", "usage": [3, 5, 6, 8, 9, 10, 11, 12]},
				{"appName": "메시지", "usage": [5, 6, 7, 8, 9, 11]},
				{"appName": "Chrome", "usage": [3, 6, 8, 9, 11, 12]},
				{"appName": "YouTube", "usage": [3, 5, 6, 7, 12]},
				{"appName": "NAVER", "usage": [5, 6, 8, 9, 12]},
				{"appName": "전화", "usage": [6, 8, 11, 12]},
				{"appName": "Polar Beat", "usage": [1, 11, 12, 13]},
				{"appName": "통화", "usage": [6, 8, 12]},
				{"appName": "게임런처", "usage": [3, 7, 8]},
				{"appName": "Samsung Notes", "usage": [8, 11, 12]},
				{"appName": "KLMS", "usage": [1, 3, 12]},
				{"appName": "히어로칸타레", "usage": [3, 7]},
				{"appName": "패키지 설치 프로그램", "usage": [1, 13]},
				{"appName": "접근성", "usage": [1, 13]},
				{"appName": "설정", "usage": [1, 13]},
				{"appName": "Logger", "usage": [1, 13]},
				{"appName": "Duel Links", "usage": [3, 8]},
				{"appName": "후후-유플러스", "usage": [11]},
				{"appName": "토스", "usage": [8]},
				{"appName": "안드로이드 시스템", "usage": [11]},
				{"appName": "드라이브", "usage": [5]},
				{"appName": "날씨", "usage": [8]},
				{"appName": "Word", "usage": [3]},
				{"appName": "Messenger", "usage": [11]},
				{"appName": "Google Play 서비스", "usage": [6]},
				{"appName": "Excel", "usage": [5]},
				{"appName": "EML Reader FREE", "usage": [11]}
			]
		},
		"maxTime": {
			"usage": 655,
			"details": [
				{"appName": "Duel Links", "usage": 13},
				{"appName": "YouTube", "usage": 10},
				{"appName": "히어로칸타레", "usage": 10},
				{"appName": "Facebook", "usage": 7},
				{"appName": "Chrome", "usage": 6},
				{"appName": "NAVER", "usage": 4},
				{"appName": "Samsung Notes", "usage": 2},
				{"appName": "메시지", "usage": 1},
				{"appName": "카카오톡", "usage": 1},
				{"appName": "통화", "usage": 1},
				{"appName": "드라이브", "usage": 1},
				{"appName": "Paco", "usage": 0},
				{"appName": "One UI 홈", "usage": 0},
				{"appName": "Polar Beat", "usage": 0},
				{"appName": "Excel", "usage": 0},
				{"appName": "Word", "usage": 0},
				{"appName": "Messenger", "usage": 0},
				{"appName": "날씨", "usage": 0},
				{"appName": "설정", "usage": 0},
				{"appName": "네이버 웹툰", "usage": 0},
				{"appName": "전화", "usage": 0},
				{"appName": "후후-유플러스", "usage": 0},
				{"appName": "KLMS", "usage": 0},
				{"appName": "토스", "usage": 0},
				{"appName": "접근성", "usage": 0},
				{"appName": "Logger", "usage": 0},
				{"appName": "게임런처", "usage": 0},
				{"appName": "안드로이드 시스템", "usage": 0},
				{"appName": "EML Reader FREE", "usage": 0},
				{"appName": "Google Play 서비스", "usage": 0},
				{"appName": "패키지 설치 프로그램", "usage": 0}
			]
		},
		"avgTime": {
			"usage": 4,
			"details": [
				{"appName": "Duel Links", "usage": 5},
				{"appName": "히어로칸타레", "usage": 4},
				{"appName": "YouTube", "usage": 1},
				{"appName": "드라이브", "usage": 1},
				{"appName": "Chrome", "usage": 1},
				{"appName": "통화", "usage": 0},
				{"appName": "Facebook", "usage": 0},
				{"appName": "Samsung Notes", "usage": 0},
				{"appName": "메시지", "usage": 0},
				{"appName": "NAVER", "usage": 0},
				{"appName": "Excel", "usage": 0},
				{"appName": "Word", "usage": 0},
				{"appName": "Messenger", "usage": 0},
				{"appName": "날씨", "usage": 0},
				{"appName": "Paco", "usage": 0},
				{"appName": "Polar Beat", "usage": 0},
				{"appName": "전화", "usage": 0},
				{"appName": "카카오톡", "usage": 0},
				{"appName": "설정", "usage": 0},
				{"appName": "네이버 웹툰", "usage": 0},
				{"appName": "KLMS", "usage": 0},
				{"appName": "후후-유플러스", "usage": 0},
				{"appName": "One UI 홈", "usage": 0},
				{"appName": "EML Reader FREE", "usage": 0},
				{"appName": "안드로이드 시스템", "usage": 0},
				{"appName": "토스", "usage": 0},
				{"appName": "접근성", "usage": 0},
				{"appName": "Google Play 서비스", "usage": 0},
				{"appName": "게임런처", "usage": 0},
				{"appName": "Logger", "usage": 0},
				{"appName": "패키지 설치 프로그램", "usage": 0}
			]
		},
		"lastPickup": {"time": 655}
	}
]
