[
	{
		"date": 1,
		"totalTime": {
			"usage": 307,
			"details": [
				{"appName": "카카오톡", "usage": 110},
				{"appName": "알람이", "usage": 77},
				{"appName": "주소록", "usage": 28},
				{"appName": "전화", "usage": 14},
				{"appName": "Facebook", "usage": 11},
				{"appName": "Paco", "usage": 9},
				{"appName": "Polar Beat", "usage": 3},
				{"appName": "Logger", "usage": 3},
				{"appName": "날씨", "usage": 3},
				{"appName": "시스템 UI", "usage": 2},
				{"appName": "설정", "usage": 1},
				{"appName": "Chrome", "usage": 0},
				{"appName": "접근성", "usage": 0},
				{"appName": "Clean Master", "usage": 0},
				{"appName": "ABC Logger", "usage": 0},
				{"appName": "갤러리", "usage": 0},
				{"appName": "메시지", "usage": 0},
				{"appName": "Dropsync", "usage": 0},
				{"appName": "토스", "usage": 0},
				{"appName": "패키지 설치 프로그램", "usage": 0},
				{"appName": "Google", "usage": 0},
				{"appName": "휴대전화", "usage": 0},
				{"appName": "Google Play 서비스", "usage": 0},
				{"appName": "카메라", "usage": 0},
				{"appName": "기본홈", "usage": -189}
			]
		},
		"pickups": {"usage": 112},
		"downTime": {
			"usage": [
				{"hour": "0", "usage": 60},
				{"hour": "1", "usage": 30},
				{"hour": "2", "usage": 5},
				{"hour": "3", "usage": 5},
				{"hour": "4", "usage": 14},
				{"hour": "5", "usage": 23},
				{"hour": "6", "usage": 5},
				{"hour": "7", "usage": 9},
				{"hour": "8", "usage": 6},
				{"hour": "9", "usage": 12},
				{"hour": "10", "usage": 7},
				{"hour": "11", "usage": 9},
				{"hour": "13", "usage": 15},
				{"hour": "14", "usage": 10},
				{"hour": "15", "usage": 0},
				{"hour": "16", "usage": 3},
				{"hour": "17", "usage": 0},
				{"hour": "18", "usage": 30},
				{"hour": "19", "usage": 2}
			],
			"details": [
				{"appName": "카카오톡", "usage": [1, 2, 3, 4, 5, 6, 7, 8, 9, 10, 11, 13, 14, 15, 16, 17, 18, 19]},
				{"appName": "접근성", "usage": [1, 2, 6, 7, 8, 9, 11, 13, 14]},
				{"appName": "시스템 UI", "usage": [4, 5, 6, 8, 9, 10, 11, 14, 18]},
				{"appName": "기본홈", "usage": [0, 1, 2, 3, 4, 5, 6, 7, 8]},
				{"appName": "Paco", "usage": [2, 5, 7, 8, 10, 11, 13, 14]},
				{"appName": "Polar Beat", "usage": [1, 4, 5, 8, 9, 14]},
				{"appName": "알람이", "usage": [0, 1, 19, 22, 23]},
				{"appName": "Clean Master", "usage": [4, 6, 8, 9, 10]},
				{"appName": "주소록", "usage": [5, 6, 7, 11]},
				{"appName": "전화", "usage": [5, 6, 7, 11]},
				{"appName": "Logger", "usage": [1, 8, 9, 14]},
				{"appName": "Facebook", "usage": [2, 18, 19, 23]},
				{"appName": "패키지 설치 프로그램", "usage": [1, 8, 9]},
				{"appName": "Chrome", "usage": [2, 6, 9]},
				{"appName": "휴대전화", "usage": [7]},
				{"appName": "토스", "usage": [8]},
				{"appName": "카메라", "usage": [22]},
				{"appName": "설정", "usage": [14]},
				{"appName": "메시지", "usage": [7]},
				{"appName": "날씨", "usage": [1]},
				{"appName": "갤러리", "usage": [8]},
				{"appName": "Google Play 서비스", "usage": [9]},
				{"appName": "Google", "usage": [19]},
				{"appName": "Dropsync", "usage": [14]},
				{"appName": "ABC Logger", "usage": [18]}
			]
		},
		"maxTime": {
			"usage": 80,
			"details": [
				{"appName": "기본홈", "usage": 39},
				{"appName": "알람이", "usage": 37},
				{"appName": "카카오톡", "usage": 10},
				{"appName": "주소록", "usage": 9},
				{"appName": "Facebook", "usage": 7},
				{"appName": "전화", "usage": 5},
				{"appName": "날씨", "usage": 3},
				{"appName": "Paco", "usage": 2},
				{"appName": "설정", "usage": 1},
				{"appName": "Logger", "usage": 1},
				{"appName": "Polar Beat", "usage": 0},
				{"appName": "ABC Logger", "usage": 0},
				{"appName": "시스템 UI", "usage": 0},
				{"appName": "Chrome", "usage": 0},
				{"appName": "갤러리", "usage": 0},
				{"appName": "Clean Master", "usage": 0},
				{"appName": "접근성", "usage": 0},
				{"appName": "Dropsync", "usage": 0},
				{"appName": "메시지", "usage": 0},
				{"appName": "토스", "usage": 0},
				{"appName": "Google", "usage": 0},
				{"appName": "패키지 설치 프로그램", "usage": 0},
				{"appName": "휴대전화", "usage": 0},
				{"appName": "Google Play 서비스", "usage": 0},
				{"appName": "카메라", "usage": 0}
			]
		},
		"avgTime": {
			"usage": 2,
			"details": [
				{"appName": "주소록", "usage": 2},
				{"appName": "전화", "usage": 2},
				{"appName": "Facebook", "usage": 1},
				{"appName": "알람이", "usage": 1},
				{"appName": "설정", "usage": 1},
				{"appName": "날씨", "usage": 0},
				{"appName": "카카오톡", "usage": 0},
				{"appName": "Paco", "usage": 0},
				{"appName": "갤러리", "usage": 0},
				{"appName": "ABC Logger", "usage": 0},
				{"appName": "Logger", "usage": 0},
				{"appName": "Chrome", "usage": 0},
				{"appName": "Polar Beat", "usage": 0},
				{"appName": "Dropsync", "usage": 0},
				{"appName": "Clean Master", "usage": 0},
				{"appName": "시스템 UI", "usage": 0},
				{"appName": "메시지", "usage": 0},
				{"appName": "토스", "usage": 0},
				{"appName": "접근성", "usage": 0},
				{"appName": "Google", "usage": 0},
				{"appName": "패키지 설치 프로그램", "usage": 0},
				{"appName": "휴대전화", "usage": 0},
				{"appName": "Google Play 서비스", "usage": 0},
				{"appName": "카메라", "usage": 0},
				{"appName": "기본홈", "usage": -2}
			]
		},
		"lastPickup": {"time": 54}
	},
	{
		"date": 2,
		"totalTime": {
			"usage": 390,
			"details": [
				{"appName": "카카오톡", "usage": 281},
				{"appName": "Facebook", "usage": 71},
				{"appName": "YouTube", "usage": 52},
				{"appName": "기본홈", "usage": 41},
				{"appName": "Paco", "usage": 17},
				{"appName": "Chrome", "usage": 4},
				{"appName": "주소록", "usage": 3},
				{"appName": "BAND", "usage": 3},
				{"appName": "카메라", "usage": 3},
				{"appName": "Polar Beat", "usage": 2},
				{"appName": "갤러리", "usage": 1},
				{"appName": "시스템 UI", "usage": 1},
				{"appName": "전화", "usage": 1},
				{"appName": "알람이", "usage": 1},
				{"appName": "Clean Master", "usage": 1},
				{"appName": "Microsoft Band", "usage": 0},
				{"appName": "접근성", "usage": 0},
				{"appName": "Logger", "usage": 0},
				{"appName": "Google", "usage": 0},
				{"appName": "Wi-Fi", "usage": 0},
				{"appName": "메시지", "usage": 0},
				{"appName": "ABC Logger", "usage": 0},
				{"appName": "날씨", "usage": 0},
				{"appName": "패키지 설치 프로그램", "usage": 0},
				{"appName": "휴대전화", "usage": 0}
			]
		},
		"pickups": {"usage": 122},
		"downTime": {
			"usage": [
				{"hour": "0", "usage": 44},
				{"hour": "1", "usage": 30},
				{"hour": "2", "usage": 21},
				{"hour": "3", "usage": 29},
				{"hour": "4", "usage": 30},
				{"hour": "5", "usage": 16},
				{"hour": "6", "usage": 31},
				{"hour": "7", "usage": 6},
				{"hour": "8", "usage": 6},
				{"hour": "9", "usage": 17},
				{"hour": "10", "usage": 7},
				{"hour": "11", "usage": 21},
				{"hour": "12", "usage": 2},
				{"hour": "13", "usage": 14},
				{"hour": "14", "usage": 8},
				{"hour": "15", "usage": 4},
				{"hour": "16", "usage": 0},
				{"hour": "17", "usage": 0},
				{"hour": "18", "usage": 16},
				{"hour": "19", "usage": 55},
				{"hour": "20", "usage": 21}
			],
			"details": [
				{"appName": "카카오톡", "usage": [0, 1, 2, 3, 4, 5, 6, 7, 8, 9, 10, 11, 13, 16, 17, 18, 19, 20, 22, 23]},
				{"appName": "기본홈", "usage": [0, 1, 2, 3, 4, 5, 6, 7, 8, 11, 12, 13, 14, 15, 16, 17, 18, 19, 20]},
				{"appName": "접근성", "usage": [1, 2, 3, 4, 5, 6, 11, 14, 15, 19]},
				{"appName": "Paco", "usage": [3, 5, 6, 7, 11, 12, 13, 14, 15]},
				{"appName": "시스템 UI", "usage": [0, 1, 3, 4, 6, 7, 11, 13]},
				{"appName": "Facebook", "usage": [0, 4, 5, 8, 10, 11, 19]},
				{"appName": "Clean Master", "usage": [3, 4, 6, 7, 11, 15]},
				{"appName": "Chrome", "usage": [0, 1, 8, 13, 14, 15]},
				{"appName": "알람이", "usage": [2, 19, 23]},
				{"appName": "패키지 설치 프로그램", "usage": [1, 15]},
				{"appName": "카메라", "usage": [6, 22]},
				{"appName": "메시지", "usage": [0, 13]},
				{"appName": "갤러리", "usage": [7, 8]},
				{"appName": "YouTube", "usage": [19, 20]},
				{"appName": "Polar Beat", "usage": [1, 15]},
				{"appName": "Logger", "usage": [1, 15]},
				{"appName": "Google", "usage": [13, 18]},
				{"appName": "휴대전화", "usage": [6]},
				{"appName": "주소록", "usage": [6]},
				{"appName": "전화", "usage": [6]},
				{"appName": "날씨", "usage": [3]},
				{"appName": "Wi-Fi", "usage": [11]},
				{"appName": "Microsoft Band", "usage": [1]},
				{"appName": "BAND", "usage": [4]},
				{"appName": "ABC Logger", "usage": [15]}
			]
		},
		"maxTime": {
			"usage": 37,
			"details": [
				{"appName": "카카오톡", "usage": 91},
				{"appName": "YouTube", "usage": 36},
				{"appName": "Facebook", "usage": 11},
				{"appName": "기본홈", "usage": 10},
				{"appName": "Paco", "usage": 6},
				{"appName": "카메라", "usage": 3},
				{"appName": "Chrome", "usage": 2},
				{"appName": "주소록", "usage": 2},
				{"appName": "Polar Beat", "usage": 1},
				{"appName": "갤러리", "usage": 1},
				{"appName": "BAND", "usage": 1},
				{"appName": "전화", "usage": 0},
				{"appName": "Microsoft Band", "usage": 0},
				{"appName": "알람이", "usage": 0},
				{"appName": "Clean Master", "usage": 0},
				{"appName": "Logger", "usage": 0},
				{"appName": "시스템 UI", "usage": 0},
				{"appName": "Wi-Fi", "usage": 0},
				{"appName": "접근성", "usage": 0},
				{"appName": "ABC Logger", "usage": 0},
				{"appName": "Google", "usage": 0},
				{"appName": "메시지", "usage": 0},
				{"appName": "날씨", "usage": 0},
				{"appName": "휴대전화", "usage": 0},
				{"appName": "패키지 설치 프로그램", "usage": 0}
			]
		},
		"avgTime": {
			"usage": 3,
			"details": [
				{"appName": "YouTube", "usage": 17},
				{"appName": "카메라", "usage": 1},
				{"appName": "Facebook", "usage": 1},
				{"appName": "갤러리", "usage": 0},
				{"appName": "Chrome", "usage": 0},
				{"appName": "카카오톡", "usage": 0},
				{"appName": "전화", "usage": 0},
				{"appName": "BAND", "usage": 0},
				{"appName": "기본홈", "usage": 0},
				{"appName": "Paco", "usage": 0},
				{"appName": "주소록", "usage": 0},
				{"appName": "Microsoft Band", "usage": 0},
				{"appName": "Polar Beat", "usage": 0},
				{"appName": "Wi-Fi", "usage": 0},
				{"appName": "Google", "usage": 0},
				{"appName": "Clean Master", "usage": 0},
				{"appName": "ABC Logger", "usage": 0},
				{"appName": "알람이", "usage": 0},
				{"appName": "시스템 UI", "usage": 0},
				{"appName": "Logger", "usage": 0},
				{"appName": "메시지", "usage": 0},
				{"appName": "접근성", "usage": 0},
				{"appName": "날씨", "usage": 0},
				{"appName": "휴대전화", "usage": 0},
				{"appName": "패키지 설치 프로그램", "usage": 0}
			]
		},
		"lastPickup": {"time": 16}
	},
	{
		"date": 3,
		"totalTime": {
			"usage": 825,
			"details": [
				{"appName": "카카오톡", "usage": 464},
				{"appName": "전화", "usage": 331},
				{"appName": "알람이", "usage": 94},
				{"appName": "기본홈", "usage": 55},
				{"appName": "설정", "usage": 49},
				{"appName": "Facebook", "usage": 45},
				{"appName": "메시지", "usage": 19},
				{"appName": "Chrome", "usage": 15},
				{"appName": "Paco", "usage": 9},
				{"appName": "주소록", "usage": 8},
				{"appName": "Logger", "usage": 6},
				{"appName": "토스", "usage": 6},
				{"appName": "알송", "usage": 6},
				{"appName": "갤러리", "usage": 3},
				{"appName": "카메라", "usage": 3},
				{"appName": "원터치개인", "usage": 2},
				{"appName": "접근성", "usage": 1},
				{"appName": "포토", "usage": 1},
				{"appName": "시스템 UI", "usage": 1},
				{"appName": "Polar Beat", "usage": 1},
				{"appName": "캔디카메라", "usage": 0},
				{"appName": "우체국 스마트뱅킹", "usage": 0},
				{"appName": "BAND", "usage": 0},
				{"appName": "Android 시스템", "usage": 0},
				{"appName": "Clean Master", "usage": 0},
				{"appName": "문서", "usage": 0},
				{"appName": "Shutdown Monitor", "usage": 0},
				{"appName": "AhnLab V3 Mobile Plus 2.0", "usage": 0},
				{"appName": "휴대전화", "usage": 0},
				{"appName": "휴대폰", "usage": 0},
				{"appName": "패키지 설치 프로그램", "usage": 0},
				{"appName": "Bluetooth", "usage": 0},
				{"appName": "Google", "usage": 0}
			]
		},
		"pickups": {"usage": 138},
		"downTime": {
			"usage": [
				{"hour": "0", "usage": 59},
				{"hour": "1", "usage": 60},
				{"hour": "2", "usage": 60},
				{"hour": "3", "usage": 55},
				{"hour": "4", "usage": 31},
				{"hour": "5", "usage": 26},
				{"hour": "6", "usage": 23},
				{"hour": "7", "usage": 54},
				{"hour": "9", "usage": 16},
				{"hour": "10", "usage": 25},
				{"hour": "11", "usage": 24},
				{"hour": "12", "usage": 19},
				{"hour": "13", "usage": 19},
				{"hour": "14", "usage": 3},
				{"hour": "15", "usage": 23},
				{"hour": "16", "usage": 59},
				{"hour": "17", "usage": 38},
				{"hour": "18", "usage": 36},
				{"hour": "19", "usage": 18},
				{"hour": "20", "usage": 39},
				{"hour": "21", "usage": 33},
				{"hour": "22", "usage": 0}
			],
			"details": [
				{"appName": "카카오톡", "usage": [0, 1, 2, 3, 4, 5, 6, 7, 9, 10, 11, 12, 13, 14, 15, 18, 19, 20, 21, 22]},
				{"appName": "기본홈", "usage": [3, 4, 5, 6, 7, 9, 10, 11, 12, 13, 14, 15, 16, 17, 18, 19, 20, 21]},
				{"appName": "전화", "usage": [0, 1, 2, 3, 4, 5, 6, 9, 11, 12, 13, 14, 15, 18]},
				{"appName": "Paco", "usage": [5, 6, 7, 9, 10, 11, 12, 14]},
				{"appName": "휴대전화", "usage": [5, 9, 11, 12, 13, 15, 18]},
				{"appName": "주소록", "usage": [4, 5, 6, 11, 12, 13, 14]},
				{"appName": "접근성", "usage": [3, 4, 7, 9, 11, 13, 17]},
				{"appName": "시스템 UI", "usage": [4, 5, 6, 7, 9, 20, 21]},
				{"appName": "메시지", "usage": [3, 4, 5, 6, 7, 9]},
				{"appName": "Facebook", "usage": [3, 6, 9, 11, 21]},
				{"appName": "알람이", "usage": [0, 3, 21, 22]},
				{"appName": "설정", "usage": [9, 16, 17, 18]},
				{"appName": "패키지 설치 프로그램", "usage": [4, 9, 17]},
				{"appName": "카메라", "usage": [5, 9, 16]},
				{"appName": "Logger", "usage": [4, 9, 17]},
				{"appName": "Chrome", "usage": [3, 12, 13]},
				{"appName": "Android 시스템", "usage": [5, 6, 19]},
				{"appName": "포토", "usage": [5, 6]},
				{"appName": "토스", "usage": [4, 19]},
				{"appName": "우체국 스마트뱅킹", "usage": [18, 19]},
				{"appName": "알송", "usage": [5, 19]},
				{"appName": "갤러리", "usage": [5, 6]},
				{"appName": "Polar Beat", "usage": [4, 9]},
				{"appName": "Clean Master", "usage": [6, 9]},
				{"appName": "휴대폰", "usage": [5]},
				{"appName": "캔디카메라", "usage": [6]},
				{"appName": "원터치개인", "usage": [18]},
				{"appName": "문서", "usage": [6]},
				{"appName": "Shutdown Monitor", "usage": [15]},
				{"appName": "Google", "usage": [4]},
				{"appName": "Bluetooth", "usage": [4]},
				{"appName": "BAND", "usage": [12]},
				{"appName": "AhnLab V3 Mobile Plus 2.0", "usage": [19]}
			]
		},
		"maxTime": {
			"usage": 189,
			"details": [
				{"appName": "전화", "usage": 295},
				{"appName": "카카오톡", "usage": 165},
				{"appName": "알람이", "usage": 93},
				{"appName": "설정", "usage": 41},
				{"appName": "기본홈", "usage": 31},
				{"appName": "Facebook", "usage": 17},
				{"appName": "Chrome", "usage": 10},
				{"appName": "토스", "usage": 5},
				{"appName": "Logger", "usage": 5},
				{"appName": "주소록", "usage": 5},
				{"appName": "알송", "usage": 4},
				{"appName": "메시지", "usage": 4},
				{"appName": "Paco", "usage": 2},
				{"appName": "카메라", "usage": 1},
				{"appName": "포토", "usage": 1},
				{"appName": "접근성", "usage": 0},
				{"appName": "갤러리", "usage": 0},
				{"appName": "원터치개인", "usage": 0},
				{"appName": "캔디카메라", "usage": 0},
				{"appName": "Polar Beat", "usage": 0},
				{"appName": "시스템 UI", "usage": 0},
				{"appName": "BAND", "usage": 0},
				{"appName": "Clean Master", "usage": 0},
				{"appName": "우체국 스마트뱅킹", "usage": 0},
				{"appName": "Android 시스템", "usage": 0},
				{"appName": "문서", "usage": 0},
				{"appName": "Shutdown Monitor", "usage": 0},
				{"appName": "AhnLab V3 Mobile Plus 2.0", "usage": 0},
				{"appName": "휴대폰", "usage": 0},
				{"appName": "휴대전화", "usage": 0},
				{"appName": "패키지 설치 프로그램", "usage": 0},
				{"appName": "Google", "usage": 0},
				{"appName": "Bluetooth", "usage": 0}
			]
		},
		"avgTime": {
			"usage": 5,
			"details": [
				{"appName": "전화", "usage": 18},
				{"appName": "설정", "usage": 7},
				{"appName": "알람이", "usage": 6},
				{"appName": "Chrome", "usage": 2},
				{"appName": "Facebook", "usage": 1},
				{"appName": "토스", "usage": 1},
				{"appName": "카카오톡", "usage": 1},
				{"appName": "Logger", "usage": 0},
				{"appName": "주소록", "usage": 0},
				{"appName": "알송", "usage": 0},
				{"appName": "기본홈", "usage": 0},
				{"appName": "캔디카메라", "usage": 0},
				{"appName": "메시지", "usage": 0},
				{"appName": "갤러리", "usage": 0},
				{"appName": "카메라", "usage": 0},
				{"appName": "Paco", "usage": 0},
				{"appName": "포토", "usage": 0},
				{"appName": "문서", "usage": 0},
				{"appName": "Polar Beat", "usage": 0},
				{"appName": "BAND", "usage": 0},
				{"appName": "원터치개인", "usage": 0},
				{"appName": "Clean Master", "usage": 0},
				{"appName": "Android 시스템", "usage": 0},
				{"appName": "시스템 UI", "usage": 0},
				{"appName": "AhnLab V3 Mobile Plus 2.0", "usage": 0},
				{"appName": "접근성", "usage": 0},
				{"appName": "우체국 스마트뱅킹", "usage": 0},
				{"appName": "Shutdown Monitor", "usage": 0},
				{"appName": "휴대폰", "usage": 0},
				{"appName": "Google", "usage": 0},
				{"appName": "패키지 설치 프로그램", "usage": 0},
				{"appName": "Bluetooth", "usage": 0},
				{"appName": "휴대전화", "usage": 0}
			]
		},
		"lastPickup": {"time": 93}
	},
	{
		"date": 4,
		"totalTime": {
			"usage": 575,
			"details": [
				{"appName": "전화", "usage": 256},
				{"appName": "카카오톡", "usage": 227},
				{"appName": "알람이", "usage": 209},
				{"appName": "Paco", "usage": 73},
				{"appName": "YouTube", "usage": 67},
				{"appName": "Chrome", "usage": 57},
				{"appName": "기본홈", "usage": 25},
				{"appName": "Facebook", "usage": 15},
				{"appName": "주소록", "usage": 9},
				{"appName": "Google", "usage": 8},
				{"appName": "드라이브", "usage": 3},
				{"appName": "프레젠테이션", "usage": 3},
				{"appName": "알송", "usage": 2},
				{"appName": "Google Play 서비스", "usage": 2},
				{"appName": "Wi-Fi", "usage": 1},
				{"appName": "계산기", "usage": 0},
				{"appName": "Polar Beat", "usage": 0},
				{"appName": "Logger", "usage": 0},
				{"appName": "시스템 UI", "usage": 0},
				{"appName": "접근성", "usage": 0},
				{"appName": "설정", "usage": 0},
				{"appName": "Bluetooth", "usage": 0},
				{"appName": "토스", "usage": 0},
				{"appName": "날씨", "usage": 0},
				{"appName": "갤러리", "usage": 0},
				{"appName": "패키지 설치 프로그램", "usage": 0},
				{"appName": "메시지", "usage": 0},
				{"appName": "휴대전화", "usage": 0}
			]
		},
		"pickups": {"usage": 146},
		"downTime": {
			"usage": [
				{"hour": "0", "usage": 60},
				{"hour": "1", "usage": 60},
				{"hour": "2", "usage": 59},
				{"hour": "3", "usage": 40},
				{"hour": "4", "usage": 26},
				{"hour": "5", "usage": 9},
				{"hour": "6", "usage": 23},
				{"hour": "7", "usage": 28},
				{"hour": "8", "usage": 24},
				{"hour": "9", "usage": 10},
				{"hour": "10", "usage": 2},
				{"hour": "11", "usage": 3},
				{"hour": "12", "usage": 10},
				{"hour": "13", "usage": 21},
				{"hour": "14", "usage": 3},
				{"hour": "15", "usage": 21},
				{"hour": "16", "usage": 60},
				{"hour": "17", "usage": 8},
				{"hour": "18", "usage": 18},
				{"hour": "19", "usage": 13},
				{"hour": "22", "usage": 3}
			],
			"details": [
				{"appName": "카카오톡", "usage": [3, 4, 5, 6, 7, 8, 9, 11, 12, 13, 14, 15, 16, 17, 18, 19, 22]},
				{"appName": "기본홈", "usage": [3, 4, 5, 6, 7, 8, 10, 11, 12, 13, 14, 15, 17, 22]},
				{"appName": "전화", "usage": [0, 1, 2, 3, 4, 5, 6, 7, 9]},
				{"appName": "Paco", "usage": [8, 9, 10, 11, 12, 13, 14]},
				{"appName": "접근성", "usage": [3, 6, 10, 14, 17]},
				{"appName": "시스템 UI", "usage": [7, 8, 10, 14, 22]},
				{"appName": "알람이", "usage": [0, 1, 2, 3]},
				{"appName": "Google", "usage": [7, 13, 16, 17]},
				{"appName": "Chrome", "usage": [7, 17, 18, 22]},
				{"appName": "휴대전화", "usage": [6, 7, 9]},
				{"appName": "주소록", "usage": [4, 5, 6]},
				{"appName": "알송", "usage": [7, 15, 17]},
				{"appName": "설정", "usage": [4, 7, 14]},
				{"appName": "Wi-Fi", "usage": [7, 8, 9]},
				{"appName": "Google Play 서비스", "usage": [4, 6, 10]},
				{"appName": "패키지 설치 프로그램", "usage": [6, 14]},
				{"appName": "Polar Beat", "usage": [6, 14]},
				{"appName": "Logger", "usage": [6, 14]},
				{"appName": "프레젠테이션", "usage": [4]},
				{"appName": "토스", "usage": [4]},
				{"appName": "메시지", "usage": [14]},
				{"appName": "드라이브", "usage": [4]},
				{"appName": "날씨", "usage": [6]},
				{"appName": "계산기", "usage": [12]},
				{"appName": "갤러리", "usage": [7]},
				{"appName": "YouTube", "usage": [22]},
				{"appName": "Facebook", "usage": [18]},
				{"appName": "Bluetooth", "usage": [6]}
			]
		},
		"maxTime": {
			"usage": 155,
			"details": [
				{"appName": "전화", "usage": 247},
				{"appName": "알람이", "usage": 154},
				{"appName": "카카오톡", "usage": 71},
				{"appName": "YouTube", "usage": 63},
				{"appName": "Chrome", "usage": 53},
				{"appName": "Paco", "usage": 37},
				{"appName": "Facebook", "usage": 12},
				{"appName": "기본홈", "usage": 10},
				{"appName": "Google", "usage": 7},
				{"appName": "주소록", "usage": 3},
				{"appName": "프레젠테이션", "usage": 2},
				{"appName": "드라이브", "usage": 1},
				{"appName": "알송", "usage": 1},
				{"appName": "Google Play 서비스", "usage": 1},
				{"appName": "계산기", "usage": 0},
				{"appName": "Wi-Fi", "usage": 0},
				{"appName": "Logger", "usage": 0},
				{"appName": "Polar Beat", "usage": 0},
				{"appName": "접근성", "usage": 0},
				{"appName": "시스템 UI", "usage": 0},
				{"appName": "설정", "usage": 0},
				{"appName": "Bluetooth", "usage": 0},
				{"appName": "토스", "usage": 0},
				{"appName": "날씨", "usage": 0},
				{"appName": "갤러리", "usage": 0},
				{"appName": "메시지", "usage": 0},
				{"appName": "패키지 설치 프로그램", "usage": 0},
				{"appName": "휴대전화", "usage": 0}
			]
		},
		"avgTime": {
			"usage": 3,
			"details": [
				{"appName": "알람이", "usage": 29},
				{"appName": "전화", "usage": 23},
				{"appName": "Chrome", "usage": 7},
				{"appName": "YouTube", "usage": 5},
				{"appName": "Google", "usage": 2},
				{"appName": "Paco", "usage": 1},
				{"appName": "Facebook", "usage": 1},
				{"appName": "프레젠테이션", "usage": 0},
				{"appName": "주소록", "usage": 0},
				{"appName": "카카오톡", "usage": 0},
				{"appName": "기본홈", "usage": 0},
				{"appName": "계산기", "usage": 0},
				{"appName": "드라이브", "usage": 0},
				{"appName": "Wi-Fi", "usage": 0},
				{"appName": "알송", "usage": 0},
				{"appName": "Google Play 서비스", "usage": 0},
				{"appName": "Logger", "usage": 0},
				{"appName": "Polar Beat", "usage": 0},
				{"appName": "시스템 UI", "usage": 0},
				{"appName": "설정", "usage": 0},
				{"appName": "접근성", "usage": 0},
				{"appName": "날씨", "usage": 0},
				{"appName": "갤러리", "usage": 0},
				{"appName": "Bluetooth", "usage": 0},
				{"appName": "메시지", "usage": 0},
				{"appName": "토스", "usage": 0},
				{"appName": "패키지 설치 프로그램", "usage": 0},
				{"appName": "휴대전화", "usage": 0}
			]
		},
		"lastPickup": {"time": 63}
	},
	{
		"date": 5,
		"totalTime": {
			"usage": 657,
			"details": [
				{"appName": "카카오톡", "usage": 448},
				{"appName": "설정", "usage": 145},
				{"appName": "Facebook", "usage": 34},
				{"appName": "기본홈", "usage": 18},
				{"appName": "YouTube", "usage": 12},
				{"appName": "주소록", "usage": 11},
				{"appName": "Chrome", "usage": 4},
				{"appName": "갤러리", "usage": 3},
				{"appName": "전화", "usage": 1},
				{"appName": "알람이", "usage": 0},
				{"appName": "카메라", "usage": 0},
				{"appName": "시스템 UI", "usage": 0},
				{"appName": "Google Play 서비스", "usage": 0},
				{"appName": "Android 시스템", "usage": 0},
				{"appName": "Google Play 스토어", "usage": 0},
				{"appName": "접근성", "usage": 0},
				{"appName": "휴대전화", "usage": 0}
			]
		},
		"pickups": {"usage": 37},
		"downTime": {
			"usage": [
				{"hour": "0", "usage": 12},
				{"hour": "2", "usage": 0},
				{"hour": "3", "usage": 4},
				{"hour": "4", "usage": 44},
				{"hour": "5", "usage": 60},
				{"hour": "6", "usage": 60},
				{"hour": "7", "usage": 60},
				{"hour": "8", "usage": 60},
				{"hour": "9", "usage": 60},
				{"hour": "10", "usage": 60},
				{"hour": "11", "usage": 57},
				{"hour": "12", "usage": 0},
				{"hour": "13", "usage": 26},
				{"hour": "14", "usage": 1},
				{"hour": "15", "usage": 16},
				{"hour": "16", "usage": 1},
				{"hour": "17", "usage": 15},
				{"hour": "18", "usage": 17},
				{"hour": "19", "usage": 8}
			],
			"details": [
				{"appName": "카카오톡", "usage": [0, 2, 3, 4, 5, 6, 7, 8, 9, 11, 12, 13, 14, 15, 16, 17, 19, 22]},
				{"appName": "기본홈", "usage": [2, 3, 9, 11, 13, 14, 17, 19]},
				{"appName": "시스템 UI", "usage": [2, 15, 17, 19]},
				{"appName": "카메라", "usage": [9, 13, 21]},
				{"appName": "설정", "usage": [9, 10, 11]},
				{"appName": "Facebook", "usage": [17, 18, 19]},
				{"appName": "주소록", "usage": [14, 15]},
				{"appName": "접근성", "usage": [17, 19]},
				{"appName": "전화", "usage": [3, 14]},
				{"appName": "YouTube", "usage": [0, 2]},
				{"appName": "휴대전화", "usage": [3]},
				{"appName": "알람이", "usage": [19]},
				{"appName": "갤러리", "usage": [13]},
				{"appName": "Google Play 스토어", "usage": [17]},
				{"appName": "Google Play 서비스", "usage": [15]},
				{"appName": "Chrome", "usage": [15]},
				{"appName": "Android 시스템", "usage": [15]}
			]
		},
		"maxTime": {
			"usage": 461,
			"details": [
				{"appName": "카카오톡", "usage": 292},
				{"appName": "설정", "usage": 145},
				{"appName": "Facebook", "usage": 17},
				{"appName": "YouTube", "usage": 11},
				{"appName": "주소록", "usage": 10},
				{"appName": "기본홈", "usage": 10},
				{"appName": "Chrome", "usage": 4},
				{"appName": "갤러리", "usage": 3},
				{"appName": "전화", "usage": 0},
				{"appName": "카메라", "usage": 0},
				{"appName": "알람이", "usage": 0},
				{"appName": "시스템 UI", "usage": 0},
				{"appName": "Google Play 서비스", "usage": 0},
				{"appName": "Android 시스템", "usage": 0},
				{"appName": "Google Play 스토어", "usage": 0},
				{"appName": "접근성", "usage": 0},
				{"appName": "휴대전화", "usage": 0}
			]
		},
		"avgTime": {
			"usage": 17,
			"details": [
				{"appName": "설정", "usage": 145},
				{"appName": "Facebook", "usage": 8},
				{"appName": "주소록", "usage": 3},
				{"appName": "갤러리", "usage": 3},
				{"appName": "YouTube", "usage": 3},
				{"appName": "카카오톡", "usage": 2},
				{"appName": "Chrome", "usage": 2},
				{"appName": "기본홈", "usage": 0},
				{"appName": "전화", "usage": 0},
				{"appName": "카메라", "usage": 0},
				{"appName": "시스템 UI", "usage": 0},
				{"appName": "알람이", "usage": 0},
				{"appName": "Google Play 서비스", "usage": 0},
				{"appName": "Android 시스템", "usage": 0},
				{"appName": "Google Play 스토어", "usage": 0},
				{"appName": "접근성", "usage": 0},
				{"appName": "휴대전화", "usage": 0}
			]
		},
		"lastPickup": {"time": 91}
	},
	{
		"date": 6,
		"totalTime": {
			"usage": 389,
			"details": [
				{"appName": "카카오톡", "usage": 256},
				{"appName": "알람이", "usage": 128},
				{"appName": "기본홈", "usage": 33},
				{"appName": "Paco", "usage": 20},
				{"appName": "Facebook", "usage": 18},
				{"appName": "메시지", "usage": 11},
				{"appName": "접근성", "usage": 8},
				{"appName": "Google Play 스토어", "usage": 2},
				{"appName": "원터치개인", "usage": 2},
				{"appName": "우체국 스마트뱅킹", "usage": 2},
				{"appName": "Chrome", "usage": 1},
				{"appName": "Polar Beat", "usage": 1},
				{"appName": "알송", "usage": 1},
				{"appName": "Google Play 서비스", "usage": 0},
				{"appName": "Clean Master", "usage": 0},
				{"appName": "Logger", "usage": 0},
				{"appName": "시스템 UI", "usage": 0},
				{"appName": "설정", "usage": 0},
				{"appName": "Bluetooth", "usage": 0},
				{"appName": "OneNote", "usage": 0},
				{"appName": "패키지 설치 프로그램", "usage": 0},
				{"appName": "주소록", "usage": 0}
			]
		},
		"pickups": {"usage": 88},
		"downTime": {
			"usage": [
				{"hour": "0", "usage": 56},
				{"hour": "1", "usage": 21},
				{"hour": "2", "usage": 21},
				{"hour": "3", "usage": 41},
				{"hour": "4", "usage": 7},
				{"hour": "5", "usage": 23},
				{"hour": "6", "usage": 38},
				{"hour": "7", "usage": 1},
				{"hour": "8", "usage": 1},
				{"hour": "9", "usage": 2},
				{"hour": "10", "usage": 0},
				{"hour": "11", "usage": 1},
				{"hour": "12", "usage": 17},
				{"hour": "14", "usage": 9},
				{"hour": "15", "usage": 1},
				{"hour": "16", "usage": 4},
				{"hour": "17", "usage": 4},
				{"hour": "19", "usage": 1},
				{"hour": "20", "usage": 4},
				{"hour": "21", "usage": 44},
				{"hour": "22", "usage": 59},
				{"hour": "23", "usage": 23}
			],
			"details": [
				{"appName": "카카오톡", "usage": [0, 1, 2, 3, 4, 5, 6, 7, 8, 9, 11, 12, 14, 15, 16, 17, 19, 20, 23]},
				{"appName": "기본홈", "usage": [0, 1, 2, 3, 4, 5, 6, 7, 8, 9, 10, 11, 12, 14, 15, 16, 20, 23]},
				{"appName": "접근성", "usage": [1, 2, 3, 6, 8, 9, 10, 14, 15]},
				{"appName": "Paco", "usage": [2, 3, 4, 5, 6, 7, 12, 14]},
				{"appName": "Logger", "usage": [1, 2, 8, 9, 10, 12, 14, 15]},
				{"appName": "알람이", "usage": [0, 1, 20, 21, 22, 23]},
				{"appName": "시스템 UI", "usage": [1, 3, 5, 9, 15, 23]},
				{"appName": "메시지", "usage": [1, 3, 4, 5, 14]},
				{"appName": "패키지 설치 프로그램", "usage": [1, 2, 8, 9]},
				{"appName": "Polar Beat", "usage": [1, 8, 9, 14]},
				{"appName": "Clean Master", "usage": [1, 5, 23]},
				{"appName": "Google Play 서비스", "usage": [1, 3]},
				{"appName": "Facebook", "usage": [5, 6]},
				{"appName": "주소록", "usage": [3]},
				{"appName": "원터치개인", "usage": [2]},
				{"appName": "우체국 스마트뱅킹", "usage": [2]},
				{"appName": "알송", "usage": [17]},
				{"appName": "설정", "usage": [8]},
				{"appName": "OneNote", "usage": [2]},
				{"appName": "Google Play 스토어", "usage": [1]},
				{"appName": "Chrome", "usage": [3]},
				{"appName": "Bluetooth", "usage": [1]}
			]
		},
		"maxTime": {
			"usage": 102,
			"details": [
				{"appName": "카카오톡", "usage": 55},
				{"appName": "알람이", "usage": 36},
				{"appName": "기본홈", "usage": 15},
				{"appName": "Facebook", "usage": 14},
				{"appName": "Paco", "usage": 13},
				{"appName": "메시지", "usage": 9},
				{"appName": "접근성", "usage": 6},
				{"appName": "원터치개인", "usage": 1},
				{"appName": "Google Play 스토어", "usage": 1},
				{"appName": "알송", "usage": 1},
				{"appName": "Chrome", "usage": 0},
				{"appName": "우체국 스마트뱅킹", "usage": 0},
				{"appName": "Google Play 서비스", "usage": 0},
				{"appName": "Polar Beat", "usage": 0},
				{"appName": "Clean Master", "usage": 0},
				{"appName": "Logger", "usage": 0},
				{"appName": "설정", "usage": 0},
				{"appName": "시스템 UI", "usage": 0},
				{"appName": "Bluetooth", "usage": 0},
				{"appName": "OneNote", "usage": 0},
				{"appName": "주소록", "usage": 0},
				{"appName": "패키지 설치 프로그램", "usage": 0}
			]
		},
		"avgTime": {
			"usage": 4,
			"details": [
				{"appName": "Facebook", "usage": 3},
				{"appName": "알람이", "usage": 1},
				{"appName": "카카오톡", "usage": 0},
				{"appName": "메시지", "usage": 0},
				{"appName": "기본홈", "usage": 0},
				{"appName": "Paco", "usage": 0},
				{"appName": "Google Play 스토어", "usage": 0},
				{"appName": "Chrome", "usage": 0},
				{"appName": "접근성", "usage": 0},
				{"appName": "알송", "usage": 0},
				{"appName": "Google Play 서비스", "usage": 0},
				{"appName": "원터치개인", "usage": 0},
				{"appName": "우체국 스마트뱅킹", "usage": 0},
				{"appName": "Polar Beat", "usage": 0},
				{"appName": "설정", "usage": 0},
				{"appName": "Clean Master", "usage": 0},
				{"appName": "시스템 UI", "usage": 0},
				{"appName": "Logger", "usage": 0},
				{"appName": "Bluetooth", "usage": 0},
				{"appName": "OneNote", "usage": 0},
				{"appName": "주소록", "usage": 0},
				{"appName": "패키지 설치 프로그램", "usage": 0}
			]
		},
		"lastPickup": {"time": 0}
	},
	{
		"date": 7,
		"totalTime": {
			"usage": 186,
			"details": [
				{"appName": "카카오톡", "usage": 139},
				{"appName": "기본홈", "usage": 30},
				{"appName": "Paco", "usage": 23},
				{"appName": "Polar Beat", "usage": 13},
				{"appName": "전화", "usage": 3},
				{"appName": "Facebook", "usage": 2},
				{"appName": "접근성", "usage": 1},
				{"appName": "메시지", "usage": 0},
				{"appName": "주소록", "usage": 0},
				{"appName": "Google", "usage": 0},
				{"appName": "Logger", "usage": 0},
				{"appName": "시스템 UI", "usage": 0},
				{"appName": "설정", "usage": 0},
				{"appName": "Shutdown Monitor", "usage": 0},
				{"appName": "카메라", "usage": 0},
				{"appName": "캘린더", "usage": 0},
				{"appName": "Bluetooth", "usage": 0},
				{"appName": "Google Play 서비스", "usage": 0},
				{"appName": "Clean Master", "usage": 0},
				{"appName": "휴대전화", "usage": 0},
				{"appName": "LG 키보드", "usage": 0},
				{"appName": "패키지 설치 프로그램", "usage": 0}
			]
		},
		"pickups": {"usage": 95},
		"downTime": {
			"usage": [
				{"hour": "0", "usage": 0},
				{"hour": "1", "usage": 23},
				{"hour": "2", "usage": 33},
				{"hour": "3", "usage": 3},
				{"hour": "4", "usage": 1},
				{"hour": "5", "usage": 3},
				{"hour": "6", "usage": 2},
				{"hour": "7", "usage": 35},
				{"hour": "8", "usage": 48},
				{"hour": "9", "usage": 4},
				{"hour": "11", "usage": 17},
				{"hour": "12", "usage": 10},
				{"hour": "13", "usage": 2}
			],
			"details": [
				{"appName": "기본홈", "usage": [0, 1, 2, 3, 5, 6, 7, 8, 9, 10, 11]},
				{"appName": "카카오톡", "usage": [1, 2, 3, 4, 5, 6, 7, 8, 9]},
				{"appName": "Paco", "usage": [1, 2, 3, 5, 6, 8, 9, 11, 12]},
				{"appName": "접근성", "usage": [1, 2, 3, 7, 11]},
				{"appName": "Polar Beat", "usage": [1, 7, 8, 9, 11]},
				{"appName": "패키지 설치 프로그램", "usage": [1, 7, 11]},
				{"appName": "카메라", "usage": [7, 9, 10]},
				{"appName": "전화", "usage": [2, 7, 8]},
				{"appName": "시스템 UI", "usage": [2, 7, 8]},
				{"appName": "Logger", "usage": [1, 7, 11]},
				{"appName": "휴대전화", "usage": [2, 8]},
				{"appName": "주소록", "usage": [7, 11]},
				{"appName": "설정", "usage": [7, 11]},
				{"appName": "메시지", "usage": [8, 11]},
				{"appName": "캘린더", "usage": [11]},
				{"appName": "Shutdown Monitor", "usage": [9]},
				{"appName": "LG 키보드", "usage": [8]},
				{"appName": "Google Play 서비스", "usage": [1]},
				{"appName": "Google", "usage": [1]},
				{"appName": "Facebook", "usage": [1]},
				{"appName": "Clean Master", "usage": [2]},
				{"appName": "Bluetooth", "usage": [1]}
			]
		},
		"maxTime": {
			"usage": 43,
			"details": [
				{"appName": "기본홈", "usage": 25},
				{"appName": "Paco", "usage": 19},
				{"appName": "카카오톡", "usage": 16},
				{"appName": "Polar Beat", "usage": 9},
				{"appName": "Facebook", "usage": 1},
				{"appName": "전화", "usage": 1},
				{"appName": "접근성", "usage": 0},
				{"appName": "주소록", "usage": 0},
				{"appName": "Google", "usage": 0},
				{"appName": "메시지", "usage": 0},
				{"appName": "시스템 UI", "usage": 0},
				{"appName": "설정", "usage": 0},
				{"appName": "Shutdown Monitor", "usage": 0},
				{"appName": "캘린더", "usage": 0},
				{"appName": "Logger", "usage": 0},
				{"appName": "카메라", "usage": 0},
				{"appName": "Bluetooth", "usage": 0},
				{"appName": "Google Play 서비스", "usage": 0},
				{"appName": "Clean Master", "usage": 0},
				{"appName": "LG 키보드", "usage": 0},
				{"appName": "휴대전화", "usage": 0},
				{"appName": "패키지 설치 프로그램", "usage": 0}
			]
		},
		"avgTime": {
			"usage": 1,
			"details": [
				{"appName": "Paco", "usage": 0},
				{"appName": "Facebook", "usage": 0},
				{"appName": "전화", "usage": 0},
				{"appName": "기본홈", "usage": 0},
				{"appName": "Polar Beat", "usage": 0},
				{"appName": "주소록", "usage": 0},
				{"appName": "Google", "usage": 0},
				{"appName": "카카오톡", "usage": 0},
				{"appName": "캘린더", "usage": 0},
				{"appName": "메시지", "usage": 0},
				{"appName": "접근성", "usage": 0},
				{"appName": "설정", "usage": 0},
				{"appName": "시스템 UI", "usage": 0},
				{"appName": "Google Play 서비스", "usage": 0},
				{"appName": "Clean Master", "usage": 0},
				{"appName": "카메라", "usage": 0},
				{"appName": "Shutdown Monitor", "usage": 0},
				{"appName": "Logger", "usage": 0},
				{"appName": "Bluetooth", "usage": 0},
				{"appName": "LG 키보드", "usage": 0},
				{"appName": "휴대전화", "usage": 0},
				{"appName": "패키지 설치 프로그램", "usage": 0}
			]
		},
		"lastPickup": {"time": 0}
	}
]
