[
	{
		"date": 1,
		"totalTime": {
			"usage": 426,
			"details": [
				{"appName": "Samsung Experience 홈", "usage": 8828},
				{"appName": "YouTube", "usage": 66},
				{"appName": "카카오톡", "usage": 64},
				{"appName": "Chrome", "usage": 60},
				{"appName": "Facebook", "usage": 57},
				{"appName": "아이모", "usage": 25},
				{"appName": "삼성 인터넷", "usage": 19},
				{"appName": "하스스톤", "usage": 17},
				{"appName": "Paco", "usage": 14},
				{"appName": "카카오페이지", "usage": 6},
				{"appName": "KLMS", "usage": 5},
				{"appName": "Wahoo", "usage": 5},
				{"appName": "우리카드", "usage": 4},
				{"appName": "드라이브", "usage": 4},
				{"appName": "메시지", "usage": 4},
				{"appName": "연락처", "usage": 3},
				{"appName": "Polar Beat", "usage": 3},
				{"appName": "PowerPoint", "usage": 3},
				{"appName": "내 파일", "usage": 3},
				{"appName": "설정", "usage": 3},
				{"appName": "시스템 UI", "usage": 3},
				{"appName": "갤러리", "usage": 2},
				{"appName": "네이버 지도", "usage": 2},
				{"appName": "메모", "usage": 1},
				{"appName": "컬쳐랜드", "usage": 1},
				{"appName": "위비뱅크", "usage": 1},
				{"appName": "원터치개인 삼성페이", "usage": 1},
				{"appName": "배달의민족", "usage": 1},
				{"appName": "시계", "usage": 0},
				{"appName": "Twitch", "usage": 0},
				{"appName": "똑똑가계부", "usage": 0},
				{"appName": "Samsung Pay", "usage": 0},
				{"appName": "SODA", "usage": 0},
				{"appName": "CaptivePortalLogin", "usage": 0},
				{"appName": "원터치알림", "usage": 0},
				{"appName": "후후", "usage": 0},
				{"appName": "카메라", "usage": 0},
				{"appName": "원스토어 서비스", "usage": 0},
				{"appName": "Google Play 뮤직", "usage": 0},
				{"appName": "안드로이드 시스템", "usage": 0},
				{"appName": "캘린더", "usage": 0},
				{"appName": "지도", "usage": 0},
				{"appName": "MUSINSA", "usage": 0},
				{"appName": "Arcane Tracker", "usage": 0},
				{"appName": "KAIST Library", "usage": 0},
				{"appName": "좋은 카메라", "usage": 0},
				{"appName": "Foodie", "usage": 0},
				{"appName": "시외버스 모바일", "usage": 0},
				{"appName": "네이버 사전", "usage": 0},
				{"appName": "롯데홈쇼핑", "usage": 0},
				{"appName": "원스토어", "usage": 0},
				{"appName": "전화", "usage": -168}
			]
		},
		"pickups": {"usage": 222},
		"downTime": {
			"usage": [
				{"hour": "0", "usage": 16},
				{"hour": "1", "usage": 23},
				{"hour": "2", "usage": 31},
				{"hour": "3", "usage": 33},
				{"hour": "4", "usage": 27},
				{"hour": "5", "usage": 30},
				{"hour": "6", "usage": 18},
				{"hour": "7", "usage": 25},
				{"hour": "8", "usage": 20},
				{"hour": "9", "usage": 25},
				{"hour": "10", "usage": 13},
				{"hour": "11", "usage": 31},
				{"hour": "12", "usage": 17},
				{"hour": "13", "usage": 20},
				{"hour": "14", "usage": 9},
				{"hour": "15", "usage": 10},
				{"hour": "16", "usage": 4},
				{"hour": "17", "usage": 3},
				{"hour": "18", "usage": 21},
				{"hour": "19", "usage": 16},
				{"hour": "22", "usage": 0},
				{"hour": "23", "usage": 24}
			],
			"details": [
				{"appName": "좋은 카메라", "usage": [0, 1, 2, 3, 4, 5, 6, 7, 8, 9, 10, 11, 12, 13, 14, 15, 16, 17, 18, 20, 21, 22, 23]},
				{"appName": "시스템 UI", "usage": [0, 1, 2, 3, 4, 5, 6, 7, 8, 9, 10, 11, 12, 13, 14, 15, 16, 17, 18, 23]},
				{"appName": "카카오톡", "usage": [1, 2, 3, 4, 5, 6, 7, 8, 9, 10, 11, 12, 13, 14, 15, 16, 17, 18, 23]},
				{"appName": "Facebook", "usage": [1, 2, 3, 4, 5, 6, 7, 8, 9, 10, 11, 12, 13, 15, 16, 17, 18]},
				{"appName": "Paco", "usage": [1, 2, 3, 4, 5, 6, 7, 8, 9, 10, 11, 12]},
				{"appName": "Chrome", "usage": [1, 2, 3, 4, 7, 8, 9, 11, 13, 15, 16, 18]},
				{"appName": "삼성 인터넷", "usage": [3, 4, 5, 7, 8, 9, 10, 11, 12, 14, 23]},
				{"appName": "YouTube", "usage": [3, 5, 8, 9, 10, 11, 12, 13, 18, 19]},
				{"appName": "아이모", "usage": [0, 7, 8, 10, 11, 15, 17]},
				{"appName": "설정", "usage": [3, 4, 6, 7, 12, 13, 23]},
				{"appName": "Samsung Experience 홈", "usage": [0, 1, 2, 3, 4, 5, 6]},
				{"appName": "연락처", "usage": [1, 3, 4, 7, 9, 11]},
				{"appName": "Polar Beat", "usage": [4, 5, 6, 7, 13, 23]},
				{"appName": "시계", "usage": [4, 5, 6, 22, 23]},
				{"appName": "Wahoo", "usage": [3, 4, 5, 6, 7]},
				{"appName": "원터치알림", "usage": [1, 9, 14, 15]},
				{"appName": "배달의민족", "usage": [2, 3, 8, 13]},
				{"appName": "메시지", "usage": [3, 7, 11, 12]},
				{"appName": "메모", "usage": [3, 12, 13, 18]},
				{"appName": "드라이브", "usage": [3, 4, 13, 23]},
				{"appName": "갤러리", "usage": [1, 8, 12, 13]},
				{"appName": "Twitch", "usage": [11, 13, 15, 16]},
				{"appName": "원스토어 서비스", "usage": [7, 8, 11]},
				{"appName": "우리카드", "usage": [3, 12, 15]},
				{"appName": "KLMS", "usage": [1, 13, 23]},
				{"appName": "후후", "usage": [2, 7]},
				{"appName": "하스스톤", "usage": [0, 8]},
				{"appName": "전화", "usage": [1, 3]},
				{"appName": "안드로이드 시스템", "usage": [7, 23]},
				{"appName": "똑똑가계부", "usage": [3, 14]},
				{"appName": "네이버 지도", "usage": [3, 4]},
				{"appName": "Samsung Pay", "usage": [3, 12]},
				{"appName": "SODA", "usage": [8, 16]},
				{"appName": "CaptivePortalLogin", "usage": [9, 10]},
				{"appName": "컬쳐랜드", "usage": [4]},
				{"appName": "캘린더", "usage": [8]},
				{"appName": "카카오페이지", "usage": [14]},
				{"appName": "카메라", "usage": [8]},
				{"appName": "지도", "usage": [3]},
				{"appName": "위비뱅크", "usage": [7]},
				{"appName": "원터치개인 삼성페이", "usage": [12]},
				{"appName": "원스토어", "usage": [17]},
				{"appName": "시외버스 모바일", "usage": [17]},
				{"appName": "롯데홈쇼핑", "usage": [13]},
				{"appName": "네이버 사전", "usage": [3]},
				{"appName": "내 파일", "usage": [7]},
				{"appName": "PowerPoint", "usage": [1]},
				{"appName": "MUSINSA", "usage": [17]},
				{"appName": "KAIST Library", "usage": [10]},
				{"appName": "Google Play 뮤직", "usage": [7]},
				{"appName": "Foodie", "usage": [16]},
				{"appName": "Arcane Tracker", "usage": [8]}
			]
		},
		"maxTime": {
			"usage": 37,
			"details": [
				{"appName": "Samsung Experience 홈", "usage": 8821},
				{"appName": "YouTube", "usage": 22},
				{"appName": "하스스톤", "usage": 13},
				{"appName": "Chrome", "usage": 8},
				{"appName": "카카오페이지", "usage": 5},
				{"appName": "Facebook", "usage": 5},
				{"appName": "아이모", "usage": 4},
				{"appName": "Paco", "usage": 3},
				{"appName": "삼성 인터넷", "usage": 3},
				{"appName": "내 파일", "usage": 2},
				{"appName": "우리카드", "usage": 2},
				{"appName": "PowerPoint", "usage": 1},
				{"appName": "카카오톡", "usage": 1},
				{"appName": "드라이브", "usage": 1},
				{"appName": "설정", "usage": 1},
				{"appName": "갤러리", "usage": 1},
				{"appName": "연락처", "usage": 1},
				{"appName": "전화", "usage": 1},
				{"appName": "KLMS", "usage": 0},
				{"appName": "컬쳐랜드", "usage": 0},
				{"appName": "Wahoo", "usage": 0},
				{"appName": "네이버 지도", "usage": 0},
				{"appName": "메시지", "usage": 0},
				{"appName": "Polar Beat", "usage": 0},
				{"appName": "원터치개인 삼성페이", "usage": 0},
				{"appName": "똑똑가계부", "usage": 0},
				{"appName": "시계", "usage": 0},
				{"appName": "Samsung Pay", "usage": 0},
				{"appName": "Twitch", "usage": 0},
				{"appName": "배달의민족", "usage": 0},
				{"appName": "SODA", "usage": 0},
				{"appName": "메모", "usage": 0},
				{"appName": "카메라", "usage": 0},
				{"appName": "Google Play 뮤직", "usage": 0},
				{"appName": "시스템 UI", "usage": 0},
				{"appName": "위비뱅크", "usage": 0},
				{"appName": "CaptivePortalLogin", "usage": 0},
				{"appName": "후후", "usage": 0},
				{"appName": "원터치알림", "usage": 0},
				{"appName": "지도", "usage": 0},
				{"appName": "MUSINSA", "usage": 0},
				{"appName": "안드로이드 시스템", "usage": 0},
				{"appName": "원스토어 서비스", "usage": 0},
				{"appName": "캘린더", "usage": 0},
				{"appName": "KAIST Library", "usage": 0},
				{"appName": "Arcane Tracker", "usage": 0},
				{"appName": "Foodie", "usage": 0},
				{"appName": "시외버스 모바일", "usage": 0},
				{"appName": "좋은 카메라", "usage": 0},
				{"appName": "네이버 사전", "usage": 0},
				{"appName": "롯데홈쇼핑", "usage": 0},
				{"appName": "원스토어", "usage": 0}
			]
		},
		"avgTime": {
			"usage": 1,
			"details": [
				{"appName": "Samsung Experience 홈", "usage": 81},
				{"appName": "하스스톤", "usage": 5},
				{"appName": "YouTube", "usage": 2},
				{"appName": "내 파일", "usage": 1},
				{"appName": "Chrome", "usage": 1},
				{"appName": "PowerPoint", "usage": 1},
				{"appName": "우리카드", "usage": 1},
				{"appName": "아이모", "usage": 0},
				{"appName": "삼성 인터넷", "usage": 0},
				{"appName": "갤러리", "usage": 0},
				{"appName": "드라이브", "usage": 0},
				{"appName": "Facebook", "usage": 0},
				{"appName": "카카오페이지", "usage": 0},
				{"appName": "Wahoo", "usage": 0},
				{"appName": "네이버 지도", "usage": 0},
				{"appName": "컬쳐랜드", "usage": 0},
				{"appName": "Paco", "usage": 0},
				{"appName": "카메라", "usage": 0},
				{"appName": "똑똑가계부", "usage": 0},
				{"appName": "Samsung Pay", "usage": 0},
				{"appName": "연락처", "usage": 0},
				{"appName": "메시지", "usage": 0},
				{"appName": "KLMS", "usage": 0},
				{"appName": "설정", "usage": 0},
				{"appName": "SODA", "usage": 0},
				{"appName": "원터치개인 삼성페이", "usage": 0},
				{"appName": "CaptivePortalLogin", "usage": 0},
				{"appName": "Google Play 뮤직", "usage": 0},
				{"appName": "카카오톡", "usage": 0},
				{"appName": "Polar Beat", "usage": 0},
				{"appName": "시계", "usage": 0},
				{"appName": "지도", "usage": 0},
				{"appName": "메모", "usage": 0},
				{"appName": "Twitch", "usage": 0},
				{"appName": "배달의민족", "usage": 0},
				{"appName": "안드로이드 시스템", "usage": 0},
				{"appName": "위비뱅크", "usage": 0},
				{"appName": "원터치알림", "usage": 0},
				{"appName": "캘린더", "usage": 0},
				{"appName": "Arcane Tracker", "usage": 0},
				{"appName": "후후", "usage": 0},
				{"appName": "원스토어 서비스", "usage": 0},
				{"appName": "시스템 UI", "usage": 0},
				{"appName": "MUSINSA", "usage": 0},
				{"appName": "KAIST Library", "usage": 0},
				{"appName": "Foodie", "usage": 0},
				{"appName": "시외버스 모바일", "usage": 0},
				{"appName": "네이버 사전", "usage": 0},
				{"appName": "좋은 카메라", "usage": 0},
				{"appName": "롯데홈쇼핑", "usage": 0},
				{"appName": "원스토어", "usage": 0},
				{"appName": "전화", "usage": -18}
			]
		},
		"lastPickup": {"time": 0}
	},
	{
		"date": 2,
		"totalTime": {
			"usage": 510,
			"details": [
				{"appName": "YouTube", "usage": 87},
				{"appName": "Facebook", "usage": 64},
				{"appName": "카카오톡", "usage": 59},
				{"appName": "Chrome", "usage": 53},
				{"appName": "Twitch", "usage": 39},
				{"appName": "삼성 인터넷", "usage": 33},
				{"appName": "드라이브", "usage": 26},
				{"appName": "아이모", "usage": 20},
				{"appName": "우리카드", "usage": 13},
				{"appName": "Paco", "usage": 12},
				{"appName": "설정", "usage": 7},
				{"appName": "갤러리", "usage": 7},
				{"appName": "메시지", "usage": 5},
				{"appName": "시스템 UI", "usage": 5},
				{"appName": "좋은 카메라", "usage": 3},
				{"appName": "Polar Beat", "usage": 3},
				{"appName": "밥대생", "usage": 3},
				{"appName": "전화", "usage": 3},
				{"appName": "캘린더", "usage": 2},
				{"appName": "KLMS", "usage": 2},
				{"appName": "시계", "usage": 1},
				{"appName": "메모", "usage": 1},
				{"appName": "Google Play 서비스", "usage": 1},
				{"appName": "배달의민족", "usage": 1},
				{"appName": "Samsung Pay", "usage": 0},
				{"appName": "네이버 사전", "usage": 0},
				{"appName": "똑똑가계부", "usage": 0},
				{"appName": "지도", "usage": 0},
				{"appName": "연락처", "usage": 0},
				{"appName": "원스토어", "usage": 0},
				{"appName": "카메라", "usage": 0},
				{"appName": "Arcane Tracker", "usage": 0},
				{"appName": "내 파일", "usage": 0},
				{"appName": "Logger", "usage": 0},
				{"appName": "Dropsync", "usage": 0},
				{"appName": "원스토어 서비스", "usage": 0},
				{"appName": "CaptivePortalLogin", "usage": 0},
				{"appName": "안드로이드 시스템", "usage": 0},
				{"appName": "원터치알림", "usage": 0},
				{"appName": "SODA", "usage": 0},
				{"appName": "위비뱅크", "usage": 0},
				{"appName": "한컴오피스 viewer", "usage": 0},
				{"appName": "Google Play 뮤직", "usage": 0},
				{"appName": "PASS", "usage": 0},
				{"appName": "삼성 키보드", "usage": 0},
				{"appName": "패키지 설치 프로그램", "usage": 0},
				{"appName": "이메일", "usage": 0},
				{"appName": "Samsung Experience 홈", "usage": -1054},
				{"appName": "하스스톤", "usage": -139309021213189}
			]
		},
		"pickups": {"usage": 194},
		"downTime": {
			"usage": [
				{"hour": "1", "usage": 22},
				{"hour": "2", "usage": 43},
				{"hour": "3", "usage": 31},
				{"hour": "4", "usage": 17},
				{"hour": "5", "usage": 35},
				{"hour": "6", "usage": 43},
				{"hour": "7", "usage": 30},
				{"hour": "8", "usage": 32},
				{"hour": "9", "usage": 15},
				{"hour": "10", "usage": 36},
				{"hour": "11", "usage": 15},
				{"hour": "12", "usage": 15},
				{"hour": "13", "usage": 13},
				{"hour": "14", "usage": 36},
				{"hour": "15", "usage": 44},
				{"hour": "16", "usage": 17},
				{"hour": "17", "usage": 1},
				{"hour": "18", "usage": 1},
				{"hour": "19", "usage": 38},
				{"hour": "20", "usage": 15},
				{"hour": "21", "usage": 0},
				{"hour": "23", "usage": 0}
			],
			"details": [
				{"appName": "좋은 카메라", "usage": [0, 1, 2, 3, 4, 5, 6, 7, 8, 9, 10, 11, 12, 13, 14, 15, 16, 17, 18, 19, 20, 21, 22, 23]},
				{"appName": "시스템 UI", "usage": [1, 2, 3, 4, 5, 6, 7, 8, 9, 10, 11, 12, 13, 14, 15, 16, 17, 18, 19, 20]},
				{"appName": "카카오톡", "usage": [1, 2, 3, 4, 5, 6, 7, 8, 9, 10, 11, 12, 13, 14, 15, 16, 19]},
				{"appName": "Chrome", "usage": [1, 2, 4, 5, 6, 7, 8, 9, 10, 11, 12, 14, 15, 16, 17, 18, 19]},
				{"appName": "Facebook", "usage": [1, 2, 6, 7, 8, 9, 10, 11, 12, 13, 14, 15, 16, 17, 18, 19]},
				{"appName": "삼성 인터넷", "usage": [2, 3, 4, 7, 9, 14, 15, 16, 17, 18, 19, 20, 21, 22, 23]},
				{"appName": "Paco", "usage": [1, 2, 3, 4, 5, 6, 7, 8, 9, 10, 11, 12, 13, 14]},
				{"appName": "YouTube", "usage": [1, 2, 3, 5, 7, 11, 12, 13, 14, 15, 16, 19, 20]},
				{"appName": "Samsung Experience 홈", "usage": [1, 2, 3, 4, 5, 6, 7, 8, 9, 10]},
				{"appName": "아이모", "usage": [1, 2, 5, 6, 8, 9, 13, 16]},
				{"appName": "설정", "usage": [4, 5, 6, 9, 10, 11, 13, 14]},
				{"appName": "시계", "usage": [1, 3, 4, 11, 12, 19, 23]},
				{"appName": "Polar Beat", "usage": [1, 4, 5, 9, 10, 13, 14]},
				{"appName": "메모", "usage": [2, 3, 8, 9, 11, 19]},
				{"appName": "Twitch", "usage": [7, 11, 12, 14, 15, 19]},
				{"appName": "메시지", "usage": [6, 7, 8, 9, 14]},
				{"appName": "갤러리", "usage": [4, 9, 14, 16, 19]},
				{"appName": "캘린더", "usage": [2, 5, 14, 19]},
				{"appName": "연락처", "usage": [5, 8, 9, 19]},
				{"appName": "Arcane Tracker", "usage": [6, 7, 8, 10]},
				{"appName": "패키지 설치 프로그램", "usage": [4, 5, 15]},
				{"appName": "똑똑가계부", "usage": [2, 10, 14]},
				{"appName": "드라이브", "usage": [2, 5, 6]},
				{"appName": "전화", "usage": [9, 19]},
				{"appName": "원터치알림", "usage": [10, 11]},
				{"appName": "원스토어 서비스", "usage": [2, 9]},
				{"appName": "우리카드", "usage": [2, 14]},
				{"appName": "배달의민족", "usage": [6, 9]},
				{"appName": "내 파일", "usage": [4, 5]},
				{"appName": "Samsung Pay", "usage": [2, 14]},
				{"appName": "KLMS", "usage": [1, 2]},
				{"appName": "Google Play 뮤직", "usage": [8, 11]},
				{"appName": "한컴오피스 viewer", "usage": [4]},
				{"appName": "카메라", "usage": [7]},
				{"appName": "지도", "usage": [9]},
				{"appName": "이메일", "usage": [12]},
				{"appName": "위비뱅크", "usage": [8]},
				{"appName": "원스토어", "usage": [2]},
				{"appName": "안드로이드 시스템", "usage": [9]},
				{"appName": "삼성 키보드", "usage": [7]},
				{"appName": "밥대생", "usage": [8]},
				{"appName": "네이버 사전", "usage": [6]},
				{"appName": "SODA", "usage": [1]},
				{"appName": "PASS", "usage": [6]},
				{"appName": "Logger", "usage": [5]},
				{"appName": "Google Play 서비스", "usage": [9]},
				{"appName": "Dropsync", "usage": [5]},
				{"appName": "CaptivePortalLogin", "usage": [9]},
				{"appName": "하스스톤", "usage": []}
			]
		},
		"maxTime": {
			"usage": 53,
			"details": [
				{"appName": "YouTube", "usage": 21},
				{"appName": "Twitch", "usage": 15},
				{"appName": "우리카드", "usage": 12},
				{"appName": "삼성 인터넷", "usage": 9},
				{"appName": "갤러리", "usage": 5},
				{"appName": "설정", "usage": 5},
				{"appName": "Samsung Experience 홈", "usage": 5},
				{"appName": "Chrome", "usage": 4},
				{"appName": "밥대생", "usage": 3},
				{"appName": "아이모", "usage": 3},
				{"appName": "드라이브", "usage": 2},
				{"appName": "카카오톡", "usage": 2},
				{"appName": "Facebook", "usage": 2},
				{"appName": "메시지", "usage": 2},
				{"appName": "좋은 카메라", "usage": 1},
				{"appName": "전화", "usage": 1},
				{"appName": "KLMS", "usage": 0},
				{"appName": "Paco", "usage": 0},
				{"appName": "배달의민족", "usage": 0},
				{"appName": "캘린더", "usage": 0},
				{"appName": "Google Play 서비스", "usage": 0},
				{"appName": "시계", "usage": 0},
				{"appName": "Samsung Pay", "usage": 0},
				{"appName": "지도", "usage": 0},
				{"appName": "시스템 UI", "usage": 0},
				{"appName": "Polar Beat", "usage": 0},
				{"appName": "네이버 사전", "usage": 0},
				{"appName": "똑똑가계부", "usage": 0},
				{"appName": "메모", "usage": 0},
				{"appName": "연락처", "usage": 0},
				{"appName": "카메라", "usage": 0},
				{"appName": "원스토어", "usage": 0},
				{"appName": "Logger", "usage": 0},
				{"appName": "Arcane Tracker", "usage": 0},
				{"appName": "Dropsync", "usage": 0},
				{"appName": "CaptivePortalLogin", "usage": 0},
				{"appName": "내 파일", "usage": 0},
				{"appName": "안드로이드 시스템", "usage": 0},
				{"appName": "원스토어 서비스", "usage": 0},
				{"appName": "원터치알림", "usage": 0},
				{"appName": "위비뱅크", "usage": 0},
				{"appName": "삼성 키보드", "usage": 0},
				{"appName": "PASS", "usage": 0},
				{"appName": "SODA", "usage": 0},
				{"appName": "한컴오피스 viewer", "usage": 0},
				{"appName": "Google Play 뮤직", "usage": 0},
				{"appName": "이메일", "usage": 0},
				{"appName": "패키지 설치 프로그램", "usage": 0},
				{"appName": "하스스톤", "usage": 0}
			]
		},
		"avgTime": {
			"usage": 2,
			"details": [
				{"appName": "우리카드", "usage": 3},
				{"appName": "Twitch", "usage": 2},
				{"appName": "YouTube", "usage": 1},
				{"appName": "밥대생", "usage": 1},
				{"appName": "아이모", "usage": 0},
				{"appName": "갤러리", "usage": 0},
				{"appName": "드라이브", "usage": 0},
				{"appName": "삼성 인터넷", "usage": 0},
				{"appName": "Chrome", "usage": 0},
				{"appName": "전화", "usage": 0},
				{"appName": "설정", "usage": 0},
				{"appName": "메시지", "usage": 0},
				{"appName": "Facebook", "usage": 0},
				{"appName": "지도", "usage": 0},
				{"appName": "Samsung Pay", "usage": 0},
				{"appName": "똑똑가계부", "usage": 0},
				{"appName": "배달의민족", "usage": 0},
				{"appName": "캘린더", "usage": 0},
				{"appName": "네이버 사전", "usage": 0},
				{"appName": "Paco", "usage": 0},
				{"appName": "카메라", "usage": 0},
				{"appName": "Polar Beat", "usage": 0},
				{"appName": "KLMS", "usage": 0},
				{"appName": "카카오톡", "usage": 0},
				{"appName": "CaptivePortalLogin", "usage": 0},
				{"appName": "시계", "usage": 0},
				{"appName": "메모", "usage": 0},
				{"appName": "좋은 카메라", "usage": 0},
				{"appName": "Logger", "usage": 0},
				{"appName": "Google Play 서비스", "usage": 0},
				{"appName": "원스토어", "usage": 0},
				{"appName": "Dropsync", "usage": 0},
				{"appName": "연락처", "usage": 0},
				{"appName": "내 파일", "usage": 0},
				{"appName": "Arcane Tracker", "usage": 0},
				{"appName": "원스토어 서비스", "usage": 0},
				{"appName": "삼성 키보드", "usage": 0},
				{"appName": "시스템 UI", "usage": 0},
				{"appName": "SODA", "usage": 0},
				{"appName": "안드로이드 시스템", "usage": 0},
				{"appName": "원터치알림", "usage": 0},
				{"appName": "위비뱅크", "usage": 0},
				{"appName": "한컴오피스 viewer", "usage": 0},
				{"appName": "Google Play 뮤직", "usage": 0},
				{"appName": "이메일", "usage": 0},
				{"appName": "PASS", "usage": 0},
				{"appName": "패키지 설치 프로그램", "usage": 0},
				{"appName": "Samsung Experience 홈", "usage": -8},
				{"appName": "하스스톤", "usage": -139309021213189}
			]
		},
		"lastPickup": {"time": 0}
	},
	{
		"date": 3,
		"totalTime": {
			"usage": 366,
			"details": [
				{"appName": "Samsung Experience 홈", "usage": 63},
				{"appName": "YouTube", "usage": 59},
				{"appName": "카카오톡", "usage": 58},
				{"appName": "Twitch", "usage": 35},
				{"appName": "하스스톤", "usage": 33},
				{"appName": "Chrome", "usage": 31},
				{"appName": "삼성 인터넷", "usage": 28},
				{"appName": "아이모", "usage": 24},
				{"appName": "Facebook", "usage": 13},
				{"appName": "전화", "usage": 11},
				{"appName": "Paco", "usage": 8},
				{"appName": "Polar Beat", "usage": 6},
				{"appName": "밥대생", "usage": 5},
				{"appName": "Samsung Pay", "usage": 5},
				{"appName": "설정", "usage": 4},
				{"appName": "우리카드", "usage": 2},
				{"appName": "갤러리", "usage": 2},
				{"appName": "SODA", "usage": 2},
				{"appName": "시스템 UI", "usage": 1},
				{"appName": "KLMS", "usage": 1},
				{"appName": "메시지", "usage": 1},
				{"appName": "똑똑가계부", "usage": 1},
				{"appName": "이메일", "usage": 1},
				{"appName": "시계", "usage": 0},
				{"appName": "메모", "usage": 0},
				{"appName": "연락처", "usage": 0},
				{"appName": "Gmail", "usage": 0},
				{"appName": "원터치개인 삼성페이", "usage": 0},
				{"appName": "Foodie", "usage": 0},
				{"appName": "원스토어", "usage": 0},
				{"appName": "배달의민족", "usage": 0},
				{"appName": "카메라", "usage": 0},
				{"appName": "캘린더", "usage": 0},
				{"appName": "Logger", "usage": 0},
				{"appName": "Arcane Tracker", "usage": 0},
				{"appName": "원터치알림", "usage": 0},
				{"appName": "Google", "usage": 0},
				{"appName": "좋은 카메라", "usage": 0},
				{"appName": "원스토어 서비스", "usage": 0},
				{"appName": "Google Play 뮤직", "usage": 0},
				{"appName": "패키지 설치 프로그램", "usage": 0},
				{"appName": "롯데홈쇼핑", "usage": 0}
			]
		},
		"pickups": {"usage": 233},
		"downTime": {
			"usage": [
				{"hour": "0", "usage": 24},
				{"hour": "1", "usage": 24},
				{"hour": "2", "usage": 30},
				{"hour": "3", "usage": 15},
				{"hour": "4", "usage": 41},
				{"hour": "5", "usage": 36},
				{"hour": "6", "usage": 22},
				{"hour": "7", "usage": 31},
				{"hour": "8", "usage": 20},
				{"hour": "9", "usage": 10},
				{"hour": "10", "usage": 20},
				{"hour": "11", "usage": 12},
				{"hour": "12", "usage": 4},
				{"hour": "13", "usage": 5},
				{"hour": "14", "usage": 13},
				{"hour": "15", "usage": 7},
				{"hour": "16", "usage": 9},
				{"hour": "17", "usage": 3},
				{"hour": "18", "usage": 30},
				{"hour": "19", "usage": 0},
				{"hour": "20", "usage": 0}
			],
			"details": [
				{"appName": "좋은 카메라", "usage": [0, 1, 2, 3, 4, 5, 6, 7, 8, 9, 10, 11, 12, 13, 14, 15, 16, 17, 18, 19, 20]},
				{"appName": "카카오톡", "usage": [0, 2, 3, 4, 5, 6, 7, 8, 9, 10, 11, 12, 13, 14, 15, 16, 17, 18, 19, 20]},
				{"appName": "Samsung Experience 홈", "usage": [0, 1, 2, 3, 4, 5, 6, 7, 8, 9, 10, 11, 12, 13, 14, 15, 16, 17, 18]},
				{"appName": "시스템 UI", "usage": [0, 2, 3, 4, 5, 6, 7, 8, 9, 10, 11, 12, 13, 14, 15, 16, 17, 18]},
				{"appName": "삼성 인터넷", "usage": [0, 4, 5, 6, 7, 8, 9, 10, 11, 12, 13, 14, 15]},
				{"appName": "Facebook", "usage": [2, 3, 4, 6, 7, 8, 9, 10, 11, 14, 15, 16, 18]},
				{"appName": "Paco", "usage": [1, 2, 4, 5, 6, 7, 8, 9, 10, 11, 12, 14]},
				{"appName": "Chrome", "usage": [2, 4, 5, 6, 7, 8, 9, 10, 13, 16, 17, 18]},
				{"appName": "YouTube", "usage": [0, 2, 3, 4, 5, 7, 8, 15, 18]},
				{"appName": "설정", "usage": [0, 3, 5, 6, 8, 10, 11, 14]},
				{"appName": "Polar Beat", "usage": [0, 3, 5, 6, 8, 10, 11, 14]},
				{"appName": "갤러리", "usage": [1, 3, 8, 10, 13, 14, 16]},
				{"appName": "연락처", "usage": [3, 6, 7, 10, 12, 13]},
				{"appName": "아이모", "usage": [2, 5, 7, 9, 13, 14]},
				{"appName": "전화", "usage": [6, 9, 10, 11, 12]},
				{"appName": "시계", "usage": [1, 2, 3, 6, 14]},
				{"appName": "배달의민족", "usage": [6, 7, 8, 10, 11]},
				{"appName": "메시지", "usage": [7, 9, 10, 17, 18]},
				{"appName": "Twitch", "usage": [1, 2, 3, 4, 7]},
				{"appName": "Samsung Pay", "usage": [2, 3, 9, 14]},
				{"appName": "하스스톤", "usage": [4, 5, 7]},
				{"appName": "우리카드", "usage": [9, 12, 14]},
				{"appName": "밥대생", "usage": [0, 1, 7]},
				{"appName": "메모", "usage": [3, 6, 14]},
				{"appName": "똑똑가계부", "usage": [3, 9, 14]},
				{"appName": "SODA", "usage": [10, 14, 16]},
				{"appName": "이메일", "usage": [17, 18]},
				{"appName": "원스토어", "usage": [6, 13]},
				{"appName": "KLMS", "usage": [3, 6]},
				{"appName": "Gmail", "usage": [5, 8]},
				{"appName": "Foodie", "usage": [14, 16]},
				{"appName": "Arcane Tracker", "usage": [4, 7]},
				{"appName": "패키지 설치 프로그램", "usage": [3]},
				{"appName": "캘린더", "usage": [14]},
				{"appName": "카메라", "usage": [13]},
				{"appName": "원터치알림", "usage": [7]},
				{"appName": "원터치개인 삼성페이", "usage": [2]},
				{"appName": "원스토어 서비스", "usage": [13]},
				{"appName": "롯데홈쇼핑", "usage": [11]},
				{"appName": "Logger", "usage": [3]},
				{"appName": "Google Play 뮤직", "usage": [14]},
				{"appName": "Google", "usage": [0]}
			]
		},
		"maxTime": {
			"usage": 34,
			"details": [
				{"appName": "하스스톤", "usage": 22},
				{"appName": "Twitch", "usage": 14},
				{"appName": "YouTube", "usage": 13},
				{"appName": "Samsung Experience 홈", "usage": 11},
				{"appName": "아이모", "usage": 9},
				{"appName": "삼성 인터넷", "usage": 5},
				{"appName": "카카오톡", "usage": 5},
				{"appName": "Chrome", "usage": 5},
				{"appName": "밥대생", "usage": 5},
				{"appName": "전화", "usage": 5},
				{"appName": "Polar Beat", "usage": 3},
				{"appName": "Samsung Pay", "usage": 2},
				{"appName": "설정", "usage": 2},
				{"appName": "갤러리", "usage": 1},
				{"appName": "우리카드", "usage": 1},
				{"appName": "Facebook", "usage": 1},
				{"appName": "KLMS", "usage": 0},
				{"appName": "이메일", "usage": 0},
				{"appName": "SODA", "usage": 0},
				{"appName": "Paco", "usage": 0},
				{"appName": "메시지", "usage": 0},
				{"appName": "Gmail", "usage": 0},
				{"appName": "똑똑가계부", "usage": 0},
				{"appName": "시계", "usage": 0},
				{"appName": "Foodie", "usage": 0},
				{"appName": "메모", "usage": 0},
				{"appName": "원스토어", "usage": 0},
				{"appName": "카메라", "usage": 0},
				{"appName": "원터치개인 삼성페이", "usage": 0},
				{"appName": "연락처", "usage": 0},
				{"appName": "캘린더", "usage": 0},
				{"appName": "Logger", "usage": 0},
				{"appName": "시스템 UI", "usage": 0},
				{"appName": "배달의민족", "usage": 0},
				{"appName": "Arcane Tracker", "usage": 0},
				{"appName": "원터치알림", "usage": 0},
				{"appName": "Google", "usage": 0},
				{"appName": "원스토어 서비스", "usage": 0},
				{"appName": "Google Play 뮤직", "usage": 0},
				{"appName": "패키지 설치 프로그램", "usage": 0},
				{"appName": "좋은 카메라", "usage": 0},
				{"appName": "롯데홈쇼핑", "usage": 0}
			]
		},
		"avgTime": {
			"usage": 1,
			"details": [
				{"appName": "하스스톤", "usage": 6},
				{"appName": "YouTube", "usage": 2},
				{"appName": "Twitch", "usage": 1},
				{"appName": "아이모", "usage": 1},
				{"appName": "우리카드", "usage": 0},
				{"appName": "전화", "usage": 0},
				{"appName": "Chrome", "usage": 0},
				{"appName": "삼성 인터넷", "usage": 0},
				{"appName": "이메일", "usage": 0},
				{"appName": "밥대생", "usage": 0},
				{"appName": "Samsung Pay", "usage": 0},
				{"appName": "Gmail", "usage": 0},
				{"appName": "갤러리", "usage": 0},
				{"appName": "Polar Beat", "usage": 0},
				{"appName": "똑똑가계부", "usage": 0},
				{"appName": "Facebook", "usage": 0},
				{"appName": "SODA", "usage": 0},
				{"appName": "카메라", "usage": 0},
				{"appName": "메시지", "usage": 0},
				{"appName": "Foodie", "usage": 0},
				{"appName": "KLMS", "usage": 0},
				{"appName": "Samsung Experience 홈", "usage": 0},
				{"appName": "설정", "usage": 0},
				{"appName": "카카오톡", "usage": 0},
				{"appName": "Paco", "usage": 0},
				{"appName": "시계", "usage": 0},
				{"appName": "원터치개인 삼성페이", "usage": 0},
				{"appName": "Logger", "usage": 0},
				{"appName": "연락처", "usage": 0},
				{"appName": "메모", "usage": 0},
				{"appName": "캘린더", "usage": 0},
				{"appName": "원스토어", "usage": 0},
				{"appName": "Arcane Tracker", "usage": 0},
				{"appName": "Google", "usage": 0},
				{"appName": "배달의민족", "usage": 0},
				{"appName": "원터치알림", "usage": 0},
				{"appName": "시스템 UI", "usage": 0},
				{"appName": "원스토어 서비스", "usage": 0},
				{"appName": "Google Play 뮤직", "usage": 0},
				{"appName": "패키지 설치 프로그램", "usage": 0},
				{"appName": "좋은 카메라", "usage": 0},
				{"appName": "롯데홈쇼핑", "usage": 0}
			]
		},
		"lastPickup": {"time": 0}
	},
	{
		"date": 4,
		"totalTime": {
			"usage": 391,
			"details": [
				{"appName": "Twitch", "usage": 104},
				{"appName": "YouTube", "usage": 61},
				{"appName": "Facebook", "usage": 41},
				{"appName": "카카오톡", "usage": 41},
				{"appName": "하스스톤", "usage": 39},
				{"appName": "Chrome", "usage": 26},
				{"appName": "아이모", "usage": 26},
				{"appName": "전화", "usage": 19},
				{"appName": "Samsung Experience 홈", "usage": 15},
				{"appName": "Paco", "usage": 2},
				{"appName": "시스템 UI", "usage": 1},
				{"appName": "KLMS", "usage": 1},
				{"appName": "연락처", "usage": 0},
				{"appName": "위비뱅크", "usage": 0},
				{"appName": "원스토어", "usage": 0},
				{"appName": "시계", "usage": 0},
				{"appName": "갤러리", "usage": 0},
				{"appName": "설정", "usage": 0},
				{"appName": "PowerPoint", "usage": 0},
				{"appName": "Polar Beat", "usage": 0},
				{"appName": "SODA", "usage": 0},
				{"appName": "Logger", "usage": 0},
				{"appName": "메모", "usage": 0},
				{"appName": "원스토어 서비스", "usage": 0},
				{"appName": "원터치알림", "usage": 0},
				{"appName": "Arcane Tracker", "usage": 0},
				{"appName": "문서", "usage": 0},
				{"appName": "삼성 키보드", "usage": 0},
				{"appName": "패키지 설치 프로그램", "usage": 0}
			]
		},
		"pickups": {"usage": 148},
		"downTime": {
			"usage": [
				{"hour": "0", "usage": 0},
				{"hour": "1", "usage": 0},
				{"hour": "2", "usage": 42},
				{"hour": "3", "usage": 25},
				{"hour": "4", "usage": 3},
				{"hour": "5", "usage": 51},
				{"hour": "6", "usage": 18},
				{"hour": "7", "usage": 40},
				{"hour": "8", "usage": 34},
				{"hour": "9", "usage": 7},
				{"hour": "10", "usage": 51},
				{"hour": "11", "usage": 30},
				{"hour": "12", "usage": 20},
				{"hour": "13", "usage": 2},
				{"hour": "14", "usage": 3},
				{"hour": "15", "usage": 4},
				{"hour": "16", "usage": 5},
				{"hour": "17", "usage": 1},
				{"hour": "18", "usage": 21},
				{"hour": "19", "usage": 26}
			],
			"details": [
				{"appName": "Samsung Experience 홈", "usage": [1, 2, 3, 4, 5, 6, 7, 8, 9, 10, 11, 12, 13, 14, 15, 16, 17, 18]},
				{"appName": "카카오톡", "usage": [2, 3, 4, 5, 6, 7, 8, 9, 10, 11, 12, 13, 14, 15, 16, 17, 18]},
				{"appName": "시스템 UI", "usage": [2, 3, 4, 5, 6, 7, 8, 9, 10, 11, 12, 13, 14, 15, 16, 17, 18]},
				{"appName": "Chrome", "usage": [2, 3, 5, 6, 7, 8, 9, 10, 11, 12, 13, 14, 18]},
				{"appName": "Facebook", "usage": [4, 5, 6, 7, 8, 10, 11, 12, 13, 14, 16]},
				{"appName": "Paco", "usage": [4, 6, 7, 8, 9, 10, 11, 12]},
				{"appName": "아이모", "usage": [2, 6, 10, 11, 15, 16, 18]},
				{"appName": "YouTube", "usage": [5, 7, 10, 11, 18, 19]},
				{"appName": "Twitch", "usage": [2, 3, 7, 8, 10, 11]},
				{"appName": "하스스톤", "usage": [7, 8, 10]},
				{"appName": "전화", "usage": [3, 5, 8]},
				{"appName": "원터치알림", "usage": [3, 6, 15]},
				{"appName": "원스토어 서비스", "usage": [2, 15, 16]},
				{"appName": "시계", "usage": [5, 6, 18]},
				{"appName": "KLMS", "usage": [6, 12, 17]},
				{"appName": "원스토어", "usage": [2, 15]},
				{"appName": "연락처", "usage": [5, 8]},
				{"appName": "설정", "usage": [3, 12]},
				{"appName": "갤러리", "usage": [5, 6]},
				{"appName": "Polar Beat", "usage": [3, 12]},
				{"appName": "Arcane Tracker", "usage": [7, 10]},
				{"appName": "패키지 설치 프로그램", "usage": [3]},
				{"appName": "위비뱅크", "usage": [6]},
				{"appName": "삼성 키보드", "usage": [8]},
				{"appName": "문서", "usage": [10]},
				{"appName": "메모", "usage": [6]},
				{"appName": "SODA", "usage": [9]},
				{"appName": "PowerPoint", "usage": [12]},
				{"appName": "Logger", "usage": [3]}
			]
		},
		"maxTime": {
			"usage": 65,
			"details": [
				{"appName": "Twitch", "usage": 33},
				{"appName": "YouTube", "usage": 27},
				{"appName": "하스스톤", "usage": 23},
				{"appName": "전화", "usage": 17},
				{"appName": "아이모", "usage": 10},
				{"appName": "Facebook", "usage": 5},
				{"appName": "Chrome", "usage": 4},
				{"appName": "카카오톡", "usage": 1},
				{"appName": "Samsung Experience 홈", "usage": 1},
				{"appName": "Paco", "usage": 0},
				{"appName": "연락처", "usage": 0},
				{"appName": "갤러리", "usage": 0},
				{"appName": "PowerPoint", "usage": 0},
				{"appName": "KLMS", "usage": 0},
				{"appName": "SODA", "usage": 0},
				{"appName": "원스토어", "usage": 0},
				{"appName": "Logger", "usage": 0},
				{"appName": "메모", "usage": 0},
				{"appName": "설정", "usage": 0},
				{"appName": "시계", "usage": 0},
				{"appName": "위비뱅크", "usage": 0},
				{"appName": "Polar Beat", "usage": 0},
				{"appName": "원터치알림", "usage": 0},
				{"appName": "시스템 UI", "usage": 0},
				{"appName": "원스토어 서비스", "usage": 0},
				{"appName": "문서", "usage": 0},
				{"appName": "Arcane Tracker", "usage": 0},
				{"appName": "삼성 키보드", "usage": 0},
				{"appName": "패키지 설치 프로그램", "usage": 0}
			]
		},
		"avgTime": {
			"usage": 2,
			"details": [
				{"appName": "하스스톤", "usage": 7},
				{"appName": "Twitch", "usage": 4},
				{"appName": "전화", "usage": 3},
				{"appName": "YouTube", "usage": 3},
				{"appName": "아이모", "usage": 1},
				{"appName": "Chrome", "usage": 0},
				{"appName": "Facebook", "usage": 0},
				{"appName": "PowerPoint", "usage": 0},
				{"appName": "SODA", "usage": 0},
				{"appName": "갤러리", "usage": 0},
				{"appName": "연락처", "usage": 0},
				{"appName": "메모", "usage": 0},
				{"appName": "Paco", "usage": 0},
				{"appName": "Logger", "usage": 0},
				{"appName": "KLMS", "usage": 0},
				{"appName": "설정", "usage": 0},
				{"appName": "카카오톡", "usage": 0},
				{"appName": "Samsung Experience 홈", "usage": 0},
				{"appName": "시계", "usage": 0},
				{"appName": "원스토어", "usage": 0},
				{"appName": "Polar Beat", "usage": 0},
				{"appName": "위비뱅크", "usage": 0},
				{"appName": "삼성 키보드", "usage": 0},
				{"appName": "Arcane Tracker", "usage": 0},
				{"appName": "원스토어 서비스", "usage": 0},
				{"appName": "원터치알림", "usage": 0},
				{"appName": "시스템 UI", "usage": 0},
				{"appName": "문서", "usage": 0},
				{"appName": "패키지 설치 프로그램", "usage": 0}
			]
		},
		"lastPickup": {"time": 36}
	},
	{
		"date": 5,
		"totalTime": {
			"usage": 549,
			"details": [
				{"appName": "YouTube", "usage": 181},
				{"appName": "Twitch", "usage": 114},
				{"appName": "Facebook", "usage": 76},
				{"appName": "Chrome", "usage": 57},
				{"appName": "카카오톡", "usage": 41},
				{"appName": "하스스톤", "usage": 20},
				{"appName": "Samsung Experience 홈", "usage": 20},
				{"appName": "아이모", "usage": 11},
				{"appName": "전화", "usage": 4},
				{"appName": "SODA", "usage": 2},
				{"appName": "Paco", "usage": 2},
				{"appName": "갤러리", "usage": 1},
				{"appName": "시스템 UI", "usage": 1},
				{"appName": "시계", "usage": 1},
				{"appName": "메모", "usage": 1},
				{"appName": "원스토어", "usage": 1},
				{"appName": "메시지", "usage": 1},
				{"appName": "Google Play 뮤직", "usage": 0},
				{"appName": "원스토어 서비스", "usage": 0},
				{"appName": "설정", "usage": 0},
				{"appName": "Polar Beat", "usage": 0},
				{"appName": "컬쳐랜드", "usage": 0},
				{"appName": "KLMS", "usage": 0},
				{"appName": "Logger", "usage": 0},
				{"appName": "원터치알림", "usage": 0},
				{"appName": "Arcane Tracker", "usage": 0},
				{"appName": "카메라", "usage": 0},
				{"appName": "Briefing", "usage": 0},
				{"appName": "패키지 설치 프로그램", "usage": 0},
				{"appName": "연락처", "usage": 0}
			]
		},
		"pickups": {"usage": 125},
		"downTime": {
			"usage": [
				{"hour": "1", "usage": 6},
				{"hour": "2", "usage": 39},
				{"hour": "3", "usage": 24},
				{"hour": "4", "usage": 29},
				{"hour": "5", "usage": 14},
				{"hour": "6", "usage": 30},
				{"hour": "7", "usage": 31},
				{"hour": "8", "usage": 31},
				{"hour": "9", "usage": 4},
				{"hour": "10", "usage": 43},
				{"hour": "11", "usage": 35},
				{"hour": "12", "usage": 25},
				{"hour": "13", "usage": 25},
				{"hour": "14", "usage": 30},
				{"hour": "15", "usage": 30},
				{"hour": "16", "usage": 13},
				{"hour": "17", "usage": 55},
				{"hour": "18", "usage": 60},
				{"hour": "19", "usage": 2},
				{"hour": "23", "usage": 12}
			],
			"details": [
				{"appName": "시스템 UI", "usage": [1, 2, 3, 4, 5, 6, 7, 8, 9, 10, 11, 12, 13, 14, 15, 16, 17, 18, 19, 23]},
				{"appName": "Samsung Experience 홈", "usage": [1, 2, 3, 4, 5, 6, 7, 8, 9, 10, 11, 12, 13, 14, 15, 16, 17, 18, 19, 23]},
				{"appName": "카카오톡", "usage": [1, 2, 3, 4, 5, 6, 7, 8, 9, 10, 12, 13, 14, 15, 16, 17, 18, 23]},
				{"appName": "Chrome", "usage": [1, 2, 3, 4, 5, 6, 7, 8, 9, 10, 12, 13, 15, 17, 18, 23]},
				{"appName": "Facebook", "usage": [2, 3, 5, 6, 7, 8, 10, 12, 13, 14, 15, 16, 17, 18, 23]},
				{"appName": "YouTube", "usage": [1, 2, 3, 4, 5, 10, 11, 12, 14, 15, 17, 18, 19]},
				{"appName": "Twitch", "usage": [7, 8, 10, 13, 14, 15, 16, 17, 18]},
				{"appName": "Paco", "usage": [3, 4, 5, 6, 7, 8, 9, 10, 12]},
				{"appName": "Google Play 뮤직", "usage": [6, 7, 8, 12, 13, 14]},
				{"appName": "아이모", "usage": [3, 5, 8, 14, 23]},
				{"appName": "시계", "usage": [2, 4, 5, 11, 23]},
				{"appName": "SODA", "usage": [9, 10, 15, 16]},
				{"appName": "전화", "usage": [6, 17, 18]},
				{"appName": "원터치알림", "usage": [3, 12, 16]},
				{"appName": "원스토어 서비스", "usage": [1, 3, 8]},
				{"appName": "원스토어", "usage": [1, 3, 8]},
				{"appName": "설정", "usage": [3, 12, 23]},
				{"appName": "갤러리", "usage": [9, 10, 12]},
				{"appName": "Polar Beat", "usage": [3, 12, 23]},
				{"appName": "Logger", "usage": [3, 12, 23]},
				{"appName": "하스스톤", "usage": [8, 10]},
				{"appName": "패키지 설치 프로그램", "usage": [3, 23]},
				{"appName": "메모", "usage": [4, 6]},
				{"appName": "Arcane Tracker", "usage": [8, 10]},
				{"appName": "컬쳐랜드", "usage": [8]},
				{"appName": "카메라", "usage": [23]},
				{"appName": "연락처", "usage": [6]},
				{"appName": "메시지", "usage": [6]},
				{"appName": "KLMS", "usage": [23]},
				{"appName": "Briefing", "usage": [6]}
			]
		},
		"maxTime": {
			"usage": 117,
			"details": [
				{"appName": "YouTube", "usage": 22},
				{"appName": "하스스톤", "usage": 13},
				{"appName": "Twitch", "usage": 10},
				{"appName": "Chrome", "usage": 5},
				{"appName": "Facebook", "usage": 5},
				{"appName": "전화", "usage": 4},
				{"appName": "아이모", "usage": 3},
				{"appName": "Samsung Experience 홈", "usage": 2},
				{"appName": "카카오톡", "usage": 1},
				{"appName": "SODA", "usage": 1},
				{"appName": "갤러리", "usage": 1},
				{"appName": "메시지", "usage": 1},
				{"appName": "메모", "usage": 1},
				{"appName": "원스토어 서비스", "usage": 0},
				{"appName": "원스토어", "usage": 0},
				{"appName": "Paco", "usage": 0},
				{"appName": "시계", "usage": 0},
				{"appName": "Polar Beat", "usage": 0},
				{"appName": "설정", "usage": 0},
				{"appName": "Google Play 뮤직", "usage": 0},
				{"appName": "컬쳐랜드", "usage": 0},
				{"appName": "KLMS", "usage": 0},
				{"appName": "시스템 UI", "usage": 0},
				{"appName": "Logger", "usage": 0},
				{"appName": "원터치알림", "usage": 0},
				{"appName": "카메라", "usage": 0},
				{"appName": "Arcane Tracker", "usage": 0},
				{"appName": "Briefing", "usage": 0},
				{"appName": "패키지 설치 프로그램", "usage": 0},
				{"appName": "연락처", "usage": 0}
			]
		},
		"avgTime": {
			"usage": 4,
			"details": [
				{"appName": "하스스톤", "usage": 10},
				{"appName": "YouTube", "usage": 3},
				{"appName": "Twitch", "usage": 2},
				{"appName": "전화", "usage": 1},
				{"appName": "Chrome", "usage": 1},
				{"appName": "아이모", "usage": 0},
				{"appName": "갤러리", "usage": 0},
				{"appName": "메시지", "usage": 0},
				{"appName": "SODA", "usage": 0},
				{"appName": "Facebook", "usage": 0},
				{"appName": "메모", "usage": 0},
				{"appName": "컬쳐랜드", "usage": 0},
				{"appName": "Paco", "usage": 0},
				{"appName": "KLMS", "usage": 0},
				{"appName": "원스토어 서비스", "usage": 0},
				{"appName": "설정", "usage": 0},
				{"appName": "Samsung Experience 홈", "usage": 0},
				{"appName": "카카오톡", "usage": 0},
				{"appName": "Google Play 뮤직", "usage": 0},
				{"appName": "시계", "usage": 0},
				{"appName": "원스토어", "usage": 0},
				{"appName": "Polar Beat", "usage": 0},
				{"appName": "Logger", "usage": 0},
				{"appName": "카메라", "usage": 0},
				{"appName": "원터치알림", "usage": 0},
				{"appName": "Arcane Tracker", "usage": 0},
				{"appName": "Briefing", "usage": 0},
				{"appName": "시스템 UI", "usage": 0},
				{"appName": "패키지 설치 프로그램", "usage": 0},
				{"appName": "연락처", "usage": 0}
			]
		},
		"lastPickup": {"time": 0}
	},
	{
		"date": 6,
		"totalTime": {
			"usage": 347,
			"details": [
				{"appName": "YouTube", "usage": 86},
				{"appName": "드라이브", "usage": 57},
				{"appName": "카카오톡", "usage": 55},
				{"appName": "Facebook", "usage": 35},
				{"appName": "Chrome", "usage": 30},
				{"appName": "하스스톤", "usage": 27},
				{"appName": "Samsung Experience 홈", "usage": 14},
				{"appName": "Twitch", "usage": 7},
				{"appName": "전화", "usage": 6},
				{"appName": "갤러리", "usage": 4},
				{"appName": "아이모", "usage": 3},
				{"appName": "Paco", "usage": 3},
				{"appName": "KLMS", "usage": 2},
				{"appName": "시스템 UI", "usage": 1},
				{"appName": "메시지", "usage": 0},
				{"appName": "연락처", "usage": 0},
				{"appName": "원스토어", "usage": 0},
				{"appName": "설정", "usage": 0},
				{"appName": "시계", "usage": 0},
				{"appName": "Polar Beat", "usage": 0},
				{"appName": "원터치알림", "usage": 0},
				{"appName": "캘린더", "usage": 0},
				{"appName": "SODA", "usage": 0},
				{"appName": "메모", "usage": 0},
				{"appName": "후후", "usage": 0},
				{"appName": "카메라", "usage": 0},
				{"appName": "Briefing", "usage": 0},
				{"appName": "Arcane Tracker", "usage": 0},
				{"appName": "원스토어 서비스", "usage": 0},
				{"appName": "Google Play 서비스", "usage": 0}
			]
		},
		"pickups": {"usage": 180},
		"downTime": {
			"usage": [
				{"hour": "0", "usage": 49},
				{"hour": "1", "usage": 16},
				{"hour": "2", "usage": 39},
				{"hour": "3", "usage": 35},
				{"hour": "4", "usage": 44},
				{"hour": "5", "usage": 7},
				{"hour": "6", "usage": 11},
				{"hour": "7", "usage": 5},
				{"hour": "8", "usage": 40},
				{"hour": "9", "usage": 36},
				{"hour": "10", "usage": 2},
				{"hour": "11", "usage": 9},
				{"hour": "12", "usage": 12},
				{"hour": "13", "usage": 12},
				{"hour": "14", "usage": 3},
				{"hour": "15", "usage": 1},
				{"hour": "16", "usage": 3},
				{"hour": "18", "usage": 14},
				{"hour": "22", "usage": 0},
				{"hour": "23", "usage": 1}
			],
			"details": [
				{"appName": "Samsung Experience 홈", "usage": [0, 1, 2, 3, 4, 5, 6, 7, 8, 9, 10, 11, 12, 13, 14, 15, 16, 18]},
				{"appName": "시스템 UI", "usage": [0, 1, 2, 3, 4, 5, 6, 7, 8, 9, 10, 11, 12, 13, 14, 15, 16]},
				{"appName": "카카오톡", "usage": [0, 1, 2, 3, 4, 5, 6, 7, 8, 9, 11, 12, 13, 14, 16]},
				{"appName": "Paco", "usage": [0, 2, 3, 4, 5, 6, 10, 11, 12, 13, 14]},
				{"appName": "Chrome", "usage": [0, 2, 4, 6, 7, 8, 9, 10, 12, 16]},
				{"appName": "Facebook", "usage": [2, 3, 4, 6, 7, 8, 9, 11, 12]},
				{"appName": "전화", "usage": [8, 9, 10, 11, 12]},
				{"appName": "YouTube", "usage": [3, 4, 8, 9, 18]},
				{"appName": "원터치알림", "usage": [0, 2, 3, 13]},
				{"appName": "갤러리", "usage": [0, 11, 15, 16]},
				{"appName": "연락처", "usage": [8, 9, 11]},
				{"appName": "KLMS", "usage": [0, 2, 3]},
				{"appName": "하스스톤", "usage": [2, 6]},
				{"appName": "카메라", "usage": [6, 13]},
				{"appName": "아이모", "usage": [6, 8]},
				{"appName": "시계", "usage": [3, 9]},
				{"appName": "설정", "usage": [5, 14]},
				{"appName": "메시지", "usage": [0, 5]},
				{"appName": "드라이브", "usage": [0, 1]},
				{"appName": "Twitch", "usage": [3, 9]},
				{"appName": "Arcane Tracker", "usage": [2, 6]},
				{"appName": "후후", "usage": [5]},
				{"appName": "캘린더", "usage": [6]},
				{"appName": "원스토어 서비스", "usage": [13]},
				{"appName": "원스토어", "usage": [13]},
				{"appName": "메모", "usage": [2]},
				{"appName": "SODA", "usage": [11]},
				{"appName": "Polar Beat", "usage": [14]},
				{"appName": "Google Play 서비스", "usage": [0]},
				{"appName": "Briefing", "usage": [2]}
			]
		},
		"maxTime": {
			"usage": 55,
			"details": [
				{"appName": "YouTube", "usage": 18},
				{"appName": "드라이브", "usage": 12},
				{"appName": "하스스톤", "usage": 10},
				{"appName": "Chrome", "usage": 5},
				{"appName": "Facebook", "usage": 4},
				{"appName": "Twitch", "usage": 4},
				{"appName": "카카오톡", "usage": 1},
				{"appName": "아이모", "usage": 1},
				{"appName": "갤러리", "usage": 1},
				{"appName": "Samsung Experience 홈", "usage": 1},
				{"appName": "전화", "usage": 1},
				{"appName": "KLMS", "usage": 0},
				{"appName": "Paco", "usage": 0},
				{"appName": "메시지", "usage": 0},
				{"appName": "캘린더", "usage": 0},
				{"appName": "SODA", "usage": 0},
				{"appName": "원스토어", "usage": 0},
				{"appName": "메모", "usage": 0},
				{"appName": "연락처", "usage": 0},
				{"appName": "Polar Beat", "usage": 0},
				{"appName": "원터치알림", "usage": 0},
				{"appName": "설정", "usage": 0},
				{"appName": "후후", "usage": 0},
				{"appName": "시계", "usage": 0},
				{"appName": "Briefing", "usage": 0},
				{"appName": "시스템 UI", "usage": 0},
				{"appName": "원스토어 서비스", "usage": 0},
				{"appName": "Google Play 서비스", "usage": 0},
				{"appName": "카메라", "usage": 0},
				{"appName": "Arcane Tracker", "usage": 0}
			]
		},
		"avgTime": {
			"usage": 1,
			"details": [
				{"appName": "YouTube", "usage": 3},
				{"appName": "드라이브", "usage": 2},
				{"appName": "하스스톤", "usage": 2},
				{"appName": "Twitch", "usage": 1},
				{"appName": "Chrome", "usage": 0},
				{"appName": "아이모", "usage": 0},
				{"appName": "갤러리", "usage": 0},
				{"appName": "전화", "usage": 0},
				{"appName": "Facebook", "usage": 0},
				{"appName": "KLMS", "usage": 0},
				{"appName": "캘린더", "usage": 0},
				{"appName": "SODA", "usage": 0},
				{"appName": "메모", "usage": 0},
				{"appName": "메시지", "usage": 0},
				{"appName": "Paco", "usage": 0},
				{"appName": "카카오톡", "usage": 0},
				{"appName": "연락처", "usage": 0},
				{"appName": "설정", "usage": 0},
				{"appName": "Samsung Experience 홈", "usage": 0},
				{"appName": "Briefing", "usage": 0},
				{"appName": "원스토어 서비스", "usage": 0},
				{"appName": "Polar Beat", "usage": 0},
				{"appName": "원스토어", "usage": 0},
				{"appName": "Google Play 서비스", "usage": 0},
				{"appName": "시계", "usage": 0},
				{"appName": "원터치알림", "usage": 0},
				{"appName": "카메라", "usage": 0},
				{"appName": "후후", "usage": 0},
				{"appName": "Arcane Tracker", "usage": 0},
				{"appName": "시스템 UI", "usage": 0}
			]
		},
		"lastPickup": {"time": 0}
	},
	{
		"date": 7,
		"totalTime": {
			"usage": 954,
			"details": [
				{"appName": "Twitch", "usage": 52},
				{"appName": "YouTube", "usage": 47},
				{"appName": "드라이브", "usage": 43},
				{"appName": "Facebook", "usage": 34},
				{"appName": "아이모", "usage": 29},
				{"appName": "하스스톤", "usage": 24},
				{"appName": "Chrome", "usage": 24},
				{"appName": "카카오톡", "usage": 21},
				{"appName": "Samsung Experience 홈", "usage": 6},
				{"appName": "Paco", "usage": 1},
				{"appName": "KLMS", "usage": 1},
				{"appName": "시스템 UI", "usage": 0},
				{"appName": "메시지", "usage": 0},
				{"appName": "시계", "usage": 0},
				{"appName": "갤러리", "usage": 0},
				{"appName": "원터치개인", "usage": 0},
				{"appName": "이메일", "usage": 0},
				{"appName": "원스토어", "usage": 0},
				{"appName": "안드로이드 시스템", "usage": 0},
				{"appName": "내 파일", "usage": 0},
				{"appName": "메모", "usage": 0},
				{"appName": "설정", "usage": 0},
				{"appName": "Polar Beat", "usage": 0},
				{"appName": "원터치알림", "usage": 0},
				{"appName": "Logger", "usage": 0},
				{"appName": "후후", "usage": 0},
				{"appName": "Arcane Tracker", "usage": 0},
				{"appName": "원스토어 서비스", "usage": 0},
				{"appName": "연락처", "usage": 0},
				{"appName": "패키지 설치 프로그램", "usage": 0}
			]
		},
		"pickups": {"usage": 99},
		"downTime": {
			"usage": [
				{"hour": "0", "usage": 0},
				{"hour": "1", "usage": 0},
				{"hour": "2", "usage": 12},
				{"hour": "3", "usage": 9},
				{"hour": "4", "usage": 7},
				{"hour": "5", "usage": 36},
				{"hour": "6", "usage": 41},
				{"hour": "7", "usage": 34},
				{"hour": "8", "usage": 40},
				{"hour": "9", "usage": 33},
				{"hour": "10", "usage": 52},
				{"hour": "11", "usage": 22},
				{"hour": "12", "usage": 4},
				{"hour": "13", "usage": 1}
			],
			"details": [
				{"appName": "카카오톡", "usage": [2, 3, 4, 5, 6, 7, 8, 9, 10, 11, 12]},
				{"appName": "시스템 UI", "usage": [2, 3, 4, 5, 6, 7, 8, 9, 10, 11, 12]},
				{"appName": "Samsung Experience 홈", "usage": [2, 3, 4, 5, 6, 7, 8, 9, 10, 11, 12]},
				{"appName": "Facebook", "usage": [2, 3, 4, 5, 6, 8, 9, 10, 11, 12]},
				{"appName": "Chrome", "usage": [2, 3, 4, 5, 6, 7, 8, 9, 10]},
				{"appName": "Paco", "usage": [5, 6, 9, 10, 11, 12]},
				{"appName": "아이모", "usage": [6, 8, 9, 10, 11]},
				{"appName": "YouTube", "usage": [0, 2, 6, 7, 9]},
				{"appName": "시계", "usage": [0, 6, 7, 8]},
				{"appName": "원터치알림", "usage": [3, 4, 5]},
				{"appName": "메시지", "usage": [8, 9, 11]},
				{"appName": "드라이브", "usage": [5, 6]},
				{"appName": "내 파일", "usage": [5, 6]},
				{"appName": "갤러리", "usage": [3, 9]},
				{"appName": "Twitch", "usage": [10, 11]},
				{"appName": "KLMS", "usage": [3, 8]},
				{"appName": "후후", "usage": [9]},
				{"appName": "하스스톤", "usage": [8]},
				{"appName": "패키지 설치 프로그램", "usage": [5]},
				{"appName": "이메일", "usage": [5]},
				{"appName": "원터치개인", "usage": [5]},
				{"appName": "원스토어 서비스", "usage": [4]},
				{"appName": "원스토어", "usage": [4]},
				{"appName": "연락처", "usage": [6]},
				{"appName": "안드로이드 시스템", "usage": [9]},
				{"appName": "설정", "usage": [5]},
				{"appName": "메모", "usage": [5]},
				{"appName": "Polar Beat", "usage": [5]},
				{"appName": "Logger", "usage": [5]},
				{"appName": "Arcane Tracker", "usage": [8]}
			]
		},
		"maxTime": {
			"usage": 655,
			"details": [
				{"appName": "Twitch", "usage": 22},
				{"appName": "YouTube", "usage": 14},
				{"appName": "드라이브", "usage": 12},
				{"appName": "하스스톤", "usage": 10},
				{"appName": "아이모", "usage": 10},
				{"appName": "Facebook", "usage": 7},
				{"appName": "Chrome", "usage": 3},
				{"appName": "카카오톡", "usage": 2},
				{"appName": "Samsung Experience 홈", "usage": 0},
				{"appName": "KLMS", "usage": 0},
				{"appName": "이메일", "usage": 0},
				{"appName": "Paco", "usage": 0},
				{"appName": "갤러리", "usage": 0},
				{"appName": "원터치개인", "usage": 0},
				{"appName": "메시지", "usage": 0},
				{"appName": "원스토어", "usage": 0},
				{"appName": "시계", "usage": 0},
				{"appName": "안드로이드 시스템", "usage": 0},
				{"appName": "내 파일", "usage": 0},
				{"appName": "메모", "usage": 0},
				{"appName": "설정", "usage": 0},
				{"appName": "Polar Beat", "usage": 0},
				{"appName": "원터치알림", "usage": 0},
				{"appName": "Logger", "usage": 0},
				{"appName": "원스토어 서비스", "usage": 0},
				{"appName": "시스템 UI", "usage": 0},
				{"appName": "후후", "usage": 0},
				{"appName": "Arcane Tracker", "usage": 0},
				{"appName": "연락처", "usage": 0},
				{"appName": "패키지 설치 프로그램", "usage": 0}
			]
		},
		"avgTime": {
			"usage": 9,
			"details": [
				{"appName": "하스스톤", "usage": 6},
				{"appName": "YouTube", "usage": 5},
				{"appName": "Twitch", "usage": 4},
				{"appName": "드라이브", "usage": 2},
				{"appName": "아이모", "usage": 1},
				{"appName": "Chrome", "usage": 0},
				{"appName": "Facebook", "usage": 0},
				{"appName": "이메일", "usage": 0},
				{"appName": "갤러리", "usage": 0},
				{"appName": "Paco", "usage": 0},
				{"appName": "안드로이드 시스템", "usage": 0},
				{"appName": "KLMS", "usage": 0},
				{"appName": "메시지", "usage": 0},
				{"appName": "카카오톡", "usage": 0},
				{"appName": "시계", "usage": 0},
				{"appName": "내 파일", "usage": 0},
				{"appName": "원터치개인", "usage": 0},
				{"appName": "Samsung Experience 홈", "usage": 0},
				{"appName": "원스토어", "usage": 0},
				{"appName": "설정", "usage": 0},
				{"appName": "원스토어 서비스", "usage": 0},
				{"appName": "Polar Beat", "usage": 0},
				{"appName": "메모", "usage": 0},
				{"appName": "Arcane Tracker", "usage": 0},
				{"appName": "Logger", "usage": 0},
				{"appName": "원터치알림", "usage": 0},
				{"appName": "후후", "usage": 0},
				{"appName": "시스템 UI", "usage": 0},
				{"appName": "연락처", "usage": 0},
				{"appName": "패키지 설치 프로그램", "usage": 0}
			]
		},
		"lastPickup": {"time": 655}
	}
]
