[
	{
		"date": 1,
		"totalTime": {
			"usage": 446,
			"details": [
				{"appName": "카카오톡", "usage": 139},
				{"appName": "Facebook", "usage": 77},
				{"appName": "Samsung Experience 홈", "usage": 40},
				{"appName": "삼성 인터넷", "usage": 27},
				{"appName": "T전화", "usage": 26},
				{"appName": "Instagram", "usage": 17},
				{"appName": "음성 녹음", "usage": 13},
				{"appName": "캘린더", "usage": 12},
				{"appName": "Samsung Notes", "usage": 11},
				{"appName": "연락처", "usage": 10},
				{"appName": "갤러리", "usage": 9},
				{"appName": "Paco", "usage": 7},
				{"appName": "한컴오피스 viewer", "usage": 6},
				{"appName": "드라이브", "usage": 6},
				{"appName": "에어비앤비", "usage": 5},
				{"appName": "시스템 UI", "usage": 5},
				{"appName": "Samsung Pay", "usage": 5},
				{"appName": "여기어때", "usage": 2},
				{"appName": "SODA", "usage": 1},
				{"appName": "KLMS", "usage": 1},
				{"appName": "카메라", "usage": 1},
				{"appName": "토스", "usage": 1},
				{"appName": "The Day Before", "usage": 0},
				{"appName": "고속버스 모바일", "usage": 0},
				{"appName": "Messenger", "usage": 0},
				{"appName": "쿠팡", "usage": 0},
				{"appName": "Google Play 스토어", "usage": 0},
				{"appName": "Polar Beat", "usage": 0},
				{"appName": "Logger", "usage": 0},
				{"appName": "사전", "usage": 0},
				{"appName": "카카오톡 치즈", "usage": 0},
				{"appName": "설정", "usage": 0},
				{"appName": "BAND", "usage": 0},
				{"appName": "패키지 설치 프로그램", "usage": 0},
				{"appName": "전화", "usage": 0},
				{"appName": "안드로이드 시스템", "usage": 0},
				{"appName": "Google", "usage": 0},
				{"appName": "포토", "usage": 0},
				{"appName": "메시지", "usage": 0},
				{"appName": "빅스비 홈", "usage": 0},
				{"appName": "시계", "usage": 0},
				{"appName": "한국장학재단", "usage": 0}
			]
		},
		"pickups": {"usage": 218},
		"downTime": {
			"usage": [
				{"hour": "0", "usage": 21},
				{"hour": "1", "usage": 34},
				{"hour": "2", "usage": 39},
				{"hour": "3", "usage": 32},
				{"hour": "4", "usage": 32},
				{"hour": "5", "usage": 50},
				{"hour": "6", "usage": 43},
				{"hour": "7", "usage": 6},
				{"hour": "8", "usage": 8},
				{"hour": "9", "usage": 21},
				{"hour": "10", "usage": 30},
				{"hour": "11", "usage": 23},
				{"hour": "12", "usage": 23},
				{"hour": "13", "usage": 4},
				{"hour": "14", "usage": 17},
				{"hour": "15", "usage": 5},
				{"hour": "16", "usage": 30},
				{"hour": "17", "usage": 4},
				{"hour": "18", "usage": 1},
				{"hour": "23", "usage": 15}
			],
			"details": [
				{"appName": "카카오톡", "usage": [0, 1, 2, 3, 4, 5, 6, 7, 8, 9, 10, 11, 12, 13, 14, 15, 16, 17, 18, 23]},
				{"appName": "Samsung Experience 홈", "usage": [0, 1, 2, 3, 4, 5, 6, 7, 8, 9, 10, 11, 12, 13, 14, 15, 16, 17, 23]},
				{"appName": "시스템 UI", "usage": [0, 1, 2, 3, 4, 5, 6, 7, 8, 9, 10, 11, 12, 13, 14, 15, 23]},
				{"appName": "Facebook", "usage": [0, 1, 2, 3, 4, 5, 6, 8, 9, 10, 11, 12]},
				{"appName": "Paco", "usage": [1, 2, 4, 5, 6, 7, 9, 10, 11, 12, 13]},
				{"appName": "Instagram", "usage": [1, 2, 3, 4, 5, 6, 10, 11, 14]},
				{"appName": "삼성 인터넷", "usage": [0, 3, 4, 5, 6, 10, 11, 12]},
				{"appName": "갤러리", "usage": [1, 2, 5, 6, 9, 14, 15, 23]},
				{"appName": "캘린더", "usage": [1, 2, 3, 5, 6, 8, 12]},
				{"appName": "패키지 설치 프로그램", "usage": [5, 6, 9, 11, 13]},
				{"appName": "카메라", "usage": [1, 6, 9, 14, 23]},
				{"appName": "T전화", "usage": [15, 16, 17, 18, 23]},
				{"appName": "Samsung Notes", "usage": [4, 5, 6, 12]},
				{"appName": "설정", "usage": [6, 9, 13]},
				{"appName": "SODA", "usage": [1, 9, 14]},
				{"appName": "Logger", "usage": [6, 9, 13]},
				{"appName": "한컴오피스 viewer", "usage": [5, 12]},
				{"appName": "음성 녹음", "usage": [0, 12]},
				{"appName": "사전", "usage": [9, 10]},
				{"appName": "드라이브", "usage": [0, 10]},
				{"appName": "고속버스 모바일", "usage": [6, 14]},
				{"appName": "Samsung Pay", "usage": [11, 12]},
				{"appName": "Polar Beat", "usage": [3, 6]},
				{"appName": "KLMS", "usage": [0, 5]},
				{"appName": "Google", "usage": [5, 10]},
				{"appName": "한국장학재단", "usage": [6]},
				{"appName": "포토", "usage": [5]},
				{"appName": "토스", "usage": [5]},
				{"appName": "쿠팡", "usage": [12]},
				{"appName": "카카오톡 치즈", "usage": [2]},
				{"appName": "전화", "usage": [16]},
				{"appName": "연락처", "usage": [14]},
				{"appName": "여기어때", "usage": [11]},
				{"appName": "에어비앤비", "usage": [11]},
				{"appName": "안드로이드 시스템", "usage": [2]},
				{"appName": "시계", "usage": [1]},
				{"appName": "빅스비 홈", "usage": [10]},
				{"appName": "메시지", "usage": [14]},
				{"appName": "The Day Before", "usage": [1]},
				{"appName": "Messenger", "usage": [2]},
				{"appName": "Google Play 스토어", "usage": [11]},
				{"appName": "BAND", "usage": [14]}
			]
		},
		"maxTime": {
			"usage": 30,
			"details": [
				{"appName": "연락처", "usage": 10},
				{"appName": "Samsung Experience 홈", "usage": 10},
				{"appName": "카카오톡", "usage": 10},
				{"appName": "Samsung Notes", "usage": 6},
				{"appName": "삼성 인터넷", "usage": 6},
				{"appName": "T전화", "usage": 5},
				{"appName": "음성 녹음", "usage": 5},
				{"appName": "Samsung Pay", "usage": 4},
				{"appName": "Facebook", "usage": 4},
				{"appName": "한컴오피스 viewer", "usage": 4},
				{"appName": "Instagram", "usage": 4},
				{"appName": "갤러리", "usage": 3},
				{"appName": "에어비앤비", "usage": 2},
				{"appName": "캘린더", "usage": 2},
				{"appName": "드라이브", "usage": 1},
				{"appName": "토스", "usage": 1},
				{"appName": "Paco", "usage": 0},
				{"appName": "Messenger", "usage": 0},
				{"appName": "쿠팡", "usage": 0},
				{"appName": "SODA", "usage": 0},
				{"appName": "여기어때", "usage": 0},
				{"appName": "시스템 UI", "usage": 0},
				{"appName": "카카오톡 치즈", "usage": 0},
				{"appName": "고속버스 모바일", "usage": 0},
				{"appName": "KLMS", "usage": 0},
				{"appName": "Google Play 스토어", "usage": 0},
				{"appName": "Polar Beat", "usage": 0},
				{"appName": "카메라", "usage": 0},
				{"appName": "The Day Before", "usage": 0},
				{"appName": "Logger", "usage": 0},
				{"appName": "사전", "usage": 0},
				{"appName": "설정", "usage": 0},
				{"appName": "BAND", "usage": 0},
				{"appName": "전화", "usage": 0},
				{"appName": "Google", "usage": 0},
				{"appName": "안드로이드 시스템", "usage": 0},
				{"appName": "패키지 설치 프로그램", "usage": 0},
				{"appName": "포토", "usage": 0},
				{"appName": "메시지", "usage": 0},
				{"appName": "빅스비 홈", "usage": 0},
				{"appName": "시계", "usage": 0},
				{"appName": "한국장학재단", "usage": 0}
			]
		},
		"avgTime": {
			"usage": 2,
			"details": [
				{"appName": "연락처", "usage": 3},
				{"appName": "음성 녹음", "usage": 1},
				{"appName": "한컴오피스 viewer", "usage": 1},
				{"appName": "드라이브", "usage": 0},
				{"appName": "삼성 인터넷", "usage": 0},
				{"appName": "Samsung Pay", "usage": 0},
				{"appName": "Samsung Notes", "usage": 0},
				{"appName": "갤러리", "usage": 0},
				{"appName": "T전화", "usage": 0},
				{"appName": "Facebook", "usage": 0},
				{"appName": "에어비앤비", "usage": 0},
				{"appName": "Instagram", "usage": 0},
				{"appName": "토스", "usage": 0},
				{"appName": "SODA", "usage": 0},
				{"appName": "Messenger", "usage": 0},
				{"appName": "쿠팡", "usage": 0},
				{"appName": "캘린더", "usage": 0},
				{"appName": "카카오톡 치즈", "usage": 0},
				{"appName": "Paco", "usage": 0},
				{"appName": "Samsung Experience 홈", "usage": 0},
				{"appName": "여기어때", "usage": 0},
				{"appName": "Polar Beat", "usage": 0},
				{"appName": "카메라", "usage": 0},
				{"appName": "카카오톡", "usage": 0},
				{"appName": "The Day Before", "usage": 0},
				{"appName": "고속버스 모바일", "usage": 0},
				{"appName": "설정", "usage": 0},
				{"appName": "KLMS", "usage": 0},
				{"appName": "Logger", "usage": 0},
				{"appName": "BAND", "usage": 0},
				{"appName": "사전", "usage": 0},
				{"appName": "Google Play 스토어", "usage": 0},
				{"appName": "시스템 UI", "usage": 0},
				{"appName": "전화", "usage": 0},
				{"appName": "안드로이드 시스템", "usage": 0},
				{"appName": "Google", "usage": 0},
				{"appName": "메시지", "usage": 0},
				{"appName": "패키지 설치 프로그램", "usage": 0},
				{"appName": "포토", "usage": 0},
				{"appName": "빅스비 홈", "usage": 0},
				{"appName": "시계", "usage": 0},
				{"appName": "한국장학재단", "usage": 0}
			]
		},
		"lastPickup": {"time": 0}
	},
	{
		"date": 2,
		"totalTime": {
			"usage": 578,
			"details": [
				{"appName": "Facebook", "usage": 190},
				{"appName": "카카오톡", "usage": 185},
				{"appName": "삼성 인터넷", "usage": 31},
				{"appName": "Instagram", "usage": 27},
				{"appName": "Samsung Experience 홈", "usage": 14},
				{"appName": "토스", "usage": 11},
				{"appName": "갤러리", "usage": 6},
				{"appName": "드라이브", "usage": 4},
				{"appName": "한컴오피스 viewer", "usage": 4},
				{"appName": "시스템 UI", "usage": 4},
				{"appName": "Paco", "usage": 4},
				{"appName": "이메일", "usage": 4},
				{"appName": "Chrome", "usage": 3},
				{"appName": "T전화", "usage": 3},
				{"appName": "Polar Beat", "usage": 3},
				{"appName": "네이버 지도", "usage": 3},
				{"appName": "BAND", "usage": 3},
				{"appName": "카메라", "usage": 3},
				{"appName": "파인더", "usage": 2},
				{"appName": "지도", "usage": 2},
				{"appName": "블루투스", "usage": 1},
				{"appName": "설정", "usage": 1},
				{"appName": "안드로이드 시스템", "usage": 1},
				{"appName": "네이버 카페", "usage": 1},
				{"appName": "Samsung Notes", "usage": 0},
				{"appName": "메시지", "usage": 0},
				{"appName": "카카오 T", "usage": 0},
				{"appName": "캘린더", "usage": 0},
				{"appName": "Gmail", "usage": 0},
				{"appName": "Google Play 스토어", "usage": 0},
				{"appName": "Logger", "usage": 0},
				{"appName": "패키지 설치 프로그램", "usage": 0},
				{"appName": "Samsung Pay", "usage": 0},
				{"appName": "Google Play 서비스", "usage": 0},
				{"appName": "Wi-Fi 다이렉트", "usage": 0},
				{"appName": "삼성 키보드", "usage": 0},
				{"appName": "Google", "usage": 0}
			]
		},
		"pickups": {"usage": 227},
		"downTime": {
			"usage": [
				{"hour": "0", "usage": 48},
				{"hour": "1", "usage": 18},
				{"hour": "2", "usage": 27},
				{"hour": "3", "usage": 22},
				{"hour": "4", "usage": 6},
				{"hour": "5", "usage": 10},
				{"hour": "6", "usage": 28},
				{"hour": "7", "usage": 52},
				{"hour": "8", "usage": 13},
				{"hour": "9", "usage": 14},
				{"hour": "10", "usage": 20},
				{"hour": "11", "usage": 8},
				{"hour": "12", "usage": 4},
				{"hour": "13", "usage": 18},
				{"hour": "14", "usage": 18},
				{"hour": "15", "usage": 52},
				{"hour": "16", "usage": 40},
				{"hour": "17", "usage": 55},
				{"hour": "18", "usage": 51},
				{"hour": "19", "usage": 60},
				{"hour": "20", "usage": 4},
				{"hour": "22", "usage": 0},
				{"hour": "23", "usage": 0}
			],
			"details": [
				{"appName": "Samsung Experience 홈", "usage": [0, 1, 2, 3, 4, 5, 6, 7, 8, 9, 10, 11, 12, 13, 14, 15, 16, 17, 18, 19, 20, 23]},
				{"appName": "카카오톡", "usage": [0, 1, 2, 3, 4, 5, 6, 7, 9, 10, 11, 12, 13, 14, 15, 16, 17, 18, 19]},
				{"appName": "Facebook", "usage": [0, 1, 2, 3, 4, 5, 6, 7, 9, 10, 11, 13, 14, 15, 16, 17, 18, 19, 20]},
				{"appName": "시스템 UI", "usage": [1, 2, 3, 4, 6, 7, 9, 10, 11, 13, 14, 15, 16, 17, 18]},
				{"appName": "카메라", "usage": [2, 4, 6, 7, 10, 11, 12, 13, 14, 15, 17, 20]},
				{"appName": "Instagram", "usage": [1, 2, 3, 6, 7, 8, 9, 10, 16, 18]},
				{"appName": "Paco", "usage": [2, 3, 4, 6, 7, 9, 10, 11, 12]},
				{"appName": "삼성 인터넷", "usage": [2, 3, 6, 7, 8, 10, 15]},
				{"appName": "T전화", "usage": [2, 5, 6, 8, 9, 13, 15]},
				{"appName": "캘린더", "usage": [2, 3, 11, 12, 13]},
				{"appName": "패키지 설치 프로그램", "usage": [1, 8, 10, 15]},
				{"appName": "설정", "usage": [1, 3, 10, 15]},
				{"appName": "메시지", "usage": [1, 2, 6, 8]},
				{"appName": "드라이브", "usage": [10, 15, 16]},
				{"appName": "갤러리", "usage": [2, 14, 15]},
				{"appName": "Polar Beat", "usage": [1, 6, 15]},
				{"appName": "한컴오피스 viewer", "usage": [14, 15]},
				{"appName": "토스", "usage": [6, 8]},
				{"appName": "이메일", "usage": [14, 15]},
				{"appName": "안드로이드 시스템", "usage": [14, 15]},
				{"appName": "네이버 지도", "usage": [15, 16]},
				{"appName": "Logger", "usage": [1, 10]},
				{"appName": "Chrome", "usage": [8, 10]},
				{"appName": "파인더", "usage": [13]},
				{"appName": "카카오 T", "usage": [6]},
				{"appName": "지도", "usage": [6]},
				{"appName": "삼성 키보드", "usage": [3]},
				{"appName": "블루투스", "usage": [15]},
				{"appName": "네이버 카페", "usage": [16]},
				{"appName": "Wi-Fi 다이렉트", "usage": [15]},
				{"appName": "Samsung Pay", "usage": [12]},
				{"appName": "Samsung Notes", "usage": [6]},
				{"appName": "Google Play 스토어", "usage": [15]},
				{"appName": "Google Play 서비스", "usage": [10]},
				{"appName": "Google", "usage": [6]},
				{"appName": "Gmail", "usage": [15]},
				{"appName": "BAND", "usage": [15]}
			]
		},
		"maxTime": {
			"usage": 87,
			"details": [
				{"appName": "카카오톡", "usage": 37},
				{"appName": "삼성 인터넷", "usage": 18},
				{"appName": "Facebook", "usage": 18},
				{"appName": "Instagram", "usage": 6},
				{"appName": "갤러리", "usage": 5},
				{"appName": "파인더", "usage": 2},
				{"appName": "이메일", "usage": 2},
				{"appName": "Chrome", "usage": 1},
				{"appName": "BAND", "usage": 1},
				{"appName": "한컴오피스 viewer", "usage": 1},
				{"appName": "시스템 UI", "usage": 1},
				{"appName": "토스", "usage": 1},
				{"appName": "드라이브", "usage": 1},
				{"appName": "T전화", "usage": 1},
				{"appName": "Samsung Experience 홈", "usage": 1},
				{"appName": "Polar Beat", "usage": 0},
				{"appName": "네이버 지도", "usage": 0},
				{"appName": "Samsung Notes", "usage": 0},
				{"appName": "지도", "usage": 0},
				{"appName": "안드로이드 시스템", "usage": 0},
				{"appName": "카메라", "usage": 0},
				{"appName": "설정", "usage": 0},
				{"appName": "Paco", "usage": 0},
				{"appName": "블루투스", "usage": 0},
				{"appName": "메시지", "usage": 0},
				{"appName": "네이버 카페", "usage": 0},
				{"appName": "카카오 T", "usage": 0},
				{"appName": "Gmail", "usage": 0},
				{"appName": "캘린더", "usage": 0},
				{"appName": "Logger", "usage": 0},
				{"appName": "Samsung Pay", "usage": 0},
				{"appName": "패키지 설치 프로그램", "usage": 0},
				{"appName": "Google Play 서비스", "usage": 0},
				{"appName": "Wi-Fi 다이렉트", "usage": 0},
				{"appName": "Google Play 스토어", "usage": 0},
				{"appName": "삼성 키보드", "usage": 0},
				{"appName": "Google", "usage": 0}
			]
		},
		"avgTime": {
			"usage": 2,
			"details": [
				{"appName": "파인더", "usage": 2},
				{"appName": "삼성 인터넷", "usage": 1},
				{"appName": "Facebook", "usage": 1},
				{"appName": "갤러리", "usage": 0},
				{"appName": "이메일", "usage": 0},
				{"appName": "Chrome", "usage": 0},
				{"appName": "Instagram", "usage": 0},
				{"appName": "Samsung Notes", "usage": 0},
				{"appName": "T전화", "usage": 0},
				{"appName": "BAND", "usage": 0},
				{"appName": "지도", "usage": 0},
				{"appName": "드라이브", "usage": 0},
				{"appName": "Gmail", "usage": 0},
				{"appName": "네이버 지도", "usage": 0},
				{"appName": "안드로이드 시스템", "usage": 0},
				{"appName": "Paco", "usage": 0},
				{"appName": "한컴오피스 viewer", "usage": 0},
				{"appName": "메시지", "usage": 0},
				{"appName": "카카오톡", "usage": 0},
				{"appName": "설정", "usage": 0},
				{"appName": "토스", "usage": 0},
				{"appName": "Polar Beat", "usage": 0},
				{"appName": "네이버 카페", "usage": 0},
				{"appName": "카메라", "usage": 0},
				{"appName": "블루투스", "usage": 0},
				{"appName": "캘린더", "usage": 0},
				{"appName": "Samsung Experience 홈", "usage": 0},
				{"appName": "Google Play 서비스", "usage": 0},
				{"appName": "카카오 T", "usage": 0},
				{"appName": "Wi-Fi 다이렉트", "usage": 0},
				{"appName": "시스템 UI", "usage": 0},
				{"appName": "Samsung Pay", "usage": 0},
				{"appName": "Logger", "usage": 0},
				{"appName": "패키지 설치 프로그램", "usage": 0},
				{"appName": "Google Play 스토어", "usage": 0},
				{"appName": "삼성 키보드", "usage": 0},
				{"appName": "Google", "usage": 0}
			]
		},
		"lastPickup": {"time": 0}
	},
	{
		"date": 3,
		"totalTime": {
			"usage": 726,
			"details": [
				{"appName": "Facebook", "usage": 304},
				{"appName": "카카오톡", "usage": 171},
				{"appName": "삼성 인터넷", "usage": 66},
				{"appName": "Instagram", "usage": 38},
				{"appName": "T전화", "usage": 24},
				{"appName": "Samsung Experience 홈", "usage": 23},
				{"appName": "사전", "usage": 18},
				{"appName": "카메라", "usage": 14},
				{"appName": "한컴오피스 viewer", "usage": 13},
				{"appName": "BAND", "usage": 11},
				{"appName": "계산기", "usage": 8},
				{"appName": "갤러리", "usage": 3},
				{"appName": "시스템 UI", "usage": 3},
				{"appName": "내 파일", "usage": 2},
				{"appName": "드라이브", "usage": 2},
				{"appName": "Paco", "usage": 2},
				{"appName": "Messenger", "usage": 0},
				{"appName": "캘린더", "usage": 0},
				{"appName": "안드로이드 시스템", "usage": 0},
				{"appName": "시계", "usage": 0},
				{"appName": "Polar Beat", "usage": 0},
				{"appName": "삼성 키보드", "usage": 0},
				{"appName": "설정", "usage": 0},
				{"appName": "패키지 설치 프로그램", "usage": 0},
				{"appName": "Logger", "usage": 0},
				{"appName": "Samsung Notes", "usage": 0},
				{"appName": "한국장학재단", "usage": 0},
				{"appName": "The Day Before", "usage": 0}
			]
		},
		"pickups": {"usage": 188},
		"downTime": {
			"usage": [
				{"hour": "0", "usage": 0},
				{"hour": "1", "usage": 48},
				{"hour": "2", "usage": 51},
				{"hour": "3", "usage": 33},
				{"hour": "4", "usage": 34},
				{"hour": "5", "usage": 29},
				{"hour": "6", "usage": 55},
				{"hour": "7", "usage": 13},
				{"hour": "8", "usage": 25},
				{"hour": "9", "usage": 15},
				{"hour": "10", "usage": 2},
				{"hour": "11", "usage": 33},
				{"hour": "12", "usage": 28},
				{"hour": "13", "usage": 25},
				{"hour": "14", "usage": 53},
				{"hour": "15", "usage": 59},
				{"hour": "16", "usage": 42},
				{"hour": "17", "usage": 60},
				{"hour": "18", "usage": 56},
				{"hour": "19", "usage": 48},
				{"hour": "21", "usage": 5},
				{"hour": "22", "usage": 0},
				{"hour": "23", "usage": 3}
			],
			"details": [
				{"appName": "Samsung Experience 홈", "usage": [0, 1, 2, 3, 4, 5, 6, 7, 8, 9, 10, 11, 12, 13, 14, 15, 16, 18, 19, 21, 22, 23]},
				{"appName": "카카오톡", "usage": [1, 2, 3, 4, 5, 6, 7, 8, 9, 10, 11, 12, 13, 14, 15, 16, 17, 18, 23]},
				{"appName": "시스템 UI", "usage": [1, 2, 3, 4, 5, 6, 7, 8, 10, 11, 12, 13, 14, 15, 16, 18, 19]},
				{"appName": "Facebook", "usage": [0, 1, 3, 4, 6, 8, 9, 10, 11, 12, 13, 14, 15, 16, 17, 18, 19]},
				{"appName": "카메라", "usage": [0, 1, 2, 4, 5, 6, 8, 11, 12, 13, 14, 18, 23]},
				{"appName": "한컴오피스 viewer", "usage": [1, 4, 6, 7, 12, 13, 14, 18]},
				{"appName": "삼성 인터넷", "usage": [1, 2, 3, 4, 5, 16, 18, 23]},
				{"appName": "Instagram", "usage": [1, 4, 11, 12, 13, 14, 15, 18]},
				{"appName": "내 파일", "usage": [1, 5, 7, 12, 13]},
				{"appName": "Paco", "usage": [3, 5, 6, 11, 12]},
				{"appName": "안드로이드 시스템", "usage": [2, 6, 7, 13]},
				{"appName": "시계", "usage": [18, 21, 22, 23]},
				{"appName": "사전", "usage": [1, 2, 4, 13]},
				{"appName": "계산기", "usage": [1, 2, 3, 14]},
				{"appName": "T전화", "usage": [8, 9, 12, 17]},
				{"appName": "BAND", "usage": [6, 7, 12, 13]},
				{"appName": "패키지 설치 프로그램", "usage": [3, 6, 12]},
				{"appName": "설정", "usage": [3, 13, 15]},
				{"appName": "삼성 키보드", "usage": [1, 5, 14]},
				{"appName": "갤러리", "usage": [5, 6, 7]},
				{"appName": "캘린더", "usage": [1, 12]},
				{"appName": "Messenger", "usage": [7, 8]},
				{"appName": "한국장학재단", "usage": [6]},
				{"appName": "드라이브", "usage": [2]},
				{"appName": "The Day Before", "usage": [15]},
				{"appName": "Samsung Notes", "usage": [12]},
				{"appName": "Polar Beat", "usage": [3]},
				{"appName": "Logger", "usage": [3]}
			]
		},
		"maxTime": {
			"usage": 150,
			"details": [
				{"appName": "Facebook", "usage": 37},
				{"appName": "T전화", "usage": 16},
				{"appName": "카카오톡", "usage": 12},
				{"appName": "삼성 인터넷", "usage": 12},
				{"appName": "Instagram", "usage": 6},
				{"appName": "Samsung Experience 홈", "usage": 5},
				{"appName": "BAND", "usage": 5},
				{"appName": "한컴오피스 viewer", "usage": 4},
				{"appName": "사전", "usage": 3},
				{"appName": "계산기", "usage": 3},
				{"appName": "카메라", "usage": 2},
				{"appName": "내 파일", "usage": 1},
				{"appName": "드라이브", "usage": 0},
				{"appName": "갤러리", "usage": 0},
				{"appName": "캘린더", "usage": 0},
				{"appName": "Paco", "usage": 0},
				{"appName": "시스템 UI", "usage": 0},
				{"appName": "Messenger", "usage": 0},
				{"appName": "안드로이드 시스템", "usage": 0},
				{"appName": "시계", "usage": 0},
				{"appName": "Polar Beat", "usage": 0},
				{"appName": "설정", "usage": 0},
				{"appName": "Samsung Notes", "usage": 0},
				{"appName": "Logger", "usage": 0},
				{"appName": "패키지 설치 프로그램", "usage": 0},
				{"appName": "삼성 키보드", "usage": 0},
				{"appName": "한국장학재단", "usage": 0},
				{"appName": "The Day Before", "usage": 0}
			]
		},
		"avgTime": {
			"usage": 3,
			"details": [
				{"appName": "Facebook", "usage": 2},
				{"appName": "T전화", "usage": 2},
				{"appName": "삼성 인터넷", "usage": 1},
				{"appName": "계산기", "usage": 1},
				{"appName": "사전", "usage": 0},
				{"appName": "Instagram", "usage": 0},
				{"appName": "캘린더", "usage": 0},
				{"appName": "드라이브", "usage": 0},
				{"appName": "카메라", "usage": 0},
				{"appName": "내 파일", "usage": 0},
				{"appName": "한컴오피스 viewer", "usage": 0},
				{"appName": "갤러리", "usage": 0},
				{"appName": "BAND", "usage": 0},
				{"appName": "Messenger", "usage": 0},
				{"appName": "Samsung Experience 홈", "usage": 0},
				{"appName": "카카오톡", "usage": 0},
				{"appName": "Paco", "usage": 0},
				{"appName": "안드로이드 시스템", "usage": 0},
				{"appName": "시계", "usage": 0},
				{"appName": "시스템 UI", "usage": 0},
				{"appName": "Polar Beat", "usage": 0},
				{"appName": "Samsung Notes", "usage": 0},
				{"appName": "설정", "usage": 0},
				{"appName": "Logger", "usage": 0},
				{"appName": "패키지 설치 프로그램", "usage": 0},
				{"appName": "삼성 키보드", "usage": 0},
				{"appName": "한국장학재단", "usage": 0},
				{"appName": "The Day Before", "usage": 0}
			]
		},
		"lastPickup": {"time": 2}
	},
	{
		"date": 4,
		"totalTime": {
			"usage": 140,
			"details": [
				{"appName": "Instagram", "usage": 27},
				{"appName": "카카오톡", "usage": 25},
				{"appName": "Samsung Experience 홈", "usage": 17},
				{"appName": "SODA", "usage": 14},
				{"appName": "카메라", "usage": 12},
				{"appName": "갤러리", "usage": 12},
				{"appName": "Facebook", "usage": 11},
				{"appName": "삼성 인터넷", "usage": 3},
				{"appName": "시스템 UI", "usage": 1},
				{"appName": "스프레드시트", "usage": 1},
				{"appName": "T전화", "usage": 1},
				{"appName": "파인더", "usage": 1},
				{"appName": "Samsung Notes", "usage": 0},
				{"appName": "캘린더", "usage": 0},
				{"appName": "설정", "usage": 0},
				{"appName": "한컴오피스 viewer", "usage": 0},
				{"appName": "ABC Logger", "usage": 0},
				{"appName": "CaptivePortalLogin", "usage": 0},
				{"appName": "Logger", "usage": 0},
				{"appName": "비디오 플레이어", "usage": 0},
				{"appName": "Google Play 서비스", "usage": 0},
				{"appName": "Samsung Pay", "usage": 0},
				{"appName": "The Day Before", "usage": 0},
				{"appName": "Workspace", "usage": 0},
				{"appName": "패키지 설치 프로그램", "usage": 0},
				{"appName": "삼성 키보드", "usage": 0}
			]
		},
		"pickups": {"usage": 227},
		"downTime": {
			"usage": [
				{"hour": "0", "usage": 7},
				{"hour": "1", "usage": 8},
				{"hour": "2", "usage": 13},
				{"hour": "3", "usage": 2},
				{"hour": "4", "usage": 9},
				{"hour": "5", "usage": 22},
				{"hour": "6", "usage": 6},
				{"hour": "7", "usage": 11},
				{"hour": "8", "usage": 17},
				{"hour": "9", "usage": 13},
				{"hour": "10", "usage": 9},
				{"hour": "11", "usage": 12},
				{"hour": "12", "usage": 6},
				{"hour": "19", "usage": 0}
			],
			"details": [
				{"appName": "Samsung Experience 홈", "usage": [0, 1, 2, 3, 4, 5, 6, 7, 8, 9, 10, 11, 12, 19]},
				{"appName": "시스템 UI", "usage": [0, 1, 2, 3, 4, 5, 6, 7, 8, 9, 10, 11, 12]},
				{"appName": "카카오톡", "usage": [0, 1, 2, 3, 4, 5, 6, 7, 8, 9, 10, 11]},
				{"appName": "카메라", "usage": [0, 1, 3, 4, 5, 7, 8, 9, 10, 11, 12, 19]},
				{"appName": "Instagram", "usage": [1, 2, 3, 4, 5, 6, 8, 9, 10, 11, 12]},
				{"appName": "갤러리", "usage": [1, 2, 4, 5, 6, 7, 8, 9, 10, 12]},
				{"appName": "SODA", "usage": [0, 1, 2, 4, 5, 6, 7, 8, 9, 10]},
				{"appName": "Facebook", "usage": [0, 1, 2, 4, 11]},
				{"appName": "삼성 인터넷", "usage": [0, 4, 7, 10]},
				{"appName": "한컴오피스 viewer", "usage": [5]},
				{"appName": "패키지 설치 프로그램", "usage": [1]},
				{"appName": "파인더", "usage": [8]},
				{"appName": "캘린더", "usage": [1]},
				{"appName": "스프레드시트", "usage": [7]},
				{"appName": "설정", "usage": [8]},
				{"appName": "삼성 키보드", "usage": [1]},
				{"appName": "비디오 플레이어", "usage": [5]},
				{"appName": "Workspace", "usage": [0]},
				{"appName": "T전화", "usage": [0]},
				{"appName": "The Day Before", "usage": [4]},
				{"appName": "Samsung Pay", "usage": [12]},
				{"appName": "Samsung Notes", "usage": [5]},
				{"appName": "Logger", "usage": [1]},
				{"appName": "Google Play 서비스", "usage": [5]},
				{"appName": "CaptivePortalLogin", "usage": [9]},
				{"appName": "ABC Logger", "usage": [4]}
			]
		},
		"maxTime": {
			"usage": 6,
			"details": [
				{"appName": "Samsung Experience 홈", "usage": 3},
				{"appName": "SODA", "usage": 2},
				{"appName": "카메라", "usage": 2},
				{"appName": "갤러리", "usage": 2},
				{"appName": "카카오톡", "usage": 1},
				{"appName": "Instagram", "usage": 1},
				{"appName": "Facebook", "usage": 1},
				{"appName": "삼성 인터넷", "usage": 1},
				{"appName": "T전화", "usage": 1},
				{"appName": "파인더", "usage": 1},
				{"appName": "스프레드시트", "usage": 1},
				{"appName": "캘린더", "usage": 0},
				{"appName": "설정", "usage": 0},
				{"appName": "한컴오피스 viewer", "usage": 0},
				{"appName": "Samsung Notes", "usage": 0},
				{"appName": "시스템 UI", "usage": 0},
				{"appName": "ABC Logger", "usage": 0},
				{"appName": "CaptivePortalLogin", "usage": 0},
				{"appName": "Logger", "usage": 0},
				{"appName": "비디오 플레이어", "usage": 0},
				{"appName": "Google Play 서비스", "usage": 0},
				{"appName": "Samsung Pay", "usage": 0},
				{"appName": "The Day Before", "usage": 0},
				{"appName": "Workspace", "usage": 0},
				{"appName": "패키지 설치 프로그램", "usage": 0},
				{"appName": "삼성 키보드", "usage": 0}
			]
		},
		"avgTime": {
			"usage": 0,
			"details": [
				{"appName": "T전화", "usage": 0},
				{"appName": "파인더", "usage": 0},
				{"appName": "캘린더", "usage": 0},
				{"appName": "Facebook", "usage": 0},
				{"appName": "설정", "usage": 0},
				{"appName": "삼성 인터넷", "usage": 0},
				{"appName": "갤러리", "usage": 0},
				{"appName": "SODA", "usage": 0},
				{"appName": "카메라", "usage": 0},
				{"appName": "스프레드시트", "usage": 0},
				{"appName": "Instagram", "usage": 0},
				{"appName": "한컴오피스 viewer", "usage": 0},
				{"appName": "Samsung Notes", "usage": 0},
				{"appName": "CaptivePortalLogin", "usage": 0},
				{"appName": "카카오톡", "usage": 0},
				{"appName": "Samsung Experience 홈", "usage": 0},
				{"appName": "비디오 플레이어", "usage": 0},
				{"appName": "Google Play 서비스", "usage": 0},
				{"appName": "Logger", "usage": 0},
				{"appName": "Samsung Pay", "usage": 0},
				{"appName": "ABC Logger", "usage": 0},
				{"appName": "시스템 UI", "usage": 0},
				{"appName": "The Day Before", "usage": 0},
				{"appName": "Workspace", "usage": 0},
				{"appName": "패키지 설치 프로그램", "usage": 0},
				{"appName": "삼성 키보드", "usage": 0}
			]
		},
		"lastPickup": {"time": 0}
	},
	{
		"date": 5,
		"totalTime": {
			"usage": 788,
			"details": [
				{"appName": "카카오톡", "usage": 181},
				{"appName": "Instagram", "usage": 166},
				{"appName": "Chrome", "usage": 154},
				{"appName": "Facebook", "usage": 89},
				{"appName": "YouTube", "usage": 75},
				{"appName": "삼성 인터넷", "usage": 23},
				{"appName": "갤러리", "usage": 11},
				{"appName": "싸이메라", "usage": 10},
				{"appName": "Samsung Experience 홈", "usage": 7},
				{"appName": "시계", "usage": 6},
				{"appName": "카메라", "usage": 4},
				{"appName": "비디오 플레이어", "usage": 3},
				{"appName": "시스템 UI", "usage": 1},
				{"appName": "한컴오피스 viewer", "usage": 1},
				{"appName": "Foodie", "usage": 1},
				{"appName": "스프레드시트", "usage": 1},
				{"appName": "Google Play 스토어", "usage": 0},
				{"appName": "카카오톡 치즈", "usage": 0},
				{"appName": "SODA", "usage": 0},
				{"appName": "삼성 캡처", "usage": 0},
				{"appName": "삼성 키보드", "usage": 0},
				{"appName": "패키지 설치 프로그램", "usage": 0},
				{"appName": "안드로이드 시스템", "usage": 0},
				{"appName": "설정", "usage": 0},
				{"appName": "사전", "usage": 0},
				{"appName": "내 파일", "usage": 0},
				{"appName": "한국장학재단", "usage": 0},
				{"appName": "Samsung Experience Service", "usage": 0}
			]
		},
		"pickups": {"usage": 138},
		"downTime": {
			"usage": [
				{"hour": "0", "usage": 4},
				{"hour": "2", "usage": 17},
				{"hour": "3", "usage": 23},
				{"hour": "4", "usage": 59},
				{"hour": "5", "usage": 45},
				{"hour": "6", "usage": 45},
				{"hour": "7", "usage": 16},
				{"hour": "8", "usage": 51},
				{"hour": "9", "usage": 39},
				{"hour": "10", "usage": 57},
				{"hour": "11", "usage": 59},
				{"hour": "12", "usage": 57},
				{"hour": "13", "usage": 54},
				{"hour": "14", "usage": 44},
				{"hour": "15", "usage": 1},
				{"hour": "16", "usage": 0},
				{"hour": "17", "usage": 26},
				{"hour": "18", "usage": 60},
				{"hour": "19", "usage": 37},
				{"hour": "20", "usage": 45},
				{"hour": "21", "usage": 19},
				{"hour": "22", "usage": 16},
				{"hour": "23", "usage": 2}
			],
			"details": [
				{"appName": "카카오톡", "usage": [0, 2, 3, 4, 5, 6, 7, 8, 9, 10, 11, 12, 13, 14, 15, 17, 18, 20, 22]},
				{"appName": "Samsung Experience 홈", "usage": [0, 2, 3, 4, 5, 6, 7, 8, 9, 10, 11, 12, 13, 14, 17, 18, 20, 22, 23]},
				{"appName": "Instagram", "usage": [0, 2, 3, 4, 5, 6, 8, 9, 10, 11, 12, 13, 14, 15, 16, 17, 18, 20, 23]},
				{"appName": "시스템 UI", "usage": [0, 2, 3, 4, 5, 6, 7, 8, 9, 10, 12, 14, 17, 18, 20, 22]},
				{"appName": "Facebook", "usage": [0, 2, 3, 5, 7, 8, 11, 12, 13, 14, 17, 20, 23]},
				{"appName": "시계", "usage": [6, 14, 15, 17, 20, 21, 22, 23]},
				{"appName": "삼성 인터넷", "usage": [2, 3, 5, 7, 8, 12, 14, 20]},
				{"appName": "갤러리", "usage": [3, 5, 6, 11, 12, 13]},
				{"appName": "Chrome", "usage": [18, 19, 20, 21, 22, 23]},
				{"appName": "사전", "usage": [17, 18, 20, 21, 22]},
				{"appName": "비디오 플레이어", "usage": [3, 5, 6, 11, 13]},
				{"appName": "카메라", "usage": [2, 5, 9, 14]},
				{"appName": "패키지 설치 프로그램", "usage": [6, 11, 12]},
				{"appName": "YouTube", "usage": [3, 4, 5]},
				{"appName": "안드로이드 시스템", "usage": [14, 20]},
				{"appName": "설정", "usage": [6, 10]},
				{"appName": "삼성 키보드", "usage": [5, 13]},
				{"appName": "삼성 캡처", "usage": [8, 20]},
				{"appName": "Samsung Experience Service", "usage": [11, 12]},
				{"appName": "Google Play 스토어", "usage": [5, 12]},
				{"appName": "Foodie", "usage": [2, 3]},
				{"appName": "한컴오피스 viewer", "usage": [4]},
				{"appName": "한국장학재단", "usage": [20]},
				{"appName": "카카오톡 치즈", "usage": [14]},
				{"appName": "싸이메라", "usage": [6]},
				{"appName": "스프레드시트", "usage": [12]},
				{"appName": "내 파일", "usage": [23]},
				{"appName": "SODA", "usage": [2]}
			]
		},
		"maxTime": {
			"usage": 113,
			"details": [
				{"appName": "YouTube", "usage": 52},
				{"appName": "Chrome", "usage": 47},
				{"appName": "Facebook", "usage": 18},
				{"appName": "카카오톡", "usage": 15},
				{"appName": "Instagram", "usage": 11},
				{"appName": "삼성 인터넷", "usage": 7},
				{"appName": "시계", "usage": 5},
				{"appName": "갤러리", "usage": 4},
				{"appName": "카메라", "usage": 3},
				{"appName": "싸이메라", "usage": 1},
				{"appName": "한컴오피스 viewer", "usage": 1},
				{"appName": "스프레드시트", "usage": 1},
				{"appName": "Samsung Experience 홈", "usage": 0},
				{"appName": "카카오톡 치즈", "usage": 0},
				{"appName": "비디오 플레이어", "usage": 0},
				{"appName": "Foodie", "usage": 0},
				{"appName": "삼성 캡처", "usage": 0},
				{"appName": "Google Play 스토어", "usage": 0},
				{"appName": "삼성 키보드", "usage": 0},
				{"appName": "SODA", "usage": 0},
				{"appName": "시스템 UI", "usage": 0},
				{"appName": "패키지 설치 프로그램", "usage": 0},
				{"appName": "설정", "usage": 0},
				{"appName": "안드로이드 시스템", "usage": 0},
				{"appName": "내 파일", "usage": 0},
				{"appName": "한국장학재단", "usage": 0},
				{"appName": "Samsung Experience Service", "usage": 0},
				{"appName": "사전", "usage": 0}
			]
		},
		"avgTime": {
			"usage": 5,
			"details": [
				{"appName": "YouTube", "usage": 15},
				{"appName": "Chrome", "usage": 2},
				{"appName": "삼성 인터넷", "usage": 1},
				{"appName": "한컴오피스 viewer", "usage": 0},
				{"appName": "Facebook", "usage": 0},
				{"appName": "갤러리", "usage": 0},
				{"appName": "Instagram", "usage": 0},
				{"appName": "스프레드시트", "usage": 0},
				{"appName": "카메라", "usage": 0},
				{"appName": "카카오톡 치즈", "usage": 0},
				{"appName": "시계", "usage": 0},
				{"appName": "Foodie", "usage": 0},
				{"appName": "삼성 캡처", "usage": 0},
				{"appName": "싸이메라", "usage": 0},
				{"appName": "비디오 플레이어", "usage": 0},
				{"appName": "카카오톡", "usage": 0},
				{"appName": "SODA", "usage": 0},
				{"appName": "삼성 키보드", "usage": 0},
				{"appName": "Google Play 스토어", "usage": 0},
				{"appName": "안드로이드 시스템", "usage": 0},
				{"appName": "Samsung Experience 홈", "usage": 0},
				{"appName": "패키지 설치 프로그램", "usage": 0},
				{"appName": "설정", "usage": 0},
				{"appName": "시스템 UI", "usage": 0},
				{"appName": "내 파일", "usage": 0},
				{"appName": "한국장학재단", "usage": 0},
				{"appName": "Samsung Experience Service", "usage": 0},
				{"appName": "사전", "usage": 0}
			]
		},
		"lastPickup": {"time": 0}
	},
	{
		"date": 6,
		"totalTime": {
			"usage": 585,
			"details": [
				{"appName": "카카오톡", "usage": 250},
				{"appName": "드라이브", "usage": 67},
				{"appName": "Chrome", "usage": 66},
				{"appName": "한컴오피스 viewer", "usage": 40},
				{"appName": "Facebook", "usage": 39},
				{"appName": "Instagram", "usage": 32},
				{"appName": "Samsung Experience 홈", "usage": 25},
				{"appName": "계산기", "usage": 13},
				{"appName": "T전화", "usage": 10},
				{"appName": "KLMS", "usage": 7},
				{"appName": "시스템 UI", "usage": 5},
				{"appName": "카메라", "usage": 4},
				{"appName": "갤러리", "usage": 2},
				{"appName": "음성 녹음", "usage": 2},
				{"appName": "삼성 인터넷", "usage": 2},
				{"appName": "사전", "usage": 1},
				{"appName": "캘린더", "usage": 1},
				{"appName": "내 파일", "usage": 0},
				{"appName": "시계", "usage": 0},
				{"appName": "메시지", "usage": 0},
				{"appName": "포토", "usage": 0},
				{"appName": "SODA", "usage": 0},
				{"appName": "Messenger", "usage": 0},
				{"appName": "BAND", "usage": 0},
				{"appName": "소프트웨어 업데이트", "usage": 0},
				{"appName": "안드로이드 시스템", "usage": 0},
				{"appName": "Samsung Pay", "usage": 0},
				{"appName": "삼성 캡처", "usage": 0},
				{"appName": "설정", "usage": 0},
				{"appName": "패키지 설치 프로그램", "usage": 0},
				{"appName": "Google Play 서비스", "usage": 0},
				{"appName": "삼성 키보드", "usage": 0},
				{"appName": "Dropsync", "usage": 0},
				{"appName": "한국장학재단", "usage": 0}
			]
		},
		"pickups": {"usage": 303},
		"downTime": {
			"usage": [
				{"hour": "0", "usage": 35},
				{"hour": "1", "usage": 30},
				{"hour": "2", "usage": 60},
				{"hour": "3", "usage": 59},
				{"hour": "4", "usage": 58},
				{"hour": "5", "usage": 46},
				{"hour": "6", "usage": 39},
				{"hour": "7", "usage": 45},
				{"hour": "8", "usage": 55},
				{"hour": "9", "usage": 11},
				{"hour": "10", "usage": 10},
				{"hour": "11", "usage": 26},
				{"hour": "12", "usage": 23},
				{"hour": "13", "usage": 19},
				{"hour": "14", "usage": 27},
				{"hour": "15", "usage": 9},
				{"hour": "16", "usage": 2},
				{"hour": "17", "usage": 14},
				{"hour": "18", "usage": 8},
				{"hour": "21", "usage": 0},
				{"hour": "23", "usage": 0}
			],
			"details": [
				{"appName": "카카오톡", "usage": [0, 1, 2, 3, 4, 5, 6, 7, 8, 9, 10, 11, 12, 13, 14, 15, 16, 17, 18]},
				{"appName": "시스템 UI", "usage": [0, 1, 2, 3, 4, 5, 6, 7, 8, 9, 10, 11, 12, 13, 14, 15, 16, 17, 18]},
				{"appName": "Samsung Experience 홈", "usage": [0, 1, 2, 3, 4, 5, 6, 7, 8, 9, 10, 11, 12, 13, 14, 15, 16, 17, 18]},
				{"appName": "Instagram", "usage": [0, 1, 2, 4, 5, 6, 7, 9, 10, 12, 13, 15, 16, 17, 18]},
				{"appName": "카메라", "usage": [0, 1, 5, 9, 10, 11, 12, 13, 14, 15, 17, 23]},
				{"appName": "Facebook", "usage": [0, 1, 7, 8, 9, 11, 13, 14, 17, 18]},
				{"appName": "한컴오피스 viewer", "usage": [3, 5, 9, 10, 11, 12, 13, 14]},
				{"appName": "KLMS", "usage": [0, 1, 3, 5, 6, 13, 14]},
				{"appName": "사전", "usage": [2, 3, 4, 5, 8, 12]},
				{"appName": "드라이브", "usage": [3, 4, 5, 6, 7, 13]},
				{"appName": "캘린더", "usage": [1, 4, 12, 14]},
				{"appName": "삼성 인터넷", "usage": [7, 9, 12, 13]},
				{"appName": "갤러리", "usage": [0, 1, 3, 11]},
				{"appName": "Chrome", "usage": [0, 1, 2, 4]},
				{"appName": "T전화", "usage": [12, 14, 17]},
				{"appName": "안드로이드 시스템", "usage": [3, 11]},
				{"appName": "시계", "usage": [18, 23]},
				{"appName": "내 파일", "usage": [11, 12]},
				{"appName": "계산기", "usage": [5, 6]},
				{"appName": "한국장학재단", "usage": [7]},
				{"appName": "포토", "usage": [6]},
				{"appName": "패키지 설치 프로그램", "usage": [6]},
				{"appName": "음성 녹음", "usage": [0]},
				{"appName": "소프트웨어 업데이트", "usage": [18]},
				{"appName": "설정", "usage": [0]},
				{"appName": "삼성 키보드", "usage": [1]},
				{"appName": "삼성 캡처", "usage": [8]},
				{"appName": "메시지", "usage": [1]},
				{"appName": "Samsung Pay", "usage": [10]},
				{"appName": "SODA", "usage": [12]},
				{"appName": "Messenger", "usage": [13]},
				{"appName": "Google Play 서비스", "usage": [1]},
				{"appName": "Dropsync", "usage": [5]},
				{"appName": "BAND", "usage": [11]}
			]
		},
		"maxTime": {
			"usage": 71,
			"details": [
				{"appName": "카카오톡", "usage": 27},
				{"appName": "드라이브", "usage": 11},
				{"appName": "계산기", "usage": 9},
				{"appName": "Chrome", "usage": 9},
				{"appName": "한컴오피스 viewer", "usage": 6},
				{"appName": "Facebook", "usage": 6},
				{"appName": "Instagram", "usage": 6},
				{"appName": "T전화", "usage": 4},
				{"appName": "Samsung Experience 홈", "usage": 3},
				{"appName": "음성 녹음", "usage": 2},
				{"appName": "갤러리", "usage": 1},
				{"appName": "KLMS", "usage": 1},
				{"appName": "삼성 인터넷", "usage": 0},
				{"appName": "시스템 UI", "usage": 0},
				{"appName": "카메라", "usage": 0},
				{"appName": "내 파일", "usage": 0},
				{"appName": "SODA", "usage": 0},
				{"appName": "포토", "usage": 0},
				{"appName": "Messenger", "usage": 0},
				{"appName": "시계", "usage": 0},
				{"appName": "사전", "usage": 0},
				{"appName": "캘린더", "usage": 0},
				{"appName": "메시지", "usage": 0},
				{"appName": "소프트웨어 업데이트", "usage": 0},
				{"appName": "Samsung Pay", "usage": 0},
				{"appName": "BAND", "usage": 0},
				{"appName": "설정", "usage": 0},
				{"appName": "안드로이드 시스템", "usage": 0},
				{"appName": "삼성 캡처", "usage": 0},
				{"appName": "패키지 설치 프로그램", "usage": 0},
				{"appName": "Google Play 서비스", "usage": 0},
				{"appName": "삼성 키보드", "usage": 0},
				{"appName": "Dropsync", "usage": 0},
				{"appName": "한국장학재단", "usage": 0}
			]
		},
		"avgTime": {
			"usage": 1,
			"details": [
				{"appName": "드라이브", "usage": 2},
				{"appName": "음성 녹음", "usage": 2},
				{"appName": "계산기", "usage": 1},
				{"appName": "Chrome", "usage": 1},
				{"appName": "갤러리", "usage": 0},
				{"appName": "Facebook", "usage": 0},
				{"appName": "한컴오피스 viewer", "usage": 0},
				{"appName": "T전화", "usage": 0},
				{"appName": "삼성 인터넷", "usage": 0},
				{"appName": "Instagram", "usage": 0},
				{"appName": "SODA", "usage": 0},
				{"appName": "Messenger", "usage": 0},
				{"appName": "카카오톡", "usage": 0},
				{"appName": "포토", "usage": 0},
				{"appName": "카메라", "usage": 0},
				{"appName": "시계", "usage": 0},
				{"appName": "메시지", "usage": 0},
				{"appName": "내 파일", "usage": 0},
				{"appName": "Samsung Experience 홈", "usage": 0},
				{"appName": "KLMS", "usage": 0},
				{"appName": "캘린더", "usage": 0},
				{"appName": "설정", "usage": 0},
				{"appName": "소프트웨어 업데이트", "usage": 0},
				{"appName": "안드로이드 시스템", "usage": 0},
				{"appName": "BAND", "usage": 0},
				{"appName": "패키지 설치 프로그램", "usage": 0},
				{"appName": "Google Play 서비스", "usage": 0},
				{"appName": "시스템 UI", "usage": 0},
				{"appName": "삼성 캡처", "usage": 0},
				{"appName": "Samsung Pay", "usage": 0},
				{"appName": "사전", "usage": 0},
				{"appName": "삼성 키보드", "usage": 0},
				{"appName": "Dropsync", "usage": 0},
				{"appName": "한국장학재단", "usage": 0}
			]
		},
		"lastPickup": {"time": 0}
	},
	{
		"date": 7,
		"totalTime": {
			"usage": 197,
			"details": [
				{"appName": "카메라", "usage": 599},
				{"appName": "카카오톡", "usage": 83},
				{"appName": "Facebook", "usage": 34},
				{"appName": "Instagram", "usage": 32},
				{"appName": "Samsung Experience 홈", "usage": 12},
				{"appName": "삼성 인터넷", "usage": 4},
				{"appName": "T전화", "usage": 2},
				{"appName": "SODA", "usage": 2},
				{"appName": "시스템 UI", "usage": 1},
				{"appName": "Google Play 서비스", "usage": 1},
				{"appName": "문서", "usage": 0},
				{"appName": "에브리타임", "usage": 0},
				{"appName": "갤러리", "usage": 0},
				{"appName": "Google", "usage": 0},
				{"appName": "드라이브", "usage": 0},
				{"appName": "메시지", "usage": 0},
				{"appName": "시계", "usage": 0},
				{"appName": "Samsung Pay", "usage": 0},
				{"appName": "설정", "usage": 0},
				{"appName": "빅스비 홈", "usage": 0},
				{"appName": "안드로이드 시스템", "usage": 0},
				{"appName": "삼성 키보드", "usage": 0},
				{"appName": "The Day Before", "usage": 0}
			]
		},
		"pickups": {"usage": 189},
		"downTime": {
			"usage": [
				{"hour": "0", "usage": 1},
				{"hour": "1", "usage": 16},
				{"hour": "2", "usage": 32},
				{"hour": "3", "usage": 6},
				{"hour": "4", "usage": 8},
				{"hour": "5", "usage": 3},
				{"hour": "6", "usage": 1},
				{"hour": "7", "usage": 10},
				{"hour": "8", "usage": 21},
				{"hour": "9", "usage": 10},
				{"hour": "10", "usage": 17},
				{"hour": "11", "usage": 36},
				{"hour": "12", "usage": 10},
				{"hour": "13", "usage": 17},
				{"hour": "14", "usage": 4}
			],
			"details": [
				{"appName": "카카오톡", "usage": [0, 1, 2, 3, 4, 5, 6, 7, 8, 9, 10, 11, 12, 13, 14]},
				{"appName": "Samsung Experience 홈", "usage": [1, 2, 3, 4, 5, 6, 7, 8, 9, 10, 11, 12, 13, 14]},
				{"appName": "시스템 UI", "usage": [1, 2, 3, 4, 5, 7, 8, 9, 10, 11, 12, 13, 14]},
				{"appName": "Facebook", "usage": [2, 4, 5, 7, 8, 10, 11, 12, 13]},
				{"appName": "Instagram", "usage": [1, 2, 7, 8, 9, 11, 12, 13]},
				{"appName": "카메라", "usage": [3, 8, 9, 10, 12, 13]},
				{"appName": "메시지", "usage": [8, 11, 14]},
				{"appName": "T전화", "usage": [8, 13, 14]},
				{"appName": "설정", "usage": [1, 11]},
				{"appName": "Samsung Pay", "usage": [3, 12]},
				{"appName": "SODA", "usage": [8, 13]},
				{"appName": "에브리타임", "usage": [8]},
				{"appName": "안드로이드 시스템", "usage": [10]},
				{"appName": "시계", "usage": [0]},
				{"appName": "삼성 키보드", "usage": [8]},
				{"appName": "삼성 인터넷", "usage": [11]},
				{"appName": "빅스비 홈", "usage": [3]},
				{"appName": "문서", "usage": [11]},
				{"appName": "드라이브", "usage": [11]},
				{"appName": "갤러리", "usage": [13]},
				{"appName": "The Day Before", "usage": [1]},
				{"appName": "Google Play 서비스", "usage": [11]},
				{"appName": "Google", "usage": [11]}
			]
		},
		"maxTime": {
			"usage": 35,
			"details": [
				{"appName": "카메라", "usage": 597},
				{"appName": "Instagram", "usage": 8},
				{"appName": "Facebook", "usage": 4},
				{"appName": "카카오톡", "usage": 3},
				{"appName": "삼성 인터넷", "usage": 2},
				{"appName": "Samsung Experience 홈", "usage": 1},
				{"appName": "T전화", "usage": 0},
				{"appName": "Google Play 서비스", "usage": 0},
				{"appName": "SODA", "usage": 0},
				{"appName": "에브리타임", "usage": 0},
				{"appName": "갤러리", "usage": 0},
				{"appName": "문서", "usage": 0},
				{"appName": "드라이브", "usage": 0},
				{"appName": "Google", "usage": 0},
				{"appName": "시계", "usage": 0},
				{"appName": "Samsung Pay", "usage": 0},
				{"appName": "메시지", "usage": 0},
				{"appName": "시스템 UI", "usage": 0},
				{"appName": "설정", "usage": 0},
				{"appName": "안드로이드 시스템", "usage": 0},
				{"appName": "빅스비 홈", "usage": 0},
				{"appName": "삼성 키보드", "usage": 0},
				{"appName": "The Day Before", "usage": 0}
			]
		},
		"avgTime": {
			"usage": 1,
			"details": [
				{"appName": "카메라", "usage": 42},
				{"appName": "삼성 인터넷", "usage": 0},
				{"appName": "Instagram", "usage": 0},
				{"appName": "Facebook", "usage": 0},
				{"appName": "SODA", "usage": 0},
				{"appName": "갤러리", "usage": 0},
				{"appName": "문서", "usage": 0},
				{"appName": "에브리타임", "usage": 0},
				{"appName": "T전화", "usage": 0},
				{"appName": "드라이브", "usage": 0},
				{"appName": "Google", "usage": 0},
				{"appName": "Samsung Experience 홈", "usage": 0},
				{"appName": "Google Play 서비스", "usage": 0},
				{"appName": "카카오톡", "usage": 0},
				{"appName": "메시지", "usage": 0},
				{"appName": "Samsung Pay", "usage": 0},
				{"appName": "시계", "usage": 0},
				{"appName": "안드로이드 시스템", "usage": 0},
				{"appName": "시스템 UI", "usage": 0},
				{"appName": "빅스비 홈", "usage": 0},
				{"appName": "삼성 키보드", "usage": 0},
				{"appName": "설정", "usage": 0},
				{"appName": "The Day Before", "usage": 0}
			]
		},
		"lastPickup": {"time": 0}
	}
]
