[
	{
		"date": 1,
		"totalTime": {
			"usage": 428,
			"details": [
				{"appName": "Facebook", "usage": 106},
				{"appName": "NAVER", "usage": 45},
				{"appName": "카카오톡", "usage": 39},
				{"appName": "PES 2019 PRO EVOLUTION SOCCER", "usage": 38},
				{"appName": "YouTube", "usage": 27},
				{"appName": "Instagram", "usage": 27},
				{"appName": "One UI 홈", "usage": 26},
				{"appName": "아만다", "usage": 18},
				{"appName": "네이버 웹툰", "usage": 17},
				{"appName": "Netflix", "usage": 13},
				{"appName": "삼성 인터넷", "usage": 12},
				{"appName": "갤러리", "usage": 9},
				{"appName": "Paco", "usage": 5},
				{"appName": "통화", "usage": 4},
				{"appName": "SNOW", "usage": 3},
				{"appName": "다음웹툰", "usage": 3},
				{"appName": "Melon", "usage": 3},
				{"appName": "Polar Beat", "usage": 2},
				{"appName": "레진코믹스", "usage": 2},
				{"appName": "숨고", "usage": 2},
				{"appName": "컴프야2019", "usage": 1},
				{"appName": "설정", "usage": 0},
				{"appName": "이메일", "usage": 0},
				{"appName": "계산기", "usage": 0},
				{"appName": "KLMS", "usage": 0},
				{"appName": "Google Play 스토어", "usage": 0},
				{"appName": "Microsoft Health", "usage": 0},
				{"appName": "리브메이트", "usage": 0},
				{"appName": "수탉 알람시계", "usage": 0},
				{"appName": "Dropsync", "usage": 0},
				{"appName": "KB스타알림", "usage": 0},
				{"appName": "날씨", "usage": 0},
				{"appName": "Word", "usage": 0},
				{"appName": "메시지", "usage": 0},
				{"appName": "전화", "usage": 0},
				{"appName": "안드로이드 시스템", "usage": 0},
				{"appName": "접근성", "usage": 0},
				{"appName": "원스토어", "usage": 0}
			]
		},
		"pickups": {"usage": 261},
		"downTime": {
			"usage": [
				{"hour": "0", "usage": 2},
				{"hour": "1", "usage": 29},
				{"hour": "2", "usage": 28},
				{"hour": "3", "usage": 31},
				{"hour": "4", "usage": 10},
				{"hour": "5", "usage": 32},
				{"hour": "6", "usage": 51},
				{"hour": "7", "usage": 12},
				{"hour": "8", "usage": 23},
				{"hour": "9", "usage": 15},
				{"hour": "10", "usage": 22},
				{"hour": "11", "usage": 7},
				{"hour": "12", "usage": 37},
				{"hour": "13", "usage": 4},
				{"hour": "14", "usage": 34},
				{"hour": "15", "usage": 39},
				{"hour": "16", "usage": 23},
				{"hour": "17", "usage": 22}
			],
			"details": [
				{"appName": "One UI 홈", "usage": [0, 1, 2, 3, 4, 5, 6, 7, 8, 9, 10, 11, 12, 13, 14, 15, 16, 17, 23]},
				{"appName": "카카오톡", "usage": [0, 1, 2, 3, 4, 5, 6, 7, 8, 9, 10, 11, 12, 13, 14, 15, 16, 17]},
				{"appName": "Instagram", "usage": [1, 2, 3, 4, 5, 6, 7, 8, 10, 11, 12, 13, 14, 15, 16, 17]},
				{"appName": "Facebook", "usage": [0, 1, 2, 3, 4, 5, 6, 7, 8, 10, 12, 13, 14, 15, 16, 17]},
				{"appName": "Paco", "usage": [1, 2, 3, 4, 5, 6, 7, 8, 9, 10, 11, 12]},
				{"appName": "아만다", "usage": [6, 7, 8, 10, 11, 12, 15, 16, 17]},
				{"appName": "Melon", "usage": [2, 3, 6, 7, 12, 14, 15, 16, 17]},
				{"appName": "NAVER", "usage": [1, 2, 3, 9, 10, 13, 15, 16]},
				{"appName": "숨고", "usage": [5, 10, 12, 15, 17]},
				{"appName": "SNOW", "usage": [2, 9, 10, 11, 12]},
				{"appName": "컴프야2019", "usage": [5, 9, 13, 23]},
				{"appName": "설정", "usage": [10, 11, 12, 14]},
				{"appName": "갤러리", "usage": [9, 10, 12, 17]},
				{"appName": "Polar Beat", "usage": [2, 4, 6, 11]},
				{"appName": "PES 2019 PRO EVOLUTION SOCCER", "usage": [4, 12, 14, 15]},
				{"appName": "통화", "usage": [1, 6, 14]},
				{"appName": "이메일", "usage": [2, 3, 12]},
				{"appName": "삼성 인터넷", "usage": [1, 2, 16]},
				{"appName": "KB스타알림", "usage": [1, 9, 14]},
				{"appName": "전화", "usage": [1, 14]},
				{"appName": "안드로이드 시스템", "usage": [3, 12]},
				{"appName": "네이버 웹툰", "usage": [14, 16]},
				{"appName": "KLMS", "usage": [4, 12]},
				{"appName": "접근성", "usage": [11]},
				{"appName": "원스토어", "usage": [16]},
				{"appName": "수탉 알람시계", "usage": [17]},
				{"appName": "메시지", "usage": [3]},
				{"appName": "리브메이트", "usage": [3]},
				{"appName": "레진코믹스", "usage": [15]},
				{"appName": "다음웹툰", "usage": [14]},
				{"appName": "날씨", "usage": [8]},
				{"appName": "계산기", "usage": [2]},
				{"appName": "YouTube", "usage": [6]},
				{"appName": "Word", "usage": [12]},
				{"appName": "Netflix", "usage": [5]},
				{"appName": "Microsoft Health", "usage": [11]},
				{"appName": "Google Play 스토어", "usage": [6]},
				{"appName": "Dropsync", "usage": [5]}
			]
		},
		"maxTime": {
			"usage": 39,
			"details": [
				{"appName": "PES 2019 PRO EVOLUTION SOCCER", "usage": 20},
				{"appName": "YouTube", "usage": 19},
				{"appName": "NAVER", "usage": 11},
				{"appName": "Netflix", "usage": 11},
				{"appName": "Facebook", "usage": 11},
				{"appName": "갤러리", "usage": 8},
				{"appName": "삼성 인터넷", "usage": 7},
				{"appName": "Instagram", "usage": 3},
				{"appName": "통화", "usage": 2},
				{"appName": "네이버 웹툰", "usage": 2},
				{"appName": "카카오톡", "usage": 2},
				{"appName": "SNOW", "usage": 1},
				{"appName": "다음웹툰", "usage": 1},
				{"appName": "레진코믹스", "usage": 1},
				{"appName": "컴프야2019", "usage": 1},
				{"appName": "아만다", "usage": 0},
				{"appName": "Melon", "usage": 0},
				{"appName": "One UI 홈", "usage": 0},
				{"appName": "숨고", "usage": 0},
				{"appName": "Polar Beat", "usage": 0},
				{"appName": "계산기", "usage": 0},
				{"appName": "Paco", "usage": 0},
				{"appName": "설정", "usage": 0},
				{"appName": "Google Play 스토어", "usage": 0},
				{"appName": "Microsoft Health", "usage": 0},
				{"appName": "이메일", "usage": 0},
				{"appName": "리브메이트", "usage": 0},
				{"appName": "Dropsync", "usage": 0},
				{"appName": "KLMS", "usage": 0},
				{"appName": "날씨", "usage": 0},
				{"appName": "Word", "usage": 0},
				{"appName": "수탉 알람시계", "usage": 0},
				{"appName": "메시지", "usage": 0},
				{"appName": "전화", "usage": 0},
				{"appName": "안드로이드 시스템", "usage": 0},
				{"appName": "KB스타알림", "usage": 0},
				{"appName": "접근성", "usage": 0},
				{"appName": "원스토어", "usage": 0}
			]
		},
		"avgTime": {
			"usage": 1,
			"details": [
				{"appName": "YouTube", "usage": 9},
				{"appName": "PES 2019 PRO EVOLUTION SOCCER", "usage": 6},
				{"appName": "삼성 인터넷", "usage": 3},
				{"appName": "갤러리", "usage": 1},
				{"appName": "Netflix", "usage": 1},
				{"appName": "Facebook", "usage": 0},
				{"appName": "통화", "usage": 0},
				{"appName": "SNOW", "usage": 0},
				{"appName": "NAVER", "usage": 0},
				{"appName": "계산기", "usage": 0},
				{"appName": "숨고", "usage": 0},
				{"appName": "네이버 웹툰", "usage": 0},
				{"appName": "레진코믹스", "usage": 0},
				{"appName": "Instagram", "usage": 0},
				{"appName": "다음웹툰", "usage": 0},
				{"appName": "이메일", "usage": 0},
				{"appName": "컴프야2019", "usage": 0},
				{"appName": "Microsoft Health", "usage": 0},
				{"appName": "아만다", "usage": 0},
				{"appName": "날씨", "usage": 0},
				{"appName": "Word", "usage": 0},
				{"appName": "Polar Beat", "usage": 0},
				{"appName": "Paco", "usage": 0},
				{"appName": "메시지", "usage": 0},
				{"appName": "Dropsync", "usage": 0},
				{"appName": "카카오톡", "usage": 0},
				{"appName": "리브메이트", "usage": 0},
				{"appName": "Google Play 스토어", "usage": 0},
				{"appName": "설정", "usage": 0},
				{"appName": "KLMS", "usage": 0},
				{"appName": "One UI 홈", "usage": 0},
				{"appName": "수탉 알람시계", "usage": 0},
				{"appName": "Melon", "usage": 0},
				{"appName": "안드로이드 시스템", "usage": 0},
				{"appName": "전화", "usage": 0},
				{"appName": "KB스타알림", "usage": 0},
				{"appName": "접근성", "usage": 0},
				{"appName": "원스토어", "usage": 0}
			]
		},
		"lastPickup": {"time": 3}
	},
	{
		"date": 2,
		"totalTime": {
			"usage": 383,
			"details": [
				{"appName": "PES 2019 PRO EVOLUTION SOCCER", "usage": 78},
				{"appName": "Facebook", "usage": 71},
				{"appName": "YouTube", "usage": 44},
				{"appName": "카카오톡", "usage": 43},
				{"appName": "Instagram", "usage": 26},
				{"appName": "One UI 홈", "usage": 25},
				{"appName": "NAVER", "usage": 23},
				{"appName": "네이버 웹툰", "usage": 13},
				{"appName": "통화", "usage": 6},
				{"appName": "Paco", "usage": 4},
				{"appName": "Melon", "usage": 3},
				{"appName": "SNOW", "usage": 3},
				{"appName": "갤러리", "usage": 3},
				{"appName": "Samsung Notes", "usage": 3},
				{"appName": "수탉 알람시계", "usage": 3},
				{"appName": "아만다", "usage": 3},
				{"appName": "KB스타알림", "usage": 2},
				{"appName": "", "usage": 1},
				{"appName": "숨고", "usage": 1},
				{"appName": "Polar Beat", "usage": 1},
				{"appName": "컴프야2019", "usage": 1},
				{"appName": "Word", "usage": 1},
				{"appName": "KLMS", "usage": 0},
				{"appName": "메시지", "usage": 0},
				{"appName": "삼성 인터넷", "usage": 0},
				{"appName": "Google Play 스토어", "usage": 0},
				{"appName": "토스", "usage": 0},
				{"appName": "KAIST Portal", "usage": 0},
				{"appName": "날씨", "usage": 0},
				{"appName": "설정", "usage": 0},
				{"appName": "안드로이드 시스템", "usage": 0},
				{"appName": "Logger", "usage": 0},
				{"appName": "접근성", "usage": 0},
				{"appName": "이메일", "usage": 0},
				{"appName": "전화", "usage": 0},
				{"appName": "패키지 설치 프로그램", "usage": 0}
			]
		},
		"pickups": {"usage": 252},
		"downTime": {
			"usage": [
				{"hour": "0", "usage": 27},
				{"hour": "1", "usage": 22},
				{"hour": "2", "usage": 31},
				{"hour": "3", "usage": 22},
				{"hour": "4", "usage": 20},
				{"hour": "5", "usage": 14},
				{"hour": "6", "usage": 10},
				{"hour": "7", "usage": 13},
				{"hour": "8", "usage": 9},
				{"hour": "9", "usage": 25},
				{"hour": "10", "usage": 53},
				{"hour": "11", "usage": 18},
				{"hour": "12", "usage": 48},
				{"hour": "13", "usage": 25},
				{"hour": "14", "usage": 27},
				{"hour": "15", "usage": 2},
				{"hour": "16", "usage": 0},
				{"hour": "17", "usage": 2},
				{"hour": "18", "usage": 6}
			],
			"details": [
				{"appName": "One UI 홈", "usage": [0, 1, 2, 3, 4, 5, 6, 7, 8, 9, 10, 11, 12, 13, 14, 15, 17, 18]},
				{"appName": "카카오톡", "usage": [0, 1, 2, 3, 4, 5, 6, 7, 8, 9, 10, 11, 12, 14, 15, 17, 18]},
				{"appName": "Instagram", "usage": [0, 1, 2, 3, 4, 5, 6, 7, 8, 9, 10, 11, 12, 14, 15, 17, 18]},
				{"appName": "Facebook", "usage": [0, 1, 2, 3, 4, 5, 6, 7, 8, 9, 11, 12, 13, 14, 15, 18]},
				{"appName": "Paco", "usage": [2, 3, 4, 5, 6, 7, 8, 9, 10, 11, 12]},
				{"appName": "KB스타알림", "usage": [3, 5, 7, 8, 9, 11, 13, 17, 18]},
				{"appName": "Melon", "usage": [1, 2, 5, 8, 9, 10, 11]},
				{"appName": "YouTube", "usage": [1, 2, 10, 11, 12, 15]},
				{"appName": "PES 2019 PRO EVOLUTION SOCCER", "usage": [3, 9, 10, 12, 13, 14]},
				{"appName": "숨고", "usage": [0, 4, 6, 9, 13]},
				{"appName": "메시지", "usage": [0, 4, 6, 7, 18]},
				{"appName": "SNOW", "usage": [4, 9, 10, 11, 12]},
				{"appName": "NAVER", "usage": [0, 1, 5, 6, 7]},
				{"appName": "패키지 설치 프로그램", "usage": [1, 8, 10, 13]},
				{"appName": "통화", "usage": [2, 5, 9, 18]},
				{"appName": "아만다", "usage": [0, 1, 3, 5]},
				{"appName": "날씨", "usage": [1, 2, 8, 12]},
				{"appName": "Polar Beat", "usage": [1, 2, 9, 13]},
				{"appName": "토스", "usage": [1, 5, 11]},
				{"appName": "갤러리", "usage": [4, 9, 17]},
				{"appName": "컴프야2019", "usage": [3, 9]},
				{"appName": "접근성", "usage": [1, 13]},
				{"appName": "전화", "usage": [2, 18]},
				{"appName": "안드로이드 시스템", "usage": [4, 5]},
				{"appName": "수탉 알람시계", "usage": [0, 1]},
				{"appName": "설정", "usage": [1, 13]},
				{"appName": "Logger", "usage": [1, 13]},
				{"appName": "KLMS", "usage": [4, 7]},
				{"appName": "KAIST Portal", "usage": [5, 7]},
				{"appName": "Google Play 스토어", "usage": [8, 10]},
				{"appName": "", "usage": [8, 10]},
				{"appName": "이메일", "usage": [5]},
				{"appName": "삼성 인터넷", "usage": [5]},
				{"appName": "네이버 웹툰", "usage": [14]},
				{"appName": "Word", "usage": [4]},
				{"appName": "Samsung Notes", "usage": [12]}
			]
		},
		"maxTime": {
			"usage": 40,
			"details": [
				{"appName": "YouTube", "usage": 20},
				{"appName": "PES 2019 PRO EVOLUTION SOCCER", "usage": 14},
				{"appName": "NAVER", "usage": 13},
				{"appName": "Facebook", "usage": 7},
				{"appName": "카카오톡", "usage": 3},
				{"appName": "Samsung Notes", "usage": 3},
				{"appName": "수탉 알람시계", "usage": 2},
				{"appName": "네이버 웹툰", "usage": 2},
				{"appName": "Instagram", "usage": 2},
				{"appName": "통화", "usage": 2},
				{"appName": "갤러리", "usage": 1},
				{"appName": "SNOW", "usage": 1},
				{"appName": "컴프야2019", "usage": 1},
				{"appName": "KB스타알림", "usage": 1},
				{"appName": "Melon", "usage": 0},
				{"appName": "삼성 인터넷", "usage": 0},
				{"appName": "숨고", "usage": 0},
				{"appName": "One UI 홈", "usage": 0},
				{"appName": "Word", "usage": 0},
				{"appName": "Paco", "usage": 0},
				{"appName": "Google Play 스토어", "usage": 0},
				{"appName": "아만다", "usage": 0},
				{"appName": "메시지", "usage": 0},
				{"appName": "Polar Beat", "usage": 0},
				{"appName": "KAIST Portal", "usage": 0},
				{"appName": "", "usage": 0},
				{"appName": "날씨", "usage": 0},
				{"appName": "토스", "usage": 0},
				{"appName": "KLMS", "usage": 0},
				{"appName": "이메일", "usage": 0},
				{"appName": "접근성", "usage": 0},
				{"appName": "설정", "usage": 0},
				{"appName": "안드로이드 시스템", "usage": 0},
				{"appName": "전화", "usage": 0},
				{"appName": "Logger", "usage": 0},
				{"appName": "패키지 설치 프로그램", "usage": 0}
			]
		},
		"avgTime": {
			"usage": 1,
			"details": [
				{"appName": "YouTube", "usage": 4},
				{"appName": "PES 2019 PRO EVOLUTION SOCCER", "usage": 3},
				{"appName": "갤러리", "usage": 1},
				{"appName": "NAVER", "usage": 0},
				{"appName": "삼성 인터넷", "usage": 0},
				{"appName": "Samsung Notes", "usage": 0},
				{"appName": "Word", "usage": 0},
				{"appName": "SNOW", "usage": 0},
				{"appName": "통화", "usage": 0},
				{"appName": "수탉 알람시계", "usage": 0},
				{"appName": "Facebook", "usage": 0},
				{"appName": "숨고", "usage": 0},
				{"appName": "네이버 웹툰", "usage": 0},
				{"appName": "컴프야2019", "usage": 0},
				{"appName": "Instagram", "usage": 0},
				{"appName": "메시지", "usage": 0},
				{"appName": "아만다", "usage": 0},
				{"appName": "KB스타알림", "usage": 0},
				{"appName": "Google Play 스토어", "usage": 0},
				{"appName": "카카오톡", "usage": 0},
				{"appName": "", "usage": 0},
				{"appName": "날씨", "usage": 0},
				{"appName": "KAIST Portal", "usage": 0},
				{"appName": "Paco", "usage": 0},
				{"appName": "Melon", "usage": 0},
				{"appName": "Polar Beat", "usage": 0},
				{"appName": "이메일", "usage": 0},
				{"appName": "One UI 홈", "usage": 0},
				{"appName": "KLMS", "usage": 0},
				{"appName": "토스", "usage": 0},
				{"appName": "안드로이드 시스템", "usage": 0},
				{"appName": "설정", "usage": 0},
				{"appName": "전화", "usage": 0},
				{"appName": "Logger", "usage": 0},
				{"appName": "접근성", "usage": 0},
				{"appName": "패키지 설치 프로그램", "usage": 0}
			]
		},
		"lastPickup": {"time": 1}
	},
	{
		"date": 3,
		"totalTime": {
			"usage": 266,
			"details": [
				{"appName": "Facebook", "usage": 67},
				{"appName": "PES 2019 PRO EVOLUTION SOCCER", "usage": 59},
				{"appName": "네이버 웹툰", "usage": 30},
				{"appName": "Instagram", "usage": 18},
				{"appName": "One UI 홈", "usage": 17},
				{"appName": "카카오톡", "usage": 12},
				{"appName": "YouTube", "usage": 11},
				{"appName": "Melon", "usage": 9},
				{"appName": "갤러리", "usage": 5},
				{"appName": "통화", "usage": 5},
				{"appName": "NAVER", "usage": 5},
				{"appName": "레진코믹스", "usage": 2},
				{"appName": "Paco", "usage": 2},
				{"appName": "다음웹툰", "usage": 1},
				{"appName": "컴프야2019", "usage": 1},
				{"appName": "T world", "usage": 1},
				{"appName": "Bill Letter", "usage": 0},
				{"appName": "수탉 알람시계", "usage": 0},
				{"appName": "Polar Beat", "usage": 0},
				{"appName": "숨고", "usage": 0},
				{"appName": "전화", "usage": 0},
				{"appName": "메시지", "usage": 0},
				{"appName": "설정", "usage": 0},
				{"appName": "이메일", "usage": 0},
				{"appName": "쿠팡", "usage": 0},
				{"appName": "날씨", "usage": 0},
				{"appName": "Samsung Notes", "usage": 0},
				{"appName": "Logger", "usage": 0},
				{"appName": "접근성", "usage": 0},
				{"appName": "KB스타알림", "usage": 0},
				{"appName": "패키지 설치 프로그램", "usage": 0},
				{"appName": "안드로이드 시스템", "usage": 0},
				{"appName": "캘린더", "usage": 0}
			]
		},
		"pickups": {"usage": 175},
		"downTime": {
			"usage": [
				{"hour": "0", "usage": 38},
				{"hour": "1", "usage": 43},
				{"hour": "2", "usage": 2},
				{"hour": "3", "usage": 7},
				{"hour": "4", "usage": 20},
				{"hour": "5", "usage": 20},
				{"hour": "6", "usage": 24},
				{"hour": "7", "usage": 8},
				{"hour": "8", "usage": 8},
				{"hour": "9", "usage": 24},
				{"hour": "10", "usage": 2},
				{"hour": "11", "usage": 9},
				{"hour": "12", "usage": 8},
				{"hour": "13", "usage": 3},
				{"hour": "14", "usage": 6},
				{"hour": "15", "usage": 8},
				{"hour": "16", "usage": 0},
				{"hour": "17", "usage": 1},
				{"hour": "18", "usage": 4},
				{"hour": "19", "usage": 22}
			],
			"details": [
				{"appName": "One UI 홈", "usage": [0, 1, 2, 3, 4, 5, 6, 7, 8, 9, 10, 11, 12, 13, 14, 15, 16, 17, 18, 19]},
				{"appName": "Facebook", "usage": [0, 1, 2, 3, 4, 5, 6, 7, 8, 9, 11, 12, 13, 14, 15, 17, 18, 19]},
				{"appName": "Instagram", "usage": [0, 1, 3, 4, 5, 6, 7, 8, 9, 11, 12, 13, 14, 15, 16, 18, 19]},
				{"appName": "카카오톡", "usage": [1, 2, 3, 4, 5, 6, 7, 8, 9, 10, 11, 12, 13, 14, 15]},
				{"appName": "Paco", "usage": [1, 2, 3, 4, 5, 6, 7, 8, 9, 10, 11, 12]},
				{"appName": "PES 2019 PRO EVOLUTION SOCCER", "usage": [0, 1, 6, 8, 9, 11, 12]},
				{"appName": "Melon", "usage": [3, 6, 8, 9, 10, 15]},
				{"appName": "컴프야2019", "usage": [0, 3, 6, 11, 18]},
				{"appName": "NAVER", "usage": [0, 5, 7, 13, 15]},
				{"appName": "통화", "usage": [5, 6, 9, 11]},
				{"appName": "전화", "usage": [5, 6, 9, 11]},
				{"appName": "네이버 웹툰", "usage": [1, 14, 15, 19]},
				{"appName": "갤러리", "usage": [1, 9, 17, 19]},
				{"appName": "패키지 설치 프로그램", "usage": [1, 4, 5]},
				{"appName": "접근성", "usage": [1, 4, 10]},
				{"appName": "설정", "usage": [1, 4, 10]},
				{"appName": "메시지", "usage": [0, 5, 6]},
				{"appName": "Polar Beat", "usage": [1, 4, 10]},
				{"appName": "숨고", "usage": [5, 9]},
				{"appName": "Logger", "usage": [1, 4]},
				{"appName": "KB스타알림", "usage": [2, 17]},
				{"appName": "쿠팡", "usage": [14]},
				{"appName": "캘린더", "usage": [1]},
				{"appName": "이메일", "usage": [1]},
				{"appName": "안드로이드 시스템", "usage": [5]},
				{"appName": "수탉 알람시계", "usage": [19]},
				{"appName": "레진코믹스", "usage": [0]},
				{"appName": "다음웹툰", "usage": [0]},
				{"appName": "날씨", "usage": [7]},
				{"appName": "YouTube", "usage": [4]},
				{"appName": "T world", "usage": [5]},
				{"appName": "Samsung Notes", "usage": [1]},
				{"appName": "Bill Letter", "usage": [5]}
			]
		},
		"maxTime": {
			"usage": 70,
			"details": [
				{"appName": "PES 2019 PRO EVOLUTION SOCCER", "usage": 29},
				{"appName": "YouTube", "usage": 11},
				{"appName": "Instagram", "usage": 7},
				{"appName": "Facebook", "usage": 5},
				{"appName": "Melon", "usage": 4},
				{"appName": "네이버 웹툰", "usage": 3},
				{"appName": "갤러리", "usage": 3},
				{"appName": "레진코믹스", "usage": 2},
				{"appName": "NAVER", "usage": 1},
				{"appName": "다음웹툰", "usage": 1},
				{"appName": "One UI 홈", "usage": 1},
				{"appName": "카카오톡", "usage": 1},
				{"appName": "T world", "usage": 1},
				{"appName": "통화", "usage": 1},
				{"appName": "컴프야2019", "usage": 0},
				{"appName": "숨고", "usage": 0},
				{"appName": "이메일", "usage": 0},
				{"appName": "Bill Letter", "usage": 0},
				{"appName": "Paco", "usage": 0},
				{"appName": "수탉 알람시계", "usage": 0},
				{"appName": "전화", "usage": 0},
				{"appName": "날씨", "usage": 0},
				{"appName": "메시지", "usage": 0},
				{"appName": "Polar Beat", "usage": 0},
				{"appName": "쿠팡", "usage": 0},
				{"appName": "Samsung Notes", "usage": 0},
				{"appName": "설정", "usage": 0},
				{"appName": "Logger", "usage": 0},
				{"appName": "안드로이드 시스템", "usage": 0},
				{"appName": "KB스타알림", "usage": 0},
				{"appName": "패키지 설치 프로그램", "usage": 0},
				{"appName": "접근성", "usage": 0},
				{"appName": "캘린더", "usage": 0}
			]
		},
		"avgTime": {
			"usage": 1,
			"details": [
				{"appName": "PES 2019 PRO EVOLUTION SOCCER", "usage": 5},
				{"appName": "YouTube", "usage": 5},
				{"appName": "갤러리", "usage": 1},
				{"appName": "Facebook", "usage": 0},
				{"appName": "T world", "usage": 0},
				{"appName": "레진코믹스", "usage": 0},
				{"appName": "네이버 웹툰", "usage": 0},
				{"appName": "통화", "usage": 0},
				{"appName": "이메일", "usage": 0},
				{"appName": "숨고", "usage": 0},
				{"appName": "Instagram", "usage": 0},
				{"appName": "다음웹툰", "usage": 0},
				{"appName": "NAVER", "usage": 0},
				{"appName": "Melon", "usage": 0},
				{"appName": "컴프야2019", "usage": 0},
				{"appName": "날씨", "usage": 0},
				{"appName": "메시지", "usage": 0},
				{"appName": "Bill Letter", "usage": 0},
				{"appName": "쿠팡", "usage": 0},
				{"appName": "수탉 알람시계", "usage": 0},
				{"appName": "Paco", "usage": 0},
				{"appName": "One UI 홈", "usage": 0},
				{"appName": "안드로이드 시스템", "usage": 0},
				{"appName": "카카오톡", "usage": 0},
				{"appName": "전화", "usage": 0},
				{"appName": "Samsung Notes", "usage": 0},
				{"appName": "Polar Beat", "usage": 0},
				{"appName": "설정", "usage": 0},
				{"appName": "캘린더", "usage": 0},
				{"appName": "KB스타알림", "usage": 0},
				{"appName": "Logger", "usage": 0},
				{"appName": "패키지 설치 프로그램", "usage": 0},
				{"appName": "접근성", "usage": 0}
			]
		},
		"lastPickup": {"time": 22}
	},
	{
		"date": 4,
		"totalTime": {
			"usage": 354,
			"details": [
				{"appName": "Facebook", "usage": 111},
				{"appName": "YouTube", "usage": 43},
				{"appName": "NAVER", "usage": 41},
				{"appName": "네이버 웹툰", "usage": 28},
				{"appName": "삼성 인터넷", "usage": 21},
				{"appName": "통화", "usage": 16},
				{"appName": "One UI 홈", "usage": 15},
				{"appName": "카카오톡", "usage": 14},
				{"appName": "Instagram", "usage": 10},
				{"appName": "Melon", "usage": 8},
				{"appName": "컴프야2019", "usage": 7},
				{"appName": "다음웹툰", "usage": 6},
				{"appName": "PES 2019 PRO EVOLUTION SOCCER", "usage": 4},
				{"appName": "", "usage": 3},
				{"appName": "Paco", "usage": 1},
				{"appName": "Netflix", "usage": 1},
				{"appName": "Google Play 스토어", "usage": 1},
				{"appName": "쿠팡", "usage": 1},
				{"appName": "KB스타알림", "usage": 0},
				{"appName": "SNOW", "usage": 0},
				{"appName": "수탉 알람시계", "usage": 0},
				{"appName": "계산기", "usage": 0},
				{"appName": "KAIST Portal", "usage": 0},
				{"appName": "드라이브", "usage": 0},
				{"appName": "KLMS", "usage": 0},
				{"appName": "Word", "usage": 0},
				{"appName": "레진코믹스", "usage": 0},
				{"appName": "전화", "usage": 0},
				{"appName": "날씨", "usage": 0},
				{"appName": "Polar Beat", "usage": 0},
				{"appName": "지도", "usage": 0},
				{"appName": "안드로이드 시스템", "usage": 0},
				{"appName": "설정", "usage": 0},
				{"appName": "Logger", "usage": 0},
				{"appName": "토스", "usage": 0},
				{"appName": "접근성", "usage": 0},
				{"appName": "패키지 설치 프로그램", "usage": 0}
			]
		},
		"pickups": {"usage": 166},
		"downTime": {
			"usage": [
				{"hour": "0", "usage": 23},
				{"hour": "1", "usage": 56},
				{"hour": "2", "usage": 17},
				{"hour": "3", "usage": 2},
				{"hour": "4", "usage": 11},
				{"hour": "5", "usage": 42},
				{"hour": "6", "usage": 30},
				{"hour": "7", "usage": 25},
				{"hour": "8", "usage": 12},
				{"hour": "9", "usage": 20},
				{"hour": "10", "usage": 2},
				{"hour": "11", "usage": 2},
				{"hour": "12", "usage": 1},
				{"hour": "13", "usage": 2},
				{"hour": "14", "usage": 4},
				{"hour": "15", "usage": 46},
				{"hour": "16", "usage": 31},
				{"hour": "17", "usage": 16},
				{"hour": "23", "usage": 1}
			],
			"details": [
				{"appName": "One UI 홈", "usage": [0, 1, 2, 3, 4, 5, 6, 7, 8, 9, 10, 11, 12, 13, 14, 15, 16, 17, 23]},
				{"appName": "Instagram", "usage": [0, 1, 3, 5, 6, 7, 9, 10, 13, 14, 15, 16, 17]},
				{"appName": "Facebook", "usage": [0, 1, 2, 4, 5, 6, 7, 8, 9, 10, 14, 16, 17]},
				{"appName": "카카오톡", "usage": [0, 3, 4, 5, 6, 7, 8, 10, 11, 12, 13, 15]},
				{"appName": "Paco", "usage": [1, 2, 3, 4, 5, 6, 7, 8, 9, 11, 12]},
				{"appName": "통화", "usage": [4, 5, 6, 7, 8, 9, 12]},
				{"appName": "Melon", "usage": [3, 5, 6, 7, 8, 9, 11]},
				{"appName": "NAVER", "usage": [1, 5, 7, 11, 15, 16]},
				{"appName": "컴프야2019", "usage": [1, 3, 8, 11, 15]},
				{"appName": "전화", "usage": [4, 5, 8, 9, 12]},
				{"appName": "YouTube", "usage": [2, 7, 8, 9, 17]},
				{"appName": "KB스타알림", "usage": [3, 4, 5, 8, 14]},
				{"appName": "패키지 설치 프로그램", "usage": [2, 7, 9, 16]},
				{"appName": "네이버 웹툰", "usage": [5, 6, 14, 15]},
				{"appName": "수탉 알람시계", "usage": [0, 17, 23]},
				{"appName": "삼성 인터넷", "usage": [6, 9, 16]},
				{"appName": "접근성", "usage": [2, 9]},
				{"appName": "안드로이드 시스템", "usage": [5, 7]},
				{"appName": "설정", "usage": [2, 9]},
				{"appName": "다음웹툰", "usage": [6, 15]},
				{"appName": "날씨", "usage": [1, 8]},
				{"appName": "SNOW", "usage": [6, 17]},
				{"appName": "Polar Beat", "usage": [2, 9]},
				{"appName": "Logger", "usage": [2, 9]},
				{"appName": "Google Play 스토어", "usage": [0, 16]},
				{"appName": "", "usage": [0, 16]},
				{"appName": "토스", "usage": [9]},
				{"appName": "쿠팡", "usage": [1]},
				{"appName": "지도", "usage": [16]},
				{"appName": "레진코믹스", "usage": [15]},
				{"appName": "드라이브", "usage": [7]},
				{"appName": "계산기", "usage": [5]},
				{"appName": "Word", "usage": [7]},
				{"appName": "PES 2019 PRO EVOLUTION SOCCER", "usage": [1]},
				{"appName": "Netflix", "usage": [5]},
				{"appName": "KLMS", "usage": [7]},
				{"appName": "KAIST Portal", "usage": [11]}
			]
		},
		"maxTime": {
			"usage": 58,
			"details": [
				{"appName": "Facebook", "usage": 30},
				{"appName": "NAVER", "usage": 14},
				{"appName": "YouTube", "usage": 12},
				{"appName": "삼성 인터넷", "usage": 11},
				{"appName": "통화", "usage": 9},
				{"appName": "Melon", "usage": 5},
				{"appName": "PES 2019 PRO EVOLUTION SOCCER", "usage": 4},
				{"appName": "컴프야2019", "usage": 4},
				{"appName": "Instagram", "usage": 3},
				{"appName": "네이버 웹툰", "usage": 3},
				{"appName": "다음웹툰", "usage": 1},
				{"appName": "카카오톡", "usage": 1},
				{"appName": "One UI 홈", "usage": 0},
				{"appName": "Netflix", "usage": 0},
				{"appName": "쿠팡", "usage": 0},
				{"appName": "SNOW", "usage": 0},
				{"appName": "", "usage": 0},
				{"appName": "계산기", "usage": 0},
				{"appName": "드라이브", "usage": 0},
				{"appName": "KAIST Portal", "usage": 0},
				{"appName": "Google Play 스토어", "usage": 0},
				{"appName": "레진코믹스", "usage": 0},
				{"appName": "수탉 알람시계", "usage": 0},
				{"appName": "날씨", "usage": 0},
				{"appName": "Word", "usage": 0},
				{"appName": "Paco", "usage": 0},
				{"appName": "KB스타알림", "usage": 0},
				{"appName": "전화", "usage": 0},
				{"appName": "지도", "usage": 0},
				{"appName": "토스", "usage": 0},
				{"appName": "KLMS", "usage": 0},
				{"appName": "Polar Beat", "usage": 0},
				{"appName": "안드로이드 시스템", "usage": 0},
				{"appName": "설정", "usage": 0},
				{"appName": "Logger", "usage": 0},
				{"appName": "패키지 설치 프로그램", "usage": 0},
				{"appName": "접근성", "usage": 0}
			]
		},
		"avgTime": {
			"usage": 2,
			"details": [
				{"appName": "YouTube", "usage": 4},
				{"appName": "삼성 인터넷", "usage": 2},
				{"appName": "PES 2019 PRO EVOLUTION SOCCER", "usage": 2},
				{"appName": "통화", "usage": 1},
				{"appName": "Facebook", "usage": 1},
				{"appName": "컴프야2019", "usage": 0},
				{"appName": "NAVER", "usage": 0},
				{"appName": "쿠팡", "usage": 0},
				{"appName": "네이버 웹툰", "usage": 0},
				{"appName": "SNOW", "usage": 0},
				{"appName": "레진코믹스", "usage": 0},
				{"appName": "Netflix", "usage": 0},
				{"appName": "KAIST Portal", "usage": 0},
				{"appName": "드라이브", "usage": 0},
				{"appName": "다음웹툰", "usage": 0},
				{"appName": "Instagram", "usage": 0},
				{"appName": "계산기", "usage": 0},
				{"appName": "Word", "usage": 0},
				{"appName": "", "usage": 0},
				{"appName": "날씨", "usage": 0},
				{"appName": "Melon", "usage": 0},
				{"appName": "Google Play 스토어", "usage": 0},
				{"appName": "카카오톡", "usage": 0},
				{"appName": "One UI 홈", "usage": 0},
				{"appName": "지도", "usage": 0},
				{"appName": "Paco", "usage": 0},
				{"appName": "토스", "usage": 0},
				{"appName": "수탉 알람시계", "usage": 0},
				{"appName": "안드로이드 시스템", "usage": 0},
				{"appName": "KLMS", "usage": 0},
				{"appName": "KB스타알림", "usage": 0},
				{"appName": "전화", "usage": 0},
				{"appName": "Polar Beat", "usage": 0},
				{"appName": "설정", "usage": 0},
				{"appName": "Logger", "usage": 0},
				{"appName": "접근성", "usage": 0},
				{"appName": "패키지 설치 프로그램", "usage": 0}
			]
		},
		"lastPickup": {"time": 1}
	},
	{
		"date": 5,
		"totalTime": {
			"usage": 397,
			"details": [
				{"appName": "YouTube", "usage": 90},
				{"appName": "Facebook", "usage": 85},
				{"appName": "NAVER", "usage": 42},
				{"appName": "카카오톡", "usage": 36},
				{"appName": "네이버 웹툰", "usage": 20},
				{"appName": "Instagram", "usage": 18},
				{"appName": "One UI 홈", "usage": 17},
				{"appName": "삼성 인터넷", "usage": 17},
				{"appName": "아만다", "usage": 13},
				{"appName": "통화", "usage": 8},
				{"appName": "PES 2019 PRO EVOLUTION SOCCER", "usage": 8},
				{"appName": "Melon", "usage": 5},
				{"appName": "", "usage": 5},
				{"appName": "Paco", "usage": 2},
				{"appName": "갤러리", "usage": 2},
				{"appName": "다음웹툰", "usage": 2},
				{"appName": "Google Play 스토어", "usage": 2},
				{"appName": "토스", "usage": 1},
				{"appName": "날씨", "usage": 1},
				{"appName": "수탉 알람시계", "usage": 0},
				{"appName": "컴프야2019", "usage": 0},
				{"appName": "숨고", "usage": 0},
				{"appName": "KB스타알림", "usage": 0},
				{"appName": "SNOW", "usage": 0},
				{"appName": "Polar Beat", "usage": 0},
				{"appName": "Messenger", "usage": 0},
				{"appName": "설정", "usage": 0},
				{"appName": "빅스비 보이스", "usage": 0},
				{"appName": "전화", "usage": 0},
				{"appName": "KLMS", "usage": 0},
				{"appName": "Logger", "usage": 0},
				{"appName": "접근성", "usage": 0},
				{"appName": "패키지 설치 프로그램", "usage": 0}
			]
		},
		"pickups": {"usage": 181},
		"downTime": {
			"usage": [
				{"hour": "0", "usage": 0},
				{"hour": "1", "usage": 25},
				{"hour": "2", "usage": 5},
				{"hour": "3", "usage": 14},
				{"hour": "4", "usage": 3},
				{"hour": "5", "usage": 10},
				{"hour": "6", "usage": 29},
				{"hour": "7", "usage": 21},
				{"hour": "8", "usage": 25},
				{"hour": "9", "usage": 21},
				{"hour": "10", "usage": 42},
				{"hour": "11", "usage": 12},
				{"hour": "12", "usage": 34},
				{"hour": "13", "usage": 20},
				{"hour": "14", "usage": 29},
				{"hour": "15", "usage": 32},
				{"hour": "16", "usage": 28},
				{"hour": "17", "usage": 20},
				{"hour": "18", "usage": 7},
				{"hour": "20", "usage": 0},
				{"hour": "22", "usage": 7},
				{"hour": "23", "usage": 2}
			],
			"details": [
				{"appName": "One UI 홈", "usage": [0, 1, 2, 3, 4, 5, 6, 7, 8, 9, 10, 11, 12, 13, 14, 15, 16, 17, 18, 22, 23]},
				{"appName": "카카오톡", "usage": [1, 3, 4, 5, 6, 7, 8, 9, 10, 11, 12, 13, 14, 15, 16, 17, 22, 23]},
				{"appName": "Instagram", "usage": [1, 2, 3, 5, 6, 7, 8, 9, 10, 11, 12, 13, 14, 15, 16, 17, 22]},
				{"appName": "Facebook", "usage": [1, 2, 3, 4, 5, 6, 7, 8, 9, 10, 11, 13, 15, 16, 17]},
				{"appName": "Paco", "usage": [1, 2, 3, 4, 5, 6, 7, 8, 9, 10, 11, 12]},
				{"appName": "NAVER", "usage": [3, 6, 8, 9, 10, 11, 13, 14, 15, 16]},
				{"appName": "YouTube", "usage": [3, 9, 10, 11, 12, 15, 16, 17]},
				{"appName": "아만다", "usage": [8, 9, 16, 17, 18, 22, 23]},
				{"appName": "Melon", "usage": [4, 5, 6, 12, 13, 14, 23]},
				{"appName": "날씨", "usage": [1, 5, 11, 16, 22, 23]},
				{"appName": "패키지 설치 프로그램", "usage": [3, 9, 12, 15, 23]},
				{"appName": "삼성 인터넷", "usage": [2, 5, 6, 9, 13]},
				{"appName": "KB스타알림", "usage": [3, 6, 8, 14, 16]},
				{"appName": "컴프야2019", "usage": [3, 10, 11, 23]},
				{"appName": "네이버 웹툰", "usage": [13, 14, 15, 18]},
				{"appName": "Google Play 스토어", "usage": [7, 8, 15, 16]},
				{"appName": "통화", "usage": [5, 6, 8]},
				{"appName": "접근성", "usage": [3, 12, 23]},
				{"appName": "수탉 알람시계", "usage": [0, 17, 22]},
				{"appName": "설정", "usage": [3, 12, 23]},
				{"appName": "갤러리", "usage": [9, 14, 15]},
				{"appName": "Polar Beat", "usage": [3, 12, 23]},
				{"appName": "Logger", "usage": [3, 12, 23]},
				{"appName": "", "usage": [7, 9, 15]},
				{"appName": "숨고", "usage": [12, 22]},
				{"appName": "다음웹툰", "usage": [17, 18]},
				{"appName": "토스", "usage": [8]},
				{"appName": "전화", "usage": [5]},
				{"appName": "빅스비 보이스", "usage": [3]},
				{"appName": "SNOW", "usage": [5]},
				{"appName": "PES 2019 PRO EVOLUTION SOCCER", "usage": [1]},
				{"appName": "Messenger", "usage": [8]},
				{"appName": "KLMS", "usage": [8]}
			]
		},
		"maxTime": {
			"usage": 28,
			"details": [
				{"appName": "YouTube", "usage": 23},
				{"appName": "Facebook", "usage": 9},
				{"appName": "PES 2019 PRO EVOLUTION SOCCER", "usage": 8},
				{"appName": "NAVER", "usage": 8},
				{"appName": "삼성 인터넷", "usage": 7},
				{"appName": "카카오톡", "usage": 6},
				{"appName": "Instagram", "usage": 4},
				{"appName": "통화", "usage": 4},
				{"appName": "네이버 웹툰", "usage": 3},
				{"appName": "Melon", "usage": 2},
				{"appName": "다음웹툰", "usage": 2},
				{"appName": "아만다", "usage": 1},
				{"appName": "토스", "usage": 1},
				{"appName": "갤러리", "usage": 0},
				{"appName": "컴프야2019", "usage": 0},
				{"appName": "숨고", "usage": 0},
				{"appName": "Google Play 스토어", "usage": 0},
				{"appName": "날씨", "usage": 0},
				{"appName": "", "usage": 0},
				{"appName": "One UI 홈", "usage": 0},
				{"appName": "SNOW", "usage": 0},
				{"appName": "Paco", "usage": 0},
				{"appName": "Messenger", "usage": 0},
				{"appName": "KB스타알림", "usage": 0},
				{"appName": "수탉 알람시계", "usage": 0},
				{"appName": "전화", "usage": 0},
				{"appName": "빅스비 보이스", "usage": 0},
				{"appName": "Polar Beat", "usage": 0},
				{"appName": "KLMS", "usage": 0},
				{"appName": "설정", "usage": 0},
				{"appName": "Logger", "usage": 0},
				{"appName": "접근성", "usage": 0},
				{"appName": "패키지 설치 프로그램", "usage": 0}
			]
		},
		"avgTime": {
			"usage": 2,
			"details": [
				{"appName": "YouTube", "usage": 5},
				{"appName": "PES 2019 PRO EVOLUTION SOCCER", "usage": 4},
				{"appName": "통화", "usage": 1},
				{"appName": "삼성 인터넷", "usage": 1},
				{"appName": "Facebook", "usage": 0},
				{"appName": "NAVER", "usage": 0},
				{"appName": "갤러리", "usage": 0},
				{"appName": "숨고", "usage": 0},
				{"appName": "SNOW", "usage": 0},
				{"appName": "네이버 웹툰", "usage": 0},
				{"appName": "다음웹툰", "usage": 0},
				{"appName": "Instagram", "usage": 0},
				{"appName": "토스", "usage": 0},
				{"appName": "아만다", "usage": 0},
				{"appName": "", "usage": 0},
				{"appName": "날씨", "usage": 0},
				{"appName": "Messenger", "usage": 0},
				{"appName": "컴프야2019", "usage": 0},
				{"appName": "Google Play 스토어", "usage": 0},
				{"appName": "빅스비 보이스", "usage": 0},
				{"appName": "수탉 알람시계", "usage": 0},
				{"appName": "카카오톡", "usage": 0},
				{"appName": "Melon", "usage": 0},
				{"appName": "전화", "usage": 0},
				{"appName": "KLMS", "usage": 0},
				{"appName": "Paco", "usage": 0},
				{"appName": "One UI 홈", "usage": 0},
				{"appName": "KB스타알림", "usage": 0},
				{"appName": "Polar Beat", "usage": 0},
				{"appName": "설정", "usage": 0},
				{"appName": "Logger", "usage": 0},
				{"appName": "접근성", "usage": 0},
				{"appName": "패키지 설치 프로그램", "usage": 0}
			]
		},
		"lastPickup": {"time": 0}
	},
	{
		"date": 6,
		"totalTime": {
			"usage": 266,
			"details": [
				{"appName": "Facebook", "usage": 52},
				{"appName": "카카오톡", "usage": 44},
				{"appName": "One UI 홈", "usage": 21},
				{"appName": "YouTube", "usage": 21},
				{"appName": "Instagram", "usage": 20},
				{"appName": "PES 2019 PRO EVOLUTION SOCCER", "usage": 19},
				{"appName": "통화", "usage": 16},
				{"appName": "NAVER", "usage": 13},
				{"appName": "네이버 웹툰", "usage": 10},
				{"appName": "아만다", "usage": 6},
				{"appName": "Melon", "usage": 5},
				{"appName": "", "usage": 4},
				{"appName": "삼성 인터넷", "usage": 2},
				{"appName": "Paco", "usage": 2},
				{"appName": "컴프야2019", "usage": 1},
				{"appName": "수탉 알람시계", "usage": 1},
				{"appName": "SNOW", "usage": 1},
				{"appName": "Google Play 스토어", "usage": 1},
				{"appName": "날씨", "usage": 1},
				{"appName": "ABC Logger", "usage": 0},
				{"appName": "메시지", "usage": 0},
				{"appName": "전화", "usage": 0},
				{"appName": "숨고", "usage": 0},
				{"appName": "쿠팡", "usage": 0},
				{"appName": "갤러리", "usage": 0},
				{"appName": "설정", "usage": 0},
				{"appName": "이메일", "usage": 0},
				{"appName": "Polar Beat", "usage": 0},
				{"appName": "Always On Display", "usage": 0},
				{"appName": "KB스타알림", "usage": 0},
				{"appName": "Logger", "usage": 0},
				{"appName": "접근성", "usage": 0},
				{"appName": "레진코믹스", "usage": 0},
				{"appName": "안드로이드 시스템", "usage": 0},
				{"appName": "Samsung Health", "usage": 0},
				{"appName": "패키지 설치 프로그램", "usage": 0},
				{"appName": "Google Play 서비스", "usage": 0}
			]
		},
		"pickups": {"usage": 278},
		"downTime": {
			"usage": [
				{"hour": "0", "usage": 1},
				{"hour": "1", "usage": 32},
				{"hour": "2", "usage": 22},
				{"hour": "3", "usage": 42},
				{"hour": "4", "usage": 14},
				{"hour": "5", "usage": 10},
				{"hour": "6", "usage": 5},
				{"hour": "7", "usage": 2},
				{"hour": "8", "usage": 15},
				{"hour": "9", "usage": 3},
				{"hour": "10", "usage": 42},
				{"hour": "11", "usage": 4},
				{"hour": "12", "usage": 13},
				{"hour": "13", "usage": 12},
				{"hour": "14", "usage": 2},
				{"hour": "15", "usage": 2},
				{"hour": "16", "usage": 1},
				{"hour": "17", "usage": 4},
				{"hour": "18", "usage": 15},
				{"hour": "23", "usage": 16}
			],
			"details": [
				{"appName": "카카오톡", "usage": [0, 1, 2, 3, 4, 5, 6, 7, 8, 9, 10, 11, 12, 13, 14, 15, 16, 17, 18, 23]},
				{"appName": "One UI 홈", "usage": [0, 1, 2, 3, 4, 5, 6, 7, 8, 9, 10, 11, 12, 13, 14, 15, 16, 17, 18, 23]},
				{"appName": "Instagram", "usage": [0, 1, 2, 3, 4, 5, 6, 7, 8, 10, 11, 12, 13, 14, 15, 16, 17, 18, 23]},
				{"appName": "Facebook", "usage": [0, 1, 2, 3, 5, 6, 7, 10, 12, 13, 17, 18, 23]},
				{"appName": "Paco", "usage": [1, 2, 3, 4, 5, 6, 8, 9, 10, 11, 12]},
				{"appName": "NAVER", "usage": [1, 3, 4, 5, 8, 13, 16]},
				{"appName": "통화", "usage": [1, 8, 10, 11, 12, 13]},
				{"appName": "전화", "usage": [1, 8, 10, 11, 12, 13]},
				{"appName": "설정", "usage": [3, 4, 5, 8, 12]},
				{"appName": "메시지", "usage": [0, 1, 6, 8, 9]},
				{"appName": "접근성", "usage": [3, 5, 8, 12]},
				{"appName": "아만다", "usage": [1, 3, 18, 23]},
				{"appName": "수탉 알람시계", "usage": [0, 12, 18, 23]},
				{"appName": "Polar Beat", "usage": [2, 5, 8, 12]},
				{"appName": "Melon", "usage": [2, 3, 10, 12]},
				{"appName": "KB스타알림", "usage": [1, 9, 10, 17]},
				{"appName": "패키지 설치 프로그램", "usage": [3, 8, 10]},
				{"appName": "컴프야2019", "usage": [3, 9, 23]},
				{"appName": "날씨", "usage": [3, 7, 12]},
				{"appName": "쿠팡", "usage": [7, 17]},
				{"appName": "이메일", "usage": [3, 8]},
				{"appName": "안드로이드 시스템", "usage": [1, 3]},
				{"appName": "숨고", "usage": [10, 11]},
				{"appName": "네이버 웹툰", "usage": [2, 18]},
				{"appName": "SNOW", "usage": [8, 10]},
				{"appName": "Logger", "usage": [3, 8]},
				{"appName": "Google Play 스토어", "usage": [10, 18]},
				{"appName": "", "usage": [8, 10]},
				{"appName": "삼성 인터넷", "usage": [2]},
				{"appName": "레진코믹스", "usage": [3]},
				{"appName": "갤러리", "usage": [15]},
				{"appName": "YouTube", "usage": [10]},
				{"appName": "Samsung Health", "usage": [13]},
				{"appName": "PES 2019 PRO EVOLUTION SOCCER", "usage": [3]},
				{"appName": "Google Play 서비스", "usage": [1]},
				{"appName": "Always On Display", "usage": [4]},
				{"appName": "ABC Logger", "usage": [8]}
			]
		},
		"maxTime": {
			"usage": 35,
			"details": [
				{"appName": "YouTube", "usage": 21},
				{"appName": "PES 2019 PRO EVOLUTION SOCCER", "usage": 19},
				{"appName": "Facebook", "usage": 7},
				{"appName": "NAVER", "usage": 7},
				{"appName": "통화", "usage": 7},
				{"appName": "Instagram", "usage": 3},
				{"appName": "삼성 인터넷", "usage": 2},
				{"appName": "네이버 웹툰", "usage": 2},
				{"appName": "Melon", "usage": 2},
				{"appName": "컴프야2019", "usage": 1},
				{"appName": "카카오톡", "usage": 1},
				{"appName": "아만다", "usage": 1},
				{"appName": "SNOW", "usage": 0},
				{"appName": "ABC Logger", "usage": 0},
				{"appName": "날씨", "usage": 0},
				{"appName": "", "usage": 0},
				{"appName": "Google Play 스토어", "usage": 0},
				{"appName": "숨고", "usage": 0},
				{"appName": "메시지", "usage": 0},
				{"appName": "갤러리", "usage": 0},
				{"appName": "One UI 홈", "usage": 0},
				{"appName": "이메일", "usage": 0},
				{"appName": "쿠팡", "usage": 0},
				{"appName": "수탉 알람시계", "usage": 0},
				{"appName": "Paco", "usage": 0},
				{"appName": "Always On Display", "usage": 0},
				{"appName": "전화", "usage": 0},
				{"appName": "레진코믹스", "usage": 0},
				{"appName": "설정", "usage": 0},
				{"appName": "Polar Beat", "usage": 0},
				{"appName": "Samsung Health", "usage": 0},
				{"appName": "Logger", "usage": 0},
				{"appName": "KB스타알림", "usage": 0},
				{"appName": "안드로이드 시스템", "usage": 0},
				{"appName": "Google Play 서비스", "usage": 0},
				{"appName": "접근성", "usage": 0},
				{"appName": "패키지 설치 프로그램", "usage": 0}
			]
		},
		"avgTime": {
			"usage": 0,
			"details": [
				{"appName": "YouTube", "usage": 10},
				{"appName": "PES 2019 PRO EVOLUTION SOCCER", "usage": 9},
				{"appName": "삼성 인터넷", "usage": 2},
				{"appName": "통화", "usage": 1},
				{"appName": "Facebook", "usage": 0},
				{"appName": "SNOW", "usage": 0},
				{"appName": "ABC Logger", "usage": 0},
				{"appName": "네이버 웹툰", "usage": 0},
				{"appName": "NAVER", "usage": 0},
				{"appName": "Instagram", "usage": 0},
				{"appName": "숨고", "usage": 0},
				{"appName": "컴프야2019", "usage": 0},
				{"appName": "갤러리", "usage": 0},
				{"appName": "이메일", "usage": 0},
				{"appName": "날씨", "usage": 0},
				{"appName": "아만다", "usage": 0},
				{"appName": "메시지", "usage": 0},
				{"appName": "Melon", "usage": 0},
				{"appName": "", "usage": 0},
				{"appName": "Always On Display", "usage": 0},
				{"appName": "Google Play 스토어", "usage": 0},
				{"appName": "레진코믹스", "usage": 0},
				{"appName": "쿠팡", "usage": 0},
				{"appName": "수탉 알람시계", "usage": 0},
				{"appName": "카카오톡", "usage": 0},
				{"appName": "One UI 홈", "usage": 0},
				{"appName": "Paco", "usage": 0},
				{"appName": "Samsung Health", "usage": 0},
				{"appName": "전화", "usage": 0},
				{"appName": "설정", "usage": 0},
				{"appName": "안드로이드 시스템", "usage": 0},
				{"appName": "Google Play 서비스", "usage": 0},
				{"appName": "Polar Beat", "usage": 0},
				{"appName": "Logger", "usage": 0},
				{"appName": "KB스타알림", "usage": 0},
				{"appName": "접근성", "usage": 0},
				{"appName": "패키지 설치 프로그램", "usage": 0}
			]
		},
		"lastPickup": {"time": 14}
	},
	{
		"date": 7,
		"totalTime": {
			"usage": 945,
			"details": [
				{"appName": "YouTube", "usage": 57},
				{"appName": "Facebook", "usage": 45},
				{"appName": "PES 2019 PRO EVOLUTION SOCCER", "usage": 26},
				{"appName": "카카오톡", "usage": 23},
				{"appName": "NAVER", "usage": 22},
				{"appName": "One UI 홈", "usage": 19},
				{"appName": "Instagram", "usage": 19},
				{"appName": "Melon", "usage": 15},
				{"appName": "아만다", "usage": 9},
				{"appName": "네이버 웹툰", "usage": 7},
				{"appName": "통화", "usage": 6},
				{"appName": "토스", "usage": 5},
				{"appName": "다음웹툰", "usage": 4},
				{"appName": "Dropsync", "usage": 3},
				{"appName": "Paco", "usage": 2},
				{"appName": "메시지", "usage": 1},
				{"appName": "갤러리", "usage": 1},
				{"appName": "Google Play 스토어", "usage": 1},
				{"appName": "레진코믹스", "usage": 0},
				{"appName": "숨고", "usage": 0},
				{"appName": "Messenger", "usage": 0},
				{"appName": "", "usage": 0},
				{"appName": "설정", "usage": 0},
				{"appName": "ABC Logger", "usage": 0},
				{"appName": "안드로이드 시스템", "usage": 0},
				{"appName": "Polar Beat", "usage": 0},
				{"appName": "KB스타알림", "usage": 0},
				{"appName": "전화", "usage": 0},
				{"appName": "날씨", "usage": 0},
				{"appName": "SNOW", "usage": 0},
				{"appName": "Logger", "usage": 0},
				{"appName": "Google Play 서비스", "usage": 0},
				{"appName": "계산기", "usage": 0},
				{"appName": "접근성", "usage": 0},
				{"appName": "패키지 설치 프로그램", "usage": 0},
				{"appName": "카메라", "usage": 0},
				{"appName": "휴대폰 인증서 서비스", "usage": 0},
				{"appName": "삼성 인터넷", "usage": 0},
				{"appName": "수탉 알람시계", "usage": 0},
				{"appName": "컴프야2019", "usage": 0}
			]
		},
		"pickups": {"usage": 198},
		"downTime": {
			"usage": [
				{"hour": "0", "usage": 6},
				{"hour": "1", "usage": 5},
				{"hour": "2", "usage": 16},
				{"hour": "3", "usage": 30},
				{"hour": "4", "usage": 11},
				{"hour": "5", "usage": 9},
				{"hour": "6", "usage": 27},
				{"hour": "7", "usage": 8},
				{"hour": "8", "usage": 35},
				{"hour": "9", "usage": 38},
				{"hour": "10", "usage": 41},
				{"hour": "11", "usage": 28},
				{"hour": "12", "usage": 28}
			],
			"details": [
				{"appName": "카카오톡", "usage": [0, 1, 2, 3, 4, 5, 6, 7, 8, 9, 10, 11, 12]},
				{"appName": "One UI 홈", "usage": [0, 1, 2, 3, 4, 5, 6, 7, 8, 9, 10, 11, 12]},
				{"appName": "Instagram", "usage": [0, 2, 3, 4, 5, 6, 7, 8, 9, 10, 11, 12]},
				{"appName": "Paco", "usage": [1, 2, 3, 4, 6, 7, 8, 9, 10, 11, 12]},
				{"appName": "Facebook", "usage": [0, 2, 3, 4, 5, 7, 8, 10, 11, 12]},
				{"appName": "Melon", "usage": [3, 4, 5, 6, 8, 9, 10, 11, 12]},
				{"appName": "NAVER", "usage": [0, 3, 4, 6, 7, 10, 11, 12]},
				{"appName": "메시지", "usage": [1, 2, 4, 8, 9, 10, 11]},
				{"appName": "아만다", "usage": [3, 6, 7, 8, 9, 10]},
				{"appName": "토스", "usage": [4, 8, 9, 11]},
				{"appName": "YouTube", "usage": [6, 8, 9, 12]},
				{"appName": "KB스타알림", "usage": [4, 5, 6, 11]},
				{"appName": "Dropsync", "usage": [2, 6, 7, 10]},
				{"appName": "패키지 설치 프로그램", "usage": [0, 2, 10]},
				{"appName": "안드로이드 시스템", "usage": [3, 4, 10]},
				{"appName": "Polar Beat", "usage": [0, 9, 12]},
				{"appName": "PES 2019 PRO EVOLUTION SOCCER", "usage": [3, 9, 10]},
				{"appName": "통화", "usage": [1, 5]},
				{"appName": "컴프야2019", "usage": [3, 7]},
				{"appName": "접근성", "usage": [0, 12]},
				{"appName": "전화", "usage": [1, 5]},
				{"appName": "숨고", "usage": [3, 8]},
				{"appName": "설정", "usage": [0, 12]},
				{"appName": "날씨", "usage": [0, 12]},
				{"appName": "갤러리", "usage": [2, 3]},
				{"appName": "Google Play 스토어", "usage": [3, 8]},
				{"appName": "ABC Logger", "usage": [0, 2]},
				{"appName": "휴대폰 인증서 서비스", "usage": [10]},
				{"appName": "카메라", "usage": [0]},
				{"appName": "수탉 알람시계", "usage": [2]},
				{"appName": "삼성 인터넷", "usage": [12]},
				{"appName": "레진코믹스", "usage": [10]},
				{"appName": "다음웹툰", "usage": [10]},
				{"appName": "네이버 웹툰", "usage": [10]},
				{"appName": "계산기", "usage": [3]},
				{"appName": "SNOW", "usage": [1]},
				{"appName": "Messenger", "usage": [10]},
				{"appName": "Logger", "usage": [0]},
				{"appName": "Google Play 서비스", "usage": [1]},
				{"appName": "", "usage": [10]}
			]
		},
		"maxTime": {
			"usage": 657,
			"details": [
				{"appName": "YouTube", "usage": 18},
				{"appName": "NAVER", "usage": 11},
				{"appName": "PES 2019 PRO EVOLUTION SOCCER", "usage": 11},
				{"appName": "Melon", "usage": 8},
				{"appName": "통화", "usage": 5},
				{"appName": "Facebook", "usage": 4},
				{"appName": "Instagram", "usage": 3},
				{"appName": "네이버 웹툰", "usage": 3},
				{"appName": "Dropsync", "usage": 2},
				{"appName": "다음웹툰", "usage": 1},
				{"appName": "갤러리", "usage": 1},
				{"appName": "아만다", "usage": 1},
				{"appName": "카카오톡", "usage": 0},
				{"appName": "토스", "usage": 0},
				{"appName": "Google Play 스토어", "usage": 0},
				{"appName": "One UI 홈", "usage": 0},
				{"appName": "Messenger", "usage": 0},
				{"appName": "메시지", "usage": 0},
				{"appName": "숨고", "usage": 0},
				{"appName": "레진코믹스", "usage": 0},
				{"appName": "SNOW", "usage": 0},
				{"appName": "Paco", "usage": 0},
				{"appName": "전화", "usage": 0},
				{"appName": "날씨", "usage": 0},
				{"appName": "", "usage": 0},
				{"appName": "ABC Logger", "usage": 0},
				{"appName": "계산기", "usage": 0},
				{"appName": "Logger", "usage": 0},
				{"appName": "설정", "usage": 0},
				{"appName": "안드로이드 시스템", "usage": 0},
				{"appName": "KB스타알림", "usage": 0},
				{"appName": "Polar Beat", "usage": 0},
				{"appName": "카메라", "usage": 0},
				{"appName": "Google Play 서비스", "usage": 0},
				{"appName": "휴대폰 인증서 서비스", "usage": 0},
				{"appName": "삼성 인터넷", "usage": 0},
				{"appName": "접근성", "usage": 0},
				{"appName": "패키지 설치 프로그램", "usage": 0},
				{"appName": "수탉 알람시계", "usage": 0},
				{"appName": "컴프야2019", "usage": 0}
			]
		},
		"avgTime": {
			"usage": 4,
			"details": [
				{"appName": "PES 2019 PRO EVOLUTION SOCCER", "usage": 5},
				{"appName": "YouTube", "usage": 4},
				{"appName": "통화", "usage": 2},
				{"appName": "Facebook", "usage": 0},
				{"appName": "갤러리", "usage": 0},
				{"appName": "Dropsync", "usage": 0},
				{"appName": "Instagram", "usage": 0},
				{"appName": "Messenger", "usage": 0},
				{"appName": "NAVER", "usage": 0},
				{"appName": "네이버 웹툰", "usage": 0},
				{"appName": "다음웹툰", "usage": 0},
				{"appName": "Melon", "usage": 0},
				{"appName": "SNOW", "usage": 0},
				{"appName": "숨고", "usage": 0},
				{"appName": "아만다", "usage": 0},
				{"appName": "메시지", "usage": 0},
				{"appName": "날씨", "usage": 0},
				{"appName": "Google Play 스토어", "usage": 0},
				{"appName": "계산기", "usage": 0},
				{"appName": "레진코믹스", "usage": 0},
				{"appName": "토스", "usage": 0},
				{"appName": "", "usage": 0},
				{"appName": "One UI 홈", "usage": 0},
				{"appName": "카카오톡", "usage": 0},
				{"appName": "ABC Logger", "usage": 0},
				{"appName": "안드로이드 시스템", "usage": 0},
				{"appName": "Paco", "usage": 0},
				{"appName": "카메라", "usage": 0},
				{"appName": "전화", "usage": 0},
				{"appName": "휴대폰 인증서 서비스", "usage": 0},
				{"appName": "KB스타알림", "usage": 0},
				{"appName": "Logger", "usage": 0},
				{"appName": "삼성 인터넷", "usage": 0},
				{"appName": "설정", "usage": 0},
				{"appName": "Polar Beat", "usage": 0},
				{"appName": "수탉 알람시계", "usage": 0},
				{"appName": "접근성", "usage": 0},
				{"appName": "패키지 설치 프로그램", "usage": 0},
				{"appName": "Google Play 서비스", "usage": 0},
				{"appName": "컴프야2019", "usage": 0}
			]
		},
		"lastPickup": {"time": 657}
	}
]
