[
	{
		"date": 1,
		"totalTime": {
			"usage": 270,
			"details": [
				{"appName": "카카오톡", "usage": 78},
				{"appName": "YouTube", "usage": 76},
				{"appName": "Instagram", "usage": 23},
				{"appName": "기본홈", "usage": 19},
				{"appName": "통화 화면", "usage": 11},
				{"appName": "Paco", "usage": 6},
				{"appName": "Chrome", "usage": 5},
				{"appName": "프레젠테이션", "usage": 5},
				{"appName": "Polar Beat", "usage": 5},
				{"appName": "NAVER", "usage": 4},
				{"appName": "네이버 카페", "usage": 3},
				{"appName": "tbs", "usage": 3},
				{"appName": "팟빵", "usage": 2},
				{"appName": "시스템 UI", "usage": 2},
				{"appName": "MX 플레이어", "usage": 1},
				{"appName": "메시지", "usage": 1},
				{"appName": "알람/시계", "usage": 1},
				{"appName": "접근성", "usage": 0},
				{"appName": "카메라", "usage": 0},
				{"appName": "네이버 지도", "usage": 0},
				{"appName": "Microsoft Band", "usage": 0},
				{"appName": "AirVisual", "usage": 0},
				{"appName": "Bluetooth", "usage": 0},
				{"appName": "Wi-Fi", "usage": 0},
				{"appName": "oksusu", "usage": 0},
				{"appName": "설정", "usage": 0},
				{"appName": "Logger", "usage": 0},
				{"appName": "주소록", "usage": 0},
				{"appName": "Google", "usage": 0},
				{"appName": "ABC Logger", "usage": 0},
				{"appName": "Dropsync", "usage": 0},
				{"appName": "Q메모+", "usage": 0},
				{"appName": "날씨", "usage": 0},
				{"appName": "page2", "usage": 0},
				{"appName": "패키지 설치 프로그램", "usage": 0},
				{"appName": "통화 관리", "usage": 0}
			]
		},
		"pickups": {"usage": 197},
		"downTime": {
			"usage": [
				{"hour": "1", "usage": 1},
				{"hour": "2", "usage": 23},
				{"hour": "3", "usage": 44},
				{"hour": "4", "usage": 27},
				{"hour": "5", "usage": 2},
				{"hour": "6", "usage": 3},
				{"hour": "7", "usage": 8},
				{"hour": "8", "usage": 2},
				{"hour": "9", "usage": 16},
				{"hour": "10", "usage": 29},
				{"hour": "11", "usage": 5},
				{"hour": "12", "usage": 13},
				{"hour": "13", "usage": 10},
				{"hour": "14", "usage": 5},
				{"hour": "15", "usage": 14},
				{"hour": "16", "usage": 5},
				{"hour": "17", "usage": 1},
				{"hour": "18", "usage": 33},
				{"hour": "20", "usage": 0},
				{"hour": "21", "usage": 2},
				{"hour": "22", "usage": 5},
				{"hour": "23", "usage": 12}
			],
			"details": [
				{"appName": "기본홈", "usage": [1, 2, 3, 4, 5, 6, 7, 8, 9, 10, 11, 12, 13, 14, 15, 16, 17, 18, 20, 21, 22, 23]},
				{"appName": "카카오톡", "usage": [1, 2, 3, 4, 5, 6, 7, 8, 9, 10, 11, 12, 13, 14, 15, 16, 17, 20, 21, 22, 23]},
				{"appName": "Instagram", "usage": [2, 3, 4, 10, 11, 12, 15, 16, 17, 18, 20, 21, 22, 23]},
				{"appName": "Paco", "usage": [2, 3, 4, 6, 7, 10, 11, 12, 15, 16]},
				{"appName": "통화 화면", "usage": [8, 9, 10, 12, 13, 14, 15, 22]},
				{"appName": "시스템 UI", "usage": [2, 3, 4, 7, 9, 16, 18, 22]},
				{"appName": "Polar Beat", "usage": [2, 3, 6, 11, 13, 16, 23]},
				{"appName": "YouTube", "usage": [1, 3, 4, 13, 18, 20]},
				{"appName": "통화 관리", "usage": [8, 9, 10, 12, 13]},
				{"appName": "카메라", "usage": [6, 8, 9, 14, 23]},
				{"appName": "설정", "usage": [2, 7, 13, 16, 23]},
				{"appName": "Wi-Fi", "usage": [2, 10, 18, 20, 23]},
				{"appName": "접근성", "usage": [2, 13, 16, 23]},
				{"appName": "메시지", "usage": [6, 9, 10, 23]},
				{"appName": "NAVER", "usage": [9, 10, 14, 15]},
				{"appName": "Chrome", "usage": [2, 3, 16, 23]},
				{"appName": "패키지 설치 프로그램", "usage": [2, 6, 9]},
				{"appName": "팟빵", "usage": [2, 22, 23]},
				{"appName": "프레젠테이션", "usage": [2, 3]},
				{"appName": "알람/시계", "usage": [1, 2]},
				{"appName": "네이버 카페", "usage": [8, 9]},
				{"appName": "Microsoft Band", "usage": [2, 4]},
				{"appName": "MX 플레이어", "usage": [5, 7]},
				{"appName": "Logger", "usage": [2, 6]},
				{"appName": "ABC Logger", "usage": [2, 4]},
				{"appName": "주소록", "usage": [10]},
				{"appName": "네이버 지도", "usage": [9]},
				{"appName": "날씨", "usage": [10]},
				{"appName": "tbs", "usage": [4]},
				{"appName": "page2", "usage": [4]},
				{"appName": "oksusu", "usage": [17]},
				{"appName": "Q메모+", "usage": [2]},
				{"appName": "Google", "usage": [22]},
				{"appName": "Dropsync", "usage": [4]},
				{"appName": "Bluetooth", "usage": [23]},
				{"appName": "AirVisual", "usage": [14]}
			]
		},
		"maxTime": {
			"usage": 32,
			"details": [
				{"appName": "YouTube", "usage": 30},
				{"appName": "Instagram", "usage": 7},
				{"appName": "카카오톡", "usage": 4},
				{"appName": "통화 화면", "usage": 3},
				{"appName": "기본홈", "usage": 2},
				{"appName": "네이버 카페", "usage": 2},
				{"appName": "팟빵", "usage": 1},
				{"appName": "Polar Beat", "usage": 1},
				{"appName": "NAVER", "usage": 1},
				{"appName": "tbs", "usage": 1},
				{"appName": "프레젠테이션", "usage": 0},
				{"appName": "네이버 지도", "usage": 0},
				{"appName": "Chrome", "usage": 0},
				{"appName": "Paco", "usage": 0},
				{"appName": "MX 플레이어", "usage": 0},
				{"appName": "시스템 UI", "usage": 0},
				{"appName": "Bluetooth", "usage": 0},
				{"appName": "AirVisual", "usage": 0},
				{"appName": "Microsoft Band", "usage": 0},
				{"appName": "메시지", "usage": 0},
				{"appName": "접근성", "usage": 0},
				{"appName": "알람/시계", "usage": 0},
				{"appName": "Wi-Fi", "usage": 0},
				{"appName": "oksusu", "usage": 0},
				{"appName": "카메라", "usage": 0},
				{"appName": "설정", "usage": 0},
				{"appName": "Logger", "usage": 0},
				{"appName": "주소록", "usage": 0},
				{"appName": "Google", "usage": 0},
				{"appName": "Q메모+", "usage": 0},
				{"appName": "ABC Logger", "usage": 0},
				{"appName": "Dropsync", "usage": 0},
				{"appName": "날씨", "usage": 0},
				{"appName": "page2", "usage": 0},
				{"appName": "패키지 설치 프로그램", "usage": 0},
				{"appName": "통화 관리", "usage": 0}
			]
		},
		"avgTime": {
			"usage": 1,
			"details": [
				{"appName": "YouTube", "usage": 3},
				{"appName": "Instagram", "usage": 0},
				{"appName": "네이버 지도", "usage": 0},
				{"appName": "통화 화면", "usage": 0},
				{"appName": "프레젠테이션", "usage": 0},
				{"appName": "MX 플레이어", "usage": 0},
				{"appName": "팟빵", "usage": 0},
				{"appName": "tbs", "usage": 0},
				{"appName": "Chrome", "usage": 0},
				{"appName": "Bluetooth", "usage": 0},
				{"appName": "Microsoft Band", "usage": 0},
				{"appName": "네이버 카페", "usage": 0},
				{"appName": "NAVER", "usage": 0},
				{"appName": "Paco", "usage": 0},
				{"appName": "카메라", "usage": 0},
				{"appName": "카카오톡", "usage": 0},
				{"appName": "접근성", "usage": 0},
				{"appName": "AirVisual", "usage": 0},
				{"appName": "Polar Beat", "usage": 0},
				{"appName": "기본홈", "usage": 0},
				{"appName": "메시지", "usage": 0},
				{"appName": "알람/시계", "usage": 0},
				{"appName": "oksusu", "usage": 0},
				{"appName": "Wi-Fi", "usage": 0},
				{"appName": "Logger", "usage": 0},
				{"appName": "Q메모+", "usage": 0},
				{"appName": "주소록", "usage": 0},
				{"appName": "설정", "usage": 0},
				{"appName": "시스템 UI", "usage": 0},
				{"appName": "날씨", "usage": 0},
				{"appName": "page2", "usage": 0},
				{"appName": "Dropsync", "usage": 0},
				{"appName": "ABC Logger", "usage": 0},
				{"appName": "Google", "usage": 0},
				{"appName": "패키지 설치 프로그램", "usage": 0},
				{"appName": "통화 관리", "usage": 0}
			]
		},
		"lastPickup": {"time": 0}
	},
	{
		"date": 2,
		"totalTime": {
			"usage": 197,
			"details": [
				{"appName": "카카오톡", "usage": 62},
				{"appName": "YouTube", "usage": 46},
				{"appName": "Instagram", "usage": 23},
				{"appName": "Chrome", "usage": 22},
				{"appName": "기본홈", "usage": 9},
				{"appName": "통화 화면", "usage": 6},
				{"appName": "팟빵", "usage": 2},
				{"appName": "알람/시계", "usage": 2},
				{"appName": "NAVER", "usage": 2},
				{"appName": "메시지", "usage": 2},
				{"appName": "Paco", "usage": 1},
				{"appName": "설정", "usage": 1},
				{"appName": "Q메모+", "usage": 1},
				{"appName": "네이버 카페", "usage": 1},
				{"appName": "티몬", "usage": 1},
				{"appName": "시스템 UI", "usage": 0},
				{"appName": "Google", "usage": 0},
				{"appName": "Polar Beat", "usage": 0},
				{"appName": "Google Play 서비스", "usage": 0},
				{"appName": "카메라", "usage": 0},
				{"appName": "접근성", "usage": 0},
				{"appName": "Android 시스템", "usage": 0},
				{"appName": "네이버 캘린더", "usage": 0},
				{"appName": "Wi-Fi", "usage": 0},
				{"appName": "AirVisual", "usage": 0},
				{"appName": "LG 키보드", "usage": 0},
				{"appName": "날씨", "usage": 0},
				{"appName": "통화 관리", "usage": 0},
				{"appName": "신한카드", "usage": 0},
				{"appName": "원스토어", "usage": 0},
				{"appName": "U+ 고객센터", "usage": 0},
				{"appName": "우리카드", "usage": 0}
			]
		},
		"pickups": {"usage": 151},
		"downTime": {
			"usage": [
				{"hour": "0", "usage": 11},
				{"hour": "1", "usage": 6},
				{"hour": "2", "usage": 5},
				{"hour": "3", "usage": 6},
				{"hour": "4", "usage": 7},
				{"hour": "5", "usage": 2},
				{"hour": "6", "usage": 2},
				{"hour": "7", "usage": 9},
				{"hour": "8", "usage": 26},
				{"hour": "9", "usage": 23},
				{"hour": "10", "usage": 10},
				{"hour": "11", "usage": 3},
				{"hour": "12", "usage": 12},
				{"hour": "13", "usage": 11},
				{"hour": "14", "usage": 2},
				{"hour": "15", "usage": 13},
				{"hour": "16", "usage": 36},
				{"hour": "17", "usage": 0},
				{"hour": "23", "usage": 4}
			],
			"details": [
				{"appName": "카카오톡", "usage": [0, 1, 2, 3, 4, 5, 6, 7, 8, 9, 10, 11, 12, 13, 14, 15, 17, 18, 23]},
				{"appName": "기본홈", "usage": [0, 1, 2, 3, 5, 6, 7, 8, 9, 10, 11, 12, 13, 14, 15, 16, 17, 23]},
				{"appName": "통화 화면", "usage": [2, 5, 9, 10, 11, 12, 15, 23]},
				{"appName": "Chrome", "usage": [0, 5, 7, 8, 9, 10, 12]},
				{"appName": "알람/시계", "usage": [0, 3, 8, 9, 10, 11]},
				{"appName": "시스템 UI", "usage": [3, 8, 9, 10, 12, 16]},
				{"appName": "Q메모+", "usage": [3, 5, 7, 8, 9, 10]},
				{"appName": "Instagram", "usage": [0, 2, 7, 9, 10, 15]},
				{"appName": "설정", "usage": [0, 1, 10, 13, 15]},
				{"appName": "메시지", "usage": [4, 6, 7, 13, 23]},
				{"appName": "NAVER", "usage": [7, 8, 10, 16]},
				{"appName": "팟빵", "usage": [15, 16, 17]},
				{"appName": "접근성", "usage": [0, 13, 15]},
				{"appName": "YouTube", "usage": [8, 15, 16]},
				{"appName": "Polar Beat", "usage": [0, 13, 15]},
				{"appName": "Paco", "usage": [0, 14, 15]},
				{"appName": "통화 관리", "usage": [5, 15]},
				{"appName": "네이버 카페", "usage": [11, 12]},
				{"appName": "Google", "usage": [0, 7]},
				{"appName": "Android 시스템", "usage": [8, 10]},
				{"appName": "티몬", "usage": [12]},
				{"appName": "카메라", "usage": [13]},
				{"appName": "원스토어", "usage": [7]},
				{"appName": "우리카드", "usage": [17]},
				{"appName": "신한카드", "usage": [18]},
				{"appName": "네이버 캘린더", "usage": [13]},
				{"appName": "날씨", "usage": [5]},
				{"appName": "Wi-Fi", "usage": [8]},
				{"appName": "U+ 고객센터", "usage": [10]},
				{"appName": "LG 키보드", "usage": [23]},
				{"appName": "Google Play 서비스", "usage": [10]},
				{"appName": "AirVisual", "usage": [3]}
			]
		},
		"maxTime": {
			"usage": 43,
			"details": [
				{"appName": "YouTube", "usage": 25},
				{"appName": "Instagram", "usage": 6},
				{"appName": "카카오톡", "usage": 4},
				{"appName": "Chrome", "usage": 4},
				{"appName": "통화 화면", "usage": 1},
				{"appName": "메시지", "usage": 1},
				{"appName": "기본홈", "usage": 1},
				{"appName": "NAVER", "usage": 0},
				{"appName": "팟빵", "usage": 0},
				{"appName": "설정", "usage": 0},
				{"appName": "네이버 카페", "usage": 0},
				{"appName": "알람/시계", "usage": 0},
				{"appName": "Q메모+", "usage": 0},
				{"appName": "티몬", "usage": 0},
				{"appName": "Paco", "usage": 0},
				{"appName": "Google", "usage": 0},
				{"appName": "카메라", "usage": 0},
				{"appName": "Google Play 서비스", "usage": 0},
				{"appName": "시스템 UI", "usage": 0},
				{"appName": "접근성", "usage": 0},
				{"appName": "Polar Beat", "usage": 0},
				{"appName": "네이버 캘린더", "usage": 0},
				{"appName": "Wi-Fi", "usage": 0},
				{"appName": "Android 시스템", "usage": 0},
				{"appName": "AirVisual", "usage": 0},
				{"appName": "LG 키보드", "usage": 0},
				{"appName": "날씨", "usage": 0},
				{"appName": "통화 관리", "usage": 0},
				{"appName": "신한카드", "usage": 0},
				{"appName": "원스토어", "usage": 0},
				{"appName": "U+ 고객센터", "usage": 0},
				{"appName": "우리카드", "usage": 0}
			]
		},
		"avgTime": {
			"usage": 1,
			"details": [
				{"appName": "YouTube", "usage": 9},
				{"appName": "Instagram", "usage": 1},
				{"appName": "Chrome", "usage": 0},
				{"appName": "통화 화면", "usage": 0},
				{"appName": "팟빵", "usage": 0},
				{"appName": "카메라", "usage": 0},
				{"appName": "티몬", "usage": 0},
				{"appName": "메시지", "usage": 0},
				{"appName": "카카오톡", "usage": 0},
				{"appName": "NAVER", "usage": 0},
				{"appName": "Q메모+", "usage": 0},
				{"appName": "알람/시계", "usage": 0},
				{"appName": "Paco", "usage": 0},
				{"appName": "Google", "usage": 0},
				{"appName": "네이버 카페", "usage": 0},
				{"appName": "Google Play 서비스", "usage": 0},
				{"appName": "설정", "usage": 0},
				{"appName": "기본홈", "usage": 0},
				{"appName": "접근성", "usage": 0},
				{"appName": "Wi-Fi", "usage": 0},
				{"appName": "Polar Beat", "usage": 0},
				{"appName": "Android 시스템", "usage": 0},
				{"appName": "네이버 캘린더", "usage": 0},
				{"appName": "시스템 UI", "usage": 0},
				{"appName": "LG 키보드", "usage": 0},
				{"appName": "날씨", "usage": 0},
				{"appName": "AirVisual", "usage": 0},
				{"appName": "통화 관리", "usage": 0},
				{"appName": "신한카드", "usage": 0},
				{"appName": "원스토어", "usage": 0},
				{"appName": "U+ 고객센터", "usage": 0},
				{"appName": "우리카드", "usage": 0}
			]
		},
		"lastPickup": {"time": 1}
	},
	{
		"date": 3,
		"totalTime": {
			"usage": 169,
			"details": [
				{"appName": "카카오톡", "usage": 62},
				{"appName": "YouTube", "usage": 28},
				{"appName": "Instagram", "usage": 21},
				{"appName": "통화 화면", "usage": 11},
				{"appName": "Chrome", "usage": 11},
				{"appName": "기본홈", "usage": 8},
				{"appName": "NAVER", "usage": 5},
				{"appName": "Paco", "usage": 3},
				{"appName": "팟빵", "usage": 3},
				{"appName": "알람/시계", "usage": 2},
				{"appName": "MX 플레이어", "usage": 1},
				{"appName": "AirVisual", "usage": 1},
				{"appName": "캔디팡:쥬시월드", "usage": 1},
				{"appName": "시스템 UI", "usage": 0},
				{"appName": "카카오스토리", "usage": 0},
				{"appName": "Dropsync", "usage": 0},
				{"appName": "Polar Beat", "usage": 0},
				{"appName": "네이버 캘린더", "usage": 0},
				{"appName": "메시지", "usage": 0},
				{"appName": "윈드러너Z", "usage": 0},
				{"appName": "설정", "usage": 0},
				{"appName": "접근성", "usage": 0},
				{"appName": "지도", "usage": 0},
				{"appName": "주소록", "usage": 0},
				{"appName": "Google Play 스토어", "usage": 0},
				{"appName": "Google", "usage": 0},
				{"appName": "Google Play 게임", "usage": 0},
				{"appName": "Google Play 서비스", "usage": 0},
				{"appName": "Q메모+", "usage": 0},
				{"appName": "Android 시스템", "usage": 0},
				{"appName": "패키지 설치 프로그램", "usage": 0},
				{"appName": "통화 관리", "usage": 0}
			]
		},
		"pickups": {"usage": 127},
		"downTime": {
			"usage": [
				{"hour": "1", "usage": 1},
				{"hour": "2", "usage": 16},
				{"hour": "3", "usage": 10},
				{"hour": "4", "usage": 5},
				{"hour": "5", "usage": 4},
				{"hour": "6", "usage": 7},
				{"hour": "7", "usage": 12},
				{"hour": "8", "usage": 4},
				{"hour": "9", "usage": 10},
				{"hour": "10", "usage": 2},
				{"hour": "11", "usage": 9},
				{"hour": "12", "usage": 1},
				{"hour": "13", "usage": 3},
				{"hour": "14", "usage": 0},
				{"hour": "16", "usage": 2},
				{"hour": "17", "usage": 0},
				{"hour": "18", "usage": 3},
				{"hour": "19", "usage": 0},
				{"hour": "20", "usage": 20},
				{"hour": "21", "usage": 50},
				{"hour": "22", "usage": 0}
			],
			"details": [
				{"appName": "기본홈", "usage": [2, 3, 4, 5, 6, 7, 8, 9, 10, 11, 12, 13, 14, 16, 17, 18, 19, 20, 21, 22]},
				{"appName": "Instagram", "usage": [3, 4, 5, 6, 7, 8, 9, 10, 11, 12, 13, 16, 18, 19, 20]},
				{"appName": "카카오톡", "usage": [2, 3, 4, 5, 6, 7, 8, 9, 10, 11, 12, 18, 20, 21]},
				{"appName": "Chrome", "usage": [3, 4, 5, 6, 7, 13, 16, 17, 20]},
				{"appName": "통화 화면", "usage": [1, 2, 3, 4, 7, 9, 11, 20]},
				{"appName": "Paco", "usage": [9, 10, 11, 12, 17, 18, 19, 20]},
				{"appName": "팟빵", "usage": [2, 3, 6, 20, 21, 22]},
				{"appName": "시스템 UI", "usage": [6, 13, 20, 21]},
				{"appName": "Polar Beat", "usage": [8, 13, 17, 20]},
				{"appName": "통화 관리", "usage": [3, 7, 20]},
				{"appName": "접근성", "usage": [8, 17, 20]},
				{"appName": "설정", "usage": [8, 17, 20]},
				{"appName": "NAVER", "usage": [5, 9, 11]},
				{"appName": "Google", "usage": [2, 5, 6]},
				{"appName": "메시지", "usage": [3, 11]},
				{"appName": "네이버 캘린더", "usage": [6, 7]},
				{"appName": "YouTube", "usage": [21, 22]},
				{"appName": "패키지 설치 프로그램", "usage": [21]},
				{"appName": "캔디팡:쥬시월드", "usage": [21]},
				{"appName": "카카오스토리", "usage": [5]},
				{"appName": "지도", "usage": [4]},
				{"appName": "주소록", "usage": [4]},
				{"appName": "윈드러너Z", "usage": [21]},
				{"appName": "알람/시계", "usage": [2]},
				{"appName": "Q메모+", "usage": [21]},
				{"appName": "MX 플레이어", "usage": [5]},
				{"appName": "Google Play 스토어", "usage": [21]},
				{"appName": "Google Play 서비스", "usage": [21]},
				{"appName": "Google Play 게임", "usage": [21]},
				{"appName": "Dropsync", "usage": [11]},
				{"appName": "Android 시스템", "usage": [21]},
				{"appName": "AirVisual", "usage": [20]}
			]
		},
		"maxTime": {
			"usage": 50,
			"details": [
				{"appName": "YouTube", "usage": 28},
				{"appName": "Instagram", "usage": 5},
				{"appName": "Chrome", "usage": 3},
				{"appName": "통화 화면", "usage": 3},
				{"appName": "카카오톡", "usage": 2},
				{"appName": "NAVER", "usage": 1},
				{"appName": "AirVisual", "usage": 1},
				{"appName": "MX 플레이어", "usage": 1},
				{"appName": "캔디팡:쥬시월드", "usage": 0},
				{"appName": "팟빵", "usage": 0},
				{"appName": "알람/시계", "usage": 0},
				{"appName": "기본홈", "usage": 0},
				{"appName": "네이버 캘린더", "usage": 0},
				{"appName": "시스템 UI", "usage": 0},
				{"appName": "Paco", "usage": 0},
				{"appName": "카카오스토리", "usage": 0},
				{"appName": "윈드러너Z", "usage": 0},
				{"appName": "Polar Beat", "usage": 0},
				{"appName": "메시지", "usage": 0},
				{"appName": "Dropsync", "usage": 0},
				{"appName": "지도", "usage": 0},
				{"appName": "설정", "usage": 0},
				{"appName": "Google Play 게임", "usage": 0},
				{"appName": "접근성", "usage": 0},
				{"appName": "Google", "usage": 0},
				{"appName": "Q메모+", "usage": 0},
				{"appName": "주소록", "usage": 0},
				{"appName": "Google Play 서비스", "usage": 0},
				{"appName": "Android 시스템", "usage": 0},
				{"appName": "Google Play 스토어", "usage": 0},
				{"appName": "패키지 설치 프로그램", "usage": 0},
				{"appName": "통화 관리", "usage": 0}
			]
		},
		"avgTime": {
			"usage": 1,
			"details": [
				{"appName": "YouTube", "usage": 7},
				{"appName": "Chrome", "usage": 0},
				{"appName": "MX 플레이어", "usage": 0},
				{"appName": "AirVisual", "usage": 0},
				{"appName": "Instagram", "usage": 0},
				{"appName": "통화 화면", "usage": 0},
				{"appName": "NAVER", "usage": 0},
				{"appName": "네이버 캘린더", "usage": 0},
				{"appName": "캔디팡:쥬시월드", "usage": 0},
				{"appName": "지도", "usage": 0},
				{"appName": "카카오톡", "usage": 0},
				{"appName": "알람/시계", "usage": 0},
				{"appName": "Paco", "usage": 0},
				{"appName": "팟빵", "usage": 0},
				{"appName": "카카오스토리", "usage": 0},
				{"appName": "Dropsync", "usage": 0},
				{"appName": "시스템 UI", "usage": 0},
				{"appName": "메시지", "usage": 0},
				{"appName": "기본홈", "usage": 0},
				{"appName": "Google Play 게임", "usage": 0},
				{"appName": "접근성", "usage": 0},
				{"appName": "윈드러너Z", "usage": 0},
				{"appName": "Polar Beat", "usage": 0},
				{"appName": "설정", "usage": 0},
				{"appName": "Android 시스템", "usage": 0},
				{"appName": "Q메모+", "usage": 0},
				{"appName": "패키지 설치 프로그램", "usage": 0},
				{"appName": "주소록", "usage": 0},
				{"appName": "Google", "usage": 0},
				{"appName": "Google Play 서비스", "usage": 0},
				{"appName": "Google Play 스토어", "usage": 0},
				{"appName": "통화 관리", "usage": 0}
			]
		},
		"lastPickup": {"time": 0}
	},
	{
		"date": 4,
		"totalTime": {
			"usage": 307,
			"details": [
				{"appName": "YouTube", "usage": 115},
				{"appName": "oksusu", "usage": 110},
				{"appName": "카카오톡", "usage": 31},
				{"appName": "Chrome", "usage": 9},
				{"appName": "Instagram", "usage": 7},
				{"appName": "통화 화면", "usage": 6},
				{"appName": "NAVER", "usage": 5},
				{"appName": "기본홈", "usage": 5},
				{"appName": "Paco", "usage": 3},
				{"appName": "카카오스토리", "usage": 1},
				{"appName": "알람/시계", "usage": 0},
				{"appName": "접근성", "usage": 0},
				{"appName": "YouTube Music", "usage": 0},
				{"appName": "팟빵", "usage": 0},
				{"appName": "카메라", "usage": 0},
				{"appName": "시스템 UI", "usage": 0},
				{"appName": "갤러리", "usage": 0},
				{"appName": "네이버 카페", "usage": 0},
				{"appName": "Bluetooth", "usage": 0},
				{"appName": "Polar Beat", "usage": 0},
				{"appName": "설정", "usage": 0},
				{"appName": "주소록", "usage": 0},
				{"appName": "메시지", "usage": 0},
				{"appName": "Google", "usage": 0},
				{"appName": "Q메모+", "usage": 0},
				{"appName": "네이버 캘린더", "usage": 0},
				{"appName": "LG 페이", "usage": 0},
				{"appName": "Wi-Fi", "usage": 0},
				{"appName": "레몬브릿지", "usage": 0},
				{"appName": "통화 관리", "usage": 0}
			]
		},
		"pickups": {"usage": 110},
		"downTime": {
			"usage": [
				{"hour": "0", "usage": 3},
				{"hour": "1", "usage": 0},
				{"hour": "4", "usage": 2},
				{"hour": "5", "usage": 17},
				{"hour": "6", "usage": 49},
				{"hour": "7", "usage": 3},
				{"hour": "8", "usage": 4},
				{"hour": "9", "usage": 0},
				{"hour": "11", "usage": 4},
				{"hour": "12", "usage": 56},
				{"hour": "13", "usage": 60},
				{"hour": "14", "usage": 57},
				{"hour": "15", "usage": 26},
				{"hour": "16", "usage": 2},
				{"hour": "17", "usage": 2},
				{"hour": "18", "usage": 0},
				{"hour": "19", "usage": 1},
				{"hour": "20", "usage": 0},
				{"hour": "21", "usage": 0},
				{"hour": "22", "usage": 3},
				{"hour": "23", "usage": 6}
			],
			"details": [
				{"appName": "기본홈", "usage": [0, 4, 5, 6, 7, 8, 9, 11, 12, 13, 14, 15, 16, 17, 18, 19, 20, 21, 22, 23]},
				{"appName": "카카오톡", "usage": [4, 5, 6, 7, 8, 9, 11, 12, 15, 16, 21, 22, 23]},
				{"appName": "Paco", "usage": [8, 9, 11, 15, 16, 17, 18, 19, 20, 21]},
				{"appName": "Instagram", "usage": [4, 5, 12, 15, 16, 17, 19, 23]},
				{"appName": "시스템 UI", "usage": [6, 7, 12, 13, 15, 23]},
				{"appName": "Chrome", "usage": [5, 6, 17, 18, 19, 23]},
				{"appName": "통화 화면", "usage": [0, 5, 7, 14, 15]},
				{"appName": "YouTube", "usage": [5, 6, 12, 14, 15]},
				{"appName": "접근성", "usage": [7, 11, 12, 23]},
				{"appName": "팟빵", "usage": [0, 7, 15]},
				{"appName": "통화 관리", "usage": [0, 5, 15]},
				{"appName": "카메라", "usage": [8, 13, 15]},
				{"appName": "설정", "usage": [7, 11, 23]},
				{"appName": "oksusu", "usage": [12, 13, 14]},
				{"appName": "Polar Beat", "usage": [7, 19, 23]},
				{"appName": "Google", "usage": [5, 6, 23]},
				{"appName": "주소록", "usage": [5, 6]},
				{"appName": "알람/시계", "usage": [22, 23]},
				{"appName": "NAVER", "usage": [5, 8]},
				{"appName": "카카오스토리", "usage": [23]},
				{"appName": "메시지", "usage": [0]},
				{"appName": "레몬브릿지", "usage": [8]},
				{"appName": "네이버 캘린더", "usage": [15]},
				{"appName": "네이버 카페", "usage": [5]},
				{"appName": "갤러리", "usage": [13]},
				{"appName": "YouTube Music", "usage": [6]},
				{"appName": "Wi-Fi", "usage": [12]},
				{"appName": "Q메모+", "usage": [15]},
				{"appName": "LG 페이", "usage": [23]},
				{"appName": "Bluetooth", "usage": [12]}
			]
		},
		"maxTime": {
			"usage": 111,
			"details": [
				{"appName": "oksusu", "usage": 59},
				{"appName": "YouTube", "usage": 41},
				{"appName": "Chrome", "usage": 3},
				{"appName": "NAVER", "usage": 2},
				{"appName": "Instagram", "usage": 1},
				{"appName": "카카오톡", "usage": 1},
				{"appName": "통화 화면", "usage": 1},
				{"appName": "알람/시계", "usage": 0},
				{"appName": "카카오스토리", "usage": 0},
				{"appName": "접근성", "usage": 0},
				{"appName": "기본홈", "usage": 0},
				{"appName": "YouTube Music", "usage": 0},
				{"appName": "Paco", "usage": 0},
				{"appName": "갤러리", "usage": 0},
				{"appName": "팟빵", "usage": 0},
				{"appName": "네이버 카페", "usage": 0},
				{"appName": "카메라", "usage": 0},
				{"appName": "Bluetooth", "usage": 0},
				{"appName": "Polar Beat", "usage": 0},
				{"appName": "설정", "usage": 0},
				{"appName": "메시지", "usage": 0},
				{"appName": "시스템 UI", "usage": 0},
				{"appName": "주소록", "usage": 0},
				{"appName": "네이버 캘린더", "usage": 0},
				{"appName": "LG 페이", "usage": 0},
				{"appName": "Google", "usage": 0},
				{"appName": "Q메모+", "usage": 0},
				{"appName": "레몬브릿지", "usage": 0},
				{"appName": "Wi-Fi", "usage": 0},
				{"appName": "통화 관리", "usage": 0}
			]
		},
		"avgTime": {
			"usage": 2,
			"details": [
				{"appName": "oksusu", "usage": 12},
				{"appName": "YouTube", "usage": 5},
				{"appName": "Chrome", "usage": 0},
				{"appName": "NAVER", "usage": 0},
				{"appName": "갤러리", "usage": 0},
				{"appName": "Instagram", "usage": 0},
				{"appName": "통화 화면", "usage": 0},
				{"appName": "접근성", "usage": 0},
				{"appName": "YouTube Music", "usage": 0},
				{"appName": "카카오스토리", "usage": 0},
				{"appName": "카카오톡", "usage": 0},
				{"appName": "알람/시계", "usage": 0},
				{"appName": "카메라", "usage": 0},
				{"appName": "Paco", "usage": 0},
				{"appName": "팟빵", "usage": 0},
				{"appName": "네이버 카페", "usage": 0},
				{"appName": "설정", "usage": 0},
				{"appName": "기본홈", "usage": 0},
				{"appName": "메시지", "usage": 0},
				{"appName": "Bluetooth", "usage": 0},
				{"appName": "Q메모+", "usage": 0},
				{"appName": "주소록", "usage": 0},
				{"appName": "네이버 캘린더", "usage": 0},
				{"appName": "Polar Beat", "usage": 0},
				{"appName": "LG 페이", "usage": 0},
				{"appName": "레몬브릿지", "usage": 0},
				{"appName": "Google", "usage": 0},
				{"appName": "시스템 UI", "usage": 0},
				{"appName": "Wi-Fi", "usage": 0},
				{"appName": "통화 관리", "usage": 0}
			]
		},
		"lastPickup": {"time": 3}
	},
	{
		"date": 5,
		"totalTime": {
			"usage": 196,
			"details": [
				{"appName": "카카오톡", "usage": 70},
				{"appName": "Instagram", "usage": 21},
				{"appName": "YouTube", "usage": 20},
				{"appName": "기본홈", "usage": 11},
				{"appName": "통화 화면", "usage": 11},
				{"appName": "NAVER", "usage": 10},
				{"appName": "Chrome", "usage": 9},
				{"appName": "T map", "usage": 8},
				{"appName": "Paco", "usage": 4},
				{"appName": "메시지", "usage": 4},
				{"appName": "팟빵", "usage": 2},
				{"appName": "YouTube Music", "usage": 2},
				{"appName": "ABC Logger", "usage": 1},
				{"appName": "주소록", "usage": 1},
				{"appName": "Polar Beat", "usage": 1},
				{"appName": "알람/시계", "usage": 1},
				{"appName": "접근성", "usage": 0},
				{"appName": "드라이브", "usage": 0},
				{"appName": "설정", "usage": 0},
				{"appName": "네이버 캘린더", "usage": 0},
				{"appName": "카카오스토리", "usage": 0},
				{"appName": "자산관리", "usage": 0},
				{"appName": "카메라", "usage": 0},
				{"appName": "네이버 지도", "usage": 0},
				{"appName": "Dropsync", "usage": 0},
				{"appName": "시스템 UI", "usage": 0},
				{"appName": "U+ 고객센터", "usage": 0},
				{"appName": "Logger", "usage": 0},
				{"appName": "카카오스탁", "usage": 0},
				{"appName": "Q메모+", "usage": 0},
				{"appName": "갤러리", "usage": 0},
				{"appName": "LG 페이", "usage": 0},
				{"appName": "Google", "usage": 0},
				{"appName": "U+멤버스", "usage": 0},
				{"appName": "Google Play 스토어", "usage": 0},
				{"appName": "패키지 설치 프로그램", "usage": 0},
				{"appName": "통화 관리", "usage": 0},
				{"appName": "원스토어", "usage": 0}
			]
		},
		"pickups": {"usage": 151},
		"downTime": {
			"usage": [
				{"hour": "0", "usage": 3},
				{"hour": "1", "usage": 1},
				{"hour": "2", "usage": 40},
				{"hour": "3", "usage": 2},
				{"hour": "4", "usage": 0},
				{"hour": "5", "usage": 0},
				{"hour": "6", "usage": 6},
				{"hour": "7", "usage": 0},
				{"hour": "8", "usage": 30},
				{"hour": "9", "usage": 27},
				{"hour": "10", "usage": 19},
				{"hour": "11", "usage": 6},
				{"hour": "12", "usage": 14},
				{"hour": "13", "usage": 4},
				{"hour": "14", "usage": 9},
				{"hour": "15", "usage": 0},
				{"hour": "16", "usage": 0},
				{"hour": "17", "usage": 0},
				{"hour": "18", "usage": 1},
				{"hour": "20", "usage": 2},
				{"hour": "21", "usage": 3},
				{"hour": "22", "usage": 11},
				{"hour": "23", "usage": 7}
			],
			"details": [
				{"appName": "기본홈", "usage": [0, 1, 2, 4, 5, 6, 8, 9, 10, 11, 12, 13, 14, 15, 16, 17, 18, 20, 21, 22, 23]},
				{"appName": "카카오톡", "usage": [0, 1, 2, 5, 6, 8, 9, 10, 11, 12, 13, 14, 15, 20, 22, 23]},
				{"appName": "Paco", "usage": [1, 2, 9, 10, 11, 12, 13, 14, 16, 17, 18, 21]},
				{"appName": "Instagram", "usage": [0, 6, 8, 10, 11, 12, 13, 18, 20, 21, 22]},
				{"appName": "접근성", "usage": [2, 8, 9, 11, 12, 16, 18, 20, 22, 23]},
				{"appName": "설정", "usage": [2, 9, 11, 12, 15, 16, 18, 20, 22, 23]},
				{"appName": "통화 화면", "usage": [7, 8, 9, 12, 13, 14, 21]},
				{"appName": "Polar Beat", "usage": [2, 9, 12, 18, 20, 22, 23]},
				{"appName": "Chrome", "usage": [0, 8, 9, 10, 11, 12]},
				{"appName": "알람/시계", "usage": [2, 5, 6, 22, 23]},
				{"appName": "시스템 UI", "usage": [0, 2, 8, 9, 14]},
				{"appName": "NAVER", "usage": [2, 3, 4, 8, 12]},
				{"appName": "메시지", "usage": [4, 8, 9, 11]},
				{"appName": "YouTube Music", "usage": [2, 8, 22, 23]},
				{"appName": "통화 관리", "usage": [8, 9, 21]},
				{"appName": "네이버 캘린더", "usage": [2, 8, 11]},
				{"appName": "Q메모+", "usage": [1, 6, 14]},
				{"appName": "팟빵", "usage": [2, 9]},
				{"appName": "주소록", "usage": [8, 9]},
				{"appName": "드라이브", "usage": [8, 10]},
				{"appName": "YouTube", "usage": [2, 22]},
				{"appName": "U+ 고객센터", "usage": [5, 11]},
				{"appName": "LG 페이", "usage": [2, 23]},
				{"appName": "Dropsync", "usage": [8, 9]},
				{"appName": "ABC Logger", "usage": [8, 9]},
				{"appName": "패키지 설치 프로그램", "usage": [8]},
				{"appName": "카카오스토리", "usage": [0]},
				{"appName": "카카오스탁", "usage": [22]},
				{"appName": "카메라", "usage": [10]},
				{"appName": "자산관리", "usage": [22]},
				{"appName": "원스토어", "usage": [5]},
				{"appName": "네이버 지도", "usage": [12]},
				{"appName": "갤러리", "usage": [0]},
				{"appName": "U+멤버스", "usage": [11]},
				{"appName": "T map", "usage": [9]},
				{"appName": "Logger", "usage": [8]},
				{"appName": "Google Play 스토어", "usage": [6]},
				{"appName": "Google", "usage": [0]}
			]
		},
		"maxTime": {
			"usage": 18,
			"details": [
				{"appName": "YouTube", "usage": 6},
				{"appName": "Chrome", "usage": 5},
				{"appName": "통화 화면", "usage": 5},
				{"appName": "T map", "usage": 5},
				{"appName": "NAVER", "usage": 5},
				{"appName": "카카오톡", "usage": 5},
				{"appName": "Instagram", "usage": 4},
				{"appName": "기본홈", "usage": 1},
				{"appName": "메시지", "usage": 1},
				{"appName": "팟빵", "usage": 1},
				{"appName": "YouTube Music", "usage": 1},
				{"appName": "드라이브", "usage": 0},
				{"appName": "주소록", "usage": 0},
				{"appName": "자산관리", "usage": 0},
				{"appName": "카메라", "usage": 0},
				{"appName": "Paco", "usage": 0},
				{"appName": "ABC Logger", "usage": 0},
				{"appName": "네이버 지도", "usage": 0},
				{"appName": "Polar Beat", "usage": 0},
				{"appName": "U+ 고객센터", "usage": 0},
				{"appName": "알람/시계", "usage": 0},
				{"appName": "Dropsync", "usage": 0},
				{"appName": "카카오스토리", "usage": 0},
				{"appName": "네이버 캘린더", "usage": 0},
				{"appName": "접근성", "usage": 0},
				{"appName": "갤러리", "usage": 0},
				{"appName": "설정", "usage": 0},
				{"appName": "Logger", "usage": 0},
				{"appName": "카카오스탁", "usage": 0},
				{"appName": "Google", "usage": 0},
				{"appName": "Q메모+", "usage": 0},
				{"appName": "시스템 UI", "usage": 0},
				{"appName": "U+멤버스", "usage": 0},
				{"appName": "LG 페이", "usage": 0},
				{"appName": "Google Play 스토어", "usage": 0},
				{"appName": "패키지 설치 프로그램", "usage": 0},
				{"appName": "통화 관리", "usage": 0},
				{"appName": "원스토어", "usage": 0}
			]
		},
		"avgTime": {
			"usage": 1,
			"details": [
				{"appName": "YouTube", "usage": 4},
				{"appName": "T map", "usage": 1},
				{"appName": "Instagram", "usage": 0},
				{"appName": "NAVER", "usage": 0},
				{"appName": "자산관리", "usage": 0},
				{"appName": "카메라", "usage": 0},
				{"appName": "Chrome", "usage": 0},
				{"appName": "드라이브", "usage": 0},
				{"appName": "통화 화면", "usage": 0},
				{"appName": "팟빵", "usage": 0},
				{"appName": "YouTube Music", "usage": 0},
				{"appName": "Dropsync", "usage": 0},
				{"appName": "네이버 지도", "usage": 0},
				{"appName": "메시지", "usage": 0},
				{"appName": "ABC Logger", "usage": 0},
				{"appName": "주소록", "usage": 0},
				{"appName": "카카오톡", "usage": 0},
				{"appName": "갤러리", "usage": 0},
				{"appName": "U+ 고객센터", "usage": 0},
				{"appName": "Paco", "usage": 0},
				{"appName": "알람/시계", "usage": 0},
				{"appName": "카카오스토리", "usage": 0},
				{"appName": "기본홈", "usage": 0},
				{"appName": "접근성", "usage": 0},
				{"appName": "네이버 캘린더", "usage": 0},
				{"appName": "Polar Beat", "usage": 0},
				{"appName": "설정", "usage": 0},
				{"appName": "카카오스탁", "usage": 0},
				{"appName": "U+멤버스", "usage": 0},
				{"appName": "Q메모+", "usage": 0},
				{"appName": "Logger", "usage": 0},
				{"appName": "시스템 UI", "usage": 0},
				{"appName": "LG 페이", "usage": 0},
				{"appName": "Google Play 스토어", "usage": 0},
				{"appName": "Google", "usage": 0},
				{"appName": "패키지 설치 프로그램", "usage": 0},
				{"appName": "통화 관리", "usage": 0},
				{"appName": "원스토어", "usage": 0}
			]
		},
		"lastPickup": {"time": 0}
	},
	{
		"date": 6,
		"totalTime": {
			"usage": 198,
			"details": [
				{"appName": "YouTube", "usage": 93},
				{"appName": "카카오톡", "usage": 65},
				{"appName": "기본홈", "usage": 5},
				{"appName": "Instagram", "usage": 5},
				{"appName": "Paco", "usage": 2},
				{"appName": "통화 화면", "usage": 2},
				{"appName": "Chrome", "usage": 1},
				{"appName": "카메라", "usage": 1},
				{"appName": "티몬", "usage": 1},
				{"appName": "AliExpress", "usage": 1},
				{"appName": "메시지", "usage": 0},
				{"appName": "OK Cashbag", "usage": 0},
				{"appName": "네이버 캘린더", "usage": 0},
				{"appName": "Q메모+", "usage": 0},
				{"appName": "Bluetooth", "usage": 0},
				{"appName": "드라이브", "usage": 0},
				{"appName": "시스템 UI", "usage": 0},
				{"appName": "LG 페이", "usage": 0},
				{"appName": "Polar Beat", "usage": 0},
				{"appName": "주소록", "usage": 0},
				{"appName": "YouTube Music", "usage": 0},
				{"appName": "설정", "usage": 0},
				{"appName": "접근성", "usage": 0},
				{"appName": "Google Play 스토어", "usage": 0},
				{"appName": "AirVisual", "usage": 0},
				{"appName": "우리카드", "usage": 0},
				{"appName": "Android 시스템", "usage": 0},
				{"appName": "파일 보내기 및 받기", "usage": 0},
				{"appName": "통화 관리", "usage": 0}
			]
		},
		"pickups": {"usage": 164},
		"downTime": {
			"usage": [
				{"hour": "0", "usage": 0},
				{"hour": "1", "usage": 1},
				{"hour": "2", "usage": 17},
				{"hour": "3", "usage": 6},
				{"hour": "4", "usage": 13},
				{"hour": "5", "usage": 0},
				{"hour": "6", "usage": 12},
				{"hour": "7", "usage": 6},
				{"hour": "8", "usage": 14},
				{"hour": "9", "usage": 6},
				{"hour": "10", "usage": 22},
				{"hour": "11", "usage": 1},
				{"hour": "14", "usage": 14},
				{"hour": "15", "usage": 59},
				{"hour": "16", "usage": 14},
				{"hour": "22", "usage": 2},
				{"hour": "23", "usage": 2}
			],
			"details": [
				{"appName": "카카오톡", "usage": [0, 1, 2, 3, 4, 5, 6, 7, 8, 9, 10, 14, 15, 16, 22, 23]},
				{"appName": "기본홈", "usage": [0, 1, 2, 3, 4, 6, 7, 8, 9, 10, 11, 14, 15, 16, 22]},
				{"appName": "Paco", "usage": [2, 3, 4, 6, 7, 8, 9]},
				{"appName": "시스템 UI", "usage": [6, 8, 10, 14, 15, 16]},
				{"appName": "메시지", "usage": [6, 7, 8, 9, 10]},
				{"appName": "통화 화면", "usage": [7, 10, 11, 22]},
				{"appName": "YouTube", "usage": [10, 14, 15, 16]},
				{"appName": "Instagram", "usage": [6, 8, 10, 14]},
				{"appName": "Polar Beat", "usage": [0, 4, 10]},
				{"appName": "Chrome", "usage": [3, 4, 6]},
				{"appName": "통화 관리", "usage": [7, 10]},
				{"appName": "카메라", "usage": [2, 4]},
				{"appName": "Q메모+", "usage": [6, 7]},
				{"appName": "Bluetooth", "usage": [2, 10]},
				{"appName": "파일 보내기 및 받기", "usage": [10]},
				{"appName": "티몬", "usage": [1]},
				{"appName": "주소록", "usage": [7]},
				{"appName": "접근성", "usage": [10]},
				{"appName": "우리카드", "usage": [8]},
				{"appName": "설정", "usage": [10]},
				{"appName": "드라이브", "usage": [8]},
				{"appName": "네이버 캘린더", "usage": [3]},
				{"appName": "YouTube Music", "usage": [10]},
				{"appName": "OK Cashbag", "usage": [7]},
				{"appName": "LG 페이", "usage": [7]},
				{"appName": "Google Play 스토어", "usage": [7]},
				{"appName": "Android 시스템", "usage": [8]},
				{"appName": "AliExpress", "usage": [2]},
				{"appName": "AirVisual", "usage": [10]}
			]
		},
		"maxTime": {
			"usage": 67,
			"details": [
				{"appName": "YouTube", "usage": 62},
				{"appName": "Instagram", "usage": 2},
				{"appName": "카카오톡", "usage": 1},
				{"appName": "통화 화면", "usage": 0},
				{"appName": "티몬", "usage": 0},
				{"appName": "카메라", "usage": 0},
				{"appName": "AliExpress", "usage": 0},
				{"appName": "기본홈", "usage": 0},
				{"appName": "OK Cashbag", "usage": 0},
				{"appName": "네이버 캘린더", "usage": 0},
				{"appName": "Q메모+", "usage": 0},
				{"appName": "Chrome", "usage": 0},
				{"appName": "Paco", "usage": 0},
				{"appName": "메시지", "usage": 0},
				{"appName": "드라이브", "usage": 0},
				{"appName": "Bluetooth", "usage": 0},
				{"appName": "LG 페이", "usage": 0},
				{"appName": "YouTube Music", "usage": 0},
				{"appName": "Polar Beat", "usage": 0},
				{"appName": "주소록", "usage": 0},
				{"appName": "접근성", "usage": 0},
				{"appName": "Google Play 스토어", "usage": 0},
				{"appName": "AirVisual", "usage": 0},
				{"appName": "설정", "usage": 0},
				{"appName": "우리카드", "usage": 0},
				{"appName": "시스템 UI", "usage": 0},
				{"appName": "파일 보내기 및 받기", "usage": 0},
				{"appName": "Android 시스템", "usage": 0},
				{"appName": "통화 관리", "usage": 0}
			]
		},
		"avgTime": {
			"usage": 1,
			"details": [
				{"appName": "YouTube", "usage": 11},
				{"appName": "카메라", "usage": 0},
				{"appName": "Instagram", "usage": 0},
				{"appName": "통화 화면", "usage": 0},
				{"appName": "Bluetooth", "usage": 0},
				{"appName": "AliExpress", "usage": 0},
				{"appName": "드라이브", "usage": 0},
				{"appName": "YouTube Music", "usage": 0},
				{"appName": "네이버 캘린더", "usage": 0},
				{"appName": "티몬", "usage": 0},
				{"appName": "Chrome", "usage": 0},
				{"appName": "Q메모+", "usage": 0},
				{"appName": "카카오톡", "usage": 0},
				{"appName": "LG 페이", "usage": 0},
				{"appName": "Paco", "usage": 0},
				{"appName": "OK Cashbag", "usage": 0},
				{"appName": "메시지", "usage": 0},
				{"appName": "기본홈", "usage": 0},
				{"appName": "우리카드", "usage": 0},
				{"appName": "접근성", "usage": 0},
				{"appName": "주소록", "usage": 0},
				{"appName": "Polar Beat", "usage": 0},
				{"appName": "설정", "usage": 0},
				{"appName": "파일 보내기 및 받기", "usage": 0},
				{"appName": "Google Play 스토어", "usage": 0},
				{"appName": "AirVisual", "usage": 0},
				{"appName": "Android 시스템", "usage": 0},
				{"appName": "시스템 UI", "usage": 0},
				{"appName": "통화 관리", "usage": 0}
			]
		},
		"lastPickup": {"time": 0}
	},
	{
		"date": 7,
		"totalTime": {
			"usage": 398,
			"details": [
				{"appName": "YouTube", "usage": 240},
				{"appName": "카카오톡", "usage": 73},
				{"appName": "Instagram", "usage": 20},
				{"appName": "Chrome", "usage": 14},
				{"appName": "기본홈", "usage": 10},
				{"appName": "메시지", "usage": 6},
				{"appName": "고음질 녹음", "usage": 3},
				{"appName": "Paco", "usage": 3},
				{"appName": "팟빵", "usage": 3},
				{"appName": "통화 화면", "usage": 3},
				{"appName": "갤러리", "usage": 2},
				{"appName": "Bluetooth", "usage": 1},
				{"appName": "시스템 UI", "usage": 0},
				{"appName": "카메라", "usage": 0},
				{"appName": "ABC Logger", "usage": 0},
				{"appName": "U+ 고객센터", "usage": 0},
				{"appName": "NAVER", "usage": 0},
				{"appName": "YouTube Music", "usage": 0},
				{"appName": "Google", "usage": 0},
				{"appName": "알람/시계", "usage": 0},
				{"appName": "설정", "usage": 0},
				{"appName": "접근성", "usage": 0},
				{"appName": "Q메모+", "usage": 0},
				{"appName": "Polar Beat", "usage": 0},
				{"appName": "네이버 지도", "usage": 0},
				{"appName": "네이버 캘린더", "usage": 0},
				{"appName": "Dropsync", "usage": 0},
				{"appName": "Wi-Fi", "usage": 0},
				{"appName": "AirVisual", "usage": 0},
				{"appName": "후후-유플러스", "usage": 0},
				{"appName": "패키지 설치 프로그램", "usage": 0},
				{"appName": "레몬브릿지", "usage": 0},
				{"appName": "주소록", "usage": 0},
				{"appName": "우리카드", "usage": 0},
				{"appName": "통화 관리", "usage": 0},
				{"appName": "신한카드", "usage": 0}
			]
		},
		"pickups": {"usage": 148},
		"downTime": {
			"usage": [
				{"hour": "0", "usage": 1},
				{"hour": "1", "usage": 0},
				{"hour": "2", "usage": 17},
				{"hour": "3", "usage": 60},
				{"hour": "4", "usage": 34},
				{"hour": "5", "usage": 6},
				{"hour": "6", "usage": 10},
				{"hour": "7", "usage": 8},
				{"hour": "8", "usage": 7},
				{"hour": "9", "usage": 5},
				{"hour": "10", "usage": 14},
				{"hour": "11", "usage": 12},
				{"hour": "12", "usage": 3},
				{"hour": "13", "usage": 1},
				{"hour": "14", "usage": 3},
				{"hour": "15", "usage": 10},
				{"hour": "16", "usage": 23},
				{"hour": "17", "usage": 41},
				{"hour": "18", "usage": 59},
				{"hour": "19", "usage": 60},
				{"hour": "20", "usage": 13}
			],
			"details": [
				{"appName": "기본홈", "usage": [1, 2, 3, 4, 5, 6, 7, 8, 9, 10, 11, 12, 13, 14, 15, 16, 17, 18, 20]},
				{"appName": "카카오톡", "usage": [0, 1, 2, 3, 4, 5, 6, 7, 8, 9, 10, 11, 12, 14, 15, 17, 18]},
				{"appName": "Instagram", "usage": [4, 5, 6, 7, 8, 11, 12, 13, 15, 16, 17]},
				{"appName": "Paco", "usage": [3, 5, 6, 7, 8, 9, 10, 12, 13]},
				{"appName": "Chrome", "usage": [2, 3, 4, 7, 8, 9, 10, 11, 16]},
				{"appName": "YouTube", "usage": [2, 3, 4, 16, 17, 18, 19, 20]},
				{"appName": "시스템 UI", "usage": [3, 4, 9, 10, 16, 18, 20]},
				{"appName": "메시지", "usage": [6, 10, 11, 12, 15]},
				{"appName": "팟빵", "usage": [4, 5, 11, 16]},
				{"appName": "접근성", "usage": [3, 10, 11, 13]},
				{"appName": "설정", "usage": [3, 10, 11, 13]},
				{"appName": "Polar Beat", "usage": [3, 10, 11, 13]},
				{"appName": "Google", "usage": [4, 16, 17, 20]},
				{"appName": "Bluetooth", "usage": [3, 11, 12, 16]},
				{"appName": "통화 화면", "usage": [0, 12, 14]},
				{"appName": "레몬브릿지", "usage": [10, 11, 13]},
				{"appName": "갤러리", "usage": [4, 7, 8]},
				{"appName": "U+ 고객센터", "usage": [4, 8]},
				{"appName": "Q메모+", "usage": [4, 16]},
				{"appName": "NAVER", "usage": [9, 10]},
				{"appName": "AirVisual", "usage": [8, 9]},
				{"appName": "ABC Logger", "usage": [13, 14]},
				{"appName": "후후-유플러스", "usage": [1]},
				{"appName": "패키지 설치 프로그램", "usage": [20]},
				{"appName": "통화 관리", "usage": [12]},
				{"appName": "카메라", "usage": [7]},
				{"appName": "주소록", "usage": [10]},
				{"appName": "우리카드", "usage": [18]},
				{"appName": "알람/시계", "usage": [20]},
				{"appName": "신한카드", "usage": [6]},
				{"appName": "네이버 캘린더", "usage": [4]},
				{"appName": "네이버 지도", "usage": [10]},
				{"appName": "고음질 녹음", "usage": [15]},
				{"appName": "YouTube Music", "usage": [11]},
				{"appName": "Wi-Fi", "usage": [4]},
				{"appName": "Dropsync", "usage": [16]}
			]
		},
		"maxTime": {
			"usage": 98,
			"details": [
				{"appName": "YouTube", "usage": 77},
				{"appName": "Instagram", "usage": 4},
				{"appName": "Chrome", "usage": 3},
				{"appName": "카카오톡", "usage": 2},
				{"appName": "통화 화면", "usage": 1},
				{"appName": "Paco", "usage": 1},
				{"appName": "고음질 녹음", "usage": 1},
				{"appName": "기본홈", "usage": 1},
				{"appName": "팟빵", "usage": 1},
				{"appName": "Bluetooth", "usage": 0},
				{"appName": "갤러리", "usage": 0},
				{"appName": "메시지", "usage": 0},
				{"appName": "카메라", "usage": 0},
				{"appName": "ABC Logger", "usage": 0},
				{"appName": "NAVER", "usage": 0},
				{"appName": "YouTube Music", "usage": 0},
				{"appName": "Google", "usage": 0},
				{"appName": "U+ 고객센터", "usage": 0},
				{"appName": "네이버 지도", "usage": 0},
				{"appName": "네이버 캘린더", "usage": 0},
				{"appName": "Dropsync", "usage": 0},
				{"appName": "Wi-Fi", "usage": 0},
				{"appName": "Polar Beat", "usage": 0},
				{"appName": "설정", "usage": 0},
				{"appName": "접근성", "usage": 0},
				{"appName": "Q메모+", "usage": 0},
				{"appName": "패키지 설치 프로그램", "usage": 0},
				{"appName": "시스템 UI", "usage": 0},
				{"appName": "알람/시계", "usage": 0},
				{"appName": "AirVisual", "usage": 0},
				{"appName": "후후-유플러스", "usage": 0},
				{"appName": "레몬브릿지", "usage": 0},
				{"appName": "주소록", "usage": 0},
				{"appName": "우리카드", "usage": 0},
				{"appName": "통화 관리", "usage": 0},
				{"appName": "신한카드", "usage": 0}
			]
		},
		"avgTime": {
			"usage": 2,
			"details": [
				{"appName": "YouTube", "usage": 9},
				{"appName": "Chrome", "usage": 0},
				{"appName": "Instagram", "usage": 0},
				{"appName": "갤러리", "usage": 0},
				{"appName": "고음질 녹음", "usage": 0},
				{"appName": "통화 화면", "usage": 0},
				{"appName": "팟빵", "usage": 0},
				{"appName": "카메라", "usage": 0},
				{"appName": "Bluetooth", "usage": 0},
				{"appName": "ABC Logger", "usage": 0},
				{"appName": "U+ 고객센터", "usage": 0},
				{"appName": "YouTube Music", "usage": 0},
				{"appName": "Dropsync", "usage": 0},
				{"appName": "Wi-Fi", "usage": 0},
				{"appName": "Paco", "usage": 0},
				{"appName": "카카오톡", "usage": 0},
				{"appName": "네이버 지도", "usage": 0},
				{"appName": "메시지", "usage": 0},
				{"appName": "네이버 캘린더", "usage": 0},
				{"appName": "NAVER", "usage": 0},
				{"appName": "패키지 설치 프로그램", "usage": 0},
				{"appName": "접근성", "usage": 0},
				{"appName": "기본홈", "usage": 0},
				{"appName": "설정", "usage": 0},
				{"appName": "Google", "usage": 0},
				{"appName": "알람/시계", "usage": 0},
				{"appName": "Q메모+", "usage": 0},
				{"appName": "Polar Beat", "usage": 0},
				{"appName": "시스템 UI", "usage": 0},
				{"appName": "후후-유플러스", "usage": 0},
				{"appName": "레몬브릿지", "usage": 0},
				{"appName": "AirVisual", "usage": 0},
				{"appName": "주소록", "usage": 0},
				{"appName": "우리카드", "usage": 0},
				{"appName": "통화 관리", "usage": 0},
				{"appName": "신한카드", "usage": 0}
			]
		},
		"lastPickup": {"time": 86}
	}
]
