[
	{
		"date": 1,
		"totalTime": {
			"usage": 343,
			"details": [
				{"appName": "카카오톡", "usage": 173},
				{"appName": "Facebook", "usage": 45},
				{"appName": "삼성 인터넷", "usage": 27},
				{"appName": "KAIST Library", "usage": 14},
				{"appName": "One UI 홈", "usage": 14},
				{"appName": "KLMS", "usage": 10},
				{"appName": "Paco", "usage": 7},
				{"appName": "Instagram", "usage": 7},
				{"appName": "Polar Beat", "usage": 5},
				{"appName": "이메일", "usage": 5},
				{"appName": "시계", "usage": 3},
				{"appName": "고속버스 모바일", "usage": 3},
				{"appName": "한컴오피스 viewer", "usage": 1},
				{"appName": "T전화", "usage": 1},
				{"appName": "갤러리", "usage": 1},
				{"appName": "에브리타임", "usage": 1},
				{"appName": "KAIST Portal", "usage": 0},
				{"appName": "드라이브", "usage": 0},
				{"appName": "캘린더", "usage": 0},
				{"appName": "Microsoft Health", "usage": 0},
				{"appName": "FLO", "usage": 0},
				{"appName": "지그재그", "usage": 0},
				{"appName": "Polaris Office", "usage": 0},
				{"appName": "PowerPoint", "usage": 0},
				{"appName": "비디오 플레이어", "usage": 0},
				{"appName": "설정", "usage": 0},
				{"appName": "파인더", "usage": 0},
				{"appName": "카메라", "usage": 0},
				{"appName": "Logger", "usage": 0},
				{"appName": "접근성", "usage": 0},
				{"appName": "KAIST GenChem", "usage": 0},
				{"appName": "YouTube", "usage": 0},
				{"appName": "안드로이드 시스템", "usage": 0},
				{"appName": "빅스비 보이스", "usage": 0},
				{"appName": "원터치알림", "usage": 0},
				{"appName": "메시지", "usage": 0},
				{"appName": "내 파일", "usage": 0},
				{"appName": "Google", "usage": 0},
				{"appName": "NUGU", "usage": 0},
				{"appName": "Google Play 스토어", "usage": 0},
				{"appName": "패키지 설치 프로그램", "usage": 0},
				{"appName": "네이버 사전", "usage": 0}
			]
		},
		"pickups": {"usage": 228},
		"downTime": {
			"usage": [
				{"hour": "0", "usage": 33},
				{"hour": "1", "usage": 52},
				{"hour": "2", "usage": 11},
				{"hour": "3", "usage": 41},
				{"hour": "4", "usage": 15},
				{"hour": "5", "usage": 4},
				{"hour": "6", "usage": 35},
				{"hour": "7", "usage": 11},
				{"hour": "8", "usage": 18},
				{"hour": "9", "usage": 18},
				{"hour": "10", "usage": 17},
				{"hour": "11", "usage": 11},
				{"hour": "12", "usage": 14},
				{"hour": "13", "usage": 4},
				{"hour": "14", "usage": 7},
				{"hour": "15", "usage": 22},
				{"hour": "16", "usage": 0},
				{"hour": "19", "usage": 0},
				{"hour": "20", "usage": 2},
				{"hour": "21", "usage": 13},
				{"hour": "22", "usage": 4},
				{"hour": "23", "usage": 1}
			],
			"details": [
				{"appName": "카카오톡", "usage": [0, 1, 2, 3, 4, 5, 6, 7, 8, 9, 10, 11, 12, 13, 14, 15, 20, 21, 22, 23]},
				{"appName": "One UI 홈", "usage": [0, 1, 2, 3, 4, 5, 6, 7, 8, 9, 10, 11, 12, 13, 14, 15, 20, 21, 22, 23]},
				{"appName": "Facebook", "usage": [0, 1, 3, 4, 5, 6, 7, 8, 9, 10, 12, 14, 15, 20, 21, 22]},
				{"appName": "Paco", "usage": [1, 2, 3, 4, 5, 6, 8, 9, 10, 11, 12, 13, 14]},
				{"appName": "Instagram", "usage": [0, 3, 6, 8, 9, 10, 12, 14, 15, 21, 22]},
				{"appName": "삼성 인터넷", "usage": [0, 1, 6, 10, 11, 12, 13, 15, 21, 22]},
				{"appName": "Polar Beat", "usage": [1, 2, 3, 4, 6, 10, 11, 13, 14]},
				{"appName": "KLMS", "usage": [0, 1, 3, 4, 5, 6, 8, 12, 21]},
				{"appName": "시계", "usage": [2, 3, 7, 8, 14, 15, 20, 23]},
				{"appName": "파인더", "usage": [0, 1, 3, 5, 6, 15, 20]},
				{"appName": "KAIST Library", "usage": [6, 10, 11, 12, 13, 14]},
				{"appName": "갤러리", "usage": [0, 6, 8, 9, 11]},
				{"appName": "패키지 설치 프로그램", "usage": [1, 3, 4, 14]},
				{"appName": "카메라", "usage": [6, 9, 12, 15]},
				{"appName": "접근성", "usage": [1, 3, 4, 14]},
				{"appName": "에브리타임", "usage": [1, 4, 8, 11]},
				{"appName": "설정", "usage": [1, 3, 4, 14]},
				{"appName": "Logger", "usage": [1, 3, 4, 14]},
				{"appName": "FLO", "usage": [0, 3, 4, 8]},
				{"appName": "한컴오피스 viewer", "usage": [5, 6, 7]},
				{"appName": "캘린더", "usage": [8, 22, 23]},
				{"appName": "이메일", "usage": [0, 1, 3]},
				{"appName": "안드로이드 시스템", "usage": [1, 9, 11]},
				{"appName": "T전화", "usage": [3, 10, 12]},
				{"appName": "원터치알림", "usage": [6, 21]},
				{"appName": "빅스비 보이스", "usage": [10, 14]},
				{"appName": "비디오 플레이어", "usage": [8, 11]},
				{"appName": "메시지", "usage": [6, 23]},
				{"appName": "내 파일", "usage": [5, 6]},
				{"appName": "고속버스 모바일", "usage": [11, 21]},
				{"appName": "Microsoft Health", "usage": [1, 3]},
				{"appName": "지그재그", "usage": [12]},
				{"appName": "드라이브", "usage": [11]},
				{"appName": "네이버 사전", "usage": [3]},
				{"appName": "YouTube", "usage": [8]},
				{"appName": "PowerPoint", "usage": [0]},
				{"appName": "Polaris Office", "usage": [1]},
				{"appName": "NUGU", "usage": [10]},
				{"appName": "KAIST GenChem", "usage": [11]},
				{"appName": "KAIST Portal", "usage": [1]},
				{"appName": "Google Play 스토어", "usage": [21]},
				{"appName": "Google", "usage": [2]}
			]
		},
		"maxTime": {
			"usage": 28,
			"details": [
				{"appName": "카카오톡", "usage": 8},
				{"appName": "삼성 인터넷", "usage": 8},
				{"appName": "Facebook", "usage": 3},
				{"appName": "KLMS", "usage": 2},
				{"appName": "KAIST Library", "usage": 2},
				{"appName": "Instagram", "usage": 1},
				{"appName": "Polar Beat", "usage": 1},
				{"appName": "이메일", "usage": 1},
				{"appName": "T전화", "usage": 0},
				{"appName": "Paco", "usage": 0},
				{"appName": "에브리타임", "usage": 0},
				{"appName": "Polaris Office", "usage": 0},
				{"appName": "지그재그", "usage": 0},
				{"appName": "KAIST Portal", "usage": 0},
				{"appName": "PowerPoint", "usage": 0},
				{"appName": "고속버스 모바일", "usage": 0},
				{"appName": "Microsoft Health", "usage": 0},
				{"appName": "시계", "usage": 0},
				{"appName": "갤러리", "usage": 0},
				{"appName": "한컴오피스 viewer", "usage": 0},
				{"appName": "비디오 플레이어", "usage": 0},
				{"appName": "드라이브", "usage": 0},
				{"appName": "One UI 홈", "usage": 0},
				{"appName": "KAIST GenChem", "usage": 0},
				{"appName": "FLO", "usage": 0},
				{"appName": "YouTube", "usage": 0},
				{"appName": "캘린더", "usage": 0},
				{"appName": "카메라", "usage": 0},
				{"appName": "설정", "usage": 0},
				{"appName": "원터치알림", "usage": 0},
				{"appName": "빅스비 보이스", "usage": 0},
				{"appName": "접근성", "usage": 0},
				{"appName": "파인더", "usage": 0},
				{"appName": "안드로이드 시스템", "usage": 0},
				{"appName": "Logger", "usage": 0},
				{"appName": "메시지", "usage": 0},
				{"appName": "Google", "usage": 0},
				{"appName": "내 파일", "usage": 0},
				{"appName": "NUGU", "usage": 0},
				{"appName": "Google Play 스토어", "usage": 0},
				{"appName": "네이버 사전", "usage": 0},
				{"appName": "패키지 설치 프로그램", "usage": 0}
			]
		},
		"avgTime": {
			"usage": 1,
			"details": [
				{"appName": "삼성 인터넷", "usage": 0},
				{"appName": "PowerPoint", "usage": 0},
				{"appName": "Facebook", "usage": 0},
				{"appName": "KAIST Library", "usage": 0},
				{"appName": "Polaris Office", "usage": 0},
				{"appName": "이메일", "usage": 0},
				{"appName": "비디오 플레이어", "usage": 0},
				{"appName": "KAIST GenChem", "usage": 0},
				{"appName": "KAIST Portal", "usage": 0},
				{"appName": "지그재그", "usage": 0},
				{"appName": "YouTube", "usage": 0},
				{"appName": "드라이브", "usage": 0},
				{"appName": "Instagram", "usage": 0},
				{"appName": "Polar Beat", "usage": 0},
				{"appName": "카카오톡", "usage": 0},
				{"appName": "T전화", "usage": 0},
				{"appName": "에브리타임", "usage": 0},
				{"appName": "한컴오피스 viewer", "usage": 0},
				{"appName": "갤러리", "usage": 0},
				{"appName": "Paco", "usage": 0},
				{"appName": "KLMS", "usage": 0},
				{"appName": "Microsoft Health", "usage": 0},
				{"appName": "캘린더", "usage": 0},
				{"appName": "빅스비 보이스", "usage": 0},
				{"appName": "고속버스 모바일", "usage": 0},
				{"appName": "시계", "usage": 0},
				{"appName": "카메라", "usage": 0},
				{"appName": "원터치알림", "usage": 0},
				{"appName": "FLO", "usage": 0},
				{"appName": "메시지", "usage": 0},
				{"appName": "One UI 홈", "usage": 0},
				{"appName": "Google", "usage": 0},
				{"appName": "안드로이드 시스템", "usage": 0},
				{"appName": "설정", "usage": 0},
				{"appName": "내 파일", "usage": 0},
				{"appName": "파인더", "usage": 0},
				{"appName": "접근성", "usage": 0},
				{"appName": "Logger", "usage": 0},
				{"appName": "NUGU", "usage": 0},
				{"appName": "Google Play 스토어", "usage": 0},
				{"appName": "네이버 사전", "usage": 0},
				{"appName": "패키지 설치 프로그램", "usage": 0}
			]
		},
		"lastPickup": {"time": 0}
	},
	{
		"date": 2,
		"totalTime": {
			"usage": 315,
			"details": [
				{"appName": "카메라", "usage": 22},
				{"appName": "카카오톡", "usage": 21},
				{"appName": "드라이브", "usage": 21},
				{"appName": "삼성 인터넷", "usage": 16},
				{"appName": "카카오맵", "usage": 11},
				{"appName": "One UI 홈", "usage": 9},
				{"appName": "Facebook", "usage": 9},
				{"appName": "T전화", "usage": 8},
				{"appName": "갤러리", "usage": 4},
				{"appName": "Paco", "usage": 3},
				{"appName": "고속버스 모바일", "usage": 2},
				{"appName": "Instagram", "usage": 2},
				{"appName": "KLMS", "usage": 1},
				{"appName": "에브리타임", "usage": 1},
				{"appName": "메시지", "usage": 1},
				{"appName": "Polar Beat", "usage": 1},
				{"appName": "빅스비 보이스", "usage": 0},
				{"appName": "Dropsync", "usage": 0},
				{"appName": "원터치개인", "usage": 0},
				{"appName": "설정", "usage": 0},
				{"appName": "KB스타뱅킹", "usage": 0},
				{"appName": "Samsung Pay", "usage": 0},
				{"appName": "SNOW", "usage": 0},
				{"appName": "시계", "usage": 0},
				{"appName": "미세미세", "usage": 0},
				{"appName": "Samsung Health", "usage": 0},
				{"appName": "FLO", "usage": 0},
				{"appName": "디바이스 케어", "usage": 0},
				{"appName": "Logger", "usage": 0},
				{"appName": "접근성", "usage": 0},
				{"appName": "MTP 애플리케이션", "usage": 0},
				{"appName": "원터치알림", "usage": 0},
				{"appName": "안드로이드 시스템", "usage": 0},
				{"appName": "패키지 설치 프로그램", "usage": 0},
				{"appName": "KB스마트원 통합인증", "usage": 0},
				{"appName": "YouTube", "usage": 0},
				{"appName": "캘린더", "usage": 0},
				{"appName": "삼성 키보드", "usage": 0},
				{"appName": "이미지 사이즈", "usage": 0},
				{"appName": "삼성 캡처", "usage": 0},
				{"appName": "CJ대한통운 택배", "usage": 0},
				{"appName": "전화", "usage": 0}
			]
		},
		"pickups": {"usage": 252},
		"downTime": {
			"usage": [
				{"hour": "0", "usage": 27},
				{"hour": "1", "usage": 9},
				{"hour": "2", "usage": 6},
				{"hour": "3", "usage": 9},
				{"hour": "4", "usage": 11},
				{"hour": "6", "usage": 4},
				{"hour": "7", "usage": 5},
				{"hour": "8", "usage": 1},
				{"hour": "9", "usage": 6},
				{"hour": "10", "usage": 11},
				{"hour": "11", "usage": 4},
				{"hour": "12", "usage": 19},
				{"hour": "13", "usage": 26},
				{"hour": "14", "usage": 18},
				{"hour": "15", "usage": 60},
				{"hour": "16", "usage": 60},
				{"hour": "17", "usage": 20},
				{"hour": "18", "usage": 11}
			],
			"details": [
				{"appName": "One UI 홈", "usage": [0, 1, 2, 3, 4, 6, 7, 8, 9, 10, 11, 12, 13, 14, 17, 18]},
				{"appName": "카카오톡", "usage": [0, 1, 2, 3, 4, 6, 7, 9, 10, 11, 12, 13, 17, 18]},
				{"appName": "Facebook", "usage": [0, 1, 2, 3, 10, 11, 12, 13, 14, 17, 18]},
				{"appName": "삼성 인터넷", "usage": [2, 3, 4, 7, 9, 10, 13, 14, 18]},
				{"appName": "카카오맵", "usage": [3, 4, 7, 8, 10, 12, 13]},
				{"appName": "카메라", "usage": [2, 6, 10, 11, 12, 13, 14]},
				{"appName": "빅스비 보이스", "usage": [0, 4, 7, 9, 10, 11, 14]},
				{"appName": "Paco", "usage": [2, 3, 4, 6, 7, 9, 11]},
				{"appName": "Instagram", "usage": [4, 7, 10, 11, 17, 18]},
				{"appName": "드라이브", "usage": [0, 1, 2, 6, 7]},
				{"appName": "설정", "usage": [2, 9, 10, 17]},
				{"appName": "갤러리", "usage": [3, 4, 12, 14]},
				{"appName": "Polar Beat", "usage": [2, 3, 4, 9]},
				{"appName": "패키지 설치 프로그램", "usage": [2, 4, 9]},
				{"appName": "미세미세", "usage": [8, 9, 13]},
				{"appName": "고속버스 모바일", "usage": [3, 4, 13]},
				{"appName": "T전화", "usage": [1, 12, 13]},
				{"appName": "접근성", "usage": [2, 9]},
				{"appName": "에브리타임", "usage": [0, 4]},
				{"appName": "메시지", "usage": [4, 7]},
				{"appName": "디바이스 케어", "usage": [1, 4]},
				{"appName": "Samsung Pay", "usage": [6, 11]},
				{"appName": "SNOW", "usage": [13, 14]},
				{"appName": "Logger", "usage": [2, 9]},
				{"appName": "KLMS", "usage": [0, 6]},
				{"appName": "캘린더", "usage": [4]},
				{"appName": "전화", "usage": [17]},
				{"appName": "이미지 사이즈", "usage": [9]},
				{"appName": "원터치알림", "usage": [6]},
				{"appName": "원터치개인", "usage": [10]},
				{"appName": "안드로이드 시스템", "usage": [0]},
				{"appName": "시계", "usage": [0]},
				{"appName": "삼성 키보드", "usage": [11]},
				{"appName": "삼성 캡처", "usage": [14]},
				{"appName": "YouTube", "usage": [13]},
				{"appName": "Samsung Health", "usage": [17]},
				{"appName": "MTP 애플리케이션", "usage": [7]},
				{"appName": "KB스타뱅킹", "usage": [4]},
				{"appName": "KB스마트원 통합인증", "usage": [4]},
				{"appName": "FLO", "usage": [13]},
				{"appName": "Dropsync", "usage": [4]},
				{"appName": "CJ대한통운 택배", "usage": [11]}
			]
		},
		"maxTime": {
			"usage": 141,
			"details": [
				{"appName": "삼성 인터넷", "usage": 7},
				{"appName": "카메라", "usage": 6},
				{"appName": "드라이브", "usage": 5},
				{"appName": "T전화", "usage": 5},
				{"appName": "갤러리", "usage": 3},
				{"appName": "Facebook", "usage": 2},
				{"appName": "카카오맵", "usage": 2},
				{"appName": "고속버스 모바일", "usage": 0},
				{"appName": "카카오톡", "usage": 0},
				{"appName": "메시지", "usage": 0},
				{"appName": "에브리타임", "usage": 0},
				{"appName": "One UI 홈", "usage": 0},
				{"appName": "KLMS", "usage": 0},
				{"appName": "Instagram", "usage": 0},
				{"appName": "Dropsync", "usage": 0},
				{"appName": "빅스비 보이스", "usage": 0},
				{"appName": "SNOW", "usage": 0},
				{"appName": "KB스타뱅킹", "usage": 0},
				{"appName": "Paco", "usage": 0},
				{"appName": "설정", "usage": 0},
				{"appName": "Polar Beat", "usage": 0},
				{"appName": "원터치개인", "usage": 0},
				{"appName": "Samsung Health", "usage": 0},
				{"appName": "FLO", "usage": 0},
				{"appName": "시계", "usage": 0},
				{"appName": "원터치알림", "usage": 0},
				{"appName": "디바이스 케어", "usage": 0},
				{"appName": "MTP 애플리케이션", "usage": 0},
				{"appName": "Samsung Pay", "usage": 0},
				{"appName": "미세미세", "usage": 0},
				{"appName": "안드로이드 시스템", "usage": 0},
				{"appName": "패키지 설치 프로그램", "usage": 0},
				{"appName": "YouTube", "usage": 0},
				{"appName": "접근성", "usage": 0},
				{"appName": "캘린더", "usage": 0},
				{"appName": "Logger", "usage": 0},
				{"appName": "KB스마트원 통합인증", "usage": 0},
				{"appName": "이미지 사이즈", "usage": 0},
				{"appName": "삼성 키보드", "usage": 0},
				{"appName": "삼성 캡처", "usage": 0},
				{"appName": "CJ대한통운 택배", "usage": 0},
				{"appName": "전화", "usage": 0}
			]
		},
		"avgTime": {
			"usage": 1,
			"details": [
				{"appName": "드라이브", "usage": 1},
				{"appName": "카메라", "usage": 1},
				{"appName": "삼성 인터넷", "usage": 0},
				{"appName": "T전화", "usage": 0},
				{"appName": "갤러리", "usage": 0},
				{"appName": "메시지", "usage": 0},
				{"appName": "Facebook", "usage": 0},
				{"appName": "SNOW", "usage": 0},
				{"appName": "카카오맵", "usage": 0},
				{"appName": "KB스타뱅킹", "usage": 0},
				{"appName": "Dropsync", "usage": 0},
				{"appName": "에브리타임", "usage": 0},
				{"appName": "KLMS", "usage": 0},
				{"appName": "Instagram", "usage": 0},
				{"appName": "고속버스 모바일", "usage": 0},
				{"appName": "원터치알림", "usage": 0},
				{"appName": "빅스비 보이스", "usage": 0},
				{"appName": "Polar Beat", "usage": 0},
				{"appName": "원터치개인", "usage": 0},
				{"appName": "카카오톡", "usage": 0},
				{"appName": "Paco", "usage": 0},
				{"appName": "Samsung Health", "usage": 0},
				{"appName": "시계", "usage": 0},
				{"appName": "안드로이드 시스템", "usage": 0},
				{"appName": "FLO", "usage": 0},
				{"appName": "One UI 홈", "usage": 0},
				{"appName": "설정", "usage": 0},
				{"appName": "미세미세", "usage": 0},
				{"appName": "디바이스 케어", "usage": 0},
				{"appName": "Samsung Pay", "usage": 0},
				{"appName": "캘린더", "usage": 0},
				{"appName": "MTP 애플리케이션", "usage": 0},
				{"appName": "YouTube", "usage": 0},
				{"appName": "접근성", "usage": 0},
				{"appName": "이미지 사이즈", "usage": 0},
				{"appName": "Logger", "usage": 0},
				{"appName": "패키지 설치 프로그램", "usage": 0},
				{"appName": "삼성 키보드", "usage": 0},
				{"appName": "삼성 캡처", "usage": 0},
				{"appName": "KB스마트원 통합인증", "usage": 0},
				{"appName": "CJ대한통운 택배", "usage": 0},
				{"appName": "전화", "usage": 0}
			]
		},
		"lastPickup": {"time": 0}
	},
	{
		"date": 3,
		"totalTime": {
			"usage": 182,
			"details": [
				{"appName": "카카오톡", "usage": 39},
				{"appName": "Facebook", "usage": 34},
				{"appName": "삼성 인터넷", "usage": 31},
				{"appName": "YouTube", "usage": 29},
				{"appName": "One UI 홈", "usage": 7},
				{"appName": "T전화", "usage": 7},
				{"appName": "Instagram", "usage": 5},
				{"appName": "고속버스 모바일", "usage": 4},
				{"appName": "Paco", "usage": 3},
				{"appName": "갤러리", "usage": 2},
				{"appName": "카메라", "usage": 2},
				{"appName": "Polar Beat", "usage": 1},
				{"appName": "캘린더", "usage": 1},
				{"appName": "시계", "usage": 1},
				{"appName": "빅스비 보이스", "usage": 0},
				{"appName": "카카오맵", "usage": 0},
				{"appName": "Foodie", "usage": 0},
				{"appName": "Google Play 스토어", "usage": 0},
				{"appName": "Logger", "usage": 0},
				{"appName": "이메일", "usage": 0},
				{"appName": "Dropsync", "usage": 0},
				{"appName": "설정", "usage": 0},
				{"appName": "날씨", "usage": 0},
				{"appName": "ABC Logger", "usage": 0},
				{"appName": "접근성", "usage": 0},
				{"appName": "에브리타임", "usage": 0},
				{"appName": "원터치알림", "usage": 0},
				{"appName": "패키지 설치 프로그램", "usage": 0},
				{"appName": "안드로이드 시스템", "usage": 0},
				{"appName": "파인더", "usage": 0},
				{"appName": "게임런처", "usage": 0},
				{"appName": "Samsung Pay", "usage": 0},
				{"appName": "빅스비 비전", "usage": 0},
				{"appName": "NUGU", "usage": 0},
				{"appName": "네이버 사전", "usage": 0},
				{"appName": "삼성 키보드", "usage": 0},
				{"appName": "빅스비 홈", "usage": 0}
			]
		},
		"pickups": {"usage": 122},
		"downTime": {
			"usage": [
				{"hour": "2", "usage": 0},
				{"hour": "4", "usage": 8},
				{"hour": "5", "usage": 20},
				{"hour": "6", "usage": 1},
				{"hour": "7", "usage": 5},
				{"hour": "8", "usage": 0},
				{"hour": "9", "usage": 0},
				{"hour": "10", "usage": 2},
				{"hour": "11", "usage": 14},
				{"hour": "12", "usage": 4},
				{"hour": "13", "usage": 8},
				{"hour": "14", "usage": 2},
				{"hour": "15", "usage": 3},
				{"hour": "16", "usage": 9},
				{"hour": "17", "usage": 23},
				{"hour": "18", "usage": 57},
				{"hour": "19", "usage": 14},
				{"hour": "21", "usage": 5},
				{"hour": "22", "usage": 0},
				{"hour": "23", "usage": 0}
			],
			"details": [
				{"appName": "One UI 홈", "usage": [4, 5, 6, 7, 8, 9, 11, 12, 13, 14, 15, 16, 17, 18, 19, 21]},
				{"appName": "카카오톡", "usage": [4, 5, 7, 11, 12, 13, 14, 15, 16, 17, 18, 19, 21]},
				{"appName": "Facebook", "usage": [4, 5, 6, 7, 11, 12, 13, 14, 17, 18, 19]},
				{"appName": "삼성 인터넷", "usage": [4, 5, 7, 11, 13, 15, 16, 17, 18]},
				{"appName": "Paco", "usage": [5, 6, 7, 8, 9, 10, 11, 12]},
				{"appName": "Instagram", "usage": [4, 5, 6, 11, 13, 17, 18]},
				{"appName": "Polar Beat", "usage": [4, 5, 6, 7, 11, 18]},
				{"appName": "패키지 설치 프로그램", "usage": [4, 5, 12, 14, 18]},
				{"appName": "캘린더", "usage": [4, 7, 11, 22, 23]},
				{"appName": "T전화", "usage": [9, 10, 11, 12, 16]},
				{"appName": "Logger", "usage": [4, 5, 12, 14]},
				{"appName": "카메라", "usage": [15, 16, 21]},
				{"appName": "접근성", "usage": [4, 5, 12]},
				{"appName": "원터치알림", "usage": [2, 4, 21]},
				{"appName": "시계", "usage": [19, 21, 23]},
				{"appName": "고속버스 모바일", "usage": [4, 16, 21]},
				{"appName": "갤러리", "usage": [7, 16, 18]},
				{"appName": "설정", "usage": [5, 12]},
				{"appName": "빅스비 보이스", "usage": [7, 11]},
				{"appName": "YouTube", "usage": [18, 19]},
				{"appName": "Foodie", "usage": [12, 13]},
				{"appName": "파인더", "usage": [4]},
				{"appName": "카카오맵", "usage": [14]},
				{"appName": "이메일", "usage": [4]},
				{"appName": "에브리타임", "usage": [4]},
				{"appName": "안드로이드 시스템", "usage": [4]},
				{"appName": "삼성 키보드", "usage": [13]},
				{"appName": "빅스비 홈", "usage": [13]},
				{"appName": "빅스비 비전", "usage": [16]},
				{"appName": "네이버 사전", "usage": [18]},
				{"appName": "날씨", "usage": [13]},
				{"appName": "게임런처", "usage": [21]},
				{"appName": "Samsung Pay", "usage": [7]},
				{"appName": "NUGU", "usage": [18]},
				{"appName": "Google Play 스토어", "usage": [12]},
				{"appName": "Dropsync", "usage": [12]},
				{"appName": "ABC Logger", "usage": [4]}
			]
		},
		"maxTime": {
			"usage": 37,
			"details": [
				{"appName": "YouTube", "usage": 21},
				{"appName": "Facebook", "usage": 12},
				{"appName": "삼성 인터넷", "usage": 6},
				{"appName": "카카오톡", "usage": 5},
				{"appName": "T전화", "usage": 2},
				{"appName": "갤러리", "usage": 1},
				{"appName": "Instagram", "usage": 1},
				{"appName": "고속버스 모바일", "usage": 1},
				{"appName": "카메라", "usage": 0},
				{"appName": "캘린더", "usage": 0},
				{"appName": "Polar Beat", "usage": 0},
				{"appName": "카카오맵", "usage": 0},
				{"appName": "빅스비 보이스", "usage": 0},
				{"appName": "One UI 홈", "usage": 0},
				{"appName": "이메일", "usage": 0},
				{"appName": "Foodie", "usage": 0},
				{"appName": "Google Play 스토어", "usage": 0},
				{"appName": "시계", "usage": 0},
				{"appName": "Paco", "usage": 0},
				{"appName": "Dropsync", "usage": 0},
				{"appName": "날씨", "usage": 0},
				{"appName": "ABC Logger", "usage": 0},
				{"appName": "원터치알림", "usage": 0},
				{"appName": "Logger", "usage": 0},
				{"appName": "에브리타임", "usage": 0},
				{"appName": "안드로이드 시스템", "usage": 0},
				{"appName": "파인더", "usage": 0},
				{"appName": "접근성", "usage": 0},
				{"appName": "설정", "usage": 0},
				{"appName": "게임런처", "usage": 0},
				{"appName": "패키지 설치 프로그램", "usage": 0},
				{"appName": "Samsung Pay", "usage": 0},
				{"appName": "NUGU", "usage": 0},
				{"appName": "빅스비 비전", "usage": 0},
				{"appName": "삼성 키보드", "usage": 0},
				{"appName": "네이버 사전", "usage": 0},
				{"appName": "빅스비 홈", "usage": 0}
			]
		},
		"avgTime": {
			"usage": 1,
			"details": [
				{"appName": "YouTube", "usage": 7},
				{"appName": "삼성 인터넷", "usage": 1},
				{"appName": "Facebook", "usage": 0},
				{"appName": "갤러리", "usage": 0},
				{"appName": "T전화", "usage": 0},
				{"appName": "이메일", "usage": 0},
				{"appName": "카메라", "usage": 0},
				{"appName": "캘린더", "usage": 0},
				{"appName": "Polar Beat", "usage": 0},
				{"appName": "Instagram", "usage": 0},
				{"appName": "카카오맵", "usage": 0},
				{"appName": "카카오톡", "usage": 0},
				{"appName": "Foodie", "usage": 0},
				{"appName": "고속버스 모바일", "usage": 0},
				{"appName": "빅스비 보이스", "usage": 0},
				{"appName": "ABC Logger", "usage": 0},
				{"appName": "Google Play 스토어", "usage": 0},
				{"appName": "Dropsync", "usage": 0},
				{"appName": "Paco", "usage": 0},
				{"appName": "안드로이드 시스템", "usage": 0},
				{"appName": "파인더", "usage": 0},
				{"appName": "날씨", "usage": 0},
				{"appName": "One UI 홈", "usage": 0},
				{"appName": "시계", "usage": 0},
				{"appName": "에브리타임", "usage": 0},
				{"appName": "원터치알림", "usage": 0},
				{"appName": "Logger", "usage": 0},
				{"appName": "설정", "usage": 0},
				{"appName": "접근성", "usage": 0},
				{"appName": "게임런처", "usage": 0},
				{"appName": "Samsung Pay", "usage": 0},
				{"appName": "빅스비 비전", "usage": 0},
				{"appName": "삼성 키보드", "usage": 0},
				{"appName": "NUGU", "usage": 0},
				{"appName": "패키지 설치 프로그램", "usage": 0},
				{"appName": "네이버 사전", "usage": 0},
				{"appName": "빅스비 홈", "usage": 0}
			]
		},
		"lastPickup": {"time": 0}
	},
	{
		"date": 4,
		"totalTime": {
			"usage": 393,
			"details": [
				{"appName": "카카오톡", "usage": 207},
				{"appName": "삼성 인터넷", "usage": 45},
				{"appName": "Facebook", "usage": 24},
				{"appName": "스냅스", "usage": 12},
				{"appName": "One UI 홈", "usage": 11},
				{"appName": "한컴오피스 viewer", "usage": 10},
				{"appName": "고속버스 모바일", "usage": 9},
				{"appName": "Instagram", "usage": 8},
				{"appName": "카메라", "usage": 8},
				{"appName": "시계", "usage": 7},
				{"appName": "FLO", "usage": 5},
				{"appName": "카카오맵", "usage": 3},
				{"appName": "Paco", "usage": 3},
				{"appName": "갤러리", "usage": 3},
				{"appName": "Google Play 스토어", "usage": 2},
				{"appName": "KLMS", "usage": 2},
				{"appName": "에브리타임", "usage": 1},
				{"appName": "Polar Beat", "usage": 1},
				{"appName": "KAIST Portal", "usage": 1},
				{"appName": "캘린더", "usage": 1},
				{"appName": "야놀자", "usage": 1},
				{"appName": "코레일톡", "usage": 1},
				{"appName": "원터치개인", "usage": 1},
				{"appName": "The Day Before", "usage": 0},
				{"appName": "오늘하루", "usage": 0},
				{"appName": "", "usage": 0},
				{"appName": "T전화", "usage": 0},
				{"appName": "Samsung Notes", "usage": 0},
				{"appName": "설정", "usage": 0},
				{"appName": "배경화면", "usage": 0},
				{"appName": "SNOW", "usage": 0},
				{"appName": "빅스비 보이스", "usage": 0},
				{"appName": "패키지 설치 프로그램", "usage": 0},
				{"appName": "Dropsync", "usage": 0},
				{"appName": "원터치알림", "usage": 0},
				{"appName": "안드로이드 시스템", "usage": 0},
				{"appName": "날씨", "usage": 0},
				{"appName": "화해", "usage": 0},
				{"appName": "접근성", "usage": 0},
				{"appName": "Logger", "usage": 0},
				{"appName": "KB스타뱅킹", "usage": 0},
				{"appName": "Google", "usage": 0},
				{"appName": "KB스마트원 통합인증", "usage": 0},
				{"appName": "이미지 사이즈", "usage": 0},
				{"appName": "KAIST Library", "usage": 0},
				{"appName": "Netflix", "usage": 0},
				{"appName": "Discord", "usage": 0},
				{"appName": "파일", "usage": 0},
				{"appName": "빅스비 홈", "usage": 0}
			]
		},
		"pickups": {"usage": 252},
		"downTime": {
			"usage": [
				{"hour": "0", "usage": 2},
				{"hour": "2", "usage": 0},
				{"hour": "3", "usage": 14},
				{"hour": "4", "usage": 37},
				{"hour": "5", "usage": 56},
				{"hour": "6", "usage": 27},
				{"hour": "7", "usage": 1},
				{"hour": "8", "usage": 7},
				{"hour": "9", "usage": 15},
				{"hour": "10", "usage": 14},
				{"hour": "11", "usage": 0},
				{"hour": "12", "usage": 32},
				{"hour": "13", "usage": 19},
				{"hour": "14", "usage": 40},
				{"hour": "15", "usage": 34},
				{"hour": "16", "usage": 15},
				{"hour": "17", "usage": 0},
				{"hour": "18", "usage": 35},
				{"hour": "19", "usage": 17},
				{"hour": "22", "usage": 5},
				{"hour": "23", "usage": 13}
			],
			"details": [
				{"appName": "카카오톡", "usage": [3, 4, 5, 6, 7, 8, 9, 10, 11, 12, 13, 14, 15, 16, 17, 18, 19, 22, 23]},
				{"appName": "One UI 홈", "usage": [0, 3, 4, 5, 6, 7, 8, 9, 10, 11, 12, 13, 14, 15, 16, 18, 19, 22, 23]},
				{"appName": "삼성 인터넷", "usage": [4, 5, 6, 8, 9, 10, 12, 13, 14, 15, 18, 19, 23]},
				{"appName": "Facebook", "usage": [3, 6, 7, 8, 9, 10, 12, 13, 14, 15, 16, 23]},
				{"appName": "카메라", "usage": [3, 4, 5, 6, 9, 10, 12, 13, 15, 16]},
				{"appName": "Instagram", "usage": [3, 4, 8, 9, 10, 12, 14, 15, 19, 23]},
				{"appName": "Paco", "usage": [4, 5, 6, 7, 8, 9, 11, 12]},
				{"appName": "갤러리", "usage": [4, 5, 8, 9, 10, 14, 16]},
				{"appName": "FLO", "usage": [4, 5, 6, 16, 17, 18, 23]},
				{"appName": "패키지 설치 프로그램", "usage": [3, 10, 12, 15, 18, 23]},
				{"appName": "캘린더", "usage": [8, 9, 12, 14, 15, 18]},
				{"appName": "고속버스 모바일", "usage": [0, 2, 3, 4, 6, 18]},
				{"appName": "카카오맵", "usage": [3, 4, 5, 8, 9]},
				{"appName": "에브리타임", "usage": [4, 8, 13, 14, 18]},
				{"appName": "시계", "usage": [0, 16, 18, 22, 23]},
				{"appName": "설정", "usage": [3, 12, 15, 18, 23]},
				{"appName": "Polar Beat", "usage": [3, 4, 9, 14, 23]},
				{"appName": "Google Play 스토어", "usage": [10, 14, 15, 18]},
				{"appName": "접근성", "usage": [3, 12, 23]},
				{"appName": "원터치개인", "usage": [3, 6, 18]},
				{"appName": "안드로이드 시스템", "usage": [9, 10, 15]},
				{"appName": "Logger", "usage": [3, 12, 23]},
				{"appName": "한컴오피스 viewer", "usage": [16, 18]},
				{"appName": "스냅스", "usage": [18, 19]},
				{"appName": "배경화면", "usage": [9, 10]},
				{"appName": "T전화", "usage": [6, 9]},
				{"appName": "Samsung Notes", "usage": [8, 9]},
				{"appName": "SNOW", "usage": [12, 14]},
				{"appName": "KLMS", "usage": [18, 23]},
				{"appName": "KAIST Portal", "usage": [13, 23]},
				{"appName": "Dropsync", "usage": [5, 9]},
				{"appName": "화해", "usage": [8]},
				{"appName": "파일", "usage": [15]},
				{"appName": "코레일톡", "usage": [3]},
				{"appName": "이미지 사이즈", "usage": [9]},
				{"appName": "원터치알림", "usage": [6]},
				{"appName": "오늘하루", "usage": [18]},
				{"appName": "야놀자", "usage": [10]},
				{"appName": "빅스비 홈", "usage": [10]},
				{"appName": "빅스비 보이스", "usage": [4]},
				{"appName": "날씨", "usage": [10]},
				{"appName": "The Day Before", "usage": [15]},
				{"appName": "Netflix", "usage": [10]},
				{"appName": "KB스타뱅킹", "usage": [6]},
				{"appName": "KB스마트원 통합인증", "usage": [6]},
				{"appName": "KAIST Library", "usage": [23]},
				{"appName": "Google", "usage": [15]},
				{"appName": "Discord", "usage": [16]},
				{"appName": "", "usage": [15]}
			]
		},
		"maxTime": {
			"usage": 53,
			"details": [
				{"appName": "삼성 인터넷", "usage": 11},
				{"appName": "카카오톡", "usage": 9},
				{"appName": "스냅스", "usage": 7},
				{"appName": "한컴오피스 viewer", "usage": 7},
				{"appName": "시계", "usage": 4},
				{"appName": "카메라", "usage": 2},
				{"appName": "Facebook", "usage": 2},
				{"appName": "고속버스 모바일", "usage": 2},
				{"appName": "Instagram", "usage": 2},
				{"appName": "카카오맵", "usage": 1},
				{"appName": "FLO", "usage": 0},
				{"appName": "Google Play 스토어", "usage": 0},
				{"appName": "KAIST Portal", "usage": 0},
				{"appName": "Paco", "usage": 0},
				{"appName": "코레일톡", "usage": 0},
				{"appName": "KLMS", "usage": 0},
				{"appName": "갤러리", "usage": 0},
				{"appName": "캘린더", "usage": 0},
				{"appName": "Polar Beat", "usage": 0},
				{"appName": "에브리타임", "usage": 0},
				{"appName": "Samsung Notes", "usage": 0},
				{"appName": "원터치개인", "usage": 0},
				{"appName": "One UI 홈", "usage": 0},
				{"appName": "", "usage": 0},
				{"appName": "야놀자", "usage": 0},
				{"appName": "SNOW", "usage": 0},
				{"appName": "빅스비 보이스", "usage": 0},
				{"appName": "배경화면", "usage": 0},
				{"appName": "The Day Before", "usage": 0},
				{"appName": "오늘하루", "usage": 0},
				{"appName": "설정", "usage": 0},
				{"appName": "원터치알림", "usage": 0},
				{"appName": "날씨", "usage": 0},
				{"appName": "Dropsync", "usage": 0},
				{"appName": "T전화", "usage": 0},
				{"appName": "패키지 설치 프로그램", "usage": 0},
				{"appName": "안드로이드 시스템", "usage": 0},
				{"appName": "KB스타뱅킹", "usage": 0},
				{"appName": "Google", "usage": 0},
				{"appName": "화해", "usage": 0},
				{"appName": "Logger", "usage": 0},
				{"appName": "이미지 사이즈", "usage": 0},
				{"appName": "접근성", "usage": 0},
				{"appName": "KAIST Library", "usage": 0},
				{"appName": "Netflix", "usage": 0},
				{"appName": "KB스마트원 통합인증", "usage": 0},
				{"appName": "Discord", "usage": 0},
				{"appName": "파일", "usage": 0},
				{"appName": "빅스비 홈", "usage": 0}
			]
		},
		"avgTime": {
			"usage": 1,
			"details": [
				{"appName": "한컴오피스 viewer", "usage": 3},
				{"appName": "삼성 인터넷", "usage": 0},
				{"appName": "Facebook", "usage": 0},
				{"appName": "카메라", "usage": 0},
				{"appName": "스냅스", "usage": 0},
				{"appName": "카카오맵", "usage": 0},
				{"appName": "Instagram", "usage": 0},
				{"appName": "코레일톡", "usage": 0},
				{"appName": "시계", "usage": 0},
				{"appName": "SNOW", "usage": 0},
				{"appName": "카카오톡", "usage": 0},
				{"appName": "갤러리", "usage": 0},
				{"appName": "KAIST Portal", "usage": 0},
				{"appName": "Samsung Notes", "usage": 0},
				{"appName": "배경화면", "usage": 0},
				{"appName": "고속버스 모바일", "usage": 0},
				{"appName": "Google Play 스토어", "usage": 0},
				{"appName": "Polar Beat", "usage": 0},
				{"appName": "KLMS", "usage": 0},
				{"appName": "", "usage": 0},
				{"appName": "에브리타임", "usage": 0},
				{"appName": "캘린더", "usage": 0},
				{"appName": "Paco", "usage": 0},
				{"appName": "야놀자", "usage": 0},
				{"appName": "Dropsync", "usage": 0},
				{"appName": "빅스비 보이스", "usage": 0},
				{"appName": "원터치알림", "usage": 0},
				{"appName": "오늘하루", "usage": 0},
				{"appName": "FLO", "usage": 0},
				{"appName": "날씨", "usage": 0},
				{"appName": "원터치개인", "usage": 0},
				{"appName": "The Day Before", "usage": 0},
				{"appName": "설정", "usage": 0},
				{"appName": "Google", "usage": 0},
				{"appName": "KB스타뱅킹", "usage": 0},
				{"appName": "T전화", "usage": 0},
				{"appName": "One UI 홈", "usage": 0},
				{"appName": "안드로이드 시스템", "usage": 0},
				{"appName": "화해", "usage": 0},
				{"appName": "패키지 설치 프로그램", "usage": 0},
				{"appName": "이미지 사이즈", "usage": 0},
				{"appName": "KAIST Library", "usage": 0},
				{"appName": "Netflix", "usage": 0},
				{"appName": "접근성", "usage": 0},
				{"appName": "Logger", "usage": 0},
				{"appName": "Discord", "usage": 0},
				{"appName": "파일", "usage": 0},
				{"appName": "KB스마트원 통합인증", "usage": 0},
				{"appName": "빅스비 홈", "usage": 0}
			]
		},
		"lastPickup": {"time": 0}
	},
	{
		"date": 5,
		"totalTime": {
			"usage": 463,
			"details": [
				{"appName": "카카오톡", "usage": 240},
				{"appName": "삼성 인터넷", "usage": 37},
				{"appName": "Facebook", "usage": 30},
				{"appName": "One UI 홈", "usage": 22},
				{"appName": "T전화", "usage": 18},
				{"appName": "FLO", "usage": 8},
				{"appName": "카카오맵", "usage": 6},
				{"appName": "Instagram", "usage": 6},
				{"appName": "캘린더", "usage": 6},
				{"appName": "SNOW", "usage": 6},
				{"appName": "에브리타임", "usage": 5},
				{"appName": "한컴오피스 viewer", "usage": 5},
				{"appName": "NAVER", "usage": 5},
				{"appName": "카메라", "usage": 5},
				{"appName": "KAIST Library", "usage": 4},
				{"appName": "갤러리", "usage": 4},
				{"appName": "어드벤처", "usage": 3},
				{"appName": "KLMS", "usage": 2},
				{"appName": "스냅스", "usage": 2},
				{"appName": "Paco", "usage": 2},
				{"appName": "Microsoft Health", "usage": 2},
				{"appName": "KAIST Portal", "usage": 1},
				{"appName": "배달의민족", "usage": 1},
				{"appName": "이메일", "usage": 1},
				{"appName": "계산기", "usage": 1},
				{"appName": "메시지", "usage": 1},
				{"appName": "비디오 플레이어", "usage": 1},
				{"appName": "Google Play 스토어", "usage": 1},
				{"appName": "원터치알림", "usage": 1},
				{"appName": "PowerPoint", "usage": 1},
				{"appName": "설정", "usage": 0},
				{"appName": "지그재그", "usage": 0},
				{"appName": "쿠팡", "usage": 0},
				{"appName": "네이버 사전", "usage": 0},
				{"appName": "Samsung Notes", "usage": 0},
				{"appName": "PASS", "usage": 0},
				{"appName": "원터치개인", "usage": 0},
				{"appName": "Polar Beat", "usage": 0},
				{"appName": "T world", "usage": 0},
				{"appName": "Google Play 서비스", "usage": 0},
				{"appName": "패키지 설치 프로그램", "usage": 0},
				{"appName": "밥대생", "usage": 0},
				{"appName": "파인더", "usage": 0},
				{"appName": "Samsung Pay", "usage": 0},
				{"appName": "안드로이드 시스템", "usage": 0},
				{"appName": "빅스비 보이스", "usage": 0},
				{"appName": "내 파일", "usage": 0},
				{"appName": "Messenger", "usage": 0},
				{"appName": "KB스마트원 통합인증", "usage": 0},
				{"appName": "Dropsync", "usage": 0},
				{"appName": "Logger", "usage": 0},
				{"appName": "KB스타뱅킹", "usage": 0},
				{"appName": "시계", "usage": 0},
				{"appName": "디바이스 케어", "usage": 0},
				{"appName": "ISP/페이북", "usage": 0},
				{"appName": "Microsoft Band", "usage": 0},
				{"appName": "카카오뱅크", "usage": 0},
				{"appName": "배경화면", "usage": 0},
				{"appName": "날씨", "usage": 0},
				{"appName": "내 캘린더", "usage": 0},
				{"appName": "리마인더", "usage": 0},
				{"appName": "삼성 키보드", "usage": 0},
				{"appName": "The Day Before", "usage": 0},
				{"appName": "접근성", "usage": 0},
				{"appName": "Netflix", "usage": 0},
				{"appName": "빅스비 홈", "usage": 0},
				{"appName": "CJ대한통운 택배", "usage": 0}
			]
		},
		"pickups": {"usage": 279},
		"downTime": {
			"usage": [
				{"hour": "0", "usage": 16},
				{"hour": "1", "usage": 30},
				{"hour": "2", "usage": 30},
				{"hour": "3", "usage": 22},
				{"hour": "4", "usage": 3},
				{"hour": "5", "usage": 19},
				{"hour": "6", "usage": 21},
				{"hour": "7", "usage": 13},
				{"hour": "8", "usage": 26},
				{"hour": "9", "usage": 0},
				{"hour": "10", "usage": 1},
				{"hour": "11", "usage": 21},
				{"hour": "12", "usage": 25},
				{"hour": "13", "usage": 22},
				{"hour": "14", "usage": 23},
				{"hour": "15", "usage": 29},
				{"hour": "16", "usage": 49},
				{"hour": "17", "usage": 29},
				{"hour": "18", "usage": 57},
				{"hour": "19", "usage": 19},
				{"hour": "22", "usage": 0},
				{"hour": "23", "usage": 0}
			],
			"details": [
				{"appName": "카카오톡", "usage": [0, 1, 2, 3, 4, 5, 6, 7, 8, 10, 11, 12, 13, 14, 15, 16, 17, 18, 19, 22, 23]},
				{"appName": "One UI 홈", "usage": [0, 1, 2, 3, 4, 5, 6, 7, 8, 11, 12, 13, 14, 15, 16, 17, 18, 19, 23]},
				{"appName": "Facebook", "usage": [0, 1, 2, 3, 5, 6, 8, 9, 10, 11, 12, 13, 14, 15, 16, 17]},
				{"appName": "삼성 인터넷", "usage": [0, 1, 2, 3, 5, 12, 13, 14, 15, 16, 17, 18]},
				{"appName": "캘린더", "usage": [0, 1, 2, 3, 12, 15, 16, 18, 19, 22, 23]},
				{"appName": "Instagram", "usage": [1, 2, 3, 5, 11, 12, 13, 15, 16, 17]},
				{"appName": "카메라", "usage": [2, 3, 5, 6, 11, 13, 16, 17]},
				{"appName": "에브리타임", "usage": [1, 2, 12, 13, 14, 15, 18]},
				{"appName": "설정", "usage": [1, 6, 7, 11, 12, 17]},
				{"appName": "빅스비 보이스", "usage": [1, 2, 11, 14, 18, 19]},
				{"appName": "Paco", "usage": [0, 1, 2, 3, 5, 7]},
				{"appName": "갤러리", "usage": [2, 4, 14, 16, 19]},
				{"appName": "패키지 설치 프로그램", "usage": [1, 6, 7, 12]},
				{"appName": "파인더", "usage": [0, 2, 12, 14]},
				{"appName": "카카오맵", "usage": [13, 14, 15, 16]},
				{"appName": "메시지", "usage": [6, 11, 12, 18]},
				{"appName": "SNOW", "usage": [7, 14, 15, 16]},
				{"appName": "KAIST Library", "usage": [3, 11, 12, 16]},
				{"appName": "Google Play 스토어", "usage": [1, 7, 11, 12]},
				{"appName": "FLO", "usage": [0, 6, 7, 11]},
				{"appName": "원터치알림", "usage": [2, 3, 4]},
				{"appName": "안드로이드 시스템", "usage": [2, 11, 16]},
				{"appName": "T전화", "usage": [7, 8, 12]},
				{"appName": "Polar Beat", "usage": [1, 3, 7]},
				{"appName": "Microsoft Health", "usage": [2, 12, 13]},
				{"appName": "Messenger", "usage": [2, 10, 14]},
				{"appName": "KLMS", "usage": [1, 2, 3]},
				{"appName": "KAIST Portal", "usage": [0, 3, 18]},
				{"appName": "Google Play 서비스", "usage": [7, 11, 12]},
				{"appName": "어드벤처", "usage": [1, 2]},
				{"appName": "시계", "usage": [19, 23]},
				{"appName": "비디오 플레이어", "usage": [2, 6]},
				{"appName": "배달의민족", "usage": [12, 13]},
				{"appName": "네이버 사전", "usage": [15, 16]},
				{"appName": "Samsung Pay", "usage": [1, 14]},
				{"appName": "Microsoft Band", "usage": [7, 12]},
				{"appName": "Logger", "usage": [6, 7]},
				{"appName": "Dropsync", "usage": [1, 3]},
				{"appName": "한컴오피스 viewer", "usage": [0]},
				{"appName": "쿠팡", "usage": [1]},
				{"appName": "카카오뱅크", "usage": [2]},
				{"appName": "지그재그", "usage": [17]},
				{"appName": "접근성", "usage": [6]},
				{"appName": "이메일", "usage": [2]},
				{"appName": "원터치개인", "usage": [2]},
				{"appName": "스냅스", "usage": [19]},
				{"appName": "삼성 키보드", "usage": [6]},
				{"appName": "빅스비 홈", "usage": [11]},
				{"appName": "배경화면", "usage": [16]},
				{"appName": "밥대생", "usage": [7]},
				{"appName": "리마인더", "usage": [2]},
				{"appName": "디바이스 케어", "usage": [13]},
				{"appName": "내 파일", "usage": [12]},
				{"appName": "내 캘린더", "usage": [17]},
				{"appName": "날씨", "usage": [11]},
				{"appName": "계산기", "usage": [0]},
				{"appName": "The Day Before", "usage": [6]},
				{"appName": "T world", "usage": [2]},
				{"appName": "Samsung Notes", "usage": [17]},
				{"appName": "PowerPoint", "usage": [3]},
				{"appName": "PASS", "usage": [1]},
				{"appName": "Netflix", "usage": [17]},
				{"appName": "NAVER", "usage": [14]},
				{"appName": "KB스타뱅킹", "usage": [2]},
				{"appName": "KB스마트원 통합인증", "usage": [2]},
				{"appName": "ISP/페이북", "usage": [1]},
				{"appName": "CJ대한통운 택배", "usage": [6]}
			]
		},
		"maxTime": {
			"usage": 68,
			"details": [
				{"appName": "T전화", "usage": 14},
				{"appName": "Facebook", "usage": 9},
				{"appName": "카카오톡", "usage": 9},
				{"appName": "FLO", "usage": 6},
				{"appName": "One UI 홈", "usage": 5},
				{"appName": "삼성 인터넷", "usage": 5},
				{"appName": "카카오맵", "usage": 3},
				{"appName": "에브리타임", "usage": 3},
				{"appName": "한컴오피스 viewer", "usage": 3},
				{"appName": "SNOW", "usage": 2},
				{"appName": "KAIST Library", "usage": 2},
				{"appName": "카메라", "usage": 2},
				{"appName": "계산기", "usage": 1},
				{"appName": "Instagram", "usage": 1},
				{"appName": "Microsoft Health", "usage": 1},
				{"appName": "어드벤처", "usage": 1},
				{"appName": "캘린더", "usage": 0},
				{"appName": "비디오 플레이어", "usage": 0},
				{"appName": "NAVER", "usage": 0},
				{"appName": "배달의민족", "usage": 0},
				{"appName": "원터치알림", "usage": 0},
				{"appName": "스냅스", "usage": 0},
				{"appName": "메시지", "usage": 0},
				{"appName": "갤러리", "usage": 0},
				{"appName": "Samsung Notes", "usage": 0},
				{"appName": "이메일", "usage": 0},
				{"appName": "KAIST Portal", "usage": 0},
				{"appName": "PowerPoint", "usage": 0},
				{"appName": "KLMS", "usage": 0},
				{"appName": "네이버 사전", "usage": 0},
				{"appName": "T world", "usage": 0},
				{"appName": "지그재그", "usage": 0},
				{"appName": "Paco", "usage": 0},
				{"appName": "설정", "usage": 0},
				{"appName": "패키지 설치 프로그램", "usage": 0},
				{"appName": "쿠팡", "usage": 0},
				{"appName": "Google Play 스토어", "usage": 0},
				{"appName": "KB스마트원 통합인증", "usage": 0},
				{"appName": "내 파일", "usage": 0},
				{"appName": "Messenger", "usage": 0},
				{"appName": "Polar Beat", "usage": 0},
				{"appName": "PASS", "usage": 0},
				{"appName": "원터치개인", "usage": 0},
				{"appName": "Dropsync", "usage": 0},
				{"appName": "밥대생", "usage": 0},
				{"appName": "파인더", "usage": 0},
				{"appName": "Samsung Pay", "usage": 0},
				{"appName": "디바이스 케어", "usage": 0},
				{"appName": "Google Play 서비스", "usage": 0},
				{"appName": "안드로이드 시스템", "usage": 0},
				{"appName": "KB스타뱅킹", "usage": 0},
				{"appName": "Logger", "usage": 0},
				{"appName": "배경화면", "usage": 0},
				{"appName": "시계", "usage": 0},
				{"appName": "빅스비 보이스", "usage": 0},
				{"appName": "ISP/페이북", "usage": 0},
				{"appName": "날씨", "usage": 0},
				{"appName": "내 캘린더", "usage": 0},
				{"appName": "카카오뱅크", "usage": 0},
				{"appName": "리마인더", "usage": 0},
				{"appName": "삼성 키보드", "usage": 0},
				{"appName": "Microsoft Band", "usage": 0},
				{"appName": "접근성", "usage": 0},
				{"appName": "Netflix", "usage": 0},
				{"appName": "The Day Before", "usage": 0},
				{"appName": "빅스비 홈", "usage": 0},
				{"appName": "CJ대한통운 택배", "usage": 0}
			]
		},
		"avgTime": {
			"usage": 1,
			"details": [
				{"appName": "한컴오피스 viewer", "usage": 1},
				{"appName": "T전화", "usage": 1},
				{"appName": "계산기", "usage": 1},
				{"appName": "카카오맵", "usage": 0},
				{"appName": "SNOW", "usage": 0},
				{"appName": "삼성 인터넷", "usage": 0},
				{"appName": "Facebook", "usage": 0},
				{"appName": "카메라", "usage": 0},
				{"appName": "비디오 플레이어", "usage": 0},
				{"appName": "Samsung Notes", "usage": 0},
				{"appName": "KAIST Library", "usage": 0},
				{"appName": "Microsoft Health", "usage": 0},
				{"appName": "PowerPoint", "usage": 0},
				{"appName": "에브리타임", "usage": 0},
				{"appName": "카카오톡", "usage": 0},
				{"appName": "T world", "usage": 0},
				{"appName": "NAVER", "usage": 0},
				{"appName": "FLO", "usage": 0},
				{"appName": "어드벤처", "usage": 0},
				{"appName": "네이버 사전", "usage": 0},
				{"appName": "KAIST Portal", "usage": 0},
				{"appName": "메시지", "usage": 0},
				{"appName": "Instagram", "usage": 0},
				{"appName": "갤러리", "usage": 0},
				{"appName": "이메일", "usage": 0},
				{"appName": "캘린더", "usage": 0},
				{"appName": "원터치알림", "usage": 0},
				{"appName": "지그재그", "usage": 0},
				{"appName": "스냅스", "usage": 0},
				{"appName": "내 파일", "usage": 0},
				{"appName": "배달의민족", "usage": 0},
				{"appName": "KLMS", "usage": 0},
				{"appName": "Dropsync", "usage": 0},
				{"appName": "배경화면", "usage": 0},
				{"appName": "Paco", "usage": 0},
				{"appName": "Samsung Pay", "usage": 0},
				{"appName": "KB스타뱅킹", "usage": 0},
				{"appName": "밥대생", "usage": 0},
				{"appName": "디바이스 케어", "usage": 0},
				{"appName": "쿠팡", "usage": 0},
				{"appName": "파인더", "usage": 0},
				{"appName": "설정", "usage": 0},
				{"appName": "One UI 홈", "usage": 0},
				{"appName": "안드로이드 시스템", "usage": 0},
				{"appName": "Google Play 스토어", "usage": 0},
				{"appName": "PASS", "usage": 0},
				{"appName": "리마인더", "usage": 0},
				{"appName": "원터치개인", "usage": 0},
				{"appName": "Messenger", "usage": 0},
				{"appName": "Polar Beat", "usage": 0},
				{"appName": "시계", "usage": 0},
				{"appName": "패키지 설치 프로그램", "usage": 0},
				{"appName": "ISP/페이북", "usage": 0},
				{"appName": "Logger", "usage": 0},
				{"appName": "Google Play 서비스", "usage": 0},
				{"appName": "내 캘린더", "usage": 0},
				{"appName": "날씨", "usage": 0},
				{"appName": "빅스비 보이스", "usage": 0},
				{"appName": "접근성", "usage": 0},
				{"appName": "Microsoft Band", "usage": 0},
				{"appName": "카카오뱅크", "usage": 0},
				{"appName": "삼성 키보드", "usage": 0},
				{"appName": "Netflix", "usage": 0},
				{"appName": "KB스마트원 통합인증", "usage": 0},
				{"appName": "The Day Before", "usage": 0},
				{"appName": "빅스비 홈", "usage": 0},
				{"appName": "CJ대한통운 택배", "usage": 0}
			]
		},
		"lastPickup": {"time": 0}
	},
	{
		"date": 6,
		"totalTime": {
			"usage": 455,
			"details": [
				{"appName": "카카오톡", "usage": 247},
				{"appName": "삼성 인터넷", "usage": 36},
				{"appName": "Facebook", "usage": 29},
				{"appName": "One UI 홈", "usage": 16},
				{"appName": "갤러리", "usage": 14},
				{"appName": "T전화", "usage": 10},
				{"appName": "스냅스", "usage": 10},
				{"appName": "Instagram", "usage": 9},
				{"appName": "카카오맵", "usage": 6},
				{"appName": "에브리타임", "usage": 6},
				{"appName": "드라이브", "usage": 5},
				{"appName": "Microsoft Health", "usage": 5},
				{"appName": "KAIST Portal", "usage": 4},
				{"appName": "캘린더", "usage": 3},
				{"appName": "FLO", "usage": 3},
				{"appName": "한컴오피스 viewer", "usage": 2},
				{"appName": "Paco", "usage": 2},
				{"appName": "원터치개인", "usage": 2},
				{"appName": "YouTube", "usage": 2},
				{"appName": "고속버스 모바일", "usage": 2},
				{"appName": "T멤버십", "usage": 1},
				{"appName": "PowerPoint", "usage": 1},
				{"appName": "시계", "usage": 1},
				{"appName": "Polar Beat", "usage": 1},
				{"appName": "카메라", "usage": 1},
				{"appName": "이메일", "usage": 0},
				{"appName": "밥대생", "usage": 0},
				{"appName": "파인더", "usage": 0},
				{"appName": "메시지", "usage": 0},
				{"appName": "내 파일", "usage": 0},
				{"appName": "네이버 사전", "usage": 0},
				{"appName": "계산기", "usage": 0},
				{"appName": "지그재그", "usage": 0},
				{"appName": "비디오 플레이어", "usage": 0},
				{"appName": "KLMS", "usage": 0},
				{"appName": "Google Play 스토어", "usage": 0},
				{"appName": "Foodie", "usage": 0},
				{"appName": "안드로이드 시스템", "usage": 0},
				{"appName": "원터치알림", "usage": 0},
				{"appName": "SNOW", "usage": 0},
				{"appName": "쿠팡", "usage": 0},
				{"appName": "Dropsync", "usage": 0},
				{"appName": "포토 에디터", "usage": 0},
				{"appName": "설정", "usage": 0},
				{"appName": "Samsung ApexService", "usage": 0},
				{"appName": "Logger", "usage": 0},
				{"appName": "Samsung Notes", "usage": 0},
				{"appName": "접근성", "usage": 0},
				{"appName": "패키지 설치 프로그램", "usage": 0},
				{"appName": "Canva", "usage": 0},
				{"appName": "빅스비 보이스", "usage": 0},
				{"appName": "내 캘린더", "usage": 0},
				{"appName": "미세미세", "usage": 0},
				{"appName": "연락처", "usage": 0}
			]
		},
		"pickups": {"usage": 284},
		"downTime": {
			"usage": [
				{"hour": "0", "usage": 9},
				{"hour": "1", "usage": 27},
				{"hour": "2", "usage": 17},
				{"hour": "3", "usage": 33},
				{"hour": "4", "usage": 7},
				{"hour": "5", "usage": 24},
				{"hour": "6", "usage": 18},
				{"hour": "7", "usage": 45},
				{"hour": "8", "usage": 25},
				{"hour": "9", "usage": 7},
				{"hour": "10", "usage": 22},
				{"hour": "11", "usage": 10},
				{"hour": "12", "usage": 46},
				{"hour": "13", "usage": 27},
				{"hour": "14", "usage": 32},
				{"hour": "15", "usage": 28},
				{"hour": "16", "usage": 55},
				{"hour": "17", "usage": 15}
			],
			"details": [
				{"appName": "카카오톡", "usage": [0, 1, 2, 3, 4, 5, 6, 7, 8, 9, 10, 11, 12, 13, 14, 15, 16, 17]},
				{"appName": "One UI 홈", "usage": [0, 1, 2, 3, 4, 5, 6, 7, 8, 9, 10, 11, 12, 13, 14, 15, 16, 17]},
				{"appName": "Facebook", "usage": [0, 1, 2, 3, 4, 5, 7, 8, 10, 11, 12, 14, 16]},
				{"appName": "삼성 인터넷", "usage": [1, 2, 3, 5, 6, 7, 8, 12, 14, 15, 16]},
				{"appName": "Paco", "usage": [1, 2, 3, 4, 5, 6, 7, 8, 9, 10, 12]},
				{"appName": "카메라", "usage": [2, 4, 5, 6, 9, 10, 13, 14, 15, 16]},
				{"appName": "캘린더", "usage": [2, 5, 6, 7, 8, 10, 12, 14, 16]},
				{"appName": "에브리타임", "usage": [2, 5, 6, 7, 8, 10, 12, 15, 16]},
				{"appName": "갤러리", "usage": [4, 5, 7, 8, 12, 14, 15, 16]},
				{"appName": "Instagram", "usage": [2, 3, 4, 8, 12, 14, 17]},
				{"appName": "Polar Beat", "usage": [1, 2, 4, 7, 10, 15]},
				{"appName": "시계", "usage": [0, 1, 3, 7, 16]},
				{"appName": "패키지 설치 프로그램", "usage": [1, 2, 7, 12]},
				{"appName": "카카오맵", "usage": [4, 7, 8, 12]},
				{"appName": "원터치알림", "usage": [2, 7, 8, 9]},
				{"appName": "설정", "usage": [1, 7, 12, 15]},
				{"appName": "메시지", "usage": [3, 4, 6, 12]},
				{"appName": "파인더", "usage": [5, 6, 7]},
				{"appName": "접근성", "usage": [1, 7, 12]},
				{"appName": "이메일", "usage": [1, 6, 7]},
				{"appName": "원터치개인", "usage": [6, 9, 15]},
				{"appName": "안드로이드 시스템", "usage": [6, 7, 15]},
				{"appName": "드라이브", "usage": [5, 7, 16]},
				{"appName": "내 파일", "usage": [5, 10, 15]},
				{"appName": "Microsoft Health", "usage": [0, 1, 7]},
				{"appName": "Logger", "usage": [1, 7, 12]},
				{"appName": "KAIST Portal", "usage": [5, 6, 7]},
				{"appName": "FLO", "usage": [12, 13, 15]},
				{"appName": "스냅스", "usage": [6, 14]},
				{"appName": "비디오 플레이어", "usage": [4, 5]},
				{"appName": "밥대생", "usage": [1, 2]},
				{"appName": "고속버스 모바일", "usage": [7, 12]},
				{"appName": "T전화", "usage": [6, 11]},
				{"appName": "SNOW", "usage": [2, 5]},
				{"appName": "KLMS", "usage": [7, 14]},
				{"appName": "Google Play 스토어", "usage": [7, 8]},
				{"appName": "한컴오피스 viewer", "usage": [5]},
				{"appName": "포토 에디터", "usage": [16]},
				{"appName": "쿠팡", "usage": [12]},
				{"appName": "지그재그", "usage": [14]},
				{"appName": "연락처", "usage": [7]},
				{"appName": "빅스비 보이스", "usage": [3]},
				{"appName": "미세미세", "usage": [12]},
				{"appName": "네이버 사전", "usage": [5]},
				{"appName": "내 캘린더", "usage": [12]},
				{"appName": "계산기", "usage": [7]},
				{"appName": "YouTube", "usage": [3]},
				{"appName": "T멤버십", "usage": [9]},
				{"appName": "Samsung Notes", "usage": [8]},
				{"appName": "Samsung ApexService", "usage": [14]},
				{"appName": "PowerPoint", "usage": [1]},
				{"appName": "Foodie", "usage": [2]},
				{"appName": "Dropsync", "usage": [7]},
				{"appName": "Canva", "usage": [10]}
			]
		},
		"maxTime": {
			"usage": 33,
			"details": [
				{"appName": "카카오톡", "usage": 11},
				{"appName": "삼성 인터넷", "usage": 10},
				{"appName": "스냅스", "usage": 7},
				{"appName": "T전화", "usage": 7},
				{"appName": "Instagram", "usage": 6},
				{"appName": "갤러리", "usage": 6},
				{"appName": "드라이브", "usage": 4},
				{"appName": "Microsoft Health", "usage": 4},
				{"appName": "Facebook", "usage": 3},
				{"appName": "KAIST Portal", "usage": 3},
				{"appName": "FLO", "usage": 2},
				{"appName": "에브리타임", "usage": 2},
				{"appName": "한컴오피스 viewer", "usage": 2},
				{"appName": "YouTube", "usage": 2},
				{"appName": "카카오맵", "usage": 1},
				{"appName": "T멤버십", "usage": 1},
				{"appName": "원터치개인", "usage": 1},
				{"appName": "One UI 홈", "usage": 1},
				{"appName": "고속버스 모바일", "usage": 0},
				{"appName": "PowerPoint", "usage": 0},
				{"appName": "계산기", "usage": 0},
				{"appName": "캘린더", "usage": 0},
				{"appName": "Foodie", "usage": 0},
				{"appName": "메시지", "usage": 0},
				{"appName": "네이버 사전", "usage": 0},
				{"appName": "카메라", "usage": 0},
				{"appName": "이메일", "usage": 0},
				{"appName": "밥대생", "usage": 0},
				{"appName": "Paco", "usage": 0},
				{"appName": "내 파일", "usage": 0},
				{"appName": "지그재그", "usage": 0},
				{"appName": "Polar Beat", "usage": 0},
				{"appName": "쿠팡", "usage": 0},
				{"appName": "SNOW", "usage": 0},
				{"appName": "Google Play 스토어", "usage": 0},
				{"appName": "Dropsync", "usage": 0},
				{"appName": "파인더", "usage": 0},
				{"appName": "비디오 플레이어", "usage": 0},
				{"appName": "원터치알림", "usage": 0},
				{"appName": "포토 에디터", "usage": 0},
				{"appName": "시계", "usage": 0},
				{"appName": "KLMS", "usage": 0},
				{"appName": "안드로이드 시스템", "usage": 0},
				{"appName": "Samsung ApexService", "usage": 0},
				{"appName": "설정", "usage": 0},
				{"appName": "Canva", "usage": 0},
				{"appName": "Samsung Notes", "usage": 0},
				{"appName": "빅스비 보이스", "usage": 0},
				{"appName": "패키지 설치 프로그램", "usage": 0},
				{"appName": "Logger", "usage": 0},
				{"appName": "접근성", "usage": 0},
				{"appName": "미세미세", "usage": 0},
				{"appName": "내 캘린더", "usage": 0},
				{"appName": "연락처", "usage": 0}
			]
		},
		"avgTime": {
			"usage": 1,
			"details": [
				{"appName": "드라이브", "usage": 1},
				{"appName": "T전화", "usage": 1},
				{"appName": "YouTube", "usage": 1},
				{"appName": "Microsoft Health", "usage": 1},
				{"appName": "T멤버십", "usage": 0},
				{"appName": "삼성 인터넷", "usage": 0},
				{"appName": "Instagram", "usage": 0},
				{"appName": "Facebook", "usage": 0},
				{"appName": "KAIST Portal", "usage": 0},
				{"appName": "갤러리", "usage": 0},
				{"appName": "카카오맵", "usage": 0},
				{"appName": "한컴오피스 viewer", "usage": 0},
				{"appName": "계산기", "usage": 0},
				{"appName": "PowerPoint", "usage": 0},
				{"appName": "FLO", "usage": 0},
				{"appName": "Foodie", "usage": 0},
				{"appName": "스냅스", "usage": 0},
				{"appName": "카카오톡", "usage": 0},
				{"appName": "에브리타임", "usage": 0},
				{"appName": "SNOW", "usage": 0},
				{"appName": "메시지", "usage": 0},
				{"appName": "네이버 사전", "usage": 0},
				{"appName": "밥대생", "usage": 0},
				{"appName": "비디오 플레이어", "usage": 0},
				{"appName": "포토 에디터", "usage": 0},
				{"appName": "지그재그", "usage": 0},
				{"appName": "캘린더", "usage": 0},
				{"appName": "원터치개인", "usage": 0},
				{"appName": "고속버스 모바일", "usage": 0},
				{"appName": "쿠팡", "usage": 0},
				{"appName": "Dropsync", "usage": 0},
				{"appName": "파인더", "usage": 0},
				{"appName": "내 파일", "usage": 0},
				{"appName": "Google Play 스토어", "usage": 0},
				{"appName": "Paco", "usage": 0},
				{"appName": "Polar Beat", "usage": 0},
				{"appName": "이메일", "usage": 0},
				{"appName": "카메라", "usage": 0},
				{"appName": "Samsung ApexService", "usage": 0},
				{"appName": "원터치알림", "usage": 0},
				{"appName": "Samsung Notes", "usage": 0},
				{"appName": "안드로이드 시스템", "usage": 0},
				{"appName": "시계", "usage": 0},
				{"appName": "One UI 홈", "usage": 0},
				{"appName": "빅스비 보이스", "usage": 0},
				{"appName": "KLMS", "usage": 0},
				{"appName": "설정", "usage": 0},
				{"appName": "Canva", "usage": 0},
				{"appName": "접근성", "usage": 0},
				{"appName": "Logger", "usage": 0},
				{"appName": "미세미세", "usage": 0},
				{"appName": "패키지 설치 프로그램", "usage": 0},
				{"appName": "연락처", "usage": 0},
				{"appName": "내 캘린더", "usage": 0}
			]
		},
		"lastPickup": {"time": 29}
	},
	{
		"date": 7,
		"totalTime": {
			"usage": 392,
			"details": [
				{"appName": "카카오톡", "usage": 196},
				{"appName": "삼성 인터넷", "usage": 41},
				{"appName": "Facebook", "usage": 28},
				{"appName": "SNOW", "usage": 12},
				{"appName": "One UI 홈", "usage": 12},
				{"appName": "스냅스", "usage": 10},
				{"appName": "카카오맵", "usage": 8},
				{"appName": "계산기", "usage": 7},
				{"appName": "T전화", "usage": 6},
				{"appName": "옷잘남", "usage": 5},
				{"appName": "고속버스 모바일", "usage": 5},
				{"appName": "다이소 멤버십", "usage": 4},
				{"appName": "갤러리", "usage": 3},
				{"appName": "비디오 플레이어", "usage": 3},
				{"appName": "카메라", "usage": 3},
				{"appName": "빅스비 보이스", "usage": 3},
				{"appName": "메시지", "usage": 2},
				{"appName": "YouTube", "usage": 2},
				{"appName": "Instagram", "usage": 2},
				{"appName": "Paco", "usage": 2},
				{"appName": "캘린더", "usage": 1},
				{"appName": "Dropsync", "usage": 1},
				{"appName": "에브리타임", "usage": 1},
				{"appName": "시계", "usage": 0},
				{"appName": "Foodie", "usage": 0},
				{"appName": "어드벤처", "usage": 0},
				{"appName": "대전버스", "usage": 0},
				{"appName": "Polar Beat", "usage": 0},
				{"appName": "KB스타뱅킹", "usage": 0},
				{"appName": "설정", "usage": 0},
				{"appName": "Google Play 스토어", "usage": 0},
				{"appName": "KLMS", "usage": 0},
				{"appName": "원터치알림", "usage": 0},
				{"appName": "한컴오피스 viewer", "usage": 0},
				{"appName": "파인더", "usage": 0},
				{"appName": "KAIST GenChem", "usage": 0},
				{"appName": "CJ대한통운 택배", "usage": 0},
				{"appName": "드라이브", "usage": 0},
				{"appName": "원터치개인", "usage": 0},
				{"appName": "FLO", "usage": 0},
				{"appName": "내 파일", "usage": 0},
				{"appName": "토스", "usage": 0},
				{"appName": "PASS", "usage": 0},
				{"appName": "Samsung Notes", "usage": 0},
				{"appName": "Samsung Pass 자동 완성", "usage": 0},
				{"appName": "안드로이드 시스템", "usage": 0},
				{"appName": "KB스마트원 통합인증", "usage": 0},
				{"appName": "접근성", "usage": 0},
				{"appName": "패키지 설치 프로그램", "usage": 0},
				{"appName": "Logger", "usage": 0},
				{"appName": "CGV", "usage": 0},
				{"appName": "The Day Before", "usage": 0}
			]
		},
		"pickups": {"usage": 223},
		"downTime": {
			"usage": [
				{"hour": "2", "usage": 0},
				{"hour": "3", "usage": 33},
				{"hour": "4", "usage": 16},
				{"hour": "5", "usage": 21},
				{"hour": "6", "usage": 16},
				{"hour": "7", "usage": 15},
				{"hour": "8", "usage": 26},
				{"hour": "9", "usage": 42},
				{"hour": "10", "usage": 26},
				{"hour": "11", "usage": 14},
				{"hour": "12", "usage": 12},
				{"hour": "13", "usage": 8},
				{"hour": "14", "usage": 18},
				{"hour": "15", "usage": 31},
				{"hour": "16", "usage": 45},
				{"hour": "17", "usage": 54},
				{"hour": "18", "usage": 8},
				{"hour": "21", "usage": 0},
				{"hour": "22", "usage": 0},
				{"hour": "23", "usage": 0}
			],
			"details": [
				{"appName": "카카오톡", "usage": [2, 3, 4, 5, 6, 7, 8, 9, 10, 11, 12, 13, 14, 15, 16, 17, 18, 23]},
				{"appName": "One UI 홈", "usage": [2, 3, 4, 5, 6, 7, 8, 9, 10, 11, 12, 13, 14, 15, 16, 17, 18]},
				{"appName": "Facebook", "usage": [3, 4, 5, 6, 8, 9, 10, 11, 12, 13, 14, 15, 16, 17, 18]},
				{"appName": "삼성 인터넷", "usage": [3, 4, 5, 6, 7, 8, 14, 15, 16, 17]},
				{"appName": "갤러리", "usage": [4, 5, 6, 8, 9, 10, 13, 14, 15, 17]},
				{"appName": "카메라", "usage": [4, 5, 6, 8, 9, 11, 15, 17, 18]},
				{"appName": "파인더", "usage": [3, 4, 5, 7, 8, 11, 14, 15]},
				{"appName": "캘린더", "usage": [3, 4, 9, 12, 14, 17, 22, 23]},
				{"appName": "비디오 플레이어", "usage": [5, 6, 7, 8, 9, 10, 15, 17]},
				{"appName": "Instagram", "usage": [3, 6, 9, 10, 11, 12, 13, 16]},
				{"appName": "Paco", "usage": [6, 7, 8, 9, 10, 11, 12]},
				{"appName": "원터치알림", "usage": [5, 6, 9, 11, 14, 17]},
				{"appName": "SNOW", "usage": [4, 6, 8, 9, 10, 11]},
				{"appName": "Polar Beat", "usage": [4, 6, 8, 10, 12, 13]},
				{"appName": "카카오맵", "usage": [4, 5, 6, 15, 17]},
				{"appName": "한컴오피스 viewer", "usage": [3, 4, 5, 15]},
				{"appName": "패키지 설치 프로그램", "usage": [5, 6, 16, 17]},
				{"appName": "에브리타임", "usage": [4, 5, 15, 17]},
				{"appName": "시계", "usage": [2, 15, 18, 23]},
				{"appName": "설정", "usage": [6, 15, 16, 17]},
				{"appName": "내 파일", "usage": [3, 4, 5, 15]},
				{"appName": "Dropsync", "usage": [8, 9, 12, 13]},
				{"appName": "옷잘남", "usage": [10, 11, 12]},
				{"appName": "메시지", "usage": [3, 5, 15]},
				{"appName": "CJ대한통운 택배", "usage": [3, 4, 10]},
				{"appName": "접근성", "usage": [6, 16]},
				{"appName": "스냅스", "usage": [8, 9]},
				{"appName": "드라이브", "usage": [8, 14]},
				{"appName": "대전버스", "usage": [15, 17]},
				{"appName": "다이소 멤버십", "usage": [5, 6]},
				{"appName": "고속버스 모바일", "usage": [15, 17]},
				{"appName": "Logger", "usage": [6, 16]},
				{"appName": "Google Play 스토어", "usage": [5, 10]},
				{"appName": "Foodie", "usage": [4, 14]},
				{"appName": "FLO", "usage": [6, 15]},
				{"appName": "토스", "usage": [8]},
				{"appName": "원터치개인", "usage": [11]},
				{"appName": "어드벤처", "usage": [13]},
				{"appName": "안드로이드 시스템", "usage": [14]},
				{"appName": "빅스비 보이스", "usage": [4]},
				{"appName": "계산기", "usage": [7]},
				{"appName": "YouTube", "usage": [15]},
				{"appName": "T전화", "usage": [10]},
				{"appName": "The Day Before", "usage": [10]},
				{"appName": "Samsung Pass 자동 완성", "usage": [16]},
				{"appName": "Samsung Notes", "usage": [5]},
				{"appName": "PASS", "usage": [5]},
				{"appName": "KLMS", "usage": [8]},
				{"appName": "KB스타뱅킹", "usage": [5]},
				{"appName": "KB스마트원 통합인증", "usage": [5]},
				{"appName": "KAIST GenChem", "usage": [8]},
				{"appName": "CGV", "usage": [13]}
			]
		},
		"maxTime": {
			"usage": 46,
			"details": [
				{"appName": "삼성 인터넷", "usage": 13},
				{"appName": "카카오톡", "usage": 13},
				{"appName": "T전화", "usage": 6},
				{"appName": "계산기", "usage": 5},
				{"appName": "Facebook", "usage": 3},
				{"appName": "빅스비 보이스", "usage": 3},
				{"appName": "스냅스", "usage": 2},
				{"appName": "YouTube", "usage": 2},
				{"appName": "다이소 멤버십", "usage": 2},
				{"appName": "SNOW", "usage": 2},
				{"appName": "카카오맵", "usage": 2},
				{"appName": "카메라", "usage": 1},
				{"appName": "Dropsync", "usage": 1},
				{"appName": "옷잘남", "usage": 1},
				{"appName": "메시지", "usage": 1},
				{"appName": "갤러리", "usage": 0},
				{"appName": "고속버스 모바일", "usage": 0},
				{"appName": "Foodie", "usage": 0},
				{"appName": "Instagram", "usage": 0},
				{"appName": "어드벤처", "usage": 0},
				{"appName": "One UI 홈", "usage": 0},
				{"appName": "KB스타뱅킹", "usage": 0},
				{"appName": "캘린더", "usage": 0},
				{"appName": "드라이브", "usage": 0},
				{"appName": "비디오 플레이어", "usage": 0},
				{"appName": "에브리타임", "usage": 0},
				{"appName": "시계", "usage": 0},
				{"appName": "KAIST GenChem", "usage": 0},
				{"appName": "Google Play 스토어", "usage": 0},
				{"appName": "Polar Beat", "usage": 0},
				{"appName": "CJ대한통운 택배", "usage": 0},
				{"appName": "대전버스", "usage": 0},
				{"appName": "설정", "usage": 0},
				{"appName": "원터치개인", "usage": 0},
				{"appName": "KLMS", "usage": 0},
				{"appName": "Paco", "usage": 0},
				{"appName": "토스", "usage": 0},
				{"appName": "한컴오피스 viewer", "usage": 0},
				{"appName": "파인더", "usage": 0},
				{"appName": "원터치알림", "usage": 0},
				{"appName": "PASS", "usage": 0},
				{"appName": "내 파일", "usage": 0},
				{"appName": "Samsung Pass 자동 완성", "usage": 0},
				{"appName": "FLO", "usage": 0},
				{"appName": "Samsung Notes", "usage": 0},
				{"appName": "안드로이드 시스템", "usage": 0},
				{"appName": "패키지 설치 프로그램", "usage": 0},
				{"appName": "접근성", "usage": 0},
				{"appName": "KB스마트원 통합인증", "usage": 0},
				{"appName": "Logger", "usage": 0},
				{"appName": "CGV", "usage": 0},
				{"appName": "The Day Before", "usage": 0}
			]
		},
		"avgTime": {
			"usage": 1,
			"details": [
				{"appName": "계산기", "usage": 3},
				{"appName": "빅스비 보이스", "usage": 3},
				{"appName": "YouTube", "usage": 2},
				{"appName": "T전화", "usage": 1},
				{"appName": "삼성 인터넷", "usage": 1},
				{"appName": "카카오맵", "usage": 0},
				{"appName": "메시지", "usage": 0},
				{"appName": "SNOW", "usage": 0},
				{"appName": "Facebook", "usage": 0},
				{"appName": "Dropsync", "usage": 0},
				{"appName": "옷잘남", "usage": 0},
				{"appName": "Foodie", "usage": 0},
				{"appName": "어드벤처", "usage": 0},
				{"appName": "카메라", "usage": 0},
				{"appName": "다이소 멤버십", "usage": 0},
				{"appName": "스냅스", "usage": 0},
				{"appName": "카카오톡", "usage": 0},
				{"appName": "Instagram", "usage": 0},
				{"appName": "KAIST GenChem", "usage": 0},
				{"appName": "드라이브", "usage": 0},
				{"appName": "KB스타뱅킹", "usage": 0},
				{"appName": "갤러리", "usage": 0},
				{"appName": "캘린더", "usage": 0},
				{"appName": "CJ대한통운 택배", "usage": 0},
				{"appName": "KLMS", "usage": 0},
				{"appName": "에브리타임", "usage": 0},
				{"appName": "고속버스 모바일", "usage": 0},
				{"appName": "Samsung Pass 자동 완성", "usage": 0},
				{"appName": "대전버스", "usage": 0},
				{"appName": "비디오 플레이어", "usage": 0},
				{"appName": "Polar Beat", "usage": 0},
				{"appName": "토스", "usage": 0},
				{"appName": "설정", "usage": 0},
				{"appName": "시계", "usage": 0},
				{"appName": "Paco", "usage": 0},
				{"appName": "한컴오피스 viewer", "usage": 0},
				{"appName": "파인더", "usage": 0},
				{"appName": "Samsung Notes", "usage": 0},
				{"appName": "Google Play 스토어", "usage": 0},
				{"appName": "원터치개인", "usage": 0},
				{"appName": "PASS", "usage": 0},
				{"appName": "내 파일", "usage": 0},
				{"appName": "One UI 홈", "usage": 0},
				{"appName": "원터치알림", "usage": 0},
				{"appName": "안드로이드 시스템", "usage": 0},
				{"appName": "FLO", "usage": 0},
				{"appName": "CGV", "usage": 0},
				{"appName": "접근성", "usage": 0},
				{"appName": "패키지 설치 프로그램", "usage": 0},
				{"appName": "Logger", "usage": 0},
				{"appName": "The Day Before", "usage": 0},
				{"appName": "KB스마트원 통합인증", "usage": 0}
			]
		},
		"lastPickup": {"time": 0}
	}
]
