[
	{
		"date": 1,
		"totalTime": {
			"usage": 155,
			"details": [
				{"appName": "MLB9이닝스19", "usage": 30},
				{"appName": "Instagram", "usage": 26},
				{"appName": "YouTube", "usage": 11},
				{"appName": "카카오톡", "usage": 11},
				{"appName": "Samsung Experience 홈", "usage": 9},
				{"appName": "Facebook", "usage": 8},
				{"appName": "Polar Beat", "usage": 8},
				{"appName": "Paco", "usage": 6},
				{"appName": "시외버스 모바일", "usage": 5},
				{"appName": "Chrome", "usage": 4},
				{"appName": "CYBOS Touch", "usage": 4},
				{"appName": "Logger", "usage": 3},
				{"appName": "Melon", "usage": 3},
				{"appName": "Galaxy Buds", "usage": 2},
				{"appName": "설정", "usage": 2},
				{"appName": "NAVER", "usage": 1},
				{"appName": "At Bat", "usage": 1},
				{"appName": "캘린더", "usage": 1},
				{"appName": "시스템 UI", "usage": 0},
				{"appName": "날씨", "usage": 0},
				{"appName": "Smart​Things", "usage": 0},
				{"appName": "", "usage": 0},
				{"appName": "대한항공", "usage": 0},
				{"appName": "KFTC FIDO LINK", "usage": 0},
				{"appName": "패키지 설치 프로그램", "usage": 0},
				{"appName": "네이버 스마트보드", "usage": 0}
			]
		},
		"pickups": {"usage": 156},
		"downTime": {
			"usage": [
				{"hour": "0", "usage": 25},
				{"hour": "1", "usage": 6},
				{"hour": "2", "usage": 12},
				{"hour": "3", "usage": 32},
				{"hour": "4", "usage": 8},
				{"hour": "5", "usage": 3},
				{"hour": "6", "usage": 1},
				{"hour": "7", "usage": 5},
				{"hour": "8", "usage": 8},
				{"hour": "9", "usage": 6},
				{"hour": "10", "usage": 1},
				{"hour": "11", "usage": 2},
				{"hour": "12", "usage": 8},
				{"hour": "13", "usage": 12},
				{"hour": "14", "usage": 3},
				{"hour": "15", "usage": 15},
				{"hour": "17", "usage": 0},
				{"hour": "21", "usage": 0},
				{"hour": "23", "usage": 0}
			],
			"details": [
				{"appName": "Samsung Experience 홈", "usage": [0, 1, 2, 3, 4, 5, 6, 7, 8, 9, 10, 11, 12, 13, 14, 15]},
				{"appName": "카카오톡", "usage": [0, 1, 2, 3, 5, 6, 7, 8, 9, 11, 12, 13, 14, 15]},
				{"appName": "시스템 UI", "usage": [0, 1, 3, 4, 5, 7, 8, 9, 10, 12, 15]},
				{"appName": "Paco", "usage": [1, 2, 4, 5, 7, 8, 10, 11, 12]},
				{"appName": "Instagram", "usage": [0, 2, 4, 7, 9, 10, 11, 13, 15]},
				{"appName": "패키지 설치 프로그램", "usage": [0, 2, 4, 5, 7, 10, 11, 12]},
				{"appName": "Polar Beat", "usage": [0, 1, 2, 4, 5, 7, 9, 12]},
				{"appName": "Logger", "usage": [0, 1, 2, 4, 5, 7, 10, 12]},
				{"appName": "설정", "usage": [0, 1, 4, 7, 10, 12]},
				{"appName": "Facebook", "usage": [2, 9, 10, 11, 12]},
				{"appName": "시외버스 모바일", "usage": [4, 5, 8]},
				{"appName": "CYBOS Touch", "usage": [0, 1, 9]},
				{"appName": "Melon", "usage": [0, 1]},
				{"appName": "MLB9이닝스19", "usage": [3, 4]},
				{"appName": "캘린더", "usage": [8]},
				{"appName": "대한항공", "usage": [3]},
				{"appName": "네이버 스마트보드", "usage": [8]},
				{"appName": "날씨", "usage": [3]},
				{"appName": "YouTube", "usage": [15]},
				{"appName": "Smart​Things", "usage": [0]},
				{"appName": "NAVER", "usage": [14]},
				{"appName": "KFTC FIDO LINK", "usage": [0]},
				{"appName": "Galaxy Buds", "usage": [0]},
				{"appName": "Chrome", "usage": [0]},
				{"appName": "At Bat", "usage": [4]},
				{"appName": "", "usage": [11]}
			]
		},
		"maxTime": {
			"usage": 31,
			"details": [
				{"appName": "MLB9이닝스19", "usage": 30},
				{"appName": "YouTube", "usage": 11},
				{"appName": "Instagram", "usage": 6},
				{"appName": "Chrome", "usage": 4},
				{"appName": "Polar Beat", "usage": 2},
				{"appName": "Facebook", "usage": 2},
				{"appName": "Melon", "usage": 1},
				{"appName": "시외버스 모바일", "usage": 1},
				{"appName": "Galaxy Buds", "usage": 1},
				{"appName": "NAVER", "usage": 1},
				{"appName": "Logger", "usage": 1},
				{"appName": "Paco", "usage": 0},
				{"appName": "At Bat", "usage": 0},
				{"appName": "카카오톡", "usage": 0},
				{"appName": "캘린더", "usage": 0},
				{"appName": "설정", "usage": 0},
				{"appName": "CYBOS Touch", "usage": 0},
				{"appName": "Samsung Experience 홈", "usage": 0},
				{"appName": "날씨", "usage": 0},
				{"appName": "", "usage": 0},
				{"appName": "시스템 UI", "usage": 0},
				{"appName": "대한항공", "usage": 0},
				{"appName": "Smart​Things", "usage": 0},
				{"appName": "KFTC FIDO LINK", "usage": 0},
				{"appName": "패키지 설치 프로그램", "usage": 0},
				{"appName": "네이버 스마트보드", "usage": 0}
			]
		},
		"avgTime": {
			"usage": 0,
			"details": [
				{"appName": "MLB9이닝스19", "usage": 5},
				{"appName": "YouTube", "usage": 3},
				{"appName": "Chrome", "usage": 2},
				{"appName": "Instagram", "usage": 1},
				{"appName": "Facebook", "usage": 0},
				{"appName": "Galaxy Buds", "usage": 0},
				{"appName": "날씨", "usage": 0},
				{"appName": "NAVER", "usage": 0},
				{"appName": "Polar Beat", "usage": 0},
				{"appName": "캘린더", "usage": 0},
				{"appName": "Paco", "usage": 0},
				{"appName": "Melon", "usage": 0},
				{"appName": "At Bat", "usage": 0},
				{"appName": "Logger", "usage": 0},
				{"appName": "CYBOS Touch", "usage": 0},
				{"appName": "시외버스 모바일", "usage": 0},
				{"appName": "설정", "usage": 0},
				{"appName": "카카오톡", "usage": 0},
				{"appName": "Samsung Experience 홈", "usage": 0},
				{"appName": "Smart​Things", "usage": 0},
				{"appName": "", "usage": 0},
				{"appName": "대한항공", "usage": 0},
				{"appName": "시스템 UI", "usage": 0},
				{"appName": "네이버 스마트보드", "usage": 0},
				{"appName": "패키지 설치 프로그램", "usage": 0},
				{"appName": "KFTC FIDO LINK", "usage": 0}
			]
		},
		"lastPickup": {"time": 0}
	},
	{
		"date": 2,
		"totalTime": {
			"usage": 151,
			"details": [
				{"appName": "Instagram", "usage": 39},
				{"appName": "YouTube", "usage": 30},
				{"appName": "Facebook", "usage": 21},
				{"appName": "카카오톡", "usage": 13},
				{"appName": "Samsung Experience 홈", "usage": 9},
				{"appName": "Paco", "usage": 6},
				{"appName": "CYBOS Touch", "usage": 4},
				{"appName": "Polar Beat", "usage": 2},
				{"appName": "카카오 T", "usage": 2},
				{"appName": "NAVER", "usage": 2},
				{"appName": "카메라", "usage": 2},
				{"appName": "설정", "usage": 1},
				{"appName": "Melon", "usage": 1},
				{"appName": "전화", "usage": 1},
				{"appName": "시스템 UI", "usage": 0},
				{"appName": "메시지", "usage": 0},
				{"appName": "시외버스 모바일", "usage": 0},
				{"appName": "NBA", "usage": 0},
				{"appName": "네이버 지도", "usage": 0},
				{"appName": "연락처", "usage": 0},
				{"appName": "시계", "usage": 0},
				{"appName": "Logger", "usage": 0},
				{"appName": "날씨", "usage": 0},
				{"appName": "KFTC FIDO LINK", "usage": 0},
				{"appName": "Dropsync", "usage": 0},
				{"appName": "마이 케이티", "usage": 0},
				{"appName": "고속버스 모바일", "usage": 0},
				{"appName": "패키지 설치 프로그램", "usage": 0},
				{"appName": "Smart​Things", "usage": 0},
				{"appName": "원스토어", "usage": 0},
				{"appName": "MLB9이닝스19", "usage": 0}
			]
		},
		"pickups": {"usage": 133},
		"downTime": {
			"usage": [
				{"hour": "0", "usage": 17},
				{"hour": "1", "usage": 10},
				{"hour": "2", "usage": 0},
				{"hour": "3", "usage": 4},
				{"hour": "4", "usage": 8},
				{"hour": "5", "usage": 5},
				{"hour": "6", "usage": 0},
				{"hour": "7", "usage": 7},
				{"hour": "8", "usage": 0},
				{"hour": "9", "usage": 5},
				{"hour": "10", "usage": 8},
				{"hour": "11", "usage": 1},
				{"hour": "12", "usage": 7},
				{"hour": "13", "usage": 3},
				{"hour": "14", "usage": 16},
				{"hour": "15", "usage": 17},
				{"hour": "22", "usage": 22},
				{"hour": "23", "usage": 13}
			],
			"details": [
				{"appName": "Samsung Experience 홈", "usage": [0, 1, 3, 4, 5, 7, 8, 9, 10, 12, 13, 14, 15, 22, 23]},
				{"appName": "카카오톡", "usage": [0, 1, 3, 4, 5, 6, 7, 8, 9, 10, 12, 13, 14, 23]},
				{"appName": "Paco", "usage": [1, 3, 5, 6, 7, 9, 10, 11, 12, 23]},
				{"appName": "Instagram", "usage": [0, 3, 4, 5, 9, 10, 12, 22]},
				{"appName": "시스템 UI", "usage": [1, 3, 4, 5, 13, 14, 23]},
				{"appName": "Facebook", "usage": [0, 1, 9, 12, 13, 14, 23]},
				{"appName": "설정", "usage": [1, 10, 12, 13, 23]},
				{"appName": "Polar Beat", "usage": [1, 9, 12, 13, 23]},
				{"appName": "Logger", "usage": [1, 10, 12, 13]},
				{"appName": "패키지 설치 프로그램", "usage": [1, 10, 13]},
				{"appName": "연락처", "usage": [0, 1, 12]},
				{"appName": "NAVER", "usage": [7, 12, 22]},
				{"appName": "Melon", "usage": [1, 2, 3]},
				{"appName": "전화", "usage": [0, 12]},
				{"appName": "시외버스 모바일", "usage": [22, 23]},
				{"appName": "메시지", "usage": [5, 23]},
				{"appName": "YouTube", "usage": [14, 15]},
				{"appName": "Smart​Things", "usage": [1, 23]},
				{"appName": "CYBOS Touch", "usage": [5, 7]},
				{"appName": "카카오 T", "usage": [23]},
				{"appName": "카메라", "usage": [7]},
				{"appName": "원스토어", "usage": [6]},
				{"appName": "시계", "usage": [14]},
				{"appName": "마이 케이티", "usage": [6]},
				{"appName": "네이버 지도", "usage": [14]},
				{"appName": "날씨", "usage": [23]},
				{"appName": "고속버스 모바일", "usage": [23]},
				{"appName": "NBA", "usage": [12]},
				{"appName": "MLB9이닝스19", "usage": [4]},
				{"appName": "KFTC FIDO LINK", "usage": [7]},
				{"appName": "Dropsync", "usage": [5]}
			]
		},
		"maxTime": {
			"usage": 32,
			"details": [
				{"appName": "YouTube", "usage": 23},
				{"appName": "Instagram", "usage": 16},
				{"appName": "Facebook", "usage": 3},
				{"appName": "카메라", "usage": 2},
				{"appName": "NAVER", "usage": 1},
				{"appName": "카카오 T", "usage": 1},
				{"appName": "CYBOS Touch", "usage": 0},
				{"appName": "Samsung Experience 홈", "usage": 0},
				{"appName": "카카오톡", "usage": 0},
				{"appName": "전화", "usage": 0},
				{"appName": "Paco", "usage": 0},
				{"appName": "Polar Beat", "usage": 0},
				{"appName": "설정", "usage": 0},
				{"appName": "네이버 지도", "usage": 0},
				{"appName": "NBA", "usage": 0},
				{"appName": "메시지", "usage": 0},
				{"appName": "Logger", "usage": 0},
				{"appName": "날씨", "usage": 0},
				{"appName": "시스템 UI", "usage": 0},
				{"appName": "Melon", "usage": 0},
				{"appName": "연락처", "usage": 0},
				{"appName": "시계", "usage": 0},
				{"appName": "시외버스 모바일", "usage": 0},
				{"appName": "KFTC FIDO LINK", "usage": 0},
				{"appName": "Dropsync", "usage": 0},
				{"appName": "마이 케이티", "usage": 0},
				{"appName": "고속버스 모바일", "usage": 0},
				{"appName": "패키지 설치 프로그램", "usage": 0},
				{"appName": "Smart​Things", "usage": 0},
				{"appName": "원스토어", "usage": 0},
				{"appName": "MLB9이닝스19", "usage": 0}
			]
		},
		"avgTime": {
			"usage": 1,
			"details": [
				{"appName": "YouTube", "usage": 5},
				{"appName": "Instagram", "usage": 1},
				{"appName": "카메라", "usage": 1},
				{"appName": "Facebook", "usage": 0},
				{"appName": "전화", "usage": 0},
				{"appName": "NAVER", "usage": 0},
				{"appName": "네이버 지도", "usage": 0},
				{"appName": "CYBOS Touch", "usage": 0},
				{"appName": "NBA", "usage": 0},
				{"appName": "Polar Beat", "usage": 0},
				{"appName": "Paco", "usage": 0},
				{"appName": "카카오 T", "usage": 0},
				{"appName": "메시지", "usage": 0},
				{"appName": "날씨", "usage": 0},
				{"appName": "설정", "usage": 0},
				{"appName": "Samsung Experience 홈", "usage": 0},
				{"appName": "카카오톡", "usage": 0},
				{"appName": "연락처", "usage": 0},
				{"appName": "시계", "usage": 0},
				{"appName": "Dropsync", "usage": 0},
				{"appName": "시외버스 모바일", "usage": 0},
				{"appName": "Logger", "usage": 0},
				{"appName": "Melon", "usage": 0},
				{"appName": "시스템 UI", "usage": 0},
				{"appName": "마이 케이티", "usage": 0},
				{"appName": "고속버스 모바일", "usage": 0},
				{"appName": "패키지 설치 프로그램", "usage": 0},
				{"appName": "KFTC FIDO LINK", "usage": 0},
				{"appName": "Smart​Things", "usage": 0},
				{"appName": "원스토어", "usage": 0},
				{"appName": "MLB9이닝스19", "usage": 0}
			]
		},
		"lastPickup": {"time": 0}
	},
	{
		"date": 3,
		"totalTime": {
			"usage": 1437,
			"details": [
				{"appName": "Netflix", "usage": 1432},
				{"appName": "카카오톡", "usage": 1},
				{"appName": "시외버스 모바일", "usage": 1},
				{"appName": "설정", "usage": 0},
				{"appName": "Samsung Experience 홈", "usage": 0},
				{"appName": "시스템 UI", "usage": 0},
				{"appName": "Facebook", "usage": 0},
				{"appName": "Smart​Things", "usage": 0}
			]
		},
		"pickups": {"usage": 11},
		"downTime": {
			"usage": [
				{"hour": "0", "usage": 3}
			],
			"details": [
				{"appName": "카카오톡", "usage": [0]},
				{"appName": "시외버스 모바일", "usage": [0]},
				{"appName": "시스템 UI", "usage": [0]},
				{"appName": "설정", "usage": [0]},
				{"appName": "Smart​Things", "usage": [0]},
				{"appName": "Samsung Experience 홈", "usage": [0]},
				{"appName": "Netflix", "usage": [0]},
				{"appName": "Facebook", "usage": [0]}
			]
		},
		"maxTime": {
			"usage": 1434,
			"details": [
				{"appName": "Netflix", "usage": 1394},
				{"appName": "설정", "usage": 0},
				{"appName": "시외버스 모바일", "usage": 0},
				{"appName": "카카오톡", "usage": 0},
				{"appName": "Samsung Experience 홈", "usage": 0},
				{"appName": "시스템 UI", "usage": 0},
				{"appName": "Facebook", "usage": 0},
				{"appName": "Smart​Things", "usage": 0}
			]
		},
		"avgTime": {
			"usage": 130,
			"details": [
				{"appName": "Netflix", "usage": 204},
				{"appName": "설정", "usage": 0},
				{"appName": "시외버스 모바일", "usage": 0},
				{"appName": "카카오톡", "usage": 0},
				{"appName": "Samsung Experience 홈", "usage": 0},
				{"appName": "Facebook", "usage": 0},
				{"appName": "시스템 UI", "usage": 0},
				{"appName": "Smart​Things", "usage": 0}
			]
		},
		"lastPickup": {"time": 1434}
	},
	{
		"date": 4,
		"totalTime": {
			"usage": 0,
			"details": [
			]
		},
		"pickups": {"usage": 0},
		"downTime": {
			"usage": [
			],
			"details": [
			]
		},
		"maxTime": {
			"usage": 0,
			"details": [
			]
		},
		"avgTime": {
			"usage": 0,
			"details": [
			]
		},
		"lastPickup": {"time": 0}
	},
	{
		"date": 5,
		"totalTime": {
			"usage": 150,
			"details": [
				{"appName": "ABC Logger", "usage": 189},
				{"appName": "Chrome", "usage": 42},
				{"appName": "YouTube", "usage": 24},
				{"appName": "Facebook", "usage": 18},
				{"appName": "카카오톡", "usage": 12},
				{"appName": "Bleacher Report", "usage": 12},
				{"appName": "Instagram", "usage": 11},
				{"appName": "Samsung Experience 홈", "usage": 6},
				{"appName": "CYBOS Touch", "usage": 6},
				{"appName": "Paco", "usage": 5},
				{"appName": "NAVER", "usage": 1},
				{"appName": "Polar Beat", "usage": 0},
				{"appName": "시스템 UI", "usage": 0},
				{"appName": "Logger", "usage": 0},
				{"appName": "내 파일", "usage": 0},
				{"appName": "Dropsync", "usage": 0},
				{"appName": "설정", "usage": 0},
				{"appName": "MTP 애플리케이션", "usage": 0},
				{"appName": "KFTC FIDO LINK", "usage": 0},
				{"appName": "CaptivePortalLogin", "usage": 0},
				{"appName": "패키지 설치 프로그램", "usage": 0},
				{"appName": "MLB9이닝스19", "usage": 0}
			]
		},
		"pickups": {"usage": 98},
		"downTime": {
			"usage": [
				{"hour": "3", "usage": 0},
				{"hour": "4", "usage": 10},
				{"hour": "5", "usage": 1},
				{"hour": "6", "usage": 9},
				{"hour": "7", "usage": 3},
				{"hour": "8", "usage": 15},
				{"hour": "9", "usage": 4},
				{"hour": "10", "usage": 6},
				{"hour": "11", "usage": 4},
				{"hour": "12", "usage": 3},
				{"hour": "13", "usage": 1},
				{"hour": "14", "usage": 0},
				{"hour": "15", "usage": 23},
				{"hour": "16", "usage": 19},
				{"hour": "17", "usage": 45},
				{"hour": "21", "usage": 0},
				{"hour": "23", "usage": 0}
			],
			"details": [
				{"appName": "Samsung Experience 홈", "usage": [3, 4, 5, 6, 7, 8, 9, 10, 11, 12, 13, 15, 16, 17]},
				{"appName": "카카오톡", "usage": [4, 7, 8, 9, 10, 11, 12, 13, 14, 15]},
				{"appName": "시스템 UI", "usage": [3, 4, 6, 9, 10, 15, 17]},
				{"appName": "Paco", "usage": [4, 5, 6, 8, 9, 10, 12]},
				{"appName": "Facebook", "usage": [4, 5, 6, 7, 8, 9, 10]},
				{"appName": "MTP 애플리케이션", "usage": [3, 4, 5, 11, 12]},
				{"appName": "ABC Logger", "usage": [0, 1, 2, 3, 16]},
				{"appName": "패키지 설치 프로그램", "usage": [3, 4, 6, 9]},
				{"appName": "설정", "usage": [3, 4, 6, 9]},
				{"appName": "Polar Beat", "usage": [3, 8, 9, 12]},
				{"appName": "Logger", "usage": [3, 4, 6, 9]},
				{"appName": "Instagram", "usage": [8, 9, 11, 15]},
				{"appName": "YouTube", "usage": [15, 16, 17]},
				{"appName": "Chrome", "usage": [8, 17]},
				{"appName": "CYBOS Touch", "usage": [4, 6]},
				{"appName": "Bleacher Report", "usage": [11, 15]},
				{"appName": "내 파일", "usage": [16]},
				{"appName": "NAVER", "usage": [9]},
				{"appName": "MLB9이닝스19", "usage": [4]},
				{"appName": "KFTC FIDO LINK", "usage": [4]},
				{"appName": "Dropsync", "usage": [16]},
				{"appName": "CaptivePortalLogin", "usage": [8]}
			]
		},
		"maxTime": {
			"usage": 61,
			"details": [
				{"appName": "ABC Logger", "usage": 187},
				{"appName": "Chrome", "usage": 31},
				{"appName": "YouTube", "usage": 16},
				{"appName": "Facebook", "usage": 5},
				{"appName": "Bleacher Report", "usage": 4},
				{"appName": "Instagram", "usage": 4},
				{"appName": "카카오톡", "usage": 1},
				{"appName": "CYBOS Touch", "usage": 0},
				{"appName": "NAVER", "usage": 0},
				{"appName": "Paco", "usage": 0},
				{"appName": "내 파일", "usage": 0},
				{"appName": "Samsung Experience 홈", "usage": 0},
				{"appName": "시스템 UI", "usage": 0},
				{"appName": "Logger", "usage": 0},
				{"appName": "Polar Beat", "usage": 0},
				{"appName": "Dropsync", "usage": 0},
				{"appName": "설정", "usage": 0},
				{"appName": "KFTC FIDO LINK", "usage": 0},
				{"appName": "MTP 애플리케이션", "usage": 0},
				{"appName": "CaptivePortalLogin", "usage": 0},
				{"appName": "패키지 설치 프로그램", "usage": 0},
				{"appName": "MLB9이닝스19", "usage": 0}
			]
		},
		"avgTime": {
			"usage": 1,
			"details": [
				{"appName": "ABC Logger", "usage": 14},
				{"appName": "Chrome", "usage": 8},
				{"appName": "YouTube", "usage": 3},
				{"appName": "Bleacher Report", "usage": 0},
				{"appName": "Facebook", "usage": 0},
				{"appName": "Instagram", "usage": 0},
				{"appName": "내 파일", "usage": 0},
				{"appName": "NAVER", "usage": 0},
				{"appName": "CYBOS Touch", "usage": 0},
				{"appName": "카카오톡", "usage": 0},
				{"appName": "Dropsync", "usage": 0},
				{"appName": "Paco", "usage": 0},
				{"appName": "Samsung Experience 홈", "usage": 0},
				{"appName": "Polar Beat", "usage": 0},
				{"appName": "Logger", "usage": 0},
				{"appName": "시스템 UI", "usage": 0},
				{"appName": "설정", "usage": 0},
				{"appName": "CaptivePortalLogin", "usage": 0},
				{"appName": "MTP 애플리케이션", "usage": 0},
				{"appName": "패키지 설치 프로그램", "usage": 0},
				{"appName": "KFTC FIDO LINK", "usage": 0},
				{"appName": "MLB9이닝스19", "usage": 0}
			]
		},
		"lastPickup": {"time": 0}
	},
	{
		"date": 6,
		"totalTime": {
			"usage": 265,
			"details": [
				{"appName": "YouTube", "usage": 84},
				{"appName": "Instagram", "usage": 48},
				{"appName": "Bleacher Report", "usage": 32},
				{"appName": "카카오톡", "usage": 28},
				{"appName": "Facebook", "usage": 12},
				{"appName": "CYBOS Touch", "usage": 9},
				{"appName": "Melon", "usage": 7},
				{"appName": "NAVER", "usage": 7},
				{"appName": "Samsung Experience 홈", "usage": 6},
				{"appName": "Chrome", "usage": 6},
				{"appName": "Paco", "usage": 3},
				{"appName": "캘린더", "usage": 1},
				{"appName": "설정", "usage": 1},
				{"appName": "시스템 UI", "usage": 1},
				{"appName": "계산기", "usage": 0},
				{"appName": "날씨", "usage": 0},
				{"appName": "Polar Beat", "usage": 0},
				{"appName": "ABC Logger", "usage": 0},
				{"appName": "KFTC FIDO LINK", "usage": 0},
				{"appName": "CaptivePortalLogin", "usage": 0},
				{"appName": "Galaxy Store", "usage": 0},
				{"appName": "연락처", "usage": 0},
				{"appName": "Google", "usage": 0},
				{"appName": "Samsung Experience Service", "usage": 0},
				{"appName": "Logger", "usage": 0},
				{"appName": "MTP 애플리케이션", "usage": 0},
				{"appName": "네이버 스마트보드", "usage": 0},
				{"appName": "패키지 설치 프로그램", "usage": 0},
				{"appName": "안드로이드 시스템", "usage": 0},
				{"appName": "Samsung account", "usage": 0},
				{"appName": "Smart​Things", "usage": 0},
				{"appName": "MLB9이닝스19", "usage": 0}
			]
		},
		"pickups": {"usage": 178},
		"downTime": {
			"usage": [
				{"hour": "0", "usage": 41},
				{"hour": "1", "usage": 7},
				{"hour": "2", "usage": 2},
				{"hour": "3", "usage": 1},
				{"hour": "4", "usage": 5},
				{"hour": "5", "usage": 7},
				{"hour": "6", "usage": 2},
				{"hour": "7", "usage": 0},
				{"hour": "8", "usage": 1},
				{"hour": "9", "usage": 17},
				{"hour": "10", "usage": 3},
				{"hour": "11", "usage": 14},
				{"hour": "12", "usage": 3},
				{"hour": "13", "usage": 18},
				{"hour": "14", "usage": 50},
				{"hour": "15", "usage": 17},
				{"hour": "16", "usage": 27},
				{"hour": "22", "usage": 9},
				{"hour": "23", "usage": 26}
			],
			"details": [
				{"appName": "Samsung Experience 홈", "usage": [0, 1, 2, 3, 4, 5, 6, 7, 8, 9, 10, 11, 12, 13, 14, 16, 22, 23]},
				{"appName": "카카오톡", "usage": [0, 1, 3, 4, 5, 6, 8, 9, 10, 11, 12, 13, 23]},
				{"appName": "Paco", "usage": [1, 3, 4, 5, 6, 7, 8, 9, 11]},
				{"appName": "Instagram", "usage": [0, 1, 2, 3, 9, 12, 13, 22, 23]},
				{"appName": "시스템 UI", "usage": [0, 1, 9, 14, 22, 23]},
				{"appName": "설정", "usage": [1, 7, 9, 11, 12, 13]},
				{"appName": "CYBOS Touch", "usage": [0, 1, 2, 3, 6, 23]},
				{"appName": "Chrome", "usage": [0, 10, 11, 13, 22]},
				{"appName": "NAVER", "usage": [10, 11, 12, 23]},
				{"appName": "YouTube", "usage": [14, 15, 16]},
				{"appName": "Smart​Things", "usage": [1, 13, 23]},
				{"appName": "Facebook", "usage": [9, 12, 23]},
				{"appName": "CaptivePortalLogin", "usage": [11, 13, 23]},
				{"appName": "Bleacher Report", "usage": [0, 13, 14]},
				{"appName": "안드로이드 시스템", "usage": [13, 14]},
				{"appName": "날씨", "usage": [0, 23]},
				{"appName": "Polar Beat", "usage": [1, 14]},
				{"appName": "Melon", "usage": [1, 23]},
				{"appName": "MTP 애플리케이션", "usage": [5, 12]},
				{"appName": "KFTC FIDO LINK", "usage": [0, 23]},
				{"appName": "패키지 설치 프로그램", "usage": [1]},
				{"appName": "캘린더", "usage": [9]},
				{"appName": "연락처", "usage": [9]},
				{"appName": "네이버 스마트보드", "usage": [5]},
				{"appName": "계산기", "usage": [10]},
				{"appName": "Samsung account", "usage": [0]},
				{"appName": "Samsung Experience Service", "usage": [0]},
				{"appName": "MLB9이닝스19", "usage": [4]},
				{"appName": "Logger", "usage": [1]},
				{"appName": "Google", "usage": [16]},
				{"appName": "Galaxy Store", "usage": [0]},
				{"appName": "ABC Logger", "usage": [1]}
			]
		},
		"maxTime": {
			"usage": 60,
			"details": [
				{"appName": "YouTube", "usage": 57},
				{"appName": "Instagram", "usage": 14},
				{"appName": "Bleacher Report", "usage": 9},
				{"appName": "Facebook", "usage": 5},
				{"appName": "Chrome", "usage": 2},
				{"appName": "Melon", "usage": 2},
				{"appName": "카카오톡", "usage": 1},
				{"appName": "CYBOS Touch", "usage": 1},
				{"appName": "NAVER", "usage": 1},
				{"appName": "계산기", "usage": 0},
				{"appName": "Paco", "usage": 0},
				{"appName": "캘린더", "usage": 0},
				{"appName": "Samsung Experience 홈", "usage": 0},
				{"appName": "시스템 UI", "usage": 0},
				{"appName": "날씨", "usage": 0},
				{"appName": "설정", "usage": 0},
				{"appName": "ABC Logger", "usage": 0},
				{"appName": "CaptivePortalLogin", "usage": 0},
				{"appName": "Polar Beat", "usage": 0},
				{"appName": "연락처", "usage": 0},
				{"appName": "Google", "usage": 0},
				{"appName": "Samsung Experience Service", "usage": 0},
				{"appName": "KFTC FIDO LINK", "usage": 0},
				{"appName": "Galaxy Store", "usage": 0},
				{"appName": "Logger", "usage": 0},
				{"appName": "MTP 애플리케이션", "usage": 0},
				{"appName": "네이버 스마트보드", "usage": 0},
				{"appName": "패키지 설치 프로그램", "usage": 0},
				{"appName": "안드로이드 시스템", "usage": 0},
				{"appName": "Samsung account", "usage": 0},
				{"appName": "Smart​Things", "usage": 0},
				{"appName": "MLB9이닝스19", "usage": 0}
			]
		},
		"avgTime": {
			"usage": 1,
			"details": [
				{"appName": "YouTube", "usage": 14},
				{"appName": "Instagram", "usage": 1},
				{"appName": "Bleacher Report", "usage": 1},
				{"appName": "Chrome", "usage": 0},
				{"appName": "계산기", "usage": 0},
				{"appName": "Facebook", "usage": 0},
				{"appName": "NAVER", "usage": 0},
				{"appName": "CYBOS Touch", "usage": 0},
				{"appName": "Melon", "usage": 0},
				{"appName": "캘린더", "usage": 0},
				{"appName": "날씨", "usage": 0},
				{"appName": "카카오톡", "usage": 0},
				{"appName": "ABC Logger", "usage": 0},
				{"appName": "Paco", "usage": 0},
				{"appName": "Samsung Experience 홈", "usage": 0},
				{"appName": "설정", "usage": 0},
				{"appName": "Google", "usage": 0},
				{"appName": "Samsung Experience Service", "usage": 0},
				{"appName": "CaptivePortalLogin", "usage": 0},
				{"appName": "Polar Beat", "usage": 0},
				{"appName": "시스템 UI", "usage": 0},
				{"appName": "연락처", "usage": 0},
				{"appName": "Logger", "usage": 0},
				{"appName": "Galaxy Store", "usage": 0},
				{"appName": "네이버 스마트보드", "usage": 0},
				{"appName": "MTP 애플리케이션", "usage": 0},
				{"appName": "KFTC FIDO LINK", "usage": 0},
				{"appName": "패키지 설치 프로그램", "usage": 0},
				{"appName": "Samsung account", "usage": 0},
				{"appName": "안드로이드 시스템", "usage": 0},
				{"appName": "MLB9이닝스19", "usage": 0},
				{"appName": "Smart​Things", "usage": 0}
			]
		},
		"lastPickup": {"time": 5}
	},
	{
		"date": 7,
		"totalTime": {
			"usage": 687,
			"details": [
				{"appName": "카카오톡", "usage": 21},
				{"appName": "네이버TV", "usage": 19},
				{"appName": "CYBOS Touch", "usage": 19},
				{"appName": "YouTube", "usage": 8},
				{"appName": "Facebook", "usage": 8},
				{"appName": "NAVER", "usage": 8},
				{"appName": "Samsung Experience 홈", "usage": 8},
				{"appName": "Bleacher Report", "usage": 3},
				{"appName": "Paco", "usage": 3},
				{"appName": "Instagram", "usage": 3},
				{"appName": "NBA", "usage": 2},
				{"appName": "Melon", "usage": 1},
				{"appName": "시스템 UI", "usage": 1},
				{"appName": "설정", "usage": 0},
				{"appName": "Polar Beat", "usage": 0},
				{"appName": "연락처", "usage": 0},
				{"appName": "CaptivePortalLogin", "usage": 0},
				{"appName": "Logger", "usage": 0},
				{"appName": "메시지", "usage": 0},
				{"appName": "카메라", "usage": 0},
				{"appName": "MTP 애플리케이션", "usage": 0},
				{"appName": "버스타고", "usage": 0},
				{"appName": "네이버 스마트보드", "usage": 0},
				{"appName": "패키지 설치 프로그램", "usage": 0},
				{"appName": "Smart​Things", "usage": 0},
				{"appName": "MLB9이닝스19", "usage": 0}
			]
		},
		"pickups": {"usage": 168},
		"downTime": {
			"usage": [
				{"hour": "0", "usage": 27},
				{"hour": "1", "usage": 31},
				{"hour": "2", "usage": 2},
				{"hour": "3", "usage": 8},
				{"hour": "4", "usage": 0},
				{"hour": "5", "usage": 0},
				{"hour": "6", "usage": 9},
				{"hour": "7", "usage": 4},
				{"hour": "8", "usage": 4},
				{"hour": "9", "usage": 3},
				{"hour": "10", "usage": 5},
				{"hour": "11", "usage": 0},
				{"hour": "12", "usage": 7},
				{"hour": "13", "usage": 16},
				{"hour": "14", "usage": 0}
			],
			"details": [
				{"appName": "Samsung Experience 홈", "usage": [0, 1, 2, 3, 4, 5, 6, 7, 8, 9, 10, 12, 13]},
				{"appName": "카카오톡", "usage": [0, 1, 2, 3, 6, 7, 8, 9, 10, 12, 13]},
				{"appName": "Paco", "usage": [1, 3, 6, 7, 8, 9, 10, 13]},
				{"appName": "Instagram", "usage": [1, 3, 4, 6, 10, 12]},
				{"appName": "시스템 UI", "usage": [0, 1, 10, 12, 13]},
				{"appName": "NAVER", "usage": [1, 6, 7, 10, 13]},
				{"appName": "Melon", "usage": [0, 12, 13]},
				{"appName": "MTP 애플리케이션", "usage": [3, 10, 12]},
				{"appName": "Facebook", "usage": [3, 7, 12]},
				{"appName": "CYBOS Touch", "usage": [0, 1, 5]},
				{"appName": "Bleacher Report", "usage": [7, 10, 13]},
				{"appName": "패키지 설치 프로그램", "usage": [1, 13]},
				{"appName": "설정", "usage": [1, 13]},
				{"appName": "메시지", "usage": [1, 2]},
				{"appName": "Polar Beat", "usage": [1, 13]},
				{"appName": "Logger", "usage": [1, 13]},
				{"appName": "CaptivePortalLogin", "usage": [7, 8]},
				{"appName": "카메라", "usage": [12]},
				{"appName": "연락처", "usage": [3]},
				{"appName": "버스타고", "usage": [1]},
				{"appName": "네이버TV", "usage": [1]},
				{"appName": "네이버 스마트보드", "usage": [10]},
				{"appName": "YouTube", "usage": [13]},
				{"appName": "Smart​Things", "usage": [12]},
				{"appName": "NBA", "usage": [6]},
				{"appName": "MLB9이닝스19", "usage": [4]}
			]
		},
		"maxTime": {
			"usage": 563,
			"details": [
				{"appName": "네이버TV", "usage": 10},
				{"appName": "YouTube", "usage": 8},
				{"appName": "Facebook", "usage": 2},
				{"appName": "NAVER", "usage": 1},
				{"appName": "NBA", "usage": 1},
				{"appName": "Bleacher Report", "usage": 1},
				{"appName": "CYBOS Touch", "usage": 1},
				{"appName": "카카오톡", "usage": 0},
				{"appName": "Samsung Experience 홈", "usage": 0},
				{"appName": "Instagram", "usage": 0},
				{"appName": "설정", "usage": 0},
				{"appName": "Melon", "usage": 0},
				{"appName": "Paco", "usage": 0},
				{"appName": "연락처", "usage": 0},
				{"appName": "CaptivePortalLogin", "usage": 0},
				{"appName": "시스템 UI", "usage": 0},
				{"appName": "Polar Beat", "usage": 0},
				{"appName": "Logger", "usage": 0},
				{"appName": "메시지", "usage": 0},
				{"appName": "카메라", "usage": 0},
				{"appName": "MTP 애플리케이션", "usage": 0},
				{"appName": "버스타고", "usage": 0},
				{"appName": "네이버 스마트보드", "usage": 0},
				{"appName": "패키지 설치 프로그램", "usage": 0},
				{"appName": "Smart​Things", "usage": 0},
				{"appName": "MLB9이닝스19", "usage": 0}
			]
		},
		"avgTime": {
			"usage": 4,
			"details": [
				{"appName": "네이버TV", "usage": 6},
				{"appName": "YouTube", "usage": 2},
				{"appName": "Facebook", "usage": 0},
				{"appName": "NBA", "usage": 0},
				{"appName": "NAVER", "usage": 0},
				{"appName": "CYBOS Touch", "usage": 0},
				{"appName": "Instagram", "usage": 0},
				{"appName": "Bleacher Report", "usage": 0},
				{"appName": "연락처", "usage": 0},
				{"appName": "CaptivePortalLogin", "usage": 0},
				{"appName": "Paco", "usage": 0},
				{"appName": "설정", "usage": 0},
				{"appName": "Melon", "usage": 0},
				{"appName": "카카오톡", "usage": 0},
				{"appName": "Samsung Experience 홈", "usage": 0},
				{"appName": "Polar Beat", "usage": 0},
				{"appName": "Logger", "usage": 0},
				{"appName": "메시지", "usage": 0},
				{"appName": "카메라", "usage": 0},
				{"appName": "시스템 UI", "usage": 0},
				{"appName": "네이버 스마트보드", "usage": 0},
				{"appName": "버스타고", "usage": 0},
				{"appName": "MTP 애플리케이션", "usage": 0},
				{"appName": "패키지 설치 프로그램", "usage": 0},
				{"appName": "MLB9이닝스19", "usage": 0},
				{"appName": "Smart​Things", "usage": 0}
			]
		},
		"lastPickup": {"time": 563}
	}
]
