[
	{
		"date": 1,
		"totalTime": {
			"usage": 323,
			"details": [
				{"appName": "Netflix", "usage": 75},
				{"appName": "카카오톡", "usage": 55},
				{"appName": "Instagram", "usage": 47},
				{"appName": "Samsung Experience 홈", "usage": 40},
				{"appName": "YouTube", "usage": 35},
				{"appName": "FocusMore", "usage": 23},
				{"appName": "삼성 인터넷", "usage": 9},
				{"appName": "Polar Beat", "usage": 7},
				{"appName": "Paco", "usage": 5},
				{"appName": "메시지", "usage": 3},
				{"appName": "설정", "usage": 2},
				{"appName": "연락처", "usage": 2},
				{"appName": "갤러리", "usage": 1},
				{"appName": "전화", "usage": 1},
				{"appName": "Dropbox", "usage": 0},
				{"appName": "Microsoft Band", "usage": 0},
				{"appName": "시스템 UI", "usage": 0},
				{"appName": "궁극의 질문", "usage": 0},
				{"appName": "밥대생", "usage": 0},
				{"appName": "카메라", "usage": 0},
				{"appName": "시계", "usage": 0},
				{"appName": "Google Play 스토어", "usage": 0},
				{"appName": "Google Play 서비스", "usage": 0},
				{"appName": "오디오클립", "usage": 0},
				{"appName": "KAIST Portal", "usage": 0},
				{"appName": "Logger", "usage": 0},
				{"appName": "패키지 설치 프로그램", "usage": 0},
				{"appName": "Smart​Things", "usage": 0},
				{"appName": "에스티엘", "usage": 0}
			]
		},
		"pickups": {"usage": 117},
		"downTime": {
			"usage": [
				{"hour": "0", "usage": 3},
				{"hour": "1", "usage": 17},
				{"hour": "2", "usage": 30},
				{"hour": "3", "usage": 30},
				{"hour": "4", "usage": 36},
				{"hour": "5", "usage": 4},
				{"hour": "6", "usage": 5},
				{"hour": "7", "usage": 13},
				{"hour": "8", "usage": 33},
				{"hour": "9", "usage": 29},
				{"hour": "10", "usage": 1},
				{"hour": "11", "usage": 12},
				{"hour": "12", "usage": 19},
				{"hour": "13", "usage": 11},
				{"hour": "14", "usage": 2},
				{"hour": "15", "usage": 14},
				{"hour": "16", "usage": 26},
				{"hour": "17", "usage": 21},
				{"hour": "22", "usage": 10}
			],
			"details": [
				{"appName": "Samsung Experience 홈", "usage": [0, 1, 2, 3, 4, 5, 6, 7, 8, 9, 10, 11, 12, 13, 14, 15, 16, 17]},
				{"appName": "카카오톡", "usage": [1, 2, 3, 5, 6, 7, 8, 9, 10, 11, 12, 13, 14, 15, 16, 17]},
				{"appName": "FocusMore", "usage": [0, 1, 2, 3, 4, 5, 9, 10, 11, 12, 13, 14, 15, 16, 22]},
				{"appName": "Instagram", "usage": [0, 3, 4, 5, 6, 7, 8, 9, 12, 13, 15, 16]},
				{"appName": "Paco", "usage": [1, 3, 5, 6, 7, 8, 9, 11, 12, 13]},
				{"appName": "삼성 인터넷", "usage": [3, 4, 6, 7, 8, 9, 12, 15, 16]},
				{"appName": "Polar Beat", "usage": [1, 2, 3, 7, 8, 9, 10, 11, 13]},
				{"appName": "시스템 UI", "usage": [1, 2, 3, 4, 6, 9, 12, 13]},
				{"appName": "설정", "usage": [1, 2, 3, 9, 11, 13]},
				{"appName": "메시지", "usage": [1, 3, 6, 8, 9]},
				{"appName": "YouTube", "usage": [2, 3, 4, 8, 16]},
				{"appName": "Netflix", "usage": [3, 4, 8, 16, 17]},
				{"appName": "Microsoft Band", "usage": [1, 2, 3, 11, 13]},
				{"appName": "전화", "usage": [5, 6, 11, 15]},
				{"appName": "연락처", "usage": [8, 9, 11]},
				{"appName": "밥대생", "usage": [2, 7]},
				{"appName": "갤러리", "usage": [1, 13]},
				{"appName": "Google Play 스토어", "usage": [1, 13]},
				{"appName": "Google Play 서비스", "usage": [3, 9]},
				{"appName": "패키지 설치 프로그램", "usage": [1]},
				{"appName": "카메라", "usage": [3]},
				{"appName": "오디오클립", "usage": [6]},
				{"appName": "에스티엘", "usage": [15]},
				{"appName": "시계", "usage": [16]},
				{"appName": "궁극의 질문", "usage": [12]},
				{"appName": "Smart​Things", "usage": [8]},
				{"appName": "Logger", "usage": [1]},
				{"appName": "KAIST Portal", "usage": [12]},
				{"appName": "Dropbox", "usage": [12]}
			]
		},
		"maxTime": {
			"usage": 44,
			"details": [
				{"appName": "Netflix", "usage": 42},
				{"appName": "YouTube", "usage": 16},
				{"appName": "Samsung Experience 홈", "usage": 10},
				{"appName": "FocusMore", "usage": 10},
				{"appName": "카카오톡", "usage": 9},
				{"appName": "Instagram", "usage": 6},
				{"appName": "Polar Beat", "usage": 3},
				{"appName": "삼성 인터넷", "usage": 2},
				{"appName": "설정", "usage": 1},
				{"appName": "갤러리", "usage": 1},
				{"appName": "연락처", "usage": 1},
				{"appName": "메시지", "usage": 1},
				{"appName": "Dropbox", "usage": 0},
				{"appName": "Paco", "usage": 0},
				{"appName": "전화", "usage": 0},
				{"appName": "카메라", "usage": 0},
				{"appName": "Microsoft Band", "usage": 0},
				{"appName": "밥대생", "usage": 0},
				{"appName": "시스템 UI", "usage": 0},
				{"appName": "시계", "usage": 0},
				{"appName": "궁극의 질문", "usage": 0},
				{"appName": "KAIST Portal", "usage": 0},
				{"appName": "오디오클립", "usage": 0},
				{"appName": "Google Play 스토어", "usage": 0},
				{"appName": "Google Play 서비스", "usage": 0},
				{"appName": "Logger", "usage": 0},
				{"appName": "패키지 설치 프로그램", "usage": 0},
				{"appName": "Smart​Things", "usage": 0},
				{"appName": "에스티엘", "usage": 0}
			]
		},
		"avgTime": {
			"usage": 2,
			"details": [
				{"appName": "Netflix", "usage": 6},
				{"appName": "YouTube", "usage": 3},
				{"appName": "Instagram", "usage": 1},
				{"appName": "Dropbox", "usage": 0},
				{"appName": "갤러리", "usage": 0},
				{"appName": "삼성 인터넷", "usage": 0},
				{"appName": "Polar Beat", "usage": 0},
				{"appName": "설정", "usage": 0},
				{"appName": "메시지", "usage": 0},
				{"appName": "카카오톡", "usage": 0},
				{"appName": "연락처", "usage": 0},
				{"appName": "카메라", "usage": 0},
				{"appName": "Samsung Experience 홈", "usage": 0},
				{"appName": "Paco", "usage": 0},
				{"appName": "시계", "usage": 0},
				{"appName": "전화", "usage": 0},
				{"appName": "FocusMore", "usage": 0},
				{"appName": "궁극의 질문", "usage": 0},
				{"appName": "밥대생", "usage": 0},
				{"appName": "Microsoft Band", "usage": 0},
				{"appName": "KAIST Portal", "usage": 0},
				{"appName": "시스템 UI", "usage": 0},
				{"appName": "Google Play 서비스", "usage": 0},
				{"appName": "오디오클립", "usage": 0},
				{"appName": "Google Play 스토어", "usage": 0},
				{"appName": "Logger", "usage": 0},
				{"appName": "패키지 설치 프로그램", "usage": 0},
				{"appName": "Smart​Things", "usage": 0},
				{"appName": "에스티엘", "usage": 0}
			]
		},
		"lastPickup": {"time": 10}
	},
	{
		"date": 2,
		"totalTime": {
			"usage": 688,
			"details": [
				{"appName": "Netflix", "usage": 184},
				{"appName": "카카오톡", "usage": 115},
				{"appName": "YouTube", "usage": 94},
				{"appName": "Instagram", "usage": 85},
				{"appName": "Samsung Experience 홈", "usage": 41},
				{"appName": "메시지", "usage": 38},
				{"appName": "FocusMore", "usage": 37},
				{"appName": "삼성 인터넷", "usage": 34},
				{"appName": "Google Play 스토어", "usage": 11},
				{"appName": "설정", "usage": 8},
				{"appName": "SR 고속열차", "usage": 6},
				{"appName": "Paco", "usage": 4},
				{"appName": "밥대생", "usage": 2},
				{"appName": "Polar Beat", "usage": 2},
				{"appName": "코레일톡", "usage": 1},
				{"appName": "시스템 UI", "usage": 1},
				{"appName": "시계", "usage": 1},
				{"appName": "U+ 고객센터", "usage": 1},
				{"appName": "PASS", "usage": 0},
				{"appName": "연락처", "usage": 0},
				{"appName": "카메라", "usage": 0},
				{"appName": "Microsoft Band", "usage": 0},
				{"appName": "지하철종결자", "usage": 0},
				{"appName": "갤러리", "usage": 0},
				{"appName": "NAVER", "usage": 0},
				{"appName": "ISP/페이북", "usage": 0},
				{"appName": "U+멤버스", "usage": 0},
				{"appName": "Dropsync", "usage": 0},
				{"appName": "Logger", "usage": 0},
				{"appName": "패키지 설치 프로그램", "usage": 0},
				{"appName": "안드로이드 시스템", "usage": 0},
				{"appName": "전화", "usage": 0},
				{"appName": "에스티엘", "usage": 0}
			]
		},
		"pickups": {"usage": 83},
		"downTime": {
			"usage": [
				{"hour": "0", "usage": 13},
				{"hour": "1", "usage": 10},
				{"hour": "2", "usage": 21},
				{"hour": "3", "usage": 20},
				{"hour": "4", "usage": 46},
				{"hour": "5", "usage": 38},
				{"hour": "6", "usage": 12},
				{"hour": "7", "usage": 34},
				{"hour": "8", "usage": 44},
				{"hour": "9", "usage": 50},
				{"hour": "10", "usage": 40},
				{"hour": "11", "usage": 56},
				{"hour": "12", "usage": 37},
				{"hour": "13", "usage": 60},
				{"hour": "14", "usage": 59},
				{"hour": "15", "usage": 60},
				{"hour": "16", "usage": 60},
				{"hour": "17", "usage": 5},
				{"hour": "23", "usage": 15}
			],
			"details": [
				{"appName": "Samsung Experience 홈", "usage": [0, 1, 2, 3, 4, 5, 6, 7, 8, 9, 10, 11, 12, 13, 14, 15, 16, 23]},
				{"appName": "카카오톡", "usage": [0, 1, 2, 3, 4, 5, 6, 8, 9, 10, 11, 12, 13, 14, 15, 16]},
				{"appName": "삼성 인터넷", "usage": [1, 2, 3, 4, 5, 6, 7, 8, 9, 10, 11, 12, 13, 14, 15, 16]},
				{"appName": "시스템 UI", "usage": [0, 1, 3, 4, 5, 6, 7, 8, 9, 10, 11, 13, 14, 15]},
				{"appName": "Instagram", "usage": [0, 1, 2, 3, 4, 5, 6, 8, 9, 10, 12, 14, 15]},
				{"appName": "FocusMore", "usage": [0, 1, 2, 3, 4, 6, 7, 8, 9, 10, 12, 14, 23]},
				{"appName": "YouTube", "usage": [4, 5, 8, 9, 10, 11, 12, 13, 14, 15, 16, 17]},
				{"appName": "Paco", "usage": [3, 4, 5, 6, 7, 8, 9, 10, 11, 12, 13]},
				{"appName": "Netflix", "usage": [4, 5, 8, 9, 10, 11, 12, 13, 14, 15, 16]},
				{"appName": "메시지", "usage": [0, 4, 5, 6, 8, 9, 10, 11, 12]},
				{"appName": "설정", "usage": [1, 3, 4, 9, 10, 11, 12]},
				{"appName": "Polar Beat", "usage": [1, 3, 4, 6, 12, 14]},
				{"appName": "연락처", "usage": [4, 5, 8, 11]},
				{"appName": "시계", "usage": [0, 15, 23]},
				{"appName": "Microsoft Band", "usage": [1, 3, 10]},
				{"appName": "Google Play 스토어", "usage": [4, 7, 15]},
				{"appName": "패키지 설치 프로그램", "usage": [1, 15]},
				{"appName": "카메라", "usage": [4, 9]},
				{"appName": "밥대생", "usage": [2, 5]},
				{"appName": "갤러리", "usage": [3, 15]},
				{"appName": "U+ 고객센터", "usage": [6, 8]},
				{"appName": "Logger", "usage": [1, 3]},
				{"appName": "코레일톡", "usage": [6]},
				{"appName": "지하철종결자", "usage": [15]},
				{"appName": "전화", "usage": [0]},
				{"appName": "에스티엘", "usage": [17]},
				{"appName": "안드로이드 시스템", "usage": [11]},
				{"appName": "U+멤버스", "usage": [8]},
				{"appName": "SR 고속열차", "usage": [15]},
				{"appName": "PASS", "usage": [7]},
				{"appName": "NAVER", "usage": [8]},
				{"appName": "ISP/페이북", "usage": [8]},
				{"appName": "Dropsync", "usage": [4]}
			]
		},
		"maxTime": {
			"usage": 160,
			"details": [
				{"appName": "Netflix", "usage": 35},
				{"appName": "YouTube", "usage": 27},
				{"appName": "카카오톡", "usage": 17},
				{"appName": "메시지", "usage": 11},
				{"appName": "삼성 인터넷", "usage": 10},
				{"appName": "Samsung Experience 홈", "usage": 10},
				{"appName": "Google Play 스토어", "usage": 9},
				{"appName": "Instagram", "usage": 8},
				{"appName": "FocusMore", "usage": 5},
				{"appName": "설정", "usage": 4},
				{"appName": "SR 고속열차", "usage": 3},
				{"appName": "Polar Beat", "usage": 1},
				{"appName": "Paco", "usage": 0},
				{"appName": "밥대생", "usage": 0},
				{"appName": "시계", "usage": 0},
				{"appName": "U+ 고객센터", "usage": 0},
				{"appName": "코레일톡", "usage": 0},
				{"appName": "카메라", "usage": 0},
				{"appName": "지하철종결자", "usage": 0},
				{"appName": "Microsoft Band", "usage": 0},
				{"appName": "갤러리", "usage": 0},
				{"appName": "연락처", "usage": 0},
				{"appName": "NAVER", "usage": 0},
				{"appName": "Dropsync", "usage": 0},
				{"appName": "ISP/페이북", "usage": 0},
				{"appName": "U+멤버스", "usage": 0},
				{"appName": "PASS", "usage": 0},
				{"appName": "시스템 UI", "usage": 0},
				{"appName": "패키지 설치 프로그램", "usage": 0},
				{"appName": "Logger", "usage": 0},
				{"appName": "안드로이드 시스템", "usage": 0},
				{"appName": "전화", "usage": 0},
				{"appName": "에스티엘", "usage": 0}
			]
		},
		"avgTime": {
			"usage": 8,
			"details": [
				{"appName": "Netflix", "usage": 4},
				{"appName": "YouTube", "usage": 3},
				{"appName": "Instagram", "usage": 1},
				{"appName": "메시지", "usage": 0},
				{"appName": "삼성 인터넷", "usage": 0},
				{"appName": "Google Play 스토어", "usage": 0},
				{"appName": "카카오톡", "usage": 0},
				{"appName": "설정", "usage": 0},
				{"appName": "U+ 고객센터", "usage": 0},
				{"appName": "SR 고속열차", "usage": 0},
				{"appName": "밥대생", "usage": 0},
				{"appName": "FocusMore", "usage": 0},
				{"appName": "지하철종결자", "usage": 0},
				{"appName": "갤러리", "usage": 0},
				{"appName": "Polar Beat", "usage": 0},
				{"appName": "Samsung Experience 홈", "usage": 0},
				{"appName": "Dropsync", "usage": 0},
				{"appName": "카메라", "usage": 0},
				{"appName": "코레일톡", "usage": 0},
				{"appName": "Paco", "usage": 0},
				{"appName": "Microsoft Band", "usage": 0},
				{"appName": "시계", "usage": 0},
				{"appName": "NAVER", "usage": 0},
				{"appName": "연락처", "usage": 0},
				{"appName": "ISP/페이북", "usage": 0},
				{"appName": "시스템 UI", "usage": 0},
				{"appName": "U+멤버스", "usage": 0},
				{"appName": "PASS", "usage": 0},
				{"appName": "안드로이드 시스템", "usage": 0},
				{"appName": "Logger", "usage": 0},
				{"appName": "패키지 설치 프로그램", "usage": 0},
				{"appName": "전화", "usage": 0},
				{"appName": "에스티엘", "usage": 0}
			]
		},
		"lastPickup": {"time": 0}
	},
	{
		"date": 3,
		"totalTime": {
			"usage": 510,
			"details": [
				{"appName": "YouTube", "usage": 151},
				{"appName": "Instagram", "usage": 122},
				{"appName": "카카오톡", "usage": 53},
				{"appName": "삼성 인터넷", "usage": 39},
				{"appName": "Netflix", "usage": 35},
				{"appName": "시계", "usage": 28},
				{"appName": "전화", "usage": 24},
				{"appName": "Samsung Experience 홈", "usage": 14},
				{"appName": "코레일톡", "usage": 7},
				{"appName": "카카오버스", "usage": 6},
				{"appName": "Paco", "usage": 3},
				{"appName": "FocusMore", "usage": 2},
				{"appName": "설정", "usage": 2},
				{"appName": "U+ 고객센터", "usage": 1},
				{"appName": "Polar Beat", "usage": 1},
				{"appName": "SR 고속열차", "usage": 1},
				{"appName": "연락처", "usage": 0},
				{"appName": "시스템 UI", "usage": 0},
				{"appName": "Foodie", "usage": 0},
				{"appName": "U+멤버스", "usage": 0},
				{"appName": "KAIST Portal", "usage": 0},
				{"appName": "메시지", "usage": 0},
				{"appName": "비디오 플레이어", "usage": 0},
				{"appName": "원터치개인", "usage": 0},
				{"appName": "Logger", "usage": 0},
				{"appName": "오디오클립", "usage": 0},
				{"appName": "나만의냉장고", "usage": 0},
				{"appName": "소프트웨어 업데이트", "usage": 0},
				{"appName": "Google Play 스토어", "usage": 0},
				{"appName": "패키지 설치 프로그램", "usage": 0},
				{"appName": "에스티엘", "usage": 0}
			]
		},
		"pickups": {"usage": 104},
		"downTime": {
			"usage": [
				{"hour": "0", "usage": 54},
				{"hour": "1", "usage": 24},
				{"hour": "2", "usage": 1},
				{"hour": "3", "usage": 24},
				{"hour": "4", "usage": 48},
				{"hour": "5", "usage": 39},
				{"hour": "6", "usage": 56},
				{"hour": "7", "usage": 1},
				{"hour": "8", "usage": 6},
				{"hour": "9", "usage": 10},
				{"hour": "10", "usage": 10},
				{"hour": "11", "usage": 4},
				{"hour": "12", "usage": 9},
				{"hour": "13", "usage": 37},
				{"hour": "14", "usage": 46},
				{"hour": "15", "usage": 7},
				{"hour": "16", "usage": 44},
				{"hour": "17", "usage": 0},
				{"hour": "20", "usage": 0},
				{"hour": "22", "usage": 36},
				{"hour": "23", "usage": 45}
			],
			"details": [
				{"appName": "Samsung Experience 홈", "usage": [0, 1, 2, 3, 4, 5, 6, 7, 8, 9, 10, 11, 12, 13, 14, 15, 16, 20, 22, 23]},
				{"appName": "FocusMore", "usage": [0, 1, 2, 3, 4, 5, 7, 8, 9, 11, 12, 13, 14, 15, 16, 17, 20, 22, 23]},
				{"appName": "카카오톡", "usage": [0, 1, 2, 3, 4, 5, 6, 7, 8, 12, 13, 14, 15, 16, 17, 20, 22, 23]},
				{"appName": "Instagram", "usage": [0, 1, 3, 4, 5, 6, 8, 11, 12, 13, 14, 15, 16, 22, 23]},
				{"appName": "삼성 인터넷", "usage": [0, 3, 4, 5, 6, 9, 13, 14, 16, 22, 23]},
				{"appName": "YouTube", "usage": [0, 1, 3, 4, 5, 6, 9, 10, 16, 22, 23]},
				{"appName": "전화", "usage": [3, 4, 5, 6, 7, 12, 13, 17, 23]},
				{"appName": "시스템 UI", "usage": [0, 1, 2, 6, 9, 10, 12, 13, 14]},
				{"appName": "설정", "usage": [1, 6, 8, 9, 10, 11, 14]},
				{"appName": "Paco", "usage": [1, 3, 6, 8, 11, 12, 14]},
				{"appName": "연락처", "usage": [3, 4, 6, 12, 13, 23]},
				{"appName": "Polar Beat", "usage": [1, 6, 8, 11, 12, 14]},
				{"appName": "Netflix", "usage": [4, 6, 10, 16, 22, 23]},
				{"appName": "시계", "usage": [0, 2, 4]},
				{"appName": "메시지", "usage": [0, 3, 4]},
				{"appName": "패키지 설치 프로그램", "usage": [6, 8]},
				{"appName": "카카오버스", "usage": [4, 5]},
				{"appName": "SR 고속열차", "usage": [2, 9]},
				{"appName": "Logger", "usage": [6, 8]},
				{"appName": "Foodie", "usage": [11, 12]},
				{"appName": "코레일톡", "usage": [5]},
				{"appName": "원터치개인", "usage": [23]},
				{"appName": "오디오클립", "usage": [0]},
				{"appName": "에스티엘", "usage": [15]},
				{"appName": "소프트웨어 업데이트", "usage": [0]},
				{"appName": "비디오 플레이어", "usage": [14]},
				{"appName": "나만의냉장고", "usage": [10]},
				{"appName": "U+멤버스", "usage": [5]},
				{"appName": "U+ 고객센터", "usage": [5]},
				{"appName": "KAIST Portal", "usage": [9]},
				{"appName": "Google Play 스토어", "usage": [10]}
			]
		},
		"maxTime": {
			"usage": 70,
			"details": [
				{"appName": "YouTube", "usage": 22},
				{"appName": "Instagram", "usage": 18},
				{"appName": "Netflix", "usage": 16},
				{"appName": "카카오톡", "usage": 15},
				{"appName": "시계", "usage": 15},
				{"appName": "삼성 인터넷", "usage": 11},
				{"appName": "코레일톡", "usage": 7},
				{"appName": "전화", "usage": 6},
				{"appName": "Samsung Experience 홈", "usage": 1},
				{"appName": "U+ 고객센터", "usage": 1},
				{"appName": "카카오버스", "usage": 1},
				{"appName": "SR 고속열차", "usage": 0},
				{"appName": "Paco", "usage": 0},
				{"appName": "Foodie", "usage": 0},
				{"appName": "설정", "usage": 0},
				{"appName": "U+멤버스", "usage": 0},
				{"appName": "KAIST Portal", "usage": 0},
				{"appName": "FocusMore", "usage": 0},
				{"appName": "Polar Beat", "usage": 0},
				{"appName": "연락처", "usage": 0},
				{"appName": "시스템 UI", "usage": 0},
				{"appName": "비디오 플레이어", "usage": 0},
				{"appName": "메시지", "usage": 0},
				{"appName": "원터치개인", "usage": 0},
				{"appName": "오디오클립", "usage": 0},
				{"appName": "Logger", "usage": 0},
				{"appName": "소프트웨어 업데이트", "usage": 0},
				{"appName": "나만의냉장고", "usage": 0},
				{"appName": "Google Play 스토어", "usage": 0},
				{"appName": "패키지 설치 프로그램", "usage": 0},
				{"appName": "에스티엘", "usage": 0}
			]
		},
		"avgTime": {
			"usage": 4,
			"details": [
				{"appName": "시계", "usage": 7},
				{"appName": "YouTube", "usage": 4},
				{"appName": "코레일톡", "usage": 2},
				{"appName": "Netflix", "usage": 1},
				{"appName": "Instagram", "usage": 1},
				{"appName": "삼성 인터넷", "usage": 1},
				{"appName": "U+ 고객센터", "usage": 0},
				{"appName": "전화", "usage": 0},
				{"appName": "카카오톡", "usage": 0},
				{"appName": "카카오버스", "usage": 0},
				{"appName": "SR 고속열차", "usage": 0},
				{"appName": "KAIST Portal", "usage": 0},
				{"appName": "Foodie", "usage": 0},
				{"appName": "U+멤버스", "usage": 0},
				{"appName": "Paco", "usage": 0},
				{"appName": "비디오 플레이어", "usage": 0},
				{"appName": "설정", "usage": 0},
				{"appName": "연락처", "usage": 0},
				{"appName": "Samsung Experience 홈", "usage": 0},
				{"appName": "Polar Beat", "usage": 0},
				{"appName": "시스템 UI", "usage": 0},
				{"appName": "메시지", "usage": 0},
				{"appName": "소프트웨어 업데이트", "usage": 0},
				{"appName": "오디오클립", "usage": 0},
				{"appName": "원터치개인", "usage": 0},
				{"appName": "FocusMore", "usage": 0},
				{"appName": "Logger", "usage": 0},
				{"appName": "Google Play 스토어", "usage": 0},
				{"appName": "나만의냉장고", "usage": 0},
				{"appName": "패키지 설치 프로그램", "usage": 0},
				{"appName": "에스티엘", "usage": 0}
			]
		},
		"lastPickup": {"time": 8}
	},
	{
		"date": 4,
		"totalTime": {
			"usage": 409,
			"details": [
				{"appName": "카카오톡", "usage": 98},
				{"appName": "Instagram", "usage": 79},
				{"appName": "YouTube", "usage": 49},
				{"appName": "삼성 인터넷", "usage": 46},
				{"appName": "Netflix", "usage": 44},
				{"appName": "이랜드몰", "usage": 39},
				{"appName": "Samsung Experience 홈", "usage": 9},
				{"appName": "Paco", "usage": 5},
				{"appName": "FocusMore", "usage": 5},
				{"appName": "카카오버스", "usage": 5},
				{"appName": "설정", "usage": 3},
				{"appName": "전화", "usage": 3},
				{"appName": "Polar Beat", "usage": 2},
				{"appName": "밥대생", "usage": 1},
				{"appName": "지하철종결자", "usage": 1},
				{"appName": "쿠팡", "usage": 1},
				{"appName": "메시지", "usage": 1},
				{"appName": "시스템 UI", "usage": 0},
				{"appName": "지도", "usage": 0},
				{"appName": "메모", "usage": 0},
				{"appName": "원터치개인", "usage": 0},
				{"appName": "ISP/페이북", "usage": 0},
				{"appName": "연락처", "usage": 0},
				{"appName": "갤러리", "usage": 0},
				{"appName": "비디오 플레이어", "usage": 0},
				{"appName": "NAVER", "usage": 0},
				{"appName": "패키지 설치 프로그램", "usage": 0},
				{"appName": "시계", "usage": 0},
				{"appName": "KAIST Portal", "usage": 0},
				{"appName": "Logger", "usage": 0},
				{"appName": "S보이스", "usage": 0},
				{"appName": "에스티엘", "usage": 0}
			]
		},
		"pickups": {"usage": 79},
		"downTime": {
			"usage": [
				{"hour": "0", "usage": 2},
				{"hour": "1", "usage": 49},
				{"hour": "2", "usage": 27},
				{"hour": "3", "usage": 3},
				{"hour": "4", "usage": 6},
				{"hour": "5", "usage": 13},
				{"hour": "6", "usage": 39},
				{"hour": "7", "usage": 0},
				{"hour": "8", "usage": 3},
				{"hour": "9", "usage": 2},
				{"hour": "10", "usage": 39},
				{"hour": "11", "usage": 39},
				{"hour": "12", "usage": 46},
				{"hour": "13", "usage": 18},
				{"hour": "14", "usage": 28},
				{"hour": "15", "usage": 58},
				{"hour": "16", "usage": 29}
			],
			"details": [
				{"appName": "Samsung Experience 홈", "usage": [0, 1, 2, 3, 4, 5, 6, 7, 8, 9, 10, 11, 12, 13, 14, 15, 16]},
				{"appName": "FocusMore", "usage": [0, 1, 2, 3, 4, 5, 6, 7, 8, 9, 10, 11, 12, 13, 14, 15]},
				{"appName": "카카오톡", "usage": [0, 2, 3, 4, 5, 6, 8, 10, 11, 12, 13, 14, 15]},
				{"appName": "삼성 인터넷", "usage": [1, 2, 5, 6, 7, 8, 9, 10, 11, 12, 14, 15, 16]},
				{"appName": "Instagram", "usage": [0, 1, 2, 5, 6, 8, 10, 11, 12, 13, 14, 15]},
				{"appName": "시스템 UI", "usage": [1, 2, 4, 6, 9, 11, 12, 14]},
				{"appName": "Paco", "usage": [1, 2, 3, 5, 6, 9, 11, 12]},
				{"appName": "YouTube", "usage": [0, 1, 2, 3, 14, 15, 16]},
				{"appName": "전화", "usage": [2, 3, 4, 6, 8, 12]},
				{"appName": "설정", "usage": [1, 7, 12, 13]},
				{"appName": "Polar Beat", "usage": [1, 11, 12, 13]},
				{"appName": "연락처", "usage": [6, 12, 14]},
				{"appName": "밥대생", "usage": [6, 14, 15]},
				{"appName": "패키지 설치 프로그램", "usage": [13, 15]},
				{"appName": "카카오버스", "usage": [5, 6]},
				{"appName": "메시지", "usage": [11, 12]},
				{"appName": "Netflix", "usage": [15, 16]},
				{"appName": "NAVER", "usage": [6, 12]},
				{"appName": "쿠팡", "usage": [11]},
				{"appName": "지하철종결자", "usage": [5]},
				{"appName": "지도", "usage": [11]},
				{"appName": "이랜드몰", "usage": [1]},
				{"appName": "원터치개인", "usage": [11]},
				{"appName": "에스티엘", "usage": [16]},
				{"appName": "시계", "usage": [15]},
				{"appName": "비디오 플레이어", "usage": [15]},
				{"appName": "메모", "usage": [10]},
				{"appName": "갤러리", "usage": [11]},
				{"appName": "S보이스", "usage": [15]},
				{"appName": "Logger", "usage": [13]},
				{"appName": "KAIST Portal", "usage": [11]},
				{"appName": "ISP/페이북", "usage": [11]}
			]
		},
		"maxTime": {
			"usage": 58,
			"details": [
				{"appName": "Netflix", "usage": 25},
				{"appName": "YouTube", "usage": 21},
				{"appName": "카카오톡", "usage": 14},
				{"appName": "Instagram", "usage": 14},
				{"appName": "삼성 인터넷", "usage": 10},
				{"appName": "이랜드몰", "usage": 6},
				{"appName": "설정", "usage": 3},
				{"appName": "Paco", "usage": 3},
				{"appName": "FocusMore", "usage": 1},
				{"appName": "Polar Beat", "usage": 1},
				{"appName": "전화", "usage": 1},
				{"appName": "카카오버스", "usage": 1},
				{"appName": "밥대생", "usage": 1},
				{"appName": "지하철종결자", "usage": 0},
				{"appName": "지도", "usage": 0},
				{"appName": "메모", "usage": 0},
				{"appName": "Samsung Experience 홈", "usage": 0},
				{"appName": "메시지", "usage": 0},
				{"appName": "쿠팡", "usage": 0},
				{"appName": "원터치개인", "usage": 0},
				{"appName": "비디오 플레이어", "usage": 0},
				{"appName": "갤러리", "usage": 0},
				{"appName": "시스템 UI", "usage": 0},
				{"appName": "패키지 설치 프로그램", "usage": 0},
				{"appName": "ISP/페이북", "usage": 0},
				{"appName": "연락처", "usage": 0},
				{"appName": "NAVER", "usage": 0},
				{"appName": "시계", "usage": 0},
				{"appName": "KAIST Portal", "usage": 0},
				{"appName": "Logger", "usage": 0},
				{"appName": "S보이스", "usage": 0},
				{"appName": "에스티엘", "usage": 0}
			]
		},
		"avgTime": {
			"usage": 5,
			"details": [
				{"appName": "Netflix", "usage": 11},
				{"appName": "YouTube", "usage": 2},
				{"appName": "Instagram", "usage": 1},
				{"appName": "삼성 인터넷", "usage": 1},
				{"appName": "이랜드몰", "usage": 0},
				{"appName": "지도", "usage": 0},
				{"appName": "설정", "usage": 0},
				{"appName": "카카오톡", "usage": 0},
				{"appName": "메모", "usage": 0},
				{"appName": "전화", "usage": 0},
				{"appName": "Polar Beat", "usage": 0},
				{"appName": "메시지", "usage": 0},
				{"appName": "Paco", "usage": 0},
				{"appName": "갤러리", "usage": 0},
				{"appName": "밥대생", "usage": 0},
				{"appName": "비디오 플레이어", "usage": 0},
				{"appName": "카카오버스", "usage": 0},
				{"appName": "지하철종결자", "usage": 0},
				{"appName": "쿠팡", "usage": 0},
				{"appName": "시계", "usage": 0},
				{"appName": "패키지 설치 프로그램", "usage": 0},
				{"appName": "Samsung Experience 홈", "usage": 0},
				{"appName": "연락처", "usage": 0},
				{"appName": "원터치개인", "usage": 0},
				{"appName": "NAVER", "usage": 0},
				{"appName": "시스템 UI", "usage": 0},
				{"appName": "ISP/페이북", "usage": 0},
				{"appName": "KAIST Portal", "usage": 0},
				{"appName": "FocusMore", "usage": 0},
				{"appName": "Logger", "usage": 0},
				{"appName": "S보이스", "usage": 0},
				{"appName": "에스티엘", "usage": 0}
			]
		},
		"lastPickup": {"time": 29}
	},
	{
		"date": 5,
		"totalTime": {
			"usage": 329,
			"details": [
				{"appName": "카카오톡", "usage": 77},
				{"appName": "Instagram", "usage": 60},
				{"appName": "YouTube", "usage": 59},
				{"appName": "Samsung Experience 홈", "usage": 31},
				{"appName": "삼성 인터넷", "usage": 18},
				{"appName": "FocusMore", "usage": 16},
				{"appName": "Netflix", "usage": 12},
				{"appName": "메시지", "usage": 12},
				{"appName": "전화", "usage": 12},
				{"appName": "Paco", "usage": 4},
				{"appName": "갤러리", "usage": 3},
				{"appName": "쿠팡", "usage": 2},
				{"appName": "밥대생", "usage": 2},
				{"appName": "카메라", "usage": 1},
				{"appName": "ABC Logger", "usage": 1},
				{"appName": "원터치개인", "usage": 1},
				{"appName": "KAIST Portal", "usage": 0},
				{"appName": "Polar Beat", "usage": 0},
				{"appName": "시스템 UI", "usage": 0},
				{"appName": "설정", "usage": 0},
				{"appName": "NAVER", "usage": 0},
				{"appName": "시계", "usage": 0},
				{"appName": "Google Play 스토어", "usage": 0},
				{"appName": "NFC", "usage": 0},
				{"appName": "패키지 설치 프로그램", "usage": 0},
				{"appName": "에스티엘", "usage": 0}
			]
		},
		"pickups": {"usage": 117},
		"downTime": {
			"usage": [
				{"hour": "0", "usage": 20},
				{"hour": "1", "usage": 22},
				{"hour": "2", "usage": 24},
				{"hour": "3", "usage": 11},
				{"hour": "4", "usage": 1},
				{"hour": "5", "usage": 4},
				{"hour": "6", "usage": 9},
				{"hour": "7", "usage": 26},
				{"hour": "8", "usage": 23},
				{"hour": "9", "usage": 20},
				{"hour": "10", "usage": 29},
				{"hour": "11", "usage": 6},
				{"hour": "12", "usage": 22},
				{"hour": "13", "usage": 20},
				{"hour": "14", "usage": 20},
				{"hour": "15", "usage": 49},
				{"hour": "16", "usage": 8},
				{"hour": "22", "usage": 5},
				{"hour": "23", "usage": 1}
			],
			"details": [
				{"appName": "Samsung Experience 홈", "usage": [0, 1, 2, 3, 4, 5, 6, 7, 8, 9, 10, 11, 12, 13, 14, 15, 16, 22, 23]},
				{"appName": "FocusMore", "usage": [0, 1, 2, 3, 4, 5, 6, 7, 8, 9, 10, 11, 12, 13, 14, 15, 22, 23]},
				{"appName": "카카오톡", "usage": [0, 1, 3, 4, 5, 6, 7, 8, 10, 11, 12, 13, 14, 15, 16, 22]},
				{"appName": "삼성 인터넷", "usage": [2, 3, 5, 6, 8, 9, 10, 11, 12, 13, 14, 15, 22, 23]},
				{"appName": "Instagram", "usage": [1, 2, 3, 8, 11, 12, 13, 14, 15, 16, 22]},
				{"appName": "시스템 UI", "usage": [2, 7, 11, 12, 13, 14, 15, 22, 23]},
				{"appName": "메시지", "usage": [3, 7, 8, 9, 10, 12, 13, 14]},
				{"appName": "Paco", "usage": [2, 3, 5, 7, 9, 10, 12, 13]},
				{"appName": "설정", "usage": [2, 3, 5, 9, 13, 14]},
				{"appName": "Polar Beat", "usage": [2, 3, 5, 9, 13]},
				{"appName": "시계", "usage": [0, 11, 15, 22]},
				{"appName": "YouTube", "usage": [8, 9, 10, 15]},
				{"appName": "원터치개인", "usage": [7, 8, 9]},
				{"appName": "KAIST Portal", "usage": [3, 5, 23]},
				{"appName": "패키지 설치 프로그램", "usage": [15, 16]},
				{"appName": "밥대생", "usage": [7, 15]},
				{"appName": "Google Play 스토어", "usage": [8, 11]},
				{"appName": "ABC Logger", "usage": [12, 13]},
				{"appName": "쿠팡", "usage": [8]},
				{"appName": "카메라", "usage": [2]},
				{"appName": "전화", "usage": [7]},
				{"appName": "에스티엘", "usage": [16]},
				{"appName": "갤러리", "usage": [7]},
				{"appName": "Netflix", "usage": [15]},
				{"appName": "NFC", "usage": [15]},
				{"appName": "NAVER", "usage": [10]}
			]
		},
		"maxTime": {
			"usage": 46,
			"details": [
				{"appName": "Instagram", "usage": 20},
				{"appName": "YouTube", "usage": 12},
				{"appName": "전화", "usage": 11},
				{"appName": "Samsung Experience 홈", "usage": 10},
				{"appName": "FocusMore", "usage": 10},
				{"appName": "Netflix", "usage": 9},
				{"appName": "카카오톡", "usage": 8},
				{"appName": "삼성 인터넷", "usage": 5},
				{"appName": "메시지", "usage": 4},
				{"appName": "갤러리", "usage": 2},
				{"appName": "밥대생", "usage": 1},
				{"appName": "쿠팡", "usage": 1},
				{"appName": "카메라", "usage": 1},
				{"appName": "Paco", "usage": 0},
				{"appName": "ABC Logger", "usage": 0},
				{"appName": "설정", "usage": 0},
				{"appName": "KAIST Portal", "usage": 0},
				{"appName": "Polar Beat", "usage": 0},
				{"appName": "NAVER", "usage": 0},
				{"appName": "원터치개인", "usage": 0},
				{"appName": "Google Play 스토어", "usage": 0},
				{"appName": "시스템 UI", "usage": 0},
				{"appName": "시계", "usage": 0},
				{"appName": "NFC", "usage": 0},
				{"appName": "패키지 설치 프로그램", "usage": 0},
				{"appName": "에스티엘", "usage": 0}
			]
		},
		"avgTime": {
			"usage": 2,
			"details": [
				{"appName": "전화", "usage": 6},
				{"appName": "Netflix", "usage": 3},
				{"appName": "YouTube", "usage": 2},
				{"appName": "Instagram", "usage": 1},
				{"appName": "갤러리", "usage": 0},
				{"appName": "삼성 인터넷", "usage": 0},
				{"appName": "메시지", "usage": 0},
				{"appName": "카메라", "usage": 0},
				{"appName": "쿠팡", "usage": 0},
				{"appName": "카카오톡", "usage": 0},
				{"appName": "밥대생", "usage": 0},
				{"appName": "ABC Logger", "usage": 0},
				{"appName": "Samsung Experience 홈", "usage": 0},
				{"appName": "NAVER", "usage": 0},
				{"appName": "Paco", "usage": 0},
				{"appName": "KAIST Portal", "usage": 0},
				{"appName": "FocusMore", "usage": 0},
				{"appName": "설정", "usage": 0},
				{"appName": "시스템 UI", "usage": 0},
				{"appName": "Polar Beat", "usage": 0},
				{"appName": "원터치개인", "usage": 0},
				{"appName": "Google Play 스토어", "usage": 0},
				{"appName": "NFC", "usage": 0},
				{"appName": "시계", "usage": 0},
				{"appName": "패키지 설치 프로그램", "usage": 0},
				{"appName": "에스티엘", "usage": 0}
			]
		},
		"lastPickup": {"time": 0}
	},
	{
		"date": 6,
		"totalTime": {
			"usage": 506,
			"details": [
				{"appName": "YouTube", "usage": 165},
				{"appName": "Instagram", "usage": 102},
				{"appName": "카카오톡", "usage": 67},
				{"appName": "전화", "usage": 49},
				{"appName": "Netflix", "usage": 46},
				{"appName": "Samsung Experience 홈", "usage": 16},
				{"appName": "메시지", "usage": 14},
				{"appName": "삼성 인터넷", "usage": 14},
				{"appName": "Paco", "usage": 5},
				{"appName": "FocusMore", "usage": 4},
				{"appName": "밥대생", "usage": 2},
				{"appName": "설정", "usage": 2},
				{"appName": "원터치개인", "usage": 2},
				{"appName": "Polar Beat", "usage": 2},
				{"appName": "갤러리", "usage": 1},
				{"appName": "쿠팡", "usage": 0},
				{"appName": "Microsoft Band", "usage": 0},
				{"appName": "스프레드시트", "usage": 0},
				{"appName": "연락처", "usage": 0},
				{"appName": "NAVER", "usage": 0},
				{"appName": "카메라", "usage": 0},
				{"appName": "시계", "usage": 0},
				{"appName": "이메일", "usage": 0},
				{"appName": "시스템 UI", "usage": 0},
				{"appName": "Logger", "usage": 0},
				{"appName": "안드로이드 시스템", "usage": 0},
				{"appName": "KAIST Portal", "usage": 0},
				{"appName": "패키지 설치 프로그램", "usage": 0},
				{"appName": "에스티엘", "usage": 0}
			]
		},
		"pickups": {"usage": 98},
		"downTime": {
			"usage": [
				{"hour": "0", "usage": 0},
				{"hour": "1", "usage": 37},
				{"hour": "2", "usage": 40},
				{"hour": "3", "usage": 24},
				{"hour": "4", "usage": 3},
				{"hour": "5", "usage": 11},
				{"hour": "6", "usage": 10},
				{"hour": "7", "usage": 21},
				{"hour": "8", "usage": 41},
				{"hour": "9", "usage": 35},
				{"hour": "10", "usage": 22},
				{"hour": "11", "usage": 59},
				{"hour": "12", "usage": 17},
				{"hour": "13", "usage": 20},
				{"hour": "14", "usage": 35},
				{"hour": "15", "usage": 46},
				{"hour": "16", "usage": 50},
				{"hour": "17", "usage": 27}
			],
			"details": [
				{"appName": "FocusMore", "usage": [0, 1, 2, 3, 4, 5, 6, 7, 8, 9, 10, 12, 13, 14, 15, 16, 17, 22]},
				{"appName": "Samsung Experience 홈", "usage": [1, 2, 3, 4, 5, 6, 7, 8, 9, 10, 11, 12, 13, 14, 15, 16, 17]},
				{"appName": "카카오톡", "usage": [1, 3, 4, 5, 6, 7, 8, 9, 10, 11, 12, 14, 15, 16, 17]},
				{"appName": "삼성 인터넷", "usage": [1, 2, 3, 4, 5, 6, 9, 10, 11, 12, 13, 14, 15, 17]},
				{"appName": "Instagram", "usage": [1, 2, 3, 5, 8, 9, 10, 11, 12, 13, 14, 16, 17]},
				{"appName": "YouTube", "usage": [2, 3, 7, 9, 10, 11, 12, 13, 14, 15, 16, 17]},
				{"appName": "메시지", "usage": [1, 3, 4, 5, 6, 7, 11, 12, 14, 15]},
				{"appName": "Paco", "usage": [2, 3, 4, 5, 7, 9, 11, 12, 13, 14]},
				{"appName": "전화", "usage": [1, 7, 8, 10, 11, 14, 16]},
				{"appName": "연락처", "usage": [1, 8, 10, 14, 16]},
				{"appName": "시스템 UI", "usage": [2, 11, 14, 17]},
				{"appName": "패키지 설치 프로그램", "usage": [2, 13, 14]},
				{"appName": "설정", "usage": [2, 13, 14]},
				{"appName": "Polar Beat", "usage": [2, 13, 14]},
				{"appName": "Netflix", "usage": [12, 15, 16]},
				{"appName": "쿠팡", "usage": [12, 15]},
				{"appName": "카메라", "usage": [4, 5]},
				{"appName": "안드로이드 시스템", "usage": [3, 12]},
				{"appName": "밥대생", "usage": [7, 14]},
				{"appName": "NAVER", "usage": [9, 13]},
				{"appName": "Logger", "usage": [2, 13]},
				{"appName": "이메일", "usage": [3]},
				{"appName": "원터치개인", "usage": [11]},
				{"appName": "에스티엘", "usage": [16]},
				{"appName": "시계", "usage": [16]},
				{"appName": "스프레드시트", "usage": [1]},
				{"appName": "갤러리", "usage": [5]},
				{"appName": "Microsoft Band", "usage": [2]},
				{"appName": "KAIST Portal", "usage": [3]}
			]
		},
		"maxTime": {
			"usage": 70,
			"details": [
				{"appName": "YouTube", "usage": 30},
				{"appName": "Netflix", "usage": 29},
				{"appName": "전화", "usage": 14},
				{"appName": "Instagram", "usage": 13},
				{"appName": "메시지", "usage": 10},
				{"appName": "카카오톡", "usage": 9},
				{"appName": "삼성 인터넷", "usage": 3},
				{"appName": "Samsung Experience 홈", "usage": 3},
				{"appName": "원터치개인", "usage": 2},
				{"appName": "Paco", "usage": 2},
				{"appName": "밥대생", "usage": 1},
				{"appName": "갤러리", "usage": 1},
				{"appName": "Polar Beat", "usage": 0},
				{"appName": "설정", "usage": 0},
				{"appName": "Microsoft Band", "usage": 0},
				{"appName": "FocusMore", "usage": 0},
				{"appName": "NAVER", "usage": 0},
				{"appName": "시계", "usage": 0},
				{"appName": "이메일", "usage": 0},
				{"appName": "스프레드시트", "usage": 0},
				{"appName": "쿠팡", "usage": 0},
				{"appName": "연락처", "usage": 0},
				{"appName": "카메라", "usage": 0},
				{"appName": "시스템 UI", "usage": 0},
				{"appName": "KAIST Portal", "usage": 0},
				{"appName": "패키지 설치 프로그램", "usage": 0},
				{"appName": "안드로이드 시스템", "usage": 0},
				{"appName": "Logger", "usage": 0},
				{"appName": "에스티엘", "usage": 0}
			]
		},
		"avgTime": {
			"usage": 5,
			"details": [
				{"appName": "YouTube", "usage": 4},
				{"appName": "Netflix", "usage": 3},
				{"appName": "전화", "usage": 3},
				{"appName": "Instagram", "usage": 2},
				{"appName": "갤러리", "usage": 1},
				{"appName": "메시지", "usage": 0},
				{"appName": "삼성 인터넷", "usage": 0},
				{"appName": "카카오톡", "usage": 0},
				{"appName": "밥대생", "usage": 0},
				{"appName": "원터치개인", "usage": 0},
				{"appName": "Polar Beat", "usage": 0},
				{"appName": "설정", "usage": 0},
				{"appName": "이메일", "usage": 0},
				{"appName": "스프레드시트", "usage": 0},
				{"appName": "Paco", "usage": 0},
				{"appName": "Microsoft Band", "usage": 0},
				{"appName": "시계", "usage": 0},
				{"appName": "Samsung Experience 홈", "usage": 0},
				{"appName": "NAVER", "usage": 0},
				{"appName": "쿠팡", "usage": 0},
				{"appName": "KAIST Portal", "usage": 0},
				{"appName": "연락처", "usage": 0},
				{"appName": "카메라", "usage": 0},
				{"appName": "시스템 UI", "usage": 0},
				{"appName": "안드로이드 시스템", "usage": 0},
				{"appName": "FocusMore", "usage": 0},
				{"appName": "패키지 설치 프로그램", "usage": 0},
				{"appName": "Logger", "usage": 0},
				{"appName": "에스티엘", "usage": 0}
			]
		},
		"lastPickup": {"time": 39}
	},
	{
		"date": 7,
		"totalTime": {
			"usage": 444,
			"details": [
				{"appName": "카카오톡", "usage": 91},
				{"appName": "Instagram", "usage": 71},
				{"appName": "Netflix", "usage": 57},
				{"appName": "FocusMore", "usage": 33},
				{"appName": "YouTube", "usage": 28},
				{"appName": "시계", "usage": 26},
				{"appName": "삼성 인터넷", "usage": 20},
				{"appName": "쿠팡", "usage": 14},
				{"appName": "Samsung Experience 홈", "usage": 11},
				{"appName": "Paco", "usage": 4},
				{"appName": "전화", "usage": 3},
				{"appName": "메시지", "usage": 3},
				{"appName": "Polar Beat", "usage": 1},
				{"appName": "밥대생", "usage": 1},
				{"appName": "설정", "usage": 1},
				{"appName": "연락처", "usage": 1},
				{"appName": "원터치개인", "usage": 0},
				{"appName": "Foodie", "usage": 0},
				{"appName": "NAVER", "usage": 0},
				{"appName": "시스템 UI", "usage": 0},
				{"appName": "카메라", "usage": 0},
				{"appName": "11번가", "usage": 0},
				{"appName": "Google Play 서비스", "usage": 0},
				{"appName": "지도", "usage": 0},
				{"appName": "에스티엘", "usage": 0},
				{"appName": "U+ 고객센터", "usage": 0}
			]
		},
		"pickups": {"usage": 109},
		"downTime": {
			"usage": [
				{"hour": "0", "usage": 18},
				{"hour": "1", "usage": 8},
				{"hour": "2", "usage": 15},
				{"hour": "3", "usage": 43},
				{"hour": "4", "usage": 30},
				{"hour": "5", "usage": 17},
				{"hour": "6", "usage": 23},
				{"hour": "7", "usage": 13},
				{"hour": "8", "usage": 12},
				{"hour": "9", "usage": 18},
				{"hour": "10", "usage": 42},
				{"hour": "11", "usage": 48},
				{"hour": "12", "usage": 16},
				{"hour": "13", "usage": 19},
				{"hour": "14", "usage": 60},
				{"hour": "15", "usage": 46},
				{"hour": "23", "usage": 10}
			],
			"details": [
				{"appName": "FocusMore", "usage": [0, 1, 2, 3, 4, 5, 6, 7, 8, 9, 10, 11, 12, 13, 15, 17, 23]},
				{"appName": "Samsung Experience 홈", "usage": [0, 1, 2, 3, 4, 5, 6, 7, 8, 9, 10, 11, 12, 13, 14, 15]},
				{"appName": "카카오톡", "usage": [0, 1, 2, 3, 4, 5, 6, 7, 8, 9, 11, 12, 13, 14]},
				{"appName": "Paco", "usage": [0, 2, 3, 4, 5, 6, 8, 9, 11, 12, 13]},
				{"appName": "메시지", "usage": [0, 1, 3, 4, 7, 8, 9, 11, 13, 15]},
				{"appName": "삼성 인터넷", "usage": [0, 1, 3, 4, 7, 11, 12, 13, 14]},
				{"appName": "시스템 UI", "usage": [0, 2, 3, 4, 5, 7, 11, 15]},
				{"appName": "Instagram", "usage": [0, 1, 2, 3, 4, 11, 12, 13]},
				{"appName": "YouTube", "usage": [2, 3, 4, 13, 14, 15]},
				{"appName": "전화", "usage": [2, 9, 10, 11, 13]},
				{"appName": "설정", "usage": [2, 5, 11, 12, 13]},
				{"appName": "시계", "usage": [0, 4, 5, 10]},
				{"appName": "Polar Beat", "usage": [2, 4, 11, 13]},
				{"appName": "Netflix", "usage": [2, 3, 14, 15]},
				{"appName": "연락처", "usage": [5, 11, 13]},
				{"appName": "Foodie", "usage": [9, 10]},
				{"appName": "쿠팡", "usage": [14]},
				{"appName": "카메라", "usage": [11]},
				{"appName": "지도", "usage": [9]},
				{"appName": "원터치개인", "usage": [13]},
				{"appName": "에스티엘", "usage": [15]},
				{"appName": "밥대생", "usage": [14]},
				{"appName": "U+ 고객센터", "usage": [17]},
				{"appName": "NAVER", "usage": [12]},
				{"appName": "Google Play 서비스", "usage": [7]},
				{"appName": "11번가", "usage": [7]}
			]
		},
		"maxTime": {
			"usage": 108,
			"details": [
				{"appName": "시계", "usage": 26},
				{"appName": "Netflix", "usage": 24},
				{"appName": "Instagram", "usage": 12},
				{"appName": "YouTube", "usage": 12},
				{"appName": "FocusMore", "usage": 11},
				{"appName": "카카오톡", "usage": 7},
				{"appName": "삼성 인터넷", "usage": 5},
				{"appName": "쿠팡", "usage": 3},
				{"appName": "Samsung Experience 홈", "usage": 2},
				{"appName": "밥대생", "usage": 1},
				{"appName": "Polar Beat", "usage": 1},
				{"appName": "전화", "usage": 1},
				{"appName": "연락처", "usage": 0},
				{"appName": "메시지", "usage": 0},
				{"appName": "설정", "usage": 0},
				{"appName": "Paco", "usage": 0},
				{"appName": "카메라", "usage": 0},
				{"appName": "Foodie", "usage": 0},
				{"appName": "NAVER", "usage": 0},
				{"appName": "원터치개인", "usage": 0},
				{"appName": "11번가", "usage": 0},
				{"appName": "시스템 UI", "usage": 0},
				{"appName": "Google Play 서비스", "usage": 0},
				{"appName": "지도", "usage": 0},
				{"appName": "에스티엘", "usage": 0},
				{"appName": "U+ 고객센터", "usage": 0}
			]
		},
		"avgTime": {
			"usage": 4,
			"details": [
				{"appName": "시계", "usage": 3},
				{"appName": "Netflix", "usage": 3},
				{"appName": "Instagram", "usage": 2},
				{"appName": "YouTube", "usage": 1},
				{"appName": "삼성 인터넷", "usage": 0},
				{"appName": "쿠팡", "usage": 0},
				{"appName": "밥대생", "usage": 0},
				{"appName": "연락처", "usage": 0},
				{"appName": "전화", "usage": 0},
				{"appName": "카메라", "usage": 0},
				{"appName": "카카오톡", "usage": 0},
				{"appName": "메시지", "usage": 0},
				{"appName": "Polar Beat", "usage": 0},
				{"appName": "FocusMore", "usage": 0},
				{"appName": "설정", "usage": 0},
				{"appName": "11번가", "usage": 0},
				{"appName": "Paco", "usage": 0},
				{"appName": "NAVER", "usage": 0},
				{"appName": "Foodie", "usage": 0},
				{"appName": "Samsung Experience 홈", "usage": 0},
				{"appName": "원터치개인", "usage": 0},
				{"appName": "시스템 UI", "usage": 0},
				{"appName": "Google Play 서비스", "usage": 0},
				{"appName": "지도", "usage": 0},
				{"appName": "에스티엘", "usage": 0},
				{"appName": "U+ 고객센터", "usage": 0}
			]
		},
		"lastPickup": {"time": 0}
	}
]
