[
	{
		"date": 1,
		"totalTime": {
			"usage": 666,
			"details": [
				{"appName": "오락_OK캐쉬백", "usage": 443},
				{"appName": "TVING", "usage": 422},
				{"appName": "카카오톡", "usage": 43},
				{"appName": "트위터", "usage": 14},
				{"appName": "계산기", "usage": 14},
				{"appName": "Chrome", "usage": 13},
				{"appName": "Polar Beat", "usage": 13},
				{"appName": "원격 데스크톱", "usage": 11},
				{"appName": "TouchWiz 홈", "usage": 10},
				{"appName": "Paco", "usage": 8},
				{"appName": "설정", "usage": 6},
				{"appName": "시스템 UI", "usage": 5},
				{"appName": "메시지", "usage": 4},
				{"appName": "전화", "usage": 2},
				{"appName": "알파카", "usage": 1},
				{"appName": "시계", "usage": 1},
				{"appName": "갤러리", "usage": 0},
				{"appName": "Logger", "usage": 0},
				{"appName": "카메라", "usage": 0},
				{"appName": "연락처", "usage": 0},
				{"appName": "비디오 플레이어", "usage": 0},
				{"appName": "패키지 설치 프로그램", "usage": 0},
				{"appName": "Microsoft Band", "usage": 0},
				{"appName": "ABC Logger", "usage": 0},
				{"appName": "안드로이드 시스템", "usage": 0}
			]
		},
		"pickups": {"usage": 304},
		"downTime": {
			"usage": [
				{"hour": "0", "usage": 38},
				{"hour": "1", "usage": 38},
				{"hour": "2", "usage": 60},
				{"hour": "3", "usage": 25},
				{"hour": "4", "usage": 45},
				{"hour": "5", "usage": 23},
				{"hour": "6", "usage": 31},
				{"hour": "7", "usage": 11},
				{"hour": "8", "usage": 26},
				{"hour": "9", "usage": 58},
				{"hour": "10", "usage": 59},
				{"hour": "11", "usage": 54},
				{"hour": "12", "usage": 56},
				{"hour": "13", "usage": 22},
				{"hour": "14", "usage": 16},
				{"hour": "15", "usage": 4},
				{"hour": "16", "usage": 10},
				{"hour": "17", "usage": 56},
				{"hour": "18", "usage": 22},
				{"hour": "22", "usage": 1},
				{"hour": "23", "usage": 1}
			],
			"details": [
				{"appName": "오락_OK캐쉬백", "usage": [0, 1, 3, 4, 5, 6, 7, 8, 9, 10, 11, 12, 13, 14, 15, 16, 17, 18, 19, 20, 21, 22, 23]},
				{"appName": "TouchWiz 홈", "usage": [0, 1, 2, 3, 4, 5, 6, 7, 8, 9, 10, 11, 12, 13, 14, 15, 16, 17, 22, 23]},
				{"appName": "시스템 UI", "usage": [0, 1, 2, 3, 4, 5, 6, 7, 8, 9, 10, 11, 12, 13, 14, 16, 17]},
				{"appName": "TVING", "usage": [0, 1, 2, 3, 4, 5, 8, 9, 10, 11, 12, 13, 17, 18, 22]},
				{"appName": "카카오톡", "usage": [3, 4, 5, 6, 7, 8, 11, 12, 13, 14, 16, 17]},
				{"appName": "Paco", "usage": [1, 2, 3, 4, 5, 6, 7, 8, 9, 10, 11, 12]},
				{"appName": "설정", "usage": [1, 3, 5, 8, 9, 11, 12, 13, 17]},
				{"appName": "Polar Beat", "usage": [1, 2, 3, 4, 5, 6, 7, 8, 13]},
				{"appName": "Chrome", "usage": [0, 3, 5, 6, 8, 12, 15, 16, 17]},
				{"appName": "트위터", "usage": [1, 3, 7, 8, 11, 17, 23]},
				{"appName": "원격 데스크톱", "usage": [5, 6, 8, 12, 13, 14, 15]},
				{"appName": "전화", "usage": [2, 3, 8, 12, 14, 16]},
				{"appName": "패키지 설치 프로그램", "usage": [1, 4, 8, 17]},
				{"appName": "시계", "usage": [0, 1, 22, 23]},
				{"appName": "메시지", "usage": [1, 2, 5, 8]},
				{"appName": "연락처", "usage": [3, 8, 16]},
				{"appName": "카메라", "usage": [6, 14]},
				{"appName": "계산기", "usage": [6, 7]},
				{"appName": "Logger", "usage": [1, 17]},
				{"appName": "알파카", "usage": [8]},
				{"appName": "안드로이드 시스템", "usage": [5]},
				{"appName": "비디오 플레이어", "usage": [5]},
				{"appName": "갤러리", "usage": [17]},
				{"appName": "Microsoft Band", "usage": [1]},
				{"appName": "ABC Logger", "usage": [17]}
			]
		},
		"maxTime": {
			"usage": 76,
			"details": [
				{"appName": "오락_OK캐쉬백", "usage": 248},
				{"appName": "TVING", "usage": 49},
				{"appName": "계산기", "usage": 14},
				{"appName": "카카오톡", "usage": 6},
				{"appName": "Chrome", "usage": 4},
				{"appName": "Polar Beat", "usage": 3},
				{"appName": "트위터", "usage": 1},
				{"appName": "원격 데스크톱", "usage": 1},
				{"appName": "메시지", "usage": 1},
				{"appName": "TouchWiz 홈", "usage": 1},
				{"appName": "전화", "usage": 0},
				{"appName": "설정", "usage": 0},
				{"appName": "알파카", "usage": 0},
				{"appName": "Paco", "usage": 0},
				{"appName": "비디오 플레이어", "usage": 0},
				{"appName": "시계", "usage": 0},
				{"appName": "카메라", "usage": 0},
				{"appName": "갤러리", "usage": 0},
				{"appName": "시스템 UI", "usage": 0},
				{"appName": "Logger", "usage": 0},
				{"appName": "연락처", "usage": 0},
				{"appName": "ABC Logger", "usage": 0},
				{"appName": "Microsoft Band", "usage": 0},
				{"appName": "패키지 설치 프로그램", "usage": 0},
				{"appName": "안드로이드 시스템", "usage": 0}
			]
		},
		"avgTime": {
			"usage": 2,
			"details": [
				{"appName": "계산기", "usage": 4},
				{"appName": "TVING", "usage": 3},
				{"appName": "오락_OK캐쉬백", "usage": 1},
				{"appName": "메시지", "usage": 0},
				{"appName": "Chrome", "usage": 0},
				{"appName": "비디오 플레이어", "usage": 0},
				{"appName": "알파카", "usage": 0},
				{"appName": "원격 데스크톱", "usage": 0},
				{"appName": "카메라", "usage": 0},
				{"appName": "카카오톡", "usage": 0},
				{"appName": "Paco", "usage": 0},
				{"appName": "설정", "usage": 0},
				{"appName": "Polar Beat", "usage": 0},
				{"appName": "트위터", "usage": 0},
				{"appName": "전화", "usage": 0},
				{"appName": "갤러리", "usage": 0},
				{"appName": "연락처", "usage": 0},
				{"appName": "시계", "usage": 0},
				{"appName": "TouchWiz 홈", "usage": 0},
				{"appName": "ABC Logger", "usage": 0},
				{"appName": "Logger", "usage": 0},
				{"appName": "Microsoft Band", "usage": 0},
				{"appName": "안드로이드 시스템", "usage": 0},
				{"appName": "시스템 UI", "usage": 0},
				{"appName": "패키지 설치 프로그램", "usage": 0}
			]
		},
		"lastPickup": {"time": 0}
	},
	{
		"date": 2,
		"totalTime": {
			"usage": 369,
			"details": [
				{"appName": "오락_OK캐쉬백", "usage": 741},
				{"appName": "TVING", "usage": 145},
				{"appName": "롯데시네마", "usage": 17},
				{"appName": "트위터", "usage": 17},
				{"appName": "Chrome", "usage": 15},
				{"appName": "카카오톡", "usage": 14},
				{"appName": "지니 뮤직", "usage": 6},
				{"appName": "Paco", "usage": 6},
				{"appName": "전화", "usage": 5},
				{"appName": "JAM Live", "usage": 4},
				{"appName": "토스", "usage": 3},
				{"appName": "Polar Beat", "usage": 2},
				{"appName": "설정", "usage": 2},
				{"appName": "시스템 UI", "usage": 2},
				{"appName": "메시지", "usage": 2},
				{"appName": "카카오뱅크", "usage": 1},
				{"appName": "연락처", "usage": 1},
				{"appName": "Google Play 스토어", "usage": 0},
				{"appName": "Logger", "usage": 0},
				{"appName": "OK Cashbag", "usage": 0},
				{"appName": "시계", "usage": 0},
				{"appName": "Briefing", "usage": 0},
				{"appName": "카메라", "usage": 0},
				{"appName": "Dropsync", "usage": 0},
				{"appName": "패키지 설치 프로그램", "usage": 0},
				{"appName": "TouchWiz 홈", "usage": -4506}
			]
		},
		"pickups": {"usage": 172},
		"downTime": {
			"usage": [
				{"hour": "0", "usage": 6},
				{"hour": "1", "usage": 10},
				{"hour": "2", "usage": 27},
				{"hour": "3", "usage": 58},
				{"hour": "4", "usage": 52},
				{"hour": "5", "usage": 29},
				{"hour": "6", "usage": 0},
				{"hour": "7", "usage": 13},
				{"hour": "8", "usage": 12},
				{"hour": "9", "usage": 23},
				{"hour": "10", "usage": 20},
				{"hour": "11", "usage": 3},
				{"hour": "12", "usage": 15},
				{"hour": "13", "usage": 17},
				{"hour": "14", "usage": 12},
				{"hour": "18", "usage": 20},
				{"hour": "20", "usage": 15},
				{"hour": "21", "usage": 11},
				{"hour": "23", "usage": 12}
			],
			"details": [
				{"appName": "오락_OK캐쉬백", "usage": [0, 1, 2, 3, 4, 5, 7, 8, 9, 10, 11, 12, 13, 14, 15, 16, 17, 18, 19, 20, 21, 22, 23]},
				{"appName": "시스템 UI", "usage": [0, 1, 2, 3, 4, 5, 7, 9, 10, 11, 12, 13]},
				{"appName": "카카오톡", "usage": [0, 1, 2, 3, 4, 5, 7, 8, 9, 10]},
				{"appName": "Paco", "usage": [1, 2, 5, 6, 7, 9, 10, 12]},
				{"appName": "Chrome", "usage": [1, 2, 3, 5, 9, 10, 11, 12]},
				{"appName": "TVING", "usage": [2, 3, 4, 5, 7, 9, 10]},
				{"appName": "전화", "usage": [5, 6, 7, 11, 12, 23]},
				{"appName": "TouchWiz 홈", "usage": [0, 1, 2, 3, 5, 7]},
				{"appName": "트위터", "usage": [0, 2, 7, 9, 10]},
				{"appName": "설정", "usage": [0, 3, 7, 10, 13]},
				{"appName": "메시지", "usage": [3, 4, 10, 12]},
				{"appName": "Polar Beat", "usage": [0, 1, 13]},
				{"appName": "패키지 설치 프로그램", "usage": [0, 13]},
				{"appName": "토스", "usage": [2, 10]},
				{"appName": "카카오뱅크", "usage": [1, 2]},
				{"appName": "연락처", "usage": [5, 12]},
				{"appName": "시계", "usage": [0, 1]},
				{"appName": "롯데시네마", "usage": [8, 13]},
				{"appName": "OK Cashbag", "usage": [2, 8]},
				{"appName": "Logger", "usage": [0, 13]},
				{"appName": "JAM Live", "usage": [2, 3]},
				{"appName": "Briefing", "usage": [7, 13]},
				{"appName": "카메라", "usage": [1]},
				{"appName": "지니 뮤직", "usage": [9]},
				{"appName": "Google Play 스토어", "usage": [2]},
				{"appName": "Dropsync", "usage": [2]}
			]
		},
		"maxTime": {
			"usage": 72,
			"details": [
				{"appName": "오락_OK캐쉬백", "usage": 223},
				{"appName": "TVING", "usage": 48},
				{"appName": "롯데시네마", "usage": 11},
				{"appName": "전화", "usage": 3},
				{"appName": "지니 뮤직", "usage": 3},
				{"appName": "Chrome", "usage": 2},
				{"appName": "트위터", "usage": 1},
				{"appName": "카카오톡", "usage": 1},
				{"appName": "JAM Live", "usage": 1},
				{"appName": "메시지", "usage": 0},
				{"appName": "설정", "usage": 0},
				{"appName": "토스", "usage": 0},
				{"appName": "Paco", "usage": 0},
				{"appName": "TouchWiz 홈", "usage": 0},
				{"appName": "카카오뱅크", "usage": 0},
				{"appName": "Polar Beat", "usage": 0},
				{"appName": "Google Play 스토어", "usage": 0},
				{"appName": "연락처", "usage": 0},
				{"appName": "Logger", "usage": 0},
				{"appName": "시스템 UI", "usage": 0},
				{"appName": "시계", "usage": 0},
				{"appName": "Briefing", "usage": 0},
				{"appName": "OK Cashbag", "usage": 0},
				{"appName": "카메라", "usage": 0},
				{"appName": "Dropsync", "usage": 0},
				{"appName": "패키지 설치 프로그램", "usage": 0}
			]
		},
		"avgTime": {
			"usage": 2,
			"details": [
				{"appName": "TVING", "usage": 5},
				{"appName": "오락_OK캐쉬백", "usage": 3},
				{"appName": "롯데시네마", "usage": 2},
				{"appName": "Chrome", "usage": 0},
				{"appName": "지니 뮤직", "usage": 0},
				{"appName": "Google Play 스토어", "usage": 0},
				{"appName": "메시지", "usage": 0},
				{"appName": "JAM Live", "usage": 0},
				{"appName": "설정", "usage": 0},
				{"appName": "트위터", "usage": 0},
				{"appName": "Paco", "usage": 0},
				{"appName": "연락처", "usage": 0},
				{"appName": "전화", "usage": 0},
				{"appName": "토스", "usage": 0},
				{"appName": "Polar Beat", "usage": 0},
				{"appName": "카카오뱅크", "usage": 0},
				{"appName": "카카오톡", "usage": 0},
				{"appName": "카메라", "usage": 0},
				{"appName": "Logger", "usage": 0},
				{"appName": "시스템 UI", "usage": 0},
				{"appName": "시계", "usage": 0},
				{"appName": "Briefing", "usage": 0},
				{"appName": "Dropsync", "usage": 0},
				{"appName": "OK Cashbag", "usage": 0},
				{"appName": "패키지 설치 프로그램", "usage": 0},
				{"appName": "TouchWiz 홈", "usage": -83}
			]
		},
		"lastPickup": {"time": 3}
	},
	{
		"date": 3,
		"totalTime": {
			"usage": 618,
			"details": [
				{"appName": "TVING", "usage": 443},
				{"appName": "오락_OK캐쉬백", "usage": 438},
				{"appName": "고양이가 귀여운", "usage": 20},
				{"appName": "트위터", "usage": 15},
				{"appName": "코레일톡", "usage": 10},
				{"appName": "비둘기키우기", "usage": 8},
				{"appName": "설정", "usage": 8},
				{"appName": "Chrome", "usage": 7},
				{"appName": "카카오톡", "usage": 7},
				{"appName": "Paco", "usage": 4},
				{"appName": "Google Play 스토어", "usage": 3},
				{"appName": "시스템 UI", "usage": 2},
				{"appName": "", "usage": 2},
				{"appName": "카카오 T", "usage": 2},
				{"appName": "고양이는 정말 귀여워", "usage": 1},
				{"appName": "전화", "usage": 1},
				{"appName": "CaptivePortalLogin", "usage": 0},
				{"appName": "계산기", "usage": 0},
				{"appName": "메시지", "usage": 0},
				{"appName": "갤러리", "usage": 0},
				{"appName": "포토 에디터", "usage": 0},
				{"appName": "연락처", "usage": 0},
				{"appName": "패키지 설치 프로그램", "usage": 0},
				{"appName": "카메라", "usage": 0},
				{"appName": "Polar Beat", "usage": 0},
				{"appName": "Google Play 게임", "usage": 0},
				{"appName": "Smart​Things", "usage": 0},
				{"appName": "CashLeaflet", "usage": 0},
				{"appName": "카카오페이지", "usage": 0},
				{"appName": "알파카", "usage": 0},
				{"appName": "Google Play 서비스", "usage": 0},
				{"appName": "안드로이드 시스템", "usage": 0},
				{"appName": "Microsoft Band", "usage": 0},
				{"appName": "Logger", "usage": 0},
				{"appName": "Dropsync", "usage": 0},
				{"appName": "Briefing", "usage": 0},
				{"appName": "S보이스", "usage": 0},
				{"appName": "TouchWiz 홈", "usage": -1310}
			]
		},
		"pickups": {"usage": 106},
		"downTime": {
			"usage": [
				{"hour": "0", "usage": 24},
				{"hour": "1", "usage": 58},
				{"hour": "2", "usage": 50},
				{"hour": "3", "usage": 24},
				{"hour": "4", "usage": 60},
				{"hour": "5", "usage": 4},
				{"hour": "6", "usage": 47},
				{"hour": "7", "usage": 4},
				{"hour": "8", "usage": 54},
				{"hour": "9", "usage": 35},
				{"hour": "10", "usage": 15},
				{"hour": "11", "usage": 19},
				{"hour": "12", "usage": 16},
				{"hour": "13", "usage": 52},
				{"hour": "14", "usage": 53},
				{"hour": "15", "usage": 60},
				{"hour": "16", "usage": 23},
				{"hour": "19", "usage": 11},
				{"hour": "23", "usage": 0}
			],
			"details": [
				{"appName": "오락_OK캐쉬백", "usage": [0, 1, 2, 3, 5, 6, 7, 8, 9, 10, 11, 12, 13, 14, 16, 19, 20, 21, 22, 23]},
				{"appName": "TVING", "usage": [1, 2, 3, 4, 5, 6, 7, 8, 9, 10, 11, 12, 13, 14, 15, 16, 19]},
				{"appName": "시스템 UI", "usage": [0, 1, 2, 3, 4, 6, 8, 9, 10, 11, 12, 13, 14]},
				{"appName": "Paco", "usage": [1, 2, 3, 4, 6, 8, 9, 10, 11, 13]},
				{"appName": "TouchWiz 홈", "usage": [0, 1, 2, 3, 6, 8, 9, 10]},
				{"appName": "설정", "usage": [1, 2, 3, 8, 9, 12, 13]},
				{"appName": "트위터", "usage": [0, 1, 8, 9, 10]},
				{"appName": "Chrome", "usage": [1, 2, 7, 8, 16]},
				{"appName": "패키지 설치 프로그램", "usage": [2, 8, 9, 13]},
				{"appName": "카카오톡", "usage": [6, 11, 12, 13]},
				{"appName": "전화", "usage": [0, 2, 3, 12]},
				{"appName": "연락처", "usage": [3, 8]},
				{"appName": "메시지", "usage": [0, 8]},
				{"appName": "갤러리", "usage": [8, 10]},
				{"appName": "Polar Beat", "usage": [1, 13]},
				{"appName": "Logger", "usage": [9, 13]},
				{"appName": "CaptivePortalLogin", "usage": [1, 2]},
				{"appName": "포토 에디터", "usage": [8]},
				{"appName": "코레일톡", "usage": [1]},
				{"appName": "카카오페이지", "usage": [12]},
				{"appName": "카카오 T", "usage": [0]},
				{"appName": "카메라", "usage": [8]},
				{"appName": "알파카", "usage": [8]},
				{"appName": "안드로이드 시스템", "usage": [8]},
				{"appName": "비둘기키우기", "usage": [8]},
				{"appName": "고양이는 정말 귀여워", "usage": [8]},
				{"appName": "고양이가 귀여운", "usage": [8]},
				{"appName": "계산기", "usage": [11]},
				{"appName": "S보이스", "usage": [5]},
				{"appName": "Smart​Things", "usage": [2]},
				{"appName": "Microsoft Band", "usage": [8]},
				{"appName": "Google Play 스토어", "usage": [8]},
				{"appName": "Google Play 서비스", "usage": [8]},
				{"appName": "Google Play 게임", "usage": [8]},
				{"appName": "Dropsync", "usage": [2]},
				{"appName": "CashLeaflet", "usage": [8]},
				{"appName": "Briefing", "usage": [8]},
				{"appName": "", "usage": [8]}
			]
		},
		"maxTime": {
			"usage": 82,
			"details": [
				{"appName": "오락_OK캐쉬백", "usage": 253},
				{"appName": "TVING", "usage": 81},
				{"appName": "비둘기키우기", "usage": 8},
				{"appName": "고양이가 귀여운", "usage": 6},
				{"appName": "트위터", "usage": 1},
				{"appName": "Chrome", "usage": 1},
				{"appName": "", "usage": 1},
				{"appName": "고양이는 정말 귀여워", "usage": 1},
				{"appName": "설정", "usage": 1},
				{"appName": "Google Play 스토어", "usage": 0},
				{"appName": "계산기", "usage": 0},
				{"appName": "전화", "usage": 0},
				{"appName": "코레일톡", "usage": 0},
				{"appName": "갤러리", "usage": 0},
				{"appName": "카카오톡", "usage": 0},
				{"appName": "Paco", "usage": 0},
				{"appName": "카메라", "usage": 0},
				{"appName": "포토 에디터", "usage": 0},
				{"appName": "TouchWiz 홈", "usage": 0},
				{"appName": "카카오 T", "usage": 0},
				{"appName": "시스템 UI", "usage": 0},
				{"appName": "Smart​Things", "usage": 0},
				{"appName": "CaptivePortalLogin", "usage": 0},
				{"appName": "알파카", "usage": 0},
				{"appName": "메시지", "usage": 0},
				{"appName": "CashLeaflet", "usage": 0},
				{"appName": "패키지 설치 프로그램", "usage": 0},
				{"appName": "연락처", "usage": 0},
				{"appName": "Google Play 게임", "usage": 0},
				{"appName": "안드로이드 시스템", "usage": 0},
				{"appName": "Polar Beat", "usage": 0},
				{"appName": "Microsoft Band", "usage": 0},
				{"appName": "Dropsync", "usage": 0},
				{"appName": "카카오페이지", "usage": 0},
				{"appName": "Logger", "usage": 0},
				{"appName": "Briefing", "usage": 0},
				{"appName": "Google Play 서비스", "usage": 0},
				{"appName": "S보이스", "usage": 0}
			]
		},
		"avgTime": {
			"usage": 5,
			"details": [
				{"appName": "TVING", "usage": 4},
				{"appName": "비둘기키우기", "usage": 2},
				{"appName": "오락_OK캐쉬백", "usage": 2},
				{"appName": "고양이가 귀여운", "usage": 1},
				{"appName": "", "usage": 1},
				{"appName": "고양이는 정말 귀여워", "usage": 0},
				{"appName": "카메라", "usage": 0},
				{"appName": "갤러리", "usage": 0},
				{"appName": "Chrome", "usage": 0},
				{"appName": "계산기", "usage": 0},
				{"appName": "알파카", "usage": 0},
				{"appName": "CaptivePortalLogin", "usage": 0},
				{"appName": "설정", "usage": 0},
				{"appName": "트위터", "usage": 0},
				{"appName": "포토 에디터", "usage": 0},
				{"appName": "Paco", "usage": 0},
				{"appName": "전화", "usage": 0},
				{"appName": "안드로이드 시스템", "usage": 0},
				{"appName": "Dropsync", "usage": 0},
				{"appName": "Google Play 스토어", "usage": 0},
				{"appName": "카카오톡", "usage": 0},
				{"appName": "Smart​Things", "usage": 0},
				{"appName": "카카오 T", "usage": 0},
				{"appName": "메시지", "usage": 0},
				{"appName": "CashLeaflet", "usage": 0},
				{"appName": "연락처", "usage": 0},
				{"appName": "Microsoft Band", "usage": 0},
				{"appName": "Briefing", "usage": 0},
				{"appName": "패키지 설치 프로그램", "usage": 0},
				{"appName": "카카오페이지", "usage": 0},
				{"appName": "Google Play 게임", "usage": 0},
				{"appName": "Polar Beat", "usage": 0},
				{"appName": "시스템 UI", "usage": 0},
				{"appName": "코레일톡", "usage": 0},
				{"appName": "Logger", "usage": 0},
				{"appName": "Google Play 서비스", "usage": 0},
				{"appName": "S보이스", "usage": 0},
				{"appName": "TouchWiz 홈", "usage": -26}
			]
		},
		"lastPickup": {"time": 0}
	},
	{
		"date": 4,
		"totalTime": {
			"usage": 517,
			"details": [
				{"appName": "TVING", "usage": 269},
				{"appName": "오락_OK캐쉬백", "usage": 256},
				{"appName": "Chrome", "usage": 96},
				{"appName": "트위터", "usage": 19},
				{"appName": "Puffin", "usage": 16},
				{"appName": "지니 뮤직", "usage": 7},
				{"appName": "전화", "usage": 7},
				{"appName": "카카오톡", "usage": 5},
				{"appName": "코레일톡", "usage": 5},
				{"appName": "설정", "usage": 5},
				{"appName": "Paco", "usage": 4},
				{"appName": "Polar Beat", "usage": 3},
				{"appName": "Samsung Pay", "usage": 2},
				{"appName": "연락처", "usage": 2},
				{"appName": "시스템 UI", "usage": 2},
				{"appName": "디바이스 관리", "usage": 2},
				{"appName": "AccuBattery", "usage": 1},
				{"appName": "메시지", "usage": 1},
				{"appName": "카메라", "usage": 0},
				{"appName": "카카오뱅크", "usage": 0},
				{"appName": "알파카", "usage": 0},
				{"appName": "카카오 T", "usage": 0},
				{"appName": "11번가", "usage": 0},
				{"appName": "시계", "usage": 0},
				{"appName": "스마트명세서", "usage": 0},
				{"appName": "CaptivePortalLogin", "usage": 0},
				{"appName": "밥대생", "usage": 0},
				{"appName": "카카오페이지", "usage": 0},
				{"appName": "갤러리", "usage": 0},
				{"appName": "KT 멤버십", "usage": 0},
				{"appName": "Logger", "usage": 0},
				{"appName": "소프트웨어 업데이트", "usage": 0},
				{"appName": "Briefing", "usage": 0},
				{"appName": "패키지 설치 프로그램", "usage": 0},
				{"appName": "TouchWiz 홈", "usage": -1751}
			]
		},
		"pickups": {"usage": 156},
		"downTime": {
			"usage": [
				{"hour": "0", "usage": 10},
				{"hour": "1", "usage": 26},
				{"hour": "2", "usage": 47},
				{"hour": "3", "usage": 22},
				{"hour": "4", "usage": 33},
				{"hour": "5", "usage": 12},
				{"hour": "6", "usage": 16},
				{"hour": "7", "usage": 36},
				{"hour": "8", "usage": 55},
				{"hour": "9", "usage": 25},
				{"hour": "10", "usage": 14},
				{"hour": "11", "usage": 60},
				{"hour": "12", "usage": 18},
				{"hour": "13", "usage": 6},
				{"hour": "14", "usage": 1},
				{"hour": "15", "usage": 0},
				{"hour": "17", "usage": 0},
				{"hour": "18", "usage": 16},
				{"hour": "20", "usage": 41},
				{"hour": "21", "usage": 45},
				{"hour": "22", "usage": 12},
				{"hour": "23", "usage": 12}
			],
			"details": [
				{"appName": "오락_OK캐쉬백", "usage": [0, 1, 2, 3, 4, 5, 6, 7, 8, 9, 10, 12, 13, 14, 15, 17, 18, 20, 21, 22, 23]},
				{"appName": "시스템 UI", "usage": [1, 2, 3, 4, 5, 6, 7, 8, 9, 10, 11, 12, 13, 18, 20, 22, 23]},
				{"appName": "TVING", "usage": [1, 2, 3, 4, 5, 6, 7, 8, 9, 10, 11, 12]},
				{"appName": "전화", "usage": [0, 3, 4, 5, 6, 7, 9, 11]},
				{"appName": "Paco", "usage": [2, 3, 5, 6, 7, 9, 11, 12]},
				{"appName": "Chrome", "usage": [5, 8, 9, 10, 13, 20, 21, 23]},
				{"appName": "설정", "usage": [1, 7, 8, 9, 10, 13, 23]},
				{"appName": "TouchWiz 홈", "usage": [1, 2, 3, 5, 6, 7, 8]},
				{"appName": "트위터", "usage": [1, 10, 14, 21, 22, 23]},
				{"appName": "카카오톡", "usage": [7, 8, 10, 21, 22, 23]},
				{"appName": "연락처", "usage": [3, 5, 7, 9, 12]},
				{"appName": "지니 뮤직", "usage": [7, 10, 21, 22]},
				{"appName": "시계", "usage": [17, 20, 21, 23]},
				{"appName": "메시지", "usage": [4, 5, 12, 13]},
				{"appName": "Polar Beat", "usage": [1, 9, 10, 13]},
				{"appName": "패키지 설치 프로그램", "usage": [1, 13]},
				{"appName": "카메라", "usage": [10, 23]},
				{"appName": "Logger", "usage": [1, 13]},
				{"appName": "CaptivePortalLogin", "usage": [8, 9]},
				{"appName": "AccuBattery", "usage": [9, 22]},
				{"appName": "코레일톡", "usage": [8]},
				{"appName": "카카오페이지", "usage": [1]},
				{"appName": "카카오뱅크", "usage": [9]},
				{"appName": "카카오 T", "usage": [8]},
				{"appName": "알파카", "usage": [13]},
				{"appName": "스마트명세서", "usage": [8]},
				{"appName": "소프트웨어 업데이트", "usage": [18]},
				{"appName": "밥대생", "usage": [23]},
				{"appName": "디바이스 관리", "usage": [9]},
				{"appName": "갤러리", "usage": [10]},
				{"appName": "Samsung Pay", "usage": [8]},
				{"appName": "Puffin", "usage": [18]},
				{"appName": "KT 멤버십", "usage": [8]},
				{"appName": "Briefing", "usage": [8]},
				{"appName": "11번가", "usage": [12]}
			]
		},
		"maxTime": {
			"usage": 77,
			"details": [
				{"appName": "Chrome", "usage": 51},
				{"appName": "오락_OK캐쉬백", "usage": 47},
				{"appName": "TVING", "usage": 44},
				{"appName": "Puffin", "usage": 16},
				{"appName": "지니 뮤직", "usage": 6},
				{"appName": "트위터", "usage": 2},
				{"appName": "Samsung Pay", "usage": 2},
				{"appName": "코레일톡", "usage": 1},
				{"appName": "전화", "usage": 1},
				{"appName": "Polar Beat", "usage": 1},
				{"appName": "카카오톡", "usage": 1},
				{"appName": "AccuBattery", "usage": 0},
				{"appName": "설정", "usage": 0},
				{"appName": "알파카", "usage": 0},
				{"appName": "Paco", "usage": 0},
				{"appName": "디바이스 관리", "usage": 0},
				{"appName": "연락처", "usage": 0},
				{"appName": "메시지", "usage": 0},
				{"appName": "카메라", "usage": 0},
				{"appName": "11번가", "usage": 0},
				{"appName": "TouchWiz 홈", "usage": 0},
				{"appName": "CaptivePortalLogin", "usage": 0},
				{"appName": "스마트명세서", "usage": 0},
				{"appName": "밥대생", "usage": 0},
				{"appName": "카카오뱅크", "usage": 0},
				{"appName": "시계", "usage": 0},
				{"appName": "카카오 T", "usage": 0},
				{"appName": "갤러리", "usage": 0},
				{"appName": "시스템 UI", "usage": 0},
				{"appName": "KT 멤버십", "usage": 0},
				{"appName": "카카오페이지", "usage": 0},
				{"appName": "소프트웨어 업데이트", "usage": 0},
				{"appName": "Logger", "usage": 0},
				{"appName": "Briefing", "usage": 0},
				{"appName": "패키지 설치 프로그램", "usage": 0}
			]
		},
		"avgTime": {
			"usage": 3,
			"details": [
				{"appName": "Puffin", "usage": 8},
				{"appName": "Chrome", "usage": 3},
				{"appName": "TVING", "usage": 2},
				{"appName": "Samsung Pay", "usage": 1},
				{"appName": "오락_OK캐쉬백", "usage": 1},
				{"appName": "지니 뮤직", "usage": 0},
				{"appName": "알파카", "usage": 0},
				{"appName": "AccuBattery", "usage": 0},
				{"appName": "스마트명세서", "usage": 0},
				{"appName": "전화", "usage": 0},
				{"appName": "CaptivePortalLogin", "usage": 0},
				{"appName": "트위터", "usage": 0},
				{"appName": "카메라", "usage": 0},
				{"appName": "Paco", "usage": 0},
				{"appName": "갤러리", "usage": 0},
				{"appName": "Polar Beat", "usage": 0},
				{"appName": "설정", "usage": 0},
				{"appName": "디바이스 관리", "usage": 0},
				{"appName": "연락처", "usage": 0},
				{"appName": "메시지", "usage": 0},
				{"appName": "코레일톡", "usage": 0},
				{"appName": "11번가", "usage": 0},
				{"appName": "카카오톡", "usage": 0},
				{"appName": "밥대생", "usage": 0},
				{"appName": "KT 멤버십", "usage": 0},
				{"appName": "카카오 T", "usage": 0},
				{"appName": "카카오뱅크", "usage": 0},
				{"appName": "시계", "usage": 0},
				{"appName": "카카오페이지", "usage": 0},
				{"appName": "시스템 UI", "usage": 0},
				{"appName": "소프트웨어 업데이트", "usage": 0},
				{"appName": "Briefing", "usage": 0},
				{"appName": "Logger", "usage": 0},
				{"appName": "패키지 설치 프로그램", "usage": 0},
				{"appName": "TouchWiz 홈", "usage": -43}
			]
		},
		"lastPickup": {"time": 0}
	},
	{
		"date": 5,
		"totalTime": {
			"usage": 384,
			"details": [
				{"appName": "오락_OK캐쉬백", "usage": 566},
				{"appName": "Chrome", "usage": 78},
				{"appName": "TVING", "usage": 49},
				{"appName": "트위터", "usage": 32},
				{"appName": "카카오톡", "usage": 30},
				{"appName": "TouchWiz 홈", "usage": 12},
				{"appName": "설정", "usage": 11},
				{"appName": "시계", "usage": 7},
				{"appName": "Paco", "usage": 7},
				{"appName": "11번가", "usage": 4},
				{"appName": "시스템 UI", "usage": 3},
				{"appName": "카카오뱅크", "usage": 3},
				{"appName": "Polar Beat", "usage": 3},
				{"appName": "토스", "usage": 2},
				{"appName": "원격 데스크톱", "usage": 2},
				{"appName": "지니 뮤직", "usage": 2},
				{"appName": "전화", "usage": 1},
				{"appName": "연락처", "usage": 1},
				{"appName": "Briefing", "usage": 0},
				{"appName": "지도", "usage": 0},
				{"appName": "우체국 스마트뱅킹", "usage": 0},
				{"appName": "알파카", "usage": 0},
				{"appName": "소프트웨어 업데이트", "usage": 0},
				{"appName": "Logger", "usage": 0},
				{"appName": "패키지 설치 프로그램", "usage": 0},
				{"appName": "메시지", "usage": -139309021228995}
			]
		},
		"pickups": {"usage": 215},
		"downTime": {
			"usage": [
				{"hour": "0", "usage": 11},
				{"hour": "1", "usage": 10},
				{"hour": "2", "usage": 16},
				{"hour": "3", "usage": 47},
				{"hour": "4", "usage": 44},
				{"hour": "5", "usage": 1},
				{"hour": "6", "usage": 5},
				{"hour": "7", "usage": 30},
				{"hour": "8", "usage": 44},
				{"hour": "9", "usage": 42},
				{"hour": "10", "usage": 14},
				{"hour": "11", "usage": 3},
				{"hour": "12", "usage": 27},
				{"hour": "13", "usage": 1},
				{"hour": "14", "usage": 20},
				{"hour": "15", "usage": 5},
				{"hour": "16", "usage": 20},
				{"hour": "21", "usage": 14},
				{"hour": "22", "usage": 21}
			],
			"details": [
				{"appName": "오락_OK캐쉬백", "usage": [0, 1, 2, 3, 4, 5, 6, 7, 8, 9, 10, 11, 12, 13, 14, 15, 16, 17, 18, 19, 20, 21, 22]},
				{"appName": "TouchWiz 홈", "usage": [0, 1, 2, 3, 4, 6, 7, 8, 9, 10, 11, 12, 14, 15, 16]},
				{"appName": "시스템 UI", "usage": [1, 2, 3, 4, 6, 7, 8, 9, 10, 12, 14, 15, 16]},
				{"appName": "트위터", "usage": [0, 1, 2, 3, 4, 6, 7, 9, 10, 15, 16]},
				{"appName": "설정", "usage": [0, 1, 3, 4, 7, 9, 10, 11, 12, 14, 16]},
				{"appName": "카카오톡", "usage": [0, 1, 2, 3, 4, 5, 6, 7, 8, 14]},
				{"appName": "Paco", "usage": [1, 2, 3, 4, 6, 7, 8, 9, 10, 12]},
				{"appName": "Chrome", "usage": [1, 2, 3, 4, 7, 8, 9, 10, 12, 16]},
				{"appName": "전화", "usage": [1, 2, 6, 7, 8, 12, 14]},
				{"appName": "Polar Beat", "usage": [0, 1, 2, 3, 4, 7, 14]},
				{"appName": "지니 뮤직", "usage": [6, 7, 8, 12]},
				{"appName": "연락처", "usage": [1, 2, 3, 7]},
				{"appName": "시계", "usage": [1, 16, 21, 22]},
				{"appName": "원격 데스크톱", "usage": [1, 2, 7]},
				{"appName": "TVING", "usage": [3, 9, 16]},
				{"appName": "패키지 설치 프로그램", "usage": [1, 14]},
				{"appName": "Logger", "usage": [1, 14]},
				{"appName": "Briefing", "usage": [1, 4]},
				{"appName": "11번가", "usage": [2, 16]},
				{"appName": "토스", "usage": [16]},
				{"appName": "카카오뱅크", "usage": [7]},
				{"appName": "지도", "usage": [2]},
				{"appName": "우체국 스마트뱅킹", "usage": [16]},
				{"appName": "알파카", "usage": [16]},
				{"appName": "소프트웨어 업데이트", "usage": [7]},
				{"appName": "메시지", "usage": []}
			]
		},
		"maxTime": {
			"usage": 26,
			"details": [
				{"appName": "오락_OK캐쉬백", "usage": 302},
				{"appName": "Chrome", "usage": 14},
				{"appName": "TVING", "usage": 12},
				{"appName": "카카오톡", "usage": 9},
				{"appName": "시계", "usage": 4},
				{"appName": "트위터", "usage": 2},
				{"appName": "11번가", "usage": 2},
				{"appName": "설정", "usage": 2},
				{"appName": "토스", "usage": 1},
				{"appName": "TouchWiz 홈", "usage": 1},
				{"appName": "Paco", "usage": 1},
				{"appName": "원격 데스크톱", "usage": 0},
				{"appName": "전화", "usage": 0},
				{"appName": "지도", "usage": 0},
				{"appName": "카카오뱅크", "usage": 0},
				{"appName": "Polar Beat", "usage": 0},
				{"appName": "지니 뮤직", "usage": 0},
				{"appName": "연락처", "usage": 0},
				{"appName": "Briefing", "usage": 0},
				{"appName": "알파카", "usage": 0},
				{"appName": "시스템 UI", "usage": 0},
				{"appName": "우체국 스마트뱅킹", "usage": 0},
				{"appName": "소프트웨어 업데이트", "usage": 0},
				{"appName": "Logger", "usage": 0},
				{"appName": "패키지 설치 프로그램", "usage": 0},
				{"appName": "메시지", "usage": 0}
			]
		},
		"avgTime": {
			"usage": 1,
			"details": [
				{"appName": "오락_OK캐쉬백", "usage": 1},
				{"appName": "Chrome", "usage": 1},
				{"appName": "TVING", "usage": 1},
				{"appName": "시계", "usage": 1},
				{"appName": "지도", "usage": 0},
				{"appName": "11번가", "usage": 0},
				{"appName": "설정", "usage": 0},
				{"appName": "원격 데스크톱", "usage": 0},
				{"appName": "알파카", "usage": 0},
				{"appName": "토스", "usage": 0},
				{"appName": "카카오톡", "usage": 0},
				{"appName": "Paco", "usage": 0},
				{"appName": "트위터", "usage": 0},
				{"appName": "연락처", "usage": 0},
				{"appName": "Polar Beat", "usage": 0},
				{"appName": "TouchWiz 홈", "usage": 0},
				{"appName": "소프트웨어 업데이트", "usage": 0},
				{"appName": "전화", "usage": 0},
				{"appName": "지니 뮤직", "usage": 0},
				{"appName": "Briefing", "usage": 0},
				{"appName": "카카오뱅크", "usage": 0},
				{"appName": "우체국 스마트뱅킹", "usage": 0},
				{"appName": "시스템 UI", "usage": 0},
				{"appName": "Logger", "usage": 0},
				{"appName": "패키지 설치 프로그램", "usage": 0},
				{"appName": "메시지", "usage": -139309021228995}
			]
		},
		"lastPickup": {"time": 10}
	},
	{
		"date": 6,
		"totalTime": {
			"usage": 935,
			"details": [
				{"appName": "트위터", "usage": 477},
				{"appName": "오락_OK캐쉬백", "usage": 221},
				{"appName": "카카오톡", "usage": 184},
				{"appName": "TVING", "usage": 176},
				{"appName": "Chrome", "usage": 15},
				{"appName": "Polar Beat", "usage": 10},
				{"appName": "설정", "usage": 8},
				{"appName": "11번가", "usage": 4},
				{"appName": "Paco", "usage": 4},
				{"appName": "전화", "usage": 3},
				{"appName": "메시지", "usage": 2},
				{"appName": "시스템 UI", "usage": 1},
				{"appName": "지니 뮤직", "usage": 1},
				{"appName": "연락처", "usage": 1},
				{"appName": "CLiP", "usage": 0},
				{"appName": "시계", "usage": 0},
				{"appName": "Briefing", "usage": 0},
				{"appName": "JAM Live", "usage": 0},
				{"appName": "Logger", "usage": 0},
				{"appName": "Google", "usage": 0},
				{"appName": "패키지 설치 프로그램", "usage": 0},
				{"appName": "Google Play 스토어", "usage": 0},
				{"appName": "TouchWiz 홈", "usage": -1274}
			]
		},
		"pickups": {"usage": 150},
		"downTime": {
			"usage": [
				{"hour": "0", "usage": 19},
				{"hour": "1", "usage": 60},
				{"hour": "2", "usage": 23},
				{"hour": "3", "usage": 16},
				{"hour": "4", "usage": 38},
				{"hour": "5", "usage": 57},
				{"hour": "6", "usage": 60},
				{"hour": "7", "usage": 13},
				{"hour": "8", "usage": 16},
				{"hour": "9", "usage": 45},
				{"hour": "10", "usage": 54},
				{"hour": "11", "usage": 32},
				{"hour": "12", "usage": 26},
				{"hour": "13", "usage": 6},
				{"hour": "14", "usage": 0},
				{"hour": "15", "usage": 10},
				{"hour": "16", "usage": 22}
			],
			"details": [
				{"appName": "오락_OK캐쉬백", "usage": [0, 2, 3, 4, 5, 7, 8, 9, 10, 11, 12, 13, 14, 15, 16]},
				{"appName": "카카오톡", "usage": [0, 1, 2, 3, 4, 8, 9, 10, 12, 13, 14, 15, 16]},
				{"appName": "시스템 UI", "usage": [3, 4, 5, 6, 7, 8, 10, 11, 12, 13, 15, 16]},
				{"appName": "설정", "usage": [4, 5, 9, 10, 11, 12, 13, 15, 16]},
				{"appName": "TouchWiz 홈", "usage": [0, 2, 3, 4, 5, 6, 7, 8, 9]},
				{"appName": "트위터", "usage": [2, 3, 9, 10, 11, 12, 13, 16]},
				{"appName": "Paco", "usage": [4, 5, 6, 7, 8, 10, 11, 12]},
				{"appName": "Chrome", "usage": [2, 3, 6, 7, 9, 10, 11]},
				{"appName": "TVING", "usage": [3, 4, 5, 6, 11, 12]},
				{"appName": "전화", "usage": [3, 8, 12, 16]},
				{"appName": "연락처", "usage": [3, 8, 12, 16]},
				{"appName": "메시지", "usage": [4, 6, 12, 16]},
				{"appName": "Polar Beat", "usage": [4, 10, 15, 16]},
				{"appName": "패키지 설치 프로그램", "usage": [4, 15]},
				{"appName": "지니 뮤직", "usage": [7, 8]},
				{"appName": "시계", "usage": [0, 2]},
				{"appName": "Logger", "usage": [4, 15]},
				{"appName": "Briefing", "usage": [7, 16]},
				{"appName": "JAM Live", "usage": [4]},
				{"appName": "Google Play 스토어", "usage": [11]},
				{"appName": "Google", "usage": [12]},
				{"appName": "CLiP", "usage": [16]},
				{"appName": "11번가", "usage": [13]}
			]
		},
		"maxTime": {
			"usage": 430,
			"details": [
				{"appName": "트위터", "usage": 438},
				{"appName": "카카오톡", "usage": 79},
				{"appName": "오락_OK캐쉬백", "usage": 65},
				{"appName": "TVING", "usage": 37},
				{"appName": "Chrome", "usage": 10},
				{"appName": "설정", "usage": 3},
				{"appName": "11번가", "usage": 1},
				{"appName": "메시지", "usage": 1},
				{"appName": "Polar Beat", "usage": 1},
				{"appName": "지니 뮤직", "usage": 0},
				{"appName": "전화", "usage": 0},
				{"appName": "Paco", "usage": 0},
				{"appName": "TouchWiz 홈", "usage": 0},
				{"appName": "CLiP", "usage": 0},
				{"appName": "시스템 UI", "usage": 0},
				{"appName": "연락처", "usage": 0},
				{"appName": "시계", "usage": 0},
				{"appName": "Briefing", "usage": 0},
				{"appName": "JAM Live", "usage": 0},
				{"appName": "Google", "usage": 0},
				{"appName": "Logger", "usage": 0},
				{"appName": "Google Play 스토어", "usage": 0},
				{"appName": "패키지 설치 프로그램", "usage": 0}
			]
		},
		"avgTime": {
			"usage": 6,
			"details": [
				{"appName": "TVING", "usage": 5},
				{"appName": "트위터", "usage": 3},
				{"appName": "Chrome", "usage": 1},
				{"appName": "11번가", "usage": 1},
				{"appName": "오락_OK캐쉬백", "usage": 1},
				{"appName": "카카오톡", "usage": 0},
				{"appName": "메시지", "usage": 0},
				{"appName": "설정", "usage": 0},
				{"appName": "전화", "usage": 0},
				{"appName": "지니 뮤직", "usage": 0},
				{"appName": "Paco", "usage": 0},
				{"appName": "CLiP", "usage": 0},
				{"appName": "Polar Beat", "usage": 0},
				{"appName": "연락처", "usage": 0},
				{"appName": "시계", "usage": 0},
				{"appName": "시스템 UI", "usage": 0},
				{"appName": "JAM Live", "usage": 0},
				{"appName": "Briefing", "usage": 0},
				{"appName": "Google", "usage": 0},
				{"appName": "Logger", "usage": 0},
				{"appName": "Google Play 스토어", "usage": 0},
				{"appName": "패키지 설치 프로그램", "usage": 0},
				{"appName": "TouchWiz 홈", "usage": -55}
			]
		},
		"lastPickup": {"time": 430}
	},
	{
		"date": 7,
		"totalTime": {
			"usage": 1006,
			"details": [
				{"appName": "Chrome", "usage": 364},
				{"appName": "TVING", "usage": 330},
				{"appName": "오락_OK캐쉬백", "usage": 125},
				{"appName": "지니 뮤직", "usage": 57},
				{"appName": "Netflix", "usage": 33},
				{"appName": "카카오톡", "usage": 21},
				{"appName": "트위터", "usage": 19},
				{"appName": "Polar Beat", "usage": 8},
				{"appName": "TouchWiz 홈", "usage": 6},
				{"appName": "Paco", "usage": 5},
				{"appName": "11번가", "usage": 5},
				{"appName": "YouTube", "usage": 4},
				{"appName": "메시지", "usage": 4},
				{"appName": "설정", "usage": 4},
				{"appName": "전화", "usage": 2},
				{"appName": "ABC Logger", "usage": 2},
				{"appName": "시스템 UI", "usage": 1},
				{"appName": "Dropsync", "usage": 0},
				{"appName": "토스", "usage": 0},
				{"appName": "연락처", "usage": 0},
				{"appName": "카메라", "usage": 0},
				{"appName": "갤러리", "usage": 0},
				{"appName": "텔레그램", "usage": 0},
				{"appName": "안드로이드 시스템", "usage": 0},
				{"appName": "Gmail", "usage": 0},
				{"appName": "카카오뱅크", "usage": 0},
				{"appName": "Logger", "usage": 0},
				{"appName": "시계", "usage": 0},
				{"appName": "OK Cashbag", "usage": 0},
				{"appName": "패키지 설치 프로그램", "usage": 0}
			]
		},
		"pickups": {"usage": 117},
		"downTime": {
			"usage": [
				{"hour": "0", "usage": 53},
				{"hour": "1", "usage": 47},
				{"hour": "2", "usage": 52},
				{"hour": "3", "usage": 46},
				{"hour": "4", "usage": 27},
				{"hour": "5", "usage": 8},
				{"hour": "6", "usage": 41},
				{"hour": "7", "usage": 59},
				{"hour": "8", "usage": 36},
				{"hour": "9", "usage": 41},
				{"hour": "10", "usage": 26},
				{"hour": "11", "usage": 34},
				{"hour": "12", "usage": 24},
				{"hour": "13", "usage": 10},
				{"hour": "14", "usage": 22},
				{"hour": "15", "usage": 58},
				{"hour": "16", "usage": 43},
				{"hour": "17", "usage": 10},
				{"hour": "18", "usage": 8}
			],
			"details": [
				{"appName": "오락_OK캐쉬백", "usage": [0, 1, 2, 3, 4, 5, 6, 7, 8, 9, 10, 11, 12, 13, 14, 15, 16, 17, 18]},
				{"appName": "TouchWiz 홈", "usage": [0, 1, 2, 4, 5, 6, 7, 8, 9, 10, 11, 12, 14, 15, 16, 17, 18]},
				{"appName": "시스템 UI", "usage": [0, 1, 2, 3, 4, 5, 6, 7, 8, 9, 10, 11, 14, 15, 16]},
				{"appName": "Chrome", "usage": [0, 2, 4, 9, 10, 11, 12, 14, 15, 16, 18, 19, 20, 21, 22]},
				{"appName": "TVING", "usage": [1, 2, 3, 4, 5, 6, 7, 10, 11, 15, 17, 18]},
				{"appName": "카카오톡", "usage": [0, 2, 4, 5, 6, 8, 9, 10, 14, 15]},
				{"appName": "Paco", "usage": [2, 4, 6, 7, 8, 9, 10, 11, 12, 14]},
				{"appName": "설정", "usage": [1, 2, 3, 4, 7, 8, 10, 14]},
				{"appName": "지니 뮤직", "usage": [0, 1, 2, 4, 5, 6, 8]},
				{"appName": "전화", "usage": [0, 1, 2, 4, 12]},
				{"appName": "Polar Beat", "usage": [2, 7, 9, 10, 14]},
				{"appName": "트위터", "usage": [9, 14, 15, 16]},
				{"appName": "메시지", "usage": [0, 2, 8, 15]},
				{"appName": "연락처", "usage": [0, 2, 4]},
				{"appName": "ABC Logger", "usage": [0, 1, 2]},
				{"appName": "패키지 설치 프로그램", "usage": [2, 14]},
				{"appName": "안드로이드 시스템", "usage": [8, 9]},
				{"appName": "YouTube", "usage": [0, 16]},
				{"appName": "Netflix", "usage": [8, 9]},
				{"appName": "Logger", "usage": [2, 14]},
				{"appName": "11번가", "usage": [1, 15]},
				{"appName": "토스", "usage": [8]},
				{"appName": "텔레그램", "usage": [8]},
				{"appName": "카카오뱅크", "usage": [1]},
				{"appName": "카메라", "usage": [8]},
				{"appName": "시계", "usage": [16]},
				{"appName": "갤러리", "usage": [8]},
				{"appName": "OK Cashbag", "usage": [9]},
				{"appName": "Gmail", "usage": [8]},
				{"appName": "Dropsync", "usage": [2]}
			]
		},
		"maxTime": {
			"usage": 351,
			"details": [
				{"appName": "Chrome", "usage": 242},
				{"appName": "오락_OK캐쉬백", "usage": 61},
				{"appName": "TVING", "usage": 55},
				{"appName": "지니 뮤직", "usage": 23},
				{"appName": "Netflix", "usage": 11},
				{"appName": "카카오톡", "usage": 5},
				{"appName": "메시지", "usage": 2},
				{"appName": "11번가", "usage": 2},
				{"appName": "트위터", "usage": 2},
				{"appName": "YouTube", "usage": 1},
				{"appName": "ABC Logger", "usage": 1},
				{"appName": "Paco", "usage": 1},
				{"appName": "전화", "usage": 0},
				{"appName": "Dropsync", "usage": 0},
				{"appName": "Polar Beat", "usage": 0},
				{"appName": "토스", "usage": 0},
				{"appName": "설정", "usage": 0},
				{"appName": "TouchWiz 홈", "usage": 0},
				{"appName": "텔레그램", "usage": 0},
				{"appName": "카메라", "usage": 0},
				{"appName": "Gmail", "usage": 0},
				{"appName": "연락처", "usage": 0},
				{"appName": "카카오뱅크", "usage": 0},
				{"appName": "갤러리", "usage": 0},
				{"appName": "시스템 UI", "usage": 0},
				{"appName": "시계", "usage": 0},
				{"appName": "안드로이드 시스템", "usage": 0},
				{"appName": "Logger", "usage": 0},
				{"appName": "OK Cashbag", "usage": 0},
				{"appName": "패키지 설치 프로그램", "usage": 0}
			]
		},
		"avgTime": {
			"usage": 8,
			"details": [
				{"appName": "Chrome", "usage": 6},
				{"appName": "TVING", "usage": 3},
				{"appName": "Netflix", "usage": 1},
				{"appName": "지니 뮤직", "usage": 0},
				{"appName": "메시지", "usage": 0},
				{"appName": "오락_OK캐쉬백", "usage": 0},
				{"appName": "11번가", "usage": 0},
				{"appName": "YouTube", "usage": 0},
				{"appName": "Dropsync", "usage": 0},
				{"appName": "카메라", "usage": 0},
				{"appName": "ABC Logger", "usage": 0},
				{"appName": "Gmail", "usage": 0},
				{"appName": "트위터", "usage": 0},
				{"appName": "텔레그램", "usage": 0},
				{"appName": "토스", "usage": 0},
				{"appName": "설정", "usage": 0},
				{"appName": "카카오톡", "usage": 0},
				{"appName": "Paco", "usage": 0},
				{"appName": "전화", "usage": 0},
				{"appName": "Polar Beat", "usage": 0},
				{"appName": "시계", "usage": 0},
				{"appName": "안드로이드 시스템", "usage": 0},
				{"appName": "카카오뱅크", "usage": 0},
				{"appName": "갤러리", "usage": 0},
				{"appName": "연락처", "usage": 0},
				{"appName": "TouchWiz 홈", "usage": 0},
				{"appName": "시스템 UI", "usage": 0},
				{"appName": "Logger", "usage": 0},
				{"appName": "OK Cashbag", "usage": 0},
				{"appName": "패키지 설치 프로그램", "usage": 0}
			]
		},
		"lastPickup": {"time": 351}
	}
]
