[
	{
		"date": 1,
		"totalTime": {
			"usage": 228,
			"details": [
				{"appName": "해피스크린", "usage": 5692},
				{"appName": "카카오톡", "usage": 42},
				{"appName": "Chrome", "usage": 26},
				{"appName": "기본홈(홈&앱서랍)", "usage": 25},
				{"appName": "Google Play 스토어", "usage": 19},
				{"appName": "H&M", "usage": 17},
				{"appName": "Melon", "usage": 16},
				{"appName": "Paco", "usage": 14},
				{"appName": "Wi-Fi", "usage": 14},
				{"appName": "Polar Beat", "usage": 5},
				{"appName": "Facebook", "usage": 4},
				{"appName": "갤러리", "usage": 3},
				{"appName": "Vivino", "usage": 3},
				{"appName": "메시지", "usage": 3},
				{"appName": "통화 화면", "usage": 3},
				{"appName": "YouTube", "usage": 1},
				{"appName": "설정", "usage": 1},
				{"appName": "밥대생", "usage": 1},
				{"appName": "KT 멤버십", "usage": 0},
				{"appName": "Logger", "usage": 0},
				{"appName": "접근성", "usage": 0},
				{"appName": "주소록", "usage": 0},
				{"appName": "Google Play 서비스", "usage": 0},
				{"appName": "시스템 UI", "usage": 0},
				{"appName": "해피포인트", "usage": 0},
				{"appName": "네이버 지도", "usage": 0},
				{"appName": "알람/시계", "usage": 0},
				{"appName": "Bluetooth", "usage": 0},
				{"appName": "패키지 설치 프로그램", "usage": 0},
				{"appName": "CLiP", "usage": 0},
				{"appName": "Google", "usage": 0},
				{"appName": "마이 케이티", "usage": 0},
				{"appName": "날씨", "usage": 0},
				{"appName": "통화 관리", "usage": 0},
				{"appName": "CaptivePortalLogin", "usage": 0}
			]
		},
		"pickups": {"usage": 107},
		"downTime": {
			"usage": [
				{"hour": "0", "usage": 28},
				{"hour": "1", "usage": 25},
				{"hour": "2", "usage": 21},
				{"hour": "3", "usage": 4},
				{"hour": "4", "usage": 8},
				{"hour": "5", "usage": 17},
				{"hour": "6", "usage": 3},
				{"hour": "7", "usage": 51},
				{"hour": "8", "usage": 24},
				{"hour": "9", "usage": 7},
				{"hour": "10", "usage": 15},
				{"hour": "11", "usage": 8},
				{"hour": "13", "usage": 6},
				{"hour": "14", "usage": 0},
				{"hour": "15", "usage": 1},
				{"hour": "16", "usage": 1},
				{"hour": "23", "usage": 0}
			],
			"details": [
				{"appName": "기본홈(홈&앱서랍)", "usage": [0, 1, 2, 3, 4, 5, 6, 7, 8, 9, 10, 11, 13, 14, 15, 16]},
				{"appName": "카카오톡", "usage": [0, 1, 2, 3, 4, 5, 6, 7, 8, 9, 10, 11, 13, 14, 15]},
				{"appName": "Paco", "usage": [0, 1, 2, 3, 4, 5, 6, 7, 8, 9, 10, 11]},
				{"appName": "시스템 UI", "usage": [1, 2, 5, 7, 8, 11]},
				{"appName": "해피스크린", "usage": [0, 1, 2, 3, 4]},
				{"appName": "패키지 설치 프로그램", "usage": [0, 2, 5, 8, 11]},
				{"appName": "통화 화면", "usage": [2, 3, 13, 15, 16]},
				{"appName": "주소록", "usage": [2, 3, 13, 15, 16]},
				{"appName": "설정", "usage": [0, 1, 2, 4, 5]},
				{"appName": "Logger", "usage": [0, 2, 8, 10, 11]},
				{"appName": "Chrome", "usage": [0, 1, 2, 5, 8]},
				{"appName": "통화 관리", "usage": [2, 3, 13, 15]},
				{"appName": "Polar Beat", "usage": [0, 2, 4, 11]},
				{"appName": "Google Play 스토어", "usage": [4, 5, 7, 8]},
				{"appName": "메시지", "usage": [2, 5, 7]},
				{"appName": "갤러리", "usage": [0, 2, 11]},
				{"appName": "Facebook", "usage": [0, 1, 5]},
				{"appName": "접근성", "usage": [0, 2]},
				{"appName": "알람/시계", "usage": [14, 15]},
				{"appName": "Wi-Fi", "usage": [0, 7]},
				{"appName": "Melon", "usage": [7, 8]},
				{"appName": "KT 멤버십", "usage": [0, 5]},
				{"appName": "H&M", "usage": [0, 1]},
				{"appName": "CLiP", "usage": [4, 5]},
				{"appName": "해피포인트", "usage": [0]},
				{"appName": "밥대생", "usage": [3]},
				{"appName": "마이 케이티", "usage": [5]},
				{"appName": "네이버 지도", "usage": [0]},
				{"appName": "날씨", "usage": [5]},
				{"appName": "YouTube", "usage": [2]},
				{"appName": "Vivino", "usage": [9]},
				{"appName": "Google Play 서비스", "usage": [1]},
				{"appName": "Google", "usage": [5]},
				{"appName": "CaptivePortalLogin", "usage": [9]},
				{"appName": "Bluetooth", "usage": [0]}
			]
		},
		"maxTime": {
			"usage": 28,
			"details": [
				{"appName": "해피스크린", "usage": 5571},
				{"appName": "Wi-Fi", "usage": 13},
				{"appName": "기본홈(홈&앱서랍)", "usage": 12},
				{"appName": "Google Play 스토어", "usage": 6},
				{"appName": "Melon", "usage": 5},
				{"appName": "Chrome", "usage": 5},
				{"appName": "Paco", "usage": 4},
				{"appName": "카카오톡", "usage": 3},
				{"appName": "Vivino", "usage": 2},
				{"appName": "Polar Beat", "usage": 2},
				{"appName": "YouTube", "usage": 1},
				{"appName": "통화 화면", "usage": 1},
				{"appName": "Facebook", "usage": 1},
				{"appName": "갤러리", "usage": 1},
				{"appName": "메시지", "usage": 1},
				{"appName": "H&M", "usage": 1},
				{"appName": "설정", "usage": 0},
				{"appName": "Google Play 서비스", "usage": 0},
				{"appName": "접근성", "usage": 0},
				{"appName": "밥대생", "usage": 0},
				{"appName": "해피포인트", "usage": 0},
				{"appName": "KT 멤버십", "usage": 0},
				{"appName": "시스템 UI", "usage": 0},
				{"appName": "네이버 지도", "usage": 0},
				{"appName": "주소록", "usage": 0},
				{"appName": "Logger", "usage": 0},
				{"appName": "알람/시계", "usage": 0},
				{"appName": "Bluetooth", "usage": 0},
				{"appName": "Google", "usage": 0},
				{"appName": "CLiP", "usage": 0},
				{"appName": "패키지 설치 프로그램", "usage": 0},
				{"appName": "마이 케이티", "usage": 0},
				{"appName": "날씨", "usage": 0},
				{"appName": "통화 관리", "usage": 0},
				{"appName": "CaptivePortalLogin", "usage": 0}
			]
		},
		"avgTime": {
			"usage": 2,
			"details": [
				{"appName": "해피스크린", "usage": 105},
				{"appName": "Wi-Fi", "usage": 2},
				{"appName": "Chrome", "usage": 1},
				{"appName": "Melon", "usage": 1},
				{"appName": "YouTube", "usage": 0},
				{"appName": "통화 화면", "usage": 0},
				{"appName": "갤러리", "usage": 0},
				{"appName": "Google Play 스토어", "usage": 0},
				{"appName": "Vivino", "usage": 0},
				{"appName": "Paco", "usage": 0},
				{"appName": "Facebook", "usage": 0},
				{"appName": "H&M", "usage": 0},
				{"appName": "Polar Beat", "usage": 0},
				{"appName": "메시지", "usage": 0},
				{"appName": "설정", "usage": 0},
				{"appName": "KT 멤버십", "usage": 0},
				{"appName": "Google Play 서비스", "usage": 0},
				{"appName": "기본홈(홈&앱서랍)", "usage": 0},
				{"appName": "밥대생", "usage": 0},
				{"appName": "카카오톡", "usage": 0},
				{"appName": "접근성", "usage": 0},
				{"appName": "해피포인트", "usage": 0},
				{"appName": "네이버 지도", "usage": 0},
				{"appName": "알람/시계", "usage": 0},
				{"appName": "Google", "usage": 0},
				{"appName": "시스템 UI", "usage": 0},
				{"appName": "주소록", "usage": 0},
				{"appName": "Logger", "usage": 0},
				{"appName": "Bluetooth", "usage": 0},
				{"appName": "CLiP", "usage": 0},
				{"appName": "마이 케이티", "usage": 0},
				{"appName": "날씨", "usage": 0},
				{"appName": "패키지 설치 프로그램", "usage": 0},
				{"appName": "통화 관리", "usage": 0},
				{"appName": "CaptivePortalLogin", "usage": 0}
			]
		},
		"lastPickup": {"time": 0}
	},
	{
		"date": 2,
		"totalTime": {
			"usage": 124,
			"details": [
				{"appName": "Chrome", "usage": 29},
				{"appName": "YouTube", "usage": 28},
				{"appName": "카카오톡", "usage": 14},
				{"appName": "기본홈(홈&앱서랍)", "usage": 12},
				{"appName": "통화 화면", "usage": 7},
				{"appName": "Facebook", "usage": 7},
				{"appName": "Paco", "usage": 4},
				{"appName": "KB스타뱅킹", "usage": 3},
				{"appName": "마이 홈플러스", "usage": 3},
				{"appName": "카카오택시", "usage": 2},
				{"appName": "메시지", "usage": 1},
				{"appName": "갤러리", "usage": 0},
				{"appName": "Polar Beat", "usage": 0},
				{"appName": "카카오뱅크", "usage": 0},
				{"appName": "시스템 UI", "usage": 0},
				{"appName": "주소록", "usage": 0},
				{"appName": "CLiP", "usage": 0},
				{"appName": "접근성", "usage": 0},
				{"appName": "Logger", "usage": 0},
				{"appName": "날씨", "usage": 0},
				{"appName": "Android 시스템", "usage": 0},
				{"appName": "패키지 설치 프로그램", "usage": 0},
				{"appName": "통화 관리", "usage": 0},
				{"appName": "원스토어", "usage": 0},
				{"appName": "해피스크린", "usage": 0}
			]
		},
		"pickups": {"usage": 83},
		"downTime": {
			"usage": [
				{"hour": "3", "usage": 11},
				{"hour": "4", "usage": 7},
				{"hour": "5", "usage": 28},
				{"hour": "6", "usage": 4},
				{"hour": "7", "usage": 2},
				{"hour": "8", "usage": 5},
				{"hour": "9", "usage": 8},
				{"hour": "10", "usage": 22},
				{"hour": "11", "usage": 2},
				{"hour": "12", "usage": 6},
				{"hour": "13", "usage": 11},
				{"hour": "14", "usage": 0},
				{"hour": "15", "usage": 0},
				{"hour": "16", "usage": 5},
				{"hour": "17", "usage": 0},
				{"hour": "23", "usage": 4}
			],
			"details": [
				{"appName": "기본홈(홈&앱서랍)", "usage": [3, 4, 5, 6, 7, 8, 9, 10, 11, 12, 13, 14, 15, 16, 17, 23]},
				{"appName": "카카오톡", "usage": [5, 7, 8, 9, 11, 12, 13, 14, 15, 16, 17, 23]},
				{"appName": "Chrome", "usage": [3, 4, 5, 6, 7, 8, 11, 12, 13, 16, 17]},
				{"appName": "Paco", "usage": [3, 5, 6, 7, 8, 9, 11, 12, 13]},
				{"appName": "통화 화면", "usage": [4, 5, 8]},
				{"appName": "시스템 UI", "usage": [5, 8, 13]},
				{"appName": "CLiP", "usage": [3, 12, 13]},
				{"appName": "주소록", "usage": [5, 8]},
				{"appName": "메시지", "usage": [5, 23]},
				{"appName": "날씨", "usage": [10, 11]},
				{"appName": "갤러리", "usage": [5, 13]},
				{"appName": "YouTube", "usage": [9, 10]},
				{"appName": "Facebook", "usage": [5, 8]},
				{"appName": "해피스크린", "usage": [3]},
				{"appName": "패키지 설치 프로그램", "usage": [13]},
				{"appName": "통화 관리", "usage": [8]},
				{"appName": "카카오택시", "usage": [13]},
				{"appName": "카카오뱅크", "usage": [13]},
				{"appName": "접근성", "usage": [13]},
				{"appName": "원스토어", "usage": [5]},
				{"appName": "마이 홈플러스", "usage": [13]},
				{"appName": "Polar Beat", "usage": [13]},
				{"appName": "Logger", "usage": [13]},
				{"appName": "KB스타뱅킹", "usage": [5]},
				{"appName": "Android 시스템", "usage": [3]}
			]
		},
		"maxTime": {
			"usage": 28,
			"details": [
				{"appName": "YouTube", "usage": 28},
				{"appName": "기본홈(홈&앱서랍)", "usage": 7},
				{"appName": "통화 화면", "usage": 6},
				{"appName": "Chrome", "usage": 5},
				{"appName": "마이 홈플러스", "usage": 2},
				{"appName": "카카오톡", "usage": 2},
				{"appName": "Facebook", "usage": 2},
				{"appName": "카카오택시", "usage": 2},
				{"appName": "KB스타뱅킹", "usage": 1},
				{"appName": "메시지", "usage": 1},
				{"appName": "Polar Beat", "usage": 0},
				{"appName": "카카오뱅크", "usage": 0},
				{"appName": "Paco", "usage": 0},
				{"appName": "갤러리", "usage": 0},
				{"appName": "주소록", "usage": 0},
				{"appName": "시스템 UI", "usage": 0},
				{"appName": "CLiP", "usage": 0},
				{"appName": "Logger", "usage": 0},
				{"appName": "해피스크린", "usage": 0},
				{"appName": "날씨", "usage": 0},
				{"appName": "Android 시스템", "usage": 0},
				{"appName": "접근성", "usage": 0},
				{"appName": "패키지 설치 프로그램", "usage": 0},
				{"appName": "통화 관리", "usage": 0},
				{"appName": "원스토어", "usage": 0}
			]
		},
		"avgTime": {
			"usage": 1,
			"details": [
				{"appName": "YouTube", "usage": 14},
				{"appName": "통화 화면", "usage": 1},
				{"appName": "Chrome", "usage": 1},
				{"appName": "마이 홈플러스", "usage": 0},
				{"appName": "Facebook", "usage": 0},
				{"appName": "KB스타뱅킹", "usage": 0},
				{"appName": "카카오택시", "usage": 0},
				{"appName": "갤러리", "usage": 0},
				{"appName": "Polar Beat", "usage": 0},
				{"appName": "기본홈(홈&앱서랍)", "usage": 0},
				{"appName": "주소록", "usage": 0},
				{"appName": "메시지", "usage": 0},
				{"appName": "Paco", "usage": 0},
				{"appName": "카카오톡", "usage": 0},
				{"appName": "카카오뱅크", "usage": 0},
				{"appName": "Logger", "usage": 0},
				{"appName": "시스템 UI", "usage": 0},
				{"appName": "Android 시스템", "usage": 0},
				{"appName": "날씨", "usage": 0},
				{"appName": "접근성", "usage": 0},
				{"appName": "CLiP", "usage": 0},
				{"appName": "패키지 설치 프로그램", "usage": 0},
				{"appName": "통화 관리", "usage": 0},
				{"appName": "원스토어", "usage": 0},
				{"appName": "해피스크린", "usage": 0}
			]
		},
		"lastPickup": {"time": 0}
	},
	{
		"date": 3,
		"totalTime": {
			"usage": 177,
			"details": [
				{"appName": "해피스크린", "usage": 923},
				{"appName": "Chrome", "usage": 47},
				{"appName": "카카오톡", "usage": 21},
				{"appName": "Booking.com", "usage": 18},
				{"appName": "통화 화면", "usage": 7},
				{"appName": "기본홈(홈&앱서랍)", "usage": 7},
				{"appName": "Facebook", "usage": 6},
				{"appName": "주소록", "usage": 6},
				{"appName": "KB스타뱅킹", "usage": 4},
				{"appName": "Paco", "usage": 3},
				{"appName": "뱅크샐러드", "usage": 2},
				{"appName": "네이버 지도", "usage": 2},
				{"appName": "메시지", "usage": 1},
				{"appName": "YouTube", "usage": 1},
				{"appName": "Logger", "usage": 1},
				{"appName": "KT 멤버십", "usage": 0},
				{"appName": "SSGPAY", "usage": 0},
				{"appName": "카카오뱅크", "usage": 0},
				{"appName": "Polar Beat", "usage": 0},
				{"appName": "해피포인트", "usage": 0},
				{"appName": "접근성", "usage": 0},
				{"appName": "시스템 UI", "usage": 0},
				{"appName": "올원뱅크", "usage": 0},
				{"appName": "계산기", "usage": 0},
				{"appName": "CLiP", "usage": 0},
				{"appName": "음악", "usage": 0},
				{"appName": "Q메모+", "usage": 0},
				{"appName": "Bluetooth", "usage": 0},
				{"appName": "카카오택시", "usage": 0},
				{"appName": "LG 키보드", "usage": 0},
				{"appName": "패키지 설치 프로그램", "usage": 0},
				{"appName": "통화 관리", "usage": 0},
				{"appName": "드라이브", "usage": 0}
			]
		},
		"pickups": {"usage": 104},
		"downTime": {
			"usage": [
				{"hour": "0", "usage": 4},
				{"hour": "1", "usage": 3},
				{"hour": "2", "usage": 3},
				{"hour": "3", "usage": 40},
				{"hour": "4", "usage": 16},
				{"hour": "5", "usage": 0},
				{"hour": "6", "usage": 24},
				{"hour": "7", "usage": 7},
				{"hour": "8", "usage": 7},
				{"hour": "9", "usage": 7},
				{"hour": "10", "usage": 11},
				{"hour": "11", "usage": 1},
				{"hour": "12", "usage": 8},
				{"hour": "13", "usage": 4},
				{"hour": "14", "usage": 0},
				{"hour": "15", "usage": 6},
				{"hour": "20", "usage": 0},
				{"hour": "23", "usage": 0}
			],
			"details": [
				{"appName": "해피스크린", "usage": [4, 5, 6, 7, 8, 9, 10, 11, 12, 13, 14, 15, 16, 17, 18, 19, 20, 21, 22, 23]},
				{"appName": "기본홈(홈&앱서랍)", "usage": [0, 1, 2, 3, 4, 5, 6, 7, 8, 9, 10, 11, 12, 13, 15, 20]},
				{"appName": "카카오톡", "usage": [2, 3, 4, 5, 6, 7, 8, 11, 12, 13, 15]},
				{"appName": "Chrome", "usage": [0, 2, 3, 4, 6, 7, 8, 9, 10, 11, 13]},
				{"appName": "Paco", "usage": [2, 3, 6, 7, 8, 9, 10]},
				{"appName": "통화 화면", "usage": [4, 6, 7, 8, 10, 20]},
				{"appName": "통화 관리", "usage": [4, 6, 7, 8, 10, 20]},
				{"appName": "주소록", "usage": [4, 6, 7, 8, 10, 20]},
				{"appName": "시스템 UI", "usage": [1, 4, 6, 10, 12]},
				{"appName": "메시지", "usage": [2, 3, 10, 13]},
				{"appName": "네이버 지도", "usage": [3, 4, 6]},
				{"appName": "패키지 설치 프로그램", "usage": [1, 10]},
				{"appName": "접근성", "usage": [1, 10]},
				{"appName": "YouTube", "usage": [0, 1]},
				{"appName": "Q메모+", "usage": [4, 9]},
				{"appName": "Polar Beat", "usage": [1, 10]},
				{"appName": "Logger", "usage": [1, 10]},
				{"appName": "KB스타뱅킹", "usage": [6, 15]},
				{"appName": "CLiP", "usage": [2, 15]},
				{"appName": "해피포인트", "usage": [4]},
				{"appName": "카카오택시", "usage": [15]},
				{"appName": "카카오뱅크", "usage": [6]},
				{"appName": "음악", "usage": [11]},
				{"appName": "올원뱅크", "usage": [15]},
				{"appName": "뱅크샐러드", "usage": [6]},
				{"appName": "드라이브", "usage": [3]},
				{"appName": "계산기", "usage": [6]},
				{"appName": "SSGPAY", "usage": [15]},
				{"appName": "LG 키보드", "usage": [3]},
				{"appName": "KT 멤버십", "usage": [15]},
				{"appName": "Facebook", "usage": [4]},
				{"appName": "Booking.com", "usage": [3]},
				{"appName": "Bluetooth", "usage": [1]}
			]
		},
		"maxTime": {
			"usage": 27,
			"details": [
				{"appName": "해피스크린", "usage": 291},
				{"appName": "Chrome", "usage": 5},
				{"appName": "주소록", "usage": 5},
				{"appName": "Facebook", "usage": 3},
				{"appName": "Booking.com", "usage": 1},
				{"appName": "카카오톡", "usage": 1},
				{"appName": "뱅크샐러드", "usage": 1},
				{"appName": "통화 화면", "usage": 1},
				{"appName": "YouTube", "usage": 1},
				{"appName": "기본홈(홈&앱서랍)", "usage": 0},
				{"appName": "네이버 지도", "usage": 0},
				{"appName": "KB스타뱅킹", "usage": 0},
				{"appName": "Logger", "usage": 0},
				{"appName": "메시지", "usage": 0},
				{"appName": "SSGPAY", "usage": 0},
				{"appName": "KT 멤버십", "usage": 0},
				{"appName": "Paco", "usage": 0},
				{"appName": "올원뱅크", "usage": 0},
				{"appName": "계산기", "usage": 0},
				{"appName": "카카오뱅크", "usage": 0},
				{"appName": "Polar Beat", "usage": 0},
				{"appName": "해피포인트", "usage": 0},
				{"appName": "접근성", "usage": 0},
				{"appName": "시스템 UI", "usage": 0},
				{"appName": "음악", "usage": 0},
				{"appName": "CLiP", "usage": 0},
				{"appName": "Bluetooth", "usage": 0},
				{"appName": "Q메모+", "usage": 0},
				{"appName": "카카오택시", "usage": 0},
				{"appName": "LG 키보드", "usage": 0},
				{"appName": "패키지 설치 프로그램", "usage": 0},
				{"appName": "드라이브", "usage": 0},
				{"appName": "통화 관리", "usage": 0}
			]
		},
		"avgTime": {
			"usage": 1,
			"details": [
				{"appName": "해피스크린", "usage": 8},
				{"appName": "Facebook", "usage": 1},
				{"appName": "Chrome", "usage": 1},
				{"appName": "통화 화면", "usage": 0},
				{"appName": "주소록", "usage": 0},
				{"appName": "뱅크샐러드", "usage": 0},
				{"appName": "YouTube", "usage": 0},
				{"appName": "KB스타뱅킹", "usage": 0},
				{"appName": "KT 멤버십", "usage": 0},
				{"appName": "SSGPAY", "usage": 0},
				{"appName": "올원뱅크", "usage": 0},
				{"appName": "네이버 지도", "usage": 0},
				{"appName": "계산기", "usage": 0},
				{"appName": "Logger", "usage": 0},
				{"appName": "Booking.com", "usage": 0},
				{"appName": "메시지", "usage": 0},
				{"appName": "Paco", "usage": 0},
				{"appName": "카카오톡", "usage": 0},
				{"appName": "해피포인트", "usage": 0},
				{"appName": "카카오뱅크", "usage": 0},
				{"appName": "기본홈(홈&앱서랍)", "usage": 0},
				{"appName": "접근성", "usage": 0},
				{"appName": "Polar Beat", "usage": 0},
				{"appName": "Bluetooth", "usage": 0},
				{"appName": "시스템 UI", "usage": 0},
				{"appName": "CLiP", "usage": 0},
				{"appName": "음악", "usage": 0},
				{"appName": "Q메모+", "usage": 0},
				{"appName": "카카오택시", "usage": 0},
				{"appName": "LG 키보드", "usage": 0},
				{"appName": "패키지 설치 프로그램", "usage": 0},
				{"appName": "드라이브", "usage": 0},
				{"appName": "통화 관리", "usage": 0}
			]
		},
		"lastPickup": {"time": 27}
	},
	{
		"date": 4,
		"totalTime": {
			"usage": 437,
			"details": [
				{"appName": "해피스크린", "usage": 995},
				{"appName": "Chrome", "usage": 135},
				{"appName": "Booking.com", "usage": 113},
				{"appName": "YouTube", "usage": 8},
				{"appName": "기본홈(홈&앱서랍)", "usage": 6},
				{"appName": "지도", "usage": 6},
				{"appName": "Paco", "usage": 2},
				{"appName": "카카오톡", "usage": 2},
				{"appName": "Melon", "usage": 2},
				{"appName": "KB스타뱅킹", "usage": 1},
				{"appName": "Polar Beat", "usage": 1},
				{"appName": "알람/시계", "usage": 1},
				{"appName": "통화 화면", "usage": 0},
				{"appName": "네이버 지도", "usage": 0},
				{"appName": "접근성", "usage": 0},
				{"appName": "갤러리", "usage": 0},
				{"appName": "KT 멤버십", "usage": 0},
				{"appName": "CLiP", "usage": 0},
				{"appName": "캘린더", "usage": 0},
				{"appName": "Google", "usage": 0},
				{"appName": "메시지", "usage": 0},
				{"appName": "시스템 UI", "usage": 0},
				{"appName": "Q메모+", "usage": 0},
				{"appName": "주소록", "usage": 0},
				{"appName": "날씨", "usage": 0},
				{"appName": "드라이브", "usage": 0},
				{"appName": "Android 시스템", "usage": 0},
				{"appName": "Logger", "usage": 0},
				{"appName": "Bluetooth", "usage": 0},
				{"appName": "패키지 설치 프로그램", "usage": 0}
			]
		},
		"pickups": {"usage": 60},
		"downTime": {
			"usage": [
				{"hour": "0", "usage": 60},
				{"hour": "1", "usage": 59},
				{"hour": "2", "usage": 19},
				{"hour": "3", "usage": 13},
				{"hour": "4", "usage": 21},
				{"hour": "5", "usage": 12},
				{"hour": "6", "usage": 2},
				{"hour": "7", "usage": 7},
				{"hour": "8", "usage": 13},
				{"hour": "9", "usage": 1},
				{"hour": "10", "usage": 7},
				{"hour": "11", "usage": 30},
				{"hour": "12", "usage": 37},
				{"hour": "13", "usage": 60},
				{"hour": "14", "usage": 53},
				{"hour": "15", "usage": 21},
				{"hour": "16", "usage": 1},
				{"hour": "23", "usage": 1}
			],
			"details": [
				{"appName": "해피스크린", "usage": [0, 1, 2, 3, 4, 5, 6, 7, 8, 9, 10, 11, 12, 14, 15, 16, 17, 18, 19, 20, 21, 22, 23]},
				{"appName": "기본홈(홈&앱서랍)", "usage": [1, 2, 3, 4, 5, 6, 7, 8, 10, 11, 12, 13, 14, 15, 16, 23]},
				{"appName": "Chrome", "usage": [2, 3, 4, 5, 6, 7, 8, 9, 10, 11, 12, 13, 14, 15, 16, 23]},
				{"appName": "Paco", "usage": [2, 3, 4, 6, 8, 10, 11, 12, 13]},
				{"appName": "카카오톡", "usage": [1, 11, 13, 14, 23]},
				{"appName": "YouTube", "usage": [3, 4, 6, 7, 23]},
				{"appName": "Polar Beat", "usage": [2, 4, 5, 6, 12]},
				{"appName": "시스템 UI", "usage": [2, 5, 13, 15]},
				{"appName": "Q메모+", "usage": [4, 11, 12, 15]},
				{"appName": "패키지 설치 프로그램", "usage": [2, 4, 6]},
				{"appName": "접근성", "usage": [2, 4, 6]},
				{"appName": "Logger", "usage": [2, 4, 6]},
				{"appName": "Booking.com", "usage": [12, 13, 14]},
				{"appName": "알람/시계", "usage": [15, 23]},
				{"appName": "Bluetooth", "usage": [1, 23]},
				{"appName": "통화 화면", "usage": [2]},
				{"appName": "캘린더", "usage": [2]},
				{"appName": "지도", "usage": [8]},
				{"appName": "주소록", "usage": [2]},
				{"appName": "메시지", "usage": [6]},
				{"appName": "드라이브", "usage": [16]},
				{"appName": "네이버 지도", "usage": [7]},
				{"appName": "날씨", "usage": [2]},
				{"appName": "갤러리", "usage": [4]},
				{"appName": "Melon", "usage": [4]},
				{"appName": "KT 멤버십", "usage": [3]},
				{"appName": "KB스타뱅킹", "usage": [3]},
				{"appName": "Google", "usage": [4]},
				{"appName": "CLiP", "usage": [10]},
				{"appName": "Android 시스템", "usage": [14]}
			]
		},
		"maxTime": {
			"usage": 128,
			"details": [
				{"appName": "해피스크린", "usage": 438},
				{"appName": "Chrome", "usage": 27},
				{"appName": "지도", "usage": 6},
				{"appName": "YouTube", "usage": 4},
				{"appName": "Booking.com", "usage": 4},
				{"appName": "Melon", "usage": 2},
				{"appName": "KB스타뱅킹", "usage": 1},
				{"appName": "기본홈(홈&앱서랍)", "usage": 0},
				{"appName": "카카오톡", "usage": 0},
				{"appName": "통화 화면", "usage": 0},
				{"appName": "갤러리", "usage": 0},
				{"appName": "네이버 지도", "usage": 0},
				{"appName": "알람/시계", "usage": 0},
				{"appName": "Polar Beat", "usage": 0},
				{"appName": "Paco", "usage": 0},
				{"appName": "CLiP", "usage": 0},
				{"appName": "KT 멤버십", "usage": 0},
				{"appName": "캘린더", "usage": 0},
				{"appName": "Google", "usage": 0},
				{"appName": "날씨", "usage": 0},
				{"appName": "드라이브", "usage": 0},
				{"appName": "Android 시스템", "usage": 0},
				{"appName": "접근성", "usage": 0},
				{"appName": "주소록", "usage": 0},
				{"appName": "Bluetooth", "usage": 0},
				{"appName": "메시지", "usage": 0},
				{"appName": "시스템 UI", "usage": 0},
				{"appName": "Q메모+", "usage": 0},
				{"appName": "Logger", "usage": 0},
				{"appName": "패키지 설치 프로그램", "usage": 0}
			]
		},
		"avgTime": {
			"usage": 7,
			"details": [
				{"appName": "해피스크린", "usage": 12},
				{"appName": "Chrome", "usage": 3},
				{"appName": "지도", "usage": 3},
				{"appName": "YouTube", "usage": 0},
				{"appName": "Melon", "usage": 0},
				{"appName": "통화 화면", "usage": 0},
				{"appName": "갤러리", "usage": 0},
				{"appName": "CLiP", "usage": 0},
				{"appName": "캘린더", "usage": 0},
				{"appName": "KB스타뱅킹", "usage": 0},
				{"appName": "KT 멤버십", "usage": 0},
				{"appName": "Booking.com", "usage": 0},
				{"appName": "네이버 지도", "usage": 0},
				{"appName": "날씨", "usage": 0},
				{"appName": "드라이브", "usage": 0},
				{"appName": "Android 시스템", "usage": 0},
				{"appName": "Paco", "usage": 0},
				{"appName": "Google", "usage": 0},
				{"appName": "알람/시계", "usage": 0},
				{"appName": "기본홈(홈&앱서랍)", "usage": 0},
				{"appName": "카카오톡", "usage": 0},
				{"appName": "Polar Beat", "usage": 0},
				{"appName": "접근성", "usage": 0},
				{"appName": "Bluetooth", "usage": 0},
				{"appName": "주소록", "usage": 0},
				{"appName": "Q메모+", "usage": 0},
				{"appName": "시스템 UI", "usage": 0},
				{"appName": "메시지", "usage": 0},
				{"appName": "Logger", "usage": 0},
				{"appName": "패키지 설치 프로그램", "usage": 0}
			]
		},
		"lastPickup": {"time": 12}
	},
	{
		"date": 5,
		"totalTime": {
			"usage": 411,
			"details": [
				{"appName": "Chrome", "usage": 237},
				{"appName": "카카오톡", "usage": 62},
				{"appName": "YouTube", "usage": 36},
				{"appName": "기본홈(홈&앱서랍)", "usage": 19},
				{"appName": "통화 화면", "usage": 12},
				{"appName": "Facebook", "usage": 8},
				{"appName": "Paco", "usage": 5},
				{"appName": "KB스타뱅킹", "usage": 3},
				{"appName": "해피포인트", "usage": 2},
				{"appName": "KT 멤버십", "usage": 1},
				{"appName": "주소록", "usage": 1},
				{"appName": "H&M", "usage": 1},
				{"appName": "네이버 지도", "usage": 1},
				{"appName": "갤러리", "usage": 0},
				{"appName": "시스템 UI", "usage": 0},
				{"appName": "Logger", "usage": 0},
				{"appName": "메시지", "usage": 0},
				{"appName": "Polar Beat", "usage": 0},
				{"appName": "Melon", "usage": 0},
				{"appName": "후후", "usage": 0},
				{"appName": "Bluetooth", "usage": 0},
				{"appName": "접근성", "usage": 0},
				{"appName": "CLiP", "usage": 0},
				{"appName": "Q메모+", "usage": 0},
				{"appName": "패키지 설치 프로그램", "usage": 0},
				{"appName": "통화 관리", "usage": 0},
				{"appName": "해피스크린", "usage": -2761}
			]
		},
		"pickups": {"usage": 131},
		"downTime": {
			"usage": [
				{"hour": "0", "usage": 37},
				{"hour": "1", "usage": 38},
				{"hour": "2", "usage": 0},
				{"hour": "3", "usage": 17},
				{"hour": "4", "usage": 12},
				{"hour": "5", "usage": 14},
				{"hour": "6", "usage": 30},
				{"hour": "7", "usage": 17},
				{"hour": "8", "usage": 5},
				{"hour": "9", "usage": 10},
				{"hour": "10", "usage": 9},
				{"hour": "11", "usage": 5},
				{"hour": "12", "usage": 10},
				{"hour": "13", "usage": 1},
				{"hour": "14", "usage": 26},
				{"hour": "15", "usage": 51},
				{"hour": "16", "usage": 9},
				{"hour": "21", "usage": 15},
				{"hour": "22", "usage": 17}
			],
			"details": [
				{"appName": "기본홈(홈&앱서랍)", "usage": [0, 1, 2, 3, 4, 5, 6, 7, 8, 9, 10, 11, 12, 13, 14, 15, 16, 21, 22, 23]},
				{"appName": "카카오톡", "usage": [0, 1, 3, 4, 5, 6, 7, 8, 9, 10, 11, 12, 13, 14, 15, 23]},
				{"appName": "Chrome", "usage": [0, 1, 3, 4, 6, 7, 8, 9, 11, 14, 15, 16, 21, 22, 23]},
				{"appName": "Paco", "usage": [0, 1, 2, 3, 4, 6, 7, 8, 9, 11, 12, 13]},
				{"appName": "통화 화면", "usage": [3, 6, 9, 12, 14, 15]},
				{"appName": "주소록", "usage": [3, 9, 12, 14, 15]},
				{"appName": "해피스크린", "usage": [0, 1, 2, 3]},
				{"appName": "통화 관리", "usage": [3, 9, 12, 15]},
				{"appName": "시스템 UI", "usage": [0, 6, 9, 14]},
				{"appName": "YouTube", "usage": [0, 1, 14]},
				{"appName": "해피포인트", "usage": [0, 3]},
				{"appName": "패키지 설치 프로그램", "usage": [0, 14]},
				{"appName": "Polar Beat", "usage": [0, 14]},
				{"appName": "Logger", "usage": [0, 14]},
				{"appName": "Facebook", "usage": [0, 14]},
				{"appName": "CLiP", "usage": [3, 14]},
				{"appName": "후후", "usage": [1]},
				{"appName": "접근성", "usage": [0]},
				{"appName": "메시지", "usage": [3]},
				{"appName": "네이버 지도", "usage": [0]},
				{"appName": "갤러리", "usage": [4]},
				{"appName": "Q메모+", "usage": [0]},
				{"appName": "KT 멤버십", "usage": [0]},
				{"appName": "KB스타뱅킹", "usage": [6]},
				{"appName": "H&M", "usage": [15]},
				{"appName": "Bluetooth", "usage": [0]},
				{"appName": "Melon", "usage": []}
			]
		},
		"maxTime": {
			"usage": 78,
			"details": [
				{"appName": "Chrome", "usage": 47},
				{"appName": "해피스크린", "usage": 35},
				{"appName": "YouTube", "usage": 31},
				{"appName": "카카오톡", "usage": 6},
				{"appName": "통화 화면", "usage": 5},
				{"appName": "Facebook", "usage": 5},
				{"appName": "기본홈(홈&앱서랍)", "usage": 5},
				{"appName": "Paco", "usage": 2},
				{"appName": "KB스타뱅킹", "usage": 1},
				{"appName": "해피포인트", "usage": 1},
				{"appName": "H&M", "usage": 0},
				{"appName": "KT 멤버십", "usage": 0},
				{"appName": "주소록", "usage": 0},
				{"appName": "네이버 지도", "usage": 0},
				{"appName": "갤러리", "usage": 0},
				{"appName": "Melon", "usage": 0},
				{"appName": "후후", "usage": 0},
				{"appName": "Logger", "usage": 0},
				{"appName": "시스템 UI", "usage": 0},
				{"appName": "Bluetooth", "usage": 0},
				{"appName": "Polar Beat", "usage": 0},
				{"appName": "메시지", "usage": 0},
				{"appName": "접근성", "usage": 0},
				{"appName": "CLiP", "usage": 0},
				{"appName": "Q메모+", "usage": 0},
				{"appName": "패키지 설치 프로그램", "usage": 0},
				{"appName": "통화 관리", "usage": 0}
			]
		},
		"avgTime": {
			"usage": 3,
			"details": [
				{"appName": "YouTube", "usage": 5},
				{"appName": "Chrome", "usage": 4},
				{"appName": "통화 화면", "usage": 1},
				{"appName": "Facebook", "usage": 1},
				{"appName": "갤러리", "usage": 0},
				{"appName": "H&M", "usage": 0},
				{"appName": "KB스타뱅킹", "usage": 0},
				{"appName": "Melon", "usage": 0},
				{"appName": "KT 멤버십", "usage": 0},
				{"appName": "네이버 지도", "usage": 0},
				{"appName": "주소록", "usage": 0},
				{"appName": "해피포인트", "usage": 0},
				{"appName": "Paco", "usage": 0},
				{"appName": "카카오톡", "usage": 0},
				{"appName": "Bluetooth", "usage": 0},
				{"appName": "후후", "usage": 0},
				{"appName": "기본홈(홈&앱서랍)", "usage": 0},
				{"appName": "시스템 UI", "usage": 0},
				{"appName": "Logger", "usage": 0},
				{"appName": "접근성", "usage": 0},
				{"appName": "Polar Beat", "usage": 0},
				{"appName": "메시지", "usage": 0},
				{"appName": "Q메모+", "usage": 0},
				{"appName": "CLiP", "usage": 0},
				{"appName": "패키지 설치 프로그램", "usage": 0},
				{"appName": "통화 관리", "usage": 0},
				{"appName": "해피스크린", "usage": -72}
			]
		},
		"lastPickup": {"time": 78}
	},
	{
		"date": 6,
		"totalTime": {
			"usage": 460,
			"details": [
				{"appName": "해피스크린", "usage": 2253},
				{"appName": "Chrome", "usage": 186},
				{"appName": "YouTube", "usage": 56},
				{"appName": "Booking.com", "usage": 55},
				{"appName": "카카오톡", "usage": 38},
				{"appName": "Melon", "usage": 38},
				{"appName": "H&M", "usage": 32},
				{"appName": "Facebook", "usage": 15},
				{"appName": "기본홈(홈&앱서랍)", "usage": 14},
				{"appName": "통화 화면", "usage": 11},
				{"appName": "KB스타뱅킹", "usage": 6},
				{"appName": "Google", "usage": 5},
				{"appName": "Polar Beat", "usage": 4},
				{"appName": "Paco", "usage": 2},
				{"appName": "위메프", "usage": 2},
				{"appName": "메시지", "usage": 1},
				{"appName": "AhnLab V3 Mobile Security", "usage": 1},
				{"appName": "시스템 UI", "usage": 0},
				{"appName": "Q메모+", "usage": 0},
				{"appName": "계산기", "usage": 0},
				{"appName": "알람/시계", "usage": 0},
				{"appName": "모바일결제 ISP", "usage": 0},
				{"appName": "Android 시스템", "usage": 0},
				{"appName": "네이버 지도", "usage": 0},
				{"appName": "Bluetooth", "usage": 0},
				{"appName": "CLiP", "usage": 0},
				{"appName": "접근성", "usage": 0},
				{"appName": "주소록", "usage": 0},
				{"appName": "캘린더", "usage": 0},
				{"appName": "Logger", "usage": 0},
				{"appName": "날씨", "usage": 0},
				{"appName": "드라이브", "usage": 0},
				{"appName": "통화 관리", "usage": 0},
				{"appName": "패키지 설치 프로그램", "usage": 0}
			]
		},
		"pickups": {"usage": 102},
		"downTime": {
			"usage": [
				{"hour": "0", "usage": 17},
				{"hour": "1", "usage": 36},
				{"hour": "2", "usage": 25},
				{"hour": "3", "usage": 6},
				{"hour": "4", "usage": 4},
				{"hour": "5", "usage": 1},
				{"hour": "6", "usage": 2},
				{"hour": "7", "usage": 17},
				{"hour": "8", "usage": 14},
				{"hour": "9", "usage": 18},
				{"hour": "10", "usage": 42},
				{"hour": "11", "usage": 11},
				{"hour": "12", "usage": 18},
				{"hour": "13", "usage": 29},
				{"hour": "14", "usage": 60},
				{"hour": "15", "usage": 60},
				{"hour": "16", "usage": 47},
				{"hour": "17", "usage": 30},
				{"hour": "23", "usage": 16}
			],
			"details": [
				{"appName": "기본홈(홈&앱서랍)", "usage": [0, 1, 2, 3, 4, 5, 6, 7, 8, 9, 10, 11, 12, 13, 14, 15, 16, 17, 23]},
				{"appName": "해피스크린", "usage": [0, 1, 2, 3, 4, 5, 6, 7, 8, 9, 10, 11, 12, 13, 14, 15, 16]},
				{"appName": "카카오톡", "usage": [0, 1, 2, 3, 5, 7, 8, 9, 10, 11, 12, 13, 14, 15, 16, 23]},
				{"appName": "Chrome", "usage": [1, 2, 3, 4, 5, 6, 7, 8, 10, 11, 12, 13, 15, 16, 17, 23]},
				{"appName": "Paco", "usage": [1, 2, 3, 4, 5, 6, 7, 8, 9, 10, 11]},
				{"appName": "시스템 UI", "usage": [0, 1, 12, 14, 15, 17, 23]},
				{"appName": "YouTube", "usage": [1, 8, 9, 10, 23]},
				{"appName": "Q메모+", "usage": [1, 2, 3, 10, 15]},
				{"appName": "통화 화면", "usage": [2, 7, 8, 13]},
				{"appName": "H&M", "usage": [1, 12, 13, 15]},
				{"appName": "Facebook", "usage": [11, 12, 14, 23]},
				{"appName": "통화 관리", "usage": [2, 8, 13]},
				{"appName": "메시지", "usage": [6, 8, 15]},
				{"appName": "Polar Beat", "usage": [0, 11, 17]},
				{"appName": "Bluetooth", "usage": [0, 10, 17]},
				{"appName": "캘린더", "usage": [7, 14]},
				{"appName": "주소록", "usage": [11, 13]},
				{"appName": "접근성", "usage": [0, 17]},
				{"appName": "알람/시계", "usage": [16, 23]},
				{"appName": "Melon", "usage": [0, 11]},
				{"appName": "KB스타뱅킹", "usage": [14, 15]},
				{"appName": "CLiP", "usage": [3, 13]},
				{"appName": "Booking.com", "usage": [13, 14]},
				{"appName": "패키지 설치 프로그램", "usage": [0]},
				{"appName": "위메프", "usage": [16]},
				{"appName": "모바일결제 ISP", "usage": [16]},
				{"appName": "드라이브", "usage": [14]},
				{"appName": "네이버 지도", "usage": [1]},
				{"appName": "날씨", "usage": [15]},
				{"appName": "계산기", "usage": [14]},
				{"appName": "Logger", "usage": [0]},
				{"appName": "Google", "usage": [9]},
				{"appName": "Android 시스템", "usage": [15]},
				{"appName": "AhnLab V3 Mobile Security", "usage": [17]}
			]
		},
		"maxTime": {
			"usage": 154,
			"details": [
				{"appName": "해피스크린", "usage": 2199},
				{"appName": "Chrome", "usage": 43},
				{"appName": "YouTube", "usage": 30},
				{"appName": "Melon", "usage": 11},
				{"appName": "Google", "usage": 5},
				{"appName": "기본홈(홈&앱서랍)", "usage": 5},
				{"appName": "통화 화면", "usage": 4},
				{"appName": "Booking.com", "usage": 4},
				{"appName": "Facebook", "usage": 3},
				{"appName": "KB스타뱅킹", "usage": 2},
				{"appName": "카카오톡", "usage": 2},
				{"appName": "Polar Beat", "usage": 1},
				{"appName": "H&M", "usage": 1},
				{"appName": "AhnLab V3 Mobile Security", "usage": 1},
				{"appName": "위메프", "usage": 1},
				{"appName": "메시지", "usage": 0},
				{"appName": "네이버 지도", "usage": 0},
				{"appName": "Paco", "usage": 0},
				{"appName": "알람/시계", "usage": 0},
				{"appName": "모바일결제 ISP", "usage": 0},
				{"appName": "계산기", "usage": 0},
				{"appName": "주소록", "usage": 0},
				{"appName": "시스템 UI", "usage": 0},
				{"appName": "Bluetooth", "usage": 0},
				{"appName": "접근성", "usage": 0},
				{"appName": "Android 시스템", "usage": 0},
				{"appName": "Logger", "usage": 0},
				{"appName": "CLiP", "usage": 0},
				{"appName": "Q메모+", "usage": 0},
				{"appName": "캘린더", "usage": 0},
				{"appName": "날씨", "usage": 0},
				{"appName": "패키지 설치 프로그램", "usage": 0},
				{"appName": "드라이브", "usage": 0},
				{"appName": "통화 관리", "usage": 0}
			]
		},
		"avgTime": {
			"usage": 4,
			"details": [
				{"appName": "해피스크린", "usage": 51},
				{"appName": "YouTube", "usage": 5},
				{"appName": "Melon", "usage": 2},
				{"appName": "Chrome", "usage": 2},
				{"appName": "Google", "usage": 1},
				{"appName": "통화 화면", "usage": 1},
				{"appName": "KB스타뱅킹", "usage": 0},
				{"appName": "Facebook", "usage": 0},
				{"appName": "Polar Beat", "usage": 0},
				{"appName": "위메프", "usage": 0},
				{"appName": "네이버 지도", "usage": 0},
				{"appName": "H&M", "usage": 0},
				{"appName": "Booking.com", "usage": 0},
				{"appName": "AhnLab V3 Mobile Security", "usage": 0},
				{"appName": "메시지", "usage": 0},
				{"appName": "알람/시계", "usage": 0},
				{"appName": "Android 시스템", "usage": 0},
				{"appName": "주소록", "usage": 0},
				{"appName": "Paco", "usage": 0},
				{"appName": "카카오톡", "usage": 0},
				{"appName": "계산기", "usage": 0},
				{"appName": "접근성", "usage": 0},
				{"appName": "캘린더", "usage": 0},
				{"appName": "기본홈(홈&앱서랍)", "usage": 0},
				{"appName": "Bluetooth", "usage": 0},
				{"appName": "CLiP", "usage": 0},
				{"appName": "Logger", "usage": 0},
				{"appName": "모바일결제 ISP", "usage": 0},
				{"appName": "Q메모+", "usage": 0},
				{"appName": "시스템 UI", "usage": 0},
				{"appName": "날씨", "usage": 0},
				{"appName": "패키지 설치 프로그램", "usage": 0},
				{"appName": "드라이브", "usage": 0},
				{"appName": "통화 관리", "usage": 0}
			]
		},
		"lastPickup": {"time": 15}
	},
	{
		"date": 7,
		"totalTime": {
			"usage": 435,
			"details": [
				{"appName": "Chrome", "usage": 204},
				{"appName": "Melon", "usage": 100},
				{"appName": "YouTube", "usage": 60},
				{"appName": "카카오톡", "usage": 55},
				{"appName": "Facebook", "usage": 25},
				{"appName": "기본홈(홈&앱서랍)", "usage": 15},
				{"appName": "갤러리", "usage": 6},
				{"appName": "통화 화면", "usage": 5},
				{"appName": "접근성", "usage": 5},
				{"appName": "Paco", "usage": 4},
				{"appName": "위메프", "usage": 4},
				{"appName": "KB스타뱅킹", "usage": 2},
				{"appName": "쿠팡", "usage": 2},
				{"appName": "리브", "usage": 1},
				{"appName": "Vivino", "usage": 1},
				{"appName": "계산기", "usage": 1},
				{"appName": "카메라", "usage": 0},
				{"appName": "Dropsync", "usage": 0},
				{"appName": "해피포인트", "usage": 0},
				{"appName": "시스템 UI", "usage": 0},
				{"appName": "티몬", "usage": 0},
				{"appName": "알람/시계", "usage": 0},
				{"appName": "CLiP", "usage": 0},
				{"appName": "메시지", "usage": 0},
				{"appName": "Q메모+", "usage": 0},
				{"appName": "Polar Beat", "usage": 0},
				{"appName": "Gmail", "usage": 0},
				{"appName": "Bluetooth", "usage": 0},
				{"appName": "주소록", "usage": 0},
				{"appName": "Android 시스템", "usage": 0},
				{"appName": "Logger", "usage": 0},
				{"appName": "파일 관리자", "usage": 0},
				{"appName": "패키지 설치 프로그램", "usage": 0},
				{"appName": "통화 관리", "usage": 0},
				{"appName": "원스토어", "usage": 0},
				{"appName": "해피스크린", "usage": -1415}
			]
		},
		"pickups": {"usage": 104},
		"downTime": {
			"usage": [
				{"hour": "0", "usage": 27},
				{"hour": "1", "usage": 21},
				{"hour": "2", "usage": 6},
				{"hour": "3", "usage": 11},
				{"hour": "4", "usage": 7},
				{"hour": "5", "usage": 16},
				{"hour": "6", "usage": 7},
				{"hour": "7", "usage": 15},
				{"hour": "8", "usage": 5},
				{"hour": "9", "usage": 14},
				{"hour": "10", "usage": 2},
				{"hour": "11", "usage": 34},
				{"hour": "12", "usage": 31},
				{"hour": "13", "usage": 32},
				{"hour": "14", "usage": 54},
				{"hour": "15", "usage": 59},
				{"hour": "16", "usage": 56},
				{"hour": "17", "usage": 31},
				{"hour": "23", "usage": 1}
			],
			"details": [
				{"appName": "기본홈(홈&앱서랍)", "usage": [0, 1, 2, 3, 4, 5, 6, 7, 8, 9, 10, 11, 12, 13, 14, 15, 16, 17, 23]},
				{"appName": "해피스크린", "usage": [0, 1, 2, 3, 4, 5, 6, 7, 8, 9, 10, 11, 12, 13, 14, 15, 16, 17]},
				{"appName": "카카오톡", "usage": [0, 1, 2, 3, 4, 6, 7, 8, 9, 10, 11, 12, 13, 14, 16, 17, 23]},
				{"appName": "Chrome", "usage": [0, 1, 2, 3, 4, 5, 7, 8, 9, 11, 12, 13, 14, 15, 16, 17]},
				{"appName": "Facebook", "usage": [1, 2, 3, 5, 9, 11, 12, 13, 14]},
				{"appName": "Paco", "usage": [1, 2, 3, 6, 7, 8, 9, 10]},
				{"appName": "Melon", "usage": [0, 1, 10, 11, 12, 13]},
				{"appName": "갤러리", "usage": [5, 7, 12, 13, 14]},
				{"appName": "CLiP", "usage": [0, 3, 13, 15]},
				{"appName": "통화 화면", "usage": [12, 13, 15]},
				{"appName": "카메라", "usage": [5, 6, 7]},
				{"appName": "시스템 UI", "usage": [1, 12, 14]},
				{"appName": "YouTube", "usage": [11, 12, 17]},
				{"appName": "Q메모+", "usage": [9, 12, 14]},
				{"appName": "접근성", "usage": [0, 17]},
				{"appName": "위메프", "usage": [1, 15]},
				{"appName": "알람/시계", "usage": [17, 23]},
				{"appName": "메시지", "usage": [3, 9]},
				{"appName": "Polar Beat", "usage": [0, 12]},
				{"appName": "Bluetooth", "usage": [0, 17]},
				{"appName": "해피포인트", "usage": [3]},
				{"appName": "패키지 설치 프로그램", "usage": [0]},
				{"appName": "파일 관리자", "usage": [0]},
				{"appName": "티몬", "usage": [15]},
				{"appName": "통화 관리", "usage": [13]},
				{"appName": "쿠팡", "usage": [15]},
				{"appName": "주소록", "usage": [13]},
				{"appName": "원스토어", "usage": [18]},
				{"appName": "리브", "usage": [7]},
				{"appName": "계산기", "usage": [14]},
				{"appName": "Vivino", "usage": [14]},
				{"appName": "Logger", "usage": [0]},
				{"appName": "KB스타뱅킹", "usage": [14]},
				{"appName": "Gmail", "usage": [16]},
				{"appName": "Dropsync", "usage": [7]},
				{"appName": "Android 시스템", "usage": [1]}
			]
		},
		"maxTime": {
			"usage": 96,
			"details": [
				{"appName": "Chrome", "usage": 46},
				{"appName": "Melon", "usage": 37},
				{"appName": "해피스크린", "usage": 36},
				{"appName": "YouTube", "usage": 21},
				{"appName": "접근성", "usage": 5},
				{"appName": "Facebook", "usage": 5},
				{"appName": "카카오톡", "usage": 5},
				{"appName": "통화 화면", "usage": 4},
				{"appName": "기본홈(홈&앱서랍)", "usage": 3},
				{"appName": "Paco", "usage": 2},
				{"appName": "갤러리", "usage": 2},
				{"appName": "위메프", "usage": 1},
				{"appName": "계산기", "usage": 0},
				{"appName": "KB스타뱅킹", "usage": 0},
				{"appName": "카메라", "usage": 0},
				{"appName": "리브", "usage": 0},
				{"appName": "Dropsync", "usage": 0},
				{"appName": "쿠팡", "usage": 0},
				{"appName": "해피포인트", "usage": 0},
				{"appName": "Vivino", "usage": 0},
				{"appName": "알람/시계", "usage": 0},
				{"appName": "티몬", "usage": 0},
				{"appName": "CLiP", "usage": 0},
				{"appName": "메시지", "usage": 0},
				{"appName": "시스템 UI", "usage": 0},
				{"appName": "Gmail", "usage": 0},
				{"appName": "Bluetooth", "usage": 0},
				{"appName": "Polar Beat", "usage": 0},
				{"appName": "Q메모+", "usage": 0},
				{"appName": "주소록", "usage": 0},
				{"appName": "Android 시스템", "usage": 0},
				{"appName": "Logger", "usage": 0},
				{"appName": "파일 관리자", "usage": 0},
				{"appName": "패키지 설치 프로그램", "usage": 0},
				{"appName": "통화 관리", "usage": 0},
				{"appName": "원스토어", "usage": 0}
			]
		},
		"avgTime": {
			"usage": 4,
			"details": [
				{"appName": "YouTube", "usage": 6},
				{"appName": "Chrome", "usage": 3},
				{"appName": "Melon", "usage": 2},
				{"appName": "통화 화면", "usage": 1},
				{"appName": "접근성", "usage": 1},
				{"appName": "Facebook", "usage": 0},
				{"appName": "갤러리", "usage": 0},
				{"appName": "Dropsync", "usage": 0},
				{"appName": "위메프", "usage": 0},
				{"appName": "카메라", "usage": 0},
				{"appName": "Vivino", "usage": 0},
				{"appName": "KB스타뱅킹", "usage": 0},
				{"appName": "리브", "usage": 0},
				{"appName": "계산기", "usage": 0},
				{"appName": "쿠팡", "usage": 0},
				{"appName": "알람/시계", "usage": 0},
				{"appName": "Paco", "usage": 0},
				{"appName": "카카오톡", "usage": 0},
				{"appName": "해피포인트", "usage": 0},
				{"appName": "티몬", "usage": 0},
				{"appName": "메시지", "usage": 0},
				{"appName": "기본홈(홈&앱서랍)", "usage": 0},
				{"appName": "CLiP", "usage": 0},
				{"appName": "Q메모+", "usage": 0},
				{"appName": "Bluetooth", "usage": 0},
				{"appName": "주소록", "usage": 0},
				{"appName": "Polar Beat", "usage": 0},
				{"appName": "Android 시스템", "usage": 0},
				{"appName": "Gmail", "usage": 0},
				{"appName": "시스템 UI", "usage": 0},
				{"appName": "Logger", "usage": 0},
				{"appName": "파일 관리자", "usage": 0},
				{"appName": "패키지 설치 프로그램", "usage": 0},
				{"appName": "통화 관리", "usage": 0},
				{"appName": "원스토어", "usage": 0},
				{"appName": "해피스크린", "usage": -10}
			]
		},
		"lastPickup": {"time": 0}
	}
]
