[
	{
		"date": 1,
		"totalTime": {
			"usage": 388,
			"details": [
				{"appName": "Facebook", "usage": 153},
				{"appName": "YouTube", "usage": 91},
				{"appName": "카카오톡", "usage": 53},
				{"appName": "삼성 인터넷", "usage": 23},
				{"appName": "통화", "usage": 21},
				{"appName": "에이블리", "usage": 12},
				{"appName": "One UI 홈", "usage": 8},
				{"appName": "Paco", "usage": 4},
				{"appName": "Polar Beat", "usage": 2},
				{"appName": "롯데리아", "usage": 1},
				{"appName": "카카오 T", "usage": 1},
				{"appName": "Foodie", "usage": 0},
				{"appName": "캘린더", "usage": 0},
				{"appName": "시계", "usage": 0},
				{"appName": "갤러리", "usage": 0},
				{"appName": "접근성", "usage": 0},
				{"appName": "Logger", "usage": 0},
				{"appName": "설정", "usage": 0},
				{"appName": "전화", "usage": 0},
				{"appName": "CLASSUM", "usage": 0},
				{"appName": "Google Play 스토어", "usage": 0},
				{"appName": "PASS", "usage": 0},
				{"appName": "패키지 설치 프로그램", "usage": 0},
				{"appName": "메시지", "usage": 0},
				{"appName": "Google", "usage": 0},
				{"appName": "CLiP", "usage": 0},
				{"appName": "SODA", "usage": 0},
				{"appName": "빅스비 보이스", "usage": 0},
				{"appName": "Edge screen", "usage": 0}
			]
		},
		"pickups": {"usage": 133},
		"downTime": {
			"usage": [
				{"hour": "0", "usage": 12},
				{"hour": "1", "usage": 24},
				{"hour": "2", "usage": 10},
				{"hour": "3", "usage": 22},
				{"hour": "4", "usage": 40},
				{"hour": "5", "usage": 40},
				{"hour": "6", "usage": 21},
				{"hour": "7", "usage": 5},
				{"hour": "8", "usage": 4},
				{"hour": "12", "usage": 13},
				{"hour": "13", "usage": 6},
				{"hour": "14", "usage": 16},
				{"hour": "15", "usage": 38},
				{"hour": "16", "usage": 54},
				{"hour": "17", "usage": 51},
				{"hour": "18", "usage": 18},
				{"hour": "21", "usage": 0},
				{"hour": "22", "usage": 0},
				{"hour": "23", "usage": 0}
			],
			"details": [
				{"appName": "One UI 홈", "usage": [0, 1, 2, 3, 4, 5, 6, 7, 8, 12, 13, 14, 15, 16, 17, 18, 19, 23]},
				{"appName": "카카오톡", "usage": [0, 1, 2, 3, 4, 5, 6, 7, 8, 12, 13, 14, 15, 16, 17, 18, 23]},
				{"appName": "Facebook", "usage": [0, 1, 3, 4, 5, 6, 7, 12, 14, 15, 16, 17, 23]},
				{"appName": "Paco", "usage": [3, 4, 5, 6, 7, 8, 14, 15]},
				{"appName": "Polar Beat", "usage": [1, 3, 4, 8, 12, 16]},
				{"appName": "통화", "usage": [12, 13, 14, 17, 18]},
				{"appName": "캘린더", "usage": [1, 4, 6, 22, 23]},
				{"appName": "삼성 인터넷", "usage": [0, 1, 2, 4, 23]},
				{"appName": "패키지 설치 프로그램", "usage": [0, 1, 3, 17]},
				{"appName": "설정", "usage": [1, 3, 14, 17]},
				{"appName": "YouTube", "usage": [15, 16, 17, 18]},
				{"appName": "접근성", "usage": [1, 3, 17]},
				{"appName": "전화", "usage": [2, 12, 14]},
				{"appName": "시계", "usage": [0, 17, 23]},
				{"appName": "Logger", "usage": [1, 3, 17]},
				{"appName": "빅스비 보이스", "usage": [13, 14]},
				{"appName": "Foodie", "usage": [1, 14]},
				{"appName": "CLASSUM", "usage": [3, 13]},
				{"appName": "카카오 T", "usage": [12]},
				{"appName": "에이블리", "usage": [15]},
				{"appName": "메시지", "usage": [12]},
				{"appName": "롯데리아", "usage": [0]},
				{"appName": "갤러리", "usage": [6]},
				{"appName": "SODA", "usage": [14]},
				{"appName": "PASS", "usage": [0]},
				{"appName": "Google Play 스토어", "usage": [0]},
				{"appName": "Google", "usage": [17]},
				{"appName": "Edge screen", "usage": [1]},
				{"appName": "CLiP", "usage": [6]}
			]
		},
		"maxTime": {
			"usage": 50,
			"details": [
				{"appName": "Facebook", "usage": 35},
				{"appName": "YouTube", "usage": 29},
				{"appName": "통화", "usage": 7},
				{"appName": "삼성 인터넷", "usage": 3},
				{"appName": "에이블리", "usage": 2},
				{"appName": "롯데리아", "usage": 1},
				{"appName": "카카오톡", "usage": 1},
				{"appName": "One UI 홈", "usage": 0},
				{"appName": "Paco", "usage": 0},
				{"appName": "갤러리", "usage": 0},
				{"appName": "접근성", "usage": 0},
				{"appName": "카카오 T", "usage": 0},
				{"appName": "Polar Beat", "usage": 0},
				{"appName": "Foodie", "usage": 0},
				{"appName": "Logger", "usage": 0},
				{"appName": "CLASSUM", "usage": 0},
				{"appName": "설정", "usage": 0},
				{"appName": "전화", "usage": 0},
				{"appName": "Google Play 스토어", "usage": 0},
				{"appName": "캘린더", "usage": 0},
				{"appName": "시계", "usage": 0},
				{"appName": "메시지", "usage": 0},
				{"appName": "패키지 설치 프로그램", "usage": 0},
				{"appName": "PASS", "usage": 0},
				{"appName": "CLiP", "usage": 0},
				{"appName": "Google", "usage": 0},
				{"appName": "SODA", "usage": 0},
				{"appName": "Edge screen", "usage": 0},
				{"appName": "빅스비 보이스", "usage": 0}
			]
		},
		"avgTime": {
			"usage": 2,
			"details": [
				{"appName": "YouTube", "usage": 9},
				{"appName": "통화", "usage": 2},
				{"appName": "Facebook", "usage": 1},
				{"appName": "롯데리아", "usage": 0},
				{"appName": "삼성 인터넷", "usage": 0},
				{"appName": "Foodie", "usage": 0},
				{"appName": "에이블리", "usage": 0},
				{"appName": "갤러리", "usage": 0},
				{"appName": "Paco", "usage": 0},
				{"appName": "Polar Beat", "usage": 0},
				{"appName": "CLASSUM", "usage": 0},
				{"appName": "접근성", "usage": 0},
				{"appName": "메시지", "usage": 0},
				{"appName": "카카오톡", "usage": 0},
				{"appName": "카카오 T", "usage": 0},
				{"appName": "캘린더", "usage": 0},
				{"appName": "전화", "usage": 0},
				{"appName": "Google Play 스토어", "usage": 0},
				{"appName": "Logger", "usage": 0},
				{"appName": "One UI 홈", "usage": 0},
				{"appName": "설정", "usage": 0},
				{"appName": "시계", "usage": 0},
				{"appName": "패키지 설치 프로그램", "usage": 0},
				{"appName": "Google", "usage": 0},
				{"appName": "CLiP", "usage": 0},
				{"appName": "PASS", "usage": 0},
				{"appName": "SODA", "usage": 0},
				{"appName": "Edge screen", "usage": 0},
				{"appName": "빅스비 보이스", "usage": 0}
			]
		},
		"lastPickup": {"time": 7}
	},
	{
		"date": 2,
		"totalTime": {
			"usage": 315,
			"details": [
				{"appName": "카카오톡", "usage": 107},
				{"appName": "Facebook", "usage": 74},
				{"appName": "삼성 인터넷", "usage": 43},
				{"appName": "브랜디", "usage": 20},
				{"appName": "One UI 홈", "usage": 13},
				{"appName": "통화", "usage": 9},
				{"appName": "카카오맵", "usage": 6},
				{"appName": "Paco", "usage": 5},
				{"appName": "배달의민족", "usage": 4},
				{"appName": "에이블리", "usage": 4},
				{"appName": "설정", "usage": 2},
				{"appName": "시계", "usage": 2},
				{"appName": "배달요기요", "usage": 1},
				{"appName": "메시지", "usage": 1},
				{"appName": "Foodie", "usage": 1},
				{"appName": "Polar Beat", "usage": 0},
				{"appName": "SODA", "usage": 0},
				{"appName": "Logger", "usage": 0},
				{"appName": "KLMS", "usage": 0},
				{"appName": "Polaris Office", "usage": 0},
				{"appName": "전화", "usage": 0},
				{"appName": "연락처", "usage": 0},
				{"appName": "내 파일", "usage": 0},
				{"appName": "Google Play 스토어", "usage": 0},
				{"appName": "접근성", "usage": 0},
				{"appName": "빅스비 보이스", "usage": 0},
				{"appName": "안드로이드 시스템", "usage": 0},
				{"appName": "원터치알림", "usage": 0},
				{"appName": "Samsung Pay", "usage": 0},
				{"appName": "패키지 설치 프로그램", "usage": 0}
			]
		},
		"pickups": {"usage": 253},
		"downTime": {
			"usage": [
				{"hour": "0", "usage": 21},
				{"hour": "1", "usage": 5},
				{"hour": "2", "usage": 8},
				{"hour": "3", "usage": 31},
				{"hour": "4", "usage": 19},
				{"hour": "5", "usage": 31},
				{"hour": "6", "usage": 41},
				{"hour": "7", "usage": 6},
				{"hour": "8", "usage": 6},
				{"hour": "10", "usage": 11},
				{"hour": "11", "usage": 4},
				{"hour": "12", "usage": 24},
				{"hour": "13", "usage": 0},
				{"hour": "14", "usage": 15},
				{"hour": "15", "usage": 43},
				{"hour": "16", "usage": 11},
				{"hour": "17", "usage": 6},
				{"hour": "18", "usage": 17},
				{"hour": "19", "usage": 0},
				{"hour": "22", "usage": 0},
				{"hour": "23", "usage": 3}
			],
			"details": [
				{"appName": "카카오톡", "usage": [0, 1, 2, 3, 4, 5, 6, 7, 8, 10, 11, 12, 13, 14, 15, 16, 17, 18, 22, 23]},
				{"appName": "One UI 홈", "usage": [0, 1, 2, 3, 4, 5, 6, 7, 8, 10, 11, 12, 14, 15, 16, 17, 18, 19, 22, 23]},
				{"appName": "Facebook", "usage": [0, 1, 2, 3, 4, 5, 6, 7, 8, 12, 14, 15, 16, 17, 18, 23]},
				{"appName": "Paco", "usage": [1, 2, 3, 4, 5, 6, 8, 10, 12, 14, 15]},
				{"appName": "설정", "usage": [0, 5, 6, 8, 11, 12, 16, 17, 18]},
				{"appName": "삼성 인터넷", "usage": [0, 1, 3, 5, 6, 12, 15, 18]},
				{"appName": "카카오맵", "usage": [3, 5, 6, 10, 14, 15]},
				{"appName": "통화", "usage": [5, 6, 16, 17, 19]},
				{"appName": "메시지", "usage": [2, 3, 4, 5, 23]},
				{"appName": "Logger", "usage": [0, 6, 10, 12, 18]},
				{"appName": "패키지 설치 프로그램", "usage": [0, 10, 12, 18]},
				{"appName": "전화", "usage": [5, 6, 16, 17]},
				{"appName": "Polar Beat", "usage": [0, 3, 10, 18]},
				{"appName": "접근성", "usage": [0, 6, 12]},
				{"appName": "시계", "usage": [0, 3, 4]},
				{"appName": "빅스비 보이스", "usage": [2, 4, 14]},
				{"appName": "브랜디", "usage": [4, 5, 10]},
				{"appName": "Foodie", "usage": [3, 7, 12]},
				{"appName": "에이블리", "usage": [0, 12]},
				{"appName": "SODA", "usage": [12, 18]},
				{"appName": "KLMS", "usage": [0, 1]},
				{"appName": "Google Play 스토어", "usage": [4, 5]},
				{"appName": "원터치알림", "usage": [3]},
				{"appName": "연락처", "usage": [5]},
				{"appName": "안드로이드 시스템", "usage": [1]},
				{"appName": "배달의민족", "usage": [6]},
				{"appName": "배달요기요", "usage": [6]},
				{"appName": "내 파일", "usage": [1]},
				{"appName": "Samsung Pay", "usage": [16]},
				{"appName": "Polaris Office", "usage": [1]}
			]
		},
		"maxTime": {
			"usage": 22,
			"details": [
				{"appName": "삼성 인터넷", "usage": 7},
				{"appName": "Facebook", "usage": 7},
				{"appName": "시계", "usage": 1},
				{"appName": "통화", "usage": 1},
				{"appName": "카카오맵", "usage": 1},
				{"appName": "카카오톡", "usage": 1},
				{"appName": "브랜디", "usage": 1},
				{"appName": "에이블리", "usage": 1},
				{"appName": "메시지", "usage": 0},
				{"appName": "SODA", "usage": 0},
				{"appName": "배달의민족", "usage": 0},
				{"appName": "배달요기요", "usage": 0},
				{"appName": "Paco", "usage": 0},
				{"appName": "설정", "usage": 0},
				{"appName": "One UI 홈", "usage": 0},
				{"appName": "Polaris Office", "usage": 0},
				{"appName": "Foodie", "usage": 0},
				{"appName": "Polar Beat", "usage": 0},
				{"appName": "KLMS", "usage": 0},
				{"appName": "Logger", "usage": 0},
				{"appName": "내 파일", "usage": 0},
				{"appName": "전화", "usage": 0},
				{"appName": "안드로이드 시스템", "usage": 0},
				{"appName": "연락처", "usage": 0},
				{"appName": "Google Play 스토어", "usage": 0},
				{"appName": "빅스비 보이스", "usage": 0},
				{"appName": "원터치알림", "usage": 0},
				{"appName": "Samsung Pay", "usage": 0},
				{"appName": "접근성", "usage": 0},
				{"appName": "패키지 설치 프로그램", "usage": 0}
			]
		},
		"avgTime": {
			"usage": 1,
			"details": [
				{"appName": "삼성 인터넷", "usage": 1},
				{"appName": "Facebook", "usage": 0},
				{"appName": "통화", "usage": 0},
				{"appName": "SODA", "usage": 0},
				{"appName": "카카오맵", "usage": 0},
				{"appName": "에이블리", "usage": 0},
				{"appName": "배달요기요", "usage": 0},
				{"appName": "Polaris Office", "usage": 0},
				{"appName": "메시지", "usage": 0},
				{"appName": "브랜디", "usage": 0},
				{"appName": "Foodie", "usage": 0},
				{"appName": "내 파일", "usage": 0},
				{"appName": "Paco", "usage": 0},
				{"appName": "시계", "usage": 0},
				{"appName": "설정", "usage": 0},
				{"appName": "카카오톡", "usage": 0},
				{"appName": "Polar Beat", "usage": 0},
				{"appName": "KLMS", "usage": 0},
				{"appName": "배달의민족", "usage": 0},
				{"appName": "안드로이드 시스템", "usage": 0},
				{"appName": "연락처", "usage": 0},
				{"appName": "Logger", "usage": 0},
				{"appName": "One UI 홈", "usage": 0},
				{"appName": "전화", "usage": 0},
				{"appName": "Samsung Pay", "usage": 0},
				{"appName": "Google Play 스토어", "usage": 0},
				{"appName": "빅스비 보이스", "usage": 0},
				{"appName": "원터치알림", "usage": 0},
				{"appName": "접근성", "usage": 0},
				{"appName": "패키지 설치 프로그램", "usage": 0}
			]
		},
		"lastPickup": {"time": 1}
	},
	{
		"date": 3,
		"totalTime": {
			"usage": 435,
			"details": [
				{"appName": "Facebook", "usage": 150},
				{"appName": "카카오톡", "usage": 96},
				{"appName": "삼성 인터넷", "usage": 56},
				{"appName": "YouTube", "usage": 48},
				{"appName": "통화", "usage": 12},
				{"appName": "One UI 홈", "usage": 10},
				{"appName": "크루비", "usage": 5},
				{"appName": "브랜디", "usage": 5},
				{"appName": "서울스토어", "usage": 5},
				{"appName": "갤러리", "usage": 3},
				{"appName": "메시지", "usage": 3},
				{"appName": "Paco", "usage": 3},
				{"appName": "Slack", "usage": 2},
				{"appName": "Instagram", "usage": 2},
				{"appName": "Foodie", "usage": 1},
				{"appName": "에이블리", "usage": 1},
				{"appName": "토스", "usage": 1},
				{"appName": "Polar Beat", "usage": 0},
				{"appName": "시계", "usage": 0},
				{"appName": "설정", "usage": 0},
				{"appName": "StyleShare", "usage": 0},
				{"appName": "Logger", "usage": 0},
				{"appName": "전화", "usage": 0},
				{"appName": "배달의민족", "usage": 0},
				{"appName": "캘린더", "usage": 0},
				{"appName": "원터치알림", "usage": 0},
				{"appName": "접근성", "usage": 0},
				{"appName": "날씨", "usage": 0},
				{"appName": "Google Play 서비스", "usage": 0},
				{"appName": "안드로이드 시스템", "usage": 0},
				{"appName": "Samsung Pay", "usage": 0},
				{"appName": "패키지 설치 프로그램", "usage": 0},
				{"appName": "Messenger", "usage": 0},
				{"appName": "빅스비 보이스", "usage": 0}
			]
		},
		"pickups": {"usage": 245},
		"downTime": {
			"usage": [
				{"hour": "0", "usage": 19},
				{"hour": "1", "usage": 16},
				{"hour": "2", "usage": 1},
				{"hour": "3", "usage": 6},
				{"hour": "4", "usage": 11},
				{"hour": "5", "usage": 6},
				{"hour": "6", "usage": 50},
				{"hour": "7", "usage": 16},
				{"hour": "8", "usage": 9},
				{"hour": "9", "usage": 0},
				{"hour": "10", "usage": 1},
				{"hour": "11", "usage": 40},
				{"hour": "12", "usage": 47},
				{"hour": "13", "usage": 40},
				{"hour": "14", "usage": 50},
				{"hour": "15", "usage": 33},
				{"hour": "16", "usage": 16},
				{"hour": "17", "usage": 49},
				{"hour": "18", "usage": 17},
				{"hour": "22", "usage": 0}
			],
			"details": [
				{"appName": "One UI 홈", "usage": [0, 1, 3, 5, 6, 7, 8, 9, 10, 11, 12, 13, 14, 15, 16, 17, 18]},
				{"appName": "카카오톡", "usage": [0, 1, 3, 5, 6, 7, 8, 10, 11, 12, 13, 14, 15, 16, 17, 18]},
				{"appName": "Facebook", "usage": [0, 1, 3, 5, 6, 7, 8, 11, 12, 13, 14, 15, 16, 17, 18]},
				{"appName": "삼성 인터넷", "usage": [1, 5, 6, 8, 10, 11, 12, 13, 14, 16, 17]},
				{"appName": "Paco", "usage": [1, 3, 6, 8, 11, 12, 14, 15, 16]},
				{"appName": "통화", "usage": [0, 3, 6, 8, 12, 13]},
				{"appName": "YouTube", "usage": [6, 7, 11, 13, 15]},
				{"appName": "원터치알림", "usage": [1, 10, 11, 14]},
				{"appName": "설정", "usage": [1, 5, 8, 17]},
				{"appName": "Polar Beat", "usage": [1, 7, 8, 17]},
				{"appName": "Foodie", "usage": [8, 11, 13, 15]},
				{"appName": "패키지 설치 프로그램", "usage": [1, 8, 17]},
				{"appName": "접근성", "usage": [1, 8, 17]},
				{"appName": "전화", "usage": [0, 8, 12]},
				{"appName": "메시지", "usage": [12, 13, 17]},
				{"appName": "Logger", "usage": [1, 8, 17]},
				{"appName": "캘린더", "usage": [16, 22]},
				{"appName": "에이블리", "usage": [11, 12]},
				{"appName": "시계", "usage": [8, 18]},
				{"appName": "서울스토어", "usage": [13, 14]},
				{"appName": "갤러리", "usage": [6, 17]},
				{"appName": "Slack", "usage": [11, 12]},
				{"appName": "Instagram", "usage": [11, 16]},
				{"appName": "토스", "usage": [14]},
				{"appName": "크루비", "usage": [13]},
				{"appName": "안드로이드 시스템", "usage": [13]},
				{"appName": "빅스비 보이스", "usage": [13]},
				{"appName": "브랜디", "usage": [6]},
				{"appName": "배달의민족", "usage": [17]},
				{"appName": "날씨", "usage": [1]},
				{"appName": "StyleShare", "usage": [13]},
				{"appName": "Samsung Pay", "usage": [1]},
				{"appName": "Messenger", "usage": [7]},
				{"appName": "Google Play 서비스", "usage": [16]}
			]
		},
		"maxTime": {
			"usage": 60,
			"details": [
				{"appName": "YouTube", "usage": 19},
				{"appName": "Facebook", "usage": 14},
				{"appName": "삼성 인터넷", "usage": 11},
				{"appName": "통화", "usage": 8},
				{"appName": "갤러리", "usage": 3},
				{"appName": "카카오톡", "usage": 2},
				{"appName": "Instagram", "usage": 1},
				{"appName": "메시지", "usage": 1},
				{"appName": "서울스토어", "usage": 1},
				{"appName": "Slack", "usage": 1},
				{"appName": "크루비", "usage": 1},
				{"appName": "에이블리", "usage": 1},
				{"appName": "브랜디", "usage": 0},
				{"appName": "토스", "usage": 0},
				{"appName": "One UI 홈", "usage": 0},
				{"appName": "Paco", "usage": 0},
				{"appName": "Foodie", "usage": 0},
				{"appName": "Polar Beat", "usage": 0},
				{"appName": "StyleShare", "usage": 0},
				{"appName": "Logger", "usage": 0},
				{"appName": "배달의민족", "usage": 0},
				{"appName": "전화", "usage": 0},
				{"appName": "설정", "usage": 0},
				{"appName": "시계", "usage": 0},
				{"appName": "캘린더", "usage": 0},
				{"appName": "날씨", "usage": 0},
				{"appName": "Google Play 서비스", "usage": 0},
				{"appName": "안드로이드 시스템", "usage": 0},
				{"appName": "원터치알림", "usage": 0},
				{"appName": "Samsung Pay", "usage": 0},
				{"appName": "접근성", "usage": 0},
				{"appName": "패키지 설치 프로그램", "usage": 0},
				{"appName": "Messenger", "usage": 0},
				{"appName": "빅스비 보이스", "usage": 0}
			]
		},
		"avgTime": {
			"usage": 1,
			"details": [
				{"appName": "YouTube", "usage": 4},
				{"appName": "갤러리", "usage": 1},
				{"appName": "통화", "usage": 1},
				{"appName": "Facebook", "usage": 1},
				{"appName": "삼성 인터넷", "usage": 1},
				{"appName": "Slack", "usage": 0},
				{"appName": "메시지", "usage": 0},
				{"appName": "에이블리", "usage": 0},
				{"appName": "크루비", "usage": 0},
				{"appName": "Instagram", "usage": 0},
				{"appName": "서울스토어", "usage": 0},
				{"appName": "토스", "usage": 0},
				{"appName": "Foodie", "usage": 0},
				{"appName": "브랜디", "usage": 0},
				{"appName": "카카오톡", "usage": 0},
				{"appName": "Paco", "usage": 0},
				{"appName": "배달의민족", "usage": 0},
				{"appName": "StyleShare", "usage": 0},
				{"appName": "날씨", "usage": 0},
				{"appName": "전화", "usage": 0},
				{"appName": "Polar Beat", "usage": 0},
				{"appName": "Google Play 서비스", "usage": 0},
				{"appName": "캘린더", "usage": 0},
				{"appName": "안드로이드 시스템", "usage": 0},
				{"appName": "시계", "usage": 0},
				{"appName": "설정", "usage": 0},
				{"appName": "Samsung Pay", "usage": 0},
				{"appName": "Logger", "usage": 0},
				{"appName": "One UI 홈", "usage": 0},
				{"appName": "원터치알림", "usage": 0},
				{"appName": "접근성", "usage": 0},
				{"appName": "패키지 설치 프로그램", "usage": 0},
				{"appName": "Messenger", "usage": 0},
				{"appName": "빅스비 보이스", "usage": 0}
			]
		},
		"lastPickup": {"time": 0}
	},
	{
		"date": 4,
		"totalTime": {
			"usage": 242,
			"details": [
				{"appName": "Facebook", "usage": 94},
				{"appName": "카카오톡", "usage": 42},
				{"appName": "YouTube", "usage": 27},
				{"appName": "삼성 인터넷", "usage": 15},
				{"appName": "에이블리", "usage": 14},
				{"appName": "Instagram", "usage": 13},
				{"appName": "One UI 홈", "usage": 7},
				{"appName": "Paco", "usage": 3},
				{"appName": "브랜디", "usage": 3},
				{"appName": "StyleShare", "usage": 2},
				{"appName": "Chrome", "usage": 2},
				{"appName": "원터치개인", "usage": 2},
				{"appName": "통화", "usage": 1},
				{"appName": "SODA", "usage": 1},
				{"appName": "시계", "usage": 1},
				{"appName": "갤러리", "usage": 1},
				{"appName": "KLMS", "usage": 1},
				{"appName": "카메라", "usage": 0},
				{"appName": "Polar Beat", "usage": 0},
				{"appName": "Dropsync", "usage": 0},
				{"appName": "설정", "usage": 0},
				{"appName": "Samsung Notes", "usage": 0},
				{"appName": "리리앤코", "usage": 0},
				{"appName": "Logger", "usage": 0},
				{"appName": "캘린더", "usage": 0},
				{"appName": "전화", "usage": 0},
				{"appName": "카카오맵", "usage": 0},
				{"appName": "원터치알림", "usage": 0},
				{"appName": "접근성", "usage": 0},
				{"appName": "패키지 설치 프로그램", "usage": 0}
			]
		},
		"pickups": {"usage": 109},
		"downTime": {
			"usage": [
				{"hour": "1", "usage": 2},
				{"hour": "2", "usage": 6},
				{"hour": "3", "usage": 8},
				{"hour": "4", "usage": 22},
				{"hour": "5", "usage": 30},
				{"hour": "6", "usage": 20},
				{"hour": "7", "usage": 28},
				{"hour": "8", "usage": 4},
				{"hour": "9", "usage": 8},
				{"hour": "10", "usage": 3},
				{"hour": "11", "usage": 1},
				{"hour": "12", "usage": 2},
				{"hour": "13", "usage": 19},
				{"hour": "14", "usage": 14},
				{"hour": "15", "usage": 0},
				{"hour": "16", "usage": 4},
				{"hour": "17", "usage": 0},
				{"hour": "18", "usage": 39},
				{"hour": "19", "usage": 23}
			],
			"details": [
				{"appName": "One UI 홈", "usage": [1, 2, 3, 4, 5, 6, 7, 8, 9, 10, 11, 12, 13, 14, 15, 18, 19]},
				{"appName": "카카오톡", "usage": [1, 2, 3, 4, 5, 6, 7, 8, 9, 10, 11, 12, 13, 14, 18, 19]},
				{"appName": "Facebook", "usage": [1, 2, 3, 4, 5, 6, 7, 8, 13, 14, 18]},
				{"appName": "Paco", "usage": [3, 4, 5, 6, 7, 8, 9, 10, 12, 14]},
				{"appName": "삼성 인터넷", "usage": [2, 3, 6, 7, 8, 18, 19]},
				{"appName": "Instagram", "usage": [4, 14, 15, 16, 18]},
				{"appName": "에이블리", "usage": [6, 9, 12, 18]},
				{"appName": "Polar Beat", "usage": [2, 4, 8, 14]},
				{"appName": "통화", "usage": [2, 10, 13]},
				{"appName": "시계", "usage": [1, 19, 23]},
				{"appName": "설정", "usage": [2, 8, 13]},
				{"appName": "브랜디", "usage": [4, 5, 9]},
				{"appName": "패키지 설치 프로그램", "usage": [2, 4]},
				{"appName": "캘린더", "usage": [1, 7]},
				{"appName": "원터치개인", "usage": [13, 14]},
				{"appName": "Logger", "usage": [2, 4]},
				{"appName": "카카오맵", "usage": [8]},
				{"appName": "카메라", "usage": [8]},
				{"appName": "접근성", "usage": [2]},
				{"appName": "전화", "usage": [13]},
				{"appName": "원터치알림", "usage": [3]},
				{"appName": "리리앤코", "usage": [11]},
				{"appName": "갤러리", "usage": [9]},
				{"appName": "YouTube", "usage": [5]},
				{"appName": "StyleShare", "usage": [3]},
				{"appName": "Samsung Notes", "usage": [8]},
				{"appName": "SODA", "usage": [9]},
				{"appName": "KLMS", "usage": [13]},
				{"appName": "Dropsync", "usage": [14]},
				{"appName": "Chrome", "usage": [7]}
			]
		},
		"maxTime": {
			"usage": 41,
			"details": [
				{"appName": "YouTube", "usage": 27},
				{"appName": "Facebook", "usage": 10},
				{"appName": "Instagram", "usage": 8},
				{"appName": "카카오톡", "usage": 5},
				{"appName": "삼성 인터넷", "usage": 5},
				{"appName": "Chrome", "usage": 2},
				{"appName": "에이블리", "usage": 2},
				{"appName": "갤러리", "usage": 1},
				{"appName": "StyleShare", "usage": 1},
				{"appName": "Paco", "usage": 0},
				{"appName": "브랜디", "usage": 0},
				{"appName": "One UI 홈", "usage": 0},
				{"appName": "통화", "usage": 0},
				{"appName": "SODA", "usage": 0},
				{"appName": "시계", "usage": 0},
				{"appName": "카메라", "usage": 0},
				{"appName": "원터치개인", "usage": 0},
				{"appName": "Polar Beat", "usage": 0},
				{"appName": "KLMS", "usage": 0},
				{"appName": "Samsung Notes", "usage": 0},
				{"appName": "Dropsync", "usage": 0},
				{"appName": "설정", "usage": 0},
				{"appName": "리리앤코", "usage": 0},
				{"appName": "캘린더", "usage": 0},
				{"appName": "전화", "usage": 0},
				{"appName": "원터치알림", "usage": 0},
				{"appName": "카카오맵", "usage": 0},
				{"appName": "Logger", "usage": 0},
				{"appName": "접근성", "usage": 0},
				{"appName": "패키지 설치 프로그램", "usage": 0}
			]
		},
		"avgTime": {
			"usage": 2,
			"details": [
				{"appName": "YouTube", "usage": 13},
				{"appName": "Chrome", "usage": 2},
				{"appName": "Facebook", "usage": 1},
				{"appName": "갤러리", "usage": 1},
				{"appName": "Instagram", "usage": 1},
				{"appName": "삼성 인터넷", "usage": 0},
				{"appName": "SODA", "usage": 0},
				{"appName": "통화", "usage": 0},
				{"appName": "카메라", "usage": 0},
				{"appName": "에이블리", "usage": 0},
				{"appName": "StyleShare", "usage": 0},
				{"appName": "Samsung Notes", "usage": 0},
				{"appName": "Dropsync", "usage": 0},
				{"appName": "카카오톡", "usage": 0},
				{"appName": "브랜디", "usage": 0},
				{"appName": "Paco", "usage": 0},
				{"appName": "원터치개인", "usage": 0},
				{"appName": "시계", "usage": 0},
				{"appName": "Polar Beat", "usage": 0},
				{"appName": "전화", "usage": 0},
				{"appName": "KLMS", "usage": 0},
				{"appName": "리리앤코", "usage": 0},
				{"appName": "One UI 홈", "usage": 0},
				{"appName": "설정", "usage": 0},
				{"appName": "캘린더", "usage": 0},
				{"appName": "카카오맵", "usage": 0},
				{"appName": "원터치알림", "usage": 0},
				{"appName": "접근성", "usage": 0},
				{"appName": "Logger", "usage": 0},
				{"appName": "패키지 설치 프로그램", "usage": 0}
			]
		},
		"lastPickup": {"time": 41}
	},
	{
		"date": 5,
		"totalTime": {
			"usage": 475,
			"details": [
				{"appName": "Facebook", "usage": 150},
				{"appName": "삼성 인터넷", "usage": 95},
				{"appName": "카카오톡", "usage": 94},
				{"appName": "에이블리", "usage": 51},
				{"appName": "One UI 홈", "usage": 16},
				{"appName": "Instagram", "usage": 14},
				{"appName": "LookPin", "usage": 8},
				{"appName": "브랜디", "usage": 8},
				{"appName": "Foodie", "usage": 5},
				{"appName": "Paco", "usage": 2},
				{"appName": "갤러리", "usage": 2},
				{"appName": "리리앤코", "usage": 2},
				{"appName": "코레일톡", "usage": 1},
				{"appName": "통화", "usage": 1},
				{"appName": "시계", "usage": 1},
				{"appName": "에브리타임", "usage": 1},
				{"appName": "PASS", "usage": 0},
				{"appName": "StyleShare", "usage": 0},
				{"appName": "원터치개인", "usage": 0},
				{"appName": "SODA", "usage": 0},
				{"appName": "캘린더", "usage": 0},
				{"appName": "Polar Beat", "usage": 0},
				{"appName": "Google Play 스토어", "usage": 0},
				{"appName": "배경화면", "usage": 0},
				{"appName": "Logger", "usage": 0},
				{"appName": "CLASSUM", "usage": 0},
				{"appName": "KLMS", "usage": 0},
				{"appName": "서울스토어", "usage": 0},
				{"appName": "Google Play 서비스", "usage": 0},
				{"appName": "원터치알림", "usage": 0},
				{"appName": "Google", "usage": 0},
				{"appName": "전화", "usage": 0},
				{"appName": "Messenger", "usage": 0},
				{"appName": "접근성", "usage": 0},
				{"appName": "설정", "usage": 0},
				{"appName": "안드로이드 시스템", "usage": 0},
				{"appName": "패키지 설치 프로그램", "usage": 0},
				{"appName": "메시지", "usage": 0},
				{"appName": "삼성 음성 입력", "usage": 0},
				{"appName": "빅스비 보이스", "usage": 0}
			]
		},
		"pickups": {"usage": 210},
		"downTime": {
			"usage": [
				{"hour": "0", "usage": 20},
				{"hour": "1", "usage": 20},
				{"hour": "2", "usage": 40},
				{"hour": "3", "usage": 38},
				{"hour": "4", "usage": 57},
				{"hour": "5", "usage": 20},
				{"hour": "6", "usage": 1},
				{"hour": "7", "usage": 38},
				{"hour": "8", "usage": 37},
				{"hour": "9", "usage": 24},
				{"hour": "10", "usage": 14},
				{"hour": "11", "usage": 39},
				{"hour": "12", "usage": 33},
				{"hour": "13", "usage": 17},
				{"hour": "14", "usage": 6},
				{"hour": "15", "usage": 1},
				{"hour": "16", "usage": 8},
				{"hour": "17", "usage": 12},
				{"hour": "18", "usage": 37},
				{"hour": "19", "usage": 1},
				{"hour": "22", "usage": 0},
				{"hour": "23", "usage": 0}
			],
			"details": [
				{"appName": "카카오톡", "usage": [0, 1, 2, 3, 4, 5, 7, 8, 9, 10, 11, 12, 13, 14, 15, 16, 17, 18, 19]},
				{"appName": "One UI 홈", "usage": [0, 1, 2, 3, 4, 5, 6, 7, 8, 9, 10, 11, 12, 13, 14, 16, 17, 18, 19]},
				{"appName": "Facebook", "usage": [0, 1, 2, 3, 4, 6, 7, 8, 9, 10, 11, 12, 16, 17, 18, 19]},
				{"appName": "에이블리", "usage": [3, 4, 5, 9, 10, 12, 13, 14, 18]},
				{"appName": "삼성 인터넷", "usage": [1, 2, 4, 5, 7, 10, 11, 12, 18]},
				{"appName": "Paco", "usage": [2, 3, 4, 7, 8, 9, 10, 11, 12]},
				{"appName": "갤러리", "usage": [8, 16, 17, 18]},
				{"appName": "Polar Beat", "usage": [1, 11, 12, 13]},
				{"appName": "Instagram", "usage": [0, 13, 16, 18]},
				{"appName": "Foodie", "usage": [3, 13, 14, 16]},
				{"appName": "패키지 설치 프로그램", "usage": [1, 12, 13]},
				{"appName": "통화", "usage": [0, 5, 7]},
				{"appName": "캘린더", "usage": [3, 22, 23]},
				{"appName": "시계", "usage": [0, 17, 19]},
				{"appName": "브랜디", "usage": [8, 9, 10]},
				{"appName": "Google Play 스토어", "usage": [4, 7, 11]},
				{"appName": "Google", "usage": [11, 13, 18]},
				{"appName": "전화", "usage": [0, 7]},
				{"appName": "원터치알림", "usage": [1, 18]},
				{"appName": "원터치개인", "usage": [1, 4]},
				{"appName": "에브리타임", "usage": [0, 1]},
				{"appName": "설정", "usage": [1, 13]},
				{"appName": "빅스비 보이스", "usage": [8, 10]},
				{"appName": "리리앤코", "usage": [3, 9]},
				{"appName": "Logger", "usage": [1, 13]},
				{"appName": "코레일톡", "usage": [7]},
				{"appName": "접근성", "usage": [1]},
				{"appName": "안드로이드 시스템", "usage": [16]},
				{"appName": "서울스토어", "usage": [1]},
				{"appName": "삼성 음성 입력", "usage": [12]},
				{"appName": "배경화면", "usage": [16]},
				{"appName": "메시지", "usage": [4]},
				{"appName": "StyleShare", "usage": [10]},
				{"appName": "SODA", "usage": [16]},
				{"appName": "PASS", "usage": [7]},
				{"appName": "Messenger", "usage": [2]},
				{"appName": "LookPin", "usage": [4]},
				{"appName": "KLMS", "usage": [4]},
				{"appName": "Google Play 서비스", "usage": [5]},
				{"appName": "CLASSUM", "usage": [4]}
			]
		},
		"maxTime": {
			"usage": 37,
			"details": [
				{"appName": "Facebook", "usage": 14},
				{"appName": "Instagram", "usage": 10},
				{"appName": "삼성 인터넷", "usage": 10},
				{"appName": "카카오톡", "usage": 2},
				{"appName": "리리앤코", "usage": 2},
				{"appName": "에이블리", "usage": 2},
				{"appName": "Foodie", "usage": 2},
				{"appName": "갤러리", "usage": 2},
				{"appName": "브랜디", "usage": 1},
				{"appName": "LookPin", "usage": 1},
				{"appName": "StyleShare", "usage": 0},
				{"appName": "SODA", "usage": 0},
				{"appName": "통화", "usage": 0},
				{"appName": "One UI 홈", "usage": 0},
				{"appName": "시계", "usage": 0},
				{"appName": "코레일톡", "usage": 0},
				{"appName": "원터치개인", "usage": 0},
				{"appName": "캘린더", "usage": 0},
				{"appName": "에브리타임", "usage": 0},
				{"appName": "배경화면", "usage": 0},
				{"appName": "CLASSUM", "usage": 0},
				{"appName": "Logger", "usage": 0},
				{"appName": "Paco", "usage": 0},
				{"appName": "KLMS", "usage": 0},
				{"appName": "Google Play 스토어", "usage": 0},
				{"appName": "Polar Beat", "usage": 0},
				{"appName": "PASS", "usage": 0},
				{"appName": "Messenger", "usage": 0},
				{"appName": "Google Play 서비스", "usage": 0},
				{"appName": "서울스토어", "usage": 0},
				{"appName": "접근성", "usage": 0},
				{"appName": "전화", "usage": 0},
				{"appName": "Google", "usage": 0},
				{"appName": "원터치알림", "usage": 0},
				{"appName": "설정", "usage": 0},
				{"appName": "안드로이드 시스템", "usage": 0},
				{"appName": "메시지", "usage": 0},
				{"appName": "패키지 설치 프로그램", "usage": 0},
				{"appName": "삼성 음성 입력", "usage": 0},
				{"appName": "빅스비 보이스", "usage": 0}
			]
		},
		"avgTime": {
			"usage": 2,
			"details": [
				{"appName": "삼성 인터넷", "usage": 1},
				{"appName": "Facebook", "usage": 0},
				{"appName": "Instagram", "usage": 0},
				{"appName": "StyleShare", "usage": 0},
				{"appName": "SODA", "usage": 0},
				{"appName": "Foodie", "usage": 0},
				{"appName": "갤러리", "usage": 0},
				{"appName": "리리앤코", "usage": 0},
				{"appName": "배경화면", "usage": 0},
				{"appName": "통화", "usage": 0},
				{"appName": "에이블리", "usage": 0},
				{"appName": "코레일톡", "usage": 0},
				{"appName": "CLASSUM", "usage": 0},
				{"appName": "LookPin", "usage": 0},
				{"appName": "브랜디", "usage": 0},
				{"appName": "캘린더", "usage": 0},
				{"appName": "에브리타임", "usage": 0},
				{"appName": "시계", "usage": 0},
				{"appName": "Paco", "usage": 0},
				{"appName": "카카오톡", "usage": 0},
				{"appName": "KLMS", "usage": 0},
				{"appName": "Logger", "usage": 0},
				{"appName": "Polar Beat", "usage": 0},
				{"appName": "원터치개인", "usage": 0},
				{"appName": "전화", "usage": 0},
				{"appName": "One UI 홈", "usage": 0},
				{"appName": "서울스토어", "usage": 0},
				{"appName": "Messenger", "usage": 0},
				{"appName": "안드로이드 시스템", "usage": 0},
				{"appName": "접근성", "usage": 0},
				{"appName": "Google Play 스토어", "usage": 0},
				{"appName": "메시지", "usage": 0},
				{"appName": "Google", "usage": 0},
				{"appName": "원터치알림", "usage": 0},
				{"appName": "Google Play 서비스", "usage": 0},
				{"appName": "설정", "usage": 0},
				{"appName": "PASS", "usage": 0},
				{"appName": "패키지 설치 프로그램", "usage": 0},
				{"appName": "삼성 음성 입력", "usage": 0},
				{"appName": "빅스비 보이스", "usage": 0}
			]
		},
		"lastPickup": {"time": 0}
	},
	{
		"date": 6,
		"totalTime": {
			"usage": 368,
			"details": [
				{"appName": "Facebook", "usage": 111},
				{"appName": "카카오톡", "usage": 76},
				{"appName": "삼성 인터넷", "usage": 62},
				{"appName": "YouTube", "usage": 23},
				{"appName": "에이블리", "usage": 14},
				{"appName": "One UI 홈", "usage": 11},
				{"appName": "Dropsync", "usage": 9},
				{"appName": "시크릿라벨", "usage": 4},
				{"appName": "브랜디", "usage": 4},
				{"appName": "야놀자", "usage": 4},
				{"appName": "KAIST Library", "usage": 4},
				{"appName": "Instagram", "usage": 3},
				{"appName": "SODA", "usage": 3},
				{"appName": "StyleShare", "usage": 3},
				{"appName": "KLMS", "usage": 3},
				{"appName": "코레일톡", "usage": 2},
				{"appName": "Polaris Office", "usage": 2},
				{"appName": "Paco", "usage": 2},
				{"appName": "KAIST Portal", "usage": 2},
				{"appName": "시계", "usage": 1},
				{"appName": "Foodie", "usage": 1},
				{"appName": "캘린더", "usage": 1},
				{"appName": "통화", "usage": 1},
				{"appName": "Polar Beat", "usage": 0},
				{"appName": "CLASSUM", "usage": 0},
				{"appName": "에브리타임", "usage": 0},
				{"appName": "전화", "usage": 0},
				{"appName": "메시지", "usage": 0},
				{"appName": "설정", "usage": 0},
				{"appName": "Logger", "usage": 0},
				{"appName": "CJ대한통운 택배", "usage": 0},
				{"appName": "Samsung Pass 자동 완성", "usage": 0},
				{"appName": "Google Play 스토어", "usage": 0},
				{"appName": "리리앤코", "usage": 0},
				{"appName": "크루비", "usage": 0},
				{"appName": "접근성", "usage": 0},
				{"appName": "Samsung Pay", "usage": 0},
				{"appName": "원터치알림", "usage": 0},
				{"appName": "패키지 설치 프로그램", "usage": 0},
				{"appName": "빅스비 보이스", "usage": 0}
			]
		},
		"pickups": {"usage": 194},
		"downTime": {
			"usage": [
				{"hour": "0", "usage": 6},
				{"hour": "1", "usage": 17},
				{"hour": "2", "usage": 21},
				{"hour": "3", "usage": 25},
				{"hour": "4", "usage": 31},
				{"hour": "5", "usage": 23},
				{"hour": "6", "usage": 26},
				{"hour": "7", "usage": 24},
				{"hour": "8", "usage": 5},
				{"hour": "9", "usage": 2},
				{"hour": "10", "usage": 40},
				{"hour": "11", "usage": 16},
				{"hour": "12", "usage": 50},
				{"hour": "13", "usage": 28},
				{"hour": "14", "usage": 4},
				{"hour": "15", "usage": 6},
				{"hour": "16", "usage": 0},
				{"hour": "17", "usage": 29},
				{"hour": "18", "usage": 7}
			],
			"details": [
				{"appName": "카카오톡", "usage": [0, 1, 2, 3, 4, 5, 6, 7, 8, 9, 10, 11, 12, 13, 14, 15, 16, 17, 18]},
				{"appName": "One UI 홈", "usage": [0, 1, 2, 3, 4, 5, 6, 7, 8, 9, 10, 11, 12, 13, 14, 15, 16, 17, 18]},
				{"appName": "삼성 인터넷", "usage": [0, 1, 2, 3, 4, 5, 7, 11, 12, 15, 17, 18]},
				{"appName": "Facebook", "usage": [1, 3, 4, 5, 6, 7, 8, 10, 11, 12, 13, 17]},
				{"appName": "Paco", "usage": [1, 2, 3, 4, 6, 7, 9, 10, 12]},
				{"appName": "에이블리", "usage": [2, 3, 5, 11, 17]},
				{"appName": "브랜디", "usage": [0, 1, 10, 12, 17]},
				{"appName": "KLMS", "usage": [1, 7, 10, 11, 13]},
				{"appName": "설정", "usage": [1, 3, 8, 13]},
				{"appName": "빅스비 보이스", "usage": [1, 2, 11, 17]},
				{"appName": "Polar Beat", "usage": [1, 5, 10, 13]},
				{"appName": "Instagram", "usage": [9, 14, 15, 17]},
				{"appName": "Foodie", "usage": [1, 2, 3, 14]},
				{"appName": "패키지 설치 프로그램", "usage": [1, 3, 13]},
				{"appName": "코레일톡", "usage": [4, 17, 18]},
				{"appName": "캘린더", "usage": [4, 15, 17]},
				{"appName": "접근성", "usage": [1, 3, 13]},
				{"appName": "시계", "usage": [0, 17, 18]},
				{"appName": "YouTube", "usage": [6, 7, 12]},
				{"appName": "Logger", "usage": [1, 3, 13]},
				{"appName": "KAIST Library", "usage": [4, 7, 8]},
				{"appName": "전화", "usage": [13, 17]},
				{"appName": "야놀자", "usage": [15, 16]},
				{"appName": "Samsung Pass 자동 완성", "usage": [1, 7]},
				{"appName": "SODA", "usage": [14, 17]},
				{"appName": "KAIST Portal", "usage": [1, 3]},
				{"appName": "Google Play 스토어", "usage": [12, 17]},
				{"appName": "Dropsync", "usage": [6, 7]},
				{"appName": "CJ대한통운 택배", "usage": [4, 11]},
				{"appName": "통화", "usage": [13]},
				{"appName": "크루비", "usage": [2]},
				{"appName": "원터치알림", "usage": [2]},
				{"appName": "에브리타임", "usage": [3]},
				{"appName": "시크릿라벨", "usage": [10]},
				{"appName": "메시지", "usage": [6]},
				{"appName": "리리앤코", "usage": [11]},
				{"appName": "StyleShare", "usage": [4]},
				{"appName": "Samsung Pay", "usage": [0]},
				{"appName": "Polaris Office", "usage": [5]},
				{"appName": "CLASSUM", "usage": [13]}
			]
		},
		"maxTime": {
			"usage": 22,
			"details": [
				{"appName": "Facebook", "usage": 14},
				{"appName": "삼성 인터넷", "usage": 13},
				{"appName": "YouTube", "usage": 7},
				{"appName": "Dropsync", "usage": 7},
				{"appName": "시크릿라벨", "usage": 4},
				{"appName": "카카오톡", "usage": 2},
				{"appName": "SODA", "usage": 2},
				{"appName": "브랜디", "usage": 1},
				{"appName": "Polaris Office", "usage": 1},
				{"appName": "에이블리", "usage": 1},
				{"appName": "KAIST Portal", "usage": 1},
				{"appName": "코레일톡", "usage": 1},
				{"appName": "Instagram", "usage": 1},
				{"appName": "StyleShare", "usage": 1},
				{"appName": "KLMS", "usage": 0},
				{"appName": "통화", "usage": 0},
				{"appName": "야놀자", "usage": 0},
				{"appName": "에브리타임", "usage": 0},
				{"appName": "CLASSUM", "usage": 0},
				{"appName": "KAIST Library", "usage": 0},
				{"appName": "One UI 홈", "usage": 0},
				{"appName": "시계", "usage": 0},
				{"appName": "캘린더", "usage": 0},
				{"appName": "Foodie", "usage": 0},
				{"appName": "Polar Beat", "usage": 0},
				{"appName": "Paco", "usage": 0},
				{"appName": "메시지", "usage": 0},
				{"appName": "전화", "usage": 0},
				{"appName": "리리앤코", "usage": 0},
				{"appName": "CJ대한통운 택배", "usage": 0},
				{"appName": "Logger", "usage": 0},
				{"appName": "Google Play 스토어", "usage": 0},
				{"appName": "설정", "usage": 0},
				{"appName": "Samsung Pass 자동 완성", "usage": 0},
				{"appName": "크루비", "usage": 0},
				{"appName": "Samsung Pay", "usage": 0},
				{"appName": "원터치알림", "usage": 0},
				{"appName": "접근성", "usage": 0},
				{"appName": "패키지 설치 프로그램", "usage": 0},
				{"appName": "빅스비 보이스", "usage": 0}
			]
		},
		"avgTime": {
			"usage": 1,
			"details": [
				{"appName": "YouTube", "usage": 3},
				{"appName": "시크릿라벨", "usage": 2},
				{"appName": "SODA", "usage": 1},
				{"appName": "삼성 인터넷", "usage": 1},
				{"appName": "Dropsync", "usage": 1},
				{"appName": "Facebook", "usage": 1},
				{"appName": "통화", "usage": 0},
				{"appName": "KAIST Portal", "usage": 0},
				{"appName": "StyleShare", "usage": 0},
				{"appName": "CLASSUM", "usage": 0},
				{"appName": "Polaris Office", "usage": 0},
				{"appName": "메시지", "usage": 0},
				{"appName": "Foodie", "usage": 0},
				{"appName": "코레일톡", "usage": 0},
				{"appName": "에이블리", "usage": 0},
				{"appName": "Instagram", "usage": 0},
				{"appName": "브랜디", "usage": 0},
				{"appName": "에브리타임", "usage": 0},
				{"appName": "야놀자", "usage": 0},
				{"appName": "캘린더", "usage": 0},
				{"appName": "KAIST Library", "usage": 0},
				{"appName": "시계", "usage": 0},
				{"appName": "Paco", "usage": 0},
				{"appName": "카카오톡", "usage": 0},
				{"appName": "KLMS", "usage": 0},
				{"appName": "Polar Beat", "usage": 0},
				{"appName": "전화", "usage": 0},
				{"appName": "리리앤코", "usage": 0},
				{"appName": "One UI 홈", "usage": 0},
				{"appName": "CJ대한통운 택배", "usage": 0},
				{"appName": "Samsung Pass 자동 완성", "usage": 0},
				{"appName": "크루비", "usage": 0},
				{"appName": "Google Play 스토어", "usage": 0},
				{"appName": "설정", "usage": 0},
				{"appName": "Logger", "usage": 0},
				{"appName": "접근성", "usage": 0},
				{"appName": "Samsung Pay", "usage": 0},
				{"appName": "원터치알림", "usage": 0},
				{"appName": "패키지 설치 프로그램", "usage": 0},
				{"appName": "빅스비 보이스", "usage": 0}
			]
		},
		"lastPickup": {"time": 0}
	},
	{
		"date": 7,
		"totalTime": {
			"usage": 416,
			"details": [
				{"appName": "Facebook", "usage": 205},
				{"appName": "카카오톡", "usage": 93},
				{"appName": "삼성 인터넷", "usage": 48},
				{"appName": "에이블리", "usage": 12},
				{"appName": "One UI 홈", "usage": 9},
				{"appName": "YouTube", "usage": 6},
				{"appName": "통화", "usage": 4},
				{"appName": "Paco", "usage": 4},
				{"appName": "Instagram", "usage": 2},
				{"appName": "에브리타임", "usage": 2},
				{"appName": "Samsung Notes", "usage": 2},
				{"appName": "메시지", "usage": 2},
				{"appName": "StyleShare", "usage": 1},
				{"appName": "토스", "usage": 1},
				{"appName": "Messenger", "usage": 1},
				{"appName": "시계", "usage": 1},
				{"appName": "캘린더", "usage": 0},
				{"appName": "KAIST Library", "usage": 0},
				{"appName": "Foodie", "usage": 0},
				{"appName": "KLMS", "usage": 0},
				{"appName": "원터치알림", "usage": 0},
				{"appName": "설정", "usage": 0},
				{"appName": "리리앤코", "usage": 0},
				{"appName": "접근성", "usage": 0},
				{"appName": "전화", "usage": 0},
				{"appName": "Polar Beat", "usage": 0},
				{"appName": "Logger", "usage": 0},
				{"appName": "Google Play 스토어", "usage": 0},
				{"appName": "패키지 설치 프로그램", "usage": 0},
				{"appName": "CJ대한통운 택배", "usage": 0}
			]
		},
		"pickups": {"usage": 184},
		"downTime": {
			"usage": [
				{"hour": "0", "usage": 13},
				{"hour": "1", "usage": 23},
				{"hour": "2", "usage": 32},
				{"hour": "3", "usage": 28},
				{"hour": "4", "usage": 46},
				{"hour": "5", "usage": 20},
				{"hour": "6", "usage": 11},
				{"hour": "7", "usage": 45},
				{"hour": "8", "usage": 18},
				{"hour": "9", "usage": 25},
				{"hour": "10", "usage": 26},
				{"hour": "11", "usage": 0},
				{"hour": "12", "usage": 13},
				{"hour": "13", "usage": 1},
				{"hour": "14", "usage": 16},
				{"hour": "15", "usage": 21},
				{"hour": "16", "usage": 48},
				{"hour": "17", "usage": 22},
				{"hour": "22", "usage": 0},
				{"hour": "23", "usage": 0}
			],
			"details": [
				{"appName": "One UI 홈", "usage": [0, 1, 2, 3, 4, 5, 6, 7, 8, 9, 10, 11, 12, 13, 14, 15, 16, 17]},
				{"appName": "카카오톡", "usage": [0, 1, 2, 3, 4, 5, 6, 7, 8, 9, 10, 12, 13, 14, 15, 16, 17]},
				{"appName": "Facebook", "usage": [0, 1, 2, 3, 4, 5, 6, 7, 8, 9, 10, 11, 12, 14, 15, 16, 17]},
				{"appName": "Paco", "usage": [1, 2, 3, 5, 7, 8, 9, 10, 12, 13]},
				{"appName": "삼성 인터넷", "usage": [2, 4, 5, 7, 8, 14, 15, 16, 17]},
				{"appName": "캘린더", "usage": [6, 8, 14, 15, 22, 23]},
				{"appName": "에이블리", "usage": [6, 7, 10, 12, 14, 17]},
				{"appName": "원터치알림", "usage": [3, 4, 5, 6, 8]},
				{"appName": "시계", "usage": [0, 16, 17, 18, 23]},
				{"appName": "메시지", "usage": [0, 6, 8, 15]},
				{"appName": "설정", "usage": [1, 3, 14]},
				{"appName": "Foodie", "usage": [8, 9, 10]},
				{"appName": "패키지 설치 프로그램", "usage": [1, 14]},
				{"appName": "토스", "usage": [1, 5]},
				{"appName": "접근성", "usage": [1, 14]},
				{"appName": "에브리타임", "usage": [1, 2]},
				{"appName": "리리앤코", "usage": [3, 11]},
				{"appName": "Polar Beat", "usage": [1, 14]},
				{"appName": "Messenger", "usage": [2, 4]},
				{"appName": "Logger", "usage": [1, 14]},
				{"appName": "KAIST Library", "usage": [3, 7]},
				{"appName": "Instagram", "usage": [10, 12]},
				{"appName": "통화", "usage": [10]},
				{"appName": "전화", "usage": [10]},
				{"appName": "YouTube", "usage": [16]},
				{"appName": "StyleShare", "usage": [9]},
				{"appName": "Samsung Notes", "usage": [10]},
				{"appName": "KLMS", "usage": [10]},
				{"appName": "Google Play 스토어", "usage": [10]},
				{"appName": "CJ대한통운 택배", "usage": [18]}
			]
		},
		"maxTime": {
			"usage": 39,
			"details": [
				{"appName": "Facebook", "usage": 15},
				{"appName": "삼성 인터넷", "usage": 13},
				{"appName": "YouTube", "usage": 6},
				{"appName": "통화", "usage": 4},
				{"appName": "에이블리", "usage": 2},
				{"appName": "Samsung Notes", "usage": 2},
				{"appName": "Instagram", "usage": 1},
				{"appName": "카카오톡", "usage": 1},
				{"appName": "Messenger", "usage": 1},
				{"appName": "메시지", "usage": 0},
				{"appName": "에브리타임", "usage": 0},
				{"appName": "StyleShare", "usage": 0},
				{"appName": "One UI 홈", "usage": 0},
				{"appName": "Paco", "usage": 0},
				{"appName": "KLMS", "usage": 0},
				{"appName": "토스", "usage": 0},
				{"appName": "시계", "usage": 0},
				{"appName": "KAIST Library", "usage": 0},
				{"appName": "Foodie", "usage": 0},
				{"appName": "캘린더", "usage": 0},
				{"appName": "접근성", "usage": 0},
				{"appName": "리리앤코", "usage": 0},
				{"appName": "원터치알림", "usage": 0},
				{"appName": "전화", "usage": 0},
				{"appName": "Google Play 스토어", "usage": 0},
				{"appName": "설정", "usage": 0},
				{"appName": "Polar Beat", "usage": 0},
				{"appName": "Logger", "usage": 0},
				{"appName": "패키지 설치 프로그램", "usage": 0},
				{"appName": "CJ대한통운 택배", "usage": 0}
			]
		},
		"avgTime": {
			"usage": 2,
			"details": [
				{"appName": "통화", "usage": 4},
				{"appName": "YouTube", "usage": 3},
				{"appName": "삼성 인터넷", "usage": 1},
				{"appName": "Facebook", "usage": 0},
				{"appName": "Samsung Notes", "usage": 0},
				{"appName": "메시지", "usage": 0},
				{"appName": "Instagram", "usage": 0},
				{"appName": "Messenger", "usage": 0},
				{"appName": "에이블리", "usage": 0},
				{"appName": "Foodie", "usage": 0},
				{"appName": "StyleShare", "usage": 0},
				{"appName": "KLMS", "usage": 0},
				{"appName": "Paco", "usage": 0},
				{"appName": "에브리타임", "usage": 0},
				{"appName": "KAIST Library", "usage": 0},
				{"appName": "카카오톡", "usage": 0},
				{"appName": "토스", "usage": 0},
				{"appName": "캘린더", "usage": 0},
				{"appName": "리리앤코", "usage": 0},
				{"appName": "시계", "usage": 0},
				{"appName": "전화", "usage": 0},
				{"appName": "접근성", "usage": 0},
				{"appName": "One UI 홈", "usage": 0},
				{"appName": "Google Play 스토어", "usage": 0},
				{"appName": "설정", "usage": 0},
				{"appName": "원터치알림", "usage": 0},
				{"appName": "Polar Beat", "usage": 0},
				{"appName": "Logger", "usage": 0},
				{"appName": "패키지 설치 프로그램", "usage": 0},
				{"appName": "CJ대한통운 택배", "usage": 0}
			]
		},
		"lastPickup": {"time": 0}
	}
]
