[
	{
		"date": 1,
		"totalTime": {
			"usage": 321,
			"details": [
				{"appName": "삼성 인터넷", "usage": 102},
				{"appName": "Cookie Run: OvenBreak", "usage": 73},
				{"appName": "카카오톡", "usage": 69},
				{"appName": "시계", "usage": 15},
				{"appName": "Samsung Experience 홈", "usage": 8},
				{"appName": "Instagram", "usage": 8},
				{"appName": "드라이브", "usage": 7},
				{"appName": "전화", "usage": 6},
				{"appName": "Paco", "usage": 4},
				{"appName": "Polar Beat", "usage": 2},
				{"appName": "Melon", "usage": 2},
				{"appName": "카메라", "usage": 1},
				{"appName": "내 파일", "usage": 1},
				{"appName": "네이버 지도", "usage": 1},
				{"appName": "시스템 UI", "usage": 0},
				{"appName": "설정", "usage": 0},
				{"appName": "연락처", "usage": 0},
				{"appName": "Dropsync", "usage": 0},
				{"appName": "메시지", "usage": 0},
				{"appName": "BAND", "usage": 0},
				{"appName": "Logger", "usage": 0},
				{"appName": "갤러리", "usage": 0},
				{"appName": "토스", "usage": 0},
				{"appName": "소프트웨어 업데이트", "usage": 0},
				{"appName": "패키지 설치 프로그램", "usage": 0}
			]
		},
		"pickups": {"usage": 126},
		"downTime": {
			"usage": [
				{"hour": "0", "usage": 0},
				{"hour": "2", "usage": 26},
				{"hour": "3", "usage": 3},
				{"hour": "4", "usage": 16},
				{"hour": "5", "usage": 21},
				{"hour": "6", "usage": 50},
				{"hour": "7", "usage": 36},
				{"hour": "8", "usage": 0},
				{"hour": "9", "usage": 35},
				{"hour": "10", "usage": 22},
				{"hour": "11", "usage": 4},
				{"hour": "12", "usage": 10},
				{"hour": "13", "usage": 13},
				{"hour": "14", "usage": 12},
				{"hour": "15", "usage": 11},
				{"hour": "16", "usage": 14},
				{"hour": "17", "usage": 6},
				{"hour": "18", "usage": 27},
				{"hour": "22", "usage": 1},
				{"hour": "23", "usage": 5}
			],
			"details": [
				{"appName": "카카오톡", "usage": [2, 3, 4, 5, 6, 7, 8, 9, 10, 11, 12, 13, 14, 15, 16, 17, 18, 22]},
				{"appName": "Samsung Experience 홈", "usage": [2, 3, 4, 5, 6, 7, 8, 9, 10, 11, 12, 13, 14, 15, 16, 17, 18, 22]},
				{"appName": "삼성 인터넷", "usage": [2, 3, 4, 5, 6, 7, 9, 10, 11, 12, 13, 14, 15, 16, 17, 18, 22]},
				{"appName": "시스템 UI", "usage": [5, 6, 7, 9, 10, 13, 16, 18]},
				{"appName": "Paco", "usage": [5, 6, 7, 9, 10, 12, 13, 15]},
				{"appName": "Instagram", "usage": [4, 5, 9, 10, 13, 15, 18]},
				{"appName": "Cookie Run: OvenBreak", "usage": [4, 5, 6, 7, 9, 16, 18]},
				{"appName": "전화", "usage": [2, 4, 11, 12, 14, 16]},
				{"appName": "Melon", "usage": [5, 7, 8, 9, 15, 18]},
				{"appName": "시계", "usage": [2, 3, 18, 22, 23]},
				{"appName": "카메라", "usage": [6, 10, 13, 16]},
				{"appName": "연락처", "usage": [4, 12, 14, 16]},
				{"appName": "메시지", "usage": [2, 5, 9, 15]},
				{"appName": "Polar Beat", "usage": [5, 6, 7, 16]},
				{"appName": "설정", "usage": [4, 5, 16]},
				{"appName": "패키지 설치 프로그램", "usage": [4, 16]},
				{"appName": "토스", "usage": [18, 22]},
				{"appName": "네이버 지도", "usage": [15, 16]},
				{"appName": "내 파일", "usage": [9, 14]},
				{"appName": "Logger", "usage": [4, 16]},
				{"appName": "소프트웨어 업데이트", "usage": [16]},
				{"appName": "드라이브", "usage": [9]},
				{"appName": "갤러리", "usage": [16]},
				{"appName": "Dropsync", "usage": [5]},
				{"appName": "BAND", "usage": [6]}
			]
		},
		"maxTime": {
			"usage": 39,
			"details": [
				{"appName": "Cookie Run: OvenBreak", "usage": 26},
				{"appName": "카카오톡", "usage": 5},
				{"appName": "삼성 인터넷", "usage": 5},
				{"appName": "시계", "usage": 4},
				{"appName": "드라이브", "usage": 3},
				{"appName": "전화", "usage": 1},
				{"appName": "Instagram", "usage": 1},
				{"appName": "Polar Beat", "usage": 1},
				{"appName": "내 파일", "usage": 1},
				{"appName": "카메라", "usage": 0},
				{"appName": "네이버 지도", "usage": 0},
				{"appName": "Paco", "usage": 0},
				{"appName": "Dropsync", "usage": 0},
				{"appName": "Samsung Experience 홈", "usage": 0},
				{"appName": "메시지", "usage": 0},
				{"appName": "Melon", "usage": 0},
				{"appName": "갤러리", "usage": 0},
				{"appName": "시스템 UI", "usage": 0},
				{"appName": "설정", "usage": 0},
				{"appName": "BAND", "usage": 0},
				{"appName": "연락처", "usage": 0},
				{"appName": "Logger", "usage": 0},
				{"appName": "소프트웨어 업데이트", "usage": 0},
				{"appName": "토스", "usage": 0},
				{"appName": "패키지 설치 프로그램", "usage": 0}
			]
		},
		"avgTime": {
			"usage": 2,
			"details": [
				{"appName": "Cookie Run: OvenBreak", "usage": 5},
				{"appName": "드라이브", "usage": 1},
				{"appName": "삼성 인터넷", "usage": 0},
				{"appName": "내 파일", "usage": 0},
				{"appName": "전화", "usage": 0},
				{"appName": "Dropsync", "usage": 0},
				{"appName": "시계", "usage": 0},
				{"appName": "네이버 지도", "usage": 0},
				{"appName": "카메라", "usage": 0},
				{"appName": "Instagram", "usage": 0},
				{"appName": "카카오톡", "usage": 0},
				{"appName": "Paco", "usage": 0},
				{"appName": "갤러리", "usage": 0},
				{"appName": "Polar Beat", "usage": 0},
				{"appName": "메시지", "usage": 0},
				{"appName": "Melon", "usage": 0},
				{"appName": "설정", "usage": 0},
				{"appName": "연락처", "usage": 0},
				{"appName": "Logger", "usage": 0},
				{"appName": "BAND", "usage": 0},
				{"appName": "시스템 UI", "usage": 0},
				{"appName": "Samsung Experience 홈", "usage": 0},
				{"appName": "소프트웨어 업데이트", "usage": 0},
				{"appName": "토스", "usage": 0},
				{"appName": "패키지 설치 프로그램", "usage": 0}
			]
		},
		"lastPickup": {"time": 0}
	},
	{
		"date": 2,
		"totalTime": {
			"usage": 498,
			"details": [
				{"appName": "삼성 인터넷", "usage": 232},
				{"appName": "Cookie Run: OvenBreak", "usage": 149},
				{"appName": "카카오톡", "usage": 38},
				{"appName": "전화", "usage": 14},
				{"appName": "Samsung Experience 홈", "usage": 12},
				{"appName": "YouTube", "usage": 8},
				{"appName": "Instagram", "usage": 7},
				{"appName": "설정", "usage": 6},
				{"appName": "연락처", "usage": 4},
				{"appName": "Paco", "usage": 2},
				{"appName": "드라이브", "usage": 2},
				{"appName": "Melon", "usage": 2},
				{"appName": "Polar Beat", "usage": 1},
				{"appName": "시계", "usage": 1},
				{"appName": "메시지", "usage": 1},
				{"appName": "토스", "usage": 1},
				{"appName": "시스템 UI", "usage": 0},
				{"appName": "갤러리", "usage": 0},
				{"appName": "내 파일", "usage": 0},
				{"appName": "비디오 플레이어", "usage": 0},
				{"appName": "카메라", "usage": 0},
				{"appName": "문서", "usage": 0},
				{"appName": "Logger", "usage": 0},
				{"appName": "안드로이드 시스템", "usage": 0},
				{"appName": "올원뱅크", "usage": 0},
				{"appName": "패키지 설치 프로그램", "usage": 0}
			]
		},
		"pickups": {"usage": 92},
		"downTime": {
			"usage": [
				{"hour": "0", "usage": 13},
				{"hour": "1", "usage": 5},
				{"hour": "2", "usage": 27},
				{"hour": "3", "usage": 17},
				{"hour": "4", "usage": 22},
				{"hour": "5", "usage": 35},
				{"hour": "6", "usage": 26},
				{"hour": "7", "usage": 12},
				{"hour": "8", "usage": 10},
				{"hour": "9", "usage": 27},
				{"hour": "10", "usage": 32},
				{"hour": "11", "usage": 9},
				{"hour": "12", "usage": 12},
				{"hour": "13", "usage": 47},
				{"hour": "14", "usage": 43},
				{"hour": "15", "usage": 55},
				{"hour": "16", "usage": 60},
				{"hour": "17", "usage": 38},
				{"hour": "23", "usage": 0}
			],
			"details": [
				{"appName": "Samsung Experience 홈", "usage": [0, 1, 2, 3, 4, 5, 6, 7, 8, 9, 10, 11, 12, 13, 14, 15, 16, 17]},
				{"appName": "카카오톡", "usage": [0, 1, 2, 3, 4, 6, 7, 8, 9, 10, 11, 12, 13, 14, 15, 16, 17]},
				{"appName": "삼성 인터넷", "usage": [0, 2, 3, 4, 7, 8, 9, 10, 11, 12, 13, 14, 15, 16, 17]},
				{"appName": "시스템 UI", "usage": [0, 2, 3, 4, 5, 6, 7, 8, 9, 10, 12, 13, 17]},
				{"appName": "Cookie Run: OvenBreak", "usage": [2, 3, 4, 5, 6, 7, 9, 10, 12, 13, 17]},
				{"appName": "Instagram", "usage": [0, 4, 5, 7, 9, 10, 12, 13, 15, 16]},
				{"appName": "Paco", "usage": [3, 6, 7, 8, 9, 10, 11, 12]},
				{"appName": "Melon", "usage": [4, 5, 6, 7, 12, 16]},
				{"appName": "전화", "usage": [4, 10, 12, 13, 14]},
				{"appName": "연락처", "usage": [4, 10, 12, 13]},
				{"appName": "시계", "usage": [0, 2, 17]},
				{"appName": "설정", "usage": [3, 8, 13]},
				{"appName": "메시지", "usage": [0, 8, 15]},
				{"appName": "드라이브", "usage": [8, 9, 10]},
				{"appName": "내 파일", "usage": [8, 10, 11]},
				{"appName": "카메라", "usage": [2, 9]},
				{"appName": "올원뱅크", "usage": [2, 4]},
				{"appName": "Polar Beat", "usage": [3, 13]},
				{"appName": "패키지 설치 프로그램", "usage": [3]},
				{"appName": "토스", "usage": [0]},
				{"appName": "안드로이드 시스템", "usage": [11]},
				{"appName": "비디오 플레이어", "usage": [2]},
				{"appName": "문서", "usage": [11]},
				{"appName": "갤러리", "usage": [2]},
				{"appName": "YouTube", "usage": [15]},
				{"appName": "Logger", "usage": [3]}
			]
		},
		"maxTime": {
			"usage": 130,
			"details": [
				{"appName": "Cookie Run: OvenBreak", "usage": 24},
				{"appName": "삼성 인터넷", "usage": 20},
				{"appName": "전화", "usage": 10},
				{"appName": "YouTube", "usage": 8},
				{"appName": "설정", "usage": 6},
				{"appName": "카카오톡", "usage": 5},
				{"appName": "Samsung Experience 홈", "usage": 5},
				{"appName": "연락처", "usage": 4},
				{"appName": "Instagram", "usage": 1},
				{"appName": "드라이브", "usage": 1},
				{"appName": "Melon", "usage": 0},
				{"appName": "Polar Beat", "usage": 0},
				{"appName": "메시지", "usage": 0},
				{"appName": "토스", "usage": 0},
				{"appName": "시계", "usage": 0},
				{"appName": "Paco", "usage": 0},
				{"appName": "갤러리", "usage": 0},
				{"appName": "내 파일", "usage": 0},
				{"appName": "카메라", "usage": 0},
				{"appName": "비디오 플레이어", "usage": 0},
				{"appName": "시스템 UI", "usage": 0},
				{"appName": "안드로이드 시스템", "usage": 0},
				{"appName": "문서", "usage": 0},
				{"appName": "Logger", "usage": 0},
				{"appName": "올원뱅크", "usage": 0},
				{"appName": "패키지 설치 프로그램", "usage": 0}
			]
		},
		"avgTime": {
			"usage": 5,
			"details": [
				{"appName": "Cookie Run: OvenBreak", "usage": 7},
				{"appName": "삼성 인터넷", "usage": 2},
				{"appName": "YouTube", "usage": 2},
				{"appName": "전화", "usage": 2},
				{"appName": "드라이브", "usage": 0},
				{"appName": "연락처", "usage": 0},
				{"appName": "설정", "usage": 0},
				{"appName": "Instagram", "usage": 0},
				{"appName": "메시지", "usage": 0},
				{"appName": "카메라", "usage": 0},
				{"appName": "Paco", "usage": 0},
				{"appName": "비디오 플레이어", "usage": 0},
				{"appName": "내 파일", "usage": 0},
				{"appName": "갤러리", "usage": 0},
				{"appName": "토스", "usage": 0},
				{"appName": "Melon", "usage": 0},
				{"appName": "Polar Beat", "usage": 0},
				{"appName": "카카오톡", "usage": 0},
				{"appName": "시계", "usage": 0},
				{"appName": "안드로이드 시스템", "usage": 0},
				{"appName": "Samsung Experience 홈", "usage": 0},
				{"appName": "시스템 UI", "usage": 0},
				{"appName": "Logger", "usage": 0},
				{"appName": "올원뱅크", "usage": 0},
				{"appName": "문서", "usage": 0},
				{"appName": "패키지 설치 프로그램", "usage": 0}
			]
		},
		"lastPickup": {"time": 0}
	},
	{
		"date": 3,
		"totalTime": {
			"usage": 307,
			"details": [
				{"appName": "삼성 인터넷", "usage": 98},
				{"appName": "카카오톡", "usage": 86},
				{"appName": "Cookie Run: OvenBreak", "usage": 34},
				{"appName": "전화", "usage": 25},
				{"appName": "캘린더", "usage": 9},
				{"appName": "Samsung Experience 홈", "usage": 4},
				{"appName": "네이버 지도", "usage": 2},
				{"appName": "Instagram", "usage": 2},
				{"appName": "시계", "usage": 1},
				{"appName": "메시지", "usage": 1},
				{"appName": "Polar Beat", "usage": 0},
				{"appName": "Paco", "usage": 0},
				{"appName": "연락처", "usage": 0},
				{"appName": "드라이브", "usage": 0},
				{"appName": "카메라", "usage": 0},
				{"appName": "설정", "usage": 0},
				{"appName": "시스템 UI", "usage": 0},
				{"appName": "내 파일", "usage": 0},
				{"appName": "소프트웨어 업데이트", "usage": 0}
			]
		},
		"pickups": {"usage": 87},
		"downTime": {
			"usage": [
				{"hour": "1", "usage": 6},
				{"hour": "2", "usage": 26},
				{"hour": "3", "usage": 15},
				{"hour": "4", "usage": 18},
				{"hour": "5", "usage": 9},
				{"hour": "6", "usage": 11},
				{"hour": "7", "usage": 42},
				{"hour": "8", "usage": 19},
				{"hour": "9", "usage": 13},
				{"hour": "10", "usage": 13},
				{"hour": "11", "usage": 5},
				{"hour": "12", "usage": 0},
				{"hour": "13", "usage": 18},
				{"hour": "14", "usage": 53},
				{"hour": "15", "usage": 33},
				{"hour": "17", "usage": 0},
				{"hour": "23", "usage": 10}
			],
			"details": [
				{"appName": "Samsung Experience 홈", "usage": [1, 2, 3, 4, 5, 6, 7, 8, 9, 10, 11, 12, 13, 14, 15, 23]},
				{"appName": "카카오톡", "usage": [1, 2, 3, 4, 5, 7, 8, 9, 10, 11, 12, 13, 14, 15, 23]},
				{"appName": "삼성 인터넷", "usage": [1, 2, 3, 4, 7, 8, 9, 10, 11, 13, 14, 15, 23]},
				{"appName": "연락처", "usage": [2, 3, 8, 10, 11, 13]},
				{"appName": "Instagram", "usage": [2, 3, 7, 8, 14, 23]},
				{"appName": "전화", "usage": [8, 10, 11, 13]},
				{"appName": "시스템 UI", "usage": [6, 8, 10, 12]},
				{"appName": "시계", "usage": [1, 5, 15, 23]},
				{"appName": "메시지", "usage": [7, 10, 11, 14]},
				{"appName": "Cookie Run: OvenBreak", "usage": [3, 4, 6, 8]},
				{"appName": "캘린더", "usage": [3, 22, 23]},
				{"appName": "설정", "usage": [10, 11, 13]},
				{"appName": "Paco", "usage": [11, 12, 14]},
				{"appName": "소프트웨어 업데이트", "usage": [4, 5]},
				{"appName": "Polar Beat", "usage": [10, 14]},
				{"appName": "카메라", "usage": [13]},
				{"appName": "드라이브", "usage": [7]},
				{"appName": "네이버 지도", "usage": [10]},
				{"appName": "내 파일", "usage": [7]}
			]
		},
		"maxTime": {
			"usage": 35,
			"details": [
				{"appName": "삼성 인터넷", "usage": 14},
				{"appName": "Cookie Run: OvenBreak", "usage": 14},
				{"appName": "카카오톡", "usage": 12},
				{"appName": "전화", "usage": 9},
				{"appName": "캘린더", "usage": 4},
				{"appName": "네이버 지도", "usage": 2},
				{"appName": "시계", "usage": 0},
				{"appName": "Instagram", "usage": 0},
				{"appName": "드라이브", "usage": 0},
				{"appName": "카메라", "usage": 0},
				{"appName": "Polar Beat", "usage": 0},
				{"appName": "메시지", "usage": 0},
				{"appName": "Samsung Experience 홈", "usage": 0},
				{"appName": "Paco", "usage": 0},
				{"appName": "연락처", "usage": 0},
				{"appName": "설정", "usage": 0},
				{"appName": "내 파일", "usage": 0},
				{"appName": "시스템 UI", "usage": 0},
				{"appName": "소프트웨어 업데이트", "usage": 0}
			]
		},
		"avgTime": {
			"usage": 3,
			"details": [
				{"appName": "Cookie Run: OvenBreak", "usage": 8},
				{"appName": "전화", "usage": 3},
				{"appName": "캘린더", "usage": 1},
				{"appName": "삼성 인터넷", "usage": 1},
				{"appName": "카메라", "usage": 0},
				{"appName": "네이버 지도", "usage": 0},
				{"appName": "드라이브", "usage": 0},
				{"appName": "Instagram", "usage": 0},
				{"appName": "메시지", "usage": 0},
				{"appName": "카카오톡", "usage": 0},
				{"appName": "Polar Beat", "usage": 0},
				{"appName": "내 파일", "usage": 0},
				{"appName": "Paco", "usage": 0},
				{"appName": "설정", "usage": 0},
				{"appName": "시계", "usage": 0},
				{"appName": "연락처", "usage": 0},
				{"appName": "Samsung Experience 홈", "usage": 0},
				{"appName": "시스템 UI", "usage": 0},
				{"appName": "소프트웨어 업데이트", "usage": 0}
			]
		},
		"lastPickup": {"time": 8}
	},
	{
		"date": 4,
		"totalTime": {
			"usage": 380,
			"details": [
				{"appName": "삼성 인터넷", "usage": 268},
				{"appName": "카카오톡", "usage": 42},
				{"appName": "전화", "usage": 29},
				{"appName": "시계", "usage": 20},
				{"appName": "Instagram", "usage": 6},
				{"appName": "Cookie Run: OvenBreak", "usage": 4},
				{"appName": "Samsung Experience 홈", "usage": 2},
				{"appName": "메시지", "usage": 0},
				{"appName": "설정", "usage": 0},
				{"appName": "소프트웨어 업데이트", "usage": 0}
			]
		},
		"pickups": {"usage": 65},
		"downTime": {
			"usage": [
				{"hour": "0", "usage": 23},
				{"hour": "1", "usage": 1},
				{"hour": "2", "usage": 6},
				{"hour": "3", "usage": 21},
				{"hour": "4", "usage": 2},
				{"hour": "5", "usage": 27},
				{"hour": "6", "usage": 1},
				{"hour": "7", "usage": 10},
				{"hour": "8", "usage": 7},
				{"hour": "9", "usage": 35},
				{"hour": "13", "usage": 19},
				{"hour": "14", "usage": 60},
				{"hour": "15", "usage": 59},
				{"hour": "16", "usage": 60},
				{"hour": "17", "usage": 26},
				{"hour": "21", "usage": 0},
				{"hour": "22", "usage": 0},
				{"hour": "23", "usage": 16}
			],
			"details": [
				{"appName": "Samsung Experience 홈", "usage": [0, 1, 2, 3, 4, 5, 6, 7, 8, 9, 13, 14, 15, 16, 17, 22, 23]},
				{"appName": "카카오톡", "usage": [0, 2, 3, 4, 5, 6, 7, 8, 9, 13, 14, 15, 16, 17, 23]},
				{"appName": "삼성 인터넷", "usage": [0, 2, 3, 4, 5, 6, 7, 9, 13, 14, 15, 16, 17, 23]},
				{"appName": "시계", "usage": [0, 1, 2, 3, 9, 13, 17, 21, 22, 23]},
				{"appName": "Instagram", "usage": [2, 3, 7, 9, 13, 23]},
				{"appName": "전화", "usage": [14, 15]},
				{"appName": "소프트웨어 업데이트", "usage": [5]},
				{"appName": "설정", "usage": [3]},
				{"appName": "메시지", "usage": [4]},
				{"appName": "Cookie Run: OvenBreak", "usage": [5]}
			]
		},
		"maxTime": {
			"usage": 117,
			"details": [
				{"appName": "삼성 인터넷", "usage": 39},
				{"appName": "전화", "usage": 29},
				{"appName": "시계", "usage": 5},
				{"appName": "Cookie Run: OvenBreak", "usage": 4},
				{"appName": "Instagram", "usage": 2},
				{"appName": "카카오톡", "usage": 2},
				{"appName": "메시지", "usage": 0},
				{"appName": "Samsung Experience 홈", "usage": 0},
				{"appName": "설정", "usage": 0},
				{"appName": "소프트웨어 업데이트", "usage": 0}
			]
		},
		"avgTime": {
			"usage": 5,
			"details": [
				{"appName": "전화", "usage": 29},
				{"appName": "Cookie Run: OvenBreak", "usage": 4},
				{"appName": "삼성 인터넷", "usage": 3},
				{"appName": "Instagram", "usage": 0},
				{"appName": "시계", "usage": 0},
				{"appName": "메시지", "usage": 0},
				{"appName": "카카오톡", "usage": 0},
				{"appName": "설정", "usage": 0},
				{"appName": "Samsung Experience 홈", "usage": 0},
				{"appName": "소프트웨어 업데이트", "usage": 0}
			]
		},
		"lastPickup": {"time": 5}
	},
	{
		"date": 5,
		"totalTime": {
			"usage": 364,
			"details": [
				{"appName": "삼성 인터넷", "usage": 176},
				{"appName": "Cookie Run: OvenBreak", "usage": 93},
				{"appName": "카카오톡", "usage": 41},
				{"appName": "Instagram", "usage": 12},
				{"appName": "드라이브", "usage": 11},
				{"appName": "Samsung Experience 홈", "usage": 6},
				{"appName": "전화", "usage": 6},
				{"appName": "Polar Beat", "usage": 2},
				{"appName": "Paco", "usage": 2},
				{"appName": "Melon", "usage": 1},
				{"appName": "시스템 UI", "usage": 0},
				{"appName": "설정", "usage": 0},
				{"appName": "시계", "usage": 0},
				{"appName": "메시지", "usage": 0},
				{"appName": "카메라", "usage": 0},
				{"appName": "연락처", "usage": 0},
				{"appName": "내 파일", "usage": 0},
				{"appName": "Samsung Experience Service", "usage": 0},
				{"appName": "삼성 키보드", "usage": 0},
				{"appName": "소프트웨어 업데이트", "usage": 0},
				{"appName": "BAND", "usage": 0},
				{"appName": "Samsung account", "usage": 0}
			]
		},
		"pickups": {"usage": 81},
		"downTime": {
			"usage": [
				{"hour": "0", "usage": 49},
				{"hour": "1", "usage": 39},
				{"hour": "2", "usage": 50},
				{"hour": "3", "usage": 41},
				{"hour": "4", "usage": 27},
				{"hour": "5", "usage": 0},
				{"hour": "6", "usage": 10},
				{"hour": "7", "usage": 6},
				{"hour": "8", "usage": 1},
				{"hour": "9", "usage": 31},
				{"hour": "10", "usage": 10},
				{"hour": "11", "usage": 1},
				{"hour": "12", "usage": 4},
				{"hour": "13", "usage": 17},
				{"hour": "14", "usage": 8},
				{"hour": "15", "usage": 3},
				{"hour": "16", "usage": 1},
				{"hour": "17", "usage": 0},
				{"hour": "18", "usage": 30},
				{"hour": "19", "usage": 27}
			],
			"details": [
				{"appName": "Samsung Experience 홈", "usage": [0, 1, 2, 3, 4, 5, 6, 7, 8, 9, 10, 11, 12, 13, 14, 15, 16, 18, 19]},
				{"appName": "카카오톡", "usage": [0, 1, 2, 3, 4, 7, 8, 9, 10, 11, 12, 13, 14, 15, 16, 18]},
				{"appName": "삼성 인터넷", "usage": [0, 1, 2, 3, 4, 7, 8, 9, 11, 12, 13, 14, 15, 18, 19]},
				{"appName": "시스템 UI", "usage": [1, 2, 3, 6, 8, 9, 10, 12, 14, 15, 18, 19]},
				{"appName": "Cookie Run: OvenBreak", "usage": [1, 2, 3, 4, 6, 9, 10, 18, 19]},
				{"appName": "Paco", "usage": [4, 6, 8, 9, 10, 12, 14, 15]},
				{"appName": "Instagram", "usage": [0, 6, 7, 13, 14, 18]},
				{"appName": "Melon", "usage": [4, 5, 6, 7]},
				{"appName": "카메라", "usage": [3, 12, 16]},
				{"appName": "시계", "usage": [0, 2, 18]},
				{"appName": "드라이브", "usage": [1, 2, 18]},
				{"appName": "설정", "usage": [4, 16]},
				{"appName": "메시지", "usage": [2, 15]},
				{"appName": "Polar Beat", "usage": [4, 16]},
				{"appName": "전화", "usage": [13]},
				{"appName": "연락처", "usage": [13]},
				{"appName": "소프트웨어 업데이트", "usage": [11]},
				{"appName": "삼성 키보드", "usage": [18]},
				{"appName": "내 파일", "usage": [18]},
				{"appName": "Samsung account", "usage": [18]},
				{"appName": "Samsung Experience Service", "usage": [18]},
				{"appName": "BAND", "usage": [9]}
			]
		},
		"maxTime": {
			"usage": 65,
			"details": [
				{"appName": "Cookie Run: OvenBreak", "usage": 30},
				{"appName": "삼성 인터넷", "usage": 11},
				{"appName": "카카오톡", "usage": 10},
				{"appName": "Instagram", "usage": 5},
				{"appName": "전화", "usage": 3},
				{"appName": "드라이브", "usage": 2},
				{"appName": "Polar Beat", "usage": 2},
				{"appName": "Samsung Experience 홈", "usage": 0},
				{"appName": "메시지", "usage": 0},
				{"appName": "Melon", "usage": 0},
				{"appName": "Paco", "usage": 0},
				{"appName": "설정", "usage": 0},
				{"appName": "카메라", "usage": 0},
				{"appName": "연락처", "usage": 0},
				{"appName": "시계", "usage": 0},
				{"appName": "시스템 UI", "usage": 0},
				{"appName": "Samsung Experience Service", "usage": 0},
				{"appName": "내 파일", "usage": 0},
				{"appName": "삼성 키보드", "usage": 0},
				{"appName": "소프트웨어 업데이트", "usage": 0},
				{"appName": "BAND", "usage": 0},
				{"appName": "Samsung account", "usage": 0}
			]
		},
		"avgTime": {
			"usage": 4,
			"details": [
				{"appName": "Cookie Run: OvenBreak", "usage": 8},
				{"appName": "삼성 인터넷", "usage": 2},
				{"appName": "드라이브", "usage": 0},
				{"appName": "전화", "usage": 0},
				{"appName": "Instagram", "usage": 0},
				{"appName": "Polar Beat", "usage": 0},
				{"appName": "메시지", "usage": 0},
				{"appName": "카카오톡", "usage": 0},
				{"appName": "Paco", "usage": 0},
				{"appName": "Melon", "usage": 0},
				{"appName": "설정", "usage": 0},
				{"appName": "연락처", "usage": 0},
				{"appName": "Samsung Experience Service", "usage": 0},
				{"appName": "카메라", "usage": 0},
				{"appName": "시계", "usage": 0},
				{"appName": "시스템 UI", "usage": 0},
				{"appName": "Samsung Experience 홈", "usage": 0},
				{"appName": "삼성 키보드", "usage": 0},
				{"appName": "내 파일", "usage": 0},
				{"appName": "BAND", "usage": 0},
				{"appName": "소프트웨어 업데이트", "usage": 0},
				{"appName": "Samsung account", "usage": 0}
			]
		},
		"lastPickup": {"time": 30}
	},
	{
		"date": 6,
		"totalTime": {
			"usage": 680,
			"details": [
				{"appName": "삼성 인터넷", "usage": 351},
				{"appName": "카카오톡", "usage": 106},
				{"appName": "전화", "usage": 84},
				{"appName": "Cookie Run: OvenBreak", "usage": 67},
				{"appName": "Samsung Experience 홈", "usage": 22},
				{"appName": "시계", "usage": 7},
				{"appName": "PowerPoint", "usage": 6},
				{"appName": "연락처", "usage": 5},
				{"appName": "드라이브", "usage": 3},
				{"appName": "Instagram", "usage": 3},
				{"appName": "Melon", "usage": 3},
				{"appName": "Paco", "usage": 2},
				{"appName": "갤러리", "usage": 2},
				{"appName": "설정", "usage": 2},
				{"appName": "메시지", "usage": 1},
				{"appName": "BAND", "usage": 1},
				{"appName": "YouTube", "usage": 0},
				{"appName": "Excel", "usage": 0},
				{"appName": "시스템 UI", "usage": 0},
				{"appName": "카메라", "usage": 0},
				{"appName": "밥대생", "usage": 0},
				{"appName": "Polar Beat", "usage": 0},
				{"appName": "안드로이드 시스템", "usage": 0},
				{"appName": "계산기", "usage": 0},
				{"appName": "Samsung Pass", "usage": 0},
				{"appName": "Google Play 서비스", "usage": 0},
				{"appName": "Samsung Pass 자동 완성", "usage": 0}
			]
		},
		"pickups": {"usage": 70},
		"downTime": {
			"usage": [
				{"hour": "0", "usage": 4},
				{"hour": "1", "usage": 30},
				{"hour": "2", "usage": 44},
				{"hour": "3", "usage": 11},
				{"hour": "4", "usage": 3},
				{"hour": "5", "usage": 17},
				{"hour": "6", "usage": 43},
				{"hour": "7", "usage": 33},
				{"hour": "8", "usage": 21},
				{"hour": "9", "usage": 33},
				{"hour": "10", "usage": 50},
				{"hour": "11", "usage": 58},
				{"hour": "12", "usage": 59},
				{"hour": "13", "usage": 59},
				{"hour": "14", "usage": 60},
				{"hour": "15", "usage": 55},
				{"hour": "16", "usage": 58},
				{"hour": "17", "usage": 28},
				{"hour": "23", "usage": 6}
			],
			"details": [
				{"appName": "카카오톡", "usage": [0, 1, 2, 3, 4, 5, 6, 7, 8, 9, 10, 11, 12, 13, 14, 15, 16, 17, 23]},
				{"appName": "Samsung Experience 홈", "usage": [0, 1, 2, 3, 4, 5, 6, 7, 8, 9, 10, 11, 12, 13, 14, 15, 16, 17, 23]},
				{"appName": "삼성 인터넷", "usage": [0, 1, 2, 3, 5, 6, 7, 8, 9, 10, 11, 12, 13, 14, 15, 16, 17, 23]},
				{"appName": "Instagram", "usage": [1, 2, 5, 6, 8, 10, 11, 14, 15]},
				{"appName": "Paco", "usage": [1, 2, 5, 6, 7, 9, 12]},
				{"appName": "시스템 UI", "usage": [1, 2, 5, 6, 11, 13]},
				{"appName": "Cookie Run: OvenBreak", "usage": [1, 5, 7, 8, 9, 10]},
				{"appName": "전화", "usage": [3, 7, 11, 12, 15]},
				{"appName": "시계", "usage": [0, 1, 15, 17, 23]},
				{"appName": "설정", "usage": [1, 3, 6, 9, 12]},
				{"appName": "카메라", "usage": [7, 9, 11, 13]},
				{"appName": "연락처", "usage": [3, 7, 11, 15]},
				{"appName": "메시지", "usage": [3, 7, 9, 12]},
				{"appName": "안드로이드 시스템", "usage": [6, 12]},
				{"appName": "드라이브", "usage": [6, 12]},
				{"appName": "갤러리", "usage": [1, 6]},
				{"appName": "Polar Beat", "usage": [1, 12]},
				{"appName": "밥대생", "usage": [3]},
				{"appName": "계산기", "usage": [12]},
				{"appName": "YouTube", "usage": [16]},
				{"appName": "Samsung Pass 자동 완성", "usage": [1]},
				{"appName": "Samsung Pass", "usage": [1]},
				{"appName": "PowerPoint", "usage": [6]},
				{"appName": "Melon", "usage": [9]},
				{"appName": "Google Play 서비스", "usage": [1]},
				{"appName": "Excel", "usage": [12]},
				{"appName": "BAND", "usage": [7]}
			]
		},
		"maxTime": {
			"usage": 122,
			"details": [
				{"appName": "전화", "usage": 57},
				{"appName": "삼성 인터넷", "usage": 56},
				{"appName": "Cookie Run: OvenBreak", "usage": 40},
				{"appName": "카카오톡", "usage": 8},
				{"appName": "연락처", "usage": 5},
				{"appName": "Samsung Experience 홈", "usage": 4},
				{"appName": "드라이브", "usage": 3},
				{"appName": "PowerPoint", "usage": 3},
				{"appName": "시계", "usage": 1},
				{"appName": "Melon", "usage": 1},
				{"appName": "갤러리", "usage": 1},
				{"appName": "Instagram", "usage": 1},
				{"appName": "설정", "usage": 0},
				{"appName": "메시지", "usage": 0},
				{"appName": "YouTube", "usage": 0},
				{"appName": "Excel", "usage": 0},
				{"appName": "Paco", "usage": 0},
				{"appName": "밥대생", "usage": 0},
				{"appName": "BAND", "usage": 0},
				{"appName": "카메라", "usage": 0},
				{"appName": "Polar Beat", "usage": 0},
				{"appName": "계산기", "usage": 0},
				{"appName": "시스템 UI", "usage": 0},
				{"appName": "Samsung Pass", "usage": 0},
				{"appName": "안드로이드 시스템", "usage": 0},
				{"appName": "Google Play 서비스", "usage": 0},
				{"appName": "Samsung Pass 자동 완성", "usage": 0}
			]
		},
		"avgTime": {
			"usage": 9,
			"details": [
				{"appName": "전화", "usage": 16},
				{"appName": "Cookie Run: OvenBreak", "usage": 13},
				{"appName": "삼성 인터넷", "usage": 2},
				{"appName": "드라이브", "usage": 0},
				{"appName": "PowerPoint", "usage": 0},
				{"appName": "갤러리", "usage": 0},
				{"appName": "연락처", "usage": 0},
				{"appName": "Excel", "usage": 0},
				{"appName": "메시지", "usage": 0},
				{"appName": "Melon", "usage": 0},
				{"appName": "Instagram", "usage": 0},
				{"appName": "카카오톡", "usage": 0},
				{"appName": "YouTube", "usage": 0},
				{"appName": "밥대생", "usage": 0},
				{"appName": "시계", "usage": 0},
				{"appName": "Paco", "usage": 0},
				{"appName": "설정", "usage": 0},
				{"appName": "계산기", "usage": 0},
				{"appName": "BAND", "usage": 0},
				{"appName": "Samsung Experience 홈", "usage": 0},
				{"appName": "카메라", "usage": 0},
				{"appName": "안드로이드 시스템", "usage": 0},
				{"appName": "Polar Beat", "usage": 0},
				{"appName": "Samsung Pass", "usage": 0},
				{"appName": "시스템 UI", "usage": 0},
				{"appName": "Google Play 서비스", "usage": 0},
				{"appName": "Samsung Pass 자동 완성", "usage": 0}
			]
		},
		"lastPickup": {"time": 0}
	},
	{
		"date": 7,
		"totalTime": {
			"usage": 405,
			"details": [
				{"appName": "삼성 인터넷", "usage": 151},
				{"appName": "Cookie Run: OvenBreak", "usage": 72},
				{"appName": "카카오톡", "usage": 72},
				{"appName": "전화", "usage": 41},
				{"appName": "Melon", "usage": 16},
				{"appName": "갤러리", "usage": 14},
				{"appName": "Samsung Experience 홈", "usage": 5},
				{"appName": "Instagram", "usage": 3},
				{"appName": "카메라", "usage": 2},
				{"appName": "메시지", "usage": 1},
				{"appName": "Paco", "usage": 1},
				{"appName": "시계", "usage": 0},
				{"appName": "연락처", "usage": 0},
				{"appName": "설정", "usage": 0},
				{"appName": "시스템 UI", "usage": 0},
				{"appName": "Polar Beat", "usage": 0},
				{"appName": "캘린더", "usage": 0},
				{"appName": "소프트웨어 업데이트", "usage": 0}
			]
		},
		"pickups": {"usage": 91},
		"downTime": {
			"usage": [
				{"hour": "0", "usage": 6},
				{"hour": "1", "usage": 0},
				{"hour": "2", "usage": 59},
				{"hour": "3", "usage": 44},
				{"hour": "4", "usage": 48},
				{"hour": "5", "usage": 8},
				{"hour": "6", "usage": 14},
				{"hour": "7", "usage": 23},
				{"hour": "8", "usage": 22},
				{"hour": "9", "usage": 14},
				{"hour": "10", "usage": 13},
				{"hour": "11", "usage": 16},
				{"hour": "12", "usage": 0},
				{"hour": "13", "usage": 41},
				{"hour": "14", "usage": 0},
				{"hour": "15", "usage": 23},
				{"hour": "16", "usage": 7},
				{"hour": "18", "usage": 26},
				{"hour": "19", "usage": 22},
				{"hour": "20", "usage": 9}
			],
			"details": [
				{"appName": "Samsung Experience 홈", "usage": [0, 2, 3, 4, 5, 6, 7, 8, 9, 10, 11, 13, 14, 15, 16, 18, 19, 20]},
				{"appName": "카카오톡", "usage": [0, 2, 3, 4, 5, 7, 8, 9, 10, 11, 13, 14, 15, 16, 18, 19]},
				{"appName": "삼성 인터넷", "usage": [2, 3, 4, 5, 6, 7, 8, 9, 10, 11, 18, 19, 20]},
				{"appName": "시스템 UI", "usage": [2, 7, 9, 10, 18, 19]},
				{"appName": "Melon", "usage": [5, 6, 7, 9, 10, 11]},
				{"appName": "카메라", "usage": [4, 8, 9, 14, 15]},
				{"appName": "전화", "usage": [10, 11, 12, 13, 15]},
				{"appName": "시계", "usage": [0, 2, 3, 19]},
				{"appName": "메시지", "usage": [2, 8, 11, 18]},
				{"appName": "Polar Beat", "usage": [7, 11, 12, 13]},
				{"appName": "Instagram", "usage": [2, 3, 9, 18]},
				{"appName": "Cookie Run: OvenBreak", "usage": [2, 10, 18, 19]},
				{"appName": "Paco", "usage": [7, 8, 9]},
				{"appName": "연락처", "usage": [13, 15]},
				{"appName": "소프트웨어 업데이트", "usage": [8, 9]},
				{"appName": "설정", "usage": [7, 11]},
				{"appName": "갤러리", "usage": [6, 9]},
				{"appName": "캘린더", "usage": [2]}
			]
		},
		"maxTime": {
			"usage": 91,
			"details": [
				{"appName": "전화", "usage": 32},
				{"appName": "Cookie Run: OvenBreak", "usage": 31},
				{"appName": "카카오톡", "usage": 13},
				{"appName": "삼성 인터넷", "usage": 11},
				{"appName": "Melon", "usage": 6},
				{"appName": "갤러리", "usage": 5},
				{"appName": "Instagram", "usage": 1},
				{"appName": "카메라", "usage": 0},
				{"appName": "메시지", "usage": 0},
				{"appName": "연락처", "usage": 0},
				{"appName": "Samsung Experience 홈", "usage": 0},
				{"appName": "Paco", "usage": 0},
				{"appName": "캘린더", "usage": 0},
				{"appName": "시계", "usage": 0},
				{"appName": "설정", "usage": 0},
				{"appName": "Polar Beat", "usage": 0},
				{"appName": "시스템 UI", "usage": 0},
				{"appName": "소프트웨어 업데이트", "usage": 0}
			]
		},
		"avgTime": {
			"usage": 4,
			"details": [
				{"appName": "Cookie Run: OvenBreak", "usage": 10},
				{"appName": "전화", "usage": 3},
				{"appName": "삼성 인터넷", "usage": 1},
				{"appName": "갤러리", "usage": 1},
				{"appName": "Instagram", "usage": 0},
				{"appName": "메시지", "usage": 0},
				{"appName": "Melon", "usage": 0},
				{"appName": "카메라", "usage": 0},
				{"appName": "카카오톡", "usage": 0},
				{"appName": "Paco", "usage": 0},
				{"appName": "캘린더", "usage": 0},
				{"appName": "연락처", "usage": 0},
				{"appName": "설정", "usage": 0},
				{"appName": "시계", "usage": 0},
				{"appName": "Polar Beat", "usage": 0},
				{"appName": "시스템 UI", "usage": 0},
				{"appName": "Samsung Experience 홈", "usage": 0},
				{"appName": "소프트웨어 업데이트", "usage": 0}
			]
		},
		"lastPickup": {"time": 2}
	}
]
