[
	{
		"date": 1,
		"totalTime": {
			"usage": 569,
			"details": [
				{"appName": "Facebook", "usage": 129},
				{"appName": "Instagram", "usage": 104},
				{"appName": "NAVER", "usage": 70},
				{"appName": "카카오톡", "usage": 61},
				{"appName": "트위터", "usage": 52},
				{"appName": "캐시워크", "usage": 47},
				{"appName": "기본홈", "usage": 16},
				{"appName": "Paco", "usage": 10},
				{"appName": "갤러리", "usage": 9},
				{"appName": "주소록", "usage": 7},
				{"appName": "카메라", "usage": 5},
				{"appName": "동영상", "usage": 5},
				{"appName": "YouTube", "usage": 4},
				{"appName": "Logger", "usage": 4},
				{"appName": "타임스프레드", "usage": 3},
				{"appName": "Polar Beat", "usage": 3},
				{"appName": "네이버 클라우드", "usage": 2},
				{"appName": "원터치알림", "usage": 2},
				{"appName": "Q메모+", "usage": 1},
				{"appName": "메시지", "usage": 1},
				{"appName": "시스템 UI", "usage": 1},
				{"appName": "LG 페이", "usage": 0},
				{"appName": "Microsoft Health", "usage": 0},
				{"appName": "고음질 녹음", "usage": 0},
				{"appName": "Evernote", "usage": 0},
				{"appName": "통화 화면", "usage": 0},
				{"appName": "토스", "usage": 0},
				{"appName": "Google", "usage": 0},
				{"appName": "Wi-Fi", "usage": 0},
				{"appName": "알람/시계", "usage": 0},
				{"appName": "미세미세", "usage": 0},
				{"appName": "퀵 비디오 편집기", "usage": 0},
				{"appName": "설정", "usage": 0},
				{"appName": "접근성", "usage": 0},
				{"appName": "파일", "usage": 0},
				{"appName": "텔레그램", "usage": 0},
				{"appName": "LG 키보드", "usage": 0},
				{"appName": "Messenger", "usage": 0},
				{"appName": "ABC Logger", "usage": 0},
				{"appName": "네이버 뮤직", "usage": 0},
				{"appName": "Spotify", "usage": 0},
				{"appName": "패키지 설치 프로그램", "usage": 0},
				{"appName": "통화 관리", "usage": 0}
			]
		},
		"pickups": {"usage": 253},
		"downTime": {
			"usage": [
				{"hour": "0", "usage": 5},
				{"hour": "1", "usage": 13},
				{"hour": "2", "usage": 23},
				{"hour": "3", "usage": 12},
				{"hour": "4", "usage": 19},
				{"hour": "5", "usage": 16},
				{"hour": "6", "usage": 53},
				{"hour": "7", "usage": 2},
				{"hour": "8", "usage": 6},
				{"hour": "9", "usage": 31},
				{"hour": "10", "usage": 14},
				{"hour": "11", "usage": 22},
				{"hour": "12", "usage": 53},
				{"hour": "13", "usage": 18},
				{"hour": "14", "usage": 35},
				{"hour": "15", "usage": 59},
				{"hour": "16", "usage": 60},
				{"hour": "17", "usage": 60},
				{"hour": "18", "usage": 35},
				{"hour": "19", "usage": 24},
				{"hour": "23", "usage": 0}
			],
			"details": [
				{"appName": "기본홈", "usage": [0, 1, 2, 3, 4, 5, 6, 7, 8, 9, 10, 11, 12, 13, 14, 15, 16, 17, 18, 19]},
				{"appName": "타임스프레드", "usage": [0, 1, 2, 3, 4, 5, 6, 7, 8, 9, 10, 11, 12, 13, 14, 15, 18, 19, 23]},
				{"appName": "캐시워크", "usage": [0, 1, 2, 3, 4, 5, 6, 7, 8, 9, 10, 11, 12, 13, 14, 15, 18, 19, 23]},
				{"appName": "카카오톡", "usage": [1, 2, 3, 4, 5, 6, 8, 9, 10, 11, 12, 13, 14, 15, 16, 18, 23]},
				{"appName": "시스템 UI", "usage": [5, 6, 7, 8, 9, 10, 11, 12, 13, 14, 15, 16, 17, 18]},
				{"appName": "Facebook", "usage": [2, 3, 4, 5, 6, 9, 10, 11, 12, 14, 15, 16, 18, 19]},
				{"appName": "Instagram", "usage": [2, 9, 10, 11, 12, 13, 14, 15, 16, 17, 18, 19]},
				{"appName": "Q메모+", "usage": [0, 1, 2, 3, 4, 6, 10, 12, 14, 17, 19]},
				{"appName": "갤러리", "usage": [2, 3, 4, 5, 9, 12, 13, 14, 15, 16]},
				{"appName": "트위터", "usage": [2, 3, 11, 12, 14, 15, 16, 19]},
				{"appName": "Paco", "usage": [0, 1, 2, 3, 4, 5, 6, 8]},
				{"appName": "NAVER", "usage": [1, 2, 3, 4, 9, 16, 17, 18]},
				{"appName": "카메라", "usage": [3, 5, 10, 13, 14, 16]},
				{"appName": "Google", "usage": [0, 1, 7, 8, 12, 18]},
				{"appName": "Polar Beat", "usage": [0, 2, 5, 7, 8]},
				{"appName": "원터치알림", "usage": [3, 8, 10, 12]},
				{"appName": "설정", "usage": [2, 13, 14, 15]},
				{"appName": "동영상", "usage": [12, 14, 15, 16]},
				{"appName": "Logger", "usage": [2, 5, 6, 8]},
				{"appName": "Wi-Fi", "usage": [13, 14, 15]},
				{"appName": "파일", "usage": [2, 4]},
				{"appName": "접근성", "usage": [2, 8]},
				{"appName": "메시지", "usage": [9, 11]},
				{"appName": "LG 페이", "usage": [3, 8]},
				{"appName": "패키지 설치 프로그램", "usage": [2]},
				{"appName": "통화 화면", "usage": [12]},
				{"appName": "통화 관리", "usage": [12]},
				{"appName": "토스", "usage": [3]},
				{"appName": "텔레그램", "usage": [3]},
				{"appName": "퀵 비디오 편집기", "usage": [13]},
				{"appName": "주소록", "usage": [12]},
				{"appName": "알람/시계", "usage": [19]},
				{"appName": "미세미세", "usage": [16]},
				{"appName": "네이버 클라우드", "usage": [18]},
				{"appName": "네이버 뮤직", "usage": [11]},
				{"appName": "고음질 녹음", "usage": [12]},
				{"appName": "YouTube", "usage": [15]},
				{"appName": "Spotify", "usage": [9]},
				{"appName": "Microsoft Health", "usage": [5]},
				{"appName": "Messenger", "usage": [15]},
				{"appName": "LG 키보드", "usage": [15]},
				{"appName": "Evernote", "usage": [2]},
				{"appName": "ABC Logger", "usage": [5]}
			]
		},
		"maxTime": {
			"usage": 174,
			"details": [
				{"appName": "NAVER", "usage": 26},
				{"appName": "Facebook", "usage": 21},
				{"appName": "Instagram", "usage": 11},
				{"appName": "캐시워크", "usage": 8},
				{"appName": "주소록", "usage": 7},
				{"appName": "YouTube", "usage": 4},
				{"appName": "카카오톡", "usage": 3},
				{"appName": "갤러리", "usage": 3},
				{"appName": "Logger", "usage": 2},
				{"appName": "원터치알림", "usage": 1},
				{"appName": "기본홈", "usage": 1},
				{"appName": "네이버 클라우드", "usage": 1},
				{"appName": "Q메모+", "usage": 1},
				{"appName": "Paco", "usage": 1},
				{"appName": "트위터", "usage": 0},
				{"appName": "Polar Beat", "usage": 0},
				{"appName": "카메라", "usage": 0},
				{"appName": "동영상", "usage": 0},
				{"appName": "Microsoft Health", "usage": 0},
				{"appName": "메시지", "usage": 0},
				{"appName": "고음질 녹음", "usage": 0},
				{"appName": "Evernote", "usage": 0},
				{"appName": "LG 페이", "usage": 0},
				{"appName": "토스", "usage": 0},
				{"appName": "통화 화면", "usage": 0},
				{"appName": "타임스프레드", "usage": 0},
				{"appName": "알람/시계", "usage": 0},
				{"appName": "퀵 비디오 편집기", "usage": 0},
				{"appName": "미세미세", "usage": 0},
				{"appName": "시스템 UI", "usage": 0},
				{"appName": "Wi-Fi", "usage": 0},
				{"appName": "Google", "usage": 0},
				{"appName": "접근성", "usage": 0},
				{"appName": "텔레그램", "usage": 0},
				{"appName": "파일", "usage": 0},
				{"appName": "설정", "usage": 0},
				{"appName": "LG 키보드", "usage": 0},
				{"appName": "Messenger", "usage": 0},
				{"appName": "ABC Logger", "usage": 0},
				{"appName": "Spotify", "usage": 0},
				{"appName": "네이버 뮤직", "usage": 0},
				{"appName": "패키지 설치 프로그램", "usage": 0},
				{"appName": "통화 관리", "usage": 0}
			]
		},
		"avgTime": {
			"usage": 2,
			"details": [
				{"appName": "YouTube", "usage": 2},
				{"appName": "NAVER", "usage": 1},
				{"appName": "주소록", "usage": 1},
				{"appName": "Facebook", "usage": 0},
				{"appName": "Instagram", "usage": 0},
				{"appName": "Logger", "usage": 0},
				{"appName": "카메라", "usage": 0},
				{"appName": "Microsoft Health", "usage": 0},
				{"appName": "고음질 녹음", "usage": 0},
				{"appName": "Polar Beat", "usage": 0},
				{"appName": "동영상", "usage": 0},
				{"appName": "알람/시계", "usage": 0},
				{"appName": "퀵 비디오 편집기", "usage": 0},
				{"appName": "갤러리", "usage": 0},
				{"appName": "Paco", "usage": 0},
				{"appName": "네이버 클라우드", "usage": 0},
				{"appName": "메시지", "usage": 0},
				{"appName": "토스", "usage": 0},
				{"appName": "원터치알림", "usage": 0},
				{"appName": "미세미세", "usage": 0},
				{"appName": "트위터", "usage": 0},
				{"appName": "LG 페이", "usage": 0},
				{"appName": "카카오톡", "usage": 0},
				{"appName": "Evernote", "usage": 0},
				{"appName": "통화 화면", "usage": 0},
				{"appName": "Q메모+", "usage": 0},
				{"appName": "텔레그램", "usage": 0},
				{"appName": "접근성", "usage": 0},
				{"appName": "기본홈", "usage": 0},
				{"appName": "캐시워크", "usage": 0},
				{"appName": "설정", "usage": 0},
				{"appName": "Wi-Fi", "usage": 0},
				{"appName": "파일", "usage": 0},
				{"appName": "LG 키보드", "usage": 0},
				{"appName": "Google", "usage": 0},
				{"appName": "시스템 UI", "usage": 0},
				{"appName": "Messenger", "usage": 0},
				{"appName": "타임스프레드", "usage": 0},
				{"appName": "ABC Logger", "usage": 0},
				{"appName": "네이버 뮤직", "usage": 0},
				{"appName": "Spotify", "usage": 0},
				{"appName": "패키지 설치 프로그램", "usage": 0},
				{"appName": "통화 관리", "usage": 0}
			]
		},
		"lastPickup": {"time": 0}
	},
	{
		"date": 2,
		"totalTime": {
			"usage": 658,
			"details": [
				{"appName": "Facebook", "usage": 294},
				{"appName": "Instagram", "usage": 125},
				{"appName": "카카오톡", "usage": 41},
				{"appName": "네이버 카페", "usage": 34},
				{"appName": "Polar Beat", "usage": 34},
				{"appName": "트위터", "usage": 24},
				{"appName": "기본홈", "usage": 12},
				{"appName": "고속버스 모바일", "usage": 12},
				{"appName": "시스템 UI", "usage": 12},
				{"appName": "Paco", "usage": 9},
				{"appName": "메시지", "usage": 8},
				{"appName": "통화 화면", "usage": 8},
				{"appName": "NAVER", "usage": 5},
				{"appName": "네이버 지도", "usage": 4},
				{"appName": "YouTube", "usage": 4},
				{"appName": "캐시워크", "usage": 4},
				{"appName": "갤러리", "usage": 3},
				{"appName": "Microsoft Band", "usage": 2},
				{"appName": "동영상", "usage": 1},
				{"appName": "Evernote", "usage": 1},
				{"appName": "토스", "usage": 1},
				{"appName": "원터치알림", "usage": 1},
				{"appName": "Logger", "usage": 1},
				{"appName": "KAIST Portal", "usage": 1},
				{"appName": "네이버 클라우드", "usage": 0},
				{"appName": "Q메모+", "usage": 0},
				{"appName": "타임스프레드", "usage": 0},
				{"appName": "카메라", "usage": 0},
				{"appName": "한국투자 주식", "usage": 0},
				{"appName": "알람/시계", "usage": 0},
				{"appName": "접근성", "usage": 0},
				{"appName": "중고나라", "usage": 0},
				{"appName": "Google", "usage": 0},
				{"appName": "텔레그램", "usage": 0},
				{"appName": "주소록", "usage": 0},
				{"appName": "VIBE", "usage": 0},
				{"appName": "날씨", "usage": 0},
				{"appName": "미세미세", "usage": 0},
				{"appName": "패키지 설치 프로그램", "usage": 0},
				{"appName": "네이버 뮤직", "usage": 0},
				{"appName": "Android 시스템", "usage": 0},
				{"appName": "설정", "usage": 0},
				{"appName": "에브리싱", "usage": 0},
				{"appName": "통화 관리", "usage": 0},
				{"appName": "우리카드", "usage": 0}
			]
		},
		"pickups": {"usage": 58},
		"downTime": {
			"usage": [
				{"hour": "2", "usage": 56},
				{"hour": "3", "usage": 48},
				{"hour": "4", "usage": 34},
				{"hour": "5", "usage": 15},
				{"hour": "6", "usage": 20},
				{"hour": "7", "usage": 31},
				{"hour": "8", "usage": 52},
				{"hour": "9", "usage": 49},
				{"hour": "10", "usage": 41},
				{"hour": "11", "usage": 49},
				{"hour": "12", "usage": 25},
				{"hour": "13", "usage": 53},
				{"hour": "14", "usage": 0},
				{"hour": "15", "usage": 14},
				{"hour": "16", "usage": 16},
				{"hour": "17", "usage": 40},
				{"hour": "18", "usage": 60},
				{"hour": "19", "usage": 47},
				{"hour": "20", "usage": 1}
			],
			"details": [
				{"appName": "타임스프레드", "usage": [2, 3, 4, 5, 6, 7, 8, 9, 10, 11, 12, 13, 14, 15, 16, 17, 19, 20]},
				{"appName": "캐시워크", "usage": [2, 3, 4, 5, 6, 7, 8, 9, 10, 11, 12, 13, 14, 15, 16, 17, 19, 20]},
				{"appName": "기본홈", "usage": [2, 3, 4, 5, 6, 7, 8, 9, 10, 11, 12, 13, 14, 16, 17, 19, 20]},
				{"appName": "Facebook", "usage": [2, 3, 4, 5, 6, 7, 8, 9, 10, 11, 12, 13, 16, 17, 18, 19, 20]},
				{"appName": "시스템 UI", "usage": [2, 3, 4, 5, 7, 8, 9, 10, 11, 12, 13, 15, 19]},
				{"appName": "Instagram", "usage": [2, 3, 4, 6, 7, 8, 9, 10, 13, 15, 16, 17, 19]},
				{"appName": "카카오톡", "usage": [2, 3, 5, 6, 7, 8, 9, 10, 11, 12, 13, 19]},
				{"appName": "Paco", "usage": [4, 5, 6, 7, 8, 9, 10, 11]},
				{"appName": "트위터", "usage": [2, 3, 4, 6, 7, 9, 19]},
				{"appName": "Q메모+", "usage": [3, 5, 8, 9, 10, 12, 18]},
				{"appName": "네이버 카페", "usage": [10, 11, 12, 13, 15, 16]},
				{"appName": "Polar Beat", "usage": [3, 4, 7, 8, 9, 10]},
				{"appName": "갤러리", "usage": [3, 8, 9, 12, 13]},
				{"appName": "NAVER", "usage": [2, 3, 4, 15, 16]},
				{"appName": "Logger", "usage": [3, 4, 6, 9, 10]},
				{"appName": "패키지 설치 프로그램", "usage": [3, 6, 7, 9]},
				{"appName": "원터치알림", "usage": [6, 8, 9, 10]},
				{"appName": "메시지", "usage": [4, 8, 9, 12]},
				{"appName": "네이버 지도", "usage": [3, 4, 8, 9]},
				{"appName": "접근성", "usage": [3, 4, 10]},
				{"appName": "고속버스 모바일", "usage": [3, 4, 5]},
				{"appName": "토스", "usage": [8, 9]},
				{"appName": "알람/시계", "usage": [2, 19]},
				{"appName": "설정", "usage": [9, 10]},
				{"appName": "동영상", "usage": [3, 13]},
				{"appName": "네이버 뮤직", "usage": [9, 19]},
				{"appName": "Microsoft Band", "usage": [7, 9]},
				{"appName": "Evernote", "usage": [3, 10]},
				{"appName": "한국투자 주식", "usage": [8]},
				{"appName": "통화 화면", "usage": [9]},
				{"appName": "통화 관리", "usage": [9]},
				{"appName": "텔레그램", "usage": [4]},
				{"appName": "카메라", "usage": [12]},
				{"appName": "중고나라", "usage": [10]},
				{"appName": "주소록", "usage": [9]},
				{"appName": "우리카드", "usage": [7]},
				{"appName": "에브리싱", "usage": [10]},
				{"appName": "미세미세", "usage": [4]},
				{"appName": "네이버 클라우드", "usage": [2]},
				{"appName": "날씨", "usage": [14]},
				{"appName": "YouTube", "usage": [19]},
				{"appName": "VIBE", "usage": [20]},
				{"appName": "KAIST Portal", "usage": [2]},
				{"appName": "Google", "usage": [10]},
				{"appName": "Android 시스템", "usage": [12]}
			]
		},
		"maxTime": {
			"usage": 128,
			"details": [
				{"appName": "Facebook", "usage": 39},
				{"appName": "Instagram", "usage": 12},
				{"appName": "시스템 UI", "usage": 9},
				{"appName": "Polar Beat", "usage": 9},
				{"appName": "카카오톡", "usage": 7},
				{"appName": "네이버 카페", "usage": 3},
				{"appName": "YouTube", "usage": 3},
				{"appName": "통화 화면", "usage": 3},
				{"appName": "고속버스 모바일", "usage": 2},
				{"appName": "Paco", "usage": 2},
				{"appName": "메시지", "usage": 1},
				{"appName": "트위터", "usage": 1},
				{"appName": "NAVER", "usage": 1},
				{"appName": "네이버 지도", "usage": 1},
				{"appName": "Microsoft Band", "usage": 1},
				{"appName": "갤러리", "usage": 0},
				{"appName": "네이버 클라우드", "usage": 0},
				{"appName": "기본홈", "usage": 0},
				{"appName": "캐시워크", "usage": 0},
				{"appName": "원터치알림", "usage": 0},
				{"appName": "동영상", "usage": 0},
				{"appName": "Evernote", "usage": 0},
				{"appName": "Logger", "usage": 0},
				{"appName": "KAIST Portal", "usage": 0},
				{"appName": "한국투자 주식", "usage": 0},
				{"appName": "알람/시계", "usage": 0},
				{"appName": "카메라", "usage": 0},
				{"appName": "토스", "usage": 0},
				{"appName": "VIBE", "usage": 0},
				{"appName": "날씨", "usage": 0},
				{"appName": "중고나라", "usage": 0},
				{"appName": "Google", "usage": 0},
				{"appName": "타임스프레드", "usage": 0},
				{"appName": "주소록", "usage": 0},
				{"appName": "접근성", "usage": 0},
				{"appName": "텔레그램", "usage": 0},
				{"appName": "네이버 뮤직", "usage": 0},
				{"appName": "Q메모+", "usage": 0},
				{"appName": "미세미세", "usage": 0},
				{"appName": "패키지 설치 프로그램", "usage": 0},
				{"appName": "Android 시스템", "usage": 0},
				{"appName": "설정", "usage": 0},
				{"appName": "에브리싱", "usage": 0},
				{"appName": "통화 관리", "usage": 0},
				{"appName": "우리카드", "usage": 0}
			]
		},
		"avgTime": {
			"usage": 11,
			"details": [
				{"appName": "YouTube", "usage": 2},
				{"appName": "Facebook", "usage": 1},
				{"appName": "통화 화면", "usage": 1},
				{"appName": "Polar Beat", "usage": 0},
				{"appName": "Instagram", "usage": 0},
				{"appName": "메시지", "usage": 0},
				{"appName": "NAVER", "usage": 0},
				{"appName": "네이버 지도", "usage": 0},
				{"appName": "한국투자 주식", "usage": 0},
				{"appName": "네이버 클라우드", "usage": 0},
				{"appName": "고속버스 모바일", "usage": 0},
				{"appName": "Paco", "usage": 0},
				{"appName": "네이버 카페", "usage": 0},
				{"appName": "카메라", "usage": 0},
				{"appName": "동영상", "usage": 0},
				{"appName": "Microsoft Band", "usage": 0},
				{"appName": "시스템 UI", "usage": 0},
				{"appName": "갤러리", "usage": 0},
				{"appName": "날씨", "usage": 0},
				{"appName": "카카오톡", "usage": 0},
				{"appName": "트위터", "usage": 0},
				{"appName": "Logger", "usage": 0},
				{"appName": "Evernote", "usage": 0},
				{"appName": "텔레그램", "usage": 0},
				{"appName": "VIBE", "usage": 0},
				{"appName": "KAIST Portal", "usage": 0},
				{"appName": "토스", "usage": 0},
				{"appName": "접근성", "usage": 0},
				{"appName": "기본홈", "usage": 0},
				{"appName": "원터치알림", "usage": 0},
				{"appName": "중고나라", "usage": 0},
				{"appName": "미세미세", "usage": 0},
				{"appName": "주소록", "usage": 0},
				{"appName": "알람/시계", "usage": 0},
				{"appName": "Google", "usage": 0},
				{"appName": "네이버 뮤직", "usage": 0},
				{"appName": "Q메모+", "usage": 0},
				{"appName": "Android 시스템", "usage": 0},
				{"appName": "캐시워크", "usage": 0},
				{"appName": "패키지 설치 프로그램", "usage": 0},
				{"appName": "설정", "usage": 0},
				{"appName": "타임스프레드", "usage": 0},
				{"appName": "에브리싱", "usage": 0},
				{"appName": "통화 관리", "usage": 0},
				{"appName": "우리카드", "usage": 0}
			]
		},
		"lastPickup": {"time": 14}
	},
	{
		"date": 3,
		"totalTime": {
			"usage": 324,
			"details": [
				{"appName": "Facebook", "usage": 66},
				{"appName": "Instagram", "usage": 46},
				{"appName": "타임스프레드", "usage": 36},
				{"appName": "카카오톡", "usage": 34},
				{"appName": "기본홈", "usage": 19},
				{"appName": "네이버 지도", "usage": 19},
				{"appName": "문서", "usage": 19},
				{"appName": "트위터", "usage": 12},
				{"appName": "캐시워크", "usage": 12},
				{"appName": "Evernote", "usage": 8},
				{"appName": "Paco", "usage": 7},
				{"appName": "NAVER", "usage": 6},
				{"appName": "네이버 카페", "usage": 5},
				{"appName": "Spotify", "usage": 3},
				{"appName": "Polar Beat", "usage": 2},
				{"appName": "Wi-Fi", "usage": 1},
				{"appName": "카메라", "usage": 1},
				{"appName": "T world", "usage": 1},
				{"appName": "시외버스 모바일", "usage": 1},
				{"appName": "시스템 UI", "usage": 1},
				{"appName": "LG 페이", "usage": 1},
				{"appName": "VIBE", "usage": 1},
				{"appName": "메시지", "usage": 0},
				{"appName": "Logger", "usage": 0},
				{"appName": "알람/시계", "usage": 0},
				{"appName": "날씨", "usage": 0},
				{"appName": "텔레그램", "usage": 0},
				{"appName": "Google Play 스토어", "usage": 0},
				{"appName": "Google", "usage": 0},
				{"appName": "설정", "usage": 0},
				{"appName": "접근성", "usage": 0},
				{"appName": "드라이브", "usage": 0},
				{"appName": "Chrome", "usage": 0},
				{"appName": "YouTube", "usage": 0},
				{"appName": "Q메모+", "usage": 0},
				{"appName": "원터치알림", "usage": 0},
				{"appName": "갤러리", "usage": 0},
				{"appName": "네이버 뮤직", "usage": 0},
				{"appName": "Netflix", "usage": 0},
				{"appName": "미세미세", "usage": 0},
				{"appName": "패키지 설치 프로그램", "usage": 0}
			]
		},
		"pickups": {"usage": 272},
		"downTime": {
			"usage": [
				{"hour": "2", "usage": 32},
				{"hour": "3", "usage": 8},
				{"hour": "4", "usage": 12},
				{"hour": "5", "usage": 28},
				{"hour": "6", "usage": 25},
				{"hour": "7", "usage": 32},
				{"hour": "8", "usage": 6},
				{"hour": "9", "usage": 28},
				{"hour": "10", "usage": 31},
				{"hour": "11", "usage": 6},
				{"hour": "12", "usage": 21},
				{"hour": "13", "usage": 51},
				{"hour": "14", "usage": 10},
				{"hour": "15", "usage": 2},
				{"hour": "17", "usage": 7},
				{"hour": "18", "usage": 1},
				{"hour": "19", "usage": 18},
				{"hour": "22", "usage": 0}
			],
			"details": [
				{"appName": "타임스프레드", "usage": [2, 3, 4, 5, 6, 7, 8, 9, 10, 11, 12, 13, 14, 15, 17, 18, 19, 22]},
				{"appName": "캐시워크", "usage": [2, 3, 4, 5, 6, 7, 8, 9, 10, 11, 12, 13, 14, 15, 17, 18, 19, 22]},
				{"appName": "기본홈", "usage": [2, 3, 4, 5, 6, 7, 8, 9, 10, 11, 12, 13, 14, 15, 17, 18, 19]},
				{"appName": "카카오톡", "usage": [3, 4, 5, 6, 7, 9, 10, 11, 12, 13, 14, 17]},
				{"appName": "Instagram", "usage": [2, 3, 5, 6, 7, 9, 10, 11, 12, 13, 14, 17]},
				{"appName": "Facebook", "usage": [2, 3, 5, 6, 7, 9, 10, 12, 13, 17, 18, 19]},
				{"appName": "시스템 UI", "usage": [2, 3, 4, 5, 6, 7, 9, 10, 13, 14, 19]},
				{"appName": "네이버 카페", "usage": [2, 4, 6, 9, 10, 12, 13, 14, 18]},
				{"appName": "Evernote", "usage": [4, 5, 6, 7, 8, 9, 10, 14, 15]},
				{"appName": "네이버 지도", "usage": [5, 7, 8, 9, 10, 11, 12, 15]},
				{"appName": "트위터", "usage": [4, 6, 9, 10, 18, 19]},
				{"appName": "Polar Beat", "usage": [3, 4, 5, 6, 9, 10]},
				{"appName": "Paco", "usage": [4, 5, 6, 7, 8, 9]},
				{"appName": "NAVER", "usage": [6, 7, 12, 13, 14, 15]},
				{"appName": "원터치알림", "usage": [2, 5, 7, 12, 14]},
				{"appName": "카메라", "usage": [6, 7, 8, 10]},
				{"appName": "접근성", "usage": [3, 4, 6, 10]},
				{"appName": "LG 페이", "usage": [8, 10, 13, 14]},
				{"appName": "시외버스 모바일", "usage": [2, 4, 5]},
				{"appName": "설정", "usage": [6, 7, 12]},
				{"appName": "날씨", "usage": [2, 5, 7]},
				{"appName": "Spotify", "usage": [5, 6, 12]},
				{"appName": "Q메모+", "usage": [6, 7, 13]},
				{"appName": "패키지 설치 프로그램", "usage": [6, 10]},
				{"appName": "알람/시계", "usage": [2, 19]},
				{"appName": "메시지", "usage": [2, 14]},
				{"appName": "네이버 뮤직", "usage": [5, 19]},
				{"appName": "Wi-Fi", "usage": [7, 12]},
				{"appName": "VIBE", "usage": [5, 19]},
				{"appName": "Logger", "usage": [6, 10]},
				{"appName": "Google Play 스토어", "usage": [18, 19]},
				{"appName": "Google", "usage": [5, 9]},
				{"appName": "텔레그램", "usage": [9]},
				{"appName": "미세미세", "usage": [12]},
				{"appName": "문서", "usage": [13]},
				{"appName": "드라이브", "usage": [13]},
				{"appName": "갤러리", "usage": [6]},
				{"appName": "YouTube", "usage": [5]},
				{"appName": "T world", "usage": [14]},
				{"appName": "Netflix", "usage": [5]},
				{"appName": "Chrome", "usage": [13]}
			]
		},
		"maxTime": {
			"usage": 32,
			"details": [
				{"appName": "Facebook", "usage": 16},
				{"appName": "Instagram", "usage": 8},
				{"appName": "문서", "usage": 6},
				{"appName": "네이버 지도", "usage": 4},
				{"appName": "타임스프레드", "usage": 3},
				{"appName": "Paco", "usage": 2},
				{"appName": "NAVER", "usage": 2},
				{"appName": "기본홈", "usage": 1},
				{"appName": "캐시워크", "usage": 1},
				{"appName": "Evernote", "usage": 1},
				{"appName": "카카오톡", "usage": 1},
				{"appName": "T world", "usage": 1},
				{"appName": "Wi-Fi", "usage": 1},
				{"appName": "네이버 카페", "usage": 0},
				{"appName": "트위터", "usage": 0},
				{"appName": "Spotify", "usage": 0},
				{"appName": "Logger", "usage": 0},
				{"appName": "메시지", "usage": 0},
				{"appName": "텔레그램", "usage": 0},
				{"appName": "Polar Beat", "usage": 0},
				{"appName": "VIBE", "usage": 0},
				{"appName": "Google Play 스토어", "usage": 0},
				{"appName": "알람/시계", "usage": 0},
				{"appName": "Google", "usage": 0},
				{"appName": "카메라", "usage": 0},
				{"appName": "LG 페이", "usage": 0},
				{"appName": "시외버스 모바일", "usage": 0},
				{"appName": "Chrome", "usage": 0},
				{"appName": "드라이브", "usage": 0},
				{"appName": "날씨", "usage": 0},
				{"appName": "YouTube", "usage": 0},
				{"appName": "접근성", "usage": 0},
				{"appName": "갤러리", "usage": 0},
				{"appName": "시스템 UI", "usage": 0},
				{"appName": "네이버 뮤직", "usage": 0},
				{"appName": "설정", "usage": 0},
				{"appName": "Q메모+", "usage": 0},
				{"appName": "원터치알림", "usage": 0},
				{"appName": "Netflix", "usage": 0},
				{"appName": "미세미세", "usage": 0},
				{"appName": "패키지 설치 프로그램", "usage": 0}
			]
		},
		"avgTime": {
			"usage": 1,
			"details": [
				{"appName": "문서", "usage": 2},
				{"appName": "Facebook", "usage": 0},
				{"appName": "텔레그램", "usage": 0},
				{"appName": "네이버 지도", "usage": 0},
				{"appName": "T world", "usage": 0},
				{"appName": "Wi-Fi", "usage": 0},
				{"appName": "Instagram", "usage": 0},
				{"appName": "NAVER", "usage": 0},
				{"appName": "Paco", "usage": 0},
				{"appName": "Chrome", "usage": 0},
				{"appName": "YouTube", "usage": 0},
				{"appName": "메시지", "usage": 0},
				{"appName": "네이버 카페", "usage": 0},
				{"appName": "LG 페이", "usage": 0},
				{"appName": "Spotify", "usage": 0},
				{"appName": "Polar Beat", "usage": 0},
				{"appName": "Logger", "usage": 0},
				{"appName": "트위터", "usage": 0},
				{"appName": "Evernote", "usage": 0},
				{"appName": "카메라", "usage": 0},
				{"appName": "갤러리", "usage": 0},
				{"appName": "VIBE", "usage": 0},
				{"appName": "Google Play 스토어", "usage": 0},
				{"appName": "카카오톡", "usage": 0},
				{"appName": "날씨", "usage": 0},
				{"appName": "알람/시계", "usage": 0},
				{"appName": "시외버스 모바일", "usage": 0},
				{"appName": "접근성", "usage": 0},
				{"appName": "Google", "usage": 0},
				{"appName": "기본홈", "usage": 0},
				{"appName": "타임스프레드", "usage": 0},
				{"appName": "드라이브", "usage": 0},
				{"appName": "설정", "usage": 0},
				{"appName": "Q메모+", "usage": 0},
				{"appName": "시스템 UI", "usage": 0},
				{"appName": "원터치알림", "usage": 0},
				{"appName": "캐시워크", "usage": 0},
				{"appName": "Netflix", "usage": 0},
				{"appName": "네이버 뮤직", "usage": 0},
				{"appName": "미세미세", "usage": 0},
				{"appName": "패키지 설치 프로그램", "usage": 0}
			]
		},
		"lastPickup": {"time": 0}
	},
	{
		"date": 4,
		"totalTime": {
			"usage": 396,
			"details": [
				{"appName": "Instagram", "usage": 79},
				{"appName": "카카오톡", "usage": 62},
				{"appName": "Facebook", "usage": 61},
				{"appName": "캐시워크", "usage": 42},
				{"appName": "NAVER", "usage": 21},
				{"appName": "기본홈", "usage": 17},
				{"appName": "갤러리", "usage": 16},
				{"appName": "Polar Beat", "usage": 14},
				{"appName": "Evernote", "usage": 13},
				{"appName": "네이버 지도", "usage": 10},
				{"appName": "트위터", "usage": 9},
				{"appName": "Paco", "usage": 6},
				{"appName": "고속버스 모바일", "usage": 5},
				{"appName": "LG 페이", "usage": 3},
				{"appName": "카메라", "usage": 3},
				{"appName": "타임스프레드", "usage": 3},
				{"appName": "포토", "usage": 2},
				{"appName": "네이버 카페", "usage": 1},
				{"appName": "Q메모+", "usage": 1},
				{"appName": "주소록", "usage": 1},
				{"appName": "Google Play 스토어", "usage": 1},
				{"appName": "Microsoft Band", "usage": 1},
				{"appName": "통화 화면", "usage": 1},
				{"appName": "파일", "usage": 1},
				{"appName": "시스템 UI", "usage": 1},
				{"appName": "원터치알림", "usage": 0},
				{"appName": "Android 시스템", "usage": 0},
				{"appName": "알람/시계", "usage": 0},
				{"appName": "Wi-Fi", "usage": 0},
				{"appName": "Spotify", "usage": 0},
				{"appName": "접근성", "usage": 0},
				{"appName": "날씨", "usage": 0},
				{"appName": "동영상", "usage": 0},
				{"appName": "Google", "usage": 0},
				{"appName": "VIBE", "usage": 0},
				{"appName": "설정", "usage": 0},
				{"appName": "SNOW", "usage": 0},
				{"appName": "토스", "usage": 0},
				{"appName": "패키지 설치 프로그램", "usage": 0},
				{"appName": "네이버 뮤직", "usage": 0},
				{"appName": "Logger", "usage": 0}
			]
		},
		"pickups": {"usage": 229},
		"downTime": {
			"usage": [
				{"hour": "0", "usage": 5},
				{"hour": "1", "usage": 11},
				{"hour": "2", "usage": 14},
				{"hour": "3", "usage": 6},
				{"hour": "4", "usage": 9},
				{"hour": "5", "usage": 9},
				{"hour": "6", "usage": 23},
				{"hour": "7", "usage": 16},
				{"hour": "8", "usage": 22},
				{"hour": "9", "usage": 12},
				{"hour": "10", "usage": 9},
				{"hour": "11", "usage": 27},
				{"hour": "12", "usage": 54},
				{"hour": "13", "usage": 29},
				{"hour": "14", "usage": 36},
				{"hour": "15", "usage": 3},
				{"hour": "16", "usage": 31},
				{"hour": "17", "usage": 24},
				{"hour": "18", "usage": 35},
				{"hour": "19", "usage": 12}
			],
			"details": [
				{"appName": "타임스프레드", "usage": [0, 1, 2, 3, 4, 5, 6, 7, 8, 9, 10, 11, 12, 13, 14, 15, 16, 17, 18, 19]},
				{"appName": "캐시워크", "usage": [0, 1, 2, 3, 4, 5, 6, 7, 8, 9, 10, 11, 12, 13, 14, 15, 16, 17, 18, 19]},
				{"appName": "기본홈", "usage": [0, 1, 2, 3, 4, 5, 6, 7, 8, 9, 10, 11, 12, 13, 14, 15, 16, 17, 18, 19]},
				{"appName": "Instagram", "usage": [0, 1, 2, 6, 9, 11, 12, 13, 14, 15, 16, 17, 18, 19]},
				{"appName": "카카오톡", "usage": [1, 2, 6, 7, 8, 10, 11, 12, 13, 14, 15, 16, 18]},
				{"appName": "시스템 UI", "usage": [1, 2, 3, 5, 6, 8, 10, 11, 12, 13, 16, 17, 18]},
				{"appName": "Facebook", "usage": [0, 1, 2, 6, 9, 10, 11, 12, 13, 16, 17, 18, 19]},
				{"appName": "Evernote", "usage": [1, 2, 3, 4, 5, 6, 7, 8, 11, 12, 13, 17]},
				{"appName": "Paco", "usage": [2, 3, 4, 5, 6, 7, 8, 12, 13, 14]},
				{"appName": "원터치알림", "usage": [3, 6, 7, 8, 11, 12, 13, 23]},
				{"appName": "Polar Beat", "usage": [1, 4, 5, 6, 8, 11, 13, 14]},
				{"appName": "네이버 지도", "usage": [1, 2, 3, 6, 7, 9]},
				{"appName": "갤러리", "usage": [4, 11, 12, 13, 14, 17]},
				{"appName": "패키지 설치 프로그램", "usage": [1, 11, 14, 15, 18]},
				{"appName": "네이버 카페", "usage": [1, 6, 10, 12, 16]},
				{"appName": "Android 시스템", "usage": [6, 12, 13, 14, 17]},
				{"appName": "카메라", "usage": [0, 1, 6, 10]},
				{"appName": "접근성", "usage": [1, 8, 11, 14]},
				{"appName": "Q메모+", "usage": [6, 11, 12, 16]},
				{"appName": "파일", "usage": [12, 13, 14]},
				{"appName": "트위터", "usage": [10, 12, 16]},
				{"appName": "고속버스 모바일", "usage": [1, 7, 8]},
				{"appName": "Spotify", "usage": [2, 5, 8]},
				{"appName": "NAVER", "usage": [2, 16, 18]},
				{"appName": "Microsoft Band", "usage": [1, 8, 11]},
				{"appName": "LG 페이", "usage": [3, 6, 8]},
				{"appName": "Google", "usage": [10, 11, 19]},
				{"appName": "포토", "usage": [13, 17]},
				{"appName": "알람/시계", "usage": [0, 19]},
				{"appName": "설정", "usage": [0, 2]},
				{"appName": "네이버 뮤직", "usage": [8, 19]},
				{"appName": "날씨", "usage": [0, 11]},
				{"appName": "Google Play 스토어", "usage": [9, 14]},
				{"appName": "통화 화면", "usage": [12]},
				{"appName": "토스", "usage": [11]},
				{"appName": "주소록", "usage": [5]},
				{"appName": "동영상", "usage": [12]},
				{"appName": "Wi-Fi", "usage": [2]},
				{"appName": "VIBE", "usage": [19]},
				{"appName": "SNOW", "usage": [13]},
				{"appName": "Logger", "usage": [11]}
			]
		},
		"maxTime": {
			"usage": 81,
			"details": [
				{"appName": "Polar Beat", "usage": 12},
				{"appName": "NAVER", "usage": 10},
				{"appName": "Instagram", "usage": 9},
				{"appName": "Facebook", "usage": 5},
				{"appName": "카카오톡", "usage": 3},
				{"appName": "갤러리", "usage": 3},
				{"appName": "캐시워크", "usage": 2},
				{"appName": "Evernote", "usage": 2},
				{"appName": "네이버 지도", "usage": 2},
				{"appName": "기본홈", "usage": 2},
				{"appName": "카메라", "usage": 2},
				{"appName": "LG 페이", "usage": 1},
				{"appName": "통화 화면", "usage": 1},
				{"appName": "포토", "usage": 1},
				{"appName": "Q메모+", "usage": 1},
				{"appName": "Google Play 스토어", "usage": 0},
				{"appName": "주소록", "usage": 0},
				{"appName": "Paco", "usage": 0},
				{"appName": "네이버 카페", "usage": 0},
				{"appName": "Wi-Fi", "usage": 0},
				{"appName": "Microsoft Band", "usage": 0},
				{"appName": "파일", "usage": 0},
				{"appName": "Android 시스템", "usage": 0},
				{"appName": "고속버스 모바일", "usage": 0},
				{"appName": "트위터", "usage": 0},
				{"appName": "Spotify", "usage": 0},
				{"appName": "알람/시계", "usage": 0},
				{"appName": "타임스프레드", "usage": 0},
				{"appName": "동영상", "usage": 0},
				{"appName": "원터치알림", "usage": 0},
				{"appName": "날씨", "usage": 0},
				{"appName": "Google", "usage": 0},
				{"appName": "SNOW", "usage": 0},
				{"appName": "VIBE", "usage": 0},
				{"appName": "접근성", "usage": 0},
				{"appName": "설정", "usage": 0},
				{"appName": "시스템 UI", "usage": 0},
				{"appName": "토스", "usage": 0},
				{"appName": "패키지 설치 프로그램", "usage": 0},
				{"appName": "네이버 뮤직", "usage": 0},
				{"appName": "Logger", "usage": 0}
			]
		},
		"avgTime": {
			"usage": 1,
			"details": [
				{"appName": "NAVER", "usage": 1},
				{"appName": "통화 화면", "usage": 1},
				{"appName": "갤러리", "usage": 0},
				{"appName": "Instagram", "usage": 0},
				{"appName": "Polar Beat", "usage": 0},
				{"appName": "카메라", "usage": 0},
				{"appName": "네이버 지도", "usage": 0},
				{"appName": "Facebook", "usage": 0},
				{"appName": "LG 페이", "usage": 0},
				{"appName": "주소록", "usage": 0},
				{"appName": "Wi-Fi", "usage": 0},
				{"appName": "동영상", "usage": 0},
				{"appName": "포토", "usage": 0},
				{"appName": "알람/시계", "usage": 0},
				{"appName": "Google Play 스토어", "usage": 0},
				{"appName": "Spotify", "usage": 0},
				{"appName": "파일", "usage": 0},
				{"appName": "SNOW", "usage": 0},
				{"appName": "고속버스 모바일", "usage": 0},
				{"appName": "카카오톡", "usage": 0},
				{"appName": "네이버 카페", "usage": 0},
				{"appName": "날씨", "usage": 0},
				{"appName": "Evernote", "usage": 0},
				{"appName": "Paco", "usage": 0},
				{"appName": "Q메모+", "usage": 0},
				{"appName": "Microsoft Band", "usage": 0},
				{"appName": "트위터", "usage": 0},
				{"appName": "캐시워크", "usage": 0},
				{"appName": "기본홈", "usage": 0},
				{"appName": "접근성", "usage": 0},
				{"appName": "Android 시스템", "usage": 0},
				{"appName": "원터치알림", "usage": 0},
				{"appName": "VIBE", "usage": 0},
				{"appName": "설정", "usage": 0},
				{"appName": "Google", "usage": 0},
				{"appName": "토스", "usage": 0},
				{"appName": "시스템 UI", "usage": 0},
				{"appName": "패키지 설치 프로그램", "usage": 0},
				{"appName": "네이버 뮤직", "usage": 0},
				{"appName": "Logger", "usage": 0},
				{"appName": "타임스프레드", "usage": 0}
			]
		},
		"lastPickup": {"time": 0}
	},
	{
		"date": 5,
		"totalTime": {
			"usage": 377,
			"details": [
				{"appName": "Facebook", "usage": 177},
				{"appName": "카카오톡", "usage": 51},
				{"appName": "Instagram", "usage": 43},
				{"appName": "기본홈", "usage": 33},
				{"appName": "NAVER", "usage": 12},
				{"appName": "타임스프레드", "usage": 11},
				{"appName": "Paco", "usage": 9},
				{"appName": "트위터", "usage": 7},
				{"appName": "네이버 카페", "usage": 6},
				{"appName": "Polar Beat", "usage": 4},
				{"appName": "Logger", "usage": 3},
				{"appName": "캐시워크", "usage": 2},
				{"appName": "Evernote", "usage": 1},
				{"appName": "시스템 UI", "usage": 1},
				{"appName": "Messenger", "usage": 1},
				{"appName": "알람/시계", "usage": 1},
				{"appName": "갤러리", "usage": 0},
				{"appName": "접근성", "usage": 0},
				{"appName": "다음", "usage": 0},
				{"appName": "텔레그램", "usage": 0},
				{"appName": "네이버 뮤직", "usage": 0},
				{"appName": "Microsoft Band", "usage": 0},
				{"appName": "원터치알림", "usage": 0},
				{"appName": "Q메모+", "usage": 0},
				{"appName": "에브리타임", "usage": 0},
				{"appName": "LG 페이", "usage": 0},
				{"appName": "메시지", "usage": 0},
				{"appName": "카메라", "usage": 0},
				{"appName": "설정", "usage": 0},
				{"appName": "VIBE", "usage": 0},
				{"appName": "Google Play 서비스", "usage": 0},
				{"appName": "패키지 설치 프로그램", "usage": 0},
				{"appName": "Google", "usage": 0},
				{"appName": "Netflix", "usage": 0},
				{"appName": "우리카드", "usage": 0}
			]
		},
		"pickups": {"usage": 109},
		"downTime": {
			"usage": [
				{"hour": "0", "usage": 19},
				{"hour": "1", "usage": 6},
				{"hour": "2", "usage": 5},
				{"hour": "3", "usage": 14},
				{"hour": "4", "usage": 8},
				{"hour": "5", "usage": 40},
				{"hour": "6", "usage": 20},
				{"hour": "9", "usage": 13},
				{"hour": "10", "usage": 19},
				{"hour": "11", "usage": 9},
				{"hour": "12", "usage": 12},
				{"hour": "13", "usage": 9},
				{"hour": "14", "usage": 12},
				{"hour": "15", "usage": 13},
				{"hour": "16", "usage": 22},
				{"hour": "17", "usage": 60},
				{"hour": "18", "usage": 44},
				{"hour": "19", "usage": 26},
				{"hour": "21", "usage": 10},
				{"hour": "23", "usage": 6}
			],
			"details": [
				{"appName": "기본홈", "usage": [0, 1, 2, 3, 4, 5, 6, 9, 10, 11, 12, 13, 14, 15, 16, 17, 18, 19, 21, 23]},
				{"appName": "타임스프레드", "usage": [0, 1, 2, 3, 4, 5, 6, 9, 10, 11, 12, 13, 14, 15, 16, 18, 19, 21, 23]},
				{"appName": "캐시워크", "usage": [0, 1, 2, 3, 4, 6, 9, 10, 11, 12, 13, 14, 15, 16, 18, 19, 21, 23]},
				{"appName": "Facebook", "usage": [0, 2, 3, 4, 5, 6, 9, 10, 13, 14, 15, 16, 17, 18, 19, 23]},
				{"appName": "Paco", "usage": [1, 2, 3, 4, 5, 6, 10, 11, 12, 13, 14, 15, 23]},
				{"appName": "카카오톡", "usage": [1, 3, 4, 5, 6, 10, 11, 13, 14, 15, 16, 17]},
				{"appName": "시스템 UI", "usage": [1, 3, 4, 5, 6, 12, 14, 15, 17, 18, 19]},
				{"appName": "Instagram", "usage": [0, 1, 2, 3, 5, 6, 9, 10, 16, 17]},
				{"appName": "Polar Beat", "usage": [1, 5, 6, 9, 10, 12, 14, 15, 23]},
				{"appName": "접근성", "usage": [1, 6, 9, 12, 15, 23]},
				{"appName": "네이버 카페", "usage": [1, 4, 5, 15, 18]},
				{"appName": "Q메모+", "usage": [1, 5, 16, 17, 18]},
				{"appName": "NAVER", "usage": [5, 6, 9, 14, 18]},
				{"appName": "Logger", "usage": [1, 6, 12, 14, 15]},
				{"appName": "패키지 설치 프로그램", "usage": [1, 6, 12, 15]},
				{"appName": "알람/시계", "usage": [0, 19, 22, 23]},
				{"appName": "Evernote", "usage": [1, 3, 4, 6]},
				{"appName": "트위터", "usage": [3, 6, 16]},
				{"appName": "원터치알림", "usage": [3, 10]},
				{"appName": "텔레그램", "usage": [5]},
				{"appName": "카메라", "usage": [16]},
				{"appName": "우리카드", "usage": [11]},
				{"appName": "에브리타임", "usage": [10]},
				{"appName": "설정", "usage": [12]},
				{"appName": "메시지", "usage": [4]},
				{"appName": "다음", "usage": [9]},
				{"appName": "네이버 뮤직", "usage": [19]},
				{"appName": "갤러리", "usage": [6]},
				{"appName": "VIBE", "usage": [19]},
				{"appName": "Netflix", "usage": [14]},
				{"appName": "Microsoft Band", "usage": [5]},
				{"appName": "Messenger", "usage": [1]},
				{"appName": "LG 페이", "usage": [3]},
				{"appName": "Google Play 서비스", "usage": [19]},
				{"appName": "Google", "usage": [1]}
			]
		},
		"maxTime": {
			"usage": 115,
			"details": [
				{"appName": "Facebook", "usage": 28},
				{"appName": "기본홈", "usage": 9},
				{"appName": "Instagram", "usage": 4},
				{"appName": "카카오톡", "usage": 3},
				{"appName": "NAVER", "usage": 3},
				{"appName": "트위터", "usage": 2},
				{"appName": "Logger", "usage": 1},
				{"appName": "Paco", "usage": 1},
				{"appName": "Messenger", "usage": 0},
				{"appName": "갤러리", "usage": 0},
				{"appName": "타임스프레드", "usage": 0},
				{"appName": "네이버 카페", "usage": 0},
				{"appName": "Evernote", "usage": 0},
				{"appName": "다음", "usage": 0},
				{"appName": "텔레그램", "usage": 0},
				{"appName": "Polar Beat", "usage": 0},
				{"appName": "네이버 뮤직", "usage": 0},
				{"appName": "캐시워크", "usage": 0},
				{"appName": "Microsoft Band", "usage": 0},
				{"appName": "LG 페이", "usage": 0},
				{"appName": "알람/시계", "usage": 0},
				{"appName": "원터치알림", "usage": 0},
				{"appName": "에브리타임", "usage": 0},
				{"appName": "시스템 UI", "usage": 0},
				{"appName": "접근성", "usage": 0},
				{"appName": "카메라", "usage": 0},
				{"appName": "Q메모+", "usage": 0},
				{"appName": "설정", "usage": 0},
				{"appName": "메시지", "usage": 0},
				{"appName": "VIBE", "usage": 0},
				{"appName": "Google Play 서비스", "usage": 0},
				{"appName": "Netflix", "usage": 0},
				{"appName": "Google", "usage": 0},
				{"appName": "패키지 설치 프로그램", "usage": 0},
				{"appName": "우리카드", "usage": 0}
			]
		},
		"avgTime": {
			"usage": 3,
			"details": [
				{"appName": "갤러리", "usage": 0},
				{"appName": "NAVER", "usage": 0},
				{"appName": "Facebook", "usage": 0},
				{"appName": "Instagram", "usage": 0},
				{"appName": "텔레그램", "usage": 0},
				{"appName": "다음", "usage": 0},
				{"appName": "기본홈", "usage": 0},
				{"appName": "Logger", "usage": 0},
				{"appName": "Messenger", "usage": 0},
				{"appName": "Paco", "usage": 0},
				{"appName": "트위터", "usage": 0},
				{"appName": "네이버 카페", "usage": 0},
				{"appName": "카카오톡", "usage": 0},
				{"appName": "네이버 뮤직", "usage": 0},
				{"appName": "Microsoft Band", "usage": 0},
				{"appName": "LG 페이", "usage": 0},
				{"appName": "Evernote", "usage": 0},
				{"appName": "카메라", "usage": 0},
				{"appName": "설정", "usage": 0},
				{"appName": "Polar Beat", "usage": 0},
				{"appName": "접근성", "usage": 0},
				{"appName": "원터치알림", "usage": 0},
				{"appName": "메시지", "usage": 0},
				{"appName": "에브리타임", "usage": 0},
				{"appName": "타임스프레드", "usage": 0},
				{"appName": "알람/시계", "usage": 0},
				{"appName": "VIBE", "usage": 0},
				{"appName": "Q메모+", "usage": 0},
				{"appName": "시스템 UI", "usage": 0},
				{"appName": "Netflix", "usage": 0},
				{"appName": "캐시워크", "usage": 0},
				{"appName": "Google", "usage": 0},
				{"appName": "Google Play 서비스", "usage": 0},
				{"appName": "패키지 설치 프로그램", "usage": 0},
				{"appName": "우리카드", "usage": 0}
			]
		},
		"lastPickup": {"time": 0}
	},
	{
		"date": 6,
		"totalTime": {
			"usage": 380,
			"details": [
				{"appName": "Facebook", "usage": 209},
				{"appName": "NAVER", "usage": 86},
				{"appName": "카카오톡", "usage": 38},
				{"appName": "타임스프레드", "usage": 22},
				{"appName": "트위터", "usage": 19},
				{"appName": "Instagram", "usage": 15},
				{"appName": "통화 화면", "usage": 11},
				{"appName": "Paco", "usage": 11},
				{"appName": "메시지", "usage": 9},
				{"appName": "기본홈", "usage": 8},
				{"appName": "캐시워크", "usage": 4},
				{"appName": "Chrome", "usage": 4},
				{"appName": "네이버 카페", "usage": 3},
				{"appName": "원터치알림", "usage": 3},
				{"appName": "네이버 지도", "usage": 3},
				{"appName": "VIBE", "usage": 2},
				{"appName": "Polar Beat", "usage": 2},
				{"appName": "갤러리", "usage": 2},
				{"appName": "네이버 뮤직", "usage": 0},
				{"appName": "Polaris Office", "usage": 0},
				{"appName": "YouTube", "usage": 0},
				{"appName": "Google", "usage": 0},
				{"appName": "LG 페이", "usage": 0},
				{"appName": "시스템 UI", "usage": 0},
				{"appName": "접근성", "usage": 0},
				{"appName": "알람/시계", "usage": 0},
				{"appName": "카메라", "usage": 0},
				{"appName": "The Day Before", "usage": 0},
				{"appName": "계산기", "usage": 0},
				{"appName": "Google Play 서비스", "usage": 0},
				{"appName": "ISP/페이북", "usage": 0},
				{"appName": "에브리타임", "usage": 0},
				{"appName": "Logger", "usage": 0},
				{"appName": "Q메모+", "usage": 0},
				{"appName": "Android 시스템", "usage": 0},
				{"appName": "주소록", "usage": 0},
				{"appName": "Microsoft Band", "usage": 0},
				{"appName": "패키지 설치 프로그램", "usage": 0},
				{"appName": "통화 관리", "usage": 0}
			]
		},
		"pickups": {"usage": 124},
		"downTime": {
			"usage": [
				{"hour": "0", "usage": 8},
				{"hour": "1", "usage": 10},
				{"hour": "2", "usage": 7},
				{"hour": "3", "usage": 38},
				{"hour": "4", "usage": 9},
				{"hour": "5", "usage": 11},
				{"hour": "6", "usage": 10},
				{"hour": "7", "usage": 0},
				{"hour": "8", "usage": 5},
				{"hour": "9", "usage": 13},
				{"hour": "10", "usage": 35},
				{"hour": "11", "usage": 28},
				{"hour": "12", "usage": 23},
				{"hour": "13", "usage": 7},
				{"hour": "14", "usage": 18},
				{"hour": "15", "usage": 60},
				{"hour": "16", "usage": 47},
				{"hour": "17", "usage": 43}
			],
			"details": [
				{"appName": "타임스프레드", "usage": [0, 1, 2, 3, 4, 5, 6, 7, 8, 9, 10, 11, 12, 13, 14, 16, 17]},
				{"appName": "캐시워크", "usage": [0, 1, 2, 3, 4, 5, 6, 7, 8, 9, 10, 11, 12, 13, 16, 17]},
				{"appName": "기본홈", "usage": [0, 1, 2, 3, 4, 5, 6, 8, 9, 10, 11, 12, 13, 14, 16, 17]},
				{"appName": "Facebook", "usage": [0, 1, 2, 3, 6, 9, 10, 11, 12, 14, 15, 16, 17]},
				{"appName": "카카오톡", "usage": [1, 2, 6, 9, 10, 11, 12, 14, 16, 17]},
				{"appName": "시스템 UI", "usage": [1, 2, 3, 4, 5, 9, 10, 11, 14, 16]},
				{"appName": "Paco", "usage": [0, 1, 2, 3, 5, 6, 8, 9, 10, 11]},
				{"appName": "메시지", "usage": [0, 4, 6, 8, 9, 10, 11]},
				{"appName": "Polar Beat", "usage": [0, 2, 6, 8, 11]},
				{"appName": "NAVER", "usage": [0, 1, 3, 4, 16]},
				{"appName": "Instagram", "usage": [1, 6, 10, 16, 17]},
				{"appName": "트위터", "usage": [2, 4, 5, 11]},
				{"appName": "Google", "usage": [1, 2, 3, 4]},
				{"appName": "접근성", "usage": [6, 8, 11]},
				{"appName": "원터치알림", "usage": [0, 9, 13]},
				{"appName": "네이버 카페", "usage": [4, 6, 16]},
				{"appName": "통화 화면", "usage": [10, 11]},
				{"appName": "네이버 지도", "usage": [8, 11]},
				{"appName": "네이버 뮤직", "usage": [3, 17]},
				{"appName": "갤러리", "usage": [1, 3]},
				{"appName": "YouTube", "usage": [16, 17]},
				{"appName": "VIBE", "usage": [1, 17]},
				{"appName": "Q메모+", "usage": [3, 8]},
				{"appName": "Logger", "usage": [8, 11]},
				{"appName": "LG 페이", "usage": [9, 13]},
				{"appName": "Chrome", "usage": [0, 1]},
				{"appName": "패키지 설치 프로그램", "usage": [8]},
				{"appName": "통화 관리", "usage": [10]},
				{"appName": "카메라", "usage": [8]},
				{"appName": "주소록", "usage": [10]},
				{"appName": "에브리타임", "usage": [0]},
				{"appName": "알람/시계", "usage": [17]},
				{"appName": "계산기", "usage": [1]},
				{"appName": "The Day Before", "usage": [16]},
				{"appName": "Polaris Office", "usage": [10]},
				{"appName": "Microsoft Band", "usage": [8]},
				{"appName": "ISP/페이북", "usage": [2]},
				{"appName": "Google Play 서비스", "usage": [1]},
				{"appName": "Android 시스템", "usage": [10]}
			]
		},
		"maxTime": {
			"usage": 113,
			"details": [
				{"appName": "NAVER", "usage": 79},
				{"appName": "Facebook", "usage": 44},
				{"appName": "통화 화면", "usage": 11},
				{"appName": "카카오톡", "usage": 5},
				{"appName": "타임스프레드", "usage": 3},
				{"appName": "Instagram", "usage": 3},
				{"appName": "원터치알림", "usage": 3},
				{"appName": "메시지", "usage": 3},
				{"appName": "Chrome", "usage": 2},
				{"appName": "네이버 지도", "usage": 2},
				{"appName": "Paco", "usage": 1},
				{"appName": "갤러리", "usage": 1},
				{"appName": "Polar Beat", "usage": 1},
				{"appName": "캐시워크", "usage": 1},
				{"appName": "트위터", "usage": 1},
				{"appName": "YouTube", "usage": 0},
				{"appName": "Polaris Office", "usage": 0},
				{"appName": "네이버 카페", "usage": 0},
				{"appName": "VIBE", "usage": 0},
				{"appName": "네이버 뮤직", "usage": 0},
				{"appName": "기본홈", "usage": 0},
				{"appName": "LG 페이", "usage": 0},
				{"appName": "Google", "usage": 0},
				{"appName": "알람/시계", "usage": 0},
				{"appName": "시스템 UI", "usage": 0},
				{"appName": "카메라", "usage": 0},
				{"appName": "계산기", "usage": 0},
				{"appName": "접근성", "usage": 0},
				{"appName": "Google Play 서비스", "usage": 0},
				{"appName": "The Day Before", "usage": 0},
				{"appName": "에브리타임", "usage": 0},
				{"appName": "Android 시스템", "usage": 0},
				{"appName": "ISP/페이북", "usage": 0},
				{"appName": "Logger", "usage": 0},
				{"appName": "Q메모+", "usage": 0},
				{"appName": "주소록", "usage": 0},
				{"appName": "Microsoft Band", "usage": 0},
				{"appName": "패키지 설치 프로그램", "usage": 0},
				{"appName": "통화 관리", "usage": 0}
			]
		},
		"avgTime": {
			"usage": 3,
			"details": [
				{"appName": "통화 화면", "usage": 11},
				{"appName": "NAVER", "usage": 5},
				{"appName": "Chrome", "usage": 2},
				{"appName": "Facebook", "usage": 1},
				{"appName": "YouTube", "usage": 0},
				{"appName": "원터치알림", "usage": 0},
				{"appName": "갤러리", "usage": 0},
				{"appName": "Instagram", "usage": 0},
				{"appName": "네이버 지도", "usage": 0},
				{"appName": "Polaris Office", "usage": 0},
				{"appName": "메시지", "usage": 0},
				{"appName": "알람/시계", "usage": 0},
				{"appName": "Polar Beat", "usage": 0},
				{"appName": "LG 페이", "usage": 0},
				{"appName": "카메라", "usage": 0},
				{"appName": "Paco", "usage": 0},
				{"appName": "카카오톡", "usage": 0},
				{"appName": "네이버 카페", "usage": 0},
				{"appName": "계산기", "usage": 0},
				{"appName": "트위터", "usage": 0},
				{"appName": "네이버 뮤직", "usage": 0},
				{"appName": "접근성", "usage": 0},
				{"appName": "VIBE", "usage": 0},
				{"appName": "타임스프레드", "usage": 0},
				{"appName": "Android 시스템", "usage": 0},
				{"appName": "기본홈", "usage": 0},
				{"appName": "Google", "usage": 0},
				{"appName": "에브리타임", "usage": 0},
				{"appName": "The Day Before", "usage": 0},
				{"appName": "Q메모+", "usage": 0},
				{"appName": "Google Play 서비스", "usage": 0},
				{"appName": "Logger", "usage": 0},
				{"appName": "시스템 UI", "usage": 0},
				{"appName": "주소록", "usage": 0},
				{"appName": "ISP/페이북", "usage": 0},
				{"appName": "캐시워크", "usage": 0},
				{"appName": "Microsoft Band", "usage": 0},
				{"appName": "패키지 설치 프로그램", "usage": 0},
				{"appName": "통화 관리", "usage": 0}
			]
		},
		"lastPickup": {"time": 0}
	},
	{
		"date": 7,
		"totalTime": {
			"usage": 604,
			"details": [
				{"appName": "Facebook", "usage": 235},
				{"appName": "트위터", "usage": 132},
				{"appName": "Instagram", "usage": 79},
				{"appName": "카카오톡", "usage": 31},
				{"appName": "Chrome", "usage": 24},
				{"appName": "네이버 카페", "usage": 11},
				{"appName": "NAVER", "usage": 11},
				{"appName": "타임스프레드", "usage": 9},
				{"appName": "기본홈", "usage": 9},
				{"appName": "Spotify", "usage": 9},
				{"appName": "Paco", "usage": 9},
				{"appName": "Genius", "usage": 8},
				{"appName": "캐시워크", "usage": 4},
				{"appName": "갤러리", "usage": 3},
				{"appName": "Polar Beat", "usage": 3},
				{"appName": "카메라", "usage": 2},
				{"appName": "Polaris Office", "usage": 2},
				{"appName": "TouchVPN", "usage": 1},
				{"appName": "Melon", "usage": 1},
				{"appName": "Google Play 스토어", "usage": 1},
				{"appName": "시스템 UI", "usage": 1},
				{"appName": "알람/시계", "usage": 1},
				{"appName": "Google", "usage": 0},
				{"appName": "텔레그램", "usage": 0},
				{"appName": "VIBE", "usage": 0},
				{"appName": "Q메모+", "usage": 0},
				{"appName": "Evernote", "usage": 0},
				{"appName": "접근성", "usage": 0},
				{"appName": "메시지", "usage": 0},
				{"appName": "네이버 뮤직", "usage": 0},
				{"appName": "LG 페이", "usage": 0},
				{"appName": "설정", "usage": 0},
				{"appName": "포토", "usage": 0},
				{"appName": "동영상", "usage": 0},
				{"appName": "Logger", "usage": 0},
				{"appName": "Wi-Fi", "usage": 0},
				{"appName": "소프트웨어 업데이트", "usage": 0},
				{"appName": "패키지 설치 프로그램", "usage": 0},
				{"appName": "우리카드", "usage": 0},
				{"appName": "원터치알림", "usage": 0}
			]
		},
		"pickups": {"usage": 87},
		"downTime": {
			"usage": [
				{"hour": "0", "usage": 12},
				{"hour": "1", "usage": 5},
				{"hour": "2", "usage": 9},
				{"hour": "3", "usage": 40},
				{"hour": "4", "usage": 13},
				{"hour": "5", "usage": 56},
				{"hour": "6", "usage": 24},
				{"hour": "7", "usage": 2},
				{"hour": "9", "usage": 18},
				{"hour": "10", "usage": 60},
				{"hour": "11", "usage": 40},
				{"hour": "12", "usage": 4},
				{"hour": "13", "usage": 9},
				{"hour": "14", "usage": 60},
				{"hour": "15", "usage": 53},
				{"hour": "16", "usage": 59},
				{"hour": "17", "usage": 60},
				{"hour": "18", "usage": 36},
				{"hour": "19", "usage": 25},
				{"hour": "22", "usage": 4},
				{"hour": "23", "usage": 7}
			],
			"details": [
				{"appName": "타임스프레드", "usage": [0, 1, 2, 3, 4, 5, 6, 7, 9, 11, 12, 13, 15, 16, 18, 19, 22, 23]},
				{"appName": "캐시워크", "usage": [0, 1, 2, 3, 4, 5, 6, 7, 9, 11, 12, 13, 15, 16, 18, 19, 22, 23]},
				{"appName": "기본홈", "usage": [0, 1, 2, 3, 4, 5, 6, 7, 9, 10, 11, 12, 14, 15, 16, 19, 23]},
				{"appName": "Facebook", "usage": [0, 2, 3, 4, 5, 6, 9, 10, 11, 14, 15, 16, 19]},
				{"appName": "시스템 UI", "usage": [3, 4, 5, 6, 9, 10, 14, 15, 16, 23]},
				{"appName": "Paco", "usage": [1, 2, 3, 4, 5, 6, 7, 9, 10, 12]},
				{"appName": "NAVER", "usage": [3, 5, 6, 11, 14, 15, 16, 17, 23]},
				{"appName": "카카오톡", "usage": [0, 1, 3, 4, 5, 9, 14, 15]},
				{"appName": "Instagram", "usage": [1, 5, 12, 13, 14, 15, 22, 23]},
				{"appName": "트위터", "usage": [9, 10, 16, 17, 18, 23]},
				{"appName": "Q메모+", "usage": [4, 6, 10, 14, 15, 16]},
				{"appName": "네이버 카페", "usage": [6, 9, 11, 14, 23]},
				{"appName": "Polar Beat", "usage": [1, 5, 9, 12]},
				{"appName": "텔레그램", "usage": [5, 6, 9]},
				{"appName": "접근성", "usage": [1, 9, 12]},
				{"appName": "알람/시계", "usage": [0, 19, 22]},
				{"appName": "Google Play 스토어", "usage": [15, 16, 19]},
				{"appName": "패키지 설치 프로그램", "usage": [1, 9]},
				{"appName": "원터치알림", "usage": [0, 3]},
				{"appName": "설정", "usage": [15, 16]},
				{"appName": "네이버 뮤직", "usage": [15, 19]},
				{"appName": "갤러리", "usage": [15, 16]},
				{"appName": "Spotify", "usage": [15, 16]},
				{"appName": "Logger", "usage": [1, 9]},
				{"appName": "LG 페이", "usage": [3, 14]},
				{"appName": "Google", "usage": [16, 19]},
				{"appName": "Chrome", "usage": [3, 4]},
				{"appName": "포토", "usage": [16]},
				{"appName": "카메라", "usage": [15]},
				{"appName": "우리카드", "usage": [11]},
				{"appName": "소프트웨어 업데이트", "usage": [17]},
				{"appName": "메시지", "usage": [15]},
				{"appName": "동영상", "usage": [16]},
				{"appName": "Wi-Fi", "usage": [3]},
				{"appName": "VIBE", "usage": [19]},
				{"appName": "TouchVPN", "usage": [15]},
				{"appName": "Polaris Office", "usage": [14]},
				{"appName": "Melon", "usage": [16]},
				{"appName": "Genius", "usage": [16]},
				{"appName": "Evernote", "usage": [3]}
			]
		},
		"maxTime": {
			"usage": 153,
			"details": [
				{"appName": "Facebook", "usage": 36},
				{"appName": "Instagram", "usage": 14},
				{"appName": "NAVER", "usage": 4},
				{"appName": "카카오톡", "usage": 3},
				{"appName": "Chrome", "usage": 3},
				{"appName": "Spotify", "usage": 3},
				{"appName": "카메라", "usage": 2},
				{"appName": "Genius", "usage": 2},
				{"appName": "트위터", "usage": 2},
				{"appName": "타임스프레드", "usage": 1},
				{"appName": "Polaris Office", "usage": 1},
				{"appName": "Melon", "usage": 1},
				{"appName": "갤러리", "usage": 1},
				{"appName": "Paco", "usage": 1},
				{"appName": "TouchVPN", "usage": 1},
				{"appName": "Polar Beat", "usage": 1},
				{"appName": "네이버 카페", "usage": 1},
				{"appName": "기본홈", "usage": 0},
				{"appName": "알람/시계", "usage": 0},
				{"appName": "캐시워크", "usage": 0},
				{"appName": "텔레그램", "usage": 0},
				{"appName": "Google Play 스토어", "usage": 0},
				{"appName": "VIBE", "usage": 0},
				{"appName": "Google", "usage": 0},
				{"appName": "메시지", "usage": 0},
				{"appName": "시스템 UI", "usage": 0},
				{"appName": "Evernote", "usage": 0},
				{"appName": "포토", "usage": 0},
				{"appName": "LG 페이", "usage": 0},
				{"appName": "동영상", "usage": 0},
				{"appName": "접근성", "usage": 0},
				{"appName": "네이버 뮤직", "usage": 0},
				{"appName": "설정", "usage": 0},
				{"appName": "Q메모+", "usage": 0},
				{"appName": "Wi-Fi", "usage": 0},
				{"appName": "Logger", "usage": 0},
				{"appName": "소프트웨어 업데이트", "usage": 0},
				{"appName": "패키지 설치 프로그램", "usage": 0},
				{"appName": "우리카드", "usage": 0},
				{"appName": "원터치알림", "usage": 0}
			]
		},
		"avgTime": {
			"usage": 6,
			"details": [
				{"appName": "카메라", "usage": 2},
				{"appName": "Melon", "usage": 1},
				{"appName": "Facebook", "usage": 1},
				{"appName": "Instagram", "usage": 1},
				{"appName": "Chrome", "usage": 1},
				{"appName": "Polaris Office", "usage": 0},
				{"appName": "TouchVPN", "usage": 0},
				{"appName": "갤러리", "usage": 0},
				{"appName": "Genius", "usage": 0},
				{"appName": "NAVER", "usage": 0},
				{"appName": "Polar Beat", "usage": 0},
				{"appName": "Spotify", "usage": 0},
				{"appName": "텔레그램", "usage": 0},
				{"appName": "트위터", "usage": 0},
				{"appName": "네이버 카페", "usage": 0},
				{"appName": "카카오톡", "usage": 0},
				{"appName": "Paco", "usage": 0},
				{"appName": "VIBE", "usage": 0},
				{"appName": "동영상", "usage": 0},
				{"appName": "메시지", "usage": 0},
				{"appName": "접근성", "usage": 0},
				{"appName": "Google", "usage": 0},
				{"appName": "포토", "usage": 0},
				{"appName": "기본홈", "usage": 0},
				{"appName": "LG 페이", "usage": 0},
				{"appName": "타임스프레드", "usage": 0},
				{"appName": "Evernote", "usage": 0},
				{"appName": "설정", "usage": 0},
				{"appName": "Google Play 스토어", "usage": 0},
				{"appName": "Wi-Fi", "usage": 0},
				{"appName": "알람/시계", "usage": 0},
				{"appName": "Q메모+", "usage": 0},
				{"appName": "캐시워크", "usage": 0},
				{"appName": "네이버 뮤직", "usage": 0},
				{"appName": "시스템 UI", "usage": 0},
				{"appName": "Logger", "usage": 0},
				{"appName": "소프트웨어 업데이트", "usage": 0},
				{"appName": "우리카드", "usage": 0},
				{"appName": "패키지 설치 프로그램", "usage": 0},
				{"appName": "원터치알림", "usage": 0}
			]
		},
		"lastPickup": {"time": 0}
	}
]
