[
	{
		"date": 1,
		"totalTime": {
			"usage": 385,
			"details": [
				{"appName": "YouTube", "usage": 104},
				{"appName": "카카오톡", "usage": 60},
				{"appName": "Facebook", "usage": 39},
				{"appName": "삼성 인터넷", "usage": 39},
				{"appName": "Samsung Experience 홈", "usage": 30},
				{"appName": "전화", "usage": 17},
				{"appName": "Paco", "usage": 8},
				{"appName": "Samsung Music", "usage": 8},
				{"appName": "Polar Beat", "usage": 7},
				{"appName": "Messenger", "usage": 6},
				{"appName": "설정", "usage": 4},
				{"appName": "계산기", "usage": 3},
				{"appName": "네이버 웹툰", "usage": 2},
				{"appName": "KLMS", "usage": 2},
				{"appName": "카카오뱅크", "usage": 2},
				{"appName": "편한가계부", "usage": 1},
				{"appName": "G마켓", "usage": 1},
				{"appName": "드라이브", "usage": 1},
				{"appName": "연락처", "usage": 1},
				{"appName": "Google Play 스토어", "usage": 1},
				{"appName": "Samsung Pay", "usage": 1},
				{"appName": "시계", "usage": 0},
				{"appName": "시스템 UI", "usage": 0},
				{"appName": "카메라", "usage": 0},
				{"appName": "Logger", "usage": 0},
				{"appName": "메시지", "usage": 0},
				{"appName": "Microsoft Band", "usage": 0},
				{"appName": "T world", "usage": 0},
				{"appName": "Excel", "usage": 0},
				{"appName": "토스", "usage": 0},
				{"appName": "갤러리", "usage": 0},
				{"appName": "SODA", "usage": 0},
				{"appName": "지퍼7", "usage": 0},
				{"appName": "안드로이드 시스템", "usage": 0},
				{"appName": "AirBattery", "usage": 0},
				{"appName": "ABC Logger", "usage": 0},
				{"appName": "Edge screen", "usage": 0},
				{"appName": "삼성 캡처", "usage": 0},
				{"appName": "포토 에디터", "usage": 0},
				{"appName": "Polaris Office", "usage": 0},
				{"appName": "Clean Master", "usage": 0},
				{"appName": "Flipboard", "usage": 0},
				{"appName": "Chrome", "usage": 0},
				{"appName": "패키지 설치 프로그램", "usage": 0}
			]
		},
		"pickups": {"usage": 286},
		"downTime": {
			"usage": [
				{"hour": "0", "usage": 31},
				{"hour": "1", "usage": 10},
				{"hour": "2", "usage": 35},
				{"hour": "3", "usage": 23},
				{"hour": "4", "usage": 33},
				{"hour": "5", "usage": 14},
				{"hour": "6", "usage": 14},
				{"hour": "7", "usage": 36},
				{"hour": "8", "usage": 27},
				{"hour": "9", "usage": 35},
				{"hour": "10", "usage": 34},
				{"hour": "11", "usage": 16},
				{"hour": "12", "usage": 12},
				{"hour": "13", "usage": 0},
				{"hour": "14", "usage": 6},
				{"hour": "15", "usage": 6},
				{"hour": "16", "usage": 44},
				{"hour": "23", "usage": 0}
			],
			"details": [
				{"appName": "Samsung Experience 홈", "usage": [0, 1, 2, 3, 4, 5, 6, 7, 8, 9, 10, 11, 12, 13, 14, 15, 16, 23]},
				{"appName": "카카오톡", "usage": [0, 1, 2, 3, 4, 5, 6, 7, 8, 9, 10, 11, 12, 13, 14, 15, 16]},
				{"appName": "시스템 UI", "usage": [0, 2, 3, 4, 5, 6, 7, 8, 9, 10, 11, 14, 15, 16]},
				{"appName": "Facebook", "usage": [0, 1, 2, 3, 4, 6, 7, 8, 9, 10, 12, 13, 14, 16]},
				{"appName": "Messenger", "usage": [0, 1, 2, 3, 4, 5, 7, 9, 10, 11, 12, 14]},
				{"appName": "삼성 인터넷", "usage": [0, 2, 3, 4, 5, 6, 9, 10, 14, 15, 16]},
				{"appName": "YouTube", "usage": [2, 4, 5, 6, 7, 8, 9, 10, 16]},
				{"appName": "Polar Beat", "usage": [2, 3, 4, 5, 6, 7, 8, 10, 11]},
				{"appName": "Paco", "usage": [0, 2, 3, 4, 7, 8, 9, 10, 11]},
				{"appName": "전화", "usage": [3, 5, 7, 8, 9, 11, 14, 15]},
				{"appName": "설정", "usage": [2, 4, 5, 6, 7, 8, 11, 14]},
				{"appName": "패키지 설치 프로그램", "usage": [2, 5, 6, 7, 11]},
				{"appName": "Logger", "usage": [2, 5, 6, 7, 11]},
				{"appName": "연락처", "usage": [3, 7, 8, 15]},
				{"appName": "시계", "usage": [10, 14, 16, 23]},
				{"appName": "Samsung Music", "usage": [8, 9, 10, 11]},
				{"appName": "Google Play 스토어", "usage": [1, 11, 12, 14]},
				{"appName": "카메라", "usage": [3, 4, 9]},
				{"appName": "안드로이드 시스템", "usage": [3, 14, 15]},
				{"appName": "메시지", "usage": [14, 15, 16]},
				{"appName": "갤러리", "usage": [3, 9, 16]},
				{"appName": "편한가계부", "usage": [2, 15]},
				{"appName": "네이버 웹툰", "usage": [0, 4]},
				{"appName": "SODA", "usage": [1, 4]},
				{"appName": "G마켓", "usage": [0, 2]},
				{"appName": "포토 에디터", "usage": [9]},
				{"appName": "토스", "usage": [15]},
				{"appName": "카카오뱅크", "usage": [7]},
				{"appName": "지퍼7", "usage": [3]},
				{"appName": "삼성 캡처", "usage": [4]},
				{"appName": "드라이브", "usage": [3]},
				{"appName": "계산기", "usage": [1]},
				{"appName": "T world", "usage": [14]},
				{"appName": "Samsung Pay", "usage": [16]},
				{"appName": "Polaris Office", "usage": [3]},
				{"appName": "Microsoft Band", "usage": [2]},
				{"appName": "KLMS", "usage": [3]},
				{"appName": "Flipboard", "usage": [4]},
				{"appName": "Excel", "usage": [3]},
				{"appName": "Edge screen", "usage": [0]},
				{"appName": "Clean Master", "usage": [10]},
				{"appName": "Chrome", "usage": [16]},
				{"appName": "AirBattery", "usage": [11]},
				{"appName": "ABC Logger", "usage": [2]}
			]
		},
		"maxTime": {
			"usage": 39,
			"details": [
				{"appName": "YouTube", "usage": 22},
				{"appName": "전화", "usage": 3},
				{"appName": "삼성 인터넷", "usage": 3},
				{"appName": "Facebook", "usage": 3},
				{"appName": "계산기", "usage": 3},
				{"appName": "설정", "usage": 2},
				{"appName": "Samsung Experience 홈", "usage": 2},
				{"appName": "Samsung Music", "usage": 1},
				{"appName": "카카오톡", "usage": 1},
				{"appName": "Paco", "usage": 1},
				{"appName": "Messenger", "usage": 1},
				{"appName": "Samsung Pay", "usage": 1},
				{"appName": "편한가계부", "usage": 1},
				{"appName": "네이버 웹툰", "usage": 0},
				{"appName": "카카오뱅크", "usage": 0},
				{"appName": "드라이브", "usage": 0},
				{"appName": "KLMS", "usage": 0},
				{"appName": "Polar Beat", "usage": 0},
				{"appName": "G마켓", "usage": 0},
				{"appName": "연락처", "usage": 0},
				{"appName": "Google Play 스토어", "usage": 0},
				{"appName": "T world", "usage": 0},
				{"appName": "Excel", "usage": 0},
				{"appName": "Microsoft Band", "usage": 0},
				{"appName": "카메라", "usage": 0},
				{"appName": "토스", "usage": 0},
				{"appName": "시계", "usage": 0},
				{"appName": "AirBattery", "usage": 0},
				{"appName": "Edge screen", "usage": 0},
				{"appName": "지퍼7", "usage": 0},
				{"appName": "갤러리", "usage": 0},
				{"appName": "Logger", "usage": 0},
				{"appName": "ABC Logger", "usage": 0},
				{"appName": "메시지", "usage": 0},
				{"appName": "안드로이드 시스템", "usage": 0},
				{"appName": "Polaris Office", "usage": 0},
				{"appName": "Clean Master", "usage": 0},
				{"appName": "포토 에디터", "usage": 0},
				{"appName": "SODA", "usage": 0},
				{"appName": "삼성 캡처", "usage": 0},
				{"appName": "시스템 UI", "usage": 0},
				{"appName": "Chrome", "usage": 0},
				{"appName": "Flipboard", "usage": 0},
				{"appName": "패키지 설치 프로그램", "usage": 0}
			]
		},
		"avgTime": {
			"usage": 1,
			"details": [
				{"appName": "YouTube", "usage": 1},
				{"appName": "계산기", "usage": 1},
				{"appName": "Samsung Pay", "usage": 1},
				{"appName": "드라이브", "usage": 0},
				{"appName": "전화", "usage": 0},
				{"appName": "삼성 인터넷", "usage": 0},
				{"appName": "Facebook", "usage": 0},
				{"appName": "Excel", "usage": 0},
				{"appName": "Paco", "usage": 0},
				{"appName": "T world", "usage": 0},
				{"appName": "KLMS", "usage": 0},
				{"appName": "설정", "usage": 0},
				{"appName": "카카오뱅크", "usage": 0},
				{"appName": "편한가계부", "usage": 0},
				{"appName": "카메라", "usage": 0},
				{"appName": "Messenger", "usage": 0},
				{"appName": "Microsoft Band", "usage": 0},
				{"appName": "Polar Beat", "usage": 0},
				{"appName": "G마켓", "usage": 0},
				{"appName": "연락처", "usage": 0},
				{"appName": "AirBattery", "usage": 0},
				{"appName": "Samsung Experience 홈", "usage": 0},
				{"appName": "Edge screen", "usage": 0},
				{"appName": "네이버 웹툰", "usage": 0},
				{"appName": "포토 에디터", "usage": 0},
				{"appName": "토스", "usage": 0},
				{"appName": "지퍼7", "usage": 0},
				{"appName": "Polaris Office", "usage": 0},
				{"appName": "메시지", "usage": 0},
				{"appName": "카카오톡", "usage": 0},
				{"appName": "시계", "usage": 0},
				{"appName": "Google Play 스토어", "usage": 0},
				{"appName": "갤러리", "usage": 0},
				{"appName": "SODA", "usage": 0},
				{"appName": "Samsung Music", "usage": 0},
				{"appName": "Clean Master", "usage": 0},
				{"appName": "ABC Logger", "usage": 0},
				{"appName": "안드로이드 시스템", "usage": 0},
				{"appName": "삼성 캡처", "usage": 0},
				{"appName": "Logger", "usage": 0},
				{"appName": "Flipboard", "usage": 0},
				{"appName": "시스템 UI", "usage": 0},
				{"appName": "Chrome", "usage": 0},
				{"appName": "패키지 설치 프로그램", "usage": 0}
			]
		},
		"lastPickup": {"time": 0}
	},
	{
		"date": 2,
		"totalTime": {
			"usage": 232,
			"details": [
				{"appName": "삼성 인터넷", "usage": 54},
				{"appName": "Facebook", "usage": 35},
				{"appName": "YouTube", "usage": 27},
				{"appName": "카카오톡", "usage": 23},
				{"appName": "Samsung Experience 홈", "usage": 20},
				{"appName": "전화", "usage": 13},
				{"appName": "설정", "usage": 9},
				{"appName": "Paco", "usage": 6},
				{"appName": "Samsung Music", "usage": 5},
				{"appName": "Messenger", "usage": 4},
				{"appName": "카카오뱅크", "usage": 3},
				{"appName": "메시지", "usage": 2},
				{"appName": "AirBattery", "usage": 2},
				{"appName": "Polar Beat", "usage": 1},
				{"appName": "이메일", "usage": 0},
				{"appName": "연락처", "usage": 0},
				{"appName": "컬쳐랜드", "usage": 0},
				{"appName": "시스템 UI", "usage": 0},
				{"appName": "Dropsync", "usage": 0},
				{"appName": "SODA", "usage": 0},
				{"appName": "에브리타임", "usage": 0},
				{"appName": "카메라", "usage": 0},
				{"appName": "Logger", "usage": 0},
				{"appName": "Google Play 서비스", "usage": 0},
				{"appName": "MTP 애플리케이션", "usage": 0},
				{"appName": "Mi Fit", "usage": 0},
				{"appName": "Chrome", "usage": 0},
				{"appName": "챌린저스", "usage": 0},
				{"appName": "편한가계부", "usage": 0},
				{"appName": "갤러리", "usage": 0},
				{"appName": "Briefing", "usage": 0},
				{"appName": "Google Play 스토어", "usage": 0},
				{"appName": "비디오 플레이어", "usage": 0},
				{"appName": "ABC Logger", "usage": 0},
				{"appName": "패키지 설치 프로그램", "usage": 0},
				{"appName": "Samsung Pay", "usage": 0},
				{"appName": "Microsoft Band", "usage": 0},
				{"appName": "G마켓", "usage": 0},
				{"appName": "시계", "usage": 0},
				{"appName": "Clean Master", "usage": 0},
				{"appName": "안드로이드 시스템", "usage": 0}
			]
		},
		"pickups": {"usage": 177},
		"downTime": {
			"usage": [
				{"hour": "0", "usage": 12},
				{"hour": "1", "usage": 15},
				{"hour": "2", "usage": 31},
				{"hour": "3", "usage": 32},
				{"hour": "4", "usage": 27},
				{"hour": "5", "usage": 1},
				{"hour": "6", "usage": 6},
				{"hour": "7", "usage": 2},
				{"hour": "8", "usage": 3},
				{"hour": "9", "usage": 14},
				{"hour": "10", "usage": 17},
				{"hour": "11", "usage": 11},
				{"hour": "13", "usage": 2},
				{"hour": "14", "usage": 13},
				{"hour": "15", "usage": 19},
				{"hour": "16", "usage": 19}
			],
			"details": [
				{"appName": "Samsung Experience 홈", "usage": [0, 1, 2, 3, 4, 5, 6, 7, 8, 9, 10, 11, 13, 14, 15, 16]},
				{"appName": "시스템 UI", "usage": [0, 1, 2, 3, 4, 5, 6, 7, 8, 9, 10, 11, 14, 15, 16]},
				{"appName": "Facebook", "usage": [1, 2, 3, 4, 6, 7, 8, 9, 10, 11, 13, 14, 15, 16]},
				{"appName": "카카오톡", "usage": [0, 1, 2, 3, 4, 7, 8, 9, 10, 13, 14, 15, 16]},
				{"appName": "삼성 인터넷", "usage": [0, 2, 3, 4, 6, 7, 10, 11, 13, 14, 15, 16]},
				{"appName": "Paco", "usage": [1, 2, 3, 4, 5, 6, 7, 8, 9]},
				{"appName": "Messenger", "usage": [0, 1, 2, 3, 4, 7, 10, 15]},
				{"appName": "설정", "usage": [1, 3, 4, 6, 9, 10, 14]},
				{"appName": "전화", "usage": [1, 2, 3, 4, 9, 11]},
				{"appName": "Samsung Music", "usage": [3, 4, 9, 10, 15, 16]},
				{"appName": "AirBattery", "usage": [3, 4, 9, 10, 14, 15]},
				{"appName": "Polar Beat", "usage": [1, 2, 3, 6, 9]},
				{"appName": "패키지 설치 프로그램", "usage": [1, 2, 3, 9]},
				{"appName": "YouTube", "usage": [2, 3, 4, 16]},
				{"appName": "MTP 애플리케이션", "usage": [4, 5, 6, 7]},
				{"appName": "카메라", "usage": [1, 14, 15]},
				{"appName": "연락처", "usage": [1, 4, 11]},
				{"appName": "메시지", "usage": [4, 6, 15]},
				{"appName": "카카오뱅크", "usage": [10, 11]},
				{"appName": "Logger", "usage": [1, 9]},
				{"appName": "Google Play 서비스", "usage": [3, 9]},
				{"appName": "편한가계부", "usage": [0]},
				{"appName": "컬쳐랜드", "usage": [3]},
				{"appName": "챌린저스", "usage": [8]},
				{"appName": "이메일", "usage": [16]},
				{"appName": "에브리타임", "usage": [0]},
				{"appName": "안드로이드 시스템", "usage": [1]},
				{"appName": "시계", "usage": [0]},
				{"appName": "비디오 플레이어", "usage": [1]},
				{"appName": "갤러리", "usage": [3]},
				{"appName": "Samsung Pay", "usage": [14]},
				{"appName": "SODA", "usage": [4]},
				{"appName": "Microsoft Band", "usage": [0]},
				{"appName": "Mi Fit", "usage": [4]},
				{"appName": "G마켓", "usage": [4]},
				{"appName": "Google Play 스토어", "usage": [3]},
				{"appName": "Dropsync", "usage": [6]},
				{"appName": "Clean Master", "usage": [10]},
				{"appName": "Chrome", "usage": [4]},
				{"appName": "Briefing", "usage": [2]},
				{"appName": "ABC Logger", "usage": [6]}
			]
		},
		"maxTime": {
			"usage": 20,
			"details": [
				{"appName": "YouTube", "usage": 9},
				{"appName": "Facebook", "usage": 6},
				{"appName": "삼성 인터넷", "usage": 3},
				{"appName": "전화", "usage": 3},
				{"appName": "Samsung Experience 홈", "usage": 1},
				{"appName": "Messenger", "usage": 1},
				{"appName": "메시지", "usage": 1},
				{"appName": "Paco", "usage": 0},
				{"appName": "이메일", "usage": 0},
				{"appName": "카카오톡", "usage": 0},
				{"appName": "Samsung Music", "usage": 0},
				{"appName": "설정", "usage": 0},
				{"appName": "카카오뱅크", "usage": 0},
				{"appName": "Dropsync", "usage": 0},
				{"appName": "컬쳐랜드", "usage": 0},
				{"appName": "AirBattery", "usage": 0},
				{"appName": "에브리타임", "usage": 0},
				{"appName": "MTP 애플리케이션", "usage": 0},
				{"appName": "연락처", "usage": 0},
				{"appName": "SODA", "usage": 0},
				{"appName": "Polar Beat", "usage": 0},
				{"appName": "Chrome", "usage": 0},
				{"appName": "Mi Fit", "usage": 0},
				{"appName": "갤러리", "usage": 0},
				{"appName": "카메라", "usage": 0},
				{"appName": "Google Play 서비스", "usage": 0},
				{"appName": "챌린저스", "usage": 0},
				{"appName": "Google Play 스토어", "usage": 0},
				{"appName": "비디오 플레이어", "usage": 0},
				{"appName": "Briefing", "usage": 0},
				{"appName": "Logger", "usage": 0},
				{"appName": "ABC Logger", "usage": 0},
				{"appName": "시스템 UI", "usage": 0},
				{"appName": "Samsung Pay", "usage": 0},
				{"appName": "패키지 설치 프로그램", "usage": 0},
				{"appName": "편한가계부", "usage": 0},
				{"appName": "시계", "usage": 0},
				{"appName": "G마켓", "usage": 0},
				{"appName": "Microsoft Band", "usage": 0},
				{"appName": "Clean Master", "usage": 0},
				{"appName": "안드로이드 시스템", "usage": 0}
			]
		},
		"avgTime": {
			"usage": 1,
			"details": [
				{"appName": "YouTube", "usage": 1},
				{"appName": "전화", "usage": 0},
				{"appName": "삼성 인터넷", "usage": 0},
				{"appName": "Dropsync", "usage": 0},
				{"appName": "Facebook", "usage": 0},
				{"appName": "이메일", "usage": 0},
				{"appName": "Paco", "usage": 0},
				{"appName": "컬쳐랜드", "usage": 0},
				{"appName": "갤러리", "usage": 0},
				{"appName": "Messenger", "usage": 0},
				{"appName": "SODA", "usage": 0},
				{"appName": "에브리타임", "usage": 0},
				{"appName": "메시지", "usage": 0},
				{"appName": "카메라", "usage": 0},
				{"appName": "Google Play 스토어", "usage": 0},
				{"appName": "비디오 플레이어", "usage": 0},
				{"appName": "연락처", "usage": 0},
				{"appName": "Chrome", "usage": 0},
				{"appName": "카카오뱅크", "usage": 0},
				{"appName": "챌린저스", "usage": 0},
				{"appName": "설정", "usage": 0},
				{"appName": "Briefing", "usage": 0},
				{"appName": "Mi Fit", "usage": 0},
				{"appName": "Samsung Experience 홈", "usage": 0},
				{"appName": "Samsung Music", "usage": 0},
				{"appName": "Logger", "usage": 0},
				{"appName": "Google Play 서비스", "usage": 0},
				{"appName": "ABC Logger", "usage": 0},
				{"appName": "카카오톡", "usage": 0},
				{"appName": "Polar Beat", "usage": 0},
				{"appName": "AirBattery", "usage": 0},
				{"appName": "MTP 애플리케이션", "usage": 0},
				{"appName": "Samsung Pay", "usage": 0},
				{"appName": "시계", "usage": 0},
				{"appName": "편한가계부", "usage": 0},
				{"appName": "Clean Master", "usage": 0},
				{"appName": "안드로이드 시스템", "usage": 0},
				{"appName": "Microsoft Band", "usage": 0},
				{"appName": "시스템 UI", "usage": 0},
				{"appName": "G마켓", "usage": 0},
				{"appName": "패키지 설치 프로그램", "usage": 0}
			]
		},
		"lastPickup": {"time": 0}
	},
	{
		"date": 3,
		"totalTime": {
			"usage": 484,
			"details": [
				{"appName": "YouTube", "usage": 182},
				{"appName": "삼성 인터넷", "usage": 103},
				{"appName": "Facebook", "usage": 68},
				{"appName": "카카오톡", "usage": 36},
				{"appName": "네이버 웹툰", "usage": 20},
				{"appName": "Samsung Experience 홈", "usage": 16},
				{"appName": "전화", "usage": 14},
				{"appName": "Paco", "usage": 5},
				{"appName": "설정", "usage": 4},
				{"appName": "Messenger", "usage": 3},
				{"appName": "T world", "usage": 2},
				{"appName": "Polar Beat", "usage": 2},
				{"appName": "시스템 UI", "usage": 1},
				{"appName": "메시지", "usage": 1},
				{"appName": "Google Play 스토어", "usage": 1},
				{"appName": "배달의민족", "usage": 1},
				{"appName": "카카오뱅크", "usage": 1},
				{"appName": "Samsung Pay", "usage": 1},
				{"appName": "Logger", "usage": 1},
				{"appName": "Samsung Music", "usage": 0},
				{"appName": "연락처", "usage": 0},
				{"appName": "Smart View", "usage": 0},
				{"appName": "편한가계부", "usage": 0},
				{"appName": "AirBattery", "usage": 0},
				{"appName": "Microsoft Band", "usage": 0},
				{"appName": "Dropsync", "usage": 0},
				{"appName": "Chrome", "usage": 0},
				{"appName": "Clean Master", "usage": 0},
				{"appName": "원터치개인", "usage": 0},
				{"appName": "패키지 설치 프로그램", "usage": 0},
				{"appName": "Galaxy Themes", "usage": 0}
			]
		},
		"pickups": {"usage": 116},
		"downTime": {
			"usage": [
				{"hour": "0", "usage": 0},
				{"hour": "1", "usage": 33},
				{"hour": "2", "usage": 40},
				{"hour": "3", "usage": 10},
				{"hour": "4", "usage": 36},
				{"hour": "5", "usage": 46},
				{"hour": "6", "usage": 50},
				{"hour": "7", "usage": 0},
				{"hour": "9", "usage": 25},
				{"hour": "10", "usage": 60},
				{"hour": "11", "usage": 57},
				{"hour": "12", "usage": 43},
				{"hour": "13", "usage": 8},
				{"hour": "14", "usage": 3},
				{"hour": "15", "usage": 1},
				{"hour": "16", "usage": 44},
				{"hour": "17", "usage": 20},
				{"hour": "19", "usage": 0},
				{"hour": "20", "usage": 1}
			],
			"details": [
				{"appName": "Samsung Experience 홈", "usage": [1, 2, 3, 4, 5, 6, 7, 9, 10, 11, 12, 13, 14, 15, 16]},
				{"appName": "삼성 인터넷", "usage": [1, 2, 3, 4, 5, 6, 9, 10, 11, 12, 14, 16]},
				{"appName": "YouTube", "usage": [1, 2, 4, 5, 6, 9, 11, 12, 13, 16, 17, 20]},
				{"appName": "Facebook", "usage": [1, 2, 3, 4, 5, 6, 10, 11, 12, 13, 14, 16]},
				{"appName": "카카오톡", "usage": [1, 2, 3, 4, 5, 9, 10, 11, 12, 14, 16]},
				{"appName": "Paco", "usage": [1, 2, 3, 4, 5, 6, 9, 10, 11, 12, 13]},
				{"appName": "Messenger", "usage": [1, 4, 5, 6, 9, 10, 12, 13, 14, 15, 16]},
				{"appName": "시스템 UI", "usage": [1, 2, 3, 4, 6, 9, 10, 11, 12, 16]},
				{"appName": "설정", "usage": [1, 2, 3, 4, 5, 10, 11, 12, 13]},
				{"appName": "전화", "usage": [1, 4, 5, 7, 9, 11, 12]},
				{"appName": "Polar Beat", "usage": [1, 4, 9, 10, 12, 13]},
				{"appName": "패키지 설치 프로그램", "usage": [1, 4, 10, 12, 13]},
				{"appName": "Logger", "usage": [1, 4, 10, 12, 13]},
				{"appName": "네이버 웹툰", "usage": [1, 2, 5, 10]},
				{"appName": "연락처", "usage": [1, 5, 9]},
				{"appName": "카카오뱅크", "usage": [3, 11]},
				{"appName": "원터치개인", "usage": [2, 3]},
				{"appName": "배달의민족", "usage": [4, 11]},
				{"appName": "메시지", "usage": [1, 10]},
				{"appName": "Samsung Pay", "usage": [19, 20]},
				{"appName": "편한가계부", "usage": [16]},
				{"appName": "T world", "usage": [2]},
				{"appName": "Smart View", "usage": [5]},
				{"appName": "Samsung Music", "usage": [1]},
				{"appName": "Microsoft Band", "usage": [10]},
				{"appName": "Google Play 스토어", "usage": [4]},
				{"appName": "Galaxy Themes", "usage": [5]},
				{"appName": "Dropsync", "usage": [1]},
				{"appName": "Clean Master", "usage": [11]},
				{"appName": "Chrome", "usage": [2]},
				{"appName": "AirBattery", "usage": [1]}
			]
		},
		"maxTime": {
			"usage": 119,
			"details": [
				{"appName": "YouTube", "usage": 36},
				{"appName": "Facebook", "usage": 23},
				{"appName": "삼성 인터넷", "usage": 13},
				{"appName": "전화", "usage": 4},
				{"appName": "네이버 웹툰", "usage": 3},
				{"appName": "T world", "usage": 1},
				{"appName": "카카오톡", "usage": 1},
				{"appName": "Google Play 스토어", "usage": 1},
				{"appName": "메시지", "usage": 1},
				{"appName": "Samsung Pay", "usage": 1},
				{"appName": "Messenger", "usage": 1},
				{"appName": "Paco", "usage": 0},
				{"appName": "Samsung Experience 홈", "usage": 0},
				{"appName": "시스템 UI", "usage": 0},
				{"appName": "Logger", "usage": 0},
				{"appName": "Polar Beat", "usage": 0},
				{"appName": "설정", "usage": 0},
				{"appName": "편한가계부", "usage": 0},
				{"appName": "Samsung Music", "usage": 0},
				{"appName": "연락처", "usage": 0},
				{"appName": "AirBattery", "usage": 0},
				{"appName": "카카오뱅크", "usage": 0},
				{"appName": "배달의민족", "usage": 0},
				{"appName": "Microsoft Band", "usage": 0},
				{"appName": "Smart View", "usage": 0},
				{"appName": "Dropsync", "usage": 0},
				{"appName": "Chrome", "usage": 0},
				{"appName": "Clean Master", "usage": 0},
				{"appName": "원터치개인", "usage": 0},
				{"appName": "Galaxy Themes", "usage": 0},
				{"appName": "패키지 설치 프로그램", "usage": 0}
			]
		},
		"avgTime": {
			"usage": 4,
			"details": [
				{"appName": "YouTube", "usage": 2},
				{"appName": "삼성 인터넷", "usage": 1},
				{"appName": "전화", "usage": 1},
				{"appName": "Google Play 스토어", "usage": 0},
				{"appName": "Facebook", "usage": 0},
				{"appName": "Samsung Pay", "usage": 0},
				{"appName": "네이버 웹툰", "usage": 0},
				{"appName": "메시지", "usage": 0},
				{"appName": "T world", "usage": 0},
				{"appName": "Dropsync", "usage": 0},
				{"appName": "편한가계부", "usage": 0},
				{"appName": "Smart View", "usage": 0},
				{"appName": "Messenger", "usage": 0},
				{"appName": "Paco", "usage": 0},
				{"appName": "Samsung Music", "usage": 0},
				{"appName": "Microsoft Band", "usage": 0},
				{"appName": "AirBattery", "usage": 0},
				{"appName": "설정", "usage": 0},
				{"appName": "배달의민족", "usage": 0},
				{"appName": "Samsung Experience 홈", "usage": 0},
				{"appName": "연락처", "usage": 0},
				{"appName": "Logger", "usage": 0},
				{"appName": "Polar Beat", "usage": 0},
				{"appName": "카카오톡", "usage": 0},
				{"appName": "Clean Master", "usage": 0},
				{"appName": "카카오뱅크", "usage": 0},
				{"appName": "시스템 UI", "usage": 0},
				{"appName": "Chrome", "usage": 0},
				{"appName": "Galaxy Themes", "usage": 0},
				{"appName": "원터치개인", "usage": 0},
				{"appName": "패키지 설치 프로그램", "usage": 0}
			]
		},
		"lastPickup": {"time": 0}
	},
	{
		"date": 4,
		"totalTime": {
			"usage": 441,
			"details": [
				{"appName": "YouTube", "usage": 127},
				{"appName": "카카오톡", "usage": 75},
				{"appName": "삼성 인터넷", "usage": 73},
				{"appName": "Facebook", "usage": 40},
				{"appName": "Samsung Experience 홈", "usage": 26},
				{"appName": "Polaris Office", "usage": 15},
				{"appName": "전화", "usage": 9},
				{"appName": "Samsung Music", "usage": 8},
				{"appName": "설정", "usage": 7},
				{"appName": "컬쳐랜드", "usage": 7},
				{"appName": "Paco", "usage": 5},
				{"appName": "Messenger", "usage": 4},
				{"appName": "KLMS", "usage": 4},
				{"appName": "Polar Beat", "usage": 2},
				{"appName": "네이버 웹툰", "usage": 2},
				{"appName": "AirBattery", "usage": 2},
				{"appName": "Logger", "usage": 2},
				{"appName": "시스템 UI", "usage": 1},
				{"appName": "갤러리", "usage": 1},
				{"appName": "메시지", "usage": 1},
				{"appName": "비디오 플레이어", "usage": 0},
				{"appName": "시계", "usage": 0},
				{"appName": "4shared", "usage": 0},
				{"appName": "내 파일", "usage": 0},
				{"appName": "Google Play 스토어", "usage": 0},
				{"appName": "연락처", "usage": 0},
				{"appName": "Flipboard", "usage": 0},
				{"appName": "지퍼7", "usage": 0},
				{"appName": "포토 에디터", "usage": 0},
				{"appName": "안드로이드 시스템", "usage": 0},
				{"appName": "게임런처", "usage": 0},
				{"appName": "Samsung Pay", "usage": 0},
				{"appName": "Clean Master", "usage": 0},
				{"appName": "SODA", "usage": 0},
				{"appName": "날씨", "usage": 0},
				{"appName": "패키지 설치 프로그램", "usage": 0}
			]
		},
		"pickups": {"usage": 168},
		"downTime": {
			"usage": [
				{"hour": "1", "usage": 52},
				{"hour": "2", "usage": 36},
				{"hour": "3", "usage": 9},
				{"hour": "4", "usage": 13},
				{"hour": "5", "usage": 46},
				{"hour": "6", "usage": 1},
				{"hour": "7", "usage": 8},
				{"hour": "8", "usage": 26},
				{"hour": "9", "usage": 21},
				{"hour": "10", "usage": 30},
				{"hour": "11", "usage": 35},
				{"hour": "12", "usage": 55},
				{"hour": "13", "usage": 20},
				{"hour": "14", "usage": 10},
				{"hour": "15", "usage": 40},
				{"hour": "16", "usage": 2},
				{"hour": "22", "usage": 0},
				{"hour": "23", "usage": 21}
			],
			"details": [
				{"appName": "Samsung Experience 홈", "usage": [1, 2, 3, 4, 5, 6, 7, 8, 9, 10, 11, 12, 13, 14, 15, 16, 23]},
				{"appName": "카카오톡", "usage": [1, 2, 3, 4, 5, 7, 8, 9, 10, 11, 12, 13, 14, 15, 23]},
				{"appName": "삼성 인터넷", "usage": [1, 2, 3, 4, 5, 8, 9, 10, 11, 12, 13, 14, 15, 23]},
				{"appName": "Messenger", "usage": [3, 4, 5, 6, 7, 8, 9, 11, 12, 13, 15, 23]},
				{"appName": "Facebook", "usage": [1, 2, 3, 5, 7, 8, 11, 12, 13, 14, 15, 23]},
				{"appName": "시스템 UI", "usage": [1, 2, 4, 5, 7, 8, 9, 10, 11, 12, 23]},
				{"appName": "YouTube", "usage": [1, 2, 5, 8, 10, 12, 13, 14, 15, 16]},
				{"appName": "Paco", "usage": [1, 2, 4, 5, 7, 8, 9, 10, 11, 12]},
				{"appName": "설정", "usage": [2, 4, 5, 8, 9, 10, 12, 13, 23]},
				{"appName": "Polar Beat", "usage": [2, 4, 5, 8, 9, 11, 12, 23]},
				{"appName": "패키지 설치 프로그램", "usage": [2, 5, 8, 9, 12, 23]},
				{"appName": "Logger", "usage": [2, 5, 8, 9, 12, 23]},
				{"appName": "시계", "usage": [14, 15, 16, 22, 23]},
				{"appName": "메시지", "usage": [1, 5, 8, 12, 15]},
				{"appName": "전화", "usage": [5, 6, 7, 9]},
				{"appName": "AirBattery", "usage": [9, 10, 12, 13]},
				{"appName": "연락처", "usage": [5, 7, 12]},
				{"appName": "안드로이드 시스템", "usage": [11, 15, 23]},
				{"appName": "Samsung Music", "usage": [11, 12, 15]},
				{"appName": "네이버 웹툰", "usage": [1, 15]},
				{"appName": "갤러리", "usage": [2, 11]},
				{"appName": "Samsung Pay", "usage": [8, 9]},
				{"appName": "포토 에디터", "usage": [11]},
				{"appName": "컬쳐랜드", "usage": [5]},
				{"appName": "지퍼7", "usage": [23]},
				{"appName": "비디오 플레이어", "usage": [15]},
				{"appName": "내 파일", "usage": [23]},
				{"appName": "날씨", "usage": [13]},
				{"appName": "게임런처", "usage": [2]},
				{"appName": "SODA", "usage": [12]},
				{"appName": "Polaris Office", "usage": [23]},
				{"appName": "KLMS", "usage": [11]},
				{"appName": "Google Play 스토어", "usage": [1]},
				{"appName": "Flipboard", "usage": [11]},
				{"appName": "Clean Master", "usage": [10]},
				{"appName": "4shared", "usage": [11]}
			]
		},
		"maxTime": {
			"usage": 85,
			"details": [
				{"appName": "YouTube", "usage": 26},
				{"appName": "카카오톡", "usage": 6},
				{"appName": "Polaris Office", "usage": 6},
				{"appName": "삼성 인터넷", "usage": 5},
				{"appName": "전화", "usage": 5},
				{"appName": "Samsung Music", "usage": 3},
				{"appName": "Facebook", "usage": 3},
				{"appName": "Samsung Experience 홈", "usage": 2},
				{"appName": "설정", "usage": 1},
				{"appName": "네이버 웹툰", "usage": 1},
				{"appName": "컬쳐랜드", "usage": 1},
				{"appName": "Paco", "usage": 1},
				{"appName": "Messenger", "usage": 0},
				{"appName": "Logger", "usage": 0},
				{"appName": "비디오 플레이어", "usage": 0},
				{"appName": "Polar Beat", "usage": 0},
				{"appName": "내 파일", "usage": 0},
				{"appName": "4shared", "usage": 0},
				{"appName": "AirBattery", "usage": 0},
				{"appName": "Google Play 스토어", "usage": 0},
				{"appName": "갤러리", "usage": 0},
				{"appName": "메시지", "usage": 0},
				{"appName": "시스템 UI", "usage": 0},
				{"appName": "KLMS", "usage": 0},
				{"appName": "Flipboard", "usage": 0},
				{"appName": "포토 에디터", "usage": 0},
				{"appName": "시계", "usage": 0},
				{"appName": "지퍼7", "usage": 0},
				{"appName": "연락처", "usage": 0},
				{"appName": "게임런처", "usage": 0},
				{"appName": "SODA", "usage": 0},
				{"appName": "Clean Master", "usage": 0},
				{"appName": "날씨", "usage": 0},
				{"appName": "Samsung Pay", "usage": 0},
				{"appName": "안드로이드 시스템", "usage": 0},
				{"appName": "패키지 설치 프로그램", "usage": 0}
			]
		},
		"avgTime": {
			"usage": 2,
			"details": [
				{"appName": "YouTube", "usage": 3},
				{"appName": "Polaris Office", "usage": 1},
				{"appName": "전화", "usage": 0},
				{"appName": "비디오 플레이어", "usage": 0},
				{"appName": "내 파일", "usage": 0},
				{"appName": "삼성 인터넷", "usage": 0},
				{"appName": "Facebook", "usage": 0},
				{"appName": "컬쳐랜드", "usage": 0},
				{"appName": "포토 에디터", "usage": 0},
				{"appName": "Samsung Music", "usage": 0},
				{"appName": "네이버 웹툰", "usage": 0},
				{"appName": "Paco", "usage": 0},
				{"appName": "메시지", "usage": 0},
				{"appName": "갤러리", "usage": 0},
				{"appName": "설정", "usage": 0},
				{"appName": "SODA", "usage": 0},
				{"appName": "4shared", "usage": 0},
				{"appName": "Logger", "usage": 0},
				{"appName": "Samsung Experience 홈", "usage": 0},
				{"appName": "Google Play 스토어", "usage": 0},
				{"appName": "KLMS", "usage": 0},
				{"appName": "Polar Beat", "usage": 0},
				{"appName": "지퍼7", "usage": 0},
				{"appName": "Messenger", "usage": 0},
				{"appName": "Flipboard", "usage": 0},
				{"appName": "AirBattery", "usage": 0},
				{"appName": "카카오톡", "usage": 0},
				{"appName": "연락처", "usage": 0},
				{"appName": "Clean Master", "usage": 0},
				{"appName": "시계", "usage": 0},
				{"appName": "게임런처", "usage": 0},
				{"appName": "Samsung Pay", "usage": 0},
				{"appName": "날씨", "usage": 0},
				{"appName": "안드로이드 시스템", "usage": 0},
				{"appName": "시스템 UI", "usage": 0},
				{"appName": "패키지 설치 프로그램", "usage": 0}
			]
		},
		"lastPickup": {"time": 7}
	},
	{
		"date": 5,
		"totalTime": {
			"usage": 379,
			"details": [
				{"appName": "YouTube", "usage": 94},
				{"appName": "카카오톡", "usage": 52},
				{"appName": "삼성 인터넷", "usage": 44},
				{"appName": "Facebook", "usage": 37},
				{"appName": "Polaris Office", "usage": 34},
				{"appName": "Samsung Experience 홈", "usage": 25},
				{"appName": "Samsung Music", "usage": 11},
				{"appName": "네이버 웹툰", "usage": 9},
				{"appName": "KAIST Library", "usage": 7},
				{"appName": "편한가계부", "usage": 5},
				{"appName": "Paco", "usage": 5},
				{"appName": "Messenger", "usage": 4},
				{"appName": "KLMS", "usage": 2},
				{"appName": "전화", "usage": 2},
				{"appName": "에브리타임", "usage": 1},
				{"appName": "Polar Beat", "usage": 1},
				{"appName": "드라이브", "usage": 1},
				{"appName": "컬쳐랜드", "usage": 1},
				{"appName": "Samsung Pay", "usage": 1},
				{"appName": "", "usage": 1},
				{"appName": "시계", "usage": 1},
				{"appName": "설정", "usage": 0},
				{"appName": "Logger", "usage": 0},
				{"appName": "시스템 UI", "usage": 0},
				{"appName": "이메일", "usage": 0},
				{"appName": "카카오뱅크", "usage": 0},
				{"appName": "Instagram", "usage": 0},
				{"appName": "Google Play 스토어", "usage": 0},
				{"appName": "AirBattery", "usage": 0},
				{"appName": "메시지", "usage": 0},
				{"appName": "연락처", "usage": 0},
				{"appName": "KAIST Portal", "usage": 0},
				{"appName": "날씨", "usage": 0},
				{"appName": "원터치개인", "usage": 0},
				{"appName": "Clean Master", "usage": 0},
				{"appName": "내 파일", "usage": 0},
				{"appName": "배달의민족", "usage": 0},
				{"appName": "안드로이드 시스템", "usage": 0},
				{"appName": "게임런처", "usage": 0},
				{"appName": "파일", "usage": 0},
				{"appName": "Chrome", "usage": 0},
				{"appName": "갤러리", "usage": 0},
				{"appName": "Google Play 서비스", "usage": 0},
				{"appName": "Google Play 게임", "usage": 0},
				{"appName": "패키지 설치 프로그램", "usage": 0},
				{"appName": "Send Anywhere", "usage": 0},
				{"appName": "카메라", "usage": 0},
				{"appName": "지퍼7", "usage": 0}
			]
		},
		"pickups": {"usage": 237},
		"downTime": {
			"usage": [
				{"hour": "0", "usage": 32},
				{"hour": "1", "usage": 45},
				{"hour": "2", "usage": 51},
				{"hour": "3", "usage": 35},
				{"hour": "4", "usage": 26},
				{"hour": "5", "usage": 33},
				{"hour": "6", "usage": 9},
				{"hour": "7", "usage": 17},
				{"hour": "8", "usage": 24},
				{"hour": "9", "usage": 5},
				{"hour": "10", "usage": 4},
				{"hour": "11", "usage": 3},
				{"hour": "12", "usage": 2},
				{"hour": "13", "usage": 10},
				{"hour": "14", "usage": 1},
				{"hour": "15", "usage": 10},
				{"hour": "16", "usage": 43},
				{"hour": "18", "usage": 15},
				{"hour": "23", "usage": 5}
			],
			"details": [
				{"appName": "Samsung Experience 홈", "usage": [0, 1, 2, 3, 4, 5, 6, 7, 8, 9, 10, 11, 12, 13, 14, 15, 16, 18, 23]},
				{"appName": "카카오톡", "usage": [0, 1, 2, 3, 4, 5, 7, 8, 9, 10, 11, 12, 13, 14, 16, 23]},
				{"appName": "Facebook", "usage": [0, 1, 2, 3, 4, 5, 8, 9, 12, 14, 15]},
				{"appName": "시스템 UI", "usage": [1, 2, 3, 4, 5, 8, 13, 16, 18, 23]},
				{"appName": "삼성 인터넷", "usage": [1, 2, 3, 4, 7, 10, 13, 14, 15, 18]},
				{"appName": "Paco", "usage": [1, 2, 3, 4, 5, 7, 10, 11, 12, 13]},
				{"appName": "YouTube", "usage": [1, 2, 3, 4, 5, 8, 15, 16, 18]},
				{"appName": "Messenger", "usage": [1, 2, 4, 5, 6, 7, 8, 15, 23]},
				{"appName": "AirBattery", "usage": [5, 6, 7, 8, 9, 15, 16]},
				{"appName": "Samsung Music", "usage": [5, 6, 7, 8, 9, 15]},
				{"appName": "Polar Beat", "usage": [2, 5, 8, 10, 11, 13]},
				{"appName": "패키지 설치 프로그램", "usage": [1, 2, 5, 8, 13]},
				{"appName": "안드로이드 시스템", "usage": [1, 2, 3, 12, 13]},
				{"appName": "Polaris Office", "usage": [0, 2, 12, 13]},
				{"appName": "전화", "usage": [1, 7, 8]},
				{"appName": "시계", "usage": [16, 18, 23]},
				{"appName": "설정", "usage": [5, 8, 13]},
				{"appName": "네이버 웹툰", "usage": [1, 18, 23]},
				{"appName": "날씨", "usage": [2, 3, 5]},
				{"appName": "Samsung Pay", "usage": [2, 11, 13]},
				{"appName": "Logger", "usage": [5, 8, 13]},
				{"appName": "편한가계부", "usage": [1, 5]},
				{"appName": "파일", "usage": [10, 13]},
				{"appName": "에브리타임", "usage": [3, 5]},
				{"appName": "메시지", "usage": [1, 2]},
				{"appName": "KLMS", "usage": [1, 2]},
				{"appName": "Google Play 스토어", "usage": [1, 4]},
				{"appName": "컬쳐랜드", "usage": [5]},
				{"appName": "카카오뱅크", "usage": [1]},
				{"appName": "카메라", "usage": [3]},
				{"appName": "지퍼7", "usage": [0]},
				{"appName": "이메일", "usage": [3]},
				{"appName": "원터치개인", "usage": [1]},
				{"appName": "연락처", "usage": [8]},
				{"appName": "배달의민족", "usage": [4]},
				{"appName": "드라이브", "usage": [1]},
				{"appName": "내 파일", "usage": [13]},
				{"appName": "게임런처", "usage": [1]},
				{"appName": "갤러리", "usage": [1]},
				{"appName": "Send Anywhere", "usage": [1]},
				{"appName": "KAIST Library", "usage": [6]},
				{"appName": "KAIST Portal", "usage": [4]},
				{"appName": "Instagram", "usage": [1]},
				{"appName": "Google Play 서비스", "usage": [1]},
				{"appName": "Google Play 게임", "usage": [1]},
				{"appName": "Clean Master", "usage": [10]},
				{"appName": "Chrome", "usage": [3]},
				{"appName": "", "usage": [1]}
			]
		},
		"maxTime": {
			"usage": 35,
			"details": [
				{"appName": "Polaris Office", "usage": 31},
				{"appName": "YouTube", "usage": 12},
				{"appName": "삼성 인터넷", "usage": 7},
				{"appName": "편한가계부", "usage": 4},
				{"appName": "네이버 웹툰", "usage": 3},
				{"appName": "KAIST Library", "usage": 3},
				{"appName": "Facebook", "usage": 3},
				{"appName": "Samsung Experience 홈", "usage": 2},
				{"appName": "카카오톡", "usage": 2},
				{"appName": "Samsung Music", "usage": 1},
				{"appName": "에브리타임", "usage": 1},
				{"appName": "Messenger", "usage": 1},
				{"appName": "전화", "usage": 1},
				{"appName": "", "usage": 1},
				{"appName": "드라이브", "usage": 0},
				{"appName": "KLMS", "usage": 0},
				{"appName": "Paco", "usage": 0},
				{"appName": "Instagram", "usage": 0},
				{"appName": "Google Play 스토어", "usage": 0},
				{"appName": "Samsung Pay", "usage": 0},
				{"appName": "Logger", "usage": 0},
				{"appName": "컬쳐랜드", "usage": 0},
				{"appName": "KAIST Portal", "usage": 0},
				{"appName": "설정", "usage": 0},
				{"appName": "날씨", "usage": 0},
				{"appName": "이메일", "usage": 0},
				{"appName": "연락처", "usage": 0},
				{"appName": "Polar Beat", "usage": 0},
				{"appName": "카카오뱅크", "usage": 0},
				{"appName": "내 파일", "usage": 0},
				{"appName": "메시지", "usage": 0},
				{"appName": "시계", "usage": 0},
				{"appName": "Clean Master", "usage": 0},
				{"appName": "배달의민족", "usage": 0},
				{"appName": "Chrome", "usage": 0},
				{"appName": "시스템 UI", "usage": 0},
				{"appName": "AirBattery", "usage": 0},
				{"appName": "원터치개인", "usage": 0},
				{"appName": "파일", "usage": 0},
				{"appName": "갤러리", "usage": 0},
				{"appName": "게임런처", "usage": 0},
				{"appName": "Google Play 게임", "usage": 0},
				{"appName": "Google Play 서비스", "usage": 0},
				{"appName": "안드로이드 시스템", "usage": 0},
				{"appName": "Send Anywhere", "usage": 0},
				{"appName": "카메라", "usage": 0},
				{"appName": "지퍼7", "usage": 0},
				{"appName": "패키지 설치 프로그램", "usage": 0}
			]
		},
		"avgTime": {
			"usage": 1,
			"details": [
				{"appName": "YouTube", "usage": 2},
				{"appName": "Polaris Office", "usage": 2},
				{"appName": "Instagram", "usage": 0},
				{"appName": "KAIST Library", "usage": 0},
				{"appName": "드라이브", "usage": 0},
				{"appName": "삼성 인터넷", "usage": 0},
				{"appName": "Facebook", "usage": 0},
				{"appName": "Google Play 스토어", "usage": 0},
				{"appName": "편한가계부", "usage": 0},
				{"appName": "", "usage": 0},
				{"appName": "에브리타임", "usage": 0},
				{"appName": "전화", "usage": 0},
				{"appName": "내 파일", "usage": 0},
				{"appName": "네이버 웹툰", "usage": 0},
				{"appName": "컬쳐랜드", "usage": 0},
				{"appName": "Samsung Pay", "usage": 0},
				{"appName": "이메일", "usage": 0},
				{"appName": "날씨", "usage": 0},
				{"appName": "메시지", "usage": 0},
				{"appName": "Messenger", "usage": 0},
				{"appName": "KAIST Portal", "usage": 0},
				{"appName": "Paco", "usage": 0},
				{"appName": "KLMS", "usage": 0},
				{"appName": "Samsung Experience 홈", "usage": 0},
				{"appName": "Samsung Music", "usage": 0},
				{"appName": "연락처", "usage": 0},
				{"appName": "Logger", "usage": 0},
				{"appName": "Chrome", "usage": 0},
				{"appName": "설정", "usage": 0},
				{"appName": "갤러리", "usage": 0},
				{"appName": "파일", "usage": 0},
				{"appName": "카카오톡", "usage": 0},
				{"appName": "시계", "usage": 0},
				{"appName": "배달의민족", "usage": 0},
				{"appName": "Clean Master", "usage": 0},
				{"appName": "Polar Beat", "usage": 0},
				{"appName": "카카오뱅크", "usage": 0},
				{"appName": "Google Play 게임", "usage": 0},
				{"appName": "Send Anywhere", "usage": 0},
				{"appName": "원터치개인", "usage": 0},
				{"appName": "게임런처", "usage": 0},
				{"appName": "안드로이드 시스템", "usage": 0},
				{"appName": "카메라", "usage": 0},
				{"appName": "시스템 UI", "usage": 0},
				{"appName": "AirBattery", "usage": 0},
				{"appName": "지퍼7", "usage": 0},
				{"appName": "Google Play 서비스", "usage": 0},
				{"appName": "패키지 설치 프로그램", "usage": 0}
			]
		},
		"lastPickup": {"time": 0}
	},
	{
		"date": 6,
		"totalTime": {
			"usage": 483,
			"details": [
				{"appName": "삼성 인터넷", "usage": 112},
				{"appName": "YouTube", "usage": 68},
				{"appName": "카카오톡", "usage": 59},
				{"appName": "Facebook", "usage": 54},
				{"appName": "Polaris Office", "usage": 46},
				{"appName": "Samsung Experience 홈", "usage": 27},
				{"appName": "전화", "usage": 19},
				{"appName": "네이버 웹툰", "usage": 14},
				{"appName": "KLMS", "usage": 7},
				{"appName": "Paco", "usage": 5},
				{"appName": "에브리타임", "usage": 5},
				{"appName": "Samsung Music", "usage": 5},
				{"appName": "기억의 신", "usage": 5},
				{"appName": "캘린더", "usage": 4},
				{"appName": "Messenger", "usage": 4},
				{"appName": "설정", "usage": 3},
				{"appName": "연락처", "usage": 2},
				{"appName": "메시지", "usage": 2},
				{"appName": "이메일", "usage": 2},
				{"appName": "시스템 UI", "usage": 2},
				{"appName": "Polar Beat", "usage": 1},
				{"appName": "편한가계부", "usage": 1},
				{"appName": "AirBattery", "usage": 1},
				{"appName": "시계", "usage": 1},
				{"appName": "지퍼7", "usage": 0},
				{"appName": "KAIST Portal", "usage": 0},
				{"appName": "SODA", "usage": 0},
				{"appName": "ABC Logger", "usage": 0},
				{"appName": "Logger", "usage": 0},
				{"appName": "카메라", "usage": 0},
				{"appName": "Instagram", "usage": 0},
				{"appName": "갤러리", "usage": 0},
				{"appName": "SNOW", "usage": 0},
				{"appName": "안드로이드 시스템", "usage": 0},
				{"appName": "스텔라 브라우저", "usage": 0},
				{"appName": "Clean Master", "usage": 0},
				{"appName": "Google Play 서비스", "usage": 0},
				{"appName": "게임런처", "usage": 0},
				{"appName": "패키지 설치 프로그램", "usage": 0},
				{"appName": "T멤버십", "usage": 0}
			]
		},
		"pickups": {"usage": 226},
		"downTime": {
			"usage": [
				{"hour": "0", "usage": 34},
				{"hour": "1", "usage": 37},
				{"hour": "2", "usage": 23},
				{"hour": "3", "usage": 27},
				{"hour": "4", "usage": 58},
				{"hour": "5", "usage": 56},
				{"hour": "6", "usage": 44},
				{"hour": "7", "usage": 16},
				{"hour": "8", "usage": 25},
				{"hour": "9", "usage": 20},
				{"hour": "10", "usage": 11},
				{"hour": "11", "usage": 16},
				{"hour": "12", "usage": 51},
				{"hour": "13", "usage": 20},
				{"hour": "14", "usage": 2},
				{"hour": "15", "usage": 2},
				{"hour": "16", "usage": 15},
				{"hour": "17", "usage": 16},
				{"hour": "21", "usage": 0},
				{"hour": "22", "usage": 0},
				{"hour": "23", "usage": 0}
			],
			"details": [
				{"appName": "Samsung Experience 홈", "usage": [0, 1, 2, 3, 4, 5, 6, 7, 8, 9, 10, 11, 12, 13, 14, 15, 16, 17, 22, 23]},
				{"appName": "카카오톡", "usage": [0, 1, 2, 3, 4, 5, 6, 7, 8, 9, 10, 11, 12, 13, 14, 15, 16]},
				{"appName": "기억의 신", "usage": [4, 5, 6, 7, 8, 9, 10, 11, 12, 13, 14, 15, 16, 17, 21, 22, 23]},
				{"appName": "Facebook", "usage": [0, 1, 2, 3, 4, 5, 6, 7, 8, 9, 10, 11, 12, 13, 14, 15, 16]},
				{"appName": "시스템 UI", "usage": [0, 1, 2, 4, 5, 6, 8, 10, 11, 12, 13, 14]},
				{"appName": "삼성 인터넷", "usage": [0, 1, 2, 4, 5, 6, 8, 10, 11, 12, 13, 16]},
				{"appName": "Paco", "usage": [2, 3, 4, 5, 6, 8, 9, 10, 11, 12]},
				{"appName": "설정", "usage": [2, 3, 6, 7, 8, 10, 11, 12, 16]},
				{"appName": "Samsung Music", "usage": [2, 3, 6, 7, 8, 9, 10, 12, 13]},
				{"appName": "YouTube", "usage": [2, 3, 5, 8, 11, 12, 16, 17]},
				{"appName": "Messenger", "usage": [1, 4, 5, 6, 8, 12, 13]},
				{"appName": "AirBattery", "usage": [2, 3, 6, 11, 13, 15, 16]},
				{"appName": "Polar Beat", "usage": [2, 4, 8, 10, 11, 12]},
				{"appName": "패키지 설치 프로그램", "usage": [2, 8, 10, 11, 12]},
				{"appName": "전화", "usage": [6, 7, 8, 9, 13]},
				{"appName": "메시지", "usage": [4, 5, 6, 7, 8]},
				{"appName": "Logger", "usage": [2, 8, 10, 11, 12]},
				{"appName": "시계", "usage": [16, 21, 22, 23]},
				{"appName": "KLMS", "usage": [0, 4, 6, 12]},
				{"appName": "연락처", "usage": [7, 8, 13]},
				{"appName": "에브리타임", "usage": [4, 10, 11]},
				{"appName": "Polaris Office", "usage": [4, 5, 6]},
				{"appName": "캘린더", "usage": [4, 6]},
				{"appName": "지퍼7", "usage": [4, 5]},
				{"appName": "안드로이드 시스템", "usage": [0, 4]},
				{"appName": "네이버 웹툰", "usage": [0, 17]},
				{"appName": "KAIST Portal", "usage": [0, 4]},
				{"appName": "편한가계부", "usage": [4]},
				{"appName": "카메라", "usage": [5]},
				{"appName": "이메일", "usage": [0]},
				{"appName": "스텔라 브라우저", "usage": [13]},
				{"appName": "게임런처", "usage": [11]},
				{"appName": "갤러리", "usage": [5]},
				{"appName": "T멤버십", "usage": [4]},
				{"appName": "SODA", "usage": [2]},
				{"appName": "SNOW", "usage": [22]},
				{"appName": "Instagram", "usage": [12]},
				{"appName": "Google Play 서비스", "usage": [4]},
				{"appName": "Clean Master", "usage": [10]},
				{"appName": "ABC Logger", "usage": [4]}
			]
		},
		"maxTime": {
			"usage": 66,
			"details": [
				{"appName": "YouTube", "usage": 14},
				{"appName": "삼성 인터넷", "usage": 13},
				{"appName": "Polaris Office", "usage": 10},
				{"appName": "전화", "usage": 7},
				{"appName": "Facebook", "usage": 4},
				{"appName": "네이버 웹툰", "usage": 2},
				{"appName": "연락처", "usage": 2},
				{"appName": "KLMS", "usage": 1},
				{"appName": "카카오톡", "usage": 1},
				{"appName": "Samsung Experience 홈", "usage": 1},
				{"appName": "캘린더", "usage": 1},
				{"appName": "이메일", "usage": 1},
				{"appName": "메시지", "usage": 0},
				{"appName": "Paco", "usage": 0},
				{"appName": "Messenger", "usage": 0},
				{"appName": "설정", "usage": 0},
				{"appName": "AirBattery", "usage": 0},
				{"appName": "편한가계부", "usage": 0},
				{"appName": "Samsung Music", "usage": 0},
				{"appName": "에브리타임", "usage": 0},
				{"appName": "기억의 신", "usage": 0},
				{"appName": "SODA", "usage": 0},
				{"appName": "시계", "usage": 0},
				{"appName": "ABC Logger", "usage": 0},
				{"appName": "지퍼7", "usage": 0},
				{"appName": "시스템 UI", "usage": 0},
				{"appName": "Polar Beat", "usage": 0},
				{"appName": "카메라", "usage": 0},
				{"appName": "KAIST Portal", "usage": 0},
				{"appName": "Instagram", "usage": 0},
				{"appName": "갤러리", "usage": 0},
				{"appName": "SNOW", "usage": 0},
				{"appName": "안드로이드 시스템", "usage": 0},
				{"appName": "스텔라 브라우저", "usage": 0},
				{"appName": "Logger", "usage": 0},
				{"appName": "Clean Master", "usage": 0},
				{"appName": "Google Play 서비스", "usage": 0},
				{"appName": "게임런처", "usage": 0},
				{"appName": "T멤버십", "usage": 0},
				{"appName": "패키지 설치 프로그램", "usage": 0}
			]
		},
		"avgTime": {
			"usage": 2,
			"details": [
				{"appName": "YouTube", "usage": 2},
				{"appName": "Polaris Office", "usage": 1},
				{"appName": "삼성 인터넷", "usage": 1},
				{"appName": "전화", "usage": 0},
				{"appName": "이메일", "usage": 0},
				{"appName": "SODA", "usage": 0},
				{"appName": "캘린더", "usage": 0},
				{"appName": "네이버 웹툰", "usage": 0},
				{"appName": "Facebook", "usage": 0},
				{"appName": "메시지", "usage": 0},
				{"appName": "편한가계부", "usage": 0},
				{"appName": "연락처", "usage": 0},
				{"appName": "카메라", "usage": 0},
				{"appName": "ABC Logger", "usage": 0},
				{"appName": "Instagram", "usage": 0},
				{"appName": "KLMS", "usage": 0},
				{"appName": "Paco", "usage": 0},
				{"appName": "에브리타임", "usage": 0},
				{"appName": "Messenger", "usage": 0},
				{"appName": "KAIST Portal", "usage": 0},
				{"appName": "지퍼7", "usage": 0},
				{"appName": "SNOW", "usage": 0},
				{"appName": "갤러리", "usage": 0},
				{"appName": "Samsung Experience 홈", "usage": 0},
				{"appName": "설정", "usage": 0},
				{"appName": "시계", "usage": 0},
				{"appName": "카카오톡", "usage": 0},
				{"appName": "AirBattery", "usage": 0},
				{"appName": "Samsung Music", "usage": 0},
				{"appName": "스텔라 브라우저", "usage": 0},
				{"appName": "Polar Beat", "usage": 0},
				{"appName": "안드로이드 시스템", "usage": 0},
				{"appName": "시스템 UI", "usage": 0},
				{"appName": "Clean Master", "usage": 0},
				{"appName": "Google Play 서비스", "usage": 0},
				{"appName": "Logger", "usage": 0},
				{"appName": "기억의 신", "usage": 0},
				{"appName": "T멤버십", "usage": 0},
				{"appName": "게임런처", "usage": 0},
				{"appName": "패키지 설치 프로그램", "usage": 0}
			]
		},
		"lastPickup": {"time": 0}
	},
	{
		"date": 7,
		"totalTime": {
			"usage": 393,
			"details": [
				{"appName": "카카오톡", "usage": 83},
				{"appName": "삼성 인터넷", "usage": 73},
				{"appName": "YouTube", "usage": 67},
				{"appName": "Facebook", "usage": 42},
				{"appName": "Samsung Experience 홈", "usage": 28},
				{"appName": "Samsung Music", "usage": 15},
				{"appName": "전화", "usage": 14},
				{"appName": "갤러리", "usage": 8},
				{"appName": "KLMS", "usage": 6},
				{"appName": "기억의 신", "usage": 6},
				{"appName": "Paco", "usage": 5},
				{"appName": "네이버 웹툰", "usage": 5},
				{"appName": "편한가계부", "usage": 3},
				{"appName": "설정", "usage": 2},
				{"appName": "ABC Logger", "usage": 1},
				{"appName": "비디오 플레이어", "usage": 1},
				{"appName": "Polar Beat", "usage": 1},
				{"appName": "Messenger", "usage": 1},
				{"appName": "시계", "usage": 0},
				{"appName": "캘린더", "usage": 0},
				{"appName": "시스템 UI", "usage": 0},
				{"appName": "메시지", "usage": 0},
				{"appName": "AirBattery", "usage": 0},
				{"appName": "카카오뱅크", "usage": 0},
				{"appName": "Logger", "usage": 0},
				{"appName": "연락처", "usage": 0},
				{"appName": "카메라", "usage": 0},
				{"appName": "안드로이드 시스템", "usage": 0},
				{"appName": "MTP 애플리케이션", "usage": 0},
				{"appName": "Briefing", "usage": 0},
				{"appName": "Google Play 스토어", "usage": 0},
				{"appName": "Clean Master", "usage": 0},
				{"appName": "원스토어 북스", "usage": 0},
				{"appName": "패키지 설치 프로그램", "usage": 0}
			]
		},
		"pickups": {"usage": 217},
		"downTime": {
			"usage": [
				{"hour": "0", "usage": 21},
				{"hour": "1", "usage": 44},
				{"hour": "2", "usage": 52},
				{"hour": "3", "usage": 39},
				{"hour": "4", "usage": 40},
				{"hour": "5", "usage": 15},
				{"hour": "6", "usage": 2},
				{"hour": "7", "usage": 2},
				{"hour": "8", "usage": 0},
				{"hour": "9", "usage": 12},
				{"hour": "10", "usage": 8},
				{"hour": "11", "usage": 25},
				{"hour": "12", "usage": 27},
				{"hour": "13", "usage": 29},
				{"hour": "14", "usage": 20},
				{"hour": "15", "usage": 4},
				{"hour": "16", "usage": 29},
				{"hour": "17", "usage": 5},
				{"hour": "22", "usage": 0},
				{"hour": "23", "usage": 10}
			],
			"details": [
				{"appName": "Samsung Experience 홈", "usage": [0, 1, 2, 3, 4, 5, 6, 7, 8, 9, 10, 11, 12, 13, 14, 16, 17, 23]},
				{"appName": "카카오톡", "usage": [0, 1, 2, 3, 4, 5, 6, 9, 10, 11, 12, 13, 14, 15, 16, 23]},
				{"appName": "Facebook", "usage": [0, 1, 2, 3, 4, 5, 6, 7, 9, 11, 13, 16, 17, 23]},
				{"appName": "Paco", "usage": [1, 2, 3, 4, 5, 7, 8, 9, 10, 11, 12, 13]},
				{"appName": "시스템 UI", "usage": [0, 1, 2, 3, 4, 7, 10, 11, 13, 14, 16]},
				{"appName": "삼성 인터넷", "usage": [0, 1, 2, 3, 4, 9, 11, 12, 13, 16]},
				{"appName": "기억의 신", "usage": [0, 11, 12, 13, 14, 15, 16, 17, 22, 23]},
				{"appName": "설정", "usage": [1, 9, 10, 11, 12, 13, 16]},
				{"appName": "Messenger", "usage": [0, 1, 2, 4, 9, 10, 11]},
				{"appName": "전화", "usage": [2, 3, 9, 11, 14]},
				{"appName": "Polar Beat", "usage": [3, 9, 10, 11, 13]},
				{"appName": "패키지 설치 프로그램", "usage": [1, 9, 10, 13]},
				{"appName": "시계", "usage": [0, 11, 16, 23]},
				{"appName": "YouTube", "usage": [2, 3, 4, 16]},
				{"appName": "Logger", "usage": [1, 9, 10, 13]},
				{"appName": "캘린더", "usage": [1, 2, 3]},
				{"appName": "연락처", "usage": [1, 5, 9]},
				{"appName": "갤러리", "usage": [0, 1, 11]},
				{"appName": "Samsung Music", "usage": [12, 13, 14]},
				{"appName": "MTP 애플리케이션", "usage": [5, 7, 8]},
				{"appName": "편한가계부", "usage": [0, 1]},
				{"appName": "카카오뱅크", "usage": [0, 1]},
				{"appName": "카메라", "usage": [1, 12]},
				{"appName": "안드로이드 시스템", "usage": [3, 15]},
				{"appName": "메시지", "usage": [3, 16]},
				{"appName": "KLMS", "usage": [3, 10]},
				{"appName": "Briefing", "usage": [2, 3]},
				{"appName": "AirBattery", "usage": [12, 23]},
				{"appName": "원스토어 북스", "usage": [1]},
				{"appName": "비디오 플레이어", "usage": [15]},
				{"appName": "네이버 웹툰", "usage": [1]},
				{"appName": "Google Play 스토어", "usage": [3]},
				{"appName": "Clean Master", "usage": [10]},
				{"appName": "ABC Logger", "usage": [1]}
			]
		},
		"maxTime": {
			"usage": 43,
			"details": [
				{"appName": "YouTube", "usage": 12},
				{"appName": "Samsung Experience 홈", "usage": 9},
				{"appName": "삼성 인터넷", "usage": 7},
				{"appName": "Samsung Music", "usage": 6},
				{"appName": "전화", "usage": 6},
				{"appName": "카카오톡", "usage": 5},
				{"appName": "Facebook", "usage": 5},
				{"appName": "갤러리", "usage": 4},
				{"appName": "네이버 웹툰", "usage": 2},
				{"appName": "KLMS", "usage": 1},
				{"appName": "기억의 신", "usage": 1},
				{"appName": "비디오 플레이어", "usage": 1},
				{"appName": "설정", "usage": 1},
				{"appName": "ABC Logger", "usage": 1},
				{"appName": "편한가계부", "usage": 1},
				{"appName": "Paco", "usage": 0},
				{"appName": "Messenger", "usage": 0},
				{"appName": "Polar Beat", "usage": 0},
				{"appName": "캘린더", "usage": 0},
				{"appName": "시계", "usage": 0},
				{"appName": "메시지", "usage": 0},
				{"appName": "AirBattery", "usage": 0},
				{"appName": "카메라", "usage": 0},
				{"appName": "연락처", "usage": 0},
				{"appName": "MTP 애플리케이션", "usage": 0},
				{"appName": "카카오뱅크", "usage": 0},
				{"appName": "시스템 UI", "usage": 0},
				{"appName": "안드로이드 시스템", "usage": 0},
				{"appName": "Logger", "usage": 0},
				{"appName": "Briefing", "usage": 0},
				{"appName": "Google Play 스토어", "usage": 0},
				{"appName": "Clean Master", "usage": 0},
				{"appName": "원스토어 북스", "usage": 0},
				{"appName": "패키지 설치 프로그램", "usage": 0}
			]
		},
		"avgTime": {
			"usage": 1,
			"details": [
				{"appName": "YouTube", "usage": 3},
				{"appName": "비디오 플레이어", "usage": 1},
				{"appName": "갤러리", "usage": 1},
				{"appName": "삼성 인터넷", "usage": 0},
				{"appName": "전화", "usage": 0},
				{"appName": "ABC Logger", "usage": 0},
				{"appName": "네이버 웹툰", "usage": 0},
				{"appName": "Facebook", "usage": 0},
				{"appName": "KLMS", "usage": 0},
				{"appName": "Samsung Music", "usage": 0},
				{"appName": "편한가계부", "usage": 0},
				{"appName": "설정", "usage": 0},
				{"appName": "Paco", "usage": 0},
				{"appName": "Samsung Experience 홈", "usage": 0},
				{"appName": "캘린더", "usage": 0},
				{"appName": "메시지", "usage": 0},
				{"appName": "Polar Beat", "usage": 0},
				{"appName": "카카오톡", "usage": 0},
				{"appName": "카메라", "usage": 0},
				{"appName": "시계", "usage": 0},
				{"appName": "Messenger", "usage": 0},
				{"appName": "AirBattery", "usage": 0},
				{"appName": "기억의 신", "usage": 0},
				{"appName": "안드로이드 시스템", "usage": 0},
				{"appName": "Logger", "usage": 0},
				{"appName": "카카오뱅크", "usage": 0},
				{"appName": "연락처", "usage": 0},
				{"appName": "시스템 UI", "usage": 0},
				{"appName": "Clean Master", "usage": 0},
				{"appName": "원스토어 북스", "usage": 0},
				{"appName": "Google Play 스토어", "usage": 0},
				{"appName": "MTP 애플리케이션", "usage": 0},
				{"appName": "Briefing", "usage": 0},
				{"appName": "패키지 설치 프로그램", "usage": 0}
			]
		},
		"lastPickup": {"time": 0}
	}
]
