[
	{
		"date": 1,
		"totalTime": {
			"usage": 387,
			"details": [
				{"appName": "YouTube", "usage": 178},
				{"appName": "카카오톡", "usage": 85},
				{"appName": "Samsung Experience 홈", "usage": 15},
				{"appName": "Chrome", "usage": 13},
				{"appName": "Polar Beat", "usage": 8},
				{"appName": "프레젠테이션", "usage": 8},
				{"appName": "Facebook", "usage": 8},
				{"appName": "Paco", "usage": 6},
				{"appName": "원터치개인", "usage": 5},
				{"appName": "티몬", "usage": 5},
				{"appName": "Samsung Pay", "usage": 5},
				{"appName": "Samsung Music", "usage": 3},
				{"appName": "NAVER", "usage": 2},
				{"appName": "Papago", "usage": 2},
				{"appName": "OP.GG", "usage": 2},
				{"appName": "네이버 웹툰", "usage": 2},
				{"appName": "T전화", "usage": 2},
				{"appName": "설정", "usage": 2},
				{"appName": "토스", "usage": 1},
				{"appName": "LoL 프렌즈", "usage": 1},
				{"appName": "카카오뱅크", "usage": 1},
				{"appName": "시계", "usage": 0},
				{"appName": "Dropsync", "usage": 0},
				{"appName": "Logger", "usage": 0},
				{"appName": "KLMS", "usage": 0},
				{"appName": "CJ대한통운 택배", "usage": 0},
				{"appName": "GGtics", "usage": 0},
				{"appName": "접근성", "usage": 0},
				{"appName": "계산기", "usage": 0},
				{"appName": "KAIST Portal", "usage": 0},
				{"appName": "아이쉐어링", "usage": 0},
				{"appName": "메시지", "usage": 0},
				{"appName": "캐시슬라이드 스텝업", "usage": 0},
				{"appName": "갤러리", "usage": 0},
				{"appName": "모아키 통합키보드", "usage": 0},
				{"appName": "ISP/페이북", "usage": 0},
				{"appName": "원터치알림", "usage": 0},
				{"appName": "드라이브", "usage": 0},
				{"appName": "위비톡", "usage": 0},
				{"appName": "T 안심", "usage": 0},
				{"appName": "파인더", "usage": 0},
				{"appName": "안드로이드 시스템", "usage": 0},
				{"appName": "L.POINT", "usage": 0},
				{"appName": "PAYCO", "usage": 0},
				{"appName": "패키지 설치 프로그램", "usage": 0},
				{"appName": "LoL 상점", "usage": 0},
				{"appName": "Google Play 스토어", "usage": 0}
			]
		},
		"pickups": {"usage": 201},
		"downTime": {
			"usage": [
				{"hour": "0", "usage": 6},
				{"hour": "1", "usage": 21},
				{"hour": "2", "usage": 50},
				{"hour": "3", "usage": 0},
				{"hour": "4", "usage": 1},
				{"hour": "5", "usage": 29},
				{"hour": "6", "usage": 19},
				{"hour": "7", "usage": 34},
				{"hour": "8", "usage": 20},
				{"hour": "9", "usage": 41},
				{"hour": "10", "usage": 10},
				{"hour": "11", "usage": 18},
				{"hour": "12", "usage": 5},
				{"hour": "13", "usage": 13},
				{"hour": "14", "usage": 5},
				{"hour": "15", "usage": 5},
				{"hour": "16", "usage": 7},
				{"hour": "17", "usage": 54},
				{"hour": "18", "usage": 31},
				{"hour": "19", "usage": 10},
				{"hour": "23", "usage": 0}
			],
			"details": [
				{"appName": "캐시슬라이드 스텝업", "usage": [0, 1, 2, 3, 4, 5, 6, 7, 8, 9, 11, 12, 13, 15, 16, 17, 18, 19, 20, 21, 22, 23]},
				{"appName": "카카오톡", "usage": [0, 1, 2, 4, 5, 6, 7, 8, 9, 10, 11, 12, 13, 14, 15, 16, 17, 18]},
				{"appName": "Samsung Experience 홈", "usage": [1, 2, 4, 5, 6, 7, 8, 9, 10, 11, 12, 13, 14, 15, 16, 17, 18, 19]},
				{"appName": "YouTube", "usage": [2, 3, 4, 5, 6, 8, 9, 10, 11, 17, 18, 19]},
				{"appName": "설정", "usage": [1, 6, 7, 12, 13, 17]},
				{"appName": "Polar Beat", "usage": [1, 2, 5, 6, 7, 13]},
				{"appName": "Paco", "usage": [1, 4, 5, 7, 11, 13]},
				{"appName": "NAVER", "usage": [7, 19, 20, 21, 22, 23]},
				{"appName": "Chrome", "usage": [1, 5, 6, 7, 11, 13]},
				{"appName": "접근성", "usage": [1, 6, 7, 12, 13]},
				{"appName": "Logger", "usage": [1, 6, 7, 12, 13]},
				{"appName": "Facebook", "usage": [2, 5, 6, 8, 11]},
				{"appName": "패키지 설치 프로그램", "usage": [1, 6, 12, 13]},
				{"appName": "T전화", "usage": [6, 7, 14, 15]},
				{"appName": "KAIST Portal", "usage": [1, 6, 7, 13]},
				{"appName": "프레젠테이션", "usage": [1, 5, 6]},
				{"appName": "토스", "usage": [1, 2, 7]},
				{"appName": "카카오뱅크", "usage": [1, 2, 7]},
				{"appName": "원터치알림", "usage": [2, 10, 16]},
				{"appName": "갤러리", "usage": [1, 6, 10]},
				{"appName": "Dropsync", "usage": [1, 5, 7]},
				{"appName": "CJ대한통운 택배", "usage": [2, 7, 12]},
				{"appName": "안드로이드 시스템", "usage": [12, 13]},
				{"appName": "시계", "usage": [0, 13]},
				{"appName": "메시지", "usage": [2, 7]},
				{"appName": "Samsung Pay", "usage": [8, 17]},
				{"appName": "Samsung Music", "usage": [12, 16]},
				{"appName": "Papago", "usage": [18, 19]},
				{"appName": "LoL 프렌즈", "usage": [7, 16]},
				{"appName": "KLMS", "usage": [7, 12]},
				{"appName": "파인더", "usage": [2]},
				{"appName": "티몬", "usage": [2]},
				{"appName": "위비톡", "usage": [0]},
				{"appName": "원터치개인", "usage": [1]},
				{"appName": "아이쉐어링", "usage": [1]},
				{"appName": "모아키 통합키보드", "usage": [9]},
				{"appName": "드라이브", "usage": [12]},
				{"appName": "네이버 웹툰", "usage": [8]},
				{"appName": "계산기", "usage": [1]},
				{"appName": "T 안심", "usage": [19]},
				{"appName": "PAYCO", "usage": [4]},
				{"appName": "OP.GG", "usage": [7]},
				{"appName": "LoL 상점", "usage": [7]},
				{"appName": "L.POINT", "usage": [7]},
				{"appName": "ISP/페이북", "usage": [2]},
				{"appName": "Google Play 스토어", "usage": [1]},
				{"appName": "GGtics", "usage": [7]}
			]
		},
		"maxTime": {
			"usage": 49,
			"details": [
				{"appName": "YouTube", "usage": 15},
				{"appName": "Samsung Pay", "usage": 5},
				{"appName": "Chrome", "usage": 3},
				{"appName": "Samsung Music", "usage": 3},
				{"appName": "Facebook", "usage": 2},
				{"appName": "프레젠테이션", "usage": 2},
				{"appName": "Polar Beat", "usage": 2},
				{"appName": "네이버 웹툰", "usage": 1},
				{"appName": "카카오톡", "usage": 1},
				{"appName": "Paco", "usage": 1},
				{"appName": "NAVER", "usage": 1},
				{"appName": "원터치개인", "usage": 1},
				{"appName": "티몬", "usage": 1},
				{"appName": "OP.GG", "usage": 1},
				{"appName": "Samsung Experience 홈", "usage": 1},
				{"appName": "Papago", "usage": 1},
				{"appName": "설정", "usage": 1},
				{"appName": "LoL 프렌즈", "usage": 0},
				{"appName": "T전화", "usage": 0},
				{"appName": "토스", "usage": 0},
				{"appName": "GGtics", "usage": 0},
				{"appName": "계산기", "usage": 0},
				{"appName": "Dropsync", "usage": 0},
				{"appName": "모아키 통합키보드", "usage": 0},
				{"appName": "시계", "usage": 0},
				{"appName": "카카오뱅크", "usage": 0},
				{"appName": "ISP/페이북", "usage": 0},
				{"appName": "아이쉐어링", "usage": 0},
				{"appName": "접근성", "usage": 0},
				{"appName": "Logger", "usage": 0},
				{"appName": "CJ대한통운 택배", "usage": 0},
				{"appName": "갤러리", "usage": 0},
				{"appName": "메시지", "usage": 0},
				{"appName": "캐시슬라이드 스텝업", "usage": 0},
				{"appName": "KLMS", "usage": 0},
				{"appName": "드라이브", "usage": 0},
				{"appName": "위비톡", "usage": 0},
				{"appName": "원터치알림", "usage": 0},
				{"appName": "파인더", "usage": 0},
				{"appName": "KAIST Portal", "usage": 0},
				{"appName": "안드로이드 시스템", "usage": 0},
				{"appName": "T 안심", "usage": 0},
				{"appName": "L.POINT", "usage": 0},
				{"appName": "PAYCO", "usage": 0},
				{"appName": "패키지 설치 프로그램", "usage": 0},
				{"appName": "LoL 상점", "usage": 0},
				{"appName": "Google Play 스토어", "usage": 0}
			]
		},
		"avgTime": {
			"usage": 1,
			"details": [
				{"appName": "YouTube", "usage": 3},
				{"appName": "Samsung Pay", "usage": 1},
				{"appName": "프레젠테이션", "usage": 0},
				{"appName": "Samsung Music", "usage": 0},
				{"appName": "LoL 프렌즈", "usage": 0},
				{"appName": "GGtics", "usage": 0},
				{"appName": "Facebook", "usage": 0},
				{"appName": "계산기", "usage": 0},
				{"appName": "Chrome", "usage": 0},
				{"appName": "네이버 웹툰", "usage": 0},
				{"appName": "모아키 통합키보드", "usage": 0},
				{"appName": "Papago", "usage": 0},
				{"appName": "NAVER", "usage": 0},
				{"appName": "Dropsync", "usage": 0},
				{"appName": "원터치개인", "usage": 0},
				{"appName": "Paco", "usage": 0},
				{"appName": "OP.GG", "usage": 0},
				{"appName": "티몬", "usage": 0},
				{"appName": "토스", "usage": 0},
				{"appName": "드라이브", "usage": 0},
				{"appName": "Polar Beat", "usage": 0},
				{"appName": "T전화", "usage": 0},
				{"appName": "갤러리", "usage": 0},
				{"appName": "시계", "usage": 0},
				{"appName": "아이쉐어링", "usage": 0},
				{"appName": "메시지", "usage": 0},
				{"appName": "설정", "usage": 0},
				{"appName": "카카오톡", "usage": 0},
				{"appName": "CJ대한통운 택배", "usage": 0},
				{"appName": "파인더", "usage": 0},
				{"appName": "ISP/페이북", "usage": 0},
				{"appName": "Samsung Experience 홈", "usage": 0},
				{"appName": "KLMS", "usage": 0},
				{"appName": "위비톡", "usage": 0},
				{"appName": "Logger", "usage": 0},
				{"appName": "원터치알림", "usage": 0},
				{"appName": "카카오뱅크", "usage": 0},
				{"appName": "접근성", "usage": 0},
				{"appName": "KAIST Portal", "usage": 0},
				{"appName": "안드로이드 시스템", "usage": 0},
				{"appName": "L.POINT", "usage": 0},
				{"appName": "T 안심", "usage": 0},
				{"appName": "캐시슬라이드 스텝업", "usage": 0},
				{"appName": "PAYCO", "usage": 0},
				{"appName": "패키지 설치 프로그램", "usage": 0},
				{"appName": "LoL 상점", "usage": 0},
				{"appName": "Google Play 스토어", "usage": 0}
			]
		},
		"lastPickup": {"time": 0}
	},
	{
		"date": 2,
		"totalTime": {
			"usage": 141,
			"details": [
				{"appName": "YouTube", "usage": 60},
				{"appName": "카카오톡", "usage": 35},
				{"appName": "One UI 홈", "usage": 10},
				{"appName": "Paco", "usage": 10},
				{"appName": "Chrome", "usage": 4},
				{"appName": "Papago", "usage": 2},
				{"appName": "토스", "usage": 2},
				{"appName": "LoL 프렌즈", "usage": 2},
				{"appName": "T전화", "usage": 1},
				{"appName": "Polar Beat", "usage": 0},
				{"appName": "설정", "usage": 0},
				{"appName": "Dropsync", "usage": 0},
				{"appName": "OP.GG", "usage": 0},
				{"appName": "Logger", "usage": 0},
				{"appName": "GGtics", "usage": 0},
				{"appName": "CJ대한통운 택배", "usage": 0},
				{"appName": "메시지", "usage": 0},
				{"appName": "접근성", "usage": 0},
				{"appName": "SNOW", "usage": 0},
				{"appName": "KAIST Portal", "usage": 0},
				{"appName": "위비톡", "usage": 0},
				{"appName": "Puffin", "usage": 0},
				{"appName": "배달요기요", "usage": 0},
				{"appName": "갤러리", "usage": 0},
				{"appName": "밥대생", "usage": 0},
				{"appName": "Google", "usage": 0},
				{"appName": "NAVER", "usage": 0},
				{"appName": "Samsung Music", "usage": 0},
				{"appName": "패키지 설치 프로그램", "usage": 0},
				{"appName": "씀", "usage": 0},
				{"appName": "캐시슬라이드 스텝업", "usage": 0},
				{"appName": "LoL 상점", "usage": 0},
				{"appName": "원터치알림", "usage": 0},
				{"appName": "안드로이드 시스템", "usage": 0},
				{"appName": "원스토어", "usage": 0}
			]
		},
		"pickups": {"usage": 135},
		"downTime": {
			"usage": [
				{"hour": "0", "usage": 1},
				{"hour": "2", "usage": 0},
				{"hour": "3", "usage": 13},
				{"hour": "4", "usage": 18},
				{"hour": "5", "usage": 6},
				{"hour": "6", "usage": 1},
				{"hour": "7", "usage": 4},
				{"hour": "8", "usage": 26},
				{"hour": "9", "usage": 2},
				{"hour": "10", "usage": 13},
				{"hour": "11", "usage": 2},
				{"hour": "12", "usage": 5},
				{"hour": "13", "usage": 0},
				{"hour": "14", "usage": 5},
				{"hour": "15", "usage": 2},
				{"hour": "16", "usage": 4},
				{"hour": "19", "usage": 2},
				{"hour": "20", "usage": 30},
				{"hour": "23", "usage": 0}
			],
			"details": [
				{"appName": "캐시슬라이드 스텝업", "usage": [0, 1, 2, 3, 4, 5, 6, 7, 8, 9, 10, 11, 12, 13, 14, 15, 16, 17, 18]},
				{"appName": "One UI 홈", "usage": [0, 1, 2, 3, 5, 6, 7, 8, 9, 10, 11, 12, 13, 14, 15, 16, 19, 20]},
				{"appName": "카카오톡", "usage": [0, 3, 5, 7, 8, 9, 10, 11, 12, 13, 14, 15, 16, 17, 18, 19, 20]},
				{"appName": "Paco", "usage": [3, 5, 7, 8, 10, 11, 12, 19]},
				{"appName": "Polar Beat", "usage": [0, 3, 7, 8, 10, 14]},
				{"appName": "설정", "usage": [0, 7, 8, 10, 15]},
				{"appName": "YouTube", "usage": [3, 4, 5, 8, 20]},
				{"appName": "T전화", "usage": [10, 14, 15, 16, 19]},
				{"appName": "토스", "usage": [5, 8, 10, 12]},
				{"appName": "접근성", "usage": [0, 7, 8, 10]},
				{"appName": "Papago", "usage": [6, 7, 9, 20]},
				{"appName": "Logger", "usage": [0, 7, 8, 10]},
				{"appName": "LoL 상점", "usage": [3, 5, 10, 16]},
				{"appName": "Chrome", "usage": [3, 5, 10, 16]},
				{"appName": "CJ대한통운 택배", "usage": [2, 3, 8, 10]},
				{"appName": "패키지 설치 프로그램", "usage": [0, 7, 10]},
				{"appName": "OP.GG", "usage": [5, 6, 16]},
				{"appName": "Google", "usage": [5, 8, 14]},
				{"appName": "메시지", "usage": [3, 5]},
				{"appName": "LoL 프렌즈", "usage": [14, 16]},
				{"appName": "위비톡", "usage": [4]},
				{"appName": "원터치알림", "usage": [9]},
				{"appName": "원스토어", "usage": [11]},
				{"appName": "안드로이드 시스템", "usage": [10]},
				{"appName": "씀", "usage": [20]},
				{"appName": "배달요기요", "usage": [8]},
				{"appName": "밥대생", "usage": [10]},
				{"appName": "갤러리", "usage": [16]},
				{"appName": "Samsung Music", "usage": [16]},
				{"appName": "SNOW", "usage": [8]},
				{"appName": "Puffin", "usage": [10]},
				{"appName": "NAVER", "usage": [0]},
				{"appName": "KAIST Portal", "usage": [3]},
				{"appName": "GGtics", "usage": [16]},
				{"appName": "Dropsync", "usage": [5]}
			]
		},
		"maxTime": {
			"usage": 22,
			"details": [
				{"appName": "YouTube", "usage": 18},
				{"appName": "Chrome", "usage": 1},
				{"appName": "Paco", "usage": 1},
				{"appName": "카카오톡", "usage": 1},
				{"appName": "One UI 홈", "usage": 1},
				{"appName": "Papago", "usage": 1},
				{"appName": "T전화", "usage": 0},
				{"appName": "LoL 프렌즈", "usage": 0},
				{"appName": "Dropsync", "usage": 0},
				{"appName": "GGtics", "usage": 0},
				{"appName": "토스", "usage": 0},
				{"appName": "설정", "usage": 0},
				{"appName": "메시지", "usage": 0},
				{"appName": "SNOW", "usage": 0},
				{"appName": "Logger", "usage": 0},
				{"appName": "OP.GG", "usage": 0},
				{"appName": "CJ대한통운 택배", "usage": 0},
				{"appName": "Polar Beat", "usage": 0},
				{"appName": "위비톡", "usage": 0},
				{"appName": "KAIST Portal", "usage": 0},
				{"appName": "Puffin", "usage": 0},
				{"appName": "접근성", "usage": 0},
				{"appName": "갤러리", "usage": 0},
				{"appName": "배달요기요", "usage": 0},
				{"appName": "Google", "usage": 0},
				{"appName": "밥대생", "usage": 0},
				{"appName": "NAVER", "usage": 0},
				{"appName": "씀", "usage": 0},
				{"appName": "Samsung Music", "usage": 0},
				{"appName": "패키지 설치 프로그램", "usage": 0},
				{"appName": "LoL 상점", "usage": 0},
				{"appName": "원터치알림", "usage": 0},
				{"appName": "캐시슬라이드 스텝업", "usage": 0},
				{"appName": "원스토어", "usage": 0},
				{"appName": "안드로이드 시스템", "usage": 0}
			]
		},
		"avgTime": {
			"usage": 1,
			"details": [
				{"appName": "YouTube", "usage": 3},
				{"appName": "SNOW", "usage": 0},
				{"appName": "GGtics", "usage": 0},
				{"appName": "Chrome", "usage": 0},
				{"appName": "LoL 프렌즈", "usage": 0},
				{"appName": "메시지", "usage": 0},
				{"appName": "Dropsync", "usage": 0},
				{"appName": "Papago", "usage": 0},
				{"appName": "Paco", "usage": 0},
				{"appName": "T전화", "usage": 0},
				{"appName": "Puffin", "usage": 0},
				{"appName": "One UI 홈", "usage": 0},
				{"appName": "카카오톡", "usage": 0},
				{"appName": "토스", "usage": 0},
				{"appName": "Logger", "usage": 0},
				{"appName": "OP.GG", "usage": 0},
				{"appName": "CJ대한통운 택배", "usage": 0},
				{"appName": "Polar Beat", "usage": 0},
				{"appName": "설정", "usage": 0},
				{"appName": "갤러리", "usage": 0},
				{"appName": "위비톡", "usage": 0},
				{"appName": "KAIST Portal", "usage": 0},
				{"appName": "배달요기요", "usage": 0},
				{"appName": "접근성", "usage": 0},
				{"appName": "밥대생", "usage": 0},
				{"appName": "Google", "usage": 0},
				{"appName": "NAVER", "usage": 0},
				{"appName": "씀", "usage": 0},
				{"appName": "Samsung Music", "usage": 0},
				{"appName": "패키지 설치 프로그램", "usage": 0},
				{"appName": "LoL 상점", "usage": 0},
				{"appName": "원터치알림", "usage": 0},
				{"appName": "캐시슬라이드 스텝업", "usage": 0},
				{"appName": "원스토어", "usage": 0},
				{"appName": "안드로이드 시스템", "usage": 0}
			]
		},
		"lastPickup": {"time": 0}
	},
	{
		"date": 3,
		"totalTime": {
			"usage": 382,
			"details": [
				{"appName": "YouTube", "usage": 209},
				{"appName": "카카오톡", "usage": 64},
				{"appName": "티몬", "usage": 20},
				{"appName": "Puffin", "usage": 15},
				{"appName": "계산기", "usage": 12},
				{"appName": "네이버 웹툰", "usage": 9},
				{"appName": "OP.GG", "usage": 9},
				{"appName": "One UI 홈", "usage": 7},
				{"appName": "Paco", "usage": 6},
				{"appName": "Chrome", "usage": 6},
				{"appName": "LoL 프렌즈", "usage": 2},
				{"appName": "드라이브", "usage": 2},
				{"appName": "Facebook", "usage": 2},
				{"appName": "T전화", "usage": 1},
				{"appName": "토스", "usage": 1},
				{"appName": "롤도우미", "usage": 0},
				{"appName": "KLMS", "usage": 0},
				{"appName": "ISP/페이북", "usage": 0},
				{"appName": "Papago", "usage": 0},
				{"appName": "Logger", "usage": 0},
				{"appName": "Polar Beat", "usage": 0},
				{"appName": "메시지", "usage": 0},
				{"appName": "원터치알림", "usage": 0},
				{"appName": "꼼꼼달력메모", "usage": 0},
				{"appName": "빅스비 보이스", "usage": 0},
				{"appName": "설정", "usage": 0},
				{"appName": "카카오뱅크", "usage": 0},
				{"appName": "Google", "usage": 0},
				{"appName": "Dropsync", "usage": 0},
				{"appName": "접근성", "usage": 0},
				{"appName": "파인더", "usage": 0},
				{"appName": "캐시슬라이드 스텝업", "usage": 0},
				{"appName": "오먹상점", "usage": 0},
				{"appName": "알집", "usage": 0},
				{"appName": "KAIST Portal", "usage": 0},
				{"appName": "패키지 설치 프로그램", "usage": 0},
				{"appName": "LoL 상점", "usage": 0}
			]
		},
		"pickups": {"usage": 103},
		"downTime": {
			"usage": [
				{"hour": "1", "usage": 2},
				{"hour": "2", "usage": 0},
				{"hour": "4", "usage": 27},
				{"hour": "5", "usage": 17},
				{"hour": "6", "usage": 9},
				{"hour": "7", "usage": 15},
				{"hour": "8", "usage": 28},
				{"hour": "9", "usage": 60},
				{"hour": "10", "usage": 24},
				{"hour": "11", "usage": 2},
				{"hour": "12", "usage": 8},
				{"hour": "13", "usage": 46},
				{"hour": "14", "usage": 33},
				{"hour": "15", "usage": 37},
				{"hour": "16", "usage": 0},
				{"hour": "18", "usage": 33},
				{"hour": "19", "usage": 32},
				{"hour": "22", "usage": 0},
				{"hour": "23", "usage": 0}
			],
			"details": [
				{"appName": "YouTube", "usage": [4, 7, 8, 9, 10, 11, 13, 14, 15, 16, 18, 19, 20, 21, 22, 23]},
				{"appName": "One UI 홈", "usage": [1, 4, 5, 6, 7, 8, 9, 10, 11, 12, 13, 14, 15, 16, 18, 19]},
				{"appName": "캐시슬라이드 스텝업", "usage": [10, 11, 12, 13, 14, 15, 16, 17, 18, 19, 20, 21, 22, 23]},
				{"appName": "카카오톡", "usage": [1, 4, 6, 7, 8, 9, 12, 13, 14, 15, 16, 17, 18, 19]},
				{"appName": "Paco", "usage": [1, 4, 6, 8, 9, 11, 13]},
				{"appName": "티몬", "usage": [4, 5, 6, 7, 13]},
				{"appName": "OP.GG", "usage": [9, 11, 12, 13]},
				{"appName": "원터치알림", "usage": [1, 5, 13]},
				{"appName": "드라이브", "usage": [4, 14, 15]},
				{"appName": "네이버 웹툰", "usage": [7, 8, 9]},
				{"appName": "계산기", "usage": [15, 18, 19]},
				{"appName": "Puffin", "usage": [6, 9, 10]},
				{"appName": "Polar Beat", "usage": [1, 9, 13]},
				{"appName": "Chrome", "usage": [9, 11, 13]},
				{"appName": "패키지 설치 프로그램", "usage": [1, 9]},
				{"appName": "파인더", "usage": [6, 7]},
				{"appName": "토스", "usage": [5, 13]},
				{"appName": "접근성", "usage": [1, 9]},
				{"appName": "설정", "usage": [1, 9]},
				{"appName": "빅스비 보이스", "usage": [6, 12]},
				{"appName": "T전화", "usage": [6, 12]},
				{"appName": "Logger", "usage": [1, 9]},
				{"appName": "LoL 상점", "usage": [11, 13]},
				{"appName": "KLMS", "usage": [4, 14]},
				{"appName": "ISP/페이북", "usage": [5, 13]},
				{"appName": "Facebook", "usage": [4, 9]},
				{"appName": "카카오뱅크", "usage": [13]},
				{"appName": "오먹상점", "usage": [13]},
				{"appName": "알집", "usage": [14]},
				{"appName": "메시지", "usage": [4]},
				{"appName": "롤도우미", "usage": [12]},
				{"appName": "꼼꼼달력메모", "usage": [4]},
				{"appName": "Papago", "usage": [18]},
				{"appName": "LoL 프렌즈", "usage": [13]},
				{"appName": "KAIST Portal", "usage": [4]},
				{"appName": "Google", "usage": [13]},
				{"appName": "Dropsync", "usage": [9]}
			]
		},
		"maxTime": {
			"usage": 97,
			"details": [
				{"appName": "YouTube", "usage": 25},
				{"appName": "Puffin", "usage": 15},
				{"appName": "Chrome", "usage": 4},
				{"appName": "티몬", "usage": 4},
				{"appName": "계산기", "usage": 4},
				{"appName": "네이버 웹툰", "usage": 2},
				{"appName": "카카오톡", "usage": 2},
				{"appName": "OP.GG", "usage": 1},
				{"appName": "T전화", "usage": 1},
				{"appName": "드라이브", "usage": 1},
				{"appName": "One UI 홈", "usage": 1},
				{"appName": "Paco", "usage": 1},
				{"appName": "LoL 프렌즈", "usage": 0},
				{"appName": "롤도우미", "usage": 0},
				{"appName": "Papago", "usage": 0},
				{"appName": "Facebook", "usage": 0},
				{"appName": "Logger", "usage": 0},
				{"appName": "토스", "usage": 0},
				{"appName": "메시지", "usage": 0},
				{"appName": "원터치알림", "usage": 0},
				{"appName": "ISP/페이북", "usage": 0},
				{"appName": "꼼꼼달력메모", "usage": 0},
				{"appName": "KLMS", "usage": 0},
				{"appName": "빅스비 보이스", "usage": 0},
				{"appName": "Dropsync", "usage": 0},
				{"appName": "Google", "usage": 0},
				{"appName": "Polar Beat", "usage": 0},
				{"appName": "파인더", "usage": 0},
				{"appName": "카카오뱅크", "usage": 0},
				{"appName": "설정", "usage": 0},
				{"appName": "접근성", "usage": 0},
				{"appName": "캐시슬라이드 스텝업", "usage": 0},
				{"appName": "오먹상점", "usage": 0},
				{"appName": "알집", "usage": 0},
				{"appName": "KAIST Portal", "usage": 0},
				{"appName": "패키지 설치 프로그램", "usage": 0},
				{"appName": "LoL 상점", "usage": 0}
			]
		},
		"avgTime": {
			"usage": 3,
			"details": [
				{"appName": "YouTube", "usage": 4},
				{"appName": "Puffin", "usage": 2},
				{"appName": "계산기", "usage": 1},
				{"appName": "드라이브", "usage": 0},
				{"appName": "Chrome", "usage": 0},
				{"appName": "LoL 프렌즈", "usage": 0},
				{"appName": "티몬", "usage": 0},
				{"appName": "T전화", "usage": 0},
				{"appName": "네이버 웹툰", "usage": 0},
				{"appName": "메시지", "usage": 0},
				{"appName": "꼼꼼달력메모", "usage": 0},
				{"appName": "OP.GG", "usage": 0},
				{"appName": "Papago", "usage": 0},
				{"appName": "Paco", "usage": 0},
				{"appName": "Facebook", "usage": 0},
				{"appName": "카카오톡", "usage": 0},
				{"appName": "Dropsync", "usage": 0},
				{"appName": "KLMS", "usage": 0},
				{"appName": "롤도우미", "usage": 0},
				{"appName": "원터치알림", "usage": 0},
				{"appName": "토스", "usage": 0},
				{"appName": "ISP/페이북", "usage": 0},
				{"appName": "Logger", "usage": 0},
				{"appName": "파인더", "usage": 0},
				{"appName": "Google", "usage": 0},
				{"appName": "One UI 홈", "usage": 0},
				{"appName": "접근성", "usage": 0},
				{"appName": "설정", "usage": 0},
				{"appName": "빅스비 보이스", "usage": 0},
				{"appName": "Polar Beat", "usage": 0},
				{"appName": "오먹상점", "usage": 0},
				{"appName": "카카오뱅크", "usage": 0},
				{"appName": "알집", "usage": 0},
				{"appName": "KAIST Portal", "usage": 0},
				{"appName": "캐시슬라이드 스텝업", "usage": 0},
				{"appName": "패키지 설치 프로그램", "usage": 0},
				{"appName": "LoL 상점", "usage": 0}
			]
		},
		"lastPickup": {"time": 0}
	},
	{
		"date": 4,
		"totalTime": {
			"usage": 392,
			"details": [
				{"appName": "YouTube", "usage": 153},
				{"appName": "카카오톡", "usage": 132},
				{"appName": "OP.GG", "usage": 33},
				{"appName": "Chrome", "usage": 30},
				{"appName": "One UI 홈", "usage": 9},
				{"appName": "Paco", "usage": 4},
				{"appName": "티몬", "usage": 3},
				{"appName": "번개장터", "usage": 2},
				{"appName": "카메라", "usage": 1},
				{"appName": "Logger", "usage": 1},
				{"appName": "Facebook", "usage": 1},
				{"appName": "시계", "usage": 1},
				{"appName": "SNOW", "usage": 1},
				{"appName": "카카오뱅크", "usage": 0},
				{"appName": "Polar Beat", "usage": 0},
				{"appName": "토스", "usage": 0},
				{"appName": "롤도우미", "usage": 0},
				{"appName": "Google", "usage": 0},
				{"appName": "설정", "usage": 0},
				{"appName": "우먼스톡", "usage": 0},
				{"appName": "러브데이", "usage": 0},
				{"appName": "접근성", "usage": 0},
				{"appName": "빅스비 보이스", "usage": 0},
				{"appName": "KLMS", "usage": 0},
				{"appName": "아이쉐어링", "usage": 0},
				{"appName": "LoL 프렌즈", "usage": 0},
				{"appName": "파인더", "usage": 0},
				{"appName": "KAIST Portal", "usage": 0},
				{"appName": "Puffin", "usage": 0},
				{"appName": "Samsung Pay", "usage": 0},
				{"appName": "네이버 웹툰", "usage": 0},
				{"appName": "패키지 설치 프로그램", "usage": 0},
				{"appName": "캐시슬라이드 스텝업", "usage": 0},
				{"appName": "밥대생", "usage": 0},
				{"appName": "L.POINT", "usage": 0},
				{"appName": "다이소몰", "usage": 0},
				{"appName": "Between", "usage": 0},
				{"appName": "어드벤처", "usage": 0}
			]
		},
		"pickups": {"usage": 163},
		"downTime": {
			"usage": [
				{"hour": "0", "usage": 0},
				{"hour": "1", "usage": 0},
				{"hour": "2", "usage": 20},
				{"hour": "3", "usage": 46},
				{"hour": "4", "usage": 8},
				{"hour": "5", "usage": 10},
				{"hour": "6", "usage": 49},
				{"hour": "7", "usage": 6},
				{"hour": "8", "usage": 7},
				{"hour": "9", "usage": 11},
				{"hour": "10", "usage": 0},
				{"hour": "11", "usage": 6},
				{"hour": "12", "usage": 3},
				{"hour": "13", "usage": 7},
				{"hour": "14", "usage": 0},
				{"hour": "15", "usage": 7},
				{"hour": "16", "usage": 44},
				{"hour": "17", "usage": 58},
				{"hour": "18", "usage": 60},
				{"hour": "19", "usage": 7},
				{"hour": "21", "usage": 0},
				{"hour": "22", "usage": 3},
				{"hour": "23", "usage": 28}
			],
			"details": [
				{"appName": "캐시슬라이드 스텝업", "usage": [0, 1, 2, 3, 4, 5, 6, 7, 8, 9, 10, 11, 12, 13, 14, 15, 16, 17, 18, 22, 23]},
				{"appName": "카카오톡", "usage": [2, 3, 4, 5, 6, 7, 8, 9, 10, 11, 12, 13, 14, 15, 16, 17, 18, 19, 21, 22, 23]},
				{"appName": "One UI 홈", "usage": [2, 3, 4, 5, 6, 7, 8, 9, 11, 12, 13, 15, 16, 17, 18, 19, 22, 23]},
				{"appName": "YouTube", "usage": [0, 1, 2, 3, 6, 7, 16, 17, 18, 19, 23]},
				{"appName": "Paco", "usage": [2, 3, 5, 6, 9, 11, 13]},
				{"appName": "Logger", "usage": [2, 5, 6, 13, 15, 23]},
				{"appName": "Google", "usage": [3, 12, 13, 15, 16, 17]},
				{"appName": "패키지 설치 프로그램", "usage": [2, 5, 6, 13, 23]},
				{"appName": "Polar Beat", "usage": [2, 5, 11, 15, 23]},
				{"appName": "OP.GG", "usage": [5, 8, 9, 15, 17]},
				{"appName": "Chrome", "usage": [3, 7, 8, 15, 18]},
				{"appName": "접근성", "usage": [2, 5, 6, 23]},
				{"appName": "설정", "usage": [2, 5, 6, 23]},
				{"appName": "시계", "usage": [17, 21, 22]},
				{"appName": "러브데이", "usage": [5, 15, 16]},
				{"appName": "Facebook", "usage": [9, 12, 17]},
				{"appName": "파인더", "usage": [16, 18]},
				{"appName": "티몬", "usage": [16, 18]},
				{"appName": "카카오뱅크", "usage": [9, 17]},
				{"appName": "카메라", "usage": [2, 12]},
				{"appName": "빅스비 보이스", "usage": [6, 15]},
				{"appName": "LoL 프렌즈", "usage": [9, 23]},
				{"appName": "토스", "usage": [17]},
				{"appName": "우먼스톡", "usage": [9]},
				{"appName": "어드벤처", "usage": [16]},
				{"appName": "아이쉐어링", "usage": [13]},
				{"appName": "번개장터", "usage": [23]},
				{"appName": "밥대생", "usage": [2]},
				{"appName": "롤도우미", "usage": [23]},
				{"appName": "다이소몰", "usage": [5]},
				{"appName": "네이버 웹툰", "usage": [16]},
				{"appName": "Samsung Pay", "usage": [9]},
				{"appName": "SNOW", "usage": [6]},
				{"appName": "Puffin", "usage": [3]},
				{"appName": "L.POINT", "usage": [15]},
				{"appName": "KLMS", "usage": [3]},
				{"appName": "KAIST Portal", "usage": [15]},
				{"appName": "Between", "usage": [16]}
			]
		},
		"maxTime": {
			"usage": 125,
			"details": [
				{"appName": "YouTube", "usage": 30},
				{"appName": "Chrome", "usage": 10},
				{"appName": "OP.GG", "usage": 4},
				{"appName": "카카오톡", "usage": 2},
				{"appName": "티몬", "usage": 1},
				{"appName": "카메라", "usage": 1},
				{"appName": "One UI 홈", "usage": 1},
				{"appName": "SNOW", "usage": 1},
				{"appName": "Paco", "usage": 0},
				{"appName": "번개장터", "usage": 0},
				{"appName": "롤도우미", "usage": 0},
				{"appName": "Logger", "usage": 0},
				{"appName": "Facebook", "usage": 0},
				{"appName": "카카오뱅크", "usage": 0},
				{"appName": "Google", "usage": 0},
				{"appName": "시계", "usage": 0},
				{"appName": "우먼스톡", "usage": 0},
				{"appName": "토스", "usage": 0},
				{"appName": "LoL 프렌즈", "usage": 0},
				{"appName": "아이쉐어링", "usage": 0},
				{"appName": "빅스비 보이스", "usage": 0},
				{"appName": "Polar Beat", "usage": 0},
				{"appName": "KLMS", "usage": 0},
				{"appName": "Samsung Pay", "usage": 0},
				{"appName": "러브데이", "usage": 0},
				{"appName": "파인더", "usage": 0},
				{"appName": "설정", "usage": 0},
				{"appName": "Puffin", "usage": 0},
				{"appName": "KAIST Portal", "usage": 0},
				{"appName": "접근성", "usage": 0},
				{"appName": "네이버 웹툰", "usage": 0},
				{"appName": "L.POINT", "usage": 0},
				{"appName": "밥대생", "usage": 0},
				{"appName": "Between", "usage": 0},
				{"appName": "어드벤처", "usage": 0},
				{"appName": "다이소몰", "usage": 0},
				{"appName": "패키지 설치 프로그램", "usage": 0},
				{"appName": "캐시슬라이드 스텝업", "usage": 0}
			]
		},
		"avgTime": {
			"usage": 2,
			"details": [
				{"appName": "YouTube", "usage": 2},
				{"appName": "Chrome", "usage": 2},
				{"appName": "SNOW", "usage": 1},
				{"appName": "OP.GG", "usage": 0},
				{"appName": "카메라", "usage": 0},
				{"appName": "티몬", "usage": 0},
				{"appName": "롤도우미", "usage": 0},
				{"appName": "번개장터", "usage": 0},
				{"appName": "Paco", "usage": 0},
				{"appName": "카카오톡", "usage": 0},
				{"appName": "토스", "usage": 0},
				{"appName": "Facebook", "usage": 0},
				{"appName": "우먼스톡", "usage": 0},
				{"appName": "아이쉐어링", "usage": 0},
				{"appName": "LoL 프렌즈", "usage": 0},
				{"appName": "Logger", "usage": 0},
				{"appName": "파인더", "usage": 0},
				{"appName": "KAIST Portal", "usage": 0},
				{"appName": "Google", "usage": 0},
				{"appName": "KLMS", "usage": 0},
				{"appName": "시계", "usage": 0},
				{"appName": "Puffin", "usage": 0},
				{"appName": "Samsung Pay", "usage": 0},
				{"appName": "One UI 홈", "usage": 0},
				{"appName": "빅스비 보이스", "usage": 0},
				{"appName": "Polar Beat", "usage": 0},
				{"appName": "카카오뱅크", "usage": 0},
				{"appName": "설정", "usage": 0},
				{"appName": "러브데이", "usage": 0},
				{"appName": "접근성", "usage": 0},
				{"appName": "네이버 웹툰", "usage": 0},
				{"appName": "L.POINT", "usage": 0},
				{"appName": "밥대생", "usage": 0},
				{"appName": "Between", "usage": 0},
				{"appName": "어드벤처", "usage": 0},
				{"appName": "다이소몰", "usage": 0},
				{"appName": "패키지 설치 프로그램", "usage": 0},
				{"appName": "캐시슬라이드 스텝업", "usage": 0}
			]
		},
		"lastPickup": {"time": 8}
	},
	{
		"date": 5,
		"totalTime": {
			"usage": 278,
			"details": [
				{"appName": "카카오톡", "usage": 111},
				{"appName": "Facebook", "usage": 23},
				{"appName": "OP.GG", "usage": 11},
				{"appName": "One UI 홈", "usage": 10},
				{"appName": "YouTube", "usage": 6},
				{"appName": "Paco", "usage": 3},
				{"appName": "SNOW", "usage": 2},
				{"appName": "Chrome", "usage": 2},
				{"appName": "T전화", "usage": 1},
				{"appName": "LoL 프렌즈", "usage": 1},
				{"appName": "KLMS", "usage": 1},
				{"appName": "롤도우미", "usage": 1},
				{"appName": "메시지", "usage": 1},
				{"appName": "꼼꼼달력메모", "usage": 1},
				{"appName": "티몬", "usage": 0},
				{"appName": "번개장터", "usage": 0},
				{"appName": "캐시슬라이드 스텝업", "usage": 0},
				{"appName": "카메라", "usage": 0},
				{"appName": "ABC Logger", "usage": 0},
				{"appName": "카카오뱅크", "usage": 0},
				{"appName": "KAIST Portal", "usage": 0},
				{"appName": "설정", "usage": 0},
				{"appName": "토스", "usage": 0},
				{"appName": "갤러리", "usage": 0},
				{"appName": "좋은 카메라", "usage": 0},
				{"appName": "쿠팡", "usage": 0},
				{"appName": "시계", "usage": 0},
				{"appName": "Microsoft Health", "usage": 0},
				{"appName": "Polar Beat", "usage": 0},
				{"appName": "루딘프", "usage": 0},
				{"appName": "Logger", "usage": 0},
				{"appName": "Dropsync", "usage": 0},
				{"appName": "Google Play 스토어", "usage": 0},
				{"appName": "Samsung Pay", "usage": 0},
				{"appName": "원터치개인", "usage": 0},
				{"appName": "접근성", "usage": 0},
				{"appName": "Google", "usage": 0},
				{"appName": "패키지 설치 프로그램", "usage": 0},
				{"appName": "아이쉐어링", "usage": 0},
				{"appName": "LoL 상점", "usage": 0},
				{"appName": "Samsung Music", "usage": 0},
				{"appName": "T 안심", "usage": 0},
				{"appName": "CJ대한통운 택배", "usage": 0},
				{"appName": "전화", "usage": 0}
			]
		},
		"pickups": {"usage": 150},
		"downTime": {
			"usage": [
				{"hour": "0", "usage": 51},
				{"hour": "1", "usage": 37},
				{"hour": "2", "usage": 7},
				{"hour": "3", "usage": 10},
				{"hour": "4", "usage": 17},
				{"hour": "5", "usage": 56},
				{"hour": "6", "usage": 5},
				{"hour": "7", "usage": 0},
				{"hour": "8", "usage": 2},
				{"hour": "9", "usage": 6},
				{"hour": "10", "usage": 2},
				{"hour": "11", "usage": 3},
				{"hour": "12", "usage": 15},
				{"hour": "13", "usage": 29},
				{"hour": "15", "usage": 0},
				{"hour": "16", "usage": 0},
				{"hour": "17", "usage": 21},
				{"hour": "18", "usage": 9},
				{"hour": "21", "usage": 0},
				{"hour": "23", "usage": 0}
			],
			"details": [
				{"appName": "캐시슬라이드 스텝업", "usage": [0, 1, 2, 3, 5, 6, 7, 8, 9, 10, 11, 12, 13, 14, 15, 16, 17, 18, 19, 20, 21, 22, 23]},
				{"appName": "카카오톡", "usage": [0, 1, 2, 3, 5, 6, 7, 8, 9, 10, 12, 13, 16, 17, 18, 19, 20, 21, 22, 23]},
				{"appName": "One UI 홈", "usage": [0, 1, 2, 3, 5, 6, 8, 9, 10, 11, 12, 13, 14, 15, 16, 17, 18]},
				{"appName": "Paco", "usage": [0, 1, 3, 6, 9, 10, 11, 13]},
				{"appName": "설정", "usage": [0, 1, 3, 9, 12, 13]},
				{"appName": "OP.GG", "usage": [0, 2, 3, 5, 13]},
				{"appName": "LoL 프렌즈", "usage": [5, 6, 10, 13, 17]},
				{"appName": "Facebook", "usage": [0, 1, 3, 11, 12]},
				{"appName": "패키지 설치 프로그램", "usage": [1, 9, 13]},
				{"appName": "메시지", "usage": [0, 3, 5]},
				{"appName": "T전화", "usage": [0, 2, 3]},
				{"appName": "LoL 상점", "usage": [0, 5, 18]},
				{"appName": "Chrome", "usage": [0, 5, 18]},
				{"appName": "ABC Logger", "usage": [3, 5, 13]},
				{"appName": "토스", "usage": [0, 13]},
				{"appName": "접근성", "usage": [9, 13]},
				{"appName": "전화", "usage": [12, 13]},
				{"appName": "시계", "usage": [0, 17]},
				{"appName": "번개장터", "usage": [0, 17]},
				{"appName": "꼼꼼달력메모", "usage": [0, 5]},
				{"appName": "SNOW", "usage": [0, 1]},
				{"appName": "Logger", "usage": [9, 13]},
				{"appName": "KAIST Portal", "usage": [0, 5]},
				{"appName": "티몬", "usage": [2]},
				{"appName": "쿠팡", "usage": [0]},
				{"appName": "카카오뱅크", "usage": [0]},
				{"appName": "카메라", "usage": [1]},
				{"appName": "좋은 카메라", "usage": [1]},
				{"appName": "원터치개인", "usage": [13]},
				{"appName": "아이쉐어링", "usage": [13]},
				{"appName": "루딘프", "usage": [18]},
				{"appName": "롤도우미", "usage": [1]},
				{"appName": "갤러리", "usage": [1]},
				{"appName": "YouTube", "usage": [0]},
				{"appName": "T 안심", "usage": [19]},
				{"appName": "Samsung Pay", "usage": [5]},
				{"appName": "Samsung Music", "usage": [12]},
				{"appName": "Polar Beat", "usage": [13]},
				{"appName": "Microsoft Health", "usage": [13]},
				{"appName": "KLMS", "usage": [0]},
				{"appName": "Google Play 스토어", "usage": [1]},
				{"appName": "Google", "usage": [18]},
				{"appName": "Dropsync", "usage": [13]},
				{"appName": "CJ대한통운 택배", "usage": [13]}
			]
		},
		"maxTime": {
			"usage": 36,
			"details": [
				{"appName": "Facebook", "usage": 5},
				{"appName": "카카오톡", "usage": 4},
				{"appName": "YouTube", "usage": 2},
				{"appName": "Chrome", "usage": 1},
				{"appName": "OP.GG", "usage": 1},
				{"appName": "One UI 홈", "usage": 1},
				{"appName": "SNOW", "usage": 1},
				{"appName": "KLMS", "usage": 0},
				{"appName": "메시지", "usage": 0},
				{"appName": "카메라", "usage": 0},
				{"appName": "T전화", "usage": 0},
				{"appName": "KAIST Portal", "usage": 0},
				{"appName": "롤도우미", "usage": 0},
				{"appName": "Paco", "usage": 0},
				{"appName": "LoL 프렌즈", "usage": 0},
				{"appName": "꼼꼼달력메모", "usage": 0},
				{"appName": "갤러리", "usage": 0},
				{"appName": "카카오뱅크", "usage": 0},
				{"appName": "ABC Logger", "usage": 0},
				{"appName": "쿠팡", "usage": 0},
				{"appName": "설정", "usage": 0},
				{"appName": "좋은 카메라", "usage": 0},
				{"appName": "티몬", "usage": 0},
				{"appName": "토스", "usage": 0},
				{"appName": "Microsoft Health", "usage": 0},
				{"appName": "캐시슬라이드 스텝업", "usage": 0},
				{"appName": "루딘프", "usage": 0},
				{"appName": "시계", "usage": 0},
				{"appName": "번개장터", "usage": 0},
				{"appName": "Polar Beat", "usage": 0},
				{"appName": "Dropsync", "usage": 0},
				{"appName": "Google Play 스토어", "usage": 0},
				{"appName": "Samsung Pay", "usage": 0},
				{"appName": "Logger", "usage": 0},
				{"appName": "원터치개인", "usage": 0},
				{"appName": "접근성", "usage": 0},
				{"appName": "Google", "usage": 0},
				{"appName": "아이쉐어링", "usage": 0},
				{"appName": "패키지 설치 프로그램", "usage": 0},
				{"appName": "LoL 상점", "usage": 0},
				{"appName": "Samsung Music", "usage": 0},
				{"appName": "T 안심", "usage": 0},
				{"appName": "CJ대한통운 택배", "usage": 0},
				{"appName": "전화", "usage": 0}
			]
		},
		"avgTime": {
			"usage": 1,
			"details": [
				{"appName": "YouTube", "usage": 1},
				{"appName": "Facebook", "usage": 0},
				{"appName": "SNOW", "usage": 0},
				{"appName": "카메라", "usage": 0},
				{"appName": "KLMS", "usage": 0},
				{"appName": "Chrome", "usage": 0},
				{"appName": "T전화", "usage": 0},
				{"appName": "KAIST Portal", "usage": 0},
				{"appName": "꼼꼼달력메모", "usage": 0},
				{"appName": "메시지", "usage": 0},
				{"appName": "LoL 프렌즈", "usage": 0},
				{"appName": "갤러리", "usage": 0},
				{"appName": "쿠팡", "usage": 0},
				{"appName": "OP.GG", "usage": 0},
				{"appName": "Dropsync", "usage": 0},
				{"appName": "롤도우미", "usage": 0},
				{"appName": "토스", "usage": 0},
				{"appName": "카카오톡", "usage": 0},
				{"appName": "루딘프", "usage": 0},
				{"appName": "Microsoft Health", "usage": 0},
				{"appName": "Paco", "usage": 0},
				{"appName": "ABC Logger", "usage": 0},
				{"appName": "좋은 카메라", "usage": 0},
				{"appName": "티몬", "usage": 0},
				{"appName": "설정", "usage": 0},
				{"appName": "시계", "usage": 0},
				{"appName": "Samsung Pay", "usage": 0},
				{"appName": "번개장터", "usage": 0},
				{"appName": "Polar Beat", "usage": 0},
				{"appName": "One UI 홈", "usage": 0},
				{"appName": "카카오뱅크", "usage": 0},
				{"appName": "Logger", "usage": 0},
				{"appName": "접근성", "usage": 0},
				{"appName": "Google", "usage": 0},
				{"appName": "Google Play 스토어", "usage": 0},
				{"appName": "캐시슬라이드 스텝업", "usage": 0},
				{"appName": "원터치개인", "usage": 0},
				{"appName": "아이쉐어링", "usage": 0},
				{"appName": "패키지 설치 프로그램", "usage": 0},
				{"appName": "LoL 상점", "usage": 0},
				{"appName": "Samsung Music", "usage": 0},
				{"appName": "T 안심", "usage": 0},
				{"appName": "CJ대한통운 택배", "usage": 0},
				{"appName": "전화", "usage": 0}
			]
		},
		"lastPickup": {"time": 0}
	},
	{
		"date": 6,
		"totalTime": {
			"usage": 496,
			"details": [
				{"appName": "YouTube", "usage": 154},
				{"appName": "카카오톡", "usage": 136},
				{"appName": "네이버 웹툰", "usage": 100},
				{"appName": "Facebook", "usage": 24},
				{"appName": "Chrome", "usage": 17},
				{"appName": "OP.GG", "usage": 12},
				{"appName": "One UI 홈", "usage": 11},
				{"appName": "GGtics", "usage": 6},
				{"appName": "KAIST Portal", "usage": 5},
				{"appName": "Paco", "usage": 2},
				{"appName": "메시지", "usage": 2},
				{"appName": "시계", "usage": 1},
				{"appName": "티몬", "usage": 1},
				{"appName": "Excel", "usage": 0},
				{"appName": "CJ대한통운 택배", "usage": 0},
				{"appName": "Google Play 스토어", "usage": 0},
				{"appName": "갤러리", "usage": 0},
				{"appName": "카카오뱅크", "usage": 0},
				{"appName": "꼼꼼달력메모", "usage": 0},
				{"appName": "우먼스톡", "usage": 0},
				{"appName": "Polar Beat", "usage": 0},
				{"appName": "LoL 프렌즈", "usage": 0},
				{"appName": "접근성", "usage": 0},
				{"appName": "번개장터", "usage": 0},
				{"appName": "설정", "usage": 0},
				{"appName": "ABC Logger", "usage": 0},
				{"appName": "내 파일", "usage": 0},
				{"appName": "Dropsync", "usage": 0},
				{"appName": "위비톡", "usage": 0},
				{"appName": "Microsoft Health", "usage": 0},
				{"appName": "파인더", "usage": 0},
				{"appName": "빅스비 보이스", "usage": 0},
				{"appName": "Logger", "usage": 0},
				{"appName": "T 안심", "usage": 0},
				{"appName": "Google", "usage": 0},
				{"appName": "알집", "usage": 0},
				{"appName": "Puffin", "usage": 0},
				{"appName": "KLMS", "usage": 0},
				{"appName": "어드벤처", "usage": 0},
				{"appName": "LoL 상점", "usage": 0},
				{"appName": "캐시슬라이드 스텝업", "usage": 0},
				{"appName": "패키지 설치 프로그램", "usage": 0}
			]
		},
		"pickups": {"usage": 155},
		"downTime": {
			"usage": [
				{"hour": "0", "usage": 1},
				{"hour": "1", "usage": 7},
				{"hour": "2", "usage": 45},
				{"hour": "3", "usage": 53},
				{"hour": "4", "usage": 11},
				{"hour": "5", "usage": 14},
				{"hour": "6", "usage": 10},
				{"hour": "7", "usage": 34},
				{"hour": "8", "usage": 15},
				{"hour": "9", "usage": 5},
				{"hour": "10", "usage": 1},
				{"hour": "11", "usage": 0},
				{"hour": "12", "usage": 1},
				{"hour": "13", "usage": 2},
				{"hour": "14", "usage": 22},
				{"hour": "15", "usage": 49},
				{"hour": "16", "usage": 59},
				{"hour": "17", "usage": 60},
				{"hour": "18", "usage": 34},
				{"hour": "19", "usage": 18},
				{"hour": "20", "usage": 36},
				{"hour": "21", "usage": 8},
				{"hour": "23", "usage": 2}
			],
			"details": [
				{"appName": "카카오톡", "usage": [0, 1, 2, 3, 4, 5, 6, 7, 8, 9, 10, 11, 12, 13, 14, 15, 16, 17, 18, 19, 20]},
				{"appName": "One UI 홈", "usage": [1, 2, 3, 4, 5, 6, 7, 8, 9, 10, 11, 12, 13, 14, 15, 16, 17, 18, 19, 20]},
				{"appName": "캐시슬라이드 스텝업", "usage": [0, 1, 2, 3, 4, 5, 6, 7, 8, 9, 10, 11, 12, 13]},
				{"appName": "Chrome", "usage": [1, 2, 5, 6, 7, 9, 14, 15, 16, 17, 18, 19]},
				{"appName": "OP.GG", "usage": [2, 8, 9, 10, 11, 12, 13, 14, 17, 19]},
				{"appName": "YouTube", "usage": [2, 3, 4, 15, 16, 17, 18, 19]},
				{"appName": "KAIST Portal", "usage": [2, 3, 5, 6, 7, 15, 17, 18]},
				{"appName": "Facebook", "usage": [5, 7, 8, 9, 14, 15, 17, 18]},
				{"appName": "네이버 웹툰", "usage": [15, 16, 18, 19, 20, 21, 23]},
				{"appName": "Paco", "usage": [5, 6, 7, 9, 13]},
				{"appName": "메시지", "usage": [3, 6, 8, 9]},
				{"appName": "Polar Beat", "usage": [1, 7, 8, 13]},
				{"appName": "LoL 상점", "usage": [9, 14, 18, 19]},
				{"appName": "카카오뱅크", "usage": [7, 9, 15]},
				{"appName": "시계", "usage": [0, 19, 23]},
				{"appName": "LoL 프렌즈", "usage": [17, 18, 19]},
				{"appName": "Excel", "usage": [2, 6, 7]},
				{"appName": "패키지 설치 프로그램", "usage": [1, 14]},
				{"appName": "파인더", "usage": [7, 14]},
				{"appName": "티몬", "usage": [5, 7]},
				{"appName": "설정", "usage": [1, 7]},
				{"appName": "빅스비 보이스", "usage": [16, 17]},
				{"appName": "내 파일", "usage": [15, 17]},
				{"appName": "꼼꼼달력메모", "usage": [6, 17]},
				{"appName": "Puffin", "usage": [5, 6]},
				{"appName": "Logger", "usage": [1, 14]},
				{"appName": "Google Play 스토어", "usage": [1, 7]},
				{"appName": "GGtics", "usage": [14, 19]},
				{"appName": "CJ대한통운 택배", "usage": [7, 15]},
				{"appName": "접근성", "usage": [1]},
				{"appName": "위비톡", "usage": [0]},
				{"appName": "우먼스톡", "usage": [3]},
				{"appName": "어드벤처", "usage": [20]},
				{"appName": "알집", "usage": [2]},
				{"appName": "번개장터", "usage": [2]},
				{"appName": "갤러리", "usage": [8]},
				{"appName": "T 안심", "usage": [1]},
				{"appName": "Microsoft Health", "usage": [7]},
				{"appName": "KLMS", "usage": [17]},
				{"appName": "Google", "usage": [16]},
				{"appName": "Dropsync", "usage": [18]},
				{"appName": "ABC Logger", "usage": [14]}
			]
		},
		"maxTime": {
			"usage": 118,
			"details": [
				{"appName": "네이버 웹툰", "usage": 22},
				{"appName": "YouTube", "usage": 20},
				{"appName": "Chrome", "usage": 8},
				{"appName": "Facebook", "usage": 3},
				{"appName": "카카오톡", "usage": 2},
				{"appName": "GGtics", "usage": 1},
				{"appName": "KAIST Portal", "usage": 1},
				{"appName": "OP.GG", "usage": 1},
				{"appName": "메시지", "usage": 1},
				{"appName": "One UI 홈", "usage": 1},
				{"appName": "Paco", "usage": 0},
				{"appName": "시계", "usage": 0},
				{"appName": "티몬", "usage": 0},
				{"appName": "갤러리", "usage": 0},
				{"appName": "Google Play 스토어", "usage": 0},
				{"appName": "우먼스톡", "usage": 0},
				{"appName": "Excel", "usage": 0},
				{"appName": "접근성", "usage": 0},
				{"appName": "CJ대한통운 택배", "usage": 0},
				{"appName": "꼼꼼달력메모", "usage": 0},
				{"appName": "ABC Logger", "usage": 0},
				{"appName": "LoL 프렌즈", "usage": 0},
				{"appName": "번개장터", "usage": 0},
				{"appName": "카카오뱅크", "usage": 0},
				{"appName": "설정", "usage": 0},
				{"appName": "Dropsync", "usage": 0},
				{"appName": "Polar Beat", "usage": 0},
				{"appName": "위비톡", "usage": 0},
				{"appName": "내 파일", "usage": 0},
				{"appName": "Microsoft Health", "usage": 0},
				{"appName": "T 안심", "usage": 0},
				{"appName": "Google", "usage": 0},
				{"appName": "파인더", "usage": 0},
				{"appName": "빅스비 보이스", "usage": 0},
				{"appName": "Logger", "usage": 0},
				{"appName": "알집", "usage": 0},
				{"appName": "KLMS", "usage": 0},
				{"appName": "Puffin", "usage": 0},
				{"appName": "어드벤처", "usage": 0},
				{"appName": "LoL 상점", "usage": 0},
				{"appName": "패키지 설치 프로그램", "usage": 0},
				{"appName": "캐시슬라이드 스텝업", "usage": 0}
			]
		},
		"avgTime": {
			"usage": 3,
			"details": [
				{"appName": "YouTube", "usage": 3},
				{"appName": "네이버 웹툰", "usage": 1},
				{"appName": "GGtics", "usage": 1},
				{"appName": "갤러리", "usage": 0},
				{"appName": "Facebook", "usage": 0},
				{"appName": "Chrome", "usage": 0},
				{"appName": "접근성", "usage": 0},
				{"appName": "Excel", "usage": 0},
				{"appName": "메시지", "usage": 0},
				{"appName": "우먼스톡", "usage": 0},
				{"appName": "KAIST Portal", "usage": 0},
				{"appName": "OP.GG", "usage": 0},
				{"appName": "Paco", "usage": 0},
				{"appName": "꼼꼼달력메모", "usage": 0},
				{"appName": "티몬", "usage": 0},
				{"appName": "ABC Logger", "usage": 0},
				{"appName": "Dropsync", "usage": 0},
				{"appName": "카카오톡", "usage": 0},
				{"appName": "번개장터", "usage": 0},
				{"appName": "Google Play 스토어", "usage": 0},
				{"appName": "LoL 프렌즈", "usage": 0},
				{"appName": "CJ대한통운 택배", "usage": 0},
				{"appName": "내 파일", "usage": 0},
				{"appName": "시계", "usage": 0},
				{"appName": "설정", "usage": 0},
				{"appName": "위비톡", "usage": 0},
				{"appName": "One UI 홈", "usage": 0},
				{"appName": "Google", "usage": 0},
				{"appName": "Microsoft Health", "usage": 0},
				{"appName": "Polar Beat", "usage": 0},
				{"appName": "빅스비 보이스", "usage": 0},
				{"appName": "카카오뱅크", "usage": 0},
				{"appName": "T 안심", "usage": 0},
				{"appName": "파인더", "usage": 0},
				{"appName": "알집", "usage": 0},
				{"appName": "KLMS", "usage": 0},
				{"appName": "Logger", "usage": 0},
				{"appName": "Puffin", "usage": 0},
				{"appName": "어드벤처", "usage": 0},
				{"appName": "패키지 설치 프로그램", "usage": 0},
				{"appName": "LoL 상점", "usage": 0},
				{"appName": "캐시슬라이드 스텝업", "usage": 0}
			]
		},
		"lastPickup": {"time": 0}
	},
	{
		"date": 7,
		"totalTime": {
			"usage": 375,
			"details": [
				{"appName": "YouTube", "usage": 117},
				{"appName": "네이버 웹툰", "usage": 80},
				{"appName": "카카오톡", "usage": 75},
				{"appName": "Puffin", "usage": 36},
				{"appName": "Chrome", "usage": 22},
				{"appName": "One UI 홈", "usage": 11},
				{"appName": "Paco", "usage": 3},
				{"appName": "Facebook", "usage": 2},
				{"appName": "T전화", "usage": 1},
				{"appName": "OneDrive", "usage": 1},
				{"appName": "착한음악", "usage": 1},
				{"appName": "시계", "usage": 1},
				{"appName": "메시지", "usage": 1},
				{"appName": "설정", "usage": 0},
				{"appName": "갤러리", "usage": 0},
				{"appName": "LoL 프렌즈", "usage": 0},
				{"appName": "OP.GG", "usage": 0},
				{"appName": "", "usage": 0},
				{"appName": "사운드 선택기", "usage": 0},
				{"appName": "KAIST Portal", "usage": 0},
				{"appName": "Polar Beat", "usage": 0},
				{"appName": "Excel", "usage": 0},
				{"appName": "내 파일", "usage": 0},
				{"appName": "꼼꼼달력메모", "usage": 0},
				{"appName": "T world", "usage": 0},
				{"appName": "패키지 설치 프로그램", "usage": 0},
				{"appName": "안드로이드 시스템", "usage": 0},
				{"appName": "원스토어", "usage": 0},
				{"appName": "SNOW", "usage": 0},
				{"appName": "Logger", "usage": 0},
				{"appName": "Samsung Pay", "usage": 0},
				{"appName": "위비톡", "usage": 0},
				{"appName": "원터치알림", "usage": 0},
				{"appName": "빅스비 보이스", "usage": 0},
				{"appName": "Samsung Music", "usage": 0},
				{"appName": "Dropsync", "usage": 0},
				{"appName": "ABC Logger", "usage": 0},
				{"appName": "포토 에디터", "usage": 0},
				{"appName": "파인더", "usage": 0},
				{"appName": "접근성", "usage": 0},
				{"appName": "카메라", "usage": 0},
				{"appName": "CJ대한통운 택배", "usage": 0},
				{"appName": "원스토어 서비스", "usage": 0},
				{"appName": "파일", "usage": 0},
				{"appName": "T연락처", "usage": 0},
				{"appName": "Google", "usage": 0},
				{"appName": "빅스비 비전", "usage": 0},
				{"appName": "Google Play 게임", "usage": 0},
				{"appName": "Microsoft Health", "usage": 0},
				{"appName": "캐시슬라이드 스텝업", "usage": 0},
				{"appName": "LoL 상점", "usage": 0},
				{"appName": "Google Play 스토어", "usage": 0},
				{"appName": "T 안심", "usage": 0}
			]
		},
		"pickups": {"usage": 164},
		"downTime": {
			"usage": [
				{"hour": "0", "usage": 2},
				{"hour": "1", "usage": 51},
				{"hour": "2", "usage": 51},
				{"hour": "3", "usage": 60},
				{"hour": "4", "usage": 10},
				{"hour": "5", "usage": 17},
				{"hour": "6", "usage": 10},
				{"hour": "7", "usage": 8},
				{"hour": "8", "usage": 13},
				{"hour": "9", "usage": 17},
				{"hour": "10", "usage": 1},
				{"hour": "11", "usage": 1},
				{"hour": "12", "usage": 1},
				{"hour": "13", "usage": 1},
				{"hour": "14", "usage": 2},
				{"hour": "15", "usage": 41},
				{"hour": "16", "usage": 60},
				{"hour": "17", "usage": 20},
				{"hour": "23", "usage": 0}
			],
			"details": [
				{"appName": "카카오톡", "usage": [0, 1, 2, 3, 4, 5, 6, 7, 8, 9, 10, 11, 12, 13, 14, 15, 16, 17]},
				{"appName": "One UI 홈", "usage": [0, 1, 2, 3, 4, 5, 6, 7, 8, 9, 10, 11, 12, 13, 14, 15, 16, 17]},
				{"appName": "캐시슬라이드 스텝업", "usage": [10, 11, 12, 13, 14, 15, 16, 17, 18, 19, 20, 21, 22, 23]},
				{"appName": "네이버 웹툰", "usage": [0, 1, 2, 16, 17, 18, 19, 20, 21, 22, 23]},
				{"appName": "Paco", "usage": [1, 2, 3, 6, 8, 9, 11, 12, 13]},
				{"appName": "안드로이드 시스템", "usage": [1, 2, 3, 8, 11, 17]},
				{"appName": "YouTube", "usage": [2, 3, 4, 15, 16, 17]},
				{"appName": "Chrome", "usage": [2, 3, 5, 8, 14, 16]},
				{"appName": "Google", "usage": [3, 5, 6, 14, 16]},
				{"appName": "패키지 설치 프로그램", "usage": [1, 2, 3, 15]},
				{"appName": "시계", "usage": [0, 4, 5, 16]},
				{"appName": "빅스비 보이스", "usage": [3, 5, 14, 15]},
				{"appName": "Puffin", "usage": [2, 3, 4, 16]},
				{"appName": "설정", "usage": [1, 2, 16]},
				{"appName": "메시지", "usage": [7, 8, 15]},
				{"appName": "T전화", "usage": [7, 8, 15]},
				{"appName": "Polar Beat", "usage": [1, 8, 15]},
				{"appName": "LoL 상점", "usage": [2, 7, 14]},
				{"appName": "KAIST Portal", "usage": [2, 5, 8]},
				{"appName": "착한음악", "usage": [3, 5]},
				{"appName": "위비톡", "usage": [0, 4]},
				{"appName": "원터치알림", "usage": [6, 15]},
				{"appName": "Samsung Music", "usage": [1, 3]},
				{"appName": "SNOW", "usage": [8, 15]},
				{"appName": "OP.GG", "usage": [6, 13]},
				{"appName": "Logger", "usage": [1, 15]},
				{"appName": "LoL 프렌즈", "usage": [5, 6]},
				{"appName": "Facebook", "usage": [9, 11]},
				{"appName": "Dropsync", "usage": [5, 15]},
				{"appName": "CJ대한통운 택배", "usage": [3, 6]},
				{"appName": "포토 에디터", "usage": [8]},
				{"appName": "파일", "usage": [8]},
				{"appName": "파인더", "usage": [7]},
				{"appName": "카메라", "usage": [9]},
				{"appName": "접근성", "usage": [1]},
				{"appName": "원스토어 서비스", "usage": [3]},
				{"appName": "원스토어", "usage": [3]},
				{"appName": "사운드 선택기", "usage": [16]},
				{"appName": "빅스비 비전", "usage": [8]},
				{"appName": "내 파일", "usage": [2]},
				{"appName": "꼼꼼달력메모", "usage": [16]},
				{"appName": "갤러리", "usage": [8]},
				{"appName": "T연락처", "usage": [15]},
				{"appName": "T 안심", "usage": [19]},
				{"appName": "T world", "usage": [7]},
				{"appName": "Samsung Pay", "usage": [5]},
				{"appName": "OneDrive", "usage": [2]},
				{"appName": "Microsoft Health", "usage": [15]},
				{"appName": "Google Play 스토어", "usage": [10]},
				{"appName": "Google Play 게임", "usage": [17]},
				{"appName": "Excel", "usage": [5]},
				{"appName": "ABC Logger", "usage": [15]},
				{"appName": "", "usage": [3]}
			]
		},
		"maxTime": {
			"usage": 107,
			"details": [
				{"appName": "YouTube", "usage": 23},
				{"appName": "네이버 웹툰", "usage": 18},
				{"appName": "Puffin", "usage": 11},
				{"appName": "Chrome", "usage": 8},
				{"appName": "카카오톡", "usage": 1},
				{"appName": "메시지", "usage": 1},
				{"appName": "One UI 홈", "usage": 0},
				{"appName": "Facebook", "usage": 0},
				{"appName": "Paco", "usage": 0},
				{"appName": "OneDrive", "usage": 0},
				{"appName": "사운드 선택기", "usage": 0},
				{"appName": "착한음악", "usage": 0},
				{"appName": "T전화", "usage": 0},
				{"appName": "갤러리", "usage": 0},
				{"appName": "Excel", "usage": 0},
				{"appName": "내 파일", "usage": 0},
				{"appName": "LoL 프렌즈", "usage": 0},
				{"appName": "꼼꼼달력메모", "usage": 0},
				{"appName": "T world", "usage": 0},
				{"appName": "", "usage": 0},
				{"appName": "설정", "usage": 0},
				{"appName": "Samsung Pay", "usage": 0},
				{"appName": "SNOW", "usage": 0},
				{"appName": "시계", "usage": 0},
				{"appName": "Logger", "usage": 0},
				{"appName": "Polar Beat", "usage": 0},
				{"appName": "KAIST Portal", "usage": 0},
				{"appName": "원스토어", "usage": 0},
				{"appName": "OP.GG", "usage": 0},
				{"appName": "ABC Logger", "usage": 0},
				{"appName": "안드로이드 시스템", "usage": 0},
				{"appName": "포토 에디터", "usage": 0},
				{"appName": "파인더", "usage": 0},
				{"appName": "위비톡", "usage": 0},
				{"appName": "Dropsync", "usage": 0},
				{"appName": "원터치알림", "usage": 0},
				{"appName": "Samsung Music", "usage": 0},
				{"appName": "빅스비 보이스", "usage": 0},
				{"appName": "카메라", "usage": 0},
				{"appName": "CJ대한통운 택배", "usage": 0},
				{"appName": "원스토어 서비스", "usage": 0},
				{"appName": "파일", "usage": 0},
				{"appName": "T연락처", "usage": 0},
				{"appName": "패키지 설치 프로그램", "usage": 0},
				{"appName": "접근성", "usage": 0},
				{"appName": "Google Play 게임", "usage": 0},
				{"appName": "빅스비 비전", "usage": 0},
				{"appName": "Google", "usage": 0},
				{"appName": "Microsoft Health", "usage": 0},
				{"appName": "캐시슬라이드 스텝업", "usage": 0},
				{"appName": "LoL 상점", "usage": 0},
				{"appName": "T 안심", "usage": 0},
				{"appName": "Google Play 스토어", "usage": 0}
			]
		},
		"avgTime": {
			"usage": 2,
			"details": [
				{"appName": "Puffin", "usage": 4},
				{"appName": "YouTube", "usage": 4},
				{"appName": "네이버 웹툰", "usage": 1},
				{"appName": "Chrome", "usage": 0},
				{"appName": "사운드 선택기", "usage": 0},
				{"appName": "메시지", "usage": 0},
				{"appName": "Excel", "usage": 0},
				{"appName": "내 파일", "usage": 0},
				{"appName": "꼼꼼달력메모", "usage": 0},
				{"appName": "갤러리", "usage": 0},
				{"appName": "Samsung Pay", "usage": 0},
				{"appName": "착한음악", "usage": 0},
				{"appName": "LoL 프렌즈", "usage": 0},
				{"appName": "T world", "usage": 0},
				{"appName": "Facebook", "usage": 0},
				{"appName": "", "usage": 0},
				{"appName": "포토 에디터", "usage": 0},
				{"appName": "파인더", "usage": 0},
				{"appName": "T전화", "usage": 0},
				{"appName": "Paco", "usage": 0},
				{"appName": "설정", "usage": 0},
				{"appName": "OneDrive", "usage": 0},
				{"appName": "SNOW", "usage": 0},
				{"appName": "카카오톡", "usage": 0},
				{"appName": "ABC Logger", "usage": 0},
				{"appName": "카메라", "usage": 0},
				{"appName": "시계", "usage": 0},
				{"appName": "One UI 홈", "usage": 0},
				{"appName": "원스토어", "usage": 0},
				{"appName": "위비톡", "usage": 0},
				{"appName": "OP.GG", "usage": 0},
				{"appName": "Dropsync", "usage": 0},
				{"appName": "원스토어 서비스", "usage": 0},
				{"appName": "파일", "usage": 0},
				{"appName": "KAIST Portal", "usage": 0},
				{"appName": "T연락처", "usage": 0},
				{"appName": "Logger", "usage": 0},
				{"appName": "원터치알림", "usage": 0},
				{"appName": "안드로이드 시스템", "usage": 0},
				{"appName": "빅스비 보이스", "usage": 0},
				{"appName": "Polar Beat", "usage": 0},
				{"appName": "Samsung Music", "usage": 0},
				{"appName": "패키지 설치 프로그램", "usage": 0},
				{"appName": "Google Play 게임", "usage": 0},
				{"appName": "CJ대한통운 택배", "usage": 0},
				{"appName": "접근성", "usage": 0},
				{"appName": "빅스비 비전", "usage": 0},
				{"appName": "Microsoft Health", "usage": 0},
				{"appName": "Google", "usage": 0},
				{"appName": "LoL 상점", "usage": 0},
				{"appName": "캐시슬라이드 스텝업", "usage": 0},
				{"appName": "T 안심", "usage": 0},
				{"appName": "Google Play 스토어", "usage": 0}
			]
		},
		"lastPickup": {"time": 0}
	}
]
