[
	{
		"date": 1,
		"totalTime": {
			"usage": 305,
			"details": [
				{"appName": "YouTube", "usage": 108},
				{"appName": "루리웹", "usage": 72},
				{"appName": "Discord", "usage": 32},
				{"appName": "트위터", "usage": 19},
				{"appName": "카카오톡", "usage": 10},
				{"appName": "기본홈", "usage": 10},
				{"appName": "Paco", "usage": 6},
				{"appName": "EhViewer", "usage": 6},
				{"appName": "Polar Beat", "usage": 6},
				{"appName": "시스템 UI", "usage": 4},
				{"appName": "접근성", "usage": 3},
				{"appName": "카카오뱅크", "usage": 2},
				{"appName": "PostPay", "usage": 2},
				{"appName": "우체국 스마트뱅킹", "usage": 2},
				{"appName": "Logger", "usage": 1},
				{"appName": "캘린더", "usage": 1},
				{"appName": "Chrome", "usage": 0},
				{"appName": "튜브박스", "usage": 0},
				{"appName": "OP.GG", "usage": 0},
				{"appName": "알람/시계", "usage": 0},
				{"appName": "설정", "usage": 0},
				{"appName": "Wi-Fi", "usage": 0},
				{"appName": "Facebook", "usage": 0},
				{"appName": "메시지", "usage": 0},
				{"appName": "Dropsync", "usage": 0},
				{"appName": "카메라", "usage": 0},
				{"appName": "갤러리", "usage": 0},
				{"appName": "Intra", "usage": 0},
				{"appName": "밥대생", "usage": 0},
				{"appName": "패키지 설치 프로그램", "usage": 0},
				{"appName": "피키캐스트", "usage": 0},
				{"appName": "위메프", "usage": 0},
				{"appName": "NAVER", "usage": 0},
				{"appName": "11번가", "usage": 0},
				{"appName": "Google Play 스토어", "usage": 0}
			]
		},
		"pickups": {"usage": 136},
		"downTime": {
			"usage": [
				{"hour": "0", "usage": 10},
				{"hour": "1", "usage": 38},
				{"hour": "2", "usage": 51},
				{"hour": "3", "usage": 36},
				{"hour": "4", "usage": 26},
				{"hour": "5", "usage": 13},
				{"hour": "6", "usage": 3},
				{"hour": "7", "usage": 3},
				{"hour": "8", "usage": 1},
				{"hour": "9", "usage": 1},
				{"hour": "10", "usage": 23},
				{"hour": "11", "usage": 2},
				{"hour": "12", "usage": 1},
				{"hour": "13", "usage": 3},
				{"hour": "14", "usage": 2},
				{"hour": "15", "usage": 40},
				{"hour": "16", "usage": 44},
				{"hour": "21", "usage": 0},
				{"hour": "22", "usage": 0}
			],
			"details": [
				{"appName": "튜브박스", "usage": [0, 1, 2, 3, 4, 5, 6, 7, 8, 9, 10, 11, 12, 13, 14, 15, 16, 17, 18, 20, 21, 22, 23]},
				{"appName": "기본홈", "usage": [0, 1, 2, 3, 4, 5, 6, 7, 8, 9, 10, 11, 12, 13, 14, 15, 16, 17, 18, 20, 21, 22]},
				{"appName": "피키캐스트", "usage": [3, 4, 5, 6, 7, 8, 9, 10, 11, 12, 14, 16, 18, 20, 22]},
				{"appName": "Discord", "usage": [0, 1, 2, 4, 5, 6, 7, 9, 10, 11, 12, 13, 14, 15]},
				{"appName": "시스템 UI", "usage": [0, 1, 2, 3, 4, 5, 9, 10, 11, 12, 13, 15]},
				{"appName": "Paco", "usage": [1, 2, 3, 4, 5, 6, 7, 8, 9, 10, 11]},
				{"appName": "루리웹", "usage": [1, 2, 3, 4, 7, 8, 10, 13, 14, 15]},
				{"appName": "트위터", "usage": [0, 1, 2, 3, 4, 5, 10, 15]},
				{"appName": "Polar Beat", "usage": [0, 1, 2, 3, 5, 11]},
				{"appName": "접근성", "usage": [1, 4, 5, 6, 11]},
				{"appName": "YouTube", "usage": [2, 3, 4, 15, 16]},
				{"appName": "캘린더", "usage": [2, 4, 14, 15]},
				{"appName": "카카오톡", "usage": [0, 2, 3, 6]},
				{"appName": "카카오뱅크", "usage": [0, 3, 4, 10]},
				{"appName": "설정", "usage": [1, 4, 5, 6]},
				{"appName": "Chrome", "usage": [1, 2, 22, 23]},
				{"appName": "위메프", "usage": [16, 21, 22]},
				{"appName": "NAVER", "usage": [2, 9, 16]},
				{"appName": "Google Play 스토어", "usage": [16, 21, 22]},
				{"appName": "우체국 스마트뱅킹", "usage": [3, 10]},
				{"appName": "알람/시계", "usage": [0, 11]},
				{"appName": "Wi-Fi", "usage": [0, 1]},
				{"appName": "EhViewer", "usage": [0, 3]},
				{"appName": "11번가", "usage": [7, 22]},
				{"appName": "패키지 설치 프로그램", "usage": [5]},
				{"appName": "카메라", "usage": [10]},
				{"appName": "밥대생", "usage": [2]},
				{"appName": "메시지", "usage": [5]},
				{"appName": "갤러리", "usage": [6]},
				{"appName": "PostPay", "usage": [10]},
				{"appName": "OP.GG", "usage": [2]},
				{"appName": "Logger", "usage": [5]},
				{"appName": "Intra", "usage": [6]},
				{"appName": "Facebook", "usage": [2]},
				{"appName": "Dropsync", "usage": [5]}
			]
		},
		"maxTime": {
			"usage": 82,
			"details": [
				{"appName": "YouTube", "usage": 68},
				{"appName": "루리웹", "usage": 7},
				{"appName": "Discord", "usage": 3},
				{"appName": "EhViewer", "usage": 1},
				{"appName": "Polar Beat", "usage": 1},
				{"appName": "접근성", "usage": 1},
				{"appName": "카카오톡", "usage": 1},
				{"appName": "트위터", "usage": 0},
				{"appName": "Paco", "usage": 0},
				{"appName": "Chrome", "usage": 0},
				{"appName": "기본홈", "usage": 0},
				{"appName": "Logger", "usage": 0},
				{"appName": "우체국 스마트뱅킹", "usage": 0},
				{"appName": "PostPay", "usage": 0},
				{"appName": "캘린더", "usage": 0},
				{"appName": "카카오뱅크", "usage": 0},
				{"appName": "시스템 UI", "usage": 0},
				{"appName": "OP.GG", "usage": 0},
				{"appName": "알람/시계", "usage": 0},
				{"appName": "Wi-Fi", "usage": 0},
				{"appName": "Facebook", "usage": 0},
				{"appName": "설정", "usage": 0},
				{"appName": "메시지", "usage": 0},
				{"appName": "Dropsync", "usage": 0},
				{"appName": "카메라", "usage": 0},
				{"appName": "갤러리", "usage": 0},
				{"appName": "Intra", "usage": 0},
				{"appName": "튜브박스", "usage": 0},
				{"appName": "밥대생", "usage": 0},
				{"appName": "패키지 설치 프로그램", "usage": 0},
				{"appName": "피키캐스트", "usage": 0},
				{"appName": "위메프", "usage": 0},
				{"appName": "NAVER", "usage": 0},
				{"appName": "11번가", "usage": 0},
				{"appName": "Google Play 스토어", "usage": 0}
			]
		},
		"avgTime": {
			"usage": 2,
			"details": [
				{"appName": "YouTube", "usage": 6},
				{"appName": "루리웹", "usage": 0},
				{"appName": "EhViewer", "usage": 0},
				{"appName": "Discord", "usage": 0},
				{"appName": "접근성", "usage": 0},
				{"appName": "캘린더", "usage": 0},
				{"appName": "Polar Beat", "usage": 0},
				{"appName": "Logger", "usage": 0},
				{"appName": "Wi-Fi", "usage": 0},
				{"appName": "트위터", "usage": 0},
				{"appName": "Facebook", "usage": 0},
				{"appName": "PostPay", "usage": 0},
				{"appName": "Paco", "usage": 0},
				{"appName": "카카오톡", "usage": 0},
				{"appName": "메시지", "usage": 0},
				{"appName": "Chrome", "usage": 0},
				{"appName": "Dropsync", "usage": 0},
				{"appName": "설정", "usage": 0},
				{"appName": "카카오뱅크", "usage": 0},
				{"appName": "알람/시계", "usage": 0},
				{"appName": "OP.GG", "usage": 0},
				{"appName": "우체국 스마트뱅킹", "usage": 0},
				{"appName": "시스템 UI", "usage": 0},
				{"appName": "카메라", "usage": 0},
				{"appName": "갤러리", "usage": 0},
				{"appName": "Intra", "usage": 0},
				{"appName": "기본홈", "usage": 0},
				{"appName": "밥대생", "usage": 0},
				{"appName": "패키지 설치 프로그램", "usage": 0},
				{"appName": "튜브박스", "usage": 0},
				{"appName": "피키캐스트", "usage": 0},
				{"appName": "11번가", "usage": 0},
				{"appName": "위메프", "usage": 0},
				{"appName": "NAVER", "usage": 0},
				{"appName": "Google Play 스토어", "usage": 0}
			]
		},
		"lastPickup": {"time": 0}
	},
	{
		"date": 2,
		"totalTime": {
			"usage": 380,
			"details": [
				{"appName": "Chrome", "usage": 91},
				{"appName": "Discord", "usage": 77},
				{"appName": "YouTube", "usage": 74},
				{"appName": "루리웹", "usage": 61},
				{"appName": "트위터", "usage": 21},
				{"appName": "기본홈", "usage": 8},
				{"appName": "카카오톡", "usage": 6},
				{"appName": "Paco", "usage": 5},
				{"appName": "시스템 UI", "usage": 4},
				{"appName": "EhViewer", "usage": 3},
				{"appName": "한컴오피스 viewer", "usage": 2},
				{"appName": "접근성", "usage": 2},
				{"appName": "Wi-Fi", "usage": 1},
				{"appName": "배달요기요", "usage": 1},
				{"appName": "Q메모+", "usage": 0},
				{"appName": "Polar Beat", "usage": 0},
				{"appName": "알람/시계", "usage": 0},
				{"appName": "튜브박스", "usage": 0},
				{"appName": "메시지", "usage": 0},
				{"appName": "통화 화면", "usage": 0},
				{"appName": "KAIST Portal", "usage": 0},
				{"appName": "설정", "usage": 0},
				{"appName": "KLMS", "usage": 0},
				{"appName": "NAVER", "usage": 0},
				{"appName": "OTP", "usage": 0},
				{"appName": "음악", "usage": 0},
				{"appName": "카메라", "usage": 0},
				{"appName": "Google", "usage": 0},
				{"appName": "다음", "usage": 0},
				{"appName": "캘린더", "usage": 0},
				{"appName": "주소록", "usage": 0},
				{"appName": "LG 키보드", "usage": 0},
				{"appName": "Dropsync", "usage": 0},
				{"appName": "패키지 설치 프로그램", "usage": 0},
				{"appName": "피키캐스트", "usage": 0},
				{"appName": "위메프", "usage": 0},
				{"appName": "Booking.com", "usage": 0},
				{"appName": "Google Play 스토어", "usage": 0},
				{"appName": "11번가", "usage": 0},
				{"appName": "T 안심", "usage": 0}
			]
		},
		"pickups": {"usage": 136},
		"downTime": {
			"usage": [
				{"hour": "0", "usage": 1},
				{"hour": "1", "usage": 39},
				{"hour": "2", "usage": 2},
				{"hour": "3", "usage": 35},
				{"hour": "4", "usage": 28},
				{"hour": "5", "usage": 59},
				{"hour": "6", "usage": 53},
				{"hour": "7", "usage": 2},
				{"hour": "8", "usage": 2},
				{"hour": "9", "usage": 4},
				{"hour": "10", "usage": 28},
				{"hour": "11", "usage": 33},
				{"hour": "12", "usage": 10},
				{"hour": "13", "usage": 7},
				{"hour": "14", "usage": 0},
				{"hour": "15", "usage": 7},
				{"hour": "16", "usage": 17},
				{"hour": "17", "usage": 44}
			],
			"details": [
				{"appName": "튜브박스", "usage": [0, 1, 2, 3, 4, 5, 6, 7, 8, 9, 10, 11, 12, 13, 14, 15, 16, 17, 18, 19, 20, 21, 22]},
				{"appName": "기본홈", "usage": [0, 1, 2, 3, 4, 5, 6, 7, 8, 9, 10, 11, 12, 13, 14, 15, 16, 17, 18, 19, 21, 22]},
				{"appName": "피키캐스트", "usage": [2, 3, 7, 8, 9, 10, 11, 12, 13, 14, 15, 16, 18, 19, 21, 22]},
				{"appName": "Discord", "usage": [1, 3, 4, 5, 6, 7, 8, 9, 10, 11, 12, 13, 15]},
				{"appName": "시스템 UI", "usage": [1, 3, 4, 5, 6, 7, 10, 11, 12, 13, 16]},
				{"appName": "Paco", "usage": [1, 2, 3, 4, 5, 6, 8, 9, 10, 11, 12]},
				{"appName": "트위터", "usage": [1, 2, 3, 4, 7, 9, 11, 12, 15]},
				{"appName": "루리웹", "usage": [1, 3, 4, 6, 10, 11, 12, 15]},
				{"appName": "Chrome", "usage": [1, 2, 3, 5, 6, 10, 20, 21]},
				{"appName": "YouTube", "usage": [1, 3, 4, 5, 16, 17]},
				{"appName": "접근성", "usage": [1, 2, 7, 8, 13]},
				{"appName": "설정", "usage": [1, 2, 7, 8, 13]},
				{"appName": "Wi-Fi", "usage": [3, 4, 5, 8, 10]},
				{"appName": "NAVER", "usage": [3, 6, 7, 17, 18]},
				{"appName": "카카오톡", "usage": [4, 13, 14, 16]},
				{"appName": "음악", "usage": [3, 6, 10]},
				{"appName": "알람/시계", "usage": [0, 1, 15]},
				{"appName": "카메라", "usage": [2, 4]},
				{"appName": "위메프", "usage": [16, 21]},
				{"appName": "Polar Beat", "usage": [1, 12]},
				{"appName": "OTP", "usage": [1, 2]},
				{"appName": "KAIST Portal", "usage": [1, 10]},
				{"appName": "Google Play 스토어", "usage": [16, 21]},
				{"appName": "Google", "usage": [3, 13]},
				{"appName": "한컴오피스 viewer", "usage": [3]},
				{"appName": "패키지 설치 프로그램", "usage": [10]},
				{"appName": "통화 화면", "usage": [9]},
				{"appName": "캘린더", "usage": [11]},
				{"appName": "주소록", "usage": [1]},
				{"appName": "배달요기요", "usage": [10]},
				{"appName": "메시지", "usage": [4]},
				{"appName": "다음", "usage": [0]},
				{"appName": "T 안심", "usage": [19]},
				{"appName": "Q메모+", "usage": [11]},
				{"appName": "LG 키보드", "usage": [4]},
				{"appName": "KLMS", "usage": [3]},
				{"appName": "EhViewer", "usage": [1]},
				{"appName": "Dropsync", "usage": [3]},
				{"appName": "Booking.com", "usage": [6]},
				{"appName": "11번가", "usage": [13]}
			]
		},
		"maxTime": {
			"usage": 59,
			"details": [
				{"appName": "YouTube", "usage": 59},
				{"appName": "Chrome", "usage": 29},
				{"appName": "루리웹", "usage": 8},
				{"appName": "Discord", "usage": 5},
				{"appName": "한컴오피스 viewer", "usage": 1},
				{"appName": "EhViewer", "usage": 1},
				{"appName": "카카오톡", "usage": 1},
				{"appName": "트위터", "usage": 0},
				{"appName": "Wi-Fi", "usage": 0},
				{"appName": "접근성", "usage": 0},
				{"appName": "메시지", "usage": 0},
				{"appName": "Polar Beat", "usage": 0},
				{"appName": "Paco", "usage": 0},
				{"appName": "시스템 UI", "usage": 0},
				{"appName": "배달요기요", "usage": 0},
				{"appName": "기본홈", "usage": 0},
				{"appName": "NAVER", "usage": 0},
				{"appName": "Q메모+", "usage": 0},
				{"appName": "OTP", "usage": 0},
				{"appName": "통화 화면", "usage": 0},
				{"appName": "알람/시계", "usage": 0},
				{"appName": "카메라", "usage": 0},
				{"appName": "음악", "usage": 0},
				{"appName": "KAIST Portal", "usage": 0},
				{"appName": "KLMS", "usage": 0},
				{"appName": "설정", "usage": 0},
				{"appName": "Google", "usage": 0},
				{"appName": "다음", "usage": 0},
				{"appName": "주소록", "usage": 0},
				{"appName": "LG 키보드", "usage": 0},
				{"appName": "캘린더", "usage": 0},
				{"appName": "Dropsync", "usage": 0},
				{"appName": "튜브박스", "usage": 0},
				{"appName": "패키지 설치 프로그램", "usage": 0},
				{"appName": "피키캐스트", "usage": 0},
				{"appName": "Booking.com", "usage": 0},
				{"appName": "위메프", "usage": 0},
				{"appName": "11번가", "usage": 0},
				{"appName": "Google Play 스토어", "usage": 0},
				{"appName": "T 안심", "usage": 0}
			]
		},
		"avgTime": {
			"usage": 2,
			"details": [
				{"appName": "YouTube", "usage": 5},
				{"appName": "Chrome", "usage": 2},
				{"appName": "루리웹", "usage": 0},
				{"appName": "Discord", "usage": 0},
				{"appName": "EhViewer", "usage": 0},
				{"appName": "한컴오피스 viewer", "usage": 0},
				{"appName": "메시지", "usage": 0},
				{"appName": "접근성", "usage": 0},
				{"appName": "Wi-Fi", "usage": 0},
				{"appName": "통화 화면", "usage": 0},
				{"appName": "Q메모+", "usage": 0},
				{"appName": "Paco", "usage": 0},
				{"appName": "카카오톡", "usage": 0},
				{"appName": "배달요기요", "usage": 0},
				{"appName": "트위터", "usage": 0},
				{"appName": "OTP", "usage": 0},
				{"appName": "KLMS", "usage": 0},
				{"appName": "음악", "usage": 0},
				{"appName": "설정", "usage": 0},
				{"appName": "카메라", "usage": 0},
				{"appName": "Polar Beat", "usage": 0},
				{"appName": "KAIST Portal", "usage": 0},
				{"appName": "시스템 UI", "usage": 0},
				{"appName": "NAVER", "usage": 0},
				{"appName": "다음", "usage": 0},
				{"appName": "알람/시계", "usage": 0},
				{"appName": "Google", "usage": 0},
				{"appName": "LG 키보드", "usage": 0},
				{"appName": "Dropsync", "usage": 0},
				{"appName": "캘린더", "usage": 0},
				{"appName": "주소록", "usage": 0},
				{"appName": "기본홈", "usage": 0},
				{"appName": "패키지 설치 프로그램", "usage": 0},
				{"appName": "튜브박스", "usage": 0},
				{"appName": "Booking.com", "usage": 0},
				{"appName": "11번가", "usage": 0},
				{"appName": "피키캐스트", "usage": 0},
				{"appName": "위메프", "usage": 0},
				{"appName": "T 안심", "usage": 0},
				{"appName": "Google Play 스토어", "usage": 0}
			]
		},
		"lastPickup": {"time": 0}
	},
	{
		"date": 3,
		"totalTime": {
			"usage": 180,
			"details": [
				{"appName": "YouTube", "usage": 65},
				{"appName": "Chrome", "usage": 24},
				{"appName": "루리웹", "usage": 15},
				{"appName": "카카오톡", "usage": 15},
				{"appName": "트위터", "usage": 13},
				{"appName": "기본홈", "usage": 8},
				{"appName": "Paco", "usage": 7},
				{"appName": "Discord", "usage": 3},
				{"appName": "통화 화면", "usage": 2},
				{"appName": "Polar Beat", "usage": 2},
				{"appName": "접근성", "usage": 2},
				{"appName": "시스템 UI", "usage": 1},
				{"appName": "밥대생", "usage": 1},
				{"appName": "카카오뱅크", "usage": 1},
				{"appName": "PAYCO", "usage": 1},
				{"appName": "튜브박스", "usage": 0},
				{"appName": "OTP", "usage": 0},
				{"appName": "배달요기요", "usage": 0},
				{"appName": "알람/시계", "usage": 0},
				{"appName": "설정", "usage": 0},
				{"appName": "ABC Logger", "usage": 0},
				{"appName": "메시지", "usage": 0},
				{"appName": "캘린더", "usage": 0},
				{"appName": "주소록", "usage": 0},
				{"appName": "T 안심", "usage": 0},
				{"appName": "Microsoft Band", "usage": 0},
				{"appName": "갤러리", "usage": 0},
				{"appName": "Android 시스템", "usage": 0},
				{"appName": "피키캐스트", "usage": 0},
				{"appName": "통화 관리", "usage": 0},
				{"appName": "NAVER", "usage": 0},
				{"appName": "위메프", "usage": 0},
				{"appName": "Google Play 스토어", "usage": 0},
				{"appName": "11번가", "usage": 0}
			]
		},
		"pickups": {"usage": 147},
		"downTime": {
			"usage": [
				{"hour": "0", "usage": 2},
				{"hour": "1", "usage": 1},
				{"hour": "2", "usage": 8},
				{"hour": "3", "usage": 34},
				{"hour": "4", "usage": 1},
				{"hour": "5", "usage": 2},
				{"hour": "6", "usage": 2},
				{"hour": "7", "usage": 0},
				{"hour": "8", "usage": 28},
				{"hour": "9", "usage": 9},
				{"hour": "10", "usage": 11},
				{"hour": "11", "usage": 31},
				{"hour": "12", "usage": 5},
				{"hour": "13", "usage": 3},
				{"hour": "14", "usage": 9},
				{"hour": "15", "usage": 0},
				{"hour": "16", "usage": 0},
				{"hour": "17", "usage": 3},
				{"hour": "18", "usage": 2},
				{"hour": "19", "usage": 13},
				{"hour": "20", "usage": 7}
			],
			"details": [
				{"appName": "튜브박스", "usage": [0, 1, 2, 3, 4, 5, 6, 7, 8, 9, 10, 11, 12, 13, 14, 15, 16, 17, 18, 19, 20, 21, 23]},
				{"appName": "기본홈", "usage": [0, 1, 2, 3, 4, 5, 6, 7, 8, 9, 10, 11, 12, 13, 14, 15, 16, 17, 18, 19, 20, 21, 23]},
				{"appName": "피키캐스트", "usage": [0, 1, 2, 3, 4, 7, 8, 9, 10, 11, 12, 13, 15, 16, 17, 18, 19, 20, 21, 23]},
				{"appName": "Paco", "usage": [1, 2, 3, 4, 5, 6, 7, 8, 9, 10, 11, 12, 17, 18, 19]},
				{"appName": "카카오톡", "usage": [4, 5, 6, 8, 9, 12, 13, 14, 15, 16, 17, 18, 19]},
				{"appName": "시스템 UI", "usage": [0, 3, 8, 9, 11, 12, 17, 18, 19]},
				{"appName": "접근성", "usage": [0, 3, 5, 6, 12, 17, 19]},
				{"appName": "설정", "usage": [0, 3, 5, 6, 12, 17, 19]},
				{"appName": "Polar Beat", "usage": [0, 1, 3, 12, 17, 18, 19]},
				{"appName": "트위터", "usage": [1, 2, 3, 8, 9, 17]},
				{"appName": "YouTube", "usage": [3, 8, 10, 11, 19, 20]},
				{"appName": "Discord", "usage": [1, 3, 5, 8, 11, 12]},
				{"appName": "루리웹", "usage": [2, 3, 6, 8, 9]},
				{"appName": "Chrome", "usage": [3, 8, 14, 15, 18]},
				{"appName": "통화 화면", "usage": [4, 8, 9, 13]},
				{"appName": "NAVER", "usage": [0, 7, 11, 20]},
				{"appName": "위메프", "usage": [0, 16, 20]},
				{"appName": "Google Play 스토어", "usage": [0, 16, 20]},
				{"appName": "캘린더", "usage": [2, 8]},
				{"appName": "카카오뱅크", "usage": [3, 8]},
				{"appName": "메시지", "usage": [0, 9]},
				{"appName": "ABC Logger", "usage": [3, 4]},
				{"appName": "통화 관리", "usage": [8]},
				{"appName": "주소록", "usage": [8]},
				{"appName": "알람/시계", "usage": [0]},
				{"appName": "배달요기요", "usage": [8]},
				{"appName": "밥대생", "usage": [8]},
				{"appName": "갤러리", "usage": [11]},
				{"appName": "T 안심", "usage": [0]},
				{"appName": "PAYCO", "usage": [14]},
				{"appName": "OTP", "usage": [12]},
				{"appName": "Microsoft Band", "usage": [17]},
				{"appName": "Android 시스템", "usage": [8]},
				{"appName": "11번가", "usage": [19]}
			]
		},
		"maxTime": {
			"usage": 41,
			"details": [
				{"appName": "YouTube", "usage": 18},
				{"appName": "Chrome", "usage": 12},
				{"appName": "루리웹", "usage": 2},
				{"appName": "카카오톡", "usage": 2},
				{"appName": "Discord", "usage": 1},
				{"appName": "통화 화면", "usage": 1},
				{"appName": "트위터", "usage": 0},
				{"appName": "PAYCO", "usage": 0},
				{"appName": "OTP", "usage": 0},
				{"appName": "Polar Beat", "usage": 0},
				{"appName": "접근성", "usage": 0},
				{"appName": "기본홈", "usage": 0},
				{"appName": "시스템 UI", "usage": 0},
				{"appName": "밥대생", "usage": 0},
				{"appName": "Paco", "usage": 0},
				{"appName": "카카오뱅크", "usage": 0},
				{"appName": "알람/시계", "usage": 0},
				{"appName": "배달요기요", "usage": 0},
				{"appName": "튜브박스", "usage": 0},
				{"appName": "ABC Logger", "usage": 0},
				{"appName": "메시지", "usage": 0},
				{"appName": "설정", "usage": 0},
				{"appName": "캘린더", "usage": 0},
				{"appName": "주소록", "usage": 0},
				{"appName": "T 안심", "usage": 0},
				{"appName": "Microsoft Band", "usage": 0},
				{"appName": "갤러리", "usage": 0},
				{"appName": "Android 시스템", "usage": 0},
				{"appName": "통화 관리", "usage": 0},
				{"appName": "피키캐스트", "usage": 0},
				{"appName": "Google Play 스토어", "usage": 0},
				{"appName": "NAVER", "usage": 0},
				{"appName": "위메프", "usage": 0},
				{"appName": "11번가", "usage": 0}
			]
		},
		"avgTime": {
			"usage": 1,
			"details": [
				{"appName": "YouTube", "usage": 3},
				{"appName": "Chrome", "usage": 1},
				{"appName": "루리웹", "usage": 0},
				{"appName": "통화 화면", "usage": 0},
				{"appName": "Discord", "usage": 0},
				{"appName": "OTP", "usage": 0},
				{"appName": "접근성", "usage": 0},
				{"appName": "트위터", "usage": 0},
				{"appName": "카카오톡", "usage": 0},
				{"appName": "Polar Beat", "usage": 0},
				{"appName": "밥대생", "usage": 0},
				{"appName": "배달요기요", "usage": 0},
				{"appName": "카카오뱅크", "usage": 0},
				{"appName": "PAYCO", "usage": 0},
				{"appName": "Paco", "usage": 0},
				{"appName": "캘린더", "usage": 0},
				{"appName": "알람/시계", "usage": 0},
				{"appName": "시스템 UI", "usage": 0},
				{"appName": "주소록", "usage": 0},
				{"appName": "T 안심", "usage": 0},
				{"appName": "메시지", "usage": 0},
				{"appName": "설정", "usage": 0},
				{"appName": "ABC Logger", "usage": 0},
				{"appName": "Microsoft Band", "usage": 0},
				{"appName": "갤러리", "usage": 0},
				{"appName": "기본홈", "usage": 0},
				{"appName": "Android 시스템", "usage": 0},
				{"appName": "튜브박스", "usage": 0},
				{"appName": "통화 관리", "usage": 0},
				{"appName": "Google Play 스토어", "usage": 0},
				{"appName": "피키캐스트", "usage": 0},
				{"appName": "11번가", "usage": 0},
				{"appName": "NAVER", "usage": 0},
				{"appName": "위메프", "usage": 0}
			]
		},
		"lastPickup": {"time": 0}
	},
	{
		"date": 4,
		"totalTime": {
			"usage": 111,
			"details": [
				{"appName": "루리웹", "usage": 38},
				{"appName": "YouTube", "usage": 30},
				{"appName": "트위터", "usage": 11},
				{"appName": "Discord", "usage": 6},
				{"appName": "EhViewer", "usage": 5},
				{"appName": "기본홈", "usage": 4},
				{"appName": "Paco", "usage": 3},
				{"appName": "접근성", "usage": 1},
				{"appName": "Chrome", "usage": 1},
				{"appName": "설정", "usage": 0},
				{"appName": "카카오톡", "usage": 0},
				{"appName": "시스템 UI", "usage": 0},
				{"appName": "Polar Beat", "usage": 0},
				{"appName": "Dropsync", "usage": 0},
				{"appName": "Wi-Fi", "usage": 0},
				{"appName": "Google", "usage": 0},
				{"appName": "피키캐스트", "usage": 0},
				{"appName": "위메프", "usage": 0},
				{"appName": "NAVER", "usage": 0},
				{"appName": "11번가", "usage": 0},
				{"appName": "Google Play 스토어", "usage": 0},
				{"appName": "T 안심", "usage": 0}
			]
		},
		"pickups": {"usage": 91},
		"downTime": {
			"usage": [
				{"hour": "1", "usage": 0},
				{"hour": "2", "usage": 21},
				{"hour": "3", "usage": 0},
				{"hour": "4", "usage": 7},
				{"hour": "5", "usage": 1},
				{"hour": "6", "usage": 8},
				{"hour": "7", "usage": 1},
				{"hour": "8", "usage": 1},
				{"hour": "9", "usage": 17},
				{"hour": "10", "usage": 0},
				{"hour": "11", "usage": 2},
				{"hour": "12", "usage": 1},
				{"hour": "13", "usage": 8},
				{"hour": "14", "usage": 1},
				{"hour": "15", "usage": 36},
				{"hour": "20", "usage": 0},
				{"hour": "23", "usage": 0}
			],
			"details": [
				{"appName": "기본홈", "usage": [1, 2, 3, 4, 5, 6, 7, 8, 9, 10, 11, 12, 14, 15, 16, 17, 19, 21, 23]},
				{"appName": "피키캐스트", "usage": [1, 2, 3, 5, 7, 8, 9, 10, 11, 12, 14, 16, 17, 19, 21, 23]},
				{"appName": "루리웹", "usage": [2, 4, 6, 7, 9, 12, 13, 15]},
				{"appName": "Paco", "usage": [2, 3, 4, 5, 7, 8, 9, 11]},
				{"appName": "트위터", "usage": [2, 4, 5, 6, 9, 15]},
				{"appName": "Discord", "usage": [2, 4, 9, 12, 14, 15]},
				{"appName": "Chrome", "usage": [2, 11, 17, 19, 23]},
				{"appName": "접근성", "usage": [2, 8, 9, 11]},
				{"appName": "시스템 UI", "usage": [2, 4, 11, 15]},
				{"appName": "설정", "usage": [2, 8, 9, 11]},
				{"appName": "카카오톡", "usage": [2, 4]},
				{"appName": "위메프", "usage": [1, 23]},
				{"appName": "Wi-Fi", "usage": [2, 8]},
				{"appName": "Polar Beat", "usage": [2, 11]},
				{"appName": "Google Play 스토어", "usage": [1, 23]},
				{"appName": "11번가", "usage": [14, 21]},
				{"appName": "YouTube", "usage": [15]},
				{"appName": "T 안심", "usage": [19]},
				{"appName": "NAVER", "usage": [8]},
				{"appName": "Google", "usage": [3]},
				{"appName": "EhViewer", "usage": [2]},
				{"appName": "Dropsync", "usage": [8]}
			]
		},
		"maxTime": {
			"usage": 24,
			"details": [
				{"appName": "YouTube", "usage": 24},
				{"appName": "루리웹", "usage": 5},
				{"appName": "EhViewer", "usage": 1},
				{"appName": "Discord", "usage": 1},
				{"appName": "접근성", "usage": 1},
				{"appName": "트위터", "usage": 0},
				{"appName": "기본홈", "usage": 0},
				{"appName": "설정", "usage": 0},
				{"appName": "Paco", "usage": 0},
				{"appName": "Chrome", "usage": 0},
				{"appName": "카카오톡", "usage": 0},
				{"appName": "Wi-Fi", "usage": 0},
				{"appName": "시스템 UI", "usage": 0},
				{"appName": "Polar Beat", "usage": 0},
				{"appName": "Dropsync", "usage": 0},
				{"appName": "Google", "usage": 0},
				{"appName": "피키캐스트", "usage": 0},
				{"appName": "NAVER", "usage": 0},
				{"appName": "위메프", "usage": 0},
				{"appName": "11번가", "usage": 0},
				{"appName": "Google Play 스토어", "usage": 0},
				{"appName": "T 안심", "usage": 0}
			]
		},
		"avgTime": {
			"usage": 1,
			"details": [
				{"appName": "YouTube", "usage": 7},
				{"appName": "EhViewer", "usage": 0},
				{"appName": "루리웹", "usage": 0},
				{"appName": "Discord", "usage": 0},
				{"appName": "접근성", "usage": 0},
				{"appName": "설정", "usage": 0},
				{"appName": "트위터", "usage": 0},
				{"appName": "Paco", "usage": 0},
				{"appName": "Chrome", "usage": 0},
				{"appName": "카카오톡", "usage": 0},
				{"appName": "시스템 UI", "usage": 0},
				{"appName": "Wi-Fi", "usage": 0},
				{"appName": "Dropsync", "usage": 0},
				{"appName": "Polar Beat", "usage": 0},
				{"appName": "Google", "usage": 0},
				{"appName": "기본홈", "usage": 0},
				{"appName": "피키캐스트", "usage": 0},
				{"appName": "NAVER", "usage": 0},
				{"appName": "11번가", "usage": 0},
				{"appName": "위메프", "usage": 0},
				{"appName": "T 안심", "usage": 0},
				{"appName": "Google Play 스토어", "usage": 0}
			]
		},
		"lastPickup": {"time": 0}
	},
	{
		"date": 5,
		"totalTime": {
			"usage": 476,
			"details": [
				{"appName": "루리웹", "usage": 134},
				{"appName": "Discord", "usage": 129},
				{"appName": "YouTube", "usage": 68},
				{"appName": "Chrome", "usage": 67},
				{"appName": "트위터", "usage": 18},
				{"appName": "시스템 UI", "usage": 15},
				{"appName": "기본홈", "usage": 7},
				{"appName": "카카오톡", "usage": 5},
				{"appName": "Paco", "usage": 4},
				{"appName": "EhViewer", "usage": 3},
				{"appName": "다음", "usage": 3},
				{"appName": "Facebook", "usage": 2},
				{"appName": "접근성", "usage": 1},
				{"appName": "Polar Beat", "usage": 0},
				{"appName": "KAIST Portal", "usage": 0},
				{"appName": "설정", "usage": 0},
				{"appName": "NAVER", "usage": 0},
				{"appName": "통화 화면", "usage": 0},
				{"appName": "알람/시계", "usage": 0},
				{"appName": "Google", "usage": 0},
				{"appName": "음악", "usage": 0},
				{"appName": "카카오뱅크", "usage": 0},
				{"appName": "주소록", "usage": 0},
				{"appName": "ABC Logger", "usage": 0},
				{"appName": "캘린더", "usage": 0},
				{"appName": "T 안심", "usage": 0},
				{"appName": "LG 키보드", "usage": 0},
				{"appName": "피키캐스트", "usage": 0},
				{"appName": "통화 관리", "usage": 0},
				{"appName": "위메프", "usage": 0},
				{"appName": "11번가", "usage": 0},
				{"appName": "Google Play 스토어", "usage": 0}
			]
		},
		"pickups": {"usage": 91},
		"downTime": {
			"usage": [
				{"hour": "0", "usage": 17},
				{"hour": "1", "usage": 56},
				{"hour": "2", "usage": 59},
				{"hour": "3", "usage": 29},
				{"hour": "4", "usage": 59},
				{"hour": "5", "usage": 56},
				{"hour": "6", "usage": 59},
				{"hour": "7", "usage": 18},
				{"hour": "8", "usage": 37},
				{"hour": "9", "usage": 0},
				{"hour": "10", "usage": 8},
				{"hour": "11", "usage": 3},
				{"hour": "12", "usage": 0},
				{"hour": "13", "usage": 1},
				{"hour": "14", "usage": 1},
				{"hour": "15", "usage": 0},
				{"hour": "16", "usage": 58},
				{"hour": "17", "usage": 8}
			],
			"details": [
				{"appName": "기본홈", "usage": [0, 1, 2, 3, 4, 5, 6, 7, 8, 9, 10, 11, 12, 13, 14, 15, 16, 18, 20, 21, 23]},
				{"appName": "Chrome", "usage": [0, 1, 2, 4, 5, 6, 7, 8, 10, 11, 16, 20, 21, 23]},
				{"appName": "피키캐스트", "usage": [3, 7, 8, 9, 10, 11, 12, 13, 15, 18, 20, 21, 23]},
				{"appName": "Discord", "usage": [1, 2, 3, 4, 5, 6, 7, 8, 9, 10, 14]},
				{"appName": "시스템 UI", "usage": [0, 1, 2, 3, 4, 5, 6, 7, 8, 16]},
				{"appName": "Paco", "usage": [1, 2, 3, 4, 5, 6, 7, 8, 11, 12]},
				{"appName": "트위터", "usage": [0, 1, 2, 3, 4, 5, 6, 7, 16]},
				{"appName": "루리웹", "usage": [0, 2, 3, 4, 5, 7, 8, 13]},
				{"appName": "접근성", "usage": [1, 3, 6, 8, 12]},
				{"appName": "설정", "usage": [1, 3, 6, 8, 12]},
				{"appName": "YouTube", "usage": [1, 11, 16, 17]},
				{"appName": "카카오톡", "usage": [2, 3, 4]},
				{"appName": "음악", "usage": [1, 2, 3]},
				{"appName": "Polar Beat", "usage": [1, 8, 12]},
				{"appName": "NAVER", "usage": [1, 7]},
				{"appName": "KAIST Portal", "usage": [1, 16]},
				{"appName": "Google Play 스토어", "usage": [20, 23]},
				{"appName": "ABC Logger", "usage": [1, 8]},
				{"appName": "11번가", "usage": [7, 21]},
				{"appName": "통화 화면", "usage": [8]},
				{"appName": "통화 관리", "usage": [8]},
				{"appName": "캘린더", "usage": [2]},
				{"appName": "카카오뱅크", "usage": [4]},
				{"appName": "주소록", "usage": [8]},
				{"appName": "위메프", "usage": [23]},
				{"appName": "알람/시계", "usage": [0]},
				{"appName": "다음", "usage": [5]},
				{"appName": "T 안심", "usage": [0]},
				{"appName": "LG 키보드", "usage": [3]},
				{"appName": "Google", "usage": [2]},
				{"appName": "Facebook", "usage": [4]},
				{"appName": "EhViewer", "usage": [0]}
			]
		},
		"maxTime": {
			"usage": 65,
			"details": [
				{"appName": "YouTube", "usage": 36},
				{"appName": "Chrome", "usage": 17},
				{"appName": "루리웹", "usage": 14},
				{"appName": "시스템 UI", "usage": 11},
				{"appName": "Discord", "usage": 9},
				{"appName": "다음", "usage": 3},
				{"appName": "카카오톡", "usage": 1},
				{"appName": "EhViewer", "usage": 1},
				{"appName": "Facebook", "usage": 1},
				{"appName": "트위터", "usage": 0},
				{"appName": "접근성", "usage": 0},
				{"appName": "기본홈", "usage": 0},
				{"appName": "통화 화면", "usage": 0},
				{"appName": "KAIST Portal", "usage": 0},
				{"appName": "알람/시계", "usage": 0},
				{"appName": "Google", "usage": 0},
				{"appName": "Paco", "usage": 0},
				{"appName": "NAVER", "usage": 0},
				{"appName": "음악", "usage": 0},
				{"appName": "Polar Beat", "usage": 0},
				{"appName": "캘린더", "usage": 0},
				{"appName": "ABC Logger", "usage": 0},
				{"appName": "주소록", "usage": 0},
				{"appName": "카카오뱅크", "usage": 0},
				{"appName": "설정", "usage": 0},
				{"appName": "T 안심", "usage": 0},
				{"appName": "LG 키보드", "usage": 0},
				{"appName": "통화 관리", "usage": 0},
				{"appName": "피키캐스트", "usage": 0},
				{"appName": "위메프", "usage": 0},
				{"appName": "11번가", "usage": 0},
				{"appName": "Google Play 스토어", "usage": 0}
			]
		},
		"avgTime": {
			"usage": 5,
			"details": [
				{"appName": "YouTube", "usage": 7},
				{"appName": "다음", "usage": 1},
				{"appName": "루리웹", "usage": 1},
				{"appName": "Discord", "usage": 1},
				{"appName": "Chrome", "usage": 1},
				{"appName": "Facebook", "usage": 0},
				{"appName": "통화 화면", "usage": 0},
				{"appName": "EhViewer", "usage": 0},
				{"appName": "KAIST Portal", "usage": 0},
				{"appName": "알람/시계", "usage": 0},
				{"appName": "Google", "usage": 0},
				{"appName": "캘린더", "usage": 0},
				{"appName": "접근성", "usage": 0},
				{"appName": "카카오톡", "usage": 0},
				{"appName": "트위터", "usage": 0},
				{"appName": "시스템 UI", "usage": 0},
				{"appName": "음악", "usage": 0},
				{"appName": "T 안심", "usage": 0},
				{"appName": "NAVER", "usage": 0},
				{"appName": "Paco", "usage": 0},
				{"appName": "주소록", "usage": 0},
				{"appName": "ABC Logger", "usage": 0},
				{"appName": "설정", "usage": 0},
				{"appName": "Polar Beat", "usage": 0},
				{"appName": "카카오뱅크", "usage": 0},
				{"appName": "LG 키보드", "usage": 0},
				{"appName": "기본홈", "usage": 0},
				{"appName": "통화 관리", "usage": 0},
				{"appName": "피키캐스트", "usage": 0},
				{"appName": "위메프", "usage": 0},
				{"appName": "Google Play 스토어", "usage": 0},
				{"appName": "11번가", "usage": 0}
			]
		},
		"lastPickup": {"time": 65}
	},
	{
		"date": 6,
		"totalTime": {
			"usage": 186,
			"details": [
				{"appName": "YouTube", "usage": 46},
				{"appName": "Chrome", "usage": 38},
				{"appName": "Discord", "usage": 32},
				{"appName": "루리웹", "usage": 25},
				{"appName": "Microsoft Band", "usage": 9},
				{"appName": "기본홈", "usage": 5},
				{"appName": "Paco", "usage": 4},
				{"appName": "접근성", "usage": 3},
				{"appName": "트위터", "usage": 2},
				{"appName": "통화 화면", "usage": 2},
				{"appName": "삼성 인터넷", "usage": 1},
				{"appName": "Polar Beat", "usage": 1},
				{"appName": "설정", "usage": 1},
				{"appName": "카카오뱅크", "usage": 1},
				{"appName": "알람/시계", "usage": 0},
				{"appName": "시스템 UI", "usage": 0},
				{"appName": "메시지", "usage": 0},
				{"appName": "HTV 3.4.6", "usage": 0},
				{"appName": "캘린더", "usage": 0},
				{"appName": "NAVER", "usage": 0},
				{"appName": "EhViewer", "usage": 0},
				{"appName": "KM플레이어 Pro", "usage": 0},
				{"appName": "Facebook", "usage": 0},
				{"appName": "갤러리", "usage": 0},
				{"appName": "Logger", "usage": 0},
				{"appName": "Bluetooth", "usage": 0},
				{"appName": "ABC Logger", "usage": 0},
				{"appName": "Dropsync", "usage": 0},
				{"appName": "Intra", "usage": 0},
				{"appName": "Shutdown Monitor", "usage": 0},
				{"appName": "피키캐스트", "usage": 0},
				{"appName": "패키지 설치 프로그램", "usage": 0},
				{"appName": "T 안심", "usage": 0},
				{"appName": "11번가", "usage": 0},
				{"appName": "iSafe", "usage": -1418}
			]
		},
		"pickups": {"usage": 110},
		"downTime": {
			"usage": [
				{"hour": "0", "usage": 1},
				{"hour": "1", "usage": 29},
				{"hour": "2", "usage": 29},
				{"hour": "3", "usage": 11},
				{"hour": "4", "usage": 2},
				{"hour": "5", "usage": 4},
				{"hour": "6", "usage": 2},
				{"hour": "7", "usage": 2},
				{"hour": "8", "usage": 4},
				{"hour": "9", "usage": 4},
				{"hour": "10", "usage": 25},
				{"hour": "11", "usage": 24},
				{"hour": "12", "usage": 2},
				{"hour": "14", "usage": 0},
				{"hour": "15", "usage": 0},
				{"hour": "16", "usage": 39}
			],
			"details": [
				{"appName": "기본홈", "usage": [0, 1, 2, 3, 4, 5, 6, 7, 8, 9, 10, 11, 12, 14, 15, 16, 17, 18, 19, 21, 23]},
				{"appName": "피키캐스트", "usage": [2, 3, 4, 5, 7, 8, 9, 11, 14, 15, 16, 17, 18, 19, 21, 23]},
				{"appName": "Paco", "usage": [2, 3, 4, 5, 6, 7, 8, 9, 10, 11, 12]},
				{"appName": "Discord", "usage": [1, 2, 3, 4, 5, 6, 8, 9, 11, 15, 16]},
				{"appName": "Chrome", "usage": [1, 2, 5, 10, 11, 14, 21, 23]},
				{"appName": "루리웹", "usage": [1, 2, 3, 5, 9, 11, 12]},
				{"appName": "접근성", "usage": [1, 2, 6, 7, 12, 14]},
				{"appName": "시스템 UI", "usage": [1, 2, 5, 9, 10, 11]},
				{"appName": "설정", "usage": [1, 2, 6, 7, 12, 14]},
				{"appName": "Polar Beat", "usage": [1, 2, 11, 12]},
				{"appName": "트위터", "usage": [1, 3, 8]},
				{"appName": "카카오뱅크", "usage": [8, 10, 11]},
				{"appName": "알람/시계", "usage": [0, 1, 7]},
				{"appName": "통화 화면", "usage": [8, 10]},
				{"appName": "메시지", "usage": [6, 7]},
				{"appName": "YouTube", "usage": [1, 16]},
				{"appName": "NAVER", "usage": [2, 9]},
				{"appName": "Microsoft Band", "usage": [1, 2]},
				{"appName": "Bluetooth", "usage": [1, 2]},
				{"appName": "패키지 설치 프로그램", "usage": [1]},
				{"appName": "캘린더", "usage": [7]},
				{"appName": "삼성 인터넷", "usage": [1]},
				{"appName": "갤러리", "usage": [11]},
				{"appName": "iSafe", "usage": [1]},
				{"appName": "T 안심", "usage": [19]},
				{"appName": "Shutdown Monitor", "usage": [2]},
				{"appName": "Logger", "usage": [1]},
				{"appName": "KM플레이어 Pro", "usage": [1]},
				{"appName": "Intra", "usage": [1]},
				{"appName": "HTV 3.4.6", "usage": [1]},
				{"appName": "Facebook", "usage": [9]},
				{"appName": "EhViewer", "usage": [1]},
				{"appName": "Dropsync", "usage": [1]},
				{"appName": "ABC Logger", "usage": [2]},
				{"appName": "11번가", "usage": [23]}
			]
		},
		"maxTime": {
			"usage": 38,
			"details": [
				{"appName": "YouTube", "usage": 37},
				{"appName": "Chrome", "usage": 19},
				{"appName": "루리웹", "usage": 12},
				{"appName": "Discord", "usage": 5},
				{"appName": "통화 화면", "usage": 1},
				{"appName": "삼성 인터넷", "usage": 1},
				{"appName": "iSafe", "usage": 1},
				{"appName": "접근성", "usage": 1},
				{"appName": "Microsoft Band", "usage": 1},
				{"appName": "설정", "usage": 0},
				{"appName": "카카오뱅크", "usage": 0},
				{"appName": "Polar Beat", "usage": 0},
				{"appName": "트위터", "usage": 0},
				{"appName": "Paco", "usage": 0},
				{"appName": "HTV 3.4.6", "usage": 0},
				{"appName": "기본홈", "usage": 0},
				{"appName": "EhViewer", "usage": 0},
				{"appName": "메시지", "usage": 0},
				{"appName": "알람/시계", "usage": 0},
				{"appName": "Facebook", "usage": 0},
				{"appName": "NAVER", "usage": 0},
				{"appName": "갤러리", "usage": 0},
				{"appName": "캘린더", "usage": 0},
				{"appName": "시스템 UI", "usage": 0},
				{"appName": "KM플레이어 Pro", "usage": 0},
				{"appName": "Logger", "usage": 0},
				{"appName": "ABC Logger", "usage": 0},
				{"appName": "Dropsync", "usage": 0},
				{"appName": "Bluetooth", "usage": 0},
				{"appName": "Intra", "usage": 0},
				{"appName": "Shutdown Monitor", "usage": 0},
				{"appName": "패키지 설치 프로그램", "usage": 0},
				{"appName": "피키캐스트", "usage": 0},
				{"appName": "T 안심", "usage": 0},
				{"appName": "11번가", "usage": 0}
			]
		},
		"avgTime": {
			"usage": 1,
			"details": [
				{"appName": "YouTube", "usage": 6},
				{"appName": "루리웹", "usage": 1},
				{"appName": "Chrome", "usage": 1},
				{"appName": "Discord", "usage": 0},
				{"appName": "삼성 인터넷", "usage": 0},
				{"appName": "통화 화면", "usage": 0},
				{"appName": "Microsoft Band", "usage": 0},
				{"appName": "HTV 3.4.6", "usage": 0},
				{"appName": "EhViewer", "usage": 0},
				{"appName": "접근성", "usage": 0},
				{"appName": "Facebook", "usage": 0},
				{"appName": "갤러리", "usage": 0},
				{"appName": "트위터", "usage": 0},
				{"appName": "KM플레이어 Pro", "usage": 0},
				{"appName": "메시지", "usage": 0},
				{"appName": "Dropsync", "usage": 0},
				{"appName": "알람/시계", "usage": 0},
				{"appName": "Paco", "usage": 0},
				{"appName": "Polar Beat", "usage": 0},
				{"appName": "캘린더", "usage": 0},
				{"appName": "설정", "usage": 0},
				{"appName": "Logger", "usage": 0},
				{"appName": "Bluetooth", "usage": 0},
				{"appName": "ABC Logger", "usage": 0},
				{"appName": "NAVER", "usage": 0},
				{"appName": "카카오뱅크", "usage": 0},
				{"appName": "Intra", "usage": 0},
				{"appName": "시스템 UI", "usage": 0},
				{"appName": "Shutdown Monitor", "usage": 0},
				{"appName": "기본홈", "usage": 0},
				{"appName": "패키지 설치 프로그램", "usage": 0},
				{"appName": "피키캐스트", "usage": 0},
				{"appName": "T 안심", "usage": 0},
				{"appName": "11번가", "usage": 0},
				{"appName": "iSafe", "usage": -118}
			]
		},
		"lastPickup": {"time": 38}
	},
	{
		"date": 7,
		"totalTime": {
			"usage": 529,
			"details": [
				{"appName": "루리웹", "usage": 132},
				{"appName": "Discord", "usage": 114},
				{"appName": "Chrome", "usage": 77},
				{"appName": "YouTube", "usage": 64},
				{"appName": "카카오톡", "usage": 29},
				{"appName": "트위터", "usage": 25},
				{"appName": "통화 화면", "usage": 21},
				{"appName": "기본홈", "usage": 10},
				{"appName": "EhViewer", "usage": 9},
				{"appName": "위메프", "usage": 8},
				{"appName": "Paco", "usage": 5},
				{"appName": "시스템 UI", "usage": 4},
				{"appName": "NAVER", "usage": 2},
				{"appName": "캘린더", "usage": 1},
				{"appName": "Polar Beat", "usage": 1},
				{"appName": "pixiv", "usage": 1},
				{"appName": "한컴오피스 viewer", "usage": 1},
				{"appName": "T멤버십", "usage": 1},
				{"appName": "접근성", "usage": 0},
				{"appName": "KLMS", "usage": 0},
				{"appName": "Facebook", "usage": 0},
				{"appName": "갤러리", "usage": 0},
				{"appName": "Wi-Fi", "usage": 0},
				{"appName": "Twitch", "usage": 0},
				{"appName": "음악", "usage": 0},
				{"appName": "PAYCO", "usage": 0},
				{"appName": "설정", "usage": 0},
				{"appName": "알람/시계", "usage": 0},
				{"appName": "카카오뱅크", "usage": 0},
				{"appName": "다음", "usage": 0},
				{"appName": "Android 시스템", "usage": 0},
				{"appName": "T 안심", "usage": 0},
				{"appName": "통화 관리", "usage": 0},
				{"appName": "피키캐스트", "usage": 0},
				{"appName": "Google Play 스토어", "usage": 0}
			]
		},
		"pickups": {"usage": 111},
		"downTime": {
			"usage": [
				{"hour": "0", "usage": 2},
				{"hour": "1", "usage": 51},
				{"hour": "2", "usage": 43},
				{"hour": "3", "usage": 32},
				{"hour": "4", "usage": 59},
				{"hour": "5", "usage": 56},
				{"hour": "6", "usage": 59},
				{"hour": "7", "usage": 22},
				{"hour": "8", "usage": 42},
				{"hour": "9", "usage": 35},
				{"hour": "10", "usage": 1},
				{"hour": "11", "usage": 3},
				{"hour": "12", "usage": 22},
				{"hour": "13", "usage": 0},
				{"hour": "14", "usage": 0},
				{"hour": "15", "usage": 50},
				{"hour": "16", "usage": 13},
				{"hour": "21", "usage": 0},
				{"hour": "23", "usage": 26}
			],
			"details": [
				{"appName": "기본홈", "usage": [0, 1, 2, 3, 4, 5, 6, 7, 8, 9, 10, 11, 12, 13, 14, 15, 16, 17, 18, 20, 21, 22, 23]},
				{"appName": "Paco", "usage": [1, 2, 3, 4, 5, 6, 7, 8, 9, 10, 11, 12]},
				{"appName": "피키캐스트", "usage": [1, 2, 3, 9, 10, 12, 14, 16, 18, 20, 22]},
				{"appName": "시스템 UI", "usage": [1, 2, 3, 4, 5, 6, 7, 8, 9, 15, 23]},
				{"appName": "Discord", "usage": [1, 2, 3, 4, 5, 6, 7, 8, 9, 15, 23]},
				{"appName": "트위터", "usage": [0, 1, 2, 3, 4, 6, 7, 11, 15, 23]},
				{"appName": "루리웹", "usage": [1, 2, 3, 4, 5, 6, 7, 12, 15, 23]},
				{"appName": "NAVER", "usage": [1, 2, 5, 6, 12, 15, 18, 23]},
				{"appName": "Chrome", "usage": [1, 2, 3, 4, 5, 6, 8, 9]},
				{"appName": "카카오톡", "usage": [3, 4, 5, 7, 12, 23]},
				{"appName": "캘린더", "usage": [3, 7, 12, 13, 15]},
				{"appName": "접근성", "usage": [1, 8, 12]},
				{"appName": "음악", "usage": [1, 2, 3]},
				{"appName": "알람/시계", "usage": [0, 15, 23]},
				{"appName": "설정", "usage": [1, 8, 12]},
				{"appName": "갤러리", "usage": [5, 11, 13]},
				{"appName": "YouTube", "usage": [9, 15, 16]},
				{"appName": "Wi-Fi", "usage": [1, 6, 8]},
				{"appName": "Polar Beat", "usage": [1, 9, 12]},
				{"appName": "통화 화면", "usage": [7, 12]},
				{"appName": "위메프", "usage": [15, 16]},
				{"appName": "Android 시스템", "usage": [5, 6]},
				{"appName": "한컴오피스 viewer", "usage": [5]},
				{"appName": "통화 관리", "usage": [12]},
				{"appName": "카카오뱅크", "usage": [8]},
				{"appName": "다음", "usage": [5]},
				{"appName": "pixiv", "usage": [23]},
				{"appName": "T멤버십", "usage": [5]},
				{"appName": "Twitch", "usage": [6]},
				{"appName": "T 안심", "usage": [0]},
				{"appName": "PAYCO", "usage": [15]},
				{"appName": "KLMS", "usage": [5]},
				{"appName": "Google Play 스토어", "usage": [16]},
				{"appName": "Facebook", "usage": [1]},
				{"appName": "EhViewer", "usage": [9]}
			]
		},
		"maxTime": {
			"usage": 60,
			"details": [
				{"appName": "YouTube", "usage": 49},
				{"appName": "통화 화면", "usage": 20},
				{"appName": "Discord", "usage": 8},
				{"appName": "Chrome", "usage": 7},
				{"appName": "루리웹", "usage": 7},
				{"appName": "EhViewer", "usage": 3},
				{"appName": "카카오톡", "usage": 1},
				{"appName": "pixiv", "usage": 1},
				{"appName": "위메프", "usage": 1},
				{"appName": "Polar Beat", "usage": 1},
				{"appName": "NAVER", "usage": 1},
				{"appName": "기본홈", "usage": 0},
				{"appName": "트위터", "usage": 0},
				{"appName": "한컴오피스 viewer", "usage": 0},
				{"appName": "T멤버십", "usage": 0},
				{"appName": "Paco", "usage": 0},
				{"appName": "Twitch", "usage": 0},
				{"appName": "Facebook", "usage": 0},
				{"appName": "시스템 UI", "usage": 0},
				{"appName": "캘린더", "usage": 0},
				{"appName": "접근성", "usage": 0},
				{"appName": "Wi-Fi", "usage": 0},
				{"appName": "갤러리", "usage": 0},
				{"appName": "PAYCO", "usage": 0},
				{"appName": "다음", "usage": 0},
				{"appName": "음악", "usage": 0},
				{"appName": "KLMS", "usage": 0},
				{"appName": "알람/시계", "usage": 0},
				{"appName": "T 안심", "usage": 0},
				{"appName": "카카오뱅크", "usage": 0},
				{"appName": "설정", "usage": 0},
				{"appName": "Android 시스템", "usage": 0},
				{"appName": "통화 관리", "usage": 0},
				{"appName": "피키캐스트", "usage": 0},
				{"appName": "Google Play 스토어", "usage": 0}
			]
		},
		"avgTime": {
			"usage": 4,
			"details": [
				{"appName": "YouTube", "usage": 16},
				{"appName": "통화 화면", "usage": 4},
				{"appName": "Chrome", "usage": 1},
				{"appName": "루리웹", "usage": 1},
				{"appName": "EhViewer", "usage": 0},
				{"appName": "Discord", "usage": 0},
				{"appName": "pixiv", "usage": 0},
				{"appName": "T멤버십", "usage": 0},
				{"appName": "한컴오피스 viewer", "usage": 0},
				{"appName": "Facebook", "usage": 0},
				{"appName": "Twitch", "usage": 0},
				{"appName": "카카오톡", "usage": 0},
				{"appName": "위메프", "usage": 0},
				{"appName": "Polar Beat", "usage": 0},
				{"appName": "접근성", "usage": 0},
				{"appName": "NAVER", "usage": 0},
				{"appName": "트위터", "usage": 0},
				{"appName": "갤러리", "usage": 0},
				{"appName": "음악", "usage": 0},
				{"appName": "T 안심", "usage": 0},
				{"appName": "Wi-Fi", "usage": 0},
				{"appName": "다음", "usage": 0},
				{"appName": "Paco", "usage": 0},
				{"appName": "캘린더", "usage": 0},
				{"appName": "KLMS", "usage": 0},
				{"appName": "PAYCO", "usage": 0},
				{"appName": "설정", "usage": 0},
				{"appName": "Android 시스템", "usage": 0},
				{"appName": "알람/시계", "usage": 0},
				{"appName": "카카오뱅크", "usage": 0},
				{"appName": "시스템 UI", "usage": 0},
				{"appName": "기본홈", "usage": 0},
				{"appName": "통화 관리", "usage": 0},
				{"appName": "피키캐스트", "usage": 0},
				{"appName": "Google Play 스토어", "usage": 0}
			]
		},
		"lastPickup": {"time": 3}
	}
]
