[
	{
		"date": 1,
		"totalTime": {
			"usage": 615,
			"details": [
				{"appName": "메모장", "usage": 224},
				{"appName": "Chrome", "usage": 151},
				{"appName": "카카오톡", "usage": 79},
				{"appName": "디시인사이드", "usage": 53},
				{"appName": "시계", "usage": 20},
				{"appName": "Samsung Experience 홈", "usage": 19},
				{"appName": "갤러리", "usage": 15},
				{"appName": "Polar Beat", "usage": 11},
				{"appName": "Lite", "usage": 8},
				{"appName": "Paco", "usage": 8},
				{"appName": "Discord", "usage": 6},
				{"appName": "설정", "usage": 3},
				{"appName": "EhViewer", "usage": 1},
				{"appName": "FOW.KR", "usage": 1},
				{"appName": "파일", "usage": 0},
				{"appName": "드라이브", "usage": 0},
				{"appName": "시스템 UI", "usage": 0},
				{"appName": "전화", "usage": 0},
				{"appName": "음악 플레이어", "usage": 0},
				{"appName": "내 파일", "usage": 0},
				{"appName": "Dropsync", "usage": 0},
				{"appName": "Google Play 서비스", "usage": 0},
				{"appName": "카메라", "usage": 0},
				{"appName": "원터치알림", "usage": 0},
				{"appName": "Workspace", "usage": 0},
				{"appName": "포토 에디터", "usage": 0},
				{"appName": "보안 폴더", "usage": 0}
			]
		},
		"pickups": {"usage": 65},
		"downTime": {
			"usage": [
				{"hour": "0", "usage": 3},
				{"hour": "1", "usage": 33},
				{"hour": "2", "usage": 14},
				{"hour": "4", "usage": 7},
				{"hour": "5", "usage": 48},
				{"hour": "6", "usage": 50},
				{"hour": "7", "usage": 25},
				{"hour": "8", "usage": 51},
				{"hour": "9", "usage": 52},
				{"hour": "10", "usage": 11},
				{"hour": "11", "usage": 2},
				{"hour": "12", "usage": 34},
				{"hour": "13", "usage": 27},
				{"hour": "14", "usage": 60},
				{"hour": "15", "usage": 41},
				{"hour": "16", "usage": 51},
				{"hour": "17", "usage": 60},
				{"hour": "18", "usage": 28},
				{"hour": "21", "usage": 0},
				{"hour": "22", "usage": 0},
				{"hour": "23", "usage": 7}
			],
			"details": [
				{"appName": "Samsung Experience 홈", "usage": [0, 1, 2, 4, 5, 6, 7, 8, 9, 10, 12, 13, 14, 15, 16, 17, 18, 23]},
				{"appName": "카카오톡", "usage": [1, 2, 4, 5, 6, 7, 8, 9, 10, 12, 13, 14, 15, 16, 17, 18]},
				{"appName": "Chrome", "usage": [1, 4, 5, 6, 7, 8, 9, 10, 12, 13, 14, 15, 17, 18]},
				{"appName": "메모장", "usage": [4, 5, 6, 7, 8, 13, 14, 15, 16, 17]},
				{"appName": "디시인사이드", "usage": [1, 5, 6, 9, 12, 13, 14, 15, 16, 17]},
				{"appName": "시계", "usage": [0, 1, 10, 11, 12, 18, 21, 23]},
				{"appName": "Paco", "usage": [0, 1, 2, 5, 6, 8, 9, 12]},
				{"appName": "Discord", "usage": [1, 6, 9, 13, 14, 15, 21, 23]},
				{"appName": "갤러리", "usage": [2, 8, 9, 13, 15, 16, 17]},
				{"appName": "시스템 UI", "usage": [2, 6, 7, 9, 16]},
				{"appName": "설정", "usage": [1, 2, 4, 16]},
				{"appName": "Lite", "usage": [1, 8, 9, 13]},
				{"appName": "원터치알림", "usage": [7, 8, 9]},
				{"appName": "Polar Beat", "usage": [2, 16]},
				{"appName": "EhViewer", "usage": [1, 10]},
				{"appName": "Dropsync", "usage": [12, 14]},
				{"appName": "포토 에디터", "usage": [13]},
				{"appName": "파일", "usage": [16]},
				{"appName": "카메라", "usage": [8]},
				{"appName": "전화", "usage": [1]},
				{"appName": "음악 플레이어", "usage": [16]},
				{"appName": "보안 폴더", "usage": [16]},
				{"appName": "드라이브", "usage": [13]},
				{"appName": "내 파일", "usage": [16]},
				{"appName": "Workspace", "usage": [16]},
				{"appName": "Google Play 서비스", "usage": [2]},
				{"appName": "FOW.KR", "usage": [15]}
			]
		},
		"maxTime": {
			"usage": 120,
			"details": [
				{"appName": "메모장", "usage": 34},
				{"appName": "Chrome", "usage": 28},
				{"appName": "시계", "usage": 16},
				{"appName": "Samsung Experience 홈", "usage": 7},
				{"appName": "카카오톡", "usage": 6},
				{"appName": "Polar Beat", "usage": 4},
				{"appName": "디시인사이드", "usage": 3},
				{"appName": "Lite", "usage": 3},
				{"appName": "갤러리", "usage": 3},
				{"appName": "Paco", "usage": 2},
				{"appName": "EhViewer", "usage": 1},
				{"appName": "FOW.KR", "usage": 1},
				{"appName": "설정", "usage": 1},
				{"appName": "Discord", "usage": 1},
				{"appName": "파일", "usage": 0},
				{"appName": "드라이브", "usage": 0},
				{"appName": "전화", "usage": 0},
				{"appName": "음악 플레이어", "usage": 0},
				{"appName": "내 파일", "usage": 0},
				{"appName": "Google Play 서비스", "usage": 0},
				{"appName": "카메라", "usage": 0},
				{"appName": "Workspace", "usage": 0},
				{"appName": "시스템 UI", "usage": 0},
				{"appName": "Dropsync", "usage": 0},
				{"appName": "원터치알림", "usage": 0},
				{"appName": "포토 에디터", "usage": 0},
				{"appName": "보안 폴더", "usage": 0}
			]
		},
		"avgTime": {
			"usage": 9,
			"details": [
				{"appName": "Chrome", "usage": 3},
				{"appName": "메모장", "usage": 3},
				{"appName": "파일", "usage": 0},
				{"appName": "EhViewer", "usage": 0},
				{"appName": "Lite", "usage": 0},
				{"appName": "시계", "usage": 0},
				{"appName": "갤러리", "usage": 0},
				{"appName": "드라이브", "usage": 0},
				{"appName": "FOW.KR", "usage": 0},
				{"appName": "Discord", "usage": 0},
				{"appName": "Paco", "usage": 0},
				{"appName": "Polar Beat", "usage": 0},
				{"appName": "내 파일", "usage": 0},
				{"appName": "Samsung Experience 홈", "usage": 0},
				{"appName": "설정", "usage": 0},
				{"appName": "디시인사이드", "usage": 0},
				{"appName": "Google Play 서비스", "usage": 0},
				{"appName": "전화", "usage": 0},
				{"appName": "음악 플레이어", "usage": 0},
				{"appName": "카카오톡", "usage": 0},
				{"appName": "카메라", "usage": 0},
				{"appName": "Workspace", "usage": 0},
				{"appName": "Dropsync", "usage": 0},
				{"appName": "원터치알림", "usage": 0},
				{"appName": "시스템 UI", "usage": 0},
				{"appName": "포토 에디터", "usage": 0},
				{"appName": "보안 폴더", "usage": 0}
			]
		},
		"lastPickup": {"time": 0}
	},
	{
		"date": 2,
		"totalTime": {
			"usage": 546,
			"details": [
				{"appName": "Chrome", "usage": 211},
				{"appName": "디시인사이드", "usage": 116},
				{"appName": "카카오톡", "usage": 73},
				{"appName": "Lite", "usage": 43},
				{"appName": "갤러리", "usage": 17},
				{"appName": "카메라", "usage": 13},
				{"appName": "Discord", "usage": 12},
				{"appName": "시계", "usage": 12},
				{"appName": "Samsung Experience 홈", "usage": 12},
				{"appName": "Paco", "usage": 6},
				{"appName": "삼성 인터넷", "usage": 6},
				{"appName": "네이버 카페", "usage": 3},
				{"appName": "설정", "usage": 1},
				{"appName": "전화", "usage": 1},
				{"appName": "FOW.KR", "usage": 1},
				{"appName": "토스", "usage": 0},
				{"appName": "KAIST Portal", "usage": 0},
				{"appName": "Polar Beat", "usage": 0},
				{"appName": "시스템 UI", "usage": 0},
				{"appName": "메시지", "usage": 0},
				{"appName": "파일", "usage": 0},
				{"appName": "EhViewer", "usage": 0},
				{"appName": "메모장", "usage": 0},
				{"appName": "원터치알림", "usage": 0},
				{"appName": "계산기", "usage": 0},
				{"appName": "Google Play 스토어", "usage": 0},
				{"appName": "Logger", "usage": 0},
				{"appName": "미미박스", "usage": 0},
				{"appName": "Dropsync", "usage": 0},
				{"appName": "인쇄 스풀러", "usage": 0},
				{"appName": "패키지 설치 프로그램", "usage": 0}
			]
		},
		"pickups": {"usage": 90},
		"downTime": {
			"usage": [
				{"hour": "0", "usage": 14},
				{"hour": "1", "usage": 27},
				{"hour": "2", "usage": 1},
				{"hour": "3", "usage": 40},
				{"hour": "4", "usage": 25},
				{"hour": "5", "usage": 52},
				{"hour": "6", "usage": 6},
				{"hour": "7", "usage": 32},
				{"hour": "8", "usage": 57},
				{"hour": "9", "usage": 42},
				{"hour": "10", "usage": 12},
				{"hour": "11", "usage": 8},
				{"hour": "12", "usage": 31},
				{"hour": "13", "usage": 0},
				{"hour": "16", "usage": 27},
				{"hour": "17", "usage": 29},
				{"hour": "18", "usage": 40},
				{"hour": "19", "usage": 60},
				{"hour": "20", "usage": 36}
			],
			"details": [
				{"appName": "카카오톡", "usage": [1, 2, 3, 4, 5, 6, 7, 8, 9, 10, 11, 12, 16, 17, 18, 20]},
				{"appName": "Samsung Experience 홈", "usage": [0, 1, 2, 3, 4, 5, 6, 7, 8, 9, 10, 11, 12, 16, 18, 20]},
				{"appName": "Chrome", "usage": [1, 3, 4, 5, 7, 8, 9, 11, 12, 16, 18, 19, 20]},
				{"appName": "Paco", "usage": [1, 2, 3, 4, 5, 6, 7, 8, 9, 11, 12]},
				{"appName": "Discord", "usage": [1, 3, 4, 5, 7, 9, 11, 12, 16, 18]},
				{"appName": "디시인사이드", "usage": [1, 3, 4, 5, 6, 8, 9, 10, 18]},
				{"appName": "Lite", "usage": [1, 4, 5, 8, 16, 17, 18]},
				{"appName": "갤러리", "usage": [1, 5, 8, 9, 11, 12]},
				{"appName": "시스템 UI", "usage": [5, 8, 9, 12, 18]},
				{"appName": "설정", "usage": [1, 3, 11, 12, 16]},
				{"appName": "원터치알림", "usage": [3, 9, 16]},
				{"appName": "시계", "usage": [9, 10, 20]},
				{"appName": "삼성 인터넷", "usage": [7, 9, 12]},
				{"appName": "Polar Beat", "usage": [1, 12]},
				{"appName": "Google Play 스토어", "usage": [7, 8]},
				{"appName": "패키지 설치 프로그램", "usage": [12]},
				{"appName": "파일", "usage": [16]},
				{"appName": "토스", "usage": [9]},
				{"appName": "카메라", "usage": [0]},
				{"appName": "전화", "usage": [6]},
				{"appName": "인쇄 스풀러", "usage": [8]},
				{"appName": "미미박스", "usage": [11]},
				{"appName": "메시지", "usage": [3]},
				{"appName": "메모장", "usage": [5]},
				{"appName": "네이버 카페", "usage": [5]},
				{"appName": "계산기", "usage": [2]},
				{"appName": "Logger", "usage": [12]},
				{"appName": "KAIST Portal", "usage": [11]},
				{"appName": "FOW.KR", "usage": [18]},
				{"appName": "EhViewer", "usage": [11]},
				{"appName": "Dropsync", "usage": [18]}
			]
		},
		"maxTime": {
			"usage": 105,
			"details": [
				{"appName": "Chrome", "usage": 98},
				{"appName": "Lite", "usage": 14},
				{"appName": "카카오톡", "usage": 10},
				{"appName": "시계", "usage": 10},
				{"appName": "디시인사이드", "usage": 10},
				{"appName": "카메라", "usage": 9},
				{"appName": "삼성 인터넷", "usage": 5},
				{"appName": "갤러리", "usage": 4},
				{"appName": "Discord", "usage": 2},
				{"appName": "Samsung Experience 홈", "usage": 2},
				{"appName": "전화", "usage": 1},
				{"appName": "네이버 카페", "usage": 1},
				{"appName": "FOW.KR", "usage": 1},
				{"appName": "Paco", "usage": 1},
				{"appName": "KAIST Portal", "usage": 0},
				{"appName": "파일", "usage": 0},
				{"appName": "EhViewer", "usage": 0},
				{"appName": "메시지", "usage": 0},
				{"appName": "Polar Beat", "usage": 0},
				{"appName": "메모장", "usage": 0},
				{"appName": "설정", "usage": 0},
				{"appName": "토스", "usage": 0},
				{"appName": "시스템 UI", "usage": 0},
				{"appName": "계산기", "usage": 0},
				{"appName": "원터치알림", "usage": 0},
				{"appName": "Logger", "usage": 0},
				{"appName": "미미박스", "usage": 0},
				{"appName": "Google Play 스토어", "usage": 0},
				{"appName": "Dropsync", "usage": 0},
				{"appName": "인쇄 스풀러", "usage": 0},
				{"appName": "패키지 설치 프로그램", "usage": 0}
			]
		},
		"avgTime": {
			"usage": 6,
			"details": [
				{"appName": "카메라", "usage": 6},
				{"appName": "Lite", "usage": 2},
				{"appName": "Chrome", "usage": 2},
				{"appName": "삼성 인터넷", "usage": 1},
				{"appName": "갤러리", "usage": 0},
				{"appName": "전화", "usage": 0},
				{"appName": "시계", "usage": 0},
				{"appName": "Discord", "usage": 0},
				{"appName": "파일", "usage": 0},
				{"appName": "EhViewer", "usage": 0},
				{"appName": "FOW.KR", "usage": 0},
				{"appName": "KAIST Portal", "usage": 0},
				{"appName": "네이버 카페", "usage": 0},
				{"appName": "Paco", "usage": 0},
				{"appName": "디시인사이드", "usage": 0},
				{"appName": "카카오톡", "usage": 0},
				{"appName": "메시지", "usage": 0},
				{"appName": "Polar Beat", "usage": 0},
				{"appName": "Samsung Experience 홈", "usage": 0},
				{"appName": "메모장", "usage": 0},
				{"appName": "토스", "usage": 0},
				{"appName": "계산기", "usage": 0},
				{"appName": "설정", "usage": 0},
				{"appName": "Google Play 스토어", "usage": 0},
				{"appName": "Logger", "usage": 0},
				{"appName": "원터치알림", "usage": 0},
				{"appName": "시스템 UI", "usage": 0},
				{"appName": "미미박스", "usage": 0},
				{"appName": "Dropsync", "usage": 0},
				{"appName": "인쇄 스풀러", "usage": 0},
				{"appName": "패키지 설치 프로그램", "usage": 0}
			]
		},
		"lastPickup": {"time": 105}
	},
	{
		"date": 3,
		"totalTime": {
			"usage": 733,
			"details": [
				{"appName": "Chrome", "usage": 280},
				{"appName": "디시인사이드", "usage": 156},
				{"appName": "Discord", "usage": 80},
				{"appName": "카카오톡", "usage": 71},
				{"appName": "FOW.KR", "usage": 52},
				{"appName": "Lite", "usage": 20},
				{"appName": "시계", "usage": 15},
				{"appName": "네이버 카페", "usage": 10},
				{"appName": "Samsung Experience 홈", "usage": 8},
				{"appName": "갤러리", "usage": 5},
				{"appName": "Paco", "usage": 4},
				{"appName": "설정", "usage": 2},
				{"appName": "EhViewer", "usage": 1},
				{"appName": "지도", "usage": 1},
				{"appName": "Polar Beat", "usage": 1},
				{"appName": "토스", "usage": 1},
				{"appName": "전화", "usage": 0},
				{"appName": "시스템 UI", "usage": 0},
				{"appName": "ABC Logger", "usage": 0},
				{"appName": "빅스비 홈", "usage": 0},
				{"appName": "Google Play 스토어", "usage": 0},
				{"appName": "원터치알림", "usage": 0}
			]
		},
		"pickups": {"usage": 71},
		"downTime": {
			"usage": [
				{"hour": "1", "usage": 6},
				{"hour": "2", "usage": 1},
				{"hour": "3", "usage": 0},
				{"hour": "4", "usage": 35},
				{"hour": "5", "usage": 60},
				{"hour": "6", "usage": 44},
				{"hour": "7", "usage": 51},
				{"hour": "8", "usage": 19},
				{"hour": "9", "usage": 19},
				{"hour": "10", "usage": 42},
				{"hour": "11", "usage": 27},
				{"hour": "12", "usage": 45},
				{"hour": "13", "usage": 45},
				{"hour": "14", "usage": 36},
				{"hour": "15", "usage": 47},
				{"hour": "16", "usage": 54},
				{"hour": "17", "usage": 35},
				{"hour": "18", "usage": 32},
				{"hour": "19", "usage": 31},
				{"hour": "20", "usage": 23},
				{"hour": "21", "usage": 18},
				{"hour": "22", "usage": 33},
				{"hour": "23", "usage": 19}
			],
			"details": [
				{"appName": "Samsung Experience 홈", "usage": [1, 2, 4, 5, 6, 7, 8, 9, 10, 11, 12, 13, 14, 15, 16, 17, 18, 19, 20, 21, 22, 23]},
				{"appName": "Chrome", "usage": [4, 5, 6, 7, 8, 9, 10, 11, 12, 13, 14, 15, 16, 17, 19, 20, 21, 22]},
				{"appName": "디시인사이드", "usage": [4, 5, 6, 7, 9, 10, 11, 12, 13, 14, 15, 16, 17, 18, 22, 23]},
				{"appName": "카카오톡", "usage": [1, 2, 4, 5, 6, 7, 8, 9, 10, 12, 13, 15, 16, 22, 23]},
				{"appName": "Discord", "usage": [5, 6, 7, 9, 12, 14, 15, 16, 17, 18, 19, 20, 21, 22]},
				{"appName": "시스템 UI", "usage": [7, 8, 9, 11, 12, 16, 18, 20, 21, 22]},
				{"appName": "Paco", "usage": [1, 4, 5, 6, 7, 8, 9, 12]},
				{"appName": "FOW.KR", "usage": [6, 11, 12, 16, 20, 21, 22]},
				{"appName": "시계", "usage": [1, 2, 3, 4, 22, 23]},
				{"appName": "설정", "usage": [6, 7, 8, 17, 18]},
				{"appName": "Lite", "usage": [4, 5, 6, 10, 16]},
				{"appName": "네이버 카페", "usage": [5, 6, 7]},
				{"appName": "Polar Beat", "usage": [6, 8, 17]},
				{"appName": "토스", "usage": [5, 6]},
				{"appName": "갤러리", "usage": [8, 12]},
				{"appName": "EhViewer", "usage": [4, 22]},
				{"appName": "지도", "usage": [7]},
				{"appName": "전화", "usage": [1]},
				{"appName": "원터치알림", "usage": [9]},
				{"appName": "빅스비 홈", "usage": [16]},
				{"appName": "Google Play 스토어", "usage": [6]},
				{"appName": "ABC Logger", "usage": [8]}
			]
		},
		"maxTime": {
			"usage": 138,
			"details": [
				{"appName": "Chrome", "usage": 28},
				{"appName": "Discord", "usage": 14},
				{"appName": "시계", "usage": 13},
				{"appName": "카카오톡", "usage": 13},
				{"appName": "FOW.KR", "usage": 12},
				{"appName": "디시인사이드", "usage": 10},
				{"appName": "갤러리", "usage": 4},
				{"appName": "Lite", "usage": 4},
				{"appName": "네이버 카페", "usage": 3},
				{"appName": "Samsung Experience 홈", "usage": 3},
				{"appName": "지도", "usage": 1},
				{"appName": "설정", "usage": 1},
				{"appName": "Paco", "usage": 1},
				{"appName": "토스", "usage": 0},
				{"appName": "전화", "usage": 0},
				{"appName": "EhViewer", "usage": 0},
				{"appName": "Polar Beat", "usage": 0},
				{"appName": "ABC Logger", "usage": 0},
				{"appName": "시스템 UI", "usage": 0},
				{"appName": "빅스비 홈", "usage": 0},
				{"appName": "Google Play 스토어", "usage": 0},
				{"appName": "원터치알림", "usage": 0}
			]
		},
		"avgTime": {
			"usage": 10,
			"details": [
				{"appName": "Chrome", "usage": 3},
				{"appName": "Discord", "usage": 1},
				{"appName": "FOW.KR", "usage": 1},
				{"appName": "Lite", "usage": 1},
				{"appName": "갤러리", "usage": 1},
				{"appName": "지도", "usage": 0},
				{"appName": "전화", "usage": 0},
				{"appName": "시계", "usage": 0},
				{"appName": "EhViewer", "usage": 0},
				{"appName": "토스", "usage": 0},
				{"appName": "네이버 카페", "usage": 0},
				{"appName": "디시인사이드", "usage": 0},
				{"appName": "Paco", "usage": 0},
				{"appName": "카카오톡", "usage": 0},
				{"appName": "Polar Beat", "usage": 0},
				{"appName": "설정", "usage": 0},
				{"appName": "ABC Logger", "usage": 0},
				{"appName": "Samsung Experience 홈", "usage": 0},
				{"appName": "빅스비 홈", "usage": 0},
				{"appName": "Google Play 스토어", "usage": 0},
				{"appName": "시스템 UI", "usage": 0},
				{"appName": "원터치알림", "usage": 0}
			]
		},
		"lastPickup": {"time": 0}
	},
	{
		"date": 4,
		"totalTime": {
			"usage": 720,
			"details": [
				{"appName": "Chrome", "usage": 238},
				{"appName": "카카오톡", "usage": 174},
				{"appName": "디시인사이드", "usage": 139},
				{"appName": "Discord", "usage": 57},
				{"appName": "Lite", "usage": 22},
				{"appName": "FOW.KR", "usage": 18},
				{"appName": "음악 플레이어", "usage": 16},
				{"appName": "Samsung Experience 홈", "usage": 9},
				{"appName": "네이버 사전", "usage": 8},
				{"appName": "인터파크", "usage": 5},
				{"appName": "설정", "usage": 5},
				{"appName": "원터치알림", "usage": 4},
				{"appName": "Paco", "usage": 2},
				{"appName": "EhViewer", "usage": 2},
				{"appName": "시계", "usage": 2},
				{"appName": "삼성 인터넷", "usage": 1},
				{"appName": "네이버 카페", "usage": 1},
				{"appName": "배달요기요", "usage": 1},
				{"appName": "토스", "usage": 0},
				{"appName": "Polar Beat", "usage": 0},
				{"appName": "KAIST Portal", "usage": 0},
				{"appName": "시스템 UI", "usage": 0},
				{"appName": "Workspace", "usage": 0},
				{"appName": "날씨", "usage": 0},
				{"appName": "Dropsync", "usage": 0},
				{"appName": "메시지", "usage": 0},
				{"appName": "안드로이드 시스템", "usage": 0},
				{"appName": "LINE", "usage": 0},
				{"appName": "Google Play 서비스", "usage": 0},
				{"appName": "밥대생", "usage": 0},
				{"appName": "보안 폴더", "usage": 0}
			]
		},
		"pickups": {"usage": 59},
		"downTime": {
			"usage": [
				{"hour": "0", "usage": 24},
				{"hour": "1", "usage": 56},
				{"hour": "2", "usage": 14},
				{"hour": "3", "usage": 14},
				{"hour": "4", "usage": 0},
				{"hour": "5", "usage": 18},
				{"hour": "6", "usage": 50},
				{"hour": "7", "usage": 20},
				{"hour": "8", "usage": 39},
				{"hour": "9", "usage": 57},
				{"hour": "10", "usage": 51},
				{"hour": "11", "usage": 54},
				{"hour": "12", "usage": 6},
				{"hour": "13", "usage": 60},
				{"hour": "14", "usage": 60},
				{"hour": "15", "usage": 59},
				{"hour": "16", "usage": 35},
				{"hour": "17", "usage": 36},
				{"hour": "18", "usage": 37},
				{"hour": "19", "usage": 21},
				{"hour": "23", "usage": 0}
			],
			"details": [
				{"appName": "Samsung Experience 홈", "usage": [0, 1, 2, 3, 5, 6, 7, 8, 9, 10, 11, 12, 13, 14, 15, 17, 18, 19]},
				{"appName": "Chrome", "usage": [0, 1, 2, 3, 5, 6, 8, 9, 10, 11, 12, 13, 15, 16, 17, 18, 19]},
				{"appName": "카카오톡", "usage": [0, 1, 2, 3, 5, 6, 7, 8, 9, 10, 11, 12, 13, 14, 15, 19]},
				{"appName": "디시인사이드", "usage": [0, 1, 2, 3, 4, 5, 6, 7, 8, 9, 10, 11, 13, 14, 15, 19]},
				{"appName": "Discord", "usage": [0, 1, 2, 5, 6, 7, 8, 9, 10, 11, 13, 15, 17, 18, 19]},
				{"appName": "Paco", "usage": [1, 3, 6, 7, 8, 9, 10, 11, 13]},
				{"appName": "시스템 UI", "usage": [1, 2, 6, 9, 11, 13, 15, 19]},
				{"appName": "시계", "usage": [3, 4, 5, 11, 12, 13, 19, 23]},
				{"appName": "설정", "usage": [1, 5, 7, 8, 19]},
				{"appName": "FOW.KR", "usage": [1, 7, 8, 18, 19]},
				{"appName": "네이버 사전", "usage": [0, 1, 2, 19]},
				{"appName": "Lite", "usage": [1, 5, 6, 9]},
				{"appName": "원터치알림", "usage": [2, 9, 10]},
				{"appName": "Dropsync", "usage": [10, 14, 15]},
				{"appName": "음악 플레이어", "usage": [13, 14]},
				{"appName": "삼성 인터넷", "usage": [5, 6]},
				{"appName": "Polar Beat", "usage": [7, 19]},
				{"appName": "KAIST Portal", "usage": [1, 5]},
				{"appName": "EhViewer", "usage": [5, 11]},
				{"appName": "토스", "usage": [11]},
				{"appName": "인터파크", "usage": [9]},
				{"appName": "안드로이드 시스템", "usage": [11]},
				{"appName": "보안 폴더", "usage": [11]},
				{"appName": "배달요기요", "usage": [6]},
				{"appName": "밥대생", "usage": [6]},
				{"appName": "메시지", "usage": [5]},
				{"appName": "네이버 카페", "usage": [6]},
				{"appName": "날씨", "usage": [6]},
				{"appName": "Workspace", "usage": [11]},
				{"appName": "LINE", "usage": [19]},
				{"appName": "Google Play 서비스", "usage": [5]}
			]
		},
		"maxTime": {
			"usage": 139,
			"details": [
				{"appName": "Chrome", "usage": 77},
				{"appName": "FOW.KR", "usage": 11},
				{"appName": "Discord", "usage": 10},
				{"appName": "디시인사이드", "usage": 10},
				{"appName": "카카오톡", "usage": 9},
				{"appName": "네이버 사전", "usage": 8},
				{"appName": "Lite", "usage": 6},
				{"appName": "음악 플레이어", "usage": 4},
				{"appName": "원터치알림", "usage": 4},
				{"appName": "설정", "usage": 2},
				{"appName": "인터파크", "usage": 1},
				{"appName": "Samsung Experience 홈", "usage": 1},
				{"appName": "삼성 인터넷", "usage": 1},
				{"appName": "EhViewer", "usage": 1},
				{"appName": "토스", "usage": 0},
				{"appName": "배달요기요", "usage": 0},
				{"appName": "시계", "usage": 0},
				{"appName": "네이버 카페", "usage": 0},
				{"appName": "Polar Beat", "usage": 0},
				{"appName": "Paco", "usage": 0},
				{"appName": "KAIST Portal", "usage": 0},
				{"appName": "Workspace", "usage": 0},
				{"appName": "메시지", "usage": 0},
				{"appName": "안드로이드 시스템", "usage": 0},
				{"appName": "날씨", "usage": 0},
				{"appName": "시스템 UI", "usage": 0},
				{"appName": "Dropsync", "usage": 0},
				{"appName": "Google Play 서비스", "usage": 0},
				{"appName": "LINE", "usage": 0},
				{"appName": "밥대생", "usage": 0},
				{"appName": "보안 폴더", "usage": 0}
			]
		},
		"avgTime": {
			"usage": 12,
			"details": [
				{"appName": "Chrome", "usage": 3},
				{"appName": "Lite", "usage": 2},
				{"appName": "네이버 사전", "usage": 1},
				{"appName": "원터치알림", "usage": 0},
				{"appName": "Discord", "usage": 0},
				{"appName": "FOW.KR", "usage": 0},
				{"appName": "EhViewer", "usage": 0},
				{"appName": "음악 플레이어", "usage": 0},
				{"appName": "삼성 인터넷", "usage": 0},
				{"appName": "토스", "usage": 0},
				{"appName": "설정", "usage": 0},
				{"appName": "카카오톡", "usage": 0},
				{"appName": "인터파크", "usage": 0},
				{"appName": "디시인사이드", "usage": 0},
				{"appName": "Workspace", "usage": 0},
				{"appName": "메시지", "usage": 0},
				{"appName": "Paco", "usage": 0},
				{"appName": "배달요기요", "usage": 0},
				{"appName": "KAIST Portal", "usage": 0},
				{"appName": "네이버 카페", "usage": 0},
				{"appName": "시계", "usage": 0},
				{"appName": "Polar Beat", "usage": 0},
				{"appName": "안드로이드 시스템", "usage": 0},
				{"appName": "Samsung Experience 홈", "usage": 0},
				{"appName": "날씨", "usage": 0},
				{"appName": "Google Play 서비스", "usage": 0},
				{"appName": "Dropsync", "usage": 0},
				{"appName": "시스템 UI", "usage": 0},
				{"appName": "LINE", "usage": 0},
				{"appName": "밥대생", "usage": 0},
				{"appName": "보안 폴더", "usage": 0}
			]
		},
		"lastPickup": {"time": 0}
	},
	{
		"date": 5,
		"totalTime": {
			"usage": 812,
			"details": [
				{"appName": "카카오톡", "usage": 290},
				{"appName": "디시인사이드", "usage": 181},
				{"appName": "Chrome", "usage": 174},
				{"appName": "Discord", "usage": 47},
				{"appName": "삼성 인터넷", "usage": 25},
				{"appName": "Samsung Experience 홈", "usage": 21},
				{"appName": "Lite", "usage": 20},
				{"appName": "Paco", "usage": 15},
				{"appName": "FOW.KR", "usage": 4},
				{"appName": "갤러리", "usage": 4},
				{"appName": "원터치알림", "usage": 3},
				{"appName": "EhViewer", "usage": 3},
				{"appName": "파일", "usage": 3},
				{"appName": "배달요기요", "usage": 2},
				{"appName": "시계", "usage": 1},
				{"appName": "Google Play 스토어", "usage": 1},
				{"appName": "메모장", "usage": 1},
				{"appName": "이미지 용량 줄이기", "usage": 1},
				{"appName": "KAIST Portal", "usage": 0},
				{"appName": "AliExpress", "usage": 0},
				{"appName": "ExpressVPN", "usage": 0},
				{"appName": "설정", "usage": 0},
				{"appName": "안드로이드 시스템", "usage": 0},
				{"appName": "포토 에디터", "usage": 0},
				{"appName": "시스템 UI", "usage": 0},
				{"appName": "Polar Beat", "usage": 0},
				{"appName": "네이버 사전", "usage": 0},
				{"appName": "Workspace", "usage": 0},
				{"appName": "음악 플레이어", "usage": 0},
				{"appName": "패키지 설치 프로그램", "usage": 0},
				{"appName": "인쇄 스풀러", "usage": 0},
				{"appName": "Dropsync", "usage": 0},
				{"appName": "미세미세", "usage": 0},
				{"appName": "보안 폴더", "usage": 0}
			]
		},
		"pickups": {"usage": 27},
		"downTime": {
			"usage": [
				{"hour": "1", "usage": 1},
				{"hour": "2", "usage": 0},
				{"hour": "3", "usage": 1},
				{"hour": "4", "usage": 60},
				{"hour": "5", "usage": 57},
				{"hour": "6", "usage": 60},
				{"hour": "7", "usage": 44},
				{"hour": "8", "usage": 60},
				{"hour": "9", "usage": 37},
				{"hour": "10", "usage": 41},
				{"hour": "12", "usage": 53},
				{"hour": "13", "usage": 60},
				{"hour": "14", "usage": 60},
				{"hour": "15", "usage": 60},
				{"hour": "16", "usage": 59},
				{"hour": "17", "usage": 54},
				{"hour": "18", "usage": 45},
				{"hour": "19", "usage": 28},
				{"hour": "20", "usage": 26}
			],
			"details": [
				{"appName": "Samsung Experience 홈", "usage": [1, 3, 4, 5, 6, 7, 8, 9, 10, 12, 13, 14, 15, 16, 17, 18, 19, 20]},
				{"appName": "카카오톡", "usage": [3, 4, 5, 6, 7, 8, 9, 10, 12, 13, 14, 15, 16, 17, 18, 19, 20]},
				{"appName": "디시인사이드", "usage": [1, 3, 4, 5, 6, 8, 9, 10, 12, 13, 14, 15, 16, 17, 18, 19, 20]},
				{"appName": "Chrome", "usage": [3, 4, 5, 6, 7, 8, 9, 10, 12, 14, 15, 16, 17, 18, 19, 20]},
				{"appName": "Discord", "usage": [3, 4, 5, 6, 9, 10, 12, 13, 15, 16, 17, 18, 19]},
				{"appName": "Paco", "usage": [4, 5, 6, 8, 9, 10, 12]},
				{"appName": "시스템 UI", "usage": [5, 6, 7, 15, 16]},
				{"appName": "EhViewer", "usage": [4, 5, 6, 16]},
				{"appName": "시계", "usage": [1, 10, 20]},
				{"appName": "설정", "usage": [4, 16, 17]},
				{"appName": "Lite", "usage": [12, 17, 20]},
				{"appName": "FOW.KR", "usage": [4, 16, 19]},
				{"appName": "ExpressVPN", "usage": [4, 8, 12]},
				{"appName": "포토 에디터", "usage": [15, 16]},
				{"appName": "파일", "usage": [15, 16]},
				{"appName": "이미지 용량 줄이기", "usage": [15, 16]},
				{"appName": "안드로이드 시스템", "usage": [15, 16]},
				{"appName": "삼성 인터넷", "usage": [7, 8]},
				{"appName": "갤러리", "usage": [15, 16]},
				{"appName": "Polar Beat", "usage": [4, 17]},
				{"appName": "패키지 설치 프로그램", "usage": [15]},
				{"appName": "인쇄 스풀러", "usage": [15]},
				{"appName": "음악 플레이어", "usage": [4]},
				{"appName": "원터치알림", "usage": [9]},
				{"appName": "보안 폴더", "usage": [8]},
				{"appName": "배달요기요", "usage": [6]},
				{"appName": "미세미세", "usage": [8]},
				{"appName": "메모장", "usage": [15]},
				{"appName": "네이버 사전", "usage": [15]},
				{"appName": "Workspace", "usage": [8]},
				{"appName": "KAIST Portal", "usage": [12]},
				{"appName": "Google Play 스토어", "usage": [15]},
				{"appName": "Dropsync", "usage": [4]},
				{"appName": "AliExpress", "usage": [6]}
			]
		},
		"maxTime": {
			"usage": 262,
			"details": [
				{"appName": "삼성 인터넷", "usage": 20},
				{"appName": "Chrome", "usage": 18},
				{"appName": "카카오톡", "usage": 14},
				{"appName": "Discord", "usage": 11},
				{"appName": "디시인사이드", "usage": 10},
				{"appName": "Paco", "usage": 10},
				{"appName": "Samsung Experience 홈", "usage": 7},
				{"appName": "Lite", "usage": 6},
				{"appName": "원터치알림", "usage": 3},
				{"appName": "갤러리", "usage": 3},
				{"appName": "배달요기요", "usage": 2},
				{"appName": "파일", "usage": 2},
				{"appName": "FOW.KR", "usage": 1},
				{"appName": "EhViewer", "usage": 1},
				{"appName": "메모장", "usage": 1},
				{"appName": "시계", "usage": 0},
				{"appName": "KAIST Portal", "usage": 0},
				{"appName": "Google Play 스토어", "usage": 0},
				{"appName": "AliExpress", "usage": 0},
				{"appName": "ExpressVPN", "usage": 0},
				{"appName": "포토 에디터", "usage": 0},
				{"appName": "네이버 사전", "usage": 0},
				{"appName": "이미지 용량 줄이기", "usage": 0},
				{"appName": "설정", "usage": 0},
				{"appName": "Workspace", "usage": 0},
				{"appName": "Polar Beat", "usage": 0},
				{"appName": "안드로이드 시스템", "usage": 0},
				{"appName": "음악 플레이어", "usage": 0},
				{"appName": "시스템 UI", "usage": 0},
				{"appName": "패키지 설치 프로그램", "usage": 0},
				{"appName": "인쇄 스풀러", "usage": 0},
				{"appName": "Dropsync", "usage": 0},
				{"appName": "미세미세", "usage": 0},
				{"appName": "보안 폴더", "usage": 0}
			]
		},
		"avgTime": {
			"usage": 30,
			"details": [
				{"appName": "삼성 인터넷", "usage": 2},
				{"appName": "Chrome", "usage": 2},
				{"appName": "원터치알림", "usage": 1},
				{"appName": "Lite", "usage": 1},
				{"appName": "Discord", "usage": 1},
				{"appName": "배달요기요", "usage": 0},
				{"appName": "Paco", "usage": 0},
				{"appName": "갤러리", "usage": 0},
				{"appName": "KAIST Portal", "usage": 0},
				{"appName": "FOW.KR", "usage": 0},
				{"appName": "EhViewer", "usage": 0},
				{"appName": "메모장", "usage": 0},
				{"appName": "파일", "usage": 0},
				{"appName": "카카오톡", "usage": 0},
				{"appName": "디시인사이드", "usage": 0},
				{"appName": "AliExpress", "usage": 0},
				{"appName": "포토 에디터", "usage": 0},
				{"appName": "시계", "usage": 0},
				{"appName": "Samsung Experience 홈", "usage": 0},
				{"appName": "네이버 사전", "usage": 0},
				{"appName": "Workspace", "usage": 0},
				{"appName": "Google Play 스토어", "usage": 0},
				{"appName": "ExpressVPN", "usage": 0},
				{"appName": "설정", "usage": 0},
				{"appName": "음악 플레이어", "usage": 0},
				{"appName": "안드로이드 시스템", "usage": 0},
				{"appName": "이미지 용량 줄이기", "usage": 0},
				{"appName": "패키지 설치 프로그램", "usage": 0},
				{"appName": "Polar Beat", "usage": 0},
				{"appName": "인쇄 스풀러", "usage": 0},
				{"appName": "시스템 UI", "usage": 0},
				{"appName": "Dropsync", "usage": 0},
				{"appName": "미세미세", "usage": 0},
				{"appName": "보안 폴더", "usage": 0}
			]
		},
		"lastPickup": {"time": 8}
	},
	{
		"date": 6,
		"totalTime": {
			"usage": 924,
			"details": [
				{"appName": "카카오톡", "usage": 331},
				{"appName": "Chrome", "usage": 241},
				{"appName": "디시인사이드", "usage": 197},
				{"appName": "Discord", "usage": 32},
				{"appName": "Samsung Experience 홈", "usage": 19},
				{"appName": "리멤버", "usage": 14},
				{"appName": "FOW.KR", "usage": 12},
				{"appName": "Lite", "usage": 12},
				{"appName": "시계", "usage": 11},
				{"appName": "토스", "usage": 10},
				{"appName": "메모장", "usage": 8},
				{"appName": "전화", "usage": 5},
				{"appName": "Polar Beat", "usage": 4},
				{"appName": "Paco", "usage": 4},
				{"appName": "설정", "usage": 3},
				{"appName": "밥대생", "usage": 2},
				{"appName": "KAIST Portal", "usage": 1},
				{"appName": "카메라", "usage": 1},
				{"appName": "배달요기요", "usage": 0},
				{"appName": "갤러리", "usage": 0},
				{"appName": "연락처", "usage": 0},
				{"appName": "EhViewer", "usage": 0},
				{"appName": "포토 에디터", "usage": 0},
				{"appName": "멀티타이머", "usage": 0},
				{"appName": "시스템 UI", "usage": 0},
				{"appName": "Google Play 스토어", "usage": 0},
				{"appName": "NAVER", "usage": 0},
				{"appName": "패키지 설치 프로그램", "usage": 0},
				{"appName": "Meitu", "usage": 0},
				{"appName": "ExpressVPN", "usage": 0},
				{"appName": "미세미세", "usage": 0},
				{"appName": "안드로이드 시스템", "usage": 0},
				{"appName": "원터치알림", "usage": 0},
				{"appName": "소프트웨어 업데이트", "usage": 0}
			]
		},
		"pickups": {"usage": 37},
		"downTime": {
			"usage": [
				{"hour": "0", "usage": 16},
				{"hour": "1", "usage": 60},
				{"hour": "2", "usage": 56},
				{"hour": "3", "usage": 49},
				{"hour": "4", "usage": 48},
				{"hour": "5", "usage": 22},
				{"hour": "6", "usage": 60},
				{"hour": "7", "usage": 54},
				{"hour": "8", "usage": 60},
				{"hour": "9", "usage": 46},
				{"hour": "10", "usage": 47},
				{"hour": "11", "usage": 49},
				{"hour": "12", "usage": 60},
				{"hour": "13", "usage": 56},
				{"hour": "14", "usage": 60},
				{"hour": "15", "usage": 47},
				{"hour": "16", "usage": 47},
				{"hour": "17", "usage": 28},
				{"hour": "18", "usage": 16},
				{"hour": "19", "usage": 23},
				{"hour": "21", "usage": 0},
				{"hour": "23", "usage": 12}
			],
			"details": [
				{"appName": "Samsung Experience 홈", "usage": [0, 1, 2, 3, 4, 5, 6, 7, 8, 9, 10, 11, 12, 13, 14, 15, 16, 17, 18, 19, 23]},
				{"appName": "카카오톡", "usage": [0, 1, 2, 3, 4, 5, 6, 7, 8, 9, 10, 11, 12, 13, 14, 15, 16, 18, 19]},
				{"appName": "Chrome", "usage": [0, 1, 2, 4, 5, 6, 7, 8, 9, 10, 11, 12, 13, 15, 16, 17, 18, 19]},
				{"appName": "디시인사이드", "usage": [1, 2, 3, 5, 6, 7, 8, 9, 10, 11, 12, 13, 14, 15, 17, 18, 19]},
				{"appName": "Paco", "usage": [1, 2, 3, 4, 7, 8, 9, 10, 11, 12]},
				{"appName": "Discord", "usage": [0, 1, 5, 7, 9, 11, 13, 15, 18, 19]},
				{"appName": "시스템 UI", "usage": [2, 5, 7, 10, 11, 12, 19]},
				{"appName": "FOW.KR", "usage": [1, 7, 14, 15, 19]},
				{"appName": "설정", "usage": [1, 4, 5, 15]},
				{"appName": "Polar Beat", "usage": [1, 4, 5, 15]},
				{"appName": "전화", "usage": [8, 9, 11]},
				{"appName": "시계", "usage": [0, 19, 23]},
				{"appName": "갤러리", "usage": [5, 7, 13]},
				{"appName": "Lite", "usage": [1, 11, 12]},
				{"appName": "토스", "usage": [3, 4]},
				{"appName": "밥대생", "usage": [8, 9]},
				{"appName": "멀티타이머", "usage": [13, 14]},
				{"appName": "EhViewer", "usage": [11, 13]},
				{"appName": "포토 에디터", "usage": [5]},
				{"appName": "패키지 설치 프로그램", "usage": [2]},
				{"appName": "카메라", "usage": [7]},
				{"appName": "원터치알림", "usage": [9]},
				{"appName": "연락처", "usage": [9]},
				{"appName": "안드로이드 시스템", "usage": [9]},
				{"appName": "소프트웨어 업데이트", "usage": [4]},
				{"appName": "배달요기요", "usage": [3]},
				{"appName": "미세미세", "usage": [4]},
				{"appName": "메모장", "usage": [2]},
				{"appName": "리멤버", "usage": [2]},
				{"appName": "NAVER", "usage": [2]},
				{"appName": "Meitu", "usage": [7]},
				{"appName": "KAIST Portal", "usage": [5]},
				{"appName": "Google Play 스토어", "usage": [2]},
				{"appName": "ExpressVPN", "usage": [11]}
			]
		},
		"maxTime": {
			"usage": 140,
			"details": [
				{"appName": "Chrome", "usage": 49},
				{"appName": "디시인사이드", "usage": 14},
				{"appName": "카카오톡", "usage": 14},
				{"appName": "토스", "usage": 10},
				{"appName": "리멤버", "usage": 10},
				{"appName": "Samsung Experience 홈", "usage": 10},
				{"appName": "시계", "usage": 10},
				{"appName": "Discord", "usage": 9},
				{"appName": "메모장", "usage": 8},
				{"appName": "Lite", "usage": 7},
				{"appName": "FOW.KR", "usage": 6},
				{"appName": "설정", "usage": 2},
				{"appName": "Polar Beat", "usage": 2},
				{"appName": "전화", "usage": 1},
				{"appName": "Paco", "usage": 1},
				{"appName": "KAIST Portal", "usage": 1},
				{"appName": "카메라", "usage": 1},
				{"appName": "포토 에디터", "usage": 0},
				{"appName": "EhViewer", "usage": 0},
				{"appName": "배달요기요", "usage": 0},
				{"appName": "갤러리", "usage": 0},
				{"appName": "밥대생", "usage": 0},
				{"appName": "연락처", "usage": 0},
				{"appName": "Google Play 스토어", "usage": 0},
				{"appName": "멀티타이머", "usage": 0},
				{"appName": "NAVER", "usage": 0},
				{"appName": "시스템 UI", "usage": 0},
				{"appName": "Meitu", "usage": 0},
				{"appName": "패키지 설치 프로그램", "usage": 0},
				{"appName": "안드로이드 시스템", "usage": 0},
				{"appName": "ExpressVPN", "usage": 0},
				{"appName": "미세미세", "usage": 0},
				{"appName": "원터치알림", "usage": 0},
				{"appName": "소프트웨어 업데이트", "usage": 0}
			]
		},
		"avgTime": {
			"usage": 24,
			"details": [
				{"appName": "Chrome", "usage": 4},
				{"appName": "Lite", "usage": 2},
				{"appName": "토스", "usage": 1},
				{"appName": "전화", "usage": 1},
				{"appName": "메모장", "usage": 1},
				{"appName": "KAIST Portal", "usage": 1},
				{"appName": "시계", "usage": 0},
				{"appName": "Discord", "usage": 0},
				{"appName": "카메라", "usage": 0},
				{"appName": "FOW.KR", "usage": 0},
				{"appName": "Polar Beat", "usage": 0},
				{"appName": "리멤버", "usage": 0},
				{"appName": "포토 에디터", "usage": 0},
				{"appName": "카카오톡", "usage": 0},
				{"appName": "디시인사이드", "usage": 0},
				{"appName": "EhViewer", "usage": 0},
				{"appName": "Paco", "usage": 0},
				{"appName": "설정", "usage": 0},
				{"appName": "Samsung Experience 홈", "usage": 0},
				{"appName": "갤러리", "usage": 0},
				{"appName": "배달요기요", "usage": 0},
				{"appName": "연락처", "usage": 0},
				{"appName": "밥대생", "usage": 0},
				{"appName": "멀티타이머", "usage": 0},
				{"appName": "안드로이드 시스템", "usage": 0},
				{"appName": "Google Play 스토어", "usage": 0},
				{"appName": "Meitu", "usage": 0},
				{"appName": "패키지 설치 프로그램", "usage": 0},
				{"appName": "시스템 UI", "usage": 0},
				{"appName": "NAVER", "usage": 0},
				{"appName": "미세미세", "usage": 0},
				{"appName": "ExpressVPN", "usage": 0},
				{"appName": "소프트웨어 업데이트", "usage": 0},
				{"appName": "원터치알림", "usage": 0}
			]
		},
		"lastPickup": {"time": 10}
	},
	{
		"date": 7,
		"totalTime": {
			"usage": 905,
			"details": [
				{"appName": "카카오톡", "usage": 83},
				{"appName": "Chrome", "usage": 82},
				{"appName": "네이버 지도", "usage": 66},
				{"appName": "디시인사이드", "usage": 18},
				{"appName": "Samsung Experience 홈", "usage": 13},
				{"appName": "Discord", "usage": 11},
				{"appName": "시계", "usage": 11},
				{"appName": "Lite", "usage": 3},
				{"appName": "FOW.KR", "usage": 3},
				{"appName": "Paco", "usage": 2},
				{"appName": "YouTube", "usage": 1},
				{"appName": "메시지", "usage": 1},
				{"appName": "메모장", "usage": 1},
				{"appName": "Polar Beat", "usage": 0},
				{"appName": "설정", "usage": 0},
				{"appName": "삼성 인터넷", "usage": 0},
				{"appName": "토스", "usage": 0},
				{"appName": "캘린더", "usage": 0},
				{"appName": "KAIST Portal", "usage": 0},
				{"appName": "시스템 UI", "usage": 0},
				{"appName": "원터치알림", "usage": 0},
				{"appName": "Google Play 서비스", "usage": 0}
			]
		},
		"pickups": {"usage": 50},
		"downTime": {
			"usage": [
				{"hour": "1", "usage": 11},
				{"hour": "2", "usage": 5},
				{"hour": "3", "usage": 5},
				{"hour": "4", "usage": 44},
				{"hour": "5", "usage": 0},
				{"hour": "6", "usage": 0},
				{"hour": "7", "usage": 34},
				{"hour": "8", "usage": 40},
				{"hour": "9", "usage": 45},
				{"hour": "10", "usage": 18},
				{"hour": "11", "usage": 39},
				{"hour": "12", "usage": 42},
				{"hour": "13", "usage": 20},
				{"hour": "14", "usage": 0}
			],
			"details": [
				{"appName": "Samsung Experience 홈", "usage": [1, 2, 4, 7, 8, 9, 10, 11, 12, 13, 14]},
				{"appName": "카카오톡", "usage": [2, 3, 4, 7, 8, 9, 10, 11, 12, 13]},
				{"appName": "Paco", "usage": [4, 7, 8, 9, 10, 11, 12]},
				{"appName": "Chrome", "usage": [4, 7, 9, 11, 12, 13]},
				{"appName": "디시인사이드", "usage": [9, 10, 12, 13, 14]},
				{"appName": "네이버 지도", "usage": [7, 8, 9, 10, 11]},
				{"appName": "Discord", "usage": [4, 7, 11, 12, 13]},
				{"appName": "시스템 UI", "usage": [9, 10, 11]},
				{"appName": "설정", "usage": [7, 9, 14]},
				{"appName": "메시지", "usage": [4, 7, 13]},
				{"appName": "원터치알림", "usage": [8, 9]},
				{"appName": "시계", "usage": [1, 2]},
				{"appName": "삼성 인터넷", "usage": [4, 7]},
				{"appName": "메모장", "usage": [8, 9]},
				{"appName": "Polar Beat", "usage": [7, 14]},
				{"appName": "Lite", "usage": [4, 7]},
				{"appName": "토스", "usage": [11]},
				{"appName": "캘린더", "usage": [7]},
				{"appName": "YouTube", "usage": [11]},
				{"appName": "KAIST Portal", "usage": [4]},
				{"appName": "Google Play 서비스", "usage": [4]},
				{"appName": "FOW.KR", "usage": [12]}
			]
		},
		"maxTime": {
			"usage": 596,
			"details": [
				{"appName": "Chrome", "usage": 20},
				{"appName": "네이버 지도", "usage": 20},
				{"appName": "카카오톡", "usage": 11},
				{"appName": "시계", "usage": 10},
				{"appName": "Samsung Experience 홈", "usage": 10},
				{"appName": "Discord", "usage": 6},
				{"appName": "FOW.KR", "usage": 2},
				{"appName": "디시인사이드", "usage": 2},
				{"appName": "Lite", "usage": 2},
				{"appName": "YouTube", "usage": 1},
				{"appName": "Polar Beat", "usage": 0},
				{"appName": "삼성 인터넷", "usage": 0},
				{"appName": "메시지", "usage": 0},
				{"appName": "메모장", "usage": 0},
				{"appName": "Paco", "usage": 0},
				{"appName": "토스", "usage": 0},
				{"appName": "캘린더", "usage": 0},
				{"appName": "KAIST Portal", "usage": 0},
				{"appName": "설정", "usage": 0},
				{"appName": "원터치알림", "usage": 0},
				{"appName": "Google Play 서비스", "usage": 0},
				{"appName": "시스템 UI", "usage": 0}
			]
		},
		"avgTime": {
			"usage": 18,
			"details": [
				{"appName": "네이버 지도", "usage": 2},
				{"appName": "Chrome", "usage": 2},
				{"appName": "시계", "usage": 0},
				{"appName": "Lite", "usage": 0},
				{"appName": "FOW.KR", "usage": 0},
				{"appName": "Discord", "usage": 0},
				{"appName": "YouTube", "usage": 0},
				{"appName": "캘린더", "usage": 0},
				{"appName": "메시지", "usage": 0},
				{"appName": "Samsung Experience 홈", "usage": 0},
				{"appName": "카카오톡", "usage": 0},
				{"appName": "삼성 인터넷", "usage": 0},
				{"appName": "디시인사이드", "usage": 0},
				{"appName": "Polar Beat", "usage": 0},
				{"appName": "KAIST Portal", "usage": 0},
				{"appName": "Paco", "usage": 0},
				{"appName": "메모장", "usage": 0},
				{"appName": "토스", "usage": 0},
				{"appName": "설정", "usage": 0},
				{"appName": "Google Play 서비스", "usage": 0},
				{"appName": "원터치알림", "usage": 0},
				{"appName": "시스템 UI", "usage": 0}
			]
		},
		"lastPickup": {"time": 596}
	}
]
