[
	{
		"date": 1,
		"totalTime": {
			"usage": 450,
			"details": [
				{"appName": "YouTube", "usage": 89},
				{"appName": "Facebook", "usage": 63},
				{"appName": "NAVER", "usage": 59},
				{"appName": "카카오톡", "usage": 55},
				{"appName": "삼성 인터넷", "usage": 46},
				{"appName": "캐시워크", "usage": 29},
				{"appName": "AfreecaTV", "usage": 27},
				{"appName": "Samsung Experience 홈", "usage": 22},
				{"appName": "메시지", "usage": 10},
				{"appName": "카카오뱅크", "usage": 9},
				{"appName": "Paco", "usage": 8},
				{"appName": "한국투자 주식", "usage": 5},
				{"appName": "알바천국", "usage": 3},
				{"appName": "알바몬", "usage": 2},
				{"appName": "Google Play 스토어", "usage": 2},
				{"appName": "설정", "usage": 2},
				{"appName": "코레일톡", "usage": 1},
				{"appName": "Polar Beat", "usage": 1},
				{"appName": "Microsoft Health", "usage": 0},
				{"appName": "Logger", "usage": 0},
				{"appName": "접근성", "usage": 0},
				{"appName": "카메라", "usage": 0},
				{"appName": "드라이브", "usage": 0},
				{"appName": "통화", "usage": 0},
				{"appName": "시계", "usage": 0},
				{"appName": "안드로이드 시스템", "usage": 0},
				{"appName": "패키지 설치 프로그램", "usage": 0},
				{"appName": "ABC Logger", "usage": 0},
				{"appName": "Droid-X 3.0", "usage": 0},
				{"appName": "원터치알림", "usage": 0}
			]
		},
		"pickups": {"usage": 143},
		"downTime": {
			"usage": [
				{"hour": "0", "usage": 55},
				{"hour": "1", "usage": 27},
				{"hour": "2", "usage": 16},
				{"hour": "3", "usage": 23},
				{"hour": "4", "usage": 31},
				{"hour": "5", "usage": 37},
				{"hour": "6", "usage": 56},
				{"hour": "7", "usage": 22},
				{"hour": "8", "usage": 18},
				{"hour": "9", "usage": 15},
				{"hour": "10", "usage": 0},
				{"hour": "11", "usage": 38},
				{"hour": "13", "usage": 31},
				{"hour": "14", "usage": 13},
				{"hour": "16", "usage": 12},
				{"hour": "17", "usage": 0},
				{"hour": "18", "usage": 6},
				{"hour": "19", "usage": 42}
			],
			"details": [
				{"appName": "Samsung Experience 홈", "usage": [0, 1, 2, 3, 4, 5, 6, 7, 8, 9, 10, 11, 13, 14, 16, 18, 19]},
				{"appName": "캐시워크", "usage": [0, 1, 2, 3, 4, 5, 6, 7, 8, 9, 10, 11, 13, 14]},
				{"appName": "카카오톡", "usage": [0, 1, 2, 3, 4, 5, 6, 7, 9, 10, 11, 13, 18, 19]},
				{"appName": "Facebook", "usage": [0, 1, 2, 3, 5, 6, 7, 8, 11, 14, 16, 18, 19]},
				{"appName": "삼성 인터넷", "usage": [1, 2, 3, 4, 5, 6, 7, 10, 11, 14, 16]},
				{"appName": "YouTube", "usage": [1, 3, 6, 7, 8, 9, 11, 13, 14, 19]},
				{"appName": "Paco", "usage": [2, 3, 5, 6, 8, 11, 13, 14]},
				{"appName": "Polar Beat", "usage": [5, 6, 8, 9, 14]},
				{"appName": "패키지 설치 프로그램", "usage": [8, 13]},
				{"appName": "카카오뱅크", "usage": [6, 13]},
				{"appName": "안드로이드 시스템", "usage": [4, 13]},
				{"appName": "메시지", "usage": [16, 18]},
				{"appName": "NAVER", "usage": [0, 19]},
				{"appName": "AfreecaTV", "usage": [5, 6]},
				{"appName": "한국투자 주식", "usage": [13]},
				{"appName": "통화", "usage": [7]},
				{"appName": "코레일톡", "usage": [14]},
				{"appName": "카메라", "usage": [5]},
				{"appName": "접근성", "usage": [8]},
				{"appName": "원터치알림", "usage": [13]},
				{"appName": "알바천국", "usage": [1]},
				{"appName": "알바몬", "usage": [1]},
				{"appName": "시계", "usage": [18]},
				{"appName": "설정", "usage": [8]},
				{"appName": "드라이브", "usage": [4]},
				{"appName": "Microsoft Health", "usage": [8]},
				{"appName": "Logger", "usage": [8]},
				{"appName": "Google Play 스토어", "usage": [13]},
				{"appName": "Droid-X 3.0", "usage": [13]},
				{"appName": "ABC Logger", "usage": [2]}
			]
		},
		"maxTime": {
			"usage": 60,
			"details": [
				{"appName": "YouTube", "usage": 33},
				{"appName": "NAVER", "usage": 15},
				{"appName": "삼성 인터넷", "usage": 12},
				{"appName": "Facebook", "usage": 10},
				{"appName": "캐시워크", "usage": 10},
				{"appName": "메시지", "usage": 10},
				{"appName": "Samsung Experience 홈", "usage": 10},
				{"appName": "AfreecaTV", "usage": 8},
				{"appName": "한국투자 주식", "usage": 5},
				{"appName": "설정", "usage": 2},
				{"appName": "카카오톡", "usage": 2},
				{"appName": "Paco", "usage": 1},
				{"appName": "카카오뱅크", "usage": 1},
				{"appName": "Google Play 스토어", "usage": 1},
				{"appName": "알바천국", "usage": 1},
				{"appName": "Polar Beat", "usage": 0},
				{"appName": "Microsoft Health", "usage": 0},
				{"appName": "알바몬", "usage": 0},
				{"appName": "접근성", "usage": 0},
				{"appName": "Logger", "usage": 0},
				{"appName": "코레일톡", "usage": 0},
				{"appName": "카메라", "usage": 0},
				{"appName": "드라이브", "usage": 0},
				{"appName": "통화", "usage": 0},
				{"appName": "시계", "usage": 0},
				{"appName": "ABC Logger", "usage": 0},
				{"appName": "Droid-X 3.0", "usage": 0},
				{"appName": "안드로이드 시스템", "usage": 0},
				{"appName": "패키지 설치 프로그램", "usage": 0},
				{"appName": "원터치알림", "usage": 0}
			]
		},
		"avgTime": {
			"usage": 3,
			"details": [
				{"appName": "YouTube", "usage": 3},
				{"appName": "메시지", "usage": 3},
				{"appName": "NAVER", "usage": 3},
				{"appName": "AfreecaTV", "usage": 2},
				{"appName": "삼성 인터넷", "usage": 1},
				{"appName": "한국투자 주식", "usage": 1},
				{"appName": "설정", "usage": 0},
				{"appName": "Facebook", "usage": 0},
				{"appName": "접근성", "usage": 0},
				{"appName": "알바몬", "usage": 0},
				{"appName": "알바천국", "usage": 0},
				{"appName": "Microsoft Health", "usage": 0},
				{"appName": "드라이브", "usage": 0},
				{"appName": "통화", "usage": 0},
				{"appName": "Paco", "usage": 0},
				{"appName": "Google Play 스토어", "usage": 0},
				{"appName": "코레일톡", "usage": 0},
				{"appName": "카메라", "usage": 0},
				{"appName": "시계", "usage": 0},
				{"appName": "Polar Beat", "usage": 0},
				{"appName": "Logger", "usage": 0},
				{"appName": "카카오톡", "usage": 0},
				{"appName": "캐시워크", "usage": 0},
				{"appName": "카카오뱅크", "usage": 0},
				{"appName": "Samsung Experience 홈", "usage": 0},
				{"appName": "안드로이드 시스템", "usage": 0},
				{"appName": "원터치알림", "usage": 0},
				{"appName": "ABC Logger", "usage": 0},
				{"appName": "Droid-X 3.0", "usage": 0},
				{"appName": "패키지 설치 프로그램", "usage": 0}
			]
		},
		"lastPickup": {"time": 47}
	},
	{
		"date": 2,
		"totalTime": {
			"usage": 581,
			"details": [
				{"appName": "Facebook", "usage": 25332},
				{"appName": "카카오톡", "usage": 143},
				{"appName": "YouTube", "usage": 133},
				{"appName": "캐시워크", "usage": 94},
				{"appName": "삼성 인터넷", "usage": 23},
				{"appName": "Samsung Experience 홈", "usage": 20},
				{"appName": "옥션", "usage": 14},
				{"appName": "픽테일 - NewYork", "usage": 14},
				{"appName": "통화", "usage": 9},
				{"appName": "카메라", "usage": 8},
				{"appName": "티몬", "usage": 7},
				{"appName": "시계", "usage": 6},
				{"appName": "Paco", "usage": 6},
				{"appName": "메시지", "usage": 5},
				{"appName": "AfreecaTV", "usage": 4},
				{"appName": "네이버 지도", "usage": 2},
				{"appName": "전화", "usage": 2},
				{"appName": "Google Play 스토어", "usage": 1},
				{"appName": "Samsung Pay", "usage": 0},
				{"appName": "설정", "usage": 0},
				{"appName": "Polar Beat", "usage": 0},
				{"appName": "밥대생", "usage": 0},
				{"appName": "Logger", "usage": 0},
				{"appName": "디바이스 케어", "usage": 0},
				{"appName": "안드로이드 시스템", "usage": 0},
				{"appName": "Samsung Notes", "usage": 0},
				{"appName": "Instagram", "usage": 0},
				{"appName": "접근성", "usage": 0},
				{"appName": "패키지 설치 프로그램", "usage": 0},
				{"appName": "Samsung Health", "usage": 0},
				{"appName": "원터치알림", "usage": 0}
			]
		},
		"pickups": {"usage": 444},
		"downTime": {
			"usage": [
				{"hour": "0", "usage": 51},
				{"hour": "1", "usage": 24},
				{"hour": "2", "usage": 43},
				{"hour": "3", "usage": 51},
				{"hour": "4", "usage": 52},
				{"hour": "5", "usage": 54},
				{"hour": "6", "usage": 27},
				{"hour": "7", "usage": 21},
				{"hour": "8", "usage": 10},
				{"hour": "9", "usage": 22},
				{"hour": "10", "usage": 43},
				{"hour": "11", "usage": 22},
				{"hour": "12", "usage": 11},
				{"hour": "13", "usage": 21},
				{"hour": "14", "usage": 9},
				{"hour": "15", "usage": 8},
				{"hour": "16", "usage": 12},
				{"hour": "17", "usage": 9},
				{"hour": "18", "usage": 16},
				{"hour": "19", "usage": 11},
				{"hour": "23", "usage": 9}
			],
			"details": [
				{"appName": "카카오톡", "usage": [0, 1, 2, 3, 4, 5, 6, 7, 8, 9, 10, 11, 12, 13, 14, 15, 16, 17, 18, 19]},
				{"appName": "Samsung Experience 홈", "usage": [0, 1, 2, 3, 4, 5, 6, 7, 8, 9, 10, 11, 12, 13, 14, 15, 16, 17, 18, 19]},
				{"appName": "캐시워크", "usage": [2, 3, 4, 5, 6, 7, 8, 9, 10, 11, 12, 13, 14, 15, 16, 17, 18, 19, 23]},
				{"appName": "Facebook", "usage": [0, 1, 2, 3, 4, 5, 6, 7, 8, 9, 10, 11, 12, 13, 14, 15, 16, 17]},
				{"appName": "삼성 인터넷", "usage": [1, 2, 3, 5, 10, 11, 12, 14, 15, 18, 19]},
				{"appName": "Paco", "usage": [1, 2, 4, 5, 6, 8, 9, 10]},
				{"appName": "YouTube", "usage": [0, 2, 3, 5, 6, 9, 10]},
				{"appName": "설정", "usage": [1, 3, 9, 10, 19]},
				{"appName": "카메라", "usage": [4, 5, 6, 13]},
				{"appName": "전화", "usage": [0, 13, 18, 19]},
				{"appName": "시계", "usage": [0, 9, 19, 23]},
				{"appName": "메시지", "usage": [1, 12, 17, 18]},
				{"appName": "픽테일 - NewYork", "usage": [4, 5, 18]},
				{"appName": "패키지 설치 프로그램", "usage": [1, 3, 10]},
				{"appName": "통화", "usage": [13, 18, 19]},
				{"appName": "접근성", "usage": [1, 10]},
				{"appName": "옥션", "usage": [4, 5]},
				{"appName": "Samsung Pay", "usage": [13, 19]},
				{"appName": "Polar Beat", "usage": [1, 10]},
				{"appName": "Logger", "usage": [1, 10]},
				{"appName": "Google Play 스토어", "usage": [3, 12]},
				{"appName": "AfreecaTV", "usage": [9, 18]},
				{"appName": "티몬", "usage": [4]},
				{"appName": "원터치알림", "usage": [23]},
				{"appName": "안드로이드 시스템", "usage": [3]},
				{"appName": "밥대생", "usage": [5]},
				{"appName": "디바이스 케어", "usage": [18]},
				{"appName": "네이버 지도", "usage": [3]},
				{"appName": "Samsung Notes", "usage": [3]},
				{"appName": "Samsung Health", "usage": [15]},
				{"appName": "Instagram", "usage": [2]}
			]
		},
		"maxTime": {
			"usage": 63,
			"details": [
				{"appName": "Facebook", "usage": 25295},
				{"appName": "YouTube", "usage": 44},
				{"appName": "캐시워크", "usage": 39},
				{"appName": "삼성 인터넷", "usage": 6},
				{"appName": "카카오톡", "usage": 6},
				{"appName": "픽테일 - NewYork", "usage": 4},
				{"appName": "카메라", "usage": 4},
				{"appName": "AfreecaTV", "usage": 4},
				{"appName": "옥션", "usage": 2},
				{"appName": "시계", "usage": 1},
				{"appName": "네이버 지도", "usage": 1},
				{"appName": "메시지", "usage": 1},
				{"appName": "통화", "usage": 1},
				{"appName": "Google Play 스토어", "usage": 1},
				{"appName": "Samsung Experience 홈", "usage": 1},
				{"appName": "티몬", "usage": 1},
				{"appName": "Paco", "usage": 0},
				{"appName": "전화", "usage": 0},
				{"appName": "Samsung Pay", "usage": 0},
				{"appName": "Polar Beat", "usage": 0},
				{"appName": "밥대생", "usage": 0},
				{"appName": "설정", "usage": 0},
				{"appName": "디바이스 케어", "usage": 0},
				{"appName": "Logger", "usage": 0},
				{"appName": "안드로이드 시스템", "usage": 0},
				{"appName": "Samsung Notes", "usage": 0},
				{"appName": "Instagram", "usage": 0},
				{"appName": "패키지 설치 프로그램", "usage": 0},
				{"appName": "접근성", "usage": 0},
				{"appName": "Samsung Health", "usage": 0},
				{"appName": "원터치알림", "usage": 0}
			]
		},
		"avgTime": {
			"usage": 1,
			"details": [
				{"appName": "Facebook", "usage": 444},
				{"appName": "YouTube", "usage": 7},
				{"appName": "카메라", "usage": 1},
				{"appName": "픽테일 - NewYork", "usage": 1},
				{"appName": "AfreecaTV", "usage": 0},
				{"appName": "옥션", "usage": 0},
				{"appName": "통화", "usage": 0},
				{"appName": "삼성 인터넷", "usage": 0},
				{"appName": "네이버 지도", "usage": 0},
				{"appName": "시계", "usage": 0},
				{"appName": "티몬", "usage": 0},
				{"appName": "메시지", "usage": 0},
				{"appName": "Google Play 스토어", "usage": 0},
				{"appName": "카카오톡", "usage": 0},
				{"appName": "전화", "usage": 0},
				{"appName": "Paco", "usage": 0},
				{"appName": "캐시워크", "usage": 0},
				{"appName": "Samsung Pay", "usage": 0},
				{"appName": "밥대생", "usage": 0},
				{"appName": "Polar Beat", "usage": 0},
				{"appName": "안드로이드 시스템", "usage": 0},
				{"appName": "Logger", "usage": 0},
				{"appName": "Samsung Notes", "usage": 0},
				{"appName": "Instagram", "usage": 0},
				{"appName": "디바이스 케어", "usage": 0},
				{"appName": "설정", "usage": 0},
				{"appName": "Samsung Experience 홈", "usage": 0},
				{"appName": "접근성", "usage": 0},
				{"appName": "패키지 설치 프로그램", "usage": 0},
				{"appName": "Samsung Health", "usage": 0},
				{"appName": "원터치알림", "usage": 0}
			]
		},
		"lastPickup": {"time": 44}
	},
	{
		"date": 3,
		"totalTime": {
			"usage": 327,
			"details": [
				{"appName": "YouTube", "usage": 67},
				{"appName": "캐시워크", "usage": 62},
				{"appName": "삼성 인터넷", "usage": 50},
				{"appName": "카카오톡", "usage": 45},
				{"appName": "Facebook", "usage": 40},
				{"appName": "Samsung Experience 홈", "usage": 25},
				{"appName": "Samsung Pay", "usage": 7},
				{"appName": "통화", "usage": 6},
				{"appName": "Paco", "usage": 2},
				{"appName": "에브리타임", "usage": 2},
				{"appName": "전화", "usage": 2},
				{"appName": "갤러리", "usage": 1},
				{"appName": "카카오뱅크", "usage": 0},
				{"appName": "Microsoft Health", "usage": 0},
				{"appName": "메시지", "usage": 0},
				{"appName": "Polar Beat", "usage": 0},
				{"appName": "드라이브", "usage": 0},
				{"appName": "Logger", "usage": 0},
				{"appName": "Samsung Notes", "usage": 0},
				{"appName": "패키지 설치 프로그램", "usage": 0},
				{"appName": "ABC Logger", "usage": 0},
				{"appName": "시계", "usage": 0}
			]
		},
		"pickups": {"usage": 242},
		"downTime": {
			"usage": [
				{"hour": "0", "usage": 57},
				{"hour": "1", "usage": 26},
				{"hour": "2", "usage": 7},
				{"hour": "3", "usage": 3},
				{"hour": "4", "usage": 7},
				{"hour": "5", "usage": 12},
				{"hour": "7", "usage": 12},
				{"hour": "8", "usage": 0},
				{"hour": "9", "usage": 0},
				{"hour": "10", "usage": 11},
				{"hour": "11", "usage": 35},
				{"hour": "12", "usage": 11},
				{"hour": "13", "usage": 1},
				{"hour": "14", "usage": 30},
				{"hour": "15", "usage": 23},
				{"hour": "16", "usage": 6},
				{"hour": "18", "usage": 12},
				{"hour": "19", "usage": 42},
				{"hour": "21", "usage": 14},
				{"hour": "22", "usage": 0},
				{"hour": "23", "usage": 9}
			],
			"details": [
				{"appName": "Samsung Experience 홈", "usage": [1, 2, 3, 4, 5, 7, 8, 9, 10, 11, 12, 13, 14, 15, 16, 18, 19, 21, 23]},
				{"appName": "카카오톡", "usage": [1, 2, 3, 4, 5, 7, 10, 11, 12, 14, 15, 16, 18, 19, 21, 23]},
				{"appName": "캐시워크", "usage": [0, 1, 2, 3, 4, 5, 6, 7, 19, 21, 22, 23]},
				{"appName": "Facebook", "usage": [1, 2, 4, 10, 11, 12, 13, 14, 15, 16, 18]},
				{"appName": "삼성 인터넷", "usage": [3, 10, 11, 12, 14, 15, 16, 21, 22, 23]},
				{"appName": "Paco", "usage": [7, 8, 9, 10, 11, 12, 14, 15, 18]},
				{"appName": "통화", "usage": [11, 12, 13, 14, 23]},
				{"appName": "전화", "usage": [2, 11, 12, 14, 23]},
				{"appName": "Samsung Pay", "usage": [11, 14, 15, 18]},
				{"appName": "YouTube", "usage": [1, 19, 21]},
				{"appName": "패키지 설치 프로그램", "usage": [2, 7]},
				{"appName": "Polar Beat", "usage": [7, 19]},
				{"appName": "카카오뱅크", "usage": [5]},
				{"appName": "에브리타임", "usage": [11]},
				{"appName": "시계", "usage": [1]},
				{"appName": "메시지", "usage": [9]},
				{"appName": "드라이브", "usage": [23]},
				{"appName": "갤러리", "usage": [14]},
				{"appName": "Samsung Notes", "usage": [4]},
				{"appName": "Microsoft Health", "usage": [7]},
				{"appName": "Logger", "usage": [7]},
				{"appName": "ABC Logger", "usage": [7]}
			]
		},
		"maxTime": {
			"usage": 57,
			"details": [
				{"appName": "캐시워크", "usage": 57},
				{"appName": "YouTube", "usage": 41},
				{"appName": "Samsung Experience 홈", "usage": 10},
				{"appName": "Facebook", "usage": 5},
				{"appName": "삼성 인터넷", "usage": 5},
				{"appName": "카카오톡", "usage": 2},
				{"appName": "통화", "usage": 1},
				{"appName": "갤러리", "usage": 1},
				{"appName": "Samsung Pay", "usage": 1},
				{"appName": "전화", "usage": 1},
				{"appName": "에브리타임", "usage": 0},
				{"appName": "Microsoft Health", "usage": 0},
				{"appName": "카카오뱅크", "usage": 0},
				{"appName": "Paco", "usage": 0},
				{"appName": "드라이브", "usage": 0},
				{"appName": "메시지", "usage": 0},
				{"appName": "Logger", "usage": 0},
				{"appName": "Polar Beat", "usage": 0},
				{"appName": "패키지 설치 프로그램", "usage": 0},
				{"appName": "ABC Logger", "usage": 0},
				{"appName": "Samsung Notes", "usage": 0},
				{"appName": "시계", "usage": 0}
			]
		},
		"avgTime": {
			"usage": 1,
			"details": [
				{"appName": "YouTube", "usage": 8},
				{"appName": "삼성 인터넷", "usage": 1},
				{"appName": "통화", "usage": 0},
				{"appName": "Facebook", "usage": 0},
				{"appName": "갤러리", "usage": 0},
				{"appName": "캐시워크", "usage": 0},
				{"appName": "Samsung Pay", "usage": 0},
				{"appName": "드라이브", "usage": 0},
				{"appName": "Microsoft Health", "usage": 0},
				{"appName": "에브리타임", "usage": 0},
				{"appName": "전화", "usage": 0},
				{"appName": "카카오톡", "usage": 0},
				{"appName": "Paco", "usage": 0},
				{"appName": "Samsung Experience 홈", "usage": 0},
				{"appName": "Logger", "usage": 0},
				{"appName": "메시지", "usage": 0},
				{"appName": "Polar Beat", "usage": 0},
				{"appName": "카카오뱅크", "usage": 0},
				{"appName": "패키지 설치 프로그램", "usage": 0},
				{"appName": "Samsung Notes", "usage": 0},
				{"appName": "ABC Logger", "usage": 0},
				{"appName": "시계", "usage": 0}
			]
		},
		"lastPickup": {"time": 0}
	},
	{
		"date": 4,
		"totalTime": {
			"usage": 364,
			"details": [
				{"appName": "카카오톡", "usage": 81},
				{"appName": "드라이브", "usage": 56},
				{"appName": "YouTube", "usage": 55},
				{"appName": "Facebook", "usage": 53},
				{"appName": "YouTube Music", "usage": 20},
				{"appName": "Samsung Experience 홈", "usage": 18},
				{"appName": "삼성 인터넷", "usage": 16},
				{"appName": "캐시워크", "usage": 14},
				{"appName": "모바일 티머니", "usage": 10},
				{"appName": "Samsung Pay", "usage": 9},
				{"appName": "코레일톡", "usage": 8},
				{"appName": "Paco", "usage": 3},
				{"appName": "통화", "usage": 2},
				{"appName": "설정", "usage": 1},
				{"appName": "Google Play 스토어", "usage": 1},
				{"appName": "Polar Beat", "usage": 1},
				{"appName": "밥대생", "usage": 0},
				{"appName": "카카오뱅크", "usage": 0},
				{"appName": "시계", "usage": 0},
				{"appName": "전화", "usage": 0},
				{"appName": "CaptivePortalLogin", "usage": 0},
				{"appName": "패키지 설치 프로그램", "usage": 0},
				{"appName": "메시지", "usage": 0},
				{"appName": "접근성", "usage": 0},
				{"appName": "Logger", "usage": 0}
			]
		},
		"pickups": {"usage": 163},
		"downTime": {
			"usage": [
				{"hour": "0", "usage": 24},
				{"hour": "1", "usage": 46},
				{"hour": "2", "usage": 7},
				{"hour": "3", "usage": 49},
				{"hour": "4", "usage": 13},
				{"hour": "5", "usage": 17},
				{"hour": "6", "usage": 20},
				{"hour": "7", "usage": 17},
				{"hour": "8", "usage": 21},
				{"hour": "9", "usage": 6},
				{"hour": "10", "usage": 0},
				{"hour": "11", "usage": 1},
				{"hour": "12", "usage": 0},
				{"hour": "13", "usage": 2},
				{"hour": "14", "usage": 29},
				{"hour": "15", "usage": 2},
				{"hour": "16", "usage": 26},
				{"hour": "22", "usage": 24},
				{"hour": "23", "usage": 28}
			],
			"details": [
				{"appName": "Samsung Experience 홈", "usage": [0, 1, 2, 3, 4, 5, 6, 7, 8, 9, 10, 11, 12, 13, 14, 15, 16, 22, 23]},
				{"appName": "카카오톡", "usage": [0, 1, 2, 3, 4, 5, 6, 8, 9, 13, 14, 15, 16, 22, 23]},
				{"appName": "캐시워크", "usage": [0, 1, 2, 3, 4, 5, 6, 7, 8, 9, 10, 11, 12, 13]},
				{"appName": "Facebook", "usage": [2, 3, 5, 6, 8, 9, 13, 14, 16, 22, 23]},
				{"appName": "Paco", "usage": [6, 8, 9, 10, 11, 12, 13, 15, 16, 23]},
				{"appName": "삼성 인터넷", "usage": [0, 1, 2, 3, 23]},
				{"appName": "YouTube", "usage": [3, 7, 8, 16, 22]},
				{"appName": "Samsung Pay", "usage": [2, 3, 6, 9, 23]},
				{"appName": "코레일톡", "usage": [5, 8, 16, 23]},
				{"appName": "설정", "usage": [3, 6, 22, 23]},
				{"appName": "통화", "usage": [4, 8, 16]},
				{"appName": "전화", "usage": [5, 8, 16]},
				{"appName": "드라이브", "usage": [0, 1, 2]},
				{"appName": "Polar Beat", "usage": [6, 16, 23]},
				{"appName": "패키지 설치 프로그램", "usage": [6, 23]},
				{"appName": "접근성", "usage": [6, 22]},
				{"appName": "시계", "usage": [16, 22]},
				{"appName": "카카오뱅크", "usage": [16]},
				{"appName": "밥대생", "usage": [9]},
				{"appName": "모바일 티머니", "usage": [23]},
				{"appName": "메시지", "usage": [5]},
				{"appName": "YouTube Music", "usage": [23]},
				{"appName": "Logger", "usage": [6]},
				{"appName": "Google Play 스토어", "usage": [23]},
				{"appName": "CaptivePortalLogin", "usage": [23]}
			]
		},
		"maxTime": {
			"usage": 43,
			"details": [
				{"appName": "드라이브", "usage": 28},
				{"appName": "YouTube", "usage": 18},
				{"appName": "YouTube Music", "usage": 17},
				{"appName": "캐시워크", "usage": 10},
				{"appName": "카카오톡", "usage": 8},
				{"appName": "Samsung Experience 홈", "usage": 6},
				{"appName": "삼성 인터넷", "usage": 6},
				{"appName": "Facebook", "usage": 3},
				{"appName": "모바일 티머니", "usage": 3},
				{"appName": "Samsung Pay", "usage": 1},
				{"appName": "통화", "usage": 0},
				{"appName": "코레일톡", "usage": 0},
				{"appName": "Paco", "usage": 0},
				{"appName": "Polar Beat", "usage": 0},
				{"appName": "카카오뱅크", "usage": 0},
				{"appName": "Google Play 스토어", "usage": 0},
				{"appName": "밥대생", "usage": 0},
				{"appName": "설정", "usage": 0},
				{"appName": "CaptivePortalLogin", "usage": 0},
				{"appName": "전화", "usage": 0},
				{"appName": "시계", "usage": 0},
				{"appName": "패키지 설치 프로그램", "usage": 0},
				{"appName": "메시지", "usage": 0},
				{"appName": "Logger", "usage": 0},
				{"appName": "접근성", "usage": 0}
			]
		},
		"avgTime": {
			"usage": 2,
			"details": [
				{"appName": "드라이브", "usage": 6},
				{"appName": "YouTube Music", "usage": 4},
				{"appName": "YouTube", "usage": 2},
				{"appName": "삼성 인터넷", "usage": 1},
				{"appName": "Facebook", "usage": 0},
				{"appName": "통화", "usage": 0},
				{"appName": "모바일 티머니", "usage": 0},
				{"appName": "Samsung Pay", "usage": 0},
				{"appName": "카카오톡", "usage": 0},
				{"appName": "CaptivePortalLogin", "usage": 0},
				{"appName": "코레일톡", "usage": 0},
				{"appName": "밥대생", "usage": 0},
				{"appName": "Polar Beat", "usage": 0},
				{"appName": "설정", "usage": 0},
				{"appName": "카카오뱅크", "usage": 0},
				{"appName": "Paco", "usage": 0},
				{"appName": "Samsung Experience 홈", "usage": 0},
				{"appName": "Google Play 스토어", "usage": 0},
				{"appName": "전화", "usage": 0},
				{"appName": "시계", "usage": 0},
				{"appName": "캐시워크", "usage": 0},
				{"appName": "메시지", "usage": 0},
				{"appName": "패키지 설치 프로그램", "usage": 0},
				{"appName": "접근성", "usage": 0},
				{"appName": "Logger", "usage": 0}
			]
		},
		"lastPickup": {"time": 22}
	},
	{
		"date": 5,
		"totalTime": {
			"usage": 492,
			"details": [
				{"appName": "카카오톡", "usage": 128},
				{"appName": "삼성 인터넷", "usage": 96},
				{"appName": "Facebook", "usage": 67},
				{"appName": "YouTube", "usage": 48},
				{"appName": "YouTube Music", "usage": 34},
				{"appName": "AfreecaTV", "usage": 32},
				{"appName": "Samsung Experience 홈", "usage": 24},
				{"appName": "Paco", "usage": 4},
				{"appName": "Samsung Pay", "usage": 2},
				{"appName": "메시지", "usage": 2},
				{"appName": "통화", "usage": 2},
				{"appName": "원터치개인", "usage": 1},
				{"appName": "실행 프로그램", "usage": 1},
				{"appName": "Samsung Music", "usage": 1},
				{"appName": "갤러리", "usage": 0},
				{"appName": "카메라", "usage": 0},
				{"appName": "설정", "usage": 0},
				{"appName": "Polar Beat", "usage": 0},
				{"appName": "네이버 지도", "usage": 0},
				{"appName": "디바이스 케어", "usage": 0},
				{"appName": "모바일 티머니", "usage": 0},
				{"appName": "전화", "usage": 0},
				{"appName": "안드로이드 시스템", "usage": 0},
				{"appName": "Samsung Notes", "usage": 0},
				{"appName": "접근성", "usage": 0}
			]
		},
		"pickups": {"usage": 110},
		"downTime": {
			"usage": [
				{"hour": "0", "usage": 49},
				{"hour": "1", "usage": 57},
				{"hour": "2", "usage": 54},
				{"hour": "3", "usage": 14},
				{"hour": "4", "usage": 26},
				{"hour": "5", "usage": 50},
				{"hour": "6", "usage": 6},
				{"hour": "7", "usage": 11},
				{"hour": "8", "usage": 39},
				{"hour": "9", "usage": 10},
				{"hour": "10", "usage": 18},
				{"hour": "11", "usage": 8},
				{"hour": "12", "usage": 17},
				{"hour": "13", "usage": 45},
				{"hour": "14", "usage": 60},
				{"hour": "15", "usage": 21}
			],
			"details": [
				{"appName": "Samsung Experience 홈", "usage": [0, 1, 2, 3, 4, 5, 6, 7, 8, 9, 10, 11, 12, 13, 14, 15]},
				{"appName": "카카오톡", "usage": [0, 1, 2, 3, 4, 5, 7, 8, 9, 10, 11, 12, 13, 14, 15]},
				{"appName": "삼성 인터넷", "usage": [0, 1, 2, 3, 4, 5, 6, 7, 8, 9, 10, 12, 14]},
				{"appName": "Facebook", "usage": [0, 1, 2, 3, 4, 7, 8, 10, 11, 12]},
				{"appName": "Paco", "usage": [0, 1, 2, 4, 5, 6, 8, 10, 12]},
				{"appName": "YouTube", "usage": [1, 2, 4, 5, 8, 10, 13]},
				{"appName": "메시지", "usage": [1, 2, 3, 4, 14]},
				{"appName": "AfreecaTV", "usage": [8, 10, 11, 12, 13]},
				{"appName": "Samsung Music", "usage": [0, 2, 7, 8]},
				{"appName": "Polar Beat", "usage": [0, 1, 4, 12]},
				{"appName": "모바일 티머니", "usage": [0, 3, 4]},
				{"appName": "통화", "usage": [8, 9]},
				{"appName": "카메라", "usage": [2, 7]},
				{"appName": "전화", "usage": [8, 14]},
				{"appName": "실행 프로그램", "usage": [2, 3]},
				{"appName": "설정", "usage": [4, 12]},
				{"appName": "디바이스 케어", "usage": [1, 2]},
				{"appName": "Samsung Pay", "usage": [1, 2]},
				{"appName": "접근성", "usage": [12]},
				{"appName": "원터치개인", "usage": [12]},
				{"appName": "안드로이드 시스템", "usage": [14]},
				{"appName": "네이버 지도", "usage": [2]},
				{"appName": "갤러리", "usage": [7]},
				{"appName": "YouTube Music", "usage": [0]},
				{"appName": "Samsung Notes", "usage": [11]}
			]
		},
		"maxTime": {
			"usage": 103,
			"details": [
				{"appName": "YouTube Music", "usage": 27},
				{"appName": "카카오톡", "usage": 19},
				{"appName": "YouTube", "usage": 19},
				{"appName": "AfreecaTV", "usage": 11},
				{"appName": "삼성 인터넷", "usage": 11},
				{"appName": "Samsung Experience 홈", "usage": 10},
				{"appName": "Facebook", "usage": 5},
				{"appName": "통화", "usage": 1},
				{"appName": "Samsung Music", "usage": 1},
				{"appName": "원터치개인", "usage": 1},
				{"appName": "Samsung Pay", "usage": 0},
				{"appName": "메시지", "usage": 0},
				{"appName": "갤러리", "usage": 0},
				{"appName": "실행 프로그램", "usage": 0},
				{"appName": "네이버 지도", "usage": 0},
				{"appName": "Paco", "usage": 0},
				{"appName": "설정", "usage": 0},
				{"appName": "디바이스 케어", "usage": 0},
				{"appName": "카메라", "usage": 0},
				{"appName": "Polar Beat", "usage": 0},
				{"appName": "안드로이드 시스템", "usage": 0},
				{"appName": "Samsung Notes", "usage": 0},
				{"appName": "전화", "usage": 0},
				{"appName": "모바일 티머니", "usage": 0},
				{"appName": "접근성", "usage": 0}
			]
		},
		"avgTime": {
			"usage": 4,
			"details": [
				{"appName": "YouTube Music", "usage": 11},
				{"appName": "YouTube", "usage": 2},
				{"appName": "삼성 인터넷", "usage": 1},
				{"appName": "AfreecaTV", "usage": 1},
				{"appName": "Facebook", "usage": 0},
				{"appName": "통화", "usage": 0},
				{"appName": "카카오톡", "usage": 0},
				{"appName": "실행 프로그램", "usage": 0},
				{"appName": "네이버 지도", "usage": 0},
				{"appName": "Samsung Pay", "usage": 0},
				{"appName": "안드로이드 시스템", "usage": 0},
				{"appName": "메시지", "usage": 0},
				{"appName": "Samsung Music", "usage": 0},
				{"appName": "카메라", "usage": 0},
				{"appName": "Samsung Notes", "usage": 0},
				{"appName": "디바이스 케어", "usage": 0},
				{"appName": "원터치개인", "usage": 0},
				{"appName": "갤러리", "usage": 0},
				{"appName": "Paco", "usage": 0},
				{"appName": "Samsung Experience 홈", "usage": 0},
				{"appName": "설정", "usage": 0},
				{"appName": "모바일 티머니", "usage": 0},
				{"appName": "전화", "usage": 0},
				{"appName": "Polar Beat", "usage": 0},
				{"appName": "접근성", "usage": 0}
			]
		},
		"lastPickup": {"time": 103}
	},
	{
		"date": 6,
		"totalTime": {
			"usage": 1003,
			"details": [
				{"appName": "AfreecaTV", "usage": 272},
				{"appName": "YouTube", "usage": 191},
				{"appName": "Facebook", "usage": 133},
				{"appName": "카카오톡", "usage": 53},
				{"appName": "삼성 인터넷", "usage": 20},
				{"appName": "Samsung Experience 홈", "usage": 6},
				{"appName": "Paco", "usage": 3},
				{"appName": "Polar Beat", "usage": 0},
				{"appName": "통화", "usage": 0},
				{"appName": "전화", "usage": 0},
				{"appName": "설정", "usage": 0}
			]
		},
		"pickups": {"usage": 69},
		"downTime": {
			"usage": [
				{"hour": "0", "usage": 30},
				{"hour": "1", "usage": 11},
				{"hour": "2", "usage": 9},
				{"hour": "3", "usage": 19},
				{"hour": "4", "usage": 16},
				{"hour": "5", "usage": 25},
				{"hour": "6", "usage": 58},
				{"hour": "7", "usage": 60},
				{"hour": "8", "usage": 52},
				{"hour": "10", "usage": 22},
				{"hour": "11", "usage": 52},
				{"hour": "12", "usage": 59},
				{"hour": "13", "usage": 6},
				{"hour": "14", "usage": 12}
			],
			"details": [
				{"appName": "Samsung Experience 홈", "usage": [0, 1, 2, 3, 4, 5, 6, 7, 8, 10, 11, 12, 13, 14, 15, 23]},
				{"appName": "카카오톡", "usage": [0, 1, 2, 3, 4, 5, 6, 7, 10, 11, 12, 13, 14, 15, 23]},
				{"appName": "Facebook", "usage": [0, 1, 2, 3, 4, 5, 6, 7, 8, 10, 11, 12, 13, 15, 23]},
				{"appName": "YouTube", "usage": [3, 4, 5, 6, 7, 8, 11, 12, 14, 15]},
				{"appName": "AfreecaTV", "usage": [6, 7, 8, 11, 12, 14, 15, 16, 17, 18]},
				{"appName": "Paco", "usage": [1, 2, 3, 7, 8, 11, 12, 14]},
				{"appName": "삼성 인터넷", "usage": [0, 1, 3, 4, 5, 7, 8]},
				{"appName": "Polar Beat", "usage": [0, 1, 14]},
				{"appName": "전화", "usage": [2, 23]},
				{"appName": "통화", "usage": [2]},
				{"appName": "설정", "usage": [23]}
			]
		},
		"maxTime": {
			"usage": 568,
			"details": [
				{"appName": "AfreecaTV", "usage": 192},
				{"appName": "YouTube", "usage": 33},
				{"appName": "Facebook", "usage": 14},
				{"appName": "삼성 인터넷", "usage": 8},
				{"appName": "카카오톡", "usage": 1},
				{"appName": "Paco", "usage": 0},
				{"appName": "통화", "usage": 0},
				{"appName": "Polar Beat", "usage": 0},
				{"appName": "Samsung Experience 홈", "usage": 0},
				{"appName": "전화", "usage": 0},
				{"appName": "설정", "usage": 0}
			]
		},
		"avgTime": {
			"usage": 14,
			"details": [
				{"appName": "AfreecaTV", "usage": 8},
				{"appName": "YouTube", "usage": 4},
				{"appName": "삼성 인터넷", "usage": 1},
				{"appName": "Facebook", "usage": 1},
				{"appName": "통화", "usage": 0},
				{"appName": "카카오톡", "usage": 0},
				{"appName": "Paco", "usage": 0},
				{"appName": "Polar Beat", "usage": 0},
				{"appName": "Samsung Experience 홈", "usage": 0},
				{"appName": "전화", "usage": 0},
				{"appName": "설정", "usage": 0}
			]
		},
		"lastPickup": {"time": 568}
	},
	{
		"date": 7,
		"totalTime": {
			"usage": 404,
			"details": [
				{"appName": "YouTube", "usage": 115},
				{"appName": "카카오톡", "usage": 73},
				{"appName": "삼성 인터넷", "usage": 73},
				{"appName": "Facebook", "usage": 61},
				{"appName": "AfreecaTV", "usage": 39},
				{"appName": "Samsung Experience 홈", "usage": 15},
				{"appName": "갤러리", "usage": 5},
				{"appName": "코레일톡", "usage": 4},
				{"appName": "Samsung Pay", "usage": 1},
				{"appName": "Paco", "usage": 1},
				{"appName": "Messenger", "usage": 1},
				{"appName": "모바일 티머니", "usage": 1},
				{"appName": "카카오뱅크", "usage": 0},
				{"appName": "메시지", "usage": 0},
				{"appName": "CaptivePortalLogin", "usage": 0},
				{"appName": "Polar Beat", "usage": 0},
				{"appName": "Samsung Music", "usage": 0},
				{"appName": "통화", "usage": 0},
				{"appName": "설정", "usage": 0},
				{"appName": "Google Play 서비스", "usage": 0},
				{"appName": "NAVER", "usage": 0},
				{"appName": "ISP/페이북", "usage": 0}
			]
		},
		"pickups": {"usage": 109},
		"downTime": {
			"usage": [
				{"hour": "0", "usage": 48},
				{"hour": "1", "usage": 53},
				{"hour": "2", "usage": 12},
				{"hour": "3", "usage": 43},
				{"hour": "4", "usage": 48},
				{"hour": "5", "usage": 51},
				{"hour": "6", "usage": 45},
				{"hour": "7", "usage": 54},
				{"hour": "8", "usage": 5},
				{"hour": "9", "usage": 31},
				{"hour": "10", "usage": 9}
			],
			"details": [
				{"appName": "Samsung Experience 홈", "usage": [0, 1, 2, 3, 4, 5, 6, 7, 9, 10]},
				{"appName": "카카오톡", "usage": [0, 1, 2, 3, 4, 5, 6, 7, 9]},
				{"appName": "Facebook", "usage": [0, 1, 2, 3, 4, 5, 6, 7]},
				{"appName": "삼성 인터넷", "usage": [1, 2, 3, 4, 5, 6, 7]},
				{"appName": "YouTube", "usage": [0, 5, 6, 7, 8, 9, 10]},
				{"appName": "Paco", "usage": [1, 3, 4, 5, 6, 9]},
				{"appName": "모바일 티머니", "usage": [1, 2, 3, 4]},
				{"appName": "Messenger", "usage": [3, 4, 6, 10]},
				{"appName": "Polar Beat", "usage": [1, 2, 5]},
				{"appName": "코레일톡", "usage": [1, 5]},
				{"appName": "설정", "usage": [5, 6]},
				{"appName": "메시지", "usage": [4, 7]},
				{"appName": "갤러리", "usage": [1, 5]},
				{"appName": "Samsung Music", "usage": [2, 3]},
				{"appName": "CaptivePortalLogin", "usage": [5, 6]},
				{"appName": "AfreecaTV", "usage": [0, 1]},
				{"appName": "통화", "usage": [1]},
				{"appName": "카카오뱅크", "usage": [10]},
				{"appName": "Samsung Pay", "usage": [4]},
				{"appName": "NAVER", "usage": [5]},
				{"appName": "ISP/페이북", "usage": [5]},
				{"appName": "Google Play 서비스", "usage": [7]}
			]
		},
		"maxTime": {
			"usage": 53,
			"details": [
				{"appName": "YouTube", "usage": 31},
				{"appName": "AfreecaTV", "usage": 12},
				{"appName": "Facebook", "usage": 11},
				{"appName": "삼성 인터넷", "usage": 7},
				{"appName": "카카오톡", "usage": 1},
				{"appName": "갤러리", "usage": 1},
				{"appName": "Samsung Experience 홈", "usage": 1},
				{"appName": "코레일톡", "usage": 0},
				{"appName": "Samsung Pay", "usage": 0},
				{"appName": "Messenger", "usage": 0},
				{"appName": "메시지", "usage": 0},
				{"appName": "CaptivePortalLogin", "usage": 0},
				{"appName": "모바일 티머니", "usage": 0},
				{"appName": "통화", "usage": 0},
				{"appName": "Paco", "usage": 0},
				{"appName": "카카오뱅크", "usage": 0},
				{"appName": "Samsung Music", "usage": 0},
				{"appName": "Polar Beat", "usage": 0},
				{"appName": "설정", "usage": 0},
				{"appName": "Google Play 서비스", "usage": 0},
				{"appName": "NAVER", "usage": 0},
				{"appName": "ISP/페이북", "usage": 0}
			]
		},
		"avgTime": {
			"usage": 3,
			"details": [
				{"appName": "YouTube", "usage": 4},
				{"appName": "AfreecaTV", "usage": 2},
				{"appName": "삼성 인터넷", "usage": 0},
				{"appName": "갤러리", "usage": 0},
				{"appName": "Facebook", "usage": 0},
				{"appName": "Samsung Pay", "usage": 0},
				{"appName": "통화", "usage": 0},
				{"appName": "CaptivePortalLogin", "usage": 0},
				{"appName": "코레일톡", "usage": 0},
				{"appName": "카카오톡", "usage": 0},
				{"appName": "메시지", "usage": 0},
				{"appName": "Samsung Music", "usage": 0},
				{"appName": "Paco", "usage": 0},
				{"appName": "Messenger", "usage": 0},
				{"appName": "모바일 티머니", "usage": 0},
				{"appName": "Samsung Experience 홈", "usage": 0},
				{"appName": "설정", "usage": 0},
				{"appName": "카카오뱅크", "usage": 0},
				{"appName": "Polar Beat", "usage": 0},
				{"appName": "Google Play 서비스", "usage": 0},
				{"appName": "NAVER", "usage": 0},
				{"appName": "ISP/페이북", "usage": 0}
			]
		},
		"lastPickup": {"time": 2}
	}
]
