[
	{
		"date": 1,
		"totalTime": {
			"usage": 453,
			"details": [
				{"appName": "문피아", "usage": 93},
				{"appName": "트위터", "usage": 85},
				{"appName": "YouTube", "usage": 40},
				{"appName": "마이리틀셰프", "usage": 39},
				{"appName": "카카오톡", "usage": 30},
				{"appName": "Chrome", "usage": 24},
				{"appName": "소프트웨어 업데이트", "usage": 16},
				{"appName": "리디북스", "usage": 11},
				{"appName": "카카오페이지", "usage": 10},
				{"appName": "Walkr", "usage": 8},
				{"appName": "10000!", "usage": 8},
				{"appName": "TouchWiz 홈", "usage": 8},
				{"appName": "시계", "usage": 7},
				{"appName": "알파카", "usage": 3},
				{"appName": "네이버 웹툰", "usage": 3},
				{"appName": "Paco", "usage": 2},
				{"appName": "시스템 UI", "usage": 1},
				{"appName": "T전화", "usage": 1},
				{"appName": "Todoist", "usage": 0},
				{"appName": "설정", "usage": 0},
				{"appName": "Polar Beat", "usage": 0},
				{"appName": "네이버 지도", "usage": 0},
				{"appName": "Logger", "usage": 0},
				{"appName": "메시지", "usage": 0},
				{"appName": "Foodie", "usage": 0},
				{"appName": "계산기", "usage": 0},
				{"appName": "Google Play 서비스", "usage": 0},
				{"appName": "Microsoft Band", "usage": 0},
				{"appName": "ABC Logger", "usage": 0},
				{"appName": "원터치알림", "usage": 0},
				{"appName": "메모", "usage": 0},
				{"appName": "T전화 통화", "usage": 0},
				{"appName": "패키지 설치 프로그램", "usage": 0}
			]
		},
		"pickups": {"usage": 113},
		"downTime": {
			"usage": [
				{"hour": "2", "usage": 0},
				{"hour": "3", "usage": 7},
				{"hour": "4", "usage": 6},
				{"hour": "5", "usage": 9},
				{"hour": "6", "usage": 10},
				{"hour": "7", "usage": 1},
				{"hour": "8", "usage": 2},
				{"hour": "9", "usage": 2},
				{"hour": "10", "usage": 2},
				{"hour": "11", "usage": 34},
				{"hour": "12", "usage": 30},
				{"hour": "13", "usage": 22},
				{"hour": "14", "usage": 46},
				{"hour": "15", "usage": 42},
				{"hour": "16", "usage": 40},
				{"hour": "17", "usage": 25},
				{"hour": "18", "usage": 49},
				{"hour": "19", "usage": 60},
				{"hour": "20", "usage": 55},
				{"hour": "21", "usage": 0}
			],
			"details": [
				{"appName": "TouchWiz 홈", "usage": [2, 3, 4, 5, 6, 7, 8, 9, 10, 11, 12, 13, 14, 15, 16, 17, 18, 19, 20, 21]},
				{"appName": "시스템 UI", "usage": [6, 7, 8, 9, 10, 11, 12, 13, 15, 16, 17, 18, 19, 20]},
				{"appName": "카카오톡", "usage": [3, 4, 5, 6, 9, 10, 11, 12, 13, 14, 16, 17, 20]},
				{"appName": "트위터", "usage": [6, 8, 9, 11, 12, 13, 15, 16, 17, 18, 20]},
				{"appName": "문피아", "usage": [6, 7, 8, 11, 12, 15, 17, 19, 20]},
				{"appName": "Chrome", "usage": [5, 6, 10, 12, 13, 14, 18, 20]},
				{"appName": "Paco", "usage": [5, 6, 7, 9, 11, 12, 13]},
				{"appName": "시계", "usage": [2, 3, 4, 5, 18, 20]},
				{"appName": "설정", "usage": [5, 11, 12, 13, 15]},
				{"appName": "Walkr", "usage": [12, 16, 17, 18, 19]},
				{"appName": "패키지 설치 프로그램", "usage": [5, 11, 12, 13]},
				{"appName": "카카오페이지", "usage": [7, 15, 17, 20]},
				{"appName": "소프트웨어 업데이트", "usage": [5, 6, 15, 23]},
				{"appName": "메시지", "usage": [4, 6, 7, 12]},
				{"appName": "YouTube", "usage": [11, 12, 17, 19]},
				{"appName": "T전화", "usage": [5, 11, 13, 15]},
				{"appName": "Logger", "usage": [5, 11, 12, 13]},
				{"appName": "Todoist", "usage": [11, 13, 18]},
				{"appName": "알파카", "usage": [5, 18]},
				{"appName": "마이리틀셰프", "usage": [16, 18]},
				{"appName": "Polar Beat", "usage": [5, 13]},
				{"appName": "ABC Logger", "usage": [11, 15]},
				{"appName": "10000!", "usage": [18, 19]},
				{"appName": "원터치알림", "usage": [5]},
				{"appName": "메모", "usage": [11]},
				{"appName": "리디북스", "usage": [20]},
				{"appName": "네이버 지도", "usage": [9]},
				{"appName": "네이버 웹툰", "usage": [18]},
				{"appName": "계산기", "usage": [11]},
				{"appName": "T전화 통화", "usage": [5]},
				{"appName": "Microsoft Band", "usage": [11]},
				{"appName": "Google Play 서비스", "usage": [5]},
				{"appName": "Foodie", "usage": [9]}
			]
		},
		"maxTime": {
			"usage": 163,
			"details": [
				{"appName": "문피아", "usage": 28},
				{"appName": "마이리틀셰프", "usage": 25},
				{"appName": "소프트웨어 업데이트", "usage": 16},
				{"appName": "YouTube", "usage": 15},
				{"appName": "Chrome", "usage": 8},
				{"appName": "10000!", "usage": 8},
				{"appName": "트위터", "usage": 5},
				{"appName": "리디북스", "usage": 3},
				{"appName": "카카오페이지", "usage": 2},
				{"appName": "시계", "usage": 1},
				{"appName": "Walkr", "usage": 1},
				{"appName": "네이버 웹툰", "usage": 1},
				{"appName": "카카오톡", "usage": 1},
				{"appName": "알파카", "usage": 1},
				{"appName": "T전화", "usage": 0},
				{"appName": "Todoist", "usage": 0},
				{"appName": "TouchWiz 홈", "usage": 0},
				{"appName": "Paco", "usage": 0},
				{"appName": "네이버 지도", "usage": 0},
				{"appName": "Foodie", "usage": 0},
				{"appName": "계산기", "usage": 0},
				{"appName": "Logger", "usage": 0},
				{"appName": "Polar Beat", "usage": 0},
				{"appName": "시스템 UI", "usage": 0},
				{"appName": "메시지", "usage": 0},
				{"appName": "Google Play 서비스", "usage": 0},
				{"appName": "설정", "usage": 0},
				{"appName": "Microsoft Band", "usage": 0},
				{"appName": "ABC Logger", "usage": 0},
				{"appName": "원터치알림", "usage": 0},
				{"appName": "메모", "usage": 0},
				{"appName": "T전화 통화", "usage": 0},
				{"appName": "패키지 설치 프로그램", "usage": 0}
			]
		},
		"avgTime": {
			"usage": 4,
			"details": [
				{"appName": "마이리틀셰프", "usage": 13},
				{"appName": "10000!", "usage": 4},
				{"appName": "YouTube", "usage": 2},
				{"appName": "소프트웨어 업데이트", "usage": 2},
				{"appName": "문피아", "usage": 2},
				{"appName": "Walkr", "usage": 0},
				{"appName": "리디북스", "usage": 0},
				{"appName": "Chrome", "usage": 0},
				{"appName": "알파카", "usage": 0},
				{"appName": "네이버 웹툰", "usage": 0},
				{"appName": "Todoist", "usage": 0},
				{"appName": "Foodie", "usage": 0},
				{"appName": "계산기", "usage": 0},
				{"appName": "트위터", "usage": 0},
				{"appName": "Paco", "usage": 0},
				{"appName": "T전화", "usage": 0},
				{"appName": "네이버 지도", "usage": 0},
				{"appName": "시계", "usage": 0},
				{"appName": "메시지", "usage": 0},
				{"appName": "카카오톡", "usage": 0},
				{"appName": "카카오페이지", "usage": 0},
				{"appName": "Polar Beat", "usage": 0},
				{"appName": "TouchWiz 홈", "usage": 0},
				{"appName": "설정", "usage": 0},
				{"appName": "Microsoft Band", "usage": 0},
				{"appName": "Logger", "usage": 0},
				{"appName": "Google Play 서비스", "usage": 0},
				{"appName": "원터치알림", "usage": 0},
				{"appName": "시스템 UI", "usage": 0},
				{"appName": "메모", "usage": 0},
				{"appName": "T전화 통화", "usage": 0},
				{"appName": "ABC Logger", "usage": 0},
				{"appName": "패키지 설치 프로그램", "usage": 0}
			]
		},
		"lastPickup": {"time": 0}
	},
	{
		"date": 2,
		"totalTime": {
			"usage": 446,
			"details": [
				{"appName": "Chrome", "usage": 189},
				{"appName": "트위터", "usage": 82},
				{"appName": "마이리틀셰프", "usage": 62},
				{"appName": "YouTube", "usage": 27},
				{"appName": "문피아", "usage": 16},
				{"appName": "10000!", "usage": 12},
				{"appName": "Walkr", "usage": 8},
				{"appName": "카카오톡", "usage": 8},
				{"appName": "TouchWiz 홈", "usage": 7},
				{"appName": "T전화", "usage": 6},
				{"appName": "카카오페이지", "usage": 4},
				{"appName": "알파카", "usage": 2},
				{"appName": "시계", "usage": 2},
				{"appName": "Paco", "usage": 1},
				{"appName": "Polar Beat", "usage": 1},
				{"appName": "네이버 웹툰", "usage": 1},
				{"appName": "설정", "usage": 1},
				{"appName": "시스템 UI", "usage": 1},
				{"appName": "Microsoft Band", "usage": 0},
				{"appName": "Logger", "usage": 0},
				{"appName": "미세미세", "usage": 0},
				{"appName": "모바일결제 ISP", "usage": 0},
				{"appName": "원터치알림", "usage": 0},
				{"appName": "메시지", "usage": 0},
				{"appName": "소프트웨어 업데이트", "usage": 0},
				{"appName": "DU 배터리 세이버", "usage": 0},
				{"appName": "Google Play 서비스", "usage": 0},
				{"appName": "T전화 통화", "usage": 0},
				{"appName": "ABC Logger", "usage": 0},
				{"appName": "원터치개인", "usage": 0},
				{"appName": "패키지 설치 프로그램", "usage": 0}
			]
		},
		"pickups": {"usage": 102},
		"downTime": {
			"usage": [
				{"hour": "0", "usage": 2},
				{"hour": "1", "usage": 8},
				{"hour": "2", "usage": 1},
				{"hour": "3", "usage": 9},
				{"hour": "4", "usage": 0},
				{"hour": "6", "usage": 8},
				{"hour": "7", "usage": 7},
				{"hour": "9", "usage": 27},
				{"hour": "10", "usage": 10},
				{"hour": "11", "usage": 10},
				{"hour": "12", "usage": 36},
				{"hour": "16", "usage": 0},
				{"hour": "17", "usage": 10},
				{"hour": "18", "usage": 57},
				{"hour": "19", "usage": 60},
				{"hour": "20", "usage": 48},
				{"hour": "21", "usage": 60},
				{"hour": "22", "usage": 59},
				{"hour": "23", "usage": 25}
			],
			"details": [
				{"appName": "TouchWiz 홈", "usage": [0, 1, 2, 3, 4, 6, 7, 9, 10, 11, 12, 16, 17, 18, 19, 20, 22, 23]},
				{"appName": "트위터", "usage": [1, 2, 3, 6, 7, 9, 10, 11, 12, 19, 20, 21, 23]},
				{"appName": "시스템 UI", "usage": [1, 3, 6, 9, 10, 11, 12, 18, 19, 20, 21, 22, 23]},
				{"appName": "Chrome", "usage": [1, 7, 9, 10, 11, 12, 17, 20, 21, 22, 23]},
				{"appName": "카카오톡", "usage": [1, 2, 3, 6, 9, 10, 11, 17, 18, 19]},
				{"appName": "소프트웨어 업데이트", "usage": [0, 1, 2, 3, 11, 19, 23]},
				{"appName": "Paco", "usage": [1, 2, 3, 4, 10, 12]},
				{"appName": "T전화", "usage": [1, 6, 7, 9, 10]},
				{"appName": "설정", "usage": [1, 11, 12, 18]},
				{"appName": "문피아", "usage": [11, 12, 19, 20]},
				{"appName": "Walkr", "usage": [3, 17, 18, 19]},
				{"appName": "패키지 설치 프로그램", "usage": [1, 10, 12]},
				{"appName": "시계", "usage": [0, 1, 17]},
				{"appName": "YouTube", "usage": [12, 19, 20]},
				{"appName": "카카오페이지", "usage": [19, 20]},
				{"appName": "알파카", "usage": [0, 1]},
				{"appName": "모바일결제 ISP", "usage": [11, 12]},
				{"appName": "마이리틀셰프", "usage": [18, 19]},
				{"appName": "T전화 통화", "usage": [9, 10]},
				{"appName": "Polar Beat", "usage": [1, 12]},
				{"appName": "Logger", "usage": [1, 12]},
				{"appName": "Google Play 서비스", "usage": [1, 17]},
				{"appName": "10000!", "usage": [19, 20]},
				{"appName": "원터치알림", "usage": [11]},
				{"appName": "원터치개인", "usage": [11]},
				{"appName": "미세미세", "usage": [10]},
				{"appName": "메시지", "usage": [6]},
				{"appName": "네이버 웹툰", "usage": [20]},
				{"appName": "Microsoft Band", "usage": [18]},
				{"appName": "DU 배터리 세이버", "usage": [9]},
				{"appName": "ABC Logger", "usage": [1]}
			]
		},
		"maxTime": {
			"usage": 118,
			"details": [
				{"appName": "Chrome", "usage": 59},
				{"appName": "마이리틀셰프", "usage": 33},
				{"appName": "YouTube", "usage": 19},
				{"appName": "10000!", "usage": 10},
				{"appName": "Walkr", "usage": 3},
				{"appName": "문피아", "usage": 3},
				{"appName": "T전화", "usage": 2},
				{"appName": "카카오페이지", "usage": 2},
				{"appName": "트위터", "usage": 2},
				{"appName": "Polar Beat", "usage": 1},
				{"appName": "알파카", "usage": 1},
				{"appName": "네이버 웹툰", "usage": 0},
				{"appName": "Logger", "usage": 0},
				{"appName": "미세미세", "usage": 0},
				{"appName": "카카오톡", "usage": 0},
				{"appName": "TouchWiz 홈", "usage": 0},
				{"appName": "Paco", "usage": 0},
				{"appName": "Microsoft Band", "usage": 0},
				{"appName": "설정", "usage": 0},
				{"appName": "시계", "usage": 0},
				{"appName": "시스템 UI", "usage": 0},
				{"appName": "메시지", "usage": 0},
				{"appName": "원터치알림", "usage": 0},
				{"appName": "모바일결제 ISP", "usage": 0},
				{"appName": "Google Play 서비스", "usage": 0},
				{"appName": "소프트웨어 업데이트", "usage": 0},
				{"appName": "DU 배터리 세이버", "usage": 0},
				{"appName": "ABC Logger", "usage": 0},
				{"appName": "T전화 통화", "usage": 0},
				{"appName": "원터치개인", "usage": 0},
				{"appName": "패키지 설치 프로그램", "usage": 0}
			]
		},
		"avgTime": {
			"usage": 4,
			"details": [
				{"appName": "마이리틀셰프", "usage": 12},
				{"appName": "Chrome", "usage": 4},
				{"appName": "10000!", "usage": 4},
				{"appName": "YouTube", "usage": 3},
				{"appName": "Walkr", "usage": 1},
				{"appName": "문피아", "usage": 0},
				{"appName": "네이버 웹툰", "usage": 0},
				{"appName": "알파카", "usage": 0},
				{"appName": "T전화", "usage": 0},
				{"appName": "Polar Beat", "usage": 0},
				{"appName": "미세미세", "usage": 0},
				{"appName": "Microsoft Band", "usage": 0},
				{"appName": "카카오페이지", "usage": 0},
				{"appName": "트위터", "usage": 0},
				{"appName": "Paco", "usage": 0},
				{"appName": "설정", "usage": 0},
				{"appName": "Logger", "usage": 0},
				{"appName": "메시지", "usage": 0},
				{"appName": "시계", "usage": 0},
				{"appName": "카카오톡", "usage": 0},
				{"appName": "TouchWiz 홈", "usage": 0},
				{"appName": "원터치알림", "usage": 0},
				{"appName": "Google Play 서비스", "usage": 0},
				{"appName": "DU 배터리 세이버", "usage": 0},
				{"appName": "시스템 UI", "usage": 0},
				{"appName": "모바일결제 ISP", "usage": 0},
				{"appName": "소프트웨어 업데이트", "usage": 0},
				{"appName": "ABC Logger", "usage": 0},
				{"appName": "T전화 통화", "usage": 0},
				{"appName": "원터치개인", "usage": 0},
				{"appName": "패키지 설치 프로그램", "usage": 0}
			]
		},
		"lastPickup": {"time": 64}
	},
	{
		"date": 3,
		"totalTime": {
			"usage": 505,
			"details": [
				{"appName": "YouTube", "usage": 163},
				{"appName": "마이리틀셰프", "usage": 99},
				{"appName": "트위터", "usage": 95},
				{"appName": "Chrome", "usage": 31},
				{"appName": "10000!", "usage": 18},
				{"appName": "카카오톡", "usage": 17},
				{"appName": "Walkr", "usage": 14},
				{"appName": "문피아", "usage": 10},
				{"appName": "TouchWiz 홈", "usage": 8},
				{"appName": "네이버 지도", "usage": 7},
				{"appName": "Paco", "usage": 5},
				{"appName": "시계", "usage": 4},
				{"appName": "Todoist", "usage": 4},
				{"appName": "카카오페이지", "usage": 3},
				{"appName": "Steam", "usage": 2},
				{"appName": "카카오택시", "usage": 1},
				{"appName": "시스템 UI", "usage": 1},
				{"appName": "T전화", "usage": 0},
				{"appName": "메시지", "usage": 0},
				{"appName": "Evernote", "usage": 0},
				{"appName": "설정", "usage": 0},
				{"appName": "소프트웨어 업데이트", "usage": 0},
				{"appName": "Logger", "usage": 0},
				{"appName": "Polar Beat", "usage": 0},
				{"appName": "Foodie", "usage": 0},
				{"appName": "Dropsync", "usage": 0},
				{"appName": "메모", "usage": 0},
				{"appName": "지도", "usage": 0},
				{"appName": "계산기", "usage": 0},
				{"appName": "안드로이드 시스템", "usage": 0},
				{"appName": "Google Play 서비스", "usage": 0},
				{"appName": "DU Speed Booster", "usage": 0},
				{"appName": "DU 배터리 세이버", "usage": 0},
				{"appName": "Google Play 스토어", "usage": 0},
				{"appName": "T전화 통화", "usage": 0},
				{"appName": "패키지 설치 프로그램", "usage": 0}
			]
		},
		"pickups": {"usage": 113},
		"downTime": {
			"usage": [
				{"hour": "0", "usage": 0},
				{"hour": "1", "usage": 2},
				{"hour": "2", "usage": 10},
				{"hour": "3", "usage": 6},
				{"hour": "4", "usage": 6},
				{"hour": "5", "usage": 11},
				{"hour": "6", "usage": 7},
				{"hour": "7", "usage": 25},
				{"hour": "8", "usage": 44},
				{"hour": "9", "usage": 49},
				{"hour": "11", "usage": 1},
				{"hour": "12", "usage": 1},
				{"hour": "13", "usage": 34},
				{"hour": "14", "usage": 59},
				{"hour": "15", "usage": 52},
				{"hour": "16", "usage": 33},
				{"hour": "17", "usage": 46},
				{"hour": "18", "usage": 44},
				{"hour": "19", "usage": 13},
				{"hour": "20", "usage": 14},
				{"hour": "21", "usage": 40}
			],
			"details": [
				{"appName": "TouchWiz 홈", "usage": [1, 2, 3, 4, 5, 6, 7, 8, 9, 11, 12, 13, 14, 15, 16, 17, 18, 19, 21]},
				{"appName": "카카오톡", "usage": [1, 2, 3, 4, 5, 6, 7, 8, 9, 13, 14, 15, 16, 19]},
				{"appName": "트위터", "usage": [3, 4, 5, 6, 7, 8, 9, 13, 14, 15, 16, 17, 18]},
				{"appName": "시스템 UI", "usage": [3, 5, 6, 7, 8, 9, 13, 14, 15, 17, 18, 19, 21]},
				{"appName": "시계", "usage": [1, 2, 3, 9, 11, 12, 13, 21]},
				{"appName": "마이리틀셰프", "usage": [7, 14, 15, 17, 18, 19, 20, 21]},
				{"appName": "Paco", "usage": [3, 4, 5, 6, 7, 8, 9, 13]},
				{"appName": "YouTube", "usage": [8, 9, 14, 15, 16, 17, 18]},
				{"appName": "Chrome", "usage": [2, 3, 7, 8, 13, 15, 16]},
				{"appName": "소프트웨어 업데이트", "usage": [1, 4, 5, 8, 13, 21]},
				{"appName": "Walkr", "usage": [7, 8, 13, 15, 19]},
				{"appName": "Todoist", "usage": [14, 19, 21]},
				{"appName": "패키지 설치 프로그램", "usage": [2, 13]},
				{"appName": "설정", "usage": [2, 13]},
				{"appName": "메시지", "usage": [7, 9]},
				{"appName": "네이버 지도", "usage": [2, 3]},
				{"appName": "T전화", "usage": [2, 3]},
				{"appName": "Polar Beat", "usage": [2, 13]},
				{"appName": "Logger", "usage": [2, 13]},
				{"appName": "Dropsync", "usage": [6, 15]},
				{"appName": "카카오페이지", "usage": [15]},
				{"appName": "카카오택시", "usage": [4]},
				{"appName": "지도", "usage": [4]},
				{"appName": "안드로이드 시스템", "usage": [7]},
				{"appName": "문피아", "usage": [13]},
				{"appName": "메모", "usage": [5]},
				{"appName": "계산기", "usage": [7]},
				{"appName": "T전화 통화", "usage": [2]},
				{"appName": "Steam", "usage": [16]},
				{"appName": "Google Play 스토어", "usage": [13]},
				{"appName": "Google Play 서비스", "usage": [2]},
				{"appName": "Foodie", "usage": [7]},
				{"appName": "Evernote", "usage": [9]},
				{"appName": "DU 배터리 세이버", "usage": [15]},
				{"appName": "DU Speed Booster", "usage": [19]},
				{"appName": "10000!", "usage": [21]}
			]
		},
		"maxTime": {
			"usage": 90,
			"details": [
				{"appName": "YouTube", "usage": 34},
				{"appName": "마이리틀셰프", "usage": 33},
				{"appName": "10000!", "usage": 18},
				{"appName": "Chrome", "usage": 13},
				{"appName": "네이버 지도", "usage": 3},
				{"appName": "Walkr", "usage": 3},
				{"appName": "문피아", "usage": 3},
				{"appName": "카카오페이지", "usage": 2},
				{"appName": "Steam", "usage": 2},
				{"appName": "트위터", "usage": 1},
				{"appName": "Todoist", "usage": 1},
				{"appName": "Paco", "usage": 0},
				{"appName": "카카오톡", "usage": 0},
				{"appName": "시계", "usage": 0},
				{"appName": "카카오택시", "usage": 0},
				{"appName": "TouchWiz 홈", "usage": 0},
				{"appName": "메시지", "usage": 0},
				{"appName": "Evernote", "usage": 0},
				{"appName": "T전화", "usage": 0},
				{"appName": "소프트웨어 업데이트", "usage": 0},
				{"appName": "Foodie", "usage": 0},
				{"appName": "설정", "usage": 0},
				{"appName": "시스템 UI", "usage": 0},
				{"appName": "Logger", "usage": 0},
				{"appName": "메모", "usage": 0},
				{"appName": "지도", "usage": 0},
				{"appName": "Dropsync", "usage": 0},
				{"appName": "계산기", "usage": 0},
				{"appName": "안드로이드 시스템", "usage": 0},
				{"appName": "Polar Beat", "usage": 0},
				{"appName": "Google Play 서비스", "usage": 0},
				{"appName": "DU Speed Booster", "usage": 0},
				{"appName": "Google Play 스토어", "usage": 0},
				{"appName": "T전화 통화", "usage": 0},
				{"appName": "DU 배터리 세이버", "usage": 0},
				{"appName": "패키지 설치 프로그램", "usage": 0}
			]
		},
		"avgTime": {
			"usage": 4,
			"details": [
				{"appName": "10000!", "usage": 18},
				{"appName": "마이리틀셰프", "usage": 12},
				{"appName": "YouTube", "usage": 5},
				{"appName": "Steam", "usage": 2},
				{"appName": "Chrome", "usage": 1},
				{"appName": "Walkr", "usage": 1},
				{"appName": "문피아", "usage": 1},
				{"appName": "네이버 지도", "usage": 1},
				{"appName": "Todoist", "usage": 0},
				{"appName": "카카오페이지", "usage": 0},
				{"appName": "Foodie", "usage": 0},
				{"appName": "카카오택시", "usage": 0},
				{"appName": "트위터", "usage": 0},
				{"appName": "Paco", "usage": 0},
				{"appName": "Evernote", "usage": 0},
				{"appName": "T전화", "usage": 0},
				{"appName": "메모", "usage": 0},
				{"appName": "메시지", "usage": 0},
				{"appName": "시계", "usage": 0},
				{"appName": "Dropsync", "usage": 0},
				{"appName": "카카오톡", "usage": 0},
				{"appName": "TouchWiz 홈", "usage": 0},
				{"appName": "지도", "usage": 0},
				{"appName": "Logger", "usage": 0},
				{"appName": "계산기", "usage": 0},
				{"appName": "안드로이드 시스템", "usage": 0},
				{"appName": "설정", "usage": 0},
				{"appName": "Google Play 서비스", "usage": 0},
				{"appName": "시스템 UI", "usage": 0},
				{"appName": "소프트웨어 업데이트", "usage": 0},
				{"appName": "Polar Beat", "usage": 0},
				{"appName": "DU Speed Booster", "usage": 0},
				{"appName": "Google Play 스토어", "usage": 0},
				{"appName": "T전화 통화", "usage": 0},
				{"appName": "DU 배터리 세이버", "usage": 0},
				{"appName": "패키지 설치 프로그램", "usage": 0}
			]
		},
		"lastPickup": {"time": 49}
	},
	{
		"date": 4,
		"totalTime": {
			"usage": 286,
			"details": [
				{"appName": "트위터", "usage": 62},
				{"appName": "YouTube", "usage": 33},
				{"appName": "카카오톡", "usage": 21},
				{"appName": "Chrome", "usage": 20},
				{"appName": "문피아", "usage": 19},
				{"appName": "10000!", "usage": 11},
				{"appName": "시계", "usage": 10},
				{"appName": "TouchWiz 홈", "usage": 9},
				{"appName": "Paco", "usage": 4},
				{"appName": "Walkr", "usage": 4},
				{"appName": "Polaris Office", "usage": 3},
				{"appName": "프레젠테이션", "usage": 3},
				{"appName": "스프레드시트", "usage": 3},
				{"appName": "카카오페이지", "usage": 2},
				{"appName": "알파카", "usage": 2},
				{"appName": "T전화", "usage": 1},
				{"appName": "Slack", "usage": 1},
				{"appName": "Steam", "usage": 1},
				{"appName": "QuickPic", "usage": 0},
				{"appName": "메시지", "usage": 0},
				{"appName": "ABC Logger", "usage": 0},
				{"appName": "시스템 UI", "usage": 0},
				{"appName": "Google Play 스토어", "usage": 0},
				{"appName": "캘린더", "usage": 0},
				{"appName": "설정", "usage": 0},
				{"appName": "Polar Beat", "usage": 0},
				{"appName": "소프트웨어 업데이트", "usage": 0},
				{"appName": "카메라", "usage": 0},
				{"appName": "안드로이드 시스템", "usage": 0},
				{"appName": "Todoist", "usage": 0},
				{"appName": "Gmail", "usage": 0},
				{"appName": "Logger", "usage": 0},
				{"appName": "원터치알림", "usage": 0},
				{"appName": "Microsoft Band", "usage": 0},
				{"appName": "Google Play 서비스", "usage": 0},
				{"appName": "다음사전", "usage": 0},
				{"appName": "T전화 통화", "usage": 0},
				{"appName": "패키지 설치 프로그램", "usage": 0}
			]
		},
		"pickups": {"usage": 104},
		"downTime": {
			"usage": [
				{"hour": "2", "usage": 2},
				{"hour": "3", "usage": 7},
				{"hour": "4", "usage": 22},
				{"hour": "5", "usage": 14},
				{"hour": "6", "usage": 49},
				{"hour": "7", "usage": 4},
				{"hour": "8", "usage": 3},
				{"hour": "9", "usage": 6},
				{"hour": "10", "usage": 2},
				{"hour": "11", "usage": 46},
				{"hour": "12", "usage": 56},
				{"hour": "13", "usage": 60},
				{"hour": "14", "usage": 3},
				{"hour": "15", "usage": 5},
				{"hour": "21", "usage": 0}
			],
			"details": [
				{"appName": "TouchWiz 홈", "usage": [3, 4, 5, 6, 7, 8, 9, 10, 11, 12, 13, 14]},
				{"appName": "카카오톡", "usage": [3, 4, 5, 6, 7, 8, 9, 10, 11, 12, 13]},
				{"appName": "시스템 UI", "usage": [3, 4, 5, 6, 7, 9, 12, 13, 14]},
				{"appName": "Paco", "usage": [4, 6, 7, 8, 9, 10, 12]},
				{"appName": "트위터", "usage": [5, 6, 11, 12, 13, 14]},
				{"appName": "Chrome", "usage": [4, 5, 6, 9, 12, 13]},
				{"appName": "시계", "usage": [2, 3, 4, 14, 15]},
				{"appName": "소프트웨어 업데이트", "usage": [2, 3, 4, 6, 12]},
				{"appName": "원터치알림", "usage": [2, 4, 8]},
				{"appName": "알파카", "usage": [3, 4, 8]},
				{"appName": "Steam", "usage": [4, 5, 11]},
				{"appName": "Google Play 스토어", "usage": [5, 6, 12]},
				{"appName": "패키지 설치 프로그램", "usage": [3, 12]},
				{"appName": "캘린더", "usage": [5, 6]},
				{"appName": "카카오페이지", "usage": [5, 9]},
				{"appName": "안드로이드 시스템", "usage": [4, 5]},
				{"appName": "설정", "usage": [3, 12]},
				{"appName": "문피아", "usage": [6, 12]},
				{"appName": "메시지", "usage": [4, 5]},
				{"appName": "Walkr", "usage": [6, 14]},
				{"appName": "T전화", "usage": [8, 9]},
				{"appName": "Polar Beat", "usage": [3, 12]},
				{"appName": "Logger", "usage": [3, 12]},
				{"appName": "Google Play 서비스", "usage": [3, 6]},
				{"appName": "프레젠테이션", "usage": [12]},
				{"appName": "카메라", "usage": [5]},
				{"appName": "스프레드시트", "usage": [4]},
				{"appName": "다음사전", "usage": [4]},
				{"appName": "YouTube", "usage": [13]},
				{"appName": "T전화 통화", "usage": [8]},
				{"appName": "Todoist", "usage": [12]},
				{"appName": "Slack", "usage": [5]},
				{"appName": "QuickPic", "usage": [7]},
				{"appName": "Polaris Office", "usage": [4]},
				{"appName": "Microsoft Band", "usage": [12]},
				{"appName": "Gmail", "usage": [5]},
				{"appName": "ABC Logger", "usage": [12]},
				{"appName": "10000!", "usage": [13]}
			]
		},
		"maxTime": {
			"usage": 80,
			"details": [
				{"appName": "YouTube", "usage": 23},
				{"appName": "10000!", "usage": 11},
				{"appName": "문피아", "usage": 5},
				{"appName": "트위터", "usage": 3},
				{"appName": "Chrome", "usage": 3},
				{"appName": "Walkr", "usage": 2},
				{"appName": "카카오톡", "usage": 2},
				{"appName": "프레젠테이션", "usage": 1},
				{"appName": "시계", "usage": 1},
				{"appName": "Polaris Office", "usage": 1},
				{"appName": "T전화", "usage": 1},
				{"appName": "스프레드시트", "usage": 1},
				{"appName": "Steam", "usage": 0},
				{"appName": "카카오페이지", "usage": 0},
				{"appName": "QuickPic", "usage": 0},
				{"appName": "알파카", "usage": 0},
				{"appName": "TouchWiz 홈", "usage": 0},
				{"appName": "Paco", "usage": 0},
				{"appName": "메시지", "usage": 0},
				{"appName": "Slack", "usage": 0},
				{"appName": "ABC Logger", "usage": 0},
				{"appName": "Google Play 스토어", "usage": 0},
				{"appName": "캘린더", "usage": 0},
				{"appName": "카메라", "usage": 0},
				{"appName": "Todoist", "usage": 0},
				{"appName": "Polar Beat", "usage": 0},
				{"appName": "설정", "usage": 0},
				{"appName": "Gmail", "usage": 0},
				{"appName": "안드로이드 시스템", "usage": 0},
				{"appName": "원터치알림", "usage": 0},
				{"appName": "시스템 UI", "usage": 0},
				{"appName": "Logger", "usage": 0},
				{"appName": "Google Play 서비스", "usage": 0},
				{"appName": "Microsoft Band", "usage": 0},
				{"appName": "소프트웨어 업데이트", "usage": 0},
				{"appName": "T전화 통화", "usage": 0},
				{"appName": "다음사전", "usage": 0},
				{"appName": "패키지 설치 프로그램", "usage": 0}
			]
		},
		"avgTime": {
			"usage": 2,
			"details": [
				{"appName": "10000!", "usage": 11},
				{"appName": "YouTube", "usage": 6},
				{"appName": "Walkr", "usage": 1},
				{"appName": "문피아", "usage": 1},
				{"appName": "QuickPic", "usage": 0},
				{"appName": "Chrome", "usage": 0},
				{"appName": "프레젠테이션", "usage": 0},
				{"appName": "스프레드시트", "usage": 0},
				{"appName": "Polaris Office", "usage": 0},
				{"appName": "Steam", "usage": 0},
				{"appName": "카카오페이지", "usage": 0},
				{"appName": "T전화", "usage": 0},
				{"appName": "알파카", "usage": 0},
				{"appName": "메시지", "usage": 0},
				{"appName": "카메라", "usage": 0},
				{"appName": "트위터", "usage": 0},
				{"appName": "Todoist", "usage": 0},
				{"appName": "Slack", "usage": 0},
				{"appName": "캘린더", "usage": 0},
				{"appName": "시계", "usage": 0},
				{"appName": "ABC Logger", "usage": 0},
				{"appName": "Paco", "usage": 0},
				{"appName": "안드로이드 시스템", "usage": 0},
				{"appName": "Gmail", "usage": 0},
				{"appName": "카카오톡", "usage": 0},
				{"appName": "TouchWiz 홈", "usage": 0},
				{"appName": "Google Play 스토어", "usage": 0},
				{"appName": "설정", "usage": 0},
				{"appName": "Polar Beat", "usage": 0},
				{"appName": "원터치알림", "usage": 0},
				{"appName": "Logger", "usage": 0},
				{"appName": "시스템 UI", "usage": 0},
				{"appName": "Microsoft Band", "usage": 0},
				{"appName": "Google Play 서비스", "usage": 0},
				{"appName": "소프트웨어 업데이트", "usage": 0},
				{"appName": "T전화 통화", "usage": 0},
				{"appName": "다음사전", "usage": 0},
				{"appName": "패키지 설치 프로그램", "usage": 0}
			]
		},
		"lastPickup": {"time": 0}
	},
	{
		"date": 5,
		"totalTime": {
			"usage": 815,
			"details": [
				{"appName": "리디북스", "usage": 255},
				{"appName": "트위터", "usage": 143},
				{"appName": "웹소설 조아라", "usage": 105},
				{"appName": "마이리틀셰프", "usage": 67},
				{"appName": "문피아", "usage": 66},
				{"appName": "YouTube", "usage": 55},
				{"appName": "10000!", "usage": 29},
				{"appName": "카카오톡", "usage": 20},
				{"appName": "Chrome", "usage": 17},
				{"appName": "Walkr", "usage": 13},
				{"appName": "TouchWiz 홈", "usage": 12},
				{"appName": "Evernote", "usage": 5},
				{"appName": "카카오페이지", "usage": 3},
				{"appName": "T전화", "usage": 3},
				{"appName": "Paco", "usage": 3},
				{"appName": "시스템 UI", "usage": 2},
				{"appName": "시계", "usage": 1},
				{"appName": "설정", "usage": 0},
				{"appName": "카메라", "usage": 0},
				{"appName": "Polar Beat", "usage": 0},
				{"appName": "Gmail", "usage": 0},
				{"appName": "Papago", "usage": 0},
				{"appName": "Todoist", "usage": 0},
				{"appName": "Google Play 스토어", "usage": 0},
				{"appName": "번역", "usage": 0},
				{"appName": "패키지 설치 프로그램", "usage": 0},
				{"appName": "안드로이드 시스템", "usage": 0},
				{"appName": "소프트웨어 업데이트", "usage": 0},
				{"appName": "Logger", "usage": 0},
				{"appName": "캘린더", "usage": 0},
				{"appName": "T전화 통화", "usage": 0}
			]
		},
		"pickups": {"usage": 72},
		"downTime": {
			"usage": [
				{"hour": "0", "usage": 0},
				{"hour": "3", "usage": 1},
				{"hour": "4", "usage": 56},
				{"hour": "5", "usage": 55},
				{"hour": "6", "usage": 37},
				{"hour": "7", "usage": 23},
				{"hour": "8", "usage": 54},
				{"hour": "9", "usage": 60},
				{"hour": "10", "usage": 60},
				{"hour": "11", "usage": 35},
				{"hour": "12", "usage": 2},
				{"hour": "13", "usage": 6},
				{"hour": "14", "usage": 8},
				{"hour": "16", "usage": 47},
				{"hour": "17", "usage": 60},
				{"hour": "18", "usage": 60},
				{"hour": "19", "usage": 60},
				{"hour": "20", "usage": 58},
				{"hour": "21", "usage": 60},
				{"hour": "22", "usage": 60},
				{"hour": "23", "usage": 6}
			],
			"details": [
				{"appName": "TouchWiz 홈", "usage": [4, 5, 6, 7, 8, 9, 10, 11, 12, 13, 14, 16, 17, 18, 19, 20, 23]},
				{"appName": "카카오톡", "usage": [3, 4, 5, 6, 7, 8, 9, 10, 11, 13, 14, 16, 17, 18, 19, 20]},
				{"appName": "트위터", "usage": [4, 5, 6, 7, 8, 9, 10, 11, 13, 16, 17, 18, 20, 23]},
				{"appName": "시스템 UI", "usage": [4, 5, 6, 8, 9, 10, 11, 16, 17, 18, 19, 20, 23]},
				{"appName": "Chrome", "usage": [4, 5, 6, 8, 9, 11, 13, 14, 16, 18]},
				{"appName": "Walkr", "usage": [3, 4, 5, 7, 8, 11, 16, 17, 20]},
				{"appName": "Evernote", "usage": [6, 8, 9, 10, 11, 17, 18, 20, 23]},
				{"appName": "리디북스", "usage": [11, 18, 19, 20, 21, 22, 23]},
				{"appName": "Paco", "usage": [4, 5, 6, 7, 8, 9, 11]},
				{"appName": "문피아", "usage": [4, 10, 11, 12, 17, 18]},
				{"appName": "YouTube", "usage": [4, 6, 7, 8, 14]},
				{"appName": "패키지 설치 프로그램", "usage": [4, 9, 11, 23]},
				{"appName": "마이리틀셰프", "usage": [4, 5, 11, 16]},
				{"appName": "카메라", "usage": [7, 13, 14]},
				{"appName": "웹소설 조아라", "usage": [9, 10, 11]},
				{"appName": "시계", "usage": [3, 6, 23]},
				{"appName": "설정", "usage": [4, 11, 18]},
				{"appName": "T전화", "usage": [11, 12, 13]},
				{"appName": "카카오페이지", "usage": [4, 18]},
				{"appName": "소프트웨어 업데이트", "usage": [4, 13]},
				{"appName": "Polar Beat", "usage": [4, 11]},
				{"appName": "Logger", "usage": [4, 11]},
				{"appName": "10000!", "usage": [5, 8]},
				{"appName": "캘린더", "usage": [14]},
				{"appName": "안드로이드 시스템", "usage": [19]},
				{"appName": "번역", "usage": [23]},
				{"appName": "T전화 통화", "usage": [13]},
				{"appName": "Todoist", "usage": [16]},
				{"appName": "Papago", "usage": [23]},
				{"appName": "Google Play 스토어", "usage": [7]},
				{"appName": "Gmail", "usage": [9]}
			]
		},
		"maxTime": {
			"usage": 277,
			"details": [
				{"appName": "문피아", "usage": 49},
				{"appName": "리디북스", "usage": 47},
				{"appName": "마이리틀셰프", "usage": 30},
				{"appName": "YouTube", "usage": 18},
				{"appName": "10000!", "usage": 16},
				{"appName": "웹소설 조아라", "usage": 10},
				{"appName": "Chrome", "usage": 5},
				{"appName": "Walkr", "usage": 5},
				{"appName": "트위터", "usage": 3},
				{"appName": "카카오톡", "usage": 2},
				{"appName": "카카오페이지", "usage": 1},
				{"appName": "TouchWiz 홈", "usage": 1},
				{"appName": "T전화", "usage": 0},
				{"appName": "Evernote", "usage": 0},
				{"appName": "카메라", "usage": 0},
				{"appName": "Paco", "usage": 0},
				{"appName": "Gmail", "usage": 0},
				{"appName": "Todoist", "usage": 0},
				{"appName": "설정", "usage": 0},
				{"appName": "시계", "usage": 0},
				{"appName": "번역", "usage": 0},
				{"appName": "시스템 UI", "usage": 0},
				{"appName": "Polar Beat", "usage": 0},
				{"appName": "Papago", "usage": 0},
				{"appName": "Google Play 스토어", "usage": 0},
				{"appName": "안드로이드 시스템", "usage": 0},
				{"appName": "패키지 설치 프로그램", "usage": 0},
				{"appName": "소프트웨어 업데이트", "usage": 0},
				{"appName": "캘린더", "usage": 0},
				{"appName": "Logger", "usage": 0},
				{"appName": "T전화 통화", "usage": 0}
			]
		},
		"avgTime": {
			"usage": 11,
			"details": [
				{"appName": "마이리틀셰프", "usage": 8},
				{"appName": "10000!", "usage": 7},
				{"appName": "리디북스", "usage": 3},
				{"appName": "YouTube", "usage": 3},
				{"appName": "문피아", "usage": 2},
				{"appName": "Walkr", "usage": 1},
				{"appName": "웹소설 조아라", "usage": 1},
				{"appName": "Chrome", "usage": 0},
				{"appName": "카메라", "usage": 0},
				{"appName": "Todoist", "usage": 0},
				{"appName": "카카오페이지", "usage": 0},
				{"appName": "Evernote", "usage": 0},
				{"appName": "T전화", "usage": 0},
				{"appName": "번역", "usage": 0},
				{"appName": "Gmail", "usage": 0},
				{"appName": "트위터", "usage": 0},
				{"appName": "설정", "usage": 0},
				{"appName": "Paco", "usage": 0},
				{"appName": "TouchWiz 홈", "usage": 0},
				{"appName": "안드로이드 시스템", "usage": 0},
				{"appName": "카카오톡", "usage": 0},
				{"appName": "Polar Beat", "usage": 0},
				{"appName": "Papago", "usage": 0},
				{"appName": "시계", "usage": 0},
				{"appName": "캘린더", "usage": 0},
				{"appName": "Google Play 스토어", "usage": 0},
				{"appName": "시스템 UI", "usage": 0},
				{"appName": "패키지 설치 프로그램", "usage": 0},
				{"appName": "소프트웨어 업데이트", "usage": 0},
				{"appName": "Logger", "usage": 0},
				{"appName": "T전화 통화", "usage": 0}
			]
		},
		"lastPickup": {"time": 0}
	},
	{
		"date": 6,
		"totalTime": {
			"usage": 688,
			"details": [
				{"appName": "카카오페이지", "usage": 418},
				{"appName": "트위터", "usage": 93},
				{"appName": "마이리틀셰프", "usage": 85},
				{"appName": "문피아", "usage": 24},
				{"appName": "Chrome", "usage": 14},
				{"appName": "10000!", "usage": 9},
				{"appName": "카카오톡", "usage": 7},
				{"appName": "Walkr", "usage": 5},
				{"appName": "네이버 지도", "usage": 5},
				{"appName": "TouchWiz 홈", "usage": 4},
				{"appName": "Paco", "usage": 2},
				{"appName": "시스템 UI", "usage": 1},
				{"appName": "Evernote", "usage": 1},
				{"appName": "리디북스", "usage": 1},
				{"appName": "시계", "usage": 1},
				{"appName": "설정", "usage": 1},
				{"appName": "Polar Beat", "usage": 1},
				{"appName": "원터치개인", "usage": 1},
				{"appName": "알파카", "usage": 0},
				{"appName": "Logger", "usage": 0},
				{"appName": "소프트웨어 업데이트", "usage": 0},
				{"appName": "T전화", "usage": 0},
				{"appName": "Avast Mobile Security", "usage": 0},
				{"appName": "원터치알림", "usage": 0},
				{"appName": "Google Play 스토어", "usage": 0},
				{"appName": "Google Play 서비스", "usage": 0},
				{"appName": "Dropsync", "usage": 0},
				{"appName": "패키지 설치 프로그램", "usage": 0}
			]
		},
		"pickups": {"usage": 52},
		"downTime": {
			"usage": [
				{"hour": "4", "usage": 0},
				{"hour": "5", "usage": 0},
				{"hour": "6", "usage": 14},
				{"hour": "7", "usage": 18},
				{"hour": "9", "usage": 4},
				{"hour": "10", "usage": 14},
				{"hour": "11", "usage": 60},
				{"hour": "12", "usage": 60},
				{"hour": "13", "usage": 57},
				{"hour": "14", "usage": 56},
				{"hour": "15", "usage": 60},
				{"hour": "16", "usage": 60},
				{"hour": "17", "usage": 59},
				{"hour": "18", "usage": 59},
				{"hour": "19", "usage": 58},
				{"hour": "20", "usage": 44},
				{"hour": "21", "usage": 56}
			],
			"details": [
				{"appName": "TouchWiz 홈", "usage": [6, 7, 9, 10, 11, 12, 13, 14, 16, 17, 18, 19, 20, 21]},
				{"appName": "시스템 UI", "usage": [6, 7, 9, 11, 12, 13, 14, 16, 17, 18, 19, 20, 21]},
				{"appName": "트위터", "usage": [6, 7, 9, 10, 11, 16, 17, 18, 19, 20]},
				{"appName": "카카오페이지", "usage": [11, 12, 13, 14, 15, 16, 17, 18, 20, 21]},
				{"appName": "카카오톡", "usage": [6, 7, 10, 11, 12, 14, 18, 19, 20]},
				{"appName": "소프트웨어 업데이트", "usage": [3, 5, 6, 7, 9, 10, 15]},
				{"appName": "Chrome", "usage": [7, 13, 17, 18, 19]},
				{"appName": "마이리틀셰프", "usage": [10, 11, 13, 14]},
				{"appName": "Walkr", "usage": [14, 19, 20, 21]},
				{"appName": "Paco", "usage": [7, 10, 11, 12]},
				{"appName": "Evernote", "usage": [11, 18, 19, 20]},
				{"appName": "설정", "usage": [7, 9, 12]},
				{"appName": "문피아", "usage": [16, 19, 20]},
				{"appName": "리디북스", "usage": [9, 11, 20]},
				{"appName": "Polar Beat", "usage": [7, 9, 12]},
				{"appName": "패키지 설치 프로그램", "usage": [7, 9]},
				{"appName": "시계", "usage": [5, 6]},
				{"appName": "네이버 지도", "usage": [7, 9]},
				{"appName": "Logger", "usage": [7, 9]},
				{"appName": "10000!", "usage": [12, 13]},
				{"appName": "원터치알림", "usage": [7]},
				{"appName": "원터치개인", "usage": [7]},
				{"appName": "알파카", "usage": [9]},
				{"appName": "T전화", "usage": [7]},
				{"appName": "Google Play 스토어", "usage": [12]},
				{"appName": "Google Play 서비스", "usage": [7]},
				{"appName": "Dropsync", "usage": [12]},
				{"appName": "Avast Mobile Security", "usage": [7]}
			]
		},
		"maxTime": {
			"usage": 183,
			"details": [
				{"appName": "마이리틀셰프", "usage": 49},
				{"appName": "문피아", "usage": 20},
				{"appName": "Chrome", "usage": 5},
				{"appName": "10000!", "usage": 5},
				{"appName": "트위터", "usage": 4},
				{"appName": "카카오페이지", "usage": 3},
				{"appName": "Walkr", "usage": 1},
				{"appName": "네이버 지도", "usage": 1},
				{"appName": "카카오톡", "usage": 0},
				{"appName": "리디북스", "usage": 0},
				{"appName": "알파카", "usage": 0},
				{"appName": "Paco", "usage": 0},
				{"appName": "Polar Beat", "usage": 0},
				{"appName": "Evernote", "usage": 0},
				{"appName": "설정", "usage": 0},
				{"appName": "원터치개인", "usage": 0},
				{"appName": "시계", "usage": 0},
				{"appName": "TouchWiz 홈", "usage": 0},
				{"appName": "시스템 UI", "usage": 0},
				{"appName": "Logger", "usage": 0},
				{"appName": "T전화", "usage": 0},
				{"appName": "소프트웨어 업데이트", "usage": 0},
				{"appName": "Avast Mobile Security", "usage": 0},
				{"appName": "원터치알림", "usage": 0},
				{"appName": "Google Play 스토어", "usage": 0},
				{"appName": "Google Play 서비스", "usage": 0},
				{"appName": "Dropsync", "usage": 0},
				{"appName": "패키지 설치 프로그램", "usage": 0}
			]
		},
		"avgTime": {
			"usage": 13,
			"details": [
				{"appName": "마이리틀셰프", "usage": 17},
				{"appName": "10000!", "usage": 2},
				{"appName": "문피아", "usage": 2},
				{"appName": "Chrome", "usage": 0},
				{"appName": "Walkr", "usage": 0},
				{"appName": "카카오페이지", "usage": 0},
				{"appName": "알파카", "usage": 0},
				{"appName": "네이버 지도", "usage": 0},
				{"appName": "트위터", "usage": 0},
				{"appName": "리디북스", "usage": 0},
				{"appName": "Paco", "usage": 0},
				{"appName": "Evernote", "usage": 0},
				{"appName": "Polar Beat", "usage": 0},
				{"appName": "시계", "usage": 0},
				{"appName": "설정", "usage": 0},
				{"appName": "원터치개인", "usage": 0},
				{"appName": "원터치알림", "usage": 0},
				{"appName": "TouchWiz 홈", "usage": 0},
				{"appName": "카카오톡", "usage": 0},
				{"appName": "T전화", "usage": 0},
				{"appName": "Avast Mobile Security", "usage": 0},
				{"appName": "Logger", "usage": 0},
				{"appName": "Google Play 서비스", "usage": 0},
				{"appName": "Dropsync", "usage": 0},
				{"appName": "시스템 UI", "usage": 0},
				{"appName": "소프트웨어 업데이트", "usage": 0},
				{"appName": "Google Play 스토어", "usage": 0},
				{"appName": "패키지 설치 프로그램", "usage": 0}
			]
		},
		"lastPickup": {"time": 0}
	},
	{
		"date": 7,
		"totalTime": {
			"usage": 316,
			"details": [
				{"appName": "카카오페이지", "usage": 201},
				{"appName": "트위터", "usage": 32},
				{"appName": "YouTube", "usage": 29},
				{"appName": "문피아", "usage": 16},
				{"appName": "Walkr", "usage": 8},
				{"appName": "카카오톡", "usage": 4},
				{"appName": "TouchWiz 홈", "usage": 4},
				{"appName": "10000!", "usage": 4},
				{"appName": "밥대생", "usage": 2},
				{"appName": "Chrome", "usage": 1},
				{"appName": "T전화", "usage": 1},
				{"appName": "시스템 UI", "usage": 0},
				{"appName": "메시지", "usage": 0},
				{"appName": "프레젠테이션", "usage": 0},
				{"appName": "시계", "usage": 0},
				{"appName": "Paco", "usage": 0},
				{"appName": "설정", "usage": 0},
				{"appName": "안드로이드 시스템", "usage": 0},
				{"appName": "Logger", "usage": 0},
				{"appName": "Google Play 서비스", "usage": 0},
				{"appName": "Polar Beat", "usage": 0},
				{"appName": "DU 배터리 세이버", "usage": 0},
				{"appName": "T전화 통화", "usage": 0},
				{"appName": "드라이브", "usage": 0},
				{"appName": "패키지 설치 프로그램", "usage": 0}
			]
		},
		"pickups": {"usage": 28},
		"downTime": {
			"usage": [
				{"hour": "4", "usage": 0},
				{"hour": "6", "usage": 5},
				{"hour": "7", "usage": 59},
				{"hour": "8", "usage": 60},
				{"hour": "9", "usage": 60},
				{"hour": "10", "usage": 60},
				{"hour": "11", "usage": 46},
				{"hour": "12", "usage": 23},
				{"hour": "13", "usage": 1}
			],
			"details": [
				{"appName": "TouchWiz 홈", "usage": [6, 7, 8, 9, 10, 11, 12]},
				{"appName": "트위터", "usage": [6, 7, 8, 9, 10, 12]},
				{"appName": "카카오페이지", "usage": [7, 8, 9, 10, 11, 12]},
				{"appName": "카카오톡", "usage": [6, 7, 9, 10, 11, 12]},
				{"appName": "시스템 UI", "usage": [7, 8, 9, 10, 11, 12]},
				{"appName": "Walkr", "usage": [6, 7, 9, 11, 12]},
				{"appName": "문피아", "usage": [7, 11, 12]},
				{"appName": "메시지", "usage": [6, 7, 10]},
				{"appName": "T전화", "usage": [9, 11, 12]},
				{"appName": "Chrome", "usage": [6, 7, 11]},
				{"appName": "YouTube", "usage": [10, 11]},
				{"appName": "T전화 통화", "usage": [9, 11]},
				{"appName": "Paco", "usage": [6, 7]},
				{"appName": "프레젠테이션", "usage": [7]},
				{"appName": "패키지 설치 프로그램", "usage": [8]},
				{"appName": "안드로이드 시스템", "usage": [12]},
				{"appName": "시계", "usage": [6]},
				{"appName": "설정", "usage": [8]},
				{"appName": "밥대생", "usage": [11]},
				{"appName": "드라이브", "usage": [12]},
				{"appName": "Polar Beat", "usage": [8]},
				{"appName": "Logger", "usage": [8]},
				{"appName": "Google Play 서비스", "usage": [8]},
				{"appName": "DU 배터리 세이버", "usage": [8]},
				{"appName": "10000!", "usage": [12]}
			]
		},
		"maxTime": {
			"usage": 275,
			"details": [
				{"appName": "YouTube", "usage": 16},
				{"appName": "문피아", "usage": 5},
				{"appName": "10000!", "usage": 3},
				{"appName": "카카오페이지", "usage": 2},
				{"appName": "Walkr", "usage": 2},
				{"appName": "밥대생", "usage": 1},
				{"appName": "트위터", "usage": 1},
				{"appName": "Chrome", "usage": 0},
				{"appName": "프레젠테이션", "usage": 0},
				{"appName": "TouchWiz 홈", "usage": 0},
				{"appName": "카카오톡", "usage": 0},
				{"appName": "시계", "usage": 0},
				{"appName": "T전화", "usage": 0},
				{"appName": "메시지", "usage": 0},
				{"appName": "Paco", "usage": 0},
				{"appName": "시스템 UI", "usage": 0},
				{"appName": "설정", "usage": 0},
				{"appName": "안드로이드 시스템", "usage": 0},
				{"appName": "Logger", "usage": 0},
				{"appName": "Google Play 서비스", "usage": 0},
				{"appName": "Polar Beat", "usage": 0},
				{"appName": "DU 배터리 세이버", "usage": 0},
				{"appName": "T전화 통화", "usage": 0},
				{"appName": "드라이브", "usage": 0},
				{"appName": "패키지 설치 프로그램", "usage": 0}
			]
		},
		"avgTime": {
			"usage": 11,
			"details": [
				{"appName": "YouTube", "usage": 7},
				{"appName": "10000!", "usage": 2},
				{"appName": "Walkr", "usage": 1},
				{"appName": "문피아", "usage": 0},
				{"appName": "카카오페이지", "usage": 0},
				{"appName": "Chrome", "usage": 0},
				{"appName": "프레젠테이션", "usage": 0},
				{"appName": "밥대생", "usage": 0},
				{"appName": "메시지", "usage": 0},
				{"appName": "시계", "usage": 0},
				{"appName": "트위터", "usage": 0},
				{"appName": "T전화", "usage": 0},
				{"appName": "안드로이드 시스템", "usage": 0},
				{"appName": "TouchWiz 홈", "usage": 0},
				{"appName": "Paco", "usage": 0},
				{"appName": "카카오톡", "usage": 0},
				{"appName": "Google Play 서비스", "usage": 0},
				{"appName": "설정", "usage": 0},
				{"appName": "Logger", "usage": 0},
				{"appName": "시스템 UI", "usage": 0},
				{"appName": "Polar Beat", "usage": 0},
				{"appName": "DU 배터리 세이버", "usage": 0},
				{"appName": "T전화 통화", "usage": 0},
				{"appName": "드라이브", "usage": 0},
				{"appName": "패키지 설치 프로그램", "usage": 0}
			]
		},
		"lastPickup": {"time": 1}
	}
]
