[
	{
		"date": 1,
		"totalTime": {
			"usage": 344,
			"details": [
				{"appName": "Chrome", "usage": 91},
				{"appName": "YouTube", "usage": 82},
				{"appName": "Facebook", "usage": 52},
				{"appName": "카카오톡", "usage": 21},
				{"appName": "Microsoft Launcher", "usage": 19},
				{"appName": "FatSecret", "usage": 11},
				{"appName": "Paco", "usage": 7},
				{"appName": "Instagram", "usage": 5},
				{"appName": "드라이브", "usage": 5},
				{"appName": "Polar Beat", "usage": 3},
				{"appName": "네이버 캘린더", "usage": 3},
				{"appName": "KLMS", "usage": 1},
				{"appName": "얼리버드 알람", "usage": 1},
				{"appName": "갤러리", "usage": 1},
				{"appName": "프레젠테이션", "usage": 1},
				{"appName": "ABC Logger", "usage": 0},
				{"appName": "시스템 UI", "usage": 0},
				{"appName": "포토", "usage": 0},
				{"appName": "똑똑가계부", "usage": 0},
				{"appName": "Logger", "usage": 0},
				{"appName": "한컴오피스 viewer", "usage": 0},
				{"appName": "Android 시스템", "usage": 0},
				{"appName": "Google", "usage": 0},
				{"appName": "접근성", "usage": 0},
				{"appName": "카메라", "usage": 0},
				{"appName": "설정", "usage": 0},
				{"appName": "인쇄 스풀러", "usage": 0},
				{"appName": "메시지", "usage": 0},
				{"appName": "알람/시계", "usage": 0},
				{"appName": "원터치개인", "usage": 0},
				{"appName": "패키지 설치 프로그램", "usage": 0},
				{"appName": "KAIST Portal", "usage": 0},
				{"appName": "네트워크", "usage": 0},
				{"appName": "주소록", "usage": 0},
				{"appName": "Q메모+", "usage": 0},
				{"appName": "Messenger", "usage": 0},
				{"appName": "LG 앱 이용약관", "usage": 0},
				{"appName": "Shutdown Monitor", "usage": 0}
			]
		},
		"pickups": {"usage": 190},
		"downTime": {
			"usage": [
				{"hour": "0", "usage": 2},
				{"hour": "1", "usage": 4},
				{"hour": "2", "usage": 4},
				{"hour": "3", "usage": 25},
				{"hour": "4", "usage": 18},
				{"hour": "5", "usage": 36},
				{"hour": "6", "usage": 1},
				{"hour": "7", "usage": 17},
				{"hour": "8", "usage": 47},
				{"hour": "9", "usage": 23},
				{"hour": "10", "usage": 3},
				{"hour": "11", "usage": 17},
				{"hour": "12", "usage": 4},
				{"hour": "13", "usage": 0},
				{"hour": "14", "usage": 4},
				{"hour": "15", "usage": 16},
				{"hour": "16", "usage": 32},
				{"hour": "17", "usage": 51},
				{"hour": "18", "usage": 30},
				{"hour": "21", "usage": 0},
				{"hour": "22", "usage": 0},
				{"hour": "23", "usage": 1}
			],
			"details": [
				{"appName": "Microsoft Launcher", "usage": [0, 1, 2, 3, 4, 5, 6, 7, 8, 9, 10, 11, 12, 13, 14, 15, 16, 17, 18, 21, 23]},
				{"appName": "카카오톡", "usage": [0, 2, 3, 4, 5, 7, 8, 9, 10, 11, 12, 14, 15, 16, 17, 23]},
				{"appName": "시스템 UI", "usage": [1, 2, 3, 5, 6, 8, 9, 14, 16, 17, 23]},
				{"appName": "Paco", "usage": [2, 3, 5, 7, 8, 9, 10, 11, 12]},
				{"appName": "Chrome", "usage": [3, 4, 5, 8, 14, 16, 17, 18]},
				{"appName": "Polar Beat", "usage": [1, 2, 5, 6, 7, 10, 14]},
				{"appName": "Facebook", "usage": [5, 8, 9, 12, 15, 16, 18]},
				{"appName": "Android 시스템", "usage": [3, 5, 8, 9, 14, 15, 23]},
				{"appName": "패키지 설치 프로그램", "usage": [1, 2, 3, 6, 8, 14]},
				{"appName": "YouTube", "usage": [5, 8, 9, 16, 17]},
				{"appName": "네이버 캘린더", "usage": [1, 12, 16, 23]},
				{"appName": "Logger", "usage": [1, 2, 6, 14]},
				{"appName": "접근성", "usage": [1, 2, 14]},
				{"appName": "KLMS", "usage": [9, 15, 23]},
				{"appName": "ABC Logger", "usage": [2, 14, 17]},
				{"appName": "한컴오피스 viewer", "usage": [15, 23]},
				{"appName": "카메라", "usage": [3, 8]},
				{"appName": "원터치개인", "usage": [3, 8]},
				{"appName": "설정", "usage": [13, 14]},
				{"appName": "똑똑가계부", "usage": [3, 8]},
				{"appName": "네트워크", "usage": [13, 14]},
				{"appName": "Messenger", "usage": [7, 8]},
				{"appName": "Instagram", "usage": [5, 16]},
				{"appName": "Google", "usage": [6, 11]},
				{"appName": "FatSecret", "usage": [3, 8]},
				{"appName": "프레젠테이션", "usage": [14]},
				{"appName": "포토", "usage": [8]},
				{"appName": "주소록", "usage": [14]},
				{"appName": "인쇄 스풀러", "usage": [15]},
				{"appName": "얼리버드 알람", "usage": [0]},
				{"appName": "알람/시계", "usage": [9]},
				{"appName": "메시지", "usage": [14]},
				{"appName": "드라이브", "usage": [9]},
				{"appName": "갤러리", "usage": [8]},
				{"appName": "Shutdown Monitor", "usage": [12]},
				{"appName": "Q메모+", "usage": [9]},
				{"appName": "LG 앱 이용약관", "usage": [9]},
				{"appName": "KAIST Portal", "usage": [5]}
			]
		},
		"maxTime": {
			"usage": 61,
			"details": [
				{"appName": "YouTube", "usage": 30},
				{"appName": "Chrome", "usage": 21},
				{"appName": "Facebook", "usage": 10},
				{"appName": "Microsoft Launcher", "usage": 6},
				{"appName": "드라이브", "usage": 5},
				{"appName": "Instagram", "usage": 2},
				{"appName": "카카오톡", "usage": 1},
				{"appName": "FatSecret", "usage": 1},
				{"appName": "Polar Beat", "usage": 1},
				{"appName": "Paco", "usage": 1},
				{"appName": "네이버 캘린더", "usage": 0},
				{"appName": "얼리버드 알람", "usage": 0},
				{"appName": "갤러리", "usage": 0},
				{"appName": "ABC Logger", "usage": 0},
				{"appName": "포토", "usage": 0},
				{"appName": "KLMS", "usage": 0},
				{"appName": "프레젠테이션", "usage": 0},
				{"appName": "똑똑가계부", "usage": 0},
				{"appName": "Logger", "usage": 0},
				{"appName": "한컴오피스 viewer", "usage": 0},
				{"appName": "Google", "usage": 0},
				{"appName": "Android 시스템", "usage": 0},
				{"appName": "인쇄 스풀러", "usage": 0},
				{"appName": "카메라", "usage": 0},
				{"appName": "접근성", "usage": 0},
				{"appName": "설정", "usage": 0},
				{"appName": "시스템 UI", "usage": 0},
				{"appName": "메시지", "usage": 0},
				{"appName": "원터치개인", "usage": 0},
				{"appName": "KAIST Portal", "usage": 0},
				{"appName": "알람/시계", "usage": 0},
				{"appName": "네트워크", "usage": 0},
				{"appName": "패키지 설치 프로그램", "usage": 0},
				{"appName": "주소록", "usage": 0},
				{"appName": "Q메모+", "usage": 0},
				{"appName": "Messenger", "usage": 0},
				{"appName": "LG 앱 이용약관", "usage": 0},
				{"appName": "Shutdown Monitor", "usage": 0}
			]
		},
		"avgTime": {
			"usage": 1,
			"details": [
				{"appName": "YouTube", "usage": 4},
				{"appName": "Chrome", "usage": 2},
				{"appName": "Instagram", "usage": 0},
				{"appName": "Facebook", "usage": 0},
				{"appName": "드라이브", "usage": 0},
				{"appName": "갤러리", "usage": 0},
				{"appName": "Polar Beat", "usage": 0},
				{"appName": "네이버 캘린더", "usage": 0},
				{"appName": "FatSecret", "usage": 0},
				{"appName": "똑똑가계부", "usage": 0},
				{"appName": "프레젠테이션", "usage": 0},
				{"appName": "Paco", "usage": 0},
				{"appName": "얼리버드 알람", "usage": 0},
				{"appName": "Microsoft Launcher", "usage": 0},
				{"appName": "인쇄 스풀러", "usage": 0},
				{"appName": "KLMS", "usage": 0},
				{"appName": "포토", "usage": 0},
				{"appName": "ABC Logger", "usage": 0},
				{"appName": "카메라", "usage": 0},
				{"appName": "카카오톡", "usage": 0},
				{"appName": "Google", "usage": 0},
				{"appName": "접근성", "usage": 0},
				{"appName": "Logger", "usage": 0},
				{"appName": "설정", "usage": 0},
				{"appName": "한컴오피스 viewer", "usage": 0},
				{"appName": "KAIST Portal", "usage": 0},
				{"appName": "메시지", "usage": 0},
				{"appName": "알람/시계", "usage": 0},
				{"appName": "Android 시스템", "usage": 0},
				{"appName": "시스템 UI", "usage": 0},
				{"appName": "주소록", "usage": 0},
				{"appName": "원터치개인", "usage": 0},
				{"appName": "네트워크", "usage": 0},
				{"appName": "패키지 설치 프로그램", "usage": 0},
				{"appName": "Messenger", "usage": 0},
				{"appName": "Q메모+", "usage": 0},
				{"appName": "LG 앱 이용약관", "usage": 0},
				{"appName": "Shutdown Monitor", "usage": 0}
			]
		},
		"lastPickup": {"time": 0}
	},
	{
		"date": 2,
		"totalTime": {
			"usage": 450,
			"details": [
				{"appName": "YouTube", "usage": 108},
				{"appName": "Chrome", "usage": 94},
				{"appName": "Facebook", "usage": 59},
				{"appName": "얼리버드 알람", "usage": 39},
				{"appName": "카카오톡", "usage": 31},
				{"appName": "Microsoft Band", "usage": 15},
				{"appName": "Microsoft Launcher", "usage": 14},
				{"appName": "CGV", "usage": 9},
				{"appName": "Paco", "usage": 7},
				{"appName": "똑똑가계부", "usage": 3},
				{"appName": "지도", "usage": 3},
				{"appName": "네이버 캘린더", "usage": 3},
				{"appName": "프레젠테이션", "usage": 3},
				{"appName": "Polar Beat", "usage": 2},
				{"appName": "Q메모+", "usage": 2},
				{"appName": "FatSecret", "usage": 2},
				{"appName": "Instagram", "usage": 1},
				{"appName": "통화 화면", "usage": 1},
				{"appName": "토스", "usage": 1},
				{"appName": "KLMS", "usage": 1},
				{"appName": "카메라", "usage": 0},
				{"appName": "시스템 UI", "usage": 0},
				{"appName": "메시지", "usage": 0},
				{"appName": "InBody", "usage": 0},
				{"appName": "밥대생", "usage": 0},
				{"appName": "PAYCO", "usage": 0},
				{"appName": "Logger", "usage": 0},
				{"appName": "드라이브", "usage": 0},
				{"appName": "Bluetooth", "usage": 0},
				{"appName": "원터치개인", "usage": 0},
				{"appName": "패키지 설치 프로그램", "usage": 0},
				{"appName": "접근성", "usage": 0},
				{"appName": "Android 시스템", "usage": 0},
				{"appName": "Google Play 서비스", "usage": 0},
				{"appName": "설정", "usage": 0},
				{"appName": "Wi-Fi", "usage": 0},
				{"appName": "모바일교보문고", "usage": 0}
			]
		},
		"pickups": {"usage": 181},
		"downTime": {
			"usage": [
				{"hour": "0", "usage": 3},
				{"hour": "1", "usage": 12},
				{"hour": "2", "usage": 56},
				{"hour": "3", "usage": 32},
				{"hour": "4", "usage": 37},
				{"hour": "5", "usage": 8},
				{"hour": "6", "usage": 22},
				{"hour": "7", "usage": 20},
				{"hour": "8", "usage": 10},
				{"hour": "9", "usage": 14},
				{"hour": "10", "usage": 11},
				{"hour": "11", "usage": 31},
				{"hour": "12", "usage": 23},
				{"hour": "13", "usage": 2},
				{"hour": "14", "usage": 0},
				{"hour": "15", "usage": 28},
				{"hour": "16", "usage": 59},
				{"hour": "17", "usage": 43},
				{"hour": "18", "usage": 17},
				{"hour": "19", "usage": 3},
				{"hour": "21", "usage": 5},
				{"hour": "22", "usage": 3}
			],
			"details": [
				{"appName": "Microsoft Launcher", "usage": [0, 1, 2, 3, 4, 5, 6, 7, 8, 9, 10, 11, 12, 13, 15, 16, 17, 19, 21, 22]},
				{"appName": "카카오톡", "usage": [0, 1, 2, 3, 4, 5, 6, 7, 8, 9, 10, 11, 12, 17, 19, 21]},
				{"appName": "시스템 UI", "usage": [0, 1, 2, 3, 4, 5, 8, 9, 10, 11, 15, 17]},
				{"appName": "Facebook", "usage": [2, 3, 4, 5, 6, 7, 8, 10, 16, 17, 21, 22]},
				{"appName": "Paco", "usage": [1, 2, 3, 5, 6, 7, 8, 9, 10, 11, 15]},
				{"appName": "YouTube", "usage": [4, 5, 6, 7, 8, 10, 11, 12, 16, 17]},
				{"appName": "Chrome", "usage": [2, 9, 10, 11, 12, 15, 16]},
				{"appName": "얼리버드 알람", "usage": [0, 12, 17, 18, 19]},
				{"appName": "카메라", "usage": [3, 8, 9, 15]},
				{"appName": "네이버 캘린더", "usage": [0, 1, 4, 15]},
				{"appName": "Q메모+", "usage": [1, 2, 4, 10]},
				{"appName": "메시지", "usage": [2, 3, 10]},
				{"appName": "똑똑가계부", "usage": [8, 9, 11]},
				{"appName": "Polar Beat", "usage": [1, 2, 15]},
				{"appName": "패키지 설치 프로그램", "usage": [1, 15]},
				{"appName": "통화 화면", "usage": [9, 13]},
				{"appName": "토스", "usage": [9, 11]},
				{"appName": "Microsoft Band", "usage": [1, 2]},
				{"appName": "Logger", "usage": [1, 15]},
				{"appName": "FatSecret", "usage": [9, 10]},
				{"appName": "CGV", "usage": [15, 16]},
				{"appName": "Bluetooth", "usage": [1, 15]},
				{"appName": "Android 시스템", "usage": [1, 2]},
				{"appName": "프레젠테이션", "usage": [2]},
				{"appName": "지도", "usage": [15]},
				{"appName": "접근성", "usage": [1]},
				{"appName": "원터치개인", "usage": [11]},
				{"appName": "설정", "usage": [15]},
				{"appName": "밥대생", "usage": [2]},
				{"appName": "모바일교보문고", "usage": [12]},
				{"appName": "드라이브", "usage": [1]},
				{"appName": "Wi-Fi", "usage": [1]},
				{"appName": "PAYCO", "usage": [16]},
				{"appName": "KLMS", "usage": [1]},
				{"appName": "Instagram", "usage": [11]},
				{"appName": "InBody", "usage": [8]},
				{"appName": "Google Play 서비스", "usage": [15]}
			]
		},
		"maxTime": {
			"usage": 78,
			"details": [
				{"appName": "Chrome", "usage": 34},
				{"appName": "YouTube", "usage": 30},
				{"appName": "얼리버드 알람", "usage": 17},
				{"appName": "Facebook", "usage": 14},
				{"appName": "Microsoft Band", "usage": 3},
				{"appName": "프레젠테이션", "usage": 2},
				{"appName": "지도", "usage": 2},
				{"appName": "CGV", "usage": 2},
				{"appName": "네이버 캘린더", "usage": 1},
				{"appName": "똑똑가계부", "usage": 1},
				{"appName": "Instagram", "usage": 1},
				{"appName": "카카오톡", "usage": 1},
				{"appName": "Polar Beat", "usage": 1},
				{"appName": "Microsoft Launcher", "usage": 1},
				{"appName": "FatSecret", "usage": 1},
				{"appName": "Q메모+", "usage": 1},
				{"appName": "통화 화면", "usage": 0},
				{"appName": "Paco", "usage": 0},
				{"appName": "KLMS", "usage": 0},
				{"appName": "InBody", "usage": 0},
				{"appName": "PAYCO", "usage": 0},
				{"appName": "밥대생", "usage": 0},
				{"appName": "카메라", "usage": 0},
				{"appName": "토스", "usage": 0},
				{"appName": "메시지", "usage": 0},
				{"appName": "드라이브", "usage": 0},
				{"appName": "Logger", "usage": 0},
				{"appName": "Bluetooth", "usage": 0},
				{"appName": "원터치개인", "usage": 0},
				{"appName": "패키지 설치 프로그램", "usage": 0},
				{"appName": "시스템 UI", "usage": 0},
				{"appName": "접근성", "usage": 0},
				{"appName": "설정", "usage": 0},
				{"appName": "Google Play 서비스", "usage": 0},
				{"appName": "Android 시스템", "usage": 0},
				{"appName": "Wi-Fi", "usage": 0},
				{"appName": "모바일교보문고", "usage": 0}
			]
		},
		"avgTime": {
			"usage": 2,
			"details": [
				{"appName": "Chrome", "usage": 3},
				{"appName": "YouTube", "usage": 2},
				{"appName": "프레젠테이션", "usage": 1},
				{"appName": "지도", "usage": 1},
				{"appName": "Facebook", "usage": 0},
				{"appName": "Instagram", "usage": 0},
				{"appName": "얼리버드 알람", "usage": 0},
				{"appName": "Microsoft Band", "usage": 0},
				{"appName": "CGV", "usage": 0},
				{"appName": "똑똑가계부", "usage": 0},
				{"appName": "통화 화면", "usage": 0},
				{"appName": "네이버 캘린더", "usage": 0},
				{"appName": "드라이브", "usage": 0},
				{"appName": "카메라", "usage": 0},
				{"appName": "InBody", "usage": 0},
				{"appName": "FatSecret", "usage": 0},
				{"appName": "Polar Beat", "usage": 0},
				{"appName": "KLMS", "usage": 0},
				{"appName": "Paco", "usage": 0},
				{"appName": "밥대생", "usage": 0},
				{"appName": "Q메모+", "usage": 0},
				{"appName": "PAYCO", "usage": 0},
				{"appName": "접근성", "usage": 0},
				{"appName": "토스", "usage": 0},
				{"appName": "카카오톡", "usage": 0},
				{"appName": "Microsoft Launcher", "usage": 0},
				{"appName": "Logger", "usage": 0},
				{"appName": "원터치개인", "usage": 0},
				{"appName": "메시지", "usage": 0},
				{"appName": "Bluetooth", "usage": 0},
				{"appName": "패키지 설치 프로그램", "usage": 0},
				{"appName": "Google Play 서비스", "usage": 0},
				{"appName": "설정", "usage": 0},
				{"appName": "시스템 UI", "usage": 0},
				{"appName": "Android 시스템", "usage": 0},
				{"appName": "Wi-Fi", "usage": 0},
				{"appName": "모바일교보문고", "usage": 0}
			]
		},
		"lastPickup": {"time": 7}
	},
	{
		"date": 3,
		"totalTime": {
			"usage": 326,
			"details": [
				{"appName": "카카오톡", "usage": 123},
				{"appName": "Facebook", "usage": 47},
				{"appName": "YouTube", "usage": 32},
				{"appName": "Microsoft Launcher", "usage": 24},
				{"appName": "BAND", "usage": 21},
				{"appName": "Chrome", "usage": 20},
				{"appName": "네이버 캘린더", "usage": 11},
				{"appName": "Paco", "usage": 10},
				{"appName": "Q메모+", "usage": 6},
				{"appName": "InBody", "usage": 6},
				{"appName": "Instagram", "usage": 2},
				{"appName": "FatSecret", "usage": 1},
				{"appName": "스프레드시트", "usage": 1},
				{"appName": "카메라", "usage": 0},
				{"appName": "시스템 UI", "usage": 0},
				{"appName": "밥대생", "usage": 0},
				{"appName": "똑똑가계부", "usage": 0},
				{"appName": "토스", "usage": 0},
				{"appName": "드라이브", "usage": 0},
				{"appName": "패키지 설치 프로그램", "usage": 0},
				{"appName": "갤러리", "usage": 0},
				{"appName": "KAIST Portal", "usage": 0},
				{"appName": "원터치개인", "usage": 0},
				{"appName": "Polar Beat", "usage": 0},
				{"appName": "메시지", "usage": 0},
				{"appName": "Android 시스템", "usage": 0},
				{"appName": "Shutdown Monitor", "usage": 0},
				{"appName": "고음질 녹음", "usage": 0},
				{"appName": "네트워크", "usage": 0},
				{"appName": "Logger", "usage": 0},
				{"appName": "Google Play 서비스", "usage": 0},
				{"appName": "Bluetooth", "usage": 0},
				{"appName": "설정", "usage": 0},
				{"appName": "Messenger", "usage": 0}
			]
		},
		"pickups": {"usage": 149},
		"downTime": {
			"usage": [
				{"hour": "0", "usage": 0},
				{"hour": "1", "usage": 24},
				{"hour": "3", "usage": 12},
				{"hour": "4", "usage": 20},
				{"hour": "5", "usage": 27},
				{"hour": "6", "usage": 9},
				{"hour": "7", "usage": 50},
				{"hour": "8", "usage": 20},
				{"hour": "9", "usage": 30},
				{"hour": "10", "usage": 44},
				{"hour": "11", "usage": 37},
				{"hour": "12", "usage": 6},
				{"hour": "13", "usage": 5},
				{"hour": "14", "usage": 9},
				{"hour": "15", "usage": 7},
				{"hour": "17", "usage": 3},
				{"hour": "18", "usage": 14}
			],
			"details": [
				{"appName": "Microsoft Launcher", "usage": [0, 1, 3, 4, 5, 6, 7, 8, 9, 10, 11, 12, 13, 14, 15, 17, 18]},
				{"appName": "카카오톡", "usage": [3, 4, 5, 6, 7, 8, 9, 10, 11, 12, 13, 14, 15, 17, 18]},
				{"appName": "Facebook", "usage": [1, 4, 5, 6, 7, 8, 9, 10, 11, 13, 14, 15, 18]},
				{"appName": "시스템 UI", "usage": [4, 5, 7, 8, 9, 10, 11, 12, 13, 18]},
				{"appName": "Paco", "usage": [1, 3, 5, 6, 7, 8, 9, 10, 11, 12]},
				{"appName": "네이버 캘린더", "usage": [1, 3, 4, 7, 9, 10, 12, 13]},
				{"appName": "Chrome", "usage": [1, 6, 9, 12, 15, 18]},
				{"appName": "원터치개인", "usage": [9, 10, 16, 17]},
				{"appName": "YouTube", "usage": [5, 11, 17, 18]},
				{"appName": "카메라", "usage": [0, 1, 15]},
				{"appName": "Q메모+", "usage": [4, 5, 17]},
				{"appName": "스프레드시트", "usage": [6, 12]},
				{"appName": "똑똑가계부", "usage": [4, 9]},
				{"appName": "Messenger", "usage": [5, 9]},
				{"appName": "패키지 설치 프로그램", "usage": [15]},
				{"appName": "토스", "usage": [10]},
				{"appName": "설정", "usage": [3]},
				{"appName": "밥대생", "usage": [9]},
				{"appName": "메시지", "usage": [9]},
				{"appName": "드라이브", "usage": [12]},
				{"appName": "네트워크", "usage": [3]},
				{"appName": "고음질 녹음", "usage": [7]},
				{"appName": "갤러리", "usage": [15]},
				{"appName": "Shutdown Monitor", "usage": [3]},
				{"appName": "Polar Beat", "usage": [18]},
				{"appName": "Logger", "usage": [15]},
				{"appName": "KAIST Portal", "usage": [6]},
				{"appName": "Instagram", "usage": [4]},
				{"appName": "InBody", "usage": [4]},
				{"appName": "Google Play 서비스", "usage": [18]},
				{"appName": "FatSecret", "usage": [9]},
				{"appName": "Bluetooth", "usage": [18]},
				{"appName": "BAND", "usage": [10]},
				{"appName": "Android 시스템", "usage": [6]}
			]
		},
		"maxTime": {
			"usage": 26,
			"details": [
				{"appName": "카카오톡", "usage": 21},
				{"appName": "Chrome", "usage": 14},
				{"appName": "BAND", "usage": 7},
				{"appName": "InBody", "usage": 6},
				{"appName": "Facebook", "usage": 5},
				{"appName": "YouTube", "usage": 5},
				{"appName": "Microsoft Launcher", "usage": 5},
				{"appName": "Q메모+", "usage": 4},
				{"appName": "네이버 캘린더", "usage": 4},
				{"appName": "Paco", "usage": 2},
				{"appName": "Instagram", "usage": 1},
				{"appName": "카메라", "usage": 0},
				{"appName": "스프레드시트", "usage": 0},
				{"appName": "밥대생", "usage": 0},
				{"appName": "패키지 설치 프로그램", "usage": 0},
				{"appName": "갤러리", "usage": 0},
				{"appName": "KAIST Portal", "usage": 0},
				{"appName": "FatSecret", "usage": 0},
				{"appName": "드라이브", "usage": 0},
				{"appName": "원터치개인", "usage": 0},
				{"appName": "똑똑가계부", "usage": 0},
				{"appName": "토스", "usage": 0},
				{"appName": "Polar Beat", "usage": 0},
				{"appName": "Android 시스템", "usage": 0},
				{"appName": "메시지", "usage": 0},
				{"appName": "시스템 UI", "usage": 0},
				{"appName": "Shutdown Monitor", "usage": 0},
				{"appName": "고음질 녹음", "usage": 0},
				{"appName": "네트워크", "usage": 0},
				{"appName": "Google Play 서비스", "usage": 0},
				{"appName": "Logger", "usage": 0},
				{"appName": "Bluetooth", "usage": 0},
				{"appName": "설정", "usage": 0},
				{"appName": "Messenger", "usage": 0}
			]
		},
		"avgTime": {
			"usage": 2,
			"details": [
				{"appName": "Chrome", "usage": 1},
				{"appName": "YouTube", "usage": 1},
				{"appName": "Q메모+", "usage": 1},
				{"appName": "InBody", "usage": 1},
				{"appName": "Instagram", "usage": 0},
				{"appName": "Facebook", "usage": 0},
				{"appName": "BAND", "usage": 0},
				{"appName": "네이버 캘린더", "usage": 0},
				{"appName": "패키지 설치 프로그램", "usage": 0},
				{"appName": "갤러리", "usage": 0},
				{"appName": "Paco", "usage": 0},
				{"appName": "카카오톡", "usage": 0},
				{"appName": "똑똑가계부", "usage": 0},
				{"appName": "카메라", "usage": 0},
				{"appName": "스프레드시트", "usage": 0},
				{"appName": "밥대생", "usage": 0},
				{"appName": "KAIST Portal", "usage": 0},
				{"appName": "메시지", "usage": 0},
				{"appName": "FatSecret", "usage": 0},
				{"appName": "Microsoft Launcher", "usage": 0},
				{"appName": "드라이브", "usage": 0},
				{"appName": "Polar Beat", "usage": 0},
				{"appName": "원터치개인", "usage": 0},
				{"appName": "Android 시스템", "usage": 0},
				{"appName": "토스", "usage": 0},
				{"appName": "Shutdown Monitor", "usage": 0},
				{"appName": "고음질 녹음", "usage": 0},
				{"appName": "Google Play 서비스", "usage": 0},
				{"appName": "네트워크", "usage": 0},
				{"appName": "Logger", "usage": 0},
				{"appName": "시스템 UI", "usage": 0},
				{"appName": "Bluetooth", "usage": 0},
				{"appName": "설정", "usage": 0},
				{"appName": "Messenger", "usage": 0}
			]
		},
		"lastPickup": {"time": 13}
	},
	{
		"date": 4,
		"totalTime": {
			"usage": 611,
			"details": [
				{"appName": "YouTube", "usage": 136},
				{"appName": "카카오톡", "usage": 125},
				{"appName": "Chrome", "usage": 72},
				{"appName": "Facebook", "usage": 68},
				{"appName": "FatSecret", "usage": 52},
				{"appName": "Microsoft Launcher", "usage": 50},
				{"appName": "Netflix", "usage": 30},
				{"appName": "카메라", "usage": 11},
				{"appName": "카카오 T", "usage": 9},
				{"appName": "Paco", "usage": 8},
				{"appName": "갤러리", "usage": 8},
				{"appName": "통화 화면", "usage": 6},
				{"appName": "Instagram", "usage": 4},
				{"appName": "시외버스 모바일", "usage": 3},
				{"appName": "원터치개인", "usage": 3},
				{"appName": "시스템 UI", "usage": 1},
				{"appName": "네이버 캘린더", "usage": 1},
				{"appName": "밥대생", "usage": 0},
				{"appName": "Polar Beat", "usage": 0},
				{"appName": "메시지", "usage": 0},
				{"appName": "똑똑가계부", "usage": 0},
				{"appName": "KAIST Portal", "usage": 0},
				{"appName": "파일", "usage": 0},
				{"appName": "주소록", "usage": 0},
				{"appName": "접근성", "usage": 0},
				{"appName": "Wi-Fi", "usage": 0},
				{"appName": "Logger", "usage": 0},
				{"appName": "Google Play 서비스", "usage": 0},
				{"appName": "얼리버드 알람", "usage": 0},
				{"appName": "Android 시스템", "usage": 0},
				{"appName": "패키지 설치 프로그램", "usage": 0},
				{"appName": "Bluetooth", "usage": 0},
				{"appName": "통화 관리", "usage": 0},
				{"appName": "모바일교보문고", "usage": 0}
			]
		},
		"pickups": {"usage": 152},
		"downTime": {
			"usage": [
				{"hour": "0", "usage": 11},
				{"hour": "1", "usage": 33},
				{"hour": "2", "usage": 43},
				{"hour": "3", "usage": 27},
				{"hour": "4", "usage": 36},
				{"hour": "5", "usage": 57},
				{"hour": "6", "usage": 52},
				{"hour": "7", "usage": 20},
				{"hour": "8", "usage": 36},
				{"hour": "9", "usage": 20},
				{"hour": "10", "usage": 26},
				{"hour": "11", "usage": 23},
				{"hour": "12", "usage": 50},
				{"hour": "13", "usage": 55},
				{"hour": "14", "usage": 22},
				{"hour": "15", "usage": 56},
				{"hour": "16", "usage": 2},
				{"hour": "22", "usage": 12},
				{"hour": "23", "usage": 10}
			],
			"details": [
				{"appName": "Microsoft Launcher", "usage": [0, 1, 2, 3, 4, 5, 6, 7, 8, 9, 10, 11, 12, 13, 14, 15, 16, 22, 23]},
				{"appName": "카카오톡", "usage": [0, 1, 2, 3, 4, 5, 6, 7, 8, 9, 10, 11, 12, 13, 14, 15, 22, 23]},
				{"appName": "Facebook", "usage": [0, 3, 4, 6, 7, 8, 9, 10, 11, 12, 13, 15, 22, 23]},
				{"appName": "Chrome", "usage": [1, 2, 3, 4, 5, 6, 7, 8, 12, 13, 14, 22, 23]},
				{"appName": "시스템 UI", "usage": [1, 2, 3, 4, 5, 6, 7, 8, 9, 10, 13, 14]},
				{"appName": "YouTube", "usage": [0, 1, 2, 4, 5, 6, 7, 8, 9, 13, 14]},
				{"appName": "Paco", "usage": [3, 4, 6, 7, 8, 9, 10, 11, 12, 14]},
				{"appName": "통화 화면", "usage": [9, 11, 12, 13, 14, 23]},
				{"appName": "카메라", "usage": [3, 6, 8, 15, 22, 23]},
				{"appName": "네이버 캘린더", "usage": [1, 7, 8, 9]},
				{"appName": "갤러리", "usage": [13, 14, 15, 16]},
				{"appName": "Instagram", "usage": [0, 5, 7, 8]},
				{"appName": "FatSecret", "usage": [1, 4, 14, 15]},
				{"appName": "Android 시스템", "usage": [4, 7, 13, 14]},
				{"appName": "패키지 설치 프로그램", "usage": [2, 8, 14]},
				{"appName": "통화 관리", "usage": [11, 14, 23]},
				{"appName": "주소록", "usage": [11, 14, 23]},
				{"appName": "접근성", "usage": [8, 11, 14]},
				{"appName": "메시지", "usage": [7, 9, 10]},
				{"appName": "Netflix", "usage": [5, 6, 23]},
				{"appName": "Logger", "usage": [2, 8, 14]},
				{"appName": "파일", "usage": [13, 14]},
				{"appName": "원터치개인", "usage": [3, 8]},
				{"appName": "시외버스 모바일", "usage": [8, 22]},
				{"appName": "밥대생", "usage": [1, 2]},
				{"appName": "똑똑가계부", "usage": [3, 8]},
				{"appName": "Wi-Fi", "usage": [8, 13]},
				{"appName": "Polar Beat", "usage": [2, 14]},
				{"appName": "KAIST Portal", "usage": [4, 7]},
				{"appName": "Google Play 서비스", "usage": [2, 23]},
				{"appName": "Bluetooth", "usage": [2, 14]},
				{"appName": "카카오 T", "usage": [23]},
				{"appName": "얼리버드 알람", "usage": [9]},
				{"appName": "모바일교보문고", "usage": [2]}
			]
		},
		"maxTime": {
			"usage": 68,
			"details": [
				{"appName": "FatSecret", "usage": 47},
				{"appName": "Microsoft Launcher", "usage": 29},
				{"appName": "카카오톡", "usage": 16},
				{"appName": "YouTube", "usage": 14},
				{"appName": "Netflix", "usage": 14},
				{"appName": "Chrome", "usage": 12},
				{"appName": "Facebook", "usage": 9},
				{"appName": "카카오 T", "usage": 7},
				{"appName": "카메라", "usage": 4},
				{"appName": "통화 화면", "usage": 4},
				{"appName": "갤러리", "usage": 3},
				{"appName": "Paco", "usage": 3},
				{"appName": "원터치개인", "usage": 3},
				{"appName": "Instagram", "usage": 1},
				{"appName": "네이버 캘린더", "usage": 0},
				{"appName": "시외버스 모바일", "usage": 0},
				{"appName": "밥대생", "usage": 0},
				{"appName": "KAIST Portal", "usage": 0},
				{"appName": "Polar Beat", "usage": 0},
				{"appName": "똑똑가계부", "usage": 0},
				{"appName": "파일", "usage": 0},
				{"appName": "메시지", "usage": 0},
				{"appName": "시스템 UI", "usage": 0},
				{"appName": "Wi-Fi", "usage": 0},
				{"appName": "얼리버드 알람", "usage": 0},
				{"appName": "접근성", "usage": 0},
				{"appName": "Logger", "usage": 0},
				{"appName": "주소록", "usage": 0},
				{"appName": "Google Play 서비스", "usage": 0},
				{"appName": "패키지 설치 프로그램", "usage": 0},
				{"appName": "Android 시스템", "usage": 0},
				{"appName": "Bluetooth", "usage": 0},
				{"appName": "통화 관리", "usage": 0},
				{"appName": "모바일교보문고", "usage": 0}
			]
		},
		"avgTime": {
			"usage": 4,
			"details": [
				{"appName": "Netflix", "usage": 2},
				{"appName": "YouTube", "usage": 1},
				{"appName": "갤러리", "usage": 1},
				{"appName": "FatSecret", "usage": 1},
				{"appName": "Chrome", "usage": 1},
				{"appName": "Facebook", "usage": 0},
				{"appName": "카메라", "usage": 0},
				{"appName": "통화 화면", "usage": 0},
				{"appName": "원터치개인", "usage": 0},
				{"appName": "Instagram", "usage": 0},
				{"appName": "카카오 T", "usage": 0},
				{"appName": "Paco", "usage": 0},
				{"appName": "카카오톡", "usage": 0},
				{"appName": "Microsoft Launcher", "usage": 0},
				{"appName": "KAIST Portal", "usage": 0},
				{"appName": "똑똑가계부", "usage": 0},
				{"appName": "네이버 캘린더", "usage": 0},
				{"appName": "시외버스 모바일", "usage": 0},
				{"appName": "밥대생", "usage": 0},
				{"appName": "얼리버드 알람", "usage": 0},
				{"appName": "파일", "usage": 0},
				{"appName": "메시지", "usage": 0},
				{"appName": "접근성", "usage": 0},
				{"appName": "Wi-Fi", "usage": 0},
				{"appName": "Polar Beat", "usage": 0},
				{"appName": "Google Play 서비스", "usage": 0},
				{"appName": "Logger", "usage": 0},
				{"appName": "주소록", "usage": 0},
				{"appName": "Android 시스템", "usage": 0},
				{"appName": "시스템 UI", "usage": 0},
				{"appName": "패키지 설치 프로그램", "usage": 0},
				{"appName": "Bluetooth", "usage": 0},
				{"appName": "통화 관리", "usage": 0},
				{"appName": "모바일교보문고", "usage": 0}
			]
		},
		"lastPickup": {"time": 10}
	},
	{
		"date": 5,
		"totalTime": {
			"usage": 190,
			"details": [
				{"appName": "YouTube", "usage": 59},
				{"appName": "Chrome", "usage": 30},
				{"appName": "카카오톡", "usage": 27},
				{"appName": "Netflix", "usage": 27},
				{"appName": "Facebook", "usage": 15},
				{"appName": "Microsoft Launcher", "usage": 14},
				{"appName": "카메라", "usage": 6},
				{"appName": "원터치개인", "usage": 4},
				{"appName": "Paco", "usage": 3},
				{"appName": "토스", "usage": 3},
				{"appName": "시외버스 모바일", "usage": 2},
				{"appName": "시스템 UI", "usage": 1},
				{"appName": "Instagram", "usage": 1},
				{"appName": "통화 화면", "usage": 1},
				{"appName": "Citymapper", "usage": 1},
				{"appName": "똑똑가계부", "usage": 0},
				{"appName": "Polar Beat", "usage": 0},
				{"appName": "지도", "usage": 0},
				{"appName": "주소록", "usage": 0},
				{"appName": "Bluetooth", "usage": 0},
				{"appName": "접근성", "usage": 0},
				{"appName": "설정", "usage": 0},
				{"appName": "갤러리", "usage": 0},
				{"appName": "Shutdown Monitor", "usage": 0},
				{"appName": "Android 시스템", "usage": 0},
				{"appName": "Logger", "usage": 0},
				{"appName": "카카오 T", "usage": 0},
				{"appName": "G마켓", "usage": 0},
				{"appName": "통화 관리", "usage": 0},
				{"appName": "패키지 설치 프로그램", "usage": 0},
				{"appName": "얼리버드 알람", "usage": 0},
				{"appName": "네트워크", "usage": 0}
			]
		},
		"pickups": {"usage": 136},
		"downTime": {
			"usage": [
				{"hour": "0", "usage": 10},
				{"hour": "1", "usage": 37},
				{"hour": "2", "usage": 22},
				{"hour": "3", "usage": 26},
				{"hour": "4", "usage": 16},
				{"hour": "5", "usage": 56},
				{"hour": "6", "usage": 0},
				{"hour": "8", "usage": 11},
				{"hour": "9", "usage": 6}
			],
			"details": [
				{"appName": "카카오톡", "usage": [0, 1, 2, 3, 4, 5, 8, 9]},
				{"appName": "시스템 UI", "usage": [0, 1, 2, 3, 4, 5, 8, 9]},
				{"appName": "Microsoft Launcher", "usage": [0, 1, 2, 3, 4, 5, 8, 9]},
				{"appName": "Paco", "usage": [1, 2, 3, 4, 5, 8]},
				{"appName": "카메라", "usage": [0, 2, 3, 4, 9]},
				{"appName": "Chrome", "usage": [0, 2, 3, 4, 9]},
				{"appName": "Facebook", "usage": [0, 2, 3, 5]},
				{"appName": "토스", "usage": [2, 5, 8]},
				{"appName": "원터치개인", "usage": [0, 2, 8]},
				{"appName": "통화 화면", "usage": [3, 5]},
				{"appName": "설정", "usage": [0, 3]},
				{"appName": "똑똑가계부", "usage": [0, 2]},
				{"appName": "YouTube", "usage": [4, 5]},
				{"appName": "Polar Beat", "usage": [0, 3]},
				{"appName": "패키지 설치 프로그램", "usage": [0]},
				{"appName": "통화 관리", "usage": [3]},
				{"appName": "카카오 T", "usage": [0]},
				{"appName": "지도", "usage": [3]},
				{"appName": "주소록", "usage": [3]},
				{"appName": "접근성", "usage": [0]},
				{"appName": "얼리버드 알람", "usage": [5]},
				{"appName": "시외버스 모바일", "usage": [0]},
				{"appName": "네트워크", "usage": [0]},
				{"appName": "갤러리", "usage": [3]},
				{"appName": "Shutdown Monitor", "usage": [0]},
				{"appName": "Netflix", "usage": [1]},
				{"appName": "Logger", "usage": [0]},
				{"appName": "Instagram", "usage": [5]},
				{"appName": "G마켓", "usage": [3]},
				{"appName": "Citymapper", "usage": [3]},
				{"appName": "Bluetooth", "usage": [0]},
				{"appName": "Android 시스템", "usage": [3]}
			]
		},
		"maxTime": {
			"usage": 55,
			"details": [
				{"appName": "YouTube", "usage": 24},
				{"appName": "Chrome", "usage": 23},
				{"appName": "Netflix", "usage": 22},
				{"appName": "원터치개인", "usage": 3},
				{"appName": "Facebook", "usage": 3},
				{"appName": "시외버스 모바일", "usage": 2},
				{"appName": "카카오톡", "usage": 2},
				{"appName": "Microsoft Launcher", "usage": 2},
				{"appName": "카메라", "usage": 1},
				{"appName": "토스", "usage": 1},
				{"appName": "시스템 UI", "usage": 0},
				{"appName": "Instagram", "usage": 0},
				{"appName": "통화 화면", "usage": 0},
				{"appName": "똑똑가계부", "usage": 0},
				{"appName": "Paco", "usage": 0},
				{"appName": "Citymapper", "usage": 0},
				{"appName": "지도", "usage": 0},
				{"appName": "Polar Beat", "usage": 0},
				{"appName": "Bluetooth", "usage": 0},
				{"appName": "접근성", "usage": 0},
				{"appName": "갤러리", "usage": 0},
				{"appName": "주소록", "usage": 0},
				{"appName": "Shutdown Monitor", "usage": 0},
				{"appName": "설정", "usage": 0},
				{"appName": "Android 시스템", "usage": 0},
				{"appName": "Logger", "usage": 0},
				{"appName": "카카오 T", "usage": 0},
				{"appName": "G마켓", "usage": 0},
				{"appName": "패키지 설치 프로그램", "usage": 0},
				{"appName": "통화 관리", "usage": 0},
				{"appName": "얼리버드 알람", "usage": 0},
				{"appName": "네트워크", "usage": 0}
			]
		},
		"avgTime": {
			"usage": 1,
			"details": [
				{"appName": "YouTube", "usage": 11},
				{"appName": "Netflix", "usage": 6},
				{"appName": "시외버스 모바일", "usage": 1},
				{"appName": "원터치개인", "usage": 1},
				{"appName": "Chrome", "usage": 0},
				{"appName": "Instagram", "usage": 0},
				{"appName": "카메라", "usage": 0},
				{"appName": "똑똑가계부", "usage": 0},
				{"appName": "Facebook", "usage": 0},
				{"appName": "통화 화면", "usage": 0},
				{"appName": "토스", "usage": 0},
				{"appName": "카카오톡", "usage": 0},
				{"appName": "Paco", "usage": 0},
				{"appName": "Citymapper", "usage": 0},
				{"appName": "지도", "usage": 0},
				{"appName": "Bluetooth", "usage": 0},
				{"appName": "접근성", "usage": 0},
				{"appName": "Microsoft Launcher", "usage": 0},
				{"appName": "Polar Beat", "usage": 0},
				{"appName": "갤러리", "usage": 0},
				{"appName": "Shutdown Monitor", "usage": 0},
				{"appName": "시스템 UI", "usage": 0},
				{"appName": "Android 시스템", "usage": 0},
				{"appName": "설정", "usage": 0},
				{"appName": "주소록", "usage": 0},
				{"appName": "Logger", "usage": 0},
				{"appName": "카카오 T", "usage": 0},
				{"appName": "G마켓", "usage": 0},
				{"appName": "패키지 설치 프로그램", "usage": 0},
				{"appName": "얼리버드 알람", "usage": 0},
				{"appName": "통화 관리", "usage": 0},
				{"appName": "네트워크", "usage": 0}
			]
		},
		"lastPickup": {"time": 0}
	},
	{
		"date": 6,
		"totalTime": {
			"usage": 0,
			"details": [
			]
		},
		"pickups": {"usage": 0},
		"downTime": {
			"usage": [
			],
			"details": [
			]
		},
		"maxTime": {
			"usage": 0,
			"details": [
			]
		},
		"avgTime": {
			"usage": 0,
			"details": [
			]
		},
		"lastPickup": {"time": 0}
	},
	{
		"date": 7,
		"totalTime": {
			"usage": 0,
			"details": [
			]
		},
		"pickups": {"usage": 0},
		"downTime": {
			"usage": [
			],
			"details": [
			]
		},
		"maxTime": {
			"usage": 0,
			"details": [
			]
		},
		"avgTime": {
			"usage": 0,
			"details": [
			]
		},
		"lastPickup": {"time": 0}
	}
]
