[
	{
		"date": 1,
		"totalTime": {
			"usage": 521,
			"details": [
				{"appName": "Facebook", "usage": 124},
				{"appName": "삼성 인터넷", "usage": 97},
				{"appName": "카카오톡", "usage": 71},
				{"appName": "냥코 대전쟁", "usage": 66},
				{"appName": "Samsung Experience 홈", "usage": 27},
				{"appName": "메모", "usage": 17},
				{"appName": "Polar Beat", "usage": 17},
				{"appName": "카메라", "usage": 14},
				{"appName": "갤러리", "usage": 13},
				{"appName": "계산기", "usage": 9},
				{"appName": "전화", "usage": 8},
				{"appName": "Paco", "usage": 8},
				{"appName": "Google Play 북", "usage": 7},
				{"appName": "YouTube", "usage": 5},
				{"appName": "알송", "usage": 3},
				{"appName": "시스템 UI", "usage": 3},
				{"appName": "Logger", "usage": 2},
				{"appName": "네이버 웹툰", "usage": 1},
				{"appName": "설정", "usage": 1},
				{"appName": "Microsoft Band", "usage": 1},
				{"appName": "연락처", "usage": 1},
				{"appName": "Chrome", "usage": 0},
				{"appName": "Google", "usage": 0},
				{"appName": "토스", "usage": 0},
				{"appName": "모야모", "usage": 0},
				{"appName": "시계", "usage": 0},
				{"appName": "Dropsync", "usage": 0},
				{"appName": "원터치알림", "usage": 0},
				{"appName": "Google Play 스토어", "usage": 0},
				{"appName": "우리카드", "usage": 0},
				{"appName": "아웃 포커스", "usage": 0},
				{"appName": "캘린더", "usage": 0},
				{"appName": "날씨", "usage": 0},
				{"appName": "안드로이드 시스템", "usage": 0},
				{"appName": "Security Master", "usage": 0},
				{"appName": "패키지 설치 프로그램", "usage": 0},
				{"appName": "지퍼7 2.0", "usage": 0},
				{"appName": "삼성 키보드", "usage": 0},
				{"appName": "MX 플레이어", "usage": 0}
			]
		},
		"pickups": {"usage": 122},
		"downTime": {
			"usage": [
				{"hour": "0", "usage": 22},
				{"hour": "1", "usage": 21},
				{"hour": "2", "usage": 27},
				{"hour": "3", "usage": 27},
				{"hour": "4", "usage": 56},
				{"hour": "5", "usage": 55},
				{"hour": "6", "usage": 20},
				{"hour": "7", "usage": 18},
				{"hour": "8", "usage": 35},
				{"hour": "9", "usage": 13},
				{"hour": "10", "usage": 54},
				{"hour": "11", "usage": 40},
				{"hour": "12", "usage": 12},
				{"hour": "13", "usage": 13},
				{"hour": "14", "usage": 9},
				{"hour": "15", "usage": 38},
				{"hour": "16", "usage": 22},
				{"hour": "23", "usage": 30}
			],
			"details": [
				{"appName": "시스템 UI", "usage": [0, 1, 2, 3, 4, 5, 6, 7, 8, 9, 10, 11, 12, 13, 14, 15, 16, 23]},
				{"appName": "Samsung Experience 홈", "usage": [0, 1, 2, 3, 4, 5, 6, 7, 8, 9, 10, 11, 12, 13, 14, 15, 16, 23]},
				{"appName": "카카오톡", "usage": [0, 1, 2, 3, 4, 5, 6, 7, 8, 9, 10, 11, 13, 14, 15, 16, 23]},
				{"appName": "Facebook", "usage": [0, 1, 2, 3, 4, 5, 6, 7, 8, 9, 10, 11, 13, 14, 16, 23]},
				{"appName": "Polar Beat", "usage": [0, 1, 2, 3, 5, 6, 8, 9, 10, 11, 12, 13, 23]},
				{"appName": "삼성 인터넷", "usage": [3, 4, 5, 6, 8, 9, 10, 11, 14, 15, 16]},
				{"appName": "Paco", "usage": [1, 2, 3, 4, 5, 6, 7, 9, 10, 11, 12]},
				{"appName": "냥코 대전쟁", "usage": [4, 6, 8, 10, 11, 15, 16, 23]},
				{"appName": "설정", "usage": [1, 6, 7, 8, 11, 13, 23]},
				{"appName": "Logger", "usage": [1, 6, 7, 8, 11, 13, 23]},
				{"appName": "패키지 설치 프로그램", "usage": [1, 7, 8, 12, 13, 23]},
				{"appName": "원터치알림", "usage": [1, 3, 9, 14, 15]},
				{"appName": "우리카드", "usage": [1, 3, 8, 14, 15]},
				{"appName": "카메라", "usage": [2, 3, 4, 12]},
				{"appName": "전화", "usage": [2, 3, 4, 12]},
				{"appName": "안드로이드 시스템", "usage": [4, 8, 9, 14]},
				{"appName": "Google", "usage": [4, 8, 9, 23]},
				{"appName": "시계", "usage": [3, 16, 23]},
				{"appName": "갤러리", "usage": [2, 3, 4]},
				{"appName": "연락처", "usage": [2, 12]},
				{"appName": "메모", "usage": [2, 14]},
				{"appName": "네이버 웹툰", "usage": [12, 23]},
				{"appName": "계산기", "usage": [12, 13]},
				{"appName": "YouTube", "usage": [13, 23]},
				{"appName": "Security Master", "usage": [10, 13]},
				{"appName": "Microsoft Band", "usage": [1, 5]},
				{"appName": "Dropsync", "usage": [1, 6]},
				{"appName": "토스", "usage": [9]},
				{"appName": "캘린더", "usage": [3]},
				{"appName": "지퍼7 2.0", "usage": [6]},
				{"appName": "알송", "usage": [14]},
				{"appName": "아웃 포커스", "usage": [3]},
				{"appName": "삼성 키보드", "usage": [2]},
				{"appName": "모야모", "usage": [12]},
				{"appName": "날씨", "usage": [5]},
				{"appName": "MX 플레이어", "usage": [4]},
				{"appName": "Google Play 스토어", "usage": [15]},
				{"appName": "Google Play 북", "usage": [23]},
				{"appName": "Chrome", "usage": [9]}
			]
		},
		"maxTime": {
			"usage": 58,
			"details": [
				{"appName": "냥코 대전쟁", "usage": 20},
				{"appName": "삼성 인터넷", "usage": 11},
				{"appName": "Facebook", "usage": 9},
				{"appName": "전화", "usage": 5},
				{"appName": "계산기", "usage": 5},
				{"appName": "메모", "usage": 4},
				{"appName": "YouTube", "usage": 4},
				{"appName": "Google Play 북", "usage": 3},
				{"appName": "카카오톡", "usage": 3},
				{"appName": "알송", "usage": 2},
				{"appName": "갤러리", "usage": 2},
				{"appName": "카메라", "usage": 2},
				{"appName": "Samsung Experience 홈", "usage": 1},
				{"appName": "Polar Beat", "usage": 1},
				{"appName": "Logger", "usage": 1},
				{"appName": "Chrome", "usage": 0},
				{"appName": "Paco", "usage": 0},
				{"appName": "연락처", "usage": 0},
				{"appName": "네이버 웹툰", "usage": 0},
				{"appName": "Microsoft Band", "usage": 0},
				{"appName": "설정", "usage": 0},
				{"appName": "모야모", "usage": 0},
				{"appName": "Google", "usage": 0},
				{"appName": "Dropsync", "usage": 0},
				{"appName": "시스템 UI", "usage": 0},
				{"appName": "토스", "usage": 0},
				{"appName": "Google Play 스토어", "usage": 0},
				{"appName": "시계", "usage": 0},
				{"appName": "아웃 포커스", "usage": 0},
				{"appName": "캘린더", "usage": 0},
				{"appName": "날씨", "usage": 0},
				{"appName": "원터치알림", "usage": 0},
				{"appName": "우리카드", "usage": 0},
				{"appName": "Security Master", "usage": 0},
				{"appName": "지퍼7 2.0", "usage": 0},
				{"appName": "패키지 설치 프로그램", "usage": 0},
				{"appName": "안드로이드 시스템", "usage": 0},
				{"appName": "삼성 키보드", "usage": 0},
				{"appName": "MX 플레이어", "usage": 0}
			]
		},
		"avgTime": {
			"usage": 4,
			"details": [
				{"appName": "냥코 대전쟁", "usage": 3},
				{"appName": "계산기", "usage": 3},
				{"appName": "삼성 인터넷", "usage": 1},
				{"appName": "YouTube", "usage": 1},
				{"appName": "전화", "usage": 1},
				{"appName": "Facebook", "usage": 1},
				{"appName": "메모", "usage": 0},
				{"appName": "알송", "usage": 0},
				{"appName": "Chrome", "usage": 0},
				{"appName": "Google Play 북", "usage": 0},
				{"appName": "카메라", "usage": 0},
				{"appName": "Polar Beat", "usage": 0},
				{"appName": "갤러리", "usage": 0},
				{"appName": "Paco", "usage": 0},
				{"appName": "연락처", "usage": 0},
				{"appName": "Samsung Experience 홈", "usage": 0},
				{"appName": "아웃 포커스", "usage": 0},
				{"appName": "캘린더", "usage": 0},
				{"appName": "네이버 웹툰", "usage": 0},
				{"appName": "카카오톡", "usage": 0},
				{"appName": "Logger", "usage": 0},
				{"appName": "날씨", "usage": 0},
				{"appName": "Dropsync", "usage": 0},
				{"appName": "Microsoft Band", "usage": 0},
				{"appName": "Google Play 스토어", "usage": 0},
				{"appName": "설정", "usage": 0},
				{"appName": "Google", "usage": 0},
				{"appName": "모야모", "usage": 0},
				{"appName": "토스", "usage": 0},
				{"appName": "시계", "usage": 0},
				{"appName": "지퍼7 2.0", "usage": 0},
				{"appName": "시스템 UI", "usage": 0},
				{"appName": "안드로이드 시스템", "usage": 0},
				{"appName": "삼성 키보드", "usage": 0},
				{"appName": "우리카드", "usage": 0},
				{"appName": "Security Master", "usage": 0},
				{"appName": "원터치알림", "usage": 0},
				{"appName": "MX 플레이어", "usage": 0},
				{"appName": "패키지 설치 프로그램", "usage": 0}
			]
		},
		"lastPickup": {"time": 0}
	},
	{
		"date": 2,
		"totalTime": {
			"usage": 287,
			"details": [
				{"appName": "Facebook", "usage": 170},
				{"appName": "카카오톡", "usage": 21},
				{"appName": "냥코 대전쟁", "usage": 20},
				{"appName": "Samsung Experience 홈", "usage": 17},
				{"appName": "삼성 인터넷", "usage": 6},
				{"appName": "Polar Beat", "usage": 5},
				{"appName": "전화", "usage": 4},
				{"appName": "Paco", "usage": 4},
				{"appName": "갤러리", "usage": 4},
				{"appName": "설정", "usage": 2},
				{"appName": "시스템 UI", "usage": 1},
				{"appName": "KLMS", "usage": 1},
				{"appName": "연락처", "usage": 1},
				{"appName": "Google", "usage": 1},
				{"appName": "T world", "usage": 1},
				{"appName": "Logger", "usage": 1},
				{"appName": "지퍼7 2.0", "usage": 0},
				{"appName": "메시지", "usage": 0},
				{"appName": "카메라", "usage": 0},
				{"appName": "VocalPitchMonitor", "usage": 0},
				{"appName": "캘린더", "usage": 0},
				{"appName": "더캠프", "usage": 0},
				{"appName": "원터치알림", "usage": 0},
				{"appName": "Security Master", "usage": 0},
				{"appName": "Google Play 스토어", "usage": 0},
				{"appName": "삼성 키보드", "usage": 0},
				{"appName": "시계", "usage": 0},
				{"appName": "날씨", "usage": 0},
				{"appName": "안드로이드 시스템", "usage": 0},
				{"appName": "우리카드", "usage": 0},
				{"appName": "패키지 설치 프로그램", "usage": 0}
			]
		},
		"pickups": {"usage": 152},
		"downTime": {
			"usage": [
				{"hour": "0", "usage": 23},
				{"hour": "1", "usage": 52},
				{"hour": "2", "usage": 43},
				{"hour": "3", "usage": 33},
				{"hour": "5", "usage": 2},
				{"hour": "6", "usage": 37},
				{"hour": "7", "usage": 34},
				{"hour": "8", "usage": 32},
				{"hour": "9", "usage": 1},
				{"hour": "10", "usage": 2},
				{"hour": "11", "usage": 8},
				{"hour": "12", "usage": 1},
				{"hour": "13", "usage": 12}
			],
			"details": [
				{"appName": "Samsung Experience 홈", "usage": [0, 1, 2, 3, 5, 6, 7, 8, 9, 11, 12, 13]},
				{"appName": "카카오톡", "usage": [0, 1, 2, 3, 5, 6, 7, 9, 10, 11, 13]},
				{"appName": "시스템 UI", "usage": [0, 1, 2, 3, 6, 7, 8, 9, 11, 13]},
				{"appName": "Paco", "usage": [1, 2, 3, 6, 7, 8, 9, 11, 12, 13]},
				{"appName": "Facebook", "usage": [0, 1, 2, 3, 6, 7, 8, 9]},
				{"appName": "삼성 인터넷", "usage": [0, 1, 6, 8, 11, 13]},
				{"appName": "Polar Beat", "usage": [1, 2, 3, 6, 7]},
				{"appName": "설정", "usage": [2, 3, 6, 11]},
				{"appName": "Logger", "usage": [2, 3, 6, 8]},
				{"appName": "전화", "usage": [2, 6, 13]},
				{"appName": "갤러리", "usage": [2, 3, 8]},
				{"appName": "패키지 설치 프로그램", "usage": [6, 8]},
				{"appName": "원터치알림", "usage": [2, 9]},
				{"appName": "연락처", "usage": [2, 13]},
				{"appName": "메시지", "usage": [5, 6]},
				{"appName": "냥코 대전쟁", "usage": [5, 6]},
				{"appName": "Security Master", "usage": [10, 11]},
				{"appName": "KLMS", "usage": [0, 1]},
				{"appName": "캘린더", "usage": [1]},
				{"appName": "카메라", "usage": [2]},
				{"appName": "지퍼7 2.0", "usage": [8]},
				{"appName": "우리카드", "usage": [2]},
				{"appName": "안드로이드 시스템", "usage": [13]},
				{"appName": "시계", "usage": [0]},
				{"appName": "삼성 키보드", "usage": [1]},
				{"appName": "더캠프", "usage": [2]},
				{"appName": "날씨", "usage": [0]},
				{"appName": "VocalPitchMonitor", "usage": [6]},
				{"appName": "T world", "usage": [11]},
				{"appName": "Google Play 스토어", "usage": [13]},
				{"appName": "Google", "usage": [13]}
			]
		},
		"maxTime": {
			"usage": 52,
			"details": [
				{"appName": "Facebook", "usage": 17},
				{"appName": "냥코 대전쟁", "usage": 16},
				{"appName": "Polar Beat", "usage": 1},
				{"appName": "T world", "usage": 1},
				{"appName": "Samsung Experience 홈", "usage": 1},
				{"appName": "갤러리", "usage": 1},
				{"appName": "전화", "usage": 1},
				{"appName": "카카오톡", "usage": 1},
				{"appName": "삼성 인터넷", "usage": 1},
				{"appName": "Google", "usage": 1},
				{"appName": "KLMS", "usage": 0},
				{"appName": "설정", "usage": 0},
				{"appName": "VocalPitchMonitor", "usage": 0},
				{"appName": "연락처", "usage": 0},
				{"appName": "메시지", "usage": 0},
				{"appName": "지퍼7 2.0", "usage": 0},
				{"appName": "Paco", "usage": 0},
				{"appName": "카메라", "usage": 0},
				{"appName": "Logger", "usage": 0},
				{"appName": "캘린더", "usage": 0},
				{"appName": "시스템 UI", "usage": 0},
				{"appName": "원터치알림", "usage": 0},
				{"appName": "더캠프", "usage": 0},
				{"appName": "Google Play 스토어", "usage": 0},
				{"appName": "Security Master", "usage": 0},
				{"appName": "시계", "usage": 0},
				{"appName": "날씨", "usage": 0},
				{"appName": "안드로이드 시스템", "usage": 0},
				{"appName": "우리카드", "usage": 0},
				{"appName": "삼성 키보드", "usage": 0},
				{"appName": "패키지 설치 프로그램", "usage": 0}
			]
		},
		"avgTime": {
			"usage": 1,
			"details": [
				{"appName": "냥코 대전쟁", "usage": 6},
				{"appName": "Facebook", "usage": 1},
				{"appName": "VocalPitchMonitor", "usage": 0},
				{"appName": "삼성 인터넷", "usage": 0},
				{"appName": "Google", "usage": 0},
				{"appName": "전화", "usage": 0},
				{"appName": "T world", "usage": 0},
				{"appName": "갤러리", "usage": 0},
				{"appName": "Polar Beat", "usage": 0},
				{"appName": "지퍼7 2.0", "usage": 0},
				{"appName": "메시지", "usage": 0},
				{"appName": "카메라", "usage": 0},
				{"appName": "설정", "usage": 0},
				{"appName": "Samsung Experience 홈", "usage": 0},
				{"appName": "Paco", "usage": 0},
				{"appName": "캘린더", "usage": 0},
				{"appName": "KLMS", "usage": 0},
				{"appName": "연락처", "usage": 0},
				{"appName": "Logger", "usage": 0},
				{"appName": "카카오톡", "usage": 0},
				{"appName": "더캠프", "usage": 0},
				{"appName": "원터치알림", "usage": 0},
				{"appName": "시스템 UI", "usage": 0},
				{"appName": "날씨", "usage": 0},
				{"appName": "안드로이드 시스템", "usage": 0},
				{"appName": "Google Play 스토어", "usage": 0},
				{"appName": "Security Master", "usage": 0},
				{"appName": "삼성 키보드", "usage": 0},
				{"appName": "시계", "usage": 0},
				{"appName": "우리카드", "usage": 0},
				{"appName": "패키지 설치 프로그램", "usage": 0}
			]
		},
		"lastPickup": {"time": 0}
	},
	{
		"date": 3,
		"totalTime": {
			"usage": 0,
			"details": [
			]
		},
		"pickups": {"usage": 0},
		"downTime": {
			"usage": [
			],
			"details": [
			]
		},
		"maxTime": {
			"usage": 0,
			"details": [
			]
		},
		"avgTime": {
			"usage": 0,
			"details": [
			]
		},
		"lastPickup": {"time": 0}
	},
	{
		"date": 4,
		"totalTime": {
			"usage": 0,
			"details": [
			]
		},
		"pickups": {"usage": 0},
		"downTime": {
			"usage": [
			],
			"details": [
			]
		},
		"maxTime": {
			"usage": 0,
			"details": [
			]
		},
		"avgTime": {
			"usage": 0,
			"details": [
			]
		},
		"lastPickup": {"time": 0}
	},
	{
		"date": 5,
		"totalTime": {
			"usage": 0,
			"details": [
			]
		},
		"pickups": {"usage": 0},
		"downTime": {
			"usage": [
			],
			"details": [
			]
		},
		"maxTime": {
			"usage": 0,
			"details": [
			]
		},
		"avgTime": {
			"usage": 0,
			"details": [
			]
		},
		"lastPickup": {"time": 0}
	},
	{
		"date": 6,
		"totalTime": {
			"usage": 0,
			"details": [
			]
		},
		"pickups": {"usage": 0},
		"downTime": {
			"usage": [
			],
			"details": [
			]
		},
		"maxTime": {
			"usage": 0,
			"details": [
			]
		},
		"avgTime": {
			"usage": 0,
			"details": [
			]
		},
		"lastPickup": {"time": 0}
	},
	{
		"date": 7,
		"totalTime": {
			"usage": 0,
			"details": [
			]
		},
		"pickups": {"usage": 0},
		"downTime": {
			"usage": [
			],
			"details": [
			]
		},
		"maxTime": {
			"usage": 0,
			"details": [
			]
		},
		"avgTime": {
			"usage": 0,
			"details": [
			]
		},
		"lastPickup": {"time": 0}
	}
]
