[
	{
		"date": 1,
		"totalTime": {
			"usage": 428,
			"details": [
				{"appName": "카카오톡", "usage": 256},
				{"appName": "NAVER", "usage": 39},
				{"appName": "Chrome", "usage": 14},
				{"appName": "Facebook", "usage": 12},
				{"appName": "기본홈", "usage": 12},
				{"appName": "VIBE", "usage": 11},
				{"appName": "Paco", "usage": 10},
				{"appName": "Polar Beat", "usage": 7},
				{"appName": "메시지", "usage": 6},
				{"appName": "Pokémon GO", "usage": 6},
				{"appName": "통화 화면", "usage": 5},
				{"appName": "서머너즈 워", "usage": 3},
				{"appName": "프레젠테이션", "usage": 3},
				{"appName": "슬립 베터", "usage": 2},
				{"appName": "코레일톡", "usage": 2},
				{"appName": "갤러리", "usage": 1},
				{"appName": "29CM", "usage": 1},
				{"appName": "Bluetooth", "usage": 1},
				{"appName": "SR 고속열차", "usage": 1},
				{"appName": "Logger", "usage": 1},
				{"appName": "접근성", "usage": 1},
				{"appName": "SmartWorld", "usage": 1},
				{"appName": "시스템 UI", "usage": 1},
				{"appName": "카메라", "usage": 1},
				{"appName": "Google Play 스토어", "usage": 0},
				{"appName": "Sound+", "usage": 0},
				{"appName": "주소록", "usage": 0},
				{"appName": "Microsoft Band", "usage": 0},
				{"appName": "알람/시계", "usage": 0},
				{"appName": "설정", "usage": 0},
				{"appName": "계산기", "usage": 0},
				{"appName": "Google", "usage": 0},
				{"appName": "패키지 설치 프로그램", "usage": 0},
				{"appName": "Android 시스템", "usage": 0},
				{"appName": "ABC Logger", "usage": 0},
				{"appName": "캘린더", "usage": 0},
				{"appName": "LG 키보드", "usage": 0},
				{"appName": "통화 관리", "usage": 0}
			]
		},
		"pickups": {"usage": 268},
		"downTime": {
			"usage": [
				{"hour": "0", "usage": 17},
				{"hour": "1", "usage": 24},
				{"hour": "2", "usage": 35},
				{"hour": "3", "usage": 9},
				{"hour": "4", "usage": 18},
				{"hour": "5", "usage": 20},
				{"hour": "6", "usage": 24},
				{"hour": "7", "usage": 37},
				{"hour": "8", "usage": 27},
				{"hour": "9", "usage": 15},
				{"hour": "10", "usage": 23},
				{"hour": "11", "usage": 4},
				{"hour": "12", "usage": 17},
				{"hour": "13", "usage": 28},
				{"hour": "14", "usage": 56},
				{"hour": "15", "usage": 23},
				{"hour": "21", "usage": 0},
				{"hour": "22", "usage": 1},
				{"hour": "23", "usage": 3}
			],
			"details": [
				{"appName": "기본홈", "usage": [0, 1, 2, 3, 4, 5, 6, 7, 8, 9, 10, 11, 12, 13, 14, 15, 21, 22, 23]},
				{"appName": "카카오톡", "usage": [0, 1, 2, 3, 4, 5, 6, 7, 8, 9, 10, 11, 12, 13, 14, 15, 22, 23]},
				{"appName": "시스템 UI", "usage": [0, 1, 2, 3, 4, 5, 6, 7, 8, 9, 10, 12, 13, 14, 22, 23]},
				{"appName": "Polar Beat", "usage": [2, 3, 4, 5, 6, 8, 10, 12, 13, 14, 23]},
				{"appName": "Paco", "usage": [1, 3, 4, 7, 8, 9, 10, 12, 13, 14, 23]},
				{"appName": "Chrome", "usage": [0, 1, 2, 5, 6, 7, 8, 9, 11, 12, 23]},
				{"appName": "VIBE", "usage": [4, 5, 6, 7, 10, 11, 12, 13]},
				{"appName": "접근성", "usage": [2, 4, 10, 12, 13, 14, 23]},
				{"appName": "NAVER", "usage": [1, 2, 3, 7, 8, 9, 23]},
				{"appName": "Bluetooth", "usage": [2, 4, 5, 10, 13, 23]},
				{"appName": "주소록", "usage": [2, 3, 4, 5, 13]},
				{"appName": "슬립 베터", "usage": [0, 15, 20, 22, 23]},
				{"appName": "메시지", "usage": [4, 5, 7, 8, 12]},
				{"appName": "패키지 설치 프로그램", "usage": [2, 7, 10, 23]},
				{"appName": "카메라", "usage": [4, 7, 8, 9]},
				{"appName": "Facebook", "usage": [0, 1, 3, 13]},
				{"appName": "통화 화면", "usage": [6, 9, 13]},
				{"appName": "갤러리", "usage": [4, 5, 9]},
				{"appName": "Pokémon GO", "usage": [1, 2, 8]},
				{"appName": "Logger", "usage": [2, 10, 23]},
				{"appName": "코레일톡", "usage": [6, 7]},
				{"appName": "알람/시계", "usage": [21, 22]},
				{"appName": "SR 고속열차", "usage": [7, 9]},
				{"appName": "Google Play 스토어", "usage": [5, 7]},
				{"appName": "Google", "usage": [8, 15]},
				{"appName": "프레젠테이션", "usage": [2]},
				{"appName": "통화 관리", "usage": [13]},
				{"appName": "캘린더", "usage": [1]},
				{"appName": "설정", "usage": [2]},
				{"appName": "서머너즈 워", "usage": [1]},
				{"appName": "계산기", "usage": [1]},
				{"appName": "Sound+", "usage": [13]},
				{"appName": "SmartWorld", "usage": [2]},
				{"appName": "Microsoft Band", "usage": [10]},
				{"appName": "LG 키보드", "usage": [8]},
				{"appName": "Android 시스템", "usage": [4]},
				{"appName": "ABC Logger", "usage": [10]},
				{"appName": "29CM", "usage": [1]}
			]
		},
		"maxTime": {
			"usage": 63,
			"details": [
				{"appName": "카카오톡", "usage": 34},
				{"appName": "NAVER", "usage": 4},
				{"appName": "통화 화면", "usage": 3},
				{"appName": "서머너즈 워", "usage": 3},
				{"appName": "Facebook", "usage": 2},
				{"appName": "Pokémon GO", "usage": 2},
				{"appName": "메시지", "usage": 1},
				{"appName": "Chrome", "usage": 1},
				{"appName": "VIBE", "usage": 1},
				{"appName": "Polar Beat", "usage": 1},
				{"appName": "SR 고속열차", "usage": 1},
				{"appName": "29CM", "usage": 0},
				{"appName": "코레일톡", "usage": 0},
				{"appName": "Logger", "usage": 0},
				{"appName": "Paco", "usage": 0},
				{"appName": "Bluetooth", "usage": 0},
				{"appName": "기본홈", "usage": 0},
				{"appName": "프레젠테이션", "usage": 0},
				{"appName": "슬립 베터", "usage": 0},
				{"appName": "Sound+", "usage": 0},
				{"appName": "카메라", "usage": 0},
				{"appName": "갤러리", "usage": 0},
				{"appName": "Google Play 스토어", "usage": 0},
				{"appName": "SmartWorld", "usage": 0},
				{"appName": "접근성", "usage": 0},
				{"appName": "Microsoft Band", "usage": 0},
				{"appName": "주소록", "usage": 0},
				{"appName": "시스템 UI", "usage": 0},
				{"appName": "계산기", "usage": 0},
				{"appName": "설정", "usage": 0},
				{"appName": "알람/시계", "usage": 0},
				{"appName": "Google", "usage": 0},
				{"appName": "패키지 설치 프로그램", "usage": 0},
				{"appName": "Android 시스템", "usage": 0},
				{"appName": "캘린더", "usage": 0},
				{"appName": "LG 키보드", "usage": 0},
				{"appName": "ABC Logger", "usage": 0},
				{"appName": "통화 관리", "usage": 0}
			]
		},
		"avgTime": {
			"usage": 1,
			"details": [
				{"appName": "서머너즈 워", "usage": 1},
				{"appName": "Pokémon GO", "usage": 1},
				{"appName": "NAVER", "usage": 0},
				{"appName": "Facebook", "usage": 0},
				{"appName": "29CM", "usage": 0},
				{"appName": "통화 화면", "usage": 0},
				{"appName": "카카오톡", "usage": 0},
				{"appName": "VIBE", "usage": 0},
				{"appName": "Sound+", "usage": 0},
				{"appName": "메시지", "usage": 0},
				{"appName": "SR 고속열차", "usage": 0},
				{"appName": "SmartWorld", "usage": 0},
				{"appName": "Chrome", "usage": 0},
				{"appName": "갤러리", "usage": 0},
				{"appName": "프레젠테이션", "usage": 0},
				{"appName": "코레일톡", "usage": 0},
				{"appName": "Paco", "usage": 0},
				{"appName": "슬립 베터", "usage": 0},
				{"appName": "카메라", "usage": 0},
				{"appName": "Polar Beat", "usage": 0},
				{"appName": "접근성", "usage": 0},
				{"appName": "Microsoft Band", "usage": 0},
				{"appName": "계산기", "usage": 0},
				{"appName": "Bluetooth", "usage": 0},
				{"appName": "Logger", "usage": 0},
				{"appName": "Google Play 스토어", "usage": 0},
				{"appName": "설정", "usage": 0},
				{"appName": "기본홈", "usage": 0},
				{"appName": "주소록", "usage": 0},
				{"appName": "Google", "usage": 0},
				{"appName": "알람/시계", "usage": 0},
				{"appName": "Android 시스템", "usage": 0},
				{"appName": "시스템 UI", "usage": 0},
				{"appName": "캘린더", "usage": 0},
				{"appName": "LG 키보드", "usage": 0},
				{"appName": "ABC Logger", "usage": 0},
				{"appName": "패키지 설치 프로그램", "usage": 0},
				{"appName": "통화 관리", "usage": 0}
			]
		},
		"lastPickup": {"time": 37}
	},
	{
		"date": 2,
		"totalTime": {
			"usage": 338,
			"details": [
				{"appName": "카카오톡", "usage": 229},
				{"appName": "NAVER", "usage": 21},
				{"appName": "Chrome", "usage": 15},
				{"appName": "Paco", "usage": 7},
				{"appName": "기본홈", "usage": 7},
				{"appName": "Facebook", "usage": 4},
				{"appName": "슬립 베터", "usage": 4},
				{"appName": "Polar Beat", "usage": 4},
				{"appName": "Pokémon GO", "usage": 3},
				{"appName": "계산기", "usage": 2},
				{"appName": "VIBE", "usage": 2},
				{"appName": "메시지", "usage": 2},
				{"appName": "서머너즈 워", "usage": 2},
				{"appName": "카카오뱅크", "usage": 1},
				{"appName": "통화 화면", "usage": 1},
				{"appName": "원터치개인", "usage": 1},
				{"appName": "ABC Logger", "usage": 1},
				{"appName": "주소록", "usage": 0},
				{"appName": "29CM", "usage": 0},
				{"appName": "시스템 UI", "usage": 0},
				{"appName": "알람/시계", "usage": 0},
				{"appName": "접근성", "usage": 0},
				{"appName": "카메라", "usage": 0},
				{"appName": "원터치알림", "usage": 0},
				{"appName": "카카오맵", "usage": 0},
				{"appName": "지도", "usage": 0},
				{"appName": "YouTube", "usage": 0},
				{"appName": "Bluetooth", "usage": 0},
				{"appName": "Google Play 스토어", "usage": 0},
				{"appName": "Logger", "usage": 0},
				{"appName": "Google", "usage": 0},
				{"appName": "SOL알리미", "usage": 0},
				{"appName": "패키지 설치 프로그램", "usage": 0},
				{"appName": "통화 관리", "usage": 0}
			]
		},
		"pickups": {"usage": 225},
		"downTime": {
			"usage": [
				{"hour": "0", "usage": 36},
				{"hour": "1", "usage": 16},
				{"hour": "2", "usage": 5},
				{"hour": "3", "usage": 0},
				{"hour": "4", "usage": 33},
				{"hour": "5", "usage": 21},
				{"hour": "6", "usage": 19},
				{"hour": "7", "usage": 9},
				{"hour": "8", "usage": 7},
				{"hour": "9", "usage": 10},
				{"hour": "10", "usage": 10},
				{"hour": "11", "usage": 11},
				{"hour": "12", "usage": 16},
				{"hour": "13", "usage": 32},
				{"hour": "14", "usage": 48},
				{"hour": "15", "usage": 17},
				{"hour": "19", "usage": 0},
				{"hour": "21", "usage": 4},
				{"hour": "22", "usage": 29},
				{"hour": "23", "usage": 3}
			],
			"details": [
				{"appName": "카카오톡", "usage": [0, 1, 2, 3, 4, 5, 6, 7, 8, 9, 10, 11, 12, 13, 14, 15, 22, 23]},
				{"appName": "기본홈", "usage": [0, 1, 2, 3, 4, 5, 6, 7, 8, 9, 10, 11, 12, 13, 14, 15, 22, 23]},
				{"appName": "Paco", "usage": [0, 1, 2, 3, 4, 5, 6, 7, 8, 9, 10, 11, 12, 13, 22, 23]},
				{"appName": "시스템 UI", "usage": [0, 1, 4, 5, 6, 7, 11, 13, 14, 22, 23]},
				{"appName": "Polar Beat", "usage": [1, 4, 5, 6, 10, 13, 22]},
				{"appName": "접근성", "usage": [5, 6, 8, 13, 14, 22]},
				{"appName": "NAVER", "usage": [1, 4, 6, 7, 9, 22]},
				{"appName": "Chrome", "usage": [7, 10, 11, 12, 15, 22]},
				{"appName": "메시지", "usage": [2, 8, 9, 10, 11]},
				{"appName": "ABC Logger", "usage": [8, 9, 10, 11, 23]},
				{"appName": "Facebook", "usage": [5, 9, 12, 22]},
				{"appName": "원터치알림", "usage": [8, 11, 19]},
				{"appName": "알람/시계", "usage": [21, 22, 23]},
				{"appName": "슬립 베터", "usage": [15, 21, 22]},
				{"appName": "VIBE", "usage": [0, 13, 23]},
				{"appName": "29CM", "usage": [1, 4, 5]},
				{"appName": "통화 화면", "usage": [10, 11]},
				{"appName": "통화 관리", "usage": [10, 11]},
				{"appName": "주소록", "usage": [10, 11]},
				{"appName": "YouTube", "usage": [0, 15]},
				{"appName": "Pokémon GO", "usage": [0, 13]},
				{"appName": "패키지 설치 프로그램", "usage": [5]},
				{"appName": "카카오뱅크", "usage": [12]},
				{"appName": "카카오맵", "usage": [13]},
				{"appName": "카메라", "usage": [5]},
				{"appName": "지도", "usage": [7]},
				{"appName": "원터치개인", "usage": [11]},
				{"appName": "서머너즈 워", "usage": [14]},
				{"appName": "계산기", "usage": [7]},
				{"appName": "SOL알리미", "usage": [8]},
				{"appName": "Logger", "usage": [5]},
				{"appName": "Google Play 스토어", "usage": [6]},
				{"appName": "Google", "usage": [22]},
				{"appName": "Bluetooth", "usage": [22]}
			]
		},
		"maxTime": {
			"usage": 36,
			"details": [
				{"appName": "카카오톡", "usage": 26},
				{"appName": "NAVER", "usage": 6},
				{"appName": "Chrome", "usage": 3},
				{"appName": "Facebook", "usage": 2},
				{"appName": "Polar Beat", "usage": 2},
				{"appName": "서머너즈 워", "usage": 2},
				{"appName": "슬립 베터", "usage": 1},
				{"appName": "계산기", "usage": 1},
				{"appName": "Pokémon GO", "usage": 1},
				{"appName": "통화 화면", "usage": 0},
				{"appName": "메시지", "usage": 0},
				{"appName": "Paco", "usage": 0},
				{"appName": "카카오뱅크", "usage": 0},
				{"appName": "기본홈", "usage": 0},
				{"appName": "주소록", "usage": 0},
				{"appName": "ABC Logger", "usage": 0},
				{"appName": "29CM", "usage": 0},
				{"appName": "VIBE", "usage": 0},
				{"appName": "알람/시계", "usage": 0},
				{"appName": "원터치알림", "usage": 0},
				{"appName": "원터치개인", "usage": 0},
				{"appName": "지도", "usage": 0},
				{"appName": "카메라", "usage": 0},
				{"appName": "카카오맵", "usage": 0},
				{"appName": "접근성", "usage": 0},
				{"appName": "시스템 UI", "usage": 0},
				{"appName": "YouTube", "usage": 0},
				{"appName": "Bluetooth", "usage": 0},
				{"appName": "Google Play 스토어", "usage": 0},
				{"appName": "Google", "usage": 0},
				{"appName": "Logger", "usage": 0},
				{"appName": "SOL알리미", "usage": 0},
				{"appName": "패키지 설치 프로그램", "usage": 0},
				{"appName": "통화 관리", "usage": 0}
			]
		},
		"avgTime": {
			"usage": 1,
			"details": [
				{"appName": "Chrome", "usage": 0},
				{"appName": "서머너즈 워", "usage": 0},
				{"appName": "NAVER", "usage": 0},
				{"appName": "통화 화면", "usage": 0},
				{"appName": "Pokémon GO", "usage": 0},
				{"appName": "계산기", "usage": 0},
				{"appName": "카카오톡", "usage": 0},
				{"appName": "슬립 베터", "usage": 0},
				{"appName": "Facebook", "usage": 0},
				{"appName": "지도", "usage": 0},
				{"appName": "카메라", "usage": 0},
				{"appName": "Polar Beat", "usage": 0},
				{"appName": "Paco", "usage": 0},
				{"appName": "메시지", "usage": 0},
				{"appName": "VIBE", "usage": 0},
				{"appName": "29CM", "usage": 0},
				{"appName": "원터치알림", "usage": 0},
				{"appName": "ABC Logger", "usage": 0},
				{"appName": "주소록", "usage": 0},
				{"appName": "카카오맵", "usage": 0},
				{"appName": "카카오뱅크", "usage": 0},
				{"appName": "알람/시계", "usage": 0},
				{"appName": "접근성", "usage": 0},
				{"appName": "기본홈", "usage": 0},
				{"appName": "YouTube", "usage": 0},
				{"appName": "원터치개인", "usage": 0},
				{"appName": "Bluetooth", "usage": 0},
				{"appName": "Google Play 스토어", "usage": 0},
				{"appName": "시스템 UI", "usage": 0},
				{"appName": "Logger", "usage": 0},
				{"appName": "Google", "usage": 0},
				{"appName": "SOL알리미", "usage": 0},
				{"appName": "패키지 설치 프로그램", "usage": 0},
				{"appName": "통화 관리", "usage": 0}
			]
		},
		"lastPickup": {"time": 1}
	},
	{
		"date": 3,
		"totalTime": {
			"usage": 411,
			"details": [
				{"appName": "카카오톡", "usage": 163},
				{"appName": "NAVER", "usage": 83},
				{"appName": "YouTube", "usage": 57},
				{"appName": "Facebook", "usage": 31},
				{"appName": "Chrome", "usage": 26},
				{"appName": "Pokémon GO", "usage": 10},
				{"appName": "기본홈", "usage": 8},
				{"appName": "메시지", "usage": 4},
				{"appName": "Paco", "usage": 2},
				{"appName": "슬립 베터", "usage": 2},
				{"appName": "VIBE", "usage": 2},
				{"appName": "카카오맵", "usage": 1},
				{"appName": "알송", "usage": 1},
				{"appName": "캘린더", "usage": 0},
				{"appName": "카메라", "usage": 0},
				{"appName": "시스템 UI", "usage": 0},
				{"appName": "Polar Beat", "usage": 0},
				{"appName": "주소록", "usage": 0},
				{"appName": "알람/시계", "usage": 0},
				{"appName": "통화 화면", "usage": 0},
				{"appName": "Logger", "usage": 0},
				{"appName": "ABC Logger", "usage": 0},
				{"appName": "접근성", "usage": 0},
				{"appName": "Wi-Fi", "usage": 0},
				{"appName": "Android 시스템", "usage": 0},
				{"appName": "LG 키보드", "usage": 0},
				{"appName": "Google Play 스토어", "usage": 0},
				{"appName": "갤러리", "usage": 0},
				{"appName": "Bluetooth", "usage": 0},
				{"appName": "패키지 설치 프로그램", "usage": 0}
			]
		},
		"pickups": {"usage": 167},
		"downTime": {
			"usage": [
				{"hour": "0", "usage": 8},
				{"hour": "1", "usage": 20},
				{"hour": "2", "usage": 18},
				{"hour": "3", "usage": 9},
				{"hour": "4", "usage": 15},
				{"hour": "5", "usage": 11},
				{"hour": "6", "usage": 3},
				{"hour": "7", "usage": 15},
				{"hour": "8", "usage": 15},
				{"hour": "9", "usage": 6},
				{"hour": "10", "usage": 38},
				{"hour": "11", "usage": 2},
				{"hour": "12", "usage": 4},
				{"hour": "13", "usage": 50},
				{"hour": "14", "usage": 52},
				{"hour": "15", "usage": 60},
				{"hour": "16", "usage": 19},
				{"hour": "21", "usage": 0},
				{"hour": "22", "usage": 15},
				{"hour": "23", "usage": 42}
			],
			"details": [
				{"appName": "카카오톡", "usage": [0, 1, 2, 3, 4, 5, 7, 8, 9, 10, 11, 12, 13, 14, 15, 16, 22, 23]},
				{"appName": "기본홈", "usage": [0, 1, 2, 3, 4, 5, 7, 8, 9, 10, 12, 13, 14, 15, 16, 22, 23]},
				{"appName": "NAVER", "usage": [1, 2, 3, 7, 8, 12, 13, 14, 16, 22, 23]},
				{"appName": "시스템 UI", "usage": [0, 2, 3, 4, 10, 13, 14, 15, 16, 23]},
				{"appName": "Chrome", "usage": [1, 3, 4, 7, 8, 10, 12, 13, 16]},
				{"appName": "Paco", "usage": [1, 3, 4, 5, 7, 10, 12, 13]},
				{"appName": "Facebook", "usage": [5, 6, 7, 9, 13, 14, 15, 16]},
				{"appName": "접근성", "usage": [3, 8, 10, 13]},
				{"appName": "패키지 설치 프로그램", "usage": [3, 8, 13]},
				{"appName": "캘린더", "usage": [3, 8, 12]},
				{"appName": "슬립 베터", "usage": [16, 21, 22]},
				{"appName": "YouTube", "usage": [10, 15, 23]},
				{"appName": "VIBE", "usage": [2, 10, 13]},
				{"appName": "Polar Beat", "usage": [8, 10, 13]},
				{"appName": "Logger", "usage": [3, 8, 13]},
				{"appName": "Android 시스템", "usage": [2, 3, 8]},
				{"appName": "알람/시계", "usage": [15, 21]},
				{"appName": "메시지", "usage": [3, 9]},
				{"appName": "Pokémon GO", "usage": [0, 13]},
				{"appName": "통화 화면", "usage": [14]},
				{"appName": "카카오맵", "usage": [13]},
				{"appName": "카메라", "usage": [8]},
				{"appName": "주소록", "usage": [9]},
				{"appName": "알송", "usage": [10]},
				{"appName": "갤러리", "usage": [0]},
				{"appName": "Wi-Fi", "usage": [10]},
				{"appName": "LG 키보드", "usage": [9]},
				{"appName": "Google Play 스토어", "usage": [14]},
				{"appName": "Bluetooth", "usage": [10]},
				{"appName": "ABC Logger", "usage": [13]}
			]
		},
		"maxTime": {
			"usage": 85,
			"details": [
				{"appName": "YouTube", "usage": 30},
				{"appName": "카카오톡", "usage": 26},
				{"appName": "NAVER", "usage": 9},
				{"appName": "Facebook", "usage": 9},
				{"appName": "Chrome", "usage": 8},
				{"appName": "Pokémon GO", "usage": 3},
				{"appName": "메시지", "usage": 1},
				{"appName": "카카오맵", "usage": 1},
				{"appName": "슬립 베터", "usage": 0},
				{"appName": "카메라", "usage": 0},
				{"appName": "기본홈", "usage": 0},
				{"appName": "캘린더", "usage": 0},
				{"appName": "Paco", "usage": 0},
				{"appName": "VIBE", "usage": 0},
				{"appName": "통화 화면", "usage": 0},
				{"appName": "ABC Logger", "usage": 0},
				{"appName": "알송", "usage": 0},
				{"appName": "주소록", "usage": 0},
				{"appName": "Logger", "usage": 0},
				{"appName": "알람/시계", "usage": 0},
				{"appName": "Polar Beat", "usage": 0},
				{"appName": "접근성", "usage": 0},
				{"appName": "Wi-Fi", "usage": 0},
				{"appName": "시스템 UI", "usage": 0},
				{"appName": "Android 시스템", "usage": 0},
				{"appName": "LG 키보드", "usage": 0},
				{"appName": "Google Play 스토어", "usage": 0},
				{"appName": "갤러리", "usage": 0},
				{"appName": "Bluetooth", "usage": 0},
				{"appName": "패키지 설치 프로그램", "usage": 0}
			]
		},
		"avgTime": {
			"usage": 2,
			"details": [
				{"appName": "YouTube", "usage": 8},
				{"appName": "Pokémon GO", "usage": 1},
				{"appName": "Facebook", "usage": 1},
				{"appName": "Chrome", "usage": 0},
				{"appName": "NAVER", "usage": 0},
				{"appName": "카카오맵", "usage": 0},
				{"appName": "카메라", "usage": 0},
				{"appName": "카카오톡", "usage": 0},
				{"appName": "메시지", "usage": 0},
				{"appName": "슬립 베터", "usage": 0},
				{"appName": "통화 화면", "usage": 0},
				{"appName": "ABC Logger", "usage": 0},
				{"appName": "Paco", "usage": 0},
				{"appName": "VIBE", "usage": 0},
				{"appName": "주소록", "usage": 0},
				{"appName": "알람/시계", "usage": 0},
				{"appName": "Logger", "usage": 0},
				{"appName": "알송", "usage": 0},
				{"appName": "접근성", "usage": 0},
				{"appName": "Wi-Fi", "usage": 0},
				{"appName": "기본홈", "usage": 0},
				{"appName": "캘린더", "usage": 0},
				{"appName": "Polar Beat", "usage": 0},
				{"appName": "Android 시스템", "usage": 0},
				{"appName": "LG 키보드", "usage": 0},
				{"appName": "시스템 UI", "usage": 0},
				{"appName": "갤러리", "usage": 0},
				{"appName": "Google Play 스토어", "usage": 0},
				{"appName": "Bluetooth", "usage": 0},
				{"appName": "패키지 설치 프로그램", "usage": 0}
			]
		},
		"lastPickup": {"time": 35}
	},
	{
		"date": 4,
		"totalTime": {
			"usage": 397,
			"details": [
				{"appName": "카카오톡", "usage": 209},
				{"appName": "Chrome", "usage": 75},
				{"appName": "YouTube", "usage": 33},
				{"appName": "NAVER", "usage": 25},
				{"appName": "기본홈", "usage": 6},
				{"appName": "VIBE", "usage": 6},
				{"appName": "Paco", "usage": 4},
				{"appName": "알송", "usage": 3},
				{"appName": "Pokémon GO", "usage": 3},
				{"appName": "카메라", "usage": 2},
				{"appName": "Wi-Fi", "usage": 1},
				{"appName": "Polar Beat", "usage": 0},
				{"appName": "원터치개인", "usage": 0},
				{"appName": "Logger", "usage": 0},
				{"appName": "카카오뱅크", "usage": 0},
				{"appName": "ABC Logger", "usage": 0},
				{"appName": "시스템 UI", "usage": 0},
				{"appName": "통화 화면", "usage": 0},
				{"appName": "접근성", "usage": 0},
				{"appName": "ISP/페이북", "usage": 0},
				{"appName": "Bluetooth", "usage": 0},
				{"appName": "Google Play 스토어", "usage": 0},
				{"appName": "Google", "usage": 0},
				{"appName": "메시지", "usage": 0},
				{"appName": "원터치알림", "usage": 0},
				{"appName": "주소록", "usage": 0},
				{"appName": "Android 시스템", "usage": 0},
				{"appName": "Google Play 서비스", "usage": 0},
				{"appName": "패키지 설치 프로그램", "usage": 0},
				{"appName": "통화 관리", "usage": 0},
				{"appName": "U+ 고객센터", "usage": 0}
			]
		},
		"pickups": {"usage": 213},
		"downTime": {
			"usage": [
				{"hour": "0", "usage": 24},
				{"hour": "1", "usage": 3},
				{"hour": "2", "usage": 16},
				{"hour": "3", "usage": 10},
				{"hour": "4", "usage": 6},
				{"hour": "5", "usage": 1},
				{"hour": "6", "usage": 2},
				{"hour": "7", "usage": 8},
				{"hour": "8", "usage": 4},
				{"hour": "9", "usage": 10},
				{"hour": "10", "usage": 47},
				{"hour": "12", "usage": 0},
				{"hour": "14", "usage": 55},
				{"hour": "15", "usage": 56},
				{"hour": "16", "usage": 59},
				{"hour": "17", "usage": 49},
				{"hour": "18", "usage": 37},
				{"hour": "22", "usage": 0}
			],
			"details": [
				{"appName": "기본홈", "usage": [0, 1, 2, 3, 4, 5, 6, 7, 8, 9, 10, 12, 14, 15, 16, 17, 18]},
				{"appName": "카카오톡", "usage": [0, 1, 2, 3, 4, 6, 7, 8, 9, 10, 14, 15, 16, 17, 18, 22]},
				{"appName": "Paco", "usage": [0, 1, 2, 3, 5, 6, 7, 8, 9, 10, 14, 15]},
				{"appName": "Chrome", "usage": [2, 3, 7, 8, 9, 10, 14, 15, 16, 17, 18, 22]},
				{"appName": "시스템 UI", "usage": [0, 2, 8, 9, 10, 14, 15, 16, 17]},
				{"appName": "NAVER", "usage": [0, 3, 4, 5, 6, 7, 16, 17]},
				{"appName": "Polar Beat", "usage": [0, 8, 9, 10, 14, 15]},
				{"appName": "YouTube", "usage": [0, 4, 10, 15, 18]},
				{"appName": "Logger", "usage": [0, 8, 9, 14, 15]},
				{"appName": "패키지 설치 프로그램", "usage": [0, 8, 9, 14]},
				{"appName": "접근성", "usage": [0, 9, 14, 15]},
				{"appName": "메시지", "usage": [3, 6, 9, 18]},
				{"appName": "통화 화면", "usage": [3, 12, 14]},
				{"appName": "카메라", "usage": [4, 7, 8]},
				{"appName": "Google", "usage": [1, 4, 10]},
				{"appName": "Bluetooth", "usage": [0, 9, 10]},
				{"appName": "원터치알림", "usage": [2, 3]},
				{"appName": "Wi-Fi", "usage": [4, 8]},
				{"appName": "VIBE", "usage": [0, 10]},
				{"appName": "Google Play 스토어", "usage": [0, 15]},
				{"appName": "Google Play 서비스", "usage": [9, 14]},
				{"appName": "통화 관리", "usage": [14]},
				{"appName": "카카오뱅크", "usage": [3]},
				{"appName": "주소록", "usage": [14]},
				{"appName": "원터치개인", "usage": [3]},
				{"appName": "알송", "usage": [0]},
				{"appName": "U+ 고객센터", "usage": [11]},
				{"appName": "Pokémon GO", "usage": [0]},
				{"appName": "ISP/페이북", "usage": [3]},
				{"appName": "Android 시스템", "usage": [8]},
				{"appName": "ABC Logger", "usage": [10]}
			]
		},
		"maxTime": {
			"usage": 63,
			"details": [
				{"appName": "Chrome", "usage": 18},
				{"appName": "카카오톡", "usage": 14},
				{"appName": "YouTube", "usage": 14},
				{"appName": "NAVER", "usage": 11},
				{"appName": "Pokémon GO", "usage": 3},
				{"appName": "카메라", "usage": 1},
				{"appName": "VIBE", "usage": 1},
				{"appName": "알송", "usage": 0},
				{"appName": "Wi-Fi", "usage": 0},
				{"appName": "Paco", "usage": 0},
				{"appName": "기본홈", "usage": 0},
				{"appName": "ABC Logger", "usage": 0},
				{"appName": "원터치개인", "usage": 0},
				{"appName": "통화 화면", "usage": 0},
				{"appName": "Logger", "usage": 0},
				{"appName": "카카오뱅크", "usage": 0},
				{"appName": "ISP/페이북", "usage": 0},
				{"appName": "Polar Beat", "usage": 0},
				{"appName": "Google Play 스토어", "usage": 0},
				{"appName": "Bluetooth", "usage": 0},
				{"appName": "접근성", "usage": 0},
				{"appName": "메시지", "usage": 0},
				{"appName": "주소록", "usage": 0},
				{"appName": "Android 시스템", "usage": 0},
				{"appName": "Google", "usage": 0},
				{"appName": "원터치알림", "usage": 0},
				{"appName": "시스템 UI", "usage": 0},
				{"appName": "Google Play 서비스", "usage": 0},
				{"appName": "패키지 설치 프로그램", "usage": 0},
				{"appName": "통화 관리", "usage": 0},
				{"appName": "U+ 고객센터", "usage": 0}
			]
		},
		"avgTime": {
			"usage": 1,
			"details": [
				{"appName": "Pokémon GO", "usage": 3},
				{"appName": "YouTube", "usage": 2},
				{"appName": "Chrome", "usage": 1},
				{"appName": "NAVER", "usage": 0},
				{"appName": "카카오톡", "usage": 0},
				{"appName": "카메라", "usage": 0},
				{"appName": "VIBE", "usage": 0},
				{"appName": "Wi-Fi", "usage": 0},
				{"appName": "ABC Logger", "usage": 0},
				{"appName": "Paco", "usage": 0},
				{"appName": "알송", "usage": 0},
				{"appName": "Google Play 스토어", "usage": 0},
				{"appName": "Android 시스템", "usage": 0},
				{"appName": "통화 화면", "usage": 0},
				{"appName": "ISP/페이북", "usage": 0},
				{"appName": "접근성", "usage": 0},
				{"appName": "Logger", "usage": 0},
				{"appName": "카카오뱅크", "usage": 0},
				{"appName": "Polar Beat", "usage": 0},
				{"appName": "Bluetooth", "usage": 0},
				{"appName": "기본홈", "usage": 0},
				{"appName": "주소록", "usage": 0},
				{"appName": "메시지", "usage": 0},
				{"appName": "Google", "usage": 0},
				{"appName": "Google Play 서비스", "usage": 0},
				{"appName": "원터치개인", "usage": 0},
				{"appName": "시스템 UI", "usage": 0},
				{"appName": "원터치알림", "usage": 0},
				{"appName": "패키지 설치 프로그램", "usage": 0},
				{"appName": "통화 관리", "usage": 0},
				{"appName": "U+ 고객센터", "usage": 0}
			]
		},
		"lastPickup": {"time": 0}
	},
	{
		"date": 5,
		"totalTime": {
			"usage": 485,
			"details": [
				{"appName": "Chrome", "usage": 160},
				{"appName": "카카오톡", "usage": 134},
				{"appName": "NAVER", "usage": 55},
				{"appName": "Pokémon GO", "usage": 52},
				{"appName": "YouTube", "usage": 14},
				{"appName": "슬립 베터", "usage": 7},
				{"appName": "기본홈", "usage": 7},
				{"appName": "Facebook", "usage": 6},
				{"appName": "Sound+", "usage": 4},
				{"appName": "Paco", "usage": 4},
				{"appName": "Bluetooth", "usage": 4},
				{"appName": "카메라", "usage": 2},
				{"appName": "카카오맵", "usage": 2},
				{"appName": "알송", "usage": 2},
				{"appName": "통화 화면", "usage": 1},
				{"appName": "시스템 UI", "usage": 1},
				{"appName": "접근성", "usage": 1},
				{"appName": "갤러리", "usage": 0},
				{"appName": "Wi-Fi", "usage": 0},
				{"appName": "Polar Beat", "usage": 0},
				{"appName": "ABC Logger", "usage": 0},
				{"appName": "알람/시계", "usage": 0},
				{"appName": "Google Play 스토어", "usage": 0},
				{"appName": "VIBE", "usage": 0},
				{"appName": "Logger", "usage": 0},
				{"appName": "설정", "usage": 0},
				{"appName": "메시지", "usage": 0},
				{"appName": "Google", "usage": 0},
				{"appName": "Dropsync", "usage": 0},
				{"appName": "SR 고속열차", "usage": 0},
				{"appName": "패키지 설치 프로그램", "usage": 0}
			]
		},
		"pickups": {"usage": 126},
		"downTime": {
			"usage": [
				{"hour": "0", "usage": 24},
				{"hour": "1", "usage": 3},
				{"hour": "2", "usage": 29},
				{"hour": "3", "usage": 23},
				{"hour": "4", "usage": 34},
				{"hour": "5", "usage": 0},
				{"hour": "7", "usage": 20},
				{"hour": "8", "usage": 6},
				{"hour": "9", "usage": 9},
				{"hour": "10", "usage": 31},
				{"hour": "11", "usage": 19},
				{"hour": "12", "usage": 47},
				{"hour": "13", "usage": 58},
				{"hour": "14", "usage": 60},
				{"hour": "15", "usage": 28},
				{"hour": "17", "usage": 5},
				{"hour": "18", "usage": 33},
				{"hour": "19", "usage": 46},
				{"hour": "23", "usage": 1}
			],
			"details": [
				{"appName": "기본홈", "usage": [0, 1, 2, 3, 4, 5, 7, 8, 9, 10, 11, 12, 13, 14, 15, 17, 18, 19]},
				{"appName": "카카오톡", "usage": [0, 1, 2, 3, 4, 5, 7, 8, 9, 10, 11, 12, 13, 14, 15, 17, 19]},
				{"appName": "Chrome", "usage": [0, 1, 2, 4, 7, 8, 10, 12, 13, 14, 18, 19]},
				{"appName": "시스템 UI", "usage": [0, 2, 3, 4, 10, 11, 12, 13, 14, 15, 19]},
				{"appName": "Paco", "usage": [1, 2, 3, 5, 7, 8, 9, 11, 12, 13]},
				{"appName": "NAVER", "usage": [2, 3, 4, 10, 11, 12, 15, 17, 18]},
				{"appName": "접근성", "usage": [0, 1, 2, 3, 4, 10, 11, 13]},
				{"appName": "Polar Beat", "usage": [0, 2, 3, 4, 10, 11, 13]},
				{"appName": "Bluetooth", "usage": [0, 2, 3, 4, 8]},
				{"appName": "YouTube", "usage": [2, 3, 7, 11]},
				{"appName": "Pokémon GO", "usage": [3, 9, 10, 13]},
				{"appName": "Logger", "usage": [0, 2, 3, 13]},
				{"appName": "패키지 설치 프로그램", "usage": [0, 3, 13]},
				{"appName": "슬립 베터", "usage": [2, 19, 23]},
				{"appName": "Sound+", "usage": [2, 3, 4]},
				{"appName": "통화 화면", "usage": [4, 10]},
				{"appName": "카메라", "usage": [3, 7]},
				{"appName": "알송", "usage": [2, 3]},
				{"appName": "알람/시계", "usage": [19, 23]},
				{"appName": "Wi-Fi", "usage": [3, 8]},
				{"appName": "Google", "usage": [3, 4]},
				{"appName": "ABC Logger", "usage": [0, 13]},
				{"appName": "카카오맵", "usage": [4]},
				{"appName": "설정", "usage": [3]},
				{"appName": "메시지", "usage": [10]},
				{"appName": "갤러리", "usage": [10]},
				{"appName": "VIBE", "usage": [2]},
				{"appName": "SR 고속열차", "usage": [2]},
				{"appName": "Google Play 스토어", "usage": [4]},
				{"appName": "Facebook", "usage": [7]},
				{"appName": "Dropsync", "usage": [3]}
			]
		},
		"maxTime": {
			"usage": 134,
			"details": [
				{"appName": "Chrome", "usage": 31},
				{"appName": "카카오톡", "usage": 17},
				{"appName": "Pokémon GO", "usage": 15},
				{"appName": "NAVER", "usage": 12},
				{"appName": "YouTube", "usage": 4},
				{"appName": "Facebook", "usage": 3},
				{"appName": "슬립 베터", "usage": 3},
				{"appName": "카메라", "usage": 2},
				{"appName": "카카오맵", "usage": 1},
				{"appName": "통화 화면", "usage": 1},
				{"appName": "Sound+", "usage": 1},
				{"appName": "Bluetooth", "usage": 1},
				{"appName": "알송", "usage": 0},
				{"appName": "갤러리", "usage": 0},
				{"appName": "기본홈", "usage": 0},
				{"appName": "접근성", "usage": 0},
				{"appName": "Wi-Fi", "usage": 0},
				{"appName": "ABC Logger", "usage": 0},
				{"appName": "Paco", "usage": 0},
				{"appName": "시스템 UI", "usage": 0},
				{"appName": "VIBE", "usage": 0},
				{"appName": "알람/시계", "usage": 0},
				{"appName": "Polar Beat", "usage": 0},
				{"appName": "Google Play 스토어", "usage": 0},
				{"appName": "설정", "usage": 0},
				{"appName": "Google", "usage": 0},
				{"appName": "메시지", "usage": 0},
				{"appName": "Logger", "usage": 0},
				{"appName": "Dropsync", "usage": 0},
				{"appName": "SR 고속열차", "usage": 0},
				{"appName": "패키지 설치 프로그램", "usage": 0}
			]
		},
		"avgTime": {
			"usage": 3,
			"details": [
				{"appName": "Pokémon GO", "usage": 5},
				{"appName": "Chrome", "usage": 3},
				{"appName": "NAVER", "usage": 1},
				{"appName": "카메라", "usage": 1},
				{"appName": "YouTube", "usage": 1},
				{"appName": "Facebook", "usage": 1},
				{"appName": "갤러리", "usage": 0},
				{"appName": "통화 화면", "usage": 0},
				{"appName": "카카오맵", "usage": 0},
				{"appName": "슬립 베터", "usage": 0},
				{"appName": "카카오톡", "usage": 0},
				{"appName": "Sound+", "usage": 0},
				{"appName": "Wi-Fi", "usage": 0},
				{"appName": "Bluetooth", "usage": 0},
				{"appName": "알송", "usage": 0},
				{"appName": "Paco", "usage": 0},
				{"appName": "VIBE", "usage": 0},
				{"appName": "접근성", "usage": 0},
				{"appName": "ABC Logger", "usage": 0},
				{"appName": "기본홈", "usage": 0},
				{"appName": "설정", "usage": 0},
				{"appName": "알람/시계", "usage": 0},
				{"appName": "Polar Beat", "usage": 0},
				{"appName": "Google Play 스토어", "usage": 0},
				{"appName": "Dropsync", "usage": 0},
				{"appName": "메시지", "usage": 0},
				{"appName": "시스템 UI", "usage": 0},
				{"appName": "Logger", "usage": 0},
				{"appName": "Google", "usage": 0},
				{"appName": "SR 고속열차", "usage": 0},
				{"appName": "패키지 설치 프로그램", "usage": 0}
			]
		},
		"lastPickup": {"time": 0}
	},
	{
		"date": 6,
		"totalTime": {
			"usage": 445,
			"details": [
				{"appName": "카카오톡", "usage": 212},
				{"appName": "NAVER", "usage": 78},
				{"appName": "Chrome", "usage": 63},
				{"appName": "YouTube", "usage": 17},
				{"appName": "Pokémon GO", "usage": 11},
				{"appName": "통화 화면", "usage": 10},
				{"appName": "기본홈", "usage": 6},
				{"appName": "슬립 베터", "usage": 5},
				{"appName": "서머너즈 워", "usage": 5},
				{"appName": "알람/시계", "usage": 4},
				{"appName": "Paco", "usage": 4},
				{"appName": "Facebook", "usage": 3},
				{"appName": "카메라", "usage": 3},
				{"appName": "Skyscanner", "usage": 1},
				{"appName": "시스템 UI", "usage": 1},
				{"appName": "접근성", "usage": 0},
				{"appName": "Polar Beat", "usage": 0},
				{"appName": "Gmail", "usage": 0},
				{"appName": "Google Play 스토어", "usage": 0},
				{"appName": "Wi-Fi", "usage": 0},
				{"appName": "메시지", "usage": 0},
				{"appName": "Google Play 서비스", "usage": 0},
				{"appName": "Logger", "usage": 0},
				{"appName": "Google", "usage": 0},
				{"appName": "Android 시스템", "usage": 0},
				{"appName": "Bluetooth", "usage": 0},
				{"appName": "패키지 설치 프로그램", "usage": 0},
				{"appName": "통화 관리", "usage": 0}
			]
		},
		"pickups": {"usage": 203},
		"downTime": {
			"usage": [
				{"hour": "0", "usage": 7},
				{"hour": "1", "usage": 45},
				{"hour": "2", "usage": 42},
				{"hour": "3", "usage": 17},
				{"hour": "4", "usage": 22},
				{"hour": "5", "usage": 23},
				{"hour": "6", "usage": 9},
				{"hour": "7", "usage": 45},
				{"hour": "8", "usage": 5},
				{"hour": "9", "usage": 19},
				{"hour": "10", "usage": 42},
				{"hour": "11", "usage": 40},
				{"hour": "12", "usage": 3},
				{"hour": "13", "usage": 59},
				{"hour": "14", "usage": 46},
				{"hour": "15", "usage": 6},
				{"hour": "20", "usage": 0},
				{"hour": "21", "usage": 2},
				{"hour": "22", "usage": 2},
				{"hour": "23", "usage": 2}
			],
			"details": [
				{"appName": "기본홈", "usage": [0, 1, 2, 3, 4, 5, 6, 7, 8, 9, 10, 11, 12, 13, 14, 15, 20, 21, 22, 23]},
				{"appName": "카카오톡", "usage": [0, 1, 2, 3, 4, 5, 6, 7, 9, 10, 11, 12, 13, 14, 15, 20, 21, 22, 23]},
				{"appName": "Paco", "usage": [1, 2, 3, 4, 6, 8, 9, 10, 11, 13, 14]},
				{"appName": "NAVER", "usage": [1, 2, 3, 7, 8, 9, 10, 11, 13, 14, 15]},
				{"appName": "시스템 UI", "usage": [2, 3, 6, 7, 9, 10, 11, 13, 14]},
				{"appName": "슬립 베터", "usage": [0, 3, 4, 5, 15, 18, 21, 22]},
				{"appName": "Chrome", "usage": [1, 2, 3, 9, 13, 14, 23]},
				{"appName": "접근성", "usage": [1, 2, 10, 11, 12, 14]},
				{"appName": "Polar Beat", "usage": [1, 2, 10, 11, 12, 14]},
				{"appName": "알람/시계", "usage": [0, 21, 22, 23]},
				{"appName": "Pokémon GO", "usage": [3, 5, 9, 10]},
				{"appName": "패키지 설치 프로그램", "usage": [1, 2, 10]},
				{"appName": "통화 화면", "usage": [2, 11, 14]},
				{"appName": "카메라", "usage": [0, 7, 9]},
				{"appName": "YouTube", "usage": [5, 10, 13]},
				{"appName": "Logger", "usage": [1, 2, 10]},
				{"appName": "Facebook", "usage": [4, 12, 13]},
				{"appName": "통화 관리", "usage": [11, 14]},
				{"appName": "메시지", "usage": [9, 10]},
				{"appName": "Wi-Fi", "usage": [6, 7]},
				{"appName": "Google Play 스토어", "usage": [4, 6]},
				{"appName": "서머너즈 워", "usage": [14]},
				{"appName": "Skyscanner", "usage": [7]},
				{"appName": "Google Play 서비스", "usage": [9]},
				{"appName": "Google", "usage": [8]},
				{"appName": "Gmail", "usage": [23]},
				{"appName": "Bluetooth", "usage": [1]},
				{"appName": "Android 시스템", "usage": [7]}
			]
		},
		"maxTime": {
			"usage": 66,
			"details": [
				{"appName": "카카오톡", "usage": 22},
				{"appName": "NAVER", "usage": 12},
				{"appName": "Chrome", "usage": 11},
				{"appName": "YouTube", "usage": 9},
				{"appName": "Pokémon GO", "usage": 5},
				{"appName": "서머너즈 워", "usage": 5},
				{"appName": "통화 화면", "usage": 3},
				{"appName": "알람/시계", "usage": 2},
				{"appName": "카메라", "usage": 2},
				{"appName": "슬립 베터", "usage": 1},
				{"appName": "Facebook", "usage": 1},
				{"appName": "Skyscanner", "usage": 0},
				{"appName": "시스템 UI", "usage": 0},
				{"appName": "Gmail", "usage": 0},
				{"appName": "Paco", "usage": 0},
				{"appName": "접근성", "usage": 0},
				{"appName": "Wi-Fi", "usage": 0},
				{"appName": "Google Play 스토어", "usage": 0},
				{"appName": "기본홈", "usage": 0},
				{"appName": "Polar Beat", "usage": 0},
				{"appName": "메시지", "usage": 0},
				{"appName": "Google", "usage": 0},
				{"appName": "Google Play 서비스", "usage": 0},
				{"appName": "Logger", "usage": 0},
				{"appName": "Android 시스템", "usage": 0},
				{"appName": "Bluetooth", "usage": 0},
				{"appName": "패키지 설치 프로그램", "usage": 0},
				{"appName": "통화 관리", "usage": 0}
			]
		},
		"avgTime": {
			"usage": 2,
			"details": [
				{"appName": "YouTube", "usage": 2},
				{"appName": "서머너즈 워", "usage": 1},
				{"appName": "Pokémon GO", "usage": 1},
				{"appName": "Chrome", "usage": 1},
				{"appName": "NAVER", "usage": 0},
				{"appName": "카메라", "usage": 0},
				{"appName": "Facebook", "usage": 0},
				{"appName": "Skyscanner", "usage": 0},
				{"appName": "카카오톡", "usage": 0},
				{"appName": "Gmail", "usage": 0},
				{"appName": "통화 화면", "usage": 0},
				{"appName": "알람/시계", "usage": 0},
				{"appName": "슬립 베터", "usage": 0},
				{"appName": "Wi-Fi", "usage": 0},
				{"appName": "Google Play 스토어", "usage": 0},
				{"appName": "접근성", "usage": 0},
				{"appName": "Paco", "usage": 0},
				{"appName": "메시지", "usage": 0},
				{"appName": "Polar Beat", "usage": 0},
				{"appName": "시스템 UI", "usage": 0},
				{"appName": "기본홈", "usage": 0},
				{"appName": "Google Play 서비스", "usage": 0},
				{"appName": "Android 시스템", "usage": 0},
				{"appName": "Logger", "usage": 0},
				{"appName": "Bluetooth", "usage": 0},
				{"appName": "Google", "usage": 0},
				{"appName": "패키지 설치 프로그램", "usage": 0},
				{"appName": "통화 관리", "usage": 0}
			]
		},
		"lastPickup": {"time": 0}
	},
	{
		"date": 7,
		"totalTime": {
			"usage": 1024,
			"details": [
				{"appName": "카카오톡", "usage": 330},
				{"appName": "Chrome", "usage": 49},
				{"appName": "NAVER", "usage": 10},
				{"appName": "프렌즈타워", "usage": 6},
				{"appName": "YouTube", "usage": 4},
				{"appName": "Paco", "usage": 3},
				{"appName": "기본홈", "usage": 3},
				{"appName": "Facebook", "usage": 2},
				{"appName": "Pokémon GO", "usage": 1},
				{"appName": "지도", "usage": 1},
				{"appName": "Logger", "usage": 0},
				{"appName": "설정", "usage": 0},
				{"appName": "시스템 UI", "usage": 0},
				{"appName": "Polar Beat", "usage": 0},
				{"appName": "접근성", "usage": 0},
				{"appName": "ABC Logger", "usage": 0},
				{"appName": "통화 화면", "usage": 0},
				{"appName": "Google Play 서비스", "usage": 0},
				{"appName": "Wi-Fi", "usage": 0},
				{"appName": "Bluetooth", "usage": 0},
				{"appName": "Android 시스템", "usage": 0},
				{"appName": "메시지", "usage": 0},
				{"appName": "패키지 설치 프로그램", "usage": 0},
				{"appName": "Google", "usage": 0}
			]
		},
		"pickups": {"usage": 84},
		"downTime": {
			"usage": [
				{"hour": "0", "usage": 32},
				{"hour": "1", "usage": 37},
				{"hour": "2", "usage": 30},
				{"hour": "3", "usage": 15},
				{"hour": "4", "usage": 10},
				{"hour": "5", "usage": 24},
				{"hour": "6", "usage": 20},
				{"hour": "7", "usage": 34},
				{"hour": "8", "usage": 36},
				{"hour": "9", "usage": 41},
				{"hour": "10", "usage": 55},
				{"hour": "11", "usage": 36},
				{"hour": "12", "usage": 20},
				{"hour": "13", "usage": 28}
			],
			"details": [
				{"appName": "카카오톡", "usage": [0, 1, 2, 3, 4, 5, 6, 7, 8, 9, 10, 11, 12, 13]},
				{"appName": "시스템 UI", "usage": [0, 1, 2, 3, 4, 5, 6, 7, 8, 9, 10, 11, 12, 13]},
				{"appName": "기본홈", "usage": [0, 1, 2, 3, 4, 5, 6, 7, 8, 9, 10, 11, 12, 13]},
				{"appName": "Paco", "usage": [1, 2, 3, 4, 5, 6, 7, 10, 11, 12]},
				{"appName": "Chrome", "usage": [0, 1, 2, 4, 8, 9, 10, 13]},
				{"appName": "NAVER", "usage": [1, 4, 9, 11, 13]},
				{"appName": "Polar Beat", "usage": [0, 3, 8, 10]},
				{"appName": "패키지 설치 프로그램", "usage": [0, 8, 9]},
				{"appName": "접근성", "usage": [0, 9, 10]},
				{"appName": "Logger", "usage": [0, 8, 9]},
				{"appName": "설정", "usage": [0, 8]},
				{"appName": "메시지", "usage": [5, 6]},
				{"appName": "Google Play 서비스", "usage": [7, 11]},
				{"appName": "Facebook", "usage": [5, 11]},
				{"appName": "Android 시스템", "usage": [7, 11]},
				{"appName": "프렌즈타워", "usage": [11]},
				{"appName": "통화 화면", "usage": [3]},
				{"appName": "지도", "usage": [4]},
				{"appName": "YouTube", "usage": [10]},
				{"appName": "Wi-Fi", "usage": [11]},
				{"appName": "Pokémon GO", "usage": [11]},
				{"appName": "Google", "usage": [6]},
				{"appName": "Bluetooth", "usage": [0]},
				{"appName": "ABC Logger", "usage": [0]}
			]
		},
		"maxTime": {
			"usage": 600,
			"details": [
				{"appName": "카카오톡", "usage": 47},
				{"appName": "Chrome", "usage": 11},
				{"appName": "NAVER", "usage": 5},
				{"appName": "YouTube", "usage": 4},
				{"appName": "프렌즈타워", "usage": 3},
				{"appName": "Pokémon GO", "usage": 1},
				{"appName": "지도", "usage": 1},
				{"appName": "Facebook", "usage": 0},
				{"appName": "기본홈", "usage": 0},
				{"appName": "Paco", "usage": 0},
				{"appName": "설정", "usage": 0},
				{"appName": "Logger", "usage": 0},
				{"appName": "ABC Logger", "usage": 0},
				{"appName": "통화 화면", "usage": 0},
				{"appName": "Wi-Fi", "usage": 0},
				{"appName": "Polar Beat", "usage": 0},
				{"appName": "접근성", "usage": 0},
				{"appName": "시스템 UI", "usage": 0},
				{"appName": "Google Play 서비스", "usage": 0},
				{"appName": "Bluetooth", "usage": 0},
				{"appName": "Android 시스템", "usage": 0},
				{"appName": "메시지", "usage": 0},
				{"appName": "Google", "usage": 0},
				{"appName": "패키지 설치 프로그램", "usage": 0}
			]
		},
		"avgTime": {
			"usage": 12,
			"details": [
				{"appName": "Chrome", "usage": 2},
				{"appName": "Pokémon GO", "usage": 1},
				{"appName": "YouTube", "usage": 1},
				{"appName": "지도", "usage": 0},
				{"appName": "NAVER", "usage": 0},
				{"appName": "카카오톡", "usage": 0},
				{"appName": "프렌즈타워", "usage": 0},
				{"appName": "Facebook", "usage": 0},
				{"appName": "통화 화면", "usage": 0},
				{"appName": "Paco", "usage": 0},
				{"appName": "Wi-Fi", "usage": 0},
				{"appName": "설정", "usage": 0},
				{"appName": "ABC Logger", "usage": 0},
				{"appName": "Logger", "usage": 0},
				{"appName": "접근성", "usage": 0},
				{"appName": "Google Play 서비스", "usage": 0},
				{"appName": "기본홈", "usage": 0},
				{"appName": "Polar Beat", "usage": 0},
				{"appName": "Bluetooth", "usage": 0},
				{"appName": "Android 시스템", "usage": 0},
				{"appName": "시스템 UI", "usage": 0},
				{"appName": "메시지", "usage": 0},
				{"appName": "Google", "usage": 0},
				{"appName": "패키지 설치 프로그램", "usage": 0}
			]
		},
		"lastPickup": {"time": 600}
	}
]
