[
	{
		"date": 1,
		"totalTime": {
			"usage": 301,
			"details": [
				{"appName": "카카오톡", "usage": 140},
				{"appName": "Facebook", "usage": 42},
				{"appName": "기본홈", "usage": 18},
				{"appName": "문서", "usage": 17},
				{"appName": "캐시워크", "usage": 14},
				{"appName": "Chrome", "usage": 11},
				{"appName": "Paco", "usage": 6},
				{"appName": "Puffin", "usage": 5},
				{"appName": "Gmail", "usage": 5},
				{"appName": "Polar Beat", "usage": 5},
				{"appName": "설정", "usage": 4},
				{"appName": "프레젠테이션", "usage": 4},
				{"appName": "Instagram", "usage": 4},
				{"appName": "캘린더", "usage": 3},
				{"appName": "KAIST Portal", "usage": 1},
				{"appName": "T전화", "usage": 1},
				{"appName": "카메라", "usage": 1},
				{"appName": "시스템 UI", "usage": 0},
				{"appName": "우리카드", "usage": 0},
				{"appName": "원터치개인", "usage": 0},
				{"appName": "Leaone", "usage": 0},
				{"appName": "접근성", "usage": 0},
				{"appName": "Logger", "usage": 0},
				{"appName": "알람/시계", "usage": 0},
				{"appName": "드라이브", "usage": 0},
				{"appName": "Google Play 스토어", "usage": 0},
				{"appName": "Microsoft Band", "usage": 0},
				{"appName": "메시지", "usage": 0},
				{"appName": "카카오 T", "usage": 0},
				{"appName": "ABC Logger", "usage": 0},
				{"appName": "원터치알림", "usage": 0},
				{"appName": "Google", "usage": 0},
				{"appName": "LG 키보드", "usage": 0},
				{"appName": "패키지 설치 프로그램", "usage": 0},
				{"appName": "통화 관리", "usage": 0}
			]
		},
		"pickups": {"usage": 185},
		"downTime": {
			"usage": [
				{"hour": "0", "usage": 0},
				{"hour": "3", "usage": 9},
				{"hour": "4", "usage": 50},
				{"hour": "5", "usage": 48},
				{"hour": "6", "usage": 35},
				{"hour": "7", "usage": 25},
				{"hour": "8", "usage": 18},
				{"hour": "9", "usage": 27},
				{"hour": "10", "usage": 16},
				{"hour": "11", "usage": 7},
				{"hour": "12", "usage": 1},
				{"hour": "13", "usage": 28},
				{"hour": "14", "usage": 22},
				{"hour": "15", "usage": 3},
				{"hour": "16", "usage": 2},
				{"hour": "17", "usage": 0},
				{"hour": "18", "usage": 2},
				{"hour": "20", "usage": 0}
			],
			"details": [
				{"appName": "캐시워크", "usage": [0, 3, 4, 5, 6, 7, 8, 9, 10, 11, 12, 13, 14, 15, 16, 17, 18, 20]},
				{"appName": "카카오톡", "usage": [3, 4, 5, 6, 7, 8, 9, 10, 11, 12, 13, 14, 15, 16, 17, 18, 20]},
				{"appName": "기본홈", "usage": [3, 4, 5, 6, 7, 8, 9, 10, 11, 12, 13, 14, 15, 16, 18, 20]},
				{"appName": "캘린더", "usage": [4, 5, 6, 8, 9, 10, 13, 14, 15]},
				{"appName": "시스템 UI", "usage": [4, 5, 6, 7, 8, 9, 10, 13, 14]},
				{"appName": "Paco", "usage": [3, 4, 5, 6, 7, 8, 9, 10]},
				{"appName": "Facebook", "usage": [3, 4, 5, 6, 7, 9, 11, 13]},
				{"appName": "Chrome", "usage": [4, 5, 6, 8, 10, 13, 14, 20]},
				{"appName": "원터치알림", "usage": [5, 7, 8, 15, 16, 19, 20]},
				{"appName": "패키지 설치 프로그램", "usage": [3, 4, 7, 8, 9, 13]},
				{"appName": "Logger", "usage": [3, 4, 7, 8, 9, 13]},
				{"appName": "접근성", "usage": [3, 7, 9, 13]},
				{"appName": "Polar Beat", "usage": [3, 6, 7, 13]},
				{"appName": "카메라", "usage": [8, 10, 16]},
				{"appName": "Gmail", "usage": [5, 9, 13]},
				{"appName": "설정", "usage": [4, 5]},
				{"appName": "문서", "usage": [13, 14]},
				{"appName": "메시지", "usage": [4, 14]},
				{"appName": "드라이브", "usage": [13, 14]},
				{"appName": "T전화", "usage": [8, 14]},
				{"appName": "Instagram", "usage": [6, 8]},
				{"appName": "Google Play 스토어", "usage": [7, 8]},
				{"appName": "프레젠테이션", "usage": [4]},
				{"appName": "통화 관리", "usage": [14]},
				{"appName": "카카오 T", "usage": [15]},
				{"appName": "원터치개인", "usage": [5]},
				{"appName": "우리카드", "usage": [5]},
				{"appName": "알람/시계", "usage": [11]},
				{"appName": "Puffin", "usage": [7]},
				{"appName": "Microsoft Band", "usage": [8]},
				{"appName": "Leaone", "usage": [7]},
				{"appName": "LG 키보드", "usage": [4]},
				{"appName": "KAIST Portal", "usage": [5]},
				{"appName": "Google", "usage": [8]},
				{"appName": "ABC Logger", "usage": [4]}
			]
		},
		"maxTime": {
			"usage": 21,
			"details": [
				{"appName": "문서", "usage": 9},
				{"appName": "Facebook", "usage": 5},
				{"appName": "Puffin", "usage": 4},
				{"appName": "프레젠테이션", "usage": 4},
				{"appName": "카카오톡", "usage": 3},
				{"appName": "Chrome", "usage": 3},
				{"appName": "Instagram", "usage": 2},
				{"appName": "Gmail", "usage": 1},
				{"appName": "Polar Beat", "usage": 1},
				{"appName": "Paco", "usage": 1},
				{"appName": "KAIST Portal", "usage": 0},
				{"appName": "기본홈", "usage": 0},
				{"appName": "캐시워크", "usage": 0},
				{"appName": "Leaone", "usage": 0},
				{"appName": "설정", "usage": 0},
				{"appName": "카메라", "usage": 0},
				{"appName": "캘린더", "usage": 0},
				{"appName": "원터치개인", "usage": 0},
				{"appName": "알람/시계", "usage": 0},
				{"appName": "우리카드", "usage": 0},
				{"appName": "드라이브", "usage": 0},
				{"appName": "Microsoft Band", "usage": 0},
				{"appName": "T전화", "usage": 0},
				{"appName": "Google Play 스토어", "usage": 0},
				{"appName": "접근성", "usage": 0},
				{"appName": "Logger", "usage": 0},
				{"appName": "ABC Logger", "usage": 0},
				{"appName": "시스템 UI", "usage": 0},
				{"appName": "메시지", "usage": 0},
				{"appName": "카카오 T", "usage": 0},
				{"appName": "Google", "usage": 0},
				{"appName": "원터치알림", "usage": 0},
				{"appName": "LG 키보드", "usage": 0},
				{"appName": "패키지 설치 프로그램", "usage": 0},
				{"appName": "통화 관리", "usage": 0}
			]
		},
		"avgTime": {
			"usage": 1,
			"details": [
				{"appName": "프레젠테이션", "usage": 2},
				{"appName": "문서", "usage": 1},
				{"appName": "Puffin", "usage": 1},
				{"appName": "Instagram", "usage": 0},
				{"appName": "Gmail", "usage": 0},
				{"appName": "Facebook", "usage": 0},
				{"appName": "Chrome", "usage": 0},
				{"appName": "카메라", "usage": 0},
				{"appName": "KAIST Portal", "usage": 0},
				{"appName": "Paco", "usage": 0},
				{"appName": "알람/시계", "usage": 0},
				{"appName": "Polar Beat", "usage": 0},
				{"appName": "Leaone", "usage": 0},
				{"appName": "카카오톡", "usage": 0},
				{"appName": "Microsoft Band", "usage": 0},
				{"appName": "접근성", "usage": 0},
				{"appName": "설정", "usage": 0},
				{"appName": "우리카드", "usage": 0},
				{"appName": "캘린더", "usage": 0},
				{"appName": "기본홈", "usage": 0},
				{"appName": "ABC Logger", "usage": 0},
				{"appName": "드라이브", "usage": 0},
				{"appName": "Google Play 스토어", "usage": 0},
				{"appName": "T전화", "usage": 0},
				{"appName": "Google", "usage": 0},
				{"appName": "원터치개인", "usage": 0},
				{"appName": "카카오 T", "usage": 0},
				{"appName": "Logger", "usage": 0},
				{"appName": "캐시워크", "usage": 0},
				{"appName": "메시지", "usage": 0},
				{"appName": "시스템 UI", "usage": 0},
				{"appName": "원터치알림", "usage": 0},
				{"appName": "LG 키보드", "usage": 0},
				{"appName": "패키지 설치 프로그램", "usage": 0},
				{"appName": "통화 관리", "usage": 0}
			]
		},
		"lastPickup": {"time": 0}
	},
	{
		"date": 2,
		"totalTime": {
			"usage": 136,
			"details": [
				{"appName": "카카오톡", "usage": 45},
				{"appName": "Facebook", "usage": 42},
				{"appName": "Pokémon GO", "usage": 10},
				{"appName": "캐시워크", "usage": 8},
				{"appName": "기본홈", "usage": 7},
				{"appName": "과학적인 계산기", "usage": 6},
				{"appName": "Paco", "usage": 3},
				{"appName": "ABC Logger", "usage": 1},
				{"appName": "캘린더", "usage": 1},
				{"appName": "Polar Beat", "usage": 0},
				{"appName": "Chrome", "usage": 0},
				{"appName": "시스템 UI", "usage": 0},
				{"appName": "T전화", "usage": 0},
				{"appName": "접근성", "usage": 0},
				{"appName": "원터치알림", "usage": 0},
				{"appName": "Logger", "usage": 0},
				{"appName": "메시지", "usage": 0},
				{"appName": "Google Play 스토어", "usage": 0},
				{"appName": "패키지 설치 프로그램", "usage": 0},
				{"appName": "통화 관리", "usage": 0}
			]
		},
		"pickups": {"usage": 119},
		"downTime": {
			"usage": [
				{"hour": "0", "usage": 10},
				{"hour": "1", "usage": 0},
				{"hour": "3", "usage": 3},
				{"hour": "4", "usage": 10},
				{"hour": "5", "usage": 26},
				{"hour": "6", "usage": 10},
				{"hour": "7", "usage": 11},
				{"hour": "8", "usage": 9},
				{"hour": "9", "usage": 28},
				{"hour": "10", "usage": 4},
				{"hour": "11", "usage": 4},
				{"hour": "12", "usage": 2},
				{"hour": "13", "usage": 0},
				{"hour": "14", "usage": 6},
				{"hour": "15", "usage": 1},
				{"hour": "16", "usage": 0},
				{"hour": "18", "usage": 2},
				{"hour": "19", "usage": 1},
				{"hour": "20", "usage": 0}
			],
			"details": [
				{"appName": "캐시워크", "usage": [0, 1, 3, 4, 5, 6, 7, 8, 9, 10, 11, 12, 13, 14, 15, 16, 18, 19, 20]},
				{"appName": "기본홈", "usage": [0, 1, 3, 4, 5, 6, 7, 8, 9, 10, 11, 12, 14, 15, 18, 19]},
				{"appName": "카카오톡", "usage": [0, 1, 3, 4, 5, 6, 7, 8, 9, 10, 11, 12, 14, 15, 18]},
				{"appName": "시스템 UI", "usage": [4, 5, 6, 7, 8, 9, 11, 12, 15, 18]},
				{"appName": "Facebook", "usage": [0, 3, 4, 5, 6, 8, 9, 14, 19]},
				{"appName": "Paco", "usage": [3, 4, 5, 6, 7, 9, 11, 12]},
				{"appName": "캘린더", "usage": [5, 9, 15, 18]},
				{"appName": "Chrome", "usage": [6, 8, 9, 18]},
				{"appName": "Polar Beat", "usage": [4, 5, 12]},
				{"appName": "패키지 설치 프로그램", "usage": [4, 12]},
				{"appName": "접근성", "usage": [4, 12]},
				{"appName": "원터치알림", "usage": [4, 18]},
				{"appName": "Logger", "usage": [4, 12]},
				{"appName": "통화 관리", "usage": [10]},
				{"appName": "메시지", "usage": [8]},
				{"appName": "과학적인 계산기", "usage": [7]},
				{"appName": "T전화", "usage": [10]},
				{"appName": "Pokémon GO", "usage": [9]},
				{"appName": "Google Play 스토어", "usage": [20]},
				{"appName": "ABC Logger", "usage": [8]}
			]
		},
		"maxTime": {
			"usage": 27,
			"details": [
				{"appName": "Facebook", "usage": 25},
				{"appName": "Pokémon GO", "usage": 9},
				{"appName": "카카오톡", "usage": 3},
				{"appName": "과학적인 계산기", "usage": 3},
				{"appName": "ABC Logger", "usage": 1},
				{"appName": "기본홈", "usage": 0},
				{"appName": "Paco", "usage": 0},
				{"appName": "T전화", "usage": 0},
				{"appName": "Polar Beat", "usage": 0},
				{"appName": "접근성", "usage": 0},
				{"appName": "캘린더", "usage": 0},
				{"appName": "캐시워크", "usage": 0},
				{"appName": "Chrome", "usage": 0},
				{"appName": "원터치알림", "usage": 0},
				{"appName": "시스템 UI", "usage": 0},
				{"appName": "메시지", "usage": 0},
				{"appName": "Logger", "usage": 0},
				{"appName": "Google Play 스토어", "usage": 0},
				{"appName": "패키지 설치 프로그램", "usage": 0},
				{"appName": "통화 관리", "usage": 0}
			]
		},
		"avgTime": {
			"usage": 1,
			"details": [
				{"appName": "Pokémon GO", "usage": 3},
				{"appName": "Facebook", "usage": 1},
				{"appName": "과학적인 계산기", "usage": 1},
				{"appName": "ABC Logger", "usage": 0},
				{"appName": "접근성", "usage": 0},
				{"appName": "T전화", "usage": 0},
				{"appName": "Paco", "usage": 0},
				{"appName": "카카오톡", "usage": 0},
				{"appName": "캘린더", "usage": 0},
				{"appName": "Polar Beat", "usage": 0},
				{"appName": "Chrome", "usage": 0},
				{"appName": "기본홈", "usage": 0},
				{"appName": "메시지", "usage": 0},
				{"appName": "원터치알림", "usage": 0},
				{"appName": "캐시워크", "usage": 0},
				{"appName": "시스템 UI", "usage": 0},
				{"appName": "Logger", "usage": 0},
				{"appName": "Google Play 스토어", "usage": 0},
				{"appName": "패키지 설치 프로그램", "usage": 0},
				{"appName": "통화 관리", "usage": 0}
			]
		},
		"lastPickup": {"time": 0}
	},
	{
		"date": 3,
		"totalTime": {
			"usage": 180,
			"details": [
				{"appName": "카카오톡", "usage": 83},
				{"appName": "Facebook", "usage": 19},
				{"appName": "캐시워크", "usage": 14},
				{"appName": "기본홈", "usage": 11},
				{"appName": "고음질 녹음", "usage": 10},
				{"appName": "T전화", "usage": 6},
				{"appName": "Paco", "usage": 5},
				{"appName": "파일 관리자", "usage": 3},
				{"appName": "설정", "usage": 3},
				{"appName": "접근성", "usage": 2},
				{"appName": "Chrome", "usage": 2},
				{"appName": "캘린더", "usage": 1},
				{"appName": "메시지", "usage": 1},
				{"appName": "ABC Logger", "usage": 1},
				{"appName": "Polar Beat", "usage": 1},
				{"appName": "시스템 UI", "usage": 1},
				{"appName": "Bluetooth", "usage": 0},
				{"appName": "우리카드", "usage": 0},
				{"appName": "Logger", "usage": 0},
				{"appName": "KAIST Portal", "usage": 0},
				{"appName": "원터치알림", "usage": 0},
				{"appName": "Android 시스템", "usage": 0},
				{"appName": "카메라", "usage": 0},
				{"appName": "Wi-Fi", "usage": 0},
				{"appName": "Dropbox", "usage": 0},
				{"appName": "Shutdown Monitor", "usage": 0},
				{"appName": "Google Play 스토어", "usage": 0},
				{"appName": "Microsoft Band", "usage": 0},
				{"appName": "잠금화면 설정", "usage": 0},
				{"appName": "네트워크", "usage": 0},
				{"appName": "패키지 설치 프로그램", "usage": 0},
				{"appName": "통화 관리", "usage": 0},
				{"appName": "The Day Before", "usage": 0}
			]
		},
		"pickups": {"usage": 149},
		"downTime": {
			"usage": [
				{"hour": "0", "usage": 0},
				{"hour": "1", "usage": 1},
				{"hour": "2", "usage": 0},
				{"hour": "3", "usage": 20},
				{"hour": "4", "usage": 2},
				{"hour": "5", "usage": 34},
				{"hour": "6", "usage": 38},
				{"hour": "7", "usage": 29},
				{"hour": "8", "usage": 18},
				{"hour": "9", "usage": 11},
				{"hour": "10", "usage": 2},
				{"hour": "11", "usage": 0},
				{"hour": "12", "usage": 4},
				{"hour": "13", "usage": 2},
				{"hour": "14", "usage": 0},
				{"hour": "15", "usage": 0},
				{"hour": "16", "usage": 2},
				{"hour": "17", "usage": 0},
				{"hour": "19", "usage": 0},
				{"hour": "20", "usage": 9},
				{"hour": "22", "usage": 0}
			],
			"details": [
				{"appName": "캐시워크", "usage": [0, 1, 2, 3, 4, 5, 6, 7, 8, 9, 10, 11, 12, 13, 14, 15, 16, 17, 18, 19, 20, 22]},
				{"appName": "기본홈", "usage": [0, 3, 4, 5, 6, 7, 8, 9, 10, 11, 12, 13, 17, 18, 19, 20]},
				{"appName": "카카오톡", "usage": [3, 4, 5, 6, 7, 8, 9, 10, 12, 13, 16, 17, 18, 20]},
				{"appName": "시스템 UI", "usage": [0, 3, 4, 5, 6, 7, 8, 9, 10, 11, 12, 20]},
				{"appName": "Paco", "usage": [3, 4, 5, 6, 7, 8, 9, 10, 11, 12]},
				{"appName": "접근성", "usage": [3, 4, 5, 6, 9, 10, 13]},
				{"appName": "Logger", "usage": [3, 4, 5, 6, 9, 10, 13]},
				{"appName": "Facebook", "usage": [0, 3, 5, 6, 7, 8, 20]},
				{"appName": "패키지 설치 프로그램", "usage": [3, 4, 6, 9, 10, 13]},
				{"appName": "캘린더", "usage": [3, 5, 6, 9, 10]},
				{"appName": "Polar Beat", "usage": [3, 4, 5, 6, 13]},
				{"appName": "Google Play 스토어", "usage": [0, 6, 19, 20]},
				{"appName": "원터치알림", "usage": [5, 9, 20]},
				{"appName": "메시지", "usage": [5, 9, 12]},
				{"appName": "Wi-Fi", "usage": [8, 19, 20]},
				{"appName": "Chrome", "usage": [6, 7, 8]},
				{"appName": "설정", "usage": [5, 6]},
				{"appName": "고음질 녹음", "usage": [7, 8]},
				{"appName": "T전화", "usage": [1, 6]},
				{"appName": "ABC Logger", "usage": [5, 6]},
				{"appName": "파일 관리자", "usage": [6]},
				{"appName": "통화 관리", "usage": [6]},
				{"appName": "카메라", "usage": [8]},
				{"appName": "잠금화면 설정", "usage": [6]},
				{"appName": "우리카드", "usage": [20]},
				{"appName": "네트워크", "usage": [6]},
				{"appName": "The Day Before", "usage": [6]},
				{"appName": "Shutdown Monitor", "usage": [6]},
				{"appName": "Microsoft Band", "usage": [5]},
				{"appName": "KAIST Portal", "usage": [8]},
				{"appName": "Dropbox", "usage": [6]},
				{"appName": "Bluetooth", "usage": [6]},
				{"appName": "Android 시스템", "usage": [6]}
			]
		},
		"maxTime": {
			"usage": 20,
			"details": [
				{"appName": "카카오톡", "usage": 11},
				{"appName": "T전화", "usage": 5},
				{"appName": "Facebook", "usage": 5},
				{"appName": "고음질 녹음", "usage": 3},
				{"appName": "기본홈", "usage": 2},
				{"appName": "캐시워크", "usage": 1},
				{"appName": "파일 관리자", "usage": 1},
				{"appName": "Chrome", "usage": 1},
				{"appName": "접근성", "usage": 1},
				{"appName": "ABC Logger", "usage": 1},
				{"appName": "Bluetooth", "usage": 0},
				{"appName": "캘린더", "usage": 0},
				{"appName": "Paco", "usage": 0},
				{"appName": "설정", "usage": 0},
				{"appName": "Polar Beat", "usage": 0},
				{"appName": "메시지", "usage": 0},
				{"appName": "KAIST Portal", "usage": 0},
				{"appName": "원터치알림", "usage": 0},
				{"appName": "Android 시스템", "usage": 0},
				{"appName": "카메라", "usage": 0},
				{"appName": "Wi-Fi", "usage": 0},
				{"appName": "Logger", "usage": 0},
				{"appName": "Dropbox", "usage": 0},
				{"appName": "Shutdown Monitor", "usage": 0},
				{"appName": "우리카드", "usage": 0},
				{"appName": "잠금화면 설정", "usage": 0},
				{"appName": "시스템 UI", "usage": 0},
				{"appName": "Microsoft Band", "usage": 0},
				{"appName": "Google Play 스토어", "usage": 0},
				{"appName": "네트워크", "usage": 0},
				{"appName": "패키지 설치 프로그램", "usage": 0},
				{"appName": "통화 관리", "usage": 0},
				{"appName": "The Day Before", "usage": 0}
			]
		},
		"avgTime": {
			"usage": 1,
			"details": [
				{"appName": "T전화", "usage": 0},
				{"appName": "Facebook", "usage": 0},
				{"appName": "Bluetooth", "usage": 0},
				{"appName": "고음질 녹음", "usage": 0},
				{"appName": "접근성", "usage": 0},
				{"appName": "카메라", "usage": 0},
				{"appName": "파일 관리자", "usage": 0},
				{"appName": "Chrome", "usage": 0},
				{"appName": "ABC Logger", "usage": 0},
				{"appName": "Android 시스템", "usage": 0},
				{"appName": "Dropbox", "usage": 0},
				{"appName": "Shutdown Monitor", "usage": 0},
				{"appName": "Paco", "usage": 0},
				{"appName": "카카오톡", "usage": 0},
				{"appName": "KAIST Portal", "usage": 0},
				{"appName": "원터치알림", "usage": 0},
				{"appName": "캘린더", "usage": 0},
				{"appName": "메시지", "usage": 0},
				{"appName": "잠금화면 설정", "usage": 0},
				{"appName": "설정", "usage": 0},
				{"appName": "Wi-Fi", "usage": 0},
				{"appName": "기본홈", "usage": 0},
				{"appName": "우리카드", "usage": 0},
				{"appName": "Polar Beat", "usage": 0},
				{"appName": "Microsoft Band", "usage": 0},
				{"appName": "캐시워크", "usage": 0},
				{"appName": "Google Play 스토어", "usage": 0},
				{"appName": "Logger", "usage": 0},
				{"appName": "시스템 UI", "usage": 0},
				{"appName": "네트워크", "usage": 0},
				{"appName": "패키지 설치 프로그램", "usage": 0},
				{"appName": "통화 관리", "usage": 0},
				{"appName": "The Day Before", "usage": 0}
			]
		},
		"lastPickup": {"time": 0}
	},
	{
		"date": 4,
		"totalTime": {
			"usage": 176,
			"details": [
				{"appName": "카카오톡", "usage": 78},
				{"appName": "Facebook", "usage": 35},
				{"appName": "드라이브", "usage": 25},
				{"appName": "캐시워크", "usage": 7},
				{"appName": "기본홈", "usage": 6},
				{"appName": "Paco", "usage": 4},
				{"appName": "Polar Beat", "usage": 4},
				{"appName": "Puffin", "usage": 1},
				{"appName": "T전화", "usage": 1},
				{"appName": "Chrome", "usage": 1},
				{"appName": "접근성", "usage": 1},
				{"appName": "메시지", "usage": 1},
				{"appName": "Logger", "usage": 0},
				{"appName": "원터치개인", "usage": 0},
				{"appName": "캘린더", "usage": 0},
				{"appName": "알람/시계", "usage": 0},
				{"appName": "원터치알림", "usage": 0},
				{"appName": "파일 관리자", "usage": 0},
				{"appName": "시스템 UI", "usage": 0},
				{"appName": "Google Play 스토어", "usage": 0},
				{"appName": "KAIST Portal", "usage": 0},
				{"appName": "Google Play 서비스", "usage": 0},
				{"appName": "Android 시스템", "usage": 0},
				{"appName": "패키지 설치 프로그램", "usage": 0}
			]
		},
		"pickups": {"usage": 111},
		"downTime": {
			"usage": [
				{"hour": "0", "usage": 2},
				{"hour": "1", "usage": 52},
				{"hour": "2", "usage": 39},
				{"hour": "3", "usage": 2},
				{"hour": "4", "usage": 9},
				{"hour": "5", "usage": 19},
				{"hour": "6", "usage": 5},
				{"hour": "7", "usage": 2},
				{"hour": "8", "usage": 1},
				{"hour": "9", "usage": 1},
				{"hour": "10", "usage": 1},
				{"hour": "11", "usage": 0},
				{"hour": "12", "usage": 2},
				{"hour": "13", "usage": 5},
				{"hour": "14", "usage": 28},
				{"hour": "15", "usage": 0},
				{"hour": "19", "usage": 0},
				{"hour": "20", "usage": 2}
			],
			"details": [
				{"appName": "캐시워크", "usage": [0, 1, 2, 3, 4, 5, 6, 7, 8, 9, 10, 11, 12, 13, 14, 15, 19, 20]},
				{"appName": "카카오톡", "usage": [0, 1, 2, 3, 4, 5, 6, 7, 8, 9, 10, 12, 13, 14, 15, 19, 20]},
				{"appName": "기본홈", "usage": [0, 1, 2, 3, 4, 5, 7, 8, 9, 11, 12, 13, 14, 15, 19, 20]},
				{"appName": "Paco", "usage": [2, 3, 4, 5, 6, 7, 9, 11, 12, 13]},
				{"appName": "시스템 UI", "usage": [0, 1, 2, 3, 4, 5, 9, 14, 20]},
				{"appName": "Facebook", "usage": [1, 2, 4, 5, 13, 14, 20]},
				{"appName": "접근성", "usage": [1, 7, 8, 9, 13]},
				{"appName": "Logger", "usage": [1, 7, 8, 9, 13]},
				{"appName": "패키지 설치 프로그램", "usage": [1, 7, 8, 13]},
				{"appName": "Polar Beat", "usage": [1, 4, 5, 13]},
				{"appName": "캘린더", "usage": [3, 5, 14]},
				{"appName": "원터치알림", "usage": [2, 5]},
				{"appName": "T전화", "usage": [2, 14]},
				{"appName": "Chrome", "usage": [4, 5]},
				{"appName": "파일 관리자", "usage": [0]},
				{"appName": "원터치개인", "usage": [2]},
				{"appName": "알람/시계", "usage": [20]},
				{"appName": "메시지", "usage": [2]},
				{"appName": "드라이브", "usage": [1]},
				{"appName": "Puffin", "usage": [4]},
				{"appName": "KAIST Portal", "usage": [2]},
				{"appName": "Google Play 스토어", "usage": [4]},
				{"appName": "Google Play 서비스", "usage": [5]},
				{"appName": "Android 시스템", "usage": [1]}
			]
		},
		"maxTime": {
			"usage": 44,
			"details": [
				{"appName": "드라이브", "usage": 25},
				{"appName": "카카오톡", "usage": 16},
				{"appName": "Facebook", "usage": 6},
				{"appName": "Puffin", "usage": 1},
				{"appName": "Polar Beat", "usage": 1},
				{"appName": "Chrome", "usage": 1},
				{"appName": "T전화", "usage": 0},
				{"appName": "Logger", "usage": 0},
				{"appName": "Paco", "usage": 0},
				{"appName": "메시지", "usage": 0},
				{"appName": "기본홈", "usage": 0},
				{"appName": "접근성", "usage": 0},
				{"appName": "원터치개인", "usage": 0},
				{"appName": "캐시워크", "usage": 0},
				{"appName": "파일 관리자", "usage": 0},
				{"appName": "알람/시계", "usage": 0},
				{"appName": "캘린더", "usage": 0},
				{"appName": "원터치알림", "usage": 0},
				{"appName": "Google Play 스토어", "usage": 0},
				{"appName": "시스템 UI", "usage": 0},
				{"appName": "Google Play 서비스", "usage": 0},
				{"appName": "KAIST Portal", "usage": 0},
				{"appName": "Android 시스템", "usage": 0},
				{"appName": "패키지 설치 프로그램", "usage": 0}
			]
		},
		"avgTime": {
			"usage": 1,
			"details": [
				{"appName": "드라이브", "usage": 12},
				{"appName": "Puffin", "usage": 1},
				{"appName": "Facebook", "usage": 0},
				{"appName": "T전화", "usage": 0},
				{"appName": "접근성", "usage": 0},
				{"appName": "Polar Beat", "usage": 0},
				{"appName": "Chrome", "usage": 0},
				{"appName": "카카오톡", "usage": 0},
				{"appName": "파일 관리자", "usage": 0},
				{"appName": "알람/시계", "usage": 0},
				{"appName": "Paco", "usage": 0},
				{"appName": "Google Play 스토어", "usage": 0},
				{"appName": "메시지", "usage": 0},
				{"appName": "Logger", "usage": 0},
				{"appName": "기본홈", "usage": 0},
				{"appName": "캘린더", "usage": 0},
				{"appName": "Google Play 서비스", "usage": 0},
				{"appName": "캐시워크", "usage": 0},
				{"appName": "Android 시스템", "usage": 0},
				{"appName": "원터치알림", "usage": 0},
				{"appName": "원터치개인", "usage": 0},
				{"appName": "KAIST Portal", "usage": 0},
				{"appName": "시스템 UI", "usage": 0},
				{"appName": "패키지 설치 프로그램", "usage": 0}
			]
		},
		"lastPickup": {"time": 1}
	},
	{
		"date": 5,
		"totalTime": {
			"usage": 552,
			"details": [
				{"appName": "Facebook", "usage": 500},
				{"appName": "카카오톡", "usage": 29},
				{"appName": "캐시워크", "usage": 6},
				{"appName": "Paco", "usage": 2},
				{"appName": "Polar Beat", "usage": 2},
				{"appName": "고음질 녹음", "usage": 2},
				{"appName": "기본홈", "usage": 2},
				{"appName": "쿠팡", "usage": 1},
				{"appName": "Chrome", "usage": 1},
				{"appName": "접근성", "usage": 0},
				{"appName": "캘린더", "usage": 0},
				{"appName": "시스템 UI", "usage": 0},
				{"appName": "Logger", "usage": 0},
				{"appName": "메시지", "usage": 0},
				{"appName": "Wi-Fi", "usage": 0},
				{"appName": "알람/시계", "usage": 0},
				{"appName": "LG 키보드", "usage": 0},
				{"appName": "Google", "usage": 0},
				{"appName": "패키지 설치 프로그램", "usage": 0}
			]
		},
		"pickups": {"usage": 49},
		"downTime": {
			"usage": [
				{"hour": "0", "usage": 0},
				{"hour": "2", "usage": 0},
				{"hour": "3", "usage": 1},
				{"hour": "4", "usage": 33},
				{"hour": "5", "usage": 32},
				{"hour": "6", "usage": 38},
				{"hour": "8", "usage": 0},
				{"hour": "10", "usage": 29},
				{"hour": "11", "usage": 9},
				{"hour": "12", "usage": 60},
				{"hour": "13", "usage": 60},
				{"hour": "14", "usage": 60},
				{"hour": "15", "usage": 43},
				{"hour": "16", "usage": 0},
				{"hour": "19", "usage": 57},
				{"hour": "20", "usage": 60},
				{"hour": "21", "usage": 60},
				{"hour": "22", "usage": 4}
			],
			"details": [
				{"appName": "Facebook", "usage": [0, 4, 5, 6, 10, 11, 12, 13, 14, 15, 19, 20, 21, 22]},
				{"appName": "캐시워크", "usage": [0, 2, 3, 4, 5, 6, 8, 10, 11, 15, 16, 19, 22]},
				{"appName": "기본홈", "usage": [0, 4, 5, 6, 8, 10, 11, 13, 15, 19]},
				{"appName": "카카오톡", "usage": [4, 5, 6, 10, 11, 15, 19]},
				{"appName": "시스템 UI", "usage": [4, 5, 6, 11, 12, 13]},
				{"appName": "Paco", "usage": [4, 5, 6, 10, 12, 13]},
				{"appName": "접근성", "usage": [4, 10, 13]},
				{"appName": "Logger", "usage": [4, 10, 13]},
				{"appName": "패키지 설치 프로그램", "usage": [4, 10]},
				{"appName": "메시지", "usage": [0, 4]},
				{"appName": "고음질 녹음", "usage": [11, 15]},
				{"appName": "Polar Beat", "usage": [4, 13]},
				{"appName": "Chrome", "usage": [5, 10]},
				{"appName": "쿠팡", "usage": [10]},
				{"appName": "캘린더", "usage": [11]},
				{"appName": "알람/시계", "usage": [0]},
				{"appName": "Wi-Fi", "usage": [5]},
				{"appName": "LG 키보드", "usage": [5]},
				{"appName": "Google", "usage": [13]}
			]
		},
		"maxTime": {
			"usage": 227,
			"details": [
				{"appName": "Facebook", "usage": 162},
				{"appName": "카카오톡", "usage": 4},
				{"appName": "쿠팡", "usage": 1},
				{"appName": "캐시워크", "usage": 1},
				{"appName": "Chrome", "usage": 1},
				{"appName": "Polar Beat", "usage": 1},
				{"appName": "고음질 녹음", "usage": 0},
				{"appName": "접근성", "usage": 0},
				{"appName": "Paco", "usage": 0},
				{"appName": "캘린더", "usage": 0},
				{"appName": "기본홈", "usage": 0},
				{"appName": "Logger", "usage": 0},
				{"appName": "Wi-Fi", "usage": 0},
				{"appName": "시스템 UI", "usage": 0},
				{"appName": "알람/시계", "usage": 0},
				{"appName": "메시지", "usage": 0},
				{"appName": "Google", "usage": 0},
				{"appName": "LG 키보드", "usage": 0},
				{"appName": "패키지 설치 프로그램", "usage": 0}
			]
		},
		"avgTime": {
			"usage": 11,
			"details": [
				{"appName": "Facebook", "usage": 11},
				{"appName": "쿠팡", "usage": 0},
				{"appName": "Chrome", "usage": 0},
				{"appName": "Polar Beat", "usage": 0},
				{"appName": "고음질 녹음", "usage": 0},
				{"appName": "접근성", "usage": 0},
				{"appName": "카카오톡", "usage": 0},
				{"appName": "Wi-Fi", "usage": 0},
				{"appName": "Paco", "usage": 0},
				{"appName": "캘린더", "usage": 0},
				{"appName": "기본홈", "usage": 0},
				{"appName": "알람/시계", "usage": 0},
				{"appName": "캐시워크", "usage": 0},
				{"appName": "시스템 UI", "usage": 0},
				{"appName": "Google", "usage": 0},
				{"appName": "Logger", "usage": 0},
				{"appName": "메시지", "usage": 0},
				{"appName": "LG 키보드", "usage": 0},
				{"appName": "패키지 설치 프로그램", "usage": 0}
			]
		},
		"lastPickup": {"time": 181}
	},
	{
		"date": 6,
		"totalTime": {
			"usage": 278,
			"details": [
				{"appName": "Facebook", "usage": 132},
				{"appName": "카카오톡", "usage": 95},
				{"appName": "캐시워크", "usage": 14},
				{"appName": "Chrome", "usage": 12},
				{"appName": "Paco", "usage": 6},
				{"appName": "기본홈", "usage": 4},
				{"appName": "Polar Beat", "usage": 2},
				{"appName": "카메라", "usage": 1},
				{"appName": "캘린더", "usage": 1},
				{"appName": "접근성", "usage": 0},
				{"appName": "Logger", "usage": 0},
				{"appName": "시스템 UI", "usage": 0},
				{"appName": "Instagram", "usage": 0},
				{"appName": "Shutdown Monitor", "usage": 0},
				{"appName": "Android 시스템", "usage": 0},
				{"appName": "T 안심", "usage": 0},
				{"appName": "네트워크", "usage": 0},
				{"appName": "패키지 설치 프로그램", "usage": 0},
				{"appName": "설정", "usage": 0},
				{"appName": "The Day Before", "usage": 0},
				{"appName": "원터치알림", "usage": 0}
			]
		},
		"pickups": {"usage": 120},
		"downTime": {
			"usage": [
				{"hour": "3", "usage": 3},
				{"hour": "4", "usage": 50},
				{"hour": "5", "usage": 52},
				{"hour": "6", "usage": 41},
				{"hour": "7", "usage": 39},
				{"hour": "8", "usage": 21},
				{"hour": "9", "usage": 6},
				{"hour": "10", "usage": 7},
				{"hour": "11", "usage": 4},
				{"hour": "12", "usage": 2},
				{"hour": "13", "usage": 10},
				{"hour": "14", "usage": 16},
				{"hour": "15", "usage": 3},
				{"hour": "16", "usage": 17},
				{"hour": "19", "usage": 0},
				{"hour": "23", "usage": 0}
			],
			"details": [
				{"appName": "캐시워크", "usage": [3, 4, 5, 6, 7, 8, 9, 10, 11, 12, 13, 14, 15, 16, 18, 19, 23]},
				{"appName": "카카오톡", "usage": [3, 4, 5, 6, 7, 8, 9, 10, 11, 12, 13, 14, 15, 16, 23]},
				{"appName": "기본홈", "usage": [3, 4, 5, 6, 7, 8, 9, 10, 11, 12, 13, 14, 15, 16]},
				{"appName": "Paco", "usage": [3, 4, 5, 6, 7, 8, 9, 10, 11, 12, 13, 14]},
				{"appName": "시스템 UI", "usage": [3, 4, 5, 6, 7, 8, 11, 12, 13, 16]},
				{"appName": "Facebook", "usage": [3, 4, 5, 6, 7, 10, 13]},
				{"appName": "패키지 설치 프로그램", "usage": [3, 5, 6, 14]},
				{"appName": "접근성", "usage": [3, 5, 6, 14]},
				{"appName": "Polar Beat", "usage": [3, 5, 6, 14]},
				{"appName": "Logger", "usage": [3, 5, 6, 14]},
				{"appName": "Chrome", "usage": [4, 8, 9, 16]},
				{"appName": "캘린더", "usage": [6, 7]},
				{"appName": "카메라", "usage": [13, 16]},
				{"appName": "T 안심", "usage": [18, 23]},
				{"appName": "원터치알림", "usage": [8]},
				{"appName": "설정", "usage": [14]},
				{"appName": "네트워크", "usage": [14]},
				{"appName": "The Day Before", "usage": [14]},
				{"appName": "Shutdown Monitor", "usage": [14]},
				{"appName": "Instagram", "usage": [13]},
				{"appName": "Android 시스템", "usage": [16]}
			]
		},
		"maxTime": {
			"usage": 88,
			"details": [
				{"appName": "Facebook", "usage": 41},
				{"appName": "Chrome", "usage": 10},
				{"appName": "캐시워크", "usage": 5},
				{"appName": "카카오톡", "usage": 3},
				{"appName": "Polar Beat", "usage": 1},
				{"appName": "Paco", "usage": 0},
				{"appName": "카메라", "usage": 0},
				{"appName": "캘린더", "usage": 0},
				{"appName": "접근성", "usage": 0},
				{"appName": "Instagram", "usage": 0},
				{"appName": "기본홈", "usage": 0},
				{"appName": "Logger", "usage": 0},
				{"appName": "Shutdown Monitor", "usage": 0},
				{"appName": "T 안심", "usage": 0},
				{"appName": "시스템 UI", "usage": 0},
				{"appName": "Android 시스템", "usage": 0},
				{"appName": "네트워크", "usage": 0},
				{"appName": "패키지 설치 프로그램", "usage": 0},
				{"appName": "설정", "usage": 0},
				{"appName": "The Day Before", "usage": 0},
				{"appName": "원터치알림", "usage": 0}
			]
		},
		"avgTime": {
			"usage": 2,
			"details": [
				{"appName": "Facebook", "usage": 2},
				{"appName": "Chrome", "usage": 0},
				{"appName": "카메라", "usage": 0},
				{"appName": "Instagram", "usage": 0},
				{"appName": "Polar Beat", "usage": 0},
				{"appName": "카카오톡", "usage": 0},
				{"appName": "접근성", "usage": 0},
				{"appName": "Paco", "usage": 0},
				{"appName": "캘린더", "usage": 0},
				{"appName": "Shutdown Monitor", "usage": 0},
				{"appName": "T 안심", "usage": 0},
				{"appName": "Android 시스템", "usage": 0},
				{"appName": "캐시워크", "usage": 0},
				{"appName": "기본홈", "usage": 0},
				{"appName": "Logger", "usage": 0},
				{"appName": "시스템 UI", "usage": 0},
				{"appName": "네트워크", "usage": 0},
				{"appName": "패키지 설치 프로그램", "usage": 0},
				{"appName": "설정", "usage": 0},
				{"appName": "The Day Before", "usage": 0},
				{"appName": "원터치알림", "usage": 0}
			]
		},
		"lastPickup": {"time": 0}
	},
	{
		"date": 7,
		"totalTime": {
			"usage": 232,
			"details": [
				{"appName": "Facebook", "usage": 114},
				{"appName": "카카오톡", "usage": 59},
				{"appName": "캐시워크", "usage": 16},
				{"appName": "T전화", "usage": 10},
				{"appName": "기본홈", "usage": 8},
				{"appName": "YouTube", "usage": 3},
				{"appName": "Paco", "usage": 3},
				{"appName": "Chrome", "usage": 2},
				{"appName": "접근성", "usage": 1},
				{"appName": "문서", "usage": 1},
				{"appName": "Polar Beat", "usage": 1},
				{"appName": "네이버 지도", "usage": 0},
				{"appName": "지도", "usage": 0},
				{"appName": "Instagram", "usage": 0},
				{"appName": "메시지", "usage": 0},
				{"appName": "캘린더", "usage": 0},
				{"appName": "시스템 UI", "usage": 0},
				{"appName": "Logger", "usage": 0},
				{"appName": "드라이브", "usage": 0},
				{"appName": "카메라", "usage": 0},
				{"appName": "Vivino", "usage": 0},
				{"appName": "Android 시스템", "usage": 0},
				{"appName": "Google Play 스토어", "usage": 0},
				{"appName": "원터치알림", "usage": 0},
				{"appName": "Wi-Fi", "usage": 0},
				{"appName": "T 안심", "usage": 0},
				{"appName": "패키지 설치 프로그램", "usage": 0},
				{"appName": "통화 관리", "usage": 0}
			]
		},
		"pickups": {"usage": 163},
		"downTime": {
			"usage": [
				{"hour": "0", "usage": 0},
				{"hour": "2", "usage": 2},
				{"hour": "3", "usage": 16},
				{"hour": "4", "usage": 0},
				{"hour": "5", "usage": 6},
				{"hour": "6", "usage": 56},
				{"hour": "7", "usage": 24},
				{"hour": "8", "usage": 5},
				{"hour": "9", "usage": 12},
				{"hour": "10", "usage": 23},
				{"hour": "11", "usage": 11},
				{"hour": "12", "usage": 7},
				{"hour": "13", "usage": 7},
				{"hour": "14", "usage": 17},
				{"hour": "15", "usage": 0},
				{"hour": "16", "usage": 0},
				{"hour": "17", "usage": 29},
				{"hour": "18", "usage": 8},
				{"hour": "21", "usage": 0},
				{"hour": "23", "usage": 0}
			],
			"details": [
				{"appName": "캐시워크", "usage": [0, 2, 3, 4, 5, 6, 7, 8, 9, 10, 11, 12, 13, 14, 15, 16, 17, 18, 21]},
				{"appName": "카카오톡", "usage": [2, 3, 4, 5, 6, 7, 8, 9, 10, 11, 12, 13, 14, 17, 18]},
				{"appName": "기본홈", "usage": [3, 4, 5, 6, 7, 8, 9, 10, 11, 12, 13, 14, 17, 18]},
				{"appName": "Facebook", "usage": [3, 5, 6, 7, 8, 9, 10, 11, 12, 17, 18, 21]},
				{"appName": "시스템 UI", "usage": [3, 4, 6, 7, 9, 10, 11, 12, 13]},
				{"appName": "Paco", "usage": [4, 6, 7, 9, 11, 12, 13]},
				{"appName": "패키지 설치 프로그램", "usage": [3, 6, 11, 13]},
				{"appName": "Logger", "usage": [3, 6, 11, 13]},
				{"appName": "Chrome", "usage": [3, 9, 10, 11]},
				{"appName": "접근성", "usage": [3, 6, 11]},
				{"appName": "문서", "usage": [12, 13]},
				{"appName": "Wi-Fi", "usage": [3, 14]},
				{"appName": "T전화", "usage": [14, 17]},
				{"appName": "Polar Beat", "usage": [3, 13]},
				{"appName": "Instagram", "usage": [3, 5]},
				{"appName": "통화 관리", "usage": [14]},
				{"appName": "캘린더", "usage": [6]},
				{"appName": "카메라", "usage": [17]},
				{"appName": "지도", "usage": [11]},
				{"appName": "원터치알림", "usage": [10]},
				{"appName": "메시지", "usage": [14]},
				{"appName": "드라이브", "usage": [12]},
				{"appName": "네이버 지도", "usage": [3]},
				{"appName": "YouTube", "usage": [18]},
				{"appName": "Vivino", "usage": [9]},
				{"appName": "T 안심", "usage": [3]},
				{"appName": "Google Play 스토어", "usage": [18]},
				{"appName": "Android 시스템", "usage": [17]}
			]
		},
		"maxTime": {
			"usage": 56,
			"details": [
				{"appName": "Facebook", "usage": 14},
				{"appName": "T전화", "usage": 9},
				{"appName": "YouTube", "usage": 3},
				{"appName": "카카오톡", "usage": 2},
				{"appName": "기본홈", "usage": 1},
				{"appName": "캐시워크", "usage": 1},
				{"appName": "Chrome", "usage": 1},
				{"appName": "문서", "usage": 1},
				{"appName": "접근성", "usage": 1},
				{"appName": "네이버 지도", "usage": 0},
				{"appName": "Polar Beat", "usage": 0},
				{"appName": "지도", "usage": 0},
				{"appName": "메시지", "usage": 0},
				{"appName": "Paco", "usage": 0},
				{"appName": "캘린더", "usage": 0},
				{"appName": "드라이브", "usage": 0},
				{"appName": "카메라", "usage": 0},
				{"appName": "Instagram", "usage": 0},
				{"appName": "Logger", "usage": 0},
				{"appName": "Android 시스템", "usage": 0},
				{"appName": "Vivino", "usage": 0},
				{"appName": "Google Play 스토어", "usage": 0},
				{"appName": "시스템 UI", "usage": 0},
				{"appName": "Wi-Fi", "usage": 0},
				{"appName": "원터치알림", "usage": 0},
				{"appName": "T 안심", "usage": 0},
				{"appName": "패키지 설치 프로그램", "usage": 0},
				{"appName": "통화 관리", "usage": 0}
			]
		},
		"avgTime": {
			"usage": 1,
			"details": [
				{"appName": "YouTube", "usage": 1},
				{"appName": "T전화", "usage": 1},
				{"appName": "Facebook", "usage": 1},
				{"appName": "지도", "usage": 0},
				{"appName": "문서", "usage": 0},
				{"appName": "Chrome", "usage": 0},
				{"appName": "네이버 지도", "usage": 0},
				{"appName": "접근성", "usage": 0},
				{"appName": "카메라", "usage": 0},
				{"appName": "캘린더", "usage": 0},
				{"appName": "Instagram", "usage": 0},
				{"appName": "메시지", "usage": 0},
				{"appName": "Android 시스템", "usage": 0},
				{"appName": "Polar Beat", "usage": 0},
				{"appName": "Paco", "usage": 0},
				{"appName": "드라이브", "usage": 0},
				{"appName": "Vivino", "usage": 0},
				{"appName": "카카오톡", "usage": 0},
				{"appName": "Google Play 스토어", "usage": 0},
				{"appName": "기본홈", "usage": 0},
				{"appName": "캐시워크", "usage": 0},
				{"appName": "Logger", "usage": 0},
				{"appName": "시스템 UI", "usage": 0},
				{"appName": "T 안심", "usage": 0},
				{"appName": "원터치알림", "usage": 0},
				{"appName": "Wi-Fi", "usage": 0},
				{"appName": "패키지 설치 프로그램", "usage": 0},
				{"appName": "통화 관리", "usage": 0}
			]
		},
		"lastPickup": {"time": 0}
	}
]
