[
	{
		"date": 1,
		"totalTime": {
			"usage": 861,
			"details": [
				{"appName": "Facebook", "usage": 251},
				{"appName": "카카오톡", "usage": 203},
				{"appName": "Samsung Experience 홈", "usage": 83},
				{"appName": "전화", "usage": 51},
				{"appName": "YouTube", "usage": 48},
				{"appName": "한컴오피스 viewer", "usage": 29},
				{"appName": "배달의민족", "usage": 26},
				{"appName": "번역", "usage": 23},
				{"appName": "메시지", "usage": 22},
				{"appName": "Polar Beat", "usage": 20},
				{"appName": "Paco", "usage": 16},
				{"appName": "시계", "usage": 13},
				{"appName": "삼성 인터넷", "usage": 13},
				{"appName": "Chrome", "usage": 8},
				{"appName": "Messenger", "usage": 8},
				{"appName": "KLMS", "usage": 7},
				{"appName": "코레일톡", "usage": 7},
				{"appName": "NAVER", "usage": 6},
				{"appName": "Samsung Pay", "usage": 5},
				{"appName": "카메라", "usage": 5},
				{"appName": "모바일 티머니", "usage": 5},
				{"appName": "네이버 지도", "usage": 5},
				{"appName": "설정", "usage": 4},
				{"appName": "갤러리", "usage": 4},
				{"appName": "Foodie", "usage": 4},
				{"appName": "비디오 에디터", "usage": 4},
				{"appName": "Excel", "usage": 4},
				{"appName": "키작은남자", "usage": 3},
				{"appName": "Google", "usage": 3},
				{"appName": "위메프", "usage": 2},
				{"appName": "비디오 플레이어", "usage": 2},
				{"appName": "Melon", "usage": 1},
				{"appName": "연락처", "usage": 1},
				{"appName": "Logger", "usage": 1},
				{"appName": "네이버 웹툰", "usage": 1},
				{"appName": "Samsung Health", "usage": 1},
				{"appName": "People edge", "usage": 1},
				{"appName": "KAIST Portal", "usage": 1},
				{"appName": "토스", "usage": 1},
				{"appName": "Galaxy Themes", "usage": 1},
				{"appName": "배달요기요", "usage": 0},
				{"appName": "ABC Logger", "usage": 0},
				{"appName": "알파카", "usage": 0},
				{"appName": "음성 녹음", "usage": 0},
				{"appName": "내 파일", "usage": 0},
				{"appName": "Word", "usage": 0},
				{"appName": "Dropsync", "usage": 0},
				{"appName": "Edge screen", "usage": 0},
				{"appName": "Google Play 스토어", "usage": 0},
				{"appName": "에브리타임", "usage": 0},
				{"appName": "캘린더", "usage": 0},
				{"appName": "Microsoft Health", "usage": 0},
				{"appName": "안드로이드 시스템", "usage": 0},
				{"appName": "Settings Suggestions", "usage": 0},
				{"appName": "빅스비 보이스", "usage": 0},
				{"appName": "날씨", "usage": 0},
				{"appName": "접근성", "usage": 0},
				{"appName": "Google Play 서비스", "usage": 0},
				{"appName": "파인더", "usage": 0},
				{"appName": "Samsung Members", "usage": 0},
				{"appName": "빅스비 비전", "usage": 0},
				{"appName": "Apps edge", "usage": 0},
				{"appName": "패키지 설치 프로그램", "usage": 0},
				{"appName": "삼성 캡처", "usage": 0},
				{"appName": "KT 패밀리박스", "usage": 0},
				{"appName": "SNOW", "usage": 0},
				{"appName": "한국장학재단", "usage": 0},
				{"appName": "SSG.COM", "usage": 0}
			]
		},
		"pickups": {"usage": 94},
		"downTime": {
			"usage": [
				{"hour": "2", "usage": 0},
				{"hour": "3", "usage": 1},
				{"hour": "4", "usage": 2},
				{"hour": "5", "usage": 21},
				{"hour": "6", "usage": 33},
				{"hour": "7", "usage": 35},
				{"hour": "8", "usage": 14},
				{"hour": "9", "usage": 6},
				{"hour": "10", "usage": 22},
				{"hour": "11", "usage": 58},
				{"hour": "12", "usage": 33},
				{"hour": "13", "usage": 33},
				{"hour": "14", "usage": 2}
			],
			"details": [
				{"appName": "Samsung Experience 홈", "usage": [0, 1, 2, 3, 4, 5, 6, 7, 8, 9, 10, 11, 12, 13, 14, 15, 16, 17]},
				{"appName": "카카오톡", "usage": [0, 1, 2, 4, 5, 6, 7, 9, 10, 11, 12, 13, 14, 15, 16]},
				{"appName": "Facebook", "usage": [4, 5, 6, 7, 8, 9, 10, 11, 12, 13, 14, 15, 16]},
				{"appName": "전화", "usage": [0, 4, 5, 9, 10, 11, 12, 13, 14]},
				{"appName": "Paco", "usage": [5, 6, 7, 8, 10, 12, 14, 15, 16]},
				{"appName": "설정", "usage": [2, 4, 11, 12, 13, 14]},
				{"appName": "삼성 인터넷", "usage": [5, 10, 11, 14, 16]},
				{"appName": "메시지", "usage": [5, 9, 10, 12, 13]},
				{"appName": "Polar Beat", "usage": [4, 10, 11, 12, 16]},
				{"appName": "패키지 설치 프로그램", "usage": [2, 4, 11, 12]},
				{"appName": "코레일톡", "usage": [5, 7, 9, 12]},
				{"appName": "갤러리", "usage": [1, 6, 9, 11]},
				{"appName": "Logger", "usage": [2, 4, 11, 12]},
				{"appName": "카메라", "usage": [1, 9, 14]},
				{"appName": "시계", "usage": [0, 3, 4]},
				{"appName": "YouTube", "usage": [12, 16, 17]},
				{"appName": "Samsung Pay", "usage": [1, 11, 12]},
				{"appName": "Google", "usage": [5, 11, 14]},
				{"appName": "안드로이드 시스템", "usage": [1, 9]},
				{"appName": "비디오 플레이어", "usage": [16, 17]},
				{"appName": "번역", "usage": [2, 5]},
				{"appName": "모바일 티머니", "usage": [11, 12]},
				{"appName": "네이버 지도", "usage": [11, 12]},
				{"appName": "내 파일", "usage": [12, 14]},
				{"appName": "Samsung Health", "usage": [1, 7]},
				{"appName": "People edge", "usage": [12, 17]},
				{"appName": "Messenger", "usage": [8, 11]},
				{"appName": "Melon", "usage": [7, 8]},
				{"appName": "Google Play 서비스", "usage": [5, 14]},
				{"appName": "Edge screen", "usage": [12, 13]},
				{"appName": "한컴오피스 viewer", "usage": [12]},
				{"appName": "한국장학재단", "usage": [8]},
				{"appName": "파인더", "usage": [13]},
				{"appName": "토스", "usage": [15]},
				{"appName": "키작은남자", "usage": [10]},
				{"appName": "캘린더", "usage": [5]},
				{"appName": "접근성", "usage": [4]},
				{"appName": "음성 녹음", "usage": [17]},
				{"appName": "위메프", "usage": [2]},
				{"appName": "연락처", "usage": [17]},
				{"appName": "에브리타임", "usage": [0]},
				{"appName": "알파카", "usage": [1]},
				{"appName": "삼성 캡처", "usage": [15]},
				{"appName": "빅스비 비전", "usage": [1]},
				{"appName": "빅스비 보이스", "usage": [11]},
				{"appName": "비디오 에디터", "usage": [17]},
				{"appName": "배달의민족", "usage": [15]},
				{"appName": "배달요기요", "usage": [9]},
				{"appName": "네이버 웹툰", "usage": [15]},
				{"appName": "날씨", "usage": [2]},
				{"appName": "Word", "usage": [0]},
				{"appName": "Settings Suggestions", "usage": [17]},
				{"appName": "Samsung Members", "usage": [12]},
				{"appName": "SSG.COM", "usage": [3]},
				{"appName": "SNOW", "usage": [9]},
				{"appName": "NAVER", "usage": [11]},
				{"appName": "Microsoft Health", "usage": [1]},
				{"appName": "KT 패밀리박스", "usage": [14]},
				{"appName": "KLMS", "usage": [0]},
				{"appName": "KAIST Portal", "usage": [5]},
				{"appName": "Google Play 스토어", "usage": [11]},
				{"appName": "Galaxy Themes", "usage": [2]},
				{"appName": "Foodie", "usage": [16]},
				{"appName": "Excel", "usage": [14]},
				{"appName": "Dropsync", "usage": [12]},
				{"appName": "Chrome", "usage": [11]},
				{"appName": "Apps edge", "usage": [14]},
				{"appName": "ABC Logger", "usage": [12]}
			]
		},
		"maxTime": {
			"usage": 594,
			"details": [
				{"appName": "Facebook", "usage": 31},
				{"appName": "YouTube", "usage": 18},
				{"appName": "번역", "usage": 11},
				{"appName": "Polar Beat", "usage": 11},
				{"appName": "Samsung Experience 홈", "usage": 10},
				{"appName": "전화", "usage": 10},
				{"appName": "카카오톡", "usage": 10},
				{"appName": "메시지", "usage": 9},
				{"appName": "시계", "usage": 5},
				{"appName": "배달의민족", "usage": 4},
				{"appName": "한컴오피스 viewer", "usage": 4},
				{"appName": "Chrome", "usage": 4},
				{"appName": "키작은남자", "usage": 3},
				{"appName": "Paco", "usage": 3},
				{"appName": "삼성 인터넷", "usage": 3},
				{"appName": "카메라", "usage": 2},
				{"appName": "비디오 에디터", "usage": 1},
				{"appName": "Messenger", "usage": 1},
				{"appName": "비디오 플레이어", "usage": 1},
				{"appName": "설정", "usage": 1},
				{"appName": "갤러리", "usage": 1},
				{"appName": "네이버 웹툰", "usage": 1},
				{"appName": "Foodie", "usage": 1},
				{"appName": "코레일톡", "usage": 1},
				{"appName": "NAVER", "usage": 1},
				{"appName": "네이버 지도", "usage": 1},
				{"appName": "KAIST Portal", "usage": 1},
				{"appName": "Excel", "usage": 0},
				{"appName": "KLMS", "usage": 0},
				{"appName": "Melon", "usage": 0},
				{"appName": "위메프", "usage": 0},
				{"appName": "음성 녹음", "usage": 0},
				{"appName": "배달요기요", "usage": 0},
				{"appName": "Galaxy Themes", "usage": 0},
				{"appName": "Google", "usage": 0},
				{"appName": "Samsung Health", "usage": 0},
				{"appName": "Samsung Pay", "usage": 0},
				{"appName": "Word", "usage": 0},
				{"appName": "연락처", "usage": 0},
				{"appName": "People edge", "usage": 0},
				{"appName": "모바일 티머니", "usage": 0},
				{"appName": "알파카", "usage": 0},
				{"appName": "Logger", "usage": 0},
				{"appName": "에브리타임", "usage": 0},
				{"appName": "Edge screen", "usage": 0},
				{"appName": "ABC Logger", "usage": 0},
				{"appName": "토스", "usage": 0},
				{"appName": "Google Play 스토어", "usage": 0},
				{"appName": "Dropsync", "usage": 0},
				{"appName": "Settings Suggestions", "usage": 0},
				{"appName": "내 파일", "usage": 0},
				{"appName": "Microsoft Health", "usage": 0},
				{"appName": "파인더", "usage": 0},
				{"appName": "날씨", "usage": 0},
				{"appName": "캘린더", "usage": 0},
				{"appName": "Samsung Members", "usage": 0},
				{"appName": "빅스비 비전", "usage": 0},
				{"appName": "Apps edge", "usage": 0},
				{"appName": "Google Play 서비스", "usage": 0},
				{"appName": "빅스비 보이스", "usage": 0},
				{"appName": "안드로이드 시스템", "usage": 0},
				{"appName": "접근성", "usage": 0},
				{"appName": "패키지 설치 프로그램", "usage": 0},
				{"appName": "삼성 캡처", "usage": 0},
				{"appName": "KT 패밀리박스", "usage": 0},
				{"appName": "SNOW", "usage": 0},
				{"appName": "한국장학재단", "usage": 0},
				{"appName": "SSG.COM", "usage": 0}
			]
		},
		"avgTime": {
			"usage": 9,
			"details": [
				{"appName": "키작은남자", "usage": 1},
				{"appName": "비디오 에디터", "usage": 0},
				{"appName": "음성 녹음", "usage": 0},
				{"appName": "번역", "usage": 0},
				{"appName": "Word", "usage": 0},
				{"appName": "Foodie", "usage": 0},
				{"appName": "비디오 플레이어", "usage": 0},
				{"appName": "연락처", "usage": 0},
				{"appName": "NAVER", "usage": 0},
				{"appName": "네이버 웹툰", "usage": 0},
				{"appName": "네이버 지도", "usage": 0},
				{"appName": "위메프", "usage": 0},
				{"appName": "알파카", "usage": 0},
				{"appName": "배달요기요", "usage": 0},
				{"appName": "Samsung Health", "usage": 0},
				{"appName": "People edge", "usage": 0},
				{"appName": "Edge screen", "usage": 0},
				{"appName": "코레일톡", "usage": 0},
				{"appName": "에브리타임", "usage": 0},
				{"appName": "Melon", "usage": 0},
				{"appName": "Galaxy Themes", "usage": 0},
				{"appName": "파인더", "usage": 0},
				{"appName": "토스", "usage": 0},
				{"appName": "Microsoft Health", "usage": 0},
				{"appName": "모바일 티머니", "usage": 0},
				{"appName": "Apps edge", "usage": 0},
				{"appName": "캘린더", "usage": 0},
				{"appName": "Settings Suggestions", "usage": 0},
				{"appName": "빅스비 비전", "usage": 0},
				{"appName": "Samsung Members", "usage": 0},
				{"appName": "카카오톡", "usage": 0},
				{"appName": "삼성 캡처", "usage": 0},
				{"appName": "SNOW", "usage": 0},
				{"appName": "Samsung Experience 홈", "usage": 0},
				{"appName": "Facebook", "usage": 0},
				{"appName": "KT 패밀리박스", "usage": 0},
				{"appName": "Polar Beat", "usage": 0},
				{"appName": "전화", "usage": 0},
				{"appName": "Paco", "usage": 0},
				{"appName": "갤러리", "usage": 0},
				{"appName": "KLMS", "usage": 0},
				{"appName": "배달의민족", "usage": 0},
				{"appName": "설정", "usage": 0},
				{"appName": "메시지", "usage": 0},
				{"appName": "한컴오피스 viewer", "usage": 0},
				{"appName": "ABC Logger", "usage": 0},
				{"appName": "시계", "usage": 0},
				{"appName": "Google Play 스토어", "usage": 0},
				{"appName": "한국장학재단", "usage": 0},
				{"appName": "Logger", "usage": 0},
				{"appName": "삼성 인터넷", "usage": 0},
				{"appName": "패키지 설치 프로그램", "usage": 0},
				{"appName": "Samsung Pay", "usage": 0},
				{"appName": "SSG.COM", "usage": 0},
				{"appName": "Messenger", "usage": 0},
				{"appName": "Google", "usage": 0},
				{"appName": "Excel", "usage": 0},
				{"appName": "Chrome", "usage": 0},
				{"appName": "카메라", "usage": 0},
				{"appName": "내 파일", "usage": 0},
				{"appName": "YouTube", "usage": 0},
				{"appName": "KAIST Portal", "usage": 0},
				{"appName": "Dropsync", "usage": 0},
				{"appName": "접근성", "usage": 0},
				{"appName": "안드로이드 시스템", "usage": 0},
				{"appName": "날씨", "usage": 0},
				{"appName": "빅스비 보이스", "usage": 0},
				{"appName": "Google Play 서비스", "usage": 0}
			]
		},
		"lastPickup": {"time": 594}
	},
	{
		"date": 2,
		"totalTime": {
			"usage": 987,
			"details": [
				{"appName": "카카오톡", "usage": 142},
				{"appName": "YouTube", "usage": 29},
				{"appName": "Facebook", "usage": 28},
				{"appName": "Samsung Experience 홈", "usage": 24},
				{"appName": "코레일톡", "usage": 19},
				{"appName": "Samsung Notes", "usage": 18},
				{"appName": "Messenger", "usage": 10},
				{"appName": "Chrome", "usage": 10},
				{"appName": "시계", "usage": 8},
				{"appName": "NAVER", "usage": 7},
				{"appName": "네이버 웹툰", "usage": 6},
				{"appName": "메시지", "usage": 6},
				{"appName": "알바몬", "usage": 6},
				{"appName": "전화", "usage": 5},
				{"appName": "삼성 인터넷", "usage": 4},
				{"appName": "gStrings", "usage": 3},
				{"appName": "Paco", "usage": 3},
				{"appName": "알파카", "usage": 3},
				{"appName": "Google", "usage": 3},
				{"appName": "토스", "usage": 2},
				{"appName": "뱅크샐러드", "usage": 1},
				{"appName": "Samsung Pay", "usage": 1},
				{"appName": "SNOW", "usage": 1},
				{"appName": "한컴오피스 viewer", "usage": 1},
				{"appName": "Polar Beat", "usage": 1},
				{"appName": "카카오 T", "usage": 0},
				{"appName": "네이버 지도", "usage": 0},
				{"appName": "KAIST Library", "usage": 0},
				{"appName": "KLMS", "usage": 0},
				{"appName": "설정", "usage": 0},
				{"appName": "카메라", "usage": 0},
				{"appName": "에브리타임", "usage": 0},
				{"appName": "LoL 프렌즈", "usage": 0},
				{"appName": "Google Play 스토어", "usage": 0},
				{"appName": "연락처", "usage": 0},
				{"appName": "Logger", "usage": 0},
				{"appName": "접근성", "usage": 0},
				{"appName": "KAIST Portal", "usage": 0},
				{"appName": "Google Play 서비스", "usage": 0},
				{"appName": "갤러리", "usage": 0},
				{"appName": "캘린더", "usage": 0},
				{"appName": "내 파일", "usage": 0},
				{"appName": "콴다 선생님", "usage": 0},
				{"appName": "패키지 설치 프로그램", "usage": 0},
				{"appName": "보안 폴더", "usage": 0},
				{"appName": "신한카드", "usage": 0},
				{"appName": "한국장학재단", "usage": 0},
				{"appName": "SSG.COM", "usage": 0}
			]
		},
		"pickups": {"usage": 320},
		"downTime": {
			"usage": [
				{"hour": "0", "usage": 65},
				{"hour": "1", "usage": 61},
				{"hour": "2", "usage": 59},
				{"hour": "3", "usage": 38},
				{"hour": "4", "usage": 23},
				{"hour": "5", "usage": 93},
				{"hour": "6", "usage": 63},
				{"hour": "7", "usage": 41},
				{"hour": "8", "usage": 62},
				{"hour": "9", "usage": 49},
				{"hour": "10", "usage": 65},
				{"hour": "11", "usage": 53},
				{"hour": "12", "usage": 66},
				{"hour": "13", "usage": 16},
				{"hour": "14", "usage": 31},
				{"hour": "15", "usage": 49},
				{"hour": "16", "usage": 72},
				{"hour": "17", "usage": 46},
				{"hour": "18", "usage": 25},
				{"hour": "22", "usage": 0}
			],
			"details": [
				{"appName": "카카오톡", "usage": [2, 3, 4, 5, 6, 7, 8, 9, 10, 11, 13, 14, 15, 16, 19, 23]},
				{"appName": "Samsung Experience 홈", "usage": [3, 4, 5, 6, 7, 8, 9, 10, 11, 14, 15, 16, 19, 23]},
				{"appName": "Facebook", "usage": [4, 5, 6, 7, 8, 10, 14, 16, 19, 23]},
				{"appName": "메시지", "usage": [4, 5, 6, 7, 10, 14, 16, 19]},
				{"appName": "Paco", "usage": [4, 5, 6, 8, 10, 14, 15, 16]},
				{"appName": "전화", "usage": [6, 7, 10, 14, 15, 23]},
				{"appName": "시계", "usage": [2, 3, 15, 19, 22, 23]},
				{"appName": "코레일톡", "usage": [5, 6, 7, 10]},
				{"appName": "설정", "usage": [3, 4, 16, 19]},
				{"appName": "YouTube", "usage": [4, 8, 10, 11]},
				{"appName": "Samsung Notes", "usage": [5, 7, 8, 10]},
				{"appName": "Messenger", "usage": [4, 5, 16, 19]},
				{"appName": "Google", "usage": [4, 5, 6, 8]},
				{"appName": "Chrome", "usage": [4, 5, 6, 8]},
				{"appName": "Samsung Pay", "usage": [7, 10, 16]},
				{"appName": "NAVER", "usage": [5, 6, 16]},
				{"appName": "한컴오피스 viewer", "usage": [4, 5]},
				{"appName": "알파카", "usage": [3, 4]},
				{"appName": "삼성 인터넷", "usage": [5, 6]},
				{"appName": "SNOW", "usage": [4, 16]},
				{"appName": "KAIST Library", "usage": [6, 7]},
				{"appName": "Google Play 서비스", "usage": [6, 10]},
				{"appName": "한국장학재단", "usage": [14]},
				{"appName": "패키지 설치 프로그램", "usage": [4]},
				{"appName": "토스", "usage": [5]},
				{"appName": "콴다 선생님", "usage": [8]},
				{"appName": "캘린더", "usage": [5]},
				{"appName": "카카오 T", "usage": [5]},
				{"appName": "카메라", "usage": [16]},
				{"appName": "접근성", "usage": [4]},
				{"appName": "연락처", "usage": [19]},
				{"appName": "에브리타임", "usage": [3]},
				{"appName": "알바몬", "usage": [8]},
				{"appName": "신한카드", "usage": [10]},
				{"appName": "보안 폴더", "usage": [6]},
				{"appName": "뱅크샐러드", "usage": [5]},
				{"appName": "네이버 지도", "usage": [5]},
				{"appName": "네이버 웹툰", "usage": [4]},
				{"appName": "내 파일", "usage": [4]},
				{"appName": "갤러리", "usage": [23]},
				{"appName": "gStrings", "usage": [7]},
				{"appName": "SSG.COM", "usage": [3]},
				{"appName": "Polar Beat", "usage": [4]},
				{"appName": "Logger", "usage": [4]},
				{"appName": "LoL 프렌즈", "usage": [14]},
				{"appName": "KLMS", "usage": [23]},
				{"appName": "KAIST Portal", "usage": [5]},
				{"appName": "Google Play 스토어", "usage": [10]}
			]
		},
		"maxTime": {
			"usage": 80,
			"details": [
				{"appName": "YouTube", "usage": 19},
				{"appName": "카카오톡", "usage": 11},
				{"appName": "Samsung Notes", "usage": 10},
				{"appName": "NAVER", "usage": 4},
				{"appName": "시계", "usage": 3},
				{"appName": "Messenger", "usage": 2},
				{"appName": "삼성 인터넷", "usage": 2},
				{"appName": "네이버 웹툰", "usage": 2},
				{"appName": "gStrings", "usage": 2},
				{"appName": "Facebook", "usage": 1},
				{"appName": "Samsung Experience 홈", "usage": 1},
				{"appName": "알파카", "usage": 1},
				{"appName": "뱅크샐러드", "usage": 1},
				{"appName": "Chrome", "usage": 1},
				{"appName": "메시지", "usage": 1},
				{"appName": "한컴오피스 viewer", "usage": 0},
				{"appName": "전화", "usage": 0},
				{"appName": "코레일톡", "usage": 0},
				{"appName": "알바몬", "usage": 0},
				{"appName": "토스", "usage": 0},
				{"appName": "Google", "usage": 0},
				{"appName": "SNOW", "usage": 0},
				{"appName": "네이버 지도", "usage": 0},
				{"appName": "Polar Beat", "usage": 0},
				{"appName": "설정", "usage": 0},
				{"appName": "카메라", "usage": 0},
				{"appName": "KAIST Library", "usage": 0},
				{"appName": "Paco", "usage": 0},
				{"appName": "Samsung Pay", "usage": 0},
				{"appName": "에브리타임", "usage": 0},
				{"appName": "KLMS", "usage": 0},
				{"appName": "카카오 T", "usage": 0},
				{"appName": "LoL 프렌즈", "usage": 0},
				{"appName": "Google Play 스토어", "usage": 0},
				{"appName": "연락처", "usage": 0},
				{"appName": "Logger", "usage": 0},
				{"appName": "접근성", "usage": 0},
				{"appName": "갤러리", "usage": 0},
				{"appName": "KAIST Portal", "usage": 0},
				{"appName": "내 파일", "usage": 0},
				{"appName": "Google Play 서비스", "usage": 0},
				{"appName": "캘린더", "usage": 0},
				{"appName": "콴다 선생님", "usage": 0},
				{"appName": "패키지 설치 프로그램", "usage": 0},
				{"appName": "보안 폴더", "usage": 0},
				{"appName": "신한카드", "usage": 0},
				{"appName": "한국장학재단", "usage": 0},
				{"appName": "SSG.COM", "usage": 0}
			]
		},
		"avgTime": {
			"usage": 3,
			"details": [
				{"appName": "YouTube", "usage": 4},
				{"appName": "Samsung Notes", "usage": 1},
				{"appName": "gStrings", "usage": 0},
				{"appName": "삼성 인터넷", "usage": 0},
				{"appName": "알파카", "usage": 0},
				{"appName": "Messenger", "usage": 0},
				{"appName": "SNOW", "usage": 0},
				{"appName": "NAVER", "usage": 0},
				{"appName": "Chrome", "usage": 0},
				{"appName": "뱅크샐러드", "usage": 0},
				{"appName": "카메라", "usage": 0},
				{"appName": "네이버 웹툰", "usage": 0},
				{"appName": "전화", "usage": 0},
				{"appName": "토스", "usage": 0},
				{"appName": "LoL 프렌즈", "usage": 0},
				{"appName": "메시지", "usage": 0},
				{"appName": "한컴오피스 viewer", "usage": 0},
				{"appName": "Facebook", "usage": 0},
				{"appName": "KAIST Library", "usage": 0},
				{"appName": "KLMS", "usage": 0},
				{"appName": "Google Play 스토어", "usage": 0},
				{"appName": "알바몬", "usage": 0},
				{"appName": "네이버 지도", "usage": 0},
				{"appName": "Google", "usage": 0},
				{"appName": "에브리타임", "usage": 0},
				{"appName": "시계", "usage": 0},
				{"appName": "Polar Beat", "usage": 0},
				{"appName": "코레일톡", "usage": 0},
				{"appName": "Samsung Pay", "usage": 0},
				{"appName": "카카오톡", "usage": 0},
				{"appName": "연락처", "usage": 0},
				{"appName": "Paco", "usage": 0},
				{"appName": "설정", "usage": 0},
				{"appName": "Samsung Experience 홈", "usage": 0},
				{"appName": "갤러리", "usage": 0},
				{"appName": "카카오 T", "usage": 0},
				{"appName": "접근성", "usage": 0},
				{"appName": "내 파일", "usage": 0},
				{"appName": "Logger", "usage": 0},
				{"appName": "KAIST Portal", "usage": 0},
				{"appName": "Google Play 서비스", "usage": 0},
				{"appName": "캘린더", "usage": 0},
				{"appName": "콴다 선생님", "usage": 0},
				{"appName": "패키지 설치 프로그램", "usage": 0},
				{"appName": "보안 폴더", "usage": 0},
				{"appName": "신한카드", "usage": 0},
				{"appName": "한국장학재단", "usage": 0},
				{"appName": "SSG.COM", "usage": 0}
			]
		},
		"lastPickup": {"time": 80}
	},
	{
		"date": 3,
		"totalTime": {
			"usage": 520,
			"details": [
				{"appName": "Facebook", "usage": 351},
				{"appName": "카카오톡", "usage": 119},
				{"appName": "Puffin", "usage": 79},
				{"appName": "Samsung Experience 홈", "usage": 60},
				{"appName": "배달의민족", "usage": 29},
				{"appName": "코레일톡", "usage": 23},
				{"appName": "삼성 인터넷", "usage": 23},
				{"appName": "네이버 웹툰", "usage": 22},
				{"appName": "YouTube", "usage": 15},
				{"appName": "전화", "usage": 15},
				{"appName": "번역", "usage": 13},
				{"appName": "메시지", "usage": 10},
				{"appName": "Messenger", "usage": 10},
				{"appName": "Paco", "usage": 7},
				{"appName": "갤러리", "usage": 6},
				{"appName": "알바몬", "usage": 6},
				{"appName": "토스", "usage": 5},
				{"appName": "NAVER", "usage": 4},
				{"appName": "", "usage": 4},
				{"appName": "Samsung Pay", "usage": 2},
				{"appName": "Polar Beat", "usage": 2},
				{"appName": "카메라", "usage": 2},
				{"appName": "알파카", "usage": 2},
				{"appName": "Google Play 스토어", "usage": 2},
				{"appName": "네이버 지도", "usage": 2},
				{"appName": "Samsung Notes", "usage": 1},
				{"appName": "Google", "usage": 1},
				{"appName": "KLMS", "usage": 1},
				{"appName": "내 파일", "usage": 1},
				{"appName": "Chrome", "usage": 1},
				{"appName": "Word", "usage": 0},
				{"appName": "파일", "usage": 0},
				{"appName": "한컴오피스 viewer", "usage": 0},
				{"appName": "안드로이드 시스템", "usage": 0},
				{"appName": "Excel", "usage": 0},
				{"appName": "음성 녹음", "usage": 0},
				{"appName": "설정", "usage": 0},
				{"appName": "게임런처", "usage": 0},
				{"appName": "Logger", "usage": 0},
				{"appName": "캘린더", "usage": 0},
				{"appName": "에브리타임", "usage": 0},
				{"appName": "패키지 설치 프로그램", "usage": 0},
				{"appName": "접근성", "usage": 0},
				{"appName": "시계", "usage": 0},
				{"appName": "Gmail", "usage": 0},
				{"appName": "뱅크샐러드", "usage": 0},
				{"appName": "Google Play 서비스", "usage": 0},
				{"appName": "AhnLab V3 Mobile Plus 2.0", "usage": 0}
			]
		},
		"pickups": {"usage": 111},
		"downTime": {
			"usage": [
				{"hour": "2", "usage": 3},
				{"hour": "3", "usage": 5},
				{"hour": "4", "usage": 51},
				{"hour": "5", "usage": 58},
				{"hour": "6", "usage": 56},
				{"hour": "7", "usage": 40},
				{"hour": "8", "usage": 37},
				{"hour": "9", "usage": 2},
				{"hour": "10", "usage": 34},
				{"hour": "11", "usage": 20},
				{"hour": "12", "usage": 0},
				{"hour": "13", "usage": 0},
				{"hour": "14", "usage": 18},
				{"hour": "15", "usage": 5},
				{"hour": "16", "usage": 21},
				{"hour": "17", "usage": 60},
				{"hour": "18", "usage": 60},
				{"hour": "19", "usage": 33},
				{"hour": "22", "usage": 0},
				{"hour": "23", "usage": 7}
			],
			"details": [
				{"appName": "Samsung Experience 홈", "usage": [0, 1, 2, 3, 4, 5, 6, 7, 8, 9, 10, 11, 12, 13, 14, 15, 16, 17, 18, 19, 21, 22, 23]},
				{"appName": "카카오톡", "usage": [0, 1, 2, 3, 4, 5, 6, 7, 8, 9, 10, 11, 12, 13, 14, 16, 17, 18, 19, 21, 22]},
				{"appName": "Facebook", "usage": [0, 1, 2, 5, 6, 7, 9, 10, 11, 12, 13, 14, 15, 16, 17, 18, 19, 20, 21, 22, 23]},
				{"appName": "전화", "usage": [1, 2, 5, 6, 7, 8, 12, 13, 14, 17, 19, 22]},
				{"appName": "Paco", "usage": [4, 5, 6, 7, 8, 10, 12, 13, 14, 15, 16]},
				{"appName": "Messenger", "usage": [0, 4, 5, 12, 14, 15, 16, 18, 23]},
				{"appName": "메시지", "usage": [0, 1, 9, 14, 15, 22, 23]},
				{"appName": "설정", "usage": [1, 2, 3, 4, 14, 16]},
				{"appName": "배달의민족", "usage": [6, 12, 15, 16, 18, 19]},
				{"appName": "Google", "usage": [1, 6, 9, 12, 14, 19]},
				{"appName": "패키지 설치 프로그램", "usage": [2, 3, 4, 12, 16]},
				{"appName": "갤러리", "usage": [0, 1, 4, 6, 14]},
				{"appName": "카메라", "usage": [1, 4, 5, 6]},
				{"appName": "번역", "usage": [4, 7, 22, 23]},
				{"appName": "Samsung Pay", "usage": [1, 6, 10, 16]},
				{"appName": "Logger", "usage": [2, 3, 4, 16]},
				{"appName": "코레일톡", "usage": [0, 1, 14]},
				{"appName": "접근성", "usage": [3, 4, 16]},
				{"appName": "삼성 인터넷", "usage": [1, 3, 8]},
				{"appName": "YouTube", "usage": [11, 19, 20]},
				{"appName": "Puffin", "usage": [7, 8, 9]},
				{"appName": "Polar Beat", "usage": [2, 3, 16]},
				{"appName": "KLMS", "usage": [1, 3, 6]},
				{"appName": "Google Play 스토어", "usage": [0, 7, 14]},
				{"appName": "토스", "usage": [1, 15]},
				{"appName": "캘린더", "usage": [4, 5]},
				{"appName": "알파카", "usage": [3, 4]},
				{"appName": "안드로이드 시스템", "usage": [3, 12]},
				{"appName": "내 파일", "usage": [3, 12]},
				{"appName": "Word", "usage": [1, 3]},
				{"appName": "NAVER", "usage": [6, 14]},
				{"appName": "한컴오피스 viewer", "usage": [6]},
				{"appName": "파일", "usage": [12]},
				{"appName": "음성 녹음", "usage": [4]},
				{"appName": "에브리타임", "usage": [0]},
				{"appName": "알바몬", "usage": [12]},
				{"appName": "시계", "usage": [3]},
				{"appName": "뱅크샐러드", "usage": [15]},
				{"appName": "네이버 지도", "usage": [14]},
				{"appName": "네이버 웹툰", "usage": [18]},
				{"appName": "게임런처", "usage": [12]},
				{"appName": "Samsung Notes", "usage": [15]},
				{"appName": "Google Play 서비스", "usage": [3]},
				{"appName": "Gmail", "usage": [6]},
				{"appName": "Excel", "usage": [12]},
				{"appName": "Chrome", "usage": [12]},
				{"appName": "AhnLab V3 Mobile Plus 2.0", "usage": [19]},
				{"appName": "", "usage": [12]}
			]
		},
		"maxTime": {
			"usage": 164,
			"details": [
				{"appName": "Facebook", "usage": 58},
				{"appName": "Puffin", "usage": 20},
				{"appName": "카카오톡", "usage": 11},
				{"appName": "삼성 인터넷", "usage": 10},
				{"appName": "Samsung Experience 홈", "usage": 10},
				{"appName": "번역", "usage": 8},
				{"appName": "YouTube", "usage": 7},
				{"appName": "갤러리", "usage": 4},
				{"appName": "Messenger", "usage": 4},
				{"appName": "네이버 웹툰", "usage": 3},
				{"appName": "메시지", "usage": 3},
				{"appName": "배달의민족", "usage": 3},
				{"appName": "전화", "usage": 2},
				{"appName": "Paco", "usage": 2},
				{"appName": "NAVER", "usage": 2},
				{"appName": "", "usage": 2},
				{"appName": "알파카", "usage": 1},
				{"appName": "토스", "usage": 1},
				{"appName": "코레일톡", "usage": 1},
				{"appName": "Samsung Pay", "usage": 1},
				{"appName": "알바몬", "usage": 1},
				{"appName": "네이버 지도", "usage": 1},
				{"appName": "파일", "usage": 0},
				{"appName": "카메라", "usage": 0},
				{"appName": "Chrome", "usage": 0},
				{"appName": "Polar Beat", "usage": 0},
				{"appName": "Google", "usage": 0},
				{"appName": "Google Play 스토어", "usage": 0},
				{"appName": "내 파일", "usage": 0},
				{"appName": "음성 녹음", "usage": 0},
				{"appName": "Word", "usage": 0},
				{"appName": "Excel", "usage": 0},
				{"appName": "한컴오피스 viewer", "usage": 0},
				{"appName": "KLMS", "usage": 0},
				{"appName": "안드로이드 시스템", "usage": 0},
				{"appName": "Samsung Notes", "usage": 0},
				{"appName": "캘린더", "usage": 0},
				{"appName": "게임런처", "usage": 0},
				{"appName": "에브리타임", "usage": 0},
				{"appName": "Logger", "usage": 0},
				{"appName": "시계", "usage": 0},
				{"appName": "설정", "usage": 0},
				{"appName": "Gmail", "usage": 0},
				{"appName": "패키지 설치 프로그램", "usage": 0},
				{"appName": "접근성", "usage": 0},
				{"appName": "뱅크샐러드", "usage": 0},
				{"appName": "Google Play 서비스", "usage": 0},
				{"appName": "AhnLab V3 Mobile Plus 2.0", "usage": 0}
			]
		},
		"avgTime": {
			"usage": 4,
			"details": [
				{"appName": "Puffin", "usage": 3},
				{"appName": "YouTube", "usage": 2},
				{"appName": "삼성 인터넷", "usage": 1},
				{"appName": "Facebook", "usage": 1},
				{"appName": "", "usage": 1},
				{"appName": "갤러리", "usage": 0},
				{"appName": "파일", "usage": 0},
				{"appName": "번역", "usage": 0},
				{"appName": "알파카", "usage": 0},
				{"appName": "네이버 지도", "usage": 0},
				{"appName": "Samsung Pay", "usage": 0},
				{"appName": "전화", "usage": 0},
				{"appName": "네이버 웹툰", "usage": 0},
				{"appName": "NAVER", "usage": 0},
				{"appName": "Messenger", "usage": 0},
				{"appName": "토스", "usage": 0},
				{"appName": "메시지", "usage": 0},
				{"appName": "알바몬", "usage": 0},
				{"appName": "Word", "usage": 0},
				{"appName": "Chrome", "usage": 0},
				{"appName": "Excel", "usage": 0},
				{"appName": "음성 녹음", "usage": 0},
				{"appName": "코레일톡", "usage": 0},
				{"appName": "Samsung Experience 홈", "usage": 0},
				{"appName": "카메라", "usage": 0},
				{"appName": "Google Play 스토어", "usage": 0},
				{"appName": "Google", "usage": 0},
				{"appName": "Paco", "usage": 0},
				{"appName": "카카오톡", "usage": 0},
				{"appName": "배달의민족", "usage": 0},
				{"appName": "캘린더", "usage": 0},
				{"appName": "내 파일", "usage": 0},
				{"appName": "Polar Beat", "usage": 0},
				{"appName": "안드로이드 시스템", "usage": 0},
				{"appName": "에브리타임", "usage": 0},
				{"appName": "한컴오피스 viewer", "usage": 0},
				{"appName": "KLMS", "usage": 0},
				{"appName": "Gmail", "usage": 0},
				{"appName": "Samsung Notes", "usage": 0},
				{"appName": "게임런처", "usage": 0},
				{"appName": "시계", "usage": 0},
				{"appName": "설정", "usage": 0},
				{"appName": "뱅크샐러드", "usage": 0},
				{"appName": "Logger", "usage": 0},
				{"appName": "Google Play 서비스", "usage": 0},
				{"appName": "접근성", "usage": 0},
				{"appName": "패키지 설치 프로그램", "usage": 0},
				{"appName": "AhnLab V3 Mobile Plus 2.0", "usage": 0}
			]
		},
		"lastPickup": {"time": 0}
	},
	{
		"date": 4,
		"totalTime": {
			"usage": 823,
			"details": [
				{"appName": "Facebook", "usage": 151},
				{"appName": "카카오톡", "usage": 99},
				{"appName": "Samsung Experience 홈", "usage": 39},
				{"appName": "YouTube", "usage": 32},
				{"appName": "전화", "usage": 23},
				{"appName": "메시지", "usage": 14},
				{"appName": "Polar Beat", "usage": 13},
				{"appName": "시계", "usage": 11},
				{"appName": "Paco", "usage": 7},
				{"appName": "코레일톡", "usage": 7},
				{"appName": "NAVER", "usage": 6},
				{"appName": "모바일 티머니", "usage": 5},
				{"appName": "네이버 지도", "usage": 5},
				{"appName": "Samsung Pay", "usage": 4},
				{"appName": "갤러리", "usage": 4},
				{"appName": "삼성 인터넷", "usage": 3},
				{"appName": "한컴오피스 viewer", "usage": 2},
				{"appName": "카메라", "usage": 1},
				{"appName": "설정", "usage": 1},
				{"appName": "Chrome", "usage": 1},
				{"appName": "네이버 웹툰", "usage": 1},
				{"appName": "Google", "usage": 1},
				{"appName": "Galaxy Themes", "usage": 1},
				{"appName": "Logger", "usage": 0},
				{"appName": "KLMS", "usage": 0},
				{"appName": "ABC Logger", "usage": 0},
				{"appName": "Messenger", "usage": 0},
				{"appName": "Edge screen", "usage": 0},
				{"appName": "Google Play 스토어", "usage": 0},
				{"appName": "Dropsync", "usage": 0},
				{"appName": "Excel", "usage": 0},
				{"appName": "캘린더", "usage": 0},
				{"appName": "내 파일", "usage": 0},
				{"appName": "안드로이드 시스템", "usage": 0},
				{"appName": "Samsung Members", "usage": 0},
				{"appName": "날씨", "usage": 0},
				{"appName": "빅스비 비전", "usage": 0},
				{"appName": "빅스비 보이스", "usage": 0},
				{"appName": "Apps edge", "usage": 0},
				{"appName": "KAIST Portal", "usage": 0},
				{"appName": "Google Play 서비스", "usage": 0},
				{"appName": "패키지 설치 프로그램", "usage": 0},
				{"appName": "접근성", "usage": 0},
				{"appName": "KT 패밀리박스", "usage": 0},
				{"appName": "SNOW", "usage": 0},
				{"appName": "배달의민족", "usage": 0},
				{"appName": "한국장학재단", "usage": 0},
				{"appName": "SSG.COM", "usage": 0}
			]
		},
		"pickups": {"usage": 110},
		"downTime": {
			"usage": [
				{"hour": "0", "usage": 45},
				{"hour": "1", "usage": 31},
				{"hour": "2", "usage": 19},
				{"hour": "3", "usage": 43},
				{"hour": "4", "usage": 19},
				{"hour": "5", "usage": 14},
				{"hour": "6", "usage": 37},
				{"hour": "7", "usage": 48},
				{"hour": "8", "usage": 57},
				{"hour": "9", "usage": 53},
				{"hour": "10", "usage": 8},
				{"hour": "11", "usage": 31},
				{"hour": "12", "usage": 41},
				{"hour": "13", "usage": 13},
				{"hour": "14", "usage": 41},
				{"hour": "15", "usage": 58},
				{"hour": "16", "usage": 45},
				{"hour": "17", "usage": 35},
				{"hour": "18", "usage": 54},
				{"hour": "19", "usage": 41},
				{"hour": "20", "usage": 15},
				{"hour": "21", "usage": 0},
				{"hour": "22", "usage": 39},
				{"hour": "23", "usage": 26}
			],
			"details": [
				{"appName": "Samsung Experience 홈", "usage": [0, 1, 2, 3, 4, 5, 6, 7, 8, 9, 10, 11, 12, 13, 14, 15, 16, 17]},
				{"appName": "카카오톡", "usage": [0, 1, 2, 4, 5, 6, 7, 9, 10, 11, 12, 13, 14, 15, 16]},
				{"appName": "Facebook", "usage": [4, 5, 6, 7, 8, 9, 10, 11, 12, 13, 14, 15, 16]},
				{"appName": "전화", "usage": [0, 4, 5, 9, 10, 11, 12, 13, 14]},
				{"appName": "Paco", "usage": [5, 6, 7, 8, 10, 12, 14, 15, 16]},
				{"appName": "설정", "usage": [2, 4, 11, 12, 13, 14]},
				{"appName": "삼성 인터넷", "usage": [5, 10, 11, 14, 16]},
				{"appName": "메시지", "usage": [5, 9, 10, 12, 13]},
				{"appName": "Polar Beat", "usage": [4, 10, 11, 12, 16]},
				{"appName": "패키지 설치 프로그램", "usage": [2, 4, 11, 12]},
				{"appName": "코레일톡", "usage": [5, 7, 9, 12]},
				{"appName": "갤러리", "usage": [1, 6, 9, 11]},
				{"appName": "Logger", "usage": [2, 4, 11, 12]},
				{"appName": "카메라", "usage": [1, 9, 14]},
				{"appName": "시계", "usage": [0, 3, 4]},
				{"appName": "YouTube", "usage": [12, 16, 17]},
				{"appName": "Samsung Pay", "usage": [1, 11, 12]},
				{"appName": "Google", "usage": [5, 11, 14]},
				{"appName": "안드로이드 시스템", "usage": [1, 9]},
				{"appName": "모바일 티머니", "usage": [11, 12]},
				{"appName": "네이버 지도", "usage": [11, 12]},
				{"appName": "내 파일", "usage": [12, 14]},
				{"appName": "Messenger", "usage": [8, 11]},
				{"appName": "Google Play 서비스", "usage": [5, 14]},
				{"appName": "Edge screen", "usage": [12, 13]},
				{"appName": "한컴오피스 viewer", "usage": [12]},
				{"appName": "한국장학재단", "usage": [8]},
				{"appName": "캘린더", "usage": [5]},
				{"appName": "접근성", "usage": [4]},
				{"appName": "빅스비 비전", "usage": [1]},
				{"appName": "빅스비 보이스", "usage": [11]},
				{"appName": "배달의민족", "usage": [15]},
				{"appName": "네이버 웹툰", "usage": [15]},
				{"appName": "날씨", "usage": [2]},
				{"appName": "Samsung Members", "usage": [12]},
				{"appName": "SSG.COM", "usage": [3]},
				{"appName": "SNOW", "usage": [9]},
				{"appName": "NAVER", "usage": [11]},
				{"appName": "KT 패밀리박스", "usage": [14]},
				{"appName": "KLMS", "usage": [0]},
				{"appName": "KAIST Portal", "usage": [5]},
				{"appName": "Google Play 스토어", "usage": [11]},
				{"appName": "Galaxy Themes", "usage": [2]},
				{"appName": "Excel", "usage": [14]},
				{"appName": "Dropsync", "usage": [12]},
				{"appName": "Chrome", "usage": [11]},
				{"appName": "Apps edge", "usage": [14]},
				{"appName": "ABC Logger", "usage": [12]}
			]
		},
		"maxTime": {
			"usage": 65,
			"details": [
				{"appName": "Facebook", "usage": 31},
				{"appName": "YouTube", "usage": 18},
				{"appName": "Polar Beat", "usage": 11},
				{"appName": "Samsung Experience 홈", "usage": 10},
				{"appName": "카카오톡", "usage": 10},
				{"appName": "메시지", "usage": 9},
				{"appName": "시계", "usage": 5},
				{"appName": "전화", "usage": 4},
				{"appName": "Paco", "usage": 3},
				{"appName": "카메라", "usage": 1},
				{"appName": "삼성 인터넷", "usage": 1},
				{"appName": "갤러리", "usage": 1},
				{"appName": "네이버 웹툰", "usage": 1},
				{"appName": "Chrome", "usage": 1},
				{"appName": "코레일톡", "usage": 1},
				{"appName": "NAVER", "usage": 1},
				{"appName": "네이버 지도", "usage": 1},
				{"appName": "한컴오피스 viewer", "usage": 0},
				{"appName": "Galaxy Themes", "usage": 0},
				{"appName": "Messenger", "usage": 0},
				{"appName": "KLMS", "usage": 0},
				{"appName": "모바일 티머니", "usage": 0},
				{"appName": "Logger", "usage": 0},
				{"appName": "Google", "usage": 0},
				{"appName": "Samsung Pay", "usage": 0},
				{"appName": "설정", "usage": 0},
				{"appName": "Edge screen", "usage": 0},
				{"appName": "ABC Logger", "usage": 0},
				{"appName": "Excel", "usage": 0},
				{"appName": "Google Play 스토어", "usage": 0},
				{"appName": "Dropsync", "usage": 0},
				{"appName": "내 파일", "usage": 0},
				{"appName": "날씨", "usage": 0},
				{"appName": "캘린더", "usage": 0},
				{"appName": "Samsung Members", "usage": 0},
				{"appName": "빅스비 비전", "usage": 0},
				{"appName": "Apps edge", "usage": 0},
				{"appName": "안드로이드 시스템", "usage": 0},
				{"appName": "Google Play 서비스", "usage": 0},
				{"appName": "패키지 설치 프로그램", "usage": 0},
				{"appName": "KAIST Portal", "usage": 0},
				{"appName": "빅스비 보이스", "usage": 0},
				{"appName": "KT 패밀리박스", "usage": 0},
				{"appName": "접근성", "usage": 0},
				{"appName": "SNOW", "usage": 0},
				{"appName": "배달의민족", "usage": 0},
				{"appName": "한국장학재단", "usage": 0},
				{"appName": "SSG.COM", "usage": 0}
			]
		},
		"avgTime": {
			"usage": 7,
			"details": [
				{"appName": "YouTube", "usage": 3},
				{"appName": "Facebook", "usage": 0},
				{"appName": "메시지", "usage": 0},
				{"appName": "카메라", "usage": 0},
				{"appName": "Polar Beat", "usage": 0},
				{"appName": "전화", "usage": 0},
				{"appName": "시계", "usage": 0},
				{"appName": "Chrome", "usage": 0},
				{"appName": "NAVER", "usage": 0},
				{"appName": "네이버 웹툰", "usage": 0},
				{"appName": "갤러리", "usage": 0},
				{"appName": "네이버 지도", "usage": 0},
				{"appName": "한컴오피스 viewer", "usage": 0},
				{"appName": "삼성 인터넷", "usage": 0},
				{"appName": "Excel", "usage": 0},
				{"appName": "Messenger", "usage": 0},
				{"appName": "카카오톡", "usage": 0},
				{"appName": "Google", "usage": 0},
				{"appName": "Paco", "usage": 0},
				{"appName": "Samsung Experience 홈", "usage": 0},
				{"appName": "Edge screen", "usage": 0},
				{"appName": "코레일톡", "usage": 0},
				{"appName": "KLMS", "usage": 0},
				{"appName": "Galaxy Themes", "usage": 0},
				{"appName": "날씨", "usage": 0},
				{"appName": "내 파일", "usage": 0},
				{"appName": "설정", "usage": 0},
				{"appName": "모바일 티머니", "usage": 0},
				{"appName": "ABC Logger", "usage": 0},
				{"appName": "Logger", "usage": 0},
				{"appName": "Dropsync", "usage": 0},
				{"appName": "Apps edge", "usage": 0},
				{"appName": "Samsung Pay", "usage": 0},
				{"appName": "캘린더", "usage": 0},
				{"appName": "안드로이드 시스템", "usage": 0},
				{"appName": "Google Play 스토어", "usage": 0},
				{"appName": "빅스비 비전", "usage": 0},
				{"appName": "Samsung Members", "usage": 0},
				{"appName": "Google Play 서비스", "usage": 0},
				{"appName": "KAIST Portal", "usage": 0},
				{"appName": "빅스비 보이스", "usage": 0},
				{"appName": "접근성", "usage": 0},
				{"appName": "SNOW", "usage": 0},
				{"appName": "패키지 설치 프로그램", "usage": 0},
				{"appName": "KT 패밀리박스", "usage": 0},
				{"appName": "배달의민족", "usage": 0},
				{"appName": "한국장학재단", "usage": 0},
				{"appName": "SSG.COM", "usage": 0}
			]
		},
		"lastPickup": {"time": 7}
	},
	{
		"date": 5,
		"totalTime": {
			"usage": 497,
			"details": [
				{"appName": "Samsung Experience 홈", "usage": 175},
				{"appName": "카카오톡", "usage": 96},
				{"appName": "메시지", "usage": 93},
				{"appName": "Facebook", "usage": 72},
				{"appName": "YouTube", "usage": 9},
				{"appName": "전화", "usage": 8},
				{"appName": "NAVER", "usage": 5},
				{"appName": "Paco", "usage": 4},
				{"appName": "코레일톡", "usage": 3},
				{"appName": "Chrome", "usage": 3},
				{"appName": "삼성 인터넷", "usage": 2},
				{"appName": "KLMS", "usage": 2},
				{"appName": "Google", "usage": 1},
				{"appName": "Polar Beat", "usage": 1},
				{"appName": "Messenger", "usage": 1},
				{"appName": "Google Play 스토어", "usage": 1},
				{"appName": "Samsung Pay", "usage": 1},
				{"appName": "카카오 T", "usage": 0},
				{"appName": "에브리타임", "usage": 0},
				{"appName": "카메라", "usage": 0},
				{"appName": "네이버 지도", "usage": 0},
				{"appName": "Logger", "usage": 0},
				{"appName": "설정", "usage": 0},
				{"appName": "네이버 웹툰", "usage": 0},
				{"appName": "갤러리", "usage": 0},
				{"appName": "Microsoft Health", "usage": 0},
				{"appName": "접근성", "usage": 0},
				{"appName": "연락처", "usage": 0},
				{"appName": "패키지 설치 프로그램", "usage": 0}
			]
		},
		"pickups": {"usage": 141},
		"downTime": {
			"usage": [
				{"hour": "0", "usage": 18},
				{"hour": "1", "usage": 19},
				{"hour": "2", "usage": 9},
				{"hour": "3", "usage": 5},
				{"hour": "4", "usage": 20},
				{"hour": "5", "usage": 53},
				{"hour": "6", "usage": 43},
				{"hour": "7", "usage": 16},
				{"hour": "8", "usage": 35},
				{"hour": "9", "usage": 24},
				{"hour": "10", "usage": 38},
				{"hour": "11", "usage": 41},
				{"hour": "12", "usage": 29},
				{"hour": "13", "usage": 8},
				{"hour": "14", "usage": 29},
				{"hour": "15", "usage": 32},
				{"hour": "16", "usage": 60},
				{"hour": "17", "usage": 9}
			],
			"details": [
				{"appName": "Samsung Experience 홈", "usage": [0, 1, 2, 5, 6, 7, 8, 9, 10, 11, 12, 13, 14, 16, 17, 18, 19, 20, 22, 23]},
				{"appName": "카카오톡", "usage": [2, 3, 5, 6, 7, 8, 10, 11, 12, 13, 16, 17, 20, 21, 22, 23]},
				{"appName": "전화", "usage": [3, 4, 5, 6, 8, 9, 11, 12, 13, 14, 16, 17]},
				{"appName": "Paco", "usage": [5, 6, 7, 8, 10, 11, 12, 14, 16, 17, 18]},
				{"appName": "Facebook", "usage": [3, 5, 12, 13, 14, 22, 23]},
				{"appName": "Google", "usage": [12, 13, 16, 22, 23]},
				{"appName": "Polar Beat", "usage": [5, 6, 13, 18]},
				{"appName": "패키지 설치 프로그램", "usage": [5, 6, 18]},
				{"appName": "접근성", "usage": [5, 6, 18]},
				{"appName": "설정", "usage": [5, 6, 18]},
				{"appName": "메시지", "usage": [3, 4, 6]},
				{"appName": "Logger", "usage": [5, 6, 18]},
				{"appName": "카메라", "usage": [11, 19]},
				{"appName": "에브리타임", "usage": [14, 23]},
				{"appName": "Samsung Pay", "usage": [11, 13]},
				{"appName": "NAVER", "usage": [12, 13]},
				{"appName": "Google Play 스토어", "usage": [6, 22]},
				{"appName": "코레일톡", "usage": [13]},
				{"appName": "카카오 T", "usage": [12]},
				{"appName": "연락처", "usage": [16]},
				{"appName": "삼성 인터넷", "usage": [12]},
				{"appName": "네이버 지도", "usage": [12]},
				{"appName": "네이버 웹툰", "usage": [18]},
				{"appName": "갤러리", "usage": [11]},
				{"appName": "YouTube", "usage": [6]},
				{"appName": "Microsoft Health", "usage": [6]},
				{"appName": "Messenger", "usage": [5]},
				{"appName": "KLMS", "usage": [23]},
				{"appName": "Chrome", "usage": [16]}
			]
		},
		"maxTime": {
			"usage": 80,
			"details": [
				{"appName": "Samsung Experience 홈", "usage": 139},
				{"appName": "메시지", "usage": 89},
				{"appName": "Facebook", "usage": 19},
				{"appName": "카카오톡", "usage": 13},
				{"appName": "YouTube", "usage": 7},
				{"appName": "NAVER", "usage": 4},
				{"appName": "삼성 인터넷", "usage": 2},
				{"appName": "Messenger", "usage": 1},
				{"appName": "코레일톡", "usage": 1},
				{"appName": "전화", "usage": 1},
				{"appName": "Polar Beat", "usage": 0},
				{"appName": "Samsung Pay", "usage": 0},
				{"appName": "Chrome", "usage": 0},
				{"appName": "KLMS", "usage": 0},
				{"appName": "Google Play 스토어", "usage": 0},
				{"appName": "네이버 지도", "usage": 0},
				{"appName": "카카오 T", "usage": 0},
				{"appName": "Google", "usage": 0},
				{"appName": "Paco", "usage": 0},
				{"appName": "카메라", "usage": 0},
				{"appName": "에브리타임", "usage": 0},
				{"appName": "설정", "usage": 0},
				{"appName": "Logger", "usage": 0},
				{"appName": "네이버 웹툰", "usage": 0},
				{"appName": "연락처", "usage": 0},
				{"appName": "갤러리", "usage": 0},
				{"appName": "Microsoft Health", "usage": 0},
				{"appName": "접근성", "usage": 0},
				{"appName": "패키지 설치 프로그램", "usage": 0}
			]
		},
		"avgTime": {
			"usage": 3,
			"details": [
				{"appName": "메시지", "usage": 15},
				{"appName": "YouTube", "usage": 3},
				{"appName": "삼성 인터넷", "usage": 2},
				{"appName": "Messenger", "usage": 1},
				{"appName": "Samsung Experience 홈", "usage": 1},
				{"appName": "NAVER", "usage": 0},
				{"appName": "Facebook", "usage": 0},
				{"appName": "코레일톡", "usage": 0},
				{"appName": "네이버 지도", "usage": 0},
				{"appName": "Samsung Pay", "usage": 0},
				{"appName": "Google Play 스토어", "usage": 0},
				{"appName": "카메라", "usage": 0},
				{"appName": "전화", "usage": 0},
				{"appName": "Chrome", "usage": 0},
				{"appName": "카카오톡", "usage": 0},
				{"appName": "Google", "usage": 0},
				{"appName": "카카오 T", "usage": 0},
				{"appName": "KLMS", "usage": 0},
				{"appName": "Polar Beat", "usage": 0},
				{"appName": "연락처", "usage": 0},
				{"appName": "Paco", "usage": 0},
				{"appName": "에브리타임", "usage": 0},
				{"appName": "네이버 웹툰", "usage": 0},
				{"appName": "갤러리", "usage": 0},
				{"appName": "Microsoft Health", "usage": 0},
				{"appName": "설정", "usage": 0},
				{"appName": "Logger", "usage": 0},
				{"appName": "접근성", "usage": 0},
				{"appName": "패키지 설치 프로그램", "usage": 0}
			]
		},
		"lastPickup": {"time": 80}
	},
	{
		"date": 6,
		"totalTime": {
			"usage": 549,
			"details": [
				{"appName": "Facebook", "usage": 119},
				{"appName": "카카오톡", "usage": 85},
				{"appName": "Samsung Experience 홈", "usage": 21},
				{"appName": "Polar Beat", "usage": 17},
				{"appName": "NAVER", "usage": 15},
				{"appName": "네이버 웹툰", "usage": 13},
				{"appName": "Messenger", "usage": 9},
				{"appName": "쿠팡", "usage": 9},
				{"appName": "YouTube", "usage": 7},
				{"appName": "토스", "usage": 6},
				{"appName": "배달의민족", "usage": 5},
				{"appName": "코레일톡", "usage": 5},
				{"appName": "네이버 지도", "usage": 5},
				{"appName": "삼성 인터넷", "usage": 5},
				{"appName": "전화", "usage": 4},
				{"appName": "뱅크샐러드", "usage": 3},
				{"appName": "Paco", "usage": 3},
				{"appName": "카카오 T", "usage": 3},
				{"appName": "Google", "usage": 2},
				{"appName": "Microsoft Health", "usage": 1},
				{"appName": "Chrome", "usage": 1},
				{"appName": "위메프", "usage": 1},
				{"appName": "KT 멤버십", "usage": 1},
				{"appName": "KAIST Portal", "usage": 1},
				{"appName": "모바일 티머니", "usage": 1},
				{"appName": "메시지", "usage": 1},
				{"appName": "Samsung Notes", "usage": 0},
				{"appName": "설정", "usage": 0},
				{"appName": "Logger", "usage": 0},
				{"appName": "계산기", "usage": 0},
				{"appName": "한컴오피스 viewer", "usage": 0},
				{"appName": "원스토어", "usage": 0},
				{"appName": "원스토어 서비스", "usage": 0},
				{"appName": "KLMS", "usage": 0},
				{"appName": "카메라", "usage": 0},
				{"appName": "Google Play 스토어", "usage": 0},
				{"appName": "Samsung Pay", "usage": 0},
				{"appName": "캘린더", "usage": 0},
				{"appName": "마이 케이티", "usage": 0},
				{"appName": "갤러리", "usage": 0},
				{"appName": "Google Play 서비스", "usage": 0},
				{"appName": "Gmail", "usage": 0},
				{"appName": "내 파일", "usage": 0},
				{"appName": "파일", "usage": 0},
				{"appName": "패키지 설치 프로그램", "usage": 0},
				{"appName": "접근성", "usage": 0}
			]
		},
		"pickups": {"usage": 126},
		"downTime": {
			"usage": [
				{"hour": "1", "usage": 16},
				{"hour": "2", "usage": 34},
				{"hour": "3", "usage": 51},
				{"hour": "4", "usage": 60},
				{"hour": "5", "usage": 54},
				{"hour": "6", "usage": 50},
				{"hour": "7", "usage": 14},
				{"hour": "8", "usage": 9},
				{"hour": "9", "usage": 1},
				{"hour": "10", "usage": 3},
				{"hour": "11", "usage": 11},
				{"hour": "12", "usage": 25},
				{"hour": "13", "usage": 46},
				{"hour": "14", "usage": 13},
				{"hour": "16", "usage": 13},
				{"hour": "17", "usage": 32},
				{"hour": "18", "usage": 56},
				{"hour": "19", "usage": 19},
				{"hour": "20", "usage": 5},
				{"hour": "21", "usage": 13},
				{"hour": "22", "usage": 1},
				{"hour": "23", "usage": 13}
			],
			"details": [
				{"appName": "카카오톡", "usage": [0, 4, 5, 6, 7, 8, 10, 12, 13, 15, 16, 17, 18, 19]},
				{"appName": "Samsung Experience 홈", "usage": [0, 4, 5, 6, 7, 8, 9, 15, 16, 17, 18, 19, 20]},
				{"appName": "Facebook", "usage": [0, 5, 6, 7, 8, 9, 10, 12, 15, 16, 19, 20]},
				{"appName": "Paco", "usage": [5, 7, 8, 9, 15, 16, 17, 19]},
				{"appName": "전화", "usage": [4, 5, 7, 8, 10, 18]},
				{"appName": "NAVER", "usage": [6, 7, 8, 16, 18]},
				{"appName": "토스", "usage": [8, 15, 16, 18]},
				{"appName": "코레일톡", "usage": [6, 7, 15, 18]},
				{"appName": "Polar Beat", "usage": [5, 15, 16, 19]},
				{"appName": "Google", "usage": [6, 7, 8, 18]},
				{"appName": "설정", "usage": [5, 15, 19]},
				{"appName": "삼성 인터넷", "usage": [8, 9, 18]},
				{"appName": "메시지", "usage": [7, 18, 19]},
				{"appName": "Messenger", "usage": [7, 8, 16]},
				{"appName": "Chrome", "usage": [6, 7, 8]},
				{"appName": "패키지 설치 프로그램", "usage": [5, 19]},
				{"appName": "쿠팡", "usage": [7, 18]},
				{"appName": "카카오 T", "usage": [6, 7]},
				{"appName": "모바일 티머니", "usage": [8, 9]},
				{"appName": "네이버 웹툰", "usage": [7, 15]},
				{"appName": "갤러리", "usage": [8, 18]},
				{"appName": "Logger", "usage": [5, 19]},
				{"appName": "KT 멤버십", "usage": [5, 7]},
				{"appName": "Google Play 스토어", "usage": [7, 16]},
				{"appName": "Google Play 서비스", "usage": [18, 19]},
				{"appName": "한컴오피스 viewer", "usage": [15]},
				{"appName": "파일", "usage": [8]},
				{"appName": "캘린더", "usage": [22]},
				{"appName": "카메라", "usage": [9]},
				{"appName": "접근성", "usage": [5]},
				{"appName": "위메프", "usage": [18]},
				{"appName": "원스토어 서비스", "usage": [16]},
				{"appName": "원스토어", "usage": [16]},
				{"appName": "뱅크샐러드", "usage": [16]},
				{"appName": "배달의민족", "usage": [15]},
				{"appName": "마이 케이티", "usage": [7]},
				{"appName": "네이버 지도", "usage": [8]},
				{"appName": "내 파일", "usage": [15]},
				{"appName": "계산기", "usage": [18]},
				{"appName": "YouTube", "usage": [9]},
				{"appName": "Samsung Pay", "usage": [8]},
				{"appName": "Samsung Notes", "usage": [8]},
				{"appName": "Microsoft Health", "usage": [6]},
				{"appName": "KLMS", "usage": [18]},
				{"appName": "KAIST Portal", "usage": [18]},
				{"appName": "Gmail", "usage": [18]}
			]
		},
		"maxTime": {
			"usage": 129,
			"details": [
				{"appName": "카카오톡", "usage": 19},
				{"appName": "Facebook", "usage": 18},
				{"appName": "Samsung Experience 홈", "usage": 10},
				{"appName": "Polar Beat", "usage": 8},
				{"appName": "YouTube", "usage": 3},
				{"appName": "삼성 인터넷", "usage": 3},
				{"appName": "네이버 웹툰", "usage": 3},
				{"appName": "Messenger", "usage": 3},
				{"appName": "쿠팡", "usage": 2},
				{"appName": "NAVER", "usage": 2},
				{"appName": "뱅크샐러드", "usage": 2},
				{"appName": "전화", "usage": 2},
				{"appName": "카카오 T", "usage": 2},
				{"appName": "배달의민족", "usage": 1},
				{"appName": "Microsoft Health", "usage": 1},
				{"appName": "네이버 지도", "usage": 1},
				{"appName": "토스", "usage": 1},
				{"appName": "코레일톡", "usage": 1},
				{"appName": "KAIST Portal", "usage": 1},
				{"appName": "Google", "usage": 1},
				{"appName": "메시지", "usage": 0},
				{"appName": "Samsung Notes", "usage": 0},
				{"appName": "Chrome", "usage": 0},
				{"appName": "위메프", "usage": 0},
				{"appName": "모바일 티머니", "usage": 0},
				{"appName": "Paco", "usage": 0},
				{"appName": "한컴오피스 viewer", "usage": 0},
				{"appName": "원스토어 서비스", "usage": 0},
				{"appName": "Logger", "usage": 0},
				{"appName": "KT 멤버십", "usage": 0},
				{"appName": "카메라", "usage": 0},
				{"appName": "설정", "usage": 0},
				{"appName": "KLMS", "usage": 0},
				{"appName": "계산기", "usage": 0},
				{"appName": "캘린더", "usage": 0},
				{"appName": "Google Play 스토어", "usage": 0},
				{"appName": "마이 케이티", "usage": 0},
				{"appName": "원스토어", "usage": 0},
				{"appName": "갤러리", "usage": 0},
				{"appName": "Samsung Pay", "usage": 0},
				{"appName": "Google Play 서비스", "usage": 0},
				{"appName": "Gmail", "usage": 0},
				{"appName": "내 파일", "usage": 0},
				{"appName": "패키지 설치 프로그램", "usage": 0},
				{"appName": "파일", "usage": 0},
				{"appName": "접근성", "usage": 0}
			]
		},
		"avgTime": {
			"usage": 4,
			"details": [
				{"appName": "YouTube", "usage": 1},
				{"appName": "Messenger", "usage": 1},
				{"appName": "Facebook", "usage": 0},
				{"appName": "Microsoft Health", "usage": 0},
				{"appName": "네이버 지도", "usage": 0},
				{"appName": "NAVER", "usage": 0},
				{"appName": "KAIST Portal", "usage": 0},
				{"appName": "삼성 인터넷", "usage": 0},
				{"appName": "네이버 웹툰", "usage": 0},
				{"appName": "Polar Beat", "usage": 0},
				{"appName": "전화", "usage": 0},
				{"appName": "메시지", "usage": 0},
				{"appName": "Google", "usage": 0},
				{"appName": "뱅크샐러드", "usage": 0},
				{"appName": "배달의민족", "usage": 0},
				{"appName": "카카오톡", "usage": 0},
				{"appName": "쿠팡", "usage": 0},
				{"appName": "카메라", "usage": 0},
				{"appName": "카카오 T", "usage": 0},
				{"appName": "토스", "usage": 0},
				{"appName": "Chrome", "usage": 0},
				{"appName": "원스토어 서비스", "usage": 0},
				{"appName": "Samsung Experience 홈", "usage": 0},
				{"appName": "Samsung Notes", "usage": 0},
				{"appName": "마이 케이티", "usage": 0},
				{"appName": "한컴오피스 viewer", "usage": 0},
				{"appName": "위메프", "usage": 0},
				{"appName": "KLMS", "usage": 0},
				{"appName": "코레일톡", "usage": 0},
				{"appName": "모바일 티머니", "usage": 0},
				{"appName": "Logger", "usage": 0},
				{"appName": "Paco", "usage": 0},
				{"appName": "KT 멤버십", "usage": 0},
				{"appName": "캘린더", "usage": 0},
				{"appName": "계산기", "usage": 0},
				{"appName": "설정", "usage": 0},
				{"appName": "갤러리", "usage": 0},
				{"appName": "Gmail", "usage": 0},
				{"appName": "Samsung Pay", "usage": 0},
				{"appName": "Google Play 서비스", "usage": 0},
				{"appName": "내 파일", "usage": 0},
				{"appName": "Google Play 스토어", "usage": 0},
				{"appName": "원스토어", "usage": 0},
				{"appName": "파일", "usage": 0},
				{"appName": "접근성", "usage": 0},
				{"appName": "패키지 설치 프로그램", "usage": 0}
			]
		},
		"lastPickup": {"time": 0}
	},
	{
		"date": 7,
		"totalTime": {
			"usage": 400,
			"details": [
				{"appName": "Facebook", "usage": 650},
				{"appName": "카카오톡", "usage": 71},
				{"appName": "왓챠플레이", "usage": 65},
				{"appName": "Samsung Experience 홈", "usage": 12},
				{"appName": "전화", "usage": 10},
				{"appName": "Zenly", "usage": 9},
				{"appName": "삼성 인터넷", "usage": 5},
				{"appName": "NAVER", "usage": 4},
				{"appName": "갤러리", "usage": 4},
				{"appName": "네이버 지도", "usage": 3},
				{"appName": "코레일톡", "usage": 2},
				{"appName": "Messenger", "usage": 2},
				{"appName": "시계", "usage": 1},
				{"appName": "Paco", "usage": 1},
				{"appName": "KLMS", "usage": 1},
				{"appName": "콴다 선생님", "usage": 1},
				{"appName": "Polar Beat", "usage": 0},
				{"appName": "비디오 플레이어", "usage": 0},
				{"appName": "메시지", "usage": 0},
				{"appName": "모바일 티머니", "usage": 0},
				{"appName": "설정", "usage": 0},
				{"appName": "Samsung Pay", "usage": 0},
				{"appName": "디바이스 케어", "usage": 0},
				{"appName": "Google", "usage": 0},
				{"appName": "카메라", "usage": 0},
				{"appName": "캘린더", "usage": 0},
				{"appName": "Google Play 서비스", "usage": 0},
				{"appName": "네이버 웹툰", "usage": 0},
				{"appName": "Logger", "usage": 0},
				{"appName": "시스템 UI", "usage": 0},
				{"appName": "Chrome", "usage": 0},
				{"appName": "접근성", "usage": 0},
				{"appName": "패키지 설치 프로그램", "usage": 0},
				{"appName": "원스토어", "usage": 0},
				{"appName": "한국장학재단", "usage": 0}
			]
		},
		"pickups": {"usage": 96},
		"downTime": {
			"usage": [
				{"hour": "0", "usage": 15},
				{"hour": "1", "usage": 0},
				{"hour": "4", "usage": 2},
				{"hour": "5", "usage": 7},
				{"hour": "6", "usage": 21},
				{"hour": "7", "usage": 36},
				{"hour": "8", "usage": 42},
				{"hour": "9", "usage": 34},
				{"hour": "10", "usage": 48},
				{"hour": "12", "usage": 21},
				{"hour": "14", "usage": 0},
				{"hour": "15", "usage": 21},
				{"hour": "16", "usage": 55},
				{"hour": "17", "usage": 1},
				{"hour": "18", "usage": 38},
				{"hour": "19", "usage": 35},
				{"hour": "20", "usage": 18},
				{"hour": "22", "usage": 0}
			],
			"details": [
				{"appName": "Samsung Experience 홈", "usage": [0, 2, 3, 5, 6, 7, 8, 9, 10, 11, 12, 13]},
				{"appName": "카카오톡", "usage": [3, 4, 5, 6, 8, 9, 10, 11, 12, 13]},
				{"appName": "Facebook", "usage": [5, 8, 9, 10, 11, 12, 13]},
				{"appName": "코레일톡", "usage": [7, 8, 9, 10, 12]},
				{"appName": "전화", "usage": [4, 5, 8, 10, 12]},
				{"appName": "Paco", "usage": [5, 8, 9, 11, 13]},
				{"appName": "왓챠플레이", "usage": [6, 7, 8, 11]},
				{"appName": "갤러리", "usage": [5, 10, 11, 13]},
				{"appName": "시계", "usage": [2, 3, 4]},
				{"appName": "NAVER", "usage": [6, 8, 10]},
				{"appName": "Messenger", "usage": [11, 12, 13]},
				{"appName": "설정", "usage": [5, 11]},
				{"appName": "비디오 플레이어", "usage": [12, 13]},
				{"appName": "메시지", "usage": [12, 13]},
				{"appName": "네이버 지도", "usage": [11, 12]},
				{"appName": "Polar Beat", "usage": [5, 11]},
				{"appName": "Google", "usage": [9, 11]},
				{"appName": "한국장학재단", "usage": [5]},
				{"appName": "패키지 설치 프로그램", "usage": [5]},
				{"appName": "콴다 선생님", "usage": [5]},
				{"appName": "캘린더", "usage": [8]},
				{"appName": "카메라", "usage": [10]},
				{"appName": "접근성", "usage": [5]},
				{"appName": "원스토어", "usage": [10]},
				{"appName": "시스템 UI", "usage": [11]},
				{"appName": "삼성 인터넷", "usage": [13]},
				{"appName": "모바일 티머니", "usage": [12]},
				{"appName": "디바이스 케어", "usage": [6]},
				{"appName": "네이버 웹툰", "usage": [8]},
				{"appName": "Zenly", "usage": [10]},
				{"appName": "Samsung Pay", "usage": [13]},
				{"appName": "Logger", "usage": [5]},
				{"appName": "KLMS", "usage": [11]},
				{"appName": "Google Play 서비스", "usage": [5]},
				{"appName": "Chrome", "usage": [11]}
			]
		},
		"maxTime": {
			"usage": 48,
			"details": [
				{"appName": "Facebook", "usage": 606},
				{"appName": "왓챠플레이", "usage": 43},
				{"appName": "삼성 인터넷", "usage": 5},
				{"appName": "카카오톡", "usage": 2},
				{"appName": "전화", "usage": 2},
				{"appName": "NAVER", "usage": 1},
				{"appName": "Zenly", "usage": 1},
				{"appName": "네이버 지도", "usage": 1},
				{"appName": "갤러리", "usage": 1},
				{"appName": "Samsung Experience 홈", "usage": 1},
				{"appName": "KLMS", "usage": 1},
				{"appName": "Polar Beat", "usage": 0},
				{"appName": "코레일톡", "usage": 0},
				{"appName": "Messenger", "usage": 0},
				{"appName": "Paco", "usage": 0},
				{"appName": "비디오 플레이어", "usage": 0},
				{"appName": "메시지", "usage": 0},
				{"appName": "콴다 선생님", "usage": 0},
				{"appName": "시계", "usage": 0},
				{"appName": "Samsung Pay", "usage": 0},
				{"appName": "모바일 티머니", "usage": 0},
				{"appName": "카메라", "usage": 0},
				{"appName": "Google", "usage": 0},
				{"appName": "캘린더", "usage": 0},
				{"appName": "설정", "usage": 0},
				{"appName": "디바이스 케어", "usage": 0},
				{"appName": "Google Play 서비스", "usage": 0},
				{"appName": "시스템 UI", "usage": 0},
				{"appName": "네이버 웹툰", "usage": 0},
				{"appName": "Logger", "usage": 0},
				{"appName": "Chrome", "usage": 0},
				{"appName": "접근성", "usage": 0},
				{"appName": "패키지 설치 프로그램", "usage": 0},
				{"appName": "원스토어", "usage": 0},
				{"appName": "한국장학재단", "usage": 0}
			]
		},
		"avgTime": {
			"usage": 4,
			"details": [
				{"appName": "왓챠플레이", "usage": 5},
				{"appName": "Facebook", "usage": 4},
				{"appName": "삼성 인터넷", "usage": 1},
				{"appName": "갤러리", "usage": 0},
				{"appName": "네이버 지도", "usage": 0},
				{"appName": "Zenly", "usage": 0},
				{"appName": "메시지", "usage": 0},
				{"appName": "전화", "usage": 0},
				{"appName": "NAVER", "usage": 0},
				{"appName": "Samsung Pay", "usage": 0},
				{"appName": "비디오 플레이어", "usage": 0},
				{"appName": "캘린더", "usage": 0},
				{"appName": "Google", "usage": 0},
				{"appName": "Polar Beat", "usage": 0},
				{"appName": "카카오톡", "usage": 0},
				{"appName": "KLMS", "usage": 0},
				{"appName": "모바일 티머니", "usage": 0},
				{"appName": "Messenger", "usage": 0},
				{"appName": "카메라", "usage": 0},
				{"appName": "코레일톡", "usage": 0},
				{"appName": "Samsung Experience 홈", "usage": 0},
				{"appName": "디바이스 케어", "usage": 0},
				{"appName": "Paco", "usage": 0},
				{"appName": "시계", "usage": 0},
				{"appName": "Google Play 서비스", "usage": 0},
				{"appName": "콴다 선생님", "usage": 0},
				{"appName": "시스템 UI", "usage": 0},
				{"appName": "설정", "usage": 0},
				{"appName": "네이버 웹툰", "usage": 0},
				{"appName": "Chrome", "usage": 0},
				{"appName": "Logger", "usage": 0},
				{"appName": "접근성", "usage": 0},
				{"appName": "패키지 설치 프로그램", "usage": 0},
				{"appName": "원스토어", "usage": 0},
				{"appName": "한국장학재단", "usage": 0}
			]
		},
		"lastPickup": {"time": 0}
	}
]
