[
	{
		"date": 1,
		"totalTime": {
			"usage": 584,
			"details": [
				{"appName": "Chrome", "usage": 135},
				{"appName": "Facebook", "usage": 74},
				{"appName": "YouTube", "usage": 31},
				{"appName": "카카오톡", "usage": 29},
				{"appName": "기본홈", "usage": 5},
				{"appName": "Paco", "usage": 5},
				{"appName": "Polar Beat", "usage": 3},
				{"appName": "알람/시계", "usage": 3},
				{"appName": "통화 화면", "usage": 2},
				{"appName": "메시지", "usage": 1},
				{"appName": "프레젠테이션", "usage": 0},
				{"appName": "주소록", "usage": 0},
				{"appName": "시스템 UI", "usage": 0},
				{"appName": "KLMS", "usage": 0},
				{"appName": "Melon", "usage": 0},
				{"appName": "카카오뱅크", "usage": 0},
				{"appName": "패키지 설치 프로그램", "usage": 0},
				{"appName": "드라이브", "usage": 0},
				{"appName": "Microsoft Band", "usage": 0},
				{"appName": "Wi-Fi", "usage": 0},
				{"appName": "접근성", "usage": 0},
				{"appName": "네트워크", "usage": 0},
				{"appName": "Google", "usage": 0},
				{"appName": "위비뱅크", "usage": 0},
				{"appName": "ABC Logger", "usage": 0},
				{"appName": "Logger", "usage": 0},
				{"appName": "원터치개인", "usage": 0},
				{"appName": "통화 관리", "usage": 0},
				{"appName": "설정", "usage": 0},
				{"appName": "Shutdown Monitor", "usage": 0}
			]
		},
		"pickups": {"usage": 135},
		"downTime": {
			"usage": [
				{"hour": "1", "usage": 12},
				{"hour": "2", "usage": 41},
				{"hour": "3", "usage": 12},
				{"hour": "4", "usage": 5},
				{"hour": "5", "usage": 8},
				{"hour": "6", "usage": 2},
				{"hour": "7", "usage": 0},
				{"hour": "8", "usage": 2},
				{"hour": "9", "usage": 6},
				{"hour": "10", "usage": 22},
				{"hour": "11", "usage": 35},
				{"hour": "12", "usage": 4},
				{"hour": "13", "usage": 45},
				{"hour": "14", "usage": 60},
				{"hour": "15", "usage": 60},
				{"hour": "16", "usage": 60},
				{"hour": "17", "usage": 56},
				{"hour": "19", "usage": 52},
				{"hour": "20", "usage": 54},
				{"hour": "21", "usage": 35},
				{"hour": "22", "usage": 6},
				{"hour": "23", "usage": 0}
			],
			"details": [
				{"appName": "기본홈", "usage": [1, 2, 3, 4, 5, 6, 8, 9, 10, 11, 12, 13, 17, 19, 20, 21, 22]},
				{"appName": "카카오톡", "usage": [1, 2, 3, 4, 5, 6, 8, 9, 10, 11, 12, 13, 15, 21, 22]},
				{"appName": "시스템 UI", "usage": [2, 3, 5, 8, 10, 11, 13, 20, 21, 22]},
				{"appName": "Facebook", "usage": [1, 2, 3, 4, 9, 10, 11, 21, 22]},
				{"appName": "Paco", "usage": [3, 5, 6, 9, 10, 11, 12, 13]},
				{"appName": "Chrome", "usage": [3, 10, 13, 19, 20, 21]},
				{"appName": "주소록", "usage": [8, 9, 11, 12, 13]},
				{"appName": "Polar Beat", "usage": [3, 4, 10, 12, 13]},
				{"appName": "통화 화면", "usage": [8, 9, 13, 22]},
				{"appName": "알람/시계", "usage": [1, 17, 19, 22]},
				{"appName": "드라이브", "usage": [6, 7, 8, 13]},
				{"appName": "패키지 설치 프로그램", "usage": [3, 6, 13]},
				{"appName": "통화 관리", "usage": [8, 9, 13]},
				{"appName": "메시지", "usage": [5, 13]},
				{"appName": "YouTube", "usage": [2, 3]},
				{"appName": "Melon", "usage": [1, 3]},
				{"appName": "프레젠테이션", "usage": [6]},
				{"appName": "카카오뱅크", "usage": [9]},
				{"appName": "접근성", "usage": [13]},
				{"appName": "위비뱅크", "usage": [3]},
				{"appName": "원터치개인", "usage": [9]},
				{"appName": "설정", "usage": [17]},
				{"appName": "네트워크", "usage": [17]},
				{"appName": "Wi-Fi", "usage": [2]},
				{"appName": "Shutdown Monitor", "usage": [15]},
				{"appName": "Microsoft Band", "usage": [3]},
				{"appName": "Logger", "usage": [13]},
				{"appName": "KLMS", "usage": [6]},
				{"appName": "Google", "usage": [5]},
				{"appName": "ABC Logger", "usage": [3]}
			]
		},
		"maxTime": {
			"usage": 277,
			"details": [
				{"appName": "Chrome", "usage": 52},
				{"appName": "Facebook", "usage": 32},
				{"appName": "YouTube", "usage": 30},
				{"appName": "카카오톡", "usage": 2},
				{"appName": "통화 화면", "usage": 1},
				{"appName": "Polar Beat", "usage": 1},
				{"appName": "Paco", "usage": 0},
				{"appName": "알람/시계", "usage": 0},
				{"appName": "기본홈", "usage": 0},
				{"appName": "Microsoft Band", "usage": 0},
				{"appName": "프레젠테이션", "usage": 0},
				{"appName": "KLMS", "usage": 0},
				{"appName": "메시지", "usage": 0},
				{"appName": "Melon", "usage": 0},
				{"appName": "패키지 설치 프로그램", "usage": 0},
				{"appName": "카카오뱅크", "usage": 0},
				{"appName": "접근성", "usage": 0},
				{"appName": "주소록", "usage": 0},
				{"appName": "네트워크", "usage": 0},
				{"appName": "Wi-Fi", "usage": 0},
				{"appName": "드라이브", "usage": 0},
				{"appName": "시스템 UI", "usage": 0},
				{"appName": "위비뱅크", "usage": 0},
				{"appName": "Google", "usage": 0},
				{"appName": "ABC Logger", "usage": 0},
				{"appName": "Logger", "usage": 0},
				{"appName": "원터치개인", "usage": 0},
				{"appName": "설정", "usage": 0},
				{"appName": "통화 관리", "usage": 0},
				{"appName": "Shutdown Monitor", "usage": 0}
			]
		},
		"avgTime": {
			"usage": 4,
			"details": [
				{"appName": "Chrome", "usage": 7},
				{"appName": "YouTube", "usage": 6},
				{"appName": "Facebook", "usage": 1},
				{"appName": "통화 화면", "usage": 0},
				{"appName": "KLMS", "usage": 0},
				{"appName": "Microsoft Band", "usage": 0},
				{"appName": "접근성", "usage": 0},
				{"appName": "네트워크", "usage": 0},
				{"appName": "Polar Beat", "usage": 0},
				{"appName": "카카오톡", "usage": 0},
				{"appName": "프레젠테이션", "usage": 0},
				{"appName": "Wi-Fi", "usage": 0},
				{"appName": "Paco", "usage": 0},
				{"appName": "알람/시계", "usage": 0},
				{"appName": "메시지", "usage": 0},
				{"appName": "드라이브", "usage": 0},
				{"appName": "주소록", "usage": 0},
				{"appName": "기본홈", "usage": 0},
				{"appName": "카카오뱅크", "usage": 0},
				{"appName": "Melon", "usage": 0},
				{"appName": "패키지 설치 프로그램", "usage": 0},
				{"appName": "Google", "usage": 0},
				{"appName": "시스템 UI", "usage": 0},
				{"appName": "ABC Logger", "usage": 0},
				{"appName": "Logger", "usage": 0},
				{"appName": "원터치개인", "usage": 0},
				{"appName": "위비뱅크", "usage": 0},
				{"appName": "설정", "usage": 0},
				{"appName": "통화 관리", "usage": 0},
				{"appName": "Shutdown Monitor", "usage": 0}
			]
		},
		"lastPickup": {"time": 0}
	},
	{
		"date": 2,
		"totalTime": {
			"usage": 243,
			"details": [
				{"appName": "YouTube", "usage": 139},
				{"appName": "Facebook", "usage": 27},
				{"appName": "카카오톡", "usage": 26},
				{"appName": "쿠팡", "usage": 12},
				{"appName": "기본홈", "usage": 4},
				{"appName": "Paco", "usage": 4},
				{"appName": "통화 화면", "usage": 3},
				{"appName": "Chrome", "usage": 2},
				{"appName": "메시지", "usage": 2},
				{"appName": "알람/시계", "usage": 1},
				{"appName": "Polar Beat", "usage": 1},
				{"appName": "주소록", "usage": 0},
				{"appName": "시스템 UI", "usage": 0},
				{"appName": "원터치개인", "usage": 0},
				{"appName": "접근성", "usage": 0},
				{"appName": "Logger", "usage": 0},
				{"appName": "Google", "usage": 0},
				{"appName": "카메라", "usage": 0},
				{"appName": "ABC Logger", "usage": 0},
				{"appName": "패키지 설치 프로그램", "usage": 0},
				{"appName": "이마트몰", "usage": 0}
			]
		},
		"pickups": {"usage": 119},
		"downTime": {
			"usage": [
				{"hour": "0", "usage": 0},
				{"hour": "1", "usage": 4},
				{"hour": "2", "usage": 10},
				{"hour": "3", "usage": 4},
				{"hour": "4", "usage": 18},
				{"hour": "5", "usage": 10},
				{"hour": "6", "usage": 6},
				{"hour": "7", "usage": 60},
				{"hour": "8", "usage": 59},
				{"hour": "9", "usage": 31},
				{"hour": "10", "usage": 6},
				{"hour": "11", "usage": 0},
				{"hour": "12", "usage": 3},
				{"hour": "13", "usage": 7},
				{"hour": "14", "usage": 3},
				{"hour": "15", "usage": 3},
				{"hour": "16", "usage": 0},
				{"hour": "22", "usage": 11}
			],
			"details": [
				{"appName": "기본홈", "usage": [1, 2, 3, 4, 5, 6, 7, 8, 9, 10, 12, 13, 14, 15, 22]},
				{"appName": "카카오톡", "usage": [1, 2, 3, 4, 5, 6, 8, 9, 10, 12, 13, 14, 15, 22]},
				{"appName": "Paco", "usage": [1, 3, 5, 6, 8, 10, 12]},
				{"appName": "Facebook", "usage": [3, 9, 10, 12, 13, 14, 22]},
				{"appName": "시스템 UI", "usage": [2, 5, 8, 22]},
				{"appName": "YouTube", "usage": [6, 7, 8, 9]},
				{"appName": "Polar Beat", "usage": [1, 2, 9, 12]},
				{"appName": "쿠팡", "usage": [2, 4, 5]},
				{"appName": "알람/시계", "usage": [15, 19, 22]},
				{"appName": "Logger", "usage": [1, 8, 12]},
				{"appName": "패키지 설치 프로그램", "usage": [1, 8]},
				{"appName": "통화 화면", "usage": [2, 9]},
				{"appName": "주소록", "usage": [1, 2]},
				{"appName": "접근성", "usage": [1, 12]},
				{"appName": "Google", "usage": [3, 12]},
				{"appName": "Chrome", "usage": [2, 7]},
				{"appName": "카메라", "usage": [22]},
				{"appName": "이마트몰", "usage": [11]},
				{"appName": "원터치개인", "usage": [2]},
				{"appName": "메시지", "usage": [5]},
				{"appName": "ABC Logger", "usage": [12]}
			]
		},
		"maxTime": {
			"usage": 104,
			"details": [
				{"appName": "YouTube", "usage": 47},
				{"appName": "Facebook", "usage": 9},
				{"appName": "카카오톡", "usage": 3},
				{"appName": "통화 화면", "usage": 3},
				{"appName": "Chrome", "usage": 1},
				{"appName": "메시지", "usage": 1},
				{"appName": "쿠팡", "usage": 1},
				{"appName": "Paco", "usage": 0},
				{"appName": "Polar Beat", "usage": 0},
				{"appName": "기본홈", "usage": 0},
				{"appName": "알람/시계", "usage": 0},
				{"appName": "주소록", "usage": 0},
				{"appName": "원터치개인", "usage": 0},
				{"appName": "접근성", "usage": 0},
				{"appName": "시스템 UI", "usage": 0},
				{"appName": "Logger", "usage": 0},
				{"appName": "Google", "usage": 0},
				{"appName": "카메라", "usage": 0},
				{"appName": "ABC Logger", "usage": 0},
				{"appName": "패키지 설치 프로그램", "usage": 0},
				{"appName": "이마트몰", "usage": 0}
			]
		},
		"avgTime": {
			"usage": 2,
			"details": [
				{"appName": "YouTube", "usage": 13},
				{"appName": "Facebook", "usage": 1},
				{"appName": "통화 화면", "usage": 1},
				{"appName": "Chrome", "usage": 0},
				{"appName": "메시지", "usage": 0},
				{"appName": "쿠팡", "usage": 0},
				{"appName": "주소록", "usage": 0},
				{"appName": "카카오톡", "usage": 0},
				{"appName": "Paco", "usage": 0},
				{"appName": "접근성", "usage": 0},
				{"appName": "Polar Beat", "usage": 0},
				{"appName": "알람/시계", "usage": 0},
				{"appName": "기본홈", "usage": 0},
				{"appName": "Logger", "usage": 0},
				{"appName": "원터치개인", "usage": 0},
				{"appName": "시스템 UI", "usage": 0},
				{"appName": "Google", "usage": 0},
				{"appName": "카메라", "usage": 0},
				{"appName": "ABC Logger", "usage": 0},
				{"appName": "패키지 설치 프로그램", "usage": 0},
				{"appName": "이마트몰", "usage": 0}
			]
		},
		"lastPickup": {"time": 0}
	},
	{
		"date": 3,
		"totalTime": {
			"usage": 213,
			"details": [
				{"appName": "YouTube", "usage": 77},
				{"appName": "카카오톡", "usage": 42},
				{"appName": "드라이브", "usage": 16},
				{"appName": "Chrome", "usage": 15},
				{"appName": "Facebook", "usage": 10},
				{"appName": "Melon", "usage": 10},
				{"appName": "Paco", "usage": 7},
				{"appName": "기본홈", "usage": 5},
				{"appName": "통화 화면", "usage": 5},
				{"appName": "쿠팡", "usage": 2},
				{"appName": "사운드코르셋 튜너 & 메트로놈", "usage": 1},
				{"appName": "메시지", "usage": 1},
				{"appName": "카메라", "usage": 0},
				{"appName": "시스템 UI", "usage": 0},
				{"appName": "Polar Beat", "usage": 0},
				{"appName": "접근성", "usage": 0},
				{"appName": "Bluetooth", "usage": 0},
				{"appName": "주소록", "usage": 0},
				{"appName": "Wi-Fi", "usage": 0},
				{"appName": "Android 시스템", "usage": 0},
				{"appName": "에브리타임", "usage": 0},
				{"appName": "통화 관리", "usage": 0},
				{"appName": "NFC 서비스", "usage": 0}
			]
		},
		"pickups": {"usage": 167},
		"downTime": {
			"usage": [
				{"hour": "0", "usage": 25},
				{"hour": "1", "usage": 13},
				{"hour": "2", "usage": 23},
				{"hour": "3", "usage": 13},
				{"hour": "4", "usage": 2},
				{"hour": "5", "usage": 31},
				{"hour": "6", "usage": 21},
				{"hour": "7", "usage": 19},
				{"hour": "8", "usage": 5},
				{"hour": "9", "usage": 16},
				{"hour": "10", "usage": 14},
				{"hour": "11", "usage": 7},
				{"hour": "12", "usage": 0},
				{"hour": "13", "usage": 7},
				{"hour": "14", "usage": 0},
				{"hour": "15", "usage": 0},
				{"hour": "16", "usage": 0},
				{"hour": "19", "usage": 10},
				{"hour": "21", "usage": 0}
			],
			"details": [
				{"appName": "카카오톡", "usage": [0, 1, 2, 3, 4, 5, 6, 8, 9, 10, 11, 12, 13, 19, 21]},
				{"appName": "기본홈", "usage": [0, 1, 2, 3, 4, 5, 6, 7, 8, 9, 10, 11, 13, 19]},
				{"appName": "시스템 UI", "usage": [0, 2, 5, 6, 7, 11, 13, 19]},
				{"appName": "YouTube", "usage": [0, 1, 2, 5, 6, 7, 8, 9]},
				{"appName": "Paco", "usage": [1, 2, 3, 4, 5, 9, 10, 13]},
				{"appName": "Chrome", "usage": [2, 3, 9, 10, 11, 13, 19]},
				{"appName": "통화 화면", "usage": [0, 2, 6, 11, 13]},
				{"appName": "Facebook", "usage": [2, 3, 9, 10, 19]},
				{"appName": "통화 관리", "usage": [0, 2, 13]},
				{"appName": "주소록", "usage": [2, 3, 10]},
				{"appName": "접근성", "usage": [1, 4, 13]},
				{"appName": "메시지", "usage": [5, 9, 10]},
				{"appName": "드라이브", "usage": [0, 6, 7]},
				{"appName": "Melon", "usage": [0, 6, 7]},
				{"appName": "쿠팡", "usage": [5, 8]},
				{"appName": "카메라", "usage": [10, 19]},
				{"appName": "Polar Beat", "usage": [1, 13]},
				{"appName": "에브리타임", "usage": [5]},
				{"appName": "사운드코르셋 튜너 & 메트로놈", "usage": [1]},
				{"appName": "Wi-Fi", "usage": [0]},
				{"appName": "NFC 서비스", "usage": [3]},
				{"appName": "Bluetooth", "usage": [13]},
				{"appName": "Android 시스템", "usage": [3]}
			]
		},
		"maxTime": {
			"usage": 32,
			"details": [
				{"appName": "YouTube", "usage": 21},
				{"appName": "Chrome", "usage": 5},
				{"appName": "카카오톡", "usage": 4},
				{"appName": "Paco", "usage": 3},
				{"appName": "드라이브", "usage": 3},
				{"appName": "Facebook", "usage": 3},
				{"appName": "Melon", "usage": 1},
				{"appName": "통화 화면", "usage": 1},
				{"appName": "사운드코르셋 튜너 & 메트로놈", "usage": 1},
				{"appName": "기본홈", "usage": 0},
				{"appName": "카메라", "usage": 0},
				{"appName": "쿠팡", "usage": 0},
				{"appName": "메시지", "usage": 0},
				{"appName": "Bluetooth", "usage": 0},
				{"appName": "Wi-Fi", "usage": 0},
				{"appName": "접근성", "usage": 0},
				{"appName": "주소록", "usage": 0},
				{"appName": "시스템 UI", "usage": 0},
				{"appName": "Polar Beat", "usage": 0},
				{"appName": "Android 시스템", "usage": 0},
				{"appName": "에브리타임", "usage": 0},
				{"appName": "통화 관리", "usage": 0},
				{"appName": "NFC 서비스", "usage": 0}
			]
		},
		"avgTime": {
			"usage": 1,
			"details": [
				{"appName": "YouTube", "usage": 4},
				{"appName": "Chrome", "usage": 0},
				{"appName": "드라이브", "usage": 0},
				{"appName": "통화 화면", "usage": 0},
				{"appName": "Facebook", "usage": 0},
				{"appName": "사운드코르셋 튜너 & 메트로놈", "usage": 0},
				{"appName": "Melon", "usage": 0},
				{"appName": "Paco", "usage": 0},
				{"appName": "쿠팡", "usage": 0},
				{"appName": "카메라", "usage": 0},
				{"appName": "카카오톡", "usage": 0},
				{"appName": "메시지", "usage": 0},
				{"appName": "Wi-Fi", "usage": 0},
				{"appName": "접근성", "usage": 0},
				{"appName": "Polar Beat", "usage": 0},
				{"appName": "Bluetooth", "usage": 0},
				{"appName": "기본홈", "usage": 0},
				{"appName": "주소록", "usage": 0},
				{"appName": "시스템 UI", "usage": 0},
				{"appName": "Android 시스템", "usage": 0},
				{"appName": "에브리타임", "usage": 0},
				{"appName": "통화 관리", "usage": 0},
				{"appName": "NFC 서비스", "usage": 0}
			]
		},
		"lastPickup": {"time": 0}
	},
	{
		"date": 4,
		"totalTime": {
			"usage": 462,
			"details": [
				{"appName": "YouTube", "usage": 134},
				{"appName": "Facebook", "usage": 46},
				{"appName": "카카오톡", "usage": 33},
				{"appName": "Chrome", "usage": 24},
				{"appName": "통화 화면", "usage": 8},
				{"appName": "기본홈", "usage": 3},
				{"appName": "Paco", "usage": 3},
				{"appName": "드라이브", "usage": 1},
				{"appName": "Polar Beat", "usage": 0},
				{"appName": "갤러리", "usage": 0},
				{"appName": "접근성", "usage": 0},
				{"appName": "카메라", "usage": 0},
				{"appName": "시스템 UI", "usage": 0},
				{"appName": "Wi-Fi", "usage": 0},
				{"appName": "Logger", "usage": 0},
				{"appName": "Google Play 서비스", "usage": 0},
				{"appName": "Android 시스템", "usage": 0},
				{"appName": "Shutdown Monitor", "usage": 0},
				{"appName": "설정", "usage": 0},
				{"appName": "네트워크", "usage": 0},
				{"appName": "패키지 설치 프로그램", "usage": 0},
				{"appName": "통화 관리", "usage": 0},
				{"appName": "이마트몰", "usage": 0}
			]
		},
		"pickups": {"usage": 112},
		"downTime": {
			"usage": [
				{"hour": "0", "usage": 0},
				{"hour": "1", "usage": 6},
				{"hour": "2", "usage": 22},
				{"hour": "3", "usage": 15},
				{"hour": "4", "usage": 0},
				{"hour": "5", "usage": 9},
				{"hour": "6", "usage": 19},
				{"hour": "7", "usage": 1},
				{"hour": "8", "usage": 23},
				{"hour": "9", "usage": 8},
				{"hour": "10", "usage": 25},
				{"hour": "11", "usage": 9},
				{"hour": "12", "usage": 0},
				{"hour": "17", "usage": 0},
				{"hour": "18", "usage": 19},
				{"hour": "19", "usage": 9}
			],
			"details": [
				{"appName": "기본홈", "usage": [1, 2, 3, 5, 6, 7, 8, 9, 10, 11, 17, 18, 19]},
				{"appName": "카카오톡", "usage": [1, 2, 3, 5, 6, 7, 8, 9, 10, 11]},
				{"appName": "Facebook", "usage": [2, 3, 4, 5, 6, 7, 8, 9, 10]},
				{"appName": "YouTube", "usage": [3, 11, 12, 14, 18, 19, 20]},
				{"appName": "Paco", "usage": [5, 6, 7, 8, 9, 10, 11]},
				{"appName": "Chrome", "usage": [2, 3, 5, 6, 8, 10, 11]},
				{"appName": "시스템 UI", "usage": [2, 5, 8, 10, 11, 18]},
				{"appName": "통화 화면", "usage": [1, 4, 9, 10]},
				{"appName": "Polar Beat", "usage": [5, 9, 18]},
				{"appName": "패키지 설치 프로그램", "usage": [5, 18]},
				{"appName": "카메라", "usage": [8, 9]},
				{"appName": "접근성", "usage": [5, 18]},
				{"appName": "설정", "usage": [10, 17]},
				{"appName": "네트워크", "usage": [17, 18]},
				{"appName": "갤러리", "usage": [8, 10]},
				{"appName": "Shutdown Monitor", "usage": [14, 20]},
				{"appName": "Logger", "usage": [5, 18]},
				{"appName": "Android 시스템", "usage": [2, 8]},
				{"appName": "통화 관리", "usage": [9]},
				{"appName": "이마트몰", "usage": [12]},
				{"appName": "드라이브", "usage": [2]},
				{"appName": "Wi-Fi", "usage": [7]},
				{"appName": "Google Play 서비스", "usage": [2]}
			]
		},
		"maxTime": {
			"usage": 290,
			"details": [
				{"appName": "YouTube", "usage": 96},
				{"appName": "Facebook", "usage": 14},
				{"appName": "Chrome", "usage": 9},
				{"appName": "통화 화면", "usage": 4},
				{"appName": "카카오톡", "usage": 2},
				{"appName": "Paco", "usage": 0},
				{"appName": "갤러리", "usage": 0},
				{"appName": "드라이브", "usage": 0},
				{"appName": "기본홈", "usage": 0},
				{"appName": "접근성", "usage": 0},
				{"appName": "카메라", "usage": 0},
				{"appName": "Polar Beat", "usage": 0},
				{"appName": "Wi-Fi", "usage": 0},
				{"appName": "Google Play 서비스", "usage": 0},
				{"appName": "Shutdown Monitor", "usage": 0},
				{"appName": "Android 시스템", "usage": 0},
				{"appName": "Logger", "usage": 0},
				{"appName": "시스템 UI", "usage": 0},
				{"appName": "설정", "usage": 0},
				{"appName": "네트워크", "usage": 0},
				{"appName": "패키지 설치 프로그램", "usage": 0},
				{"appName": "통화 관리", "usage": 0},
				{"appName": "이마트몰", "usage": 0}
			]
		},
		"avgTime": {
			"usage": 4,
			"details": [
				{"appName": "YouTube", "usage": 10},
				{"appName": "통화 화면", "usage": 1},
				{"appName": "Chrome", "usage": 1},
				{"appName": "Facebook", "usage": 1},
				{"appName": "갤러리", "usage": 0},
				{"appName": "Wi-Fi", "usage": 0},
				{"appName": "카카오톡", "usage": 0},
				{"appName": "접근성", "usage": 0},
				{"appName": "Paco", "usage": 0},
				{"appName": "드라이브", "usage": 0},
				{"appName": "카메라", "usage": 0},
				{"appName": "Google Play 서비스", "usage": 0},
				{"appName": "Polar Beat", "usage": 0},
				{"appName": "Android 시스템", "usage": 0},
				{"appName": "기본홈", "usage": 0},
				{"appName": "Logger", "usage": 0},
				{"appName": "시스템 UI", "usage": 0},
				{"appName": "설정", "usage": 0},
				{"appName": "Shutdown Monitor", "usage": 0},
				{"appName": "네트워크", "usage": 0},
				{"appName": "패키지 설치 프로그램", "usage": 0},
				{"appName": "통화 관리", "usage": 0},
				{"appName": "이마트몰", "usage": 0}
			]
		},
		"lastPickup": {"time": 290}
	},
	{
		"date": 5,
		"totalTime": {
			"usage": 316,
			"details": [
				{"appName": "기본홈", "usage": 193},
				{"appName": "Facebook", "usage": 45},
				{"appName": "카카오톡", "usage": 25},
				{"appName": "통화 화면", "usage": 12},
				{"appName": "Chrome", "usage": 10},
				{"appName": "YouTube", "usage": 4},
				{"appName": "카메라", "usage": 3},
				{"appName": "Paco", "usage": 3},
				{"appName": "Melon", "usage": 2},
				{"appName": "Wi-Fi", "usage": 1},
				{"appName": "KT 패밀리박스", "usage": 0},
				{"appName": "시스템 UI", "usage": 0},
				{"appName": "Bluetooth", "usage": 0},
				{"appName": "Polar Beat", "usage": 0},
				{"appName": "Logger", "usage": 0},
				{"appName": "주소록", "usage": 0},
				{"appName": "접근성", "usage": 0},
				{"appName": "네트워크", "usage": 0},
				{"appName": "LG 키보드", "usage": 0},
				{"appName": "Google", "usage": 0},
				{"appName": "Dropsync", "usage": 0},
				{"appName": "설정", "usage": 0},
				{"appName": "패키지 설치 프로그램", "usage": 0},
				{"appName": "통화 관리", "usage": 0}
			]
		},
		"pickups": {"usage": 116},
		"downTime": {
			"usage": [
				{"hour": "0", "usage": 60},
				{"hour": "1", "usage": 60},
				{"hour": "2", "usage": 60},
				{"hour": "3", "usage": 31},
				{"hour": "4", "usage": 4},
				{"hour": "5", "usage": 1},
				{"hour": "6", "usage": 1},
				{"hour": "7", "usage": 0},
				{"hour": "8", "usage": 8},
				{"hour": "9", "usage": 0},
				{"hour": "10", "usage": 5},
				{"hour": "11", "usage": 25},
				{"hour": "12", "usage": 34},
				{"hour": "13", "usage": 1},
				{"hour": "14", "usage": 10},
				{"hour": "16", "usage": 2},
				{"hour": "17", "usage": 7},
				{"hour": "18", "usage": 0}
			],
			"details": [
				{"appName": "기본홈", "usage": [0, 1, 2, 3, 4, 6, 7, 8, 9, 11, 12, 13, 14, 16, 17]},
				{"appName": "카카오톡", "usage": [3, 4, 5, 6, 7, 8, 9, 10, 11, 12, 14, 16, 17]},
				{"appName": "Facebook", "usage": [3, 4, 8, 11, 12, 14, 15, 16, 17]},
				{"appName": "Paco", "usage": [4, 6, 7, 11, 12, 13, 14]},
				{"appName": "카메라", "usage": [8, 9, 11, 12, 14]},
				{"appName": "시스템 UI", "usage": [3, 4, 12, 14]},
				{"appName": "Chrome", "usage": [11, 14, 16, 17]},
				{"appName": "Polar Beat", "usage": [4, 13, 14]},
				{"appName": "Melon", "usage": [8, 14, 16]},
				{"appName": "패키지 설치 프로그램", "usage": [4, 14]},
				{"appName": "통화 화면", "usage": [10, 11]},
				{"appName": "통화 관리", "usage": [10, 11]},
				{"appName": "주소록", "usage": [11, 14]},
				{"appName": "Wi-Fi", "usage": [12, 13]},
				{"appName": "Logger", "usage": [4, 14]},
				{"appName": "KT 패밀리박스", "usage": [12, 14]},
				{"appName": "Dropsync", "usage": [4, 7]},
				{"appName": "접근성", "usage": [4]},
				{"appName": "설정", "usage": [3]},
				{"appName": "네트워크", "usage": [3]},
				{"appName": "YouTube", "usage": [12]},
				{"appName": "LG 키보드", "usage": [14]},
				{"appName": "Google", "usage": [12]},
				{"appName": "Bluetooth", "usage": [12]}
			]
		},
		"maxTime": {
			"usage": 189,
			"details": [
				{"appName": "기본홈", "usage": 189},
				{"appName": "Facebook", "usage": 11},
				{"appName": "통화 화면", "usage": 6},
				{"appName": "Chrome", "usage": 5},
				{"appName": "YouTube", "usage": 4},
				{"appName": "Melon", "usage": 2},
				{"appName": "카메라", "usage": 2},
				{"appName": "카카오톡", "usage": 1},
				{"appName": "Paco", "usage": 0},
				{"appName": "Wi-Fi", "usage": 0},
				{"appName": "Bluetooth", "usage": 0},
				{"appName": "주소록", "usage": 0},
				{"appName": "Logger", "usage": 0},
				{"appName": "KT 패밀리박스", "usage": 0},
				{"appName": "접근성", "usage": 0},
				{"appName": "시스템 UI", "usage": 0},
				{"appName": "Polar Beat", "usage": 0},
				{"appName": "네트워크", "usage": 0},
				{"appName": "LG 키보드", "usage": 0},
				{"appName": "Google", "usage": 0},
				{"appName": "Dropsync", "usage": 0},
				{"appName": "설정", "usage": 0},
				{"appName": "패키지 설치 프로그램", "usage": 0},
				{"appName": "통화 관리", "usage": 0}
			]
		},
		"avgTime": {
			"usage": 2,
			"details": [
				{"appName": "통화 화면", "usage": 2},
				{"appName": "기본홈", "usage": 1},
				{"appName": "Facebook", "usage": 1},
				{"appName": "YouTube", "usage": 0},
				{"appName": "Chrome", "usage": 0},
				{"appName": "Bluetooth", "usage": 0},
				{"appName": "Wi-Fi", "usage": 0},
				{"appName": "카메라", "usage": 0},
				{"appName": "카카오톡", "usage": 0},
				{"appName": "Melon", "usage": 0},
				{"appName": "접근성", "usage": 0},
				{"appName": "Paco", "usage": 0},
				{"appName": "네트워크", "usage": 0},
				{"appName": "KT 패밀리박스", "usage": 0},
				{"appName": "Logger", "usage": 0},
				{"appName": "주소록", "usage": 0},
				{"appName": "LG 키보드", "usage": 0},
				{"appName": "Polar Beat", "usage": 0},
				{"appName": "시스템 UI", "usage": 0},
				{"appName": "Google", "usage": 0},
				{"appName": "Dropsync", "usage": 0},
				{"appName": "설정", "usage": 0},
				{"appName": "패키지 설치 프로그램", "usage": 0},
				{"appName": "통화 관리", "usage": 0}
			]
		},
		"lastPickup": {"time": 0}
	},
	{
		"date": 6,
		"totalTime": {
			"usage": 395,
			"details": [
				{"appName": "Facebook", "usage": 110},
				{"appName": "카카오톡", "usage": 20},
				{"appName": "Chrome", "usage": 5},
				{"appName": "통화 화면", "usage": 4},
				{"appName": "Paco", "usage": 3},
				{"appName": "기본홈", "usage": 2},
				{"appName": "주소록", "usage": 1},
				{"appName": "Logger", "usage": 0},
				{"appName": "카메라", "usage": 0},
				{"appName": "Polar Beat", "usage": 0},
				{"appName": "시스템 UI", "usage": 0},
				{"appName": "Wi-Fi", "usage": 0},
				{"appName": "접근성", "usage": 0},
				{"appName": "Google", "usage": 0},
				{"appName": "Shutdown Monitor", "usage": 0},
				{"appName": "패키지 설치 프로그램", "usage": 0},
				{"appName": "통화 관리", "usage": 0},
				{"appName": "설정", "usage": 0}
			]
		},
		"pickups": {"usage": 152},
		"downTime": {
			"usage": [
				{"hour": "1", "usage": 0},
				{"hour": "3", "usage": 0},
				{"hour": "4", "usage": 14},
				{"hour": "5", "usage": 42},
				{"hour": "6", "usage": 7},
				{"hour": "7", "usage": 3},
				{"hour": "8", "usage": 30},
				{"hour": "9", "usage": 18},
				{"hour": "10", "usage": 0},
				{"hour": "11", "usage": 6},
				{"hour": "12", "usage": 6},
				{"hour": "13", "usage": 11},
				{"hour": "14", "usage": 9},
				{"hour": "18", "usage": 1},
				{"hour": "19", "usage": 21},
				{"hour": "20", "usage": 1}
			],
			"details": [
				{"appName": "Facebook", "usage": [4, 5, 8, 9, 10, 11, 12, 13, 14, 18, 19, 20]},
				{"appName": "기본홈", "usage": [4, 5, 6, 7, 8, 10, 11, 12, 13, 14, 18]},
				{"appName": "카카오톡", "usage": [4, 5, 6, 7, 8, 11, 12, 13, 14, 18]},
				{"appName": "시스템 UI", "usage": [4, 5, 6, 7, 8, 11, 14]},
				{"appName": "Paco", "usage": [7, 8, 10, 11, 12, 14]},
				{"appName": "Chrome", "usage": [5, 6, 7, 12, 14]},
				{"appName": "통화 화면", "usage": [5, 6, 14]},
				{"appName": "주소록", "usage": [5, 6, 11]},
				{"appName": "Logger", "usage": [6, 12, 14]},
				{"appName": "패키지 설치 프로그램", "usage": [6, 12]},
				{"appName": "통화 관리", "usage": [5, 14]},
				{"appName": "Polar Beat", "usage": [6, 14]},
				{"appName": "카메라", "usage": [12]},
				{"appName": "접근성", "usage": [6]},
				{"appName": "설정", "usage": [20]},
				{"appName": "Wi-Fi", "usage": [13]},
				{"appName": "Shutdown Monitor", "usage": [20]},
				{"appName": "Google", "usage": [14]}
			]
		},
		"maxTime": {
			"usage": 219,
			"details": [
				{"appName": "Facebook", "usage": 34},
				{"appName": "Chrome", "usage": 2},
				{"appName": "통화 화면", "usage": 1},
				{"appName": "카카오톡", "usage": 1},
				{"appName": "Paco", "usage": 0},
				{"appName": "Logger", "usage": 0},
				{"appName": "카메라", "usage": 0},
				{"appName": "주소록", "usage": 0},
				{"appName": "기본홈", "usage": 0},
				{"appName": "Polar Beat", "usage": 0},
				{"appName": "Wi-Fi", "usage": 0},
				{"appName": "접근성", "usage": 0},
				{"appName": "시스템 UI", "usage": 0},
				{"appName": "Google", "usage": 0},
				{"appName": "패키지 설치 프로그램", "usage": 0},
				{"appName": "Shutdown Monitor", "usage": 0},
				{"appName": "통화 관리", "usage": 0},
				{"appName": "설정", "usage": 0}
			]
		},
		"avgTime": {
			"usage": 2,
			"details": [
				{"appName": "Facebook", "usage": 2},
				{"appName": "통화 화면", "usage": 0},
				{"appName": "카메라", "usage": 0},
				{"appName": "Chrome", "usage": 0},
				{"appName": "카카오톡", "usage": 0},
				{"appName": "Logger", "usage": 0},
				{"appName": "Paco", "usage": 0},
				{"appName": "주소록", "usage": 0},
				{"appName": "Wi-Fi", "usage": 0},
				{"appName": "접근성", "usage": 0},
				{"appName": "Polar Beat", "usage": 0},
				{"appName": "Google", "usage": 0},
				{"appName": "기본홈", "usage": 0},
				{"appName": "시스템 UI", "usage": 0},
				{"appName": "패키지 설치 프로그램", "usage": 0},
				{"appName": "통화 관리", "usage": 0},
				{"appName": "설정", "usage": 0},
				{"appName": "Shutdown Monitor", "usage": 0}
			]
		},
		"lastPickup": {"time": 219}
	},
	{
		"date": 7,
		"totalTime": {
			"usage": 147,
			"details": [
				{"appName": "Facebook", "usage": 86},
				{"appName": "YouTube", "usage": 30},
				{"appName": "카카오톡", "usage": 13},
				{"appName": "Chrome", "usage": 4},
				{"appName": "통화 화면", "usage": 1},
				{"appName": "쿠팡", "usage": 1},
				{"appName": "기본홈", "usage": 0},
				{"appName": "카메라", "usage": 0},
				{"appName": "Paco", "usage": 0},
				{"appName": "시스템 UI", "usage": 0},
				{"appName": "주소록", "usage": 0},
				{"appName": "Polar Beat", "usage": 0},
				{"appName": "접근성", "usage": 0},
				{"appName": "Logger", "usage": 0},
				{"appName": "Google Play 서비스", "usage": 0},
				{"appName": "네트워크", "usage": 0},
				{"appName": "설정", "usage": 0},
				{"appName": "패키지 설치 프로그램", "usage": 0},
				{"appName": "통화 관리", "usage": 0}
			]
		},
		"pickups": {"usage": 42},
		"downTime": {
			"usage": [
				{"hour": "4", "usage": 5},
				{"hour": "5", "usage": 23},
				{"hour": "6", "usage": 58},
				{"hour": "7", "usage": 53},
				{"hour": "8", "usage": 1},
				{"hour": "9", "usage": 4},
				{"hour": "10", "usage": 0}
			],
			"details": [
				{"appName": "카카오톡", "usage": [4, 5, 6, 7, 8, 9, 10]},
				{"appName": "기본홈", "usage": [4, 5, 6, 7, 8, 9, 10]},
				{"appName": "Facebook", "usage": [4, 5, 6, 7, 8, 9]},
				{"appName": "시스템 UI", "usage": [5, 6, 7]},
				{"appName": "YouTube", "usage": [5, 6, 7]},
				{"appName": "통화 화면", "usage": [7, 9]},
				{"appName": "카메라", "usage": [5, 6]},
				{"appName": "Chrome", "usage": [4, 5]},
				{"appName": "패키지 설치 프로그램", "usage": [7]},
				{"appName": "통화 관리", "usage": [7]},
				{"appName": "쿠팡", "usage": [4]},
				{"appName": "주소록", "usage": [7]},
				{"appName": "접근성", "usage": [7]},
				{"appName": "설정", "usage": [4]},
				{"appName": "네트워크", "usage": [4]},
				{"appName": "Polar Beat", "usage": [7]},
				{"appName": "Paco", "usage": [9]},
				{"appName": "Logger", "usage": [7]},
				{"appName": "Google Play 서비스", "usage": [4]}
			]
		},
		"maxTime": {
			"usage": 106,
			"details": [
				{"appName": "Facebook", "usage": 25},
				{"appName": "YouTube", "usage": 25},
				{"appName": "Chrome", "usage": 1},
				{"appName": "쿠팡", "usage": 0},
				{"appName": "카카오톡", "usage": 0},
				{"appName": "통화 화면", "usage": 0},
				{"appName": "카메라", "usage": 0},
				{"appName": "Paco", "usage": 0},
				{"appName": "주소록", "usage": 0},
				{"appName": "접근성", "usage": 0},
				{"appName": "기본홈", "usage": 0},
				{"appName": "시스템 UI", "usage": 0},
				{"appName": "Polar Beat", "usage": 0},
				{"appName": "Google Play 서비스", "usage": 0},
				{"appName": "Logger", "usage": 0},
				{"appName": "네트워크", "usage": 0},
				{"appName": "설정", "usage": 0},
				{"appName": "패키지 설치 프로그램", "usage": 0},
				{"appName": "통화 관리", "usage": 0}
			]
		},
		"avgTime": {
			"usage": 3,
			"details": [
				{"appName": "YouTube", "usage": 5},
				{"appName": "Facebook", "usage": 2},
				{"appName": "통화 화면", "usage": 0},
				{"appName": "Chrome", "usage": 0},
				{"appName": "쿠팡", "usage": 0},
				{"appName": "카메라", "usage": 0},
				{"appName": "카카오톡", "usage": 0},
				{"appName": "Paco", "usage": 0},
				{"appName": "접근성", "usage": 0},
				{"appName": "Polar Beat", "usage": 0},
				{"appName": "주소록", "usage": 0},
				{"appName": "Google Play 서비스", "usage": 0},
				{"appName": "기본홈", "usage": 0},
				{"appName": "Logger", "usage": 0},
				{"appName": "시스템 UI", "usage": 0},
				{"appName": "네트워크", "usage": 0},
				{"appName": "설정", "usage": 0},
				{"appName": "패키지 설치 프로그램", "usage": 0},
				{"appName": "통화 관리", "usage": 0}
			]
		},
		"lastPickup": {"time": 0}
	}
]
