[
	{
		"date": 1,
		"totalTime": {
			"usage": 91,
			"details": [
				{"appName": "MX 플레이어", "usage": 21},
				{"appName": "네이버 카페", "usage": 18},
				{"appName": "기본홈", "usage": 12},
				{"appName": "Facebook", "usage": 10},
				{"appName": "Chrome", "usage": 7},
				{"appName": "Paco", "usage": 6},
				{"appName": "Polar Beat", "usage": 2},
				{"appName": "Gmail", "usage": 1},
				{"appName": "통화 화면", "usage": 1},
				{"appName": "메시지", "usage": 0},
				{"appName": "카카오톡", "usage": 0},
				{"appName": "Google Play 서비스", "usage": 0},
				{"appName": "접근성", "usage": 0},
				{"appName": "설정", "usage": 0},
				{"appName": "BAND", "usage": 0},
				{"appName": "Logger", "usage": 0},
				{"appName": "Dropsync", "usage": 0},
				{"appName": "주소록", "usage": 0},
				{"appName": "알람/시계", "usage": 0},
				{"appName": "잠금화면 설정", "usage": 0},
				{"appName": "당근마켓", "usage": 0},
				{"appName": "Google", "usage": 0},
				{"appName": "갤러리", "usage": 0},
				{"appName": "캘린더", "usage": 0},
				{"appName": "시스템 UI", "usage": 0},
				{"appName": "패키지 설치 프로그램", "usage": 0},
				{"appName": "Shutdown Monitor", "usage": 0},
				{"appName": "EyeFilter", "usage": 0}
			]
		},
		"pickups": {"usage": 55},
		"downTime": {
			"usage": [
				{"hour": "0", "usage": 9},
				{"hour": "1", "usage": 0},
				{"hour": "3", "usage": 5},
				{"hour": "4", "usage": 1},
				{"hour": "5", "usage": 2},
				{"hour": "6", "usage": 1},
				{"hour": "7", "usage": 1},
				{"hour": "8", "usage": 3},
				{"hour": "9", "usage": 24},
				{"hour": "10", "usage": 0},
				{"hour": "11", "usage": 4},
				{"hour": "15", "usage": 7},
				{"hour": "16", "usage": 10},
				{"hour": "22", "usage": 0},
				{"hour": "23", "usage": 18}
			],
			"details": [
				{"appName": "기본홈", "usage": [0, 3, 4, 5, 6, 7, 8, 9, 10, 11, 15, 16, 23]},
				{"appName": "Paco", "usage": [3, 4, 5, 6, 7, 8, 9, 11]},
				{"appName": "메시지", "usage": [0, 3, 5, 6, 7]},
				{"appName": "Polar Beat", "usage": [0, 7, 8, 11, 23]},
				{"appName": "Facebook", "usage": [0, 11, 15, 23]},
				{"appName": "통화 화면", "usage": [5, 8, 23]},
				{"appName": "네이버 카페", "usage": [16, 22, 23]},
				{"appName": "Gmail", "usage": [5, 11, 15]},
				{"appName": "Chrome", "usage": [0, 3, 23]},
				{"appName": "패키지 설치 프로그램", "usage": [11, 23]},
				{"appName": "카카오톡", "usage": [8, 9]},
				{"appName": "접근성", "usage": [11, 23]},
				{"appName": "설정", "usage": [0, 10]},
				{"appName": "Logger", "usage": [11, 23]},
				{"appName": "캘린더", "usage": [16]},
				{"appName": "주소록", "usage": [5]},
				{"appName": "잠금화면 설정", "usage": [0]},
				{"appName": "알람/시계", "usage": [22]},
				{"appName": "시스템 UI", "usage": [9]},
				{"appName": "당근마켓", "usage": [6]},
				{"appName": "갤러리", "usage": [7]},
				{"appName": "Shutdown Monitor", "usage": [9]},
				{"appName": "MX 플레이어", "usage": [9]},
				{"appName": "Google Play 서비스", "usage": [0]},
				{"appName": "Google", "usage": [23]},
				{"appName": "EyeFilter", "usage": [10]},
				{"appName": "Dropsync", "usage": [23]},
				{"appName": "BAND", "usage": [23]}
			]
		},
		"maxTime": {
			"usage": 22,
			"details": [
				{"appName": "MX 플레이어", "usage": 11},
				{"appName": "Facebook", "usage": 5},
				{"appName": "Chrome", "usage": 5},
				{"appName": "네이버 카페", "usage": 2},
				{"appName": "기본홈", "usage": 1},
				{"appName": "Gmail", "usage": 0},
				{"appName": "통화 화면", "usage": 0},
				{"appName": "Polar Beat", "usage": 0},
				{"appName": "Paco", "usage": 0},
				{"appName": "메시지", "usage": 0},
				{"appName": "카카오톡", "usage": 0},
				{"appName": "Google Play 서비스", "usage": 0},
				{"appName": "BAND", "usage": 0},
				{"appName": "접근성", "usage": 0},
				{"appName": "Dropsync", "usage": 0},
				{"appName": "설정", "usage": 0},
				{"appName": "Logger", "usage": 0},
				{"appName": "당근마켓", "usage": 0},
				{"appName": "Google", "usage": 0},
				{"appName": "주소록", "usage": 0},
				{"appName": "갤러리", "usage": 0},
				{"appName": "알람/시계", "usage": 0},
				{"appName": "잠금화면 설정", "usage": 0},
				{"appName": "캘린더", "usage": 0},
				{"appName": "시스템 UI", "usage": 0},
				{"appName": "패키지 설치 프로그램", "usage": 0},
				{"appName": "Shutdown Monitor", "usage": 0},
				{"appName": "EyeFilter", "usage": 0}
			]
		},
		"avgTime": {
			"usage": 1,
			"details": [
				{"appName": "MX 플레이어", "usage": 5},
				{"appName": "Chrome", "usage": 1},
				{"appName": "Facebook", "usage": 0},
				{"appName": "Gmail", "usage": 0},
				{"appName": "네이버 카페", "usage": 0},
				{"appName": "통화 화면", "usage": 0},
				{"appName": "기본홈", "usage": 0},
				{"appName": "Paco", "usage": 0},
				{"appName": "메시지", "usage": 0},
				{"appName": "Polar Beat", "usage": 0},
				{"appName": "Dropsync", "usage": 0},
				{"appName": "접근성", "usage": 0},
				{"appName": "카카오톡", "usage": 0},
				{"appName": "BAND", "usage": 0},
				{"appName": "갤러리", "usage": 0},
				{"appName": "Google Play 서비스", "usage": 0},
				{"appName": "주소록", "usage": 0},
				{"appName": "설정", "usage": 0},
				{"appName": "당근마켓", "usage": 0},
				{"appName": "캘린더", "usage": 0},
				{"appName": "Google", "usage": 0},
				{"appName": "Logger", "usage": 0},
				{"appName": "시스템 UI", "usage": 0},
				{"appName": "알람/시계", "usage": 0},
				{"appName": "잠금화면 설정", "usage": 0},
				{"appName": "패키지 설치 프로그램", "usage": 0},
				{"appName": "Shutdown Monitor", "usage": 0},
				{"appName": "EyeFilter", "usage": 0}
			]
		},
		"lastPickup": {"time": 4}
	},
	{
		"date": 2,
		"totalTime": {
			"usage": 230,
			"details": [
				{"appName": "Chrome", "usage": 63},
				{"appName": "삼성 인터넷", "usage": 27},
				{"appName": "네이버 카페", "usage": 23},
				{"appName": "기본홈", "usage": 22},
				{"appName": "MX 플레이어", "usage": 15},
				{"appName": "당근마켓", "usage": 11},
				{"appName": "Facebook", "usage": 9},
				{"appName": "호갱노노", "usage": 6},
				{"appName": "Google", "usage": 5},
				{"appName": "Paco", "usage": 5},
				{"appName": "Gmail", "usage": 3},
				{"appName": "Polar Beat", "usage": 3},
				{"appName": "음악", "usage": 3},
				{"appName": "포토", "usage": 2},
				{"appName": "Bluetooth", "usage": 2},
				{"appName": "카메라", "usage": 2},
				{"appName": "BAND", "usage": 1},
				{"appName": "미디어 저장소", "usage": 0},
				{"appName": "네이버 지도", "usage": 0},
				{"appName": "카카오톡", "usage": 0},
				{"appName": "스마트헌혈", "usage": 0},
				{"appName": "메시지", "usage": 0},
				{"appName": "Wi-Fi", "usage": 0},
				{"appName": "대기오염정보", "usage": 0},
				{"appName": "접근성", "usage": 0},
				{"appName": "시스템 UI", "usage": 0},
				{"appName": "부동산 다이어트", "usage": 0},
				{"appName": "카카오스탁", "usage": 0},
				{"appName": "Logger", "usage": 0},
				{"appName": "Google Play 서비스", "usage": 0},
				{"appName": "알람/시계", "usage": 0},
				{"appName": "Mi Fit", "usage": 0},
				{"appName": "Shutdown Monitor", "usage": 0},
				{"appName": "Google Play 스토어", "usage": 0},
				{"appName": "잠금화면 설정", "usage": 0},
				{"appName": "패키지 설치 프로그램", "usage": 0},
				{"appName": "설정", "usage": 0},
				{"appName": "현대카드", "usage": 0},
				{"appName": "EyeFilter", "usage": 0}
			]
		},
		"pickups": {"usage": 80},
		"downTime": {
			"usage": [
				{"hour": "0", "usage": 17},
				{"hour": "1", "usage": 12},
				{"hour": "2", "usage": 10},
				{"hour": "3", "usage": 6},
				{"hour": "4", "usage": 34},
				{"hour": "5", "usage": 12},
				{"hour": "6", "usage": 2},
				{"hour": "7", "usage": 10},
				{"hour": "8", "usage": 16},
				{"hour": "9", "usage": 7},
				{"hour": "11", "usage": 23},
				{"hour": "12", "usage": 20},
				{"hour": "13", "usage": 0},
				{"hour": "14", "usage": 9},
				{"hour": "15", "usage": 13},
				{"hour": "22", "usage": 6},
				{"hour": "23", "usage": 25}
			],
			"details": [
				{"appName": "기본홈", "usage": [0, 1, 2, 3, 4, 5, 6, 7, 8, 9, 11, 12, 13, 14, 15, 22, 23]},
				{"appName": "Chrome", "usage": [0, 1, 3, 4, 5, 7, 8, 9, 12, 13, 14, 15, 22]},
				{"appName": "Paco", "usage": [0, 1, 2, 3, 4, 5, 6, 7, 8, 9, 12]},
				{"appName": "Facebook", "usage": [0, 1, 2, 3, 4, 5, 8, 9, 11, 12, 14]},
				{"appName": "네이버 카페", "usage": [1, 2, 4, 5, 8, 9, 11, 14, 22, 23]},
				{"appName": "삼성 인터넷", "usage": [4, 5, 6, 8, 12, 15, 23]},
				{"appName": "Polar Beat", "usage": [0, 1, 2, 4, 7, 9, 23]},
				{"appName": "Google", "usage": [0, 1, 4, 5, 12, 14, 22]},
				{"appName": "Gmail", "usage": [2, 3, 7, 8, 22]},
				{"appName": "호갱노노", "usage": [0, 3, 11]},
				{"appName": "포토", "usage": [4, 6, 8]},
				{"appName": "카메라", "usage": [3, 4, 9]},
				{"appName": "시스템 UI", "usage": [11, 12, 23]},
				{"appName": "대기오염정보", "usage": [0, 2, 9]},
				{"appName": "패키지 설치 프로그램", "usage": [9, 23]},
				{"appName": "카카오톡", "usage": [7, 11]},
				{"appName": "접근성", "usage": [9, 23]},
				{"appName": "음악", "usage": [2, 4]},
				{"appName": "설정", "usage": [2, 23]},
				{"appName": "메시지", "usage": [0, 1]},
				{"appName": "당근마켓", "usage": [11, 13]},
				{"appName": "네이버 지도", "usage": [11, 12]},
				{"appName": "Logger", "usage": [9, 23]},
				{"appName": "BAND", "usage": [1, 5]},
				{"appName": "현대카드", "usage": [2]},
				{"appName": "카카오스탁", "usage": [1]},
				{"appName": "잠금화면 설정", "usage": [2]},
				{"appName": "알람/시계", "usage": [22]},
				{"appName": "스마트헌혈", "usage": [0]},
				{"appName": "부동산 다이어트", "usage": [8]},
				{"appName": "미디어 저장소", "usage": [3]},
				{"appName": "Wi-Fi", "usage": [1]},
				{"appName": "Shutdown Monitor", "usage": [23]},
				{"appName": "Mi Fit", "usage": [2]},
				{"appName": "MX 플레이어", "usage": [23]},
				{"appName": "Google Play 스토어", "usage": [0]},
				{"appName": "Google Play 서비스", "usage": [2]},
				{"appName": "EyeFilter", "usage": [23]},
				{"appName": "Bluetooth", "usage": [2]}
			]
		},
		"maxTime": {
			"usage": 30,
			"details": [
				{"appName": "MX 플레이어", "usage": 9},
				{"appName": "Chrome", "usage": 8},
				{"appName": "삼성 인터넷", "usage": 4},
				{"appName": "당근마켓", "usage": 3},
				{"appName": "호갱노노", "usage": 2},
				{"appName": "Facebook", "usage": 2},
				{"appName": "Google", "usage": 1},
				{"appName": "네이버 카페", "usage": 1},
				{"appName": "Gmail", "usage": 1},
				{"appName": "기본홈", "usage": 1},
				{"appName": "Bluetooth", "usage": 0},
				{"appName": "포토", "usage": 0},
				{"appName": "카메라", "usage": 0},
				{"appName": "미디어 저장소", "usage": 0},
				{"appName": "Paco", "usage": 0},
				{"appName": "Polar Beat", "usage": 0},
				{"appName": "BAND", "usage": 0},
				{"appName": "음악", "usage": 0},
				{"appName": "Wi-Fi", "usage": 0},
				{"appName": "카카오톡", "usage": 0},
				{"appName": "네이버 지도", "usage": 0},
				{"appName": "대기오염정보", "usage": 0},
				{"appName": "시스템 UI", "usage": 0},
				{"appName": "접근성", "usage": 0},
				{"appName": "스마트헌혈", "usage": 0},
				{"appName": "메시지", "usage": 0},
				{"appName": "부동산 다이어트", "usage": 0},
				{"appName": "Google Play 서비스", "usage": 0},
				{"appName": "카카오스탁", "usage": 0},
				{"appName": "Shutdown Monitor", "usage": 0},
				{"appName": "Mi Fit", "usage": 0},
				{"appName": "Google Play 스토어", "usage": 0},
				{"appName": "알람/시계", "usage": 0},
				{"appName": "Logger", "usage": 0},
				{"appName": "잠금화면 설정", "usage": 0},
				{"appName": "설정", "usage": 0},
				{"appName": "패키지 설치 프로그램", "usage": 0},
				{"appName": "현대카드", "usage": 0},
				{"appName": "EyeFilter", "usage": 0}
			]
		},
		"avgTime": {
			"usage": 2,
			"details": [
				{"appName": "MX 플레이어", "usage": 3},
				{"appName": "호갱노노", "usage": 2},
				{"appName": "삼성 인터넷", "usage": 1},
				{"appName": "Chrome", "usage": 1},
				{"appName": "미디어 저장소", "usage": 0},
				{"appName": "포토", "usage": 0},
				{"appName": "Wi-Fi", "usage": 0},
				{"appName": "Facebook", "usage": 0},
				{"appName": "당근마켓", "usage": 0},
				{"appName": "카메라", "usage": 0},
				{"appName": "Gmail", "usage": 0},
				{"appName": "Bluetooth", "usage": 0},
				{"appName": "네이버 카페", "usage": 0},
				{"appName": "Google", "usage": 0},
				{"appName": "네이버 지도", "usage": 0},
				{"appName": "대기오염정보", "usage": 0},
				{"appName": "Polar Beat", "usage": 0},
				{"appName": "음악", "usage": 0},
				{"appName": "접근성", "usage": 0},
				{"appName": "기본홈", "usage": 0},
				{"appName": "BAND", "usage": 0},
				{"appName": "Paco", "usage": 0},
				{"appName": "스마트헌혈", "usage": 0},
				{"appName": "메시지", "usage": 0},
				{"appName": "카카오톡", "usage": 0},
				{"appName": "Shutdown Monitor", "usage": 0},
				{"appName": "부동산 다이어트", "usage": 0},
				{"appName": "카카오스탁", "usage": 0},
				{"appName": "시스템 UI", "usage": 0},
				{"appName": "Mi Fit", "usage": 0},
				{"appName": "Google Play 서비스", "usage": 0},
				{"appName": "Google Play 스토어", "usage": 0},
				{"appName": "잠금화면 설정", "usage": 0},
				{"appName": "알람/시계", "usage": 0},
				{"appName": "Logger", "usage": 0},
				{"appName": "설정", "usage": 0},
				{"appName": "패키지 설치 프로그램", "usage": 0},
				{"appName": "현대카드", "usage": 0},
				{"appName": "EyeFilter", "usage": 0}
			]
		},
		"lastPickup": {"time": 4}
	},
	{
		"date": 3,
		"totalTime": {
			"usage": 205,
			"details": [
				{"appName": "MX 플레이어", "usage": 29},
				{"appName": "기본홈", "usage": 19},
				{"appName": "네이버 카페", "usage": 16},
				{"appName": "Gmail", "usage": 13},
				{"appName": "카카오톡", "usage": 9},
				{"appName": "Chrome", "usage": 7},
				{"appName": "삼성 인터넷", "usage": 4},
				{"appName": "당근마켓", "usage": 4},
				{"appName": "X-plore", "usage": 4},
				{"appName": "메시지", "usage": 4},
				{"appName": "Paco", "usage": 3},
				{"appName": "통화 화면", "usage": 3},
				{"appName": "주소록", "usage": 3},
				{"appName": "Google", "usage": 2},
				{"appName": "카카오뱅크", "usage": 1},
				{"appName": "Facebook", "usage": 1},
				{"appName": "포토", "usage": 1},
				{"appName": "YouTube", "usage": 0},
				{"appName": "시스템 UI", "usage": 0},
				{"appName": "Polar Beat", "usage": 0},
				{"appName": "음성 녹음", "usage": 0},
				{"appName": "카메라", "usage": 0},
				{"appName": "대기오염정보", "usage": 0},
				{"appName": "접근성", "usage": 0},
				{"appName": "캘린더", "usage": 0},
				{"appName": "Logger", "usage": 0},
				{"appName": "알람/시계", "usage": 0},
				{"appName": "설정", "usage": 0},
				{"appName": "패키지 설치 프로그램", "usage": 0},
				{"appName": "통화 관리", "usage": 0},
				{"appName": "EyeFilter", "usage": 0}
			]
		},
		"pickups": {"usage": 425},
		"downTime": {
			"usage": [
				{"hour": "0", "usage": 1},
				{"hour": "1", "usage": 2},
				{"hour": "3", "usage": 2},
				{"hour": "4", "usage": 2},
				{"hour": "6", "usage": 0},
				{"hour": "7", "usage": 8},
				{"hour": "8", "usage": 2},
				{"hour": "9", "usage": 28},
				{"hour": "10", "usage": 10},
				{"hour": "11", "usage": 4},
				{"hour": "12", "usage": 13},
				{"hour": "13", "usage": 26},
				{"hour": "14", "usage": 6},
				{"hour": "15", "usage": 0},
				{"hour": "16", "usage": 5},
				{"hour": "17", "usage": 15},
				{"hour": "18", "usage": 18},
				{"hour": "19", "usage": 18},
				{"hour": "20", "usage": 5},
				{"hour": "22", "usage": 8},
				{"hour": "23", "usage": 21}
			],
			"details": [
				{"appName": "기본홈", "usage": [0, 1, 3, 4, 5, 6, 7, 8, 9, 10, 11, 12, 13, 14, 17, 20, 22, 23]},
				{"appName": "Paco", "usage": [0, 3, 4, 6, 7, 8, 9, 10, 11, 23]},
				{"appName": "카카오톡", "usage": [3, 9, 10, 12, 13]},
				{"appName": "주소록", "usage": [1, 7, 8, 12, 23]},
				{"appName": "네이버 카페", "usage": [0, 12, 13, 14, 23]},
				{"appName": "Gmail", "usage": [9, 10, 13, 22, 23]},
				{"appName": "Chrome", "usage": [10, 11, 13, 14, 22]},
				{"appName": "통화 화면", "usage": [1, 4, 7, 9]},
				{"appName": "시스템 UI", "usage": [9, 10, 12, 13]},
				{"appName": "메시지", "usage": [7, 9, 12, 23]},
				{"appName": "통화 관리", "usage": [1, 7, 9]},
				{"appName": "삼성 인터넷", "usage": [13, 14, 23]},
				{"appName": "당근마켓", "usage": [11, 12, 13]},
				{"appName": "X-plore", "usage": [9, 10, 12]},
				{"appName": "Polar Beat", "usage": [4, 12, 22]},
				{"appName": "포토", "usage": [1, 3]},
				{"appName": "패키지 설치 프로그램", "usage": [12, 22]},
				{"appName": "카카오뱅크", "usage": [11, 12]},
				{"appName": "카메라", "usage": [3, 11]},
				{"appName": "접근성", "usage": [12, 22]},
				{"appName": "음성 녹음", "usage": [10, 11]},
				{"appName": "대기오염정보", "usage": [11, 12]},
				{"appName": "MX 플레이어", "usage": [9, 23]},
				{"appName": "Logger", "usage": [12, 22]},
				{"appName": "Facebook", "usage": [12, 22]},
				{"appName": "캘린더", "usage": [12]},
				{"appName": "알람/시계", "usage": [22]},
				{"appName": "설정", "usage": [17]},
				{"appName": "YouTube", "usage": [13]},
				{"appName": "Google", "usage": [22]},
				{"appName": "EyeFilter", "usage": [17]}
			]
		},
		"maxTime": {
			"usage": 14,
			"details": [
				{"appName": "MX 플레이어", "usage": 13},
				{"appName": "네이버 카페", "usage": 5},
				{"appName": "Gmail", "usage": 3},
				{"appName": "Chrome", "usage": 2},
				{"appName": "카카오톡", "usage": 1},
				{"appName": "X-plore", "usage": 1},
				{"appName": "삼성 인터넷", "usage": 1},
				{"appName": "통화 화면", "usage": 1},
				{"appName": "기본홈", "usage": 1},
				{"appName": "당근마켓", "usage": 1},
				{"appName": "메시지", "usage": 1},
				{"appName": "Google", "usage": 0},
				{"appName": "주소록", "usage": 0},
				{"appName": "YouTube", "usage": 0},
				{"appName": "포토", "usage": 0},
				{"appName": "Facebook", "usage": 0},
				{"appName": "카카오뱅크", "usage": 0},
				{"appName": "Paco", "usage": 0},
				{"appName": "대기오염정보", "usage": 0},
				{"appName": "카메라", "usage": 0},
				{"appName": "캘린더", "usage": 0},
				{"appName": "Polar Beat", "usage": 0},
				{"appName": "접근성", "usage": 0},
				{"appName": "음성 녹음", "usage": 0},
				{"appName": "시스템 UI", "usage": 0},
				{"appName": "Logger", "usage": 0},
				{"appName": "알람/시계", "usage": 0},
				{"appName": "설정", "usage": 0},
				{"appName": "패키지 설치 프로그램", "usage": 0},
				{"appName": "통화 관리", "usage": 0},
				{"appName": "EyeFilter", "usage": 0}
			]
		},
		"avgTime": {
			"usage": 0,
			"details": [
				{"appName": "MX 플레이어", "usage": 4},
				{"appName": "삼성 인터넷", "usage": 1},
				{"appName": "X-plore", "usage": 0},
				{"appName": "Chrome", "usage": 0},
				{"appName": "Gmail", "usage": 0},
				{"appName": "통화 화면", "usage": 0},
				{"appName": "YouTube", "usage": 0},
				{"appName": "포토", "usage": 0},
				{"appName": "네이버 카페", "usage": 0},
				{"appName": "Google", "usage": 0},
				{"appName": "Facebook", "usage": 0},
				{"appName": "당근마켓", "usage": 0},
				{"appName": "메시지", "usage": 0},
				{"appName": "카카오톡", "usage": 0},
				{"appName": "대기오염정보", "usage": 0},
				{"appName": "주소록", "usage": 0},
				{"appName": "기본홈", "usage": 0},
				{"appName": "캘린더", "usage": 0},
				{"appName": "접근성", "usage": 0},
				{"appName": "Paco", "usage": 0},
				{"appName": "카메라", "usage": 0},
				{"appName": "카카오뱅크", "usage": 0},
				{"appName": "Polar Beat", "usage": 0},
				{"appName": "음성 녹음", "usage": 0},
				{"appName": "시스템 UI", "usage": 0},
				{"appName": "Logger", "usage": 0},
				{"appName": "알람/시계", "usage": 0},
				{"appName": "설정", "usage": 0},
				{"appName": "패키지 설치 프로그램", "usage": 0},
				{"appName": "통화 관리", "usage": 0},
				{"appName": "EyeFilter", "usage": 0}
			]
		},
		"lastPickup": {"time": 0}
	},
	{
		"date": 4,
		"totalTime": {
			"usage": 317,
			"details": [
				{"appName": "MX 플레이어", "usage": 129},
				{"appName": "T map", "usage": 33},
				{"appName": "Chrome", "usage": 29},
				{"appName": "기본홈", "usage": 22},
				{"appName": "X-plore", "usage": 15},
				{"appName": "통화 화면", "usage": 13},
				{"appName": "네이버 카페", "usage": 9},
				{"appName": "Gmail", "usage": 8},
				{"appName": "카카오톡", "usage": 8},
				{"appName": "Paco", "usage": 5},
				{"appName": "Facebook", "usage": 5},
				{"appName": "메시지", "usage": 5},
				{"appName": "호갱노노", "usage": 4},
				{"appName": "BAND", "usage": 4},
				{"appName": "Google", "usage": 3},
				{"appName": "주소록", "usage": 3},
				{"appName": "카카오뱅크", "usage": 2},
				{"appName": "Word", "usage": 2},
				{"appName": "Excel", "usage": 1},
				{"appName": "Polar Beat", "usage": 0},
				{"appName": "Logger", "usage": 0},
				{"appName": "Microsoft Band", "usage": 0},
				{"appName": "시스템 UI", "usage": 0},
				{"appName": "Android 시스템", "usage": 0},
				{"appName": "대기오염정보", "usage": 0},
				{"appName": "카카오스탁", "usage": 0},
				{"appName": "포토", "usage": 0},
				{"appName": "접근성", "usage": 0},
				{"appName": "문서", "usage": 0},
				{"appName": "통화 관리", "usage": 0},
				{"appName": "패키지 설치 프로그램", "usage": 0},
				{"appName": "현대카드", "usage": 0}
			]
		},
		"pickups": {"usage": 94},
		"downTime": {
			"usage": [
				{"hour": "0", "usage": 1},
				{"hour": "1", "usage": 4},
				{"hour": "2", "usage": 40},
				{"hour": "3", "usage": 3},
				{"hour": "4", "usage": 17},
				{"hour": "5", "usage": 2},
				{"hour": "6", "usage": 10},
				{"hour": "7", "usage": 48},
				{"hour": "8", "usage": 19},
				{"hour": "9", "usage": 5},
				{"hour": "10", "usage": 0},
				{"hour": "11", "usage": 20},
				{"hour": "12", "usage": 46},
				{"hour": "13", "usage": 58},
				{"hour": "14", "usage": 9},
				{"hour": "15", "usage": 0},
				{"hour": "17", "usage": 18},
				{"hour": "22", "usage": 1},
				{"hour": "23", "usage": 9}
			],
			"details": [
				{"appName": "기본홈", "usage": [0, 1, 2, 3, 4, 5, 6, 7, 8, 9, 10, 11, 12, 13, 14, 15, 17, 22, 23]},
				{"appName": "주소록", "usage": [0, 1, 2, 6, 7, 8, 9, 14]},
				{"appName": "Paco", "usage": [2, 3, 4, 6, 8, 9, 10, 12]},
				{"appName": "Chrome", "usage": [1, 2, 4, 5, 6, 8, 12, 17]},
				{"appName": "Gmail", "usage": [1, 2, 4, 6, 7, 8, 12]},
				{"appName": "통화 화면", "usage": [0, 2, 7, 8, 9, 11]},
				{"appName": "통화 관리", "usage": [2, 7, 8, 9, 11]},
				{"appName": "카카오톡", "usage": [2, 3, 6, 8, 9]},
				{"appName": "메시지", "usage": [2, 5, 6, 7, 14]},
				{"appName": "네이버 카페", "usage": [2, 4, 17, 22, 23]},
				{"appName": "X-plore", "usage": [2, 5, 6, 7, 8]},
				{"appName": "MX 플레이어", "usage": [11, 12, 13, 14]},
				{"appName": "호갱노노", "usage": [4, 9, 23]},
				{"appName": "Polar Beat", "usage": [2, 4, 12]},
				{"appName": "Logger", "usage": [12, 13, 15]},
				{"appName": "Google", "usage": [4, 12, 23]},
				{"appName": "Facebook", "usage": [2, 17, 22]},
				{"appName": "카카오뱅크", "usage": [2, 12]},
				{"appName": "시스템 UI", "usage": [2, 12]},
				{"appName": "Word", "usage": [2, 3]},
				{"appName": "T map", "usage": [6, 7]},
				{"appName": "현대카드", "usage": [2]},
				{"appName": "포토", "usage": [2]},
				{"appName": "패키지 설치 프로그램", "usage": [13]},
				{"appName": "카카오스탁", "usage": [4]},
				{"appName": "접근성", "usage": [15]},
				{"appName": "문서", "usage": [2]},
				{"appName": "대기오염정보", "usage": [23]},
				{"appName": "Microsoft Band", "usage": [2]},
				{"appName": "Excel", "usage": [2]},
				{"appName": "BAND", "usage": [23]},
				{"appName": "Android 시스템", "usage": [2]}
			]
		},
		"maxTime": {
			"usage": 68,
			"details": [
				{"appName": "MX 플레이어", "usage": 67},
				{"appName": "T map", "usage": 29},
				{"appName": "통화 화면", "usage": 6},
				{"appName": "X-plore", "usage": 6},
				{"appName": "Chrome", "usage": 6},
				{"appName": "Facebook", "usage": 2},
				{"appName": "기본홈", "usage": 2},
				{"appName": "Word", "usage": 2},
				{"appName": "Gmail", "usage": 2},
				{"appName": "Google", "usage": 1},
				{"appName": "호갱노노", "usage": 1},
				{"appName": "카카오톡", "usage": 1},
				{"appName": "메시지", "usage": 1},
				{"appName": "Excel", "usage": 1},
				{"appName": "네이버 카페", "usage": 0},
				{"appName": "BAND", "usage": 0},
				{"appName": "주소록", "usage": 0},
				{"appName": "Paco", "usage": 0},
				{"appName": "Microsoft Band", "usage": 0},
				{"appName": "Polar Beat", "usage": 0},
				{"appName": "카카오뱅크", "usage": 0},
				{"appName": "대기오염정보", "usage": 0},
				{"appName": "시스템 UI", "usage": 0},
				{"appName": "카카오스탁", "usage": 0},
				{"appName": "Logger", "usage": 0},
				{"appName": "Android 시스템", "usage": 0},
				{"appName": "포토", "usage": 0},
				{"appName": "접근성", "usage": 0},
				{"appName": "문서", "usage": 0},
				{"appName": "패키지 설치 프로그램", "usage": 0},
				{"appName": "통화 관리", "usage": 0},
				{"appName": "현대카드", "usage": 0}
			]
		},
		"avgTime": {
			"usage": 3,
			"details": [
				{"appName": "MX 플레이어", "usage": 43},
				{"appName": "T map", "usage": 2},
				{"appName": "X-plore", "usage": 1},
				{"appName": "Chrome", "usage": 1},
				{"appName": "호갱노노", "usage": 0},
				{"appName": "Excel", "usage": 0},
				{"appName": "Facebook", "usage": 0},
				{"appName": "Word", "usage": 0},
				{"appName": "통화 화면", "usage": 0},
				{"appName": "Gmail", "usage": 0},
				{"appName": "Google", "usage": 0},
				{"appName": "BAND", "usage": 0},
				{"appName": "Microsoft Band", "usage": 0},
				{"appName": "대기오염정보", "usage": 0},
				{"appName": "메시지", "usage": 0},
				{"appName": "네이버 카페", "usage": 0},
				{"appName": "카카오톡", "usage": 0},
				{"appName": "기본홈", "usage": 0},
				{"appName": "포토", "usage": 0},
				{"appName": "접근성", "usage": 0},
				{"appName": "Paco", "usage": 0},
				{"appName": "Polar Beat", "usage": 0},
				{"appName": "카카오뱅크", "usage": 0},
				{"appName": "주소록", "usage": 0},
				{"appName": "카카오스탁", "usage": 0},
				{"appName": "Android 시스템", "usage": 0},
				{"appName": "Logger", "usage": 0},
				{"appName": "시스템 UI", "usage": 0},
				{"appName": "문서", "usage": 0},
				{"appName": "패키지 설치 프로그램", "usage": 0},
				{"appName": "통화 관리", "usage": 0},
				{"appName": "현대카드", "usage": 0}
			]
		},
		"lastPickup": {"time": 0}
	},
	{
		"date": 5,
		"totalTime": {
			"usage": 144,
			"details": [
				{"appName": "Chrome", "usage": 62},
				{"appName": "Facebook", "usage": 19},
				{"appName": "네이버 카페", "usage": 16},
				{"appName": "기본홈", "usage": 11},
				{"appName": "Paco", "usage": 5},
				{"appName": "Mi Home", "usage": 5},
				{"appName": "카메라", "usage": 3},
				{"appName": "호갱노노", "usage": 2},
				{"appName": "Polar Beat", "usage": 2},
				{"appName": "포토", "usage": 1},
				{"appName": "카카오톡", "usage": 1},
				{"appName": "Google", "usage": 1},
				{"appName": "네이버 지도", "usage": 1},
				{"appName": "Gmail", "usage": 1},
				{"appName": "통화 화면", "usage": 1},
				{"appName": "BAND", "usage": 0},
				{"appName": "주소록", "usage": 0},
				{"appName": "X-plore", "usage": 0},
				{"appName": "메시지", "usage": 0},
				{"appName": "접근성", "usage": 0},
				{"appName": "Wi-Fi", "usage": 0},
				{"appName": "시스템 UI", "usage": 0},
				{"appName": "대기오염정보", "usage": 0},
				{"appName": "Logger", "usage": 0},
				{"appName": "Google Play 서비스", "usage": 0},
				{"appName": "패키지 설치 프로그램", "usage": 0}
			]
		},
		"pickups": {"usage": 66},
		"downTime": {
			"usage": [
				{"hour": "0", "usage": 1},
				{"hour": "1", "usage": 13},
				{"hour": "2", "usage": 9},
				{"hour": "3", "usage": 27},
				{"hour": "4", "usage": 4},
				{"hour": "5", "usage": 22},
				{"hour": "6", "usage": 2},
				{"hour": "7", "usage": 1},
				{"hour": "8", "usage": 3},
				{"hour": "9", "usage": 4},
				{"hour": "10", "usage": 12},
				{"hour": "11", "usage": 18},
				{"hour": "12", "usage": 4},
				{"hour": "23", "usage": 17}
			],
			"details": [
				{"appName": "기본홈", "usage": [0, 1, 2, 3, 4, 5, 6, 7, 8, 9, 10, 11, 12, 23]},
				{"appName": "Paco", "usage": [1, 2, 3, 4, 5, 6, 7, 8, 9, 11]},
				{"appName": "Facebook", "usage": [1, 2, 3, 4, 5, 6, 10, 12, 23]},
				{"appName": "Chrome", "usage": [0, 1, 3, 4, 5, 10, 11, 12, 23]},
				{"appName": "네이버 카페", "usage": [1, 2, 3, 5, 10, 11]},
				{"appName": "카메라", "usage": [2, 3, 4, 5, 6]},
				{"appName": "시스템 UI", "usage": [2, 3, 8, 12, 23]},
				{"appName": "Polar Beat", "usage": [1, 2, 5, 9, 11]},
				{"appName": "호갱노노", "usage": [3, 8, 11]},
				{"appName": "주소록", "usage": [7, 12, 23]},
				{"appName": "Mi Home", "usage": [3, 9, 10]},
				{"appName": "Google", "usage": [3, 5, 10]},
				{"appName": "패키지 설치 프로그램", "usage": [1, 11]},
				{"appName": "통화 화면", "usage": [2, 12]},
				{"appName": "카카오톡", "usage": [2, 3]},
				{"appName": "접근성", "usage": [1, 11]},
				{"appName": "메시지", "usage": [0, 11]},
				{"appName": "Logger", "usage": [1, 11]},
				{"appName": "Gmail", "usage": [2, 9]},
				{"appName": "BAND", "usage": [0, 11]},
				{"appName": "포토", "usage": [8]},
				{"appName": "대기오염정보", "usage": [0]},
				{"appName": "네이버 지도", "usage": [12]},
				{"appName": "X-plore", "usage": [5]},
				{"appName": "Wi-Fi", "usage": [2]},
				{"appName": "Google Play 서비스", "usage": [11]}
			]
		},
		"maxTime": {
			"usage": 20,
			"details": [
				{"appName": "Chrome", "usage": 10},
				{"appName": "Facebook", "usage": 5},
				{"appName": "포토", "usage": 1},
				{"appName": "호갱노노", "usage": 1},
				{"appName": "네이버 카페", "usage": 1},
				{"appName": "Mi Home", "usage": 0},
				{"appName": "BAND", "usage": 0},
				{"appName": "통화 화면", "usage": 0},
				{"appName": "기본홈", "usage": 0},
				{"appName": "Google", "usage": 0},
				{"appName": "카메라", "usage": 0},
				{"appName": "Paco", "usage": 0},
				{"appName": "카카오톡", "usage": 0},
				{"appName": "Gmail", "usage": 0},
				{"appName": "네이버 지도", "usage": 0},
				{"appName": "Polar Beat", "usage": 0},
				{"appName": "X-plore", "usage": 0},
				{"appName": "주소록", "usage": 0},
				{"appName": "접근성", "usage": 0},
				{"appName": "메시지", "usage": 0},
				{"appName": "Wi-Fi", "usage": 0},
				{"appName": "대기오염정보", "usage": 0},
				{"appName": "시스템 UI", "usage": 0},
				{"appName": "Google Play 서비스", "usage": 0},
				{"appName": "Logger", "usage": 0},
				{"appName": "패키지 설치 프로그램", "usage": 0}
			]
		},
		"avgTime": {
			"usage": 2,
			"details": [
				{"appName": "Chrome", "usage": 2},
				{"appName": "포토", "usage": 1},
				{"appName": "Facebook", "usage": 0},
				{"appName": "호갱노노", "usage": 0},
				{"appName": "통화 화면", "usage": 0},
				{"appName": "Gmail", "usage": 0},
				{"appName": "BAND", "usage": 0},
				{"appName": "카메라", "usage": 0},
				{"appName": "X-plore", "usage": 0},
				{"appName": "네이버 지도", "usage": 0},
				{"appName": "Google", "usage": 0},
				{"appName": "네이버 카페", "usage": 0},
				{"appName": "Wi-Fi", "usage": 0},
				{"appName": "주소록", "usage": 0},
				{"appName": "Mi Home", "usage": 0},
				{"appName": "접근성", "usage": 0},
				{"appName": "메시지", "usage": 0},
				{"appName": "기본홈", "usage": 0},
				{"appName": "Polar Beat", "usage": 0},
				{"appName": "Paco", "usage": 0},
				{"appName": "카카오톡", "usage": 0},
				{"appName": "대기오염정보", "usage": 0},
				{"appName": "Google Play 서비스", "usage": 0},
				{"appName": "시스템 UI", "usage": 0},
				{"appName": "Logger", "usage": 0},
				{"appName": "패키지 설치 프로그램", "usage": 0}
			]
		},
		"lastPickup": {"time": 16}
	},
	{
		"date": 6,
		"totalTime": {
			"usage": 197,
			"details": [
				{"appName": "Chrome", "usage": 64},
				{"appName": "네이버 카페", "usage": 27},
				{"appName": "Facebook", "usage": 19},
				{"appName": "기본홈", "usage": 12},
				{"appName": "MX 플레이어", "usage": 11},
				{"appName": "삼성 인터넷", "usage": 9},
				{"appName": "Google", "usage": 5},
				{"appName": "포토", "usage": 5},
				{"appName": "Paco", "usage": 4},
				{"appName": "통화 화면", "usage": 4},
				{"appName": "당근마켓", "usage": 2},
				{"appName": "카카오스토리", "usage": 2},
				{"appName": "카메라", "usage": 2},
				{"appName": "YouTube", "usage": 2},
				{"appName": "Gmail", "usage": 0},
				{"appName": "대기오염정보", "usage": 0},
				{"appName": "Polar Beat", "usage": 0},
				{"appName": "Google Play 스토어", "usage": 0},
				{"appName": "Mi Home", "usage": 0},
				{"appName": "카카오톡", "usage": 0},
				{"appName": "주소록", "usage": 0},
				{"appName": "Shutdown Monitor", "usage": 0},
				{"appName": "메시지", "usage": 0},
				{"appName": "접근성", "usage": 0},
				{"appName": "Google Play 서비스", "usage": 0},
				{"appName": "알람/시계", "usage": 0},
				{"appName": "Logger", "usage": 0},
				{"appName": "DMB", "usage": 0},
				{"appName": "설정", "usage": 0},
				{"appName": "패키지 설치 프로그램", "usage": 0},
				{"appName": "통화 관리", "usage": 0},
				{"appName": "EyeFilter", "usage": 0}
			]
		},
		"pickups": {"usage": 81},
		"downTime": {
			"usage": [
				{"hour": "0", "usage": 32},
				{"hour": "1", "usage": 11},
				{"hour": "2", "usage": 1},
				{"hour": "3", "usage": 6},
				{"hour": "4", "usage": 3},
				{"hour": "5", "usage": 2},
				{"hour": "6", "usage": 10},
				{"hour": "7", "usage": 16},
				{"hour": "8", "usage": 7},
				{"hour": "9", "usage": 1},
				{"hour": "10", "usage": 3},
				{"hour": "11", "usage": 17},
				{"hour": "12", "usage": 18},
				{"hour": "14", "usage": 25},
				{"hour": "16", "usage": 21},
				{"hour": "22", "usage": 0},
				{"hour": "23", "usage": 15}
			],
			"details": [
				{"appName": "기본홈", "usage": [0, 1, 2, 3, 4, 5, 6, 7, 9, 10, 11, 12, 14, 16, 22, 23]},
				{"appName": "Chrome", "usage": [0, 1, 2, 6, 7, 8, 9, 11, 12, 16, 23]},
				{"appName": "Facebook", "usage": [0, 6, 7, 8, 9, 10, 11, 12, 16, 23]},
				{"appName": "Paco", "usage": [2, 3, 4, 5, 6, 7, 8, 9, 10]},
				{"appName": "네이버 카페", "usage": [0, 1, 7, 10, 16, 23]},
				{"appName": "Google", "usage": [0, 1, 16, 23]},
				{"appName": "카메라", "usage": [3, 4, 6]},
				{"appName": "당근마켓", "usage": [7, 10, 11]},
				{"appName": "Polar Beat", "usage": [2, 5, 10]},
				{"appName": "포토", "usage": [0, 12]},
				{"appName": "통화 화면", "usage": [3, 4]},
				{"appName": "카카오톡", "usage": [3, 7]},
				{"appName": "접근성", "usage": [2, 10]},
				{"appName": "삼성 인터넷", "usage": [0, 16]},
				{"appName": "Gmail", "usage": [0, 7]},
				{"appName": "패키지 설치 프로그램", "usage": [2]},
				{"appName": "통화 관리", "usage": [3]},
				{"appName": "카카오스토리", "usage": [1]},
				{"appName": "주소록", "usage": [3]},
				{"appName": "알람/시계", "usage": [22]},
				{"appName": "설정", "usage": [14]},
				{"appName": "메시지", "usage": [9]},
				{"appName": "대기오염정보", "usage": [1]},
				{"appName": "YouTube", "usage": [11]},
				{"appName": "Shutdown Monitor", "usage": [14]},
				{"appName": "Mi Home", "usage": [4]},
				{"appName": "MX 플레이어", "usage": [14]},
				{"appName": "Logger", "usage": [2]},
				{"appName": "Google Play 스토어", "usage": [0]},
				{"appName": "Google Play 서비스", "usage": [9]},
				{"appName": "EyeFilter", "usage": [14]},
				{"appName": "DMB", "usage": [14]}
			]
		},
		"maxTime": {
			"usage": 25,
			"details": [
				{"appName": "MX 플레이어", "usage": 10},
				{"appName": "Chrome", "usage": 8},
				{"appName": "삼성 인터넷", "usage": 4},
				{"appName": "네이버 카페", "usage": 3},
				{"appName": "YouTube", "usage": 1},
				{"appName": "Facebook", "usage": 1},
				{"appName": "포토", "usage": 1},
				{"appName": "Google", "usage": 1},
				{"appName": "통화 화면", "usage": 1},
				{"appName": "카메라", "usage": 0},
				{"appName": "Mi Home", "usage": 0},
				{"appName": "Google Play 스토어", "usage": 0},
				{"appName": "카카오스토리", "usage": 0},
				{"appName": "기본홈", "usage": 0},
				{"appName": "당근마켓", "usage": 0},
				{"appName": "대기오염정보", "usage": 0},
				{"appName": "Paco", "usage": 0},
				{"appName": "Gmail", "usage": 0},
				{"appName": "Shutdown Monitor", "usage": 0},
				{"appName": "카카오톡", "usage": 0},
				{"appName": "메시지", "usage": 0},
				{"appName": "Polar Beat", "usage": 0},
				{"appName": "주소록", "usage": 0},
				{"appName": "Google Play 서비스", "usage": 0},
				{"appName": "접근성", "usage": 0},
				{"appName": "알람/시계", "usage": 0},
				{"appName": "Logger", "usage": 0},
				{"appName": "DMB", "usage": 0},
				{"appName": "설정", "usage": 0},
				{"appName": "패키지 설치 프로그램", "usage": 0},
				{"appName": "통화 관리", "usage": 0},
				{"appName": "EyeFilter", "usage": 0}
			]
		},
		"avgTime": {
			"usage": 2,
			"details": [
				{"appName": "삼성 인터넷", "usage": 3},
				{"appName": "MX 플레이어", "usage": 1},
				{"appName": "Chrome", "usage": 1},
				{"appName": "포토", "usage": 1},
				{"appName": "YouTube", "usage": 1},
				{"appName": "Mi Home", "usage": 0},
				{"appName": "통화 화면", "usage": 0},
				{"appName": "Gmail", "usage": 0},
				{"appName": "Google Play 스토어", "usage": 0},
				{"appName": "Facebook", "usage": 0},
				{"appName": "Google", "usage": 0},
				{"appName": "대기오염정보", "usage": 0},
				{"appName": "카메라", "usage": 0},
				{"appName": "네이버 카페", "usage": 0},
				{"appName": "메시지", "usage": 0},
				{"appName": "Shutdown Monitor", "usage": 0},
				{"appName": "Google Play 서비스", "usage": 0},
				{"appName": "기본홈", "usage": 0},
				{"appName": "Paco", "usage": 0},
				{"appName": "당근마켓", "usage": 0},
				{"appName": "Polar Beat", "usage": 0},
				{"appName": "카카오스토리", "usage": 0},
				{"appName": "접근성", "usage": 0},
				{"appName": "카카오톡", "usage": 0},
				{"appName": "주소록", "usage": 0},
				{"appName": "Logger", "usage": 0},
				{"appName": "알람/시계", "usage": 0},
				{"appName": "DMB", "usage": 0},
				{"appName": "설정", "usage": 0},
				{"appName": "패키지 설치 프로그램", "usage": 0},
				{"appName": "통화 관리", "usage": 0},
				{"appName": "EyeFilter", "usage": 0}
			]
		},
		"lastPickup": {"time": 3}
	},
	{
		"date": 7,
		"totalTime": {
			"usage": 121,
			"details": [
				{"appName": "YouTube", "usage": 933},
				{"appName": "Chrome", "usage": 44},
				{"appName": "MX 플레이어", "usage": 12},
				{"appName": "네이버 카페", "usage": 10},
				{"appName": "메시지", "usage": 7},
				{"appName": "기본홈", "usage": 6},
				{"appName": "Facebook", "usage": 3},
				{"appName": "카카오뱅크", "usage": 2},
				{"appName": "Paco", "usage": 2},
				{"appName": "Smart Tools", "usage": 1},
				{"appName": "당근마켓", "usage": 1},
				{"appName": "Gmail", "usage": 1},
				{"appName": "통화 화면", "usage": 1},
				{"appName": "Google", "usage": 1},
				{"appName": "Mi Home", "usage": 1},
				{"appName": "Polar Beat", "usage": 0},
				{"appName": "호갱노노", "usage": 0},
				{"appName": "네이버 지도", "usage": 0},
				{"appName": "대기오염정보", "usage": 0},
				{"appName": "접근성", "usage": 0},
				{"appName": "주소록", "usage": 0},
				{"appName": "파일", "usage": 0},
				{"appName": "카카오톡", "usage": 0},
				{"appName": "패키지 설치 프로그램", "usage": 0},
				{"appName": "시스템 UI", "usage": 0},
				{"appName": "Logger", "usage": 0},
				{"appName": "Android 시스템", "usage": 0},
				{"appName": "통화 관리", "usage": 0},
				{"appName": "현대카드", "usage": 0}
			]
		},
		"pickups": {"usage": 46},
		"downTime": {
			"usage": [
				{"hour": "0", "usage": 24},
				{"hour": "1", "usage": 34},
				{"hour": "2", "usage": 3},
				{"hour": "3", "usage": 0},
				{"hour": "4", "usage": 9},
				{"hour": "6", "usage": 7},
				{"hour": "7", "usage": 23},
				{"hour": "8", "usage": 17}
			],
			"details": [
				{"appName": "기본홈", "usage": [0, 1, 2, 3, 4, 6, 7, 8]},
				{"appName": "Chrome", "usage": [0, 1, 2, 4, 6, 7, 8]},
				{"appName": "Paco", "usage": [2, 3, 4, 6, 7, 8]},
				{"appName": "네이버 카페", "usage": [0, 6, 7, 8]},
				{"appName": "Facebook", "usage": [1, 4, 6, 7]},
				{"appName": "YouTube", "usage": [1, 2, 8]},
				{"appName": "Polar Beat", "usage": [2, 3, 7]},
				{"appName": "호갱노노", "usage": [0, 8]},
				{"appName": "패키지 설치 프로그램", "usage": [0, 2]},
				{"appName": "시스템 UI", "usage": [7, 8]},
				{"appName": "메시지", "usage": [7, 8]},
				{"appName": "대기오염정보", "usage": [0, 4]},
				{"appName": "Google", "usage": [0, 1]},
				{"appName": "현대카드", "usage": [2]},
				{"appName": "파일", "usage": [7]},
				{"appName": "통화 화면", "usage": [7]},
				{"appName": "통화 관리", "usage": [7]},
				{"appName": "카카오톡", "usage": [7]},
				{"appName": "카카오뱅크", "usage": [7]},
				{"appName": "주소록", "usage": [7]},
				{"appName": "접근성", "usage": [2]},
				{"appName": "당근마켓", "usage": [0]},
				{"appName": "네이버 지도", "usage": [8]},
				{"appName": "Smart Tools", "usage": [0]},
				{"appName": "Mi Home", "usage": [6]},
				{"appName": "MX 플레이어", "usage": [0]},
				{"appName": "Logger", "usage": [2]},
				{"appName": "Gmail", "usage": [7]},
				{"appName": "Android 시스템", "usage": [7]}
			]
		},
		"maxTime": {
			"usage": 20,
			"details": [
				{"appName": "YouTube", "usage": 921},
				{"appName": "MX 플레이어", "usage": 12},
				{"appName": "Chrome", "usage": 7},
				{"appName": "네이버 카페", "usage": 2},
				{"appName": "메시지", "usage": 1},
				{"appName": "Google", "usage": 1},
				{"appName": "Facebook", "usage": 1},
				{"appName": "당근마켓", "usage": 0},
				{"appName": "Smart Tools", "usage": 0},
				{"appName": "통화 화면", "usage": 0},
				{"appName": "호갱노노", "usage": 0},
				{"appName": "기본홈", "usage": 0},
				{"appName": "Gmail", "usage": 0},
				{"appName": "Mi Home", "usage": 0},
				{"appName": "네이버 지도", "usage": 0},
				{"appName": "카카오뱅크", "usage": 0},
				{"appName": "접근성", "usage": 0},
				{"appName": "Polar Beat", "usage": 0},
				{"appName": "Paco", "usage": 0},
				{"appName": "파일", "usage": 0},
				{"appName": "대기오염정보", "usage": 0},
				{"appName": "주소록", "usage": 0},
				{"appName": "카카오톡", "usage": 0},
				{"appName": "패키지 설치 프로그램", "usage": 0},
				{"appName": "Logger", "usage": 0},
				{"appName": "시스템 UI", "usage": 0},
				{"appName": "Android 시스템", "usage": 0},
				{"appName": "통화 관리", "usage": 0},
				{"appName": "현대카드", "usage": 0}
			]
		},
		"avgTime": {
			"usage": 2,
			"details": [
				{"appName": "YouTube", "usage": 93},
				{"appName": "MX 플레이어", "usage": 2},
				{"appName": "Chrome", "usage": 1},
				{"appName": "메시지", "usage": 0},
				{"appName": "당근마켓", "usage": 0},
				{"appName": "Facebook", "usage": 0},
				{"appName": "네이버 카페", "usage": 0},
				{"appName": "Google", "usage": 0},
				{"appName": "접근성", "usage": 0},
				{"appName": "통화 화면", "usage": 0},
				{"appName": "파일", "usage": 0},
				{"appName": "호갱노노", "usage": 0},
				{"appName": "네이버 지도", "usage": 0},
				{"appName": "Gmail", "usage": 0},
				{"appName": "Smart Tools", "usage": 0},
				{"appName": "Polar Beat", "usage": 0},
				{"appName": "Mi Home", "usage": 0},
				{"appName": "기본홈", "usage": 0},
				{"appName": "대기오염정보", "usage": 0},
				{"appName": "카카오뱅크", "usage": 0},
				{"appName": "Paco", "usage": 0},
				{"appName": "주소록", "usage": 0},
				{"appName": "카카오톡", "usage": 0},
				{"appName": "패키지 설치 프로그램", "usage": 0},
				{"appName": "시스템 UI", "usage": 0},
				{"appName": "Logger", "usage": 0},
				{"appName": "Android 시스템", "usage": 0},
				{"appName": "통화 관리", "usage": 0},
				{"appName": "현대카드", "usage": 0}
			]
		},
		"lastPickup": {"time": 4}
	}
]
