[
	{
		"date": 1,
		"totalTime": {
			"usage": 292,
			"details": [
				{"appName": "삼성 인터넷", "usage": 90},
				{"appName": "YouTube", "usage": 53},
				{"appName": "One UI 홈", "usage": 30},
				{"appName": "코레일톡", "usage": 22},
				{"appName": "카카오톡", "usage": 15},
				{"appName": "Twitch", "usage": 11},
				{"appName": "Paco", "usage": 9},
				{"appName": "통화", "usage": 7},
				{"appName": "Polar Beat", "usage": 5},
				{"appName": "Microsoft Health", "usage": 4},
				{"appName": "KB국민카드", "usage": 3},
				{"appName": "설정", "usage": 3},
				{"appName": "KB스타뱅킹", "usage": 2},
				{"appName": "네이버 웹툰", "usage": 1},
				{"appName": "Logger", "usage": 1},
				{"appName": "마이 케이티", "usage": 1},
				{"appName": "계산기", "usage": 1},
				{"appName": "메시지", "usage": 1},
				{"appName": "SR 고속열차", "usage": 1},
				{"appName": "전화", "usage": 1},
				{"appName": "Gmail", "usage": 1},
				{"appName": "원터치알림", "usage": 0},
				{"appName": "패키지 설치 프로그램", "usage": 0},
				{"appName": "Dropsync", "usage": 0},
				{"appName": "카메라", "usage": 0},
				{"appName": "드라이브", "usage": 0},
				{"appName": "M-able", "usage": 0},
				{"appName": "Google Play 스토어", "usage": 0},
				{"appName": "디바이스 케어", "usage": 0},
				{"appName": "Netflix", "usage": 0},
				{"appName": "KB스타알림", "usage": 0},
				{"appName": "내 파일", "usage": 0},
				{"appName": "BAND", "usage": 0},
				{"appName": "Google Play 서비스", "usage": 0},
				{"appName": "연락처", "usage": 0},
				{"appName": "캘린더", "usage": 0},
				{"appName": "MangoPlate", "usage": 0},
				{"appName": "ABC Logger", "usage": 0},
				{"appName": "", "usage": 0},
				{"appName": "안드로이드 시스템", "usage": 0},
				{"appName": "시스템 UI", "usage": 0},
				{"appName": "접근성", "usage": 0},
				{"appName": "Google", "usage": 0},
				{"appName": "AhnLab V3 Mobile Plus 2.0", "usage": 0},
				{"appName": "빅스비 보이스", "usage": 0}
			]
		},
		"pickups": {"usage": 233},
		"downTime": {
			"usage": [
				{"hour": "0", "usage": 40},
				{"hour": "1", "usage": 11},
				{"hour": "2", "usage": 7},
				{"hour": "3", "usage": 12},
				{"hour": "4", "usage": 22},
				{"hour": "5", "usage": 2},
				{"hour": "6", "usage": 6},
				{"hour": "7", "usage": 15},
				{"hour": "8", "usage": 12},
				{"hour": "9", "usage": 10},
				{"hour": "10", "usage": 13},
				{"hour": "11", "usage": 3},
				{"hour": "12", "usage": 13},
				{"hour": "13", "usage": 27},
				{"hour": "14", "usage": 5},
				{"hour": "15", "usage": 25},
				{"hour": "16", "usage": 44},
				{"hour": "21", "usage": 0},
				{"hour": "22", "usage": 0}
			],
			"details": [
				{"appName": "One UI 홈", "usage": [0, 1, 2, 3, 4, 5, 6, 7, 8, 9, 10, 11, 12, 13, 14, 15, 16, 22, 23]},
				{"appName": "삼성 인터넷", "usage": [0, 1, 2, 4, 5, 6, 7, 8, 9, 10, 11, 12, 14, 15, 16, 22, 23]},
				{"appName": "카카오톡", "usage": [0, 1, 2, 3, 4, 5, 6, 7, 8, 9, 11, 12, 15]},
				{"appName": "Paco", "usage": [1, 2, 3, 4, 5, 6, 7, 8, 9, 10, 12, 13]},
				{"appName": "설정", "usage": [0, 3, 4, 7, 9, 10, 12, 13, 16]},
				{"appName": "YouTube", "usage": [0, 1, 2, 4, 6, 7, 14, 15, 16]},
				{"appName": "Polar Beat", "usage": [1, 2, 3, 6, 7, 9, 10, 12, 13]},
				{"appName": "계산기", "usage": [1, 3, 7, 8, 15, 16]},
				{"appName": "KB국민카드", "usage": [2, 4, 7, 8, 11, 15]},
				{"appName": "Gmail", "usage": [0, 7, 9, 11, 15]},
				{"appName": "패키지 설치 프로그램", "usage": [0, 7, 12, 13]},
				{"appName": "코레일톡", "usage": [3, 13, 15, 16]},
				{"appName": "메시지", "usage": [1, 7, 9, 15]},
				{"appName": "Logger", "usage": [7, 9, 12, 13]},
				{"appName": "통화", "usage": [3, 9, 10]},
				{"appName": "빅스비 보이스", "usage": [3, 9, 22]},
				{"appName": "M-able", "usage": [0, 1, 6]},
				{"appName": "KB스타알림", "usage": [7, 8, 9]},
				{"appName": "접근성", "usage": [0, 13]},
				{"appName": "전화", "usage": [0, 10]},
				{"appName": "원터치알림", "usage": [8, 11]},
				{"appName": "안드로이드 시스템", "usage": [1, 4]},
				{"appName": "시스템 UI", "usage": [4, 6]},
				{"appName": "내 파일", "usage": [1, 12]},
				{"appName": "Twitch", "usage": [0, 16]},
				{"appName": "Netflix", "usage": [13, 16]},
				{"appName": "KB스타뱅킹", "usage": [8, 9]},
				{"appName": "Google Play 스토어", "usage": [13, 16]},
				{"appName": "Google Play 서비스", "usage": [13, 16]},
				{"appName": "Dropsync", "usage": [1, 12]},
				{"appName": "캘린더", "usage": [11]},
				{"appName": "카메라", "usage": [10]},
				{"appName": "연락처", "usage": [0]},
				{"appName": "마이 케이티", "usage": [15]},
				{"appName": "디바이스 케어", "usage": [12]},
				{"appName": "드라이브", "usage": [1]},
				{"appName": "네이버 웹툰", "usage": [15]},
				{"appName": "SR 고속열차", "usage": [13]},
				{"appName": "Microsoft Health", "usage": [12]},
				{"appName": "MangoPlate", "usage": [9]},
				{"appName": "Google", "usage": [15]},
				{"appName": "BAND", "usage": [7]},
				{"appName": "AhnLab V3 Mobile Plus 2.0", "usage": [15]},
				{"appName": "ABC Logger", "usage": [12]},
				{"appName": "", "usage": [13]}
			]
		},
		"maxTime": {
			"usage": 25,
			"details": [
				{"appName": "삼성 인터넷", "usage": 14},
				{"appName": "YouTube", "usage": 12},
				{"appName": "Twitch", "usage": 7},
				{"appName": "통화", "usage": 4},
				{"appName": "One UI 홈", "usage": 3},
				{"appName": "Microsoft Health", "usage": 3},
				{"appName": "카카오톡", "usage": 2},
				{"appName": "코레일톡", "usage": 2},
				{"appName": "Polar Beat", "usage": 1},
				{"appName": "마이 케이티", "usage": 1},
				{"appName": "네이버 웹툰", "usage": 1},
				{"appName": "SR 고속열차", "usage": 0},
				{"appName": "Paco", "usage": 0},
				{"appName": "KB스타뱅킹", "usage": 0},
				{"appName": "설정", "usage": 0},
				{"appName": "드라이브", "usage": 0},
				{"appName": "KB국민카드", "usage": 0},
				{"appName": "Logger", "usage": 0},
				{"appName": "전화", "usage": 0},
				{"appName": "Google Play 스토어", "usage": 0},
				{"appName": "내 파일", "usage": 0},
				{"appName": "Gmail", "usage": 0},
				{"appName": "메시지", "usage": 0},
				{"appName": "카메라", "usage": 0},
				{"appName": "Dropsync", "usage": 0},
				{"appName": "원터치알림", "usage": 0},
				{"appName": "패키지 설치 프로그램", "usage": 0},
				{"appName": "Netflix", "usage": 0},
				{"appName": "M-able", "usage": 0},
				{"appName": "캘린더", "usage": 0},
				{"appName": "ABC Logger", "usage": 0},
				{"appName": "계산기", "usage": 0},
				{"appName": "Google Play 서비스", "usage": 0},
				{"appName": "BAND", "usage": 0},
				{"appName": "디바이스 케어", "usage": 0},
				{"appName": "안드로이드 시스템", "usage": 0},
				{"appName": "연락처", "usage": 0},
				{"appName": "", "usage": 0},
				{"appName": "MangoPlate", "usage": 0},
				{"appName": "KB스타알림", "usage": 0},
				{"appName": "시스템 UI", "usage": 0},
				{"appName": "Google", "usage": 0},
				{"appName": "접근성", "usage": 0},
				{"appName": "AhnLab V3 Mobile Plus 2.0", "usage": 0},
				{"appName": "빅스비 보이스", "usage": 0}
			]
		},
		"avgTime": {
			"usage": 1,
			"details": [
				{"appName": "통화", "usage": 1},
				{"appName": "YouTube", "usage": 1},
				{"appName": "Twitch", "usage": 1},
				{"appName": "삼성 인터넷", "usage": 1},
				{"appName": "Microsoft Health", "usage": 0},
				{"appName": "마이 케이티", "usage": 0},
				{"appName": "카메라", "usage": 0},
				{"appName": "코레일톡", "usage": 0},
				{"appName": "Gmail", "usage": 0},
				{"appName": "KB스타뱅킹", "usage": 0},
				{"appName": "네이버 웹툰", "usage": 0},
				{"appName": "Paco", "usage": 0},
				{"appName": "Polar Beat", "usage": 0},
				{"appName": "드라이브", "usage": 0},
				{"appName": "SR 고속열차", "usage": 0},
				{"appName": "M-able", "usage": 0},
				{"appName": "내 파일", "usage": 0},
				{"appName": "메시지", "usage": 0},
				{"appName": "Logger", "usage": 0},
				{"appName": "One UI 홈", "usage": 0},
				{"appName": "Dropsync", "usage": 0},
				{"appName": "캘린더", "usage": 0},
				{"appName": "계산기", "usage": 0},
				{"appName": "카카오톡", "usage": 0},
				{"appName": "ABC Logger", "usage": 0},
				{"appName": "KB국민카드", "usage": 0},
				{"appName": "전화", "usage": 0},
				{"appName": "디바이스 케어", "usage": 0},
				{"appName": "설정", "usage": 0},
				{"appName": "안드로이드 시스템", "usage": 0},
				{"appName": "Netflix", "usage": 0},
				{"appName": "연락처", "usage": 0},
				{"appName": "원터치알림", "usage": 0},
				{"appName": "Google Play 서비스", "usage": 0},
				{"appName": "Google Play 스토어", "usage": 0},
				{"appName": "KB스타알림", "usage": 0},
				{"appName": "Google", "usage": 0},
				{"appName": "패키지 설치 프로그램", "usage": 0},
				{"appName": "BAND", "usage": 0},
				{"appName": "", "usage": 0},
				{"appName": "접근성", "usage": 0},
				{"appName": "시스템 UI", "usage": 0},
				{"appName": "MangoPlate", "usage": 0},
				{"appName": "AhnLab V3 Mobile Plus 2.0", "usage": 0},
				{"appName": "빅스비 보이스", "usage": 0}
			]
		},
		"lastPickup": {"time": 17}
	},
	{
		"date": 2,
		"totalTime": {
			"usage": 479,
			"details": [
				{"appName": "YouTube", "usage": 158},
				{"appName": "삼성 인터넷", "usage": 132},
				{"appName": "Twitch", "usage": 40},
				{"appName": "카카오톡", "usage": 36},
				{"appName": "Paco", "usage": 22},
				{"appName": "One UI 홈", "usage": 18},
				{"appName": "KB스타뱅킹", "usage": 6},
				{"appName": "통화", "usage": 5},
				{"appName": "KB국민카드", "usage": 5},
				{"appName": "코레일톡", "usage": 3},
				{"appName": "설정", "usage": 3},
				{"appName": "Polar Beat", "usage": 2},
				{"appName": "Microsoft Health", "usage": 2},
				{"appName": "Logger", "usage": 2},
				{"appName": "네이버 웹툰", "usage": 2},
				{"appName": "계산기", "usage": 2},
				{"appName": "메시지", "usage": 1},
				{"appName": "시스템 UI", "usage": 1},
				{"appName": "KB스타알림", "usage": 1},
				{"appName": "M-able", "usage": 0},
				{"appName": "Gmail", "usage": 0},
				{"appName": "Google Play 스토어", "usage": 0},
				{"appName": "국세청 홈택스", "usage": 0},
				{"appName": "BAND", "usage": 0},
				{"appName": "원터치알림", "usage": 0},
				{"appName": "시계", "usage": 0},
				{"appName": "카메라", "usage": 0},
				{"appName": "Netflix", "usage": 0},
				{"appName": "Evernote", "usage": 0},
				{"appName": "Dropsync", "usage": 0},
				{"appName": "마이 케이티", "usage": 0},
				{"appName": "갤러리", "usage": 0},
				{"appName": "패키지 설치 프로그램", "usage": 0},
				{"appName": "전화", "usage": 0},
				{"appName": "쏘카", "usage": 0},
				{"appName": "접근성", "usage": 0},
				{"appName": "AhnLab V3 Mobile Plus 2.0", "usage": 0},
				{"appName": "안드로이드 시스템", "usage": 0},
				{"appName": "내 파일", "usage": 0},
				{"appName": "CaptivePortalLogin", "usage": 0},
				{"appName": "빅스비 보이스", "usage": 0}
			]
		},
		"pickups": {"usage": 181},
		"downTime": {
			"usage": [
				{"hour": "0", "usage": 40},
				{"hour": "1", "usage": 15},
				{"hour": "2", "usage": 14},
				{"hour": "3", "usage": 4},
				{"hour": "4", "usage": 14},
				{"hour": "5", "usage": 14},
				{"hour": "6", "usage": 19},
				{"hour": "7", "usage": 10},
				{"hour": "8", "usage": 9},
				{"hour": "9", "usage": 47},
				{"hour": "10", "usage": 31},
				{"hour": "11", "usage": 18},
				{"hour": "12", "usage": 2},
				{"hour": "13", "usage": 51},
				{"hour": "14", "usage": 43},
				{"hour": "15", "usage": 51},
				{"hour": "16", "usage": 27},
				{"hour": "22", "usage": 6},
				{"hour": "23", "usage": 50}
			],
			"details": [
				{"appName": "One UI 홈", "usage": [0, 1, 2, 3, 4, 5, 6, 7, 8, 9, 10, 11, 12, 13, 14, 15, 16, 22, 23]},
				{"appName": "삼성 인터넷", "usage": [0, 1, 2, 3, 4, 5, 6, 7, 8, 9, 10, 11, 13, 14, 15, 16, 22, 23]},
				{"appName": "카카오톡", "usage": [0, 1, 2, 4, 5, 6, 7, 9, 10, 11, 13, 14, 15, 23]},
				{"appName": "YouTube", "usage": [0, 1, 5, 6, 7, 9, 11, 13, 14, 15, 16, 23]},
				{"appName": "Paco", "usage": [1, 2, 3, 4, 5, 7, 8, 9, 10, 11, 12, 13]},
				{"appName": "시스템 UI", "usage": [0, 6, 7, 9, 11, 13, 14, 15, 16, 23]},
				{"appName": "Polar Beat", "usage": [1, 2, 4, 7, 8, 10, 11, 12, 13, 14]},
				{"appName": "설정", "usage": [0, 1, 2, 8, 11, 13, 15, 16]},
				{"appName": "계산기", "usage": [2, 4, 5, 6, 7, 8, 10, 23]},
				{"appName": "Logger", "usage": [0, 1, 2, 9, 11, 13]},
				{"appName": "M-able", "usage": [0, 1, 2, 13, 23]},
				{"appName": "KB스타알림", "usage": [0, 4, 5, 7, 13]},
				{"appName": "KB국민카드", "usage": [0, 4, 6, 8, 23]},
				{"appName": "Twitch", "usage": [9, 15, 16, 23]},
				{"appName": "KB스타뱅킹", "usage": [4, 5, 7, 13]},
				{"appName": "Gmail", "usage": [2, 7, 9, 11]},
				{"appName": "패키지 설치 프로그램", "usage": [0, 9, 11]},
				{"appName": "코레일톡", "usage": [0, 3, 11]},
				{"appName": "시계", "usage": [4, 15, 23]},
				{"appName": "메시지", "usage": [0, 5, 12]},
				{"appName": "Netflix", "usage": [1, 14, 23]},
				{"appName": "BAND", "usage": [6, 7, 13]},
				{"appName": "AhnLab V3 Mobile Plus 2.0", "usage": [0, 4, 8]},
				{"appName": "카메라", "usage": [4, 5]},
				{"appName": "접근성", "usage": [0, 13]},
				{"appName": "Evernote", "usage": [0, 5]},
				{"appName": "통화", "usage": [9]},
				{"appName": "전화", "usage": [9]},
				{"appName": "원터치알림", "usage": [5]},
				{"appName": "안드로이드 시스템", "usage": [4]},
				{"appName": "쏘카", "usage": [2]},
				{"appName": "빅스비 보이스", "usage": [0]},
				{"appName": "마이 케이티", "usage": [6]},
				{"appName": "네이버 웹툰", "usage": [15]},
				{"appName": "내 파일", "usage": [11]},
				{"appName": "국세청 홈택스", "usage": [4]},
				{"appName": "갤러리", "usage": [4]},
				{"appName": "Microsoft Health", "usage": [11]},
				{"appName": "Google Play 스토어", "usage": [11]},
				{"appName": "Dropsync", "usage": [8]},
				{"appName": "CaptivePortalLogin", "usage": [8]}
			]
		},
		"maxTime": {
			"usage": 78,
			"details": [
				{"appName": "YouTube", "usage": 17},
				{"appName": "Paco", "usage": 13},
				{"appName": "Twitch", "usage": 12},
				{"appName": "삼성 인터넷", "usage": 10},
				{"appName": "통화", "usage": 4},
				{"appName": "카카오톡", "usage": 3},
				{"appName": "설정", "usage": 2},
				{"appName": "KB스타뱅킹", "usage": 1},
				{"appName": "Microsoft Health", "usage": 1},
				{"appName": "Logger", "usage": 1},
				{"appName": "계산기", "usage": 0},
				{"appName": "One UI 홈", "usage": 0},
				{"appName": "네이버 웹툰", "usage": 0},
				{"appName": "Google Play 스토어", "usage": 0},
				{"appName": "KB국민카드", "usage": 0},
				{"appName": "Polar Beat", "usage": 0},
				{"appName": "Gmail", "usage": 0},
				{"appName": "원터치알림", "usage": 0},
				{"appName": "KB스타알림", "usage": 0},
				{"appName": "코레일톡", "usage": 0},
				{"appName": "국세청 홈택스", "usage": 0},
				{"appName": "BAND", "usage": 0},
				{"appName": "Netflix", "usage": 0},
				{"appName": "메시지", "usage": 0},
				{"appName": "Dropsync", "usage": 0},
				{"appName": "마이 케이티", "usage": 0},
				{"appName": "Evernote", "usage": 0},
				{"appName": "카메라", "usage": 0},
				{"appName": "갤러리", "usage": 0},
				{"appName": "패키지 설치 프로그램", "usage": 0},
				{"appName": "M-able", "usage": 0},
				{"appName": "시계", "usage": 0},
				{"appName": "시스템 UI", "usage": 0},
				{"appName": "접근성", "usage": 0},
				{"appName": "쏘카", "usage": 0},
				{"appName": "전화", "usage": 0},
				{"appName": "안드로이드 시스템", "usage": 0},
				{"appName": "내 파일", "usage": 0},
				{"appName": "CaptivePortalLogin", "usage": 0},
				{"appName": "AhnLab V3 Mobile Plus 2.0", "usage": 0},
				{"appName": "빅스비 보이스", "usage": 0}
			]
		},
		"avgTime": {
			"usage": 2,
			"details": [
				{"appName": "YouTube", "usage": 2},
				{"appName": "Twitch", "usage": 2},
				{"appName": "통화", "usage": 1},
				{"appName": "삼성 인터넷", "usage": 1},
				{"appName": "Microsoft Health", "usage": 0},
				{"appName": "Paco", "usage": 0},
				{"appName": "Dropsync", "usage": 0},
				{"appName": "마이 케이티", "usage": 0},
				{"appName": "Logger", "usage": 0},
				{"appName": "Google Play 스토어", "usage": 0},
				{"appName": "KB스타뱅킹", "usage": 0},
				{"appName": "설정", "usage": 0},
				{"appName": "메시지", "usage": 0},
				{"appName": "Polar Beat", "usage": 0},
				{"appName": "Gmail", "usage": 0},
				{"appName": "계산기", "usage": 0},
				{"appName": "갤러리", "usage": 0},
				{"appName": "카카오톡", "usage": 0},
				{"appName": "네이버 웹툰", "usage": 0},
				{"appName": "M-able", "usage": 0},
				{"appName": "KB국민카드", "usage": 0},
				{"appName": "코레일톡", "usage": 0},
				{"appName": "국세청 홈택스", "usage": 0},
				{"appName": "카메라", "usage": 0},
				{"appName": "Evernote", "usage": 0},
				{"appName": "원터치알림", "usage": 0},
				{"appName": "Netflix", "usage": 0},
				{"appName": "KB스타알림", "usage": 0},
				{"appName": "One UI 홈", "usage": 0},
				{"appName": "BAND", "usage": 0},
				{"appName": "시계", "usage": 0},
				{"appName": "안드로이드 시스템", "usage": 0},
				{"appName": "접근성", "usage": 0},
				{"appName": "패키지 설치 프로그램", "usage": 0},
				{"appName": "내 파일", "usage": 0},
				{"appName": "CaptivePortalLogin", "usage": 0},
				{"appName": "쏘카", "usage": 0},
				{"appName": "시스템 UI", "usage": 0},
				{"appName": "전화", "usage": 0},
				{"appName": "AhnLab V3 Mobile Plus 2.0", "usage": 0},
				{"appName": "빅스비 보이스", "usage": 0}
			]
		},
		"lastPickup": {"time": 4}
	},
	{
		"date": 3,
		"totalTime": {
			"usage": 393,
			"details": [
				{"appName": "삼성 인터넷", "usage": 149},
				{"appName": "YouTube", "usage": 95},
				{"appName": "One UI 홈", "usage": 28},
				{"appName": "Twitch", "usage": 22},
				{"appName": "RX TIMER", "usage": 18},
				{"appName": "네이버 웹툰", "usage": 10},
				{"appName": "Paco", "usage": 7},
				{"appName": "카카오톡", "usage": 7},
				{"appName": "BAND", "usage": 4},
				{"appName": "Gmail", "usage": 3},
				{"appName": "Evernote", "usage": 3},
				{"appName": "YouTube Music", "usage": 3},
				{"appName": "KB국민카드", "usage": 2},
				{"appName": "시계", "usage": 2},
				{"appName": "설정", "usage": 2},
				{"appName": "메시지", "usage": 1},
				{"appName": "Logger", "usage": 1},
				{"appName": "계산기", "usage": 0},
				{"appName": "통화", "usage": 0},
				{"appName": "캘린더", "usage": 0},
				{"appName": "Polar Beat", "usage": 0},
				{"appName": "뱅크샐러드", "usage": 0},
				{"appName": "Google Play 스토어", "usage": 0},
				{"appName": "시스템 UI", "usage": 0},
				{"appName": "네이버 지도", "usage": 0},
				{"appName": "카카오뱅크", "usage": 0},
				{"appName": "M-able", "usage": 0},
				{"appName": "KB스타뱅킹", "usage": 0},
				{"appName": "토스", "usage": 0},
				{"appName": "코레일톡", "usage": 0},
				{"appName": "전화", "usage": 0},
				{"appName": "KB스타알림", "usage": 0},
				{"appName": "Netflix", "usage": 0},
				{"appName": "마이 케이티", "usage": 0},
				{"appName": "ABC Logger", "usage": 0},
				{"appName": "날씨", "usage": 0},
				{"appName": "안드로이드 시스템", "usage": 0},
				{"appName": "접근성", "usage": 0},
				{"appName": "패키지 설치 프로그램", "usage": 0},
				{"appName": "AhnLab V3 Mobile Plus 2.0", "usage": 0},
				{"appName": "Google Play 서비스", "usage": 0},
				{"appName": "빅스비 보이스", "usage": 0}
			]
		},
		"pickups": {"usage": 218},
		"downTime": {
			"usage": [
				{"hour": "0", "usage": 36},
				{"hour": "1", "usage": 3},
				{"hour": "2", "usage": 17},
				{"hour": "3", "usage": 11},
				{"hour": "4", "usage": 19},
				{"hour": "5", "usage": 6},
				{"hour": "6", "usage": 13},
				{"hour": "7", "usage": 6},
				{"hour": "8", "usage": 8},
				{"hour": "9", "usage": 15},
				{"hour": "10", "usage": 13},
				{"hour": "11", "usage": 1},
				{"hour": "12", "usage": 3},
				{"hour": "13", "usage": 27},
				{"hour": "14", "usage": 49},
				{"hour": "15", "usage": 60},
				{"hour": "16", "usage": 13},
				{"hour": "20", "usage": 5},
				{"hour": "21", "usage": 28},
				{"hour": "22", "usage": 42},
				{"hour": "23", "usage": 9}
			],
			"details": [
				{"appName": "One UI 홈", "usage": [0, 1, 2, 3, 4, 5, 6, 7, 8, 9, 10, 11, 12, 13, 14, 15, 16, 20, 21, 22, 23]},
				{"appName": "삼성 인터넷", "usage": [0, 1, 2, 3, 4, 5, 6, 8, 9, 10, 12, 13, 14, 15, 16, 20, 21, 22, 23]},
				{"appName": "Paco", "usage": [1, 2, 3, 4, 5, 6, 7, 8, 9, 10, 11, 12, 23]},
				{"appName": "카카오톡", "usage": [0, 1, 2, 3, 4, 5, 6, 8, 9, 13, 14, 15]},
				{"appName": "설정", "usage": [0, 1, 4, 6, 7, 8, 12, 13, 15, 22, 23]},
				{"appName": "YouTube", "usage": [0, 1, 4, 7, 9, 10, 14, 15, 16, 21, 22]},
				{"appName": "KB국민카드", "usage": [0, 2, 3, 4, 5, 9, 10]},
				{"appName": "BAND", "usage": [2, 3, 7, 8, 10, 16, 21]},
				{"appName": "시계", "usage": [5, 13, 14, 15, 20, 23]},
				{"appName": "계산기", "usage": [4, 5, 6, 9, 14, 21]},
				{"appName": "Twitch", "usage": [9, 10, 14, 15, 21, 22]},
				{"appName": "Gmail", "usage": [2, 3, 7, 8, 9, 12]},
				{"appName": "메시지", "usage": [2, 6, 7, 9]},
				{"appName": "Polar Beat", "usage": [0, 7, 12, 23]},
				{"appName": "시스템 UI", "usage": [15, 22, 23]},
				{"appName": "빅스비 보이스", "usage": [4, 5, 9]},
				{"appName": "Logger", "usage": [1, 9, 12]},
				{"appName": "Google Play 스토어", "usage": [0, 3, 15]},
				{"appName": "Evernote", "usage": [6, 13, 15]},
				{"appName": "통화", "usage": [2, 7]},
				{"appName": "코레일톡", "usage": [10, 13]},
				{"appName": "접근성", "usage": [1, 12]},
				{"appName": "M-able", "usage": [2, 5]},
				{"appName": "KB스타알림", "usage": [2, 9]},
				{"appName": "패키지 설치 프로그램", "usage": [15]},
				{"appName": "토스", "usage": [2]},
				{"appName": "캘린더", "usage": [9]},
				{"appName": "카카오뱅크", "usage": [2]},
				{"appName": "전화", "usage": [7]},
				{"appName": "안드로이드 시스템", "usage": [3]},
				{"appName": "뱅크샐러드", "usage": [2]},
				{"appName": "마이 케이티", "usage": [4]},
				{"appName": "네이버 지도", "usage": [14]},
				{"appName": "네이버 웹툰", "usage": [15]},
				{"appName": "날씨", "usage": [9]},
				{"appName": "YouTube Music", "usage": [15]},
				{"appName": "RX TIMER", "usage": [13]},
				{"appName": "Netflix", "usage": [15]},
				{"appName": "KB스타뱅킹", "usage": [2]},
				{"appName": "Google Play 서비스", "usage": [3]},
				{"appName": "AhnLab V3 Mobile Plus 2.0", "usage": [9]},
				{"appName": "ABC Logger", "usage": [7]}
			]
		},
		"maxTime": {
			"usage": 113,
			"details": [
				{"appName": "YouTube", "usage": 28},
				{"appName": "RX TIMER", "usage": 16},
				{"appName": "삼성 인터넷", "usage": 10},
				{"appName": "Twitch", "usage": 6},
				{"appName": "One UI 홈", "usage": 3},
				{"appName": "BAND", "usage": 2},
				{"appName": "네이버 웹툰", "usage": 2},
				{"appName": "Gmail", "usage": 1},
				{"appName": "Evernote", "usage": 1},
				{"appName": "YouTube Music", "usage": 1},
				{"appName": "카카오톡", "usage": 0},
				{"appName": "캘린더", "usage": 0},
				{"appName": "Logger", "usage": 0},
				{"appName": "통화", "usage": 0},
				{"appName": "시계", "usage": 0},
				{"appName": "네이버 지도", "usage": 0},
				{"appName": "Paco", "usage": 0},
				{"appName": "설정", "usage": 0},
				{"appName": "Google Play 스토어", "usage": 0},
				{"appName": "메시지", "usage": 0},
				{"appName": "KB국민카드", "usage": 0},
				{"appName": "카카오뱅크", "usage": 0},
				{"appName": "M-able", "usage": 0},
				{"appName": "계산기", "usage": 0},
				{"appName": "뱅크샐러드", "usage": 0},
				{"appName": "Polar Beat", "usage": 0},
				{"appName": "Netflix", "usage": 0},
				{"appName": "KB스타뱅킹", "usage": 0},
				{"appName": "마이 케이티", "usage": 0},
				{"appName": "코레일톡", "usage": 0},
				{"appName": "전화", "usage": 0},
				{"appName": "ABC Logger", "usage": 0},
				{"appName": "토스", "usage": 0},
				{"appName": "날씨", "usage": 0},
				{"appName": "시스템 UI", "usage": 0},
				{"appName": "KB스타알림", "usage": 0},
				{"appName": "안드로이드 시스템", "usage": 0},
				{"appName": "패키지 설치 프로그램", "usage": 0},
				{"appName": "접근성", "usage": 0},
				{"appName": "AhnLab V3 Mobile Plus 2.0", "usage": 0},
				{"appName": "Google Play 서비스", "usage": 0},
				{"appName": "빅스비 보이스", "usage": 0}
			]
		},
		"avgTime": {
			"usage": 1,
			"details": [
				{"appName": "RX TIMER", "usage": 4},
				{"appName": "YouTube", "usage": 1},
				{"appName": "삼성 인터넷", "usage": 1},
				{"appName": "Twitch", "usage": 1},
				{"appName": "캘린더", "usage": 0},
				{"appName": "YouTube Music", "usage": 0},
				{"appName": "Gmail", "usage": 0},
				{"appName": "네이버 웹툰", "usage": 0},
				{"appName": "네이버 지도", "usage": 0},
				{"appName": "통화", "usage": 0},
				{"appName": "Evernote", "usage": 0},
				{"appName": "Logger", "usage": 0},
				{"appName": "M-able", "usage": 0},
				{"appName": "Netflix", "usage": 0},
				{"appName": "메시지", "usage": 0},
				{"appName": "BAND", "usage": 0},
				{"appName": "Paco", "usage": 0},
				{"appName": "마이 케이티", "usage": 0},
				{"appName": "One UI 홈", "usage": 0},
				{"appName": "시계", "usage": 0},
				{"appName": "전화", "usage": 0},
				{"appName": "계산기", "usage": 0},
				{"appName": "KB스타뱅킹", "usage": 0},
				{"appName": "설정", "usage": 0},
				{"appName": "Polar Beat", "usage": 0},
				{"appName": "KB국민카드", "usage": 0},
				{"appName": "카카오톡", "usage": 0},
				{"appName": "뱅크샐러드", "usage": 0},
				{"appName": "카카오뱅크", "usage": 0},
				{"appName": "Google Play 스토어", "usage": 0},
				{"appName": "ABC Logger", "usage": 0},
				{"appName": "안드로이드 시스템", "usage": 0},
				{"appName": "KB스타알림", "usage": 0},
				{"appName": "토스", "usage": 0},
				{"appName": "코레일톡", "usage": 0},
				{"appName": "패키지 설치 프로그램", "usage": 0},
				{"appName": "AhnLab V3 Mobile Plus 2.0", "usage": 0},
				{"appName": "날씨", "usage": 0},
				{"appName": "시스템 UI", "usage": 0},
				{"appName": "Google Play 서비스", "usage": 0},
				{"appName": "접근성", "usage": 0},
				{"appName": "빅스비 보이스", "usage": 0}
			]
		},
		"lastPickup": {"time": 0}
	},
	{
		"date": 4,
		"totalTime": {
			"usage": 388,
			"details": [
				{"appName": "YouTube", "usage": 135},
				{"appName": "삼성 인터넷", "usage": 113},
				{"appName": "One UI 홈", "usage": 47},
				{"appName": "카카오톡", "usage": 17},
				{"appName": "Paco", "usage": 8},
				{"appName": "YouTube Music", "usage": 8},
				{"appName": "Evernote", "usage": 5},
				{"appName": "카메라", "usage": 4},
				{"appName": "설정", "usage": 2},
				{"appName": "BAND", "usage": 2},
				{"appName": "Papago", "usage": 2},
				{"appName": "메시지", "usage": 2},
				{"appName": "Polar Beat", "usage": 2},
				{"appName": "코레일톡", "usage": 1},
				{"appName": "통화", "usage": 1},
				{"appName": "시스템 UI", "usage": 1},
				{"appName": "네이버 웹툰", "usage": 1},
				{"appName": "네이버 지도", "usage": 1},
				{"appName": "KB스타알림", "usage": 0},
				{"appName": "KB국민카드", "usage": 0},
				{"appName": "마이 케이티", "usage": 0},
				{"appName": "Logger", "usage": 0},
				{"appName": "Gmail", "usage": 0},
				{"appName": "갤러리", "usage": 0},
				{"appName": "계산기", "usage": 0},
				{"appName": "M-able", "usage": 0},
				{"appName": "롯데시네마", "usage": 0},
				{"appName": "접근성", "usage": 0},
				{"appName": "시계", "usage": 0},
				{"appName": "전화", "usage": 0},
				{"appName": "Netflix", "usage": 0},
				{"appName": "파일", "usage": 0},
				{"appName": "Google", "usage": 0},
				{"appName": "ABC Logger", "usage": 0},
				{"appName": "Google Play 서비스", "usage": 0},
				{"appName": "삼성 키보드", "usage": 0},
				{"appName": "패키지 설치 프로그램", "usage": 0},
				{"appName": "삼성 캡처", "usage": 0},
				{"appName": "원터치알림", "usage": 0},
				{"appName": "원스토어", "usage": 0},
				{"appName": "빅스비 보이스", "usage": 0}
			]
		},
		"pickups": {"usage": 197},
		"downTime": {
			"usage": [
				{"hour": "0", "usage": 16},
				{"hour": "1", "usage": 24},
				{"hour": "2", "usage": 3},
				{"hour": "3", "usage": 7},
				{"hour": "4", "usage": 13},
				{"hour": "5", "usage": 16},
				{"hour": "6", "usage": 29},
				{"hour": "7", "usage": 11},
				{"hour": "8", "usage": 17},
				{"hour": "9", "usage": 8},
				{"hour": "10", "usage": 42},
				{"hour": "11", "usage": 36},
				{"hour": "12", "usage": 40},
				{"hour": "13", "usage": 60},
				{"hour": "14", "usage": 29},
				{"hour": "15", "usage": 0},
				{"hour": "21", "usage": 0},
				{"hour": "22", "usage": 3},
				{"hour": "23", "usage": 24}
			],
			"details": [
				{"appName": "One UI 홈", "usage": [0, 1, 2, 3, 4, 5, 6, 7, 8, 9, 10, 11, 12, 13, 14, 22, 23]},
				{"appName": "삼성 인터넷", "usage": [0, 1, 3, 4, 5, 6, 8, 9, 10, 12, 13, 14, 15, 22, 23]},
				{"appName": "Paco", "usage": [0, 1, 2, 3, 4, 5, 6, 7, 8, 9, 10, 11, 12, 23]},
				{"appName": "카카오톡", "usage": [0, 3, 4, 5, 6, 7, 8, 9, 10, 11, 12, 14]},
				{"appName": "설정", "usage": [0, 1, 2, 4, 5, 6, 7, 8, 13, 22, 23]},
				{"appName": "YouTube", "usage": [3, 4, 10, 11, 12, 13, 22, 23]},
				{"appName": "Polar Beat", "usage": [4, 6, 9, 13, 23]},
				{"appName": "코레일톡", "usage": [9, 10, 11, 14]},
				{"appName": "카메라", "usage": [5, 6, 9, 11]},
				{"appName": "시스템 UI", "usage": [10, 11, 12, 13]},
				{"appName": "메시지", "usage": [0, 3, 5, 7]},
				{"appName": "YouTube Music", "usage": [13, 14, 22, 23]},
				{"appName": "Gmail", "usage": [2, 7, 10, 11]},
				{"appName": "접근성", "usage": [1, 13, 23]},
				{"appName": "계산기", "usage": [0, 1, 10]},
				{"appName": "M-able", "usage": [2, 4, 6]},
				{"appName": "Logger", "usage": [1, 13, 23]},
				{"appName": "패키지 설치 프로그램", "usage": [1, 23]},
				{"appName": "통화", "usage": [9, 10]},
				{"appName": "시계", "usage": [0, 22]},
				{"appName": "마이 케이티", "usage": [12, 14]},
				{"appName": "갤러리", "usage": [5, 9]},
				{"appName": "KB스타알림", "usage": [0, 10]},
				{"appName": "BAND", "usage": [8, 13]},
				{"appName": "파일", "usage": [7]},
				{"appName": "전화", "usage": [10]},
				{"appName": "원터치알림", "usage": [9]},
				{"appName": "원스토어", "usage": [15]},
				{"appName": "삼성 키보드", "usage": [7]},
				{"appName": "삼성 캡처", "usage": [5]},
				{"appName": "빅스비 보이스", "usage": [9]},
				{"appName": "롯데시네마", "usage": [8]},
				{"appName": "네이버 지도", "usage": [23]},
				{"appName": "네이버 웹툰", "usage": [14]},
				{"appName": "Papago", "usage": [14]},
				{"appName": "Netflix", "usage": [3]},
				{"appName": "KB국민카드", "usage": [0]},
				{"appName": "Google Play 서비스", "usage": [5]},
				{"appName": "Google", "usage": [6]},
				{"appName": "Evernote", "usage": [7]},
				{"appName": "ABC Logger", "usage": [0]}
			]
		},
		"maxTime": {
			"usage": 115,
			"details": [
				{"appName": "YouTube", "usage": 17},
				{"appName": "삼성 인터넷", "usage": 13},
				{"appName": "One UI 홈", "usage": 10},
				{"appName": "Evernote", "usage": 2},
				{"appName": "카카오톡", "usage": 2},
				{"appName": "카메라", "usage": 2},
				{"appName": "BAND", "usage": 1},
				{"appName": "Papago", "usage": 1},
				{"appName": "메시지", "usage": 1},
				{"appName": "통화", "usage": 1},
				{"appName": "Polar Beat", "usage": 1},
				{"appName": "네이버 지도", "usage": 1},
				{"appName": "YouTube Music", "usage": 0},
				{"appName": "Paco", "usage": 0},
				{"appName": "설정", "usage": 0},
				{"appName": "갤러리", "usage": 0},
				{"appName": "마이 케이티", "usage": 0},
				{"appName": "코레일톡", "usage": 0},
				{"appName": "Gmail", "usage": 0},
				{"appName": "롯데시네마", "usage": 0},
				{"appName": "Logger", "usage": 0},
				{"appName": "KB스타알림", "usage": 0},
				{"appName": "네이버 웹툰", "usage": 0},
				{"appName": "계산기", "usage": 0},
				{"appName": "KB국민카드", "usage": 0},
				{"appName": "M-able", "usage": 0},
				{"appName": "시스템 UI", "usage": 0},
				{"appName": "Netflix", "usage": 0},
				{"appName": "시계", "usage": 0},
				{"appName": "전화", "usage": 0},
				{"appName": "파일", "usage": 0},
				{"appName": "Google", "usage": 0},
				{"appName": "ABC Logger", "usage": 0},
				{"appName": "접근성", "usage": 0},
				{"appName": "Google Play 서비스", "usage": 0},
				{"appName": "삼성 키보드", "usage": 0},
				{"appName": "패키지 설치 프로그램", "usage": 0},
				{"appName": "삼성 캡처", "usage": 0},
				{"appName": "원터치알림", "usage": 0},
				{"appName": "원스토어", "usage": 0},
				{"appName": "빅스비 보이스", "usage": 0}
			]
		},
		"avgTime": {
			"usage": 1,
			"details": [
				{"appName": "YouTube", "usage": 2},
				{"appName": "삼성 인터넷", "usage": 1},
				{"appName": "통화", "usage": 0},
				{"appName": "Evernote", "usage": 0},
				{"appName": "카메라", "usage": 0},
				{"appName": "네이버 지도", "usage": 0},
				{"appName": "마이 케이티", "usage": 0},
				{"appName": "YouTube Music", "usage": 0},
				{"appName": "Papago", "usage": 0},
				{"appName": "메시지", "usage": 0},
				{"appName": "롯데시네마", "usage": 0},
				{"appName": "갤러리", "usage": 0},
				{"appName": "BAND", "usage": 0},
				{"appName": "Polar Beat", "usage": 0},
				{"appName": "One UI 홈", "usage": 0},
				{"appName": "Paco", "usage": 0},
				{"appName": "M-able", "usage": 0},
				{"appName": "카카오톡", "usage": 0},
				{"appName": "설정", "usage": 0},
				{"appName": "KB스타알림", "usage": 0},
				{"appName": "계산기", "usage": 0},
				{"appName": "KB국민카드", "usage": 0},
				{"appName": "코레일톡", "usage": 0},
				{"appName": "네이버 웹툰", "usage": 0},
				{"appName": "Logger", "usage": 0},
				{"appName": "Gmail", "usage": 0},
				{"appName": "파일", "usage": 0},
				{"appName": "Google", "usage": 0},
				{"appName": "전화", "usage": 0},
				{"appName": "시스템 UI", "usage": 0},
				{"appName": "시계", "usage": 0},
				{"appName": "Google Play 서비스", "usage": 0},
				{"appName": "접근성", "usage": 0},
				{"appName": "삼성 키보드", "usage": 0},
				{"appName": "ABC Logger", "usage": 0},
				{"appName": "Netflix", "usage": 0},
				{"appName": "패키지 설치 프로그램", "usage": 0},
				{"appName": "삼성 캡처", "usage": 0},
				{"appName": "원터치알림", "usage": 0},
				{"appName": "원스토어", "usage": 0},
				{"appName": "빅스비 보이스", "usage": 0}
			]
		},
		"lastPickup": {"time": 0}
	},
	{
		"date": 5,
		"totalTime": {
			"usage": 314,
			"details": [
				{"appName": "삼성 인터넷", "usage": 134},
				{"appName": "YouTube", "usage": 71},
				{"appName": "One UI 홈", "usage": 14},
				{"appName": "카카오톡", "usage": 13},
				{"appName": "네이버 지도", "usage": 13},
				{"appName": "Twitch", "usage": 9},
				{"appName": "Paco", "usage": 6},
				{"appName": "통화", "usage": 6},
				{"appName": "갤러리", "usage": 3},
				{"appName": "YouTube Music", "usage": 3},
				{"appName": "카메라", "usage": 1},
				{"appName": "BAND", "usage": 1},
				{"appName": "Polar Beat", "usage": 1},
				{"appName": "전화", "usage": 1},
				{"appName": "KB국민카드", "usage": 1},
				{"appName": "계산기", "usage": 1},
				{"appName": "코레일톡", "usage": 0},
				{"appName": "네이버 웹툰", "usage": 0},
				{"appName": "메시지", "usage": 0},
				{"appName": "설정", "usage": 0},
				{"appName": "Logger", "usage": 0},
				{"appName": "비디오 플레이어", "usage": 0},
				{"appName": "시스템 UI", "usage": 0},
				{"appName": "Netflix", "usage": 0},
				{"appName": "AhnLab V3 Mobile Plus 2.0", "usage": 0},
				{"appName": "Gmail", "usage": 0},
				{"appName": "접근성", "usage": 0},
				{"appName": "Samsung Pay", "usage": 0},
				{"appName": "Google", "usage": 0},
				{"appName": "패키지 설치 프로그램", "usage": 0},
				{"appName": "삼성 캡처", "usage": 0},
				{"appName": "빅스비 보이스", "usage": 0}
			]
		},
		"pickups": {"usage": 181},
		"downTime": {
			"usage": [
				{"hour": "0", "usage": 31},
				{"hour": "1", "usage": 27},
				{"hour": "2", "usage": 36},
				{"hour": "3", "usage": 2},
				{"hour": "4", "usage": 13},
				{"hour": "5", "usage": 24},
				{"hour": "6", "usage": 13},
				{"hour": "7", "usage": 24},
				{"hour": "8", "usage": 18},
				{"hour": "9", "usage": 6},
				{"hour": "10", "usage": 11},
				{"hour": "11", "usage": 8},
				{"hour": "12", "usage": 8},
				{"hour": "13", "usage": 26},
				{"hour": "14", "usage": 27},
				{"hour": "15", "usage": 24},
				{"hour": "23", "usage": 9}
			],
			"details": [
				{"appName": "One UI 홈", "usage": [0, 1, 2, 3, 4, 5, 6, 7, 8, 9, 10, 11, 12, 13, 14, 15, 23]},
				{"appName": "삼성 인터넷", "usage": [0, 1, 2, 3, 4, 5, 6, 7, 8, 10, 12, 13, 14, 15, 23]},
				{"appName": "Paco", "usage": [0, 1, 3, 4, 5, 6, 8, 9, 10, 11, 12, 13]},
				{"appName": "YouTube", "usage": [1, 2, 4, 5, 7, 10, 13, 14, 15, 23]},
				{"appName": "카카오톡", "usage": [2, 4, 5, 6, 8, 9, 10, 11, 12]},
				{"appName": "시스템 UI", "usage": [1, 4, 5, 7, 15, 23]},
				{"appName": "통화", "usage": [1, 2, 6, 7, 9]},
				{"appName": "전화", "usage": [1, 6, 7, 9]},
				{"appName": "갤러리", "usage": [5, 6, 8, 11]},
				{"appName": "Polar Beat", "usage": [0, 10, 11, 13]},
				{"appName": "설정", "usage": [0, 2, 13]},
				{"appName": "메시지", "usage": [4, 6, 8]},
				{"appName": "계산기", "usage": [1, 11, 14]},
				{"appName": "Twitch", "usage": [1, 5, 7]},
				{"appName": "BAND", "usage": [1, 5, 13]},
				{"appName": "패키지 설치 프로그램", "usage": [1, 13]},
				{"appName": "코레일톡", "usage": [4, 5]},
				{"appName": "카메라", "usage": [1, 5]},
				{"appName": "빅스비 보이스", "usage": [5, 11]},
				{"appName": "네이버 지도", "usage": [0, 2]},
				{"appName": "YouTube Music", "usage": [0, 2]},
				{"appName": "Netflix", "usage": [4, 7]},
				{"appName": "Logger", "usage": [1, 13]},
				{"appName": "KB국민카드", "usage": [11, 14]},
				{"appName": "Gmail", "usage": [1, 14]},
				{"appName": "접근성", "usage": [13]},
				{"appName": "삼성 캡처", "usage": [8]},
				{"appName": "비디오 플레이어", "usage": [11]},
				{"appName": "네이버 웹툰", "usage": [14]},
				{"appName": "Samsung Pay", "usage": [6]},
				{"appName": "Google", "usage": [13]},
				{"appName": "AhnLab V3 Mobile Plus 2.0", "usage": [11]}
			]
		},
		"maxTime": {
			"usage": 45,
			"details": [
				{"appName": "YouTube", "usage": 19},
				{"appName": "삼성 인터넷", "usage": 15},
				{"appName": "네이버 지도", "usage": 6},
				{"appName": "Twitch", "usage": 6},
				{"appName": "One UI 홈", "usage": 1},
				{"appName": "카메라", "usage": 1},
				{"appName": "갤러리", "usage": 1},
				{"appName": "YouTube Music", "usage": 1},
				{"appName": "카카오톡", "usage": 1},
				{"appName": "Polar Beat", "usage": 1},
				{"appName": "BAND", "usage": 0},
				{"appName": "통화", "usage": 0},
				{"appName": "계산기", "usage": 0},
				{"appName": "KB국민카드", "usage": 0},
				{"appName": "Paco", "usage": 0},
				{"appName": "네이버 웹툰", "usage": 0},
				{"appName": "Logger", "usage": 0},
				{"appName": "비디오 플레이어", "usage": 0},
				{"appName": "전화", "usage": 0},
				{"appName": "코레일톡", "usage": 0},
				{"appName": "메시지", "usage": 0},
				{"appName": "설정", "usage": 0},
				{"appName": "AhnLab V3 Mobile Plus 2.0", "usage": 0},
				{"appName": "Gmail", "usage": 0},
				{"appName": "Netflix", "usage": 0},
				{"appName": "시스템 UI", "usage": 0},
				{"appName": "접근성", "usage": 0},
				{"appName": "Samsung Pay", "usage": 0},
				{"appName": "Google", "usage": 0},
				{"appName": "패키지 설치 프로그램", "usage": 0},
				{"appName": "삼성 캡처", "usage": 0},
				{"appName": "빅스비 보이스", "usage": 0}
			]
		},
		"avgTime": {
			"usage": 1,
			"details": [
				{"appName": "YouTube", "usage": 2},
				{"appName": "삼성 인터넷", "usage": 1},
				{"appName": "네이버 지도", "usage": 1},
				{"appName": "Twitch", "usage": 1},
				{"appName": "카메라", "usage": 0},
				{"appName": "갤러리", "usage": 0},
				{"appName": "YouTube Music", "usage": 0},
				{"appName": "통화", "usage": 0},
				{"appName": "계산기", "usage": 0},
				{"appName": "비디오 플레이어", "usage": 0},
				{"appName": "메시지", "usage": 0},
				{"appName": "Polar Beat", "usage": 0},
				{"appName": "BAND", "usage": 0},
				{"appName": "AhnLab V3 Mobile Plus 2.0", "usage": 0},
				{"appName": "Paco", "usage": 0},
				{"appName": "전화", "usage": 0},
				{"appName": "네이버 웹툰", "usage": 0},
				{"appName": "카카오톡", "usage": 0},
				{"appName": "KB국민카드", "usage": 0},
				{"appName": "Logger", "usage": 0},
				{"appName": "Gmail", "usage": 0},
				{"appName": "One UI 홈", "usage": 0},
				{"appName": "설정", "usage": 0},
				{"appName": "코레일톡", "usage": 0},
				{"appName": "Netflix", "usage": 0},
				{"appName": "Samsung Pay", "usage": 0},
				{"appName": "접근성", "usage": 0},
				{"appName": "시스템 UI", "usage": 0},
				{"appName": "Google", "usage": 0},
				{"appName": "패키지 설치 프로그램", "usage": 0},
				{"appName": "삼성 캡처", "usage": 0},
				{"appName": "빅스비 보이스", "usage": 0}
			]
		},
		"lastPickup": {"time": 0}
	},
	{
		"date": 6,
		"totalTime": {
			"usage": 452,
			"details": [
				{"appName": "삼성 인터넷", "usage": 173},
				{"appName": "YouTube", "usage": 103},
				{"appName": "네이버 웹툰", "usage": 55},
				{"appName": "One UI 홈", "usage": 22},
				{"appName": "카카오톡", "usage": 20},
				{"appName": "Gmail", "usage": 9},
				{"appName": "마이 케이티", "usage": 8},
				{"appName": "KB국민카드", "usage": 6},
				{"appName": "Paco", "usage": 6},
				{"appName": "YouTube Music", "usage": 4},
				{"appName": "통화", "usage": 3},
				{"appName": "코레일톡", "usage": 3},
				{"appName": "시계", "usage": 2},
				{"appName": "설정", "usage": 1},
				{"appName": "갤러리", "usage": 1},
				{"appName": "Polar Beat", "usage": 1},
				{"appName": "", "usage": 1},
				{"appName": "Twitch", "usage": 1},
				{"appName": "KB스타알림", "usage": 0},
				{"appName": "계산기", "usage": 0},
				{"appName": "Netflix", "usage": 0},
				{"appName": "KB스타뱅킹", "usage": 0},
				{"appName": "시스템 UI", "usage": 0},
				{"appName": "BAND", "usage": 0},
				{"appName": "CLiP", "usage": 0},
				{"appName": "Google Play 스토어", "usage": 0},
				{"appName": "토스", "usage": 0},
				{"appName": "전화", "usage": 0},
				{"appName": "트리플", "usage": 0},
				{"appName": "Logger", "usage": 0},
				{"appName": "패키지 설치 프로그램", "usage": 0},
				{"appName": "메시지", "usage": 0},
				{"appName": "접근성", "usage": 0},
				{"appName": "카메라", "usage": 0},
				{"appName": "Samsung Pay", "usage": 0},
				{"appName": "카카오페이지", "usage": 0},
				{"appName": "AhnLab V3 Mobile Plus 2.0", "usage": 0},
				{"appName": "디바이스 케어", "usage": 0},
				{"appName": "삼성 키보드", "usage": 0},
				{"appName": "삼성 캡처", "usage": 0}
			]
		},
		"pickups": {"usage": 181},
		"downTime": {
			"usage": [
				{"hour": "0", "usage": 27},
				{"hour": "1", "usage": 7},
				{"hour": "2", "usage": 4},
				{"hour": "3", "usage": 16},
				{"hour": "4", "usage": 40},
				{"hour": "5", "usage": 1},
				{"hour": "6", "usage": 10},
				{"hour": "7", "usage": 5},
				{"hour": "8", "usage": 24},
				{"hour": "9", "usage": 3},
				{"hour": "10", "usage": 28},
				{"hour": "11", "usage": 0},
				{"hour": "12", "usage": 34},
				{"hour": "13", "usage": 35},
				{"hour": "14", "usage": 13},
				{"hour": "15", "usage": 56},
				{"hour": "16", "usage": 8},
				{"hour": "17", "usage": 0},
				{"hour": "19", "usage": 0},
				{"hour": "20", "usage": 9},
				{"hour": "21", "usage": 38},
				{"hour": "22", "usage": 44},
				{"hour": "23", "usage": 40}
			],
			"details": [
				{"appName": "One UI 홈", "usage": [0, 1, 2, 3, 4, 5, 6, 7, 8, 9, 10, 11, 12, 13, 14, 15, 16, 20, 21, 22, 23]},
				{"appName": "삼성 인터넷", "usage": [0, 1, 2, 3, 4, 6, 7, 8, 10, 12, 13, 14, 15, 16, 20, 21, 22, 23]},
				{"appName": "카카오톡", "usage": [0, 3, 4, 5, 6, 8, 9, 10, 12, 13, 14, 20, 22, 23]},
				{"appName": "Paco", "usage": [0, 1, 2, 3, 4, 5, 6, 7, 8, 9, 10, 11, 12, 13]},
				{"appName": "YouTube", "usage": [4, 6, 7, 8, 10, 12, 13, 14, 15, 21, 22, 23]},
				{"appName": "시스템 UI", "usage": [4, 6, 12, 13, 15, 21, 22, 23]},
				{"appName": "시계", "usage": [4, 5, 13, 20, 21, 22]},
				{"appName": "설정", "usage": [0, 1, 2, 10, 13]},
				{"appName": "Twitch", "usage": [6, 12, 13, 21, 22]},
				{"appName": "Polar Beat", "usage": [0, 1, 2, 8, 13]},
				{"appName": "KB스타알림", "usage": [3, 15, 20, 21, 23]},
				{"appName": "KB국민카드", "usage": [3, 12, 13, 21, 22]},
				{"appName": "코레일톡", "usage": [12, 20, 21, 22]},
				{"appName": "네이버 웹툰", "usage": [13, 14, 15, 22]},
				{"appName": "접근성", "usage": [0, 10, 13]},
				{"appName": "전화", "usage": [2, 3, 23]},
				{"appName": "마이 케이티", "usage": [3, 7, 16]},
				{"appName": "YouTube Music", "usage": [21, 22, 23]},
				{"appName": "Logger", "usage": [0, 10, 13]},
				{"appName": "Gmail", "usage": [2, 22, 23]},
				{"appName": "BAND", "usage": [9, 20, 21]},
				{"appName": "통화", "usage": [2, 23]},
				{"appName": "메시지", "usage": [3, 15]},
				{"appName": "계산기", "usage": [15, 21]},
				{"appName": "갤러리", "usage": [6, 8]},
				{"appName": "AhnLab V3 Mobile Plus 2.0", "usage": [13, 21]},
				{"appName": "패키지 설치 프로그램", "usage": [15]},
				{"appName": "트리플", "usage": [15]},
				{"appName": "토스", "usage": [16]},
				{"appName": "카카오페이지", "usage": [8]},
				{"appName": "카메라", "usage": [3]},
				{"appName": "삼성 키보드", "usage": [1]},
				{"appName": "삼성 캡처", "usage": [10]},
				{"appName": "디바이스 케어", "usage": [20]},
				{"appName": "Samsung Pay", "usage": [22]},
				{"appName": "Netflix", "usage": [23]},
				{"appName": "KB스타뱅킹", "usage": [21]},
				{"appName": "Google Play 스토어", "usage": [15]},
				{"appName": "CLiP", "usage": [15]},
				{"appName": "", "usage": [15]}
			]
		},
		"maxTime": {
			"usage": 58,
			"details": [
				{"appName": "삼성 인터넷", "usage": 13},
				{"appName": "YouTube", "usage": 13},
				{"appName": "마이 케이티", "usage": 5},
				{"appName": "네이버 웹툰", "usage": 4},
				{"appName": "KB국민카드", "usage": 3},
				{"appName": "One UI 홈", "usage": 3},
				{"appName": "Gmail", "usage": 3},
				{"appName": "갤러리", "usage": 1},
				{"appName": "통화", "usage": 1},
				{"appName": "코레일톡", "usage": 1},
				{"appName": "카카오톡", "usage": 1},
				{"appName": "", "usage": 1},
				{"appName": "Polar Beat", "usage": 1},
				{"appName": "설정", "usage": 1},
				{"appName": "Twitch", "usage": 0},
				{"appName": "YouTube Music", "usage": 0},
				{"appName": "Netflix", "usage": 0},
				{"appName": "토스", "usage": 0},
				{"appName": "Paco", "usage": 0},
				{"appName": "시계", "usage": 0},
				{"appName": "KB스타뱅킹", "usage": 0},
				{"appName": "계산기", "usage": 0},
				{"appName": "Google Play 스토어", "usage": 0},
				{"appName": "KB스타알림", "usage": 0},
				{"appName": "Logger", "usage": 0},
				{"appName": "CLiP", "usage": 0},
				{"appName": "BAND", "usage": 0},
				{"appName": "전화", "usage": 0},
				{"appName": "트리플", "usage": 0},
				{"appName": "시스템 UI", "usage": 0},
				{"appName": "메시지", "usage": 0},
				{"appName": "Samsung Pay", "usage": 0},
				{"appName": "카메라", "usage": 0},
				{"appName": "패키지 설치 프로그램", "usage": 0},
				{"appName": "디바이스 케어", "usage": 0},
				{"appName": "카카오페이지", "usage": 0},
				{"appName": "접근성", "usage": 0},
				{"appName": "삼성 키보드", "usage": 0},
				{"appName": "AhnLab V3 Mobile Plus 2.0", "usage": 0},
				{"appName": "삼성 캡처", "usage": 0}
			]
		},
		"avgTime": {
			"usage": 2,
			"details": [
				{"appName": "YouTube", "usage": 2},
				{"appName": "마이 케이티", "usage": 2},
				{"appName": "Gmail", "usage": 1},
				{"appName": "삼성 인터넷", "usage": 1},
				{"appName": "갤러리", "usage": 0},
				{"appName": "통화", "usage": 0},
				{"appName": "네이버 웹툰", "usage": 0},
				{"appName": "YouTube Music", "usage": 0},
				{"appName": "KB국민카드", "usage": 0},
				{"appName": "코레일톡", "usage": 0},
				{"appName": "Polar Beat", "usage": 0},
				{"appName": "", "usage": 0},
				{"appName": "KB스타뱅킹", "usage": 0},
				{"appName": "Twitch", "usage": 0},
				{"appName": "Netflix", "usage": 0},
				{"appName": "설정", "usage": 0},
				{"appName": "토스", "usage": 0},
				{"appName": "시계", "usage": 0},
				{"appName": "One UI 홈", "usage": 0},
				{"appName": "Paco", "usage": 0},
				{"appName": "카카오톡", "usage": 0},
				{"appName": "계산기", "usage": 0},
				{"appName": "CLiP", "usage": 0},
				{"appName": "BAND", "usage": 0},
				{"appName": "Logger", "usage": 0},
				{"appName": "KB스타알림", "usage": 0},
				{"appName": "전화", "usage": 0},
				{"appName": "디바이스 케어", "usage": 0},
				{"appName": "메시지", "usage": 0},
				{"appName": "트리플", "usage": 0},
				{"appName": "카메라", "usage": 0},
				{"appName": "패키지 설치 프로그램", "usage": 0},
				{"appName": "Samsung Pay", "usage": 0},
				{"appName": "카카오페이지", "usage": 0},
				{"appName": "Google Play 스토어", "usage": 0},
				{"appName": "시스템 UI", "usage": 0},
				{"appName": "접근성", "usage": 0},
				{"appName": "삼성 키보드", "usage": 0},
				{"appName": "AhnLab V3 Mobile Plus 2.0", "usage": 0},
				{"appName": "삼성 캡처", "usage": 0}
			]
		},
		"lastPickup": {"time": 0}
	},
	{
		"date": 7,
		"totalTime": {
			"usage": 891,
			"details": [
				{"appName": "삼성 인터넷", "usage": 93},
				{"appName": "YouTube", "usage": 27},
				{"appName": "One UI 홈", "usage": 22},
				{"appName": "시계", "usage": 14},
				{"appName": "카카오톡", "usage": 7},
				{"appName": "Twitch", "usage": 6},
				{"appName": "Gmail", "usage": 6},
				{"appName": "Paco", "usage": 5},
				{"appName": "통화", "usage": 5},
				{"appName": "포토", "usage": 4},
				{"appName": "RX TIMER", "usage": 4},
				{"appName": "카메라", "usage": 4},
				{"appName": "갤러리", "usage": 3},
				{"appName": "Polar Beat", "usage": 2},
				{"appName": "메시지", "usage": 2},
				{"appName": "KB국민카드", "usage": 1},
				{"appName": "토스", "usage": 1},
				{"appName": "마이 케이티", "usage": 1},
				{"appName": "설정", "usage": 0},
				{"appName": "KB스타알림", "usage": 0},
				{"appName": "원터치알림", "usage": 0},
				{"appName": "시스템 UI", "usage": 0},
				{"appName": "계산기", "usage": 0},
				{"appName": "Evernote", "usage": 0},
				{"appName": "Logger", "usage": 0},
				{"appName": "전화", "usage": 0},
				{"appName": "BAND", "usage": 0},
				{"appName": "접근성", "usage": 0},
				{"appName": "안드로이드 시스템", "usage": 0},
				{"appName": "YouTube Music", "usage": 0},
				{"appName": "Google Play 서비스", "usage": 0},
				{"appName": "패키지 설치 프로그램", "usage": 0},
				{"appName": "빅스비 보이스", "usage": 0}
			]
		},
		"pickups": {"usage": 133},
		"downTime": {
			"usage": [
				{"hour": "0", "usage": 22},
				{"hour": "1", "usage": 17},
				{"hour": "2", "usage": 21},
				{"hour": "3", "usage": 22},
				{"hour": "4", "usage": 5},
				{"hour": "5", "usage": 25},
				{"hour": "6", "usage": 27},
				{"hour": "7", "usage": 36},
				{"hour": "8", "usage": 4},
				{"hour": "9", "usage": 7},
				{"hour": "10", "usage": 12},
				{"hour": "11", "usage": 23},
				{"hour": "12", "usage": 4}
			],
			"details": [
				{"appName": "삼성 인터넷", "usage": [0, 1, 2, 3, 4, 5, 6, 7, 8, 9, 10, 11, 12]},
				{"appName": "One UI 홈", "usage": [0, 1, 2, 3, 4, 5, 6, 7, 8, 9, 10, 11, 12]},
				{"appName": "Paco", "usage": [1, 2, 3, 4, 5, 6, 7, 8, 9, 10, 11, 12]},
				{"appName": "카카오톡", "usage": [0, 1, 2, 3, 5, 6, 7, 8, 9, 11, 12]},
				{"appName": "YouTube", "usage": [5, 6, 7, 8, 9, 11, 12]},
				{"appName": "설정", "usage": [1, 2, 3, 7]},
				{"appName": "Gmail", "usage": [1, 7, 8, 11]},
				{"appName": "시계", "usage": [0, 5, 6]},
				{"appName": "Polar Beat", "usage": [1, 2, 3]},
				{"appName": "KB국민카드", "usage": [4, 6, 7]},
				{"appName": "통화", "usage": [8, 9]},
				{"appName": "카메라", "usage": [2, 3]},
				{"appName": "접근성", "usage": [1, 3]},
				{"appName": "전화", "usage": [8, 9]},
				{"appName": "원터치알림", "usage": [4, 10]},
				{"appName": "시스템 UI", "usage": [5, 6]},
				{"appName": "메시지", "usage": [4, 6]},
				{"appName": "계산기", "usage": [7, 11]},
				{"appName": "갤러리", "usage": [2, 3]},
				{"appName": "YouTube Music", "usage": [5, 7]},
				{"appName": "RX TIMER", "usage": [2, 3]},
				{"appName": "Logger", "usage": [1, 3]},
				{"appName": "KB스타알림", "usage": [4, 7]},
				{"appName": "포토", "usage": [11]},
				{"appName": "패키지 설치 프로그램", "usage": [1]},
				{"appName": "토스", "usage": [4]},
				{"appName": "안드로이드 시스템", "usage": [3]},
				{"appName": "빅스비 보이스", "usage": [9]},
				{"appName": "마이 케이티", "usage": [7]},
				{"appName": "Twitch", "usage": [5]},
				{"appName": "Google Play 서비스", "usage": [11]},
				{"appName": "Evernote", "usage": [7]},
				{"appName": "BAND", "usage": [5]}
			]
		},
		"maxTime": {
			"usage": 659,
			"details": [
				{"appName": "시계", "usage": 14},
				{"appName": "삼성 인터넷", "usage": 13},
				{"appName": "YouTube", "usage": 8},
				{"appName": "One UI 홈", "usage": 4},
				{"appName": "RX TIMER", "usage": 4},
				{"appName": "Gmail", "usage": 4},
				{"appName": "Twitch", "usage": 3},
				{"appName": "포토", "usage": 2},
				{"appName": "메시지", "usage": 2},
				{"appName": "카카오톡", "usage": 1},
				{"appName": "카메라", "usage": 1},
				{"appName": "통화", "usage": 1},
				{"appName": "Polar Beat", "usage": 1},
				{"appName": "갤러리", "usage": 0},
				{"appName": "마이 케이티", "usage": 0},
				{"appName": "토스", "usage": 0},
				{"appName": "Paco", "usage": 0},
				{"appName": "KB국민카드", "usage": 0},
				{"appName": "KB스타알림", "usage": 0},
				{"appName": "Evernote", "usage": 0},
				{"appName": "계산기", "usage": 0},
				{"appName": "Logger", "usage": 0},
				{"appName": "시스템 UI", "usage": 0},
				{"appName": "설정", "usage": 0},
				{"appName": "원터치알림", "usage": 0},
				{"appName": "안드로이드 시스템", "usage": 0},
				{"appName": "전화", "usage": 0},
				{"appName": "YouTube Music", "usage": 0},
				{"appName": "BAND", "usage": 0},
				{"appName": "접근성", "usage": 0},
				{"appName": "Google Play 서비스", "usage": 0},
				{"appName": "패키지 설치 프로그램", "usage": 0},
				{"appName": "빅스비 보이스", "usage": 0}
			]
		},
		"avgTime": {
			"usage": 6,
			"details": [
				{"appName": "시계", "usage": 2},
				{"appName": "YouTube", "usage": 1},
				{"appName": "Twitch", "usage": 1},
				{"appName": "삼성 인터넷", "usage": 1},
				{"appName": "RX TIMER", "usage": 1},
				{"appName": "Gmail", "usage": 0},
				{"appName": "포토", "usage": 0},
				{"appName": "갤러리", "usage": 0},
				{"appName": "마이 케이티", "usage": 0},
				{"appName": "카메라", "usage": 0},
				{"appName": "통화", "usage": 0},
				{"appName": "메시지", "usage": 0},
				{"appName": "Polar Beat", "usage": 0},
				{"appName": "One UI 홈", "usage": 0},
				{"appName": "토스", "usage": 0},
				{"appName": "Evernote", "usage": 0},
				{"appName": "KB국민카드", "usage": 0},
				{"appName": "Paco", "usage": 0},
				{"appName": "KB스타알림", "usage": 0},
				{"appName": "카카오톡", "usage": 0},
				{"appName": "계산기", "usage": 0},
				{"appName": "안드로이드 시스템", "usage": 0},
				{"appName": "원터치알림", "usage": 0},
				{"appName": "Logger", "usage": 0},
				{"appName": "시스템 UI", "usage": 0},
				{"appName": "설정", "usage": 0},
				{"appName": "YouTube Music", "usage": 0},
				{"appName": "BAND", "usage": 0},
				{"appName": "접근성", "usage": 0},
				{"appName": "Google Play 서비스", "usage": 0},
				{"appName": "전화", "usage": 0},
				{"appName": "패키지 설치 프로그램", "usage": 0},
				{"appName": "빅스비 보이스", "usage": 0}
			]
		},
		"lastPickup": {"time": 659}
	}
]
