[
	{
		"date": 1,
		"totalTime": {
			"usage": 281,
			"details": [
				{"appName": "카카오톡", "usage": 59},
				{"appName": "올레 tv 모바일", "usage": 33},
				{"appName": "Facebook", "usage": 25},
				{"appName": "Samsung Experience 홈", "usage": 25},
				{"appName": "삼성 인터넷", "usage": 17},
				{"appName": "네이버 웹툰", "usage": 15},
				{"appName": "배달의민족", "usage": 14},
				{"appName": "전화", "usage": 13},
				{"appName": "Paco", "usage": 5},
				{"appName": "갤러리", "usage": 5},
				{"appName": "Messenger", "usage": 3},
				{"appName": "KAIST Library", "usage": 1},
				{"appName": "YouTube", "usage": 1},
				{"appName": "지니 뮤직", "usage": 1},
				{"appName": "SODA", "usage": 1},
				{"appName": "포토 에디터", "usage": 1},
				{"appName": "KLMS", "usage": 0},
				{"appName": "시계", "usage": 0},
				{"appName": "Samsung Pay", "usage": 0},
				{"appName": "설정", "usage": 0},
				{"appName": "알라미", "usage": 0},
				{"appName": "Microsoft Health", "usage": 0},
				{"appName": "신한페이판", "usage": 0},
				{"appName": "Polar Beat", "usage": 0},
				{"appName": "CaptivePortalLogin", "usage": 0},
				{"appName": "에브리타임", "usage": 0},
				{"appName": "후후", "usage": 0},
				{"appName": "카메라", "usage": 0},
				{"appName": "안드로이드 시스템", "usage": 0},
				{"appName": "메시지", "usage": 0},
				{"appName": "패키지 설치 프로그램", "usage": 0},
				{"appName": "PASS", "usage": 0}
			]
		},
		"pickups": {"usage": 227},
		"downTime": {
			"usage": [
				{"hour": "0", "usage": 2},
				{"hour": "1", "usage": 22},
				{"hour": "2", "usage": 14},
				{"hour": "3", "usage": 13},
				{"hour": "4", "usage": 9},
				{"hour": "5", "usage": 19},
				{"hour": "6", "usage": 14},
				{"hour": "7", "usage": 39},
				{"hour": "8", "usage": 0},
				{"hour": "9", "usage": 12},
				{"hour": "10", "usage": 18},
				{"hour": "11", "usage": 46},
				{"hour": "12", "usage": 15},
				{"hour": "13", "usage": 23},
				{"hour": "14", "usage": 15},
				{"hour": "15", "usage": 6},
				{"hour": "16", "usage": 3},
				{"hour": "20", "usage": 0},
				{"hour": "23", "usage": 3}
			],
			"details": [
				{"appName": "Samsung Experience 홈", "usage": [0, 1, 2, 3, 4, 5, 6, 7, 8, 9, 10, 11, 12, 13, 14, 15, 16, 23]},
				{"appName": "카카오톡", "usage": [0, 1, 2, 3, 4, 5, 6, 7, 9, 10, 11, 12, 13, 14, 15, 23]},
				{"appName": "Messenger", "usage": [3, 4, 5, 6, 7, 11, 12, 13, 14, 15, 16, 23]},
				{"appName": "삼성 인터넷", "usage": [1, 2, 4, 5, 7, 9, 10, 13, 14, 15, 23]},
				{"appName": "Facebook", "usage": [2, 3, 6, 7, 9, 10, 11, 12, 13, 14, 15]},
				{"appName": "Paco", "usage": [1, 2, 3, 5, 6, 8, 9, 10, 13]},
				{"appName": "전화", "usage": [3, 5, 10, 11, 12, 14, 15]},
				{"appName": "갤러리", "usage": [2, 6, 11, 15, 16]},
				{"appName": "배달의민족", "usage": [12, 14, 15, 16]},
				{"appName": "설정", "usage": [5, 9, 11]},
				{"appName": "SODA", "usage": [7, 13, 15]},
				{"appName": "카메라", "usage": [3, 13]},
				{"appName": "지니 뮤직", "usage": [13, 14]},
				{"appName": "올레 tv 모바일", "usage": [6, 7]},
				{"appName": "시계", "usage": [3, 23]},
				{"appName": "네이버 웹툰", "usage": [1, 13]},
				{"appName": "YouTube", "usage": [4, 13]},
				{"appName": "CaptivePortalLogin", "usage": [6, 9]},
				{"appName": "후후", "usage": [9]},
				{"appName": "포토 에디터", "usage": [2]},
				{"appName": "패키지 설치 프로그램", "usage": [6]},
				{"appName": "에브리타임", "usage": [14]},
				{"appName": "알라미", "usage": [2]},
				{"appName": "안드로이드 시스템", "usage": [13]},
				{"appName": "신한페이판", "usage": [14]},
				{"appName": "메시지", "usage": [7]},
				{"appName": "Samsung Pay", "usage": [9]},
				{"appName": "Polar Beat", "usage": [5]},
				{"appName": "PASS", "usage": [11]},
				{"appName": "Microsoft Health", "usage": [5]},
				{"appName": "KLMS", "usage": [10]},
				{"appName": "KAIST Library", "usage": [16]}
			]
		},
		"maxTime": {
			"usage": 37,
			"details": [
				{"appName": "네이버 웹툰", "usage": 5},
				{"appName": "전화", "usage": 4},
				{"appName": "삼성 인터넷", "usage": 3},
				{"appName": "올레 tv 모바일", "usage": 3},
				{"appName": "갤러리", "usage": 2},
				{"appName": "Facebook", "usage": 2},
				{"appName": "카카오톡", "usage": 1},
				{"appName": "배달의민족", "usage": 1},
				{"appName": "Samsung Experience 홈", "usage": 1},
				{"appName": "KAIST Library", "usage": 1},
				{"appName": "YouTube", "usage": 1},
				{"appName": "Paco", "usage": 1},
				{"appName": "Messenger", "usage": 0},
				{"appName": "KLMS", "usage": 0},
				{"appName": "지니 뮤직", "usage": 0},
				{"appName": "포토 에디터", "usage": 0},
				{"appName": "설정", "usage": 0},
				{"appName": "SODA", "usage": 0},
				{"appName": "Samsung Pay", "usage": 0},
				{"appName": "Microsoft Health", "usage": 0},
				{"appName": "시계", "usage": 0},
				{"appName": "알라미", "usage": 0},
				{"appName": "Polar Beat", "usage": 0},
				{"appName": "에브리타임", "usage": 0},
				{"appName": "신한페이판", "usage": 0},
				{"appName": "CaptivePortalLogin", "usage": 0},
				{"appName": "안드로이드 시스템", "usage": 0},
				{"appName": "카메라", "usage": 0},
				{"appName": "후후", "usage": 0},
				{"appName": "메시지", "usage": 0},
				{"appName": "패키지 설치 프로그램", "usage": 0},
				{"appName": "PASS", "usage": 0}
			]
		},
		"avgTime": {
			"usage": 1,
			"details": [
				{"appName": "네이버 웹툰", "usage": 0},
				{"appName": "KAIST Library", "usage": 0},
				{"appName": "삼성 인터넷", "usage": 0},
				{"appName": "YouTube", "usage": 0},
				{"appName": "전화", "usage": 0},
				{"appName": "포토 에디터", "usage": 0},
				{"appName": "갤러리", "usage": 0},
				{"appName": "배달의민족", "usage": 0},
				{"appName": "올레 tv 모바일", "usage": 0},
				{"appName": "Facebook", "usage": 0},
				{"appName": "설정", "usage": 0},
				{"appName": "SODA", "usage": 0},
				{"appName": "KLMS", "usage": 0},
				{"appName": "Paco", "usage": 0},
				{"appName": "Microsoft Health", "usage": 0},
				{"appName": "Messenger", "usage": 0},
				{"appName": "Samsung Experience 홈", "usage": 0},
				{"appName": "Samsung Pay", "usage": 0},
				{"appName": "카카오톡", "usage": 0},
				{"appName": "Polar Beat", "usage": 0},
				{"appName": "알라미", "usage": 0},
				{"appName": "시계", "usage": 0},
				{"appName": "CaptivePortalLogin", "usage": 0},
				{"appName": "에브리타임", "usage": 0},
				{"appName": "지니 뮤직", "usage": 0},
				{"appName": "신한페이판", "usage": 0},
				{"appName": "안드로이드 시스템", "usage": 0},
				{"appName": "카메라", "usage": 0},
				{"appName": "후후", "usage": 0},
				{"appName": "메시지", "usage": 0},
				{"appName": "패키지 설치 프로그램", "usage": 0},
				{"appName": "PASS", "usage": 0}
			]
		},
		"lastPickup": {"time": 0}
	},
	{
		"date": 2,
		"totalTime": {
			"usage": 380,
			"details": [
				{"appName": "카카오톡", "usage": 100},
				{"appName": "전화", "usage": 48},
				{"appName": "Xodo Docs", "usage": 45},
				{"appName": "삼성 인터넷", "usage": 27},
				{"appName": "Samsung Experience 홈", "usage": 27},
				{"appName": "Facebook", "usage": 20},
				{"appName": "시계", "usage": 14},
				{"appName": "YouTube", "usage": 10},
				{"appName": "신한 쏠(SOL)", "usage": 9},
				{"appName": "Instagram", "usage": 8},
				{"appName": "KAIST Library", "usage": 7},
				{"appName": "Messenger", "usage": 5},
				{"appName": "Paco", "usage": 5},
				{"appName": "삼성 캡처", "usage": 3},
				{"appName": "갤러리", "usage": 3},
				{"appName": "카이스트 버스", "usage": 2},
				{"appName": "배달의민족", "usage": 2},
				{"appName": "카메라", "usage": 2},
				{"appName": "Google Play 스토어", "usage": 1},
				{"appName": "SODA", "usage": 1},
				{"appName": "포토 에디터", "usage": 1},
				{"appName": "지니 뮤직", "usage": 1},
				{"appName": "애니메이션 사진 위젯", "usage": 1},
				{"appName": "토스", "usage": 1},
				{"appName": "Samsung Notes", "usage": 1},
				{"appName": "Logger", "usage": 0},
				{"appName": "ABC Logger", "usage": 0},
				{"appName": "설정", "usage": 0},
				{"appName": "안드로이드 시스템", "usage": 0},
				{"appName": "후후", "usage": 0},
				{"appName": "신한페이판", "usage": 0},
				{"appName": "캘린더", "usage": 0},
				{"appName": "Microsoft Health", "usage": 0},
				{"appName": "접근성", "usage": 0},
				{"appName": "알라미", "usage": 0},
				{"appName": "패키지 설치 프로그램", "usage": 0},
				{"appName": "신한카드", "usage": 0}
			]
		},
		"pickups": {"usage": 247},
		"downTime": {
			"usage": [
				{"hour": "0", "usage": 48},
				{"hour": "1", "usage": 28},
				{"hour": "2", "usage": 35},
				{"hour": "3", "usage": 5},
				{"hour": "4", "usage": 19},
				{"hour": "5", "usage": 40},
				{"hour": "6", "usage": 44},
				{"hour": "7", "usage": 19},
				{"hour": "8", "usage": 2},
				{"hour": "9", "usage": 13},
				{"hour": "10", "usage": 15},
				{"hour": "11", "usage": 10},
				{"hour": "12", "usage": 9},
				{"hour": "13", "usage": 3},
				{"hour": "14", "usage": 4},
				{"hour": "15", "usage": 35},
				{"hour": "16", "usage": 5},
				{"hour": "17", "usage": 4},
				{"hour": "18", "usage": 1},
				{"hour": "20", "usage": 6},
				{"hour": "21", "usage": 12},
				{"hour": "22", "usage": 0},
				{"hour": "23", "usage": 11}
			],
			"details": [
				{"appName": "Samsung Experience 홈", "usage": [0, 1, 2, 3, 4, 5, 6, 7, 8, 9, 10, 11, 12, 13, 14, 15, 16, 17, 18, 20, 22, 23]},
				{"appName": "카카오톡", "usage": [0, 1, 2, 3, 4, 5, 6, 7, 8, 9, 10, 11, 12, 13, 14, 15, 16, 17, 18, 20, 23]},
				{"appName": "삼성 인터넷", "usage": [0, 1, 2, 4, 5, 6, 15, 17, 18, 20, 23]},
				{"appName": "Paco", "usage": [1, 2, 4, 5, 6, 8, 9, 10, 11, 12]},
				{"appName": "Messenger", "usage": [0, 2, 4, 5, 6, 10, 11, 13, 14]},
				{"appName": "Facebook", "usage": [2, 3, 4, 7, 10, 11, 12, 15, 17]},
				{"appName": "전화", "usage": [5, 6, 7, 10, 15]},
				{"appName": "시계", "usage": [3, 20, 21, 22, 23]},
				{"appName": "지니 뮤직", "usage": [4, 10, 15, 16]},
				{"appName": "안드로이드 시스템", "usage": [2, 5, 15, 23]},
				{"appName": "갤러리", "usage": [8, 10, 14, 15]},
				{"appName": "SODA", "usage": [2, 5, 7, 9]},
				{"appName": "KAIST Library", "usage": [16, 17, 18, 20]},
				{"appName": "Instagram", "usage": [7, 8, 9]},
				{"appName": "후후", "usage": [2, 15]},
				{"appName": "카이스트 버스", "usage": [3, 4]},
				{"appName": "카메라", "usage": [1, 2]},
				{"appName": "애니메이션 사진 위젯", "usage": [9, 15]},
				{"appName": "배달의민족", "usage": [15, 16]},
				{"appName": "Xodo Docs", "usage": [0, 1]},
				{"appName": "Google Play 스토어", "usage": [7, 12]},
				{"appName": "포토 에디터", "usage": [15]},
				{"appName": "패키지 설치 프로그램", "usage": [7]},
				{"appName": "토스", "usage": [15]},
				{"appName": "캘린더", "usage": [10]},
				{"appName": "접근성", "usage": [7]},
				{"appName": "알라미", "usage": [20]},
				{"appName": "신한페이판", "usage": [15]},
				{"appName": "신한카드", "usage": [15]},
				{"appName": "신한 쏠(SOL)", "usage": [15]},
				{"appName": "설정", "usage": [7]},
				{"appName": "삼성 캡처", "usage": [15]},
				{"appName": "YouTube", "usage": [2]},
				{"appName": "Samsung Notes", "usage": [23]},
				{"appName": "Microsoft Health", "usage": [12]},
				{"appName": "Logger", "usage": [7]},
				{"appName": "ABC Logger", "usage": [7]}
			]
		},
		"maxTime": {
			"usage": 45,
			"details": [
				{"appName": "전화", "usage": 24},
				{"appName": "Xodo Docs", "usage": 13},
				{"appName": "시계", "usage": 11},
				{"appName": "YouTube", "usage": 6},
				{"appName": "삼성 인터넷", "usage": 4},
				{"appName": "카카오톡", "usage": 3},
				{"appName": "Facebook", "usage": 2},
				{"appName": "신한 쏠(SOL)", "usage": 2},
				{"appName": "KAIST Library", "usage": 1},
				{"appName": "Instagram", "usage": 1},
				{"appName": "삼성 캡처", "usage": 1},
				{"appName": "포토 에디터", "usage": 1},
				{"appName": "Samsung Experience 홈", "usage": 1},
				{"appName": "Paco", "usage": 1},
				{"appName": "카이스트 버스", "usage": 1},
				{"appName": "Messenger", "usage": 1},
				{"appName": "갤러리", "usage": 1},
				{"appName": "지니 뮤직", "usage": 1},
				{"appName": "토스", "usage": 1},
				{"appName": "Samsung Notes", "usage": 0},
				{"appName": "배달의민족", "usage": 0},
				{"appName": "ABC Logger", "usage": 0},
				{"appName": "애니메이션 사진 위젯", "usage": 0},
				{"appName": "카메라", "usage": 0},
				{"appName": "Google Play 스토어", "usage": 0},
				{"appName": "설정", "usage": 0},
				{"appName": "SODA", "usage": 0},
				{"appName": "Logger", "usage": 0},
				{"appName": "캘린더", "usage": 0},
				{"appName": "후후", "usage": 0},
				{"appName": "알라미", "usage": 0},
				{"appName": "안드로이드 시스템", "usage": 0},
				{"appName": "접근성", "usage": 0},
				{"appName": "신한페이판", "usage": 0},
				{"appName": "Microsoft Health", "usage": 0},
				{"appName": "패키지 설치 프로그램", "usage": 0},
				{"appName": "신한카드", "usage": 0}
			]
		},
		"avgTime": {
			"usage": 1,
			"details": [
				{"appName": "YouTube", "usage": 2},
				{"appName": "Xodo Docs", "usage": 2},
				{"appName": "전화", "usage": 1},
				{"appName": "포토 에디터", "usage": 1},
				{"appName": "삼성 캡처", "usage": 0},
				{"appName": "시계", "usage": 0},
				{"appName": "토스", "usage": 0},
				{"appName": "갤러리", "usage": 0},
				{"appName": "Facebook", "usage": 0},
				{"appName": "삼성 인터넷", "usage": 0},
				{"appName": "ABC Logger", "usage": 0},
				{"appName": "KAIST Library", "usage": 0},
				{"appName": "신한 쏠(SOL)", "usage": 0},
				{"appName": "카이스트 버스", "usage": 0},
				{"appName": "Instagram", "usage": 0},
				{"appName": "Samsung Notes", "usage": 0},
				{"appName": "배달의민족", "usage": 0},
				{"appName": "카메라", "usage": 0},
				{"appName": "Paco", "usage": 0},
				{"appName": "Google Play 스토어", "usage": 0},
				{"appName": "SODA", "usage": 0},
				{"appName": "설정", "usage": 0},
				{"appName": "Messenger", "usage": 0},
				{"appName": "카카오톡", "usage": 0},
				{"appName": "애니메이션 사진 위젯", "usage": 0},
				{"appName": "Samsung Experience 홈", "usage": 0},
				{"appName": "지니 뮤직", "usage": 0},
				{"appName": "Logger", "usage": 0},
				{"appName": "알라미", "usage": 0},
				{"appName": "캘린더", "usage": 0},
				{"appName": "안드로이드 시스템", "usage": 0},
				{"appName": "Microsoft Health", "usage": 0},
				{"appName": "접근성", "usage": 0},
				{"appName": "신한페이판", "usage": 0},
				{"appName": "후후", "usage": 0},
				{"appName": "패키지 설치 프로그램", "usage": 0},
				{"appName": "신한카드", "usage": 0}
			]
		},
		"lastPickup": {"time": 1}
	},
	{
		"date": 3,
		"totalTime": {
			"usage": 256,
			"details": [
				{"appName": "카카오톡", "usage": 56},
				{"appName": "Facebook", "usage": 45},
				{"appName": "Samsung Experience 홈", "usage": 27},
				{"appName": "YouTube", "usage": 22},
				{"appName": "전화", "usage": 21},
				{"appName": "네이버 웹툰", "usage": 20},
				{"appName": "갤러리", "usage": 6},
				{"appName": "캘린더", "usage": 4},
				{"appName": "Paco", "usage": 4},
				{"appName": "지니 뮤직", "usage": 4},
				{"appName": "Messenger", "usage": 4},
				{"appName": "계산기", "usage": 4},
				{"appName": "알라미", "usage": 3},
				{"appName": "삼성 인터넷", "usage": 1},
				{"appName": "Dropsync", "usage": 1},
				{"appName": "Samsung Pay", "usage": 1},
				{"appName": "Xodo Docs", "usage": 1},
				{"appName": "Zenly", "usage": 1},
				{"appName": "SODA", "usage": 0},
				{"appName": "Samsung Notes", "usage": 0},
				{"appName": "삼성 클라우드", "usage": 0},
				{"appName": "시계", "usage": 0},
				{"appName": "에브리타임", "usage": 0},
				{"appName": "KLMS", "usage": 0},
				{"appName": "Logger", "usage": 0},
				{"appName": "카메라", "usage": 0},
				{"appName": "메시지", "usage": 0},
				{"appName": "러브데이", "usage": 0},
				{"appName": "후후", "usage": 0},
				{"appName": "안드로이드 시스템", "usage": 0},
				{"appName": "설정", "usage": 0},
				{"appName": "패키지 설치 프로그램", "usage": 0},
				{"appName": "Instagram", "usage": 0}
			]
		},
		"pickups": {"usage": 256},
		"downTime": {
			"usage": [
				{"hour": "0", "usage": 14},
				{"hour": "1", "usage": 11},
				{"hour": "2", "usage": 17},
				{"hour": "3", "usage": 9},
				{"hour": "4", "usage": 12},
				{"hour": "5", "usage": 11},
				{"hour": "6", "usage": 22},
				{"hour": "7", "usage": 15},
				{"hour": "8", "usage": 14},
				{"hour": "9", "usage": 14},
				{"hour": "10", "usage": 4},
				{"hour": "11", "usage": 12},
				{"hour": "12", "usage": 23},
				{"hour": "13", "usage": 9},
				{"hour": "14", "usage": 10},
				{"hour": "15", "usage": 6},
				{"hour": "16", "usage": 8},
				{"hour": "17", "usage": 18},
				{"hour": "18", "usage": 6},
				{"hour": "19", "usage": 1},
				{"hour": "21", "usage": 10},
				{"hour": "22", "usage": 1},
				{"hour": "23", "usage": 0}
			],
			"details": [
				{"appName": "Samsung Experience 홈", "usage": [0, 1, 2, 3, 4, 5, 6, 7, 8, 9, 10, 11, 12, 13, 14, 15, 16, 17, 18, 19, 21, 23]},
				{"appName": "카카오톡", "usage": [0, 1, 2, 3, 4, 5, 6, 7, 8, 9, 10, 11, 12, 13, 14, 15, 16, 17, 18, 19]},
				{"appName": "Facebook", "usage": [0, 4, 5, 6, 7, 8, 9, 11, 12, 14, 15, 16, 17, 18, 21, 22]},
				{"appName": "Messenger", "usage": [0, 1, 3, 4, 8, 9, 10, 11, 14, 19]},
				{"appName": "전화", "usage": [2, 3, 4, 6, 7, 8, 9, 13]},
				{"appName": "Paco", "usage": [3, 4, 5, 6, 7, 9, 11, 12]},
				{"appName": "지니 뮤직", "usage": [6, 7, 8, 16, 17, 18]},
				{"appName": "삼성 인터넷", "usage": [4, 5, 8, 16]},
				{"appName": "SODA", "usage": [4, 10, 11, 13]},
				{"appName": "캘린더", "usage": [12, 14, 15]},
				{"appName": "시계", "usage": [1, 2, 12]},
				{"appName": "네이버 웹툰", "usage": [1, 13, 17]},
				{"appName": "갤러리", "usage": [4, 5, 13]},
				{"appName": "Xodo Docs", "usage": [8, 13, 16]},
				{"appName": "Samsung Pay", "usage": [3, 11, 14]},
				{"appName": "패키지 설치 프로그램", "usage": [4, 9]},
				{"appName": "알라미", "usage": [4, 12]},
				{"appName": "계산기", "usage": [18, 19]},
				{"appName": "YouTube", "usage": [6, 12]},
				{"appName": "Samsung Notes", "usage": [9, 16]},
				{"appName": "후후", "usage": [11]},
				{"appName": "카메라", "usage": [5]},
				{"appName": "에브리타임", "usage": [15]},
				{"appName": "안드로이드 시스템", "usage": [13]},
				{"appName": "설정", "usage": [3]},
				{"appName": "삼성 클라우드", "usage": [9]},
				{"appName": "메시지", "usage": [9]},
				{"appName": "러브데이", "usage": [14]},
				{"appName": "Zenly", "usage": [16]},
				{"appName": "Logger", "usage": [4]},
				{"appName": "KLMS", "usage": [0]},
				{"appName": "Instagram", "usage": [13]},
				{"appName": "Dropsync", "usage": [7]}
			]
		},
		"maxTime": {
			"usage": 17,
			"details": [
				{"appName": "전화", "usage": 15},
				{"appName": "YouTube", "usage": 13},
				{"appName": "Facebook", "usage": 10},
				{"appName": "갤러리", "usage": 3},
				{"appName": "계산기", "usage": 3},
				{"appName": "알라미", "usage": 3},
				{"appName": "네이버 웹툰", "usage": 2},
				{"appName": "캘린더", "usage": 2},
				{"appName": "카카오톡", "usage": 2},
				{"appName": "Samsung Experience 홈", "usage": 2},
				{"appName": "Messenger", "usage": 1},
				{"appName": "지니 뮤직", "usage": 1},
				{"appName": "Paco", "usage": 1},
				{"appName": "Zenly", "usage": 1},
				{"appName": "Xodo Docs", "usage": 0},
				{"appName": "Dropsync", "usage": 0},
				{"appName": "삼성 인터넷", "usage": 0},
				{"appName": "Samsung Pay", "usage": 0},
				{"appName": "SODA", "usage": 0},
				{"appName": "삼성 클라우드", "usage": 0},
				{"appName": "Samsung Notes", "usage": 0},
				{"appName": "KLMS", "usage": 0},
				{"appName": "Logger", "usage": 0},
				{"appName": "시계", "usage": 0},
				{"appName": "카메라", "usage": 0},
				{"appName": "에브리타임", "usage": 0},
				{"appName": "러브데이", "usage": 0},
				{"appName": "메시지", "usage": 0},
				{"appName": "안드로이드 시스템", "usage": 0},
				{"appName": "설정", "usage": 0},
				{"appName": "패키지 설치 프로그램", "usage": 0},
				{"appName": "Instagram", "usage": 0},
				{"appName": "후후", "usage": 0}
			]
		},
		"avgTime": {
			"usage": 1,
			"details": [
				{"appName": "YouTube", "usage": 4},
				{"appName": "갤러리", "usage": 1},
				{"appName": "Zenly", "usage": 1},
				{"appName": "전화", "usage": 0},
				{"appName": "계산기", "usage": 0},
				{"appName": "캘린더", "usage": 0},
				{"appName": "Facebook", "usage": 0},
				{"appName": "Dropsync", "usage": 0},
				{"appName": "Xodo Docs", "usage": 0},
				{"appName": "알라미", "usage": 0},
				{"appName": "네이버 웹툰", "usage": 0},
				{"appName": "삼성 인터넷", "usage": 0},
				{"appName": "Paco", "usage": 0},
				{"appName": "Samsung Pay", "usage": 0},
				{"appName": "Messenger", "usage": 0},
				{"appName": "KLMS", "usage": 0},
				{"appName": "SODA", "usage": 0},
				{"appName": "카메라", "usage": 0},
				{"appName": "Samsung Experience 홈", "usage": 0},
				{"appName": "삼성 클라우드", "usage": 0},
				{"appName": "Samsung Notes", "usage": 0},
				{"appName": "Logger", "usage": 0},
				{"appName": "카카오톡", "usage": 0},
				{"appName": "지니 뮤직", "usage": 0},
				{"appName": "시계", "usage": 0},
				{"appName": "에브리타임", "usage": 0},
				{"appName": "러브데이", "usage": 0},
				{"appName": "안드로이드 시스템", "usage": 0},
				{"appName": "설정", "usage": 0},
				{"appName": "메시지", "usage": 0},
				{"appName": "Instagram", "usage": 0},
				{"appName": "패키지 설치 프로그램", "usage": 0},
				{"appName": "후후", "usage": 0}
			]
		},
		"lastPickup": {"time": 0}
	},
	{
		"date": 4,
		"totalTime": {
			"usage": 394,
			"details": [
				{"appName": "삼성 인터넷", "usage": 61},
				{"appName": "카카오톡", "usage": 50},
				{"appName": "네이버 웹툰", "usage": 50},
				{"appName": "Facebook", "usage": 49},
				{"appName": "전화", "usage": 34},
				{"appName": "KT 멤버십", "usage": 14},
				{"appName": "Samsung Experience 홈", "usage": 14},
				{"appName": "배달의민족", "usage": 11},
				{"appName": "YouTube", "usage": 9},
				{"appName": "올레 tv 모바일", "usage": 9},
				{"appName": "Paco", "usage": 8},
				{"appName": "시외버스 모바일", "usage": 6},
				{"appName": "KAIST Library", "usage": 4},
				{"appName": "코레일톡", "usage": 3},
				{"appName": "지니 뮤직", "usage": 3},
				{"appName": "Google Play 스토어", "usage": 2},
				{"appName": "SODA", "usage": 2},
				{"appName": "Dropsync", "usage": 1},
				{"appName": "SNOW", "usage": 1},
				{"appName": "Messenger", "usage": 1},
				{"appName": "Polar Beat", "usage": 1},
				{"appName": "PASS", "usage": 0},
				{"appName": "Excel", "usage": 0},
				{"appName": "갤러리", "usage": 0},
				{"appName": "알라미", "usage": 0},
				{"appName": "원스토어", "usage": 0},
				{"appName": "Samsung Pay", "usage": 0},
				{"appName": "신한페이판", "usage": 0},
				{"appName": "Samsung Notes", "usage": 0},
				{"appName": "Puffin", "usage": 0},
				{"appName": "Samsung Health", "usage": 0},
				{"appName": "카이스트 버스", "usage": 0},
				{"appName": "설정", "usage": 0},
				{"appName": "Xodo Docs", "usage": 0},
				{"appName": "카메라", "usage": 0},
				{"appName": "안드로이드 시스템", "usage": 0},
				{"appName": "Logger", "usage": 0},
				{"appName": "패키지 설치 프로그램", "usage": 0},
				{"appName": "원스토어 서비스", "usage": 0},
				{"appName": "Microsoft Health", "usage": 0},
				{"appName": "신한카드", "usage": 0}
			]
		},
		"pickups": {"usage": 232},
		"downTime": {
			"usage": [
				{"hour": "0", "usage": 8},
				{"hour": "1", "usage": 39},
				{"hour": "2", "usage": 21},
				{"hour": "3", "usage": 32},
				{"hour": "4", "usage": 12},
				{"hour": "5", "usage": 16},
				{"hour": "6", "usage": 22},
				{"hour": "7", "usage": 9},
				{"hour": "8", "usage": 21},
				{"hour": "9", "usage": 26},
				{"hour": "10", "usage": 43},
				{"hour": "11", "usage": 12},
				{"hour": "12", "usage": 18},
				{"hour": "13", "usage": 40},
				{"hour": "14", "usage": 21},
				{"hour": "15", "usage": 2},
				{"hour": "17", "usage": 0},
				{"hour": "18", "usage": 8},
				{"hour": "20", "usage": 31},
				{"hour": "21", "usage": 6}
			],
			"details": [
				{"appName": "Samsung Experience 홈", "usage": [0, 1, 2, 3, 4, 5, 6, 7, 8, 9, 10, 11, 12, 13, 14, 15, 17, 18, 20, 21]},
				{"appName": "카카오톡", "usage": [2, 3, 5, 6, 7, 8, 9, 10, 11, 12, 13, 14, 17, 20, 21]},
				{"appName": "Facebook", "usage": [0, 1, 2, 3, 6, 8, 9, 10, 11, 12, 13, 14, 20, 21]},
				{"appName": "전화", "usage": [0, 1, 2, 5, 6, 7, 8, 9, 10, 13, 20, 21]},
				{"appName": "삼성 인터넷", "usage": [2, 3, 6, 8, 9, 10, 11, 12, 13, 14, 18]},
				{"appName": "Paco", "usage": [1, 2, 3, 6, 7, 8, 9, 10, 11, 12]},
				{"appName": "Messenger", "usage": [1, 2, 3, 4, 5, 8, 12, 18, 20]},
				{"appName": "네이버 웹툰", "usage": [1, 2, 3, 13, 15, 20]},
				{"appName": "SODA", "usage": [9, 10, 11, 12, 14]},
				{"appName": "지니 뮤직", "usage": [5, 11, 12, 21]},
				{"appName": "패키지 설치 프로그램", "usage": [2, 14, 20]},
				{"appName": "설정", "usage": [1, 3, 14]},
				{"appName": "YouTube", "usage": [4, 9, 14]},
				{"appName": "KT 멤버십", "usage": [3, 4, 14]},
				{"appName": "Google Play 스토어", "usage": [6, 14, 20]},
				{"appName": "원스토어", "usage": [3, 10]},
				{"appName": "올레 tv 모바일", "usage": [20, 21]},
				{"appName": "알라미", "usage": [4, 5]},
				{"appName": "안드로이드 시스템", "usage": [9, 10]},
				{"appName": "시외버스 모바일", "usage": [14, 18]},
				{"appName": "배달의민족", "usage": [20, 21]},
				{"appName": "갤러리", "usage": [11, 12]},
				{"appName": "Xodo Docs", "usage": [10, 11]},
				{"appName": "Samsung Health", "usage": [8, 21]},
				{"appName": "PASS", "usage": [1, 14]},
				{"appName": "Dropsync", "usage": [2, 13]},
				{"appName": "코레일톡", "usage": [14]},
				{"appName": "카이스트 버스", "usage": [2]},
				{"appName": "카메라", "usage": [12]},
				{"appName": "원스토어 서비스", "usage": [3]},
				{"appName": "신한페이판", "usage": [20]},
				{"appName": "신한카드", "usage": [4]},
				{"appName": "Samsung Pay", "usage": [2]},
				{"appName": "Samsung Notes", "usage": [6]},
				{"appName": "SNOW", "usage": [8]},
				{"appName": "Puffin", "usage": [9]},
				{"appName": "Polar Beat", "usage": [15]},
				{"appName": "Microsoft Health", "usage": [18]},
				{"appName": "Logger", "usage": [2]},
				{"appName": "KAIST Library", "usage": [18]},
				{"appName": "Excel", "usage": [9]}
			]
		},
		"maxTime": {
			"usage": 31,
			"details": [
				{"appName": "삼성 인터넷", "usage": 9},
				{"appName": "올레 tv 모바일", "usage": 8},
				{"appName": "YouTube", "usage": 7},
				{"appName": "전화", "usage": 5},
				{"appName": "Facebook", "usage": 5},
				{"appName": "카카오톡", "usage": 4},
				{"appName": "KAIST Library", "usage": 4},
				{"appName": "네이버 웹툰", "usage": 4},
				{"appName": "KT 멤버십", "usage": 3},
				{"appName": "Paco", "usage": 1},
				{"appName": "배달의민족", "usage": 1},
				{"appName": "시외버스 모바일", "usage": 1},
				{"appName": "Polar Beat", "usage": 1},
				{"appName": "Dropsync", "usage": 1},
				{"appName": "지니 뮤직", "usage": 0},
				{"appName": "Samsung Experience 홈", "usage": 0},
				{"appName": "Google Play 스토어", "usage": 0},
				{"appName": "Excel", "usage": 0},
				{"appName": "코레일톡", "usage": 0},
				{"appName": "SNOW", "usage": 0},
				{"appName": "SODA", "usage": 0},
				{"appName": "원스토어", "usage": 0},
				{"appName": "갤러리", "usage": 0},
				{"appName": "PASS", "usage": 0},
				{"appName": "Messenger", "usage": 0},
				{"appName": "Samsung Notes", "usage": 0},
				{"appName": "Puffin", "usage": 0},
				{"appName": "카이스트 버스", "usage": 0},
				{"appName": "카메라", "usage": 0},
				{"appName": "Samsung Pay", "usage": 0},
				{"appName": "설정", "usage": 0},
				{"appName": "알라미", "usage": 0},
				{"appName": "Xodo Docs", "usage": 0},
				{"appName": "Samsung Health", "usage": 0},
				{"appName": "Logger", "usage": 0},
				{"appName": "패키지 설치 프로그램", "usage": 0},
				{"appName": "안드로이드 시스템", "usage": 0},
				{"appName": "신한페이판", "usage": 0},
				{"appName": "원스토어 서비스", "usage": 0},
				{"appName": "Microsoft Health", "usage": 0},
				{"appName": "신한카드", "usage": 0}
			]
		},
		"avgTime": {
			"usage": 1,
			"details": [
				{"appName": "KAIST Library", "usage": 2},
				{"appName": "YouTube", "usage": 1},
				{"appName": "삼성 인터넷", "usage": 0},
				{"appName": "올레 tv 모바일", "usage": 0},
				{"appName": "KT 멤버십", "usage": 0},
				{"appName": "Dropsync", "usage": 0},
				{"appName": "네이버 웹툰", "usage": 0},
				{"appName": "Excel", "usage": 0},
				{"appName": "전화", "usage": 0},
				{"appName": "Polar Beat", "usage": 0},
				{"appName": "Facebook", "usage": 0},
				{"appName": "Samsung Notes", "usage": 0},
				{"appName": "Puffin", "usage": 0},
				{"appName": "카이스트 버스", "usage": 0},
				{"appName": "배달의민족", "usage": 0},
				{"appName": "SODA", "usage": 0},
				{"appName": "SNOW", "usage": 0},
				{"appName": "Paco", "usage": 0},
				{"appName": "갤러리", "usage": 0},
				{"appName": "시외버스 모바일", "usage": 0},
				{"appName": "코레일톡", "usage": 0},
				{"appName": "Google Play 스토어", "usage": 0},
				{"appName": "카메라", "usage": 0},
				{"appName": "Messenger", "usage": 0},
				{"appName": "원스토어", "usage": 0},
				{"appName": "Samsung Pay", "usage": 0},
				{"appName": "지니 뮤직", "usage": 0},
				{"appName": "Xodo Docs", "usage": 0},
				{"appName": "알라미", "usage": 0},
				{"appName": "카카오톡", "usage": 0},
				{"appName": "Logger", "usage": 0},
				{"appName": "설정", "usage": 0},
				{"appName": "Samsung Experience 홈", "usage": 0},
				{"appName": "Samsung Health", "usage": 0},
				{"appName": "PASS", "usage": 0},
				{"appName": "안드로이드 시스템", "usage": 0},
				{"appName": "원스토어 서비스", "usage": 0},
				{"appName": "패키지 설치 프로그램", "usage": 0},
				{"appName": "신한페이판", "usage": 0},
				{"appName": "Microsoft Health", "usage": 0},
				{"appName": "신한카드", "usage": 0}
			]
		},
		"lastPickup": {"time": 0}
	},
	{
		"date": 5,
		"totalTime": {
			"usage": 195,
			"details": [
				{"appName": "YouTube", "usage": 44},
				{"appName": "삼성 인터넷", "usage": 29},
				{"appName": "네이버 웹툰", "usage": 15},
				{"appName": "Facebook", "usage": 15},
				{"appName": "카카오톡", "usage": 15},
				{"appName": "전화", "usage": 15},
				{"appName": "알라미", "usage": 12},
				{"appName": "Messenger", "usage": 8},
				{"appName": "Puffin", "usage": 8},
				{"appName": "Samsung Experience 홈", "usage": 7},
				{"appName": "SODA", "usage": 4},
				{"appName": "갤러리", "usage": 2},
				{"appName": "Paco", "usage": 2},
				{"appName": "KAIST Library", "usage": 1},
				{"appName": "알파카", "usage": 1},
				{"appName": "에어 커맨드", "usage": 1},
				{"appName": "Zenly", "usage": 0},
				{"appName": "비디오 플레이어", "usage": 0},
				{"appName": "설정", "usage": 0},
				{"appName": "카메라", "usage": 0},
				{"appName": "빅스비 보이스", "usage": 0},
				{"appName": "Polar Beat", "usage": 0},
				{"appName": "에브리타임", "usage": 0},
				{"appName": "Samsung Health", "usage": 0},
				{"appName": "ABC Logger", "usage": 0},
				{"appName": "Google Play 서비스", "usage": 0}
			]
		},
		"pickups": {"usage": 91},
		"downTime": {
			"usage": [
				{"hour": "2", "usage": 3},
				{"hour": "3", "usage": 8},
				{"hour": "4", "usage": 0},
				{"hour": "5", "usage": 31},
				{"hour": "6", "usage": 14},
				{"hour": "7", "usage": 58},
				{"hour": "8", "usage": 23},
				{"hour": "9", "usage": 7},
				{"hour": "10", "usage": 19},
				{"hour": "11", "usage": 2},
				{"hour": "12", "usage": 16},
				{"hour": "13", "usage": 1},
				{"hour": "15", "usage": 0},
				{"hour": "16", "usage": 5},
				{"hour": "19", "usage": 0},
				{"hour": "22", "usage": 0},
				{"hour": "23", "usage": 0}
			],
			"details": [
				{"appName": "Samsung Experience 홈", "usage": [2, 3, 5, 6, 7, 8, 9, 10, 11, 12, 13, 15, 16, 19, 22, 23]},
				{"appName": "카카오톡", "usage": [2, 3, 5, 6, 7, 9, 10, 12, 15, 16]},
				{"appName": "Facebook", "usage": [2, 5, 7, 9, 10, 13, 16]},
				{"appName": "Paco", "usage": [3, 7, 9, 10, 11, 12]},
				{"appName": "전화", "usage": [5, 7, 8, 9, 10]},
				{"appName": "네이버 웹툰", "usage": [6, 7, 10, 11, 12]},
				{"appName": "삼성 인터넷", "usage": [3, 5, 6, 12]},
				{"appName": "YouTube", "usage": [7, 8, 9, 10]},
				{"appName": "Messenger", "usage": [2, 3, 5, 16]},
				{"appName": "알라미", "usage": [5, 7, 8]},
				{"appName": "카메라", "usage": [10, 12]},
				{"appName": "알파카", "usage": [9, 10]},
				{"appName": "SODA", "usage": [10, 12]},
				{"appName": "Puffin", "usage": [7, 8]},
				{"appName": "KAIST Library", "usage": [3, 6]},
				{"appName": "에어 커맨드", "usage": [12]},
				{"appName": "에브리타임", "usage": [6]},
				{"appName": "설정", "usage": [9]},
				{"appName": "빅스비 보이스", "usage": [7]},
				{"appName": "비디오 플레이어", "usage": [6]},
				{"appName": "갤러리", "usage": [12]},
				{"appName": "Zenly", "usage": [5]},
				{"appName": "Samsung Health", "usage": [22]},
				{"appName": "Polar Beat", "usage": [10]},
				{"appName": "Google Play 서비스", "usage": [6]},
				{"appName": "ABC Logger", "usage": [7]}
			]
		},
		"maxTime": {
			"usage": 38,
			"details": [
				{"appName": "YouTube", "usage": 12},
				{"appName": "알라미", "usage": 10},
				{"appName": "전화", "usage": 8},
				{"appName": "삼성 인터넷", "usage": 7},
				{"appName": "Puffin", "usage": 3},
				{"appName": "네이버 웹툰", "usage": 3},
				{"appName": "Facebook", "usage": 2},
				{"appName": "갤러리", "usage": 2},
				{"appName": "SODA", "usage": 2},
				{"appName": "Messenger", "usage": 1},
				{"appName": "카카오톡", "usage": 1},
				{"appName": "에어 커맨드", "usage": 1},
				{"appName": "Paco", "usage": 0},
				{"appName": "KAIST Library", "usage": 0},
				{"appName": "알파카", "usage": 0},
				{"appName": "Samsung Experience 홈", "usage": 0},
				{"appName": "비디오 플레이어", "usage": 0},
				{"appName": "설정", "usage": 0},
				{"appName": "Zenly", "usage": 0},
				{"appName": "카메라", "usage": 0},
				{"appName": "빅스비 보이스", "usage": 0},
				{"appName": "Polar Beat", "usage": 0},
				{"appName": "에브리타임", "usage": 0},
				{"appName": "Samsung Health", "usage": 0},
				{"appName": "Google Play 서비스", "usage": 0},
				{"appName": "ABC Logger", "usage": 0}
			]
		},
		"avgTime": {
			"usage": 2,
			"details": [
				{"appName": "YouTube", "usage": 3},
				{"appName": "갤러리", "usage": 1},
				{"appName": "삼성 인터넷", "usage": 1},
				{"appName": "Puffin", "usage": 1},
				{"appName": "알라미", "usage": 0},
				{"appName": "전화", "usage": 0},
				{"appName": "Messenger", "usage": 0},
				{"appName": "에어 커맨드", "usage": 0},
				{"appName": "알파카", "usage": 0},
				{"appName": "SODA", "usage": 0},
				{"appName": "Facebook", "usage": 0},
				{"appName": "KAIST Library", "usage": 0},
				{"appName": "네이버 웹툰", "usage": 0},
				{"appName": "빅스비 보이스", "usage": 0},
				{"appName": "비디오 플레이어", "usage": 0},
				{"appName": "Zenly", "usage": 0},
				{"appName": "설정", "usage": 0},
				{"appName": "카메라", "usage": 0},
				{"appName": "Paco", "usage": 0},
				{"appName": "카카오톡", "usage": 0},
				{"appName": "Samsung Experience 홈", "usage": 0},
				{"appName": "Samsung Health", "usage": 0},
				{"appName": "Polar Beat", "usage": 0},
				{"appName": "에브리타임", "usage": 0},
				{"appName": "Google Play 서비스", "usage": 0},
				{"appName": "ABC Logger", "usage": 0}
			]
		},
		"lastPickup": {"time": 0}
	},
	{
		"date": 6,
		"totalTime": {
			"usage": 341,
			"details": [
				{"appName": "Facebook", "usage": 61},
				{"appName": "네이버 웹툰", "usage": 47},
				{"appName": "YouTube", "usage": 46},
				{"appName": "카카오톡", "usage": 44},
				{"appName": "삼성 인터넷", "usage": 34},
				{"appName": "배달의민족", "usage": 16},
				{"appName": "Samsung Experience 홈", "usage": 12},
				{"appName": "전화", "usage": 12},
				{"appName": "KAIST Library", "usage": 9},
				{"appName": "Messenger", "usage": 7},
				{"appName": "알파카", "usage": 5},
				{"appName": "갤러리", "usage": 5},
				{"appName": "지니 뮤직", "usage": 5},
				{"appName": "알라미", "usage": 4},
				{"appName": "Paco", "usage": 4},
				{"appName": "SODA", "usage": 2},
				{"appName": "드라이브", "usage": 2},
				{"appName": "비디오", "usage": 1},
				{"appName": "캘린더", "usage": 1},
				{"appName": "비디오 플레이어", "usage": 1},
				{"appName": "안드로이드 시스템", "usage": 1},
				{"appName": "µTorrent", "usage": 0},
				{"appName": "Dropsync", "usage": 0},
				{"appName": "신한페이판", "usage": 0},
				{"appName": "KLMS", "usage": 0},
				{"appName": "Google Play 스토어", "usage": 0},
				{"appName": "Gmail", "usage": 0},
				{"appName": "카메라", "usage": 0},
				{"appName": "후후", "usage": 0},
				{"appName": "Samsung Experience Service", "usage": 0},
				{"appName": "Samsung Health", "usage": 0},
				{"appName": "시계", "usage": 0},
				{"appName": "게임런처", "usage": 0},
				{"appName": "설정", "usage": 0},
				{"appName": "링크 공유", "usage": 0}
			]
		},
		"pickups": {"usage": 189},
		"downTime": {
			"usage": [
				{"hour": "1", "usage": 31},
				{"hour": "2", "usage": 43},
				{"hour": "3", "usage": 37},
				{"hour": "4", "usage": 11},
				{"hour": "5", "usage": 6},
				{"hour": "6", "usage": 33},
				{"hour": "7", "usage": 1},
				{"hour": "8", "usage": 23},
				{"hour": "9", "usage": 14},
				{"hour": "10", "usage": 40},
				{"hour": "11", "usage": 12},
				{"hour": "12", "usage": 20},
				{"hour": "13", "usage": 12},
				{"hour": "14", "usage": 6},
				{"hour": "15", "usage": 9},
				{"hour": "16", "usage": 30},
				{"hour": "17", "usage": 0},
				{"hour": "18", "usage": 0},
				{"hour": "20", "usage": 1},
				{"hour": "23", "usage": 4}
			],
			"details": [
				{"appName": "카카오톡", "usage": [1, 2, 3, 4, 5, 6, 7, 8, 9, 10, 11, 12, 13, 14, 16, 17, 18, 20]},
				{"appName": "Samsung Experience 홈", "usage": [1, 2, 3, 4, 5, 6, 7, 8, 9, 10, 11, 12, 13, 14, 15, 16, 20, 23]},
				{"appName": "Facebook", "usage": [1, 3, 4, 6, 7, 8, 10, 11, 12, 13, 14]},
				{"appName": "전화", "usage": [2, 3, 4, 6, 7, 8, 9, 13, 14, 16]},
				{"appName": "Paco", "usage": [2, 3, 4, 6, 8, 9, 10, 11, 12, 13]},
				{"appName": "Messenger", "usage": [2, 3, 9, 10, 11, 12, 13, 14]},
				{"appName": "삼성 인터넷", "usage": [1, 2, 3, 4, 6, 10, 16]},
				{"appName": "YouTube", "usage": [2, 3, 4, 6, 10]},
				{"appName": "안드로이드 시스템", "usage": [10, 11, 12, 16]},
				{"appName": "배달의민족", "usage": [3, 15, 16, 17]},
				{"appName": "네이버 웹툰", "usage": [4, 8, 9, 10]},
				{"appName": "SODA", "usage": [6, 10, 11, 12]},
				{"appName": "캘린더", "usage": [2, 9, 14]},
				{"appName": "지니 뮤직", "usage": [3, 4, 5]},
				{"appName": "알파카", "usage": [4, 5, 6]},
				{"appName": "알라미", "usage": [1, 20, 23]},
				{"appName": "갤러리", "usage": [12, 15]},
				{"appName": "KAIST Library", "usage": [14, 15]},
				{"appName": "Dropsync", "usage": [2, 11]},
				{"appName": "후후", "usage": [16]},
				{"appName": "카메라", "usage": [10]},
				{"appName": "신한페이판", "usage": [16]},
				{"appName": "시계", "usage": [23]},
				{"appName": "설정", "usage": [23]},
				{"appName": "비디오 플레이어", "usage": [16]},
				{"appName": "비디오", "usage": [16]},
				{"appName": "링크 공유", "usage": [16]},
				{"appName": "드라이브", "usage": [16]},
				{"appName": "게임런처", "usage": [3]},
				{"appName": "µTorrent", "usage": [16]},
				{"appName": "Samsung Health", "usage": [1]},
				{"appName": "Samsung Experience Service", "usage": [16]},
				{"appName": "KLMS", "usage": [5]},
				{"appName": "Google Play 스토어", "usage": [10]},
				{"appName": "Gmail", "usage": [16]}
			]
		},
		"maxTime": {
			"usage": 43,
			"details": [
				{"appName": "YouTube", "usage": 18},
				{"appName": "삼성 인터넷", "usage": 9},
				{"appName": "Facebook", "usage": 5},
				{"appName": "KAIST Library", "usage": 5},
				{"appName": "갤러리", "usage": 4},
				{"appName": "알라미", "usage": 3},
				{"appName": "카카오톡", "usage": 3},
				{"appName": "네이버 웹툰", "usage": 3},
				{"appName": "지니 뮤직", "usage": 3},
				{"appName": "Messenger", "usage": 3},
				{"appName": "Samsung Experience 홈", "usage": 2},
				{"appName": "전화", "usage": 2},
				{"appName": "드라이브", "usage": 1},
				{"appName": "배달의민족", "usage": 1},
				{"appName": "알파카", "usage": 1},
				{"appName": "비디오 플레이어", "usage": 1},
				{"appName": "비디오", "usage": 1},
				{"appName": "SODA", "usage": 0},
				{"appName": "캘린더", "usage": 0},
				{"appName": "안드로이드 시스템", "usage": 0},
				{"appName": "Dropsync", "usage": 0},
				{"appName": "Paco", "usage": 0},
				{"appName": "µTorrent", "usage": 0},
				{"appName": "Google Play 스토어", "usage": 0},
				{"appName": "Gmail", "usage": 0},
				{"appName": "KLMS", "usage": 0},
				{"appName": "카메라", "usage": 0},
				{"appName": "신한페이판", "usage": 0},
				{"appName": "Samsung Health", "usage": 0},
				{"appName": "Samsung Experience Service", "usage": 0},
				{"appName": "후후", "usage": 0},
				{"appName": "시계", "usage": 0},
				{"appName": "설정", "usage": 0},
				{"appName": "게임런처", "usage": 0},
				{"appName": "링크 공유", "usage": 0}
			]
		},
		"avgTime": {
			"usage": 1,
			"details": [
				{"appName": "삼성 인터넷", "usage": 2},
				{"appName": "YouTube", "usage": 1},
				{"appName": "비디오 플레이어", "usage": 1},
				{"appName": "KAIST Library", "usage": 0},
				{"appName": "갤러리", "usage": 0},
				{"appName": "Facebook", "usage": 0},
				{"appName": "네이버 웹툰", "usage": 0},
				{"appName": "드라이브", "usage": 0},
				{"appName": "알라미", "usage": 0},
				{"appName": "Messenger", "usage": 0},
				{"appName": "전화", "usage": 0},
				{"appName": "알파카", "usage": 0},
				{"appName": "SODA", "usage": 0},
				{"appName": "배달의민족", "usage": 0},
				{"appName": "지니 뮤직", "usage": 0},
				{"appName": "비디오", "usage": 0},
				{"appName": "Dropsync", "usage": 0},
				{"appName": "캘린더", "usage": 0},
				{"appName": "Gmail", "usage": 0},
				{"appName": "Google Play 스토어", "usage": 0},
				{"appName": "안드로이드 시스템", "usage": 0},
				{"appName": "µTorrent", "usage": 0},
				{"appName": "Paco", "usage": 0},
				{"appName": "카카오톡", "usage": 0},
				{"appName": "Samsung Experience 홈", "usage": 0},
				{"appName": "Samsung Health", "usage": 0},
				{"appName": "KLMS", "usage": 0},
				{"appName": "카메라", "usage": 0},
				{"appName": "시계", "usage": 0},
				{"appName": "신한페이판", "usage": 0},
				{"appName": "설정", "usage": 0},
				{"appName": "후후", "usage": 0},
				{"appName": "Samsung Experience Service", "usage": 0},
				{"appName": "게임런처", "usage": 0},
				{"appName": "링크 공유", "usage": 0}
			]
		},
		"lastPickup": {"time": 4}
	},
	{
		"date": 7,
		"totalTime": {
			"usage": 855,
			"details": [
				{"appName": "카카오톡", "usage": 627},
				{"appName": "YouTube", "usage": 58},
				{"appName": "Facebook", "usage": 33},
				{"appName": "Xodo Docs", "usage": 19},
				{"appName": "네이버 웹툰", "usage": 10},
				{"appName": "전화", "usage": 8},
				{"appName": "삼성 인터넷", "usage": 8},
				{"appName": "Samsung Experience 홈", "usage": 6},
				{"appName": "갤러리", "usage": 5},
				{"appName": "KAIST Library", "usage": 3},
				{"appName": "KLMS", "usage": 1},
				{"appName": "Dropsync", "usage": 0},
				{"appName": "SODA", "usage": 0},
				{"appName": "Paco", "usage": 0},
				{"appName": "올레 tv 모바일", "usage": 0},
				{"appName": "Instagram", "usage": 0},
				{"appName": "Messenger", "usage": 0},
				{"appName": "드라이브", "usage": 0},
				{"appName": "µTorrent", "usage": 0},
				{"appName": "안드로이드 시스템", "usage": 0},
				{"appName": "Google Play 스토어", "usage": 0},
				{"appName": "지니 뮤직", "usage": 0},
				{"appName": "내 파일", "usage": 0},
				{"appName": "Samsung Health", "usage": 0},
				{"appName": "패키지 설치 프로그램", "usage": 0},
				{"appName": "원스토어", "usage": 0},
				{"appName": "설정", "usage": 0}
			]
		},
		"pickups": {"usage": 91},
		"downTime": {
			"usage": [
				{"hour": "1", "usage": 1},
				{"hour": "2", "usage": 2},
				{"hour": "5", "usage": 4},
				{"hour": "6", "usage": 25},
				{"hour": "7", "usage": 53},
				{"hour": "8", "usage": 60},
				{"hour": "9", "usage": 45},
				{"hour": "10", "usage": 18},
				{"hour": "11", "usage": 23},
				{"hour": "12", "usage": 12},
				{"hour": "13", "usage": 14},
				{"hour": "14", "usage": 3}
			],
			"details": [
				{"appName": "카카오톡", "usage": [1, 2, 5, 6, 7, 8, 9, 10, 11, 12, 13]},
				{"appName": "Samsung Experience 홈", "usage": [1, 2, 5, 6, 7, 8, 9, 10, 11, 12, 13]},
				{"appName": "Facebook", "usage": [1, 5, 9, 10, 12, 13]},
				{"appName": "Messenger", "usage": [9, 10, 11, 12, 13]},
				{"appName": "전화", "usage": [5, 8, 10, 13]},
				{"appName": "삼성 인터넷", "usage": [8, 9, 10, 11]},
				{"appName": "KAIST Library", "usage": [2, 5, 10]},
				{"appName": "지니 뮤직", "usage": [9, 10]},
				{"appName": "안드로이드 시스템", "usage": [7, 11]},
				{"appName": "네이버 웹툰", "usage": [7, 8]},
				{"appName": "갤러리", "usage": [11, 13]},
				{"appName": "YouTube", "usage": [8, 9]},
				{"appName": "Xodo Docs", "usage": [11, 12]},
				{"appName": "Paco", "usage": [6, 13]},
				{"appName": "KLMS", "usage": [10, 11]},
				{"appName": "패키지 설치 프로그램", "usage": [13]},
				{"appName": "원스토어", "usage": [11]},
				{"appName": "올레 tv 모바일", "usage": [13]},
				{"appName": "설정", "usage": [7]},
				{"appName": "드라이브", "usage": [11]},
				{"appName": "내 파일", "usage": [11]},
				{"appName": "µTorrent", "usage": [6]},
				{"appName": "Samsung Health", "usage": [1]},
				{"appName": "SODA", "usage": [7]},
				{"appName": "Instagram", "usage": [8]},
				{"appName": "Google Play 스토어", "usage": [10]},
				{"appName": "Dropsync", "usage": [13]}
			]
		},
		"maxTime": {
			"usage": 590,
			"details": [
				{"appName": "카카오톡", "usage": 602},
				{"appName": "YouTube", "usage": 34},
				{"appName": "Facebook", "usage": 14},
				{"appName": "Xodo Docs", "usage": 11},
				{"appName": "네이버 웹툰", "usage": 6},
				{"appName": "갤러리", "usage": 3},
				{"appName": "전화", "usage": 3},
				{"appName": "삼성 인터넷", "usage": 2},
				{"appName": "KAIST Library", "usage": 1},
				{"appName": "Samsung Experience 홈", "usage": 1},
				{"appName": "Dropsync", "usage": 0},
				{"appName": "SODA", "usage": 0},
				{"appName": "Paco", "usage": 0},
				{"appName": "Instagram", "usage": 0},
				{"appName": "KLMS", "usage": 0},
				{"appName": "Messenger", "usage": 0},
				{"appName": "올레 tv 모바일", "usage": 0},
				{"appName": "안드로이드 시스템", "usage": 0},
				{"appName": "Google Play 스토어", "usage": 0},
				{"appName": "드라이브", "usage": 0},
				{"appName": "µTorrent", "usage": 0},
				{"appName": "내 파일", "usage": 0},
				{"appName": "Samsung Health", "usage": 0},
				{"appName": "지니 뮤직", "usage": 0},
				{"appName": "패키지 설치 프로그램", "usage": 0},
				{"appName": "원스토어", "usage": 0},
				{"appName": "설정", "usage": 0}
			]
		},
		"avgTime": {
			"usage": 9,
			"details": [
				{"appName": "YouTube", "usage": 6},
				{"appName": "카카오톡", "usage": 2},
				{"appName": "Xodo Docs", "usage": 2},
				{"appName": "Facebook", "usage": 0},
				{"appName": "갤러리", "usage": 0},
				{"appName": "SODA", "usage": 0},
				{"appName": "네이버 웹툰", "usage": 0},
				{"appName": "전화", "usage": 0},
				{"appName": "삼성 인터넷", "usage": 0},
				{"appName": "Instagram", "usage": 0},
				{"appName": "KAIST Library", "usage": 0},
				{"appName": "Dropsync", "usage": 0},
				{"appName": "Google Play 스토어", "usage": 0},
				{"appName": "Paco", "usage": 0},
				{"appName": "KLMS", "usage": 0},
				{"appName": "Samsung Experience 홈", "usage": 0},
				{"appName": "µTorrent", "usage": 0},
				{"appName": "내 파일", "usage": 0},
				{"appName": "안드로이드 시스템", "usage": 0},
				{"appName": "올레 tv 모바일", "usage": 0},
				{"appName": "드라이브", "usage": 0},
				{"appName": "Samsung Health", "usage": 0},
				{"appName": "Messenger", "usage": 0},
				{"appName": "지니 뮤직", "usage": 0},
				{"appName": "패키지 설치 프로그램", "usage": 0},
				{"appName": "원스토어", "usage": 0},
				{"appName": "설정", "usage": 0}
			]
		},
		"lastPickup": {"time": 590}
	}
]
