[
	{
		"date": 1,
		"totalTime": {
			"usage": 1319,
			"details": [
				{"appName": "카카오톡", "usage": 1287},
				{"appName": "시계", "usage": 13},
				{"appName": "첫화면 상식", "usage": 11},
				{"appName": "메시지", "usage": 6},
				{"appName": "T전화", "usage": 1},
				{"appName": "이메일", "usage": 1},
				{"appName": "Samsung Experience 홈", "usage": 0},
				{"appName": "KAIST 전자식복무관리시스템", "usage": 0}
			]
		},
		"pickups": {"usage": 19},
		"downTime": {
			"usage": [
				{"hour": "0", "usage": 20},
				{"hour": "1", "usage": 6},
				{"hour": "2", "usage": 20}
			],
			"details": [
				{"appName": "첫화면 상식", "usage": [0, 1, 2]},
				{"appName": "카카오톡", "usage": [1, 2]},
				{"appName": "시계", "usage": [0, 1]},
				{"appName": "메시지", "usage": [1, 2]},
				{"appName": "Samsung Experience 홈", "usage": [1, 2]},
				{"appName": "이메일", "usage": [2]},
				{"appName": "T전화", "usage": [2]},
				{"appName": "KAIST 전자식복무관리시스템", "usage": [1]}
			]
		},
		"maxTime": {
			"usage": 1271,
			"details": [
				{"appName": "카카오톡", "usage": 1277},
				{"appName": "시계", "usage": 4},
				{"appName": "메시지", "usage": 4},
				{"appName": "첫화면 상식", "usage": 4},
				{"appName": "T전화", "usage": 1},
				{"appName": "이메일", "usage": 1},
				{"appName": "Samsung Experience 홈", "usage": 0},
				{"appName": "KAIST 전자식복무관리시스템", "usage": 0}
			]
		},
		"avgTime": {
			"usage": 69,
			"details": [
				{"appName": "카카오톡", "usage": 32},
				{"appName": "이메일", "usage": 1},
				{"appName": "메시지", "usage": 0},
				{"appName": "시계", "usage": 0},
				{"appName": "T전화", "usage": 0},
				{"appName": "첫화면 상식", "usage": 0},
				{"appName": "KAIST 전자식복무관리시스템", "usage": 0},
				{"appName": "Samsung Experience 홈", "usage": 0}
			]
		},
		"lastPickup": {"time": 1271}
	},
	{
		"date": 2,
		"totalTime": {
			"usage": 485,
			"details": [
				{"appName": "카카오톡", "usage": 174},
				{"appName": "메시지", "usage": 110},
				{"appName": "Samsung Experience 홈", "usage": 32},
				{"appName": "뱅크샐러드", "usage": 15},
				{"appName": "첫화면 상식", "usage": 15},
				{"appName": "토스", "usage": 12},
				{"appName": "Chrome", "usage": 9},
				{"appName": "Polar Beat", "usage": 8},
				{"appName": "T전화", "usage": 6},
				{"appName": "Instagram", "usage": 6},
				{"appName": "신한 쏠(SOL)", "usage": 5},
				{"appName": "Google Play 스토어", "usage": 5},
				{"appName": "Paco", "usage": 4},
				{"appName": "설정", "usage": 4},
				{"appName": "Microsoft Health", "usage": 3},
				{"appName": "Cookie Run: OvenBreak", "usage": 3},
				{"appName": "Samsung Pay", "usage": 2},
				{"appName": "음성 녹음", "usage": 2},
				{"appName": "Dropsync", "usage": 2},
				{"appName": "ABC Logger", "usage": 2},
				{"appName": "패키지 설치 프로그램", "usage": 2},
				{"appName": "Dropbox", "usage": 2},
				{"appName": "우리카드", "usage": 2},
				{"appName": "디바이스 케어", "usage": 2},
				{"appName": "Most", "usage": 1},
				{"appName": "삼성 캡처", "usage": 1},
				{"appName": "이메일", "usage": 1},
				{"appName": "AIA Vitality T건강걷기", "usage": 1},
				{"appName": "카메라", "usage": 1},
				{"appName": "갤러리", "usage": 0},
				{"appName": "Samsung Health", "usage": 0},
				{"appName": "내 파일", "usage": 0},
				{"appName": "전화", "usage": 0},
				{"appName": "Logger", "usage": 0},
				{"appName": "안드로이드 시스템", "usage": 0},
				{"appName": "시계", "usage": 0},
				{"appName": "T멤버십", "usage": 0},
				{"appName": "KAIST 전자식복무관리시스템", "usage": 0},
				{"appName": "드라이브", "usage": 0},
				{"appName": "접근성", "usage": 0},
				{"appName": "게임런처", "usage": 0},
				{"appName": "Netflix", "usage": 0},
				{"appName": "원스토어", "usage": 0},
				{"appName": "신한카드", "usage": 0},
				{"appName": "원터치알림", "usage": 0}
			]
		},
		"pickups": {"usage": 130},
		"downTime": {
			"usage": [
				{"hour": "0", "usage": 60},
				{"hour": "1", "usage": 56},
				{"hour": "2", "usage": 31},
				{"hour": "3", "usage": 22},
				{"hour": "4", "usage": 11},
				{"hour": "5", "usage": 41},
				{"hour": "6", "usage": 34},
				{"hour": "7", "usage": 43},
				{"hour": "8", "usage": 42},
				{"hour": "9", "usage": 34},
				{"hour": "10", "usage": 20},
				{"hour": "11", "usage": 25},
				{"hour": "12", "usage": 11},
				{"hour": "17", "usage": 18},
				{"hour": "18", "usage": 8},
				{"hour": "19", "usage": 1},
				{"hour": "20", "usage": 0},
				{"hour": "21", "usage": 8},
				{"hour": "22", "usage": 11},
				{"hour": "23", "usage": 1}
			],
			"details": [
				{"appName": "첫화면 상식", "usage": [0, 1, 2, 3, 4, 5, 6, 7, 8, 9, 10, 11, 12, 15, 17, 18, 19, 20, 21, 22, 23]},
				{"appName": "카카오톡", "usage": [0, 1, 2, 3, 4, 5, 6, 7, 8, 9, 10, 11, 12, 17, 18, 19, 21, 22, 23]},
				{"appName": "Samsung Experience 홈", "usage": [0, 1, 2, 3, 4, 5, 6, 7, 8, 9, 10, 11, 12, 17, 18, 19, 21, 22, 23]},
				{"appName": "메시지", "usage": [0, 1, 2, 3, 4, 5, 6, 7, 8, 10, 11, 12, 17]},
				{"appName": "Paco", "usage": [1, 2, 4, 5, 6, 7, 8, 9, 10]},
				{"appName": "패키지 설치 프로그램", "usage": [0, 1, 2, 7, 8, 9, 11, 23]},
				{"appName": "설정", "usage": [0, 1, 2, 5, 6, 7, 8, 23]},
				{"appName": "T전화", "usage": [0, 2, 3, 5, 6, 7, 8]},
				{"appName": "Polar Beat", "usage": [0, 1, 8, 9, 10, 22]},
				{"appName": "Google Play 스토어", "usage": [0, 5, 7, 8, 11, 17]},
				{"appName": "삼성 캡처", "usage": [1, 2, 6, 7, 17]},
				{"appName": "Samsung Pay", "usage": [1, 5, 9, 10, 22]},
				{"appName": "Chrome", "usage": [0, 1, 2, 11, 18]},
				{"appName": "뱅크샐러드", "usage": [3, 4, 11, 18]},
				{"appName": "갤러리", "usage": [2, 8, 9, 11]},
				{"appName": "카메라", "usage": [1, 5, 9]},
				{"appName": "접근성", "usage": [1, 8, 23]},
				{"appName": "음성 녹음", "usage": [8, 9, 10]},
				{"appName": "안드로이드 시스템", "usage": [0, 1, 2]},
				{"appName": "Microsoft Health", "usage": [0, 1, 11]},
				{"appName": "Logger", "usage": [1, 9, 23]},
				{"appName": "Instagram", "usage": [2, 3, 7]},
				{"appName": "Dropbox", "usage": [7, 10, 12]},
				{"appName": "ABC Logger", "usage": [0, 6, 7]},
				{"appName": "토스", "usage": [1, 21]},
				{"appName": "전화", "usage": [0, 7]},
				{"appName": "이메일", "usage": [18, 19]},
				{"appName": "우리카드", "usage": [3, 8]},
				{"appName": "신한 쏠(SOL)", "usage": [9, 11]},
				{"appName": "시계", "usage": [12, 22]},
				{"appName": "내 파일", "usage": [0, 11]},
				{"appName": "KAIST 전자식복무관리시스템", "usage": [0, 23]},
				{"appName": "원터치알림", "usage": [10]},
				{"appName": "원스토어", "usage": [12]},
				{"appName": "신한카드", "usage": [15]},
				{"appName": "디바이스 케어", "usage": [5]},
				{"appName": "드라이브", "usage": [0]},
				{"appName": "게임런처", "usage": [5]},
				{"appName": "T멤버십", "usage": [5]},
				{"appName": "Samsung Health", "usage": [9]},
				{"appName": "Netflix", "usage": [11]},
				{"appName": "Most", "usage": [6]},
				{"appName": "Dropsync", "usage": [7]},
				{"appName": "Cookie Run: OvenBreak", "usage": [5]},
				{"appName": "AIA Vitality T건강걷기", "usage": [9]}
			]
		},
		"maxTime": {
			"usage": 84,
			"details": [
				{"appName": "카카오톡", "usage": 6},
				{"appName": "메시지", "usage": 6},
				{"appName": "Chrome", "usage": 4},
				{"appName": "토스", "usage": 3},
				{"appName": "Instagram", "usage": 3},
				{"appName": "Cookie Run: OvenBreak", "usage": 3},
				{"appName": "뱅크샐러드", "usage": 2},
				{"appName": "신한 쏠(SOL)", "usage": 2},
				{"appName": "T전화", "usage": 1},
				{"appName": "음성 녹음", "usage": 1},
				{"appName": "Samsung Experience 홈", "usage": 1},
				{"appName": "첫화면 상식", "usage": 1},
				{"appName": "Dropbox", "usage": 1},
				{"appName": "이메일", "usage": 1},
				{"appName": "Polar Beat", "usage": 1},
				{"appName": "Microsoft Health", "usage": 1},
				{"appName": "ABC Logger", "usage": 0},
				{"appName": "Google Play 스토어", "usage": 0},
				{"appName": "Dropsync", "usage": 0},
				{"appName": "우리카드", "usage": 0},
				{"appName": "내 파일", "usage": 0},
				{"appName": "AIA Vitality T건강걷기", "usage": 0},
				{"appName": "Samsung Pay", "usage": 0},
				{"appName": "갤러리", "usage": 0},
				{"appName": "카메라", "usage": 0},
				{"appName": "전화", "usage": 0},
				{"appName": "패키지 설치 프로그램", "usage": 0},
				{"appName": "Samsung Health", "usage": 0},
				{"appName": "Paco", "usage": 0},
				{"appName": "Most", "usage": 0},
				{"appName": "삼성 캡처", "usage": 0},
				{"appName": "설정", "usage": 0},
				{"appName": "디바이스 케어", "usage": 0},
				{"appName": "T멤버십", "usage": 0},
				{"appName": "KAIST 전자식복무관리시스템", "usage": 0},
				{"appName": "시계", "usage": 0},
				{"appName": "Logger", "usage": 0},
				{"appName": "안드로이드 시스템", "usage": 0},
				{"appName": "드라이브", "usage": 0},
				{"appName": "접근성", "usage": 0},
				{"appName": "게임런처", "usage": 0},
				{"appName": "Netflix", "usage": 0},
				{"appName": "원스토어", "usage": 0},
				{"appName": "신한카드", "usage": 0},
				{"appName": "원터치알림", "usage": 0}
			]
		},
		"avgTime": {
			"usage": 3,
			"details": [
				{"appName": "Instagram", "usage": 2},
				{"appName": "Cookie Run: OvenBreak", "usage": 1},
				{"appName": "메시지", "usage": 0},
				{"appName": "Chrome", "usage": 0},
				{"appName": "이메일", "usage": 0},
				{"appName": "Dropbox", "usage": 0},
				{"appName": "음성 녹음", "usage": 0},
				{"appName": "T전화", "usage": 0},
				{"appName": "뱅크샐러드", "usage": 0},
				{"appName": "AIA Vitality T건강걷기", "usage": 0},
				{"appName": "토스", "usage": 0},
				{"appName": "Samsung Health", "usage": 0},
				{"appName": "갤러리", "usage": 0},
				{"appName": "카카오톡", "usage": 0},
				{"appName": "Samsung Pay", "usage": 0},
				{"appName": "카메라", "usage": 0},
				{"appName": "Microsoft Health", "usage": 0},
				{"appName": "KAIST 전자식복무관리시스템", "usage": 0},
				{"appName": "Most", "usage": 0},
				{"appName": "Polar Beat", "usage": 0},
				{"appName": "전화", "usage": 0},
				{"appName": "Google Play 스토어", "usage": 0},
				{"appName": "내 파일", "usage": 0},
				{"appName": "T멤버십", "usage": 0},
				{"appName": "Paco", "usage": 0},
				{"appName": "ABC Logger", "usage": 0},
				{"appName": "신한 쏠(SOL)", "usage": 0},
				{"appName": "우리카드", "usage": 0},
				{"appName": "Dropsync", "usage": 0},
				{"appName": "삼성 캡처", "usage": 0},
				{"appName": "Samsung Experience 홈", "usage": 0},
				{"appName": "디바이스 케어", "usage": 0},
				{"appName": "안드로이드 시스템", "usage": 0},
				{"appName": "설정", "usage": 0},
				{"appName": "시계", "usage": 0},
				{"appName": "패키지 설치 프로그램", "usage": 0},
				{"appName": "첫화면 상식", "usage": 0},
				{"appName": "Logger", "usage": 0},
				{"appName": "드라이브", "usage": 0},
				{"appName": "게임런처", "usage": 0},
				{"appName": "Netflix", "usage": 0},
				{"appName": "접근성", "usage": 0},
				{"appName": "원스토어", "usage": 0},
				{"appName": "신한카드", "usage": 0},
				{"appName": "원터치알림", "usage": 0}
			]
		},
		"lastPickup": {"time": 0}
	},
	{
		"date": 3,
		"totalTime": {
			"usage": 589,
			"details": [
				{"appName": "카카오톡", "usage": 309},
				{"appName": "T map", "usage": 83},
				{"appName": "메시지", "usage": 57},
				{"appName": "Polar Beat", "usage": 18},
				{"appName": "첫화면 상식", "usage": 16},
				{"appName": "Samsung Experience 홈", "usage": 15},
				{"appName": "시계", "usage": 11},
				{"appName": "설정", "usage": 8},
				{"appName": "토스", "usage": 7},
				{"appName": "신한카드", "usage": 7},
				{"appName": "스타벅스", "usage": 7},
				{"appName": "Paco", "usage": 5},
				{"appName": "이메일", "usage": 5},
				{"appName": "Chrome", "usage": 3},
				{"appName": "T전화", "usage": 3},
				{"appName": "Samsung Pay", "usage": 3},
				{"appName": "Gmail", "usage": 2},
				{"appName": "Instagram", "usage": 2},
				{"appName": "내 파일", "usage": 2},
				{"appName": "Dropbox", "usage": 2},
				{"appName": "신한 쏠(SOL)", "usage": 1},
				{"appName": "Samsung Notes", "usage": 1},
				{"appName": "Melon", "usage": 1},
				{"appName": "카카오맵", "usage": 1},
				{"appName": "Logger", "usage": 1},
				{"appName": "삼성 캡처", "usage": 1},
				{"appName": "Dropsync", "usage": 0},
				{"appName": "디바이스 케어", "usage": 0},
				{"appName": "Adobe Acrobat", "usage": 0},
				{"appName": "음성 녹음", "usage": 0},
				{"appName": "Google Play 스토어", "usage": 0},
				{"appName": "The Day Before", "usage": 0},
				{"appName": "KAIST 전자식복무관리시스템", "usage": 0},
				{"appName": "안드로이드 시스템", "usage": 0},
				{"appName": "접근성", "usage": 0},
				{"appName": "카메라", "usage": 0},
				{"appName": "전화", "usage": 0},
				{"appName": "배달의민족", "usage": 0},
				{"appName": "원터치알림", "usage": 0},
				{"appName": "패키지 설치 프로그램", "usage": 0},
				{"appName": "Google Play 서비스", "usage": 0}
			]
		},
		"pickups": {"usage": 109},
		"downTime": {
			"usage": [
				{"hour": "0", "usage": 1},
				{"hour": "1", "usage": 31},
				{"hour": "2", "usage": 27},
				{"hour": "3", "usage": 29},
				{"hour": "4", "usage": 44},
				{"hour": "5", "usage": 23},
				{"hour": "6", "usage": 35},
				{"hour": "7", "usage": 35},
				{"hour": "8", "usage": 53},
				{"hour": "9", "usage": 37},
				{"hour": "10", "usage": 26},
				{"hour": "11", "usage": 23},
				{"hour": "12", "usage": 24},
				{"hour": "13", "usage": 22},
				{"hour": "14", "usage": 55},
				{"hour": "15", "usage": 59},
				{"hour": "16", "usage": 33},
				{"hour": "17", "usage": 7},
				{"hour": "22", "usage": 4},
				{"hour": "23", "usage": 11}
			],
			"details": [
				{"appName": "첫화면 상식", "usage": [0, 1, 2, 3, 4, 5, 6, 7, 8, 9, 10, 11, 12, 13, 14, 15, 16, 17, 22, 23]},
				{"appName": "Samsung Experience 홈", "usage": [0, 1, 2, 3, 4, 5, 6, 7, 8, 9, 10, 11, 12, 13, 14, 15, 16, 17]},
				{"appName": "카카오톡", "usage": [1, 2, 3, 4, 5, 6, 7, 8, 9, 10, 12, 13, 14, 15, 16, 17]},
				{"appName": "Paco", "usage": [1, 2, 3, 5, 6, 7, 8, 9, 10, 12]},
				{"appName": "메시지", "usage": [1, 3, 5, 6, 7, 8, 9, 13, 14]},
				{"appName": "시계", "usage": [3, 5, 7, 12, 14, 17, 22, 23]},
				{"appName": "설정", "usage": [2, 3, 4, 5, 7, 8, 12, 13]},
				{"appName": "Logger", "usage": [0, 2, 3, 5, 8, 12]},
				{"appName": "패키지 설치 프로그램", "usage": [0, 2, 3, 5, 12]},
				{"appName": "접근성", "usage": [2, 3, 5, 8, 12]},
				{"appName": "삼성 캡처", "usage": [3, 4, 6, 7, 13]},
				{"appName": "이메일", "usage": [5, 8, 9, 15]},
				{"appName": "T map", "usage": [8, 10, 11, 12]},
				{"appName": "안드로이드 시스템", "usage": [6, 8, 9]},
				{"appName": "Samsung Pay", "usage": [1, 4, 9]},
				{"appName": "Polar Beat", "usage": [3, 9, 12]},
				{"appName": "Chrome", "usage": [3, 9, 13]},
				{"appName": "전화", "usage": [6, 8]},
				{"appName": "음성 녹음", "usage": [3, 14]},
				{"appName": "원터치알림", "usage": [9, 14]},
				{"appName": "스타벅스", "usage": [1, 4]},
				{"appName": "내 파일", "usage": [2, 9]},
				{"appName": "T전화", "usage": [5, 12]},
				{"appName": "Samsung Notes", "usage": [12, 13]},
				{"appName": "Instagram", "usage": [6, 7]},
				{"appName": "Gmail", "usage": [8, 9]},
				{"appName": "토스", "usage": [14]},
				{"appName": "카카오맵", "usage": [9]},
				{"appName": "카메라", "usage": [5]},
				{"appName": "신한카드", "usage": [7]},
				{"appName": "신한 쏠(SOL)", "usage": [7]},
				{"appName": "배달의민족", "usage": [4]},
				{"appName": "디바이스 케어", "usage": [13]},
				{"appName": "The Day Before", "usage": [3]},
				{"appName": "Melon", "usage": [4]},
				{"appName": "KAIST 전자식복무관리시스템", "usage": [12]},
				{"appName": "Google Play 스토어", "usage": [14]},
				{"appName": "Google Play 서비스", "usage": [3]},
				{"appName": "Dropsync", "usage": [7]},
				{"appName": "Dropbox", "usage": [5]},
				{"appName": "Adobe Acrobat", "usage": [9]}
			]
		},
		"maxTime": {
			"usage": 79,
			"details": [
				{"appName": "카카오톡", "usage": 42},
				{"appName": "T map", "usage": 22},
				{"appName": "Polar Beat", "usage": 17},
				{"appName": "메시지", "usage": 5},
				{"appName": "신한카드", "usage": 5},
				{"appName": "시계", "usage": 4},
				{"appName": "토스", "usage": 2},
				{"appName": "Instagram", "usage": 2},
				{"appName": "스타벅스", "usage": 2},
				{"appName": "Dropbox", "usage": 2},
				{"appName": "이메일", "usage": 1},
				{"appName": "Melon", "usage": 1},
				{"appName": "내 파일", "usage": 1},
				{"appName": "Gmail", "usage": 1},
				{"appName": "Chrome", "usage": 1},
				{"appName": "카카오맵", "usage": 1},
				{"appName": "Samsung Notes", "usage": 1},
				{"appName": "Samsung Pay", "usage": 1},
				{"appName": "첫화면 상식", "usage": 1},
				{"appName": "Paco", "usage": 1},
				{"appName": "Samsung Experience 홈", "usage": 1},
				{"appName": "설정", "usage": 0},
				{"appName": "Logger", "usage": 0},
				{"appName": "T전화", "usage": 0},
				{"appName": "신한 쏠(SOL)", "usage": 0},
				{"appName": "Adobe Acrobat", "usage": 0},
				{"appName": "Dropsync", "usage": 0},
				{"appName": "KAIST 전자식복무관리시스템", "usage": 0},
				{"appName": "디바이스 케어", "usage": 0},
				{"appName": "삼성 캡처", "usage": 0},
				{"appName": "Google Play 스토어", "usage": 0},
				{"appName": "음성 녹음", "usage": 0},
				{"appName": "The Day Before", "usage": 0},
				{"appName": "안드로이드 시스템", "usage": 0},
				{"appName": "카메라", "usage": 0},
				{"appName": "접근성", "usage": 0},
				{"appName": "원터치알림", "usage": 0},
				{"appName": "배달의민족", "usage": 0},
				{"appName": "전화", "usage": 0},
				{"appName": "Google Play 서비스", "usage": 0},
				{"appName": "패키지 설치 프로그램", "usage": 0}
			]
		},
		"avgTime": {
			"usage": 5,
			"details": [
				{"appName": "T map", "usage": 2},
				{"appName": "Polar Beat", "usage": 2},
				{"appName": "Dropbox", "usage": 1},
				{"appName": "Gmail", "usage": 0},
				{"appName": "신한카드", "usage": 0},
				{"appName": "메시지", "usage": 0},
				{"appName": "Instagram", "usage": 0},
				{"appName": "내 파일", "usage": 0},
				{"appName": "카카오맵", "usage": 0},
				{"appName": "Samsung Pay", "usage": 0},
				{"appName": "Melon", "usage": 0},
				{"appName": "카카오톡", "usage": 0},
				{"appName": "이메일", "usage": 0},
				{"appName": "시계", "usage": 0},
				{"appName": "Samsung Notes", "usage": 0},
				{"appName": "Chrome", "usage": 0},
				{"appName": "KAIST 전자식복무관리시스템", "usage": 0},
				{"appName": "토스", "usage": 0},
				{"appName": "Paco", "usage": 0},
				{"appName": "스타벅스", "usage": 0},
				{"appName": "T전화", "usage": 0},
				{"appName": "설정", "usage": 0},
				{"appName": "음성 녹음", "usage": 0},
				{"appName": "Adobe Acrobat", "usage": 0},
				{"appName": "신한 쏠(SOL)", "usage": 0},
				{"appName": "디바이스 케어", "usage": 0},
				{"appName": "The Day Before", "usage": 0},
				{"appName": "첫화면 상식", "usage": 0},
				{"appName": "삼성 캡처", "usage": 0},
				{"appName": "Logger", "usage": 0},
				{"appName": "안드로이드 시스템", "usage": 0},
				{"appName": "Samsung Experience 홈", "usage": 0},
				{"appName": "Dropsync", "usage": 0},
				{"appName": "카메라", "usage": 0},
				{"appName": "Google Play 서비스", "usage": 0},
				{"appName": "Google Play 스토어", "usage": 0},
				{"appName": "전화", "usage": 0},
				{"appName": "접근성", "usage": 0},
				{"appName": "배달의민족", "usage": 0},
				{"appName": "원터치알림", "usage": 0},
				{"appName": "패키지 설치 프로그램", "usage": 0}
			]
		},
		"lastPickup": {"time": 1}
	},
	{
		"date": 4,
		"totalTime": {
			"usage": 321,
			"details": [
				{"appName": "카카오톡", "usage": 191},
				{"appName": "메시지", "usage": 24},
				{"appName": "Chrome", "usage": 18},
				{"appName": "첫화면 상식", "usage": 14},
				{"appName": "배달의민족", "usage": 12},
				{"appName": "Samsung Experience 홈", "usage": 10},
				{"appName": "음성 녹음", "usage": 7},
				{"appName": "T전화", "usage": 6},
				{"appName": "Paco", "usage": 4},
				{"appName": "시계", "usage": 4},
				{"appName": "Cookie Run: OvenBreak", "usage": 3},
				{"appName": "Instagram", "usage": 3},
				{"appName": "설정", "usage": 3},
				{"appName": "영웅문S", "usage": 2},
				{"appName": "이메일", "usage": 2},
				{"appName": "Polar Beat", "usage": 1},
				{"appName": "Melon", "usage": 1},
				{"appName": "토스", "usage": 1},
				{"appName": "Samsung Members", "usage": 1},
				{"appName": "게임런처", "usage": 0},
				{"appName": "Samsung Pay", "usage": 0},
				{"appName": "Logger", "usage": 0},
				{"appName": "ISP/페이북", "usage": 0},
				{"appName": "KAIST 전자식복무관리시스템", "usage": 0},
				{"appName": "접근성", "usage": 0},
				{"appName": "삼성 캡처", "usage": 0},
				{"appName": "Google Play 스토어", "usage": 0},
				{"appName": "안드로이드 시스템", "usage": 0},
				{"appName": "OK Cashbag", "usage": 0},
				{"appName": "패키지 설치 프로그램", "usage": 0},
				{"appName": "갤러리", "usage": 0},
				{"appName": "전화", "usage": 0},
				{"appName": "Google", "usage": 0},
				{"appName": "우리카드", "usage": 0},
				{"appName": "신한카드", "usage": 0}
			]
		},
		"pickups": {"usage": 127},
		"downTime": {
			"usage": [
				{"hour": "0", "usage": 16},
				{"hour": "1", "usage": 6},
				{"hour": "2", "usage": 0},
				{"hour": "3", "usage": 14},
				{"hour": "4", "usage": 22},
				{"hour": "5", "usage": 4},
				{"hour": "6", "usage": 34},
				{"hour": "7", "usage": 24},
				{"hour": "8", "usage": 11},
				{"hour": "9", "usage": 32},
				{"hour": "10", "usage": 23},
				{"hour": "11", "usage": 1},
				{"hour": "12", "usage": 14},
				{"hour": "13", "usage": 3},
				{"hour": "14", "usage": 26},
				{"hour": "15", "usage": 55},
				{"hour": "16", "usage": 5},
				{"hour": "19", "usage": 23}
			],
			"details": [
				{"appName": "첫화면 상식", "usage": [0, 1, 2, 3, 4, 5, 6, 7, 8, 9, 10, 11, 12, 13, 14, 15, 16, 17, 19]},
				{"appName": "Samsung Experience 홈", "usage": [0, 1, 2, 3, 4, 5, 6, 7, 8, 9, 10, 11, 12, 14, 15, 16, 19]},
				{"appName": "카카오톡", "usage": [0, 4, 5, 6, 7, 8, 9, 10, 11, 12, 13, 14, 15, 16, 19]},
				{"appName": "설정", "usage": [3, 6, 7, 8, 9, 11, 12, 14]},
				{"appName": "메시지", "usage": [0, 3, 4, 6, 9, 10, 12, 13]},
				{"appName": "Paco", "usage": [1, 2, 4, 6, 8, 10, 12, 14]},
				{"appName": "이메일", "usage": [0, 1, 7, 12, 14]},
				{"appName": "Polar Beat", "usage": [0, 2, 7, 12, 14]},
				{"appName": "패키지 설치 프로그램", "usage": [6, 7, 12, 14]},
				{"appName": "접근성", "usage": [6, 8, 12, 14]},
				{"appName": "시계", "usage": [0, 1, 5, 12]},
				{"appName": "Logger", "usage": [6, 8, 12, 14]},
				{"appName": "안드로이드 시스템", "usage": [5, 6, 15]},
				{"appName": "배달의민족", "usage": [7, 8, 9]},
				{"appName": "Samsung Pay", "usage": [6, 8, 19]},
				{"appName": "Melon", "usage": [6, 8, 15]},
				{"appName": "전화", "usage": [11, 12]},
				{"appName": "음성 녹음", "usage": [5, 6]},
				{"appName": "삼성 캡처", "usage": [7, 15]},
				{"appName": "KAIST 전자식복무관리시스템", "usage": [0, 12]},
				{"appName": "Chrome", "usage": [11, 19]},
				{"appName": "토스", "usage": [4]},
				{"appName": "우리카드", "usage": [3]},
				{"appName": "영웅문S", "usage": [4]},
				{"appName": "신한카드", "usage": [17]},
				{"appName": "게임런처", "usage": [8]},
				{"appName": "갤러리", "usage": [7]},
				{"appName": "T전화", "usage": [6]},
				{"appName": "Samsung Members", "usage": [7]},
				{"appName": "OK Cashbag", "usage": [4]},
				{"appName": "Instagram", "usage": [19]},
				{"appName": "ISP/페이북", "usage": [7]},
				{"appName": "Google Play 스토어", "usage": [9]},
				{"appName": "Google", "usage": [6]},
				{"appName": "Cookie Run: OvenBreak", "usage": [8]}
			]
		},
		"maxTime": {
			"usage": 49,
			"details": [
				{"appName": "카카오톡", "usage": 23},
				{"appName": "Chrome", "usage": 11},
				{"appName": "메시지", "usage": 6},
				{"appName": "T전화", "usage": 5},
				{"appName": "Cookie Run: OvenBreak", "usage": 3},
				{"appName": "시계", "usage": 3},
				{"appName": "Instagram", "usage": 3},
				{"appName": "영웅문S", "usage": 2},
				{"appName": "음성 녹음", "usage": 2},
				{"appName": "배달의민족", "usage": 1},
				{"appName": "첫화면 상식", "usage": 1},
				{"appName": "토스", "usage": 1},
				{"appName": "설정", "usage": 1},
				{"appName": "Paco", "usage": 1},
				{"appName": "Melon", "usage": 0},
				{"appName": "이메일", "usage": 0},
				{"appName": "Polar Beat", "usage": 0},
				{"appName": "Samsung Experience 홈", "usage": 0},
				{"appName": "게임런처", "usage": 0},
				{"appName": "Samsung Members", "usage": 0},
				{"appName": "Logger", "usage": 0},
				{"appName": "KAIST 전자식복무관리시스템", "usage": 0},
				{"appName": "Samsung Pay", "usage": 0},
				{"appName": "접근성", "usage": 0},
				{"appName": "ISP/페이북", "usage": 0},
				{"appName": "Google Play 스토어", "usage": 0},
				{"appName": "삼성 캡처", "usage": 0},
				{"appName": "갤러리", "usage": 0},
				{"appName": "패키지 설치 프로그램", "usage": 0},
				{"appName": "안드로이드 시스템", "usage": 0},
				{"appName": "OK Cashbag", "usage": 0},
				{"appName": "전화", "usage": 0},
				{"appName": "Google", "usage": 0},
				{"appName": "우리카드", "usage": 0},
				{"appName": "신한카드", "usage": 0}
			]
		},
		"avgTime": {
			"usage": 2,
			"details": [
				{"appName": "Chrome", "usage": 4},
				{"appName": "Cookie Run: OvenBreak", "usage": 3},
				{"appName": "Instagram", "usage": 3},
				{"appName": "영웅문S", "usage": 2},
				{"appName": "T전화", "usage": 1},
				{"appName": "메시지", "usage": 1},
				{"appName": "음성 녹음", "usage": 0},
				{"appName": "카카오톡", "usage": 0},
				{"appName": "시계", "usage": 0},
				{"appName": "배달의민족", "usage": 0},
				{"appName": "KAIST 전자식복무관리시스템", "usage": 0},
				{"appName": "게임런처", "usage": 0},
				{"appName": "Paco", "usage": 0},
				{"appName": "토스", "usage": 0},
				{"appName": "설정", "usage": 0},
				{"appName": "Samsung Pay", "usage": 0},
				{"appName": "Melon", "usage": 0},
				{"appName": "이메일", "usage": 0},
				{"appName": "삼성 캡처", "usage": 0},
				{"appName": "Samsung Members", "usage": 0},
				{"appName": "Polar Beat", "usage": 0},
				{"appName": "갤러리", "usage": 0},
				{"appName": "안드로이드 시스템", "usage": 0},
				{"appName": "ISP/페이북", "usage": 0},
				{"appName": "Samsung Experience 홈", "usage": 0},
				{"appName": "첫화면 상식", "usage": 0},
				{"appName": "Logger", "usage": 0},
				{"appName": "Google Play 스토어", "usage": 0},
				{"appName": "접근성", "usage": 0},
				{"appName": "OK Cashbag", "usage": 0},
				{"appName": "패키지 설치 프로그램", "usage": 0},
				{"appName": "전화", "usage": 0},
				{"appName": "Google", "usage": 0},
				{"appName": "우리카드", "usage": 0},
				{"appName": "신한카드", "usage": 0}
			]
		},
		"lastPickup": {"time": 23}
	},
	{
		"date": 5,
		"totalTime": {
			"usage": 285,
			"details": [
				{"appName": "카카오톡", "usage": 100},
				{"appName": "T map", "usage": 78},
				{"appName": "메시지", "usage": 15},
				{"appName": "Netflix", "usage": 15},
				{"appName": "Polar Beat", "usage": 13},
				{"appName": "Samsung Experience 홈", "usage": 11},
				{"appName": "첫화면 상식", "usage": 7},
				{"appName": "Chrome", "usage": 5},
				{"appName": "Most", "usage": 5},
				{"appName": "Paco", "usage": 4},
				{"appName": "마카롱", "usage": 3},
				{"appName": "Melon", "usage": 3},
				{"appName": "갤러리", "usage": 2},
				{"appName": "뱅크샐러드", "usage": 2},
				{"appName": "KIA고객앱", "usage": 1},
				{"appName": "Cookie Run: OvenBreak", "usage": 1},
				{"appName": "패키지 설치 프로그램", "usage": 1},
				{"appName": "Samsung Pay", "usage": 1},
				{"appName": "지도", "usage": 1},
				{"appName": "카메라", "usage": 1},
				{"appName": "원터치개인", "usage": 1},
				{"appName": "해피포인트", "usage": 1},
				{"appName": "OK Cashbag", "usage": 0},
				{"appName": "스타벅스", "usage": 0},
				{"appName": "Samsung Notes", "usage": 0},
				{"appName": "Logger", "usage": 0},
				{"appName": "ISP/페이북", "usage": 0},
				{"appName": "설정", "usage": 0},
				{"appName": "시계", "usage": 0},
				{"appName": "리마인더", "usage": 0},
				{"appName": "게임런처", "usage": 0},
				{"appName": "접근성", "usage": 0},
				{"appName": "안드로이드 시스템", "usage": 0},
				{"appName": "원터치알림", "usage": 0},
				{"appName": "YouTube", "usage": 0},
				{"appName": "T 안심", "usage": 0}
			]
		},
		"pickups": {"usage": 68},
		"downTime": {
			"usage": [
				{"hour": "2", "usage": 2},
				{"hour": "4", "usage": 39},
				{"hour": "5", "usage": 18},
				{"hour": "6", "usage": 44},
				{"hour": "7", "usage": 49},
				{"hour": "8", "usage": 7},
				{"hour": "9", "usage": 24},
				{"hour": "10", "usage": 12},
				{"hour": "11", "usage": 18},
				{"hour": "12", "usage": 5},
				{"hour": "13", "usage": 4},
				{"hour": "14", "usage": 2},
				{"hour": "15", "usage": 48},
				{"hour": "18", "usage": 5},
				{"hour": "21", "usage": 0}
			],
			"details": [
				{"appName": "첫화면 상식", "usage": [2, 4, 5, 6, 7, 8, 9, 10, 11, 12, 13, 14, 15, 17, 18, 21, 22]},
				{"appName": "Samsung Experience 홈", "usage": [2, 4, 5, 6, 7, 8, 9, 10, 11, 12, 13, 14, 15, 18, 21]},
				{"appName": "카카오톡", "usage": [2, 4, 5, 6, 7, 8, 9, 10, 11, 12, 13, 15, 21]},
				{"appName": "Paco", "usage": [2, 4, 5, 6, 7, 9, 11, 12, 15]},
				{"appName": "T map", "usage": [5, 6, 7, 9, 10, 15]},
				{"appName": "Polar Beat", "usage": [5, 7, 8, 9, 11, 15]},
				{"appName": "설정", "usage": [5, 8, 9, 11, 15]},
				{"appName": "갤러리", "usage": [4, 7, 8, 11, 12]},
				{"appName": "Melon", "usage": [6, 9, 14, 15]},
				{"appName": "Chrome", "usage": [5, 6, 7, 18]},
				{"appName": "패키지 설치 프로그램", "usage": [5, 15, 18]},
				{"appName": "접근성", "usage": [5, 11, 15]},
				{"appName": "Logger", "usage": [5, 11, 15]},
				{"appName": "카메라", "usage": [11, 12]},
				{"appName": "지도", "usage": [5, 6]},
				{"appName": "메시지", "usage": [7, 8]},
				{"appName": "T 안심", "usage": [17, 18]},
				{"appName": "Samsung Pay", "usage": [6, 10]},
				{"appName": "Samsung Notes", "usage": [7, 15]},
				{"appName": "해피포인트", "usage": [5]},
				{"appName": "원터치알림", "usage": [7]},
				{"appName": "원터치개인", "usage": [7]},
				{"appName": "안드로이드 시스템", "usage": [7]},
				{"appName": "시계", "usage": [18]},
				{"appName": "스타벅스", "usage": [10]},
				{"appName": "뱅크샐러드", "usage": [4]},
				{"appName": "마카롱", "usage": [7]},
				{"appName": "리마인더", "usage": [6]},
				{"appName": "게임런처", "usage": [5]},
				{"appName": "YouTube", "usage": [18]},
				{"appName": "OK Cashbag", "usage": [8]},
				{"appName": "Netflix", "usage": [6]},
				{"appName": "Most", "usage": [7]},
				{"appName": "KIA고객앱", "usage": [7]},
				{"appName": "ISP/페이북", "usage": [7]},
				{"appName": "Cookie Run: OvenBreak", "usage": [5]}
			]
		},
		"maxTime": {
			"usage": 38,
			"details": [
				{"appName": "T map", "usage": 16},
				{"appName": "Netflix", "usage": 14},
				{"appName": "Polar Beat", "usage": 13},
				{"appName": "카카오톡", "usage": 10},
				{"appName": "메시지", "usage": 7},
				{"appName": "Chrome", "usage": 2},
				{"appName": "갤러리", "usage": 2},
				{"appName": "뱅크샐러드", "usage": 1},
				{"appName": "Paco", "usage": 1},
				{"appName": "Cookie Run: OvenBreak", "usage": 1},
				{"appName": "Most", "usage": 1},
				{"appName": "지도", "usage": 1},
				{"appName": "마카롱", "usage": 1},
				{"appName": "첫화면 상식", "usage": 1},
				{"appName": "패키지 설치 프로그램", "usage": 1},
				{"appName": "카메라", "usage": 0},
				{"appName": "Samsung Experience 홈", "usage": 0},
				{"appName": "Samsung Pay", "usage": 0},
				{"appName": "Melon", "usage": 0},
				{"appName": "KIA고객앱", "usage": 0},
				{"appName": "원터치개인", "usage": 0},
				{"appName": "Logger", "usage": 0},
				{"appName": "시계", "usage": 0},
				{"appName": "OK Cashbag", "usage": 0},
				{"appName": "해피포인트", "usage": 0},
				{"appName": "Samsung Notes", "usage": 0},
				{"appName": "스타벅스", "usage": 0},
				{"appName": "ISP/페이북", "usage": 0},
				{"appName": "리마인더", "usage": 0},
				{"appName": "설정", "usage": 0},
				{"appName": "안드로이드 시스템", "usage": 0},
				{"appName": "게임런처", "usage": 0},
				{"appName": "원터치알림", "usage": 0},
				{"appName": "접근성", "usage": 0},
				{"appName": "T 안심", "usage": 0},
				{"appName": "YouTube", "usage": 0}
			]
		},
		"avgTime": {
			"usage": 4,
			"details": [
				{"appName": "Netflix", "usage": 3},
				{"appName": "메시지", "usage": 3},
				{"appName": "T map", "usage": 1},
				{"appName": "Cookie Run: OvenBreak", "usage": 1},
				{"appName": "Polar Beat", "usage": 0},
				{"appName": "지도", "usage": 0},
				{"appName": "Chrome", "usage": 0},
				{"appName": "갤러리", "usage": 0},
				{"appName": "시계", "usage": 0},
				{"appName": "뱅크샐러드", "usage": 0},
				{"appName": "Samsung Pay", "usage": 0},
				{"appName": "카카오톡", "usage": 0},
				{"appName": "마카롱", "usage": 0},
				{"appName": "카메라", "usage": 0},
				{"appName": "Paco", "usage": 0},
				{"appName": "Most", "usage": 0},
				{"appName": "Melon", "usage": 0},
				{"appName": "해피포인트", "usage": 0},
				{"appName": "패키지 설치 프로그램", "usage": 0},
				{"appName": "원터치개인", "usage": 0},
				{"appName": "OK Cashbag", "usage": 0},
				{"appName": "스타벅스", "usage": 0},
				{"appName": "Samsung Notes", "usage": 0},
				{"appName": "Logger", "usage": 0},
				{"appName": "Samsung Experience 홈", "usage": 0},
				{"appName": "KIA고객앱", "usage": 0},
				{"appName": "안드로이드 시스템", "usage": 0},
				{"appName": "리마인더", "usage": 0},
				{"appName": "ISP/페이북", "usage": 0},
				{"appName": "첫화면 상식", "usage": 0},
				{"appName": "설정", "usage": 0},
				{"appName": "원터치알림", "usage": 0},
				{"appName": "게임런처", "usage": 0},
				{"appName": "접근성", "usage": 0},
				{"appName": "YouTube", "usage": 0},
				{"appName": "T 안심", "usage": 0}
			]
		},
		"lastPickup": {"time": 0}
	},
	{
		"date": 6,
		"totalTime": {
			"usage": 238,
			"details": [
				{"appName": "카카오톡", "usage": 81},
				{"appName": "自走棋测试服", "usage": 66},
				{"appName": "첫화면 상식", "usage": 18},
				{"appName": "갤러리", "usage": 14},
				{"appName": "Samsung Experience 홈", "usage": 10},
				{"appName": "음성 녹음", "usage": 10},
				{"appName": "Chrome", "usage": 7},
				{"appName": "Paco", "usage": 4},
				{"appName": "마카롱", "usage": 3},
				{"appName": "카메라", "usage": 3},
				{"appName": "우리카드", "usage": 2},
				{"appName": "이메일", "usage": 1},
				{"appName": "Samsung Pay", "usage": 1},
				{"appName": "Cookie Run: OvenBreak", "usage": 1},
				{"appName": "YouTube", "usage": 1},
				{"appName": "T전화", "usage": 0},
				{"appName": "Most", "usage": 0},
				{"appName": "Polar Beat", "usage": 0},
				{"appName": "비디오 플레이어", "usage": 0},
				{"appName": "설정", "usage": 0},
				{"appName": "메시지", "usage": 0},
				{"appName": "원터치알림", "usage": 0},
				{"appName": "시계", "usage": 0},
				{"appName": "안드로이드 시스템", "usage": 0},
				{"appName": "Logger", "usage": 0},
				{"appName": "Google Play 서비스", "usage": 0},
				{"appName": "접근성", "usage": 0},
				{"appName": "패키지 설치 프로그램", "usage": 0}
			]
		},
		"pickups": {"usage": 127},
		"downTime": {
			"usage": [
				{"hour": "2", "usage": 23},
				{"hour": "3", "usage": 35},
				{"hour": "4", "usage": 17},
				{"hour": "5", "usage": 15},
				{"hour": "6", "usage": 29},
				{"hour": "7", "usage": 5},
				{"hour": "8", "usage": 29},
				{"hour": "9", "usage": 12},
				{"hour": "10", "usage": 10},
				{"hour": "11", "usage": 12},
				{"hour": "12", "usage": 13},
				{"hour": "13", "usage": 7},
				{"hour": "14", "usage": 7},
				{"hour": "15", "usage": 6},
				{"hour": "16", "usage": 3},
				{"hour": "17", "usage": 6},
				{"hour": "18", "usage": 1},
				{"hour": "20", "usage": 0},
				{"hour": "23", "usage": 0}
			],
			"details": [
				{"appName": "첫화면 상식", "usage": [2, 3, 4, 5, 6, 7, 8, 9, 10, 11, 12, 13, 14, 15, 16, 17, 18, 20, 23]},
				{"appName": "Samsung Experience 홈", "usage": [2, 3, 4, 5, 6, 7, 8, 9, 10, 11, 12, 13, 14, 15, 16, 17, 20]},
				{"appName": "카카오톡", "usage": [2, 3, 4, 5, 7, 8, 9, 10, 11, 12, 13, 14, 16, 17, 20]},
				{"appName": "Paco", "usage": [3, 4, 5, 7, 9, 10, 11, 12]},
				{"appName": "음성 녹음", "usage": [9, 10, 11, 12, 13, 20]},
				{"appName": "갤러리", "usage": [3, 8, 11, 12, 13, 17]},
				{"appName": "카메라", "usage": [8, 9, 11, 17]},
				{"appName": "自走棋测试服", "usage": [2, 3, 5, 6]},
				{"appName": "안드로이드 시스템", "usage": [11, 12, 13]},
				{"appName": "시계", "usage": [2, 9, 20]},
				{"appName": "설정", "usage": [4, 7, 11]},
				{"appName": "Polar Beat", "usage": [4, 7, 11]},
				{"appName": "Chrome", "usage": [2, 8, 17]},
				{"appName": "우리카드", "usage": [7, 8]},
				{"appName": "비디오 플레이어", "usage": [2, 3]},
				{"appName": "Samsung Pay", "usage": [9, 11]},
				{"appName": "패키지 설치 프로그램", "usage": [4]},
				{"appName": "접근성", "usage": [4]},
				{"appName": "이메일", "usage": [8]},
				{"appName": "원터치알림", "usage": [9]},
				{"appName": "메시지", "usage": [4]},
				{"appName": "마카롱", "usage": [14]},
				{"appName": "YouTube", "usage": [2]},
				{"appName": "T전화", "usage": [9]},
				{"appName": "Most", "usage": [14]},
				{"appName": "Logger", "usage": [4]},
				{"appName": "Google Play 서비스", "usage": [8]},
				{"appName": "Cookie Run: OvenBreak", "usage": [8]}
			]
		},
		"maxTime": {
			"usage": 42,
			"details": [
				{"appName": "自走棋测试服", "usage": 39},
				{"appName": "갤러리", "usage": 6},
				{"appName": "카카오톡", "usage": 4},
				{"appName": "Chrome", "usage": 3},
				{"appName": "음성 녹음", "usage": 2},
				{"appName": "이메일", "usage": 1},
				{"appName": "Cookie Run: OvenBreak", "usage": 1},
				{"appName": "Samsung Experience 홈", "usage": 1},
				{"appName": "첫화면 상식", "usage": 1},
				{"appName": "Paco", "usage": 1},
				{"appName": "마카롱", "usage": 0},
				{"appName": "Samsung Pay", "usage": 0},
				{"appName": "카메라", "usage": 0},
				{"appName": "T전화", "usage": 0},
				{"appName": "YouTube", "usage": 0},
				{"appName": "우리카드", "usage": 0},
				{"appName": "비디오 플레이어", "usage": 0},
				{"appName": "메시지", "usage": 0},
				{"appName": "설정", "usage": 0},
				{"appName": "Most", "usage": 0},
				{"appName": "Polar Beat", "usage": 0},
				{"appName": "원터치알림", "usage": 0},
				{"appName": "시계", "usage": 0},
				{"appName": "안드로이드 시스템", "usage": 0},
				{"appName": "Logger", "usage": 0},
				{"appName": "Google Play 서비스", "usage": 0},
				{"appName": "접근성", "usage": 0},
				{"appName": "패키지 설치 프로그램", "usage": 0}
			]
		},
		"avgTime": {
			"usage": 1,
			"details": [
				{"appName": "自走棋测试服", "usage": 5},
				{"appName": "이메일", "usage": 1},
				{"appName": "Cookie Run: OvenBreak", "usage": 1},
				{"appName": "갤러리", "usage": 0},
				{"appName": "Chrome", "usage": 0},
				{"appName": "음성 녹음", "usage": 0},
				{"appName": "카메라", "usage": 0},
				{"appName": "메시지", "usage": 0},
				{"appName": "YouTube", "usage": 0},
				{"appName": "비디오 플레이어", "usage": 0},
				{"appName": "카카오톡", "usage": 0},
				{"appName": "T전화", "usage": 0},
				{"appName": "Samsung Pay", "usage": 0},
				{"appName": "Paco", "usage": 0},
				{"appName": "마카롱", "usage": 0},
				{"appName": "우리카드", "usage": 0},
				{"appName": "설정", "usage": 0},
				{"appName": "Most", "usage": 0},
				{"appName": "원터치알림", "usage": 0},
				{"appName": "첫화면 상식", "usage": 0},
				{"appName": "Samsung Experience 홈", "usage": 0},
				{"appName": "시계", "usage": 0},
				{"appName": "안드로이드 시스템", "usage": 0},
				{"appName": "Polar Beat", "usage": 0},
				{"appName": "Google Play 서비스", "usage": 0},
				{"appName": "접근성", "usage": 0},
				{"appName": "Logger", "usage": 0},
				{"appName": "패키지 설치 프로그램", "usage": 0}
			]
		},
		"lastPickup": {"time": 0}
	},
	{
		"date": 7,
		"totalTime": {
			"usage": 233,
			"details": [
				{"appName": "카카오톡", "usage": 66},
				{"appName": "Samsung Experience 홈", "usage": 25},
				{"appName": "메시지", "usage": 16},
				{"appName": "첫화면 상식", "usage": 14},
				{"appName": "T map", "usage": 13},
				{"appName": "Instagram", "usage": 11},
				{"appName": "T전화", "usage": 9},
				{"appName": "Samsung Notes", "usage": 9},
				{"appName": "시계", "usage": 8},
				{"appName": "Dropbox", "usage": 7},
				{"appName": "설정", "usage": 6},
				{"appName": "펀드슈퍼마켓", "usage": 4},
				{"appName": "Google Play 스토어", "usage": 4},
				{"appName": "Paco", "usage": 4},
				{"appName": "ZUMO", "usage": 3},
				{"appName": "Microsoft Health", "usage": 3},
				{"appName": "Chrome", "usage": 3},
				{"appName": "이메일", "usage": 2},
				{"appName": "리마인더", "usage": 2},
				{"appName": "KAIST 전자식복무관리시스템", "usage": 2},
				{"appName": "블루투스", "usage": 1},
				{"appName": "전화", "usage": 1},
				{"appName": "Polar Beat", "usage": 1},
				{"appName": "내 파일", "usage": 1},
				{"appName": "Logger", "usage": 1},
				{"appName": "삼성 캡처", "usage": 0},
				{"appName": "연락처", "usage": 0},
				{"appName": "뱅크샐러드", "usage": 0},
				{"appName": "Samsung Pay", "usage": 0},
				{"appName": "Gmail", "usage": 0},
				{"appName": "Apps edge", "usage": 0},
				{"appName": "패키지 설치 프로그램", "usage": 0},
				{"appName": "접근성", "usage": 0},
				{"appName": "Smart​Things", "usage": 0},
				{"appName": "ABC Logger", "usage": 0},
				{"appName": "안드로이드 시스템", "usage": 0},
				{"appName": "Google", "usage": 0},
				{"appName": "우리카드", "usage": 0},
				{"appName": "원스토어", "usage": 0},
				{"appName": "신한카드", "usage": 0},
				{"appName": "The Day Before", "usage": 0}
			]
		},
		"pickups": {"usage": 105},
		"downTime": {
			"usage": [
				{"hour": "2", "usage": 14},
				{"hour": "5", "usage": 24},
				{"hour": "6", "usage": 11},
				{"hour": "7", "usage": 9},
				{"hour": "8", "usage": 19},
				{"hour": "9", "usage": 5},
				{"hour": "10", "usage": 13},
				{"hour": "11", "usage": 11},
				{"hour": "12", "usage": 12},
				{"hour": "13", "usage": 25},
				{"hour": "14", "usage": 35},
				{"hour": "15", "usage": 20},
				{"hour": "16", "usage": 3},
				{"hour": "17", "usage": 3},
				{"hour": "18", "usage": 1},
				{"hour": "20", "usage": 7},
				{"hour": "21", "usage": 13}
			],
			"details": [
				{"appName": "첫화면 상식", "usage": [2, 3, 5, 6, 7, 8, 9, 10, 11, 12, 13, 14, 15, 16, 17, 18, 20, 21]},
				{"appName": "Samsung Experience 홈", "usage": [2, 5, 6, 7, 8, 9, 10, 11, 12, 13, 14, 15, 16, 17, 18, 20, 21]},
				{"appName": "카카오톡", "usage": [2, 5, 6, 7, 8, 9, 10, 11, 12, 13, 14, 15, 16, 17, 21]},
				{"appName": "설정", "usage": [6, 7, 10, 11, 12, 13, 14]},
				{"appName": "Paco", "usage": [5, 6, 7, 8, 10, 12, 13]},
				{"appName": "패키지 설치 프로그램", "usage": [6, 7, 10, 13, 16, 20]},
				{"appName": "메시지", "usage": [9, 10, 11, 12, 13, 14]},
				{"appName": "시계", "usage": [2, 12, 18, 20, 21]},
				{"appName": "T전화", "usage": [11, 12, 13, 14, 15]},
				{"appName": "전화", "usage": [6, 7, 12, 13]},
				{"appName": "이메일", "usage": [5, 13, 20, 21]},
				{"appName": "접근성", "usage": [6, 7, 13]},
				{"appName": "Samsung Notes", "usage": [13, 14, 21]},
				{"appName": "Logger", "usage": [6, 7, 13]},
				{"appName": "Google Play 스토어", "usage": [5, 10, 15]},
				{"appName": "연락처", "usage": [14, 21]},
				{"appName": "블루투스", "usage": [13, 14]},
				{"appName": "뱅크샐러드", "usage": [7, 8]},
				{"appName": "ZUMO", "usage": [16, 17]},
				{"appName": "Polar Beat", "usage": [7, 13]},
				{"appName": "Instagram", "usage": [5, 21]},
				{"appName": "Dropbox", "usage": [14, 20]},
				{"appName": "Chrome", "usage": [5, 13]},
				{"appName": "Apps edge", "usage": [10, 11]},
				{"appName": "ABC Logger", "usage": [7, 13]},
				{"appName": "펀드슈퍼마켓", "usage": [21]},
				{"appName": "원스토어", "usage": [17]},
				{"appName": "우리카드", "usage": [10]},
				{"appName": "안드로이드 시스템", "usage": [14]},
				{"appName": "신한카드", "usage": [3]},
				{"appName": "삼성 캡처", "usage": [15]},
				{"appName": "리마인더", "usage": [12]},
				{"appName": "내 파일", "usage": [13]},
				{"appName": "The Day Before", "usage": [7]},
				{"appName": "T map", "usage": [15]},
				{"appName": "Smart​Things", "usage": [12]},
				{"appName": "Samsung Pay", "usage": [15]},
				{"appName": "Microsoft Health", "usage": [6]},
				{"appName": "KAIST 전자식복무관리시스템", "usage": [5]},
				{"appName": "Google", "usage": [6]},
				{"appName": "Gmail", "usage": [13]}
			]
		},
		"maxTime": {
			"usage": 24,
			"details": [
				{"appName": "Instagram", "usage": 7},
				{"appName": "T map", "usage": 6},
				{"appName": "시계", "usage": 4},
				{"appName": "카카오톡", "usage": 4},
				{"appName": "Samsung Notes", "usage": 3},
				{"appName": "Google Play 스토어", "usage": 3},
				{"appName": "메시지", "usage": 3},
				{"appName": "펀드슈퍼마켓", "usage": 2},
				{"appName": "Chrome", "usage": 2},
				{"appName": "T전화", "usage": 2},
				{"appName": "리마인더", "usage": 2},
				{"appName": "ZUMO", "usage": 1},
				{"appName": "블루투스", "usage": 1},
				{"appName": "KAIST 전자식복무관리시스템", "usage": 1},
				{"appName": "Dropbox", "usage": 1},
				{"appName": "Samsung Experience 홈", "usage": 1},
				{"appName": "내 파일", "usage": 1},
				{"appName": "설정", "usage": 1},
				{"appName": "첫화면 상식", "usage": 1},
				{"appName": "Microsoft Health", "usage": 1},
				{"appName": "이메일", "usage": 1},
				{"appName": "전화", "usage": 1},
				{"appName": "Paco", "usage": 1},
				{"appName": "Polar Beat", "usage": 0},
				{"appName": "삼성 캡처", "usage": 0},
				{"appName": "Logger", "usage": 0},
				{"appName": "Samsung Pay", "usage": 0},
				{"appName": "뱅크샐러드", "usage": 0},
				{"appName": "Gmail", "usage": 0},
				{"appName": "연락처", "usage": 0},
				{"appName": "Apps edge", "usage": 0},
				{"appName": "Smart​Things", "usage": 0},
				{"appName": "ABC Logger", "usage": 0},
				{"appName": "접근성", "usage": 0},
				{"appName": "안드로이드 시스템", "usage": 0},
				{"appName": "패키지 설치 프로그램", "usage": 0},
				{"appName": "Google", "usage": 0},
				{"appName": "우리카드", "usage": 0},
				{"appName": "원스토어", "usage": 0},
				{"appName": "신한카드", "usage": 0},
				{"appName": "The Day Before", "usage": 0}
			]
		},
		"avgTime": {
			"usage": 2,
			"details": [
				{"appName": "Instagram", "usage": 5},
				{"appName": "T map", "usage": 1},
				{"appName": "Chrome", "usage": 1},
				{"appName": "내 파일", "usage": 1},
				{"appName": "KAIST 전자식복무관리시스템", "usage": 1},
				{"appName": "블루투스", "usage": 0},
				{"appName": "리마인더", "usage": 0},
				{"appName": "Samsung Notes", "usage": 0},
				{"appName": "삼성 캡처", "usage": 0},
				{"appName": "이메일", "usage": 0},
				{"appName": "Microsoft Health", "usage": 0},
				{"appName": "시계", "usage": 0},
				{"appName": "Samsung Pay", "usage": 0},
				{"appName": "Gmail", "usage": 0},
				{"appName": "펀드슈퍼마켓", "usage": 0},
				{"appName": "T전화", "usage": 0},
				{"appName": "Dropbox", "usage": 0},
				{"appName": "ZUMO", "usage": 0},
				{"appName": "Google Play 스토어", "usage": 0},
				{"appName": "메시지", "usage": 0},
				{"appName": "설정", "usage": 0},
				{"appName": "카카오톡", "usage": 0},
				{"appName": "Apps edge", "usage": 0},
				{"appName": "Paco", "usage": 0},
				{"appName": "연락처", "usage": 0},
				{"appName": "전화", "usage": 0},
				{"appName": "Samsung Experience 홈", "usage": 0},
				{"appName": "Polar Beat", "usage": 0},
				{"appName": "뱅크샐러드", "usage": 0},
				{"appName": "Logger", "usage": 0},
				{"appName": "안드로이드 시스템", "usage": 0},
				{"appName": "첫화면 상식", "usage": 0},
				{"appName": "Smart​Things", "usage": 0},
				{"appName": "Google", "usage": 0},
				{"appName": "접근성", "usage": 0},
				{"appName": "ABC Logger", "usage": 0},
				{"appName": "패키지 설치 프로그램", "usage": 0},
				{"appName": "우리카드", "usage": 0},
				{"appName": "원스토어", "usage": 0},
				{"appName": "신한카드", "usage": 0},
				{"appName": "The Day Before", "usage": 0}
			]
		},
		"lastPickup": {"time": 20}
	}
]
