[
	{
		"date": 1,
		"totalTime": 475,
		"details": [
			{"appName": "카카오톡", "usage": 102},
			{"appName": "디시인사이드", "usage": 71},
			{"appName": "Study", "usage": 54},
			{"appName": "YouTube", "usage": 50},
			{"appName": "기본홈", "usage": 43},
			{"appName": "네이버 블로그", "usage": 37},
			{"appName": "Chrome", "usage": 25},
			{"appName": "통화 화면", "usage": 13},
			{"appName": "LIVE스코어", "usage": 12},
			{"appName": "NAVER", "usage": 10},
			{"appName": "네이버TV", "usage": 9},
			{"appName": "동영상", "usage": 6},
			{"appName": "Polaris Office", "usage": 4},
			{"appName": "KLMS", "usage": 4},
			{"appName": "카메라", "usage": 3},
			{"appName": "Paco", "usage": 3},
			{"appName": "Google", "usage": 2},
			{"appName": "캘린더", "usage": 1},
			{"appName": "주소록", "usage": 1},
			{"appName": "시스템 UI", "usage": 1},
			{"appName": "T멤버십", "usage": 1},
			{"appName": "Polar Beat", "usage": 1},
			{"appName": "Fitbit", "usage": 1},
			{"appName": "FatSecret", "usage": 1},
		]
	},
	{
		"date": 2,
		"totalTime": 260,
		"details": [
			{"appName": "카카오톡", "usage": 48},
			{"appName": "YouTube", "usage": 35},
			{"appName": "기본홈", "usage": 29},
			{"appName": "LIVE스코어", "usage": 24},
			{"appName": "디시인사이드", "usage": 19},
			{"appName": "Study", "usage": 15},
			{"appName": "통화 화면", "usage": 14},
			{"appName": "Chrome", "usage": 13},
			{"appName": "Puffin", "usage": 11},
			{"appName": "날씨", "usage": 10},
			{"appName": "카메라", "usage": 4},
			{"appName": "아이즈원 프라이빗 메일", "usage": 3},
			{"appName": "주소록", "usage": 2},
			{"appName": "동영상", "usage": 2},
			{"appName": "Polaris Office", "usage": 2},
			{"appName": "Google", "usage": 2},
			{"appName": "통화 서비스", "usage": 1},
			{"appName": "캘린더", "usage": 1},
			{"appName": "지도", "usage": 1},
			{"appName": "스터디헬퍼", "usage": 1},
			{"appName": "메시지", "usage": 1},
			{"appName": "네이버TV", "usage": 1},
			{"appName": "Paco", "usage": 1},
			{"appName": "NAVER", "usage": 1},
			{"appName": "KLMS", "usage": 1},
		]
	},
	{
		"date": 3,
		"totalTime": 175,
		"details": [
			{"appName": "YouTube", "usage": 41},
			{"appName": "기본홈", "usage": 25},
			{"appName": "LIVE스코어", "usage": 24},
			{"appName": "카카오톡", "usage": 15},
			{"appName": "Puffin", "usage": 11},
			{"appName": "디시인사이드", "usage": 10},
			{"appName": "Chrome", "usage": 10},
			{"appName": "Q메모+", "usage": 7},
			{"appName": "설정", "usage": 5},
			{"appName": "아이즈원 프라이빗 메일", "usage": 3},
			{"appName": "동영상", "usage": 2},
			{"appName": "Polaris Office", "usage": 2},
			{"appName": "Google", "usage": 2},
			{"appName": "통화 화면", "usage": 1},
			{"appName": "캘린더", "usage": 1},
			{"appName": "지도", "usage": 1},
			{"appName": "Paco", "usage": 1},
		]
	},
	{
		"date": 4,
		"totalTime": 0,
		"details": [
		]
	},
	{
		"date": 5,
		"totalTime": 0,
		"details": [
		]
	},
	{
		"date": 6,
		"totalTime": 501,
		"details": [
			{"appName": "하스스톤", "usage": 120},
			{"appName": "카카오톡", "usage": 67},
			{"appName": "기본홈", "usage": 31},
			{"appName": "Chrome", "usage": 30},
			{"appName": "YouTube", "usage": 26},
			{"appName": "통화 화면", "usage": 23},
			{"appName": "VIBE", "usage": 22},
			{"appName": "디시인사이드", "usage": 21},
			{"appName": "Study", "usage": 20},
			{"appName": "포토", "usage": 18},
			{"appName": "갤러리", "usage": 18},
			{"appName": "알람/시계", "usage": 15},
			{"appName": "아이즈원 오늘 뭐 했니?", "usage": 12},
			{"appName": "LIVE스코어", "usage": 10},
			{"appName": "아만다", "usage": 7},
			{"appName": "스터디헬퍼", "usage": 7},
			{"appName": "메시지", "usage": 7},
			{"appName": "NAVER", "usage": 5},
			{"appName": "Google", "usage": 4},
			{"appName": "시스템 UI", "usage": 3},
			{"appName": "JEFIT", "usage": 2},
			{"appName": "파일 관리자", "usage": 1},
			{"appName": "캘린더", "usage": 1},
			{"appName": "카메라", "usage": 1},
			{"appName": "접근성", "usage": 1},
			{"appName": "이메일", "usage": 1},
			{"appName": "아이즈원 프라이빗 메일", "usage": 1},
			{"appName": "Paco", "usage": 1},
			{"appName": "Instagram", "usage": 1},
			{"appName": "Google Play 스토어", "usage": 1},
			{"appName": "ABC Logger", "usage": 1},
		]
	},
	{
		"date": 7,
		"totalTime": 281,
		"details": [
			{"appName": "카카오톡", "usage": 63},
			{"appName": "Chrome", "usage": 34},
			{"appName": "기본홈", "usage": 31},
			{"appName": "통화 화면", "usage": 28},
			{"appName": "포토", "usage": 18},
			{"appName": "디시인사이드", "usage": 16},
			{"appName": "YouTube", "usage": 14},
			{"appName": "알람/시계", "usage": 12},
			{"appName": "Study", "usage": 8},
			{"appName": "갤러리", "usage": 7},
			{"appName": "NAVER", "usage": 6},
			{"appName": "하스스톤", "usage": 5},
			{"appName": "날씨", "usage": 5},
			{"appName": "FatSecret", "usage": 3},
			{"appName": "카메라", "usage": 2},
			{"appName": "메시지", "usage": 2},
			{"appName": "더캠프", "usage": 2},
			{"appName": "주소록", "usage": 1},
			{"appName": "아이즈원 프라이빗 메일", "usage": 1},
			{"appName": "시스템 UI", "usage": 1},
			{"appName": "VIBE", "usage": 1},
			{"appName": "Paco", "usage": 1},
			{"appName": "LIVE스코어", "usage": 1},
			{"appName": "Google Play 스토어", "usage": 1},
			{"appName": "Google", "usage": 1},
			{"appName": "CLASSUM", "usage": 1},
		]
	},
]
