[
	{
		"date": 1,
		"totalTime": 199,
		"details": [
			{"appName": "Chrome", "usage": 61},
			{"appName": "계산기", "usage": 29},
			{"appName": "기본홈", "usage": 20},
			{"appName": "카카오톡", "usage": 17},
			{"appName": "네이버 웹툰", "usage": 16},
			{"appName": "T전화", "usage": 12},
			{"appName": "Facebook", "usage": 9},
			{"appName": "고음질 녹음", "usage": 6},
			{"appName": "Polar Beat", "usage": 5},
			{"appName": "드라이브", "usage": 3},
			{"appName": "Paco", "usage": 3},
			{"appName": "캘린더", "usage": 2},
			{"appName": "Traffic Run!", "usage": 2},
			{"appName": "Instagram", "usage": 2},
		]
	},
	{
		"date": 2,
		"totalTime": 145,
		"details": [
			{"appName": "Chrome", "usage": 38},
			{"appName": "카카오톡", "usage": 34},
			{"appName": "기본홈", "usage": 16},
			{"appName": "Polar Beat", "usage": 11},
			{"appName": "네이버 웹툰", "usage": 10},
			{"appName": "Facebook", "usage": 9},
			{"appName": "Paco", "usage": 7},
			{"appName": "원터치알림", "usage": 4},
			{"appName": "Piazza", "usage": 3},
			{"appName": "드라이브", "usage": 2},
			{"appName": "갤러리", "usage": 2},
			{"appName": "Instagram", "usage": 1},
		]
	},
	{
		"date": 3,
		"totalTime": 307,
		"details": [
			{"appName": "Chrome", "usage": 106},
			{"appName": "네이버 웹툰", "usage": 79},
			{"appName": "카카오톡", "usage": 35},
			{"appName": "Facebook", "usage": 20},
			{"appName": "기본홈", "usage": 17},
			{"appName": "YouTube", "usage": 7},
			{"appName": "Free DS For Android 6", "usage": 7},
			{"appName": "T전화", "usage": 6},
			{"appName": "Piazza", "usage": 3},
			{"appName": "Paco", "usage": 3},
			{"appName": "Logger", "usage": 3},
			{"appName": "Just Dance Now", "usage": 3},
			{"appName": "Q메모+", "usage": 1},
			{"appName": "Polar Beat", "usage": 1},
			{"appName": "Instagram", "usage": 1},
			{"appName": "Google Play 스토어", "usage": 1},
		]
	},
	{
		"date": 4,
		"totalTime": 292,
		"details": [
			{"appName": "네이버 웹툰", "usage": 96},
			{"appName": "Chrome", "usage": 79},
			{"appName": "기본홈", "usage": 43},
			{"appName": "카카오톡", "usage": 22},
			{"appName": "Facebook", "usage": 14},
			{"appName": "Instagram", "usage": 9},
			{"appName": "Free DS For Android 6", "usage": 7},
			{"appName": "Paco", "usage": 5},
			{"appName": "Logger", "usage": 3},
			{"appName": "날씨", "usage": 1},
			{"appName": "T전화", "usage": 1},
			{"appName": "Google Play 스토어", "usage": 1},
		]
	},
	{
		"date": 5,
		"totalTime": 325,
		"details": [
			{"appName": "Chrome", "usage": 99},
			{"appName": "네이버 웹툰", "usage": 79},
			{"appName": "Facebook", "usage": 42},
			{"appName": "카카오톡", "usage": 31},
			{"appName": "기본홈", "usage": 16},
			{"appName": "Polar Beat", "usage": 13},
			{"appName": "원터치알림", "usage": 7},
			{"appName": "Tower Color", "usage": 7},
			{"appName": "Instagram", "usage": 7},
			{"appName": "Paco", "usage": 3},
			{"appName": "Google", "usage": 3},
			{"appName": "카메라", "usage": 2},
			{"appName": "갤러리", "usage": 1},
			{"appName": "T전화", "usage": 1},
			{"appName": "Melon", "usage": 1},
			{"appName": "Google Play 스토어", "usage": 1},
		]
	},
	{
		"date": 6,
		"totalTime": 293,
		"details": [
			{"appName": "Chrome", "usage": 151},
			{"appName": "네이버 웹툰", "usage": 61},
			{"appName": "Facebook", "usage": 25},
			{"appName": "기본홈", "usage": 13},
			{"appName": "Instagram", "usage": 8},
			{"appName": "카카오톡", "usage": 6},
			{"appName": "T전화", "usage": 6},
			{"appName": "Paco", "usage": 4},
			{"appName": "알람/시계", "usage": 2},
			{"appName": "Free DS For Android 6", "usage": 2},
			{"appName": "밥대생", "usage": 1},
			{"appName": "Piazza", "usage": 1},
			{"appName": "ABC Logger", "usage": 1},
		]
	},
	{
		"date": 7,
		"totalTime": 279,
		"details": [
			{"appName": "Chrome", "usage": 122},
			{"appName": "카카오톡", "usage": 52},
			{"appName": "기본홈", "usage": 38},
			{"appName": "T전화", "usage": 26},
			{"appName": "Facebook", "usage": 12},
			{"appName": "네이버 웹툰", "usage": 11},
			{"appName": "Paco", "usage": 3},
			{"appName": "Instagram", "usage": 3},
			{"appName": "Free DS For Android 6", "usage": 2},
			{"appName": "갤러리", "usage": 1},
			{"appName": "Polar Beat", "usage": 1},
		]
	},
]
