[
	{
		"date": 1,
		"totalTime": 282,
		"details": [
			{"appName": "YouTube", "usage": 181},
			{"appName": "카카오톡", "usage": 17},
			{"appName": "원더락", "usage": 14},
			{"appName": "Facebook", "usage": 14},
			{"appName": "Polar Beat", "usage": 12},
			{"appName": "갤러리", "usage": 5},
			{"appName": "Paco", "usage": 5},
			{"appName": "시외버스	모바일", "usage": 4},
			{"appName": "기본홈", "usage": 4},
			{"appName": "캔디카메라", "usage": 3},
			{"appName": "카카오뱅크", "usage": 3},
			{"appName": "접근성", "usage": 2},
			{"appName": "Instagram", "usage": 2},
			{"appName": "우리카드", "usage": 1},
		]
	},
	{
		"date": 2,
		"totalTime": 362,
		"details": [
			{"appName": "YouTube", "usage": 192},
			{"appName": "Facebook", "usage": 55},
			{"appName": "Chrome", "usage": 30},
			{"appName": "원더락", "usage": 21},
			{"appName": "T전화", "usage": 15},
			{"appName": "Polar Beat", "usage": 11},
			{"appName": "카카오톡", "usage": 10},
			{"appName": "Paco", "usage": 8},
			{"appName": "기본홈", "usage": 5},
			{"appName": "카카오뱅크", "usage": 3},
			{"appName": "OneDrive", "usage": 2},
			{"appName": "알람/시계", "usage": 1},
		]
	},
	{
		"date": 3,
		"totalTime": 359,
		"details": [
			{"appName": "YouTube", "usage": 250},
			{"appName": "Facebook", "usage": 31},
			{"appName": "Instagram", "usage": 23},
			{"appName": "원더락", "usage": 11},
			{"appName": "나만의 실험실", "usage": 6},
			{"appName": "기본홈", "usage": 6},
			{"appName": "카카오톡", "usage": 5},
			{"appName": "시외버스	모바일", "usage": 5},
			{"appName": "Paco", "usage": 4},
			{"appName": "Polar Beat", "usage": 3},
			{"appName": "갤러리", "usage": 2},
			{"appName": "접근성", "usage": 1},
			{"appName": "알람/시계", "usage": 1},
			{"appName": "T 가드", "usage": 1},
			{"appName": "Logger", "usage": 1},
			{"appName": "Dropsync", "usage": 1},
		]
	},
	{
		"date": 4,
		"totalTime": 324,
		"details": [
			{"appName": "YouTube", "usage": 115},
			{"appName": "Facebook", "usage": 112},
			{"appName": "Instagram", "usage": 17},
			{"appName": "원더락", "usage": 16},
			{"appName": "카카오톡", "usage": 13},
			{"appName": "T전화", "usage": 9},
			{"appName": "기본홈", "usage": 7},
			{"appName": "Chrome", "usage": 7},
			{"appName": "나만의 실험실", "usage": 6},
			{"appName": "Polar Beat", "usage": 4},
			{"appName": "Paco", "usage": 3},
			{"appName": "시외버스	모바일", "usage": 2},
			{"appName": "Foodie", "usage": 2},
			{"appName": "Wi-Fi", "usage": 1},
		]
	},
	{
		"date": 5,
		"totalTime": 201,
		"details": [
			{"appName": "YouTube", "usage": 70},
			{"appName": "카카오톡", "usage": 43},
			{"appName": "Facebook", "usage": 25},
			{"appName": "원더락", "usage": 10},
			{"appName": "T전화", "usage": 7},
			{"appName": "기본홈", "usage": 5},
			{"appName": "카카오버스", "usage": 4},
			{"appName": "카카오뱅크", "usage": 4},
			{"appName": "알람/시계", "usage": 4},
			{"appName": "Paco", "usage": 4},
			{"appName": "Chrome", "usage": 3},
			{"appName": "위비뱅크", "usage": 2},
			{"appName": "CJ ONE", "usage": 2},
			{"appName": "우리카드", "usage": 1},
			{"appName": "시외버스	모바일", "usage": 1},
			{"appName": "시스템 UI", "usage": 1},
			{"appName": "T world", "usage": 1},
			{"appName": "Polar Beat", "usage": 1},
			{"appName": "Google Play 스토어", "usage": 1},
		]
	},
	{
		"date": 6,
		"totalTime": 214,
		"details": [
			{"appName": "Facebook", "usage": 71},
			{"appName": "T전화", "usage": 30},
			{"appName": "카카오톡", "usage": 27},
			{"appName": "YouTube", "usage": 19},
			{"appName": "위비뱅크", "usage": 18},
			{"appName": "원더락", "usage": 12},
			{"appName": "Chrome", "usage": 7},
			{"appName": "카카오뱅크", "usage": 6},
			{"appName": "기본홈", "usage": 6},
			{"appName": "알람/시계", "usage": 4},
			{"appName": "Polar Beat", "usage": 2},
			{"appName": "메시지", "usage": 1},
			{"appName": "Paco", "usage": 1},
			{"appName": "CJ ONE", "usage": 1},
		]
	},
	{
		"date": 7,
		"totalTime": 557,
		"details": [
			{"appName": "Facebook", "usage": 416},
			{"appName": "YouTube", "usage": 35},
			{"appName": "카카오톡", "usage": 27},
			{"appName": "Chrome", "usage": 26},
			{"appName": "원더락", "usage": 13},
			{"appName": "T전화", "usage": 10},
			{"appName": "알람/시계", "usage": 6},
			{"appName": "기본홈", "usage": 6},
			{"appName": "Polar Beat", "usage": 5},
			{"appName": "Paco", "usage": 4},
			{"appName": "안다르", "usage": 2},
			{"appName": "메시지", "usage": 1},
		]
	},
]
