[
	{
		"date": 1,
		"totalTime": 344,
		"details": [
			{"appName": "Chrome", "usage": 118},
			{"appName": "Samsung Experience 홈", "usage": 31},
			{"appName": "Instagram", "usage": 26},
			{"appName": "시계", "usage": 23},
			{"appName": "전화", "usage": 22},
			{"appName": "카카오톡", "usage": 19},
			{"appName": "메시지", "usage": 19},
			{"appName": "YouTube", "usage": 13},
			{"appName": "캘린더", "usage": 11},
			{"appName": "똑똑가계부", "usage": 8},
			{"appName": "Polar Beat", "usage": 7},
			{"appName": "Paco", "usage": 7},
			{"appName": "Samsung Health", "usage": 5},
			{"appName": "설정", "usage": 4},
			{"appName": "드라이브", "usage": 4},
			{"appName": "토스", "usage": 3},
			{"appName": "메모장", "usage": 3},
			{"appName": "갤러리", "usage": 3},
			{"appName": "카카오맵", "usage": 2},
			{"appName": "시스템 UI", "usage": 2},
			{"appName": "카메라", "usage": 1},
			{"appName": "The Day Before", "usage": 1},
		]
	},
	{
		"date": 2,
		"totalTime": 371,
		"details": [
			{"appName": "Chrome", "usage": 105},
			{"appName": "카카오톡", "usage": 50},
			{"appName": "전화", "usage": 50},
			{"appName": "콴다 선생님", "usage": 31},
			{"appName": "캐시워크", "usage": 20},
			{"appName": "YouTube", "usage": 16},
			{"appName": "캘린더", "usage": 14},
			{"appName": "토스", "usage": 11},
			{"appName": "시계", "usage": 11},
			{"appName": "Samsung Experience 홈", "usage": 11},
			{"appName": "Samsung Health", "usage": 10},
			{"appName": "설정", "usage": 5},
			{"appName": "Paco", "usage": 4},
			{"appName": "메모장", "usage": 3},
			{"appName": "Polar Beat", "usage": 3},
			{"appName": "배달의민족", "usage": 2},
			{"appName": "메시지", "usage": 2},
			{"appName": "Instagram", "usage": 2},
			{"appName": "Google Play 스토어", "usage": 2},
			{"appName": "카메라", "usage": 1},
			{"appName": "시스템 UI", "usage": 1},
			{"appName": "똑똑가계부", "usage": 1},
			{"appName": "드라이브", "usage": 1},
			{"appName": "갤러리", "usage": 1},
		]
	},
	{
		"date": 3,
		"totalTime": 388,
		"details": [
			{"appName": "YouTube", "usage": 142},
			{"appName": "Chrome", "usage": 82},
			{"appName": "카카오톡", "usage": 35},
			{"appName": "시계", "usage": 31},
			{"appName": "캐시워크", "usage": 27},
			{"appName": "콴다 선생님", "usage": 18},
			{"appName": "Samsung Experience 홈", "usage": 9},
			{"appName": "전화", "usage": 5},
			{"appName": "Samsung Health", "usage": 5},
			{"appName": "Paco", "usage": 4},
			{"appName": "메모장", "usage": 3},
			{"appName": "Polar Beat", "usage": 3},
			{"appName": "토스", "usage": 2},
			{"appName": "드라이브", "usage": 2},
			{"appName": "캘린더", "usage": 1},
			{"appName": "카카오맵", "usage": 1},
			{"appName": "시스템 UI", "usage": 1},
			{"appName": "설정", "usage": 1},
			{"appName": "메시지", "usage": 1},
			{"appName": "똑똑가계부", "usage": 1},
			{"appName": "갤러리", "usage": 1},
		]
	},
	{
		"date": 4,
		"totalTime": 196,
		"details": [
			{"appName": "Chrome", "usage": 91},
			{"appName": "카카오톡", "usage": 29},
			{"appName": "캐시워크", "usage": 16},
			{"appName": "Samsung Pay", "usage": 10},
			{"appName": "전화", "usage": 8},
			{"appName": "Samsung Health", "usage": 8},
			{"appName": "Samsung Experience 홈", "usage": 7},
			{"appName": "카카오맵", "usage": 5},
			{"appName": "Paco", "usage": 4},
			{"appName": "시계", "usage": 2},
			{"appName": "설정", "usage": 2},
			{"appName": "똑똑가계부", "usage": 2},
			{"appName": "Polar Beat", "usage": 1},
		]
	},
	{
		"date": 5,
		"totalTime": 194,
		"details": [
			{"appName": "Chrome", "usage": 99},
			{"appName": "Samsung Experience 홈", "usage": 27},
			{"appName": "카카오톡", "usage": 10},
			{"appName": "시계", "usage": 9},
			{"appName": "카카오맵", "usage": 6},
			{"appName": "시스템 UI", "usage": 5},
			{"appName": "Samsung Health", "usage": 5},
			{"appName": "배달의민족", "usage": 4},
			{"appName": "Paco", "usage": 4},
			{"appName": "전화", "usage": 3},
			{"appName": "설정", "usage": 2},
			{"appName": "YouTube", "usage": 2},
			{"appName": "Samsung Pay", "usage": 2},
			{"appName": "Polar Beat", "usage": 2},
			{"appName": "캘린더", "usage": 1},
			{"appName": "메시지", "usage": 1},
			{"appName": "똑똑가계부", "usage": 1},
		]
	},
	{
		"date": 6,
		"totalTime": 331,
		"details": [
			{"appName": "Chrome", "usage": 105},
			{"appName": "전화", "usage": 55},
			{"appName": "Samsung Experience 홈", "usage": 38},
			{"appName": "카카오톡", "usage": 24},
			{"appName": "카메라", "usage": 13},
			{"appName": "메시지", "usage": 11},
			{"appName": "똑똑가계부", "usage": 11},
			{"appName": "시스템 UI", "usage": 10},
			{"appName": "Instagram", "usage": 10},
			{"appName": "Paco", "usage": 7},
			{"appName": "캘린더", "usage": 5},
			{"appName": "원터치개인", "usage": 5},
			{"appName": "시계", "usage": 5},
			{"appName": "카카오맵", "usage": 4},
			{"appName": "갤러리", "usage": 3},
			{"appName": "토스", "usage": 2},
			{"appName": "설정", "usage": 2},
			{"appName": "Samsung Pay", "usage": 2},
			{"appName": "Samsung Health", "usage": 2},
			{"appName": "연락처", "usage": 1},
			{"appName": "메모장", "usage": 1},
			{"appName": "Polar Beat", "usage": 1},
			{"appName": "Briefing", "usage": 1},
		]
	},
	{
		"date": 7,
		"totalTime": 384,
		"details": [
			{"appName": "전화", "usage": 77},
			{"appName": "Chrome", "usage": 51},
			{"appName": "카카오톡", "usage": 47},
			{"appName": "Samsung Experience 홈", "usage": 29},
			{"appName": "메시지", "usage": 28},
			{"appName": "콴다 선생님", "usage": 14},
			{"appName": "캘린더", "usage": 14},
			{"appName": "카메라", "usage": 13},
			{"appName": "원터치개인", "usage": 13},
			{"appName": "KEB 하나은행", "usage": 13},
			{"appName": "시스템 UI", "usage": 11},
			{"appName": "Instagram", "usage": 10},
			{"appName": "시계", "usage": 8},
			{"appName": "갤러리", "usage": 7},
			{"appName": "카카오맵", "usage": 6},
			{"appName": "Samsung Health", "usage": 5},
			{"appName": "토스", "usage": 4},
			{"appName": "똑똑가계부", "usage": 4},
			{"appName": "설정", "usage": 3},
			{"appName": "Samsung Pay", "usage": 3},
			{"appName": "Paco", "usage": 3},
			{"appName": "우리카드", "usage": 2},
			{"appName": "Polar Beat", "usage": 2},
			{"appName": "Briefing", "usage": 1},
		]
	},
]
