[
	{
		"date": 1,
		"totalTime": 381,
		"details": [
			{"appName": "Chrome", "usage": 139},
			{"appName": "YouTube", "usage": 86},
			{"appName": "카카오톡", "usage": 36},
			{"appName": "통화 화면", "usage": 22},
			{"appName": "기본홈", "usage": 16},
			{"appName": "Paco", "usage": 15},
			{"appName": "프레젠테이션", "usage": 9},
			{"appName": "네이버 지도", "usage": 7},
			{"appName": "Instagram", "usage": 7},
			{"appName": "드라이브", "usage": 6},
			{"appName": "Polar Beat", "usage": 5},
			{"appName": "Melon", "usage": 4},
			{"appName": "Wi-Fi", "usage": 3},
			{"appName": "주소록", "usage": 2},
			{"appName": "Logger", "usage": 2},
			{"appName": "통화 서비스", "usage": 1},
			{"appName": "원터치개인", "usage": 1},
			{"appName": "알람/시계", "usage": 1},
			{"appName": "Q메모+", "usage": 1},
			{"appName": "Microsoft Band", "usage": 1},
			{"appName": "Dropsync", "usage": 1},
			{"appName": "ABC Logger", "usage": 1},
		]
	},
	{
		"date": 2,
		"totalTime": 617,
		"details": [
			{"appName": "Chrome", "usage": 163},
			{"appName": "YouTube", "usage": 162},
			{"appName": "Netflix", "usage": 136},
			{"appName": "카카오톡", "usage": 40},
			{"appName": "통화 화면", "usage": 28},
			{"appName": "기본홈", "usage": 13},
			{"appName": "Paco", "usage": 10},
			{"appName": "프레젠테이션", "usage": 9},
			{"appName": "네이버 지도", "usage": 7},
			{"appName": "Polar Beat", "usage": 5},
			{"appName": "주소록", "usage": 4},
			{"appName": "Wi-Fi", "usage": 3},
			{"appName": "W Concept", "usage": 3},
			{"appName": "Melon", "usage": 3},
			{"appName": "메이비베이비", "usage": 2},
			{"appName": "Logger", "usage": 2},
			{"appName": "통화 서비스", "usage": 1},
			{"appName": "접근성", "usage": 1},
			{"appName": "원터치개인", "usage": 1},
			{"appName": "알람/시계", "usage": 1},
			{"appName": "시스템 UI", "usage": 1},
			{"appName": "삼성카드", "usage": 1},
			{"appName": "Q메모+", "usage": 1},
			{"appName": "Microsoft Band", "usage": 1},
			{"appName": "Instagram", "usage": 1},
			{"appName": "Dropsync", "usage": 1},
			{"appName": "ABC Logger", "usage": 1},
		]
	},
	{
		"date": 3,
		"totalTime": 535,
		"details": [
			{"appName": "YouTube", "usage": 190},
			{"appName": "Netflix", "usage": 136},
			{"appName": "Chrome", "usage": 104},
			{"appName": "카카오톡", "usage": 29},
			{"appName": "네이버 지도", "usage": 10},
			{"appName": "기본홈", "usage": 9},
			{"appName": "통화 화면", "usage": 8},
			{"appName": "Paco", "usage": 8},
			{"appName": "카카오 T", "usage": 7},
			{"appName": "날씨", "usage": 5},
			{"appName": "Polar Beat", "usage": 5},
			{"appName": "카카오스토리", "usage": 2},
			{"appName": "주소록", "usage": 1},
			{"appName": "접근성", "usage": 1},
			{"appName": "시스템 UI", "usage": 1},
			{"appName": "메시지", "usage": 1},
			{"appName": "手机淘宝", "usage": 1},
			{"appName": "Melon", "usage": 1},
			{"appName": "Dropsync", "usage": 1},
		]
	},
	{
		"date": 4,
		"totalTime": 661,
		"details": [
			{"appName": "YouTube", "usage": 267},
			{"appName": "Chrome", "usage": 232},
			{"appName": "카카오톡", "usage": 25},
			{"appName": "야놀자", "usage": 20},
			{"appName": "네이버 카페", "usage": 19},
			{"appName": "기본홈", "usage": 14},
			{"appName": "네이버 지도", "usage": 12},
			{"appName": "Instagram", "usage": 10},
			{"appName": "카카오 T", "usage": 8},
			{"appName": "통화 화면", "usage": 7},
			{"appName": "Paco", "usage": 7},
			{"appName": "디코드", "usage": 5},
			{"appName": "카메라", "usage": 3},
			{"appName": "메이비베이비", "usage": 3},
			{"appName": "W Concept", "usage": 3},
			{"appName": "Melon", "usage": 3},
			{"appName": "카카오스토리", "usage": 2},
			{"appName": "접근성", "usage": 1},
			{"appName": "시스템 UI", "usage": 1},
			{"appName": "메시지", "usage": 1},
			{"appName": "갤러리", "usage": 1},
			{"appName": "手机淘宝", "usage": 1},
			{"appName": "Polar Beat", "usage": 1},
		]
	},
	{
		"date": 5,
		"totalTime": 761,
		"details": [
			{"appName": "Chrome", "usage": 354},
			{"appName": "YouTube", "usage": 253},
			{"appName": "카카오톡", "usage": 41},
			{"appName": "네이버 카페", "usage": 38},
			{"appName": "네이버 지도", "usage": 16},
			{"appName": "통화 화면", "usage": 8},
			{"appName": "Melon", "usage": 8},
			{"appName": "기본홈", "usage": 7},
			{"appName": "Paco", "usage": 6},
			{"appName": "카메라", "usage": 4},
			{"appName": "W Concept", "usage": 3},
			{"appName": "카카오 T", "usage": 2},
			{"appName": "Polar Beat", "usage": 2},
			{"appName": "Logger", "usage": 2},
			{"appName": "원터치개인", "usage": 1},
			{"appName": "시스템 UI", "usage": 1},
			{"appName": "메이비베이비", "usage": 1},
			{"appName": "동영상", "usage": 1},
			{"appName": "갤러리", "usage": 1},
		]
	},
	{
		"date": 6,
		"totalTime": 379,
		"details": [
			{"appName": "Chrome", "usage": 133},
			{"appName": "YouTube", "usage": 117},
			{"appName": "카카오톡", "usage": 46},
			{"appName": "네이버 지도", "usage": 13},
			{"appName": "기본홈", "usage": 8},
			{"appName": "Melon", "usage": 8},
			{"appName": "Paco", "usage": 7},
			{"appName": "Instagram", "usage": 6},
			{"appName": "카카오 T", "usage": 4},
			{"appName": "네이버 카페", "usage": 4},
			{"appName": "통화 화면", "usage": 3},
			{"appName": "네트워크", "usage": 3},
			{"appName": "카메라", "usage": 2},
			{"appName": "메시지", "usage": 2},
			{"appName": "Logger", "usage": 2},
			{"appName": "캘린더", "usage": 1},
			{"appName": "원터치개인", "usage": 1},
			{"appName": "시스템 UI", "usage": 1},
			{"appName": "동영상", "usage": 1},
			{"appName": "갤러리", "usage": 1},
		]
	},
	{
		"date": 7,
		"totalTime": 191,
		"details": [
			{"appName": "YouTube", "usage": 48},
			{"appName": "Chrome", "usage": 46},
			{"appName": "카카오톡", "usage": 21},
			{"appName": "W Concept", "usage": 15},
			{"appName": "기본홈", "usage": 9},
			{"appName": "Paco", "usage": 8},
			{"appName": "Pinterest", "usage": 6},
			{"appName": "고음질 녹음", "usage": 5},
			{"appName": "통화 화면", "usage": 4},
			{"appName": "카카오 T", "usage": 4},
			{"appName": "네트워크", "usage": 3},
			{"appName": "카메라", "usage": 2},
			{"appName": "캘린더", "usage": 1},
			{"appName": "알람/시계", "usage": 1},
			{"appName": "갤러리", "usage": 1},
			{"appName": "Polar Beat", "usage": 1},
			{"appName": "Instagram", "usage": 1},
		]
	},
]
