[
	{
		"date": 1,
		"totalTime": 339,
		"details": [
			{"appName": "Chrome", "usage": 58},
			{"appName": "카카오톡", "usage": 54},
			{"appName": "YouTube", "usage": 40},
			{"appName": "Samsung Experience 홈", "usage": 33},
			{"appName": "Puffin", "usage": 31},
			{"appName": "전화", "usage": 14},
			{"appName": "카톡 프리뷰", "usage": 11},
			{"appName": "직방", "usage": 10},
			{"appName": "설정", "usage": 8},
			{"appName": "Paco", "usage": 7},
			{"appName": "Microsoft Health", "usage": 7},
			{"appName": "Gmail", "usage": 7},
			{"appName": "시계", "usage": 6},
			{"appName": "메시지", "usage": 6},
			{"appName": "Polar Beat", "usage": 6},
			{"appName": "원터치개인", "usage": 4},
			{"appName": "디바이스 케어", "usage": 4},
			{"appName": "Google Play 스토어", "usage": 4},
			{"appName": "다방", "usage": 3},
			{"appName": "Dropsync", "usage": 3},
			{"appName": "Logger", "usage": 2},
			{"appName": "ABC Logger", "usage": 2},
			{"appName": "카메라", "usage": 1},
			{"appName": "내 파일", "usage": 1},
			{"appName": "SNOW", "usage": 1},
		]
	},
	{
		"date": 2,
		"totalTime": 276,
		"details": [
			{"appName": "YouTube", "usage": 72},
			{"appName": "Chrome", "usage": 70},
			{"appName": "카카오톡", "usage": 55},
			{"appName": "Samsung Experience 홈", "usage": 18},
			{"appName": "카톡 프리뷰", "usage": 9},
			{"appName": "메시지", "usage": 8},
			{"appName": "전화", "usage": 7},
			{"appName": "Polar Beat", "usage": 6},
			{"appName": "직방", "usage": 3},
			{"appName": "다방", "usage": 3},
			{"appName": "시계", "usage": 2},
			{"appName": "Paco", "usage": 2},
			{"appName": "Logger", "usage": 2},
			{"appName": "Dropsync", "usage": 2},
			{"appName": "카메라", "usage": 1},
			{"appName": "원터치개인", "usage": 1},
			{"appName": "설정", "usage": 1},
			{"appName": "SNOW", "usage": 1},
		]
	},
	{
		"date": 3,
		"totalTime": 320,
		"details": [
			{"appName": "YouTube", "usage": 128},
			{"appName": "Chrome", "usage": 53},
			{"appName": "전화", "usage": 44},
			{"appName": "카카오톡", "usage": 35},
			{"appName": "카톡 프리뷰", "usage": 11},
			{"appName": "메시지", "usage": 9},
			{"appName": "직방", "usage": 7},
			{"appName": "Samsung Experience 홈", "usage": 7},
			{"appName": "원터치개인", "usage": 5},
			{"appName": "다방", "usage": 3},
			{"appName": "시계", "usage": 2},
			{"appName": "Polar Beat", "usage": 2},
			{"appName": "Paco", "usage": 2},
			{"appName": "카메라", "usage": 1},
		]
	},
	{
		"date": 4,
		"totalTime": 321,
		"details": [
			{"appName": "YouTube", "usage": 128},
			{"appName": "Chrome", "usage": 53},
			{"appName": "전화", "usage": 44},
			{"appName": "카카오톡", "usage": 35},
			{"appName": "카톡 프리뷰", "usage": 15},
			{"appName": "직방", "usage": 7},
			{"appName": "Samsung Experience 홈", "usage": 7},
			{"appName": "컬러노트", "usage": 6},
			{"appName": "원터치개인", "usage": 5},
			{"appName": "시계", "usage": 2},
			{"appName": "다방", "usage": 2},
			{"appName": "Polar Beat", "usage": 2},
			{"appName": "카메라", "usage": 1},
			{"appName": "설정", "usage": 1},
			{"appName": "메시지", "usage": 1},
			{"appName": "Samsung Music", "usage": 1},
			{"appName": "Paco", "usage": 1},
			{"appName": "Gmail", "usage": 1},
		]
	},
	{
		"date": 5,
		"totalTime": 447,
		"details": [
			{"appName": "YouTube", "usage": 302},
			{"appName": "Chrome", "usage": 48},
			{"appName": "카카오톡", "usage": 28},
			{"appName": "카톡 프리뷰", "usage": 15},
			{"appName": "Samsung Experience 홈", "usage": 12},
			{"appName": "전화", "usage": 11},
			{"appName": "컬러노트", "usage": 6},
			{"appName": "갤러리", "usage": 3},
			{"appName": "직방", "usage": 2},
			{"appName": "시계", "usage": 2},
			{"appName": "원터치개인", "usage": 1},
			{"appName": "설정", "usage": 1},
			{"appName": "다방", "usage": 1},
			{"appName": "Samsung Music", "usage": 1},
			{"appName": "Paco", "usage": 1},
			{"appName": "Gmail", "usage": 1},
		]
	},
	{
		"date": 6,
		"totalTime": 427,
		"details": [
			{"appName": "YouTube", "usage": 302},
			{"appName": "Chrome", "usage": 49},
			{"appName": "카카오톡", "usage": 15},
			{"appName": "Samsung Experience 홈", "usage": 13},
			{"appName": "전화", "usage": 12},
			{"appName": "카톡 프리뷰", "usage": 9},
			{"appName": "갤러리", "usage": 3},
			{"appName": "시계", "usage": 2},
			{"appName": "메시지", "usage": 2},
			{"appName": "컬러노트", "usage": 1},
			{"appName": "카메라", "usage": 1},
			{"appName": "직방", "usage": 1},
			{"appName": "원터치개인", "usage": 1},
			{"appName": "다방", "usage": 1},
			{"appName": "Samsung Music", "usage": 1},
			{"appName": "Paco", "usage": 1},
		]
	},
	{
		"date": 7,
		"totalTime": 271,
		"details": [
			{"appName": "YouTube", "usage": 127},
			{"appName": "Chrome", "usage": 55},
			{"appName": "카카오톡", "usage": 34},
			{"appName": "시계", "usage": 13},
			{"appName": "카톡 프리뷰", "usage": 11},
			{"appName": "전화", "usage": 8},
			{"appName": "메시지", "usage": 5},
			{"appName": "Samsung Experience 홈", "usage": 5},
			{"appName": "카메라", "usage": 1},
			{"appName": "직방", "usage": 1},
			{"appName": "Samsung Music", "usage": 1},
			{"appName": "Paco", "usage": 1},
		]
	},
]
