[
	{
		"date": 1,
		"totalTime": 209,
		"details": [
			{"appName": "트위터", "usage": 104},
			{"appName": "Chrome", "usage": 66},
			{"appName": "기본홈", "usage": 12},
			{"appName": "Paco", "usage": 6},
			{"appName": "Polar Beat", "usage": 4},
			{"appName": "카카오톡", "usage": 3},
			{"appName": "프레젠테이션", "usage": 2},
			{"appName": "시스템 UI", "usage": 1},
			{"appName": "갤러리", "usage": 1},
			{"appName": "Slack", "usage": 1},
			{"appName": "NAVER", "usage": 1},
		]
	},
	{
		"date": 2,
		"totalTime": 248,
		"details": [
			{"appName": "트위터", "usage": 100},
			{"appName": "Chrome", "usage": 68},
			{"appName": "NekoSushi", "usage": 18},
			{"appName": "기본홈", "usage": 11},
			{"appName": "NAVER", "usage": 7},
			{"appName": "접근성", "usage": 5},
			{"appName": "Slack", "usage": 5},
			{"appName": "카카오톡", "usage": 4},
			{"appName": "Paco", "usage": 4},
			{"appName": "갤러리", "usage": 3},
			{"appName": "토스", "usage": 2},
			{"appName": "메시지", "usage": 2},
			{"appName": "원터치알림", "usage": 1},
			{"appName": "시스템 UI", "usage": 1},
			{"appName": "설정", "usage": 1},
			{"appName": "네이버 지도", "usage": 1},
			{"appName": "U-OTP+", "usage": 1},
		]
	},
	{
		"date": 3,
		"totalTime": 273,
		"details": [
			{"appName": "트위터", "usage": 161},
			{"appName": "Chrome", "usage": 63},
			{"appName": "NekoSushi", "usage": 20},
			{"appName": "기본홈", "usage": 6},
			{"appName": "네이버 지도", "usage": 5},
			{"appName": "Slack", "usage": 4},
			{"appName": "Paco", "usage": 3},
			{"appName": "통화 화면", "usage": 1},
		]
	},
	{
		"date": 4,
		"totalTime": 562,
		"details": [
			{"appName": "Chrome", "usage": 276},
			{"appName": "트위터", "usage": 208},
			{"appName": "NAVER", "usage": 15},
			{"appName": "기본홈", "usage": 9},
			{"appName": "YouTube", "usage": 9},
			{"appName": "밥대생", "usage": 5},
			{"appName": "알람몬", "usage": 4},
			{"appName": "시스템 UI", "usage": 4},
			{"appName": "Paco", "usage": 4},
			{"appName": "설정", "usage": 3},
			{"appName": "Slack", "usage": 3},
			{"appName": "NekoSushi", "usage": 3},
			{"appName": "Google Play 스토어", "usage": 3},
			{"appName": "카카오톡", "usage": 1},
			{"appName": "메시지", "usage": 1},
			{"appName": "계산기", "usage": 1},
			{"appName": "갤러리", "usage": 1},
			{"appName": "Polar Beat", "usage": 1},
		]
	},
	{
		"date": 5,
		"totalTime": 220,
		"details": [
			{"appName": "트위터", "usage": 83},
			{"appName": "Chrome", "usage": 83},
			{"appName": "NAVER", "usage": 13},
			{"appName": "기본홈", "usage": 11},
			{"appName": "알람몬", "usage": 6},
			{"appName": "Paco", "usage": 4},
			{"appName": "U-OTP+", "usage": 3},
			{"appName": "Slack", "usage": 3},
			{"appName": "시스템 UI", "usage": 2},
			{"appName": "플레이윙즈", "usage": 1},
			{"appName": "카카오톡", "usage": 1},
			{"appName": "설정", "usage": 1},
		]
	},
	{
		"date": 6,
		"totalTime": 111,
		"details": [
			{"appName": "트위터", "usage": 47},
			{"appName": "기본홈", "usage": 17},
			{"appName": "Paco", "usage": 13},
			{"appName": "Chrome", "usage": 9},
			{"appName": "알람몬", "usage": 6},
			{"appName": "카카오톡", "usage": 5},
			{"appName": "App Lock", "usage": 2},
			{"appName": "플레이윙즈", "usage": 1},
			{"appName": "시스템 UI", "usage": 1},
			{"appName": "설정", "usage": 1},
		]
	},
	{
		"date": 7,
		"totalTime": 151,
		"details": [
			{"appName": "트위터", "usage": 53},
			{"appName": "기본홈", "usage": 39},
			{"appName": "Chrome", "usage": 18},
			{"appName": "NAVER", "usage": 14},
			{"appName": "알람몬", "usage": 6},
			{"appName": "Slack", "usage": 4},
			{"appName": "Paco", "usage": 3},
			{"appName": "App Lock", "usage": 3},
			{"appName": "카카오톡", "usage": 2},
			{"appName": "시스템 UI", "usage": 1},
		]
	},
]
