[
	{
		"date": 1,
		"totalTime": 672,
		"details": [
			{"appName": "ANOTHER EDEN", "usage": 267},
			{"appName": "Facebook", "usage": 195},
			{"appName": "카카오톡", "usage": 55},
			{"appName": "Cookie Run: OvenBreak", "usage": 40},
			{"appName": "네이버 웹툰", "usage": 17},
			{"appName": "Samsung Experience 홈", "usage": 17},
			{"appName": "Instagram", "usage": 17},
			{"appName": "Chrome", "usage": 7},
			{"appName": "통화", "usage": 6},
			{"appName": "Dropbox", "usage": 6},
			{"appName": "Between", "usage": 6},
			{"appName": "갤러리", "usage": 3},
			{"appName": "Polar Beat", "usage": 3},
			{"appName": "Paco", "usage": 3},
			{"appName": "NAVER", "usage": 3},
			{"appName": "카메라", "usage": 2},
			{"appName": "Google Play 스토어", "usage": 2},
			{"appName": "카카오맵", "usage": 1},
			{"appName": "시계", "usage": 1},
			{"appName": "설정", "usage": 1},
			{"appName": "메시지", "usage": 1},
			{"appName": "Samsung Notes", "usage": 1},
		]
	},
	{
		"date": 2,
		"totalTime": 744,
		"details": [
			{"appName": "ANOTHER EDEN", "usage": 347},
			{"appName": "YouTube", "usage": 117},
			{"appName": "Facebook", "usage": 67},
			{"appName": "카카오톡", "usage": 56},
			{"appName": "Cookie Run: OvenBreak", "usage": 31},
			{"appName": "Between", "usage": 14},
			{"appName": "Samsung Experience 홈", "usage": 13},
			{"appName": "네이버 웹툰", "usage": 10},
			{"appName": "Instagram", "usage": 9},
			{"appName": "NAVER", "usage": 8},
			{"appName": "시계", "usage": 7},
			{"appName": "Chrome", "usage": 7},
			{"appName": "통화", "usage": 5},
			{"appName": "올원뱅크", "usage": 5},
			{"appName": "메시지", "usage": 5},
			{"appName": "ABC Logger", "usage": 5},
			{"appName": "Polar Beat", "usage": 4},
			{"appName": "캘린더", "usage": 3},
			{"appName": "갤러리", "usage": 3},
			{"appName": "카메라", "usage": 2},
			{"appName": "설정", "usage": 2},
			{"appName": "Google Play 스토어", "usage": 2},
			{"appName": "포토 에디터", "usage": 1},
			{"appName": "전화", "usage": 1},
			{"appName": "Paco", "usage": 1},
			{"appName": "Microsoft Health", "usage": 1},
			{"appName": "Logger", "usage": 1},
		]
	},
	{
		"date": 3,
		"totalTime": 838,
		"details": [
			{"appName": "ANOTHER EDEN", "usage": 257},
			{"appName": "Cookie Run: OvenBreak", "usage": 199},
			{"appName": "YouTube", "usage": 117},
			{"appName": "Facebook", "usage": 57},
			{"appName": "카카오톡", "usage": 48},
			{"appName": "Between", "usage": 27},
			{"appName": "네이버 웹툰", "usage": 21},
			{"appName": "Samsung Experience 홈", "usage": 19},
			{"appName": "NAVER", "usage": 18},
			{"appName": "통화", "usage": 15},
			{"appName": "카카오맵", "usage": 11},
			{"appName": "올원뱅크", "usage": 5},
			{"appName": "메시지", "usage": 5},
			{"appName": "갤러리", "usage": 5},
			{"appName": "ABC Logger", "usage": 5},
			{"appName": "캘린더", "usage": 3},
			{"appName": "카이스트 버스", "usage": 2},
			{"appName": "Paco", "usage": 2},
			{"appName": "전화", "usage": 1},
			{"appName": "시계", "usage": 1},
			{"appName": "Samsung Music", "usage": 1},
			{"appName": "Polar Beat", "usage": 1},
			{"appName": "Microsoft Health", "usage": 1},
			{"appName": "Instagram", "usage": 1},
			{"appName": "Foodie", "usage": 1},
		]
	},
	{
		"date": 4,
		"totalTime": 617,
		"details": [
			{"appName": "Cookie Run: OvenBreak", "usage": 243},
			{"appName": "ANOTHER EDEN", "usage": 114},
			{"appName": "Facebook", "usage": 100},
			{"appName": "Between", "usage": 34},
			{"appName": "네이버 웹툰", "usage": 22},
			{"appName": "카카오톡", "usage": 19},
			{"appName": "통화", "usage": 17},
			{"appName": "NAVER", "usage": 14},
			{"appName": "Samsung Experience 홈", "usage": 12},
			{"appName": "갤러리", "usage": 5},
			{"appName": "YouTube", "usage": 5},
			{"appName": "Instagram", "usage": 5},
			{"appName": "Google Play 스토어", "usage": 5},
			{"appName": "내 캘린더", "usage": 4},
			{"appName": "빅스비 보이스", "usage": 2},
			{"appName": "Paco", "usage": 2},
			{"appName": "전화", "usage": 1},
			{"appName": "올원뱅크", "usage": 1},
			{"appName": "Samsung Music", "usage": 1},
		]
	},
	{
		"date": 5,
		"totalTime": 401,
		"details": [
			{"appName": "ANOTHER EDEN", "usage": 108},
			{"appName": "Facebook", "usage": 102},
			{"appName": "Cookie Run: OvenBreak", "usage": 43},
			{"appName": "카카오톡", "usage": 29},
			{"appName": "캘린더", "usage": 28},
			{"appName": "네이버 웹툰", "usage": 22},
			{"appName": "Between", "usage": 16},
			{"appName": "Samsung Experience 홈", "usage": 11},
			{"appName": "Instagram", "usage": 9},
			{"appName": "Google Play 스토어", "usage": 5},
			{"appName": "내 캘린더", "usage": 4},
			{"appName": "YouTube", "usage": 3},
			{"appName": "빅스비 보이스", "usage": 2},
			{"appName": "통화", "usage": 1},
			{"appName": "올원뱅크", "usage": 1},
			{"appName": "Polar Beat", "usage": 1},
			{"appName": "Paco", "usage": 1},
			{"appName": "NAVER", "usage": 1},
		]
	},
	{
		"date": 6,
		"totalTime": 468,
		"details": [
			{"appName": "Facebook", "usage": 151},
			{"appName": "Chrome", "usage": 96},
			{"appName": "Cookie Run: OvenBreak", "usage": 35},
			{"appName": "카카오톡", "usage": 32},
			{"appName": "캘린더", "usage": 29},
			{"appName": "네이버 웹툰", "usage": 28},
			{"appName": "Between", "usage": 24},
			{"appName": "Samsung Experience 홈", "usage": 12},
			{"appName": "Instagram", "usage": 10},
			{"appName": "갤러리", "usage": 7},
			{"appName": "NAVER", "usage": 6},
			{"appName": "통화", "usage": 5},
			{"appName": "시계", "usage": 5},
			{"appName": "YouTube", "usage": 3},
			{"appName": "Polar Beat", "usage": 3},
			{"appName": "Paco", "usage": 3},
			{"appName": "카메라", "usage": 1},
			{"appName": "ANOTHER EDEN", "usage": 1},
		]
	},
	{
		"date": 7,
		"totalTime": 511,
		"details": [
			{"appName": "Facebook", "usage": 196},
			{"appName": "Chrome", "usage": 142},
			{"appName": "카카오톡", "usage": 41},
			{"appName": "네이버 웹툰", "usage": 28},
			{"appName": "Between", "usage": 24},
			{"appName": "Samsung Experience 홈", "usage": 14},
			{"appName": "Instagram", "usage": 12},
			{"appName": "Cookie Run: OvenBreak", "usage": 10},
			{"appName": "갤러리", "usage": 7},
			{"appName": "통화", "usage": 6},
			{"appName": "NAVER", "usage": 6},
			{"appName": "Paco", "usage": 4},
			{"appName": "Polar Beat", "usage": 3},
			{"appName": "시계", "usage": 2},
			{"appName": "카메라", "usage": 1},
			{"appName": "올원뱅크", "usage": 1},
		]
	},
]
