[
	{
		"date": 1,
		"totalTime": 248,
		"details": [
			{"appName": "삼성 인터넷", "usage": 84},
			{"appName": "YouTube", "usage": 33},
			{"appName": "Samsung Experience 홈", "usage": 13},
			{"appName": "카카오톡", "usage": 12},
			{"appName": "캘린더", "usage": 11},
			{"appName": "토스", "usage": 9},
			{"appName": "Paco", "usage": 9},
			{"appName": "설정", "usage": 8},
			{"appName": "리마인더", "usage": 7},
			{"appName": "Polar Beat", "usage": 7},
			{"appName": "m.Stock", "usage": 6},
			{"appName": "전화", "usage": 5},
			{"appName": "메시지", "usage": 5},
			{"appName": "Microsoft Band", "usage": 4},
			{"appName": "Gmail", "usage": 4},
			{"appName": "ABC Logger", "usage": 3},
			{"appName": "연락처", "usage": 2},
			{"appName": "Google Play 스토어", "usage": 2},
			{"appName": "Dropsync", "usage": 2},
			{"appName": "패키지 설치 프로그램", "usage": 1},
			{"appName": "올원페이	(NH앱카드)", "usage": 1},
			{"appName": "시스템 UI", "usage": 1},
			{"appName": "갤러리", "usage": 1},
			{"appName": "Logger", "usage": 1},
			{"appName": "Google PDF 뷰어", "usage": 1},
		]
	},
	{
		"date": 2,
		"totalTime": 209,
		"details": [
			{"appName": "삼성 인터넷", "usage": 110},
			{"appName": "YouTube", "usage": 33},
			{"appName": "카카오톡", "usage": 12},
			{"appName": "토스", "usage": 10},
			{"appName": "Samsung Experience 홈", "usage": 7},
			{"appName": "Paco", "usage": 4},
			{"appName": "메시지", "usage": 3},
			{"appName": "m.Stock", "usage": 3},
			{"appName": "RealCalc", "usage": 3},
			{"appName": "Gmail", "usage": 3},
			{"appName": "캘린더", "usage": 2},
			{"appName": "카카오맵", "usage": 2},
			{"appName": "시스템 UI", "usage": 1},
			{"appName": "설정", "usage": 1},
			{"appName": "갤러리", "usage": 1},
			{"appName": "Polar Beat", "usage": 1},
			{"appName": "Google PDF 뷰어", "usage": 1},
		]
	},
	{
		"date": 3,
		"totalTime": 193,
		"details": [
			{"appName": "삼성 인터넷", "usage": 89},
			{"appName": "캘린더", "usage": 19},
			{"appName": "카카오톡", "usage": 15},
			{"appName": "Samsung Experience 홈", "usage": 10},
			{"appName": "Google PDF 뷰어", "usage": 8},
			{"appName": "Gmail", "usage": 5},
			{"appName": "카카오맵", "usage": 4},
			{"appName": "Paco", "usage": 4},
			{"appName": "토스", "usage": 3},
			{"appName": "코레일톡", "usage": 3},
			{"appName": "메시지", "usage": 3},
			{"appName": "RealCalc", "usage": 3},
			{"appName": "", "usage": 3},
			{"appName": "시외버스	모바일", "usage": 2},
			{"appName": "설정", "usage": 2},
			{"appName": "YouTube", "usage": 2},
			{"appName": "지하철종결자", "usage": 1},
			{"appName": "전화", "usage": 1},
			{"appName": "쏘카", "usage": 1},
			{"appName": "Polar Beat", "usage": 1},
		]
	},
	{
		"date": 4,
		"totalTime": 326,
		"details": [
			{"appName": "삼성 인터넷", "usage": 161},
			{"appName": "YouTube", "usage": 57},
			{"appName": "카카오톡", "usage": 27},
			{"appName": "캘린더", "usage": 19},
			{"appName": "Samsung Experience 홈", "usage": 10},
			{"appName": "Google PDF 뷰어", "usage": 8},
			{"appName": "Gmail", "usage": 5},
			{"appName": "카카오맵", "usage": 4},
			{"appName": "Paco", "usage": 4},
			{"appName": "코레일톡", "usage": 3},
			{"appName": "", "usage": 3},
			{"appName": "토스", "usage": 2},
			{"appName": "시외버스	모바일", "usage": 2},
			{"appName": "설정", "usage": 2},
			{"appName": "메시지", "usage": 2},
			{"appName": "지하철종결자", "usage": 1},
			{"appName": "전화", "usage": 1},
			{"appName": "갤러리", "usage": 1},
			{"appName": "Polar Beat", "usage": 1},
		]
	},
	{
		"date": 5,
		"totalTime": 298,
		"details": [
			{"appName": "삼성 인터넷", "usage": 177},
			{"appName": "YouTube", "usage": 57},
			{"appName": "카카오톡", "usage": 28},
			{"appName": "Samsung Experience 홈", "usage": 6},
			{"appName": "카카오맵", "usage": 4},
			{"appName": "Paco", "usage": 4},
			{"appName": "캘린더", "usage": 3},
			{"appName": "토스", "usage": 2},
			{"appName": "설정", "usage": 2},
			{"appName": "Polar Beat", "usage": 2},
			{"appName": "전화", "usage": 1},
			{"appName": "날씨", "usage": 1},
			{"appName": "갤러리", "usage": 1},
		]
	},
	{
		"date": 6,
		"totalTime": 215,
		"details": [
			{"appName": "삼성 인터넷", "usage": 70},
			{"appName": "YouTube", "usage": 57},
			{"appName": "카카오톡", "usage": 26},
			{"appName": "", "usage": 8},
			{"appName": "Samsung Experience 홈", "usage": 7},
			{"appName": "NH뱅킹", "usage": 7},
			{"appName": "토스", "usage": 5},
			{"appName": "캘린더", "usage": 5},
			{"appName": "카카오맵", "usage": 4},
			{"appName": "설정", "usage": 3},
			{"appName": "Paco", "usage": 3},
			{"appName": "날씨", "usage": 2},
			{"appName": "Polar Beat", "usage": 2},
			{"appName": "Gmail", "usage": 2},
			{"appName": "전화", "usage": 1},
			{"appName": "Dropsync", "usage": 1},
		]
	},
	{
		"date": 7,
		"totalTime": 235,
		"details": [
			{"appName": "삼성 인터넷", "usage": 83},
			{"appName": "YouTube", "usage": 63},
			{"appName": "카카오톡", "usage": 18},
			{"appName": "Samsung Experience 홈", "usage": 9},
			{"appName": "", "usage": 8},
			{"appName": "토스", "usage": 7},
			{"appName": "카카오맵", "usage": 6},
			{"appName": "캘린더", "usage": 5},
			{"appName": "Paco", "usage": 4},
			{"appName": "설정", "usage": 3},
			{"appName": "카메라", "usage": 2},
			{"appName": "리마인더", "usage": 2},
			{"appName": "Gmail", "usage": 2},
			{"appName": "전화", "usage": 1},
			{"appName": "올원페이	(NH앱카드)", "usage": 1},
			{"appName": "시스템 UI", "usage": 1},
			{"appName": "메시지", "usage": 1},
			{"appName": "날씨", "usage": 1},
			{"appName": "NH농협카드", "usage": 1},
			{"appName": "Google Play 스토어", "usage": 1},
			{"appName": "Dropsync", "usage": 1},
		]
	},
]
