[
	{
		"date": 1,
		"totalTime": 325,
		"details": [
			{"appName": "갤러리", "usage": 66},
			{"appName": "Facebook", "usage": 52},
			{"appName": "카카오톡", "usage": 44},
			{"appName": "Samsung Experience 홈", "usage": 22},
			{"appName": "Instagram", "usage": 21},
			{"appName": "통화", "usage": 19},
			{"appName": "NAVER", "usage": 13},
			{"appName": "카메라", "usage": 10},
			{"appName": "Polar Beat", "usage": 7},
			{"appName": "KLMS", "usage": 7},
			{"appName": "Microsoft Health", "usage": 6},
			{"appName": "삼성 인터넷", "usage": 5},
			{"appName": "메시지", "usage": 5},
			{"appName": "Paco", "usage": 4},
			{"appName": "날씨", "usage": 3},
			{"appName": "Google Play 스토어", "usage": 3},
			{"appName": "카카오 T", "usage": 2},
			{"appName": "설정", "usage": 2},
			{"appName": "빅스비 비전", "usage": 2},
			{"appName": "KAIST	Portal", "usage": 2},
			{"appName": "ABC Logger", "usage": 2},
			{"appName": "패키지 설치 프로그램", "usage": 1},
			{"appName": "토스", "usage": 1},
			{"appName": "캘린더", "usage": 1},
			{"appName": "전화", "usage": 1},
			{"appName": "안드로이드 시스템", "usage": 1},
			{"appName": "내 파일", "usage": 1},
			{"appName": "YouTube", "usage": 1},
			{"appName": "Logger", "usage": 1},
			{"appName": "Excel", "usage": 1},
			{"appName": "Dropsync", "usage": 1},
			{"appName": "AIA Vitality T건강걷기", "usage": 1},
		]
	},
	{
		"date": 2,
		"totalTime": 310,
		"details": [
			{"appName": "Facebook", "usage": 65},
			{"appName": "YouTube", "usage": 44},
			{"appName": "복부 근육 트레이팅", "usage": 30},
			{"appName": "카카오톡", "usage": 21},
			{"appName": "Instagram", "usage": 21},
			{"appName": "통화", "usage": 19},
			{"appName": "삼성 인터넷", "usage": 19},
			{"appName": "Samsung Experience 홈", "usage": 14},
			{"appName": "쿠팡", "usage": 12},
			{"appName": "Samsung Health", "usage": 10},
			{"appName": "아이디어스", "usage": 6},
			{"appName": "설정", "usage": 5},
			{"appName": "메시지", "usage": 5},
			{"appName": "Paco", "usage": 4},
			{"appName": "NAVER", "usage": 4},
			{"appName": "토스", "usage": 2},
			{"appName": "카카오 T", "usage": 2},
			{"appName": "카메라", "usage": 2},
			{"appName": "계산기", "usage": 2},
			{"appName": "KAIST	Portal", "usage": 2},
			{"appName": "Samsung Pay", "usage": 1},
			{"appName": "AIA Vitality T건강걷기", "usage": 1},
		]
	},
	{
		"date": 3,
		"totalTime": 428,
		"details": [
			{"appName": "Facebook", "usage": 93},
			{"appName": "YouTube", "usage": 87},
			{"appName": "프렌즈타운", "usage": 68},
			{"appName": "복부 근육 트레이팅", "usage": 30},
			{"appName": "카카오톡", "usage": 29},
			{"appName": "네이버 웹툰", "usage": 19},
			{"appName": "Samsung Experience 홈", "usage": 16},
			{"appName": "NAVER", "usage": 11},
			{"appName": "아이디어스", "usage": 6},
			{"appName": "설정", "usage": 6},
			{"appName": "Messenger", "usage": 6},
			{"appName": "Instagram", "usage": 6},
			{"appName": "시계", "usage": 5},
			{"appName": "편한가계부", "usage": 3},
			{"appName": "메시지", "usage": 3},
			{"appName": "Paco", "usage": 3},
			{"appName": "통화", "usage": 2},
			{"appName": "캘린더", "usage": 2},
			{"appName": "카메라", "usage": 2},
			{"appName": "지도", "usage": 2},
			{"appName": "계산기", "usage": 2},
			{"appName": "PAYCO", "usage": 2},
			{"appName": "카카오뱅크", "usage": 1},
			{"appName": "삼성 인터넷", "usage": 1},
			{"appName": "Samsung Pay", "usage": 1},
			{"appName": "SNOW", "usage": 1},
		]
	},
	{
		"date": 4,
		"totalTime": 400,
		"details": [
			{"appName": "프렌즈타운", "usage": 106},
			{"appName": "YouTube", "usage": 87},
			{"appName": "카카오톡", "usage": 41},
			{"appName": "Facebook", "usage": 23},
			{"appName": "네이버 웹툰", "usage": 19},
			{"appName": "NAVER", "usage": 13},
			{"appName": "Samsung Experience 홈", "usage": 11},
			{"appName": "Instagram", "usage": 11},
			{"appName": "롯데시네마", "usage": 9},
			{"appName": "갤러리", "usage": 9},
			{"appName": "통화", "usage": 7},
			{"appName": "Messenger", "usage": 6},
			{"appName": "시계", "usage": 5},
			{"appName": "카카오 T", "usage": 4},
			{"appName": "편한가계부", "usage": 3},
			{"appName": "카메라", "usage": 3},
			{"appName": "지도", "usage": 3},
			{"appName": "Paco", "usage": 3},
			{"appName": "AIA Vitality T건강걷기", "usage": 3},
			{"appName": "한국장학재단", "usage": 2},
			{"appName": "캘린더", "usage": 2},
			{"appName": "카카오뱅크", "usage": 2},
			{"appName": "삼성 인터넷", "usage": 2},
			{"appName": "PAYCO", "usage": 2},
			{"appName": "내 파일", "usage": 1},
			{"appName": "Samsung Pay", "usage": 1},
			{"appName": "SNOW", "usage": 1},
		]
	},
	{
		"date": 5,
		"totalTime": 340,
		"details": [
			{"appName": "프렌즈타운", "usage": 134},
			{"appName": "Facebook", "usage": 50},
			{"appName": "카카오톡", "usage": 26},
			{"appName": "YouTube", "usage": 20},
			{"appName": "직방", "usage": 19},
			{"appName": "Samsung Experience 홈", "usage": 15},
			{"appName": "Instagram", "usage": 14},
			{"appName": "통화", "usage": 9},
			{"appName": "갤러리", "usage": 9},
			{"appName": "NAVER", "usage": 6},
			{"appName": "Paco", "usage": 5},
			{"appName": "카카오 T", "usage": 4},
			{"appName": "카메라", "usage": 3},
			{"appName": "AIA Vitality T건강걷기", "usage": 3},
			{"appName": "한국장학재단", "usage": 2},
			{"appName": "카카오뱅크", "usage": 2},
			{"appName": "삼성 인터넷", "usage": 2},
			{"appName": "내 파일", "usage": 1},
			{"appName": "YouTube Music", "usage": 1},
		]
	},
	{
		"date": 6,
		"totalTime": 276,
		"details": [
			{"appName": "Facebook", "usage": 55},
			{"appName": "카카오톡", "usage": 47},
			{"appName": "직방", "usage": 34},
			{"appName": "Samsung Experience 홈", "usage": 29},
			{"appName": "갤러리", "usage": 20},
			{"appName": "YouTube", "usage": 20},
			{"appName": "프렌즈타운", "usage": 10},
			{"appName": "통화", "usage": 8},
			{"appName": "Instagram", "usage": 6},
			{"appName": "YouTube Music", "usage": 5},
			{"appName": "Paco", "usage": 5},
			{"appName": "Dropbox", "usage": 5},
			{"appName": "캘린더", "usage": 2},
			{"appName": "에어비앤비", "usage": 2},
			{"appName": "NAVER", "usage": 2},
			{"appName": "CamScanner", "usage": 2},
			{"appName": "설정", "usage": 1},
			{"appName": "메시지", "usage": 1},
			{"appName": "날씨", "usage": 1},
			{"appName": "KLMS", "usage": 1},
		]
	},
	{
		"date": 7,
		"totalTime": 254,
		"details": [
			{"appName": "카카오톡", "usage": 51},
			{"appName": "프렌즈타운", "usage": 36},
			{"appName": "Facebook", "usage": 26},
			{"appName": "Samsung Experience 홈", "usage": 24},
			{"appName": "갤러리", "usage": 20},
			{"appName": "YouTube", "usage": 20},
			{"appName": "통화", "usage": 17},
			{"appName": "SNOW", "usage": 7},
			{"appName": "Instagram", "usage": 6},
			{"appName": "삼성 인터넷", "usage": 5},
			{"appName": "YouTube Music", "usage": 5},
			{"appName": "편한가계부", "usage": 3},
			{"appName": "에어비앤비", "usage": 2},
			{"appName": "Paco", "usage": 2},
			{"appName": "NAVER", "usage": 2},
			{"appName": "토스", "usage": 1},
			{"appName": "카카오뱅크", "usage": 1},
			{"appName": "카메라", "usage": 1},
			{"appName": "전화", "usage": 1},
			{"appName": "설정", "usage": 1},
			{"appName": "메시지", "usage": 1},
			{"appName": "날씨", "usage": 1},
			{"appName": "Samsung Pay", "usage": 1},
		]
	},
]
