[
	{
		"date": 1,
		"totalTime": 638,
		"details": [
			{"appName": "TouchWiz 홈", "usage": 382},
			{"appName": "카카오톡", "usage": 39},
			{"appName": "Clean Master", "usage": 33},
			{"appName": "한컴오피스 S 뷰어", "usage": 23},
			{"appName": "삼성 인터넷", "usage": 21},
			{"appName": "갤러리", "usage": 21},
			{"appName": "KAIST Library", "usage": 16},
			{"appName": "YouTube", "usage": 15},
			{"appName": "Polar Beat", "usage": 15},
			{"appName": "Paco", "usage": 11},
			{"appName": "Microsoft Band", "usage": 10},
			{"appName": "Logger", "usage": 7},
			{"appName": "패키지 설치 프로그램", "usage": 5},
			{"appName": "Google Play 스토어", "usage": 5},
			{"appName": "알람/시간", "usage": 4},
			{"appName": "설정", "usage": 4},
			{"appName": "ABC Logger", "usage": 4},
			{"appName": "전화", "usage": 3},
			{"appName": "캘린더", "usage": 1},
			{"appName": "카메라", "usage": 1},
			{"appName": "연락처", "usage": 1},
			{"appName": "에브리타임", "usage": 1},
			{"appName": "시스템 UI", "usage": 1},
			{"appName": "NH콕뱅크", "usage": 1},
			{"appName": "Google Play 서비스", "usage": 1},
			{"appName": "Dropsync", "usage": 1},
		]
	},
	{
		"date": 2,
		"totalTime": 695,
		"details": [
			{"appName": "TouchWiz 홈", "usage": 402},
			{"appName": "삼성 인터넷", "usage": 77},
			{"appName": "카카오톡", "usage": 63},
			{"appName": "Clean Master", "usage": 33},
			{"appName": "한컴오피스 S 뷰어", "usage": 23},
			{"appName": "YouTube", "usage": 15},
			{"appName": "Polar Beat", "usage": 15},
			{"appName": "Paco", "usage": 11},
			{"appName": "갤러리", "usage": 7},
			{"appName": "Security Master", "usage": 7},
			{"appName": "Logger", "usage": 7},
			{"appName": "Microsoft Band", "usage": 5},
			{"appName": "알람/시간", "usage": 4},
			{"appName": "NH콕뱅크", "usage": 4},
			{"appName": "카메라", "usage": 3},
			{"appName": "에브리타임", "usage": 3},
			{"appName": "설정", "usage": 2},
			{"appName": "캘린더", "usage": 1},
			{"appName": "연락처", "usage": 1},
			{"appName": "시스템 UI", "usage": 1},
			{"appName": "Messenger Lite", "usage": 1},
			{"appName": "ABC Logger", "usage": 1},
		]
	},
	{
		"date": 3,
		"totalTime": 729,
		"details": [
			{"appName": "TouchWiz 홈", "usage": 402},
			{"appName": "삼성 인터넷", "usage": 150},
			{"appName": "카카오톡", "usage": 63},
			{"appName": "Clean Master", "usage": 25},
			{"appName": "YouTube", "usage": 22},
			{"appName": "Security Master", "usage": 18},
			{"appName": "Polar Beat", "usage": 8},
			{"appName": "Paco", "usage": 8},
			{"appName": "갤러리", "usage": 7},
			{"appName": "NH콕뱅크", "usage": 4},
			{"appName": "카메라", "usage": 3},
			{"appName": "에브리타임", "usage": 3},
			{"appName": "캘린더", "usage": 2},
			{"appName": "설정", "usage": 2},
			{"appName": "Logger", "usage": 2},
			{"appName": "시스템 UI", "usage": 1},
			{"appName": "Microsoft Band", "usage": 1},
			{"appName": "Messenger Lite", "usage": 1},
		]
	},
	{
		"date": 4,
		"totalTime": 480,
		"details": [
			{"appName": "TouchWiz 홈", "usage": 206},
			{"appName": "삼성 인터넷", "usage": 150},
			{"appName": "카카오톡", "usage": 29},
			{"appName": "Clean Master", "usage": 23},
			{"appName": "YouTube", "usage": 22},
			{"appName": "Security Master", "usage": 18},
			{"appName": "Polar Beat", "usage": 7},
			{"appName": "Paco", "usage": 6},
			{"appName": "NH콕뱅크", "usage": 3},
			{"appName": "캘린더", "usage": 2},
			{"appName": "설정", "usage": 2},
			{"appName": "에브리타임", "usage": 1},
			{"appName": "갤러리", "usage": 1},
			{"appName": "Logger", "usage": 1},
		]
	},
	{
		"date": 5,
		"totalTime": 420,
		"details": [
			{"appName": "TouchWiz 홈", "usage": 206},
			{"appName": "삼성 인터넷", "usage": 76},
			{"appName": "YouTube", "usage": 45},
			{"appName": "카카오톡", "usage": 37},
			{"appName": "Clean Master", "usage": 23},
			{"appName": "Polar Beat", "usage": 8},
			{"appName": "Paco", "usage": 5},
			{"appName": "알람/시간", "usage": 3},
			{"appName": "NH콕뱅크", "usage": 3},
			{"appName": "에브리타임", "usage": 2},
			{"appName": "Logger", "usage": 2},
			{"appName": "설정", "usage": 1},
			{"appName": "", "usage": 1},
		]
	},
	{
		"date": 6,
		"totalTime": 351,
		"details": [
			{"appName": "TouchWiz 홈", "usage": 105},
			{"appName": "카카오톡", "usage": 56},
			{"appName": "YouTube", "usage": 28},
			{"appName": "Logger", "usage": 26},
			{"appName": "연락처", "usage": 23},
			{"appName": "Clean Master", "usage": 21},
			{"appName": "Polar Beat", "usage": 15},
			{"appName": "Security Master", "usage": 12},
			{"appName": "삼성 인터넷", "usage": 11},
			{"appName": "Dropsync", "usage": 11},
			{"appName": "Paco", "usage": 6},
			{"appName": "설정", "usage": 4},
			{"appName": "알람/시간", "usage": 3},
			{"appName": "내 파일", "usage": 3},
			{"appName": "ABC Logger", "usage": 3},
			{"appName": "에브리타임", "usage": 2},
			{"appName": "메시지", "usage": 2},
			{"appName": "Samsung Music", "usage": 2},
			{"appName": "전화", "usage": 1},
			{"appName": "시스템 UI", "usage": 1},
			{"appName": "Microsoft Band", "usage": 1},
			{"appName": "", "usage": 1},
		]
	},
	{
		"date": 7,
		"totalTime": 563,
		"details": [
			{"appName": "TouchWiz 홈", "usage": 267},
			{"appName": "카카오톡", "usage": 64},
			{"appName": "YouTube", "usage": 28},
			{"appName": "연락처", "usage": 27},
			{"appName": "메시지", "usage": 27},
			{"appName": "Logger", "usage": 26},
			{"appName": "Clean Master", "usage": 21},
			{"appName": "Polar Beat", "usage": 15},
			{"appName": "Security Master", "usage": 12},
			{"appName": "Messenger Lite", "usage": 12},
			{"appName": "삼성 인터넷", "usage": 11},
			{"appName": "Dropsync", "usage": 11},
			{"appName": "Paco", "usage": 6},
			{"appName": "설정", "usage": 4},
			{"appName": "내 파일", "usage": 3},
			{"appName": "NH콕뱅크", "usage": 3},
			{"appName": "ABC Logger", "usage": 3},
			{"appName": "에브리타임", "usage": 2},
			{"appName": "Samsung Music", "usage": 2},
			{"appName": "카메라", "usage": 1},
			{"appName": "전화", "usage": 1},
			{"appName": "시스템 UI", "usage": 1},
			{"appName": "갤러리", "usage": 1},
			{"appName": "Microsoft Band", "usage": 1},
		]
	},
]
