[
	{
		"date": 1,
		"totalTime": 679,
		"details": [
			{"appName": "YouTube", "usage": 174},
			{"appName": "카카오톡", "usage": 166},
			{"appName": "오늘의집", "usage": 65},
			{"appName": "Paco", "usage": 55},
			{"appName": "쿠팡", "usage": 42},
			{"appName": "Chrome", "usage": 35},
			{"appName": "네이버TV", "usage": 25},
			{"appName": "후후", "usage": 16},
			{"appName": "Pinterest", "usage": 15},
			{"appName": "직방", "usage": 13},
			{"appName": "카메라", "usage": 12},
			{"appName": "기본홈", "usage": 12},
			{"appName": "Wi-Fi", "usage": 7},
			{"appName": "캘린더", "usage": 5},
			{"appName": "네이버 웹툰", "usage": 4},
			{"appName": "프레젠테이션", "usage": 3},
			{"appName": "벽돌깨기 퍼즐", "usage": 3},
			{"appName": "네이버 지도", "usage": 3},
			{"appName": "Polar Beat", "usage": 2},
			{"appName": "Google", "usage": 2},
			{"appName": "동영상", "usage": 1},
			{"appName": "Gmail", "usage": 1},
		]
	},
	{
		"date": 2,
		"totalTime": 745,
		"details": [
			{"appName": "카카오톡", "usage": 187},
			{"appName": "YouTube", "usage": 129},
			{"appName": "오늘의집", "usage": 84},
			{"appName": "Paco", "usage": 58},
			{"appName": "쿠팡", "usage": 54},
			{"appName": "Chrome", "usage": 42},
			{"appName": "네이버 웹툰", "usage": 32},
			{"appName": "네이버TV", "usage": 25},
			{"appName": "기본홈", "usage": 24},
			{"appName": "후후", "usage": 17},
			{"appName": "Pinterest", "usage": 15},
			{"appName": "직방", "usage": 13},
			{"appName": "Polar Beat", "usage": 12},
			{"appName": "토스", "usage": 6},
			{"appName": "Google", "usage": 6},
			{"appName": "해먹남녀", "usage": 4},
			{"appName": "캘린더", "usage": 3},
			{"appName": "메시지", "usage": 3},
			{"appName": "만개의 레시피", "usage": 3},
			{"appName": "네이버 지도", "usage": 3},
			{"appName": "카메라", "usage": 2},
			{"appName": "LG 페이", "usage": 2},
			{"appName": "알람/시계", "usage": 1},
			{"appName": "날씨", "usage": 1},
			{"appName": "Google Play 스토어", "usage": 1},
			{"appName": "Gmail", "usage": 1},
		]
	},
	{
		"date": 3,
		"totalTime": 515,
		"details": [
			{"appName": "YouTube", "usage": 129},
			{"appName": "카카오톡", "usage": 83},
			{"appName": "기본홈", "usage": 38},
			{"appName": "오늘의집", "usage": 36},
			{"appName": "네이버 웹툰", "usage": 32},
			{"appName": "벽돌깨기 퍼즐", "usage": 25},
			{"appName": "후후", "usage": 20},
			{"appName": "Pinterest", "usage": 16},
			{"appName": "Netflix", "usage": 15},
			{"appName": "Polar Beat", "usage": 13},
			{"appName": "Chrome", "usage": 11},
			{"appName": "쿠팡", "usage": 10},
			{"appName": "Paco", "usage": 10},
			{"appName": "뱅크샐러드", "usage": 9},
			{"appName": "네이버TV", "usage": 5},
			{"appName": "Amazon Kindle", "usage": 5},
			{"appName": "ABC Logger", "usage": 5},
			{"appName": "해먹남녀", "usage": 4},
			{"appName": "캘린더", "usage": 4},
			{"appName": "Gmail", "usage": 4},
			{"appName": "카메라", "usage": 3},
			{"appName": "알람/시계", "usage": 3},
			{"appName": "메시지", "usage": 3},
			{"appName": "만개의 레시피", "usage": 3},
			{"appName": "LG 페이", "usage": 3},
			{"appName": "", "usage": 3},
			{"appName": "Google", "usage": 2},
			{"appName": "시스템 UI", "usage": 1},
			{"appName": "Messenger", "usage": 1},
		]
	},
	{
		"date": 4,
		"totalTime": 453,
		"details": [
			{"appName": "YouTube", "usage": 75},
			{"appName": "쿠팡", "usage": 66},
			{"appName": "카카오톡", "usage": 65},
			{"appName": "벽돌깨기 퍼즐", "usage": 37},
			{"appName": "Polar Beat", "usage": 30},
			{"appName": "기본홈", "usage": 29},
			{"appName": "오늘의집", "usage": 22},
			{"appName": "Paco", "usage": 20},
			{"appName": "카메라", "usage": 17},
			{"appName": "Netflix", "usage": 15},
			{"appName": "헬로마켓", "usage": 7},
			{"appName": "네이버 웹툰", "usage": 6},
			{"appName": "Pinterest", "usage": 6},
			{"appName": "CNCITY에너지", "usage": 6},
			{"appName": "Amazon Kindle", "usage": 5},
			{"appName": "ABC Logger", "usage": 5},
			{"appName": "캘린더", "usage": 4},
			{"appName": "Chrome", "usage": 4},
			{"appName": "후후", "usage": 3},
			{"appName": "Google Play 게임", "usage": 3},
			{"appName": "Bluetooth", "usage": 3},
			{"appName": "토스", "usage": 1},
			{"appName": "알람/시계", "usage": 1},
			{"appName": "동영상", "usage": 1},
			{"appName": "NAVER", "usage": 1},
		]
	},
	{
		"date": 5,
		"totalTime": 704,
		"details": [
			{"appName": "Netflix", "usage": 160},
			{"appName": "벽돌깨기 퍼즐", "usage": 148},
			{"appName": "쿠팡", "usage": 87},
			{"appName": "카카오톡", "usage": 82},
			{"appName": "YouTube", "usage": 57},
			{"appName": "기본홈", "usage": 33},
			{"appName": "Polar Beat", "usage": 31},
			{"appName": "오늘의집", "usage": 16},
			{"appName": "Paco", "usage": 9},
			{"appName": "네이버TV", "usage": 8},
			{"appName": "헬로마켓", "usage": 7},
			{"appName": "갤러리", "usage": 7},
			{"appName": "Chrome", "usage": 7},
			{"appName": "Google Play 게임", "usage": 6},
			{"appName": "CNCITY에너지", "usage": 6},
			{"appName": "후후", "usage": 5},
			{"appName": "Pinterest", "usage": 5},
			{"appName": "메시지", "usage": 3},
			{"appName": "SmartThinQ", "usage": 3},
			{"appName": "카메라", "usage": 2},
			{"appName": "원터치알림", "usage": 1},
			{"appName": "알람/시계", "usage": 1},
			{"appName": "시스템 UI", "usage": 1},
			{"appName": "동영상", "usage": 1},
			{"appName": "NAVER", "usage": 1},
		]
	},
	{
		"date": 6,
		"totalTime": 512,
		"details": [
			{"appName": "Netflix", "usage": 160},
			{"appName": "YouTube", "usage": 96},
			{"appName": "카카오톡", "usage": 71},
			{"appName": "벽돌깨기 퍼즐", "usage": 45},
			{"appName": "기본홈", "usage": 35},
			{"appName": "오늘의집", "usage": 20},
			{"appName": "쿠팡", "usage": 8},
			{"appName": "시스템 UI", "usage": 8},
			{"appName": "네이버TV", "usage": 8},
			{"appName": "헬로마켓", "usage": 7},
			{"appName": "갤러리", "usage": 7},
			{"appName": "Paco", "usage": 5},
			{"appName": "NAVER", "usage": 4},
			{"appName": "Chrome", "usage": 4},
			{"appName": "후후", "usage": 3},
			{"appName": "카메라", "usage": 3},
			{"appName": "알람/시계", "usage": 3},
			{"appName": "메시지", "usage": 3},
			{"appName": "SmartThinQ", "usage": 3},
			{"appName": "The Day Before", "usage": 2},
			{"appName": "Polar Beat", "usage": 2},
			{"appName": "원터치알림", "usage": 1},
		]
	},
	{
		"date": 7,
		"totalTime": 422,
		"details": [
			{"appName": "YouTube", "usage": 96},
			{"appName": "벽돌깨기 퍼즐", "usage": 76},
			{"appName": "카카오톡", "usage": 63},
			{"appName": "Pinterest", "usage": 47},
			{"appName": "Netflix", "usage": 27},
			{"appName": "기본홈", "usage": 25},
			{"appName": "토스", "usage": 21},
			{"appName": "메시지", "usage": 10},
			{"appName": "오목", "usage": 8},
			{"appName": "시스템 UI", "usage": 8},
			{"appName": "Paco", "usage": 8},
			{"appName": "Q메모+", "usage": 5},
			{"appName": "오늘의집", "usage": 4},
			{"appName": "후후", "usage": 3},
			{"appName": "알람/시계", "usage": 3},
			{"appName": "카메라", "usage": 2},
			{"appName": "NAVER", "usage": 1},
			{"appName": "Gmail", "usage": 1},
		]
	},
]
