[
	{
		"date": 1,
		"totalTime": 463,
		"details": [
			{"appName": "YouTube", "usage": 159},
			{"appName": "Pokémon GO", "usage": 77},
			{"appName": "삼성 인터넷", "usage": 74},
			{"appName": "카카오톡", "usage": 38},
			{"appName": "Facebook", "usage": 28},
			{"appName": "Samsung Experience 홈", "usage": 13},
			{"appName": "시계", "usage": 11},
			{"appName": "캐시워크", "usage": 10},
			{"appName": "Polar Beat", "usage": 9},
			{"appName": "전화", "usage": 6},
			{"appName": "시스템 UI", "usage": 5},
			{"appName": "Paco", "usage": 5},
			{"appName": "텍뷰", "usage": 4},
			{"appName": "피트니스", "usage": 2},
			{"appName": "설정", "usage": 2},
			{"appName": "YouTube Music", "usage": 2},
			{"appName": "편한가계부", "usage": 1},
			{"appName": "캘린더", "usage": 1},
			{"appName": "게임런처", "usage": 1},
			{"appName": "Microsoft Band", "usage": 1},
			{"appName": "LoL 프렌즈", "usage": 1},
			{"appName": "KAIST Library", "usage": 1},
		]
	},
	{
		"date": 2,
		"totalTime": 237,
		"details": [
			{"appName": "YouTube", "usage": 69},
			{"appName": "삼성 인터넷", "usage": 41},
			{"appName": "캐시워크", "usage": 33},
			{"appName": "Pokémon GO", "usage": 25},
			{"appName": "카카오톡", "usage": 15},
			{"appName": "Facebook", "usage": 12},
			{"appName": "시계", "usage": 9},
			{"appName": "Samsung Experience 홈", "usage": 9},
			{"appName": "Paco", "usage": 4},
			{"appName": "시스템 UI", "usage": 2},
			{"appName": "Logger", "usage": 2},
			{"appName": "캘린더", "usage": 1},
			{"appName": "지도", "usage": 1},
			{"appName": "설정", "usage": 1},
		]
	},
	{
		"date": 3,
		"totalTime": 572,
		"details": [
			{"appName": "YouTube", "usage": 370},
			{"appName": "Pokémon GO", "usage": 61},
			{"appName": "카카오톡", "usage": 28},
			{"appName": "삼성 인터넷", "usage": 27},
			{"appName": "Facebook", "usage": 19},
			{"appName": "텍뷰", "usage": 13},
			{"appName": "Samsung Experience 홈", "usage": 9},
			{"appName": "캐시워크", "usage": 6},
			{"appName": "갤러리", "usage": 6},
			{"appName": "시계", "usage": 4},
			{"appName": "드라이브", "usage": 4},
			{"appName": "Paco", "usage": 3},
			{"appName": "시스템 UI", "usage": 2},
			{"appName": "전화", "usage": 1},
			{"appName": "설정", "usage": 1},
			{"appName": "YouTube Music", "usage": 1},
			{"appName": "Messenger", "usage": 1},
		]
	},
	{
		"date": 4,
		"totalTime": 484,
		"details": [
			{"appName": "YouTube", "usage": 225},
			{"appName": "삼성 인터넷", "usage": 86},
			{"appName": "Pokémon GO", "usage": 66},
			{"appName": "카카오톡", "usage": 28},
			{"appName": "캐시워크", "usage": 12},
			{"appName": "Facebook", "usage": 12},
			{"appName": "Samsung Experience 홈", "usage": 8},
			{"appName": "갤러리", "usage": 7},
			{"appName": "카카오 T", "usage": 5},
			{"appName": "시계", "usage": 4},
			{"appName": "설정", "usage": 3},
			{"appName": "LoL 프렌즈", "usage": 3},
			{"appName": "시스템 UI", "usage": 2},
			{"appName": "편한가계부", "usage": 1},
			{"appName": "전화", "usage": 1},
			{"appName": "게임런처", "usage": 1},
			{"appName": "YouTube Music", "usage": 1},
			{"appName": "Paco", "usage": 1},
			{"appName": "Messenger", "usage": 1},
			{"appName": "IV Go", "usage": 1},
		]
	},
	{
		"date": 5,
		"totalTime": 485,
		"details": [
			{"appName": "YouTube", "usage": 238},
			{"appName": "삼성 인터넷", "usage": 125},
			{"appName": "카카오톡", "usage": 32},
			{"appName": "Facebook", "usage": 21},
			{"appName": "캐시워크", "usage": 13},
			{"appName": "Pokémon GO", "usage": 12},
			{"appName": "텍뷰", "usage": 6},
			{"appName": "YouTube Music", "usage": 6},
			{"appName": "Samsung Experience 홈", "usage": 6},
			{"appName": "시계", "usage": 3},
			{"appName": "Polar Beat", "usage": 3},
			{"appName": "시스템 UI", "usage": 2},
			{"appName": "Paco", "usage": 2},
			{"appName": "편한가계부", "usage": 1},
			{"appName": "캘린더", "usage": 1},
			{"appName": "전화", "usage": 1},
			{"appName": "Samsung Notes", "usage": 1},
		]
	},
	{
		"date": 6,
		"totalTime": 520,
		"details": [
			{"appName": "YouTube", "usage": 185},
			{"appName": "Pokémon GO", "usage": 57},
			{"appName": "캐시워크", "usage": 46},
			{"appName": "삼성 인터넷", "usage": 40},
			{"appName": "드라이브", "usage": 40},
			{"appName": "Facebook", "usage": 40},
			{"appName": "카카오톡", "usage": 35},
			{"appName": "시계", "usage": 12},
			{"appName": "Samsung Experience 홈", "usage": 9},
			{"appName": "메시지", "usage": 7},
			{"appName": "전화", "usage": 6},
			{"appName": "Hentoid", "usage": 6},
			{"appName": "지퍼7", "usage": 5},
			{"appName": "Paco", "usage": 5},
			{"appName": "시스템 UI", "usage": 3},
			{"appName": "YouTube Music", "usage": 3},
			{"appName": "캘린더", "usage": 2},
			{"appName": "계산기", "usage": 2},
			{"appName": "한컴오피스 viewer", "usage": 1},
			{"appName": "설정", "usage": 1},
			{"appName": "내 파일", "usage": 1},
		]
	},
	{
		"date": 7,
		"totalTime": 482,
		"details": [
			{"appName": "YouTube", "usage": 254},
			{"appName": "Pokémon GO", "usage": 61},
			{"appName": "캐시워크", "usage": 49},
			{"appName": "삼성 인터넷", "usage": 27},
			{"appName": "카카오톡", "usage": 23},
			{"appName": "Facebook", "usage": 23},
			{"appName": "시계", "usage": 12},
			{"appName": "Samsung Experience 홈", "usage": 6},
			{"appName": "토스", "usage": 5},
			{"appName": "전화", "usage": 3},
			{"appName": "Paco", "usage": 3},
			{"appName": "캘린더", "usage": 2},
			{"appName": "시스템 UI", "usage": 2},
			{"appName": "원터치개인", "usage": 1},
			{"appName": "LoL 프렌즈", "usage": 1},
		]
	},
]
