[
	{
		"date": 1,
		"totalTime": 728,
		"details": [
			{"appName": "YouTube", "usage": 189},
			{"appName": "삼성 인터넷", "usage": 143},
			{"appName": "Facebook", "usage": 123},
			{"appName": "통화", "usage": 76},
			{"appName": "네이버 웹툰", "usage": 52},
			{"appName": "카카오톡", "usage": 45},
			{"appName": "Samsung Experience 홈", "usage": 28},
			{"appName": "Polar Beat", "usage": 6},
			{"appName": "밥대생", "usage": 5},
			{"appName": "Microsoft Health", "usage": 4},
			{"appName": "KLMS", "usage": 4},
			{"appName": "김과외", "usage": 3},
			{"appName": "Paco", "usage": 3},
			{"appName": "Google Play 스토어", "usage": 3},
			{"appName": "ABC Logger", "usage": 3},
			{"appName": "토스", "usage": 2},
			{"appName": "전화", "usage": 2},
			{"appName": "설정", "usage": 2},
			{"appName": "Instagram", "usage": 2},
			{"appName": "GGtics", "usage": 2},
			{"appName": "패키지 설치 프로그램", "usage": 1},
			{"appName": "파인더", "usage": 1},
			{"appName": "텔레그램", "usage": 1},
			{"appName": "캠퍼스팅", "usage": 1},
			{"appName": "카메라", "usage": 1},
			{"appName": "시계", "usage": 1},
			{"appName": "삼성 키보드 뉴럴 베타", "usage": 1},
			{"appName": "빅스비 보이스", "usage": 1},
			{"appName": "비디오 플레이어", "usage": 1},
			{"appName": "디바이스 케어", "usage": 1},
			{"appName": "갤러리", "usage": 1},
			{"appName": "Google Play 서비스", "usage": 1},
			{"appName": "Dropsync", "usage": 1},
		]
	},
	{
		"date": 2,
		"totalTime": 652,
		"details": [
			{"appName": "YouTube", "usage": 259},
			{"appName": "Facebook", "usage": 109},
			{"appName": "삼성 인터넷", "usage": 86},
			{"appName": "네이버 웹툰", "usage": 53},
			{"appName": "카카오톡", "usage": 48},
			{"appName": "통화", "usage": 23},
			{"appName": "Samsung Experience 홈", "usage": 19},
			{"appName": "한컴오피스 viewer", "usage": 9},
			{"appName": "Polar Beat", "usage": 6},
			{"appName": "SR 고속열차", "usage": 5},
			{"appName": "Paco", "usage": 3},
			{"appName": "텔레그램", "usage": 2},
			{"appName": "전화", "usage": 2},
			{"appName": "Dropsync", "usage": 2},
			{"appName": "토스", "usage": 1},
			{"appName": "캠퍼스팅", "usage": 1},
			{"appName": "카메라", "usage": 1},
			{"appName": "지하철종결자", "usage": 1},
			{"appName": "시계", "usage": 1},
			{"appName": "빅스비 보이스", "usage": 1},
			{"appName": "비디오 플레이어", "usage": 1},
			{"appName": "김과외", "usage": 1},
			{"appName": "갤러리", "usage": 1},
			{"appName": "Instagram", "usage": 1},
		]
	},
	{
		"date": 3,
		"totalTime": 659,
		"details": [
			{"appName": "YouTube", "usage": 259},
			{"appName": "Facebook", "usage": 109},
			{"appName": "삼성 인터넷", "usage": 65},
			{"appName": "카카오톡", "usage": 48},
			{"appName": "네이버 웹툰", "usage": 33},
			{"appName": "지도", "usage": 32},
			{"appName": "통화", "usage": 25},
			{"appName": "Samsung Experience 홈", "usage": 23},
			{"appName": "한컴오피스 viewer", "usage": 9},
			{"appName": "Samsung Pay", "usage": 6},
			{"appName": "SR 고속열차", "usage": 5},
			{"appName": "지하철종결자", "usage": 4},
			{"appName": "시계", "usage": 4},
			{"appName": "Polar Beat", "usage": 4},
			{"appName": "설정", "usage": 3},
			{"appName": "텔레그램", "usage": 2},
			{"appName": "Instagram", "usage": 2},
			{"appName": "Dropsync", "usage": 2},
			{"appName": "토스", "usage": 1},
			{"appName": "캠퍼스팅", "usage": 1},
			{"appName": "카카오뱅크", "usage": 1},
			{"appName": "삼성 키보드 뉴럴 베타", "usage": 1},
			{"appName": "김과외", "usage": 1},
			{"appName": "Paco", "usage": 1},
			{"appName": "Messenger", "usage": 1},
			{"appName": "Google Play 스토어", "usage": 1},
		]
	},
	{
		"date": 4,
		"totalTime": 709,
		"details": [
			{"appName": "YouTube", "usage": 237},
			{"appName": "삼성 인터넷", "usage": 232},
			{"appName": "Facebook", "usage": 47},
			{"appName": "네이버 웹툰", "usage": 33},
			{"appName": "지도", "usage": 32},
			{"appName": "통화", "usage": 26},
			{"appName": "Samsung Experience 홈", "usage": 23},
			{"appName": "카카오톡", "usage": 22},
			{"appName": "한컴오피스 viewer", "usage": 9},
			{"appName": "Samsung Pay", "usage": 6},
			{"appName": "지하철종결자", "usage": 4},
			{"appName": "시계", "usage": 4},
			{"appName": "전화", "usage": 3},
			{"appName": "설정", "usage": 3},
			{"appName": "SR 고속열차", "usage": 3},
			{"appName": "Polar Beat", "usage": 2},
			{"appName": "Instagram", "usage": 2},
			{"appName": "토스", "usage": 1},
			{"appName": "캠퍼스팅", "usage": 1},
			{"appName": "카카오뱅크", "usage": 1},
			{"appName": "삼성 키보드 뉴럴 베타", "usage": 1},
			{"appName": "내 파일", "usage": 1},
			{"appName": "Messenger", "usage": 1},
			{"appName": "Melon", "usage": 1},
			{"appName": "Google Play 스토어", "usage": 1},
		]
	},
	{
		"date": 5,
		"totalTime": 698,
		"details": [
			{"appName": "YouTube", "usage": 237},
			{"appName": "삼성 인터넷", "usage": 232},
			{"appName": "Facebook", "usage": 62},
			{"appName": "카카오톡", "usage": 53},
			{"appName": "네이버 웹툰", "usage": 29},
			{"appName": "Samsung Experience 홈", "usage": 14},
			{"appName": "통화", "usage": 13},
			{"appName": "한컴오피스 viewer", "usage": 9},
			{"appName": "전화", "usage": 9},
			{"appName": "지도", "usage": 5},
			{"appName": "Logger", "usage": 4},
			{"appName": "SR 고속열차", "usage": 3},
			{"appName": "캠퍼스팅", "usage": 2},
			{"appName": "지하철종결자", "usage": 2},
			{"appName": "Microsoft Health", "usage": 2},
			{"appName": "Chrome", "usage": 2},
			{"appName": "토스", "usage": 1},
			{"appName": "텔레그램", "usage": 1},
			{"appName": "내 파일", "usage": 1},
			{"appName": "Polar Beat", "usage": 1},
			{"appName": "Paco", "usage": 1},
			{"appName": "Melon", "usage": 1},
		]
	},
	{
		"date": 6,
		"totalTime": 782,
		"details": [
			{"appName": "YouTube", "usage": 248},
			{"appName": "전화", "usage": 114},
			{"appName": "삼성 인터넷", "usage": 92},
			{"appName": "Facebook", "usage": 83},
			{"appName": "시계", "usage": 71},
			{"appName": "카카오톡", "usage": 53},
			{"appName": "네이버 웹툰", "usage": 29},
			{"appName": "Samsung Experience 홈", "usage": 26},
			{"appName": "통화", "usage": 8},
			{"appName": "캠퍼스팅", "usage": 8},
			{"appName": "지니 뮤직", "usage": 7},
			{"appName": "Logger", "usage": 4},
			{"appName": "이메일", "usage": 3},
			{"appName": "밥대생", "usage": 2},
			{"appName": "Zenly", "usage": 2},
			{"appName": "Microsoft Health", "usage": 2},
			{"appName": "Chrome", "usage": 2},
			{"appName": "텔레그램", "usage": 1},
			{"appName": "카카오뱅크", "usage": 1},
			{"appName": "설정", "usage": 1},
			{"appName": "김과외", "usage": 1},
			{"appName": "The Weather Channel", "usage": 1},
			{"appName": "Space Big Bang", "usage": 1},
			{"appName": "Polar Beat", "usage": 1},
			{"appName": "Paco", "usage": 1},
			{"appName": "Instagram", "usage": 1},
		]
	},
	{
		"date": 7,
		"totalTime": 986,
		"details": [
			{"appName": "YouTube", "usage": 248},
			{"appName": "시계", "usage": 149},
			{"appName": "삼성 인터넷", "usage": 125},
			{"appName": "전화", "usage": 114},
			{"appName": "Facebook", "usage": 96},
			{"appName": "카카오톡", "usage": 94},
			{"appName": "카메라", "usage": 34},
			{"appName": "Samsung Experience 홈", "usage": 27},
			{"appName": "네이버 웹툰", "usage": 21},
			{"appName": "전광판 LED", "usage": 9},
			{"appName": "통화", "usage": 8},
			{"appName": "캠퍼스팅", "usage": 8},
			{"appName": "지니 뮤직", "usage": 7},
			{"appName": "갤러리", "usage": 5},
			{"appName": "이메일", "usage": 3},
			{"appName": "텔레그램", "usage": 2},
			{"appName": "삼성 키보드 뉴럴 베타", "usage": 2},
			{"appName": "밥대생", "usage": 2},
			{"appName": "Zenly", "usage": 2},
			{"appName": "Instagram", "usage": 2},
			{"appName": "캘린더", "usage": 1},
			{"appName": "카카오뱅크", "usage": 1},
			{"appName": "설정", "usage": 1},
			{"appName": "비디오 플레이어", "usage": 1},
			{"appName": "김과외", "usage": 1},
			{"appName": "The Weather Channel", "usage": 1},
			{"appName": "Space Big Bang", "usage": 1},
			{"appName": "KLMS", "usage": 1},
			{"appName": "Dropsync", "usage": 1},
		]
	},
]
