[
	{
		"date": 1,
		"totalTime": 300,
		"details": [
			{"appName": "카카오톡", "usage": 109},
			{"appName": "네이버 웹툰", "usage": 39},
			{"appName": "도돌 런처", "usage": 17},
			{"appName": "Facebook", "usage": 15},
			{"appName": "Instagram", "usage": 14},
			{"appName": "YouTube", "usage": 10},
			{"appName": "알람/시계", "usage": 8},
			{"appName": "KAIST	Portal", "usage": 8},
			{"appName": "Chrome", "usage": 8},
			{"appName": "캘린더", "usage": 7},
			{"appName": "메시지", "usage": 7},
			{"appName": "갤러리", "usage": 7},
			{"appName": "NAVER", "usage": 7},
			{"appName": "통화 화면", "usage": 6},
			{"appName": "Polar Beat", "usage": 4},
			{"appName": "Paco", "usage": 3},
			{"appName": "주소록", "usage": 2},
			{"appName": "시스템 UI", "usage": 2},
			{"appName": "설정", "usage": 2},
			{"appName": "Wi-Fi", "usage": 2},
			{"appName": "Slack", "usage": 1},
			{"appName": "KLMS", "usage": 1},
			{"appName": "Dropsync", "usage": 1},
			{"appName": "BAND", "usage": 1},
			{"appName": "ABC Logger", "usage": 1},
		]
	},
	{
		"date": 2,
		"totalTime": 325,
		"details": [
			{"appName": "카카오톡", "usage": 109},
			{"appName": "갤러리", "usage": 47},
			{"appName": "네이버 웹툰", "usage": 27},
			{"appName": "도돌 런처", "usage": 22},
			{"appName": "Facebook", "usage": 15},
			{"appName": "Instagram", "usage": 14},
			{"appName": "알람/시계", "usage": 9},
			{"appName": "KB스타알림", "usage": 8},
			{"appName": "KAIST	Portal", "usage": 8},
			{"appName": "Chrome", "usage": 8},
			{"appName": "메시지", "usage": 7},
			{"appName": "NAVER", "usage": 7},
			{"appName": "Evernote", "usage": 6},
			{"appName": "Paco", "usage": 4},
			{"appName": "통화 화면", "usage": 3},
			{"appName": "Polar Beat", "usage": 3},
			{"appName": "시스템 UI", "usage": 2},
			{"appName": "Wi-Fi", "usage": 2},
			{"appName": "캘린더", "usage": 1},
			{"appName": "Slack", "usage": 1},
			{"appName": "KLMS", "usage": 1},
			{"appName": "Gmail", "usage": 1},
			{"appName": "BAND", "usage": 1},
		]
	},
	{
		"date": 3,
		"totalTime": 326,
		"details": [
			{"appName": "카카오톡", "usage": 93},
			{"appName": "네이버 웹툰", "usage": 53},
			{"appName": "갤러리", "usage": 47},
			{"appName": "Chrome", "usage": 24},
			{"appName": "도돌 런처", "usage": 22},
			{"appName": "Facebook", "usage": 20},
			{"appName": "알람/시계", "usage": 9},
			{"appName": "KB스타알림", "usage": 8},
			{"appName": "메시지", "usage": 7},
			{"appName": "Evernote", "usage": 6},
			{"appName": "Paco", "usage": 4},
			{"appName": "통화 화면", "usage": 3},
			{"appName": "Instagram", "usage": 3},
			{"appName": "시스템 UI", "usage": 2},
			{"appName": "Dreamclass", "usage": 2},
			{"appName": "캘린더", "usage": 1},
			{"appName": "Slack", "usage": 1},
			{"appName": "Polar Beat", "usage": 1},
			{"appName": "NAVER", "usage": 1},
			{"appName": "KLMS", "usage": 1},
			{"appName": "Gmail", "usage": 1},
		]
	},
	{
		"date": 4,
		"totalTime": 210,
		"details": [
			{"appName": "네이버 웹툰", "usage": 53},
			{"appName": "카카오톡", "usage": 44},
			{"appName": "Chrome", "usage": 24},
			{"appName": "Facebook", "usage": 20},
			{"appName": "도돌 런처", "usage": 18},
			{"appName": "Instagram", "usage": 7},
			{"appName": "통화 화면", "usage": 5},
			{"appName": "Paco", "usage": 4},
			{"appName": "CamScanner", "usage": 4},
			{"appName": "갤러리", "usage": 3},
			{"appName": "네이버 지도", "usage": 2},
			{"appName": "Evernote", "usage": 2},
			{"appName": "Dreamclass", "usage": 2},
			{"appName": "캘린더", "usage": 1},
			{"appName": "알람/시계", "usage": 1},
			{"appName": "시스템 UI", "usage": 1},
			{"appName": "Slack", "usage": 1},
			{"appName": "Polar Beat", "usage": 1},
			{"appName": "NAVER", "usage": 1},
			{"appName": "KLMS", "usage": 1},
		]
	},
	{
		"date": 5,
		"totalTime": 230,
		"details": [
			{"appName": "네이버 웹툰", "usage": 65},
			{"appName": "카카오톡", "usage": 39},
			{"appName": "도돌 런처", "usage": 18},
			{"appName": "Facebook", "usage": 17},
			{"appName": "YouTube", "usage": 15},
			{"appName": "Chrome", "usage": 13},
			{"appName": "Instagram", "usage": 7},
			{"appName": "NAVER", "usage": 6},
			{"appName": "통화 화면", "usage": 5},
			{"appName": "Polaris Office", "usage": 5},
			{"appName": "Paco", "usage": 5},
			{"appName": "Slack", "usage": 4},
			{"appName": "CamScanner", "usage": 4},
			{"appName": "음악", "usage": 2},
			{"appName": "네이버 지도", "usage": 2},
			{"appName": "KB스타알림", "usage": 2},
			{"appName": "Evernote", "usage": 2},
			{"appName": "캘린더", "usage": 1},
			{"appName": "알람/시계", "usage": 1},
			{"appName": "시스템 UI", "usage": 1},
			{"appName": "KLMS", "usage": 1},
		]
	},
	{
		"date": 6,
		"totalTime": 314,
		"details": [
			{"appName": "카카오톡", "usage": 110},
			{"appName": "네이버 웹툰", "usage": 65},
			{"appName": "도돌 런처", "usage": 23},
			{"appName": "Facebook", "usage": 23},
			{"appName": "Chrome", "usage": 17},
			{"appName": "YouTube", "usage": 15},
			{"appName": "Evernote", "usage": 9},
			{"appName": "NAVER", "usage": 6},
			{"appName": "Polaris Office", "usage": 5},
			{"appName": "Paco", "usage": 5},
			{"appName": "Slack", "usage": 4},
			{"appName": "캘린더", "usage": 3},
			{"appName": "메시지", "usage": 3},
			{"appName": "갤러리", "usage": 3},
			{"appName": "Instagram", "usage": 3},
			{"appName": "음악", "usage": 2},
			{"appName": "KB스타알림", "usage": 2},
			{"appName": "KAIST	Portal", "usage": 2},
			{"appName": "시스템 UI", "usage": 1},
		]
	},
	{
		"date": 7,
		"totalTime": 271,
		"details": [
			{"appName": "카카오톡", "usage": 110},
			{"appName": "도돌 런처", "usage": 23},
			{"appName": "Facebook", "usage": 23},
			{"appName": "네이버 웹툰", "usage": 19},
			{"appName": "Chrome", "usage": 17},
			{"appName": "통화 화면", "usage": 11},
			{"appName": "Evernote", "usage": 9},
			{"appName": "NAVER", "usage": 6},
			{"appName": "네이버 지도", "usage": 4},
			{"appName": "Paco", "usage": 4},
			{"appName": "캘린더", "usage": 3},
			{"appName": "메시지", "usage": 3},
			{"appName": "갤러리", "usage": 3},
			{"appName": "Instagram", "usage": 3},
			{"appName": "BAND", "usage": 3},
			{"appName": "주소록", "usage": 2},
			{"appName": "음악", "usage": 2},
			{"appName": "음성 녹음", "usage": 2},
			{"appName": "알람/시계", "usage": 2},
			{"appName": "시스템 UI", "usage": 2},
			{"appName": "KAIST	Portal", "usage": 2},
			{"appName": "카톡 프리뷰", "usage": 1},
			{"appName": "카메라", "usage": 1},
			{"appName": "Polar Beat", "usage": 1},
			{"appName": "Bluetooth", "usage": 1},
		]
	},
]
