[
	{
		"date": 1,
		"totalTime": 162,
		"details": [
			{"appName": "YouTube", "usage": 35},
			{"appName": "삼성 인터넷", "usage": 22},
			{"appName": "Facebook", "usage": 19},
			{"appName": "카카오톡", "usage": 18},
			{"appName": "네이버 웹툰", "usage": 14},
			{"appName": "Samsung Experience 홈", "usage": 14},
			{"appName": "Polar Beat", "usage": 9},
			{"appName": "Paco", "usage": 9},
			{"appName": "갤러리", "usage": 5},
			{"appName": "전화", "usage": 4},
			{"appName": "설정", "usage": 3},
			{"appName": "Samsung Pay", "usage": 1},
			{"appName": "KLMS", "usage": 1},
		]
	},
	{
		"date": 2,
		"totalTime": 198,
		"details": [
			{"appName": "YouTube", "usage": 54},
			{"appName": "Facebook", "usage": 35},
			{"appName": "삼성 인터넷", "usage": 25},
			{"appName": "드라이브", "usage": 17},
			{"appName": "카카오톡", "usage": 14},
			{"appName": "Samsung Experience 홈", "usage": 11},
			{"appName": "위비톡", "usage": 10},
			{"appName": "Polar Beat", "usage": 5},
			{"appName": "네이버 웹툰", "usage": 4},
			{"appName": "Paco", "usage": 4},
			{"appName": "전화", "usage": 3},
			{"appName": "시계", "usage": 2},
			{"appName": "갤러리", "usage": 2},
			{"appName": "카메라", "usage": 1},
			{"appName": "설정", "usage": 1},
			{"appName": "Samsung Pay", "usage": 1},
		]
	},
	{
		"date": 3,
		"totalTime": 332,
		"details": [
			{"appName": "YouTube", "usage": 104},
			{"appName": "Facebook", "usage": 98},
			{"appName": "네이버 웹툰", "usage": 24},
			{"appName": "카카오톡", "usage": 20},
			{"appName": "삼성 인터넷", "usage": 17},
			{"appName": "AfreecaTV", "usage": 17},
			{"appName": "Chrome", "usage": 11},
			{"appName": "전화", "usage": 8},
			{"appName": "Samsung Experience 홈", "usage": 8},
			{"appName": "밥대생", "usage": 5},
			{"appName": "Paco", "usage": 5},
			{"appName": "지니 뮤직", "usage": 3},
			{"appName": "시계", "usage": 1},
			{"appName": "Polar Beat", "usage": 1},
		]
	},
	{
		"date": 4,
		"totalTime": 281,
		"details": [
			{"appName": "YouTube", "usage": 151},
			{"appName": "Chrome", "usage": 32},
			{"appName": "삼성 인터넷", "usage": 31},
			{"appName": "AfreecaTV", "usage": 16},
			{"appName": "네이버 웹툰", "usage": 11},
			{"appName": "지니 뮤직", "usage": 6},
			{"appName": "Samsung Experience 홈", "usage": 6},
			{"appName": "카카오톡", "usage": 5},
			{"appName": "Facebook", "usage": 5},
			{"appName": "Paco", "usage": 3},
			{"appName": "Polar Beat", "usage": 2},
			{"appName": "InBody", "usage": 2},
			{"appName": "원터치알림", "usage": 1},
		]
	},
	{
		"date": 5,
		"totalTime": 461,
		"details": [
			{"appName": "YouTube", "usage": 200},
			{"appName": "AfreecaTV", "usage": 83},
			{"appName": "Chrome", "usage": 52},
			{"appName": "Twitch", "usage": 37},
			{"appName": "Facebook", "usage": 29},
			{"appName": "네이버 웹툰", "usage": 16},
			{"appName": "Samsung Experience 홈", "usage": 14},
			{"appName": "카카오톡", "usage": 7},
			{"appName": "삼성 인터넷", "usage": 7},
			{"appName": "Paco", "usage": 5},
			{"appName": "지니 뮤직", "usage": 1},
			{"appName": "전화", "usage": 1},
			{"appName": "Polar Beat", "usage": 1},
		]
	},
	{
		"date": 6,
		"totalTime": 420,
		"details": [
			{"appName": "YouTube", "usage": 178},
			{"appName": "Facebook", "usage": 121},
			{"appName": "삼성 인터넷", "usage": 24},
			{"appName": "카카오톡", "usage": 14},
			{"appName": "위비톡", "usage": 13},
			{"appName": "Samsung Experience 홈", "usage": 13},
			{"appName": "ABC Logger", "usage": 10},
			{"appName": "AfreecaTV", "usage": 9},
			{"appName": "전화", "usage": 5},
			{"appName": "시계", "usage": 4},
			{"appName": "네이버 웹툰", "usage": 4},
			{"appName": "Paco", "usage": 4},
			{"appName": "KLMS", "usage": 4},
			{"appName": "카메라", "usage": 2},
			{"appName": "Messenger", "usage": 2},
			{"appName": "메시지", "usage": 1},
			{"appName": "Polaris Office", "usage": 1},
			{"appName": "Polar Beat", "usage": 1},
		]
	},
	{
		"date": 7,
		"totalTime": 144,
		"details": [
			{"appName": "Facebook", "usage": 43},
			{"appName": "YouTube", "usage": 21},
			{"appName": "카카오톡", "usage": 17},
			{"appName": "Dropsync", "usage": 17},
			{"appName": "전화", "usage": 13},
			{"appName": "Samsung Experience 홈", "usage": 13},
			{"appName": "메시지", "usage": 7},
			{"appName": "삼성 인터넷", "usage": 3},
			{"appName": "Paco", "usage": 3},
			{"appName": "시계", "usage": 1},
			{"appName": "Polar Beat", "usage": 1},
		]
	},
]
