[
	{
		"date": 1,
		"totalTime": 306,
		"details": [
			{"appName": "카카오톡", "usage": 92},
			{"appName": "YouTube", "usage": 61},
			{"appName": "YouTube Music", "usage": 22},
			{"appName": "카메라", "usage": 20},
			{"appName": "기본홈", "usage": 19},
			{"appName": "Whale", "usage": 19},
			{"appName": "Paco", "usage": 12},
			{"appName": "Chrome", "usage": 11},
			{"appName": "알람/시계", "usage": 4},
			{"appName": "동영상", "usage": 4},
			{"appName": "티몬", "usage": 3},
			{"appName": "T전화", "usage": 3},
			{"appName": "LG 페이", "usage": 3},
			{"appName": "BAND", "usage": 3},
			{"appName": "AIA Vitality T건강걷기", "usage": 3},
			{"appName": "컬쳐랜드", "usage": 2},
			{"appName": "뱅크샐러드", "usage": 2},
			{"appName": "Polar Beat", "usage": 2},
			{"appName": "다나와 가격비교", "usage": 1},
			{"appName": "NFC 서비스", "usage": 1},
			{"appName": "Gmail", "usage": 1},
			{"appName": "ABC Logger", "usage": 1},
		]
	},
	{
		"date": 2,
		"totalTime": 219,
		"details": [
			{"appName": "YouTube", "usage": 64},
			{"appName": "카카오톡", "usage": 40},
			{"appName": "Whale", "usage": 36},
			{"appName": "기본홈", "usage": 21},
			{"appName": "메시지", "usage": 7},
			{"appName": "Paco", "usage": 6},
			{"appName": "NAVER", "usage": 6},
			{"appName": "Gmail", "usage": 6},
			{"appName": "T전화", "usage": 4},
			{"appName": "카카오맵", "usage": 3},
			{"appName": "갤러리", "usage": 2},
			{"appName": "Polar Beat", "usage": 2},
			{"appName": "Dropsync", "usage": 2},
			{"appName": "하나카드", "usage": 1},
			{"appName": "토스", "usage": 1},
			{"appName": "설정", "usage": 1},
			{"appName": "YouTube Music", "usage": 1},
			{"appName": "PASS", "usage": 1},
		]
	},
	{
		"date": 3,
		"totalTime": 264,
		"details": [
			{"appName": "카카오톡", "usage": 90},
			{"appName": "YouTube", "usage": 51},
			{"appName": "Polar Beat", "usage": 20},
			{"appName": "Whale", "usage": 18},
			{"appName": "갤러리", "usage": 17},
			{"appName": "기본홈", "usage": 13},
			{"appName": "메시지", "usage": 9},
			{"appName": "Paco", "usage": 8},
			{"appName": "Q메모+", "usage": 5},
			{"appName": "설정", "usage": 4},
			{"appName": "알람/시계", "usage": 3},
			{"appName": "다나와 가격비교", "usage": 3},
			{"appName": "Chrome", "usage": 3},
			{"appName": "T전화", "usage": 2},
			{"appName": "BAND", "usage": 2},
			{"appName": "캘린더", "usage": 1},
			{"appName": "음악", "usage": 1},
			{"appName": "시스템 UI", "usage": 1},
			{"appName": "YouTube Music", "usage": 1},
			{"appName": "LG 페이", "usage": 1},
		]
	},
	{
		"date": 4,
		"totalTime": 384,
		"details": [
			{"appName": "YouTube", "usage": 282},
			{"appName": "G마켓", "usage": 16},
			{"appName": "기본홈", "usage": 15},
			{"appName": "Polar Beat", "usage": 14},
			{"appName": "카카오톡", "usage": 11},
			{"appName": "Whale", "usage": 8},
			{"appName": "YouTube Music", "usage": 5},
			{"appName": "알람/시계", "usage": 4},
			{"appName": "T전화", "usage": 4},
			{"appName": "Paco", "usage": 4},
			{"appName": "메시지", "usage": 3},
			{"appName": "하나카드", "usage": 1},
			{"appName": "갤러리", "usage": 1},
			{"appName": "Logger", "usage": 1},
			{"appName": "LG 페이", "usage": 1},
			{"appName": "Google Play 스토어", "usage": 1},
		]
	},
	{
		"date": 5,
		"totalTime": 299,
		"details": [
			{"appName": "YouTube", "usage": 178},
			{"appName": "기본홈", "usage": 33},
			{"appName": "Whale", "usage": 16},
			{"appName": "카카오톡", "usage": 12},
			{"appName": "Paco", "usage": 8},
			{"appName": "갤러리", "usage": 5},
			{"appName": "T전화", "usage": 5},
			{"appName": "위메프", "usage": 4},
			{"appName": "메시지", "usage": 4},
			{"appName": "다나와 가격비교", "usage": 4},
			{"appName": "Polar Beat", "usage": 3},
			{"appName": "ISP/페이북", "usage": 2},
			{"appName": "G마켓", "usage": 2},
			{"appName": "Gmail", "usage": 2},
			{"appName": "ABC Logger", "usage": 2},
			{"appName": "티몬", "usage": 1},
			{"appName": "알람/시계", "usage": 1},
			{"appName": "시스템 UI", "usage": 1},
			{"appName": "YouTube Music", "usage": 1},
			{"appName": "Logger", "usage": 1},
			{"appName": "11번가", "usage": 1},
		]
	},
	{
		"date": 6,
		"totalTime": 230,
		"details": [
			{"appName": "카카오톡", "usage": 56},
			{"appName": "기본홈", "usage": 38},
			{"appName": "Polar Beat", "usage": 31},
			{"appName": "Whale", "usage": 17},
			{"appName": "YouTube Music", "usage": 16},
			{"appName": "다나와 가격비교", "usage": 15},
			{"appName": "YouTube", "usage": 9},
			{"appName": "메시지", "usage": 6},
			{"appName": "사용자 휴대폰 도우미", "usage": 5},
			{"appName": "갤러리", "usage": 5},
			{"appName": "T전화", "usage": 5},
			{"appName": "ABC Logger", "usage": 4},
			{"appName": "Wi-Fi", "usage": 3},
			{"appName": "Paco", "usage": 2},
			{"appName": "NFC 서비스", "usage": 2},
			{"appName": "LG 페이", "usage": 2},
			{"appName": "BAND", "usage": 1},
		]
	},
	{
		"date": 7,
		"totalTime": 194,
		"details": [
			{"appName": "카카오톡", "usage": 45},
			{"appName": "Whale", "usage": 27},
			{"appName": "메시지", "usage": 18},
			{"appName": "YouTube", "usage": 17},
			{"appName": "YouTube Music", "usage": 16},
			{"appName": "기본홈", "usage": 12},
			{"appName": "T전화", "usage": 7},
			{"appName": "Paco", "usage": 7},
			{"appName": "LG 페이", "usage": 7},
			{"appName": "카카오맵", "usage": 6},
			{"appName": "Chrome", "usage": 6},
			{"appName": "사용자 휴대폰 도우미", "usage": 4},
			{"appName": "토스", "usage": 2},
			{"appName": "고속버스 모바일", "usage": 2},
			{"appName": "원기날씨", "usage": 1},
			{"appName": "NFC 서비스", "usage": 1},
			{"appName": "Instagram", "usage": 1},
			{"appName": "BAND", "usage": 1},
			{"appName": "AIA Vitality T건강걷기", "usage": 1},
		]
	},
]
