[
	{
		"date": 1,
		"totalTime": 586,
		"details": [
			{"appName": "카카오톡", "usage": 154},
			{"appName": "Facebook", "usage": 130},
			{"appName": "삼성 인터넷", "usage": 81},
			{"appName": "전화", "usage": 54},
			{"appName": "Samsung Experience 홈", "usage": 42},
			{"appName": "네이버 웹툰", "usage": 28},
			{"appName": "네이버 지도", "usage": 20},
			{"appName": "설정", "usage": 14},
			{"appName": "알바몬", "usage": 8},
			{"appName": "", "usage": 8},
			{"appName": "Microsoft Band", "usage": 5},
			{"appName": "Paco", "usage": 3},
			{"appName": "연락처", "usage": 2},
			{"appName": "비디오 플레이어", "usage": 2},
			{"appName": "메시지", "usage": 2},
			{"appName": "YouTube", "usage": 2},
			{"appName": "Polaris Office", "usage": 2},
			{"appName": "Polar Beat", "usage": 2},
			{"appName": "NAVER", "usage": 2},
			{"appName": "쿠팡", "usage": 1},
			{"appName": "카카오지하철", "usage": 1},
			{"appName": "Logger", "usage": 1},
			{"appName": "KLMS", "usage": 1},
		]
	},
	{
		"date": 2,
		"totalTime": 317,
		"details": [
			{"appName": "카카오톡", "usage": 103},
			{"appName": "Facebook", "usage": 102},
			{"appName": "삼성 인터넷", "usage": 21},
			{"appName": "네이버 웹툰", "usage": 19},
			{"appName": "Samsung Experience 홈", "usage": 19},
			{"appName": "YouTube", "usage": 15},
			{"appName": "메시지", "usage": 5},
			{"appName": "코레일톡", "usage": 2},
			{"appName": "전화", "usage": 2},
			{"appName": "설정", "usage": 2},
			{"appName": "Polar Beat", "usage": 2},
			{"appName": "Paco", "usage": 2},
			{"appName": "Microsoft Band", "usage": 2},
			{"appName": "KLMS", "usage": 2},
			{"appName": "여기어때", "usage": 1},
			{"appName": "네이버 지도", "usage": 1},
			{"appName": "Messenger", "usage": 1},
		]
	},
	{
		"date": 3,
		"totalTime": 284,
		"details": [
			{"appName": "카카오톡", "usage": 69},
			{"appName": "Facebook", "usage": 63},
			{"appName": "삼성 인터넷", "usage": 38},
			{"appName": "네이버 웹툰", "usage": 28},
			{"appName": "전화", "usage": 24},
			{"appName": "YouTube", "usage": 15},
			{"appName": "네이버 지도", "usage": 10},
			{"appName": "Samsung Experience 홈", "usage": 9},
			{"appName": "카카오지하철", "usage": 2},
			{"appName": "시외버스	모바일", "usage": 2},
			{"appName": "메시지", "usage": 2},
			{"appName": "Paco", "usage": 2},
			{"appName": "연락처", "usage": 1},
			{"appName": "갤러리", "usage": 1},
			{"appName": "Polar Beat", "usage": 1},
			{"appName": "Logger", "usage": 1},
		]
	},
	{
		"date": 4,
		"totalTime": 517,
		"details": [
			{"appName": "Facebook", "usage": 175},
			{"appName": "카카오톡", "usage": 151},
			{"appName": "네이버 웹툰", "usage": 41},
			{"appName": "삼성 인터넷", "usage": 24},
			{"appName": "네이버 지도", "usage": 19},
			{"appName": "전화", "usage": 18},
			{"appName": "YouTube", "usage": 16},
			{"appName": "Microsoft Band", "usage": 15},
			{"appName": "Samsung Experience 홈", "usage": 13},
			{"appName": "여기어때", "usage": 6},
			{"appName": "설정", "usage": 3},
			{"appName": "Polar Beat", "usage": 3},
			{"appName": "B612", "usage": 3},
			{"appName": "카카오지하철", "usage": 2},
			{"appName": "시외버스	모바일", "usage": 2},
			{"appName": "갤러리", "usage": 2},
			{"appName": "Paco", "usage": 2},
			{"appName": "Logger", "usage": 2},
			{"appName": "코레일톡", "usage": 1},
			{"appName": "캘린더", "usage": 1},
			{"appName": "내 파일", "usage": 1},
		]
	},
	{
		"date": 5,
		"totalTime": 630,
		"details": [
			{"appName": "Facebook", "usage": 186},
			{"appName": "카카오톡", "usage": 125},
			{"appName": "네이버 웹툰", "usage": 100},
			{"appName": "YouTube", "usage": 82},
			{"appName": "삼성 인터넷", "usage": 47},
			{"appName": "Samsung Experience 홈", "usage": 17},
			{"appName": "쿠팡", "usage": 13},
			{"appName": "전화", "usage": 12},
			{"appName": "네이버 지도", "usage": 10},
			{"appName": "코레일톡", "usage": 6},
			{"appName": "여기어때", "usage": 6},
			{"appName": "B612", "usage": 3},
			{"appName": "갤러리", "usage": 2},
			{"appName": "Paco", "usage": 2},
			{"appName": "Logger", "usage": 2},
			{"appName": "카카오지하철", "usage": 1},
			{"appName": "시스템 UI", "usage": 1},
			{"appName": "설정", "usage": 1},
			{"appName": "고속버스 모바일", "usage": 1},
			{"appName": "Polar Beat", "usage": 1},
			{"appName": "Google Play 스토어", "usage": 1},
		]
	},
	{
		"date": 6,
		"totalTime": 393,
		"details": [
			{"appName": "네이버 웹툰", "usage": 102},
			{"appName": "카카오톡", "usage": 68},
			{"appName": "Facebook", "usage": 63},
			{"appName": "삼성 인터넷", "usage": 52},
			{"appName": "전화", "usage": 42},
			{"appName": "드라이브", "usage": 20},
			{"appName": "Samsung Experience 홈", "usage": 12},
			{"appName": "코레일톡", "usage": 5},
			{"appName": "네이버 지도", "usage": 3},
			{"appName": "고속버스 모바일", "usage": 3},
			{"appName": "에브리타임", "usage": 2},
			{"appName": "토스", "usage": 1},
			{"appName": "여기어때", "usage": 1},
			{"appName": "시외버스	모바일", "usage": 1},
			{"appName": "메시지", "usage": 1},
			{"appName": "Paco", "usage": 1},
			{"appName": "MUSINSA", "usage": 1},
			{"appName": "KLMS", "usage": 1},
			{"appName": "", "usage": 1},
		]
	},
	{
		"date": 7,
		"totalTime": 362,
		"details": [
			{"appName": "카카오톡", "usage": 81},
			{"appName": "네이버 웹툰", "usage": 79},
			{"appName": "Facebook", "usage": 45},
			{"appName": "네이버 지도", "usage": 34},
			{"appName": "전화", "usage": 30},
			{"appName": "삼성 인터넷", "usage": 22},
			{"appName": "YouTube", "usage": 21},
			{"appName": "Samsung Experience 홈", "usage": 13},
			{"appName": "B612", "usage": 11},
			{"appName": "코레일톡", "usage": 4},
			{"appName": "메시지", "usage": 3},
			{"appName": "토스", "usage": 2},
			{"appName": "카카오지하철", "usage": 1},
			{"appName": "Paco", "usage": 1},
			{"appName": "KLMS", "usage": 1},
		]
	},
]
