[
	{
		"date": 1,
		"totalTime": 0,
		"details": [
		]
	},
	{
		"date": 2,
		"totalTime": 0,
		"details": [
		]
	},
	{
		"date": 3,
		"totalTime": 152,
		"details": [
			{"appName": "삼성 인터넷", "usage": 42},
			{"appName": "카카오톡", "usage": 31},
			{"appName": "Samsung Experience 홈", "usage": 31},
			{"appName": "전화", "usage": 11},
			{"appName": "Microsoft Band", "usage": 7},
			{"appName": "드라이브", "usage": 4},
			{"appName": "Suunto", "usage": 3},
			{"appName": "Paco", "usage": 3},
			{"appName": "우리카드", "usage": 2},
			{"appName": "설정", "usage": 2},
			{"appName": "YouTube", "usage": 2},
			{"appName": "시스템 UI", "usage": 1},
			{"appName": "메시지", "usage": 1},
			{"appName": "Samsung Pay", "usage": 1},
			{"appName": "Dropsync", "usage": 1},
		]
	},
	{
		"date": 4,
		"totalTime": 521,
		"details": [
			{"appName": "Wahoo", "usage": 130},
			{"appName": "oksusu", "usage": 118},
			{"appName": "Samsung Experience 홈", "usage": 66},
			{"appName": "삼성 인터넷", "usage": 44},
			{"appName": "카카오톡", "usage": 43},
			{"appName": "YouTube", "usage": 34},
			{"appName": "Suunto", "usage": 12},
			{"appName": "전화", "usage": 11},
			{"appName": "Microsoft Band", "usage": 7},
			{"appName": "Paco", "usage": 6},
			{"appName": "우리카드", "usage": 5},
			{"appName": "Google Play 스토어", "usage": 5},
			{"appName": "시스템 UI", "usage": 4},
			{"appName": "드라이브", "usage": 4},
			{"appName": "Samsung Pay", "usage": 4},
			{"appName": "Polar Beat", "usage": 3},
			{"appName": "카메라", "usage": 2},
			{"appName": "설정", "usage": 2},
			{"appName": "지도", "usage": 1},
			{"appName": "메시지", "usage": 1},
			{"appName": "똑똑가계부", "usage": 1},
			{"appName": "Dropsync", "usage": 1},
			{"appName": "CaptivePortalLogin", "usage": 1},
		]
	},
	{
		"date": 5,
		"totalTime": 409,
		"details": [
			{"appName": "oksusu", "usage": 175},
			{"appName": "YouTube", "usage": 65},
			{"appName": "카카오톡", "usage": 46},
			{"appName": "Samsung Experience 홈", "usage": 30},
			{"appName": "카카오페이지", "usage": 16},
			{"appName": "삼성 인터넷", "usage": 16},
			{"appName": "연락처", "usage": 10},
			{"appName": "우리카드", "usage": 8},
			{"appName": "밥대생", "usage": 5},
			{"appName": "Google Play 스토어", "usage": 5},
			{"appName": "시스템 UI", "usage": 4},
			{"appName": "Paco", "usage": 4},
			{"appName": "전화", "usage": 3},
			{"appName": "Suunto", "usage": 3},
			{"appName": "Samsung Pay", "usage": 3},
			{"appName": "설정", "usage": 1},
			{"appName": "똑똑가계부", "usage": 1},
			{"appName": "VIBE", "usage": 1},
			{"appName": "CaptivePortalLogin", "usage": 1},
		]
	},
	{
		"date": 6,
		"totalTime": 439,
		"details": [
			{"appName": "oksusu", "usage": 190},
			{"appName": "YouTube", "usage": 61},
			{"appName": "Samsung Experience 홈", "usage": 51},
			{"appName": "카카오톡", "usage": 44},
			{"appName": "Polar Beat", "usage": 32},
			{"appName": "카카오페이지", "usage": 14},
			{"appName": "삼성 인터넷", "usage": 13},
			{"appName": "우리카드", "usage": 5},
			{"appName": "밥대생", "usage": 5},
			{"appName": "Samsung Pay", "usage": 3},
			{"appName": "Paco", "usage": 3},
			{"appName": "설정", "usage": 2},
			{"appName": "캘린더", "usage": 1},
			{"appName": "전화", "usage": 1},
			{"appName": "시스템 UI", "usage": 1},
			{"appName": "시계", "usage": 1},
			{"appName": "똑똑가계부", "usage": 1},
		]
	},
	{
		"date": 7,
		"totalTime": 354,
		"details": [
			{"appName": "oksusu", "usage": 190},
			{"appName": "카카오톡", "usage": 48},
			{"appName": "Samsung Experience 홈", "usage": 29},
			{"appName": "YouTube", "usage": 25},
			{"appName": "삼성 인터넷", "usage": 15},
			{"appName": "카카오페이지", "usage": 14},
			{"appName": "우리카드", "usage": 13},
			{"appName": "Paco", "usage": 3},
			{"appName": "캘린더", "usage": 1},
			{"appName": "전화", "usage": 1},
			{"appName": "시스템 UI", "usage": 1},
			{"appName": "시계", "usage": 1},
			{"appName": "설정", "usage": 1},
			{"appName": "똑똑가계부", "usage": 1},
			{"appName": "VIBE", "usage": 1},
			{"appName": "Samsung Pay", "usage": 1},
		]
	},
]
