[
	{
		"date": 1,
		"totalTime": 522,
		"details": [
			{"appName": "카카오톡", "usage": 128},
			{"appName": "Facebook", "usage": 93},
			{"appName": "삼성 인터넷", "usage": 38},
			{"appName": "Samsung Experience 홈", "usage": 36},
			{"appName": "Instagram", "usage": 34},
			{"appName": "T전화", "usage": 26},
			{"appName": "시계", "usage": 19},
			{"appName": "캘린더", "usage": 13},
			{"appName": "음성 녹음", "usage": 10},
			{"appName": "연락처", "usage": 10},
			{"appName": "Samsung Notes", "usage": 9},
			{"appName": "Paco", "usage": 9},
			{"appName": "시스템 UI", "usage": 8},
			{"appName": "갤러리", "usage": 8},
			{"appName": "한컴오피스 viewer", "usage": 6},
			{"appName": "설정", "usage": 6},
			{"appName": "에어비앤비", "usage": 5},
			{"appName": "드라이브", "usage": 5},
			{"appName": "Samsung Pay", "usage": 5},
			{"appName": "SODA", "usage": 4},
			{"appName": "Polar Beat", "usage": 4},
			{"appName": "Microsoft Band", "usage": 4},
			{"appName": "카메라", "usage": 3},
			{"appName": "디바이스 관리", "usage": 3},
			{"appName": "이메일", "usage": 2},
			{"appName": "여기어때", "usage": 2},
			{"appName": "KLMS", "usage": 2},
			{"appName": "Google Play 스토어", "usage": 2},
			{"appName": "Dropsync", "usage": 2},
			{"appName": "ABC Logger", "usage": 2},
			{"appName": "패키지 설치 프로그램", "usage": 1},
			{"appName": "토스", "usage": 1},
			{"appName": "Logger", "usage": 1},
		]
	},
	{
		"date": 2,
		"totalTime": 535,
		"details": [
			{"appName": "Facebook", "usage": 164},
			{"appName": "카카오톡", "usage": 144},
			{"appName": "Samsung Experience 홈", "usage": 36},
			{"appName": "삼성 인터넷", "usage": 27},
			{"appName": "T전화", "usage": 27},
			{"appName": "Instagram", "usage": 22},
			{"appName": "토스", "usage": 11},
			{"appName": "연락처", "usage": 10},
			{"appName": "Samsung Notes", "usage": 9},
			{"appName": "한컴오피스 viewer", "usage": 6},
			{"appName": "갤러리", "usage": 6},
			{"appName": "에어비앤비", "usage": 5},
			{"appName": "드라이브", "usage": 5},
			{"appName": "Samsung Pay", "usage": 5},
			{"appName": "Paco", "usage": 5},
			{"appName": "이메일", "usage": 4},
			{"appName": "음성 녹음", "usage": 3},
			{"appName": "시스템 UI", "usage": 3},
			{"appName": "네이버 지도", "usage": 3},
			{"appName": "Chrome", "usage": 3},
			{"appName": "BAND", "usage": 3},
			{"appName": "파인더", "usage": 2},
			{"appName": "카메라", "usage": 2},
			{"appName": "지도", "usage": 2},
			{"appName": "여기어때", "usage": 2},
			{"appName": "캘린더", "usage": 1},
			{"appName": "안드로이드 시스템", "usage": 1},
			{"appName": "설정", "usage": 1},
			{"appName": "블루투스", "usage": 1},
			{"appName": "네이버 카페", "usage": 1},
			{"appName": "SODA", "usage": 1},
			{"appName": "Polar Beat", "usage": 1},
		]
	},
	{
		"date": 3,
		"totalTime": 763,
		"details": [
			{"appName": "Facebook", "usage": 277},
			{"appName": "카카오톡", "usage": 194},
			{"appName": "삼성 인터넷", "usage": 88},
			{"appName": "Instagram", "usage": 34},
			{"appName": "T전화", "usage": 23},
			{"appName": "Samsung Experience 홈", "usage": 20},
			{"appName": "사전", "usage": 17},
			{"appName": "한컴오피스 viewer", "usage": 12},
			{"appName": "토스", "usage": 11},
			{"appName": "카메라", "usage": 11},
			{"appName": "BAND", "usage": 9},
			{"appName": "계산기", "usage": 8},
			{"appName": "갤러리", "usage": 7},
			{"appName": "드라이브", "usage": 6},
			{"appName": "시스템 UI", "usage": 5},
			{"appName": "이메일", "usage": 4},
			{"appName": "네이버 지도", "usage": 3},
			{"appName": "Paco", "usage": 3},
			{"appName": "Chrome", "usage": 3},
			{"appName": "파인더", "usage": 2},
			{"appName": "지도", "usage": 2},
			{"appName": "안드로이드 시스템", "usage": 1},
			{"appName": "설정", "usage": 1},
			{"appName": "블루투스", "usage": 1},
			{"appName": "네이버 카페", "usage": 1},
			{"appName": "내 파일", "usage": 1},
			{"appName": "Polar Beat", "usage": 1},
		]
	},
	{
		"date": 4,
		"totalTime": 555,
		"details": [
			{"appName": "Facebook", "usage": 280},
			{"appName": "카카오톡", "usage": 110},
			{"appName": "Instagram", "usage": 38},
			{"appName": "Samsung Experience 홈", "usage": 29},
			{"appName": "T전화", "usage": 25},
			{"appName": "한컴오피스 viewer", "usage": 12},
			{"appName": "갤러리", "usage": 12},
			{"appName": "카메라", "usage": 10},
			{"appName": "BAND", "usage": 9},
			{"appName": "SODA", "usage": 7},
			{"appName": "삼성 인터넷", "usage": 6},
			{"appName": "시스템 UI", "usage": 2},
			{"appName": "파인더", "usage": 1},
			{"appName": "스프레드시트", "usage": 1},
			{"appName": "Paco", "usage": 1},
		]
	},
	{
		"date": 5,
		"totalTime": 717,
		"details": [
			{"appName": "카카오톡", "usage": 160},
			{"appName": "Chrome", "usage": 154},
			{"appName": "Instagram", "usage": 151},
			{"appName": "Facebook", "usage": 77},
			{"appName": "YouTube", "usage": 75},
			{"appName": "삼성 인터넷", "usage": 21},
			{"appName": "갤러리", "usage": 18},
			{"appName": "카메라", "usage": 10},
			{"appName": "싸이메라", "usage": 10},
			{"appName": "Samsung Experience 홈", "usage": 9},
			{"appName": "SODA", "usage": 7},
			{"appName": "시계", "usage": 6},
			{"appName": "비디오 플레이어", "usage": 2},
			{"appName": "한컴오피스 viewer", "usage": 1},
			{"appName": "파인더", "usage": 1},
			{"appName": "시스템 UI", "usage": 1},
			{"appName": "스프레드시트", "usage": 1},
			{"appName": "Foodie", "usage": 1},
		]
	},
	{
		"date": 6,
		"totalTime": 881,
		"details": [
			{"appName": "카카오톡", "usage": 221},
			{"appName": "Chrome", "usage": 220},
			{"appName": "Instagram", "usage": 158},
			{"appName": "Facebook", "usage": 88},
			{"appName": "드라이브", "usage": 50},
			{"appName": "한컴오피스 viewer", "usage": 29},
			{"appName": "삼성 인터넷", "usage": 21},
			{"appName": "Samsung Experience 홈", "usage": 19},
			{"appName": "계산기", "usage": 12},
			{"appName": "싸이메라", "usage": 10},
			{"appName": "T전화", "usage": 9},
			{"appName": "시계", "usage": 6},
			{"appName": "갤러리", "usage": 5},
			{"appName": "KLMS", "usage": 5},
			{"appName": "카메라", "usage": 4},
			{"appName": "시스템 UI", "usage": 3},
			{"appName": "음성 녹음", "usage": 2},
			{"appName": "비디오 플레이어", "usage": 2},
			{"appName": "스프레드시트", "usage": 1},
			{"appName": "사전", "usage": 1},
		]
	},
	{
		"date": 7,
		"totalTime": 341,
		"details": [
			{"appName": "카카오톡", "usage": 140},
			{"appName": "Facebook", "usage": 45},
			{"appName": "Instagram", "usage": 35},
			{"appName": "한컴오피스 viewer", "usage": 29},
			{"appName": "Samsung Experience 홈", "usage": 21},
			{"appName": "드라이브", "usage": 17},
			{"appName": "계산기", "usage": 12},
			{"appName": "T전화", "usage": 9},
			{"appName": "삼성 인터넷", "usage": 5},
			{"appName": "카메라", "usage": 4},
			{"appName": "시스템 UI", "usage": 3},
			{"appName": "SODA", "usage": 2},
			{"appName": "갤러리", "usage": 1},
			{"appName": "KLMS", "usage": 1},
			{"appName": "Google Play 서비스", "usage": 1},
		]
	},
]
