[
	{
		"date": 1,
		"totalTime": 706,
		"details": [
			{"appName": "YouTube", "usage": 355},
			{"appName": "Duel Links", "usage": 97},
			{"appName": "Facebook", "usage": 64},
			{"appName": "카카오톡", "usage": 35},
			{"appName": "NAVER", "usage": 27},
			{"appName": "히어로칸타레", "usage": 24},
			{"appName": "네이버 웹툰", "usage": 22},
			{"appName": "Chrome", "usage": 20},
			{"appName": "Samsung Experience 홈", "usage": 17},
			{"appName": "One UI 홈", "usage": 17},
			{"appName": "Paco", "usage": 5},
			{"appName": "Polar Beat", "usage": 4},
			{"appName": "통화", "usage": 3},
			{"appName": "KLMS", "usage": 2},
			{"appName": "비디오 플레이어", "usage": 1},
		]
	},
	{
		"date": 2,
		"totalTime": 325,
		"details": [
			{"appName": "Duel Links", "usage": 72},
			{"appName": "Facebook", "usage": 61},
			{"appName": "NAVER", "usage": 41},
			{"appName": "카카오톡", "usage": 35},
			{"appName": "YouTube", "usage": 31},
			{"appName": "네이버 웹툰", "usage": 18},
			{"appName": "One UI 홈", "usage": 17},
			{"appName": "통화", "usage": 10},
			{"appName": "히어로칸타레", "usage": 9},
			{"appName": "Samsung Pay", "usage": 6},
			{"appName": "Chrome", "usage": 6},
			{"appName": "시계", "usage": 4},
			{"appName": "Paco", "usage": 3},
			{"appName": "Samsung Notes", "usage": 2},
			{"appName": "벅스", "usage": 1},
		]
	},
	{
		"date": 3,
		"totalTime": 586,
		"details": [
			{"appName": "YouTube", "usage": 226},
			{"appName": "Duel Links", "usage": 153},
			{"appName": "Facebook", "usage": 48},
			{"appName": "네이버 웹툰", "usage": 42},
			{"appName": "카카오톡", "usage": 36},
			{"appName": "NAVER", "usage": 18},
			{"appName": "히어로칸타레", "usage": 15},
			{"appName": "통화", "usage": 11},
			{"appName": "One UI 홈", "usage": 10},
			{"appName": "시계", "usage": 9},
			{"appName": "Chrome", "usage": 3},
			{"appName": "Paco", "usage": 2},
			{"appName": "메시지", "usage": 1},
		]
	},
	{
		"date": 4,
		"totalTime": 230,
		"details": [
			{"appName": "NAVER", "usage": 57},
			{"appName": "Facebook", "usage": 45},
			{"appName": "YouTube", "usage": 40},
			{"appName": "통화", "usage": 29},
			{"appName": "카카오톡", "usage": 16},
			{"appName": "네이버 웹툰", "usage": 13},
			{"appName": "One UI 홈", "usage": 13},
			{"appName": "시계", "usage": 4},
			{"appName": "시외버스	모바일", "usage": 2},
			{"appName": "Paco", "usage": 2},
			{"appName": "카메라", "usage": 1},
			{"appName": "Polar Beat", "usage": 1},
		]
	},
	{
		"date": 5,
		"totalTime": 425,
		"details": [
			{"appName": "YouTube", "usage": 186},
			{"appName": "Duel Links", "usage": 46},
			{"appName": "Facebook", "usage": 43},
			{"appName": "카카오톡", "usage": 33},
			{"appName": "네이버 웹툰", "usage": 30},
			{"appName": "히어로칸타레", "usage": 16},
			{"appName": "One UI 홈", "usage": 11},
			{"appName": "시계", "usage": 10},
			{"appName": "벅스", "usage": 9},
			{"appName": "계산기", "usage": 7},
			{"appName": "NAVER", "usage": 7},
			{"appName": "시외버스	모바일", "usage": 6},
			{"appName": "통화", "usage": 4},
			{"appName": "Paco", "usage": 4},
			{"appName": "Samsung Notes", "usage": 3},
			{"appName": "카카오 T", "usage": 1},
		]
	},
	{
		"date": 6,
		"totalTime": 575,
		"details": [
			{"appName": "Duel Links", "usage": 169},
			{"appName": "YouTube", "usage": 134},
			{"appName": "Facebook", "usage": 77},
			{"appName": "네이버 웹툰", "usage": 42},
			{"appName": "히어로칸타레", "usage": 35},
			{"appName": "카카오톡", "usage": 27},
			{"appName": "통화", "usage": 16},
			{"appName": "One UI 홈", "usage": 16},
			{"appName": "시계", "usage": 13},
			{"appName": "NAVER", "usage": 7},
			{"appName": "드라이브", "usage": 6},
			{"appName": "계산기", "usage": 6},
			{"appName": "Chrome", "usage": 6},
			{"appName": "Paco", "usage": 4},
			{"appName": "메시지", "usage": 3},
			{"appName": "벅스", "usage": 1},
			{"appName": "Polar Beat", "usage": 1},
		]
	},
	{
		"date": 7,
		"totalTime": 253,
		"details": [
			{"appName": "Facebook", "usage": 57},
			{"appName": "Duel Links", "usage": 46},
			{"appName": "카카오톡", "usage": 38},
			{"appName": "YouTube", "usage": 22},
			{"appName": "히어로칸타레", "usage": 17},
			{"appName": "Chrome", "usage": 16},
			{"appName": "NAVER", "usage": 12},
			{"appName": "One UI 홈", "usage": 10},
			{"appName": "메시지", "usage": 7},
			{"appName": "통화", "usage": 6},
			{"appName": "Paco", "usage": 4},
			{"appName": "Samsung Notes", "usage": 3},
			{"appName": "네이버 웹툰", "usage": 2},
			{"appName": "드라이브", "usage": 1},
		]
	},
]
