[
	{
		"date": 1,
		"totalTime": 750,
		"details": [
			{"appName": "카카오톡", "usage": 386},
			{"appName": "기본홈", "usage": 109},
			{"appName": "Chrome", "usage": 58},
			{"appName": "알람이", "usage": 40},
			{"appName": "Facebook", "usage": 36},
			{"appName": "시스템 UI", "usage": 15},
			{"appName": "Microsoft Band", "usage": 15},
			{"appName": "전화", "usage": 14},
			{"appName": "Google Play 스토어", "usage": 10},
			{"appName": "주소록", "usage": 9},
			{"appName": "Paco", "usage": 9},
			{"appName": "Polar Beat", "usage": 7},
			{"appName": "Logger", "usage": 6},
			{"appName": "메시지", "usage": 5},
			{"appName": "ABC Logger", "usage": 4},
			{"appName": "날씨", "usage": 3},
			{"appName": "패키지 설치 프로그램", "usage": 2},
			{"appName": "접근성", "usage": 2},
			{"appName": "설정", "usage": 2},
			{"appName": "OneNote", "usage": 2},
			{"appName": "드라이브", "usage": 1},
			{"appName": "Dropsync", "usage": 1},
		]
	},
	{
		"date": 2,
		"totalTime": 616,
		"details": [
			{"appName": "카카오톡", "usage": 269},
			{"appName": "기본홈", "usage": 109},
			{"appName": "Facebook", "usage": 71},
			{"appName": "YouTube", "usage": 52},
			{"appName": "알람이", "usage": 40},
			{"appName": "Paco", "usage": 17},
			{"appName": "전화", "usage": 14},
			{"appName": "주소록", "usage": 9},
			{"appName": "Chrome", "usage": 4},
			{"appName": "카메라", "usage": 3},
			{"appName": "날씨", "usage": 3},
			{"appName": "Polar Beat", "usage": 3},
			{"appName": "Logger", "usage": 3},
			{"appName": "BAND", "usage": 3},
			{"appName": "시스템 UI", "usage": 2},
			{"appName": "설정", "usage": 1},
			{"appName": "갤러리", "usage": 1},
			{"appName": "Clean Master", "usage": 1},
		]
	},
	{
		"date": 3,
		"totalTime": 728,
		"details": [
			{"appName": "카카오톡", "usage": 285},
			{"appName": "알람이", "usage": 94},
			{"appName": "Facebook", "usage": 71},
			{"appName": "YouTube", "usage": 52},
			{"appName": "기본홈", "usage": 49},
			{"appName": "설정", "usage": 47},
			{"appName": "전화", "usage": 34},
			{"appName": "메시지", "usage": 18},
			{"appName": "Paco", "usage": 17},
			{"appName": "주소록", "usage": 8},
			{"appName": "토스", "usage": 6},
			{"appName": "알송", "usage": 6},
			{"appName": "Logger", "usage": 6},
			{"appName": "Chrome", "usage": 4},
			{"appName": "카메라", "usage": 3},
			{"appName": "갤러리", "usage": 3},
			{"appName": "BAND", "usage": 3},
			{"appName": "원터치개인", "usage": 2},
			{"appName": "포토", "usage": 1},
			{"appName": "접근성", "usage": 1},
			{"appName": "시스템 UI", "usage": 1},
			{"appName": "Polar Beat", "usage": 1},
			{"appName": "Clean Master", "usage": 1},
		]
	},
	{
		"date": 4,
		"totalTime": 858,
		"details": [
			{"appName": "카카오톡", "usage": 285},
			{"appName": "알람이", "usage": 209},
			{"appName": "YouTube", "usage": 67},
			{"appName": "기본홈", "usage": 49},
			{"appName": "설정", "usage": 47},
			{"appName": "Facebook", "usage": 38},
			{"appName": "Paco", "usage": 36},
			{"appName": "전화", "usage": 34},
			{"appName": "메시지", "usage": 18},
			{"appName": "주소록", "usage": 8},
			{"appName": "Google", "usage": 8},
			{"appName": "토스", "usage": 6},
			{"appName": "알송", "usage": 6},
			{"appName": "Logger", "usage": 6},
			{"appName": "프레젠테이션", "usage": 3},
			{"appName": "카메라", "usage": 3},
			{"appName": "드라이브", "usage": 3},
			{"appName": "갤러리", "usage": 3},
			{"appName": "Chrome", "usage": 3},
			{"appName": "원터치개인", "usage": 2},
			{"appName": "Google Play 서비스", "usage": 2},
			{"appName": "포토", "usage": 1},
			{"appName": "접근성", "usage": 1},
			{"appName": "시스템 UI", "usage": 1},
			{"appName": "Wi-Fi", "usage": 1},
			{"appName": "Polar Beat", "usage": 1},
		]
	},
	{
		"date": 5,
		"totalTime": 860,
		"details": [
			{"appName": "카카오톡", "usage": 296},
			{"appName": "알람이", "usage": 209},
			{"appName": "설정", "usage": 145},
			{"appName": "YouTube", "usage": 67},
			{"appName": "Paco", "usage": 36},
			{"appName": "Facebook", "usage": 34},
			{"appName": "기본홈", "usage": 22},
			{"appName": "전화", "usage": 9},
			{"appName": "Google", "usage": 8},
			{"appName": "주소록", "usage": 5},
			{"appName": "Chrome", "usage": 4},
			{"appName": "프레젠테이션", "usage": 3},
			{"appName": "드라이브", "usage": 3},
			{"appName": "갤러리", "usage": 3},
			{"appName": "알송", "usage": 2},
			{"appName": "Google Play 서비스", "usage": 2},
			{"appName": "Wi-Fi", "usage": 1},
		]
	},
	{
		"date": 6,
		"totalTime": 708,
		"details": [
			{"appName": "카카오톡", "usage": 296},
			{"appName": "설정", "usage": 145},
			{"appName": "알람이", "usage": 128},
			{"appName": "Facebook", "usage": 34},
			{"appName": "기본홈", "usage": 33},
			{"appName": "Paco", "usage": 17},
			{"appName": "YouTube", "usage": 12},
			{"appName": "메시지", "usage": 11},
			{"appName": "접근성", "usage": 8},
			{"appName": "Chrome", "usage": 4},
			{"appName": "갤러리", "usage": 3},
			{"appName": "원터치개인", "usage": 2},
			{"appName": "우체국 스마트뱅킹", "usage": 2},
			{"appName": "Google Play 스토어", "usage": 2},
			{"appName": "전화", "usage": 1},
			{"appName": "알송", "usage": 1},
			{"appName": "Polar Beat", "usage": 1},
		]
	},
	{
		"date": 7,
		"totalTime": 412,
		"details": [
			{"appName": "카카오톡", "usage": 160},
			{"appName": "알람이", "usage": 128},
			{"appName": "기본홈", "usage": 33},
			{"appName": "Paco", "usage": 23},
			{"appName": "Facebook", "usage": 18},
			{"appName": "Polar Beat", "usage": 12},
			{"appName": "메시지", "usage": 11},
			{"appName": "접근성", "usage": 8},
			{"appName": "전화", "usage": 3},
			{"appName": "원터치개인", "usage": 2},
			{"appName": "우체국 스마트뱅킹", "usage": 2},
			{"appName": "Google Play 스토어", "usage": 2},
			{"appName": "알송", "usage": 1},
			{"appName": "Chrome", "usage": 1},
		]
	},
]
