[
	{
		"date": 1,
		"totalTime": 793,
		"details": [
			{"appName": "디즈니팝", "usage": 194},
			{"appName": "카카오페이지", "usage": 145},
			{"appName": "알람몬", "usage": 103},
			{"appName": "Chrome", "usage": 72},
			{"appName": "기본홈", "usage": 61},
			{"appName": "카카오톡", "usage": 48},
			{"appName": "SR 고속열차", "usage": 23},
			{"appName": "Paco", "usage": 18},
			{"appName": "Polar Beat", "usage": 12},
			{"appName": "쏠캘린더", "usage": 11},
			{"appName": "Microsoft Band", "usage": 11},
			{"appName": "Instagram", "usage": 11},
			{"appName": "갤러리", "usage": 10},
			{"appName": "카카오뱅크", "usage": 8},
			{"appName": "설정", "usage": 7},
			{"appName": "VIBE", "usage": 6},
			{"appName": "T전화", "usage": 5},
			{"appName": "다음카페", "usage": 4},
			{"appName": "Google Play 스토어", "usage": 4},
			{"appName": "시스템 UI", "usage": 3},
			{"appName": "롯데면세점", "usage": 3},
			{"appName": "텔레그램", "usage": 2},
			{"appName": "코레일톡", "usage": 2},
			{"appName": "주소록", "usage": 2},
			{"appName": "Logger", "usage": 2},
			{"appName": "접근성", "usage": 1},
			{"appName": "뱅크샐러드", "usage": 1},
			{"appName": "드라이브", "usage": 1},
			{"appName": "Gmail", "usage": 1},
			{"appName": "Dropsync", "usage": 1},
			{"appName": "Bluetooth", "usage": 1},
			{"appName": "ABC Logger", "usage": 1},
		]
	},
	{
		"date": 2,
		"totalTime": 665,
		"details": [
			{"appName": "Chrome", "usage": 240},
			{"appName": "디즈니팝", "usage": 120},
			{"appName": "기본홈", "usage": 65},
			{"appName": "카카오페이지", "usage": 64},
			{"appName": "카카오톡", "usage": 51},
			{"appName": "Paco", "usage": 19},
			{"appName": "카카오뱅크", "usage": 15},
			{"appName": "VIBE", "usage": 11},
			{"appName": "카카오맵", "usage": 7},
			{"appName": "메시지", "usage": 6},
			{"appName": "Gmail", "usage": 6},
			{"appName": "ABC Logger", "usage": 6},
			{"appName": "토스", "usage": 5},
			{"appName": "T전화", "usage": 5},
			{"appName": "Google Play 스토어", "usage": 5},
			{"appName": "스타벅스", "usage": 4},
			{"appName": "갤러리", "usage": 4},
			{"appName": "시스템 UI", "usage": 3},
			{"appName": "텔레그램", "usage": 2},
			{"appName": "주소록", "usage": 2},
			{"appName": "쏠캘린더", "usage": 2},
			{"appName": "TimeTree", "usage": 2},
			{"appName": "카메라", "usage": 1},
			{"appName": "접근성", "usage": 1},
			{"appName": "Wi-Fi", "usage": 1},
			{"appName": "Polar Beat", "usage": 1},
			{"appName": "ES 파일 탐색기", "usage": 1},
		]
	},
	{
		"date": 3,
		"totalTime": 858,
		"details": [
			{"appName": "Chrome", "usage": 274},
			{"appName": "11번가", "usage": 179},
			{"appName": "카카오톡", "usage": 125},
			{"appName": "카카오페이지", "usage": 71},
			{"appName": "디즈니팝", "usage": 67},
			{"appName": "알람/시계", "usage": 26},
			{"appName": "기본홈", "usage": 15},
			{"appName": "쏠캘린더", "usage": 11},
			{"appName": "Paco", "usage": 9},
			{"appName": "토스", "usage": 8},
			{"appName": "메시지", "usage": 8},
			{"appName": "카카오맵", "usage": 7},
			{"appName": "Google Play 스토어", "usage": 6},
			{"appName": "Gmail", "usage": 6},
			{"appName": "ABC Logger", "usage": 6},
			{"appName": "갤러리", "usage": 5},
			{"appName": "스타벅스", "usage": 4},
			{"appName": "시스템 UI", "usage": 3},
			{"appName": "계산기", "usage": 3},
			{"appName": "원격 데스크톱", "usage": 2},
			{"appName": "TimeTree", "usage": 2},
			{"appName": "ES 파일 탐색기", "usage": 2},
			{"appName": "카메라", "usage": 1},
			{"appName": "스터디헬퍼", "usage": 1},
			{"appName": "Wi-Fi", "usage": 1},
			{"appName": "Polar Beat", "usage": 1},
		]
	},
	{
		"date": 4,
		"totalTime": 974,
		"details": [
			{"appName": "11번가", "usage": 231},
			{"appName": "카카오페이지", "usage": 212},
			{"appName": "삼성 인터넷", "usage": 206},
			{"appName": "Chrome", "usage": 128},
			{"appName": "디즈니팝", "usage": 78},
			{"appName": "카카오톡", "usage": 42},
			{"appName": "롯데면세점", "usage": 21},
			{"appName": "VIBE", "usage": 14},
			{"appName": "Frip", "usage": 7},
			{"appName": "Paco", "usage": 6},
			{"appName": "메시지", "usage": 5},
			{"appName": "카메라", "usage": 2},
			{"appName": "원격 데스크톱", "usage": 2},
			{"appName": "시스템 UI", "usage": 2},
			{"appName": "기본홈", "usage": 2},
			{"appName": "스터디헬퍼", "usage": 1},
			{"appName": "Polar Beat", "usage": 1},
			{"appName": "Google Play 스토어", "usage": 1},
		]
	},
	{
		"date": 5,
		"totalTime": 1007,
		"details": [
			{"appName": "삼성 인터넷", "usage": 249},
			{"appName": "카카오페이지", "usage": 241},
			{"appName": "Chrome", "usage": 155},
			{"appName": "디즈니팝", "usage": 107},
			{"appName": "카카오톡", "usage": 96},
			{"appName": "11번가", "usage": 33},
			{"appName": "롯데면세점", "usage": 21},
			{"appName": "트위터", "usage": 15},
			{"appName": "VIBE", "usage": 14},
			{"appName": "뱅크샐러드", "usage": 11},
			{"appName": "기본홈", "usage": 10},
			{"appName": "Paco", "usage": 9},
			{"appName": "카카오뱅크", "usage": 8},
			{"appName": "Polar Beat", "usage": 7},
			{"appName": "Frip", "usage": 7},
			{"appName": "카메라", "usage": 2},
			{"appName": "접근성", "usage": 2},
			{"appName": "시스템 UI", "usage": 2},
			{"appName": "다음카페", "usage": 2},
			{"appName": "Gmail", "usage": 2},
			{"appName": "쏠캘린더", "usage": 1},
			{"appName": "Google Play 스토어", "usage": 1},
		]
	},
	{
		"date": 6,
		"totalTime": 1097,
		"details": [
			{"appName": "삼성 인터넷", "usage": 249},
			{"appName": "Chrome", "usage": 194},
			{"appName": "카카오페이지", "usage": 173},
			{"appName": "카카오톡", "usage": 114},
			{"appName": "YouTube", "usage": 89},
			{"appName": "디즈니팝", "usage": 86},
			{"appName": "트위터", "usage": 15},
			{"appName": "당근마켓", "usage": 15},
			{"appName": "Paco", "usage": 15},
			{"appName": "메시지", "usage": 13},
			{"appName": "기본홈", "usage": 12},
			{"appName": "뱅크샐러드", "usage": 11},
			{"appName": "Gmail", "usage": 11},
			{"appName": "롯데면세점", "usage": 10},
			{"appName": "카카오뱅크", "usage": 9},
			{"appName": "T전화", "usage": 9},
			{"appName": "ABC Logger", "usage": 8},
			{"appName": "원격 데스크톱", "usage": 7},
			{"appName": "쏠캘린더", "usage": 7},
			{"appName": "접근성", "usage": 6},
			{"appName": "VIBE", "usage": 6},
			{"appName": "Polar Beat", "usage": 5},
			{"appName": "시스템 UI", "usage": 4},
			{"appName": "알람몬", "usage": 3},
			{"appName": "11번가", "usage": 3},
			{"appName": "다음카페", "usage": 2},
			{"appName": "Melon", "usage": 2},
			{"appName": "드라이브", "usage": 1},
		]
	},
	{
		"date": 7,
		"totalTime": 710,
		"details": [
			{"appName": "카카오페이지", "usage": 131},
			{"appName": "Chrome", "usage": 131},
			{"appName": "디즈니팝", "usage": 104},
			{"appName": "YouTube", "usage": 89},
			{"appName": "카카오톡", "usage": 54},
			{"appName": "Paco", "usage": 25},
			{"appName": "Gmail", "usage": 24},
			{"appName": "메시지", "usage": 22},
			{"appName": "당근마켓", "usage": 20},
			{"appName": "기본홈", "usage": 15},
			{"appName": "Melon", "usage": 15},
			{"appName": "삼성 인터넷", "usage": 14},
			{"appName": "카카오뱅크", "usage": 12},
			{"appName": "뱅크샐러드", "usage": 9},
			{"appName": "T전화", "usage": 7},
			{"appName": "Polar Beat", "usage": 6},
			{"appName": "텔레그램", "usage": 5},
			{"appName": "다음카페", "usage": 3},
			{"appName": "시스템 UI", "usage": 2},
			{"appName": "토스", "usage": 1},
			{"appName": "쏠캘린더", "usage": 1},
			{"appName": "갤러리", "usage": 1},
			{"appName": "Lysn", "usage": 1},
			{"appName": "Instagram", "usage": 1},
		]
	},
]
