[
	{
		"date": 1,
		"totalTime": 585,
		"details": [
			{"appName": "카카오톡", "usage": 79},
			{"appName": "Facebook", "usage": 64},
			{"appName": "YouTube", "usage": 57},
			{"appName": "Chrome", "usage": 57},
			{"appName": "삼성 인터넷", "usage": 49},
			{"appName": "아이모", "usage": 43},
			{"appName": "Samsung Experience 홈", "usage": 36},
			{"appName": "하스스톤", "usage": 35},
			{"appName": "우리카드", "usage": 19},
			{"appName": "네이버 뮤직", "usage": 12},
			{"appName": "설정", "usage": 10},
			{"appName": "Wahoo", "usage": 10},
			{"appName": "Polar Beat", "usage": 10},
			{"appName": "Paco", "usage": 10},
			{"appName": "갤러리", "usage": 8},
			{"appName": "전화", "usage": 7},
			{"appName": "Microsoft Band", "usage": 7},
			{"appName": "카카오페이지", "usage": 6},
			{"appName": "드라이브", "usage": 4},
			{"appName": "시스템 UI", "usage": 3},
			{"appName": "시계", "usage": 3},
			{"appName": "메시지", "usage": 3},
			{"appName": "내 파일", "usage": 3},
			{"appName": "PowerPoint", "usage": 3},
			{"appName": "ABC Logger", "usage": 3},
			{"appName": "카메라", "usage": 2},
			{"appName": "연락처", "usage": 2},
			{"appName": "메모", "usage": 2},
			{"appName": "네이버 지도", "usage": 2},
			{"appName": "KLMS", "usage": 2},
			{"appName": "Dropsync", "usage": 2},
			{"appName": "패키지 설치 프로그램", "usage": 1},
			{"appName": "컬쳐랜드", "usage": 1},
			{"appName": "위비뱅크", "usage": 1},
			{"appName": "원터치개인 삼성페이", "usage": 1},
			{"appName": "배달의민족", "usage": 1},
			{"appName": "똑똑가계부", "usage": 1},
			{"appName": "Logger", "usage": 1},
			{"appName": "Google Play 스토어", "usage": 1},
		]
	},
	{
		"date": 2,
		"totalTime": 596,
		"details": [
			{"appName": "YouTube", "usage": 73},
			{"appName": "Twitch", "usage": 71},
			{"appName": "하스스톤", "usage": 70},
			{"appName": "삼성 인터넷", "usage": 49},
			{"appName": "Chrome", "usage": 49},
			{"appName": "Facebook", "usage": 44},
			{"appName": "카카오톡", "usage": 42},
			{"appName": "Samsung Experience 홈", "usage": 38},
			{"appName": "드라이브", "usage": 30},
			{"appName": "우리카드", "usage": 27},
			{"appName": "아이모", "usage": 22},
			{"appName": "Paco", "usage": 9},
			{"appName": "전화", "usage": 7},
			{"appName": "설정", "usage": 7},
			{"appName": "카카오페이지", "usage": 6},
			{"appName": "밥대생", "usage": 5},
			{"appName": "메시지", "usage": 5},
			{"appName": "갤러리", "usage": 5},
			{"appName": "좋은 카메라", "usage": 3},
			{"appName": "Polar Beat", "usage": 3},
			{"appName": "KLMS", "usage": 3},
			{"appName": "연락처", "usage": 2},
			{"appName": "시스템 UI", "usage": 2},
			{"appName": "메모", "usage": 2},
			{"appName": "캘린더", "usage": 1},
			{"appName": "원터치개인 삼성페이", "usage": 1},
			{"appName": "배달의민족", "usage": 1},
			{"appName": "Samsung Pay", "usage": 1},
			{"appName": "Google Play 서비스", "usage": 1},
		]
	},
	{
		"date": 3,
		"totalTime": 669,
		"details": [
			{"appName": "Twitch", "usage": 144},
			{"appName": "YouTube", "usage": 90},
			{"appName": "하스스톤", "usage": 68},
			{"appName": "Samsung Experience 홈", "usage": 57},
			{"appName": "Facebook", "usage": 54},
			{"appName": "Chrome", "usage": 43},
			{"appName": "카카오톡", "usage": 42},
			{"appName": "삼성 인터넷", "usage": 38},
			{"appName": "아이모", "usage": 37},
			{"appName": "Polar Beat", "usage": 19},
			{"appName": "전화", "usage": 11},
			{"appName": "밥대생", "usage": 11},
			{"appName": "설정", "usage": 9},
			{"appName": "Paco", "usage": 8},
			{"appName": "메시지", "usage": 5},
			{"appName": "Samsung Pay", "usage": 4},
			{"appName": "우리카드", "usage": 2},
			{"appName": "시스템 UI", "usage": 2},
			{"appName": "갤러리", "usage": 2},
			{"appName": "SODA", "usage": 2},
			{"appName": "캘린더", "usage": 1},
			{"appName": "이메일", "usage": 1},
			{"appName": "배달의민족", "usage": 1},
			{"appName": "메모", "usage": 1},
			{"appName": "KLMS", "usage": 1},
			{"appName": "Google Play 서비스", "usage": 1},
		]
	},
	{
		"date": 4,
		"totalTime": 300,
		"details": [
			{"appName": "Twitch", "usage": 82},
			{"appName": "YouTube", "usage": 44},
			{"appName": "카카오톡", "usage": 33},
			{"appName": "Facebook", "usage": 28},
			{"appName": "하스스톤", "usage": 23},
			{"appName": "Chrome", "usage": 23},
			{"appName": "전화", "usage": 18},
			{"appName": "아이모", "usage": 16},
			{"appName": "Samsung Experience 홈", "usage": 16},
			{"appName": "SODA", "usage": 2},
			{"appName": "Paco", "usage": 2},
			{"appName": "이메일", "usage": 1},
			{"appName": "시스템 UI", "usage": 1},
		]
	},
	{
		"date": 5,
		"totalTime": 462,
		"details": [
			{"appName": "YouTube", "usage": 112},
			{"appName": "Twitch", "usage": 106},
			{"appName": "Facebook", "usage": 63},
			{"appName": "Chrome", "usage": 47},
			{"appName": "카카오톡", "usage": 40},
			{"appName": "하스스톤", "usage": 29},
			{"appName": "아이모", "usage": 23},
			{"appName": "Samsung Experience 홈", "usage": 17},
			{"appName": "전화", "usage": 4},
			{"appName": "Paco", "usage": 3},
			{"appName": "SODA", "usage": 2},
			{"appName": "KLMS", "usage": 2},
			{"appName": "원스토어", "usage": 1},
			{"appName": "시스템 UI", "usage": 1},
			{"appName": "메시지", "usage": 1},
			{"appName": "메모", "usage": 1},
			{"appName": "갤러리", "usage": 1},
		]
	},
	{
		"date": 6,
		"totalTime": 590,
		"details": [
			{"appName": "YouTube", "usage": 163},
			{"appName": "Twitch", "usage": 111},
			{"appName": "Facebook", "usage": 72},
			{"appName": "드라이브", "usage": 57},
			{"appName": "카카오톡", "usage": 50},
			{"appName": "Chrome", "usage": 50},
			{"appName": "하스스톤", "usage": 34},
			{"appName": "Samsung Experience 홈", "usage": 19},
			{"appName": "전화", "usage": 6},
			{"appName": "아이모", "usage": 6},
			{"appName": "갤러리", "usage": 3},
			{"appName": "KLMS", "usage": 3},
			{"appName": "SODA", "usage": 2},
			{"appName": "Paco", "usage": 2},
			{"appName": "시스템 UI", "usage": 1},
		]
	},
	{
		"date": 7,
		"totalTime": 323,
		"details": [
			{"appName": "YouTube", "usage": 67},
			{"appName": "Twitch", "usage": 52},
			{"appName": "드라이브", "usage": 43},
			{"appName": "카카오톡", "usage": 34},
			{"appName": "Facebook", "usage": 32},
			{"appName": "하스스톤", "usage": 24},
			{"appName": "Chrome", "usage": 22},
			{"appName": "아이모", "usage": 19},
			{"appName": "Samsung Experience 홈", "usage": 11},
			{"appName": "전화", "usage": 3},
			{"appName": "갤러리", "usage": 3},
			{"appName": "Paco", "usage": 1},
			{"appName": "KLMS", "usage": 1},
		]
	},
]
