[
	{
		"date": 1,
		"totalTime": 291,
		"details": [
			{"appName": "시스템 UI", "usage": 53},
			{"appName": "YouTube", "usage": 47},
			{"appName": "삼성 인터넷", "usage": 33},
			{"appName": "Samsung Experience 홈", "usage": 22},
			{"appName": "카카오톡", "usage": 18},
			{"appName": "벅스", "usage": 12},
			{"appName": "설정", "usage": 11},
			{"appName": "Polar Beat", "usage": 11},
			{"appName": "Paco", "usage": 10},
			{"appName": "Microsoft Health", "usage": 9},
			{"appName": "드라이브", "usage": 6},
			{"appName": "메시지", "usage": 5},
			{"appName": "Gmail", "usage": 5},
			{"appName": "Facebook", "usage": 5},
			{"appName": "Instagram", "usage": 3},
			{"appName": "Google Play 스토어", "usage": 3},
			{"appName": "ABC Logger", "usage": 3},
			{"appName": "시계", "usage": 2},
			{"appName": "뱅크샐러드", "usage": 2},
			{"appName": "갤러리", "usage": 2},
			{"appName": "한컴오피스 viewer", "usage": 1},
			{"appName": "포토", "usage": 1},
			{"appName": "패키지 설치 프로그램", "usage": 1},
			{"appName": "캘린더", "usage": 1},
			{"appName": "카카오맵", "usage": 1},
			{"appName": "우리페이", "usage": 1},
			{"appName": "안전 지킴이", "usage": 1},
			{"appName": "M-able", "usage": 1},
			{"appName": "Logger", "usage": 1},
			{"appName": "Dropsync", "usage": 1},
		]
	},
	{
		"date": 2,
		"totalTime": 226,
		"details": [
			{"appName": "시스템 UI", "usage": 72},
			{"appName": "Facebook", "usage": 47},
			{"appName": "카카오톡", "usage": 37},
			{"appName": "삼성 인터넷", "usage": 13},
			{"appName": "Paco", "usage": 11},
			{"appName": "Polar Beat", "usage": 9},
			{"appName": "Samsung Experience 홈", "usage": 7},
			{"appName": "벅스", "usage": 6},
			{"appName": "드라이브", "usage": 3},
			{"appName": "Instagram", "usage": 3},
			{"appName": "M-able", "usage": 2},
			{"appName": "캘린더", "usage": 1},
			{"appName": "시계", "usage": 1},
			{"appName": "설정", "usage": 1},
			{"appName": "Gmail", "usage": 1},
			{"appName": "Dropsync", "usage": 1},
		]
	},
	{
		"date": 3,
		"totalTime": 305,
		"details": [
			{"appName": "시스템 UI", "usage": 57},
			{"appName": "카카오톡", "usage": 51},
			{"appName": "Facebook", "usage": 47},
			{"appName": "YouTube", "usage": 46},
			{"appName": "벅스", "usage": 18},
			{"appName": "삼성 인터넷", "usage": 13},
			{"appName": "전화", "usage": 8},
			{"appName": "One UI 홈", "usage": 8},
			{"appName": "Samsung Experience 홈", "usage": 7},
			{"appName": "한컴오피스 viewer", "usage": 6},
			{"appName": "시계", "usage": 6},
			{"appName": "Paco", "usage": 5},
			{"appName": "M-able", "usage": 4},
			{"appName": "카카오 T", "usage": 3},
			{"appName": "뱅크샐러드", "usage": 3},
			{"appName": "롯데시네마", "usage": 2},
			{"appName": "Polar Beat", "usage": 2},
			{"appName": "Instagram", "usage": 2},
			{"appName": "카카오맵", "usage": 1},
			{"appName": "설정", "usage": 1},
		]
	},
	{
		"date": 4,
		"totalTime": 484,
		"details": [
			{"appName": "시스템 UI", "usage": 212},
			{"appName": "카카오톡", "usage": 54},
			{"appName": "YouTube", "usage": 51},
			{"appName": "T map", "usage": 36},
			{"appName": "Facebook", "usage": 23},
			{"appName": "벅스", "usage": 18},
			{"appName": "삼성 인터넷", "usage": 13},
			{"appName": "시계", "usage": 11},
			{"appName": "One UI 홈", "usage": 9},
			{"appName": "전화", "usage": 8},
			{"appName": "한컴오피스 viewer", "usage": 6},
			{"appName": "Paco", "usage": 6},
			{"appName": "국제검진센터", "usage": 4},
			{"appName": "M-able", "usage": 4},
			{"appName": "카카오 T", "usage": 3},
			{"appName": "뱅크샐러드", "usage": 3},
			{"appName": "롯데시네마", "usage": 2},
			{"appName": "카카오맵", "usage": 1},
			{"appName": "설정", "usage": 1},
			{"appName": "Polar Beat", "usage": 1},
			{"appName": "Instagram", "usage": 1},
		]
	},
	{
		"date": 5,
		"totalTime": 935,
		"details": [
			{"appName": "시스템 UI", "usage": 693},
			{"appName": "카카오톡", "usage": 64},
			{"appName": "YouTube", "usage": 55},
			{"appName": "Facebook", "usage": 39},
			{"appName": "T map", "usage": 36},
			{"appName": "삼성 인터넷", "usage": 11},
			{"appName": "벅스", "usage": 8},
			{"appName": "One UI 홈", "usage": 6},
			{"appName": "Paco", "usage": 5},
			{"appName": "국제검진센터", "usage": 4},
			{"appName": "시계", "usage": 1},
			{"appName": "Polar Beat", "usage": 1},
			{"appName": "Instagram", "usage": 1},
		]
	},
	{
		"date": 6,
		"totalTime": 290,
		"details": [
			{"appName": "YouTube", "usage": 70},
			{"appName": "카카오톡", "usage": 68},
			{"appName": "시스템 UI", "usage": 42},
			{"appName": "Facebook", "usage": 39},
			{"appName": "T map", "usage": 14},
			{"appName": "전화", "usage": 11},
			{"appName": "삼성 인터넷", "usage": 10},
			{"appName": "벅스", "usage": 8},
			{"appName": "One UI 홈", "usage": 6},
			{"appName": "Paco", "usage": 5},
			{"appName": "카메라", "usage": 2},
			{"appName": "시계", "usage": 2},
			{"appName": "국제검진센터", "usage": 1},
			{"appName": "Gmail", "usage": 1},
		]
	},
	{
		"date": 7,
		"totalTime": 827,
		"details": [
			{"appName": "시스템 UI", "usage": 565},
			{"appName": "YouTube", "usage": 117},
			{"appName": "카카오톡", "usage": 82},
			{"appName": "삼성 인터넷", "usage": 12},
			{"appName": "전화", "usage": 11},
			{"appName": "뱅크샐러드", "usage": 5},
			{"appName": "Paco", "usage": 5},
			{"appName": "One UI 홈", "usage": 5},
			{"appName": "Facebook", "usage": 4},
			{"appName": "카메라", "usage": 2},
			{"appName": "시계", "usage": 2},
			{"appName": "벅스", "usage": 2},
			{"appName": "국제검진센터", "usage": 1},
			{"appName": "M-able", "usage": 1},
			{"appName": "Gmail", "usage": 1},
		]
	},
]
