[
	{
		"date": 1,
		"totalTime": 413,
		"details": [
			{"appName": "Facebook", "usage": 98},
			{"appName": "NAVER", "usage": 40},
			{"appName": "카카오톡", "usage": 39},
			{"appName": "PES 2019 PRO EVOLUTION SOCCER", "usage": 38},
			{"appName": "YouTube", "usage": 27},
			{"appName": "One UI 홈", "usage": 27},
			{"appName": "Instagram", "usage": 27},
			{"appName": "아만다", "usage": 17},
			{"appName": "네이버 웹툰", "usage": 17},
			{"appName": "삼성 인터넷", "usage": 14},
			{"appName": "Netflix", "usage": 13},
			{"appName": "갤러리", "usage": 8},
			{"appName": "Paco", "usage": 5},
			{"appName": "통화", "usage": 4},
			{"appName": "레진코믹스", "usage": 4},
			{"appName": "다음웹툰", "usage": 3},
			{"appName": "SNOW", "usage": 3},
			{"appName": "Polar Beat", "usage": 3},
			{"appName": "이메일", "usage": 2},
			{"appName": "시스템 UI", "usage": 2},
			{"appName": "숨고", "usage": 2},
			{"appName": "Melon", "usage": 2},
			{"appName": "설정", "usage": 1},
		]
	},
	{
		"date": 2,
		"totalTime": 707,
		"details": [
			{"appName": "시스템 UI", "usage": 317},
			{"appName": "PES 2019 PRO EVOLUTION SOCCER", "usage": 78},
			{"appName": "Facebook", "usage": 78},
			{"appName": "YouTube", "usage": 44},
			{"appName": "카카오톡", "usage": 42},
			{"appName": "Instagram", "usage": 26},
			{"appName": "One UI 홈", "usage": 25},
			{"appName": "NAVER", "usage": 23},
			{"appName": "네이버 웹툰", "usage": 13},
			{"appName": "갤러리", "usage": 10},
			{"appName": "아만다", "usage": 5},
			{"appName": "", "usage": 5},
			{"appName": "통화", "usage": 4},
			{"appName": "Paco", "usage": 4},
			{"appName": "수탉 알람시계", "usage": 3},
			{"appName": "Samsung Notes", "usage": 3},
			{"appName": "SNOW", "usage": 3},
			{"appName": "숨고", "usage": 2},
			{"appName": "Melon", "usage": 2},
			{"appName": "KB스타알림", "usage": 2},
			{"appName": "컴프야2019", "usage": 1},
			{"appName": "Word", "usage": 1},
			{"appName": "Polar Beat", "usage": 1},
		]
	},
	{
		"date": 3,
		"totalTime": 385,
		"details": [
			{"appName": "시스템 UI", "usage": 145},
			{"appName": "Facebook", "usage": 65},
			{"appName": "PES 2019 PRO EVOLUTION SOCCER", "usage": 59},
			{"appName": "Instagram", "usage": 18},
			{"appName": "One UI 홈", "usage": 17},
			{"appName": "네이버 웹툰", "usage": 15},
			{"appName": "카카오톡", "usage": 14},
			{"appName": "YouTube", "usage": 11},
			{"appName": "Melon", "usage": 8},
			{"appName": "통화", "usage": 6},
			{"appName": "NAVER", "usage": 5},
			{"appName": "레진코믹스", "usage": 2},
			{"appName": "갤러리", "usage": 2},
			{"appName": "Paco", "usage": 2},
			{"appName": "다음웹툰", "usage": 1},
			{"appName": "T world", "usage": 1},
		]
	},
	{
		"date": 4,
		"totalTime": 926,
		"details": [
			{"appName": "시스템 UI", "usage": 579},
			{"appName": "Facebook", "usage": 109},
			{"appName": "네이버 웹툰", "usage": 43},
			{"appName": "NAVER", "usage": 41},
			{"appName": "YouTube", "usage": 35},
			{"appName": "삼성 인터넷", "usage": 21},
			{"appName": "통화", "usage": 16},
			{"appName": "카카오톡", "usage": 14},
			{"appName": "One UI 홈", "usage": 14},
			{"appName": "컴프야2019", "usage": 8},
			{"appName": "Melon", "usage": 7},
			{"appName": "Instagram", "usage": 7},
			{"appName": "다음웹툰", "usage": 6},
			{"appName": "PES 2019 PRO EVOLUTION SOCCER", "usage": 4},
			{"appName": "", "usage": 2},
			{"appName": "쿠팡", "usage": 1},
			{"appName": "Paco", "usage": 1},
			{"appName": "Netflix", "usage": 1},
		]
	},
	{
		"date": 5,
		"totalTime": 388,
		"details": [
			{"appName": "YouTube", "usage": 88},
			{"appName": "Facebook", "usage": 82},
			{"appName": "NAVER", "usage": 42},
			{"appName": "카카오톡", "usage": 34},
			{"appName": "Instagram", "usage": 22},
			{"appName": "One UI 홈", "usage": 17},
			{"appName": "네이버 웹툰", "usage": 16},
			{"appName": "삼성 인터넷", "usage": 14},
			{"appName": "아만다", "usage": 12},
			{"appName": "시스템 UI", "usage": 10},
			{"appName": "", "usage": 9},
			{"appName": "PES 2019 PRO EVOLUTION SOCCER", "usage": 8},
			{"appName": "통화", "usage": 6},
			{"appName": "Melon", "usage": 4},
			{"appName": "다음웹툰", "usage": 2},
			{"appName": "갤러리", "usage": 2},
			{"appName": "Paco", "usage": 2},
			{"appName": "토스", "usage": 1},
			{"appName": "Google Play 스토어", "usage": 1},
		]
	},
	{
		"date": 6,
		"totalTime": 624,
		"details": [
			{"appName": "시스템 UI", "usage": 357},
			{"appName": "Facebook", "usage": 52},
			{"appName": "카카오톡", "usage": 38},
			{"appName": "YouTube", "usage": 30},
			{"appName": "One UI 홈", "usage": 22},
			{"appName": "PES 2019 PRO EVOLUTION SOCCER", "usage": 19},
			{"appName": "통화", "usage": 16},
			{"appName": "Instagram", "usage": 15},
			{"appName": "", "usage": 14},
			{"appName": "NAVER", "usage": 13},
			{"appName": "아만다", "usage": 10},
			{"appName": "네이버 웹툰", "usage": 7},
			{"appName": "Melon", "usage": 5},
			{"appName": "삼성 인터넷", "usage": 2},
			{"appName": "다음웹툰", "usage": 2},
			{"appName": "Paco", "usage": 2},
			{"appName": "컴프야2019", "usage": 1},
			{"appName": "수탉 알람시계", "usage": 1},
			{"appName": "날씨", "usage": 1},
			{"appName": "SNOW", "usage": 1},
		]
	},
	{
		"date": 7,
		"totalTime": 325,
		"details": [
			{"appName": "YouTube", "usage": 57},
			{"appName": "Facebook", "usage": 54},
			{"appName": "카카오톡", "usage": 29},
			{"appName": "PES 2019 PRO EVOLUTION SOCCER", "usage": 26},
			{"appName": "Instagram", "usage": 24},
			{"appName": "NAVER", "usage": 22},
			{"appName": "One UI 홈", "usage": 21},
			{"appName": "아만다", "usage": 14},
			{"appName": "네이버 웹툰", "usage": 14},
			{"appName": "Melon", "usage": 14},
			{"appName": "", "usage": 14},
			{"appName": "통화", "usage": 6},
			{"appName": "토스", "usage": 5},
			{"appName": "다음웹툰", "usage": 4},
			{"appName": "Dropsync", "usage": 3},
			{"appName": "Paco", "usage": 2},
			{"appName": "메시지", "usage": 1},
			{"appName": "갤러리", "usage": 1},
		]
	},
]
