[
	{
		"date": 1,
		"totalTime": 315,
		"details": [
			{"appName": "Instagram", "usage": 59},
			{"appName": "YouTube", "usage": 46},
			{"appName": "MLB9이닝스19", "usage": 30},
			{"appName": "전화", "usage": 28},
			{"appName": "카카오톡", "usage": 21},
			{"appName": "NAVER", "usage": 20},
			{"appName": "Samsung Experience 홈", "usage": 14},
			{"appName": "설정", "usage": 13},
			{"appName": "Polar Beat", "usage": 10},
			{"appName": "Chrome", "usage": 9},
			{"appName": "Facebook", "usage": 8},
			{"appName": "Logger", "usage": 7},
			{"appName": "Paco", "usage": 6},
			{"appName": "시외버스	모바일", "usage": 5},
			{"appName": "Microsoft Band", "usage": 5},
			{"appName": "Melon", "usage": 5},
			{"appName": "CYBOS Touch", "usage": 4},
			{"appName": "패키지 설치 프로그램", "usage": 2},
			{"appName": "Galaxy Buds", "usage": 2},
			{"appName": "ABC Logger", "usage": 2},
			{"appName": "캘린더", "usage": 1},
			{"appName": "시스템 UI", "usage": 1},
			{"appName": "삼성 인터넷", "usage": 1},
			{"appName": "Google Play 스토어", "usage": 1},
			{"appName": "At Bat", "usage": 1},
		]
	},
	{
		"date": 2,
		"totalTime": 125,
		"details": [
			{"appName": "YouTube", "usage": 30},
			{"appName": "Instagram", "usage": 29},
			{"appName": "Facebook", "usage": 18},
			{"appName": "카카오톡", "usage": 12},
			{"appName": "Samsung Experience 홈", "usage": 7},
			{"appName": "Paco", "usage": 5},
			{"appName": "CYBOS Touch", "usage": 4},
			{"appName": "NAVER", "usage": 3},
			{"appName": "카카오 T", "usage": 2},
			{"appName": "카메라", "usage": 2},
			{"appName": "Polar Beat", "usage": 2},
			{"appName": "설정", "usage": 1},
		]
	},
	{
		"date": 3,
		"totalTime": 135,
		"details": [
			{"appName": "Netflix", "usage": 38},
			{"appName": "YouTube", "usage": 30},
			{"appName": "Instagram", "usage": 29},
			{"appName": "Facebook", "usage": 11},
			{"appName": "카카오톡", "usage": 5},
			{"appName": "Samsung Experience 홈", "usage": 4},
			{"appName": "카카오 T", "usage": 2},
			{"appName": "Paco", "usage": 2},
			{"appName": "시외버스	모바일", "usage": 1},
			{"appName": "설정", "usage": 1},
			{"appName": "Polar Beat", "usage": 1},
			{"appName": "NAVER", "usage": 1},
		]
	},
	{
		"date": 4,
		"totalTime": 0,
		"details": [
		]
	},
	{
		"date": 5,
		"totalTime": 312,
		"details": [
			{"appName": "YouTube", "usage": 92},
			{"appName": "Chrome", "usage": 42},
			{"appName": "Instagram", "usage": 40},
			{"appName": "Facebook", "usage": 27},
			{"appName": "Twitch", "usage": 17},
			{"appName": "카카오톡", "usage": 14},
			{"appName": "네이버TV", "usage": 14},
			{"appName": "NAVER", "usage": 14},
			{"appName": "Bleacher Report", "usage": 12},
			{"appName": "Samsung Experience 홈", "usage": 7},
			{"appName": "CYBOS Touch", "usage": 7},
			{"appName": "Paco", "usage": 4},
			{"appName": "카카오 T", "usage": 2},
			{"appName": "설정", "usage": 2},
			{"appName": "ABC Logger", "usage": 2},
			{"appName": "전화", "usage": 1},
			{"appName": "시스템 UI", "usage": 1},
			{"appName": "Melon", "usage": 1},
			{"appName": "CaptivePortalLogin", "usage": 1},
			{"appName": "At Bat", "usage": 1},
		]
	},
	{
		"date": 6,
		"totalTime": 264,
		"details": [
			{"appName": "YouTube", "usage": 84},
			{"appName": "Chrome", "usage": 42},
			{"appName": "Instagram", "usage": 33},
			{"appName": "카카오톡", "usage": 24},
			{"appName": "Bleacher Report", "usage": 24},
			{"appName": "Facebook", "usage": 11},
			{"appName": "CYBOS Touch", "usage": 8},
			{"appName": "Samsung Experience 홈", "usage": 7},
			{"appName": "Paco", "usage": 7},
			{"appName": "NAVER", "usage": 7},
			{"appName": "Melon", "usage": 5},
			{"appName": "캘린더", "usage": 1},
		]
	},
	{
		"date": 7,
		"totalTime": 267,
		"details": [
			{"appName": "YouTube", "usage": 84},
			{"appName": "카카오톡", "usage": 28},
			{"appName": "CYBOS Touch", "usage": 26},
			{"appName": "Bleacher Report", "usage": 24},
			{"appName": "Instagram", "usage": 22},
			{"appName": "네이버TV", "usage": 19},
			{"appName": "Facebook", "usage": 16},
			{"appName": "NAVER", "usage": 13},
			{"appName": "Samsung Experience 홈", "usage": 9},
			{"appName": "Melon", "usage": 5},
			{"appName": "Chrome", "usage": 5},
			{"appName": "Paco", "usage": 3},
			{"appName": "NBA", "usage": 2},
			{"appName": "시스템 UI", "usage": 1},
			{"appName": "설정", "usage": 1},
		]
	},
]
