[
	{
		"date": 1,
		"totalTime": 227,
		"details": [
			{"appName": "YouTube", "usage": 77},
			{"appName": "네이버 웹툰", "usage": 24},
			{"appName": "Facebook", "usage": 22},
			{"appName": "카카오톡", "usage": 16},
			{"appName": "T전화", "usage": 14},
			{"appName": "Samsung Experience 홈", "usage": 14},
			{"appName": "Netflix", "usage": 8},
			{"appName": "Cookie Run: OvenBreak", "usage": 7},
			{"appName": "Samsung Pay", "usage": 5},
			{"appName": "삼성 인터넷", "usage": 4},
			{"appName": "다음웹툰", "usage": 4},
			{"appName": "Polar Beat", "usage": 4},
			{"appName": "카메라", "usage": 2},
			{"appName": "시계", "usage": 2},
			{"appName": "설정", "usage": 2},
			{"appName": "", "usage": 2},
			{"appName": "토스", "usage": 1},
			{"appName": "메시지", "usage": 1},
			{"appName": "네이버 지도", "usage": 1},
			{"appName": "Paco", "usage": 1},
			{"appName": "Instagram", "usage": 1},
			{"appName": "HwModuleTest", "usage": 1},
			{"appName": "Between", "usage": 1},
		]
	},
	{
		"date": 2,
		"totalTime": 490,
		"details": [
			{"appName": "YouTube", "usage": 155},
			{"appName": "카카오톡", "usage": 81},
			{"appName": "Facebook", "usage": 54},
			{"appName": "네이버 웹툰", "usage": 25},
			{"appName": "One UI 홈", "usage": 25},
			{"appName": "Samsung Experience 홈", "usage": 22},
			{"appName": "Cookie Run: OvenBreak", "usage": 19},
			{"appName": "삼성 인터넷", "usage": 15},
			{"appName": "T전화", "usage": 12},
			{"appName": "Netflix", "usage": 8},
			{"appName": "Brawl Stars", "usage": 8},
			{"appName": "Excel", "usage": 6},
			{"appName": "Samsung Pay", "usage": 5},
			{"appName": "Galaxy Store", "usage": 5},
			{"appName": "시계", "usage": 4},
			{"appName": "다음웹툰", "usage": 4},
			{"appName": "Polar Beat", "usage": 4},
			{"appName": "설정", "usage": 3},
			{"appName": "메시지", "usage": 3},
			{"appName": "카메라", "usage": 2},
			{"appName": "Paco", "usage": 2},
			{"appName": "Instagram", "usage": 2},
			{"appName": "", "usage": 2},
			{"appName": "토스", "usage": 1},
			{"appName": "네이버 지도", "usage": 1},
			{"appName": "HwModuleTest", "usage": 1},
			{"appName": "FIFA Online 4 M", "usage": 1},
			{"appName": "Between", "usage": 1},
		]
	},
	{
		"date": 3,
		"totalTime": 485,
		"details": [
			{"appName": "YouTube", "usage": 157},
			{"appName": "카카오톡", "usage": 96},
			{"appName": "Facebook", "usage": 61},
			{"appName": "AfreecaTV", "usage": 54},
			{"appName": "One UI 홈", "usage": 31},
			{"appName": "삼성 인터넷", "usage": 23},
			{"appName": "네이버 웹툰", "usage": 8},
			{"appName": "T전화", "usage": 8},
			{"appName": "Cookie Run: OvenBreak", "usage": 8},
			{"appName": "Brawl Stars", "usage": 8},
			{"appName": "Excel", "usage": 6},
			{"appName": "Galaxy Store", "usage": 5},
			{"appName": "Paco", "usage": 3},
			{"appName": "시계", "usage": 2},
			{"appName": "토스", "usage": 1},
			{"appName": "메시지", "usage": 1},
			{"appName": "네이버 지도", "usage": 1},
			{"appName": "게임런처", "usage": 1},
			{"appName": "FIFA Online 4 M", "usage": 1},
		]
	},
	{
		"date": 4,
		"totalTime": 595,
		"details": [
			{"appName": "YouTube", "usage": 172},
			{"appName": "Netflix", "usage": 98},
			{"appName": "Facebook", "usage": 58},
			{"appName": "AfreecaTV", "usage": 54},
			{"appName": "카카오톡", "usage": 40},
			{"appName": "갤러리", "usage": 40},
			{"appName": "삼성 인터넷", "usage": 34},
			{"appName": "음성 녹음", "usage": 24},
			{"appName": "T전화", "usage": 17},
			{"appName": "One UI 홈", "usage": 13},
			{"appName": "네이버 웹툰", "usage": 12},
			{"appName": "카메라", "usage": 6},
			{"appName": "Brawl Stars", "usage": 5},
			{"appName": "뱅크샐러드", "usage": 2},
			{"appName": "토스", "usage": 1},
			{"appName": "메시지", "usage": 1},
			{"appName": "Paco", "usage": 1},
		]
	},
	{
		"date": 5,
		"totalTime": 536,
		"details": [
			{"appName": "Netflix", "usage": 140},
			{"appName": "YouTube", "usage": 107},
			{"appName": "카카오톡", "usage": 58},
			{"appName": "Facebook", "usage": 50},
			{"appName": "갤러리", "usage": 40},
			{"appName": "Cookie Run: OvenBreak", "usage": 34},
			{"appName": "삼성 인터넷", "usage": 20},
			{"appName": "One UI 홈", "usage": 17},
			{"appName": "네이버 웹툰", "usage": 12},
			{"appName": "Brawl Stars", "usage": 7},
			{"appName": "T전화", "usage": 5},
			{"appName": "다음웹툰", "usage": 3},
			{"appName": "FIFA Online 4 M", "usage": 3},
			{"appName": "토스", "usage": 2},
			{"appName": "쿠팡", "usage": 2},
			{"appName": "카메라", "usage": 2},
			{"appName": "시리즈", "usage": 2},
			{"appName": "뱅크샐러드", "usage": 2},
			{"appName": "Paco", "usage": 2},
			{"appName": "Foodie", "usage": 2},
			{"appName": "CLASSUM", "usage": 2},
			{"appName": "시계", "usage": 1},
			{"appName": "KLMS", "usage": 1},
			{"appName": "Instagram", "usage": 1},
		]
	},
	{
		"date": 6,
		"totalTime": 541,
		"details": [
			{"appName": "YouTube", "usage": 142},
			{"appName": "Cookie Run: OvenBreak", "usage": 78},
			{"appName": "카카오톡", "usage": 72},
			{"appName": "비디오 플레이어", "usage": 50},
			{"appName": "삼성 인터넷", "usage": 49},
			{"appName": "Facebook", "usage": 49},
			{"appName": "One UI 홈", "usage": 18},
			{"appName": "네이버 웹툰", "usage": 11},
			{"appName": "T전화", "usage": 7},
			{"appName": "코레일톡", "usage": 5},
			{"appName": "갤러리", "usage": 5},
			{"appName": "Netflix", "usage": 5},
			{"appName": "FIFA Online 4 M", "usage": 5},
			{"appName": "FLO", "usage": 4},
			{"appName": "Brawl Stars", "usage": 4},
			{"appName": "다음웹툰", "usage": 3},
			{"appName": "Paco", "usage": 3},
			{"appName": "캘린더", "usage": 2},
			{"appName": "야놀자", "usage": 2},
			{"appName": "KLMS", "usage": 2},
			{"appName": "Foodie", "usage": 2},
			{"appName": "CLASSUM", "usage": 2},
			{"appName": "시계", "usage": 1},
			{"appName": "설정", "usage": 1},
			{"appName": "Instagram", "usage": 1},
		]
	},
	{
		"date": 7,
		"totalTime": 548,
		"details": [
			{"appName": "YouTube", "usage": 167},
			{"appName": "Cookie Run: OvenBreak", "usage": 92},
			{"appName": "비디오 플레이어", "usage": 50},
			{"appName": "다음웹툰", "usage": 47},
			{"appName": "카카오톡", "usage": 36},
			{"appName": "Facebook", "usage": 27},
			{"appName": "네이버 웹툰", "usage": 25},
			{"appName": "삼성 인터넷", "usage": 19},
			{"appName": "One UI 홈", "usage": 17},
			{"appName": "브롤스타즈", "usage": 10},
			{"appName": "메시지", "usage": 9},
			{"appName": "FIFA Online 4 M", "usage": 7},
			{"appName": "코레일톡", "usage": 5},
			{"appName": "캘린더", "usage": 3},
			{"appName": "T전화", "usage": 3},
			{"appName": "Instagram", "usage": 3},
			{"appName": "야놀자", "usage": 2},
			{"appName": "시계", "usage": 2},
			{"appName": "KLMS", "usage": 2},
			{"appName": "설정", "usage": 1},
			{"appName": "Paco", "usage": 1},
			{"appName": "Foodie", "usage": 1},
		]
	},
]
