[
	{
		"date": 1,
		"totalTime": 1009,
		"details": [
			{"appName": "시스템 UI", "usage": 669},
			{"appName": "카카오톡", "usage": 144},
			{"appName": "삼성 인터넷", "usage": 45},
			{"appName": "성경일독Q", "usage": 21},
			{"appName": "네이버 웹툰", "usage": 19},
			{"appName": "네이버 카페", "usage": 16},
			{"appName": "카카오페이지", "usage": 15},
			{"appName": "드라이브", "usage": 15},
			{"appName": "One UI 홈", "usage": 15},
			{"appName": "한국장학재단", "usage": 6},
			{"appName": "토스", "usage": 4},
			{"appName": "네이버 블로그", "usage": 4},
			{"appName": "YouTube", "usage": 4},
			{"appName": "Polar Beat", "usage": 4},
			{"appName": "시계", "usage": 3},
			{"appName": "통화", "usage": 2},
			{"appName": "Paco", "usage": 2},
			{"appName": "KLMS", "usage": 2},
			{"appName": "카메라", "usage": 1},
			{"appName": "Samsung Music", "usage": 1},
			{"appName": "CLASSUM", "usage": 1},
		]
	},
	{
		"date": 2,
		"totalTime": 282,
		"details": [
			{"appName": "카카오톡", "usage": 92},
			{"appName": "삼성 인터넷", "usage": 59},
			{"appName": "시스템 UI", "usage": 27},
			{"appName": "카카오페이지", "usage": 15},
			{"appName": "성경일독Q", "usage": 15},
			{"appName": "One UI 홈", "usage": 13},
			{"appName": "네이버 웹툰", "usage": 11},
			{"appName": "통화", "usage": 10},
			{"appName": "네이버 카페", "usage": 7},
			{"appName": "YouTube", "usage": 4},
			{"appName": "Paco", "usage": 3},
			{"appName": "카메라", "usage": 2},
			{"appName": "갤러리", "usage": 2},
			{"appName": "KLMS", "usage": 2},
			{"appName": "성경", "usage": 1},
			{"appName": "네이버 블로그", "usage": 1},
			{"appName": "Samsung Music", "usage": 1},
			{"appName": "Polar Beat", "usage": 1},
			{"appName": "Microsoft Health", "usage": 1},
			{"appName": "CLASSUM", "usage": 1},
		]
	},
	{
		"date": 3,
		"totalTime": 204,
		"details": [
			{"appName": "삼성 인터넷", "usage": 59},
			{"appName": "카카오톡", "usage": 54},
			{"appName": "성경일독Q", "usage": 15},
			{"appName": "One UI 홈", "usage": 14},
			{"appName": "네이버 웹툰", "usage": 11},
			{"appName": "통화", "usage": 10},
			{"appName": "네이버 카페", "usage": 6},
			{"appName": "네이버 블로그", "usage": 4},
			{"appName": "카카오페이지", "usage": 3},
			{"appName": "Paco", "usage": 3},
			{"appName": "포토", "usage": 2},
			{"appName": "카메라", "usage": 2},
			{"appName": "갤러리", "usage": 2},
			{"appName": "토스", "usage": 1},
			{"appName": "YouTube", "usage": 1},
			{"appName": "Instagram", "usage": 1},
			{"appName": "Google Play 서비스", "usage": 1},
			{"appName": "CLASSUM", "usage": 1},
		]
	},
	{
		"date": 4,
		"totalTime": 301,
		"details": [
			{"appName": "카카오톡", "usage": 84},
			{"appName": "삼성 인터넷", "usage": 57},
			{"appName": "성경일독Q", "usage": 48},
			{"appName": "성경", "usage": 21},
			{"appName": "네이버 웹툰", "usage": 12},
			{"appName": "그래핑 계산기 Mathlab", "usage": 11},
			{"appName": "통화", "usage": 10},
			{"appName": "네이버 카페", "usage": 8},
			{"appName": "One UI 홈", "usage": 8},
			{"appName": "네이버 블로그", "usage": 5},
			{"appName": "카카오페이지", "usage": 4},
			{"appName": "YouTube", "usage": 4},
			{"appName": "Paco", "usage": 3},
			{"appName": "Instagram", "usage": 3},
			{"appName": "포토", "usage": 2},
			{"appName": "토스", "usage": 2},
			{"appName": "음성 녹음", "usage": 1},
			{"appName": "시계", "usage": 1},
			{"appName": "Polar Beat", "usage": 1},
			{"appName": "Google Play 서비스", "usage": 1},
			{"appName": "CLASSUM", "usage": 1},
		]
	},
	{
		"date": 5,
		"totalTime": 321,
		"details": [
			{"appName": "카카오톡", "usage": 90},
			{"appName": "삼성 인터넷", "usage": 56},
			{"appName": "네이버 웹툰", "usage": 30},
			{"appName": "One UI 홈", "usage": 27},
			{"appName": "네이버 카페", "usage": 24},
			{"appName": "성경일독Q", "usage": 23},
			{"appName": "성경", "usage": 21},
			{"appName": "그래핑 계산기 Mathlab", "usage": 11},
			{"appName": "카카오페이지", "usage": 4},
			{"appName": "YouTube", "usage": 4},
			{"appName": "Paco", "usage": 4},
			{"appName": "네이버 블로그", "usage": 3},
			{"appName": "Instagram", "usage": 3},
			{"appName": "토스", "usage": 2},
			{"appName": "음성 녹음", "usage": 1},
			{"appName": "시계", "usage": 1},
			{"appName": "드라이브", "usage": 1},
			{"appName": "Polar Beat", "usage": 1},
			{"appName": "KLMS", "usage": 1},
			{"appName": "Google Play 스토어", "usage": 1},
			{"appName": "CLASSUM", "usage": 1},
		]
	},
	{
		"date": 6,
		"totalTime": 349,
		"details": [
			{"appName": "삼성 인터넷", "usage": 84},
			{"appName": "카카오톡", "usage": 73},
			{"appName": "One UI 홈", "usage": 31},
			{"appName": "성경일독Q", "usage": 22},
			{"appName": "통화", "usage": 19},
			{"appName": "네이버 카페", "usage": 17},
			{"appName": "네이버 웹툰", "usage": 16},
			{"appName": "성경", "usage": 12},
			{"appName": "어스", "usage": 11},
			{"appName": "메시지", "usage": 11},
			{"appName": "카카오페이지", "usage": 7},
			{"appName": "Facebook", "usage": 7},
			{"appName": "Paco", "usage": 5},
			{"appName": "Instagram", "usage": 4},
			{"appName": "Google Play 스토어", "usage": 4},
			{"appName": "토스", "usage": 3},
			{"appName": "네이버 블로그", "usage": 3},
			{"appName": "시계", "usage": 2},
			{"appName": "지도", "usage": 1},
			{"appName": "드라이브", "usage": 1},
			{"appName": "KLMS", "usage": 1},
			{"appName": "CLASSUM", "usage": 1},
		]
	},
	{
		"date": 7,
		"totalTime": 498,
		"details": [
			{"appName": "카카오톡", "usage": 111},
			{"appName": "삼성 인터넷", "usage": 106},
			{"appName": "드라이브", "usage": 52},
			{"appName": "성경일독Q", "usage": 28},
			{"appName": "네이버 웹툰", "usage": 21},
			{"appName": "통화", "usage": 19},
			{"appName": "시스템 UI", "usage": 18},
			{"appName": "성경", "usage": 18},
			{"appName": "YouTube", "usage": 13},
			{"appName": "네이버 카페", "usage": 12},
			{"appName": "One UI 홈", "usage": 12},
			{"appName": "어스", "usage": 11},
			{"appName": "메시지", "usage": 11},
			{"appName": "카카오페이지", "usage": 9},
			{"appName": "카카오맵", "usage": 9},
			{"appName": "Facebook", "usage": 7},
			{"appName": "네이버 블로그", "usage": 5},
			{"appName": "CLASSUM", "usage": 5},
			{"appName": "Instagram", "usage": 4},
			{"appName": "토스", "usage": 3},
			{"appName": "쏠캘린더", "usage": 2},
			{"appName": "Google Play 스토어", "usage": 2},
			{"appName": "지도", "usage": 1},
			{"appName": "시계", "usage": 1},
			{"appName": "Paco", "usage": 1},
			{"appName": "KLMS", "usage": 1},
		]
	},
]
