[
	{
		"date": 1,
		"totalTime": 357,
		"details": [
			{"appName": "YouTube", "usage": 196},
			{"appName": "카카오톡", "usage": 71},
			{"appName": "기본홈", "usage": 17},
			{"appName": "Instagram", "usage": 12},
			{"appName": "통화 화면", "usage": 11},
			{"appName": "프레젠테이션", "usage": 5},
			{"appName": "Paco", "usage": 5},
			{"appName": "Polar Beat", "usage": 4},
			{"appName": "NAVER", "usage": 4},
			{"appName": "네이버 카페", "usage": 3},
			{"appName": "tbs", "usage": 3},
			{"appName": "Chrome", "usage": 3},
			{"appName": "팟빵", "usage": 2},
			{"appName": "시스템 UI", "usage": 2},
			{"appName": "알람/시계", "usage": 1},
			{"appName": "메시지", "usage": 1},
			{"appName": "MX 플레이어", "usage": 1},
		]
	},
	{
		"date": 2,
		"totalTime": 202,
		"details": [
			{"appName": "카카오톡", "usage": 65},
			{"appName": "YouTube", "usage": 41},
			{"appName": "Instagram", "usage": 31},
			{"appName": "Chrome", "usage": 23},
			{"appName": "기본홈", "usage": 14},
			{"appName": "통화 화면", "usage": 5},
			{"appName": "팟빵", "usage": 2},
			{"appName": "알람/시계", "usage": 2},
			{"appName": "Paco", "usage": 2},
			{"appName": "NAVER", "usage": 2},
			{"appName": "티몬", "usage": 1},
			{"appName": "설정", "usage": 1},
			{"appName": "메시지", "usage": 1},
			{"appName": "네이버 카페", "usage": 1},
			{"appName": "Q메모+", "usage": 1},
		]
	},
	{
		"date": 3,
		"totalTime": 145,
		"details": [
			{"appName": "카카오톡", "usage": 38},
			{"appName": "YouTube", "usage": 37},
			{"appName": "Instagram", "usage": 19},
			{"appName": "통화 화면", "usage": 12},
			{"appName": "기본홈", "usage": 7},
			{"appName": "Chrome", "usage": 6},
			{"appName": "NAVER", "usage": 5},
			{"appName": "팟빵", "usage": 4},
			{"appName": "알람/시계", "usage": 2},
			{"appName": "Paco", "usage": 2},
			{"appName": "캔디팡:쥬시월드", "usage": 1},
			{"appName": "MX 플레이어", "usage": 1},
		]
	},
	{
		"date": 4,
		"totalTime": 353,
		"details": [
			{"appName": "YouTube", "usage": 143},
			{"appName": "oksusu", "usage": 110},
			{"appName": "카카오톡", "usage": 43},
			{"appName": "Chrome", "usage": 12},
			{"appName": "Instagram", "usage": 10},
			{"appName": "통화 화면", "usage": 6},
			{"appName": "기본홈", "usage": 5},
			{"appName": "NAVER", "usage": 5},
			{"appName": "카카오스토리", "usage": 2},
			{"appName": "Paco", "usage": 2},
			{"appName": "팟빵", "usage": 1},
			{"appName": "캔디팡:쥬시월드", "usage": 1},
		]
	},
	{
		"date": 5,
		"totalTime": 188,
		"details": [
			{"appName": "카카오톡", "usage": 73},
			{"appName": "Instagram", "usage": 19},
			{"appName": "YouTube", "usage": 14},
			{"appName": "Chrome", "usage": 12},
			{"appName": "통화 화면", "usage": 10},
			{"appName": "기본홈", "usage": 10},
			{"appName": "NAVER", "usage": 10},
			{"appName": "T map", "usage": 8},
			{"appName": "Paco", "usage": 5},
			{"appName": "메시지", "usage": 4},
			{"appName": "팟빵", "usage": 2},
			{"appName": "카카오스토리", "usage": 2},
			{"appName": "주소록", "usage": 1},
			{"appName": "알람/시계", "usage": 1},
			{"appName": "YouTube Music", "usage": 1},
			{"appName": "ABC Logger", "usage": 1},
		]
	},
	{
		"date": 6,
		"totalTime": 164,
		"details": [
			{"appName": "카카오톡", "usage": 66},
			{"appName": "YouTube", "usage": 58},
			{"appName": "Instagram", "usage": 10},
			{"appName": "기본홈", "usage": 7},
			{"appName": "Paco", "usage": 3},
			{"appName": "티몬", "usage": 1},
			{"appName": "통화 화면", "usage": 1},
			{"appName": "카메라", "usage": 1},
			{"appName": "YouTube Music", "usage": 1},
			{"appName": "Chrome", "usage": 1},
			{"appName": "AliExpress", "usage": 1},
		]
	},
	{
		"date": 7,
		"totalTime": 316,
		"details": [
			{"appName": "YouTube", "usage": 184},
			{"appName": "카카오톡", "usage": 67},
			{"appName": "Chrome", "usage": 13},
			{"appName": "Instagram", "usage": 12},
			{"appName": "메시지", "usage": 6},
			{"appName": "기본홈", "usage": 6},
			{"appName": "통화 화면", "usage": 3},
			{"appName": "고음질 녹음", "usage": 3},
			{"appName": "Paco", "usage": 3},
			{"appName": "팟빵", "usage": 2},
			{"appName": "갤러리", "usage": 2},
			{"appName": "Bluetooth", "usage": 1},
		]
	},
]
