[
	{
		"date": 1,
		"totalTime": 411,
		"details": [
			{"appName": "Chrome", "usage": 212},
			{"appName": "ミリシタ", "usage": 44},
			{"appName": "YouTube", "usage": 35},
			{"appName": "Samsung Experience 홈", "usage": 25},
			{"appName": "Microsoft Health", "usage": 10},
			{"appName": "코레일톡", "usage": 9},
			{"appName": "카카오톡", "usage": 8},
			{"appName": "갤러리", "usage": 7},
			{"appName": "Polar Beat", "usage": 5},
			{"appName": "스타벅스", "usage": 4},
			{"appName": "Instagram", "usage": 4},
			{"appName": "Paco", "usage": 3},
			{"appName": "편한가계부", "usage": 2},
			{"appName": "시계", "usage": 2},
			{"appName": "설정", "usage": 2},
			{"appName": "Steam", "usage": 2},
			{"appName": "KLMS", "usage": 2},
			{"appName": "Amazon Shopping", "usage": 2},
			{"appName": "패키지 설치 프로그램", "usage": 1},
			{"appName": "캘린더", "usage": 1},
			{"appName": "메시지", "usage": 1},
			{"appName": "Samsung Music", "usage": 1},
			{"appName": "Samsung Health", "usage": 1},
			{"appName": "Logger", "usage": 1},
			{"appName": "LINE", "usage": 1},
			{"appName": "KAIST	Portal", "usage": 1},
			{"appName": "Dropsync", "usage": 1},
		]
	},
	{
		"date": 2,
		"totalTime": 373,
		"details": [
			{"appName": "Chrome", "usage": 165},
			{"appName": "ミリシタ", "usage": 71},
			{"appName": "YouTube", "usage": 35},
			{"appName": "Samsung Experience 홈", "usage": 19},
			{"appName": "Instagram", "usage": 13},
			{"appName": "카카오톡", "usage": 11},
			{"appName": "스타벅스", "usage": 6},
			{"appName": "Polar Beat", "usage": 5},
			{"appName": "포토 에디터", "usage": 4},
			{"appName": "Paco", "usage": 4},
			{"appName": "Microsoft Health", "usage": 4},
			{"appName": "LINE", "usage": 3},
			{"appName": "이메일", "usage": 2},
			{"appName": "편한가계부", "usage": 1},
			{"appName": "통화", "usage": 1},
			{"appName": "캘린더", "usage": 1},
			{"appName": "카카오맵", "usage": 1},
			{"appName": "설정", "usage": 1},
			{"appName": "메시지", "usage": 1},
			{"appName": "Yoga VPN", "usage": 1},
			{"appName": "Samsung Pay", "usage": 1},
			{"appName": "Samsung Music", "usage": 1},
			{"appName": "KAIST	Portal", "usage": 1},
			{"appName": "Adobe Acrobat", "usage": 1},
		]
	},
	{
		"date": 3,
		"totalTime": 409,
		"details": [
			{"appName": "Chrome", "usage": 197},
			{"appName": "ミリシタ", "usage": 63},
			{"appName": "YouTube", "usage": 60},
			{"appName": "Instagram", "usage": 14},
			{"appName": "카카오톡", "usage": 11},
			{"appName": "Samsung Experience 홈", "usage": 11},
			{"appName": "스타벅스", "usage": 6},
			{"appName": "Paco", "usage": 5},
			{"appName": "포토 에디터", "usage": 4},
			{"appName": "LINE", "usage": 3},
			{"appName": "지도", "usage": 2},
			{"appName": "이메일", "usage": 2},
			{"appName": "편한가계부", "usage": 1},
			{"appName": "통화", "usage": 1},
			{"appName": "카카오지하철", "usage": 1},
			{"appName": "카카오맵", "usage": 1},
			{"appName": "설정", "usage": 1},
			{"appName": "메가박스", "usage": 1},
			{"appName": "Yoga VPN", "usage": 1},
			{"appName": "Samsung Pay", "usage": 1},
			{"appName": "KT 멤버십", "usage": 1},
			{"appName": "KAIST	Portal", "usage": 1},
			{"appName": "Adobe Acrobat", "usage": 1},
			{"appName": "ABC Logger", "usage": 1},
		]
	},
	{
		"date": 4,
		"totalTime": 266,
		"details": [
			{"appName": "Chrome", "usage": 126},
			{"appName": "ミリシタ", "usage": 47},
			{"appName": "YouTube", "usage": 19},
			{"appName": "Samsung Experience 홈", "usage": 19},
			{"appName": "카카오톡", "usage": 11},
			{"appName": "Paco", "usage": 5},
			{"appName": "Instagram", "usage": 5},
			{"appName": "티몬", "usage": 3},
			{"appName": "스타벅스", "usage": 3},
			{"appName": "LINE", "usage": 3},
			{"appName": "카카오지하철", "usage": 2},
			{"appName": "코레일톡", "usage": 1},
			{"appName": "메시지", "usage": 1},
			{"appName": "Polar Beat", "usage": 1},
			{"appName": "KT 멤버십", "usage": 1},
			{"appName": "KAIST	Portal", "usage": 1},
			{"appName": "ABC Logger", "usage": 1},
		]
	},
	{
		"date": 5,
		"totalTime": 383,
		"details": [
			{"appName": "Chrome", "usage": 165},
			{"appName": "ミリシタ", "usage": 85},
			{"appName": "갤러리", "usage": 41},
			{"appName": "Samsung Experience 홈", "usage": 21},
			{"appName": "YouTube", "usage": 19},
			{"appName": "One UI 홈", "usage": 11},
			{"appName": "Paco", "usage": 6},
			{"appName": "티몬", "usage": 3},
			{"appName": "카카오톡", "usage": 3},
			{"appName": "Instagram", "usage": 3},
			{"appName": "Adobe Acrobat", "usage": 2},
			{"appName": "ABC Logger", "usage": 2},
			{"appName": "코레일톡", "usage": 1},
			{"appName": "Polar Beat", "usage": 1},
			{"appName": "LINE", "usage": 1},
			{"appName": "KLMS", "usage": 1},
			{"appName": "Galaxy Store", "usage": 1},
		]
	},
	{
		"date": 6,
		"totalTime": 344,
		"details": [
			{"appName": "Chrome", "usage": 157},
			{"appName": "ミリシタ", "usage": 97},
			{"appName": "One UI 홈", "usage": 12},
			{"appName": "갤러리", "usage": 9},
			{"appName": "Google Play 스토어", "usage": 8},
			{"appName": "Paco", "usage": 6},
			{"appName": "Adobe Acrobat", "usage": 5},
			{"appName": "카카오톡", "usage": 4},
			{"appName": "몰테일", "usage": 4},
			{"appName": "Instagram", "usage": 4},
			{"appName": "전화", "usage": 3},
			{"appName": "YouTube", "usage": 2},
			{"appName": "KLMS", "usage": 2},
			{"appName": "KAIST	Portal", "usage": 2},
			{"appName": "ABC Logger", "usage": 2},
			{"appName": "편한가계부", "usage": 1},
			{"appName": "통화", "usage": 1},
			{"appName": "이메일", "usage": 1},
			{"appName": "시계", "usage": 1},
			{"appName": "Polar Beat", "usage": 1},
			{"appName": "Microsoft Health", "usage": 1},
			{"appName": "Galaxy Store", "usage": 1},
		]
	},
	{
		"date": 7,
		"totalTime": 374,
		"details": [
			{"appName": "Chrome", "usage": 161},
			{"appName": "ミリシタ", "usage": 70},
			{"appName": "캘린더", "usage": 16},
			{"appName": "카카오톡", "usage": 14},
			{"appName": "One UI 홈", "usage": 12},
			{"appName": "Instagram", "usage": 8},
			{"appName": "Google Play 스토어", "usage": 8},
			{"appName": "코레일톡", "usage": 6},
			{"appName": "Dropsync", "usage": 6},
			{"appName": "편한가계부", "usage": 5},
			{"appName": "Paco", "usage": 5},
			{"appName": "Adobe Acrobat", "usage": 5},
			{"appName": "지도", "usage": 4},
			{"appName": "몰테일", "usage": 4},
			{"appName": "카메라", "usage": 3},
			{"appName": "전화", "usage": 3},
			{"appName": "이메일", "usage": 3},
			{"appName": "YouTube", "usage": 2},
			{"appName": "Microsoft Health", "usage": 2},
			{"appName": "KLMS", "usage": 2},
			{"appName": "KAIST	Portal", "usage": 2},
			{"appName": "통화", "usage": 1},
			{"appName": "원터치알림", "usage": 1},
			{"appName": "시계", "usage": 1},
			{"appName": "메시지", "usage": 1},
			{"appName": "내 파일", "usage": 1},
			{"appName": "Polar Beat", "usage": 1},
			{"appName": "LINE", "usage": 1},
			{"appName": "Dropbox", "usage": 1},
		]
	},
]
