[
	{
		"date": 1,
		"totalTime": 743,
		"details": [
			{"appName": "TVING", "usage": 525},
			{"appName": "오락_OK캐쉬백", "usage": 65},
			{"appName": "카카오톡", "usage": 41},
			{"appName": "계산기", "usage": 14},
			{"appName": "Polar Beat", "usage": 13},
			{"appName": "트위터", "usage": 12},
			{"appName": "원격 데스크톱", "usage": 12},
			{"appName": "Chrome", "usage": 10},
			{"appName": "TouchWiz 홈", "usage": 9},
			{"appName": "Paco", "usage": 8},
			{"appName": "설정", "usage": 6},
			{"appName": "시스템 UI", "usage": 5},
			{"appName": "메시지", "usage": 4},
			{"appName": "11번가", "usage": 2},
			{"appName": "전화", "usage": 1},
			{"appName": "알파카", "usage": 1},
			{"appName": "시계", "usage": 1},
		]
	},
	{
		"date": 2,
		"totalTime": 415,
		"details": [
			{"appName": "TVING", "usage": 194},
			{"appName": "오락_OK캐쉬백", "usage": 87},
			{"appName": "트위터", "usage": 26},
			{"appName": "Chrome", "usage": 20},
			{"appName": "롯데시네마", "usage": 17},
			{"appName": "카카오톡", "usage": 16},
			{"appName": "TouchWiz 홈", "usage": 10},
			{"appName": "Paco", "usage": 6},
			{"appName": "전화", "usage": 5},
			{"appName": "JAM Live", "usage": 4},
			{"appName": "토스", "usage": 3},
			{"appName": "지니 뮤직", "usage": 3},
			{"appName": "시스템 UI", "usage": 2},
			{"appName": "설정", "usage": 2},
			{"appName": "메시지", "usage": 2},
			{"appName": "Polar Beat", "usage": 2},
			{"appName": "카카오뱅크", "usage": 1},
			{"appName": "연락처", "usage": 1},
			{"appName": "시계", "usage": 1},
		]
	},
	{
		"date": 3,
		"totalTime": 608,
		"details": [
			{"appName": "TVING", "usage": 372},
			{"appName": "오락_OK캐쉬백", "usage": 103},
			{"appName": "고양이가 귀여운", "usage": 20},
			{"appName": "", "usage": 20},
			{"appName": "트위터", "usage": 15},
			{"appName": "TouchWiz 홈", "usage": 11},
			{"appName": "코레일톡", "usage": 10},
			{"appName": "설정", "usage": 8},
			{"appName": "비둘기키우기", "usage": 8},
			{"appName": "카카오톡", "usage": 7},
			{"appName": "Chrome", "usage": 7},
			{"appName": "Paco", "usage": 4},
			{"appName": "Google Play 스토어", "usage": 3},
			{"appName": "시스템 UI", "usage": 2},
			{"appName": "카카오 T", "usage": 1},
			{"appName": "전화", "usage": 1},
			{"appName": "고양이는 정말 귀여워", "usage": 1},
		]
	},
	{
		"date": 4,
		"totalTime": 564,
		"details": [
			{"appName": "TVING", "usage": 340},
			{"appName": "Chrome", "usage": 84},
			{"appName": "오락_OK캐쉬백", "usage": 45},
			{"appName": "Puffin", "usage": 16},
			{"appName": "트위터", "usage": 14},
			{"appName": "TouchWiz 홈", "usage": 8},
			{"appName": "지니 뮤직", "usage": 7},
			{"appName": "전화", "usage": 7},
			{"appName": "코레일톡", "usage": 5},
			{"appName": "설정", "usage": 4},
			{"appName": "Paco", "usage": 4},
			{"appName": "Polar Beat", "usage": 3},
			{"appName": "카카오톡", "usage": 2},
			{"appName": "연락처", "usage": 2},
			{"appName": "시스템 UI", "usage": 2},
			{"appName": "디바이스 관리", "usage": 2},
			{"appName": "Samsung Pay", "usage": 2},
			{"appName": "메시지", "usage": 1},
		]
	},
	{
		"date": 5,
		"totalTime": 452,
		"details": [
			{"appName": "Chrome", "usage": 162},
			{"appName": "오락_OK캐쉬백", "usage": 63},
			{"appName": "TVING", "usage": 45},
			{"appName": "트위터", "usage": 40},
			{"appName": "카카오톡", "usage": 33},
			{"appName": "메시지", "usage": 20},
			{"appName": "Puffin", "usage": 16},
			{"appName": "TouchWiz 홈", "usage": 13},
			{"appName": "설정", "usage": 11},
			{"appName": "시계", "usage": 7},
			{"appName": "Paco", "usage": 7},
			{"appName": "카카오뱅크", "usage": 3},
			{"appName": "시스템 UI", "usage": 3},
			{"appName": "토스", "usage": 2},
			{"appName": "지니 뮤직", "usage": 2},
			{"appName": "원격 데스크톱", "usage": 2},
			{"appName": "Polar Beat", "usage": 2},
			{"appName": "11번가", "usage": 2},
			{"appName": "전화", "usage": 1},
			{"appName": "연락처", "usage": 1},
		]
	},
	{
		"date": 6,
		"totalTime": 602,
		"details": [
			{"appName": "카카오톡", "usage": 182},
			{"appName": "TVING", "usage": 180},
			{"appName": "오락_OK캐쉬백", "usage": 107},
			{"appName": "트위터", "usage": 43},
			{"appName": "Chrome", "usage": 16},
			{"appName": "Polar Beat", "usage": 9},
			{"appName": "설정", "usage": 8},
			{"appName": "시계", "usage": 7},
			{"appName": "TouchWiz 홈", "usage": 7},
			{"appName": "11번가", "usage": 7},
			{"appName": "메시지", "usage": 4},
			{"appName": "Puffin", "usage": 4},
			{"appName": "Paco", "usage": 4},
			{"appName": "전화", "usage": 3},
			{"appName": "YouTube", "usage": 3},
			{"appName": "토스", "usage": 2},
			{"appName": "지니 뮤직", "usage": 1},
			{"appName": "연락처", "usage": 1},
			{"appName": "시스템 UI", "usage": 1},
			{"appName": "ABC Logger", "usage": 1},
		]
	},
	{
		"date": 7,
		"totalTime": 839,
		"details": [
			{"appName": "TVING", "usage": 346},
			{"appName": "Chrome", "usage": 284},
			{"appName": "오락_OK캐쉬백", "usage": 58},
			{"appName": "Netflix", "usage": 33},
			{"appName": "카카오톡", "usage": 23},
			{"appName": "Polar Beat", "usage": 17},
			{"appName": "트위터", "usage": 13},
			{"appName": "지니 뮤직", "usage": 8},
			{"appName": "TouchWiz 홈", "usage": 7},
			{"appName": "메시지", "usage": 6},
			{"appName": "Paco", "usage": 5},
			{"appName": "11번가", "usage": 5},
			{"appName": "설정", "usage": 4},
			{"appName": "Puffin", "usage": 4},
			{"appName": "전화", "usage": 3},
			{"appName": "YouTube", "usage": 3},
			{"appName": "시스템 UI", "usage": 2},
			{"appName": "ABC Logger", "usage": 2},
			{"appName": "Dropsync", "usage": 1},
		]
	},
]
