[
	{
		"date": 1,
		"totalTime": 470,
		"details": [
			{"appName": "YouTube", "usage": 121},
			{"appName": "피망 뉴맞고", "usage": 83},
			{"appName": "Chrome", "usage": 68},
			{"appName": "카카오톡", "usage": 43},
			{"appName": "Samsung Experience 홈", "usage": 28},
			{"appName": "T전화", "usage": 18},
			{"appName": "메시지", "usage": 17},
			{"appName": "카카오맵", "usage": 10},
			{"appName": "쏘카", "usage": 8},
			{"appName": "시외버스	모바일", "usage": 8},
			{"appName": "똑똑가계부", "usage": 6},
			{"appName": "One UI 홈", "usage": 6},
			{"appName": "캘린더", "usage": 5},
			{"appName": "드라이브", "usage": 5},
			{"appName": "Polar Beat", "usage": 5},
			{"appName": "Paco", "usage": 5},
			{"appName": "나무위키뷰어", "usage": 4},
			{"appName": "알파카", "usage": 3},
			{"appName": "Adobe Acrobat", "usage": 3},
			{"appName": "한컴오피스 viewer", "usage": 2},
			{"appName": "지하철종결자", "usage": 2},
			{"appName": "버거킹", "usage": 2},
			{"appName": "카메라", "usage": 1},
			{"appName": "설정", "usage": 1},
		]
	},
	{
		"date": 2,
		"totalTime": 467,
		"details": [
			{"appName": "YouTube", "usage": 120},
			{"appName": "Chrome", "usage": 78},
			{"appName": "한컴오피스 viewer", "usage": 60},
			{"appName": "피망 뉴맞고", "usage": 57},
			{"appName": "카카오톡", "usage": 40},
			{"appName": "T전화", "usage": 27},
			{"appName": "메시지", "usage": 15},
			{"appName": "One UI 홈", "usage": 12},
			{"appName": "카카오맵", "usage": 11},
			{"appName": "나무위키뷰어", "usage": 10},
			{"appName": "PowerPoint", "usage": 6},
			{"appName": "Paco", "usage": 6},
			{"appName": "지하철종결자", "usage": 4},
			{"appName": "똑똑가계부", "usage": 4},
			{"appName": "토스", "usage": 1},
			{"appName": "캘린더", "usage": 1},
			{"appName": "설정", "usage": 1},
			{"appName": "Excel", "usage": 1},
		]
	},
	{
		"date": 3,
		"totalTime": 421,
		"details": [
			{"appName": "YouTube", "usage": 131},
			{"appName": "Chrome", "usage": 97},
			{"appName": "한컴오피스 viewer", "usage": 67},
			{"appName": "피망 뉴맞고", "usage": 26},
			{"appName": "카카오톡", "usage": 21},
			{"appName": "One UI 홈", "usage": 14},
			{"appName": "캘린더", "usage": 10},
			{"appName": "T전화", "usage": 6},
			{"appName": "PowerPoint", "usage": 6},
			{"appName": "Adobe Acrobat", "usage": 6},
			{"appName": "메시지", "usage": 5},
			{"appName": "카카오맵", "usage": 4},
			{"appName": "Paco", "usage": 4},
			{"appName": "Polar Beat", "usage": 3},
			{"appName": "위키백과", "usage": 2},
			{"appName": "똑똑가계부", "usage": 2},
			{"appName": "나무위키뷰어", "usage": 2},
			{"appName": "토스", "usage": 1},
			{"appName": "지하철종결자", "usage": 1},
		]
	},
	{
		"date": 4,
		"totalTime": 354,
		"details": [
			{"appName": "YouTube", "usage": 168},
			{"appName": "피망 뉴맞고", "usage": 53},
			{"appName": "Chrome", "usage": 49},
			{"appName": "카카오톡", "usage": 46},
			{"appName": "One UI 홈", "usage": 17},
			{"appName": "스와이프 벽돌깨기", "usage": 4},
			{"appName": "Paco", "usage": 4},
			{"appName": "나무위키뷰어", "usage": 3},
			{"appName": "카메라", "usage": 2},
			{"appName": "똑똑가계부", "usage": 1},
		]
	},
	{
		"date": 5,
		"totalTime": 600,
		"details": [
			{"appName": "YouTube", "usage": 353},
			{"appName": "카카오톡", "usage": 84},
			{"appName": "Chrome", "usage": 57},
			{"appName": "피망 뉴맞고", "usage": 32},
			{"appName": "One UI 홈", "usage": 20},
			{"appName": "코레일톡", "usage": 9},
			{"appName": "캘린더", "usage": 6},
			{"appName": "카카오맵", "usage": 6},
			{"appName": "고속버스 모바일", "usage": 5},
			{"appName": "지하철종결자", "usage": 3},
			{"appName": "Paco", "usage": 3},
			{"appName": "설정", "usage": 2},
			{"appName": "T전화", "usage": 2},
			{"appName": "무한의 계단", "usage": 1},
			{"appName": "똑똑가계부", "usage": 1},
			{"appName": "국세청 홈택스", "usage": 1},
		]
	},
	{
		"date": 6,
		"totalTime": 604,
		"details": [
			{"appName": "YouTube", "usage": 376},
			{"appName": "카카오톡", "usage": 39},
			{"appName": "One UI 홈", "usage": 32},
			{"appName": "캘린더", "usage": 29},
			{"appName": "Chrome", "usage": 24},
			{"appName": "메시지", "usage": 14},
			{"appName": "코레일톡", "usage": 12},
			{"appName": "똑똑가계부", "usage": 9},
			{"appName": "카이스트 버스", "usage": 7},
			{"appName": "Adobe Acrobat", "usage": 7},
			{"appName": "피망 뉴맞고", "usage": 6},
			{"appName": "카카오맵", "usage": 6},
			{"appName": "지하철종결자", "usage": 6},
			{"appName": "고속버스 모바일", "usage": 5},
			{"appName": "음성 녹음", "usage": 3},
			{"appName": "T전화", "usage": 3},
			{"appName": "Paco", "usage": 2},
			{"appName": "토스", "usage": 1},
			{"appName": "알파카", "usage": 1},
			{"appName": "나무위키뷰어", "usage": 1},
			{"appName": "T멤버십", "usage": 1},
			{"appName": "Smart​Things", "usage": 1},
			{"appName": "", "usage": 1},
		]
	},
	{
		"date": 7,
		"totalTime": 387,
		"details": [
			{"appName": "YouTube", "usage": 150},
			{"appName": "Chrome", "usage": 44},
			{"appName": "One UI 홈", "usage": 42},
			{"appName": "카카오톡", "usage": 31},
			{"appName": "설정", "usage": 16},
			{"appName": "T전화", "usage": 16},
			{"appName": "메시지", "usage": 15},
			{"appName": "SR 고속열차", "usage": 10},
			{"appName": "똑똑가계부", "usage": 9},
			{"appName": "캘린더", "usage": 8},
			{"appName": "알파카", "usage": 6},
			{"appName": "카카오맵", "usage": 5},
			{"appName": "카카오버스", "usage": 4},
			{"appName": "코레일톡", "usage": 3},
			{"appName": "Paco", "usage": 3},
			{"appName": "Google Play 뮤직", "usage": 3},
			{"appName": "지하철종결자", "usage": 2},
			{"appName": "Smart​Things", "usage": 2},
			{"appName": "카이스트 버스", "usage": 1},
			{"appName": "빅스비 보이스", "usage": 1},
			{"appName": "나무위키뷰어", "usage": 1},
			{"appName": "", "usage": 1},
		]
	},
]
