[
	{
		"date": 1,
		"totalTime": 425,
		"details": [
			{"appName": "카카오톡", "usage": 179},
			{"appName": "Facebook", "usage": 29},
			{"appName": "One UI 홈", "usage": 22},
			{"appName": "FLO", "usage": 20},
			{"appName": "삼성 인터넷", "usage": 17},
			{"appName": "KAIST Library", "usage": 14},
			{"appName": "SNOW", "usage": 12},
			{"appName": "Microsoft Health", "usage": 12},
			{"appName": "Samsung Pay", "usage": 10},
			{"appName": "디바이스 케어", "usage": 8},
			{"appName": "에브리타임", "usage": 7},
			{"appName": "KLMS", "usage": 7},
			{"appName": "이메일", "usage": 6},
			{"appName": "갤러리", "usage": 6},
			{"appName": "Polar Beat", "usage": 6},
			{"appName": "T전화", "usage": 5},
			{"appName": "Paco", "usage": 5},
			{"appName": "Instagram", "usage": 5},
			{"appName": "시계", "usage": 4},
			{"appName": "설정", "usage": 4},
			{"appName": "고속버스 모바일", "usage": 3},
			{"appName": "이미지 사이즈", "usage": 2},
			{"appName": "배경화면", "usage": 2},
			{"appName": "Samsung Notes", "usage": 2},
			{"appName": "Google Play 스토어", "usage": 2},
			{"appName": "ABC Logger", "usage": 2},
			{"appName": "한컴오피스 viewer", "usage": 1},
			{"appName": "패키지 설치 프로그램", "usage": 1},
			{"appName": "카메라", "usage": 1},
			{"appName": "싸이메라", "usage": 1},
			{"appName": "Logger", "usage": 1},
			{"appName": "Dropsync", "usage": 1},
		]
	},
	{
		"date": 2,
		"totalTime": 271,
		"details": [
			{"appName": "카카오톡", "usage": 88},
			{"appName": "Facebook", "usage": 30},
			{"appName": "삼성 인터넷", "usage": 21},
			{"appName": "드라이브", "usage": 21},
			{"appName": "카메라", "usage": 18},
			{"appName": "KAIST Library", "usage": 14},
			{"appName": "카카오맵", "usage": 11},
			{"appName": "One UI 홈", "usage": 11},
			{"appName": "KLMS", "usage": 8},
			{"appName": "T전화", "usage": 6},
			{"appName": "Paco", "usage": 5},
			{"appName": "Instagram", "usage": 5},
			{"appName": "갤러리", "usage": 4},
			{"appName": "시계", "usage": 3},
			{"appName": "고속버스 모바일", "usage": 3},
			{"appName": "Polar Beat", "usage": 2},
			{"appName": "한컴오피스 viewer", "usage": 1},
			{"appName": "에브리타임", "usage": 1},
			{"appName": "메시지", "usage": 1},
		]
	},
	{
		"date": 3,
		"totalTime": 206,
		"details": [
			{"appName": "Facebook", "usage": 34},
			{"appName": "카카오톡", "usage": 33},
			{"appName": "삼성 인터넷", "usage": 31},
			{"appName": "YouTube", "usage": 29},
			{"appName": "카메라", "usage": 18},
			{"appName": "카카오맵", "usage": 11},
			{"appName": "One UI 홈", "usage": 8},
			{"appName": "T전화", "usage": 7},
			{"appName": "Instagram", "usage": 5},
			{"appName": "고속버스 모바일", "usage": 4},
			{"appName": "갤러리", "usage": 4},
			{"appName": "Paco", "usage": 3},
			{"appName": "시계", "usage": 2},
			{"appName": "캘린더", "usage": 1},
			{"appName": "메시지", "usage": 1},
			{"appName": "Polar Beat", "usage": 1},
		]
	},
	{
		"date": 4,
		"totalTime": 383,
		"details": [
			{"appName": "카카오톡", "usage": 172},
			{"appName": "삼성 인터넷", "usage": 45},
			{"appName": "Facebook", "usage": 34},
			{"appName": "YouTube", "usage": 29},
			{"appName": "스냅스", "usage": 12},
			{"appName": "One UI 홈", "usage": 11},
			{"appName": "한컴오피스 viewer", "usage": 10},
			{"appName": "고속버스 모바일", "usage": 8},
			{"appName": "Instagram", "usage": 8},
			{"appName": "T전화", "usage": 7},
			{"appName": "카메라", "usage": 4},
			{"appName": "카카오맵", "usage": 3},
			{"appName": "갤러리", "usage": 3},
			{"appName": "Paco", "usage": 3},
			{"appName": "FLO", "usage": 3},
			{"appName": "시계", "usage": 2},
			{"appName": "KLMS", "usage": 2},
			{"appName": "코레일톡", "usage": 1},
			{"appName": "캘린더", "usage": 1},
			{"appName": "원터치개인", "usage": 1},
			{"appName": "에브리타임", "usage": 1},
			{"appName": "야놀자", "usage": 1},
			{"appName": "계산기", "usage": 1},
			{"appName": "Polar Beat", "usage": 1},
			{"appName": "KAIST	Portal", "usage": 1},
			{"appName": "Google Play 스토어", "usage": 1},
		]
	},
	{
		"date": 5,
		"totalTime": 449,
		"details": [
			{"appName": "카카오톡", "usage": 188},
			{"appName": "삼성 인터넷", "usage": 61},
			{"appName": "Facebook", "usage": 27},
			{"appName": "One UI 홈", "usage": 17},
			{"appName": "한컴오피스 viewer", "usage": 16},
			{"appName": "스냅스", "usage": 12},
			{"appName": "Instagram", "usage": 10},
			{"appName": "고속버스 모바일", "usage": 8},
			{"appName": "FLO", "usage": 7},
			{"appName": "카카오맵", "usage": 6},
			{"appName": "T전화", "usage": 6},
			{"appName": "SNOW", "usage": 6},
			{"appName": "카메라", "usage": 5},
			{"appName": "갤러리", "usage": 5},
			{"appName": "NAVER", "usage": 5},
			{"appName": "캘린더", "usage": 4},
			{"appName": "에브리타임", "usage": 4},
			{"appName": "Paco", "usage": 4},
			{"appName": "KLMS", "usage": 4},
			{"appName": "KAIST Library", "usage": 4},
			{"appName": "어드벤처", "usage": 3},
			{"appName": "Microsoft Health", "usage": 2},
			{"appName": "KAIST	Portal", "usage": 2},
			{"appName": "Google Play 스토어", "usage": 2},
			{"appName": "코레일톡", "usage": 1},
			{"appName": "이메일", "usage": 1},
			{"appName": "원터치알림", "usage": 1},
			{"appName": "원터치개인", "usage": 1},
			{"appName": "야놀자", "usage": 1},
			{"appName": "시계", "usage": 1},
			{"appName": "비디오 플레이어", "usage": 1},
			{"appName": "배달의민족", "usage": 1},
			{"appName": "메시지", "usage": 1},
			{"appName": "계산기", "usage": 1},
			{"appName": "PowerPoint", "usage": 1},
			{"appName": "Polar Beat", "usage": 1},
		]
	},
	{
		"date": 6,
		"totalTime": 421,
		"details": [
			{"appName": "카카오톡", "usage": 195},
			{"appName": "삼성 인터넷", "usage": 34},
			{"appName": "Facebook", "usage": 33},
			{"appName": "One UI 홈", "usage": 18},
			{"appName": "갤러리", "usage": 13},
			{"appName": "스냅스", "usage": 10},
			{"appName": "T전화", "usage": 10},
			{"appName": "Instagram", "usage": 9},
			{"appName": "FLO", "usage": 7},
			{"appName": "카카오맵", "usage": 6},
			{"appName": "SNOW", "usage": 6},
			{"appName": "Microsoft Health", "usage": 6},
			{"appName": "에브리타임", "usage": 5},
			{"appName": "드라이브", "usage": 5},
			{"appName": "NAVER", "usage": 5},
			{"appName": "캘린더", "usage": 4},
			{"appName": "KAIST Library", "usage": 4},
			{"appName": "KAIST	Portal", "usage": 4},
			{"appName": "한컴오피스 viewer", "usage": 2},
			{"appName": "카메라", "usage": 2},
			{"appName": "원터치개인", "usage": 2},
			{"appName": "고속버스 모바일", "usage": 2},
			{"appName": "YouTube", "usage": 2},
			{"appName": "PowerPoint", "usage": 2},
			{"appName": "원터치알림", "usage": 1},
			{"appName": "비디오 플레이어", "usage": 1},
			{"appName": "배달의민족", "usage": 1},
			{"appName": "밥대생", "usage": 1},
			{"appName": "메시지", "usage": 1},
			{"appName": "T멤버십", "usage": 1},
			{"appName": "Paco", "usage": 1},
		]
	},
	{
		"date": 7,
		"totalTime": 406,
		"details": [
			{"appName": "카카오톡", "usage": 174},
			{"appName": "삼성 인터넷", "usage": 40},
			{"appName": "Facebook", "usage": 25},
			{"appName": "One UI 홈", "usage": 15},
			{"appName": "갤러리", "usage": 13},
			{"appName": "SNOW", "usage": 12},
			{"appName": "스냅스", "usage": 10},
			{"appName": "T전화", "usage": 10},
			{"appName": "Instagram", "usage": 9},
			{"appName": "카카오맵", "usage": 8},
			{"appName": "계산기", "usage": 7},
			{"appName": "옷잘남", "usage": 5},
			{"appName": "에브리타임", "usage": 5},
			{"appName": "드라이브", "usage": 5},
			{"appName": "고속버스 모바일", "usage": 5},
			{"appName": "다이소 멤버십", "usage": 4},
			{"appName": "KAIST	Portal", "usage": 4},
			{"appName": "캘린더", "usage": 3},
			{"appName": "카메라", "usage": 3},
			{"appName": "빅스비 보이스", "usage": 3},
			{"appName": "비디오 플레이어", "usage": 3},
			{"appName": "FLO", "usage": 3},
			{"appName": "한컴오피스 viewer", "usage": 2},
			{"appName": "원터치개인", "usage": 2},
			{"appName": "메시지", "usage": 2},
			{"appName": "YouTube", "usage": 2},
			{"appName": "Paco", "usage": 2},
			{"appName": "시계", "usage": 1},
			{"appName": "T멤버십", "usage": 1},
			{"appName": "Dropsync", "usage": 1},
		]
	},
]
