[
	{
		"date": 1,
		"totalTime": 361,
		"details": [
			{"appName": "카카오톡", "usage": 83},
			{"appName": "Instagram", "usage": 72},
			{"appName": "Samsung Experience 홈", "usage": 45},
			{"appName": "Netflix", "usage": 42},
			{"appName": "YouTube", "usage": 35},
			{"appName": "삼성 인터넷", "usage": 31},
			{"appName": "FocusMore", "usage": 18},
			{"appName": "Polar Beat", "usage": 7},
			{"appName": "Paco", "usage": 6},
			{"appName": "메시지", "usage": 3},
			{"appName": "연락처", "usage": 2},
			{"appName": "설정", "usage": 2},
			{"appName": "전화", "usage": 1},
			{"appName": "갤러리", "usage": 1},
		]
	},
	{
		"date": 2,
		"totalTime": 552,
		"details": [
			{"appName": "Netflix", "usage": 131},
			{"appName": "카카오톡", "usage": 88},
			{"appName": "Instagram", "usage": 80},
			{"appName": "YouTube", "usage": 55},
			{"appName": "Samsung Experience 홈", "usage": 41},
			{"appName": "FocusMore", "usage": 40},
			{"appName": "메시지", "usage": 38},
			{"appName": "삼성 인터넷", "usage": 33},
			{"appName": "Google Play 스토어", "usage": 10},
			{"appName": "설정", "usage": 8},
			{"appName": "SR 고속열차", "usage": 5},
			{"appName": "Paco", "usage": 4},
			{"appName": "밥대생", "usage": 2},
			{"appName": "Polar Beat", "usage": 2},
			{"appName": "코레일톡", "usage": 1},
			{"appName": "시스템 UI", "usage": 1},
			{"appName": "시계", "usage": 1},
			{"appName": "U+ 고객센터", "usage": 1},
		]
	},
	{
		"date": 3,
		"totalTime": 520,
		"details": [
			{"appName": "Netflix", "usage": 110},
			{"appName": "YouTube", "usage": 109},
			{"appName": "Instagram", "usage": 84},
			{"appName": "카카오톡", "usage": 66},
			{"appName": "삼성 인터넷", "usage": 32},
			{"appName": "시계", "usage": 29},
			{"appName": "전화", "usage": 22},
			{"appName": "FocusMore", "usage": 17},
			{"appName": "Samsung Experience 홈", "usage": 13},
			{"appName": "코레일톡", "usage": 7},
			{"appName": "카카오버스", "usage": 6},
			{"appName": "SR 고속열차", "usage": 6},
			{"appName": "Paco", "usage": 2},
			{"appName": "설정", "usage": 1},
			{"appName": "U+ 고객센터", "usage": 1},
			{"appName": "Polar Beat", "usage": 1},
		]
	},
	{
		"date": 4,
		"totalTime": 492,
		"details": [
			{"appName": "Instagram", "usage": 122},
			{"appName": "카카오톡", "usage": 96},
			{"appName": "YouTube", "usage": 96},
			{"appName": "Netflix", "usage": 44},
			{"appName": "이랜드몰", "usage": 39},
			{"appName": "삼성 인터넷", "usage": 39},
			{"appName": "Samsung Experience 홈", "usage": 10},
			{"appName": "Paco", "usage": 6},
			{"appName": "FocusMore", "usage": 6},
			{"appName": "카카오버스", "usage": 5},
			{"appName": "전화", "usage": 5},
			{"appName": "설정", "usage": 4},
			{"appName": "Polar Beat", "usage": 3},
			{"appName": "쿠팡", "usage": 1},
			{"appName": "지하철종결자", "usage": 1},
			{"appName": "시스템 UI", "usage": 1},
			{"appName": "밥대생", "usage": 1},
			{"appName": "메시지", "usage": 1},
		]
	},
	{
		"date": 5,
		"totalTime": 350,
		"details": [
			{"appName": "YouTube", "usage": 78},
			{"appName": "카카오톡", "usage": 71},
			{"appName": "Instagram", "usage": 49},
			{"appName": "Netflix", "usage": 44},
			{"appName": "삼성 인터넷", "usage": 32},
			{"appName": "Samsung Experience 홈", "usage": 19},
			{"appName": "FocusMore", "usage": 14},
			{"appName": "전화", "usage": 12},
			{"appName": "메시지", "usage": 7},
			{"appName": "Paco", "usage": 4},
			{"appName": "갤러리", "usage": 3},
			{"appName": "쿠팡", "usage": 2},
			{"appName": "밥대생", "usage": 2},
			{"appName": "카메라", "usage": 1},
			{"appName": "원터치개인", "usage": 1},
			{"appName": "ABC Logger", "usage": 1},
		]
	},
	{
		"date": 6,
		"totalTime": 455,
		"details": [
			{"appName": "YouTube", "usage": 125},
			{"appName": "Instagram", "usage": 91},
			{"appName": "카카오톡", "usage": 66},
			{"appName": "Netflix", "usage": 44},
			{"appName": "전화", "usage": 40},
			{"appName": "Samsung Experience 홈", "usage": 27},
			{"appName": "메시지", "usage": 19},
			{"appName": "삼성 인터넷", "usage": 13},
			{"appName": "Paco", "usage": 5},
			{"appName": "FocusMore", "usage": 5},
			{"appName": "원터치개인", "usage": 2},
			{"appName": "설정", "usage": 2},
			{"appName": "밥대생", "usage": 2},
			{"appName": "갤러리", "usage": 1},
			{"appName": "Polar Beat", "usage": 1},
		]
	},
	{
		"date": 7,
		"totalTime": 437,
		"details": [
			{"appName": "Instagram", "usage": 97},
			{"appName": "카카오톡", "usage": 85},
			{"appName": "YouTube", "usage": 68},
			{"appName": "Netflix", "usage": 52},
			{"appName": "시계", "usage": 27},
			{"appName": "FocusMore", "usage": 23},
			{"appName": "삼성 인터넷", "usage": 22},
			{"appName": "쿠팡", "usage": 14},
			{"appName": "Samsung Experience 홈", "usage": 13},
			{"appName": "전화", "usage": 12},
			{"appName": "Paco", "usage": 5},
			{"appName": "메시지", "usage": 4},
			{"appName": "밥대생", "usage": 2},
			{"appName": "Polar Beat", "usage": 2},
			{"appName": "연락처", "usage": 1},
			{"appName": "설정", "usage": 1},
		]
	},
]
