[
	{
		"date": 1,
		"totalTime": 296,
		"details": [
			{"appName": "삼성 인터넷", "usage": 90},
			{"appName": "Cookie Run: OvenBreak", "usage": 78},
			{"appName": "카카오톡", "usage": 64},
			{"appName": "시계", "usage": 8},
			{"appName": "Samsung Experience 홈", "usage": 8},
			{"appName": "드라이브", "usage": 7},
			{"appName": "Instagram", "usage": 7},
			{"appName": "YouTube", "usage": 5},
			{"appName": "Melon", "usage": 5},
			{"appName": "전화", "usage": 4},
			{"appName": "Paco", "usage": 3},
			{"appName": "Polar Beat", "usage": 2},
			{"appName": "카메라", "usage": 1},
			{"appName": "네이버 지도", "usage": 1},
			{"appName": "내 파일", "usage": 1},
		]
	},
	{
		"date": 2,
		"totalTime": 477,
		"details": [
			{"appName": "삼성 인터넷", "usage": 213},
			{"appName": "Cookie Run: OvenBreak", "usage": 132},
			{"appName": "카카오톡", "usage": 45},
			{"appName": "Samsung Experience 홈", "usage": 14},
			{"appName": "전화", "usage": 12},
			{"appName": "드라이브", "usage": 8},
			{"appName": "YouTube", "usage": 8},
			{"appName": "시계", "usage": 7},
			{"appName": "설정", "usage": 6},
			{"appName": "Instagram", "usage": 6},
			{"appName": "연락처", "usage": 4},
			{"appName": "Paco", "usage": 4},
			{"appName": "카메라", "usage": 2},
			{"appName": "토스", "usage": 1},
			{"appName": "시스템 UI", "usage": 1},
			{"appName": "메시지", "usage": 1},
			{"appName": "네이버 지도", "usage": 1},
			{"appName": "내 파일", "usage": 1},
			{"appName": "Polar Beat", "usage": 1},
			{"appName": "Melon", "usage": 1},
		]
	},
	{
		"date": 3,
		"totalTime": 495,
		"details": [
			{"appName": "삼성 인터넷", "usage": 247},
			{"appName": "Cookie Run: OvenBreak", "usage": 85},
			{"appName": "카카오톡", "usage": 83},
			{"appName": "전화", "usage": 21},
			{"appName": "캘린더", "usage": 9},
			{"appName": "YouTube", "usage": 8},
			{"appName": "Instagram", "usage": 7},
			{"appName": "설정", "usage": 6},
			{"appName": "Samsung Experience 홈", "usage": 6},
			{"appName": "연락처", "usage": 5},
			{"appName": "드라이브", "usage": 2},
			{"appName": "네이버 지도", "usage": 2},
			{"appName": "시계", "usage": 1},
			{"appName": "Paco", "usage": 1},
			{"appName": "Melon", "usage": 1},
		]
	},
	{
		"date": 4,
		"totalTime": 347,
		"details": [
			{"appName": "삼성 인터넷", "usage": 214},
			{"appName": "카카오톡", "usage": 52},
			{"appName": "전화", "usage": 29},
			{"appName": "시계", "usage": 12},
			{"appName": "캘린더", "usage": 9},
			{"appName": "Instagram", "usage": 8},
			{"appName": "설정", "usage": 6},
			{"appName": "Cookie Run: OvenBreak", "usage": 4},
			{"appName": "Samsung Experience 홈", "usage": 3},
			{"appName": "네이버 지도", "usage": 2},
			{"appName": "메시지", "usage": 1},
		]
	},
	{
		"date": 5,
		"totalTime": 504,
		"details": [
			{"appName": "삼성 인터넷", "usage": 352},
			{"appName": "Cookie Run: OvenBreak", "usage": 49},
			{"appName": "전화", "usage": 29},
			{"appName": "카카오톡", "usage": 26},
			{"appName": "시계", "usage": 13},
			{"appName": "Instagram", "usage": 13},
			{"appName": "드라이브", "usage": 7},
			{"appName": "Samsung Experience 홈", "usage": 4},
			{"appName": "Polar Beat", "usage": 2},
			{"appName": "Paco", "usage": 1},
			{"appName": "Melon", "usage": 1},
		]
	},
	{
		"date": 6,
		"totalTime": 524,
		"details": [
			{"appName": "삼성 인터넷", "usage": 264},
			{"appName": "카카오톡", "usage": 85},
			{"appName": "Cookie Run: OvenBreak", "usage": 71},
			{"appName": "전화", "usage": 42},
			{"appName": "Samsung Experience 홈", "usage": 13},
			{"appName": "드라이브", "usage": 8},
			{"appName": "PowerPoint", "usage": 6},
			{"appName": "연락처", "usage": 5},
			{"appName": "Instagram", "usage": 5},
			{"appName": "시계", "usage": 4},
			{"appName": "Paco", "usage": 3},
			{"appName": "Melon", "usage": 3},
			{"appName": "갤러리", "usage": 2},
			{"appName": "설정", "usage": 1},
			{"appName": "BAND", "usage": 1},
		]
	},
	{
		"date": 7,
		"totalTime": 658,
		"details": [
			{"appName": "삼성 인터넷", "usage": 384},
			{"appName": "카카오톡", "usage": 88},
			{"appName": "Cookie Run: OvenBreak", "usage": 80},
			{"appName": "전화", "usage": 42},
			{"appName": "Samsung Experience 홈", "usage": 15},
			{"appName": "갤러리", "usage": 13},
			{"appName": "Melon", "usage": 10},
			{"appName": "시계", "usage": 7},
			{"appName": "연락처", "usage": 5},
			{"appName": "Instagram", "usage": 2},
			{"appName": "카메라", "usage": 1},
			{"appName": "Paco", "usage": 1},
		]
	},
]
