[
	{
		"date": 1,
		"totalTime": 516,
		"details": [
			{"appName": "Facebook", "usage": 113},
			{"appName": "Instagram", "usage": 97},
			{"appName": "NAVER", "usage": 68},
			{"appName": "트위터", "usage": 49},
			{"appName": "카카오톡", "usage": 37},
			{"appName": "캐시워크", "usage": 30},
			{"appName": "기본홈", "usage": 19},
			{"appName": "타임스프레드", "usage": 13},
			{"appName": "Paco", "usage": 11},
			{"appName": "Polar Beat", "usage": 8},
			{"appName": "주소록", "usage": 7},
			{"appName": "프레젠테이션", "usage": 6},
			{"appName": "동영상", "usage": 5},
			{"appName": "갤러리", "usage": 5},
			{"appName": "통화 화면", "usage": 4},
			{"appName": "카메라", "usage": 4},
			{"appName": "YouTube", "usage": 4},
			{"appName": "Logger", "usage": 4},
			{"appName": "네이버 클라우드", "usage": 2},
			{"appName": "네이버 카페", "usage": 2},
			{"appName": "원터치알림", "usage": 1},
			{"appName": "시외버스	모바일", "usage": 1},
			{"appName": "시스템 UI", "usage": 1},
			{"appName": "메시지", "usage": 1},
			{"appName": "Q메모+", "usage": 1},
			{"appName": "Microsoft Health", "usage": 1},
			{"appName": "Microsoft Band", "usage": 1},
			{"appName": "LG 페이", "usage": 1},
		]
	},
	{
		"date": 2,
		"totalTime": 784,
		"details": [
			{"appName": "Facebook", "usage": 206},
			{"appName": "Instagram", "usage": 169},
			{"appName": "NAVER", "usage": 73},
			{"appName": "트위터", "usage": 69},
			{"appName": "카카오톡", "usage": 58},
			{"appName": "네이버 카페", "usage": 34},
			{"appName": "Polar Beat", "usage": 29},
			{"appName": "캐시워크", "usage": 21},
			{"appName": "기본홈", "usage": 17},
			{"appName": "고속버스 모바일", "usage": 12},
			{"appName": "시스템 UI", "usage": 10},
			{"appName": "통화 화면", "usage": 8},
			{"appName": "주소록", "usage": 8},
			{"appName": "메시지", "usage": 8},
			{"appName": "동영상", "usage": 7},
			{"appName": "갤러리", "usage": 7},
			{"appName": "Paco", "usage": 5},
			{"appName": "카메라", "usage": 4},
			{"appName": "네이버 지도", "usage": 4},
			{"appName": "YouTube", "usage": 4},
			{"appName": "원터치알림", "usage": 3},
			{"appName": "네이버 클라우드", "usage": 3},
			{"appName": "Microsoft Band", "usage": 2},
			{"appName": "토스", "usage": 1},
			{"appName": "타임스프레드", "usage": 1},
			{"appName": "Q메모+", "usage": 1},
			{"appName": "Logger", "usage": 1},
			{"appName": "KAIST	Portal", "usage": 1},
			{"appName": "Evernote", "usage": 1},
		]
	},
	{
		"date": 3,
		"totalTime": 539,
		"details": [
			{"appName": "Facebook", "usage": 243},
			{"appName": "Instagram", "usage": 82},
			{"appName": "네이버 카페", "usage": 36},
			{"appName": "카카오톡", "usage": 30},
			{"appName": "문서", "usage": 19},
			{"appName": "타임스프레드", "usage": 17},
			{"appName": "기본홈", "usage": 16},
			{"appName": "캐시워크", "usage": 11},
			{"appName": "시스템 UI", "usage": 11},
			{"appName": "Paco", "usage": 11},
			{"appName": "네이버 지도", "usage": 10},
			{"appName": "트위터", "usage": 8},
			{"appName": "Evernote", "usage": 7},
			{"appName": "YouTube", "usage": 4},
			{"appName": "NAVER", "usage": 4},
			{"appName": "Spotify", "usage": 3},
			{"appName": "카메라", "usage": 2},
			{"appName": "Polar Beat", "usage": 2},
			{"appName": "시외버스	모바일", "usage": 1},
			{"appName": "메시지", "usage": 1},
			{"appName": "갤러리", "usage": 1},
			{"appName": "Wi-Fi", "usage": 1},
			{"appName": "T world", "usage": 1},
		]
	},
	{
		"date": 4,
		"totalTime": 392,
		"details": [
			{"appName": "Instagram", "usage": 78},
			{"appName": "Facebook", "usage": 50},
			{"appName": "캐시워크", "usage": 41},
			{"appName": "카카오톡", "usage": 38},
			{"appName": "네이버 지도", "usage": 21},
			{"appName": "문서", "usage": 19},
			{"appName": "NAVER", "usage": 19},
			{"appName": "타임스프레드", "usage": 18},
			{"appName": "갤러리", "usage": 16},
			{"appName": "기본홈", "usage": 14},
			{"appName": "Polar Beat", "usage": 13},
			{"appName": "트위터", "usage": 9},
			{"appName": "Evernote", "usage": 7},
			{"appName": "고속버스 모바일", "usage": 5},
			{"appName": "Paco", "usage": 5},
			{"appName": "네이버 카페", "usage": 4},
			{"appName": "LG 페이", "usage": 4},
			{"appName": "카메라", "usage": 3},
			{"appName": "포토", "usage": 2},
			{"appName": "파일", "usage": 1},
			{"appName": "통화 화면", "usage": 1},
			{"appName": "주소록", "usage": 1},
			{"appName": "시스템 UI", "usage": 1},
			{"appName": "T world", "usage": 1},
			{"appName": "Q메모+", "usage": 1},
			{"appName": "Microsoft Band", "usage": 1},
			{"appName": "Google Play 스토어", "usage": 1},
		]
	},
	{
		"date": 5,
		"totalTime": 452,
		"details": [
			{"appName": "Facebook", "usage": 131},
			{"appName": "Instagram", "usage": 111},
			{"appName": "카카오톡", "usage": 60},
			{"appName": "기본홈", "usage": 27},
			{"appName": "NAVER", "usage": 24},
			{"appName": "갤러리", "usage": 17},
			{"appName": "Polar Beat", "usage": 16},
			{"appName": "트위터", "usage": 13},
			{"appName": "Evernote", "usage": 9},
			{"appName": "타임스프레드", "usage": 6},
			{"appName": "Paco", "usage": 6},
			{"appName": "네이버 카페", "usage": 5},
			{"appName": "Logger", "usage": 3},
			{"appName": "포토", "usage": 2},
			{"appName": "캐시워크", "usage": 2},
			{"appName": "파일", "usage": 1},
			{"appName": "통화 화면", "usage": 1},
			{"appName": "원터치알림", "usage": 1},
			{"appName": "시스템 UI", "usage": 1},
			{"appName": "Google Play 스토어", "usage": 1},
		]
	},
	{
		"date": 6,
		"totalTime": 381,
		"details": [
			{"appName": "Facebook", "usage": 173},
			{"appName": "카카오톡", "usage": 32},
			{"appName": "기본홈", "usage": 32},
			{"appName": "트위터", "usage": 22},
			{"appName": "타임스프레드", "usage": 21},
			{"appName": "NAVER", "usage": 16},
			{"appName": "Paco", "usage": 12},
			{"appName": "Instagram", "usage": 12},
			{"appName": "통화 화면", "usage": 11},
			{"appName": "네이버 카페", "usage": 6},
			{"appName": "메시지", "usage": 5},
			{"appName": "캐시워크", "usage": 4},
			{"appName": "Chrome", "usage": 4},
			{"appName": "원터치알림", "usage": 3},
			{"appName": "Polar Beat", "usage": 3},
			{"appName": "Logger", "usage": 3},
			{"appName": "네이버 지도", "usage": 2},
			{"appName": "갤러리", "usage": 2},
			{"appName": "VIBE", "usage": 2},
			{"appName": "네이버 뮤직", "usage": 1},
		]
	},
	{
		"date": 7,
		"totalTime": 613,
		"details": [
			{"appName": "Facebook", "usage": 259},
			{"appName": "트위터", "usage": 126},
			{"appName": "Instagram", "usage": 50},
			{"appName": "카카오톡", "usage": 33},
			{"appName": "Chrome", "usage": 24},
			{"appName": "타임스프레드", "usage": 17},
			{"appName": "통화 화면", "usage": 11},
			{"appName": "Paco", "usage": 10},
			{"appName": "기본홈", "usage": 9},
			{"appName": "Spotify", "usage": 9},
			{"appName": "Genius", "usage": 8},
			{"appName": "네이버 카페", "usage": 7},
			{"appName": "NAVER", "usage": 7},
			{"appName": "메시지", "usage": 5},
			{"appName": "캐시워크", "usage": 4},
			{"appName": "원터치알림", "usage": 3},
			{"appName": "갤러리", "usage": 3},
			{"appName": "Polar Beat", "usage": 3},
			{"appName": "카메라", "usage": 2},
			{"appName": "네이버 지도", "usage": 2},
			{"appName": "Polaris Office", "usage": 2},
			{"appName": "TouchVPN", "usage": 1},
			{"appName": "Google Play 스토어", "usage": 1},
		]
	},
]
