[
	{
		"date": 1,
		"totalTime": 452,
		"details": [
			{"appName": "프렌즈타운", "usage": 153},
			{"appName": "LightSlinger", "usage": 70},
			{"appName": "One UI 홈", "usage": 46},
			{"appName": "카카오톡", "usage": 44},
			{"appName": "삼성 인터넷", "usage": 34},
			{"appName": "T전화", "usage": 31},
			{"appName": "Paco", "usage": 13},
			{"appName": "Polar Beat", "usage": 9},
			{"appName": "설정", "usage": 8},
			{"appName": "Dropsync", "usage": 8},
			{"appName": "Microsoft Health", "usage": 5},
			{"appName": "시계", "usage": 4},
			{"appName": "Google Play 스토어", "usage": 3},
			{"appName": "Samsung Pay", "usage": 2},
			{"appName": "Logger", "usage": 2},
			{"appName": "패키지 설치 프로그램", "usage": 1},
			{"appName": "카카오맵", "usage": 1},
			{"appName": "카메라", "usage": 1},
			{"appName": "신한 쏠(SOL)", "usage": 1},
			{"appName": "메시지", "usage": 1},
			{"appName": "ABC Logger", "usage": 1},
		]
	},
	{
		"date": 2,
		"totalTime": 440,
		"details": [
			{"appName": "프렌즈타운", "usage": 171},
			{"appName": "LightSlinger", "usage": 70},
			{"appName": "One UI 홈", "usage": 46},
			{"appName": "카카오톡", "usage": 44},
			{"appName": "삼성 인터넷", "usage": 34},
			{"appName": "T전화", "usage": 31},
			{"appName": "Paco", "usage": 13},
			{"appName": "Polar Beat", "usage": 9},
			{"appName": "한컴오피스 viewer", "usage": 2},
			{"appName": "메시지", "usage": 2},
			{"appName": "Samsung Pay", "usage": 2},
			{"appName": "Logger", "usage": 2},
			{"appName": "캘린더", "usage": 1},
			{"appName": "카카오맵", "usage": 1},
			{"appName": "카메라", "usage": 1},
			{"appName": "Google Play 스토어", "usage": 1},
		]
	},
	{
		"date": 3,
		"totalTime": 409,
		"details": [
			{"appName": "프렌즈타운", "usage": 171},
			{"appName": "LightSlinger", "usage": 82},
			{"appName": "카카오톡", "usage": 39},
			{"appName": "삼성 인터넷", "usage": 36},
			{"appName": "One UI 홈", "usage": 18},
			{"appName": "Polar Beat", "usage": 9},
			{"appName": "갤러리", "usage": 7},
			{"appName": "Paco", "usage": 7},
			{"appName": "T전화", "usage": 6},
			{"appName": "한컴오피스 viewer", "usage": 5},
			{"appName": "코레일톡", "usage": 4},
			{"appName": "Samsung Pay", "usage": 4},
			{"appName": "T멤버십", "usage": 3},
			{"appName": "카메라", "usage": 2},
			{"appName": "메시지", "usage": 2},
			{"appName": "캘린더", "usage": 1},
			{"appName": "시계", "usage": 1},
		]
	},
	{
		"date": 4,
		"totalTime": 355,
		"details": [
			{"appName": "프렌즈타운", "usage": 131},
			{"appName": "LightSlinger", "usage": 87},
			{"appName": "삼성 인터넷", "usage": 36},
			{"appName": "One UI 홈", "usage": 18},
			{"appName": "카카오톡", "usage": 16},
			{"appName": "Paco", "usage": 11},
			{"appName": "Polar Beat", "usage": 9},
			{"appName": "갤러리", "usage": 7},
			{"appName": "T전화", "usage": 6},
			{"appName": "한컴오피스 viewer", "usage": 5},
			{"appName": "코레일톡", "usage": 4},
			{"appName": "Samsung Pay", "usage": 4},
			{"appName": "T멤버십", "usage": 3},
			{"appName": "카메라", "usage": 2},
			{"appName": "캘린더", "usage": 1},
			{"appName": "여기어때", "usage": 1},
			{"appName": "시계", "usage": 1},
		]
	},
	{
		"date": 5,
		"totalTime": 278,
		"details": [
			{"appName": "LightSlinger", "usage": 87},
			{"appName": "삼성 인터넷", "usage": 67},
			{"appName": "One UI 홈", "usage": 37},
			{"appName": "프렌즈타운", "usage": 35},
			{"appName": "카카오톡", "usage": 17},
			{"appName": "Paco", "usage": 11},
			{"appName": "T전화", "usage": 8},
			{"appName": "Polar Beat", "usage": 3},
			{"appName": "캘린더", "usage": 1},
			{"appName": "여기어때", "usage": 1},
			{"appName": "T멤버십", "usage": 1},
		]
	},
	{
		"date": 6,
		"totalTime": 519,
		"details": [
			{"appName": "프렌즈타운", "usage": 246},
			{"appName": "삼성 인터넷", "usage": 82},
			{"appName": "One UI 홈", "usage": 58},
			{"appName": "T전화", "usage": 40},
			{"appName": "카카오톡", "usage": 38},
			{"appName": "AVS", "usage": 28},
			{"appName": "카카오맵", "usage": 6},
			{"appName": "Paco", "usage": 5},
			{"appName": "카메라", "usage": 3},
			{"appName": "메시지", "usage": 1},
			{"appName": "네이버 웹툰", "usage": 1},
			{"appName": "갤러리", "usage": 1},
			{"appName": "T멤버십", "usage": 1},
			{"appName": "Samsung Pay", "usage": 1},
			{"appName": "Polar Beat", "usage": 1},
		]
	},
	{
		"date": 7,
		"totalTime": 707,
		"details": [
			{"appName": "프렌즈타운", "usage": 246},
			{"appName": "카카오톡", "usage": 79},
			{"appName": "", "usage": 74},
			{"appName": "1km", "usage": 72},
			{"appName": "One UI 홈", "usage": 58},
			{"appName": "삼성 인터넷", "usage": 56},
			{"appName": "T전화", "usage": 40},
			{"appName": "AVS", "usage": 28},
			{"appName": "갤러리", "usage": 11},
			{"appName": "카카오맵", "usage": 6},
			{"appName": "Paco", "usage": 6},
			{"appName": "카메라", "usage": 4},
			{"appName": "메시지", "usage": 4},
			{"appName": "티몬", "usage": 3},
			{"appName": "T멤버십", "usage": 2},
			{"appName": "CGV", "usage": 2},
			{"appName": "blind", "usage": 1},
			{"appName": "Samsung Pay", "usage": 1},
			{"appName": "Polar Beat", "usage": 1},
		]
	},
]
