[
	{
		"date": 1,
		"totalTime": 457,
		"details": [
			{"appName": "YouTube", "usage": 128},
			{"appName": "시스템 UI", "usage": 71},
			{"appName": "Netflix", "usage": 50},
			{"appName": "自走棋测试服", "usage": 40},
			{"appName": "삼성 인터넷", "usage": 33},
			{"appName": "카카오톡", "usage": 24},
			{"appName": "Samsung Experience 홈", "usage": 19},
			{"appName": "붕괴3rd", "usage": 17},
			{"appName": "네이버 웹툰", "usage": 9},
			{"appName": "네이버 지도", "usage": 8},
			{"appName": "Paco", "usage": 5},
			{"appName": "WeChat", "usage": 4},
			{"appName": "Reddit", "usage": 4},
			{"appName": "Microsoft Health", "usage": 4},
			{"appName": "카카오스탁", "usage": 3},
			{"appName": "Polar Beat", "usage": 3},
			{"appName": "One UI 홈", "usage": 3},
			{"appName": "카카오 T", "usage": 2},
			{"appName": "메시지", "usage": 2},
			{"appName": "다음웹툰", "usage": 2},
			{"appName": "T전화", "usage": 2},
			{"appName": "Samsung Pay", "usage": 2},
			{"appName": "Gmail", "usage": 2},
			{"appName": "스카이피플", "usage": 1},
			{"appName": "다나와 가격비교", "usage": 1},
			{"appName": "Logger", "usage": 1},
		]
	},
	{
		"date": 2,
		"totalTime": 344,
		"details": [
			{"appName": "YouTube", "usage": 98},
			{"appName": "Netflix", "usage": 76},
			{"appName": "시스템 UI", "usage": 43},
			{"appName": "붕괴3rd", "usage": 30},
			{"appName": "삼성 인터넷", "usage": 22},
			{"appName": "카카오톡", "usage": 14},
			{"appName": "카카오스탁", "usage": 12},
			{"appName": "네이버 웹툰", "usage": 9},
			{"appName": "One UI 홈", "usage": 9},
			{"appName": "Paco", "usage": 7},
			{"appName": "Reddit", "usage": 3},
			{"appName": "카카오 T", "usage": 2},
			{"appName": "스타벅스", "usage": 1},
			{"appName": "自走棋测试服", "usage": 1},
			{"appName": "YouTube Music", "usage": 1},
			{"appName": "T전화", "usage": 1},
			{"appName": "Polar Beat", "usage": 1},
			{"appName": "Google Play 스토어", "usage": 1},
		]
	},
	{
		"date": 3,
		"totalTime": 471,
		"details": [
			{"appName": "삼성 인터넷", "usage": 176},
			{"appName": "Netflix", "usage": 87},
			{"appName": "YouTube", "usage": 72},
			{"appName": "붕괴3rd", "usage": 71},
			{"appName": "네이버 웹툰", "usage": 13},
			{"appName": "카카오톡", "usage": 9},
			{"appName": "One UI 홈", "usage": 6},
			{"appName": "시스템 UI", "usage": 4},
			{"appName": "Reddit", "usage": 3},
			{"appName": "Paco", "usage": 3},
			{"appName": "WeChat", "usage": 2},
			{"appName": "Samsung Notes", "usage": 2},
			{"appName": "NAVER", "usage": 2},
			{"appName": "Auto Chess", "usage": 2},
			{"appName": "다음웹툰", "usage": 1},
			{"appName": "YouTube Music", "usage": 1},
			{"appName": "T전화", "usage": 1},
			{"appName": "Samsung Health", "usage": 1},
			{"appName": "Polar Beat", "usage": 1},
		]
	},
	{
		"date": 4,
		"totalTime": 429,
		"details": [
			{"appName": "삼성 인터넷", "usage": 218},
			{"appName": "YouTube", "usage": 90},
			{"appName": "붕괴3rd", "usage": 17},
			{"appName": "네이버 웹툰", "usage": 14},
			{"appName": "시스템 UI", "usage": 12},
			{"appName": "카카오톡", "usage": 11},
			{"appName": "One UI 홈", "usage": 11},
			{"appName": "WeChat", "usage": 7},
			{"appName": "NAVER", "usage": 5},
			{"appName": "다음웹툰", "usage": 4},
			{"appName": "네이버 카페", "usage": 3},
			{"appName": "네이버 지도", "usage": 3},
			{"appName": "Paco", "usage": 3},
			{"appName": "지하철종결자", "usage": 2},
			{"appName": "스카이피플", "usage": 2},
			{"appName": "설정", "usage": 2},
			{"appName": "YouTube Music", "usage": 2},
			{"appName": "Polar Beat", "usage": 2},
			{"appName": "Google 뉴스", "usage": 1},
			{"appName": "Facebook", "usage": 1},
		]
	},
	{
		"date": 5,
		"totalTime": 476,
		"details": [
			{"appName": "YouTube", "usage": 195},
			{"appName": "삼성 인터넷", "usage": 63},
			{"appName": "붕괴3rd", "usage": 57},
			{"appName": "Auto Chess", "usage": 42},
			{"appName": "시스템 UI", "usage": 16},
			{"appName": "Paco", "usage": 16},
			{"appName": "T전화", "usage": 11},
			{"appName": "카카오스탁", "usage": 10},
			{"appName": "네이버 웹툰", "usage": 9},
			{"appName": "One UI 홈", "usage": 9},
			{"appName": "카카오톡", "usage": 8},
			{"appName": "WeChat", "usage": 7},
			{"appName": "다음웹툰", "usage": 4},
			{"appName": "Samsung Notes", "usage": 4},
			{"appName": "Google 뉴스", "usage": 3},
			{"appName": "게임런처", "usage": 2},
			{"appName": "Polar Beat", "usage": 2},
			{"appName": "정부24", "usage": 1},
			{"appName": "스카이피플", "usage": 1},
			{"appName": "설정", "usage": 1},
		]
	},
	{
		"date": 6,
		"totalTime": 288,
		"details": [
			{"appName": "YouTube", "usage": 76},
			{"appName": "삼성 인터넷", "usage": 71},
			{"appName": "시스템 UI", "usage": 24},
			{"appName": "카카오톡", "usage": 21},
			{"appName": "네이버 웹툰", "usage": 15},
			{"appName": "Reddit", "usage": 14},
			{"appName": "One UI 홈", "usage": 11},
			{"appName": "붕괴3rd", "usage": 9},
			{"appName": "카카오스탁", "usage": 5},
			{"appName": "Perfect Viewer", "usage": 5},
			{"appName": "다음웹툰", "usage": 4},
			{"appName": "Polar Beat", "usage": 4},
			{"appName": "NAVER", "usage": 3},
			{"appName": "캘린더", "usage": 2},
			{"appName": "스카이피플", "usage": 2},
			{"appName": "brunch", "usage": 2},
			{"appName": "Paco", "usage": 2},
			{"appName": "KLMS", "usage": 2},
			{"appName": "메시지", "usage": 1},
			{"appName": "T world", "usage": 1},
		]
	},
	{
		"date": 7,
		"totalTime": 321,
		"details": [
			{"appName": "YouTube", "usage": 78},
			{"appName": "시스템 UI", "usage": 66},
			{"appName": "삼성 인터넷", "usage": 36},
			{"appName": "카카오톡", "usage": 32},
			{"appName": "Reddit", "usage": 25},
			{"appName": "One UI 홈", "usage": 16},
			{"appName": "붕괴3rd", "usage": 11},
			{"appName": "네이버 웹툰", "usage": 11},
			{"appName": "NAVER", "usage": 6},
			{"appName": "카카오스탁", "usage": 4},
			{"appName": "T전화", "usage": 3},
			{"appName": "Paco", "usage": 3},
			{"appName": "네이버 카페", "usage": 2},
			{"appName": "brunch", "usage": 2},
			{"appName": "WeChat", "usage": 2},
			{"appName": "카카오 T", "usage": 1},
			{"appName": "시계", "usage": 1},
			{"appName": "스카이피플", "usage": 1},
			{"appName": "Medium", "usage": 1},
			{"appName": "Instagram", "usage": 1},
			{"appName": "Google 뉴스", "usage": 1},
		]
	},
]
