[
	{
		"date": 1,
		"totalTime": 578,
		"details": [
			{"appName": "Rummikub", "usage": 414},
			{"appName": "카카오톡", "usage": 45},
			{"appName": "Instagram", "usage": 26},
			{"appName": "통화", "usage": 12},
			{"appName": "Samsung Experience 홈", "usage": 10},
			{"appName": "갤러리", "usage": 7},
			{"appName": "시계", "usage": 6},
			{"appName": "Polar Beat", "usage": 6},
			{"appName": "카메라", "usage": 5},
			{"appName": "삼성 인터넷", "usage": 4},
			{"appName": "SODA", "usage": 4},
			{"appName": "Paco", "usage": 4},
			{"appName": "Messenger", "usage": 3},
			{"appName": "전화", "usage": 2},
			{"appName": "설정", "usage": 2},
			{"appName": "배달의민족", "usage": 2},
			{"appName": "YouTube", "usage": 2},
			{"appName": "KLMS", "usage": 2},
			{"appName": "토스", "usage": 1},
			{"appName": "메시지", "usage": 1},
			{"appName": "리브", "usage": 1},
			{"appName": "ISP/페이북", "usage": 1},
		]
	},
	{
		"date": 2,
		"totalTime": 515,
		"details": [
			{"appName": "Rummikub", "usage": 248},
			{"appName": "카카오톡", "usage": 85},
			{"appName": "Instagram", "usage": 43},
			{"appName": "통화", "usage": 20},
			{"appName": "One UI 홈", "usage": 14},
			{"appName": "배달의민족", "usage": 13},
			{"appName": "Samsung Experience 홈", "usage": 12},
			{"appName": "갤러리", "usage": 9},
			{"appName": "Facebook", "usage": 8},
			{"appName": "시계", "usage": 7},
			{"appName": "카메라", "usage": 5},
			{"appName": "삼성 인터넷", "usage": 5},
			{"appName": "Messenger", "usage": 5},
			{"appName": "전화", "usage": 4},
			{"appName": "Paco", "usage": 4},
			{"appName": "설정", "usage": 3},
			{"appName": "토스", "usage": 2},
			{"appName": "스타벅스", "usage": 2},
			{"appName": "메시지", "usage": 2},
			{"appName": "YouTube", "usage": 2},
			{"appName": "KLMS", "usage": 2},
			{"appName": "리브", "usage": 1},
			{"appName": "ISP/페이북", "usage": 1},
		]
	},
	{
		"date": 3,
		"totalTime": 446,
		"details": [
			{"appName": "Rummikub", "usage": 289},
			{"appName": "카카오톡", "usage": 43},
			{"appName": "카메라", "usage": 14},
			{"appName": "시계", "usage": 14},
			{"appName": "Instagram", "usage": 14},
			{"appName": "배달의민족", "usage": 13},
			{"appName": "편한가계부", "usage": 8},
			{"appName": "비디오 플레이어", "usage": 7},
			{"appName": "One UI 홈", "usage": 7},
			{"appName": "Excel", "usage": 7},
			{"appName": "Paco", "usage": 5},
			{"appName": "통화", "usage": 3},
			{"appName": "토스", "usage": 2},
			{"appName": "설정", "usage": 2},
			{"appName": "메시지", "usage": 1},
			{"appName": "네이버 캘린더", "usage": 1},
			{"appName": "Polar Beat", "usage": 1},
			{"appName": "Google Play 서비스", "usage": 1},
		]
	},
	{
		"date": 4,
		"totalTime": 404,
		"details": [
			{"appName": "Rummikub", "usage": 164},
			{"appName": "카카오톡", "usage": 71},
			{"appName": "시계", "usage": 40},
			{"appName": "카메라", "usage": 24},
			{"appName": "Instagram", "usage": 23},
			{"appName": "One UI 홈", "usage": 11},
			{"appName": "통화", "usage": 9},
			{"appName": "비디오 플레이어", "usage": 9},
			{"appName": "Excel", "usage": 9},
			{"appName": "SODA", "usage": 7},
			{"appName": "Paco", "usage": 6},
			{"appName": "편한가계부", "usage": 4},
			{"appName": "Messenger", "usage": 3},
			{"appName": "파인더", "usage": 2},
			{"appName": "갤러리", "usage": 2},
			{"appName": "ULike", "usage": 2},
			{"appName": "토스", "usage": 1},
			{"appName": "전화", "usage": 1},
			{"appName": "싸이메라", "usage": 1},
			{"appName": "Google Play 서비스", "usage": 1},
		]
	},
	{
		"date": 5,
		"totalTime": 173,
		"details": [
			{"appName": "카카오톡", "usage": 34},
			{"appName": "통화", "usage": 25},
			{"appName": "Rummikub", "usage": 19},
			{"appName": "One UI 홈", "usage": 15},
			{"appName": "Instagram", "usage": 13},
			{"appName": "시계", "usage": 11},
			{"appName": "Word", "usage": 8},
			{"appName": "카메라", "usage": 7},
			{"appName": "SODA", "usage": 7},
			{"appName": "갤러리", "usage": 6},
			{"appName": "비디오 플레이어", "usage": 3},
			{"appName": "Messenger", "usage": 3},
			{"appName": "파인더", "usage": 2},
			{"appName": "전화", "usage": 2},
			{"appName": "네이버 캘린더", "usage": 2},
			{"appName": "싸이메라", "usage": 1},
			{"appName": "삼성 인터넷", "usage": 1},
			{"appName": "ULike", "usage": 1},
			{"appName": "Paco", "usage": 1},
			{"appName": "HTML 뷰어", "usage": 1},
		]
	},
	{
		"date": 6,
		"totalTime": 315,
		"details": [
			{"appName": "Rummikub", "usage": 73},
			{"appName": "카카오톡", "usage": 44},
			{"appName": "YouTube", "usage": 42},
			{"appName": "Instagram", "usage": 28},
			{"appName": "통화", "usage": 27},
			{"appName": "Netflix", "usage": 27},
			{"appName": "One UI 홈", "usage": 9},
			{"appName": "Word", "usage": 8},
			{"appName": "편한가계부", "usage": 7},
			{"appName": "삼성 인터넷", "usage": 6},
			{"appName": "갤러리", "usage": 6},
			{"appName": "드라이브", "usage": 5},
			{"appName": "비디오 플레이어", "usage": 3},
			{"appName": "Facebook", "usage": 3},
			{"appName": "리브", "usage": 2},
			{"appName": "네이버 캘린더", "usage": 2},
			{"appName": "Paco", "usage": 2},
			{"appName": "토스", "usage": 1},
			{"appName": "카카오뱅크", "usage": 1},
			{"appName": "카메라", "usage": 1},
			{"appName": "시계", "usage": 1},
			{"appName": "네이버 지도", "usage": 1},
			{"appName": "Polar Beat", "usage": 1},
			{"appName": "HTML 뷰어", "usage": 1},
		]
	},
	{
		"date": 7,
		"totalTime": 891,
		"details": [
			{"appName": "시스템 UI", "usage": 668},
			{"appName": "카카오톡", "usage": 62},
			{"appName": "Netflix", "usage": 41},
			{"appName": "Instagram", "usage": 23},
			{"appName": "Rummikub", "usage": 17},
			{"appName": "Facebook", "usage": 12},
			{"appName": "One UI 홈", "usage": 10},
			{"appName": "시계", "usage": 9},
			{"appName": "편한가계부", "usage": 7},
			{"appName": "삼성 인터넷", "usage": 7},
			{"appName": "통화", "usage": 6},
			{"appName": "네이버 캘린더", "usage": 3},
			{"appName": "Paco", "usage": 3},
			{"appName": "토스", "usage": 2},
			{"appName": "리브", "usage": 2},
			{"appName": "카카오뱅크", "usage": 1},
			{"appName": "카메라", "usage": 1},
			{"appName": "드라이브", "usage": 1},
			{"appName": "네이버 지도", "usage": 1},
		]
	},
]
