[
	{
		"date": 1,
		"totalTime": 487,
		"details": [
			{"appName": "Facebook", "usage": 142},
			{"appName": "YouTube", "usage": 91},
			{"appName": "카카오톡", "usage": 73},
			{"appName": "삼성 인터넷", "usage": 56},
			{"appName": "통화", "usage": 20},
			{"appName": "에이블리", "usage": 18},
			{"appName": "One UI 홈", "usage": 17},
			{"appName": "카카오맵", "usage": 7},
			{"appName": "Polar Beat", "usage": 5},
			{"appName": "Microsoft Health", "usage": 5},
			{"appName": "브랜디", "usage": 4},
			{"appName": "설정", "usage": 3},
			{"appName": "메시지", "usage": 3},
			{"appName": "Paco", "usage": 3},
			{"appName": "Instagram", "usage": 3},
			{"appName": "야놀자", "usage": 2},
			{"appName": "배달의민족", "usage": 2},
			{"appName": "StyleShare", "usage": 2},
			{"appName": "Google Play 스토어", "usage": 2},
			{"appName": "ABC Logger", "usage": 2},
			{"appName": "패키지 설치 프로그램", "usage": 1},
			{"appName": "카카오 T", "usage": 1},
			{"appName": "접근성", "usage": 1},
			{"appName": "롯데리아", "usage": 1},
			{"appName": "디바이스 케어", "usage": 1},
			{"appName": "Logger", "usage": 1},
			{"appName": "KAIST	Portal", "usage": 1},
			{"appName": "Dropsync", "usage": 1},
		]
	},
	{
		"date": 2,
		"totalTime": 412,
		"details": [
			{"appName": "Facebook", "usage": 113},
			{"appName": "YouTube", "usage": 91},
			{"appName": "카카오톡", "usage": 79},
			{"appName": "삼성 인터넷", "usage": 28},
			{"appName": "통화", "usage": 20},
			{"appName": "브랜디", "usage": 19},
			{"appName": "에이블리", "usage": 16},
			{"appName": "One UI 홈", "usage": 9},
			{"appName": "카카오맵", "usage": 5},
			{"appName": "배달의민족", "usage": 4},
			{"appName": "Paco", "usage": 4},
			{"appName": "시계", "usage": 3},
			{"appName": "설정", "usage": 2},
			{"appName": "카카오 T", "usage": 1},
			{"appName": "배달요기요", "usage": 1},
			{"appName": "메시지", "usage": 1},
			{"appName": "Polar Beat", "usage": 1},
		]
	},
	{
		"date": 3,
		"totalTime": 428,
		"details": [
			{"appName": "Facebook", "usage": 145},
			{"appName": "카카오톡", "usage": 103},
			{"appName": "삼성 인터넷", "usage": 54},
			{"appName": "YouTube", "usage": 48},
			{"appName": "통화", "usage": 12},
			{"appName": "One UI 홈", "usage": 11},
			{"appName": "크루비", "usage": 5},
			{"appName": "카카오맵", "usage": 5},
			{"appName": "서울스토어", "usage": 5},
			{"appName": "브랜디", "usage": 5},
			{"appName": "배달의민족", "usage": 4},
			{"appName": "메시지", "usage": 3},
			{"appName": "Paco", "usage": 3},
			{"appName": "설정", "usage": 2},
			{"appName": "Slack", "usage": 2},
			{"appName": "Instagram", "usage": 2},
			{"appName": "토스", "usage": 1},
			{"appName": "에이블리", "usage": 1},
			{"appName": "배달요기요", "usage": 1},
			{"appName": "Foodie", "usage": 1},
		]
	},
	{
		"date": 4,
		"totalTime": 427,
		"details": [
			{"appName": "Facebook", "usage": 156},
			{"appName": "카카오톡", "usage": 73},
			{"appName": "삼성 인터넷", "usage": 54},
			{"appName": "YouTube", "usage": 48},
			{"appName": "에이블리", "usage": 14},
			{"appName": "통화", "usage": 10},
			{"appName": "One UI 홈", "usage": 10},
			{"appName": "Instagram", "usage": 10},
			{"appName": "브랜디", "usage": 8},
			{"appName": "크루비", "usage": 5},
			{"appName": "서울스토어", "usage": 5},
			{"appName": "메시지", "usage": 3},
			{"appName": "Paco", "usage": 3},
			{"appName": "원터치개인", "usage": 2},
			{"appName": "StyleShare", "usage": 2},
			{"appName": "Slack", "usage": 2},
			{"appName": "Chrome", "usage": 2},
			{"appName": "토스", "usage": 1},
			{"appName": "시계", "usage": 1},
			{"appName": "갤러리", "usage": 1},
			{"appName": "SODA", "usage": 1},
			{"appName": "KLMS", "usage": 1},
			{"appName": "Foodie", "usage": 1},
		]
	},
	{
		"date": 5,
		"totalTime": 401,
		"details": [
			{"appName": "Facebook", "usage": 146},
			{"appName": "카카오톡", "usage": 60},
			{"appName": "삼성 인터넷", "usage": 55},
			{"appName": "에이블리", "usage": 36},
			{"appName": "YouTube", "usage": 27},
			{"appName": "Instagram", "usage": 12},
			{"appName": "One UI 홈", "usage": 11},
			{"appName": "브랜디", "usage": 8},
			{"appName": "LookPin", "usage": 8},
			{"appName": "Foodie", "usage": 5},
			{"appName": "Paco", "usage": 4},
			{"appName": "원터치개인", "usage": 2},
			{"appName": "리리앤코", "usage": 2},
			{"appName": "Chrome", "usage": 2},
			{"appName": "통화", "usage": 1},
			{"appName": "코레일톡", "usage": 1},
			{"appName": "에브리타임", "usage": 1},
			{"appName": "시계", "usage": 1},
			{"appName": "갤러리", "usage": 1},
			{"appName": "SODA", "usage": 1},
			{"appName": "KLMS", "usage": 1},
		]
	},
	{
		"date": 6,
		"totalTime": 434,
		"details": [
			{"appName": "Facebook", "usage": 118},
			{"appName": "카카오톡", "usage": 80},
			{"appName": "삼성 인터넷", "usage": 76},
			{"appName": "에이블리", "usage": 36},
			{"appName": "YouTube", "usage": 23},
			{"appName": "One UI 홈", "usage": 14},
			{"appName": "Instagram", "usage": 12},
			{"appName": "브랜디", "usage": 11},
			{"appName": "Dropsync", "usage": 9},
			{"appName": "Foodie", "usage": 5},
			{"appName": "야놀자", "usage": 4},
			{"appName": "시크릿라벨", "usage": 4},
			{"appName": "코레일톡", "usage": 3},
			{"appName": "StyleShare", "usage": 3},
			{"appName": "SODA", "usage": 3},
			{"appName": "KAIST Library", "usage": 3},
			{"appName": "Polaris Office", "usage": 2},
			{"appName": "Paco", "usage": 2},
			{"appName": "KLMS", "usage": 2},
			{"appName": "KAIST	Portal", "usage": 2},
			{"appName": "통화", "usage": 1},
			{"appName": "캘린더", "usage": 1},
			{"appName": "시계", "usage": 1},
			{"appName": "갤러리", "usage": 1},
		]
	},
	{
		"date": 7,
		"totalTime": 396,
		"details": [
			{"appName": "Facebook", "usage": 155},
			{"appName": "카카오톡", "usage": 77},
			{"appName": "삼성 인터넷", "usage": 54},
			{"appName": "YouTube", "usage": 23},
			{"appName": "에이블리", "usage": 12},
			{"appName": "One UI 홈", "usage": 10},
			{"appName": "Dropsync", "usage": 9},
			{"appName": "통화", "usage": 4},
			{"appName": "야놀자", "usage": 4},
			{"appName": "시크릿라벨", "usage": 4},
			{"appName": "KAIST Library", "usage": 4},
			{"appName": "SODA", "usage": 3},
			{"appName": "Instagram", "usage": 3},
			{"appName": "에브리타임", "usage": 2},
			{"appName": "Samsung Notes", "usage": 2},
			{"appName": "Polaris Office", "usage": 2},
			{"appName": "Paco", "usage": 2},
			{"appName": "KLMS", "usage": 2},
			{"appName": "토스", "usage": 1},
			{"appName": "코레일톡", "usage": 1},
			{"appName": "캘린더", "usage": 1},
			{"appName": "시계", "usage": 1},
			{"appName": "브랜디", "usage": 1},
			{"appName": "메시지", "usage": 1},
			{"appName": "StyleShare", "usage": 1},
			{"appName": "Messenger", "usage": 1},
		]
	},
]
