[
	{
		"date": 1,
		"totalTime": 323,
		"details": [
			{"appName": "해피스크린", "usage": 60},
			{"appName": "Chrome", "usage": 55},
			{"appName": "기본홈(홈&앱서랍)", "usage": 33},
			{"appName": "카카오톡", "usage": 32},
			{"appName": "H&M", "usage": 17},
			{"appName": "Paco", "usage": 15},
			{"appName": "Wi-Fi", "usage": 13},
			{"appName": "Microsoft Band", "usage": 11},
			{"appName": "Facebook", "usage": 9},
			{"appName": "Polar Beat", "usage": 8},
			{"appName": "Google Play 스토어", "usage": 8},
			{"appName": "통화 화면", "usage": 7},
			{"appName": "설정", "usage": 6},
			{"appName": "Melon", "usage": 6},
			{"appName": "메시지", "usage": 4},
			{"appName": "접근성", "usage": 3},
			{"appName": "갤러리", "usage": 3},
			{"appName": "Vivino", "usage": 3},
			{"appName": "드라이브", "usage": 2},
			{"appName": "Logger", "usage": 2},
			{"appName": "KB스타뱅킹", "usage": 2},
			{"appName": "Dropsync", "usage": 2},
			{"appName": "패키지 설치 프로그램", "usage": 1},
			{"appName": "시스템 UI", "usage": 1},
			{"appName": "밥대생", "usage": 1},
			{"appName": "YouTube", "usage": 1},
			{"appName": "Google Play 서비스", "usage": 1},
			{"appName": "ABC Logger", "usage": 1},
		]
	},
	{
		"date": 2,
		"totalTime": 212,
		"details": [
			{"appName": "해피스크린", "usage": 49},
			{"appName": "YouTube", "usage": 37},
			{"appName": "Chrome", "usage": 34},
			{"appName": "카카오톡", "usage": 30},
			{"appName": "기본홈(홈&앱서랍)", "usage": 9},
			{"appName": "Google Play 스토어", "usage": 9},
			{"appName": "통화 화면", "usage": 7},
			{"appName": "Facebook", "usage": 7},
			{"appName": "Paco", "usage": 5},
			{"appName": "마이	홈플러스", "usage": 3},
			{"appName": "KB스타뱅킹", "usage": 3},
			{"appName": "카카오택시", "usage": 2},
			{"appName": "네이버 지도", "usage": 2},
			{"appName": "메시지", "usage": 1},
			{"appName": "Polar Beat", "usage": 1},
		]
	},
	{
		"date": 3,
		"totalTime": 254,
		"details": [
			{"appName": "해피스크린", "usage": 49},
			{"appName": "Chrome", "usage": 47},
			{"appName": "YouTube", "usage": 37},
			{"appName": "카카오톡", "usage": 30},
			{"appName": "Booking.com", "usage": 18},
			{"appName": "기본홈(홈&앱서랍)", "usage": 9},
			{"appName": "Google Play 스토어", "usage": 9},
			{"appName": "통화 화면", "usage": 7},
			{"appName": "Facebook", "usage": 7},
			{"appName": "주소록", "usage": 5},
			{"appName": "Paco", "usage": 5},
			{"appName": "KB스타뱅킹", "usage": 4},
			{"appName": "마이	홈플러스", "usage": 3},
			{"appName": "카카오택시", "usage": 2},
			{"appName": "네이버 지도", "usage": 2},
			{"appName": "메시지", "usage": 1},
			{"appName": "Polar Beat", "usage": 1},
			{"appName": "Logger", "usage": 1},
		]
	},
	{
		"date": 4,
		"totalTime": 429,
		"details": [
			{"appName": "Chrome", "usage": 128},
			{"appName": "Booking.com", "usage": 113},
			{"appName": "해피스크린", "usage": 100},
			{"appName": "카카오톡", "usage": 21},
			{"appName": "YouTube", "usage": 8},
			{"appName": "통화 화면", "usage": 7},
			{"appName": "기본홈(홈&앱서랍)", "usage": 7},
			{"appName": "지도", "usage": 6},
			{"appName": "Facebook", "usage": 6},
			{"appName": "주소록", "usage": 5},
			{"appName": "KB스타뱅킹", "usage": 4},
			{"appName": "Paco", "usage": 3},
			{"appName": "네이버 지도", "usage": 2},
			{"appName": "Melon", "usage": 2},
			{"appName": "알람/시계", "usage": 1},
			{"appName": "메시지", "usage": 1},
			{"appName": "Polar Beat", "usage": 1},
			{"appName": "Logger", "usage": 1},
		]
	},
	{
		"date": 5,
		"totalTime": 521,
		"details": [
			{"appName": "Chrome", "usage": 139},
			{"appName": "Booking.com", "usage": 113},
			{"appName": "해피스크린", "usage": 101},
			{"appName": "카카오톡", "usage": 61},
			{"appName": "YouTube", "usage": 36},
			{"appName": "기본홈(홈&앱서랍)", "usage": 17},
			{"appName": "통화 화면", "usage": 12},
			{"appName": "Facebook", "usage": 8},
			{"appName": "지도", "usage": 6},
			{"appName": "Paco", "usage": 5},
			{"appName": "KB스타뱅킹", "usage": 3},
			{"appName": "Melon", "usage": 2},
			{"appName": "해피포인트", "usage": 1},
			{"appName": "주소록", "usage": 1},
			{"appName": "알람/시계", "usage": 1},
			{"appName": "네이버 지도", "usage": 1},
			{"appName": "Polar Beat", "usage": 1},
			{"appName": "KT 멤버십", "usage": 1},
			{"appName": "H&M", "usage": 1},
		]
	},
	{
		"date": 6,
		"totalTime": 493,
		"details": [
			{"appName": "Chrome", "usage": 139},
			{"appName": "카카오톡", "usage": 63},
			{"appName": "해피스크린", "usage": 57},
			{"appName": "YouTube", "usage": 56},
			{"appName": "Booking.com", "usage": 55},
			{"appName": "H&M", "usage": 32},
			{"appName": "기본홈(홈&앱서랍)", "usage": 17},
			{"appName": "Facebook", "usage": 15},
			{"appName": "통화 화면", "usage": 12},
			{"appName": "Melon", "usage": 7},
			{"appName": "KB스타뱅킹", "usage": 6},
			{"appName": "Paco", "usage": 5},
			{"appName": "Google", "usage": 5},
			{"appName": "Polar Beat", "usage": 3},
			{"appName": "위메프", "usage": 2},
			{"appName": "해피포인트", "usage": 1},
			{"appName": "주소록", "usage": 1},
			{"appName": "메시지", "usage": 1},
			{"appName": "KT 멤버십", "usage": 1},
		]
	},
	{
		"date": 7,
		"totalTime": 716,
		"details": [
			{"appName": "해피스크린", "usage": 237},
			{"appName": "Chrome", "usage": 153},
			{"appName": "YouTube", "usage": 60},
			{"appName": "카카오톡", "usage": 55},
			{"appName": "Booking.com", "usage": 55},
			{"appName": "H&M", "usage": 32},
			{"appName": "Facebook", "usage": 25},
			{"appName": "기본홈(홈&앱서랍)", "usage": 16},
			{"appName": "Melon", "usage": 16},
			{"appName": "통화 화면", "usage": 10},
			{"appName": "갤러리", "usage": 6},
			{"appName": "KB스타뱅킹", "usage": 6},
			{"appName": "접근성", "usage": 5},
			{"appName": "Google", "usage": 5},
			{"appName": "위메프", "usage": 4},
			{"appName": "Paco", "usage": 4},
			{"appName": "Polar Beat", "usage": 3},
			{"appName": "쿠팡", "usage": 2},
			{"appName": "메시지", "usage": 1},
			{"appName": "리브", "usage": 1},
			{"appName": "계산기", "usage": 1},
			{"appName": "Vivino", "usage": 1},
		]
	},
]
