[
	{
		"date": 1,
		"totalTime": 298,
		"details": [
			{"appName": "One UI 홈", "usage": 50},
			{"appName": "삼성 인터넷", "usage": 35},
			{"appName": "카카오톡", "usage": 34},
			{"appName": "SleepTown", "usage": 21},
			{"appName": "", "usage": 16},
			{"appName": "영웅문SG 베타", "usage": 15},
			{"appName": "Forest", "usage": 15},
			{"appName": "통화", "usage": 14},
			{"appName": "Paco", "usage": 12},
			{"appName": "원터치개인", "usage": 11},
			{"appName": "Dropsync", "usage": 9},
			{"appName": "Bloomberg", "usage": 8},
			{"appName": "ABC Logger", "usage": 8},
			{"appName": "카카오뱅크", "usage": 4},
			{"appName": "Polar Beat", "usage": 4},
			{"appName": "AfreecaTV", "usage": 4},
			{"appName": "텔레그램", "usage": 3},
			{"appName": "Melon", "usage": 3},
			{"appName": "이메일", "usage": 2},
			{"appName": "시계", "usage": 2},
			{"appName": "스마트택배", "usage": 2},
			{"appName": "전화", "usage": 1},
			{"appName": "스프레드시트", "usage": 1},
			{"appName": "네이버 지도", "usage": 1},
			{"appName": "네이버 메일", "usage": 1},
			{"appName": "내 파일", "usage": 1},
			{"appName": "Slack", "usage": 1},
			{"appName": "Samsung Health", "usage": 1},
			{"appName": "Logger", "usage": 1},
		]
	},
	{
		"date": 2,
		"totalTime": 256,
		"details": [
			{"appName": "삼성 인터넷", "usage": 52},
			{"appName": "카카오톡", "usage": 38},
			{"appName": "One UI 홈", "usage": 29},
			{"appName": "SleepTown", "usage": 28},
			{"appName": "뱅크샐러드", "usage": 24},
			{"appName": "네이버 웹툰", "usage": 14},
			{"appName": "Bloomberg", "usage": 12},
			{"appName": "Paco", "usage": 10},
			{"appName": "메시지", "usage": 6},
			{"appName": "통화", "usage": 5},
			{"appName": "커플릿", "usage": 5},
			{"appName": "설정", "usage": 5},
			{"appName": "Skype", "usage": 5},
			{"appName": "시계", "usage": 4},
			{"appName": "전화", "usage": 2},
			{"appName": "스마트택배", "usage": 1},
			{"appName": "Polar Beat", "usage": 1},
			{"appName": "Logger", "usage": 1},
			{"appName": "KB앱카드", "usage": 1},
			{"appName": "Forest", "usage": 1},
		]
	},
	{
		"date": 3,
		"totalTime": 288,
		"details": [
			{"appName": "삼성 인터넷", "usage": 57},
			{"appName": "T map", "usage": 54},
			{"appName": "카카오톡", "usage": 28},
			{"appName": "Forest", "usage": 23},
			{"appName": "SleepTown", "usage": 22},
			{"appName": "영웅문SG 베타", "usage": 19},
			{"appName": "원터치개인", "usage": 15},
			{"appName": "One UI 홈", "usage": 15},
			{"appName": "네이버 웹툰", "usage": 14},
			{"appName": "WSJ", "usage": 8},
			{"appName": "Paco", "usage": 5},
			{"appName": "통화", "usage": 4},
			{"appName": "시계", "usage": 4},
			{"appName": "Bloomberg", "usage": 3},
			{"appName": "카메라", "usage": 2},
			{"appName": "접근성", "usage": 1},
			{"appName": "Polar Beat", "usage": 1},
			{"appName": "Google Play 스토어", "usage": 1},
		]
	},
	{
		"date": 4,
		"totalTime": 253,
		"details": [
			{"appName": "카카오톡", "usage": 58},
			{"appName": "One UI 홈", "usage": 44},
			{"appName": "삼성 인터넷", "usage": 35},
			{"appName": "SleepTown", "usage": 21},
			{"appName": "OTP", "usage": 16},
			{"appName": "통화", "usage": 9},
			{"appName": "메시지", "usage": 6},
			{"appName": "코인뷰", "usage": 5},
			{"appName": "카카오뱅크", "usage": 5},
			{"appName": "T map", "usage": 5},
			{"appName": "Paco", "usage": 4},
			{"appName": "네이버 웹툰", "usage": 3},
			{"appName": "PASS", "usage": 3},
			{"appName": "Google Play 스토어", "usage": 3},
			{"appName": "Gmail", "usage": 3},
			{"appName": "Forest", "usage": 3},
			{"appName": "후후", "usage": 2},
			{"appName": "WSJ", "usage": 2},
			{"appName": "Chrome", "usage": 2},
			{"appName": "전화", "usage": 1},
			{"appName": "영웅문SG 베타", "usage": 1},
			{"appName": "안드로이드 시스템", "usage": 1},
			{"appName": "네이버 메일", "usage": 1},
			{"appName": "Polar Beat", "usage": 1},
		]
	},
	{
		"date": 5,
		"totalTime": 302,
		"details": [
			{"appName": "카카오톡", "usage": 92},
			{"appName": "삼성 인터넷", "usage": 55},
			{"appName": "One UI 홈", "usage": 35},
			{"appName": "통화", "usage": 20},
			{"appName": "OTP", "usage": 18},
			{"appName": "WSJ", "usage": 14},
			{"appName": "Polar Beat", "usage": 11},
			{"appName": "코인뷰", "usage": 9},
			{"appName": "Paco", "usage": 9},
			{"appName": "SleepTown", "usage": 7},
			{"appName": "이메일", "usage": 5},
			{"appName": "지도", "usage": 3},
			{"appName": "드라이브", "usage": 2},
			{"appName": "Google Play 스토어", "usage": 2},
			{"appName": "커플릿", "usage": 1},
			{"appName": "전화", "usage": 1},
			{"appName": "영웅문SG 베타", "usage": 1},
			{"appName": "스마트택배", "usage": 1},
			{"appName": "Google 뉴스", "usage": 1},
			{"appName": "Chrome", "usage": 1},
		]
	},
	{
		"date": 6,
		"totalTime": 348,
		"details": [
			{"appName": "카카오톡", "usage": 52},
			{"appName": "One UI 홈", "usage": 51},
			{"appName": "비디오 플레이어", "usage": 41},
			{"appName": "카메라", "usage": 32},
			{"appName": "갤러리", "usage": 32},
			{"appName": "코인뷰", "usage": 21},
			{"appName": "OTP", "usage": 21},
			{"appName": "영웅문SG 베타", "usage": 19},
			{"appName": "삼성 인터넷", "usage": 15},
			{"appName": "통화", "usage": 10},
			{"appName": "SleepTown", "usage": 10},
			{"appName": "WSJ", "usage": 6},
			{"appName": "메시지", "usage": 5},
			{"appName": "T map", "usage": 5},
			{"appName": "Paco", "usage": 5},
			{"appName": "YouTube", "usage": 4},
			{"appName": "Polar Beat", "usage": 3},
			{"appName": "이메일", "usage": 2},
		]
	},
	{
		"date": 7,
		"totalTime": 252,
		"details": [
			{"appName": "카카오톡", "usage": 50},
			{"appName": "OTP", "usage": 38},
			{"appName": "영웅문SG 베타", "usage": 33},
			{"appName": "네이버 웹툰", "usage": 24},
			{"appName": "One UI 홈", "usage": 24},
			{"appName": "Paco", "usage": 16},
			{"appName": "SleepTown", "usage": 9},
			{"appName": "코인뷰", "usage": 6},
			{"appName": "메시지", "usage": 6},
			{"appName": "", "usage": 6},
			{"appName": "뱅크샐러드", "usage": 5},
			{"appName": "Smart​Things", "usage": 5},
			{"appName": "비디오 플레이어", "usage": 4},
			{"appName": "통화", "usage": 3},
			{"appName": "한국투자	주식", "usage": 2},
			{"appName": "삼성 인터넷", "usage": 2},
			{"appName": "WSJ", "usage": 2},
			{"appName": "Microsoft Health", "usage": 2},
			{"appName": "Google Play 스토어", "usage": 1},
			{"appName": "Coinnow", "usage": 1},
		]
	},
]
