[
	{
		"date": 1,
		"totalTime": 454,
		"details": [
			{"appName": "YouTube", "usage": 79},
			{"appName": "Facebook", "usage": 76},
			{"appName": "카카오톡", "usage": 62},
			{"appName": "삼성 인터넷", "usage": 48},
			{"appName": "Samsung Experience 홈", "usage": 38},
			{"appName": "설정", "usage": 27},
			{"appName": "전화", "usage": 13},
			{"appName": "네이버 웹툰", "usage": 13},
			{"appName": "Messenger", "usage": 11},
			{"appName": "Samsung Music", "usage": 10},
			{"appName": "Paco", "usage": 10},
			{"appName": "Polar Beat", "usage": 6},
			{"appName": "Chrome", "usage": 6},
			{"appName": "KLMS", "usage": 5},
			{"appName": "Google Play 스토어", "usage": 4},
			{"appName": "원터치개인", "usage": 3},
			{"appName": "계산기", "usage": 3},
			{"appName": "Microsoft Band", "usage": 3},
			{"appName": "", "usage": 3},
			{"appName": "카카오뱅크", "usage": 2},
			{"appName": "Dropsync", "usage": 2},
			{"appName": "ABC Logger", "usage": 2},
			{"appName": "편한가계부", "usage": 1},
			{"appName": "패키지 설치 프로그램", "usage": 1},
			{"appName": "연락처", "usage": 1},
			{"appName": "시스템 UI", "usage": 1},
			{"appName": "드라이브", "usage": 1},
			{"appName": "KAIST	Portal", "usage": 1},
			{"appName": "Instagram", "usage": 1},
			{"appName": "G마켓", "usage": 1},
		]
	},
	{
		"date": 2,
		"totalTime": 327,
		"details": [
			{"appName": "YouTube", "usage": 93},
			{"appName": "삼성 인터넷", "usage": 49},
			{"appName": "카카오톡", "usage": 46},
			{"appName": "Facebook", "usage": 35},
			{"appName": "Samsung Experience 홈", "usage": 25},
			{"appName": "전화", "usage": 22},
			{"appName": "설정", "usage": 9},
			{"appName": "Samsung Music", "usage": 8},
			{"appName": "Messenger", "usage": 8},
			{"appName": "Paco", "usage": 5},
			{"appName": "Polar Beat", "usage": 4},
			{"appName": "카카오뱅크", "usage": 3},
			{"appName": "연락처", "usage": 1},
			{"appName": "메시지", "usage": 1},
			{"appName": "Google Play 스토어", "usage": 1},
			{"appName": "AirBattery", "usage": 1},
		]
	},
	{
		"date": 3,
		"totalTime": 346,
		"details": [
			{"appName": "YouTube", "usage": 126},
			{"appName": "삼성 인터넷", "usage": 60},
			{"appName": "Facebook", "usage": 49},
			{"appName": "카카오톡", "usage": 24},
			{"appName": "Samsung Experience 홈", "usage": 18},
			{"appName": "전화", "usage": 13},
			{"appName": "네이버 웹툰", "usage": 12},
			{"appName": "설정", "usage": 6},
			{"appName": "Paco", "usage": 5},
			{"appName": "카카오뱅크", "usage": 4},
			{"appName": "Samsung Music", "usage": 3},
			{"appName": "메시지", "usage": 2},
			{"appName": "T world", "usage": 2},
			{"appName": "Messenger", "usage": 2},
			{"appName": "시스템 UI", "usage": 1},
			{"appName": "Samsung Pay", "usage": 1},
			{"appName": "Polar Beat", "usage": 1},
			{"appName": "Google Play 스토어", "usage": 1},
			{"appName": "AirBattery", "usage": 1},
		]
	},
	{
		"date": 4,
		"totalTime": 490,
		"details": [
			{"appName": "YouTube", "usage": 197},
			{"appName": "삼성 인터넷", "usage": 77},
			{"appName": "Facebook", "usage": 57},
			{"appName": "카카오톡", "usage": 55},
			{"appName": "Samsung Experience 홈", "usage": 18},
			{"appName": "네이버 웹툰", "usage": 14},
			{"appName": "전화", "usage": 9},
			{"appName": "Polaris Office", "usage": 8},
			{"appName": "컬쳐랜드", "usage": 7},
			{"appName": "Samsung Music", "usage": 6},
			{"appName": "설정", "usage": 5},
			{"appName": "Paco", "usage": 4},
			{"appName": "Messenger", "usage": 4},
			{"appName": "KLMS", "usage": 4},
			{"appName": "Polar Beat", "usage": 2},
			{"appName": "AirBattery", "usage": 2},
			{"appName": "시스템 UI", "usage": 1},
			{"appName": "갤러리", "usage": 1},
			{"appName": "Samsung Pay", "usage": 1},
			{"appName": "Logger", "usage": 1},
		]
	},
	{
		"date": 5,
		"totalTime": 482,
		"details": [
			{"appName": "YouTube", "usage": 108},
			{"appName": "카카오톡", "usage": 78},
			{"appName": "삼성 인터넷", "usage": 74},
			{"appName": "Facebook", "usage": 50},
			{"appName": "Polaris Office", "usage": 49},
			{"appName": "Samsung Experience 홈", "usage": 35},
			{"appName": "전화", "usage": 9},
			{"appName": "Samsung Music", "usage": 9},
			{"appName": "Paco", "usage": 7},
			{"appName": "KLMS", "usage": 7},
			{"appName": "편한가계부", "usage": 5},
			{"appName": "네이버 웹툰", "usage": 5},
			{"appName": "Messenger", "usage": 4},
			{"appName": "KAIST Library", "usage": 4},
			{"appName": "설정", "usage": 3},
			{"appName": "Logger", "usage": 2},
			{"appName": "AirBattery", "usage": 2},
			{"appName": "컬쳐랜드", "usage": 1},
			{"appName": "이메일", "usage": 1},
			{"appName": "에브리타임", "usage": 1},
			{"appName": "시계", "usage": 1},
			{"appName": "메시지", "usage": 1},
			{"appName": "드라이브", "usage": 1},
			{"appName": "갤러리", "usage": 1},
			{"appName": "Polar Beat", "usage": 1},
			{"appName": "", "usage": 1},
		]
	},
	{
		"date": 6,
		"totalTime": 386,
		"details": [
			{"appName": "삼성 인터넷", "usage": 82},
			{"appName": "YouTube", "usage": 70},
			{"appName": "카카오톡", "usage": 49},
			{"appName": "Facebook", "usage": 43},
			{"appName": "Polaris Office", "usage": 24},
			{"appName": "Samsung Experience 홈", "usage": 19},
			{"appName": "네이버 웹툰", "usage": 16},
			{"appName": "전화", "usage": 14},
			{"appName": "Samsung Music", "usage": 9},
			{"appName": "기억의 신", "usage": 6},
			{"appName": "에브리타임", "usage": 4},
			{"appName": "Paco", "usage": 4},
			{"appName": "Messenger", "usage": 4},
			{"appName": "KLMS", "usage": 4},
			{"appName": "KAIST Library", "usage": 4},
			{"appName": "캘린더", "usage": 2},
			{"appName": "이메일", "usage": 2},
			{"appName": "연락처", "usage": 2},
			{"appName": "설정", "usage": 2},
			{"appName": "편한가계부", "usage": 1},
			{"appName": "시스템 UI", "usage": 1},
			{"appName": "시계", "usage": 1},
			{"appName": "메시지", "usage": 1},
			{"appName": "Polar Beat", "usage": 1},
			{"appName": "AirBattery", "usage": 1},
		]
	},
	{
		"date": 7,
		"totalTime": 444,
		"details": [
			{"appName": "YouTube", "usage": 88},
			{"appName": "삼성 인터넷", "usage": 75},
			{"appName": "카카오톡", "usage": 73},
			{"appName": "Facebook", "usage": 43},
			{"appName": "Samsung Experience 홈", "usage": 36},
			{"appName": "전화", "usage": 24},
			{"appName": "Polaris Office", "usage": 21},
			{"appName": "Samsung Music", "usage": 14},
			{"appName": "갤러리", "usage": 8},
			{"appName": "네이버 웹툰", "usage": 7},
			{"appName": "기억의 신", "usage": 7},
			{"appName": "KLMS", "usage": 7},
			{"appName": "Paco", "usage": 5},
			{"appName": "설정", "usage": 4},
			{"appName": "편한가계부", "usage": 3},
			{"appName": "캘린더", "usage": 2},
			{"appName": "연락처", "usage": 2},
			{"appName": "메시지", "usage": 2},
			{"appName": "Messenger", "usage": 2},
			{"appName": "에브리타임", "usage": 1},
			{"appName": "시스템 UI", "usage": 1},
			{"appName": "시계", "usage": 1},
			{"appName": "비디오 플레이어", "usage": 1},
			{"appName": "Polar Beat", "usage": 1},
		]
	},
]
