[
	{
		"date": 1,
		"totalTime": 432,
		"details": [
			{"appName": "루리웹", "usage": 82},
			{"appName": "YouTube", "usage": 79},
			{"appName": "Discord", "usage": 71},
			{"appName": "Chrome", "usage": 46},
			{"appName": "트위터", "usage": 26},
			{"appName": "기본홈", "usage": 18},
			{"appName": "카카오톡", "usage": 15},
			{"appName": "삼성 인터넷", "usage": 13},
			{"appName": "Polar Beat", "usage": 9},
			{"appName": "시스템 UI", "usage": 6},
			{"appName": "Paco", "usage": 6},
			{"appName": "접근성", "usage": 5},
			{"appName": "EhViewer", "usage": 5},
			{"appName": "카카오뱅크", "usage": 4},
			{"appName": "Microsoft Band", "usage": 4},
			{"appName": "설정", "usage": 3},
			{"appName": "다음", "usage": 3},
			{"appName": "Logger", "usage": 3},
			{"appName": "드라이브", "usage": 2},
			{"appName": "PostPay", "usage": 2},
			{"appName": "Google Play 스토어", "usage": 2},
			{"appName": "Dropsync", "usage": 2},
			{"appName": "ABC Logger", "usage": 2},
			{"appName": "한컴오피스 viewer", "usage": 1},
			{"appName": "패키지 설치 프로그램", "usage": 1},
			{"appName": "튜브박스", "usage": 1},
			{"appName": "캘린더", "usage": 1},
			{"appName": "우체국 스마트뱅킹", "usage": 1},
			{"appName": "메시지", "usage": 1},
		]
	},
	{
		"date": 2,
		"totalTime": 310,
		"details": [
			{"appName": "YouTube", "usage": 94},
			{"appName": "Discord", "usage": 58},
			{"appName": "Chrome", "usage": 50},
			{"appName": "루리웹", "usage": 44},
			{"appName": "트위터", "usage": 16},
			{"appName": "기본홈", "usage": 7},
			{"appName": "카카오톡", "usage": 5},
			{"appName": "Paco", "usage": 5},
			{"appName": "시스템 UI", "usage": 4},
			{"appName": "EhViewer", "usage": 3},
			{"appName": "한컴오피스 viewer", "usage": 2},
			{"appName": "접근성", "usage": 2},
			{"appName": "PostPay", "usage": 2},
			{"appName": "배달요기요", "usage": 1},
		]
	},
	{
		"date": 3,
		"totalTime": 288,
		"details": [
			{"appName": "Discord", "usage": 61},
			{"appName": "YouTube", "usage": 60},
			{"appName": "루리웹", "usage": 55},
			{"appName": "Chrome", "usage": 55},
			{"appName": "카카오톡", "usage": 14},
			{"appName": "트위터", "usage": 10},
			{"appName": "기본홈", "usage": 5},
			{"appName": "Paco", "usage": 5},
			{"appName": "통화 화면", "usage": 2},
			{"appName": "Polar Beat", "usage": 2},
			{"appName": "접근성", "usage": 1},
			{"appName": "시스템 UI", "usage": 1},
			{"appName": "배달요기요", "usage": 1},
			{"appName": "밥대생", "usage": 1},
			{"appName": "PAYCO", "usage": 1},
		]
	},
	{
		"date": 4,
		"totalTime": 146,
		"details": [
			{"appName": "YouTube", "usage": 44},
			{"appName": "루리웹", "usage": 26},
			{"appName": "카카오톡", "usage": 15},
			{"appName": "트위터", "usage": 14},
			{"appName": "기본홈", "usage": 8},
			{"appName": "Paco", "usage": 6},
			{"appName": "EhViewer", "usage": 5},
			{"appName": "Chrome", "usage": 5},
			{"appName": "Discord", "usage": 4},
			{"appName": "통화 화면", "usage": 2},
			{"appName": "접근성", "usage": 2},
			{"appName": "시스템 UI", "usage": 1},
			{"appName": "밥대생", "usage": 1},
			{"appName": "PAYCO", "usage": 1},
		]
	},
	{
		"date": 5,
		"totalTime": 380,
		"details": [
			{"appName": "루리웹", "usage": 140},
			{"appName": "Discord", "usage": 76},
			{"appName": "YouTube", "usage": 62},
			{"appName": "Chrome", "usage": 41},
			{"appName": "트위터", "usage": 21},
			{"appName": "기본홈", "usage": 6},
			{"appName": "카카오톡", "usage": 5},
			{"appName": "시스템 UI", "usage": 3},
			{"appName": "다음", "usage": 3},
			{"appName": "Paco", "usage": 3},
			{"appName": "EhViewer", "usage": 3},
			{"appName": "Facebook", "usage": 2},
			{"appName": "접근성", "usage": 1},
			{"appName": "설정", "usage": 1},
		]
	},
	{
		"date": 6,
		"totalTime": 198,
		"details": [
			{"appName": "YouTube", "usage": 70},
			{"appName": "Discord", "usage": 37},
			{"appName": "Chrome", "usage": 32},
			{"appName": "루리웹", "usage": 13},
			{"appName": "Microsoft Band", "usage": 9},
			{"appName": "트위터", "usage": 6},
			{"appName": "기본홈", "usage": 4},
			{"appName": "접근성", "usage": 3},
			{"appName": "Paco", "usage": 3},
			{"appName": "통화 화면", "usage": 2},
			{"appName": "iSafe", "usage": 2},
			{"appName": "KM플레이어 Pro", "usage": 2},
			{"appName": "설정", "usage": 1},
			{"appName": "삼성 인터넷", "usage": 1},
			{"appName": "Polar Beat", "usage": 1},
		]
	},
	{
		"date": 7,
		"totalTime": 510,
		"details": [
			{"appName": "루리웹", "usage": 126},
			{"appName": "Discord", "usage": 115},
			{"appName": "Chrome", "usage": 84},
			{"appName": "YouTube", "usage": 64},
			{"appName": "카카오톡", "usage": 26},
			{"appName": "통화 화면", "usage": 21},
			{"appName": "트위터", "usage": 18},
			{"appName": "기본홈", "usage": 9},
			{"appName": "EhViewer", "usage": 9},
			{"appName": "위메프", "usage": 8},
			{"appName": "Paco", "usage": 5},
			{"appName": "시스템 UI", "usage": 3},
			{"appName": "NAVER", "usage": 2},
			{"appName": "한컴오피스 viewer", "usage": 1},
			{"appName": "캘린더", "usage": 1},
			{"appName": "카카오뱅크", "usage": 1},
			{"appName": "pixiv", "usage": 1},
			{"appName": "T멤버십", "usage": 1},
			{"appName": "Polar Beat", "usage": 1},
		]
	},
]
