[
	{
		"date": 1,
		"totalTime": 366,
		"details": [
			{"appName": "문피아", "usage": 97},
			{"appName": "Facebook", "usage": 68},
			{"appName": "카카오톡", "usage": 38},
			{"appName": "카카오페이지", "usage": 34},
			{"appName": "Chrome", "usage": 23},
			{"appName": "통화", "usage": 18},
			{"appName": "One UI 홈", "usage": 17},
			{"appName": "Gmail", "usage": 10},
			{"appName": "갤러리", "usage": 9},
			{"appName": "Paco", "usage": 7},
			{"appName": "배달의민족", "usage": 5},
			{"appName": "드라이브", "usage": 5},
			{"appName": "네이버 웹툰", "usage": 5},
			{"appName": "시계", "usage": 4},
			{"appName": "Instagram", "usage": 4},
			{"appName": "롯데리아", "usage": 3},
			{"appName": "Polar Beat", "usage": 2},
			{"appName": "전화", "usage": 1},
			{"appName": "설정", "usage": 1},
			{"appName": "YouTube", "usage": 1},
			{"appName": "Samsung Notes", "usage": 1},
			{"appName": "KAIST Library", "usage": 1},
		]
	},
	{
		"date": 2,
		"totalTime": 381,
		"details": [
			{"appName": "문피아", "usage": 179},
			{"appName": "Chrome", "usage": 43},
			{"appName": "Samsung Notes", "usage": 40},
			{"appName": "카카오톡", "usage": 31},
			{"appName": "Facebook", "usage": 23},
			{"appName": "One UI 홈", "usage": 15},
			{"appName": "YouTube", "usage": 11},
			{"appName": "Paco", "usage": 9},
			{"appName": "시계", "usage": 5},
			{"appName": "카카오페이지", "usage": 4},
			{"appName": "통화", "usage": 3},
			{"appName": "메시지", "usage": 3},
			{"appName": "밥대생", "usage": 1},
			{"appName": "Samsung Pay", "usage": 1},
			{"appName": "Gmail", "usage": 1},
		]
	},
	{
		"date": 3,
		"totalTime": 320,
		"details": [
			{"appName": "문피아", "usage": 138},
			{"appName": "Facebook", "usage": 67},
			{"appName": "Chrome", "usage": 29},
			{"appName": "카카오톡", "usage": 18},
			{"appName": "One UI 홈", "usage": 12},
			{"appName": "배달의민족", "usage": 9},
			{"appName": "통화", "usage": 8},
			{"appName": "YouTube", "usage": 7},
			{"appName": "네이버 웹툰", "usage": 6},
			{"appName": "카카오페이지", "usage": 5},
			{"appName": "Paco", "usage": 5},
			{"appName": "전화", "usage": 1},
			{"appName": "시계", "usage": 1},
			{"appName": "설정", "usage": 1},
			{"appName": "메시지", "usage": 1},
			{"appName": "MX 플레이어", "usage": 1},
			{"appName": "Gmail", "usage": 1},
		]
	},
	{
		"date": 4,
		"totalTime": 323,
		"details": [
			{"appName": "문피아", "usage": 153},
			{"appName": "Chrome", "usage": 50},
			{"appName": "카카오톡", "usage": 32},
			{"appName": "Facebook", "usage": 31},
			{"appName": "Samsung Notes", "usage": 18},
			{"appName": "통화", "usage": 10},
			{"appName": "One UI 홈", "usage": 10},
			{"appName": "Paco", "usage": 6},
			{"appName": "네이버 웹툰", "usage": 3},
			{"appName": "시계", "usage": 1},
		]
	},
	{
		"date": 5,
		"totalTime": 329,
		"details": [
			{"appName": "Facebook", "usage": 81},
			{"appName": "문피아", "usage": 55},
			{"appName": "YouTube", "usage": 38},
			{"appName": "카카오톡", "usage": 36},
			{"appName": "Chrome", "usage": 32},
			{"appName": "네이버 웹툰", "usage": 31},
			{"appName": "카카오페이지", "usage": 13},
			{"appName": "One UI 홈", "usage": 13},
			{"appName": "갤러리", "usage": 9},
			{"appName": "Paco", "usage": 5},
			{"appName": "통화", "usage": 2},
			{"appName": "시계", "usage": 2},
			{"appName": "NAVER", "usage": 2},
			{"appName": "Instagram", "usage": 2},
		]
	},
	{
		"date": 6,
		"totalTime": 381,
		"details": [
			{"appName": "카카오페이지", "usage": 124},
			{"appName": "카카오톡", "usage": 57},
			{"appName": "Facebook", "usage": 47},
			{"appName": "문피아", "usage": 36},
			{"appName": "YouTube", "usage": 28},
			{"appName": "Chrome", "usage": 27},
			{"appName": "One UI 홈", "usage": 14},
			{"appName": "통화", "usage": 7},
			{"appName": "네이버 웹툰", "usage": 7},
			{"appName": "시계", "usage": 6},
			{"appName": "NAVER", "usage": 6},
			{"appName": "Samsung Notes", "usage": 4},
			{"appName": "Paco", "usage": 4},
			{"appName": "롯데리아", "usage": 2},
			{"appName": "메시지", "usage": 1},
			{"appName": "Samsung Pay", "usage": 1},
		]
	},
	{
		"date": 7,
		"totalTime": 429,
		"details": [
			{"appName": "Facebook", "usage": 128},
			{"appName": "카카오페이지", "usage": 115},
			{"appName": "Chrome", "usage": 42},
			{"appName": "YouTube", "usage": 34},
			{"appName": "문피아", "usage": 31},
			{"appName": "카카오톡", "usage": 25},
			{"appName": "One UI 홈", "usage": 9},
			{"appName": "시계", "usage": 7},
			{"appName": "Paco", "usage": 5},
			{"appName": "Samsung Notes", "usage": 4},
			{"appName": "통화", "usage": 3},
			{"appName": "우리카드", "usage": 3},
			{"appName": "Instagram", "usage": 3},
			{"appName": "네이버 웹툰", "usage": 2},
			{"appName": "갤러리", "usage": 2},
			{"appName": "원터치알림", "usage": 1},
			{"appName": "메시지", "usage": 1},
			{"appName": "Word", "usage": 1},
		]
	},
]
