[
	{
		"date": 1,
		"totalTime": 402,
		"details": [
			{"appName": "YouTube", "usage": 121},
			{"appName": "카카오톡", "usage": 76},
			{"appName": "Chrome", "usage": 27},
			{"appName": "Samsung Experience 홈", "usage": 18},
			{"appName": "T전화", "usage": 16},
			{"appName": "티몬", "usage": 15},
			{"appName": "Microsoft Health", "usage": 12},
			{"appName": "프레젠테이션", "usage": 10},
			{"appName": "Paco", "usage": 10},
			{"appName": "Polar Beat", "usage": 9},
			{"appName": "Google Play 스토어", "usage": 6},
			{"appName": "원터치개인", "usage": 5},
			{"appName": "Samsung Pay", "usage": 5},
			{"appName": "토스", "usage": 4},
			{"appName": "One UI 홈", "usage": 4},
			{"appName": "Facebook", "usage": 4},
			{"appName": "카카오뱅크", "usage": 3},
			{"appName": "설정", "usage": 3},
			{"appName": "Samsung Music", "usage": 3},
			{"appName": "Dropsync", "usage": 3},
			{"appName": "ABC Logger", "usage": 3},
			{"appName": "네이버 웹툰", "usage": 2},
			{"appName": "Papago", "usage": 2},
			{"appName": "OP.GG", "usage": 2},
			{"appName": "NAVER", "usage": 2},
			{"appName": "패키지 설치 프로그램", "usage": 1},
			{"appName": "접근성", "usage": 1},
			{"appName": "원터치알림", "usage": 1},
			{"appName": "시계", "usage": 1},
			{"appName": "삼성 인터넷", "usage": 1},
			{"appName": "드라이브", "usage": 1},
			{"appName": "갤러리", "usage": 1},
			{"appName": "Logger", "usage": 1},
			{"appName": "LoL 프렌즈", "usage": 1},
			{"appName": "Google Play 서비스", "usage": 1},
			{"appName": "GGtics", "usage": 1},
		]
	},
	{
		"date": 2,
		"totalTime": 262,
		"details": [
			{"appName": "YouTube", "usage": 141},
			{"appName": "카카오톡", "usage": 59},
			{"appName": "Paco", "usage": 7},
			{"appName": "One UI 홈", "usage": 7},
			{"appName": "Chrome", "usage": 6},
			{"appName": "Samsung Pay", "usage": 5},
			{"appName": "Papago", "usage": 4},
			{"appName": "Facebook", "usage": 4},
			{"appName": "Samsung Music", "usage": 3},
			{"appName": "Polar Beat", "usage": 3},
			{"appName": "네이버 웹툰", "usage": 2},
			{"appName": "NAVER", "usage": 2},
			{"appName": "LoL 프렌즈", "usage": 2},
			{"appName": "토스", "usage": 1},
			{"appName": "설정", "usage": 1},
			{"appName": "T전화", "usage": 1},
		]
	},
	{
		"date": 3,
		"totalTime": 316,
		"details": [
			{"appName": "YouTube", "usage": 162},
			{"appName": "카카오톡", "usage": 50},
			{"appName": "티몬", "usage": 18},
			{"appName": "Puffin", "usage": 15},
			{"appName": "계산기", "usage": 12},
			{"appName": "One UI 홈", "usage": 10},
			{"appName": "OP.GG", "usage": 9},
			{"appName": "네이버 웹툰", "usage": 7},
			{"appName": "Paco", "usage": 6},
			{"appName": "Chrome", "usage": 6},
			{"appName": "드라이브", "usage": 2},
			{"appName": "T전화", "usage": 2},
			{"appName": "LoL 프렌즈", "usage": 2},
			{"appName": "토스", "usage": 1},
			{"appName": "Facebook", "usage": 1},
		]
	},
	{
		"date": 4,
		"totalTime": 466,
		"details": [
			{"appName": "YouTube", "usage": 220},
			{"appName": "카카오톡", "usage": 110},
			{"appName": "Chrome", "usage": 31},
			{"appName": "OP.GG", "usage": 29},
			{"appName": "Puffin", "usage": 15},
			{"appName": "계산기", "usage": 12},
			{"appName": "One UI 홈", "usage": 8},
			{"appName": "네이버 웹툰", "usage": 7},
			{"appName": "Paco", "usage": 6},
			{"appName": "티몬", "usage": 3},
			{"appName": "번개장터", "usage": 3},
			{"appName": "드라이브", "usage": 2},
			{"appName": "LoL 프렌즈", "usage": 2},
			{"appName": "카카오뱅크", "usage": 1},
			{"appName": "카메라", "usage": 1},
			{"appName": "시계", "usage": 1},
			{"appName": "SNOW", "usage": 1},
			{"appName": "Facebook", "usage": 1},
		]
	},
	{
		"date": 5,
		"totalTime": 425,
		"details": [
			{"appName": "카카오톡", "usage": 207},
			{"appName": "YouTube", "usage": 85},
			{"appName": "OP.GG", "usage": 40},
			{"appName": "Facebook", "usage": 26},
			{"appName": "One UI 홈", "usage": 16},
			{"appName": "Chrome", "usage": 8},
			{"appName": "티몬", "usage": 4},
			{"appName": "Paco", "usage": 4},
			{"appName": "번개장터", "usage": 3},
			{"appName": "SNOW", "usage": 3},
			{"appName": "LoL 프렌즈", "usage": 3},
			{"appName": "롤도우미", "usage": 2},
			{"appName": "KLMS", "usage": 2},
			{"appName": "카카오뱅크", "usage": 1},
			{"appName": "카메라", "usage": 1},
			{"appName": "시계", "usage": 1},
			{"appName": "메시지", "usage": 1},
			{"appName": "꼼꼼달력메모", "usage": 1},
			{"appName": "T전화", "usage": 1},
			{"appName": "KAIST	Portal", "usage": 1},
			{"appName": "ABC Logger", "usage": 1},
		]
	},
	{
		"date": 6,
		"totalTime": 407,
		"details": [
			{"appName": "카카오톡", "usage": 112},
			{"appName": "네이버 웹툰", "usage": 100},
			{"appName": "YouTube", "usage": 77},
			{"appName": "아이쉐어링", "usage": 34},
			{"appName": "Facebook", "usage": 19},
			{"appName": "Chrome", "usage": 14},
			{"appName": "OP.GG", "usage": 11},
			{"appName": "One UI 홈", "usage": 7},
			{"appName": "GGtics", "usage": 6},
			{"appName": "Paco", "usage": 3},
			{"appName": "KAIST	Portal", "usage": 3},
			{"appName": "티몬", "usage": 1},
			{"appName": "시계", "usage": 1},
			{"appName": "메시지", "usage": 1},
		]
	},
	{
		"date": 7,
		"totalTime": 621,
		"details": [
			{"appName": "네이버 웹툰", "usage": 169},
			{"appName": "YouTube", "usage": 128},
			{"appName": "카카오톡", "usage": 109},
			{"appName": "아이쉐어링", "usage": 101},
			{"appName": "Facebook", "usage": 19},
			{"appName": "Chrome", "usage": 19},
			{"appName": "Puffin", "usage": 18},
			{"appName": "One UI 홈", "usage": 14},
			{"appName": "OP.GG", "usage": 12},
			{"appName": "GGtics", "usage": 6},
			{"appName": "Paco", "usage": 3},
			{"appName": "KAIST	Portal", "usage": 2},
			{"appName": "착한음악", "usage": 1},
			{"appName": "시계", "usage": 1},
			{"appName": "메시지", "usage": 1},
			{"appName": "T전화", "usage": 1},
			{"appName": "OneDrive", "usage": 1},
		]
	},
]
