[
	{
		"date": 1,
		"totalTime": 670,
		"details": [
			{"appName": "YouTube", "usage": 274},
			{"appName": "Brawl Stars", "usage": 191},
			{"appName": "전화", "usage": 51},
			{"appName": "카카오톡", "usage": 37},
			{"appName": "버즈 런처", "usage": 20},
			{"appName": "Chrome", "usage": 18},
			{"appName": "설정", "usage": 12},
			{"appName": "삼성 인터넷", "usage": 10},
			{"appName": "Paco", "usage": 9},
			{"appName": "Samsung Pay", "usage": 7},
			{"appName": "Polar Beat", "usage": 6},
			{"appName": "Microsoft Health", "usage": 4},
			{"appName": "업비트", "usage": 3},
			{"appName": "ABC Logger", "usage": 3},
			{"appName": "Google Play 스토어", "usage": 2},
			{"appName": "Dropsync", "usage": 2},
			{"appName": "패키지 설치 프로그램", "usage": 1},
			{"appName": "우리카드", "usage": 1},
			{"appName": "디바이스 케어", "usage": 1},
			{"appName": "드라이브", "usage": 1},
			{"appName": "Samsung Experience 홈", "usage": 1},
			{"appName": "Logger", "usage": 1},
		]
	},
	{
		"date": 2,
		"totalTime": 443,
		"details": [
			{"appName": "Brawl Stars", "usage": 256},
			{"appName": "YouTube", "usage": 105},
			{"appName": "Chrome", "usage": 21},
			{"appName": "카카오톡", "usage": 15},
			{"appName": "버즈 런처", "usage": 13},
			{"appName": "전화", "usage": 7},
			{"appName": "원터치개인", "usage": 3},
			{"appName": "메시지", "usage": 3},
			{"appName": "Paco", "usage": 3},
			{"appName": "업비트", "usage": 2},
			{"appName": "삼성 인터넷", "usage": 2},
			{"appName": "Dropsync", "usage": 2},
		]
	},
	{
		"date": 3,
		"totalTime": 306,
		"details": [
			{"appName": "YouTube", "usage": 153},
			{"appName": "Brawl Stars", "usage": 44},
			{"appName": "전화", "usage": 27},
			{"appName": "Chrome", "usage": 26},
			{"appName": "카카오톡", "usage": 17},
			{"appName": "버즈 런처", "usage": 12},
			{"appName": "코레일톡", "usage": 5},
			{"appName": "삼성 인터넷", "usage": 2},
			{"appName": "네이버 지도", "usage": 2},
			{"appName": "Polar Beat", "usage": 2},
			{"appName": "Paco", "usage": 2},
			{"appName": "업비트", "usage": 1},
			{"appName": "THE COUPLE", "usage": 1},
			{"appName": "Netflix", "usage": 1},
		]
	},
	{
		"date": 4,
		"totalTime": 342,
		"details": [
			{"appName": "YouTube", "usage": 194},
			{"appName": "Brawl Stars", "usage": 45},
			{"appName": "전화", "usage": 28},
			{"appName": "Chrome", "usage": 26},
			{"appName": "Q.Feat", "usage": 11},
			{"appName": "버즈 런처", "usage": 9},
			{"appName": "카카오톡", "usage": 8},
			{"appName": "Paco", "usage": 4},
			{"appName": "시외버스	모바일", "usage": 2},
			{"appName": "네이버 지도", "usage": 2},
			{"appName": "Polar Beat", "usage": 2},
			{"appName": "포코포코", "usage": 1},
			{"appName": "THE COUPLE", "usage": 1},
		]
	},
	{
		"date": 5,
		"totalTime": 505,
		"details": [
			{"appName": "YouTube", "usage": 273},
			{"appName": "Brawl Stars", "usage": 60},
			{"appName": "카카오톡", "usage": 50},
			{"appName": "Chrome", "usage": 43},
			{"appName": "삼성 인터넷", "usage": 22},
			{"appName": "버즈 런처", "usage": 15},
			{"appName": "Q.Feat", "usage": 11},
			{"appName": "Paco", "usage": 3},
			{"appName": "카카오뱅크", "usage": 2},
			{"appName": "시외버스	모바일", "usage": 2},
			{"appName": "메시지", "usage": 2},
			{"appName": "KFC", "usage": 2},
			{"appName": "전화", "usage": 1},
			{"appName": "설정", "usage": 1},
			{"appName": "배달의민족", "usage": 1},
			{"appName": "Slack", "usage": 1},
			{"appName": "Adobe Acrobat", "usage": 1},
		]
	},
	{
		"date": 6,
		"totalTime": 647,
		"details": [
			{"appName": "YouTube", "usage": 370},
			{"appName": "Brawl Stars", "usage": 76},
			{"appName": "카카오톡", "usage": 62},
			{"appName": "Chrome", "usage": 34},
			{"appName": "삼성 인터넷", "usage": 28},
			{"appName": "브롤스타즈", "usage": 22},
			{"appName": "Polar Beat", "usage": 16},
			{"appName": "버즈 런처", "usage": 13},
			{"appName": "전화", "usage": 4},
			{"appName": "메시지", "usage": 2},
			{"appName": "Q.Feat", "usage": 2},
			{"appName": "Paco", "usage": 2},
			{"appName": "KFC", "usage": 2},
			{"appName": "배달의민족", "usage": 1},
		]
	},
	{
		"date": 7,
		"totalTime": 684,
		"details": [
			{"appName": "YouTube", "usage": 499},
			{"appName": "브롤스타즈", "usage": 52},
			{"appName": "Chrome", "usage": 34},
			{"appName": "카카오톡", "usage": 23},
			{"appName": "버즈 런처", "usage": 17},
			{"appName": "삼성 인터넷", "usage": 14},
			{"appName": "그린카", "usage": 9},
			{"appName": "전화", "usage": 8},
			{"appName": "배달의민족", "usage": 5},
			{"appName": "카카오뱅크", "usage": 3},
			{"appName": "Paco", "usage": 3},
			{"appName": "Google Play 스토어", "usage": 3},
			{"appName": "설정", "usage": 1},
			{"appName": "Slack", "usage": 1},
		]
	},
]
