[
	{
		"date": 1,
		"totalTime": 347,
		"details": [
			{"appName": "Chrome", "usage": 133},
			{"appName": "기본홈", "usage": 35},
			{"appName": "왓챠플레이", "usage": 23},
			{"appName": "카카오톡", "usage": 18},
			{"appName": "Microsoft Band", "usage": 14},
			{"appName": "왓챠", "usage": 12},
			{"appName": "YouTube", "usage": 12},
			{"appName": "Paco", "usage": 10},
			{"appName": "Polar Beat", "usage": 8},
			{"appName": "KBO STATS", "usage": 8},
			{"appName": "야구친구", "usage": 7},
			{"appName": "Last Arrows", "usage": 7},
			{"appName": "설정", "usage": 6},
			{"appName": "Google Play 스토어", "usage": 4},
			{"appName": "카이스트 모바일 메일", "usage": 3},
			{"appName": "비주얼 가계부", "usage": 3},
			{"appName": "Logger", "usage": 3},
			{"appName": "메시지", "usage": 2},
			{"appName": "timetable-core", "usage": 2},
			{"appName": "POOQ", "usage": 2},
			{"appName": "Netflix", "usage": 2},
			{"appName": "Instagram", "usage": 2},
			{"appName": "Dropsync", "usage": 2},
			{"appName": "ABC Logger", "usage": 2},
			{"appName": "한컴오피스 한글 뷰어", "usage": 1},
			{"appName": "접근성", "usage": 1},
			{"appName": "원터치알림", "usage": 1},
			{"appName": "시스템 UI", "usage": 1},
			{"appName": "Prime Video", "usage": 1},
			{"appName": "PAIGE", "usage": 1},
			{"appName": "FANDOM", "usage": 1},
		]
	},
	{
		"date": 2,
		"totalTime": 282,
		"details": [
			{"appName": "Chrome", "usage": 118},
			{"appName": "기본홈", "usage": 39},
			{"appName": "카카오톡", "usage": 18},
			{"appName": "Google 뉴스", "usage": 13},
			{"appName": "Paco", "usage": 10},
			{"appName": "Google Play 스토어", "usage": 9},
			{"appName": "Polar Beat", "usage": 8},
			{"appName": "Last Arrows", "usage": 8},
			{"appName": "KBO STATS", "usage": 8},
			{"appName": "왓챠", "usage": 4},
			{"appName": "FANDOM", "usage": 4},
			{"appName": "왓챠플레이", "usage": 3},
			{"appName": "비주얼 가계부", "usage": 3},
			{"appName": "메시지", "usage": 3},
			{"appName": "oksusu", "usage": 3},
			{"appName": "timetable-core", "usage": 2},
			{"appName": "POOQ", "usage": 2},
			{"appName": "통화 화면", "usage": 1},
			{"appName": "카이스트 모바일 메일", "usage": 1},
			{"appName": "접근성", "usage": 1},
			{"appName": "원터치알림", "usage": 1},
			{"appName": "알람/시계", "usage": 1},
			{"appName": "Wi-Fi", "usage": 1},
			{"appName": "Prime Video", "usage": 1},
			{"appName": "PAIGE", "usage": 1},
			{"appName": "Netflix", "usage": 1},
			{"appName": "Logger", "usage": 1},
		]
	},
	{
		"date": 3,
		"totalTime": 210,
		"details": [
			{"appName": "Chrome", "usage": 53},
			{"appName": "Last Arrows", "usage": 29},
			{"appName": "기본홈", "usage": 27},
			{"appName": "카카오톡", "usage": 19},
			{"appName": "Google 뉴스", "usage": 13},
			{"appName": "Google Play 스토어", "usage": 9},
			{"appName": "왓챠", "usage": 8},
			{"appName": "Paco", "usage": 8},
			{"appName": "Doctor Who", "usage": 6},
			{"appName": "brunch", "usage": 4},
			{"appName": "FANDOM", "usage": 4},
			{"appName": "왓챠플레이", "usage": 3},
			{"appName": "메시지", "usage": 3},
			{"appName": "oksusu", "usage": 3},
			{"appName": "KBO STATS", "usage": 2},
			{"appName": "원터치알림", "usage": 1},
			{"appName": "야구친구", "usage": 1},
			{"appName": "알람/시계", "usage": 1},
			{"appName": "Wi-Fi", "usage": 1},
			{"appName": "Logger", "usage": 1},
		]
	},
	{
		"date": 4,
		"totalTime": 254,
		"details": [
			{"appName": "알람/시계", "usage": 109},
			{"appName": "Chrome", "usage": 34},
			{"appName": "Last Arrows", "usage": 29},
			{"appName": "기본홈", "usage": 15},
			{"appName": "Google 뉴스", "usage": 9},
			{"appName": "왓챠", "usage": 8},
			{"appName": "Paco", "usage": 8},
			{"appName": "카카오톡", "usage": 6},
			{"appName": "Doctor Who", "usage": 6},
			{"appName": "brunch", "usage": 4},
			{"appName": "Wi-Fi", "usage": 4},
			{"appName": "YouTube", "usage": 3},
			{"appName": "KBO STATS", "usage": 2},
			{"appName": "원터치알림", "usage": 1},
			{"appName": "야구친구", "usage": 1},
			{"appName": "Netflix", "usage": 1},
			{"appName": "FANDOM", "usage": 1},
		]
	},
	{
		"date": 5,
		"totalTime": 367,
		"details": [
			{"appName": "알람/시계", "usage": 122},
			{"appName": "Chrome", "usage": 103},
			{"appName": "Last Arrows", "usage": 22},
			{"appName": "기본홈", "usage": 19},
			{"appName": "Google 뉴스", "usage": 19},
			{"appName": "카카오톡", "usage": 16},
			{"appName": "왓챠", "usage": 10},
			{"appName": "Paco", "usage": 9},
			{"appName": "음성 녹음", "usage": 6},
			{"appName": "Wi-Fi", "usage": 6},
			{"appName": "원터치개인", "usage": 4},
			{"appName": "YouTube", "usage": 3},
			{"appName": "Polar Beat", "usage": 3},
			{"appName": "포토", "usage": 2},
			{"appName": "설정", "usage": 2},
			{"appName": "timetable-core", "usage": 2},
			{"appName": "KBO STATS", "usage": 2},
			{"appName": "메시지", "usage": 1},
			{"appName": "Netflix", "usage": 1},
		]
	},
	{
		"date": 6,
		"totalTime": 254,
		"details": [
			{"appName": "Chrome", "usage": 103},
			{"appName": "카카오톡", "usage": 32},
			{"appName": "Google 뉴스", "usage": 19},
			{"appName": "기본홈", "usage": 18},
			{"appName": "왓챠", "usage": 10},
			{"appName": "Paco", "usage": 8},
			{"appName": "음성 녹음", "usage": 6},
			{"appName": "메시지", "usage": 6},
			{"appName": "timetable-core", "usage": 6},
			{"appName": "코레일톡", "usage": 4},
			{"appName": "위키백과", "usage": 4},
			{"appName": "원터치개인", "usage": 4},
			{"appName": "알람/시계", "usage": 4},
			{"appName": "FANDOM", "usage": 3},
			{"appName": "포토", "usage": 2},
			{"appName": "야구친구", "usage": 2},
			{"appName": "설정", "usage": 2},
			{"appName": "Doctor Who", "usage": 2},
			{"appName": "왓챠플레이", "usage": 1},
			{"appName": "Wi-Fi", "usage": 1},
			{"appName": "Big Finish", "usage": 1},
		]
	},
	{
		"date": 7,
		"totalTime": 247,
		"details": [
			{"appName": "Chrome", "usage": 96},
			{"appName": "기본홈", "usage": 35},
			{"appName": "카카오톡", "usage": 32},
			{"appName": "Paco", "usage": 9},
			{"appName": "Google 뉴스", "usage": 8},
			{"appName": "왓챠", "usage": 6},
			{"appName": "메시지", "usage": 6},
			{"appName": "timetable-core", "usage": 6},
			{"appName": "코레일톡", "usage": 4},
			{"appName": "위키백과", "usage": 4},
			{"appName": "알람/시계", "usage": 4},
			{"appName": "KBO STATS", "usage": 4},
			{"appName": "음성 녹음", "usage": 3},
			{"appName": "Last Arrows", "usage": 3},
			{"appName": "FANDOM", "usage": 3},
			{"appName": "야구친구", "usage": 2},
			{"appName": "Polar Beat", "usage": 2},
			{"appName": "Doctor Who", "usage": 2},
			{"appName": "왓챠플레이", "usage": 1},
			{"appName": "Big Finish", "usage": 1},
		]
	},
]
