[
	{
		"date": 1,
		"totalTime": 408,
		"details": [
			{"appName": "Facebook", "usage": 118},
			{"appName": "카카오톡", "usage": 50},
			{"appName": "YouTube", "usage": 41},
			{"appName": "네이버 웹툰", "usage": 31},
			{"appName": "Chrome", "usage": 25},
			{"appName": "T전화", "usage": 22},
			{"appName": "Samsung Experience 홈", "usage": 20},
			{"appName": "Polar Beat", "usage": 18},
			{"appName": "Netflix", "usage": 12},
			{"appName": "Between", "usage": 12},
			{"appName": "Paco", "usage": 7},
			{"appName": "시계", "usage": 6},
			{"appName": "지도", "usage": 5},
			{"appName": "삼성 인터넷", "usage": 4},
			{"appName": "드라이브", "usage": 4},
			{"appName": "NH콕뱅크", "usage": 3},
			{"appName": "시스템 UI", "usage": 2},
			{"appName": "메시지", "usage": 2},
			{"appName": "WiFi Mouse", "usage": 2},
			{"appName": "Microsoft Band", "usage": 2},
			{"appName": "티켓링크", "usage": 1},
			{"appName": "시외버스	모바일", "usage": 1},
			{"appName": "Zenly", "usage": 1},
			{"appName": "Foodie", "usage": 1},
		]
	},
	{
		"date": 2,
		"totalTime": 686,
		"details": [
			{"appName": "Facebook", "usage": 163},
			{"appName": "Duel Links", "usage": 141},
			{"appName": "YouTube", "usage": 103},
			{"appName": "카카오톡", "usage": 48},
			{"appName": "Samsung Experience 홈", "usage": 45},
			{"appName": "네이버 웹툰", "usage": 31},
			{"appName": "Polar Beat", "usage": 18},
			{"appName": "지도", "usage": 15},
			{"appName": "Chrome", "usage": 14},
			{"appName": "Netflix", "usage": 12},
			{"appName": "T전화", "usage": 10},
			{"appName": "Paco", "usage": 8},
			{"appName": "Between", "usage": 7},
			{"appName": "코레일톡", "usage": 5},
			{"appName": "시계", "usage": 5},
			{"appName": "엽기떡볶이", "usage": 4},
			{"appName": "Logger", "usage": 4},
			{"appName": "알라미", "usage": 3},
			{"appName": "시외버스	모바일", "usage": 3},
			{"appName": "소프트웨어 업데이트", "usage": 3},
			{"appName": "고속버스 모바일", "usage": 3},
			{"appName": "NH콕뱅크", "usage": 3},
			{"appName": "시스템 UI", "usage": 2},
			{"appName": "설정", "usage": 2},
			{"appName": "Zenly", "usage": 2},
			{"appName": "WiFi Mouse", "usage": 2},
			{"appName": "Dropsync", "usage": 2},
			{"appName": "토스", "usage": 1},
			{"appName": "좋은 카메라", "usage": 1},
			{"appName": "야놀자", "usage": 1},
			{"appName": "버스타고", "usage": 1},
			{"appName": "메시지", "usage": 1},
			{"appName": "날씨", "usage": 1},
			{"appName": "Microsoft Band", "usage": 1},
			{"appName": "Google", "usage": 1},
		]
	},
	{
		"date": 3,
		"totalTime": 551,
		"details": [
			{"appName": "Duel Links", "usage": 196},
			{"appName": "YouTube", "usage": 55},
			{"appName": "Facebook", "usage": 54},
			{"appName": "카카오톡", "usage": 42},
			{"appName": "지도", "usage": 32},
			{"appName": "Samsung Experience 홈", "usage": 31},
			{"appName": "코레일톡", "usage": 20},
			{"appName": "고속버스 모바일", "usage": 18},
			{"appName": "배달의민족", "usage": 12},
			{"appName": "Duo", "usage": 11},
			{"appName": "Chrome", "usage": 11},
			{"appName": "Between", "usage": 7},
			{"appName": "Google", "usage": 6},
			{"appName": "Polar Beat", "usage": 5},
			{"appName": "카카오 T", "usage": 4},
			{"appName": "시외버스	모바일", "usage": 4},
			{"appName": "Paco", "usage": 4},
			{"appName": "패키지 설치 프로그램", "usage": 3},
			{"appName": "알라미", "usage": 3},
			{"appName": "Zenly", "usage": 3},
			{"appName": "Logger", "usage": 3},
			{"appName": "Dropsync", "usage": 3},
			{"appName": "시스템 UI", "usage": 2},
			{"appName": "T전화", "usage": 2},
			{"appName": "설정", "usage": 1},
			{"appName": "버스타고", "usage": 1},
		]
	},
	{
		"date": 4,
		"totalTime": 778,
		"details": [
			{"appName": "Duel Links", "usage": 468},
			{"appName": "Facebook", "usage": 72},
			{"appName": "Netflix", "usage": 38},
			{"appName": "네이버 웹툰", "usage": 33},
			{"appName": "카카오톡", "usage": 27},
			{"appName": "Samsung Experience 홈", "usage": 19},
			{"appName": "Polar Beat", "usage": 19},
			{"appName": "T전화", "usage": 16},
			{"appName": "YouTube", "usage": 15},
			{"appName": "토스", "usage": 7},
			{"appName": "Chrome", "usage": 7},
			{"appName": "배달의민족", "usage": 6},
			{"appName": "KLMS", "usage": 6},
			{"appName": "Google", "usage": 6},
			{"appName": "Between", "usage": 6},
			{"appName": "고속버스 모바일", "usage": 4},
			{"appName": "Paco", "usage": 4},
			{"appName": "패키지 설치 프로그램", "usage": 3},
			{"appName": "Dropsync", "usage": 3},
			{"appName": "설정", "usage": 2},
			{"appName": "알라미", "usage": 1},
			{"appName": "시스템 UI", "usage": 1},
			{"appName": "빅스비 홈", "usage": 1},
			{"appName": "비디오 플레이어", "usage": 1},
		]
	},
	{
		"date": 5,
		"totalTime": 647,
		"details": [
			{"appName": "Duel Links", "usage": 242},
			{"appName": "Facebook", "usage": 128},
			{"appName": "카카오톡", "usage": 59},
			{"appName": "YouTube", "usage": 53},
			{"appName": "네이버 웹툰", "usage": 34},
			{"appName": "Samsung Experience 홈", "usage": 32},
			{"appName": "드라이브", "usage": 20},
			{"appName": "Polar Beat", "usage": 14},
			{"appName": "Between", "usage": 14},
			{"appName": "Chrome", "usage": 8},
			{"appName": "시계", "usage": 6},
			{"appName": "KLMS", "usage": 6},
			{"appName": "계산기", "usage": 5},
			{"appName": "Paco", "usage": 5},
			{"appName": "T전화", "usage": 4},
			{"appName": "갤러리", "usage": 2},
			{"appName": "시스템 UI", "usage": 1},
			{"appName": "Zenly", "usage": 1},
		]
	},
	{
		"date": 6,
		"totalTime": 808,
		"details": [
			{"appName": "Duel Links", "usage": 349},
			{"appName": "Facebook", "usage": 159},
			{"appName": "카카오톡", "usage": 65},
			{"appName": "YouTube", "usage": 61},
			{"appName": "Samsung Experience 홈", "usage": 57},
			{"appName": "T전화", "usage": 31},
			{"appName": "네이버 웹툰", "usage": 15},
			{"appName": "Between", "usage": 15},
			{"appName": "Dropsync", "usage": 12},
			{"appName": "계산기", "usage": 9},
			{"appName": "시계", "usage": 6},
			{"appName": "Paco", "usage": 4},
			{"appName": "시스템 UI", "usage": 3},
			{"appName": "Polar Beat", "usage": 3},
			{"appName": "메시지", "usage": 2},
			{"appName": "Samsung Pay", "usage": 2},
			{"appName": "설정", "usage": 1},
			{"appName": "Zenly", "usage": 1},
			{"appName": "Chrome", "usage": 1},
		]
	},
	{
		"date": 7,
		"totalTime": 578,
		"details": [
			{"appName": "Duel Links", "usage": 190},
			{"appName": "YouTube", "usage": 90},
			{"appName": "Facebook", "usage": 81},
			{"appName": "카카오톡", "usage": 69},
			{"appName": "T전화", "usage": 42},
			{"appName": "Samsung Experience 홈", "usage": 32},
			{"appName": "Chrome", "usage": 13},
			{"appName": "카카오페이지", "usage": 9},
			{"appName": "Polar Beat", "usage": 9},
			{"appName": "Paco", "usage": 8},
			{"appName": "네이버 웹툰", "usage": 6},
			{"appName": "빅스비 홈", "usage": 4},
			{"appName": "엽기떡볶이", "usage": 3},
			{"appName": "Dropsync", "usage": 3},
			{"appName": "Samsung Pay", "usage": 2},
			{"appName": "Between", "usage": 2},
			{"appName": "토스", "usage": 1},
			{"appName": "시계", "usage": 1},
			{"appName": "메시지", "usage": 1},
		]
	},
]
