[
	{
		"date": 1,
		"totalTime": 364,
		"details": [
			{"appName": "T map", "usage": 154},
			{"appName": "카카오톡", "usage": 63},
			{"appName": "Samsung Experience 홈", "usage": 14},
			{"appName": "Chrome", "usage": 14},
			{"appName": "T전화", "usage": 13},
			{"appName": "토스", "usage": 10},
			{"appName": "시계", "usage": 10},
			{"appName": "One UI 홈", "usage": 7},
			{"appName": "Cookie Run: OvenBreak", "usage": 6},
			{"appName": "Microsoft Health", "usage": 5},
			{"appName": "Gmail", "usage": 5},
			{"appName": "이메일", "usage": 3},
			{"appName": "영웅문S", "usage": 3},
			{"appName": "SR 고속열차", "usage": 3},
			{"appName": "Paco", "usage": 3},
			{"appName": "CGV", "usage": 3},
			{"appName": "패키지 설치 프로그램", "usage": 2},
			{"appName": "원터치개인", "usage": 2},
			{"appName": "내 파일", "usage": 2},
			{"appName": "갤러리", "usage": 2},
			{"appName": "自走棋测试服", "usage": 2},
			{"appName": "Samsung Notes", "usage": 2},
			{"appName": "Most", "usage": 2},
			{"appName": "", "usage": 2},
			{"appName": "카메라", "usage": 1},
			{"appName": "첫화면 상식", "usage": 1},
			{"appName": "시외버스	모바일", "usage": 1},
			{"appName": "뱅크샐러드", "usage": 1},
			{"appName": "메시지", "usage": 1},
			{"appName": "Samsung Pay", "usage": 1},
			{"appName": "Melon", "usage": 1},
			{"appName": "KAIST 전자식복무관리시스템", "usage": 1},
			{"appName": "ISP/페이북", "usage": 1},
		]
	},
	{
		"date": 2,
		"totalTime": 458,
		"details": [
			{"appName": "T map", "usage": 155},
			{"appName": "카카오톡", "usage": 97},
			{"appName": "음성 녹음", "usage": 25},
			{"appName": "One UI 홈", "usage": 23},
			{"appName": "메시지", "usage": 21},
			{"appName": "T전화", "usage": 20},
			{"appName": "Chrome", "usage": 18},
			{"appName": "토스", "usage": 10},
			{"appName": "내 파일", "usage": 9},
			{"appName": "Paco", "usage": 8},
			{"appName": "이메일", "usage": 6},
			{"appName": "Dropsync", "usage": 6},
			{"appName": "Samsung Notes", "usage": 5},
			{"appName": "영웅문S", "usage": 4},
			{"appName": "마카롱", "usage": 4},
			{"appName": "SR 고속열차", "usage": 4},
			{"appName": "설정", "usage": 3},
			{"appName": "Samsung Pay", "usage": 3},
			{"appName": "Polar Beat", "usage": 3},
			{"appName": "카카오 T", "usage": 2},
			{"appName": "원터치개인", "usage": 2},
			{"appName": "갤러리", "usage": 2},
			{"appName": "Most", "usage": 2},
			{"appName": "카카오맵", "usage": 1},
			{"appName": "시외버스	모바일", "usage": 1},
			{"appName": "시계", "usage": 1},
			{"appName": "브로콜리", "usage": 1},
			{"appName": "CGV", "usage": 1},
		]
	},
	{
		"date": 3,
		"totalTime": 226,
		"details": [
			{"appName": "카카오톡", "usage": 62},
			{"appName": "Chrome", "usage": 38},
			{"appName": "음성 녹음", "usage": 25},
			{"appName": "메시지", "usage": 22},
			{"appName": "One UI 홈", "usage": 16},
			{"appName": "내 파일", "usage": 9},
			{"appName": "CGV", "usage": 8},
			{"appName": "Samsung Notes", "usage": 5},
			{"appName": "Gmail", "usage": 5},
			{"appName": "마카롱", "usage": 4},
			{"appName": "Paco", "usage": 4},
			{"appName": "카카오맵", "usage": 3},
			{"appName": "CGV포토티켓", "usage": 3},
			{"appName": "카카오 T", "usage": 2},
			{"appName": "T map", "usage": 2},
			{"appName": "원스토어", "usage": 1},
			{"appName": "설정", "usage": 1},
			{"appName": "Polar Beat", "usage": 1},
		]
	},
	{
		"date": 4,
		"totalTime": 375,
		"details": [
			{"appName": "카카오톡", "usage": 119},
			{"appName": "Auto Chess", "usage": 116},
			{"appName": "Chrome", "usage": 58},
			{"appName": "시계", "usage": 14},
			{"appName": "One UI 홈", "usage": 12},
			{"appName": "Paco", "usage": 6},
			{"appName": "Instagram", "usage": 5},
			{"appName": "Gmail", "usage": 5},
			{"appName": "Samsung Notes", "usage": 3},
			{"appName": "Samsung Health", "usage": 3},
			{"appName": "Galaxy Themes", "usage": 3},
			{"appName": "카카오 T", "usage": 2},
			{"appName": "음성 녹음", "usage": 2},
			{"appName": "우리카드", "usage": 2},
			{"appName": "메시지", "usage": 2},
			{"appName": "토스", "usage": 1},
			{"appName": "카메라", "usage": 1},
			{"appName": "원스토어", "usage": 1},
			{"appName": "설정", "usage": 1},
			{"appName": "T전화", "usage": 1},
			{"appName": "Polar Beat", "usage": 1},
			{"appName": "Google Play 스토어", "usage": 1},
		]
	},
	{
		"date": 5,
		"totalTime": 374,
		"details": [
			{"appName": "카카오톡", "usage": 120},
			{"appName": "Auto Chess", "usage": 107},
			{"appName": "T map", "usage": 40},
			{"appName": "One UI 홈", "usage": 23},
			{"appName": "시계", "usage": 15},
			{"appName": "포토", "usage": 12},
			{"appName": "Instagram", "usage": 9},
			{"appName": "Paco", "usage": 5},
			{"appName": "토스", "usage": 4},
			{"appName": "T전화", "usage": 4},
			{"appName": "Samsung Notes", "usage": 3},
			{"appName": "카메라", "usage": 2},
			{"appName": "이메일", "usage": 2},
			{"appName": "갤러리", "usage": 2},
			{"appName": "Cookie Run: OvenBreak", "usage": 2},
			{"appName": "캘린더", "usage": 1},
			{"appName": "음성 녹음", "usage": 1},
			{"appName": "메시지", "usage": 1},
			{"appName": "게임런처", "usage": 1},
			{"appName": "Samsung Pay", "usage": 1},
			{"appName": "KAIST 전자식복무관리시스템", "usage": 1},
			{"appName": "Chrome", "usage": 1},
		]
	},
	{
		"date": 6,
		"totalTime": 275,
		"details": [
			{"appName": "카카오톡", "usage": 125},
			{"appName": "T map", "usage": 40},
			{"appName": "시계", "usage": 13},
			{"appName": "야놀자", "usage": 12},
			{"appName": "One UI 홈", "usage": 9},
			{"appName": "Chrome", "usage": 7},
			{"appName": "설정", "usage": 6},
			{"appName": "마카롱", "usage": 6},
			{"appName": "Most", "usage": 6},
			{"appName": "뱅크샐러드", "usage": 5},
			{"appName": "메시지", "usage": 4},
			{"appName": "Paco", "usage": 4},
			{"appName": "갤러리", "usage": 3},
			{"appName": "T전화", "usage": 3},
			{"appName": "Instagram", "usage": 3},
			{"appName": "이메일", "usage": 2},
			{"appName": "음성 녹음", "usage": 2},
			{"appName": "우리카드", "usage": 2},
			{"appName": "캘린더", "usage": 1},
			{"appName": "고속버스 모바일", "usage": 1},
			{"appName": "Syrup 월렛", "usage": 1},
			{"appName": "Samsung Pay", "usage": 1},
			{"appName": "Melon", "usage": 1},
			{"appName": "KAIST 전자식복무관리시스템", "usage": 1},
			{"appName": "Cookie Run: OvenBreak", "usage": 1},
		]
	},
	{
		"date": 7,
		"totalTime": 388,
		"details": [
			{"appName": "카카오톡", "usage": 123},
			{"appName": "T map", "usage": 61},
			{"appName": "Auto Chess", "usage": 39},
			{"appName": "One UI 홈", "usage": 21},
			{"appName": "T전화", "usage": 14},
			{"appName": "야놀자", "usage": 12},
			{"appName": "시계", "usage": 12},
			{"appName": "AIA Vitality T건강걷기", "usage": 12},
			{"appName": "Chrome", "usage": 10},
			{"appName": "설정", "usage": 6},
			{"appName": "마카롱", "usage": 6},
			{"appName": "Paco", "usage": 6},
			{"appName": "Most", "usage": 6},
			{"appName": "음성 녹음", "usage": 5},
			{"appName": "우리카드", "usage": 5},
			{"appName": "뱅크샐러드", "usage": 5},
			{"appName": "메시지", "usage": 5},
			{"appName": "CGV", "usage": 3},
			{"appName": "카메라", "usage": 2},
			{"appName": "이메일", "usage": 2},
			{"appName": "Samsung Pay", "usage": 2},
			{"appName": "Polar Beat", "usage": 2},
			{"appName": "Melon", "usage": 2},
			{"appName": "Instagram", "usage": 2},
			{"appName": "헬로마켓", "usage": 1},
			{"appName": "카카오뱅크", "usage": 1},
			{"appName": "내 파일", "usage": 1},
			{"appName": "고속버스 모바일", "usage": 1},
			{"appName": "Google Play 스토어", "usage": 1},
			{"appName": "ABC Logger", "usage": 1},
		]
	},
]
