[
	{
		"date": 1,
		"totalTime": 349,
		"details": [
			{"appName": "Chrome", "usage": 68},
			{"appName": "YouTube", "usage": 53},
			{"appName": "Facebook", "usage": 42},
			{"appName": "카카오톡", "usage": 38},
			{"appName": "Microsoft Launcher", "usage": 31},
			{"appName": "FatSecret", "usage": 23},
			{"appName": "얼리버드 알람", "usage": 11},
			{"appName": "Microsoft Band", "usage": 10},
			{"appName": "Paco", "usage": 9},
			{"appName": "Polar Beat", "usage": 8},
			{"appName": "설정", "usage": 5},
			{"appName": "드라이브", "usage": 5},
			{"appName": "Logger", "usage": 5},
			{"appName": "Instagram", "usage": 5},
			{"appName": "Google Play 스토어", "usage": 4},
			{"appName": "네이버 캘린더", "usage": 3},
			{"appName": "시스템 UI", "usage": 2},
			{"appName": "갤러리", "usage": 2},
			{"appName": "Q메모+", "usage": 2},
			{"appName": "ABC Logger", "usage": 2},
			{"appName": "프레젠테이션", "usage": 1},
			{"appName": "패키지 설치 프로그램", "usage": 1},
			{"appName": "토스", "usage": 1},
			{"appName": "접근성", "usage": 1},
			{"appName": "똑똑가계부", "usage": 1},
			{"appName": "Dropsync", "usage": 1},
		]
	},
	{
		"date": 2,
		"totalTime": 393,
		"details": [
			{"appName": "YouTube", "usage": 103},
			{"appName": "Facebook", "usage": 69},
			{"appName": "Chrome", "usage": 67},
			{"appName": "얼리버드 알람", "usage": 38},
			{"appName": "카카오톡", "usage": 31},
			{"appName": "Microsoft Band", "usage": 15},
			{"appName": "Microsoft Launcher", "usage": 11},
			{"appName": "CGV", "usage": 9},
			{"appName": "드라이브", "usage": 5},
			{"appName": "Paco", "usage": 5},
			{"appName": "프레젠테이션", "usage": 4},
			{"appName": "네이버 캘린더", "usage": 4},
			{"appName": "지도", "usage": 3},
			{"appName": "Instagram", "usage": 3},
			{"appName": "똑똑가계부", "usage": 2},
			{"appName": "KLMS", "usage": 2},
			{"appName": "FatSecret", "usage": 2},
			{"appName": "통화 화면", "usage": 1},
			{"appName": "토스", "usage": 1},
			{"appName": "Q메모+", "usage": 1},
			{"appName": "Polar Beat", "usage": 1},
		]
	},
	{
		"date": 3,
		"totalTime": 410,
		"details": [
			{"appName": "카카오톡", "usage": 84},
			{"appName": "Chrome", "usage": 83},
			{"appName": "YouTube", "usage": 67},
			{"appName": "Facebook", "usage": 43},
			{"appName": "얼리버드 알람", "usage": 38},
			{"appName": "Microsoft Launcher", "usage": 18},
			{"appName": "BAND", "usage": 13},
			{"appName": "Paco", "usage": 9},
			{"appName": "CGV", "usage": 9},
			{"appName": "네이버 캘린더", "usage": 7},
			{"appName": "Q메모+", "usage": 7},
			{"appName": "InBody", "usage": 6},
			{"appName": "Instagram", "usage": 4},
			{"appName": "지도", "usage": 3},
			{"appName": "FatSecret", "usage": 2},
			{"appName": "통화 화면", "usage": 1},
			{"appName": "토스", "usage": 1},
			{"appName": "카메라", "usage": 1},
			{"appName": "똑똑가계부", "usage": 1},
			{"appName": "Polar Beat", "usage": 1},
		]
	},
	{
		"date": 4,
		"totalTime": 519,
		"details": [
			{"appName": "YouTube", "usage": 135},
			{"appName": "카카오톡", "usage": 88},
			{"appName": "Chrome", "usage": 59},
			{"appName": "Facebook", "usage": 48},
			{"appName": "Microsoft Launcher", "usage": 44},
			{"appName": "카메라", "usage": 31},
			{"appName": "Netflix", "usage": 29},
			{"appName": "BAND", "usage": 13},
			{"appName": "카카오 T", "usage": 9},
			{"appName": "갤러리", "usage": 8},
			{"appName": "FatSecret", "usage": 7},
			{"appName": "통화 화면", "usage": 6},
			{"appName": "원터치개인", "usage": 6},
			{"appName": "Paco", "usage": 6},
			{"appName": "네이버 캘린더", "usage": 5},
			{"appName": "Instagram", "usage": 4},
			{"appName": "시외버스	모바일", "usage": 3},
			{"appName": "시스템 UI", "usage": 1},
			{"appName": "밥대생", "usage": 1},
			{"appName": "Q메모+", "usage": 1},
		]
	},
	{
		"date": 5,
		"totalTime": 373,
		"details": [
			{"appName": "카카오톡", "usage": 63},
			{"appName": "YouTube", "usage": 59},
			{"appName": "Facebook", "usage": 50},
			{"appName": "Microsoft Launcher", "usage": 44},
			{"appName": "Chrome", "usage": 42},
			{"appName": "카메라", "usage": 31},
			{"appName": "Netflix", "usage": 27},
			{"appName": "카카오 T", "usage": 9},
			{"appName": "갤러리", "usage": 8},
			{"appName": "통화 화면", "usage": 6},
			{"appName": "원터치개인", "usage": 6},
			{"appName": "Paco", "usage": 5},
			{"appName": "토스", "usage": 3},
			{"appName": "시외버스	모바일", "usage": 3},
			{"appName": "시스템 UI", "usage": 1},
			{"appName": "Instagram", "usage": 1},
			{"appName": "FatSecret", "usage": 1},
			{"appName": "Citymapper", "usage": 1},
		]
	},
	{
		"date": 6,
		"totalTime": 0,
		"details": [
		]
	},
	{
		"date": 7,
		"totalTime": 0,
		"details": [
		]
	},
]
