[
	{
		"date": 1,
		"totalTime": 393,
		"details": [
			{"appName": "문피아", "usage": 76},
			{"appName": "마이리틀셰프", "usage": 74},
			{"appName": "트위터", "usage": 57},
			{"appName": "Chrome", "usage": 39},
			{"appName": "카카오톡", "usage": 33},
			{"appName": "YouTube", "usage": 29},
			{"appName": "소프트웨어 업데이트", "usage": 15},
			{"appName": "리디북스", "usage": 11},
			{"appName": "카카오페이지", "usage": 10},
			{"appName": "10000!", "usage": 8},
			{"appName": "시계", "usage": 7},
			{"appName": "TouchWiz 홈", "usage": 7},
			{"appName": "Walkr", "usage": 6},
			{"appName": "네이버 웹툰", "usage": 3},
			{"appName": "알파카", "usage": 2},
			{"appName": "Paco", "usage": 2},
			{"appName": "시스템 UI", "usage": 1},
		]
	},
	{
		"date": 2,
		"totalTime": 539,
		"details": [
			{"appName": "Chrome", "usage": 170},
			{"appName": "트위터", "usage": 104},
			{"appName": "문피아", "usage": 89},
			{"appName": "마이리틀셰프", "usage": 62},
			{"appName": "YouTube", "usage": 34},
			{"appName": "10000!", "usage": 12},
			{"appName": "리디북스", "usage": 11},
			{"appName": "카카오페이지", "usage": 10},
			{"appName": "Walkr", "usage": 9},
			{"appName": "TouchWiz 홈", "usage": 6},
			{"appName": "카카오톡", "usage": 5},
			{"appName": "알파카", "usage": 4},
			{"appName": "네이버 웹툰", "usage": 3},
			{"appName": "시계", "usage": 2},
			{"appName": "T전화", "usage": 2},
			{"appName": "시스템 UI", "usage": 1},
			{"appName": "Polar Beat", "usage": 1},
			{"appName": "Paco", "usage": 1},
		]
	},
	{
		"date": 3,
		"totalTime": 623,
		"details": [
			{"appName": "Chrome", "usage": 180},
			{"appName": "YouTube", "usage": 118},
			{"appName": "트위터", "usage": 103},
			{"appName": "마이리틀셰프", "usage": 95},
			{"appName": "카카오톡", "usage": 20},
			{"appName": "Walkr", "usage": 18},
			{"appName": "10000!", "usage": 18},
			{"appName": "문피아", "usage": 13},
			{"appName": "TouchWiz 홈", "usage": 9},
			{"appName": "카카오페이지", "usage": 8},
			{"appName": "네이버 지도", "usage": 7},
			{"appName": "시계", "usage": 5},
			{"appName": "Paco", "usage": 5},
			{"appName": "Todoist", "usage": 3},
			{"appName": "Steam", "usage": 2},
			{"appName": "카카오택시", "usage": 1},
			{"appName": "시스템 UI", "usage": 1},
			{"appName": "설정", "usage": 1},
			{"appName": "네이버 웹툰", "usage": 1},
		]
	},
	{
		"date": 4,
		"totalTime": 429,
		"details": [
			{"appName": "YouTube", "usage": 102},
			{"appName": "트위터", "usage": 78},
			{"appName": "마이리틀셰프", "usage": 66},
			{"appName": "Chrome", "usage": 42},
			{"appName": "10000!", "usage": 30},
			{"appName": "카카오톡", "usage": 22},
			{"appName": "문피아", "usage": 19},
			{"appName": "TouchWiz 홈", "usage": 11},
			{"appName": "시계", "usage": 10},
			{"appName": "Walkr", "usage": 6},
			{"appName": "Steam", "usage": 5},
			{"appName": "Paco", "usage": 4},
			{"appName": "프레젠테이션", "usage": 3},
			{"appName": "스프레드시트", "usage": 3},
			{"appName": "Todoist", "usage": 3},
			{"appName": "Polaris Office", "usage": 3},
			{"appName": "카카오페이지", "usage": 2},
			{"appName": "알파카", "usage": 2},
			{"appName": "시스템 UI", "usage": 1},
			{"appName": "Slack", "usage": 1},
		]
	},
	{
		"date": 5,
		"totalTime": 705,
		"details": [
			{"appName": "리디북스", "usage": 252},
			{"appName": "트위터", "usage": 106},
			{"appName": "웹소설 조아라", "usage": 105},
			{"appName": "문피아", "usage": 59},
			{"appName": "YouTube", "usage": 55},
			{"appName": "마이리틀셰프", "usage": 34},
			{"appName": "10000!", "usage": 29},
			{"appName": "Chrome", "usage": 13},
			{"appName": "카카오톡", "usage": 11},
			{"appName": "TouchWiz 홈", "usage": 9},
			{"appName": "Walkr", "usage": 7},
			{"appName": "Paco", "usage": 3},
			{"appName": "Evernote", "usage": 3},
			{"appName": "카카오페이지", "usage": 2},
			{"appName": "T전화", "usage": 2},
			{"appName": "시스템 UI", "usage": 1},
			{"appName": "시계", "usage": 1},
		]
	},
	{
		"date": 6,
		"totalTime": 803,
		"details": [
			{"appName": "리디북스", "usage": 253},
			{"appName": "카카오페이지", "usage": 225},
			{"appName": "마이리틀셰프", "usage": 120},
			{"appName": "트위터", "usage": 76},
			{"appName": "문피아", "usage": 59},
			{"appName": "카카오톡", "usage": 13},
			{"appName": "Walkr", "usage": 9},
			{"appName": "Chrome", "usage": 9},
			{"appName": "10000!", "usage": 9},
			{"appName": "네이버 지도", "usage": 5},
			{"appName": "TouchWiz 홈", "usage": 5},
			{"appName": "Evernote", "usage": 3},
			{"appName": "시계", "usage": 2},
			{"appName": "Paco", "usage": 2},
			{"appName": "원터치개인", "usage": 1},
			{"appName": "시스템 UI", "usage": 1},
			{"appName": "설정", "usage": 1},
			{"appName": "Polar Beat", "usage": 1},
		]
	},
	{
		"date": 7,
		"totalTime": 652,
		"details": [
			{"appName": "카카오페이지", "usage": 426},
			{"appName": "트위터", "usage": 109},
			{"appName": "문피아", "usage": 40},
			{"appName": "YouTube", "usage": 29},
			{"appName": "Walkr", "usage": 11},
			{"appName": "Chrome", "usage": 8},
			{"appName": "카카오톡", "usage": 6},
			{"appName": "TouchWiz 홈", "usage": 5},
			{"appName": "10000!", "usage": 4},
			{"appName": "시스템 UI", "usage": 2},
			{"appName": "밥대생", "usage": 2},
			{"appName": "T전화", "usage": 1},
			{"appName": "Evernote", "usage": 1},
		]
	},
]
