[
	{
		"date": 1,
		"totalTime": 399,
		"details": [
			{"appName": "카카오톡", "usage": 123},
			{"appName": "Samsung Experience 홈", "usage": 47},
			{"appName": "Facebook", "usage": 26},
			{"appName": "쿠팡", "usage": 23},
			{"appName": "YouTube", "usage": 23},
			{"appName": "NAVER", "usage": 17},
			{"appName": "Instagram", "usage": 17},
			{"appName": "지그재그", "usage": 15},
			{"appName": "에이블리", "usage": 11},
			{"appName": "Polar Beat", "usage": 9},
			{"appName": "Paco", "usage": 8},
			{"appName": "지니 뮤직", "usage": 7},
			{"appName": "Samsung Notes", "usage": 7},
			{"appName": "시계", "usage": 6},
			{"appName": "드라이브", "usage": 6},
			{"appName": "갤러리", "usage": 6},
			{"appName": "Chrome", "usage": 6},
			{"appName": "전화", "usage": 3},
			{"appName": "원터치개인", "usage": 3},
			{"appName": "메시지", "usage": 3},
			{"appName": "캘린더", "usage": 2},
			{"appName": "Netflix", "usage": 2},
			{"appName": "KLMS", "usage": 2},
			{"appName": "카카오뱅크", "usage": 1},
			{"appName": "시스템 UI", "usage": 1},
			{"appName": "브랜디", "usage": 1},
			{"appName": "네이버 지도", "usage": 1},
		]
	},
	{
		"date": 2,
		"totalTime": 324,
		"details": [
			{"appName": "YouTube", "usage": 96},
			{"appName": "카카오톡", "usage": 59},
			{"appName": "Facebook", "usage": 45},
			{"appName": "Samsung Experience 홈", "usage": 21},
			{"appName": "Instagram", "usage": 18},
			{"appName": "네이버 웹툰", "usage": 15},
			{"appName": "Kahoot!", "usage": 10},
			{"appName": "NAVER", "usage": 7},
			{"appName": "Paco", "usage": 6},
			{"appName": "에이블리", "usage": 5},
			{"appName": "캘린더", "usage": 4},
			{"appName": "지니 뮤직", "usage": 3},
			{"appName": "메시지", "usage": 3},
			{"appName": "갤러리", "usage": 2},
			{"appName": "Polar Beat", "usage": 2},
			{"appName": "KAIST Library", "usage": 2},
			{"appName": "Chrome", "usage": 2},
			{"appName": "쿠팡", "usage": 1},
			{"appName": "카카오뱅크", "usage": 1},
			{"appName": "전화", "usage": 1},
			{"appName": "시계", "usage": 1},
			{"appName": "Logger", "usage": 1},
			{"appName": "KLMS", "usage": 1},
		]
	},
	{
		"date": 3,
		"totalTime": 391,
		"details": [
			{"appName": "Facebook", "usage": 103},
			{"appName": "카카오톡", "usage": 98},
			{"appName": "YouTube", "usage": 98},
			{"appName": "Samsung Experience 홈", "usage": 19},
			{"appName": "Instagram", "usage": 17},
			{"appName": "지니 뮤직", "usage": 9},
			{"appName": "Chrome", "usage": 8},
			{"appName": "계산기", "usage": 7},
			{"appName": "Paco", "usage": 6},
			{"appName": "NAVER", "usage": 3},
			{"appName": "전화", "usage": 2},
			{"appName": "KAIST	Portal", "usage": 2},
			{"appName": "캘린더", "usage": 1},
			{"appName": "시계", "usage": 1},
			{"appName": "설정", "usage": 1},
			{"appName": "날씨", "usage": 1},
			{"appName": "Samsung Pay", "usage": 1},
			{"appName": "Polar Beat", "usage": 1},
		]
	},
	{
		"date": 4,
		"totalTime": 541,
		"details": [
			{"appName": "Facebook", "usage": 131},
			{"appName": "카카오톡", "usage": 102},
			{"appName": "Netflix", "usage": 81},
			{"appName": "YouTube", "usage": 62},
			{"appName": "Instagram", "usage": 35},
			{"appName": "네이버 웹툰", "usage": 27},
			{"appName": "Chrome", "usage": 16},
			{"appName": "Samsung Experience 홈", "usage": 15},
			{"appName": "NAVER", "usage": 15},
			{"appName": "한컴오피스 viewer", "usage": 9},
			{"appName": "고속버스 모바일", "usage": 8},
			{"appName": "지니 뮤직", "usage": 5},
			{"appName": "네이버 지도", "usage": 4},
			{"appName": "Paco", "usage": 4},
			{"appName": "Polar Beat", "usage": 3},
			{"appName": "핑크다이어리", "usage": 1},
			{"appName": "캘린더", "usage": 1},
			{"appName": "에어비앤비", "usage": 1},
			{"appName": "시외버스	모바일", "usage": 1},
			{"appName": "시스템 UI", "usage": 1},
			{"appName": "KLMS", "usage": 1},
		]
	},
	{
		"date": 5,
		"totalTime": 485,
		"details": [
			{"appName": "Facebook", "usage": 137},
			{"appName": "카카오톡", "usage": 62},
			{"appName": "YouTube", "usage": 62},
			{"appName": "Instagram", "usage": 47},
			{"appName": "B612", "usage": 37},
			{"appName": "네이버 웹툰", "usage": 27},
			{"appName": "네이버 지도", "usage": 23},
			{"appName": "Samsung Experience 홈", "usage": 18},
			{"appName": "야놀자", "usage": 16},
			{"appName": "갤러리", "usage": 10},
			{"appName": "한컴오피스 viewer", "usage": 9},
			{"appName": "Paco", "usage": 5},
			{"appName": "Foodie", "usage": 5},
			{"appName": "전화", "usage": 3},
			{"appName": "카카오 T", "usage": 2},
			{"appName": "설정", "usage": 2},
			{"appName": "NAVER", "usage": 2},
			{"appName": "토스", "usage": 1},
			{"appName": "카메라", "usage": 1},
			{"appName": "에어비앤비", "usage": 1},
			{"appName": "시스템 UI", "usage": 1},
			{"appName": "고속버스 모바일", "usage": 1},
		]
	},
	{
		"date": 6,
		"totalTime": 842,
		"details": [
			{"appName": "네이버 웹툰", "usage": 567},
			{"appName": "YouTube", "usage": 68},
			{"appName": "Instagram", "usage": 49},
			{"appName": "Facebook", "usage": 41},
			{"appName": "카카오톡", "usage": 34},
			{"appName": "갤러리", "usage": 19},
			{"appName": "Chrome", "usage": 11},
			{"appName": "Samsung Experience 홈", "usage": 9},
			{"appName": "내 파일", "usage": 6},
			{"appName": "B612", "usage": 6},
			{"appName": "네이버 지도", "usage": 5},
			{"appName": "Foodie", "usage": 4},
			{"appName": "Paco", "usage": 3},
			{"appName": "지니 뮤직", "usage": 2},
			{"appName": "원터치알림", "usage": 2},
			{"appName": "NAVER", "usage": 2},
			{"appName": "토스", "usage": 1},
			{"appName": "시계", "usage": 1},
		]
	},
	{
		"date": 7,
		"totalTime": 869,
		"details": [
			{"appName": "네이버 웹툰", "usage": 573},
			{"appName": "YouTube", "usage": 93},
			{"appName": "카카오톡", "usage": 58},
			{"appName": "Chrome", "usage": 34},
			{"appName": "Facebook", "usage": 33},
			{"appName": "Instagram", "usage": 23},
			{"appName": "NAVER", "usage": 19},
			{"appName": "Samsung Experience 홈", "usage": 8},
			{"appName": "Skyscanner", "usage": 5},
			{"appName": "갤러리", "usage": 3},
			{"appName": "MangoPlate", "usage": 3},
			{"appName": "네이버 지도", "usage": 2},
			{"appName": "Polar Beat", "usage": 2},
			{"appName": "연락처", "usage": 1},
			{"appName": "Paco", "usage": 1},
		]
	},
]
