[
	{
		"date": 1,
		"totalTime": 316,
		"details": [
			{"appName": "카카오톡", "usage": 77},
			{"appName": "드라이브", "usage": 60},
			{"appName": "Chrome", "usage": 51},
			{"appName": "카카오페이지", "usage": 23},
			{"appName": "캐시슬라이드 스텝업", "usage": 20},
			{"appName": "Facebook", "usage": 19},
			{"appName": "통화 화면", "usage": 8},
			{"appName": "프레젠테이션", "usage": 6},
			{"appName": "기본홈", "usage": 6},
			{"appName": "Polar Beat", "usage": 6},
			{"appName": "Paco", "usage": 6},
			{"appName": "시스템 UI", "usage": 4},
			{"appName": "카카오 T", "usage": 3},
			{"appName": "아이디어스", "usage": 3},
			{"appName": "메시지", "usage": 3},
			{"appName": "Instagram", "usage": 3},
			{"appName": "알람/시계", "usage": 2},
			{"appName": "주소록", "usage": 1},
			{"appName": "KB스타알림", "usage": 1},
		]
	},
	{
		"date": 2,
		"totalTime": 368,
		"details": [
			{"appName": "Chrome", "usage": 96},
			{"appName": "카카오톡", "usage": 88},
			{"appName": "드라이브", "usage": 35},
			{"appName": "카카오페이지", "usage": 23},
			{"appName": "Instagram", "usage": 22},
			{"appName": "Facebook", "usage": 20},
			{"appName": "캐시슬라이드 스텝업", "usage": 13},
			{"appName": "Polar Beat", "usage": 8},
			{"appName": "통화 화면", "usage": 7},
			{"appName": "기본홈", "usage": 7},
			{"appName": "Kahoot!", "usage": 7},
			{"appName": "KLMS", "usage": 6},
			{"appName": "Google", "usage": 6},
			{"appName": "시스템 UI", "usage": 5},
			{"appName": "Paco", "usage": 4},
			{"appName": "설정", "usage": 2},
			{"appName": "넌얼마나쓰니", "usage": 2},
			{"appName": "알람/시계", "usage": 1},
			{"appName": "밥대생", "usage": 1},
			{"appName": "메시지", "usage": 1},
		]
	},
	{
		"date": 3,
		"totalTime": 166,
		"details": [
			{"appName": "Chrome", "usage": 59},
			{"appName": "카카오톡", "usage": 41},
			{"appName": "Facebook", "usage": 16},
			{"appName": "캐시슬라이드 스텝업", "usage": 10},
			{"appName": "Google", "usage": 6},
			{"appName": "기본홈", "usage": 4},
			{"appName": "카카오페이지", "usage": 3},
			{"appName": "Paco", "usage": 3},
			{"appName": "Instagram", "usage": 3},
			{"appName": "시스템 UI", "usage": 2},
			{"appName": "알람/시계", "usage": 1},
			{"appName": "밥대생", "usage": 1},
			{"appName": "메시지", "usage": 1},
			{"appName": "YouTube", "usage": 1},
			{"appName": "Polar Beat", "usage": 1},
		]
	},
	{
		"date": 4,
		"totalTime": 379,
		"details": [
			{"appName": "Chrome", "usage": 196},
			{"appName": "카카오톡", "usage": 54},
			{"appName": "캐시슬라이드 스텝업", "usage": 19},
			{"appName": "Facebook", "usage": 19},
			{"appName": "Instagram", "usage": 12},
			{"appName": "YouTube", "usage": 11},
			{"appName": "카카오페이지", "usage": 9},
			{"appName": "기본홈", "usage": 8},
			{"appName": "메시지", "usage": 6},
			{"appName": "시스템 UI", "usage": 5},
			{"appName": "파일 관리자", "usage": 4},
			{"appName": "SR 고속열차", "usage": 4},
			{"appName": "Paco", "usage": 3},
			{"appName": "프레젠테이션", "usage": 2},
			{"appName": "통화 화면", "usage": 2},
			{"appName": "알람/시계", "usage": 2},
			{"appName": "Polar Beat", "usage": 2},
			{"appName": "카카오 T", "usage": 1},
			{"appName": "접근성", "usage": 1},
			{"appName": "설정", "usage": 1},
			{"appName": "갤러리", "usage": 1},
			{"appName": "Logger", "usage": 1},
			{"appName": "Dropsync", "usage": 1},
		]
	},
	{
		"date": 5,
		"totalTime": 199,
		"details": [
			{"appName": "Chrome", "usage": 56},
			{"appName": "카카오톡", "usage": 50},
			{"appName": "Facebook", "usage": 21},
			{"appName": "통화 화면", "usage": 20},
			{"appName": "캐시슬라이드 스텝업", "usage": 12},
			{"appName": "에뛰드하우스", "usage": 8},
			{"appName": "Paco", "usage": 4},
			{"appName": "Instagram", "usage": 4},
			{"appName": "시스템 UI", "usage": 3},
			{"appName": "음악", "usage": 2},
			{"appName": "메시지", "usage": 2},
			{"appName": "기본홈", "usage": 2},
			{"appName": "프레젠테이션", "usage": 1},
			{"appName": "갤러리", "usage": 1},
			{"appName": "Polar Beat", "usage": 1},
		]
	},
	{
		"date": 6,
		"totalTime": 202,
		"details": [
			{"appName": "Chrome", "usage": 48},
			{"appName": "카카오톡", "usage": 32},
			{"appName": "YouTube", "usage": 22},
			{"appName": "카카오페이지", "usage": 20},
			{"appName": "Facebook", "usage": 17},
			{"appName": "문서", "usage": 16},
			{"appName": "Instagram", "usage": 6},
			{"appName": "Cut+Mix Studio", "usage": 6},
			{"appName": "캐시슬라이드 스텝업", "usage": 5},
			{"appName": "기본홈", "usage": 4},
			{"appName": "Paco", "usage": 4},
			{"appName": "에뛰드하우스", "usage": 3},
			{"appName": "시스템 UI", "usage": 2},
			{"appName": "메시지", "usage": 2},
			{"appName": "프레젠테이션", "usage": 1},
			{"appName": "통화 화면", "usage": 1},
			{"appName": "레진코믹스", "usage": 1},
		]
	},
	{
		"date": 7,
		"totalTime": 237,
		"details": [
			{"appName": "Chrome", "usage": 85},
			{"appName": "카카오톡", "usage": 69},
			{"appName": "YouTube", "usage": 22},
			{"appName": "Facebook", "usage": 17},
			{"appName": "캐시슬라이드 스텝업", "usage": 9},
			{"appName": "카카오페이지", "usage": 9},
			{"appName": "기본홈", "usage": 4},
			{"appName": "통화 화면", "usage": 2},
			{"appName": "시스템 UI", "usage": 2},
			{"appName": "Paco", "usage": 2},
			{"appName": "Instagram", "usage": 2},
			{"appName": "음악", "usage": 1},
			{"appName": "Slack", "usage": 1},
		]
	},
]
