[
	{
		"date": 1,
		"totalTime": 610,
		"details": [
			{"appName": "메모장", "usage": 224},
			{"appName": "Chrome", "usage": 143},
			{"appName": "카카오톡", "usage": 77},
			{"appName": "디시인사이드", "usage": 70},
			{"appName": "시계", "usage": 20},
			{"appName": "갤러리", "usage": 15},
			{"appName": "Samsung Experience 홈", "usage": 12},
			{"appName": "Polar Beat", "usage": 10},
			{"appName": "Lite", "usage": 10},
			{"appName": "Paco", "usage": 8},
			{"appName": "Discord", "usage": 5},
			{"appName": "설정", "usage": 3},
			{"appName": "FOW.KR", "usage": 2},
			{"appName": "EhViewer", "usage": 1},
		]
	},
	{
		"date": 2,
		"totalTime": 432,
		"details": [
			{"appName": "Chrome", "usage": 117},
			{"appName": "디시인사이드", "usage": 99},
			{"appName": "카카오톡", "usage": 68},
			{"appName": "Lite", "usage": 43},
			{"appName": "Samsung Experience 홈", "usage": 18},
			{"appName": "갤러리", "usage": 17},
			{"appName": "카메라", "usage": 13},
			{"appName": "시계", "usage": 12},
			{"appName": "Discord", "usage": 12},
			{"appName": "삼성 인터넷", "usage": 6},
			{"appName": "Paco", "usage": 6},
			{"appName": "네이버 카페", "usage": 3},
			{"appName": "전화", "usage": 1},
			{"appName": "설정", "usage": 1},
			{"appName": "FOW.KR", "usage": 1},
		]
	},
	{
		"date": 3,
		"totalTime": 560,
		"details": [
			{"appName": "Chrome", "usage": 198},
			{"appName": "디시인사이드", "usage": 125},
			{"appName": "Discord", "usage": 75},
			{"appName": "FOW.KR", "usage": 51},
			{"appName": "카카오톡", "usage": 43},
			{"appName": "시계", "usage": 15},
			{"appName": "Lite", "usage": 15},
			{"appName": "네이버 카페", "usage": 10},
			{"appName": "Samsung Experience 홈", "usage": 6},
			{"appName": "갤러리", "usage": 5},
			{"appName": "Paco", "usage": 3},
			{"appName": "설정", "usage": 2},
			{"appName": "토스", "usage": 1},
			{"appName": "지도", "usage": 1},
			{"appName": "Polar Beat", "usage": 1},
			{"appName": "EhViewer", "usage": 1},
		]
	},
	{
		"date": 4,
		"totalTime": 762,
		"details": [
			{"appName": "Chrome", "usage": 215},
			{"appName": "디시인사이드", "usage": 201},
			{"appName": "Discord", "usage": 103},
			{"appName": "카카오톡", "usage": 87},
			{"appName": "FOW.KR", "usage": 52},
			{"appName": "Lite", "usage": 26},
			{"appName": "시계", "usage": 16},
			{"appName": "Samsung Experience 홈", "usage": 11},
			{"appName": "네이버 사전", "usage": 8},
			{"appName": "인터파크", "usage": 5},
			{"appName": "설정", "usage": 5},
			{"appName": "갤러리", "usage": 5},
			{"appName": "음악 플레이어", "usage": 4},
			{"appName": "원터치알림", "usage": 4},
			{"appName": "Paco", "usage": 2},
			{"appName": "EhViewer", "usage": 2},
			{"appName": "삼성 인터넷", "usage": 1},
			{"appName": "배달요기요", "usage": 1},
			{"appName": "네이버 카페", "usage": 1},
			{"appName": "Polar Beat", "usage": 1},
		]
	},
	{
		"date": 5,
		"totalTime": 749,
		"details": [
			{"appName": "Chrome", "usage": 251},
			{"appName": "카카오톡", "usage": 186},
			{"appName": "디시인사이드", "usage": 122},
			{"appName": "Discord", "usage": 53},
			{"appName": "삼성 인터넷", "usage": 25},
			{"appName": "Lite", "usage": 20},
			{"appName": "FOW.KR", "usage": 19},
			{"appName": "Samsung Experience 홈", "usage": 15},
			{"appName": "Paco", "usage": 14},
			{"appName": "인터파크", "usage": 5},
			{"appName": "EhViewer", "usage": 5},
			{"appName": "음악 플레이어", "usage": 4},
			{"appName": "갤러리", "usage": 4},
			{"appName": "파일", "usage": 3},
			{"appName": "원터치알림", "usage": 3},
			{"appName": "배달요기요", "usage": 2},
			{"appName": "이미지 용량 줄이기", "usage": 1},
			{"appName": "시계", "usage": 1},
			{"appName": "설정", "usage": 1},
			{"appName": "메모장", "usage": 1},
			{"appName": "Google Play 스토어", "usage": 1},
		]
	},
	{
		"date": 6,
		"totalTime": 938,
		"details": [
			{"appName": "카카오톡", "usage": 307},
			{"appName": "Chrome", "usage": 254},
			{"appName": "디시인사이드", "usage": 181},
			{"appName": "Discord", "usage": 48},
			{"appName": "Lite", "usage": 28},
			{"appName": "Samsung Experience 홈", "usage": 21},
			{"appName": "리멤버", "usage": 14},
			{"appName": "시계", "usage": 11},
			{"appName": "FOW.KR", "usage": 11},
			{"appName": "토스", "usage": 10},
			{"appName": "메모장", "usage": 9},
			{"appName": "전화", "usage": 5},
			{"appName": "갤러리", "usage": 5},
			{"appName": "Paco", "usage": 4},
			{"appName": "파일", "usage": 3},
			{"appName": "원터치알림", "usage": 3},
			{"appName": "설정", "usage": 3},
			{"appName": "Polar Beat", "usage": 2},
			{"appName": "카메라", "usage": 1},
			{"appName": "이미지 용량 줄이기", "usage": 1},
			{"appName": "밥대생", "usage": 1},
			{"appName": "KAIST	Portal", "usage": 1},
			{"appName": "Google Play 스토어", "usage": 1},
		]
	},
	{
		"date": 7,
		"totalTime": 615,
		"details": [
			{"appName": "카카오톡", "usage": 185},
			{"appName": "Chrome", "usage": 158},
			{"appName": "디시인사이드", "usage": 138},
			{"appName": "네이버 지도", "usage": 40},
			{"appName": "시계", "usage": 22},
			{"appName": "Samsung Experience 홈", "usage": 15},
			{"appName": "FOW.KR", "usage": 11},
			{"appName": "Discord", "usage": 11},
			{"appName": "Lite", "usage": 8},
			{"appName": "전화", "usage": 5},
			{"appName": "Polar Beat", "usage": 3},
			{"appName": "Paco", "usage": 3},
			{"appName": "밥대생", "usage": 1},
			{"appName": "메시지", "usage": 1},
			{"appName": "메모장", "usage": 1},
			{"appName": "YouTube", "usage": 1},
		]
	},
]
