[
	{
		"date": 1,
		"totalTime": 521,
		"details": [
			{"appName": "YouTube", "usage": 133},
			{"appName": "Facebook", "usage": 89},
			{"appName": "NAVER", "usage": 60},
			{"appName": "카카오톡", "usage": 49},
			{"appName": "삼성 인터넷", "usage": 46},
			{"appName": "캐시워크", "usage": 29},
			{"appName": "AfreecaTV", "usage": 27},
			{"appName": "Samsung Experience 홈", "usage": 25},
			{"appName": "메시지", "usage": 10},
			{"appName": "카카오뱅크", "usage": 9},
			{"appName": "설정", "usage": 8},
			{"appName": "Paco", "usage": 8},
			{"appName": "한국투자	주식", "usage": 5},
			{"appName": "Polar Beat", "usage": 5},
			{"appName": "알바천국", "usage": 3},
			{"appName": "알바몬", "usage": 2},
			{"appName": "코레일톡", "usage": 1},
		]
	},
	{
		"date": 2,
		"totalTime": 500,
		"details": [
			{"appName": "YouTube", "usage": 145},
			{"appName": "카카오톡", "usage": 117},
			{"appName": "Facebook", "usage": 66},
			{"appName": "캐시워크", "usage": 45},
			{"appName": "Samsung Experience 홈", "usage": 20},
			{"appName": "삼성 인터넷", "usage": 18},
			{"appName": "픽테일 - NewYork", "usage": 14},
			{"appName": "옥션", "usage": 14},
			{"appName": "통화", "usage": 8},
			{"appName": "카메라", "usage": 8},
			{"appName": "티몬", "usage": 7},
			{"appName": "Paco", "usage": 6},
			{"appName": "시계", "usage": 5},
			{"appName": "메시지", "usage": 5},
			{"appName": "AfreecaTV", "usage": 4},
			{"appName": "전화", "usage": 2},
			{"appName": "네이버 지도", "usage": 2},
			{"appName": "Google Play 스토어", "usage": 1},
		]
	},
	{
		"date": 3,
		"totalTime": 344,
		"details": [
			{"appName": "캐시워크", "usage": 107},
			{"appName": "삼성 인터넷", "usage": 67},
			{"appName": "YouTube", "usage": 41},
			{"appName": "Facebook", "usage": 40},
			{"appName": "카카오톡", "usage": 35},
			{"appName": "Samsung Experience 홈", "usage": 24},
			{"appName": "통화", "usage": 5},
			{"appName": "시계", "usage": 5},
			{"appName": "Samsung Pay", "usage": 5},
			{"appName": "에브리타임", "usage": 2},
			{"appName": "Paco", "usage": 2},
			{"appName": "전화", "usage": 1},
			{"appName": "갤러리", "usage": 1},
		]
	},
	{
		"date": 4,
		"totalTime": 391,
		"details": [
			{"appName": "삼성 인터넷", "usage": 80},
			{"appName": "카카오톡", "usage": 74},
			{"appName": "YouTube", "usage": 69},
			{"appName": "드라이브", "usage": 57},
			{"appName": "Facebook", "usage": 38},
			{"appName": "캐시워크", "usage": 18},
			{"appName": "Samsung Experience 홈", "usage": 17},
			{"appName": "모바일	티머니", "usage": 10},
			{"appName": "코레일톡", "usage": 5},
			{"appName": "Samsung Pay", "usage": 4},
			{"appName": "YouTube Music", "usage": 3},
			{"appName": "Paco", "usage": 3},
			{"appName": "통화", "usage": 2},
			{"appName": "전화", "usage": 1},
		]
	},
	{
		"date": 5,
		"totalTime": 545,
		"details": [
			{"appName": "카카오톡", "usage": 131},
			{"appName": "삼성 인터넷", "usage": 112},
			{"appName": "Facebook", "usage": 85},
			{"appName": "YouTube", "usage": 59},
			{"appName": "YouTube Music", "usage": 54},
			{"appName": "AfreecaTV", "usage": 31},
			{"appName": "Samsung Experience 홈", "usage": 27},
			{"appName": "모바일	티머니", "usage": 10},
			{"appName": "Samsung Pay", "usage": 7},
			{"appName": "Paco", "usage": 4},
			{"appName": "통화", "usage": 2},
			{"appName": "코레일톡", "usage": 2},
			{"appName": "카메라", "usage": 2},
			{"appName": "실행 프로그램", "usage": 2},
			{"appName": "메시지", "usage": 2},
			{"appName": "원터치개인", "usage": 1},
			{"appName": "설정", "usage": 1},
			{"appName": "Polar Beat", "usage": 1},
		]
	},
	{
		"date": 6,
		"totalTime": 680,
		"details": [
			{"appName": "AfreecaTV", "usage": 272},
			{"appName": "YouTube", "usage": 191},
			{"appName": "Facebook", "usage": 133},
			{"appName": "카카오톡", "usage": 50},
			{"appName": "삼성 인터넷", "usage": 20},
			{"appName": "Samsung Experience 홈", "usage": 6},
			{"appName": "Paco", "usage": 3},
		]
	},
	{
		"date": 7,
		"totalTime": 394,
		"details": [
			{"appName": "YouTube", "usage": 115},
			{"appName": "삼성 인터넷", "usage": 73},
			{"appName": "카카오톡", "usage": 70},
			{"appName": "Facebook", "usage": 61},
			{"appName": "AfreecaTV", "usage": 39},
			{"appName": "Samsung Experience 홈", "usage": 15},
			{"appName": "갤러리", "usage": 5},
			{"appName": "코레일톡", "usage": 4},
			{"appName": "Samsung Pay", "usage": 1},
			{"appName": "Paco", "usage": 1},
			{"appName": "Messenger", "usage": 1},
		]
	},
]
