[
	{
		"date": 1,
		"totalTime": 471,
		"details": [
			{"appName": "Facebook", "usage": 111},
			{"appName": "카카오톡", "usage": 96},
			{"appName": "Samsung Experience 홈", "usage": 42},
			{"appName": "배달의민족", "usage": 26},
			{"appName": "번역", "usage": 23},
			{"appName": "한컴오피스 viewer", "usage": 22},
			{"appName": "YouTube", "usage": 15},
			{"appName": "전화", "usage": 13},
			{"appName": "네이버 웹툰", "usage": 12},
			{"appName": "시계", "usage": 11},
			{"appName": "삼성 인터넷", "usage": 11},
			{"appName": "KLMS", "usage": 9},
			{"appName": "Paco", "usage": 8},
			{"appName": "메시지", "usage": 6},
			{"appName": "Polar Beat", "usage": 6},
			{"appName": "Chrome", "usage": 6},
			{"appName": "카메라", "usage": 4},
			{"appName": "Messenger", "usage": 4},
			{"appName": "Foodie", "usage": 4},
			{"appName": "키작은남자", "usage": 3},
			{"appName": "Excel", "usage": 3},
			{"appName": "위메프", "usage": 2},
			{"appName": "설정", "usage": 2},
			{"appName": "비디오 플레이어", "usage": 2},
			{"appName": "Google", "usage": 2},
			{"appName": "토스", "usage": 1},
			{"appName": "연락처", "usage": 1},
			{"appName": "Samsung Health", "usage": 1},
			{"appName": "People edge", "usage": 1},
			{"appName": "KAIST	Portal", "usage": 1},
		]
	},
	{
		"date": 2,
		"totalTime": 380,
		"details": [
			{"appName": "카카오톡", "usage": 119},
			{"appName": "Facebook", "usage": 62},
			{"appName": "YouTube", "usage": 29},
			{"appName": "Samsung Experience 홈", "usage": 24},
			{"appName": "코레일톡", "usage": 19},
			{"appName": "Samsung Notes", "usage": 18},
			{"appName": "Chrome", "usage": 10},
			{"appName": "메시지", "usage": 7},
			{"appName": "NAVER", "usage": 7},
			{"appName": "한컴오피스 viewer", "usage": 6},
			{"appName": "알바몬", "usage": 6},
			{"appName": "시계", "usage": 6},
			{"appName": "네이버 웹툰", "usage": 6},
			{"appName": "Messenger", "usage": 6},
			{"appName": "전화", "usage": 5},
			{"appName": "카메라", "usage": 4},
			{"appName": "삼성 인터넷", "usage": 4},
			{"appName": "Foodie", "usage": 4},
			{"appName": "gStrings", "usage": 3},
			{"appName": "Paco", "usage": 3},
			{"appName": "Google", "usage": 3},
			{"appName": "토스", "usage": 2},
			{"appName": "알파카", "usage": 2},
			{"appName": "비디오 플레이어", "usage": 2},
			{"appName": "연락처", "usage": 1},
			{"appName": "설정", "usage": 1},
			{"appName": "뱅크샐러드", "usage": 1},
			{"appName": "SNOW", "usage": 1},
			{"appName": "People edge", "usage": 1},
		]
	},
	{
		"date": 3,
		"totalTime": 585,
		"details": [
			{"appName": "Facebook", "usage": 157},
			{"appName": "카카오톡", "usage": 97},
			{"appName": "Puffin", "usage": 79},
			{"appName": "Samsung Experience 홈", "usage": 41},
			{"appName": "배달의민족", "usage": 29},
			{"appName": "코레일톡", "usage": 23},
			{"appName": "네이버 웹툰", "usage": 22},
			{"appName": "삼성 인터넷", "usage": 21},
			{"appName": "YouTube", "usage": 14},
			{"appName": "메시지", "usage": 10},
			{"appName": "전화", "usage": 9},
			{"appName": "Messenger", "usage": 9},
			{"appName": "번역", "usage": 8},
			{"appName": "Paco", "usage": 7},
			{"appName": "알바몬", "usage": 6},
			{"appName": "갤러리", "usage": 6},
			{"appName": "토스", "usage": 5},
			{"appName": "", "usage": 4},
			{"appName": "NAVER", "usage": 3},
			{"appName": "카메라", "usage": 2},
			{"appName": "네이버 지도", "usage": 2},
			{"appName": "KLMS", "usage": 2},
			{"appName": "Google Play 스토어", "usage": 2},
			{"appName": "시계", "usage": 1},
			{"appName": "내 파일", "usage": 1},
			{"appName": "Samsung Notes", "usage": 1},
			{"appName": "SNOW", "usage": 1},
			{"appName": "Polar Beat", "usage": 1},
			{"appName": "Google", "usage": 1},
			{"appName": "Chrome", "usage": 1},
		]
	},
	{
		"date": 4,
		"totalTime": 623,
		"details": [
			{"appName": "Facebook", "usage": 247},
			{"appName": "카카오톡", "usage": 107},
			{"appName": "Samsung Experience 홈", "usage": 60},
			{"appName": "YouTube", "usage": 32},
			{"appName": "배달의민족", "usage": 29},
			{"appName": "네이버 웹툰", "usage": 24},
			{"appName": "전화", "usage": 14},
			{"appName": "메시지", "usage": 14},
			{"appName": "Polar Beat", "usage": 13},
			{"appName": "시계", "usage": 11},
			{"appName": "번역", "usage": 8},
			{"appName": "코레일톡", "usage": 7},
			{"appName": "NAVER", "usage": 6},
			{"appName": "네이버 지도", "usage": 5},
			{"appName": "모바일	티머니", "usage": 4},
			{"appName": "갤러리", "usage": 4},
			{"appName": "Samsung Pay", "usage": 4},
			{"appName": "Paco", "usage": 4},
			{"appName": "삼성 인터넷", "usage": 3},
			{"appName": "Messenger", "usage": 3},
			{"appName": "한컴오피스 viewer", "usage": 2},
			{"appName": "카메라", "usage": 1},
			{"appName": "설정", "usage": 1},
			{"appName": "Google", "usage": 1},
			{"appName": "Galaxy Themes", "usage": 1},
			{"appName": "Chrome", "usage": 1},
		]
	},
	{
		"date": 5,
		"totalTime": 272,
		"details": [
			{"appName": "Facebook", "usage": 102},
			{"appName": "카카오톡", "usage": 54},
			{"appName": "YouTube", "usage": 42},
			{"appName": "Samsung Experience 홈", "usage": 32},
			{"appName": "전화", "usage": 5},
			{"appName": "NAVER", "usage": 5},
			{"appName": "코레일톡", "usage": 3},
			{"appName": "메시지", "usage": 3},
			{"appName": "Paco", "usage": 3},
			{"appName": "Chrome", "usage": 3},
			{"appName": "삼성 인터넷", "usage": 2},
			{"appName": "KLMS", "usage": 2},
			{"appName": "Polar Beat", "usage": 1},
			{"appName": "Messenger", "usage": 1},
			{"appName": "Google Play 스토어", "usage": 1},
			{"appName": "Google", "usage": 1},
		]
	},
	{
		"date": 6,
		"totalTime": 270,
		"details": [
			{"appName": "카카오톡", "usage": 75},
			{"appName": "Facebook", "usage": 62},
			{"appName": "Polar Beat", "usage": 16},
			{"appName": "네이버 웹툰", "usage": 13},
			{"appName": "Samsung Experience 홈", "usage": 13},
			{"appName": "쿠팡", "usage": 9},
			{"appName": "NAVER", "usage": 8},
			{"appName": "YouTube", "usage": 7},
			{"appName": "배달의민족", "usage": 5},
			{"appName": "네이버 지도", "usage": 5},
			{"appName": "토스", "usage": 4},
			{"appName": "전화", "usage": 4},
			{"appName": "Chrome", "usage": 4},
			{"appName": "코레일톡", "usage": 3},
			{"appName": "카카오 T", "usage": 3},
			{"appName": "삼성 인터넷", "usage": 3},
			{"appName": "Paco", "usage": 3},
			{"appName": "Messenger", "usage": 3},
			{"appName": "Google", "usage": 3},
			{"appName": "뱅크샐러드", "usage": 2},
			{"appName": "KLMS", "usage": 2},
			{"appName": "위메프", "usage": 1},
			{"appName": "Microsoft Health", "usage": 1},
			{"appName": "KT 멤버십", "usage": 1},
			{"appName": "KAIST	Portal", "usage": 1},
		]
	},
	{
		"date": 7,
		"totalTime": 379,
		"details": [
			{"appName": "Facebook", "usage": 105},
			{"appName": "카카오톡", "usage": 78},
			{"appName": "왓챠플레이", "usage": 65},
			{"appName": "Samsung Experience 홈", "usage": 25},
			{"appName": "Polar Beat", "usage": 17},
			{"appName": "NAVER", "usage": 12},
			{"appName": "쿠팡", "usage": 9},
			{"appName": "Zenly", "usage": 9},
			{"appName": "전화", "usage": 7},
			{"appName": "코레일톡", "usage": 6},
			{"appName": "삼성 인터넷", "usage": 6},
			{"appName": "Messenger", "usage": 5},
			{"appName": "갤러리", "usage": 4},
			{"appName": "네이버 지도", "usage": 3},
			{"appName": "뱅크샐러드", "usage": 2},
			{"appName": "Paco", "usage": 2},
			{"appName": "토스", "usage": 1},
			{"appName": "콴다 선생님", "usage": 1},
			{"appName": "위메프", "usage": 1},
			{"appName": "시계", "usage": 1},
			{"appName": "메시지", "usage": 1},
			{"appName": "KLMS", "usage": 1},
			{"appName": "KAIST	Portal", "usage": 1},
		]
	},
]
