[
	{
		"date": 1,
		"totalTime": 190,
		"details": [
			{"appName": "Microsoft Band", "usage": 22},
			{"appName": "MX 플레이어", "usage": 21},
			{"appName": "기본홈", "usage": 19},
			{"appName": "Chrome", "usage": 19},
			{"appName": "네이버 카페", "usage": 18},
			{"appName": "삼성 인터넷", "usage": 12},
			{"appName": "Paco", "usage": 11},
			{"appName": "Facebook", "usage": 10},
			{"appName": "Polar Beat", "usage": 8},
			{"appName": "프레젠테이션", "usage": 5},
			{"appName": "설정", "usage": 4},
			{"appName": "Google Play 스토어", "usage": 4},
			{"appName": "메시지", "usage": 3},
			{"appName": "호갱노노", "usage": 2},
			{"appName": "카카오톡", "usage": 2},
			{"appName": "접근성", "usage": 2},
			{"appName": "Logger", "usage": 2},
			{"appName": "Google", "usage": 2},
			{"appName": "Dropsync", "usage": 2},
			{"appName": "패키지 설치 프로그램", "usage": 1},
			{"appName": "통화 화면", "usage": 1},
			{"appName": "Google Play 서비스", "usage": 1},
			{"appName": "Gmail", "usage": 1},
			{"appName": "Bluetooth", "usage": 1},
			{"appName": "ABC Logger", "usage": 1},
		]
	},
	{
		"date": 2,
		"totalTime": 202,
		"details": [
			{"appName": "Chrome", "usage": 39},
			{"appName": "네이버 카페", "usage": 25},
			{"appName": "MX 플레이어", "usage": 21},
			{"appName": "기본홈", "usage": 18},
			{"appName": "삼성 인터넷", "usage": 15},
			{"appName": "", "usage": 15},
			{"appName": "Facebook", "usage": 12},
			{"appName": "당근마켓", "usage": 11},
			{"appName": "음악", "usage": 6},
			{"appName": "Paco", "usage": 6},
			{"appName": "Polar Beat", "usage": 4},
			{"appName": "호갱노노", "usage": 3},
			{"appName": "Google", "usage": 3},
			{"appName": "Gmail", "usage": 2},
			{"appName": "Bluetooth", "usage": 2},
			{"appName": "포토", "usage": 1},
			{"appName": "통화 화면", "usage": 1},
			{"appName": "카메라", "usage": 1},
			{"appName": "BAND", "usage": 1},
		]
	},
	{
		"date": 3,
		"totalTime": 189,
		"details": [
			{"appName": "Chrome", "usage": 39},
			{"appName": "MX 플레이어", "usage": 29},
			{"appName": "네이버 카페", "usage": 17},
			{"appName": "기본홈", "usage": 16},
			{"appName": "Gmail", "usage": 13},
			{"appName": "삼성 인터넷", "usage": 11},
			{"appName": "당근마켓", "usage": 11},
			{"appName": "카카오톡", "usage": 8},
			{"appName": "Facebook", "usage": 6},
			{"appName": "메시지", "usage": 4},
			{"appName": "X-plore", "usage": 4},
			{"appName": "주소록", "usage": 3},
			{"appName": "Paco", "usage": 3},
			{"appName": "Google", "usage": 3},
			{"appName": "호갱노노", "usage": 2},
			{"appName": "포토", "usage": 2},
			{"appName": "통화 화면", "usage": 2},
			{"appName": "카카오뱅크", "usage": 1},
			{"appName": "Polar Beat", "usage": 1},
		]
	},
	{
		"date": 4,
		"totalTime": 342,
		"details": [
			{"appName": "MX 플레이어", "usage": 129},
			{"appName": "기본홈", "usage": 30},
			{"appName": "Chrome", "usage": 27},
			{"appName": "네이버 카페", "usage": 20},
			{"appName": "T map", "usage": 20},
			{"appName": "Gmail", "usage": 17},
			{"appName": "카카오톡", "usage": 14},
			{"appName": "X-plore", "usage": 13},
			{"appName": "통화 화면", "usage": 12},
			{"appName": "메시지", "usage": 9},
			{"appName": "Paco", "usage": 6},
			{"appName": "삼성 인터넷", "usage": 4},
			{"appName": "당근마켓", "usage": 4},
			{"appName": "BAND", "usage": 4},
			{"appName": "카카오뱅크", "usage": 3},
			{"appName": "주소록", "usage": 3},
			{"appName": "Google", "usage": 3},
			{"appName": "Facebook", "usage": 3},
			{"appName": "호갱노노", "usage": 2},
			{"appName": "Word", "usage": 2},
			{"appName": "Excel", "usage": 1},
		]
	},
	{
		"date": 5,
		"totalTime": 310,
		"details": [
			{"appName": "MX 플레이어", "usage": 129},
			{"appName": "Chrome", "usage": 46},
			{"appName": "T map", "usage": 20},
			{"appName": "네이버 카페", "usage": 14},
			{"appName": "기본홈", "usage": 14},
			{"appName": "Facebook", "usage": 14},
			{"appName": "통화 화면", "usage": 13},
			{"appName": "X-plore", "usage": 13},
			{"appName": "Paco", "usage": 5},
			{"appName": "호갱노노", "usage": 4},
			{"appName": "카카오톡", "usage": 4},
			{"appName": "Gmail", "usage": 4},
			{"appName": "BAND", "usage": 4},
			{"appName": "카메라", "usage": 3},
			{"appName": "Google", "usage": 3},
			{"appName": "주소록", "usage": 2},
			{"appName": "Mi Home", "usage": 2},
			{"appName": "포토", "usage": 1},
			{"appName": "네이버 지도", "usage": 1},
			{"appName": "Polar Beat", "usage": 1},
		]
	},
	{
		"date": 6,
		"totalTime": 166,
		"details": [
			{"appName": "Chrome", "usage": 51},
			{"appName": "네이버 카페", "usage": 19},
			{"appName": "Facebook", "usage": 14},
			{"appName": "기본홈", "usage": 12},
			{"appName": "MX 플레이어", "usage": 11},
			{"appName": "", "usage": 10},
			{"appName": "삼성 인터넷", "usage": 5},
			{"appName": "Paco", "usage": 5},
			{"appName": "포토", "usage": 4},
			{"appName": "통화 화면", "usage": 4},
			{"appName": "Mi Home", "usage": 3},
			{"appName": "Google", "usage": 3},
			{"appName": "카카오스토리", "usage": 2},
			{"appName": "카메라", "usage": 2},
			{"appName": "당근마켓", "usage": 2},
			{"appName": "YouTube", "usage": 2},
			{"appName": "호갱노노", "usage": 1},
			{"appName": "주소록", "usage": 1},
			{"appName": "네이버 지도", "usage": 1},
			{"appName": "Polar Beat", "usage": 1},
			{"appName": "Gmail", "usage": 1},
		]
	},
	{
		"date": 7,
		"totalTime": 200,
		"details": [
			{"appName": "Chrome", "usage": 75},
			{"appName": "MX 플레이어", "usage": 24},
			{"appName": "네이버 카페", "usage": 22},
			{"appName": "Facebook", "usage": 17},
			{"appName": "YouTube", "usage": 12},
			{"appName": "기본홈", "usage": 8},
			{"appName": "메시지", "usage": 7},
			{"appName": "삼성 인터넷", "usage": 4},
			{"appName": "당근마켓", "usage": 4},
			{"appName": "Google", "usage": 4},
			{"appName": "Paco", "usage": 3},
			{"appName": "포토", "usage": 2},
			{"appName": "카카오뱅크", "usage": 2},
			{"appName": "Smart Tools", "usage": 1},
			{"appName": "Mi Home", "usage": 1},
			{"appName": "Gmail", "usage": 1},
		]
	},
]
