[
	{
		"date": 1,
		"totalTime": 429,
		"details": [
			{"appName": "카카오톡", "usage": 183},
			{"appName": "Chrome", "usage": 40},
			{"appName": "Pokémon GO", "usage": 32},
			{"appName": "NAVER", "usage": 32},
			{"appName": "Microsoft Band", "usage": 21},
			{"appName": "Polar Beat", "usage": 16},
			{"appName": "서머너즈 워", "usage": 15},
			{"appName": "VIBE", "usage": 11},
			{"appName": "기본홈", "usage": 10},
			{"appName": "Paco", "usage": 9},
			{"appName": "슬립 베터", "usage": 8},
			{"appName": "Facebook", "usage": 8},
			{"appName": "메시지", "usage": 6},
			{"appName": "통화 화면", "usage": 5},
			{"appName": "프레젠테이션", "usage": 3},
			{"appName": "29CM", "usage": 3},
			{"appName": "코레일톡", "usage": 2},
			{"appName": "설정", "usage": 2},
			{"appName": "Bluetooth", "usage": 2},
			{"appName": "카메라", "usage": 1},
			{"appName": "접근성", "usage": 1},
			{"appName": "시스템 UI", "usage": 1},
			{"appName": "갤러리", "usage": 1},
			{"appName": "SmartWorld", "usage": 1},
			{"appName": "SR 고속열차", "usage": 1},
			{"appName": "Logger", "usage": 1},
			{"appName": "Google Play 스토어", "usage": 1},
			{"appName": "Dropsync", "usage": 1},
		]
	},
	{
		"date": 2,
		"totalTime": 386,
		"details": [
			{"appName": "카카오톡", "usage": 240},
			{"appName": "NAVER", "usage": 33},
			{"appName": "Chrome", "usage": 15},
			{"appName": "기본홈", "usage": 12},
			{"appName": "VIBE", "usage": 11},
			{"appName": "Paco", "usage": 11},
			{"appName": "Facebook", "usage": 8},
			{"appName": "Polar Beat", "usage": 7},
			{"appName": "메시지", "usage": 6},
			{"appName": "통화 화면", "usage": 5},
			{"appName": "Pokémon GO", "usage": 5},
			{"appName": "슬립 베터", "usage": 4},
			{"appName": "코레일톡", "usage": 2},
			{"appName": "서머너즈 워", "usage": 2},
			{"appName": "계산기", "usage": 2},
			{"appName": "카카오뱅크", "usage": 1},
			{"appName": "카메라", "usage": 1},
			{"appName": "원터치개인", "usage": 1},
			{"appName": "갤러리", "usage": 1},
			{"appName": "SmartWorld", "usage": 1},
			{"appName": "SR 고속열차", "usage": 1},
			{"appName": "Logger", "usage": 1},
			{"appName": "Bluetooth", "usage": 1},
		]
	},
	{
		"date": 3,
		"totalTime": 405,
		"details": [
			{"appName": "카카오톡", "usage": 160},
			{"appName": "NAVER", "usage": 74},
			{"appName": "YouTube", "usage": 57},
			{"appName": "Facebook", "usage": 31},
			{"appName": "Chrome", "usage": 26},
			{"appName": "Pokémon GO", "usage": 8},
			{"appName": "기본홈", "usage": 7},
			{"appName": "Paco", "usage": 6},
			{"appName": "슬립 베터", "usage": 4},
			{"appName": "메시지", "usage": 4},
			{"appName": "서머너즈 워", "usage": 2},
			{"appName": "계산기", "usage": 2},
			{"appName": "VIBE", "usage": 2},
			{"appName": "통화 화면", "usage": 1},
			{"appName": "카카오뱅크", "usage": 1},
			{"appName": "카카오맵", "usage": 1},
			{"appName": "원터치개인", "usage": 1},
			{"appName": "Polar Beat", "usage": 1},
		]
	},
	{
		"date": 4,
		"totalTime": 446,
		"details": [
			{"appName": "카카오톡", "usage": 150},
			{"appName": "NAVER", "usage": 78},
			{"appName": "Chrome", "usage": 74},
			{"appName": "YouTube", "usage": 57},
			{"appName": "Facebook", "usage": 31},
			{"appName": "Pokémon GO", "usage": 11},
			{"appName": "기본홈", "usage": 8},
			{"appName": "알송", "usage": 4},
			{"appName": "메시지", "usage": 4},
			{"appName": "VIBE", "usage": 4},
			{"appName": "Paco", "usage": 3},
			{"appName": "카메라", "usage": 2},
			{"appName": "슬립 베터", "usage": 2},
			{"appName": "카카오맵", "usage": 1},
			{"appName": "Wi-Fi", "usage": 1},
		]
	},
	{
		"date": 5,
		"totalTime": 508,
		"details": [
			{"appName": "카카오톡", "usage": 169},
			{"appName": "Chrome", "usage": 150},
			{"appName": "Pokémon GO", "usage": 52},
			{"appName": "NAVER", "usage": 46},
			{"appName": "YouTube", "usage": 33},
			{"appName": "기본홈", "usage": 6},
			{"appName": "Facebook", "usage": 6},
			{"appName": "슬립 베터", "usage": 5},
			{"appName": "카메라", "usage": 4},
			{"appName": "VIBE", "usage": 4},
			{"appName": "Paco", "usage": 4},
			{"appName": "Sound+", "usage": 3},
			{"appName": "Bluetooth", "usage": 3},
			{"appName": "카카오맵", "usage": 2},
			{"appName": "통화 화면", "usage": 1},
			{"appName": "접근성", "usage": 1},
			{"appName": "알송", "usage": 1},
			{"appName": "Wi-Fi", "usage": 1},
		]
	},
	{
		"date": 6,
		"totalTime": 564,
		"details": [
			{"appName": "Chrome", "usage": 198},
			{"appName": "카카오톡", "usage": 158},
			{"appName": "NAVER", "usage": 74},
			{"appName": "Pokémon GO", "usage": 52},
			{"appName": "YouTube", "usage": 17},
			{"appName": "통화 화면", "usage": 9},
			{"appName": "기본홈", "usage": 6},
			{"appName": "Facebook", "usage": 6},
			{"appName": "서머너즈 워", "usage": 5},
			{"appName": "카메라", "usage": 4},
			{"appName": "슬립 베터", "usage": 4},
			{"appName": "Paco", "usage": 4},
			{"appName": "알람/시계", "usage": 3},
			{"appName": "Sound+", "usage": 3},
			{"appName": "Bluetooth", "usage": 3},
			{"appName": "카카오맵", "usage": 2},
			{"appName": "접근성", "usage": 1},
			{"appName": "시스템 UI", "usage": 1},
			{"appName": "Skyscanner", "usage": 1},
		]
	},
	{
		"date": 7,
		"totalTime": 429,
		"details": [
			{"appName": "카카오톡", "usage": 231},
			{"appName": "NAVER", "usage": 74},
			{"appName": "Chrome", "usage": 40},
			{"appName": "YouTube", "usage": 17},
			{"appName": "Pokémon GO", "usage": 11},
			{"appName": "통화 화면", "usage": 9},
			{"appName": "프렌즈타워", "usage": 6},
			{"appName": "기본홈", "usage": 6},
			{"appName": "서머너즈 워", "usage": 5},
			{"appName": "슬립 베터", "usage": 4},
			{"appName": "Paco", "usage": 4},
			{"appName": "알람/시계", "usage": 3},
			{"appName": "Facebook", "usage": 3},
			{"appName": "카메라", "usage": 1},
			{"appName": "지도", "usage": 1},
			{"appName": "Skyscanner", "usage": 1},
		]
	},
]
