[
	{
		"date": 1,
		"totalTime": 191,
		"details": [
			{"appName": "YouTube", "usage": 60},
			{"appName": "카카오톡", "usage": 22},
			{"appName": "Facebook", "usage": 20},
			{"appName": "Samsung Experience 홈", "usage": 16},
			{"appName": "메시지", "usage": 12},
			{"appName": "Instagram", "usage": 11},
			{"appName": "Paco", "usage": 9},
			{"appName": "설정", "usage": 5},
			{"appName": "네이버 웹툰", "usage": 5},
			{"appName": "시계", "usage": 4},
			{"appName": "올원뱅크", "usage": 3},
			{"appName": "한컴오피스 viewer", "usage": 2},
			{"appName": "Polar Beat", "usage": 2},
			{"appName": "KLMS", "usage": 2},
			{"appName": "CLASSUM", "usage": 2},
			{"appName": "프레젠테이션", "usage": 1},
			{"appName": "통화", "usage": 1},
			{"appName": "삼성 인터넷", "usage": 1},
		]
	},
	{
		"date": 2,
		"totalTime": 370,
		"details": [
			{"appName": "YouTube", "usage": 93},
			{"appName": "타이젬 바둑", "usage": 79},
			{"appName": "클래시 로얄", "usage": 53},
			{"appName": "카카오톡", "usage": 28},
			{"appName": "통화", "usage": 20},
			{"appName": "Facebook", "usage": 18},
			{"appName": "Samsung Experience 홈", "usage": 17},
			{"appName": "KLMS", "usage": 9},
			{"appName": "한컴오피스 viewer", "usage": 8},
			{"appName": "메시지", "usage": 8},
			{"appName": "Instagram", "usage": 6},
			{"appName": "삼성 인터넷", "usage": 5},
			{"appName": "Paco", "usage": 4},
			{"appName": "올원뱅크", "usage": 1},
			{"appName": "다음웹툰", "usage": 1},
			{"appName": "네이버 웹툰", "usage": 1},
			{"appName": "갤러리", "usage": 1},
			{"appName": "Polar Beat", "usage": 1},
			{"appName": "Microsoft Health", "usage": 1},
			{"appName": "CLASSUM", "usage": 1},
		]
	},
	{
		"date": 3,
		"totalTime": 213,
		"details": [
			{"appName": "타이젬 바둑", "usage": 79},
			{"appName": "카카오톡", "usage": 42},
			{"appName": "YouTube", "usage": 31},
			{"appName": "Facebook", "usage": 15},
			{"appName": "Samsung Experience 홈", "usage": 14},
			{"appName": "Instagram", "usage": 5},
			{"appName": "Paco", "usage": 4},
			{"appName": "통화", "usage": 3},
			{"appName": "캘린더", "usage": 3},
			{"appName": "삼성 인터넷", "usage": 3},
			{"appName": "네이버 웹툰", "usage": 2},
			{"appName": "시계", "usage": 1},
			{"appName": "다음웹툰", "usage": 1},
			{"appName": "KLMS", "usage": 1},
		]
	},
	{
		"date": 4,
		"totalTime": 242,
		"details": [
			{"appName": "카카오톡", "usage": 47},
			{"appName": "타이젬 바둑", "usage": 43},
			{"appName": "Facebook", "usage": 22},
			{"appName": "Samsung Experience 홈", "usage": 17},
			{"appName": "네이버 지도", "usage": 14},
			{"appName": "Instagram", "usage": 12},
			{"appName": "빅스비 보이스", "usage": 10},
			{"appName": "YouTube", "usage": 9},
			{"appName": "캘린더", "usage": 8},
			{"appName": "메시지", "usage": 8},
			{"appName": "삼성 인터넷", "usage": 5},
			{"appName": "올원뱅크", "usage": 4},
			{"appName": "네이버 웹툰", "usage": 4},
			{"appName": "Paco", "usage": 4},
			{"appName": "T world", "usage": 3},
			{"appName": "Polar Beat", "usage": 3},
			{"appName": "카카오 T", "usage": 2},
			{"appName": "리브", "usage": 2},
			{"appName": "B612", "usage": 2},
			{"appName": "한컴오피스 viewer", "usage": 1},
			{"appName": "통화", "usage": 1},
			{"appName": "시계", "usage": 1},
			{"appName": "설정", "usage": 1},
			{"appName": "다음웹툰", "usage": 1},
			{"appName": "갤러리", "usage": 1},
			{"appName": "Logger", "usage": 1},
		]
	},
	{
		"date": 5,
		"totalTime": 284,
		"details": [
			{"appName": "삼성 인터넷", "usage": 66},
			{"appName": "YouTube", "usage": 60},
			{"appName": "클래시 로얄", "usage": 29},
			{"appName": "Facebook", "usage": 26},
			{"appName": "카카오톡", "usage": 24},
			{"appName": "Samsung Experience 홈", "usage": 13},
			{"appName": "Instagram", "usage": 11},
			{"appName": "메시지", "usage": 10},
			{"appName": "네이버 웹툰", "usage": 8},
			{"appName": "Polar Beat", "usage": 7},
			{"appName": "시계", "usage": 6},
			{"appName": "Paco", "usage": 4},
			{"appName": "올원뱅크", "usage": 3},
			{"appName": "통화", "usage": 2},
			{"appName": "카카오 T", "usage": 2},
			{"appName": "CLASSUM", "usage": 2},
		]
	},
	{
		"date": 6,
		"totalTime": 203,
		"details": [
			{"appName": "YouTube", "usage": 42},
			{"appName": "카카오톡", "usage": 41},
			{"appName": "Facebook", "usage": 30},
			{"appName": "Samsung Experience 홈", "usage": 16},
			{"appName": "삼성 인터넷", "usage": 8},
			{"appName": "Instagram", "usage": 8},
			{"appName": "Dropsync", "usage": 7},
			{"appName": "시계", "usage": 6},
			{"appName": "설정", "usage": 6},
			{"appName": "통화", "usage": 5},
			{"appName": "전화", "usage": 5},
			{"appName": "네이버 지도", "usage": 5},
			{"appName": "Paco", "usage": 4},
			{"appName": "카카오버스", "usage": 2},
			{"appName": "올원뱅크", "usage": 2},
			{"appName": "메시지", "usage": 2},
			{"appName": "Polar Beat", "usage": 2},
			{"appName": "시외버스	모바일", "usage": 1},
			{"appName": "빅스비 보이스", "usage": 1},
			{"appName": "KLMS", "usage": 1},
		]
	},
	{
		"date": 7,
		"totalTime": 164,
		"details": [
			{"appName": "카카오톡", "usage": 43},
			{"appName": "Facebook", "usage": 21},
			{"appName": "클래시 로얄", "usage": 18},
			{"appName": "Samsung Experience 홈", "usage": 16},
			{"appName": "YouTube", "usage": 11},
			{"appName": "삼성 인터넷", "usage": 9},
			{"appName": "설정", "usage": 7},
			{"appName": "통화", "usage": 5},
			{"appName": "전화", "usage": 5},
			{"appName": "Instagram", "usage": 5},
			{"appName": "올원뱅크", "usage": 3},
			{"appName": "Paco", "usage": 3},
			{"appName": "시외버스	모바일", "usage": 2},
			{"appName": "비디오 플레이어", "usage": 2},
			{"appName": "네이버 웹툰", "usage": 2},
		]
	},
]
