[
	{
		"date": 1,
		"totalTime": 286,
		"details": [
			{"appName": "카카오톡", "usage": 112},
			{"appName": "Facebook", "usage": 68},
			{"appName": "기본홈", "usage": 19},
			{"appName": "문서", "usage": 17},
			{"appName": "캐시워크", "usage": 12},
			{"appName": "Chrome", "usage": 10},
			{"appName": "Paco", "usage": 6},
			{"appName": "Puffin", "usage": 5},
			{"appName": "프레젠테이션", "usage": 4},
			{"appName": "설정", "usage": 4},
			{"appName": "Polar Beat", "usage": 4},
			{"appName": "Instagram", "usage": 4},
			{"appName": "Gmail", "usage": 4},
			{"appName": "캘린더", "usage": 2},
			{"appName": "KAIST	Portal", "usage": 1},
		]
	},
	{
		"date": 2,
		"totalTime": 174,
		"details": [
			{"appName": "카카오톡", "usage": 57},
			{"appName": "Facebook", "usage": 46},
			{"appName": "문서", "usage": 17},
			{"appName": "캐시워크", "usage": 12},
			{"appName": "Pokémon GO", "usage": 10},
			{"appName": "기본홈", "usage": 7},
			{"appName": "과학적인 계산기", "usage": 6},
			{"appName": "Paco", "usage": 2},
			{"appName": "Chrome", "usage": 2},
			{"appName": "T전화", "usage": 1},
			{"appName": "Polar Beat", "usage": 1},
			{"appName": "Gmail", "usage": 1},
			{"appName": "ABC Logger", "usage": 1},
		]
	},
	{
		"date": 3,
		"totalTime": 110,
		"details": [
			{"appName": "카카오톡", "usage": 40},
			{"appName": "Facebook", "usage": 11},
			{"appName": "고음질 녹음", "usage": 10},
			{"appName": "캐시워크", "usage": 9},
			{"appName": "기본홈", "usage": 8},
			{"appName": "T전화", "usage": 5},
			{"appName": "파일 관리자", "usage": 3},
			{"appName": "Paco", "usage": 3},
			{"appName": "접근성", "usage": 2},
			{"appName": "설정", "usage": 2},
			{"appName": "Chrome", "usage": 2},
			{"appName": "캘린더", "usage": 1},
			{"appName": "메시지", "usage": 1},
		]
	},
	{
		"date": 4,
		"totalTime": 221,
		"details": [
			{"appName": "카카오톡", "usage": 97},
			{"appName": "드라이브", "usage": 25},
			{"appName": "Facebook", "usage": 22},
			{"appName": "캐시워크", "usage": 13},
			{"appName": "기본홈", "usage": 12},
			{"appName": "고음질 녹음", "usage": 10},
			{"appName": "T전화", "usage": 6},
			{"appName": "Polar Beat", "usage": 5},
			{"appName": "Paco", "usage": 5},
			{"appName": "파일 관리자", "usage": 4},
			{"appName": "Chrome", "usage": 4},
			{"appName": "메시지", "usage": 2},
			{"appName": "캘린더", "usage": 1},
			{"appName": "접근성", "usage": 1},
			{"appName": "Puffin", "usage": 1},
			{"appName": "Logger", "usage": 1},
		]
	},
	{
		"date": 5,
		"totalTime": 520,
		"details": [
			{"appName": "Facebook", "usage": 461},
			{"appName": "카카오톡", "usage": 33},
			{"appName": "캐시워크", "usage": 9},
			{"appName": "기본홈", "usage": 3},
			{"appName": "Paco", "usage": 3},
			{"appName": "Polar Beat", "usage": 2},
			{"appName": "쿠팡", "usage": 1},
			{"appName": "접근성", "usage": 1},
			{"appName": "Chrome", "usage": 1},
		]
	},
	{
		"date": 6,
		"totalTime": 681,
		"details": [
			{"appName": "Facebook", "usage": 553},
			{"appName": "카카오톡", "usage": 84},
			{"appName": "캐시워크", "usage": 14},
			{"appName": "Chrome", "usage": 12},
			{"appName": "Paco", "usage": 4},
			{"appName": "기본홈", "usage": 3},
			{"appName": "Polar Beat", "usage": 2},
			{"appName": "쿠팡", "usage": 1},
			{"appName": "카메라", "usage": 1},
		]
	},
	{
		"date": 7,
		"totalTime": 270,
		"details": [
			{"appName": "Facebook", "usage": 106},
			{"appName": "카카오톡", "usage": 97},
			{"appName": "캐시워크", "usage": 16},
			{"appName": "Chrome", "usage": 12},
			{"appName": "T전화", "usage": 10},
			{"appName": "기본홈", "usage": 7},
			{"appName": "Paco", "usage": 5},
			{"appName": "YouTube", "usage": 3},
			{"appName": "카메라", "usage": 1},
			{"appName": "접근성", "usage": 1},
			{"appName": "문서", "usage": 1},
			{"appName": "Polar Beat", "usage": 1},
		]
	},
]
