[
	{
		"date": 1,
		"totalTime": 258,
		"details": [
			{"appName": "Metal Madness", "usage": 59},
			{"appName": "Chrome", "usage": 48},
			{"appName": "배틀그라운드", "usage": 39},
			{"appName": "YouTube", "usage": 17},
			{"appName": "네이버 웹툰", "usage": 14},
			{"appName": "카카오톡", "usage": 12},
			{"appName": "Lite", "usage": 12},
			{"appName": "기본홈", "usage": 10},
			{"appName": "Paco", "usage": 6},
			{"appName": "캘린더", "usage": 5},
			{"appName": "메모G", "usage": 4},
			{"appName": "알람/시계", "usage": 3},
			{"appName": "Polar Beat", "usage": 3},
			{"appName": "프레젠테이션", "usage": 2},
			{"appName": "통화 화면", "usage": 2},
			{"appName": "왓챠", "usage": 2},
			{"appName": "계산기", "usage": 2},
			{"appName": "원터치알림", "usage": 1},
			{"appName": "밥대생", "usage": 1},
			{"appName": "네이버 지도", "usage": 1},
			{"appName": "KLMS", "usage": 1},
		]
	},
	{
		"date": 2,
		"totalTime": 207,
		"details": [
			{"appName": "Chrome", "usage": 54},
			{"appName": "카카오톡", "usage": 28},
			{"appName": "기본홈", "usage": 24},
			{"appName": "네이버 지도", "usage": 23},
			{"appName": "카카오 T", "usage": 11},
			{"appName": "Google", "usage": 10},
			{"appName": "Lite", "usage": 8},
			{"appName": "통화 화면", "usage": 7},
			{"appName": "캘린더", "usage": 7},
			{"appName": "스프레드시트", "usage": 4},
			{"appName": "Paco", "usage": 4},
			{"appName": "원터치알림", "usage": 3},
			{"appName": "스마트택배", "usage": 3},
			{"appName": "다음", "usage": 2},
			{"appName": "Polar Beat", "usage": 2},
			{"appName": "주소록", "usage": 1},
			{"appName": "알람/시계", "usage": 1},
			{"appName": "시스템 UI", "usage": 1},
			{"appName": "계산기", "usage": 1},
		]
	},
	{
		"date": 3,
		"totalTime": 184,
		"details": [
			{"appName": "Chrome", "usage": 49},
			{"appName": "YouTube", "usage": 32},
			{"appName": "통화 화면", "usage": 14},
			{"appName": "카카오톡", "usage": 13},
			{"appName": "기본홈", "usage": 12},
			{"appName": "Lite", "usage": 12},
			{"appName": "계산기", "usage": 10},
			{"appName": "네이버 웹툰", "usage": 6},
			{"appName": "스마트택배", "usage": 5},
			{"appName": "Paco", "usage": 4},
			{"appName": "캘린더", "usage": 3},
			{"appName": "Polar Beat", "usage": 3},
			{"appName": "레진코믹스", "usage": 2},
			{"appName": "에브리타임", "usage": 1},
			{"appName": "네이버 지도", "usage": 1},
			{"appName": "KAIST Library", "usage": 1},
			{"appName": "Instagram", "usage": 1},
			{"appName": "Google", "usage": 1},
		]
	},
	{
		"date": 4,
		"totalTime": 219,
		"details": [
			{"appName": "Chrome", "usage": 62},
			{"appName": "기본홈", "usage": 32},
			{"appName": "카카오톡", "usage": 23},
			{"appName": "Lite", "usage": 15},
			{"appName": "YouTube", "usage": 12},
			{"appName": "드라이브", "usage": 10},
			{"appName": "통화 화면", "usage": 6},
			{"appName": "네이버 지도", "usage": 6},
			{"appName": "모아락", "usage": 5},
			{"appName": "네이버 웹툰", "usage": 5},
			{"appName": "Instagram", "usage": 5},
			{"appName": "다음", "usage": 4},
			{"appName": "Paco", "usage": 3},
			{"appName": "L.POINT", "usage": 3},
			{"appName": "캘린더", "usage": 2},
			{"appName": "스마트택배", "usage": 2},
			{"appName": "카메라", "usage": 1},
			{"appName": "알람/시계", "usage": 1},
			{"appName": "메시지", "usage": 1},
			{"appName": "계산기", "usage": 1},
			{"appName": "갤러리", "usage": 1},
			{"appName": "Nintendo Switch Online", "usage": 1},
			{"appName": "CGV", "usage": 1},
		]
	},
	{
		"date": 5,
		"totalTime": 252,
		"details": [
			{"appName": "Chrome", "usage": 73},
			{"appName": "YouTube", "usage": 56},
			{"appName": "Lite", "usage": 20},
			{"appName": "기본홈", "usage": 15},
			{"appName": "Netflix", "usage": 15},
			{"appName": "주소록", "usage": 11},
			{"appName": "카카오톡", "usage": 10},
			{"appName": "통화 화면", "usage": 8},
			{"appName": "네이버 지도", "usage": 8},
			{"appName": "코레일톡", "usage": 5},
			{"appName": "Paco", "usage": 5},
			{"appName": "Instagram", "usage": 5},
			{"appName": "네이버 웹툰", "usage": 3},
			{"appName": "설정", "usage": 2},
			{"appName": "KLMS", "usage": 2},
			{"appName": "잠금화면 설정", "usage": 1},
			{"appName": "원터치알림", "usage": 1},
			{"appName": "알람/시계", "usage": 1},
			{"appName": "메시지", "usage": 1},
		]
	},
	{
		"date": 6,
		"totalTime": 371,
		"details": [
			{"appName": "Chrome", "usage": 211},
			{"appName": "펜타스톰", "usage": 76},
			{"appName": "Lite", "usage": 28},
			{"appName": "기본홈", "usage": 20},
			{"appName": "카카오톡", "usage": 5},
			{"appName": "다음", "usage": 4},
			{"appName": "YouTube", "usage": 4},
			{"appName": "Paco", "usage": 4},
			{"appName": "Google Play 스토어", "usage": 4},
			{"appName": "원터치개인", "usage": 3},
			{"appName": "카메라", "usage": 2},
			{"appName": "Instagram", "usage": 2},
		]
	},
	{
		"date": 7,
		"totalTime": 218,
		"details": [
			{"appName": "카카오톡", "usage": 81},
			{"appName": "Chrome", "usage": 29},
			{"appName": "기본홈", "usage": 26},
			{"appName": "Lite", "usage": 23},
			{"appName": "네이버 지도", "usage": 14},
			{"appName": "주소록", "usage": 6},
			{"appName": "통화 화면", "usage": 5},
			{"appName": "왓챠", "usage": 5},
			{"appName": "YouTube", "usage": 5},
			{"appName": "Paco", "usage": 4},
			{"appName": "Instagram", "usage": 3},
			{"appName": "코레일톡", "usage": 2},
			{"appName": "음악", "usage": 2},
			{"appName": "알람/시계", "usage": 2},
			{"appName": "프레젠테이션", "usage": 1},
		]
	},
]
