[
	{
		"date": 1,
		"totalTime": 231,
		"details": [
			{"appName": "카카오톡", "usage": 70},
			{"appName": "YouTube", "usage": 38},
			{"appName": "Paco", "usage": 31},
			{"appName": "삼성 인터넷", "usage": 25},
			{"appName": "시계", "usage": 21},
			{"appName": "Samsung Experience 홈", "usage": 12},
			{"appName": "Samsung Health", "usage": 11},
			{"appName": "YouTube Music", "usage": 9},
			{"appName": "Polar Beat", "usage": 2},
			{"appName": "디바이스 관리", "usage": 1},
			{"appName": "Logger", "usage": 1},
		]
	},
	{
		"date": 2,
		"totalTime": 233,
		"details": [
			{"appName": "카카오톡", "usage": 77},
			{"appName": "YouTube", "usage": 72},
			{"appName": "YouTube Music", "usage": 29},
			{"appName": "메시지", "usage": 18},
			{"appName": "삼성 인터넷", "usage": 13},
			{"appName": "Polar Beat", "usage": 6},
			{"appName": "시계", "usage": 3},
			{"appName": "Samsung Experience 홈", "usage": 3},
			{"appName": "Paco", "usage": 3},
			{"appName": "설정", "usage": 2},
		]
	},
	{
		"date": 3,
		"totalTime": 335,
		"details": [
			{"appName": "카카오톡", "usage": 121},
			{"appName": "YouTube", "usage": 110},
			{"appName": "YouTube Music", "usage": 40},
			{"appName": "Microsoft Band", "usage": 11},
			{"appName": "시계", "usage": 8},
			{"appName": "연락처", "usage": 7},
			{"appName": "전화", "usage": 6},
			{"appName": "삼성 인터넷", "usage": 5},
			{"appName": "Polar Beat", "usage": 4},
			{"appName": "Paco", "usage": 4},
			{"appName": "Samsung Experience 홈", "usage": 3},
			{"appName": "알파카", "usage": 2},
			{"appName": "메시지", "usage": 2},
			{"appName": "헤이카카오", "usage": 1},
			{"appName": "설정", "usage": 1},
		]
	},
	{
		"date": 4,
		"totalTime": 326,
		"details": [
			{"appName": "카카오톡", "usage": 114},
			{"appName": "YouTube", "usage": 67},
			{"appName": "YouTube Music", "usage": 48},
			{"appName": "갤러리", "usage": 20},
			{"appName": "카메라", "usage": 17},
			{"appName": "삼성 인터넷", "usage": 13},
			{"appName": "Polar Beat", "usage": 10},
			{"appName": "시계", "usage": 8},
			{"appName": "Samsung Experience 홈", "usage": 8},
			{"appName": "Paco", "usage": 5},
			{"appName": "알파카", "usage": 4},
			{"appName": "헤이카카오", "usage": 1},
		]
	},
	{
		"date": 5,
		"totalTime": 331,
		"details": [
			{"appName": "카카오톡", "usage": 90},
			{"appName": "YouTube", "usage": 71},
			{"appName": "YouTube Music", "usage": 56},
			{"appName": "삼성 인터넷", "usage": 32},
			{"appName": "Polar Beat", "usage": 18},
			{"appName": "Samsung Experience 홈", "usage": 13},
			{"appName": "Paco", "usage": 11},
			{"appName": "시계", "usage": 9},
			{"appName": "갤러리", "usage": 7},
			{"appName": "카메라", "usage": 6},
			{"appName": "알파카", "usage": 4},
			{"appName": "전화", "usage": 2},
			{"appName": "시스템 UI", "usage": 1},
			{"appName": "Dropsync", "usage": 1},
		]
	},
	{
		"date": 6,
		"totalTime": 594,
		"details": [
			{"appName": "YouTube", "usage": 356},
			{"appName": "YouTube Music", "usage": 85},
			{"appName": "카카오톡", "usage": 60},
			{"appName": "Paco", "usage": 22},
			{"appName": "시스템 UI", "usage": 16},
			{"appName": "계산기", "usage": 13},
			{"appName": "Logger", "usage": 12},
			{"appName": "카메라", "usage": 4},
			{"appName": "Samsung Experience 홈", "usage": 3},
			{"appName": "알파카", "usage": 2},
			{"appName": "메시지", "usage": 2},
			{"appName": "헤이카카오", "usage": 1},
			{"appName": "삼성 인터넷", "usage": 1},
			{"appName": "비디오 플레이어", "usage": 1},
			{"appName": "갤러리", "usage": 1},
			{"appName": "Polar Beat", "usage": 1},
			{"appName": "Papago", "usage": 1},
			{"appName": "PASS", "usage": 1},
			{"appName": "ISP/페이북", "usage": 1},
			{"appName": "Dropsync", "usage": 1},
		]
	},
	{
		"date": 7,
		"totalTime": 705,
		"details": [
			{"appName": "YouTube", "usage": 348},
			{"appName": "YouTube Music", "usage": 115},
			{"appName": "카카오톡", "usage": 92},
			{"appName": "삼성 인터넷", "usage": 41},
			{"appName": "네이버 웹툰", "usage": 22},
			{"appName": "시스템 UI", "usage": 16},
			{"appName": "Samsung Experience 홈", "usage": 15},
			{"appName": "계산기", "usage": 13},
			{"appName": "Paco", "usage": 7},
			{"appName": "시계", "usage": 6},
			{"appName": "카메라", "usage": 4},
			{"appName": "메시지", "usage": 3},
			{"appName": "알파카", "usage": 2},
			{"appName": "설정", "usage": 2},
			{"appName": "헤이카카오", "usage": 1},
			{"appName": "비디오 플레이어", "usage": 1},
			{"appName": "갤러리", "usage": 1},
			{"appName": "Screen Off Button", "usage": 1},
			{"appName": "Polar Beat", "usage": 1},
			{"appName": "Papago", "usage": 1},
			{"appName": "Logger", "usage": 1},
			{"appName": "ISP/페이북", "usage": 1},
			{"appName": "Google Play 스토어", "usage": 1},
		]
	},
]
