[
	{
		"date": 1,
		"totalTime": 709,
		"details": [
			{"appName": "카카오톡", "usage": 174},
			{"appName": "Facebook", "usage": 102},
			{"appName": "Netflix", "usage": 82},
			{"appName": "프렌즈팝콘", "usage": 81},
			{"appName": "Samsung Experience 홈", "usage": 76},
			{"appName": "YouTube", "usage": 67},
			{"appName": "삼성 인터넷", "usage": 47},
			{"appName": "T전화", "usage": 20},
			{"appName": "위메프", "usage": 6},
			{"appName": "시계", "usage": 6},
			{"appName": "메시지", "usage": 5},
			{"appName": "Polaris Office", "usage": 4},
			{"appName": "Paco", "usage": 4},
			{"appName": "쿠팡", "usage": 3},
			{"appName": "벅스", "usage": 3},
			{"appName": "원터치개인", "usage": 2},
			{"appName": "Polar Beat", "usage": 2},
			{"appName": "시스템 UI", "usage": 1},
			{"appName": "배달의민족", "usage": 1},
			{"appName": "Mobile Print", "usage": 1},
			{"appName": "Microsoft Health", "usage": 1},
			{"appName": "KLMS", "usage": 1},
			{"appName": "BAND", "usage": 1},
			{"appName": "ABC Logger", "usage": 1},
		]
	},
	{
		"date": 2,
		"totalTime": 716,
		"details": [
			{"appName": "Netflix", "usage": 254},
			{"appName": "Facebook", "usage": 132},
			{"appName": "카카오톡", "usage": 109},
			{"appName": "프렌즈팝콘", "usage": 75},
			{"appName": "YouTube", "usage": 44},
			{"appName": "Samsung Experience 홈", "usage": 31},
			{"appName": "계산기", "usage": 17},
			{"appName": "삼성 인터넷", "usage": 7},
			{"appName": "Paco", "usage": 5},
			{"appName": "카카오뱅크", "usage": 4},
			{"appName": "T전화", "usage": 4},
			{"appName": "시계", "usage": 3},
			{"appName": "메시지", "usage": 3},
			{"appName": "네이버 지도", "usage": 3},
			{"appName": "Google Play 스토어", "usage": 2},
			{"appName": "한국투자증권", "usage": 1},
			{"appName": "쿠팡", "usage": 1},
			{"appName": "벅스", "usage": 1},
			{"appName": "Polar Beat", "usage": 1},
			{"appName": "Microsoft Health", "usage": 1},
		]
	},
	{
		"date": 3,
		"totalTime": 631,
		"details": [
			{"appName": "카카오톡", "usage": 135},
			{"appName": "Facebook", "usage": 114},
			{"appName": "프렌즈팝콘", "usage": 101},
			{"appName": "Netflix", "usage": 90},
			{"appName": "Samsung Experience 홈", "usage": 80},
			{"appName": "YouTube", "usage": 37},
			{"appName": "삼성 인터넷", "usage": 17},
			{"appName": "계산기", "usage": 17},
			{"appName": "시계", "usage": 8},
			{"appName": "T전화", "usage": 5},
			{"appName": "배달의민족", "usage": 4},
			{"appName": "원터치개인", "usage": 3},
			{"appName": "벅스", "usage": 3},
			{"appName": "위메프", "usage": 2},
			{"appName": "Paco", "usage": 2},
			{"appName": "카메라", "usage": 1},
			{"appName": "Polaris Office", "usage": 1},
			{"appName": "Polar Beat", "usage": 1},
		]
	},
	{
		"date": 4,
		"totalTime": 705,
		"details": [
			{"appName": "Netflix", "usage": 186},
			{"appName": "카카오톡", "usage": 140},
			{"appName": "프렌즈팝콘", "usage": 102},
			{"appName": "Samsung Experience 홈", "usage": 95},
			{"appName": "Facebook", "usage": 64},
			{"appName": "삼성 인터넷", "usage": 34},
			{"appName": "YouTube", "usage": 21},
			{"appName": "T전화", "usage": 18},
			{"appName": "시계", "usage": 12},
			{"appName": "배달의민족", "usage": 4},
			{"appName": "CakeTown", "usage": 4},
			{"appName": "갤러리", "usage": 2},
			{"appName": "Paco", "usage": 2},
			{"appName": "카카오뱅크", "usage": 1},
			{"appName": "원터치개인", "usage": 1},
			{"appName": "Instagram", "usage": 1},
			{"appName": "Google Play 스토어", "usage": 1},
		]
	},
	{
		"date": 5,
		"totalTime": 639,
		"details": [
			{"appName": "프렌즈팝콘", "usage": 173},
			{"appName": "시스템 UI", "usage": 73},
			{"appName": "카카오톡", "usage": 69},
			{"appName": "Facebook", "usage": 69},
			{"appName": "Netflix", "usage": 55},
			{"appName": "Samsung Experience 홈", "usage": 37},
			{"appName": "YouTube", "usage": 31},
			{"appName": "삼성 인터넷", "usage": 25},
			{"appName": "한국투자	주식", "usage": 16},
			{"appName": "T전화", "usage": 16},
			{"appName": "Perfect Piano", "usage": 14},
			{"appName": "", "usage": 14},
			{"appName": "시계", "usage": 12},
			{"appName": "Samsung Pay", "usage": 9},
			{"appName": "카카오뱅크", "usage": 2},
			{"appName": "설정", "usage": 2},
			{"appName": "T멤버십", "usage": 2},
			{"appName": "Paco", "usage": 2},
			{"appName": "벅스", "usage": 1},
			{"appName": "메시지", "usage": 1},
			{"appName": "Google Play 스토어", "usage": 1},
		]
	},
	{
		"date": 6,
		"totalTime": 865,
		"details": [
			{"appName": "시스템 UI", "usage": 351},
			{"appName": "프렌즈팝콘", "usage": 133},
			{"appName": "카카오톡", "usage": 112},
			{"appName": "Facebook", "usage": 89},
			{"appName": "Samsung Experience 홈", "usage": 56},
			{"appName": "YouTube", "usage": 54},
			{"appName": "삼성 인터넷", "usage": 13},
			{"appName": "Samsung Pay", "usage": 9},
			{"appName": "시계", "usage": 8},
			{"appName": "PowerPoint", "usage": 6},
			{"appName": "쿠팡", "usage": 5},
			{"appName": "카메라", "usage": 3},
			{"appName": "설정", "usage": 3},
			{"appName": "배달의민족", "usage": 3},
			{"appName": "T전화", "usage": 2},
			{"appName": "원터치개인", "usage": 1},
			{"appName": "빅스비 비전", "usage": 1},
			{"appName": "빅스비 보이스", "usage": 1},
			{"appName": "메시지", "usage": 1},
			{"appName": "Paco", "usage": 1},
		]
	},
	{
		"date": 7,
		"totalTime": 395,
		"details": [
			{"appName": "YouTube", "usage": 85},
			{"appName": "카카오톡", "usage": 84},
			{"appName": "Samsung Experience 홈", "usage": 63},
			{"appName": "Facebook", "usage": 63},
			{"appName": "프렌즈팝콘", "usage": 38},
			{"appName": "삼성 인터넷", "usage": 23},
			{"appName": "카메라", "usage": 9},
			{"appName": "T전화", "usage": 6},
			{"appName": "PowerPoint", "usage": 6},
			{"appName": "쿠팡", "usage": 5},
			{"appName": "메시지", "usage": 1},
			{"appName": "Paco", "usage": 1},
		]
	},
]
