[
	{
		"date": 1,
		"totalTime": 0,
		"details": [
		]
	},
	{
		"date": 2,
		"totalTime": 0,
		"details": [
		]
	},
	{
		"date": 3,
		"totalTime": 0,
		"details": [
		]
	},
	{
		"date": 4,
		"totalTime": 223,
		"details": [
			{"appName": "FIFA Online 4 M", "usage": 67},
			{"appName": "Facebook", "usage": 42},
			{"appName": "카카오톡", "usage": 32},
			{"appName": "Samsung Experience 홈", "usage": 11},
			{"appName": "삼성 인터넷", "usage": 10},
			{"appName": "네이버 웹툰", "usage": 10},
			{"appName": "Chrome", "usage": 9},
			{"appName": "전화", "usage": 6},
			{"appName": "계산기", "usage": 6},
			{"appName": "Slack", "usage": 4},
			{"appName": "원터치개인", "usage": 2},
			{"appName": "설정", "usage": 2},
			{"appName": "포토 에디터", "usage": 1},
			{"appName": "Polar Beat", "usage": 1},
			{"appName": "Paco", "usage": 1},
			{"appName": "Melon", "usage": 1},
			{"appName": "Google Play 스토어", "usage": 1},
			{"appName": "Firefox", "usage": 1},
			{"appName": "ES 파일 탐색기", "usage": 1},
		]
	},
	{
		"date": 5,
		"totalTime": 297,
		"details": [
			{"appName": "FIFA Online 4 M", "usage": 67},
			{"appName": "Facebook", "usage": 60},
			{"appName": "카카오톡", "usage": 47},
			{"appName": "Chrome", "usage": 22},
			{"appName": "Samsung Experience 홈", "usage": 15},
			{"appName": "삼성 인터넷", "usage": 14},
			{"appName": "네이버 웹툰", "usage": 10},
			{"appName": "전화", "usage": 6},
			{"appName": "계산기", "usage": 6},
			{"appName": "드라이브", "usage": 5},
			{"appName": "네이버 지도", "usage": 5},
			{"appName": "Slack", "usage": 5},
			{"appName": "Firefox", "usage": 5},
			{"appName": "원터치개인", "usage": 2},
			{"appName": "설정", "usage": 2},
			{"appName": "포토 에디터", "usage": 1},
			{"appName": "문서", "usage": 1},
			{"appName": "Polar Beat", "usage": 1},
			{"appName": "Paco", "usage": 1},
			{"appName": "Melon", "usage": 1},
			{"appName": "Google Play 스토어", "usage": 1},
			{"appName": "ES 파일 탐색기", "usage": 1},
		]
	},
	{
		"date": 6,
		"totalTime": 256,
		"details": [
			{"appName": "YouTube", "usage": 40},
			{"appName": "카카오톡", "usage": 33},
			{"appName": "Facebook", "usage": 32},
			{"appName": "네이버 지도", "usage": 24},
			{"appName": "네이버 웹툰", "usage": 18},
			{"appName": "Chrome", "usage": 16},
			{"appName": "Samsung Experience 홈", "usage": 14},
			{"appName": "전화", "usage": 10},
			{"appName": "Zenly", "usage": 9},
			{"appName": "이사만루 2019", "usage": 8},
			{"appName": "리마인더", "usage": 6},
			{"appName": "삼성 인터넷", "usage": 5},
			{"appName": "드라이브", "usage": 5},
			{"appName": "시계", "usage": 4},
			{"appName": "문서", "usage": 3},
			{"appName": "Slack", "usage": 2},
			{"appName": "카메라", "usage": 1},
			{"appName": "Polar Beat", "usage": 1},
			{"appName": "KLMS", "usage": 1},
			{"appName": "Instagram", "usage": 1},
			{"appName": "Firefox", "usage": 1},
		]
	},
	{
		"date": 7,
		"totalTime": 418,
		"details": [
			{"appName": "Facebook", "usage": 100},
			{"appName": "Chrome", "usage": 54},
			{"appName": "카카오톡", "usage": 48},
			{"appName": "YouTube", "usage": 41},
			{"appName": "네이버 지도", "usage": 27},
			{"appName": "전화", "usage": 21},
			{"appName": "Samsung Experience 홈", "usage": 19},
			{"appName": "네이버 웹툰", "usage": 18},
			{"appName": "이사만루 2019", "usage": 9},
			{"appName": "Zenly", "usage": 9},
			{"appName": "리마인더", "usage": 7},
			{"appName": "시외버스	모바일", "usage": 6},
			{"appName": "삼성 인터넷", "usage": 6},
			{"appName": "시계", "usage": 4},
			{"appName": "설정", "usage": 4},
			{"appName": "Instagram", "usage": 4},
			{"appName": "Firefox", "usage": 4},
			{"appName": "문서", "usage": 3},
			{"appName": "메시지", "usage": 3},
			{"appName": "Slack", "usage": 3},
			{"appName": "카카오 T", "usage": 2},
			{"appName": "카메라", "usage": 1},
			{"appName": "원터치개인", "usage": 1},
			{"appName": "드라이브", "usage": 1},
			{"appName": "Polar Beat", "usage": 1},
			{"appName": "Paco", "usage": 1},
			{"appName": "Netflix", "usage": 1},
			{"appName": "KLMS", "usage": 1},
		]
	},
]
