[
	{
		"date": 1,
		"totalTime": 197,
		"details": [
			{"appName": "Chrome", "usage": 89},
			{"appName": "카카오톡", "usage": 23},
			{"appName": "One UI 홈", "usage": 9},
			{"appName": "Paco", "usage": 8},
			{"appName": "Facebook", "usage": 7},
			{"appName": "직방", "usage": 6},
			{"appName": "메시지", "usage": 5},
			{"appName": "Polar Beat", "usage": 5},
			{"appName": "카카오 T", "usage": 4},
			{"appName": "다방", "usage": 4},
			{"appName": "카메라", "usage": 3},
			{"appName": "시계", "usage": 3},
			{"appName": "KLMS", "usage": 3},
			{"appName": "배달의민족", "usage": 2},
			{"appName": "한컴오피스 viewer", "usage": 1},
			{"appName": "카카오뱅크", "usage": 1},
			{"appName": "전화", "usage": 1},
			{"appName": "에브리타임", "usage": 1},
			{"appName": "삼성 인터넷", "usage": 1},
			{"appName": "갤러리", "usage": 1},
			{"appName": "YouTube", "usage": 1},
			{"appName": "Samsung Pay", "usage": 1},
			{"appName": "PAYCO", "usage": 1},
			{"appName": "Dropsync", "usage": 1},
		]
	},
	{
		"date": 2,
		"totalTime": 249,
		"details": [
			{"appName": "Chrome", "usage": 124},
			{"appName": "카카오톡", "usage": 37},
			{"appName": "메시지", "usage": 11},
			{"appName": "One UI 홈", "usage": 11},
			{"appName": "직방", "usage": 9},
			{"appName": "Paco", "usage": 7},
			{"appName": "Polar Beat", "usage": 4},
			{"appName": "Facebook", "usage": 4},
			{"appName": "SR 고속열차", "usage": 3},
			{"appName": "KLMS", "usage": 3},
			{"appName": "코레일톡", "usage": 2},
			{"appName": "삼성 인터넷", "usage": 2},
			{"appName": "배달의민족", "usage": 2},
			{"appName": "갤러리", "usage": 2},
			{"appName": "Samsung Pay", "usage": 2},
			{"appName": "Dropsync", "usage": 2},
			{"appName": "카카오뱅크", "usage": 1},
			{"appName": "전화", "usage": 1},
			{"appName": "신한 쏠(SOL)", "usage": 1},
			{"appName": "시계", "usage": 1},
			{"appName": "다방", "usage": 1},
			{"appName": "YouTube", "usage": 1},
			{"appName": "PAYCO", "usage": 1},
		]
	},
	{
		"date": 3,
		"totalTime": 186,
		"details": [
			{"appName": "Chrome", "usage": 107},
			{"appName": "EhViewer", "usage": 18},
			{"appName": "카카오톡", "usage": 17},
			{"appName": "메시지", "usage": 6},
			{"appName": "Paco", "usage": 6},
			{"appName": "One UI 홈", "usage": 6},
			{"appName": "Facebook", "usage": 5},
			{"appName": "SR 고속열차", "usage": 3},
			{"appName": "코레일톡", "usage": 2},
			{"appName": "전화", "usage": 2},
			{"appName": "Samsung Pay", "usage": 2},
			{"appName": "카카오뱅크", "usage": 1},
		]
	},
	{
		"date": 4,
		"totalTime": 58,
		"details": [
			{"appName": "EhViewer", "usage": 18},
			{"appName": "Chrome", "usage": 12},
			{"appName": "Facebook", "usage": 6},
			{"appName": "Paco", "usage": 5},
			{"appName": "카카오톡", "usage": 2},
			{"appName": "삼성 인터넷", "usage": 2},
			{"appName": "카카오뱅크", "usage": 1},
			{"appName": "배달요기요", "usage": 1},
			{"appName": "메시지", "usage": 1},
			{"appName": "SR 고속열차", "usage": 1},
			{"appName": "One UI 홈", "usage": 1},
			{"appName": "Microsoft Health", "usage": 1},
		]
	},
	{
		"date": 5,
		"totalTime": 107,
		"details": [
			{"appName": "Chrome", "usage": 28},
			{"appName": "카카오톡", "usage": 15},
			{"appName": "EhViewer", "usage": 15},
			{"appName": "YouTube", "usage": 13},
			{"appName": "Facebook", "usage": 6},
			{"appName": "카카오 T", "usage": 4},
			{"appName": "One UI 홈", "usage": 4},
			{"appName": "SR 고속열차", "usage": 3},
			{"appName": "메시지", "usage": 2},
			{"appName": "Paco", "usage": 2},
			{"appName": "삼성 인터넷", "usage": 1},
			{"appName": "Samsung Pay", "usage": 1},
			{"appName": "Gmail", "usage": 1},
		]
	},
	{
		"date": 6,
		"totalTime": 0,
		"details": [
		]
	},
	{
		"date": 7,
		"totalTime": 0,
		"details": [
		]
	},
]
