[
	{
		"date": 1,
		"totalTime": 328,
		"details": [
			{"appName": "삼성 인터넷", "usage": 79},
			{"appName": "YouTube", "usage": 67},
			{"appName": "One UI 홈", "usage": 24},
			{"appName": "네이버 웹툰", "usage": 23},
			{"appName": "코레일톡", "usage": 20},
			{"appName": "카카오톡", "usage": 15},
			{"appName": "시스템 UI", "usage": 11},
			{"appName": "메시지", "usage": 9},
			{"appName": "Twitch", "usage": 9},
			{"appName": "KB국민카드", "usage": 9},
			{"appName": "통화", "usage": 6},
			{"appName": "설정", "usage": 6},
			{"appName": "Paco", "usage": 5},
			{"appName": "Polar Beat", "usage": 4},
			{"appName": "Microsoft Health", "usage": 4},
			{"appName": "접근성", "usage": 3},
			{"appName": "Logger", "usage": 3},
			{"appName": "KB스타뱅킹", "usage": 2},
			{"appName": "쏘카", "usage": 1},
			{"appName": "마이 케이티", "usage": 1},
			{"appName": "SR 고속열차", "usage": 1},
			{"appName": "M-able", "usage": 1},
			{"appName": "Gmail", "usage": 1},
			{"appName": "", "usage": 1},
		]
	},
	{
		"date": 2,
		"totalTime": 441,
		"details": [
			{"appName": "YouTube", "usage": 142},
			{"appName": "삼성 인터넷", "usage": 108},
			{"appName": "Twitch", "usage": 40},
			{"appName": "코레일톡", "usage": 23},
			{"appName": "카카오톡", "usage": 22},
			{"appName": "One UI 홈", "usage": 22},
			{"appName": "Paco", "usage": 20},
			{"appName": "통화", "usage": 6},
			{"appName": "시스템 UI", "usage": 6},
			{"appName": "KB스타뱅킹", "usage": 6},
			{"appName": "Polar Beat", "usage": 5},
			{"appName": "Microsoft Health", "usage": 4},
			{"appName": "KB국민카드", "usage": 4},
			{"appName": "설정", "usage": 3},
			{"appName": "Logger", "usage": 3},
			{"appName": "네이버 웹툰", "usage": 2},
			{"appName": "메시지", "usage": 1},
			{"appName": "마이 케이티", "usage": 1},
			{"appName": "계산기", "usage": 1},
			{"appName": "SR 고속열차", "usage": 1},
			{"appName": "Gmail", "usage": 1},
		]
	},
	{
		"date": 3,
		"totalTime": 499,
		"details": [
			{"appName": "YouTube", "usage": 154},
			{"appName": "삼성 인터넷", "usage": 148},
			{"appName": "Twitch", "usage": 40},
			{"appName": "카카오톡", "usage": 25},
			{"appName": "Paco", "usage": 22},
			{"appName": "One UI 홈", "usage": 22},
			{"appName": "RX TIMER", "usage": 18},
			{"appName": "네이버 웹툰", "usage": 10},
			{"appName": "KB스타뱅킹", "usage": 7},
			{"appName": "통화", "usage": 5},
			{"appName": "KB국민카드", "usage": 4},
			{"appName": "BAND", "usage": 4},
			{"appName": "설정", "usage": 3},
			{"appName": "YouTube Music", "usage": 3},
			{"appName": "Gmail", "usage": 3},
			{"appName": "Evernote", "usage": 3},
			{"appName": "시스템 UI", "usage": 2},
			{"appName": "Microsoft Health", "usage": 2},
			{"appName": "시계", "usage": 1},
			{"appName": "메시지", "usage": 1},
			{"appName": "계산기", "usage": 1},
			{"appName": "Polar Beat", "usage": 1},
			{"appName": "Logger", "usage": 1},
			{"appName": "KB스타알림", "usage": 1},
			{"appName": "Google Play 스토어", "usage": 1},
		]
	},
	{
		"date": 4,
		"totalTime": 436,
		"details": [
			{"appName": "YouTube", "usage": 133},
			{"appName": "삼성 인터넷", "usage": 125},
			{"appName": "One UI 홈", "usage": 35},
			{"appName": "Twitch", "usage": 22},
			{"appName": "시스템 UI", "usage": 20},
			{"appName": "RX TIMER", "usage": 18},
			{"appName": "카카오톡", "usage": 15},
			{"appName": "네이버 웹툰", "usage": 10},
			{"appName": "YouTube Music", "usage": 8},
			{"appName": "Paco", "usage": 7},
			{"appName": "Evernote", "usage": 5},
			{"appName": "BAND", "usage": 4},
			{"appName": "카메라", "usage": 2},
			{"appName": "설정", "usage": 2},
			{"appName": "메시지", "usage": 2},
			{"appName": "Polar Beat", "usage": 2},
			{"appName": "Papago", "usage": 2},
			{"appName": "KB국민카드", "usage": 2},
			{"appName": "통화", "usage": 1},
			{"appName": "코레일톡", "usage": 1},
			{"appName": "시계", "usage": 1},
			{"appName": "네이버 지도", "usage": 1},
			{"appName": "계산기", "usage": 1},
			{"appName": "Logger", "usage": 1},
			{"appName": "Gmail", "usage": 1},
		]
	},
	{
		"date": 5,
		"totalTime": 414,
		"details": [
			{"appName": "YouTube", "usage": 138},
			{"appName": "삼성 인터넷", "usage": 130},
			{"appName": "One UI 홈", "usage": 39},
			{"appName": "카카오톡", "usage": 19},
			{"appName": "네이버 지도", "usage": 14},
			{"appName": "YouTube Music", "usage": 11},
			{"appName": "Twitch", "usage": 9},
			{"appName": "Paco", "usage": 8},
			{"appName": "Evernote", "usage": 5},
			{"appName": "통화", "usage": 4},
			{"appName": "카메라", "usage": 3},
			{"appName": "갤러리", "usage": 3},
			{"appName": "BAND", "usage": 3},
			{"appName": "코레일톡", "usage": 2},
			{"appName": "설정", "usage": 2},
			{"appName": "메시지", "usage": 2},
			{"appName": "Polar Beat", "usage": 2},
			{"appName": "Papago", "usage": 2},
			{"appName": "시스템 UI", "usage": 1},
			{"appName": "네이버 웹툰", "usage": 1},
			{"appName": "KB국민카드", "usage": 1},
		]
	},
	{
		"date": 6,
		"totalTime": 403,
		"details": [
			{"appName": "삼성 인터넷", "usage": 144},
			{"appName": "YouTube", "usage": 92},
			{"appName": "네이버 웹툰", "usage": 54},
			{"appName": "One UI 홈", "usage": 19},
			{"appName": "카카오톡", "usage": 16},
			{"appName": "시스템 UI", "usage": 15},
			{"appName": "Gmail", "usage": 7},
			{"appName": "Paco", "usage": 6},
			{"appName": "KB국민카드", "usage": 6},
			{"appName": "마이 케이티", "usage": 5},
			{"appName": "통화", "usage": 4},
			{"appName": "YouTube Music", "usage": 4},
			{"appName": "코레일톡", "usage": 3},
			{"appName": "갤러리", "usage": 3},
			{"appName": "시계", "usage": 2},
			{"appName": "Polar Beat", "usage": 2},
			{"appName": "설정", "usage": 1},
			{"appName": "Twitch", "usage": 1},
			{"appName": "BAND", "usage": 1},
			{"appName": "", "usage": 1},
		]
	},
	{
		"date": 7,
		"totalTime": 440,
		"details": [
			{"appName": "삼성 인터넷", "usage": 139},
			{"appName": "YouTube", "usage": 92},
			{"appName": "네이버 웹툰", "usage": 54},
			{"appName": "One UI 홈", "usage": 38},
			{"appName": "카카오톡", "usage": 20},
			{"appName": "시계", "usage": 16},
			{"appName": "Gmail", "usage": 9},
			{"appName": "Twitch", "usage": 6},
			{"appName": "KB국민카드", "usage": 6},
			{"appName": "통화", "usage": 5},
			{"appName": "갤러리", "usage": 5},
			{"appName": "Paco", "usage": 5},
			{"appName": "포토", "usage": 4},
			{"appName": "YouTube Music", "usage": 4},
			{"appName": "RX TIMER", "usage": 4},
			{"appName": "코레일톡", "usage": 3},
			{"appName": "Polar Beat", "usage": 3},
			{"appName": "메시지", "usage": 2},
			{"appName": "마이 케이티", "usage": 2},
			{"appName": "토스", "usage": 1},
			{"appName": "카메라", "usage": 1},
			{"appName": "설정", "usage": 1},
			{"appName": "", "usage": 1},
		]
	},
]
