[
	{
		"date": 1,
		"totalTime": 263,
		"details": [
			{"appName": "올레 tv 모바일", "usage": 68},
			{"appName": "카카오톡", "usage": 59},
			{"appName": "Samsung Experience 홈", "usage": 29},
			{"appName": "Facebook", "usage": 23},
			{"appName": "네이버 웹툰", "usage": 15},
			{"appName": "삼성 인터넷", "usage": 12},
			{"appName": "전화", "usage": 11},
			{"appName": "배달의민족", "usage": 9},
			{"appName": "Paco", "usage": 5},
			{"appName": "애니메이션 사진 위젯", "usage": 4},
			{"appName": "갤러리", "usage": 4},
			{"appName": "KAIST Library", "usage": 4},
			{"appName": "Messenger", "usage": 3},
			{"appName": "YouTube", "usage": 2},
			{"appName": "KLMS", "usage": 2},
			{"appName": "포토 에디터", "usage": 1},
			{"appName": "지니 뮤직", "usage": 1},
			{"appName": "시계", "usage": 1},
			{"appName": "SODA", "usage": 1},
		]
	},
	{
		"date": 2,
		"totalTime": 318,
		"details": [
			{"appName": "카카오톡", "usage": 75},
			{"appName": "Xodo Docs", "usage": 45},
			{"appName": "전화", "usage": 35},
			{"appName": "삼성 인터넷", "usage": 26},
			{"appName": "Samsung Experience 홈", "usage": 26},
			{"appName": "Facebook", "usage": 20},
			{"appName": "시계", "usage": 13},
			{"appName": "YouTube", "usage": 10},
			{"appName": "신한 쏠(SOL)", "usage": 9},
			{"appName": "배달의민족", "usage": 9},
			{"appName": "Instagram", "usage": 8},
			{"appName": "Paco", "usage": 5},
			{"appName": "KAIST Library", "usage": 4},
			{"appName": "Messenger", "usage": 3},
			{"appName": "카이스트 버스", "usage": 2},
			{"appName": "카메라", "usage": 2},
			{"appName": "삼성 캡처", "usage": 2},
			{"appName": "갤러리", "usage": 2},
			{"appName": "SODA", "usage": 2},
			{"appName": "포토 에디터", "usage": 1},
			{"appName": "토스", "usage": 1},
			{"appName": "지니 뮤직", "usage": 1},
			{"appName": "Samsung Notes", "usage": 1},
			{"appName": "Google Play 스토어", "usage": 1},
		]
	},
	{
		"date": 3,
		"totalTime": 234,
		"details": [
			{"appName": "카카오톡", "usage": 55},
			{"appName": "Facebook", "usage": 28},
			{"appName": "Samsung Experience 홈", "usage": 26},
			{"appName": "YouTube", "usage": 22},
			{"appName": "시계", "usage": 14},
			{"appName": "네이버 웹툰", "usage": 12},
			{"appName": "신한 쏠(SOL)", "usage": 9},
			{"appName": "갤러리", "usage": 8},
			{"appName": "삼성 인터넷", "usage": 7},
			{"appName": "전화", "usage": 5},
			{"appName": "캘린더", "usage": 4},
			{"appName": "계산기", "usage": 4},
			{"appName": "Paco", "usage": 4},
			{"appName": "Messenger", "usage": 4},
			{"appName": "KAIST Library", "usage": 4},
			{"appName": "지니 뮤직", "usage": 2},
			{"appName": "삼성 캡처", "usage": 2},
			{"appName": "배달의민족", "usage": 2},
			{"appName": "포토 에디터", "usage": 1},
			{"appName": "토스", "usage": 1},
			{"appName": "Zenly", "usage": 1},
			{"appName": "Xodo Docs", "usage": 1},
			{"appName": "Samsung Notes", "usage": 1},
			{"appName": "Dropsync", "usage": 1},
		]
	},
	{
		"date": 4,
		"totalTime": 349,
		"details": [
			{"appName": "Facebook", "usage": 58},
			{"appName": "삼성 인터넷", "usage": 56},
			{"appName": "네이버 웹툰", "usage": 54},
			{"appName": "카카오톡", "usage": 46},
			{"appName": "전화", "usage": 22},
			{"appName": "Samsung Experience 홈", "usage": 16},
			{"appName": "KT 멤버십", "usage": 13},
			{"appName": "배달의민족", "usage": 11},
			{"appName": "올레 tv 모바일", "usage": 9},
			{"appName": "YouTube", "usage": 9},
			{"appName": "Paco", "usage": 8},
			{"appName": "시외버스	모바일", "usage": 6},
			{"appName": "캘린더", "usage": 4},
			{"appName": "지니 뮤직", "usage": 4},
			{"appName": "계산기", "usage": 4},
			{"appName": "코레일톡", "usage": 3},
			{"appName": "SODA", "usage": 2},
			{"appName": "갤러리", "usage": 1},
			{"appName": "Zenly", "usage": 1},
			{"appName": "SNOW", "usage": 1},
			{"appName": "Polar Beat", "usage": 1},
			{"appName": "Messenger", "usage": 1},
			{"appName": "Google Play 스토어", "usage": 1},
			{"appName": "Dropsync", "usage": 1},
		]
	},
	{
		"date": 5,
		"totalTime": 250,
		"details": [
			{"appName": "YouTube", "usage": 44},
			{"appName": "삼성 인터넷", "usage": 35},
			{"appName": "카카오톡", "usage": 22},
			{"appName": "Facebook", "usage": 22},
			{"appName": "네이버 웹툰", "usage": 19},
			{"appName": "전화", "usage": 14},
			{"appName": "알라미", "usage": 12},
			{"appName": "배달의민족", "usage": 11},
			{"appName": "Samsung Experience 홈", "usage": 11},
			{"appName": "올레 tv 모바일", "usage": 9},
			{"appName": "Puffin", "usage": 8},
			{"appName": "Messenger", "usage": 7},
			{"appName": "시외버스	모바일", "usage": 6},
			{"appName": "SODA", "usage": 4},
			{"appName": "코레일톡", "usage": 3},
			{"appName": "갤러리", "usage": 2},
			{"appName": "Paco", "usage": 2},
			{"appName": "에어 커맨드", "usage": 1},
			{"appName": "알파카", "usage": 1},
			{"appName": "Polar Beat", "usage": 1},
			{"appName": "Google Play 스토어", "usage": 1},
		]
	},
	{
		"date": 6,
		"totalTime": 306,
		"details": [
			{"appName": "Facebook", "usage": 59},
			{"appName": "네이버 웹툰", "usage": 47},
			{"appName": "YouTube", "usage": 46},
			{"appName": "카카오톡", "usage": 34},
			{"appName": "삼성 인터넷", "usage": 33},
			{"appName": "배달의민족", "usage": 15},
			{"appName": "Samsung Experience 홈", "usage": 10},
			{"appName": "전화", "usage": 8},
			{"appName": "Messenger", "usage": 7},
			{"appName": "KAIST Library", "usage": 7},
			{"appName": "지니 뮤직", "usage": 5},
			{"appName": "알파카", "usage": 5},
			{"appName": "알라미", "usage": 4},
			{"appName": "갤러리", "usage": 4},
			{"appName": "Paco", "usage": 3},
			{"appName": "SODA", "usage": 2},
			{"appName": "캘린더", "usage": 1},
			{"appName": "비디오 플레이어", "usage": 1},
			{"appName": "비디오", "usage": 1},
			{"appName": "드라이브", "usage": 1},
		]
	},
	{
		"date": 7,
		"totalTime": 231,
		"details": [
			{"appName": "YouTube", "usage": 58},
			{"appName": "Facebook", "usage": 36},
			{"appName": "카카오톡", "usage": 27},
			{"appName": "Xodo Docs", "usage": 19},
			{"appName": "배달의민족", "usage": 15},
			{"appName": "전화", "usage": 10},
			{"appName": "네이버 웹툰", "usage": 10},
			{"appName": "Samsung Experience 홈", "usage": 10},
			{"appName": "KAIST Library", "usage": 10},
			{"appName": "삼성 인터넷", "usage": 9},
			{"appName": "갤러리", "usage": 5},
			{"appName": "알라미", "usage": 4},
			{"appName": "안드로이드 시스템", "usage": 1},
			{"appName": "비디오 플레이어", "usage": 1},
			{"appName": "비디오", "usage": 1},
			{"appName": "드라이브", "usage": 1},
			{"appName": "KLMS", "usage": 1},
		]
	},
]
