[
	{
		"date": 1,
		"totalTime": 510,
		"details": [
			{"appName": "Chrome", "usage": 108},
			{"appName": "Facebook", "usage": 88},
			{"appName": "FIFA Mobile", "usage": 53},
			{"appName": "카카오톡", "usage": 47},
			{"appName": "Samsung Experience 홈", "usage": 47},
			{"appName": "전화", "usage": 23},
			{"appName": "Samsung Music", "usage": 18},
			{"appName": "YouTube", "usage": 12},
			{"appName": "Microsoft Band", "usage": 12},
			{"appName": "Messenger", "usage": 12},
			{"appName": "Samsung Notes", "usage": 10},
			{"appName": "설정", "usage": 9},
			{"appName": "코레일톡", "usage": 8},
			{"appName": "Forza", "usage": 7},
			{"appName": "삼성 인터넷", "usage": 6},
			{"appName": "갤러리", "usage": 5},
			{"appName": "시스템 UI", "usage": 4},
			{"appName": "Polar Beat", "usage": 4},
			{"appName": "Paco", "usage": 4},
			{"appName": "Melon", "usage": 3},
			{"appName": "내 파일", "usage": 2},
			{"appName": "Google Play 스토어", "usage": 2},
			{"appName": "시계", "usage": 1},
			{"appName": "디바이스 관리", "usage": 1},
			{"appName": "MangoPlate", "usage": 1},
			{"appName": "KLMS", "usage": 1},
			{"appName": "Google Play 서비스", "usage": 1},
			{"appName": "Dropsync", "usage": 1},
			{"appName": "ABC Logger", "usage": 1},
		]
	},
	{
		"date": 2,
		"totalTime": 399,
		"details": [
			{"appName": "Facebook", "usage": 133},
			{"appName": "카카오톡", "usage": 52},
			{"appName": "Chrome", "usage": 47},
			{"appName": "Samsung Experience 홈", "usage": 39},
			{"appName": "한컴오피스 viewer", "usage": 19},
			{"appName": "YouTube", "usage": 18},
			{"appName": "Samsung Music", "usage": 18},
			{"appName": "FIFA Mobile", "usage": 15},
			{"appName": "Samsung Notes", "usage": 10},
			{"appName": "Messenger", "usage": 10},
			{"appName": "코레일톡", "usage": 8},
			{"appName": "Paco", "usage": 4},
			{"appName": "Polar Beat", "usage": 3},
			{"appName": "Melon", "usage": 3},
			{"appName": "전화", "usage": 2},
			{"appName": "설정", "usage": 2},
			{"appName": "원터치개인", "usage": 1},
			{"appName": "시스템 UI", "usage": 1},
			{"appName": "KLMS", "usage": 1},
			{"appName": "Forza", "usage": 1},
		]
	},
	{
		"date": 3,
		"totalTime": 443,
		"details": [
			{"appName": "Facebook", "usage": 162},
			{"appName": "카카오톡", "usage": 54},
			{"appName": "Chrome", "usage": 54},
			{"appName": "Samsung Experience 홈", "usage": 41},
			{"appName": "YouTube", "usage": 24},
			{"appName": "한컴오피스 viewer", "usage": 21},
			{"appName": "원터치개인", "usage": 21},
			{"appName": "Samsung Music", "usage": 15},
			{"appName": "FIFA Mobile", "usage": 13},
			{"appName": "Messenger", "usage": 11},
			{"appName": "전화", "usage": 2},
			{"appName": "Paco", "usage": 2},
			{"appName": "Melon", "usage": 2},
			{"appName": "시스템 UI", "usage": 1},
			{"appName": "설정", "usage": 1},
			{"appName": "Samsung Notes", "usage": 1},
			{"appName": "Polar Beat", "usage": 1},
			{"appName": "KLMS", "usage": 1},
		]
	},
	{
		"date": 4,
		"totalTime": 423,
		"details": [
			{"appName": "Facebook", "usage": 169},
			{"appName": "Chrome", "usage": 66},
			{"appName": "카카오톡", "usage": 40},
			{"appName": "Samsung Experience 홈", "usage": 36},
			{"appName": "YouTube", "usage": 24},
			{"appName": "Messenger", "usage": 24},
			{"appName": "원터치개인", "usage": 21},
			{"appName": "전화", "usage": 11},
			{"appName": "Melon", "usage": 8},
			{"appName": "시스템 UI", "usage": 2},
			{"appName": "설정", "usage": 2},
			{"appName": "메시지", "usage": 2},
			{"appName": "Paco", "usage": 2},
			{"appName": "코레일톡", "usage": 1},
			{"appName": "Samsung Notes", "usage": 1},
		]
	},
	{
		"date": 5,
		"totalTime": 397,
		"details": [
			{"appName": "Facebook", "usage": 108},
			{"appName": "FIFA Mobile", "usage": 51},
			{"appName": "Chrome", "usage": 48},
			{"appName": "Samsung Experience 홈", "usage": 38},
			{"appName": "카카오톡", "usage": 26},
			{"appName": "Messenger", "usage": 26},
			{"appName": "Forza", "usage": 22},
			{"appName": "전화", "usage": 11},
			{"appName": "삼성 인터넷", "usage": 10},
			{"appName": "YouTube", "usage": 8},
			{"appName": "Melon", "usage": 8},
			{"appName": "갤러리", "usage": 5},
			{"appName": "음성 녹음", "usage": 4},
			{"appName": "Paco", "usage": 4},
			{"appName": "시스템 UI", "usage": 3},
			{"appName": "Samsung Music", "usage": 3},
			{"appName": "설정", "usage": 2},
			{"appName": "메시지", "usage": 2},
			{"appName": "SNOW", "usage": 2},
			{"appName": "코레일톡", "usage": 1},
			{"appName": "연락처", "usage": 1},
		]
	},
	{
		"date": 6,
		"totalTime": 366,
		"details": [
			{"appName": "Facebook", "usage": 91},
			{"appName": "Chrome", "usage": 72},
			{"appName": "FIFA Mobile", "usage": 51},
			{"appName": "카카오톡", "usage": 26},
			{"appName": "Messenger", "usage": 23},
			{"appName": "Forza", "usage": 22},
			{"appName": "Samsung Experience 홈", "usage": 16},
			{"appName": "YouTube", "usage": 15},
			{"appName": "삼성 인터넷", "usage": 10},
			{"appName": "갤러리", "usage": 5},
			{"appName": "음성 녹음", "usage": 4},
			{"appName": "Paco", "usage": 4},
			{"appName": "전화", "usage": 3},
			{"appName": "시스템 UI", "usage": 3},
			{"appName": "Samsung Music", "usage": 3},
			{"appName": "SNOW", "usage": 2},
			{"appName": "Melon", "usage": 2},
			{"appName": "연락처", "usage": 1},
			{"appName": "설정", "usage": 1},
			{"appName": "SR 고속열차", "usage": 1},
		]
	},
	{
		"date": 7,
		"totalTime": 381,
		"details": [
			{"appName": "Facebook", "usage": 91},
			{"appName": "Chrome", "usage": 72},
			{"appName": "카카오톡", "usage": 67},
			{"appName": "Messenger", "usage": 40},
			{"appName": "YouTube", "usage": 24},
			{"appName": "Samsung Experience 홈", "usage": 18},
			{"appName": "Forza", "usage": 15},
			{"appName": "SR 고속열차", "usage": 11},
			{"appName": "삼성 인터넷", "usage": 9},
			{"appName": "전화", "usage": 4},
			{"appName": "Samsung Music", "usage": 4},
			{"appName": "시스템 UI", "usage": 3},
			{"appName": "에브리타임", "usage": 2},
			{"appName": "갤러리", "usage": 2},
			{"appName": "SNOW", "usage": 2},
			{"appName": "시계", "usage": 1},
			{"appName": "설정", "usage": 1},
			{"appName": "Paco", "usage": 1},
			{"appName": "Melon", "usage": 1},
		]
	},
]
