[
	{
		"date": 1,
		"totalTime": 435,
		"details": [
			{"appName": "Facebook", "usage": 96},
			{"appName": "FIFA Mobile", "usage": 95},
			{"appName": "카카오톡", "usage": 40},
			{"appName": "Samsung Experience 홈", "usage": 31},
			{"appName": "YouTube", "usage": 26},
			{"appName": "Samsung Notes", "usage": 22},
			{"appName": "네이버TV", "usage": 17},
			{"appName": "삼성 인터넷", "usage": 16},
			{"appName": "배달의민족", "usage": 13},
			{"appName": "Paco", "usage": 8},
			{"appName": "Instagram", "usage": 8},
			{"appName": "메시지", "usage": 7},
			{"appName": "카카오톡 치즈", "usage": 6},
			{"appName": "전화", "usage": 6},
			{"appName": "퓨처파이트", "usage": 4},
			{"appName": "팝콘티비", "usage": 3},
			{"appName": "Polar Beat", "usage": 3},
			{"appName": "Microsoft Health", "usage": 3},
			{"appName": "KLMS", "usage": 3},
			{"appName": "패키지 설치 프로그램", "usage": 1},
			{"appName": "캘린더", "usage": 1},
			{"appName": "에브리타임", "usage": 1},
			{"appName": "알라미", "usage": 1},
			{"appName": "설정", "usage": 1},
			{"appName": "밥대생", "usage": 1},
			{"appName": "Microsoft Band", "usage": 1},
			{"appName": "Google Play 스토어", "usage": 1},
		]
	},
	{
		"date": 2,
		"totalTime": 575,
		"details": [
			{"appName": "FIFA Mobile", "usage": 153},
			{"appName": "Facebook", "usage": 77},
			{"appName": "드라이브", "usage": 60},
			{"appName": "카카오톡", "usage": 47},
			{"appName": "YouTube", "usage": 47},
			{"appName": "Samsung Experience 홈", "usage": 42},
			{"appName": "삼성 인터넷", "usage": 27},
			{"appName": "배달의민족", "usage": 13},
			{"appName": "MAXIM KOREA HD", "usage": 13},
			{"appName": "네이버TV", "usage": 11},
			{"appName": "메시지", "usage": 10},
			{"appName": "퓨처파이트", "usage": 9},
			{"appName": "전화", "usage": 9},
			{"appName": "팝콘티비", "usage": 6},
			{"appName": "카메라", "usage": 3},
			{"appName": "알라미", "usage": 3},
			{"appName": "Samsung Pay", "usage": 3},
			{"appName": "Polar Beat", "usage": 3},
			{"appName": "Paco", "usage": 3},
			{"appName": "갤러리", "usage": 2},
			{"appName": "SODA", "usage": 2},
			{"appName": "Google Play 스토어", "usage": 2},
			{"appName": "이메일", "usage": 1},
			{"appName": "벅스", "usage": 1},
			{"appName": "네이버 사전", "usage": 1},
			{"appName": "계산기", "usage": 1},
			{"appName": "Samsung Notes", "usage": 1},
			{"appName": "LoL 프렌즈", "usage": 1},
			{"appName": "KLMS", "usage": 1},
			{"appName": "Instagram", "usage": 1},
		]
	},
	{
		"date": 3,
		"totalTime": 335,
		"details": [
			{"appName": "Facebook", "usage": 91},
			{"appName": "카카오톡", "usage": 56},
			{"appName": "FIFA Mobile", "usage": 43},
			{"appName": "Samsung Experience 홈", "usage": 39},
			{"appName": "삼성 인터넷", "usage": 30},
			{"appName": "메시지", "usage": 21},
			{"appName": "전화", "usage": 8},
			{"appName": "팝콘티비", "usage": 6},
			{"appName": "갤러리", "usage": 3},
			{"appName": "Samsung Pay", "usage": 3},
			{"appName": "Paco", "usage": 3},
			{"appName": "알라미", "usage": 2},
			{"appName": "삼성앱카드", "usage": 2},
			{"appName": "SODA", "usage": 2},
			{"appName": "카메라", "usage": 1},
			{"appName": "설정", "usage": 1},
			{"appName": "벅스", "usage": 1},
			{"appName": "YouTube", "usage": 1},
			{"appName": "Messenger", "usage": 1},
			{"appName": "KLMS", "usage": 1},
			{"appName": "Google Play 스토어", "usage": 1},
			{"appName": "", "usage": 1},
		]
	},
	{
		"date": 4,
		"totalTime": 338,
		"details": [
			{"appName": "Facebook", "usage": 60},
			{"appName": "퓨처파이트", "usage": 59},
			{"appName": "카카오톡", "usage": 39},
			{"appName": "Samsung Experience 홈", "usage": 33},
			{"appName": "삼성 인터넷", "usage": 21},
			{"appName": "전화", "usage": 20},
			{"appName": "YouTube", "usage": 19},
			{"appName": "알라미", "usage": 15},
			{"appName": "FIFA Mobile", "usage": 15},
			{"appName": "메시지", "usage": 7},
			{"appName": "시외버스	모바일", "usage": 4},
			{"appName": "Draw It", "usage": 4},
			{"appName": "갤러리", "usage": 3},
			{"appName": "Paco", "usage": 3},
			{"appName": "KAIST Library", "usage": 3},
			{"appName": "네이버 지도", "usage": 2},
			{"appName": "팝콘티비", "usage": 1},
			{"appName": "벅스", "usage": 1},
			{"appName": "네이버TV", "usage": 1},
			{"appName": "SR 고속열차", "usage": 1},
			{"appName": "SODA", "usage": 1},
			{"appName": "Instagram", "usage": 1},
			{"appName": "Google Play 스토어", "usage": 1},
			{"appName": "", "usage": 1},
		]
	},
	{
		"date": 5,
		"totalTime": 409,
		"details": [
			{"appName": "퓨처파이트", "usage": 74},
			{"appName": "카카오톡", "usage": 63},
			{"appName": "Facebook", "usage": 62},
			{"appName": "Samsung Experience 홈", "usage": 24},
			{"appName": "네이버TV", "usage": 22},
			{"appName": "시외버스	모바일", "usage": 21},
			{"appName": "YouTube", "usage": 19},
			{"appName": "팝콘티비", "usage": 17},
			{"appName": "삼성 인터넷", "usage": 16},
			{"appName": "네이버 지도", "usage": 16},
			{"appName": "FIFA Mobile", "usage": 15},
			{"appName": "전화", "usage": 8},
			{"appName": "벅스", "usage": 8},
			{"appName": "갤러리", "usage": 7},
			{"appName": "메시지", "usage": 4},
			{"appName": "카메라", "usage": 3},
			{"appName": "알라미", "usage": 2},
			{"appName": "비디오 플레이어", "usage": 2},
			{"appName": "Paco", "usage": 2},
			{"appName": "설정", "usage": 1},
			{"appName": "삼성앱카드", "usage": 1},
			{"appName": "SR 고속열차", "usage": 1},
			{"appName": "SODA", "usage": 1},
			{"appName": "Polar Beat", "usage": 1},
			{"appName": "Photo Wonder", "usage": 1},
			{"appName": "Instagram", "usage": 1},
		]
	},
	{
		"date": 6,
		"totalTime": 505,
		"details": [
			{"appName": "퓨처파이트", "usage": 101},
			{"appName": "카카오톡", "usage": 97},
			{"appName": "Facebook", "usage": 64},
			{"appName": "팝콘티비", "usage": 52},
			{"appName": "Samsung Experience 홈", "usage": 30},
			{"appName": "삼성 인터넷", "usage": 27},
			{"appName": "YouTube", "usage": 25},
			{"appName": "네이버 지도", "usage": 23},
			{"appName": "네이버TV", "usage": 22},
			{"appName": "FIFA Mobile", "usage": 10},
			{"appName": "갤러리", "usage": 8},
			{"appName": "벅스", "usage": 6},
			{"appName": "시외버스	모바일", "usage": 5},
			{"appName": "카메라", "usage": 3},
			{"appName": "메시지", "usage": 3},
			{"appName": "카카오맵", "usage": 2},
			{"appName": "삼성앱카드", "usage": 2},
			{"appName": "전화", "usage": 1},
			{"appName": "원터치개인", "usage": 1},
			{"appName": "알라미", "usage": 1},
			{"appName": "설정", "usage": 1},
			{"appName": "SODA", "usage": 1},
			{"appName": "Messenger", "usage": 1},
			{"appName": "Instagram", "usage": 1},
		]
	},
	{
		"date": 7,
		"totalTime": 389,
		"details": [
			{"appName": "퓨처파이트", "usage": 71},
			{"appName": "Facebook", "usage": 62},
			{"appName": "팝콘티비", "usage": 54},
			{"appName": "YouTube", "usage": 47},
			{"appName": "카카오톡", "usage": 36},
			{"appName": "삼성 인터넷", "usage": 32},
			{"appName": "Samsung Experience 홈", "usage": 32},
			{"appName": "시외버스	모바일", "usage": 12},
			{"appName": "네이버 지도", "usage": 11},
			{"appName": "카카오 T", "usage": 2},
			{"appName": "벅스", "usage": 2},
			{"appName": "갤러리", "usage": 2},
			{"appName": "Instagram", "usage": 2},
			{"appName": "전화", "usage": 1},
			{"appName": "원터치개인", "usage": 1},
			{"appName": "알파카", "usage": 1},
			{"appName": "알라미", "usage": 1},
			{"appName": "메시지", "usage": 1},
			{"appName": "네이버TV", "usage": 1},
			{"appName": "Photo Wonder", "usage": 1},
			{"appName": "Paco", "usage": 1},
		]
	},
]
