[
	{
		"date": 1,
		"totalTime": 324,
		"details": [
			{"appName": "T map", "usage": 43},
			{"appName": "Facebook", "usage": 43},
			{"appName": "네이버 웹툰", "usage": 29},
			{"appName": "카카오톡", "usage": 27},
			{"appName": "Chrome", "usage": 20},
			{"appName": "기본홈", "usage": 19},
			{"appName": "Polar Beat", "usage": 18},
			{"appName": "T전화", "usage": 14},
			{"appName": "Instagram", "usage": 14},
			{"appName": "Melon", "usage": 12},
			{"appName": "쿠팡", "usage": 11},
			{"appName": "Paco", "usage": 8},
			{"appName": "한컴오피스 viewer", "usage": 7},
			{"appName": "Microsoft Band", "usage": 7},
			{"appName": "메시지", "usage": 6},
			{"appName": "드라이브", "usage": 4},
			{"appName": "Google Play 스토어", "usage": 4},
			{"appName": "프레젠테이션", "usage": 3},
			{"appName": "설정", "usage": 3},
			{"appName": "배달의민족", "usage": 3},
			{"appName": "Android 시스템", "usage": 2},
			{"appName": "ABC Logger", "usage": 2},
			{"appName": "패키지 설치 프로그램", "usage": 1},
			{"appName": "접근성", "usage": 1},
			{"appName": "알라미", "usage": 1},
			{"appName": "시스템 UI", "usage": 1},
			{"appName": "Logger", "usage": 1},
			{"appName": "Dropsync", "usage": 1},
			{"appName": "Bluetooth", "usage": 1},
		]
	},
	{
		"date": 2,
		"totalTime": 286,
		"details": [
			{"appName": "Facebook", "usage": 33},
			{"appName": "네이버 웹툰", "usage": 32},
			{"appName": "카카오톡", "usage": 31},
			{"appName": "Chrome", "usage": 27},
			{"appName": "Polar Beat", "usage": 24},
			{"appName": "Instagram", "usage": 24},
			{"appName": "음악", "usage": 14},
			{"appName": "쿠팡", "usage": 13},
			{"appName": "메시지", "usage": 13},
			{"appName": "T전화", "usage": 10},
			{"appName": "기본홈", "usage": 9},
			{"appName": "프레젠테이션", "usage": 4},
			{"appName": "원터치알림", "usage": 3},
			{"appName": "설정", "usage": 3},
			{"appName": "배달의민족", "usage": 3},
			{"appName": "T world", "usage": 3},
			{"appName": "Melon", "usage": 3},
			{"appName": "Bluetooth", "usage": 3},
			{"appName": "원터치개인", "usage": 2},
			{"appName": "드라이브", "usage": 2},
			{"appName": "Polaris Office", "usage": 2},
			{"appName": "Paco", "usage": 2},
			{"appName": "패키지 설치 프로그램", "usage": 1},
			{"appName": "접근성", "usage": 1},
			{"appName": "알라미", "usage": 1},
			{"appName": "네이버 카페", "usage": 1},
			{"appName": "Wi-Fi", "usage": 1},
			{"appName": "Microsoft Band", "usage": 1},
		]
	},
	{
		"date": 3,
		"totalTime": 346,
		"details": [
			{"appName": "YouTube", "usage": 78},
			{"appName": "Facebook", "usage": 42},
			{"appName": "카카오톡", "usage": 34},
			{"appName": "Chrome", "usage": 33},
			{"appName": "네이버 웹툰", "usage": 28},
			{"appName": "Instagram", "usage": 23},
			{"appName": "쿠팡", "usage": 14},
			{"appName": "음악", "usage": 14},
			{"appName": "스프레드시트", "usage": 13},
			{"appName": "기본홈", "usage": 9},
			{"appName": "T전화", "usage": 8},
			{"appName": "드라이브", "usage": 6},
			{"appName": "Polar Beat", "usage": 4},
			{"appName": "Melon", "usage": 4},
			{"appName": "원터치알림", "usage": 3},
			{"appName": "T world", "usage": 3},
			{"appName": "Paco", "usage": 3},
			{"appName": "원터치개인", "usage": 2},
			{"appName": "메시지", "usage": 2},
			{"appName": "국세청 홈택스", "usage": 2},
			{"appName": "Polaris Office", "usage": 2},
			{"appName": "접근성", "usage": 1},
			{"appName": "네이버 카페", "usage": 1},
			{"appName": "Google", "usage": 1},
		]
	},
	{
		"date": 4,
		"totalTime": 381,
		"details": [
			{"appName": "YouTube", "usage": 83},
			{"appName": "카카오톡", "usage": 42},
			{"appName": "Facebook", "usage": 39},
			{"appName": "Chrome", "usage": 34},
			{"appName": "쿠팡", "usage": 26},
			{"appName": "네이버 웹툰", "usage": 25},
			{"appName": "Polar Beat", "usage": 23},
			{"appName": "Instagram", "usage": 20},
			{"appName": "T전화", "usage": 19},
			{"appName": "기본홈", "usage": 14},
			{"appName": "네이버 카페", "usage": 9},
			{"appName": "알람/시계", "usage": 5},
			{"appName": "Paco", "usage": 5},
			{"appName": "Melon", "usage": 5},
			{"appName": "메시지", "usage": 4},
			{"appName": "MX 플레이어", "usage": 4},
			{"appName": "카메라", "usage": 2},
			{"appName": "국세청 홈택스", "usage": 2},
			{"appName": "알라미", "usage": 1},
			{"appName": "시스템 UI", "usage": 1},
			{"appName": "미세미세", "usage": 1},
			{"appName": "Polaris Office", "usage": 1},
			{"appName": "Google", "usage": 1},
			{"appName": "AhnLab V3 Mobile Plus 2.0", "usage": 1},
		]
	},
	{
		"date": 5,
		"totalTime": 370,
		"details": [
			{"appName": "Facebook", "usage": 80},
			{"appName": "Instagram", "usage": 51},
			{"appName": "T map", "usage": 33},
			{"appName": "YouTube", "usage": 30},
			{"appName": "카카오톡", "usage": 29},
			{"appName": "쿠팡", "usage": 27},
			{"appName": "네이버 웹툰", "usage": 25},
			{"appName": "Chrome", "usage": 18},
			{"appName": "네이트", "usage": 16},
			{"appName": "T전화", "usage": 15},
			{"appName": "네이버 카페", "usage": 9},
			{"appName": "기본홈", "usage": 9},
			{"appName": "MX 플레이어", "usage": 5},
			{"appName": "Paco", "usage": 4},
			{"appName": "Melon", "usage": 4},
			{"appName": "미세미세", "usage": 2},
			{"appName": "알라미", "usage": 1},
		]
	},
	{
		"date": 6,
		"totalTime": 399,
		"details": [
			{"appName": "Facebook", "usage": 83},
			{"appName": "T map", "usage": 66},
			{"appName": "Instagram", "usage": 41},
			{"appName": "네이버 웹툰", "usage": 40},
			{"appName": "Chrome", "usage": 32},
			{"appName": "YouTube", "usage": 30},
			{"appName": "카카오톡", "usage": 25},
			{"appName": "기본홈", "usage": 24},
			{"appName": "T전화", "usage": 15},
			{"appName": "쿠팡", "usage": 7},
			{"appName": "Melon", "usage": 7},
			{"appName": "와디즈", "usage": 6},
			{"appName": "Paco", "usage": 4},
			{"appName": "네이버 카페", "usage": 3},
			{"appName": "접근성", "usage": 1},
			{"appName": "네트워크", "usage": 1},
			{"appName": "MX 플레이어", "usage": 1},
		]
	},
	{
		"date": 7,
		"totalTime": 357,
		"details": [
			{"appName": "Facebook", "usage": 174},
			{"appName": "Instagram", "usage": 56},
			{"appName": "네이버 웹툰", "usage": 30},
			{"appName": "Chrome", "usage": 19},
			{"appName": "카카오톡", "usage": 17},
			{"appName": "T전화", "usage": 15},
			{"appName": "쿠팡", "usage": 8},
			{"appName": "와디즈", "usage": 7},
			{"appName": "기본홈", "usage": 7},
			{"appName": "Melon", "usage": 4},
			{"appName": "Paco", "usage": 3},
			{"appName": "접근성", "usage": 2},
			{"appName": "YouTube", "usage": 2},
			{"appName": "메시지", "usage": 1},
			{"appName": "네트워크", "usage": 1},
			{"appName": "T멤버십", "usage": 1},
		]
	},
]
