[
	{
		"date": 1,
		"totalTime": 151,
		"details": [
			{"appName": "카카오톡", "usage": 57},
			{"appName": "Chrome", "usage": 19},
			{"appName": "신한카드", "usage": 16},
			{"appName": "시계", "usage": 13},
			{"appName": "첫화면 상식", "usage": 11},
			{"appName": "메시지", "usage": 7},
			{"appName": "Samsung Experience 홈", "usage": 5},
			{"appName": "CGV", "usage": 4},
			{"appName": "Polar Beat", "usage": 3},
			{"appName": "이메일", "usage": 1},
			{"appName": "밥대생", "usage": 1},
			{"appName": "T전화", "usage": 1},
			{"appName": "Samsung Notes", "usage": 1},
			{"appName": "ABC Logger", "usage": 1},
		]
	},
	{
		"date": 2,
		"totalTime": 472,
		"details": [
			{"appName": "카카오톡", "usage": 185},
			{"appName": "메시지", "usage": 103},
			{"appName": "Samsung Experience 홈", "usage": 29},
			{"appName": "Chrome", "usage": 22},
			{"appName": "첫화면 상식", "usage": 16},
			{"appName": "신한카드", "usage": 16},
			{"appName": "뱅크샐러드", "usage": 9},
			{"appName": "T전화", "usage": 7},
			{"appName": "Polar Beat", "usage": 7},
			{"appName": "토스", "usage": 6},
			{"appName": "Instagram", "usage": 6},
			{"appName": "신한 쏠(SOL)", "usage": 5},
			{"appName": "설정", "usage": 4},
			{"appName": "Paco", "usage": 4},
			{"appName": "Google Play 스토어", "usage": 4},
			{"appName": "Microsoft Health", "usage": 3},
			{"appName": "Cookie Run: OvenBreak", "usage": 3},
			{"appName": "패키지 설치 프로그램", "usage": 2},
			{"appName": "음성 녹음", "usage": 2},
			{"appName": "우리카드", "usage": 2},
			{"appName": "디바이스 케어", "usage": 2},
			{"appName": "Microsoft Band", "usage": 2},
			{"appName": "Dropsync", "usage": 2},
			{"appName": "Dropbox", "usage": 2},
			{"appName": "ABC Logger", "usage": 2},
			{"appName": "카메라", "usage": 1},
			{"appName": "이메일", "usage": 1},
			{"appName": "삼성 캡처", "usage": 1},
			{"appName": "밥대생", "usage": 1},
			{"appName": "Samsung Pay", "usage": 1},
			{"appName": "Most", "usage": 1},
			{"appName": "AIA Vitality T건강걷기", "usage": 1},
		]
	},
	{
		"date": 3,
		"totalTime": 445,
		"details": [
			{"appName": "카카오톡", "usage": 172},
			{"appName": "T map", "usage": 79},
			{"appName": "메시지", "usage": 56},
			{"appName": "Samsung Experience 홈", "usage": 18},
			{"appName": "Polar Beat", "usage": 18},
			{"appName": "첫화면 상식", "usage": 13},
			{"appName": "설정", "usage": 8},
			{"appName": "토스", "usage": 7},
			{"appName": "신한카드", "usage": 7},
			{"appName": "스타벅스", "usage": 7},
			{"appName": "이메일", "usage": 6},
			{"appName": "시계", "usage": 6},
			{"appName": "Paco", "usage": 5},
			{"appName": "뱅크샐러드", "usage": 4},
			{"appName": "Chrome", "usage": 4},
			{"appName": "T전화", "usage": 3},
			{"appName": "내 파일", "usage": 2},
			{"appName": "Instagram", "usage": 2},
			{"appName": "Gmail", "usage": 2},
			{"appName": "Dropbox", "usage": 2},
			{"appName": "카카오맵", "usage": 1},
			{"appName": "신한 쏠(SOL)", "usage": 1},
			{"appName": "삼성 캡처", "usage": 1},
			{"appName": "Samsung Pay", "usage": 1},
			{"appName": "Samsung Notes", "usage": 1},
			{"appName": "Logger", "usage": 1},
		]
	},
	{
		"date": 4,
		"totalTime": 378,
		"details": [
			{"appName": "카카오톡", "usage": 237},
			{"appName": "메시지", "usage": 23},
			{"appName": "첫화면 상식", "usage": 18},
			{"appName": "Chrome", "usage": 16},
			{"appName": "배달의민족", "usage": 12},
			{"appName": "시계", "usage": 10},
			{"appName": "Samsung Experience 홈", "usage": 10},
			{"appName": "토스", "usage": 9},
			{"appName": "음성 녹음", "usage": 7},
			{"appName": "T전화", "usage": 6},
			{"appName": "Paco", "usage": 4},
			{"appName": "설정", "usage": 3},
			{"appName": "Instagram", "usage": 3},
			{"appName": "Cookie Run: OvenBreak", "usage": 3},
			{"appName": "영웅문S", "usage": 2},
			{"appName": "이메일", "usage": 1},
			{"appName": "Samsung Members", "usage": 1},
			{"appName": "Polar Beat", "usage": 1},
		]
	},
	{
		"date": 5,
		"totalTime": 315,
		"details": [
			{"appName": "카카오톡", "usage": 149},
			{"appName": "T map", "usage": 47},
			{"appName": "Chrome", "usage": 19},
			{"appName": "메시지", "usage": 15},
			{"appName": "Netflix", "usage": 15},
			{"appName": "Polar Beat", "usage": 13},
			{"appName": "Samsung Experience 홈", "usage": 11},
			{"appName": "첫화면 상식", "usage": 7},
			{"appName": "Most", "usage": 5},
			{"appName": "Paco", "usage": 4},
			{"appName": "마카롱", "usage": 3},
			{"appName": "Instagram", "usage": 3},
			{"appName": "Melon", "usage": 2},
			{"appName": "해피포인트", "usage": 1},
			{"appName": "패키지 설치 프로그램", "usage": 1},
			{"appName": "카메라", "usage": 1},
			{"appName": "지도", "usage": 1},
			{"appName": "원터치개인", "usage": 1},
			{"appName": "뱅크샐러드", "usage": 1},
			{"appName": "갤러리", "usage": 1},
			{"appName": "KIA고객앱", "usage": 1},
			{"appName": "Cookie Run: OvenBreak", "usage": 1},
		]
	},
	{
		"date": 6,
		"totalTime": 255,
		"details": [
			{"appName": "카카오톡", "usage": 92},
			{"appName": "自走棋测试服", "usage": 66},
			{"appName": "T map", "usage": 17},
			{"appName": "첫화면 상식", "usage": 11},
			{"appName": "음성 녹음", "usage": 10},
			{"appName": "Samsung Experience 홈", "usage": 10},
			{"appName": "갤러리", "usage": 9},
			{"appName": "Chrome", "usage": 9},
			{"appName": "Paco", "usage": 5},
			{"appName": "마카롱", "usage": 3},
			{"appName": "카메라", "usage": 2},
			{"appName": "우리카드", "usage": 2},
			{"appName": "Melon", "usage": 2},
			{"appName": "패키지 설치 프로그램", "usage": 1},
			{"appName": "이메일", "usage": 1},
			{"appName": "YouTube", "usage": 1},
			{"appName": "Samsung Pay", "usage": 1},
			{"appName": "Cookie Run: OvenBreak", "usage": 1},
		]
	},
	{
		"date": 7,
		"totalTime": 200,
		"details": [
			{"appName": "카카오톡", "usage": 51},
			{"appName": "Samsung Experience 홈", "usage": 20},
			{"appName": "첫화면 상식", "usage": 18},
			{"appName": "T map", "usage": 13},
			{"appName": "메시지", "usage": 11},
			{"appName": "시계", "usage": 7},
			{"appName": "Samsung Notes", "usage": 7},
			{"appName": "Instagram", "usage": 7},
			{"appName": "Dropbox", "usage": 7},
			{"appName": "설정", "usage": 5},
			{"appName": "펀드슈퍼마켓", "usage": 4},
			{"appName": "T전화", "usage": 4},
			{"appName": "Paco", "usage": 4},
			{"appName": "마카롱", "usage": 3},
			{"appName": "ZUMO", "usage": 3},
			{"appName": "Microsoft Health", "usage": 3},
			{"appName": "Chrome", "usage": 3},
			{"appName": "리마인더", "usage": 2},
			{"appName": "KAIST 전자식복무관리시스템", "usage": 2},
			{"appName": "카메라", "usage": 1},
			{"appName": "전화", "usage": 1},
			{"appName": "이메일", "usage": 1},
			{"appName": "블루투스", "usage": 1},
			{"appName": "내 파일", "usage": 1},
			{"appName": "갤러리", "usage": 1},
			{"appName": "Polar Beat", "usage": 1},
			{"appName": "Logger", "usage": 1},
			{"appName": "Google Play 스토어", "usage": 1},
		]
	},
]
