[
	{
		"date": 1,
		"totalTime": 193,
		"details": [
			{"appName": "Chrome", "usage": 49},
			{"appName": "계산기", "usage": 29},
			{"appName": "기본홈", "usage": 21},
			{"appName": "카카오톡", "usage": 19},
			{"appName": "네이버 웹툰", "usage": 16},
			{"appName": "T전화", "usage": 12},
			{"appName": "Facebook", "usage": 9},
			{"appName": "고음질 녹음", "usage": 6},
			{"appName": "드라이브", "usage": 5},
			{"appName": "Polar Beat", "usage": 5},
			{"appName": "Paco", "usage": 3},
			{"appName": "캘린더", "usage": 2},
			{"appName": "Traffic Run!", "usage": 2},
			{"appName": "Instagram", "usage": 2},
		],
		"keys": [
			{"hour": "0", "usage": 2},
			{"hour": "1", "usage": 17},
			{"hour": "2", "usage": 3},
			{"hour": "3", "usage": 19},
			{"hour": "4", "usage": 9},
			{"hour": "5", "usage": 4},
			{"hour": "6", "usage": 15},
			{"hour": "7", "usage": 10},
			{"hour": "8", "usage": 32},
			{"hour": "9", "usage": 8},
			{"hour": "10", "usage": 7},
			{"hour": "11", "usage": 1},
			{"hour": "12", "usage": 0},
			{"hour": "13", "usage": 1},
			{"hour": "14", "usage": 3},
			{"hour": "15", "usage": 1},
			{"hour": "16", "usage": 23},
			{"hour": "17", "usage": 0},
			{"hour": "18", "usage": 4},
			{"hour": "19", "usage": 24},
			{"hour": "20", "usage": 0},
			{"hour": "21", "usage": 0},
			{"hour": "22", "usage": 0},
			{"hour": "23", "usage": 0},
		]
	},
	{
		"date": 2,
		"totalTime": 164,
		"details": [
			{"appName": "Chrome", "usage": 57},
			{"appName": "카카오톡", "usage": 43},
			{"appName": "기본홈", "usage": 15},
			{"appName": "네이버 웹툰", "usage": 10},
			{"appName": "Polar Beat", "usage": 10},
			{"appName": "Facebook", "usage": 9},
			{"appName": "원터치알림", "usage": 4},
			{"appName": "Piazza", "usage": 3},
			{"appName": "Paco", "usage": 3},
			{"appName": "갤러리", "usage": 1},
			{"appName": "Instagram", "usage": 1},
		],
		"keys": [
			{"hour": "0", "usage": 0},
			{"hour": "1", "usage": 0},
			{"hour": "2", "usage": 6},
			{"hour": "3", "usage": 2},
			{"hour": "4", "usage": 11},
			{"hour": "5", "usage": 8},
			{"hour": "6", "usage": 1},
			{"hour": "7", "usage": 6},
			{"hour": "8", "usage": 4},
			{"hour": "9", "usage": 3},
			{"hour": "10", "usage": 30},
			{"hour": "11", "usage": 27},
			{"hour": "12", "usage": 0},
			{"hour": "13", "usage": 8},
			{"hour": "14", "usage": 10},
			{"hour": "15", "usage": 18},
			{"hour": "16", "usage": 3},
			{"hour": "17", "usage": 5},
			{"hour": "18", "usage": 15},
			{"hour": "19", "usage": 0},
			{"hour": "20", "usage": 0},
			{"hour": "21", "usage": 0},
			{"hour": "22", "usage": 0},
			{"hour": "23", "usage": 0},
		]
	},
	{
		"date": 3,
		"totalTime": 406,
		"details": [
			{"appName": "네이버 웹툰", "usage": 142},
			{"appName": "Chrome", "usage": 130},
			{"appName": "카카오톡", "usage": 37},
			{"appName": "기본홈", "usage": 26},
			{"appName": "Facebook", "usage": 23},
			{"appName": "YouTube", "usage": 7},
			{"appName": "Free DS For Android 6", "usage": 7},
			{"appName": "T전화", "usage": 6},
			{"appName": "Paco", "usage": 3},
			{"appName": "Logger", "usage": 3},
			{"appName": "Just Dance Now", "usage": 3},
			{"appName": "Instagram", "usage": 2},
			{"appName": "Q메모+", "usage": 1},
			{"appName": "Polar Beat", "usage": 1},
			{"appName": "Google Play 스토어", "usage": 1},
		],
		"keys": [
			{"hour": "0", "usage": 0},
			{"hour": "1", "usage": 0},
			{"hour": "2", "usage": 29},
			{"hour": "3", "usage": 27},
			{"hour": "4", "usage": 6},
			{"hour": "5", "usage": 9},
			{"hour": "6", "usage": 5},
			{"hour": "7", "usage": 37},
			{"hour": "8", "usage": 35},
			{"hour": "9", "usage": 24},
			{"hour": "10", "usage": 2},
			{"hour": "11", "usage": 3},
			{"hour": "12", "usage": 10},
			{"hour": "13", "usage": 27},
			{"hour": "14", "usage": 8},
			{"hour": "15", "usage": 1},
			{"hour": "16", "usage": 24},
			{"hour": "17", "usage": 47},
			{"hour": "18", "usage": 44},
			{"hour": "19", "usage": 57},
			{"hour": "20", "usage": 0},
			{"hour": "21", "usage": 0},
			{"hour": "22", "usage": 0},
			{"hour": "23", "usage": 0},
		]
	},
	{
		"date": 4,
		"totalTime": 227,
		"details": [
			{"appName": "네이버 웹툰", "usage": 73},
			{"appName": "Chrome", "usage": 70},
			{"appName": "기본홈", "usage": 34},
			{"appName": "카카오톡", "usage": 18},
			{"appName": "Facebook", "usage": 11},
			{"appName": "Instagram", "usage": 8},
			{"appName": "Paco", "usage": 5},
			{"appName": "날씨", "usage": 1},
			{"appName": "T전화", "usage": 1},
		],
		"keys": [
			{"hour": "0", "usage": 0},
			{"hour": "1", "usage": 0},
			{"hour": "2", "usage": 1},
			{"hour": "3", "usage": 30},
			{"hour": "4", "usage": 40},
			{"hour": "5", "usage": 4},
			{"hour": "6", "usage": 0},
			{"hour": "7", "usage": 1},
			{"hour": "8", "usage": 13},
			{"hour": "9", "usage": 4},
			{"hour": "10", "usage": 8},
			{"hour": "11", "usage": 0},
			{"hour": "12", "usage": 1},
			{"hour": "13", "usage": 11},
			{"hour": "14", "usage": 1},
			{"hour": "15", "usage": 0},
			{"hour": "16", "usage": 34},
			{"hour": "17", "usage": 43},
			{"hour": "18", "usage": 29},
			{"hour": "19", "usage": 0},
			{"hour": "20", "usage": 0},
			{"hour": "21", "usage": 0},
			{"hour": "22", "usage": 0},
			{"hour": "23", "usage": 0},
		]
	},
	{
		"date": 5,
		"totalTime": 298,
		"details": [
			{"appName": "Chrome", "usage": 107},
			{"appName": "Facebook", "usage": 42},
			{"appName": "네이버 웹툰", "usage": 41},
			{"appName": "카카오톡", "usage": 30},
			{"appName": "기본홈", "usage": 16},
			{"appName": "Polar Beat", "usage": 13},
			{"appName": "원터치알림", "usage": 7},
			{"appName": "Tower Color", "usage": 7},
			{"appName": "Instagram", "usage": 7},
			{"appName": "T전화", "usage": 5},
			{"appName": "Paco", "usage": 3},
			{"appName": "Google", "usage": 3},
			{"appName": "카메라", "usage": 2},
			{"appName": "갤러리", "usage": 1},
			{"appName": "Melon", "usage": 1},
			{"appName": "Google Play 스토어", "usage": 1},
		],
		"keys": [
			{"hour": "0", "usage": 0},
			{"hour": "1", "usage": 0},
			{"hour": "2", "usage": 0},
			{"hour": "3", "usage": 5},
			{"hour": "4", "usage": 29},
			{"hour": "5", "usage": 39},
			{"hour": "6", "usage": 43},
			{"hour": "7", "usage": 7},
			{"hour": "8", "usage": 0},
			{"hour": "9", "usage": 32},
			{"hour": "10", "usage": 7},
			{"hour": "11", "usage": 22},
			{"hour": "12", "usage": 5},
			{"hour": "13", "usage": 12},
			{"hour": "14", "usage": 36},
			{"hour": "15", "usage": 36},
			{"hour": "16", "usage": 8},
			{"hour": "17", "usage": 10},
			{"hour": "18", "usage": 0},
			{"hour": "19", "usage": 0},
			{"hour": "20", "usage": 0},
			{"hour": "21", "usage": 0},
			{"hour": "22", "usage": 0},
			{"hour": "23", "usage": 0},
		]
	},
	{
		"date": 6,
		"totalTime": 417,
		"details": [
			{"appName": "Chrome", "usage": 247},
			{"appName": "네이버 웹툰", "usage": 73},
			{"appName": "Facebook", "usage": 26},
			{"appName": "기본홈", "usage": 24},
			{"appName": "카카오톡", "usage": 10},
			{"appName": "Instagram", "usage": 9},
			{"appName": "T전화", "usage": 6},
			{"appName": "Paco", "usage": 4},
			{"appName": "알람/시계", "usage": 2},
			{"appName": "Free DS For Android 6", "usage": 2},
			{"appName": "밥대생", "usage": 1},
			{"appName": "Piazza", "usage": 1},
			{"appName": "ABC Logger", "usage": 1},
		],
		"keys": [
			{"hour": "0", "usage": 1},
			{"hour": "1", "usage": 19},
			{"hour": "2", "usage": 7},
			{"hour": "3", "usage": 36},
			{"hour": "4", "usage": 13},
			{"hour": "5", "usage": 3},
			{"hour": "6", "usage": 44},
			{"hour": "7", "usage": 1},
			{"hour": "8", "usage": 24},
			{"hour": "9", "usage": 14},
			{"hour": "10", "usage": 6},
			{"hour": "11", "usage": 17},
			{"hour": "12", "usage": 9},
			{"hour": "13", "usage": 25},
			{"hour": "14", "usage": 22},
			{"hour": "15", "usage": 15},
			{"hour": "16", "usage": 8},
			{"hour": "17", "usage": 48},
			{"hour": "18", "usage": 46},
			{"hour": "19", "usage": 47},
			{"hour": "20", "usage": 4},
			{"hour": "21", "usage": 0},
			{"hour": "22", "usage": 0},
			{"hour": "23", "usage": 0},
		]
	},
	{
		"date": 7,
		"totalTime": 823,
		"details": [
			{"appName": "Chrome", "usage": 695},
			{"appName": "카카오톡", "usage": 50},
			{"appName": "기본홈", "usage": 27},
			{"appName": "T전화", "usage": 27},
			{"appName": "Facebook", "usage": 10},
			{"appName": "Paco", "usage": 3},
			{"appName": "Instagram", "usage": 2},
			{"appName": "갤러리", "usage": 1},
			{"appName": "Polar Beat", "usage": 1},
		],
		"keys": [
			{"hour": "0", "usage": 0},
			{"hour": "1", "usage": 0},
			{"hour": "2", "usage": 20},
			{"hour": "3", "usage": 5},
			{"hour": "4", "usage": 0},
			{"hour": "5", "usage": 19},
			{"hour": "6", "usage": 52},
			{"hour": "7", "usage": 10},
			{"hour": "8", "usage": 33},
			{"hour": "9", "usage": 9},
			{"hour": "10", "usage": 9},
			{"hour": "11", "usage": 4},
			{"hour": "12", "usage": 8},
			{"hour": "13", "usage": 2},
			{"hour": "14", "usage": 0},
			{"hour": "15", "usage": 0},
			{"hour": "16", "usage": 0},
			{"hour": "17", "usage": 0},
			{"hour": "18", "usage": 0},
			{"hour": "19", "usage": 0},
			{"hour": "20", "usage": 0},
			{"hour": "21", "usage": 0},
			{"hour": "22", "usage": 0},
			{"hour": "23", "usage": 0},
		]
	},
]
