[
	{
		"date": 1,
		"totalTime": 383,
		"details": [
			{"appName": "Chrome", "usage": 177},
			{"appName": "카카오톡", "usage": 26},
			{"appName": "전화", "usage": 26},
			{"appName": "시계", "usage": 22},
			{"appName": "Samsung Experience 홈", "usage": 21},
			{"appName": "캘린더", "usage": 16},
			{"appName": "메시지", "usage": 14},
			{"appName": "YouTube", "usage": 13},
			{"appName": "Samsung Health", "usage": 8},
			{"appName": "Polar Beat", "usage": 8},
			{"appName": "똑똑가계부", "usage": 7},
			{"appName": "Paco", "usage": 7},
			{"appName": "설정", "usage": 6},
			{"appName": "드라이브", "usage": 4},
			{"appName": "갤러리", "usage": 4},
			{"appName": "토스", "usage": 3},
			{"appName": "메모장", "usage": 3},
			{"appName": "Instagram", "usage": 2},
			{"appName": "카메라", "usage": 1},
			{"appName": "시스템 UI", "usage": 1},
			{"appName": "The Day Before", "usage": 1},
			{"appName": "Microsoft Band", "usage": 1},
		],
		"keys": [
			{"hour": "0", "usage": 44},
			{"hour": "1", "usage": 17},
			{"hour": "2", "usage": 14},
			{"hour": "3", "usage": 11},
			{"hour": "4", "usage": 1},
			{"hour": "5", "usage": 3},
			{"hour": "6", "usage": 18},
			{"hour": "7", "usage": 13},
			{"hour": "8", "usage": 38},
			{"hour": "9", "usage": 32},
			{"hour": "10", "usage": 23},
			{"hour": "11", "usage": 31},
			{"hour": "12", "usage": 25},
			{"hour": "13", "usage": 13},
			{"hour": "14", "usage": 20},
			{"hour": "15", "usage": 45},
			{"hour": "16", "usage": 15},
			{"hour": "17", "usage": 0},
			{"hour": "18", "usage": 0},
			{"hour": "19", "usage": 0},
			{"hour": "20", "usage": 0},
			{"hour": "21", "usage": 0},
			{"hour": "22", "usage": 10},
			{"hour": "23", "usage": 2},
		]
	},
	{
		"date": 2,
		"totalTime": 305,
		"details": [
			{"appName": "Chrome", "usage": 72},
			{"appName": "전화", "usage": 51},
			{"appName": "카카오톡", "usage": 42},
			{"appName": "콴다 선생님", "usage": 31},
			{"appName": "캐시워크", "usage": 20},
			{"appName": "시계", "usage": 17},
			{"appName": "Samsung Experience 홈", "usage": 12},
			{"appName": "토스", "usage": 10},
			{"appName": "Samsung Health", "usage": 10},
			{"appName": "Paco", "usage": 4},
			{"appName": "캘린더", "usage": 3},
			{"appName": "메모장", "usage": 3},
			{"appName": "YouTube", "usage": 3},
			{"appName": "Polar Beat", "usage": 3},
			{"appName": "배달의민족", "usage": 2},
			{"appName": "메시지", "usage": 2},
			{"appName": "Google Play 스토어", "usage": 2},
			{"appName": "시스템 UI", "usage": 1},
			{"appName": "설정", "usage": 1},
			{"appName": "똑똑가계부", "usage": 1},
			{"appName": "드라이브", "usage": 1},
		],
		"keys": [
			{"hour": "0", "usage": 14},
			{"hour": "1", "usage": 26},
			{"hour": "2", "usage": 21},
			{"hour": "3", "usage": 13},
			{"hour": "4", "usage": 32},
			{"hour": "5", "usage": 12},
			{"hour": "6", "usage": 1},
			{"hour": "7", "usage": 47},
			{"hour": "8", "usage": 3},
			{"hour": "9", "usage": 23},
			{"hour": "10", "usage": 21},
			{"hour": "11", "usage": 29},
			{"hour": "12", "usage": 2},
			{"hour": "13", "usage": 15},
			{"hour": "14", "usage": 13},
			{"hour": "15", "usage": 0},
			{"hour": "16", "usage": 4},
			{"hour": "17", "usage": 0},
			{"hour": "18", "usage": 0},
			{"hour": "19", "usage": 0},
			{"hour": "20", "usage": 0},
			{"hour": "21", "usage": 0},
			{"hour": "22", "usage": 2},
			{"hour": "23", "usage": 17},
		]
	},
	{
		"date": 3,
		"totalTime": 403,
		"details": [
			{"appName": "YouTube", "usage": 142},
			{"appName": "Chrome", "usage": 108},
			{"appName": "카카오톡", "usage": 38},
			{"appName": "캐시워크", "usage": 29},
			{"appName": "시계", "usage": 21},
			{"appName": "콴다 선생님", "usage": 18},
			{"appName": "Samsung Experience 홈", "usage": 6},
			{"appName": "전화", "usage": 4},
			{"appName": "Polar Beat", "usage": 4},
			{"appName": "Paco", "usage": 4},
			{"appName": "메모장", "usage": 3},
			{"appName": "Samsung Health", "usage": 3},
			{"appName": "토스", "usage": 2},
			{"appName": "캘린더", "usage": 2},
			{"appName": "똑똑가계부", "usage": 2},
			{"appName": "드라이브", "usage": 2},
			{"appName": "카카오맵", "usage": 1},
			{"appName": "시스템 UI", "usage": 1},
			{"appName": "설정", "usage": 1},
			{"appName": "메시지", "usage": 1},
			{"appName": "갤러리", "usage": 1},
		],
		"keys": [
			{"hour": "0", "usage": 22},
			{"hour": "1", "usage": 1},
			{"hour": "2", "usage": 10},
			{"hour": "3", "usage": 17},
			{"hour": "4", "usage": 24},
			{"hour": "5", "usage": 59},
			{"hour": "6", "usage": 59},
			{"hour": "7", "usage": 40},
			{"hour": "8", "usage": 31},
			{"hour": "9", "usage": 19},
			{"hour": "10", "usage": 28},
			{"hour": "11", "usage": 18},
			{"hour": "12", "usage": 5},
			{"hour": "13", "usage": 1},
			{"hour": "14", "usage": 6},
			{"hour": "15", "usage": 10},
			{"hour": "16", "usage": 29},
			{"hour": "17", "usage": 0},
			{"hour": "18", "usage": 0},
			{"hour": "19", "usage": 0},
			{"hour": "20", "usage": 10},
			{"hour": "21", "usage": 5},
			{"hour": "22", "usage": 0},
			{"hour": "23", "usage": 0},
		]
	},
	{
		"date": 4,
		"totalTime": 171,
		"details": [
			{"appName": "Chrome", "usage": 77},
			{"appName": "카카오톡", "usage": 27},
			{"appName": "Samsung Health", "usage": 11},
			{"appName": "Samsung Pay", "usage": 10},
			{"appName": "전화", "usage": 8},
			{"appName": "Samsung Experience 홈", "usage": 8},
			{"appName": "카카오맵", "usage": 7},
			{"appName": "Paco", "usage": 5},
			{"appName": "시계", "usage": 2},
			{"appName": "설정", "usage": 2},
			{"appName": "똑똑가계부", "usage": 2},
			{"appName": "캘린더", "usage": 1},
			{"appName": "메시지", "usage": 1},
			{"appName": "똑똑계산기", "usage": 1},
			{"appName": "Polar Beat", "usage": 1},
		],
		"keys": [
			{"hour": "0", "usage": 26},
			{"hour": "1", "usage": 0},
			{"hour": "2", "usage": 0},
			{"hour": "3", "usage": 4},
			{"hour": "4", "usage": 17},
			{"hour": "5", "usage": 2},
			{"hour": "6", "usage": 2},
			{"hour": "7", "usage": 5},
			{"hour": "8", "usage": 32},
			{"hour": "9", "usage": 18},
			{"hour": "10", "usage": 1},
			{"hour": "11", "usage": 0},
			{"hour": "12", "usage": 16},
			{"hour": "13", "usage": 20},
			{"hour": "14", "usage": 3},
			{"hour": "15", "usage": 4},
			{"hour": "16", "usage": 15},
			{"hour": "17", "usage": 0},
			{"hour": "18", "usage": 0},
			{"hour": "19", "usage": 0},
			{"hour": "20", "usage": 0},
			{"hour": "21", "usage": 0},
			{"hour": "22", "usage": 0},
			{"hour": "23", "usage": 0},
		]
	},
	{
		"date": 5,
		"totalTime": 218,
		"details": [
			{"appName": "Chrome", "usage": 120},
			{"appName": "Samsung Experience 홈", "usage": 42},
			{"appName": "카카오톡", "usage": 10},
			{"appName": "시계", "usage": 8},
			{"appName": "시스템 UI", "usage": 6},
			{"appName": "배달의민족", "usage": 4},
			{"appName": "전화", "usage": 3},
			{"appName": "Paco", "usage": 3},
			{"appName": "캘린더", "usage": 2},
			{"appName": "설정", "usage": 2},
			{"appName": "YouTube", "usage": 2},
			{"appName": "Samsung Pay", "usage": 2},
			{"appName": "Samsung Health", "usage": 2},
			{"appName": "카카오맵", "usage": 1},
			{"appName": "메시지", "usage": 1},
			{"appName": "Polar Beat", "usage": 1},
		],
		"keys": [
			{"hour": "0", "usage": 9},
			{"hour": "1", "usage": 0},
			{"hour": "2", "usage": 33},
			{"hour": "3", "usage": 0},
			{"hour": "4", "usage": 1},
			{"hour": "5", "usage": 7},
			{"hour": "6", "usage": 8},
			{"hour": "7", "usage": 20},
			{"hour": "8", "usage": 6},
			{"hour": "9", "usage": 0},
			{"hour": "10", "usage": 0},
			{"hour": "11", "usage": 25},
			{"hour": "12", "usage": 26},
			{"hour": "13", "usage": 8},
			{"hour": "14", "usage": 4},
			{"hour": "15", "usage": 7},
			{"hour": "16", "usage": 20},
			{"hour": "17", "usage": 13},
			{"hour": "18", "usage": 0},
			{"hour": "19", "usage": 0},
			{"hour": "20", "usage": 0},
			{"hour": "21", "usage": 0},
			{"hour": "22", "usage": 0},
			{"hour": "23", "usage": 20},
		]
	},
	{
		"date": 6,
		"totalTime": 315,
		"details": [
			{"appName": "Chrome", "usage": 85},
			{"appName": "전화", "usage": 56},
			{"appName": "카카오톡", "usage": 31},
			{"appName": "Samsung Experience 홈", "usage": 28},
			{"appName": "카메라", "usage": 13},
			{"appName": "시스템 UI", "usage": 11},
			{"appName": "똑똑가계부", "usage": 11},
			{"appName": "메시지", "usage": 10},
			{"appName": "Instagram", "usage": 10},
			{"appName": "Paco", "usage": 8},
			{"appName": "카카오맵", "usage": 6},
			{"appName": "원터치개인", "usage": 5},
			{"appName": "시계", "usage": 5},
			{"appName": "캘린더", "usage": 4},
			{"appName": "설정", "usage": 3},
			{"appName": "갤러리", "usage": 3},
			{"appName": "Samsung Pay", "usage": 3},
			{"appName": "토스", "usage": 2},
			{"appName": "연락처", "usage": 2},
			{"appName": "Samsung Health", "usage": 2},
			{"appName": "Polar Beat", "usage": 2},
			{"appName": "Briefing", "usage": 2},
			{"appName": "메모장", "usage": 1},
		],
		"keys": [
			{"hour": "0", "usage": 39},
			{"hour": "1", "usage": 20},
			{"hour": "2", "usage": 41},
			{"hour": "3", "usage": 3},
			{"hour": "4", "usage": 15},
			{"hour": "5", "usage": 5},
			{"hour": "6", "usage": 4},
			{"hour": "7", "usage": 2},
			{"hour": "8", "usage": 0},
			{"hour": "9", "usage": 0},
			{"hour": "10", "usage": 36},
			{"hour": "11", "usage": 38},
			{"hour": "12", "usage": 11},
			{"hour": "13", "usage": 15},
			{"hour": "14", "usage": 18},
			{"hour": "15", "usage": 21},
			{"hour": "16", "usage": 17},
			{"hour": "17", "usage": 0},
			{"hour": "18", "usage": 0},
			{"hour": "19", "usage": 0},
			{"hour": "20", "usage": 0},
			{"hour": "21", "usage": 0},
			{"hour": "22", "usage": 0},
			{"hour": "23", "usage": 21},
		]
	},
	{
		"date": 7,
		"totalTime": 947,
		"details": [
			{"appName": "Chrome", "usage": 693},
			{"appName": "전화", "usage": 76},
			{"appName": "카카오톡", "usage": 39},
			{"appName": "메시지", "usage": 28},
			{"appName": "콴다 선생님", "usage": 16},
			{"appName": "캘린더", "usage": 13},
			{"appName": "원터치개인", "usage": 13},
			{"appName": "KEB 하나은행", "usage": 13},
			{"appName": "Samsung Experience 홈", "usage": 12},
			{"appName": "시계", "usage": 7},
			{"appName": "Samsung Health", "usage": 5},
			{"appName": "토스", "usage": 4},
			{"appName": "똑똑가계부", "usage": 4},
			{"appName": "갤러리", "usage": 4},
			{"appName": "카카오맵", "usage": 2},
			{"appName": "우리카드", "usage": 2},
			{"appName": "Paco", "usage": 2},
			{"appName": "시스템 UI", "usage": 1},
			{"appName": "Samsung Pay", "usage": 1},
			{"appName": "Polar Beat", "usage": 1},
		],
		"keys": [
			{"hour": "0", "usage": 32},
			{"hour": "1", "usage": 9},
			{"hour": "2", "usage": 10},
			{"hour": "3", "usage": 22},
			{"hour": "4", "usage": 11},
			{"hour": "5", "usage": 0},
			{"hour": "6", "usage": 1},
			{"hour": "7", "usage": 30},
			{"hour": "8", "usage": 4},
			{"hour": "9", "usage": 43},
			{"hour": "10", "usage": 29},
			{"hour": "11", "usage": 48},
			{"hour": "12", "usage": 45},
			{"hour": "13", "usage": 1},
			{"hour": "14", "usage": 0},
			{"hour": "15", "usage": 0},
			{"hour": "16", "usage": 0},
			{"hour": "17", "usage": 0},
			{"hour": "18", "usage": 0},
			{"hour": "19", "usage": 0},
			{"hour": "20", "usage": 0},
			{"hour": "21", "usage": 0},
			{"hour": "22", "usage": 0},
			{"hour": "23", "usage": 0},
		]
	},
]
