[
	{
		"date": 1,
		"totalTime": 258,
		"details": [
			{"appName": "Chrome", "usage": 69},
			{"appName": "카카오톡", "usage": 58},
			{"appName": "YouTube", "usage": 40},
			{"appName": "Samsung Experience 홈", "usage": 29},
			{"appName": "카톡 프리뷰", "usage": 11},
			{"appName": "Polar Beat", "usage": 9},
			{"appName": "전화", "usage": 7},
			{"appName": "메시지", "usage": 6},
			{"appName": "Gmail", "usage": 3},
			{"appName": "직방", "usage": 2},
			{"appName": "시계", "usage": 2},
			{"appName": "Paco", "usage": 2},
			{"appName": "Logger", "usage": 2},
			{"appName": "Dropsync", "usage": 2},
			{"appName": "카메라", "usage": 1},
			{"appName": "원터치개인", "usage": 1},
			{"appName": "설정", "usage": 1},
			{"appName": "다방", "usage": 1},
			{"appName": "SNOW", "usage": 1},
		],
		"keys": [
			{"hour": "0", "usage": 21},
			{"hour": "1", "usage": 9},
			{"hour": "2", "usage": 29},
			{"hour": "3", "usage": 30},
			{"hour": "4", "usage": 0},
			{"hour": "5", "usage": 3},
			{"hour": "6", "usage": 8},
			{"hour": "7", "usage": 11},
			{"hour": "8", "usage": 1},
			{"hour": "9", "usage": 9},
			{"hour": "10", "usage": 29},
			{"hour": "11", "usage": 36},
			{"hour": "12", "usage": 8},
			{"hour": "13", "usage": 7},
			{"hour": "14", "usage": 7},
			{"hour": "15", "usage": 1},
			{"hour": "16", "usage": 30},
			{"hour": "17", "usage": 10},
			{"hour": "18", "usage": 0},
			{"hour": "19", "usage": 0},
			{"hour": "20", "usage": 0},
			{"hour": "21", "usage": 0},
			{"hour": "22", "usage": 0},
			{"hour": "23", "usage": 0},
		]
	},
	{
		"date": 2,
		"totalTime": 219,
		"details": [
			{"appName": "YouTube", "usage": 72},
			{"appName": "Chrome", "usage": 71},
			{"appName": "카카오톡", "usage": 29},
			{"appName": "메시지", "usage": 8},
			{"appName": "시계", "usage": 7},
			{"appName": "카톡 프리뷰", "usage": 6},
			{"appName": "Samsung Experience 홈", "usage": 6},
			{"appName": "직방", "usage": 3},
			{"appName": "다방", "usage": 3},
			{"appName": "Paco", "usage": 2},
			{"appName": "원터치개인", "usage": 1},
			{"appName": "설정", "usage": 1},
			{"appName": "Samsung Music", "usage": 1},
		],
		"keys": [
			{"hour": "0", "usage": 16},
			{"hour": "1", "usage": 4},
			{"hour": "2", "usage": 12},
			{"hour": "3", "usage": 0},
			{"hour": "4", "usage": 14},
			{"hour": "5", "usage": 0},
			{"hour": "6", "usage": 4},
			{"hour": "7", "usage": 4},
			{"hour": "8", "usage": 16},
			{"hour": "9", "usage": 45},
			{"hour": "10", "usage": 32},
			{"hour": "11", "usage": 2},
			{"hour": "12", "usage": 0},
			{"hour": "13", "usage": 0},
			{"hour": "14", "usage": 1},
			{"hour": "15", "usage": 31},
			{"hour": "16", "usage": 30},
			{"hour": "17", "usage": 0},
			{"hour": "18", "usage": 0},
			{"hour": "19", "usage": 0},
			{"hour": "20", "usage": 0},
			{"hour": "21", "usage": 0},
			{"hour": "22", "usage": 0},
			{"hour": "23", "usage": 1},
		]
	},
	{
		"date": 3,
		"totalTime": 339,
		"details": [
			{"appName": "YouTube", "usage": 128},
			{"appName": "Chrome", "usage": 72},
			{"appName": "전화", "usage": 48},
			{"appName": "카카오톡", "usage": 38},
			{"appName": "카톡 프리뷰", "usage": 12},
			{"appName": "Samsung Experience 홈", "usage": 8},
			{"appName": "직방", "usage": 7},
			{"appName": "원터치개인", "usage": 5},
			{"appName": "메시지", "usage": 3},
			{"appName": "시계", "usage": 2},
			{"appName": "다방", "usage": 2},
			{"appName": "Polar Beat", "usage": 2},
			{"appName": "카메라", "usage": 1},
			{"appName": "Paco", "usage": 1},
		],
		"keys": [
			{"hour": "0", "usage": 1},
			{"hour": "1", "usage": 6},
			{"hour": "2", "usage": 15},
			{"hour": "3", "usage": 31},
			{"hour": "4", "usage": 0},
			{"hour": "5", "usage": 30},
			{"hour": "6", "usage": 12},
			{"hour": "7", "usage": 8},
			{"hour": "8", "usage": 10},
			{"hour": "9", "usage": 3},
			{"hour": "10", "usage": 19},
			{"hour": "11", "usage": 1},
			{"hour": "12", "usage": 30},
			{"hour": "13", "usage": 55},
			{"hour": "14", "usage": 24},
			{"hour": "15", "usage": 26},
			{"hour": "16", "usage": 41},
			{"hour": "17", "usage": 19},
			{"hour": "18", "usage": 0},
			{"hour": "19", "usage": 0},
			{"hour": "20", "usage": 0},
			{"hour": "21", "usage": 0},
			{"hour": "22", "usage": 0},
			{"hour": "23", "usage": 0},
		]
	},
	{
		"date": 4,
		"totalTime": 128,
		"details": [
			{"appName": "YouTube", "usage": 43},
			{"appName": "카카오톡", "usage": 28},
			{"appName": "카톡 프리뷰", "usage": 14},
			{"appName": "Chrome", "usage": 13},
			{"appName": "컬러노트", "usage": 6},
			{"appName": "Samsung Experience 홈", "usage": 4},
			{"appName": "직방", "usage": 2},
			{"appName": "전화", "usage": 1},
			{"appName": "원터치개인", "usage": 1},
			{"appName": "설정", "usage": 1},
			{"appName": "다방", "usage": 1},
			{"appName": "Samsung Music", "usage": 1},
			{"appName": "Paco", "usage": 1},
			{"appName": "Gmail", "usage": 1},
		],
		"keys": [
			{"hour": "0", "usage": 0},
			{"hour": "1", "usage": 0},
			{"hour": "2", "usage": 0},
			{"hour": "3", "usage": 12},
			{"hour": "4", "usage": 13},
			{"hour": "5", "usage": 3},
			{"hour": "6", "usage": 3},
			{"hour": "7", "usage": 3},
			{"hour": "8", "usage": 19},
			{"hour": "9", "usage": 0},
			{"hour": "10", "usage": 9},
			{"hour": "11", "usage": 4},
			{"hour": "12", "usage": 0},
			{"hour": "13", "usage": 2},
			{"hour": "14", "usage": 18},
			{"hour": "15", "usage": 4},
			{"hour": "16", "usage": 2},
			{"hour": "17", "usage": 0},
			{"hour": "18", "usage": 2},
			{"hour": "19", "usage": 26},
			{"hour": "20", "usage": 0},
			{"hour": "21", "usage": 0},
			{"hour": "22", "usage": 0},
			{"hour": "23", "usage": 0},
		]
	},
	{
		"date": 5,
		"totalTime": 441,
		"details": [
			{"appName": "YouTube", "usage": 302},
			{"appName": "Chrome", "usage": 77},
			{"appName": "카카오톡", "usage": 12},
			{"appName": "전화", "usage": 12},
			{"appName": "Samsung Experience 홈", "usage": 12},
			{"appName": "카톡 프리뷰", "usage": 8},
			{"appName": "갤러리", "usage": 3},
			{"appName": "시계", "usage": 2},
			{"appName": "컬러노트", "usage": 1},
			{"appName": "원터치개인", "usage": 1},
			{"appName": "다방", "usage": 1},
			{"appName": "Paco", "usage": 1},
		],
		"keys": [
			{"hour": "0", "usage": 0},
			{"hour": "1", "usage": 0},
			{"hour": "2", "usage": 0},
			{"hour": "3", "usage": 49},
			{"hour": "4", "usage": 29},
			{"hour": "5", "usage": 0},
			{"hour": "6", "usage": 1},
			{"hour": "7", "usage": 56},
			{"hour": "8", "usage": 49},
			{"hour": "9", "usage": 56},
			{"hour": "10", "usage": 7},
			{"hour": "11", "usage": 2},
			{"hour": "12", "usage": 12},
			{"hour": "13", "usage": 41},
			{"hour": "14", "usage": 38},
			{"hour": "15", "usage": 56},
			{"hour": "16", "usage": 27},
			{"hour": "17", "usage": 0},
			{"hour": "18", "usage": 0},
			{"hour": "19", "usage": 0},
			{"hour": "20", "usage": 0},
			{"hour": "21", "usage": 0},
			{"hour": "22", "usage": 3},
			{"hour": "23", "usage": 8},
		]
	},
	{
		"date": 6,
		"totalTime": 195,
		"details": [
			{"appName": "YouTube", "usage": 115},
			{"appName": "Chrome", "usage": 28},
			{"appName": "카카오톡", "usage": 18},
			{"appName": "카톡 프리뷰", "usage": 8},
			{"appName": "Samsung Experience 홈", "usage": 6},
			{"appName": "전화", "usage": 3},
			{"appName": "시계", "usage": 2},
			{"appName": "메시지", "usage": 2},
			{"appName": "카메라", "usage": 1},
			{"appName": "직방", "usage": 1},
			{"appName": "Samsung Music", "usage": 1},
			{"appName": "Paco", "usage": 1},
		],
		"keys": [
			{"hour": "0", "usage": 0},
			{"hour": "1", "usage": 4},
			{"hour": "2", "usage": 14},
			{"hour": "3", "usage": 0},
			{"hour": "4", "usage": 2},
			{"hour": "5", "usage": 6},
			{"hour": "6", "usage": 2},
			{"hour": "7", "usage": 6},
			{"hour": "8", "usage": 10},
			{"hour": "9", "usage": 3},
			{"hour": "10", "usage": 0},
			{"hour": "11", "usage": 21},
			{"hour": "12", "usage": 36},
			{"hour": "13", "usage": 0},
			{"hour": "14", "usage": 5},
			{"hour": "15", "usage": 41},
			{"hour": "16", "usage": 37},
			{"hour": "17", "usage": 0},
			{"hour": "18", "usage": 0},
			{"hour": "19", "usage": 0},
			{"hour": "20", "usage": 0},
			{"hour": "21", "usage": 0},
			{"hour": "22", "usage": 0},
			{"hour": "23", "usage": 0},
		]
	},
	{
		"date": 7,
		"totalTime": 205,
		"details": [
			{"appName": "카카오톡", "usage": 63},
			{"appName": "Chrome", "usage": 60},
			{"appName": "YouTube", "usage": 35},
			{"appName": "카톡 프리뷰", "usage": 12},
			{"appName": "시계", "usage": 12},
			{"appName": "전화", "usage": 8},
			{"appName": "메시지", "usage": 4},
			{"appName": "Samsung Experience 홈", "usage": 3},
			{"appName": "Paco", "usage": 1},
			{"appName": "Gmail", "usage": 1},
		],
		"keys": [
			{"hour": "0", "usage": 17},
			{"hour": "1", "usage": 21},
			{"hour": "2", "usage": 20},
			{"hour": "3", "usage": 12},
			{"hour": "4", "usage": 29},
			{"hour": "5", "usage": 16},
			{"hour": "6", "usage": 2},
			{"hour": "7", "usage": 4},
			{"hour": "8", "usage": 2},
			{"hour": "9", "usage": 14},
			{"hour": "10", "usage": 27},
			{"hour": "11", "usage": 18},
			{"hour": "12", "usage": 17},
			{"hour": "13", "usage": 0},
			{"hour": "14", "usage": 0},
			{"hour": "15", "usage": 0},
			{"hour": "16", "usage": 0},
			{"hour": "17", "usage": 0},
			{"hour": "18", "usage": 0},
			{"hour": "19", "usage": 0},
			{"hour": "20", "usage": 0},
			{"hour": "21", "usage": 0},
			{"hour": "22", "usage": 0},
			{"hour": "23", "usage": 0},
		]
	},
]
