[
	{
		"date": 1,
		"totalTime": 677,
		"details": [
			{"appName": "카카오톡", "usage": 191},
			{"appName": "YouTube", "usage": 130},
			{"appName": "오늘의집", "usage": 87},
			{"appName": "Paco", "usage": 62},
			{"appName": "쿠팡", "usage": 42},
			{"appName": "Chrome", "usage": 35},
			{"appName": "네이버TV", "usage": 25},
			{"appName": "후후", "usage": 22},
			{"appName": "Pinterest", "usage": 15},
			{"appName": "기본홈", "usage": 14},
			{"appName": "직방", "usage": 13},
			{"appName": "캘린더", "usage": 9},
			{"appName": "네이버 웹툰", "usage": 4},
			{"appName": "프레젠테이션", "usage": 3},
			{"appName": "네이버 지도", "usage": 3},
			{"appName": "Polar Beat", "usage": 3},
			{"appName": "카메라", "usage": 1},
			{"appName": "동영상", "usage": 1},
			{"appName": "갤러리", "usage": 1},
		],
		"keys": [
			{"hour": "0", "usage": 9},
			{"hour": "1", "usage": 30},
			{"hour": "2", "usage": 18},
			{"hour": "3", "usage": 16},
			{"hour": "4", "usage": 6},
			{"hour": "5", "usage": 54},
			{"hour": "6", "usage": 52},
			{"hour": "7", "usage": 9},
			{"hour": "8", "usage": 6},
			{"hour": "9", "usage": 11},
			{"hour": "10", "usage": 9},
			{"hour": "11", "usage": 1},
			{"hour": "12", "usage": 26},
			{"hour": "13", "usage": 59},
			{"hour": "14", "usage": 59},
			{"hour": "15", "usage": 45},
			{"hour": "16", "usage": 38},
			{"hour": "17", "usage": 23},
			{"hour": "18", "usage": 57},
			{"hour": "19", "usage": 51},
			{"hour": "20", "usage": 54},
			{"hour": "21", "usage": 30},
			{"hour": "22", "usage": 0},
			{"hour": "23", "usage": 0},
		]
	},
	{
		"date": 2,
		"totalTime": 395,
		"details": [
			{"appName": "YouTube", "usage": 129},
			{"appName": "카카오톡", "usage": 77},
			{"appName": "네이버 웹툰", "usage": 38},
			{"appName": "쿠팡", "usage": 21},
			{"appName": "기본홈", "usage": 21},
			{"appName": "오늘의집", "usage": 19},
			{"appName": "Polar Beat", "usage": 14},
			{"appName": "후후", "usage": 10},
			{"appName": "Chrome", "usage": 8},
			{"appName": "토스", "usage": 6},
			{"appName": "Paco", "usage": 6},
			{"appName": "Google", "usage": 6},
			{"appName": "네이버TV", "usage": 5},
			{"appName": "해먹남녀", "usage": 4},
			{"appName": "메시지", "usage": 3},
			{"appName": "만개의 레시피", "usage": 3},
			{"appName": "카메라", "usage": 2},
			{"appName": "LG 페이", "usage": 2},
			{"appName": "알람/시계", "usage": 1},
			{"appName": "날씨", "usage": 1},
			{"appName": "Google Play 스토어", "usage": 1},
			{"appName": "Gmail", "usage": 1},
		],
		"keys": [
			{"hour": "0", "usage": 0},
			{"hour": "1", "usage": 6},
			{"hour": "2", "usage": 0},
			{"hour": "3", "usage": 23},
			{"hour": "4", "usage": 12},
			{"hour": "5", "usage": 15},
			{"hour": "6", "usage": 23},
			{"hour": "7", "usage": 10},
			{"hour": "8", "usage": 27},
			{"hour": "9", "usage": 24},
			{"hour": "10", "usage": 7},
			{"hour": "11", "usage": 21},
			{"hour": "12", "usage": 59},
			{"hour": "13", "usage": 59},
			{"hour": "14", "usage": 54},
			{"hour": "15", "usage": 28},
			{"hour": "16", "usage": 10},
			{"hour": "17", "usage": 0},
			{"hour": "18", "usage": 4},
			{"hour": "19", "usage": 1},
			{"hour": "20", "usage": 0},
			{"hour": "21", "usage": 0},
			{"hour": "22", "usage": 0},
			{"hour": "23", "usage": 1},
		]
	},
	{
		"date": 3,
		"totalTime": 334,
		"details": [
			{"appName": "카카오톡", "usage": 63},
			{"appName": "기본홈", "usage": 41},
			{"appName": "오늘의집", "usage": 36},
			{"appName": "YouTube", "usage": 31},
			{"appName": "벽돌깨기 퍼즐", "usage": 28},
			{"appName": "Pinterest", "usage": 16},
			{"appName": "Netflix", "usage": 15},
			{"appName": "후후", "usage": 13},
			{"appName": "Paco", "usage": 11},
			{"appName": "Polar Beat", "usage": 10},
			{"appName": "뱅크샐러드", "usage": 9},
			{"appName": "Chrome", "usage": 9},
			{"appName": "네이버 웹툰", "usage": 6},
			{"appName": "Amazon Kindle", "usage": 6},
			{"appName": "캘린더", "usage": 5},
			{"appName": "ABC Logger", "usage": 5},
			{"appName": "카메라", "usage": 3},
			{"appName": "알람/시계", "usage": 3},
			{"appName": "Gmail", "usage": 3},
			{"appName": "LG 페이", "usage": 2},
			{"appName": "Google", "usage": 2},
			{"appName": "Messenger", "usage": 1},
		],
		"keys": [
			{"hour": "0", "usage": 12},
			{"hour": "1", "usage": 18},
			{"hour": "2", "usage": 34},
			{"hour": "3", "usage": 3},
			{"hour": "4", "usage": 18},
			{"hour": "5", "usage": 2},
			{"hour": "6", "usage": 32},
			{"hour": "7", "usage": 45},
			{"hour": "8", "usage": 7},
			{"hour": "9", "usage": 30},
			{"hour": "10", "usage": 14},
			{"hour": "11", "usage": 21},
			{"hour": "12", "usage": 15},
			{"hour": "13", "usage": 5},
			{"hour": "14", "usage": 0},
			{"hour": "15", "usage": 32},
			{"hour": "16", "usage": 15},
			{"hour": "17", "usage": 22},
			{"hour": "18", "usage": 0},
			{"hour": "19", "usage": 0},
			{"hour": "20", "usage": 0},
			{"hour": "21", "usage": 0},
			{"hour": "22", "usage": 0},
			{"hour": "23", "usage": 0},
		]
	},
	{
		"date": 4,
		"totalTime": 480,
		"details": [
			{"appName": "카카오톡", "usage": 129},
			{"appName": "쿠팡", "usage": 87},
			{"appName": "YouTube", "usage": 44},
			{"appName": "벽돌깨기 퍼즐", "usage": 37},
			{"appName": "기본홈", "usage": 31},
			{"appName": "Polar Beat", "usage": 31},
			{"appName": "오늘의집", "usage": 23},
			{"appName": "Paco", "usage": 17},
			{"appName": "카메라", "usage": 13},
			{"appName": "Pinterest", "usage": 12},
			{"appName": "헬로마켓", "usage": 10},
			{"appName": "Chrome", "usage": 9},
			{"appName": "CNCITY에너지", "usage": 6},
			{"appName": "후후", "usage": 3},
			{"appName": "Google Play 게임", "usage": 3},
			{"appName": "Bluetooth", "usage": 3},
			{"appName": "토스", "usage": 1},
			{"appName": "알람/시계", "usage": 1},
			{"appName": "동영상", "usage": 1},
			{"appName": "갤러리", "usage": 1},
			{"appName": "NAVER", "usage": 1},
			{"appName": "Google Play 스토어", "usage": 1},
		],
		"keys": [
			{"hour": "0", "usage": 0},
			{"hour": "1", "usage": 41},
			{"hour": "2", "usage": 35},
			{"hour": "3", "usage": 34},
			{"hour": "4", "usage": 13},
			{"hour": "5", "usage": 15},
			{"hour": "6", "usage": 41},
			{"hour": "7", "usage": 16},
			{"hour": "8", "usage": 41},
			{"hour": "9", "usage": 26},
			{"hour": "10", "usage": 41},
			{"hour": "11", "usage": 9},
			{"hour": "12", "usage": 21},
			{"hour": "13", "usage": 9},
			{"hour": "14", "usage": 1},
			{"hour": "15", "usage": 19},
			{"hour": "16", "usage": 2},
			{"hour": "17", "usage": 42},
			{"hour": "18", "usage": 5},
			{"hour": "19", "usage": 45},
			{"hour": "20", "usage": 15},
			{"hour": "21", "usage": 0},
			{"hour": "22", "usage": 0},
			{"hour": "23", "usage": 0},
		]
	},
	{
		"date": 5,
		"totalTime": 1440,
		"details": [
			{"appName": "벽돌깨기 퍼즐", "usage": 1041},
			{"appName": "Netflix", "usage": 160},
			{"appName": "YouTube", "usage": 57},
			{"appName": "카카오톡", "usage": 40},
			{"appName": "기본홈", "usage": 37},
			{"appName": "쿠팡", "usage": 29},
			{"appName": "오늘의집", "usage": 15},
			{"appName": "네이버TV", "usage": 8},
			{"appName": "헬로마켓", "usage": 7},
			{"appName": "갤러리", "usage": 7},
			{"appName": "Paco", "usage": 6},
			{"appName": "후후", "usage": 4},
			{"appName": "메시지", "usage": 3},
			{"appName": "SmartThinQ", "usage": 3},
			{"appName": "Google Play 게임", "usage": 3},
			{"appName": "카메라", "usage": 2},
			{"appName": "Chrome", "usage": 2},
			{"appName": "원터치알림", "usage": 1},
			{"appName": "알람/시계", "usage": 1},
			{"appName": "시스템 UI", "usage": 1},
			{"appName": "Polar Beat", "usage": 1},
		],
		"keys": [
			{"hour": "0", "usage": 0},
			{"hour": "1", "usage": 0},
			{"hour": "2", "usage": 0},
			{"hour": "3", "usage": 58},
			{"hour": "4", "usage": 23},
			{"hour": "5", "usage": 34},
			{"hour": "6", "usage": 47},
			{"hour": "7", "usage": 59},
			{"hour": "8", "usage": 31},
			{"hour": "9", "usage": 1},
			{"hour": "10", "usage": 12},
			{"hour": "11", "usage": 14},
			{"hour": "12", "usage": 1},
			{"hour": "13", "usage": 5},
			{"hour": "14", "usage": 13},
			{"hour": "15", "usage": 7},
			{"hour": "16", "usage": 10},
			{"hour": "17", "usage": 26},
			{"hour": "18", "usage": 7},
			{"hour": "19", "usage": 15},
			{"hour": "20", "usage": 54},
			{"hour": "21", "usage": 59},
			{"hour": "22", "usage": 24},
			{"hour": "23", "usage": 11},
		]
	},
	{
		"date": 6,
		"totalTime": 371,
		"details": [
			{"appName": "YouTube", "usage": 165},
			{"appName": "카카오톡", "usage": 81},
			{"appName": "벽돌깨기 퍼즐", "usage": 45},
			{"appName": "오늘의집", "usage": 25},
			{"appName": "기본홈", "usage": 22},
			{"appName": "시스템 UI", "usage": 8},
			{"appName": "Paco", "usage": 4},
			{"appName": "NAVER", "usage": 4},
			{"appName": "알람/시계", "usage": 3},
			{"appName": "The Day Before", "usage": 2},
			{"appName": "Polar Beat", "usage": 2},
			{"appName": "후후", "usage": 1},
			{"appName": "Chrome", "usage": 1},
		],
		"keys": [
			{"hour": "0", "usage": 35},
			{"hour": "1", "usage": 24},
			{"hour": "2", "usage": 14},
			{"hour": "3", "usage": 59},
			{"hour": "4", "usage": 0},
			{"hour": "5", "usage": 0},
			{"hour": "6", "usage": 0},
			{"hour": "7", "usage": 18},
			{"hour": "8", "usage": 32},
			{"hour": "9", "usage": 0},
			{"hour": "10", "usage": 14},
			{"hour": "11", "usage": 0},
			{"hour": "12", "usage": 0},
			{"hour": "13", "usage": 48},
			{"hour": "14", "usage": 47},
			{"hour": "15", "usage": 0},
			{"hour": "16", "usage": 2},
			{"hour": "17", "usage": 43},
			{"hour": "18", "usage": 14},
			{"hour": "19", "usage": 0},
			{"hour": "20", "usage": 0},
			{"hour": "21", "usage": 0},
			{"hour": "22", "usage": 0},
			{"hour": "23", "usage": 16},
		]
	},
	{
		"date": 7,
		"totalTime": 276,
		"details": [
			{"appName": "카카오톡", "usage": 57},
			{"appName": "Pinterest", "usage": 52},
			{"appName": "Netflix", "usage": 45},
			{"appName": "벽돌깨기 퍼즐", "usage": 31},
			{"appName": "토스", "usage": 24},
			{"appName": "오목", "usage": 15},
			{"appName": "메시지", "usage": 11},
			{"appName": "기본홈", "usage": 10},
			{"appName": "Paco", "usage": 7},
			{"appName": "Q메모+", "usage": 5},
			{"appName": "후후", "usage": 4},
			{"appName": "카메라", "usage": 3},
			{"appName": "Polar Beat", "usage": 1},
			{"appName": "NAVER", "usage": 1},
			{"appName": "Gmail", "usage": 1},
		],
		"keys": [
			{"hour": "0", "usage": 1},
			{"hour": "1", "usage": 25},
			{"hour": "2", "usage": 30},
			{"hour": "3", "usage": 22},
			{"hour": "4", "usage": 9},
			{"hour": "5", "usage": 9},
			{"hour": "6", "usage": 40},
			{"hour": "7", "usage": 21},
			{"hour": "8", "usage": 41},
			{"hour": "9", "usage": 9},
			{"hour": "10", "usage": 12},
			{"hour": "11", "usage": 42},
			{"hour": "12", "usage": 8},
			{"hour": "13", "usage": 0},
			{"hour": "14", "usage": 0},
			{"hour": "15", "usage": 0},
			{"hour": "16", "usage": 0},
			{"hour": "17", "usage": 0},
			{"hour": "18", "usage": 0},
			{"hour": "19", "usage": 0},
			{"hour": "20", "usage": 0},
			{"hour": "21", "usage": 0},
			{"hour": "22", "usage": 0},
			{"hour": "23", "usage": 0},
		]
	},
]
