[
	{
		"date": 1,
		"totalTime": 163,
		"details": [
			{"appName": "YouTube", "usage": 35},
			{"appName": "삼성 인터넷", "usage": 28},
			{"appName": "Facebook", "usage": 19},
			{"appName": "카카오톡", "usage": 18},
			{"appName": "네이버 웹툰", "usage": 14},
			{"appName": "Samsung Experience 홈", "usage": 13},
			{"appName": "Paco", "usage": 9},
			{"appName": "Polar Beat", "usage": 8},
			{"appName": "전화", "usage": 5},
			{"appName": "설정", "usage": 2},
			{"appName": "갤러리", "usage": 2},
			{"appName": "Samsung Pay", "usage": 1},
			{"appName": "KLMS", "usage": 1},
		],
		"keys": [
			{"hour": "0", "usage": 0},
			{"hour": "1", "usage": 17},
			{"hour": "2", "usage": 10},
			{"hour": "3", "usage": 10},
			{"hour": "4", "usage": 29},
			{"hour": "5", "usage": 4},
			{"hour": "6", "usage": 3},
			{"hour": "7", "usage": 4},
			{"hour": "8", "usage": 6},
			{"hour": "9", "usage": 5},
			{"hour": "10", "usage": 6},
			{"hour": "11", "usage": 0},
			{"hour": "12", "usage": 32},
			{"hour": "13", "usage": 5},
			{"hour": "14", "usage": 21},
			{"hour": "15", "usage": 1},
			{"hour": "16", "usage": 4},
			{"hour": "17", "usage": 0},
			{"hour": "18", "usage": 0},
			{"hour": "19", "usage": 0},
			{"hour": "20", "usage": 0},
			{"hour": "21", "usage": 0},
			{"hour": "22", "usage": 0},
			{"hour": "23", "usage": 0},
		]
	},
	{
		"date": 2,
		"totalTime": 200,
		"details": [
			{"appName": "YouTube", "usage": 54},
			{"appName": "Facebook", "usage": 35},
			{"appName": "삼성 인터넷", "usage": 26},
			{"appName": "드라이브", "usage": 17},
			{"appName": "카카오톡", "usage": 14},
			{"appName": "Samsung Experience 홈", "usage": 11},
			{"appName": "위비톡", "usage": 10},
			{"appName": "전화", "usage": 5},
			{"appName": "Polar Beat", "usage": 5},
			{"appName": "네이버 웹툰", "usage": 4},
			{"appName": "Paco", "usage": 4},
			{"appName": "시계", "usage": 2},
			{"appName": "갤러리", "usage": 2},
			{"appName": "카메라", "usage": 1},
			{"appName": "설정", "usage": 1},
			{"appName": "Samsung Pay", "usage": 1},
		],
		"keys": [
			{"hour": "0", "usage": 10},
			{"hour": "1", "usage": 3},
			{"hour": "2", "usage": 2},
			{"hour": "3", "usage": 32},
			{"hour": "4", "usage": 16},
			{"hour": "5", "usage": 17},
			{"hour": "6", "usage": 12},
			{"hour": "7", "usage": 1},
			{"hour": "8", "usage": 36},
			{"hour": "9", "usage": 3},
			{"hour": "10", "usage": 22},
			{"hour": "11", "usage": 8},
			{"hour": "12", "usage": 4},
			{"hour": "13", "usage": 1},
			{"hour": "14", "usage": 10},
			{"hour": "15", "usage": 8},
			{"hour": "16", "usage": 6},
			{"hour": "17", "usage": 0},
			{"hour": "18", "usage": 0},
			{"hour": "19", "usage": 0},
			{"hour": "20", "usage": 0},
			{"hour": "21", "usage": 0},
			{"hour": "22", "usage": 0},
			{"hour": "23", "usage": 0},
		]
	},
	{
		"date": 3,
		"totalTime": 380,
		"details": [
			{"appName": "YouTube", "usage": 104},
			{"appName": "Facebook", "usage": 98},
			{"appName": "Chrome", "usage": 58},
			{"appName": "네이버 웹툰", "usage": 24},
			{"appName": "카카오톡", "usage": 20},
			{"appName": "삼성 인터넷", "usage": 17},
			{"appName": "AfreecaTV", "usage": 17},
			{"appName": "전화", "usage": 8},
			{"appName": "Samsung Experience 홈", "usage": 8},
			{"appName": "밥대생", "usage": 5},
			{"appName": "Paco", "usage": 5},
			{"appName": "지니 뮤직", "usage": 3},
			{"appName": "시계", "usage": 1},
			{"appName": "Polar Beat", "usage": 1},
		],
		"keys": [
			{"hour": "0", "usage": 0},
			{"hour": "1", "usage": 0},
			{"hour": "2", "usage": 0},
			{"hour": "3", "usage": 0},
			{"hour": "4", "usage": 50},
			{"hour": "5", "usage": 12},
			{"hour": "6", "usage": 42},
			{"hour": "7", "usage": 17},
			{"hour": "8", "usage": 11},
			{"hour": "9", "usage": 35},
			{"hour": "10", "usage": 5},
			{"hour": "11", "usage": 55},
			{"hour": "12", "usage": 10},
			{"hour": "13", "usage": 1},
			{"hour": "14", "usage": 26},
			{"hour": "15", "usage": 27},
			{"hour": "16", "usage": 0},
			{"hour": "17", "usage": 6},
			{"hour": "18", "usage": 38},
			{"hour": "19", "usage": 35},
			{"hour": "20", "usage": 0},
			{"hour": "21", "usage": 0},
			{"hour": "22", "usage": 0},
			{"hour": "23", "usage": 0},
		]
	},
	{
		"date": 4,
		"totalTime": 276,
		"details": [
			{"appName": "YouTube", "usage": 151},
			{"appName": "삼성 인터넷", "usage": 31},
			{"appName": "Chrome", "usage": 27},
			{"appName": "AfreecaTV", "usage": 16},
			{"appName": "네이버 웹툰", "usage": 11},
			{"appName": "지니 뮤직", "usage": 6},
			{"appName": "Samsung Experience 홈", "usage": 6},
			{"appName": "카카오톡", "usage": 5},
			{"appName": "Facebook", "usage": 5},
			{"appName": "Paco", "usage": 3},
			{"appName": "Polar Beat", "usage": 2},
			{"appName": "InBody", "usage": 2},
			{"appName": "원터치알림", "usage": 1},
		],
		"keys": [
			{"hour": "0", "usage": 0},
			{"hour": "1", "usage": 12},
			{"hour": "2", "usage": 48},
			{"hour": "3", "usage": 21},
			{"hour": "4", "usage": 17},
			{"hour": "5", "usage": 18},
			{"hour": "6", "usage": 3},
			{"hour": "7", "usage": 0},
			{"hour": "8", "usage": 20},
			{"hour": "9", "usage": 41},
			{"hour": "10", "usage": 0},
			{"hour": "11", "usage": 1},
			{"hour": "12", "usage": 1},
			{"hour": "13", "usage": 2},
			{"hour": "14", "usage": 0},
			{"hour": "15", "usage": 45},
			{"hour": "16", "usage": 2},
			{"hour": "17", "usage": 40},
			{"hour": "18", "usage": 0},
			{"hour": "19", "usage": 0},
			{"hour": "20", "usage": 0},
			{"hour": "21", "usage": 0},
			{"hour": "22", "usage": 0},
			{"hour": "23", "usage": 0},
		]
	},
	{
		"date": 5,
		"totalTime": 549,
		"details": [
			{"appName": "YouTube", "usage": 200},
			{"appName": "Chrome", "usage": 109},
			{"appName": "AfreecaTV", "usage": 83},
			{"appName": "Twitch", "usage": 37},
			{"appName": "삼성 인터넷", "usage": 31},
			{"appName": "Facebook", "usage": 31},
			{"appName": "네이버 웹툰", "usage": 16},
			{"appName": "Samsung Experience 홈", "usage": 15},
			{"appName": "카카오톡", "usage": 9},
			{"appName": "Paco", "usage": 5},
			{"appName": "지니 뮤직", "usage": 1},
			{"appName": "전화", "usage": 1},
			{"appName": "Polar Beat", "usage": 1},
		],
		"keys": [
			{"hour": "0", "usage": 2},
			{"hour": "1", "usage": 57},
			{"hour": "2", "usage": 56},
			{"hour": "3", "usage": 37},
			{"hour": "4", "usage": 46},
			{"hour": "5", "usage": 30},
			{"hour": "6", "usage": 0},
			{"hour": "7", "usage": 40},
			{"hour": "8", "usage": 10},
			{"hour": "9", "usage": 8},
			{"hour": "10", "usage": 58},
			{"hour": "11", "usage": 44},
			{"hour": "12", "usage": 3},
			{"hour": "13", "usage": 32},
			{"hour": "14", "usage": 32},
			{"hour": "15", "usage": 54},
			{"hour": "16", "usage": 26},
			{"hour": "17", "usage": 0},
			{"hour": "18", "usage": 0},
			{"hour": "19", "usage": 0},
			{"hour": "20", "usage": 0},
			{"hour": "21", "usage": 0},
			{"hour": "22", "usage": 0},
			{"hour": "23", "usage": 5},
		]
	},
	{
		"date": 6,
		"totalTime": 421,
		"details": [
			{"appName": "YouTube", "usage": 178},
			{"appName": "Facebook", "usage": 123},
			{"appName": "삼성 인터넷", "usage": 24},
			{"appName": "카카오톡", "usage": 13},
			{"appName": "위비톡", "usage": 13},
			{"appName": "Samsung Experience 홈", "usage": 13},
			{"appName": "ABC Logger", "usage": 10},
			{"appName": "AfreecaTV", "usage": 9},
			{"appName": "전화", "usage": 5},
			{"appName": "시계", "usage": 4},
			{"appName": "네이버 웹툰", "usage": 4},
			{"appName": "Paco", "usage": 4},
			{"appName": "KLMS", "usage": 4},
			{"appName": "카메라", "usage": 2},
			{"appName": "Messenger", "usage": 2},
			{"appName": "메시지", "usage": 1},
			{"appName": "Polaris Office", "usage": 1},
			{"appName": "Polar Beat", "usage": 1},
		],
		"keys": [
			{"hour": "0", "usage": 7},
			{"hour": "1", "usage": 15},
			{"hour": "2", "usage": 27},
			{"hour": "3", "usage": 4},
			{"hour": "4", "usage": 28},
			{"hour": "5", "usage": 11},
			{"hour": "6", "usage": 20},
			{"hour": "7", "usage": 59},
			{"hour": "8", "usage": 50},
			{"hour": "9", "usage": 11},
			{"hour": "10", "usage": 22},
			{"hour": "11", "usage": 53},
			{"hour": "12", "usage": 52},
			{"hour": "13", "usage": 6},
			{"hour": "14", "usage": 0},
			{"hour": "15", "usage": 1},
			{"hour": "16", "usage": 10},
			{"hour": "17", "usage": 31},
			{"hour": "18", "usage": 0},
			{"hour": "19", "usage": 0},
			{"hour": "20", "usage": 0},
			{"hour": "21", "usage": 0},
			{"hour": "22", "usage": 0},
			{"hour": "23", "usage": 3},
		]
	},
	{
		"date": 7,
		"totalTime": 142,
		"details": [
			{"appName": "Facebook", "usage": 39},
			{"appName": "YouTube", "usage": 21},
			{"appName": "카카오톡", "usage": 19},
			{"appName": "Dropsync", "usage": 18},
			{"appName": "전화", "usage": 13},
			{"appName": "Samsung Experience 홈", "usage": 13},
			{"appName": "메시지", "usage": 7},
			{"appName": "Paco", "usage": 3},
			{"appName": "삼성 인터넷", "usage": 2},
		],
		"keys": [
			{"hour": "0", "usage": 6},
			{"hour": "1", "usage": 14},
			{"hour": "2", "usage": 26},
			{"hour": "3", "usage": 10},
			{"hour": "4", "usage": 0},
			{"hour": "5", "usage": 0},
			{"hour": "6", "usage": 24},
			{"hour": "7", "usage": 3},
			{"hour": "8", "usage": 16},
			{"hour": "9", "usage": 5},
			{"hour": "10", "usage": 2},
			{"hour": "11", "usage": 12},
			{"hour": "12", "usage": 10},
			{"hour": "13", "usage": 7},
			{"hour": "14", "usage": 0},
			{"hour": "15", "usage": 0},
			{"hour": "16", "usage": 0},
			{"hour": "17", "usage": 0},
			{"hour": "18", "usage": 0},
			{"hour": "19", "usage": 0},
			{"hour": "20", "usage": 0},
			{"hour": "21", "usage": 0},
			{"hour": "22", "usage": 0},
			{"hour": "23", "usage": 0},
		]
	},
]
