[
	{
		"date": 1,
		"totalTime": 503,
		"details": [
			{"appName": "TouchWiz 홈", "usage": 335},
			{"appName": "카카오톡", "usage": 35},
			{"appName": "Clean Master", "usage": 33},
			{"appName": "한컴오피스 S 뷰어", "usage": 23},
			{"appName": "YouTube", "usage": 15},
			{"appName": "Polar Beat", "usage": 15},
			{"appName": "Paco", "usage": 11},
			{"appName": "Logger", "usage": 7},
			{"appName": "알람/시간", "usage": 6},
			{"appName": "Microsoft Band", "usage": 5},
			{"appName": "삼성 인터넷", "usage": 3},
			{"appName": "설정", "usage": 2},
			{"appName": "캘린더", "usage": 1},
			{"appName": "연락처", "usage": 1},
			{"appName": "에브리타임", "usage": 1},
			{"appName": "시스템 UI", "usage": 1},
			{"appName": "ABC Logger", "usage": 1},
		],
		"keys": [
			{"hour": "0", "usage": 29},
			{"hour": "1", "usage": 35},
			{"hour": "2", "usage": 15},
			{"hour": "3", "usage": 30},
			{"hour": "4", "usage": 24},
			{"hour": "5", "usage": 11},
			{"hour": "6", "usage": 0},
			{"hour": "7", "usage": 2},
			{"hour": "8", "usage": 4},
			{"hour": "9", "usage": 1},
			{"hour": "10", "usage": 28},
			{"hour": "11", "usage": 5},
			{"hour": "12", "usage": 51},
			{"hour": "13", "usage": 23},
			{"hour": "14", "usage": 62},
			{"hour": "15", "usage": 59},
			{"hour": "16", "usage": 62},
			{"hour": "17", "usage": 12},
			{"hour": "18", "usage": 1},
			{"hour": "19", "usage": 6},
			{"hour": "20", "usage": 9},
			{"hour": "21", "usage": 10},
			{"hour": "22", "usage": 5},
			{"hour": "23", "usage": 8},
		]
	},
	{
		"date": 2,
		"totalTime": 871,
		"details": [
			{"appName": "TouchWiz 홈", "usage": 578},
			{"appName": "삼성 인터넷", "usage": 78},
			{"appName": "카카오톡", "usage": 72},
			{"appName": "카메라", "usage": 41},
			{"appName": "Clean Master", "usage": 37},
			{"appName": "YouTube", "usage": 12},
			{"appName": "Polar Beat", "usage": 8},
			{"appName": "Paco", "usage": 8},
			{"appName": "갤러리", "usage": 7},
			{"appName": "Security Master", "usage": 7},
			{"appName": "NH콕뱅크", "usage": 4},
			{"appName": "에브리타임", "usage": 3},
			{"appName": "Logger", "usage": 2},
			{"appName": "캘린더", "usage": 1},
			{"appName": "시스템 UI", "usage": 1},
			{"appName": "설정", "usage": 1},
			{"appName": "Microsoft Band", "usage": 1},
			{"appName": "Messenger Lite", "usage": 1},
		],
		"keys": [
			{"hour": "0", "usage": 3},
			{"hour": "1", "usage": 18},
			{"hour": "2", "usage": 52},
			{"hour": "3", "usage": 54},
			{"hour": "4", "usage": 50},
			{"hour": "5", "usage": 70},
			{"hour": "6", "usage": 36},
			{"hour": "7", "usage": 4},
			{"hour": "8", "usage": 12},
			{"hour": "9", "usage": 28},
			{"hour": "10", "usage": 46},
			{"hour": "11", "usage": 60},
			{"hour": "12", "usage": 58},
			{"hour": "13", "usage": 50},
			{"hour": "14", "usage": 34},
			{"hour": "15", "usage": 66},
			{"hour": "16", "usage": 62},
			{"hour": "17", "usage": 60},
			{"hour": "18", "usage": 70},
			{"hour": "19", "usage": 26},
			{"hour": "20", "usage": 0},
			{"hour": "21", "usage": 0},
			{"hour": "22", "usage": 0},
			{"hour": "23", "usage": 0},
		]
	},
	{
		"date": 3,
		"totalTime": 940,
		"details": [
			{"appName": "TouchWiz 홈", "usage": 450},
			{"appName": "카카오톡", "usage": 182},
			{"appName": "삼성 인터넷", "usage": 150},
			{"appName": "Clean Master", "usage": 85},
			{"appName": "YouTube", "usage": 22},
			{"appName": "Security Master", "usage": 18},
			{"appName": "설정", "usage": 8},
			{"appName": "Polar Beat", "usage": 7},
			{"appName": "Paco", "usage": 6},
			{"appName": "캘린더", "usage": 2},
			{"appName": "에브리타임", "usage": 1},
			{"appName": "갤러리", "usage": 1},
			{"appName": "Logger", "usage": 1},
		],
		"keys": [
			{"hour": "0", "usage": 5},
			{"hour": "1", "usage": 2},
			{"hour": "2", "usage": 3},
			{"hour": "3", "usage": 23},
			{"hour": "4", "usage": 60},
			{"hour": "5", "usage": 58},
			{"hour": "6", "usage": 3},
			{"hour": "7", "usage": 24},
			{"hour": "8", "usage": 23},
			{"hour": "9", "usage": 40},
			{"hour": "10", "usage": 23},
			{"hour": "11", "usage": 9},
			{"hour": "12", "usage": 55},
			{"hour": "13", "usage": 13},
			{"hour": "14", "usage": 52},
			{"hour": "15", "usage": 112},
			{"hour": "16", "usage": 60},
			{"hour": "17", "usage": 120},
			{"hour": "18", "usage": 119},
			{"hour": "19", "usage": 65},
			{"hour": "20", "usage": 52},
			{"hour": "21", "usage": 2},
			{"hour": "22", "usage": 2},
			{"hour": "23", "usage": 4},
		]
	},
	{
		"date": 4,
		"totalTime": 954,
		"details": [
			{"appName": "TouchWiz 홈", "usage": 549},
			{"appName": "전화", "usage": 230},
			{"appName": "삼성 인터넷", "usage": 76},
			{"appName": "카카오톡", "usage": 50},
			{"appName": "Clean Master", "usage": 25},
			{"appName": "YouTube", "usage": 8},
			{"appName": "Paco", "usage": 4},
			{"appName": "NH콕뱅크", "usage": 3},
			{"appName": "Polar Beat", "usage": 1},
			{"appName": "Logger", "usage": 1},
		],
		"keys": [
			{"hour": "0", "usage": 126},
			{"hour": "1", "usage": 123},
			{"hour": "2", "usage": 123},
			{"hour": "3", "usage": 102},
			{"hour": "4", "usage": 54},
			{"hour": "5", "usage": 33},
			{"hour": "6", "usage": 42},
			{"hour": "7", "usage": 15},
			{"hour": "8", "usage": 50},
			{"hour": "9", "usage": 17},
			{"hour": "10", "usage": 44},
			{"hour": "11", "usage": 51},
			{"hour": "12", "usage": 18},
			{"hour": "13", "usage": 2},
			{"hour": "14", "usage": 7},
			{"hour": "15", "usage": 60},
			{"hour": "16", "usage": 52},
			{"hour": "17", "usage": 0},
			{"hour": "18", "usage": 2},
			{"hour": "19", "usage": 17},
			{"hour": "20", "usage": 0},
			{"hour": "21", "usage": 0},
			{"hour": "22", "usage": 4},
			{"hour": "23", "usage": 3},
		]
	},
	{
		"date": 5,
		"totalTime": 750,
		"details": [
			{"appName": "TouchWiz 홈", "usage": 519},
			{"appName": "카카오톡", "usage": 110},
			{"appName": "YouTube", "usage": 45},
			{"appName": "Clean Master", "usage": 39},
			{"appName": "Polar Beat", "usage": 9},
			{"appName": "Paco", "usage": 6},
			{"appName": "삼성 인터넷", "usage": 5},
			{"appName": "알람/시간", "usage": 3},
			{"appName": "에브리타임", "usage": 2},
			{"appName": "Logger", "usage": 2},
			{"appName": "시스템 UI", "usage": 1},
			{"appName": "설정", "usage": 1},
			{"appName": "", "usage": 1},
		],
		"keys": [
			{"hour": "0", "usage": 0},
			{"hour": "1", "usage": 3},
			{"hour": "2", "usage": 28},
			{"hour": "3", "usage": 59},
			{"hour": "4", "usage": 7},
			{"hour": "5", "usage": 59},
			{"hour": "6", "usage": 58},
			{"hour": "7", "usage": 43},
			{"hour": "8", "usage": 49},
			{"hour": "9", "usage": 29},
			{"hour": "10", "usage": 59},
			{"hour": "11", "usage": 40},
			{"hour": "12", "usage": 49},
			{"hour": "13", "usage": 39},
			{"hour": "14", "usage": 33},
			{"hour": "15", "usage": 11},
			{"hour": "16", "usage": 14},
			{"hour": "17", "usage": 39},
			{"hour": "18", "usage": 40},
			{"hour": "19", "usage": 33},
			{"hour": "20", "usage": 0},
			{"hour": "21", "usage": 0},
			{"hour": "22", "usage": 2},
			{"hour": "23", "usage": 26},
		]
	},
	{
		"date": 6,
		"totalTime": 694,
		"details": [
			{"appName": "TouchWiz 홈", "usage": 229},
			{"appName": "카카오톡", "usage": 195},
			{"appName": "Clean Master", "usage": 48},
			{"appName": "연락처", "usage": 45},
			{"appName": "YouTube", "usage": 28},
			{"appName": "Polar Beat", "usage": 28},
			{"appName": "Logger", "usage": 28},
			{"appName": "시스템 UI", "usage": 18},
			{"appName": "Dropsync", "usage": 16},
			{"appName": "Security Master", "usage": 12},
			{"appName": "삼성 인터넷", "usage": 11},
			{"appName": "Paco", "usage": 6},
			{"appName": "설정", "usage": 4},
			{"appName": "내 파일", "usage": 3},
			{"appName": "ABC Logger", "usage": 3},
			{"appName": "에브리타임", "usage": 2},
			{"appName": "메시지", "usage": 2},
			{"appName": "Samsung Music", "usage": 2},
			{"appName": "전화", "usage": 1},
			{"appName": "Microsoft Band", "usage": 1},
		],
		"keys": [
			{"hour": "0", "usage": 13},
			{"hour": "1", "usage": 30},
			{"hour": "2", "usage": 45},
			{"hour": "3", "usage": 54},
			{"hour": "4", "usage": 43},
			{"hour": "5", "usage": 48},
			{"hour": "6", "usage": 37},
			{"hour": "7", "usage": 38},
			{"hour": "8", "usage": 32},
			{"hour": "9", "usage": 27},
			{"hour": "10", "usage": 51},
			{"hour": "11", "usage": 54},
			{"hour": "12", "usage": 25},
			{"hour": "13", "usage": 20},
			{"hour": "14", "usage": 41},
			{"hour": "15", "usage": 48},
			{"hour": "16", "usage": 31},
			{"hour": "17", "usage": 45},
			{"hour": "18", "usage": 0},
			{"hour": "19", "usage": 0},
			{"hour": "20", "usage": 0},
			{"hour": "21", "usage": 0},
			{"hour": "22", "usage": 3},
			{"hour": "23", "usage": 0},
		]
	},
	{
		"date": 7,
		"totalTime": 762,
		"details": [
			{"appName": "TouchWiz 홈", "usage": 347},
			{"appName": "전화", "usage": 164},
			{"appName": "카카오톡", "usage": 104},
			{"appName": "연락처", "usage": 47},
			{"appName": "메시지", "usage": 31},
			{"appName": "Clean Master", "usage": 23},
			{"appName": "Messenger Lite", "usage": 12},
			{"appName": "삼성 인터넷", "usage": 8},
			{"appName": "Dropsync", "usage": 6},
			{"appName": "Paco", "usage": 3},
			{"appName": "NH콕뱅크", "usage": 3},
			{"appName": "카메라", "usage": 1},
			{"appName": "시스템 UI", "usage": 1},
			{"appName": "설정", "usage": 1},
			{"appName": "갤러리", "usage": 1},
			{"appName": "Polar Beat", "usage": 1},
			{"appName": "Logger", "usage": 1},
		],
		"keys": [
			{"hour": "0", "usage": 60},
			{"hour": "1", "usage": 72},
			{"hour": "2", "usage": 89},
			{"hour": "3", "usage": 22},
			{"hour": "4", "usage": 56},
			{"hour": "5", "usage": 43},
			{"hour": "6", "usage": 39},
			{"hour": "7", "usage": 46},
			{"hour": "8", "usage": 40},
			{"hour": "9", "usage": 47},
			{"hour": "10", "usage": 28},
			{"hour": "11", "usage": 60},
			{"hour": "12", "usage": 61},
			{"hour": "13", "usage": 55},
			{"hour": "14", "usage": 21},
			{"hour": "15", "usage": 15},
			{"hour": "16", "usage": 0},
			{"hour": "17", "usage": 0},
			{"hour": "18", "usage": 0},
			{"hour": "19", "usage": 0},
			{"hour": "20", "usage": 0},
			{"hour": "21", "usage": 0},
			{"hour": "22", "usage": 0},
			{"hour": "23", "usage": 0},
		]
	},
]
