[
	{
		"date": 1,
		"totalTime": 289,
		"details": [
			{"appName": "카카오톡", "usage": 98},
			{"appName": "YouTube", "usage": 35},
			{"appName": "YouTube Music", "usage": 22},
			{"appName": "카메라", "usage": 20},
			{"appName": "기본홈", "usage": 20},
			{"appName": "Whale", "usage": 19},
			{"appName": "Paco", "usage": 12},
			{"appName": "Chrome", "usage": 11},
			{"appName": "SC제일은행", "usage": 6},
			{"appName": "동영상", "usage": 4},
			{"appName": "티몬", "usage": 3},
			{"appName": "알람/시계", "usage": 3},
			{"appName": "T전화", "usage": 3},
			{"appName": "LG 페이", "usage": 3},
			{"appName": "BAND", "usage": 3},
			{"appName": "컬쳐랜드", "usage": 2},
			{"appName": "뱅크샐러드", "usage": 2},
			{"appName": "Polar Beat", "usage": 2},
			{"appName": "AIA Vitality T건강걷기", "usage": 2},
			{"appName": "다나와 가격비교", "usage": 1},
			{"appName": "NFC 서비스", "usage": 1},
			{"appName": "Gmail", "usage": 1},
		],
		"keys": [
			{"hour": "0", "usage": 12},
			{"hour": "1", "usage": 17},
			{"hour": "2", "usage": 15},
			{"hour": "3", "usage": 28},
			{"hour": "4", "usage": 15},
			{"hour": "5", "usage": 34},
			{"hour": "6", "usage": 33},
			{"hour": "7", "usage": 1},
			{"hour": "8", "usage": 1},
			{"hour": "9", "usage": 13},
			{"hour": "10", "usage": 16},
			{"hour": "11", "usage": 38},
			{"hour": "12", "usage": 19},
			{"hour": "13", "usage": 6},
			{"hour": "14", "usage": 14},
			{"hour": "15", "usage": 0},
			{"hour": "16", "usage": 9},
			{"hour": "17", "usage": 9},
			{"hour": "18", "usage": 0},
			{"hour": "19", "usage": 0},
			{"hour": "20", "usage": 0},
			{"hour": "21", "usage": 0},
			{"hour": "22", "usage": 0},
			{"hour": "23", "usage": 0},
		]
	},
	{
		"date": 2,
		"totalTime": 240,
		"details": [
			{"appName": "YouTube", "usage": 73},
			{"appName": "카카오톡", "usage": 49},
			{"appName": "Whale", "usage": 36},
			{"appName": "기본홈", "usage": 22},
			{"appName": "메시지", "usage": 7},
			{"appName": "Paco", "usage": 6},
			{"appName": "NAVER", "usage": 6},
			{"appName": "Gmail", "usage": 6},
			{"appName": "T전화", "usage": 4},
			{"appName": "Polar Beat", "usage": 4},
			{"appName": "카카오맵", "usage": 3},
			{"appName": "갤러리", "usage": 2},
			{"appName": "Dropsync", "usage": 2},
			{"appName": "하나카드", "usage": 1},
			{"appName": "토스", "usage": 1},
			{"appName": "설정", "usage": 1},
			{"appName": "YouTube Music", "usage": 1},
			{"appName": "PASS", "usage": 1},
		],
		"keys": [
			{"hour": "0", "usage": 1},
			{"hour": "1", "usage": 53},
			{"hour": "2", "usage": 27},
			{"hour": "3", "usage": 3},
			{"hour": "4", "usage": 10},
			{"hour": "5", "usage": 2},
			{"hour": "6", "usage": 0},
			{"hour": "7", "usage": 12},
			{"hour": "8", "usage": 31},
			{"hour": "9", "usage": 18},
			{"hour": "10", "usage": 14},
			{"hour": "11", "usage": 20},
			{"hour": "12", "usage": 4},
			{"hour": "13", "usage": 3},
			{"hour": "14", "usage": 3},
			{"hour": "15", "usage": 0},
			{"hour": "16", "usage": 5},
			{"hour": "17", "usage": 7},
			{"hour": "18", "usage": 0},
			{"hour": "19", "usage": 0},
			{"hour": "20", "usage": 0},
			{"hour": "21", "usage": 0},
			{"hour": "22", "usage": 1},
			{"hour": "23", "usage": 15},
		]
	},
	{
		"date": 3,
		"totalTime": 260,
		"details": [
			{"appName": "카카오톡", "usage": 98},
			{"appName": "YouTube", "usage": 42},
			{"appName": "Whale", "usage": 18},
			{"appName": "Polar Beat", "usage": 18},
			{"appName": "갤러리", "usage": 17},
			{"appName": "기본홈", "usage": 11},
			{"appName": "메시지", "usage": 9},
			{"appName": "Paco", "usage": 8},
			{"appName": "Q메모+", "usage": 5},
			{"appName": "설정", "usage": 4},
			{"appName": "알람/시계", "usage": 3},
			{"appName": "다나와 가격비교", "usage": 3},
			{"appName": "Chrome", "usage": 3},
			{"appName": "T전화", "usage": 2},
			{"appName": "LG 페이", "usage": 2},
			{"appName": "BAND", "usage": 2},
			{"appName": "캘린더", "usage": 1},
			{"appName": "음악", "usage": 1},
			{"appName": "YouTube Music", "usage": 1},
		],
		"keys": [
			{"hour": "0", "usage": 27},
			{"hour": "1", "usage": 26},
			{"hour": "2", "usage": 15},
			{"hour": "3", "usage": 14},
			{"hour": "4", "usage": 17},
			{"hour": "5", "usage": 9},
			{"hour": "6", "usage": 13},
			{"hour": "7", "usage": 12},
			{"hour": "8", "usage": 14},
			{"hour": "9", "usage": 15},
			{"hour": "10", "usage": 16},
			{"hour": "11", "usage": 3},
			{"hour": "12", "usage": 19},
			{"hour": "13", "usage": 12},
			{"hour": "14", "usage": 23},
			{"hour": "15", "usage": 6},
			{"hour": "16", "usage": 0},
			{"hour": "17", "usage": 8},
			{"hour": "18", "usage": 0},
			{"hour": "19", "usage": 0},
			{"hour": "20", "usage": 0},
			{"hour": "21", "usage": 0},
			{"hour": "22", "usage": 0},
			{"hour": "23", "usage": 3},
		]
	},
	{
		"date": 4,
		"totalTime": 409,
		"details": [
			{"appName": "YouTube", "usage": 307},
			{"appName": "G마켓", "usage": 16},
			{"appName": "기본홈", "usage": 15},
			{"appName": "Polar Beat", "usage": 14},
			{"appName": "카카오톡", "usage": 12},
			{"appName": "Whale", "usage": 8},
			{"appName": "YouTube Music", "usage": 5},
			{"appName": "T전화", "usage": 4},
			{"appName": "Paco", "usage": 4},
			{"appName": "메시지", "usage": 3},
			{"appName": "하나카드", "usage": 2},
			{"appName": "알람/시계", "usage": 1},
			{"appName": "갤러리", "usage": 1},
			{"appName": "Logger", "usage": 1},
			{"appName": "LG 페이", "usage": 1},
			{"appName": "Google Play 스토어", "usage": 1},
		],
		"keys": [
			{"hour": "0", "usage": 0},
			{"hour": "1", "usage": 49},
			{"hour": "2", "usage": 59},
			{"hour": "3", "usage": 53},
			{"hour": "4", "usage": 35},
			{"hour": "5", "usage": 22},
			{"hour": "6", "usage": 8},
			{"hour": "7", "usage": 5},
			{"hour": "8", "usage": 47},
			{"hour": "9", "usage": 17},
			{"hour": "10", "usage": 47},
			{"hour": "11", "usage": 3},
			{"hour": "12", "usage": 3},
			{"hour": "13", "usage": 1},
			{"hour": "14", "usage": 1},
			{"hour": "15", "usage": 1},
			{"hour": "16", "usage": 15},
			{"hour": "17", "usage": 0},
			{"hour": "18", "usage": 33},
			{"hour": "19", "usage": 0},
			{"hour": "20", "usage": 0},
			{"hour": "21", "usage": 0},
			{"hour": "22", "usage": 0},
			{"hour": "23", "usage": 1},
		]
	},
	{
		"date": 5,
		"totalTime": 279,
		"details": [
			{"appName": "YouTube", "usage": 145},
			{"appName": "기본홈", "usage": 36},
			{"appName": "Whale", "usage": 21},
			{"appName": "카카오톡", "usage": 15},
			{"appName": "Paco", "usage": 8},
			{"appName": "갤러리", "usage": 5},
			{"appName": "T전화", "usage": 5},
			{"appName": "위메프", "usage": 4},
			{"appName": "메시지", "usage": 4},
			{"appName": "다나와 가격비교", "usage": 4},
			{"appName": "Polar Beat", "usage": 4},
			{"appName": "ABC Logger", "usage": 3},
			{"appName": "ISP/페이북", "usage": 2},
			{"appName": "G마켓", "usage": 2},
			{"appName": "Gmail", "usage": 2},
			{"appName": "티몬", "usage": 1},
			{"appName": "시스템 UI", "usage": 1},
			{"appName": "YouTube Music", "usage": 1},
			{"appName": "Logger", "usage": 1},
			{"appName": "11번가", "usage": 1},
		],
		"keys": [
			{"hour": "0", "usage": 0},
			{"hour": "1", "usage": 8},
			{"hour": "2", "usage": 56},
			{"hour": "3", "usage": 0},
			{"hour": "4", "usage": 0},
			{"hour": "5", "usage": 30},
			{"hour": "6", "usage": 16},
			{"hour": "7", "usage": 30},
			{"hour": "8", "usage": 6},
			{"hour": "9", "usage": 1},
			{"hour": "10", "usage": 2},
			{"hour": "11", "usage": 2},
			{"hour": "12", "usage": 26},
			{"hour": "13", "usage": 43},
			{"hour": "14", "usage": 5},
			{"hour": "15", "usage": 16},
			{"hour": "16", "usage": 14},
			{"hour": "17", "usage": 1},
			{"hour": "18", "usage": 0},
			{"hour": "19", "usage": 0},
			{"hour": "20", "usage": 0},
			{"hour": "21", "usage": 0},
			{"hour": "22", "usage": 8},
			{"hour": "23", "usage": 7},
		]
	},
	{
		"date": 6,
		"totalTime": 224,
		"details": [
			{"appName": "카카오톡", "usage": 54},
			{"appName": "Polar Beat", "usage": 36},
			{"appName": "기본홈", "usage": 34},
			{"appName": "YouTube Music", "usage": 16},
			{"appName": "다나와 가격비교", "usage": 15},
			{"appName": "Whale", "usage": 12},
			{"appName": "YouTube", "usage": 9},
			{"appName": "사용자 휴대폰 도우미", "usage": 6},
			{"appName": "메시지", "usage": 6},
			{"appName": "갤러리", "usage": 5},
			{"appName": "T전화", "usage": 5},
			{"appName": "ABC Logger", "usage": 4},
			{"appName": "Wi-Fi", "usage": 3},
			{"appName": "Paco", "usage": 2},
			{"appName": "NFC 서비스", "usage": 2},
			{"appName": "LG 페이", "usage": 2},
			{"appName": "BAND", "usage": 1},
		],
		"keys": [
			{"hour": "0", "usage": 19},
			{"hour": "1", "usage": 21},
			{"hour": "2", "usage": 10},
			{"hour": "3", "usage": 11},
			{"hour": "4", "usage": 22},
			{"hour": "5", "usage": 0},
			{"hour": "6", "usage": 0},
			{"hour": "7", "usage": 13},
			{"hour": "8", "usage": 12},
			{"hour": "9", "usage": 0},
			{"hour": "10", "usage": 8},
			{"hour": "11", "usage": 19},
			{"hour": "12", "usage": 29},
			{"hour": "13", "usage": 16},
			{"hour": "14", "usage": 6},
			{"hour": "15", "usage": 19},
			{"hour": "16", "usage": 11},
			{"hour": "17", "usage": 0},
			{"hour": "18", "usage": 0},
			{"hour": "19", "usage": 0},
			{"hour": "20", "usage": 0},
			{"hour": "21", "usage": 0},
			{"hour": "22", "usage": 0},
			{"hour": "23", "usage": 0},
		]
	},
	{
		"date": 7,
		"totalTime": 227,
		"details": [
			{"appName": "카카오톡", "usage": 49},
			{"appName": "Whale", "usage": 29},
			{"appName": "YouTube", "usage": 28},
			{"appName": "메시지", "usage": 23},
			{"appName": "YouTube Music", "usage": 21},
			{"appName": "기본홈", "usage": 18},
			{"appName": "T전화", "usage": 7},
			{"appName": "Paco", "usage": 7},
			{"appName": "LG 페이", "usage": 7},
			{"appName": "카카오맵", "usage": 6},
			{"appName": "Chrome", "usage": 6},
			{"appName": "사용자 휴대폰 도우미", "usage": 4},
			{"appName": "토스", "usage": 2},
			{"appName": "고속버스 모바일", "usage": 2},
			{"appName": "원기날씨", "usage": 1},
			{"appName": "Polar Beat", "usage": 1},
			{"appName": "NFC 서비스", "usage": 1},
			{"appName": "Instagram", "usage": 1},
			{"appName": "BAND", "usage": 1},
			{"appName": "AIA Vitality T건강걷기", "usage": 1},
		],
		"keys": [
			{"hour": "0", "usage": 17},
			{"hour": "1", "usage": 10},
			{"hour": "2", "usage": 16},
			{"hour": "3", "usage": 2},
			{"hour": "4", "usage": 3},
			{"hour": "5", "usage": 11},
			{"hour": "6", "usage": 19},
			{"hour": "7", "usage": 9},
			{"hour": "8", "usage": 21},
			{"hour": "9", "usage": 16},
			{"hour": "10", "usage": 1},
			{"hour": "11", "usage": 13},
			{"hour": "12", "usage": 6},
			{"hour": "13", "usage": 8},
			{"hour": "14", "usage": 7},
			{"hour": "15", "usage": 5},
			{"hour": "16", "usage": 24},
			{"hour": "17", "usage": 0},
			{"hour": "18", "usage": 8},
			{"hour": "19", "usage": 0},
			{"hour": "20", "usage": 0},
			{"hour": "21", "usage": 0},
			{"hour": "22", "usage": 9},
			{"hour": "23", "usage": 9},
		]
	},
]
