[
	{
		"date": 1,
		"totalTime": 106,
		"details": [
			{"appName": "Polar Beat", "usage": 16},
			{"appName": "카카오톡", "usage": 14},
			{"appName": "Paco", "usage": 13},
			{"appName": "삼성 인터넷", "usage": 10},
			{"appName": "Samsung Experience 홈", "usage": 10},
			{"appName": "드라이브", "usage": 8},
			{"appName": "YouTube", "usage": 8},
			{"appName": "벅스", "usage": 4},
			{"appName": "Instagram", "usage": 3},
			{"appName": "시계", "usage": 2},
			{"appName": "설정", "usage": 2},
			{"appName": "Facebook", "usage": 2},
			{"appName": "캘린더", "usage": 1},
			{"appName": "M-able", "usage": 1},
			{"appName": "Gmail", "usage": 1},
			{"appName": "Dropsync", "usage": 1},
		],
		"keys": [
			{"hour": "0", "usage": 16},
			{"hour": "1", "usage": 15},
			{"hour": "2", "usage": 9},
			{"hour": "3", "usage": 8},
			{"hour": "4", "usage": 4},
			{"hour": "5", "usage": 3},
			{"hour": "6", "usage": 4},
			{"hour": "7", "usage": 0},
			{"hour": "8", "usage": 0},
			{"hour": "9", "usage": 5},
			{"hour": "10", "usage": 2},
			{"hour": "11", "usage": 0},
			{"hour": "12", "usage": 8},
			{"hour": "13", "usage": 14},
			{"hour": "14", "usage": 5},
			{"hour": "15", "usage": 0},
			{"hour": "16", "usage": 0},
			{"hour": "17", "usage": 4},
			{"hour": "18", "usage": 0},
			{"hour": "19", "usage": 0},
			{"hour": "20", "usage": 0},
			{"hour": "21", "usage": 0},
			{"hour": "22", "usage": 0},
			{"hour": "23", "usage": 0},
		]
	},
	{
		"date": 2,
		"totalTime": 141,
		"details": [
			{"appName": "Facebook", "usage": 47},
			{"appName": "카카오톡", "usage": 42},
			{"appName": "삼성 인터넷", "usage": 13},
			{"appName": "벅스", "usage": 9},
			{"appName": "Samsung Experience 홈", "usage": 7},
			{"appName": "Paco", "usage": 6},
			{"appName": "Polar Beat", "usage": 3},
			{"appName": "시계", "usage": 2},
			{"appName": "M-able", "usage": 2},
			{"appName": "Instagram", "usage": 2},
			{"appName": "설정", "usage": 1},
			{"appName": "드라이브", "usage": 1},
		],
		"keys": [
			{"hour": "0", "usage": 2},
			{"hour": "1", "usage": 8},
			{"hour": "2", "usage": 2},
			{"hour": "3", "usage": 2},
			{"hour": "4", "usage": 8},
			{"hour": "5", "usage": 0},
			{"hour": "6", "usage": 6},
			{"hour": "7", "usage": 2},
			{"hour": "8", "usage": 6},
			{"hour": "9", "usage": 20},
			{"hour": "10", "usage": 3},
			{"hour": "11", "usage": 8},
			{"hour": "12", "usage": 12},
			{"hour": "13", "usage": 14},
			{"hour": "14", "usage": 5},
			{"hour": "15", "usage": 11},
			{"hour": "16", "usage": 10},
			{"hour": "17", "usage": 12},
			{"hour": "18", "usage": 0},
			{"hour": "19", "usage": 0},
			{"hour": "20", "usage": 0},
			{"hour": "21", "usage": 0},
			{"hour": "22", "usage": 0},
			{"hour": "23", "usage": 1},
		]
	},
	{
		"date": 3,
		"totalTime": 247,
		"details": [
			{"appName": "카카오톡", "usage": 59},
			{"appName": "YouTube", "usage": 46},
			{"appName": "벅스", "usage": 28},
			{"appName": "Facebook", "usage": 23},
			{"appName": "삼성 인터넷", "usage": 13},
			{"appName": "전화", "usage": 11},
			{"appName": "원터치알림", "usage": 10},
			{"appName": "Samsung Experience 홈", "usage": 8},
			{"appName": "한컴오피스 viewer", "usage": 6},
			{"appName": "시계", "usage": 6},
			{"appName": "M-able", "usage": 6},
			{"appName": "Paco", "usage": 5},
			{"appName": "카카오 T", "usage": 3},
			{"appName": "뱅크샐러드", "usage": 3},
			{"appName": "롯데시네마", "usage": 2},
			{"appName": "카카오맵", "usage": 1},
			{"appName": "설정", "usage": 1},
			{"appName": "Polar Beat", "usage": 1},
			{"appName": "Instagram", "usage": 1},
			{"appName": "Gmail", "usage": 1},
		],
		"keys": [
			{"hour": "0", "usage": 22},
			{"hour": "1", "usage": 5},
			{"hour": "2", "usage": 4},
			{"hour": "3", "usage": 11},
			{"hour": "4", "usage": 4},
			{"hour": "5", "usage": 16},
			{"hour": "6", "usage": 4},
			{"hour": "7", "usage": 18},
			{"hour": "8", "usage": 20},
			{"hour": "9", "usage": 20},
			{"hour": "10", "usage": 8},
			{"hour": "11", "usage": 20},
			{"hour": "12", "usage": 0},
			{"hour": "13", "usage": 9},
			{"hour": "14", "usage": 0},
			{"hour": "15", "usage": 2},
			{"hour": "16", "usage": 0},
			{"hour": "17", "usage": 1},
			{"hour": "18", "usage": 51},
			{"hour": "19", "usage": 6},
			{"hour": "20", "usage": 0},
			{"hour": "21", "usage": 2},
			{"hour": "22", "usage": 2},
			{"hour": "23", "usage": 13},
		]
	},
	{
		"date": 4,
		"totalTime": 189,
		"details": [
			{"appName": "YouTube", "usage": 51},
			{"appName": "T map", "usage": 50},
			{"appName": "카카오톡", "usage": 29},
			{"appName": "Facebook", "usage": 14},
			{"appName": "삼성 인터넷", "usage": 9},
			{"appName": "시계", "usage": 6},
			{"appName": "Paco", "usage": 6},
			{"appName": "One UI 홈", "usage": 6},
			{"appName": "국제검진센터", "usage": 4},
			{"appName": "벅스", "usage": 2},
			{"appName": "전화", "usage": 1},
			{"appName": "Polar Beat", "usage": 1},
			{"appName": "Instagram", "usage": 1},
		],
		"keys": [
			{"hour": "0", "usage": 2},
			{"hour": "1", "usage": 0},
			{"hour": "2", "usage": 7},
			{"hour": "3", "usage": 32},
			{"hour": "4", "usage": 7},
			{"hour": "5", "usage": 6},
			{"hour": "6", "usage": 20},
			{"hour": "7", "usage": 4},
			{"hour": "8", "usage": 4},
			{"hour": "9", "usage": 6},
			{"hour": "10", "usage": 6},
			{"hour": "11", "usage": 35},
			{"hour": "12", "usage": 32},
			{"hour": "13", "usage": 17},
			{"hour": "14", "usage": 2},
			{"hour": "15", "usage": 0},
			{"hour": "16", "usage": 0},
			{"hour": "17", "usage": 0},
			{"hour": "18", "usage": 0},
			{"hour": "19", "usage": 0},
			{"hour": "20", "usage": 0},
			{"hour": "21", "usage": 0},
			{"hour": "22", "usage": 0},
			{"hour": "23", "usage": 0},
		]
	},
	{
		"date": 5,
		"totalTime": 181,
		"details": [
			{"appName": "카카오톡", "usage": 45},
			{"appName": "YouTube", "usage": 45},
			{"appName": "Facebook", "usage": 43},
			{"appName": "T map", "usage": 14},
			{"appName": "벅스", "usage": 10},
			{"appName": "삼성 인터넷", "usage": 6},
			{"appName": "Paco", "usage": 5},
			{"appName": "One UI 홈", "usage": 5},
			{"appName": "시계", "usage": 2},
		],
		"keys": [
			{"hour": "0", "usage": 1},
			{"hour": "1", "usage": 9},
			{"hour": "2", "usage": 41},
			{"hour": "3", "usage": 5},
			{"hour": "4", "usage": 4},
			{"hour": "5", "usage": 0},
			{"hour": "6", "usage": 38},
			{"hour": "7", "usage": 3},
			{"hour": "8", "usage": 1},
			{"hour": "9", "usage": 0},
			{"hour": "10", "usage": 6},
			{"hour": "11", "usage": 11},
			{"hour": "12", "usage": 1},
			{"hour": "13", "usage": 4},
			{"hour": "14", "usage": 1},
			{"hour": "15", "usage": 0},
			{"hour": "16", "usage": 0},
			{"hour": "17", "usage": 27},
			{"hour": "18", "usage": 19},
			{"hour": "19", "usage": 0},
			{"hour": "20", "usage": 0},
			{"hour": "21", "usage": 0},
			{"hour": "22", "usage": 0},
			{"hour": "23", "usage": 0},
		]
	},
	{
		"date": 6,
		"totalTime": 180,
		"details": [
			{"appName": "카카오톡", "usage": 80},
			{"appName": "YouTube", "usage": 50},
			{"appName": "삼성 인터넷", "usage": 12},
			{"appName": "전화", "usage": 11},
			{"appName": "Paco", "usage": 6},
			{"appName": "One UI 홈", "usage": 5},
			{"appName": "카메라", "usage": 2},
			{"appName": "시계", "usage": 2},
			{"appName": "벅스", "usage": 1},
			{"appName": "국제검진센터", "usage": 1},
			{"appName": "Gmail", "usage": 1},
		],
		"keys": [
			{"hour": "0", "usage": 2},
			{"hour": "1", "usage": 33},
			{"hour": "2", "usage": 7},
			{"hour": "3", "usage": 2},
			{"hour": "4", "usage": 1},
			{"hour": "5", "usage": 3},
			{"hour": "6", "usage": 2},
			{"hour": "7", "usage": 10},
			{"hour": "8", "usage": 2},
			{"hour": "9", "usage": 0},
			{"hour": "10", "usage": 2},
			{"hour": "11", "usage": 17},
			{"hour": "12", "usage": 28},
			{"hour": "13", "usage": 17},
			{"hour": "14", "usage": 5},
			{"hour": "15", "usage": 30},
			{"hour": "16", "usage": 3},
			{"hour": "17", "usage": 6},
			{"hour": "18", "usage": 0},
			{"hour": "19", "usage": 0},
			{"hour": "20", "usage": 0},
			{"hour": "21", "usage": 0},
			{"hour": "22", "usage": 0},
			{"hour": "23", "usage": 0},
		]
	},
	{
		"date": 7,
		"totalTime": 208,
		"details": [
			{"appName": "YouTube", "usage": 117},
			{"appName": "카카오톡", "usage": 45},
			{"appName": "삼성 인터넷", "usage": 12},
			{"appName": "One UI 홈", "usage": 6},
			{"appName": "뱅크샐러드", "usage": 5},
			{"appName": "Paco", "usage": 4},
			{"appName": "Facebook", "usage": 4},
			{"appName": "벅스", "usage": 2},
			{"appName": "캘린더", "usage": 1},
			{"appName": "전화", "usage": 1},
			{"appName": "시계", "usage": 1},
		],
		"keys": [
			{"hour": "0", "usage": 3},
			{"hour": "1", "usage": 8},
			{"hour": "2", "usage": 13},
			{"hour": "3", "usage": 8},
			{"hour": "4", "usage": 9},
			{"hour": "5", "usage": 4},
			{"hour": "6", "usage": 8},
			{"hour": "7", "usage": 0},
			{"hour": "8", "usage": 45},
			{"hour": "9", "usage": 8},
			{"hour": "10", "usage": 23},
			{"hour": "11", "usage": 54},
			{"hour": "12", "usage": 19},
			{"hour": "13", "usage": 0},
			{"hour": "14", "usage": 0},
			{"hour": "15", "usage": 0},
			{"hour": "16", "usage": 0},
			{"hour": "17", "usage": 0},
			{"hour": "18", "usage": 0},
			{"hour": "19", "usage": 0},
			{"hour": "20", "usage": 0},
			{"hour": "21", "usage": 0},
			{"hour": "22", "usage": 0},
			{"hour": "23", "usage": 0},
		]
	},
]
