[
	{
		"date": 1,
		"totalTime": 415,
		"details": [
			{"appName": "Facebook", "usage": 106},
			{"appName": "NAVER", "usage": 45},
			{"appName": "카카오톡", "usage": 39},
			{"appName": "PES 2019 PRO EVOLUTION SOCCER", "usage": 38},
			{"appName": "YouTube", "usage": 27},
			{"appName": "Instagram", "usage": 27},
			{"appName": "One UI 홈", "usage": 26},
			{"appName": "아만다", "usage": 18},
			{"appName": "네이버 웹툰", "usage": 17},
			{"appName": "Netflix", "usage": 13},
			{"appName": "삼성 인터넷", "usage": 12},
			{"appName": "갤러리", "usage": 9},
			{"appName": "Paco", "usage": 5},
			{"appName": "통화", "usage": 4},
			{"appName": "다음웹툰", "usage": 3},
			{"appName": "SNOW", "usage": 3},
			{"appName": "Melon", "usage": 3},
			{"appName": "숨고", "usage": 2},
			{"appName": "레진코믹스", "usage": 2},
			{"appName": "Polar Beat", "usage": 2},
			{"appName": "컴프야2019", "usage": 1},
		],
		"keys": [
			{"hour": "0", "usage": 2},
			{"hour": "1", "usage": 28},
			{"hour": "2", "usage": 27},
			{"hour": "3", "usage": 30},
			{"hour": "4", "usage": 9},
			{"hour": "5", "usage": 31},
			{"hour": "6", "usage": 51},
			{"hour": "7", "usage": 11},
			{"hour": "8", "usage": 22},
			{"hour": "9", "usage": 12},
			{"hour": "10", "usage": 21},
			{"hour": "11", "usage": 6},
			{"hour": "12", "usage": 36},
			{"hour": "13", "usage": 3},
			{"hour": "14", "usage": 33},
			{"hour": "15", "usage": 38},
			{"hour": "16", "usage": 23},
			{"hour": "17", "usage": 22},
			{"hour": "18", "usage": 0},
			{"hour": "19", "usage": 0},
			{"hour": "20", "usage": 0},
			{"hour": "21", "usage": 0},
			{"hour": "22", "usage": 0},
			{"hour": "23", "usage": 0},
		]
	},
	{
		"date": 2,
		"totalTime": 372,
		"details": [
			{"appName": "PES 2019 PRO EVOLUTION SOCCER", "usage": 78},
			{"appName": "Facebook", "usage": 71},
			{"appName": "YouTube", "usage": 44},
			{"appName": "카카오톡", "usage": 43},
			{"appName": "Instagram", "usage": 26},
			{"appName": "One UI 홈", "usage": 25},
			{"appName": "NAVER", "usage": 23},
			{"appName": "네이버 웹툰", "usage": 13},
			{"appName": "통화", "usage": 6},
			{"appName": "Paco", "usage": 4},
			{"appName": "아만다", "usage": 3},
			{"appName": "수탉 알람시계", "usage": 3},
			{"appName": "갤러리", "usage": 3},
			{"appName": "Samsung Notes", "usage": 3},
			{"appName": "SNOW", "usage": 3},
			{"appName": "Melon", "usage": 3},
			{"appName": "KB스타알림", "usage": 2},
			{"appName": "컴프야2019", "usage": 1},
			{"appName": "숨고", "usage": 1},
			{"appName": "Word", "usage": 1},
			{"appName": "Polar Beat", "usage": 1},
			{"appName": "", "usage": 1},
		],
		"keys": [
			{"hour": "0", "usage": 26},
			{"hour": "1", "usage": 21},
			{"hour": "2", "usage": 30},
			{"hour": "3", "usage": 21},
			{"hour": "4", "usage": 19},
			{"hour": "5", "usage": 13},
			{"hour": "6", "usage": 10},
			{"hour": "7", "usage": 13},
			{"hour": "8", "usage": 8},
			{"hour": "9", "usage": 25},
			{"hour": "10", "usage": 52},
			{"hour": "11", "usage": 17},
			{"hour": "12", "usage": 48},
			{"hour": "13", "usage": 24},
			{"hour": "14", "usage": 27},
			{"hour": "15", "usage": 2},
			{"hour": "16", "usage": 0},
			{"hour": "17", "usage": 1},
			{"hour": "18", "usage": 6},
			{"hour": "19", "usage": 0},
			{"hour": "20", "usage": 0},
			{"hour": "21", "usage": 0},
			{"hour": "22", "usage": 0},
			{"hour": "23", "usage": 0},
		]
	},
	{
		"date": 3,
		"totalTime": 258,
		"details": [
			{"appName": "Facebook", "usage": 67},
			{"appName": "PES 2019 PRO EVOLUTION SOCCER", "usage": 59},
			{"appName": "네이버 웹툰", "usage": 30},
			{"appName": "Instagram", "usage": 18},
			{"appName": "One UI 홈", "usage": 17},
			{"appName": "카카오톡", "usage": 12},
			{"appName": "YouTube", "usage": 11},
			{"appName": "Melon", "usage": 9},
			{"appName": "통화", "usage": 5},
			{"appName": "갤러리", "usage": 5},
			{"appName": "NAVER", "usage": 5},
			{"appName": "레진코믹스", "usage": 2},
			{"appName": "Paco", "usage": 2},
			{"appName": "컴프야2019", "usage": 1},
			{"appName": "다음웹툰", "usage": 1},
			{"appName": "T world", "usage": 1},
		],
		"keys": [
			{"hour": "0", "usage": 38},
			{"hour": "1", "usage": 43},
			{"hour": "2", "usage": 1},
			{"hour": "3", "usage": 6},
			{"hour": "4", "usage": 20},
			{"hour": "5", "usage": 20},
			{"hour": "6", "usage": 24},
			{"hour": "7", "usage": 8},
			{"hour": "8", "usage": 7},
			{"hour": "9", "usage": 24},
			{"hour": "10", "usage": 1},
			{"hour": "11", "usage": 8},
			{"hour": "12", "usage": 7},
			{"hour": "13", "usage": 3},
			{"hour": "14", "usage": 6},
			{"hour": "15", "usage": 7},
			{"hour": "16", "usage": 0},
			{"hour": "17", "usage": 1},
			{"hour": "18", "usage": 3},
			{"hour": "19", "usage": 22},
			{"hour": "20", "usage": 0},
			{"hour": "21", "usage": 0},
			{"hour": "22", "usage": 0},
			{"hour": "23", "usage": 0},
		]
	},
	{
		"date": 4,
		"totalTime": 347,
		"details": [
			{"appName": "Facebook", "usage": 111},
			{"appName": "YouTube", "usage": 43},
			{"appName": "NAVER", "usage": 41},
			{"appName": "네이버 웹툰", "usage": 28},
			{"appName": "삼성 인터넷", "usage": 21},
			{"appName": "통화", "usage": 16},
			{"appName": "One UI 홈", "usage": 15},
			{"appName": "카카오톡", "usage": 14},
			{"appName": "Instagram", "usage": 10},
			{"appName": "Melon", "usage": 8},
			{"appName": "컴프야2019", "usage": 7},
			{"appName": "다음웹툰", "usage": 6},
			{"appName": "PES 2019 PRO EVOLUTION SOCCER", "usage": 4},
			{"appName": "", "usage": 3},
			{"appName": "쿠팡", "usage": 1},
			{"appName": "Paco", "usage": 1},
			{"appName": "Netflix", "usage": 1},
			{"appName": "Google Play 스토어", "usage": 1},
		],
		"keys": [
			{"hour": "0", "usage": 22},
			{"hour": "1", "usage": 56},
			{"hour": "2", "usage": 17},
			{"hour": "3", "usage": 1},
			{"hour": "4", "usage": 11},
			{"hour": "5", "usage": 42},
			{"hour": "6", "usage": 29},
			{"hour": "7", "usage": 25},
			{"hour": "8", "usage": 11},
			{"hour": "9", "usage": 19},
			{"hour": "10", "usage": 1},
			{"hour": "11", "usage": 2},
			{"hour": "12", "usage": 1},
			{"hour": "13", "usage": 2},
			{"hour": "14", "usage": 4},
			{"hour": "15", "usage": 46},
			{"hour": "16", "usage": 31},
			{"hour": "17", "usage": 15},
			{"hour": "18", "usage": 0},
			{"hour": "19", "usage": 0},
			{"hour": "20", "usage": 0},
			{"hour": "21", "usage": 0},
			{"hour": "22", "usage": 0},
			{"hour": "23", "usage": 1},
		]
	},
	{
		"date": 5,
		"totalTime": 389,
		"details": [
			{"appName": "YouTube", "usage": 90},
			{"appName": "Facebook", "usage": 85},
			{"appName": "NAVER", "usage": 42},
			{"appName": "카카오톡", "usage": 36},
			{"appName": "네이버 웹툰", "usage": 20},
			{"appName": "Instagram", "usage": 18},
			{"appName": "삼성 인터넷", "usage": 17},
			{"appName": "One UI 홈", "usage": 17},
			{"appName": "아만다", "usage": 13},
			{"appName": "통화", "usage": 8},
			{"appName": "PES 2019 PRO EVOLUTION SOCCER", "usage": 8},
			{"appName": "Melon", "usage": 5},
			{"appName": "", "usage": 5},
			{"appName": "다음웹툰", "usage": 2},
			{"appName": "갤러리", "usage": 2},
			{"appName": "Paco", "usage": 2},
			{"appName": "Google Play 스토어", "usage": 2},
			{"appName": "토스", "usage": 1},
			{"appName": "날씨", "usage": 1},
		],
		"keys": [
			{"hour": "0", "usage": 0},
			{"hour": "1", "usage": 25},
			{"hour": "2", "usage": 5},
			{"hour": "3", "usage": 13},
			{"hour": "4", "usage": 2},
			{"hour": "5", "usage": 9},
			{"hour": "6", "usage": 28},
			{"hour": "7", "usage": 21},
			{"hour": "8", "usage": 24},
			{"hour": "9", "usage": 21},
			{"hour": "10", "usage": 42},
			{"hour": "11", "usage": 12},
			{"hour": "12", "usage": 33},
			{"hour": "13", "usage": 20},
			{"hour": "14", "usage": 28},
			{"hour": "15", "usage": 32},
			{"hour": "16", "usage": 28},
			{"hour": "17", "usage": 19},
			{"hour": "18", "usage": 7},
			{"hour": "19", "usage": 0},
			{"hour": "20", "usage": 0},
			{"hour": "21", "usage": 0},
			{"hour": "22", "usage": 7},
			{"hour": "23", "usage": 2},
		]
	},
	{
		"date": 6,
		"totalTime": 254,
		"details": [
			{"appName": "Facebook", "usage": 52},
			{"appName": "카카오톡", "usage": 44},
			{"appName": "YouTube", "usage": 21},
			{"appName": "One UI 홈", "usage": 21},
			{"appName": "Instagram", "usage": 20},
			{"appName": "PES 2019 PRO EVOLUTION SOCCER", "usage": 19},
			{"appName": "통화", "usage": 16},
			{"appName": "NAVER", "usage": 13},
			{"appName": "네이버 웹툰", "usage": 10},
			{"appName": "아만다", "usage": 6},
			{"appName": "Melon", "usage": 5},
			{"appName": "", "usage": 4},
			{"appName": "삼성 인터넷", "usage": 2},
			{"appName": "Paco", "usage": 2},
			{"appName": "컴프야2019", "usage": 1},
			{"appName": "수탉 알람시계", "usage": 1},
			{"appName": "날씨", "usage": 1},
			{"appName": "SNOW", "usage": 1},
			{"appName": "Google Play 스토어", "usage": 1},
		],
		"keys": [
			{"hour": "0", "usage": 1},
			{"hour": "1", "usage": 31},
			{"hour": "2", "usage": 22},
			{"hour": "3", "usage": 42},
			{"hour": "4", "usage": 13},
			{"hour": "5", "usage": 8},
			{"hour": "6", "usage": 5},
			{"hour": "7", "usage": 2},
			{"hour": "8", "usage": 13},
			{"hour": "9", "usage": 3},
			{"hour": "10", "usage": 41},
			{"hour": "11", "usage": 3},
			{"hour": "12", "usage": 12},
			{"hour": "13", "usage": 11},
			{"hour": "14", "usage": 2},
			{"hour": "15", "usage": 2},
			{"hour": "16", "usage": 1},
			{"hour": "17", "usage": 3},
			{"hour": "18", "usage": 15},
			{"hour": "19", "usage": 0},
			{"hour": "20", "usage": 0},
			{"hour": "21", "usage": 0},
			{"hour": "22", "usage": 0},
			{"hour": "23", "usage": 15},
		]
	},
	{
		"date": 7,
		"totalTime": 279,
		"details": [
			{"appName": "YouTube", "usage": 57},
			{"appName": "Facebook", "usage": 45},
			{"appName": "PES 2019 PRO EVOLUTION SOCCER", "usage": 26},
			{"appName": "카카오톡", "usage": 23},
			{"appName": "NAVER", "usage": 22},
			{"appName": "One UI 홈", "usage": 19},
			{"appName": "Instagram", "usage": 19},
			{"appName": "Melon", "usage": 15},
			{"appName": "아만다", "usage": 9},
			{"appName": "네이버 웹툰", "usage": 7},
			{"appName": "통화", "usage": 6},
			{"appName": "토스", "usage": 5},
			{"appName": "다음웹툰", "usage": 4},
			{"appName": "Dropsync", "usage": 3},
			{"appName": "Paco", "usage": 2},
			{"appName": "메시지", "usage": 1},
			{"appName": "갤러리", "usage": 1},
			{"appName": "Google Play 스토어", "usage": 1},
		],
		"keys": [
			{"hour": "0", "usage": 5},
			{"hour": "1", "usage": 4},
			{"hour": "2", "usage": 14},
			{"hour": "3", "usage": 29},
			{"hour": "4", "usage": 11},
			{"hour": "5", "usage": 9},
			{"hour": "6", "usage": 26},
			{"hour": "7", "usage": 8},
			{"hour": "8", "usage": 35},
			{"hour": "9", "usage": 37},
			{"hour": "10", "usage": 40},
			{"hour": "11", "usage": 28},
			{"hour": "12", "usage": 27},
			{"hour": "13", "usage": 0},
			{"hour": "14", "usage": 0},
			{"hour": "15", "usage": 0},
			{"hour": "16", "usage": 0},
			{"hour": "17", "usage": 0},
			{"hour": "18", "usage": 0},
			{"hour": "19", "usage": 0},
			{"hour": "20", "usage": 0},
			{"hour": "21", "usage": 0},
			{"hour": "22", "usage": 0},
			{"hour": "23", "usage": 0},
		]
	},
]
