[
	{
		"date": 1,
		"totalTime": 1033,
		"details": [
			{"appName": "오락_OK캐쉬백", "usage": 443},
			{"appName": "TVING", "usage": 422},
			{"appName": "카카오톡", "usage": 43},
			{"appName": "원격 데스크톱", "usage": 22},
			{"appName": "트위터", "usage": 14},
			{"appName": "계산기", "usage": 14},
			{"appName": "Polar Beat", "usage": 13},
			{"appName": "Chrome", "usage": 13},
			{"appName": "TouchWiz 홈", "usage": 10},
			{"appName": "Paco", "usage": 8},
			{"appName": "설정", "usage": 6},
			{"appName": "시스템 UI", "usage": 5},
			{"appName": "메시지", "usage": 4},
			{"appName": "전화", "usage": 2},
			{"appName": "알파카", "usage": 1},
			{"appName": "시계", "usage": 1},
		],
		"keys": [
			{"hour": "0", "usage": 38},
			{"hour": "1", "usage": 55},
			{"hour": "2", "usage": 59},
			{"hour": "3", "usage": 25},
			{"hour": "4", "usage": 44},
			{"hour": "5", "usage": 27},
			{"hour": "6", "usage": 42},
			{"hour": "7", "usage": 11},
			{"hour": "8", "usage": 28},
			{"hour": "9", "usage": 58},
			{"hour": "10", "usage": 59},
			{"hour": "11", "usage": 53},
			{"hour": "12", "usage": 56},
			{"hour": "13", "usage": 35},
			{"hour": "14", "usage": 36},
			{"hour": "15", "usage": 8},
			{"hour": "16", "usage": 43},
			{"hour": "17", "usage": 55},
			{"hour": "18", "usage": 37},
			{"hour": "19", "usage": 60},
			{"hour": "20", "usage": 60},
			{"hour": "21", "usage": 60},
			{"hour": "22", "usage": 54},
			{"hour": "23", "usage": 18},
		]
	},
	{
		"date": 2,
		"totalTime": 1008,
		"details": [
			{"appName": "오락_OK캐쉬백", "usage": 744},
			{"appName": "TVING", "usage": 145},
			{"appName": "트위터", "usage": 21},
			{"appName": "롯데시네마", "usage": 17},
			{"appName": "Chrome", "usage": 15},
			{"appName": "카카오톡", "usage": 14},
			{"appName": "TouchWiz 홈", "usage": 7},
			{"appName": "지니 뮤직", "usage": 6},
			{"appName": "Paco", "usage": 6},
			{"appName": "전화", "usage": 5},
			{"appName": "JAM Live", "usage": 4},
			{"appName": "토스", "usage": 3},
			{"appName": "시스템 UI", "usage": 2},
			{"appName": "설정", "usage": 2},
			{"appName": "메시지", "usage": 2},
			{"appName": "Polar Beat", "usage": 2},
			{"appName": "카카오뱅크", "usage": 1},
			{"appName": "연락처", "usage": 1},
		],
		"keys": [
			{"hour": "0", "usage": 10},
			{"hour": "1", "usage": 18},
			{"hour": "2", "usage": 26},
			{"hour": "3", "usage": 58},
			{"hour": "4", "usage": 51},
			{"hour": "5", "usage": 28},
			{"hour": "6", "usage": 0},
			{"hour": "7", "usage": 30},
			{"hour": "8", "usage": 58},
			{"hour": "9", "usage": 33},
			{"hour": "10", "usage": 41},
			{"hour": "11", "usage": 36},
			{"hour": "12", "usage": 28},
			{"hour": "13", "usage": 18},
			{"hour": "14", "usage": 27},
			{"hour": "15", "usage": 60},
			{"hour": "16", "usage": 60},
			{"hour": "17", "usage": 60},
			{"hour": "18", "usage": 59},
			{"hour": "19", "usage": 60},
			{"hour": "20", "usage": 59},
			{"hour": "21", "usage": 59},
			{"hour": "22", "usage": 60},
			{"hour": "23", "usage": 56},
		]
	},
	{
		"date": 3,
		"totalTime": 996,
		"details": [
			{"appName": "TVING", "usage": 443},
			{"appName": "오락_OK캐쉬백", "usage": 438},
			{"appName": "고양이가 귀여운", "usage": 20},
			{"appName": "트위터", "usage": 15},
			{"appName": "TouchWiz 홈", "usage": 11},
			{"appName": "코레일톡", "usage": 10},
			{"appName": "설정", "usage": 8},
			{"appName": "비둘기키우기", "usage": 8},
			{"appName": "카카오톡", "usage": 7},
			{"appName": "Chrome", "usage": 7},
			{"appName": "Paco", "usage": 4},
			{"appName": "Google Play 스토어", "usage": 3},
			{"appName": "카카오 T", "usage": 2},
			{"appName": "시스템 UI", "usage": 2},
			{"appName": "", "usage": 2},
			{"appName": "전화", "usage": 1},
			{"appName": "고양이는 정말 귀여워", "usage": 1},
		],
		"keys": [
			{"hour": "0", "usage": 49},
			{"hour": "1", "usage": 57},
			{"hour": "2", "usage": 50},
			{"hour": "3", "usage": 46},
			{"hour": "4", "usage": 59},
			{"hour": "5", "usage": 31},
			{"hour": "6", "usage": 57},
			{"hour": "7", "usage": 6},
			{"hour": "8", "usage": 53},
			{"hour": "9", "usage": 35},
			{"hour": "10", "usage": 15},
			{"hour": "11", "usage": 28},
			{"hour": "12", "usage": 21},
			{"hour": "13", "usage": 52},
			{"hour": "14", "usage": 53},
			{"hour": "15", "usage": 60},
			{"hour": "16", "usage": 23},
			{"hour": "17", "usage": 0},
			{"hour": "18", "usage": 0},
			{"hour": "19", "usage": 54},
			{"hour": "20", "usage": 60},
			{"hour": "21", "usage": 60},
			{"hour": "22", "usage": 60},
			{"hour": "23", "usage": 30},
		]
	},
	{
		"date": 4,
		"totalTime": 736,
		"details": [
			{"appName": "TVING", "usage": 269},
			{"appName": "오락_OK캐쉬백", "usage": 264},
			{"appName": "Chrome", "usage": 96},
			{"appName": "트위터", "usage": 19},
			{"appName": "Puffin", "usage": 16},
			{"appName": "TouchWiz 홈", "usage": 10},
			{"appName": "지니 뮤직", "usage": 7},
			{"appName": "전화", "usage": 7},
			{"appName": "코레일톡", "usage": 5},
			{"appName": "카카오톡", "usage": 5},
			{"appName": "설정", "usage": 5},
			{"appName": "Paco", "usage": 4},
			{"appName": "Polar Beat", "usage": 3},
			{"appName": "연락처", "usage": 2},
			{"appName": "시스템 UI", "usage": 2},
			{"appName": "디바이스 관리", "usage": 2},
			{"appName": "Samsung Pay", "usage": 2},
			{"appName": "메시지", "usage": 1},
			{"appName": "AccuBattery", "usage": 1},
		],
		"keys": [
			{"hour": "0", "usage": 18},
			{"hour": "1", "usage": 39},
			{"hour": "2", "usage": 47},
			{"hour": "3", "usage": 25},
			{"hour": "4", "usage": 33},
			{"hour": "5", "usage": 38},
			{"hour": "6", "usage": 53},
			{"hour": "7", "usage": 53},
			{"hour": "8", "usage": 54},
			{"hour": "9", "usage": 34},
			{"hour": "10", "usage": 32},
			{"hour": "11", "usage": 59},
			{"hour": "12", "usage": 18},
			{"hour": "13", "usage": 5},
			{"hour": "14", "usage": 34},
			{"hour": "15", "usage": 2},
			{"hour": "16", "usage": 0},
			{"hour": "17", "usage": 0},
			{"hour": "18", "usage": 16},
			{"hour": "19", "usage": 0},
			{"hour": "20", "usage": 41},
			{"hour": "21", "usage": 52},
			{"hour": "22", "usage": 20},
			{"hour": "23", "usage": 51},
		]
	},
	{
		"date": 5,
		"totalTime": 1311,
		"details": [
			{"appName": "오락_OK캐쉬백", "usage": 580},
			{"appName": "원격 데스크톱", "usage": 279},
			{"appName": "메시지", "usage": 193},
			{"appName": "Chrome", "usage": 78},
			{"appName": "TVING", "usage": 49},
			{"appName": "트위터", "usage": 32},
			{"appName": "카카오톡", "usage": 30},
			{"appName": "TouchWiz 홈", "usage": 13},
			{"appName": "설정", "usage": 11},
			{"appName": "시계", "usage": 7},
			{"appName": "Paco", "usage": 7},
			{"appName": "11번가", "usage": 4},
			{"appName": "카카오뱅크", "usage": 3},
			{"appName": "시스템 UI", "usage": 3},
			{"appName": "Polar Beat", "usage": 3},
			{"appName": "토스", "usage": 2},
			{"appName": "지니 뮤직", "usage": 2},
			{"appName": "전화", "usage": 1},
			{"appName": "연락처", "usage": 1},
		],
		"keys": [
			{"hour": "0", "usage": 20},
			{"hour": "1", "usage": 48},
			{"hour": "2", "usage": 92},
			{"hour": "3", "usage": 169},
			{"hour": "4", "usage": 117},
			{"hour": "5", "usage": 61},
			{"hour": "6", "usage": 65},
			{"hour": "7", "usage": 58},
			{"hour": "8", "usage": 45},
			{"hour": "9", "usage": 50},
			{"hour": "10", "usage": 13},
			{"hour": "11", "usage": 2},
			{"hour": "12", "usage": 27},
			{"hour": "13", "usage": 1},
			{"hour": "14", "usage": 61},
			{"hour": "15", "usage": 5},
			{"hour": "16", "usage": 42},
			{"hour": "17", "usage": 60},
			{"hour": "18", "usage": 60},
			{"hour": "19", "usage": 60},
			{"hour": "20", "usage": 60},
			{"hour": "21", "usage": 64},
			{"hour": "22", "usage": 40},
			{"hour": "23", "usage": 0},
		]
	},
	{
		"date": 6,
		"totalTime": 1398,
		"details": [
			{"appName": "트위터", "usage": 477},
			{"appName": "연락처", "usage": 276},
			{"appName": "오락_OK캐쉬백", "usage": 222},
			{"appName": "카카오톡", "usage": 184},
			{"appName": "TVING", "usage": 176},
			{"appName": "Chrome", "usage": 15},
			{"appName": "Polar Beat", "usage": 10},
			{"appName": "설정", "usage": 8},
			{"appName": "TouchWiz 홈", "usage": 7},
			{"appName": "Paco", "usage": 4},
			{"appName": "11번가", "usage": 4},
			{"appName": "전화", "usage": 3},
			{"appName": "메시지", "usage": 2},
			{"appName": "지니 뮤직", "usage": 1},
			{"appName": "시스템 UI", "usage": 1},
		],
		"keys": [
			{"hour": "0", "usage": 19},
			{"hour": "1", "usage": 60},
			{"hour": "2", "usage": 23},
			{"hour": "3", "usage": 44},
			{"hour": "4", "usage": 97},
			{"hour": "5", "usage": 117},
			{"hour": "6", "usage": 119},
			{"hour": "7", "usage": 73},
			{"hour": "8", "usage": 46},
			{"hour": "9", "usage": 52},
			{"hour": "10", "usage": 55},
			{"hour": "11", "usage": 42},
			{"hour": "12", "usage": 42},
			{"hour": "13", "usage": 22},
			{"hour": "14", "usage": 56},
			{"hour": "15", "usage": 52},
			{"hour": "16", "usage": 34},
			{"hour": "17", "usage": 0},
			{"hour": "18", "usage": 0},
			{"hour": "19", "usage": 0},
			{"hour": "20", "usage": 0},
			{"hour": "21", "usage": 0},
			{"hour": "22", "usage": 0},
			{"hour": "23", "usage": 0},
		]
	},
	{
		"date": 7,
		"totalTime": 1052,
		"details": [
			{"appName": "Chrome", "usage": 364},
			{"appName": "TVING", "usage": 330},
			{"appName": "오락_OK캐쉬백", "usage": 175},
			{"appName": "지니 뮤직", "usage": 57},
			{"appName": "Netflix", "usage": 33},
			{"appName": "카카오톡", "usage": 21},
			{"appName": "트위터", "usage": 19},
			{"appName": "Polar Beat", "usage": 8},
			{"appName": "TouchWiz 홈", "usage": 6},
			{"appName": "Paco", "usage": 5},
			{"appName": "11번가", "usage": 5},
			{"appName": "설정", "usage": 4},
			{"appName": "메시지", "usage": 4},
			{"appName": "YouTube", "usage": 4},
			{"appName": "전화", "usage": 2},
			{"appName": "ABC Logger", "usage": 2},
			{"appName": "연락처", "usage": 1},
			{"appName": "시스템 UI", "usage": 1},
		],
		"keys": [
			{"hour": "0", "usage": 19},
			{"hour": "1", "usage": 52},
			{"hour": "2", "usage": 55},
			{"hour": "3", "usage": 46},
			{"hour": "4", "usage": 30},
			{"hour": "5", "usage": 84},
			{"hour": "6", "usage": 41},
			{"hour": "7", "usage": 59},
			{"hour": "8", "usage": 49},
			{"hour": "9", "usage": 40},
			{"hour": "10", "usage": 26},
			{"hour": "11", "usage": 44},
			{"hour": "12", "usage": 34},
			{"hour": "13", "usage": 59},
			{"hour": "14", "usage": 42},
			{"hour": "15", "usage": 59},
			{"hour": "16", "usage": 43},
			{"hour": "17", "usage": 10},
			{"hour": "18", "usage": 59},
			{"hour": "19", "usage": 60},
			{"hour": "20", "usage": 60},
			{"hour": "21", "usage": 60},
			{"hour": "22", "usage": 11},
			{"hour": "23", "usage": 0},
		]
	},
]
