[
	{
		"date": 1,
		"totalTime": 267,
		"details": [
			{"appName": "카카오톡", "usage": 111},
			{"appName": "삼성 인터넷", "usage": 31},
			{"appName": "성경일독Q", "usage": 28},
			{"appName": "네이버 카페", "usage": 17},
			{"appName": "카카오페이지", "usage": 15},
			{"appName": "One UI 홈", "usage": 15},
			{"appName": "시계", "usage": 11},
			{"appName": "Polar Beat", "usage": 5},
			{"appName": "네이버 블로그", "usage": 4},
			{"appName": "YouTube", "usage": 4},
			{"appName": "Paco", "usage": 3},
			{"appName": "Google Play 스토어", "usage": 3},
			{"appName": "통화", "usage": 2},
			{"appName": "KLMS", "usage": 2},
			{"appName": "Samsung Music", "usage": 1},
			{"appName": "Microsoft Health", "usage": 1},
			{"appName": "CLASSUM", "usage": 1},
		],
		"keys": [
			{"hour": "0", "usage": 37},
			{"hour": "1", "usage": 28},
			{"hour": "2", "usage": 10},
			{"hour": "3", "usage": 11},
			{"hour": "4", "usage": 35},
			{"hour": "5", "usage": 23},
			{"hour": "6", "usage": 16},
			{"hour": "7", "usage": 0},
			{"hour": "8", "usage": 3},
			{"hour": "9", "usage": 13},
			{"hour": "10", "usage": 13},
			{"hour": "11", "usage": 0},
			{"hour": "12", "usage": 0},
			{"hour": "13", "usage": 0},
			{"hour": "14", "usage": 0},
			{"hour": "15", "usage": 0},
			{"hour": "16", "usage": 18},
			{"hour": "17", "usage": 15},
			{"hour": "18", "usage": 14},
			{"hour": "19", "usage": 25},
			{"hour": "20", "usage": 0},
			{"hour": "21", "usage": 0},
			{"hour": "22", "usage": 0},
			{"hour": "23", "usage": 0},
		]
	},
	{
		"date": 2,
		"totalTime": 199,
		"details": [
			{"appName": "삼성 인터넷", "usage": 62},
			{"appName": "카카오톡", "usage": 59},
			{"appName": "성경일독Q", "usage": 15},
			{"appName": "One UI 홈", "usage": 14},
			{"appName": "네이버 웹툰", "usage": 11},
			{"appName": "통화", "usage": 10},
			{"appName": "네이버 카페", "usage": 6},
			{"appName": "카메라", "usage": 3},
			{"appName": "Paco", "usage": 3},
			{"appName": "갤러리", "usage": 2},
			{"appName": "Polar Beat", "usage": 1},
			{"appName": "CLASSUM", "usage": 1},
		],
		"keys": [
			{"hour": "0", "usage": 0},
			{"hour": "1", "usage": 0},
			{"hour": "2", "usage": 7},
			{"hour": "3", "usage": 15},
			{"hour": "4", "usage": 3},
			{"hour": "5", "usage": 2},
			{"hour": "6", "usage": 2},
			{"hour": "7", "usage": 8},
			{"hour": "8", "usage": 22},
			{"hour": "9", "usage": 24},
			{"hour": "10", "usage": 4},
			{"hour": "11", "usage": 1},
			{"hour": "12", "usage": 15},
			{"hour": "13", "usage": 13},
			{"hour": "14", "usage": 21},
			{"hour": "15", "usage": 0},
			{"hour": "16", "usage": 0},
			{"hour": "17", "usage": 38},
			{"hour": "18", "usage": 16},
			{"hour": "19", "usage": 0},
			{"hour": "20", "usage": 0},
			{"hour": "21", "usage": 0},
			{"hour": "22", "usage": 0},
			{"hour": "23", "usage": 0},
		]
	},
	{
		"date": 3,
		"totalTime": 183,
		"details": [
			{"appName": "삼성 인터넷", "usage": 91},
			{"appName": "카카오톡", "usage": 34},
			{"appName": "통화", "usage": 10},
			{"appName": "네이버 웹툰", "usage": 9},
			{"appName": "One UI 홈", "usage": 7},
			{"appName": "성경일독Q", "usage": 4},
			{"appName": "네이버 블로그", "usage": 4},
			{"appName": "카카오페이지", "usage": 3},
			{"appName": "포토", "usage": 2},
			{"appName": "Paco", "usage": 2},
			{"appName": "토스", "usage": 1},
			{"appName": "YouTube", "usage": 1},
			{"appName": "Instagram", "usage": 1},
			{"appName": "Google Play 서비스", "usage": 1},
			{"appName": "CLASSUM", "usage": 1},
		],
		"keys": [
			{"hour": "0", "usage": 0},
			{"hour": "1", "usage": 0},
			{"hour": "2", "usage": 0},
			{"hour": "3", "usage": 10},
			{"hour": "4", "usage": 19},
			{"hour": "5", "usage": 8},
			{"hour": "6", "usage": 5},
			{"hour": "7", "usage": 0},
			{"hour": "8", "usage": 9},
			{"hour": "9", "usage": 6},
			{"hour": "10", "usage": 7},
			{"hour": "11", "usage": 5},
			{"hour": "12", "usage": 5},
			{"hour": "13", "usage": 9},
			{"hour": "14", "usage": 12},
			{"hour": "15", "usage": 8},
			{"hour": "16", "usage": 2},
			{"hour": "17", "usage": 8},
			{"hour": "18", "usage": 40},
			{"hour": "19", "usage": 21},
			{"hour": "20", "usage": 0},
			{"hour": "21", "usage": 0},
			{"hour": "22", "usage": 0},
			{"hour": "23", "usage": 0},
		]
	},
	{
		"date": 4,
		"totalTime": 298,
		"details": [
			{"appName": "카카오톡", "usage": 93},
			{"appName": "성경일독Q", "usage": 62},
			{"appName": "삼성 인터넷", "usage": 33},
			{"appName": "성경", "usage": 21},
			{"appName": "시계", "usage": 14},
			{"appName": "네이버 카페", "usage": 14},
			{"appName": "네이버 웹툰", "usage": 12},
			{"appName": "그래핑 계산기 Mathlab", "usage": 11},
			{"appName": "One UI 홈", "usage": 8},
			{"appName": "카카오페이지", "usage": 4},
			{"appName": "YouTube", "usage": 4},
			{"appName": "네이버 블로그", "usage": 3},
			{"appName": "Instagram", "usage": 3},
			{"appName": "토스", "usage": 2},
			{"appName": "Paco", "usage": 2},
			{"appName": "음성 녹음", "usage": 1},
			{"appName": "Polar Beat", "usage": 1},
		],
		"keys": [
			{"hour": "0", "usage": 0},
			{"hour": "1", "usage": 31},
			{"hour": "2", "usage": 13},
			{"hour": "3", "usage": 16},
			{"hour": "4", "usage": 8},
			{"hour": "5", "usage": 7},
			{"hour": "6", "usage": 6},
			{"hour": "7", "usage": 4},
			{"hour": "8", "usage": 12},
			{"hour": "9", "usage": 17},
			{"hour": "10", "usage": 4},
			{"hour": "11", "usage": 16},
			{"hour": "12", "usage": 18},
			{"hour": "13", "usage": 15},
			{"hour": "14", "usage": 17},
			{"hour": "15", "usage": 14},
			{"hour": "16", "usage": 11},
			{"hour": "17", "usage": 25},
			{"hour": "18", "usage": 52},
			{"hour": "19", "usage": 3},
			{"hour": "20", "usage": 0},
			{"hour": "21", "usage": 0},
			{"hour": "22", "usage": 0},
			{"hour": "23", "usage": 0},
		]
	},
	{
		"date": 5,
		"totalTime": 273,
		"details": [
			{"appName": "삼성 인터넷", "usage": 66},
			{"appName": "카카오톡", "usage": 63},
			{"appName": "네이버 웹툰", "usage": 34},
			{"appName": "네이버 카페", "usage": 28},
			{"appName": "One UI 홈", "usage": 28},
			{"appName": "성경일독Q", "usage": 14},
			{"appName": "성경", "usage": 11},
			{"appName": "네이버 블로그", "usage": 4},
			{"appName": "Paco", "usage": 4},
			{"appName": "카카오페이지", "usage": 3},
			{"appName": "시계", "usage": 1},
			{"appName": "드라이브", "usage": 1},
			{"appName": "KLMS", "usage": 1},
			{"appName": "Google Play 스토어", "usage": 1},
			{"appName": "CLASSUM", "usage": 1},
		],
		"keys": [
			{"hour": "0", "usage": 0},
			{"hour": "1", "usage": 6},
			{"hour": "2", "usage": 1},
			{"hour": "3", "usage": 48},
			{"hour": "4", "usage": 2},
			{"hour": "5", "usage": 8},
			{"hour": "6", "usage": 13},
			{"hour": "7", "usage": 30},
			{"hour": "8", "usage": 13},
			{"hour": "9", "usage": 34},
			{"hour": "10", "usage": 16},
			{"hour": "11", "usage": 13},
			{"hour": "12", "usage": 0},
			{"hour": "13", "usage": 8},
			{"hour": "14", "usage": 29},
			{"hour": "15", "usage": 0},
			{"hour": "16", "usage": 2},
			{"hour": "17", "usage": 0},
			{"hour": "18", "usage": 21},
			{"hour": "19", "usage": 0},
			{"hour": "20", "usage": 0},
			{"hour": "21", "usage": 0},
			{"hour": "22", "usage": 20},
			{"hour": "23", "usage": 0},
		]
	},
	{
		"date": 6,
		"totalTime": 353,
		"details": [
			{"appName": "삼성 인터넷", "usage": 104},
			{"appName": "카카오톡", "usage": 88},
			{"appName": "성경일독Q", "usage": 34},
			{"appName": "통화", "usage": 19},
			{"appName": "One UI 홈", "usage": 13},
			{"appName": "성경", "usage": 12},
			{"appName": "어스", "usage": 11},
			{"appName": "메시지", "usage": 11},
			{"appName": "네이버 카페", "usage": 11},
			{"appName": "카카오페이지", "usage": 7},
			{"appName": "Facebook", "usage": 7},
			{"appName": "시계", "usage": 4},
			{"appName": "Instagram", "usage": 4},
			{"appName": "Google Play 스토어", "usage": 4},
			{"appName": "토스", "usage": 3},
			{"appName": "네이버 블로그", "usage": 3},
			{"appName": "네이버 웹툰", "usage": 2},
			{"appName": "지도", "usage": 1},
			{"appName": "Polar Beat", "usage": 1},
			{"appName": "Paco", "usage": 1},
		],
		"keys": [
			{"hour": "0", "usage": 14},
			{"hour": "1", "usage": 10},
			{"hour": "2", "usage": 13},
			{"hour": "3", "usage": 30},
			{"hour": "4", "usage": 40},
			{"hour": "5", "usage": 36},
			{"hour": "6", "usage": 47},
			{"hour": "7", "usage": 10},
			{"hour": "8", "usage": 18},
			{"hour": "9", "usage": 5},
			{"hour": "10", "usage": 8},
			{"hour": "11", "usage": 21},
			{"hour": "12", "usage": 15},
			{"hour": "13", "usage": 5},
			{"hour": "14", "usage": 12},
			{"hour": "15", "usage": 9},
			{"hour": "16", "usage": 0},
			{"hour": "17", "usage": 45},
			{"hour": "18", "usage": 5},
			{"hour": "19", "usage": 0},
			{"hour": "20", "usage": 0},
			{"hour": "21", "usage": 0},
			{"hour": "22", "usage": 0},
			{"hour": "23", "usage": 0},
		]
	},
	{
		"date": 7,
		"totalTime": 1558,
		"details": [
			{"appName": "시스템 UI", "usage": 1154},
			{"appName": "카카오톡", "usage": 115},
			{"appName": "삼성 인터넷", "usage": 78},
			{"appName": "드라이브", "usage": 52},
			{"appName": "성경일독Q", "usage": 26},
			{"appName": "네이버 웹툰", "usage": 22},
			{"appName": "성경", "usage": 18},
			{"appName": "YouTube", "usage": 13},
			{"appName": "One UI 홈", "usage": 13},
			{"appName": "네이버 카페", "usage": 12},
			{"appName": "카카오페이지", "usage": 10},
			{"appName": "카카오맵", "usage": 9},
			{"appName": "Facebook", "usage": 6},
			{"appName": "CLASSUM", "usage": 6},
			{"appName": "Google Play 스토어", "usage": 5},
			{"appName": "네이버 블로그", "usage": 4},
			{"appName": "쏠캘린더", "usage": 2},
			{"appName": "Paco", "usage": 1},
			{"appName": "KLMS", "usage": 1},
		],
		"keys": [
			{"hour": "0", "usage": 2},
			{"hour": "1", "usage": 8},
			{"hour": "2", "usage": 6},
			{"hour": "3", "usage": 30},
			{"hour": "4", "usage": 11},
			{"hour": "5", "usage": 31},
			{"hour": "6", "usage": 16},
			{"hour": "7", "usage": 17},
			{"hour": "8", "usage": 6},
			{"hour": "9", "usage": 17},
			{"hour": "10", "usage": 10},
			{"hour": "11", "usage": 22},
			{"hour": "12", "usage": 17},
			{"hour": "13", "usage": 29},
			{"hour": "14", "usage": 46},
			{"hour": "15", "usage": 50},
			{"hour": "16", "usage": 10},
			{"hour": "17", "usage": 59},
			{"hour": "18", "usage": 9},
			{"hour": "19", "usage": 0},
			{"hour": "20", "usage": 0},
			{"hour": "21", "usage": 0},
			{"hour": "22", "usage": 0},
			{"hour": "23", "usage": 0},
		]
	},
]
