[
	{
		"date": 1,
		"totalTime": 331,
		"details": [
			{"appName": "카카오톡", "usage": 173},
			{"appName": "Facebook", "usage": 45},
			{"appName": "삼성 인터넷", "usage": 27},
			{"appName": "One UI 홈", "usage": 14},
			{"appName": "KAIST Library", "usage": 14},
			{"appName": "KLMS", "usage": 10},
			{"appName": "Paco", "usage": 7},
			{"appName": "Instagram", "usage": 7},
			{"appName": "이메일", "usage": 5},
			{"appName": "Polar Beat", "usage": 5},
			{"appName": "시계", "usage": 3},
			{"appName": "고속버스 모바일", "usage": 3},
			{"appName": "한컴오피스 viewer", "usage": 1},
			{"appName": "에브리타임", "usage": 1},
			{"appName": "갤러리", "usage": 1},
			{"appName": "T전화", "usage": 1},
		],
		"keys": [
			{"hour": "0", "usage": 32},
			{"hour": "1", "usage": 52},
			{"hour": "2", "usage": 11},
			{"hour": "3", "usage": 40},
			{"hour": "4", "usage": 15},
			{"hour": "5", "usage": 3},
			{"hour": "6", "usage": 34},
			{"hour": "7", "usage": 11},
			{"hour": "8", "usage": 17},
			{"hour": "9", "usage": 17},
			{"hour": "10", "usage": 16},
			{"hour": "11", "usage": 10},
			{"hour": "12", "usage": 13},
			{"hour": "13", "usage": 4},
			{"hour": "14", "usage": 6},
			{"hour": "15", "usage": 21},
			{"hour": "16", "usage": 0},
			{"hour": "17", "usage": 0},
			{"hour": "18", "usage": 0},
			{"hour": "19", "usage": 0},
			{"hour": "20", "usage": 2},
			{"hour": "21", "usage": 13},
			{"hour": "22", "usage": 4},
			{"hour": "23", "usage": 0},
		]
	},
	{
		"date": 2,
		"totalTime": 145,
		"details": [
			{"appName": "카메라", "usage": 22},
			{"appName": "카카오톡", "usage": 21},
			{"appName": "드라이브", "usage": 21},
			{"appName": "삼성 인터넷", "usage": 16},
			{"appName": "카카오맵", "usage": 11},
			{"appName": "One UI 홈", "usage": 9},
			{"appName": "Facebook", "usage": 9},
			{"appName": "T전화", "usage": 8},
			{"appName": "갤러리", "usage": 4},
			{"appName": "Paco", "usage": 3},
			{"appName": "고속버스 모바일", "usage": 2},
			{"appName": "Instagram", "usage": 2},
			{"appName": "에브리타임", "usage": 1},
			{"appName": "메시지", "usage": 1},
			{"appName": "Polar Beat", "usage": 1},
			{"appName": "KLMS", "usage": 1},
		],
		"keys": [
			{"hour": "0", "usage": 27},
			{"hour": "1", "usage": 8},
			{"hour": "2", "usage": 6},
			{"hour": "3", "usage": 6},
			{"hour": "4", "usage": 11},
			{"hour": "5", "usage": 0},
			{"hour": "6", "usage": 3},
			{"hour": "7", "usage": 4},
			{"hour": "8", "usage": 0},
			{"hour": "9", "usage": 4},
			{"hour": "10", "usage": 8},
			{"hour": "11", "usage": 3},
			{"hour": "12", "usage": 17},
			{"hour": "13", "usage": 16},
			{"hour": "14", "usage": 9},
			{"hour": "15", "usage": 0},
			{"hour": "16", "usage": 0},
			{"hour": "17", "usage": 5},
			{"hour": "18", "usage": 11},
			{"hour": "19", "usage": 0},
			{"hour": "20", "usage": 0},
			{"hour": "21", "usage": 0},
			{"hour": "22", "usage": 0},
			{"hour": "23", "usage": 0},
		]
	},
	{
		"date": 3,
		"totalTime": 175,
		"details": [
			{"appName": "카카오톡", "usage": 39},
			{"appName": "Facebook", "usage": 34},
			{"appName": "삼성 인터넷", "usage": 31},
			{"appName": "YouTube", "usage": 29},
			{"appName": "T전화", "usage": 7},
			{"appName": "One UI 홈", "usage": 7},
			{"appName": "Instagram", "usage": 5},
			{"appName": "고속버스 모바일", "usage": 4},
			{"appName": "Paco", "usage": 3},
			{"appName": "카메라", "usage": 2},
			{"appName": "갤러리", "usage": 2},
			{"appName": "캘린더", "usage": 1},
			{"appName": "시계", "usage": 1},
			{"appName": "Polar Beat", "usage": 1},
		],
		"keys": [
			{"hour": "0", "usage": 0},
			{"hour": "1", "usage": 0},
			{"hour": "2", "usage": 0},
			{"hour": "3", "usage": 0},
			{"hour": "4", "usage": 8},
			{"hour": "5", "usage": 20},
			{"hour": "6", "usage": 1},
			{"hour": "7", "usage": 4},
			{"hour": "8", "usage": 0},
			{"hour": "9", "usage": 0},
			{"hour": "10", "usage": 1},
			{"hour": "11", "usage": 13},
			{"hour": "12", "usage": 3},
			{"hour": "13", "usage": 7},
			{"hour": "14", "usage": 2},
			{"hour": "15", "usage": 2},
			{"hour": "16", "usage": 9},
			{"hour": "17", "usage": 22},
			{"hour": "18", "usage": 57},
			{"hour": "19", "usage": 14},
			{"hour": "20", "usage": 0},
			{"hour": "21", "usage": 4},
			{"hour": "22", "usage": 0},
			{"hour": "23", "usage": 0},
		]
	},
	{
		"date": 4,
		"totalTime": 382,
		"details": [
			{"appName": "카카오톡", "usage": 207},
			{"appName": "삼성 인터넷", "usage": 45},
			{"appName": "Facebook", "usage": 24},
			{"appName": "스냅스", "usage": 12},
			{"appName": "One UI 홈", "usage": 11},
			{"appName": "한컴오피스 viewer", "usage": 10},
			{"appName": "고속버스 모바일", "usage": 9},
			{"appName": "카메라", "usage": 8},
			{"appName": "Instagram", "usage": 8},
			{"appName": "시계", "usage": 7},
			{"appName": "FLO", "usage": 5},
			{"appName": "카카오맵", "usage": 3},
			{"appName": "갤러리", "usage": 3},
			{"appName": "Paco", "usage": 3},
			{"appName": "KLMS", "usage": 2},
			{"appName": "Google Play 스토어", "usage": 2},
			{"appName": "코레일톡", "usage": 1},
			{"appName": "캘린더", "usage": 1},
			{"appName": "원터치개인", "usage": 1},
			{"appName": "에브리타임", "usage": 1},
			{"appName": "야놀자", "usage": 1},
			{"appName": "Polar Beat", "usage": 1},
			{"appName": "KAIST	Portal", "usage": 1},
		],
		"keys": [
			{"hour": "0", "usage": 1},
			{"hour": "1", "usage": 0},
			{"hour": "2", "usage": 0},
			{"hour": "3", "usage": 13},
			{"hour": "4", "usage": 36},
			{"hour": "5", "usage": 56},
			{"hour": "6", "usage": 27},
			{"hour": "7", "usage": 0},
			{"hour": "8", "usage": 7},
			{"hour": "9", "usage": 14},
			{"hour": "10", "usage": 13},
			{"hour": "11", "usage": 0},
			{"hour": "12", "usage": 31},
			{"hour": "13", "usage": 18},
			{"hour": "14", "usage": 39},
			{"hour": "15", "usage": 33},
			{"hour": "16", "usage": 15},
			{"hour": "17", "usage": 0},
			{"hour": "18", "usage": 34},
			{"hour": "19", "usage": 17},
			{"hour": "20", "usage": 0},
			{"hour": "21", "usage": 0},
			{"hour": "22", "usage": 5},
			{"hour": "23", "usage": 12},
		]
	},
	{
		"date": 5,
		"totalTime": 452,
		"details": [
			{"appName": "카카오톡", "usage": 240},
			{"appName": "삼성 인터넷", "usage": 37},
			{"appName": "Facebook", "usage": 30},
			{"appName": "One UI 홈", "usage": 22},
			{"appName": "T전화", "usage": 18},
			{"appName": "FLO", "usage": 8},
			{"appName": "캘린더", "usage": 6},
			{"appName": "카카오맵", "usage": 6},
			{"appName": "SNOW", "usage": 6},
			{"appName": "Instagram", "usage": 6},
			{"appName": "한컴오피스 viewer", "usage": 5},
			{"appName": "카메라", "usage": 5},
			{"appName": "에브리타임", "usage": 5},
			{"appName": "NAVER", "usage": 5},
			{"appName": "갤러리", "usage": 4},
			{"appName": "KAIST Library", "usage": 4},
			{"appName": "어드벤처", "usage": 3},
			{"appName": "스냅스", "usage": 2},
			{"appName": "Paco", "usage": 2},
			{"appName": "Microsoft Health", "usage": 2},
			{"appName": "KLMS", "usage": 2},
			{"appName": "이메일", "usage": 1},
			{"appName": "원터치알림", "usage": 1},
			{"appName": "비디오 플레이어", "usage": 1},
			{"appName": "배달의민족", "usage": 1},
			{"appName": "메시지", "usage": 1},
			{"appName": "계산기", "usage": 1},
			{"appName": "PowerPoint", "usage": 1},
			{"appName": "Microsoft Band", "usage": 1},
			{"appName": "KAIST	Portal", "usage": 1},
			{"appName": "Google Play 스토어", "usage": 1},
		],
		"keys": [
			{"hour": "0", "usage": 16},
			{"hour": "1", "usage": 29},
			{"hour": "2", "usage": 29},
			{"hour": "3", "usage": 20},
			{"hour": "4", "usage": 2},
			{"hour": "5", "usage": 18},
			{"hour": "6", "usage": 20},
			{"hour": "7", "usage": 13},
			{"hour": "8", "usage": 26},
			{"hour": "9", "usage": 0},
			{"hour": "10", "usage": 1},
			{"hour": "11", "usage": 20},
			{"hour": "12", "usage": 26},
			{"hour": "13", "usage": 21},
			{"hour": "14", "usage": 23},
			{"hour": "15", "usage": 29},
			{"hour": "16", "usage": 48},
			{"hour": "17", "usage": 28},
			{"hour": "18", "usage": 56},
			{"hour": "19", "usage": 19},
			{"hour": "20", "usage": 0},
			{"hour": "21", "usage": 0},
			{"hour": "22", "usage": 0},
			{"hour": "23", "usage": 0},
		]
	},
	{
		"date": 6,
		"totalTime": 438,
		"details": [
			{"appName": "카카오톡", "usage": 247},
			{"appName": "삼성 인터넷", "usage": 36},
			{"appName": "Facebook", "usage": 29},
			{"appName": "One UI 홈", "usage": 16},
			{"appName": "갤러리", "usage": 14},
			{"appName": "스냅스", "usage": 10},
			{"appName": "T전화", "usage": 10},
			{"appName": "Instagram", "usage": 9},
			{"appName": "카카오맵", "usage": 6},
			{"appName": "에브리타임", "usage": 6},
			{"appName": "드라이브", "usage": 5},
			{"appName": "Microsoft Health", "usage": 5},
			{"appName": "KAIST	Portal", "usage": 4},
			{"appName": "캘린더", "usage": 3},
			{"appName": "FLO", "usage": 3},
			{"appName": "한컴오피스 viewer", "usage": 2},
			{"appName": "원터치개인", "usage": 2},
			{"appName": "고속버스 모바일", "usage": 2},
			{"appName": "YouTube", "usage": 2},
			{"appName": "Paco", "usage": 2},
			{"appName": "카메라", "usage": 1},
			{"appName": "시계", "usage": 1},
			{"appName": "T멤버십", "usage": 1},
			{"appName": "PowerPoint", "usage": 1},
			{"appName": "Polar Beat", "usage": 1},
		],
		"keys": [
			{"hour": "0", "usage": 8},
			{"hour": "1", "usage": 27},
			{"hour": "2", "usage": 16},
			{"hour": "3", "usage": 32},
			{"hour": "4", "usage": 6},
			{"hour": "5", "usage": 24},
			{"hour": "6", "usage": 17},
			{"hour": "7", "usage": 44},
			{"hour": "8", "usage": 24},
			{"hour": "9", "usage": 5},
			{"hour": "10", "usage": 21},
			{"hour": "11", "usage": 9},
			{"hour": "12", "usage": 45},
			{"hour": "13", "usage": 24},
			{"hour": "14", "usage": 30},
			{"hour": "15", "usage": 27},
			{"hour": "16", "usage": 55},
			{"hour": "17", "usage": 15},
			{"hour": "18", "usage": 0},
			{"hour": "19", "usage": 0},
			{"hour": "20", "usage": 0},
			{"hour": "21", "usage": 0},
			{"hour": "22", "usage": 0},
			{"hour": "23", "usage": 0},
		]
	},
	{
		"date": 7,
		"totalTime": 378,
		"details": [
			{"appName": "카카오톡", "usage": 196},
			{"appName": "삼성 인터넷", "usage": 41},
			{"appName": "Facebook", "usage": 28},
			{"appName": "SNOW", "usage": 12},
			{"appName": "One UI 홈", "usage": 12},
			{"appName": "스냅스", "usage": 10},
			{"appName": "카카오맵", "usage": 8},
			{"appName": "계산기", "usage": 7},
			{"appName": "T전화", "usage": 6},
			{"appName": "옷잘남", "usage": 5},
			{"appName": "고속버스 모바일", "usage": 5},
			{"appName": "다이소 멤버십", "usage": 4},
			{"appName": "카메라", "usage": 3},
			{"appName": "빅스비 보이스", "usage": 3},
			{"appName": "비디오 플레이어", "usage": 3},
			{"appName": "갤러리", "usage": 3},
			{"appName": "메시지", "usage": 2},
			{"appName": "YouTube", "usage": 2},
			{"appName": "Paco", "usage": 2},
			{"appName": "Instagram", "usage": 2},
			{"appName": "캘린더", "usage": 1},
			{"appName": "에브리타임", "usage": 1},
			{"appName": "Dropsync", "usage": 1},
		],
		"keys": [
			{"hour": "0", "usage": 0},
			{"hour": "1", "usage": 0},
			{"hour": "2", "usage": 0},
			{"hour": "3", "usage": 33},
			{"hour": "4", "usage": 15},
			{"hour": "5", "usage": 19},
			{"hour": "6", "usage": 15},
			{"hour": "7", "usage": 15},
			{"hour": "8", "usage": 26},
			{"hour": "9", "usage": 40},
			{"hour": "10", "usage": 25},
			{"hour": "11", "usage": 13},
			{"hour": "12", "usage": 11},
			{"hour": "13", "usage": 7},
			{"hour": "14", "usage": 17},
			{"hour": "15", "usage": 30},
			{"hour": "16", "usage": 44},
			{"hour": "17", "usage": 52},
			{"hour": "18", "usage": 8},
			{"hour": "19", "usage": 0},
			{"hour": "20", "usage": 0},
			{"hour": "21", "usage": 0},
			{"hour": "22", "usage": 0},
			{"hour": "23", "usage": 0},
		]
	},
]
