[
	{
		"date": 1,
		"totalTime": 343,
		"details": [
			{"appName": "Chrome", "usage": 188},
			{"appName": "ミリシタ", "usage": 44},
			{"appName": "YouTube", "usage": 35},
			{"appName": "Samsung Experience 홈", "usage": 17},
			{"appName": "시계", "usage": 10},
			{"appName": "카카오톡", "usage": 8},
			{"appName": "Polar Beat", "usage": 6},
			{"appName": "Microsoft Health", "usage": 5},
			{"appName": "Instagram", "usage": 5},
			{"appName": "Paco", "usage": 4},
			{"appName": "메시지", "usage": 2},
			{"appName": "Samsung Music", "usage": 2},
			{"appName": "캘린더", "usage": 1},
			{"appName": "설정", "usage": 1},
			{"appName": "갤러리", "usage": 1},
			{"appName": "LINE", "usage": 1},
			{"appName": "KAIST	Portal", "usage": 1},
		],
		"keys": [
			{"hour": "0", "usage": 25},
			{"hour": "1", "usage": 1},
			{"hour": "2", "usage": 0},
			{"hour": "3", "usage": 25},
			{"hour": "4", "usage": 2},
			{"hour": "5", "usage": 14},
			{"hour": "6", "usage": 31},
			{"hour": "7", "usage": 9},
			{"hour": "8", "usage": 20},
			{"hour": "9", "usage": 4},
			{"hour": "10", "usage": 5},
			{"hour": "11", "usage": 5},
			{"hour": "12", "usage": 45},
			{"hour": "13", "usage": 39},
			{"hour": "14", "usage": 48},
			{"hour": "15", "usage": 27},
			{"hour": "16", "usage": 30},
			{"hour": "17", "usage": 0},
			{"hour": "18", "usage": 0},
			{"hour": "19", "usage": 0},
			{"hour": "20", "usage": 0},
			{"hour": "21", "usage": 0},
			{"hour": "22", "usage": 0},
			{"hour": "23", "usage": 4},
		]
	},
	{
		"date": 2,
		"totalTime": 371,
		"details": [
			{"appName": "Chrome", "usage": 176},
			{"appName": "ミリシタ", "usage": 80},
			{"appName": "YouTube", "usage": 35},
			{"appName": "Instagram", "usage": 14},
			{"appName": "Samsung Experience 홈", "usage": 12},
			{"appName": "카카오톡", "usage": 11},
			{"appName": "스타벅스", "usage": 7},
			{"appName": "포토 에디터", "usage": 4},
			{"appName": "Paco", "usage": 4},
			{"appName": "LINE", "usage": 3},
			{"appName": "이메일", "usage": 2},
			{"appName": "편한가계부", "usage": 1},
			{"appName": "통화", "usage": 1},
			{"appName": "카카오맵", "usage": 1},
			{"appName": "설정", "usage": 1},
			{"appName": "Yoga VPN", "usage": 1},
			{"appName": "Samsung Pay", "usage": 1},
			{"appName": "KAIST	Portal", "usage": 1},
			{"appName": "Adobe Acrobat", "usage": 1},
		],
		"keys": [
			{"hour": "0", "usage": 0},
			{"hour": "1", "usage": 10},
			{"hour": "2", "usage": 16},
			{"hour": "3", "usage": 30},
			{"hour": "4", "usage": 29},
			{"hour": "5", "usage": 17},
			{"hour": "6", "usage": 11},
			{"hour": "7", "usage": 34},
			{"hour": "8", "usage": 59},
			{"hour": "9", "usage": 11},
			{"hour": "10", "usage": 5},
			{"hour": "11", "usage": 51},
			{"hour": "12", "usage": 14},
			{"hour": "13", "usage": 8},
			{"hour": "14", "usage": 1},
			{"hour": "15", "usage": 0},
			{"hour": "16", "usage": 59},
			{"hour": "17", "usage": 7},
			{"hour": "18", "usage": 0},
			{"hour": "19", "usage": 0},
			{"hour": "20", "usage": 0},
			{"hour": "21", "usage": 0},
			{"hour": "22", "usage": 0},
			{"hour": "23", "usage": 0},
		]
	},
	{
		"date": 3,
		"totalTime": 463,
		"details": [
			{"appName": "Chrome", "usage": 247},
			{"appName": "카카오톡", "usage": 99},
			{"appName": "ミリシタ", "usage": 45},
			{"appName": "YouTube", "usage": 25},
			{"appName": "Samsung Experience 홈", "usage": 10},
			{"appName": "Paco", "usage": 5},
			{"appName": "LINE", "usage": 4},
			{"appName": "Instagram", "usage": 4},
			{"appName": "지도", "usage": 3},
			{"appName": "스타벅스", "usage": 3},
			{"appName": "ABC Logger", "usage": 2},
			{"appName": "카카오지하철", "usage": 1},
			{"appName": "KT 멤버십", "usage": 1},
			{"appName": "KAIST	Portal", "usage": 1},
		],
		"keys": [
			{"hour": "0", "usage": 21},
			{"hour": "1", "usage": 37},
			{"hour": "2", "usage": 18},
			{"hour": "3", "usage": 27},
			{"hour": "4", "usage": 45},
			{"hour": "5", "usage": 0},
			{"hour": "6", "usage": 40},
			{"hour": "7", "usage": 23},
			{"hour": "8", "usage": 0},
			{"hour": "9", "usage": 1},
			{"hour": "10", "usage": 0},
			{"hour": "11", "usage": 31},
			{"hour": "12", "usage": 59},
			{"hour": "13", "usage": 32},
			{"hour": "14", "usage": 2},
			{"hour": "15", "usage": 45},
			{"hour": "16", "usage": 59},
			{"hour": "17", "usage": 11},
			{"hour": "18", "usage": 0},
			{"hour": "19", "usage": 0},
			{"hour": "20", "usage": 0},
			{"hour": "21", "usage": 0},
			{"hour": "22", "usage": 0},
			{"hour": "23", "usage": 3},
		]
	},
	{
		"date": 4,
		"totalTime": 270,
		"details": [
			{"appName": "Chrome", "usage": 154},
			{"appName": "ミリシタ", "usage": 49},
			{"appName": "Samsung Experience 홈", "usage": 20},
			{"appName": "YouTube", "usage": 19},
			{"appName": "Paco", "usage": 6},
			{"appName": "티몬", "usage": 3},
			{"appName": "Instagram", "usage": 3},
			{"appName": "코레일톡", "usage": 1},
			{"appName": "카카오톡", "usage": 1},
			{"appName": "메시지", "usage": 1},
			{"appName": "Polar Beat", "usage": 1},
		],
		"keys": [
			{"hour": "0", "usage": 15},
			{"hour": "1", "usage": 1},
			{"hour": "2", "usage": 13},
			{"hour": "3", "usage": 18},
			{"hour": "4", "usage": 23},
			{"hour": "5", "usage": 3},
			{"hour": "6", "usage": 4},
			{"hour": "7", "usage": 6},
			{"hour": "8", "usage": 2},
			{"hour": "9", "usage": 10},
			{"hour": "10", "usage": 18},
			{"hour": "11", "usage": 49},
			{"hour": "12", "usage": 31},
			{"hour": "13", "usage": 0},
			{"hour": "14", "usage": 3},
			{"hour": "15", "usage": 18},
			{"hour": "16", "usage": 29},
			{"hour": "17", "usage": 0},
			{"hour": "18", "usage": 0},
			{"hour": "19", "usage": 0},
			{"hour": "20", "usage": 0},
			{"hour": "21", "usage": 0},
			{"hour": "22", "usage": 3},
			{"hour": "23", "usage": 19},
		]
	},
	{
		"date": 5,
		"totalTime": 364,
		"details": [
			{"appName": "Chrome", "usage": 182},
			{"appName": "ミリシタ", "usage": 85},
			{"appName": "갤러리", "usage": 51},
			{"appName": "Samsung Experience 홈", "usage": 13},
			{"appName": "Paco", "usage": 6},
			{"appName": "Adobe Acrobat", "usage": 3},
			{"appName": "ABC Logger", "usage": 3},
			{"appName": "카카오톡", "usage": 2},
			{"appName": "KLMS", "usage": 2},
			{"appName": "Galaxy Store", "usage": 2},
			{"appName": "LINE", "usage": 1},
			{"appName": "Dropbox", "usage": 1},
		],
		"keys": [
			{"hour": "0", "usage": 59},
			{"hour": "1", "usage": 24},
			{"hour": "2", "usage": 2},
			{"hour": "3", "usage": 19},
			{"hour": "4", "usage": 59},
			{"hour": "5", "usage": 33},
			{"hour": "6", "usage": 23},
			{"hour": "7", "usage": 0},
			{"hour": "8", "usage": 9},
			{"hour": "9", "usage": 0},
			{"hour": "10", "usage": 15},
			{"hour": "11", "usage": 5},
			{"hour": "12", "usage": 25},
			{"hour": "13", "usage": 9},
			{"hour": "14", "usage": 1},
			{"hour": "15", "usage": 18},
			{"hour": "16", "usage": 21},
			{"hour": "17", "usage": 6},
			{"hour": "18", "usage": 0},
			{"hour": "19", "usage": 0},
			{"hour": "20", "usage": 0},
			{"hour": "21", "usage": 0},
			{"hour": "22", "usage": 20},
			{"hour": "23", "usage": 8},
		]
	},
	{
		"date": 6,
		"totalTime": 277,
		"details": [
			{"appName": "Chrome", "usage": 154},
			{"appName": "ミリシタ", "usage": 47},
			{"appName": "One UI 홈", "usage": 11},
			{"appName": "Google Play 스토어", "usage": 8},
			{"appName": "Paco", "usage": 5},
			{"appName": "Instagram", "usage": 5},
			{"appName": "Adobe Acrobat", "usage": 5},
			{"appName": "카카오톡", "usage": 4},
			{"appName": "몰테일", "usage": 4},
			{"appName": "전화", "usage": 3},
			{"appName": "YouTube", "usage": 2},
			{"appName": "KLMS", "usage": 2},
			{"appName": "KAIST	Portal", "usage": 2},
			{"appName": "편한가계부", "usage": 1},
			{"appName": "통화", "usage": 1},
			{"appName": "이메일", "usage": 1},
			{"appName": "시계", "usage": 1},
			{"appName": "Samsung Music", "usage": 1},
			{"appName": "Samsung Health", "usage": 1},
			{"appName": "Polar Beat", "usage": 1},
			{"appName": "Microsoft Health", "usage": 1},
		],
		"keys": [
			{"hour": "0", "usage": 6},
			{"hour": "1", "usage": 2},
			{"hour": "2", "usage": 15},
			{"hour": "3", "usage": 23},
			{"hour": "4", "usage": 9},
			{"hour": "5", "usage": 11},
			{"hour": "6", "usage": 0},
			{"hour": "7", "usage": 2},
			{"hour": "8", "usage": 21},
			{"hour": "9", "usage": 35},
			{"hour": "10", "usage": 21},
			{"hour": "11", "usage": 9},
			{"hour": "12", "usage": 12},
			{"hour": "13", "usage": 1},
			{"hour": "14", "usage": 14},
			{"hour": "15", "usage": 42},
			{"hour": "16", "usage": 18},
			{"hour": "17", "usage": 0},
			{"hour": "18", "usage": 0},
			{"hour": "19", "usage": 0},
			{"hour": "20", "usage": 0},
			{"hour": "21", "usage": 0},
			{"hour": "22", "usage": 0},
			{"hour": "23", "usage": 28},
		]
	},
	{
		"date": 7,
		"totalTime": 368,
		"details": [
			{"appName": "Chrome", "usage": 181},
			{"appName": "ミリシタ", "usage": 70},
			{"appName": "캘린더", "usage": 16},
			{"appName": "카카오톡", "usage": 15},
			{"appName": "One UI 홈", "usage": 12},
			{"appName": "Instagram", "usage": 9},
			{"appName": "코레일톡", "usage": 6},
			{"appName": "Paco", "usage": 6},
			{"appName": "Dropsync", "usage": 6},
			{"appName": "편한가계부", "usage": 5},
			{"appName": "지도", "usage": 4},
			{"appName": "카메라", "usage": 3},
			{"appName": "이메일", "usage": 3},
			{"appName": "Microsoft Health", "usage": 2},
			{"appName": "원터치알림", "usage": 1},
			{"appName": "시계", "usage": 1},
			{"appName": "내 파일", "usage": 1},
			{"appName": "Samsung Health", "usage": 1},
			{"appName": "LINE", "usage": 1},
			{"appName": "KLMS", "usage": 1},
			{"appName": "KAIST	Portal", "usage": 1},
			{"appName": "Dropbox", "usage": 1},
		],
		"keys": [
			{"hour": "0", "usage": 5},
			{"hour": "1", "usage": 8},
			{"hour": "2", "usage": 1},
			{"hour": "3", "usage": 12},
			{"hour": "4", "usage": 18},
			{"hour": "5", "usage": 28},
			{"hour": "6", "usage": 5},
			{"hour": "7", "usage": 28},
			{"hour": "8", "usage": 11},
			{"hour": "9", "usage": 23},
			{"hour": "10", "usage": 44},
			{"hour": "11", "usage": 11},
			{"hour": "12", "usage": 2},
			{"hour": "13", "usage": 27},
			{"hour": "14", "usage": 42},
			{"hour": "15", "usage": 33},
			{"hour": "16", "usage": 15},
			{"hour": "17", "usage": 4},
			{"hour": "18", "usage": 13},
			{"hour": "19", "usage": 0},
			{"hour": "20", "usage": 0},
			{"hour": "21", "usage": 0},
			{"hour": "22", "usage": 0},
			{"hour": "23", "usage": 25},
		]
	},
]
