[
	{
		"date": 1,
		"totalTime": 306,
		"details": [
			{"appName": "YouTube", "usage": 102},
			{"appName": "Samsung Experience 홈", "usage": 52},
			{"appName": "Facebook", "usage": 25},
			{"appName": "네이버 웹툰", "usage": 24},
			{"appName": "카카오톡", "usage": 23},
			{"appName": "T전화", "usage": 17},
			{"appName": "Cookie Run: OvenBreak", "usage": 9},
			{"appName": "Netflix", "usage": 8},
			{"appName": "Samsung Pay", "usage": 5},
			{"appName": "삼성 인터넷", "usage": 4},
			{"appName": "다음웹툰", "usage": 4},
			{"appName": "Polar Beat", "usage": 4},
			{"appName": "카메라", "usage": 2},
			{"appName": "설정", "usage": 2},
			{"appName": "", "usage": 2},
			{"appName": "토스", "usage": 1},
			{"appName": "메시지", "usage": 1},
			{"appName": "네이버 지도", "usage": 1},
			{"appName": "Paco", "usage": 1},
			{"appName": "Instagram", "usage": 1},
			{"appName": "HwModuleTest", "usage": 1},
			{"appName": "Between", "usage": 1},
		],
		"keys": [
			{"hour": "0", "usage": 0},
			{"hour": "1", "usage": 0},
			{"hour": "2", "usage": 2},
			{"hour": "3", "usage": 35},
			{"hour": "4", "usage": 6},
			{"hour": "5", "usage": 38},
			{"hour": "6", "usage": 19},
			{"hour": "7", "usage": 12},
			{"hour": "8", "usage": 10},
			{"hour": "9", "usage": 3},
			{"hour": "10", "usage": 31},
			{"hour": "11", "usage": 11},
			{"hour": "12", "usage": 5},
			{"hour": "13", "usage": 3},
			{"hour": "14", "usage": 13},
			{"hour": "15", "usage": 25},
			{"hour": "16", "usage": 18},
			{"hour": "17", "usage": 0},
			{"hour": "18", "usage": 0},
			{"hour": "19", "usage": 8},
			{"hour": "20", "usage": 56},
			{"hour": "21", "usage": 2},
			{"hour": "22", "usage": 0},
			{"hour": "23", "usage": 0},
		]
	},
	{
		"date": 2,
		"totalTime": 507,
		"details": [
			{"appName": "YouTube", "usage": 155},
			{"appName": "카카오톡", "usage": 129},
			{"appName": "Facebook", "usage": 80},
			{"appName": "삼성 인터넷", "usage": 24},
			{"appName": "Samsung Experience 홈", "usage": 23},
			{"appName": "Cookie Run: OvenBreak", "usage": 18},
			{"appName": "Brawl Stars", "usage": 13},
			{"appName": "네이버 웹툰", "usage": 9},
			{"appName": "One UI 홈", "usage": 9},
			{"appName": "Excel", "usage": 6},
			{"appName": "시계", "usage": 5},
			{"appName": "Galaxy Store", "usage": 5},
			{"appName": "T전화", "usage": 4},
			{"appName": "Paco", "usage": 3},
			{"appName": "메시지", "usage": 2},
			{"appName": "FIFA Online 4 M", "usage": 2},
			{"appName": "카메라", "usage": 1},
			{"appName": "네이버 지도", "usage": 1},
			{"appName": "FLO", "usage": 1},
		],
		"keys": [
			{"hour": "0", "usage": 0},
			{"hour": "1", "usage": 3},
			{"hour": "2", "usage": 12},
			{"hour": "3", "usage": 12},
			{"hour": "4", "usage": 52},
			{"hour": "5", "usage": 39},
			{"hour": "6", "usage": 59},
			{"hour": "7", "usage": 56},
			{"hour": "8", "usage": 0},
			{"hour": "9", "usage": 23},
			{"hour": "10", "usage": 47},
			{"hour": "11", "usage": 10},
			{"hour": "12", "usage": 0},
			{"hour": "13", "usage": 6},
			{"hour": "14", "usage": 9},
			{"hour": "15", "usage": 30},
			{"hour": "16", "usage": 41},
			{"hour": "17", "usage": 0},
			{"hour": "18", "usage": 0},
			{"hour": "19", "usage": 0},
			{"hour": "20", "usage": 10},
			{"hour": "21", "usage": 19},
			{"hour": "22", "usage": 40},
			{"hour": "23", "usage": 28},
		]
	},
	{
		"date": 3,
		"totalTime": 336,
		"details": [
			{"appName": "YouTube", "usage": 139},
			{"appName": "AfreecaTV", "usage": 54},
			{"appName": "카카오톡", "usage": 36},
			{"appName": "Facebook", "usage": 36},
			{"appName": "삼성 인터넷", "usage": 27},
			{"appName": "One UI 홈", "usage": 11},
			{"appName": "T전화", "usage": 8},
			{"appName": "Brawl Stars", "usage": 5},
			{"appName": "네이버 웹툰", "usage": 3},
			{"appName": "Paco", "usage": 2},
			{"appName": "Cookie Run: OvenBreak", "usage": 2},
			{"appName": "토스", "usage": 1},
			{"appName": "메시지", "usage": 1},
			{"appName": "게임런처", "usage": 1},
		],
		"keys": [
			{"hour": "0", "usage": 5},
			{"hour": "1", "usage": 9},
			{"hour": "2", "usage": 9},
			{"hour": "3", "usage": 4},
			{"hour": "4", "usage": 12},
			{"hour": "5", "usage": 8},
			{"hour": "6", "usage": 13},
			{"hour": "7", "usage": 46},
			{"hour": "8", "usage": 26},
			{"hour": "9", "usage": 37},
			{"hour": "10", "usage": 35},
			{"hour": "11", "usage": 0},
			{"hour": "12", "usage": 0},
			{"hour": "13", "usage": 0},
			{"hour": "14", "usage": 0},
			{"hour": "15", "usage": 2},
			{"hour": "16", "usage": 58},
			{"hour": "17", "usage": 59},
			{"hour": "18", "usage": 6},
			{"hour": "19", "usage": 0},
			{"hour": "20", "usage": 0},
			{"hour": "21", "usage": 0},
			{"hour": "22", "usage": 0},
			{"hour": "23", "usage": 0},
		]
	},
	{
		"date": 4,
		"totalTime": 869,
		"details": [
			{"appName": "시스템 UI", "usage": 336},
			{"appName": "YouTube", "usage": 142},
			{"appName": "Netflix", "usage": 98},
			{"appName": "Facebook", "usage": 68},
			{"appName": "카카오톡", "usage": 58},
			{"appName": "갤러리", "usage": 40},
			{"appName": "음성 녹음", "usage": 24},
			{"appName": "삼성 인터넷", "usage": 24},
			{"appName": "One UI 홈", "usage": 19},
			{"appName": "네이버 웹툰", "usage": 15},
			{"appName": "T전화", "usage": 15},
			{"appName": "카메라", "usage": 6},
			{"appName": "Brawl Stars", "usage": 3},
			{"appName": "뱅크샐러드", "usage": 2},
			{"appName": "토스", "usage": 1},
			{"appName": "설정", "usage": 1},
			{"appName": "Paco", "usage": 1},
			{"appName": "FLO", "usage": 1},
		],
		"keys": [
			{"hour": "0", "usage": 1},
			{"hour": "1", "usage": 17},
			{"hour": "2", "usage": 13},
			{"hour": "3", "usage": 40},
			{"hour": "4", "usage": 44},
			{"hour": "5", "usage": 53},
			{"hour": "6", "usage": 20},
			{"hour": "7", "usage": 35},
			{"hour": "8", "usage": 64},
			{"hour": "9", "usage": 63},
			{"hour": "10", "usage": 95},
			{"hour": "11", "usage": 75},
			{"hour": "12", "usage": 71},
			{"hour": "13", "usage": 62},
			{"hour": "14", "usage": 61},
			{"hour": "15", "usage": 42},
			{"hour": "16", "usage": 29},
			{"hour": "17", "usage": 49},
			{"hour": "18", "usage": 26},
			{"hour": "19", "usage": 0},
			{"hour": "20", "usage": 0},
			{"hour": "21", "usage": 0},
			{"hour": "22", "usage": 0},
			{"hour": "23", "usage": 0},
		]
	},
	{
		"date": 5,
		"totalTime": 415,
		"details": [
			{"appName": "카카오톡", "usage": 86},
			{"appName": "YouTube", "usage": 70},
			{"appName": "Cookie Run: OvenBreak", "usage": 60},
			{"appName": "Facebook", "usage": 59},
			{"appName": "Netflix", "usage": 47},
			{"appName": "One UI 홈", "usage": 18},
			{"appName": "삼성 인터넷", "usage": 13},
			{"appName": "네이버 웹툰", "usage": 9},
			{"appName": "다음웹툰", "usage": 5},
			{"appName": "갤러리", "usage": 5},
			{"appName": "Brawl Stars", "usage": 4},
			{"appName": "Paco", "usage": 3},
			{"appName": "FIFA Online 4 M", "usage": 3},
			{"appName": "쿠팡", "usage": 2},
			{"appName": "카메라", "usage": 2},
			{"appName": "시리즈", "usage": 2},
			{"appName": "T전화", "usage": 2},
			{"appName": "Instagram", "usage": 2},
			{"appName": "Foodie", "usage": 2},
			{"appName": "CLASSUM", "usage": 2},
			{"appName": "시계", "usage": 1},
			{"appName": "KLMS", "usage": 1},
			{"appName": "FLO", "usage": 1},
		],
		"keys": [
			{"hour": "0", "usage": 2},
			{"hour": "1", "usage": 15},
			{"hour": "2", "usage": 37},
			{"hour": "3", "usage": 5},
			{"hour": "4", "usage": 51},
			{"hour": "5", "usage": 42},
			{"hour": "6", "usage": 42},
			{"hour": "7", "usage": 29},
			{"hour": "8", "usage": 7},
			{"hour": "9", "usage": 9},
			{"hour": "10", "usage": 27},
			{"hour": "11", "usage": 26},
			{"hour": "12", "usage": 28},
			{"hour": "13", "usage": 15},
			{"hour": "14", "usage": 29},
			{"hour": "15", "usage": 2},
			{"hour": "16", "usage": 0},
			{"hour": "17", "usage": 30},
			{"hour": "18", "usage": 11},
			{"hour": "19", "usage": 0},
			{"hour": "20", "usage": 0},
			{"hour": "21", "usage": 0},
			{"hour": "22", "usage": 0},
			{"hour": "23", "usage": 0},
		]
	},
	{
		"date": 6,
		"totalTime": 558,
		"details": [
			{"appName": "YouTube", "usage": 154},
			{"appName": "Cookie Run: OvenBreak", "usage": 109},
			{"appName": "삼성 인터넷", "usage": 79},
			{"appName": "비디오 플레이어", "usage": 50},
			{"appName": "카카오톡", "usage": 45},
			{"appName": "Facebook", "usage": 29},
			{"appName": "One UI 홈", "usage": 21},
			{"appName": "네이버 웹툰", "usage": 11},
			{"appName": "T전화", "usage": 9},
			{"appName": "코레일톡", "usage": 5},
			{"appName": "FIFA Online 4 M", "usage": 5},
			{"appName": "KLMS", "usage": 4},
			{"appName": "FLO", "usage": 4},
			{"appName": "Brawl Stars", "usage": 4},
			{"appName": "다음웹툰", "usage": 3},
			{"appName": "캘린더", "usage": 2},
			{"appName": "야놀자", "usage": 2},
			{"appName": "Paco", "usage": 2},
			{"appName": "시계", "usage": 1},
			{"appName": "설정", "usage": 1},
			{"appName": "Instagram", "usage": 1},
		],
		"keys": [
			{"hour": "0", "usage": 0},
			{"hour": "1", "usage": 14},
			{"hour": "2", "usage": 18},
			{"hour": "3", "usage": 50},
			{"hour": "4", "usage": 22},
			{"hour": "5", "usage": 46},
			{"hour": "6", "usage": 51},
			{"hour": "7", "usage": 20},
			{"hour": "8", "usage": 11},
			{"hour": "9", "usage": 4},
			{"hour": "10", "usage": 22},
			{"hour": "11", "usage": 58},
			{"hour": "12", "usage": 59},
			{"hour": "13", "usage": 23},
			{"hour": "14", "usage": 55},
			{"hour": "15", "usage": 15},
			{"hour": "16", "usage": 11},
			{"hour": "17", "usage": 55},
			{"hour": "18", "usage": 14},
			{"hour": "19", "usage": 0},
			{"hour": "20", "usage": 0},
			{"hour": "21", "usage": 0},
			{"hour": "22", "usage": 0},
			{"hour": "23", "usage": 0},
		]
	},
	{
		"date": 7,
		"totalTime": 493,
		"details": [
			{"appName": "YouTube", "usage": 168},
			{"appName": "다음웹툰", "usage": 88},
			{"appName": "카카오톡", "usage": 57},
			{"appName": "Facebook", "usage": 38},
			{"appName": "Cookie Run: OvenBreak", "usage": 33},
			{"appName": "네이버 웹툰", "usage": 32},
			{"appName": "삼성 인터넷", "usage": 18},
			{"appName": "One UI 홈", "usage": 13},
			{"appName": "브롤스타즈", "usage": 10},
			{"appName": "메시지", "usage": 9},
			{"appName": "캘린더", "usage": 3},
			{"appName": "시계", "usage": 3},
			{"appName": "T전화", "usage": 2},
			{"appName": "Paco", "usage": 2},
			{"appName": "FIFA Online 4 M", "usage": 2},
			{"appName": "Instagram", "usage": 1},
			{"appName": "Foodie", "usage": 1},
		],
		"keys": [
			{"hour": "0", "usage": 1},
			{"hour": "1", "usage": 11},
			{"hour": "2", "usage": 32},
			{"hour": "3", "usage": 3},
			{"hour": "4", "usage": 26},
			{"hour": "5", "usage": 55},
			{"hour": "6", "usage": 46},
			{"hour": "7", "usage": 28},
			{"hour": "8", "usage": 19},
			{"hour": "9", "usage": 22},
			{"hour": "10", "usage": 23},
			{"hour": "11", "usage": 19},
			{"hour": "12", "usage": 11},
			{"hour": "13", "usage": 25},
			{"hour": "14", "usage": 28},
			{"hour": "15", "usage": 27},
			{"hour": "16", "usage": 27},
			{"hour": "17", "usage": 56},
			{"hour": "18", "usage": 26},
			{"hour": "19", "usage": 0},
			{"hour": "20", "usage": 0},
			{"hour": "21", "usage": 0},
			{"hour": "22", "usage": 0},
			{"hour": "23", "usage": 0},
		]
	},
]
