[
	{
		"date": 1,
		"totalTime": 261,
		"details": [
			{"appName": "카카오톡", "usage": 78},
			{"appName": "YouTube", "usage": 76},
			{"appName": "Instagram", "usage": 23},
			{"appName": "기본홈", "usage": 19},
			{"appName": "통화 화면", "usage": 11},
			{"appName": "Paco", "usage": 6},
			{"appName": "프레젠테이션", "usage": 5},
			{"appName": "Polar Beat", "usage": 5},
			{"appName": "Chrome", "usage": 5},
			{"appName": "NAVER", "usage": 4},
			{"appName": "네이버 카페", "usage": 3},
			{"appName": "tbs", "usage": 3},
			{"appName": "팟빵", "usage": 2},
			{"appName": "시스템 UI", "usage": 2},
			{"appName": "알람/시계", "usage": 1},
			{"appName": "메시지", "usage": 1},
			{"appName": "MX 플레이어", "usage": 1},
		],
		"keys": [
			{"hour": "0", "usage": 0},
			{"hour": "1", "usage": 1},
			{"hour": "2", "usage": 23},
			{"hour": "3", "usage": 43},
			{"hour": "4", "usage": 26},
			{"hour": "5", "usage": 2},
			{"hour": "6", "usage": 3},
			{"hour": "7", "usage": 8},
			{"hour": "8", "usage": 2},
			{"hour": "9", "usage": 12},
			{"hour": "10", "usage": 27},
			{"hour": "11", "usage": 5},
			{"hour": "12", "usage": 13},
			{"hour": "13", "usage": 10},
			{"hour": "14", "usage": 5},
			{"hour": "15", "usage": 14},
			{"hour": "16", "usage": 5},
			{"hour": "17", "usage": 1},
			{"hour": "18", "usage": 33},
			{"hour": "19", "usage": 0},
			{"hour": "20", "usage": 0},
			{"hour": "21", "usage": 2},
			{"hour": "22", "usage": 5},
			{"hour": "23", "usage": 11},
		]
	},
	{
		"date": 2,
		"totalTime": 633,
		"details": [
			{"appName": "시스템 UI", "usage": 443},
			{"appName": "카카오톡", "usage": 62},
			{"appName": "YouTube", "usage": 46},
			{"appName": "Instagram", "usage": 23},
			{"appName": "Chrome", "usage": 22},
			{"appName": "기본홈", "usage": 9},
			{"appName": "통화 화면", "usage": 6},
			{"appName": "팟빵", "usage": 2},
			{"appName": "알람/시계", "usage": 2},
			{"appName": "메시지", "usage": 2},
			{"appName": "NAVER", "usage": 2},
			{"appName": "티몬", "usage": 1},
			{"appName": "설정", "usage": 1},
			{"appName": "네이버 카페", "usage": 1},
			{"appName": "Q메모+", "usage": 1},
			{"appName": "Paco", "usage": 1},
		],
		"keys": [
			{"hour": "0", "usage": 11},
			{"hour": "1", "usage": 5},
			{"hour": "2", "usage": 3},
			{"hour": "3", "usage": 6},
			{"hour": "4", "usage": 7},
			{"hour": "5", "usage": 2},
			{"hour": "6", "usage": 1},
			{"hour": "7", "usage": 9},
			{"hour": "8", "usage": 26},
			{"hour": "9", "usage": 23},
			{"hour": "10", "usage": 10},
			{"hour": "11", "usage": 3},
			{"hour": "12", "usage": 12},
			{"hour": "13", "usage": 10},
			{"hour": "14", "usage": 1},
			{"hour": "15", "usage": 13},
			{"hour": "16", "usage": 36},
			{"hour": "17", "usage": 0},
			{"hour": "18", "usage": 0},
			{"hour": "19", "usage": 0},
			{"hour": "20", "usage": 0},
			{"hour": "21", "usage": 0},
			{"hour": "22", "usage": 0},
			{"hour": "23", "usage": 3},
		]
	},
	{
		"date": 3,
		"totalTime": 168,
		"details": [
			{"appName": "카카오톡", "usage": 62},
			{"appName": "YouTube", "usage": 28},
			{"appName": "Instagram", "usage": 21},
			{"appName": "통화 화면", "usage": 11},
			{"appName": "Chrome", "usage": 11},
			{"appName": "기본홈", "usage": 8},
			{"appName": "NAVER", "usage": 5},
			{"appName": "팟빵", "usage": 3},
			{"appName": "Paco", "usage": 3},
			{"appName": "알람/시계", "usage": 2},
			{"appName": "캔디팡:쥬시월드", "usage": 1},
			{"appName": "MX 플레이어", "usage": 1},
			{"appName": "AirVisual", "usage": 1},
		],
		"keys": [
			{"hour": "0", "usage": 0},
			{"hour": "1", "usage": 1},
			{"hour": "2", "usage": 15},
			{"hour": "3", "usage": 10},
			{"hour": "4", "usage": 5},
			{"hour": "5", "usage": 4},
			{"hour": "6", "usage": 7},
			{"hour": "7", "usage": 12},
			{"hour": "8", "usage": 4},
			{"hour": "9", "usage": 10},
			{"hour": "10", "usage": 2},
			{"hour": "11", "usage": 9},
			{"hour": "12", "usage": 1},
			{"hour": "13", "usage": 3},
			{"hour": "14", "usage": 0},
			{"hour": "15", "usage": 0},
			{"hour": "16", "usage": 2},
			{"hour": "17", "usage": 0},
			{"hour": "18", "usage": 3},
			{"hour": "19", "usage": 0},
			{"hour": "20", "usage": 20},
			{"hour": "21", "usage": 50},
			{"hour": "22", "usage": 0},
			{"hour": "23", "usage": 0},
		]
	},
	{
		"date": 4,
		"totalTime": 395,
		"details": [
			{"appName": "YouTube", "usage": 115},
			{"appName": "oksusu", "usage": 110},
			{"appName": "시스템 UI", "usage": 93},
			{"appName": "카카오톡", "usage": 31},
			{"appName": "Chrome", "usage": 9},
			{"appName": "Instagram", "usage": 7},
			{"appName": "통화 화면", "usage": 6},
			{"appName": "기본홈", "usage": 5},
			{"appName": "NAVER", "usage": 5},
			{"appName": "Paco", "usage": 3},
			{"appName": "카카오스토리", "usage": 1},
		],
		"keys": [
			{"hour": "0", "usage": 3},
			{"hour": "1", "usage": 0},
			{"hour": "2", "usage": 0},
			{"hour": "3", "usage": 0},
			{"hour": "4", "usage": 2},
			{"hour": "5", "usage": 16},
			{"hour": "6", "usage": 49},
			{"hour": "7", "usage": 2},
			{"hour": "8", "usage": 3},
			{"hour": "9", "usage": 0},
			{"hour": "10", "usage": 0},
			{"hour": "11", "usage": 4},
			{"hour": "12", "usage": 105},
			{"hour": "13", "usage": 104},
			{"hour": "14", "usage": 57},
			{"hour": "15", "usage": 24},
			{"hour": "16", "usage": 2},
			{"hour": "17", "usage": 2},
			{"hour": "18", "usage": 0},
			{"hour": "19", "usage": 1},
			{"hour": "20", "usage": 0},
			{"hour": "21", "usage": 0},
			{"hour": "22", "usage": 3},
			{"hour": "23", "usage": 8},
		]
	},
	{
		"date": 5,
		"totalTime": 189,
		"details": [
			{"appName": "카카오톡", "usage": 70},
			{"appName": "Instagram", "usage": 21},
			{"appName": "YouTube", "usage": 20},
			{"appName": "통화 화면", "usage": 11},
			{"appName": "기본홈", "usage": 11},
			{"appName": "NAVER", "usage": 10},
			{"appName": "Chrome", "usage": 9},
			{"appName": "T map", "usage": 8},
			{"appName": "메시지", "usage": 4},
			{"appName": "Paco", "usage": 4},
			{"appName": "팟빵", "usage": 2},
			{"appName": "YouTube Music", "usage": 2},
			{"appName": "주소록", "usage": 1},
			{"appName": "알람/시계", "usage": 1},
			{"appName": "Polar Beat", "usage": 1},
			{"appName": "ABC Logger", "usage": 1},
		],
		"keys": [
			{"hour": "0", "usage": 3},
			{"hour": "1", "usage": 1},
			{"hour": "2", "usage": 39},
			{"hour": "3", "usage": 2},
			{"hour": "4", "usage": 0},
			{"hour": "5", "usage": 0},
			{"hour": "6", "usage": 5},
			{"hour": "7", "usage": 0},
			{"hour": "8", "usage": 29},
			{"hour": "9", "usage": 26},
			{"hour": "10", "usage": 18},
			{"hour": "11", "usage": 4},
			{"hour": "12", "usage": 14},
			{"hour": "13", "usage": 4},
			{"hour": "14", "usage": 9},
			{"hour": "15", "usage": 0},
			{"hour": "16", "usage": 0},
			{"hour": "17", "usage": 0},
			{"hour": "18", "usage": 1},
			{"hour": "19", "usage": 0},
			{"hour": "20", "usage": 2},
			{"hour": "21", "usage": 3},
			{"hour": "22", "usage": 11},
			{"hour": "23", "usage": 6},
		]
	},
	{
		"date": 6,
		"totalTime": 891,
		"details": [
			{"appName": "시스템 UI", "usage": 704},
			{"appName": "YouTube", "usage": 93},
			{"appName": "카카오톡", "usage": 65},
			{"appName": "기본홈", "usage": 5},
			{"appName": "Instagram", "usage": 5},
			{"appName": "통화 화면", "usage": 2},
			{"appName": "Paco", "usage": 2},
			{"appName": "티몬", "usage": 1},
			{"appName": "카메라", "usage": 1},
			{"appName": "Chrome", "usage": 1},
			{"appName": "AliExpress", "usage": 1},
		],
		"keys": [
			{"hour": "0", "usage": 0},
			{"hour": "1", "usage": 1},
			{"hour": "2", "usage": 17},
			{"hour": "3", "usage": 5},
			{"hour": "4", "usage": 12},
			{"hour": "5", "usage": 0},
			{"hour": "6", "usage": 9},
			{"hour": "7", "usage": 6},
			{"hour": "8", "usage": 11},
			{"hour": "9", "usage": 6},
			{"hour": "10", "usage": 30},
			{"hour": "11", "usage": 60},
			{"hour": "12", "usage": 60},
			{"hour": "13", "usage": 60},
			{"hour": "14", "usage": 64},
			{"hour": "15", "usage": 59},
			{"hour": "16", "usage": 14},
			{"hour": "17", "usage": 0},
			{"hour": "18", "usage": 0},
			{"hour": "19", "usage": 0},
			{"hour": "20", "usage": 0},
			{"hour": "21", "usage": 0},
			{"hour": "22", "usage": 1},
			{"hour": "23", "usage": 2},
		]
	},
	{
		"date": 7,
		"totalTime": 392,
		"details": [
			{"appName": "YouTube", "usage": 240},
			{"appName": "카카오톡", "usage": 73},
			{"appName": "Instagram", "usage": 20},
			{"appName": "Chrome", "usage": 14},
			{"appName": "기본홈", "usage": 10},
			{"appName": "메시지", "usage": 6},
			{"appName": "팟빵", "usage": 3},
			{"appName": "통화 화면", "usage": 3},
			{"appName": "고음질 녹음", "usage": 3},
			{"appName": "Paco", "usage": 3},
			{"appName": "갤러리", "usage": 2},
			{"appName": "Bluetooth", "usage": 1},
		],
		"keys": [
			{"hour": "0", "usage": 1},
			{"hour": "1", "usage": 0},
			{"hour": "2", "usage": 16},
			{"hour": "3", "usage": 59},
			{"hour": "4", "usage": 34},
			{"hour": "5", "usage": 5},
			{"hour": "6", "usage": 10},
			{"hour": "7", "usage": 8},
			{"hour": "8", "usage": 6},
			{"hour": "9", "usage": 4},
			{"hour": "10", "usage": 14},
			{"hour": "11", "usage": 11},
			{"hour": "12", "usage": 3},
			{"hour": "13", "usage": 1},
			{"hour": "14", "usage": 3},
			{"hour": "15", "usage": 10},
			{"hour": "16", "usage": 22},
			{"hour": "17", "usage": 41},
			{"hour": "18", "usage": 59},
			{"hour": "19", "usage": 60},
			{"hour": "20", "usage": 13},
			{"hour": "21", "usage": 0},
			{"hour": "22", "usage": 0},
			{"hour": "23", "usage": 0},
		]
	},
]
