[
	{
		"date": 1,
		"totalTime": 380,
		"details": [
			{"appName": "Facebook", "usage": 153},
			{"appName": "YouTube", "usage": 91},
			{"appName": "카카오톡", "usage": 53},
			{"appName": "삼성 인터넷", "usage": 23},
			{"appName": "통화", "usage": 21},
			{"appName": "에이블리", "usage": 12},
			{"appName": "One UI 홈", "usage": 8},
			{"appName": "Paco", "usage": 4},
			{"appName": "Polar Beat", "usage": 2},
			{"appName": "카카오 T", "usage": 1},
			{"appName": "롯데리아", "usage": 1},
		],
		"keys": [
			{"hour": "0", "usage": 11},
			{"hour": "1", "usage": 23},
			{"hour": "2", "usage": 9},
			{"hour": "3", "usage": 21},
			{"hour": "4", "usage": 40},
			{"hour": "5", "usage": 40},
			{"hour": "6", "usage": 18},
			{"hour": "7", "usage": 5},
			{"hour": "8", "usage": 4},
			{"hour": "9", "usage": 0},
			{"hour": "10", "usage": 0},
			{"hour": "11", "usage": 0},
			{"hour": "12", "usage": 13},
			{"hour": "13", "usage": 5},
			{"hour": "14", "usage": 15},
			{"hour": "15", "usage": 38},
			{"hour": "16", "usage": 54},
			{"hour": "17", "usage": 50},
			{"hour": "18", "usage": 18},
			{"hour": "19", "usage": 0},
			{"hour": "20", "usage": 0},
			{"hour": "21", "usage": 0},
			{"hour": "22", "usage": 0},
			{"hour": "23", "usage": 7},
		]
	},
	{
		"date": 2,
		"totalTime": 303,
		"details": [
			{"appName": "카카오톡", "usage": 107},
			{"appName": "Facebook", "usage": 74},
			{"appName": "삼성 인터넷", "usage": 43},
			{"appName": "브랜디", "usage": 20},
			{"appName": "One UI 홈", "usage": 13},
			{"appName": "통화", "usage": 9},
			{"appName": "카카오맵", "usage": 6},
			{"appName": "Paco", "usage": 5},
			{"appName": "에이블리", "usage": 4},
			{"appName": "배달의민족", "usage": 4},
			{"appName": "시계", "usage": 2},
			{"appName": "설정", "usage": 2},
			{"appName": "배달요기요", "usage": 1},
			{"appName": "메시지", "usage": 1},
			{"appName": "Foodie", "usage": 1},
		],
		"keys": [
			{"hour": "0", "usage": 20},
			{"hour": "1", "usage": 4},
			{"hour": "2", "usage": 8},
			{"hour": "3", "usage": 31},
			{"hour": "4", "usage": 19},
			{"hour": "5", "usage": 29},
			{"hour": "6", "usage": 41},
			{"hour": "7", "usage": 5},
			{"hour": "8", "usage": 6},
			{"hour": "9", "usage": 0},
			{"hour": "10", "usage": 11},
			{"hour": "11", "usage": 4},
			{"hour": "12", "usage": 22},
			{"hour": "13", "usage": 0},
			{"hour": "14", "usage": 14},
			{"hour": "15", "usage": 43},
			{"hour": "16", "usage": 10},
			{"hour": "17", "usage": 5},
			{"hour": "18", "usage": 17},
			{"hour": "19", "usage": 0},
			{"hour": "20", "usage": 0},
			{"hour": "21", "usage": 0},
			{"hour": "22", "usage": 0},
			{"hour": "23", "usage": 3},
		]
	},
	{
		"date": 3,
		"totalTime": 414,
		"details": [
			{"appName": "Facebook", "usage": 150},
			{"appName": "카카오톡", "usage": 96},
			{"appName": "삼성 인터넷", "usage": 56},
			{"appName": "YouTube", "usage": 48},
			{"appName": "통화", "usage": 12},
			{"appName": "One UI 홈", "usage": 10},
			{"appName": "크루비", "usage": 5},
			{"appName": "서울스토어", "usage": 5},
			{"appName": "브랜디", "usage": 5},
			{"appName": "메시지", "usage": 3},
			{"appName": "갤러리", "usage": 3},
			{"appName": "Paco", "usage": 3},
			{"appName": "Slack", "usage": 2},
			{"appName": "Instagram", "usage": 2},
			{"appName": "토스", "usage": 1},
			{"appName": "에이블리", "usage": 1},
			{"appName": "Foodie", "usage": 1},
		],
		"keys": [
			{"hour": "0", "usage": 18},
			{"hour": "1", "usage": 15},
			{"hour": "2", "usage": 0},
			{"hour": "3", "usage": 5},
			{"hour": "4", "usage": 0},
			{"hour": "5", "usage": 6},
			{"hour": "6", "usage": 50},
			{"hour": "7", "usage": 16},
			{"hour": "8", "usage": 8},
			{"hour": "9", "usage": 0},
			{"hour": "10", "usage": 1},
			{"hour": "11", "usage": 39},
			{"hour": "12", "usage": 46},
			{"hour": "13", "usage": 39},
			{"hour": "14", "usage": 50},
			{"hour": "15", "usage": 32},
			{"hour": "16", "usage": 15},
			{"hour": "17", "usage": 49},
			{"hour": "18", "usage": 17},
			{"hour": "19", "usage": 0},
			{"hour": "20", "usage": 0},
			{"hour": "21", "usage": 0},
			{"hour": "22", "usage": 0},
			{"hour": "23", "usage": 0},
		]
	},
	{
		"date": 4,
		"totalTime": 237,
		"details": [
			{"appName": "Facebook", "usage": 94},
			{"appName": "카카오톡", "usage": 42},
			{"appName": "YouTube", "usage": 27},
			{"appName": "삼성 인터넷", "usage": 15},
			{"appName": "에이블리", "usage": 14},
			{"appName": "Instagram", "usage": 13},
			{"appName": "One UI 홈", "usage": 7},
			{"appName": "브랜디", "usage": 3},
			{"appName": "Paco", "usage": 3},
			{"appName": "원터치개인", "usage": 2},
			{"appName": "StyleShare", "usage": 2},
			{"appName": "Chrome", "usage": 2},
			{"appName": "통화", "usage": 1},
			{"appName": "시계", "usage": 1},
			{"appName": "갤러리", "usage": 1},
			{"appName": "SODA", "usage": 1},
			{"appName": "KLMS", "usage": 1},
		],
		"keys": [
			{"hour": "0", "usage": 0},
			{"hour": "1", "usage": 1},
			{"hour": "2", "usage": 6},
			{"hour": "3", "usage": 8},
			{"hour": "4", "usage": 22},
			{"hour": "5", "usage": 30},
			{"hour": "6", "usage": 19},
			{"hour": "7", "usage": 27},
			{"hour": "8", "usage": 4},
			{"hour": "9", "usage": 8},
			{"hour": "10", "usage": 3},
			{"hour": "11", "usage": 1},
			{"hour": "12", "usage": 2},
			{"hour": "13", "usage": 19},
			{"hour": "14", "usage": 14},
			{"hour": "15", "usage": 0},
			{"hour": "16", "usage": 3},
			{"hour": "17", "usage": 0},
			{"hour": "18", "usage": 39},
			{"hour": "19", "usage": 22},
			{"hour": "20", "usage": 0},
			{"hour": "21", "usage": 0},
			{"hour": "22", "usage": 0},
			{"hour": "23", "usage": 0},
		]
	},
	{
		"date": 5,
		"totalTime": 465,
		"details": [
			{"appName": "Facebook", "usage": 150},
			{"appName": "삼성 인터넷", "usage": 95},
			{"appName": "카카오톡", "usage": 94},
			{"appName": "에이블리", "usage": 51},
			{"appName": "One UI 홈", "usage": 16},
			{"appName": "Instagram", "usage": 14},
			{"appName": "브랜디", "usage": 8},
			{"appName": "LookPin", "usage": 8},
			{"appName": "Foodie", "usage": 5},
			{"appName": "리리앤코", "usage": 2},
			{"appName": "갤러리", "usage": 2},
			{"appName": "Paco", "usage": 2},
			{"appName": "통화", "usage": 1},
			{"appName": "코레일톡", "usage": 1},
			{"appName": "에브리타임", "usage": 1},
			{"appName": "시계", "usage": 1},
		],
		"keys": [
			{"hour": "0", "usage": 19},
			{"hour": "1", "usage": 19},
			{"hour": "2", "usage": 40},
			{"hour": "3", "usage": 37},
			{"hour": "4", "usage": 57},
			{"hour": "5", "usage": 20},
			{"hour": "6", "usage": 0},
			{"hour": "7", "usage": 37},
			{"hour": "8", "usage": 36},
			{"hour": "9", "usage": 24},
			{"hour": "10", "usage": 14},
			{"hour": "11", "usage": 39},
			{"hour": "12", "usage": 32},
			{"hour": "13", "usage": 17},
			{"hour": "14", "usage": 6},
			{"hour": "15", "usage": 1},
			{"hour": "16", "usage": 7},
			{"hour": "17", "usage": 12},
			{"hour": "18", "usage": 37},
			{"hour": "19", "usage": 1},
			{"hour": "20", "usage": 0},
			{"hour": "21", "usage": 0},
			{"hour": "22", "usage": 0},
			{"hour": "23", "usage": 0},
		]
	},
	{
		"date": 6,
		"totalTime": 358,
		"details": [
			{"appName": "Facebook", "usage": 111},
			{"appName": "카카오톡", "usage": 76},
			{"appName": "삼성 인터넷", "usage": 62},
			{"appName": "YouTube", "usage": 23},
			{"appName": "에이블리", "usage": 14},
			{"appName": "One UI 홈", "usage": 11},
			{"appName": "Dropsync", "usage": 9},
			{"appName": "야놀자", "usage": 4},
			{"appName": "시크릿라벨", "usage": 4},
			{"appName": "브랜디", "usage": 4},
			{"appName": "KAIST Library", "usage": 4},
			{"appName": "StyleShare", "usage": 3},
			{"appName": "SODA", "usage": 3},
			{"appName": "KLMS", "usage": 3},
			{"appName": "Instagram", "usage": 3},
			{"appName": "코레일톡", "usage": 2},
			{"appName": "Polaris Office", "usage": 2},
			{"appName": "Paco", "usage": 2},
			{"appName": "KAIST	Portal", "usage": 2},
			{"appName": "통화", "usage": 1},
			{"appName": "캘린더", "usage": 1},
			{"appName": "시계", "usage": 1},
			{"appName": "Foodie", "usage": 1},
		],
		"keys": [
			{"hour": "0", "usage": 5},
			{"hour": "1", "usage": 16},
			{"hour": "2", "usage": 19},
			{"hour": "3", "usage": 25},
			{"hour": "4", "usage": 30},
			{"hour": "5", "usage": 23},
			{"hour": "6", "usage": 25},
			{"hour": "7", "usage": 24},
			{"hour": "8", "usage": 4},
			{"hour": "9", "usage": 1},
			{"hour": "10", "usage": 40},
			{"hour": "11", "usage": 16},
			{"hour": "12", "usage": 50},
			{"hour": "13", "usage": 27},
			{"hour": "14", "usage": 4},
			{"hour": "15", "usage": 5},
			{"hour": "16", "usage": 0},
			{"hour": "17", "usage": 29},
			{"hour": "18", "usage": 7},
			{"hour": "19", "usage": 0},
			{"hour": "20", "usage": 0},
			{"hour": "21", "usage": 0},
			{"hour": "22", "usage": 0},
			{"hour": "23", "usage": 0},
		]
	},
	{
		"date": 7,
		"totalTime": 404,
		"details": [
			{"appName": "Facebook", "usage": 205},
			{"appName": "카카오톡", "usage": 93},
			{"appName": "삼성 인터넷", "usage": 48},
			{"appName": "에이블리", "usage": 12},
			{"appName": "One UI 홈", "usage": 9},
			{"appName": "YouTube", "usage": 6},
			{"appName": "통화", "usage": 4},
			{"appName": "Paco", "usage": 4},
			{"appName": "에브리타임", "usage": 2},
			{"appName": "메시지", "usage": 2},
			{"appName": "Samsung Notes", "usage": 2},
			{"appName": "Instagram", "usage": 2},
			{"appName": "토스", "usage": 1},
			{"appName": "시계", "usage": 1},
			{"appName": "StyleShare", "usage": 1},
			{"appName": "Messenger", "usage": 1},
		],
		"keys": [
			{"hour": "0", "usage": 9},
			{"hour": "1", "usage": 22},
			{"hour": "2", "usage": 31},
			{"hour": "3", "usage": 28},
			{"hour": "4", "usage": 45},
			{"hour": "5", "usage": 20},
			{"hour": "6", "usage": 10},
			{"hour": "7", "usage": 45},
			{"hour": "8", "usage": 17},
			{"hour": "9", "usage": 24},
			{"hour": "10", "usage": 25},
			{"hour": "11", "usage": 0},
			{"hour": "12", "usage": 12},
			{"hour": "13", "usage": 1},
			{"hour": "14", "usage": 15},
			{"hour": "15", "usage": 21},
			{"hour": "16", "usage": 48},
			{"hour": "17", "usage": 22},
			{"hour": "18", "usage": 0},
			{"hour": "19", "usage": 0},
			{"hour": "20", "usage": 0},
			{"hour": "21", "usage": 0},
			{"hour": "22", "usage": 0},
			{"hour": "23", "usage": 0},
		]
	},
]
