[
	{
		"date": 1,
		"totalTime": 379,
		"details": [
			{"appName": "Rummikub", "usage": 168},
			{"appName": "카카오톡", "usage": 62},
			{"appName": "Instagram", "usage": 37},
			{"appName": "통화", "usage": 19},
			{"appName": "Samsung Experience 홈", "usage": 14},
			{"appName": "갤러리", "usage": 7},
			{"appName": "Polar Beat", "usage": 7},
			{"appName": "Paco", "usage": 7},
			{"appName": "시계", "usage": 6},
			{"appName": "카메라", "usage": 5},
			{"appName": "삼성 인터넷", "usage": 5},
			{"appName": "SODA", "usage": 4},
			{"appName": "Messenger", "usage": 4},
			{"appName": "전화", "usage": 3},
			{"appName": "설정", "usage": 3},
			{"appName": "KLMS", "usage": 3},
			{"appName": "토스", "usage": 2},
			{"appName": "배달의민족", "usage": 2},
			{"appName": "메시지", "usage": 2},
			{"appName": "YouTube", "usage": 2},
			{"appName": "리브", "usage": 1},
			{"appName": "ISP/페이북", "usage": 1},
		],
		"keys": [
			{"hour": "0", "usage": 4},
			{"hour": "1", "usage": 17},
			{"hour": "2", "usage": 35},
			{"hour": "3", "usage": 18},
			{"hour": "4", "usage": 59},
			{"hour": "5", "usage": 26},
			{"hour": "6", "usage": 41},
			{"hour": "7", "usage": 3},
			{"hour": "8", "usage": 11},
			{"hour": "9", "usage": 3},
			{"hour": "10", "usage": 5},
			{"hour": "11", "usage": 3},
			{"hour": "12", "usage": 24},
			{"hour": "13", "usage": 10},
			{"hour": "14", "usage": 23},
			{"hour": "15", "usage": 7},
			{"hour": "16", "usage": 7},
			{"hour": "17", "usage": 15},
			{"hour": "18", "usage": 3},
			{"hour": "19", "usage": 6},
			{"hour": "20", "usage": 22},
			{"hour": "21", "usage": 1},
			{"hour": "22", "usage": 3},
			{"hour": "23", "usage": 19},
		]
	},
	{
		"date": 2,
		"totalTime": 443,
		"details": [
			{"appName": "Rummikub", "usage": 273},
			{"appName": "카카오톡", "usage": 65},
			{"appName": "Instagram", "usage": 28},
			{"appName": "배달의민족", "usage": 13},
			{"appName": "통화", "usage": 9},
			{"appName": "시계", "usage": 8},
			{"appName": "Facebook", "usage": 8},
			{"appName": "One UI 홈", "usage": 5},
			{"appName": "삼성 인터넷", "usage": 4},
			{"appName": "Paco", "usage": 4},
			{"appName": "스타벅스", "usage": 2},
			{"appName": "설정", "usage": 2},
			{"appName": "메시지", "usage": 2},
			{"appName": "갤러리", "usage": 2},
			{"appName": "카메라", "usage": 1},
			{"appName": "전화", "usage": 1},
			{"appName": "Samsung Experience 홈", "usage": 1},
			{"appName": "Polar Beat", "usage": 1},
			{"appName": "Messenger", "usage": 1},
		],
		"keys": [
			{"hour": "0", "usage": 26},
			{"hour": "1", "usage": 7},
			{"hour": "2", "usage": 0},
			{"hour": "3", "usage": 2},
			{"hour": "4", "usage": 0},
			{"hour": "5", "usage": 1},
			{"hour": "6", "usage": 16},
			{"hour": "7", "usage": 41},
			{"hour": "8", "usage": 31},
			{"hour": "9", "usage": 7},
			{"hour": "10", "usage": 34},
			{"hour": "11", "usage": 59},
			{"hour": "12", "usage": 59},
			{"hour": "13", "usage": 59},
			{"hour": "14", "usage": 13},
			{"hour": "15", "usage": 18},
			{"hour": "16", "usage": 4},
			{"hour": "17", "usage": 7},
			{"hour": "18", "usage": 42},
			{"hour": "19", "usage": 0},
			{"hour": "20", "usage": 0},
			{"hour": "21", "usage": 0},
			{"hour": "22", "usage": 0},
			{"hour": "23", "usage": 7},
		]
	},
	{
		"date": 3,
		"totalTime": 332,
		"details": [
			{"appName": "Rummikub", "usage": 141},
			{"appName": "카카오톡", "usage": 81},
			{"appName": "Instagram", "usage": 18},
			{"appName": "카메라", "usage": 14},
			{"appName": "시계", "usage": 14},
			{"appName": "편한가계부", "usage": 12},
			{"appName": "One UI 홈", "usage": 11},
			{"appName": "Excel", "usage": 8},
			{"appName": "비디오 플레이어", "usage": 7},
			{"appName": "통화", "usage": 4},
			{"appName": "Paco", "usage": 4},
			{"appName": "토스", "usage": 3},
			{"appName": "설정", "usage": 1},
			{"appName": "Polar Beat", "usage": 1},
			{"appName": "Google Play 서비스", "usage": 1},
		],
		"keys": [
			{"hour": "0", "usage": 5},
			{"hour": "1", "usage": 3},
			{"hour": "2", "usage": 35},
			{"hour": "3", "usage": 28},
			{"hour": "4", "usage": 0},
			{"hour": "5", "usage": 0},
			{"hour": "6", "usage": 0},
			{"hour": "7", "usage": 0},
			{"hour": "8", "usage": 20},
			{"hour": "9", "usage": 3},
			{"hour": "10", "usage": 5},
			{"hour": "11", "usage": 21},
			{"hour": "12", "usage": 36},
			{"hour": "13", "usage": 16},
			{"hour": "14", "usage": 7},
			{"hour": "15", "usage": 4},
			{"hour": "16", "usage": 16},
			{"hour": "17", "usage": 18},
			{"hour": "18", "usage": 10},
			{"hour": "19", "usage": 6},
			{"hour": "20", "usage": 42},
			{"hour": "21", "usage": 49},
			{"hour": "22", "usage": 0},
			{"hour": "23", "usage": 0},
		]
	},
	{
		"date": 4,
		"totalTime": 352,
		"details": [
			{"appName": "패키지 설치 프로그램", "usage": 104},
			{"appName": "Rummikub", "usage": 72},
			{"appName": "카카오톡", "usage": 48},
			{"appName": "시계", "usage": 35},
			{"appName": "카메라", "usage": 15},
			{"appName": "Instagram", "usage": 14},
			{"appName": "One UI 홈", "usage": 11},
			{"appName": "통화", "usage": 10},
			{"appName": "SODA", "usage": 8},
			{"appName": "Paco", "usage": 6},
			{"appName": "ULike", "usage": 4},
			{"appName": "Messenger", "usage": 3},
			{"appName": "파인더", "usage": 2},
			{"appName": "전화", "usage": 2},
			{"appName": "비디오 플레이어", "usage": 2},
			{"appName": "갤러리", "usage": 2},
			{"appName": "Excel", "usage": 2},
			{"appName": "싸이메라", "usage": 1},
		],
		"keys": [
			{"hour": "0", "usage": 0},
			{"hour": "1", "usage": 4},
			{"hour": "2", "usage": 0},
			{"hour": "3", "usage": 9},
			{"hour": "4", "usage": 33},
			{"hour": "5", "usage": 46},
			{"hour": "6", "usage": 19},
			{"hour": "7", "usage": 3},
			{"hour": "8", "usage": 24},
			{"hour": "9", "usage": 22},
			{"hour": "10", "usage": 4},
			{"hour": "11", "usage": 15},
			{"hour": "12", "usage": 14},
			{"hour": "13", "usage": 69},
			{"hour": "14", "usage": 69},
			{"hour": "15", "usage": 2},
			{"hour": "16", "usage": 2},
			{"hour": "17", "usage": 1},
			{"hour": "18", "usage": 0},
			{"hour": "19", "usage": 7},
			{"hour": "20", "usage": 0},
			{"hour": "21", "usage": 0},
			{"hour": "22", "usage": 0},
			{"hour": "23", "usage": 0},
		]
	},
	{
		"date": 5,
		"totalTime": 147,
		"details": [
			{"appName": "통화", "usage": 36},
			{"appName": "카카오톡", "usage": 34},
			{"appName": "Rummikub", "usage": 19},
			{"appName": "Instagram", "usage": 15},
			{"appName": "One UI 홈", "usage": 9},
			{"appName": "Word", "usage": 8},
			{"appName": "갤러리", "usage": 6},
			{"appName": "비디오 플레이어", "usage": 3},
			{"appName": "시계", "usage": 2},
			{"appName": "삼성 인터넷", "usage": 2},
			{"appName": "네이버 캘린더", "usage": 2},
			{"appName": "카메라", "usage": 1},
			{"appName": "전화", "usage": 1},
			{"appName": "HTML 뷰어", "usage": 1},
		],
		"keys": [
			{"hour": "0", "usage": 0},
			{"hour": "1", "usage": 0},
			{"hour": "2", "usage": 4},
			{"hour": "3", "usage": 5},
			{"hour": "4", "usage": 0},
			{"hour": "5", "usage": 0},
			{"hour": "6", "usage": 0},
			{"hour": "7", "usage": 28},
			{"hour": "8", "usage": 9},
			{"hour": "9", "usage": 2},
			{"hour": "10", "usage": 1},
			{"hour": "11", "usage": 4},
			{"hour": "12", "usage": 15},
			{"hour": "13", "usage": 11},
			{"hour": "14", "usage": 0},
			{"hour": "15", "usage": 29},
			{"hour": "16", "usage": 5},
			{"hour": "17", "usage": 0},
			{"hour": "18", "usage": 15},
			{"hour": "19", "usage": 11},
			{"hour": "20", "usage": 0},
			{"hour": "21", "usage": 0},
			{"hour": "22", "usage": 0},
			{"hour": "23", "usage": 0},
		]
	},
	{
		"date": 6,
		"totalTime": 896,
		"details": [
			{"appName": "시스템 UI", "usage": 592},
			{"appName": "카카오톡", "usage": 70},
			{"appName": "Rummikub", "usage": 54},
			{"appName": "YouTube", "usage": 42},
			{"appName": "Instagram", "usage": 42},
			{"appName": "Netflix", "usage": 29},
			{"appName": "One UI 홈", "usage": 11},
			{"appName": "삼성 인터넷", "usage": 9},
			{"appName": "편한가계부", "usage": 7},
			{"appName": "통화", "usage": 5},
			{"appName": "드라이브", "usage": 5},
			{"appName": "Paco", "usage": 4},
			{"appName": "Facebook", "usage": 3},
			{"appName": "리브", "usage": 2},
			{"appName": "Polar Beat", "usage": 2},
			{"appName": "토스", "usage": 1},
			{"appName": "카카오뱅크", "usage": 1},
			{"appName": "카메라", "usage": 1},
			{"appName": "시계", "usage": 1},
			{"appName": "메시지", "usage": 1},
			{"appName": "네이버 지도", "usage": 1},
		],
		"keys": [
			{"hour": "0", "usage": 0},
			{"hour": "1", "usage": 15},
			{"hour": "2", "usage": 0},
			{"hour": "3", "usage": 4},
			{"hour": "4", "usage": 0},
			{"hour": "5", "usage": 45},
			{"hour": "6", "usage": 35},
			{"hour": "7", "usage": 39},
			{"hour": "8", "usage": 6},
			{"hour": "9", "usage": 30},
			{"hour": "10", "usage": 9},
			{"hour": "11", "usage": 6},
			{"hour": "12", "usage": 27},
			{"hour": "13", "usage": 30},
			{"hour": "14", "usage": 12},
			{"hour": "15", "usage": 3},
			{"hour": "16", "usage": 8},
			{"hour": "17", "usage": 6},
			{"hour": "18", "usage": 3},
			{"hour": "19", "usage": 4},
			{"hour": "20", "usage": 4},
			{"hour": "21", "usage": 5},
			{"hour": "22", "usage": 2},
			{"hour": "23", "usage": 0},
		]
	},
	{
		"date": 7,
		"totalTime": 876,
		"details": [
			{"appName": "시스템 UI", "usage": 662},
			{"appName": "카카오톡", "usage": 65},
			{"appName": "Netflix", "usage": 46},
			{"appName": "Instagram", "usage": 25},
			{"appName": "Rummikub", "usage": 17},
			{"appName": "Facebook", "usage": 15},
			{"appName": "시계", "usage": 9},
			{"appName": "삼성 인터넷", "usage": 6},
			{"appName": "네이버 캘린더", "usage": 5},
			{"appName": "One UI 홈", "usage": 5},
			{"appName": "통화", "usage": 3},
			{"appName": "Paco", "usage": 2},
			{"appName": "토스", "usage": 1},
			{"appName": "드라이브", "usage": 1},
		],
		"keys": [
			{"hour": "0", "usage": 0},
			{"hour": "1", "usage": 7},
			{"hour": "2", "usage": 0},
			{"hour": "3", "usage": 0},
			{"hour": "4", "usage": 1},
			{"hour": "5", "usage": 23},
			{"hour": "6", "usage": 0},
			{"hour": "7", "usage": 16},
			{"hour": "8", "usage": 7},
			{"hour": "9", "usage": 5},
			{"hour": "10", "usage": 11},
			{"hour": "11", "usage": 17},
			{"hour": "12", "usage": 44},
			{"hour": "13", "usage": 61},
			{"hour": "14", "usage": 85},
			{"hour": "15", "usage": 95},
			{"hour": "16", "usage": 10},
			{"hour": "17", "usage": 1},
			{"hour": "18", "usage": 0},
			{"hour": "19", "usage": 0},
			{"hour": "20", "usage": 13},
			{"hour": "21", "usage": 0},
			{"hour": "22", "usage": 0},
			{"hour": "23", "usage": 0},
		]
	},
]
