[
	{
		"date": 1,
		"totalTime": 335,
		"details": [
			{"appName": "LightSlinger", "usage": 70},
			{"appName": "프렌즈타운", "usage": 63},
			{"appName": "카카오톡", "usage": 50},
			{"appName": "One UI 홈", "usage": 46},
			{"appName": "삼성 인터넷", "usage": 33},
			{"appName": "T전화", "usage": 32},
			{"appName": "Paco", "usage": 13},
			{"appName": "Polar Beat", "usage": 10},
			{"appName": "Samsung Pay", "usage": 2},
			{"appName": "Logger", "usage": 2},
			{"appName": "Google Play 스토어", "usage": 2},
			{"appName": "카카오맵", "usage": 1},
			{"appName": "카메라", "usage": 1},
			{"appName": "메시지", "usage": 1},
		],
		"keys": [
			{"hour": "0", "usage": 22},
			{"hour": "1", "usage": 28},
			{"hour": "2", "usage": 1},
			{"hour": "3", "usage": 2},
			{"hour": "4", "usage": 20},
			{"hour": "5", "usage": 40},
			{"hour": "6", "usage": 13},
			{"hour": "7", "usage": 11},
			{"hour": "8", "usage": 16},
			{"hour": "9", "usage": 36},
			{"hour": "10", "usage": 11},
			{"hour": "11", "usage": 11},
			{"hour": "12", "usage": 45},
			{"hour": "13", "usage": 0},
			{"hour": "14", "usage": 7},
			{"hour": "15", "usage": 35},
			{"hour": "16", "usage": 17},
			{"hour": "17", "usage": 0},
			{"hour": "18", "usage": 0},
			{"hour": "19", "usage": 0},
			{"hour": "20", "usage": 0},
			{"hour": "21", "usage": 0},
			{"hour": "22", "usage": 8},
			{"hour": "23", "usage": 2},
		]
	},
	{
		"date": 2,
		"totalTime": 353,
		"details": [
			{"appName": "프렌즈타운", "usage": 171},
			{"appName": "카카오톡", "usage": 52},
			{"appName": "LightSlinger", "usage": 49},
			{"appName": "삼성 인터넷", "usage": 33},
			{"appName": "One UI 홈", "usage": 18},
			{"appName": "Polar Beat", "usage": 9},
			{"appName": "T전화", "usage": 6},
			{"appName": "Paco", "usage": 4},
			{"appName": "한컴오피스 viewer", "usage": 2},
			{"appName": "메시지", "usage": 2},
			{"appName": "캘린더", "usage": 1},
			{"appName": "Samsung Pay", "usage": 1},
		],
		"keys": [
			{"hour": "0", "usage": 28},
			{"hour": "1", "usage": 5},
			{"hour": "2", "usage": 8},
			{"hour": "3", "usage": 35},
			{"hour": "4", "usage": 53},
			{"hour": "5", "usage": 3},
			{"hour": "6", "usage": 0},
			{"hour": "7", "usage": 1},
			{"hour": "8", "usage": 15},
			{"hour": "9", "usage": 13},
			{"hour": "10", "usage": 13},
			{"hour": "11", "usage": 40},
			{"hour": "12", "usage": 50},
			{"hour": "13", "usage": 9},
			{"hour": "14", "usage": 1},
			{"hour": "15", "usage": 31},
			{"hour": "16", "usage": 41},
			{"hour": "17", "usage": 0},
			{"hour": "18", "usage": 0},
			{"hour": "19", "usage": 0},
			{"hour": "20", "usage": 0},
			{"hour": "21", "usage": 0},
			{"hour": "22", "usage": 0},
			{"hour": "23", "usage": 0},
		]
	},
	{
		"date": 3,
		"totalTime": 401,
		"details": [
			{"appName": "프렌즈타운", "usage": 131},
			{"appName": "LightSlinger", "usage": 82},
			{"appName": "포토 에디터", "usage": 61},
			{"appName": "삼성 인터넷", "usage": 36},
			{"appName": "카카오톡", "usage": 18},
			{"appName": "One UI 홈", "usage": 18},
			{"appName": "Polar Beat", "usage": 9},
			{"appName": "갤러리", "usage": 7},
			{"appName": "Paco", "usage": 7},
			{"appName": "한컴오피스 viewer", "usage": 5},
			{"appName": "Samsung Pay", "usage": 5},
			{"appName": "코레일톡", "usage": 4},
			{"appName": "T멤버십", "usage": 3},
			{"appName": "카메라", "usage": 2},
			{"appName": "시계", "usage": 1},
			{"appName": "T전화", "usage": 1},
		],
		"keys": [
			{"hour": "0", "usage": 0},
			{"hour": "1", "usage": 30},
			{"hour": "2", "usage": 36},
			{"hour": "3", "usage": 34},
			{"hour": "4", "usage": 2},
			{"hour": "5", "usage": 8},
			{"hour": "6", "usage": 38},
			{"hour": "7", "usage": 8},
			{"hour": "8", "usage": 35},
			{"hour": "9", "usage": 75},
			{"hour": "10", "usage": 7},
			{"hour": "11", "usage": 4},
			{"hour": "12", "usage": 13},
			{"hour": "13", "usage": 0},
			{"hour": "14", "usage": 29},
			{"hour": "15", "usage": 18},
			{"hour": "16", "usage": 0},
			{"hour": "17", "usage": 36},
			{"hour": "18", "usage": 16},
			{"hour": "19", "usage": 0},
			{"hour": "20", "usage": 0},
			{"hour": "21", "usage": 0},
			{"hour": "22", "usage": 5},
			{"hour": "23", "usage": 0},
		]
	},
	{
		"date": 4,
		"totalTime": 211,
		"details": [
			{"appName": "LightSlinger", "usage": 87},
			{"appName": "프렌즈타운", "usage": 35},
			{"appName": "삼성 인터넷", "usage": 25},
			{"appName": "카카오톡", "usage": 15},
			{"appName": "One UI 홈", "usage": 14},
			{"appName": "T전화", "usage": 11},
			{"appName": "Paco", "usage": 11},
			{"appName": "Polar Beat", "usage": 3},
			{"appName": "캘린더", "usage": 1},
			{"appName": "여기어때", "usage": 1},
		],
		"keys": [
			{"hour": "0", "usage": 0},
			{"hour": "1", "usage": 19},
			{"hour": "2", "usage": 0},
			{"hour": "3", "usage": 16},
			{"hour": "4", "usage": 28},
			{"hour": "5", "usage": 5},
			{"hour": "6", "usage": 0},
			{"hour": "7", "usage": 2},
			{"hour": "8", "usage": 0},
			{"hour": "9", "usage": 5},
			{"hour": "10", "usage": 0},
			{"hour": "11", "usage": 31},
			{"hour": "12", "usage": 59},
			{"hour": "13", "usage": 32},
			{"hour": "14", "usage": 0},
			{"hour": "15", "usage": 1},
			{"hour": "16", "usage": 0},
			{"hour": "17", "usage": 0},
			{"hour": "18", "usage": 0},
			{"hour": "19", "usage": 0},
			{"hour": "20", "usage": 0},
			{"hour": "21", "usage": 0},
			{"hour": "22", "usage": 1},
			{"hour": "23", "usage": 5},
		]
	},
	{
		"date": 5,
		"totalTime": 180,
		"details": [
			{"appName": "삼성 인터넷", "usage": 72},
			{"appName": "One UI 홈", "usage": 37},
			{"appName": "프렌즈타운", "usage": 35},
			{"appName": "카카오톡", "usage": 15},
			{"appName": "T전화", "usage": 8},
			{"appName": "Paco", "usage": 5},
			{"appName": "T멤버십", "usage": 1},
			{"appName": "Polar Beat", "usage": 1},
		],
		"keys": [
			{"hour": "0", "usage": 17},
			{"hour": "1", "usage": 0},
			{"hour": "2", "usage": 0},
			{"hour": "3", "usage": 2},
			{"hour": "4", "usage": 11},
			{"hour": "5", "usage": 0},
			{"hour": "6", "usage": 2},
			{"hour": "7", "usage": 27},
			{"hour": "8", "usage": 12},
			{"hour": "9", "usage": 0},
			{"hour": "10", "usage": 10},
			{"hour": "11", "usage": 5},
			{"hour": "12", "usage": 1},
			{"hour": "13", "usage": 2},
			{"hour": "14", "usage": 3},
			{"hour": "15", "usage": 31},
			{"hour": "16", "usage": 31},
			{"hour": "17", "usage": 0},
			{"hour": "18", "usage": 0},
			{"hour": "19", "usage": 0},
			{"hour": "20", "usage": 0},
			{"hour": "21", "usage": 0},
			{"hour": "22", "usage": 0},
			{"hour": "23", "usage": 17},
		]
	},
	{
		"date": 6,
		"totalTime": 474,
		"details": [
			{"appName": "프렌즈타운", "usage": 246},
			{"appName": "One UI 홈", "usage": 54},
			{"appName": "카카오톡", "usage": 43},
			{"appName": "삼성 인터넷", "usage": 41},
			{"appName": "T전화", "usage": 37},
			{"appName": "AVS", "usage": 28},
			{"appName": "카카오맵", "usage": 6},
			{"appName": "Paco", "usage": 4},
			{"appName": "카메라", "usage": 3},
			{"appName": "Samsung Pay", "usage": 2},
			{"appName": "메시지", "usage": 1},
			{"appName": "네이버 웹툰", "usage": 1},
			{"appName": "갤러리", "usage": 1},
			{"appName": "Polar Beat", "usage": 1},
		],
		"keys": [
			{"hour": "0", "usage": 36},
			{"hour": "1", "usage": 1},
			{"hour": "2", "usage": 2},
			{"hour": "3", "usage": 46},
			{"hour": "4", "usage": 49},
			{"hour": "5", "usage": 32},
			{"hour": "6", "usage": 22},
			{"hour": "7", "usage": 20},
			{"hour": "8", "usage": 28},
			{"hour": "9", "usage": 5},
			{"hour": "10", "usage": 21},
			{"hour": "11", "usage": 28},
			{"hour": "12", "usage": 47},
			{"hour": "13", "usage": 38},
			{"hour": "14", "usage": 19},
			{"hour": "15", "usage": 60},
			{"hour": "16", "usage": 3},
			{"hour": "17", "usage": 4},
			{"hour": "18", "usage": 0},
			{"hour": "19", "usage": 0},
			{"hour": "20", "usage": 0},
			{"hour": "21", "usage": 0},
			{"hour": "22", "usage": 5},
			{"hour": "23", "usage": 1},
		]
	},
	{
		"date": 7,
		"totalTime": 1821,
		"details": [
			{"appName": "", "usage": 991},
			{"appName": "1km", "usage": 524},
			{"appName": "카카오톡", "usage": 81},
			{"appName": "프렌즈타운", "usage": 73},
			{"appName": "삼성 인터넷", "usage": 59},
			{"appName": "One UI 홈", "usage": 36},
			{"appName": "갤러리", "usage": 11},
			{"appName": "T전화", "usage": 11},
			{"appName": "Paco", "usage": 6},
			{"appName": "카메라", "usage": 5},
			{"appName": "메시지", "usage": 4},
			{"appName": "blind", "usage": 2},
			{"appName": "T멤버십", "usage": 2},
			{"appName": "Google Play 스토어", "usage": 2},
			{"appName": "CGV", "usage": 2},
			{"appName": "Polar Beat", "usage": 1},
		],
		"keys": [
			{"hour": "0", "usage": 88},
			{"hour": "1", "usage": 77},
			{"hour": "2", "usage": 60},
			{"hour": "3", "usage": 62},
			{"hour": "4", "usage": 60},
			{"hour": "5", "usage": 69},
			{"hour": "6", "usage": 63},
			{"hour": "7", "usage": 67},
			{"hour": "8", "usage": 67},
			{"hour": "9", "usage": 100},
			{"hour": "10", "usage": 83},
			{"hour": "11", "usage": 83},
			{"hour": "12", "usage": 61},
			{"hour": "13", "usage": 60},
			{"hour": "14", "usage": 91},
			{"hour": "15", "usage": 103},
			{"hour": "16", "usage": 87},
			{"hour": "17", "usage": 13},
			{"hour": "18", "usage": 11},
			{"hour": "19", "usage": 31},
			{"hour": "20", "usage": 0},
			{"hour": "21", "usage": 0},
			{"hour": "22", "usage": 5},
			{"hour": "23", "usage": 17},
		]
	},
]
