[
	{
		"date": 1,
		"totalTime": 191,
		"details": [
			{"appName": "One UI 홈", "usage": 36},
			{"appName": "카카오톡", "usage": 31},
			{"appName": "SleepTown", "usage": 19},
			{"appName": "통화", "usage": 11},
			{"appName": "삼성 인터넷", "usage": 10},
			{"appName": "Bloomberg", "usage": 10},
			{"appName": "Dropsync", "usage": 8},
			{"appName": "ABC Logger", "usage": 8},
			{"appName": "영웅문SG 베타", "usage": 6},
			{"appName": "Forest", "usage": 6},
			{"appName": "Polar Beat", "usage": 5},
			{"appName": "Paco", "usage": 5},
			{"appName": "카카오뱅크", "usage": 4},
			{"appName": "AfreecaTV", "usage": 4},
			{"appName": "텔레그램", "usage": 3},
			{"appName": "이메일", "usage": 3},
			{"appName": "Melon", "usage": 3},
			{"appName": "네이버 지도", "usage": 1},
			{"appName": "네이버 메일", "usage": 1},
			{"appName": "내 파일", "usage": 1},
			{"appName": "Slack", "usage": 1},
			{"appName": "Samsung Health", "usage": 1},
			{"appName": "Logger", "usage": 1},
			{"appName": "", "usage": 1},
		],
		"keys": [
			{"hour": "0", "usage": 0},
			{"hour": "1", "usage": 0},
			{"hour": "2", "usage": 0},
			{"hour": "3", "usage": 0},
			{"hour": "4", "usage": 0},
			{"hour": "5", "usage": 0},
			{"hour": "6", "usage": 0},
			{"hour": "7", "usage": 0},
			{"hour": "8", "usage": 2},
			{"hour": "9", "usage": 56},
			{"hour": "10", "usage": 15},
			{"hour": "11", "usage": 2},
			{"hour": "12", "usage": 17},
			{"hour": "13", "usage": 12},
			{"hour": "14", "usage": 16},
			{"hour": "15", "usage": 58},
			{"hour": "16", "usage": 5},
			{"hour": "17", "usage": 0},
			{"hour": "18", "usage": 2},
			{"hour": "19", "usage": 0},
			{"hour": "20", "usage": 0},
			{"hour": "21", "usage": 0},
			{"hour": "22", "usage": 0},
			{"hour": "23", "usage": 0},
		]
	},
	{
		"date": 2,
		"totalTime": 274,
		"details": [
			{"appName": "삼성 인터넷", "usage": 59},
			{"appName": "카카오톡", "usage": 45},
			{"appName": "SleepTown", "usage": 29},
			{"appName": "One UI 홈", "usage": 29},
			{"appName": "뱅크샐러드", "usage": 27},
			{"appName": "네이버 웹툰", "usage": 14},
			{"appName": "Bloomberg", "usage": 13},
			{"appName": "Paco", "usage": 10},
			{"appName": "메시지", "usage": 6},
			{"appName": "통화", "usage": 5},
			{"appName": "커플릿", "usage": 5},
			{"appName": "설정", "usage": 5},
			{"appName": "Skype", "usage": 5},
			{"appName": "Forest", "usage": 4},
			{"appName": "전화", "usage": 2},
			{"appName": "시계", "usage": 1},
			{"appName": "스마트택배", "usage": 1},
			{"appName": "Polar Beat", "usage": 1},
			{"appName": "Logger", "usage": 1},
			{"appName": "KB앱카드", "usage": 1},
		],
		"keys": [
			{"hour": "0", "usage": 26},
			{"hour": "1", "usage": 22},
			{"hour": "2", "usage": 22},
			{"hour": "3", "usage": 34},
			{"hour": "4", "usage": 37},
			{"hour": "5", "usage": 18},
			{"hour": "6", "usage": 14},
			{"hour": "7", "usage": 4},
			{"hour": "8", "usage": 18},
			{"hour": "9", "usage": 8},
			{"hour": "10", "usage": 9},
			{"hour": "11", "usage": 18},
			{"hour": "12", "usage": 2},
			{"hour": "13", "usage": 1},
			{"hour": "14", "usage": 4},
			{"hour": "15", "usage": 16},
			{"hour": "16", "usage": 6},
			{"hour": "17", "usage": 5},
			{"hour": "18", "usage": 0},
			{"hour": "19", "usage": 0},
			{"hour": "20", "usage": 0},
			{"hour": "21", "usage": 0},
			{"hour": "22", "usage": 0},
			{"hour": "23", "usage": 2},
		]
	},
	{
		"date": 3,
		"totalTime": 390,
		"details": [
			{"appName": "T map", "usage": 124},
			{"appName": "삼성 인터넷", "usage": 61},
			{"appName": "카카오톡", "usage": 45},
			{"appName": "SleepTown", "usage": 33},
			{"appName": "Forest", "usage": 23},
			{"appName": "영웅문SG 베타", "usage": 19},
			{"appName": "원터치개인", "usage": 15},
			{"appName": "One UI 홈", "usage": 15},
			{"appName": "네이버 웹툰", "usage": 14},
			{"appName": "WSJ", "usage": 8},
			{"appName": "Paco", "usage": 5},
			{"appName": "통화", "usage": 4},
			{"appName": "카메라", "usage": 3},
			{"appName": "Bloomberg", "usage": 3},
			{"appName": "시계", "usage": 2},
			{"appName": "Google Play 스토어", "usage": 2},
			{"appName": "접근성", "usage": 1},
			{"appName": "Polar Beat", "usage": 1},
		],
		"keys": [
			{"hour": "0", "usage": 2},
			{"hour": "1", "usage": 34},
			{"hour": "2", "usage": 11},
			{"hour": "3", "usage": 15},
			{"hour": "4", "usage": 22},
			{"hour": "5", "usage": 9},
			{"hour": "6", "usage": 9},
			{"hour": "7", "usage": 14},
			{"hour": "8", "usage": 21},
			{"hour": "9", "usage": 59},
			{"hour": "10", "usage": 48},
			{"hour": "11", "usage": 20},
			{"hour": "12", "usage": 6},
			{"hour": "13", "usage": 27},
			{"hour": "14", "usage": 7},
			{"hour": "15", "usage": 37},
			{"hour": "16", "usage": 20},
			{"hour": "17", "usage": 10},
			{"hour": "18", "usage": 0},
			{"hour": "19", "usage": 0},
			{"hour": "20", "usage": 0},
			{"hour": "21", "usage": 0},
			{"hour": "22", "usage": 0},
			{"hour": "23", "usage": 11},
		]
	},
	{
		"date": 4,
		"totalTime": 264,
		"details": [
			{"appName": "카카오톡", "usage": 60},
			{"appName": "One UI 홈", "usage": 44},
			{"appName": "삼성 인터넷", "usage": 35},
			{"appName": "OTP", "usage": 16},
			{"appName": "네이버 메일", "usage": 13},
			{"appName": "SleepTown", "usage": 11},
			{"appName": "코인뷰", "usage": 10},
			{"appName": "통화", "usage": 9},
			{"appName": "메시지", "usage": 6},
			{"appName": "T map", "usage": 6},
			{"appName": "카카오뱅크", "usage": 5},
			{"appName": "Paco", "usage": 4},
			{"appName": "Google Play 스토어", "usage": 4},
			{"appName": "네이버 웹툰", "usage": 3},
			{"appName": "PASS", "usage": 3},
			{"appName": "Gmail", "usage": 3},
			{"appName": "Forest", "usage": 3},
			{"appName": "후후", "usage": 2},
			{"appName": "WSJ", "usage": 2},
			{"appName": "Chrome", "usage": 2},
			{"appName": "전화", "usage": 1},
			{"appName": "영웅문SG 베타", "usage": 1},
			{"appName": "안드로이드 시스템", "usage": 1},
			{"appName": "시계", "usage": 1},
			{"appName": "Polar Beat", "usage": 1},
		],
		"keys": [
			{"hour": "0", "usage": 0},
			{"hour": "1", "usage": 14},
			{"hour": "2", "usage": 46},
			{"hour": "3", "usage": 24},
			{"hour": "4", "usage": 14},
			{"hour": "5", "usage": 4},
			{"hour": "6", "usage": 1},
			{"hour": "7", "usage": 20},
			{"hour": "8", "usage": 41},
			{"hour": "9", "usage": 2},
			{"hour": "10", "usage": 0},
			{"hour": "11", "usage": 5},
			{"hour": "12", "usage": 25},
			{"hour": "13", "usage": 15},
			{"hour": "14", "usage": 33},
			{"hour": "15", "usage": 1},
			{"hour": "16", "usage": 5},
			{"hour": "17", "usage": 0},
			{"hour": "18", "usage": 0},
			{"hour": "19", "usage": 0},
			{"hour": "20", "usage": 0},
			{"hour": "21", "usage": 0},
			{"hour": "22", "usage": 0},
			{"hour": "23", "usage": 7},
		]
	},
	{
		"date": 5,
		"totalTime": 323,
		"details": [
			{"appName": "카카오톡", "usage": 106},
			{"appName": "삼성 인터넷", "usage": 56},
			{"appName": "One UI 홈", "usage": 36},
			{"appName": "통화", "usage": 22},
			{"appName": "OTP", "usage": 19},
			{"appName": "WSJ", "usage": 14},
			{"appName": "Polar Beat", "usage": 11},
			{"appName": "코인뷰", "usage": 10},
			{"appName": "Paco", "usage": 9},
			{"appName": "SleepTown", "usage": 6},
			{"appName": "이메일", "usage": 5},
			{"appName": "지도", "usage": 3},
			{"appName": "드라이브", "usage": 2},
			{"appName": "Google 뉴스", "usage": 2},
			{"appName": "Google Play 스토어", "usage": 2},
			{"appName": "커플릿", "usage": 1},
			{"appName": "전화", "usage": 1},
			{"appName": "영웅문SG 베타", "usage": 1},
			{"appName": "스마트택배", "usage": 1},
			{"appName": "Chrome", "usage": 1},
		],
		"keys": [
			{"hour": "0", "usage": 0},
			{"hour": "1", "usage": 11},
			{"hour": "2", "usage": 38},
			{"hour": "3", "usage": 30},
			{"hour": "4", "usage": 18},
			{"hour": "5", "usage": 3},
			{"hour": "6", "usage": 16},
			{"hour": "7", "usage": 39},
			{"hour": "8", "usage": 25},
			{"hour": "9", "usage": 19},
			{"hour": "10", "usage": 20},
			{"hour": "11", "usage": 12},
			{"hour": "12", "usage": 0},
			{"hour": "13", "usage": 27},
			{"hour": "14", "usage": 19},
			{"hour": "15", "usage": 15},
			{"hour": "16", "usage": 0},
			{"hour": "17", "usage": 0},
			{"hour": "18", "usage": 0},
			{"hour": "19", "usage": 0},
			{"hour": "20", "usage": 0},
			{"hour": "21", "usage": 0},
			{"hour": "22", "usage": 0},
			{"hour": "23", "usage": 24},
		]
	},
	{
		"date": 6,
		"totalTime": 349,
		"details": [
			{"appName": "One UI 홈", "usage": 50},
			{"appName": "카카오톡", "usage": 48},
			{"appName": "비디오 플레이어", "usage": 41},
			{"appName": "카메라", "usage": 32},
			{"appName": "갤러리", "usage": 32},
			{"appName": "영웅문SG 베타", "usage": 30},
			{"appName": "OTP", "usage": 20},
			{"appName": "삼성 인터넷", "usage": 14},
			{"appName": "코인뷰", "usage": 13},
			{"appName": "통화", "usage": 12},
			{"appName": "SleepTown", "usage": 10},
			{"appName": "메시지", "usage": 9},
			{"appName": "WSJ", "usage": 6},
			{"appName": "T map", "usage": 5},
			{"appName": "Paco", "usage": 5},
			{"appName": "YouTube", "usage": 4},
			{"appName": "Polar Beat", "usage": 3},
			{"appName": "이메일", "usage": 2},
		],
		"keys": [
			{"hour": "0", "usage": 18},
			{"hour": "1", "usage": 32},
			{"hour": "2", "usage": 46},
			{"hour": "3", "usage": 29},
			{"hour": "4", "usage": 35},
			{"hour": "5", "usage": 9},
			{"hour": "6", "usage": 7},
			{"hour": "7", "usage": 15},
			{"hour": "8", "usage": 16},
			{"hour": "9", "usage": 23},
			{"hour": "10", "usage": 28},
			{"hour": "11", "usage": 18},
			{"hour": "12", "usage": 4},
			{"hour": "13", "usage": 8},
			{"hour": "14", "usage": 15},
			{"hour": "15", "usage": 15},
			{"hour": "16", "usage": 0},
			{"hour": "17", "usage": 0},
			{"hour": "18", "usage": 0},
			{"hour": "19", "usage": 0},
			{"hour": "20", "usage": 0},
			{"hour": "21", "usage": 0},
			{"hour": "22", "usage": 0},
			{"hour": "23", "usage": 22},
		]
	},
	{
		"date": 7,
		"totalTime": 235,
		"details": [
			{"appName": "카카오톡", "usage": 59},
			{"appName": "OTP", "usage": 37},
			{"appName": "네이버 웹툰", "usage": 24},
			{"appName": "One UI 홈", "usage": 24},
			{"appName": "영웅문SG 베타", "usage": 20},
			{"appName": "Paco", "usage": 16},
			{"appName": "SleepTown", "usage": 9},
			{"appName": "코인뷰", "usage": 5},
			{"appName": "뱅크샐러드", "usage": 5},
			{"appName": "Smart​Things", "usage": 5},
			{"appName": "비디오 플레이어", "usage": 4},
			{"appName": "통화", "usage": 3},
			{"appName": "한국투자	주식", "usage": 2},
			{"appName": "삼성 인터넷", "usage": 2},
			{"appName": "WSJ", "usage": 2},
			{"appName": "Microsoft Health", "usage": 2},
			{"appName": "카메라", "usage": 1},
			{"appName": "메시지", "usage": 1},
			{"appName": "Google Play 스토어", "usage": 1},
			{"appName": "Coinnow", "usage": 1},
		],
		"keys": [
			{"hour": "0", "usage": 22},
			{"hour": "1", "usage": 16},
			{"hour": "2", "usage": 5},
			{"hour": "3", "usage": 8},
			{"hour": "4", "usage": 15},
			{"hour": "5", "usage": 10},
			{"hour": "6", "usage": 11},
			{"hour": "7", "usage": 6},
			{"hour": "8", "usage": 36},
			{"hour": "9", "usage": 14},
			{"hour": "10", "usage": 10},
			{"hour": "11", "usage": 14},
			{"hour": "12", "usage": 1},
			{"hour": "13", "usage": 12},
			{"hour": "14", "usage": 24},
			{"hour": "15", "usage": 20},
			{"hour": "16", "usage": 3},
			{"hour": "17", "usage": 0},
			{"hour": "18", "usage": 0},
			{"hour": "19", "usage": 0},
			{"hour": "20", "usage": 0},
			{"hour": "21", "usage": 0},
			{"hour": "22", "usage": 0},
			{"hour": "23", "usage": 0},
		]
	},
]
