[
	{
		"date": 1,
		"totalTime": 310,
		"details": [
			{"appName": "삼성 인터넷", "usage": 102},
			{"appName": "Cookie Run: OvenBreak", "usage": 73},
			{"appName": "카카오톡", "usage": 69},
			{"appName": "시계", "usage": 15},
			{"appName": "Samsung Experience 홈", "usage": 8},
			{"appName": "Instagram", "usage": 8},
			{"appName": "드라이브", "usage": 7},
			{"appName": "전화", "usage": 6},
			{"appName": "Paco", "usage": 4},
			{"appName": "Polar Beat", "usage": 2},
			{"appName": "Melon", "usage": 2},
			{"appName": "카메라", "usage": 1},
			{"appName": "네이버 지도", "usage": 1},
			{"appName": "내 파일", "usage": 1},
		],
		"keys": [
			{"hour": "0", "usage": 0},
			{"hour": "1", "usage": 0},
			{"hour": "2", "usage": 25},
			{"hour": "3", "usage": 2},
			{"hour": "4", "usage": 15},
			{"hour": "5", "usage": 20},
			{"hour": "6", "usage": 50},
			{"hour": "7", "usage": 36},
			{"hour": "8", "usage": 0},
			{"hour": "9", "usage": 35},
			{"hour": "10", "usage": 21},
			{"hour": "11", "usage": 4},
			{"hour": "12", "usage": 10},
			{"hour": "13", "usage": 12},
			{"hour": "14", "usage": 11},
			{"hour": "15", "usage": 10},
			{"hour": "16", "usage": 13},
			{"hour": "17", "usage": 6},
			{"hour": "18", "usage": 26},
			{"hour": "19", "usage": 0},
			{"hour": "20", "usage": 0},
			{"hour": "21", "usage": 0},
			{"hour": "22", "usage": 1},
			{"hour": "23", "usage": 5},
		]
	},
	{
		"date": 2,
		"totalTime": 490,
		"details": [
			{"appName": "삼성 인터넷", "usage": 232},
			{"appName": "Cookie Run: OvenBreak", "usage": 149},
			{"appName": "카카오톡", "usage": 38},
			{"appName": "전화", "usage": 14},
			{"appName": "Samsung Experience 홈", "usage": 12},
			{"appName": "YouTube", "usage": 8},
			{"appName": "Instagram", "usage": 7},
			{"appName": "설정", "usage": 6},
			{"appName": "연락처", "usage": 4},
			{"appName": "드라이브", "usage": 2},
			{"appName": "Paco", "usage": 2},
			{"appName": "Melon", "usage": 2},
			{"appName": "토스", "usage": 1},
			{"appName": "시계", "usage": 1},
			{"appName": "메시지", "usage": 1},
			{"appName": "Polar Beat", "usage": 1},
		],
		"keys": [
			{"hour": "0", "usage": 13},
			{"hour": "1", "usage": 5},
			{"hour": "2", "usage": 26},
			{"hour": "3", "usage": 16},
			{"hour": "4", "usage": 21},
			{"hour": "5", "usage": 35},
			{"hour": "6", "usage": 26},
			{"hour": "7", "usage": 12},
			{"hour": "8", "usage": 9},
			{"hour": "9", "usage": 27},
			{"hour": "10", "usage": 31},
			{"hour": "11", "usage": 9},
			{"hour": "12", "usage": 11},
			{"hour": "13", "usage": 46},
			{"hour": "14", "usage": 43},
			{"hour": "15", "usage": 54},
			{"hour": "16", "usage": 59},
			{"hour": "17", "usage": 38},
			{"hour": "18", "usage": 0},
			{"hour": "19", "usage": 0},
			{"hour": "20", "usage": 0},
			{"hour": "21", "usage": 0},
			{"hour": "22", "usage": 0},
			{"hour": "23", "usage": 0},
		]
	},
	{
		"date": 3,
		"totalTime": 271,
		"details": [
			{"appName": "삼성 인터넷", "usage": 98},
			{"appName": "카카오톡", "usage": 86},
			{"appName": "Cookie Run: OvenBreak", "usage": 34},
			{"appName": "전화", "usage": 25},
			{"appName": "캘린더", "usage": 9},
			{"appName": "Samsung Experience 홈", "usage": 4},
			{"appName": "네이버 지도", "usage": 2},
			{"appName": "Instagram", "usage": 2},
			{"appName": "시계", "usage": 1},
			{"appName": "메시지", "usage": 1},
		],
		"keys": [
			{"hour": "0", "usage": 0},
			{"hour": "1", "usage": 5},
			{"hour": "2", "usage": 25},
			{"hour": "3", "usage": 15},
			{"hour": "4", "usage": 18},
			{"hour": "5", "usage": 8},
			{"hour": "6", "usage": 11},
			{"hour": "7", "usage": 41},
			{"hour": "8", "usage": 19},
			{"hour": "9", "usage": 13},
			{"hour": "10", "usage": 12},
			{"hour": "11", "usage": 4},
			{"hour": "12", "usage": 0},
			{"hour": "13", "usage": 18},
			{"hour": "14", "usage": 24},
			{"hour": "15", "usage": 33},
			{"hour": "16", "usage": 0},
			{"hour": "17", "usage": 0},
			{"hour": "18", "usage": 0},
			{"hour": "19", "usage": 0},
			{"hour": "20", "usage": 0},
			{"hour": "21", "usage": 0},
			{"hour": "22", "usage": 0},
			{"hour": "23", "usage": 18},
		]
	},
	{
		"date": 4,
		"totalTime": 375,
		"details": [
			{"appName": "삼성 인터넷", "usage": 268},
			{"appName": "카카오톡", "usage": 42},
			{"appName": "전화", "usage": 29},
			{"appName": "시계", "usage": 20},
			{"appName": "Instagram", "usage": 6},
			{"appName": "Cookie Run: OvenBreak", "usage": 4},
			{"appName": "Samsung Experience 홈", "usage": 2},
		],
		"keys": [
			{"hour": "0", "usage": 23},
			{"hour": "1", "usage": 0},
			{"hour": "2", "usage": 6},
			{"hour": "3", "usage": 20},
			{"hour": "4", "usage": 2},
			{"hour": "5", "usage": 27},
			{"hour": "6", "usage": 1},
			{"hour": "7", "usage": 10},
			{"hour": "8", "usage": 6},
			{"hour": "9", "usage": 35},
			{"hour": "10", "usage": 0},
			{"hour": "11", "usage": 0},
			{"hour": "12", "usage": 0},
			{"hour": "13", "usage": 19},
			{"hour": "14", "usage": 59},
			{"hour": "15", "usage": 58},
			{"hour": "16", "usage": 59},
			{"hour": "17", "usage": 25},
			{"hour": "18", "usage": 0},
			{"hour": "19", "usage": 0},
			{"hour": "20", "usage": 0},
			{"hour": "21", "usage": 0},
			{"hour": "22", "usage": 0},
			{"hour": "23", "usage": 16},
		]
	},
	{
		"date": 5,
		"totalTime": 358,
		"details": [
			{"appName": "삼성 인터넷", "usage": 176},
			{"appName": "Cookie Run: OvenBreak", "usage": 93},
			{"appName": "카카오톡", "usage": 41},
			{"appName": "Instagram", "usage": 12},
			{"appName": "드라이브", "usage": 11},
			{"appName": "전화", "usage": 6},
			{"appName": "Samsung Experience 홈", "usage": 6},
			{"appName": "Polar Beat", "usage": 2},
			{"appName": "Paco", "usage": 2},
			{"appName": "Melon", "usage": 1},
		],
		"keys": [
			{"hour": "0", "usage": 49},
			{"hour": "1", "usage": 38},
			{"hour": "2", "usage": 50},
			{"hour": "3", "usage": 40},
			{"hour": "4", "usage": 26},
			{"hour": "5", "usage": 0},
			{"hour": "6", "usage": 10},
			{"hour": "7", "usage": 6},
			{"hour": "8", "usage": 0},
			{"hour": "9", "usage": 30},
			{"hour": "10", "usage": 10},
			{"hour": "11", "usage": 0},
			{"hour": "12", "usage": 3},
			{"hour": "13", "usage": 17},
			{"hour": "14", "usage": 8},
			{"hour": "15", "usage": 3},
			{"hour": "16", "usage": 1},
			{"hour": "17", "usage": 0},
			{"hour": "18", "usage": 30},
			{"hour": "19", "usage": 27},
			{"hour": "20", "usage": 0},
			{"hour": "21", "usage": 0},
			{"hour": "22", "usage": 0},
			{"hour": "23", "usage": 0},
		]
	},
	{
		"date": 6,
		"totalTime": 674,
		"details": [
			{"appName": "삼성 인터넷", "usage": 351},
			{"appName": "카카오톡", "usage": 106},
			{"appName": "전화", "usage": 84},
			{"appName": "Cookie Run: OvenBreak", "usage": 67},
			{"appName": "Samsung Experience 홈", "usage": 22},
			{"appName": "시계", "usage": 7},
			{"appName": "PowerPoint", "usage": 6},
			{"appName": "연락처", "usage": 5},
			{"appName": "드라이브", "usage": 3},
			{"appName": "Melon", "usage": 3},
			{"appName": "Instagram", "usage": 3},
			{"appName": "설정", "usage": 2},
			{"appName": "갤러리", "usage": 2},
			{"appName": "Paco", "usage": 2},
			{"appName": "메시지", "usage": 1},
			{"appName": "BAND", "usage": 1},
		],
		"keys": [
			{"hour": "0", "usage": 4},
			{"hour": "1", "usage": 30},
			{"hour": "2", "usage": 43},
			{"hour": "3", "usage": 11},
			{"hour": "4", "usage": 2},
			{"hour": "5", "usage": 17},
			{"hour": "6", "usage": 43},
			{"hour": "7", "usage": 33},
			{"hour": "8", "usage": 20},
			{"hour": "9", "usage": 32},
			{"hour": "10", "usage": 49},
			{"hour": "11", "usage": 58},
			{"hour": "12", "usage": 59},
			{"hour": "13", "usage": 58},
			{"hour": "14", "usage": 59},
			{"hour": "15", "usage": 55},
			{"hour": "16", "usage": 58},
			{"hour": "17", "usage": 27},
			{"hour": "18", "usage": 0},
			{"hour": "19", "usage": 0},
			{"hour": "20", "usage": 0},
			{"hour": "21", "usage": 0},
			{"hour": "22", "usage": 0},
			{"hour": "23", "usage": 5},
		]
	},
	{
		"date": 7,
		"totalTime": 387,
		"details": [
			{"appName": "삼성 인터넷", "usage": 151},
			{"appName": "카카오톡", "usage": 72},
			{"appName": "Cookie Run: OvenBreak", "usage": 72},
			{"appName": "전화", "usage": 41},
			{"appName": "Melon", "usage": 16},
			{"appName": "갤러리", "usage": 14},
			{"appName": "Samsung Experience 홈", "usage": 5},
			{"appName": "Instagram", "usage": 3},
			{"appName": "카메라", "usage": 2},
			{"appName": "메시지", "usage": 1},
			{"appName": "Paco", "usage": 1},
		],
		"keys": [
			{"hour": "0", "usage": 5},
			{"hour": "1", "usage": 0},
			{"hour": "2", "usage": 59},
			{"hour": "3", "usage": 44},
			{"hour": "4", "usage": 47},
			{"hour": "5", "usage": 8},
			{"hour": "6", "usage": 14},
			{"hour": "7", "usage": 22},
			{"hour": "8", "usage": 21},
			{"hour": "9", "usage": 14},
			{"hour": "10", "usage": 13},
			{"hour": "11", "usage": 16},
			{"hour": "12", "usage": 0},
			{"hour": "13", "usage": 41},
			{"hour": "14", "usage": 0},
			{"hour": "15", "usage": 19},
			{"hour": "16", "usage": 0},
			{"hour": "17", "usage": 0},
			{"hour": "18", "usage": 26},
			{"hour": "19", "usage": 21},
			{"hour": "20", "usage": 8},
			{"hour": "21", "usage": 0},
			{"hour": "22", "usage": 0},
			{"hour": "23", "usage": 0},
		]
	},
]
