[
	{
		"date": 1,
		"totalTime": 1080,
		"details": [
			{"appName": "해피스크린", "usage": 868},
			{"appName": "카카오톡", "usage": 42},
			{"appName": "기본홈(홈&앱서랍)", "usage": 27},
			{"appName": "Chrome", "usage": 26},
			{"appName": "Google Play 스토어", "usage": 19},
			{"appName": "H&M", "usage": 17},
			{"appName": "Melon", "usage": 16},
			{"appName": "Wi-Fi", "usage": 14},
			{"appName": "Paco", "usage": 14},
			{"appName": "Polar Beat", "usage": 5},
			{"appName": "Facebook", "usage": 4},
			{"appName": "통화 화면", "usage": 3},
			{"appName": "메시지", "usage": 3},
			{"appName": "갤러리", "usage": 3},
			{"appName": "Vivino", "usage": 3},
			{"appName": "설정", "usage": 1},
			{"appName": "밥대생", "usage": 1},
			{"appName": "YouTube", "usage": 1},
		],
		"keys": [
			{"hour": "0", "usage": 30},
			{"hour": "1", "usage": 59},
			{"hour": "2", "usage": 55},
			{"hour": "3", "usage": 39},
			{"hour": "4", "usage": 43},
			{"hour": "5", "usage": 40},
			{"hour": "6", "usage": 59},
			{"hour": "7", "usage": 90},
			{"hour": "8", "usage": 40},
			{"hour": "9", "usage": 57},
			{"hour": "10", "usage": 47},
			{"hour": "11", "usage": 38},
			{"hour": "12", "usage": 0},
			{"hour": "13", "usage": 6},
			{"hour": "14", "usage": 0},
			{"hour": "15", "usage": 3},
			{"hour": "16", "usage": 1},
			{"hour": "17", "usage": 0},
			{"hour": "18", "usage": 0},
			{"hour": "19", "usage": 0},
			{"hour": "20", "usage": 0},
			{"hour": "21", "usage": 0},
			{"hour": "22", "usage": 0},
			{"hour": "23", "usage": 0},
		]
	},
	{
		"date": 2,
		"totalTime": 1304,
		"details": [
			{"appName": "해피스크린", "usage": 1186},
			{"appName": "Chrome", "usage": 29},
			{"appName": "YouTube", "usage": 28},
			{"appName": "카카오톡", "usage": 14},
			{"appName": "기본홈(홈&앱서랍)", "usage": 12},
			{"appName": "통화 화면", "usage": 7},
			{"appName": "Facebook", "usage": 7},
			{"appName": "Paco", "usage": 4},
			{"appName": "마이	홈플러스", "usage": 3},
			{"appName": "KB스타뱅킹", "usage": 3},
			{"appName": "카카오택시", "usage": 2},
			{"appName": "메시지", "usage": 1},
		],
		"keys": [
			{"hour": "0", "usage": 0},
			{"hour": "1", "usage": 0},
			{"hour": "2", "usage": 0},
			{"hour": "3", "usage": 48},
			{"hour": "4", "usage": 66},
			{"hour": "5", "usage": 66},
			{"hour": "6", "usage": 64},
			{"hour": "7", "usage": 62},
			{"hour": "8", "usage": 64},
			{"hour": "9", "usage": 68},
			{"hour": "10", "usage": 81},
			{"hour": "11", "usage": 62},
			{"hour": "12", "usage": 66},
			{"hour": "13", "usage": 70},
			{"hour": "14", "usage": 60},
			{"hour": "15", "usage": 60},
			{"hour": "16", "usage": 64},
			{"hour": "17", "usage": 60},
			{"hour": "18", "usage": 60},
			{"hour": "19", "usage": 60},
			{"hour": "20", "usage": 60},
			{"hour": "21", "usage": 60},
			{"hour": "22", "usage": 60},
			{"hour": "23", "usage": 36},
		]
	},
	{
		"date": 3,
		"totalTime": 1061,
		"details": [
			{"appName": "해피스크린", "usage": 925},
			{"appName": "Chrome", "usage": 47},
			{"appName": "카카오톡", "usage": 21},
			{"appName": "Booking.com", "usage": 18},
			{"appName": "통화 화면", "usage": 7},
			{"appName": "기본홈(홈&앱서랍)", "usage": 7},
			{"appName": "주소록", "usage": 6},
			{"appName": "Facebook", "usage": 6},
			{"appName": "KB스타뱅킹", "usage": 4},
			{"appName": "Paco", "usage": 3},
			{"appName": "뱅크샐러드", "usage": 2},
			{"appName": "네이버 지도", "usage": 2},
			{"appName": "메시지", "usage": 1},
			{"appName": "YouTube", "usage": 1},
			{"appName": "Logger", "usage": 1},
		],
		"keys": [
			{"hour": "0", "usage": 4},
			{"hour": "1", "usage": 2},
			{"hour": "2", "usage": 2},
			{"hour": "3", "usage": 39},
			{"hour": "4", "usage": 48},
			{"hour": "5", "usage": 26},
			{"hour": "6", "usage": 43},
			{"hour": "7", "usage": 38},
			{"hour": "8", "usage": 28},
			{"hour": "9", "usage": 58},
			{"hour": "10", "usage": 49},
			{"hour": "11", "usage": 50},
			{"hour": "12", "usage": 28},
			{"hour": "13", "usage": 44},
			{"hour": "14", "usage": 59},
			{"hour": "15", "usage": 54},
			{"hour": "16", "usage": 60},
			{"hour": "17", "usage": 60},
			{"hour": "18", "usage": 60},
			{"hour": "19", "usage": 60},
			{"hour": "20", "usage": 59},
			{"hour": "21", "usage": 60},
			{"hour": "22", "usage": 60},
			{"hour": "23", "usage": 31},
		]
	},
	{
		"date": 4,
		"totalTime": 1282,
		"details": [
			{"appName": "해피스크린", "usage": 995},
			{"appName": "Chrome", "usage": 135},
			{"appName": "Booking.com", "usage": 113},
			{"appName": "YouTube", "usage": 8},
			{"appName": "지도", "usage": 6},
			{"appName": "기본홈(홈&앱서랍)", "usage": 6},
			{"appName": "카카오톡", "usage": 2},
			{"appName": "Paco", "usage": 2},
			{"appName": "Melon", "usage": 2},
			{"appName": "알람/시계", "usage": 1},
			{"appName": "Polar Beat", "usage": 1},
			{"appName": "KB스타뱅킹", "usage": 1},
		],
		"keys": [
			{"hour": "0", "usage": 60},
			{"hour": "1", "usage": 59},
			{"hour": "2", "usage": 40},
			{"hour": "3", "usage": 32},
			{"hour": "4", "usage": 26},
			{"hour": "5", "usage": 59},
			{"hour": "6", "usage": 47},
			{"hour": "7", "usage": 47},
			{"hour": "8", "usage": 44},
			{"hour": "9", "usage": 56},
			{"hour": "10", "usage": 42},
			{"hour": "11", "usage": 46},
			{"hour": "12", "usage": 59},
			{"hour": "13", "usage": 59},
			{"hour": "14", "usage": 59},
			{"hour": "15", "usage": 59},
			{"hour": "16", "usage": 59},
			{"hour": "17", "usage": 60},
			{"hour": "18", "usage": 60},
			{"hour": "19", "usage": 60},
			{"hour": "20", "usage": 60},
			{"hour": "21", "usage": 60},
			{"hour": "22", "usage": 60},
			{"hour": "23", "usage": 57},
		]
	},
	{
		"date": 5,
		"totalTime": 1258,
		"details": [
			{"appName": "해피스크린", "usage": 863},
			{"appName": "Chrome", "usage": 237},
			{"appName": "카카오톡", "usage": 62},
			{"appName": "YouTube", "usage": 36},
			{"appName": "기본홈(홈&앱서랍)", "usage": 19},
			{"appName": "통화 화면", "usage": 12},
			{"appName": "Facebook", "usage": 8},
			{"appName": "Paco", "usage": 5},
			{"appName": "KB스타뱅킹", "usage": 3},
			{"appName": "해피포인트", "usage": 2},
			{"appName": "주소록", "usage": 1},
			{"appName": "네이버 지도", "usage": 1},
			{"appName": "KT 멤버십", "usage": 1},
			{"appName": "H&M", "usage": 1},
		],
		"keys": [
			{"hour": "0", "usage": 59},
			{"hour": "1", "usage": 59},
			{"hour": "2", "usage": 51},
			{"hour": "3", "usage": 48},
			{"hour": "4", "usage": 52},
			{"hour": "5", "usage": 24},
			{"hour": "6", "usage": 49},
			{"hour": "7", "usage": 59},
			{"hour": "8", "usage": 54},
			{"hour": "9", "usage": 44},
			{"hour": "10", "usage": 42},
			{"hour": "11", "usage": 43},
			{"hour": "12", "usage": 49},
			{"hour": "13", "usage": 30},
			{"hour": "14", "usage": 51},
			{"hour": "15", "usage": 57},
			{"hour": "16", "usage": 59},
			{"hour": "17", "usage": 60},
			{"hour": "18", "usage": 60},
			{"hour": "19", "usage": 60},
			{"hour": "20", "usage": 60},
			{"hour": "21", "usage": 59},
			{"hour": "22", "usage": 57},
			{"hour": "23", "usage": 59},
		]
	},
	{
		"date": 6,
		"totalTime": 959,
		"details": [
			{"appName": "해피스크린", "usage": 480},
			{"appName": "Chrome", "usage": 186},
			{"appName": "YouTube", "usage": 56},
			{"appName": "Booking.com", "usage": 55},
			{"appName": "카카오톡", "usage": 38},
			{"appName": "Melon", "usage": 38},
			{"appName": "H&M", "usage": 32},
			{"appName": "Facebook", "usage": 15},
			{"appName": "기본홈(홈&앱서랍)", "usage": 14},
			{"appName": "통화 화면", "usage": 11},
			{"appName": "KB스타뱅킹", "usage": 6},
			{"appName": "Google", "usage": 5},
			{"appName": "Polar Beat", "usage": 4},
			{"appName": "위메프", "usage": 2},
			{"appName": "Paco", "usage": 2},
			{"appName": "메시지", "usage": 1},
			{"appName": "AhnLab V3 Mobile Security", "usage": 1},
		],
		"keys": [
			{"hour": "0", "usage": 89},
			{"hour": "1", "usage": 50},
			{"hour": "2", "usage": 35},
			{"hour": "3", "usage": 59},
			{"hour": "4", "usage": 44},
			{"hour": "5", "usage": 59},
			{"hour": "6", "usage": 53},
			{"hour": "7", "usage": 51},
			{"hour": "8", "usage": 56},
			{"hour": "9", "usage": 56},
			{"hour": "10", "usage": 52},
			{"hour": "11", "usage": 39},
			{"hour": "12", "usage": 47},
			{"hour": "13", "usage": 29},
			{"hour": "14", "usage": 59},
			{"hour": "15", "usage": 59},
			{"hour": "16", "usage": 59},
			{"hour": "17", "usage": 31},
			{"hour": "18", "usage": 0},
			{"hour": "19", "usage": 0},
			{"hour": "20", "usage": 0},
			{"hour": "21", "usage": 0},
			{"hour": "22", "usage": 0},
			{"hour": "23", "usage": 18},
		]
	},
	{
		"date": 7,
		"totalTime": 1354,
		"details": [
			{"appName": "해피스크린", "usage": 848},
			{"appName": "Chrome", "usage": 204},
			{"appName": "Melon", "usage": 100},
			{"appName": "YouTube", "usage": 60},
			{"appName": "카카오톡", "usage": 55},
			{"appName": "Facebook", "usage": 25},
			{"appName": "기본홈(홈&앱서랍)", "usage": 15},
			{"appName": "갤러리", "usage": 6},
			{"appName": "통화 화면", "usage": 5},
			{"appName": "접근성", "usage": 5},
			{"appName": "위메프", "usage": 4},
			{"appName": "Paco", "usage": 4},
			{"appName": "쿠팡", "usage": 2},
			{"appName": "KB스타뱅킹", "usage": 2},
			{"appName": "리브", "usage": 1},
			{"appName": "계산기", "usage": 1},
			{"appName": "Vivino", "usage": 1},
		],
		"keys": [
			{"hour": "0", "usage": 52},
			{"hour": "1", "usage": 68},
			{"hour": "2", "usage": 33},
			{"hour": "3", "usage": 48},
			{"hour": "4", "usage": 40},
			{"hour": "5", "usage": 32},
			{"hour": "6", "usage": 58},
			{"hour": "7", "usage": 58},
			{"hour": "8", "usage": 33},
			{"hour": "9", "usage": 31},
			{"hour": "10", "usage": 62},
			{"hour": "11", "usage": 107},
			{"hour": "12", "usage": 90},
			{"hour": "13", "usage": 70},
			{"hour": "14", "usage": 54},
			{"hour": "15", "usage": 58},
			{"hour": "16", "usage": 55},
			{"hour": "17", "usage": 57},
			{"hour": "18", "usage": 60},
			{"hour": "19", "usage": 60},
			{"hour": "20", "usage": 60},
			{"hour": "21", "usage": 60},
			{"hour": "22", "usage": 60},
			{"hour": "23", "usage": 30},
		]
	},
]
