[
	{
		"date": 1,
		"totalTime": 588,
		"details": [
			{"appName": "YouTube", "usage": 249},
			{"appName": "Brawl Stars", "usage": 247},
			{"appName": "카카오톡", "usage": 26},
			{"appName": "Chrome", "usage": 21},
			{"appName": "버즈 런처", "usage": 13},
			{"appName": "전화", "usage": 6},
			{"appName": "Paco", "usage": 6},
			{"appName": "Polar Beat", "usage": 4},
			{"appName": "업비트", "usage": 3},
			{"appName": "설정", "usage": 3},
			{"appName": "드라이브", "usage": 1},
		],
		"keys": [
			{"hour": "0", "usage": 46},
			{"hour": "1", "usage": 30},
			{"hour": "2", "usage": 50},
			{"hour": "3", "usage": 59},
			{"hour": "4", "usage": 46},
			{"hour": "5", "usage": 23},
			{"hour": "6", "usage": 0},
			{"hour": "7", "usage": 24},
			{"hour": "8", "usage": 45},
			{"hour": "9", "usage": 22},
			{"hour": "10", "usage": 7},
			{"hour": "11", "usage": 0},
			{"hour": "12", "usage": 30},
			{"hour": "13", "usage": 60},
			{"hour": "14", "usage": 43},
			{"hour": "15", "usage": 58},
			{"hour": "16", "usage": 2},
			{"hour": "17", "usage": 0},
			{"hour": "18", "usage": 0},
			{"hour": "19", "usage": 0},
			{"hour": "20", "usage": 0},
			{"hour": "21", "usage": 0},
			{"hour": "22", "usage": 0},
			{"hour": "23", "usage": 29},
		]
	},
	{
		"date": 2,
		"totalTime": 225,
		"details": [
			{"appName": "Brawl Stars", "usage": 83},
			{"appName": "YouTube", "usage": 75},
			{"appName": "Chrome", "usage": 15},
			{"appName": "버즈 런처", "usage": 12},
			{"appName": "전화", "usage": 10},
			{"appName": "카카오톡", "usage": 8},
			{"appName": "원터치개인", "usage": 3},
			{"appName": "Paco", "usage": 3},
			{"appName": "삼성 인터넷", "usage": 2},
			{"appName": "메시지", "usage": 2},
			{"appName": "Dropsync", "usage": 2},
			{"appName": "업비트", "usage": 1},
		],
		"keys": [
			{"hour": "0", "usage": 52},
			{"hour": "1", "usage": 14},
			{"hour": "2", "usage": 10},
			{"hour": "3", "usage": 2},
			{"hour": "4", "usage": 1},
			{"hour": "5", "usage": 0},
			{"hour": "6", "usage": 11},
			{"hour": "7", "usage": 34},
			{"hour": "8", "usage": 22},
			{"hour": "9", "usage": 1},
			{"hour": "10", "usage": 1},
			{"hour": "11", "usage": 4},
			{"hour": "12", "usage": 2},
			{"hour": "13", "usage": 1},
			{"hour": "14", "usage": 17},
			{"hour": "15", "usage": 41},
			{"hour": "16", "usage": 0},
			{"hour": "17", "usage": 0},
			{"hour": "18", "usage": 0},
			{"hour": "19", "usage": 0},
			{"hour": "20", "usage": 0},
			{"hour": "21", "usage": 0},
			{"hour": "22", "usage": 3},
			{"hour": "23", "usage": 0},
		]
	},
	{
		"date": 3,
		"totalTime": 248,
		"details": [
			{"appName": "YouTube", "usage": 118},
			{"appName": "전화", "usage": 29},
			{"appName": "Brawl Stars", "usage": 26},
			{"appName": "Chrome", "usage": 23},
			{"appName": "카카오톡", "usage": 18},
			{"appName": "버즈 런처", "usage": 9},
			{"appName": "코레일톡", "usage": 5},
			{"appName": "네이버 지도", "usage": 5},
			{"appName": "Paco", "usage": 3},
			{"appName": "Polar Beat", "usage": 2},
			{"appName": "THE COUPLE", "usage": 1},
			{"appName": "Netflix", "usage": 1},
		],
		"keys": [
			{"hour": "0", "usage": 24},
			{"hour": "1", "usage": 47},
			{"hour": "2", "usage": 3},
			{"hour": "3", "usage": 38},
			{"hour": "4", "usage": 36},
			{"hour": "5", "usage": 37},
			{"hour": "6", "usage": 8},
			{"hour": "7", "usage": 2},
			{"hour": "8", "usage": 2},
			{"hour": "9", "usage": 0},
			{"hour": "10", "usage": 5},
			{"hour": "11", "usage": 1},
			{"hour": "12", "usage": 3},
			{"hour": "13", "usage": 7},
			{"hour": "14", "usage": 16},
			{"hour": "15", "usage": 10},
			{"hour": "16", "usage": 0},
			{"hour": "17", "usage": 0},
			{"hour": "18", "usage": 0},
			{"hour": "19", "usage": 0},
			{"hour": "20", "usage": 0},
			{"hour": "21", "usage": 0},
			{"hour": "22", "usage": 0},
			{"hour": "23", "usage": 0},
		]
	},
	{
		"date": 4,
		"totalTime": 464,
		"details": [
			{"appName": "YouTube", "usage": 292},
			{"appName": "Brawl Stars", "usage": 81},
			{"appName": "Chrome", "usage": 44},
			{"appName": "버즈 런처", "usage": 11},
			{"appName": "Q.Feat", "usage": 11},
			{"appName": "카카오톡", "usage": 7},
			{"appName": "Paco", "usage": 3},
			{"appName": "시외버스	모바일", "usage": 2},
			{"appName": "포코포코", "usage": 1},
			{"appName": "메시지", "usage": 1},
		],
		"keys": [
			{"hour": "0", "usage": 28},
			{"hour": "1", "usage": 47},
			{"hour": "2", "usage": 33},
			{"hour": "3", "usage": 25},
			{"hour": "4", "usage": 3},
			{"hour": "5", "usage": 20},
			{"hour": "6", "usage": 10},
			{"hour": "7", "usage": 19},
			{"hour": "8", "usage": 17},
			{"hour": "9", "usage": 55},
			{"hour": "10", "usage": 55},
			{"hour": "11", "usage": 22},
			{"hour": "12", "usage": 17},
			{"hour": "13", "usage": 32},
			{"hour": "14", "usage": 0},
			{"hour": "15", "usage": 0},
			{"hour": "16", "usage": 0},
			{"hour": "17", "usage": 0},
			{"hour": "18", "usage": 0},
			{"hour": "19", "usage": 0},
			{"hour": "20", "usage": 41},
			{"hour": "21", "usage": 16},
			{"hour": "22", "usage": 0},
			{"hour": "23", "usage": 15},
		]
	},
	{
		"date": 5,
		"totalTime": 496,
		"details": [
			{"appName": "YouTube", "usage": 249},
			{"appName": "Brawl Stars", "usage": 74},
			{"appName": "카카오톡", "usage": 57},
			{"appName": "Chrome", "usage": 45},
			{"appName": "삼성 인터넷", "usage": 22},
			{"appName": "버즈 런처", "usage": 18},
			{"appName": "Paco", "usage": 3},
			{"appName": "카카오뱅크", "usage": 2},
			{"appName": "전화", "usage": 2},
			{"appName": "Q.Feat", "usage": 2},
			{"appName": "KFC", "usage": 2},
			{"appName": "설정", "usage": 1},
			{"appName": "빅스비 보이스", "usage": 1},
			{"appName": "배달의민족", "usage": 1},
			{"appName": "메시지", "usage": 1},
			{"appName": "Slack", "usage": 1},
			{"appName": "Google Play 스토어", "usage": 1},
			{"appName": "Adobe Acrobat", "usage": 1},
		],
		"keys": [
			{"hour": "0", "usage": 8},
			{"hour": "1", "usage": 7},
			{"hour": "2", "usage": 27},
			{"hour": "3", "usage": 38},
			{"hour": "4", "usage": 10},
			{"hour": "5", "usage": 11},
			{"hour": "6", "usage": 7},
			{"hour": "7", "usage": 39},
			{"hour": "8", "usage": 30},
			{"hour": "9", "usage": 55},
			{"hour": "10", "usage": 46},
			{"hour": "11", "usage": 4},
			{"hour": "12", "usage": 27},
			{"hour": "13", "usage": 32},
			{"hour": "14", "usage": 51},
			{"hour": "15", "usage": 0},
			{"hour": "16", "usage": 0},
			{"hour": "17", "usage": 0},
			{"hour": "18", "usage": 0},
			{"hour": "19", "usage": 0},
			{"hour": "20", "usage": 1},
			{"hour": "21", "usage": 27},
			{"hour": "22", "usage": 36},
			{"hour": "23", "usage": 31},
		]
	},
	{
		"date": 6,
		"totalTime": 683,
		"details": [
			{"appName": "YouTube", "usage": 541},
			{"appName": "Chrome", "usage": 25},
			{"appName": "카카오톡", "usage": 24},
			{"appName": "브롤스타즈", "usage": 21},
			{"appName": "Brawl Stars", "usage": 17},
			{"appName": "Polar Beat", "usage": 16},
			{"appName": "버즈 런처", "usage": 13},
			{"appName": "삼성 인터넷", "usage": 9},
			{"appName": "전화", "usage": 5},
			{"appName": "Paco", "usage": 3},
			{"appName": "메시지", "usage": 2},
			{"appName": "Google Play 스토어", "usage": 1},
		],
		"keys": [
			{"hour": "0", "usage": 3},
			{"hour": "1", "usage": 18},
			{"hour": "2", "usage": 29},
			{"hour": "3", "usage": 51},
			{"hour": "4", "usage": 55},
			{"hour": "5", "usage": 49},
			{"hour": "6", "usage": 59},
			{"hour": "7", "usage": 15},
			{"hour": "8", "usage": 14},
			{"hour": "9", "usage": 12},
			{"hour": "10", "usage": 4},
			{"hour": "11", "usage": 54},
			{"hour": "12", "usage": 34},
			{"hour": "13", "usage": 59},
			{"hour": "14", "usage": 37},
			{"hour": "15", "usage": 56},
			{"hour": "16", "usage": 40},
			{"hour": "17", "usage": 0},
			{"hour": "18", "usage": 0},
			{"hour": "19", "usage": 0},
			{"hour": "20", "usage": 1},
			{"hour": "21", "usage": 0},
			{"hour": "22", "usage": 31},
			{"hour": "23", "usage": 41},
		]
	},
	{
		"date": 7,
		"totalTime": 506,
		"details": [
			{"appName": "YouTube", "usage": 290},
			{"appName": "Chrome", "usage": 51},
			{"appName": "브롤스타즈", "usage": 50},
			{"appName": "카카오톡", "usage": 32},
			{"appName": "버즈 런처", "usage": 17},
			{"appName": "전화", "usage": 16},
			{"appName": "삼성 인터넷", "usage": 12},
			{"appName": "그린카", "usage": 9},
			{"appName": "배달의민족", "usage": 5},
			{"appName": "카카오뱅크", "usage": 3},
			{"appName": "Google Play 스토어", "usage": 3},
			{"appName": "Paco", "usage": 2},
			{"appName": "설정", "usage": 1},
			{"appName": "메시지", "usage": 1},
			{"appName": "Slack", "usage": 1},
			{"appName": "Polar Beat", "usage": 1},
		],
		"keys": [
			{"hour": "0", "usage": 3},
			{"hour": "1", "usage": 31},
			{"hour": "2", "usage": 38},
			{"hour": "3", "usage": 21},
			{"hour": "4", "usage": 51},
			{"hour": "5", "usage": 36},
			{"hour": "6", "usage": 47},
			{"hour": "7", "usage": 23},
			{"hour": "8", "usage": 42},
			{"hour": "9", "usage": 22},
			{"hour": "10", "usage": 45},
			{"hour": "11", "usage": 59},
			{"hour": "12", "usage": 27},
			{"hour": "13", "usage": 6},
			{"hour": "14", "usage": 14},
			{"hour": "15", "usage": 0},
			{"hour": "16", "usage": 0},
			{"hour": "17", "usage": 0},
			{"hour": "18", "usage": 0},
			{"hour": "19", "usage": 0},
			{"hour": "20", "usage": 0},
			{"hour": "21", "usage": 0},
			{"hour": "22", "usage": 0},
			{"hour": "23", "usage": 31},
		]
	},
]
