[
	{
		"date": 1,
		"totalTime": 238,
		"details": [
			{"appName": "Chrome", "usage": 126},
			{"appName": "기본홈", "usage": 33},
			{"appName": "카카오톡", "usage": 18},
			{"appName": "Paco", "usage": 10},
			{"appName": "Polar Beat", "usage": 9},
			{"appName": "KBO STATS", "usage": 8},
			{"appName": "Last Arrows", "usage": 7},
			{"appName": "비주얼 가계부", "usage": 3},
			{"appName": "메시지", "usage": 2},
			{"appName": "timetable-core", "usage": 2},
			{"appName": "POOQ", "usage": 2},
			{"appName": "접근성", "usage": 1},
			{"appName": "원터치알림", "usage": 1},
			{"appName": "왓챠", "usage": 1},
			{"appName": "Prime Video", "usage": 1},
			{"appName": "PAIGE", "usage": 1},
			{"appName": "Netflix", "usage": 1},
		],
		"keys": [
			{"hour": "0", "usage": 0},
			{"hour": "1", "usage": 0},
			{"hour": "2", "usage": 0},
			{"hour": "3", "usage": 27},
			{"hour": "4", "usage": 26},
			{"hour": "5", "usage": 7},
			{"hour": "6", "usage": 12},
			{"hour": "7", "usage": 5},
			{"hour": "8", "usage": 22},
			{"hour": "9", "usage": 16},
			{"hour": "10", "usage": 4},
			{"hour": "11", "usage": 16},
			{"hour": "12", "usage": 17},
			{"hour": "13", "usage": 12},
			{"hour": "14", "usage": 6},
			{"hour": "15", "usage": 2},
			{"hour": "16", "usage": 16},
			{"hour": "17", "usage": 19},
			{"hour": "18", "usage": 25},
			{"hour": "19", "usage": 0},
			{"hour": "20", "usage": 0},
			{"hour": "21", "usage": 0},
			{"hour": "22", "usage": 0},
			{"hour": "23", "usage": 0},
		]
	},
	{
		"date": 2,
		"totalTime": 221,
		"details": [
			{"appName": "Chrome", "usage": 101},
			{"appName": "기본홈", "usage": 30},
			{"appName": "카카오톡", "usage": 18},
			{"appName": "Google 뉴스", "usage": 15},
			{"appName": "Google Play 스토어", "usage": 9},
			{"appName": "Last Arrows", "usage": 8},
			{"appName": "Paco", "usage": 5},
			{"appName": "왓챠", "usage": 4},
			{"appName": "FANDOM", "usage": 4},
			{"appName": "왓챠플레이", "usage": 3},
			{"appName": "메시지", "usage": 3},
			{"appName": "oksusu", "usage": 3},
			{"appName": "카이스트 모바일 메일", "usage": 2},
			{"appName": "알람/시계", "usage": 1},
			{"appName": "Wi-Fi", "usage": 1},
			{"appName": "Logger", "usage": 1},
			{"appName": "KBO STATS", "usage": 1},
		],
		"keys": [
			{"hour": "0", "usage": 17},
			{"hour": "1", "usage": 2},
			{"hour": "2", "usage": 11},
			{"hour": "3", "usage": 26},
			{"hour": "4", "usage": 2},
			{"hour": "5", "usage": 0},
			{"hour": "6", "usage": 19},
			{"hour": "7", "usage": 4},
			{"hour": "8", "usage": 24},
			{"hour": "9", "usage": 0},
			{"hour": "10", "usage": 3},
			{"hour": "11", "usage": 2},
			{"hour": "12", "usage": 3},
			{"hour": "13", "usage": 12},
			{"hour": "14", "usage": 5},
			{"hour": "15", "usage": 14},
			{"hour": "16", "usage": 27},
			{"hour": "17", "usage": 35},
			{"hour": "18", "usage": 4},
			{"hour": "19", "usage": 0},
			{"hour": "20", "usage": 0},
			{"hour": "21", "usage": 0},
			{"hour": "22", "usage": 0},
			{"hour": "23", "usage": 1},
		]
	},
	{
		"date": 3,
		"totalTime": 139,
		"details": [
			{"appName": "Last Arrows", "usage": 29},
			{"appName": "Chrome", "usage": 29},
			{"appName": "기본홈", "usage": 19},
			{"appName": "Google 뉴스", "usage": 14},
			{"appName": "왓챠", "usage": 8},
			{"appName": "Paco", "usage": 8},
			{"appName": "Doctor Who", "usage": 6},
			{"appName": "카카오톡", "usage": 5},
			{"appName": "brunch", "usage": 4},
			{"appName": "야구친구", "usage": 2},
			{"appName": "KBO STATS", "usage": 2},
			{"appName": "원터치알림", "usage": 1},
			{"appName": "Wi-Fi", "usage": 1},
			{"appName": "FANDOM", "usage": 1},
		],
		"keys": [
			{"hour": "0", "usage": 0},
			{"hour": "1", "usage": 8},
			{"hour": "2", "usage": 23},
			{"hour": "3", "usage": 10},
			{"hour": "4", "usage": 2},
			{"hour": "5", "usage": 5},
			{"hour": "6", "usage": 1},
			{"hour": "7", "usage": 1},
			{"hour": "8", "usage": 19},
			{"hour": "9", "usage": 3},
			{"hour": "10", "usage": 1},
			{"hour": "11", "usage": 5},
			{"hour": "12", "usage": 2},
			{"hour": "13", "usage": 1},
			{"hour": "14", "usage": 0},
			{"hour": "15", "usage": 0},
			{"hour": "16", "usage": 9},
			{"hour": "17", "usage": 27},
			{"hour": "18", "usage": 6},
			{"hour": "19", "usage": 6},
			{"hour": "20", "usage": 0},
			{"hour": "21", "usage": 0},
			{"hour": "22", "usage": 0},
			{"hour": "23", "usage": 0},
		]
	},
	{
		"date": 4,
		"totalTime": 251,
		"details": [
			{"appName": "알람/시계", "usage": 110},
			{"appName": "Chrome", "usage": 65},
			{"appName": "Last Arrows", "usage": 22},
			{"appName": "기본홈", "usage": 14},
			{"appName": "Paco", "usage": 8},
			{"appName": "왓챠", "usage": 7},
			{"appName": "카카오톡", "usage": 6},
			{"appName": "Wi-Fi", "usage": 4},
			{"appName": "YouTube", "usage": 3},
			{"appName": "KBO STATS", "usage": 2},
			{"appName": "Netflix", "usage": 1},
		],
		"keys": [
			{"hour": "0", "usage": 0},
			{"hour": "1", "usage": 0},
			{"hour": "2", "usage": 0},
			{"hour": "3", "usage": 14},
			{"hour": "4", "usage": 16},
			{"hour": "5", "usage": 1},
			{"hour": "6", "usage": 15},
			{"hour": "7", "usage": 32},
			{"hour": "8", "usage": 0},
			{"hour": "9", "usage": 7},
			{"hour": "10", "usage": 2},
			{"hour": "11", "usage": 1},
			{"hour": "12", "usage": 12},
			{"hour": "13", "usage": 0},
			{"hour": "14", "usage": 2},
			{"hour": "15", "usage": 1},
			{"hour": "16", "usage": 2},
			{"hour": "17", "usage": 14},
			{"hour": "18", "usage": 25},
			{"hour": "19", "usage": 39},
			{"hour": "20", "usage": 23},
			{"hour": "21", "usage": 8},
			{"hour": "22", "usage": 0},
			{"hour": "23", "usage": 28},
		]
	},
	{
		"date": 5,
		"totalTime": 248,
		"details": [
			{"appName": "Chrome", "usage": 118},
			{"appName": "기본홈", "usage": 21},
			{"appName": "카카오톡", "usage": 20},
			{"appName": "Google 뉴스", "usage": 20},
			{"appName": "알람/시계", "usage": 13},
			{"appName": "왓챠", "usage": 12},
			{"appName": "음성 녹음", "usage": 6},
			{"appName": "Paco", "usage": 6},
			{"appName": "원터치개인", "usage": 4},
			{"appName": "Wi-Fi", "usage": 3},
			{"appName": "Polar Beat", "usage": 3},
			{"appName": "포토", "usage": 2},
			{"appName": "설정", "usage": 2},
			{"appName": "메시지", "usage": 2},
			{"appName": "timetable-core", "usage": 2},
			{"appName": "FANDOM", "usage": 2},
		],
		"keys": [
			{"hour": "0", "usage": 18},
			{"hour": "1", "usage": 13},
			{"hour": "2", "usage": 11},
			{"hour": "3", "usage": 5},
			{"hour": "4", "usage": 0},
			{"hour": "5", "usage": 8},
			{"hour": "6", "usage": 12},
			{"hour": "7", "usage": 16},
			{"hour": "8", "usage": 24},
			{"hour": "9", "usage": 18},
			{"hour": "10", "usage": 5},
			{"hour": "11", "usage": 1},
			{"hour": "12", "usage": 3},
			{"hour": "13", "usage": 14},
			{"hour": "14", "usage": 49},
			{"hour": "15", "usage": 12},
			{"hour": "16", "usage": 9},
			{"hour": "17", "usage": 4},
			{"hour": "18", "usage": 17},
			{"hour": "19", "usage": 0},
			{"hour": "20", "usage": 0},
			{"hour": "21", "usage": 0},
			{"hour": "22", "usage": 0},
			{"hour": "23", "usage": 0},
		]
	},
	{
		"date": 6,
		"totalTime": 160,
		"details": [
			{"appName": "Chrome", "usage": 51},
			{"appName": "카카오톡", "usage": 33},
			{"appName": "기본홈", "usage": 16},
			{"appName": "Paco", "usage": 8},
			{"appName": "왓챠", "usage": 6},
			{"appName": "메시지", "usage": 6},
			{"appName": "timetable-core", "usage": 6},
			{"appName": "코레일톡", "usage": 4},
			{"appName": "위키백과", "usage": 4},
			{"appName": "알람/시계", "usage": 4},
			{"appName": "FANDOM", "usage": 3},
			{"appName": "야구친구", "usage": 2},
			{"appName": "Doctor Who", "usage": 2},
			{"appName": "왓챠플레이", "usage": 1},
			{"appName": "Big Finish", "usage": 1},
		],
		"keys": [
			{"hour": "0", "usage": 0},
			{"hour": "1", "usage": 0},
			{"hour": "2", "usage": 0},
			{"hour": "3", "usage": 0},
			{"hour": "4", "usage": 9},
			{"hour": "5", "usage": 14},
			{"hour": "6", "usage": 6},
			{"hour": "7", "usage": 0},
			{"hour": "8", "usage": 5},
			{"hour": "9", "usage": 3},
			{"hour": "10", "usage": 1},
			{"hour": "11", "usage": 1},
			{"hour": "12", "usage": 8},
			{"hour": "13", "usage": 16},
			{"hour": "14", "usage": 13},
			{"hour": "15", "usage": 11},
			{"hour": "16", "usage": 14},
			{"hour": "17", "usage": 33},
			{"hour": "18", "usage": 16},
			{"hour": "19", "usage": 0},
			{"hour": "20", "usage": 0},
			{"hour": "21", "usage": 0},
			{"hour": "22", "usage": 0},
			{"hour": "23", "usage": 0},
		]
	},
	{
		"date": 7,
		"totalTime": 260,
		"details": [
			{"appName": "Chrome", "usage": 146},
			{"appName": "기본홈", "usage": 38},
			{"appName": "카카오톡", "usage": 24},
			{"appName": "Google 뉴스", "usage": 11},
			{"appName": "Paco", "usage": 9},
			{"appName": "왓챠", "usage": 5},
			{"appName": "KBO STATS", "usage": 4},
			{"appName": "음성 녹음", "usage": 3},
			{"appName": "Last Arrows", "usage": 3},
			{"appName": "Polar Beat", "usage": 2},
			{"appName": "FANDOM", "usage": 2},
			{"appName": "야구친구", "usage": 1},
			{"appName": "알람/시계", "usage": 1},
		],
		"keys": [
			{"hour": "0", "usage": 8},
			{"hour": "1", "usage": 14},
			{"hour": "2", "usage": 1},
			{"hour": "3", "usage": 29},
			{"hour": "4", "usage": 1},
			{"hour": "5", "usage": 19},
			{"hour": "6", "usage": 44},
			{"hour": "7", "usage": 0},
			{"hour": "8", "usage": 21},
			{"hour": "9", "usage": 12},
			{"hour": "10", "usage": 15},
			{"hour": "11", "usage": 2},
			{"hour": "12", "usage": 10},
			{"hour": "13", "usage": 10},
			{"hour": "14", "usage": 8},
			{"hour": "15", "usage": 5},
			{"hour": "16", "usage": 7},
			{"hour": "17", "usage": 5},
			{"hour": "18", "usage": 12},
			{"hour": "19", "usage": 30},
			{"hour": "20", "usage": 0},
			{"hour": "21", "usage": 0},
			{"hour": "22", "usage": 0},
			{"hour": "23", "usage": 0},
		]
	},
]
