[
	{
		"date": 1,
		"totalTime": 319,
		"details": [
			{"appName": "T map", "usage": 97},
			{"appName": "ISP/페이북", "usage": 95},
			{"appName": "카카오톡", "usage": 38},
			{"appName": "Chrome", "usage": 19},
			{"appName": "토스", "usage": 12},
			{"appName": "Samsung Experience 홈", "usage": 11},
			{"appName": "T전화", "usage": 9},
			{"appName": "Cookie Run: OvenBreak", "usage": 6},
			{"appName": "Microsoft Health", "usage": 5},
			{"appName": "원터치개인", "usage": 2},
			{"appName": "Paco", "usage": 2},
			{"appName": "Melon", "usage": 2},
			{"appName": "패키지 설치 프로그램", "usage": 1},
			{"appName": "설정", "usage": 1},
			{"appName": "뱅크샐러드", "usage": 1},
			{"appName": "Polar Beat", "usage": 1},
		],
		"keys": [
			{"hour": "0", "usage": 60},
			{"hour": "1", "usage": 47},
			{"hour": "2", "usage": 18},
			{"hour": "3", "usage": 3},
			{"hour": "4", "usage": 19},
			{"hour": "5", "usage": 17},
			{"hour": "6", "usage": 0},
			{"hour": "7", "usage": 7},
			{"hour": "8", "usage": 0},
			{"hour": "9", "usage": 0},
			{"hour": "10", "usage": 0},
			{"hour": "11", "usage": 0},
			{"hour": "12", "usage": 0},
			{"hour": "13", "usage": 0},
			{"hour": "14", "usage": 0},
			{"hour": "15", "usage": 0},
			{"hour": "16", "usage": 27},
			{"hour": "17", "usage": 59},
			{"hour": "18", "usage": 40},
			{"hour": "19", "usage": 16},
			{"hour": "20", "usage": 0},
			{"hour": "21", "usage": 0},
			{"hour": "22", "usage": 0},
			{"hour": "23", "usage": 0},
		]
	},
	{
		"date": 2,
		"totalTime": 1104,
		"details": [
			{"appName": "T전화", "usage": 897},
			{"appName": "카카오톡", "usage": 106},
			{"appName": "메시지", "usage": 23},
			{"appName": "One UI 홈", "usage": 17},
			{"appName": "마카롱", "usage": 7},
			{"appName": "Dropsync", "usage": 7},
			{"appName": "Paco", "usage": 6},
			{"appName": "Samsung Notes", "usage": 5},
			{"appName": "영웅문S", "usage": 4},
			{"appName": "Samsung Pay", "usage": 4},
			{"appName": "이메일", "usage": 3},
			{"appName": "Chrome", "usage": 3},
			{"appName": "설정", "usage": 2},
			{"appName": "Polar Beat", "usage": 2},
			{"appName": "카카오맵", "usage": 1},
			{"appName": "시계", "usage": 1},
			{"appName": "브로콜리", "usage": 1},
			{"appName": "내 파일", "usage": 1},
			{"appName": "T map", "usage": 1},
			{"appName": "SR 고속열차", "usage": 1},
		],
		"keys": [
			{"hour": "0", "usage": 0},
			{"hour": "1", "usage": 27},
			{"hour": "2", "usage": 25},
			{"hour": "3", "usage": 21},
			{"hour": "4", "usage": 29},
			{"hour": "5", "usage": 24},
			{"hour": "6", "usage": 0},
			{"hour": "7", "usage": 22},
			{"hour": "8", "usage": 12},
			{"hour": "9", "usage": 4},
			{"hour": "10", "usage": 0},
			{"hour": "11", "usage": 0},
			{"hour": "12", "usage": 0},
			{"hour": "13", "usage": 0},
			{"hour": "14", "usage": 0},
			{"hour": "15", "usage": 0},
			{"hour": "16", "usage": 49},
			{"hour": "17", "usage": 1},
			{"hour": "18", "usage": 0},
			{"hour": "19", "usage": 0},
			{"hour": "20", "usage": 0},
			{"hour": "21", "usage": 0},
			{"hour": "22", "usage": 0},
			{"hour": "23", "usage": 0},
		]
	},
	{
		"date": 3,
		"totalTime": 121,
		"details": [
			{"appName": "Chrome", "usage": 42},
			{"appName": "카카오톡", "usage": 38},
			{"appName": "One UI 홈", "usage": 8},
			{"appName": "CGV", "usage": 6},
			{"appName": "Gmail", "usage": 5},
			{"appName": "Paco", "usage": 4},
			{"appName": "CGV포토티켓", "usage": 3},
			{"appName": "카카오맵", "usage": 2},
			{"appName": "원스토어", "usage": 1},
			{"appName": "설정", "usage": 1},
		],
		"keys": [
			{"hour": "0", "usage": 0},
			{"hour": "1", "usage": 0},
			{"hour": "2", "usage": 0},
			{"hour": "3", "usage": 3},
			{"hour": "4", "usage": 22},
			{"hour": "5", "usage": 8},
			{"hour": "6", "usage": 0},
			{"hour": "7", "usage": 0},
			{"hour": "8", "usage": 9},
			{"hour": "9", "usage": 9},
			{"hour": "10", "usage": 2},
			{"hour": "11", "usage": 10},
			{"hour": "12", "usage": 4},
			{"hour": "13", "usage": 16},
			{"hour": "14", "usage": 30},
			{"hour": "15", "usage": 2},
			{"hour": "16", "usage": 0},
			{"hour": "17", "usage": 0},
			{"hour": "18", "usage": 0},
			{"hour": "19", "usage": 0},
			{"hour": "20", "usage": 0},
			{"hour": "21", "usage": 0},
			{"hour": "22", "usage": 0},
			{"hour": "23", "usage": 0},
		]
	},
	{
		"date": 4,
		"totalTime": 388,
		"details": [
			{"appName": "Auto Chess", "usage": 146},
			{"appName": "카카오톡", "usage": 140},
			{"appName": "Chrome", "usage": 22},
			{"appName": "One UI 홈", "usage": 20},
			{"appName": "시계", "usage": 13},
			{"appName": "Paco", "usage": 5},
			{"appName": "Instagram", "usage": 5},
			{"appName": "Samsung Health", "usage": 4},
			{"appName": "Samsung Notes", "usage": 3},
			{"appName": "Galaxy Themes", "usage": 3},
			{"appName": "카카오 T", "usage": 2},
			{"appName": "음성 녹음", "usage": 2},
			{"appName": "우리카드", "usage": 2},
			{"appName": "메시지", "usage": 2},
			{"appName": "토스", "usage": 1},
			{"appName": "카메라", "usage": 1},
			{"appName": "T전화", "usage": 1},
			{"appName": "SR 고속열차", "usage": 1},
			{"appName": "Polar Beat", "usage": 1},
			{"appName": "Google Play 스토어", "usage": 1},
		],
		"keys": [
			{"hour": "0", "usage": 0},
			{"hour": "1", "usage": 0},
			{"hour": "2", "usage": 1},
			{"hour": "3", "usage": 45},
			{"hour": "4", "usage": 9},
			{"hour": "5", "usage": 22},
			{"hour": "6", "usage": 35},
			{"hour": "7", "usage": 58},
			{"hour": "8", "usage": 57},
			{"hour": "9", "usage": 44},
			{"hour": "10", "usage": 20},
			{"hour": "11", "usage": 22},
			{"hour": "12", "usage": 6},
			{"hour": "13", "usage": 16},
			{"hour": "14", "usage": 1},
			{"hour": "15", "usage": 0},
			{"hour": "16", "usage": 0},
			{"hour": "17", "usage": 0},
			{"hour": "18", "usage": 31},
			{"hour": "19", "usage": 0},
			{"hour": "20", "usage": 0},
			{"hour": "21", "usage": 0},
			{"hour": "22", "usage": 0},
			{"hour": "23", "usage": 12},
		]
	},
	{
		"date": 5,
		"totalTime": 365,
		"details": [
			{"appName": "카카오톡", "usage": 144},
			{"appName": "Auto Chess", "usage": 76},
			{"appName": "T map", "usage": 55},
			{"appName": "One UI 홈", "usage": 19},
			{"appName": "포토", "usage": 12},
			{"appName": "Paco", "usage": 6},
			{"appName": "토스", "usage": 4},
			{"appName": "갤러리", "usage": 4},
			{"appName": "T전화", "usage": 4},
			{"appName": "Instagram", "usage": 4},
			{"appName": "시계", "usage": 3},
			{"appName": "이메일", "usage": 2},
			{"appName": "음성 녹음", "usage": 2},
			{"appName": "메시지", "usage": 2},
			{"appName": "Samsung Pay", "usage": 2},
			{"appName": "KAIST 전자식복무관리시스템", "usage": 2},
			{"appName": "Cookie Run: OvenBreak", "usage": 2},
			{"appName": "Chrome", "usage": 2},
			{"appName": "캘린더", "usage": 1},
			{"appName": "카메라", "usage": 1},
			{"appName": "게임런처", "usage": 1},
		],
		"keys": [
			{"hour": "0", "usage": 6},
			{"hour": "1", "usage": 22},
			{"hour": "2", "usage": 19},
			{"hour": "3", "usage": 10},
			{"hour": "4", "usage": 18},
			{"hour": "5", "usage": 43},
			{"hour": "6", "usage": 50},
			{"hour": "7", "usage": 1},
			{"hour": "8", "usage": 47},
			{"hour": "9", "usage": 11},
			{"hour": "10", "usage": 40},
			{"hour": "11", "usage": 13},
			{"hour": "12", "usage": 50},
			{"hour": "13", "usage": 5},
			{"hour": "14", "usage": 0},
			{"hour": "15", "usage": 5},
			{"hour": "16", "usage": 0},
			{"hour": "17", "usage": 0},
			{"hour": "18", "usage": 0},
			{"hour": "19", "usage": 0},
			{"hour": "20", "usage": 0},
			{"hour": "21", "usage": 13},
			{"hour": "22", "usage": 3},
			{"hour": "23", "usage": 1},
		]
	},
	{
		"date": 6,
		"totalTime": 259,
		"details": [
			{"appName": "카카오톡", "usage": 119},
			{"appName": "T map", "usage": 27},
			{"appName": "시계", "usage": 18},
			{"appName": "야놀자", "usage": 12},
			{"appName": "One UI 홈", "usage": 12},
			{"appName": "Chrome", "usage": 9},
			{"appName": "Most", "usage": 8},
			{"appName": "설정", "usage": 6},
			{"appName": "메시지", "usage": 6},
			{"appName": "마카롱", "usage": 6},
			{"appName": "뱅크샐러드", "usage": 5},
			{"appName": "T전화", "usage": 3},
			{"appName": "Paco", "usage": 3},
			{"appName": "Instagram", "usage": 3},
			{"appName": "우리카드", "usage": 2},
			{"appName": "Melon", "usage": 2},
			{"appName": "고속버스 모바일", "usage": 1},
			{"appName": "갤러리", "usage": 1},
			{"appName": "Syrup 월렛", "usage": 1},
			{"appName": "Samsung Pay", "usage": 1},
			{"appName": "Cookie Run: OvenBreak", "usage": 1},
		],
		"keys": [
			{"hour": "0", "usage": 0},
			{"hour": "1", "usage": 0},
			{"hour": "2", "usage": 9},
			{"hour": "3", "usage": 0},
			{"hour": "4", "usage": 11},
			{"hour": "5", "usage": 35},
			{"hour": "6", "usage": 29},
			{"hour": "7", "usage": 6},
			{"hour": "8", "usage": 25},
			{"hour": "9", "usage": 5},
			{"hour": "10", "usage": 4},
			{"hour": "11", "usage": 29},
			{"hour": "12", "usage": 35},
			{"hour": "13", "usage": 22},
			{"hour": "14", "usage": 1},
			{"hour": "15", "usage": 0},
			{"hour": "16", "usage": 5},
			{"hour": "17", "usage": 5},
			{"hour": "18", "usage": 28},
			{"hour": "19", "usage": 0},
			{"hour": "20", "usage": 0},
			{"hour": "21", "usage": 0},
			{"hour": "22", "usage": 0},
			{"hour": "23", "usage": 2},
		]
	},
	{
		"date": 7,
		"totalTime": 386,
		"details": [
			{"appName": "카카오톡", "usage": 129},
			{"appName": "Auto Chess", "usage": 77},
			{"appName": "T map", "usage": 59},
			{"appName": "One UI 홈", "usage": 17},
			{"appName": "시계", "usage": 16},
			{"appName": "AIA Vitality T건강걷기", "usage": 12},
			{"appName": "T전화", "usage": 11},
			{"appName": "음성 녹음", "usage": 8},
			{"appName": "Paco", "usage": 7},
			{"appName": "우리카드", "usage": 5},
			{"appName": "Polar Beat", "usage": 5},
			{"appName": "Instagram", "usage": 4},
			{"appName": "Chrome", "usage": 3},
			{"appName": "CGV", "usage": 3},
			{"appName": "카메라", "usage": 2},
			{"appName": "이메일", "usage": 2},
			{"appName": "뱅크샐러드", "usage": 2},
			{"appName": "Samsung Pay", "usage": 2},
			{"appName": "헬로마켓", "usage": 1},
			{"appName": "카카오뱅크", "usage": 1},
			{"appName": "메시지", "usage": 1},
			{"appName": "내 파일", "usage": 1},
			{"appName": "Samsung Notes", "usage": 1},
			{"appName": "Melon", "usage": 1},
			{"appName": "Google Play 스토어", "usage": 1},
			{"appName": "ABC Logger", "usage": 1},
		],
		"keys": [
			{"hour": "0", "usage": 29},
			{"hour": "1", "usage": 40},
			{"hour": "2", "usage": 31},
			{"hour": "3", "usage": 16},
			{"hour": "4", "usage": 1},
			{"hour": "5", "usage": 28},
			{"hour": "6", "usage": 1},
			{"hour": "7", "usage": 40},
			{"hour": "8", "usage": 12},
			{"hour": "9", "usage": 6},
			{"hour": "10", "usage": 35},
			{"hour": "11", "usage": 11},
			{"hour": "12", "usage": 23},
			{"hour": "13", "usage": 26},
			{"hour": "14", "usage": 1},
			{"hour": "15", "usage": 0},
			{"hour": "16", "usage": 3},
			{"hour": "17", "usage": 9},
			{"hour": "18", "usage": 47},
			{"hour": "19", "usage": 0},
			{"hour": "20", "usage": 0},
			{"hour": "21", "usage": 0},
			{"hour": "22", "usage": 0},
			{"hour": "23", "usage": 19},
		]
	},
]
