[
	{
		"date": 1,
		"totalTime": 400,
		"details": [
			{"appName": "문피아", "usage": 93},
			{"appName": "트위터", "usage": 85},
			{"appName": "YouTube", "usage": 40},
			{"appName": "마이리틀셰프", "usage": 39},
			{"appName": "카카오톡", "usage": 30},
			{"appName": "Chrome", "usage": 24},
			{"appName": "소프트웨어 업데이트", "usage": 16},
			{"appName": "리디북스", "usage": 11},
			{"appName": "카카오페이지", "usage": 10},
			{"appName": "Walkr", "usage": 8},
			{"appName": "TouchWiz 홈", "usage": 8},
			{"appName": "10000!", "usage": 8},
			{"appName": "시계", "usage": 7},
			{"appName": "알파카", "usage": 3},
			{"appName": "네이버 웹툰", "usage": 3},
			{"appName": "Paco", "usage": 2},
			{"appName": "시스템 UI", "usage": 1},
			{"appName": "T전화", "usage": 1},
		],
		"keys": [
			{"hour": "0", "usage": 0},
			{"hour": "1", "usage": 0},
			{"hour": "2", "usage": 0},
			{"hour": "3", "usage": 6},
			{"hour": "4", "usage": 6},
			{"hour": "5", "usage": 9},
			{"hour": "6", "usage": 9},
			{"hour": "7", "usage": 1},
			{"hour": "8", "usage": 2},
			{"hour": "9", "usage": 1},
			{"hour": "10", "usage": 1},
			{"hour": "11", "usage": 34},
			{"hour": "12", "usage": 29},
			{"hour": "13", "usage": 21},
			{"hour": "14", "usage": 4},
			{"hour": "15", "usage": 40},
			{"hour": "16", "usage": 40},
			{"hour": "17", "usage": 25},
			{"hour": "18", "usage": 49},
			{"hour": "19", "usage": 59},
			{"hour": "20", "usage": 55},
			{"hour": "21", "usage": 0},
			{"hour": "22", "usage": 0},
			{"hour": "23", "usage": 0},
		]
	},
	{
		"date": 2,
		"totalTime": 443,
		"details": [
			{"appName": "Chrome", "usage": 189},
			{"appName": "트위터", "usage": 82},
			{"appName": "마이리틀셰프", "usage": 62},
			{"appName": "YouTube", "usage": 27},
			{"appName": "문피아", "usage": 16},
			{"appName": "10000!", "usage": 12},
			{"appName": "카카오톡", "usage": 8},
			{"appName": "Walkr", "usage": 8},
			{"appName": "TouchWiz 홈", "usage": 7},
			{"appName": "T전화", "usage": 6},
			{"appName": "카카오페이지", "usage": 4},
			{"appName": "알파카", "usage": 2},
			{"appName": "시계", "usage": 2},
			{"appName": "시스템 UI", "usage": 1},
			{"appName": "설정", "usage": 1},
			{"appName": "네이버 웹툰", "usage": 1},
			{"appName": "Polar Beat", "usage": 1},
			{"appName": "Paco", "usage": 1},
		],
		"keys": [
			{"hour": "0", "usage": 2},
			{"hour": "1", "usage": 7},
			{"hour": "2", "usage": 1},
			{"hour": "3", "usage": 9},
			{"hour": "4", "usage": 0},
			{"hour": "5", "usage": 0},
			{"hour": "6", "usage": 7},
			{"hour": "7", "usage": 7},
			{"hour": "8", "usage": 0},
			{"hour": "9", "usage": 27},
			{"hour": "10", "usage": 13},
			{"hour": "11", "usage": 9},
			{"hour": "12", "usage": 36},
			{"hour": "13", "usage": 0},
			{"hour": "14", "usage": 0},
			{"hour": "15", "usage": 0},
			{"hour": "16", "usage": 0},
			{"hour": "17", "usage": 10},
			{"hour": "18", "usage": 56},
			{"hour": "19", "usage": 59},
			{"hour": "20", "usage": 48},
			{"hour": "21", "usage": 59},
			{"hour": "22", "usage": 59},
			{"hour": "23", "usage": 25},
		]
	},
	{
		"date": 3,
		"totalTime": 495,
		"details": [
			{"appName": "YouTube", "usage": 163},
			{"appName": "마이리틀셰프", "usage": 99},
			{"appName": "트위터", "usage": 95},
			{"appName": "Chrome", "usage": 31},
			{"appName": "10000!", "usage": 18},
			{"appName": "카카오톡", "usage": 17},
			{"appName": "Walkr", "usage": 14},
			{"appName": "문피아", "usage": 10},
			{"appName": "TouchWiz 홈", "usage": 8},
			{"appName": "네이버 지도", "usage": 7},
			{"appName": "Paco", "usage": 5},
			{"appName": "시계", "usage": 4},
			{"appName": "Todoist", "usage": 4},
			{"appName": "카카오페이지", "usage": 3},
			{"appName": "Steam", "usage": 2},
			{"appName": "카카오택시", "usage": 1},
			{"appName": "시스템 UI", "usage": 1},
		],
		"keys": [
			{"hour": "0", "usage": 0},
			{"hour": "1", "usage": 2},
			{"hour": "2", "usage": 9},
			{"hour": "3", "usage": 5},
			{"hour": "4", "usage": 5},
			{"hour": "5", "usage": 10},
			{"hour": "6", "usage": 6},
			{"hour": "7", "usage": 24},
			{"hour": "8", "usage": 44},
			{"hour": "9", "usage": 48},
			{"hour": "10", "usage": 0},
			{"hour": "11", "usage": 0},
			{"hour": "12", "usage": 1},
			{"hour": "13", "usage": 33},
			{"hour": "14", "usage": 58},
			{"hour": "15", "usage": 52},
			{"hour": "16", "usage": 33},
			{"hour": "17", "usage": 46},
			{"hour": "18", "usage": 44},
			{"hour": "19", "usage": 13},
			{"hour": "20", "usage": 14},
			{"hour": "21", "usage": 40},
			{"hour": "22", "usage": 0},
			{"hour": "23", "usage": 0},
		]
	},
	{
		"date": 4,
		"totalTime": 226,
		"details": [
			{"appName": "트위터", "usage": 62},
			{"appName": "YouTube", "usage": 33},
			{"appName": "카카오톡", "usage": 21},
			{"appName": "Chrome", "usage": 20},
			{"appName": "문피아", "usage": 19},
			{"appName": "10000!", "usage": 11},
			{"appName": "시계", "usage": 10},
			{"appName": "TouchWiz 홈", "usage": 9},
			{"appName": "Walkr", "usage": 4},
			{"appName": "Paco", "usage": 4},
			{"appName": "프레젠테이션", "usage": 3},
			{"appName": "스프레드시트", "usage": 3},
			{"appName": "Polaris Office", "usage": 3},
			{"appName": "카카오페이지", "usage": 2},
			{"appName": "알파카", "usage": 2},
			{"appName": "T전화", "usage": 1},
			{"appName": "Steam", "usage": 1},
			{"appName": "Slack", "usage": 1},
		],
		"keys": [
			{"hour": "0", "usage": 0},
			{"hour": "1", "usage": 0},
			{"hour": "2", "usage": 1},
			{"hour": "3", "usage": 5},
			{"hour": "4", "usage": 21},
			{"hour": "5", "usage": 13},
			{"hour": "6", "usage": 48},
			{"hour": "7", "usage": 2},
			{"hour": "8", "usage": 4},
			{"hour": "9", "usage": 6},
			{"hour": "10", "usage": 3},
			{"hour": "11", "usage": 3},
			{"hour": "12", "usage": 48},
			{"hour": "13", "usage": 59},
			{"hour": "14", "usage": 3},
			{"hour": "15", "usage": 4},
			{"hour": "16", "usage": 0},
			{"hour": "17", "usage": 0},
			{"hour": "18", "usage": 0},
			{"hour": "19", "usage": 0},
			{"hour": "20", "usage": 0},
			{"hour": "21", "usage": 0},
			{"hour": "22", "usage": 0},
			{"hour": "23", "usage": 0},
		]
	},
	{
		"date": 5,
		"totalTime": 811,
		"details": [
			{"appName": "리디북스", "usage": 255},
			{"appName": "트위터", "usage": 143},
			{"appName": "웹소설 조아라", "usage": 105},
			{"appName": "마이리틀셰프", "usage": 67},
			{"appName": "문피아", "usage": 66},
			{"appName": "YouTube", "usage": 55},
			{"appName": "10000!", "usage": 29},
			{"appName": "카카오톡", "usage": 20},
			{"appName": "Chrome", "usage": 17},
			{"appName": "Walkr", "usage": 13},
			{"appName": "TouchWiz 홈", "usage": 12},
			{"appName": "Evernote", "usage": 5},
			{"appName": "카카오페이지", "usage": 3},
			{"appName": "T전화", "usage": 3},
			{"appName": "Paco", "usage": 3},
			{"appName": "시스템 UI", "usage": 2},
			{"appName": "시계", "usage": 1},
		],
		"keys": [
			{"hour": "0", "usage": 0},
			{"hour": "1", "usage": 0},
			{"hour": "2", "usage": 0},
			{"hour": "3", "usage": 1},
			{"hour": "4", "usage": 56},
			{"hour": "5", "usage": 55},
			{"hour": "6", "usage": 37},
			{"hour": "7", "usage": 22},
			{"hour": "8", "usage": 54},
			{"hour": "9", "usage": 59},
			{"hour": "10", "usage": 59},
			{"hour": "11", "usage": 35},
			{"hour": "12", "usage": 1},
			{"hour": "13", "usage": 6},
			{"hour": "14", "usage": 7},
			{"hour": "15", "usage": 0},
			{"hour": "16", "usage": 47},
			{"hour": "17", "usage": 59},
			{"hour": "18", "usage": 59},
			{"hour": "19", "usage": 59},
			{"hour": "20", "usage": 58},
			{"hour": "21", "usage": 59},
			{"hour": "22", "usage": 59},
			{"hour": "23", "usage": 6},
		]
	},
	{
		"date": 6,
		"totalTime": 682,
		"details": [
			{"appName": "카카오페이지", "usage": 418},
			{"appName": "트위터", "usage": 93},
			{"appName": "마이리틀셰프", "usage": 85},
			{"appName": "문피아", "usage": 24},
			{"appName": "Chrome", "usage": 14},
			{"appName": "10000!", "usage": 9},
			{"appName": "카카오톡", "usage": 7},
			{"appName": "네이버 지도", "usage": 5},
			{"appName": "Walkr", "usage": 5},
			{"appName": "TouchWiz 홈", "usage": 4},
			{"appName": "Paco", "usage": 2},
			{"appName": "원터치개인", "usage": 1},
			{"appName": "시스템 UI", "usage": 1},
			{"appName": "시계", "usage": 1},
			{"appName": "설정", "usage": 1},
			{"appName": "리디북스", "usage": 1},
			{"appName": "Polar Beat", "usage": 1},
			{"appName": "Evernote", "usage": 1},
		],
		"keys": [
			{"hour": "0", "usage": 0},
			{"hour": "1", "usage": 0},
			{"hour": "2", "usage": 0},
			{"hour": "3", "usage": 0},
			{"hour": "4", "usage": 0},
			{"hour": "5", "usage": 0},
			{"hour": "6", "usage": 14},
			{"hour": "7", "usage": 17},
			{"hour": "8", "usage": 0},
			{"hour": "9", "usage": 3},
			{"hour": "10", "usage": 14},
			{"hour": "11", "usage": 59},
			{"hour": "12", "usage": 59},
			{"hour": "13", "usage": 57},
			{"hour": "14", "usage": 56},
			{"hour": "15", "usage": 59},
			{"hour": "16", "usage": 59},
			{"hour": "17", "usage": 59},
			{"hour": "18", "usage": 59},
			{"hour": "19", "usage": 58},
			{"hour": "20", "usage": 44},
			{"hour": "21", "usage": 56},
			{"hour": "22", "usage": 0},
			{"hour": "23", "usage": 0},
		]
	},
	{
		"date": 7,
		"totalTime": 310,
		"details": [
			{"appName": "카카오페이지", "usage": 201},
			{"appName": "트위터", "usage": 32},
			{"appName": "YouTube", "usage": 29},
			{"appName": "문피아", "usage": 16},
			{"appName": "Walkr", "usage": 8},
			{"appName": "카카오톡", "usage": 4},
			{"appName": "TouchWiz 홈", "usage": 4},
			{"appName": "10000!", "usage": 4},
			{"appName": "밥대생", "usage": 2},
			{"appName": "T전화", "usage": 1},
			{"appName": "Chrome", "usage": 1},
		],
		"keys": [
			{"hour": "0", "usage": 0},
			{"hour": "1", "usage": 0},
			{"hour": "2", "usage": 0},
			{"hour": "3", "usage": 0},
			{"hour": "4", "usage": 0},
			{"hour": "5", "usage": 0},
			{"hour": "6", "usage": 5},
			{"hour": "7", "usage": 59},
			{"hour": "8", "usage": 59},
			{"hour": "9", "usage": 59},
			{"hour": "10", "usage": 59},
			{"hour": "11", "usage": 45},
			{"hour": "12", "usage": 20},
			{"hour": "13", "usage": 0},
			{"hour": "14", "usage": 0},
			{"hour": "15", "usage": 0},
			{"hour": "16", "usage": 0},
			{"hour": "17", "usage": 0},
			{"hour": "18", "usage": 0},
			{"hour": "19", "usage": 0},
			{"hour": "20", "usage": 0},
			{"hour": "21", "usage": 0},
			{"hour": "22", "usage": 0},
			{"hour": "23", "usage": 0},
		]
	},
]
