[
	{
		"date": 1,
		"totalTime": 270,
		"details": [
			{"appName": "카카오톡", "usage": 65},
			{"appName": "Facebook", "usage": 32},
			{"appName": "Samsung Experience 홈", "usage": 24},
			{"appName": "에이블리", "usage": 17},
			{"appName": "지그재그", "usage": 15},
			{"appName": "YouTube", "usage": 14},
			{"appName": "Instagram", "usage": 13},
			{"appName": "Polar Beat", "usage": 12},
			{"appName": "지니 뮤직", "usage": 9},
			{"appName": "Paco", "usage": 8},
			{"appName": "드라이브", "usage": 6},
			{"appName": "갤러리", "usage": 6},
			{"appName": "전화", "usage": 5},
			{"appName": "Chrome", "usage": 5},
			{"appName": "Samsung Notes", "usage": 4},
			{"appName": "메시지", "usage": 3},
			{"appName": "NAVER", "usage": 3},
			{"appName": "KLMS", "usage": 3},
			{"appName": "캘린더", "usage": 2},
			{"appName": "쿠팡", "usage": 1},
			{"appName": "카카오뱅크", "usage": 1},
			{"appName": "시계", "usage": 1},
			{"appName": "네이버 지도", "usage": 1},
			{"appName": "날씨", "usage": 1},
			{"appName": "Logger", "usage": 1},
		],
		"keys": [
			{"hour": "0", "usage": 0},
			{"hour": "1", "usage": 1},
			{"hour": "2", "usage": 36},
			{"hour": "3", "usage": 18},
			{"hour": "4", "usage": 29},
			{"hour": "5", "usage": 30},
			{"hour": "6", "usage": 16},
			{"hour": "7", "usage": 3},
			{"hour": "8", "usage": 3},
			{"hour": "9", "usage": 19},
			{"hour": "10", "usage": 9},
			{"hour": "11", "usage": 9},
			{"hour": "12", "usage": 20},
			{"hour": "13", "usage": 0},
			{"hour": "14", "usage": 8},
			{"hour": "15", "usage": 9},
			{"hour": "16", "usage": 47},
			{"hour": "17", "usage": 0},
			{"hour": "18", "usage": 0},
			{"hour": "19", "usage": 0},
			{"hour": "20", "usage": 0},
			{"hour": "21", "usage": 0},
			{"hour": "22", "usage": 0},
			{"hour": "23", "usage": 5},
		]
	},
	{
		"date": 2,
		"totalTime": 326,
		"details": [
			{"appName": "YouTube", "usage": 103},
			{"appName": "카카오톡", "usage": 62},
			{"appName": "Facebook", "usage": 52},
			{"appName": "Samsung Experience 홈", "usage": 20},
			{"appName": "Instagram", "usage": 17},
			{"appName": "네이버 웹툰", "usage": 15},
			{"appName": "Kahoot!", "usage": 10},
			{"appName": "NAVER", "usage": 7},
			{"appName": "Paco", "usage": 6},
			{"appName": "지니 뮤직", "usage": 5},
			{"appName": "캘린더", "usage": 4},
			{"appName": "메시지", "usage": 3},
			{"appName": "KAIST Library", "usage": 2},
			{"appName": "전화", "usage": 1},
			{"appName": "시계", "usage": 1},
			{"appName": "Polar Beat", "usage": 1},
			{"appName": "KLMS", "usage": 1},
			{"appName": "Chrome", "usage": 1},
		],
		"keys": [
			{"hour": "0", "usage": 0},
			{"hour": "1", "usage": 16},
			{"hour": "2", "usage": 14},
			{"hour": "3", "usage": 21},
			{"hour": "4", "usage": 11},
			{"hour": "5", "usage": 15},
			{"hour": "6", "usage": 19},
			{"hour": "7", "usage": 6},
			{"hour": "8", "usage": 13},
			{"hour": "9", "usage": 10},
			{"hour": "10", "usage": 5},
			{"hour": "11", "usage": 13},
			{"hour": "12", "usage": 22},
			{"hour": "13", "usage": 60},
			{"hour": "14", "usage": 25},
			{"hour": "15", "usage": 4},
			{"hour": "16", "usage": 9},
			{"hour": "17", "usage": 50},
			{"hour": "18", "usage": 4},
			{"hour": "19", "usage": 0},
			{"hour": "20", "usage": 0},
			{"hour": "21", "usage": 0},
			{"hour": "22", "usage": 0},
			{"hour": "23", "usage": 0},
		]
	},
	{
		"date": 3,
		"totalTime": 278,
		"details": [
			{"appName": "카카오톡", "usage": 117},
			{"appName": "Facebook", "usage": 73},
			{"appName": "Samsung Experience 홈", "usage": 19},
			{"appName": "Instagram", "usage": 19},
			{"appName": "계산기", "usage": 7},
			{"appName": "Paco", "usage": 7},
			{"appName": "Chrome", "usage": 7},
			{"appName": "지니 뮤직", "usage": 5},
			{"appName": "NAVER", "usage": 3},
			{"appName": "전화", "usage": 2},
			{"appName": "YouTube", "usage": 2},
			{"appName": "KAIST	Portal", "usage": 2},
			{"appName": "설정", "usage": 1},
			{"appName": "날씨", "usage": 1},
			{"appName": "Samsung Pay", "usage": 1},
		],
		"keys": [
			{"hour": "0", "usage": 5},
			{"hour": "1", "usage": 1},
			{"hour": "2", "usage": 27},
			{"hour": "3", "usage": 12},
			{"hour": "4", "usage": 31},
			{"hour": "5", "usage": 26},
			{"hour": "6", "usage": 28},
			{"hour": "7", "usage": 8},
			{"hour": "8", "usage": 11},
			{"hour": "9", "usage": 16},
			{"hour": "10", "usage": 10},
			{"hour": "11", "usage": 43},
			{"hour": "12", "usage": 6},
			{"hour": "13", "usage": 15},
			{"hour": "14", "usage": 8},
			{"hour": "15", "usage": 2},
			{"hour": "16", "usage": 13},
			{"hour": "17", "usage": 3},
			{"hour": "18", "usage": 3},
			{"hour": "19", "usage": 0},
			{"hour": "20", "usage": 0},
			{"hour": "21", "usage": 0},
			{"hour": "22", "usage": 0},
			{"hour": "23", "usage": 0},
		]
	},
	{
		"date": 4,
		"totalTime": 601,
		"details": [
			{"appName": "Facebook", "usage": 155},
			{"appName": "카카오톡", "usage": 100},
			{"appName": "YouTube", "usage": 88},
			{"appName": "Netflix", "usage": 81},
			{"appName": "Instagram", "usage": 47},
			{"appName": "네이버 웹툰", "usage": 27},
			{"appName": "Chrome", "usage": 16},
			{"appName": "NAVER", "usage": 15},
			{"appName": "Samsung Experience 홈", "usage": 14},
			{"appName": "한컴오피스 viewer", "usage": 9},
			{"appName": "고속버스 모바일", "usage": 8},
			{"appName": "지니 뮤직", "usage": 5},
			{"appName": "네이버 지도", "usage": 5},
			{"appName": "Paco", "usage": 4},
			{"appName": "Polar Beat", "usage": 3},
			{"appName": "시스템 UI", "usage": 2},
			{"appName": "핑크다이어리", "usage": 1},
			{"appName": "캘린더", "usage": 1},
			{"appName": "전화", "usage": 1},
			{"appName": "원터치알림", "usage": 1},
			{"appName": "에어비앤비", "usage": 1},
			{"appName": "시외버스	모바일", "usage": 1},
			{"appName": "KLMS", "usage": 1},
		],
		"keys": [
			{"hour": "0", "usage": 0},
			{"hour": "1", "usage": 0},
			{"hour": "2", "usage": 32},
			{"hour": "3", "usage": 17},
			{"hour": "4", "usage": 16},
			{"hour": "5", "usage": 14},
			{"hour": "6", "usage": 9},
			{"hour": "7", "usage": 16},
			{"hour": "8", "usage": 55},
			{"hour": "9", "usage": 59},
			{"hour": "10", "usage": 42},
			{"hour": "11", "usage": 45},
			{"hour": "12", "usage": 57},
			{"hour": "13", "usage": 59},
			{"hour": "14", "usage": 59},
			{"hour": "15", "usage": 59},
			{"hour": "16", "usage": 54},
			{"hour": "17", "usage": 0},
			{"hour": "18", "usage": 0},
			{"hour": "19", "usage": 0},
			{"hour": "20", "usage": 0},
			{"hour": "21", "usage": 0},
			{"hour": "22", "usage": 0},
			{"hour": "23", "usage": 0},
		]
	},
	{
		"date": 5,
		"totalTime": 247,
		"details": [
			{"appName": "Instagram", "usage": 52},
			{"appName": "카카오톡", "usage": 47},
			{"appName": "B612", "usage": 37},
			{"appName": "네이버 지도", "usage": 21},
			{"appName": "Samsung Experience 홈", "usage": 20},
			{"appName": "야놀자", "usage": 16},
			{"appName": "갤러리", "usage": 10},
			{"appName": "Paco", "usage": 6},
			{"appName": "Foodie", "usage": 6},
			{"appName": "Facebook", "usage": 5},
			{"appName": "전화", "usage": 3},
			{"appName": "NAVER", "usage": 3},
			{"appName": "토스", "usage": 2},
			{"appName": "카카오 T", "usage": 2},
			{"appName": "설정", "usage": 2},
			{"appName": "카메라", "usage": 1},
			{"appName": "고속버스 모바일", "usage": 1},
		],
		"keys": [
			{"hour": "0", "usage": 0},
			{"hour": "1", "usage": 10},
			{"hour": "2", "usage": 26},
			{"hour": "3", "usage": 25},
			{"hour": "4", "usage": 15},
			{"hour": "5", "usage": 13},
			{"hour": "6", "usage": 12},
			{"hour": "7", "usage": 38},
			{"hour": "8", "usage": 19},
			{"hour": "9", "usage": 10},
			{"hour": "10", "usage": 25},
			{"hour": "11", "usage": 17},
			{"hour": "12", "usage": 8},
			{"hour": "13", "usage": 8},
			{"hour": "14", "usage": 4},
			{"hour": "15", "usage": 8},
			{"hour": "16", "usage": 2},
			{"hour": "17", "usage": 0},
			{"hour": "18", "usage": 0},
			{"hour": "19", "usage": 0},
			{"hour": "20", "usage": 0},
			{"hour": "21", "usage": 0},
			{"hour": "22", "usage": 0},
			{"hour": "23", "usage": 0},
		]
	},
	{
		"date": 6,
		"totalTime": 924,
		"details": [
			{"appName": "네이버 웹툰", "usage": 567},
			{"appName": "YouTube", "usage": 134},
			{"appName": "카카오톡", "usage": 60},
			{"appName": "Facebook", "usage": 41},
			{"appName": "Instagram", "usage": 38},
			{"appName": "Chrome", "usage": 21},
			{"appName": "갤러리", "usage": 19},
			{"appName": "내 파일", "usage": 6},
			{"appName": "Samsung Experience 홈", "usage": 6},
			{"appName": "B612", "usage": 6},
			{"appName": "네이버 지도", "usage": 5},
			{"appName": "지니 뮤직", "usage": 2},
			{"appName": "원터치알림", "usage": 2},
			{"appName": "Paco", "usage": 2},
			{"appName": "Foodie", "usage": 2},
		],
		"keys": [
			{"hour": "0", "usage": 0},
			{"hour": "1", "usage": 0},
			{"hour": "2", "usage": 1},
			{"hour": "3", "usage": 22},
			{"hour": "4", "usage": 23},
			{"hour": "5", "usage": 31},
			{"hour": "6", "usage": 7},
			{"hour": "7", "usage": 0},
			{"hour": "8", "usage": 20},
			{"hour": "9", "usage": 15},
			{"hour": "10", "usage": 38},
			{"hour": "11", "usage": 59},
			{"hour": "12", "usage": 59},
			{"hour": "13", "usage": 59},
			{"hour": "14", "usage": 59},
			{"hour": "15", "usage": 59},
			{"hour": "16", "usage": 59},
			{"hour": "17", "usage": 59},
			{"hour": "18", "usage": 59},
			{"hour": "19", "usage": 59},
			{"hour": "20", "usage": 59},
			{"hour": "21", "usage": 59},
			{"hour": "22", "usage": 59},
			{"hour": "23", "usage": 47},
		]
	},
	{
		"date": 7,
		"totalTime": 861,
		"details": [
			{"appName": "Facebook", "usage": 700},
			{"appName": "카카오톡", "usage": 31},
			{"appName": "YouTube", "usage": 25},
			{"appName": "Chrome", "usage": 24},
			{"appName": "Instagram", "usage": 22},
			{"appName": "NAVER", "usage": 19},
			{"appName": "Samsung Experience 홈", "usage": 7},
			{"appName": "네이버 웹툰", "usage": 6},
			{"appName": "Skyscanner", "usage": 5},
			{"appName": "갤러리", "usage": 3},
			{"appName": "MangoPlate", "usage": 3},
			{"appName": "네이버 지도", "usage": 2},
			{"appName": "Polar Beat", "usage": 2},
			{"appName": "연락처", "usage": 1},
			{"appName": "Paco", "usage": 1},
		],
		"keys": [
			{"hour": "0", "usage": 0},
			{"hour": "1", "usage": 0},
			{"hour": "2", "usage": 0},
			{"hour": "3", "usage": 0},
			{"hour": "4", "usage": 0},
			{"hour": "5", "usage": 0},
			{"hour": "6", "usage": 0},
			{"hour": "7", "usage": 14},
			{"hour": "8", "usage": 34},
			{"hour": "9", "usage": 16},
			{"hour": "10", "usage": 43},
			{"hour": "11", "usage": 59},
			{"hour": "12", "usage": 28},
			{"hour": "13", "usage": 0},
			{"hour": "14", "usage": 0},
			{"hour": "15", "usage": 0},
			{"hour": "16", "usage": 0},
			{"hour": "17", "usage": 0},
			{"hour": "18", "usage": 0},
			{"hour": "19", "usage": 0},
			{"hour": "20", "usage": 0},
			{"hour": "21", "usage": 0},
			{"hour": "22", "usage": 0},
			{"hour": "23", "usage": 0},
		]
	},
]
