[
	{
		"date": 1,
		"totalTime": 316,
		"details": [
			{"appName": "Chrome", "usage": 91},
			{"appName": "YouTube", "usage": 82},
			{"appName": "Facebook", "usage": 52},
			{"appName": "카카오톡", "usage": 21},
			{"appName": "Microsoft Launcher", "usage": 19},
			{"appName": "FatSecret", "usage": 11},
			{"appName": "Paco", "usage": 7},
			{"appName": "드라이브", "usage": 5},
			{"appName": "Instagram", "usage": 5},
			{"appName": "네이버 캘린더", "usage": 3},
			{"appName": "Polar Beat", "usage": 3},
			{"appName": "프레젠테이션", "usage": 1},
			{"appName": "얼리버드 알람", "usage": 1},
			{"appName": "갤러리", "usage": 1},
			{"appName": "KLMS", "usage": 1},
		],
		"keys": [
			{"hour": "0", "usage": 1},
			{"hour": "1", "usage": 3},
			{"hour": "2", "usage": 4},
			{"hour": "3", "usage": 25},
			{"hour": "4", "usage": 18},
			{"hour": "5", "usage": 36},
			{"hour": "6", "usage": 1},
			{"hour": "7", "usage": 8},
			{"hour": "8", "usage": 46},
			{"hour": "9", "usage": 23},
			{"hour": "10", "usage": 2},
			{"hour": "11", "usage": 4},
			{"hour": "12", "usage": 3},
			{"hour": "13", "usage": 0},
			{"hour": "14", "usage": 3},
			{"hour": "15", "usage": 16},
			{"hour": "16", "usage": 32},
			{"hour": "17", "usage": 51},
			{"hour": "18", "usage": 30},
			{"hour": "19", "usage": 0},
			{"hour": "20", "usage": 0},
			{"hour": "21", "usage": 0},
			{"hour": "22", "usage": 0},
			{"hour": "23", "usage": 1},
		]
	},
	{
		"date": 2,
		"totalTime": 411,
		"details": [
			{"appName": "YouTube", "usage": 108},
			{"appName": "Chrome", "usage": 94},
			{"appName": "Facebook", "usage": 59},
			{"appName": "얼리버드 알람", "usage": 39},
			{"appName": "카카오톡", "usage": 31},
			{"appName": "Microsoft Band", "usage": 15},
			{"appName": "Microsoft Launcher", "usage": 14},
			{"appName": "CGV", "usage": 9},
			{"appName": "Paco", "usage": 7},
			{"appName": "프레젠테이션", "usage": 3},
			{"appName": "지도", "usage": 3},
			{"appName": "똑똑가계부", "usage": 3},
			{"appName": "네이버 캘린더", "usage": 3},
			{"appName": "Q메모+", "usage": 2},
			{"appName": "Polar Beat", "usage": 2},
			{"appName": "FatSecret", "usage": 2},
			{"appName": "통화 화면", "usage": 1},
			{"appName": "토스", "usage": 1},
			{"appName": "KLMS", "usage": 1},
			{"appName": "Instagram", "usage": 1},
		],
		"keys": [
			{"hour": "0", "usage": 1},
			{"hour": "1", "usage": 9},
			{"hour": "2", "usage": 55},
			{"hour": "3", "usage": 31},
			{"hour": "4", "usage": 37},
			{"hour": "5", "usage": 7},
			{"hour": "6", "usage": 4},
			{"hour": "7", "usage": 17},
			{"hour": "8", "usage": 8},
			{"hour": "9", "usage": 9},
			{"hour": "10", "usage": 11},
			{"hour": "11", "usage": 31},
			{"hour": "12", "usage": 21},
			{"hour": "13", "usage": 1},
			{"hour": "14", "usage": 0},
			{"hour": "15", "usage": 28},
			{"hour": "16", "usage": 59},
			{"hour": "17", "usage": 43},
			{"hour": "18", "usage": 17},
			{"hour": "19", "usage": 3},
			{"hour": "20", "usage": 0},
			{"hour": "21", "usage": 5},
			{"hour": "22", "usage": 3},
			{"hour": "23", "usage": 0},
		]
	},
	{
		"date": 3,
		"totalTime": 371,
		"details": [
			{"appName": "카카오톡", "usage": 123},
			{"appName": "Facebook", "usage": 105},
			{"appName": "YouTube", "usage": 32},
			{"appName": "Microsoft Launcher", "usage": 24},
			{"appName": "BAND", "usage": 21},
			{"appName": "Chrome", "usage": 20},
			{"appName": "네이버 캘린더", "usage": 11},
			{"appName": "Paco", "usage": 10},
			{"appName": "Q메모+", "usage": 6},
			{"appName": "InBody", "usage": 6},
			{"appName": "Instagram", "usage": 2},
			{"appName": "스프레드시트", "usage": 1},
			{"appName": "FatSecret", "usage": 1},
		],
		"keys": [
			{"hour": "0", "usage": 0},
			{"hour": "1", "usage": 24},
			{"hour": "2", "usage": 0},
			{"hour": "3", "usage": 10},
			{"hour": "4", "usage": 20},
			{"hour": "5", "usage": 48},
			{"hour": "6", "usage": 44},
			{"hour": "7", "usage": 49},
			{"hour": "8", "usage": 18},
			{"hour": "9", "usage": 29},
			{"hour": "10", "usage": 43},
			{"hour": "11", "usage": 35},
			{"hour": "12", "usage": 5},
			{"hour": "13", "usage": 5},
			{"hour": "14", "usage": 9},
			{"hour": "15", "usage": 7},
			{"hour": "16", "usage": 0},
			{"hour": "17", "usage": 3},
			{"hour": "18", "usage": 14},
			{"hour": "19", "usage": 0},
			{"hour": "20", "usage": 0},
			{"hour": "21", "usage": 0},
			{"hour": "22", "usage": 0},
			{"hour": "23", "usage": 0},
		]
	},
	{
		"date": 4,
		"totalTime": 1103,
		"details": [
			{"appName": "FatSecret", "usage": 556},
			{"appName": "YouTube", "usage": 136},
			{"appName": "카카오톡", "usage": 125},
			{"appName": "Chrome", "usage": 72},
			{"appName": "Facebook", "usage": 68},
			{"appName": "Microsoft Launcher", "usage": 50},
			{"appName": "Netflix", "usage": 30},
			{"appName": "카메라", "usage": 11},
			{"appName": "카카오 T", "usage": 9},
			{"appName": "갤러리", "usage": 8},
			{"appName": "Paco", "usage": 8},
			{"appName": "통화 화면", "usage": 6},
			{"appName": "Instagram", "usage": 4},
			{"appName": "원터치개인", "usage": 3},
			{"appName": "시외버스	모바일", "usage": 3},
			{"appName": "시스템 UI", "usage": 1},
			{"appName": "네이버 캘린더", "usage": 1},
		],
		"keys": [
			{"hour": "0", "usage": 11},
			{"hour": "1", "usage": 33},
			{"hour": "2", "usage": 42},
			{"hour": "3", "usage": 27},
			{"hour": "4", "usage": 35},
			{"hour": "5", "usage": 57},
			{"hour": "6", "usage": 52},
			{"hour": "7", "usage": 19},
			{"hour": "8", "usage": 33},
			{"hour": "9", "usage": 20},
			{"hour": "10", "usage": 24},
			{"hour": "11", "usage": 22},
			{"hour": "12", "usage": 50},
			{"hour": "13", "usage": 55},
			{"hour": "14", "usage": 9},
			{"hour": "15", "usage": 20},
			{"hour": "16", "usage": 1},
			{"hour": "17", "usage": 0},
			{"hour": "18", "usage": 0},
			{"hour": "19", "usage": 0},
			{"hour": "20", "usage": 0},
			{"hour": "21", "usage": 0},
			{"hour": "22", "usage": 12},
			{"hour": "23", "usage": 16},
		]
	},
	{
		"date": 5,
		"totalTime": 203,
		"details": [
			{"appName": "YouTube", "usage": 59},
			{"appName": "Chrome", "usage": 30},
			{"appName": "카카오톡", "usage": 27},
			{"appName": "Netflix", "usage": 27},
			{"appName": "Facebook", "usage": 15},
			{"appName": "Microsoft Launcher", "usage": 14},
			{"appName": "카메라", "usage": 6},
			{"appName": "원터치개인", "usage": 4},
			{"appName": "토스", "usage": 3},
			{"appName": "Paco", "usage": 3},
			{"appName": "시외버스	모바일", "usage": 2},
			{"appName": "통화 화면", "usage": 1},
			{"appName": "시스템 UI", "usage": 1},
			{"appName": "Instagram", "usage": 1},
			{"appName": "Citymapper", "usage": 1},
		],
		"keys": [
			{"hour": "0", "usage": 41},
			{"hour": "1", "usage": 28},
			{"hour": "2", "usage": 18},
			{"hour": "3", "usage": 26},
			{"hour": "4", "usage": 16},
			{"hour": "5", "usage": 56},
			{"hour": "6", "usage": 0},
			{"hour": "7", "usage": 0},
			{"hour": "8", "usage": 10},
			{"hour": "9", "usage": 5},
			{"hour": "10", "usage": 0},
			{"hour": "11", "usage": 0},
			{"hour": "12", "usage": 0},
			{"hour": "13", "usage": 0},
			{"hour": "14", "usage": 0},
			{"hour": "15", "usage": 0},
			{"hour": "16", "usage": 0},
			{"hour": "17", "usage": 0},
			{"hour": "18", "usage": 0},
			{"hour": "19", "usage": 0},
			{"hour": "20", "usage": 0},
			{"hour": "21", "usage": 0},
			{"hour": "22", "usage": 0},
			{"hour": "23", "usage": 0},
		]
	},
	{
		"date": 6,
		"totalTime": 0,
		"details": [
		],
		"keys": [
			{"hour": "0", "usage": 0},
			{"hour": "1", "usage": 0},
			{"hour": "2", "usage": 0},
			{"hour": "3", "usage": 0},
			{"hour": "4", "usage": 0},
			{"hour": "5", "usage": 0},
			{"hour": "6", "usage": 0},
			{"hour": "7", "usage": 0},
			{"hour": "8", "usage": 0},
			{"hour": "9", "usage": 0},
			{"hour": "10", "usage": 0},
			{"hour": "11", "usage": 0},
			{"hour": "12", "usage": 0},
			{"hour": "13", "usage": 0},
			{"hour": "14", "usage": 0},
			{"hour": "15", "usage": 0},
			{"hour": "16", "usage": 0},
			{"hour": "17", "usage": 0},
			{"hour": "18", "usage": 0},
			{"hour": "19", "usage": 0},
			{"hour": "20", "usage": 0},
			{"hour": "21", "usage": 0},
			{"hour": "22", "usage": 0},
			{"hour": "23", "usage": 0},
		]
	},
	{
		"date": 7,
		"totalTime": 0,
		"details": [
		],
		"keys": [
			{"hour": "0", "usage": 0},
			{"hour": "1", "usage": 0},
			{"hour": "2", "usage": 0},
			{"hour": "3", "usage": 0},
			{"hour": "4", "usage": 0},
			{"hour": "5", "usage": 0},
			{"hour": "6", "usage": 0},
			{"hour": "7", "usage": 0},
			{"hour": "8", "usage": 0},
			{"hour": "9", "usage": 0},
			{"hour": "10", "usage": 0},
			{"hour": "11", "usage": 0},
			{"hour": "12", "usage": 0},
			{"hour": "13", "usage": 0},
			{"hour": "14", "usage": 0},
			{"hour": "15", "usage": 0},
			{"hour": "16", "usage": 0},
			{"hour": "17", "usage": 0},
			{"hour": "18", "usage": 0},
			{"hour": "19", "usage": 0},
			{"hour": "20", "usage": 0},
			{"hour": "21", "usage": 0},
			{"hour": "22", "usage": 0},
			{"hour": "23", "usage": 0},
		]
	},
]
