[
	{
		"date": 1,
		"totalTime": 172,
		"details": [
			{"appName": "YouTube", "usage": 50},
			{"appName": "카카오톡", "usage": 19},
			{"appName": "Facebook", "usage": 19},
			{"appName": "Samsung Experience 홈", "usage": 14},
			{"appName": "메시지", "usage": 12},
			{"appName": "Paco", "usage": 9},
			{"appName": "Instagram", "usage": 9},
			{"appName": "설정", "usage": 5},
			{"appName": "네이버 웹툰", "usage": 5},
			{"appName": "올원뱅크", "usage": 4},
			{"appName": "시계", "usage": 4},
			{"appName": "KLMS", "usage": 3},
			{"appName": "한컴오피스 viewer", "usage": 2},
			{"appName": "Polar Beat", "usage": 2},
			{"appName": "CLASSUM", "usage": 2},
			{"appName": "프레젠테이션", "usage": 1},
			{"appName": "통화", "usage": 1},
			{"appName": "삼성 인터넷", "usage": 1},
		],
		"keys": [
			{"hour": "0", "usage": 27},
			{"hour": "1", "usage": 10},
			{"hour": "2", "usage": 19},
			{"hour": "3", "usage": 18},
			{"hour": "4", "usage": 0},
			{"hour": "5", "usage": 6},
			{"hour": "6", "usage": 3},
			{"hour": "7", "usage": 8},
			{"hour": "8", "usage": 18},
			{"hour": "9", "usage": 12},
			{"hour": "10", "usage": 27},
			{"hour": "11", "usage": 1},
			{"hour": "12", "usage": 3},
			{"hour": "13", "usage": 0},
			{"hour": "14", "usage": 1},
			{"hour": "15", "usage": 1},
			{"hour": "16", "usage": 0},
			{"hour": "17", "usage": 1},
			{"hour": "18", "usage": 0},
			{"hour": "19", "usage": 0},
			{"hour": "20", "usage": 0},
			{"hour": "21", "usage": 0},
			{"hour": "22", "usage": 0},
			{"hour": "23", "usage": 9},
		]
	},
	{
		"date": 2,
		"totalTime": 422,
		"details": [
			{"appName": "타이젬 바둑", "usage": 112},
			{"appName": "YouTube", "usage": 94},
			{"appName": "클래시 로얄", "usage": 53},
			{"appName": "카카오톡", "usage": 40},
			{"appName": "통화", "usage": 21},
			{"appName": "Facebook", "usage": 21},
			{"appName": "Samsung Experience 홈", "usage": 19},
			{"appName": "KLMS", "usage": 9},
			{"appName": "한컴오피스 viewer", "usage": 8},
			{"appName": "메시지", "usage": 7},
			{"appName": "Instagram", "usage": 6},
			{"appName": "삼성 인터넷", "usage": 5},
			{"appName": "Paco", "usage": 4},
			{"appName": "설정", "usage": 1},
			{"appName": "다음웹툰", "usage": 1},
			{"appName": "네이버 웹툰", "usage": 1},
			{"appName": "갤러리", "usage": 1},
			{"appName": "Polar Beat", "usage": 1},
			{"appName": "Microsoft Health", "usage": 1},
			{"appName": "CLASSUM", "usage": 1},
		],
		"keys": [
			{"hour": "0", "usage": 41},
			{"hour": "1", "usage": 42},
			{"hour": "2", "usage": 36},
			{"hour": "3", "usage": 4},
			{"hour": "4", "usage": 5},
			{"hour": "5", "usage": 25},
			{"hour": "6", "usage": 40},
			{"hour": "7", "usage": 9},
			{"hour": "8", "usage": 2},
			{"hour": "9", "usage": 21},
			{"hour": "10", "usage": 5},
			{"hour": "11", "usage": 26},
			{"hour": "12", "usage": 53},
			{"hour": "13", "usage": 22},
			{"hour": "14", "usage": 10},
			{"hour": "15", "usage": 59},
			{"hour": "16", "usage": 15},
			{"hour": "17", "usage": 0},
			{"hour": "18", "usage": 0},
			{"hour": "19", "usage": 0},
			{"hour": "20", "usage": 0},
			{"hour": "21", "usage": 0},
			{"hour": "22", "usage": 0},
			{"hour": "23", "usage": 0},
		]
	},
	{
		"date": 3,
		"totalTime": 228,
		"details": [
			{"appName": "카카오톡", "usage": 136},
			{"appName": "YouTube", "usage": 23},
			{"appName": "Facebook", "usage": 19},
			{"appName": "Samsung Experience 홈", "usage": 13},
			{"appName": "삼성 인터넷", "usage": 5},
			{"appName": "네이버 웹툰", "usage": 4},
			{"appName": "Paco", "usage": 4},
			{"appName": "Instagram", "usage": 4},
			{"appName": "통화", "usage": 3},
			{"appName": "캘린더", "usage": 3},
			{"appName": "올원뱅크", "usage": 1},
			{"appName": "시계", "usage": 1},
			{"appName": "메시지", "usage": 1},
			{"appName": "다음웹툰", "usage": 1},
			{"appName": "KLMS", "usage": 1},
		],
		"keys": [
			{"hour": "0", "usage": 29},
			{"hour": "1", "usage": 31},
			{"hour": "2", "usage": 57},
			{"hour": "3", "usage": 11},
			{"hour": "4", "usage": 0},
			{"hour": "5", "usage": 12},
			{"hour": "6", "usage": 1},
			{"hour": "7", "usage": 2},
			{"hour": "8", "usage": 14},
			{"hour": "9", "usage": 14},
			{"hour": "10", "usage": 3},
			{"hour": "11", "usage": 0},
			{"hour": "12", "usage": 1},
			{"hour": "13", "usage": 0},
			{"hour": "14", "usage": 17},
			{"hour": "15", "usage": 0},
			{"hour": "16", "usage": 6},
			{"hour": "17", "usage": 7},
			{"hour": "18", "usage": 0},
			{"hour": "19", "usage": 0},
			{"hour": "20", "usage": 0},
			{"hour": "21", "usage": 0},
			{"hour": "22", "usage": 15},
			{"hour": "23", "usage": 0},
		]
	},
	{
		"date": 4,
		"totalTime": 231,
		"details": [
			{"appName": "타이젬 바둑", "usage": 43},
			{"appName": "카카오톡", "usage": 38},
			{"appName": "YouTube", "usage": 17},
			{"appName": "Facebook", "usage": 16},
			{"appName": "네이버 지도", "usage": 14},
			{"appName": "Samsung Experience 홈", "usage": 14},
			{"appName": "Instagram", "usage": 13},
			{"appName": "빅스비 보이스", "usage": 10},
			{"appName": "캘린더", "usage": 8},
			{"appName": "메시지", "usage": 8},
			{"appName": "삼성 인터넷", "usage": 6},
			{"appName": "올원뱅크", "usage": 4},
			{"appName": "네이버 웹툰", "usage": 4},
			{"appName": "Paco", "usage": 4},
			{"appName": "T world", "usage": 3},
			{"appName": "Polar Beat", "usage": 3},
			{"appName": "카카오 T", "usage": 2},
			{"appName": "리브", "usage": 2},
			{"appName": "B612", "usage": 2},
			{"appName": "한컴오피스 viewer", "usage": 1},
			{"appName": "통화", "usage": 1},
			{"appName": "설정", "usage": 1},
			{"appName": "Logger", "usage": 1},
		],
		"keys": [
			{"hour": "0", "usage": 6},
			{"hour": "1", "usage": 55},
			{"hour": "2", "usage": 36},
			{"hour": "3", "usage": 10},
			{"hour": "4", "usage": 1},
			{"hour": "5", "usage": 0},
			{"hour": "6", "usage": 30},
			{"hour": "7", "usage": 15},
			{"hour": "8", "usage": 1},
			{"hour": "9", "usage": 5},
			{"hour": "10", "usage": 2},
			{"hour": "11", "usage": 4},
			{"hour": "12", "usage": 24},
			{"hour": "13", "usage": 1},
			{"hour": "14", "usage": 13},
			{"hour": "15", "usage": 6},
			{"hour": "16", "usage": 15},
			{"hour": "17", "usage": 0},
			{"hour": "18", "usage": 0},
			{"hour": "19", "usage": 0},
			{"hour": "20", "usage": 0},
			{"hour": "21", "usage": 0},
			{"hour": "22", "usage": 0},
			{"hour": "23", "usage": 0},
		]
	},
	{
		"date": 5,
		"totalTime": 324,
		"details": [
			{"appName": "YouTube", "usage": 93},
			{"appName": "삼성 인터넷", "usage": 74},
			{"appName": "Facebook", "usage": 33},
			{"appName": "클래시 로얄", "usage": 29},
			{"appName": "카카오톡", "usage": 14},
			{"appName": "Instagram", "usage": 13},
			{"appName": "Samsung Experience 홈", "usage": 12},
			{"appName": "시계", "usage": 11},
			{"appName": "메시지", "usage": 11},
			{"appName": "Polar Beat", "usage": 8},
			{"appName": "네이버 웹툰", "usage": 4},
			{"appName": "Paco", "usage": 4},
			{"appName": "카카오 T", "usage": 2},
			{"appName": "올원뱅크", "usage": 2},
			{"appName": "CLASSUM", "usage": 2},
			{"appName": "통화", "usage": 1},
		],
		"keys": [
			{"hour": "0", "usage": 13},
			{"hour": "1", "usage": 30},
			{"hour": "2", "usage": 20},
			{"hour": "3", "usage": 13},
			{"hour": "4", "usage": 45},
			{"hour": "5", "usage": 26},
			{"hour": "6", "usage": 0},
			{"hour": "7", "usage": 45},
			{"hour": "8", "usage": 16},
			{"hour": "9", "usage": 1},
			{"hour": "10", "usage": 5},
			{"hour": "11", "usage": 4},
			{"hour": "12", "usage": 21},
			{"hour": "13", "usage": 48},
			{"hour": "14", "usage": 0},
			{"hour": "15", "usage": 4},
			{"hour": "16", "usage": 0},
			{"hour": "17", "usage": 0},
			{"hour": "18", "usage": 0},
			{"hour": "19", "usage": 0},
			{"hour": "20", "usage": 0},
			{"hour": "21", "usage": 0},
			{"hour": "22", "usage": 9},
			{"hour": "23", "usage": 17},
		]
	},
	{
		"date": 6,
		"totalTime": 174,
		"details": [
			{"appName": "카카오톡", "usage": 64},
			{"appName": "Facebook", "usage": 23},
			{"appName": "Samsung Experience 홈", "usage": 16},
			{"appName": "통화", "usage": 9},
			{"appName": "삼성 인터넷", "usage": 8},
			{"appName": "Dropsync", "usage": 8},
			{"appName": "설정", "usage": 7},
			{"appName": "네이버 지도", "usage": 6},
			{"appName": "전화", "usage": 5},
			{"appName": "Instagram", "usage": 5},
			{"appName": "Paco", "usage": 4},
			{"appName": "카카오버스", "usage": 2},
			{"appName": "올원뱅크", "usage": 2},
			{"appName": "메시지", "usage": 2},
			{"appName": "시외버스	모바일", "usage": 1},
			{"appName": "Polar Beat", "usage": 1},
			{"appName": "KLMS", "usage": 1},
		],
		"keys": [
			{"hour": "0", "usage": 12},
			{"hour": "1", "usage": 0},
			{"hour": "2", "usage": 1},
			{"hour": "3", "usage": 0},
			{"hour": "4", "usage": 34},
			{"hour": "5", "usage": 1},
			{"hour": "6", "usage": 27},
			{"hour": "7", "usage": 18},
			{"hour": "8", "usage": 1},
			{"hour": "9", "usage": 5},
			{"hour": "10", "usage": 33},
			{"hour": "11", "usage": 5},
			{"hour": "12", "usage": 6},
			{"hour": "13", "usage": 2},
			{"hour": "14", "usage": 2},
			{"hour": "15", "usage": 21},
			{"hour": "16", "usage": 0},
			{"hour": "17", "usage": 0},
			{"hour": "18", "usage": 0},
			{"hour": "19", "usage": 0},
			{"hour": "20", "usage": 0},
			{"hour": "21", "usage": 0},
			{"hour": "22", "usage": 0},
			{"hour": "23", "usage": 0},
		]
	},
	{
		"date": 7,
		"totalTime": 164,
		"details": [
			{"appName": "카카오톡", "usage": 56},
			{"appName": "Facebook", "usage": 21},
			{"appName": "클래시 로얄", "usage": 18},
			{"appName": "Samsung Experience 홈", "usage": 17},
			{"appName": "YouTube", "usage": 11},
			{"appName": "삼성 인터넷", "usage": 9},
			{"appName": "Instagram", "usage": 5},
			{"appName": "올원뱅크", "usage": 4},
			{"appName": "네이버 웹툰", "usage": 3},
			{"appName": "Paco", "usage": 3},
			{"appName": "시외버스	모바일", "usage": 2},
			{"appName": "비디오 플레이어", "usage": 2},
			{"appName": "통화", "usage": 1},
			{"appName": "KLMS", "usage": 1},
		],
		"keys": [
			{"hour": "0", "usage": 0},
			{"hour": "1", "usage": 10},
			{"hour": "2", "usage": 14},
			{"hour": "3", "usage": 10},
			{"hour": "4", "usage": 7},
			{"hour": "5", "usage": 10},
			{"hour": "6", "usage": 12},
			{"hour": "7", "usage": 11},
			{"hour": "8", "usage": 2},
			{"hour": "9", "usage": 6},
			{"hour": "10", "usage": 13},
			{"hour": "11", "usage": 13},
			{"hour": "12", "usage": 15},
			{"hour": "13", "usage": 7},
			{"hour": "14", "usage": 12},
			{"hour": "15", "usage": 0},
			{"hour": "16", "usage": 13},
			{"hour": "17", "usage": 3},
			{"hour": "18", "usage": 0},
			{"hour": "19", "usage": 0},
			{"hour": "20", "usage": 0},
			{"hour": "21", "usage": 0},
			{"hour": "22", "usage": 0},
			{"hour": "23", "usage": 0},
		]
	},
]
