[
	{
		"date": 1,
		"totalTime": 86,
		"details": [
			{"appName": "MX 플레이어", "usage": 21},
			{"appName": "네이버 카페", "usage": 18},
			{"appName": "기본홈", "usage": 12},
			{"appName": "Facebook", "usage": 10},
			{"appName": "Chrome", "usage": 7},
			{"appName": "Paco", "usage": 6},
			{"appName": "Polar Beat", "usage": 2},
			{"appName": "통화 화면", "usage": 1},
			{"appName": "Gmail", "usage": 1},
		],
		"keys": [
			{"hour": "0", "usage": 9},
			{"hour": "1", "usage": 0},
			{"hour": "2", "usage": 0},
			{"hour": "3", "usage": 4},
			{"hour": "4", "usage": 1},
			{"hour": "5", "usage": 2},
			{"hour": "6", "usage": 1},
			{"hour": "7", "usage": 0},
			{"hour": "8", "usage": 2},
			{"hour": "9", "usage": 23},
			{"hour": "10", "usage": 0},
			{"hour": "11", "usage": 4},
			{"hour": "12", "usage": 0},
			{"hour": "13", "usage": 0},
			{"hour": "14", "usage": 0},
			{"hour": "15", "usage": 7},
			{"hour": "16", "usage": 10},
			{"hour": "17", "usage": 0},
			{"hour": "18", "usage": 0},
			{"hour": "19", "usage": 0},
			{"hour": "20", "usage": 0},
			{"hour": "21", "usage": 0},
			{"hour": "22", "usage": 0},
			{"hour": "23", "usage": 18},
		]
	},
	{
		"date": 2,
		"totalTime": 217,
		"details": [
			{"appName": "Chrome", "usage": 63},
			{"appName": "삼성 인터넷", "usage": 27},
			{"appName": "네이버 카페", "usage": 23},
			{"appName": "기본홈", "usage": 22},
			{"appName": "MX 플레이어", "usage": 15},
			{"appName": "당근마켓", "usage": 11},
			{"appName": "Facebook", "usage": 9},
			{"appName": "호갱노노", "usage": 6},
			{"appName": "Paco", "usage": 5},
			{"appName": "Google", "usage": 5},
			{"appName": "음악", "usage": 3},
			{"appName": "Polar Beat", "usage": 3},
			{"appName": "Gmail", "usage": 3},
			{"appName": "포토", "usage": 2},
			{"appName": "카메라", "usage": 2},
			{"appName": "Bluetooth", "usage": 2},
			{"appName": "BAND", "usage": 1},
		],
		"keys": [
			{"hour": "0", "usage": 17},
			{"hour": "1", "usage": 12},
			{"hour": "2", "usage": 9},
			{"hour": "3", "usage": 6},
			{"hour": "4", "usage": 26},
			{"hour": "5", "usage": 12},
			{"hour": "6", "usage": 2},
			{"hour": "7", "usage": 10},
			{"hour": "8", "usage": 16},
			{"hour": "9", "usage": 6},
			{"hour": "10", "usage": 0},
			{"hour": "11", "usage": 23},
			{"hour": "12", "usage": 20},
			{"hour": "13", "usage": 0},
			{"hour": "14", "usage": 9},
			{"hour": "15", "usage": 13},
			{"hour": "16", "usage": 0},
			{"hour": "17", "usage": 0},
			{"hour": "18", "usage": 0},
			{"hour": "19", "usage": 0},
			{"hour": "20", "usage": 0},
			{"hour": "21", "usage": 0},
			{"hour": "22", "usage": 6},
			{"hour": "23", "usage": 24},
		]
	},
	{
		"date": 3,
		"totalTime": 135,
		"details": [
			{"appName": "MX 플레이어", "usage": 29},
			{"appName": "기본홈", "usage": 19},
			{"appName": "네이버 카페", "usage": 16},
			{"appName": "Gmail", "usage": 13},
			{"appName": "카카오톡", "usage": 9},
			{"appName": "Chrome", "usage": 7},
			{"appName": "삼성 인터넷", "usage": 4},
			{"appName": "메시지", "usage": 4},
			{"appName": "당근마켓", "usage": 4},
			{"appName": "X-plore", "usage": 4},
			{"appName": "통화 화면", "usage": 3},
			{"appName": "주소록", "usage": 3},
			{"appName": "Paco", "usage": 3},
			{"appName": "Google", "usage": 2},
			{"appName": "포토", "usage": 1},
			{"appName": "카카오뱅크", "usage": 1},
			{"appName": "Facebook", "usage": 1},
		],
		"keys": [
			{"hour": "0", "usage": 1},
			{"hour": "1", "usage": 2},
			{"hour": "2", "usage": 0},
			{"hour": "3", "usage": 2},
			{"hour": "4", "usage": 2},
			{"hour": "5", "usage": 0},
			{"hour": "6", "usage": 0},
			{"hour": "7", "usage": 8},
			{"hour": "8", "usage": 1},
			{"hour": "9", "usage": 27},
			{"hour": "10", "usage": 9},
			{"hour": "11", "usage": 4},
			{"hour": "12", "usage": 12},
			{"hour": "13", "usage": 26},
			{"hour": "14", "usage": 5},
			{"hour": "15", "usage": 0},
			{"hour": "16", "usage": 0},
			{"hour": "17", "usage": 0},
			{"hour": "18", "usage": 0},
			{"hour": "19", "usage": 0},
			{"hour": "20", "usage": 0},
			{"hour": "21", "usage": 0},
			{"hour": "22", "usage": 8},
			{"hour": "23", "usage": 21},
		]
	},
	{
		"date": 4,
		"totalTime": 313,
		"details": [
			{"appName": "MX 플레이어", "usage": 129},
			{"appName": "T map", "usage": 33},
			{"appName": "Chrome", "usage": 29},
			{"appName": "기본홈", "usage": 22},
			{"appName": "X-plore", "usage": 15},
			{"appName": "통화 화면", "usage": 13},
			{"appName": "네이버 카페", "usage": 9},
			{"appName": "카카오톡", "usage": 8},
			{"appName": "Gmail", "usage": 8},
			{"appName": "메시지", "usage": 5},
			{"appName": "Paco", "usage": 5},
			{"appName": "Facebook", "usage": 5},
			{"appName": "호갱노노", "usage": 4},
			{"appName": "BAND", "usage": 4},
			{"appName": "주소록", "usage": 3},
			{"appName": "Google", "usage": 3},
			{"appName": "카카오뱅크", "usage": 2},
			{"appName": "Word", "usage": 2},
			{"appName": "Excel", "usage": 1},
		],
		"keys": [
			{"hour": "0", "usage": 1},
			{"hour": "1", "usage": 4},
			{"hour": "2", "usage": 39},
			{"hour": "3", "usage": 2},
			{"hour": "4", "usage": 16},
			{"hour": "5", "usage": 2},
			{"hour": "6", "usage": 9},
			{"hour": "7", "usage": 47},
			{"hour": "8", "usage": 19},
			{"hour": "9", "usage": 4},
			{"hour": "10", "usage": 0},
			{"hour": "11", "usage": 20},
			{"hour": "12", "usage": 46},
			{"hour": "13", "usage": 58},
			{"hour": "14", "usage": 9},
			{"hour": "15", "usage": 0},
			{"hour": "16", "usage": 0},
			{"hour": "17", "usage": 18},
			{"hour": "18", "usage": 0},
			{"hour": "19", "usage": 0},
			{"hour": "20", "usage": 0},
			{"hour": "21", "usage": 0},
			{"hour": "22", "usage": 0},
			{"hour": "23", "usage": 9},
		]
	},
	{
		"date": 5,
		"totalTime": 142,
		"details": [
			{"appName": "Chrome", "usage": 62},
			{"appName": "Facebook", "usage": 19},
			{"appName": "네이버 카페", "usage": 16},
			{"appName": "기본홈", "usage": 11},
			{"appName": "Paco", "usage": 5},
			{"appName": "Mi Home", "usage": 5},
			{"appName": "카메라", "usage": 3},
			{"appName": "호갱노노", "usage": 2},
			{"appName": "Polar Beat", "usage": 2},
			{"appName": "포토", "usage": 1},
			{"appName": "통화 화면", "usage": 1},
			{"appName": "카카오톡", "usage": 1},
			{"appName": "네이버 지도", "usage": 1},
			{"appName": "Google", "usage": 1},
			{"appName": "Gmail", "usage": 1},
		],
		"keys": [
			{"hour": "0", "usage": 1},
			{"hour": "1", "usage": 13},
			{"hour": "2", "usage": 9},
			{"hour": "3", "usage": 27},
			{"hour": "4", "usage": 4},
			{"hour": "5", "usage": 22},
			{"hour": "6", "usage": 2},
			{"hour": "7", "usage": 1},
			{"hour": "8", "usage": 4},
			{"hour": "9", "usage": 4},
			{"hour": "10", "usage": 12},
			{"hour": "11", "usage": 17},
			{"hour": "12", "usage": 4},
			{"hour": "13", "usage": 0},
			{"hour": "14", "usage": 0},
			{"hour": "15", "usage": 0},
			{"hour": "16", "usage": 0},
			{"hour": "17", "usage": 0},
			{"hour": "18", "usage": 0},
			{"hour": "19", "usage": 0},
			{"hour": "20", "usage": 0},
			{"hour": "21", "usage": 0},
			{"hour": "22", "usage": 0},
			{"hour": "23", "usage": 16},
		]
	},
	{
		"date": 6,
		"totalTime": 181,
		"details": [
			{"appName": "Chrome", "usage": 64},
			{"appName": "네이버 카페", "usage": 27},
			{"appName": "Facebook", "usage": 19},
			{"appName": "기본홈", "usage": 12},
			{"appName": "MX 플레이어", "usage": 11},
			{"appName": "삼성 인터넷", "usage": 9},
			{"appName": "포토", "usage": 5},
			{"appName": "Google", "usage": 5},
			{"appName": "통화 화면", "usage": 4},
			{"appName": "Paco", "usage": 4},
			{"appName": "카카오스토리", "usage": 2},
			{"appName": "카메라", "usage": 2},
			{"appName": "당근마켓", "usage": 2},
			{"appName": "YouTube", "usage": 2},
		],
		"keys": [
			{"hour": "0", "usage": 31},
			{"hour": "1", "usage": 11},
			{"hour": "2", "usage": 1},
			{"hour": "3", "usage": 6},
			{"hour": "4", "usage": 3},
			{"hour": "5", "usage": 2},
			{"hour": "6", "usage": 10},
			{"hour": "7", "usage": 16},
			{"hour": "8", "usage": 7},
			{"hour": "9", "usage": 1},
			{"hour": "10", "usage": 2},
			{"hour": "11", "usage": 17},
			{"hour": "12", "usage": 18},
			{"hour": "13", "usage": 0},
			{"hour": "14", "usage": 12},
			{"hour": "15", "usage": 0},
			{"hour": "16", "usage": 21},
			{"hour": "17", "usage": 0},
			{"hour": "18", "usage": 0},
			{"hour": "19", "usage": 0},
			{"hour": "20", "usage": 0},
			{"hour": "21", "usage": 0},
			{"hour": "22", "usage": 0},
			{"hour": "23", "usage": 15},
		]
	},
	{
		"date": 7,
		"totalTime": 1037,
		"details": [
			{"appName": "YouTube", "usage": 933},
			{"appName": "Chrome", "usage": 44},
			{"appName": "MX 플레이어", "usage": 12},
			{"appName": "네이버 카페", "usage": 10},
			{"appName": "메시지", "usage": 7},
			{"appName": "기본홈", "usage": 6},
			{"appName": "Facebook", "usage": 3},
			{"appName": "카카오뱅크", "usage": 2},
			{"appName": "Paco", "usage": 2},
			{"appName": "통화 화면", "usage": 1},
			{"appName": "당근마켓", "usage": 1},
			{"appName": "Smart Tools", "usage": 1},
			{"appName": "Mi Home", "usage": 1},
			{"appName": "Google", "usage": 1},
			{"appName": "Gmail", "usage": 1},
		],
		"keys": [
			{"hour": "0", "usage": 24},
			{"hour": "1", "usage": 34},
			{"hour": "2", "usage": 3},
			{"hour": "3", "usage": 0},
			{"hour": "4", "usage": 9},
			{"hour": "5", "usage": 0},
			{"hour": "6", "usage": 7},
			{"hour": "7", "usage": 22},
			{"hour": "8", "usage": 13},
			{"hour": "9", "usage": 0},
			{"hour": "10", "usage": 0},
			{"hour": "11", "usage": 0},
			{"hour": "12", "usage": 0},
			{"hour": "13", "usage": 0},
			{"hour": "14", "usage": 0},
			{"hour": "15", "usage": 0},
			{"hour": "16", "usage": 0},
			{"hour": "17", "usage": 0},
			{"hour": "18", "usage": 0},
			{"hour": "19", "usage": 0},
			{"hour": "20", "usage": 0},
			{"hour": "21", "usage": 0},
			{"hour": "22", "usage": 0},
			{"hour": "23", "usage": 0},
		]
	},
]
