[
	{
		"date": 1,
		"totalTime": 383,
		"details": [
			{"appName": "카카오톡", "usage": 271},
			{"appName": "YouTube", "usage": 38},
			{"appName": "Paco", "usage": 26},
			{"appName": "시계", "usage": 18},
			{"appName": "Samsung Health", "usage": 10},
			{"appName": "YouTube Music", "usage": 9},
			{"appName": "Samsung Experience 홈", "usage": 6},
			{"appName": "Logger", "usage": 1},
		],
		"keys": [
			{"hour": "0", "usage": 60},
			{"hour": "1", "usage": 60},
			{"hour": "2", "usage": 60},
			{"hour": "3", "usage": 57},
			{"hour": "4", "usage": 0},
			{"hour": "5", "usage": 10},
			{"hour": "6", "usage": 11},
			{"hour": "7", "usage": 25},
			{"hour": "8", "usage": 32},
			{"hour": "9", "usage": 2},
			{"hour": "10", "usage": 3},
			{"hour": "11", "usage": 3},
			{"hour": "12", "usage": 13},
			{"hour": "13", "usage": 3},
			{"hour": "14", "usage": 40},
			{"hour": "15", "usage": 0},
			{"hour": "16", "usage": 0},
			{"hour": "17", "usage": 0},
			{"hour": "18", "usage": 0},
			{"hour": "19", "usage": 0},
			{"hour": "20", "usage": 0},
			{"hour": "21", "usage": 0},
			{"hour": "22", "usage": 0},
			{"hour": "23", "usage": 0},
		]
	},
	{
		"date": 2,
		"totalTime": 366,
		"details": [
			{"appName": "카카오톡", "usage": 163},
			{"appName": "YouTube", "usage": 101},
			{"appName": "YouTube Music", "usage": 42},
			{"appName": "삼성 인터넷", "usage": 18},
			{"appName": "메시지", "usage": 18},
			{"appName": "Polar Beat", "usage": 6},
			{"appName": "시계", "usage": 4},
			{"appName": "Samsung Experience 홈", "usage": 3},
			{"appName": "Paco", "usage": 3},
			{"appName": "설정", "usage": 2},
		],
		"keys": [
			{"hour": "0", "usage": 3},
			{"hour": "1", "usage": 0},
			{"hour": "2", "usage": 12},
			{"hour": "3", "usage": 35},
			{"hour": "4", "usage": 18},
			{"hour": "5", "usage": 8},
			{"hour": "6", "usage": 3},
			{"hour": "7", "usage": 22},
			{"hour": "8", "usage": 59},
			{"hour": "9", "usage": 12},
			{"hour": "10", "usage": 0},
			{"hour": "11", "usage": 19},
			{"hour": "12", "usage": 10},
			{"hour": "13", "usage": 12},
			{"hour": "14", "usage": 10},
			{"hour": "15", "usage": 33},
			{"hour": "16", "usage": 59},
			{"hour": "17", "usage": 42},
			{"hour": "18", "usage": 0},
			{"hour": "19", "usage": 0},
			{"hour": "20", "usage": 0},
			{"hour": "21", "usage": 0},
			{"hour": "22", "usage": 0},
			{"hour": "23", "usage": 1},
		]
	},
	{
		"date": 3,
		"totalTime": 268,
		"details": [
			{"appName": "카카오톡", "usage": 93},
			{"appName": "YouTube", "usage": 67},
			{"appName": "YouTube Music", "usage": 41},
			{"appName": "시계", "usage": 13},
			{"appName": "Microsoft Band", "usage": 11},
			{"appName": "연락처", "usage": 7},
			{"appName": "전화", "usage": 6},
			{"appName": "Samsung Experience 홈", "usage": 4},
			{"appName": "Polar Beat", "usage": 4},
			{"appName": "Paco", "usage": 3},
			{"appName": "알파카", "usage": 2},
			{"appName": "메시지", "usage": 2},
			{"appName": "헤이카카오", "usage": 1},
			{"appName": "설정", "usage": 1},
			{"appName": "삼성 인터넷", "usage": 1},
			{"appName": "Logger", "usage": 1},
		],
		"keys": [
			{"hour": "0", "usage": 0},
			{"hour": "1", "usage": 0},
			{"hour": "2", "usage": 1},
			{"hour": "3", "usage": 7},
			{"hour": "4", "usage": 5},
			{"hour": "5", "usage": 30},
			{"hour": "6", "usage": 29},
			{"hour": "7", "usage": 9},
			{"hour": "8", "usage": 49},
			{"hour": "9", "usage": 1},
			{"hour": "10", "usage": 0},
			{"hour": "11", "usage": 4},
			{"hour": "12", "usage": 8},
			{"hour": "13", "usage": 19},
			{"hour": "14", "usage": 23},
			{"hour": "15", "usage": 9},
			{"hour": "16", "usage": 59},
			{"hour": "17", "usage": 7},
			{"hour": "18", "usage": 0},
			{"hour": "19", "usage": 0},
			{"hour": "20", "usage": 0},
			{"hour": "21", "usage": 0},
			{"hour": "22", "usage": 0},
			{"hour": "23", "usage": 0},
		]
	},
	{
		"date": 4,
		"totalTime": 268,
		"details": [
			{"appName": "카카오톡", "usage": 121},
			{"appName": "YouTube", "usage": 39},
			{"appName": "갤러리", "usage": 20},
			{"appName": "삼성 인터넷", "usage": 19},
			{"appName": "카메라", "usage": 18},
			{"appName": "Polar Beat", "usage": 11},
			{"appName": "Samsung Experience 홈", "usage": 10},
			{"appName": "YouTube Music", "usage": 8},
			{"appName": "알파카", "usage": 6},
			{"appName": "Paco", "usage": 5},
			{"appName": "시계", "usage": 4},
		],
		"keys": [
			{"hour": "0", "usage": 0},
			{"hour": "1", "usage": 45},
			{"hour": "2", "usage": 9},
			{"hour": "3", "usage": 36},
			{"hour": "4", "usage": 1},
			{"hour": "5", "usage": 6},
			{"hour": "6", "usage": 17},
			{"hour": "7", "usage": 17},
			{"hour": "8", "usage": 10},
			{"hour": "9", "usage": 32},
			{"hour": "10", "usage": 6},
			{"hour": "11", "usage": 18},
			{"hour": "12", "usage": 8},
			{"hour": "13", "usage": 3},
			{"hour": "14", "usage": 19},
			{"hour": "15", "usage": 0},
			{"hour": "16", "usage": 0},
			{"hour": "17", "usage": 0},
			{"hour": "18", "usage": 0},
			{"hour": "19", "usage": 0},
			{"hour": "20", "usage": 0},
			{"hour": "21", "usage": 0},
			{"hour": "22", "usage": 17},
			{"hour": "23", "usage": 16},
		]
	},
	{
		"date": 5,
		"totalTime": 297,
		"details": [
			{"appName": "YouTube", "usage": 99},
			{"appName": "YouTube Music", "usage": 67},
			{"appName": "카카오톡", "usage": 50},
			{"appName": "삼성 인터넷", "usage": 18},
			{"appName": "Paco", "usage": 13},
			{"appName": "시계", "usage": 8},
			{"appName": "Polar Beat", "usage": 8},
			{"appName": "갤러리", "usage": 7},
			{"appName": "Samsung Experience 홈", "usage": 6},
			{"appName": "카메라", "usage": 4},
			{"appName": "알파카", "usage": 3},
			{"appName": "전화", "usage": 2},
			{"appName": "시스템 UI", "usage": 1},
			{"appName": "Dropsync", "usage": 1},
		],
		"keys": [
			{"hour": "0", "usage": 17},
			{"hour": "1", "usage": 3},
			{"hour": "2", "usage": 5},
			{"hour": "3", "usage": 37},
			{"hour": "4", "usage": 2},
			{"hour": "5", "usage": 0},
			{"hour": "6", "usage": 0},
			{"hour": "7", "usage": 17},
			{"hour": "8", "usage": 20},
			{"hour": "9", "usage": 27},
			{"hour": "10", "usage": 30},
			{"hour": "11", "usage": 10},
			{"hour": "12", "usage": 3},
			{"hour": "13", "usage": 41},
			{"hour": "14", "usage": 57},
			{"hour": "15", "usage": 20},
			{"hour": "16", "usage": 0},
			{"hour": "17", "usage": 0},
			{"hour": "18", "usage": 0},
			{"hour": "19", "usage": 0},
			{"hour": "20", "usage": 0},
			{"hour": "21", "usage": 0},
			{"hour": "22", "usage": 0},
			{"hour": "23", "usage": 0},
		]
	},
	{
		"date": 6,
		"totalTime": 777,
		"details": [
			{"appName": "YouTube", "usage": 511},
			{"appName": "카카오톡", "usage": 103},
			{"appName": "YouTube Music", "usage": 73},
			{"appName": "시스템 UI", "usage": 16},
			{"appName": "Paco", "usage": 16},
			{"appName": "계산기", "usage": 13},
			{"appName": "Logger", "usage": 12},
			{"appName": "카메라", "usage": 4},
			{"appName": "알파카", "usage": 4},
			{"appName": "Samsung Experience 홈", "usage": 4},
			{"appName": "메시지", "usage": 2},
			{"appName": "헤이카카오", "usage": 1},
			{"appName": "삼성 인터넷", "usage": 1},
			{"appName": "비디오 플레이어", "usage": 1},
			{"appName": "갤러리", "usage": 1},
			{"appName": "Polar Beat", "usage": 1},
			{"appName": "Papago", "usage": 1},
			{"appName": "PASS", "usage": 1},
			{"appName": "ISP/페이북", "usage": 1},
		],
		"keys": [
			{"hour": "0", "usage": 13},
			{"hour": "1", "usage": 59},
			{"hour": "2", "usage": 47},
			{"hour": "3", "usage": 27},
			{"hour": "4", "usage": 58},
			{"hour": "5", "usage": 59},
			{"hour": "6", "usage": 53},
			{"hour": "7", "usage": 3},
			{"hour": "8", "usage": 25},
			{"hour": "9", "usage": 47},
			{"hour": "10", "usage": 58},
			{"hour": "11", "usage": 32},
			{"hour": "12", "usage": 57},
			{"hour": "13", "usage": 31},
			{"hour": "14", "usage": 59},
			{"hour": "15", "usage": 30},
			{"hour": "16", "usage": 43},
			{"hour": "17", "usage": 54},
			{"hour": "18", "usage": 10},
			{"hour": "19", "usage": 0},
			{"hour": "20", "usage": 0},
			{"hour": "21", "usage": 0},
			{"hour": "22", "usage": 0},
			{"hour": "23", "usage": 0},
		]
	},
	{
		"date": 7,
		"totalTime": 404,
		"details": [
			{"appName": "YouTube", "usage": 154},
			{"appName": "YouTube Music", "usage": 81},
			{"appName": "카카오톡", "usage": 57},
			{"appName": "삼성 인터넷", "usage": 41},
			{"appName": "네이버 웹툰", "usage": 22},
			{"appName": "Samsung Experience 홈", "usage": 15},
			{"appName": "시계", "usage": 8},
			{"appName": "메시지", "usage": 3},
			{"appName": "카메라", "usage": 2},
			{"appName": "시스템 UI", "usage": 2},
			{"appName": "설정", "usage": 2},
			{"appName": "Paco", "usage": 2},
			{"appName": "전화", "usage": 1},
			{"appName": "Screen Off Button", "usage": 1},
			{"appName": "Polar Beat", "usage": 1},
			{"appName": "Logger", "usage": 1},
			{"appName": "Google Play 스토어", "usage": 1},
		],
		"keys": [
			{"hour": "0", "usage": 0},
			{"hour": "1", "usage": 13},
			{"hour": "2", "usage": 59},
			{"hour": "3", "usage": 22},
			{"hour": "4", "usage": 54},
			{"hour": "5", "usage": 59},
			{"hour": "6", "usage": 59},
			{"hour": "7", "usage": 41},
			{"hour": "8", "usage": 20},
			{"hour": "9", "usage": 36},
			{"hour": "10", "usage": 1},
			{"hour": "11", "usage": 14},
			{"hour": "12", "usage": 14},
			{"hour": "13", "usage": 5},
			{"hour": "14", "usage": 0},
			{"hour": "15", "usage": 0},
			{"hour": "16", "usage": 0},
			{"hour": "17", "usage": 0},
			{"hour": "18", "usage": 0},
			{"hour": "19", "usage": 0},
			{"hour": "20", "usage": 0},
			{"hour": "21", "usage": 0},
			{"hour": "22", "usage": 0},
			{"hour": "23", "usage": 0},
		]
	},
]
