[
	{
		"date": 1,
		"totalTime": 509,
		"details": [
			{"appName": "Facebook", "usage": 124},
			{"appName": "삼성 인터넷", "usage": 97},
			{"appName": "카카오톡", "usage": 71},
			{"appName": "냥코 대전쟁", "usage": 66},
			{"appName": "Samsung Experience 홈", "usage": 27},
			{"appName": "메모", "usage": 17},
			{"appName": "Polar Beat", "usage": 17},
			{"appName": "카메라", "usage": 14},
			{"appName": "갤러리", "usage": 13},
			{"appName": "계산기", "usage": 9},
			{"appName": "전화", "usage": 8},
			{"appName": "Paco", "usage": 8},
			{"appName": "Google Play 북", "usage": 7},
			{"appName": "YouTube", "usage": 5},
			{"appName": "알송", "usage": 3},
			{"appName": "시스템 UI", "usage": 3},
			{"appName": "Logger", "usage": 2},
			{"appName": "연락처", "usage": 1},
			{"appName": "설정", "usage": 1},
			{"appName": "네이버 웹툰", "usage": 1},
			{"appName": "Microsoft Band", "usage": 1},
		],
		"keys": [
			{"hour": "0", "usage": 21},
			{"hour": "1", "usage": 20},
			{"hour": "2", "usage": 26},
			{"hour": "3", "usage": 25},
			{"hour": "4", "usage": 55},
			{"hour": "5", "usage": 55},
			{"hour": "6", "usage": 20},
			{"hour": "7", "usage": 18},
			{"hour": "8", "usage": 34},
			{"hour": "9", "usage": 13},
			{"hour": "10", "usage": 54},
			{"hour": "11", "usage": 40},
			{"hour": "12", "usage": 11},
			{"hour": "13", "usage": 13},
			{"hour": "14", "usage": 8},
			{"hour": "15", "usage": 38},
			{"hour": "16", "usage": 22},
			{"hour": "17", "usage": 0},
			{"hour": "18", "usage": 0},
			{"hour": "19", "usage": 0},
			{"hour": "20", "usage": 0},
			{"hour": "21", "usage": 0},
			{"hour": "22", "usage": 0},
			{"hour": "23", "usage": 29},
		]
	},
	{
		"date": 2,
		"totalTime": 273,
		"details": [
			{"appName": "Facebook", "usage": 170},
			{"appName": "카카오톡", "usage": 21},
			{"appName": "냥코 대전쟁", "usage": 20},
			{"appName": "Samsung Experience 홈", "usage": 17},
			{"appName": "삼성 인터넷", "usage": 6},
			{"appName": "Polar Beat", "usage": 5},
			{"appName": "전화", "usage": 4},
			{"appName": "갤러리", "usage": 4},
			{"appName": "Paco", "usage": 4},
			{"appName": "설정", "usage": 2},
			{"appName": "연락처", "usage": 1},
			{"appName": "시스템 UI", "usage": 1},
			{"appName": "T world", "usage": 1},
			{"appName": "Logger", "usage": 1},
			{"appName": "KLMS", "usage": 1},
			{"appName": "Google", "usage": 1},
		],
		"keys": [
			{"hour": "0", "usage": 21},
			{"hour": "1", "usage": 52},
			{"hour": "2", "usage": 42},
			{"hour": "3", "usage": 31},
			{"hour": "4", "usage": 0},
			{"hour": "5", "usage": 2},
			{"hour": "6", "usage": 36},
			{"hour": "7", "usage": 33},
			{"hour": "8", "usage": 31},
			{"hour": "9", "usage": 1},
			{"hour": "10", "usage": 1},
			{"hour": "11", "usage": 7},
			{"hour": "12", "usage": 0},
			{"hour": "13", "usage": 10},
			{"hour": "14", "usage": 0},
			{"hour": "15", "usage": 0},
			{"hour": "16", "usage": 0},
			{"hour": "17", "usage": 0},
			{"hour": "18", "usage": 0},
			{"hour": "19", "usage": 0},
			{"hour": "20", "usage": 0},
			{"hour": "21", "usage": 0},
			{"hour": "22", "usage": 0},
			{"hour": "23", "usage": 0},
		]
	},
	{
		"date": 3,
		"totalTime": 0,
		"details": [
		],
		"keys": [
			{"hour": "0", "usage": 0},
			{"hour": "1", "usage": 0},
			{"hour": "2", "usage": 0},
			{"hour": "3", "usage": 0},
			{"hour": "4", "usage": 0},
			{"hour": "5", "usage": 0},
			{"hour": "6", "usage": 0},
			{"hour": "7", "usage": 0},
			{"hour": "8", "usage": 0},
			{"hour": "9", "usage": 0},
			{"hour": "10", "usage": 0},
			{"hour": "11", "usage": 0},
			{"hour": "12", "usage": 0},
			{"hour": "13", "usage": 0},
			{"hour": "14", "usage": 0},
			{"hour": "15", "usage": 0},
			{"hour": "16", "usage": 0},
			{"hour": "17", "usage": 0},
			{"hour": "18", "usage": 0},
			{"hour": "19", "usage": 0},
			{"hour": "20", "usage": 0},
			{"hour": "21", "usage": 0},
			{"hour": "22", "usage": 0},
			{"hour": "23", "usage": 0},
		]
	},
	{
		"date": 4,
		"totalTime": 0,
		"details": [
		],
		"keys": [
			{"hour": "0", "usage": 0},
			{"hour": "1", "usage": 0},
			{"hour": "2", "usage": 0},
			{"hour": "3", "usage": 0},
			{"hour": "4", "usage": 0},
			{"hour": "5", "usage": 0},
			{"hour": "6", "usage": 0},
			{"hour": "7", "usage": 0},
			{"hour": "8", "usage": 0},
			{"hour": "9", "usage": 0},
			{"hour": "10", "usage": 0},
			{"hour": "11", "usage": 0},
			{"hour": "12", "usage": 0},
			{"hour": "13", "usage": 0},
			{"hour": "14", "usage": 0},
			{"hour": "15", "usage": 0},
			{"hour": "16", "usage": 0},
			{"hour": "17", "usage": 0},
			{"hour": "18", "usage": 0},
			{"hour": "19", "usage": 0},
			{"hour": "20", "usage": 0},
			{"hour": "21", "usage": 0},
			{"hour": "22", "usage": 0},
			{"hour": "23", "usage": 0},
		]
	},
	{
		"date": 5,
		"totalTime": 0,
		"details": [
		],
		"keys": [
			{"hour": "0", "usage": 0},
			{"hour": "1", "usage": 0},
			{"hour": "2", "usage": 0},
			{"hour": "3", "usage": 0},
			{"hour": "4", "usage": 0},
			{"hour": "5", "usage": 0},
			{"hour": "6", "usage": 0},
			{"hour": "7", "usage": 0},
			{"hour": "8", "usage": 0},
			{"hour": "9", "usage": 0},
			{"hour": "10", "usage": 0},
			{"hour": "11", "usage": 0},
			{"hour": "12", "usage": 0},
			{"hour": "13", "usage": 0},
			{"hour": "14", "usage": 0},
			{"hour": "15", "usage": 0},
			{"hour": "16", "usage": 0},
			{"hour": "17", "usage": 0},
			{"hour": "18", "usage": 0},
			{"hour": "19", "usage": 0},
			{"hour": "20", "usage": 0},
			{"hour": "21", "usage": 0},
			{"hour": "22", "usage": 0},
			{"hour": "23", "usage": 0},
		]
	},
	{
		"date": 6,
		"totalTime": 0,
		"details": [
		],
		"keys": [
			{"hour": "0", "usage": 0},
			{"hour": "1", "usage": 0},
			{"hour": "2", "usage": 0},
			{"hour": "3", "usage": 0},
			{"hour": "4", "usage": 0},
			{"hour": "5", "usage": 0},
			{"hour": "6", "usage": 0},
			{"hour": "7", "usage": 0},
			{"hour": "8", "usage": 0},
			{"hour": "9", "usage": 0},
			{"hour": "10", "usage": 0},
			{"hour": "11", "usage": 0},
			{"hour": "12", "usage": 0},
			{"hour": "13", "usage": 0},
			{"hour": "14", "usage": 0},
			{"hour": "15", "usage": 0},
			{"hour": "16", "usage": 0},
			{"hour": "17", "usage": 0},
			{"hour": "18", "usage": 0},
			{"hour": "19", "usage": 0},
			{"hour": "20", "usage": 0},
			{"hour": "21", "usage": 0},
			{"hour": "22", "usage": 0},
			{"hour": "23", "usage": 0},
		]
	},
	{
		"date": 7,
		"totalTime": 0,
		"details": [
		],
		"keys": [
			{"hour": "0", "usage": 0},
			{"hour": "1", "usage": 0},
			{"hour": "2", "usage": 0},
			{"hour": "3", "usage": 0},
			{"hour": "4", "usage": 0},
			{"hour": "5", "usage": 0},
			{"hour": "6", "usage": 0},
			{"hour": "7", "usage": 0},
			{"hour": "8", "usage": 0},
			{"hour": "9", "usage": 0},
			{"hour": "10", "usage": 0},
			{"hour": "11", "usage": 0},
			{"hour": "12", "usage": 0},
			{"hour": "13", "usage": 0},
			{"hour": "14", "usage": 0},
			{"hour": "15", "usage": 0},
			{"hour": "16", "usage": 0},
			{"hour": "17", "usage": 0},
			{"hour": "18", "usage": 0},
			{"hour": "19", "usage": 0},
			{"hour": "20", "usage": 0},
			{"hour": "21", "usage": 0},
			{"hour": "22", "usage": 0},
			{"hour": "23", "usage": 0},
		]
	},
]
