[
	{
		"date": 1,
		"totalTime": 294,
		"details": [
			{"appName": "카카오톡", "usage": 140},
			{"appName": "Facebook", "usage": 42},
			{"appName": "기본홈", "usage": 18},
			{"appName": "문서", "usage": 17},
			{"appName": "캐시워크", "usage": 14},
			{"appName": "Chrome", "usage": 11},
			{"appName": "Paco", "usage": 6},
			{"appName": "Puffin", "usage": 5},
			{"appName": "Polar Beat", "usage": 5},
			{"appName": "Gmail", "usage": 5},
			{"appName": "프레젠테이션", "usage": 4},
			{"appName": "설정", "usage": 4},
			{"appName": "Instagram", "usage": 4},
			{"appName": "캘린더", "usage": 3},
			{"appName": "카메라", "usage": 1},
			{"appName": "T전화", "usage": 1},
			{"appName": "KAIST	Portal", "usage": 1},
		],
		"keys": [
			{"hour": "0", "usage": 0},
			{"hour": "1", "usage": 0},
			{"hour": "2", "usage": 0},
			{"hour": "3", "usage": 9},
			{"hour": "4", "usage": 49},
			{"hour": "5", "usage": 47},
			{"hour": "6", "usage": 35},
			{"hour": "7", "usage": 25},
			{"hour": "8", "usage": 17},
			{"hour": "9", "usage": 26},
			{"hour": "10", "usage": 15},
			{"hour": "11", "usage": 7},
			{"hour": "12", "usage": 1},
			{"hour": "13", "usage": 28},
			{"hour": "14", "usage": 21},
			{"hour": "15", "usage": 3},
			{"hour": "16", "usage": 1},
			{"hour": "17", "usage": 0},
			{"hour": "18", "usage": 2},
			{"hour": "19", "usage": 0},
			{"hour": "20", "usage": 0},
			{"hour": "21", "usage": 0},
			{"hour": "22", "usage": 0},
			{"hour": "23", "usage": 0},
		]
	},
	{
		"date": 2,
		"totalTime": 131,
		"details": [
			{"appName": "카카오톡", "usage": 45},
			{"appName": "Facebook", "usage": 42},
			{"appName": "Pokémon GO", "usage": 10},
			{"appName": "캐시워크", "usage": 8},
			{"appName": "기본홈", "usage": 7},
			{"appName": "과학적인 계산기", "usage": 6},
			{"appName": "Paco", "usage": 3},
			{"appName": "캘린더", "usage": 1},
			{"appName": "ABC Logger", "usage": 1},
		],
		"keys": [
			{"hour": "0", "usage": 10},
			{"hour": "1", "usage": 0},
			{"hour": "2", "usage": 0},
			{"hour": "3", "usage": 3},
			{"hour": "4", "usage": 10},
			{"hour": "5", "usage": 26},
			{"hour": "6", "usage": 10},
			{"hour": "7", "usage": 10},
			{"hour": "8", "usage": 8},
			{"hour": "9", "usage": 28},
			{"hour": "10", "usage": 4},
			{"hour": "11", "usage": 3},
			{"hour": "12", "usage": 2},
			{"hour": "13", "usage": 0},
			{"hour": "14", "usage": 6},
			{"hour": "15", "usage": 1},
			{"hour": "16", "usage": 0},
			{"hour": "17", "usage": 0},
			{"hour": "18", "usage": 2},
			{"hour": "19", "usage": 0},
			{"hour": "20", "usage": 0},
			{"hour": "21", "usage": 0},
			{"hour": "22", "usage": 0},
			{"hour": "23", "usage": 0},
		]
	},
	{
		"date": 3,
		"totalTime": 176,
		"details": [
			{"appName": "카카오톡", "usage": 83},
			{"appName": "Facebook", "usage": 19},
			{"appName": "캐시워크", "usage": 14},
			{"appName": "기본홈", "usage": 11},
			{"appName": "고음질 녹음", "usage": 10},
			{"appName": "T전화", "usage": 6},
			{"appName": "Paco", "usage": 5},
			{"appName": "파일 관리자", "usage": 3},
			{"appName": "설정", "usage": 3},
			{"appName": "접근성", "usage": 2},
			{"appName": "Chrome", "usage": 2},
			{"appName": "캘린더", "usage": 1},
			{"appName": "시스템 UI", "usage": 1},
			{"appName": "메시지", "usage": 1},
			{"appName": "Polar Beat", "usage": 1},
			{"appName": "ABC Logger", "usage": 1},
		],
		"keys": [
			{"hour": "0", "usage": 0},
			{"hour": "1", "usage": 1},
			{"hour": "2", "usage": 0},
			{"hour": "3", "usage": 20},
			{"hour": "4", "usage": 2},
			{"hour": "5", "usage": 34},
			{"hour": "6", "usage": 37},
			{"hour": "7", "usage": 28},
			{"hour": "8", "usage": 18},
			{"hour": "9", "usage": 11},
			{"hour": "10", "usage": 2},
			{"hour": "11", "usage": 0},
			{"hour": "12", "usage": 3},
			{"hour": "13", "usage": 2},
			{"hour": "14", "usage": 0},
			{"hour": "15", "usage": 0},
			{"hour": "16", "usage": 2},
			{"hour": "17", "usage": 0},
			{"hour": "18", "usage": 0},
			{"hour": "19", "usage": 0},
			{"hour": "20", "usage": 9},
			{"hour": "21", "usage": 0},
			{"hour": "22", "usage": 0},
			{"hour": "23", "usage": 0},
		]
	},
	{
		"date": 4,
		"totalTime": 174,
		"details": [
			{"appName": "카카오톡", "usage": 78},
			{"appName": "Facebook", "usage": 35},
			{"appName": "드라이브", "usage": 25},
			{"appName": "캐시워크", "usage": 7},
			{"appName": "기본홈", "usage": 6},
			{"appName": "Polar Beat", "usage": 4},
			{"appName": "Paco", "usage": 4},
			{"appName": "접근성", "usage": 1},
			{"appName": "메시지", "usage": 1},
			{"appName": "T전화", "usage": 1},
			{"appName": "Puffin", "usage": 1},
			{"appName": "Chrome", "usage": 1},
		],
		"keys": [
			{"hour": "0", "usage": 2},
			{"hour": "1", "usage": 52},
			{"hour": "2", "usage": 38},
			{"hour": "3", "usage": 2},
			{"hour": "4", "usage": 9},
			{"hour": "5", "usage": 19},
			{"hour": "6", "usage": 5},
			{"hour": "7", "usage": 1},
			{"hour": "8", "usage": 1},
			{"hour": "9", "usage": 1},
			{"hour": "10", "usage": 1},
			{"hour": "11", "usage": 0},
			{"hour": "12", "usage": 2},
			{"hour": "13", "usage": 5},
			{"hour": "14", "usage": 27},
			{"hour": "15", "usage": 0},
			{"hour": "16", "usage": 0},
			{"hour": "17", "usage": 0},
			{"hour": "18", "usage": 0},
			{"hour": "19", "usage": 0},
			{"hour": "20", "usage": 2},
			{"hour": "21", "usage": 0},
			{"hour": "22", "usage": 0},
			{"hour": "23", "usage": 0},
		]
	},
	{
		"date": 5,
		"totalTime": 551,
		"details": [
			{"appName": "Facebook", "usage": 500},
			{"appName": "카카오톡", "usage": 29},
			{"appName": "캐시워크", "usage": 6},
			{"appName": "기본홈", "usage": 2},
			{"appName": "고음질 녹음", "usage": 2},
			{"appName": "Polar Beat", "usage": 2},
			{"appName": "Paco", "usage": 2},
			{"appName": "쿠팡", "usage": 1},
			{"appName": "Chrome", "usage": 1},
		],
		"keys": [
			{"hour": "0", "usage": 0},
			{"hour": "1", "usage": 0},
			{"hour": "2", "usage": 0},
			{"hour": "3", "usage": 1},
			{"hour": "4", "usage": 33},
			{"hour": "5", "usage": 32},
			{"hour": "6", "usage": 38},
			{"hour": "7", "usage": 0},
			{"hour": "8", "usage": 0},
			{"hour": "9", "usage": 0},
			{"hour": "10", "usage": 29},
			{"hour": "11", "usage": 9},
			{"hour": "12", "usage": 59},
			{"hour": "13", "usage": 59},
			{"hour": "14", "usage": 60},
			{"hour": "15", "usage": 43},
			{"hour": "16", "usage": 0},
			{"hour": "17", "usage": 0},
			{"hour": "18", "usage": 0},
			{"hour": "19", "usage": 57},
			{"hour": "20", "usage": 60},
			{"hour": "21", "usage": 60},
			{"hour": "22", "usage": 3},
			{"hour": "23", "usage": 0},
		]
	},
	{
		"date": 6,
		"totalTime": 272,
		"details": [
			{"appName": "Facebook", "usage": 132},
			{"appName": "카카오톡", "usage": 95},
			{"appName": "캐시워크", "usage": 14},
			{"appName": "Chrome", "usage": 12},
			{"appName": "Paco", "usage": 6},
			{"appName": "기본홈", "usage": 4},
			{"appName": "Polar Beat", "usage": 2},
			{"appName": "캘린더", "usage": 1},
			{"appName": "카메라", "usage": 1},
		],
		"keys": [
			{"hour": "0", "usage": 0},
			{"hour": "1", "usage": 0},
			{"hour": "2", "usage": 0},
			{"hour": "3", "usage": 3},
			{"hour": "4", "usage": 50},
			{"hour": "5", "usage": 52},
			{"hour": "6", "usage": 41},
			{"hour": "7", "usage": 39},
			{"hour": "8", "usage": 21},
			{"hour": "9", "usage": 6},
			{"hour": "10", "usage": 7},
			{"hour": "11", "usage": 4},
			{"hour": "12", "usage": 2},
			{"hour": "13", "usage": 9},
			{"hour": "14", "usage": 11},
			{"hour": "15", "usage": 3},
			{"hour": "16", "usage": 17},
			{"hour": "17", "usage": 0},
			{"hour": "18", "usage": 0},
			{"hour": "19", "usage": 0},
			{"hour": "20", "usage": 0},
			{"hour": "21", "usage": 0},
			{"hour": "22", "usage": 0},
			{"hour": "23", "usage": 0},
		]
	},
	{
		"date": 7,
		"totalTime": 228,
		"details": [
			{"appName": "Facebook", "usage": 114},
			{"appName": "카카오톡", "usage": 59},
			{"appName": "캐시워크", "usage": 16},
			{"appName": "T전화", "usage": 10},
			{"appName": "기본홈", "usage": 8},
			{"appName": "YouTube", "usage": 3},
			{"appName": "Paco", "usage": 3},
			{"appName": "Chrome", "usage": 2},
			{"appName": "접근성", "usage": 1},
			{"appName": "문서", "usage": 1},
			{"appName": "Polar Beat", "usage": 1},
		],
		"keys": [
			{"hour": "0", "usage": 0},
			{"hour": "1", "usage": 0},
			{"hour": "2", "usage": 2},
			{"hour": "3", "usage": 16},
			{"hour": "4", "usage": 0},
			{"hour": "5", "usage": 6},
			{"hour": "6", "usage": 55},
			{"hour": "7", "usage": 24},
			{"hour": "8", "usage": 5},
			{"hour": "9", "usage": 12},
			{"hour": "10", "usage": 23},
			{"hour": "11", "usage": 10},
			{"hour": "12", "usage": 6},
			{"hour": "13", "usage": 6},
			{"hour": "14", "usage": 17},
			{"hour": "15", "usage": 0},
			{"hour": "16", "usage": 0},
			{"hour": "17", "usage": 29},
			{"hour": "18", "usage": 8},
			{"hour": "19", "usage": 0},
			{"hour": "20", "usage": 0},
			{"hour": "21", "usage": 0},
			{"hour": "22", "usage": 0},
			{"hour": "23", "usage": 0},
		]
	},
]
