[
	{
		"date": 1,
		"totalTime": 2318,
		"details": [
			{"appName": "Shutdown Monitor", "usage": 1377},
			{"appName": "Chrome", "usage": 560},
			{"appName": "YouTube", "usage": 248},
			{"appName": "디시인사이드", "usage": 46},
			{"appName": "카카오톡", "usage": 39},
			{"appName": "카메라", "usage": 16},
			{"appName": "기본홈", "usage": 7},
			{"appName": "Facebook", "usage": 7},
			{"appName": "Paco", "usage": 2},
			{"appName": "시스템 UI", "usage": 1},
			{"appName": "벅스", "usage": 1},
			{"appName": "T전화", "usage": 1},
			{"appName": "KLMS", "usage": 1},
		],
		"keys": [
			{"hour": "0", "usage": 49},
			{"hour": "1", "usage": 40},
			{"hour": "2", "usage": 60},
			{"hour": "3", "usage": 60},
			{"hour": "4", "usage": 60},
			{"hour": "5", "usage": 60},
			{"hour": "6", "usage": 60},
			{"hour": "7", "usage": 80},
			{"hour": "8", "usage": 78},
			{"hour": "9", "usage": 71},
			{"hour": "10", "usage": 32},
			{"hour": "11", "usage": 20},
			{"hour": "12", "usage": 30},
			{"hour": "13", "usage": 14},
			{"hour": "14", "usage": 15},
			{"hour": "15", "usage": 11},
			{"hour": "16", "usage": 11},
			{"hour": "17", "usage": 16},
			{"hour": "18", "usage": 60},
			{"hour": "19", "usage": 60},
			{"hour": "20", "usage": 47},
			{"hour": "21", "usage": 0},
			{"hour": "22", "usage": 0},
			{"hour": "23", "usage": 0},
		]
	},
	{
		"date": 2,
		"totalTime": 380,
		"details": [
			{"appName": "디시인사이드", "usage": 115},
			{"appName": "카카오톡", "usage": 91},
			{"appName": "YouTube", "usage": 73},
			{"appName": "Facebook", "usage": 33},
			{"appName": "Chrome", "usage": 32},
			{"appName": "기본홈", "usage": 8},
			{"appName": "LoL 프렌즈", "usage": 4},
			{"appName": "Paco", "usage": 3},
			{"appName": "토스", "usage": 2},
			{"appName": "네이버 웹툰", "usage": 2},
			{"appName": "알람/시계", "usage": 1},
			{"appName": "시스템 UI", "usage": 1},
			{"appName": "벅스", "usage": 1},
		],
		"keys": [
			{"hour": "0", "usage": 9},
			{"hour": "1", "usage": 18},
			{"hour": "2", "usage": 5},
			{"hour": "3", "usage": 14},
			{"hour": "4", "usage": 20},
			{"hour": "5", "usage": 33},
			{"hour": "6", "usage": 2},
			{"hour": "7", "usage": 41},
			{"hour": "8", "usage": 17},
			{"hour": "9", "usage": 21},
			{"hour": "10", "usage": 26},
			{"hour": "11", "usage": 12},
			{"hour": "12", "usage": 37},
			{"hour": "13", "usage": 20},
			{"hour": "14", "usage": 17},
			{"hour": "15", "usage": 21},
			{"hour": "16", "usage": 9},
			{"hour": "17", "usage": 46},
			{"hour": "18", "usage": 0},
			{"hour": "19", "usage": 0},
			{"hour": "20", "usage": 0},
			{"hour": "21", "usage": 0},
			{"hour": "22", "usage": 0},
			{"hour": "23", "usage": 3},
		]
	},
	{
		"date": 3,
		"totalTime": 2630,
		"details": [
			{"appName": "네이버 웹툰", "usage": 1381},
			{"appName": "YouTube", "usage": 998},
			{"appName": "카카오톡", "usage": 82},
			{"appName": "과학적인 계산기", "usage": 65},
			{"appName": "디시인사이드", "usage": 43},
			{"appName": "Chrome", "usage": 27},
			{"appName": "기본홈", "usage": 7},
			{"appName": "Facebook", "usage": 6},
			{"appName": "신한 쏠(SOL)", "usage": 3},
			{"appName": "벅스", "usage": 3},
			{"appName": "계산기", "usage": 2},
			{"appName": "KLMS", "usage": 2},
			{"appName": "시스템 UI", "usage": 1},
			{"appName": "Gmail", "usage": 1},
		],
		"keys": [
			{"hour": "0", "usage": 13},
			{"hour": "1", "usage": 17},
			{"hour": "2", "usage": 44},
			{"hour": "3", "usage": 43},
			{"hour": "4", "usage": 35},
			{"hour": "5", "usage": 47},
			{"hour": "6", "usage": 57},
			{"hour": "7", "usage": 17},
			{"hour": "8", "usage": 0},
			{"hour": "9", "usage": 0},
			{"hour": "10", "usage": 0},
			{"hour": "11", "usage": 0},
			{"hour": "12", "usage": 0},
			{"hour": "13", "usage": 0},
			{"hour": "14", "usage": 0},
			{"hour": "15", "usage": 0},
			{"hour": "16", "usage": 0},
			{"hour": "17", "usage": 0},
			{"hour": "18", "usage": 0},
			{"hour": "19", "usage": 0},
			{"hour": "20", "usage": 0},
			{"hour": "21", "usage": 0},
			{"hour": "22", "usage": 0},
			{"hour": "23", "usage": 0},
		]
	},
	{
		"date": 4,
		"totalTime": 0,
		"details": [
		],
		"keys": [
			{"hour": "0", "usage": 0},
			{"hour": "1", "usage": 0},
			{"hour": "2", "usage": 0},
			{"hour": "3", "usage": 0},
			{"hour": "4", "usage": 0},
			{"hour": "5", "usage": 0},
			{"hour": "6", "usage": 0},
			{"hour": "7", "usage": 0},
			{"hour": "8", "usage": 0},
			{"hour": "9", "usage": 0},
			{"hour": "10", "usage": 0},
			{"hour": "11", "usage": 0},
			{"hour": "12", "usage": 0},
			{"hour": "13", "usage": 0},
			{"hour": "14", "usage": 0},
			{"hour": "15", "usage": 0},
			{"hour": "16", "usage": 0},
			{"hour": "17", "usage": 0},
			{"hour": "18", "usage": 0},
			{"hour": "19", "usage": 0},
			{"hour": "20", "usage": 0},
			{"hour": "21", "usage": 0},
			{"hour": "22", "usage": 0},
			{"hour": "23", "usage": 0},
		]
	},
	{
		"date": 5,
		"totalTime": 0,
		"details": [
		],
		"keys": [
			{"hour": "0", "usage": 0},
			{"hour": "1", "usage": 0},
			{"hour": "2", "usage": 0},
			{"hour": "3", "usage": 0},
			{"hour": "4", "usage": 0},
			{"hour": "5", "usage": 0},
			{"hour": "6", "usage": 0},
			{"hour": "7", "usage": 0},
			{"hour": "8", "usage": 0},
			{"hour": "9", "usage": 0},
			{"hour": "10", "usage": 0},
			{"hour": "11", "usage": 0},
			{"hour": "12", "usage": 0},
			{"hour": "13", "usage": 0},
			{"hour": "14", "usage": 0},
			{"hour": "15", "usage": 0},
			{"hour": "16", "usage": 0},
			{"hour": "17", "usage": 0},
			{"hour": "18", "usage": 0},
			{"hour": "19", "usage": 0},
			{"hour": "20", "usage": 0},
			{"hour": "21", "usage": 0},
			{"hour": "22", "usage": 0},
			{"hour": "23", "usage": 0},
		]
	},
	{
		"date": 6,
		"totalTime": 0,
		"details": [
		],
		"keys": [
			{"hour": "0", "usage": 0},
			{"hour": "1", "usage": 0},
			{"hour": "2", "usage": 0},
			{"hour": "3", "usage": 0},
			{"hour": "4", "usage": 0},
			{"hour": "5", "usage": 0},
			{"hour": "6", "usage": 0},
			{"hour": "7", "usage": 0},
			{"hour": "8", "usage": 0},
			{"hour": "9", "usage": 0},
			{"hour": "10", "usage": 0},
			{"hour": "11", "usage": 0},
			{"hour": "12", "usage": 0},
			{"hour": "13", "usage": 0},
			{"hour": "14", "usage": 0},
			{"hour": "15", "usage": 0},
			{"hour": "16", "usage": 0},
			{"hour": "17", "usage": 0},
			{"hour": "18", "usage": 0},
			{"hour": "19", "usage": 0},
			{"hour": "20", "usage": 0},
			{"hour": "21", "usage": 0},
			{"hour": "22", "usage": 0},
			{"hour": "23", "usage": 0},
		]
	},
	{
		"date": 7,
		"totalTime": 0,
		"details": [
		],
		"keys": [
			{"hour": "0", "usage": 0},
			{"hour": "1", "usage": 0},
			{"hour": "2", "usage": 0},
			{"hour": "3", "usage": 0},
			{"hour": "4", "usage": 0},
			{"hour": "5", "usage": 0},
			{"hour": "6", "usage": 0},
			{"hour": "7", "usage": 0},
			{"hour": "8", "usage": 0},
			{"hour": "9", "usage": 0},
			{"hour": "10", "usage": 0},
			{"hour": "11", "usage": 0},
			{"hour": "12", "usage": 0},
			{"hour": "13", "usage": 0},
			{"hour": "14", "usage": 0},
			{"hour": "15", "usage": 0},
			{"hour": "16", "usage": 0},
			{"hour": "17", "usage": 0},
			{"hour": "18", "usage": 0},
			{"hour": "19", "usage": 0},
			{"hour": "20", "usage": 0},
			{"hour": "21", "usage": 0},
			{"hour": "22", "usage": 0},
			{"hour": "23", "usage": 0},
		]
	},
]
