[
	{
		"date": 1,
		"totalTime": 298,
		"details": [
			{"appName": "Chrome", "usage": 135},
			{"appName": "Facebook", "usage": 74},
			{"appName": "YouTube", "usage": 31},
			{"appName": "카카오톡", "usage": 29},
			{"appName": "기본홈", "usage": 5},
			{"appName": "Paco", "usage": 5},
			{"appName": "알람/시계", "usage": 3},
			{"appName": "Polar Beat", "usage": 3},
			{"appName": "통화 화면", "usage": 2},
			{"appName": "메시지", "usage": 1},
		],
		"keys": [
			{"hour": "0", "usage": 0},
			{"hour": "1", "usage": 11},
			{"hour": "2", "usage": 40},
			{"hour": "3", "usage": 10},
			{"hour": "4", "usage": 4},
			{"hour": "5", "usage": 7},
			{"hour": "6", "usage": 1},
			{"hour": "7", "usage": 0},
			{"hour": "8", "usage": 2},
			{"hour": "9", "usage": 4},
			{"hour": "10", "usage": 21},
			{"hour": "11", "usage": 34},
			{"hour": "12", "usage": 3},
			{"hour": "13", "usage": 8},
			{"hour": "14", "usage": 0},
			{"hour": "15", "usage": 0},
			{"hour": "16", "usage": 0},
			{"hour": "17", "usage": 1},
			{"hour": "18", "usage": 0},
			{"hour": "19", "usage": 52},
			{"hour": "20", "usage": 54},
			{"hour": "21", "usage": 35},
			{"hour": "22", "usage": 3},
			{"hour": "23", "usage": 0},
		]
	},
	{
		"date": 2,
		"totalTime": 228,
		"details": [
			{"appName": "YouTube", "usage": 139},
			{"appName": "Facebook", "usage": 27},
			{"appName": "카카오톡", "usage": 26},
			{"appName": "쿠팡", "usage": 12},
			{"appName": "기본홈", "usage": 4},
			{"appName": "Paco", "usage": 4},
			{"appName": "통화 화면", "usage": 3},
			{"appName": "메시지", "usage": 2},
			{"appName": "Chrome", "usage": 2},
			{"appName": "알람/시계", "usage": 1},
			{"appName": "Polar Beat", "usage": 1},
		],
		"keys": [
			{"hour": "0", "usage": 0},
			{"hour": "1", "usage": 4},
			{"hour": "2", "usage": 9},
			{"hour": "3", "usage": 3},
			{"hour": "4", "usage": 17},
			{"hour": "5", "usage": 9},
			{"hour": "6", "usage": 5},
			{"hour": "7", "usage": 59},
			{"hour": "8", "usage": 59},
			{"hour": "9", "usage": 30},
			{"hour": "10", "usage": 3},
			{"hour": "11", "usage": 0},
			{"hour": "12", "usage": 3},
			{"hour": "13", "usage": 7},
			{"hour": "14", "usage": 3},
			{"hour": "15", "usage": 1},
			{"hour": "16", "usage": 0},
			{"hour": "17", "usage": 0},
			{"hour": "18", "usage": 0},
			{"hour": "19", "usage": 0},
			{"hour": "20", "usage": 0},
			{"hour": "21", "usage": 0},
			{"hour": "22", "usage": 9},
			{"hour": "23", "usage": 0},
		]
	},
	{
		"date": 3,
		"totalTime": 197,
		"details": [
			{"appName": "YouTube", "usage": 77},
			{"appName": "카카오톡", "usage": 42},
			{"appName": "드라이브", "usage": 16},
			{"appName": "Chrome", "usage": 15},
			{"appName": "Melon", "usage": 10},
			{"appName": "Facebook", "usage": 10},
			{"appName": "Paco", "usage": 7},
			{"appName": "통화 화면", "usage": 5},
			{"appName": "기본홈", "usage": 5},
			{"appName": "쿠팡", "usage": 2},
			{"appName": "사운드코르셋 튜너 & 메트로놈", "usage": 1},
			{"appName": "메시지", "usage": 1},
		],
		"keys": [
			{"hour": "0", "usage": 24},
			{"hour": "1", "usage": 13},
			{"hour": "2", "usage": 22},
			{"hour": "3", "usage": 11},
			{"hour": "4", "usage": 1},
			{"hour": "5", "usage": 30},
			{"hour": "6", "usage": 20},
			{"hour": "7", "usage": 18},
			{"hour": "8", "usage": 4},
			{"hour": "9", "usage": 14},
			{"hour": "10", "usage": 12},
			{"hour": "11", "usage": 6},
			{"hour": "12", "usage": 0},
			{"hour": "13", "usage": 5},
			{"hour": "14", "usage": 0},
			{"hour": "15", "usage": 0},
			{"hour": "16", "usage": 0},
			{"hour": "17", "usage": 0},
			{"hour": "18", "usage": 0},
			{"hour": "19", "usage": 10},
			{"hour": "20", "usage": 0},
			{"hour": "21", "usage": 0},
			{"hour": "22", "usage": 0},
			{"hour": "23", "usage": 0},
		]
	},
	{
		"date": 4,
		"totalTime": 257,
		"details": [
			{"appName": "YouTube", "usage": 134},
			{"appName": "Facebook", "usage": 46},
			{"appName": "카카오톡", "usage": 33},
			{"appName": "Chrome", "usage": 24},
			{"appName": "통화 화면", "usage": 8},
			{"appName": "기본홈", "usage": 3},
			{"appName": "Paco", "usage": 3},
			{"appName": "드라이브", "usage": 1},
		],
		"keys": [
			{"hour": "0", "usage": 0},
			{"hour": "1", "usage": 5},
			{"hour": "2", "usage": 19},
			{"hour": "3", "usage": 15},
			{"hour": "4", "usage": 0},
			{"hour": "5", "usage": 7},
			{"hour": "6", "usage": 18},
			{"hour": "7", "usage": 1},
			{"hour": "8", "usage": 22},
			{"hour": "9", "usage": 8},
			{"hour": "10", "usage": 24},
			{"hour": "11", "usage": 9},
			{"hour": "12", "usage": 0},
			{"hour": "13", "usage": 0},
			{"hour": "14", "usage": 0},
			{"hour": "15", "usage": 0},
			{"hour": "16", "usage": 0},
			{"hour": "17", "usage": 0},
			{"hour": "18", "usage": 19},
			{"hour": "19", "usage": 59},
			{"hour": "20", "usage": 46},
			{"hour": "21", "usage": 0},
			{"hour": "22", "usage": 0},
			{"hour": "23", "usage": 0},
		]
	},
	{
		"date": 5,
		"totalTime": 305,
		"details": [
			{"appName": "기본홈", "usage": 193},
			{"appName": "Facebook", "usage": 45},
			{"appName": "카카오톡", "usage": 25},
			{"appName": "통화 화면", "usage": 12},
			{"appName": "Chrome", "usage": 10},
			{"appName": "YouTube", "usage": 4},
			{"appName": "카메라", "usage": 3},
			{"appName": "Paco", "usage": 3},
			{"appName": "Melon", "usage": 2},
			{"appName": "Wi-Fi", "usage": 1},
		],
		"keys": [
			{"hour": "0", "usage": 60},
			{"hour": "1", "usage": 60},
			{"hour": "2", "usage": 60},
			{"hour": "3", "usage": 30},
			{"hour": "4", "usage": 3},
			{"hour": "5", "usage": 0},
			{"hour": "6", "usage": 0},
			{"hour": "7", "usage": 0},
			{"hour": "8", "usage": 7},
			{"hour": "9", "usage": 0},
			{"hour": "10", "usage": 4},
			{"hour": "11", "usage": 24},
			{"hour": "12", "usage": 33},
			{"hour": "13", "usage": 1},
			{"hour": "14", "usage": 8},
			{"hour": "15", "usage": 0},
			{"hour": "16", "usage": 2},
			{"hour": "17", "usage": 6},
			{"hour": "18", "usage": 0},
			{"hour": "19", "usage": 0},
			{"hour": "20", "usage": 0},
			{"hour": "21", "usage": 0},
			{"hour": "22", "usage": 0},
			{"hour": "23", "usage": 0},
		]
	},
	{
		"date": 6,
		"totalTime": 150,
		"details": [
			{"appName": "Facebook", "usage": 110},
			{"appName": "카카오톡", "usage": 20},
			{"appName": "Chrome", "usage": 5},
			{"appName": "통화 화면", "usage": 4},
			{"appName": "Paco", "usage": 3},
			{"appName": "기본홈", "usage": 2},
			{"appName": "주소록", "usage": 1},
		],
		"keys": [
			{"hour": "0", "usage": 0},
			{"hour": "1", "usage": 0},
			{"hour": "2", "usage": 0},
			{"hour": "3", "usage": 0},
			{"hour": "4", "usage": 14},
			{"hour": "5", "usage": 41},
			{"hour": "6", "usage": 6},
			{"hour": "7", "usage": 2},
			{"hour": "8", "usage": 29},
			{"hour": "9", "usage": 18},
			{"hour": "10", "usage": 0},
			{"hour": "11", "usage": 6},
			{"hour": "12", "usage": 5},
			{"hour": "13", "usage": 9},
			{"hour": "14", "usage": 8},
			{"hour": "15", "usage": 0},
			{"hour": "16", "usage": 0},
			{"hour": "17", "usage": 0},
			{"hour": "18", "usage": 1},
			{"hour": "19", "usage": 4},
			{"hour": "20", "usage": 0},
			{"hour": "21", "usage": 0},
			{"hour": "22", "usage": 0},
			{"hour": "23", "usage": 0},
		]
	},
	{
		"date": 7,
		"totalTime": 140,
		"details": [
			{"appName": "Facebook", "usage": 86},
			{"appName": "YouTube", "usage": 30},
			{"appName": "카카오톡", "usage": 13},
			{"appName": "Chrome", "usage": 4},
			{"appName": "통화 화면", "usage": 1},
			{"appName": "쿠팡", "usage": 1},
		],
		"keys": [
			{"hour": "0", "usage": 0},
			{"hour": "1", "usage": 0},
			{"hour": "2", "usage": 0},
			{"hour": "3", "usage": 0},
			{"hour": "4", "usage": 4},
			{"hour": "5", "usage": 21},
			{"hour": "6", "usage": 58},
			{"hour": "7", "usage": 52},
			{"hour": "8", "usage": 1},
			{"hour": "9", "usage": 2},
			{"hour": "10", "usage": 0},
			{"hour": "11", "usage": 0},
			{"hour": "12", "usage": 0},
			{"hour": "13", "usage": 0},
			{"hour": "14", "usage": 0},
			{"hour": "15", "usage": 0},
			{"hour": "16", "usage": 0},
			{"hour": "17", "usage": 0},
			{"hour": "18", "usage": 0},
			{"hour": "19", "usage": 0},
			{"hour": "20", "usage": 0},
			{"hour": "21", "usage": 0},
			{"hour": "22", "usage": 0},
			{"hour": "23", "usage": 0},
		]
	},
]
