[
	{
		"date": 1,
		"totalTime": 512,
		"details": [
			{"appName": "Chrome", "usage": 300},
			{"appName": "Metal Madness", "usage": 59},
			{"appName": "배틀그라운드", "usage": 39},
			{"appName": "YouTube", "usage": 17},
			{"appName": "네이버 웹툰", "usage": 14},
			{"appName": "카카오톡", "usage": 13},
			{"appName": "Lite", "usage": 13},
			{"appName": "기본홈", "usage": 10},
			{"appName": "Paco", "usage": 6},
			{"appName": "캘린더", "usage": 5},
			{"appName": "알람/시계", "usage": 5},
			{"appName": "메모G", "usage": 4},
			{"appName": "Polar Beat", "usage": 3},
			{"appName": "프레젠테이션", "usage": 2},
			{"appName": "통화 화면", "usage": 2},
			{"appName": "왓챠", "usage": 2},
			{"appName": "계산기", "usage": 2},
			{"appName": "밥대생", "usage": 1},
			{"appName": "KLMS", "usage": 1},
		],
		"keys": [
			{"hour": "0", "usage": 6},
			{"hour": "1", "usage": 13},
			{"hour": "2", "usage": 5},
			{"hour": "3", "usage": 57},
			{"hour": "4", "usage": 60},
			{"hour": "5", "usage": 72},
			{"hour": "6", "usage": 61},
			{"hour": "7", "usage": 32},
			{"hour": "8", "usage": 22},
			{"hour": "9", "usage": 7},
			{"hour": "10", "usage": 10},
			{"hour": "11", "usage": 4},
			{"hour": "12", "usage": 14},
			{"hour": "13", "usage": 34},
			{"hour": "14", "usage": 59},
			{"hour": "15", "usage": 39},
			{"hour": "16", "usage": 1},
			{"hour": "17", "usage": 0},
			{"hour": "18", "usage": 0},
			{"hour": "19", "usage": 0},
			{"hour": "20", "usage": 0},
			{"hour": "21", "usage": 0},
			{"hour": "22", "usage": 0},
			{"hour": "23", "usage": 8},
		]
	},
	{
		"date": 2,
		"totalTime": 200,
		"details": [
			{"appName": "Chrome", "usage": 50},
			{"appName": "카카오톡", "usage": 29},
			{"appName": "네이버 지도", "usage": 23},
			{"appName": "기본홈", "usage": 23},
			{"appName": "카카오 T", "usage": 11},
			{"appName": "Google", "usage": 10},
			{"appName": "통화 화면", "usage": 7},
			{"appName": "캘린더", "usage": 7},
			{"appName": "Lite", "usage": 7},
			{"appName": "스프레드시트", "usage": 4},
			{"appName": "Paco", "usage": 4},
			{"appName": "원터치알림", "usage": 3},
			{"appName": "스마트택배", "usage": 3},
			{"appName": "다음", "usage": 2},
			{"appName": "주소록", "usage": 1},
			{"appName": "시스템 UI", "usage": 1},
			{"appName": "계산기", "usage": 1},
			{"appName": "Polar Beat", "usage": 1},
		],
		"keys": [
			{"hour": "0", "usage": 5},
			{"hour": "1", "usage": 5},
			{"hour": "2", "usage": 10},
			{"hour": "3", "usage": 15},
			{"hour": "4", "usage": 1},
			{"hour": "5", "usage": 7},
			{"hour": "6", "usage": 9},
			{"hour": "7", "usage": 28},
			{"hour": "8", "usage": 25},
			{"hour": "9", "usage": 18},
			{"hour": "10", "usage": 1},
			{"hour": "11", "usage": 1},
			{"hour": "12", "usage": 30},
			{"hour": "13", "usage": 11},
			{"hour": "14", "usage": 1},
			{"hour": "15", "usage": 8},
			{"hour": "16", "usage": 18},
			{"hour": "17", "usage": 0},
			{"hour": "18", "usage": 0},
			{"hour": "19", "usage": 0},
			{"hour": "20", "usage": 0},
			{"hour": "21", "usage": 0},
			{"hour": "22", "usage": 0},
			{"hour": "23", "usage": 0},
		]
	},
	{
		"date": 3,
		"totalTime": 186,
		"details": [
			{"appName": "Chrome", "usage": 52},
			{"appName": "YouTube", "usage": 32},
			{"appName": "통화 화면", "usage": 14},
			{"appName": "카카오톡", "usage": 13},
			{"appName": "기본홈", "usage": 12},
			{"appName": "Lite", "usage": 12},
			{"appName": "계산기", "usage": 10},
			{"appName": "네이버 웹툰", "usage": 6},
			{"appName": "스마트택배", "usage": 4},
			{"appName": "Paco", "usage": 4},
			{"appName": "캘린더", "usage": 3},
			{"appName": "Polar Beat", "usage": 3},
			{"appName": "레진코믹스", "usage": 2},
			{"appName": "에브리타임", "usage": 1},
			{"appName": "네이버 지도", "usage": 1},
			{"appName": "KAIST Library", "usage": 1},
			{"appName": "Instagram", "usage": 1},
			{"appName": "Google", "usage": 1},
		],
		"keys": [
			{"hour": "0", "usage": 2},
			{"hour": "1", "usage": 0},
			{"hour": "2", "usage": 22},
			{"hour": "3", "usage": 22},
			{"hour": "4", "usage": 4},
			{"hour": "5", "usage": 12},
			{"hour": "6", "usage": 19},
			{"hour": "7", "usage": 0},
			{"hour": "8", "usage": 21},
			{"hour": "9", "usage": 4},
			{"hour": "10", "usage": 10},
			{"hour": "11", "usage": 1},
			{"hour": "12", "usage": 0},
			{"hour": "13", "usage": 17},
			{"hour": "14", "usage": 10},
			{"hour": "15", "usage": 19},
			{"hour": "16", "usage": 0},
			{"hour": "17", "usage": 15},
			{"hour": "18", "usage": 0},
			{"hour": "19", "usage": 0},
			{"hour": "20", "usage": 0},
			{"hour": "21", "usage": 0},
			{"hour": "22", "usage": 0},
			{"hour": "23", "usage": 0},
		]
	},
	{
		"date": 4,
		"totalTime": 228,
		"details": [
			{"appName": "Chrome", "usage": 70},
			{"appName": "기본홈", "usage": 32},
			{"appName": "카카오톡", "usage": 23},
			{"appName": "Lite", "usage": 15},
			{"appName": "YouTube", "usage": 12},
			{"appName": "드라이브", "usage": 10},
			{"appName": "통화 화면", "usage": 6},
			{"appName": "모아락", "usage": 6},
			{"appName": "네이버 지도", "usage": 6},
			{"appName": "네이버 웹툰", "usage": 5},
			{"appName": "Instagram", "usage": 5},
			{"appName": "다음", "usage": 4},
			{"appName": "Paco", "usage": 3},
			{"appName": "L.POINT", "usage": 3},
			{"appName": "캘린더", "usage": 2},
			{"appName": "스마트택배", "usage": 2},
			{"appName": "카메라", "usage": 1},
			{"appName": "알람/시계", "usage": 1},
			{"appName": "메시지", "usage": 1},
			{"appName": "계산기", "usage": 1},
			{"appName": "갤러리", "usage": 1},
			{"appName": "Nintendo Switch Online", "usage": 1},
			{"appName": "CGV", "usage": 1},
		],
		"keys": [
			{"hour": "0", "usage": 11},
			{"hour": "1", "usage": 14},
			{"hour": "2", "usage": 3},
			{"hour": "3", "usage": 19},
			{"hour": "4", "usage": 10},
			{"hour": "5", "usage": 14},
			{"hour": "6", "usage": 6},
			{"hour": "7", "usage": 9},
			{"hour": "8", "usage": 41},
			{"hour": "9", "usage": 28},
			{"hour": "10", "usage": 0},
			{"hour": "11", "usage": 8},
			{"hour": "12", "usage": 8},
			{"hour": "13", "usage": 10},
			{"hour": "14", "usage": 0},
			{"hour": "15", "usage": 0},
			{"hour": "16", "usage": 28},
			{"hour": "17", "usage": 9},
			{"hour": "18", "usage": 0},
			{"hour": "19", "usage": 0},
			{"hour": "20", "usage": 0},
			{"hour": "21", "usage": 0},
			{"hour": "22", "usage": 0},
			{"hour": "23", "usage": 0},
		]
	},
	{
		"date": 5,
		"totalTime": 253,
		"details": [
			{"appName": "Chrome", "usage": 73},
			{"appName": "YouTube", "usage": 56},
			{"appName": "Lite", "usage": 20},
			{"appName": "기본홈", "usage": 15},
			{"appName": "Netflix", "usage": 15},
			{"appName": "카카오톡", "usage": 11},
			{"appName": "주소록", "usage": 11},
			{"appName": "통화 화면", "usage": 8},
			{"appName": "네이버 지도", "usage": 8},
			{"appName": "코레일톡", "usage": 5},
			{"appName": "Paco", "usage": 5},
			{"appName": "Instagram", "usage": 5},
			{"appName": "네이버 웹툰", "usage": 3},
			{"appName": "설정", "usage": 2},
			{"appName": "KLMS", "usage": 2},
			{"appName": "잠금화면 설정", "usage": 1},
			{"appName": "원터치알림", "usage": 1},
			{"appName": "알람/시계", "usage": 1},
			{"appName": "메시지", "usage": 1},
		],
		"keys": [
			{"hour": "0", "usage": 0},
			{"hour": "1", "usage": 0},
			{"hour": "2", "usage": 39},
			{"hour": "3", "usage": 17},
			{"hour": "4", "usage": 20},
			{"hour": "5", "usage": 8},
			{"hour": "6", "usage": 19},
			{"hour": "7", "usage": 48},
			{"hour": "8", "usage": 34},
			{"hour": "9", "usage": 12},
			{"hour": "10", "usage": 6},
			{"hour": "11", "usage": 3},
			{"hour": "12", "usage": 6},
			{"hour": "13", "usage": 1},
			{"hour": "14", "usage": 9},
			{"hour": "15", "usage": 23},
			{"hour": "16", "usage": 0},
			{"hour": "17", "usage": 0},
			{"hour": "18", "usage": 0},
			{"hour": "19", "usage": 0},
			{"hour": "20", "usage": 0},
			{"hour": "21", "usage": 0},
			{"hour": "22", "usage": 0},
			{"hour": "23", "usage": 0},
		]
	},
	{
		"date": 6,
		"totalTime": 372,
		"details": [
			{"appName": "Chrome", "usage": 211},
			{"appName": "펜타스톰", "usage": 76},
			{"appName": "Lite", "usage": 29},
			{"appName": "기본홈", "usage": 21},
			{"appName": "카카오톡", "usage": 4},
			{"appName": "다음", "usage": 4},
			{"appName": "YouTube", "usage": 4},
			{"appName": "Paco", "usage": 4},
			{"appName": "Google Play 스토어", "usage": 4},
			{"appName": "원터치개인", "usage": 3},
			{"appName": "카메라", "usage": 2},
			{"appName": "Instagram", "usage": 2},
		],
		"keys": [
			{"hour": "0", "usage": 18},
			{"hour": "1", "usage": 11},
			{"hour": "2", "usage": 24},
			{"hour": "3", "usage": 1},
			{"hour": "4", "usage": 11},
			{"hour": "5", "usage": 39},
			{"hour": "6", "usage": 44},
			{"hour": "7", "usage": 7},
			{"hour": "8", "usage": 25},
			{"hour": "9", "usage": 4},
			{"hour": "10", "usage": 0},
			{"hour": "11", "usage": 1},
			{"hour": "12", "usage": 3},
			{"hour": "13", "usage": 42},
			{"hour": "14", "usage": 59},
			{"hour": "15", "usage": 58},
			{"hour": "16", "usage": 12},
			{"hour": "17", "usage": 0},
			{"hour": "18", "usage": 3},
			{"hour": "19", "usage": 0},
			{"hour": "20", "usage": 0},
			{"hour": "21", "usage": 0},
			{"hour": "22", "usage": 0},
			{"hour": "23", "usage": 0},
		]
	},
	{
		"date": 7,
		"totalTime": 224,
		"details": [
			{"appName": "카카오톡", "usage": 88},
			{"appName": "Chrome", "usage": 29},
			{"appName": "기본홈", "usage": 26},
			{"appName": "Lite", "usage": 22},
			{"appName": "네이버 지도", "usage": 14},
			{"appName": "주소록", "usage": 6},
			{"appName": "통화 화면", "usage": 5},
			{"appName": "왓챠", "usage": 5},
			{"appName": "YouTube", "usage": 5},
			{"appName": "Paco", "usage": 4},
			{"appName": "Instagram", "usage": 3},
			{"appName": "코레일톡", "usage": 2},
			{"appName": "음악", "usage": 2},
			{"appName": "알람/시계", "usage": 2},
			{"appName": "프레젠테이션", "usage": 1},
		],
		"keys": [
			{"hour": "0", "usage": 19},
			{"hour": "1", "usage": 0},
			{"hour": "2", "usage": 4},
			{"hour": "3", "usage": 15},
			{"hour": "4", "usage": 35},
			{"hour": "5", "usage": 12},
			{"hour": "6", "usage": 35},
			{"hour": "7", "usage": 15},
			{"hour": "8", "usage": 3},
			{"hour": "9", "usage": 1},
			{"hour": "10", "usage": 16},
			{"hour": "11", "usage": 4},
			{"hour": "12", "usage": 48},
			{"hour": "13", "usage": 9},
			{"hour": "14", "usage": 0},
			{"hour": "15", "usage": 0},
			{"hour": "16", "usage": 0},
			{"hour": "17", "usage": 0},
			{"hour": "18", "usage": 0},
			{"hour": "19", "usage": 0},
			{"hour": "20", "usage": 0},
			{"hour": "21", "usage": 0},
			{"hour": "22", "usage": 0},
			{"hour": "23", "usage": 0},
		]
	},
]
