[
	{
		"date": 1,
		"totalTime": 297,
		"details": [
			{"appName": "Facebook", "usage": 82},
			{"appName": "카카오톡", "usage": 49},
			{"appName": "Samsung Experience 홈", "usage": 33},
			{"appName": "Chrome", "usage": 33},
			{"appName": "Samsung Music", "usage": 18},
			{"appName": "FIFA Mobile", "usage": 15},
			{"appName": "Samsung Notes", "usage": 10},
			{"appName": "YouTube", "usage": 9},
			{"appName": "코레일톡", "usage": 8},
			{"appName": "Messenger", "usage": 8},
			{"appName": "설정", "usage": 5},
			{"appName": "Paco", "usage": 5},
			{"appName": "Polar Beat", "usage": 4},
			{"appName": "Melon", "usage": 3},
			{"appName": "Forza", "usage": 3},
			{"appName": "시스템 UI", "usage": 1},
			{"appName": "시계", "usage": 1},
		],
		"keys": [
			{"hour": "0", "usage": 9},
			{"hour": "1", "usage": 7},
			{"hour": "2", "usage": 22},
			{"hour": "3", "usage": 15},
			{"hour": "4", "usage": 16},
			{"hour": "5", "usage": 5},
			{"hour": "6", "usage": 5},
			{"hour": "7", "usage": 3},
			{"hour": "8", "usage": 33},
			{"hour": "9", "usage": 34},
			{"hour": "10", "usage": 23},
			{"hour": "11", "usage": 4},
			{"hour": "12", "usage": 6},
			{"hour": "13", "usage": 3},
			{"hour": "14", "usage": 1},
			{"hour": "15", "usage": 19},
			{"hour": "16", "usage": 38},
			{"hour": "17", "usage": 20},
			{"hour": "18", "usage": 6},
			{"hour": "19", "usage": 0},
			{"hour": "20", "usage": 0},
			{"hour": "21", "usage": 0},
			{"hour": "22", "usage": 10},
			{"hour": "23", "usage": 7},
		]
	},
	{
		"date": 2,
		"totalTime": 381,
		"details": [
			{"appName": "Facebook", "usage": 140},
			{"appName": "카카오톡", "usage": 62},
			{"appName": "Chrome", "usage": 51},
			{"appName": "Samsung Experience 홈", "usage": 46},
			{"appName": "한컴오피스 viewer", "usage": 19},
			{"appName": "Samsung Music", "usage": 15},
			{"appName": "FIFA Mobile", "usage": 13},
			{"appName": "YouTube", "usage": 9},
			{"appName": "Messenger", "usage": 5},
			{"appName": "전화", "usage": 2},
			{"appName": "시스템 UI", "usage": 2},
			{"appName": "Paco", "usage": 2},
			{"appName": "원터치개인", "usage": 1},
			{"appName": "설정", "usage": 1},
			{"appName": "Polar Beat", "usage": 1},
			{"appName": "KLMS", "usage": 1},
		],
		"keys": [
			{"hour": "0", "usage": 4},
			{"hour": "1", "usage": 24},
			{"hour": "2", "usage": 4},
			{"hour": "3", "usage": 16},
			{"hour": "4", "usage": 45},
			{"hour": "5", "usage": 34},
			{"hour": "6", "usage": 5},
			{"hour": "7", "usage": 20},
			{"hour": "8", "usage": 11},
			{"hour": "9", "usage": 2},
			{"hour": "10", "usage": 20},
			{"hour": "11", "usage": 1},
			{"hour": "12", "usage": 6},
			{"hour": "13", "usage": 14},
			{"hour": "14", "usage": 31},
			{"hour": "15", "usage": 29},
			{"hour": "16", "usage": 32},
			{"hour": "17", "usage": 21},
			{"hour": "18", "usage": 0},
			{"hour": "19", "usage": 23},
			{"hour": "20", "usage": 7},
			{"hour": "21", "usage": 0},
			{"hour": "22", "usage": 16},
			{"hour": "23", "usage": 5},
		]
	},
	{
		"date": 3,
		"totalTime": 379,
		"details": [
			{"appName": "Facebook", "usage": 183},
			{"appName": "Chrome", "usage": 62},
			{"appName": "카카오톡", "usage": 39},
			{"appName": "YouTube", "usage": 24},
			{"appName": "원터치개인", "usage": 21},
			{"appName": "Samsung Experience 홈", "usage": 15},
			{"appName": "Messenger", "usage": 12},
			{"appName": "한컴오피스 viewer", "usage": 3},
			{"appName": "Paco", "usage": 3},
			{"appName": "전화", "usage": 2},
			{"appName": "시스템 UI", "usage": 2},
			{"appName": "Melon", "usage": 2},
			{"appName": "설정", "usage": 1},
			{"appName": "Samsung Notes", "usage": 1},
		],
		"keys": [
			{"hour": "0", "usage": 23},
			{"hour": "1", "usage": 8},
			{"hour": "2", "usage": 17},
			{"hour": "3", "usage": 22},
			{"hour": "4", "usage": 11},
			{"hour": "5", "usage": 8},
			{"hour": "6", "usage": 5},
			{"hour": "7", "usage": 24},
			{"hour": "8", "usage": 15},
			{"hour": "9", "usage": 46},
			{"hour": "10", "usage": 54},
			{"hour": "11", "usage": 51},
			{"hour": "12", "usage": 6},
			{"hour": "13", "usage": 17},
			{"hour": "14", "usage": 21},
			{"hour": "15", "usage": 16},
			{"hour": "16", "usage": 16},
			{"hour": "17", "usage": 8},
			{"hour": "18", "usage": 0},
			{"hour": "19", "usage": 0},
			{"hour": "20", "usage": 0},
			{"hour": "21", "usage": 0},
			{"hour": "22", "usage": 0},
			{"hour": "23", "usage": 0},
		]
	},
	{
		"date": 4,
		"totalTime": 296,
		"details": [
			{"appName": "Facebook", "usage": 101},
			{"appName": "Chrome", "usage": 51},
			{"appName": "Samsung Experience 홈", "usage": 37},
			{"appName": "Messenger", "usage": 29},
			{"appName": "Melon", "usage": 22},
			{"appName": "카카오톡", "usage": 18},
			{"appName": "전화", "usage": 11},
			{"appName": "YouTube", "usage": 8},
			{"appName": "시스템 UI", "usage": 2},
			{"appName": "메시지", "usage": 2},
			{"appName": "Paco", "usage": 2},
			{"appName": "코레일톡", "usage": 1},
		],
		"keys": [
			{"hour": "0", "usage": 15},
			{"hour": "1", "usage": 18},
			{"hour": "2", "usage": 14},
			{"hour": "3", "usage": 24},
			{"hour": "4", "usage": 10},
			{"hour": "5", "usage": 21},
			{"hour": "6", "usage": 41},
			{"hour": "7", "usage": 44},
			{"hour": "8", "usage": 18},
			{"hour": "9", "usage": 4},
			{"hour": "10", "usage": 6},
			{"hour": "11", "usage": 0},
			{"hour": "12", "usage": 0},
			{"hour": "13", "usage": 0},
			{"hour": "14", "usage": 0},
			{"hour": "15", "usage": 0},
			{"hour": "16", "usage": 0},
			{"hour": "17", "usage": 17},
			{"hour": "18", "usage": 2},
			{"hour": "19", "usage": 2},
			{"hour": "20", "usage": 0},
			{"hour": "21", "usage": 9},
			{"hour": "22", "usage": 31},
			{"hour": "23", "usage": 11},
		]
	},
	{
		"date": 5,
		"totalTime": 366,
		"details": [
			{"appName": "Facebook", "usage": 104},
			{"appName": "FIFA Mobile", "usage": 51},
			{"appName": "Chrome", "usage": 51},
			{"appName": "카카오톡", "usage": 34},
			{"appName": "Messenger", "usage": 29},
			{"appName": "Forza", "usage": 22},
			{"appName": "Samsung Experience 홈", "usage": 18},
			{"appName": "삼성 인터넷", "usage": 10},
			{"appName": "YouTube", "usage": 8},
			{"appName": "갤러리", "usage": 5},
			{"appName": "음성 녹음", "usage": 4},
			{"appName": "Paco", "usage": 4},
			{"appName": "전화", "usage": 3},
			{"appName": "시스템 UI", "usage": 3},
			{"appName": "설정", "usage": 3},
			{"appName": "Samsung Music", "usage": 3},
			{"appName": "SNOW", "usage": 2},
			{"appName": "Melon", "usage": 2},
			{"appName": "연락처", "usage": 1},
		],
		"keys": [
			{"hour": "0", "usage": 16},
			{"hour": "1", "usage": 18},
			{"hour": "2", "usage": 15},
			{"hour": "3", "usage": 25},
			{"hour": "4", "usage": 17},
			{"hour": "5", "usage": 8},
			{"hour": "6", "usage": 2},
			{"hour": "7", "usage": 4},
			{"hour": "8", "usage": 20},
			{"hour": "9", "usage": 26},
			{"hour": "10", "usage": 30},
			{"hour": "11", "usage": 33},
			{"hour": "12", "usage": 38},
			{"hour": "13", "usage": 1},
			{"hour": "14", "usage": 10},
			{"hour": "15", "usage": 43},
			{"hour": "16", "usage": 16},
			{"hour": "17", "usage": 1},
			{"hour": "18", "usage": 19},
			{"hour": "19", "usage": 3},
			{"hour": "20", "usage": 9},
			{"hour": "21", "usage": 0},
			{"hour": "22", "usage": 0},
			{"hour": "23", "usage": 0},
		]
	},
	{
		"date": 6,
		"totalTime": 223,
		"details": [
			{"appName": "Facebook", "usage": 72},
			{"appName": "Chrome", "usage": 72},
			{"appName": "YouTube", "usage": 15},
			{"appName": "Forza", "usage": 15},
			{"appName": "Messenger", "usage": 10},
			{"appName": "삼성 인터넷", "usage": 9},
			{"appName": "카카오톡", "usage": 8},
			{"appName": "Samsung Experience 홈", "usage": 8},
			{"appName": "SNOW", "usage": 2},
			{"appName": "시스템 UI", "usage": 1},
			{"appName": "설정", "usage": 1},
			{"appName": "SR 고속열차", "usage": 1},
			{"appName": "Paco", "usage": 1},
		],
		"keys": [
			{"hour": "0", "usage": 0},
			{"hour": "1", "usage": 0},
			{"hour": "2", "usage": 7},
			{"hour": "3", "usage": 58},
			{"hour": "4", "usage": 31},
			{"hour": "5", "usage": 19},
			{"hour": "6", "usage": 10},
			{"hour": "7", "usage": 8},
			{"hour": "8", "usage": 6},
			{"hour": "9", "usage": 0},
			{"hour": "10", "usage": 9},
			{"hour": "11", "usage": 9},
			{"hour": "12", "usage": 8},
			{"hour": "13", "usage": 0},
			{"hour": "14", "usage": 0},
			{"hour": "15", "usage": 0},
			{"hour": "16", "usage": 0},
			{"hour": "17", "usage": 0},
			{"hour": "18", "usage": 0},
			{"hour": "19", "usage": 0},
			{"hour": "20", "usage": 0},
			{"hour": "21", "usage": 0},
			{"hour": "22", "usage": 9},
			{"hour": "23", "usage": 42},
		]
	},
	{
		"date": 7,
		"totalTime": 315,
		"details": [
			{"appName": "Facebook", "usage": 104},
			{"appName": "카카오톡", "usage": 71},
			{"appName": "Messenger", "usage": 41},
			{"appName": "Samsung Experience 홈", "usage": 28},
			{"appName": "YouTube", "usage": 24},
			{"appName": "SR 고속열차", "usage": 12},
			{"appName": "전화", "usage": 5},
			{"appName": "시스템 UI", "usage": 4},
			{"appName": "Samsung Music", "usage": 4},
			{"appName": "Forza", "usage": 3},
			{"appName": "에브리타임", "usage": 2},
			{"appName": "갤러리", "usage": 2},
			{"appName": "Chrome", "usage": 2},
			{"appName": "시계", "usage": 1},
			{"appName": "Melon", "usage": 1},
		],
		"keys": [
			{"hour": "0", "usage": 0},
			{"hour": "1", "usage": 11},
			{"hour": "2", "usage": 2},
			{"hour": "3", "usage": 20},
			{"hour": "4", "usage": 20},
			{"hour": "5", "usage": 4},
			{"hour": "6", "usage": 36},
			{"hour": "7", "usage": 13},
			{"hour": "8", "usage": 0},
			{"hour": "9", "usage": 0},
			{"hour": "10", "usage": 3},
			{"hour": "11", "usage": 8},
			{"hour": "12", "usage": 9},
			{"hour": "13", "usage": 27},
			{"hour": "14", "usage": 2},
			{"hour": "15", "usage": 34},
			{"hour": "16", "usage": 9},
			{"hour": "17", "usage": 52},
			{"hour": "18", "usage": 26},
			{"hour": "19", "usage": 0},
			{"hour": "20", "usage": 0},
			{"hour": "21", "usage": 0},
			{"hour": "22", "usage": 10},
			{"hour": "23", "usage": 20},
		]
	},
]
