[
	{
		"date": 1,
		"totalTime": 238,
		"details": [
			{"appName": "Chrome", "usage": 127},
			{"appName": "카카오톡", "usage": 32},
			{"appName": "One UI 홈", "usage": 13},
			{"appName": "Paco", "usage": 9},
			{"appName": "Polar Beat", "usage": 8},
			{"appName": "직방", "usage": 6},
			{"appName": "메시지", "usage": 5},
			{"appName": "시계", "usage": 4},
			{"appName": "KLMS", "usage": 4},
			{"appName": "PAYCO", "usage": 3},
			{"appName": "Facebook", "usage": 3},
			{"appName": "Dropsync", "usage": 3},
			{"appName": "전화", "usage": 2},
			{"appName": "배달의민족", "usage": 2},
			{"appName": "갤러리", "usage": 2},
			{"appName": "카카오뱅크", "usage": 1},
			{"appName": "삼성 인터넷", "usage": 1},
			{"appName": "다방", "usage": 1},
			{"appName": "YouTube", "usage": 1},
		],
		"keys": [
			{"hour": "0", "usage": 0},
			{"hour": "1", "usage": 26},
			{"hour": "2", "usage": 12},
			{"hour": "3", "usage": 11},
			{"hour": "4", "usage": 0},
			{"hour": "5", "usage": 0},
			{"hour": "6", "usage": 13},
			{"hour": "7", "usage": 4},
			{"hour": "8", "usage": 4},
			{"hour": "9", "usage": 16},
			{"hour": "10", "usage": 21},
			{"hour": "11", "usage": 5},
			{"hour": "12", "usage": 6},
			{"hour": "13", "usage": 3},
			{"hour": "14", "usage": 25},
			{"hour": "15", "usage": 44},
			{"hour": "16", "usage": 34},
			{"hour": "17", "usage": 4},
			{"hour": "18", "usage": 2},
			{"hour": "19", "usage": 0},
			{"hour": "20", "usage": 0},
			{"hour": "21", "usage": 0},
			{"hour": "22", "usage": 0},
			{"hour": "23", "usage": 0},
		]
	},
	{
		"date": 2,
		"totalTime": 208,
		"details": [
			{"appName": "Chrome", "usage": 116},
			{"appName": "카카오톡", "usage": 30},
			{"appName": "메시지", "usage": 11},
			{"appName": "One UI 홈", "usage": 8},
			{"appName": "Paco", "usage": 6},
			{"appName": "Facebook", "usage": 6},
			{"appName": "SR 고속열차", "usage": 3},
			{"appName": "코레일톡", "usage": 2},
			{"appName": "카카오뱅크", "usage": 2},
			{"appName": "직방", "usage": 2},
			{"appName": "신한 쏠(SOL)", "usage": 2},
			{"appName": "Samsung Pay", "usage": 2},
			{"appName": "카메라", "usage": 1},
			{"appName": "삼성 인터넷", "usage": 1},
			{"appName": "Dropsync", "usage": 1},
		],
		"keys": [
			{"hour": "0", "usage": 0},
			{"hour": "1", "usage": 0},
			{"hour": "2", "usage": 13},
			{"hour": "3", "usage": 0},
			{"hour": "4", "usage": 0},
			{"hour": "5", "usage": 16},
			{"hour": "6", "usage": 3},
			{"hour": "7", "usage": 11},
			{"hour": "8", "usage": 40},
			{"hour": "9", "usage": 13},
			{"hour": "10", "usage": 4},
			{"hour": "11", "usage": 4},
			{"hour": "12", "usage": 30},
			{"hour": "13", "usage": 0},
			{"hour": "14", "usage": 0},
			{"hour": "15", "usage": 0},
			{"hour": "16", "usage": 19},
			{"hour": "17", "usage": 0},
			{"hour": "18", "usage": 0},
			{"hour": "19", "usage": 0},
			{"hour": "20", "usage": 0},
			{"hour": "21", "usage": 0},
			{"hour": "22", "usage": 0},
			{"hour": "23", "usage": 49},
		]
	},
	{
		"date": 3,
		"totalTime": 76,
		"details": [
			{"appName": "Chrome", "usage": 30},
			{"appName": "EhViewer", "usage": 18},
			{"appName": "메시지", "usage": 7},
			{"appName": "Paco", "usage": 6},
			{"appName": "카카오톡", "usage": 2},
			{"appName": "전화", "usage": 2},
			{"appName": "One UI 홈", "usage": 2},
			{"appName": "카카오뱅크", "usage": 1},
			{"appName": "Samsung Pay", "usage": 1},
			{"appName": "Facebook", "usage": 1},
		],
		"keys": [
			{"hour": "0", "usage": 0},
			{"hour": "1", "usage": 15},
			{"hour": "2", "usage": 2},
			{"hour": "3", "usage": 7},
			{"hour": "4", "usage": 9},
			{"hour": "5", "usage": 0},
			{"hour": "6", "usage": 0},
			{"hour": "7", "usage": 14},
			{"hour": "8", "usage": 0},
			{"hour": "9", "usage": 1},
			{"hour": "10", "usage": 0},
			{"hour": "11", "usage": 0},
			{"hour": "12", "usage": 1},
			{"hour": "13", "usage": 0},
			{"hour": "14", "usage": 0},
			{"hour": "15", "usage": 1},
			{"hour": "16", "usage": 0},
			{"hour": "17", "usage": 19},
			{"hour": "18", "usage": 0},
			{"hour": "19", "usage": 0},
			{"hour": "20", "usage": 0},
			{"hour": "21", "usage": 0},
			{"hour": "22", "usage": 0},
			{"hour": "23", "usage": 0},
		]
	},
	{
		"date": 4,
		"totalTime": 59,
		"details": [
			{"appName": "EhViewer", "usage": 15},
			{"appName": "Chrome", "usage": 13},
			{"appName": "Facebook", "usage": 10},
			{"appName": "Paco", "usage": 4},
			{"appName": "삼성 인터넷", "usage": 3},
			{"appName": "카카오톡", "usage": 2},
			{"appName": "배달요기요", "usage": 1},
			{"appName": "SR 고속열차", "usage": 1},
			{"appName": "One UI 홈", "usage": 1},
			{"appName": "Microsoft Health", "usage": 1},
		],
		"keys": [
			{"hour": "0", "usage": 0},
			{"hour": "1", "usage": 0},
			{"hour": "2", "usage": 12},
			{"hour": "3", "usage": 0},
			{"hour": "4", "usage": 0},
			{"hour": "5", "usage": 0},
			{"hour": "6", "usage": 0},
			{"hour": "7", "usage": 0},
			{"hour": "8", "usage": 2},
			{"hour": "9", "usage": 0},
			{"hour": "10", "usage": 0},
			{"hour": "11", "usage": 0},
			{"hour": "12", "usage": 0},
			{"hour": "13", "usage": 0},
			{"hour": "14", "usage": 0},
			{"hour": "15", "usage": 1},
			{"hour": "16", "usage": 0},
			{"hour": "17", "usage": 0},
			{"hour": "18", "usage": 16},
			{"hour": "19", "usage": 19},
			{"hour": "20", "usage": 0},
			{"hour": "21", "usage": 0},
			{"hour": "22", "usage": 0},
			{"hour": "23", "usage": 0},
		]
	},
	{
		"date": 5,
		"totalTime": 794,
		"details": [
			{"appName": "Chrome", "usage": 723},
			{"appName": "카카오톡", "usage": 23},
			{"appName": "YouTube", "usage": 13},
			{"appName": "One UI 홈", "usage": 7},
			{"appName": "카카오 T", "usage": 5},
			{"appName": "SR 고속열차", "usage": 4},
			{"appName": "메시지", "usage": 2},
			{"appName": "Samsung Pay", "usage": 2},
			{"appName": "Paco", "usage": 2},
			{"appName": "Gmail", "usage": 2},
			{"appName": "Facebook", "usage": 1},
		],
		"keys": [
			{"hour": "0", "usage": 0},
			{"hour": "1", "usage": 0},
			{"hour": "2", "usage": 0},
			{"hour": "3", "usage": 0},
			{"hour": "4", "usage": 0},
			{"hour": "5", "usage": 5},
			{"hour": "6", "usage": 0},
			{"hour": "7", "usage": 0},
			{"hour": "8", "usage": 23},
			{"hour": "9", "usage": 34},
			{"hour": "10", "usage": 25},
			{"hour": "11", "usage": 19},
			{"hour": "12", "usage": 0},
			{"hour": "13", "usage": 0},
			{"hour": "14", "usage": 0},
			{"hour": "15", "usage": 0},
			{"hour": "16", "usage": 0},
			{"hour": "17", "usage": 0},
			{"hour": "18", "usage": 0},
			{"hour": "19", "usage": 0},
			{"hour": "20", "usage": 0},
			{"hour": "21", "usage": 0},
			{"hour": "22", "usage": 0},
			{"hour": "23", "usage": 0},
		]
	},
	{
		"date": 6,
		"totalTime": 0,
		"details": [
		],
		"keys": [
			{"hour": "0", "usage": 0},
			{"hour": "1", "usage": 0},
			{"hour": "2", "usage": 0},
			{"hour": "3", "usage": 0},
			{"hour": "4", "usage": 0},
			{"hour": "5", "usage": 0},
			{"hour": "6", "usage": 0},
			{"hour": "7", "usage": 0},
			{"hour": "8", "usage": 0},
			{"hour": "9", "usage": 0},
			{"hour": "10", "usage": 0},
			{"hour": "11", "usage": 0},
			{"hour": "12", "usage": 0},
			{"hour": "13", "usage": 0},
			{"hour": "14", "usage": 0},
			{"hour": "15", "usage": 0},
			{"hour": "16", "usage": 0},
			{"hour": "17", "usage": 0},
			{"hour": "18", "usage": 0},
			{"hour": "19", "usage": 0},
			{"hour": "20", "usage": 0},
			{"hour": "21", "usage": 0},
			{"hour": "22", "usage": 0},
			{"hour": "23", "usage": 0},
		]
	},
	{
		"date": 7,
		"totalTime": 0,
		"details": [
		],
		"keys": [
			{"hour": "0", "usage": 0},
			{"hour": "1", "usage": 0},
			{"hour": "2", "usage": 0},
			{"hour": "3", "usage": 0},
			{"hour": "4", "usage": 0},
			{"hour": "5", "usage": 0},
			{"hour": "6", "usage": 0},
			{"hour": "7", "usage": 0},
			{"hour": "8", "usage": 0},
			{"hour": "9", "usage": 0},
			{"hour": "10", "usage": 0},
			{"hour": "11", "usage": 0},
			{"hour": "12", "usage": 0},
			{"hour": "13", "usage": 0},
			{"hour": "14", "usage": 0},
			{"hour": "15", "usage": 0},
			{"hour": "16", "usage": 0},
			{"hour": "17", "usage": 0},
			{"hour": "18", "usage": 0},
			{"hour": "19", "usage": 0},
			{"hour": "20", "usage": 0},
			{"hour": "21", "usage": 0},
			{"hour": "22", "usage": 0},
			{"hour": "23", "usage": 0},
		]
	},
]
