[
	{
		"date": 1,
		"totalTime": 0,
		"details": [
		],
		"keys": [
			{"hour": "0", "usage": 0},
			{"hour": "1", "usage": 0},
			{"hour": "2", "usage": 0},
			{"hour": "3", "usage": 0},
			{"hour": "4", "usage": 0},
			{"hour": "5", "usage": 0},
			{"hour": "6", "usage": 0},
			{"hour": "7", "usage": 0},
			{"hour": "8", "usage": 0},
			{"hour": "9", "usage": 0},
			{"hour": "10", "usage": 0},
			{"hour": "11", "usage": 0},
			{"hour": "12", "usage": 0},
			{"hour": "13", "usage": 0},
			{"hour": "14", "usage": 0},
			{"hour": "15", "usage": 0},
			{"hour": "16", "usage": 0},
			{"hour": "17", "usage": 0},
			{"hour": "18", "usage": 0},
			{"hour": "19", "usage": 0},
			{"hour": "20", "usage": 0},
			{"hour": "21", "usage": 0},
			{"hour": "22", "usage": 0},
			{"hour": "23", "usage": 0},
		]
	},
	{
		"date": 2,
		"totalTime": 0,
		"details": [
		],
		"keys": [
			{"hour": "0", "usage": 0},
			{"hour": "1", "usage": 0},
			{"hour": "2", "usage": 0},
			{"hour": "3", "usage": 0},
			{"hour": "4", "usage": 0},
			{"hour": "5", "usage": 0},
			{"hour": "6", "usage": 0},
			{"hour": "7", "usage": 0},
			{"hour": "8", "usage": 0},
			{"hour": "9", "usage": 0},
			{"hour": "10", "usage": 0},
			{"hour": "11", "usage": 0},
			{"hour": "12", "usage": 0},
			{"hour": "13", "usage": 0},
			{"hour": "14", "usage": 0},
			{"hour": "15", "usage": 0},
			{"hour": "16", "usage": 0},
			{"hour": "17", "usage": 0},
			{"hour": "18", "usage": 0},
			{"hour": "19", "usage": 0},
			{"hour": "20", "usage": 0},
			{"hour": "21", "usage": 0},
			{"hour": "22", "usage": 0},
			{"hour": "23", "usage": 0},
		]
	},
	{
		"date": 3,
		"totalTime": 0,
		"details": [
		],
		"keys": [
			{"hour": "0", "usage": 0},
			{"hour": "1", "usage": 0},
			{"hour": "2", "usage": 0},
			{"hour": "3", "usage": 0},
			{"hour": "4", "usage": 0},
			{"hour": "5", "usage": 0},
			{"hour": "6", "usage": 0},
			{"hour": "7", "usage": 0},
			{"hour": "8", "usage": 0},
			{"hour": "9", "usage": 0},
			{"hour": "10", "usage": 0},
			{"hour": "11", "usage": 0},
			{"hour": "12", "usage": 0},
			{"hour": "13", "usage": 0},
			{"hour": "14", "usage": 0},
			{"hour": "15", "usage": 0},
			{"hour": "16", "usage": 0},
			{"hour": "17", "usage": 0},
			{"hour": "18", "usage": 0},
			{"hour": "19", "usage": 0},
			{"hour": "20", "usage": 0},
			{"hour": "21", "usage": 0},
			{"hour": "22", "usage": 0},
			{"hour": "23", "usage": 0},
		]
	},
	{
		"date": 4,
		"totalTime": 725,
		"details": [
			{"appName": "FIFA Online 4 M", "usage": 673},
			{"appName": "카카오톡", "usage": 17},
			{"appName": "네이버 웹툰", "usage": 10},
			{"appName": "Chrome", "usage": 6},
			{"appName": "계산기", "usage": 5},
			{"appName": "삼성 인터넷", "usage": 4},
			{"appName": "설정", "usage": 2},
			{"appName": "Samsung Experience 홈", "usage": 1},
			{"appName": "Polar Beat", "usage": 1},
			{"appName": "Facebook", "usage": 1},
		],
		"keys": [
			{"hour": "0", "usage": 60},
			{"hour": "1", "usage": 60},
			{"hour": "2", "usage": 60},
			{"hour": "3", "usage": 60},
			{"hour": "4", "usage": 60},
			{"hour": "5", "usage": 60},
			{"hour": "6", "usage": 60},
			{"hour": "7", "usage": 60},
			{"hour": "8", "usage": 60},
			{"hour": "9", "usage": 60},
			{"hour": "10", "usage": 60},
			{"hour": "11", "usage": 13},
			{"hour": "12", "usage": 0},
			{"hour": "13", "usage": 0},
			{"hour": "14", "usage": 0},
			{"hour": "15", "usage": 0},
			{"hour": "16", "usage": 0},
			{"hour": "17", "usage": 0},
			{"hour": "18", "usage": 0},
			{"hour": "19", "usage": 0},
			{"hour": "20", "usage": 0},
			{"hour": "21", "usage": 43},
			{"hour": "22", "usage": 7},
			{"hour": "23", "usage": 0},
		]
	},
	{
		"date": 5,
		"totalTime": 155,
		"details": [
			{"appName": "Samsung Experience 홈", "usage": 49},
			{"appName": "카카오톡", "usage": 29},
			{"appName": "Facebook", "usage": 24},
			{"appName": "Chrome", "usage": 19},
			{"appName": "네이버 지도", "usage": 6},
			{"appName": "삼성 인터넷", "usage": 5},
			{"appName": "드라이브", "usage": 5},
			{"appName": "Slack", "usage": 3},
			{"appName": "Firefox", "usage": 3},
			{"appName": "문서", "usage": 1},
			{"appName": "네이버 웹툰", "usage": 1},
		],
		"keys": [
			{"hour": "0", "usage": 0},
			{"hour": "1", "usage": 2},
			{"hour": "2", "usage": 4},
			{"hour": "3", "usage": 8},
			{"hour": "4", "usage": 39},
			{"hour": "5", "usage": 32},
			{"hour": "6", "usage": 6},
			{"hour": "7", "usage": 1},
			{"hour": "8", "usage": 1},
			{"hour": "9", "usage": 3},
			{"hour": "10", "usage": 23},
			{"hour": "11", "usage": 16},
			{"hour": "12", "usage": 0},
			{"hour": "13", "usage": 0},
			{"hour": "14", "usage": 0},
			{"hour": "15", "usage": 0},
			{"hour": "16", "usage": 11},
			{"hour": "17", "usage": 2},
			{"hour": "18", "usage": 0},
			{"hour": "19", "usage": 0},
			{"hour": "20", "usage": 0},
			{"hour": "21", "usage": 0},
			{"hour": "22", "usage": 0},
			{"hour": "23", "usage": 0},
		]
	},
	{
		"date": 6,
		"totalTime": 264,
		"details": [
			{"appName": "YouTube", "usage": 40},
			{"appName": "카카오톡", "usage": 39},
			{"appName": "Facebook", "usage": 33},
			{"appName": "네이버 지도", "usage": 24},
			{"appName": "네이버 웹툰", "usage": 18},
			{"appName": "Samsung Experience 홈", "usage": 16},
			{"appName": "Chrome", "usage": 16},
			{"appName": "Zenly", "usage": 13},
			{"appName": "전화", "usage": 11},
			{"appName": "이사만루 2019", "usage": 8},
			{"appName": "리마인더", "usage": 6},
			{"appName": "삼성 인터넷", "usage": 5},
			{"appName": "시계", "usage": 4},
			{"appName": "문서", "usage": 3},
			{"appName": "Firefox", "usage": 2},
			{"appName": "카메라", "usage": 1},
			{"appName": "설정", "usage": 1},
			{"appName": "Slack", "usage": 1},
			{"appName": "Polar Beat", "usage": 1},
			{"appName": "Melon", "usage": 1},
			{"appName": "KLMS", "usage": 1},
			{"appName": "Instagram", "usage": 1},
			{"appName": "Google Play 스토어", "usage": 1},
		],
		"keys": [
			{"hour": "0", "usage": 0},
			{"hour": "1", "usage": 0},
			{"hour": "2", "usage": 2},
			{"hour": "3", "usage": 3},
			{"hour": "4", "usage": 3},
			{"hour": "5", "usage": 7},
			{"hour": "6", "usage": 11},
			{"hour": "7", "usage": 26},
			{"hour": "8", "usage": 13},
			{"hour": "9", "usage": 14},
			{"hour": "10", "usage": 26},
			{"hour": "11", "usage": 6},
			{"hour": "12", "usage": 5},
			{"hour": "13", "usage": 23},
			{"hour": "14", "usage": 3},
			{"hour": "15", "usage": 8},
			{"hour": "16", "usage": 51},
			{"hour": "17", "usage": 29},
			{"hour": "18", "usage": 0},
			{"hour": "19", "usage": 0},
			{"hour": "20", "usage": 2},
			{"hour": "21", "usage": 13},
			{"hour": "22", "usage": 9},
			{"hour": "23", "usage": 0},
		]
	},
	{
		"date": 7,
		"totalTime": 299,
		"details": [
			{"appName": "Facebook", "usage": 113},
			{"appName": "Chrome", "usage": 58},
			{"appName": "카카오톡", "usage": 40},
			{"appName": "전화", "usage": 12},
			{"appName": "Samsung Experience 홈", "usage": 12},
			{"appName": "시외버스	모바일", "usage": 6},
			{"appName": "Instagram", "usage": 6},
			{"appName": "삼성 인터넷", "usage": 5},
			{"appName": "네이버 지도", "usage": 5},
			{"appName": "설정", "usage": 4},
			{"appName": "Slack", "usage": 4},
			{"appName": "Firefox", "usage": 4},
			{"appName": "메시지", "usage": 3},
			{"appName": "카카오 T", "usage": 2},
			{"appName": "Zenly", "usage": 2},
			{"appName": "YouTube", "usage": 2},
			{"appName": "Netflix", "usage": 2},
			{"appName": "이사만루 2019", "usage": 1},
			{"appName": "원터치개인", "usage": 1},
			{"appName": "빅토(VicTo) Google", "usage": 1},
			{"appName": "드라이브", "usage": 1},
			{"appName": "Paco", "usage": 1},
			{"appName": "FIFA Online 4 M", "usage": 1},
		],
		"keys": [
			{"hour": "0", "usage": 7},
			{"hour": "1", "usage": 1},
			{"hour": "2", "usage": 37},
			{"hour": "3", "usage": 30},
			{"hour": "4", "usage": 43},
			{"hour": "5", "usage": 36},
			{"hour": "6", "usage": 40},
			{"hour": "7", "usage": 26},
			{"hour": "8", "usage": 0},
			{"hour": "9", "usage": 51},
			{"hour": "10", "usage": 9},
			{"hour": "11", "usage": 10},
			{"hour": "12", "usage": 4},
			{"hour": "13", "usage": 0},
			{"hour": "14", "usage": 0},
			{"hour": "15", "usage": 0},
			{"hour": "16", "usage": 0},
			{"hour": "17", "usage": 0},
			{"hour": "18", "usage": 0},
			{"hour": "19", "usage": 0},
			{"hour": "20", "usage": 0},
			{"hour": "21", "usage": 0},
			{"hour": "22", "usage": 0},
			{"hour": "23", "usage": 0},
		]
	},
]
