[
	{
		"date": 1,
		"totalTime": 238,
		"details": [
			{"appName": "Chrome", "usage": 95},
			{"appName": "카카오톡", "usage": 72},
			{"appName": "FLO", "usage": 22},
			{"appName": "시스템 런처", "usage": 18},
			{"appName": "Paco", "usage": 5},
			{"appName": "메시지", "usage": 3},
			{"appName": "카카오뱅크", "usage": 2},
			{"appName": "Polar Beat", "usage": 2},
			{"appName": "Google Play 스토어", "usage": 2},
			{"appName": "원터치개인", "usage": 1},
			{"appName": "Microsoft Band", "usage": 1},
			{"appName": "KLMS", "usage": 1},
		],
		"keys": [
			{"hour": "0", "usage": 3},
			{"hour": "1", "usage": 5},
			{"hour": "2", "usage": 7},
			{"hour": "3", "usage": 17},
			{"hour": "4", "usage": 4},
			{"hour": "5", "usage": 6},
			{"hour": "6", "usage": 7},
			{"hour": "7", "usage": 13},
			{"hour": "8", "usage": 15},
			{"hour": "9", "usage": 25},
			{"hour": "10", "usage": 16},
			{"hour": "11", "usage": 3},
			{"hour": "12", "usage": 27},
			{"hour": "13", "usage": 3},
			{"hour": "14", "usage": 0},
			{"hour": "15", "usage": 9},
			{"hour": "16", "usage": 44},
			{"hour": "17", "usage": 22},
			{"hour": "18", "usage": 0},
			{"hour": "19", "usage": 0},
			{"hour": "20", "usage": 0},
			{"hour": "21", "usage": 0},
			{"hour": "22", "usage": 0},
			{"hour": "23", "usage": 5},
		]
	},
	{
		"date": 2,
		"totalTime": 94,
		"details": [
			{"appName": "Chrome", "usage": 22},
			{"appName": "카카오톡", "usage": 18},
			{"appName": "메시지", "usage": 12},
			{"appName": "시스템 런처", "usage": 11},
			{"appName": "InCallUI", "usage": 7},
			{"appName": "원터치개인", "usage": 4},
			{"appName": "Paco", "usage": 3},
			{"appName": "Dropsync", "usage": 2},
			{"appName": "ABC Logger", "usage": 2},
			{"appName": "시스템 UI", "usage": 1},
			{"appName": "갤러리", "usage": 1},
			{"appName": "KLMS", "usage": 1},
		],
		"keys": [
			{"hour": "0", "usage": 6},
			{"hour": "1", "usage": 6},
			{"hour": "2", "usage": 1},
			{"hour": "3", "usage": 5},
			{"hour": "4", "usage": 0},
			{"hour": "5", "usage": 20},
			{"hour": "6", "usage": 8},
			{"hour": "7", "usage": 21},
			{"hour": "8", "usage": 11},
			{"hour": "9", "usage": 7},
			{"hour": "10", "usage": 1},
			{"hour": "11", "usage": 0},
			{"hour": "12", "usage": 4},
			{"hour": "13", "usage": 0},
			{"hour": "14", "usage": 0},
			{"hour": "15", "usage": 0},
			{"hour": "16", "usage": 0},
			{"hour": "17", "usage": 0},
			{"hour": "18", "usage": 0},
			{"hour": "19", "usage": 0},
			{"hour": "20", "usage": 0},
			{"hour": "21", "usage": 0},
			{"hour": "22", "usage": 0},
			{"hour": "23", "usage": 0},
		]
	},
	{
		"date": 3,
		"totalTime": 154,
		"details": [
			{"appName": "Chrome", "usage": 50},
			{"appName": "카카오톡", "usage": 46},
			{"appName": "FLO", "usage": 13},
			{"appName": "시스템 런처", "usage": 12},
			{"appName": "ABC Logger", "usage": 10},
			{"appName": "메시지", "usage": 5},
			{"appName": "시스템 UI", "usage": 2},
			{"appName": "드라이브", "usage": 2},
			{"appName": "Paco", "usage": 2},
			{"appName": "CamScanner", "usage": 1},
		],
		"keys": [
			{"hour": "0", "usage": 0},
			{"hour": "1", "usage": 0},
			{"hour": "2", "usage": 0},
			{"hour": "3", "usage": 0},
			{"hour": "4", "usage": 0},
			{"hour": "5", "usage": 0},
			{"hour": "6", "usage": 15},
			{"hour": "7", "usage": 11},
			{"hour": "8", "usage": 10},
			{"hour": "9", "usage": 26},
			{"hour": "10", "usage": 6},
			{"hour": "11", "usage": 1},
			{"hour": "12", "usage": 5},
			{"hour": "13", "usage": 17},
			{"hour": "14", "usage": 10},
			{"hour": "15", "usage": 12},
			{"hour": "16", "usage": 13},
			{"hour": "17", "usage": 6},
			{"hour": "18", "usage": 4},
			{"hour": "19", "usage": 11},
			{"hour": "20", "usage": 0},
			{"hour": "21", "usage": 0},
			{"hour": "22", "usage": 0},
			{"hour": "23", "usage": 0},
		]
	},
	{
		"date": 4,
		"totalTime": 108,
		"details": [
			{"appName": "Chrome", "usage": 32},
			{"appName": "FLO", "usage": 29},
			{"appName": "카카오톡", "usage": 27},
			{"appName": "시스템 런처", "usage": 6},
			{"appName": "Paco", "usage": 4},
			{"appName": "InCallUI", "usage": 3},
		],
		"keys": [
			{"hour": "0", "usage": 0},
			{"hour": "1", "usage": 6},
			{"hour": "2", "usage": 11},
			{"hour": "3", "usage": 6},
			{"hour": "4", "usage": 12},
			{"hour": "5", "usage": 8},
			{"hour": "6", "usage": 0},
			{"hour": "7", "usage": 6},
			{"hour": "8", "usage": 29},
			{"hour": "9", "usage": 17},
			{"hour": "10", "usage": 7},
			{"hour": "11", "usage": 0},
			{"hour": "12", "usage": 0},
			{"hour": "13", "usage": 0},
			{"hour": "14", "usage": 0},
			{"hour": "15", "usage": 0},
			{"hour": "16", "usage": 0},
			{"hour": "17", "usage": 0},
			{"hour": "18", "usage": 0},
			{"hour": "19", "usage": 0},
			{"hour": "20", "usage": 0},
			{"hour": "21", "usage": 0},
			{"hour": "22", "usage": 0},
			{"hour": "23", "usage": 0},
		]
	},
	{
		"date": 5,
		"totalTime": 0,
		"details": [
		],
		"keys": [
			{"hour": "0", "usage": 0},
			{"hour": "1", "usage": 0},
			{"hour": "2", "usage": 0},
			{"hour": "3", "usage": 0},
			{"hour": "4", "usage": 0},
			{"hour": "5", "usage": 0},
			{"hour": "6", "usage": 0},
			{"hour": "7", "usage": 0},
			{"hour": "8", "usage": 0},
			{"hour": "9", "usage": 0},
			{"hour": "10", "usage": 0},
			{"hour": "11", "usage": 0},
			{"hour": "12", "usage": 0},
			{"hour": "13", "usage": 0},
			{"hour": "14", "usage": 0},
			{"hour": "15", "usage": 0},
			{"hour": "16", "usage": 0},
			{"hour": "17", "usage": 0},
			{"hour": "18", "usage": 0},
			{"hour": "19", "usage": 0},
			{"hour": "20", "usage": 0},
			{"hour": "21", "usage": 0},
			{"hour": "22", "usage": 0},
			{"hour": "23", "usage": 0},
		]
	},
	{
		"date": 6,
		"totalTime": 0,
		"details": [
		],
		"keys": [
			{"hour": "0", "usage": 0},
			{"hour": "1", "usage": 0},
			{"hour": "2", "usage": 0},
			{"hour": "3", "usage": 0},
			{"hour": "4", "usage": 0},
			{"hour": "5", "usage": 0},
			{"hour": "6", "usage": 0},
			{"hour": "7", "usage": 0},
			{"hour": "8", "usage": 0},
			{"hour": "9", "usage": 0},
			{"hour": "10", "usage": 0},
			{"hour": "11", "usage": 0},
			{"hour": "12", "usage": 0},
			{"hour": "13", "usage": 0},
			{"hour": "14", "usage": 0},
			{"hour": "15", "usage": 0},
			{"hour": "16", "usage": 0},
			{"hour": "17", "usage": 0},
			{"hour": "18", "usage": 0},
			{"hour": "19", "usage": 0},
			{"hour": "20", "usage": 0},
			{"hour": "21", "usage": 0},
			{"hour": "22", "usage": 0},
			{"hour": "23", "usage": 0},
		]
	},
	{
		"date": 7,
		"totalTime": 787,
		"details": [
			{"appName": "Chrome", "usage": 735},
			{"appName": "카카오톡", "usage": 20},
			{"appName": "YouTube", "usage": 14},
			{"appName": "시스템 런처", "usage": 5},
			{"appName": "InCallUI", "usage": 5},
			{"appName": "메시지", "usage": 2},
			{"appName": "Paco", "usage": 2},
			{"appName": "Polar Beat", "usage": 1},
		],
		"keys": [
			{"hour": "0", "usage": 0},
			{"hour": "1", "usage": 0},
			{"hour": "2", "usage": 0},
			{"hour": "3", "usage": 0},
			{"hour": "4", "usage": 0},
			{"hour": "5", "usage": 0},
			{"hour": "6", "usage": 2},
			{"hour": "7", "usage": 25},
			{"hour": "8", "usage": 30},
			{"hour": "9", "usage": 22},
			{"hour": "10", "usage": 32},
			{"hour": "11", "usage": 16},
			{"hour": "12", "usage": 10},
			{"hour": "13", "usage": 6},
			{"hour": "14", "usage": 0},
			{"hour": "15", "usage": 0},
			{"hour": "16", "usage": 0},
			{"hour": "17", "usage": 0},
			{"hour": "18", "usage": 0},
			{"hour": "19", "usage": 0},
			{"hour": "20", "usage": 0},
			{"hour": "21", "usage": 0},
			{"hour": "22", "usage": 0},
			{"hour": "23", "usage": 0},
		]
	},
]
