[
	{
		"date": 1,
		"totalTime": 1127,
		"details": [
			{"appName": "시스템 UI", "usage": 307},
			{"appName": "카카오톡", "usage": 185},
			{"appName": "Facebook", "usage": 169},
			{"appName": "프렌즈팝콘", "usage": 111},
			{"appName": "Netflix", "usage": 82},
			{"appName": "Samsung Experience 홈", "usage": 74},
			{"appName": "YouTube", "usage": 52},
			{"appName": "삼성 인터넷", "usage": 48},
			{"appName": "시계", "usage": 21},
			{"appName": "T전화", "usage": 17},
			{"appName": "Microsoft Health", "usage": 13},
			{"appName": "위메프", "usage": 6},
			{"appName": "메시지", "usage": 5},
			{"appName": "Paco", "usage": 4},
			{"appName": "쿠팡", "usage": 3},
			{"appName": "벅스", "usage": 3},
			{"appName": "원터치개인", "usage": 2},
			{"appName": "Polar Beat", "usage": 2},
			{"appName": "배달의민족", "usage": 1},
			{"appName": "Mobile Print", "usage": 1},
			{"appName": "KLMS", "usage": 1},
			{"appName": "ABC Logger", "usage": 1},
		],
		"keys": [
			{"hour": "0", "usage": 52},
			{"hour": "1", "usage": 37},
			{"hour": "2", "usage": 17},
			{"hour": "3", "usage": 26},
			{"hour": "4", "usage": 27},
			{"hour": "5", "usage": 36},
			{"hour": "6", "usage": 27},
			{"hour": "7", "usage": 6},
			{"hour": "8", "usage": 31},
			{"hour": "9", "usage": 5},
			{"hour": "10", "usage": 42},
			{"hour": "11", "usage": 31},
			{"hour": "12", "usage": 59},
			{"hour": "13", "usage": 53},
			{"hour": "14", "usage": 59},
			{"hour": "15", "usage": 53},
			{"hour": "16", "usage": 56},
			{"hour": "17", "usage": 59},
			{"hour": "18", "usage": 59},
			{"hour": "19", "usage": 59},
			{"hour": "20", "usage": 15},
			{"hour": "21", "usage": 0},
			{"hour": "22", "usage": 0},
			{"hour": "23", "usage": 0},
		]
	},
	{
		"date": 2,
		"totalTime": 979,
		"details": [
			{"appName": "시스템 UI", "usage": 398},
			{"appName": "Netflix", "usage": 195},
			{"appName": "프렌즈팝콘", "usage": 87},
			{"appName": "Facebook", "usage": 86},
			{"appName": "카카오톡", "usage": 83},
			{"appName": "YouTube", "usage": 31},
			{"appName": "Samsung Experience 홈", "usage": 30},
			{"appName": "계산기", "usage": 17},
			{"appName": "삼성 인터넷", "usage": 7},
			{"appName": "Paco", "usage": 6},
			{"appName": "카카오뱅크", "usage": 4},
			{"appName": "메시지", "usage": 3},
			{"appName": "네이버 지도", "usage": 3},
			{"appName": "T전화", "usage": 3},
			{"appName": "한국투자증권", "usage": 2},
			{"appName": "시계", "usage": 2},
			{"appName": "Microsoft Health", "usage": 2},
			{"appName": "Google Play 스토어", "usage": 2},
			{"appName": "쿠팡", "usage": 1},
			{"appName": "벅스", "usage": 1},
			{"appName": "Polar Beat", "usage": 1},
		],
		"keys": [
			{"hour": "0", "usage": 26},
			{"hour": "1", "usage": 72},
			{"hour": "2", "usage": 75},
			{"hour": "3", "usage": 62},
			{"hour": "4", "usage": 78},
			{"hour": "5", "usage": 78},
			{"hour": "6", "usage": 68},
			{"hour": "7", "usage": 82},
			{"hour": "8", "usage": 81},
			{"hour": "9", "usage": 27},
			{"hour": "10", "usage": 2},
			{"hour": "11", "usage": 1},
			{"hour": "12", "usage": 27},
			{"hour": "13", "usage": 32},
			{"hour": "14", "usage": 59},
			{"hour": "15", "usage": 59},
			{"hour": "16", "usage": 44},
			{"hour": "17", "usage": 51},
			{"hour": "18", "usage": 32},
			{"hour": "19", "usage": 14},
			{"hour": "20", "usage": 0},
			{"hour": "21", "usage": 0},
			{"hour": "22", "usage": 0},
			{"hour": "23", "usage": 0},
		]
	},
	{
		"date": 3,
		"totalTime": 583,
		"details": [
			{"appName": "카카오톡", "usage": 160},
			{"appName": "Samsung Experience 홈", "usage": 113},
			{"appName": "Facebook", "usage": 102},
			{"appName": "Netflix", "usage": 92},
			{"appName": "프렌즈팝콘", "usage": 35},
			{"appName": "삼성 인터넷", "usage": 21},
			{"appName": "YouTube", "usage": 17},
			{"appName": "시계", "usage": 8},
			{"appName": "T전화", "usage": 5},
			{"appName": "원터치개인", "usage": 4},
			{"appName": "배달의민족", "usage": 4},
			{"appName": "벅스", "usage": 3},
			{"appName": "Paco", "usage": 3},
			{"appName": "위메프", "usage": 2},
			{"appName": "카메라", "usage": 1},
			{"appName": "Polaris Office", "usage": 1},
			{"appName": "Polar Beat", "usage": 1},
		],
		"keys": [
			{"hour": "0", "usage": 53},
			{"hour": "1", "usage": 29},
			{"hour": "2", "usage": 6},
			{"hour": "3", "usage": 16},
			{"hour": "4", "usage": 26},
			{"hour": "5", "usage": 54},
			{"hour": "6", "usage": 17},
			{"hour": "7", "usage": 22},
			{"hour": "8", "usage": 35},
			{"hour": "9", "usage": 35},
			{"hour": "10", "usage": 28},
			{"hour": "11", "usage": 21},
			{"hour": "12", "usage": 18},
			{"hour": "13", "usage": 7},
			{"hour": "14", "usage": 6},
			{"hour": "15", "usage": 13},
			{"hour": "16", "usage": 25},
			{"hour": "17", "usage": 32},
			{"hour": "18", "usage": 29},
			{"hour": "19", "usage": 31},
			{"hour": "20", "usage": 59},
			{"hour": "21", "usage": 13},
			{"hour": "22", "usage": 0},
			{"hour": "23", "usage": 0},
		]
	},
	{
		"date": 4,
		"totalTime": 1097,
		"details": [
			{"appName": "시스템 UI", "usage": 447},
			{"appName": "Netflix", "usage": 151},
			{"appName": "프렌즈팝콘", "usage": 128},
			{"appName": "카카오톡", "usage": 121},
			{"appName": "Facebook", "usage": 67},
			{"appName": "Samsung Experience 홈", "usage": 59},
			{"appName": "삼성 인터넷", "usage": 32},
			{"appName": "시계", "usage": 22},
			{"appName": "YouTube", "usage": 21},
			{"appName": "T전화", "usage": 21},
			{"appName": "CakeTown", "usage": 4},
			{"appName": "갤러리", "usage": 2},
			{"appName": "Paco", "usage": 2},
			{"appName": "카카오뱅크", "usage": 1},
			{"appName": "설정", "usage": 1},
			{"appName": "Instagram", "usage": 1},
			{"appName": "Google Play 스토어", "usage": 1},
		],
		"keys": [
			{"hour": "0", "usage": 0},
			{"hour": "1", "usage": 11},
			{"hour": "2", "usage": 43},
			{"hour": "3", "usage": 36},
			{"hour": "4", "usage": 19},
			{"hour": "5", "usage": 46},
			{"hour": "6", "usage": 59},
			{"hour": "7", "usage": 62},
			{"hour": "8", "usage": 55},
			{"hour": "9", "usage": 6},
			{"hour": "10", "usage": 22},
			{"hour": "11", "usage": 5},
			{"hour": "12", "usage": 52},
			{"hour": "13", "usage": 13},
			{"hour": "14", "usage": 40},
			{"hour": "15", "usage": 59},
			{"hour": "16", "usage": 59},
			{"hour": "17", "usage": 34},
			{"hour": "18", "usage": 0},
			{"hour": "19", "usage": 0},
			{"hour": "20", "usage": 0},
			{"hour": "21", "usage": 0},
			{"hour": "22", "usage": 12},
			{"hour": "23", "usage": 28},
		]
	},
	{
		"date": 5,
		"totalTime": 551,
		"details": [
			{"appName": "프렌즈팝콘", "usage": 176},
			{"appName": "카카오톡", "usage": 84},
			{"appName": "Facebook", "usage": 76},
			{"appName": "Samsung Experience 홈", "usage": 59},
			{"appName": "YouTube", "usage": 40},
			{"appName": "삼성 인터넷", "usage": 27},
			{"appName": "한국투자	주식", "usage": 16},
			{"appName": "T전화", "usage": 14},
			{"appName": "Perfect Piano", "usage": 14},
			{"appName": "시계", "usage": 11},
			{"appName": "Samsung Pay", "usage": 9},
			{"appName": "카카오뱅크", "usage": 2},
			{"appName": "설정", "usage": 2},
			{"appName": "메시지", "usage": 2},
			{"appName": "T멤버십", "usage": 2},
			{"appName": "Paco", "usage": 2},
			{"appName": "Google Play 스토어", "usage": 1},
		],
		"keys": [
			{"hour": "0", "usage": 1},
			{"hour": "1", "usage": 12},
			{"hour": "2", "usage": 2},
			{"hour": "3", "usage": 13},
			{"hour": "4", "usage": 5},
			{"hour": "5", "usage": 2},
			{"hour": "6", "usage": 30},
			{"hour": "7", "usage": 42},
			{"hour": "8", "usage": 18},
			{"hour": "9", "usage": 29},
			{"hour": "10", "usage": 29},
			{"hour": "11", "usage": 53},
			{"hour": "12", "usage": 6},
			{"hour": "13", "usage": 43},
			{"hour": "14", "usage": 59},
			{"hour": "15", "usage": 47},
			{"hour": "16", "usage": 55},
			{"hour": "17", "usage": 40},
			{"hour": "18", "usage": 0},
			{"hour": "19", "usage": 0},
			{"hour": "20", "usage": 0},
			{"hour": "21", "usage": 0},
			{"hour": "22", "usage": 48},
			{"hour": "23", "usage": 7},
		]
	},
	{
		"date": 6,
		"totalTime": 474,
		"details": [
			{"appName": "프렌즈팝콘", "usage": 124},
			{"appName": "카카오톡", "usage": 123},
			{"appName": "Facebook", "usage": 85},
			{"appName": "Samsung Experience 홈", "usage": 63},
			{"appName": "YouTube", "usage": 23},
			{"appName": "삼성 인터넷", "usage": 16},
			{"appName": "쿠팡", "usage": 10},
			{"appName": "PowerPoint", "usage": 6},
			{"appName": "카메라", "usage": 3},
			{"appName": "배달의민족", "usage": 3},
			{"appName": "T전화", "usage": 3},
			{"appName": "원터치개인", "usage": 1},
			{"appName": "빅스비 비전", "usage": 1},
			{"appName": "빅스비 보이스", "usage": 1},
			{"appName": "Paco", "usage": 1},
		],
		"keys": [
			{"hour": "0", "usage": 26},
			{"hour": "1", "usage": 30},
			{"hour": "2", "usage": 38},
			{"hour": "3", "usage": 5},
			{"hour": "4", "usage": 15},
			{"hour": "5", "usage": 38},
			{"hour": "6", "usage": 11},
			{"hour": "7", "usage": 12},
			{"hour": "8", "usage": 22},
			{"hour": "9", "usage": 17},
			{"hour": "10", "usage": 8},
			{"hour": "11", "usage": 18},
			{"hour": "12", "usage": 7},
			{"hour": "13", "usage": 19},
			{"hour": "14", "usage": 28},
			{"hour": "15", "usage": 48},
			{"hour": "16", "usage": 49},
			{"hour": "17", "usage": 11},
			{"hour": "18", "usage": 9},
			{"hour": "19", "usage": 0},
			{"hour": "20", "usage": 0},
			{"hour": "21", "usage": 0},
			{"hour": "22", "usage": 38},
			{"hour": "23", "usage": 15},
		]
	},
	{
		"date": 7,
		"totalTime": 947,
		"details": [
			{"appName": "Samsung Experience 홈", "usage": 722},
			{"appName": "YouTube", "usage": 85},
			{"appName": "카카오톡", "usage": 55},
			{"appName": "Facebook", "usage": 44},
			{"appName": "카메라", "usage": 9},
			{"appName": "삼성 인터넷", "usage": 9},
			{"appName": "프렌즈팝콘", "usage": 8},
			{"appName": "T전화", "usage": 4},
			{"appName": "메시지", "usage": 1},
			{"appName": "Paco", "usage": 1},
		],
		"keys": [
			{"hour": "0", "usage": 6},
			{"hour": "1", "usage": 36},
			{"hour": "2", "usage": 21},
			{"hour": "3", "usage": 18},
			{"hour": "4", "usage": 24},
			{"hour": "5", "usage": 17},
			{"hour": "6", "usage": 7},
			{"hour": "7", "usage": 13},
			{"hour": "8", "usage": 34},
			{"hour": "9", "usage": 16},
			{"hour": "10", "usage": 25},
			{"hour": "11", "usage": 33},
			{"hour": "12", "usage": 1},
			{"hour": "13", "usage": 0},
			{"hour": "14", "usage": 0},
			{"hour": "15", "usage": 0},
			{"hour": "16", "usage": 0},
			{"hour": "17", "usage": 0},
			{"hour": "18", "usage": 0},
			{"hour": "19", "usage": 0},
			{"hour": "20", "usage": 0},
			{"hour": "21", "usage": 0},
			{"hour": "22", "usage": 0},
			{"hour": "23", "usage": 0},
		]
	},
]
