[
	{
		"date": 1,
		"totalTime": 1321,
		"details": [
			{"appName": "카카오톡", "usage": 1287},
			{"appName": "시계", "usage": 13},
			{"appName": "첫화면 상식", "usage": 11},
			{"appName": "메시지", "usage": 6},
			{"appName": "이메일", "usage": 1},
			{"appName": "T전화", "usage": 1},
		],
		"keys": [
			{"hour": "0", "usage": 20},
			{"hour": "1", "usage": 6},
			{"hour": "2", "usage": 17},
			{"hour": "3", "usage": 0},
			{"hour": "4", "usage": 0},
			{"hour": "5", "usage": 0},
			{"hour": "6", "usage": 0},
			{"hour": "7", "usage": 0},
			{"hour": "8", "usage": 0},
			{"hour": "9", "usage": 0},
			{"hour": "10", "usage": 0},
			{"hour": "11", "usage": 0},
			{"hour": "12", "usage": 0},
			{"hour": "13", "usage": 0},
			{"hour": "14", "usage": 0},
			{"hour": "15", "usage": 0},
			{"hour": "16", "usage": 0},
			{"hour": "17", "usage": 0},
			{"hour": "18", "usage": 0},
			{"hour": "19", "usage": 0},
			{"hour": "20", "usage": 0},
			{"hour": "21", "usage": 0},
			{"hour": "22", "usage": 0},
			{"hour": "23", "usage": 0},
		]
	},
	{
		"date": 2,
		"totalTime": 451,
		"details": [
			{"appName": "카카오톡", "usage": 174},
			{"appName": "메시지", "usage": 110},
			{"appName": "Samsung Experience 홈", "usage": 32},
			{"appName": "첫화면 상식", "usage": 15},
			{"appName": "뱅크샐러드", "usage": 15},
			{"appName": "토스", "usage": 12},
			{"appName": "Chrome", "usage": 9},
			{"appName": "Polar Beat", "usage": 8},
			{"appName": "T전화", "usage": 6},
			{"appName": "Instagram", "usage": 6},
			{"appName": "신한 쏠(SOL)", "usage": 5},
			{"appName": "Google Play 스토어", "usage": 5},
			{"appName": "설정", "usage": 4},
			{"appName": "Paco", "usage": 4},
			{"appName": "Microsoft Health", "usage": 3},
			{"appName": "Cookie Run: OvenBreak", "usage": 3},
			{"appName": "패키지 설치 프로그램", "usage": 2},
			{"appName": "음성 녹음", "usage": 2},
			{"appName": "우리카드", "usage": 2},
			{"appName": "디바이스 케어", "usage": 2},
			{"appName": "Samsung Pay", "usage": 2},
			{"appName": "Dropsync", "usage": 2},
			{"appName": "Dropbox", "usage": 2},
			{"appName": "ABC Logger", "usage": 2},
			{"appName": "카메라", "usage": 1},
			{"appName": "이메일", "usage": 1},
			{"appName": "삼성 캡처", "usage": 1},
			{"appName": "Most", "usage": 1},
			{"appName": "AIA Vitality T건강걷기", "usage": 1},
		],
		"keys": [
			{"hour": "0", "usage": 30},
			{"hour": "1", "usage": 55},
			{"hour": "2", "usage": 31},
			{"hour": "3", "usage": 22},
			{"hour": "4", "usage": 10},
			{"hour": "5", "usage": 41},
			{"hour": "6", "usage": 34},
			{"hour": "7", "usage": 42},
			{"hour": "8", "usage": 41},
			{"hour": "9", "usage": 33},
			{"hour": "10", "usage": 19},
			{"hour": "11", "usage": 24},
			{"hour": "12", "usage": 11},
			{"hour": "13", "usage": 0},
			{"hour": "14", "usage": 0},
			{"hour": "15", "usage": 0},
			{"hour": "16", "usage": 0},
			{"hour": "17", "usage": 18},
			{"hour": "18", "usage": 8},
			{"hour": "19", "usage": 1},
			{"hour": "20", "usage": 0},
			{"hour": "21", "usage": 8},
			{"hour": "22", "usage": 11},
			{"hour": "23", "usage": 1},
		]
	},
	{
		"date": 3,
		"totalTime": 585,
		"details": [
			{"appName": "카카오톡", "usage": 309},
			{"appName": "T map", "usage": 83},
			{"appName": "메시지", "usage": 57},
			{"appName": "Polar Beat", "usage": 18},
			{"appName": "첫화면 상식", "usage": 16},
			{"appName": "Samsung Experience 홈", "usage": 15},
			{"appName": "시계", "usage": 11},
			{"appName": "설정", "usage": 8},
			{"appName": "토스", "usage": 7},
			{"appName": "신한카드", "usage": 7},
			{"appName": "스타벅스", "usage": 7},
			{"appName": "이메일", "usage": 5},
			{"appName": "Paco", "usage": 5},
			{"appName": "T전화", "usage": 3},
			{"appName": "Samsung Pay", "usage": 3},
			{"appName": "Chrome", "usage": 3},
			{"appName": "내 파일", "usage": 2},
			{"appName": "Instagram", "usage": 2},
			{"appName": "Gmail", "usage": 2},
			{"appName": "Dropbox", "usage": 2},
			{"appName": "카카오맵", "usage": 1},
			{"appName": "신한 쏠(SOL)", "usage": 1},
			{"appName": "삼성 캡처", "usage": 1},
			{"appName": "Samsung Notes", "usage": 1},
			{"appName": "Melon", "usage": 1},
			{"appName": "Logger", "usage": 1},
		],
		"keys": [
			{"hour": "0", "usage": 1},
			{"hour": "1", "usage": 30},
			{"hour": "2", "usage": 26},
			{"hour": "3", "usage": 28},
			{"hour": "4", "usage": 44},
			{"hour": "5", "usage": 23},
			{"hour": "6", "usage": 35},
			{"hour": "7", "usage": 35},
			{"hour": "8", "usage": 53},
			{"hour": "9", "usage": 37},
			{"hour": "10", "usage": 26},
			{"hour": "11", "usage": 23},
			{"hour": "12", "usage": 24},
			{"hour": "13", "usage": 22},
			{"hour": "14", "usage": 54},
			{"hour": "15", "usage": 59},
			{"hour": "16", "usage": 33},
			{"hour": "17", "usage": 7},
			{"hour": "18", "usage": 0},
			{"hour": "19", "usage": 0},
			{"hour": "20", "usage": 0},
			{"hour": "21", "usage": 0},
			{"hour": "22", "usage": 4},
			{"hour": "23", "usage": 11},
		]
	},
	{
		"date": 4,
		"totalTime": 319,
		"details": [
			{"appName": "카카오톡", "usage": 191},
			{"appName": "메시지", "usage": 24},
			{"appName": "Chrome", "usage": 18},
			{"appName": "첫화면 상식", "usage": 14},
			{"appName": "배달의민족", "usage": 12},
			{"appName": "Samsung Experience 홈", "usage": 10},
			{"appName": "음성 녹음", "usage": 7},
			{"appName": "T전화", "usage": 6},
			{"appName": "시계", "usage": 4},
			{"appName": "Paco", "usage": 4},
			{"appName": "설정", "usage": 3},
			{"appName": "Instagram", "usage": 3},
			{"appName": "Cookie Run: OvenBreak", "usage": 3},
			{"appName": "이메일", "usage": 2},
			{"appName": "영웅문S", "usage": 2},
			{"appName": "토스", "usage": 1},
			{"appName": "Samsung Members", "usage": 1},
			{"appName": "Polar Beat", "usage": 1},
			{"appName": "Melon", "usage": 1},
		],
		"keys": [
			{"hour": "0", "usage": 15},
			{"hour": "1", "usage": 6},
			{"hour": "2", "usage": 0},
			{"hour": "3", "usage": 14},
			{"hour": "4", "usage": 21},
			{"hour": "5", "usage": 4},
			{"hour": "6", "usage": 33},
			{"hour": "7", "usage": 24},
			{"hour": "8", "usage": 11},
			{"hour": "9", "usage": 32},
			{"hour": "10", "usage": 23},
			{"hour": "11", "usage": 2},
			{"hour": "12", "usage": 14},
			{"hour": "13", "usage": 3},
			{"hour": "14", "usage": 26},
			{"hour": "15", "usage": 55},
			{"hour": "16", "usage": 5},
			{"hour": "17", "usage": 0},
			{"hour": "18", "usage": 0},
			{"hour": "19", "usage": 23},
			{"hour": "20", "usage": 0},
			{"hour": "21", "usage": 0},
			{"hour": "22", "usage": 0},
			{"hour": "23", "usage": 0},
		]
	},
	{
		"date": 5,
		"totalTime": 282,
		"details": [
			{"appName": "카카오톡", "usage": 100},
			{"appName": "T map", "usage": 78},
			{"appName": "메시지", "usage": 15},
			{"appName": "Netflix", "usage": 15},
			{"appName": "Polar Beat", "usage": 13},
			{"appName": "Samsung Experience 홈", "usage": 11},
			{"appName": "첫화면 상식", "usage": 7},
			{"appName": "Most", "usage": 5},
			{"appName": "Chrome", "usage": 5},
			{"appName": "Paco", "usage": 4},
			{"appName": "마카롱", "usage": 3},
			{"appName": "Melon", "usage": 3},
			{"appName": "뱅크샐러드", "usage": 2},
			{"appName": "갤러리", "usage": 2},
			{"appName": "해피포인트", "usage": 1},
			{"appName": "패키지 설치 프로그램", "usage": 1},
			{"appName": "카메라", "usage": 1},
			{"appName": "지도", "usage": 1},
			{"appName": "원터치개인", "usage": 1},
			{"appName": "Samsung Pay", "usage": 1},
			{"appName": "KIA고객앱", "usage": 1},
			{"appName": "Cookie Run: OvenBreak", "usage": 1},
		],
		"keys": [
			{"hour": "0", "usage": 0},
			{"hour": "1", "usage": 0},
			{"hour": "2", "usage": 2},
			{"hour": "3", "usage": 0},
			{"hour": "4", "usage": 39},
			{"hour": "5", "usage": 18},
			{"hour": "6", "usage": 43},
			{"hour": "7", "usage": 49},
			{"hour": "8", "usage": 7},
			{"hour": "9", "usage": 23},
			{"hour": "10", "usage": 12},
			{"hour": "11", "usage": 18},
			{"hour": "12", "usage": 5},
			{"hour": "13", "usage": 4},
			{"hour": "14", "usage": 2},
			{"hour": "15", "usage": 48},
			{"hour": "16", "usage": 0},
			{"hour": "17", "usage": 0},
			{"hour": "18", "usage": 5},
			{"hour": "19", "usage": 0},
			{"hour": "20", "usage": 0},
			{"hour": "21", "usage": 0},
			{"hour": "22", "usage": 0},
			{"hour": "23", "usage": 0},
		]
	},
	{
		"date": 6,
		"totalTime": 234,
		"details": [
			{"appName": "카카오톡", "usage": 81},
			{"appName": "自走棋测试服", "usage": 66},
			{"appName": "첫화면 상식", "usage": 18},
			{"appName": "갤러리", "usage": 14},
			{"appName": "음성 녹음", "usage": 10},
			{"appName": "Samsung Experience 홈", "usage": 10},
			{"appName": "Chrome", "usage": 7},
			{"appName": "Paco", "usage": 4},
			{"appName": "카메라", "usage": 3},
			{"appName": "마카롱", "usage": 3},
			{"appName": "우리카드", "usage": 2},
			{"appName": "이메일", "usage": 1},
			{"appName": "YouTube", "usage": 1},
			{"appName": "Samsung Pay", "usage": 1},
			{"appName": "Cookie Run: OvenBreak", "usage": 1},
		],
		"keys": [
			{"hour": "0", "usage": 0},
			{"hour": "1", "usage": 0},
			{"hour": "2", "usage": 23},
			{"hour": "3", "usage": 35},
			{"hour": "4", "usage": 17},
			{"hour": "5", "usage": 15},
			{"hour": "6", "usage": 29},
			{"hour": "7", "usage": 4},
			{"hour": "8", "usage": 29},
			{"hour": "9", "usage": 11},
			{"hour": "10", "usage": 8},
			{"hour": "11", "usage": 12},
			{"hour": "12", "usage": 13},
			{"hour": "13", "usage": 7},
			{"hour": "14", "usage": 7},
			{"hour": "15", "usage": 5},
			{"hour": "16", "usage": 3},
			{"hour": "17", "usage": 5},
			{"hour": "18", "usage": 1},
			{"hour": "19", "usage": 0},
			{"hour": "20", "usage": 0},
			{"hour": "21", "usage": 0},
			{"hour": "22", "usage": 0},
			{"hour": "23", "usage": 0},
		]
	},
	{
		"date": 7,
		"totalTime": 231,
		"details": [
			{"appName": "카카오톡", "usage": 66},
			{"appName": "Samsung Experience 홈", "usage": 25},
			{"appName": "메시지", "usage": 16},
			{"appName": "첫화면 상식", "usage": 14},
			{"appName": "T map", "usage": 13},
			{"appName": "Instagram", "usage": 11},
			{"appName": "T전화", "usage": 9},
			{"appName": "Samsung Notes", "usage": 9},
			{"appName": "시계", "usage": 8},
			{"appName": "Dropbox", "usage": 7},
			{"appName": "설정", "usage": 6},
			{"appName": "펀드슈퍼마켓", "usage": 4},
			{"appName": "Paco", "usage": 4},
			{"appName": "Google Play 스토어", "usage": 4},
			{"appName": "ZUMO", "usage": 3},
			{"appName": "Microsoft Health", "usage": 3},
			{"appName": "Chrome", "usage": 3},
			{"appName": "이메일", "usage": 2},
			{"appName": "리마인더", "usage": 2},
			{"appName": "KAIST 전자식복무관리시스템", "usage": 2},
			{"appName": "전화", "usage": 1},
			{"appName": "블루투스", "usage": 1},
			{"appName": "내 파일", "usage": 1},
			{"appName": "Polar Beat", "usage": 1},
			{"appName": "Logger", "usage": 1},
		],
		"keys": [
			{"hour": "0", "usage": 0},
			{"hour": "1", "usage": 0},
			{"hour": "2", "usage": 14},
			{"hour": "3", "usage": 0},
			{"hour": "4", "usage": 0},
			{"hour": "5", "usage": 24},
			{"hour": "6", "usage": 13},
			{"hour": "7", "usage": 9},
			{"hour": "8", "usage": 18},
			{"hour": "9", "usage": 5},
			{"hour": "10", "usage": 13},
			{"hour": "11", "usage": 11},
			{"hour": "12", "usage": 11},
			{"hour": "13", "usage": 25},
			{"hour": "14", "usage": 35},
			{"hour": "15", "usage": 19},
			{"hour": "16", "usage": 3},
			{"hour": "17", "usage": 3},
			{"hour": "18", "usage": 1},
			{"hour": "19", "usage": 0},
			{"hour": "20", "usage": 7},
			{"hour": "21", "usage": 13},
			{"hour": "22", "usage": 0},
			{"hour": "23", "usage": 0},
		]
	},
]
