[
	{
		"date": 1,
		"totalTime": 214,
		"details": [
			{"appName": "Chrome", "usage": 114},
			{"appName": "트위터", "usage": 64},
			{"appName": "기본홈", "usage": 12},
			{"appName": "Paco", "usage": 7},
			{"appName": "Polar Beat", "usage": 4},
			{"appName": "카카오톡", "usage": 3},
			{"appName": "프레젠테이션", "usage": 2},
			{"appName": "시스템 UI", "usage": 1},
			{"appName": "갤러리", "usage": 1},
			{"appName": "Slack", "usage": 1}
		],
		"keys": [
			{"hour": "0", "usage": 0},
			{"hour": "1", "usage": 14},
			{"hour": "2", "usage": 33},
			{"hour": "3", "usage": 5},
			{"hour": "4", "usage": 13},
			{"hour": "5", "usage": 0},
			{"hour": "6", "usage": 8},
			{"hour": "7", "usage": 0},
			{"hour": "8", "usage": 0},
			{"hour": "9", "usage": 7},
			{"hour": "10", "usage": 3},
			{"hour": "11", "usage": 1},
			{"hour": "12", "usage": 5},
			{"hour": "13", "usage": 0},
			{"hour": "14", "usage": 9},
			{"hour": "15", "usage": 47},
			{"hour": "16", "usage": 57},
			{"hour": "17", "usage": 4},
			{"hour": "18", "usage": 0},
			{"hour": "19", "usage": 0},
			{"hour": "20", "usage": 0},
			{"hour": "21", "usage": 0},
			{"hour": "22", "usage": 0},
			{"hour": "23", "usage": 0}
		]
	},
	{
		"date": 2,
		"totalTime": 248,
		"details": [
			{"appName": "트위터", "usage": 114},
			{"appName": "Chrome", "usage": 54},
			{"appName": "NekoSushi", "usage": 18},
			{"appName": "기본홈", "usage": 11},
			{"appName": "NAVER", "usage": 7},
			{"appName": "Slack", "usage": 6},
			{"appName": "접근성", "usage": 5},
			{"appName": "카카오톡", "usage": 4},
			{"appName": "Paco", "usage": 4},
			{"appName": "갤러리", "usage": 3},
			{"appName": "토스", "usage": 2},
			{"appName": "메시지", "usage": 2},
			{"appName": "원터치알림", "usage": 1},
			{"appName": "시스템 UI", "usage": 1},
			{"appName": "설정", "usage": 1},
			{"appName": "네이버 지도", "usage": 1},
			{"appName": "U-OTP+", "usage": 1}
		],
		"keys": [
			{"hour": "0", "usage": 0},
			{"hour": "1", "usage": 11},
			{"hour": "2", "usage": 13},
			{"hour": "3", "usage": 3},
			{"hour": "4", "usage": 13},
			{"hour": "5", "usage": 8},
			{"hour": "6", "usage": 22},
			{"hour": "7", "usage": 20},
			{"hour": "8", "usage": 26},
			{"hour": "9", "usage": 7},
			{"hour": "10", "usage": 13},
			{"hour": "11", "usage": 1},
			{"hour": "12", "usage": 1},
			{"hour": "13", "usage": 0},
			{"hour": "14", "usage": 14},
			{"hour": "15", "usage": 26},
			{"hour": "16", "usage": 12},
			{"hour": "17", "usage": 48},
			{"hour": "18", "usage": 3},
			{"hour": "19", "usage": 0},
			{"hour": "20", "usage": 0},
			{"hour": "21", "usage": 0},
			{"hour": "22", "usage": 0},
			{"hour": "23", "usage": 0}
		]
	},
	{
		"date": 3,
		"totalTime": 287,
		"details": [
			{"appName": "트위터", "usage": 174},
			{"appName": "Chrome", "usage": 82},
			{"appName": "기본홈", "usage": 6},
			{"appName": "Slack", "usage": 5},
			{"appName": "네이버 지도", "usage": 4},
			{"appName": "Paco", "usage": 3},
			{"appName": "NekoSushi", "usage": 2},
			{"appName": "통화 화면", "usage": 1},
			{"appName": "알람몬", "usage": 1},
			{"appName": "시스템 UI", "usage": 1}
		],
		"keys": [
			{"hour": "0", "usage": 0},
			{"hour": "1", "usage": 38},
			{"hour": "2", "usage": 21},
			{"hour": "3", "usage": 4},
			{"hour": "4", "usage": 18},
			{"hour": "5", "usage": 6},
			{"hour": "6", "usage": 15},
			{"hour": "7", "usage": 0},
			{"hour": "8", "usage": 14},
			{"hour": "9", "usage": 0},
			{"hour": "10", "usage": 4},
			{"hour": "11", "usage": 1},
			{"hour": "12", "usage": 0},
			{"hour": "13", "usage": 0},
			{"hour": "14", "usage": 2},
			{"hour": "15", "usage": 37},
			{"hour": "16", "usage": 53},
			{"hour": "17", "usage": 58},
			{"hour": "18", "usage": 6},
			{"hour": "19", "usage": 0},
			{"hour": "20", "usage": 0},
			{"hour": "21", "usage": 0},
			{"hour": "22", "usage": 0},
			{"hour": "23", "usage": 0}
		]
	},
	{
		"date": 4,
		"totalTime": 552,
		"details": [
			{"appName": "Chrome", "usage": 263},
			{"appName": "트위터", "usage": 199},
			{"appName": "NAVER", "usage": 20},
			{"appName": "기본홈", "usage": 13},
			{"appName": "YouTube", "usage": 9},
			{"appName": "시스템 UI", "usage": 5},
			{"appName": "밥대생", "usage": 5},
			{"appName": "Paco", "usage": 4},
			{"appName": "알람몬", "usage": 3},
			{"appName": "설정", "usage": 3},
			{"appName": "Slack", "usage": 3},
			{"appName": "NekoSushi", "usage": 3},
			{"appName": "Google Play 스토어", "usage": 3},
			{"appName": "카카오톡", "usage": 2},
			{"appName": "메시지", "usage": 1},
			{"appName": "계산기", "usage": 1},
			{"appName": "갤러리", "usage": 1},
			{"appName": "Polar Beat", "usage": 1}
		],
		"keys": [
			{"hour": "0", "usage": 9},
			{"hour": "1", "usage": 29},
			{"hour": "2", "usage": 13},
			{"hour": "3", "usage": 14},
			{"hour": "4", "usage": 43},
			{"hour": "5", "usage": 58},
			{"hour": "6", "usage": 55},
			{"hour": "7", "usage": 59},
			{"hour": "8", "usage": 55},
			{"hour": "9", "usage": 6},
			{"hour": "10", "usage": 4},
			{"hour": "11", "usage": 26},
			{"hour": "12", "usage": 26},
			{"hour": "13", "usage": 32},
			{"hour": "14", "usage": 7},
			{"hour": "15", "usage": 14},
			{"hour": "16", "usage": 26},
			{"hour": "17", "usage": 14},
			{"hour": "18", "usage": 0},
			{"hour": "19", "usage": 30},
			{"hour": "20", "usage": 21},
			{"hour": "21", "usage": 0},
			{"hour": "22", "usage": 0},
			{"hour": "23", "usage": 0}
		]
	},
	{
		"date": 5,
		"totalTime": 155,
		"details": [
			{"appName": "트위터", "usage": 71},
			{"appName": "Chrome", "usage": 42},
			{"appName": "기본홈", "usage": 7},
			{"appName": "NAVER", "usage": 7},
			{"appName": "알람몬", "usage": 6},
			{"appName": "Paco", "usage": 4},
			{"appName": "U-OTP+", "usage": 3},
			{"appName": "Slack", "usage": 3},
			{"appName": "음악", "usage": 1},
			{"appName": "시스템 UI", "usage": 1},
			{"appName": "설정", "usage": 1}
		],
		"keys": [
			{"hour": "0", "usage": 0},
			{"hour": "1", "usage": 0},
			{"hour": "2", "usage": 22},
			{"hour": "3", "usage": 40},
			{"hour": "4", "usage": 16},
			{"hour": "5", "usage": 21},
			{"hour": "6", "usage": 17},
			{"hour": "7", "usage": 8},
			{"hour": "8", "usage": 5},
			{"hour": "9", "usage": 2},
			{"hour": "10", "usage": 1},
			{"hour": "11", "usage": 2},
			{"hour": "12", "usage": 1},
			{"hour": "13", "usage": 0},
			{"hour": "14", "usage": 0},
			{"hour": "15", "usage": 0},
			{"hour": "16", "usage": 3},
			{"hour": "17", "usage": 3},
			{"hour": "18", "usage": 7},
			{"hour": "19", "usage": 0},
			{"hour": "20", "usage": 0},
			{"hour": "21", "usage": 0},
			{"hour": "22", "usage": 0},
			{"hour": "23", "usage": 0}
		]
	},
	{
		"date": 6,
		"totalTime": 124,
		"details": [
			{"appName": "트위터", "usage": 49},
			{"appName": "기본홈", "usage": 27},
			{"appName": "Paco", "usage": 13},
			{"appName": "알람몬", "usage": 7},
			{"appName": "Chrome", "usage": 7},
			{"appName": "카카오톡", "usage": 6},
			{"appName": "App Lock", "usage": 3},
			{"appName": "플레이윙즈", "usage": 1},
			{"appName": "설정", "usage": 1}
		],
		"keys": [
			{"hour": "0", "usage": 0},
			{"hour": "1", "usage": 0},
			{"hour": "2", "usage": 10},
			{"hour": "3", "usage": 0},
			{"hour": "4", "usage": 5},
			{"hour": "5", "usage": 2},
			{"hour": "6", "usage": 16},
			{"hour": "7", "usage": 19},
			{"hour": "8", "usage": 10},
			{"hour": "9", "usage": 3},
			{"hour": "10", "usage": 2},
			{"hour": "11", "usage": 6},
			{"hour": "12", "usage": 14},
			{"hour": "13", "usage": 0},
			{"hour": "14", "usage": 0},
			{"hour": "15", "usage": 4},
			{"hour": "16", "usage": 0},
			{"hour": "17", "usage": 10},
			{"hour": "18", "usage": 15},
			{"hour": "19", "usage": 0},
			{"hour": "20", "usage": 0},
			{"hour": "21", "usage": 0},
			{"hour": "22", "usage": 0},
			{"hour": "23", "usage": 0}
		]
	},
	{
		"date": 7,
		"totalTime": 928,
		"details": [
			{"appName": "Chrome", "usage": 614},
			{"appName": "알람몬", "usage": 216},
			{"appName": "트위터", "usage": 41},
			{"appName": "기본홈", "usage": 26},
			{"appName": "NAVER", "usage": 14},
			{"appName": "Slack", "usage": 4},
			{"appName": "Paco", "usage": 3},
			{"appName": "App Lock", "usage": 3},
			{"appName": "카카오톡", "usage": 1}
		],
		"keys": [
			{"hour": "0", "usage": 60},
			{"hour": "1", "usage": 60},
			{"hour": "2", "usage": 60},
			{"hour": "3", "usage": 46},
			{"hour": "4", "usage": 17},
			{"hour": "5", "usage": 9},
			{"hour": "6", "usage": 8},
			{"hour": "7", "usage": 8},
			{"hour": "8", "usage": 36},
			{"hour": "9", "usage": 7},
			{"hour": "10", "usage": 9},
			{"hour": "11", "usage": 3},
			{"hour": "12", "usage": 1},
			{"hour": "13", "usage": 0},
			{"hour": "14", "usage": 1},
			{"hour": "15", "usage": 0},
			{"hour": "16", "usage": 0},
			{"hour": "17", "usage": 0},
			{"hour": "18", "usage": 0},
			{"hour": "19", "usage": 0},
			{"hour": "20", "usage": 0},
			{"hour": "21", "usage": 0},
			{"hour": "22", "usage": 0},
			{"hour": "23", "usage": 0}
		]
	}
]
