[
	{
		"date": 1,
		"totalTime": 224,
		"details": [
			{"appName": "YouTube", "usage": 111},
			{"appName": "카카오톡", "usage": 20},
			{"appName": "Polar Beat", "usage": 16},
			{"appName": "원더락", "usage": 15},
			{"appName": "Facebook", "usage": 14},
			{"appName": "Paco", "usage": 8},
			{"appName": "기본홈", "usage": 7},
			{"appName": "갤러리", "usage": 5},
			{"appName": "시외버스 모바일", "usage": 4},
			{"appName": "캔디카메라", "usage": 3},
			{"appName": "카카오뱅크", "usage": 3},
			{"appName": "Instagram", "usage": 2},
			{"appName": "우리카드", "usage": 1}
		],
		"keys": [
			{"hour": "0", "usage": 11},
			{"hour": "1", "usage": 0},
			{"hour": "2", "usage": 23},
			{"hour": "3", "usage": 0},
			{"hour": "4", "usage": 3},
			{"hour": "5", "usage": 2},
			{"hour": "6", "usage": 1},
			{"hour": "7", "usage": 1},
			{"hour": "8", "usage": 2},
			{"hour": "9", "usage": 7},
			{"hour": "10", "usage": 2},
			{"hour": "11", "usage": 4},
			{"hour": "12", "usage": 4},
			{"hour": "13", "usage": 32},
			{"hour": "14", "usage": 59},
			{"hour": "15", "usage": 7},
			{"hour": "16", "usage": 11},
			{"hour": "17", "usage": 2},
			{"hour": "18", "usage": 0},
			{"hour": "19", "usage": 0},
			{"hour": "20", "usage": 0},
			{"hour": "21", "usage": 0},
			{"hour": "22", "usage": 3},
			{"hour": "23", "usage": 39}
		]
	},
	{
		"date": 2,
		"totalTime": 370,
		"details": [
			{"appName": "YouTube", "usage": 224},
			{"appName": "Facebook", "usage": 55},
			{"appName": "Chrome", "usage": 30},
			{"appName": "원더락", "usage": 19},
			{"appName": "T전화", "usage": 15},
			{"appName": "Polar Beat", "usage": 7},
			{"appName": "카카오톡", "usage": 4},
			{"appName": "Paco", "usage": 3},
			{"appName": "기본홈", "usage": 2},
			{"appName": "OneDrive", "usage": 2},
			{"appName": "알람/시계", "usage": 1}
		],
		"keys": [
			{"hour": "0", "usage": 0},
			{"hour": "1", "usage": 23},
			{"hour": "2", "usage": 19},
			{"hour": "3", "usage": 6},
			{"hour": "4", "usage": 4},
			{"hour": "5", "usage": 8},
			{"hour": "6", "usage": 12},
			{"hour": "7", "usage": 8},
			{"hour": "8", "usage": 0},
			{"hour": "9", "usage": 13},
			{"hour": "10", "usage": 18},
			{"hour": "11", "usage": 6},
			{"hour": "12", "usage": 44},
			{"hour": "13", "usage": 3},
			{"hour": "14", "usage": 5},
			{"hour": "15", "usage": 0},
			{"hour": "16", "usage": 0},
			{"hour": "17", "usage": 0},
			{"hour": "18", "usage": 30},
			{"hour": "19", "usage": 60},
			{"hour": "20", "usage": 60},
			{"hour": "21", "usage": 11},
			{"hour": "22", "usage": 1},
			{"hour": "23", "usage": 31}
		]
	},
	{
		"date": 3,
		"totalTime": 259,
		"details": [
			{"appName": "YouTube", "usage": 143},
			{"appName": "Facebook", "usage": 41},
			{"appName": "Instagram", "usage": 23},
			{"appName": "원더락", "usage": 9},
			{"appName": "나만의 실험실", "usage": 6},
			{"appName": "기본홈", "usage": 6},
			{"appName": "카카오톡", "usage": 5},
			{"appName": "시외버스 모바일", "usage": 5},
			{"appName": "Paco", "usage": 4},
			{"appName": "Polar Beat", "usage": 3},
			{"appName": "갤러리", "usage": 2},
			{"appName": "T 가드", "usage": 1},
			{"appName": "Logger", "usage": 1},
			{"appName": "Dropsync", "usage": 1}
		],
		"keys": [
			{"hour": "0", "usage": 16},
			{"hour": "1", "usage": 10},
			{"hour": "2", "usage": 0},
			{"hour": "3", "usage": 3},
			{"hour": "4", "usage": 14},
			{"hour": "5", "usage": 0},
			{"hour": "6", "usage": 12},
			{"hour": "7", "usage": 7},
			{"hour": "8", "usage": 0},
			{"hour": "9", "usage": 16},
			{"hour": "10", "usage": 14},
			{"hour": "11", "usage": 26},
			{"hour": "12", "usage": 1},
			{"hour": "13", "usage": 34},
			{"hour": "14", "usage": 2},
			{"hour": "15", "usage": 11},
			{"hour": "16", "usage": 0},
			{"hour": "17", "usage": 0},
			{"hour": "18", "usage": 0},
			{"hour": "19", "usage": 0},
			{"hour": "20", "usage": 0},
			{"hour": "21", "usage": 0},
			{"hour": "22", "usage": 0},
			{"hour": "23", "usage": 0}
		]
	},
	{
		"date": 4,
		"totalTime": 236,
		"details": [
			{"appName": "Facebook", "usage": 108},
			{"appName": "YouTube", "usage": 29},
			{"appName": "Instagram", "usage": 17},
			{"appName": "원더락", "usage": 16},
			{"appName": "카카오톡", "usage": 13},
			{"appName": "T전화", "usage": 11},
			{"appName": "기본홈", "usage": 7},
			{"appName": "Chrome", "usage": 7},
			{"appName": "나만의 실험실", "usage": 6},
			{"appName": "Polar Beat", "usage": 4},
			{"appName": "Paco", "usage": 3},
			{"appName": "시외버스 모바일", "usage": 2},
			{"appName": "Foodie", "usage": 2},
			{"appName": "Wi-Fi", "usage": 1}
		],
		"keys": [
			{"hour": "0", "usage": 36},
			{"hour": "1", "usage": 0},
			{"hour": "2", "usage": 10},
			{"hour": "3", "usage": 38},
			{"hour": "4", "usage": 23},
			{"hour": "5", "usage": 7},
			{"hour": "6", "usage": 0},
			{"hour": "7", "usage": 13},
			{"hour": "8", "usage": 31},
			{"hour": "9", "usage": 17},
			{"hour": "10", "usage": 5},
			{"hour": "11", "usage": 4},
			{"hour": "12", "usage": 7},
			{"hour": "13", "usage": 19},
			{"hour": "14", "usage": 11},
			{"hour": "15", "usage": 0},
			{"hour": "16", "usage": 0},
			{"hour": "17", "usage": 0},
			{"hour": "18", "usage": 0},
			{"hour": "19", "usage": 0},
			{"hour": "20", "usage": 0},
			{"hour": "21", "usage": 0},
			{"hour": "22", "usage": 0},
			{"hour": "23", "usage": 8}
		]
	},
	{
		"date": 5,
		"totalTime": 221,
		"details": [
			{"appName": "YouTube", "usage": 73},
			{"appName": "카카오톡", "usage": 43},
			{"appName": "T전화", "usage": 30},
			{"appName": "Facebook", "usage": 18},
			{"appName": "원더락", "usage": 10},
			{"appName": "기본홈", "usage": 5},
			{"appName": "카카오버스", "usage": 4},
			{"appName": "카카오뱅크", "usage": 4},
			{"appName": "알람/시계", "usage": 4},
			{"appName": "Paco", "usage": 4},
			{"appName": "Chrome", "usage": 3},
			{"appName": "위비뱅크", "usage": 2},
			{"appName": "CJ ONE", "usage": 2},
			{"appName": "우리카드", "usage": 1},
			{"appName": "시외버스 모바일", "usage": 1},
			{"appName": "T world", "usage": 1},
			{"appName": "Polar Beat", "usage": 1},
			{"appName": "Google Play 스토어", "usage": 1}
		],
		"keys": [
			{"hour": "0", "usage": 3},
			{"hour": "1", "usage": 2},
			{"hour": "2", "usage": 8},
			{"hour": "3", "usage": 38},
			{"hour": "4", "usage": 5},
			{"hour": "5", "usage": 10},
			{"hour": "6", "usage": 1},
			{"hour": "7", "usage": 11},
			{"hour": "8", "usage": 0},
			{"hour": "9", "usage": 31},
			{"hour": "10", "usage": 49},
			{"hour": "11", "usage": 43},
			{"hour": "12", "usage": 2},
			{"hour": "13", "usage": 0},
			{"hour": "14", "usage": 0},
			{"hour": "15", "usage": 0},
			{"hour": "16", "usage": 0},
			{"hour": "17", "usage": 0},
			{"hour": "18", "usage": 0},
			{"hour": "19", "usage": 0},
			{"hour": "20", "usage": 0},
			{"hour": "21", "usage": 0},
			{"hour": "22", "usage": 2},
			{"hour": "23", "usage": 3}
		]
	},
	{
		"date": 6,
		"totalTime": 307,
		"details": [
			{"appName": "Facebook", "usage": 140},
			{"appName": "YouTube", "usage": 43},
			{"appName": "카카오톡", "usage": 31},
			{"appName": "T전화", "usage": 30},
			{"appName": "위비뱅크", "usage": 18},
			{"appName": "원더락", "usage": 13},
			{"appName": "카카오뱅크", "usage": 6},
			{"appName": "기본홈", "usage": 6},
			{"appName": "Chrome", "usage": 5},
			{"appName": "알람/시계", "usage": 2},
			{"appName": "Polar Beat", "usage": 2},
			{"appName": "메시지", "usage": 1},
			{"appName": "Paco", "usage": 1},
			{"appName": "CJ ONE", "usage": 1}
		],
		"keys": [
			{"hour": "0", "usage": 46},
			{"hour": "1", "usage": 39},
			{"hour": "2", "usage": 27},
			{"hour": "3", "usage": 6},
			{"hour": "4", "usage": 5},
			{"hour": "5", "usage": 3},
			{"hour": "6", "usage": 4},
			{"hour": "7", "usage": 0},
			{"hour": "8", "usage": 1},
			{"hour": "9", "usage": 3},
			{"hour": "10", "usage": 55},
			{"hour": "11", "usage": 11},
			{"hour": "12", "usage": 0},
			{"hour": "13", "usage": 3},
			{"hour": "14", "usage": 23},
			{"hour": "15", "usage": 0},
			{"hour": "16", "usage": 0},
			{"hour": "17", "usage": 0},
			{"hour": "18", "usage": 0},
			{"hour": "19", "usage": 7},
			{"hour": "20", "usage": 59},
			{"hour": "21", "usage": 4},
			{"hour": "22", "usage": 2},
			{"hour": "23", "usage": 1}
		]
	},
	{
		"date": 7,
		"totalTime": 612,
		"details": [
			{"appName": "Facebook", "usage": 466},
			{"appName": "YouTube", "usage": 35},
			{"appName": "카카오톡", "usage": 26},
			{"appName": "Chrome", "usage": 26},
			{"appName": "Polar Beat", "usage": 12},
			{"appName": "원더락", "usage": 11},
			{"appName": "T전화", "usage": 10},
			{"appName": "알람/시계", "usage": 6},
			{"appName": "기본홈", "usage": 6},
			{"appName": "Paco", "usage": 4},
			{"appName": "안다르", "usage": 2},
			{"appName": "메시지", "usage": 1}
		],
		"keys": [
			{"hour": "0", "usage": 12},
			{"hour": "1", "usage": 52},
			{"hour": "2", "usage": 21},
			{"hour": "3", "usage": 3},
			{"hour": "4", "usage": 0},
			{"hour": "5", "usage": 10},
			{"hour": "6", "usage": 8},
			{"hour": "7", "usage": 14},
			{"hour": "8", "usage": 12},
			{"hour": "9", "usage": 51},
			{"hour": "10", "usage": 59},
			{"hour": "11", "usage": 59},
			{"hour": "12", "usage": 59},
			{"hour": "13", "usage": 59},
			{"hour": "14", "usage": 59},
			{"hour": "15", "usage": 60},
			{"hour": "16", "usage": 59},
			{"hour": "17", "usage": 0},
			{"hour": "18", "usage": 0},
			{"hour": "19", "usage": 0},
			{"hour": "20", "usage": 0},
			{"hour": "21", "usage": 0},
			{"hour": "22", "usage": 6},
			{"hour": "23", "usage": 0}
		]
	}
]
