[
	{
		"date": 1,
		"totalTime": 368,
		"details": [
			{"appName": "Chrome", "usage": 139},
			{"appName": "YouTube", "usage": 58},
			{"appName": "카카오톡", "usage": 52},
			{"appName": "통화 화면", "usage": 27},
			{"appName": "Paco", "usage": 15},
			{"appName": "기본홈", "usage": 13},
			{"appName": "네이버 지도", "usage": 11},
			{"appName": "프레젠테이션", "usage": 9},
			{"appName": "Polar Beat", "usage": 9},
			{"appName": "드라이브", "usage": 5},
			{"appName": "Wi-Fi", "usage": 3},
			{"appName": "주소록", "usage": 2},
			{"appName": "Q메모+", "usage": 2},
			{"appName": "Microsoft Band", "usage": 2},
			{"appName": "Logger", "usage": 2},
			{"appName": "Dropsync", "usage": 2},
			{"appName": "통화 서비스", "usage": 1},
			{"appName": "원터치개인", "usage": 1},
			{"appName": "알람/시계", "usage": 1},
			{"appName": "시스템 UI", "usage": 1},
			{"appName": "ABC Logger", "usage": 1}
		],
		"keys": [
			{"hour": "0", "usage": 17},
			{"hour": "1", "usage": 8},
			{"hour": "2", "usage": 16},
			{"hour": "3", "usage": 0},
			{"hour": "4", "usage": 7},
			{"hour": "5", "usage": 2},
			{"hour": "6", "usage": 5},
			{"hour": "7", "usage": 0},
			{"hour": "8", "usage": 22},
			{"hour": "9", "usage": 12},
			{"hour": "10", "usage": 32},
			{"hour": "11", "usage": 10},
			{"hour": "12", "usage": 9},
			{"hour": "13", "usage": 9},
			{"hour": "14", "usage": 33},
			{"hour": "15", "usage": 55},
			{"hour": "16", "usage": 58},
			{"hour": "17", "usage": 40},
			{"hour": "18", "usage": 0},
			{"hour": "19", "usage": 0},
			{"hour": "20", "usage": 0},
			{"hour": "21", "usage": 0},
			{"hour": "22", "usage": 0},
			{"hour": "23", "usage": 24}
		]
	},
	{
		"date": 2,
		"totalTime": 521,
		"details": [
			{"appName": "YouTube", "usage": 200},
			{"appName": "Netflix", "usage": 136},
			{"appName": "Chrome", "usage": 93},
			{"appName": "카카오톡", "usage": 32},
			{"appName": "통화 화면", "usage": 13},
			{"appName": "기본홈", "usage": 8},
			{"appName": "Paco", "usage": 7},
			{"appName": "주소록", "usage": 3},
			{"appName": "W Concept", "usage": 3},
			{"appName": "Melon", "usage": 3},
			{"appName": "메이비베이비", "usage": 2},
			{"appName": "네이버 지도", "usage": 2},
			{"appName": "접근성", "usage": 1},
			{"appName": "시스템 UI", "usage": 1},
			{"appName": "삼성카드", "usage": 1},
			{"appName": "Polar Beat", "usage": 1},
			{"appName": "Instagram", "usage": 1},
			{"appName": "Dropsync", "usage": 1}
		],
		"keys": [
			{"hour": "0", "usage": 47},
			{"hour": "1", "usage": 36},
			{"hour": "2", "usage": 3},
			{"hour": "3", "usage": 0},
			{"hour": "4", "usage": 2},
			{"hour": "5", "usage": 5},
			{"hour": "6", "usage": 2},
			{"hour": "7", "usage": 9},
			{"hour": "8", "usage": 3},
			{"hour": "9", "usage": 6},
			{"hour": "10", "usage": 9},
			{"hour": "11", "usage": 41},
			{"hour": "12", "usage": 18},
			{"hour": "13", "usage": 31},
			{"hour": "14", "usage": 54},
			{"hour": "15", "usage": 59},
			{"hour": "16", "usage": 59},
			{"hour": "17", "usage": 58},
			{"hour": "18", "usage": 44},
			{"hour": "19", "usage": 0},
			{"hour": "20", "usage": 0},
			{"hour": "21", "usage": 0},
			{"hour": "22", "usage": 0},
			{"hour": "23", "usage": 10}
		]
	},
	{
		"date": 3,
		"totalTime": 418,
		"details": [
			{"appName": "YouTube", "usage": 213},
			{"appName": "Chrome", "usage": 126},
			{"appName": "카카오톡", "usage": 13},
			{"appName": "네이버 지도", "usage": 13},
			{"appName": "기본홈", "usage": 12},
			{"appName": "Paco", "usage": 8},
			{"appName": "카카오 T", "usage": 7},
			{"appName": "날씨", "usage": 5},
			{"appName": "Polar Beat", "usage": 4},
			{"appName": "카카오스토리", "usage": 2},
			{"appName": "Melon", "usage": 2},
			{"appName": "메시지", "usage": 1},
			{"appName": "手机淘宝", "usage": 1}
		],
		"keys": [
			{"hour": "0", "usage": 47},
			{"hour": "1", "usage": 5},
			{"hour": "2", "usage": 0},
			{"hour": "3", "usage": 0},
			{"hour": "4", "usage": 1},
			{"hour": "5", "usage": 11},
			{"hour": "6", "usage": 4},
			{"hour": "7", "usage": 35},
			{"hour": "8", "usage": 45},
			{"hour": "9", "usage": 9},
			{"hour": "10", "usage": 0},
			{"hour": "11", "usage": 0},
			{"hour": "12", "usage": 15},
			{"hour": "13", "usage": 35},
			{"hour": "14", "usage": 6},
			{"hour": "15", "usage": 57},
			{"hour": "16", "usage": 59},
			{"hour": "17", "usage": 60},
			{"hour": "18", "usage": 19},
			{"hour": "19", "usage": 0},
			{"hour": "20", "usage": 0},
			{"hour": "21", "usage": 0},
			{"hour": "22", "usage": 0},
			{"hour": "23", "usage": 0}
		]
	},
	{
		"date": 4,
		"totalTime": 682,
		"details": [
			{"appName": "Chrome", "usage": 331},
			{"appName": "YouTube", "usage": 191},
			{"appName": "카카오톡", "usage": 34},
			{"appName": "네이버 카페", "usage": 28},
			{"appName": "야놀자", "usage": 20},
			{"appName": "네이버 지도", "usage": 11},
			{"appName": "기본홈", "usage": 9},
			{"appName": "Instagram", "usage": 9},
			{"appName": "통화 화면", "usage": 8},
			{"appName": "디코드", "usage": 5},
			{"appName": "Paco", "usage": 5},
			{"appName": "Melon", "usage": 4},
			{"appName": "카메라", "usage": 3},
			{"appName": "메이비베이비", "usage": 3},
			{"appName": "W Concept", "usage": 3},
			{"appName": "Polar Beat", "usage": 2},
			{"appName": "접근성", "usage": 1},
			{"appName": "시스템 UI", "usage": 1},
			{"appName": "갤러리", "usage": 1}
		],
		"keys": [
			{"hour": "0", "usage": 59},
			{"hour": "1", "usage": 12},
			{"hour": "2", "usage": 45},
			{"hour": "3", "usage": 55},
			{"hour": "4", "usage": 39},
			{"hour": "5", "usage": 17},
			{"hour": "6", "usage": 8},
			{"hour": "7", "usage": 22},
			{"hour": "8", "usage": 1},
			{"hour": "9", "usage": 3},
			{"hour": "10", "usage": 11},
			{"hour": "11", "usage": 44},
			{"hour": "12", "usage": 43},
			{"hour": "13", "usage": 48},
			{"hour": "14", "usage": 59},
			{"hour": "15", "usage": 58},
			{"hour": "16", "usage": 57},
			{"hour": "17", "usage": 58},
			{"hour": "18", "usage": 8},
			{"hour": "19", "usage": 0},
			{"hour": "20", "usage": 0},
			{"hour": "21", "usage": 0},
			{"hour": "22", "usage": 0},
			{"hour": "23", "usage": 23}
		]
	},
	{
		"date": 5,
		"totalTime": 648,
		"details": [
			{"appName": "YouTube", "usage": 257},
			{"appName": "Chrome", "usage": 240},
			{"appName": "카카오톡", "usage": 56},
			{"appName": "네이버 카페", "usage": 25},
			{"appName": "네이버 지도", "usage": 25},
			{"appName": "Melon", "usage": 9},
			{"appName": "기본홈", "usage": 6},
			{"appName": "Paco", "usage": 5},
			{"appName": "통화 화면", "usage": 3},
			{"appName": "Logger", "usage": 3},
			{"appName": "카카오 T", "usage": 2},
			{"appName": "시스템 UI", "usage": 2},
			{"appName": "메이비베이비", "usage": 2},
			{"appName": "원터치개인", "usage": 1},
			{"appName": "동영상", "usage": 1},
			{"appName": "Polar Beat", "usage": 1}
		],
		"keys": [
			{"hour": "0", "usage": 59},
			{"hour": "1", "usage": 4},
			{"hour": "2", "usage": 41},
			{"hour": "3", "usage": 57},
			{"hour": "4", "usage": 56},
			{"hour": "5", "usage": 58},
			{"hour": "6", "usage": 33},
			{"hour": "7", "usage": 18},
			{"hour": "8", "usage": 12},
			{"hour": "9", "usage": 0},
			{"hour": "10", "usage": 37},
			{"hour": "11", "usage": 28},
			{"hour": "12", "usage": 55},
			{"hour": "13", "usage": 59},
			{"hour": "14", "usage": 51},
			{"hour": "15", "usage": 0},
			{"hour": "16", "usage": 1},
			{"hour": "17", "usage": 0},
			{"hour": "18", "usage": 0},
			{"hour": "19", "usage": 0},
			{"hour": "20", "usage": 26},
			{"hour": "21", "usage": 0},
			{"hour": "22", "usage": 0},
			{"hour": "23", "usage": 42}
		]
	},
	{
		"date": 6,
		"totalTime": 122,
		"details": [
			{"appName": "Chrome", "usage": 39},
			{"appName": "카카오톡", "usage": 17},
			{"appName": "YouTube", "usage": 14},
			{"appName": "기본홈", "usage": 11},
			{"appName": "Paco", "usage": 8},
			{"appName": "Instagram", "usage": 6},
			{"appName": "카카오 T", "usage": 4},
			{"appName": "네트워크", "usage": 3},
			{"appName": "카메라", "usage": 2},
			{"appName": "메시지", "usage": 2},
			{"appName": "갤러리", "usage": 2},
			{"appName": "통화 화면", "usage": 1},
			{"appName": "캘린더", "usage": 1}
		],
		"keys": [
			{"hour": "0", "usage": 7},
			{"hour": "1", "usage": 9},
			{"hour": "2", "usage": 0},
			{"hour": "3", "usage": 3},
			{"hour": "4", "usage": 10},
			{"hour": "5", "usage": 8},
			{"hour": "6", "usage": 5},
			{"hour": "7", "usage": 0},
			{"hour": "8", "usage": 0},
			{"hour": "9", "usage": 3},
			{"hour": "10", "usage": 0},
			{"hour": "11", "usage": 0},
			{"hour": "12", "usage": 9},
			{"hour": "13", "usage": 8},
			{"hour": "14", "usage": 3},
			{"hour": "15", "usage": 3},
			{"hour": "16", "usage": 9},
			{"hour": "17", "usage": 36},
			{"hour": "18", "usage": 0},
			{"hour": "19", "usage": 0},
			{"hour": "20", "usage": 0},
			{"hour": "21", "usage": 0},
			{"hour": "22", "usage": 0},
			{"hour": "23", "usage": 0}
		]
	},
	{
		"date": 7,
		"totalTime": 212,
		"details": [
			{"appName": "YouTube", "usage": 65},
			{"appName": "Chrome", "usage": 49},
			{"appName": "카카오톡", "usage": 35},
			{"appName": "W Concept", "usage": 15},
			{"appName": "기본홈", "usage": 9},
			{"appName": "Pinterest", "usage": 8},
			{"appName": "통화 화면", "usage": 5},
			{"appName": "고음질 녹음", "usage": 5},
			{"appName": "Paco", "usage": 4},
			{"appName": "Instagram", "usage": 2},
			{"appName": "카메라", "usage": 1},
			{"appName": "알람/시계", "usage": 1}
		],
		"keys": [
			{"hour": "0", "usage": 28},
			{"hour": "1", "usage": 13},
			{"hour": "2", "usage": 9},
			{"hour": "3", "usage": 2},
			{"hour": "4", "usage": 3},
			{"hour": "5", "usage": 8},
			{"hour": "6", "usage": 15},
			{"hour": "7", "usage": 16},
			{"hour": "8", "usage": 6},
			{"hour": "9", "usage": 4},
			{"hour": "10", "usage": 1},
			{"hour": "11", "usage": 4},
			{"hour": "12", "usage": 4},
			{"hour": "13", "usage": 4},
			{"hour": "14", "usage": 0},
			{"hour": "15", "usage": 22},
			{"hour": "16", "usage": 16},
			{"hour": "17", "usage": 0},
			{"hour": "18", "usage": 0},
			{"hour": "19", "usage": 29},
			{"hour": "20", "usage": 0},
			{"hour": "21", "usage": 0},
			{"hour": "22", "usage": 0},
			{"hour": "23", "usage": 2}
		]
	}
]
