[
	{
		"date": 1,
		"totalTime": 633,
		"details": [
			{"appName": "ANOTHER EDEN", "usage": 281},
			{"appName": "Facebook", "usage": 121},
			{"appName": "카카오톡", "usage": 78},
			{"appName": "Cookie Run: OvenBreak", "usage": 52},
			{"appName": "Samsung Experience 홈", "usage": 16},
			{"appName": "Instagram", "usage": 14},
			{"appName": "Chrome", "usage": 10},
			{"appName": "Between", "usage": 10},
			{"appName": "네이버 웹툰", "usage": 9},
			{"appName": "통화", "usage": 7},
			{"appName": "갤러리", "usage": 4},
			{"appName": "Polar Beat", "usage": 4},
			{"appName": "NAVER", "usage": 4},
			{"appName": "Google Play 스토어", "usage": 3},
			{"appName": "카메라", "usage": 2},
			{"appName": "Paco", "usage": 2},
			{"appName": "설정", "usage": 1},
			{"appName": "메시지", "usage": 1},
			{"appName": "Foodie", "usage": 1},
			{"appName": "Dropbox", "usage": 1}
		],
		"keys": [
			{"hour": "0", "usage": 38},
			{"hour": "1", "usage": 21},
			{"hour": "2", "usage": 2},
			{"hour": "3", "usage": 16},
			{"hour": "4", "usage": 46},
			{"hour": "5", "usage": 18},
			{"hour": "6", "usage": 47},
			{"hour": "7", "usage": 59},
			{"hour": "8", "usage": 38},
			{"hour": "9", "usage": 8},
			{"hour": "10", "usage": 54},
			{"hour": "11", "usage": 54},
			{"hour": "12", "usage": 59},
			{"hour": "13", "usage": 58},
			{"hour": "14", "usage": 31},
			{"hour": "15", "usage": 1},
			{"hour": "16", "usage": 0},
			{"hour": "17", "usage": 34},
			{"hour": "18", "usage": 41},
			{"hour": "19", "usage": 0},
			{"hour": "20", "usage": 0},
			{"hour": "21", "usage": 0},
			{"hour": "22", "usage": 0},
			{"hour": "23", "usage": 0}
		]
	},
	{
		"date": 2,
		"totalTime": 701,
		"details": [
			{"appName": "ANOTHER EDEN", "usage": 305},
			{"appName": "YouTube", "usage": 117},
			{"appName": "카카오톡", "usage": 86},
			{"appName": "Facebook", "usage": 62},
			{"appName": "Cookie Run: OvenBreak", "usage": 22},
			{"appName": "Samsung Experience 홈", "usage": 17},
			{"appName": "Between", "usage": 15},
			{"appName": "네이버 웹툰", "usage": 10},
			{"appName": "NAVER", "usage": 10},
			{"appName": "시계", "usage": 8},
			{"appName": "통화", "usage": 5},
			{"appName": "올원뱅크", "usage": 5},
			{"appName": "메시지", "usage": 5},
			{"appName": "ABC Logger", "usage": 5},
			{"appName": "갤러리", "usage": 4},
			{"appName": "캘린더", "usage": 3},
			{"appName": "Polar Beat", "usage": 3},
			{"appName": "Paco", "usage": 2},
			{"appName": "포토 에디터", "usage": 1},
			{"appName": "전화", "usage": 1},
			{"appName": "Microsoft Health", "usage": 1},
			{"appName": "Logger", "usage": 1},
			{"appName": "Instagram", "usage": 1}
		],
		"keys": [
			{"hour": "0", "usage": 0},
			{"hour": "1", "usage": 15},
			{"hour": "2", "usage": 32},
			{"hour": "3", "usage": 14},
			{"hour": "4", "usage": 43},
			{"hour": "5", "usage": 49},
			{"hour": "6", "usage": 54},
			{"hour": "7", "usage": 57},
			{"hour": "8", "usage": 50},
			{"hour": "9", "usage": 21},
			{"hour": "10", "usage": 22},
			{"hour": "11", "usage": 6},
			{"hour": "12", "usage": 55},
			{"hour": "13", "usage": 14},
			{"hour": "14", "usage": 59},
			{"hour": "15", "usage": 56},
			{"hour": "16", "usage": 59},
			{"hour": "17", "usage": 46},
			{"hour": "18", "usage": 24},
			{"hour": "19", "usage": 16},
			{"hour": "20", "usage": 0},
			{"hour": "21", "usage": 0},
			{"hour": "22", "usage": 0},
			{"hour": "23", "usage": 0}
		]
	},
	{
		"date": 3,
		"totalTime": 605,
		"details": [
			{"appName": "Cookie Run: OvenBreak", "usage": 218},
			{"appName": "ANOTHER EDEN", "usage": 138},
			{"appName": "Facebook", "usage": 63},
			{"appName": "Between", "usage": 50},
			{"appName": "통화", "usage": 27},
			{"appName": "NAVER", "usage": 25},
			{"appName": "네이버 웹툰", "usage": 21},
			{"appName": "카카오톡", "usage": 15},
			{"appName": "Samsung Experience 홈", "usage": 14},
			{"appName": "카카오맵", "usage": 11},
			{"appName": "갤러리", "usage": 5},
			{"appName": "카이스트 버스", "usage": 2},
			{"appName": "전화", "usage": 1},
			{"appName": "Samsung Music", "usage": 1},
			{"appName": "Paco", "usage": 1}
		],
		"keys": [
			{"hour": "0", "usage": 0},
			{"hour": "1", "usage": 0},
			{"hour": "2", "usage": 10},
			{"hour": "3", "usage": 19},
			{"hour": "4", "usage": 40},
			{"hour": "5", "usage": 33},
			{"hour": "6", "usage": 26},
			{"hour": "7", "usage": 29},
			{"hour": "8", "usage": 52},
			{"hour": "9", "usage": 59},
			{"hour": "10", "usage": 37},
			{"hour": "11", "usage": 46},
			{"hour": "12", "usage": 55},
			{"hour": "13", "usage": 40},
			{"hour": "14", "usage": 46},
			{"hour": "15", "usage": 49},
			{"hour": "16", "usage": 31},
			{"hour": "17", "usage": 26},
			{"hour": "18", "usage": 0},
			{"hour": "19", "usage": 0},
			{"hour": "20", "usage": 0},
			{"hour": "21", "usage": 0},
			{"hour": "22", "usage": 0},
			{"hour": "23", "usage": 0}
		]
	},
	{
		"date": 4,
		"totalTime": 363,
		"details": [
			{"appName": "Cookie Run: OvenBreak", "usage": 100},
			{"appName": "Facebook", "usage": 74},
			{"appName": "ANOTHER EDEN", "usage": 73},
			{"appName": "Between", "usage": 23},
			{"appName": "네이버 웹툰", "usage": 22},
			{"appName": "카카오톡", "usage": 20},
			{"appName": "Samsung Experience 홈", "usage": 12},
			{"appName": "Google Play 스토어", "usage": 6},
			{"appName": "YouTube", "usage": 5},
			{"appName": "Instagram", "usage": 5},
			{"appName": "내 캘린더", "usage": 4},
			{"appName": "통화", "usage": 2},
			{"appName": "빅스비 보이스", "usage": 2},
			{"appName": "올원뱅크", "usage": 1},
			{"appName": "Paco", "usage": 1},
			{"appName": "NAVER", "usage": 1}
		],
		"keys": [
			{"hour": "0", "usage": 0},
			{"hour": "1", "usage": 0},
			{"hour": "2", "usage": 5},
			{"hour": "3", "usage": 45},
			{"hour": "4", "usage": 32},
			{"hour": "5", "usage": 34},
			{"hour": "6", "usage": 2},
			{"hour": "7", "usage": 0},
			{"hour": "8", "usage": 1},
			{"hour": "9", "usage": 4},
			{"hour": "10", "usage": 0},
			{"hour": "11", "usage": 20},
			{"hour": "12", "usage": 59},
			{"hour": "13", "usage": 38},
			{"hour": "14", "usage": 25},
			{"hour": "15", "usage": 11},
			{"hour": "16", "usage": 37},
			{"hour": "17", "usage": 41},
			{"hour": "18", "usage": 0},
			{"hour": "19", "usage": 0},
			{"hour": "20", "usage": 0},
			{"hour": "21", "usage": 0},
			{"hour": "22", "usage": 0},
			{"hour": "23", "usage": 0}
		]
	},
	{
		"date": 5,
		"totalTime": 336,
		"details": [
			{"appName": "Facebook", "usage": 141},
			{"appName": "ANOTHER EDEN", "usage": 43},
			{"appName": "Cookie Run: OvenBreak", "usage": 34},
			{"appName": "캘린더", "usage": 28},
			{"appName": "카카오톡", "usage": 27},
			{"appName": "Between", "usage": 19},
			{"appName": "Samsung Experience 홈", "usage": 13},
			{"appName": "네이버 웹툰", "usage": 8},
			{"appName": "YouTube", "usage": 3},
			{"appName": "Instagram", "usage": 3},
			{"appName": "Polar Beat", "usage": 2},
			{"appName": "Paco", "usage": 2},
			{"appName": "통화", "usage": 1}
		],
		"keys": [
			{"hour": "0", "usage": 0},
			{"hour": "1", "usage": 0},
			{"hour": "2", "usage": 0},
			{"hour": "3", "usage": 11},
			{"hour": "4", "usage": 59},
			{"hour": "5", "usage": 48},
			{"hour": "6", "usage": 59},
			{"hour": "7", "usage": 41},
			{"hour": "8", "usage": 19},
			{"hour": "9", "usage": 9},
			{"hour": "10", "usage": 24},
			{"hour": "11", "usage": 0},
			{"hour": "12", "usage": 0},
			{"hour": "13", "usage": 10},
			{"hour": "14", "usage": 3},
			{"hour": "15", "usage": 4},
			{"hour": "16", "usage": 25},
			{"hour": "17", "usage": 12},
			{"hour": "18", "usage": 0},
			{"hour": "19", "usage": 0},
			{"hour": "20", "usage": 0},
			{"hour": "21", "usage": 0},
			{"hour": "22", "usage": 0},
			{"hour": "23", "usage": 5}
		]
	},
	{
		"date": 6,
		"totalTime": 512,
		"details": [
			{"appName": "Facebook", "usage": 232},
			{"appName": "Chrome", "usage": 107},
			{"appName": "카카오톡", "usage": 41},
			{"appName": "네이버 웹툰", "usage": 28},
			{"appName": "Instagram", "usage": 14},
			{"appName": "Between", "usage": 14},
			{"appName": "Samsung Experience 홈", "usage": 12},
			{"appName": "NAVER", "usage": 9},
			{"appName": "갤러리", "usage": 8},
			{"appName": "Cookie Run: OvenBreak", "usage": 8},
			{"appName": "통화", "usage": 6},
			{"appName": "시계", "usage": 5},
			{"appName": "Paco", "usage": 4},
			{"appName": "카메라", "usage": 3},
			{"appName": "Polar Beat", "usage": 3},
			{"appName": "캘린더", "usage": 1},
			{"appName": "ANOTHER EDEN", "usage": 1}
		],
		"keys": [
			{"hour": "0", "usage": 55},
			{"hour": "1", "usage": 17},
			{"hour": "2", "usage": 3},
			{"hour": "3", "usage": 5},
			{"hour": "4", "usage": 8},
			{"hour": "5", "usage": 26},
			{"hour": "6", "usage": 20},
			{"hour": "7", "usage": 8},
			{"hour": "8", "usage": 18},
			{"hour": "9", "usage": 0},
			{"hour": "10", "usage": 13},
			{"hour": "11", "usage": 35},
			{"hour": "12", "usage": 35},
			{"hour": "13", "usage": 42},
			{"hour": "14", "usage": 39},
			{"hour": "15", "usage": 25},
			{"hour": "16", "usage": 50},
			{"hour": "17", "usage": 56},
			{"hour": "18", "usage": 49},
			{"hour": "19", "usage": 0},
			{"hour": "20", "usage": 0},
			{"hour": "21", "usage": 0},
			{"hour": "22", "usage": 0},
			{"hour": "23", "usage": 0}
		]
	},
	{
		"date": 7,
		"totalTime": 311,
		"details": [
			{"appName": "Chrome", "usage": 191},
			{"appName": "Facebook", "usage": 48},
			{"appName": "카카오톡", "usage": 20},
			{"appName": "Between", "usage": 20},
			{"appName": "Samsung Experience 홈", "usage": 7},
			{"appName": "통화", "usage": 5},
			{"appName": "Cookie Run: OvenBreak", "usage": 5},
			{"appName": "Paco", "usage": 2},
			{"appName": "Instagram", "usage": 2},
			{"appName": "올원뱅크", "usage": 1},
			{"appName": "시계", "usage": 1}
		],
		"keys": [
			{"hour": "0", "usage": 0},
			{"hour": "1", "usage": 8},
			{"hour": "2", "usage": 9},
			{"hour": "3", "usage": 22},
			{"hour": "4", "usage": 30},
			{"hour": "5", "usage": 53},
			{"hour": "6", "usage": 52},
			{"hour": "7", "usage": 58},
			{"hour": "8", "usage": 48},
			{"hour": "9", "usage": 14},
			{"hour": "10", "usage": 4},
			{"hour": "11", "usage": 5},
			{"hour": "12", "usage": 0},
			{"hour": "13", "usage": 1},
			{"hour": "14", "usage": 0},
			{"hour": "15", "usage": 0},
			{"hour": "16", "usage": 0},
			{"hour": "17", "usage": 0},
			{"hour": "18", "usage": 0},
			{"hour": "19", "usage": 0},
			{"hour": "20", "usage": 0},
			{"hour": "21", "usage": 0},
			{"hour": "22", "usage": 0},
			{"hour": "23", "usage": 0}
		]
	}
]
