[
	{
		"date": 1,
		"totalTime": 319,
		"details": [
			{"appName": "카카오톡", "usage": 80},
			{"appName": "YouTube", "usage": 53},
			{"appName": "네이버 블로그", "usage": 37},
			{"appName": "디시인사이드", "usage": 36},
			{"appName": "기본홈", "usage": 31},
			{"appName": "Chrome", "usage": 21},
			{"appName": "LIVE스코어", "usage": 16},
			{"appName": "통화 화면", "usage": 13},
			{"appName": "NAVER", "usage": 5},
			{"appName": "카메라", "usage": 4},
			{"appName": "Paco", "usage": 2},
			{"appName": "캘린더", "usage": 1},
			{"appName": "주소록", "usage": 1},
			{"appName": "네이버TV", "usage": 1},
			{"appName": "T멤버십", "usage": 1},
			{"appName": "Google", "usage": 1}
		],
		"keys": [
			{"hour": "0", "usage": 50},
			{"hour": "1", "usage": 24},
			{"hour": "2", "usage": 5},
			{"hour": "3", "usage": 3},
			{"hour": "4", "usage": 33},
			{"hour": "5", "usage": 15},
			{"hour": "6", "usage": 34},
			{"hour": "7", "usage": 47},
			{"hour": "8", "usage": 11},
			{"hour": "9", "usage": 1},
			{"hour": "10", "usage": 28},
			{"hour": "11", "usage": 1},
			{"hour": "12", "usage": 9},
			{"hour": "13", "usage": 1},
			{"hour": "14", "usage": 3},
			{"hour": "15", "usage": 1},
			{"hour": "16", "usage": 20},
			{"hour": "17", "usage": 0},
			{"hour": "18", "usage": 0},
			{"hour": "19", "usage": 0},
			{"hour": "20", "usage": 0},
			{"hour": "21", "usage": 0},
			{"hour": "22", "usage": 2},
			{"hour": "23", "usage": 23}
		]
	},
	{
		"date": 2,
		"totalTime": 321,
		"details": [
			{"appName": "기본홈", "usage": 76},
			{"appName": "카카오톡", "usage": 43},
			{"appName": "Chrome", "usage": 35},
			{"appName": "디시인사이드", "usage": 30},
			{"appName": "LIVE스코어", "usage": 29},
			{"appName": "YouTube", "usage": 23},
			{"appName": "Study", "usage": 15},
			{"appName": "Puffin", "usage": 11},
			{"appName": "날씨", "usage": 10},
			{"appName": "시스템 UI", "usage": 8},
			{"appName": "카메라", "usage": 3},
			{"appName": "동영상", "usage": 3},
			{"appName": "아이즈원 프라이빗 메일", "usage": 2},
			{"appName": "Polaris Office", "usage": 2},
			{"appName": "Google", "usage": 2},
			{"appName": "통화 화면", "usage": 1},
			{"appName": "통화 서비스", "usage": 1},
			{"appName": "캘린더", "usage": 1},
			{"appName": "지도", "usage": 1},
			{"appName": "스터디헬퍼", "usage": 1},
			{"appName": "배달의민족", "usage": 1},
			{"appName": "메시지", "usage": 1},
			{"appName": "갤러리", "usage": 1},
			{"appName": "Paco", "usage": 1},
			{"appName": "NAVER", "usage": 1},
			{"appName": "ABC Logger", "usage": 1}
		],
		"keys": [
			{"hour": "0", "usage": 41},
			{"hour": "1", "usage": 22},
			{"hour": "2", "usage": 16},
			{"hour": "3", "usage": 23},
			{"hour": "4", "usage": 0},
			{"hour": "5", "usage": 16},
			{"hour": "6", "usage": 7},
			{"hour": "7", "usage": 9},
			{"hour": "8", "usage": 14},
			{"hour": "9", "usage": 11},
			{"hour": "10", "usage": 4},
			{"hour": "11", "usage": 47},
			{"hour": "12", "usage": 18},
			{"hour": "13", "usage": 14},
			{"hour": "14", "usage": 21},
			{"hour": "15", "usage": 2},
			{"hour": "16", "usage": 16},
			{"hour": "17", "usage": 0},
			{"hour": "18", "usage": 21},
			{"hour": "19", "usage": 0},
			{"hour": "20", "usage": 0},
			{"hour": "21", "usage": 0},
			{"hour": "22", "usage": 10},
			{"hour": "23", "usage": 0}
		]
	},
	{
		"date": 3,
		"totalTime": 96,
		"details": [
			{"appName": "기본홈", "usage": 44},
			{"appName": "YouTube", "usage": 19},
			{"appName": "Puffin", "usage": 11},
			{"appName": "Q메모+", "usage": 7},
			{"appName": "설정", "usage": 5},
			{"appName": "아이즈원 프라이빗 메일", "usage": 3},
			{"appName": "카카오톡", "usage": 2}
		],
		"keys": [
			{"hour": "0", "usage": 5},
			{"hour": "1", "usage": 6},
			{"hour": "2", "usage": 14},
			{"hour": "3", "usage": 35},
			{"hour": "4", "usage": 34},
			{"hour": "5", "usage": 0},
			{"hour": "6", "usage": 0},
			{"hour": "7", "usage": 0},
			{"hour": "8", "usage": 0},
			{"hour": "9", "usage": 0},
			{"hour": "10", "usage": 0},
			{"hour": "11", "usage": 0},
			{"hour": "12", "usage": 0},
			{"hour": "13", "usage": 0},
			{"hour": "14", "usage": 0},
			{"hour": "15", "usage": 0},
			{"hour": "16", "usage": 0},
			{"hour": "17", "usage": 0},
			{"hour": "18", "usage": 0},
			{"hour": "19", "usage": 0},
			{"hour": "20", "usage": 0},
			{"hour": "21", "usage": 0},
			{"hour": "22", "usage": 0},
			{"hour": "23", "usage": 0}
		]
	},
	{
		"date": 4,
		"totalTime": 0,
		"details": [
		],
		"keys": [
			{"hour": "0", "usage": 0},
			{"hour": "1", "usage": 0},
			{"hour": "2", "usage": 0},
			{"hour": "3", "usage": 0},
			{"hour": "4", "usage": 0},
			{"hour": "5", "usage": 0},
			{"hour": "6", "usage": 0},
			{"hour": "7", "usage": 0},
			{"hour": "8", "usage": 0},
			{"hour": "9", "usage": 0},
			{"hour": "10", "usage": 0},
			{"hour": "11", "usage": 0},
			{"hour": "12", "usage": 0},
			{"hour": "13", "usage": 0},
			{"hour": "14", "usage": 0},
			{"hour": "15", "usage": 0},
			{"hour": "16", "usage": 0},
			{"hour": "17", "usage": 0},
			{"hour": "18", "usage": 0},
			{"hour": "19", "usage": 0},
			{"hour": "20", "usage": 0},
			{"hour": "21", "usage": 0},
			{"hour": "22", "usage": 0},
			{"hour": "23", "usage": 0}
		]
	},
	{
		"date": 5,
		"totalTime": 0,
		"details": [
		],
		"keys": [
			{"hour": "0", "usage": 0},
			{"hour": "1", "usage": 0},
			{"hour": "2", "usage": 0},
			{"hour": "3", "usage": 0},
			{"hour": "4", "usage": 0},
			{"hour": "5", "usage": 0},
			{"hour": "6", "usage": 0},
			{"hour": "7", "usage": 0},
			{"hour": "8", "usage": 0},
			{"hour": "9", "usage": 0},
			{"hour": "10", "usage": 0},
			{"hour": "11", "usage": 0},
			{"hour": "12", "usage": 0},
			{"hour": "13", "usage": 0},
			{"hour": "14", "usage": 0},
			{"hour": "15", "usage": 0},
			{"hour": "16", "usage": 0},
			{"hour": "17", "usage": 0},
			{"hour": "18", "usage": 0},
			{"hour": "19", "usage": 0},
			{"hour": "20", "usage": 0},
			{"hour": "21", "usage": 0},
			{"hour": "22", "usage": 0},
			{"hour": "23", "usage": 0}
		]
	},
	{
		"date": 6,
		"totalTime": 546,
		"details": [
			{"appName": "하스스톤", "usage": 316},
			{"appName": "기본홈", "usage": 45},
			{"appName": "카카오톡", "usage": 28},
			{"appName": "통화 화면", "usage": 25},
			{"appName": "Study", "usage": 22},
			{"appName": "포토", "usage": 18},
			{"appName": "알람/시계", "usage": 15},
			{"appName": "디시인사이드", "usage": 10},
			{"appName": "YouTube", "usage": 10},
			{"appName": "Chrome", "usage": 9},
			{"appName": "메시지", "usage": 7},
			{"appName": "NAVER", "usage": 5},
			{"appName": "스터디헬퍼", "usage": 3},
			{"appName": "파일 관리자", "usage": 2},
			{"appName": "카메라", "usage": 2},
			{"appName": "갤러리", "usage": 2},
			{"appName": "VIBE", "usage": 2},
			{"appName": "접근성", "usage": 1},
			{"appName": "이메일", "usage": 1},
			{"appName": "시스템 UI", "usage": 1},
			{"appName": "Paco", "usage": 1},
			{"appName": "LIVE스코어", "usage": 1},
			{"appName": "Instagram", "usage": 1},
			{"appName": "Google", "usage": 1},
			{"appName": "ABC Logger", "usage": 1}
		],
		"keys": [
			{"hour": "0", "usage": 60},
			{"hour": "1", "usage": 60},
			{"hour": "2", "usage": 60},
			{"hour": "3", "usage": 60},
			{"hour": "4", "usage": 60},
			{"hour": "5", "usage": 12},
			{"hour": "6", "usage": 32},
			{"hour": "7", "usage": 18},
			{"hour": "8", "usage": 41},
			{"hour": "9", "usage": 31},
			{"hour": "10", "usage": 0},
			{"hour": "11", "usage": 21},
			{"hour": "12", "usage": 48},
			{"hour": "13", "usage": 8},
			{"hour": "14", "usage": 0},
			{"hour": "15", "usage": 6},
			{"hour": "16", "usage": 17},
			{"hour": "17", "usage": 0},
			{"hour": "18", "usage": 7},
			{"hour": "19", "usage": 0},
			{"hour": "20", "usage": 0},
			{"hour": "21", "usage": 0},
			{"hour": "22", "usage": 0},
			{"hour": "23", "usage": 0}
		]
	},
	{
		"date": 7,
		"totalTime": 896,
		"details": [
			{"appName": "메시지", "usage": 534},
			{"appName": "카카오톡", "usage": 78},
			{"appName": "캐시슬라이드", "usage": 63},
			{"appName": "기본홈", "usage": 57},
			{"appName": "Chrome", "usage": 37},
			{"appName": "통화 화면", "usage": 29},
			{"appName": "YouTube", "usage": 24},
			{"appName": "알람/시계", "usage": 12},
			{"appName": "디시인사이드", "usage": 10},
			{"appName": "갤러리", "usage": 7},
			{"appName": "하스스톤", "usage": 5},
			{"appName": "날씨", "usage": 5},
			{"appName": "FatSecret", "usage": 3},
			{"appName": "카메라", "usage": 2},
			{"appName": "더캠프", "usage": 2},
			{"appName": "LIVE스코어", "usage": 2},
			{"appName": "주소록", "usage": 1},
			{"appName": "이메일", "usage": 1},
			{"appName": "아이즈원 프라이빗 메일", "usage": 1},
			{"appName": "시스템 UI", "usage": 1},
			{"appName": "VIBE", "usage": 1},
			{"appName": "Paco", "usage": 1},
			{"appName": "Google Play 스토어", "usage": 1},
			{"appName": "Google", "usage": 1},
			{"appName": "CLASSUM", "usage": 1}
		],
		"keys": [
			{"hour": "0", "usage": 123},
			{"hour": "1", "usage": 102},
			{"hour": "2", "usage": 91},
			{"hour": "3", "usage": 70},
			{"hour": "4", "usage": 61},
			{"hour": "5", "usage": 81},
			{"hour": "6", "usage": 83},
			{"hour": "7", "usage": 83},
			{"hour": "8", "usage": 61},
			{"hour": "9", "usage": 17},
			{"hour": "10", "usage": 2},
			{"hour": "11", "usage": 10},
			{"hour": "12", "usage": 19},
			{"hour": "13", "usage": 13},
			{"hour": "14", "usage": 25},
			{"hour": "15", "usage": 2},
			{"hour": "16", "usage": 25},
			{"hour": "17", "usage": 1},
			{"hour": "18", "usage": 0},
			{"hour": "19", "usage": 0},
			{"hour": "20", "usage": 0},
			{"hour": "21", "usage": 0},
			{"hour": "22", "usage": 0},
			{"hour": "23", "usage": 16}
		]
	}
]
