[
	{
		"date": 1,
		"totalTime": 198,
		"details": [
			{"appName": "삼성 인터넷", "usage": 97},
			{"appName": "YouTube", "usage": 33},
			{"appName": "카카오톡", "usage": 14},
			{"appName": "토스", "usage": 9},
			{"appName": "m.Stock", "usage": 9},
			{"appName": "Samsung Experience 홈", "usage": 7},
			{"appName": "Paco", "usage": 5},
			{"appName": "메시지", "usage": 3},
			{"appName": "Google PDF 뷰어", "usage": 2},
			{"appName": "캘린더", "usage": 1},
			{"appName": "올원페이 (NH앱카드)", "usage": 1},
			{"appName": "연락처", "usage": 1},
			{"appName": "시스템 UI", "usage": 1},
			{"appName": "설정", "usage": 1},
			{"appName": "갤러리", "usage": 1},
			{"appName": "Polar Beat", "usage": 1},
			{"appName": "Gmail", "usage": 1}
		],
		"keys": [
			{"hour": "0", "usage": 29},
			{"hour": "1", "usage": 16},
			{"hour": "2", "usage": 6},
			{"hour": "3", "usage": 1},
			{"hour": "4", "usage": 0},
			{"hour": "5", "usage": 0},
			{"hour": "6", "usage": 1},
			{"hour": "7", "usage": 0},
			{"hour": "8", "usage": 0},
			{"hour": "9", "usage": 0},
			{"hour": "10", "usage": 17},
			{"hour": "11", "usage": 7},
			{"hour": "12", "usage": 40},
			{"hour": "13", "usage": 0},
			{"hour": "14", "usage": 4},
			{"hour": "15", "usage": 56},
			{"hour": "16", "usage": 13},
			{"hour": "17", "usage": 0},
			{"hour": "18", "usage": 0},
			{"hour": "19", "usage": 0},
			{"hour": "20", "usage": 0},
			{"hour": "21", "usage": 0},
			{"hour": "22", "usage": 0},
			{"hour": "23", "usage": 0}
		]
	},
	{
		"date": 2,
		"totalTime": 129,
		"details": [
			{"appName": "삼성 인터넷", "usage": 71},
			{"appName": "카카오톡", "usage": 12},
			{"appName": "Samsung Experience 홈", "usage": 8},
			{"appName": "토스", "usage": 4},
			{"appName": "메시지", "usage": 4},
			{"appName": "Paco", "usage": 4},
			{"appName": "Gmail", "usage": 4},
			{"appName": "RealCalc", "usage": 3},
			{"appName": "캘린더", "usage": 2},
			{"appName": "카카오맵", "usage": 2},
			{"appName": "YouTube", "usage": 2},
			{"appName": "설정", "usage": 1},
			{"appName": "갤러리", "usage": 1},
			{"appName": "Polar Beat", "usage": 1}
		],
		"keys": [
			{"hour": "0", "usage": 37},
			{"hour": "1", "usage": 11},
			{"hour": "2", "usage": 0},
			{"hour": "3", "usage": 1},
			{"hour": "4", "usage": 1},
			{"hour": "5", "usage": 6},
			{"hour": "6", "usage": 15},
			{"hour": "7", "usage": 0},
			{"hour": "8", "usage": 10},
			{"hour": "9", "usage": 3},
			{"hour": "10", "usage": 5},
			{"hour": "11", "usage": 3},
			{"hour": "12", "usage": 4},
			{"hour": "13", "usage": 22},
			{"hour": "14", "usage": 1},
			{"hour": "15", "usage": 0},
			{"hour": "16", "usage": 0},
			{"hour": "17", "usage": 0},
			{"hour": "18", "usage": 0},
			{"hour": "19", "usage": 0},
			{"hour": "20", "usage": 0},
			{"hour": "21", "usage": 0},
			{"hour": "22", "usage": 0},
			{"hour": "23", "usage": 0}
		]
	},
	{
		"date": 3,
		"totalTime": 1664,
		"details": [
			{"appName": "쏘카", "usage": 1073},
			{"appName": "", "usage": 369},
			{"appName": "삼성 인터넷", "usage": 130},
			{"appName": "캘린더", "usage": 21},
			{"appName": "카카오톡", "usage": 14},
			{"appName": "Samsung Experience 홈", "usage": 12},
			{"appName": "Google PDF 뷰어", "usage": 8},
			{"appName": "Gmail", "usage": 6},
			{"appName": "카카오맵", "usage": 4},
			{"appName": "Paco", "usage": 4},
			{"appName": "코레일톡", "usage": 3},
			{"appName": "시외버스 모바일", "usage": 2},
			{"appName": "설정", "usage": 2},
			{"appName": "메시지", "usage": 2},
			{"appName": "Polar Beat", "usage": 2},
			{"appName": "지하철종결자", "usage": 1},
			{"appName": "전화", "usage": 1}
		],
		"keys": [
			{"hour": "0", "usage": 105},
			{"hour": "1", "usage": 62},
			{"hour": "2", "usage": 71},
			{"hour": "3", "usage": 62},
			{"hour": "4", "usage": 60},
			{"hour": "5", "usage": 91},
			{"hour": "6", "usage": 20},
			{"hour": "7", "usage": 0},
			{"hour": "8", "usage": 5},
			{"hour": "9", "usage": 6},
			{"hour": "10", "usage": 3},
			{"hour": "11", "usage": 6},
			{"hour": "12", "usage": 15},
			{"hour": "13", "usage": 8},
			{"hour": "14", "usage": 48},
			{"hour": "15", "usage": 0},
			{"hour": "16", "usage": 19},
			{"hour": "17", "usage": 0},
			{"hour": "18", "usage": 0},
			{"hour": "19", "usage": 0},
			{"hour": "20", "usage": 0},
			{"hour": "21", "usage": 0},
			{"hour": "22", "usage": 0},
			{"hour": "23", "usage": 0}
		]
	},
	{
		"date": 4,
		"totalTime": 281,
		"details": [
			{"appName": "삼성 인터넷", "usage": 168},
			{"appName": "YouTube", "usage": 57},
			{"appName": "카카오톡", "usage": 30},
			{"appName": "Samsung Experience 홈", "usage": 6},
			{"appName": "Paco", "usage": 4},
			{"appName": "토스", "usage": 2},
			{"appName": "캘린더", "usage": 1},
			{"appName": "카카오맵", "usage": 1},
			{"appName": "전화", "usage": 1},
			{"appName": "설정", "usage": 1},
			{"appName": "메시지", "usage": 1},
			{"appName": "갤러리", "usage": 1}
		],
		"keys": [
			{"hour": "0", "usage": 0},
			{"hour": "1", "usage": 0},
			{"hour": "2", "usage": 18},
			{"hour": "3", "usage": 22},
			{"hour": "4", "usage": 3},
			{"hour": "5", "usage": 12},
			{"hour": "6", "usage": 9},
			{"hour": "7", "usage": 12},
			{"hour": "8", "usage": 23},
			{"hour": "9", "usage": 9},
			{"hour": "10", "usage": 30},
			{"hour": "11", "usage": 30},
			{"hour": "12", "usage": 14},
			{"hour": "13", "usage": 19},
			{"hour": "14", "usage": 2},
			{"hour": "15", "usage": 1},
			{"hour": "16", "usage": 0},
			{"hour": "17", "usage": 41},
			{"hour": "18", "usage": 27},
			{"hour": "19", "usage": 0},
			{"hour": "20", "usage": 0},
			{"hour": "21", "usage": 0},
			{"hour": "22", "usage": 0},
			{"hour": "23", "usage": 0}
		]
	},
	{
		"date": 5,
		"totalTime": 177,
		"details": [
			{"appName": "삼성 인터넷", "usage": 67},
			{"appName": "YouTube", "usage": 57},
			{"appName": "카카오톡", "usage": 26},
			{"appName": "Samsung Experience 홈", "usage": 5},
			{"appName": "카카오맵", "usage": 4},
			{"appName": "캘린더", "usage": 3},
			{"appName": "설정", "usage": 2},
			{"appName": "Polar Beat", "usage": 2},
			{"appName": "Paco", "usage": 2},
			{"appName": "전화", "usage": 1},
			{"appName": "날씨", "usage": 1}
		],
		"keys": [
			{"hour": "0", "usage": 0},
			{"hour": "1", "usage": 0},
			{"hour": "2", "usage": 48},
			{"hour": "3", "usage": 28},
			{"hour": "4", "usage": 3},
			{"hour": "5", "usage": 13},
			{"hour": "6", "usage": 2},
			{"hour": "7", "usage": 41},
			{"hour": "8", "usage": 17},
			{"hour": "9", "usage": 7},
			{"hour": "10", "usage": 0},
			{"hour": "11", "usage": 1},
			{"hour": "12", "usage": 0},
			{"hour": "13", "usage": 3},
			{"hour": "14", "usage": 2},
			{"hour": "15", "usage": 2},
			{"hour": "16", "usage": 2},
			{"hour": "17", "usage": 0},
			{"hour": "18", "usage": 0},
			{"hour": "19", "usage": 0},
			{"hour": "20", "usage": 0},
			{"hour": "21", "usage": 0},
			{"hour": "22", "usage": 0},
			{"hour": "23", "usage": 0}
		]
	},
	{
		"date": 6,
		"totalTime": 169,
		"details": [
			{"appName": "삼성 인터넷", "usage": 56},
			{"appName": "YouTube", "usage": 40},
			{"appName": "카카오톡", "usage": 18},
			{"appName": "Samsung Experience 홈", "usage": 9},
			{"appName": "NH뱅킹", "usage": 7},
			{"appName": "캘린더", "usage": 6},
			{"appName": "토스", "usage": 5},
			{"appName": "설정", "usage": 4},
			{"appName": "Paco", "usage": 4},
			{"appName": "카카오맵", "usage": 3},
			{"appName": "Gmail", "usage": 3},
			{"appName": "Dropsync", "usage": 1},
			{"appName": "", "usage": 1}
		],
		"keys": [
			{"hour": "0", "usage": 0},
			{"hour": "1", "usage": 26},
			{"hour": "2", "usage": 3},
			{"hour": "3", "usage": 0},
			{"hour": "4", "usage": 0},
			{"hour": "5", "usage": 1},
			{"hour": "6", "usage": 6},
			{"hour": "7", "usage": 2},
			{"hour": "8", "usage": 5},
			{"hour": "9", "usage": 7},
			{"hour": "10", "usage": 3},
			{"hour": "11", "usage": 19},
			{"hour": "12", "usage": 22},
			{"hour": "13", "usage": 3},
			{"hour": "14", "usage": 10},
			{"hour": "15", "usage": 25},
			{"hour": "16", "usage": 29},
			{"hour": "17", "usage": 0},
			{"hour": "18", "usage": 0},
			{"hour": "19", "usage": 0},
			{"hour": "20", "usage": 0},
			{"hour": "21", "usage": 0},
			{"hour": "22", "usage": 0},
			{"hour": "23", "usage": 0}
		]
	},
	{
		"date": 7,
		"totalTime": 258,
		"details": [
			{"appName": "삼성 인터넷", "usage": 127},
			{"appName": "YouTube", "usage": 68},
			{"appName": "카카오톡", "usage": 10},
			{"appName": "카카오맵", "usage": 8},
			{"appName": "Samsung Experience 홈", "usage": 7},
			{"appName": "토스", "usage": 5},
			{"appName": "리마인더", "usage": 3},
			{"appName": "Paco", "usage": 3},
			{"appName": "카메라", "usage": 2},
			{"appName": "Google Play 스토어", "usage": 2},
			{"appName": "Dropsync", "usage": 2},
			{"appName": "캘린더", "usage": 1},
			{"appName": "전화", "usage": 1},
			{"appName": "올원페이 (NH앱카드)", "usage": 1},
			{"appName": "시스템 UI", "usage": 1},
			{"appName": "설정", "usage": 1},
			{"appName": "메시지", "usage": 1},
			{"appName": "날씨", "usage": 1},
			{"appName": "", "usage": 1}
		],
		"keys": [
			{"hour": "0", "usage": 33},
			{"hour": "1", "usage": 23},
			{"hour": "2", "usage": 27},
			{"hour": "3", "usage": 5},
			{"hour": "4", "usage": 2},
			{"hour": "5", "usage": 0},
			{"hour": "6", "usage": 0},
			{"hour": "7", "usage": 4},
			{"hour": "8", "usage": 12},
			{"hour": "9", "usage": 14},
			{"hour": "10", "usage": 26},
			{"hour": "11", "usage": 14},
			{"hour": "12", "usage": 26},
			{"hour": "13", "usage": 25},
			{"hour": "14", "usage": 3},
			{"hour": "15", "usage": 25},
			{"hour": "16", "usage": 2},
			{"hour": "17", "usage": 8},
			{"hour": "18", "usage": 0},
			{"hour": "19", "usage": 0},
			{"hour": "20", "usage": 0},
			{"hour": "21", "usage": 0},
			{"hour": "22", "usage": 0},
			{"hour": "23", "usage": 0}
		]
	}
]
