[
	{
		"date": 1,
		"totalTime": 201,
		"details": [
			{"appName": "삼성 인터넷", "usage": 102},
			{"appName": "페이트/그랜드오더", "usage": 45},
			{"appName": "네이버 카페", "usage": 12},
			{"appName": "YouTube", "usage": 10},
			{"appName": "드라이브", "usage": 7},
			{"appName": "Polar Beat", "usage": 6},
			{"appName": "TouchWiz 홈", "usage": 3},
			{"appName": "Paco", "usage": 3},
			{"appName": "카카오톡", "usage": 2},
			{"appName": "시계", "usage": 1},
			{"appName": "Microsoft Band", "usage": 1}
		],
		"keys": [
			{"hour": "0", "usage": 0},
			{"hour": "1", "usage": 16},
			{"hour": "2", "usage": 0},
			{"hour": "3", "usage": 0},
			{"hour": "4", "usage": 0},
			{"hour": "5", "usage": 47},
			{"hour": "6", "usage": 3},
			{"hour": "7", "usage": 0},
			{"hour": "8", "usage": 1},
			{"hour": "9", "usage": 1},
			{"hour": "10", "usage": 0},
			{"hour": "11", "usage": 25},
			{"hour": "12", "usage": 3},
			{"hour": "13", "usage": 6},
			{"hour": "14", "usage": 0},
			{"hour": "15", "usage": 5},
			{"hour": "16", "usage": 3},
			{"hour": "17", "usage": 5},
			{"hour": "18", "usage": 0},
			{"hour": "19", "usage": 51},
			{"hour": "20", "usage": 3},
			{"hour": "21", "usage": 0},
			{"hour": "22", "usage": 0},
			{"hour": "23", "usage": 19}
		]
	},
	{
		"date": 2,
		"totalTime": 213,
		"details": [
			{"appName": "삼성 인터넷", "usage": 142},
			{"appName": "페이트/그랜드오더", "usage": 21},
			{"appName": "YouTube", "usage": 13},
			{"appName": "네이버 카페", "usage": 11},
			{"appName": "카카오톡", "usage": 10},
			{"appName": "TouchWiz 홈", "usage": 3},
			{"appName": "Paco", "usage": 2},
			{"appName": "설정", "usage": 1},
			{"appName": "Polar Beat", "usage": 1}
		],
		"keys": [
			{"hour": "0", "usage": 18},
			{"hour": "1", "usage": 14},
			{"hour": "2", "usage": 34},
			{"hour": "3", "usage": 1},
			{"hour": "4", "usage": 2},
			{"hour": "5", "usage": 40},
			{"hour": "6", "usage": 42},
			{"hour": "7", "usage": 3},
			{"hour": "8", "usage": 5},
			{"hour": "9", "usage": 5},
			{"hour": "10", "usage": 3},
			{"hour": "11", "usage": 4},
			{"hour": "12", "usage": 0},
			{"hour": "13", "usage": 0},
			{"hour": "14", "usage": 2},
			{"hour": "15", "usage": 9},
			{"hour": "16", "usage": 0},
			{"hour": "17", "usage": 0},
			{"hour": "18", "usage": 22},
			{"hour": "19", "usage": 0},
			{"hour": "20", "usage": 0},
			{"hour": "21", "usage": 0},
			{"hour": "22", "usage": 0},
			{"hour": "23", "usage": 0}
		]
	},
	{
		"date": 3,
		"totalTime": 559,
		"details": [
			{"appName": "삼성 인터넷", "usage": 256},
			{"appName": "페이트/그랜드오더", "usage": 127},
			{"appName": "네이버 카페", "usage": 62},
			{"appName": "네이버 웹툰", "usage": 39},
			{"appName": "카카오톡", "usage": 21},
			{"appName": "음성 녹음", "usage": 11},
			{"appName": "Word", "usage": 11},
			{"appName": "TouchWiz 홈", "usage": 8},
			{"appName": "Polar Beat", "usage": 5},
			{"appName": "Paco", "usage": 5},
			{"appName": "설정", "usage": 2},
			{"appName": "지도", "usage": 1},
			{"appName": "Google Play 스토어", "usage": 1}
		],
		"keys": [
			{"hour": "0", "usage": 7},
			{"hour": "1", "usage": 30},
			{"hour": "2", "usage": 17},
			{"hour": "3", "usage": 34},
			{"hour": "4", "usage": 42},
			{"hour": "5", "usage": 33},
			{"hour": "6", "usage": 41},
			{"hour": "7", "usage": 43},
			{"hour": "8", "usage": 36},
			{"hour": "9", "usage": 30},
			{"hour": "10", "usage": 27},
			{"hour": "11", "usage": 48},
			{"hour": "12", "usage": 38},
			{"hour": "13", "usage": 26},
			{"hour": "14", "usage": 28},
			{"hour": "15", "usage": 30},
			{"hour": "16", "usage": 31},
			{"hour": "17", "usage": 10},
			{"hour": "18", "usage": 0},
			{"hour": "19", "usage": 0},
			{"hour": "20", "usage": 0},
			{"hour": "21", "usage": 0},
			{"hour": "22", "usage": 0},
			{"hour": "23", "usage": 0}
		]
	},
	{
		"date": 4,
		"totalTime": 358,
		"details": [
			{"appName": "삼성 인터넷", "usage": 185},
			{"appName": "페이트/그랜드오더", "usage": 89},
			{"appName": "네이버 카페", "usage": 36},
			{"appName": "YouTube", "usage": 23},
			{"appName": "카카오톡", "usage": 9},
			{"appName": "TouchWiz 홈", "usage": 4},
			{"appName": "코레일톡", "usage": 2},
			{"appName": "Paco", "usage": 2},
			{"appName": "음성 녹음", "usage": 1},
			{"appName": "설정", "usage": 1}
		],
		"keys": [
			{"hour": "0", "usage": 27},
			{"hour": "1", "usage": 34},
			{"hour": "2", "usage": 18},
			{"hour": "3", "usage": 2},
			{"hour": "4", "usage": 9},
			{"hour": "5", "usage": 25},
			{"hour": "6", "usage": 52},
			{"hour": "7", "usage": 33},
			{"hour": "8", "usage": 54},
			{"hour": "9", "usage": 23},
			{"hour": "10", "usage": 3},
			{"hour": "11", "usage": 3},
			{"hour": "12", "usage": 5},
			{"hour": "13", "usage": 22},
			{"hour": "14", "usage": 6},
			{"hour": "15", "usage": 9},
			{"hour": "16", "usage": 24},
			{"hour": "17", "usage": 0},
			{"hour": "18", "usage": 0},
			{"hour": "19", "usage": 0},
			{"hour": "20", "usage": 0},
			{"hour": "21", "usage": 0},
			{"hour": "22", "usage": 0},
			{"hour": "23", "usage": 0}
		]
	},
	{
		"date": 5,
		"totalTime": 197,
		"details": [
			{"appName": "페이트/그랜드오더", "usage": 109},
			{"appName": "삼성 인터넷", "usage": 52},
			{"appName": "Twitch", "usage": 10},
			{"appName": "네이버 카페", "usage": 7},
			{"appName": "카카오톡", "usage": 5},
			{"appName": "TouchWiz 홈", "usage": 5},
			{"appName": "설정", "usage": 3},
			{"appName": "Paco", "usage": 2}
		],
		"keys": [
			{"hour": "0", "usage": 0},
			{"hour": "1", "usage": 27},
			{"hour": "2", "usage": 34},
			{"hour": "3", "usage": 15},
			{"hour": "4", "usage": 16},
			{"hour": "5", "usage": 5},
			{"hour": "6", "usage": 3},
			{"hour": "7", "usage": 0},
			{"hour": "8", "usage": 10},
			{"hour": "9", "usage": 1},
			{"hour": "10", "usage": 2},
			{"hour": "11", "usage": 19},
			{"hour": "12", "usage": 4},
			{"hour": "13", "usage": 1},
			{"hour": "14", "usage": 4},
			{"hour": "15", "usage": 35},
			{"hour": "16", "usage": 2},
			{"hour": "17", "usage": 0},
			{"hour": "18", "usage": 0},
			{"hour": "19", "usage": 12},
			{"hour": "20", "usage": 0},
			{"hour": "21", "usage": 0},
			{"hour": "22", "usage": 0},
			{"hour": "23", "usage": 0}
		]
	},
	{
		"date": 6,
		"totalTime": 307,
		"details": [
			{"appName": "삼성 인터넷", "usage": 148},
			{"appName": "페이트/그랜드오더", "usage": 92},
			{"appName": "Twitch", "usage": 17},
			{"appName": "네이버 카페", "usage": 13},
			{"appName": "카카오톡", "usage": 9},
			{"appName": "Polar Beat", "usage": 6},
			{"appName": "설정", "usage": 4},
			{"appName": "TouchWiz 홈", "usage": 4},
			{"appName": "Paco", "usage": 3},
			{"appName": "알파카", "usage": 2},
			{"appName": "신한 쏠(SOL)", "usage": 1},
			{"appName": "Word", "usage": 1}
		],
		"keys": [
			{"hour": "0", "usage": 0},
			{"hour": "1", "usage": 32},
			{"hour": "2", "usage": 8},
			{"hour": "3", "usage": 16},
			{"hour": "4", "usage": 2},
			{"hour": "5", "usage": 26},
			{"hour": "6", "usage": 46},
			{"hour": "7", "usage": 7},
			{"hour": "8", "usage": 0},
			{"hour": "9", "usage": 5},
			{"hour": "10", "usage": 0},
			{"hour": "11", "usage": 11},
			{"hour": "12", "usage": 36},
			{"hour": "13", "usage": 0},
			{"hour": "14", "usage": 10},
			{"hour": "15", "usage": 0},
			{"hour": "16", "usage": 21},
			{"hour": "17", "usage": 37},
			{"hour": "18", "usage": 22},
			{"hour": "19", "usage": 3},
			{"hour": "20", "usage": 0},
			{"hour": "21", "usage": 0},
			{"hour": "22", "usage": 0},
			{"hour": "23", "usage": 16}
		]
	},
	{
		"date": 7,
		"totalTime": 885,
		"details": [
			{"appName": "카카오톡", "usage": 665},
			{"appName": "삼성 인터넷", "usage": 153},
			{"appName": "Twitch", "usage": 31},
			{"appName": "연락처", "usage": 10},
			{"appName": "요금안내서 Bill Letter", "usage": 5},
			{"appName": "YouTube", "usage": 3},
			{"appName": "Polar Beat", "usage": 3},
			{"appName": "Discord", "usage": 3},
			{"appName": "TouchWiz 홈", "usage": 2},
			{"appName": "설정", "usage": 1},
			{"appName": "메시지", "usage": 1},
			{"appName": "Paco", "usage": 1}
		],
		"keys": [
			{"hour": "0", "usage": 0},
			{"hour": "1", "usage": 47},
			{"hour": "2", "usage": 17},
			{"hour": "3", "usage": 3},
			{"hour": "4", "usage": 5},
			{"hour": "5", "usage": 38},
			{"hour": "6", "usage": 24},
			{"hour": "7", "usage": 3},
			{"hour": "8", "usage": 1},
			{"hour": "9", "usage": 6},
			{"hour": "10", "usage": 18},
			{"hour": "11", "usage": 46},
			{"hour": "12", "usage": 7},
			{"hour": "13", "usage": 0},
			{"hour": "14", "usage": 0},
			{"hour": "15", "usage": 0},
			{"hour": "16", "usage": 0},
			{"hour": "17", "usage": 0},
			{"hour": "18", "usage": 0},
			{"hour": "19", "usage": 0},
			{"hour": "20", "usage": 0},
			{"hour": "21", "usage": 0},
			{"hour": "22", "usage": 0},
			{"hour": "23", "usage": 0}
		]
	}
]
