[
	{
		"date": 1,
		"totalTime": 182,
		"details": [
			{"appName": "Facebook", "usage": 55},
			{"appName": "카카오톡", "usage": 23},
			{"appName": "통화", "usage": 21},
			{"appName": "Instagram", "usage": 21},
			{"appName": "Samsung Experience 홈", "usage": 15},
			{"appName": "NAVER", "usage": 11},
			{"appName": "메시지", "usage": 6},
			{"appName": "Paco", "usage": 4},
			{"appName": "KAIST Portal", "usage": 4},
			{"appName": "삼성 인터넷", "usage": 3},
			{"appName": "토스", "usage": 2},
			{"appName": "카카오 T", "usage": 2},
			{"appName": "캘린더", "usage": 1},
			{"appName": "YouTube", "usage": 1},
			{"appName": "Excel", "usage": 1},
			{"appName": "AIA Vitality T건강걷기", "usage": 1}
		],
		"keys": [
			{"hour": "0", "usage": 1},
			{"hour": "1", "usage": 1},
			{"hour": "2", "usage": 1},
			{"hour": "3", "usage": 27},
			{"hour": "4", "usage": 0},
			{"hour": "5", "usage": 0},
			{"hour": "6", "usage": 3},
			{"hour": "7", "usage": 35},
			{"hour": "8", "usage": 7},
			{"hour": "9", "usage": 0},
			{"hour": "10", "usage": 23},
			{"hour": "11", "usage": 2},
			{"hour": "12", "usage": 0},
			{"hour": "13", "usage": 10},
			{"hour": "14", "usage": 9},
			{"hour": "15", "usage": 1},
			{"hour": "16", "usage": 43},
			{"hour": "17", "usage": 0},
			{"hour": "18", "usage": 0},
			{"hour": "19", "usage": 0},
			{"hour": "20", "usage": 0},
			{"hour": "21", "usage": 0},
			{"hour": "22", "usage": 0},
			{"hour": "23", "usage": 8}
		]
	},
	{
		"date": 2,
		"totalTime": 226,
		"details": [
			{"appName": "YouTube", "usage": 44},
			{"appName": "복부 근육 트레이팅", "usage": 30},
			{"appName": "Facebook", "usage": 30},
			{"appName": "카카오톡", "usage": 24},
			{"appName": "Samsung Experience 홈", "usage": 16},
			{"appName": "삼성 인터넷", "usage": 15},
			{"appName": "쿠팡", "usage": 12},
			{"appName": "Samsung Health", "usage": 10},
			{"appName": "아이디어스", "usage": 6},
			{"appName": "설정", "usage": 5},
			{"appName": "Paco", "usage": 4},
			{"appName": "NAVER", "usage": 4},
			{"appName": "메시지", "usage": 3},
			{"appName": "카메라", "usage": 2},
			{"appName": "계산기", "usage": 2},
			{"appName": "Samsung Pay", "usage": 2},
			{"appName": "통화", "usage": 1}
		],
		"keys": [
			{"hour": "0", "usage": 33},
			{"hour": "1", "usage": 0},
			{"hour": "2", "usage": 2},
			{"hour": "3", "usage": 0},
			{"hour": "4", "usage": 16},
			{"hour": "5", "usage": 18},
			{"hour": "6", "usage": 11},
			{"hour": "7", "usage": 22},
			{"hour": "8", "usage": 55},
			{"hour": "9", "usage": 27},
			{"hour": "10", "usage": 17},
			{"hour": "11", "usage": 7},
			{"hour": "12", "usage": 6},
			{"hour": "13", "usage": 0},
			{"hour": "14", "usage": 0},
			{"hour": "15", "usage": 0},
			{"hour": "16", "usage": 0},
			{"hour": "17", "usage": 0},
			{"hour": "18", "usage": 0},
			{"hour": "19", "usage": 2},
			{"hour": "20", "usage": 5},
			{"hour": "21", "usage": 0},
			{"hour": "22", "usage": 0},
			{"hour": "23", "usage": 0}
		]
	},
	{
		"date": 3,
		"totalTime": 432,
		"details": [
			{"appName": "YouTube", "usage": 87},
			{"appName": "Facebook", "usage": 86},
			{"appName": "프렌즈타운", "usage": 68},
			{"appName": "시계", "usage": 66},
			{"appName": "카카오톡", "usage": 34},
			{"appName": "네이버 웹툰", "usage": 19},
			{"appName": "NAVER", "usage": 16},
			{"appName": "Samsung Experience 홈", "usage": 8},
			{"appName": "Messenger", "usage": 6},
			{"appName": "Instagram", "usage": 6},
			{"appName": "편한가계부", "usage": 3},
			{"appName": "통화", "usage": 3},
			{"appName": "캘린더", "usage": 2},
			{"appName": "지도", "usage": 2},
			{"appName": "PAYCO", "usage": 2},
			{"appName": "카카오뱅크", "usage": 1},
			{"appName": "카메라", "usage": 1},
			{"appName": "설정", "usage": 1},
			{"appName": "삼성 인터넷", "usage": 1},
			{"appName": "Samsung Pay", "usage": 1},
			{"appName": "SNOW", "usage": 1},
			{"appName": "Paco", "usage": 1}
		],
		"keys": [
			{"hour": "0", "usage": 0},
			{"hour": "1", "usage": 0},
			{"hour": "2", "usage": 6},
			{"hour": "3", "usage": 6},
			{"hour": "4", "usage": 43},
			{"hour": "5", "usage": 51},
			{"hour": "6", "usage": 0},
			{"hour": "7", "usage": 2},
			{"hour": "8", "usage": 3},
			{"hour": "9", "usage": 11},
			{"hour": "10", "usage": 2},
			{"hour": "11", "usage": 4},
			{"hour": "12", "usage": 42},
			{"hour": "13", "usage": 59},
			{"hour": "14", "usage": 59},
			{"hour": "15", "usage": 32},
			{"hour": "16", "usage": 38},
			{"hour": "17", "usage": 0},
			{"hour": "18", "usage": 0},
			{"hour": "19", "usage": 0},
			{"hour": "20", "usage": 0},
			{"hour": "21", "usage": 0},
			{"hour": "22", "usage": 5},
			{"hour": "23", "usage": 0}
		]
	},
	{
		"date": 4,
		"totalTime": 290,
		"details": [
			{"appName": "프렌즈타운", "usage": 137},
			{"appName": "카카오톡", "usage": 36},
			{"appName": "Facebook", "usage": 25},
			{"appName": "Samsung Experience 홈", "usage": 12},
			{"appName": "Instagram", "usage": 11},
			{"appName": "롯데시네마", "usage": 9},
			{"appName": "갤러리", "usage": 9},
			{"appName": "통화", "usage": 8},
			{"appName": "NAVER", "usage": 7},
			{"appName": "카카오 T", "usage": 4},
			{"appName": "Paco", "usage": 4},
			{"appName": "카메라", "usage": 3},
			{"appName": "AIA Vitality T건강걷기", "usage": 3},
			{"appName": "한국장학재단", "usage": 2},
			{"appName": "카카오뱅크", "usage": 2},
			{"appName": "삼성 인터넷", "usage": 2},
			{"appName": "내 파일", "usage": 1}
		],
		"keys": [
			{"hour": "0", "usage": 0},
			{"hour": "1", "usage": 23},
			{"hour": "2", "usage": 26},
			{"hour": "3", "usage": 24},
			{"hour": "4", "usage": 0},
			{"hour": "5", "usage": 0},
			{"hour": "6", "usage": 4},
			{"hour": "7", "usage": 26},
			{"hour": "8", "usage": 19},
			{"hour": "9", "usage": 30},
			{"hour": "10", "usage": 37},
			{"hour": "11", "usage": 1},
			{"hour": "12", "usage": 26},
			{"hour": "13", "usage": 7},
			{"hour": "14", "usage": 0},
			{"hour": "15", "usage": 0},
			{"hour": "16", "usage": 1},
			{"hour": "17", "usage": 49},
			{"hour": "18", "usage": 8},
			{"hour": "19", "usage": 0},
			{"hour": "20", "usage": 0},
			{"hour": "21", "usage": 0},
			{"hour": "22", "usage": 0},
			{"hour": "23", "usage": 0}
		]
	},
	{
		"date": 5,
		"totalTime": 210,
		"details": [
			{"appName": "Facebook", "usage": 83},
			{"appName": "프렌즈타운", "usage": 27},
			{"appName": "카카오톡", "usage": 21},
			{"appName": "YouTube", "usage": 20},
			{"appName": "직방", "usage": 19},
			{"appName": "Samsung Experience 홈", "usage": 16},
			{"appName": "통화", "usage": 4},
			{"appName": "Paco", "usage": 4},
			{"appName": "Instagram", "usage": 2},
			{"appName": "YouTube Music", "usage": 1}
		],
		"keys": [
			{"hour": "0", "usage": 0},
			{"hour": "1", "usage": 0},
			{"hour": "2", "usage": 12},
			{"hour": "3", "usage": 42},
			{"hour": "4", "usage": 4},
			{"hour": "5", "usage": 43},
			{"hour": "6", "usage": 18},
			{"hour": "7", "usage": 5},
			{"hour": "8", "usage": 1},
			{"hour": "9", "usage": 27},
			{"hour": "10", "usage": 0},
			{"hour": "11", "usage": 5},
			{"hour": "12", "usage": 9},
			{"hour": "13", "usage": 5},
			{"hour": "14", "usage": 1},
			{"hour": "15", "usage": 0},
			{"hour": "16", "usage": 0},
			{"hour": "17", "usage": 0},
			{"hour": "18", "usage": 24},
			{"hour": "19", "usage": 1},
			{"hour": "20", "usage": 0},
			{"hour": "21", "usage": 0},
			{"hour": "22", "usage": 0},
			{"hour": "23", "usage": 2}
		]
	},
	{
		"date": 6,
		"totalTime": 272,
		"details": [
			{"appName": "카카오톡", "usage": 97},
			{"appName": "Facebook", "usage": 35},
			{"appName": "Samsung Experience 홈", "usage": 30},
			{"appName": "갤러리", "usage": 20},
			{"appName": "직방", "usage": 15},
			{"appName": "Instagram", "usage": 11},
			{"appName": "프렌즈타운", "usage": 10},
			{"appName": "통화", "usage": 10},
			{"appName": "YouTube Music", "usage": 5},
			{"appName": "NAVER", "usage": 5},
			{"appName": "Dropbox", "usage": 5},
			{"appName": "Paco", "usage": 3},
			{"appName": "캘린더", "usage": 2},
			{"appName": "에어비앤비", "usage": 2},
			{"appName": "KLMS", "usage": 2},
			{"appName": "CamScanner", "usage": 2},
			{"appName": "설정", "usage": 1},
			{"appName": "메시지", "usage": 1},
			{"appName": "날씨", "usage": 1}
		],
		"keys": [
			{"hour": "0", "usage": 6},
			{"hour": "1", "usage": 9},
			{"hour": "2", "usage": 18},
			{"hour": "3", "usage": 42},
			{"hour": "4", "usage": 13},
			{"hour": "5", "usage": 14},
			{"hour": "6", "usage": 30},
			{"hour": "7", "usage": 14},
			{"hour": "8", "usage": 39},
			{"hour": "9", "usage": 4},
			{"hour": "10", "usage": 0},
			{"hour": "11", "usage": 0},
			{"hour": "12", "usage": 1},
			{"hour": "13", "usage": 12},
			{"hour": "14", "usage": 2},
			{"hour": "15", "usage": 42},
			{"hour": "16", "usage": 12},
			{"hour": "17", "usage": 0},
			{"hour": "18", "usage": 0},
			{"hour": "19", "usage": 0},
			{"hour": "20", "usage": 0},
			{"hour": "21", "usage": 5},
			{"hour": "22", "usage": 0},
			{"hour": "23", "usage": 0}
		]
	},
	{
		"date": 7,
		"totalTime": 171,
		"details": [
			{"appName": "프렌즈타운", "usage": 36},
			{"appName": "카카오톡", "usage": 30},
			{"appName": "Samsung Experience 홈", "usage": 27},
			{"appName": "YouTube", "usage": 20},
			{"appName": "통화", "usage": 18},
			{"appName": "SNOW", "usage": 7},
			{"appName": "삼성 인터넷", "usage": 5},
			{"appName": "Facebook", "usage": 4},
			{"appName": "편한가계부", "usage": 3},
			{"appName": "Paco", "usage": 2},
			{"appName": "토스", "usage": 1},
			{"appName": "카카오뱅크", "usage": 1},
			{"appName": "전화", "usage": 1},
			{"appName": "메시지", "usage": 1},
			{"appName": "Samsung Pay", "usage": 1}
		],
		"keys": [
			{"hour": "0", "usage": 0},
			{"hour": "1", "usage": 0},
			{"hour": "2", "usage": 0},
			{"hour": "3", "usage": 1},
			{"hour": "4", "usage": 6},
			{"hour": "5", "usage": 13},
			{"hour": "6", "usage": 28},
			{"hour": "7", "usage": 21},
			{"hour": "8", "usage": 3},
			{"hour": "9", "usage": 26},
			{"hour": "10", "usage": 19},
			{"hour": "11", "usage": 12},
			{"hour": "12", "usage": 8},
			{"hour": "13", "usage": 29},
			{"hour": "14", "usage": 0},
			{"hour": "15", "usage": 0},
			{"hour": "16", "usage": 0},
			{"hour": "17", "usage": 0},
			{"hour": "18", "usage": 0},
			{"hour": "19", "usage": 0},
			{"hour": "20", "usage": 0},
			{"hour": "21", "usage": 0},
			{"hour": "22", "usage": 0},
			{"hour": "23", "usage": 0}
		]
	}
]
