[
	{
		"date": 1,
		"totalTime": 572,
		"details": [
			{"appName": "카카오톡", "usage": 138},
			{"appName": "Facebook", "usage": 134},
			{"appName": "삼성 인터넷", "usage": 77},
			{"appName": "전화", "usage": 75},
			{"appName": "네이버 웹툰", "usage": 43},
			{"appName": "Samsung Experience 홈", "usage": 25},
			{"appName": "설정", "usage": 15},
			{"appName": "네이버 지도", "usage": 15},
			{"appName": "알바몬", "usage": 8},
			{"appName": "Microsoft Band", "usage": 4},
			{"appName": "Paco", "usage": 3},
			{"appName": "연락처", "usage": 2},
			{"appName": "메시지", "usage": 2},
			{"appName": "YouTube", "usage": 2},
			{"appName": "Polaris Office", "usage": 2},
			{"appName": "Polar Beat", "usage": 2},
			{"appName": "NAVER", "usage": 2},
			{"appName": "KLMS", "usage": 2},
			{"appName": "쿠팡", "usage": 1},
			{"appName": "카카오지하철", "usage": 1},
			{"appName": "Logger", "usage": 1}
		],
		"keys": [
			{"hour": "0", "usage": 33},
			{"hour": "1", "usage": 40},
			{"hour": "2", "usage": 42},
			{"hour": "3", "usage": 39},
			{"hour": "4", "usage": 50},
			{"hour": "5", "usage": 42},
			{"hour": "6", "usage": 22},
			{"hour": "7", "usage": 54},
			{"hour": "8", "usage": 51},
			{"hour": "9", "usage": 21},
			{"hour": "10", "usage": 16},
			{"hour": "11", "usage": 3},
			{"hour": "12", "usage": 44},
			{"hour": "13", "usage": 17},
			{"hour": "14", "usage": 18},
			{"hour": "15", "usage": 25},
			{"hour": "16", "usage": 15},
			{"hour": "17", "usage": 32},
			{"hour": "18", "usage": 0},
			{"hour": "19", "usage": 0},
			{"hour": "20", "usage": 0},
			{"hour": "21", "usage": 0},
			{"hour": "22", "usage": 0},
			{"hour": "23", "usage": 0}
		]
	},
	{
		"date": 2,
		"totalTime": 379,
		"details": [
			{"appName": "카카오톡", "usage": 164},
			{"appName": "Facebook", "usage": 96},
			{"appName": "삼성 인터넷", "usage": 47},
			{"appName": "YouTube", "usage": 15},
			{"appName": "Samsung Experience 홈", "usage": 14},
			{"appName": "메시지", "usage": 6},
			{"appName": "네이버 웹툰", "usage": 5},
			{"appName": "코레일톡", "usage": 3},
			{"appName": "전화", "usage": 2},
			{"appName": "Polar Beat", "usage": 2},
			{"appName": "Paco", "usage": 2},
			{"appName": "Microsoft Band", "usage": 2},
			{"appName": "여기어때", "usage": 1},
			{"appName": "Messenger", "usage": 1},
			{"appName": "Logger", "usage": 1}
		],
		"keys": [
			{"hour": "0", "usage": 0},
			{"hour": "1", "usage": 8},
			{"hour": "2", "usage": 0},
			{"hour": "3", "usage": 39},
			{"hour": "4", "usage": 10},
			{"hour": "5", "usage": 20},
			{"hour": "6", "usage": 20},
			{"hour": "7", "usage": 21},
			{"hour": "8", "usage": 25},
			{"hour": "9", "usage": 18},
			{"hour": "10", "usage": 8},
			{"hour": "11", "usage": 4},
			{"hour": "12", "usage": 34},
			{"hour": "13", "usage": 31},
			{"hour": "14", "usage": 0},
			{"hour": "15", "usage": 20},
			{"hour": "16", "usage": 56},
			{"hour": "17", "usage": 55},
			{"hour": "18", "usage": 0},
			{"hour": "19", "usage": 0},
			{"hour": "20", "usage": 0},
			{"hour": "21", "usage": 0},
			{"hour": "22", "usage": 0},
			{"hour": "23", "usage": 0}
		]
	},
	{
		"date": 3,
		"totalTime": 311,
		"details": [
			{"appName": "카카오톡", "usage": 106},
			{"appName": "Facebook", "usage": 79},
			{"appName": "전화", "usage": 34},
			{"appName": "네이버 웹툰", "usage": 28},
			{"appName": "삼성 인터넷", "usage": 18},
			{"appName": "네이버 지도", "usage": 14},
			{"appName": "Samsung Experience 홈", "usage": 7},
			{"appName": "시외버스 모바일", "usage": 5},
			{"appName": "카카오지하철", "usage": 4},
			{"appName": "Polar Beat", "usage": 2},
			{"appName": "Paco", "usage": 2},
			{"appName": "연락처", "usage": 1},
			{"appName": "갤러리", "usage": 1},
			{"appName": "B612", "usage": 1}
		],
		"keys": [
			{"hour": "0", "usage": 0},
			{"hour": "1", "usage": 17},
			{"hour": "2", "usage": 9},
			{"hour": "3", "usage": 2},
			{"hour": "4", "usage": 5},
			{"hour": "5", "usage": 4},
			{"hour": "6", "usage": 7},
			{"hour": "7", "usage": 8},
			{"hour": "8", "usage": 46},
			{"hour": "9", "usage": 13},
			{"hour": "10", "usage": 6},
			{"hour": "11", "usage": 1},
			{"hour": "12", "usage": 3},
			{"hour": "13", "usage": 9},
			{"hour": "14", "usage": 44},
			{"hour": "15", "usage": 46},
			{"hour": "16", "usage": 52},
			{"hour": "17", "usage": 30},
			{"hour": "18", "usage": 0},
			{"hour": "19", "usage": 0},
			{"hour": "20", "usage": 0},
			{"hour": "21", "usage": 0},
			{"hour": "22", "usage": 0},
			{"hour": "23", "usage": 0}
		]
	},
	{
		"date": 4,
		"totalTime": 619,
		"details": [
			{"appName": "Facebook", "usage": 218},
			{"appName": "카카오톡", "usage": 213},
			{"appName": "삼성 인터넷", "usage": 43},
			{"appName": "네이버 웹툰", "usage": 41},
			{"appName": "YouTube", "usage": 16},
			{"appName": "Samsung Experience 홈", "usage": 16},
			{"appName": "Microsoft Band", "usage": 15},
			{"appName": "네이버 지도", "usage": 10},
			{"appName": "전화", "usage": 9},
			{"appName": "여기어때", "usage": 6},
			{"appName": "설정", "usage": 3},
			{"appName": "갤러리", "usage": 3},
			{"appName": "Logger", "usage": 3},
			{"appName": "B612", "usage": 3},
			{"appName": "Polar Beat", "usage": 2},
			{"appName": "Paco", "usage": 2},
			{"appName": "코레일톡", "usage": 1},
			{"appName": "캘린더", "usage": 1},
			{"appName": "내 파일", "usage": 1},
			{"appName": "Google Play 스토어", "usage": 1}
		],
		"keys": [
			{"hour": "0", "usage": 0},
			{"hour": "1", "usage": 8},
			{"hour": "2", "usage": 48},
			{"hour": "3", "usage": 58},
			{"hour": "4", "usage": 47},
			{"hour": "5", "usage": 31},
			{"hour": "6", "usage": 41},
			{"hour": "7", "usage": 29},
			{"hour": "8", "usage": 40},
			{"hour": "9", "usage": 0},
			{"hour": "10", "usage": 13},
			{"hour": "11", "usage": 14},
			{"hour": "12", "usage": 29},
			{"hour": "13", "usage": 40},
			{"hour": "14", "usage": 41},
			{"hour": "15", "usage": 59},
			{"hour": "16", "usage": 54},
			{"hour": "17", "usage": 39},
			{"hour": "18", "usage": 20},
			{"hour": "19", "usage": 0},
			{"hour": "20", "usage": 0},
			{"hour": "21", "usage": 0},
			{"hour": "22", "usage": 0},
			{"hour": "23", "usage": 0}
		]
	},
	{
		"date": 5,
		"totalTime": 470,
		"details": [
			{"appName": "Facebook", "usage": 109},
			{"appName": "카카오톡", "usage": 95},
			{"appName": "YouTube", "usage": 82},
			{"appName": "네이버 웹툰", "usage": 75},
			{"appName": "삼성 인터넷", "usage": 34},
			{"appName": "Samsung Experience 홈", "usage": 15},
			{"appName": "전화", "usage": 14},
			{"appName": "쿠팡", "usage": 13},
			{"appName": "네이버 지도", "usage": 8},
			{"appName": "코레일톡", "usage": 4},
			{"appName": "Paco", "usage": 2},
			{"appName": "Logger", "usage": 2},
			{"appName": "카카오지하철", "usage": 1},
			{"appName": "시스템 UI", "usage": 1},
			{"appName": "설정", "usage": 1},
			{"appName": "고속버스 모바일", "usage": 1},
			{"appName": "Google Play 스토어", "usage": 1}
		],
		"keys": [
			{"hour": "0", "usage": 0},
			{"hour": "1", "usage": 2},
			{"hour": "2", "usage": 44},
			{"hour": "3", "usage": 40},
			{"hour": "4", "usage": 15},
			{"hour": "5", "usage": 59},
			{"hour": "6", "usage": 56},
			{"hour": "7", "usage": 26},
			{"hour": "8", "usage": 18},
			{"hour": "9", "usage": 9},
			{"hour": "10", "usage": 56},
			{"hour": "11", "usage": 54},
			{"hour": "12", "usage": 37},
			{"hour": "13", "usage": 3},
			{"hour": "14", "usage": 8},
			{"hour": "15", "usage": 8},
			{"hour": "16", "usage": 2},
			{"hour": "17", "usage": 0},
			{"hour": "18", "usage": 13},
			{"hour": "19", "usage": 0},
			{"hour": "20", "usage": 0},
			{"hour": "21", "usage": 0},
			{"hour": "22", "usage": 0},
			{"hour": "23", "usage": 8}
		]
	},
	{
		"date": 6,
		"totalTime": 467,
		"details": [
			{"appName": "네이버 웹툰", "usage": 132},
			{"appName": "카카오톡", "usage": 96},
			{"appName": "전화", "usage": 71},
			{"appName": "Facebook", "usage": 54},
			{"appName": "삼성 인터넷", "usage": 52},
			{"appName": "드라이브", "usage": 20},
			{"appName": "Samsung Experience 홈", "usage": 10},
			{"appName": "코레일톡", "usage": 5},
			{"appName": "네이버 지도", "usage": 3},
			{"appName": "고속버스 모바일", "usage": 3},
			{"appName": "에브리타임", "usage": 2},
			{"appName": "토스", "usage": 1},
			{"appName": "여기어때", "usage": 1},
			{"appName": "시외버스 모바일", "usage": 1},
			{"appName": "메시지", "usage": 1},
			{"appName": "Paco", "usage": 1},
			{"appName": "MUSINSA", "usage": 1},
			{"appName": "KLMS", "usage": 1}
		],
		"keys": [
			{"hour": "0", "usage": 9},
			{"hour": "1", "usage": 46},
			{"hour": "2", "usage": 43},
			{"hour": "3", "usage": 17},
			{"hour": "4", "usage": 21},
			{"hour": "5", "usage": 21},
			{"hour": "6", "usage": 54},
			{"hour": "7", "usage": 57},
			{"hour": "8", "usage": 16},
			{"hour": "9", "usage": 14},
			{"hour": "10", "usage": 3},
			{"hour": "11", "usage": 34},
			{"hour": "12", "usage": 3},
			{"hour": "13", "usage": 2},
			{"hour": "14", "usage": 46},
			{"hour": "15", "usage": 37},
			{"hour": "16", "usage": 33},
			{"hour": "17", "usage": 0},
			{"hour": "18", "usage": 0},
			{"hour": "19", "usage": 0},
			{"hour": "20", "usage": 0},
			{"hour": "21", "usage": 0},
			{"hour": "22", "usage": 0},
			{"hour": "23", "usage": 0}
		]
	},
	{
		"date": 7,
		"totalTime": 260,
		"details": [
			{"appName": "카카오톡", "usage": 47},
			{"appName": "네이버 웹툰", "usage": 46},
			{"appName": "Facebook", "usage": 41},
			{"appName": "네이버 지도", "usage": 34},
			{"appName": "삼성 인터넷", "usage": 22},
			{"appName": "YouTube", "usage": 21},
			{"appName": "Samsung Experience 홈", "usage": 12},
			{"appName": "B612", "usage": 11},
			{"appName": "코레일톡", "usage": 4},
			{"appName": "메시지", "usage": 4},
			{"appName": "토스", "usage": 2},
			{"appName": "카카오지하철", "usage": 1},
			{"appName": "Paco", "usage": 1},
			{"appName": "KLMS", "usage": 1}
		],
		"keys": [
			{"hour": "0", "usage": 0},
			{"hour": "1", "usage": 37},
			{"hour": "2", "usage": 32},
			{"hour": "3", "usage": 12},
			{"hour": "4", "usage": 26},
			{"hour": "5", "usage": 35},
			{"hour": "6", "usage": 23},
			{"hour": "7", "usage": 9},
			{"hour": "8", "usage": 16},
			{"hour": "9", "usage": 20},
			{"hour": "10", "usage": 13},
			{"hour": "11", "usage": 19},
			{"hour": "12", "usage": 7},
			{"hour": "13", "usage": 1},
			{"hour": "14", "usage": 2},
			{"hour": "15", "usage": 1},
			{"hour": "16", "usage": 0},
			{"hour": "17", "usage": 0},
			{"hour": "18", "usage": 0},
			{"hour": "19", "usage": 0},
			{"hour": "20", "usage": 0},
			{"hour": "21", "usage": 0},
			{"hour": "22", "usage": 0},
			{"hour": "23", "usage": 0}
		]
	}
]
