[
	{
		"date": 1,
		"totalTime": 744,
		"details": [
			{"appName": "YouTube", "usage": 463},
			{"appName": "Pokémon GO", "usage": 73},
			{"appName": "삼성 인터넷", "usage": 51},
			{"appName": "카카오톡", "usage": 38},
			{"appName": "Facebook", "usage": 22},
			{"appName": "시계", "usage": 20},
			{"appName": "캐시워크", "usage": 13},
			{"appName": "Samsung Experience 홈", "usage": 13},
			{"appName": "Polar Beat", "usage": 9},
			{"appName": "전화", "usage": 6},
			{"appName": "시스템 UI", "usage": 5},
			{"appName": "Paco", "usage": 5},
			{"appName": "텍뷰", "usage": 4},
			{"appName": "설정", "usage": 2},
			{"appName": "YouTube Music", "usage": 2},
			{"appName": "피트니스", "usage": 1},
			{"appName": "편한가계부", "usage": 1},
			{"appName": "캘린더", "usage": 1},
			{"appName": "게임런처", "usage": 1},
			{"appName": "Microsoft Band", "usage": 1},
			{"appName": "LoL 프렌즈", "usage": 1},
			{"appName": "KAIST Library", "usage": 1}
		],
		"keys": [
			{"hour": "0", "usage": 8},
			{"hour": "1", "usage": 13},
			{"hour": "2", "usage": 50},
			{"hour": "3", "usage": 45},
			{"hour": "4", "usage": 27},
			{"hour": "5", "usage": 26},
			{"hour": "6", "usage": 2},
			{"hour": "7", "usage": 0},
			{"hour": "8", "usage": 5},
			{"hour": "9", "usage": 16},
			{"hour": "10", "usage": 45},
			{"hour": "11", "usage": 40},
			{"hour": "12", "usage": 24},
			{"hour": "13", "usage": 30},
			{"hour": "14", "usage": 2},
			{"hour": "15", "usage": 0},
			{"hour": "16", "usage": 50},
			{"hour": "17", "usage": 60},
			{"hour": "18", "usage": 60},
			{"hour": "19", "usage": 60},
			{"hour": "20", "usage": 60},
			{"hour": "21", "usage": 60},
			{"hour": "22", "usage": 45},
			{"hour": "23", "usage": 8}
		]
	},
	{
		"date": 2,
		"totalTime": 229,
		"details": [
			{"appName": "YouTube", "usage": 69},
			{"appName": "삼성 인터넷", "usage": 44},
			{"appName": "캐시워크", "usage": 30},
			{"appName": "Pokémon GO", "usage": 25},
			{"appName": "카카오톡", "usage": 14},
			{"appName": "Facebook", "usage": 12},
			{"appName": "Samsung Experience 홈", "usage": 9},
			{"appName": "Paco", "usage": 4},
			{"appName": "시스템 UI", "usage": 2},
			{"appName": "Logger", "usage": 2},
			{"appName": "캘린더", "usage": 1},
			{"appName": "지도", "usage": 1},
			{"appName": "설정", "usage": 1},
			{"appName": "Polar Beat", "usage": 1}
		],
		"keys": [
			{"hour": "0", "usage": 22},
			{"hour": "1", "usage": 24},
			{"hour": "2", "usage": 33},
			{"hour": "3", "usage": 39},
			{"hour": "4", "usage": 0},
			{"hour": "5", "usage": 6},
			{"hour": "6", "usage": 13},
			{"hour": "7", "usage": 4},
			{"hour": "8", "usage": 1},
			{"hour": "9", "usage": 38},
			{"hour": "10", "usage": 27},
			{"hour": "11", "usage": 7},
			{"hour": "12", "usage": 3},
			{"hour": "13", "usage": 2},
			{"hour": "14", "usage": 0},
			{"hour": "15", "usage": 2},
			{"hour": "16", "usage": 0},
			{"hour": "17", "usage": 0},
			{"hour": "18", "usage": 0},
			{"hour": "19", "usage": 0},
			{"hour": "20", "usage": 0},
			{"hour": "21", "usage": 0},
			{"hour": "22", "usage": 0},
			{"hour": "23", "usage": 0}
		]
	},
	{
		"date": 3,
		"totalTime": 650,
		"details": [
			{"appName": "YouTube", "usage": 429},
			{"appName": "Pokémon GO", "usage": 61},
			{"appName": "삼성 인터넷", "usage": 34},
			{"appName": "카카오톡", "usage": 29},
			{"appName": "Facebook", "usage": 20},
			{"appName": "텍뷰", "usage": 13},
			{"appName": "캐시워크", "usage": 12},
			{"appName": "Samsung Experience 홈", "usage": 10},
			{"appName": "시계", "usage": 6},
			{"appName": "갤러리", "usage": 6},
			{"appName": "드라이브", "usage": 4},
			{"appName": "시스템 UI", "usage": 3},
			{"appName": "Paco", "usage": 3},
			{"appName": "설정", "usage": 2},
			{"appName": "전화", "usage": 1},
			{"appName": "YouTube Music", "usage": 1},
			{"appName": "Messenger", "usage": 1}
		],
		"keys": [
			{"hour": "0", "usage": 0},
			{"hour": "1", "usage": 0},
			{"hour": "2", "usage": 8},
			{"hour": "3", "usage": 8},
			{"hour": "4", "usage": 44},
			{"hour": "5", "usage": 40},
			{"hour": "6", "usage": 24},
			{"hour": "7", "usage": 48},
			{"hour": "8", "usage": 59},
			{"hour": "9", "usage": 21},
			{"hour": "10", "usage": 10},
			{"hour": "11", "usage": 59},
			{"hour": "12", "usage": 45},
			{"hour": "13", "usage": 6},
			{"hour": "14", "usage": 37},
			{"hour": "15", "usage": 59},
			{"hour": "16", "usage": 48},
			{"hour": "17", "usage": 59},
			{"hour": "18", "usage": 40},
			{"hour": "19", "usage": 0},
			{"hour": "20", "usage": 2},
			{"hour": "21", "usage": 0},
			{"hour": "22", "usage": 8},
			{"hour": "23", "usage": 9}
		]
	},
	{
		"date": 4,
		"totalTime": 776,
		"details": [
			{"appName": "YouTube", "usage": 291},
			{"appName": "카카오톡", "usage": 280},
			{"appName": "삼성 인터넷", "usage": 80},
			{"appName": "Pokémon GO", "usage": 66},
			{"appName": "Facebook", "usage": 11},
			{"appName": "Samsung Experience 홈", "usage": 7},
			{"appName": "캐시워크", "usage": 5},
			{"appName": "카카오 T", "usage": 5},
			{"appName": "설정", "usage": 3},
			{"appName": "갤러리", "usage": 3},
			{"appName": "LoL 프렌즈", "usage": 3},
			{"appName": "시스템 UI", "usage": 2},
			{"appName": "편한가계부", "usage": 1},
			{"appName": "전화", "usage": 1},
			{"appName": "게임런처", "usage": 1},
			{"appName": "YouTube Music", "usage": 1},
			{"appName": "Paco", "usage": 1},
			{"appName": "IV Go", "usage": 1}
		],
		"keys": [
			{"hour": "0", "usage": 55},
			{"hour": "1", "usage": 26},
			{"hour": "2", "usage": 2},
			{"hour": "3", "usage": 17},
			{"hour": "4", "usage": 0},
			{"hour": "5", "usage": 0},
			{"hour": "6", "usage": 3},
			{"hour": "7", "usage": 21},
			{"hour": "8", "usage": 61},
			{"hour": "9", "usage": 106},
			{"hour": "10", "usage": 62},
			{"hour": "11", "usage": 62},
			{"hour": "12", "usage": 39},
			{"hour": "13", "usage": 32},
			{"hour": "14", "usage": 16},
			{"hour": "15", "usage": 51},
			{"hour": "16", "usage": 52},
			{"hour": "17", "usage": 55},
			{"hour": "18", "usage": 60},
			{"hour": "19", "usage": 48},
			{"hour": "20", "usage": 0},
			{"hour": "21", "usage": 0},
			{"hour": "22", "usage": 0},
			{"hour": "23", "usage": 0}
		]
	},
	{
		"date": 5,
		"totalTime": 432,
		"details": [
			{"appName": "YouTube", "usage": 151},
			{"appName": "삼성 인터넷", "usage": 125},
			{"appName": "카카오톡", "usage": 36},
			{"appName": "Facebook", "usage": 33},
			{"appName": "캐시워크", "usage": 22},
			{"appName": "Pokémon GO", "usage": 13},
			{"appName": "Samsung Experience 홈", "usage": 9},
			{"appName": "YouTube Music", "usage": 7},
			{"appName": "텍뷰", "usage": 6},
			{"appName": "시계", "usage": 5},
			{"appName": "시스템 UI", "usage": 3},
			{"appName": "Polar Beat", "usage": 3},
			{"appName": "Paco", "usage": 3},
			{"appName": "전화", "usage": 2},
			{"appName": "편한가계부", "usage": 1},
			{"appName": "캘린더", "usage": 1},
			{"appName": "Samsung Notes", "usage": 1}
		],
		"keys": [
			{"hour": "0", "usage": 0},
			{"hour": "1", "usage": 2},
			{"hour": "2", "usage": 14},
			{"hour": "3", "usage": 55},
			{"hour": "4", "usage": 51},
			{"hour": "5", "usage": 51},
			{"hour": "6", "usage": 26},
			{"hour": "7", "usage": 23},
			{"hour": "8", "usage": 0},
			{"hour": "9", "usage": 5},
			{"hour": "10", "usage": 1},
			{"hour": "11", "usage": 46},
			{"hour": "12", "usage": 6},
			{"hour": "13", "usage": 9},
			{"hour": "14", "usage": 33},
			{"hour": "15", "usage": 13},
			{"hour": "16", "usage": 1},
			{"hour": "17", "usage": 9},
			{"hour": "18", "usage": 9},
			{"hour": "19", "usage": 44},
			{"hour": "20", "usage": 5},
			{"hour": "21", "usage": 13},
			{"hour": "22", "usage": 2},
			{"hour": "23", "usage": 2}
		]
	},
	{
		"date": 6,
		"totalTime": 500,
		"details": [
			{"appName": "YouTube", "usage": 148},
			{"appName": "Pokémon GO", "usage": 67},
			{"appName": "캐시워크", "usage": 53},
			{"appName": "삼성 인터넷", "usage": 40},
			{"appName": "드라이브", "usage": 40},
			{"appName": "카카오톡", "usage": 37},
			{"appName": "Facebook", "usage": 29},
			{"appName": "Hentoid", "usage": 17},
			{"appName": "시계", "usage": 12},
			{"appName": "전화", "usage": 8},
			{"appName": "메시지", "usage": 7},
			{"appName": "Samsung Experience 홈", "usage": 7},
			{"appName": "지퍼7", "usage": 5},
			{"appName": "Paco", "usage": 4},
			{"appName": "시스템 UI", "usage": 3},
			{"appName": "캘린더", "usage": 2},
			{"appName": "한컴오피스 viewer", "usage": 1},
			{"appName": "설정", "usage": 1},
			{"appName": "내 파일", "usage": 1},
			{"appName": "계산기", "usage": 1},
			{"appName": "YouTube Music", "usage": 1}
		],
		"keys": [
			{"hour": "0", "usage": 3},
			{"hour": "1", "usage": 20},
			{"hour": "2", "usage": 16},
			{"hour": "3", "usage": 43},
			{"hour": "4", "usage": 33},
			{"hour": "5", "usage": 21},
			{"hour": "6", "usage": 29},
			{"hour": "7", "usage": 59},
			{"hour": "8", "usage": 44},
			{"hour": "9", "usage": 19},
			{"hour": "10", "usage": 0},
			{"hour": "11", "usage": 0},
			{"hour": "12", "usage": 2},
			{"hour": "13", "usage": 15},
			{"hour": "14", "usage": 2},
			{"hour": "15", "usage": 28},
			{"hour": "16", "usage": 51},
			{"hour": "17", "usage": 26},
			{"hour": "18", "usage": 46},
			{"hour": "19", "usage": 0},
			{"hour": "20", "usage": 0},
			{"hour": "21", "usage": 0},
			{"hour": "22", "usage": 2},
			{"hour": "23", "usage": 30}
		]
	},
	{
		"date": 7,
		"totalTime": 1002,
		"details": [
			{"appName": "메시지", "usage": 601},
			{"appName": "YouTube", "usage": 254},
			{"appName": "Pokémon GO", "usage": 49},
			{"appName": "삼성 인터넷", "usage": 27},
			{"appName": "Facebook", "usage": 22},
			{"appName": "카카오톡", "usage": 18},
			{"appName": "토스", "usage": 5},
			{"appName": "Samsung Experience 홈", "usage": 5},
			{"appName": "전화", "usage": 3},
			{"appName": "Paco", "usage": 3},
			{"appName": "캐시워크", "usage": 2},
			{"appName": "시스템 UI", "usage": 2},
			{"appName": "캘린더", "usage": 1},
			{"appName": "원터치개인", "usage": 1},
			{"appName": "LoL 프렌즈", "usage": 1}
		],
		"keys": [
			{"hour": "0", "usage": 3},
			{"hour": "1", "usage": 4},
			{"hour": "2", "usage": 43},
			{"hour": "3", "usage": 44},
			{"hour": "4", "usage": 0},
			{"hour": "5", "usage": 4},
			{"hour": "6", "usage": 6},
			{"hour": "7", "usage": 48},
			{"hour": "8", "usage": 59},
			{"hour": "9", "usage": 50},
			{"hour": "10", "usage": 54},
			{"hour": "11", "usage": 59},
			{"hour": "12", "usage": 3},
			{"hour": "13", "usage": 18},
			{"hour": "14", "usage": 0},
			{"hour": "15", "usage": 0},
			{"hour": "16", "usage": 0},
			{"hour": "17", "usage": 0},
			{"hour": "18", "usage": 0},
			{"hour": "19", "usage": 0},
			{"hour": "20", "usage": 0},
			{"hour": "21", "usage": 0},
			{"hour": "22", "usage": 0},
			{"hour": "23", "usage": 0}
		]
	}
]
