[
	{
		"date": 1,
		"totalTime": 258,
		"details": [
			{"appName": "카카오톡", "usage": 112},
			{"appName": "네이버 웹툰", "usage": 27},
			{"appName": "Facebook", "usage": 15},
			{"appName": "도돌 런처", "usage": 14},
			{"appName": "Instagram", "usage": 14},
			{"appName": "메시지", "usage": 10},
			{"appName": "알람/시계", "usage": 8},
			{"appName": "KAIST Portal", "usage": 8},
			{"appName": "Chrome", "usage": 8},
			{"appName": "갤러리", "usage": 7},
			{"appName": "NAVER", "usage": 7},
			{"appName": "Polar Beat", "usage": 3},
			{"appName": "Paco", "usage": 3},
			{"appName": "시스템 UI", "usage": 2},
			{"appName": "Wi-Fi", "usage": 2},
			{"appName": "통화 화면", "usage": 1},
			{"appName": "KLMS", "usage": 1},
			{"appName": "BAND", "usage": 1}
		],
		"keys": [
			{"hour": "0", "usage": 0},
			{"hour": "1", "usage": 9},
			{"hour": "2", "usage": 15},
			{"hour": "3", "usage": 19},
			{"hour": "4", "usage": 18},
			{"hour": "5", "usage": 25},
			{"hour": "6", "usage": 12},
			{"hour": "7", "usage": 19},
			{"hour": "8", "usage": 6},
			{"hour": "9", "usage": 4},
			{"hour": "10", "usage": 4},
			{"hour": "11", "usage": 17},
			{"hour": "12", "usage": 27},
			{"hour": "13", "usage": 32},
			{"hour": "14", "usage": 17},
			{"hour": "15", "usage": 1},
			{"hour": "16", "usage": 5},
			{"hour": "17", "usage": 14},
			{"hour": "18", "usage": 5},
			{"hour": "19", "usage": 0},
			{"hour": "20", "usage": 0},
			{"hour": "21", "usage": 0},
			{"hour": "22", "usage": 0},
			{"hour": "23", "usage": 0}
		]
	},
	{
		"date": 2,
		"totalTime": 265,
		"details": [
			{"appName": "카카오톡", "usage": 98},
			{"appName": "갤러리", "usage": 47},
			{"appName": "도돌 런처", "usage": 22},
			{"appName": "네이버 웹툰", "usage": 21},
			{"appName": "Facebook", "usage": 15},
			{"appName": "알람/시계", "usage": 9},
			{"appName": "KB스타알림", "usage": 8},
			{"appName": "메시지", "usage": 7},
			{"appName": "Evernote", "usage": 6},
			{"appName": "Paco", "usage": 4},
			{"appName": "통화 화면", "usage": 3},
			{"appName": "주소록", "usage": 3},
			{"appName": "시스템 UI", "usage": 2},
			{"appName": "파일 관리자", "usage": 1},
			{"appName": "캘린더", "usage": 1},
			{"appName": "Slack", "usage": 1},
			{"appName": "KLMS", "usage": 1},
			{"appName": "Instagram", "usage": 1},
			{"appName": "Gmail", "usage": 1}
		],
		"keys": [
			{"hour": "0", "usage": 0},
			{"hour": "1", "usage": 4},
			{"hour": "2", "usage": 6},
			{"hour": "3", "usage": 14},
			{"hour": "4", "usage": 15},
			{"hour": "5", "usage": 17},
			{"hour": "6", "usage": 24},
			{"hour": "7", "usage": 4},
			{"hour": "8", "usage": 19},
			{"hour": "9", "usage": 14},
			{"hour": "10", "usage": 2},
			{"hour": "11", "usage": 15},
			{"hour": "12", "usage": 4},
			{"hour": "13", "usage": 8},
			{"hour": "14", "usage": 10},
			{"hour": "15", "usage": 6},
			{"hour": "16", "usage": 2},
			{"hour": "17", "usage": 15},
			{"hour": "18", "usage": 45},
			{"hour": "19", "usage": 28},
			{"hour": "20", "usage": 3},
			{"hour": "21", "usage": 0},
			{"hour": "22", "usage": 0},
			{"hour": "23", "usage": 0}
		]
	},
	{
		"date": 3,
		"totalTime": 190,
		"details": [
			{"appName": "네이버 웹툰", "usage": 53},
			{"appName": "카카오톡", "usage": 50},
			{"appName": "Chrome", "usage": 24},
			{"appName": "Facebook", "usage": 20},
			{"appName": "도돌 런처", "usage": 16},
			{"appName": "Paco", "usage": 4},
			{"appName": "갤러리", "usage": 3},
			{"appName": "Instagram", "usage": 3},
			{"appName": "Dreamclass", "usage": 2},
			{"appName": "캘린더", "usage": 1},
			{"appName": "시스템 UI", "usage": 1},
			{"appName": "Polar Beat", "usage": 1},
			{"appName": "NAVER", "usage": 1}
		],
		"keys": [
			{"hour": "0", "usage": 0},
			{"hour": "1", "usage": 15},
			{"hour": "2", "usage": 30},
			{"hour": "3", "usage": 10},
			{"hour": "4", "usage": 2},
			{"hour": "5", "usage": 9},
			{"hour": "6", "usage": 17},
			{"hour": "7", "usage": 1},
			{"hour": "8", "usage": 8},
			{"hour": "9", "usage": 13},
			{"hour": "10", "usage": 6},
			{"hour": "11", "usage": 14},
			{"hour": "12", "usage": 0},
			{"hour": "13", "usage": 6},
			{"hour": "14", "usage": 6},
			{"hour": "15", "usage": 14},
			{"hour": "16", "usage": 6},
			{"hour": "17", "usage": 25},
			{"hour": "18", "usage": 0},
			{"hour": "19", "usage": 0},
			{"hour": "20", "usage": 0},
			{"hour": "21", "usage": 0},
			{"hour": "22", "usage": 0},
			{"hour": "23", "usage": 0}
		]
	},
	{
		"date": 4,
		"totalTime": 141,
		"details": [
			{"appName": "카카오톡", "usage": 40},
			{"appName": "도돌 런처", "usage": 18},
			{"appName": "Facebook", "usage": 15},
			{"appName": "알람/시계", "usage": 10},
			{"appName": "네이버 웹툰", "usage": 9},
			{"appName": "Instagram", "usage": 7},
			{"appName": "Chrome", "usage": 7},
			{"appName": "통화 화면", "usage": 5},
			{"appName": "CamScanner", "usage": 4},
			{"appName": "네이버 지도", "usage": 2},
			{"appName": "Paco", "usage": 2},
			{"appName": "Evernote", "usage": 2},
			{"appName": "캘린더", "usage": 1},
			{"appName": "시스템 UI", "usage": 1},
			{"appName": "Slack", "usage": 1},
			{"appName": "NAVER", "usage": 1},
			{"appName": "KLMS", "usage": 1}
		],
		"keys": [
			{"hour": "0", "usage": 0},
			{"hour": "1", "usage": 1},
			{"hour": "2", "usage": 11},
			{"hour": "3", "usage": 0},
			{"hour": "4", "usage": 22},
			{"hour": "5", "usage": 20},
			{"hour": "6", "usage": 8},
			{"hour": "7", "usage": 0},
			{"hour": "8", "usage": 3},
			{"hour": "9", "usage": 5},
			{"hour": "10", "usage": 5},
			{"hour": "11", "usage": 6},
			{"hour": "12", "usage": 3},
			{"hour": "13", "usage": 6},
			{"hour": "14", "usage": 11},
			{"hour": "15", "usage": 1},
			{"hour": "16", "usage": 4},
			{"hour": "17", "usage": 8},
			{"hour": "18", "usage": 0},
			{"hour": "19", "usage": 20},
			{"hour": "20", "usage": 0},
			{"hour": "21", "usage": 0},
			{"hour": "22", "usage": 0},
			{"hour": "23", "usage": 0}
		]
	},
	{
		"date": 5,
		"totalTime": 192,
		"details": [
			{"appName": "네이버 웹툰", "usage": 65},
			{"appName": "카카오톡", "usage": 32},
			{"appName": "Facebook", "usage": 17},
			{"appName": "YouTube", "usage": 15},
			{"appName": "Chrome", "usage": 14},
			{"appName": "도돌 런처", "usage": 11},
			{"appName": "NAVER", "usage": 6},
			{"appName": "Polaris Office", "usage": 5},
			{"appName": "Paco", "usage": 5},
			{"appName": "Slack", "usage": 4},
			{"appName": "음악", "usage": 2},
			{"appName": "KB스타알림", "usage": 2},
			{"appName": "Instagram", "usage": 2},
			{"appName": "Evernote", "usage": 2},
			{"appName": "시스템 UI", "usage": 1}
		],
		"keys": [
			{"hour": "0", "usage": 0},
			{"hour": "1", "usage": 0},
			{"hour": "2", "usage": 5},
			{"hour": "3", "usage": 4},
			{"hour": "4", "usage": 5},
			{"hour": "5", "usage": 7},
			{"hour": "6", "usage": 19},
			{"hour": "7", "usage": 6},
			{"hour": "8", "usage": 5},
			{"hour": "9", "usage": 13},
			{"hour": "10", "usage": 24},
			{"hour": "11", "usage": 1},
			{"hour": "12", "usage": 7},
			{"hour": "13", "usage": 0},
			{"hour": "14", "usage": 9},
			{"hour": "15", "usage": 54},
			{"hour": "16", "usage": 25},
			{"hour": "17", "usage": 0},
			{"hour": "18", "usage": 0},
			{"hour": "19", "usage": 0},
			{"hour": "20", "usage": 0},
			{"hour": "21", "usage": 0},
			{"hour": "22", "usage": 0},
			{"hour": "23", "usage": 0}
		]
	},
	{
		"date": 6,
		"totalTime": 272,
		"details": [
			{"appName": "카카오톡", "usage": 144},
			{"appName": "도돌 런처", "usage": 23},
			{"appName": "Facebook", "usage": 23},
			{"appName": "네이버 웹툰", "usage": 20},
			{"appName": "Chrome", "usage": 17},
			{"appName": "Evernote", "usage": 9},
			{"appName": "NAVER", "usage": 6},
			{"appName": "Paco", "usage": 4},
			{"appName": "캘린더", "usage": 3},
			{"appName": "메시지", "usage": 3},
			{"appName": "갤러리", "usage": 3},
			{"appName": "Instagram", "usage": 3},
			{"appName": "KAIST Portal", "usage": 2},
			{"appName": "시스템 UI", "usage": 1}
		],
		"keys": [
			{"hour": "0", "usage": 2},
			{"hour": "1", "usage": 15},
			{"hour": "2", "usage": 19},
			{"hour": "3", "usage": 31},
			{"hour": "4", "usage": 7},
			{"hour": "5", "usage": 13},
			{"hour": "6", "usage": 11},
			{"hour": "7", "usage": 15},
			{"hour": "8", "usage": 2},
			{"hour": "9", "usage": 11},
			{"hour": "10", "usage": 23},
			{"hour": "11", "usage": 0},
			{"hour": "12", "usage": 12},
			{"hour": "13", "usage": 9},
			{"hour": "14", "usage": 20},
			{"hour": "15", "usage": 10},
			{"hour": "16", "usage": 14},
			{"hour": "17", "usage": 50},
			{"hour": "18", "usage": 0},
			{"hour": "19", "usage": 0},
			{"hour": "20", "usage": 0},
			{"hour": "21", "usage": 0},
			{"hour": "22", "usage": 0},
			{"hour": "23", "usage": 0}
		]
	},
	{
		"date": 7,
		"totalTime": 252,
		"details": [
			{"appName": "카카오톡", "usage": 96},
			{"appName": "주소록", "usage": 27},
			{"appName": "카톡 프리뷰", "usage": 21},
			{"appName": "네이버 웹툰", "usage": 19},
			{"appName": "Facebook", "usage": 18},
			{"appName": "도돌 런처", "usage": 17},
			{"appName": "통화 화면", "usage": 11},
			{"appName": "네이버 지도", "usage": 4},
			{"appName": "Chrome", "usage": 4},
			{"appName": "Paco", "usage": 3},
			{"appName": "Evernote", "usage": 3},
			{"appName": "BAND", "usage": 3},
			{"appName": "음악", "usage": 2},
			{"appName": "음성 녹음", "usage": 2},
			{"appName": "알람/시계", "usage": 2},
			{"appName": "시스템 UI", "usage": 2},
			{"appName": "NAVER", "usage": 2},
			{"appName": "카메라", "usage": 1},
			{"appName": "Polar Beat", "usage": 1},
			{"appName": "KAIST Portal", "usage": 1},
			{"appName": "Bluetooth", "usage": 1}
		],
		"keys": [
			{"hour": "0", "usage": 0},
			{"hour": "1", "usage": 0},
			{"hour": "2", "usage": 21},
			{"hour": "3", "usage": 8},
			{"hour": "4", "usage": 8},
			{"hour": "5", "usage": 25},
			{"hour": "6", "usage": 7},
			{"hour": "7", "usage": 11},
			{"hour": "8", "usage": 12},
			{"hour": "9", "usage": 15},
			{"hour": "10", "usage": 15},
			{"hour": "11", "usage": 5},
			{"hour": "12", "usage": 11},
			{"hour": "13", "usage": 15},
			{"hour": "14", "usage": 19},
			{"hour": "15", "usage": 10},
			{"hour": "16", "usage": 27},
			{"hour": "17", "usage": 15},
			{"hour": "18", "usage": 0},
			{"hour": "19", "usage": 0},
			{"hour": "20", "usage": 0},
			{"hour": "21", "usage": 0},
			{"hour": "22", "usage": 0},
			{"hour": "23", "usage": 19}
		]
	}
]
