[
	{
		"date": 1,
		"totalTime": 1665,
		"details": [
			{"appName": "시계", "usage": 1148},
			{"appName": "YouTube", "usage": 189},
			{"appName": "삼성 인터넷", "usage": 83},
			{"appName": "Facebook", "usage": 83},
			{"appName": "네이버 웹툰", "usage": 52},
			{"appName": "카카오톡", "usage": 49},
			{"appName": "통화", "usage": 16},
			{"appName": "Samsung Experience 홈", "usage": 16},
			{"appName": "Polar Beat", "usage": 6},
			{"appName": "Paco", "usage": 3},
			{"appName": "전화", "usage": 2},
			{"appName": "텔레그램", "usage": 1},
			{"appName": "캠퍼스팅", "usage": 1},
			{"appName": "카메라", "usage": 1},
			{"appName": "빅스비 보이스", "usage": 1},
			{"appName": "비디오 플레이어", "usage": 1},
			{"appName": "김과외", "usage": 1},
			{"appName": "갤러리", "usage": 1},
			{"appName": "Instagram", "usage": 1}
		],
		"keys": [
			{"hour": "0", "usage": 1},
			{"hour": "1", "usage": 0},
			{"hour": "2", "usage": 72},
			{"hour": "3", "usage": 76},
			{"hour": "4", "usage": 60},
			{"hour": "5", "usage": 95},
			{"hour": "6", "usage": 102},
			{"hour": "7", "usage": 110},
			{"hour": "8", "usage": 76},
			{"hour": "9", "usage": 69},
			{"hour": "10", "usage": 88},
			{"hour": "11", "usage": 60},
			{"hour": "12", "usage": 91},
			{"hour": "13", "usage": 87},
			{"hour": "14", "usage": 112},
			{"hour": "15", "usage": 75},
			{"hour": "16", "usage": 93},
			{"hour": "17", "usage": 102},
			{"hour": "18", "usage": 86},
			{"hour": "19", "usage": 68},
			{"hour": "20", "usage": 108},
			{"hour": "21", "usage": 27},
			{"hour": "22", "usage": 0},
			{"hour": "23", "usage": 0}
		]
	},
	{
		"date": 2,
		"totalTime": 579,
		"details": [
			{"appName": "YouTube", "usage": 273},
			{"appName": "Facebook", "usage": 111},
			{"appName": "카카오톡", "usage": 60},
			{"appName": "네이버 웹툰", "usage": 27},
			{"appName": "삼성 인터넷", "usage": 24},
			{"appName": "통화", "usage": 23},
			{"appName": "Samsung Experience 홈", "usage": 20},
			{"appName": "한컴오피스 viewer", "usage": 9},
			{"appName": "SR 고속열차", "usage": 5},
			{"appName": "Polar Beat", "usage": 4},
			{"appName": "텔레그램", "usage": 2},
			{"appName": "시계", "usage": 2},
			{"appName": "Dropsync", "usage": 2},
			{"appName": "토스", "usage": 1},
			{"appName": "지하철종결자", "usage": 1},
			{"appName": "김과외", "usage": 1},
			{"appName": "Paco", "usage": 1}
		],
		"keys": [
			{"hour": "0", "usage": 7},
			{"hour": "1", "usage": 28},
			{"hour": "2", "usage": 2},
			{"hour": "3", "usage": 10},
			{"hour": "4", "usage": 2},
			{"hour": "5", "usage": 30},
			{"hour": "6", "usage": 42},
			{"hour": "7", "usage": 25},
			{"hour": "8", "usage": 24},
			{"hour": "9", "usage": 19},
			{"hour": "10", "usage": 56},
			{"hour": "11", "usage": 22},
			{"hour": "12", "usage": 21},
			{"hour": "13", "usage": 21},
			{"hour": "14", "usage": 31},
			{"hour": "15", "usage": 25},
			{"hour": "16", "usage": 35},
			{"hour": "17", "usage": 7},
			{"hour": "18", "usage": 7},
			{"hour": "19", "usage": 13},
			{"hour": "20", "usage": 58},
			{"hour": "21", "usage": 40},
			{"hour": "22", "usage": 42},
			{"hour": "23", "usage": 0}
		]
	},
	{
		"date": 3,
		"totalTime": 491,
		"details": [
			{"appName": "YouTube", "usage": 188},
			{"appName": "삼성 인터넷", "usage": 65},
			{"appName": "Facebook", "usage": 47},
			{"appName": "네이버 웹툰", "usage": 33},
			{"appName": "지도", "usage": 32},
			{"appName": "통화", "usage": 25},
			{"appName": "카카오톡", "usage": 25},
			{"appName": "Samsung Experience 홈", "usage": 23},
			{"appName": "시계", "usage": 12},
			{"appName": "Samsung Pay", "usage": 6},
			{"appName": "한컴오피스 viewer", "usage": 5},
			{"appName": "지하철종결자", "usage": 4},
			{"appName": "설정", "usage": 3},
			{"appName": "Polar Beat", "usage": 2},
			{"appName": "Messenger", "usage": 2},
			{"appName": "Instagram", "usage": 2},
			{"appName": "캠퍼스팅", "usage": 1},
			{"appName": "카카오뱅크", "usage": 1},
			{"appName": "삼성 키보드 뉴럴 베타", "usage": 1},
			{"appName": "Google Play 스토어", "usage": 1}
		],
		"keys": [
			{"hour": "0", "usage": 0},
			{"hour": "1", "usage": 7},
			{"hour": "2", "usage": 4},
			{"hour": "3", "usage": 33},
			{"hour": "4", "usage": 6},
			{"hour": "5", "usage": 25},
			{"hour": "6", "usage": 1},
			{"hour": "7", "usage": 18},
			{"hour": "8", "usage": 43},
			{"hour": "9", "usage": 50},
			{"hour": "10", "usage": 53},
			{"hour": "11", "usage": 42},
			{"hour": "12", "usage": 41},
			{"hour": "13", "usage": 31},
			{"hour": "14", "usage": 28},
			{"hour": "15", "usage": 14},
			{"hour": "16", "usage": 3},
			{"hour": "17", "usage": 16},
			{"hour": "18", "usage": 17},
			{"hour": "19", "usage": 46},
			{"hour": "20", "usage": 5},
			{"hour": "21", "usage": 0},
			{"hour": "22", "usage": 0},
			{"hour": "23", "usage": 0}
		]
	},
	{
		"date": 4,
		"totalTime": 635,
		"details": [
			{"appName": "YouTube", "usage": 237},
			{"appName": "삼성 인터넷", "usage": 232},
			{"appName": "설정", "usage": 41},
			{"appName": "Facebook", "usage": 36},
			{"appName": "네이버 웹툰", "usage": 22},
			{"appName": "통화", "usage": 14},
			{"appName": "Samsung Experience 홈", "usage": 14},
			{"appName": "한컴오피스 viewer", "usage": 9},
			{"appName": "지도", "usage": 5},
			{"appName": "카카오톡", "usage": 4},
			{"appName": "전화", "usage": 3},
			{"appName": "SR 고속열차", "usage": 3},
			{"appName": "지하철종결자", "usage": 2},
			{"appName": "토스", "usage": 1},
			{"appName": "내 파일", "usage": 1},
			{"appName": "Polar Beat", "usage": 1},
			{"appName": "Melon", "usage": 1}
		],
		"keys": [
			{"hour": "0", "usage": 45},
			{"hour": "1", "usage": 10},
			{"hour": "2", "usage": 34},
			{"hour": "3", "usage": 12},
			{"hour": "4", "usage": 16},
			{"hour": "5", "usage": 12},
			{"hour": "6", "usage": 24},
			{"hour": "7", "usage": 36},
			{"hour": "8", "usage": 10},
			{"hour": "9", "usage": 48},
			{"hour": "10", "usage": 46},
			{"hour": "11", "usage": 7},
			{"hour": "12", "usage": 34},
			{"hour": "13", "usage": 40},
			{"hour": "14", "usage": 5},
			{"hour": "15", "usage": 45},
			{"hour": "16", "usage": 15},
			{"hour": "17", "usage": 2},
			{"hour": "18", "usage": 18},
			{"hour": "19", "usage": 48},
			{"hour": "20", "usage": 59},
			{"hour": "21", "usage": 57},
			{"hour": "22", "usage": 0},
			{"hour": "23", "usage": 0}
		]
	},
	{
		"date": 5,
		"totalTime": 466,
		"details": [
			{"appName": "YouTube", "usage": 173},
			{"appName": "삼성 인터넷", "usage": 92},
			{"appName": "Facebook", "usage": 62},
			{"appName": "카카오톡", "usage": 58},
			{"appName": "네이버 웹툰", "usage": 29},
			{"appName": "Samsung Experience 홈", "usage": 14},
			{"appName": "전화", "usage": 9},
			{"appName": "통화", "usage": 5},
			{"appName": "Logger", "usage": 4},
			{"appName": "캠퍼스팅", "usage": 2},
			{"appName": "Microsoft Health", "usage": 2},
			{"appName": "Chrome", "usage": 2},
			{"appName": "텔레그램", "usage": 1},
			{"appName": "Polar Beat", "usage": 1},
			{"appName": "Paco", "usage": 1}
		],
		"keys": [
			{"hour": "0", "usage": 0},
			{"hour": "1", "usage": 0},
			{"hour": "2", "usage": 0},
			{"hour": "3", "usage": 26},
			{"hour": "4", "usage": 16},
			{"hour": "5", "usage": 15},
			{"hour": "6", "usage": 18},
			{"hour": "7", "usage": 23},
			{"hour": "8", "usage": 58},
			{"hour": "9", "usage": 28},
			{"hour": "10", "usage": 49},
			{"hour": "11", "usage": 55},
			{"hour": "12", "usage": 4},
			{"hour": "13", "usage": 25},
			{"hour": "14", "usage": 59},
			{"hour": "15", "usage": 35},
			{"hour": "16", "usage": 5},
			{"hour": "17", "usage": 0},
			{"hour": "18", "usage": 43},
			{"hour": "19", "usage": 0},
			{"hour": "20", "usage": 0},
			{"hour": "21", "usage": 0},
			{"hour": "22", "usage": 0},
			{"hour": "23", "usage": 0}
		]
	},
	{
		"date": 6,
		"totalTime": 778,
		"details": [
			{"appName": "YouTube", "usage": 248},
			{"appName": "시계", "usage": 117},
			{"appName": "전화", "usage": 115},
			{"appName": "Facebook", "usage": 85},
			{"appName": "삼성 인터넷", "usage": 79},
			{"appName": "카카오톡", "usage": 43},
			{"appName": "Samsung Experience 홈", "usage": 27},
			{"appName": "통화", "usage": 11},
			{"appName": "네이버 웹툰", "usage": 10},
			{"appName": "캠퍼스팅", "usage": 8},
			{"appName": "지니 뮤직", "usage": 7},
			{"appName": "이메일", "usage": 3},
			{"appName": "밥대생", "usage": 2},
			{"appName": "Zenly", "usage": 2},
			{"appName": "카카오뱅크", "usage": 1},
			{"appName": "설정", "usage": 1},
			{"appName": "김과외", "usage": 1},
			{"appName": "The Weather Channel", "usage": 1},
			{"appName": "Space Big Bang", "usage": 1},
			{"appName": "Instagram", "usage": 1}
		],
		"keys": [
			{"hour": "0", "usage": 2},
			{"hour": "1", "usage": 5},
			{"hour": "2", "usage": 59},
			{"hour": "3", "usage": 48},
			{"hour": "4", "usage": 40},
			{"hour": "5", "usage": 37},
			{"hour": "6", "usage": 42},
			{"hour": "7", "usage": 36},
			{"hour": "8", "usage": 21},
			{"hour": "9", "usage": 14},
			{"hour": "10", "usage": 43},
			{"hour": "11", "usage": 17},
			{"hour": "12", "usage": 16},
			{"hour": "13", "usage": 48},
			{"hour": "14", "usage": 37},
			{"hour": "15", "usage": 46},
			{"hour": "16", "usage": 59},
			{"hour": "17", "usage": 59},
			{"hour": "18", "usage": 23},
			{"hour": "19", "usage": 0},
			{"hour": "20", "usage": 0},
			{"hour": "21", "usage": 0},
			{"hour": "22", "usage": 56},
			{"hour": "23", "usage": 14}
		]
	},
	{
		"date": 7,
		"totalTime": 548,
		"details": [
			{"appName": "삼성 인터넷", "usage": 126},
			{"appName": "카카오톡", "usage": 104},
			{"appName": "Facebook", "usage": 99},
			{"appName": "YouTube", "usage": 50},
			{"appName": "시계", "usage": 41},
			{"appName": "카메라", "usage": 34},
			{"appName": "Samsung Experience 홈", "usage": 24},
			{"appName": "네이버 웹툰", "usage": 21},
			{"appName": "전광판 LED", "usage": 9},
			{"appName": "통화", "usage": 6},
			{"appName": "갤러리", "usage": 5},
			{"appName": "텔레그램", "usage": 2},
			{"appName": "삼성 키보드 뉴럴 베타", "usage": 2},
			{"appName": "Instagram", "usage": 2},
			{"appName": "캠퍼스팅", "usage": 1},
			{"appName": "캘린더", "usage": 1},
			{"appName": "전화", "usage": 1},
			{"appName": "비디오 플레이어", "usage": 1},
			{"appName": "The Weather Channel", "usage": 1},
			{"appName": "KLMS", "usage": 1},
			{"appName": "Dropsync", "usage": 1}
		],
		"keys": [
			{"hour": "0", "usage": 43},
			{"hour": "1", "usage": 28},
			{"hour": "2", "usage": 43},
			{"hour": "3", "usage": 15},
			{"hour": "4", "usage": 32},
			{"hour": "5", "usage": 40},
			{"hour": "6", "usage": 40},
			{"hour": "7", "usage": 7},
			{"hour": "8", "usage": 12},
			{"hour": "9", "usage": 2},
			{"hour": "10", "usage": 17},
			{"hour": "11", "usage": 21},
			{"hour": "12", "usage": 27},
			{"hour": "13", "usage": 43},
			{"hour": "14", "usage": 41},
			{"hour": "15", "usage": 55},
			{"hour": "16", "usage": 57},
			{"hour": "17", "usage": 17},
			{"hour": "18", "usage": 0},
			{"hour": "19", "usage": 0},
			{"hour": "20", "usage": 0},
			{"hour": "21", "usage": 0},
			{"hour": "22", "usage": 0},
			{"hour": "23", "usage": 0}
		]
	}
]
