[
	{
		"date": 1,
		"totalTime": 547,
		"details": [
			{"appName": "YouTube", "usage": 81},
			{"appName": "카카오톡", "usage": 74},
			{"appName": "Facebook", "usage": 63},
			{"appName": "Chrome", "usage": 62},
			{"appName": "Samsung Experience 홈", "usage": 53},
			{"appName": "하스스톤", "usage": 35},
			{"appName": "아이모", "usage": 28},
			{"appName": "삼성 인터넷", "usage": 25},
			{"appName": "전화", "usage": 20},
			{"appName": "우리카드", "usage": 16},
			{"appName": "Paco", "usage": 15},
			{"appName": "Wahoo", "usage": 10},
			{"appName": "카카오페이지", "usage": 6},
			{"appName": "KLMS", "usage": 5},
			{"appName": "연락처", "usage": 4},
			{"appName": "메시지", "usage": 4},
			{"appName": "드라이브", "usage": 4},
			{"appName": "시스템 UI", "usage": 3},
			{"appName": "설정", "usage": 3},
			{"appName": "내 파일", "usage": 3},
			{"appName": "갤러리", "usage": 3},
			{"appName": "PowerPoint", "usage": 3},
			{"appName": "Polar Beat", "usage": 3},
			{"appName": "메모", "usage": 2},
			{"appName": "네이버 지도", "usage": 2},
			{"appName": "컬쳐랜드", "usage": 1},
			{"appName": "위비뱅크", "usage": 1},
			{"appName": "원터치개인 삼성페이", "usage": 1},
			{"appName": "배달의민족", "usage": 1}
		],
		"keys": [
			{"hour": "0", "usage": 19},
			{"hour": "1", "usage": 22},
			{"hour": "2", "usage": 31},
			{"hour": "3", "usage": 67},
			{"hour": "4", "usage": 36},
			{"hour": "5", "usage": 34},
			{"hour": "6", "usage": 17},
			{"hour": "7", "usage": 48},
			{"hour": "8", "usage": 40},
			{"hour": "9", "usage": 26},
			{"hour": "10", "usage": 15},
			{"hour": "11", "usage": 36},
			{"hour": "12", "usage": 22},
			{"hour": "13", "usage": 29},
			{"hour": "14", "usage": 20},
			{"hour": "15", "usage": 10},
			{"hour": "16", "usage": 3},
			{"hour": "17", "usage": 3},
			{"hour": "18", "usage": 20},
			{"hour": "19", "usage": 16},
			{"hour": "20", "usage": 0},
			{"hour": "21", "usage": 0},
			{"hour": "22", "usage": 0},
			{"hour": "23", "usage": 24}
		]
	},
	{
		"date": 2,
		"totalTime": 739,
		"details": [
			{"appName": "YouTube", "usage": 136},
			{"appName": "하스스톤", "usage": 87},
			{"appName": "Twitch", "usage": 77},
			{"appName": "Facebook", "usage": 71},
			{"appName": "카카오톡", "usage": 63},
			{"appName": "Chrome", "usage": 53},
			{"appName": "Samsung Experience 홈", "usage": 51},
			{"appName": "삼성 인터넷", "usage": 47},
			{"appName": "드라이브", "usage": 29},
			{"appName": "우리카드", "usage": 27},
			{"appName": "아이모", "usage": 20},
			{"appName": "Paco", "usage": 12},
			{"appName": "설정", "usage": 8},
			{"appName": "갤러리", "usage": 7},
			{"appName": "메시지", "usage": 6},
			{"appName": "시스템 UI", "usage": 5},
			{"appName": "밥대생", "usage": 5},
			{"appName": "Polar Beat", "usage": 4},
			{"appName": "좋은 카메라", "usage": 3},
			{"appName": "전화", "usage": 3},
			{"appName": "캘린더", "usage": 2},
			{"appName": "KLMS", "usage": 2},
			{"appName": "시계", "usage": 1},
			{"appName": "배달의민족", "usage": 1},
			{"appName": "메모", "usage": 1},
			{"appName": "똑똑가계부", "usage": 1},
			{"appName": "Google Play 서비스", "usage": 1}
		],
		"keys": [
			{"hour": "0", "usage": 0},
			{"hour": "1", "usage": 22},
			{"hour": "2", "usage": 84},
			{"hour": "3", "usage": 43},
			{"hour": "4", "usage": 21},
			{"hour": "5", "usage": 35},
			{"hour": "6", "usage": 43},
			{"hour": "7", "usage": 52},
			{"hour": "8", "usage": 52},
			{"hour": "9", "usage": 26},
			{"hour": "10", "usage": 35},
			{"hour": "11", "usage": 38},
			{"hour": "12", "usage": 27},
			{"hour": "13", "usage": 27},
			{"hour": "14", "usage": 62},
			{"hour": "15", "usage": 90},
			{"hour": "16", "usage": 16},
			{"hour": "17", "usage": 1},
			{"hour": "18", "usage": 1},
			{"hour": "19", "usage": 37},
			{"hour": "20", "usage": 15},
			{"hour": "21", "usage": 0},
			{"hour": "22", "usage": 0},
			{"hour": "23", "usage": 0}
		]
	},
	{
		"date": 3,
		"totalTime": 534,
		"details": [
			{"appName": "카카오톡", "usage": 72},
			{"appName": "Twitch", "usage": 72},
			{"appName": "Samsung Experience 홈", "usage": 64},
			{"appName": "YouTube", "usage": 61},
			{"appName": "하스스톤", "usage": 51},
			{"appName": "삼성 인터넷", "usage": 51},
			{"appName": "Chrome", "usage": 32},
			{"appName": "아이모", "usage": 29},
			{"appName": "전화", "usage": 16},
			{"appName": "Polar Beat", "usage": 16},
			{"appName": "Facebook", "usage": 13},
			{"appName": "설정", "usage": 9},
			{"appName": "Paco", "usage": 8},
			{"appName": "밥대생", "usage": 6},
			{"appName": "Samsung Pay", "usage": 5},
			{"appName": "우리카드", "usage": 2},
			{"appName": "갤러리", "usage": 2},
			{"appName": "SODA", "usage": 2},
			{"appName": "이메일", "usage": 1},
			{"appName": "시스템 UI", "usage": 1},
			{"appName": "시계", "usage": 1},
			{"appName": "메시지", "usage": 1},
			{"appName": "똑똑가계부", "usage": 1},
			{"appName": "KLMS", "usage": 1}
		],
		"keys": [
			{"hour": "0", "usage": 24},
			{"hour": "1", "usage": 23},
			{"hour": "2", "usage": 69},
			{"hour": "3", "usage": 15},
			{"hour": "4", "usage": 46},
			{"hour": "5", "usage": 57},
			{"hour": "6", "usage": 37},
			{"hour": "7", "usage": 60},
			{"hour": "8", "usage": 48},
			{"hour": "9", "usage": 12},
			{"hour": "10", "usage": 31},
			{"hour": "11", "usage": 11},
			{"hour": "12", "usage": 4},
			{"hour": "13", "usage": 5},
			{"hour": "14", "usage": 28},
			{"hour": "15", "usage": 14},
			{"hour": "16", "usage": 9},
			{"hour": "17", "usage": 3},
			{"hour": "18", "usage": 29},
			{"hour": "19", "usage": 0},
			{"hour": "20", "usage": 0},
			{"hour": "21", "usage": 0},
			{"hour": "22", "usage": 0},
			{"hour": "23", "usage": 0}
		]
	},
	{
		"date": 4,
		"totalTime": 385,
		"details": [
			{"appName": "Twitch", "usage": 104},
			{"appName": "YouTube", "usage": 61},
			{"appName": "카카오톡", "usage": 41},
			{"appName": "Facebook", "usage": 41},
			{"appName": "하스스톤", "usage": 39},
			{"appName": "아이모", "usage": 26},
			{"appName": "Chrome", "usage": 26},
			{"appName": "전화", "usage": 19},
			{"appName": "Samsung Experience 홈", "usage": 15},
			{"appName": "Paco", "usage": 2},
			{"appName": "시스템 UI", "usage": 1},
			{"appName": "KLMS", "usage": 1}
		],
		"keys": [
			{"hour": "0", "usage": 0},
			{"hour": "1", "usage": 0},
			{"hour": "2", "usage": 42},
			{"hour": "3", "usage": 25},
			{"hour": "4", "usage": 3},
			{"hour": "5", "usage": 51},
			{"hour": "6", "usage": 17},
			{"hour": "7", "usage": 40},
			{"hour": "8", "usage": 33},
			{"hour": "9", "usage": 6},
			{"hour": "10", "usage": 51},
			{"hour": "11", "usage": 29},
			{"hour": "12", "usage": 20},
			{"hour": "13", "usage": 2},
			{"hour": "14", "usage": 3},
			{"hour": "15", "usage": 3},
			{"hour": "16", "usage": 5},
			{"hour": "17", "usage": 1},
			{"hour": "18", "usage": 21},
			{"hour": "19", "usage": 26},
			{"hour": "20", "usage": 0},
			{"hour": "21", "usage": 0},
			{"hour": "22", "usage": 0},
			{"hour": "23", "usage": 0}
		]
	},
	{
		"date": 5,
		"totalTime": 543,
		"details": [
			{"appName": "YouTube", "usage": 181},
			{"appName": "Twitch", "usage": 114},
			{"appName": "Facebook", "usage": 76},
			{"appName": "Chrome", "usage": 57},
			{"appName": "카카오톡", "usage": 41},
			{"appName": "하스스톤", "usage": 20},
			{"appName": "Samsung Experience 홈", "usage": 20},
			{"appName": "아이모", "usage": 11},
			{"appName": "전화", "usage": 4},
			{"appName": "SODA", "usage": 2},
			{"appName": "Paco", "usage": 2},
			{"appName": "원스토어", "usage": 1},
			{"appName": "시스템 UI", "usage": 1},
			{"appName": "시계", "usage": 1},
			{"appName": "메시지", "usage": 1},
			{"appName": "메모", "usage": 1},
			{"appName": "갤러리", "usage": 1}
		],
		"keys": [
			{"hour": "0", "usage": 0},
			{"hour": "1", "usage": 6},
			{"hour": "2", "usage": 39},
			{"hour": "3", "usage": 23},
			{"hour": "4", "usage": 29},
			{"hour": "5", "usage": 14},
			{"hour": "6", "usage": 30},
			{"hour": "7", "usage": 31},
			{"hour": "8", "usage": 31},
			{"hour": "9", "usage": 4},
			{"hour": "10", "usage": 43},
			{"hour": "11", "usage": 34},
			{"hour": "12", "usage": 25},
			{"hour": "13", "usage": 24},
			{"hour": "14", "usage": 30},
			{"hour": "15", "usage": 29},
			{"hour": "16", "usage": 13},
			{"hour": "17", "usage": 55},
			{"hour": "18", "usage": 59},
			{"hour": "19", "usage": 2},
			{"hour": "20", "usage": 0},
			{"hour": "21", "usage": 0},
			{"hour": "22", "usage": 0},
			{"hour": "23", "usage": 12}
		]
	},
	{
		"date": 6,
		"totalTime": 338,
		"details": [
			{"appName": "YouTube", "usage": 86},
			{"appName": "드라이브", "usage": 57},
			{"appName": "카카오톡", "usage": 55},
			{"appName": "Facebook", "usage": 35},
			{"appName": "Chrome", "usage": 30},
			{"appName": "하스스톤", "usage": 27},
			{"appName": "Samsung Experience 홈", "usage": 14},
			{"appName": "Twitch", "usage": 7},
			{"appName": "전화", "usage": 6},
			{"appName": "갤러리", "usage": 4},
			{"appName": "아이모", "usage": 3},
			{"appName": "Paco", "usage": 3},
			{"appName": "KLMS", "usage": 2},
			{"appName": "시스템 UI", "usage": 1}
		],
		"keys": [
			{"hour": "0", "usage": 49},
			{"hour": "1", "usage": 15},
			{"hour": "2", "usage": 39},
			{"hour": "3", "usage": 35},
			{"hour": "4", "usage": 43},
			{"hour": "5", "usage": 7},
			{"hour": "6", "usage": 11},
			{"hour": "7", "usage": 5},
			{"hour": "8", "usage": 39},
			{"hour": "9", "usage": 36},
			{"hour": "10", "usage": 1},
			{"hour": "11", "usage": 8},
			{"hour": "12", "usage": 11},
			{"hour": "13", "usage": 11},
			{"hour": "14", "usage": 3},
			{"hour": "15", "usage": 1},
			{"hour": "16", "usage": 2},
			{"hour": "17", "usage": 0},
			{"hour": "18", "usage": 14},
			{"hour": "19", "usage": 0},
			{"hour": "20", "usage": 0},
			{"hour": "21", "usage": 0},
			{"hour": "22", "usage": 0},
			{"hour": "23", "usage": 0}
		]
	},
	{
		"date": 7,
		"totalTime": 292,
		"details": [
			{"appName": "Twitch", "usage": 52},
			{"appName": "YouTube", "usage": 47},
			{"appName": "드라이브", "usage": 43},
			{"appName": "Facebook", "usage": 34},
			{"appName": "아이모", "usage": 29},
			{"appName": "하스스톤", "usage": 24},
			{"appName": "Chrome", "usage": 24},
			{"appName": "카카오톡", "usage": 21},
			{"appName": "Samsung Experience 홈", "usage": 6},
			{"appName": "Paco", "usage": 1},
			{"appName": "KLMS", "usage": 1}
		],
		"keys": [
			{"hour": "0", "usage": 0},
			{"hour": "1", "usage": 0},
			{"hour": "2", "usage": 12},
			{"hour": "3", "usage": 9},
			{"hour": "4", "usage": 7},
			{"hour": "5", "usage": 36},
			{"hour": "6", "usage": 41},
			{"hour": "7", "usage": 34},
			{"hour": "8", "usage": 39},
			{"hour": "9", "usage": 32},
			{"hour": "10", "usage": 52},
			{"hour": "11", "usage": 22},
			{"hour": "12", "usage": 2},
			{"hour": "13", "usage": 0},
			{"hour": "14", "usage": 0},
			{"hour": "15", "usage": 0},
			{"hour": "16", "usage": 0},
			{"hour": "17", "usage": 0},
			{"hour": "18", "usage": 0},
			{"hour": "19", "usage": 0},
			{"hour": "20", "usage": 0},
			{"hour": "21", "usage": 0},
			{"hour": "22", "usage": 0},
			{"hour": "23", "usage": 0}
		]
	}
]
