[
	{
		"date": 1,
		"totalTime": 411,
		"details": [
			{"appName": "기본홈", "usage": 141},
			{"appName": "카카오톡", "usage": 110},
			{"appName": "알람이", "usage": 77},
			{"appName": "주소록", "usage": 28},
			{"appName": "전화", "usage": 14},
			{"appName": "Facebook", "usage": 11},
			{"appName": "Paco", "usage": 9},
			{"appName": "날씨", "usage": 3},
			{"appName": "Polar Beat", "usage": 3},
			{"appName": "Logger", "usage": 3},
			{"appName": "시스템 UI", "usage": 2},
			{"appName": "설정", "usage": 1}
		],
		"keys": [
			{"hour": "0", "usage": 59},
			{"hour": "1", "usage": 30},
			{"hour": "2", "usage": 5},
			{"hour": "3", "usage": 5},
			{"hour": "4", "usage": 14},
			{"hour": "5", "usage": 29},
			{"hour": "6", "usage": 5},
			{"hour": "7", "usage": 18},
			{"hour": "8", "usage": 9},
			{"hour": "9", "usage": 51},
			{"hour": "10", "usage": 7},
			{"hour": "11", "usage": 19},
			{"hour": "12", "usage": 0},
			{"hour": "13", "usage": 15},
			{"hour": "14", "usage": 10},
			{"hour": "15", "usage": 0},
			{"hour": "16", "usage": 3},
			{"hour": "17", "usage": 0},
			{"hour": "18", "usage": 30},
			{"hour": "19", "usage": 2},
			{"hour": "20", "usage": 0},
			{"hour": "21", "usage": 0},
			{"hour": "22", "usage": 32},
			{"hour": "23", "usage": 24}
		]
	},
	{
		"date": 2,
		"totalTime": 491,
		"details": [
			{"appName": "카카오톡", "usage": 281},
			{"appName": "Facebook", "usage": 71},
			{"appName": "YouTube", "usage": 52},
			{"appName": "기본홈", "usage": 41},
			{"appName": "Paco", "usage": 17},
			{"appName": "Chrome", "usage": 4},
			{"appName": "카메라", "usage": 3},
			{"appName": "주소록", "usage": 3},
			{"appName": "BAND", "usage": 3},
			{"appName": "Polar Beat", "usage": 2},
			{"appName": "전화", "usage": 1},
			{"appName": "알람이", "usage": 1},
			{"appName": "시스템 UI", "usage": 1},
			{"appName": "갤러리", "usage": 1},
			{"appName": "Clean Master", "usage": 1}
		],
		"keys": [
			{"hour": "0", "usage": 44},
			{"hour": "1", "usage": 30},
			{"hour": "2", "usage": 22},
			{"hour": "3", "usage": 29},
			{"hour": "4", "usage": 30},
			{"hour": "5", "usage": 16},
			{"hour": "6", "usage": 31},
			{"hour": "7", "usage": 7},
			{"hour": "8", "usage": 6},
			{"hour": "9", "usage": 18},
			{"hour": "10", "usage": 7},
			{"hour": "11", "usage": 21},
			{"hour": "12", "usage": 2},
			{"hour": "13", "usage": 21},
			{"hour": "14", "usage": 8},
			{"hour": "15", "usage": 4},
			{"hour": "16", "usage": 0},
			{"hour": "17", "usage": 0},
			{"hour": "18", "usage": 19},
			{"hour": "19", "usage": 55},
			{"hour": "20", "usage": 21},
			{"hour": "21", "usage": 0},
			{"hour": "22", "usage": 0},
			{"hour": "23", "usage": 0}
		]
	},
	{
		"date": 3,
		"totalTime": 1374,
		"details": [
			{"appName": "카카오톡", "usage": 611},
			{"appName": "전화", "usage": 333},
			{"appName": "Facebook", "usage": 138},
			{"appName": "알람이", "usage": 94},
			{"appName": "기본홈", "usage": 55},
			{"appName": "설정", "usage": 49},
			{"appName": "메시지", "usage": 21},
			{"appName": "Chrome", "usage": 15},
			{"appName": "Paco", "usage": 9},
			{"appName": "주소록", "usage": 8},
			{"appName": "토스", "usage": 6},
			{"appName": "알송", "usage": 6},
			{"appName": "Logger", "usage": 6},
			{"appName": "카메라", "usage": 3},
			{"appName": "갤러리", "usage": 3},
			{"appName": "원터치개인", "usage": 2},
			{"appName": "포토", "usage": 1},
			{"appName": "접근성", "usage": 1},
			{"appName": "시스템 UI", "usage": 1},
			{"appName": "Polar Beat", "usage": 1}
		],
		"keys": [
			{"hour": "0", "usage": 119},
			{"hour": "1", "usage": 120},
			{"hour": "2", "usage": 120},
			{"hour": "3", "usage": 115},
			{"hour": "4", "usage": 88},
			{"hour": "5", "usage": 33},
			{"hour": "6", "usage": 22},
			{"hour": "7", "usage": 52},
			{"hour": "8", "usage": 0},
			{"hour": "9", "usage": 50},
			{"hour": "10", "usage": 85},
			{"hour": "11", "usage": 32},
			{"hour": "12", "usage": 34},
			{"hour": "13", "usage": 20},
			{"hour": "14", "usage": 4},
			{"hour": "15", "usage": 57},
			{"hour": "16", "usage": 77},
			{"hour": "17", "usage": 98},
			{"hour": "18", "usage": 49},
			{"hour": "19", "usage": 18},
			{"hour": "20", "usage": 39},
			{"hour": "21", "usage": 38},
			{"hour": "22", "usage": 0},
			{"hour": "23", "usage": 0}
		]
	},
	{
		"date": 4,
		"totalTime": 969,
		"details": [
			{"appName": "전화", "usage": 256},
			{"appName": "카카오톡", "usage": 227},
			{"appName": "알람이", "usage": 209},
			{"appName": "Paco", "usage": 74},
			{"appName": "YouTube", "usage": 67},
			{"appName": "Chrome", "usage": 57},
			{"appName": "기본홈", "usage": 25},
			{"appName": "Facebook", "usage": 15},
			{"appName": "주소록", "usage": 9},
			{"appName": "Google", "usage": 8},
			{"appName": "프레젠테이션", "usage": 3},
			{"appName": "드라이브", "usage": 3},
			{"appName": "알송", "usage": 2},
			{"appName": "Google Play 서비스", "usage": 2},
			{"appName": "Wi-Fi", "usage": 1}
		],
		"keys": [
			{"hour": "0", "usage": 120},
			{"hour": "1", "usage": 120},
			{"hour": "2", "usage": 119},
			{"hour": "3", "usage": 100},
			{"hour": "4", "usage": 39},
			{"hour": "5", "usage": 11},
			{"hour": "6", "usage": 25},
			{"hour": "7", "usage": 28},
			{"hour": "8", "usage": 23},
			{"hour": "9", "usage": 28},
			{"hour": "10", "usage": 41},
			{"hour": "11", "usage": 3},
			{"hour": "12", "usage": 10},
			{"hour": "13", "usage": 21},
			{"hour": "14", "usage": 7},
			{"hour": "15", "usage": 44},
			{"hour": "16", "usage": 59},
			{"hour": "17", "usage": 44},
			{"hour": "18", "usage": 36},
			{"hour": "19", "usage": 13},
			{"hour": "20", "usage": 0},
			{"hour": "21", "usage": 0},
			{"hour": "22", "usage": 4},
			{"hour": "23", "usage": 0}
		]
	},
	{
		"date": 5,
		"totalTime": 838,
		"details": [
			{"appName": "카카오톡", "usage": 605},
			{"appName": "설정", "usage": 145},
			{"appName": "Facebook", "usage": 34},
			{"appName": "기본홈", "usage": 18},
			{"appName": "YouTube", "usage": 12},
			{"appName": "주소록", "usage": 11},
			{"appName": "Chrome", "usage": 4},
			{"appName": "갤러리", "usage": 3},
			{"appName": "전화", "usage": 1}
		],
		"keys": [
			{"hour": "0", "usage": 12},
			{"hour": "1", "usage": 0},
			{"hour": "2", "usage": 0},
			{"hour": "3", "usage": 10},
			{"hour": "4", "usage": 44},
			{"hour": "5", "usage": 60},
			{"hour": "6", "usage": 60},
			{"hour": "7", "usage": 60},
			{"hour": "8", "usage": 60},
			{"hour": "9", "usage": 112},
			{"hour": "10", "usage": 120},
			{"hour": "11", "usage": 103},
			{"hour": "12", "usage": 0},
			{"hour": "13", "usage": 26},
			{"hour": "14", "usage": 11},
			{"hour": "15", "usage": 17},
			{"hour": "16", "usage": 1},
			{"hour": "17", "usage": 15},
			{"hour": "18", "usage": 17},
			{"hour": "19", "usage": 14},
			{"hour": "20", "usage": 0},
			{"hour": "21", "usage": 0},
			{"hour": "22", "usage": 0},
			{"hour": "23", "usage": 0}
		]
	},
	{
		"date": 6,
		"totalTime": 519,
		"details": [
			{"appName": "카카오톡", "usage": 285},
			{"appName": "알람이", "usage": 128},
			{"appName": "기본홈", "usage": 33},
			{"appName": "Paco", "usage": 20},
			{"appName": "Facebook", "usage": 18},
			{"appName": "메시지", "usage": 11},
			{"appName": "접근성", "usage": 8},
			{"appName": "원터치개인", "usage": 2},
			{"appName": "우체국 스마트뱅킹", "usage": 2},
			{"appName": "Google Play 스토어", "usage": 2},
			{"appName": "알송", "usage": 1},
			{"appName": "Polar Beat", "usage": 1},
			{"appName": "Chrome", "usage": 1}
		],
		"keys": [
			{"hour": "0", "usage": 55},
			{"hour": "1", "usage": 21},
			{"hour": "2", "usage": 56},
			{"hour": "3", "usage": 41},
			{"hour": "4", "usage": 7},
			{"hour": "5", "usage": 23},
			{"hour": "6", "usage": 40},
			{"hour": "7", "usage": 58},
			{"hour": "8", "usage": 1},
			{"hour": "9", "usage": 15},
			{"hour": "10", "usage": 0},
			{"hour": "11", "usage": 1},
			{"hour": "12", "usage": 17},
			{"hour": "13", "usage": 0},
			{"hour": "14", "usage": 9},
			{"hour": "15", "usage": 24},
			{"hour": "16", "usage": 4},
			{"hour": "17", "usage": 4},
			{"hour": "18", "usage": 0},
			{"hour": "19", "usage": 1},
			{"hour": "20", "usage": 4},
			{"hour": "21", "usage": 44},
			{"hour": "22", "usage": 59},
			{"hour": "23", "usage": 23}
		]
	},
	{
		"date": 7,
		"totalTime": 218,
		"details": [
			{"appName": "카카오톡", "usage": 139},
			{"appName": "기본홈", "usage": 30},
			{"appName": "Paco", "usage": 23},
			{"appName": "Polar Beat", "usage": 13},
			{"appName": "전화", "usage": 3},
			{"appName": "Facebook", "usage": 2},
			{"appName": "접근성", "usage": 1}
		],
		"keys": [
			{"hour": "0", "usage": 0},
			{"hour": "1", "usage": 23},
			{"hour": "2", "usage": 33},
			{"hour": "3", "usage": 3},
			{"hour": "4", "usage": 1},
			{"hour": "5", "usage": 3},
			{"hour": "6", "usage": 2},
			{"hour": "7", "usage": 31},
			{"hour": "8", "usage": 48},
			{"hour": "9", "usage": 19},
			{"hour": "10", "usage": 24},
			{"hour": "11", "usage": 22},
			{"hour": "12", "usage": 4},
			{"hour": "13", "usage": 0},
			{"hour": "14", "usage": 0},
			{"hour": "15", "usage": 0},
			{"hour": "16", "usage": 0},
			{"hour": "17", "usage": 0},
			{"hour": "18", "usage": 0},
			{"hour": "19", "usage": 0},
			{"hour": "20", "usage": 0},
			{"hour": "21", "usage": 0},
			{"hour": "22", "usage": 0},
			{"hour": "23", "usage": 0}
		]
	}
]
