[
	{
		"date": 1,
		"totalTime": 438,
		"details": [
			{"appName": "카카오톡", "usage": 139},
			{"appName": "Facebook", "usage": 77},
			{"appName": "Samsung Experience 홈", "usage": 40},
			{"appName": "삼성 인터넷", "usage": 27},
			{"appName": "T전화", "usage": 26},
			{"appName": "Instagram", "usage": 17},
			{"appName": "음성 녹음", "usage": 13},
			{"appName": "캘린더", "usage": 12},
			{"appName": "Samsung Notes", "usage": 11},
			{"appName": "연락처", "usage": 10},
			{"appName": "갤러리", "usage": 9},
			{"appName": "Paco", "usage": 7},
			{"appName": "한컴오피스 viewer", "usage": 6},
			{"appName": "드라이브", "usage": 6},
			{"appName": "에어비앤비", "usage": 5},
			{"appName": "시스템 UI", "usage": 5},
			{"appName": "Samsung Pay", "usage": 5},
			{"appName": "여기어때", "usage": 2},
			{"appName": "토스", "usage": 1},
			{"appName": "카메라", "usage": 1},
			{"appName": "SODA", "usage": 1},
			{"appName": "KLMS", "usage": 1}
		],
		"keys": [
			{"hour": "0", "usage": 21},
			{"hour": "1", "usage": 34},
			{"hour": "2", "usage": 38},
			{"hour": "3", "usage": 31},
			{"hour": "4", "usage": 32},
			{"hour": "5", "usage": 49},
			{"hour": "6", "usage": 42},
			{"hour": "7", "usage": 6},
			{"hour": "8", "usage": 7},
			{"hour": "9", "usage": 21},
			{"hour": "10", "usage": 30},
			{"hour": "11", "usage": 23},
			{"hour": "12", "usage": 22},
			{"hour": "13", "usage": 3},
			{"hour": "14", "usage": 17},
			{"hour": "15", "usage": 5},
			{"hour": "16", "usage": 29},
			{"hour": "17", "usage": 3},
			{"hour": "18", "usage": 0},
			{"hour": "19", "usage": 0},
			{"hour": "20", "usage": 0},
			{"hour": "21", "usage": 0},
			{"hour": "22", "usage": 0},
			{"hour": "23", "usage": 15}
		]
	},
	{
		"date": 2,
		"totalTime": 525,
		"details": [
			{"appName": "Facebook", "usage": 190},
			{"appName": "카카오톡", "usage": 185},
			{"appName": "삼성 인터넷", "usage": 31},
			{"appName": "Instagram", "usage": 27},
			{"appName": "Samsung Experience 홈", "usage": 14},
			{"appName": "토스", "usage": 11},
			{"appName": "갤러리", "usage": 6},
			{"appName": "한컴오피스 viewer", "usage": 4},
			{"appName": "이메일", "usage": 4},
			{"appName": "시스템 UI", "usage": 4},
			{"appName": "드라이브", "usage": 4},
			{"appName": "Paco", "usage": 4},
			{"appName": "카메라", "usage": 3},
			{"appName": "네이버 지도", "usage": 3},
			{"appName": "T전화", "usage": 3},
			{"appName": "Polar Beat", "usage": 3},
			{"appName": "Chrome", "usage": 3},
			{"appName": "BAND", "usage": 3},
			{"appName": "파인더", "usage": 2},
			{"appName": "지도", "usage": 2},
			{"appName": "안드로이드 시스템", "usage": 1},
			{"appName": "설정", "usage": 1},
			{"appName": "블루투스", "usage": 1},
			{"appName": "네이버 카페", "usage": 1}
		],
		"keys": [
			{"hour": "0", "usage": 3},
			{"hour": "1", "usage": 16},
			{"hour": "2", "usage": 27},
			{"hour": "3", "usage": 22},
			{"hour": "4", "usage": 5},
			{"hour": "5", "usage": 10},
			{"hour": "6", "usage": 27},
			{"hour": "7", "usage": 52},
			{"hour": "8", "usage": 12},
			{"hour": "9", "usage": 14},
			{"hour": "10", "usage": 20},
			{"hour": "11", "usage": 7},
			{"hour": "12", "usage": 4},
			{"hour": "13", "usage": 17},
			{"hour": "14", "usage": 17},
			{"hour": "15", "usage": 52},
			{"hour": "16", "usage": 40},
			{"hour": "17", "usage": 55},
			{"hour": "18", "usage": 51},
			{"hour": "19", "usage": 59},
			{"hour": "20", "usage": 4},
			{"hour": "21", "usage": 0},
			{"hour": "22", "usage": 0},
			{"hour": "23", "usage": 0}
		]
	},
	{
		"date": 3,
		"totalTime": 714,
		"details": [
			{"appName": "Facebook", "usage": 304},
			{"appName": "카카오톡", "usage": 171},
			{"appName": "삼성 인터넷", "usage": 66},
			{"appName": "Instagram", "usage": 38},
			{"appName": "T전화", "usage": 24},
			{"appName": "Samsung Experience 홈", "usage": 23},
			{"appName": "사전", "usage": 18},
			{"appName": "카메라", "usage": 14},
			{"appName": "한컴오피스 viewer", "usage": 13},
			{"appName": "BAND", "usage": 11},
			{"appName": "계산기", "usage": 8},
			{"appName": "시스템 UI", "usage": 3},
			{"appName": "갤러리", "usage": 3},
			{"appName": "드라이브", "usage": 2},
			{"appName": "내 파일", "usage": 2},
			{"appName": "Paco", "usage": 2}
		],
		"keys": [
			{"hour": "0", "usage": 0},
			{"hour": "1", "usage": 47},
			{"hour": "2", "usage": 51},
			{"hour": "3", "usage": 33},
			{"hour": "4", "usage": 33},
			{"hour": "5", "usage": 28},
			{"hour": "6", "usage": 54},
			{"hour": "7", "usage": 13},
			{"hour": "8", "usage": 25},
			{"hour": "9", "usage": 15},
			{"hour": "10", "usage": 2},
			{"hour": "11", "usage": 32},
			{"hour": "12", "usage": 28},
			{"hour": "13", "usage": 24},
			{"hour": "14", "usage": 53},
			{"hour": "15", "usage": 52},
			{"hour": "16", "usage": 42},
			{"hour": "17", "usage": 59},
			{"hour": "18", "usage": 56},
			{"hour": "19", "usage": 48},
			{"hour": "20", "usage": 0},
			{"hour": "21", "usage": 5},
			{"hour": "22", "usage": 0},
			{"hour": "23", "usage": 3}
		]
	},
	{
		"date": 4,
		"totalTime": 132,
		"details": [
			{"appName": "Instagram", "usage": 27},
			{"appName": "카카오톡", "usage": 25},
			{"appName": "Samsung Experience 홈", "usage": 17},
			{"appName": "SODA", "usage": 14},
			{"appName": "카메라", "usage": 12},
			{"appName": "갤러리", "usage": 12},
			{"appName": "Facebook", "usage": 11},
			{"appName": "삼성 인터넷", "usage": 3},
			{"appName": "파인더", "usage": 1},
			{"appName": "시스템 UI", "usage": 1},
			{"appName": "스프레드시트", "usage": 1},
			{"appName": "T전화", "usage": 1}
		],
		"keys": [
			{"hour": "0", "usage": 6},
			{"hour": "1", "usage": 6},
			{"hour": "2", "usage": 13},
			{"hour": "3", "usage": 1},
			{"hour": "4", "usage": 8},
			{"hour": "5", "usage": 22},
			{"hour": "6", "usage": 6},
			{"hour": "7", "usage": 10},
			{"hour": "8", "usage": 16},
			{"hour": "9", "usage": 12},
			{"hour": "10", "usage": 8},
			{"hour": "11", "usage": 12},
			{"hour": "12", "usage": 5},
			{"hour": "13", "usage": 0},
			{"hour": "14", "usage": 0},
			{"hour": "15", "usage": 0},
			{"hour": "16", "usage": 0},
			{"hour": "17", "usage": 0},
			{"hour": "18", "usage": 0},
			{"hour": "19", "usage": 0},
			{"hour": "20", "usage": 0},
			{"hour": "21", "usage": 0},
			{"hour": "22", "usage": 0},
			{"hour": "23", "usage": 0}
		]
	},
	{
		"date": 5,
		"totalTime": 745,
		"details": [
			{"appName": "카카오톡", "usage": 181},
			{"appName": "Instagram", "usage": 166},
			{"appName": "Chrome", "usage": 154},
			{"appName": "Facebook", "usage": 89},
			{"appName": "YouTube", "usage": 75},
			{"appName": "삼성 인터넷", "usage": 23},
			{"appName": "갤러리", "usage": 11},
			{"appName": "싸이메라", "usage": 10},
			{"appName": "Samsung Experience 홈", "usage": 7},
			{"appName": "시계", "usage": 6},
			{"appName": "카메라", "usage": 4},
			{"appName": "비디오 플레이어", "usage": 3},
			{"appName": "한컴오피스 viewer", "usage": 1},
			{"appName": "시스템 UI", "usage": 1},
			{"appName": "스프레드시트", "usage": 1},
			{"appName": "Foodie", "usage": 1}
		],
		"keys": [
			{"hour": "0", "usage": 4},
			{"hour": "1", "usage": 0},
			{"hour": "2", "usage": 17},
			{"hour": "3", "usage": 19},
			{"hour": "4", "usage": 59},
			{"hour": "5", "usage": 44},
			{"hour": "6", "usage": 44},
			{"hour": "7", "usage": 16},
			{"hour": "8", "usage": 50},
			{"hour": "9", "usage": 39},
			{"hour": "10", "usage": 23},
			{"hour": "11", "usage": 59},
			{"hour": "12", "usage": 57},
			{"hour": "13", "usage": 54},
			{"hour": "14", "usage": 44},
			{"hour": "15", "usage": 1},
			{"hour": "16", "usage": 0},
			{"hour": "17", "usage": 26},
			{"hour": "18", "usage": 59},
			{"hour": "19", "usage": 37},
			{"hour": "20", "usage": 44},
			{"hour": "21", "usage": 19},
			{"hour": "22", "usage": 16},
			{"hour": "23", "usage": 2}
		]
	},
	{
		"date": 6,
		"totalTime": 576,
		"details": [
			{"appName": "카카오톡", "usage": 250},
			{"appName": "드라이브", "usage": 67},
			{"appName": "Chrome", "usage": 66},
			{"appName": "한컴오피스 viewer", "usage": 40},
			{"appName": "Facebook", "usage": 39},
			{"appName": "Instagram", "usage": 32},
			{"appName": "Samsung Experience 홈", "usage": 25},
			{"appName": "계산기", "usage": 13},
			{"appName": "T전화", "usage": 10},
			{"appName": "KLMS", "usage": 7},
			{"appName": "시스템 UI", "usage": 5},
			{"appName": "카메라", "usage": 4},
			{"appName": "음성 녹음", "usage": 2},
			{"appName": "삼성 인터넷", "usage": 2},
			{"appName": "갤러리", "usage": 2},
			{"appName": "캘린더", "usage": 1},
			{"appName": "사전", "usage": 1}
		],
		"keys": [
			{"hour": "0", "usage": 33},
			{"hour": "1", "usage": 29},
			{"hour": "2", "usage": 59},
			{"hour": "3", "usage": 59},
			{"hour": "4", "usage": 58},
			{"hour": "5", "usage": 46},
			{"hour": "6", "usage": 39},
			{"hour": "7", "usage": 44},
			{"hour": "8", "usage": 55},
			{"hour": "9", "usage": 10},
			{"hour": "10", "usage": 9},
			{"hour": "11", "usage": 26},
			{"hour": "12", "usage": 22},
			{"hour": "13", "usage": 19},
			{"hour": "14", "usage": 26},
			{"hour": "15", "usage": 9},
			{"hour": "16", "usage": 2},
			{"hour": "17", "usage": 14},
			{"hour": "18", "usage": 8},
			{"hour": "19", "usage": 0},
			{"hour": "20", "usage": 0},
			{"hour": "21", "usage": 0},
			{"hour": "22", "usage": 0},
			{"hour": "23", "usage": 0}
		]
	},
	{
		"date": 7,
		"totalTime": 780,
		"details": [
			{"appName": "카메라", "usage": 599},
			{"appName": "카카오톡", "usage": 83},
			{"appName": "Facebook", "usage": 34},
			{"appName": "Instagram", "usage": 32},
			{"appName": "Samsung Experience 홈", "usage": 12},
			{"appName": "삼성 인터넷", "usage": 4},
			{"appName": "T전화", "usage": 2},
			{"appName": "SODA", "usage": 2},
			{"appName": "시스템 UI", "usage": 1},
			{"appName": "Google Play 서비스", "usage": 1}
		],
		"keys": [
			{"hour": "0", "usage": 0},
			{"hour": "1", "usage": 9},
			{"hour": "2", "usage": 32},
			{"hour": "3", "usage": 5},
			{"hour": "4", "usage": 8},
			{"hour": "5", "usage": 3},
			{"hour": "6", "usage": 1},
			{"hour": "7", "usage": 10},
			{"hour": "8", "usage": 20},
			{"hour": "9", "usage": 9},
			{"hour": "10", "usage": 17},
			{"hour": "11", "usage": 35},
			{"hour": "12", "usage": 10},
			{"hour": "13", "usage": 16},
			{"hour": "14", "usage": 1},
			{"hour": "15", "usage": 0},
			{"hour": "16", "usage": 0},
			{"hour": "17", "usage": 0},
			{"hour": "18", "usage": 0},
			{"hour": "19", "usage": 0},
			{"hour": "20", "usage": 0},
			{"hour": "21", "usage": 0},
			{"hour": "22", "usage": 0},
			{"hour": "23", "usage": 0}
		]
	}
]
