[
	{
		"date": 1,
		"totalTime": 574,
		"details": [
			{"appName": "디즈니팝", "usage": 168},
			{"appName": "알람몬", "usage": 98},
			{"appName": "기본홈", "usage": 66},
			{"appName": "Chrome", "usage": 63},
			{"appName": "카카오페이지", "usage": 51},
			{"appName": "카카오톡", "usage": 45},
			{"appName": "Paco", "usage": 23},
			{"appName": "쏠캘린더", "usage": 11},
			{"appName": "갤러리", "usage": 10},
			{"appName": "카카오뱅크", "usage": 9},
			{"appName": "T전화", "usage": 5},
			{"appName": "Polar Beat", "usage": 3},
			{"appName": "텔레그램", "usage": 2},
			{"appName": "주소록", "usage": 2},
			{"appName": "시스템 UI", "usage": 2},
			{"appName": "카메라", "usage": 1},
			{"appName": "접근성", "usage": 1},
			{"appName": "드라이브", "usage": 1},
			{"appName": "다음카페", "usage": 1},
			{"appName": "Gmail", "usage": 1}
		],
		"keys": [
			{"hour": "0", "usage": 39},
			{"hour": "1", "usage": 59},
			{"hour": "2", "usage": 40},
			{"hour": "3", "usage": 57},
			{"hour": "4", "usage": 38},
			{"hour": "5", "usage": 30},
			{"hour": "6", "usage": 54},
			{"hour": "7", "usage": 33},
			{"hour": "8", "usage": 21},
			{"hour": "9", "usage": 0},
			{"hour": "10", "usage": 7},
			{"hour": "11", "usage": 1},
			{"hour": "12", "usage": 12},
			{"hour": "13", "usage": 56},
			{"hour": "14", "usage": 45},
			{"hour": "15", "usage": 59},
			{"hour": "16", "usage": 14},
			{"hour": "17", "usage": 0},
			{"hour": "18", "usage": 0},
			{"hour": "19", "usage": 0},
			{"hour": "20", "usage": 0},
			{"hour": "21", "usage": 0},
			{"hour": "22", "usage": 0},
			{"hour": "23", "usage": 0}
		]
	},
	{
		"date": 2,
		"totalTime": 749,
		"details": [
			{"appName": "Chrome", "usage": 332},
			{"appName": "디즈니팝", "usage": 128},
			{"appName": "카카오페이지", "usage": 88},
			{"appName": "카카오톡", "usage": 78},
			{"appName": "기본홈", "usage": 16},
			{"appName": "VIBE", "usage": 13},
			{"appName": "Paco", "usage": 11},
			{"appName": "카카오뱅크", "usage": 7},
			{"appName": "카카오맵", "usage": 7},
			{"appName": "메시지", "usage": 7},
			{"appName": "ABC Logger", "usage": 7},
			{"appName": "토스", "usage": 6},
			{"appName": "Google Play 스토어", "usage": 6},
			{"appName": "Gmail", "usage": 6},
			{"appName": "쏠캘린더", "usage": 5},
			{"appName": "스타벅스", "usage": 5},
			{"appName": "갤러리", "usage": 4},
			{"appName": "시스템 UI", "usage": 3},
			{"appName": "TimeTree", "usage": 2},
			{"appName": "카메라", "usage": 1},
			{"appName": "알람몬", "usage": 1},
			{"appName": "Wi-Fi", "usage": 1},
			{"appName": "Polar Beat", "usage": 1},
			{"appName": "ES 파일 탐색기", "usage": 1}
		],
		"keys": [
			{"hour": "0", "usage": 10},
			{"hour": "1", "usage": 52},
			{"hour": "2", "usage": 40},
			{"hour": "3", "usage": 40},
			{"hour": "4", "usage": 49},
			{"hour": "5", "usage": 27},
			{"hour": "6", "usage": 46},
			{"hour": "7", "usage": 26},
			{"hour": "8", "usage": 18},
			{"hour": "9", "usage": 19},
			{"hour": "10", "usage": 37},
			{"hour": "11", "usage": 54},
			{"hour": "12", "usage": 59},
			{"hour": "13", "usage": 59},
			{"hour": "14", "usage": 47},
			{"hour": "15", "usage": 20},
			{"hour": "16", "usage": 49},
			{"hour": "17", "usage": 36},
			{"hour": "18", "usage": 0},
			{"hour": "19", "usage": 0},
			{"hour": "20", "usage": 0},
			{"hour": "21", "usage": 0},
			{"hour": "22", "usage": 7},
			{"hour": "23", "usage": 43}
		]
	},
	{
		"date": 3,
		"totalTime": 618,
		"details": [
			{"appName": "11번가", "usage": 193},
			{"appName": "카카오톡", "usage": 127},
			{"appName": "Chrome", "usage": 108},
			{"appName": "카카오페이지", "usage": 76},
			{"appName": "디즈니팝", "usage": 27},
			{"appName": "알람/시계", "usage": 26},
			{"appName": "쏠캘린더", "usage": 9},
			{"appName": "Paco", "usage": 8},
			{"appName": "토스", "usage": 7},
			{"appName": "메시지", "usage": 7},
			{"appName": "기본홈", "usage": 5},
			{"appName": "원격 데스크톱", "usage": 3},
			{"appName": "계산기", "usage": 3},
			{"appName": "시스템 UI", "usage": 2},
			{"appName": "갤러리", "usage": 2},
			{"appName": "카메라", "usage": 1},
			{"appName": "스터디헬퍼", "usage": 1},
			{"appName": "Polar Beat", "usage": 1},
			{"appName": "Gmail", "usage": 1},
			{"appName": "ES 파일 탐색기", "usage": 1}
		],
		"keys": [
			{"hour": "0", "usage": 11},
			{"hour": "1", "usage": 23},
			{"hour": "2", "usage": 59},
			{"hour": "3", "usage": 31},
			{"hour": "4", "usage": 39},
			{"hour": "5", "usage": 38},
			{"hour": "6", "usage": 5},
			{"hour": "7", "usage": 22},
			{"hour": "8", "usage": 4},
			{"hour": "9", "usage": 54},
			{"hour": "10", "usage": 5},
			{"hour": "11", "usage": 1},
			{"hour": "12", "usage": 24},
			{"hour": "13", "usage": 54},
			{"hour": "14", "usage": 59},
			{"hour": "15", "usage": 58},
			{"hour": "16", "usage": 59},
			{"hour": "17", "usage": 59},
			{"hour": "18", "usage": 0},
			{"hour": "19", "usage": 0},
			{"hour": "20", "usage": 0},
			{"hour": "21", "usage": 0},
			{"hour": "22", "usage": 0},
			{"hour": "23", "usage": 0}
		]
	},
	{
		"date": 4,
		"totalTime": 988,
		"details": [
			{"appName": "카카오페이지", "usage": 268},
			{"appName": "삼성 인터넷", "usage": 206},
			{"appName": "Chrome", "usage": 201},
			{"appName": "디즈니팝", "usage": 118},
			{"appName": "11번가", "usage": 85},
			{"appName": "카카오톡", "usage": 34},
			{"appName": "VIBE", "usage": 25},
			{"appName": "롯데면세점", "usage": 21},
			{"appName": "Frip", "usage": 7},
			{"appName": "Paco", "usage": 5},
			{"appName": "시스템 UI", "usage": 3},
			{"appName": "카메라", "usage": 2},
			{"appName": "기본홈", "usage": 2},
			{"appName": "Google Play 스토어", "usage": 1}
		],
		"keys": [
			{"hour": "0", "usage": 0},
			{"hour": "1", "usage": 0},
			{"hour": "2", "usage": 1},
			{"hour": "3", "usage": 59},
			{"hour": "4", "usage": 59},
			{"hour": "5", "usage": 59},
			{"hour": "6", "usage": 59},
			{"hour": "7", "usage": 48},
			{"hour": "8", "usage": 59},
			{"hour": "9", "usage": 59},
			{"hour": "10", "usage": 59},
			{"hour": "11", "usage": 59},
			{"hour": "12", "usage": 59},
			{"hour": "13", "usage": 59},
			{"hour": "14", "usage": 59},
			{"hour": "15", "usage": 59},
			{"hour": "16", "usage": 59},
			{"hour": "17", "usage": 59},
			{"hour": "18", "usage": 59},
			{"hour": "19", "usage": 39},
			{"hour": "20", "usage": 0},
			{"hour": "21", "usage": 0},
			{"hour": "22", "usage": 0},
			{"hour": "23", "usage": 0}
		]
	},
	{
		"date": 5,
		"totalTime": 888,
		"details": [
			{"appName": "삼성 인터넷", "usage": 260},
			{"appName": "Chrome", "usage": 190},
			{"appName": "카카오페이지", "usage": 180},
			{"appName": "카카오톡", "usage": 98},
			{"appName": "디즈니팝", "usage": 72},
			{"appName": "트위터", "usage": 15},
			{"appName": "뱅크샐러드", "usage": 11},
			{"appName": "기본홈", "usage": 11},
			{"appName": "Paco", "usage": 10},
			{"appName": "카카오뱅크", "usage": 8},
			{"appName": "Polar Beat", "usage": 7},
			{"appName": "VIBE", "usage": 6},
			{"appName": "11번가", "usage": 3},
			{"appName": "접근성", "usage": 2},
			{"appName": "시스템 UI", "usage": 2},
			{"appName": "다음카페", "usage": 2},
			{"appName": "쏠캘린더", "usage": 1},
			{"appName": "Gmail", "usage": 1}
		],
		"keys": [
			{"hour": "0", "usage": 0},
			{"hour": "1", "usage": 0},
			{"hour": "2", "usage": 0},
			{"hour": "3", "usage": 0},
			{"hour": "4", "usage": 0},
			{"hour": "5", "usage": 44},
			{"hour": "6", "usage": 59},
			{"hour": "7", "usage": 59},
			{"hour": "8", "usage": 59},
			{"hour": "9", "usage": 56},
			{"hour": "10", "usage": 34},
			{"hour": "11", "usage": 59},
			{"hour": "12", "usage": 27},
			{"hour": "13", "usage": 47},
			{"hour": "14", "usage": 59},
			{"hour": "15", "usage": 55},
			{"hour": "16", "usage": 59},
			{"hour": "17", "usage": 59},
			{"hour": "18", "usage": 60},
			{"hour": "19", "usage": 60},
			{"hour": "20", "usage": 60},
			{"hour": "21", "usage": 22},
			{"hour": "22", "usage": 0},
			{"hour": "23", "usage": 0}
		]
	},
	{
		"date": 6,
		"totalTime": 754,
		"details": [
			{"appName": "카카오페이지", "usage": 175},
			{"appName": "Chrome", "usage": 140},
			{"appName": "디즈니팝", "usage": 105},
			{"appName": "YouTube", "usage": 89},
			{"appName": "카카오톡", "usage": 51},
			{"appName": "알람몬", "usage": 32},
			{"appName": "메시지", "usage": 18},
			{"appName": "Paco", "usage": 18},
			{"appName": "T전화", "usage": 17},
			{"appName": "Gmail", "usage": 16},
			{"appName": "당근마켓", "usage": 15},
			{"appName": "삼성 인터넷", "usage": 12},
			{"appName": "롯데면세점", "usage": 10},
			{"appName": "원격 데스크톱", "usage": 7},
			{"appName": "Melon", "usage": 7},
			{"appName": "ABC Logger", "usage": 7},
			{"appName": "쏠캘린더", "usage": 5},
			{"appName": "Polar Beat", "usage": 5},
			{"appName": "접근성", "usage": 4},
			{"appName": "기본홈", "usage": 3},
			{"appName": "시스템 UI", "usage": 2},
			{"appName": "카카오뱅크", "usage": 1},
			{"appName": "드라이브", "usage": 1}
		],
		"keys": [
			{"hour": "0", "usage": 14},
			{"hour": "1", "usage": 22},
			{"hour": "2", "usage": 13},
			{"hour": "3", "usage": 59},
			{"hour": "4", "usage": 32},
			{"hour": "5", "usage": 58},
			{"hour": "6", "usage": 45},
			{"hour": "7", "usage": 28},
			{"hour": "8", "usage": 29},
			{"hour": "9", "usage": 44},
			{"hour": "10", "usage": 52},
			{"hour": "11", "usage": 59},
			{"hour": "12", "usage": 59},
			{"hour": "13", "usage": 59},
			{"hour": "14", "usage": 59},
			{"hour": "15", "usage": 44},
			{"hour": "16", "usage": 16},
			{"hour": "17", "usage": 46},
			{"hour": "18", "usage": 0},
			{"hour": "19", "usage": 0},
			{"hour": "20", "usage": 0},
			{"hour": "21", "usage": 0},
			{"hour": "22", "usage": 5},
			{"hour": "23", "usage": 0}
		]
	},
	{
		"date": 7,
		"totalTime": 396,
		"details": [
			{"appName": "디즈니팝", "usage": 82},
			{"appName": "카카오톡", "usage": 67},
			{"appName": "카카오페이지", "usage": 44},
			{"appName": "Chrome", "usage": 43},
			{"appName": "메시지", "usage": 40},
			{"appName": "카카오뱅크", "usage": 20},
			{"appName": "기본홈", "usage": 16},
			{"appName": "Melon", "usage": 15},
			{"appName": "Paco", "usage": 13},
			{"appName": "Gmail", "usage": 13},
			{"appName": "뱅크샐러드", "usage": 10},
			{"appName": "텔레그램", "usage": 5},
			{"appName": "당근마켓", "usage": 5},
			{"appName": "다음카페", "usage": 3},
			{"appName": "쏠캘린더", "usage": 2},
			{"appName": "토스", "usage": 1},
			{"appName": "시스템 UI", "usage": 1},
			{"appName": "삼성 인터넷", "usage": 1},
			{"appName": "갤러리", "usage": 1},
			{"appName": "Polar Beat", "usage": 1},
			{"appName": "Lysn", "usage": 1},
			{"appName": "Instagram", "usage": 1}
		],
		"keys": [
			{"hour": "0", "usage": 0},
			{"hour": "1", "usage": 32},
			{"hour": "2", "usage": 46},
			{"hour": "3", "usage": 48},
			{"hour": "4", "usage": 11},
			{"hour": "5", "usage": 17},
			{"hour": "6", "usage": 41},
			{"hour": "7", "usage": 53},
			{"hour": "8", "usage": 18},
			{"hour": "9", "usage": 8},
			{"hour": "10", "usage": 35},
			{"hour": "11", "usage": 38},
			{"hour": "12", "usage": 45},
			{"hour": "13", "usage": 0},
			{"hour": "14", "usage": 0},
			{"hour": "15", "usage": 0},
			{"hour": "16", "usage": 0},
			{"hour": "17", "usage": 0},
			{"hour": "18", "usage": 0},
			{"hour": "19", "usage": 0},
			{"hour": "20", "usage": 0},
			{"hour": "21", "usage": 0},
			{"hour": "22", "usage": 0},
			{"hour": "23", "usage": 0}
		]
	}
]
