[
	{
		"date": 1,
		"totalTime": 0,
		"details": [
		],
		"keys": [
			{"hour": "0", "usage": 0},
			{"hour": "1", "usage": 0},
			{"hour": "2", "usage": 0},
			{"hour": "3", "usage": 0},
			{"hour": "4", "usage": 0},
			{"hour": "5", "usage": 0},
			{"hour": "6", "usage": 0},
			{"hour": "7", "usage": 0},
			{"hour": "8", "usage": 0},
			{"hour": "9", "usage": 0},
			{"hour": "10", "usage": 0},
			{"hour": "11", "usage": 0},
			{"hour": "12", "usage": 0},
			{"hour": "13", "usage": 0},
			{"hour": "14", "usage": 0},
			{"hour": "15", "usage": 0},
			{"hour": "16", "usage": 0},
			{"hour": "17", "usage": 0},
			{"hour": "18", "usage": 0},
			{"hour": "19", "usage": 0},
			{"hour": "20", "usage": 0},
			{"hour": "21", "usage": 0},
			{"hour": "22", "usage": 0},
			{"hour": "23", "usage": 0}
		]
	},
	{
		"date": 2,
		"totalTime": 0,
		"details": [
		],
		"keys": [
			{"hour": "0", "usage": 0},
			{"hour": "1", "usage": 0},
			{"hour": "2", "usage": 0},
			{"hour": "3", "usage": 0},
			{"hour": "4", "usage": 0},
			{"hour": "5", "usage": 0},
			{"hour": "6", "usage": 0},
			{"hour": "7", "usage": 0},
			{"hour": "8", "usage": 0},
			{"hour": "9", "usage": 0},
			{"hour": "10", "usage": 0},
			{"hour": "11", "usage": 0},
			{"hour": "12", "usage": 0},
			{"hour": "13", "usage": 0},
			{"hour": "14", "usage": 0},
			{"hour": "15", "usage": 0},
			{"hour": "16", "usage": 0},
			{"hour": "17", "usage": 0},
			{"hour": "18", "usage": 0},
			{"hour": "19", "usage": 0},
			{"hour": "20", "usage": 0},
			{"hour": "21", "usage": 0},
			{"hour": "22", "usage": 0},
			{"hour": "23", "usage": 0}
		]
	},
	{
		"date": 3,
		"totalTime": 27,
		"details": [
			{"appName": "Microsoft Band", "usage": 7},
			{"appName": "삼성 인터넷", "usage": 4},
			{"appName": "드라이브", "usage": 4},
			{"appName": "Suunto", "usage": 3},
			{"appName": "시스템 UI", "usage": 1},
			{"appName": "설정", "usage": 1},
			{"appName": "YouTube", "usage": 1},
			{"appName": "Samsung Experience 홈", "usage": 1},
			{"appName": "Dropsync", "usage": 1}
		],
		"keys": [
			{"hour": "0", "usage": 0},
			{"hour": "1", "usage": 0},
			{"hour": "2", "usage": 0},
			{"hour": "3", "usage": 0},
			{"hour": "4", "usage": 0},
			{"hour": "5", "usage": 0},
			{"hour": "6", "usage": 0},
			{"hour": "7", "usage": 0},
			{"hour": "8", "usage": 0},
			{"hour": "9", "usage": 0},
			{"hour": "10", "usage": 0},
			{"hour": "11", "usage": 0},
			{"hour": "12", "usage": 0},
			{"hour": "13", "usage": 0},
			{"hour": "14", "usage": 0},
			{"hour": "15", "usage": 0},
			{"hour": "16", "usage": 0},
			{"hour": "17", "usage": 0},
			{"hour": "18", "usage": 0},
			{"hour": "19", "usage": 0},
			{"hour": "20", "usage": 0},
			{"hour": "21", "usage": 0},
			{"hour": "22", "usage": 0},
			{"hour": "23", "usage": 27}
		]
	},
	{
		"date": 4,
		"totalTime": 480,
		"details": [
			{"appName": "Wahoo", "usage": 130},
			{"appName": "oksusu", "usage": 118},
			{"appName": "Samsung Experience 홈", "usage": 61},
			{"appName": "YouTube", "usage": 58},
			{"appName": "카카오톡", "usage": 44},
			{"appName": "삼성 인터넷", "usage": 15},
			{"appName": "Suunto", "usage": 13},
			{"appName": "Paco", "usage": 6},
			{"appName": "시스템 UI", "usage": 5},
			{"appName": "Google Play 스토어", "usage": 5},
			{"appName": "Samsung Pay", "usage": 3},
			{"appName": "Polar Beat", "usage": 3},
			{"appName": "카메라", "usage": 2},
			{"appName": "우리카드", "usage": 2},
			{"appName": "지도", "usage": 1},
			{"appName": "설정", "usage": 1},
			{"appName": "똑똑가계부", "usage": 1},
			{"appName": "CaptivePortalLogin", "usage": 1}
		],
		"keys": [
			{"hour": "0", "usage": 56},
			{"hour": "1", "usage": 43},
			{"hour": "2", "usage": 6},
			{"hour": "3", "usage": 42},
			{"hour": "4", "usage": 11},
			{"hour": "5", "usage": 31},
			{"hour": "6", "usage": 25},
			{"hour": "7", "usage": 31},
			{"hour": "8", "usage": 0},
			{"hour": "9", "usage": 5},
			{"hour": "10", "usage": 42},
			{"hour": "11", "usage": 14},
			{"hour": "12", "usage": 17},
			{"hour": "13", "usage": 23},
			{"hour": "14", "usage": 29},
			{"hour": "15", "usage": 59},
			{"hour": "16", "usage": 37},
			{"hour": "17", "usage": 0},
			{"hour": "18", "usage": 0},
			{"hour": "19", "usage": 0},
			{"hour": "20", "usage": 0},
			{"hour": "21", "usage": 0},
			{"hour": "22", "usage": 0},
			{"hour": "23", "usage": 0}
		]
	},
	{
		"date": 5,
		"totalTime": 373,
		"details": [
			{"appName": "oksusu", "usage": 175},
			{"appName": "YouTube", "usage": 65},
			{"appName": "카카오톡", "usage": 41},
			{"appName": "Samsung Experience 홈", "usage": 22},
			{"appName": "카카오페이지", "usage": 16},
			{"appName": "우리카드", "usage": 14},
			{"appName": "연락처", "usage": 10},
			{"appName": "밥대생", "usage": 6},
			{"appName": "전화", "usage": 3},
			{"appName": "삼성 인터넷", "usage": 3},
			{"appName": "Samsung Pay", "usage": 3},
			{"appName": "Paco", "usage": 3},
			{"appName": "설정", "usage": 2},
			{"appName": "똑똑가계부", "usage": 1},
			{"appName": "Polar Beat", "usage": 1}
		],
		"keys": [
			{"hour": "0", "usage": 0},
			{"hour": "1", "usage": 22},
			{"hour": "2", "usage": 13},
			{"hour": "3", "usage": 50},
			{"hour": "4", "usage": 23},
			{"hour": "5", "usage": 0},
			{"hour": "6", "usage": 0},
			{"hour": "7", "usage": 0},
			{"hour": "8", "usage": 7},
			{"hour": "9", "usage": 19},
			{"hour": "10", "usage": 12},
			{"hour": "11", "usage": 59},
			{"hour": "12", "usage": 59},
			{"hour": "13", "usage": 46},
			{"hour": "14", "usage": 1},
			{"hour": "15", "usage": 22},
			{"hour": "16", "usage": 0},
			{"hour": "17", "usage": 0},
			{"hour": "18", "usage": 0},
			{"hour": "19", "usage": 0},
			{"hour": "20", "usage": 0},
			{"hour": "21", "usage": 0},
			{"hour": "22", "usage": 7},
			{"hour": "23", "usage": 24}
		]
	},
	{
		"date": 6,
		"totalTime": 421,
		"details": [
			{"appName": "oksusu", "usage": 190},
			{"appName": "Samsung Experience 홈", "usage": 55},
			{"appName": "카카오톡", "usage": 44},
			{"appName": "YouTube", "usage": 41},
			{"appName": "Polar Beat", "usage": 31},
			{"appName": "삼성 인터넷", "usage": 22},
			{"appName": "카카오페이지", "usage": 15},
			{"appName": "우리카드", "usage": 5},
			{"appName": "Paco", "usage": 3},
			{"appName": "캘린더", "usage": 1},
			{"appName": "전화", "usage": 1},
			{"appName": "시스템 UI", "usage": 1},
			{"appName": "시계", "usage": 1},
			{"appName": "설정", "usage": 1},
			{"appName": "똑똑가계부", "usage": 1}
		],
		"keys": [
			{"hour": "0", "usage": 1},
			{"hour": "1", "usage": 1},
			{"hour": "2", "usage": 7},
			{"hour": "3", "usage": 25},
			{"hour": "4", "usage": 12},
			{"hour": "5", "usage": 23},
			{"hour": "6", "usage": 28},
			{"hour": "7", "usage": 42},
			{"hour": "8", "usage": 11},
			{"hour": "9", "usage": 12},
			{"hour": "10", "usage": 4},
			{"hour": "11", "usage": 59},
			{"hour": "12", "usage": 59},
			{"hour": "13", "usage": 57},
			{"hour": "14", "usage": 55},
			{"hour": "15", "usage": 1},
			{"hour": "16", "usage": 0},
			{"hour": "17", "usage": 0},
			{"hour": "18", "usage": 0},
			{"hour": "19", "usage": 0},
			{"hour": "20", "usage": 0},
			{"hour": "21", "usage": 0},
			{"hour": "22", "usage": 0},
			{"hour": "23", "usage": 17}
		]
	},
	{
		"date": 7,
		"totalTime": 134,
		"details": [
			{"appName": "Samsung Experience 홈", "usage": 43},
			{"appName": "카카오톡", "usage": 40},
			{"appName": "우리카드", "usage": 18},
			{"appName": "YouTube", "usage": 18},
			{"appName": "삼성 인터넷", "usage": 5},
			{"appName": "Paco", "usage": 3},
			{"appName": "VIBE", "usage": 1}
		],
		"keys": [
			{"hour": "0", "usage": 0},
			{"hour": "1", "usage": 4},
			{"hour": "2", "usage": 21},
			{"hour": "3", "usage": 2},
			{"hour": "4", "usage": 8},
			{"hour": "5", "usage": 8},
			{"hour": "6", "usage": 6},
			{"hour": "7", "usage": 18},
			{"hour": "8", "usage": 23},
			{"hour": "9", "usage": 39},
			{"hour": "10", "usage": 0},
			{"hour": "11", "usage": 0},
			{"hour": "12", "usage": 0},
			{"hour": "13", "usage": 0},
			{"hour": "14", "usage": 0},
			{"hour": "15", "usage": 0},
			{"hour": "16", "usage": 0},
			{"hour": "17", "usage": 0},
			{"hour": "18", "usage": 0},
			{"hour": "19", "usage": 0},
			{"hour": "20", "usage": 0},
			{"hour": "21", "usage": 0},
			{"hour": "22", "usage": 0},
			{"hour": "23", "usage": 0}
		]
	}
]
