[
	{
		"date": 1,
		"totalTime": 697,
		"details": [
			{"appName": "YouTube", "usage": 355},
			{"appName": "Duel Links", "usage": 97},
			{"appName": "Facebook", "usage": 64},
			{"appName": "카카오톡", "usage": 36},
			{"appName": "Chrome", "usage": 28},
			{"appName": "NAVER", "usage": 27},
			{"appName": "히어로칸타레", "usage": 24},
			{"appName": "네이버 웹툰", "usage": 22},
			{"appName": "Samsung Experience 홈", "usage": 17},
			{"appName": "Paco", "usage": 5},
			{"appName": "Polar Beat", "usage": 4},
			{"appName": "통화", "usage": 3},
			{"appName": "KLMS", "usage": 2},
			{"appName": "비디오 플레이어", "usage": 1}
		],
		"keys": [
			{"hour": "0", "usage": 3},
			{"hour": "1", "usage": 36},
			{"hour": "2", "usage": 38},
			{"hour": "3", "usage": 0},
			{"hour": "4", "usage": 6},
			{"hour": "5", "usage": 27},
			{"hour": "6", "usage": 21},
			{"hour": "7", "usage": 57},
			{"hour": "8", "usage": 31},
			{"hour": "9", "usage": 1},
			{"hour": "10", "usage": 28},
			{"hour": "11", "usage": 56},
			{"hour": "12", "usage": 1},
			{"hour": "13", "usage": 31},
			{"hour": "14", "usage": 12},
			{"hour": "15", "usage": 18},
			{"hour": "16", "usage": 57},
			{"hour": "17", "usage": 42},
			{"hour": "18", "usage": 50},
			{"hour": "19", "usage": 59},
			{"hour": "20", "usage": 60},
			{"hour": "21", "usage": 55},
			{"hour": "22", "usage": 0},
			{"hour": "23", "usage": 0}
		]
	},
	{
		"date": 2,
		"totalTime": 332,
		"details": [
			{"appName": "Duel Links", "usage": 72},
			{"appName": "Facebook", "usage": 61},
			{"appName": "NAVER", "usage": 41},
			{"appName": "카카오톡", "usage": 38},
			{"appName": "YouTube", "usage": 31},
			{"appName": "네이버 웹툰", "usage": 18},
			{"appName": "One UI 홈", "usage": 17},
			{"appName": "히어로칸타레", "usage": 15},
			{"appName": "통화", "usage": 10},
			{"appName": "Chrome", "usage": 7},
			{"appName": "Samsung Pay", "usage": 6},
			{"appName": "Paco", "usage": 3},
			{"appName": "Samsung Notes", "usage": 2},
			{"appName": "시계", "usage": 1},
			{"appName": "벅스", "usage": 1}
		],
		"keys": [
			{"hour": "0", "usage": 5},
			{"hour": "1", "usage": 33},
			{"hour": "2", "usage": 48},
			{"hour": "3", "usage": 57},
			{"hour": "4", "usage": 9},
			{"hour": "5", "usage": 0},
			{"hour": "6", "usage": 0},
			{"hour": "7", "usage": 19},
			{"hour": "8", "usage": 28},
			{"hour": "9", "usage": 11},
			{"hour": "10", "usage": 42},
			{"hour": "11", "usage": 14},
			{"hour": "12", "usage": 6},
			{"hour": "13", "usage": 0},
			{"hour": "14", "usage": 39},
			{"hour": "15", "usage": 1},
			{"hour": "16", "usage": 0},
			{"hour": "17", "usage": 10},
			{"hour": "18", "usage": 2},
			{"hour": "19", "usage": 0},
			{"hour": "20", "usage": 0},
			{"hour": "21", "usage": 0},
			{"hour": "22", "usage": 0},
			{"hour": "23", "usage": 0}
		]
	},
	{
		"date": 3,
		"totalTime": 609,
		"details": [
			{"appName": "YouTube", "usage": 226},
			{"appName": "Duel Links", "usage": 153},
			{"appName": "Facebook", "usage": 49},
			{"appName": "네이버 웹툰", "usage": 42},
			{"appName": "카카오톡", "usage": 38},
			{"appName": "NAVER", "usage": 18},
			{"appName": "히어로칸타레", "usage": 15},
			{"appName": "시계", "usage": 14},
			{"appName": "통화", "usage": 11},
			{"appName": "Chrome", "usage": 11},
			{"appName": "One UI 홈", "usage": 10},
			{"appName": "Samsung Pay", "usage": 7},
			{"appName": "Paco", "usage": 2},
			{"appName": "메시지", "usage": 1}
		],
		"keys": [
			{"hour": "0", "usage": 27},
			{"hour": "1", "usage": 0},
			{"hour": "2", "usage": 2},
			{"hour": "3", "usage": 37},
			{"hour": "4", "usage": 6},
			{"hour": "5", "usage": 45},
			{"hour": "6", "usage": 46},
			{"hour": "7", "usage": 55},
			{"hour": "8", "usage": 22},
			{"hour": "9", "usage": 1},
			{"hour": "10", "usage": 33},
			{"hour": "11", "usage": 53},
			{"hour": "12", "usage": 59},
			{"hour": "13", "usage": 51},
			{"hour": "14", "usage": 42},
			{"hour": "15", "usage": 11},
			{"hour": "16", "usage": 9},
			{"hour": "17", "usage": 28},
			{"hour": "18", "usage": 20},
			{"hour": "19", "usage": 52},
			{"hour": "20", "usage": 0},
			{"hour": "21", "usage": 0},
			{"hour": "22", "usage": 0},
			{"hour": "23", "usage": 0}
		]
	},
	{
		"date": 4,
		"totalTime": 231,
		"details": [
			{"appName": "NAVER", "usage": 57},
			{"appName": "Facebook", "usage": 45},
			{"appName": "YouTube", "usage": 40},
			{"appName": "통화", "usage": 29},
			{"appName": "카카오톡", "usage": 16},
			{"appName": "네이버 웹툰", "usage": 13},
			{"appName": "One UI 홈", "usage": 13},
			{"appName": "시계", "usage": 4},
			{"appName": "시외버스 모바일", "usage": 2},
			{"appName": "Paco", "usage": 2},
			{"appName": "카메라", "usage": 1},
			{"appName": "전화", "usage": 1},
			{"appName": "Polar Beat", "usage": 1}
		],
		"keys": [
			{"hour": "0", "usage": 4},
			{"hour": "1", "usage": 28},
			{"hour": "2", "usage": 10},
			{"hour": "3", "usage": 10},
			{"hour": "4", "usage": 8},
			{"hour": "5", "usage": 7},
			{"hour": "6", "usage": 0},
			{"hour": "7", "usage": 12},
			{"hour": "8", "usage": 37},
			{"hour": "9", "usage": 14},
			{"hour": "10", "usage": 3},
			{"hour": "11", "usage": 10},
			{"hour": "12", "usage": 0},
			{"hour": "13", "usage": 1},
			{"hour": "14", "usage": 19},
			{"hour": "15", "usage": 1},
			{"hour": "16", "usage": 27},
			{"hour": "17", "usage": 4},
			{"hour": "18", "usage": 27},
			{"hour": "19", "usage": 1},
			{"hour": "20", "usage": 0},
			{"hour": "21", "usage": 0},
			{"hour": "22", "usage": 0},
			{"hour": "23", "usage": 0}
		]
	},
	{
		"date": 5,
		"totalTime": 454,
		"details": [
			{"appName": "YouTube", "usage": 186},
			{"appName": "Duel Links", "usage": 46},
			{"appName": "Facebook", "usage": 44},
			{"appName": "카카오톡", "usage": 42},
			{"appName": "네이버 웹툰", "usage": 30},
			{"appName": "히어로칸타레", "usage": 16},
			{"appName": "One UI 홈", "usage": 16},
			{"appName": "시계", "usage": 15},
			{"appName": "벅스", "usage": 9},
			{"appName": "계산기", "usage": 7},
			{"appName": "NAVER", "usage": 7},
			{"appName": "Chrome", "usage": 7},
			{"appName": "시외버스 모바일", "usage": 6},
			{"appName": "통화", "usage": 4},
			{"appName": "Paco", "usage": 4},
			{"appName": "Samsung Notes", "usage": 3},
			{"appName": "카카오 T", "usage": 1}
		],
		"keys": [
			{"hour": "0", "usage": 1},
			{"hour": "1", "usage": 17},
			{"hour": "2", "usage": 36},
			{"hour": "3", "usage": 13},
			{"hour": "4", "usage": 50},
			{"hour": "5", "usage": 54},
			{"hour": "6", "usage": 56},
			{"hour": "7", "usage": 30},
			{"hour": "8", "usage": 12},
			{"hour": "9", "usage": 9},
			{"hour": "10", "usage": 0},
			{"hour": "11", "usage": 1},
			{"hour": "12", "usage": 2},
			{"hour": "13", "usage": 6},
			{"hour": "14", "usage": 25},
			{"hour": "15", "usage": 7},
			{"hour": "16", "usage": 24},
			{"hour": "17", "usage": 53},
			{"hour": "18", "usage": 30},
			{"hour": "19", "usage": 0},
			{"hour": "20", "usage": 0},
			{"hour": "21", "usage": 0},
			{"hour": "22", "usage": 1},
			{"hour": "23", "usage": 19}
		]
	},
	{
		"date": 6,
		"totalTime": 584,
		"details": [
			{"appName": "Duel Links", "usage": 169},
			{"appName": "YouTube", "usage": 134},
			{"appName": "Facebook", "usage": 76},
			{"appName": "네이버 웹툰", "usage": 42},
			{"appName": "히어로칸타레", "usage": 35},
			{"appName": "카카오톡", "usage": 32},
			{"appName": "Chrome", "usage": 18},
			{"appName": "통화", "usage": 17},
			{"appName": "시계", "usage": 10},
			{"appName": "One UI 홈", "usage": 10},
			{"appName": "NAVER", "usage": 7},
			{"appName": "드라이브", "usage": 6},
			{"appName": "계산기", "usage": 6},
			{"appName": "Paco", "usage": 4},
			{"appName": "메시지", "usage": 3},
			{"appName": "벅스", "usage": 1},
			{"appName": "Polar Beat", "usage": 1}
		],
		"keys": [
			{"hour": "0", "usage": 1},
			{"hour": "1", "usage": 33},
			{"hour": "2", "usage": 59},
			{"hour": "3", "usage": 31},
			{"hour": "4", "usage": 9},
			{"hour": "5", "usage": 11},
			{"hour": "6", "usage": 2},
			{"hour": "7", "usage": 57},
			{"hour": "8", "usage": 42},
			{"hour": "9", "usage": 42},
			{"hour": "10", "usage": 22},
			{"hour": "11", "usage": 17},
			{"hour": "12", "usage": 57},
			{"hour": "13", "usage": 38},
			{"hour": "14", "usage": 18},
			{"hour": "15", "usage": 15},
			{"hour": "16", "usage": 54},
			{"hour": "17", "usage": 33},
			{"hour": "18", "usage": 24},
			{"hour": "19", "usage": 0},
			{"hour": "20", "usage": 0},
			{"hour": "21", "usage": 0},
			{"hour": "22", "usage": 9},
			{"hour": "23", "usage": 1}
		]
	},
	{
		"date": 7,
		"totalTime": 257,
		"details": [
			{"appName": "Facebook", "usage": 58},
			{"appName": "Duel Links", "usage": 46},
			{"appName": "카카오톡", "usage": 41},
			{"appName": "YouTube", "usage": 22},
			{"appName": "히어로칸타레", "usage": 17},
			{"appName": "Chrome", "usage": 16},
			{"appName": "NAVER", "usage": 12},
			{"appName": "One UI 홈", "usage": 10},
			{"appName": "메시지", "usage": 7},
			{"appName": "통화", "usage": 6},
			{"appName": "Paco", "usage": 4},
			{"appName": "Samsung Notes", "usage": 3},
			{"appName": "네이버 웹툰", "usage": 2},
			{"appName": "드라이브", "usage": 1}
		],
		"keys": [
			{"hour": "0", "usage": 0},
			{"hour": "1", "usage": 8},
			{"hour": "2", "usage": 8},
			{"hour": "3", "usage": 41},
			{"hour": "4", "usage": 2},
			{"hour": "5", "usage": 14},
			{"hour": "6", "usage": 22},
			{"hour": "7", "usage": 12},
			{"hour": "8", "usage": 49},
			{"hour": "9", "usage": 25},
			{"hour": "10", "usage": 2},
			{"hour": "11", "usage": 22},
			{"hour": "12", "usage": 47},
			{"hour": "13", "usage": 0},
			{"hour": "14", "usage": 0},
			{"hour": "15", "usage": 0},
			{"hour": "16", "usage": 0},
			{"hour": "17", "usage": 0},
			{"hour": "18", "usage": 0},
			{"hour": "19", "usage": 0},
			{"hour": "20", "usage": 0},
			{"hour": "21", "usage": 0},
			{"hour": "22", "usage": 0},
			{"hour": "23", "usage": 0}
		]
	}
]
