[
	{
		"date": 1,
		"totalTime": 145,
		"details": [
			{"appName": "MLB9이닝스19", "usage": 30},
			{"appName": "Instagram", "usage": 26},
			{"appName": "카카오톡", "usage": 11},
			{"appName": "YouTube", "usage": 11},
			{"appName": "Samsung Experience 홈", "usage": 9},
			{"appName": "Polar Beat", "usage": 8},
			{"appName": "Facebook", "usage": 8},
			{"appName": "Paco", "usage": 6},
			{"appName": "시외버스 모바일", "usage": 5},
			{"appName": "Chrome", "usage": 4},
			{"appName": "CYBOS Touch", "usage": 4},
			{"appName": "Melon", "usage": 3},
			{"appName": "Logger", "usage": 3},
			{"appName": "설정", "usage": 2},
			{"appName": "Galaxy Buds", "usage": 2},
			{"appName": "캘린더", "usage": 1},
			{"appName": "NAVER", "usage": 1},
			{"appName": "At Bat", "usage": 1}
		],
		"keys": [
			{"hour": "0", "usage": 24},
			{"hour": "1", "usage": 6},
			{"hour": "2", "usage": 11},
			{"hour": "3", "usage": 31},
			{"hour": "4", "usage": 7},
			{"hour": "5", "usage": 2},
			{"hour": "6", "usage": 1},
			{"hour": "7", "usage": 4},
			{"hour": "8", "usage": 7},
			{"hour": "9", "usage": 5},
			{"hour": "10", "usage": 1},
			{"hour": "11", "usage": 1},
			{"hour": "12", "usage": 7},
			{"hour": "13", "usage": 12},
			{"hour": "14", "usage": 3},
			{"hour": "15", "usage": 15},
			{"hour": "16", "usage": 0},
			{"hour": "17", "usage": 0},
			{"hour": "18", "usage": 0},
			{"hour": "19", "usage": 0},
			{"hour": "20", "usage": 0},
			{"hour": "21", "usage": 0},
			{"hour": "22", "usage": 0},
			{"hour": "23", "usage": 0}
		]
	},
	{
		"date": 2,
		"totalTime": 143,
		"details": [
			{"appName": "Instagram", "usage": 39},
			{"appName": "YouTube", "usage": 30},
			{"appName": "Facebook", "usage": 21},
			{"appName": "카카오톡", "usage": 13},
			{"appName": "Samsung Experience 홈", "usage": 9},
			{"appName": "Paco", "usage": 6},
			{"appName": "CYBOS Touch", "usage": 4},
			{"appName": "카카오 T", "usage": 2},
			{"appName": "카메라", "usage": 2},
			{"appName": "Polar Beat", "usage": 2},
			{"appName": "NAVER", "usage": 2},
			{"appName": "전화", "usage": 1},
			{"appName": "설정", "usage": 1},
			{"appName": "Melon", "usage": 1}
		],
		"keys": [
			{"hour": "0", "usage": 16},
			{"hour": "1", "usage": 9},
			{"hour": "2", "usage": 0},
			{"hour": "3", "usage": 3},
			{"hour": "4", "usage": 7},
			{"hour": "5", "usage": 4},
			{"hour": "6", "usage": 0},
			{"hour": "7", "usage": 6},
			{"hour": "8", "usage": 0},
			{"hour": "9", "usage": 4},
			{"hour": "10", "usage": 8},
			{"hour": "11", "usage": 1},
			{"hour": "12", "usage": 6},
			{"hour": "13", "usage": 3},
			{"hour": "14", "usage": 16},
			{"hour": "15", "usage": 17},
			{"hour": "16", "usage": 0},
			{"hour": "17", "usage": 0},
			{"hour": "18", "usage": 0},
			{"hour": "19", "usage": 0},
			{"hour": "20", "usage": 0},
			{"hour": "21", "usage": 0},
			{"hour": "22", "usage": 22},
			{"hour": "23", "usage": 12}
		]
	},
	{
		"date": 3,
		"totalTime": 1437,
		"details": [
			{"appName": "Netflix", "usage": 1432},
			{"appName": "카카오톡", "usage": 1},
			{"appName": "시외버스 모바일", "usage": 1}
		],
		"keys": [
			{"hour": "0", "usage": 42},
			{"hour": "1", "usage": 0},
			{"hour": "2", "usage": 0},
			{"hour": "3", "usage": 0},
			{"hour": "4", "usage": 0},
			{"hour": "5", "usage": 0},
			{"hour": "6", "usage": 0},
			{"hour": "7", "usage": 0},
			{"hour": "8", "usage": 0},
			{"hour": "9", "usage": 0},
			{"hour": "10", "usage": 0},
			{"hour": "11", "usage": 0},
			{"hour": "12", "usage": 0},
			{"hour": "13", "usage": 0},
			{"hour": "14", "usage": 0},
			{"hour": "15", "usage": 0},
			{"hour": "16", "usage": 0},
			{"hour": "17", "usage": 0},
			{"hour": "18", "usage": 0},
			{"hour": "19", "usage": 0},
			{"hour": "20", "usage": 0},
			{"hour": "21", "usage": 0},
			{"hour": "22", "usage": 0},
			{"hour": "23", "usage": 0}
		]
	},
	{
		"date": 4,
		"totalTime": 0,
		"details": [
		],
		"keys": [
			{"hour": "0", "usage": 0},
			{"hour": "1", "usage": 0},
			{"hour": "2", "usage": 0},
			{"hour": "3", "usage": 0},
			{"hour": "4", "usage": 0},
			{"hour": "5", "usage": 0},
			{"hour": "6", "usage": 0},
			{"hour": "7", "usage": 0},
			{"hour": "8", "usage": 0},
			{"hour": "9", "usage": 0},
			{"hour": "10", "usage": 0},
			{"hour": "11", "usage": 0},
			{"hour": "12", "usage": 0},
			{"hour": "13", "usage": 0},
			{"hour": "14", "usage": 0},
			{"hour": "15", "usage": 0},
			{"hour": "16", "usage": 0},
			{"hour": "17", "usage": 0},
			{"hour": "18", "usage": 0},
			{"hour": "19", "usage": 0},
			{"hour": "20", "usage": 0},
			{"hour": "21", "usage": 0},
			{"hour": "22", "usage": 0},
			{"hour": "23", "usage": 0}
		]
	},
	{
		"date": 5,
		"totalTime": 333,
		"details": [
			{"appName": "ABC Logger", "usage": 189},
			{"appName": "Chrome", "usage": 42},
			{"appName": "YouTube", "usage": 24},
			{"appName": "Facebook", "usage": 18},
			{"appName": "카카오톡", "usage": 12},
			{"appName": "Bleacher Report", "usage": 12},
			{"appName": "Instagram", "usage": 11},
			{"appName": "Samsung Experience 홈", "usage": 6},
			{"appName": "CYBOS Touch", "usage": 6},
			{"appName": "Paco", "usage": 5},
			{"appName": "NAVER", "usage": 1}
		],
		"keys": [
			{"hour": "0", "usage": 60},
			{"hour": "1", "usage": 60},
			{"hour": "2", "usage": 60},
			{"hour": "3", "usage": 10},
			{"hour": "4", "usage": 9},
			{"hour": "5", "usage": 0},
			{"hour": "6", "usage": 9},
			{"hour": "7", "usage": 2},
			{"hour": "8", "usage": 15},
			{"hour": "9", "usage": 4},
			{"hour": "10", "usage": 5},
			{"hour": "11", "usage": 3},
			{"hour": "12", "usage": 3},
			{"hour": "13", "usage": 1},
			{"hour": "14", "usage": 0},
			{"hour": "15", "usage": 22},
			{"hour": "16", "usage": 18},
			{"hour": "17", "usage": 44},
			{"hour": "18", "usage": 0},
			{"hour": "19", "usage": 0},
			{"hour": "20", "usage": 0},
			{"hour": "21", "usage": 0},
			{"hour": "22", "usage": 0},
			{"hour": "23", "usage": 0}
		]
	},
	{
		"date": 6,
		"totalTime": 255,
		"details": [
			{"appName": "YouTube", "usage": 84},
			{"appName": "Instagram", "usage": 48},
			{"appName": "Bleacher Report", "usage": 32},
			{"appName": "카카오톡", "usage": 28},
			{"appName": "Facebook", "usage": 12},
			{"appName": "CYBOS Touch", "usage": 9},
			{"appName": "NAVER", "usage": 7},
			{"appName": "Melon", "usage": 7},
			{"appName": "Samsung Experience 홈", "usage": 6},
			{"appName": "Chrome", "usage": 6},
			{"appName": "Paco", "usage": 3},
			{"appName": "캘린더", "usage": 1},
			{"appName": "시스템 UI", "usage": 1},
			{"appName": "설정", "usage": 1}
		],
		"keys": [
			{"hour": "0", "usage": 41},
			{"hour": "1", "usage": 6},
			{"hour": "2", "usage": 2},
			{"hour": "3", "usage": 1},
			{"hour": "4", "usage": 4},
			{"hour": "5", "usage": 7},
			{"hour": "6", "usage": 1},
			{"hour": "7", "usage": 0},
			{"hour": "8", "usage": 0},
			{"hour": "9", "usage": 17},
			{"hour": "10", "usage": 3},
			{"hour": "11", "usage": 13},
			{"hour": "12", "usage": 2},
			{"hour": "13", "usage": 17},
			{"hour": "14", "usage": 49},
			{"hour": "15", "usage": 17},
			{"hour": "16", "usage": 27},
			{"hour": "17", "usage": 0},
			{"hour": "18", "usage": 0},
			{"hour": "19", "usage": 0},
			{"hour": "20", "usage": 0},
			{"hour": "21", "usage": 0},
			{"hour": "22", "usage": 9},
			{"hour": "23", "usage": 30}
		]
	},
	{
		"date": 7,
		"totalTime": 114,
		"details": [
			{"appName": "카카오톡", "usage": 21},
			{"appName": "네이버TV", "usage": 19},
			{"appName": "CYBOS Touch", "usage": 19},
			{"appName": "YouTube", "usage": 8},
			{"appName": "Samsung Experience 홈", "usage": 8},
			{"appName": "NAVER", "usage": 8},
			{"appName": "Facebook", "usage": 8},
			{"appName": "Paco", "usage": 3},
			{"appName": "Instagram", "usage": 3},
			{"appName": "Bleacher Report", "usage": 3},
			{"appName": "NBA", "usage": 2},
			{"appName": "시스템 UI", "usage": 1},
			{"appName": "Melon", "usage": 1}
		],
		"keys": [
			{"hour": "0", "usage": 26},
			{"hour": "1", "usage": 30},
			{"hour": "2", "usage": 1},
			{"hour": "3", "usage": 7},
			{"hour": "4", "usage": 0},
			{"hour": "5", "usage": 0},
			{"hour": "6", "usage": 8},
			{"hour": "7", "usage": 3},
			{"hour": "8", "usage": 3},
			{"hour": "9", "usage": 2},
			{"hour": "10", "usage": 4},
			{"hour": "11", "usage": 0},
			{"hour": "12", "usage": 6},
			{"hour": "13", "usage": 16},
			{"hour": "14", "usage": 0},
			{"hour": "15", "usage": 0},
			{"hour": "16", "usage": 0},
			{"hour": "17", "usage": 0},
			{"hour": "18", "usage": 0},
			{"hour": "19", "usage": 0},
			{"hour": "20", "usage": 0},
			{"hour": "21", "usage": 0},
			{"hour": "22", "usage": 0},
			{"hour": "23", "usage": 0}
		]
	}
]
