[
	{
		"date": 1,
		"totalTime": 315,
		"details": [
			{"appName": "Netflix", "usage": 75},
			{"appName": "카카오톡", "usage": 55},
			{"appName": "Instagram", "usage": 47},
			{"appName": "Samsung Experience 홈", "usage": 40},
			{"appName": "YouTube", "usage": 35},
			{"appName": "FocusMore", "usage": 23},
			{"appName": "삼성 인터넷", "usage": 9},
			{"appName": "Polar Beat", "usage": 7},
			{"appName": "Paco", "usage": 5},
			{"appName": "메시지", "usage": 3},
			{"appName": "연락처", "usage": 2},
			{"appName": "설정", "usage": 2},
			{"appName": "전화", "usage": 1},
			{"appName": "갤러리", "usage": 1}
		],
		"keys": [
			{"hour": "0", "usage": 3},
			{"hour": "1", "usage": 17},
			{"hour": "2", "usage": 30},
			{"hour": "3", "usage": 30},
			{"hour": "4", "usage": 36},
			{"hour": "5", "usage": 4},
			{"hour": "6", "usage": 4},
			{"hour": "7", "usage": 13},
			{"hour": "8", "usage": 33},
			{"hour": "9", "usage": 28},
			{"hour": "10", "usage": 1},
			{"hour": "11", "usage": 12},
			{"hour": "12", "usage": 18},
			{"hour": "13", "usage": 9},
			{"hour": "14", "usage": 2},
			{"hour": "15", "usage": 13},
			{"hour": "16", "usage": 26},
			{"hour": "17", "usage": 21},
			{"hour": "18", "usage": 0},
			{"hour": "19", "usage": 0},
			{"hour": "20", "usage": 0},
			{"hour": "21", "usage": 0},
			{"hour": "22", "usage": 10},
			{"hour": "23", "usage": 0}
		]
	},
	{
		"date": 2,
		"totalTime": 677,
		"details": [
			{"appName": "Netflix", "usage": 184},
			{"appName": "카카오톡", "usage": 115},
			{"appName": "YouTube", "usage": 94},
			{"appName": "Instagram", "usage": 85},
			{"appName": "Samsung Experience 홈", "usage": 41},
			{"appName": "메시지", "usage": 38},
			{"appName": "FocusMore", "usage": 37},
			{"appName": "삼성 인터넷", "usage": 34},
			{"appName": "Google Play 스토어", "usage": 11},
			{"appName": "설정", "usage": 8},
			{"appName": "SR 고속열차", "usage": 6},
			{"appName": "Paco", "usage": 4},
			{"appName": "밥대생", "usage": 2},
			{"appName": "Polar Beat", "usage": 2},
			{"appName": "코레일톡", "usage": 1},
			{"appName": "시스템 UI", "usage": 1},
			{"appName": "시계", "usage": 1},
			{"appName": "U+ 고객센터", "usage": 1}
		],
		"keys": [
			{"hour": "0", "usage": 8},
			{"hour": "1", "usage": 10},
			{"hour": "2", "usage": 21},
			{"hour": "3", "usage": 19},
			{"hour": "4", "usage": 45},
			{"hour": "5", "usage": 38},
			{"hour": "6", "usage": 11},
			{"hour": "7", "usage": 34},
			{"hour": "8", "usage": 43},
			{"hour": "9", "usage": 49},
			{"hour": "10", "usage": 40},
			{"hour": "11", "usage": 56},
			{"hour": "12", "usage": 36},
			{"hour": "13", "usage": 59},
			{"hour": "14", "usage": 59},
			{"hour": "15", "usage": 59},
			{"hour": "16", "usage": 59},
			{"hour": "17", "usage": 5},
			{"hour": "18", "usage": 0},
			{"hour": "19", "usage": 0},
			{"hour": "20", "usage": 0},
			{"hour": "21", "usage": 0},
			{"hour": "22", "usage": 0},
			{"hour": "23", "usage": 15}
		]
	},
	{
		"date": 3,
		"totalTime": 502,
		"details": [
			{"appName": "YouTube", "usage": 151},
			{"appName": "Instagram", "usage": 122},
			{"appName": "카카오톡", "usage": 53},
			{"appName": "삼성 인터넷", "usage": 39},
			{"appName": "Netflix", "usage": 35},
			{"appName": "시계", "usage": 28},
			{"appName": "전화", "usage": 24},
			{"appName": "Samsung Experience 홈", "usage": 14},
			{"appName": "코레일톡", "usage": 7},
			{"appName": "카카오버스", "usage": 6},
			{"appName": "Paco", "usage": 3},
			{"appName": "설정", "usage": 2},
			{"appName": "FocusMore", "usage": 2},
			{"appName": "U+ 고객센터", "usage": 1},
			{"appName": "SR 고속열차", "usage": 1},
			{"appName": "Polar Beat", "usage": 1}
		],
		"keys": [
			{"hour": "0", "usage": 54},
			{"hour": "1", "usage": 24},
			{"hour": "2", "usage": 0},
			{"hour": "3", "usage": 23},
			{"hour": "4", "usage": 47},
			{"hour": "5", "usage": 38},
			{"hour": "6", "usage": 56},
			{"hour": "7", "usage": 1},
			{"hour": "8", "usage": 5},
			{"hour": "9", "usage": 9},
			{"hour": "10", "usage": 10},
			{"hour": "11", "usage": 4},
			{"hour": "12", "usage": 9},
			{"hour": "13", "usage": 36},
			{"hour": "14", "usage": 46},
			{"hour": "15", "usage": 7},
			{"hour": "16", "usage": 43},
			{"hour": "17", "usage": 0},
			{"hour": "18", "usage": 0},
			{"hour": "19", "usage": 0},
			{"hour": "20", "usage": 0},
			{"hour": "21", "usage": 0},
			{"hour": "22", "usage": 36},
			{"hour": "23", "usage": 45}
		]
	},
	{
		"date": 4,
		"totalTime": 404,
		"details": [
			{"appName": "카카오톡", "usage": 98},
			{"appName": "Instagram", "usage": 79},
			{"appName": "YouTube", "usage": 49},
			{"appName": "삼성 인터넷", "usage": 46},
			{"appName": "Netflix", "usage": 44},
			{"appName": "이랜드몰", "usage": 39},
			{"appName": "Samsung Experience 홈", "usage": 9},
			{"appName": "카카오버스", "usage": 5},
			{"appName": "Paco", "usage": 5},
			{"appName": "FocusMore", "usage": 5},
			{"appName": "전화", "usage": 3},
			{"appName": "설정", "usage": 3},
			{"appName": "Polar Beat", "usage": 2},
			{"appName": "쿠팡", "usage": 1},
			{"appName": "지하철종결자", "usage": 1},
			{"appName": "밥대생", "usage": 1},
			{"appName": "메시지", "usage": 1}
		],
		"keys": [
			{"hour": "0", "usage": 2},
			{"hour": "1", "usage": 49},
			{"hour": "2", "usage": 26},
			{"hour": "3", "usage": 2},
			{"hour": "4", "usage": 6},
			{"hour": "5", "usage": 13},
			{"hour": "6", "usage": 39},
			{"hour": "7", "usage": 0},
			{"hour": "8", "usage": 3},
			{"hour": "9", "usage": 2},
			{"hour": "10", "usage": 38},
			{"hour": "11", "usage": 39},
			{"hour": "12", "usage": 45},
			{"hour": "13", "usage": 17},
			{"hour": "14", "usage": 28},
			{"hour": "15", "usage": 58},
			{"hour": "16", "usage": 29},
			{"hour": "17", "usage": 0},
			{"hour": "18", "usage": 0},
			{"hour": "19", "usage": 0},
			{"hour": "20", "usage": 0},
			{"hour": "21", "usage": 0},
			{"hour": "22", "usage": 0},
			{"hour": "23", "usage": 0}
		]
	},
	{
		"date": 5,
		"totalTime": 321,
		"details": [
			{"appName": "카카오톡", "usage": 77},
			{"appName": "Instagram", "usage": 60},
			{"appName": "YouTube", "usage": 59},
			{"appName": "Samsung Experience 홈", "usage": 31},
			{"appName": "삼성 인터넷", "usage": 18},
			{"appName": "FocusMore", "usage": 16},
			{"appName": "전화", "usage": 12},
			{"appName": "메시지", "usage": 12},
			{"appName": "Netflix", "usage": 12},
			{"appName": "Paco", "usage": 4},
			{"appName": "갤러리", "usage": 3},
			{"appName": "쿠팡", "usage": 2},
			{"appName": "밥대생", "usage": 2},
			{"appName": "카메라", "usage": 1},
			{"appName": "원터치개인", "usage": 1},
			{"appName": "ABC Logger", "usage": 1}
		],
		"keys": [
			{"hour": "0", "usage": 20},
			{"hour": "1", "usage": 22},
			{"hour": "2", "usage": 24},
			{"hour": "3", "usage": 10},
			{"hour": "4", "usage": 1},
			{"hour": "5", "usage": 3},
			{"hour": "6", "usage": 9},
			{"hour": "7", "usage": 25},
			{"hour": "8", "usage": 22},
			{"hour": "9", "usage": 20},
			{"hour": "10", "usage": 28},
			{"hour": "11", "usage": 6},
			{"hour": "12", "usage": 22},
			{"hour": "13", "usage": 19},
			{"hour": "14", "usage": 19},
			{"hour": "15", "usage": 49},
			{"hour": "16", "usage": 8},
			{"hour": "17", "usage": 0},
			{"hour": "18", "usage": 0},
			{"hour": "19", "usage": 0},
			{"hour": "20", "usage": 0},
			{"hour": "21", "usage": 0},
			{"hour": "22", "usage": 5},
			{"hour": "23", "usage": 0}
		]
	},
	{
		"date": 6,
		"totalTime": 500,
		"details": [
			{"appName": "YouTube", "usage": 165},
			{"appName": "Instagram", "usage": 102},
			{"appName": "카카오톡", "usage": 67},
			{"appName": "전화", "usage": 49},
			{"appName": "Netflix", "usage": 46},
			{"appName": "Samsung Experience 홈", "usage": 16},
			{"appName": "삼성 인터넷", "usage": 14},
			{"appName": "메시지", "usage": 14},
			{"appName": "Paco", "usage": 5},
			{"appName": "FocusMore", "usage": 4},
			{"appName": "원터치개인", "usage": 2},
			{"appName": "설정", "usage": 2},
			{"appName": "밥대생", "usage": 2},
			{"appName": "Polar Beat", "usage": 2},
			{"appName": "갤러리", "usage": 1}
		],
		"keys": [
			{"hour": "0", "usage": 0},
			{"hour": "1", "usage": 37},
			{"hour": "2", "usage": 39},
			{"hour": "3", "usage": 23},
			{"hour": "4", "usage": 2},
			{"hour": "5", "usage": 10},
			{"hour": "6", "usage": 10},
			{"hour": "7", "usage": 20},
			{"hour": "8", "usage": 41},
			{"hour": "9", "usage": 34},
			{"hour": "10", "usage": 22},
			{"hour": "11", "usage": 59},
			{"hour": "12", "usage": 17},
			{"hour": "13", "usage": 19},
			{"hour": "14", "usage": 35},
			{"hour": "15", "usage": 46},
			{"hour": "16", "usage": 50},
			{"hour": "17", "usage": 27},
			{"hour": "18", "usage": 0},
			{"hour": "19", "usage": 0},
			{"hour": "20", "usage": 0},
			{"hour": "21", "usage": 0},
			{"hour": "22", "usage": 0},
			{"hour": "23", "usage": 0}
		]
	},
	{
		"date": 7,
		"totalTime": 377,
		"details": [
			{"appName": "카카오톡", "usage": 91},
			{"appName": "Instagram", "usage": 71},
			{"appName": "Netflix", "usage": 57},
			{"appName": "FocusMore", "usage": 33},
			{"appName": "YouTube", "usage": 28},
			{"appName": "시계", "usage": 26},
			{"appName": "삼성 인터넷", "usage": 20},
			{"appName": "쿠팡", "usage": 14},
			{"appName": "Samsung Experience 홈", "usage": 11},
			{"appName": "Paco", "usage": 4},
			{"appName": "전화", "usage": 3},
			{"appName": "메시지", "usage": 3},
			{"appName": "연락처", "usage": 1},
			{"appName": "설정", "usage": 1},
			{"appName": "밥대생", "usage": 1},
			{"appName": "Polar Beat", "usage": 1}
		],
		"keys": [
			{"hour": "0", "usage": 18},
			{"hour": "1", "usage": 8},
			{"hour": "2", "usage": 15},
			{"hour": "3", "usage": 43},
			{"hour": "4", "usage": 29},
			{"hour": "5", "usage": 11},
			{"hour": "6", "usage": 21},
			{"hour": "7", "usage": 10},
			{"hour": "8", "usage": 1},
			{"hour": "9", "usage": 2},
			{"hour": "10", "usage": 27},
			{"hour": "11", "usage": 37},
			{"hour": "12", "usage": 15},
			{"hour": "13", "usage": 18},
			{"hour": "14", "usage": 59},
			{"hour": "15", "usage": 46},
			{"hour": "16", "usage": 0},
			{"hour": "17", "usage": 0},
			{"hour": "18", "usage": 0},
			{"hour": "19", "usage": 0},
			{"hour": "20", "usage": 0},
			{"hour": "21", "usage": 0},
			{"hour": "22", "usage": 0},
			{"hour": "23", "usage": 10}
		]
	}
]
