[
	{
		"date": 1,
		"totalTime": 481,
		"details": [
			{"appName": "피망 뉴맞고", "usage": 112},
			{"appName": "YouTube", "usage": 102},
			{"appName": "Chrome", "usage": 62},
			{"appName": "카카오톡", "usage": 52},
			{"appName": "Samsung Experience 홈", "usage": 28},
			{"appName": "메시지", "usage": 25},
			{"appName": "T전화", "usage": 16},
			{"appName": "카카오맵", "usage": 10},
			{"appName": "쏘카", "usage": 9},
			{"appName": "시외버스 모바일", "usage": 8},
			{"appName": "똑똑가계부", "usage": 7},
			{"appName": "Paco", "usage": 7},
			{"appName": "캘린더", "usage": 5},
			{"appName": "Polar Beat", "usage": 5},
			{"appName": "지하철종결자", "usage": 3},
			{"appName": "알파카", "usage": 3},
			{"appName": "드라이브", "usage": 3},
			{"appName": "Adobe Acrobat", "usage": 3},
			{"appName": "한컴오피스 viewer", "usage": 2},
			{"appName": "나무위키뷰어", "usage": 2},
			{"appName": "카메라", "usage": 1},
			{"appName": "설정", "usage": 1}
		],
		"keys": [
			{"hour": "0", "usage": 24},
			{"hour": "1", "usage": 43},
			{"hour": "2", "usage": 58},
			{"hour": "3", "usage": 45},
			{"hour": "4", "usage": 35},
			{"hour": "5", "usage": 26},
			{"hour": "6", "usage": 20},
			{"hour": "7", "usage": 10},
			{"hour": "8", "usage": 0},
			{"hour": "9", "usage": 28},
			{"hour": "10", "usage": 50},
			{"hour": "11", "usage": 12},
			{"hour": "12", "usage": 8},
			{"hour": "13", "usage": 17},
			{"hour": "14", "usage": 16},
			{"hour": "15", "usage": 44},
			{"hour": "16", "usage": 0},
			{"hour": "17", "usage": 0},
			{"hour": "18", "usage": 0},
			{"hour": "19", "usage": 0},
			{"hour": "20", "usage": 0},
			{"hour": "21", "usage": 0},
			{"hour": "22", "usage": 17},
			{"hour": "23", "usage": 22}
		]
	},
	{
		"date": 2,
		"totalTime": 510,
		"details": [
			{"appName": "Chrome", "usage": 135},
			{"appName": "YouTube", "usage": 124},
			{"appName": "한컴오피스 viewer", "usage": 60},
			{"appName": "카카오톡", "usage": 55},
			{"appName": "피망 뉴맞고", "usage": 49},
			{"appName": "T전화", "usage": 29},
			{"appName": "One UI 홈", "usage": 14},
			{"appName": "나무위키뷰어", "usage": 8},
			{"appName": "PowerPoint", "usage": 6},
			{"appName": "똑똑가계부", "usage": 5},
			{"appName": "메시지", "usage": 4},
			{"appName": "Paco", "usage": 4},
			{"appName": "지하철종결자", "usage": 2},
			{"appName": "토스", "usage": 1},
			{"appName": "캘린더", "usage": 1},
			{"appName": "카카오맵", "usage": 1},
			{"appName": "Word", "usage": 1},
			{"appName": "Excel", "usage": 1}
		],
		"keys": [
			{"hour": "0", "usage": 41},
			{"hour": "1", "usage": 4},
			{"hour": "2", "usage": 2},
			{"hour": "3", "usage": 17},
			{"hour": "4", "usage": 19},
			{"hour": "5", "usage": 18},
			{"hour": "6", "usage": 9},
			{"hour": "7", "usage": 18},
			{"hour": "8", "usage": 12},
			{"hour": "9", "usage": 30},
			{"hour": "10", "usage": 32},
			{"hour": "11", "usage": 8},
			{"hour": "12", "usage": 15},
			{"hour": "13", "usage": 45},
			{"hour": "14", "usage": 53},
			{"hour": "15", "usage": 59},
			{"hour": "16", "usage": 16},
			{"hour": "17", "usage": 0},
			{"hour": "18", "usage": 0},
			{"hour": "19", "usage": 0},
			{"hour": "20", "usage": 0},
			{"hour": "21", "usage": 54},
			{"hour": "22", "usage": 11},
			{"hour": "23", "usage": 34}
		]
	},
	{
		"date": 3,
		"totalTime": 182,
		"details": [
			{"appName": "Chrome", "usage": 41},
			{"appName": "YouTube", "usage": 36},
			{"appName": "카카오톡", "usage": 25},
			{"appName": "One UI 홈", "usage": 19},
			{"appName": "캘린더", "usage": 10},
			{"appName": "한컴오피스 viewer", "usage": 7},
			{"appName": "Adobe Acrobat", "usage": 6},
			{"appName": "피망 뉴맞고", "usage": 5},
			{"appName": "카카오맵", "usage": 4},
			{"appName": "메시지", "usage": 4},
			{"appName": "Paco", "usage": 4},
			{"appName": "Polar Beat", "usage": 3},
			{"appName": "위키백과", "usage": 2},
			{"appName": "나무위키뷰어", "usage": 2},
			{"appName": "삼성 인터넷", "usage": 1},
			{"appName": "똑똑가계부", "usage": 1},
			{"appName": "T전화", "usage": 1}
		],
		"keys": [
			{"hour": "0", "usage": 30},
			{"hour": "1", "usage": 16},
			{"hour": "2", "usage": 10},
			{"hour": "3", "usage": 4},
			{"hour": "4", "usage": 15},
			{"hour": "5", "usage": 0},
			{"hour": "6", "usage": 7},
			{"hour": "7", "usage": 2},
			{"hour": "8", "usage": 7},
			{"hour": "9", "usage": 23},
			{"hour": "10", "usage": 0},
			{"hour": "11", "usage": 0},
			{"hour": "12", "usage": 2},
			{"hour": "13", "usage": 8},
			{"hour": "14", "usage": 15},
			{"hour": "15", "usage": 37},
			{"hour": "16", "usage": 0},
			{"hour": "17", "usage": 0},
			{"hour": "18", "usage": 0},
			{"hour": "19", "usage": 0},
			{"hour": "20", "usage": 0},
			{"hour": "21", "usage": 0},
			{"hour": "22", "usage": 0},
			{"hour": "23", "usage": 0}
		]
	},
	{
		"date": 4,
		"totalTime": 483,
		"details": [
			{"appName": "YouTube", "usage": 255},
			{"appName": "Chrome", "usage": 79},
			{"appName": "피망 뉴맞고", "usage": 64},
			{"appName": "카카오톡", "usage": 56},
			{"appName": "One UI 홈", "usage": 9},
			{"appName": "스와이프 벽돌깨기", "usage": 4},
			{"appName": "Paco", "usage": 4},
			{"appName": "나무위키뷰어", "usage": 3},
			{"appName": "카메라", "usage": 2},
			{"appName": "T전화", "usage": 1}
		],
		"keys": [
			{"hour": "0", "usage": 17},
			{"hour": "1", "usage": 57},
			{"hour": "2", "usage": 9},
			{"hour": "3", "usage": 45},
			{"hour": "4", "usage": 21},
			{"hour": "5", "usage": 46},
			{"hour": "6", "usage": 24},
			{"hour": "7", "usage": 11},
			{"hour": "8", "usage": 0},
			{"hour": "9", "usage": 42},
			{"hour": "10", "usage": 32},
			{"hour": "11", "usage": 40},
			{"hour": "12", "usage": 53},
			{"hour": "13", "usage": 50},
			{"hour": "14", "usage": 0},
			{"hour": "15", "usage": 0},
			{"hour": "16", "usage": 0},
			{"hour": "17", "usage": 0},
			{"hour": "18", "usage": 0},
			{"hour": "19", "usage": 0},
			{"hour": "20", "usage": 0},
			{"hour": "21", "usage": 10},
			{"hour": "22", "usage": 0},
			{"hour": "23", "usage": 11}
		]
	},
	{
		"date": 5,
		"totalTime": 793,
		"details": [
			{"appName": "YouTube", "usage": 577},
			{"appName": "카카오톡", "usage": 64},
			{"appName": "One UI 홈", "usage": 37},
			{"appName": "Chrome", "usage": 32},
			{"appName": "피망 뉴맞고", "usage": 27},
			{"appName": "코레일톡", "usage": 9},
			{"appName": "캘린더", "usage": 7},
			{"appName": "카카오맵", "usage": 7},
			{"appName": "고속버스 모바일", "usage": 5},
			{"appName": "지하철종결자", "usage": 4},
			{"appName": "Paco", "usage": 3},
			{"appName": "설정", "usage": 2},
			{"appName": "똑똑가계부", "usage": 2},
			{"appName": "T전화", "usage": 2},
			{"appName": "무한의 계단", "usage": 1},
			{"appName": "국세청 홈택스", "usage": 1}
		],
		"keys": [
			{"hour": "0", "usage": 49},
			{"hour": "1", "usage": 34},
			{"hour": "2", "usage": 31},
			{"hour": "3", "usage": 26},
			{"hour": "4", "usage": 47},
			{"hour": "5", "usage": 50},
			{"hour": "6", "usage": 38},
			{"hour": "7", "usage": 8},
			{"hour": "8", "usage": 26},
			{"hour": "9", "usage": 33},
			{"hour": "10", "usage": 23},
			{"hour": "11", "usage": 9},
			{"hour": "12", "usage": 8},
			{"hour": "13", "usage": 41},
			{"hour": "14", "usage": 59},
			{"hour": "15", "usage": 59},
			{"hour": "16", "usage": 55},
			{"hour": "17", "usage": 57},
			{"hour": "18", "usage": 9},
			{"hour": "19", "usage": 0},
			{"hour": "20", "usage": 0},
			{"hour": "21", "usage": 58},
			{"hour": "22", "usage": 55},
			{"hour": "23", "usage": 7}
		]
	},
	{
		"date": 6,
		"totalTime": 326,
		"details": [
			{"appName": "YouTube", "usage": 126},
			{"appName": "Chrome", "usage": 36},
			{"appName": "One UI 홈", "usage": 31},
			{"appName": "캘린더", "usage": 30},
			{"appName": "카카오톡", "usage": 22},
			{"appName": "메시지", "usage": 15},
			{"appName": "똑똑가계부", "usage": 10},
			{"appName": "Adobe Acrobat", "usage": 7},
			{"appName": "카이스트 버스", "usage": 6},
			{"appName": "지하철종결자", "usage": 5},
			{"appName": "T전화", "usage": 4},
			{"appName": "코레일톡", "usage": 3},
			{"appName": "음성 녹음", "usage": 3},
			{"appName": "알파카", "usage": 3},
			{"appName": "Paco", "usage": 3},
			{"appName": "카카오맵", "usage": 2},
			{"appName": "토스", "usage": 1},
			{"appName": "삼성 인터넷", "usage": 1},
			{"appName": "나무위키뷰어", "usage": 1},
			{"appName": "T멤버십", "usage": 1},
			{"appName": "Smart​Things", "usage": 1}
		],
		"keys": [
			{"hour": "0", "usage": 14},
			{"hour": "1", "usage": 19},
			{"hour": "2", "usage": 17},
			{"hour": "3", "usage": 27},
			{"hour": "4", "usage": 5},
			{"hour": "5", "usage": 9},
			{"hour": "6", "usage": 5},
			{"hour": "7", "usage": 19},
			{"hour": "8", "usage": 20},
			{"hour": "9", "usage": 19},
			{"hour": "10", "usage": 5},
			{"hour": "11", "usage": 7},
			{"hour": "12", "usage": 3},
			{"hour": "13", "usage": 7},
			{"hour": "14", "usage": 46},
			{"hour": "15", "usage": 20},
			{"hour": "16", "usage": 0},
			{"hour": "17", "usage": 0},
			{"hour": "18", "usage": 0},
			{"hour": "19", "usage": 0},
			{"hour": "20", "usage": 0},
			{"hour": "21", "usage": 0},
			{"hour": "22", "usage": 26},
			{"hour": "23", "usage": 48}
		]
	},
	{
		"date": 7,
		"totalTime": 419,
		"details": [
			{"appName": "YouTube", "usage": 123},
			{"appName": "Chrome", "usage": 67},
			{"appName": "카카오톡", "usage": 53},
			{"appName": "One UI 홈", "usage": 46},
			{"appName": "T전화", "usage": 20},
			{"appName": "메시지", "usage": 18},
			{"appName": "설정", "usage": 15},
			{"appName": "캘린더", "usage": 10},
			{"appName": "SR 고속열차", "usage": 10},
			{"appName": "똑똑가계부", "usage": 8},
			{"appName": "카카오맵", "usage": 7},
			{"appName": "알파카", "usage": 7},
			{"appName": "카카오버스", "usage": 5},
			{"appName": "Google Play 뮤직", "usage": 5},
			{"appName": "코레일톡", "usage": 3},
			{"appName": "Paco", "usage": 2},
			{"appName": "카이스트 버스", "usage": 1},
			{"appName": "빅스비 보이스", "usage": 1}
		],
		"keys": [
			{"hour": "0", "usage": 40},
			{"hour": "1", "usage": 18},
			{"hour": "2", "usage": 18},
			{"hour": "3", "usage": 44},
			{"hour": "4", "usage": 25},
			{"hour": "5", "usage": 16},
			{"hour": "6", "usage": 4},
			{"hour": "7", "usage": 10},
			{"hour": "8", "usage": 12},
			{"hour": "9", "usage": 18},
			{"hour": "10", "usage": 7},
			{"hour": "11", "usage": 13},
			{"hour": "12", "usage": 37},
			{"hour": "13", "usage": 21},
			{"hour": "14", "usage": 19},
			{"hour": "15", "usage": 27},
			{"hour": "16", "usage": 4},
			{"hour": "17", "usage": 0},
			{"hour": "18", "usage": 0},
			{"hour": "19", "usage": 0},
			{"hour": "20", "usage": 0},
			{"hour": "21", "usage": 0},
			{"hour": "22", "usage": 44},
			{"hour": "23", "usage": 32}
		]
	}
]
