[
	{
		"date": 1,
		"totalTime": 1160,
		"details": [
			{"appName": "시스템 UI", "usage": 771},
			{"appName": "Netflix", "usage": 95},
			{"appName": "YouTube", "usage": 65},
			{"appName": "自走棋测试服", "usage": 42},
			{"appName": "삼성 인터넷", "usage": 34},
			{"appName": "카카오톡", "usage": 26},
			{"appName": "붕괴3rd", "usage": 26},
			{"appName": "Samsung Experience 홈", "usage": 18},
			{"appName": "네이버 웹툰", "usage": 15},
			{"appName": "Reddit", "usage": 10},
			{"appName": "네이버 지도", "usage": 8},
			{"appName": "WeChat", "usage": 5},
			{"appName": "Paco", "usage": 5},
			{"appName": "Microsoft Health", "usage": 4},
			{"appName": "카카오스탁", "usage": 3},
			{"appName": "Polar Beat", "usage": 3},
			{"appName": "Gmail", "usage": 3},
			{"appName": "카카오 T", "usage": 2},
			{"appName": "메시지", "usage": 2},
			{"appName": "T전화", "usage": 2},
			{"appName": "Samsung Pay", "usage": 2},
			{"appName": "스카이피플", "usage": 1},
			{"appName": "다나와 가격비교", "usage": 1},
			{"appName": "NAVER", "usage": 1},
			{"appName": "Logger", "usage": 1}
		],
		"keys": [
			{"hour": "0", "usage": 0},
			{"hour": "1", "usage": 27},
			{"hour": "2", "usage": 23},
			{"hour": "3", "usage": 25},
			{"hour": "4", "usage": 37},
			{"hour": "5", "usage": 25},
			{"hour": "6", "usage": 8},
			{"hour": "7", "usage": 42},
			{"hour": "8", "usage": 14},
			{"hour": "9", "usage": 1},
			{"hour": "10", "usage": 47},
			{"hour": "11", "usage": 20},
			{"hour": "12", "usage": 4},
			{"hour": "13", "usage": 19},
			{"hour": "14", "usage": 25},
			{"hour": "15", "usage": 1},
			{"hour": "16", "usage": 8},
			{"hour": "17", "usage": 27},
			{"hour": "18", "usage": 23},
			{"hour": "19", "usage": 0},
			{"hour": "20", "usage": 0},
			{"hour": "21", "usage": 0},
			{"hour": "22", "usage": 0},
			{"hour": "23", "usage": 3}
		]
	},
	{
		"date": 2,
		"totalTime": 314,
		"details": [
			{"appName": "YouTube", "usage": 140},
			{"appName": "붕괴3rd", "usage": 44},
			{"appName": "삼성 인터넷", "usage": 37},
			{"appName": "Netflix", "usage": 25},
			{"appName": "카카오톡", "usage": 17},
			{"appName": "카카오스탁", "usage": 8},
			{"appName": "One UI 홈", "usage": 8},
			{"appName": "Paco", "usage": 7},
			{"appName": "Reddit", "usage": 6},
			{"appName": "Google Play 스토어", "usage": 6},
			{"appName": "시계", "usage": 1},
			{"appName": "스타벅스", "usage": 1},
			{"appName": "메시지", "usage": 1},
			{"appName": "YouTube Music", "usage": 1},
			{"appName": "T전화", "usage": 1},
			{"appName": "Polar Beat", "usage": 1}
		],
		"keys": [
			{"hour": "0", "usage": 0},
			{"hour": "1", "usage": 49},
			{"hour": "2", "usage": 21},
			{"hour": "3", "usage": 29},
			{"hour": "4", "usage": 17},
			{"hour": "5", "usage": 0},
			{"hour": "6", "usage": 12},
			{"hour": "7", "usage": 0},
			{"hour": "8", "usage": 7},
			{"hour": "9", "usage": 0},
			{"hour": "10", "usage": 3},
			{"hour": "11", "usage": 25},
			{"hour": "12", "usage": 44},
			{"hour": "13", "usage": 14},
			{"hour": "14", "usage": 10},
			{"hour": "15", "usage": 24},
			{"hour": "16", "usage": 0},
			{"hour": "17", "usage": 8},
			{"hour": "18", "usage": 43},
			{"hour": "19", "usage": 0},
			{"hour": "20", "usage": 0},
			{"hour": "21", "usage": 0},
			{"hour": "22", "usage": 0},
			{"hour": "23", "usage": 0}
		]
	},
	{
		"date": 3,
		"totalTime": 1779,
		"details": [
			{"appName": "시스템 UI", "usage": 1225},
			{"appName": "삼성 인터넷", "usage": 349},
			{"appName": "Netflix", "usage": 87},
			{"appName": "붕괴3rd", "usage": 48},
			{"appName": "YouTube", "usage": 19},
			{"appName": "네이버 웹툰", "usage": 13},
			{"appName": "One UI 홈", "usage": 5},
			{"appName": "카카오톡", "usage": 4},
			{"appName": "Paco", "usage": 3},
			{"appName": "WeChat", "usage": 2},
			{"appName": "Samsung Notes", "usage": 2},
			{"appName": "NAVER", "usage": 2},
			{"appName": "Auto Chess", "usage": 2},
			{"appName": "다음웹툰", "usage": 1},
			{"appName": "YouTube Music", "usage": 1},
			{"appName": "T전화", "usage": 1},
			{"appName": "Samsung Health", "usage": 1},
			{"appName": "Polar Beat", "usage": 1}
		],
		"keys": [
			{"hour": "0", "usage": 0},
			{"hour": "1", "usage": 16},
			{"hour": "2", "usage": 59},
			{"hour": "3", "usage": 45},
			{"hour": "4", "usage": 1},
			{"hour": "5", "usage": 2},
			{"hour": "6", "usage": 16},
			{"hour": "7", "usage": 22},
			{"hour": "8", "usage": 41},
			{"hour": "9", "usage": 25},
			{"hour": "10", "usage": 51},
			{"hour": "11", "usage": 57},
			{"hour": "12", "usage": 8},
			{"hour": "13", "usage": 44},
			{"hour": "14", "usage": 59},
			{"hour": "15", "usage": 5},
			{"hour": "16", "usage": 4},
			{"hour": "17", "usage": 60},
			{"hour": "18", "usage": 30},
			{"hour": "19", "usage": 0},
			{"hour": "20", "usage": 0},
			{"hour": "21", "usage": 0},
			{"hour": "22", "usage": 0},
			{"hour": "23", "usage": 0}
		]
	},
	{
		"date": 4,
		"totalTime": 250,
		"details": [
			{"appName": "YouTube", "usage": 103},
			{"appName": "삼성 인터넷", "usage": 42},
			{"appName": "붕괴3rd", "usage": 23},
			{"appName": "One UI 홈", "usage": 12},
			{"appName": "카카오톡", "usage": 11},
			{"appName": "WeChat", "usage": 8},
			{"appName": "NAVER", "usage": 5},
			{"appName": "다음웹툰", "usage": 4},
			{"appName": "설정", "usage": 3},
			{"appName": "네이버 카페", "usage": 3},
			{"appName": "네이버 지도", "usage": 3},
			{"appName": "Polar Beat", "usage": 3},
			{"appName": "Paco", "usage": 3},
			{"appName": "지하철종결자", "usage": 2},
			{"appName": "스카이피플", "usage": 2},
			{"appName": "YouTube Music", "usage": 2},
			{"appName": "Facebook", "usage": 2},
			{"appName": "Steam", "usage": 1},
			{"appName": "Google 뉴스", "usage": 1}
		],
		"keys": [
			{"hour": "0", "usage": 0},
			{"hour": "1", "usage": 0},
			{"hour": "2", "usage": 5},
			{"hour": "3", "usage": 18},
			{"hour": "4", "usage": 19},
			{"hour": "5", "usage": 16},
			{"hour": "6", "usage": 0},
			{"hour": "7", "usage": 27},
			{"hour": "8", "usage": 6},
			{"hour": "9", "usage": 5},
			{"hour": "10", "usage": 17},
			{"hour": "11", "usage": 14},
			{"hour": "12", "usage": 1},
			{"hour": "13", "usage": 12},
			{"hour": "14", "usage": 0},
			{"hour": "15", "usage": 13},
			{"hour": "16", "usage": 48},
			{"hour": "17", "usage": 41},
			{"hour": "18", "usage": 0},
			{"hour": "19", "usage": 0},
			{"hour": "20", "usage": 0},
			{"hour": "21", "usage": 0},
			{"hour": "22", "usage": 0},
			{"hour": "23", "usage": 0}
		]
	},
	{
		"date": 5,
		"totalTime": 427,
		"details": [
			{"appName": "YouTube", "usage": 156},
			{"appName": "삼성 인터넷", "usage": 76},
			{"appName": "붕괴3rd", "usage": 57},
			{"appName": "Auto Chess", "usage": 42},
			{"appName": "Paco", "usage": 16},
			{"appName": "카카오톡", "usage": 12},
			{"appName": "T전화", "usage": 11},
			{"appName": "카카오스탁", "usage": 10},
			{"appName": "네이버 웹툰", "usage": 9},
			{"appName": "One UI 홈", "usage": 9},
			{"appName": "다음웹툰", "usage": 4},
			{"appName": "Samsung Notes", "usage": 4},
			{"appName": "Google 뉴스", "usage": 3},
			{"appName": "게임런처", "usage": 2},
			{"appName": "Polar Beat", "usage": 2},
			{"appName": "정부24", "usage": 1},
			{"appName": "스카이피플", "usage": 1}
		],
		"keys": [
			{"hour": "0", "usage": 18},
			{"hour": "1", "usage": 33},
			{"hour": "2", "usage": 4},
			{"hour": "3", "usage": 28},
			{"hour": "4", "usage": 33},
			{"hour": "5", "usage": 25},
			{"hour": "6", "usage": 7},
			{"hour": "7", "usage": 27},
			{"hour": "8", "usage": 27},
			{"hour": "9", "usage": 59},
			{"hour": "10", "usage": 47},
			{"hour": "11", "usage": 8},
			{"hour": "12", "usage": 1},
			{"hour": "13", "usage": 27},
			{"hour": "14", "usage": 0},
			{"hour": "15", "usage": 32},
			{"hour": "16", "usage": 44},
			{"hour": "17", "usage": 0},
			{"hour": "18", "usage": 0},
			{"hour": "19", "usage": 0},
			{"hour": "20", "usage": 0},
			{"hour": "21", "usage": 0},
			{"hour": "22", "usage": 0},
			{"hour": "23", "usage": 0}
		]
	},
	{
		"date": 6,
		"totalTime": 253,
		"details": [
			{"appName": "YouTube", "usage": 75},
			{"appName": "삼성 인터넷", "usage": 60},
			{"appName": "Reddit", "usage": 26},
			{"appName": "카카오톡", "usage": 20},
			{"appName": "네이버 웹툰", "usage": 14},
			{"appName": "One UI 홈", "usage": 11},
			{"appName": "카카오스탁", "usage": 5},
			{"appName": "Perfect Viewer", "usage": 5},
			{"appName": "Polar Beat", "usage": 4},
			{"appName": "NAVER", "usage": 3},
			{"appName": "캘린더", "usage": 2},
			{"appName": "스카이피플", "usage": 2},
			{"appName": "붕괴3rd", "usage": 2},
			{"appName": "brunch", "usage": 2},
			{"appName": "Paco", "usage": 2},
			{"appName": "KLMS", "usage": 2},
			{"appName": "시계", "usage": 1},
			{"appName": "메시지", "usage": 1},
			{"appName": "T world", "usage": 1}
		],
		"keys": [
			{"hour": "0", "usage": 24},
			{"hour": "1", "usage": 45},
			{"hour": "2", "usage": 7},
			{"hour": "3", "usage": 8},
			{"hour": "4", "usage": 15},
			{"hour": "5", "usage": 2},
			{"hour": "6", "usage": 13},
			{"hour": "7", "usage": 3},
			{"hour": "8", "usage": 10},
			{"hour": "9", "usage": 27},
			{"hour": "10", "usage": 17},
			{"hour": "11", "usage": 2},
			{"hour": "12", "usage": 0},
			{"hour": "13", "usage": 1},
			{"hour": "14", "usage": 1},
			{"hour": "15", "usage": 0},
			{"hour": "16", "usage": 41},
			{"hour": "17", "usage": 27},
			{"hour": "18", "usage": 0},
			{"hour": "19", "usage": 0},
			{"hour": "20", "usage": 0},
			{"hour": "21", "usage": 0},
			{"hour": "22", "usage": 0},
			{"hour": "23", "usage": 3}
		]
	},
	{
		"date": 7,
		"totalTime": 246,
		"details": [
			{"appName": "YouTube", "usage": 67},
			{"appName": "카카오톡", "usage": 42},
			{"appName": "삼성 인터넷", "usage": 36},
			{"appName": "One UI 홈", "usage": 19},
			{"appName": "Reddit", "usage": 12},
			{"appName": "붕괴3rd", "usage": 11},
			{"appName": "네이버 웹툰", "usage": 8},
			{"appName": "NAVER", "usage": 6},
			{"appName": "카카오스탁", "usage": 4},
			{"appName": "WeChat", "usage": 4},
			{"appName": "T전화", "usage": 4},
			{"appName": "Paco", "usage": 3},
			{"appName": "네이버 카페", "usage": 2},
			{"appName": "brunch", "usage": 2},
			{"appName": "카카오 T", "usage": 1},
			{"appName": "스카이피플", "usage": 1},
			{"appName": "YouTube Music", "usage": 1},
			{"appName": "Samsung Pay", "usage": 1},
			{"appName": "Medium", "usage": 1},
			{"appName": "Instagram", "usage": 1},
			{"appName": "Google 뉴스", "usage": 1},
			{"appName": "Gear S PlugIn", "usage": 1}
		],
		"keys": [
			{"hour": "0", "usage": 9},
			{"hour": "1", "usage": 22},
			{"hour": "2", "usage": 8},
			{"hour": "3", "usage": 16},
			{"hour": "4", "usage": 3},
			{"hour": "5", "usage": 1},
			{"hour": "6", "usage": 16},
			{"hour": "7", "usage": 8},
			{"hour": "8", "usage": 0},
			{"hour": "9", "usage": 35},
			{"hour": "10", "usage": 34},
			{"hour": "11", "usage": 7},
			{"hour": "12", "usage": 11},
			{"hour": "13", "usage": 0},
			{"hour": "14", "usage": 6},
			{"hour": "15", "usage": 17},
			{"hour": "16", "usage": 8},
			{"hour": "17", "usage": 1},
			{"hour": "18", "usage": 36},
			{"hour": "19", "usage": 0},
			{"hour": "20", "usage": 0},
			{"hour": "21", "usage": 0},
			{"hour": "22", "usage": 0},
			{"hour": "23", "usage": 0}
		]
	}
]
