[
	{
		"date": 1,
		"totalTime": 553,
		"details": [
			{"appName": "Facebook", "usage": 129},
			{"appName": "Instagram", "usage": 104},
			{"appName": "NAVER", "usage": 70},
			{"appName": "카카오톡", "usage": 61},
			{"appName": "트위터", "usage": 52},
			{"appName": "캐시워크", "usage": 47},
			{"appName": "기본홈", "usage": 16},
			{"appName": "Paco", "usage": 10},
			{"appName": "갤러리", "usage": 9},
			{"appName": "주소록", "usage": 7},
			{"appName": "카메라", "usage": 5},
			{"appName": "동영상", "usage": 5},
			{"appName": "YouTube", "usage": 4},
			{"appName": "Logger", "usage": 4},
			{"appName": "타임스프레드", "usage": 3},
			{"appName": "Polar Beat", "usage": 3},
			{"appName": "원터치알림", "usage": 2},
			{"appName": "네이버 클라우드", "usage": 2},
			{"appName": "시스템 UI", "usage": 1},
			{"appName": "메시지", "usage": 1},
			{"appName": "Q메모+", "usage": 1}
		],
		"keys": [
			{"hour": "0", "usage": 5},
			{"hour": "1", "usage": 12},
			{"hour": "2", "usage": 23},
			{"hour": "3", "usage": 11},
			{"hour": "4", "usage": 19},
			{"hour": "5", "usage": 16},
			{"hour": "6", "usage": 52},
			{"hour": "7", "usage": 2},
			{"hour": "8", "usage": 6},
			{"hour": "9", "usage": 20},
			{"hour": "10", "usage": 14},
			{"hour": "11", "usage": 22},
			{"hour": "12", "usage": 53},
			{"hour": "13", "usage": 18},
			{"hour": "14", "usage": 35},
			{"hour": "15", "usage": 59},
			{"hour": "16", "usage": 59},
			{"hour": "17", "usage": 59},
			{"hour": "18", "usage": 35},
			{"hour": "19", "usage": 24},
			{"hour": "20", "usage": 0},
			{"hour": "21", "usage": 0},
			{"hour": "22", "usage": 0},
			{"hour": "23", "usage": 0}
		]
	},
	{
		"date": 2,
		"totalTime": 656,
		"details": [
			{"appName": "Facebook", "usage": 294},
			{"appName": "Instagram", "usage": 125},
			{"appName": "카카오톡", "usage": 41},
			{"appName": "네이버 카페", "usage": 34},
			{"appName": "Polar Beat", "usage": 34},
			{"appName": "트위터", "usage": 24},
			{"appName": "시스템 UI", "usage": 12},
			{"appName": "기본홈", "usage": 12},
			{"appName": "고속버스 모바일", "usage": 12},
			{"appName": "Paco", "usage": 9},
			{"appName": "통화 화면", "usage": 8},
			{"appName": "메시지", "usage": 8},
			{"appName": "NAVER", "usage": 5},
			{"appName": "캐시워크", "usage": 4},
			{"appName": "네이버 지도", "usage": 4},
			{"appName": "YouTube", "usage": 4},
			{"appName": "갤러리", "usage": 3},
			{"appName": "Microsoft Band", "usage": 2},
			{"appName": "토스", "usage": 1},
			{"appName": "원터치알림", "usage": 1},
			{"appName": "동영상", "usage": 1},
			{"appName": "Logger", "usage": 1},
			{"appName": "KAIST Portal", "usage": 1},
			{"appName": "Evernote", "usage": 1}
		],
		"keys": [
			{"hour": "0", "usage": 0},
			{"hour": "1", "usage": 0},
			{"hour": "2", "usage": 55},
			{"hour": "3", "usage": 48},
			{"hour": "4", "usage": 33},
			{"hour": "5", "usage": 15},
			{"hour": "6", "usage": 20},
			{"hour": "7", "usage": 30},
			{"hour": "8", "usage": 52},
			{"hour": "9", "usage": 48},
			{"hour": "10", "usage": 41},
			{"hour": "11", "usage": 49},
			{"hour": "12", "usage": 25},
			{"hour": "13", "usage": 53},
			{"hour": "14", "usage": 0},
			{"hour": "15", "usage": 14},
			{"hour": "16", "usage": 16},
			{"hour": "17", "usage": 40},
			{"hour": "18", "usage": 59},
			{"hour": "19", "usage": 47},
			{"hour": "20", "usage": 1},
			{"hour": "21", "usage": 0},
			{"hour": "22", "usage": 0},
			{"hour": "23", "usage": 0}
		]
	},
	{
		"date": 3,
		"totalTime": 318,
		"details": [
			{"appName": "Facebook", "usage": 66},
			{"appName": "Instagram", "usage": 46},
			{"appName": "타임스프레드", "usage": 36},
			{"appName": "카카오톡", "usage": 34},
			{"appName": "문서", "usage": 19},
			{"appName": "네이버 지도", "usage": 19},
			{"appName": "기본홈", "usage": 19},
			{"appName": "트위터", "usage": 12},
			{"appName": "캐시워크", "usage": 12},
			{"appName": "Evernote", "usage": 8},
			{"appName": "Paco", "usage": 7},
			{"appName": "NAVER", "usage": 6},
			{"appName": "네이버 카페", "usage": 5},
			{"appName": "Spotify", "usage": 3},
			{"appName": "Polar Beat", "usage": 2},
			{"appName": "카메라", "usage": 1},
			{"appName": "시외버스 모바일", "usage": 1},
			{"appName": "시스템 UI", "usage": 1},
			{"appName": "Wi-Fi", "usage": 1},
			{"appName": "VIBE", "usage": 1},
			{"appName": "T world", "usage": 1},
			{"appName": "LG 페이", "usage": 1}
		],
		"keys": [
			{"hour": "0", "usage": 0},
			{"hour": "1", "usage": 0},
			{"hour": "2", "usage": 32},
			{"hour": "3", "usage": 8},
			{"hour": "4", "usage": 11},
			{"hour": "5", "usage": 27},
			{"hour": "6", "usage": 24},
			{"hour": "7", "usage": 31},
			{"hour": "8", "usage": 6},
			{"hour": "9", "usage": 27},
			{"hour": "10", "usage": 30},
			{"hour": "11", "usage": 6},
			{"hour": "12", "usage": 21},
			{"hour": "13", "usage": 51},
			{"hour": "14", "usage": 10},
			{"hour": "15", "usage": 2},
			{"hour": "16", "usage": 0},
			{"hour": "17", "usage": 7},
			{"hour": "18", "usage": 1},
			{"hour": "19", "usage": 18},
			{"hour": "20", "usage": 0},
			{"hour": "21", "usage": 0},
			{"hour": "22", "usage": 0},
			{"hour": "23", "usage": 0}
		]
	},
	{
		"date": 4,
		"totalTime": 391,
		"details": [
			{"appName": "Instagram", "usage": 79},
			{"appName": "카카오톡", "usage": 62},
			{"appName": "Facebook", "usage": 61},
			{"appName": "캐시워크", "usage": 42},
			{"appName": "NAVER", "usage": 21},
			{"appName": "기본홈", "usage": 17},
			{"appName": "갤러리", "usage": 16},
			{"appName": "Polar Beat", "usage": 14},
			{"appName": "Evernote", "usage": 13},
			{"appName": "네이버 지도", "usage": 10},
			{"appName": "트위터", "usage": 9},
			{"appName": "Paco", "usage": 6},
			{"appName": "고속버스 모바일", "usage": 5},
			{"appName": "타임스프레드", "usage": 3},
			{"appName": "카메라", "usage": 3},
			{"appName": "LG 페이", "usage": 3},
			{"appName": "포토", "usage": 2},
			{"appName": "파일", "usage": 1},
			{"appName": "통화 화면", "usage": 1},
			{"appName": "주소록", "usage": 1},
			{"appName": "시스템 UI", "usage": 1},
			{"appName": "네이버 카페", "usage": 1},
			{"appName": "Q메모+", "usage": 1},
			{"appName": "Microsoft Band", "usage": 1},
			{"appName": "Google Play 스토어", "usage": 1}
		],
		"keys": [
			{"hour": "0", "usage": 5},
			{"hour": "1", "usage": 11},
			{"hour": "2", "usage": 14},
			{"hour": "3", "usage": 6},
			{"hour": "4", "usage": 9},
			{"hour": "5", "usage": 8},
			{"hour": "6", "usage": 23},
			{"hour": "7", "usage": 15},
			{"hour": "8", "usage": 21},
			{"hour": "9", "usage": 11},
			{"hour": "10", "usage": 8},
			{"hour": "11", "usage": 27},
			{"hour": "12", "usage": 54},
			{"hour": "13", "usage": 29},
			{"hour": "14", "usage": 36},
			{"hour": "15", "usage": 3},
			{"hour": "16", "usage": 30},
			{"hour": "17", "usage": 24},
			{"hour": "18", "usage": 35},
			{"hour": "19", "usage": 12},
			{"hour": "20", "usage": 0},
			{"hour": "21", "usage": 0},
			{"hour": "22", "usage": 0},
			{"hour": "23", "usage": 0}
		]
	},
	{
		"date": 5,
		"totalTime": 374,
		"details": [
			{"appName": "Facebook", "usage": 177},
			{"appName": "카카오톡", "usage": 51},
			{"appName": "Instagram", "usage": 43},
			{"appName": "기본홈", "usage": 33},
			{"appName": "NAVER", "usage": 12},
			{"appName": "타임스프레드", "usage": 11},
			{"appName": "Paco", "usage": 9},
			{"appName": "트위터", "usage": 7},
			{"appName": "네이버 카페", "usage": 6},
			{"appName": "Polar Beat", "usage": 4},
			{"appName": "Logger", "usage": 3},
			{"appName": "캐시워크", "usage": 2},
			{"appName": "알람/시계", "usage": 1},
			{"appName": "시스템 UI", "usage": 1},
			{"appName": "Messenger", "usage": 1},
			{"appName": "Evernote", "usage": 1}
		],
		"keys": [
			{"hour": "0", "usage": 19},
			{"hour": "1", "usage": 6},
			{"hour": "2", "usage": 5},
			{"hour": "3", "usage": 14},
			{"hour": "4", "usage": 8},
			{"hour": "5", "usage": 40},
			{"hour": "6", "usage": 20},
			{"hour": "7", "usage": 0},
			{"hour": "8", "usage": 0},
			{"hour": "9", "usage": 13},
			{"hour": "10", "usage": 19},
			{"hour": "11", "usage": 9},
			{"hour": "12", "usage": 12},
			{"hour": "13", "usage": 9},
			{"hour": "14", "usage": 12},
			{"hour": "15", "usage": 13},
			{"hour": "16", "usage": 22},
			{"hour": "17", "usage": 59},
			{"hour": "18", "usage": 44},
			{"hour": "19", "usage": 26},
			{"hour": "20", "usage": 0},
			{"hour": "21", "usage": 10},
			{"hour": "22", "usage": 0},
			{"hour": "23", "usage": 6}
		]
	},
	{
		"date": 6,
		"totalTime": 465,
		"details": [
			{"appName": "Facebook", "usage": 209},
			{"appName": "NAVER", "usage": 86},
			{"appName": "카카오톡", "usage": 38},
			{"appName": "타임스프레드", "usage": 22},
			{"appName": "트위터", "usage": 19},
			{"appName": "Instagram", "usage": 15},
			{"appName": "통화 화면", "usage": 11},
			{"appName": "Paco", "usage": 11},
			{"appName": "메시지", "usage": 9},
			{"appName": "기본홈", "usage": 8},
			{"appName": "캐시워크", "usage": 4},
			{"appName": "Chrome", "usage": 4},
			{"appName": "원터치알림", "usage": 3},
			{"appName": "네이버 카페", "usage": 3},
			{"appName": "네이버 지도", "usage": 3},
			{"appName": "갤러리", "usage": 2},
			{"appName": "VIBE", "usage": 2},
			{"appName": "Polar Beat", "usage": 2}
		],
		"keys": [
			{"hour": "0", "usage": 67},
			{"hour": "1", "usage": 38},
			{"hour": "2", "usage": 7},
			{"hour": "3", "usage": 38},
			{"hour": "4", "usage": 9},
			{"hour": "5", "usage": 11},
			{"hour": "6", "usage": 10},
			{"hour": "7", "usage": 0},
			{"hour": "8", "usage": 5},
			{"hour": "9", "usage": 13},
			{"hour": "10", "usage": 35},
			{"hour": "11", "usage": 28},
			{"hour": "12", "usage": 22},
			{"hour": "13", "usage": 7},
			{"hour": "14", "usage": 18},
			{"hour": "15", "usage": 59},
			{"hour": "16", "usage": 47},
			{"hour": "17", "usage": 43},
			{"hour": "18", "usage": 0},
			{"hour": "19", "usage": 0},
			{"hour": "20", "usage": 0},
			{"hour": "21", "usage": 0},
			{"hour": "22", "usage": 0},
			{"hour": "23", "usage": 0}
		]
	},
	{
		"date": 7,
		"totalTime": 601,
		"details": [
			{"appName": "Facebook", "usage": 235},
			{"appName": "트위터", "usage": 132},
			{"appName": "Instagram", "usage": 79},
			{"appName": "카카오톡", "usage": 31},
			{"appName": "Chrome", "usage": 24},
			{"appName": "네이버 카페", "usage": 11},
			{"appName": "NAVER", "usage": 11},
			{"appName": "타임스프레드", "usage": 9},
			{"appName": "기본홈", "usage": 9},
			{"appName": "Spotify", "usage": 9},
			{"appName": "Paco", "usage": 9},
			{"appName": "Genius", "usage": 8},
			{"appName": "캐시워크", "usage": 4},
			{"appName": "갤러리", "usage": 3},
			{"appName": "Polar Beat", "usage": 3},
			{"appName": "카메라", "usage": 2},
			{"appName": "Polaris Office", "usage": 2},
			{"appName": "알람/시계", "usage": 1},
			{"appName": "시스템 UI", "usage": 1},
			{"appName": "TouchVPN", "usage": 1},
			{"appName": "Melon", "usage": 1},
			{"appName": "Google Play 스토어", "usage": 1}
		],
		"keys": [
			{"hour": "0", "usage": 11},
			{"hour": "1", "usage": 5},
			{"hour": "2", "usage": 9},
			{"hour": "3", "usage": 40},
			{"hour": "4", "usage": 13},
			{"hour": "5", "usage": 56},
			{"hour": "6", "usage": 24},
			{"hour": "7", "usage": 2},
			{"hour": "8", "usage": 0},
			{"hour": "9", "usage": 18},
			{"hour": "10", "usage": 59},
			{"hour": "11", "usage": 40},
			{"hour": "12", "usage": 3},
			{"hour": "13", "usage": 9},
			{"hour": "14", "usage": 59},
			{"hour": "15", "usage": 53},
			{"hour": "16", "usage": 59},
			{"hour": "17", "usage": 59},
			{"hour": "18", "usage": 36},
			{"hour": "19", "usage": 25},
			{"hour": "20", "usage": 0},
			{"hour": "21", "usage": 0},
			{"hour": "22", "usage": 4},
			{"hour": "23", "usage": 7}
		]
	}
]
