[
	{
		"date": 1,
		"totalTime": 371,
		"details": [
			{"appName": "YouTube", "usage": 178},
			{"appName": "카카오톡", "usage": 85},
			{"appName": "Samsung Experience 홈", "usage": 15},
			{"appName": "Chrome", "usage": 13},
			{"appName": "프레젠테이션", "usage": 8},
			{"appName": "Polar Beat", "usage": 8},
			{"appName": "Facebook", "usage": 8},
			{"appName": "Paco", "usage": 6},
			{"appName": "티몬", "usage": 5},
			{"appName": "원터치개인", "usage": 5},
			{"appName": "Samsung Pay", "usage": 5},
			{"appName": "Samsung Music", "usage": 3},
			{"appName": "설정", "usage": 2},
			{"appName": "네이버 웹툰", "usage": 2},
			{"appName": "T전화", "usage": 2},
			{"appName": "Papago", "usage": 2},
			{"appName": "OP.GG", "usage": 2},
			{"appName": "NAVER", "usage": 2},
			{"appName": "토스", "usage": 1},
			{"appName": "카카오뱅크", "usage": 1},
			{"appName": "LoL 프렌즈", "usage": 1}
		],
		"keys": [
			{"hour": "0", "usage": 0},
			{"hour": "1", "usage": 21},
			{"hour": "2", "usage": 50},
			{"hour": "3", "usage": 0},
			{"hour": "4", "usage": 1},
			{"hour": "5", "usage": 29},
			{"hour": "6", "usage": 18},
			{"hour": "7", "usage": 33},
			{"hour": "8", "usage": 20},
			{"hour": "9", "usage": 41},
			{"hour": "10", "usage": 10},
			{"hour": "11", "usage": 16},
			{"hour": "12", "usage": 4},
			{"hour": "13", "usage": 12},
			{"hour": "14", "usage": 4},
			{"hour": "15", "usage": 4},
			{"hour": "16", "usage": 6},
			{"hour": "17", "usage": 53},
			{"hour": "18", "usage": 31},
			{"hour": "19", "usage": 9},
			{"hour": "20", "usage": 0},
			{"hour": "21", "usage": 0},
			{"hour": "22", "usage": 0},
			{"hour": "23", "usage": 0}
		]
	},
	{
		"date": 2,
		"totalTime": 135,
		"details": [
			{"appName": "YouTube", "usage": 60},
			{"appName": "카카오톡", "usage": 35},
			{"appName": "Paco", "usage": 10},
			{"appName": "One UI 홈", "usage": 10},
			{"appName": "Chrome", "usage": 4},
			{"appName": "토스", "usage": 2},
			{"appName": "Papago", "usage": 2},
			{"appName": "LoL 프렌즈", "usage": 2},
			{"appName": "T전화", "usage": 1}
		],
		"keys": [
			{"hour": "0", "usage": 1},
			{"hour": "1", "usage": 0},
			{"hour": "2", "usage": 0},
			{"hour": "3", "usage": 13},
			{"hour": "4", "usage": 18},
			{"hour": "5", "usage": 6},
			{"hour": "6", "usage": 0},
			{"hour": "7", "usage": 4},
			{"hour": "8", "usage": 25},
			{"hour": "9", "usage": 2},
			{"hour": "10", "usage": 11},
			{"hour": "11", "usage": 2},
			{"hour": "12", "usage": 4},
			{"hour": "13", "usage": 0},
			{"hour": "14", "usage": 4},
			{"hour": "15", "usage": 2},
			{"hour": "16", "usage": 4},
			{"hour": "17", "usage": 0},
			{"hour": "18", "usage": 0},
			{"hour": "19", "usage": 2},
			{"hour": "20", "usage": 29},
			{"hour": "21", "usage": 0},
			{"hour": "22", "usage": 0},
			{"hour": "23", "usage": 0}
		]
	},
	{
		"date": 3,
		"totalTime": 376,
		"details": [
			{"appName": "YouTube", "usage": 209},
			{"appName": "카카오톡", "usage": 64},
			{"appName": "티몬", "usage": 20},
			{"appName": "Puffin", "usage": 15},
			{"appName": "계산기", "usage": 12},
			{"appName": "네이버 웹툰", "usage": 9},
			{"appName": "OP.GG", "usage": 9},
			{"appName": "One UI 홈", "usage": 7},
			{"appName": "Paco", "usage": 6},
			{"appName": "Chrome", "usage": 6},
			{"appName": "드라이브", "usage": 2},
			{"appName": "LoL 프렌즈", "usage": 2},
			{"appName": "Facebook", "usage": 2},
			{"appName": "토스", "usage": 1},
			{"appName": "T전화", "usage": 1}
		],
		"keys": [
			{"hour": "0", "usage": 0},
			{"hour": "1", "usage": 1},
			{"hour": "2", "usage": 0},
			{"hour": "3", "usage": 0},
			{"hour": "4", "usage": 27},
			{"hour": "5", "usage": 16},
			{"hour": "6", "usage": 9},
			{"hour": "7", "usage": 14},
			{"hour": "8", "usage": 28},
			{"hour": "9", "usage": 59},
			{"hour": "10", "usage": 24},
			{"hour": "11", "usage": 2},
			{"hour": "12", "usage": 8},
			{"hour": "13", "usage": 46},
			{"hour": "14", "usage": 33},
			{"hour": "15", "usage": 37},
			{"hour": "16", "usage": 0},
			{"hour": "17", "usage": 0},
			{"hour": "18", "usage": 32},
			{"hour": "19", "usage": 32},
			{"hour": "20", "usage": 0},
			{"hour": "21", "usage": 0},
			{"hour": "22", "usage": 0},
			{"hour": "23", "usage": 0}
		]
	},
	{
		"date": 4,
		"totalTime": 381,
		"details": [
			{"appName": "YouTube", "usage": 153},
			{"appName": "카카오톡", "usage": 132},
			{"appName": "OP.GG", "usage": 33},
			{"appName": "Chrome", "usage": 30},
			{"appName": "One UI 홈", "usage": 9},
			{"appName": "Paco", "usage": 4},
			{"appName": "티몬", "usage": 3},
			{"appName": "번개장터", "usage": 2},
			{"appName": "카메라", "usage": 1},
			{"appName": "시계", "usage": 1},
			{"appName": "SNOW", "usage": 1},
			{"appName": "Logger", "usage": 1},
			{"appName": "Facebook", "usage": 1}
		],
		"keys": [
			{"hour": "0", "usage": 0},
			{"hour": "1", "usage": 0},
			{"hour": "2", "usage": 20},
			{"hour": "3", "usage": 46},
			{"hour": "4", "usage": 8},
			{"hour": "5", "usage": 10},
			{"hour": "6", "usage": 48},
			{"hour": "7", "usage": 5},
			{"hour": "8", "usage": 7},
			{"hour": "9", "usage": 10},
			{"hour": "10", "usage": 0},
			{"hour": "11", "usage": 5},
			{"hour": "12", "usage": 3},
			{"hour": "13", "usage": 7},
			{"hour": "14", "usage": 0},
			{"hour": "15", "usage": 6},
			{"hour": "16", "usage": 44},
			{"hour": "17", "usage": 57},
			{"hour": "18", "usage": 59},
			{"hour": "19", "usage": 7},
			{"hour": "20", "usage": 0},
			{"hour": "21", "usage": 0},
			{"hour": "22", "usage": 2},
			{"hour": "23", "usage": 27}
		]
	},
	{
		"date": 5,
		"totalTime": 825,
		"details": [
			{"appName": "아이쉐어링", "usage": 634},
			{"appName": "카카오톡", "usage": 111},
			{"appName": "Facebook", "usage": 23},
			{"appName": "OP.GG", "usage": 11},
			{"appName": "One UI 홈", "usage": 10},
			{"appName": "YouTube", "usage": 6},
			{"appName": "Paco", "usage": 3},
			{"appName": "SNOW", "usage": 2},
			{"appName": "Chrome", "usage": 2},
			{"appName": "메시지", "usage": 1},
			{"appName": "롤도우미", "usage": 1},
			{"appName": "꼼꼼달력메모", "usage": 1},
			{"appName": "T전화", "usage": 1},
			{"appName": "LoL 프렌즈", "usage": 1},
			{"appName": "KLMS", "usage": 1}
		],
		"keys": [
			{"hour": "0", "usage": 50},
			{"hour": "1", "usage": 36},
			{"hour": "2", "usage": 7},
			{"hour": "3", "usage": 9},
			{"hour": "4", "usage": 0},
			{"hour": "5", "usage": 29},
			{"hour": "6", "usage": 5},
			{"hour": "7", "usage": 0},
			{"hour": "8", "usage": 2},
			{"hour": "9", "usage": 5},
			{"hour": "10", "usage": 2},
			{"hour": "11", "usage": 3},
			{"hour": "12", "usage": 1},
			{"hour": "13", "usage": 6},
			{"hour": "14", "usage": 0},
			{"hour": "15", "usage": 0},
			{"hour": "16", "usage": 0},
			{"hour": "17", "usage": 21},
			{"hour": "18", "usage": 9},
			{"hour": "19", "usage": 0},
			{"hour": "20", "usage": 0},
			{"hour": "21", "usage": 0},
			{"hour": "22", "usage": 0},
			{"hour": "23", "usage": 0}
		]
	},
	{
		"date": 6,
		"totalTime": 486,
		"details": [
			{"appName": "YouTube", "usage": 154},
			{"appName": "카카오톡", "usage": 136},
			{"appName": "네이버 웹툰", "usage": 100},
			{"appName": "Facebook", "usage": 24},
			{"appName": "Chrome", "usage": 17},
			{"appName": "OP.GG", "usage": 12},
			{"appName": "One UI 홈", "usage": 11},
			{"appName": "GGtics", "usage": 6},
			{"appName": "KAIST Portal", "usage": 5},
			{"appName": "메시지", "usage": 2},
			{"appName": "Paco", "usage": 2},
			{"appName": "티몬", "usage": 1},
			{"appName": "시계", "usage": 1}
		],
		"keys": [
			{"hour": "0", "usage": 1},
			{"hour": "1", "usage": 6},
			{"hour": "2", "usage": 45},
			{"hour": "3", "usage": 53},
			{"hour": "4", "usage": 11},
			{"hour": "5", "usage": 12},
			{"hour": "6", "usage": 9},
			{"hour": "7", "usage": 33},
			{"hour": "8", "usage": 14},
			{"hour": "9", "usage": 4},
			{"hour": "10", "usage": 1},
			{"hour": "11", "usage": 0},
			{"hour": "12", "usage": 1},
			{"hour": "13", "usage": 1},
			{"hour": "14", "usage": 22},
			{"hour": "15", "usage": 48},
			{"hour": "16", "usage": 59},
			{"hour": "17", "usage": 59},
			{"hour": "18", "usage": 33},
			{"hour": "19", "usage": 18},
			{"hour": "20", "usage": 35},
			{"hour": "21", "usage": 8},
			{"hour": "22", "usage": 0},
			{"hour": "23", "usage": 1}
		]
	},
	{
		"date": 7,
		"totalTime": 366,
		"details": [
			{"appName": "YouTube", "usage": 117},
			{"appName": "네이버 웹툰", "usage": 80},
			{"appName": "카카오톡", "usage": 75},
			{"appName": "Puffin", "usage": 36},
			{"appName": "Chrome", "usage": 22},
			{"appName": "One UI 홈", "usage": 11},
			{"appName": "Paco", "usage": 3},
			{"appName": "Facebook", "usage": 2},
			{"appName": "착한음악", "usage": 1},
			{"appName": "시계", "usage": 1},
			{"appName": "메시지", "usage": 1},
			{"appName": "T전화", "usage": 1},
			{"appName": "OneDrive", "usage": 1}
		],
		"keys": [
			{"hour": "0", "usage": 1},
			{"hour": "1", "usage": 50},
			{"hour": "2", "usage": 51},
			{"hour": "3", "usage": 59},
			{"hour": "4", "usage": 10},
			{"hour": "5", "usage": 16},
			{"hour": "6", "usage": 9},
			{"hour": "7", "usage": 8},
			{"hour": "8", "usage": 12},
			{"hour": "9", "usage": 16},
			{"hour": "10", "usage": 1},
			{"hour": "11", "usage": 1},
			{"hour": "12", "usage": 0},
			{"hour": "13", "usage": 1},
			{"hour": "14", "usage": 2},
			{"hour": "15", "usage": 41},
			{"hour": "16", "usage": 59},
			{"hour": "17", "usage": 20},
			{"hour": "18", "usage": 0},
			{"hour": "19", "usage": 0},
			{"hour": "20", "usage": 0},
			{"hour": "21", "usage": 0},
			{"hour": "22", "usage": 0},
			{"hour": "23", "usage": 0}
		]
	}
]
