[
	{
		"date": 1,
		"totalTime": 474,
		"details": [
			{"appName": "Facebook", "usage": 115},
			{"appName": "YouTube", "usage": 74},
			{"appName": "카카오톡", "usage": 49},
			{"appName": "Chrome", "usage": 39},
			{"appName": "네이버 웹툰", "usage": 31},
			{"appName": "Samsung Experience 홈", "usage": 29},
			{"appName": "T전화", "usage": 24},
			{"appName": "Polar Beat", "usage": 20},
			{"appName": "시스템 UI", "usage": 16},
			{"appName": "Netflix", "usage": 12},
			{"appName": "Between", "usage": 12},
			{"appName": "Paco", "usage": 9},
			{"appName": "지도", "usage": 5},
			{"appName": "시계", "usage": 5},
			{"appName": "드라이브", "usage": 5},
			{"appName": "삼성 인터넷", "usage": 4},
			{"appName": "시외버스 모바일", "usage": 2},
			{"appName": "메시지", "usage": 2},
			{"appName": "WiFi Mouse", "usage": 2},
			{"appName": "티켓링크", "usage": 1},
			{"appName": "설정", "usage": 1},
			{"appName": "Microsoft Band", "usage": 1},
			{"appName": "Foodie", "usage": 1}
		],
		"keys": [
			{"hour": "0", "usage": 57},
			{"hour": "1", "usage": 27},
			{"hour": "2", "usage": 37},
			{"hour": "3", "usage": 24},
			{"hour": "4", "usage": 0},
			{"hour": "5", "usage": 0},
			{"hour": "6", "usage": 23},
			{"hour": "7", "usage": 19},
			{"hour": "8", "usage": 16},
			{"hour": "9", "usage": 12},
			{"hour": "10", "usage": 13},
			{"hour": "11", "usage": 2},
			{"hour": "12", "usage": 1},
			{"hour": "13", "usage": 45},
			{"hour": "14", "usage": 19},
			{"hour": "15", "usage": 4},
			{"hour": "16", "usage": 30},
			{"hour": "17", "usage": 0},
			{"hour": "18", "usage": 43},
			{"hour": "19", "usage": 47},
			{"hour": "20", "usage": 39},
			{"hour": "21", "usage": 0},
			{"hour": "22", "usage": 0},
			{"hour": "23", "usage": 5}
		]
	},
	{
		"date": 2,
		"totalTime": 572,
		"details": [
			{"appName": "Duel Links", "usage": 177},
			{"appName": "YouTube", "usage": 110},
			{"appName": "Facebook", "usage": 85},
			{"appName": "카카오톡", "usage": 43},
			{"appName": "Samsung Experience 홈", "usage": 40},
			{"appName": "Polar Beat", "usage": 18},
			{"appName": "지도", "usage": 15},
			{"appName": "Between", "usage": 9},
			{"appName": "Paco", "usage": 6},
			{"appName": "코레일톡", "usage": 5},
			{"appName": "Logger", "usage": 5},
			{"appName": "엽기떡볶이", "usage": 4},
			{"appName": "알라미", "usage": 3},
			{"appName": "시외버스 모바일", "usage": 3},
			{"appName": "소프트웨어 업데이트", "usage": 3},
			{"appName": "고속버스 모바일", "usage": 3},
			{"appName": "Zenly", "usage": 3},
			{"appName": "NH콕뱅크", "usage": 3},
			{"appName": "Dropsync", "usage": 3},
			{"appName": "Chrome", "usage": 3},
			{"appName": "시스템 UI", "usage": 2},
			{"appName": "설정", "usage": 2},
			{"appName": "Google", "usage": 2},
			{"appName": "토스", "usage": 1},
			{"appName": "좋은 카메라", "usage": 1},
			{"appName": "야놀자", "usage": 1},
			{"appName": "버스타고", "usage": 1},
			{"appName": "메시지", "usage": 1},
			{"appName": "날씨", "usage": 1},
			{"appName": "Microsoft Band", "usage": 1}
		],
		"keys": [
			{"hour": "0", "usage": 0},
			{"hour": "1", "usage": 0},
			{"hour": "2", "usage": 0},
			{"hour": "3", "usage": 20},
			{"hour": "4", "usage": 57},
			{"hour": "5", "usage": 35},
			{"hour": "6", "usage": 55},
			{"hour": "7", "usage": 58},
			{"hour": "8", "usage": 51},
			{"hour": "9", "usage": 53},
			{"hour": "10", "usage": 48},
			{"hour": "11", "usage": 11},
			{"hour": "12", "usage": 22},
			{"hour": "13", "usage": 14},
			{"hour": "14", "usage": 20},
			{"hour": "15", "usage": 7},
			{"hour": "16", "usage": 18},
			{"hour": "17", "usage": 36},
			{"hour": "18", "usage": 0},
			{"hour": "19", "usage": 0},
			{"hour": "20", "usage": 9},
			{"hour": "21", "usage": 50},
			{"hour": "22", "usage": 0},
			{"hour": "23", "usage": 0}
		]
	},
	{
		"date": 3,
		"totalTime": 614,
		"details": [
			{"appName": "Duel Links", "usage": 256},
			{"appName": "시스템 UI", "usage": 102},
			{"appName": "Facebook", "usage": 39},
			{"appName": "카카오톡", "usage": 38},
			{"appName": "Samsung Experience 홈", "usage": 27},
			{"appName": "고속버스 모바일", "usage": 20},
			{"appName": "배달의민족", "usage": 18},
			{"appName": "지도", "usage": 17},
			{"appName": "코레일톡", "usage": 14},
			{"appName": "Duo", "usage": 11},
			{"appName": "Chrome", "usage": 10},
			{"appName": "YouTube", "usage": 9},
			{"appName": "Google", "usage": 6},
			{"appName": "Polar Beat", "usage": 5},
			{"appName": "Paco", "usage": 5},
			{"appName": "Between", "usage": 5},
			{"appName": "카카오 T", "usage": 4},
			{"appName": "패키지 설치 프로그램", "usage": 3},
			{"appName": "설정", "usage": 3},
			{"appName": "Dropsync", "usage": 3},
			{"appName": "T전화", "usage": 2},
			{"appName": "Logger", "usage": 2}
		],
		"keys": [
			{"hour": "0", "usage": 9},
			{"hour": "1", "usage": 41},
			{"hour": "2", "usage": 46},
			{"hour": "3", "usage": 47},
			{"hour": "4", "usage": 6},
			{"hour": "5", "usage": 4},
			{"hour": "6", "usage": 0},
			{"hour": "7", "usage": 21},
			{"hour": "8", "usage": 7},
			{"hour": "9", "usage": 30},
			{"hour": "10", "usage": 22},
			{"hour": "11", "usage": 26},
			{"hour": "12", "usage": 0},
			{"hour": "13", "usage": 32},
			{"hour": "14", "usage": 5},
			{"hour": "15", "usage": 27},
			{"hour": "16", "usage": 79},
			{"hour": "17", "usage": 60},
			{"hour": "18", "usage": 60},
			{"hour": "19", "usage": 60},
			{"hour": "20", "usage": 22},
			{"hour": "21", "usage": 0},
			{"hour": "22", "usage": 0},
			{"hour": "23", "usage": 0}
		]
	},
	{
		"date": 4,
		"totalTime": 833,
		"details": [
			{"appName": "Duel Links", "usage": 419},
			{"appName": "Facebook", "usage": 103},
			{"appName": "시스템 UI", "usage": 52},
			{"appName": "카카오톡", "usage": 42},
			{"appName": "Netflix", "usage": 38},
			{"appName": "네이버 웹툰", "usage": 33},
			{"appName": "Samsung Experience 홈", "usage": 31},
			{"appName": "Polar Beat", "usage": 21},
			{"appName": "YouTube", "usage": 19},
			{"appName": "T전화", "usage": 16},
			{"appName": "Chrome", "usage": 11},
			{"appName": "Between", "usage": 10},
			{"appName": "토스", "usage": 6},
			{"appName": "KLMS", "usage": 6},
			{"appName": "Paco", "usage": 5},
			{"appName": "Dropsync", "usage": 2},
			{"appName": "설정", "usage": 1},
			{"appName": "빅스비 홈", "usage": 1},
			{"appName": "비디오 플레이어", "usage": 1}
		],
		"keys": [
			{"hour": "0", "usage": 41},
			{"hour": "1", "usage": 59},
			{"hour": "2", "usage": 43},
			{"hour": "3", "usage": 49},
			{"hour": "4", "usage": 54},
			{"hour": "5", "usage": 20},
			{"hour": "6", "usage": 32},
			{"hour": "7", "usage": 46},
			{"hour": "8", "usage": 59},
			{"hour": "9", "usage": 26},
			{"hour": "10", "usage": 11},
			{"hour": "11", "usage": 7},
			{"hour": "12", "usage": 1},
			{"hour": "13", "usage": 27},
			{"hour": "14", "usage": 5},
			{"hour": "15", "usage": 59},
			{"hour": "16", "usage": 81},
			{"hour": "17", "usage": 66},
			{"hour": "18", "usage": 13},
			{"hour": "19", "usage": 5},
			{"hour": "20", "usage": 7},
			{"hour": "21", "usage": 57},
			{"hour": "22", "usage": 20},
			{"hour": "23", "usage": 32}
		]
	},
	{
		"date": 5,
		"totalTime": 945,
		"details": [
			{"appName": "시스템 UI", "usage": 305},
			{"appName": "Duel Links", "usage": 300},
			{"appName": "Facebook", "usage": 101},
			{"appName": "카카오톡", "usage": 53},
			{"appName": "YouTube", "usage": 53},
			{"appName": "Samsung Experience 홈", "usage": 34},
			{"appName": "드라이브", "usage": 20},
			{"appName": "네이버 웹툰", "usage": 15},
			{"appName": "Polar Beat", "usage": 14},
			{"appName": "시계", "usage": 11},
			{"appName": "Between", "usage": 10},
			{"appName": "계산기", "usage": 5},
			{"appName": "Paco", "usage": 5},
			{"appName": "T전화", "usage": 4},
			{"appName": "갤러리", "usage": 2},
			{"appName": "좋은 카메라", "usage": 1},
			{"appName": "Chrome", "usage": 1}
		],
		"keys": [
			{"hour": "0", "usage": 7},
			{"hour": "1", "usage": 7},
			{"hour": "2", "usage": 1},
			{"hour": "3", "usage": 49},
			{"hour": "4", "usage": 19},
			{"hour": "5", "usage": 18},
			{"hour": "6", "usage": 32},
			{"hour": "7", "usage": 19},
			{"hour": "8", "usage": 11},
			{"hour": "9", "usage": 16},
			{"hour": "10", "usage": 27},
			{"hour": "11", "usage": 18},
			{"hour": "12", "usage": 4},
			{"hour": "13", "usage": 11},
			{"hour": "14", "usage": 12},
			{"hour": "15", "usage": 38},
			{"hour": "16", "usage": 51},
			{"hour": "17", "usage": 20},
			{"hour": "18", "usage": 111},
			{"hour": "19", "usage": 120},
			{"hour": "20", "usage": 120},
			{"hour": "21", "usage": 120},
			{"hour": "22", "usage": 69},
			{"hour": "23", "usage": 37}
		]
	},
	{
		"date": 6,
		"totalTime": 483,
		"details": [
			{"appName": "Facebook", "usage": 128},
			{"appName": "Duel Links", "usage": 106},
			{"appName": "카카오톡", "usage": 80},
			{"appName": "Samsung Experience 홈", "usage": 44},
			{"appName": "T전화", "usage": 40},
			{"appName": "YouTube", "usage": 22},
			{"appName": "Dropsync", "usage": 15},
			{"appName": "Between", "usage": 14},
			{"appName": "Samsung Pay", "usage": 5},
			{"appName": "Polar Beat", "usage": 5},
			{"appName": "계산기", "usage": 4},
			{"appName": "시스템 UI", "usage": 3},
			{"appName": "메시지", "usage": 2},
			{"appName": "Paco", "usage": 2},
			{"appName": "시계", "usage": 1},
			{"appName": "설정", "usage": 1},
			{"appName": "Zenly", "usage": 1},
			{"appName": "Chrome", "usage": 1}
		],
		"keys": [
			{"hour": "0", "usage": 52},
			{"hour": "1", "usage": 48},
			{"hour": "2", "usage": 39},
			{"hour": "3", "usage": 49},
			{"hour": "4", "usage": 31},
			{"hour": "5", "usage": 53},
			{"hour": "6", "usage": 18},
			{"hour": "7", "usage": 20},
			{"hour": "8", "usage": 20},
			{"hour": "9", "usage": 10},
			{"hour": "10", "usage": 6},
			{"hour": "11", "usage": 20},
			{"hour": "12", "usage": 7},
			{"hour": "13", "usage": 23},
			{"hour": "14", "usage": 48},
			{"hour": "15", "usage": 0},
			{"hour": "16", "usage": 1},
			{"hour": "17", "usage": 28},
			{"hour": "18", "usage": 0},
			{"hour": "19", "usage": 0},
			{"hour": "20", "usage": 0},
			{"hour": "21", "usage": 0},
			{"hour": "22", "usage": 0},
			{"hour": "23", "usage": 0}
		]
	},
	{
		"date": 7,
		"totalTime": 601,
		"details": [
			{"appName": "Duel Links", "usage": 190},
			{"appName": "Facebook", "usage": 124},
			{"appName": "YouTube", "usage": 92},
			{"appName": "카카오톡", "usage": 70},
			{"appName": "Samsung Experience 홈", "usage": 30},
			{"appName": "Chrome", "usage": 18},
			{"appName": "Polar Beat", "usage": 13},
			{"appName": "T전화", "usage": 12},
			{"appName": "Paco", "usage": 10},
			{"appName": "카카오페이지", "usage": 9},
			{"appName": "네이버 웹툰", "usage": 6},
			{"appName": "빅스비 홈", "usage": 4},
			{"appName": "Dropsync", "usage": 4},
			{"appName": "엽기떡볶이", "usage": 3},
			{"appName": "Between", "usage": 3},
			{"appName": "메시지", "usage": 2},
			{"appName": "토스", "usage": 1},
			{"appName": "시계", "usage": 1}
		],
		"keys": [
			{"hour": "0", "usage": 13},
			{"hour": "1", "usage": 22},
			{"hour": "2", "usage": 45},
			{"hour": "3", "usage": 20},
			{"hour": "4", "usage": 15},
			{"hour": "5", "usage": 50},
			{"hour": "6", "usage": 59},
			{"hour": "7", "usage": 59},
			{"hour": "8", "usage": 34},
			{"hour": "9", "usage": 4},
			{"hour": "10", "usage": 21},
			{"hour": "11", "usage": 0},
			{"hour": "12", "usage": 2},
			{"hour": "13", "usage": 3},
			{"hour": "14", "usage": 5},
			{"hour": "15", "usage": 33},
			{"hour": "16", "usage": 56},
			{"hour": "17", "usage": 54},
			{"hour": "18", "usage": 59},
			{"hour": "19", "usage": 20},
			{"hour": "20", "usage": 0},
			{"hour": "21", "usage": 0},
			{"hour": "22", "usage": 0},
			{"hour": "23", "usage": 15}
		]
	}
]
