[
	{
		"date": 1,
		"totalTime": 310,
		"details": [
			{"appName": "YouTube", "usage": 108},
			{"appName": "루리웹", "usage": 72},
			{"appName": "Discord", "usage": 32},
			{"appName": "트위터", "usage": 19},
			{"appName": "튜브박스", "usage": 15},
			{"appName": "카카오톡", "usage": 10},
			{"appName": "기본홈", "usage": 10},
			{"appName": "Polar Beat", "usage": 6},
			{"appName": "Paco", "usage": 6},
			{"appName": "EhViewer", "usage": 6},
			{"appName": "시스템 UI", "usage": 4},
			{"appName": "접근성", "usage": 3},
			{"appName": "카카오뱅크", "usage": 2},
			{"appName": "우체국 스마트뱅킹", "usage": 2},
			{"appName": "PostPay", "usage": 2},
			{"appName": "캘린더", "usage": 1},
			{"appName": "Logger", "usage": 1}
		],
		"keys": [
			{"hour": "0", "usage": 9},
			{"hour": "1", "usage": 38},
			{"hour": "2", "usage": 49},
			{"hour": "3", "usage": 35},
			{"hour": "4", "usage": 25},
			{"hour": "5", "usage": 12},
			{"hour": "6", "usage": 3},
			{"hour": "7", "usage": 3},
			{"hour": "8", "usage": 0},
			{"hour": "9", "usage": 1},
			{"hour": "10", "usage": 36},
			{"hour": "11", "usage": 2},
			{"hour": "12", "usage": 1},
			{"hour": "13", "usage": 3},
			{"hour": "14", "usage": 2},
			{"hour": "15", "usage": 40},
			{"hour": "16", "usage": 44},
			{"hour": "17", "usage": 0},
			{"hour": "18", "usage": 0},
			{"hour": "19", "usage": 0},
			{"hour": "20", "usage": 0},
			{"hour": "21", "usage": 0},
			{"hour": "22", "usage": 0},
			{"hour": "23", "usage": 0}
		]
	},
	{
		"date": 2,
		"totalTime": 370,
		"details": [
			{"appName": "Chrome", "usage": 91},
			{"appName": "Discord", "usage": 77},
			{"appName": "YouTube", "usage": 74},
			{"appName": "루리웹", "usage": 61},
			{"appName": "트위터", "usage": 21},
			{"appName": "기본홈", "usage": 8},
			{"appName": "카카오톡", "usage": 6},
			{"appName": "Paco", "usage": 5},
			{"appName": "시스템 UI", "usage": 4},
			{"appName": "EhViewer", "usage": 3},
			{"appName": "한컴오피스 viewer", "usage": 2},
			{"appName": "접근성", "usage": 2},
			{"appName": "배달요기요", "usage": 1},
			{"appName": "Wi-Fi", "usage": 1}
		],
		"keys": [
			{"hour": "0", "usage": 0},
			{"hour": "1", "usage": 38},
			{"hour": "2", "usage": 2},
			{"hour": "3", "usage": 34},
			{"hour": "4", "usage": 27},
			{"hour": "5", "usage": 59},
			{"hour": "6", "usage": 52},
			{"hour": "7", "usage": 2},
			{"hour": "8", "usage": 2},
			{"hour": "9", "usage": 4},
			{"hour": "10", "usage": 27},
			{"hour": "11", "usage": 32},
			{"hour": "12", "usage": 9},
			{"hour": "13", "usage": 7},
			{"hour": "14", "usage": 0},
			{"hour": "15", "usage": 7},
			{"hour": "16", "usage": 17},
			{"hour": "17", "usage": 44},
			{"hour": "18", "usage": 0},
			{"hour": "19", "usage": 0},
			{"hour": "20", "usage": 0},
			{"hour": "21", "usage": 0},
			{"hour": "22", "usage": 0},
			{"hour": "23", "usage": 0}
		]
	},
	{
		"date": 3,
		"totalTime": 469,
		"details": [
			{"appName": "Chrome", "usage": 324},
			{"appName": "YouTube", "usage": 65},
			{"appName": "카카오톡", "usage": 15},
			{"appName": "루리웹", "usage": 15},
			{"appName": "트위터", "usage": 13},
			{"appName": "기본홈", "usage": 8},
			{"appName": "Paco", "usage": 7},
			{"appName": "Discord", "usage": 3},
			{"appName": "통화 화면", "usage": 2},
			{"appName": "접근성", "usage": 2},
			{"appName": "Polar Beat", "usage": 2},
			{"appName": "카카오뱅크", "usage": 1},
			{"appName": "시스템 UI", "usage": 1},
			{"appName": "밥대생", "usage": 1},
			{"appName": "PAYCO", "usage": 1}
		],
		"keys": [
			{"hour": "0", "usage": 2},
			{"hour": "1", "usage": 1},
			{"hour": "2", "usage": 8},
			{"hour": "3", "usage": 59},
			{"hour": "4", "usage": 61},
			{"hour": "5", "usage": 62},
			{"hour": "6", "usage": 61},
			{"hour": "7", "usage": 60},
			{"hour": "8", "usage": 60},
			{"hour": "9", "usage": 8},
			{"hour": "10", "usage": 10},
			{"hour": "11", "usage": 31},
			{"hour": "12", "usage": 4},
			{"hour": "13", "usage": 3},
			{"hour": "14", "usage": 8},
			{"hour": "15", "usage": 0},
			{"hour": "16", "usage": 0},
			{"hour": "17", "usage": 3},
			{"hour": "18", "usage": 1},
			{"hour": "19", "usage": 13},
			{"hour": "20", "usage": 7},
			{"hour": "21", "usage": 0},
			{"hour": "22", "usage": 0},
			{"hour": "23", "usage": 0}
		]
	},
	{
		"date": 4,
		"totalTime": 105,
		"details": [
			{"appName": "루리웹", "usage": 38},
			{"appName": "YouTube", "usage": 30},
			{"appName": "트위터", "usage": 11},
			{"appName": "Discord", "usage": 6},
			{"appName": "EhViewer", "usage": 5},
			{"appName": "기본홈", "usage": 4},
			{"appName": "Paco", "usage": 3},
			{"appName": "접근성", "usage": 1},
			{"appName": "Chrome", "usage": 1}
		],
		"keys": [
			{"hour": "0", "usage": 0},
			{"hour": "1", "usage": 0},
			{"hour": "2", "usage": 20},
			{"hour": "3", "usage": 0},
			{"hour": "4", "usage": 7},
			{"hour": "5", "usage": 1},
			{"hour": "6", "usage": 8},
			{"hour": "7", "usage": 0},
			{"hour": "8", "usage": 0},
			{"hour": "9", "usage": 16},
			{"hour": "10", "usage": 0},
			{"hour": "11", "usage": 2},
			{"hour": "12", "usage": 1},
			{"hour": "13", "usage": 7},
			{"hour": "14", "usage": 0},
			{"hour": "15", "usage": 36},
			{"hour": "16", "usage": 0},
			{"hour": "17", "usage": 0},
			{"hour": "18", "usage": 0},
			{"hour": "19", "usage": 0},
			{"hour": "20", "usage": 0},
			{"hour": "21", "usage": 0},
			{"hour": "22", "usage": 0},
			{"hour": "23", "usage": 0}
		]
	},
	{
		"date": 5,
		"totalTime": 480,
		"details": [
			{"appName": "루리웹", "usage": 134},
			{"appName": "Discord", "usage": 133},
			{"appName": "YouTube", "usage": 68},
			{"appName": "Chrome", "usage": 67},
			{"appName": "시스템 UI", "usage": 23},
			{"appName": "트위터", "usage": 18},
			{"appName": "기본홈", "usage": 7},
			{"appName": "카카오톡", "usage": 5},
			{"appName": "Paco", "usage": 4},
			{"appName": "다음", "usage": 3},
			{"appName": "EhViewer", "usage": 3},
			{"appName": "Facebook", "usage": 2},
			{"appName": "접근성", "usage": 1}
		],
		"keys": [
			{"hour": "0", "usage": 17},
			{"hour": "1", "usage": 64},
			{"hour": "2", "usage": 59},
			{"hour": "3", "usage": 28},
			{"hour": "4", "usage": 59},
			{"hour": "5", "usage": 55},
			{"hour": "6", "usage": 59},
			{"hour": "7", "usage": 17},
			{"hour": "8", "usage": 40},
			{"hour": "9", "usage": 0},
			{"hour": "10", "usage": 7},
			{"hour": "11", "usage": 3},
			{"hour": "12", "usage": 0},
			{"hour": "13", "usage": 0},
			{"hour": "14", "usage": 1},
			{"hour": "15", "usage": 0},
			{"hour": "16", "usage": 57},
			{"hour": "17", "usage": 7},
			{"hour": "18", "usage": 0},
			{"hour": "19", "usage": 0},
			{"hour": "20", "usage": 0},
			{"hour": "21", "usage": 0},
			{"hour": "22", "usage": 0},
			{"hour": "23", "usage": 0}
		]
	},
	{
		"date": 6,
		"totalTime": 1532,
		"details": [
			{"appName": "iSafe", "usage": 1353},
			{"appName": "YouTube", "usage": 46},
			{"appName": "Chrome", "usage": 38},
			{"appName": "Discord", "usage": 32},
			{"appName": "루리웹", "usage": 25},
			{"appName": "Microsoft Band", "usage": 9},
			{"appName": "기본홈", "usage": 5},
			{"appName": "Paco", "usage": 4},
			{"appName": "접근성", "usage": 3},
			{"appName": "트위터", "usage": 2},
			{"appName": "통화 화면", "usage": 2},
			{"appName": "카카오뱅크", "usage": 1},
			{"appName": "설정", "usage": 1},
			{"appName": "삼성 인터넷", "usage": 1},
			{"appName": "Polar Beat", "usage": 1}
		],
		"keys": [
			{"hour": "0", "usage": 0},
			{"hour": "1", "usage": 28},
			{"hour": "2", "usage": 32},
			{"hour": "3", "usage": 10},
			{"hour": "4", "usage": 2},
			{"hour": "5", "usage": 3},
			{"hour": "6", "usage": 2},
			{"hour": "7", "usage": 1},
			{"hour": "8", "usage": 4},
			{"hour": "9", "usage": 3},
			{"hour": "10", "usage": 25},
			{"hour": "11", "usage": 23},
			{"hour": "12", "usage": 2},
			{"hour": "13", "usage": 0},
			{"hour": "14", "usage": 0},
			{"hour": "15", "usage": 0},
			{"hour": "16", "usage": 38},
			{"hour": "17", "usage": 0},
			{"hour": "18", "usage": 0},
			{"hour": "19", "usage": 0},
			{"hour": "20", "usage": 0},
			{"hour": "21", "usage": 0},
			{"hour": "22", "usage": 0},
			{"hour": "23", "usage": 0}
		]
	},
	{
		"date": 7,
		"totalTime": 520,
		"details": [
			{"appName": "루리웹", "usage": 132},
			{"appName": "Discord", "usage": 114},
			{"appName": "Chrome", "usage": 77},
			{"appName": "YouTube", "usage": 64},
			{"appName": "카카오톡", "usage": 29},
			{"appName": "트위터", "usage": 25},
			{"appName": "통화 화면", "usage": 21},
			{"appName": "기본홈", "usage": 10},
			{"appName": "EhViewer", "usage": 9},
			{"appName": "위메프", "usage": 8},
			{"appName": "Paco", "usage": 5},
			{"appName": "시스템 UI", "usage": 4},
			{"appName": "NAVER", "usage": 2},
			{"appName": "한컴오피스 viewer", "usage": 1},
			{"appName": "캘린더", "usage": 1},
			{"appName": "pixiv", "usage": 1},
			{"appName": "T멤버십", "usage": 1},
			{"appName": "Polar Beat", "usage": 1}
		],
		"keys": [
			{"hour": "0", "usage": 1},
			{"hour": "1", "usage": 51},
			{"hour": "2", "usage": 42},
			{"hour": "3", "usage": 32},
			{"hour": "4", "usage": 59},
			{"hour": "5", "usage": 56},
			{"hour": "6", "usage": 58},
			{"hour": "7", "usage": 21},
			{"hour": "8", "usage": 41},
			{"hour": "9", "usage": 35},
			{"hour": "10", "usage": 1},
			{"hour": "11", "usage": 2},
			{"hour": "12", "usage": 22},
			{"hour": "13", "usage": 0},
			{"hour": "14", "usage": 0},
			{"hour": "15", "usage": 49},
			{"hour": "16", "usage": 13},
			{"hour": "17", "usage": 0},
			{"hour": "18", "usage": 0},
			{"hour": "19", "usage": 0},
			{"hour": "20", "usage": 0},
			{"hour": "21", "usage": 0},
			{"hour": "22", "usage": 0},
			{"hour": "23", "usage": 28}
		]
	}
]
