[
	{
		"date": 1,
		"totalTime": 354,
		"details": [
			{"appName": "YouTube", "usage": 104},
			{"appName": "카카오톡", "usage": 60},
			{"appName": "삼성 인터넷", "usage": 39},
			{"appName": "Facebook", "usage": 39},
			{"appName": "Samsung Experience 홈", "usage": 30},
			{"appName": "전화", "usage": 17},
			{"appName": "Samsung Music", "usage": 8},
			{"appName": "Paco", "usage": 8},
			{"appName": "Polar Beat", "usage": 7},
			{"appName": "Messenger", "usage": 6},
			{"appName": "설정", "usage": 4},
			{"appName": "계산기", "usage": 3},
			{"appName": "카카오뱅크", "usage": 2},
			{"appName": "네이버 웹툰", "usage": 2},
			{"appName": "KLMS", "usage": 2},
			{"appName": "편한가계부", "usage": 1},
			{"appName": "연락처", "usage": 1},
			{"appName": "드라이브", "usage": 1},
			{"appName": "Samsung Pay", "usage": 1},
			{"appName": "G마켓", "usage": 1},
			{"appName": "Google Play 스토어", "usage": 1}
		],
		"keys": [
			{"hour": "0", "usage": 30},
			{"hour": "1", "usage": 9},
			{"hour": "2", "usage": 34},
			{"hour": "3", "usage": 20},
			{"hour": "4", "usage": 31},
			{"hour": "5", "usage": 11},
			{"hour": "6", "usage": 13},
			{"hour": "7", "usage": 35},
			{"hour": "8", "usage": 25},
			{"hour": "9", "usage": 33},
			{"hour": "10", "usage": 33},
			{"hour": "11", "usage": 14},
			{"hour": "12", "usage": 6},
			{"hour": "13", "usage": 0},
			{"hour": "14", "usage": 4},
			{"hour": "15", "usage": 5},
			{"hour": "16", "usage": 43},
			{"hour": "17", "usage": 0},
			{"hour": "18", "usage": 0},
			{"hour": "19", "usage": 0},
			{"hour": "20", "usage": 0},
			{"hour": "21", "usage": 0},
			{"hour": "22", "usage": 0},
			{"hour": "23", "usage": 0}
		]
	},
	{
		"date": 2,
		"totalTime": 217,
		"details": [
			{"appName": "삼성 인터넷", "usage": 54},
			{"appName": "Facebook", "usage": 35},
			{"appName": "YouTube", "usage": 27},
			{"appName": "카카오톡", "usage": 23},
			{"appName": "Samsung Experience 홈", "usage": 20},
			{"appName": "전화", "usage": 13},
			{"appName": "설정", "usage": 9},
			{"appName": "Paco", "usage": 6},
			{"appName": "Samsung Music", "usage": 5},
			{"appName": "Messenger", "usage": 4},
			{"appName": "카카오뱅크", "usage": 3},
			{"appName": "메시지", "usage": 2},
			{"appName": "AirBattery", "usage": 2},
			{"appName": "Polar Beat", "usage": 1}
		],
		"keys": [
			{"hour": "0", "usage": 12},
			{"hour": "1", "usage": 13},
			{"hour": "2", "usage": 30},
			{"hour": "3", "usage": 31},
			{"hour": "4", "usage": 25},
			{"hour": "5", "usage": 0},
			{"hour": "6", "usage": 5},
			{"hour": "7", "usage": 1},
			{"hour": "8", "usage": 2},
			{"hour": "9", "usage": 13},
			{"hour": "10", "usage": 17},
			{"hour": "11", "usage": 10},
			{"hour": "12", "usage": 0},
			{"hour": "13", "usage": 1},
			{"hour": "14", "usage": 12},
			{"hour": "15", "usage": 18},
			{"hour": "16", "usage": 19},
			{"hour": "17", "usage": 0},
			{"hour": "18", "usage": 0},
			{"hour": "19", "usage": 0},
			{"hour": "20", "usage": 0},
			{"hour": "21", "usage": 0},
			{"hour": "22", "usage": 0},
			{"hour": "23", "usage": 0}
		]
	},
	{
		"date": 3,
		"totalTime": 474,
		"details": [
			{"appName": "YouTube", "usage": 182},
			{"appName": "삼성 인터넷", "usage": 103},
			{"appName": "Facebook", "usage": 68},
			{"appName": "카카오톡", "usage": 36},
			{"appName": "네이버 웹툰", "usage": 20},
			{"appName": "Samsung Experience 홈", "usage": 16},
			{"appName": "전화", "usage": 14},
			{"appName": "Paco", "usage": 5},
			{"appName": "설정", "usage": 4},
			{"appName": "Messenger", "usage": 3},
			{"appName": "T world", "usage": 2},
			{"appName": "Polar Beat", "usage": 2},
			{"appName": "카카오뱅크", "usage": 1},
			{"appName": "시스템 UI", "usage": 1},
			{"appName": "배달의민족", "usage": 1},
			{"appName": "메시지", "usage": 1},
			{"appName": "Samsung Pay", "usage": 1},
			{"appName": "Logger", "usage": 1},
			{"appName": "Google Play 스토어", "usage": 1}
		],
		"keys": [
			{"hour": "0", "usage": 0},
			{"hour": "1", "usage": 32},
			{"hour": "2", "usage": 39},
			{"hour": "3", "usage": 9},
			{"hour": "4", "usage": 35},
			{"hour": "5", "usage": 45},
			{"hour": "6", "usage": 49},
			{"hour": "7", "usage": 0},
			{"hour": "8", "usage": 0},
			{"hour": "9", "usage": 24},
			{"hour": "10", "usage": 59},
			{"hour": "11", "usage": 57},
			{"hour": "12", "usage": 42},
			{"hour": "13", "usage": 7},
			{"hour": "14", "usage": 3},
			{"hour": "15", "usage": 1},
			{"hour": "16", "usage": 43},
			{"hour": "17", "usage": 20},
			{"hour": "18", "usage": 0},
			{"hour": "19", "usage": 0},
			{"hour": "20", "usage": 1},
			{"hour": "21", "usage": 0},
			{"hour": "22", "usage": 0},
			{"hour": "23", "usage": 0}
		]
	},
	{
		"date": 4,
		"totalTime": 425,
		"details": [
			{"appName": "YouTube", "usage": 127},
			{"appName": "카카오톡", "usage": 75},
			{"appName": "삼성 인터넷", "usage": 73},
			{"appName": "Facebook", "usage": 40},
			{"appName": "Samsung Experience 홈", "usage": 26},
			{"appName": "Polaris Office", "usage": 15},
			{"appName": "전화", "usage": 9},
			{"appName": "Samsung Music", "usage": 8},
			{"appName": "컬쳐랜드", "usage": 7},
			{"appName": "설정", "usage": 7},
			{"appName": "Paco", "usage": 5},
			{"appName": "Messenger", "usage": 4},
			{"appName": "KLMS", "usage": 4},
			{"appName": "네이버 웹툰", "usage": 2},
			{"appName": "Polar Beat", "usage": 2},
			{"appName": "Logger", "usage": 2},
			{"appName": "AirBattery", "usage": 2},
			{"appName": "시스템 UI", "usage": 1},
			{"appName": "메시지", "usage": 1},
			{"appName": "갤러리", "usage": 1}
		],
		"keys": [
			{"hour": "0", "usage": 0},
			{"hour": "1", "usage": 52},
			{"hour": "2", "usage": 36},
			{"hour": "3", "usage": 8},
			{"hour": "4", "usage": 11},
			{"hour": "5", "usage": 44},
			{"hour": "6", "usage": 0},
			{"hour": "7", "usage": 7},
			{"hour": "8", "usage": 25},
			{"hour": "9", "usage": 20},
			{"hour": "10", "usage": 30},
			{"hour": "11", "usage": 34},
			{"hour": "12", "usage": 54},
			{"hour": "13", "usage": 19},
			{"hour": "14", "usage": 9},
			{"hour": "15", "usage": 40},
			{"hour": "16", "usage": 2},
			{"hour": "17", "usage": 0},
			{"hour": "18", "usage": 0},
			{"hour": "19", "usage": 0},
			{"hour": "20", "usage": 0},
			{"hour": "21", "usage": 0},
			{"hour": "22", "usage": 0},
			{"hour": "23", "usage": 20}
		]
	},
	{
		"date": 5,
		"totalTime": 360,
		"details": [
			{"appName": "YouTube", "usage": 94},
			{"appName": "카카오톡", "usage": 52},
			{"appName": "삼성 인터넷", "usage": 44},
			{"appName": "Facebook", "usage": 37},
			{"appName": "Polaris Office", "usage": 34},
			{"appName": "Samsung Experience 홈", "usage": 25},
			{"appName": "Samsung Music", "usage": 11},
			{"appName": "네이버 웹툰", "usage": 9},
			{"appName": "KAIST Library", "usage": 7},
			{"appName": "편한가계부", "usage": 5},
			{"appName": "Paco", "usage": 5},
			{"appName": "Messenger", "usage": 4},
			{"appName": "전화", "usage": 2},
			{"appName": "KLMS", "usage": 2},
			{"appName": "컬쳐랜드", "usage": 1},
			{"appName": "에브리타임", "usage": 1},
			{"appName": "시계", "usage": 1},
			{"appName": "드라이브", "usage": 1},
			{"appName": "Samsung Pay", "usage": 1},
			{"appName": "Polar Beat", "usage": 1},
			{"appName": "", "usage": 1}
		],
		"keys": [
			{"hour": "0", "usage": 32},
			{"hour": "1", "usage": 44},
			{"hour": "2", "usage": 49},
			{"hour": "3", "usage": 32},
			{"hour": "4", "usage": 25},
			{"hour": "5", "usage": 31},
			{"hour": "6", "usage": 8},
			{"hour": "7", "usage": 17},
			{"hour": "8", "usage": 22},
			{"hour": "9", "usage": 4},
			{"hour": "10", "usage": 3},
			{"hour": "11", "usage": 2},
			{"hour": "12", "usage": 1},
			{"hour": "13", "usage": 9},
			{"hour": "14", "usage": 1},
			{"hour": "15", "usage": 9},
			{"hour": "16", "usage": 42},
			{"hour": "17", "usage": 0},
			{"hour": "18", "usage": 15},
			{"hour": "19", "usage": 0},
			{"hour": "20", "usage": 0},
			{"hour": "21", "usage": 0},
			{"hour": "22", "usage": 0},
			{"hour": "23", "usage": 5}
		]
	},
	{
		"date": 6,
		"totalTime": 464,
		"details": [
			{"appName": "삼성 인터넷", "usage": 112},
			{"appName": "YouTube", "usage": 68},
			{"appName": "카카오톡", "usage": 59},
			{"appName": "Facebook", "usage": 54},
			{"appName": "Polaris Office", "usage": 46},
			{"appName": "Samsung Experience 홈", "usage": 27},
			{"appName": "전화", "usage": 19},
			{"appName": "네이버 웹툰", "usage": 14},
			{"appName": "KLMS", "usage": 7},
			{"appName": "에브리타임", "usage": 5},
			{"appName": "기억의 신", "usage": 5},
			{"appName": "Samsung Music", "usage": 5},
			{"appName": "Paco", "usage": 5},
			{"appName": "캘린더", "usage": 4},
			{"appName": "Messenger", "usage": 4},
			{"appName": "설정", "usage": 3},
			{"appName": "이메일", "usage": 2},
			{"appName": "연락처", "usage": 2},
			{"appName": "시스템 UI", "usage": 2},
			{"appName": "메시지", "usage": 2},
			{"appName": "편한가계부", "usage": 1},
			{"appName": "시계", "usage": 1},
			{"appName": "Polar Beat", "usage": 1},
			{"appName": "AirBattery", "usage": 1}
		],
		"keys": [
			{"hour": "0", "usage": 33},
			{"hour": "1", "usage": 36},
			{"hour": "2", "usage": 23},
			{"hour": "3", "usage": 27},
			{"hour": "4", "usage": 57},
			{"hour": "5", "usage": 55},
			{"hour": "6", "usage": 43},
			{"hour": "7", "usage": 15},
			{"hour": "8", "usage": 23},
			{"hour": "9", "usage": 18},
			{"hour": "10", "usage": 9},
			{"hour": "11", "usage": 15},
			{"hour": "12", "usage": 50},
			{"hour": "13", "usage": 18},
			{"hour": "14", "usage": 1},
			{"hour": "15", "usage": 2},
			{"hour": "16", "usage": 14},
			{"hour": "17", "usage": 16},
			{"hour": "18", "usage": 0},
			{"hour": "19", "usage": 0},
			{"hour": "20", "usage": 0},
			{"hour": "21", "usage": 0},
			{"hour": "22", "usage": 0},
			{"hour": "23", "usage": 0}
		]
	},
	{
		"date": 7,
		"totalTime": 373,
		"details": [
			{"appName": "카카오톡", "usage": 83},
			{"appName": "삼성 인터넷", "usage": 73},
			{"appName": "YouTube", "usage": 67},
			{"appName": "Facebook", "usage": 42},
			{"appName": "Samsung Experience 홈", "usage": 28},
			{"appName": "Samsung Music", "usage": 15},
			{"appName": "전화", "usage": 14},
			{"appName": "갤러리", "usage": 8},
			{"appName": "기억의 신", "usage": 6},
			{"appName": "KLMS", "usage": 6},
			{"appName": "네이버 웹툰", "usage": 5},
			{"appName": "Paco", "usage": 5},
			{"appName": "편한가계부", "usage": 3},
			{"appName": "설정", "usage": 2},
			{"appName": "비디오 플레이어", "usage": 1},
			{"appName": "Polar Beat", "usage": 1},
			{"appName": "Messenger", "usage": 1},
			{"appName": "ABC Logger", "usage": 1}
		],
		"keys": [
			{"hour": "0", "usage": 19},
			{"hour": "1", "usage": 42},
			{"hour": "2", "usage": 51},
			{"hour": "3", "usage": 37},
			{"hour": "4", "usage": 39},
			{"hour": "5", "usage": 13},
			{"hour": "6", "usage": 2},
			{"hour": "7", "usage": 1},
			{"hour": "8", "usage": 0},
			{"hour": "9", "usage": 11},
			{"hour": "10", "usage": 7},
			{"hour": "11", "usage": 22},
			{"hour": "12", "usage": 26},
			{"hour": "13", "usage": 28},
			{"hour": "14", "usage": 20},
			{"hour": "15", "usage": 3},
			{"hour": "16", "usage": 29},
			{"hour": "17", "usage": 5},
			{"hour": "18", "usage": 0},
			{"hour": "19", "usage": 0},
			{"hour": "20", "usage": 0},
			{"hour": "21", "usage": 0},
			{"hour": "22", "usage": 0},
			{"hour": "23", "usage": 9}
		]
	}
]
