[
	{
		"date": 1,
		"totalTime": 396,
		"details": [
			{"appName": "문피아", "usage": 102},
			{"appName": "Facebook", "usage": 68},
			{"appName": "카카오톡", "usage": 42},
			{"appName": "카카오페이지", "usage": 35},
			{"appName": "Chrome", "usage": 33},
			{"appName": "통화", "usage": 20},
			{"appName": "One UI 홈", "usage": 17},
			{"appName": "Gmail", "usage": 13},
			{"appName": "갤러리", "usage": 9},
			{"appName": "Paco", "usage": 7},
			{"appName": "시계", "usage": 5},
			{"appName": "배달의민족", "usage": 5},
			{"appName": "드라이브", "usage": 5},
			{"appName": "네이버 웹툰", "usage": 5},
			{"appName": "Instagram", "usage": 4},
			{"appName": "롯데리아", "usage": 3},
			{"appName": "Polar Beat", "usage": 3},
			{"appName": "KAIST Library", "usage": 2},
			{"appName": "전화", "usage": 1},
			{"appName": "설정", "usage": 1},
			{"appName": "YouTube", "usage": 1},
			{"appName": "Samsung Notes", "usage": 1}
		],
		"keys": [
			{"hour": "0", "usage": 0},
			{"hour": "1", "usage": 0},
			{"hour": "2", "usage": 55},
			{"hour": "3", "usage": 22},
			{"hour": "4", "usage": 27},
			{"hour": "5", "usage": 27},
			{"hour": "6", "usage": 16},
			{"hour": "7", "usage": 16},
			{"hour": "8", "usage": 7},
			{"hour": "9", "usage": 24},
			{"hour": "10", "usage": 12},
			{"hour": "11", "usage": 19},
			{"hour": "12", "usage": 14},
			{"hour": "13", "usage": 11},
			{"hour": "14", "usage": 33},
			{"hour": "15", "usage": 9},
			{"hour": "16", "usage": 26},
			{"hour": "17", "usage": 14},
			{"hour": "18", "usage": 34},
			{"hour": "19", "usage": 0},
			{"hour": "20", "usage": 0},
			{"hour": "21", "usage": 0},
			{"hour": "22", "usage": 0},
			{"hour": "23", "usage": 20}
		]
	},
	{
		"date": 2,
		"totalTime": 364,
		"details": [
			{"appName": "문피아", "usage": 175},
			{"appName": "Samsung Notes", "usage": 39},
			{"appName": "카카오톡", "usage": 33},
			{"appName": "Chrome", "usage": 33},
			{"appName": "Facebook", "usage": 23},
			{"appName": "One UI 홈", "usage": 15},
			{"appName": "YouTube", "usage": 11},
			{"appName": "Paco", "usage": 9},
			{"appName": "카카오페이지", "usage": 4},
			{"appName": "통화", "usage": 3},
			{"appName": "메시지", "usage": 3},
			{"appName": "시계", "usage": 2},
			{"appName": "밥대생", "usage": 1},
			{"appName": "Samsung Pay", "usage": 1},
			{"appName": "Gmail", "usage": 1}
		],
		"keys": [
			{"hour": "0", "usage": 29},
			{"hour": "1", "usage": 32},
			{"hour": "2", "usage": 17},
			{"hour": "3", "usage": 21},
			{"hour": "4", "usage": 17},
			{"hour": "5", "usage": 9},
			{"hour": "6", "usage": 36},
			{"hour": "7", "usage": 8},
			{"hour": "8", "usage": 18},
			{"hour": "9", "usage": 13},
			{"hour": "10", "usage": 23},
			{"hour": "11", "usage": 25},
			{"hour": "12", "usage": 36},
			{"hour": "13", "usage": 0},
			{"hour": "14", "usage": 2},
			{"hour": "15", "usage": 2},
			{"hour": "16", "usage": 24},
			{"hour": "17", "usage": 12},
			{"hour": "18", "usage": 4},
			{"hour": "19", "usage": 8},
			{"hour": "20", "usage": 18},
			{"hour": "21", "usage": 0},
			{"hour": "22", "usage": 0},
			{"hour": "23", "usage": 1}
		]
	},
	{
		"date": 3,
		"totalTime": 339,
		"details": [
			{"appName": "문피아", "usage": 138},
			{"appName": "Facebook", "usage": 67},
			{"appName": "Chrome", "usage": 43},
			{"appName": "카카오톡", "usage": 18},
			{"appName": "통화", "usage": 13},
			{"appName": "One UI 홈", "usage": 12},
			{"appName": "배달의민족", "usage": 9},
			{"appName": "YouTube", "usage": 7},
			{"appName": "네이버 웹툰", "usage": 6},
			{"appName": "카카오페이지", "usage": 5},
			{"appName": "Paco", "usage": 5},
			{"appName": "카메라", "usage": 1},
			{"appName": "전화", "usage": 1},
			{"appName": "설정", "usage": 1},
			{"appName": "메시지", "usage": 1},
			{"appName": "MX 플레이어", "usage": 1},
			{"appName": "Gmail", "usage": 1}
		],
		"keys": [
			{"hour": "0", "usage": 22},
			{"hour": "1", "usage": 4},
			{"hour": "2", "usage": 4},
			{"hour": "3", "usage": 28},
			{"hour": "4", "usage": 57},
			{"hour": "5", "usage": 20},
			{"hour": "6", "usage": 51},
			{"hour": "7", "usage": 18},
			{"hour": "8", "usage": 44},
			{"hour": "9", "usage": 2},
			{"hour": "10", "usage": 0},
			{"hour": "11", "usage": 0},
			{"hour": "12", "usage": 0},
			{"hour": "13", "usage": 0},
			{"hour": "14", "usage": 0},
			{"hour": "15", "usage": 6},
			{"hour": "16", "usage": 9},
			{"hour": "17", "usage": 9},
			{"hour": "18", "usage": 11},
			{"hour": "19", "usage": 8},
			{"hour": "20", "usage": 38},
			{"hour": "21", "usage": 0},
			{"hour": "22", "usage": 0},
			{"hour": "23", "usage": 0}
		]
	},
	{
		"date": 4,
		"totalTime": 333,
		"details": [
			{"appName": "문피아", "usage": 154},
			{"appName": "Chrome", "usage": 50},
			{"appName": "카카오톡", "usage": 35},
			{"appName": "Facebook", "usage": 33},
			{"appName": "Samsung Notes", "usage": 18},
			{"appName": "One UI 홈", "usage": 11},
			{"appName": "통화", "usage": 10},
			{"appName": "Paco", "usage": 6},
			{"appName": "네이버 웹툰", "usage": 3},
			{"appName": "시계", "usage": 2},
			{"appName": "Samsung Pay", "usage": 1},
			{"appName": "ABC Logger", "usage": 1}
		],
		"keys": [
			{"hour": "0", "usage": 13},
			{"hour": "1", "usage": 24},
			{"hour": "2", "usage": 16},
			{"hour": "3", "usage": 33},
			{"hour": "4", "usage": 27},
			{"hour": "5", "usage": 33},
			{"hour": "6", "usage": 29},
			{"hour": "7", "usage": 0},
			{"hour": "8", "usage": 9},
			{"hour": "9", "usage": 15},
			{"hour": "10", "usage": 8},
			{"hour": "11", "usage": 19},
			{"hour": "12", "usage": 6},
			{"hour": "13", "usage": 6},
			{"hour": "14", "usage": 15},
			{"hour": "15", "usage": 46},
			{"hour": "16", "usage": 21},
			{"hour": "17", "usage": 0},
			{"hour": "18", "usage": 0},
			{"hour": "19", "usage": 0},
			{"hour": "20", "usage": 0},
			{"hour": "21", "usage": 0},
			{"hour": "22", "usage": 0},
			{"hour": "23", "usage": 4}
		]
	},
	{
		"date": 5,
		"totalTime": 327,
		"details": [
			{"appName": "Facebook", "usage": 79},
			{"appName": "문피아", "usage": 55},
			{"appName": "YouTube", "usage": 38},
			{"appName": "카카오톡", "usage": 36},
			{"appName": "Chrome", "usage": 32},
			{"appName": "네이버 웹툰", "usage": 31},
			{"appName": "카카오페이지", "usage": 13},
			{"appName": "One UI 홈", "usage": 12},
			{"appName": "갤러리", "usage": 9},
			{"appName": "Paco", "usage": 5},
			{"appName": "통화", "usage": 3},
			{"appName": "NAVER", "usage": 2},
			{"appName": "Instagram", "usage": 2}
		],
		"keys": [
			{"hour": "0", "usage": 37},
			{"hour": "1", "usage": 12},
			{"hour": "2", "usage": 5},
			{"hour": "3", "usage": 33},
			{"hour": "4", "usage": 25},
			{"hour": "5", "usage": 19},
			{"hour": "6", "usage": 0},
			{"hour": "7", "usage": 10},
			{"hour": "8", "usage": 23},
			{"hour": "9", "usage": 35},
			{"hour": "10", "usage": 13},
			{"hour": "11", "usage": 31},
			{"hour": "12", "usage": 4},
			{"hour": "13", "usage": 3},
			{"hour": "14", "usage": 2},
			{"hour": "15", "usage": 18},
			{"hour": "16", "usage": 5},
			{"hour": "17", "usage": 45},
			{"hour": "18", "usage": 0},
			{"hour": "19", "usage": 0},
			{"hour": "20", "usage": 0},
			{"hour": "21", "usage": 0},
			{"hour": "22", "usage": 0},
			{"hour": "23", "usage": 0}
		]
	},
	{
		"date": 6,
		"totalTime": 391,
		"details": [
			{"appName": "카카오페이지", "usage": 124},
			{"appName": "카카오톡", "usage": 59},
			{"appName": "Facebook", "usage": 47},
			{"appName": "문피아", "usage": 36},
			{"appName": "YouTube", "usage": 34},
			{"appName": "Chrome", "usage": 27},
			{"appName": "One UI 홈", "usage": 14},
			{"appName": "통화", "usage": 7},
			{"appName": "시계", "usage": 7},
			{"appName": "네이버 웹툰", "usage": 7},
			{"appName": "NAVER", "usage": 6},
			{"appName": "Samsung Notes", "usage": 4},
			{"appName": "Paco", "usage": 4},
			{"appName": "롯데리아", "usage": 2},
			{"appName": "메시지", "usage": 1},
			{"appName": "Samsung Pay", "usage": 1},
			{"appName": "ABC Logger", "usage": 1}
		],
		"keys": [
			{"hour": "0", "usage": 0},
			{"hour": "1", "usage": 2},
			{"hour": "2", "usage": 49},
			{"hour": "3", "usage": 44},
			{"hour": "4", "usage": 57},
			{"hour": "5", "usage": 5},
			{"hour": "6", "usage": 12},
			{"hour": "7", "usage": 31},
			{"hour": "8", "usage": 25},
			{"hour": "9", "usage": 28},
			{"hour": "10", "usage": 29},
			{"hour": "11", "usage": 1},
			{"hour": "12", "usage": 12},
			{"hour": "13", "usage": 5},
			{"hour": "14", "usage": 4},
			{"hour": "15", "usage": 2},
			{"hour": "16", "usage": 3},
			{"hour": "17", "usage": 57},
			{"hour": "18", "usage": 3},
			{"hour": "19", "usage": 0},
			{"hour": "20", "usage": 0},
			{"hour": "21", "usage": 0},
			{"hour": "22", "usage": 0},
			{"hour": "23", "usage": 7}
		]
	},
	{
		"date": 7,
		"totalTime": 533,
		"details": [
			{"appName": "Chrome", "usage": 152},
			{"appName": "Facebook", "usage": 128},
			{"appName": "카카오페이지", "usage": 117},
			{"appName": "문피아", "usage": 31},
			{"appName": "YouTube", "usage": 29},
			{"appName": "카카오톡", "usage": 26},
			{"appName": "One UI 홈", "usage": 9},
			{"appName": "Paco", "usage": 5},
			{"appName": "Samsung Notes", "usage": 4},
			{"appName": "통화", "usage": 3},
			{"appName": "우리카드", "usage": 3},
			{"appName": "갤러리", "usage": 3},
			{"appName": "Instagram", "usage": 3},
			{"appName": "네이버 웹툰", "usage": 2},
			{"appName": "원터치알림", "usage": 1},
			{"appName": "시계", "usage": 1},
			{"appName": "메시지", "usage": 1},
			{"appName": "Word", "usage": 1}
		],
		"keys": [
			{"hour": "0", "usage": 15},
			{"hour": "1", "usage": 10},
			{"hour": "2", "usage": 6},
			{"hour": "3", "usage": 37},
			{"hour": "4", "usage": 58},
			{"hour": "5", "usage": 25},
			{"hour": "6", "usage": 19},
			{"hour": "7", "usage": 8},
			{"hour": "8", "usage": 25},
			{"hour": "9", "usage": 24},
			{"hour": "10", "usage": 1},
			{"hour": "11", "usage": 15},
			{"hour": "12", "usage": 27},
			{"hour": "13", "usage": 13},
			{"hour": "14", "usage": 13},
			{"hour": "15", "usage": 59},
			{"hour": "16", "usage": 55},
			{"hour": "17", "usage": 59},
			{"hour": "18", "usage": 53},
			{"hour": "19", "usage": 0},
			{"hour": "20", "usage": 0},
			{"hour": "21", "usage": 0},
			{"hour": "22", "usage": 0},
			{"hour": "23", "usage": 1}
		]
	}
]
