[
	{
		"date": 1,
		"totalTime": 446,
		"details": [
			{"appName": "YouTube", "usage": 89},
			{"appName": "Facebook", "usage": 63},
			{"appName": "NAVER", "usage": 59},
			{"appName": "카카오톡", "usage": 55},
			{"appName": "삼성 인터넷", "usage": 46},
			{"appName": "캐시워크", "usage": 29},
			{"appName": "AfreecaTV", "usage": 27},
			{"appName": "Samsung Experience 홈", "usage": 22},
			{"appName": "메시지", "usage": 10},
			{"appName": "카카오뱅크", "usage": 9},
			{"appName": "Paco", "usage": 8},
			{"appName": "한국투자 주식", "usage": 5},
			{"appName": "알바천국", "usage": 3},
			{"appName": "알바몬", "usage": 2},
			{"appName": "설정", "usage": 2},
			{"appName": "Google Play 스토어", "usage": 2},
			{"appName": "코레일톡", "usage": 1},
			{"appName": "Polar Beat", "usage": 1}
		],
		"keys": [
			{"hour": "0", "usage": 55},
			{"hour": "1", "usage": 27},
			{"hour": "2", "usage": 15},
			{"hour": "3", "usage": 23},
			{"hour": "4", "usage": 31},
			{"hour": "5", "usage": 37},
			{"hour": "6", "usage": 56},
			{"hour": "7", "usage": 22},
			{"hour": "8", "usage": 18},
			{"hour": "9", "usage": 15},
			{"hour": "10", "usage": 0},
			{"hour": "11", "usage": 38},
			{"hour": "12", "usage": 0},
			{"hour": "13", "usage": 30},
			{"hour": "14", "usage": 13},
			{"hour": "15", "usage": 0},
			{"hour": "16", "usage": 12},
			{"hour": "17", "usage": 0},
			{"hour": "18", "usage": 5},
			{"hour": "19", "usage": 42},
			{"hour": "20", "usage": 0},
			{"hour": "21", "usage": 0},
			{"hour": "22", "usage": 0},
			{"hour": "23", "usage": 0}
		]
	},
	{
		"date": 2,
		"totalTime": 590,
		"details": [
			{"appName": "카카오톡", "usage": 144},
			{"appName": "YouTube", "usage": 133},
			{"appName": "캐시워크", "usage": 94},
			{"appName": "Facebook", "usage": 84},
			{"appName": "삼성 인터넷", "usage": 25},
			{"appName": "Samsung Experience 홈", "usage": 20},
			{"appName": "픽테일 - NewYork", "usage": 14},
			{"appName": "옥션", "usage": 14},
			{"appName": "통화", "usage": 9},
			{"appName": "카메라", "usage": 8},
			{"appName": "티몬", "usage": 7},
			{"appName": "시계", "usage": 6},
			{"appName": "Paco", "usage": 6},
			{"appName": "메시지", "usage": 5},
			{"appName": "AfreecaTV", "usage": 4},
			{"appName": "전화", "usage": 2},
			{"appName": "네이버 지도", "usage": 2},
			{"appName": "Google Play 스토어", "usage": 1}
		],
		"keys": [
			{"hour": "0", "usage": 50},
			{"hour": "1", "usage": 23},
			{"hour": "2", "usage": 52},
			{"hour": "3", "usage": 50},
			{"hour": "4", "usage": 60},
			{"hour": "5", "usage": 54},
			{"hour": "6", "usage": 27},
			{"hour": "7", "usage": 21},
			{"hour": "8", "usage": 10},
			{"hour": "9", "usage": 21},
			{"hour": "10", "usage": 43},
			{"hour": "11", "usage": 23},
			{"hour": "12", "usage": 11},
			{"hour": "13", "usage": 20},
			{"hour": "14", "usage": 9},
			{"hour": "15", "usage": 7},
			{"hour": "16", "usage": 11},
			{"hour": "17", "usage": 9},
			{"hour": "18", "usage": 15},
			{"hour": "19", "usage": 10},
			{"hour": "20", "usage": 0},
			{"hour": "21", "usage": 0},
			{"hour": "22", "usage": 0},
			{"hour": "23", "usage": 13}
		]
	},
	{
		"date": 3,
		"totalTime": 381,
		"details": [
			{"appName": "삼성 인터넷", "usage": 114},
			{"appName": "YouTube", "usage": 67},
			{"appName": "캐시워크", "usage": 62},
			{"appName": "카카오톡", "usage": 45},
			{"appName": "Facebook", "usage": 40},
			{"appName": "Samsung Experience 홈", "usage": 25},
			{"appName": "Samsung Pay", "usage": 7},
			{"appName": "통화", "usage": 6},
			{"appName": "전화", "usage": 2},
			{"appName": "에브리타임", "usage": 2},
			{"appName": "Paco", "usage": 2},
			{"appName": "갤러리", "usage": 1}
		],
		"keys": [
			{"hour": "0", "usage": 57},
			{"hour": "1", "usage": 26},
			{"hour": "2", "usage": 6},
			{"hour": "3", "usage": 3},
			{"hour": "4", "usage": 7},
			{"hour": "5", "usage": 12},
			{"hour": "6", "usage": 0},
			{"hour": "7", "usage": 12},
			{"hour": "8", "usage": 0},
			{"hour": "9", "usage": 0},
			{"hour": "10", "usage": 10},
			{"hour": "11", "usage": 34},
			{"hour": "12", "usage": 10},
			{"hour": "13", "usage": 1},
			{"hour": "14", "usage": 28},
			{"hour": "15", "usage": 22},
			{"hour": "16", "usage": 5},
			{"hour": "17", "usage": 0},
			{"hour": "18", "usage": 11},
			{"hour": "19", "usage": 42},
			{"hour": "20", "usage": 0},
			{"hour": "21", "usage": 14},
			{"hour": "22", "usage": 32},
			{"hour": "23", "usage": 42}
		]
	},
	{
		"date": 4,
		"totalTime": 357,
		"details": [
			{"appName": "카카오톡", "usage": 81},
			{"appName": "드라이브", "usage": 56},
			{"appName": "YouTube", "usage": 55},
			{"appName": "Facebook", "usage": 53},
			{"appName": "YouTube Music", "usage": 20},
			{"appName": "Samsung Experience 홈", "usage": 18},
			{"appName": "삼성 인터넷", "usage": 16},
			{"appName": "캐시워크", "usage": 14},
			{"appName": "모바일 티머니", "usage": 10},
			{"appName": "Samsung Pay", "usage": 9},
			{"appName": "코레일톡", "usage": 8},
			{"appName": "Paco", "usage": 3},
			{"appName": "통화", "usage": 2},
			{"appName": "설정", "usage": 1},
			{"appName": "Polar Beat", "usage": 1},
			{"appName": "Google Play 스토어", "usage": 1}
		],
		"keys": [
			{"hour": "0", "usage": 24},
			{"hour": "1", "usage": 46},
			{"hour": "2", "usage": 7},
			{"hour": "3", "usage": 49},
			{"hour": "4", "usage": 13},
			{"hour": "5", "usage": 17},
			{"hour": "6", "usage": 19},
			{"hour": "7", "usage": 17},
			{"hour": "8", "usage": 21},
			{"hour": "9", "usage": 6},
			{"hour": "10", "usage": 0},
			{"hour": "11", "usage": 0},
			{"hour": "12", "usage": 0},
			{"hour": "13", "usage": 1},
			{"hour": "14", "usage": 28},
			{"hour": "15", "usage": 2},
			{"hour": "16", "usage": 26},
			{"hour": "17", "usage": 0},
			{"hour": "18", "usage": 0},
			{"hour": "19", "usage": 0},
			{"hour": "20", "usage": 0},
			{"hour": "21", "usage": 0},
			{"hour": "22", "usage": 23},
			{"hour": "23", "usage": 32}
		]
	},
	{
		"date": 5,
		"totalTime": 453,
		"details": [
			{"appName": "카카오톡", "usage": 128},
			{"appName": "삼성 인터넷", "usage": 96},
			{"appName": "Facebook", "usage": 67},
			{"appName": "YouTube", "usage": 48},
			{"appName": "YouTube Music", "usage": 34},
			{"appName": "AfreecaTV", "usage": 32},
			{"appName": "Samsung Experience 홈", "usage": 24},
			{"appName": "Paco", "usage": 4},
			{"appName": "통화", "usage": 2},
			{"appName": "메시지", "usage": 2},
			{"appName": "Samsung Pay", "usage": 2},
			{"appName": "원터치개인", "usage": 1},
			{"appName": "실행 프로그램", "usage": 1},
			{"appName": "Samsung Music", "usage": 1}
		],
		"keys": [
			{"hour": "0", "usage": 49},
			{"hour": "1", "usage": 57},
			{"hour": "2", "usage": 20},
			{"hour": "3", "usage": 14},
			{"hour": "4", "usage": 25},
			{"hour": "5", "usage": 49},
			{"hour": "6", "usage": 6},
			{"hour": "7", "usage": 11},
			{"hour": "8", "usage": 39},
			{"hour": "9", "usage": 9},
			{"hour": "10", "usage": 17},
			{"hour": "11", "usage": 7},
			{"hour": "12", "usage": 16},
			{"hour": "13", "usage": 45},
			{"hour": "14", "usage": 59},
			{"hour": "15", "usage": 21},
			{"hour": "16", "usage": 0},
			{"hour": "17", "usage": 0},
			{"hour": "18", "usage": 0},
			{"hour": "19", "usage": 0},
			{"hour": "20", "usage": 0},
			{"hour": "21", "usage": 0},
			{"hour": "22", "usage": 0},
			{"hour": "23", "usage": 0}
		]
	},
	{
		"date": 6,
		"totalTime": 684,
		"details": [
			{"appName": "AfreecaTV", "usage": 272},
			{"appName": "YouTube", "usage": 191},
			{"appName": "Facebook", "usage": 133},
			{"appName": "카카오톡", "usage": 53},
			{"appName": "삼성 인터넷", "usage": 20},
			{"appName": "Samsung Experience 홈", "usage": 6},
			{"appName": "Paco", "usage": 3}
		],
		"keys": [
			{"hour": "0", "usage": 29},
			{"hour": "1", "usage": 11},
			{"hour": "2", "usage": 8},
			{"hour": "3", "usage": 18},
			{"hour": "4", "usage": 16},
			{"hour": "5", "usage": 24},
			{"hour": "6", "usage": 58},
			{"hour": "7", "usage": 59},
			{"hour": "8", "usage": 52},
			{"hour": "9", "usage": 0},
			{"hour": "10", "usage": 22},
			{"hour": "11", "usage": 51},
			{"hour": "12", "usage": 58},
			{"hour": "13", "usage": 6},
			{"hour": "14", "usage": 40},
			{"hour": "15", "usage": 59},
			{"hour": "16", "usage": 60},
			{"hour": "17", "usage": 60},
			{"hour": "18", "usage": 41},
			{"hour": "19", "usage": 0},
			{"hour": "20", "usage": 0},
			{"hour": "21", "usage": 0},
			{"hour": "22", "usage": 0},
			{"hour": "23", "usage": 2}
		]
	},
	{
		"date": 7,
		"totalTime": 397,
		"details": [
			{"appName": "YouTube", "usage": 115},
			{"appName": "카카오톡", "usage": 73},
			{"appName": "삼성 인터넷", "usage": 73},
			{"appName": "Facebook", "usage": 61},
			{"appName": "AfreecaTV", "usage": 39},
			{"appName": "Samsung Experience 홈", "usage": 15},
			{"appName": "갤러리", "usage": 5},
			{"appName": "코레일톡", "usage": 4},
			{"appName": "모바일 티머니", "usage": 1},
			{"appName": "Samsung Pay", "usage": 1},
			{"appName": "Paco", "usage": 1},
			{"appName": "Messenger", "usage": 1}
		],
		"keys": [
			{"hour": "0", "usage": 48},
			{"hour": "1", "usage": 53},
			{"hour": "2", "usage": 11},
			{"hour": "3", "usage": 42},
			{"hour": "4", "usage": 47},
			{"hour": "5", "usage": 51},
			{"hour": "6", "usage": 43},
			{"hour": "7", "usage": 53},
			{"hour": "8", "usage": 5},
			{"hour": "9", "usage": 31},
			{"hour": "10", "usage": 9},
			{"hour": "11", "usage": 0},
			{"hour": "12", "usage": 0},
			{"hour": "13", "usage": 0},
			{"hour": "14", "usage": 0},
			{"hour": "15", "usage": 0},
			{"hour": "16", "usage": 0},
			{"hour": "17", "usage": 0},
			{"hour": "18", "usage": 0},
			{"hour": "19", "usage": 0},
			{"hour": "20", "usage": 0},
			{"hour": "21", "usage": 0},
			{"hour": "22", "usage": 0},
			{"hour": "23", "usage": 0}
		]
	}
]
