[
	{
		"date": 1,
		"totalTime": 607,
		"details": [
			{"appName": "메모장", "usage": 224},
			{"appName": "Chrome", "usage": 151},
			{"appName": "카카오톡", "usage": 79},
			{"appName": "디시인사이드", "usage": 53},
			{"appName": "시계", "usage": 20},
			{"appName": "Samsung Experience 홈", "usage": 19},
			{"appName": "갤러리", "usage": 15},
			{"appName": "Polar Beat", "usage": 11},
			{"appName": "Paco", "usage": 8},
			{"appName": "Lite", "usage": 8},
			{"appName": "Discord", "usage": 6},
			{"appName": "설정", "usage": 3},
			{"appName": "FOW.KR", "usage": 1},
			{"appName": "EhViewer", "usage": 1}
		],
		"keys": [
			{"hour": "0", "usage": 3},
			{"hour": "1", "usage": 33},
			{"hour": "2", "usage": 14},
			{"hour": "3", "usage": 0},
			{"hour": "4", "usage": 6},
			{"hour": "5", "usage": 48},
			{"hour": "6", "usage": 50},
			{"hour": "7", "usage": 24},
			{"hour": "8", "usage": 51},
			{"hour": "9", "usage": 52},
			{"hour": "10", "usage": 11},
			{"hour": "11", "usage": 1},
			{"hour": "12", "usage": 34},
			{"hour": "13", "usage": 27},
			{"hour": "14", "usage": 59},
			{"hour": "15", "usage": 41},
			{"hour": "16", "usage": 49},
			{"hour": "17", "usage": 59},
			{"hour": "18", "usage": 28},
			{"hour": "19", "usage": 0},
			{"hour": "20", "usage": 0},
			{"hour": "21", "usage": 0},
			{"hour": "22", "usage": 0},
			{"hour": "23", "usage": 7}
		]
	},
	{
		"date": 2,
		"totalTime": 539,
		"details": [
			{"appName": "Chrome", "usage": 211},
			{"appName": "디시인사이드", "usage": 116},
			{"appName": "카카오톡", "usage": 73},
			{"appName": "Lite", "usage": 43},
			{"appName": "갤러리", "usage": 17},
			{"appName": "카메라", "usage": 13},
			{"appName": "시계", "usage": 12},
			{"appName": "Samsung Experience 홈", "usage": 12},
			{"appName": "Discord", "usage": 12},
			{"appName": "삼성 인터넷", "usage": 6},
			{"appName": "Paco", "usage": 6},
			{"appName": "네이버 카페", "usage": 3},
			{"appName": "전화", "usage": 1},
			{"appName": "설정", "usage": 1},
			{"appName": "FOW.KR", "usage": 1}
		],
		"keys": [
			{"hour": "0", "usage": 14},
			{"hour": "1", "usage": 26},
			{"hour": "2", "usage": 0},
			{"hour": "3", "usage": 40},
			{"hour": "4", "usage": 25},
			{"hour": "5", "usage": 52},
			{"hour": "6", "usage": 5},
			{"hour": "7", "usage": 31},
			{"hour": "8", "usage": 57},
			{"hour": "9", "usage": 41},
			{"hour": "10", "usage": 12},
			{"hour": "11", "usage": 7},
			{"hour": "12", "usage": 30},
			{"hour": "13", "usage": 0},
			{"hour": "14", "usage": 0},
			{"hour": "15", "usage": 0},
			{"hour": "16", "usage": 26},
			{"hour": "17", "usage": 29},
			{"hour": "18", "usage": 40},
			{"hour": "19", "usage": 60},
			{"hour": "20", "usage": 36},
			{"hour": "21", "usage": 0},
			{"hour": "22", "usage": 0},
			{"hour": "23", "usage": 0}
		]
	},
	{
		"date": 3,
		"totalTime": 719,
		"details": [
			{"appName": "Chrome", "usage": 280},
			{"appName": "디시인사이드", "usage": 156},
			{"appName": "Discord", "usage": 80},
			{"appName": "카카오톡", "usage": 71},
			{"appName": "FOW.KR", "usage": 52},
			{"appName": "Lite", "usage": 20},
			{"appName": "시계", "usage": 15},
			{"appName": "네이버 카페", "usage": 10},
			{"appName": "Samsung Experience 홈", "usage": 8},
			{"appName": "갤러리", "usage": 5},
			{"appName": "Paco", "usage": 4},
			{"appName": "설정", "usage": 2},
			{"appName": "토스", "usage": 1},
			{"appName": "지도", "usage": 1},
			{"appName": "Polar Beat", "usage": 1},
			{"appName": "EhViewer", "usage": 1}
		],
		"keys": [
			{"hour": "0", "usage": 0},
			{"hour": "1", "usage": 6},
			{"hour": "2", "usage": 1},
			{"hour": "3", "usage": 0},
			{"hour": "4", "usage": 33},
			{"hour": "5", "usage": 59},
			{"hour": "6", "usage": 44},
			{"hour": "7", "usage": 51},
			{"hour": "8", "usage": 12},
			{"hour": "9", "usage": 19},
			{"hour": "10", "usage": 42},
			{"hour": "11", "usage": 27},
			{"hour": "12", "usage": 45},
			{"hour": "13", "usage": 45},
			{"hour": "14", "usage": 36},
			{"hour": "15", "usage": 47},
			{"hour": "16", "usage": 54},
			{"hour": "17", "usage": 34},
			{"hour": "18", "usage": 31},
			{"hour": "19", "usage": 31},
			{"hour": "20", "usage": 23},
			{"hour": "21", "usage": 18},
			{"hour": "22", "usage": 33},
			{"hour": "23", "usage": 17}
		]
	},
	{
		"date": 4,
		"totalTime": 714,
		"details": [
			{"appName": "Chrome", "usage": 238},
			{"appName": "카카오톡", "usage": 174},
			{"appName": "디시인사이드", "usage": 139},
			{"appName": "Discord", "usage": 57},
			{"appName": "Lite", "usage": 22},
			{"appName": "FOW.KR", "usage": 18},
			{"appName": "음악 플레이어", "usage": 16},
			{"appName": "Samsung Experience 홈", "usage": 9},
			{"appName": "네이버 사전", "usage": 8},
			{"appName": "인터파크", "usage": 5},
			{"appName": "설정", "usage": 5},
			{"appName": "원터치알림", "usage": 4},
			{"appName": "시계", "usage": 2},
			{"appName": "Paco", "usage": 2},
			{"appName": "EhViewer", "usage": 2},
			{"appName": "삼성 인터넷", "usage": 1},
			{"appName": "배달요기요", "usage": 1},
			{"appName": "네이버 카페", "usage": 1}
		],
		"keys": [
			{"hour": "0", "usage": 24},
			{"hour": "1", "usage": 56},
			{"hour": "2", "usage": 14},
			{"hour": "3", "usage": 13},
			{"hour": "4", "usage": 0},
			{"hour": "5", "usage": 18},
			{"hour": "6", "usage": 50},
			{"hour": "7", "usage": 20},
			{"hour": "8", "usage": 37},
			{"hour": "9", "usage": 57},
			{"hour": "10", "usage": 50},
			{"hour": "11", "usage": 53},
			{"hour": "12", "usage": 5},
			{"hour": "13", "usage": 59},
			{"hour": "14", "usage": 59},
			{"hour": "15", "usage": 59},
			{"hour": "16", "usage": 35},
			{"hour": "17", "usage": 36},
			{"hour": "18", "usage": 37},
			{"hour": "19", "usage": 21},
			{"hour": "20", "usage": 0},
			{"hour": "21", "usage": 0},
			{"hour": "22", "usage": 0},
			{"hour": "23", "usage": 0}
		]
	},
	{
		"date": 5,
		"totalTime": 807,
		"details": [
			{"appName": "카카오톡", "usage": 290},
			{"appName": "디시인사이드", "usage": 181},
			{"appName": "Chrome", "usage": 174},
			{"appName": "Discord", "usage": 47},
			{"appName": "삼성 인터넷", "usage": 25},
			{"appName": "Samsung Experience 홈", "usage": 21},
			{"appName": "Lite", "usage": 20},
			{"appName": "Paco", "usage": 15},
			{"appName": "갤러리", "usage": 4},
			{"appName": "FOW.KR", "usage": 4},
			{"appName": "파일", "usage": 3},
			{"appName": "원터치알림", "usage": 3},
			{"appName": "EhViewer", "usage": 3},
			{"appName": "배달요기요", "usage": 2},
			{"appName": "이미지 용량 줄이기", "usage": 1},
			{"appName": "시계", "usage": 1},
			{"appName": "메모장", "usage": 1},
			{"appName": "Google Play 스토어", "usage": 1}
		],
		"keys": [
			{"hour": "0", "usage": 0},
			{"hour": "1", "usage": 0},
			{"hour": "2", "usage": 0},
			{"hour": "3", "usage": 1},
			{"hour": "4", "usage": 59},
			{"hour": "5", "usage": 57},
			{"hour": "6", "usage": 59},
			{"hour": "7", "usage": 44},
			{"hour": "8", "usage": 58},
			{"hour": "9", "usage": 37},
			{"hour": "10", "usage": 41},
			{"hour": "11", "usage": 0},
			{"hour": "12", "usage": 52},
			{"hour": "13", "usage": 59},
			{"hour": "14", "usage": 59},
			{"hour": "15", "usage": 59},
			{"hour": "16", "usage": 59},
			{"hour": "17", "usage": 54},
			{"hour": "18", "usage": 45},
			{"hour": "19", "usage": 28},
			{"hour": "20", "usage": 26},
			{"hour": "21", "usage": 0},
			{"hour": "22", "usage": 0},
			{"hour": "23", "usage": 0}
		]
	},
	{
		"date": 6,
		"totalTime": 921,
		"details": [
			{"appName": "카카오톡", "usage": 331},
			{"appName": "Chrome", "usage": 241},
			{"appName": "디시인사이드", "usage": 197},
			{"appName": "Discord", "usage": 32},
			{"appName": "Samsung Experience 홈", "usage": 19},
			{"appName": "리멤버", "usage": 14},
			{"appName": "Lite", "usage": 12},
			{"appName": "FOW.KR", "usage": 12},
			{"appName": "시계", "usage": 11},
			{"appName": "토스", "usage": 10},
			{"appName": "메모장", "usage": 8},
			{"appName": "전화", "usage": 5},
			{"appName": "Polar Beat", "usage": 4},
			{"appName": "Paco", "usage": 4},
			{"appName": "설정", "usage": 3},
			{"appName": "밥대생", "usage": 2},
			{"appName": "카메라", "usage": 1},
			{"appName": "KAIST Portal", "usage": 1}
		],
		"keys": [
			{"hour": "0", "usage": 16},
			{"hour": "1", "usage": 59},
			{"hour": "2", "usage": 56},
			{"hour": "3", "usage": 49},
			{"hour": "4", "usage": 48},
			{"hour": "5", "usage": 22},
			{"hour": "6", "usage": 59},
			{"hour": "7", "usage": 54},
			{"hour": "8", "usage": 59},
			{"hour": "9", "usage": 46},
			{"hour": "10", "usage": 47},
			{"hour": "11", "usage": 48},
			{"hour": "12", "usage": 59},
			{"hour": "13", "usage": 56},
			{"hour": "14", "usage": 59},
			{"hour": "15", "usage": 47},
			{"hour": "16", "usage": 47},
			{"hour": "17", "usage": 28},
			{"hour": "18", "usage": 16},
			{"hour": "19", "usage": 23},
			{"hour": "20", "usage": 0},
			{"hour": "21", "usage": 0},
			{"hour": "22", "usage": 0},
			{"hour": "23", "usage": 11}
		]
	},
	{
		"date": 7,
		"totalTime": 304,
		"details": [
			{"appName": "카카오톡", "usage": 83},
			{"appName": "Chrome", "usage": 82},
			{"appName": "네이버 지도", "usage": 66},
			{"appName": "디시인사이드", "usage": 18},
			{"appName": "Samsung Experience 홈", "usage": 13},
			{"appName": "시계", "usage": 11},
			{"appName": "Discord", "usage": 11},
			{"appName": "Lite", "usage": 3},
			{"appName": "FOW.KR", "usage": 3},
			{"appName": "Paco", "usage": 2},
			{"appName": "메시지", "usage": 1},
			{"appName": "메모장", "usage": 1},
			{"appName": "YouTube", "usage": 1}
		],
		"keys": [
			{"hour": "0", "usage": 0},
			{"hour": "1", "usage": 10},
			{"hour": "2", "usage": 5},
			{"hour": "3", "usage": 5},
			{"hour": "4", "usage": 44},
			{"hour": "5", "usage": 0},
			{"hour": "6", "usage": 0},
			{"hour": "7", "usage": 34},
			{"hour": "8", "usage": 40},
			{"hour": "9", "usage": 44},
			{"hour": "10", "usage": 17},
			{"hour": "11", "usage": 38},
			{"hour": "12", "usage": 41},
			{"hour": "13", "usage": 20},
			{"hour": "14", "usage": 0},
			{"hour": "15", "usage": 0},
			{"hour": "16", "usage": 0},
			{"hour": "17", "usage": 0},
			{"hour": "18", "usage": 0},
			{"hour": "19", "usage": 0},
			{"hour": "20", "usage": 0},
			{"hour": "21", "usage": 0},
			{"hour": "22", "usage": 0},
			{"hour": "23", "usage": 0}
		]
	}
]
