[
	{
		"date": 1,
		"totalTime": 281,
		"details": [
			{"appName": "카카오톡", "usage": 86},
			{"appName": "Chrome", "usage": 58},
			{"appName": "Facebook", "usage": 31},
			{"appName": "카카오페이지", "usage": 23},
			{"appName": "캐시슬라이드 스텝업", "usage": 19},
			{"appName": "통화 화면", "usage": 8},
			{"appName": "Polar Beat", "usage": 7},
			{"appName": "Paco", "usage": 6},
			{"appName": "프레젠테이션", "usage": 5},
			{"appName": "기본홈", "usage": 5},
			{"appName": "Instagram", "usage": 5},
			{"appName": "시스템 UI", "usage": 4},
			{"appName": "카카오 T", "usage": 3},
			{"appName": "메시지", "usage": 3},
			{"appName": "알람/시계", "usage": 2},
			{"appName": "주소록", "usage": 1},
			{"appName": "KB스타알림", "usage": 1}
		],
		"keys": [
			{"hour": "0", "usage": 0},
			{"hour": "1", "usage": 14},
			{"hour": "2", "usage": 17},
			{"hour": "3", "usage": 29},
			{"hour": "4", "usage": 13},
			{"hour": "5", "usage": 19},
			{"hour": "6", "usage": 0},
			{"hour": "7", "usage": 10},
			{"hour": "8", "usage": 12},
			{"hour": "9", "usage": 10},
			{"hour": "10", "usage": 14},
			{"hour": "11", "usage": 16},
			{"hour": "12", "usage": 13},
			{"hour": "13", "usage": 13},
			{"hour": "14", "usage": 2},
			{"hour": "15", "usage": 0},
			{"hour": "16", "usage": 0},
			{"hour": "17", "usage": 17},
			{"hour": "18", "usage": 43},
			{"hour": "19", "usage": 29},
			{"hour": "20", "usage": 0},
			{"hour": "21", "usage": 0},
			{"hour": "22", "usage": 0},
			{"hour": "23", "usage": 0}
		]
	},
	{
		"date": 2,
		"totalTime": 307,
		"details": [
			{"appName": "카카오톡", "usage": 80},
			{"appName": "Chrome", "usage": 79},
			{"appName": "드라이브", "usage": 35},
			{"appName": "Instagram", "usage": 20},
			{"appName": "캐시슬라이드 스텝업", "usage": 16},
			{"appName": "기본홈", "usage": 8},
			{"appName": "통화 화면", "usage": 7},
			{"appName": "Polar Beat", "usage": 7},
			{"appName": "Kahoot!", "usage": 7},
			{"appName": "KLMS", "usage": 6},
			{"appName": "Google", "usage": 6},
			{"appName": "시스템 UI", "usage": 4},
			{"appName": "Paco", "usage": 4},
			{"appName": "Facebook", "usage": 4},
			{"appName": "카카오페이지", "usage": 3},
			{"appName": "알람/시계", "usage": 2},
			{"appName": "설정", "usage": 2},
			{"appName": "넌얼마나쓰니", "usage": 2},
			{"appName": "밥대생", "usage": 1},
			{"appName": "메시지", "usage": 1}
		],
		"keys": [
			{"hour": "0", "usage": 24},
			{"hour": "1", "usage": 18},
			{"hour": "2", "usage": 14},
			{"hour": "3", "usage": 16},
			{"hour": "4", "usage": 10},
			{"hour": "5", "usage": 27},
			{"hour": "6", "usage": 44},
			{"hour": "7", "usage": 0},
			{"hour": "8", "usage": 22},
			{"hour": "9", "usage": 4},
			{"hour": "10", "usage": 12},
			{"hour": "11", "usage": 10},
			{"hour": "12", "usage": 41},
			{"hour": "13", "usage": 6},
			{"hour": "14", "usage": 3},
			{"hour": "15", "usage": 13},
			{"hour": "16", "usage": 18},
			{"hour": "17", "usage": 0},
			{"hour": "18", "usage": 0},
			{"hour": "19", "usage": 0},
			{"hour": "20", "usage": 0},
			{"hour": "21", "usage": 0},
			{"hour": "22", "usage": 0},
			{"hour": "23", "usage": 16}
		]
	},
	{
		"date": 3,
		"totalTime": 196,
		"details": [
			{"appName": "Chrome", "usage": 93},
			{"appName": "카카오톡", "usage": 46},
			{"appName": "Facebook", "usage": 16},
			{"appName": "캐시슬라이드 스텝업", "usage": 13},
			{"appName": "기본홈", "usage": 4},
			{"appName": "시스템 UI", "usage": 3},
			{"appName": "Paco", "usage": 3},
			{"appName": "Instagram", "usage": 3},
			{"appName": "Polar Beat", "usage": 2},
			{"appName": "알람/시계", "usage": 1},
			{"appName": "메시지", "usage": 1},
			{"appName": "YouTube", "usage": 1}
		],
		"keys": [
			{"hour": "0", "usage": 19},
			{"hour": "1", "usage": 0},
			{"hour": "2", "usage": 3},
			{"hour": "3", "usage": 8},
			{"hour": "4", "usage": 2},
			{"hour": "5", "usage": 15},
			{"hour": "6", "usage": 23},
			{"hour": "7", "usage": 1},
			{"hour": "8", "usage": 5},
			{"hour": "9", "usage": 16},
			{"hour": "10", "usage": 10},
			{"hour": "11", "usage": 6},
			{"hour": "12", "usage": 1},
			{"hour": "13", "usage": 1},
			{"hour": "14", "usage": 3},
			{"hour": "15", "usage": 3},
			{"hour": "16", "usage": 7},
			{"hour": "17", "usage": 50},
			{"hour": "18", "usage": 0},
			{"hour": "19", "usage": 0},
			{"hour": "20", "usage": 0},
			{"hour": "21", "usage": 0},
			{"hour": "22", "usage": 0},
			{"hour": "23", "usage": 14}
		]
	},
	{
		"date": 4,
		"totalTime": 349,
		"details": [
			{"appName": "Chrome", "usage": 172},
			{"appName": "카카오톡", "usage": 57},
			{"appName": "Facebook", "usage": 18},
			{"appName": "캐시슬라이드 스텝업", "usage": 14},
			{"appName": "Instagram", "usage": 12},
			{"appName": "YouTube", "usage": 9},
			{"appName": "카카오페이지", "usage": 8},
			{"appName": "기본홈", "usage": 8},
			{"appName": "메시지", "usage": 7},
			{"appName": "시스템 UI", "usage": 5},
			{"appName": "파일 관리자", "usage": 4},
			{"appName": "SR 고속열차", "usage": 4},
			{"appName": "Paco", "usage": 3},
			{"appName": "프레젠테이션", "usage": 2},
			{"appName": "통화 화면", "usage": 2},
			{"appName": "Polar Beat", "usage": 2},
			{"appName": "카카오 T", "usage": 1},
			{"appName": "접근성", "usage": 1},
			{"appName": "알람/시계", "usage": 1},
			{"appName": "설정", "usage": 1},
			{"appName": "갤러리", "usage": 1},
			{"appName": "Logger", "usage": 1},
			{"appName": "Dropsync", "usage": 1}
		],
		"keys": [
			{"hour": "0", "usage": 0},
			{"hour": "1", "usage": 0},
			{"hour": "2", "usage": 2},
			{"hour": "3", "usage": 30},
			{"hour": "4", "usage": 25},
			{"hour": "5", "usage": 12},
			{"hour": "6", "usage": 40},
			{"hour": "7", "usage": 0},
			{"hour": "8", "usage": 8},
			{"hour": "9", "usage": 22},
			{"hour": "10", "usage": 17},
			{"hour": "11", "usage": 35},
			{"hour": "12", "usage": 34},
			{"hour": "13", "usage": 39},
			{"hour": "14", "usage": 14},
			{"hour": "15", "usage": 23},
			{"hour": "16", "usage": 27},
			{"hour": "17", "usage": 13},
			{"hour": "18", "usage": 0},
			{"hour": "19", "usage": 0},
			{"hour": "20", "usage": 0},
			{"hour": "21", "usage": 0},
			{"hour": "22", "usage": 0},
			{"hour": "23", "usage": 0}
		]
	},
	{
		"date": 5,
		"totalTime": 168,
		"details": [
			{"appName": "카카오톡", "usage": 41},
			{"appName": "Chrome", "usage": 36},
			{"appName": "Facebook", "usage": 23},
			{"appName": "통화 화면", "usage": 20},
			{"appName": "캐시슬라이드 스텝업", "usage": 13},
			{"appName": "에뛰드하우스", "usage": 8},
			{"appName": "Paco", "usage": 4},
			{"appName": "Instagram", "usage": 4},
			{"appName": "시스템 UI", "usage": 3},
			{"appName": "음악", "usage": 2},
			{"appName": "기본홈", "usage": 2},
			{"appName": "프레젠테이션", "usage": 1},
			{"appName": "메시지", "usage": 1},
			{"appName": "Polar Beat", "usage": 1}
		],
		"keys": [
			{"hour": "0", "usage": 0},
			{"hour": "1", "usage": 0},
			{"hour": "2", "usage": 0},
			{"hour": "3", "usage": 0},
			{"hour": "4", "usage": 29},
			{"hour": "5", "usage": 10},
			{"hour": "6", "usage": 7},
			{"hour": "7", "usage": 17},
			{"hour": "8", "usage": 3},
			{"hour": "9", "usage": 7},
			{"hour": "10", "usage": 18},
			{"hour": "11", "usage": 7},
			{"hour": "12", "usage": 9},
			{"hour": "13", "usage": 5},
			{"hour": "14", "usage": 19},
			{"hour": "15", "usage": 22},
			{"hour": "16", "usage": 1},
			{"hour": "17", "usage": 5},
			{"hour": "18", "usage": 0},
			{"hour": "19", "usage": 0},
			{"hour": "20", "usage": 0},
			{"hour": "21", "usage": 0},
			{"hour": "22", "usage": 0},
			{"hour": "23", "usage": 2}
		]
	},
	{
		"date": 6,
		"totalTime": 231,
		"details": [
			{"appName": "Chrome", "usage": 71},
			{"appName": "카카오톡", "usage": 31},
			{"appName": "카카오페이지", "usage": 28},
			{"appName": "YouTube", "usage": 22},
			{"appName": "문서", "usage": 16},
			{"appName": "Facebook", "usage": 16},
			{"appName": "캐시슬라이드 스텝업", "usage": 6},
			{"appName": "Instagram", "usage": 6},
			{"appName": "Cut+Mix Studio", "usage": 6},
			{"appName": "Paco", "usage": 4},
			{"appName": "에뛰드하우스", "usage": 3},
			{"appName": "기본홈", "usage": 3},
			{"appName": "시스템 UI", "usage": 2},
			{"appName": "메시지", "usage": 2},
			{"appName": "통화 화면", "usage": 1},
			{"appName": "레진코믹스", "usage": 1}
		],
		"keys": [
			{"hour": "0", "usage": 11},
			{"hour": "1", "usage": 17},
			{"hour": "2", "usage": 34},
			{"hour": "3", "usage": 10},
			{"hour": "4", "usage": 1},
			{"hour": "5", "usage": 28},
			{"hour": "6", "usage": 0},
			{"hour": "7", "usage": 3},
			{"hour": "8", "usage": 35},
			{"hour": "9", "usage": 3},
			{"hour": "10", "usage": 2},
			{"hour": "11", "usage": 1},
			{"hour": "12", "usage": 10},
			{"hour": "13", "usage": 1},
			{"hour": "14", "usage": 7},
			{"hour": "15", "usage": 2},
			{"hour": "16", "usage": 14},
			{"hour": "17", "usage": 38},
			{"hour": "18", "usage": 6},
			{"hour": "19", "usage": 0},
			{"hour": "20", "usage": 0},
			{"hour": "21", "usage": 0},
			{"hour": "22", "usage": 0},
			{"hour": "23", "usage": 0}
		]
	},
	{
		"date": 7,
		"totalTime": 239,
		"details": [
			{"appName": "카카오톡", "usage": 97},
			{"appName": "Chrome", "usage": 88},
			{"appName": "Facebook", "usage": 17},
			{"appName": "캐시슬라이드 스텝업", "usage": 10},
			{"appName": "기본홈", "usage": 4},
			{"appName": "시스템 UI", "usage": 3},
			{"appName": "통화 화면", "usage": 2},
			{"appName": "Paco", "usage": 2},
			{"appName": "Instagram", "usage": 2},
			{"appName": "음악", "usage": 1},
			{"appName": "Slack", "usage": 1}
		],
		"keys": [
			{"hour": "0", "usage": 0},
			{"hour": "1", "usage": 12},
			{"hour": "2", "usage": 18},
			{"hour": "3", "usage": 18},
			{"hour": "4", "usage": 12},
			{"hour": "5", "usage": 12},
			{"hour": "6", "usage": 27},
			{"hour": "7", "usage": 42},
			{"hour": "8", "usage": 20},
			{"hour": "9", "usage": 4},
			{"hour": "10", "usage": 8},
			{"hour": "11", "usage": 0},
			{"hour": "12", "usage": 0},
			{"hour": "13", "usage": 0},
			{"hour": "14", "usage": 0},
			{"hour": "15", "usage": 0},
			{"hour": "16", "usage": 22},
			{"hour": "17", "usage": 14},
			{"hour": "18", "usage": 0},
			{"hour": "19", "usage": 0},
			{"hour": "20", "usage": 0},
			{"hour": "21", "usage": 0},
			{"hour": "22", "usage": 0},
			{"hour": "23", "usage": 24}
		]
	}
]
