[
	{
		"date": 1,
		"totalTime": 409,
		"details": [
			{"appName": "카카오톡", "usage": 256},
			{"appName": "NAVER", "usage": 39},
			{"appName": "Chrome", "usage": 14},
			{"appName": "기본홈", "usage": 12},
			{"appName": "Facebook", "usage": 12},
			{"appName": "VIBE", "usage": 11},
			{"appName": "Paco", "usage": 10},
			{"appName": "Polar Beat", "usage": 7},
			{"appName": "메시지", "usage": 6},
			{"appName": "Pokémon GO", "usage": 6},
			{"appName": "통화 화면", "usage": 5},
			{"appName": "프레젠테이션", "usage": 3},
			{"appName": "서머너즈 워", "usage": 3},
			{"appName": "코레일톡", "usage": 2},
			{"appName": "슬립 베터", "usage": 2},
			{"appName": "카메라", "usage": 1},
			{"appName": "접근성", "usage": 1},
			{"appName": "시스템 UI", "usage": 1},
			{"appName": "갤러리", "usage": 1},
			{"appName": "SmartWorld", "usage": 1},
			{"appName": "SR 고속열차", "usage": 1},
			{"appName": "Logger", "usage": 1},
			{"appName": "Bluetooth", "usage": 1},
			{"appName": "29CM", "usage": 1}
		],
		"keys": [
			{"hour": "0", "usage": 15},
			{"hour": "1", "usage": 23},
			{"hour": "2", "usage": 33},
			{"hour": "3", "usage": 8},
			{"hour": "4", "usage": 16},
			{"hour": "5", "usage": 20},
			{"hour": "6", "usage": 23},
			{"hour": "7", "usage": 36},
			{"hour": "8", "usage": 26},
			{"hour": "9", "usage": 13},
			{"hour": "10", "usage": 22},
			{"hour": "11", "usage": 3},
			{"hour": "12", "usage": 16},
			{"hour": "13", "usage": 28},
			{"hour": "14", "usage": 56},
			{"hour": "15", "usage": 23},
			{"hour": "16", "usage": 0},
			{"hour": "17", "usage": 0},
			{"hour": "18", "usage": 0},
			{"hour": "19", "usage": 0},
			{"hour": "20", "usage": 0},
			{"hour": "21", "usage": 0},
			{"hour": "22", "usage": 1},
			{"hour": "23", "usage": 22}
		]
	},
	{
		"date": 2,
		"totalTime": 319,
		"details": [
			{"appName": "카카오톡", "usage": 229},
			{"appName": "NAVER", "usage": 21},
			{"appName": "Chrome", "usage": 15},
			{"appName": "기본홈", "usage": 7},
			{"appName": "Paco", "usage": 7},
			{"appName": "슬립 베터", "usage": 4},
			{"appName": "Polar Beat", "usage": 4},
			{"appName": "Facebook", "usage": 4},
			{"appName": "Pokémon GO", "usage": 3},
			{"appName": "서머너즈 워", "usage": 2},
			{"appName": "메시지", "usage": 2},
			{"appName": "계산기", "usage": 2},
			{"appName": "VIBE", "usage": 2},
			{"appName": "통화 화면", "usage": 1},
			{"appName": "카카오뱅크", "usage": 1},
			{"appName": "원터치개인", "usage": 1},
			{"appName": "ABC Logger", "usage": 1}
		],
		"keys": [
			{"hour": "0", "usage": 36},
			{"hour": "1", "usage": 15},
			{"hour": "2", "usage": 4},
			{"hour": "3", "usage": 0},
			{"hour": "4", "usage": 32},
			{"hour": "5", "usage": 20},
			{"hour": "6", "usage": 18},
			{"hour": "7", "usage": 8},
			{"hour": "8", "usage": 4},
			{"hour": "9", "usage": 9},
			{"hour": "10", "usage": 9},
			{"hour": "11", "usage": 11},
			{"hour": "12", "usage": 15},
			{"hour": "13", "usage": 31},
			{"hour": "14", "usage": 48},
			{"hour": "15", "usage": 17},
			{"hour": "16", "usage": 0},
			{"hour": "17", "usage": 0},
			{"hour": "18", "usage": 0},
			{"hour": "19", "usage": 0},
			{"hour": "20", "usage": 0},
			{"hour": "21", "usage": 3},
			{"hour": "22", "usage": 28},
			{"hour": "23", "usage": 4}
		]
	},
	{
		"date": 3,
		"totalTime": 402,
		"details": [
			{"appName": "카카오톡", "usage": 163},
			{"appName": "NAVER", "usage": 83},
			{"appName": "YouTube", "usage": 57},
			{"appName": "Facebook", "usage": 31},
			{"appName": "Chrome", "usage": 26},
			{"appName": "Pokémon GO", "usage": 10},
			{"appName": "기본홈", "usage": 8},
			{"appName": "메시지", "usage": 4},
			{"appName": "슬립 베터", "usage": 2},
			{"appName": "VIBE", "usage": 2},
			{"appName": "Paco", "usage": 2},
			{"appName": "카카오맵", "usage": 1},
			{"appName": "알송", "usage": 1}
		],
		"keys": [
			{"hour": "0", "usage": 8},
			{"hour": "1", "usage": 19},
			{"hour": "2", "usage": 16},
			{"hour": "3", "usage": 8},
			{"hour": "4", "usage": 15},
			{"hour": "5", "usage": 11},
			{"hour": "6", "usage": 3},
			{"hour": "7", "usage": 14},
			{"hour": "8", "usage": 14},
			{"hour": "9", "usage": 6},
			{"hour": "10", "usage": 37},
			{"hour": "11", "usage": 2},
			{"hour": "12", "usage": 4},
			{"hour": "13", "usage": 50},
			{"hour": "14", "usage": 51},
			{"hour": "15", "usage": 59},
			{"hour": "16", "usage": 19},
			{"hour": "17", "usage": 0},
			{"hour": "18", "usage": 0},
			{"hour": "19", "usage": 0},
			{"hour": "20", "usage": 0},
			{"hour": "21", "usage": 0},
			{"hour": "22", "usage": 15},
			{"hour": "23", "usage": 42}
		]
	},
	{
		"date": 4,
		"totalTime": 378,
		"details": [
			{"appName": "카카오톡", "usage": 209},
			{"appName": "Chrome", "usage": 75},
			{"appName": "YouTube", "usage": 33},
			{"appName": "NAVER", "usage": 25},
			{"appName": "기본홈", "usage": 6},
			{"appName": "VIBE", "usage": 6},
			{"appName": "Paco", "usage": 4},
			{"appName": "알송", "usage": 3},
			{"appName": "Pokémon GO", "usage": 3},
			{"appName": "카메라", "usage": 2},
			{"appName": "Wi-Fi", "usage": 1}
		],
		"keys": [
			{"hour": "0", "usage": 23},
			{"hour": "1", "usage": 3},
			{"hour": "2", "usage": 15},
			{"hour": "3", "usage": 8},
			{"hour": "4", "usage": 4},
			{"hour": "5", "usage": 0},
			{"hour": "6", "usage": 1},
			{"hour": "7", "usage": 5},
			{"hour": "8", "usage": 3},
			{"hour": "9", "usage": 7},
			{"hour": "10", "usage": 44},
			{"hour": "11", "usage": 0},
			{"hour": "12", "usage": 0},
			{"hour": "13", "usage": 0},
			{"hour": "14", "usage": 55},
			{"hour": "15", "usage": 56},
			{"hour": "16", "usage": 59},
			{"hour": "17", "usage": 49},
			{"hour": "18", "usage": 37},
			{"hour": "19", "usage": 0},
			{"hour": "20", "usage": 0},
			{"hour": "21", "usage": 0},
			{"hour": "22", "usage": 0},
			{"hour": "23", "usage": 0}
		]
	},
	{
		"date": 5,
		"totalTime": 468,
		"details": [
			{"appName": "Chrome", "usage": 160},
			{"appName": "카카오톡", "usage": 134},
			{"appName": "NAVER", "usage": 55},
			{"appName": "Pokémon GO", "usage": 52},
			{"appName": "YouTube", "usage": 14},
			{"appName": "슬립 베터", "usage": 7},
			{"appName": "기본홈", "usage": 7},
			{"appName": "Facebook", "usage": 6},
			{"appName": "Sound+", "usage": 4},
			{"appName": "Paco", "usage": 4},
			{"appName": "Bluetooth", "usage": 4},
			{"appName": "카카오맵", "usage": 2},
			{"appName": "카메라", "usage": 2},
			{"appName": "알송", "usage": 2},
			{"appName": "통화 화면", "usage": 1},
			{"appName": "접근성", "usage": 1},
			{"appName": "시스템 UI", "usage": 1}
		],
		"keys": [
			{"hour": "0", "usage": 24},
			{"hour": "1", "usage": 3},
			{"hour": "2", "usage": 28},
			{"hour": "3", "usage": 20},
			{"hour": "4", "usage": 33},
			{"hour": "5", "usage": 0},
			{"hour": "6", "usage": 0},
			{"hour": "7", "usage": 13},
			{"hour": "8", "usage": 5},
			{"hour": "9", "usage": 8},
			{"hour": "10", "usage": 31},
			{"hour": "11", "usage": 19},
			{"hour": "12", "usage": 47},
			{"hour": "13", "usage": 58},
			{"hour": "14", "usage": 59},
			{"hour": "15", "usage": 28},
			{"hour": "16", "usage": 0},
			{"hour": "17", "usage": 4},
			{"hour": "18", "usage": 33},
			{"hour": "19", "usage": 46},
			{"hour": "20", "usage": 0},
			{"hour": "21", "usage": 0},
			{"hour": "22", "usage": 0},
			{"hour": "23", "usage": 1}
		]
	},
	{
		"date": 6,
		"totalTime": 434,
		"details": [
			{"appName": "카카오톡", "usage": 212},
			{"appName": "NAVER", "usage": 78},
			{"appName": "Chrome", "usage": 63},
			{"appName": "YouTube", "usage": 17},
			{"appName": "Pokémon GO", "usage": 11},
			{"appName": "통화 화면", "usage": 10},
			{"appName": "기본홈", "usage": 6},
			{"appName": "슬립 베터", "usage": 5},
			{"appName": "서머너즈 워", "usage": 5},
			{"appName": "알람/시계", "usage": 4},
			{"appName": "Paco", "usage": 4},
			{"appName": "카메라", "usage": 3},
			{"appName": "Facebook", "usage": 3},
			{"appName": "시스템 UI", "usage": 1},
			{"appName": "Skyscanner", "usage": 1}
		],
		"keys": [
			{"hour": "0", "usage": 6},
			{"hour": "1", "usage": 45},
			{"hour": "2", "usage": 41},
			{"hour": "3", "usage": 15},
			{"hour": "4", "usage": 21},
			{"hour": "5", "usage": 22},
			{"hour": "6", "usage": 8},
			{"hour": "7", "usage": 44},
			{"hour": "8", "usage": 4},
			{"hour": "9", "usage": 18},
			{"hour": "10", "usage": 42},
			{"hour": "11", "usage": 40},
			{"hour": "12", "usage": 2},
			{"hour": "13", "usage": 59},
			{"hour": "14", "usage": 46},
			{"hour": "15", "usage": 6},
			{"hour": "16", "usage": 0},
			{"hour": "17", "usage": 0},
			{"hour": "18", "usage": 0},
			{"hour": "19", "usage": 0},
			{"hour": "20", "usage": 0},
			{"hour": "21", "usage": 2},
			{"hour": "22", "usage": 1},
			{"hour": "23", "usage": 2}
		]
	},
	{
		"date": 7,
		"totalTime": 417,
		"details": [
			{"appName": "카카오톡", "usage": 330},
			{"appName": "Chrome", "usage": 49},
			{"appName": "NAVER", "usage": 10},
			{"appName": "프렌즈타워", "usage": 6},
			{"appName": "YouTube", "usage": 4},
			{"appName": "기본홈", "usage": 3},
			{"appName": "Paco", "usage": 3},
			{"appName": "Facebook", "usage": 2},
			{"appName": "지도", "usage": 1},
			{"appName": "Pokémon GO", "usage": 1}
		],
		"keys": [
			{"hour": "0", "usage": 32},
			{"hour": "1", "usage": 37},
			{"hour": "2", "usage": 30},
			{"hour": "3", "usage": 15},
			{"hour": "4", "usage": 5},
			{"hour": "5", "usage": 24},
			{"hour": "6", "usage": 20},
			{"hour": "7", "usage": 34},
			{"hour": "8", "usage": 36},
			{"hour": "9", "usage": 41},
			{"hour": "10", "usage": 55},
			{"hour": "11", "usage": 35},
			{"hour": "12", "usage": 20},
			{"hour": "13", "usage": 27},
			{"hour": "14", "usage": 0},
			{"hour": "15", "usage": 0},
			{"hour": "16", "usage": 0},
			{"hour": "17", "usage": 0},
			{"hour": "18", "usage": 0},
			{"hour": "19", "usage": 0},
			{"hour": "20", "usage": 0},
			{"hour": "21", "usage": 0},
			{"hour": "22", "usage": 0},
			{"hour": "23", "usage": 0}
		]
	}
]
