[
	{
		"date": 1,
		"totalTime": 471,
		"details": [
			{"appName": "카카오톡", "usage": 104},
			{"appName": "Facebook", "usage": 100},
			{"appName": "Samsung Experience 홈", "usage": 44},
			{"appName": "한컴오피스 viewer", "usage": 27},
			{"appName": "전화", "usage": 27},
			{"appName": "배달의민족", "usage": 26},
			{"appName": "번역", "usage": 23},
			{"appName": "YouTube", "usage": 15},
			{"appName": "삼성 인터넷", "usage": 9},
			{"appName": "Paco", "usage": 8},
			{"appName": "메시지", "usage": 7},
			{"appName": "Messenger", "usage": 7},
			{"appName": "Polar Beat", "usage": 6},
			{"appName": "KLMS", "usage": 6},
			{"appName": "Chrome", "usage": 6},
			{"appName": "카메라", "usage": 4},
			{"appName": "비디오 에디터", "usage": 4},
			{"appName": "Foodie", "usage": 4},
			{"appName": "키작은남자", "usage": 3},
			{"appName": "설정", "usage": 3},
			{"appName": "Excel", "usage": 3},
			{"appName": "위메프", "usage": 2},
			{"appName": "비디오 플레이어", "usage": 2},
			{"appName": "Google", "usage": 2},
			{"appName": "토스", "usage": 1},
			{"appName": "연락처", "usage": 1},
			{"appName": "시계", "usage": 1},
			{"appName": "Samsung Pay", "usage": 1},
			{"appName": "Samsung Health", "usage": 1},
			{"appName": "People edge", "usage": 1},
			{"appName": "Melon", "usage": 1},
			{"appName": "KAIST Portal", "usage": 1}
		],
		"keys": [
			{"hour": "0", "usage": 39},
			{"hour": "1", "usage": 40},
			{"hour": "2", "usage": 51},
			{"hour": "3", "usage": 32},
			{"hour": "4", "usage": 2},
			{"hour": "5", "usage": 38},
			{"hour": "6", "usage": 18},
			{"hour": "7", "usage": 24},
			{"hour": "8", "usage": 26},
			{"hour": "9", "usage": 23},
			{"hour": "10", "usage": 26},
			{"hour": "11", "usage": 11},
			{"hour": "12", "usage": 34},
			{"hour": "13", "usage": 8},
			{"hour": "14", "usage": 1},
			{"hour": "15", "usage": 16},
			{"hour": "16", "usage": 12},
			{"hour": "17", "usage": 34},
			{"hour": "18", "usage": 25},
			{"hour": "19", "usage": 0},
			{"hour": "20", "usage": 0},
			{"hour": "21", "usage": 0},
			{"hour": "22", "usage": 0},
			{"hour": "23", "usage": 0}
		]
	},
	{
		"date": 2,
		"totalTime": 356,
		"details": [
			{"appName": "카카오톡", "usage": 142},
			{"appName": "YouTube", "usage": 29},
			{"appName": "Facebook", "usage": 28},
			{"appName": "Samsung Experience 홈", "usage": 24},
			{"appName": "코레일톡", "usage": 19},
			{"appName": "Samsung Notes", "usage": 18},
			{"appName": "Messenger", "usage": 10},
			{"appName": "Chrome", "usage": 10},
			{"appName": "시계", "usage": 8},
			{"appName": "NAVER", "usage": 7},
			{"appName": "알바몬", "usage": 6},
			{"appName": "메시지", "usage": 6},
			{"appName": "네이버 웹툰", "usage": 6},
			{"appName": "전화", "usage": 5},
			{"appName": "삼성 인터넷", "usage": 4},
			{"appName": "알파카", "usage": 3},
			{"appName": "gStrings", "usage": 3},
			{"appName": "Paco", "usage": 3},
			{"appName": "Google", "usage": 3},
			{"appName": "토스", "usage": 2},
			{"appName": "한컴오피스 viewer", "usage": 1},
			{"appName": "뱅크샐러드", "usage": 1},
			{"appName": "Samsung Pay", "usage": 1},
			{"appName": "SNOW", "usage": 1},
			{"appName": "Polar Beat", "usage": 1}
		],
		"keys": [
			{"hour": "0", "usage": 0},
			{"hour": "1", "usage": 0},
			{"hour": "2", "usage": 3},
			{"hour": "3", "usage": 4},
			{"hour": "4", "usage": 50},
			{"hour": "5", "usage": 58},
			{"hour": "6", "usage": 54},
			{"hour": "7", "usage": 39},
			{"hour": "8", "usage": 37},
			{"hour": "9", "usage": 2},
			{"hour": "10", "usage": 33},
			{"hour": "11", "usage": 20},
			{"hour": "12", "usage": 0},
			{"hour": "13", "usage": 0},
			{"hour": "14", "usage": 17},
			{"hour": "15", "usage": 5},
			{"hour": "16", "usage": 8},
			{"hour": "17", "usage": 0},
			{"hour": "18", "usage": 0},
			{"hour": "19", "usage": 13},
			{"hour": "20", "usage": 0},
			{"hour": "21", "usage": 0},
			{"hour": "22", "usage": 0},
			{"hour": "23", "usage": 5}
		]
	},
	{
		"date": 3,
		"totalTime": 837,
		"details": [
			{"appName": "Facebook", "usage": 351},
			{"appName": "카카오톡", "usage": 119},
			{"appName": "Puffin", "usage": 79},
			{"appName": "Samsung Experience 홈", "usage": 60},
			{"appName": "배달의민족", "usage": 29},
			{"appName": "코레일톡", "usage": 23},
			{"appName": "삼성 인터넷", "usage": 23},
			{"appName": "네이버 웹툰", "usage": 22},
			{"appName": "전화", "usage": 15},
			{"appName": "YouTube", "usage": 15},
			{"appName": "번역", "usage": 13},
			{"appName": "메시지", "usage": 10},
			{"appName": "Messenger", "usage": 10},
			{"appName": "Paco", "usage": 7},
			{"appName": "알바몬", "usage": 6},
			{"appName": "갤러리", "usage": 6},
			{"appName": "토스", "usage": 5},
			{"appName": "NAVER", "usage": 4},
			{"appName": "", "usage": 4},
			{"appName": "카메라", "usage": 2},
			{"appName": "알파카", "usage": 2},
			{"appName": "네이버 지도", "usage": 2},
			{"appName": "Samsung Pay", "usage": 2},
			{"appName": "Polar Beat", "usage": 2},
			{"appName": "Google Play 스토어", "usage": 2},
			{"appName": "내 파일", "usage": 1},
			{"appName": "Samsung Notes", "usage": 1},
			{"appName": "KLMS", "usage": 1},
			{"appName": "Google", "usage": 1},
			{"appName": "Chrome", "usage": 1}
		],
		"keys": [
			{"hour": "0", "usage": 45},
			{"hour": "1", "usage": 30},
			{"hour": "2", "usage": 18},
			{"hour": "3", "usage": 18},
			{"hour": "4", "usage": 17},
			{"hour": "5", "usage": 13},
			{"hour": "6", "usage": 36},
			{"hour": "7", "usage": 48},
			{"hour": "8", "usage": 56},
			{"hour": "9", "usage": 53},
			{"hour": "10", "usage": 8},
			{"hour": "11", "usage": 30},
			{"hour": "12", "usage": 40},
			{"hour": "13", "usage": 13},
			{"hour": "14", "usage": 41},
			{"hour": "15", "usage": 58},
			{"hour": "16", "usage": 26},
			{"hour": "17", "usage": 35},
			{"hour": "18", "usage": 54},
			{"hour": "19", "usage": 41},
			{"hour": "20", "usage": 59},
			{"hour": "21", "usage": 21},
			{"hour": "22", "usage": 39},
			{"hour": "23", "usage": 26}
		]
	},
	{
		"date": 4,
		"totalTime": 448,
		"details": [
			{"appName": "Facebook", "usage": 151},
			{"appName": "카카오톡", "usage": 99},
			{"appName": "Samsung Experience 홈", "usage": 39},
			{"appName": "YouTube", "usage": 32},
			{"appName": "전화", "usage": 23},
			{"appName": "메시지", "usage": 14},
			{"appName": "Polar Beat", "usage": 13},
			{"appName": "시계", "usage": 11},
			{"appName": "코레일톡", "usage": 7},
			{"appName": "Paco", "usage": 7},
			{"appName": "NAVER", "usage": 6},
			{"appName": "모바일 티머니", "usage": 5},
			{"appName": "네이버 지도", "usage": 5},
			{"appName": "갤러리", "usage": 4},
			{"appName": "Samsung Pay", "usage": 4},
			{"appName": "삼성 인터넷", "usage": 3},
			{"appName": "한컴오피스 viewer", "usage": 2},
			{"appName": "카메라", "usage": 1},
			{"appName": "설정", "usage": 1},
			{"appName": "네이버 웹툰", "usage": 1},
			{"appName": "Google", "usage": 1},
			{"appName": "Galaxy Themes", "usage": 1},
			{"appName": "Chrome", "usage": 1}
		],
		"keys": [
			{"hour": "0", "usage": 17},
			{"hour": "1", "usage": 18},
			{"hour": "2", "usage": 9},
			{"hour": "3", "usage": 5},
			{"hour": "4", "usage": 19},
			{"hour": "5", "usage": 22},
			{"hour": "6", "usage": 43},
			{"hour": "7", "usage": 15},
			{"hour": "8", "usage": 35},
			{"hour": "9", "usage": 18},
			{"hour": "10", "usage": 38},
			{"hour": "11", "usage": 39},
			{"hour": "12", "usage": 26},
			{"hour": "13", "usage": 7},
			{"hour": "14", "usage": 28},
			{"hour": "15", "usage": 31},
			{"hour": "16", "usage": 59},
			{"hour": "17", "usage": 9},
			{"hour": "18", "usage": 0},
			{"hour": "19", "usage": 0},
			{"hour": "20", "usage": 0},
			{"hour": "21", "usage": 0},
			{"hour": "22", "usage": 0},
			{"hour": "23", "usage": 0}
		]
	},
	{
		"date": 5,
		"totalTime": 490,
		"details": [
			{"appName": "Samsung Experience 홈", "usage": 175},
			{"appName": "카카오톡", "usage": 96},
			{"appName": "메시지", "usage": 93},
			{"appName": "Facebook", "usage": 72},
			{"appName": "YouTube", "usage": 9},
			{"appName": "전화", "usage": 8},
			{"appName": "NAVER", "usage": 5},
			{"appName": "Paco", "usage": 4},
			{"appName": "코레일톡", "usage": 3},
			{"appName": "Chrome", "usage": 3},
			{"appName": "삼성 인터넷", "usage": 2},
			{"appName": "KLMS", "usage": 2},
			{"appName": "Samsung Pay", "usage": 1},
			{"appName": "Polar Beat", "usage": 1},
			{"appName": "Messenger", "usage": 1},
			{"appName": "Google Play 스토어", "usage": 1},
			{"appName": "Google", "usage": 1}
		],
		"keys": [
			{"hour": "0", "usage": 60},
			{"hour": "1", "usage": 60},
			{"hour": "2", "usage": 34},
			{"hour": "3", "usage": 50},
			{"hour": "4", "usage": 44},
			{"hour": "5", "usage": 38},
			{"hour": "6", "usage": 32},
			{"hour": "7", "usage": 14},
			{"hour": "8", "usage": 8},
			{"hour": "9", "usage": 1},
			{"hour": "10", "usage": 3},
			{"hour": "11", "usage": 10},
			{"hour": "12", "usage": 24},
			{"hour": "13", "usage": 44},
			{"hour": "14", "usage": 12},
			{"hour": "15", "usage": 0},
			{"hour": "16", "usage": 12},
			{"hour": "17", "usage": 1},
			{"hour": "18", "usage": 1},
			{"hour": "19", "usage": 1},
			{"hour": "20", "usage": 5},
			{"hour": "21", "usage": 13},
			{"hour": "22", "usage": 1},
			{"hour": "23", "usage": 12}
		]
	},
	{
		"date": 6,
		"totalTime": 357,
		"details": [
			{"appName": "Facebook", "usage": 119},
			{"appName": "카카오톡", "usage": 85},
			{"appName": "Samsung Experience 홈", "usage": 21},
			{"appName": "Polar Beat", "usage": 17},
			{"appName": "NAVER", "usage": 15},
			{"appName": "네이버 웹툰", "usage": 13},
			{"appName": "쿠팡", "usage": 9},
			{"appName": "Messenger", "usage": 9},
			{"appName": "YouTube", "usage": 7},
			{"appName": "토스", "usage": 6},
			{"appName": "코레일톡", "usage": 5},
			{"appName": "삼성 인터넷", "usage": 5},
			{"appName": "배달의민족", "usage": 5},
			{"appName": "네이버 지도", "usage": 5},
			{"appName": "전화", "usage": 4},
			{"appName": "카카오 T", "usage": 3},
			{"appName": "뱅크샐러드", "usage": 3},
			{"appName": "Paco", "usage": 3},
			{"appName": "Google", "usage": 2},
			{"appName": "위메프", "usage": 1},
			{"appName": "모바일 티머니", "usage": 1},
			{"appName": "메시지", "usage": 1},
			{"appName": "Microsoft Health", "usage": 1},
			{"appName": "KT 멤버십", "usage": 1},
			{"appName": "KAIST Portal", "usage": 1},
			{"appName": "Chrome", "usage": 1}
		],
		"keys": [
			{"hour": "0", "usage": 15},
			{"hour": "1", "usage": 0},
			{"hour": "2", "usage": 0},
			{"hour": "3", "usage": 0},
			{"hour": "4", "usage": 1},
			{"hour": "5", "usage": 6},
			{"hour": "6", "usage": 19},
			{"hour": "7", "usage": 31},
			{"hour": "8", "usage": 40},
			{"hour": "9", "usage": 33},
			{"hour": "10", "usage": 1},
			{"hour": "11", "usage": 0},
			{"hour": "12", "usage": 37},
			{"hour": "13", "usage": 0},
			{"hour": "14", "usage": 0},
			{"hour": "15", "usage": 20},
			{"hour": "16", "usage": 55},
			{"hour": "17", "usage": 0},
			{"hour": "18", "usage": 38},
			{"hour": "19", "usage": 34},
			{"hour": "20", "usage": 18},
			{"hour": "21", "usage": 0},
			{"hour": "22", "usage": 0},
			{"hour": "23", "usage": 0}
		]
	},
	{
		"date": 7,
		"totalTime": 1629,
		"details": [
			{"appName": "시스템 UI", "usage": 775},
			{"appName": "Facebook", "usage": 650},
			{"appName": "카카오톡", "usage": 71},
			{"appName": "왓챠플레이", "usage": 65},
			{"appName": "Samsung Experience 홈", "usage": 12},
			{"appName": "전화", "usage": 10},
			{"appName": "Zenly", "usage": 9},
			{"appName": "삼성 인터넷", "usage": 5},
			{"appName": "갤러리", "usage": 4},
			{"appName": "NAVER", "usage": 4},
			{"appName": "네이버 지도", "usage": 3},
			{"appName": "코레일톡", "usage": 2},
			{"appName": "Messenger", "usage": 2},
			{"appName": "콴다 선생님", "usage": 1},
			{"appName": "시계", "usage": 1},
			{"appName": "Paco", "usage": 1},
			{"appName": "KLMS", "usage": 1}
		],
		"keys": [
			{"hour": "0", "usage": 0},
			{"hour": "1", "usage": 0},
			{"hour": "2", "usage": 0},
			{"hour": "3", "usage": 1},
			{"hour": "4", "usage": 1},
			{"hour": "5", "usage": 14},
			{"hour": "6", "usage": 33},
			{"hour": "7", "usage": 35},
			{"hour": "8", "usage": 12},
			{"hour": "9", "usage": 5},
			{"hour": "10", "usage": 21},
			{"hour": "11", "usage": 58},
			{"hour": "12", "usage": 32},
			{"hour": "13", "usage": 30},
			{"hour": "14", "usage": 0},
			{"hour": "15", "usage": 0},
			{"hour": "16", "usage": 0},
			{"hour": "17", "usage": 0},
			{"hour": "18", "usage": 0},
			{"hour": "19", "usage": 0},
			{"hour": "20", "usage": 0},
			{"hour": "21", "usage": 0},
			{"hour": "22", "usage": 0},
			{"hour": "23", "usage": 0}
		]
	}
]
