[
	{
		"date": 1,
		"totalTime": 230,
		"details": [
			{"appName": "카카오톡", "usage": 59},
			{"appName": "올레 tv 모바일", "usage": 33},
			{"appName": "Samsung Experience 홈", "usage": 25},
			{"appName": "Facebook", "usage": 25},
			{"appName": "삼성 인터넷", "usage": 17},
			{"appName": "네이버 웹툰", "usage": 15},
			{"appName": "배달의민족", "usage": 14},
			{"appName": "전화", "usage": 13},
			{"appName": "갤러리", "usage": 5},
			{"appName": "Paco", "usage": 5},
			{"appName": "Messenger", "usage": 3},
			{"appName": "포토 에디터", "usage": 1},
			{"appName": "지니 뮤직", "usage": 1},
			{"appName": "YouTube", "usage": 1},
			{"appName": "SODA", "usage": 1},
			{"appName": "KAIST Library", "usage": 1}
		],
		"keys": [
			{"hour": "0", "usage": 2},
			{"hour": "1", "usage": 21},
			{"hour": "2", "usage": 14},
			{"hour": "3", "usage": 11},
			{"hour": "4", "usage": 8},
			{"hour": "5", "usage": 18},
			{"hour": "6", "usage": 14},
			{"hour": "7", "usage": 39},
			{"hour": "8", "usage": 0},
			{"hour": "9", "usage": 10},
			{"hour": "10", "usage": 18},
			{"hour": "11", "usage": 7},
			{"hour": "12", "usage": 14},
			{"hour": "13", "usage": 22},
			{"hour": "14", "usage": 15},
			{"hour": "15", "usage": 5},
			{"hour": "16", "usage": 3},
			{"hour": "17", "usage": 0},
			{"hour": "18", "usage": 0},
			{"hour": "19", "usage": 0},
			{"hour": "20", "usage": 0},
			{"hour": "21", "usage": 0},
			{"hour": "22", "usage": 0},
			{"hour": "23", "usage": 3}
		]
	},
	{
		"date": 2,
		"totalTime": 359,
		"details": [
			{"appName": "카카오톡", "usage": 100},
			{"appName": "전화", "usage": 48},
			{"appName": "Xodo Docs", "usage": 45},
			{"appName": "삼성 인터넷", "usage": 27},
			{"appName": "Samsung Experience 홈", "usage": 27},
			{"appName": "Facebook", "usage": 20},
			{"appName": "시계", "usage": 14},
			{"appName": "YouTube", "usage": 10},
			{"appName": "신한 쏠(SOL)", "usage": 9},
			{"appName": "Instagram", "usage": 8},
			{"appName": "KAIST Library", "usage": 7},
			{"appName": "Paco", "usage": 5},
			{"appName": "Messenger", "usage": 5},
			{"appName": "삼성 캡처", "usage": 3},
			{"appName": "갤러리", "usage": 3},
			{"appName": "카이스트 버스", "usage": 2},
			{"appName": "카메라", "usage": 2},
			{"appName": "배달의민족", "usage": 2},
			{"appName": "포토 에디터", "usage": 1},
			{"appName": "토스", "usage": 1},
			{"appName": "지니 뮤직", "usage": 1},
			{"appName": "애니메이션 사진 위젯", "usage": 1},
			{"appName": "Samsung Notes", "usage": 1},
			{"appName": "SODA", "usage": 1},
			{"appName": "Google Play 스토어", "usage": 1}
		],
		"keys": [
			{"hour": "0", "usage": 47},
			{"hour": "1", "usage": 27},
			{"hour": "2", "usage": 35},
			{"hour": "3", "usage": 3},
			{"hour": "4", "usage": 17},
			{"hour": "5", "usage": 40},
			{"hour": "6", "usage": 43},
			{"hour": "7", "usage": 18},
			{"hour": "8", "usage": 1},
			{"hour": "9", "usage": 12},
			{"hour": "10", "usage": 14},
			{"hour": "11", "usage": 10},
			{"hour": "12", "usage": 8},
			{"hour": "13", "usage": 2},
			{"hour": "14", "usage": 4},
			{"hour": "15", "usage": 34},
			{"hour": "16", "usage": 4},
			{"hour": "17", "usage": 3},
			{"hour": "18", "usage": 1},
			{"hour": "19", "usage": 0},
			{"hour": "20", "usage": 5},
			{"hour": "21", "usage": 11},
			{"hour": "22", "usage": 0},
			{"hour": "23", "usage": 7}
		]
	},
	{
		"date": 3,
		"totalTime": 239,
		"details": [
			{"appName": "카카오톡", "usage": 56},
			{"appName": "Facebook", "usage": 45},
			{"appName": "Samsung Experience 홈", "usage": 27},
			{"appName": "YouTube", "usage": 22},
			{"appName": "전화", "usage": 21},
			{"appName": "네이버 웹툰", "usage": 20},
			{"appName": "갤러리", "usage": 6},
			{"appName": "캘린더", "usage": 4},
			{"appName": "지니 뮤직", "usage": 4},
			{"appName": "계산기", "usage": 4},
			{"appName": "Paco", "usage": 4},
			{"appName": "Messenger", "usage": 4},
			{"appName": "알라미", "usage": 3},
			{"appName": "삼성 인터넷", "usage": 1},
			{"appName": "Zenly", "usage": 1},
			{"appName": "Xodo Docs", "usage": 1},
			{"appName": "Samsung Pay", "usage": 1},
			{"appName": "Dropsync", "usage": 1}
		],
		"keys": [
			{"hour": "0", "usage": 14},
			{"hour": "1", "usage": 10},
			{"hour": "2", "usage": 17},
			{"hour": "3", "usage": 8},
			{"hour": "4", "usage": 10},
			{"hour": "5", "usage": 10},
			{"hour": "6", "usage": 21},
			{"hour": "7", "usage": 15},
			{"hour": "8", "usage": 13},
			{"hour": "9", "usage": 13},
			{"hour": "10", "usage": 3},
			{"hour": "11", "usage": 10},
			{"hour": "12", "usage": 22},
			{"hour": "13", "usage": 8},
			{"hour": "14", "usage": 9},
			{"hour": "15", "usage": 5},
			{"hour": "16", "usage": 8},
			{"hour": "17", "usage": 17},
			{"hour": "18", "usage": 5},
			{"hour": "19", "usage": 1},
			{"hour": "20", "usage": 0},
			{"hour": "21", "usage": 10},
			{"hour": "22", "usage": 0},
			{"hour": "23", "usage": 0}
		]
	},
	{
		"date": 4,
		"totalTime": 349,
		"details": [
			{"appName": "삼성 인터넷", "usage": 61},
			{"appName": "카카오톡", "usage": 50},
			{"appName": "네이버 웹툰", "usage": 50},
			{"appName": "Facebook", "usage": 49},
			{"appName": "전화", "usage": 34},
			{"appName": "Samsung Experience 홈", "usage": 14},
			{"appName": "KT 멤버십", "usage": 14},
			{"appName": "배달의민족", "usage": 11},
			{"appName": "올레 tv 모바일", "usage": 9},
			{"appName": "YouTube", "usage": 9},
			{"appName": "Paco", "usage": 8},
			{"appName": "시외버스 모바일", "usage": 6},
			{"appName": "KAIST Library", "usage": 4},
			{"appName": "코레일톡", "usage": 3},
			{"appName": "지니 뮤직", "usage": 3},
			{"appName": "SODA", "usage": 2},
			{"appName": "Google Play 스토어", "usage": 2},
			{"appName": "SNOW", "usage": 1},
			{"appName": "Polar Beat", "usage": 1},
			{"appName": "Messenger", "usage": 1},
			{"appName": "Dropsync", "usage": 1}
		],
		"keys": [
			{"hour": "0", "usage": 7},
			{"hour": "1", "usage": 6},
			{"hour": "2", "usage": 20},
			{"hour": "3", "usage": 32},
			{"hour": "4", "usage": 11},
			{"hour": "5", "usage": 15},
			{"hour": "6", "usage": 21},
			{"hour": "7", "usage": 8},
			{"hour": "8", "usage": 19},
			{"hour": "9", "usage": 25},
			{"hour": "10", "usage": 42},
			{"hour": "11", "usage": 12},
			{"hour": "12", "usage": 17},
			{"hour": "13", "usage": 39},
			{"hour": "14", "usage": 21},
			{"hour": "15", "usage": 2},
			{"hour": "16", "usage": 0},
			{"hour": "17", "usage": 0},
			{"hour": "18", "usage": 8},
			{"hour": "19", "usage": 0},
			{"hour": "20", "usage": 30},
			{"hour": "21", "usage": 5},
			{"hour": "22", "usage": 0},
			{"hour": "23", "usage": 0}
		]
	},
	{
		"date": 5,
		"totalTime": 189,
		"details": [
			{"appName": "YouTube", "usage": 44},
			{"appName": "삼성 인터넷", "usage": 29},
			{"appName": "카카오톡", "usage": 15},
			{"appName": "전화", "usage": 15},
			{"appName": "네이버 웹툰", "usage": 15},
			{"appName": "Facebook", "usage": 15},
			{"appName": "알라미", "usage": 12},
			{"appName": "Puffin", "usage": 8},
			{"appName": "Messenger", "usage": 8},
			{"appName": "Samsung Experience 홈", "usage": 7},
			{"appName": "SODA", "usage": 4},
			{"appName": "갤러리", "usage": 2},
			{"appName": "Paco", "usage": 2},
			{"appName": "에어 커맨드", "usage": 1},
			{"appName": "알파카", "usage": 1},
			{"appName": "KAIST Library", "usage": 1}
		],
		"keys": [
			{"hour": "0", "usage": 0},
			{"hour": "1", "usage": 0},
			{"hour": "2", "usage": 3},
			{"hour": "3", "usage": 8},
			{"hour": "4", "usage": 0},
			{"hour": "5", "usage": 31},
			{"hour": "6", "usage": 14},
			{"hour": "7", "usage": 58},
			{"hour": "8", "usage": 23},
			{"hour": "9", "usage": 7},
			{"hour": "10", "usage": 18},
			{"hour": "11", "usage": 2},
			{"hour": "12", "usage": 15},
			{"hour": "13", "usage": 1},
			{"hour": "14", "usage": 0},
			{"hour": "15", "usage": 0},
			{"hour": "16", "usage": 4},
			{"hour": "17", "usage": 0},
			{"hour": "18", "usage": 0},
			{"hour": "19", "usage": 0},
			{"hour": "20", "usage": 0},
			{"hour": "21", "usage": 0},
			{"hour": "22", "usage": 0},
			{"hour": "23", "usage": 0}
		]
	},
	{
		"date": 6,
		"totalTime": 329,
		"details": [
			{"appName": "Facebook", "usage": 61},
			{"appName": "네이버 웹툰", "usage": 47},
			{"appName": "YouTube", "usage": 46},
			{"appName": "카카오톡", "usage": 44},
			{"appName": "삼성 인터넷", "usage": 34},
			{"appName": "배달의민족", "usage": 16},
			{"appName": "전화", "usage": 12},
			{"appName": "Samsung Experience 홈", "usage": 12},
			{"appName": "KAIST Library", "usage": 9},
			{"appName": "Messenger", "usage": 7},
			{"appName": "지니 뮤직", "usage": 5},
			{"appName": "알파카", "usage": 5},
			{"appName": "갤러리", "usage": 5},
			{"appName": "알라미", "usage": 4},
			{"appName": "Paco", "usage": 4},
			{"appName": "드라이브", "usage": 2},
			{"appName": "SODA", "usage": 2},
			{"appName": "캘린더", "usage": 1},
			{"appName": "안드로이드 시스템", "usage": 1},
			{"appName": "비디오 플레이어", "usage": 1},
			{"appName": "비디오", "usage": 1}
		],
		"keys": [
			{"hour": "0", "usage": 0},
			{"hour": "1", "usage": 30},
			{"hour": "2", "usage": 43},
			{"hour": "3", "usage": 36},
			{"hour": "4", "usage": 10},
			{"hour": "5", "usage": 5},
			{"hour": "6", "usage": 32},
			{"hour": "7", "usage": 1},
			{"hour": "8", "usage": 22},
			{"hour": "9", "usage": 14},
			{"hour": "10", "usage": 39},
			{"hour": "11", "usage": 11},
			{"hour": "12", "usage": 19},
			{"hour": "13", "usage": 11},
			{"hour": "14", "usage": 5},
			{"hour": "15", "usage": 8},
			{"hour": "16", "usage": 29},
			{"hour": "17", "usage": 0},
			{"hour": "18", "usage": 0},
			{"hour": "19", "usage": 0},
			{"hour": "20", "usage": 0},
			{"hour": "21", "usage": 0},
			{"hour": "22", "usage": 0},
			{"hour": "23", "usage": 4}
		]
	},
	{
		"date": 7,
		"totalTime": 787,
		"details": [
			{"appName": "카카오톡", "usage": 627},
			{"appName": "YouTube", "usage": 58},
			{"appName": "Facebook", "usage": 33},
			{"appName": "Xodo Docs", "usage": 19},
			{"appName": "네이버 웹툰", "usage": 10},
			{"appName": "전화", "usage": 8},
			{"appName": "삼성 인터넷", "usage": 8},
			{"appName": "Samsung Experience 홈", "usage": 6},
			{"appName": "갤러리", "usage": 5},
			{"appName": "KAIST Library", "usage": 3},
			{"appName": "KLMS", "usage": 1}
		],
		"keys": [
			{"hour": "0", "usage": 0},
			{"hour": "1", "usage": 1},
			{"hour": "2", "usage": 2},
			{"hour": "3", "usage": 0},
			{"hour": "4", "usage": 0},
			{"hour": "5", "usage": 3},
			{"hour": "6", "usage": 1},
			{"hour": "7", "usage": 5},
			{"hour": "8", "usage": 59},
			{"hour": "9", "usage": 44},
			{"hour": "10", "usage": 18},
			{"hour": "11", "usage": 22},
			{"hour": "12", "usage": 12},
			{"hour": "13", "usage": 12},
			{"hour": "14", "usage": 0},
			{"hour": "15", "usage": 0},
			{"hour": "16", "usage": 0},
			{"hour": "17", "usage": 0},
			{"hour": "18", "usage": 0},
			{"hour": "19", "usage": 0},
			{"hour": "20", "usage": 0},
			{"hour": "21", "usage": 0},
			{"hour": "22", "usage": 0},
			{"hour": "23", "usage": 0}
		]
	}
]
