[
	{
		"date": 1,
		"totalTime": 470,
		"details": [
			{"appName": "FIFA Mobile", "usage": 113},
			{"appName": "Facebook", "usage": 100},
			{"appName": "카카오톡", "usage": 43},
			{"appName": "Samsung Experience 홈", "usage": 41},
			{"appName": "삼성 인터넷", "usage": 25},
			{"appName": "YouTube", "usage": 24},
			{"appName": "Samsung Notes", "usage": 23},
			{"appName": "전화", "usage": 16},
			{"appName": "배달의민족", "usage": 14},
			{"appName": "Instagram", "usage": 9},
			{"appName": "Paco", "usage": 8},
			{"appName": "카카오톡 치즈", "usage": 6},
			{"appName": "메시지", "usage": 6},
			{"appName": "퓨처파이트", "usage": 4},
			{"appName": "Polar Beat", "usage": 3},
			{"appName": "Microsoft Health", "usage": 3},
			{"appName": "KLMS", "usage": 3},
			{"appName": "네이버TV", "usage": 2},
			{"appName": "Google Play 스토어", "usage": 2},
			{"appName": "팝콘티비", "usage": 1},
			{"appName": "에브리타임", "usage": 1},
			{"appName": "설정", "usage": 1},
			{"appName": "밥대생", "usage": 1}
		],
		"keys": [
			{"hour": "0", "usage": 7},
			{"hour": "1", "usage": 19},
			{"hour": "2", "usage": 59},
			{"hour": "3", "usage": 34},
			{"hour": "4", "usage": 30},
			{"hour": "5", "usage": 28},
			{"hour": "6", "usage": 15},
			{"hour": "7", "usage": 32},
			{"hour": "8", "usage": 28},
			{"hour": "9", "usage": 23},
			{"hour": "10", "usage": 9},
			{"hour": "11", "usage": 7},
			{"hour": "12", "usage": 30},
			{"hour": "13", "usage": 38},
			{"hour": "14", "usage": 25},
			{"hour": "15", "usage": 33},
			{"hour": "16", "usage": 24},
			{"hour": "17", "usage": 16},
			{"hour": "18", "usage": 0},
			{"hour": "19", "usage": 0},
			{"hour": "20", "usage": 0},
			{"hour": "21", "usage": 0},
			{"hour": "22", "usage": 0},
			{"hour": "23", "usage": 4}
		]
	},
	{
		"date": 2,
		"totalTime": 560,
		"details": [
			{"appName": "FIFA Mobile", "usage": 135},
			{"appName": "Facebook", "usage": 67},
			{"appName": "드라이브", "usage": 60},
			{"appName": "카카오톡", "usage": 52},
			{"appName": "삼성 인터넷", "usage": 50},
			{"appName": "YouTube", "usage": 45},
			{"appName": "Samsung Experience 홈", "usage": 43},
			{"appName": "MAXIM KOREA HD", "usage": 19},
			{"appName": "메시지", "usage": 10},
			{"appName": "네이버TV", "usage": 10},
			{"appName": "전화", "usage": 9},
			{"appName": "팝콘티비", "usage": 8},
			{"appName": "퓨처파이트", "usage": 5},
			{"appName": "카메라", "usage": 5},
			{"appName": "알라미", "usage": 4},
			{"appName": "Samsung Pay", "usage": 3},
			{"appName": "Polar Beat", "usage": 3},
			{"appName": "Paco", "usage": 3},
			{"appName": "벅스", "usage": 2},
			{"appName": "갤러리", "usage": 2},
			{"appName": "SODA", "usage": 2},
			{"appName": "이메일", "usage": 1},
			{"appName": "네이버 사전", "usage": 1},
			{"appName": "계산기", "usage": 1},
			{"appName": "KLMS", "usage": 1},
			{"appName": "Instagram", "usage": 1},
			{"appName": "Google Play 스토어", "usage": 1}
		],
		"keys": [
			{"hour": "0", "usage": 43},
			{"hour": "1", "usage": 37},
			{"hour": "2", "usage": 18},
			{"hour": "3", "usage": 1},
			{"hour": "4", "usage": 39},
			{"hour": "5", "usage": 53},
			{"hour": "6", "usage": 38},
			{"hour": "7", "usage": 52},
			{"hour": "8", "usage": 0},
			{"hour": "9", "usage": 3},
			{"hour": "10", "usage": 41},
			{"hour": "11", "usage": 57},
			{"hour": "12", "usage": 45},
			{"hour": "13", "usage": 15},
			{"hour": "14", "usage": 25},
			{"hour": "15", "usage": 14},
			{"hour": "16", "usage": 10},
			{"hour": "17", "usage": 18},
			{"hour": "18", "usage": 41},
			{"hour": "19", "usage": 0},
			{"hour": "20", "usage": 0},
			{"hour": "21", "usage": 0},
			{"hour": "22", "usage": 0},
			{"hour": "23", "usage": 3}
		]
	},
	{
		"date": 3,
		"totalTime": 311,
		"details": [
			{"appName": "Facebook", "usage": 92},
			{"appName": "카카오톡", "usage": 59},
			{"appName": "Samsung Experience 홈", "usage": 37},
			{"appName": "FIFA Mobile", "usage": 35},
			{"appName": "메시지", "usage": 25},
			{"appName": "삼성 인터넷", "usage": 14},
			{"appName": "전화", "usage": 12},
			{"appName": "알라미", "usage": 3},
			{"appName": "갤러리", "usage": 3},
			{"appName": "Paco", "usage": 3},
			{"appName": "삼성앱카드", "usage": 2},
			{"appName": "벅스", "usage": 2},
			{"appName": "설정", "usage": 1},
			{"appName": "YouTube", "usage": 1},
			{"appName": "SODA", "usage": 1},
			{"appName": "Messenger", "usage": 1},
			{"appName": "KLMS", "usage": 1},
			{"appName": "Google Play 스토어", "usage": 1},
			{"appName": "", "usage": 1}
		],
		"keys": [
			{"hour": "0", "usage": 8},
			{"hour": "1", "usage": 8},
			{"hour": "2", "usage": 4},
			{"hour": "3", "usage": 10},
			{"hour": "4", "usage": 13},
			{"hour": "5", "usage": 36},
			{"hour": "6", "usage": 21},
			{"hour": "7", "usage": 2},
			{"hour": "8", "usage": 33},
			{"hour": "9", "usage": 21},
			{"hour": "10", "usage": 17},
			{"hour": "11", "usage": 17},
			{"hour": "12", "usage": 33},
			{"hour": "13", "usage": 11},
			{"hour": "14", "usage": 29},
			{"hour": "15", "usage": 9},
			{"hour": "16", "usage": 9},
			{"hour": "17", "usage": 20},
			{"hour": "18", "usage": 0},
			{"hour": "19", "usage": 0},
			{"hour": "20", "usage": 0},
			{"hour": "21", "usage": 0},
			{"hour": "22", "usage": 0},
			{"hour": "23", "usage": 1}
		]
	},
	{
		"date": 4,
		"totalTime": 398,
		"details": [
			{"appName": "퓨처파이트", "usage": 84},
			{"appName": "카카오톡", "usage": 66},
			{"appName": "Facebook", "usage": 53},
			{"appName": "삼성 인터넷", "usage": 45},
			{"appName": "YouTube", "usage": 27},
			{"appName": "Samsung Experience 홈", "usage": 25},
			{"appName": "전화", "usage": 19},
			{"appName": "FIFA Mobile", "usage": 15},
			{"appName": "알라미", "usage": 14},
			{"appName": "메시지", "usage": 6},
			{"appName": "시외버스 모바일", "usage": 5},
			{"appName": "Draw It", "usage": 4},
			{"appName": "팝콘티비", "usage": 3},
			{"appName": "Paco", "usage": 3},
			{"appName": "KAIST Library", "usage": 3},
			{"appName": "네이버 지도", "usage": 2},
			{"appName": "SR 고속열차", "usage": 2},
			{"appName": "벅스", "usage": 1},
			{"appName": "네이버TV", "usage": 1},
			{"appName": "KLMS", "usage": 1},
			{"appName": "Instagram", "usage": 1}
		],
		"keys": [
			{"hour": "0", "usage": 10},
			{"hour": "1", "usage": 19},
			{"hour": "2", "usage": 59},
			{"hour": "3", "usage": 12},
			{"hour": "4", "usage": 0},
			{"hour": "5", "usage": 1},
			{"hour": "6", "usage": 14},
			{"hour": "7", "usage": 0},
			{"hour": "8", "usage": 38},
			{"hour": "9", "usage": 36},
			{"hour": "10", "usage": 13},
			{"hour": "11", "usage": 40},
			{"hour": "12", "usage": 34},
			{"hour": "13", "usage": 15},
			{"hour": "14", "usage": 13},
			{"hour": "15", "usage": 16},
			{"hour": "16", "usage": 17},
			{"hour": "17", "usage": 35},
			{"hour": "18", "usage": 19},
			{"hour": "19", "usage": 0},
			{"hour": "20", "usage": 0},
			{"hour": "21", "usage": 0},
			{"hour": "22", "usage": 0},
			{"hour": "23", "usage": 0}
		]
	},
	{
		"date": 5,
		"totalTime": 452,
		"details": [
			{"appName": "카카오톡", "usage": 100},
			{"appName": "Facebook", "usage": 75},
			{"appName": "퓨처파이트", "usage": 74},
			{"appName": "Samsung Experience 홈", "usage": 28},
			{"appName": "네이버TV", "usage": 22},
			{"appName": "팝콘티비", "usage": 17},
			{"appName": "시외버스 모바일", "usage": 17},
			{"appName": "삼성 인터넷", "usage": 17},
			{"appName": "FIFA Mobile", "usage": 15},
			{"appName": "네이버 지도", "usage": 14},
			{"appName": "갤러리", "usage": 10},
			{"appName": "YouTube", "usage": 10},
			{"appName": "전화", "usage": 8},
			{"appName": "벅스", "usage": 8},
			{"appName": "메시지", "usage": 5},
			{"appName": "카메라", "usage": 2},
			{"appName": "알라미", "usage": 2},
			{"appName": "삼성앱카드", "usage": 2},
			{"appName": "비디오 플레이어", "usage": 2},
			{"appName": "Paco", "usage": 2},
			{"appName": "Instagram", "usage": 2},
			{"appName": "설정", "usage": 1},
			{"appName": "SODA", "usage": 1},
			{"appName": "Polar Beat", "usage": 1},
			{"appName": "Photo Wonder", "usage": 1}
		],
		"keys": [
			{"hour": "0", "usage": 11},
			{"hour": "1", "usage": 4},
			{"hour": "2", "usage": 12},
			{"hour": "3", "usage": 28},
			{"hour": "4", "usage": 26},
			{"hour": "5", "usage": 10},
			{"hour": "6", "usage": 7},
			{"hour": "7", "usage": 3},
			{"hour": "8", "usage": 18},
			{"hour": "9", "usage": 17},
			{"hour": "10", "usage": 3},
			{"hour": "11", "usage": 25},
			{"hour": "12", "usage": 25},
			{"hour": "13", "usage": 46},
			{"hour": "14", "usage": 47},
			{"hour": "15", "usage": 55},
			{"hour": "16", "usage": 59},
			{"hour": "17", "usage": 46},
			{"hour": "18", "usage": 0},
			{"hour": "19", "usage": 0},
			{"hour": "20", "usage": 0},
			{"hour": "21", "usage": 0},
			{"hour": "22", "usage": 0},
			{"hour": "23", "usage": 0}
		]
	},
	{
		"date": 6,
		"totalTime": 443,
		"details": [
			{"appName": "퓨처파이트", "usage": 84},
			{"appName": "Facebook", "usage": 64},
			{"appName": "카카오톡", "usage": 59},
			{"appName": "팝콘티비", "usage": 52},
			{"appName": "삼성 인터넷", "usage": 47},
			{"appName": "Samsung Experience 홈", "usage": 31},
			{"appName": "네이버 지도", "usage": 26},
			{"appName": "YouTube", "usage": 25},
			{"appName": "FIFA Mobile", "usage": 10},
			{"appName": "시외버스 모바일", "usage": 5},
			{"appName": "벅스", "usage": 5},
			{"appName": "카메라", "usage": 3},
			{"appName": "갤러리", "usage": 3},
			{"appName": "카카오맵", "usage": 2},
			{"appName": "전화", "usage": 2},
			{"appName": "원터치개인", "usage": 1},
			{"appName": "알라미", "usage": 1},
			{"appName": "설정", "usage": 1},
			{"appName": "삼성앱카드", "usage": 1},
			{"appName": "메시지", "usage": 1},
			{"appName": "SODA", "usage": 1},
			{"appName": "Messenger", "usage": 1},
			{"appName": "Instagram", "usage": 1}
		],
		"keys": [
			{"hour": "0", "usage": 0},
			{"hour": "1", "usage": 0},
			{"hour": "2", "usage": 16},
			{"hour": "3", "usage": 26},
			{"hour": "4", "usage": 51},
			{"hour": "5", "usage": 18},
			{"hour": "6", "usage": 5},
			{"hour": "7", "usage": 29},
			{"hour": "8", "usage": 17},
			{"hour": "9", "usage": 20},
			{"hour": "10", "usage": 18},
			{"hour": "11", "usage": 5},
			{"hour": "12", "usage": 1},
			{"hour": "13", "usage": 23},
			{"hour": "14", "usage": 15},
			{"hour": "15", "usage": 32},
			{"hour": "16", "usage": 58},
			{"hour": "17", "usage": 55},
			{"hour": "18", "usage": 43},
			{"hour": "19", "usage": 0},
			{"hour": "20", "usage": 0},
			{"hour": "21", "usage": 0},
			{"hour": "22", "usage": 0},
			{"hour": "23", "usage": 0}
		]
	},
	{
		"date": 7,
		"totalTime": 164,
		"details": [
			{"appName": "Facebook", "usage": 34},
			{"appName": "카카오톡", "usage": 22},
			{"appName": "YouTube", "usage": 21},
			{"appName": "Samsung Experience 홈", "usage": 20},
			{"appName": "퓨처파이트", "usage": 14},
			{"appName": "삼성 인터넷", "usage": 9},
			{"appName": "네이버 지도", "usage": 8},
			{"appName": "시외버스 모바일", "usage": 7},
			{"appName": "알파카", "usage": 3},
			{"appName": "카카오 T", "usage": 2},
			{"appName": "벅스", "usage": 2},
			{"appName": "팝콘티비", "usage": 1},
			{"appName": "전화", "usage": 1},
			{"appName": "알라미", "usage": 1},
			{"appName": "메시지", "usage": 1},
			{"appName": "Photo Wonder", "usage": 1},
			{"appName": "Paco", "usage": 1},
			{"appName": "Instagram", "usage": 1}
		],
		"keys": [
			{"hour": "0", "usage": 0},
			{"hour": "1", "usage": 0},
			{"hour": "2", "usage": 1},
			{"hour": "3", "usage": 15},
			{"hour": "4", "usage": 26},
			{"hour": "5", "usage": 4},
			{"hour": "6", "usage": 32},
			{"hour": "7", "usage": 0},
			{"hour": "8", "usage": 16},
			{"hour": "9", "usage": 42},
			{"hour": "10", "usage": 22},
			{"hour": "11", "usage": 0},
			{"hour": "12", "usage": 0},
			{"hour": "13", "usage": 0},
			{"hour": "14", "usage": 0},
			{"hour": "15", "usage": 0},
			{"hour": "16", "usage": 0},
			{"hour": "17", "usage": 0},
			{"hour": "18", "usage": 0},
			{"hour": "19", "usage": 0},
			{"hour": "20", "usage": 0},
			{"hour": "21", "usage": 0},
			{"hour": "22", "usage": 0},
			{"hour": "23", "usage": 0}
		]
	}
]
