[
	{
		"date": 1,
		"totalTime": 1348,
		"details": [
			{"appName": "시스템 UI", "usage": 1070},
			{"appName": "삼성 인터넷", "usage": 90},
			{"appName": "YouTube", "usage": 53},
			{"appName": "One UI 홈", "usage": 30},
			{"appName": "코레일톡", "usage": 22},
			{"appName": "카카오톡", "usage": 15},
			{"appName": "Twitch", "usage": 11},
			{"appName": "Paco", "usage": 9},
			{"appName": "통화", "usage": 7},
			{"appName": "Polar Beat", "usage": 5},
			{"appName": "Microsoft Health", "usage": 4},
			{"appName": "설정", "usage": 3},
			{"appName": "KB국민카드", "usage": 3},
			{"appName": "KB스타뱅킹", "usage": 2},
			{"appName": "전화", "usage": 1},
			{"appName": "메시지", "usage": 1},
			{"appName": "마이 케이티", "usage": 1},
			{"appName": "네이버 웹툰", "usage": 1},
			{"appName": "계산기", "usage": 1},
			{"appName": "SR 고속열차", "usage": 1},
			{"appName": "Logger", "usage": 1},
			{"appName": "Gmail", "usage": 1}
		],
		"keys": [
			{"hour": "0", "usage": 40},
			{"hour": "1", "usage": 8},
			{"hour": "2", "usage": 5},
			{"hour": "3", "usage": 10},
			{"hour": "4", "usage": 20},
			{"hour": "5", "usage": 0},
			{"hour": "6", "usage": 4},
			{"hour": "7", "usage": 12},
			{"hour": "8", "usage": 10},
			{"hour": "9", "usage": 6},
			{"hour": "10", "usage": 11},
			{"hour": "11", "usage": 17},
			{"hour": "12", "usage": 11},
			{"hour": "13", "usage": 26},
			{"hour": "14", "usage": 4},
			{"hour": "15", "usage": 24},
			{"hour": "16", "usage": 44},
			{"hour": "17", "usage": 0},
			{"hour": "18", "usage": 0},
			{"hour": "19", "usage": 0},
			{"hour": "20", "usage": 0},
			{"hour": "21", "usage": 0},
			{"hour": "22", "usage": 0},
			{"hour": "23", "usage": 14}
		]
	},
	{
		"date": 2,
		"totalTime": 668,
		"details": [
			{"appName": "시스템 UI", "usage": 211},
			{"appName": "YouTube", "usage": 158},
			{"appName": "삼성 인터넷", "usage": 132},
			{"appName": "Twitch", "usage": 40},
			{"appName": "카카오톡", "usage": 36},
			{"appName": "Paco", "usage": 22},
			{"appName": "One UI 홈", "usage": 18},
			{"appName": "KB스타뱅킹", "usage": 6},
			{"appName": "통화", "usage": 5},
			{"appName": "KB국민카드", "usage": 5},
			{"appName": "코레일톡", "usage": 3},
			{"appName": "설정", "usage": 3},
			{"appName": "네이버 웹툰", "usage": 2},
			{"appName": "계산기", "usage": 2},
			{"appName": "Polar Beat", "usage": 2},
			{"appName": "Microsoft Health", "usage": 2},
			{"appName": "Logger", "usage": 2},
			{"appName": "메시지", "usage": 1},
			{"appName": "KB스타알림", "usage": 1}
		],
		"keys": [
			{"hour": "0", "usage": 39},
			{"hour": "1", "usage": 14},
			{"hour": "2", "usage": 13},
			{"hour": "3", "usage": 2},
			{"hour": "4", "usage": 11},
			{"hour": "5", "usage": 11},
			{"hour": "6", "usage": 18},
			{"hour": "7", "usage": 67},
			{"hour": "8", "usage": 68},
			{"hour": "9", "usage": 61},
			{"hour": "10", "usage": 30},
			{"hour": "11", "usage": 17},
			{"hour": "12", "usage": 2},
			{"hour": "13", "usage": 49},
			{"hour": "14", "usage": 43},
			{"hour": "15", "usage": 70},
			{"hour": "16", "usage": 38},
			{"hour": "17", "usage": 0},
			{"hour": "18", "usage": 0},
			{"hour": "19", "usage": 0},
			{"hour": "20", "usage": 0},
			{"hour": "21", "usage": 0},
			{"hour": "22", "usage": 5},
			{"hour": "23", "usage": 50}
		]
	},
	{
		"date": 3,
		"totalTime": 838,
		"details": [
			{"appName": "시스템 UI", "usage": 467},
			{"appName": "삼성 인터넷", "usage": 149},
			{"appName": "YouTube", "usage": 95},
			{"appName": "One UI 홈", "usage": 28},
			{"appName": "Twitch", "usage": 22},
			{"appName": "RX TIMER", "usage": 18},
			{"appName": "네이버 웹툰", "usage": 10},
			{"appName": "카카오톡", "usage": 7},
			{"appName": "Paco", "usage": 7},
			{"appName": "BAND", "usage": 4},
			{"appName": "YouTube Music", "usage": 3},
			{"appName": "Gmail", "usage": 3},
			{"appName": "Evernote", "usage": 3},
			{"appName": "시계", "usage": 2},
			{"appName": "설정", "usage": 2},
			{"appName": "KB국민카드", "usage": 2},
			{"appName": "메시지", "usage": 1},
			{"appName": "Logger", "usage": 1}
		],
		"keys": [
			{"hour": "0", "usage": 35},
			{"hour": "1", "usage": 2},
			{"hour": "2", "usage": 15},
			{"hour": "3", "usage": 11},
			{"hour": "4", "usage": 18},
			{"hour": "5", "usage": 5},
			{"hour": "6", "usage": 11},
			{"hour": "7", "usage": 4},
			{"hour": "8", "usage": 6},
			{"hour": "9", "usage": 13},
			{"hour": "10", "usage": 11},
			{"hour": "11", "usage": 0},
			{"hour": "12", "usage": 2},
			{"hour": "13", "usage": 26},
			{"hour": "14", "usage": 49},
			{"hour": "15", "usage": 92},
			{"hour": "16", "usage": 73},
			{"hour": "17", "usage": 60},
			{"hour": "18", "usage": 60},
			{"hour": "19", "usage": 60},
			{"hour": "20", "usage": 65},
			{"hour": "21", "usage": 87},
			{"hour": "22", "usage": 62},
			{"hour": "23", "usage": 7}
		]
	},
	{
		"date": 4,
		"totalTime": 368,
		"details": [
			{"appName": "YouTube", "usage": 135},
			{"appName": "삼성 인터넷", "usage": 113},
			{"appName": "One UI 홈", "usage": 47},
			{"appName": "카카오톡", "usage": 17},
			{"appName": "YouTube Music", "usage": 8},
			{"appName": "Paco", "usage": 8},
			{"appName": "Evernote", "usage": 5},
			{"appName": "카메라", "usage": 4},
			{"appName": "시스템 UI", "usage": 4},
			{"appName": "설정", "usage": 2},
			{"appName": "메시지", "usage": 2},
			{"appName": "Polar Beat", "usage": 2},
			{"appName": "Papago", "usage": 2},
			{"appName": "BAND", "usage": 2},
			{"appName": "통화", "usage": 1},
			{"appName": "코레일톡", "usage": 1},
			{"appName": "네이버 지도", "usage": 1},
			{"appName": "네이버 웹툰", "usage": 1}
		],
		"keys": [
			{"hour": "0", "usage": 15},
			{"hour": "1", "usage": 23},
			{"hour": "2", "usage": 2},
			{"hour": "3", "usage": 5},
			{"hour": "4", "usage": 11},
			{"hour": "5", "usage": 13},
			{"hour": "6", "usage": 28},
			{"hour": "7", "usage": 9},
			{"hour": "8", "usage": 15},
			{"hour": "9", "usage": 6},
			{"hour": "10", "usage": 43},
			{"hour": "11", "usage": 36},
			{"hour": "12", "usage": 40},
			{"hour": "13", "usage": 59},
			{"hour": "14", "usage": 28},
			{"hour": "15", "usage": 0},
			{"hour": "16", "usage": 0},
			{"hour": "17", "usage": 0},
			{"hour": "18", "usage": 0},
			{"hour": "19", "usage": 0},
			{"hour": "20", "usage": 0},
			{"hour": "21", "usage": 0},
			{"hour": "22", "usage": 2},
			{"hour": "23", "usage": 22}
		]
	},
	{
		"date": 5,
		"totalTime": 1429,
		"details": [
			{"appName": "시스템 UI", "usage": 1137},
			{"appName": "삼성 인터넷", "usage": 134},
			{"appName": "YouTube", "usage": 71},
			{"appName": "One UI 홈", "usage": 14},
			{"appName": "카카오톡", "usage": 13},
			{"appName": "네이버 지도", "usage": 13},
			{"appName": "Twitch", "usage": 9},
			{"appName": "통화", "usage": 6},
			{"appName": "Paco", "usage": 6},
			{"appName": "갤러리", "usage": 3},
			{"appName": "YouTube Music", "usage": 3},
			{"appName": "카메라", "usage": 1},
			{"appName": "전화", "usage": 1},
			{"appName": "계산기", "usage": 1},
			{"appName": "Polar Beat", "usage": 1},
			{"appName": "KB국민카드", "usage": 1},
			{"appName": "BAND", "usage": 1}
		],
		"keys": [
			{"hour": "0", "usage": 30},
			{"hour": "1", "usage": 26},
			{"hour": "2", "usage": 32},
			{"hour": "3", "usage": 1},
			{"hour": "4", "usage": 15},
			{"hour": "5", "usage": 83},
			{"hour": "6", "usage": 70},
			{"hour": "7", "usage": 78},
			{"hour": "8", "usage": 77},
			{"hour": "9", "usage": 65},
			{"hour": "10", "usage": 66},
			{"hour": "11", "usage": 65},
			{"hour": "12", "usage": 67},
			{"hour": "13", "usage": 86},
			{"hour": "14", "usage": 86},
			{"hour": "15", "usage": 84},
			{"hour": "16", "usage": 60},
			{"hour": "17", "usage": 60},
			{"hour": "18", "usage": 60},
			{"hour": "19", "usage": 60},
			{"hour": "20", "usage": 60},
			{"hour": "21", "usage": 60},
			{"hour": "22", "usage": 60},
			{"hour": "23", "usage": 40}
		]
	},
	{
		"date": 6,
		"totalTime": 940,
		"details": [
			{"appName": "시스템 UI", "usage": 504},
			{"appName": "삼성 인터넷", "usage": 173},
			{"appName": "YouTube", "usage": 103},
			{"appName": "네이버 웹툰", "usage": 55},
			{"appName": "One UI 홈", "usage": 22},
			{"appName": "카카오톡", "usage": 20},
			{"appName": "Gmail", "usage": 9},
			{"appName": "마이 케이티", "usage": 8},
			{"appName": "Paco", "usage": 6},
			{"appName": "KB국민카드", "usage": 6},
			{"appName": "YouTube Music", "usage": 4},
			{"appName": "통화", "usage": 3},
			{"appName": "코레일톡", "usage": 3},
			{"appName": "시계", "usage": 2},
			{"appName": "설정", "usage": 1},
			{"appName": "갤러리", "usage": 1},
			{"appName": "Twitch", "usage": 1},
			{"appName": "Polar Beat", "usage": 1},
			{"appName": "", "usage": 1}
		],
		"keys": [
			{"hour": "0", "usage": 26},
			{"hour": "1", "usage": 6},
			{"hour": "2", "usage": 4},
			{"hour": "3", "usage": 15},
			{"hour": "4", "usage": 76},
			{"hour": "5", "usage": 61},
			{"hour": "6", "usage": 59},
			{"hour": "7", "usage": 4},
			{"hour": "8", "usage": 23},
			{"hour": "9", "usage": 2},
			{"hour": "10", "usage": 27},
			{"hour": "11", "usage": 0},
			{"hour": "12", "usage": 34},
			{"hour": "13", "usage": 35},
			{"hour": "14", "usage": 11},
			{"hour": "15", "usage": 99},
			{"hour": "16", "usage": 67},
			{"hour": "17", "usage": 60},
			{"hour": "18", "usage": 60},
			{"hour": "19", "usage": 60},
			{"hour": "20", "usage": 67},
			{"hour": "21", "usage": 53},
			{"hour": "22", "usage": 42},
			{"hour": "23", "usage": 39}
		]
	},
	{
		"date": 7,
		"totalTime": 1243,
		"details": [
			{"appName": "시스템 UI", "usage": 1023},
			{"appName": "삼성 인터넷", "usage": 93},
			{"appName": "YouTube", "usage": 27},
			{"appName": "One UI 홈", "usage": 22},
			{"appName": "시계", "usage": 14},
			{"appName": "카카오톡", "usage": 7},
			{"appName": "Twitch", "usage": 6},
			{"appName": "Gmail", "usage": 6},
			{"appName": "통화", "usage": 5},
			{"appName": "Paco", "usage": 5},
			{"appName": "포토", "usage": 4},
			{"appName": "카메라", "usage": 4},
			{"appName": "RX TIMER", "usage": 4},
			{"appName": "갤러리", "usage": 3},
			{"appName": "메시지", "usage": 2},
			{"appName": "Polar Beat", "usage": 2},
			{"appName": "토스", "usage": 1},
			{"appName": "마이 케이티", "usage": 1},
			{"appName": "KB국민카드", "usage": 1}
		],
		"keys": [
			{"hour": "0", "usage": 21},
			{"hour": "1", "usage": 15},
			{"hour": "2", "usage": 20},
			{"hour": "3", "usage": 21},
			{"hour": "4", "usage": 5},
			{"hour": "5", "usage": 24},
			{"hour": "6", "usage": 26},
			{"hour": "7", "usage": 35},
			{"hour": "8", "usage": 3},
			{"hour": "9", "usage": 5},
			{"hour": "10", "usage": 12},
			{"hour": "11", "usage": 22},
			{"hour": "12", "usage": 3},
			{"hour": "13", "usage": 0},
			{"hour": "14", "usage": 0},
			{"hour": "15", "usage": 0},
			{"hour": "16", "usage": 0},
			{"hour": "17", "usage": 0},
			{"hour": "18", "usage": 0},
			{"hour": "19", "usage": 0},
			{"hour": "20", "usage": 0},
			{"hour": "21", "usage": 0},
			{"hour": "22", "usage": 0},
			{"hour": "23", "usage": 0}
		]
	}
]
