[
	{
		"date": 1,
		"totalTime": 185,
		"details": [
			{"appName": "카카오톡", "usage": 26},
			{"appName": "네이버 웹툰", "usage": 25},
			{"appName": "T전화", "usage": 19},
			{"appName": "Chrome", "usage": 17},
			{"appName": "기본홈", "usage": 16},
			{"appName": "Instagram", "usage": 16},
			{"appName": "Polar Beat", "usage": 11},
			{"appName": "메시지", "usage": 8},
			{"appName": "한컴오피스 viewer", "usage": 7},
			{"appName": "Facebook", "usage": 7},
			{"appName": "Paco", "usage": 6},
			{"appName": "배달의민족", "usage": 3},
			{"appName": "프레젠테이션", "usage": 2},
			{"appName": "Melon", "usage": 2},
			{"appName": "쿠팡", "usage": 1},
			{"appName": "접근성", "usage": 1},
			{"appName": "알라미", "usage": 1},
			{"appName": "드라이브", "usage": 1},
			{"appName": "Microsoft Band", "usage": 1}
		],
		"keys": [
			{"hour": "0", "usage": 17},
			{"hour": "1", "usage": 6},
			{"hour": "2", "usage": 19},
			{"hour": "3", "usage": 7},
			{"hour": "4", "usage": 11},
			{"hour": "5", "usage": 3},
			{"hour": "6", "usage": 19},
			{"hour": "7", "usage": 20},
			{"hour": "8", "usage": 12},
			{"hour": "9", "usage": 4},
			{"hour": "10", "usage": 6},
			{"hour": "11", "usage": 7},
			{"hour": "12", "usage": 12},
			{"hour": "13", "usage": 1},
			{"hour": "14", "usage": 0},
			{"hour": "15", "usage": 29},
			{"hour": "16", "usage": 0},
			{"hour": "17", "usage": 0},
			{"hour": "18", "usage": 0},
			{"hour": "19", "usage": 0},
			{"hour": "20", "usage": 0},
			{"hour": "21", "usage": 0},
			{"hour": "22", "usage": 0},
			{"hour": "23", "usage": 5}
		]
	},
	{
		"date": 2,
		"totalTime": 286,
		"details": [
			{"appName": "Chrome", "usage": 41},
			{"appName": "카카오톡", "usage": 38},
			{"appName": "Facebook", "usage": 35},
			{"appName": "Instagram", "usage": 32},
			{"appName": "네이버 웹툰", "usage": 24},
			{"appName": "Polar Beat", "usage": 19},
			{"appName": "쿠팡", "usage": 13},
			{"appName": "기본홈", "usage": 12},
			{"appName": "음악", "usage": 11},
			{"appName": "메시지", "usage": 8},
			{"appName": "T전화", "usage": 4},
			{"appName": "프레젠테이션", "usage": 3},
			{"appName": "원터치알림", "usage": 3},
			{"appName": "설정", "usage": 3},
			{"appName": "드라이브", "usage": 3},
			{"appName": "T world", "usage": 3},
			{"appName": "Paco", "usage": 3},
			{"appName": "Melon", "usage": 3},
			{"appName": "Bluetooth", "usage": 3},
			{"appName": "원터치개인", "usage": 2},
			{"appName": "패키지 설치 프로그램", "usage": 1},
			{"appName": "접근성", "usage": 1},
			{"appName": "네이버 카페", "usage": 1},
			{"appName": "Wi-Fi", "usage": 1},
			{"appName": "Microsoft Band", "usage": 1}
		],
		"keys": [
			{"hour": "0", "usage": 43},
			{"hour": "1", "usage": 6},
			{"hour": "2", "usage": 24},
			{"hour": "3", "usage": 12},
			{"hour": "4", "usage": 5},
			{"hour": "5", "usage": 14},
			{"hour": "6", "usage": 12},
			{"hour": "7", "usage": 8},
			{"hour": "8", "usage": 5},
			{"hour": "9", "usage": 5},
			{"hour": "10", "usage": 6},
			{"hour": "11", "usage": 16},
			{"hour": "12", "usage": 20},
			{"hour": "13", "usage": 11},
			{"hour": "14", "usage": 40},
			{"hour": "15", "usage": 35},
			{"hour": "16", "usage": 8},
			{"hour": "17", "usage": 0},
			{"hour": "18", "usage": 0},
			{"hour": "19", "usage": 0},
			{"hour": "20", "usage": 0},
			{"hour": "21", "usage": 0},
			{"hour": "22", "usage": 0},
			{"hour": "23", "usage": 7}
		]
	},
	{
		"date": 3,
		"totalTime": 311,
		"details": [
			{"appName": "YouTube", "usage": 78},
			{"appName": "Chrome", "usage": 41},
			{"appName": "카카오톡", "usage": 37},
			{"appName": "Facebook", "usage": 30},
			{"appName": "네이버 웹툰", "usage": 29},
			{"appName": "Instagram", "usage": 21},
			{"appName": "스프레드시트", "usage": 13},
			{"appName": "T전화", "usage": 13},
			{"appName": "기본홈", "usage": 10},
			{"appName": "쿠팡", "usage": 5},
			{"appName": "드라이브", "usage": 5},
			{"appName": "Melon", "usage": 5},
			{"appName": "메시지", "usage": 3},
			{"appName": "Polaris Office", "usage": 3},
			{"appName": "국세청 홈택스", "usage": 2},
			{"appName": "Polar Beat", "usage": 2},
			{"appName": "Paco", "usage": 2},
			{"appName": "Google", "usage": 1}
		],
		"keys": [
			{"hour": "0", "usage": 42},
			{"hour": "1", "usage": 21},
			{"hour": "2", "usage": 10},
			{"hour": "3", "usage": 8},
			{"hour": "4", "usage": 1},
			{"hour": "5", "usage": 0},
			{"hour": "6", "usage": 1},
			{"hour": "7", "usage": 0},
			{"hour": "8", "usage": 14},
			{"hour": "9", "usage": 6},
			{"hour": "10", "usage": 19},
			{"hour": "11", "usage": 25},
			{"hour": "12", "usage": 43},
			{"hour": "13", "usage": 25},
			{"hour": "14", "usage": 31},
			{"hour": "15", "usage": 6},
			{"hour": "16", "usage": 16},
			{"hour": "17", "usage": 0},
			{"hour": "18", "usage": 0},
			{"hour": "19", "usage": 0},
			{"hour": "20", "usage": 0},
			{"hour": "21", "usage": 0},
			{"hour": "22", "usage": 8},
			{"hour": "23", "usage": 27}
		]
	},
	{
		"date": 4,
		"totalTime": 283,
		"details": [
			{"appName": "Facebook", "usage": 54},
			{"appName": "카카오톡", "usage": 36},
			{"appName": "쿠팡", "usage": 26},
			{"appName": "네이버 웹툰", "usage": 25},
			{"appName": "Instagram", "usage": 24},
			{"appName": "Polar Beat", "usage": 23},
			{"appName": "T전화", "usage": 18},
			{"appName": "Chrome", "usage": 15},
			{"appName": "기본홈", "usage": 12},
			{"appName": "네이버 카페", "usage": 9},
			{"appName": "알람/시계", "usage": 5},
			{"appName": "YouTube", "usage": 5},
			{"appName": "Paco", "usage": 5},
			{"appName": "MX 플레이어", "usage": 4},
			{"appName": "카메라", "usage": 2},
			{"appName": "메시지", "usage": 2},
			{"appName": "접근성", "usage": 1},
			{"appName": "알라미", "usage": 1},
			{"appName": "시스템 UI", "usage": 1},
			{"appName": "미세미세", "usage": 1},
			{"appName": "AhnLab V3 Mobile Plus 2.0", "usage": 1}
		],
		"keys": [
			{"hour": "0", "usage": 34},
			{"hour": "1", "usage": 4},
			{"hour": "2", "usage": 6},
			{"hour": "3", "usage": 11},
			{"hour": "4", "usage": 8},
			{"hour": "5", "usage": 9},
			{"hour": "6", "usage": 19},
			{"hour": "7", "usage": 18},
			{"hour": "8", "usage": 17},
			{"hour": "9", "usage": 6},
			{"hour": "10", "usage": 14},
			{"hour": "11", "usage": 7},
			{"hour": "12", "usage": 18},
			{"hour": "13", "usage": 7},
			{"hour": "14", "usage": 56},
			{"hour": "15", "usage": 39},
			{"hour": "16", "usage": 0},
			{"hour": "17", "usage": 0},
			{"hour": "18", "usage": 0},
			{"hour": "19", "usage": 0},
			{"hour": "20", "usage": 0},
			{"hour": "21", "usage": 0},
			{"hour": "22", "usage": 0},
			{"hour": "23", "usage": 0}
		]
	},
	{
		"date": 5,
		"totalTime": 375,
		"details": [
			{"appName": "Facebook", "usage": 117},
			{"appName": "Instagram", "usage": 53},
			{"appName": "YouTube", "usage": 38},
			{"appName": "T map", "usage": 33},
			{"appName": "카카오톡", "usage": 29},
			{"appName": "Chrome", "usage": 27},
			{"appName": "T전화", "usage": 17},
			{"appName": "네이트", "usage": 16},
			{"appName": "네이버 웹툰", "usage": 11},
			{"appName": "기본홈", "usage": 9},
			{"appName": "Melon", "usage": 8},
			{"appName": "Paco", "usage": 4},
			{"appName": "미세미세", "usage": 2},
			{"appName": "쿠팡", "usage": 1},
			{"appName": "MX 플레이어", "usage": 1}
		],
		"keys": [
			{"hour": "0", "usage": 4},
			{"hour": "1", "usage": 16},
			{"hour": "2", "usage": 0},
			{"hour": "3", "usage": 31},
			{"hour": "4", "usage": 14},
			{"hour": "5", "usage": 26},
			{"hour": "6", "usage": 24},
			{"hour": "7", "usage": 21},
			{"hour": "8", "usage": 8},
			{"hour": "9", "usage": 51},
			{"hour": "10", "usage": 29},
			{"hour": "11", "usage": 27},
			{"hour": "12", "usage": 12},
			{"hour": "13", "usage": 22},
			{"hour": "14", "usage": 13},
			{"hour": "15", "usage": 33},
			{"hour": "16", "usage": 15},
			{"hour": "17", "usage": 22},
			{"hour": "18", "usage": 0},
			{"hour": "19", "usage": 0},
			{"hour": "20", "usage": 0},
			{"hour": "21", "usage": 0},
			{"hour": "22", "usage": 0},
			{"hour": "23", "usage": 0}
		]
	},
	{
		"date": 6,
		"totalTime": 320,
		"details": [
			{"appName": "Facebook", "usage": 63},
			{"appName": "네이버 웹툰", "usage": 58},
			{"appName": "Instagram", "usage": 37},
			{"appName": "T map", "usage": 33},
			{"appName": "Chrome", "usage": 29},
			{"appName": "기본홈", "usage": 24},
			{"appName": "카카오톡", "usage": 22},
			{"appName": "T전화", "usage": 18},
			{"appName": "쿠팡", "usage": 7},
			{"appName": "와디즈", "usage": 6},
			{"appName": "Paco", "usage": 5},
			{"appName": "네이버 카페", "usage": 3},
			{"appName": "접근성", "usage": 2},
			{"appName": "Melon", "usage": 2},
			{"appName": "네트워크", "usage": 1},
			{"appName": "MX 플레이어", "usage": 1}
		],
		"keys": [
			{"hour": "0", "usage": 0},
			{"hour": "1", "usage": 26},
			{"hour": "2", "usage": 12},
			{"hour": "3", "usage": 21},
			{"hour": "4", "usage": 8},
			{"hour": "5", "usage": 6},
			{"hour": "6", "usage": 32},
			{"hour": "7", "usage": 38},
			{"hour": "8", "usage": 4},
			{"hour": "9", "usage": 18},
			{"hour": "10", "usage": 15},
			{"hour": "11", "usage": 27},
			{"hour": "12", "usage": 3},
			{"hour": "13", "usage": 12},
			{"hour": "14", "usage": 5},
			{"hour": "15", "usage": 15},
			{"hour": "16", "usage": 51},
			{"hour": "17", "usage": 16},
			{"hour": "18", "usage": 0},
			{"hour": "19", "usage": 0},
			{"hour": "20", "usage": 0},
			{"hour": "21", "usage": 0},
			{"hour": "22", "usage": 0},
			{"hour": "23", "usage": 0}
		]
	},
	{
		"date": 7,
		"totalTime": 258,
		"details": [
			{"appName": "Facebook", "usage": 149},
			{"appName": "Instagram", "usage": 46},
			{"appName": "카카오톡", "usage": 17},
			{"appName": "Chrome", "usage": 9},
			{"appName": "기본홈", "usage": 6},
			{"appName": "YouTube", "usage": 4},
			{"appName": "Paco", "usage": 4},
			{"appName": "Melon", "usage": 4},
			{"appName": "네이버 웹툰", "usage": 3},
			{"appName": "쿠팡", "usage": 2},
			{"appName": "메시지", "usage": 2},
			{"appName": "T전화", "usage": 2},
			{"appName": "와디즈", "usage": 1},
			{"appName": "T멤버십", "usage": 1}
		],
		"keys": [
			{"hour": "0", "usage": 0},
			{"hour": "1", "usage": 30},
			{"hour": "2", "usage": 59},
			{"hour": "3", "usage": 10},
			{"hour": "4", "usage": 55},
			{"hour": "5", "usage": 7},
			{"hour": "6", "usage": 11},
			{"hour": "7", "usage": 6},
			{"hour": "8", "usage": 4},
			{"hour": "9", "usage": 9},
			{"hour": "10", "usage": 9},
			{"hour": "11", "usage": 16},
			{"hour": "12", "usage": 18},
			{"hour": "13", "usage": 19},
			{"hour": "14", "usage": 0},
			{"hour": "15", "usage": 0},
			{"hour": "16", "usage": 0},
			{"hour": "17", "usage": 0},
			{"hour": "18", "usage": 0},
			{"hour": "19", "usage": 0},
			{"hour": "20", "usage": 0},
			{"hour": "21", "usage": 0},
			{"hour": "22", "usage": 0},
			{"hour": "23", "usage": 0}
		]
	}
]
